{
"type": "FeatureCollection",
"name": "regions",
"crs": { "type": "name", "properties": { "name": "urn:ogc:def:crs:OGC:1.3:CRS84" } },
"features": [
{ "type": "Feature", "properties": { "NAME": "Queen Maud Mountains", "FEATURECLA": "Range/mtn", "SCALERANK": 2 }, "geometry": { "type": "Polygon", "coordinates": [ [ [ 180.0, -86.958917634707902 ], [ 177.493662956646318, -86.676081918292056 ], [ 171.564725309696058, -86.304394214780501 ], [ 171.564463737896205, -86.304377816729584 ], [ 171.564417846152224, -86.304356293239479 ], [ 168.401866081646205, -84.821101449542056 ], [ 171.258799675396205, -83.678401254229556 ], [ 179.999856463800228, -84.378826447962808 ], [ 180.0, -84.378837949589297 ], [ 180.0, -86.043956043956058 ], [ 180.0, -86.958917634707902 ] ] ] } },
{ "type": "Feature", "properties": { "NAME": "Queen Alexandra Range", "FEATURECLA": "Range/mtn", "SCALERANK": 4 }, "geometry": { "type": "Polygon", "coordinates": [ [ [ 168.401866081646205, -84.821101449542056 ], [ 167.121958855083705, -84.747248910479527 ], [ 164.949961784771205, -84.725276254229584 ], [ 164.023081901958705, -84.40569617610457 ], [ 165.043589714458705, -83.862481378130894 ], [ 165.043589714458705, -83.86248328547957 ], [ 166.065440300396261, -83.545832894854541 ], [ 167.424204948833761, -83.478694222979541 ], [ 171.258799675396205, -83.678401254229556 ], [ 168.401866081646205, -84.821101449542056 ] ] ] } },
{ "type": "Feature", "properties": { "NAME": "Shackleton Coast", "FEATURECLA": "Coast", "SCALERANK": 3 }, "geometry": { "type": "Polygon", "coordinates": [ [ [ 161.291636589458761, -83.791560433917013 ], [ 159.250010612896261, -82.958308480792084 ], [ 158.531626823833705, -80.457698129229584 ], [ 158.927467678006991, -80.437216882801337 ], [ 159.065136718750068, -80.442578124999955 ], [ 160.542187500000068, -80.425 ], [ 160.637304687500091, -80.449902343749955 ], [ 160.603320312500045, -80.507617187499989 ], [ 160.521289062500045, -80.583398437499966 ], [ 160.601367187500045, -80.636523437500045 ], [ 160.823242187500114, -80.674023437499955 ], [ 160.830273437500068, -80.729882812499966 ], [ 160.720019531250045, -80.753125 ], [ 160.502539062499977, -80.779296875 ], [ 160.260156250000136, -80.78671874999992 ], [ 160.275781250000136, -80.846777343749977 ], [ 160.607226562500159, -80.901171875000045 ], [ 160.716796875000114, -80.907421875000011 ], [ 160.727929687500023, -81.11289062499992 ], [ 160.716699218750023, -81.199609375000023 ], [ 160.540039062500114, -81.24169921875 ], [ 160.478613281250091, -81.270117187499977 ], [ 160.469824218750091, -81.340625 ], [ 160.907812500000091, -81.390234374999977 ], [ 161.582128906249977, -81.609765625000023 ], [ 161.730175781250068, -81.610449218749977 ], [ 161.754541527602271, -81.614350601566571 ], [ 162.576322937106028, -81.831881785772907 ], [ 162.576660156250114, -81.83203125 ], [ 162.577142024149595, -81.832098603739936 ], [ 162.84334170591319, -81.902563488123675 ], [ 162.854394531250023, -81.920703125000045 ], [ 163.004296875000023, -81.968945312500011 ], [ 163.602343750000159, -82.12060546875 ], [ 163.680078125000023, -82.187304687500045 ], [ 162.426562500000045, -82.314453124999943 ], [ 161.16650390625, -82.407812499999977 ], [ 161.283203125, -82.489941406250011 ], [ 162.64375, -82.481542968749977 ], [ 163.011816406250091, -82.534960937499989 ], [ 163.174707031250023, -82.518945312500023 ], [ 163.2685546875, -82.463281249999966 ], [ 164.001367187500136, -82.396777343750045 ], [ 164.585055691677809, -82.363607144612516 ], [ 165.230113151958761, -82.534358285479541 ], [ 166.624156120708705, -82.796565316729584 ], [ 166.624151255708938, -82.796573092524611 ], [ 166.305674675396205, -83.305598519854541 ], [ 165.043589714458705, -83.86248328547957 ], [ 164.023081901958705, -84.40569617610457 ], [ 161.291636589458761, -83.791560433917013 ] ] ] } },
{ "type": "Feature", "properties": { "NAME": "Transantarctic Mountains", "FEATURECLA": "Range/mtn", "SCALERANK": 1 }, "geometry": { "type": "Polygon", "coordinates": [ [ [ 180.0, -86.958917634707902 ], [ 177.493662956646318, -86.676081918292056 ], [ 171.68310225990362, -86.318994438000601 ], [ 171.514781120708705, -86.30865027766707 ], [ 160.225230339458761, -84.905818246417084 ], [ 155.582530144146261, -82.400447152667027 ], [ 155.816294792583761, -80.262751840167084 ], [ 157.786997917583705, -77.223078988604556 ], [ 157.882968818888941, -77.125845435347671 ], [ 160.292124870708705, -74.684993051104584 ], [ 162.553355339458705, -73.101252816729513 ], [ 164.318858269146261, -72.265071176104513 ], [ 166.930430534771205, -70.94744422297957 ], [ 167.938538028345789, -71.213946506905813 ], [ 169.952647331646205, -71.746394418292027 ], [ 170.334727409771261, -71.572688363604584 ], [ 170.435246588367733, -71.907673822955303 ], [ 170.438975456646261, -71.920100472979584 ], [ 170.418027673802243, -71.948626767242118 ], [ 170.409277343750091, -71.947949218750011 ], [ 170.224023437500023, -71.947949218750011 ], [ 170.030078125000159, -72.115527343750045 ], [ 169.953515625000136, -72.402832031249943 ], [ 170.087364634253987, -72.398917437053584 ], [ 169.978404167583705, -72.547297738604541 ], [ 169.895686165139892, -72.563358186992005 ], [ 169.77490234375, -72.533789062499977 ], [ 169.440332031250023, -72.48681640625 ], [ 169.072363281250091, -72.46875 ], [ 168.718847656249977, -72.384472656249955 ], [ 168.576171875, -72.379101562500011 ], [ 168.428417968750182, -72.383398437499977 ], [ 168.621679687500091, -72.472656249999943 ], [ 168.820019531250182, -72.552441406249955 ], [ 169.269531250000114, -72.621289062499955 ], [ 169.434206893553437, -72.652958561810408 ], [ 167.080732189049314, -73.109906963684011 ], [ 166.8828125, -73.01123046875 ], [ 166.452832031250182, -72.936035156249943 ], [ 166.466992187500068, -72.997460937500023 ], [ 166.752117392633977, -73.173710498842752 ], [ 166.538096550396205, -73.21526458125588 ], [ 166.538096550396205, -73.215266488604556 ], [ 165.939476772150101, -73.583660836251639 ], [ 165.860156250000045, -73.592675781249966 ], [ 165.901603862292632, -73.606968061350884 ], [ 165.49990296757079, -73.854177299064148 ], [ 165.346972656250159, -73.879394531249943 ], [ 165.249902343750023, -73.782421875000011 ], [ 165.244531250000023, -73.571191406250023 ], [ 165.129492187500091, -73.382617187499989 ], [ 165.004882812500114, -73.374511718749943 ], [ 164.81298828125, -73.396777343750045 ], [ 164.749609375000091, -73.558789062500011 ], [ 164.8876953125, -73.837695312500045 ], [ 164.979882812500136, -73.92587890624992 ], [ 164.905957031250182, -74.0029296875 ], [ 164.775683593750045, -74.028515624999955 ], [ 164.954930523379915, -74.189556742509126 ], [ 164.801280144146205, -74.284114144854527 ], [ 163.635194621481673, -74.481808401267628 ], [ 163.556542968750023, -74.417382812500023 ], [ 163.397851562500023, -74.382128906250045 ], [ 163.265527343750136, -74.42626953125 ], [ 163.192580676026552, -74.556847695662512 ], [ 162.830577019146261, -74.618220590167056 ], [ 162.807689992363152, -74.714833021130843 ], [ 162.752050781249977, -74.736132812500045 ], [ 162.604101562499977, -74.823144531250023 ], [ 162.533593750000023, -75.16708984374992 ], [ 162.410058593750023, -75.237597656249989 ], [ 162.2255859375, -75.234570312500011 ], [ 162.087792968750136, -75.261621093749966 ], [ 161.910351562500068, -75.233886718749943 ], [ 161.679589843750136, -75.217773437499943 ], [ 160.910742187499977, -75.334667968749955 ], [ 161.032910156250182, -75.395898437499966 ], [ 161.227343750000159, -75.386132812500023 ], [ 161.903515625000068, -75.404199218749966 ], [ 162.189648437500068, -75.466894531249977 ], [ 162.239062500000045, -75.621679687499977 ], [ 162.351953125000136, -75.686523437499943 ], [ 162.561758279383923, -75.752978380385699 ], [ 162.529917839458705, -75.887385629229584 ], [ 162.584162327991834, -76.081063367254131 ], [ 162.4365234375, -76.154882812499977 ], [ 162.498242187500068, -76.207714843750011 ], [ 162.622313082251907, -76.217279082229624 ], [ 162.713279384154504, -76.542070559951682 ], [ 162.674609375000159, -76.569335937499943 ], [ 162.745214843749977, -76.657519531250045 ], [ 162.761919978346015, -76.741323623139991 ], [ 162.76140720489181, -76.746453857491602 ], [ 162.609570312500068, -76.82871093749992 ], [ 162.489453125000068, -76.86923828124992 ], [ 162.450292968750091, -76.955664062499977 ], [ 162.679101562500023, -77.006738281249966 ], [ 162.734844464387379, -77.012210757919249 ], [ 162.668730484445831, -77.673672868022749 ], [ 162.563487175396205, -78.726619027667027 ], [ 162.37812841457972, -78.817771427689905 ], [ 161.974511718750023, -78.694238281250023 ], [ 161.757421874999977, -78.544921875 ], [ 161.669238281250159, -78.5361328125 ], [ 161.510449218750068, -78.571386718749977 ], [ 161.501757812500159, -78.677246093749943 ], [ 161.813378906250023, -78.907421874999955 ], [ 161.951464843750045, -78.96826171875 ], [ 161.951464843750045, -79.027588370315883 ], [ 161.933976036996398, -79.036188701382557 ], [ 161.864257812500114, -79.060937499999966 ], [ 161.7373046875, -79.059960937500023 ], [ 161.546093750000068, -79.015039062500023 ], [ 161.190527343749977, -78.978710937500011 ], [ 160.87353515625, -79.049707031249966 ], [ 160.482714843750159, -79.201464843749989 ], [ 160.5673828125, -79.30234374999992 ], [ 160.670214843750045, -79.35888671875 ], [ 160.646093750000091, -79.426855468749977 ], [ 160.209179687500068, -79.554394531249955 ], [ 160.067968750000091, -79.561230468750011 ], [ 159.975878906250159, -79.585644531250011 ], [ 160.083593750000091, -79.632519531249955 ], [ 160.322753906250114, -79.635546875000045 ], [ 160.346289062500091, -79.691503906249977 ], [ 160.264843750000182, -79.736621093750045 ], [ 159.871875, -79.789843750000045 ], [ 159.896484375000114, -79.85898437499992 ], [ 160.111425781249977, -79.892480468750023 ], [ 160.387304687500091, -79.87949218749992 ], [ 160.558007812500023, -79.929589843750023 ], [ 160.558789062500068, -80.010546874999989 ], [ 160.381738281250023, -80.054492187500045 ], [ 160.179394531250182, -80.088085937499955 ], [ 158.767480468750136, -80.293359375000023 ], [ 158.560351562500045, -80.348925781249989 ], [ 158.573632812500136, -80.423437499999977 ], [ 159.065136718750068, -80.442578124999955 ], [ 160.542187500000068, -80.425 ], [ 160.637304687500091, -80.449902343749955 ], [ 160.603320312500045, -80.507617187499989 ], [ 160.521289062500045, -80.583398437499966 ], [ 160.601367187500045, -80.636523437500045 ], [ 160.823242187500114, -80.674023437499955 ], [ 160.830273437500068, -80.729882812499966 ], [ 160.720019531250045, -80.753125 ], [ 160.502539062499977, -80.779296875 ], [ 160.260156250000136, -80.78671874999992 ], [ 160.275781250000136, -80.846777343749977 ], [ 160.607226562500159, -80.901171875000045 ], [ 160.716796875000114, -80.907421875000011 ], [ 160.727929687500023, -81.11289062499992 ], [ 160.716699218750023, -81.199609375000023 ], [ 160.540039062500114, -81.24169921875 ], [ 160.478613281250091, -81.270117187499977 ], [ 160.469824218750091, -81.340625 ], [ 160.907812500000091, -81.390234374999977 ], [ 161.582128906249977, -81.609765625000023 ], [ 161.730175781250068, -81.610449218749977 ], [ 161.996093750000114, -81.653027343750011 ], [ 162.42529296875, -81.764941406249989 ], [ 162.576660156250114, -81.83203125 ], [ 162.821191406250023, -81.8662109375 ], [ 162.854394531250023, -81.920703125000045 ], [ 163.004296875000023, -81.968945312500011 ], [ 163.602343750000159, -82.12060546875 ], [ 163.680078125000023, -82.187304687500045 ], [ 162.426562500000045, -82.314453124999943 ], [ 161.16650390625, -82.407812499999977 ], [ 161.283203125, -82.489941406250011 ], [ 162.64375, -82.481542968749977 ], [ 163.011816406250091, -82.534960937499989 ], [ 163.174707031250023, -82.518945312500023 ], [ 163.2685546875, -82.463281249999966 ], [ 164.001367187500136, -82.396777343750045 ], [ 164.482062125903269, -82.369460124519051 ], [ 165.001719597271205, -82.534358285479541 ], [ 166.624151255708938, -82.796573092524611 ], [ 167.260660093527804, -82.89944463181142 ], [ 167.232617187500068, -82.952343749999955 ], [ 167.297460937499977, -82.985839843749943 ], [ 167.404492187500068, -82.998828124999989 ], [ 167.601953125000023, -83.047460937499977 ], [ 167.827539062500136, -83.030761718749943 ], [ 167.933760116939482, -83.008229979929496 ], [ 168.527739148904942, -83.104227920086558 ], [ 168.481640625000182, -83.126757812500045 ], [ 168.408398437500182, -83.155078125000045 ], [ 168.320019531250068, -83.210742187500045 ], [ 168.240234375, -83.229882812500023 ], [ 167.973046875000136, -83.243164062499943 ], [ 167.825390625000068, -83.242968749999989 ], [ 167.674414062499977, -83.2314453125 ], [ 167.657617187500136, -83.272167968750011 ], [ 167.8427734375, -83.316210937499989 ], [ 168.110058593750068, -83.362011718750011 ], [ 169.837890625, -83.39902343749992 ], [ 170.33203125, -83.478808593749989 ], [ 170.66348532051407, -83.449403796908982 ], [ 171.284388471326906, -83.549753170047339 ], [ 171.289257812500182, -83.555468749999989 ], [ 171.375413985396591, -83.56446456789503 ], [ 171.615122917583761, -83.603205941729513 ], [ 171.739204031908201, -83.614683928021606 ], [ 171.917187500000182, -83.64404296875 ], [ 172.300047864353672, -83.666564166653103 ], [ 173.809414069456608, -83.806186418647215 ], [ 173.822363281249977, -83.81015624999992 ], [ 173.863016604256813, -83.811144861864037 ], [ 179.999856463800228, -84.378826447962808 ], [ 180.0, -84.378839725620253 ], [ 180.0, -86.043956043956058 ], [ 180.0, -86.958917634707902 ] ] ] } },
{ "type": "Feature", "properties": { "NAME": "Ross Island", "FEATURECLA": "Island", "SCALERANK": 5 }, "geometry": { "type": "Polygon", "coordinates": [ [ [ 168.322558593750045, -77.682519531249966 ], [ 167.917578124999977, -77.644140624999977 ], [ 167.392285156250068, -77.648632812500011 ], [ 167.279492187500182, -77.70263671875 ], [ 167.025097656250068, -77.75644531249992 ], [ 166.729003906250114, -77.850976562500023 ], [ 166.650390625000114, -77.774023437499977 ], [ 166.532519531250045, -77.700390625000011 ], [ 166.397793359910082, -77.630713879848599 ], [ 166.259193384557648, -77.516591183162177 ], [ 166.378417968750114, -77.494042968749966 ], [ 166.4580078125, -77.44375 ], [ 166.626367187500023, -77.376757812500045 ], [ 166.607128906250182, -77.335546874999977 ], [ 166.469042968750159, -77.288867187499989 ], [ 166.413085937500114, -77.251953125 ], [ 166.506347656250114, -77.189355468749966 ], [ 166.716406250000091, -77.16171874999992 ], [ 166.9873046875, -77.1865234375 ], [ 167.106835937500023, -77.27060546874992 ], [ 167.0849609375, -77.307421875000045 ], [ 167.084082031249977, -77.321679687500023 ], [ 167.4609375, -77.394335937499989 ], [ 168.450781250000091, -77.386132812500023 ], [ 169.275585937500068, -77.45468749999992 ], [ 169.352734375000182, -77.524707031249989 ], [ 169.117285156249977, -77.560546875 ], [ 168.925954776555102, -77.60948706366726 ], [ 168.363882648845134, -77.682252261241885 ], [ 168.322558593750045, -77.682519531249966 ] ] ] } },
{ "type": "Feature", "properties": { "NAME": "Prince Albert Mountains", "FEATURECLA": "Range/mtn", "SCALERANK": 4 }, "geometry": { "type": "Polygon", "coordinates": [ [ [ 162.483409050396261, -76.626399301104584 ], [ 161.982432487896205, -77.327815316729584 ], [ 160.706553581646261, -77.10674598079207 ], [ 159.830943230083705, -76.739924691729527 ], [ 159.904063347271205, -76.443047784380951 ], [ 159.904063347271205, -76.443049691729527 ], [ 160.091685417583761, -75.971125863604584 ], [ 161.882212761333761, -75.839900277667084 ], [ 162.349864128521205, -76.258967660479513 ], [ 162.483409050396261, -76.626399301104584 ] ] ] } },
{ "type": "Feature", "properties": { "NAME": "Talos Dome", "FEATURECLA": "Plateau", "SCALERANK": 2 }, "geometry": { "type": "Polygon", "coordinates": [ [ [ 149.124888542583705, -79.458552621417027 ], [ 145.458262566021205, -76.541804574542084 ], [ 143.708262566021261, -73.291804574542027 ], [ 146.687510612896261, -70.999934457354527 ], [ 151.143116000614583, -70.899065335171016 ], [ 153.578623894146205, -70.843928597979527 ], [ 157.375010612896205, -71.291682504229527 ], [ 160.208384636333705, -71.458306573443465 ], [ 160.208384636333705, -71.458308480792056 ], [ 162.229380730083761, -72.313533090167027 ], [ 160.292124870708705, -74.684993051104584 ], [ 157.882968818888941, -77.125845435347671 ], [ 157.786997917583705, -77.223078988604556 ], [ 156.736061804273476, -77.729812764691587 ], [ 154.750010612896205, -78.687434457354541 ], [ 149.124888542583705, -79.458552621417027 ] ] ] } },
{ "type": "Feature", "properties": { "NAME": "Victoria Land", "FEATURECLA": "Geoarea", "SCALERANK": 3 }, "geometry": { "type": "MultiPolygon", "coordinates": [ [ [ [ 170.603320312500045, -71.60400390625 ], [ 170.779687500000023, -71.7451171875 ], [ 170.859082031250068, -71.868554687500023 ], [ 170.675390624999977, -71.968554687500045 ], [ 170.409277343750091, -71.947949218750011 ], [ 170.224023437500023, -71.947949218750011 ], [ 170.030078125000159, -72.115527343750045 ], [ 169.953515625000136, -72.402832031249943 ], [ 170.127148437500182, -72.397753906249989 ], [ 170.259375, -72.371289062500011 ], [ 170.285839843750182, -72.477148437499977 ], [ 170.206445312500023, -72.565332031250023 ], [ 170.047753906250023, -72.6005859375 ], [ 169.77490234375, -72.533789062499977 ], [ 169.440332031250023, -72.48681640625 ], [ 169.072363281250091, -72.46875 ], [ 168.718847656249977, -72.384472656249955 ], [ 168.576171875, -72.379101562500011 ], [ 168.428417968750182, -72.383398437499977 ], [ 168.621679687500091, -72.472656249999943 ], [ 168.820019531250182, -72.552441406249955 ], [ 169.269531250000114, -72.621289062499955 ], [ 169.828613281250114, -72.728808593750045 ], [ 169.844824218750091, -72.794628906250011 ], [ 169.712109375000182, -72.876953125 ], [ 169.545019531250091, -73.050390624999977 ], [ 169.033398437500068, -73.200390625000011 ], [ 168.735937500000091, -73.091210937500023 ], [ 168.38134765625, -73.065917968749943 ], [ 168.204492187500023, -73.129785156250023 ], [ 167.85302734375, -73.122460937500023 ], [ 167.155664062500023, -73.147265624999989 ], [ 166.8828125, -73.01123046875 ], [ 166.452832031250182, -72.936035156249943 ], [ 166.466992187500068, -72.997460937500023 ], [ 166.833984375, -73.224316406249955 ], [ 167.2255859375, -73.275781249999966 ], [ 167.615820312499977, -73.336816406249966 ], [ 167.709082031249977, -73.394238281249955 ], [ 167.5341796875, -73.447265625 ], [ 167.296484375000091, -73.440039062499977 ], [ 166.99609375, -73.544335937499966 ], [ 166.428808593750091, -73.526953124999977 ], [ 166.159375, -73.533789062499977 ], [ 166.001074218749977, -73.57666015625 ], [ 165.860156250000045, -73.592675781249966 ], [ 165.970605468750023, -73.630761718750023 ], [ 166.106054687500091, -73.735156250000045 ], [ 165.913281250000068, -73.822851562499977 ], [ 165.733691406250045, -73.866699218749943 ], [ 165.548925781250091, -73.846093750000023 ], [ 165.346972656250159, -73.879394531249943 ], [ 165.249902343750023, -73.782421875000011 ], [ 165.244531250000023, -73.571191406250023 ], [ 165.129492187500091, -73.382617187499989 ], [ 165.004882812500114, -73.374511718749943 ], [ 164.81298828125, -73.396777343750045 ], [ 164.749609375000091, -73.558789062500011 ], [ 164.8876953125, -73.837695312500045 ], [ 164.979882812500136, -73.92587890624992 ], [ 164.905957031250182, -74.0029296875 ], [ 164.775683593750045, -74.028515624999955 ], [ 165.037207031250091, -74.263476562500045 ], [ 165.263085937500136, -74.426171874999966 ], [ 165.399804687500023, -74.479199218750011 ], [ 165.405526036308373, -74.530882069652137 ], [ 165.39092185736493, -74.564468063341252 ], [ 165.302832031249977, -74.59375 ], [ 165.001171875000182, -74.562695312499955 ], [ 164.85302734375, -74.578320312499955 ], [ 164.68896484375, -74.568359375 ], [ 164.410742187499977, -74.533398437499955 ], [ 164.174023437500068, -74.523242187500045 ], [ 163.935839843750045, -74.567382812499943 ], [ 163.735253906250023, -74.563769531249989 ], [ 163.556542968750023, -74.417382812500023 ], [ 163.397851562500023, -74.382128906250045 ], [ 163.265527343750136, -74.42626953125 ], [ 163.167382812500023, -74.601953124999966 ], [ 162.961230468750045, -74.656054687499989 ], [ 162.752050781249977, -74.736132812500045 ], [ 162.604101562499977, -74.823144531250023 ], [ 162.533593750000023, -75.16708984374992 ], [ 162.410058593750023, -75.237597656249989 ], [ 162.2255859375, -75.234570312500011 ], [ 162.087792968750136, -75.261621093749966 ], [ 161.910351562500068, -75.233886718749943 ], [ 161.679589843750136, -75.217773437499943 ], [ 160.910742187499977, -75.334667968749955 ], [ 161.032910156250182, -75.395898437499966 ], [ 161.227343750000159, -75.386132812500023 ], [ 161.903515625000068, -75.404199218749966 ], [ 162.189648437500068, -75.466894531249977 ], [ 162.239062500000045, -75.621679687499977 ], [ 162.351953125000136, -75.686523437499943 ], [ 162.577636718750114, -75.758007812499955 ], [ 162.754003906249977, -75.793261718750045 ], [ 162.815722656250159, -75.84619140625 ], [ 162.745117187500114, -75.951953125000045 ], [ 162.648242187500159, -76.049023437500011 ], [ 162.4365234375, -76.154882812499977 ], [ 162.498242187500068, -76.207714843750011 ], [ 162.727539062500114, -76.225390625000045 ], [ 162.824609375000136, -76.463574218750011 ], [ 162.674609375000159, -76.569335937499943 ], [ 162.745214843749977, -76.657519531250045 ], [ 162.762792968749977, -76.74570312499992 ], [ 162.609570312500068, -76.82871093749992 ], [ 162.489453125000068, -76.86923828124992 ], [ 162.450292968750091, -76.955664062499977 ], [ 162.679101562500023, -77.006738281249966 ], [ 162.850195312500091, -77.02353515624992 ], [ 163.086914062500114, -77.032324218749977 ], [ 163.249902343750136, -77.126464843749943 ], [ 163.45849609375, -77.269335937499989 ], [ 163.607617187500182, -77.387792968749977 ], [ 163.619140625, -77.582324218749989 ], [ 163.766210937499977, -77.699902343749955 ], [ 164.045214843750159, -77.774609375000011 ], [ 164.038948167076768, -77.83052205687477 ], [ 162.668730484445831, -77.673672868022749 ], [ 157.882968818888941, -77.125845435347671 ], [ 157.875010612896205, -77.124934457354541 ], [ 160.292124870708705, -74.684993051104584 ], [ 162.229380730083761, -72.313533090167027 ], [ 162.281895190973614, -70.996863872870591 ], [ 162.286523437500136, -70.969042968750045 ], [ 162.283190084867044, -70.964397635946909 ], [ 162.308570203489239, -70.328054420098923 ], [ 162.591624640735603, -70.309919174119514 ], [ 162.699788914704243, -70.318570187492412 ], [ 163.026464843750091, -70.501367187500023 ], [ 163.348730468749977, -70.620898437499989 ], [ 163.566503906249977, -70.642285156250011 ], [ 163.998437500000023, -70.636523437499989 ], [ 164.403222656250023, -70.510449218750011 ], [ 164.716015625000182, -70.556542968749966 ], [ 165.209375, -70.570800781249943 ], [ 165.853906250000023, -70.645312499999989 ], [ 166.132031250000182, -70.632812499999943 ], [ 166.394282805643229, -70.649474891656823 ], [ 166.791392448833705, -70.704280160479584 ], [ 167.829773866969077, -70.959316143008579 ], [ 167.878125, -71.013085937499966 ], [ 167.96630859375, -71.092480468750011 ], [ 168.172656250000045, -71.183203124999977 ], [ 168.382812500000114, -71.197363281249977 ], [ 168.797851562500114, -71.274804687500023 ], [ 169.663769531250068, -71.511328124999977 ], [ 169.976953125000136, -71.580664062499977 ], [ 170.162304687500068, -71.630468749999977 ], [ 170.250488281250114, -71.56875 ], [ 170.276855468750114, -71.44394531249992 ], [ 170.426921015159195, -71.420148809135853 ], [ 170.455429932320669, -71.440514365923391 ], [ 170.603320312500045, -71.60400390625 ] ] ], [ [ [ 169.858789062500023, -73.568066406250011 ], [ 169.843652343750136, -73.60498046875 ], [ 169.709179687500068, -73.625292968750045 ], [ 169.522363281250023, -73.561523437499943 ], [ 169.4794921875, -73.539453124999966 ], [ 169.659375, -73.41806640624992 ], [ 169.645410156250136, -73.379101562500011 ], [ 169.671875, -73.346093750000023 ], [ 169.740039062500045, -73.32041015624992 ], [ 169.783203125000114, -73.32421875 ], [ 169.886523437500045, -73.458691406249955 ], [ 169.934785452339071, -73.495079433311119 ], [ 169.919233559234215, -73.536100566630992 ], [ 169.858789062500023, -73.568066406250011 ] ] ], [ [ [ 162.788281250000068, -75.696191406249966 ], [ 162.661914062500045, -75.69189453125 ], [ 162.591210937500023, -75.66855468749992 ], [ 162.720019531250159, -75.596679687499943 ], [ 162.842382812500091, -75.566210937500045 ], [ 162.9169921875, -75.557324218750011 ], [ 162.932097164553113, -75.560212359677934 ], [ 162.937770386381999, -75.588845051933319 ], [ 162.788281250000068, -75.696191406249966 ] ] ], [ [ [ 163.737207031250136, -74.733789062500023 ], [ 163.741699218750114, -74.71152343749992 ], [ 164.002343750000136, -74.628906249999943 ], [ 164.20849609375, -74.607714843749989 ], [ 164.098242187500091, -74.73193359375 ], [ 164.059179687499977, -74.752734375000045 ], [ 163.975976562500023, -74.832714843750011 ], [ 163.844628906250136, -74.832714843750011 ], [ 163.763378906250068, -74.802832031249977 ], [ 163.737207031250136, -74.733789062500023 ] ] ] ] } },
{ "type": "Feature", "properties": { "NAME": "Admiralty Mountains", "FEATURECLA": "Range/mtn", "SCALERANK": 4 }, "geometry": { "type": "Polygon", "coordinates": [ [ [ 170.024108182170323, -71.593334810211672 ], [ 170.162304687500068, -71.630468749999977 ], [ 170.250488281250114, -71.56875 ], [ 170.263342347816973, -71.507907418250127 ], [ 170.345835808208705, -71.47845008235457 ], [ 170.479380730083705, -71.845881722979556 ], [ 170.435246588367733, -71.907673822955303 ], [ 170.406480451169415, -71.947949218750011 ], [ 170.224023437500023, -71.947949218750011 ], [ 170.030078125000159, -72.115527343750045 ], [ 169.953515625000136, -72.402832031249943 ], [ 170.08431910170134, -72.399006507746904 ], [ 169.978404167583705, -72.547297738604541 ], [ 167.762583855083761, -72.163264535479556 ], [ 167.474986198833705, -71.60747840266707 ], [ 167.602793816021205, -71.365166925005909 ], [ 167.602793816021205, -71.365168832354584 ], [ 167.833628776958761, -71.190608285479556 ], [ 167.938538028345789, -71.213946506905813 ], [ 169.878184441021205, -71.645442269854584 ], [ 170.024108182170323, -71.593334810211672 ] ] ] } },
{ "type": "Feature", "properties": { "NAME": "Oates Coast", "FEATURECLA": "Coast", "SCALERANK": 3 }, "geometry": { "type": "MultiPolygon", "coordinates": [ [ [ [ 162.039648437500091, -70.625 ], [ 162.021972656250114, -70.439843749999966 ], [ 162.216015625000182, -70.333984375 ], [ 162.308570203489239, -70.328054420098923 ], [ 162.283190084867044, -70.964397635946909 ], [ 162.039648437500091, -70.625 ] ] ], [ [ [ 160.208384636333705, -71.458308480792056 ], [ 160.208384636333705, -71.458306573443465 ], [ 157.375010612896205, -71.291682504229527 ], [ 153.578623894146205, -70.843928597979527 ], [ 153.633836652315495, -68.740989918696187 ], [ 153.705273437500182, -68.728906250000023 ], [ 153.766992187500136, -68.640625 ], [ 153.792382812500023, -68.493359375000011 ], [ 153.78466796875, -68.349609374999943 ], [ 153.908007812500159, -68.323144531249966 ], [ 154.017512162732174, -68.346603565963704 ], [ 154.395532007034717, -68.530380335735657 ], [ 154.576367187500182, -68.634277343749943 ], [ 154.866015625000045, -68.774316406249966 ], [ 154.9875, -68.84130859375 ], [ 155.113257930842934, -68.879307392997475 ], [ 155.637583855083761, -69.134211801104556 ], [ 157.441718637493182, -69.296626532106586 ], [ 157.481347656250136, -69.30869140624992 ], [ 157.500517840141725, -69.301919848755887 ], [ 159.461022412364798, -69.478411553162033 ], [ 159.783984375000159, -69.521875 ], [ 159.930957031250045, -69.630566406249955 ], [ 160.125781250000159, -69.734277343750023 ], [ 160.125781250000159, -69.840136718750045 ], [ 160.209667968750182, -69.974902343750045 ], [ 160.65185546875, -70.08056640625 ], [ 160.826757812500091, -70.182031249999966 ], [ 161.037011718750136, -70.317187500000045 ], [ 161.424511718750182, -70.82675781249992 ], [ 161.625097656249977, -70.91611328124992 ], [ 161.916113281249977, -70.90732421874992 ], [ 162.189453125000114, -71.039550781249943 ], [ 162.277734375000136, -71.021875 ], [ 162.281895190973614, -70.996863872870591 ], [ 162.229380730083761, -72.313533090167027 ], [ 160.208384636333705, -71.458308480792056 ] ] ] ] } },
{ "type": "Feature", "properties": { "NAME": "Wilkes Land", "FEATURECLA": "Geoarea", "SCALERANK": 2 }, "geometry": { "type": "MultiPolygon", "coordinates": [ [ [ [ 129.975781250000068, -66.344824218749977 ], [ 130.120507812500023, -66.291503906249943 ], [ 130.300585937500159, -66.268457031249966 ], [ 130.578515625000136, -66.20859374999992 ], [ 130.951757812500091, -66.19140625 ], [ 131.232031249999977, -66.215527343750011 ], [ 131.830859375000159, -66.23583984375 ], [ 132.3203125, -66.165429687500023 ], [ 132.874316406250045, -66.178027343750045 ], [ 133.046010638026473, -66.125876368536652 ], [ 133.691762805897298, -66.126247695974286 ], [ 133.8427734375, -66.153613281250045 ], [ 133.95751953125, -66.204296874999955 ], [ 134.178906250000068, -66.277050781249955 ], [ 134.231835937500023, -66.347656249999943 ], [ 134.289453125000136, -66.476757812499955 ], [ 134.398144531250182, -66.479882812499966 ], [ 134.769726562500068, -66.353320312500045 ], [ 134.971484375000159, -66.33017578124992 ], [ 135.351852190425262, -66.1272022986347 ], [ 135.352160205167763, -66.127202475752682 ], [ 135.554785156249977, -66.180078125000023 ], [ 136.009375, -66.266796875000011 ], [ 136.078548893829719, -66.276312860394583 ], [ 136.084984625832561, -69.562434457354584 ], [ 136.084985114753835, -69.562684103369818 ], [ 136.125010612896318, -89.99993255000588 ], [ 134.999766472271261, -89.99993255000588 ], [ 129.374766472271205, -89.99993255000588 ], [ 123.749766472271261, -89.99993255000588 ], [ 118.124766472271205, -89.99993255000588 ], [ 112.499766472271261, -89.99993255000588 ], [ 106.874766472271261, -89.99993255000588 ], [ 101.249766472271205, -89.99993255000588 ], [ 100.812510612896205, -89.99993255000588 ], [ 100.678223598550261, -70.15740565511571 ], [ 100.675888958792569, -69.812434457354613 ], [ 100.652871223978465, -66.411286369189469 ], [ 100.889062500000023, -66.35800781249992 ], [ 101.327148437500114, -66.100488281250023 ], [ 101.320898437500091, -66.020898437499966 ], [ 101.381347656249943, -65.973046875000023 ], [ 101.474414062500102, -65.951171875 ], [ 102.174121093749989, -65.954199218749977 ], [ 102.392187500000034, -65.932617187499943 ], [ 102.67421875000008, -65.865136718749966 ], [ 103.166601562500034, -65.916894531250023 ], [ 103.638769531250148, -65.998925781250023 ], [ 103.763476562499989, -65.989746093749943 ], [ 103.951171875, -65.988085937500045 ], [ 104.289062500000114, -66.039160156249977 ], [ 104.6669921875, -66.136816406249977 ], [ 105.00039062500008, -66.164062499999943 ], [ 106.386914062500125, -66.41064453125 ], [ 107.170898437500114, -66.470410156250011 ], [ 107.565527343750034, -66.552343749999977 ], [ 107.667285156249989, -66.580371093749989 ], [ 107.785058593750023, -66.6640625 ], [ 107.99169921875, -66.672070312499955 ], [ 108.157910156250125, -66.639062499999966 ], [ 108.376171875000011, -66.765820312499955 ], [ 108.91005859375008, -66.861914062499977 ], [ 109.462792968750023, -66.908691406249943 ], [ 109.823730468750057, -66.833691406250011 ], [ 110.437011718750114, -66.621093749999943 ], [ 110.622265625000011, -66.524023437499977 ], [ 110.587011718750091, -66.312304687500045 ], [ 110.906738281250057, -66.07666015625 ], [ 111.453125, -65.960937499999943 ], [ 112.130273437500136, -65.900097656249955 ], [ 112.547851562500114, -65.847949218749989 ], [ 113.099414062500045, -65.799902343749977 ], [ 113.367968750000045, -65.848730468749977 ], [ 113.502148437500182, -65.88632812499992 ], [ 113.709765625000045, -65.929589843750023 ], [ 113.954492187500136, -66.060449218749966 ], [ 114.3369140625, -66.360156249999989 ], [ 114.618554687500023, -66.467968750000011 ], [ 114.869531250000023, -66.476953125000023 ], [ 115.082421875000023, -66.492968750000045 ], [ 115.310351562499932, -66.560839843750045 ], [ 115.635351562500091, -66.771191406250011 ], [ 115.441894531250114, -66.958007812499943 ], [ 115.273730468749932, -67.027929687499977 ], [ 114.570605468750045, -67.108496093749977 ], [ 114.259765625, -67.172265624999966 ], [ 113.9912109375, -67.2119140625 ], [ 113.912500000000136, -67.36767578125 ], [ 114.026562500000068, -67.441210937500045 ], [ 114.319042968750182, -67.405664062500023 ], [ 114.657910156250068, -67.387890624999955 ], [ 114.925781250000114, -67.356542968749977 ], [ 115.171875, -67.307812499999955 ], [ 115.384179687500023, -67.238085937499989 ], [ 115.88525390625, -67.201953124999989 ], [ 116.214648437499932, -67.142773437500011 ], [ 116.509082031249932, -67.10791015625 ], [ 116.713476562499977, -67.047167968749989 ], [ 116.923632812500045, -67.055468749999989 ], [ 117.131933593749977, -67.11435546874992 ], [ 117.2978515625, -67.109277343750023 ], [ 117.744726562499977, -67.128515624999977 ], [ 117.951953125000045, -67.085351562500023 ], [ 118.138671875000114, -67.082421874999966 ], [ 118.325781249999977, -67.115039062500045 ], [ 118.518945312500136, -67.160937499999989 ], [ 118.7138671875, -67.171679687500045 ], [ 118.964648437499932, -67.144824218749989 ], [ 119.318261718750023, -67.07080078125 ], [ 119.767968750000023, -66.991503906250045 ], [ 120.187304687500045, -66.966210937500023 ], [ 120.289257812500182, -66.966601562499989 ], [ 120.374804687500045, -66.983789062499966 ], [ 119.953710937499977, -67.075878906249955 ], [ 119.280664062500023, -67.199218749999943 ], [ 118.921679687499932, -67.319726562500023 ], [ 119.133007812500182, -67.37070312499992 ], [ 120.400390625000114, -67.236035156250011 ], [ 120.978710937500068, -67.1357421875 ], [ 121.487597656250045, -67.090722656249966 ], [ 121.613183593750023, -67.057031249999966 ], [ 122.033105468750023, -66.901757812500023 ], [ 122.182812500000068, -66.85947265624992 ], [ 122.633007812500182, -66.804882812500011 ], [ 123.2216796875, -66.7451171875 ], [ 123.666601562500091, -66.676855468749977 ], [ 123.969335937500091, -66.608105468749955 ], [ 124.196191406250136, -66.600781250000011 ], [ 124.370507812500136, -66.652246093750023 ], [ 124.597851562500068, -66.708203124999955 ], [ 124.821582031250045, -66.694531250000011 ], [ 125.095117187500136, -66.641113281249943 ], [ 125.286328125000182, -66.515820312500011 ], [ 125.39794921875, -66.424414062499977 ], [ 125.60302734375, -66.393359375000045 ], [ 125.865625, -66.364453125000011 ], [ 126.0771484375, -66.3955078125 ], [ 126.423730468750023, -66.462402343749943 ], [ 126.664746093750182, -66.49755859375 ], [ 126.873632812500091, -66.759375 ], [ 127.365429687500068, -66.989648437500023 ], [ 127.541210937500182, -67.051074218749989 ], [ 127.968066406250159, -67.027929687499977 ], [ 128.430566406250023, -67.119140625 ], [ 128.627832031250023, -67.107128906249955 ], [ 128.816406250000114, -67.080371093749989 ], [ 128.982421875, -67.09824218749992 ], [ 129.236914062499977, -67.04160156249992 ], [ 129.500000000000114, -66.7529296875 ], [ 129.73736727301889, -66.473086165625134 ], [ 129.792995284326821, -66.441239630285395 ], [ 129.975781250000068, -66.344824218749977 ] ] ], [ [ [ 100.883398437500148, -65.378125 ], [ 101.078710937500148, -65.402539062499955 ], [ 101.22060546875008, -65.472265624999977 ], [ 101.258984375000068, -65.527636718750045 ], [ 101.238378906250148, -65.56455078124992 ], [ 100.981445312500057, -65.677539062500045 ], [ 100.648028705707645, -65.695745856983265 ], [ 100.645985294433956, -65.393807182180652 ], [ 100.883398437500148, -65.378125 ] ] ], [ [ [ 103.181738281250091, -65.30771484374992 ], [ 103.186132812500148, -65.330566406249943 ], [ 103.261035156250102, -65.377343749999966 ], [ 103.378906249999943, -65.426464843749955 ], [ 103.397265624999989, -65.445312499999943 ], [ 103.337207031249989, -65.468554687499989 ], [ 103.175976562500011, -65.45468749999992 ], [ 103.138476562499989, -65.43505859375 ], [ 103.124218750000125, -65.338378906249943 ], [ 103.112792968750114, -65.31201171875 ], [ 103.054394531250125, -65.285351562499955 ], [ 102.788769531250011, -65.23593749999992 ], [ 102.759570312500102, -65.167871093750023 ], [ 102.796093750000068, -65.136328124999977 ], [ 102.817640853411106, -65.134849615381469 ], [ 103.186124088617248, -65.27361872841152 ], [ 103.181738281250091, -65.30771484374992 ] ] ] ] } },
{ "type": "Feature", "properties": { "NAME": "Dome C (Charlie)", "FEATURECLA": "Plateau", "SCALERANK": 2 }, "geometry": { "type": "Polygon", "coordinates": [ [ [ 123.377085808208705, -77.809138558917084 ], [ 122.323619011333761, -77.596492074542013 ], [ 121.463389519146205, -77.016413949542056 ], [ 120.883311394146261, -76.156184457354527 ], [ 120.670664909771205, -75.102717660479584 ], [ 120.670664909771205, -75.102715753130909 ], [ 120.883311394146261, -74.049250863604556 ], [ 121.463389519146205, -73.189021371417041 ], [ 122.323619011333761, -72.608943246417084 ], [ 123.377085808208705, -72.396296762042013 ], [ 124.430552605083705, -72.608943246417084 ], [ 125.290782097271261, -73.189021371417041 ], [ 125.870860222271205, -74.049250863604556 ], [ 126.083506706646261, -75.102717660479584 ], [ 125.870860222271205, -76.156184457354527 ], [ 125.290782097271261, -77.016413949542056 ], [ 124.430552605083705, -77.596492074542013 ], [ 123.377085808208705, -77.809138558917084 ] ] ] } },
{ "type": "Feature", "properties": { "NAME": "Sabrina Coast", "FEATURECLA": "Coast", "SCALERANK": 3 }, "geometry": { "type": "MultiPolygon", "coordinates": [ [ [ [ 115.625010612896261, -69.687434457354556 ], [ 115.580219974312627, -67.223949335254687 ], [ 115.88525390625, -67.201953124999989 ], [ 116.214648437499932, -67.142773437500011 ], [ 116.509082031249932, -67.10791015625 ], [ 116.713476562499977, -67.047167968749989 ], [ 116.923632812500045, -67.055468749999989 ], [ 117.131933593749977, -67.11435546874992 ], [ 117.2978515625, -67.109277343750023 ], [ 117.744726562499977, -67.128515624999977 ], [ 117.951953125000045, -67.085351562500023 ], [ 118.138671875000114, -67.082421874999966 ], [ 118.325781249999977, -67.115039062500045 ], [ 118.518945312500136, -67.160937499999989 ], [ 118.7138671875, -67.171679687500045 ], [ 118.964648437499932, -67.144824218749989 ], [ 119.318261718750023, -67.07080078125 ], [ 119.767968750000023, -66.991503906250045 ], [ 120.187304687500045, -66.966210937500023 ], [ 120.289257812500182, -66.966601562499989 ], [ 120.374804687500045, -66.983789062499966 ], [ 119.953710937499977, -67.075878906249955 ], [ 119.280664062500023, -67.199218749999943 ], [ 118.921679687499932, -67.319726562500023 ], [ 119.133007812500182, -67.37070312499992 ], [ 120.400390625000114, -67.236035156250011 ], [ 120.978710937500068, -67.1357421875 ], [ 121.487597656250045, -67.090722656249966 ], [ 121.613183593750023, -67.057031249999966 ], [ 122.033105468750023, -66.901757812500023 ], [ 122.125010612896205, -66.875798955738517 ], [ 122.125010612896205, -69.687434457354556 ], [ 115.625010612896261, -69.687434457354556 ] ] ], [ [ [ 115.635351562500091, -66.771191406250011 ], [ 115.573081334406098, -66.831324140396291 ], [ 115.571233475475324, -66.72969189920336 ], [ 115.635351562500091, -66.771191406250011 ] ] ] ] } },
{ "type": "Feature", "properties": { "NAME": "Banzare Coast", "FEATURECLA": "Coast", "SCALERANK": 3 }, "geometry": { "type": "Polygon", "coordinates": [ [ [ 129.584727409771375, -69.77080657344348 ], [ 129.584727409771375, -69.770808480792084 ], [ 125.518113340512997, -69.770808480792084 ], [ 122.125010612896205, -69.770808480792084 ], [ 122.125010612896205, -69.687434457354556 ], [ 122.125010612896205, -66.875798955738517 ], [ 122.182812500000068, -66.85947265624992 ], [ 122.633007812500182, -66.804882812500011 ], [ 123.2216796875, -66.7451171875 ], [ 123.666601562500091, -66.676855468749977 ], [ 123.969335937500091, -66.608105468749955 ], [ 124.196191406250136, -66.600781250000011 ], [ 124.370507812500136, -66.652246093750023 ], [ 124.597851562500068, -66.708203124999955 ], [ 124.821582031250045, -66.694531250000011 ], [ 125.095117187500136, -66.641113281249943 ], [ 125.286328125000182, -66.515820312500011 ], [ 125.39794921875, -66.424414062499977 ], [ 125.60302734375, -66.393359375000045 ], [ 125.865625, -66.364453125000011 ], [ 126.0771484375, -66.3955078125 ], [ 126.423730468750023, -66.462402343749943 ], [ 126.664746093750182, -66.49755859375 ], [ 126.873632812500091, -66.759375 ], [ 127.365429687500068, -66.989648437500023 ], [ 127.541210937500182, -67.051074218749989 ], [ 127.968066406250159, -67.027929687499977 ], [ 128.430566406250023, -67.119140625 ], [ 128.627832031250023, -67.107128906249955 ], [ 128.816406250000114, -67.080371093749989 ], [ 128.982421875, -67.09824218749992 ], [ 129.236914062499977, -67.04160156249992 ], [ 129.500000000000114, -66.7529296875 ], [ 129.584727409771375, -66.653040530717007 ], [ 129.584727409771375, -69.690565568585555 ], [ 129.584727409771375, -69.77080657344348 ] ] ] } },
{ "type": "Feature", "properties": { "NAME": "Budd Coast", "FEATURECLA": "Coast", "SCALERANK": 3 }, "geometry": { "type": "Polygon", "coordinates": [ [ [ 109.062510612896261, -69.812432550005951 ], [ 109.082405734202837, -66.876499624386341 ], [ 109.462792968750023, -66.908691406249943 ], [ 109.823730468750057, -66.833691406250011 ], [ 110.437011718750114, -66.621093749999943 ], [ 110.622265625000011, -66.524023437499977 ], [ 110.587011718750091, -66.312304687500045 ], [ 110.906738281250057, -66.07666015625 ], [ 111.453125, -65.960937499999943 ], [ 112.130273437500136, -65.900097656249955 ], [ 112.547851562500114, -65.847949218749989 ], [ 113.099414062500045, -65.799902343749977 ], [ 113.367968750000045, -65.848730468749977 ], [ 113.502148437500182, -65.88632812499992 ], [ 113.709765625000045, -65.929589843750023 ], [ 113.954492187500136, -66.060449218749966 ], [ 114.3369140625, -66.360156249999989 ], [ 114.618554687500023, -66.467968750000011 ], [ 114.869531250000023, -66.476953125000023 ], [ 115.082421875000023, -66.492968750000045 ], [ 115.310351562499932, -66.560839843750045 ], [ 115.571233475475324, -66.72969189920336 ], [ 115.573081334406098, -66.831324140396291 ], [ 115.441894531250114, -66.958007812499943 ], [ 115.273730468749932, -67.027929687499977 ], [ 114.570605468750045, -67.108496093749977 ], [ 114.259765625, -67.172265624999966 ], [ 113.9912109375, -67.2119140625 ], [ 113.912500000000136, -67.36767578125 ], [ 114.026562500000068, -67.441210937500045 ], [ 114.319042968750182, -67.405664062500023 ], [ 114.657910156250068, -67.387890624999955 ], [ 114.925781250000114, -67.356542968749977 ], [ 115.171875, -67.307812499999955 ], [ 115.384179687500023, -67.238085937499989 ], [ 115.580219974312627, -67.223949335254687 ], [ 115.625010612896261, -69.687434457354556 ], [ 109.062510612896261, -69.812434457354527 ], [ 109.062510612896261, -69.812432550005951 ] ] ] } },
{ "type": "Feature", "properties": { "NAME": "Mawson Peninsula", "FEATURECLA": "Peninsula", "SCALERANK": 6 }, "geometry": { "type": "Polygon", "coordinates": [ [ [ 153.745494011333761, -68.839778207354527 ], [ 153.720593062758468, -68.70699336830144 ], [ 153.766992187500136, -68.640625 ], [ 153.792382812500023, -68.493359375000011 ], [ 153.78466796875, -68.349609374999943 ], [ 153.908007812500159, -68.323144531249966 ], [ 154.031542968750045, -68.349609374999943 ], [ 154.19970703125, -68.417871093750023 ], [ 154.576367187500182, -68.634277343749943 ], [ 154.701779894503176, -68.694911808295601 ], [ 154.647349480083761, -68.939997933917027 ], [ 153.745494011333761, -68.839778207354527 ] ] ] } },
{ "type": "Feature", "properties": { "NAME": "Balleny Islands", "FEATURECLA": "Island group", "SCALERANK": 5 }, "geometry": { "type": "Polygon", "coordinates": [ [ [ 164.770884636333705, -67.645808480792056 ], [ 164.166636589458705, -67.270808480792041 ], [ 163.062510612896261, -66.812556527667027 ], [ 162.208384636333761, -66.395808480792027 ], [ 162.333384636333705, -66.229182504229527 ], [ 163.270884636333761, -66.645808480792084 ], [ 164.979136589458705, -67.437556527667084 ], [ 164.770884636333705, -67.64580657344338 ], [ 164.770884636333705, -67.645808480792056 ] ] ] } },
{ "type": "Feature", "properties": { "NAME": "Auckland Islands", "FEATURECLA": "Island group", "SCALERANK": 5 }, "geometry": { "type": "MultiPolygon", "coordinates": [ [ [ [ 166.204966667583676, -50.874444268755894 ], [ 166.22620690195879, -50.884209893755951 ], [ 166.212168816021176, -50.888970635943451 ], [ 166.183970573833903, -50.892876885943451 ], [ 166.157115105083676, -50.902154229693338 ], [ 166.14332115977129, -50.903374932818451 ], [ 166.12940514414629, -50.901543878130894 ], [ 166.122569206646176, -50.910943292193394 ], [ 165.98536217539629, -50.903252862505894 ], [ 165.978037956646176, -50.898980401568451 ], [ 165.97376549570879, -50.892510675005951 ], [ 165.964854362896176, -50.884209893755951 ], [ 165.94166100352129, -50.870904229693394 ], [ 165.931651237896176, -50.862481378130838 ], [ 165.923838737896176, -50.850030206255894 ], [ 165.94239342539629, -50.851739190630894 ], [ 165.958140495708903, -50.857842706255894 ], [ 165.985606316021403, -50.873345635943338 ], [ 165.999766472271176, -50.873589776568394 ], [ 166.07667076914629, -50.861138604693338 ], [ 166.08948815195879, -50.852349542193451 ], [ 166.095713737896176, -50.850030206255894 ], [ 166.106944206646176, -50.851250909380894 ], [ 166.13685143320879, -50.863091729693394 ], [ 166.204966667583676, -50.874444268755894 ] ] ], [ [ [ 166.22840416758379, -50.541314385943394 ], [ 166.22620690195879, -50.547784112505894 ], [ 166.24244225352129, -50.548394464068394 ], [ 166.28760826914629, -50.541558526568451 ], [ 166.284068230083676, -50.547173760943451 ], [ 166.28809655039629, -50.558892510943394 ], [ 166.295420769146176, -50.570367120318338 ], [ 166.301890495708676, -50.575738214068394 ], [ 166.260264519146403, -50.575738214068394 ], [ 166.250743034771176, -50.578179620318451 ], [ 166.247691276958676, -50.584283135943451 ], [ 166.24683678477129, -50.592095635943451 ], [ 166.243296745708903, -50.599541925005951 ], [ 166.226084831646176, -50.610162042193394 ], [ 166.213877800396176, -50.607476495318394 ], [ 166.201670769146176, -50.603448175005951 ], [ 166.184580925396176, -50.609795831255894 ], [ 166.195078972271176, -50.617242120318394 ], [ 166.202281120708903, -50.627007745318451 ], [ 166.21192467539629, -50.651421807818451 ], [ 166.205332878521403, -50.649346612505894 ], [ 166.191050651958676, -50.646783135943394 ], [ 166.184580925396176, -50.644585870318394 ], [ 166.188975456646176, -50.659356378130894 ], [ 166.19190514414629, -50.665093682818394 ], [ 166.18409264414629, -50.669366143755894 ], [ 166.16407311289629, -50.685601495318394 ], [ 166.17933190195879, -50.681939385943451 ], [ 166.195811394146176, -50.682061456255894 ], [ 166.21192467539629, -50.685601495318394 ], [ 166.22620690195879, -50.692437432818338 ], [ 166.202281120708903, -50.699517510943394 ], [ 166.14918053477129, -50.695611260943394 ], [ 166.122569206646176, -50.699273370318394 ], [ 166.122569206646176, -50.706109307818394 ], [ 166.142222526958676, -50.705865167193451 ], [ 166.177134636333676, -50.718560479693451 ], [ 166.19825280039629, -50.719659112505894 ], [ 166.18921959727129, -50.737359307818338 ], [ 166.17774498789629, -50.753838800005951 ], [ 166.193125847271403, -50.754571221880894 ], [ 166.21924889414629, -50.752251885943394 ], [ 166.232432487896176, -50.753838800005951 ], [ 166.227915886333903, -50.762505792193451 ], [ 166.226695183208903, -50.771294854693451 ], [ 166.22816002695879, -50.779961846880951 ], [ 166.232432487896176, -50.788628839068394 ], [ 166.223887566021176, -50.787896417193338 ], [ 166.206553581646403, -50.789239190630838 ], [ 166.19825280039629, -50.788628839068394 ], [ 166.19825280039629, -50.795342706255838 ], [ 166.21192467539629, -50.796319268755894 ], [ 166.229746941021403, -50.801812432818451 ], [ 166.24586022227129, -50.809258721880838 ], [ 166.253428581646176, -50.815972589068394 ], [ 166.251109245708903, -50.832940362505894 ], [ 166.24000084727129, -50.849786065630951 ], [ 166.224253776958676, -50.859063409380894 ], [ 166.20875084727129, -50.853448175005894 ], [ 166.18482506602129, -50.840386651568394 ], [ 166.153452995708903, -50.833428643755894 ], [ 166.124888542583676, -50.823418878130894 ], [ 166.10877526133379, -50.801690362505894 ], [ 166.098155144146176, -50.811944268755894 ], [ 166.08643639414629, -50.819024346880894 ], [ 166.06104576914629, -50.829522393755894 ], [ 166.067271355083676, -50.816460870318394 ], [ 166.077159050396403, -50.801202081255894 ], [ 166.083506706646176, -50.785577081255894 ], [ 166.078379753521403, -50.771172784380894 ], [ 166.067393425396176, -50.760918878130894 ], [ 166.054087761333903, -50.752496026568451 ], [ 166.040171745708676, -50.750787042193451 ], [ 166.02698815195879, -50.761285089068451 ], [ 166.03589928477129, -50.766534112505838 ], [ 166.04712975352129, -50.775811456255894 ], [ 166.052744987896403, -50.784722589068394 ], [ 166.044322136333676, -50.788628839068394 ], [ 166.03052819102129, -50.785821221880894 ], [ 166.00733483164629, -50.775079034380894 ], [ 165.992686394146176, -50.774956964068394 ], [ 166.00379479258379, -50.784112237505894 ], [ 166.014048698833676, -50.789971612505951 ], [ 166.022227409771403, -50.796929620318394 ], [ 166.02698815195879, -50.809136651568394 ], [ 166.02674401133379, -50.824151300005894 ], [ 166.02125084727129, -50.834771417193394 ], [ 166.01087487070879, -50.841119073443338 ], [ 165.996104362896403, -50.843194268755951 ], [ 165.97852623789629, -50.842339776568451 ], [ 165.965220573833676, -50.838921807818338 ], [ 165.95374596445879, -50.831719659380894 ], [ 165.94129479258379, -50.819268487505951 ], [ 165.93287194102129, -50.820122979693451 ], [ 165.91993248789629, -50.829400323443394 ], [ 165.89661705820879, -50.850030206255894 ], [ 165.88636315195879, -50.793389581255894 ], [ 165.925181511333676, -50.752740167193394 ], [ 166.05897057383379, -50.692437432818338 ], [ 166.07862389414629, -50.674371026568394 ], [ 166.091319206646176, -50.650689385943394 ], [ 166.095713737896176, -50.620049737505838 ], [ 166.10303795664629, -50.597466729693394 ], [ 166.115000847271403, -50.573296807818451 ], [ 166.117442253521176, -50.551202081255838 ], [ 166.095713737896176, -50.534722589068394 ], [ 166.113169792583676, -50.531304620318394 ], [ 166.12635338633379, -50.526543878130894 ], [ 166.13965905039629, -50.524834893755894 ], [ 166.157237175396176, -50.531060479693451 ], [ 166.17090905039629, -50.531548760943338 ], [ 166.21924889414629, -50.524834893755894 ], [ 166.232432487896176, -50.521050714068451 ], [ 166.230479362896176, -50.527520440630951 ], [ 166.22840416758379, -50.541314385943394 ] ] ] ] } },
{ "type": "Feature", "properties": { "NAME": "George V Coast", "FEATURECLA": "Coast", "SCALERANK": 3 }, "geometry": { "type": "Polygon", "coordinates": [ [ [ 143.862695312500136, -66.938574218749977 ], [ 143.911132812500114, -67.090722656249966 ], [ 144.11767578125, -67.087695312499989 ], [ 144.347851562500068, -67.017968749999966 ], [ 144.550585937500159, -67.035546875000023 ], [ 144.621191406249977, -67.141406249999989 ], [ 144.515332031250068, -67.282519531250045 ], [ 144.259667968750023, -67.478710937499955 ], [ 144.153710937500136, -67.64414062499992 ], [ 143.941992187499977, -67.79404296874992 ], [ 143.977343750000045, -67.864550781249989 ], [ 144.189062499999977, -67.899804687499966 ], [ 144.404296875, -67.794238281250045 ], [ 144.879101562500068, -67.720898437500011 ], [ 145.1279296875, -67.625976562499943 ], [ 145.556445312500045, -67.59091796874992 ], [ 145.975195312500091, -67.624218749999955 ], [ 146.2763671875, -67.750878906250023 ], [ 146.827832031250068, -67.964648437500045 ], [ 146.852441406250136, -68.041015624999943 ], [ 146.896582031250091, -68.120312499999955 ], [ 146.878222656250045, -68.191210937499989 ], [ 146.797656250000159, -68.273632812500011 ], [ 147.093652343750023, -68.36865234375 ], [ 147.353808593750159, -68.38427734375 ], [ 147.568554687500182, -68.375097656249977 ], [ 148.456250000000182, -68.466992187499955 ], [ 148.880566406250182, -68.431152343749943 ], [ 149.2626953125, -68.431347656250011 ], [ 149.716894531249977, -68.417773437500045 ], [ 150.065527343749977, -68.419921874999943 ], [ 150.342187500000023, -68.435742187500011 ], [ 150.671972656250091, -68.402929687499977 ], [ 150.935937500000023, -68.358496093749977 ], [ 151.068261718750136, -68.384960937499955 ], [ 151.121093750000114, -68.623046874999943 ], [ 151.138867187500182, -68.764160156249943 ], [ 151.288769531250068, -68.817089843749955 ], [ 151.447558593750159, -68.764160156249943 ], [ 151.562109374999977, -68.693652343750045 ], [ 152.265234375000091, -68.7255859375 ], [ 152.545507812499977, -68.729589843749977 ], [ 152.814160156250182, -68.76767578124992 ], [ 153.081835937500045, -68.856835937499966 ], [ 153.339941406249977, -68.817968749999977 ], [ 153.495703124999977, -68.764355468749955 ], [ 153.633836652315495, -68.740989918696187 ], [ 153.578623894146205, -70.843928597979527 ], [ 153.578623894146205, -70.843926690630951 ], [ 142.000010612896318, -69.562434457354584 ], [ 142.000010612896318, -66.816499010274811 ], [ 142.158984375000159, -66.873632812499977 ], [ 142.32666015625, -66.94833984374992 ], [ 142.6875, -67.01279296874992 ], [ 142.888378906250068, -67.000097656249977 ], [ 143.1689453125, -66.948632812499966 ], [ 143.448242187500114, -66.876757812499989 ], [ 143.678286666712864, -66.876757812499989 ], [ 143.755016204589793, -66.888270989741002 ], [ 143.862695312500136, -66.938574218749977 ] ] ] } },
{ "type": "Feature", "properties": { "NAME": "Clarie Coast", "FEATURECLA": "Coast", "SCALERANK": 3 }, "geometry": { "type": "MultiPolygon", "coordinates": [ [ [ [ 129.584727409771375, -69.77080657344348 ], [ 129.584727479163945, -69.770806571216738 ], [ 129.584727409771375, -69.770808480792084 ], [ 129.584727409771375, -69.77080657344348 ] ] ], [ [ [ 129.703095963152606, -66.513490236204348 ], [ 129.735240993680122, -66.47559293705612 ], [ 129.994895928063869, -66.337781968936994 ], [ 130.120507812500023, -66.291503906249943 ], [ 130.300585937500159, -66.268457031249966 ], [ 130.578515625000136, -66.20859374999992 ], [ 130.951757812500091, -66.19140625 ], [ 131.232031249999977, -66.215527343750011 ], [ 131.830859375000159, -66.23583984375 ], [ 132.3203125, -66.165429687500023 ], [ 132.874316406250045, -66.178027343750045 ], [ 133.148242187500159, -66.094824218749977 ], [ 133.444531250000068, -66.081445312499966 ], [ 133.8427734375, -66.153613281250045 ], [ 133.95751953125, -66.204296874999955 ], [ 134.178906250000068, -66.277050781249955 ], [ 134.231835937500023, -66.347656249999943 ], [ 134.289453125000136, -66.476757812499955 ], [ 134.398144531250182, -66.479882812499966 ], [ 134.769726562500068, -66.353320312500045 ], [ 134.971484375000159, -66.33017578124992 ], [ 135.351953125000023, -66.127148437499955 ], [ 135.554785156249977, -66.180078125000023 ], [ 136.009375, -66.266796875000011 ], [ 136.078257683208705, -66.276272799674231 ], [ 136.078257683208705, -69.562434457354584 ], [ 129.584727479163945, -69.770806571216738 ], [ 129.587645470681679, -69.690507989060762 ], [ 129.703095963152606, -66.513490236204348 ] ] ] ] } },
{ "type": "Feature", "properties": { "NAME": "Adélie Coast", "FEATURECLA": "Coast", "SCALERANK": 3 }, "geometry": { "type": "Polygon", "coordinates": [ [ [ 136.078257683208705, -66.276272799674231 ], [ 136.193945312499977, -66.292187500000011 ], [ 136.553320312499977, -66.43896484375 ], [ 136.739648437500136, -66.40771484375 ], [ 136.88916015625, -66.339648437499989 ], [ 137.336230468750159, -66.346484375000045 ], [ 137.753808593750136, -66.406445312500011 ], [ 137.92578125, -66.456933593750023 ], [ 138.139941406250045, -66.543945312499943 ], [ 138.27099609375, -66.564453124999943 ], [ 138.37646484375, -66.540429687499966 ], [ 139.241601562500023, -66.574023437500045 ], [ 139.613183593750023, -66.637597656250023 ], [ 139.900097656250068, -66.715136718750045 ], [ 140.901562500000182, -66.751953125 ], [ 141.285937500000159, -66.831835937499989 ], [ 141.517187499999977, -66.79404296874992 ], [ 141.972851562500068, -66.80673828124992 ], [ 142.000010612896318, -66.816499010274811 ], [ 142.000010612896318, -69.562434457354584 ], [ 136.084984625832561, -69.562434457354584 ], [ 136.078257683208705, -69.562434457354584 ], [ 136.078257683208705, -66.276272799674231 ] ] ] } },
{ "type": "Feature", "properties": { "NAME": "Enderby Land", "FEATURECLA": "Geoarea", "SCALERANK": 3 }, "geometry": { "type": "MultiPolygon", "coordinates": [ [ [ [ 57.470656128484933, -73.750552245733445 ], [ 57.502452019146205, -82.609307550005937 ], [ 57.502452019146205, -82.609309457354527 ], [ 44.635630730083875, -82.651338396762213 ], [ 34.070933464458705, -82.685847543292084 ], [ 34.159796169249802, -73.999934457354541 ], [ 34.166537017958973, -73.341048075820368 ], [ 34.20253525764187, -69.822388792744903 ], [ 34.209864006656112, -69.10603791060673 ], [ 34.595898437500011, -69.094531249999989 ], [ 34.74951171875, -69.167675781250011 ], [ 35.13134765625, -69.48691406249992 ], [ 35.224804687500011, -69.63730468749992 ], [ 35.357031249999977, -69.681347656250011 ], [ 35.567675781250102, -69.660058593750023 ], [ 36.017773437500125, -69.661816406250011 ], [ 36.331152343750034, -69.639355468749955 ], [ 36.585937500000057, -69.637890624999955 ], [ 36.718750000000114, -69.652246093750023 ], [ 36.855761718750102, -69.725585937499943 ], [ 37.114843749999977, -69.810449218750023 ], [ 37.374511718750114, -69.747851562500045 ], [ 37.559765625000011, -69.718359374999977 ], [ 37.787109375, -69.725683593749977 ], [ 38.144335937500102, -69.82421875 ], [ 38.499414062500136, -70.05615234375 ], [ 38.885546875000102, -70.171875 ], [ 38.91171874999992, -70.097851562499955 ], [ 38.85927734375008, -70.006054687500011 ], [ 39.01875, -69.924218750000023 ], [ 39.066306111434109, -69.890070953960148 ], [ 39.167857292583705, -69.940852426104584 ], [ 39.905528191021205, -69.624690316729556 ], [ 39.834748800054768, -69.058209142447396 ], [ 39.831554423379018, -69.032643024603374 ], [ 39.86386718749992, -68.966992187499955 ], [ 40.041699218750125, -68.867773437499977 ], [ 40.215625, -68.804882812499955 ], [ 40.483886718750114, -68.73886718749992 ], [ 40.817089843749955, -68.723632812499943 ], [ 41.132714843750136, -68.575097656249966 ], [ 41.35634765625008, -68.514941406250045 ], [ 41.82460937500008, -68.4326171875 ], [ 42.408789062500091, -68.351855468750045 ], [ 42.819531250000068, -68.123242187500011 ], [ 42.960937500000114, -68.09531249999992 ], [ 43.170898437500057, -68.059765624999955 ], [ 43.554101562499966, -68.045605468750011 ], [ 44.177539062500159, -67.972460937500045 ], [ 44.372851562500159, -67.961328124999966 ], [ 44.699804687499977, -67.904296875 ], [ 44.989550781250045, -67.769238281250011 ], [ 45.196972656250011, -67.731152343749955 ], [ 45.5693359375, -67.736425781249977 ], [ 45.887695312500057, -67.65976562499992 ], [ 46.153906250000091, -67.657031249999989 ], [ 46.39902343749992, -67.617578125000023 ], [ 46.436523437500114, -67.533398437500011 ], [ 46.319726562500136, -67.4765625 ], [ 46.317285156249966, -67.401953124999977 ], [ 46.4541015625, -67.303613281250023 ], [ 46.548414077221246, -67.271943121357452 ], [ 46.605767917897872, -67.269108278325902 ], [ 46.883886718749977, -67.274804687500023 ], [ 47.154394531249977, -67.357226562499989 ], [ 47.3515625, -67.361914062499977 ], [ 47.402929687500034, -67.409179687499943 ], [ 47.231347656250023, -67.46826171875 ], [ 47.117187500000057, -67.572656250000023 ], [ 47.314160156250068, -67.664941406249966 ], [ 47.489843749999977, -67.727929687500023 ], [ 47.703515625000136, -67.716210937499966 ], [ 47.958593750000034, -67.660058593749966 ], [ 48.209960937500114, -67.699316406249977 ], [ 48.321679687500136, -67.785253906249977 ], [ 48.321679687500136, -67.91748046875 ], [ 48.374511718750057, -67.988085937499989 ], [ 48.550976562500125, -67.926367187499977 ], [ 48.648046875000034, -67.79404296874992 ], [ 48.620019531249966, -67.625195312499955 ], [ 48.630371093749943, -67.520605468749977 ], [ 49.052929687500068, -67.352441406250023 ], [ 49.219335937500034, -67.226855468749989 ], [ 48.923046875000068, -67.19970703125 ], [ 48.713671875000045, -67.21689453124992 ], [ 48.598437500000045, -67.171289062499966 ], [ 48.46523437500008, -67.043457031249943 ], [ 48.830273437500011, -66.938281249999989 ], [ 49.2470703125, -66.941601562499955 ], [ 49.488671875000023, -67.030957031249955 ], [ 50.006152343750102, -67.175195312499966 ], [ 50.292968750000114, -67.172167968750045 ], [ 50.553027343750159, -67.194335937499943 ], [ 50.605957031250114, -67.150195312500045 ], [ 50.508886718750034, -66.938574218749977 ], [ 50.520898437500023, -66.820019531250011 ], [ 50.30605468750008, -66.753320312499966 ], [ 50.244335937500125, -66.603417968750023 ], [ 50.332421875000136, -66.444628906249989 ], [ 50.588281250000023, -66.356445312499943 ], [ 50.936914062500023, -66.315429687499943 ], [ 51.050281207997173, -66.27868787648859 ], [ 53.698464086225123, -65.859896363628138 ], [ 54.175013547242528, -65.881413481711874 ], [ 55.515877568135771, -66.006914338040076 ], [ 55.710351562500136, -66.079980468750023 ], [ 55.974023437500023, -66.209375 ], [ 56.361523437500068, -66.372753906250011 ], [ 56.859375, -66.42343749999992 ], [ 57.000292968749989, -66.474804687500011 ], [ 57.18544921875008, -66.613281249999943 ], [ 56.986523437500068, -66.704394531250045 ], [ 56.82363281250008, -66.712695312500045 ], [ 56.510058593750159, -66.65927734374992 ], [ 56.29453124999992, -66.603417968750023 ], [ 56.145898437500023, -66.62607421874992 ], [ 56.291894531250136, -66.721093750000023 ], [ 56.45322265624992, -66.779785156249943 ], [ 56.479687500000011, -66.859179687500045 ], [ 56.391406250000159, -66.973828124999955 ], [ 55.802734375000114, -67.199316406249977 ], [ 56.154882812500091, -67.264550781249966 ], [ 56.365917968750068, -67.2125 ], [ 56.562109375000091, -67.115917968749955 ], [ 56.760058593750102, -67.073339843749977 ], [ 56.891601562500057, -67.05625 ], [ 57.361132812500159, -67.052636718750023 ], [ 57.446571516599398, -67.040261108878653 ], [ 57.466864486372828, -72.694150648732744 ], [ 57.470656128484933, -73.750552245733445 ] ] ], [ [ [ 34.219335937500034, -68.790625 ], [ 34.213048906036576, -68.79472891690412 ], [ 34.213296765110336, -68.770501853623927 ], [ 34.219335937500034, -68.790625 ] ] ], [ [ [ 48.784043681663206, -66.750056527667084 ], [ 48.785546875000136, -66.767578124999943 ], [ 48.774707031250045, -66.7783203125 ], [ 48.545996093749977, -66.784179687499943 ], [ 48.377929687500057, -66.807324218749955 ], [ 48.348583661526597, -66.803538893591167 ], [ 48.416636589458761, -66.750056527667084 ], [ 48.784043681663206, -66.750056527667084 ] ] ] ] } },
{ "type": "Feature", "properties": { "NAME": "American Highland", "FEATURECLA": "Plateau", "SCALERANK": 2 }, "geometry": { "type": "Polygon", "coordinates": [ [ [ 75.426280144146205, -76.625056527667084 ], [ 70.517222526958705, -76.339656137042027 ], [ 69.261363151958705, -74.398860238604556 ], [ 70.379161003521205, -73.08147742610457 ], [ 72.015879753521261, -72.053889535479556 ], [ 72.541758659771375, -71.912589079872077 ], [ 74.565928581646261, -71.368706964068423 ], [ 74.565928581646261, -71.368708871417098 ], [ 76.374888542583705, -71.95843055110457 ], [ 76.363635744787388, -72.827894131702891 ], [ 76.339610222271205, -74.684260629229513 ], [ 75.426280144146205, -76.625056527667084 ] ] ] } },
{ "type": "Feature", "properties": { "NAME": "Prince Charles Mountains", "FEATURECLA": "Range/mtn", "SCALERANK": 4 }, "geometry": { "type": "Polygon", "coordinates": [ [ [ 64.809024793026623, -73.942050162644676 ], [ 63.687510612896205, -73.562434457354584 ], [ 65.687510612896261, -71.62493445735457 ], [ 66.937510612896205, -70.499934457354527 ], [ 67.603061572048432, -70.318420559403918 ], [ 67.658984375000045, -70.325976562500045 ], [ 67.94082031250008, -70.4228515625 ], [ 68.559375000000159, -70.4125 ], [ 68.757421875000034, -70.369921875000045 ], [ 69.020898437500023, -70.3251953125 ], [ 69.028964549473969, -70.325697700096995 ], [ 68.976084831646205, -70.631158135943437 ], [ 68.976084831646205, -70.631160043292027 ], [ 67.777354362896205, -71.544490121417027 ], [ 66.464488151958705, -72.971736215167084 ], [ 64.809092644146205, -73.94207312922957 ], [ 64.809024793026623, -73.942050162644676 ] ] ] } },
{ "type": "Feature", "properties": { "NAME": "MacRobertson Land", "FEATURECLA": "Geoarea", "SCALERANK": 3 }, "geometry": { "type": "Polygon", "coordinates": [ [ [ 64.809092644146205, -73.942071221880894 ], [ 64.809024793026623, -73.942050162644676 ], [ 63.153697136333761, -73.428279183917027 ], [ 63.267832878521261, -71.544490121417027 ], [ 66.007823112896261, -69.089900277667084 ], [ 66.009593655168516, -69.087444797145338 ], [ 66.961558441122506, -67.767210298419485 ], [ 67.1748046875, -67.767968750000023 ], [ 67.502441406249943, -67.81015624999992 ], [ 68.09853515625008, -67.854101562499977 ], [ 68.327929687500102, -67.889550781250023 ], [ 68.899511718750034, -67.862109374999989 ], [ 69.167187500000011, -67.824804687499977 ], [ 69.321136173498402, -67.774252576061272 ], [ 69.574590853198188, -67.779325662362083 ], [ 69.655957031250125, -67.864550781249989 ], [ 69.60302734375, -68.041015624999943 ], [ 69.704492187500023, -68.160839843749955 ], [ 69.788671874999977, -68.279492187499955 ], [ 69.907421875000011, -68.379492187499977 ], [ 69.982226562500159, -68.464257812500023 ], [ 69.927929687500068, -68.535351562499955 ], [ 69.761914062500011, -68.598535156250023 ], [ 69.5341796875, -68.736914062499977 ], [ 69.546875000000114, -68.856640624999955 ], [ 69.645605468749977, -68.932226562499977 ], [ 69.53076171875, -69.02402343749992 ], [ 69.588269678780918, -69.112929806441798 ], [ 69.413951042583705, -69.203059457354556 ], [ 69.374775830995446, -69.330829404488924 ], [ 69.371875000000159, -69.331445312500023 ], [ 69.064941406249943, -69.33740234375 ], [ 68.90625, -69.372753906250011 ], [ 68.87978515625008, -69.469726562499943 ], [ 68.959179687500068, -69.540234374999955 ], [ 69.135546875000159, -69.577929687499989 ], [ 69.188476562500057, -69.65488281249992 ], [ 69.162011718750023, -69.769628906249977 ], [ 69.082617187500034, -69.866601562500023 ], [ 68.920507812500034, -69.911816406249955 ], [ 68.74375, -69.921386718749943 ], [ 68.415234375000125, -69.902148437500045 ], [ 68.178125000000136, -69.837304687499966 ], [ 68.027148437500102, -69.894433593749966 ], [ 67.916992187500057, -69.952734374999977 ], [ 67.575390625000068, -70.087890624999943 ], [ 67.416601562500034, -70.177148437500023 ], [ 67.267968750000136, -70.273144531249955 ], [ 67.658984375000045, -70.325976562500045 ], [ 67.94082031250008, -70.4228515625 ], [ 68.559375000000159, -70.4125 ], [ 68.757421875000034, -70.369921875000045 ], [ 69.020898437500023, -70.3251953125 ], [ 69.068977729322853, -70.328189870468208 ], [ 68.976084831646205, -70.631160043292027 ], [ 67.777354362896205, -71.544490121417027 ], [ 66.464488151958705, -72.971736215167084 ], [ 64.809092644146205, -73.94207312922957 ], [ 64.809092644146205, -73.942071221880894 ] ] ] } },
{ "type": "Feature", "properties": { "NAME": "Kemp Land", "FEATURECLA": "Geoarea", "SCALERANK": 3 }, "geometry": { "type": "Polygon", "coordinates": [ [ [ 57.501731116962929, -73.749948464352997 ], [ 57.493322736706403, -72.697930734567137 ], [ 57.44810134977557, -67.040039515881006 ], [ 57.627441406250057, -67.014062500000023 ], [ 57.828125000000114, -67.041308593750045 ], [ 58.02675781250008, -67.103417968749966 ], [ 58.317480468749977, -67.1630859375 ], [ 58.593526867363792, -67.206803983419945 ], [ 59.128794792583761, -67.446589730792056 ], [ 59.176678334764624, -67.448099776506837 ], [ 59.250781250000045, -67.48496093749992 ], [ 59.604693098415481, -67.461597563643693 ], [ 61.073382519176945, -67.507913856573623 ], [ 61.309082031250114, -67.540234375000011 ], [ 62.173925781250091, -67.575488281250045 ], [ 62.687890625000023, -67.64755859374992 ], [ 62.992250291268498, -67.568426883064902 ], [ 64.555308480370613, -67.617719170412784 ], [ 64.573632812500136, -67.620410156249989 ], [ 65.707519531250057, -67.716406249999977 ], [ 66.488378906249977, -67.765527343749966 ], [ 66.939350553671531, -67.76713131176615 ], [ 66.009552394971792, -69.087444697119835 ], [ 66.007823112896261, -69.089900277667084 ], [ 63.267832878521261, -71.544490121417027 ], [ 63.153697136333761, -73.428279183917027 ], [ 61.249388120095176, -73.567065421436396 ], [ 57.502452019146205, -73.840142510943409 ], [ 57.502452019146205, -73.840144418292084 ], [ 57.501731116962929, -73.749948464352997 ] ] ] } },
{ "type": "Feature", "properties": { "NAME": "Prince Olav Coast", "FEATURECLA": "Coast", "SCALERANK": 3 }, "geometry": { "type": "MultiPolygon", "coordinates": [ [ [ [ 44.635630730083875, -73.999932550005951 ], [ 44.635630730083875, -72.466447074521554 ], [ 44.635630730083875, -67.915490898635312 ], [ 44.699804687499977, -67.904296875 ], [ 44.989550781250045, -67.769238281250011 ], [ 45.196972656250011, -67.731152343749955 ], [ 45.5693359375, -67.736425781249977 ], [ 45.887695312500057, -67.65976562499992 ], [ 46.153906250000091, -67.657031249999989 ], [ 46.39902343749992, -67.617578125000023 ], [ 46.436523437500114, -67.533398437500011 ], [ 46.319726562500136, -67.4765625 ], [ 46.317285156249966, -67.401953124999977 ], [ 46.4541015625, -67.303613281250023 ], [ 46.485641721266887, -67.29302209010072 ], [ 46.802459670389815, -67.27313690458179 ], [ 46.883886718749977, -67.274804687500023 ], [ 47.154394531249977, -67.357226562499989 ], [ 47.3515625, -67.361914062499977 ], [ 47.402929687500034, -67.409179687499943 ], [ 47.231347656250023, -67.46826171875 ], [ 47.117187500000057, -67.572656250000023 ], [ 47.314160156250068, -67.664941406249966 ], [ 47.489843749999977, -67.727929687500023 ], [ 47.703515625000136, -67.716210937499966 ], [ 47.958593750000034, -67.660058593749966 ], [ 48.209960937500114, -67.699316406249977 ], [ 48.321679687500136, -67.785253906249977 ], [ 48.321679687500136, -67.91748046875 ], [ 48.374511718750057, -67.988085937499989 ], [ 48.550976562500125, -67.926367187499977 ], [ 48.648046875000034, -67.79404296874992 ], [ 48.620019531249966, -67.625195312499955 ], [ 48.630371093749943, -67.520605468749977 ], [ 49.052929687500068, -67.352441406250023 ], [ 49.219335937500034, -67.226855468749989 ], [ 48.923046875000068, -67.19970703125 ], [ 48.713671875000045, -67.21689453124992 ], [ 48.598437500000045, -67.171289062499966 ], [ 48.46523437500008, -67.043457031249943 ], [ 48.830273437500011, -66.938281249999989 ], [ 49.2470703125, -66.941601562499955 ], [ 49.488671875000023, -67.030957031249955 ], [ 50.006152343750102, -67.175195312499966 ], [ 50.292968750000114, -67.172167968750045 ], [ 50.553027343750159, -67.194335937499943 ], [ 50.605957031250114, -67.150195312500045 ], [ 50.508886718750034, -66.938574218749977 ], [ 50.520898437500023, -66.820019531250011 ], [ 50.30605468750008, -66.753320312499966 ], [ 50.244335937500125, -66.603417968750023 ], [ 50.332421875000136, -66.444628906249989 ], [ 50.588281250000023, -66.356445312499943 ], [ 50.936914062500023, -66.315429687499943 ], [ 50.999214844430711, -66.295238268323615 ], [ 53.919945808897502, -65.8698966863018 ], [ 54.175425091800946, -65.881432063734493 ], [ 55.515850794730966, -66.006904278961997 ], [ 55.710351562500136, -66.079980468750023 ], [ 55.974023437500023, -66.209375 ], [ 56.361523437500068, -66.372753906250011 ], [ 56.859375, -66.42343749999992 ], [ 57.000292968749989, -66.474804687500011 ], [ 57.18544921875008, -66.613281249999943 ], [ 56.986523437500068, -66.704394531250045 ], [ 56.82363281250008, -66.712695312500045 ], [ 56.510058593750159, -66.65927734374992 ], [ 56.29453124999992, -66.603417968750023 ], [ 56.145898437500023, -66.62607421874992 ], [ 56.291894531250136, -66.721093750000023 ], [ 56.45322265624992, -66.779785156249943 ], [ 56.479687500000011, -66.859179687500045 ], [ 56.391406250000159, -66.973828124999955 ], [ 55.802734375000114, -67.199316406249977 ], [ 56.154882812500091, -67.264550781249966 ], [ 56.365917968750068, -67.2125 ], [ 56.562109375000091, -67.115917968749955 ], [ 56.760058593750102, -67.073339843749977 ], [ 56.891601562500057, -67.05625 ], [ 57.361132812500159, -67.052636718750023 ], [ 57.448136820026697, -67.040034378092528 ], [ 57.493936985475074, -72.69801849218679 ], [ 57.502452019146205, -73.749934457354584 ], [ 57.501731116962929, -73.749948464352997 ], [ 57.470656128484933, -73.750552245733445 ], [ 44.635630730083761, -73.999934457354541 ], [ 44.635630730083875, -73.999932550005951 ] ] ], [ [ [ 48.784043681663206, -66.750056527667084 ], [ 48.785546875000136, -66.767578124999943 ], [ 48.774707031250045, -66.7783203125 ], [ 48.545996093749977, -66.784179687499943 ], [ 48.377929687500057, -66.807324218749955 ], [ 48.348583661526597, -66.803538893591167 ], [ 48.416636589458761, -66.750056527667084 ], [ 48.784043681663206, -66.750056527667084 ] ] ] ] } },
{ "type": "Feature", "properties": { "NAME": "Mawson Coast", "FEATURECLA": "Coast", "SCALERANK": 3 }, "geometry": { "type": "Polygon", "coordinates": [ [ [ 66.009593655168516, -69.087444797145338 ], [ 66.009552394971792, -69.087444697119835 ], [ 59.116953972271261, -69.070735238604598 ], [ 59.116953972271261, -68.334651254229556 ], [ 59.128794792583761, -67.446589730792056 ], [ 59.176678334764624, -67.448099776506837 ], [ 59.250781250000045, -67.48496093749992 ], [ 59.604693098415481, -67.461597563643693 ], [ 61.073382519176945, -67.507913856573623 ], [ 61.309082031250114, -67.540234375000011 ], [ 62.173925781250091, -67.575488281250045 ], [ 62.687890625000023, -67.64755859374992 ], [ 62.992250291268498, -67.568426883064902 ], [ 64.555308480370613, -67.617719170412784 ], [ 64.573632812500136, -67.620410156249989 ], [ 65.707519531250057, -67.716406249999977 ], [ 66.488378906249977, -67.765527343749966 ], [ 66.990489128521261, -67.767313196013035 ], [ 66.990489128521261, -68.494683526568394 ], [ 66.990489128521261, -68.49468543391707 ], [ 67.022471550396261, -69.089900277667084 ], [ 66.009593655168516, -69.087444797145338 ] ] ] } },
{ "type": "Feature", "properties": { "NAME": "Scott Mountains", "FEATURECLA": "Range/mtn", "SCALERANK": 4 }, "geometry": { "type": "Polygon", "coordinates": [ [ [ 51.103037956646261, -67.830867074542013 ], [ 49.791636589458705, -67.916682504229584 ], [ 49.270762566021261, -67.875056527667041 ], [ 49.354136589458705, -67.56255462031838 ], [ 49.354136589458705, -67.562556527667056 ], [ 49.904063347271205, -67.325251840167027 ], [ 50.698619011333761, -67.281916879229584 ], [ 51.290904167583705, -67.426448129229541 ], [ 51.103037956646261, -67.830867074542013 ] ] ] } },
{ "type": "Feature", "properties": { "NAME": "Napier Mountains", "FEATURECLA": "Range/mtn", "SCALERANK": 4 }, "geometry": { "type": "Polygon", "coordinates": [ [ [ 55.379038933208761, -66.155207894854556 ], [ 56.043589714458705, -66.429744027667027 ], [ 55.870249870708705, -67.15191199641707 ], [ 54.757945183208705, -67.238581918292056 ], [ 53.501109245708705, -67.065242074542084 ], [ 53.255625847271205, -66.660823129229527 ], [ 53.674449089458761, -66.126275323443423 ], [ 53.674449089458761, -66.126277230792013 ], [ 54.627940300396261, -66.068537972979556 ], [ 55.379038933208761, -66.155207894854556 ] ] ] } },
{ "type": "Feature", "properties": { "NAME": "Dome F (Fuji)", "FEATURECLA": "Plateau", "SCALERANK": 2 }, "geometry": { "type": "Polygon", "coordinates": [ [ [ 39.702647331646261, -80.033015512042084 ], [ 38.649180534771205, -79.820369027667013 ], [ 37.788951042583705, -79.240290902667056 ], [ 37.208872917583761, -78.380061410479541 ], [ 36.996226433208761, -77.326594613604584 ], [ 36.996226433208761, -77.326592706255923 ], [ 37.208872917583761, -76.273127816729556 ], [ 37.788951042583705, -75.412898324542041 ], [ 38.649180534771205, -74.832820199542084 ], [ 39.702647331646261, -74.620173715167013 ], [ 40.756114128521205, -74.832820199542084 ], [ 41.616343620708705, -75.412898324542041 ], [ 42.196421745708761, -76.273127816729556 ], [ 42.409068230083761, -77.326594613604584 ], [ 42.196421745708761, -78.380061410479541 ], [ 41.616343620708705, -79.240290902667056 ], [ 40.756114128521205, -79.820369027667013 ], [ 39.702647331646261, -80.033015512042084 ] ] ] } },
{ "type": "Feature", "properties": { "NAME": "Princess Ragnhild Coast", "FEATURECLA": "Coast", "SCALERANK": 3 }, "geometry": { "type": "MultiPolygon", "coordinates": [ [ [ [ 34.070933501109522, -73.916677834956047 ], [ 34.070933464458761, -73.916682504229556 ], [ 29.10128478594271, -73.916682504229556 ], [ 20.15235436289629, -73.916682504229556 ], [ 20.15235436289629, -70.915673008824868 ], [ 21.070800781250057, -70.843457031249955 ], [ 21.186035156250057, -70.680566406250023 ], [ 21.337304687499966, -70.495117187499943 ], [ 21.70498046875008, -70.258496093750011 ], [ 21.848925781250102, -70.276757812499966 ], [ 21.962304687500136, -70.30039062499992 ], [ 22.215820312500057, -70.417285156249989 ], [ 22.366015625000102, -70.47509765625 ], [ 22.396484375000114, -70.561328125000045 ], [ 22.233691406250159, -70.64267578124992 ], [ 22.277832031250114, -70.695605468750045 ], [ 22.445410156249977, -70.73974609375 ], [ 22.979003906249943, -70.810351562500045 ], [ 23.149902343749943, -70.796289062500023 ], [ 23.406835937500091, -70.723242187499977 ], [ 23.664843750000045, -70.575 ], [ 23.80361328125008, -70.404589843749989 ], [ 24.024121093750068, -70.413378906249989 ], [ 24.235742187500023, -70.448632812500023 ], [ 24.3857421875, -70.536914062500045 ], [ 24.3857421875, -70.704394531250045 ], [ 24.588378906250114, -70.820410156249977 ], [ 24.75673828125008, -70.89208984375 ], [ 25.18740234375008, -70.970996093750045 ], [ 25.650195312500045, -70.990625 ], [ 25.974121093749943, -71.037402343750045 ], [ 26.498828125000102, -71.019531249999943 ], [ 26.754394531250114, -70.96728515625 ], [ 26.917968750000057, -70.953710937499977 ], [ 27.206835937500102, -70.910937500000045 ], [ 27.508593750000102, -70.813281250000045 ], [ 27.697753906250114, -70.7724609375 ], [ 28.386425781250068, -70.682031250000023 ], [ 28.911523437500136, -70.583105468749977 ], [ 29.4638671875, -70.40625 ], [ 30.003320312500136, -70.3 ], [ 30.834082031250091, -70.246289062500011 ], [ 31.062890625000023, -70.22470703124992 ], [ 31.37880859375008, -70.225781250000011 ], [ 32.159570312500136, -70.099804687500011 ], [ 32.456542968750057, -70.025976562499977 ], [ 32.621289062500068, -70.00058593749992 ], [ 32.809765625000068, -69.909375 ], [ 32.911523437500023, -69.733691406249989 ], [ 32.989355468750091, -69.624218750000011 ], [ 32.975976562500023, -69.516992187500023 ], [ 32.903125000000102, -69.378710937499989 ], [ 32.737988281250011, -69.2548828125 ], [ 32.567578125000125, -69.074218749999943 ], [ 32.641601562500114, -68.868945312500045 ], [ 32.776171875000159, -68.783105468749966 ], [ 33.121484374999966, -68.689160156250011 ], [ 33.465625000000102, -68.670703124999989 ], [ 33.853515625000114, -68.683007812500023 ], [ 34.111898161072212, -68.69780439514129 ], [ 34.11061251296632, -68.861595203093984 ], [ 34.074218750000114, -68.88535156249992 ], [ 33.884863281250091, -68.979296875000045 ], [ 33.772070312500034, -69.02001953125 ], [ 33.813671875000125, -69.099316406250011 ], [ 34.058593750000114, -69.110546874999955 ], [ 34.108670125387349, -69.109054231313394 ], [ 34.103009669948989, -69.830192904778926 ], [ 34.075370485999173, -73.351408585447743 ], [ 34.070933501109522, -73.916677834956047 ] ] ], [ [ [ 26.604785156249989, -70.07822265624992 ], [ 26.686230468750068, -70.114453124999955 ], [ 26.737402343750034, -70.18603515625 ], [ 26.874804687500159, -70.329980468749966 ], [ 26.857226562500102, -70.381152343750045 ], [ 26.79296875, -70.419335937499966 ], [ 26.608789062500136, -70.412402343749989 ], [ 26.470214843749943, -70.447949218749955 ], [ 26.357617187500125, -70.434277343750011 ], [ 26.005371093750114, -70.372949218750023 ], [ 25.96425781250008, -70.294531249999977 ], [ 25.954101562499943, -70.261425781249955 ], [ 25.982519531250091, -70.199902343749955 ], [ 26.301074218750159, -70.072460937500011 ], [ 26.425585937500102, -70.060546875 ], [ 26.604785156249989, -70.07822265624992 ] ] ] ] } },
{ "type": "Feature", "properties": { "NAME": "Prince Harald Coast", "FEATURECLA": "Coast", "SCALERANK": 3 }, "geometry": { "type": "MultiPolygon", "coordinates": [ [ [ [ 44.635630730083875, -73.999932550005951 ], [ 44.635630730083761, -73.999934457354541 ], [ 34.159796169249802, -73.999934457354541 ], [ 34.070933464458705, -73.999934457354541 ], [ 34.070933464458761, -73.916682504229556 ], [ 34.070933464458705, -73.916680596880951 ], [ 34.070933501109522, -73.916677834956047 ], [ 34.078439272998736, -73.351059836882158 ], [ 34.125184382036338, -69.828454116378197 ], [ 34.134741157544937, -69.108277123121127 ], [ 34.595898437500011, -69.094531249999989 ], [ 34.74951171875, -69.167675781250011 ], [ 35.13134765625, -69.48691406249992 ], [ 35.224804687500011, -69.63730468749992 ], [ 35.357031249999977, -69.681347656250011 ], [ 35.567675781250102, -69.660058593750023 ], [ 36.017773437500125, -69.661816406250011 ], [ 36.331152343750034, -69.639355468749955 ], [ 36.585937500000057, -69.637890624999955 ], [ 36.718750000000114, -69.652246093750023 ], [ 36.855761718750102, -69.725585937499943 ], [ 37.114843749999977, -69.810449218750023 ], [ 37.374511718750114, -69.747851562500045 ], [ 37.559765625000011, -69.718359374999977 ], [ 37.787109375, -69.725683593749977 ], [ 38.144335937500102, -69.82421875 ], [ 38.499414062500136, -70.05615234375 ], [ 38.885546875000102, -70.171875 ], [ 38.91171874999992, -70.097851562499955 ], [ 38.85927734375008, -70.006054687500011 ], [ 39.01875, -69.924218750000023 ], [ 39.211328125000023, -69.785937499999989 ], [ 39.246886569894649, -69.762987628729007 ], [ 39.778697136333705, -69.611384652667027 ], [ 39.834748800054768, -69.058209142447396 ], [ 39.838839014456788, -69.017842696769378 ], [ 39.86386718749992, -68.966992187499955 ], [ 40.041699218750125, -68.867773437499977 ], [ 40.215625, -68.804882812499955 ], [ 40.483886718750114, -68.73886718749992 ], [ 40.817089843749955, -68.723632812499943 ], [ 41.132714843750136, -68.575097656249966 ], [ 41.35634765625008, -68.514941406250045 ], [ 41.82460937500008, -68.4326171875 ], [ 42.408789062500091, -68.351855468750045 ], [ 42.802307157047501, -68.132828873568002 ], [ 42.960465590334003, -68.095405708677063 ], [ 42.960937500000114, -68.09531249999992 ], [ 43.170898437500057, -68.059765624999955 ], [ 43.554101562499966, -68.045605468750011 ], [ 44.177539062500159, -67.972460937500045 ], [ 44.372851562500159, -67.961328124999966 ], [ 44.635630730083875, -67.915490898635312 ], [ 44.635630730083875, -72.466447074521554 ], [ 44.635630730083875, -73.999932550005951 ] ] ], [ [ [ 34.192871093750114, -68.702441406250045 ], [ 34.219335937500034, -68.790625 ], [ 34.138254070776682, -68.843551925115491 ], [ 34.140166663998706, -68.699423224517517 ], [ 34.192871093750114, -68.702441406250045 ] ] ] ] } },
{ "type": "Feature", "properties": { "NAME": "Riiser-Larsen Peninsula", "FEATURECLA": "Peninsula", "SCALERANK": 5 }, "geometry": { "type": "Polygon", "coordinates": [ [ [ 35.125010612896261, -69.750054620318437 ], [ 34.20253525764187, -69.822388792744903 ], [ 34.125184382036338, -69.828454116378197 ], [ 34.103009669948989, -69.830192904778926 ], [ 33.000010612896261, -69.916682504229541 ], [ 32.900161529339698, -69.753307598937539 ], [ 32.911523437500023, -69.733691406249989 ], [ 32.989355468750091, -69.624218750000011 ], [ 32.975976562500023, -69.516992187500023 ], [ 32.903125000000102, -69.378710937499989 ], [ 32.737988281250011, -69.2548828125 ], [ 32.569466326400722, -69.076220568103736 ], [ 32.584625562624012, -69.026944721127393 ], [ 32.641601562500114, -68.868945312500045 ], [ 32.776171875000159, -68.783105468749966 ], [ 33.121484374999966, -68.689160156250011 ], [ 33.465625000000102, -68.670703124999989 ], [ 33.853515625000114, -68.683007812500023 ], [ 34.192871093750114, -68.702441406250045 ], [ 34.219335937500034, -68.790625 ], [ 34.074218750000114, -68.88535156249992 ], [ 33.884863281250091, -68.979296875000045 ], [ 33.772070312500034, -69.02001953125 ], [ 33.813671875000125, -69.099316406250011 ], [ 34.058593750000114, -69.110546874999955 ], [ 34.595898437500011, -69.094531249999989 ], [ 34.74951171875, -69.167675781250011 ], [ 35.13134765625, -69.48691406249992 ], [ 35.176816960101306, -69.560083057203158 ], [ 35.125010612896261, -69.750056527667027 ], [ 35.125010612896261, -69.750054620318437 ] ] ] } },
{ "type": "Feature", "properties": { "NAME": "Dome A (Argus)", "FEATURECLA": "Plateau", "SCALERANK": 2 }, "geometry": { "type": "Polygon", "coordinates": [ [ [ 77.371104362896205, -83.07683875422957 ], [ 76.317637566021261, -82.864192269854584 ], [ 75.457408073833761, -82.284114144854541 ], [ 74.877329948833705, -81.423884652667027 ], [ 74.664683464458705, -80.370417855792084 ], [ 74.664683464458705, -80.370415948443394 ], [ 74.877329948833705, -79.316951058917041 ], [ 75.457408073833761, -78.456721566729527 ], [ 76.317637566021261, -77.876643441729556 ], [ 77.371104362896205, -77.663996957354584 ], [ 78.424571159771261, -77.876643441729556 ], [ 79.284800651958761, -78.456721566729527 ], [ 79.864878776958705, -79.316951058917041 ], [ 80.077525261333705, -80.370417855792084 ], [ 79.864878776958705, -81.423884652667027 ], [ 79.284800651958761, -82.284114144854541 ], [ 78.424571159771261, -82.864192269854584 ], [ 77.371104362896205, -83.07683875422957 ] ] ] } },
{ "type": "Feature", "properties": { "NAME": "East Antarctica", "FEATURECLA": "Geoarea", "SCALERANK": 1 }, "geometry": { "type": "MultiPolygon", "coordinates": [ [ [ [ 103.186132812500148, -65.330566406249943 ], [ 103.261035156250102, -65.377343749999966 ], [ 103.378906249999943, -65.426464843749955 ], [ 103.397265624999989, -65.445312499999943 ], [ 103.337207031249989, -65.468554687499989 ], [ 103.175976562500011, -65.45468749999992 ], [ 103.138476562499989, -65.43505859375 ], [ 103.124218750000125, -65.338378906249943 ], [ 103.112792968750114, -65.31201171875 ], [ 103.054394531250125, -65.285351562499955 ], [ 102.788769531250011, -65.23593749999992 ], [ 102.759570312500102, -65.167871093750023 ], [ 102.796093750000068, -65.136328124999977 ], [ 102.819414492431605, -65.134727912603083 ], [ 103.187504741628658, -65.262885264677564 ], [ 103.181738281250091, -65.30771484374992 ], [ 103.186132812500148, -65.330566406249943 ] ] ], [ [ [ 130.120507812500023, -66.291503906249943 ], [ 130.300585937500159, -66.268457031249966 ], [ 130.578515625000136, -66.20859374999992 ], [ 130.951757812500091, -66.19140625 ], [ 131.232031249999977, -66.215527343750011 ], [ 131.830859375000159, -66.23583984375 ], [ 132.3203125, -66.165429687500023 ], [ 132.874316406250045, -66.178027343750045 ], [ 133.148242187500159, -66.094824218749977 ], [ 133.444531250000068, -66.081445312499966 ], [ 133.8427734375, -66.153613281250045 ], [ 133.95751953125, -66.204296874999955 ], [ 134.178906250000068, -66.277050781249955 ], [ 134.231835937500023, -66.347656249999943 ], [ 134.289453125000136, -66.476757812499955 ], [ 134.398144531250182, -66.479882812499966 ], [ 134.769726562500068, -66.353320312500045 ], [ 134.971484375000159, -66.33017578124992 ], [ 135.351953125000023, -66.127148437499955 ], [ 135.554785156249977, -66.180078125000023 ], [ 136.009375, -66.266796875000011 ], [ 136.193945312499977, -66.292187500000011 ], [ 136.553320312499977, -66.43896484375 ], [ 136.739648437500136, -66.40771484375 ], [ 136.88916015625, -66.339648437499989 ], [ 137.336230468750159, -66.346484375000045 ], [ 137.753808593750136, -66.406445312500011 ], [ 137.92578125, -66.456933593750023 ], [ 138.139941406250045, -66.543945312499943 ], [ 138.27099609375, -66.564453124999943 ], [ 138.37646484375, -66.540429687499966 ], [ 139.241601562500023, -66.574023437500045 ], [ 139.613183593750023, -66.637597656250023 ], [ 139.900097656250068, -66.715136718750045 ], [ 140.901562500000182, -66.751953125 ], [ 141.285937500000159, -66.831835937499989 ], [ 141.517187499999977, -66.79404296874992 ], [ 141.972851562500068, -66.80673828124992 ], [ 142.158984375000159, -66.873632812499977 ], [ 142.32666015625, -66.94833984374992 ], [ 142.6875, -67.01279296874992 ], [ 142.888378906250068, -67.000097656249977 ], [ 143.1689453125, -66.948632812499966 ], [ 143.403477566909316, -66.888277658917758 ], [ 143.853154168101639, -66.934116990407361 ], [ 143.862695312500136, -66.938574218749977 ], [ 143.911132812500114, -67.090722656249966 ], [ 144.11767578125, -67.087695312499989 ], [ 144.347851562500068, -67.017968749999966 ], [ 144.550585937500159, -67.035546875000023 ], [ 144.621191406249977, -67.141406249999989 ], [ 144.515332031250068, -67.282519531250045 ], [ 144.259667968750023, -67.478710937499955 ], [ 144.153710937500136, -67.64414062499992 ], [ 143.941992187499977, -67.79404296874992 ], [ 143.977343750000045, -67.864550781249989 ], [ 144.189062499999977, -67.899804687499966 ], [ 144.404296875, -67.794238281250045 ], [ 144.879101562500068, -67.720898437500011 ], [ 145.1279296875, -67.625976562499943 ], [ 145.556445312500045, -67.59091796874992 ], [ 145.975195312500091, -67.624218749999955 ], [ 146.2763671875, -67.750878906250023 ], [ 146.827832031250068, -67.964648437500045 ], [ 146.852441406250136, -68.041015624999943 ], [ 146.896582031250091, -68.120312499999955 ], [ 146.878222656250045, -68.191210937499989 ], [ 146.797656250000159, -68.273632812500011 ], [ 147.093652343750023, -68.36865234375 ], [ 147.353808593750159, -68.38427734375 ], [ 147.568554687500182, -68.375097656249977 ], [ 148.456250000000182, -68.466992187499955 ], [ 148.880566406250182, -68.431152343749943 ], [ 149.2626953125, -68.431347656250011 ], [ 149.716894531249977, -68.417773437500045 ], [ 150.065527343749977, -68.419921874999943 ], [ 150.342187500000023, -68.435742187500011 ], [ 150.671972656250091, -68.402929687499977 ], [ 150.935937500000023, -68.358496093749977 ], [ 151.068261718750136, -68.384960937499955 ], [ 151.121093750000114, -68.623046874999943 ], [ 151.138867187500182, -68.764160156249943 ], [ 151.288769531250068, -68.817089843749955 ], [ 151.447558593750159, -68.764160156249943 ], [ 151.562109374999977, -68.693652343750045 ], [ 152.265234375000091, -68.7255859375 ], [ 152.545507812499977, -68.729589843749977 ], [ 152.814160156250182, -68.76767578124992 ], [ 153.081835937500045, -68.856835937499966 ], [ 153.339941406249977, -68.817968749999977 ], [ 153.495703124999977, -68.764355468749955 ], [ 153.705273437500182, -68.728906250000023 ], [ 153.766992187500136, -68.640625 ], [ 153.792382812500023, -68.493359375000011 ], [ 153.78466796875, -68.349609374999943 ], [ 153.908007812500159, -68.323144531249966 ], [ 154.017512162732174, -68.346603565963704 ], [ 154.395532007034717, -68.530380335735657 ], [ 154.576367187500182, -68.634277343749943 ], [ 154.866015625000045, -68.774316406249966 ], [ 154.9875, -68.84130859375 ], [ 155.113257930842934, -68.879307392997475 ], [ 155.637583855083761, -69.134211801104556 ], [ 157.441718637493182, -69.296626532106586 ], [ 157.481347656250136, -69.30869140624992 ], [ 157.500517840141725, -69.301919848755887 ], [ 159.461022412364798, -69.478411553162033 ], [ 159.783984375000159, -69.521875 ], [ 159.930957031250045, -69.630566406249955 ], [ 160.125781250000159, -69.734277343750023 ], [ 160.125781250000159, -69.840136718750045 ], [ 160.209667968750182, -69.974902343750045 ], [ 160.65185546875, -70.08056640625 ], [ 160.826757812500091, -70.182031249999966 ], [ 161.037011718750136, -70.317187500000045 ], [ 161.424511718750182, -70.82675781249992 ], [ 161.625097656249977, -70.91611328124992 ], [ 161.916113281249977, -70.90732421874992 ], [ 162.189453125000114, -71.039550781249943 ], [ 162.277734375000136, -71.021875 ], [ 162.286523437500136, -70.969042968750045 ], [ 162.039648437500091, -70.625 ], [ 162.021972656250114, -70.439843749999966 ], [ 162.216015625000182, -70.333984375 ], [ 162.6748046875, -70.304589843749966 ], [ 163.026464843750091, -70.501367187500023 ], [ 163.348730468749977, -70.620898437499989 ], [ 163.566503906249977, -70.642285156250011 ], [ 163.998437500000023, -70.636523437499989 ], [ 164.403222656250023, -70.510449218750011 ], [ 164.716015625000182, -70.556542968749966 ], [ 165.209375, -70.570800781249943 ], [ 165.853906250000023, -70.645312499999989 ], [ 166.132031250000182, -70.632812499999943 ], [ 166.626953125000114, -70.664257812499955 ], [ 167.228808593750159, -70.771289062499989 ], [ 167.344865578527447, -70.784565076526974 ], [ 167.69301321654217, -70.877916880092741 ], [ 167.798828125000114, -70.924902343749977 ], [ 167.878125, -71.013085937499966 ], [ 167.96630859375, -71.092480468750011 ], [ 168.172656250000045, -71.183203124999977 ], [ 168.382812500000114, -71.197363281249977 ], [ 168.797851562500114, -71.274804687500023 ], [ 169.663769531250068, -71.511328124999977 ], [ 169.976953125000136, -71.580664062499977 ], [ 170.162304687500068, -71.630468749999977 ], [ 170.250488281250114, -71.56875 ], [ 170.276855468750114, -71.44394531249992 ], [ 170.428766310798551, -71.419856193109453 ], [ 170.455207380420063, -71.440268339725591 ], [ 170.603320312500045, -71.60400390625 ], [ 170.779687500000023, -71.7451171875 ], [ 170.859082031250068, -71.868554687500023 ], [ 170.675390624999977, -71.968554687500045 ], [ 170.409277343750091, -71.947949218750011 ], [ 170.224023437500023, -71.947949218750011 ], [ 170.030078125000159, -72.115527343750045 ], [ 169.953515625000136, -72.402832031249943 ], [ 170.127148437500182, -72.397753906249989 ], [ 170.259375, -72.371289062500011 ], [ 170.285839843750182, -72.477148437499977 ], [ 170.206445312500023, -72.565332031250023 ], [ 170.047753906250023, -72.6005859375 ], [ 169.77490234375, -72.533789062499977 ], [ 169.440332031250023, -72.48681640625 ], [ 169.072363281250091, -72.46875 ], [ 168.718847656249977, -72.384472656249955 ], [ 168.576171875, -72.379101562500011 ], [ 168.428417968750182, -72.383398437499977 ], [ 168.621679687500091, -72.472656249999943 ], [ 168.820019531250182, -72.552441406249955 ], [ 169.269531250000114, -72.621289062499955 ], [ 169.828613281250114, -72.728808593750045 ], [ 169.844824218750091, -72.794628906250011 ], [ 169.712109375000182, -72.876953125 ], [ 169.545019531250091, -73.050390624999977 ], [ 169.033398437500068, -73.200390625000011 ], [ 168.735937500000091, -73.091210937500023 ], [ 168.38134765625, -73.065917968749943 ], [ 168.204492187500023, -73.129785156250023 ], [ 167.85302734375, -73.122460937500023 ], [ 167.155664062500023, -73.147265624999989 ], [ 166.8828125, -73.01123046875 ], [ 166.452832031250182, -72.936035156249943 ], [ 166.466992187500068, -72.997460937500023 ], [ 166.833984375, -73.224316406249955 ], [ 167.2255859375, -73.275781249999966 ], [ 167.615820312499977, -73.336816406249966 ], [ 167.709082031249977, -73.394238281249955 ], [ 167.5341796875, -73.447265625 ], [ 167.296484375000091, -73.440039062499977 ], [ 166.99609375, -73.544335937499966 ], [ 166.428808593750091, -73.526953124999977 ], [ 166.159375, -73.533789062499977 ], [ 166.001074218749977, -73.57666015625 ], [ 165.860156250000045, -73.592675781249966 ], [ 165.970605468750023, -73.630761718750023 ], [ 166.106054687500091, -73.735156250000045 ], [ 165.913281250000068, -73.822851562499977 ], [ 165.733691406250045, -73.866699218749943 ], [ 165.548925781250091, -73.846093750000023 ], [ 165.346972656250159, -73.879394531249943 ], [ 165.249902343750023, -73.782421875000011 ], [ 165.244531250000023, -73.571191406250023 ], [ 165.129492187500091, -73.382617187499989 ], [ 165.004882812500114, -73.374511718749943 ], [ 164.81298828125, -73.396777343750045 ], [ 164.749609375000091, -73.558789062500011 ], [ 164.8876953125, -73.837695312500045 ], [ 164.979882812500136, -73.92587890624992 ], [ 164.905957031250182, -74.0029296875 ], [ 164.775683593750045, -74.028515624999955 ], [ 165.037207031250091, -74.263476562500045 ], [ 165.263085937500136, -74.426171874999966 ], [ 165.399804687500023, -74.479199218750011 ], [ 165.408593750000023, -74.558593749999943 ], [ 165.302832031249977, -74.59375 ], [ 165.001171875000182, -74.562695312499955 ], [ 164.85302734375, -74.578320312499955 ], [ 164.68896484375, -74.568359375 ], [ 164.410742187499977, -74.533398437499955 ], [ 164.174023437500068, -74.523242187500045 ], [ 163.935839843750045, -74.567382812499943 ], [ 163.735253906250023, -74.563769531249989 ], [ 163.556542968750023, -74.417382812500023 ], [ 163.397851562500023, -74.382128906250045 ], [ 163.265527343750136, -74.42626953125 ], [ 163.167382812500023, -74.601953124999966 ], [ 162.961230468750045, -74.656054687499989 ], [ 162.752050781249977, -74.736132812500045 ], [ 162.604101562499977, -74.823144531250023 ], [ 162.533593750000023, -75.16708984374992 ], [ 162.410058593750023, -75.237597656249989 ], [ 162.2255859375, -75.234570312500011 ], [ 162.087792968750136, -75.261621093749966 ], [ 161.910351562500068, -75.233886718749943 ], [ 161.679589843750136, -75.217773437499943 ], [ 160.910742187499977, -75.334667968749955 ], [ 161.032910156250182, -75.395898437499966 ], [ 161.227343750000159, -75.386132812500023 ], [ 161.903515625000068, -75.404199218749966 ], [ 162.189648437500068, -75.466894531249977 ], [ 162.239062500000045, -75.621679687499977 ], [ 162.351953125000136, -75.686523437499943 ], [ 162.577636718750114, -75.758007812499955 ], [ 162.754003906249977, -75.793261718750045 ], [ 162.815722656250159, -75.84619140625 ], [ 162.745117187500114, -75.951953125000045 ], [ 162.648242187500159, -76.049023437500011 ], [ 162.4365234375, -76.154882812499977 ], [ 162.498242187500068, -76.207714843750011 ], [ 162.727539062500114, -76.225390625000045 ], [ 162.824609375000136, -76.463574218750011 ], [ 162.674609375000159, -76.569335937499943 ], [ 162.745214843749977, -76.657519531250045 ], [ 162.762792968749977, -76.74570312499992 ], [ 162.609570312500068, -76.82871093749992 ], [ 162.489453125000068, -76.86923828124992 ], [ 162.450292968750091, -76.955664062499977 ], [ 162.679101562500023, -77.006738281249966 ], [ 162.850195312500091, -77.02353515624992 ], [ 163.086914062500114, -77.032324218749977 ], [ 163.249902343750136, -77.126464843749943 ], [ 163.45849609375, -77.269335937499989 ], [ 163.607617187500182, -77.387792968749977 ], [ 163.619140625, -77.582324218749989 ], [ 163.766210937499977, -77.699902343749955 ], [ 164.045214843750159, -77.774609375000011 ], [ 164.036425781250159, -77.85302734375 ], [ 164.232031249999977, -77.87705078124992 ], [ 164.420898437500114, -77.883496093750011 ], [ 164.491503906250159, -77.954003906249966 ], [ 164.429687500000114, -78.042187500000011 ], [ 164.107812500000136, -78.146777343750045 ], [ 163.977636718750091, -78.223828124999955 ], [ 164.29736328125, -78.236230468749966 ], [ 164.628125, -78.315625 ], [ 165.050585937500159, -78.226074218749943 ], [ 165.274023437499977, -78.128613281250011 ], [ 165.417578124999977, -78.042187500000011 ], [ 165.524023437499977, -78.063574218749977 ], [ 165.534179687500114, -78.15380859375 ], [ 165.662988281250023, -78.3056640625 ], [ 166.208593749999977, -78.45166015625 ], [ 166.510351562499977, -78.497363281249989 ], [ 166.801171875000136, -78.521582031249977 ], [ 167.058007812500023, -78.518457031250023 ], [ 167.130273437500023, -78.606152343749955 ], [ 167.049023437500182, -78.686035156249943 ], [ 166.850000000000136, -78.679882812499955 ], [ 166.524609375000068, -78.69492187499992 ], [ 166.286523437500023, -78.627832031250023 ], [ 166.116796875000091, -78.571093749999989 ], [ 164.634765625, -78.603222656249955 ], [ 164.300585937500159, -78.630078125000011 ], [ 163.901757812500023, -78.717089843749989 ], [ 163.503125000000182, -78.758593749999989 ], [ 162.895117187499977, -78.844824218749977 ], [ 162.639453125000045, -78.897753906250045 ], [ 161.974511718750023, -78.694238281250023 ], [ 161.757421874999977, -78.544921875 ], [ 161.669238281250159, -78.5361328125 ], [ 161.510449218750068, -78.571386718749977 ], [ 161.501757812500159, -78.677246093749943 ], [ 161.813378906250023, -78.907421874999955 ], [ 161.951464843750045, -78.96826171875 ], [ 161.951464843750045, -79.029980468749955 ], [ 161.864257812500114, -79.060937499999966 ], [ 161.7373046875, -79.059960937500023 ], [ 161.546093750000068, -79.015039062500023 ], [ 161.190527343749977, -78.978710937500011 ], [ 160.87353515625, -79.049707031249966 ], [ 160.482714843750159, -79.201464843749989 ], [ 160.5673828125, -79.30234374999992 ], [ 160.670214843750045, -79.35888671875 ], [ 160.646093750000091, -79.426855468749977 ], [ 160.209179687500068, -79.554394531249955 ], [ 160.067968750000091, -79.561230468750011 ], [ 159.975878906250159, -79.585644531250011 ], [ 160.083593750000091, -79.632519531249955 ], [ 160.322753906250114, -79.635546875000045 ], [ 160.346289062500091, -79.691503906249977 ], [ 160.264843750000182, -79.736621093750045 ], [ 159.871875, -79.789843750000045 ], [ 159.896484375000114, -79.85898437499992 ], [ 160.111425781249977, -79.892480468750023 ], [ 160.387304687500091, -79.87949218749992 ], [ 160.558007812500023, -79.929589843750023 ], [ 160.558789062500068, -80.010546874999989 ], [ 160.381738281250023, -80.054492187500045 ], [ 160.179394531250182, -80.088085937499955 ], [ 158.767480468750136, -80.293359375000023 ], [ 158.560351562500045, -80.348925781249989 ], [ 158.573632812500136, -80.423437499999977 ], [ 159.065136718750068, -80.442578124999955 ], [ 160.542187500000068, -80.425 ], [ 160.637304687500091, -80.449902343749955 ], [ 160.603320312500045, -80.507617187499989 ], [ 160.521289062500045, -80.583398437499966 ], [ 160.601367187500045, -80.636523437500045 ], [ 160.823242187500114, -80.674023437499955 ], [ 160.830273437500068, -80.729882812499966 ], [ 160.720019531250045, -80.753125 ], [ 160.502539062499977, -80.779296875 ], [ 160.260156250000136, -80.78671874999992 ], [ 160.275781250000136, -80.846777343749977 ], [ 160.607226562500159, -80.901171875000045 ], [ 160.716796875000114, -80.907421875000011 ], [ 160.727929687500023, -81.11289062499992 ], [ 160.716699218750023, -81.199609375000023 ], [ 160.540039062500114, -81.24169921875 ], [ 160.478613281250091, -81.270117187499977 ], [ 160.469824218750091, -81.340625 ], [ 160.907812500000091, -81.390234374999977 ], [ 161.582128906249977, -81.609765625000023 ], [ 161.730175781250068, -81.610449218749977 ], [ 161.996093750000114, -81.653027343750011 ], [ 162.42529296875, -81.764941406249989 ], [ 162.576660156250114, -81.83203125 ], [ 162.821191406250023, -81.8662109375 ], [ 162.854394531250023, -81.920703125000045 ], [ 163.004296875000023, -81.968945312500011 ], [ 163.602343750000159, -82.12060546875 ], [ 163.680078125000023, -82.187304687500045 ], [ 162.426562500000045, -82.314453124999943 ], [ 161.16650390625, -82.407812499999977 ], [ 161.283203125, -82.489941406250011 ], [ 162.64375, -82.481542968749977 ], [ 163.011816406250091, -82.534960937499989 ], [ 163.174707031250023, -82.518945312500023 ], [ 163.2685546875, -82.463281249999966 ], [ 164.001367187500136, -82.396777343750045 ], [ 164.747167968749977, -82.354394531250023 ], [ 164.980078124999977, -82.384960937500011 ], [ 165.981640625000068, -82.629687500000045 ], [ 166.445898437499977, -82.722167968749943 ], [ 166.7421875, -82.757031249999955 ], [ 166.956738281250182, -82.7646484375 ], [ 167.116308593749977, -82.80126953125 ], [ 167.271289062500159, -82.87939453125 ], [ 167.232617187500068, -82.952343749999955 ], [ 167.297460937499977, -82.985839843749943 ], [ 167.404492187500068, -82.998828124999989 ], [ 167.601953125000023, -83.047460937499977 ], [ 167.827539062500136, -83.030761718749943 ], [ 168.091796875000114, -82.974707031249977 ], [ 168.275976562499977, -82.987207031249966 ], [ 168.607324218750023, -83.065332031249966 ], [ 168.481640625000182, -83.126757812500045 ], [ 168.408398437500182, -83.155078125000045 ], [ 168.320019531250068, -83.210742187500045 ], [ 168.240234375, -83.229882812500023 ], [ 167.973046875000136, -83.243164062499943 ], [ 167.825390625000068, -83.242968749999989 ], [ 167.674414062499977, -83.2314453125 ], [ 167.657617187500136, -83.272167968750011 ], [ 167.8427734375, -83.316210937499989 ], [ 168.110058593750068, -83.362011718750011 ], [ 169.837890625, -83.39902343749992 ], [ 170.33203125, -83.478808593749989 ], [ 170.817480468749977, -83.435742187500011 ], [ 171.035742187499977, -83.448437499999955 ], [ 171.220703125, -83.475 ], [ 171.289257812500182, -83.555468749999989 ], [ 171.537109375, -83.581347656250045 ], [ 171.917187500000182, -83.64404296875 ], [ 172.450097656250023, -83.67539062499992 ], [ 172.873925781250023, -83.673144531249989 ], [ 173.397265625000045, -83.758789062499943 ], [ 173.661816406250182, -83.760937500000011 ], [ 173.822363281249977, -83.81015624999992 ], [ 175.011035156250045, -83.839062499999955 ], [ 175.187402343750136, -83.877441406249943 ], [ 175.322851562499977, -83.94003906249992 ], [ 175.605761718750045, -83.967578125000045 ], [ 175.911230468749977, -83.97314453125 ], [ 177.581054687500114, -84.074902343749955 ], [ 178.208593750000091, -84.129882812499943 ], [ 178.352636718749977, -84.126660156250011 ], [ 178.495996093750023, -84.1357421875 ], [ 178.944433593750091, -84.181445312499989 ], [ 179.403027343750068, -84.206152343749977 ], [ 179.620312500000068, -84.268359374999989 ], [ 180.0, -84.3515625 ], [ 180.0, -86.043956043956058 ], [ 180.0, -88.021978021978015 ], [ 180.0, -89.99993255000588 ], [ 174.374766472271318, -89.99993255000588 ], [ 168.749766472271205, -89.99993255000588 ], [ 163.124766472271261, -89.99993255000588 ], [ 157.499766472271205, -89.99993255000588 ], [ 151.874766472271261, -89.99993255000588 ], [ 146.249766472271205, -89.99993255000588 ], [ 140.624766472271205, -89.99993255000588 ], [ 136.125010612896318, -89.99993255000588 ], [ 134.999766472271261, -89.99993255000588 ], [ 129.374766472271205, -89.99993255000588 ], [ 123.749766472271261, -89.99993255000588 ], [ 118.124766472271205, -89.99993255000588 ], [ 112.499766472271261, -89.99993255000588 ], [ 106.874766472271261, -89.99993255000588 ], [ 101.249766472271205, -89.99993255000588 ], [ 100.812510612896205, -89.99993255000588 ], [ 95.624766472271261, -89.99993255000588 ], [ 89.999766472271205, -89.99993255000588 ], [ 84.374766472271205, -89.99993255000588 ], [ 78.749766472271261, -89.99993255000588 ], [ 73.124766472271205, -89.99993255000588 ], [ 67.499766472271261, -89.99993255000588 ], [ 61.874766472271205, -89.99993255000588 ], [ 56.249766472271261, -89.99993255000588 ], [ 50.624766472271205, -89.99993255000588 ], [ 44.999766472271205, -89.99993255000588 ], [ 39.374766472271261, -89.99993255000588 ], [ 33.749766472271205, -89.99993255000588 ], [ 28.124766472271261, -89.99993255000588 ], [ 22.499766472271233, -89.99993255000588 ], [ 16.87476647227129, -89.99993255000588 ], [ 11.249766472271233, -89.99993255000588 ], [ 5.62476647227129, -89.99993255000588 ], [ -0.00011145741621, -89.99993255000588 ], [ -0.001698371478767, -89.99993255000588 ], [ -0.001698371478767, -89.49993445735457 ], [ -0.001698371478767, -88.999934457354584 ], [ -0.001698371478767, -88.999932550005894 ], [ -0.001698371478767, -88.499934457354584 ], [ -0.001698371478767, -88.000056527667041 ], [ -0.001698371478767, -87.499934457354527 ], [ -0.001698371478767, -86.999934457354527 ], [ -0.001698371478767, -86.499934457354541 ], [ -0.001698371478767, -85.999934457354556 ], [ -0.001698371478767, -85.49993445735457 ], [ -0.001698371478767, -85.309748910479541 ], [ -0.001698371478767, -84.999934457354584 ], [ -0.001698371478767, -84.500056527667027 ], [ -0.001698371478767, -83.999934457354513 ], [ -0.001698371478767, -83.499934457354527 ], [ -0.001698371478767, -83.000056527667056 ], [ -0.001698371478767, -82.684870980792056 ], [ -0.001698371478767, -82.50005652766707 ], [ -0.001698371478767, -82.000056527667084 ], [ -0.001698371478767, -81.499934457354556 ], [ -0.001698371478767, -80.99993445735457 ], [ -0.001698371478767, -80.499934457354584 ], [ -0.001698371478767, -79.999934457354584 ], [ -0.001698371478767, -79.500056527667041 ], [ -0.001698371478767, -78.999934457354527 ], [ -0.001698371478767, -78.499934457354527 ], [ -0.001698371478767, -77.999934457354556 ], [ -0.001698371478767, -77.500056527667084 ], [ -0.001698371478767, -77.000056527667084 ], [ -0.001698371478767, -76.499934457354584 ], [ -0.001698371478767, -75.999934457354584 ], [ -0.001698371478767, -75.70079201327232 ], [ -0.001698371478767, -75.499934457354513 ], [ -0.001698371478767, -74.999934457354527 ], [ -0.001698371478767, -74.500056527667056 ], [ -0.001698371478767, -74.423008554757487 ], [ -0.001698371478767, -73.999934457354541 ], [ -0.001698371478767, -73.499934457354556 ], [ -0.001698371478767, -72.999934457354556 ], [ -0.001698371478767, -72.500056527667013 ], [ -0.001698371478767, -72.000056527667027 ], [ -0.001698371478767, -71.499934457354598 ], [ -0.001698371478767, -71.472010685656045 ], [ 0.15419921875008, -71.397949218749943 ], [ 0.538476562500023, -71.274218750000045 ], [ 0.834960937500057, -71.202343750000011 ], [ 1.552246093749943, -71.080273437500011 ], [ 1.908691406250114, -71.003613281250011 ], [ 2.609472656250034, -70.900097656249955 ], [ 3.50693359374992, -70.844433593750011 ], [ 5.113085937500102, -70.655664062499966 ], [ 5.64394531250008, -70.636328124999977 ], [ 6.508007812500068, -70.58642578125 ], [ 6.950976562500102, -70.535253906249977 ], [ 7.401171875000159, -70.494433593749989 ], [ 7.6767578125, -70.356347656250023 ], [ 8.306738281250091, -70.461621093750011 ], [ 8.523046875000091, -70.473828125000011 ], [ 8.817480468750034, -70.390820312499955 ], [ 9.1416015625, -70.18369140624992 ], [ 9.613476562500011, -70.26904296875 ], [ 9.885546875000045, -70.40292968749992 ], [ 10.217675781250023, -70.50791015624992 ], [ 10.968847656250091, -70.687695312499955 ], [ 11.203515625000136, -70.728710937499955 ], [ 11.701269531250091, -70.766601562499943 ], [ 11.833593750000034, -70.736523437499955 ], [ 12.067968750000034, -70.616503906249989 ], [ 12.308789062500068, -70.443261718749966 ], [ 12.461621093750125, -70.3701171875 ], [ 12.681933593750045, -70.30869140624992 ], [ 12.929394531250011, -70.213378906249943 ], [ 12.864550781250102, -70.162304687500011 ], [ 12.723437500000159, -70.143652343749977 ], [ 12.595117187500136, -70.117382812500011 ], [ 12.625621404928326, -70.066701824296231 ], [ 12.735118034771347, -70.071467660479556 ], [ 12.769407637385202, -70.061711688807577 ], [ 13.065625, -70.053613281250023 ], [ 13.297949218749977, -70.229589843749977 ], [ 13.532617187499966, -70.2875 ], [ 13.82265625000008, -70.343164062500023 ], [ 14.491796874999977, -70.299609375000045 ], [ 15.063867187500023, -70.294726562499989 ], [ 15.56289062500008, -70.330761718749955 ], [ 15.806933593750045, -70.324023437500045 ], [ 16.025195312500102, -70.193457031249977 ], [ 16.381054687500125, -70.145117187499977 ], [ 16.58486328125008, -70.203808593749955 ], [ 16.709179687500011, -70.397265625000045 ], [ 17.166699218750125, -70.450878906250011 ], [ 18.124609375000034, -70.540332031250045 ], [ 18.232031250000091, -70.518261718749955 ], [ 18.351367187500045, -70.41552734375 ], [ 18.432617187500114, -70.289941406250023 ], [ 18.627343749999966, -70.269433593750023 ], [ 18.877246093750102, -70.201367187500011 ], [ 19.009375, -70.212109374999955 ], [ 19.196386718750091, -70.293164062499955 ], [ 19.13232421875, -70.491894531250011 ], [ 19.026562500000125, -70.674023437500011 ], [ 19.15292968749992, -70.820898437499977 ], [ 19.265136718750057, -70.90234375 ], [ 19.40927734374992, -70.916992187499943 ], [ 19.65185546875, -70.920605468749955 ], [ 19.944238281250023, -70.910156249999943 ], [ 20.128125, -70.917578124999977 ], [ 21.070800781250057, -70.843457031249955 ], [ 21.186035156250057, -70.680566406250023 ], [ 21.337304687499966, -70.495117187499943 ], [ 21.70498046875008, -70.258496093750011 ], [ 21.848925781250102, -70.276757812499966 ], [ 21.962304687500136, -70.30039062499992 ], [ 22.215820312500057, -70.417285156249989 ], [ 22.366015625000102, -70.47509765625 ], [ 22.396484375000114, -70.561328125000045 ], [ 22.233691406250159, -70.64267578124992 ], [ 22.277832031250114, -70.695605468750045 ], [ 22.445410156249977, -70.73974609375 ], [ 22.979003906249943, -70.810351562500045 ], [ 23.149902343749943, -70.796289062500023 ], [ 23.406835937500091, -70.723242187499977 ], [ 23.664843750000045, -70.575 ], [ 23.80361328125008, -70.404589843749989 ], [ 24.024121093750068, -70.413378906249989 ], [ 24.235742187500023, -70.448632812500023 ], [ 24.3857421875, -70.536914062500045 ], [ 24.3857421875, -70.704394531250045 ], [ 24.588378906250114, -70.820410156249977 ], [ 24.75673828125008, -70.89208984375 ], [ 25.18740234375008, -70.970996093750045 ], [ 25.650195312500045, -70.990625 ], [ 25.974121093749943, -71.037402343750045 ], [ 26.498828125000102, -71.019531249999943 ], [ 26.754394531250114, -70.96728515625 ], [ 26.917968750000057, -70.953710937499977 ], [ 27.206835937500102, -70.910937500000045 ], [ 27.508593750000102, -70.813281250000045 ], [ 27.697753906250114, -70.7724609375 ], [ 28.386425781250068, -70.682031250000023 ], [ 28.911523437500136, -70.583105468749977 ], [ 29.4638671875, -70.40625 ], [ 30.003320312500136, -70.3 ], [ 30.834082031250091, -70.246289062500011 ], [ 31.062890625000023, -70.22470703124992 ], [ 31.37880859375008, -70.225781250000011 ], [ 32.159570312500136, -70.099804687500011 ], [ 32.456542968750057, -70.025976562499977 ], [ 32.621289062500068, -70.00058593749992 ], [ 32.809765625000068, -69.909375 ], [ 32.911523437500023, -69.733691406249989 ], [ 32.989355468750091, -69.624218750000011 ], [ 32.975976562500023, -69.516992187500023 ], [ 32.903125000000102, -69.378710937499989 ], [ 32.737988281250011, -69.2548828125 ], [ 32.567578125000125, -69.074218749999943 ], [ 32.617068040588769, -68.936978904924359 ], [ 34.096904360898371, -68.696945757375943 ], [ 34.192871093750114, -68.702441406250045 ], [ 34.219335937500034, -68.790625 ], [ 34.074218750000114, -68.88535156249992 ], [ 33.884863281250091, -68.979296875000045 ], [ 33.772070312500034, -69.02001953125 ], [ 33.813671875000125, -69.099316406250011 ], [ 34.058593750000114, -69.110546874999955 ], [ 34.595898437500011, -69.094531249999989 ], [ 34.74951171875, -69.167675781250011 ], [ 35.13134765625, -69.48691406249992 ], [ 35.224804687500011, -69.63730468749992 ], [ 35.357031249999977, -69.681347656250011 ], [ 35.567675781250102, -69.660058593750023 ], [ 36.017773437500125, -69.661816406250011 ], [ 36.331152343750034, -69.639355468749955 ], [ 36.585937500000057, -69.637890624999955 ], [ 36.718750000000114, -69.652246093750023 ], [ 36.855761718750102, -69.725585937499943 ], [ 37.114843749999977, -69.810449218750023 ], [ 37.374511718750114, -69.747851562500045 ], [ 37.559765625000011, -69.718359374999977 ], [ 37.787109375, -69.725683593749977 ], [ 38.144335937500102, -69.82421875 ], [ 38.499414062500136, -70.05615234375 ], [ 38.885546875000102, -70.171875 ], [ 38.91171874999992, -70.097851562499955 ], [ 38.85927734375008, -70.006054687500011 ], [ 39.01875, -69.924218750000023 ], [ 39.211328125000023, -69.785937499999989 ], [ 39.246761232606985, -69.763068523003923 ], [ 39.778697136333705, -69.611384652667027 ], [ 39.834748800054768, -69.058209142447396 ], [ 39.838839014456788, -69.017842696769378 ], [ 39.86386718749992, -68.966992187499955 ], [ 40.041699218750125, -68.867773437499977 ], [ 40.215625, -68.804882812499955 ], [ 40.483886718750114, -68.73886718749992 ], [ 40.817089843749955, -68.723632812499943 ], [ 41.132714843750136, -68.575097656249966 ], [ 41.35634765625008, -68.514941406250045 ], [ 41.82460937500008, -68.4326171875 ], [ 42.408789062500091, -68.351855468750045 ], [ 42.784759803575376, -68.142595481860496 ], [ 43.051676262748487, -68.07995021644625 ], [ 43.170898437500057, -68.059765624999955 ], [ 43.554101562499966, -68.045605468750011 ], [ 44.177539062500159, -67.972460937500045 ], [ 44.372851562500159, -67.961328124999966 ], [ 44.699804687499977, -67.904296875 ], [ 44.989550781250045, -67.769238281250011 ], [ 45.196972656250011, -67.731152343749955 ], [ 45.5693359375, -67.736425781249977 ], [ 45.887695312500057, -67.65976562499992 ], [ 46.153906250000091, -67.657031249999989 ], [ 46.39902343749992, -67.617578125000023 ], [ 46.436523437500114, -67.533398437500011 ], [ 46.319726562500136, -67.4765625 ], [ 46.317285156249966, -67.401953124999977 ], [ 46.4541015625, -67.303613281250023 ], [ 46.548414077221246, -67.271943121357452 ], [ 46.605767917897872, -67.269108278325902 ], [ 46.883886718749977, -67.274804687500023 ], [ 47.154394531249977, -67.357226562499989 ], [ 47.3515625, -67.361914062499977 ], [ 47.402929687500034, -67.409179687499943 ], [ 47.231347656250023, -67.46826171875 ], [ 47.117187500000057, -67.572656250000023 ], [ 47.314160156250068, -67.664941406249966 ], [ 47.489843749999977, -67.727929687500023 ], [ 47.703515625000136, -67.716210937499966 ], [ 47.958593750000034, -67.660058593749966 ], [ 48.209960937500114, -67.699316406249977 ], [ 48.321679687500136, -67.785253906249977 ], [ 48.321679687500136, -67.91748046875 ], [ 48.374511718750057, -67.988085937499989 ], [ 48.550976562500125, -67.926367187499977 ], [ 48.648046875000034, -67.79404296874992 ], [ 48.620019531249966, -67.625195312499955 ], [ 48.630371093749943, -67.520605468749977 ], [ 49.052929687500068, -67.352441406250023 ], [ 49.219335937500034, -67.226855468749989 ], [ 48.923046875000068, -67.19970703125 ], [ 48.713671875000045, -67.21689453124992 ], [ 48.598437500000045, -67.171289062499966 ], [ 48.46523437500008, -67.043457031249943 ], [ 48.830273437500011, -66.938281249999989 ], [ 49.2470703125, -66.941601562499955 ], [ 49.488671875000023, -67.030957031249955 ], [ 50.006152343750102, -67.175195312499966 ], [ 50.292968750000114, -67.172167968750045 ], [ 50.553027343750159, -67.194335937499943 ], [ 50.605957031250114, -67.150195312500045 ], [ 50.508886718750034, -66.938574218749977 ], [ 50.520898437500023, -66.820019531250011 ], [ 50.30605468750008, -66.753320312499966 ], [ 50.244335937500125, -66.603417968750023 ], [ 50.332421875000136, -66.444628906249989 ], [ 50.588281250000023, -66.356445312499943 ], [ 50.936914062500023, -66.315429687499943 ], [ 51.050281207997173, -66.27868787648859 ], [ 53.698464086225123, -65.859896363628138 ], [ 54.175013547242528, -65.881413481711874 ], [ 55.515877568135771, -66.006914338040076 ], [ 55.710351562500136, -66.079980468750023 ], [ 55.974023437500023, -66.209375 ], [ 56.361523437500068, -66.372753906250011 ], [ 56.859375, -66.42343749999992 ], [ 57.000292968749989, -66.474804687500011 ], [ 57.18544921875008, -66.613281249999943 ], [ 56.986523437500068, -66.704394531250045 ], [ 56.82363281250008, -66.712695312500045 ], [ 56.510058593750159, -66.65927734374992 ], [ 56.29453124999992, -66.603417968750023 ], [ 56.145898437500023, -66.62607421874992 ], [ 56.291894531250136, -66.721093750000023 ], [ 56.45322265624992, -66.779785156249943 ], [ 56.479687500000011, -66.859179687500045 ], [ 56.391406250000159, -66.973828124999955 ], [ 55.802734375000114, -67.199316406249977 ], [ 56.154882812500091, -67.264550781249966 ], [ 56.365917968750068, -67.2125 ], [ 56.562109375000091, -67.115917968749955 ], [ 56.760058593750102, -67.073339843749977 ], [ 56.891601562500057, -67.05625 ], [ 57.361132812500159, -67.052636718750023 ], [ 57.627441406250057, -67.014062500000023 ], [ 57.828125000000114, -67.041308593750045 ], [ 58.02675781250008, -67.103417968749966 ], [ 58.317480468749977, -67.1630859375 ], [ 58.658012982746335, -67.217016784484002 ], [ 59.128794792583761, -67.446589730792056 ], [ 59.176317003763494, -67.447920038905934 ], [ 59.250781250000045, -67.48496093749992 ], [ 59.622625844017293, -67.460413739361911 ], [ 61.011035465624701, -67.499280040806227 ], [ 61.012109375000023, -67.499511718749943 ], [ 61.309082031250114, -67.540234375000011 ], [ 62.173925781250091, -67.575488281250045 ], [ 62.687890625000023, -67.64755859374992 ], [ 63.017675781250034, -67.561816406250045 ], [ 63.051712890298042, -67.556405533674919 ], [ 64.39358099260923, -67.593968979902371 ], [ 64.573632812500136, -67.620410156249989 ], [ 65.707519531250057, -67.716406249999977 ], [ 66.488378906249977, -67.765527343749966 ], [ 67.1748046875, -67.767968750000023 ], [ 67.502441406249943, -67.81015624999992 ], [ 68.09853515625008, -67.854101562499977 ], [ 68.327929687500102, -67.889550781250023 ], [ 68.899511718750034, -67.862109374999989 ], [ 69.167187500000011, -67.824804687499977 ], [ 69.416406250000136, -67.742968749999989 ], [ 69.559179687500091, -67.763183593749943 ], [ 69.655957031250125, -67.864550781249989 ], [ 69.60302734375, -68.041015624999943 ], [ 69.704492187500023, -68.160839843749955 ], [ 69.788671874999977, -68.279492187499955 ], [ 69.907421875000011, -68.379492187499977 ], [ 69.982226562500159, -68.464257812500023 ], [ 69.927929687500068, -68.535351562499955 ], [ 69.761914062500011, -68.598535156250023 ], [ 69.5341796875, -68.736914062499977 ], [ 69.546875000000114, -68.856640624999955 ], [ 69.645605468749977, -68.932226562499977 ], [ 69.53076171875, -69.02402343749992 ], [ 69.614648437500023, -69.153710937499966 ], [ 69.629492187500034, -69.231640624999955 ], [ 69.549414062500091, -69.29375 ], [ 69.371875000000159, -69.331445312500023 ], [ 69.064941406249943, -69.33740234375 ], [ 68.90625, -69.372753906250011 ], [ 68.87978515625008, -69.469726562499943 ], [ 68.959179687500068, -69.540234374999955 ], [ 69.135546875000159, -69.577929687499989 ], [ 69.188476562500057, -69.65488281249992 ], [ 69.162011718750023, -69.769628906249977 ], [ 69.082617187500034, -69.866601562500023 ], [ 68.920507812500034, -69.911816406249955 ], [ 68.74375, -69.921386718749943 ], [ 68.415234375000125, -69.902148437500045 ], [ 68.178125000000136, -69.837304687499966 ], [ 68.027148437500102, -69.894433593749966 ], [ 67.916992187500057, -69.952734374999977 ], [ 67.575390625000068, -70.087890624999943 ], [ 67.416601562500034, -70.177148437500023 ], [ 67.267968750000136, -70.273144531249955 ], [ 67.658984375000045, -70.325976562500045 ], [ 67.94082031250008, -70.4228515625 ], [ 68.559375000000159, -70.4125 ], [ 68.757421875000034, -70.369921875000045 ], [ 69.020898437500023, -70.3251953125 ], [ 69.162011718750023, -70.333984375 ], [ 69.250195312500068, -70.431054687499966 ], [ 69.196679687500136, -70.585253906250045 ], [ 69.18837890625008, -70.70458984375 ], [ 68.872753906250068, -71.035156249999943 ], [ 68.767968750000023, -71.090722656249966 ], [ 68.623730468750125, -71.181445312499989 ], [ 68.447558593750102, -71.251562499999977 ], [ 68.310546875000114, -71.286523437500023 ], [ 68.037402343750045, -71.391015624999966 ], [ 67.873339843750045, -71.579785156249955 ], [ 67.693554687500011, -71.736718749999966 ], [ 67.432226562500034, -72.0029296875 ], [ 67.281054687500159, -72.290625 ], [ 67.21484375, -72.46142578125 ], [ 67.113378906250091, -72.64111328125 ], [ 66.892089843749943, -72.948632812500023 ], [ 66.746484375000136, -72.999804687499989 ], [ 66.497656250000091, -73.12548828125 ], [ 66.569140625000045, -73.209179687500011 ], [ 66.764746093749977, -73.216894531249977 ], [ 67.003125, -73.236425781249977 ], [ 67.322070312500159, -73.30029296875 ], [ 67.748632812500034, -73.168164062500011 ], [ 67.971386718750125, -73.085644531249955 ], [ 68.015527343750023, -72.918164062499955 ], [ 67.971386718750125, -72.75058593749992 ], [ 68.106835937499966, -72.650683593749989 ], [ 68.419824218749966, -72.515039062499966 ], [ 69.157031250000045, -72.418652343749955 ], [ 69.309472656250023, -72.40878906249992 ], [ 69.554687500000057, -72.374511718749943 ], [ 69.769726562500011, -72.253613281250011 ], [ 69.962109375000125, -72.13291015624992 ], [ 70.294335937500136, -72.055371093749955 ], [ 70.572851562500034, -71.930957031249989 ], [ 70.6162109375, -71.842089843750045 ], [ 70.731640625000068, -71.822265625 ], [ 71.078808593750068, -71.736718749999966 ], [ 71.16787109375008, -71.671582031250011 ], [ 71.27675781250008, -71.623925781249966 ], [ 71.349218750000091, -71.513867187499955 ], [ 71.37880859375008, -71.309179687499977 ], [ 71.464843750000057, -71.154589843750045 ], [ 71.633886718750034, -70.949218749999943 ], [ 71.771386718750136, -70.80126953125 ], [ 71.904882812499977, -70.706640624999977 ], [ 72.262597656250023, -70.656738281249943 ], [ 72.417968750000057, -70.5986328125 ], [ 72.622363281250102, -70.472070312499966 ], [ 72.760351562499977, -70.395703124999955 ], [ 72.744335937500125, -70.239160156249966 ], [ 72.822070312500159, -70.095898437500011 ], [ 73.04140625000008, -70.009667968750023 ], [ 73.324804687500034, -69.848925781250045 ], [ 73.676074218750045, -69.82578124999992 ], [ 73.942187500000045, -69.7431640625 ], [ 74.226757812500125, -69.80039062499992 ], [ 74.571093750000102, -69.879589843749955 ], [ 75.147851562500023, -69.855468749999943 ], [ 75.423828125000114, -69.89306640625 ], [ 75.635546875000102, -69.848925781250045 ], [ 75.820703125000136, -69.725488281250023 ], [ 75.89121093749992, -69.575585937500023 ], [ 76.11171875000008, -69.48740234374992 ], [ 76.359765625000023, -69.490234375 ], [ 76.770117187500148, -69.339648437500045 ], [ 77.191992187500091, -69.205957031249966 ], [ 77.540917968750136, -69.17441406249992 ], [ 77.817480468750148, -69.06894531249992 ], [ 78.015136718750114, -68.891894531250045 ], [ 78.228515625000057, -68.756152343749989 ], [ 78.488964843750011, -68.625781249999989 ], [ 78.563476562500057, -68.39375 ], [ 78.726269531250011, -68.27783203125 ], [ 79.035156250000057, -68.175390624999977 ], [ 79.287792968750011, -68.119335937500011 ], [ 80.363085937500045, -67.946875 ], [ 81.187402343750136, -67.83125 ], [ 82.016992187500023, -67.690039062499977 ], [ 82.273242187500045, -67.691699218750045 ], [ 82.607031250000148, -67.613085937499989 ], [ 83.157812500000091, -67.610546875000011 ], [ 83.304296875000091, -67.60302734375 ], [ 83.493652343749943, -67.441210937500045 ], [ 83.903710937500023, -67.291992187499943 ], [ 84.160742187500148, -67.244140625 ], [ 84.485156249999989, -67.114453125000011 ], [ 84.748339843749932, -67.102246093750011 ], [ 85.116796875000034, -67.125585937499977 ], [ 85.429003906250045, -67.160937499999989 ], [ 85.710742187500102, -67.161328124999955 ], [ 86.118359375000011, -67.054980468749989 ], [ 86.750195312500125, -67.037109375 ], [ 86.946582031249989, -66.985546874999955 ], [ 87.08486328125008, -66.940136718749955 ], [ 87.980273437500045, -66.788476562499966 ], [ 88.314160156250068, -66.81748046874992 ], [ 88.78945312500008, -66.791992187499943 ], [ 89.076562500000136, -66.799414062499977 ], [ 89.351757812500068, -66.818164062500045 ], [ 89.698437500000011, -66.823046874999989 ], [ 90.292968749999943, -66.76962890624992 ], [ 90.54726562500008, -66.734277343750023 ], [ 91.021679687500068, -66.602832031250045 ], [ 91.546093750000011, -66.572070312499989 ], [ 91.777050781249955, -66.5375 ], [ 92.073437500000125, -66.507910156249977 ], [ 92.312304687499932, -66.55859375 ], [ 92.485839843750114, -66.604296874999989 ], [ 92.591992187500068, -66.614453125000011 ], [ 92.730566406250091, -66.624414062500023 ], [ 93.074902343750068, -66.571093749999989 ], [ 93.358007812499977, -66.58544921875 ], [ 93.7216796875, -66.642968749999966 ], [ 93.96425781250008, -66.689648437500011 ], [ 94.088769531250023, -66.688867187500023 ], [ 94.313476562499943, -66.647167968749955 ], [ 94.58681640625008, -66.543554687499977 ], [ 94.839843750000114, -66.501367187500023 ], [ 95.083984375000114, -66.527441406249977 ], [ 95.24794921875008, -66.571191406250023 ], [ 95.541015625000114, -66.63095703124992 ], [ 95.991406250000011, -66.621191406249977 ], [ 96.423730468750023, -66.599609374999943 ], [ 96.788867187499989, -66.550585937499989 ], [ 97.100585937500057, -66.499414062500023 ], [ 97.388476562500102, -66.57861328125 ], [ 97.719824218750091, -66.607324218750023 ], [ 98.257617187500045, -66.467480468750011 ], [ 98.461718750000045, -66.498535156249943 ], [ 98.603125, -66.534765624999977 ], [ 98.720117187500136, -66.553125 ], [ 98.85888671875, -66.670800781249966 ], [ 99.370117187500057, -66.648242187499989 ], [ 99.824316406250034, -66.548632812500045 ], [ 100.211718750000045, -66.473925781249989 ], [ 100.591210937500136, -66.425195312500023 ], [ 100.889062500000023, -66.35800781249992 ], [ 101.327148437500114, -66.100488281250023 ], [ 101.320898437500091, -66.020898437499966 ], [ 101.381347656249943, -65.973046875000023 ], [ 101.474414062500102, -65.951171875 ], [ 102.174121093749989, -65.954199218749977 ], [ 102.392187500000034, -65.932617187499943 ], [ 102.67421875000008, -65.865136718749966 ], [ 103.166601562500034, -65.916894531250023 ], [ 103.638769531250148, -65.998925781250023 ], [ 103.763476562499989, -65.989746093749943 ], [ 103.951171875, -65.988085937500045 ], [ 104.289062500000114, -66.039160156249977 ], [ 104.6669921875, -66.136816406249977 ], [ 105.00039062500008, -66.164062499999943 ], [ 106.386914062500125, -66.41064453125 ], [ 107.170898437500114, -66.470410156250011 ], [ 107.565527343750034, -66.552343749999977 ], [ 107.667285156249989, -66.580371093749989 ], [ 107.785058593750023, -66.6640625 ], [ 107.99169921875, -66.672070312499955 ], [ 108.157910156250125, -66.639062499999966 ], [ 108.376171875000011, -66.765820312499955 ], [ 108.91005859375008, -66.861914062499977 ], [ 109.462792968750023, -66.908691406249943 ], [ 109.823730468750057, -66.833691406250011 ], [ 110.437011718750114, -66.621093749999943 ], [ 110.622265625000011, -66.524023437499977 ], [ 110.587011718750091, -66.312304687500045 ], [ 110.906738281250057, -66.07666015625 ], [ 111.453125, -65.960937499999943 ], [ 112.130273437500136, -65.900097656249955 ], [ 112.547851562500114, -65.847949218749989 ], [ 113.099414062500045, -65.799902343749977 ], [ 113.367968750000045, -65.848730468749977 ], [ 113.502148437500182, -65.88632812499992 ], [ 113.709765625000045, -65.929589843750023 ], [ 113.954492187500136, -66.060449218749966 ], [ 114.3369140625, -66.360156249999989 ], [ 114.618554687500023, -66.467968750000011 ], [ 114.869531250000023, -66.476953125000023 ], [ 115.082421875000023, -66.492968750000045 ], [ 115.310351562499932, -66.560839843750045 ], [ 115.635351562500091, -66.771191406250011 ], [ 115.441894531250114, -66.958007812499943 ], [ 115.273730468749932, -67.027929687499977 ], [ 114.570605468750045, -67.108496093749977 ], [ 114.259765625, -67.172265624999966 ], [ 113.9912109375, -67.2119140625 ], [ 113.912500000000136, -67.36767578125 ], [ 114.026562500000068, -67.441210937500045 ], [ 114.319042968750182, -67.405664062500023 ], [ 114.657910156250068, -67.387890624999955 ], [ 114.925781250000114, -67.356542968749977 ], [ 115.171875, -67.307812499999955 ], [ 115.384179687500023, -67.238085937499989 ], [ 115.88525390625, -67.201953124999989 ], [ 116.214648437499932, -67.142773437500011 ], [ 116.509082031249932, -67.10791015625 ], [ 116.713476562499977, -67.047167968749989 ], [ 116.923632812500045, -67.055468749999989 ], [ 117.131933593749977, -67.11435546874992 ], [ 117.2978515625, -67.109277343750023 ], [ 117.744726562499977, -67.128515624999977 ], [ 117.951953125000045, -67.085351562500023 ], [ 118.138671875000114, -67.082421874999966 ], [ 118.325781249999977, -67.115039062500045 ], [ 118.518945312500136, -67.160937499999989 ], [ 118.7138671875, -67.171679687500045 ], [ 118.964648437499932, -67.144824218749989 ], [ 119.318261718750023, -67.07080078125 ], [ 119.767968750000023, -66.991503906250045 ], [ 120.187304687500045, -66.966210937500023 ], [ 120.289257812500182, -66.966601562499989 ], [ 120.374804687500045, -66.983789062499966 ], [ 119.953710937499977, -67.075878906249955 ], [ 119.280664062500023, -67.199218749999943 ], [ 118.921679687499932, -67.319726562500023 ], [ 119.133007812500182, -67.37070312499992 ], [ 120.400390625000114, -67.236035156250011 ], [ 120.978710937500068, -67.1357421875 ], [ 121.487597656250045, -67.090722656249966 ], [ 121.613183593750023, -67.057031249999966 ], [ 122.033105468750023, -66.901757812500023 ], [ 122.182812500000068, -66.85947265624992 ], [ 122.633007812500182, -66.804882812500011 ], [ 123.2216796875, -66.7451171875 ], [ 123.666601562500091, -66.676855468749977 ], [ 123.969335937500091, -66.608105468749955 ], [ 124.196191406250136, -66.600781250000011 ], [ 124.370507812500136, -66.652246093750023 ], [ 124.597851562500068, -66.708203124999955 ], [ 124.821582031250045, -66.694531250000011 ], [ 125.095117187500136, -66.641113281249943 ], [ 125.286328125000182, -66.515820312500011 ], [ 125.39794921875, -66.424414062499977 ], [ 125.60302734375, -66.393359375000045 ], [ 125.865625, -66.364453125000011 ], [ 126.0771484375, -66.3955078125 ], [ 126.423730468750023, -66.462402343749943 ], [ 126.664746093750182, -66.49755859375 ], [ 126.873632812500091, -66.759375 ], [ 127.365429687500068, -66.989648437500023 ], [ 127.541210937500182, -67.051074218749989 ], [ 127.968066406250159, -67.027929687499977 ], [ 128.430566406250023, -67.119140625 ], [ 128.627832031250023, -67.107128906249955 ], [ 128.816406250000114, -67.080371093749989 ], [ 128.982421875, -67.09824218749992 ], [ 129.236914062499977, -67.04160156249992 ], [ 129.500000000000114, -66.7529296875 ], [ 129.73736727301889, -66.473086165625134 ], [ 129.792995284326821, -66.441239630285395 ], [ 129.975781250000068, -66.344824218749977 ], [ 130.120507812500023, -66.291503906249943 ] ] ], [ [ [ 169.843652343750136, -73.60498046875 ], [ 169.709179687500068, -73.625292968750045 ], [ 169.522363281250023, -73.561523437499943 ], [ 169.4794921875, -73.539453124999966 ], [ 169.659375, -73.41806640624992 ], [ 169.645410156250136, -73.379101562500011 ], [ 169.671875, -73.346093750000023 ], [ 169.740039062500045, -73.32041015624992 ], [ 169.783203125000114, -73.32421875 ], [ 169.886523437500045, -73.458691406249955 ], [ 169.934020345807426, -73.494502567275347 ], [ 169.918399273385177, -73.536541775493461 ], [ 169.858789062500023, -73.568066406250011 ], [ 169.843652343750136, -73.60498046875 ] ] ], [ [ [ 162.661914062500045, -75.69189453125 ], [ 162.591210937500023, -75.66855468749992 ], [ 162.720019531250159, -75.596679687499943 ], [ 162.842382812500091, -75.566210937500045 ], [ 162.867454907325879, -75.563224601598009 ], [ 162.876244265610808, -75.633026220678317 ], [ 162.788281250000068, -75.696191406249966 ], [ 162.661914062500045, -75.69189453125 ] ] ], [ [ [ 48.545996093749977, -66.784179687499943 ], [ 48.377929687500057, -66.807324218749955 ], [ 48.348583661526597, -66.803538893591167 ], [ 48.416636589458761, -66.750056527667084 ], [ 48.751796241782692, -66.778907266969696 ], [ 48.545996093749977, -66.784179687499943 ] ] ], [ [ [ 101.258984375000068, -65.527636718750045 ], [ 101.238378906250148, -65.56455078124992 ], [ 100.981445312500057, -65.677539062500045 ], [ 100.546875, -65.701269531249977 ], [ 100.512304687500034, -65.67539062499992 ], [ 100.350585937500114, -65.672949218749977 ], [ 100.292578125000034, -65.651269531250023 ], [ 100.270312500000102, -65.603320312499989 ], [ 100.32412109375008, -65.520703124999955 ], [ 100.409375, -65.465625 ], [ 100.545117187500125, -65.408984375000045 ], [ 100.606933593750114, -65.396386718750023 ], [ 100.883398437500148, -65.378125 ], [ 101.078710937500148, -65.402539062499955 ], [ 101.22060546875008, -65.472265624999977 ], [ 101.258984375000068, -65.527636718750045 ] ] ], [ [ [ 16.573437500000068, -69.72324218749992 ], [ 16.62548828125, -69.750292968750045 ], [ 16.315429687500057, -69.844433593750011 ], [ 16.22265625, -70.007617187500045 ], [ 16.159277343750034, -70.071972656250011 ], [ 15.844921874999955, -69.982031249999977 ], [ 15.663476562500136, -69.955078125 ], [ 15.613867187499977, -69.93906249999992 ], [ 15.570996093750125, -69.884765624999943 ], [ 15.562597656249977, -69.862792968749943 ], [ 15.596875, -69.828027343749966 ], [ 15.699023437500102, -69.773242187499989 ], [ 15.909570312499966, -69.728417968750023 ], [ 16.246875000000159, -69.704980468750023 ], [ 16.573437500000068, -69.72324218749992 ] ] ], [ [ [ 26.686230468750068, -70.114453124999955 ], [ 26.737402343750034, -70.18603515625 ], [ 26.874804687500159, -70.329980468749966 ], [ 26.857226562500102, -70.381152343750045 ], [ 26.79296875, -70.419335937499966 ], [ 26.608789062500136, -70.412402343749989 ], [ 26.470214843749943, -70.447949218749955 ], [ 26.357617187500125, -70.434277343750011 ], [ 26.005371093750114, -70.372949218750023 ], [ 25.96425781250008, -70.294531249999977 ], [ 25.954101562499943, -70.261425781249955 ], [ 25.982519531250091, -70.199902343749955 ], [ 26.301074218750159, -70.072460937500011 ], [ 26.425585937500102, -70.060546875 ], [ 26.604785156249989, -70.07822265624992 ], [ 26.686230468750068, -70.114453124999955 ] ] ], [ [ [ 1.299316406249943, -70.255175781250045 ], [ 1.211523437500034, -70.38134765625 ], [ 1.156347656249977, -70.378125 ], [ 1.104589843750091, -70.30419921875 ], [ 0.990332031250091, -70.224316406249955 ], [ 0.952539062500023, -70.168945312499943 ], [ 0.949609375000136, -70.094042968750045 ], [ 1.026757812500023, -70.0498046875 ], [ 1.31484375000008, -70.022753906249989 ], [ 1.412207031250034, -70.040722656249955 ], [ 1.4609375, -70.135644531250023 ], [ 1.299316406249943, -70.255175781250045 ] ] ], [ [ [ 4.111718750000023, -70.266796875000011 ], [ 4.256054687500125, -70.24082031249992 ], [ 4.495019531250136, -70.251367187499966 ], [ 4.586230468750102, -70.294238281249989 ], [ 4.61757812500008, -70.368652343749943 ], [ 4.58994140624992, -70.432519531250023 ], [ 4.525878906250057, -70.478710937500011 ], [ 4.365234375, -70.502636718750011 ], [ 4.179687500000057, -70.45126953124992 ], [ 4.129589843750125, -70.416992187499943 ], [ 4.076171875000057, -70.32529296874992 ], [ 4.069726562500023, -70.290234374999955 ], [ 4.111718750000023, -70.266796875000011 ] ] ], [ [ [ 3.259863281250034, -70.448828124999977 ], [ 3.221289062499977, -70.519140624999977 ], [ 3.171093750000068, -70.553906249999955 ], [ 3.036914062500102, -70.597363281250011 ], [ 2.697753906250114, -70.62353515625 ], [ 2.622753906250125, -70.59335937499992 ], [ 2.584667968749955, -70.534570312500023 ], [ 2.631445312500091, -70.500390624999966 ], [ 3.072167968750023, -70.381640625000045 ], [ 3.19277343750008, -70.392675781249977 ], [ 3.23056640624992, -70.402636718750045 ], [ 3.259863281250034, -70.448828124999977 ] ] ], [ [ [ 96.499804687500045, -66.0458984375 ], [ 96.612695312500136, -66.035839843750011 ], [ 96.727343750000045, -66.060839843750045 ], [ 96.931640625000114, -66.058398437499989 ], [ 97.005566406250068, -66.096777343749977 ], [ 97.018847656250102, -66.139453124999989 ], [ 97.015625, -66.163964843750023 ], [ 96.933984375000023, -66.200781249999977 ], [ 96.394531250000114, -66.225 ], [ 96.307031250000023, -66.185839843750045 ], [ 96.39882812500008, -66.080175781249977 ], [ 96.499804687500045, -66.0458984375 ] ] ], [ [ [ 100.174414062500091, -66.131054687499955 ], [ 100.290527343749943, -66.112402343749977 ], [ 100.281542968750102, -66.179980468749989 ], [ 100.264746093750034, -66.216601562499989 ], [ 100.13320312500008, -66.229492187499943 ], [ 100.082031250000114, -66.202734374999977 ], [ 100.076269531250034, -66.18808593749992 ], [ 100.174414062500091, -66.131054687499955 ] ] ], [ [ [ 98.596484374999989, -66.382617187500045 ], [ 98.748632812500091, -66.369238281249977 ], [ 98.949804687500034, -66.420507812499977 ], [ 98.846093750000023, -66.469824218749977 ], [ 98.751757812499989, -66.481640624999955 ], [ 98.655078125000045, -66.453320312499955 ], [ 98.605175781249955, -66.39990234375 ], [ 98.596484374999989, -66.382617187500045 ] ] ], [ [ [ 85.06875, -66.583789062499989 ], [ 85.121093750000057, -66.518554687499943 ], [ 85.164746093750068, -66.52158203124992 ], [ 85.193945312500148, -66.556054687500023 ], [ 85.328515625000023, -66.611914062499977 ], [ 85.222460937500102, -66.643457031249966 ], [ 85.13613281250008, -66.637109375000023 ], [ 85.079589843750114, -66.604296874999989 ], [ 85.06875, -66.583789062499989 ] ] ], [ [ [ 86.520605468750034, -66.686914062499966 ], [ 86.556738281250148, -66.705761718749955 ], [ 86.651953124999977, -66.718164062500023 ], [ 86.541796875000102, -66.767480468750023 ], [ 86.42666015625008, -66.791992187499943 ], [ 86.337011718750148, -66.787597656249943 ], [ 86.232226562500102, -66.73291015625 ], [ 86.277734375000136, -66.696679687500023 ], [ 86.38330078125, -66.6748046875 ], [ 86.520605468750034, -66.686914062499966 ] ] ], [ [ [ 85.937695312500125, -66.894140624999977 ], [ 85.822363281250091, -66.953320312499955 ], [ 85.650097656250011, -66.979687500000011 ], [ 85.622265625000011, -66.96533203125 ], [ 85.617382812500068, -66.950878906250011 ], [ 85.358789062500136, -66.854296875000045 ], [ 85.314453125, -66.775976562499977 ], [ 85.340332031250114, -66.723339843750011 ], [ 85.552832031250091, -66.728515625 ], [ 85.80625, -66.774609374999955 ], [ 85.937695312500125, -66.894140624999977 ] ] ], [ [ [ 71.837988281250034, -70.312207031250011 ], [ 71.851171875000034, -70.367675781249943 ], [ 71.879980468750034, -70.405566406250045 ], [ 72.0, -70.456835937499989 ], [ 72.055664062499943, -70.5009765625 ], [ 72.073437500000011, -70.52451171874992 ], [ 72.097363281250125, -70.574609375000023 ], [ 72.078125000000114, -70.609082031250011 ], [ 72.002246093750102, -70.632617187499989 ], [ 71.929003906250102, -70.633007812500011 ], [ 71.841210937500136, -70.621972656249966 ], [ 71.725781250000068, -70.549121093750045 ], [ 71.659375, -70.497460937500023 ], [ 71.637109375000136, -70.443554687499955 ], [ 71.646582031250091, -70.336328125000023 ], [ 71.705078125000114, -70.284375 ], [ 71.796582031250125, -70.26425781249992 ], [ 71.837988281250034, -70.312207031250011 ] ] ], [ [ [ 69.737109375000102, -71.921972656249977 ], [ 69.796093750000068, -71.893945312500023 ], [ 69.895214843750011, -71.90781249999992 ], [ 69.91835937500008, -71.917773437499989 ], [ 69.791992187500114, -72.046679687500045 ], [ 69.743554687500023, -72.044140624999955 ], [ 69.692578125000125, -71.96826171875 ], [ 69.737109375000102, -71.921972656249977 ] ] ], [ [ [ 68.667089843750091, -72.103125 ], [ 68.729296875000159, -72.089160156249989 ], [ 68.840429687500034, -72.165429687500023 ], [ 68.817187500000102, -72.228710937500011 ], [ 68.669531250000034, -72.275976562499977 ], [ 68.461718750000159, -72.300097656249989 ], [ 68.408886718750068, -72.300195312500023 ], [ 68.436132812500091, -72.260449218750011 ], [ 68.566308593749966, -72.190136718749955 ], [ 68.667089843750091, -72.103125 ] ] ], [ [ [ 163.741699218750114, -74.71152343749992 ], [ 164.002343750000136, -74.628906249999943 ], [ 164.20849609375, -74.607714843749989 ], [ 164.098242187500091, -74.73193359375 ], [ 164.059179687499977, -74.752734375000045 ], [ 163.975976562500023, -74.832714843750011 ], [ 163.844628906250136, -74.832714843750011 ], [ 163.763378906250068, -74.802832031249977 ], [ 163.737207031250136, -74.733789062500023 ], [ 163.741699218750114, -74.71152343749992 ] ] ], [ [ [ 166.23681640625, -77.54746093749992 ], [ 166.216796875, -77.524609374999955 ], [ 166.378417968750114, -77.494042968749966 ], [ 166.4580078125, -77.44375 ], [ 166.626367187500023, -77.376757812500045 ], [ 166.607128906250182, -77.335546874999977 ], [ 166.469042968750159, -77.288867187499989 ], [ 166.413085937500114, -77.251953125 ], [ 166.506347656250114, -77.189355468749966 ], [ 166.716406250000091, -77.16171874999992 ], [ 166.9873046875, -77.1865234375 ], [ 167.106835937500023, -77.27060546874992 ], [ 167.0849609375, -77.307421875000045 ], [ 167.084082031249977, -77.321679687500023 ], [ 167.4609375, -77.394335937499989 ], [ 168.450781250000091, -77.386132812500023 ], [ 169.275585937500068, -77.45468749999992 ], [ 169.352734375000182, -77.524707031249989 ], [ 169.117285156249977, -77.560546875 ], [ 168.754589843750182, -77.6533203125 ], [ 168.518847656250045, -77.68125 ], [ 168.322558593750045, -77.682519531249966 ], [ 167.917578124999977, -77.644140624999977 ], [ 167.392285156250068, -77.648632812500011 ], [ 167.279492187500182, -77.70263671875 ], [ 167.025097656250068, -77.75644531249992 ], [ 166.729003906250114, -77.850976562500023 ], [ 166.650390625000114, -77.774023437499977 ], [ 166.532519531250045, -77.700390625000011 ], [ 166.23681640625, -77.54746093749992 ] ] ], [ [ [ 167.593847656250091, -78.022265624999989 ], [ 167.639843750000068, -78.111718750000023 ], [ 167.642773437500182, -78.141406250000045 ], [ 167.517480468750023, -78.216015624999955 ], [ 167.376953125, -78.249023437499943 ], [ 166.936230468750068, -78.222460937500045 ], [ 166.625976562500114, -78.28427734374992 ], [ 166.284863281250068, -78.306445312499989 ], [ 166.121875, -78.274609375000011 ], [ 166.050585937500159, -78.213378906249943 ], [ 166.012500000000159, -78.13125 ], [ 166.012890625000068, -78.101953124999966 ], [ 166.111132812500045, -78.089648437500045 ], [ 166.567089843750182, -78.148046874999977 ], [ 166.759863281249977, -78.197949218750011 ], [ 166.863671875000023, -78.196386718749977 ], [ 167.137890625000068, -78.12998046874992 ], [ 167.364062500000045, -78.045800781250023 ], [ 167.42236328125, -78.006445312499977 ], [ 167.497851562500045, -77.992382812499955 ], [ 167.593847656250091, -78.022265624999989 ] ] ] ] } },
{ "type": "Feature", "properties": { "NAME": "Ingrid Christensen Coast", "FEATURECLA": "Coast", "SCALERANK": 3 }, "geometry": { "type": "Polygon", "coordinates": [ [ [ 81.416758659771261, -71.333306573443394 ], [ 81.416758659771261, -71.333308480792084 ], [ 76.363635744787388, -72.827894131702891 ], [ 72.541758659771375, -73.958308480792084 ], [ 72.541758659771375, -71.912589473211384 ], [ 72.541758659771375, -71.912589079872077 ], [ 72.541758659771375, -70.521981248685549 ], [ 72.622363281250102, -70.472070312499966 ], [ 72.760351562499977, -70.395703124999955 ], [ 72.744335937500125, -70.239160156249966 ], [ 72.822070312500159, -70.095898437500011 ], [ 73.04140625000008, -70.009667968750023 ], [ 73.324804687500034, -69.848925781250045 ], [ 73.676074218750045, -69.82578124999992 ], [ 73.942187500000045, -69.7431640625 ], [ 74.226757812500125, -69.80039062499992 ], [ 74.571093750000102, -69.879589843749955 ], [ 75.147851562500023, -69.855468749999943 ], [ 75.423828125000114, -69.89306640625 ], [ 75.635546875000102, -69.848925781250045 ], [ 75.820703125000136, -69.725488281250023 ], [ 75.89121093749992, -69.575585937500023 ], [ 76.11171875000008, -69.48740234374992 ], [ 76.359765625000023, -69.490234375 ], [ 76.770117187500148, -69.339648437500045 ], [ 77.191992187500091, -69.205957031249966 ], [ 77.540917968750136, -69.17441406249992 ], [ 77.817480468750148, -69.06894531249992 ], [ 78.015136718750114, -68.891894531250045 ], [ 78.228515625000057, -68.756152343749989 ], [ 78.488964843750011, -68.625781249999989 ], [ 78.563476562500057, -68.39375 ], [ 78.726269531250011, -68.27783203125 ], [ 79.035156250000057, -68.175390624999977 ], [ 79.287792968750011, -68.119335937500011 ], [ 80.363085937500045, -67.946875 ], [ 81.187402343750136, -67.83125 ], [ 81.416758659771261, -67.792209478167521 ], [ 81.416758659771375, -71.188594303307497 ], [ 81.416758659771261, -71.333306573443394 ] ] ] } },
{ "type": "Feature", "properties": { "NAME": "Wilhelm II Coast", "FEATURECLA": "Coast", "SCALERANK": 3 }, "geometry": { "type": "MultiPolygon", "coordinates": [ [ [ [ 81.416758659771261, -71.333306573443394 ], [ 81.416758659771375, -71.188594303307497 ], [ 81.416758659771261, -67.792209478167521 ], [ 82.016992187500023, -67.690039062499977 ], [ 82.273242187500045, -67.691699218750045 ], [ 82.607031250000148, -67.613085937499989 ], [ 83.157812500000091, -67.610546875000011 ], [ 83.304296875000091, -67.60302734375 ], [ 83.493652343749943, -67.441210937500045 ], [ 83.903710937500023, -67.291992187499943 ], [ 84.160742187500148, -67.244140625 ], [ 84.485156249999989, -67.114453125000011 ], [ 84.748339843749932, -67.102246093750011 ], [ 85.116796875000034, -67.125585937499977 ], [ 85.429003906250045, -67.160937499999989 ], [ 85.710742187500102, -67.161328124999955 ], [ 86.118359375000011, -67.054980468749989 ], [ 86.750195312500125, -67.037109375 ], [ 86.946582031249989, -66.985546874999955 ], [ 87.08486328125008, -66.940136718749955 ], [ 87.980273437500045, -66.788476562499966 ], [ 88.314160156250068, -66.81748046874992 ], [ 88.78945312500008, -66.791992187499943 ], [ 89.076562500000136, -66.799414062499977 ], [ 89.351757812500068, -66.818164062500045 ], [ 89.698437500000011, -66.823046874999989 ], [ 90.292968749999943, -66.76962890624992 ], [ 90.54726562500008, -66.734277343750023 ], [ 91.021679687500068, -66.602832031250045 ], [ 91.546093750000011, -66.572070312499989 ], [ 91.777050781249955, -66.5375 ], [ 91.937510612896205, -66.521480451733481 ], [ 91.937510612896261, -69.812434457354527 ], [ 83.947696148096242, -70.967437571746004 ], [ 81.416758659771261, -71.333308480792084 ], [ 81.416758659771261, -71.333306573443394 ] ] ], [ [ [ 85.164746093750068, -66.52158203124992 ], [ 85.193945312500148, -66.556054687500023 ], [ 85.328515625000023, -66.611914062499977 ], [ 85.222460937500102, -66.643457031249966 ], [ 85.13613281250008, -66.637109375000023 ], [ 85.079589843750114, -66.604296874999989 ], [ 85.06875, -66.583789062499989 ], [ 85.108163170467307, -66.534669663484792 ], [ 85.156296800480206, -66.520996062365441 ], [ 85.164746093750068, -66.52158203124992 ] ] ], [ [ [ 86.38330078125, -66.6748046875 ], [ 86.520605468750034, -66.686914062499966 ], [ 86.556738281250148, -66.705761718749955 ], [ 86.651953124999977, -66.718164062500023 ], [ 86.541796875000102, -66.767480468750023 ], [ 86.42666015625008, -66.791992187499943 ], [ 86.337011718750148, -66.787597656249943 ], [ 86.232226562500102, -66.73291015625 ], [ 86.277734375000136, -66.696679687500023 ], [ 86.38330078125, -66.6748046875 ] ] ], [ [ [ 85.80625, -66.774609374999955 ], [ 85.937695312500125, -66.894140624999977 ], [ 85.822363281250091, -66.953320312499955 ], [ 85.650097656250011, -66.979687500000011 ], [ 85.622265625000011, -66.96533203125 ], [ 85.617382812500068, -66.950878906250011 ], [ 85.358789062500136, -66.854296875000045 ], [ 85.314453125, -66.775976562499977 ], [ 85.340332031250114, -66.723339843750011 ], [ 85.552832031250091, -66.728515625 ], [ 85.80625, -66.774609374999955 ] ] ] ] } },
{ "type": "Feature", "properties": { "NAME": "Queen Mary Coast", "FEATURECLA": "Coast", "SCALERANK": 3 }, "geometry": { "type": "MultiPolygon", "coordinates": [ [ [ [ 100.546875, -65.701269531249977 ], [ 100.512304687500034, -65.67539062499992 ], [ 100.350585937500114, -65.672949218749977 ], [ 100.292578125000034, -65.651269531250023 ], [ 100.270312500000102, -65.603320312499989 ], [ 100.32412109375008, -65.520703124999955 ], [ 100.409375, -65.465625 ], [ 100.545117187500125, -65.408984375000045 ], [ 100.606933593750114, -65.396386718750023 ], [ 100.687510612896318, -65.391064252278667 ], [ 100.687510612896261, -65.693589878680612 ], [ 100.546875, -65.701269531249977 ] ] ], [ [ [ 100.675888958792569, -69.812434457354613 ], [ 91.937510612896261, -69.812434457354527 ], [ 91.937510612896205, -66.521480451733481 ], [ 92.073437500000125, -66.507910156249977 ], [ 92.312304687499932, -66.55859375 ], [ 92.485839843750114, -66.604296874999989 ], [ 92.591992187500068, -66.614453125000011 ], [ 92.730566406250091, -66.624414062500023 ], [ 93.074902343750068, -66.571093749999989 ], [ 93.358007812499977, -66.58544921875 ], [ 93.7216796875, -66.642968749999966 ], [ 93.96425781250008, -66.689648437500011 ], [ 94.088769531250023, -66.688867187500023 ], [ 94.313476562499943, -66.647167968749955 ], [ 94.58681640625008, -66.543554687499977 ], [ 94.839843750000114, -66.501367187500023 ], [ 95.083984375000114, -66.527441406249977 ], [ 95.24794921875008, -66.571191406250023 ], [ 95.541015625000114, -66.63095703124992 ], [ 95.991406250000011, -66.621191406249977 ], [ 96.423730468750023, -66.599609374999943 ], [ 96.788867187499989, -66.550585937499989 ], [ 97.100585937500057, -66.499414062500023 ], [ 97.388476562500102, -66.57861328125 ], [ 97.719824218750091, -66.607324218750023 ], [ 98.257617187500045, -66.467480468750011 ], [ 98.461718750000045, -66.498535156249943 ], [ 98.603125, -66.534765624999977 ], [ 98.720117187500136, -66.553125 ], [ 98.85888671875, -66.670800781249966 ], [ 99.370117187500057, -66.648242187499989 ], [ 99.824316406250034, -66.548632812500045 ], [ 100.211718750000045, -66.473925781249989 ], [ 100.591210937500136, -66.425195312500023 ], [ 100.687510612896276, -66.403472631623742 ], [ 100.687510612896318, -69.812434457354527 ], [ 100.675888958792569, -69.812434457354613 ] ] ], [ [ [ 96.39882812500008, -66.080175781249977 ], [ 96.499804687500045, -66.0458984375 ], [ 96.612695312500136, -66.035839843750011 ], [ 96.727343750000045, -66.060839843750045 ], [ 96.931640625000114, -66.058398437499989 ], [ 97.005566406250068, -66.096777343749977 ], [ 97.018847656250102, -66.139453124999989 ], [ 97.015625, -66.163964843750023 ], [ 96.933984375000023, -66.200781249999977 ], [ 96.394531250000114, -66.225 ], [ 96.307031250000023, -66.185839843750045 ], [ 96.39882812500008, -66.080175781249977 ] ] ], [ [ [ 100.076269531250034, -66.18808593749992 ], [ 100.174414062500091, -66.131054687499955 ], [ 100.290527343749943, -66.112402343749977 ], [ 100.281542968750102, -66.179980468749989 ], [ 100.264746093750034, -66.216601562499989 ], [ 100.13320312500008, -66.229492187499943 ], [ 100.082031250000114, -66.202734374999977 ], [ 100.076269531250034, -66.18808593749992 ] ] ], [ [ [ 98.605175781249955, -66.39990234375 ], [ 98.596484374999989, -66.382617187500045 ], [ 98.748632812500091, -66.369238281249977 ], [ 98.949804687500034, -66.420507812499977 ], [ 98.846093750000023, -66.469824218749977 ], [ 98.751757812499989, -66.481640624999955 ], [ 98.655078125000045, -66.453320312499955 ], [ 98.605175781249955, -66.39990234375 ] ] ] ] } },
{ "type": "Feature", "properties": { "NAME": "Knox Coast", "FEATURECLA": "Coast", "SCALERANK": 3 }, "geometry": { "type": "MultiPolygon", "coordinates": [ [ [ [ 100.687510612896276, -66.403472631623742 ], [ 100.889062500000023, -66.35800781249992 ], [ 101.327148437500114, -66.100488281250023 ], [ 101.320898437500091, -66.020898437499966 ], [ 101.381347656249943, -65.973046875000023 ], [ 101.474414062500102, -65.951171875 ], [ 102.174121093749989, -65.954199218749977 ], [ 102.392187500000034, -65.932617187499943 ], [ 102.67421875000008, -65.865136718749966 ], [ 103.166601562500034, -65.916894531250023 ], [ 103.638769531250148, -65.998925781250023 ], [ 103.763476562499989, -65.989746093749943 ], [ 103.951171875, -65.988085937500045 ], [ 104.289062500000114, -66.039160156249977 ], [ 104.6669921875, -66.136816406249977 ], [ 105.00039062500008, -66.164062499999943 ], [ 106.386914062500125, -66.41064453125 ], [ 107.170898437500114, -66.470410156250011 ], [ 107.565527343750034, -66.552343749999977 ], [ 107.667285156249989, -66.580371093749989 ], [ 107.785058593750023, -66.6640625 ], [ 107.99169921875, -66.672070312499955 ], [ 108.157910156250125, -66.639062499999966 ], [ 108.376171875000011, -66.765820312499955 ], [ 108.91005859375008, -66.861914062499977 ], [ 109.082405734736184, -66.876499624431474 ], [ 109.062510612896261, -69.812434457354527 ], [ 100.687510612896318, -69.812434457354527 ], [ 100.687510612896276, -66.403472631623742 ] ] ], [ [ [ 100.883398437500148, -65.378125 ], [ 101.078710937500148, -65.402539062499955 ], [ 101.22060546875008, -65.472265624999977 ], [ 101.258984375000068, -65.527636718750045 ], [ 101.238378906250148, -65.56455078124992 ], [ 100.981445312500057, -65.677539062500045 ], [ 100.687510612896261, -65.693589878680612 ], [ 100.687510612896318, -65.391064252278667 ], [ 100.883398437500148, -65.378125 ] ] ], [ [ [ 103.181738281250091, -65.30771484374992 ], [ 103.186132812500148, -65.330566406249943 ], [ 103.261035156250102, -65.377343749999966 ], [ 103.378906249999943, -65.426464843749955 ], [ 103.397265624999989, -65.445312499999943 ], [ 103.337207031249989, -65.468554687499989 ], [ 103.175976562500011, -65.45468749999992 ], [ 103.138476562499989, -65.43505859375 ], [ 103.124218750000125, -65.338378906249943 ], [ 103.112792968750114, -65.31201171875 ], [ 103.054394531250125, -65.285351562499955 ], [ 102.788769531250011, -65.23593749999992 ], [ 102.759570312500102, -65.167871093750023 ], [ 102.796093750000068, -65.136328124999977 ], [ 102.813658658437006, -65.135122863876163 ], [ 103.182265777057708, -65.30361398924552 ], [ 103.181738281250091, -65.30771484374992 ] ] ] ] } },
{ "type": "Feature", "properties": { "NAME": "Mill Island", "FEATURECLA": "Island", "SCALERANK": 5 }, "geometry": { "type": "Polygon", "coordinates": [ [ [ 101.22060546875008, -65.472265624999977 ], [ 101.221784774187299, -65.473967065668944 ], [ 101.166128796311881, -65.596323254529523 ], [ 101.025739292842758, -65.658060485815682 ], [ 100.813634958873052, -65.686702639113804 ], [ 100.546875, -65.701269531249977 ], [ 100.512304687500034, -65.67539062499992 ], [ 100.430458091967651, -65.674155018183342 ], [ 100.279911313509999, -65.623991441593745 ], [ 100.270312500000102, -65.603320312499989 ], [ 100.32412109375008, -65.520703124999955 ], [ 100.409375, -65.465625 ], [ 100.545117187500125, -65.408984375000045 ], [ 100.606933593750114, -65.396386718750023 ], [ 100.774805232227891, -65.385298058772818 ], [ 101.211780731867435, -65.467929174804368 ], [ 101.22060546875008, -65.472265624999977 ] ] ] } },
{ "type": "Feature", "properties": { "NAME": "Heard Island", "FEATURECLA": "Island", "SCALERANK": 6 }, "geometry": { "type": "Polygon", "coordinates": [ [ [ 73.707421875000023, -53.137109374999966 ], [ 73.673384850000872, -53.150635126553183 ], [ 73.5096373777765, -53.184321184031049 ], [ 73.465136718750045, -53.184179687499977 ], [ 73.413281250000125, -53.146777343750045 ], [ 73.33632812500008, -53.029882812499977 ], [ 73.287069288123448, -53.021751795280387 ], [ 73.253474918148385, -52.987214214200904 ], [ 73.252797147373641, -52.983849566426372 ], [ 73.260980289572302, -52.974063892213834 ], [ 73.305273437499977, -52.96630859375 ], [ 73.388085937499966, -52.999902343749966 ], [ 73.585742187500102, -53.027148437500045 ], [ 73.731250000000102, -53.091210937500023 ], [ 73.837792968750136, -53.11279296875 ], [ 73.817148871704049, -53.121060055667769 ], [ 73.760324697287587, -53.13274989966672 ], [ 73.707421875000023, -53.137109374999966 ] ] ] } },
{ "type": "Feature", "properties": { "NAME": "Transantarctic Mountains", "FEATURECLA": "Range/mtn", "SCALERANK": 1 }, "geometry": { "type": "Polygon", "coordinates": [ [ [ -61.975880500384989, -85.194636605792041 ], [ -64.256642219135017, -85.452815316729556 ], [ -68.688954230853795, -85.883113168292056 ], [ -73.293385383197545, -86.313533090167084 ], [ -76.133534308978795, -86.270442269854513 ], [ -80.694935676166267, -86.872737191729556 ], [ -85.256337043353767, -86.528498910479584 ], [ -88.526844855853739, -86.829768441729598 ], [ -93.389454719134989, -86.356379769854527 ], [ -96.530812141010045, -86.356379769854527 ], [ -103.415943976947531, -86.614558480792041 ], [ -109.09624182850996, -86.098201058917084 ], [ -116.669911262103781, -86.829768441729598 ], [ -118.806607657493089, -86.922663272181182 ], [ -124.58781897694746, -87.174006722979556 ], [ -130.397145148822489, -87.346125863604541 ], [ -134.743397590228824, -87.216975472979527 ], [ -141.628590461322517, -87.647395394854541 ], [ -146.017872687885017, -87.346125863604541 ], [ -146.017872687885017, -87.346123956255951 ], [ -150.2916172710149, -87.041560433917084 ], [ -155.2499912944524, -87.083186410479527 ], [ -161.66667830617115, -86.624934457354527 ], [ -166.1249912944524, -86.583186410479541 ], [ -167.733122175434119, -86.43072113522831 ], [ -171.191458579608621, -86.102839730792056 ], [ -177.10332381398365, -85.46941687922957 ], [ -179.999989387103795, -85.618708871417013 ], [ -179.999989387103795, -84.351562407330618 ], [ -178.389501953124949, -84.3375 ], [ -178.069042968749955, -84.352343749999989 ], [ -177.730419921874983, -84.395214843750011 ], [ -176.985546875000011, -84.399316406249966 ], [ -176.289013671874955, -84.418359375000023 ], [ -176.107373046874983, -84.475292968750011 ], [ -175.874609375, -84.51035156249992 ], [ -175.381005859374966, -84.479785156249989 ], [ -174.986718749999937, -84.46542968749992 ], [ -174.665351390230569, -84.462713633750056 ], [ -171.124991294452371, -84.583186410479584 ], [ -169.694112515245052, -84.638655441379001 ], [ -169.33264669506346, -84.652667920311586 ], [ -168.667773437499932, -84.683593749999943 ], [ -168.048583984375, -84.728613281249977 ], [ -167.492187499999972, -84.833691406250011 ], [ -166.911083984374983, -84.819238281249966 ], [ -163.463720703124949, -84.90087890625 ], [ -162.933398437499989, -84.901171875000045 ], [ -160.820898437499949, -84.986621093750045 ], [ -159.807787843423966, -85.041213692756557 ], [ -159.170478961409572, -85.077116625329694 ], [ -154.926411740080596, -85.316207062609777 ], [ -154.796194907733621, -85.323542855792013 ], [ -150.2900303569524, -85.54400184016707 ], [ -141.585438605853824, -85.581843637042056 ], [ -135.905140754291267, -85.624934457354541 ], [ -128.976979133197517, -85.323664926104541 ], [ -124.329518195697517, -85.581843637042056 ], [ -116.067433234759989, -84.850398324542084 ], [ -115.238415245411076, -84.791560433917084 ], [ -109.397450324603753, -84.377009652667084 ], [ -103.12498938710371, -84.604053947066191 ], [ -99.887318488666253, -84.721247933917056 ], [ -93.690663215228795, -84.97942664485457 ], [ -88.655873176166239, -84.678279183917098 ], [ -76.563893195697517, -84.161921762042056 ], [ -70.109059211322517, -84.247981332354598 ], [ -66.150074836322545, -83.860652230792056 ], [ -63.439076301166295, -83.774592660479527 ], [ -59.824330207416267, -83.645442269854584 ], [ -58.404286262103739, -83.301203988604527 ], [ -55.951466437885017, -82.698786996417056 ], [ -54.666676398822517, -82.409602426104527 ], [ -53.08706055268847, -82.148768108193963 ], [ -52.798876953124989, -82.153613281250045 ], [ -52.414941406250023, -82.134863281249977 ], [ -51.730664062499955, -82.0615234375 ], [ -51.209667968749955, -82.01523437499992 ], [ -50.653027343749955, -81.975488281249966 ], [ -50.029248046874898, -81.967675781250023 ], [ -48.360791015624898, -81.892285156250011 ], [ -47.886816406249977, -81.925195312499966 ], [ -47.360253906249966, -82.00400390624992 ], [ -47.01987304687492, -82.003222656250045 ], [ -46.822857742346343, -81.992778573734327 ], [ -46.763295051166267, -82.409602426104527 ], [ -50.493702766010045, -83.800593637042084 ], [ -54.097645637103795, -83.990290902667084 ], [ -57.242359992572517, -85.022517465167056 ], [ -61.975880500384989, -85.194636605792041 ] ] ] } },
{ "type": "Feature", "properties": { "NAME": "Hollick-Kenyon Plateau", "FEATURECLA": "Plateau", "SCALERANK": 2 }, "geometry": { "type": "Polygon", "coordinates": [ [ [ -89.695484992572489, -76.399226449542084 ], [ -88.582692023822545, -77.332574151568394 ], [ -88.582692023822545, -77.33257605891707 ], [ -88.331410285541295, -78.624812387042084 ], [ -88.414318915912332, -78.907382272295976 ], [ -88.712612983295145, -79.572873376421924 ], [ -88.998987098968598, -79.950340098004489 ], [ -89.300648566791239, -80.347956918292027 ], [ -90.09307562977952, -80.91892936091898 ], [ -90.859516974994335, -81.291550897173849 ], [ -91.203175422260017, -81.424861215167041 ], [ -93.75182044179121, -82.178645394854541 ], [ -99.624989387103781, -82.458308480792084 ], [ -102.791676398822545, -82.29168250422957 ], [ -103.12498938710371, -82.307550676279078 ], [ -106.29167639882246, -82.458308480792084 ], [ -108.87498938710371, -80.958308480792027 ], [ -109.041676398822545, -79.625056527667013 ], [ -109.115651008197517, -77.296687387042041 ], [ -107.715687629291295, -76.435237191729541 ], [ -105.525990363666239, -76.291560433917084 ], [ -103.12498938710371, -76.307147734483635 ], [ -99.997853156635003, -76.327449105792027 ], [ -93.464650031635045, -76.040339730792056 ], [ -89.695484992572489, -76.399226449542084 ] ] ] } },
{ "type": "Feature", "properties": { "NAME": "Executive Committee Range", "FEATURECLA": "Range/mtn", "SCALERANK": 5 }, "geometry": { "type": "Polygon", "coordinates": [ [ [ -124.303517219135045, -76.982234262042013 ], [ -125.374928351947503, -77.482234262042084 ], [ -126.44633948475996, -77.660823129229556 ], [ -127.732045051166267, -77.375056527667027 ], [ -127.732045051166267, -76.839289926104527 ], [ -126.482045051166253, -76.553643487505923 ], [ -126.482045051166253, -76.553645394854598 ], [ -125.624928351947545, -76.482234262042027 ], [ -124.517811652728795, -76.553645394854598 ], [ -124.303517219135045, -76.982234262042013 ] ] ] } },
{ "type": "Feature", "properties": { "NAME": "Ellsworth Land", "FEATURECLA": "Geoarea", "SCALERANK": 3 }, "geometry": { "type": "MultiPolygon", "coordinates": [ [ [ [ -91.021206174249457, -72.554485856176342 ], [ -90.947412109375023, -72.556347656249955 ], [ -90.807128906249943, -72.610644531249989 ], [ -90.763330078125023, -72.681054687499966 ], [ -90.780175781249966, -72.731738281249989 ], [ -90.895361328124977, -72.823632812499966 ], [ -90.776220703124977, -72.854003906249943 ], [ -90.7509765625, -72.916601562499977 ], [ -90.775585937500011, -72.992968749999989 ], [ -90.893066406249943, -73.083984375 ], [ -90.998437500000023, -73.136523437500045 ], [ -91.160693359374932, -73.18222656249992 ], [ -91.344189453124955, -73.20712890624992 ], [ -91.510839843749977, -73.195507812499955 ], [ -91.450390625000011, -72.967871093749977 ], [ -91.356884765624955, -72.909472656250045 ], [ -91.382128906249932, -72.867871093750011 ], [ -91.551464843750011, -72.753613281250011 ], [ -91.670019531249977, -72.623730468750011 ], [ -91.63766401192359, -72.606949470590877 ], [ -91.530326933524776, -72.597814553733073 ], [ -91.021206174249457, -72.554485856176342 ] ] ], [ [ [ -80.47159041508182, -72.951209797300919 ], [ -80.429376081129632, -72.946991320781777 ], [ -80.151757812499966, -73.000097656249977 ], [ -79.808007812500023, -73.028125 ], [ -79.70830237538496, -73.049518389031306 ], [ -79.70830237538496, -77.839407994294135 ], [ -80.10410156249992, -77.796582031249955 ], [ -80.601562499999943, -77.751953125 ], [ -80.888525390624977, -77.797656249999989 ], [ -81.103125, -77.841796875 ], [ -81.580957031249966, -77.846093750000023 ], [ -81.441015624999977, -77.885644531249966 ], [ -79.70830237538496, -78.126666635193516 ], [ -79.70830237538496, -78.816912335611391 ], [ -79.766552734375011, -78.820703124999966 ], [ -80.292285156249989, -78.822753906249943 ], [ -80.816308593750023, -78.754296875000023 ], [ -81.929296874999977, -78.559082031249943 ], [ -82.608447265624989, -78.412402343749989 ], [ -83.08251953125, -78.246679687499977 ], [ -83.412060546875011, -78.114648437500023 ], [ -83.779003906249955, -77.983593749999955 ], [ -83.752099609375023, -78.066308593750023 ], [ -83.687744140624943, -78.148046874999977 ], [ -83.508251953124955, -78.248046875 ], [ -83.245898437499989, -78.35703124999992 ], [ -83.226953125000023, -78.401562500000011 ], [ -83.35498046875, -78.407617187500023 ], [ -83.544433593749943, -78.355273437499989 ], [ -83.70590820312492, -78.404101562499989 ], [ -83.762744140624932, -78.461132812499955 ], [ -83.696630859374977, -78.537304687499955 ], [ -83.595166015625011, -78.611035156249955 ], [ -83.260009765624943, -78.774218749999989 ], [ -82.970751953124989, -78.816699218750045 ], [ -82.589208984374977, -78.916308593749989 ], [ -81.660888671874943, -79.099804687499955 ], [ -81.5029296875, -79.162890625000045 ], [ -81.22216796875, -79.2978515625 ], [ -81.163183593749977, -79.400390625 ], [ -80.891992187499966, -79.501855468750023 ], [ -80.704785156250011, -79.51718749999992 ], [ -80.534814453125023, -79.51279296874992 ], [ -80.478759765625, -79.426171875000023 ], [ -80.488525390625, -79.320996093750011 ], [ -80.415771484374943, -79.29453124999992 ], [ -80.151171874999932, -79.26806640625 ], [ -79.70830237538496, -79.291198595783399 ], [ -79.70830237538496, -79.794059285020026 ], [ -79.70830237538496, -79.999934457354584 ], [ -84.137366743422746, -79.976291785539956 ], [ -88.998987098968598, -79.950340098004489 ], [ -103.12498938710371, -79.874934457354527 ], [ -103.12498938710371, -79.874932550005937 ], [ -103.12498938710371, -76.30718543391707 ], [ -103.12498938710371, -76.307147734483635 ], [ -103.12498938710371, -75.09529344148234 ], [ -103.121044921874955, -75.09521484375 ], [ -102.771337890624977, -75.116992187499989 ], [ -101.708105468749977, -75.127343749999966 ], [ -101.627832031249966, -75.221777343749977 ], [ -101.3037109375, -75.365820312499977 ], [ -101.039355468749989, -75.421875 ], [ -100.706347656249989, -75.398144531250011 ], [ -100.463427734374989, -75.353417968750023 ], [ -100.082812499999989, -75.370410156250045 ], [ -99.531347656249977, -75.308984374999966 ], [ -98.980224609374943, -75.327441406249989 ], [ -98.752343750000023, -75.317089843750011 ], [ -98.645703125000011, -75.277148437500045 ], [ -98.557861328125, -75.189746093749989 ], [ -98.727246093749955, -75.140820312499955 ], [ -99.208154296875023, -75.078515624999966 ], [ -99.651904296874932, -74.94882812499992 ], [ -99.848583984374955, -74.921679687499989 ], [ -100.1640625, -74.937890625000023 ], [ -100.31298828125, -74.914355468750045 ], [ -100.473339843749955, -74.872363281249989 ], [ -100.264892578124943, -74.822949218749955 ], [ -100.0126953125, -74.662109375 ], [ -100.118603515625011, -74.515039062500023 ], [ -100.23813476562492, -74.484179687500045 ], [ -100.530859374999977, -74.48886718749992 ], [ -100.881835937499943, -74.54111328124992 ], [ -101.023144531249955, -74.50498046874992 ], [ -101.251708984375, -74.485742187500023 ], [ -101.3427734375, -74.35009765625 ], [ -101.586718749999932, -74.096386718750011 ], [ -101.715429687499977, -74.023730468750045 ], [ -102.105126953125023, -73.957714843750011 ], [ -102.362601993171012, -73.933221945395076 ], [ -102.364186164447489, -73.930476449542013 ], [ -102.438228120310498, -73.893038785278762 ], [ -102.82358204494281, -73.698193164512318 ], [ -102.799511718750011, -73.645703125000011 ], [ -102.41064453125, -73.616406250000011 ], [ -102.036621093749943, -73.630566406249955 ], [ -101.828369140624943, -73.655468749999955 ], [ -101.58740234375, -73.666796875000045 ], [ -101.310742187500011, -73.695214843749966 ], [ -101.13022460937492, -73.73486328125 ], [ -100.98544921874992, -73.757226562500023 ], [ -100.7177734375, -73.757812499999943 ], [ -99.781103515624977, -73.720117187500023 ], [ -99.656152343750023, -73.694140625000045 ], [ -99.541015625, -73.64511718749992 ], [ -99.343359374999977, -73.634179687499966 ], [ -99.161914062499932, -73.640820312500011 ], [ -98.896142578124966, -73.611132812499989 ], [ -99.200341796874966, -73.570996093750011 ], [ -99.527929687499977, -73.4951171875 ], [ -100.020800781249932, -73.402539062499955 ], [ -100.436376953124977, -73.353125 ], [ -101.189453125, -73.317871093749943 ], [ -101.573730468749943, -73.329589843749943 ], [ -101.815966796874932, -73.311230468750011 ], [ -102.675048828125, -73.32089843749992 ], [ -102.908789062499977, -73.285156249999943 ], [ -103.076171875, -73.184570312499943 ], [ -103.151058627648268, -73.107188387578717 ], [ -103.173230322362514, -73.034090511009225 ], [ -103.231384334916015, -72.84236250435724 ], [ -103.249736973317582, -72.781855677346854 ], [ -103.216601562499989, -72.772070312499977 ], [ -103.110107421874943, -72.72119140625 ], [ -102.855859375000023, -72.716210937500023 ], [ -102.484765625000023, -72.735644531249989 ], [ -102.362890624999977, -72.760156250000023 ], [ -102.272021484374932, -72.8349609375 ], [ -102.362939453124966, -72.911425781249989 ], [ -102.482031249999977, -72.951171874999943 ], [ -102.40927734374992, -72.98740234374992 ], [ -102.028857421874932, -72.99814453124992 ], [ -101.841503906249955, -73.020898437500023 ], [ -101.681201171874989, -73.029882812499977 ], [ -101.331835937499989, -72.995410156250045 ], [ -100.820507812500011, -72.981152343750011 ], [ -100.563574218749977, -73.015527343749966 ], [ -100.258789062499943, -73.041308593749989 ], [ -99.810742187499955, -72.999902343750023 ], [ -98.208593749999977, -73.022265625000045 ], [ -98.012402343749955, -73.033203124999943 ], [ -97.818505859375023, -73.101757812499955 ], [ -97.651025390624966, -73.144433593749966 ], [ -97.476464843750023, -73.126269531249989 ], [ -96.955761718750011, -73.206445312499966 ], [ -96.675830078124989, -73.268554687499943 ], [ -96.394238281250011, -73.301171875000023 ], [ -96.152148437499989, -73.309277343749955 ], [ -95.880566406249955, -73.293847656250023 ], [ -95.529248046875011, -73.241406250000011 ], [ -95.236621093749989, -73.220117187500023 ], [ -95.029589843749989, -73.238964843749955 ], [ -94.586474609374932, -73.249511718749943 ], [ -94.246191406249977, -73.31298828125 ], [ -93.984667968749989, -73.286718749999977 ], [ -93.705957031249966, -73.215039062499955 ], [ -92.828369140625, -73.164648437499977 ], [ -92.241015624999932, -73.178417968749955 ], [ -91.168652343749955, -73.307031249999966 ], [ -90.920947265624989, -73.319140625000045 ], [ -90.430908203124943, -73.24326171874992 ], [ -90.27377929687492, -73.118652343749943 ], [ -90.29541015625, -72.977929687499966 ], [ -90.152441406249977, -72.944531250000011 ], [ -90.035205078124989, -72.960156250000011 ], [ -89.817675781249989, -72.862597656249989 ], [ -89.522363281249966, -72.870898437499989 ], [ -89.341259765625011, -72.889550781249966 ], [ -89.229394531249966, -72.825781249999977 ], [ -89.127148437500011, -72.693164062500045 ], [ -88.779980468749955, -72.683007812500023 ], [ -88.526904296874932, -72.702343749999955 ], [ -88.194091796875, -72.7875 ], [ -88.194531250000011, -72.858593750000011 ], [ -88.331738281249955, -72.934375 ], [ -88.560742187500011, -73.12070312499992 ], [ -88.419384765624955, -73.229003906249943 ], [ -88.204980468749966, -73.219531249999989 ], [ -87.936328124999989, -73.240917968750011 ], [ -87.608447265624932, -73.194531249999955 ], [ -87.401025390624966, -73.191992187499977 ], [ -87.037939453124977, -73.353906250000023 ], [ -86.791015624999943, -73.363671875000023 ], [ -86.60214843749992, -73.353710937499955 ], [ -85.980761718749989, -73.208496093749943 ], [ -85.801416015624966, -73.192089843750011 ], [ -85.582177734374966, -73.258984375000011 ], [ -85.26059570312492, -73.413281250000011 ], [ -84.981201171874943, -73.502050781249977 ], [ -84.5712890625, -73.55673828124992 ], [ -84.214160156249989, -73.57275390625 ], [ -83.796289062500023, -73.64511718749992 ], [ -83.564843750000023, -73.705957031249966 ], [ -83.041894531250023, -73.707226562499955 ], [ -82.815234374999989, -73.732324218750023 ], [ -82.183496093750023, -73.856835937499966 ], [ -81.606103515624966, -73.795703125000045 ], [ -81.308740234374966, -73.73828125 ], [ -81.163183593749977, -73.632421874999977 ], [ -81.235986328124966, -73.473730468749977 ], [ -81.262402343750011, -73.314941406249943 ], [ -81.176416015625023, -73.248828124999989 ], [ -81.024316406250023, -73.235546874999955 ], [ -80.336376953125011, -73.41416015624992 ], [ -80.379833984375011, -73.30810546875 ], [ -80.438769531249989, -73.225 ], [ -80.614208984374955, -73.083398437499966 ], [ -80.591309027921781, -72.991883113371514 ], [ -80.508933687635249, -72.959706018371804 ], [ -80.47159041508182, -72.951209797300919 ] ] ], [ [ [ -100.400927734374932, -71.865722656249943 ], [ -100.218652343750023, -71.832910156250023 ], [ -100.084619140624966, -71.836914062499943 ], [ -99.985156249999989, -71.939453124999943 ], [ -99.833203125000011, -72.046093750000011 ], [ -99.783984374999932, -72.044335937500023 ], [ -99.734912109374989, -72.033007812500045 ], [ -99.563085937499977, -71.94492187499992 ], [ -99.254101562500011, -71.972167968749943 ], [ -99.08212890624992, -71.932519531249966 ], [ -98.964550781249955, -71.854296875000045 ], [ -98.615429687500011, -71.763769531249977 ], [ -98.394287109374943, -71.781542968750045 ], [ -98.189160156250011, -71.820019531249955 ], [ -98.091113281249932, -71.9125 ], [ -98.175927734374966, -72.018457031249966 ], [ -98.167968749999943, -72.123046875 ], [ -97.923144531249989, -72.116601562500023 ], [ -97.81601562499992, -71.918847656250023 ], [ -97.584765624999989, -71.882617187500045 ], [ -97.473486328124977, -72.000292968749989 ], [ -97.581982421874955, -72.095117187499966 ], [ -97.525634765625, -72.149218749999989 ], [ -97.460253906249932, -72.188281250000045 ], [ -97.345214843749943, -72.18906249999992 ], [ -97.241992187499989, -72.1318359375 ], [ -97.195507812500011, -72.091015625000011 ], [ -97.154785156249943, -72.045410156249943 ], [ -97.08872070312492, -71.944042968750011 ], [ -96.869433593749989, -71.850976562499966 ], [ -96.396173761077407, -71.836714588637463 ], [ -96.130889877980621, -71.900595657476828 ], [ -96.298193359374977, -72.045117187500011 ], [ -96.714941406249977, -72.131640625000045 ], [ -96.978906250000023, -72.221875 ], [ -96.890136718749943, -72.246972656250023 ], [ -96.798730468749966, -72.259472656249955 ], [ -96.717578124999989, -72.255468749999977 ], [ -96.482324218750023, -72.207617187499977 ], [ -95.906347656249977, -72.121972656250023 ], [ -95.68540039062492, -72.056640624999943 ], [ -95.609375, -72.068457031249977 ], [ -95.609521484375023, -72.175 ], [ -95.531054687499989, -72.248730468750011 ], [ -95.575390624999955, -72.409960937499989 ], [ -95.82568359375, -72.438964843749943 ], [ -96.078173828124989, -72.453808593749955 ], [ -96.014306640624966, -72.524707031249989 ], [ -96.02988281249992, -72.554296874999977 ], [ -96.051757812499943, -72.577246093749977 ], [ -96.692675781249989, -72.547656250000045 ], [ -96.803906249999955, -72.558007812500023 ], [ -96.914794921875, -72.578320312500011 ], [ -97.027636718749989, -72.573828124999977 ], [ -97.250292968749989, -72.520898437500023 ], [ -97.365527343749989, -72.521777343750045 ], [ -97.595605468749966, -72.547656250000045 ], [ -97.828320312499955, -72.557031250000023 ], [ -98.16342773437492, -72.556054687500023 ], [ -98.407812499999977, -72.547656250000045 ], [ -98.640673828124989, -72.48974609375 ], [ -98.881542968750011, -72.47324218749992 ], [ -99.148828125000023, -72.471972656249989 ], [ -99.434326171874943, -72.406640625000023 ], [ -99.672363281249943, -72.3798828125 ], [ -100.014257812499977, -72.312402343750023 ], [ -100.104052734374932, -72.287011718749966 ], [ -100.195214843749966, -72.272656250000011 ], [ -100.357421874999943, -72.278125 ], [ -101.601953125000023, -72.175683593750023 ], [ -101.784765624999977, -72.177734375 ], [ -101.903320312499943, -72.190332031250023 ], [ -102.022119140625023, -72.184960937499966 ], [ -102.264794921874966, -72.13525390625 ], [ -102.313623046874966, -72.081054687499943 ], [ -102.288281249999955, -72.032128906250023 ], [ -102.246129441324797, -72.013518485061326 ], [ -102.111770282441341, -71.98431553578682 ], [ -100.400927734374932, -71.865722656249943 ] ] ], [ [ [ -93.755810546875011, -72.907617187500023 ], [ -93.795605468749955, -72.919726562499989 ], [ -93.965527343750011, -72.920214843750045 ], [ -94.078125, -72.883886718749977 ], [ -94.113183593749966, -72.860058593750011 ], [ -94.046972656249977, -72.823046875000045 ], [ -94.004248046874977, -72.819726562499966 ], [ -93.799560546874943, -72.882031249999955 ], [ -93.755810546875011, -72.907617187500023 ] ] ], [ [ [ -94.426025390624943, -72.612597656250045 ], [ -95.027050781250011, -72.6650390625 ], [ -95.219433593750011, -72.669824218749966 ], [ -95.27294921875, -72.646875 ], [ -95.215625, -72.599414062500045 ], [ -94.753027343749977, -72.517187499999977 ], [ -94.566113281249955, -72.468066406249989 ], [ -94.538378906249932, -72.475781250000011 ], [ -94.513867187500011, -72.491699218749943 ], [ -94.433935546874977, -72.589160156249989 ], [ -94.426025390624943, -72.612597656250045 ] ] ] ] } },
{ "type": "Feature", "properties": { "NAME": "West Antarctica", "FEATURECLA": "Geoarea", "SCALERANK": 1 }, "geometry": { "type": "MultiPolygon", "coordinates": [ [ [ [ -60.820068359374943, -68.778417968749977 ], [ -60.89404296875, -68.75888671874992 ], [ -61.014941406249932, -68.709765625000045 ], [ -60.947167968750023, -68.6806640625 ], [ -60.813574218749977, -68.687695312500011 ], [ -60.74438551096349, -68.709567270417224 ], [ -60.732724404782701, -68.789861878022151 ], [ -60.820068359374943, -68.778417968749977 ] ] ], [ [ [ -60.740625, -70.710546874999977 ], [ -60.826074218750023, -70.710546874999977 ], [ -60.896484375, -70.689648437500011 ], [ -60.9580078125, -70.629003906249977 ], [ -60.975537109375011, -70.59912109375 ], [ -60.941796874999966, -70.532519531250045 ], [ -60.883886718749977, -70.517578125 ], [ -60.565625548803247, -70.509107474313851 ], [ -60.540299680177242, -70.659962798102669 ], [ -60.740625, -70.710546874999977 ] ] ], [ [ [ -46.257861328124932, -77.804882812499955 ], [ -45.9931640625, -77.826855468750011 ], [ -45.530273437499943, -77.88144531249992 ], [ -44.851953125000023, -77.98837890624992 ], [ -44.594482421875, -78.03515625 ], [ -44.33984375, -78.09287109374992 ], [ -44.093994140625, -78.167285156249989 ], [ -43.854492187499943, -78.258496093750011 ], [ -43.80859375, -78.286523437500023 ], [ -43.784570312500023, -78.336328124999966 ], [ -43.77670898437492, -78.385058593750045 ], [ -43.788281249999955, -78.432617187499943 ], [ -43.852294921874943, -78.529882812499977 ], [ -43.947216796874955, -78.597558593749966 ], [ -45.067822265624955, -78.661425781250045 ], [ -45.213085937499898, -78.68701171875 ], [ -45.29477539062492, -78.73984374999992 ], [ -45.352343749999932, -78.791210937500011 ], [ -45.22265625, -78.810742187499955 ], [ -45.091601562499989, -78.814257812499989 ], [ -44.566308593750023, -78.804296874999977 ], [ -44.041162109374966, -78.806640624999943 ], [ -43.722070312499966, -78.81845703124992 ], [ -43.627343750000023, -78.846093749999966 ], [ -43.544335937500023, -78.901953124999977 ], [ -43.450634765624898, -78.989648437500023 ], [ -43.363671874999966, -79.084765625000045 ], [ -43.267236328125023, -79.1630859375 ], [ -43.210546874999977, -79.3 ], [ -43.118701171874989, -79.35 ], [ -42.965380859374989, -79.47705078125 ], [ -42.944677734374977, -79.5791015625 ], [ -42.989990234374943, -79.80126953125 ], [ -43.06591796875, -79.891406250000045 ], [ -43.267285156249955, -79.978613281249977 ], [ -43.495800781249955, -79.96933593749992 ], [ -43.600292968749955, -79.973925781249989 ], [ -43.703662109374932, -79.990136718750023 ], [ -43.7421875, -80.002929687499943 ], [ -43.758203124999966, -80.020507812499943 ], [ -43.489990234374943, -80.095507812500045 ], [ -43.458837890624977, -80.123046875 ], [ -43.453759765625023, -80.155078125000045 ], [ -43.489355468749977, -80.178027343749989 ], [ -43.527929687499977, -80.191406249999943 ], [ -49.1875, -80.642773437500011 ], [ -49.410449218749932, -80.666894531250023 ], [ -49.629687499999932, -80.712304687500023 ], [ -49.701318359374966, -80.753222656250045 ], [ -49.77304687499992, -80.784179687499943 ], [ -54.1625, -80.870117187499943 ], [ -54.202099609374955, -80.86386718749992 ], [ -54.24130859374992, -80.846972656250045 ], [ -54.350781249999955, -80.760351562499977 ], [ -54.37158203125, -80.62363281249992 ], [ -54.34716796875, -80.569433593749977 ], [ -54.129589843750011, -80.516503906250023 ], [ -54.044921875, -80.4875 ], [ -53.676074218749989, -80.283691406249943 ], [ -53.482324218750023, -80.18896484375 ], [ -53.393896484374977, -80.108789062500023 ], [ -53.346484374999989, -80.114453125000011 ], [ -53.176416015624966, -80.160937500000045 ], [ -53.053466796875, -80.175 ], [ -52.807226562499977, -80.155957031250011 ], [ -52.566796875000023, -80.099023437499966 ], [ -52.460986328124989, -80.066601562500011 ], [ -52.357128906249955, -80.077832031250011 ], [ -52.338085937500011, -80.126074218749977 ], [ -52.297167968749989, -80.141210937499977 ], [ -51.711328125000023, -79.98984374999992 ], [ -51.183837890625, -79.819726562500023 ], [ -50.664355468749989, -79.626757812500045 ], [ -50.401562499999898, -79.511718749999943 ], [ -50.339257812500023, -79.479492187499943 ], [ -50.294921874999943, -79.429687499999943 ], [ -50.331347656249989, -79.381445312499977 ], [ -50.378662109374943, -79.338183593750045 ], [ -50.41953124999992, -79.3212890625 ], [ -50.4638671875, -79.313281250000045 ], [ -50.733056640625023, -79.282714843749943 ], [ -50.649023437499977, -79.232812499999966 ], [ -50.573291015624989, -79.172265625000023 ], [ -50.520312499999932, -79.104394531250023 ], [ -50.502392578124955, -79.021777343749989 ], [ -50.513720703124932, -78.979882812499966 ], [ -50.502490234374932, -78.949902343750011 ], [ -50.379785156250023, -78.9228515625 ], [ -50.297753906249966, -78.882226562499966 ], [ -50.241943359375, -78.833300781250045 ], [ -50.33544921875, -78.818261718750023 ], [ -50.377392578124955, -78.780468750000011 ], [ -50.294189453124943, -78.695996093749955 ], [ -50.219628906249966, -78.605273437500045 ], [ -50.141650390624989, -78.55673828124992 ], [ -49.939746093749989, -78.462207031250045 ], [ -49.354150390625023, -78.222460937500045 ], [ -49.143652343749977, -78.09384765624992 ], [ -49.08125, -78.047460937499977 ], [ -47.692089843749898, -77.840136718750045 ], [ -47.463476562499977, -77.819042968750011 ], [ -47.404695606091657, -77.815176758755356 ], [ -46.537917415154268, -77.795201623490954 ], [ -46.257861328124932, -77.804882812499955 ] ] ], [ [ [ -34.808349609375, -77.820605468750045 ], [ -34.551464843749955, -77.728515624999943 ], [ -34.329831002097627, -77.553229805924531 ], [ -33.911208337144387, -77.38662271867689 ], [ -33.591162109374977, -77.311230468750011 ], [ -33.376757812499989, -77.281640625000023 ], [ -32.614062499999989, -77.140820312500011 ], [ -32.4052734375, -77.13623046875 ], [ -32.063378906250023, -77.159863281250011 ], [ -31.675781249999943, -77.033105468750023 ], [ -30.489208984374955, -76.76230468749992 ], [ -30.460099090067185, -76.75119899422117 ], [ -26.636769172260017, -76.094905160479584 ], [ -26.636772052707187, -76.094903747574932 ], [ -26.676387920800938, -76.075471541263141 ], [ -26.56005859375, -76.0546875 ], [ -26.059326171874943, -75.957226562499955 ], [ -24.269580078124932, -75.766992187500023 ], [ -23.197265625, -75.717675781250023 ], [ -22.465478515625023, -75.661035156250023 ], [ -21.948095703124977, -75.694140624999989 ], [ -21.433789062499898, -75.683105468749943 ], [ -20.989013671874943, -75.634375 ], [ -20.783300781249977, -75.593945312500011 ], [ -20.4875, -75.491992187500045 ], [ -19.49301757812492, -75.539941406250023 ], [ -18.85092773437492, -75.470214843749943 ], [ -18.585156249999955, -75.462597656250011 ], [ -18.304589843750023, -75.431347656250011 ], [ -18.415136718749977, -75.396484375 ], [ -18.51694335937492, -75.389941406250045 ], [ -18.61728515624992, -75.34238281249992 ], [ -18.749218749999898, -75.242089843750023 ], [ -18.61728515624992, -75.11533203124992 ], [ -18.51694335937492, -75.051953125000011 ], [ -18.22119140625, -74.974511718750023 ], [ -18.068261718750023, -74.862988281249955 ], [ -17.922753906250023, -74.69921875 ], [ -17.435839843749932, -74.379101562499955 ], [ -17.299023437499955, -74.333886718749966 ], [ -16.9892578125, -74.319824218749943 ], [ -16.727099609374989, -74.327636718749943 ], [ -16.42954101562492, -74.323925781250011 ], [ -15.672509765624966, -74.40732421874992 ], [ -15.53125, -74.375585937499977 ], [ -15.289746093749898, -74.28085937499992 ], [ -15.089160156249989, -74.163281249999955 ], [ -14.658935546875, -73.988867187499977 ], [ -14.573828124999977, -73.9375 ], [ -14.611425781249977, -73.851757812500011 ], [ -15.259619140624977, -73.888867187500011 ], [ -15.748828124999989, -73.945605468750045 ], [ -16.220117187499966, -73.915722656249955 ], [ -16.281884765624966, -73.866992187499989 ], [ -16.180859374999898, -73.830273437499955 ], [ -16.003124999999898, -73.81591796875 ], [ -15.93564453124992, -73.757617187499989 ], [ -16.097460937499932, -73.709082031249977 ], [ -16.387744140624932, -73.681347656250011 ], [ -16.518847656249989, -73.644042968749943 ], [ -16.507031249999898, -73.555957031250045 ], [ -16.435205078125023, -73.425683593749966 ], [ -16.279101562499932, -73.388476562500045 ], [ -16.149023437499977, -73.334472656249943 ], [ -15.802832031249977, -73.152148437500045 ], [ -15.595996093749932, -73.09677734374992 ], [ -15.007031249999955, -73.04746093749992 ], [ -14.320996093749898, -73.123046874999943 ], [ -14.164697265625023, -73.102441406250023 ], [ -14.000097656249977, -73.000585937499977 ], [ -14.168310546874977, -72.84326171875 ], [ -14.298242187499966, -72.784570312500023 ], [ -14.297753906250023, -72.733007812499977 ], [ -13.938964843749943, -72.75625 ], [ -13.602832031249932, -72.79208984374992 ], [ -13.20859374999992, -72.785058593750023 ], [ -12.74692382812492, -72.62890625 ], [ -12.0947265625, -72.49814453124992 ], [ -11.77734375, -72.444042968750011 ], [ -11.496972656250023, -72.412890625000045 ], [ -11.346484374999989, -72.281640624999966 ], [ -11.121386718749989, -72.031542968749989 ], [ -10.95810546874992, -71.901953124999977 ], [ -10.961035156249977, -71.82236328124992 ], [ -11.009228515624955, -71.75791015624992 ], [ -11.179345703124966, -71.776855468749943 ], [ -11.333056640624932, -71.785546874999966 ], [ -11.696875, -71.719335937499977 ], [ -12.148193359375, -71.613671875000023 ], [ -12.284521484374977, -71.495117187499943 ], [ -12.351318359375, -71.389746093749977 ], [ -12.207812499999989, -71.332226562499955 ], [ -12.073681640624898, -71.296875 ], [ -11.926123046874977, -71.288671874999977 ], [ -11.663037109374898, -71.33125 ], [ -11.328076171874955, -71.439746093750045 ], [ -11.160156249999943, -71.481152343749955 ], [ -10.969824218749977, -71.560058593749943 ], [ -10.825439453125, -71.553320312499977 ], [ -10.659472656249989, -71.442675781249989 ], [ -10.520068359374932, -71.295507812499977 ], [ -10.406640625000023, -71.250292968749989 ], [ -10.23056640624992, -71.200976562500045 ], [ -10.033496093749932, -71.130664062500045 ], [ -10.122314453125, -71.060937499999966 ], [ -10.331005859374955, -71.024023437499977 ], [ -10.35996093749992, -70.982421874999943 ], [ -10.27060546874992, -70.935742187500011 ], [ -10.098730468749977, -70.926367187499977 ], [ -9.887988281249932, -71.027343749999943 ], [ -9.599365234374943, -71.09531249999992 ], [ -9.402343749999943, -71.117578125000023 ], [ -9.230664062499898, -71.174023437500011 ], [ -8.965917968749977, -71.361328124999943 ], [ -8.646484375, -71.672753906249966 ], [ -8.497705078124966, -71.674804687499943 ], [ -8.216455078125023, -71.647070312499977 ], [ -7.915820312499989, -71.63535156249992 ], [ -7.71372070312492, -71.54648437499992 ], [ -7.668994140624989, -71.324316406249977 ], [ -7.590136718749989, -71.223730468749977 ], [ -7.617968749999989, -71.121484375000023 ], [ -7.756884765624932, -71.01718749999992 ], [ -7.873486328124955, -70.940332031249966 ], [ -7.854931640624898, -70.884570312499989 ], [ -7.752734374999989, -70.8427734375 ], [ -7.619775390624966, -70.829003906249966 ], [ -7.388134765624955, -70.786914062499989 ], [ -7.031591796874977, -70.835156249999955 ], [ -6.838183593749989, -70.844531249999989 ], [ -6.547509765625023, -70.81689453125 ], [ -6.245214843749977, -70.755761718749966 ], [ -5.936328124999932, -70.712695312500045 ], [ -5.694726562500023, -70.745312499999955 ], [ -5.587890625, -70.856738281249989 ], [ -5.708691406249955, -70.96826171875 ], [ -5.90380859375, -71.051855468749977 ], [ -6.080273437499955, -71.154101562500045 ], [ -6.126757812499932, -71.265625 ], [ -6.117480468749989, -71.325976562500045 ], [ -5.950048828124977, -71.341601562500045 ], [ -4.450146484374955, -71.327734374999977 ], [ -4.253222656249989, -71.33847656249992 ], [ -3.994824218749898, -71.3388671875 ], [ -3.713183593749989, -71.37460937499992 ], [ -3.239648437499966, -71.360449218749977 ], [ -2.81201171875, -71.320996093750011 ], [ -2.610253906250023, -71.320800781249943 ], [ -2.261328124999977, -71.357128906250011 ], [ -2.014599609374898, -71.433398437499989 ], [ -1.500634765624966, -71.412304687499955 ], [ -1.354248046875, -71.38681640624992 ], [ -1.216357421874989, -71.284179687499943 ], [ -1.067773437500023, -71.265625 ], [ -0.895849609374977, -71.349218749999977 ], [ -0.840087890625, -71.539746093749955 ], [ -0.759863281249977, -71.630273437500023 ], [ -0.543164062499955, -71.712695312500045 ], [ -0.326953124999989, -71.641894531249989 ], [ -0.1845703125, -71.558886718750045 ], [ -0.001698371478767, -71.472010685656045 ], [ -0.001698371478767, -71.499934457354598 ], [ -0.001698371478767, -72.000056527667027 ], [ -0.001698371478767, -72.500056527667013 ], [ -0.001698371478767, -72.999934457354556 ], [ -0.001698371478767, -73.499934457354556 ], [ -0.001698371478767, -73.999934457354541 ], [ -0.001698371478767, -74.423008554757487 ], [ -0.001698371478767, -74.500056527667056 ], [ -0.001698371478767, -74.999934457354527 ], [ -0.001698371478767, -75.499934457354513 ], [ -0.001698371478767, -75.70079201327232 ], [ -0.001698371478767, -75.999934457354584 ], [ -0.001698371478767, -76.499934457354584 ], [ -0.001698371478767, -77.000056527667084 ], [ -0.001698371478767, -77.500056527667084 ], [ -0.001698371478767, -77.999934457354556 ], [ -0.001698371478767, -78.499934457354527 ], [ -0.001698371478767, -78.999934457354527 ], [ -0.001698371478767, -79.500056527667041 ], [ -0.001698371478767, -79.999934457354584 ], [ -0.001698371478767, -80.499934457354584 ], [ -0.001698371478767, -80.99993445735457 ], [ -0.001698371478767, -81.499934457354556 ], [ -0.001698371478767, -82.000056527667084 ], [ -0.001698371478767, -82.50005652766707 ], [ -0.001698371478767, -82.684870980792056 ], [ -0.001698371478767, -83.000056527667056 ], [ -0.001698371478767, -83.499934457354527 ], [ -0.001698371478767, -83.999934457354513 ], [ -0.001698371478767, -84.500056527667027 ], [ -0.001698371478767, -84.999934457354584 ], [ -0.001698371478767, -85.309748910479541 ], [ -0.001698371478767, -85.49993445735457 ], [ -0.001698371478767, -85.999934457354556 ], [ -0.001698371478767, -86.499934457354541 ], [ -0.001698371478767, -86.999934457354527 ], [ -0.001698371478767, -87.499934457354527 ], [ -0.001698371478767, -88.000056527667041 ], [ -0.001698371478767, -88.499934457354584 ], [ -0.001698371478767, -88.999932550005894 ], [ -0.001698371478767, -88.999934457354584 ], [ -0.001698371478767, -89.49993445735457 ], [ -0.001698371478767, -89.99993255000588 ], [ -5.625111457416239, -89.99993255000588 ], [ -11.250111457416295, -89.99993255000588 ], [ -16.875111457416239, -89.99993255000588 ], [ -22.500111457416267, -89.99993255000588 ], [ -28.12511145741621, -89.99993255000588 ], [ -33.750111457416267, -89.99993255000588 ], [ -39.375111457416295, -89.99993255000588 ], [ -45.000111457416239, -89.99993255000588 ], [ -50.625111457416267, -89.99993255000588 ], [ -56.25011145741621, -89.99993255000588 ], [ -61.875111457416267, -89.99993255000588 ], [ -67.500111457416295, -89.99993255000588 ], [ -73.125111457416239, -89.99993255000588 ], [ -78.750111457416267, -89.99993255000588 ], [ -84.375111457416239, -89.99993255000588 ], [ -90.000050422260045, -89.99993255000588 ], [ -95.624989387103767, -89.99993255000588 ], [ -101.249989387103724, -89.99993255000588 ], [ -106.874989387103753, -89.99993255000588 ], [ -112.499989387103795, -89.99993255000588 ], [ -118.124989387103739, -89.99993255000588 ], [ -123.749989387103781, -89.99993255000588 ], [ -129.37498938710371, -89.99993255000588 ], [ -134.999989387103767, -89.99993255000588 ], [ -140.624989387103795, -89.99993255000588 ], [ -146.249989387103767, -89.99993255000588 ], [ -151.874991294452371, -89.99993255000588 ], [ -157.4999912944524, -89.99993255000588 ], [ -163.124991294452343, -89.99993255000588 ], [ -168.7499912944524, -89.99993255000588 ], [ -174.374991294452428, -89.99993255000588 ], [ -179.999989387103795, -89.99993255000588 ], [ -179.999989387103795, -86.968684457354556 ], [ -179.999989387103795, -85.618708871417013 ], [ -179.999989387103795, -84.351562407330618 ], [ -178.389501953124949, -84.3375 ], [ -178.069042968749955, -84.352343749999989 ], [ -177.730419921874983, -84.395214843750011 ], [ -176.985546875000011, -84.399316406249966 ], [ -176.289013671874955, -84.418359375000023 ], [ -176.107373046874983, -84.475292968750011 ], [ -175.874609375, -84.51035156249992 ], [ -175.381005859374966, -84.479785156249989 ], [ -174.986718749999937, -84.46542968749992 ], [ -174.663183593750006, -84.462695312499989 ], [ -171.703662109374989, -84.542382812499966 ], [ -168.667773437499932, -84.683593749999943 ], [ -168.048583984375, -84.728613281249977 ], [ -167.492187499999972, -84.833691406250011 ], [ -166.911083984374983, -84.819238281249966 ], [ -163.463720703124949, -84.90087890625 ], [ -162.933398437499989, -84.901171875000045 ], [ -160.820898437499949, -84.986621093750045 ], [ -157.12749023437496, -85.18564453124992 ], [ -156.810302734375, -85.192187500000045 ], [ -156.459130859374966, -85.18603515625 ], [ -156.642773437499983, -85.079394531250045 ], [ -156.988281250000028, -84.982226562500045 ], [ -157.453906249999932, -84.912402343750045 ], [ -157.149609375000011, -84.891308593750011 ], [ -156.489648437499966, -84.88925781249992 ], [ -156.620996093749966, -84.839648437500045 ], [ -156.986328124999972, -84.81113281249992 ], [ -158.303417968749983, -84.778027343750011 ], [ -163.568505859374966, -84.528710937500023 ], [ -163.685449218749994, -84.513085937499966 ], [ -163.758984374999955, -84.492773437499977 ], [ -163.897021484374932, -84.470410156249955 ], [ -164.114160156249937, -84.44541015624992 ], [ -164.916845703124949, -84.431347656250011 ], [ -165.135351562499977, -84.409863281249955 ], [ -165.240429687499983, -84.38125 ], [ -165.184814453125, -84.369531250000023 ], [ -165.125146484374937, -84.374609374999977 ], [ -163.899169921875, -84.352636718749977 ], [ -163.765185546874989, -84.324218749999943 ], [ -163.75761718749996, -84.305468750000045 ], [ -163.821386718749977, -84.29052734375 ], [ -164.032128906250023, -84.27402343749992 ], [ -164.528320312499943, -84.191015624999977 ], [ -164.685058593749972, -84.154589843750045 ], [ -164.602832031249932, -84.096679687499943 ], [ -164.502539062500006, -84.071582031249989 ], [ -164.123925781249966, -84.053515625000045 ], [ -164.011328124999949, -84.015625 ], [ -164.082910156249966, -83.946093749999989 ], [ -164.950878906249955, -83.805859375000011 ], [ -165.536328124999955, -83.756640625000045 ], [ -165.921777343749966, -83.790234374999955 ], [ -166.64946289062496, -83.791992187499943 ], [ -167.552880859374994, -83.810839843750045 ], [ -167.801220703124955, -83.790820312499989 ], [ -168.052734374999943, -83.735449218749977 ], [ -168.347363281250011, -83.636816406249977 ], [ -168.497265625000011, -83.611328125 ], [ -168.785009765625006, -83.529296875 ], [ -169.167675781249983, -83.449804687499977 ], [ -171.187841796874977, -83.25644531249992 ], [ -171.539404296875006, -83.20371093749992 ], [ -174.065966796874932, -82.900097656249955 ], [ -174.172021484374966, -82.847753906249977 ], [ -174.2359375, -82.79345703125 ], [ -173.071142578124949, -82.915820312499989 ], [ -172.851513671874983, -82.916796874999989 ], [ -172.592919921874966, -82.884179687500023 ], [ -172.392041015624983, -82.893066406249943 ], [ -172.124365234374977, -82.86240234374992 ], [ -171.821289062499972, -82.847460937499989 ], [ -171.03129882812496, -82.94296874999992 ], [ -169.440771484375034, -83.095996093749989 ], [ -169.016064453125011, -83.150292968749966 ], [ -168.790136718749977, -83.187890624999966 ], [ -168.603759765624943, -83.201562500000023 ], [ -168.417675781249955, -83.228808593750045 ], [ -168.191015624999977, -83.213281250000023 ], [ -168.054736328124989, -83.226562499999943 ], [ -167.724267578124994, -83.217382812499977 ], [ -166.216894531249949, -83.20078124999992 ], [ -165.61918945312496, -83.215527343750011 ], [ -164.915625, -83.2900390625 ], [ -164.644335937499932, -83.4125 ], [ -164.445556640624943, -83.467675781249966 ], [ -164.058398437499932, -83.424707031250023 ], [ -163.7333984375, -83.373046874999943 ], [ -163.111083984374943, -83.3291015625 ], [ -162.912060546874983, -83.347070312500023 ], [ -162.574169921874983, -83.41064453125 ], [ -162.197265624999943, -83.518945312500023 ], [ -160.594726562499972, -83.489550781249989 ], [ -159.923535156250011, -83.494726562499977 ], [ -159.444384765624989, -83.543164062499955 ], [ -157.699267578125017, -83.38125 ], [ -157.428466796875, -83.346386718749955 ], [ -157.027783203124983, -83.234375 ], [ -157.355810546875034, -83.198437500000011 ], [ -157.589208984374977, -83.187402343749966 ], [ -157.67949218749996, -83.129492187499977 ], [ -157.521875, -83.106640624999955 ], [ -157.018261718750011, -83.075195312499943 ], [ -156.037011718749937, -83.026855468749943 ], [ -155.459423828124955, -82.980761718750045 ], [ -155.150244140625006, -82.8583984375 ], [ -153.822265625, -82.669335937500023 ], [ -153.398632812499955, -82.586230468749989 ], [ -153.009863281249977, -82.449609375000023 ], [ -153.88261718749996, -82.176562499999989 ], [ -154.717431640624937, -81.940722656249989 ], [ -154.451464843749932, -81.867578125000023 ], [ -154.1884765625, -81.810546874999943 ], [ -154.061376953124977, -81.765429687499989 ], [ -153.956640624999949, -81.700195312499943 ], [ -154.232080078125023, -81.623242187500011 ], [ -154.48515624999996, -81.566210937499989 ], [ -154.9078125, -81.510351562499977 ], [ -156.492578124999937, -81.376953125 ], [ -157.03251953124996, -81.319140625000045 ], [ -156.815087890624994, -81.23095703125 ], [ -156.528222656249994, -81.162304687499955 ], [ -155.921142578124943, -81.13339843749992 ], [ -152.034765625, -81.029003906250011 ], [ -148.122753906249983, -80.900781249999966 ], [ -148.0234375, -80.835742187500045 ], [ -148.542968749999972, -80.760058593749989 ], [ -148.984179687499989, -80.741503906250045 ], [ -149.147167968749955, -80.718652343750023 ], [ -149.207421875, -80.670410156249943 ], [ -149.214062500000011, -80.604199218749955 ], [ -149.264404296874943, -80.593066406249989 ], [ -149.428613281250023, -80.586230468750045 ], [ -150.13276367187504, -80.510449218749955 ], [ -150.281689453124983, -80.480468749999943 ], [ -150.516113281249972, -80.409472656249989 ], [ -150.575390624999955, -80.353710937500011 ], [ -150.435449218749966, -80.211035156249977 ], [ -150.220703125, -80.15 ], [ -149.845361328124994, -80.117675781249943 ], [ -149.57763671875, -80.105957031249943 ], [ -148.766064453124955, -80.108105468749955 ], [ -148.447998046875, -80.090527343750011 ], [ -148.317138671874972, -80.070996093749955 ], [ -148.339794921874983, -80.002734374999989 ], [ -148.430273437500006, -79.971289062499977 ], [ -148.433496093749966, -79.929492187499989 ], [ -148.296435546874932, -79.906542968750045 ], [ -148.129296875, -79.90771484375 ], [ -148.082958984374955, -79.856738281249989 ], [ -148.176513671875, -79.775878906249943 ], [ -148.41748046875, -79.731445312499943 ], [ -149.051416015624994, -79.656933593749955 ], [ -150.490625, -79.545605468750011 ], [ -151.048437499999977, -79.459667968750011 ], [ -151.368261718750034, -79.393359374999989 ], [ -151.636132812499966, -79.317675781250045 ], [ -151.903564453125, -79.280566406250045 ], [ -152.09140625, -79.241601562500023 ], [ -152.053417968749983, -79.192773437500023 ], [ -152.1376953125, -79.115917968749955 ], [ -152.243505859374977, -79.102734374999955 ], [ -152.701367187500011, -79.13486328124992 ], [ -153.517578124999943, -79.117285156249977 ], [ -154.517724609374937, -79.046582031249955 ], [ -155.209912109375011, -78.96484375 ], [ -156.114550781250017, -78.74462890625 ], [ -156.469335937499977, -78.63535156249992 ], [ -156.207910156249937, -78.558691406249977 ], [ -155.919775390624949, -78.510351562499977 ], [ -154.71640625, -78.398144531250011 ], [ -154.537646484375017, -78.358886718749943 ], [ -154.293017578124989, -78.259082031250045 ], [ -154.695068359375, -78.216992187499955 ], [ -155.036621093749972, -78.220800781249977 ], [ -155.341503906249983, -78.191992187499977 ], [ -156.569238281249994, -78.18613281249992 ], [ -157.266796875000011, -78.19980468749992 ], [ -157.848046874999937, -78.073925781249955 ], [ -158.285888671874972, -77.95078124999992 ], [ -158.406933593750011, -77.887792968749977 ], [ -158.500390624999966, -77.778320312499943 ], [ -158.351416015625006, -77.614843749999977 ], [ -158.229980468749943, -77.497656249999977 ], [ -158.246484374999937, -77.354296874999989 ], [ -158.213574218749983, -77.157128906249966 ], [ -158.003076171874994, -77.091210937499966 ], [ -157.842041015624972, -77.079199218749977 ], [ -157.46538085937496, -77.23125 ], [ -157.139306640624966, -77.242089843749966 ], [ -156.667675781249983, -77.212988281249977 ], [ -156.368212890624989, -77.134765624999943 ], [ -156.211230468749989, -77.105664062499955 ], [ -155.919580078124994, -77.098046875000023 ], [ -155.358837890624983, -77.13330078125 ], [ -155.101757812500011, -77.119531250000023 ], [ -154.81494140625, -77.126953124999943 ], [ -153.909960937499932, -77.226953124999966 ], [ -153.712597656249955, -77.274218750000045 ], [ -153.606103515624937, -77.310156249999977 ], [ -153.57304687499996, -77.363085937499989 ], [ -153.460595703124966, -77.416015624999943 ], [ -153.07695312499996, -77.44248046874992 ], [ -151.998388671874977, -77.41259765625 ], [ -151.718994140624972, -77.42587890624992 ], [ -150.956396484374949, -77.573535156249989 ], [ -150.305566406249966, -77.7314453125 ], [ -150.084326171875006, -77.77099609375 ], [ -149.71772460937504, -77.797460937499977 ], [ -149.588476562499977, -77.774218749999989 ], [ -149.474023437499937, -77.71484375 ], [ -149.1259765625, -77.642675781249977 ], [ -148.339941406250006, -77.551171874999966 ], [ -148.155712890624955, -77.462304687499966 ], [ -148.259814453124932, -77.41259765625 ], [ -148.559277343750011, -77.361328125 ], [ -148.744384765624972, -77.343261718749943 ], [ -148.843603515625034, -77.28369140625 ], [ -148.839013671874966, -77.202343749999955 ], [ -148.777490234374966, -77.125 ], [ -148.572412109374937, -77.10507812499992 ], [ -148.19633789062496, -77.211328125000023 ], [ -147.730224609374943, -77.309765625000011 ], [ -147.566406249999972, -77.325292968749977 ], [ -147.442285156249994, -77.320703124999966 ], [ -147.207226562499983, -77.285839843750011 ], [ -146.927587890624949, -77.25986328124992 ], [ -146.390625, -77.472460937499989 ], [ -146.073632812499966, -77.486718749999966 ], [ -145.677148437499937, -77.488085937499989 ], [ -145.60063476562496, -77.455273437499955 ], [ -145.649658203125, -77.398339843750023 ], [ -145.71381835937504, -77.338378906249943 ], [ -145.794287109374977, -77.329980468750023 ], [ -145.807958984375034, -77.273242187499989 ], [ -145.63457031249996, -77.221289062499977 ], [ -145.515722656250006, -77.199218749999943 ], [ -145.563183593749983, -77.16171874999992 ], [ -145.753125, -77.103320312500045 ], [ -145.86430664062496, -77.094140625000023 ], [ -145.966992187500011, -77.06875 ], [ -145.933935546875006, -77.029003906250011 ], [ -145.806347656249955, -77.012109375000023 ], [ -145.629248046874949, -76.95371093749992 ], [ -145.685693359374994, -76.884472656250011 ], [ -145.675683593749994, -76.796679687499989 ], [ -145.750488281249943, -76.749023437499943 ], [ -146.166455078124955, -76.657617187500023 ], [ -146.776660156249932, -76.507031249999955 ], [ -147.340429687499949, -76.438378906250023 ], [ -148.60107421875, -76.493261718749977 ], [ -149.045849609375011, -76.4580078125 ], [ -149.339648437500017, -76.418945312499943 ], [ -149.559255558164381, -76.381520414395126 ], [ -148.609290770096948, -76.238789329863863 ], [ -148.539664146014928, -76.228328012042084 ], [ -148.504421349945005, -76.131115814804659 ], [ -148.458984375, -76.117968749999989 ], [ -148.3203125, -76.1044921875 ], [ -147.860205078124977, -76.130859375 ], [ -146.817333984374955, -76.318066406250011 ], [ -146.597412109375, -76.337792968750023 ], [ -145.885742187499972, -76.42431640625 ], [ -145.686865234374949, -76.42880859374992 ], [ -145.442089843750011, -76.4091796875 ], [ -145.642333984374943, -76.325683593749943 ], [ -145.86040039062496, -76.2666015625 ], [ -146.383007812500011, -76.09970703124992 ], [ -146.323486328124972, -76.020312499999989 ], [ -145.987744140624955, -75.88876953124992 ], [ -145.105517578124989, -75.87890625 ], [ -144.721289062499977, -75.832128906249977 ], [ -144.220605468749937, -75.731445312499943 ], [ -143.574267578124989, -75.563574218749977 ], [ -143.022167968750011, -75.543457031249943 ], [ -142.329833984374943, -75.490917968750011 ], [ -142.094189453124955, -75.52978515625 ], [ -141.505712890624977, -75.690429687499943 ], [ -141.134619140624977, -75.745996093749966 ], [ -141.008984374999955, -75.750781249999989 ], [ -140.874316406249989, -75.745898437500045 ], [ -141.223339843750011, -75.5458984375 ], [ -140.998730468750011, -75.520019531249943 ], [ -140.709277343749989, -75.49765624999992 ], [ -140.470996093749932, -75.447265625 ], [ -140.29379882812492, -75.405859374999977 ], [ -139.716859431312145, -75.221025606162016 ], [ -138.523060676166267, -75.18719031672957 ], [ -138.206740708013882, -75.108105229002817 ], [ -137.6181640625, -75.075585937500023 ], [ -137.090136718749989, -75.152636718749989 ], [ -136.649853515624955, -75.161718749999977 ], [ -136.549511718749955, -75.139453125000045 ], [ -136.461914062499943, -75.035839843750011 ], [ -136.227832031249989, -74.836035156249977 ], [ -136.030078124999932, -74.765332031249955 ], [ -135.362060546875, -74.6904296875 ], [ -134.840380859374932, -74.694140625000045 ], [ -134.465087890624943, -74.776171875000045 ], [ -134.117138671875011, -74.82968749999992 ], [ -133.796337890624955, -74.85458984374992 ], [ -133.474853515625, -74.851855468749989 ], [ -132.991650390624955, -74.80615234375 ], [ -132.351269531250011, -74.789355468750045 ], [ -132.049365234374932, -74.76572265624992 ], [ -131.70654296875, -74.810937500000023 ], [ -130.857470703124932, -74.825976562500045 ], [ -130.195605468749932, -74.890625 ], [ -129.790820312499989, -74.891406250000045 ], [ -129.238281249999943, -74.828906250000045 ], [ -128.940625, -74.820214843750023 ], [ -127.863378906249977, -74.71923828125 ], [ -127.020214843749955, -74.697851562499977 ], [ -126.383984375000011, -74.742578125000023 ], [ -125.353417968750023, -74.714648437500045 ], [ -124.312451171874955, -74.735742187499966 ], [ -123.889453124999932, -74.77304687499992 ], [ -121.543945312499943, -74.75 ], [ -119.677001953125, -74.654589843750045 ], [ -119.422216796874977, -74.62158203125 ], [ -119.022412109374955, -74.517871093749989 ], [ -118.802929687500011, -74.422265624999966 ], [ -118.655761718749943, -74.392773437500011 ], [ -118.342041015625, -74.381542968750011 ], [ -117.806201171874989, -74.40292968749992 ], [ -117.068310546874955, -74.473242187499977 ], [ -116.433007812500023, -74.447070312500045 ], [ -115.222607421874955, -74.48740234374992 ], [ -115.105175781249955, -74.455078125 ], [ -114.991015624999989, -74.275 ], [ -114.791015625, -73.988574218749989 ], [ -114.623730468750011, -73.90292968749992 ], [ -114.345947265625, -73.925 ], [ -113.508496093750011, -74.0888671875 ], [ -113.489404296875023, -74.158398437500011 ], [ -113.574658203124955, -74.207910156249966 ], [ -113.713574218749955, -74.227734374999955 ], [ -113.753271484374977, -74.36669921875 ], [ -113.640820312499955, -74.40634765624992 ], [ -113.454248046874966, -74.394238281250011 ], [ -113.332958984374955, -74.454199218749977 ], [ -113.597314453124966, -74.558789062499955 ], [ -113.783105468749966, -74.6181640625 ], [ -113.903466796875023, -74.644433593750023 ], [ -113.984765625000023, -74.842968749999955 ], [ -114.097216796874932, -74.909082031250023 ], [ -114.110449218749977, -74.981835937500023 ], [ -113.931835937500011, -74.981835937500023 ], [ -113.752539062499977, -74.9521484375 ], [ -113.593408203124966, -74.943652343750045 ], [ -113.091503906249955, -74.89169921874992 ], [ -112.170019531249977, -74.832226562500011 ], [ -111.868212890624989, -74.801171874999966 ], [ -111.696240234375011, -74.792187500000011 ], [ -111.584423828124955, -74.750878906250023 ], [ -111.738720703124955, -74.653417968749977 ], [ -111.788720703125023, -74.571679687500023 ], [ -111.69589843749992, -74.504101562500011 ], [ -111.722265624999977, -74.386621093749966 ], [ -111.806347656249955, -74.269726562499955 ], [ -111.62998046874992, -74.181445312500045 ], [ -111.466796875, -74.200781249999977 ], [ -111.205636718209632, -74.189213679171104 ], [ -111.155231917711561, -74.194678895341426 ], [ -111.019824218749989, -74.230468749999943 ], [ -110.770410156249966, -74.268945312499966 ], [ -110.533935546875, -74.288867187500045 ], [ -110.307080078124955, -74.36669921875 ], [ -110.229785156249932, -74.536328125000011 ], [ -110.300439453124966, -74.710644531250011 ], [ -110.531933593749955, -74.836328125000023 ], [ -110.967578124999989, -74.95126953124992 ], [ -111.463134765624943, -75.133398437499977 ], [ -111.358789062500023, -75.219921875000011 ], [ -111.104199218750011, -75.190820312500023 ], [ -109.989990234374943, -75.199121093749966 ], [ -109.272167968750011, -75.185058593749943 ], [ -108.822265625, -75.206640624999977 ], [ -108.254492187499977, -75.25253906249992 ], [ -107.804736328124989, -75.321582031250045 ], [ -107.266796875000011, -75.33447265625 ], [ -106.932128906249943, -75.309375 ], [ -106.618847656250011, -75.343945312499955 ], [ -105.399365234374955, -75.197656250000023 ], [ -104.901855468749943, -75.115136718749966 ], [ -104.617822265625023, -75.15625 ], [ -104.15966796875, -75.120703124999977 ], [ -103.901318359374955, -75.152539062499955 ], [ -103.424902343749977, -75.101269531250011 ], [ -103.121044921874955, -75.09521484375 ], [ -102.771337890624977, -75.116992187499989 ], [ -102.150946722033879, -75.123032276030003 ], [ -102.077504035541239, -75.129573129229556 ], [ -102.071555879323853, -75.123805220170283 ], [ -101.708105468749977, -75.127343749999966 ], [ -101.627832031249966, -75.221777343749977 ], [ -101.3037109375, -75.365820312499977 ], [ -101.039355468749989, -75.421875 ], [ -100.706347656249989, -75.398144531250011 ], [ -100.463427734374989, -75.353417968750023 ], [ -100.082812499999989, -75.370410156250045 ], [ -99.531347656249977, -75.308984374999966 ], [ -98.980224609374943, -75.327441406249989 ], [ -98.752343750000023, -75.317089843750011 ], [ -98.645703125000011, -75.277148437500045 ], [ -98.557861328125, -75.189746093749989 ], [ -98.727246093749955, -75.140820312499955 ], [ -99.208154296875023, -75.078515624999966 ], [ -99.651904296874932, -74.94882812499992 ], [ -99.848583984374955, -74.921679687499989 ], [ -100.1640625, -74.937890625000023 ], [ -100.31298828125, -74.914355468750045 ], [ -100.473339843749955, -74.872363281249989 ], [ -100.264892578124943, -74.822949218749955 ], [ -100.0126953125, -74.662109375 ], [ -100.118603515625011, -74.515039062500023 ], [ -100.23813476562492, -74.484179687500045 ], [ -100.530859374999977, -74.48886718749992 ], [ -100.881835937499943, -74.54111328124992 ], [ -101.023144531249955, -74.50498046874992 ], [ -101.251708984375, -74.485742187500023 ], [ -101.3427734375, -74.35009765625 ], [ -101.586718749999932, -74.096386718750011 ], [ -101.715429687499977, -74.023730468750045 ], [ -102.105126953125023, -73.957714843750011 ], [ -102.363068122562709, -73.93317760377731 ], [ -102.364186164447489, -73.930476449542013 ], [ -102.438228120310498, -73.893038785278762 ], [ -102.82358204494281, -73.698193164512318 ], [ -102.799511718750011, -73.645703125000011 ], [ -102.41064453125, -73.616406250000011 ], [ -102.036621093749943, -73.630566406249955 ], [ -101.828369140624943, -73.655468749999955 ], [ -101.58740234375, -73.666796875000045 ], [ -101.310742187500011, -73.695214843749966 ], [ -101.13022460937492, -73.73486328125 ], [ -100.98544921874992, -73.757226562500023 ], [ -100.7177734375, -73.757812499999943 ], [ -99.781103515624977, -73.720117187500023 ], [ -99.656152343750023, -73.694140625000045 ], [ -99.541015625, -73.64511718749992 ], [ -99.343359374999977, -73.634179687499966 ], [ -99.161914062499932, -73.640820312500011 ], [ -98.896142578124966, -73.611132812499989 ], [ -99.200341796874966, -73.570996093750011 ], [ -99.527929687499977, -73.4951171875 ], [ -100.020800781249932, -73.402539062499955 ], [ -100.436376953124977, -73.353125 ], [ -101.189453125, -73.317871093749943 ], [ -101.573730468749943, -73.329589843749943 ], [ -101.815966796874932, -73.311230468750011 ], [ -102.675048828125, -73.32089843749992 ], [ -102.908789062499977, -73.285156249999943 ], [ -103.076171875, -73.184570312499943 ], [ -103.307714843749977, -72.9453125 ], [ -103.375, -72.81884765625 ], [ -103.216601562499989, -72.772070312499977 ], [ -103.110107421874943, -72.72119140625 ], [ -102.855859375000023, -72.716210937500023 ], [ -102.484765625000023, -72.735644531249989 ], [ -102.362890624999977, -72.760156250000023 ], [ -102.272021484374932, -72.8349609375 ], [ -102.362939453124966, -72.911425781249989 ], [ -102.482031249999977, -72.951171874999943 ], [ -102.40927734374992, -72.98740234374992 ], [ -102.028857421874932, -72.99814453124992 ], [ -101.841503906249955, -73.020898437500023 ], [ -101.681201171874989, -73.029882812499977 ], [ -101.331835937499989, -72.995410156250045 ], [ -100.820507812500011, -72.981152343750011 ], [ -100.563574218749977, -73.015527343749966 ], [ -100.258789062499943, -73.041308593749989 ], [ -99.810742187499955, -72.999902343750023 ], [ -98.208593749999977, -73.022265625000045 ], [ -98.012402343749955, -73.033203124999943 ], [ -97.818505859375023, -73.101757812499955 ], [ -97.651025390624966, -73.144433593749966 ], [ -97.476464843750023, -73.126269531249989 ], [ -96.955761718750011, -73.206445312499966 ], [ -96.675830078124989, -73.268554687499943 ], [ -96.394238281250011, -73.301171875000023 ], [ -96.152148437499989, -73.309277343749955 ], [ -95.880566406249955, -73.293847656250023 ], [ -95.529248046875011, -73.241406250000011 ], [ -95.236621093749989, -73.220117187500023 ], [ -95.029589843749989, -73.238964843749955 ], [ -94.586474609374932, -73.249511718749943 ], [ -94.246191406249977, -73.31298828125 ], [ -93.984667968749989, -73.286718749999977 ], [ -93.705957031249966, -73.215039062499955 ], [ -92.828369140625, -73.164648437499977 ], [ -92.241015624999932, -73.178417968749955 ], [ -91.168652343749955, -73.307031249999966 ], [ -90.920947265624989, -73.319140625000045 ], [ -90.430908203124943, -73.24326171874992 ], [ -90.27377929687492, -73.118652343749943 ], [ -90.29541015625, -72.977929687499966 ], [ -90.152441406249977, -72.944531250000011 ], [ -90.035205078124989, -72.960156250000011 ], [ -89.817675781249989, -72.862597656249989 ], [ -89.522363281249966, -72.870898437499989 ], [ -89.341259765625011, -72.889550781249966 ], [ -89.229394531249966, -72.825781249999977 ], [ -89.127148437500011, -72.693164062500045 ], [ -88.779980468749955, -72.683007812500023 ], [ -88.526904296874932, -72.702343749999955 ], [ -88.194091796875, -72.7875 ], [ -88.194531250000011, -72.858593750000011 ], [ -88.331738281249955, -72.934375 ], [ -88.560742187500011, -73.12070312499992 ], [ -88.419384765624955, -73.229003906249943 ], [ -88.204980468749966, -73.219531249999989 ], [ -87.936328124999989, -73.240917968750011 ], [ -87.608447265624932, -73.194531249999955 ], [ -87.401025390624966, -73.191992187499977 ], [ -87.037939453124977, -73.353906250000023 ], [ -86.791015624999943, -73.363671875000023 ], [ -86.60214843749992, -73.353710937499955 ], [ -85.980761718749989, -73.208496093749943 ], [ -85.801416015624966, -73.192089843750011 ], [ -85.582177734374966, -73.258984375000011 ], [ -85.26059570312492, -73.413281250000011 ], [ -84.981201171874943, -73.502050781249977 ], [ -84.5712890625, -73.55673828124992 ], [ -84.214160156249989, -73.57275390625 ], [ -83.796289062500023, -73.64511718749992 ], [ -83.564843750000023, -73.705957031249966 ], [ -83.041894531250023, -73.707226562499955 ], [ -82.815234374999989, -73.732324218750023 ], [ -82.183496093750023, -73.856835937499966 ], [ -81.606103515624966, -73.795703125000045 ], [ -81.308740234374966, -73.73828125 ], [ -81.163183593749977, -73.632421874999977 ], [ -81.235986328124966, -73.473730468749977 ], [ -81.262402343750011, -73.314941406249943 ], [ -81.176416015625023, -73.248828124999989 ], [ -81.024316406250023, -73.235546874999955 ], [ -80.336376953125011, -73.41416015624992 ], [ -80.379833984375011, -73.30810546875 ], [ -80.438769531249989, -73.225 ], [ -80.614208984374955, -73.083398437499966 ], [ -80.591524838837074, -72.992745560682465 ], [ -80.508179974070032, -72.959534535889503 ], [ -80.481039448225346, -72.953359610881904 ], [ -80.393866363093636, -72.953784068995745 ], [ -80.151757812499966, -73.000097656249977 ], [ -79.808007812500023, -73.028125 ], [ -79.521728515624943, -73.089550781249955 ], [ -78.963720703124977, -73.312402343749966 ], [ -78.786230468749977, -73.506738281249966 ], [ -78.407861328124966, -73.55576171874992 ], [ -78.144140624999977, -73.547070312500011 ], [ -77.845605468749966, -73.515039062499966 ], [ -77.444042968750011, -73.487988281249955 ], [ -77.135546874999932, -73.495800781249955 ], [ -76.850488281250023, -73.460449218749943 ], [ -76.76450195312492, -73.566308593750023 ], [ -77.033007812499989, -73.718457031250011 ], [ -77.134912109374966, -73.817675781249989 ], [ -77.048925781249977, -73.844140624999966 ], [ -76.8875, -73.820507812500011 ], [ -76.75498046874992, -73.789453125000023 ], [ -76.291210937499955, -73.805371093749955 ], [ -75.916210937500011, -73.736425781249977 ], [ -75.595019531249989, -73.711230468750045 ], [ -75.29306640624992, -73.638769531249977 ], [ -75.043554687499977, -73.64511718749992 ], [ -74.855468749999943, -73.658007812500045 ], [ -74.594042968749989, -73.715234374999966 ], [ -74.345263671874989, -73.683886718749989 ], [ -74.197314453124989, -73.695507812499955 ], [ -73.996044921875011, -73.699804687499977 ], [ -72.92919921875, -73.447949218749955 ], [ -72.687402343750023, -73.452343750000011 ], [ -72.380810546875011, -73.438378906249966 ], [ -71.994189453124932, -73.379199218749989 ], [ -71.697558593749989, -73.35302734375 ], [ -71.45273437499992, -73.354492187499943 ], [ -71.01718749999992, -73.26279296874992 ], [ -70.322656250000023, -73.274023437499977 ], [ -69.968603515624977, -73.226464843749966 ], [ -69.282226562499943, -73.169628906250011 ], [ -68.820947265624966, -73.10546875 ], [ -68.00034179687492, -72.935546874999943 ], [ -67.667089843749977, -72.834570312499977 ], [ -67.30673828124992, -72.611132812500045 ], [ -67.079541015625011, -72.387597656249966 ], [ -66.827734374999977, -72.090429687499977 ], [ -66.95166015625, -71.897265624999989 ], [ -67.084130859374966, -71.812207031249955 ], [ -67.195751953124955, -71.718945312500011 ], [ -67.460351562499966, -71.526757812500023 ], [ -67.529931640625023, -71.284570312500023 ], [ -67.504589843750011, -71.057812500000011 ], [ -67.598388671874943, -70.844628906250023 ], [ -67.692187499999932, -70.686132812499977 ], [ -67.888476562499989, -70.421679687500045 ], [ -68.125683593749955, -70.249902343750023 ], [ -68.403320312499943, -70.019726562500011 ], [ -68.40366210937492, -69.80917968749992 ], [ -68.46982421874992, -69.643847656249989 ], [ -68.637548828124977, -69.526367187499943 ], [ -68.707958984375011, -69.432226562499977 ], [ -68.580029296875011, -69.412695312499977 ], [ -68.46152343749992, -69.383984375000011 ], [ -68.324632596155837, -69.368433808890273 ], [ -68.094454495518391, -69.351466016733411 ], [ -67.371777343749955, -69.412304687500011 ], [ -67.304345703124966, -69.317578124999955 ], [ -67.11044921874992, -69.248046875 ], [ -66.974902343749932, -69.161035156249966 ], [ -67.021240234374943, -69.028710937500023 ], [ -67.157296512564287, -68.984303957357227 ], [ -67.130681325568304, -68.793064164036423 ], [ -67.126280354853506, -68.761441589675471 ], [ -67.05429687499992, -68.671484374999977 ], [ -67.103240609903509, -68.595892647145874 ], [ -67.095539913728956, -68.540560345889645 ], [ -67.041015625, -68.453125 ], [ -66.893505859374955, -68.297656250000045 ], [ -66.793359374999966, -68.240429687500011 ], [ -66.977587890624932, -68.146777343749989 ], [ -67.149853515624955, -68.024609375000011 ], [ -67.106689453124943, -67.930078125000023 ], [ -67.021289062499932, -67.831445312499966 ], [ -66.915380859374977, -67.692578125000011 ], [ -66.769873046874977, -67.593359374999977 ], [ -66.677246093749943, -67.560253906249955 ], [ -66.704980468750023, -67.527148437499989 ], [ -66.923144531249932, -67.491601562500023 ], [ -67.124316406249989, -67.485058593750011 ], [ -67.486914062499977, -67.54697265624992 ], [ -67.544531249999977, -67.53466796875 ], [ -67.564746093749989, -67.502929687499943 ], [ -67.58579101562492, -67.435156249999977 ], [ -67.55039062499992, -67.269238281250011 ], [ -67.493359375000011, -67.112792968749943 ], [ -67.440478515624989, -67.090722656249966 ], [ -67.299023437499955, -67.07080078125 ], [ -67.16015625, -66.95175781249992 ], [ -67.034472656249989, -66.945117187499989 ], [ -66.955078124999943, -66.984765624999966 ], [ -66.928613281250023, -67.1435546875 ], [ -66.886132812499966, -67.179980468750045 ], [ -66.902148437499932, -67.255957031249977 ], [ -66.836035156249977, -67.282421874999955 ], [ -66.75732421875, -67.23251953124992 ], [ -66.610009765625023, -67.20859374999992 ], [ -66.551562499999989, -67.262597656250023 ], [ -66.498681640624966, -67.2890625 ], [ -66.472216796874989, -67.242773437499977 ], [ -66.490966796875, -67.1142578125 ], [ -66.515136718749943, -67.0625 ], [ -66.53330078124992, -66.979296875000045 ], [ -66.502099609374966, -66.940136718749955 ], [ -66.464697265624977, -66.875195312499955 ], [ -66.526806640625011, -66.74072265625 ], [ -66.503613281250011, -66.689843750000023 ], [ -66.370898437499989, -66.608886718749943 ], [ -66.306542968750023, -66.591992187500011 ], [ -66.181884765625, -66.592480468750011 ], [ -65.953759765624966, -66.645605468749977 ], [ -65.847460937499989, -66.649804687500023 ], [ -65.766406249999932, -66.624902343750023 ], [ -65.717968750000011, -66.5732421875 ], [ -65.678466796874943, -66.402734374999966 ], [ -65.775781249999966, -66.342578125000045 ], [ -65.774511718749977, -66.287988281249966 ], [ -65.717480468750011, -66.254492187499977 ], [ -65.61728515624992, -66.13525390625 ], [ -65.465087890625, -66.129296874999966 ], [ -65.316357421875011, -66.139843749999955 ], [ -65.172021484374966, -66.116796874999977 ], [ -65.222070312499966, -66.068457031249977 ], [ -65.267480468749966, -65.994238281249977 ], [ -65.10507812499992, -65.957910156250023 ], [ -64.998730468750011, -65.9462890625 ], [ -64.7216796875, -65.99277343749992 ], [ -64.613525390625, -66.019042968749943 ], [ -64.514306640625023, -65.95957031249992 ], [ -64.54736328125, -65.9 ], [ -64.653222656249966, -65.866894531249955 ], [ -64.673046875000011, -65.814062499999977 ], [ -64.646582031249977, -65.747851562500045 ], [ -64.474609375, -65.780957031249955 ], [ -64.435351562499989, -65.768359375000045 ], [ -64.390039062500023, -65.708496093749943 ], [ -64.416796874999932, -65.679882812499955 ], [ -64.438916015625011, -65.640625 ], [ -64.21347656249992, -65.632910156249977 ], [ -64.179980468749932, -65.617382812500011 ], [ -64.132226562499966, -65.570507812499955 ], [ -64.065917968749943, -65.553710937499943 ], [ -63.862207031250023, -65.555957031250045 ], [ -63.818115234375, -65.531542968750045 ], [ -63.797949218749977, -65.480371093750023 ], [ -63.908007812499932, -65.46738281249992 ], [ -64.05126953125, -65.417187500000011 ], [ -64.071093749999932, -65.278222656250023 ], [ -64.038037109374955, -65.179003906249989 ], [ -63.912402343749932, -65.093066406250045 ], [ -63.760253906249943, -65.033496093749989 ], [ -63.482128906249955, -65.0849609375 ], [ -63.264160156249943, -65.073144531250023 ], [ -63.178125, -65.12607421874992 ], [ -63.05908203125, -65.139355468750011 ], [ -63.032617187500023, -65.079785156250011 ], [ -63.085693359375, -65.02792968749992 ], [ -63.119873046874943, -64.94248046874992 ], [ -62.774658203125, -64.841699218750023 ], [ -62.664501953125011, -64.85751953124992 ], [ -62.527539062500011, -64.833398437500023 ], [ -62.576220703124989, -64.755664062500045 ], [ -62.503466796874989, -64.656445312500011 ], [ -62.404248046875011, -64.643261718750011 ], [ -62.338085937499955, -64.729199218750011 ], [ -62.243310546875023, -64.746875 ], [ -62.1396484375, -64.726757812499955 ], [ -61.882519531249955, -64.625390624999966 ], [ -61.756396484374932, -64.609863281249943 ], [ -61.631787109375011, -64.604687499999955 ], [ -61.50048828125, -64.545605468750011 ], [ -61.470019531249932, -64.475585937499943 ], [ -61.395947265625011, -64.427148437500023 ], [ -61.173583984374943, -64.3625 ], [ -61.082128906249977, -64.314746093750045 ], [ -60.886621093750023, -64.149707031249989 ], [ -60.922070312499955, -64.10791015625 ], [ -60.864160156249966, -64.073437500000011 ], [ -60.277246093750023, -63.923925781249977 ], [ -59.98984374999992, -63.909570312500023 ], [ -59.510156249999966, -63.820703125000023 ], [ -59.217578124999989, -63.7138671875 ], [ -59.036425781249932, -63.670312500000023 ], [ -58.8720703125, -63.551855468749977 ], [ -58.673535156249955, -63.534375 ], [ -58.215576171874943, -63.451269531249977 ], [ -57.868066406250023, -63.31875 ], [ -57.3896484375, -63.226269531249955 ], [ -57.168261718749989, -63.234765625000023 ], [ -57.076708984374989, -63.2625 ], [ -57.020654296875023, -63.372851562499989 ], [ -56.927343749999977, -63.505566406250011 ], [ -56.781835937499977, -63.571679687500023 ], [ -56.834765624999989, -63.63125 ], [ -56.973681640624989, -63.62460937499992 ], [ -57.119189453124932, -63.637792968749977 ], [ -57.152246093750023, -63.571679687500023 ], [ -57.097705078124932, -63.523535156249977 ], [ -57.152246093750023, -63.479101562499977 ], [ -57.283886718750011, -63.490625 ], [ -57.460644531249955, -63.513574218749966 ], [ -57.581494140625011, -63.546582031249955 ], [ -57.736914062499977, -63.616601562500023 ], [ -57.856738281249932, -63.65683593749992 ], [ -58.262988281249989, -63.763378906249955 ], [ -58.531884765624966, -63.915429687500023 ], [ -58.722851562500011, -64.077441406249989 ], [ -58.83896484374992, -64.186816406249989 ], [ -59.005322265625011, -64.194921874999977 ], [ -59.047314453125011, -64.23447265624992 ], [ -58.977246093749955, -64.265917968750045 ], [ -58.922998046875023, -64.279296875 ], [ -58.799316406249943, -64.292675781249955 ], [ -58.819140624999989, -64.338964843749977 ], [ -58.90512695312492, -64.35214843749992 ], [ -58.895458984375011, -64.388867187499955 ], [ -58.805908203124943, -64.44482421875 ], [ -58.786083984375011, -64.524218749999989 ], [ -58.891894531249989, -64.537402343749989 ], [ -59.050683593749966, -64.451367187499955 ], [ -59.229394531249966, -64.443554687500011 ], [ -59.369677734374989, -64.403515625000011 ], [ -59.460742187499932, -64.345605468750023 ], [ -59.546777343749966, -64.358789062500023 ], [ -59.612158203124977, -64.440136718750011 ], [ -59.573193359374955, -64.53076171875 ], [ -59.645996093749943, -64.583691406250011 ], [ -59.734375, -64.558886718750045 ], [ -59.765039062500023, -64.451367187499955 ], [ -59.850195312499977, -64.43359375 ], [ -59.963085937499955, -64.431347656250011 ], [ -60.242480468749989, -64.546875 ], [ -60.340527343749955, -64.550585937500045 ], [ -60.39365234374992, -64.609375 ], [ -60.555957031249989, -64.676562500000045 ], [ -60.659960937499932, -64.729199218750011 ], [ -60.91538085937492, -64.906835937499977 ], [ -61.059863281249932, -64.98125 ], [ -61.331835937499932, -65.023828124999966 ], [ -61.439453125, -65.017675781249977 ], [ -61.503027343749977, -64.999707031249955 ], [ -61.603222656249955, -64.98779296875 ], [ -61.703125, -64.987207031249966 ], [ -61.736181640624977, -65.033496093749989 ], [ -61.577441406249989, -65.18564453124992 ], [ -61.663427734374977, -65.238574218750045 ], [ -61.855615234374966, -65.2353515625 ], [ -61.94785156249992, -65.192285156250023 ], [ -62.02451171874992, -65.232519531249977 ], [ -62.084667968750011, -65.273242187499989 ], [ -62.145312499999932, -65.331738281250011 ], [ -62.053662109375011, -65.456835937499989 ], [ -61.903369140624932, -65.513476562499989 ], [ -61.795703124999932, -65.52294921875 ], [ -61.756005859375023, -65.569238281249966 ], [ -61.991406250000011, -65.589160156250045 ], [ -62.150585937500011, -65.69882812499992 ], [ -62.222412109375, -65.775 ], [ -62.305029296874977, -65.840429687499977 ], [ -62.293261718749989, -65.916406250000023 ], [ -62.169140625000011, -66.031347656249977 ], [ -62.005029296875023, -66.112890624999977 ], [ -61.839062499999955, -66.119531250000023 ], [ -61.624804687499932, -66.0947265625 ], [ -61.574707031249943, -66.071484375000011 ], [ -61.359130859375, -66.058789062499955 ], [ -61.266113281249943, -65.97998046875 ], [ -61.198144531249966, -65.974511718750023 ], [ -61.137597656249966, -65.988671875000023 ], [ -61.039257812500011, -65.991992187500045 ], [ -60.988134765624977, -65.940234374999989 ], [ -60.912792968750011, -65.920898437499943 ], [ -60.81298828125, -65.93408203125 ], [ -60.618310546874966, -65.933105468749943 ], [ -60.565380859375011, -65.979394531249966 ], [ -60.624902343749966, -66.03232421874992 ], [ -60.743994140624977, -66.105078124999977 ], [ -60.8564453125, -66.065332031249966 ], [ -60.955664062499977, -66.071972656250011 ], [ -61.009277343749943, -66.110546874999955 ], [ -60.902734375000023, -66.19101562499992 ], [ -60.942431640624989, -66.263769531249977 ], [ -61.02841796874992, -66.336523437499977 ], [ -61.13427734375, -66.290234374999955 ], [ -61.149755859374977, -66.211718750000045 ], [ -61.29296875, -66.164550781249943 ], [ -61.431933593749989, -66.144726562500011 ], [ -61.526123046875, -66.225683593749977 ], [ -61.675634765624977, -66.249511718749943 ], [ -61.696484374999955, -66.343164062500023 ], [ -61.756005859375023, -66.429199218749943 ], [ -61.841992187499955, -66.402734374999966 ], [ -61.875439453125011, -66.296093750000011 ], [ -62.116503906249932, -66.208984374999943 ], [ -62.241259765624932, -66.197070312499989 ], [ -62.494140624999943, -66.21933593749992 ], [ -62.582812499999989, -66.217480468749955 ], [ -62.682031250000023, -66.237304687499943 ], [ -62.754833984375011, -66.31015624999992 ], [ -62.650292968749966, -66.363671875000023 ], [ -62.615380859375023, -66.435742187499955 ], [ -62.617919921874943, -66.489648437500023 ], [ -62.63754882812492, -66.511132812500023 ], [ -62.655078124999932, -66.556054687500023 ], [ -62.543164062499955, -66.620996093750023 ], [ -62.536523437499966, -66.70703125 ], [ -62.628906249999943, -66.706152343749977 ], [ -62.704785156249955, -66.680078124999966 ], [ -62.996728515625023, -66.452832031249955 ], [ -63.179541015624977, -66.352539062499943 ], [ -63.257519531250011, -66.263769531249977 ], [ -63.448535156249932, -66.24375 ], [ -63.586621093750011, -66.241699218749943 ], [ -63.752539062499977, -66.277734375000023 ], [ -63.687548828124989, -66.319824218749943 ], [ -63.654394531249977, -66.38291015624992 ], [ -63.755664062499989, -66.408984374999989 ], [ -63.880419921874932, -66.505957031249977 ], [ -63.964355468749943, -66.588769531250023 ], [ -64.015039062499966, -66.606640624999955 ], [ -64.077734374999977, -66.654101562500045 ], [ -63.808789062500011, -66.760937500000011 ], [ -63.769042968749943, -66.803222656249943 ], [ -63.754736328124977, -66.872949218750023 ], [ -63.839599609374943, -66.912011718749966 ], [ -64.04257812499992, -66.92724609375 ], [ -64.40097656249992, -66.853320312500045 ], [ -64.554003906249932, -66.851757812499955 ], [ -64.606933593749943, -66.799609374999989 ], [ -64.686279296874943, -66.80625 ], [ -64.73544921874992, -66.894140624999977 ], [ -64.793359375000023, -66.971972656250045 ], [ -64.878125, -67.024511718749977 ], [ -64.854101562499977, -67.104785156249989 ], [ -64.78549804687492, -67.123730468749955 ], [ -64.83872070312492, -67.156054687500045 ], [ -64.950878906249955, -67.183203124999977 ], [ -65.026904296874989, -67.214062499999955 ], [ -64.85825195312492, -67.242773437499977 ], [ -64.826464843749932, -67.26914062499992 ], [ -64.819287109374955, -67.307324218749955 ], [ -65.07958984375, -67.335351562499966 ], [ -65.248535156249943, -67.341992187500011 ], [ -65.35009765625, -67.310937499999966 ], [ -65.443115234374943, -67.326171875 ], [ -65.503125, -67.377246093749989 ], [ -65.5234375, -67.444628906250045 ], [ -65.50390625, -67.528222656250023 ], [ -65.47080078124992, -67.587890625 ], [ -65.44677734375, -67.610156250000045 ], [ -65.41806640624992, -67.659570312499966 ], [ -65.574023437499989, -67.788378906249989 ], [ -65.589257812499966, -67.816308593750023 ], [ -65.600048828124955, -67.875683593750011 ], [ -65.52783203125, -67.929980468749989 ], [ -65.469433593750011, -68.009472656250011 ], [ -65.551171875000023, -68.048339843749943 ], [ -65.63950195312492, -68.130566406250011 ], [ -65.54624023437492, -68.146679687500011 ], [ -65.3875, -68.150390624999943 ], [ -65.218017578124943, -68.140039062499966 ], [ -64.958837890624977, -68.067578124999955 ], [ -64.884716796874955, -68.056347656249955 ], [ -64.853466796875011, -68.08310546874992 ], [ -64.829492187500023, -68.12744140625 ], [ -64.895947265624955, -68.168359374999966 ], [ -65.365185546875011, -68.2875 ], [ -65.452001953124977, -68.336718749999989 ], [ -65.33139648437492, -68.364160156249966 ], [ -65.089746093750023, -68.370214843749977 ], [ -64.996484375000023, -68.407812499999977 ], [ -65.05454101562492, -68.44931640624992 ], [ -65.140087890624955, -68.4892578125 ], [ -65.241601562500023, -68.583203125000011 ], [ -65.158349609375023, -68.617968749999989 ], [ -64.898291015624977, -68.67333984375 ], [ -64.428906250000011, -68.74609375 ], [ -64.07846679687492, -68.771191406249955 ], [ -64.15683593749992, -68.686914062500023 ], [ -64.169238281249989, -68.582519531249943 ], [ -63.924462890625023, -68.497656249999977 ], [ -63.796484374999977, -68.4697265625 ], [ -63.216601562499932, -68.418847656250023 ], [ -63.056542968750023, -68.420703125000045 ], [ -62.933300781249955, -68.442578124999955 ], [ -62.979687500000011, -68.486328125 ], [ -63.11474609375, -68.470605468749966 ], [ -63.347509765624977, -68.499414062500023 ], [ -63.707324218749989, -68.592187499999966 ], [ -63.7734375, -68.6318359375 ], [ -63.747021484375011, -68.704589843749943 ], [ -63.44272460937492, -68.764160156249943 ], [ -63.343505859374943, -68.810449218750023 ], [ -63.478222656249955, -68.951171875 ], [ -63.455957031249966, -69.041894531250023 ], [ -63.301464843750011, -69.141015624999966 ], [ -63.094384765625023, -69.253027343749977 ], [ -62.994091796875011, -69.328906250000045 ], [ -62.839746093750023, -69.371875 ], [ -62.586816406249966, -69.477246093750011 ], [ -62.45053710937492, -69.584375 ], [ -62.407128906249966, -69.827246093749977 ], [ -62.202441406249932, -70.02792968749992 ], [ -61.961083984374966, -70.120117187499943 ], [ -61.934619140624989, -70.199511718750045 ], [ -62.013964843749989, -70.278906249999977 ], [ -62.217871093749977, -70.233203124999989 ], [ -62.331494140625011, -70.278906249999977 ], [ -62.377783203124977, -70.364843749999977 ], [ -62.232275390624977, -70.424414062499977 ], [ -62.000781249999989, -70.49716796874992 ], [ -61.504687499999989, -70.490527343749989 ], [ -61.491406250000011, -70.56992187499992 ], [ -61.605322265624977, -70.616699218749943 ], [ -61.696484374999955, -70.67578125 ], [ -61.808935546874977, -70.708789062499989 ], [ -61.994140624999943, -70.72861328124992 ], [ -62.040429687499966, -70.80136718749992 ], [ -61.961083984374966, -70.900585937499955 ], [ -61.7021484375, -70.856738281249989 ], [ -61.513378906249955, -70.85117187499992 ], [ -61.312841796874977, -70.867578125000023 ], [ -61.251660156249955, -71.002246093749989 ], [ -61.017236328124966, -71.166894531249966 ], [ -60.962255859374977, -71.24462890625 ], [ -61.003076171875023, -71.3193359375 ], [ -61.148437499999943, -71.341894531249977 ], [ -61.237304687499943, -71.400585937499955 ], [ -61.369287109375023, -71.452343750000011 ], [ -61.515917968749932, -71.479101562499977 ], [ -61.78955078125, -71.616015625000045 ], [ -61.909570312500023, -71.630859375 ], [ -61.958789062499932, -71.657812499999977 ], [ -61.72543945312492, -71.672558593749955 ], [ -61.562792968749989, -71.67529296875 ], [ -61.213574218750011, -71.564062499999977 ], [ -61.081347656249989, -71.588574218749955 ], [ -60.995312499999955, -71.661328124999955 ], [ -60.949023437499932, -71.747265624999955 ], [ -61.035058593749966, -71.820019531249955 ], [ -61.644531249999943, -71.86289062499992 ], [ -61.938916015624955, -71.903613281250045 ], [ -62.256640624999989, -72.017578125 ], [ -61.89404296875, -72.070996093750011 ], [ -61.628027343749977, -72.052734374999943 ], [ -61.49267578125, -72.072656250000023 ], [ -61.310253906249955, -72.112695312500023 ], [ -61.107470703124989, -72.091503906249955 ], [ -60.951757812499977, -72.050195312499966 ], [ -60.833203124999955, -72.051562499999989 ], [ -60.719433593749955, -72.072656250000023 ], [ -60.704296875000011, -72.14414062499992 ], [ -60.691064453124966, -72.269824218750045 ], [ -60.664599609374989, -72.3625 ], [ -60.730322265624977, -72.425976562499955 ], [ -61.047509765625023, -72.470507812500045 ], [ -61.27978515625, -72.468261718749943 ], [ -61.286132812499943, -72.600781249999955 ], [ -60.939160156249955, -72.699707031249943 ], [ -60.724121093749943, -72.646875 ], [ -60.53232421874992, -72.67333984375 ], [ -60.53232421874992, -72.83212890624992 ], [ -60.384667968749966, -73.00732421875 ], [ -60.25449218749992, -73.017285156250011 ], [ -60.148681640624943, -72.937890624999966 ], [ -60.009765625, -72.937890624999966 ], [ -59.956835937499932, -73.030566406250045 ], [ -60.016406249999989, -73.189257812500045 ], [ -60.122216796874966, -73.275292968749966 ], [ -60.403759765624955, -73.240234374999943 ], [ -60.560693359375023, -73.21142578125 ], [ -60.68662109374992, -73.27099609375 ], [ -60.89584960937492, -73.32041015624992 ], [ -61.081347656249989, -73.32822265624992 ], [ -61.242089843750023, -73.250292968750045 ], [ -61.428417968750011, -73.191406249999943 ], [ -61.72641601562492, -73.160742187499977 ], [ -62.00830078125, -73.147656250000011 ], [ -61.914746093750011, -73.215722656250023 ], [ -61.78759765625, -73.2548828125 ], [ -61.737695312500023, -73.375488281249943 ], [ -61.636962890625, -73.500195312499955 ], [ -61.405468750000011, -73.467089843750045 ], [ -61.079785156250011, -73.538671874999977 ], [ -60.878857421875011, -73.612011718750011 ], [ -60.790283203125, -73.711816406250023 ], [ -60.902734375000023, -73.87060546875 ], [ -61.088281249999966, -73.929492187500045 ], [ -61.203417968749989, -73.956640624999977 ], [ -61.404052734375, -73.895996093749943 ], [ -61.54541015625, -73.895996093749943 ], [ -61.691699218749989, -73.923828124999943 ], [ -61.741601562500023, -73.99619140624992 ], [ -61.838232421874977, -74.032031250000045 ], [ -61.319433593749977, -74.035937500000045 ], [ -61.160693359374989, -74.055761718749977 ], [ -61.041650390624966, -74.121972656249966 ], [ -61.226855468749932, -74.207910156249966 ], [ -61.570800781249943, -74.194726562499966 ], [ -61.718261718749943, -74.228125 ], [ -61.842773437499943, -74.28964843749992 ], [ -61.331787109375, -74.32861328125 ], [ -61.12060546875, -74.306933593749989 ], [ -60.78369140625, -74.241015624999989 ], [ -60.704296875000011, -74.307128906249943 ], [ -60.838476562499977, -74.372949218750023 ], [ -61.010791015624989, -74.478320312499989 ], [ -61.370166015624932, -74.51181640624992 ], [ -61.63999023437492, -74.513574218750023 ], [ -61.994531250000023, -74.475781250000011 ], [ -62.0888671875, -74.452832031249955 ], [ -62.235302734374955, -74.441308593750023 ], [ -62.225683593749977, -74.505566406249955 ], [ -62.132714843750023, -74.55 ], [ -61.894433593749966, -74.713085937499955 ], [ -61.855224609375, -74.776757812499966 ], [ -61.928027343749989, -74.86279296875 ], [ -62.137792968749977, -74.926367187499977 ], [ -62.372460937500023, -74.9521484375 ], [ -62.566796875000023, -74.895800781249989 ], [ -62.70849609375, -74.737109374999989 ], [ -62.887109374999966, -74.690820312499966 ], [ -63.072314453124932, -74.677539062499989 ], [ -63.178125, -74.68417968749992 ], [ -63.167919921875011, -74.764550781249966 ], [ -63.125244140625, -74.849511718749966 ], [ -63.197998046875, -74.909082031250023 ], [ -63.357031249999977, -74.878320312499966 ], [ -63.558789062499955, -74.905664062500023 ], [ -63.750878906250023, -74.952343749999955 ], [ -63.924707031249966, -75.00449218749992 ], [ -63.570996093749955, -75.0302734375 ], [ -63.336914062499943, -75.034765624999977 ], [ -63.173193359374977, -75.11474609375 ], [ -63.231054687499977, -75.153808593749943 ], [ -63.551416015625023, -75.17148437499992 ], [ -63.857519531249977, -75.206152343749977 ], [ -64.279541015624943, -75.292871093749966 ], [ -63.972460937499932, -75.329394531250045 ], [ -63.678417968749955, -75.327929687499989 ], [ -63.474853515625, -75.336328125000023 ], [ -63.303808593749977, -75.352246093749955 ], [ -63.257519531250011, -75.398535156249977 ], [ -63.36337890624992, -75.451464843750045 ], [ -64.052636718750023, -75.57958984375 ], [ -64.778271484374955, -75.738183593750023 ], [ -65.044384765625011, -75.7875 ], [ -65.321728515625011, -75.815136718749955 ], [ -65.96567382812492, -75.951660156249943 ], [ -66.370410156249989, -76.013378906250011 ], [ -67.518212890625023, -76.109765625000023 ], [ -69.304394531249955, -76.350781250000011 ], [ -69.915283203124943, -76.52197265625 ], [ -70.095507812499989, -76.654492187499955 ], [ -70.210156250000011, -76.674121093749989 ], [ -70.550781249999943, -76.718066406250045 ], [ -70.89501953125, -76.739355468749977 ], [ -71.798681640624977, -76.752734374999989 ], [ -72.722314453125023, -76.68906249999992 ], [ -73.47177734374992, -76.675488281250011 ], [ -73.879785156250023, -76.69677734375 ], [ -75.268359374999932, -76.581445312500023 ], [ -75.443505859375023, -76.586718750000045 ], [ -75.65927734374992, -76.608203125000045 ], [ -75.831347656249989, -76.608203125000045 ], [ -75.962841796875011, -76.592089843750045 ], [ -76.244189453124989, -76.585351562500023 ], [ -77.19003906249992, -76.629785156250023 ], [ -77.287060546874955, -76.70166015625 ], [ -77.167968749999943, -76.833886718750023 ], [ -76.823583984374977, -76.993457031250045 ], [ -76.248583984374989, -77.27490234375 ], [ -75.937255859374943, -77.334472656249943 ], [ -75.748144531249977, -77.3984375 ], [ -75.386914062500011, -77.47421874999992 ], [ -74.580615234374989, -77.47802734375 ], [ -73.478222656250011, -77.535546874999966 ], [ -72.851953124999966, -77.590234375000023 ], [ -72.875146484374966, -77.69384765625 ], [ -73.25156249999992, -77.894238281249955 ], [ -73.485009765624966, -77.97080078124992 ], [ -74.042138671874966, -78.109375 ], [ -74.812060546874989, -78.177832031249977 ], [ -75.3984375, -78.15781249999992 ], [ -76.437841796874977, -78.044140625000011 ], [ -77.742138671874955, -77.940332031250023 ], [ -79.679003906249932, -77.842578124999989 ], [ -80.10410156249992, -77.796582031249955 ], [ -80.601562499999943, -77.751953125 ], [ -80.888525390624977, -77.797656249999989 ], [ -81.103125, -77.841796875 ], [ -81.580957031249966, -77.846093750000023 ], [ -81.441015624999977, -77.885644531249966 ], [ -79.509667968749966, -78.154296875 ], [ -77.858105468749955, -78.350976562500023 ], [ -77.664794921875, -78.401464843749977 ], [ -77.432568359374955, -78.43466796874992 ], [ -77.452441406249989, -78.560351562500045 ], [ -77.545019531249977, -78.659570312500023 ], [ -77.869140625, -78.745507812500023 ], [ -78.711621093750011, -78.75205078124992 ], [ -79.766552734375011, -78.820703124999966 ], [ -80.292285156249989, -78.822753906249943 ], [ -80.816308593750023, -78.754296875000023 ], [ -81.929296874999977, -78.559082031249943 ], [ -82.608447265624989, -78.412402343749989 ], [ -83.08251953125, -78.246679687499977 ], [ -83.412060546875011, -78.114648437500023 ], [ -83.779003906249955, -77.983593749999955 ], [ -83.752099609375023, -78.066308593750023 ], [ -83.687744140624943, -78.148046874999977 ], [ -83.508251953124955, -78.248046875 ], [ -83.245898437499989, -78.35703124999992 ], [ -83.226953125000023, -78.401562500000011 ], [ -83.35498046875, -78.407617187500023 ], [ -83.544433593749943, -78.355273437499989 ], [ -83.70590820312492, -78.404101562499989 ], [ -83.762744140624932, -78.461132812499955 ], [ -83.696630859374977, -78.537304687499955 ], [ -83.595166015625011, -78.611035156249955 ], [ -83.260009765624943, -78.774218749999989 ], [ -82.970751953124989, -78.816699218750045 ], [ -82.589208984374977, -78.916308593749989 ], [ -81.660888671874943, -79.099804687499955 ], [ -81.5029296875, -79.162890625000045 ], [ -81.22216796875, -79.2978515625 ], [ -81.163183593749977, -79.400390625 ], [ -80.891992187499966, -79.501855468750023 ], [ -80.704785156250011, -79.51718749999992 ], [ -80.534814453125023, -79.51279296874992 ], [ -80.478759765625, -79.426171875000023 ], [ -80.488525390625, -79.320996093750011 ], [ -80.415771484374943, -79.29453124999992 ], [ -80.151171874999932, -79.26806640625 ], [ -79.45566406249992, -79.304394531250011 ], [ -76.49912109374992, -79.32568359375 ], [ -76.217675781249966, -79.38720703125 ], [ -76.105126953124966, -79.465136718750045 ], [ -76.03159179687492, -79.62705078124992 ], [ -76.343945312499955, -79.820898437499977 ], [ -76.557861328125, -79.903515625000011 ], [ -76.904003906250011, -79.955273437500011 ], [ -77.22226562499992, -79.994140625 ], [ -77.701855468750011, -80.009570312500045 ], [ -78.692236328124977, -79.995410156249989 ], [ -79.660400390624943, -79.996875 ], [ -78.907128906249966, -80.089648437500045 ], [ -78.176074218749989, -80.166796874999989 ], [ -77.160449218749932, -80.15292968749992 ], [ -76.757128906249932, -80.13125 ], [ -76.407324218749977, -80.094921875000011 ], [ -76.25961914062492, -80.160058593749966 ], [ -75.985644531249989, -80.29501953124992 ], [ -75.822412109375023, -80.338183593750045 ], [ -75.709033203124932, -80.382714843750023 ], [ -75.555029296874977, -80.53085937499992 ], [ -75.494531250000023, -80.617480468749989 ], [ -75.34458007812492, -80.718945312499955 ], [ -75.236523437500011, -80.802636718749966 ], [ -75.075585937500023, -80.860058593750011 ], [ -74.806591796875011, -80.886523437499989 ], [ -74.511132812500023, -80.837988281249977 ], [ -73.937841796874977, -80.81591796875 ], [ -73.383349609374989, -80.89365234374992 ], [ -73.029492187500011, -80.917285156250045 ], [ -72.553222656249943, -80.853125 ], [ -72.173583984374943, -80.763867187499955 ], [ -71.380029296875023, -80.682226562499977 ], [ -71.230664062500011, -80.646777343749989 ], [ -71.01767578124992, -80.619042968749966 ], [ -70.687890624999966, -80.626269531249989 ], [ -70.560058593749943, -80.646582031249977 ], [ -70.39243164062492, -80.735449218749977 ], [ -70.239111328124977, -80.856640624999955 ], [ -70.012451171874943, -80.917773437500045 ], [ -69.772265624999989, -80.96152343749992 ], [ -69.633984374999955, -80.9658203125 ], [ -69.181591796874955, -81.004882812499943 ], [ -68.589843749999943, -80.967968750000011 ], [ -68.326562499999966, -81.004101562499955 ], [ -68.284619140625011, -81.073828124999977 ], [ -68.14375, -81.130371093749943 ], [ -67.96542968749992, -81.148242187500045 ], [ -65.573681640625011, -81.460546874999977 ], [ -64.750146484375023, -81.521679687500011 ], [ -63.477734374999955, -81.553222656249943 ], [ -62.490234374999943, -81.55673828124992 ], [ -62.353710937500011, -81.57666015625 ], [ -62.16538085937492, -81.636132812500023 ], [ -62.541845703124977, -81.67832031249992 ], [ -62.945898437499977, -81.683984375000023 ], [ -63.553955078124943, -81.667187499999955 ], [ -63.768652343749977, -81.676074218749989 ], [ -64.232666015625, -81.659765624999977 ], [ -64.475683593749977, -81.671679687499989 ], [ -64.696093749999989, -81.652343749999943 ], [ -65.021582031249977, -81.696484375000011 ], [ -65.619726562499977, -81.729296874999989 ], [ -65.486621093749932, -81.775 ], [ -65.26376953124992, -81.785644531249943 ], [ -64.810546874999943, -81.802734374999943 ], [ -64.190185546874943, -81.794824218750023 ], [ -64.137109374999966, -81.869335937499955 ], [ -64.70615234374992, -81.8875 ], [ -65.916210937499955, -81.902246093749966 ], [ -66.042285156249989, -81.913867187500045 ], [ -66.133837890624989, -81.953417968750045 ], [ -65.953027343750023, -81.970996093750045 ], [ -65.843847656249977, -81.993261718749977 ], [ -65.786621093749943, -82.045507812499977 ], [ -65.913183593749977, -82.18320312499992 ], [ -65.713964843749977, -82.279199218749966 ], [ -65.571923828125023, -82.294335937500023 ], [ -65.424414062499977, -82.28037109374992 ], [ -65.170117187499955, -82.318261718750023 ], [ -64.919580078124966, -82.370507812500023 ], [ -64.39658203124992, -82.374414062499966 ], [ -63.772851562500023, -82.30429687499992 ], [ -63.466308593749943, -82.306835937500011 ], [ -62.645312499999989, -82.263085937499966 ], [ -61.901660156249932, -82.271093749999977 ], [ -60.859082031250011, -82.186718749999955 ], [ -60.687109374999977, -82.188574218749977 ], [ -60.527734374999966, -82.199902343749955 ], [ -60.817187499999989, -82.275781249999966 ], [ -62.094531249999989, -82.466601562500045 ], [ -62.553027343749932, -82.503320312499966 ], [ -62.735644531249932, -82.52734375 ], [ -62.630908203124989, -82.620703124999977 ], [ -62.465576171875, -82.718164062500023 ], [ -62.128613281250011, -82.82236328124992 ], [ -61.916992187499943, -82.97666015624992 ], [ -61.708935546875011, -83.009960937499955 ], [ -61.312841796874977, -82.939160156250011 ], [ -61.218408203125023, -82.99179687499992 ], [ -61.200390624999955, -83.097949218750045 ], [ -61.303222656249943, -83.18417968749992 ], [ -61.436328124999989, -83.232421875 ], [ -61.530566406249932, -83.279394531249977 ], [ -61.58984375, -83.341210937499966 ], [ -61.425292968749943, -83.39560546874992 ], [ -60.983203124999989, -83.427539062500045 ], [ -60.397021484374989, -83.440722656249989 ], [ -59.853808593749989, -83.442382812499943 ], [ -59.516015625000023, -83.458398437500023 ], [ -58.289941406250023, -83.120703124999977 ], [ -57.797753906250023, -82.958593749999977 ], [ -57.55712890625, -82.89023437499992 ], [ -57.35361328124992, -82.840234375000023 ], [ -56.317871093749943, -82.633398437499977 ], [ -56.075048828124977, -82.570214843750023 ], [ -55.800683593750023, -82.478417968750023 ], [ -55.294677734374943, -82.464843749999943 ], [ -54.601123046874989, -82.316210937500045 ], [ -53.986083984375, -82.200585937500023 ], [ -53.739599609374977, -82.178417968750011 ], [ -53.557568359375011, -82.16943359375 ], [ -53.339062500000011, -82.144531249999943 ], [ -52.798876953124989, -82.153613281250045 ], [ -52.414941406250023, -82.134863281249977 ], [ -51.730664062499955, -82.0615234375 ], [ -51.209667968749955, -82.01523437499992 ], [ -50.653027343749955, -81.975488281249966 ], [ -50.029248046874898, -81.967675781250023 ], [ -48.360791015624898, -81.892285156250011 ], [ -47.886816406249977, -81.925195312499966 ], [ -47.360253906249966, -82.00400390624992 ], [ -47.01987304687492, -82.003222656250045 ], [ -46.566699218749989, -81.979199218749955 ], [ -46.258056640625, -81.946972656249955 ], [ -46.119140625, -82.03955078125 ], [ -46.04638671875, -82.15869140625 ], [ -46.198535156249932, -82.271093749999977 ], [ -46.44833984374992, -82.339843749999943 ], [ -46.516748046875023, -82.45458984375 ], [ -46.17529296875, -82.511621093749966 ], [ -45.78857421875, -82.494921875000045 ], [ -45.04375, -82.43798828125 ], [ -44.454882812499989, -82.365917968749955 ], [ -44.291796874999989, -82.317773437500023 ], [ -44.064208984374943, -82.331445312500023 ], [ -43.669335937499966, -82.270117187499977 ], [ -43.180371093749955, -82.017187499999977 ], [ -42.564550781249977, -81.761621093750023 ], [ -42.046289062499966, -81.597851562499955 ], [ -41.711572265625023, -81.407714843749943 ], [ -41.433837890625, -81.297753906250023 ], [ -41.125878906249966, -81.21484375 ], [ -40.91455078125, -81.17236328125 ], [ -40.440820312500023, -81.16513671874992 ], [ -39.762304687499977, -81.032031249999989 ], [ -38.771728515625, -80.882324218749943 ], [ -38.010937499999898, -80.954296874999955 ], [ -37.209277343749989, -81.063867187499966 ], [ -36.812402343749966, -80.97470703124992 ], [ -36.49951171875, -80.959570312499977 ], [ -36.233984374999977, -80.92050781249992 ], [ -35.965771484374955, -80.890917968749989 ], [ -35.77587890625, -80.812695312499955 ], [ -35.520556640624932, -80.74570312499992 ], [ -35.327001953124977, -80.650683593749989 ], [ -34.34995117187492, -80.603417968749966 ], [ -33.328710937499977, -80.540429687500023 ], [ -33.191308593749966, -80.51865234374992 ], [ -33.05722656249992, -80.531640625000023 ], [ -32.706201171875023, -80.513867187500011 ], [ -32.255712890624977, -80.460742187500045 ], [ -31.634228515624898, -80.444628906250045 ], [ -31.31210937499992, -80.450097656250023 ], [ -31.015429687499989, -80.308105468749943 ], [ -30.42529296875, -80.279687500000023 ], [ -29.79736328125, -80.223339843750011 ], [ -29.531494140625, -80.181835937499955 ], [ -29.3291015625, -80.172070312500011 ], [ -24.240283203124932, -80.061914062499966 ], [ -24.019824218749932, -80.008984375000011 ], [ -23.574462890625, -79.96484375 ], [ -23.406835937499977, -79.85898437499992 ], [ -24.088281249999966, -79.814843749999966 ], [ -24.299853515624989, -79.770800781249989 ], [ -24.533886718749955, -79.75791015624992 ], [ -24.67041015625, -79.774609374999955 ], [ -25.25864257812492, -79.7625 ], [ -29.94931640624992, -79.599023437499966 ], [ -30.049072265625, -79.585351562500023 ], [ -30.211230468749989, -79.485253906249966 ], [ -30.177929687499955, -79.304296874999977 ], [ -30.31591796875, -79.1630859375 ], [ -30.645263671875, -79.124121093749977 ], [ -30.985156249999932, -79.127929687499943 ], [ -31.412792968749955, -79.145214843750011 ], [ -32.541845703124977, -79.222167968749943 ], [ -32.994238281249977, -79.228808593750045 ], [ -34.19736328124992, -79.110253906249966 ], [ -34.994921874999989, -78.977539062499943 ], [ -35.515966796874977, -78.933007812500023 ], [ -35.890087890624898, -78.843554687499989 ], [ -36.239160156249966, -78.774218749999989 ], [ -36.265625, -78.615527343749989 ], [ -36.180859374999898, -78.46835937499992 ], [ -35.509277343749943, -78.041210937499955 ], [ -35.293370572964527, -77.936707660301821 ], [ -35.035359100153599, -77.834022011481778 ], [ -34.808349609375, -77.820605468750045 ] ] ], [ [ [ -150.824883204280127, -76.71371841574684 ], [ -150.177392578124966, -76.691308593750023 ], [ -150.103564453124932, -76.71884765624992 ], [ -150.084765624999932, -76.735156249999989 ], [ -150.232519531250006, -76.776464843749977 ], [ -150.655175781249966, -76.788964843750023 ], [ -150.830468749999966, -76.761523437500045 ], [ -150.867525449178459, -76.740180123233955 ], [ -150.8553379741399, -76.735652230792056 ], [ -150.824883204280127, -76.71371841574684 ] ] ], [ [ [ -131.559619140624989, -74.367285156249977 ], [ -131.23388671875, -74.413574218749943 ], [ -130.981103515625023, -74.4140625 ], [ -130.956787109375, -74.45625 ], [ -130.967285156249943, -74.515039062500023 ], [ -131.066699218749932, -74.583789062499989 ], [ -131.178906249999955, -74.604785156250045 ], [ -131.597949218749989, -74.5537109375 ], [ -131.840869140624989, -74.542578124999977 ], [ -131.95249023437492, -74.514355468750011 ], [ -132.025097656249955, -74.488671874999966 ], [ -132.04931640625, -74.4638671875 ], [ -132.162646484374932, -74.425781249999943 ], [ -131.937792968749932, -74.34912109375 ], [ -131.880333362149884, -74.340821016722984 ], [ -131.585546307720421, -74.339007651060825 ], [ -131.559619140624989, -74.367285156249977 ] ] ], [ [ [ -127.267626953124932, -73.304003906250045 ], [ -127.123535156249943, -73.294335937500023 ], [ -126.977832031249932, -73.308007812499966 ], [ -126.829980468750023, -73.290820312500045 ], [ -126.603527797697311, -73.279246275688692 ], [ -126.391163703510003, -73.292781137042041 ], [ -126.036279446799057, -73.328466486450168 ], [ -125.975878906249932, -73.356835937499966 ], [ -125.856640624999955, -73.388281249999977 ], [ -125.735791015624955, -73.405664062499966 ], [ -125.626806640624977, -73.453222656249977 ], [ -125.561328124999932, -73.536425781250045 ], [ -125.503906249999943, -73.5625 ], [ -125.326171875, -73.617871093749955 ], [ -125.263964843749932, -73.666406249999966 ], [ -125.276074218750011, -73.69052734374992 ], [ -125.612402343749977, -73.710742187500045 ], [ -125.723193359374989, -73.70273437499992 ], [ -125.828417968749989, -73.71835937499992 ], [ -125.859912109374932, -73.748632812499977 ], [ -125.857031249999977, -73.780175781249966 ], [ -125.798583984374943, -73.801953124999955 ], [ -125.674414062499977, -73.822167968750023 ], [ -125.552392578124966, -73.820117187500045 ], [ -125.326855468749955, -73.795507812499977 ], [ -125.224414062499932, -73.80078125 ], [ -125.108789062500023, -73.825976562499989 ], [ -124.993408203124943, -73.829785156249955 ], [ -124.694384765624989, -73.749609374999977 ], [ -124.617480468749932, -73.735253906249966 ], [ -124.539990234374955, -73.73974609375 ], [ -124.128515624999977, -73.833984375 ], [ -124.042041015624932, -73.880371093749943 ], [ -124.100537109374955, -73.90683593749992 ], [ -124.151806640625011, -73.944238281250023 ], [ -124.129345703124955, -73.971093749999966 ], [ -123.932324218749955, -74.008007812499955 ], [ -123.851171874999977, -74.057031249999966 ], [ -123.800439453125023, -74.076269531249977 ], [ -123.811035156249943, -74.117382812500011 ], [ -123.838769531250023, -74.168261718749989 ], [ -123.836718749999932, -74.225683593749977 ], [ -123.937402343750023, -74.256152343750045 ], [ -123.982470703124989, -74.256054687500011 ], [ -124.199414062499955, -74.225585937499943 ], [ -124.872998046874955, -74.208300781249989 ], [ -125.089550781250011, -74.182421875000045 ], [ -125.420800781250023, -74.06992187499992 ], [ -125.54931640625, -74.062695312500011 ], [ -125.682714843749977, -74.035449218750045 ], [ -125.886865234375023, -73.95458984375 ], [ -126.244091796874955, -73.890917968749989 ], [ -126.471679687499943, -73.81210937499992 ], [ -126.465576171874943, -73.746289062500011 ], [ -126.496093749999943, -73.700195312499943 ], [ -126.538378906249932, -73.680175781249943 ], [ -126.582666015625023, -73.669921875 ], [ -126.710937499999943, -73.653613281250045 ], [ -126.83823242187492, -73.65732421874992 ], [ -126.901660156249989, -73.676757812499943 ], [ -127.006396484374989, -73.725781250000011 ], [ -127.122070312499943, -73.734179687500045 ], [ -127.211621093749955, -73.724414062499989 ], [ -127.231640624999955, -73.713476562499977 ], [ -127.232910156249943, -73.58554687499992 ], [ -127.33203125, -73.567480468749977 ], [ -127.414355468749989, -73.516308593749955 ], [ -127.429052734374977, -73.446875 ], [ -127.410929559381799, -73.413126640378351 ], [ -127.365192526417289, -73.36423513877962 ], [ -127.267626953124932, -73.304003906250045 ] ] ], [ [ [ -120.378125, -73.855859375000023 ], [ -120.312304687499932, -73.92197265624992 ], [ -120.2724609375, -73.989160156250023 ], [ -120.989501953124943, -74.157031250000045 ], [ -121.019042968749943, -74.173437499999977 ], [ -121.054101562499966, -74.259960937500011 ], [ -121.036425781249932, -74.279296874999943 ], [ -121.004687499999932, -74.292871093749966 ], [ -121.002441406249943, -74.326367187499955 ], [ -121.062402343749966, -74.337304687499966 ], [ -122.28662109375, -74.403125 ], [ -122.859082031250011, -74.342675781250023 ], [ -122.938427734375011, -74.302050781249989 ], [ -122.956054687499943, -74.24033203124992 ], [ -122.890625, -74.22705078125 ], [ -122.764746093749977, -74.218652343749966 ], [ -122.794189453125, -74.1904296875 ], [ -122.875244140625, -74.141210937499977 ], [ -122.880761718749966, -74.099023437500023 ], [ -122.710009765624989, -73.993652343749943 ], [ -122.624707031249955, -73.965527343750011 ], [ -122.951171874999943, -73.866601562500023 ], [ -122.991552734374977, -73.844140624999966 ], [ -123.03466796875, -73.837597656249955 ], [ -123.190820312500023, -73.849316406249955 ], [ -123.346191406249943, -73.843066406249989 ], [ -123.291796874999989, -73.803027343750045 ], [ -123.249072265624989, -73.738671874999966 ], [ -123.112158203124977, -73.68222656249992 ], [ -123.0125, -73.672949218749977 ], [ -122.910449218749989, -73.679687499999943 ], [ -122.435693359374966, -73.681640625 ], [ -121.966699218750023, -73.711816406250023 ], [ -121.497314453124943, -73.732812500000023 ], [ -120.78176822147482, -73.750482534194717 ], [ -120.507332397163609, -73.783463563650614 ], [ -120.378125, -73.855859375000023 ] ] ], [ [ [ -118.909814453125023, -73.834277343749989 ], [ -118.877343749999966, -73.87802734374992 ], [ -118.989794921874989, -73.966992187500011 ], [ -119.058593749999943, -73.997656249999977 ], [ -119.448535156249989, -74.076171875 ], [ -119.54892578124992, -74.110253906249966 ], [ -119.758349609374989, -74.1220703125 ], [ -119.820996093749955, -74.119628906249943 ], [ -119.887207031249943, -74.09726562499992 ], [ -119.90512695312492, -74.08154296875 ], [ -119.796679687499989, -74.029199218750023 ], [ -119.69375, -74.006152343749989 ], [ -119.661572265624955, -73.989355468749977 ], [ -119.80258789062492, -73.814648437500011 ], [ -119.669042968749977, -73.809277343749955 ], [ -119.657729168160273, -73.80673020092452 ], [ -118.95005080368486, -73.814099588484069 ], [ -118.909814453125023, -73.834277343749989 ] ] ], [ [ [ -100.400927734374932, -71.865722656249943 ], [ -100.218652343750023, -71.832910156250023 ], [ -100.084619140624966, -71.836914062499943 ], [ -99.985156249999989, -71.939453124999943 ], [ -99.833203125000011, -72.046093750000011 ], [ -99.783984374999932, -72.044335937500023 ], [ -99.734912109374989, -72.033007812500045 ], [ -99.563085937499977, -71.94492187499992 ], [ -99.254101562500011, -71.972167968749943 ], [ -99.08212890624992, -71.932519531249966 ], [ -98.964550781249955, -71.854296875000045 ], [ -98.750852081314463, -71.79888465266707 ], [ -98.30183480717244, -71.79888465266707 ], [ -98.189160156250011, -71.820019531249955 ], [ -98.091113281249932, -71.9125 ], [ -98.175927734374966, -72.018457031249966 ], [ -98.167968749999943, -72.123046875 ], [ -97.923144531249989, -72.116601562500023 ], [ -97.81601562499992, -71.918847656250023 ], [ -97.584765624999989, -71.882617187500045 ], [ -97.473486328124977, -72.000292968749989 ], [ -97.581982421874955, -72.095117187499966 ], [ -97.525634765625, -72.149218749999989 ], [ -97.460253906249932, -72.188281250000045 ], [ -97.345214843749943, -72.18906249999992 ], [ -97.241992187499989, -72.1318359375 ], [ -97.195507812500011, -72.091015625000011 ], [ -97.154785156249943, -72.045410156249943 ], [ -97.08872070312492, -71.944042968750011 ], [ -96.869433593749989, -71.850976562499966 ], [ -96.418591294213456, -71.837390154678729 ], [ -96.147457519950592, -71.914907260238593 ], [ -96.298193359374977, -72.045117187500011 ], [ -96.714941406249977, -72.131640625000045 ], [ -96.978906250000023, -72.221875 ], [ -96.890136718749943, -72.246972656250023 ], [ -96.798730468749966, -72.259472656249955 ], [ -96.717578124999989, -72.255468749999977 ], [ -96.482324218750023, -72.207617187499977 ], [ -95.906347656249977, -72.121972656250023 ], [ -95.68540039062492, -72.056640624999943 ], [ -95.609375, -72.068457031249977 ], [ -95.609521484375023, -72.175 ], [ -95.531054687499989, -72.248730468750011 ], [ -95.575390624999955, -72.409960937499989 ], [ -95.82568359375, -72.438964843749943 ], [ -96.078173828124989, -72.453808593749955 ], [ -96.014306640624966, -72.524707031249989 ], [ -96.02988281249992, -72.554296874999977 ], [ -96.051757812499943, -72.577246093749977 ], [ -96.692675781249989, -72.547656250000045 ], [ -96.803906249999955, -72.558007812500023 ], [ -96.914794921875, -72.578320312500011 ], [ -97.027636718749989, -72.573828124999977 ], [ -97.250292968749989, -72.520898437500023 ], [ -97.365527343749989, -72.521777343750045 ], [ -97.595605468749966, -72.547656250000045 ], [ -97.828320312499955, -72.557031250000023 ], [ -98.16342773437492, -72.556054687500023 ], [ -98.407812499999977, -72.547656250000045 ], [ -98.640673828124989, -72.48974609375 ], [ -98.881542968750011, -72.47324218749992 ], [ -99.148828125000023, -72.471972656249989 ], [ -99.434326171874943, -72.406640625000023 ], [ -99.672363281249943, -72.3798828125 ], [ -100.014257812499977, -72.312402343750023 ], [ -100.104052734374932, -72.287011718749966 ], [ -100.195214843749966, -72.272656250000011 ], [ -100.357421874999943, -72.278125 ], [ -101.601953125000023, -72.175683593750023 ], [ -101.784765624999977, -72.177734375 ], [ -101.903320312499943, -72.190332031250023 ], [ -102.022119140625023, -72.184960937499966 ], [ -102.264794921874966, -72.13525390625 ], [ -102.275799765966639, -72.123038529308232 ], [ -101.512127696166374, -71.942749267120149 ], [ -100.400927734374932, -71.865722656249943 ] ] ], [ [ [ -72.479882812500023, -72.61728515624992 ], [ -72.530810546874989, -72.589550781249955 ], [ -72.643066024359015, -72.594662239068882 ], [ -72.968263942882587, -72.50440910189397 ], [ -73.007031249999955, -72.484082031250011 ], [ -73.057421874999989, -72.447558593749989 ], [ -73.086376953124955, -72.407812499999977 ], [ -72.85483398437492, -72.304199218749943 ], [ -72.7375, -72.280566406249989 ], [ -72.618212890624932, -72.275097656249955 ], [ -72.37607421874992, -72.296289062500023 ], [ -72.134960937500011, -72.331347656250045 ], [ -71.60532226562492, -72.358984374999977 ], [ -70.872607421874932, -72.366406250000011 ], [ -70.671142578124943, -72.356347656249966 ], [ -70.427685546875011, -72.322558593750045 ], [ -70.206005859374955, -72.227734375000011 ], [ -70.314208984375, -72.191015624999977 ], [ -70.424169921874977, -72.167773437500045 ], [ -70.533203125, -72.163378906250045 ], [ -70.641406249999932, -72.169628906249955 ], [ -70.945166015624977, -72.22910156249992 ], [ -71.177734374999943, -72.264062500000023 ], [ -71.412548828125011, -72.284472656249989 ], [ -71.66147460937492, -72.249804687500045 ], [ -71.89218749999992, -72.15283203125 ], [ -71.897558593749977, -72.120800781249955 ], [ -71.106640625000011, -72.047070312499955 ], [ -71.034375, -72.034570312499966 ], [ -70.89111328125, -71.987402343749977 ], [ -70.844628906250023, -71.94580078125 ], [ -70.820996093750011, -71.906542968749989 ], [ -71.35498046875, -71.836425781249943 ], [ -71.464648437499932, -71.837890624999943 ], [ -71.574414062500011, -71.8505859375 ], [ -71.816162109375, -71.821875 ], [ -72.045947265624989, -71.739648437500023 ], [ -72.259082031249989, -71.641210937499977 ], [ -72.336621093749955, -71.632226562499966 ], [ -72.41220703124992, -71.662304687500011 ], [ -72.927636718750023, -71.921679687499989 ], [ -72.972070312500023, -71.923632812500045 ], [ -73.166699218749955, -71.904589843750045 ], [ -73.409960937499989, -71.853125 ], [ -73.63291015624992, -71.8349609375 ], [ -73.77597656249992, -71.848925781249989 ], [ -73.829882812499989, -71.870214843749977 ], [ -73.690576171875023, -71.929394531249955 ], [ -73.572314453124989, -71.98095703125 ], [ -73.537109374999943, -72.022363281249966 ], [ -73.899267578124977, -72.15234375 ], [ -73.99560546875, -72.169824218750023 ], [ -74.152978515624966, -72.158789062499977 ], [ -74.208935546875011, -72.142285156250011 ], [ -74.32177734375, -72.072656250000023 ], [ -74.429296874999977, -72.055566406250023 ], [ -74.557234830110787, -72.063417326475957 ], [ -75.313343879291267, -71.853572152667027 ], [ -75.379045856937566, -71.809471279618904 ], [ -75.373242187500011, -71.780273437499943 ], [ -75.330810546874943, -71.752343750000023 ], [ -75.324902343750011, -71.7255859375 ], [ -75.353125, -71.6796875 ], [ -75.33544921875, -71.645214843749955 ], [ -75.292578124999977, -71.614941406250011 ], [ -75.099658203124932, -71.555371093749955 ], [ -74.863134765624977, -71.543359375000023 ], [ -74.636376953124966, -71.617480468749989 ], [ -74.487451171875023, -71.641503906250023 ], [ -74.418652343750011, -71.643261718750011 ], [ -74.391796874999955, -71.638183593749943 ], [ -74.373339843749932, -71.617968750000045 ], [ -74.380078125000011, -71.579394531250045 ], [ -74.420312500000023, -71.507226562500023 ], [ -74.425390624999977, -71.456933593749966 ], [ -74.375, -71.414941406249966 ], [ -74.307910156249932, -71.39990234375 ], [ -74.236083984374943, -71.388378906249955 ], [ -74.187207031249955, -71.383007812500011 ], [ -74.040966796875011, -71.410449218750045 ], [ -73.937109374999977, -71.438183593750011 ], [ -73.724267578124966, -71.516992187499966 ], [ -73.545361328125011, -71.573046874999989 ], [ -73.47900390625, -71.57871093749992 ], [ -73.427148437500023, -71.558886718750045 ], [ -73.380175781249932, -71.527929687499977 ], [ -73.592187499999966, -71.448046875000045 ], [ -73.617089843749966, -71.39658203124992 ], [ -73.6044921875, -71.350781250000011 ], [ -73.473974609374977, -71.324902343750011 ], [ -73.397412109375011, -71.321191406250023 ], [ -73.019726562499955, -71.368652343749943 ], [ -72.821044921875, -71.383593750000045 ], [ -72.621582031249943, -71.388378906249955 ], [ -72.211669921875, -71.33505859374992 ], [ -72.430078125000023, -71.275 ], [ -72.905468749999955, -71.223144531249943 ], [ -72.994531249999966, -71.186523437499943 ], [ -73.060400390624977, -71.126953125 ], [ -72.71044921875, -71.072949218750011 ], [ -72.356347656249966, -71.07480468749992 ], [ -71.718505859375, -71.145117187499977 ], [ -71.504492187499977, -71.111523437499955 ], [ -71.307519531250023, -71.010839843749977 ], [ -71.194042968750011, -70.984765624999966 ], [ -70.741113281249966, -70.992578124999966 ], [ -70.380664062499932, -70.946386718749977 ], [ -70.322900390624966, -70.951171875 ], [ -70.267675781249977, -70.964746093749966 ], [ -69.916455078125011, -71.133789062499943 ], [ -69.869775390625023, -71.125683593750011 ], [ -69.835107421874966, -71.092578124999989 ], [ -69.822851562499977, -71.03369140625 ], [ -69.822509765625, -70.973437499999989 ], [ -69.83041992187492, -70.913671874999977 ], [ -69.875781249999989, -70.875976562499943 ], [ -69.933203124999977, -70.880371093749943 ], [ -69.993017578124977, -70.897070312499977 ], [ -70.093994140624943, -70.882617187500045 ], [ -70.196240234375011, -70.8505859375 ], [ -70.29868164062492, -70.836132812500011 ], [ -70.660644531249943, -70.81787109375 ], [ -70.916943359375011, -70.785839843749955 ], [ -71.04941406249992, -70.762109375000023 ], [ -71.172656249999989, -70.71298828124992 ], [ -71.190039062499977, -70.659570312499966 ], [ -71.061083984374989, -70.537109375 ], [ -70.56210937499992, -70.404101562499989 ], [ -70.328076171874955, -70.361230468749966 ], [ -70.09042968749992, -70.35068359374992 ], [ -69.975292968750011, -70.360156249999989 ], [ -69.702050781249966, -70.414746093750011 ], [ -69.659863281249955, -70.412304687499955 ], [ -69.618359374999955, -70.39804687499992 ], [ -69.883007812499955, -70.30517578125 ], [ -70.117871093750011, -70.234179687499989 ], [ -70.234082031250011, -70.180468749999989 ], [ -70.327636718749943, -70.15966796875 ], [ -70.719531249999932, -70.139453124999989 ], [ -70.926220703124955, -70.192382812499943 ], [ -71.023730468749932, -70.201367187500011 ], [ -71.120507812500023, -70.196484374999955 ], [ -71.696093749999932, -70.067773437500023 ], [ -71.728515625, -70.0537109375 ], [ -71.809960937499966, -70.005175781249989 ], [ -71.853613281249977, -69.969335937499977 ], [ -71.879248046874977, -69.908984375000045 ], [ -71.86767578125, -69.847167968749943 ], [ -71.852001953125011, -69.807031250000023 ], [ -71.766503906249966, -69.6494140625 ], [ -71.718212890625011, -69.52402343749992 ], [ -71.742919921875, -69.422753906249966 ], [ -71.833593749999977, -69.366796874999977 ], [ -71.96323242187492, -69.32871093749992 ], [ -72.080664062499977, -69.26718749999992 ], [ -72.114355468749977, -69.225390625000045 ], [ -72.135156249999966, -69.176562500000045 ], [ -72.137890624999955, -69.114550781249989 ], [ -72.108642578125, -69.06005859375 ], [ -72.057861328125, -69.000976562499943 ], [ -71.993221697486149, -68.97217534279207 ], [ -70.672582971730037, -68.811144473906168 ], [ -70.416992187499943, -68.788964843750023 ], [ -70.311914062500023, -68.832226562499955 ], [ -70.154296875, -68.922949218749977 ], [ -70.10546875, -68.959375 ], [ -70.052734375, -69.139550781250023 ], [ -70.05112304687492, -69.189062499999977 ], [ -70.079345703125, -69.310937500000023 ], [ -69.913281250000011, -69.267285156250011 ], [ -69.854980468749943, -69.276562499999955 ], [ -69.707568359374932, -69.32089843749992 ], [ -69.416943359374955, -69.583203125000011 ], [ -69.352978515625011, -69.666308593750045 ], [ -69.233789062500023, -69.909082031250023 ], [ -69.091259765624955, -70.09033203125 ], [ -68.73056640624992, -70.408105468750023 ], [ -68.553515624999989, -70.581445312499966 ], [ -68.459472656249943, -70.682910156250045 ], [ -68.450781249999977, -70.81787109375 ], [ -68.335986328124932, -70.856054687499977 ], [ -68.314013671874989, -70.91171874999992 ], [ -68.277929687499977, -71.097070312500023 ], [ -68.252441406249943, -71.3134765625 ], [ -68.227832031249989, -71.72519531249992 ], [ -68.241015624999932, -71.822167968749966 ], [ -68.393896484374977, -71.975195312499977 ], [ -68.460742187499932, -72.085351562500023 ], [ -68.54257812499992, -72.157617187500023 ], [ -68.640039062499966, -72.209765625000045 ], [ -69.149267578124977, -72.426562499999989 ], [ -69.20932617187492, -72.5341796875 ], [ -70.063085937499977, -72.626171874999955 ], [ -70.543457031249943, -72.664453124999966 ], [ -70.731347656249966, -72.622949218750023 ], [ -70.92294921874992, -72.613085937499989 ], [ -71.158593749999966, -72.626953124999943 ], [ -71.846142578124955, -72.639355468750011 ], [ -72.367480468749932, -72.669726562500045 ], [ -72.381139454690256, -72.667355492240361 ], [ -72.442292561941883, -72.650383490074688 ], [ -72.479882812500023, -72.61728515624992 ] ] ], [ [ [ -75.536010741965555, -69.8640139511852 ], [ -75.339941406249977, -69.840234374999966 ], [ -75.313916015625011, -69.816796874999966 ], [ -75.264550781249966, -69.749316406249989 ], [ -75.178955078124943, -69.735156250000045 ], [ -75.136376953124966, -69.740625 ], [ -74.987109374999932, -69.727832031250045 ], [ -74.81015624999992, -69.75244140625 ], [ -74.549707031249966, -69.86093749999992 ], [ -74.465429687499977, -69.916894531250023 ], [ -74.437988281249943, -69.949609375000023 ], [ -74.46005859374992, -69.9716796875 ], [ -74.578417968749989, -69.998046874999943 ], [ -74.671777343749966, -70.131738281250023 ], [ -74.848828125000011, -70.17929687499992 ], [ -75.268408203124977, -70.1494140625 ], [ -75.722135900642328, -70.096631422072946 ], [ -75.693267708091156, -70.060552226825536 ], [ -75.536010741965555, -69.8640139511852 ] ] ], [ [ [ -72.857324218750023, -69.433105468749943 ], [ -72.72617187499992, -69.4130859375 ], [ -72.464306640624955, -69.451855468749955 ], [ -72.33115234374992, -69.49179687499992 ], [ -71.9853515625, -69.698437500000011 ], [ -72.202050781250023, -69.740136718749966 ], [ -72.344580078124977, -69.70703125 ], [ -72.776757812500023, -69.64501953125 ], [ -72.957324218749932, -69.529101562499989 ], [ -72.941424338427609, -69.482497162695182 ], [ -72.885061510427334, -69.44558469278671 ], [ -72.857324218750023, -69.433105468749943 ] ] ], [ [ [ -69.138037109374977, -67.515234374999977 ], [ -69.132666015624977, -67.45263671875 ], [ -69.082421875000023, -67.403125 ], [ -68.81992187499992, -67.233593749999955 ], [ -68.733593750000011, -67.157226562499943 ], [ -68.685509948832177, -67.103185476231687 ], [ -68.245533820697489, -66.771296762042056 ], [ -68.240575435171252, -66.767282265766312 ], [ -67.937646484375023, -66.656835937499977 ], [ -67.830517578124955, -66.624316406249989 ], [ -67.711132812500011, -66.633007812500011 ], [ -67.68115234375, -66.708984375 ], [ -67.740820312499977, -66.746191406249977 ], [ -67.932373046874943, -66.844531249999989 ], [ -67.969189453124955, -66.982128906249955 ], [ -67.968408203125023, -67.032226562499943 ], [ -67.948925781250011, -67.044824218749966 ], [ -67.87607421874992, -67.062402343749966 ], [ -67.827783203125023, -67.081933593749966 ], [ -67.761181640624955, -67.122949218749966 ], [ -67.687841796874977, -67.147363281249966 ], [ -67.848046874999966, -67.219140625000023 ], [ -67.956347656249932, -67.255371093749943 ], [ -68.030078124999932, -67.3 ], [ -68.17514648437492, -67.344140625000023 ], [ -68.235107421875, -67.371972656249966 ], [ -68.144433593749966, -67.382421874999977 ], [ -68.006982421875023, -67.417968749999943 ], [ -67.969482421874943, -67.450292968749977 ], [ -67.988476562500011, -67.474414062499989 ], [ -68.092529296875, -67.53867187499992 ], [ -68.175097656249989, -67.55820312499992 ], [ -68.250390624999966, -67.539648437499977 ], [ -68.325097656250023, -67.532421875000011 ], [ -68.381298828125011, -67.555371093749955 ], [ -68.439404296875011, -67.65625 ], [ -68.506738281249966, -67.707128906249977 ], [ -68.580419921874977, -67.732812499999966 ], [ -68.622363281249989, -67.722558593750023 ], [ -68.664062499999943, -67.722851562499955 ], [ -68.733691406249932, -67.74570312499992 ], [ -68.818310546874955, -67.75341796875 ], [ -68.84871676114868, -67.750057375990764 ], [ -69.120932242005992, -67.575904678043514 ], [ -69.138037109374977, -67.515234374999977 ] ] ], [ [ [ -65.83359374999992, -65.527246093749966 ], [ -65.636914062500011, -65.547753906249966 ], [ -65.667968749999943, -65.626171874999955 ], [ -65.669677734374943, -65.652929687499977 ], [ -65.783740234374989, -65.67431640625 ], [ -65.813867187500023, -65.68662109374992 ], [ -65.8408203125, -65.738476562500011 ], [ -65.835742187499932, -65.813769531249989 ], [ -65.845263671874989, -65.842480468749955 ], [ -66.063916015624955, -65.880859374999943 ], [ -66.17529296875, -65.866503906250045 ], [ -66.181445312499932, -65.826367187499955 ], [ -66.153466796875023, -65.773730468749989 ], [ -66.049609374999989, -65.74472656249992 ], [ -66.066943359374932, -65.66611328124992 ], [ -65.999707031250011, -65.6328125 ], [ -65.972091239583094, -65.57843988374772 ], [ -65.940177211513884, -65.561859642686755 ], [ -65.83359374999992, -65.527246093749966 ] ] ], [ [ [ -64.012026028302216, -64.544166189305145 ], [ -63.867138671874955, -64.509765625 ], [ -63.896923828125011, -64.487109375000045 ], [ -63.916162109375023, -64.457226562500011 ], [ -63.674414062499977, -64.42138671875 ], [ -63.668310546874977, -64.383984375000011 ], [ -63.683105468749943, -64.342773437499943 ], [ -63.605566406249977, -64.314160156250011 ], [ -63.5341796875, -64.272949218749943 ], [ -63.485595703124943, -64.260546874999989 ], [ -63.333593749999977, -64.26621093749992 ], [ -63.229638671875023, -64.323632812499966 ], [ -63.270703124999955, -64.380664062500045 ], [ -63.180566406249966, -64.469531250000045 ], [ -63.276953124999977, -64.573339843749977 ], [ -63.130517578125023, -64.57236328124992 ], [ -63.03208007812492, -64.534960937500045 ], [ -62.92822265625, -64.519335937500045 ], [ -62.836523437499977, -64.571875 ], [ -63.025585937500011, -64.610937499999977 ], [ -63.202587890625011, -64.680273437499977 ], [ -63.275439453124932, -64.717382812499977 ], [ -63.354882812499966, -64.73388671875 ], [ -63.457812499999989, -64.727343749999989 ], [ -63.558447265624977, -64.734179687500045 ], [ -63.646875, -64.803027343750045 ], [ -63.739501953125, -64.834277343749989 ], [ -63.769921874999966, -64.808398437500045 ], [ -63.804394531249955, -64.79150390625 ], [ -64.007080078124943, -64.768554687499943 ], [ -64.099169921874989, -64.732714843749989 ], [ -64.183740234374966, -64.70957031249992 ], [ -64.203170211239552, -64.706928093423841 ], [ -64.141651984760045, -64.676814340167041 ], [ -64.012026028302216, -64.544166189305145 ] ] ], [ [ [ -62.317431640624989, -62.874121093749977 ], [ -62.344042968749989, -62.917773437499989 ], [ -62.411474609374977, -62.971582031250023 ], [ -62.531653967770005, -63.02927965127563 ], [ -62.398911629230206, -62.893442460719498 ], [ -62.317431640624989, -62.874121093749977 ] ] ], [ [ [ -61.035135303800601, -62.590802509017195 ], [ -60.97470703124992, -62.591699218750023 ], [ -60.917847760957351, -62.567617645449623 ], [ -60.684637514793032, -62.521517713531814 ], [ -60.625, -62.560058593749943 ], [ -60.576318359375023, -62.572656250000023 ], [ -60.139892578124943, -62.548730468749966 ], [ -60.002734374999989, -62.618457031250045 ], [ -59.849560546875011, -62.614941406249955 ], [ -60.220947265625, -62.745410156250045 ], [ -60.321582031249989, -62.70751953125 ], [ -60.353808593749989, -62.67919921875 ], [ -60.378027343749977, -62.616503906249989 ], [ -60.619628906249943, -62.633398437499977 ], [ -60.696923828125023, -62.620703124999977 ], [ -60.7958984375, -62.662304687500011 ], [ -60.995068359375011, -62.679101562499966 ], [ -61.06333007812492, -62.678906250000011 ], [ -61.149804687499966, -62.634179687499966 ], [ -61.150979272696524, -62.613702013507357 ], [ -61.112352745074588, -62.606066498675226 ], [ -61.035135303800601, -62.590802509017195 ] ] ], [ [ [ -58.077798565605931, -61.92626358508366 ], [ -57.978417968750023, -61.911914062499989 ], [ -57.849316406250011, -61.93994140625 ], [ -57.737988281250011, -61.921191406249989 ], [ -57.676562499999989, -61.942089843750011 ], [ -57.636523437499932, -61.998242187500011 ], [ -57.639550781250023, -62.020410156249966 ], [ -57.806689453124932, -62.011914062500011 ], [ -57.962744140624977, -62.077539062499966 ], [ -58.14755859374992, -62.063476562499943 ], [ -58.172216796874977, -62.11777343749992 ], [ -58.133105468749932, -62.145800781250045 ], [ -58.183007812499966, -62.170019531249977 ], [ -58.341455078125023, -62.119433593749989 ], [ -58.46665039062492, -62.137207031249943 ], [ -58.507324218749943, -62.225683593749977 ], [ -58.561962890625011, -62.243945312500045 ], [ -58.594042968749932, -62.247753906250011 ], [ -58.643994140625011, -62.225195312499977 ], [ -58.74570312499992, -62.217871093749977 ], [ -58.755322265624955, -62.206054687499943 ], [ -58.819042968749955, -62.171289062499966 ], [ -59.003710937499932, -62.209765624999989 ], [ -58.976006903891147, -62.183763450454748 ], [ -58.79326331288496, -62.147639535479513 ], [ -58.077798565605931, -61.92626358508366 ] ] ], [ [ [ -55.330362416405144, -61.076163994580511 ], [ -54.949090696364664, -61.099772472608159 ], [ -54.922482438013695, -61.157416420759006 ], [ -55.0576171875, -61.168652343750011 ], [ -55.165429687500023, -61.220410156249955 ], [ -55.297021484374966, -61.24853515625 ], [ -55.346923828124943, -61.211621093749955 ], [ -55.369140624999943, -61.146386718749966 ], [ -55.435655920881146, -61.108743446905095 ], [ -55.390155220058404, -61.094664820492511 ], [ -55.330362416405144, -61.076163994580511 ] ] ], [ [ [ -58.962109374999955, -62.263867187500011 ], [ -58.878662109374943, -62.267871093750045 ], [ -58.837939453124989, -62.302539062499989 ], [ -59.059423828124977, -62.347753906249977 ], [ -59.174560546875, -62.3017578125 ], [ -59.202441406249989, -62.283105468750023 ], [ -59.06381835937492, -62.239062500000045 ], [ -58.990625, -62.249218749999955 ], [ -58.962109374999955, -62.263867187500011 ] ] ], [ [ [ -59.660693359374989, -62.354296875000045 ], [ -59.478515625, -62.352148437499977 ], [ -59.395849609374977, -62.36728515624992 ], [ -59.35336914062492, -62.412890624999989 ], [ -59.389013671874977, -62.4443359375 ], [ -59.52524414062492, -62.451464843750045 ], [ -59.619433593749932, -62.39501953125 ], [ -59.660693359374989, -62.354296875000045 ] ] ], [ [ [ -60.740429687499955, -62.948632812499966 ], [ -60.705859374999932, -62.905566406249989 ], [ -60.637402343749955, -62.895214843750011 ], [ -60.504882812499943, -62.967382812499977 ], [ -60.5546875, -62.9775390625 ], [ -60.619726562499977, -62.969042968750045 ], [ -60.617724609374932, -62.986621093749989 ], [ -60.563671875000011, -63.008984375000011 ], [ -60.62167968749992, -63.017968749999966 ], [ -60.692919921874989, -62.995703124999977 ], [ -60.740429687499955, -62.948632812499966 ] ] ], [ [ [ -56.140380859374943, -63.005273437499966 ], [ -56.061767578125, -63.0126953125 ], [ -56.058447265624977, -63.0185546875 ], [ -56.051025390624943, -63.0546875 ], [ -56.059960937499966, -63.078515624999966 ], [ -56.258984374999955, -63.173144531249989 ], [ -56.354101562499977, -63.168847656250023 ], [ -56.545849609374955, -63.098339843750011 ], [ -56.600537109375011, -63.06162109374992 ], [ -56.614160156250023, -63.045117187500011 ], [ -56.488574218749989, -62.982226562499989 ], [ -56.140380859374943, -63.005273437499966 ] ] ], [ [ [ -55.589648437499989, -63.128320312500023 ], [ -55.528710937500023, -63.15683593749992 ], [ -55.528027343749955, -63.173535156249955 ], [ -55.466259765625011, -63.199609374999966 ], [ -55.215527343750011, -63.198632812500023 ], [ -55.15625, -63.204785156249955 ], [ -55.1064453125, -63.249316406250045 ], [ -55.0751953125, -63.324316406249977 ], [ -55.156787109374932, -63.353125 ], [ -55.593652343750023, -63.335839843750023 ], [ -55.750195312500011, -63.296679687499989 ], [ -55.830468750000023, -63.29843749999992 ], [ -56.00913085937492, -63.341503906250011 ], [ -56.0830078125, -63.382617187500045 ], [ -56.378515624999977, -63.437304687500045 ], [ -56.462841796875011, -63.418066406249977 ], [ -56.4990234375, -63.357617187500011 ], [ -56.505322265624955, -63.334277343750045 ], [ -56.475341796875, -63.318261718749966 ], [ -56.460546874999977, -63.301953125000011 ], [ -56.465966796875023, -63.283496093749989 ], [ -56.385107421874977, -63.234082031249955 ], [ -56.042187500000011, -63.157128906250023 ], [ -55.589648437499989, -63.128320312500023 ] ] ], [ [ [ -55.857910156249943, -63.407324218749977 ], [ -55.76181640624992, -63.422070312499955 ], [ -55.719189453125011, -63.492089843750023 ], [ -55.87255859375, -63.535644531249943 ], [ -55.956738281250011, -63.579980468750023 ], [ -56.178369140625023, -63.51328124999992 ], [ -56.235205078124977, -63.46884765624992 ], [ -56.209863281249966, -63.436914062499966 ], [ -55.857910156249943, -63.407324218749977 ] ] ], [ [ [ -60.972167968749943, -63.849023437500023 ], [ -60.810058593749943, -63.836621093749955 ], [ -60.796679687499989, -63.716699218749966 ], [ -60.71484375, -63.668847656249966 ], [ -60.56235351562492, -63.695898437499977 ], [ -60.655908203124966, -63.758984374999955 ], [ -60.688867187500023, -63.807910156249989 ], [ -60.654980468749955, -63.850097656249943 ], [ -60.653125, -63.866601562500023 ], [ -60.77768554687492, -63.902148437499989 ], [ -60.852441406249966, -63.891015625000023 ], [ -60.972167968749943, -63.849023437500023 ] ] ], [ [ [ -61.798242187500023, -63.966601562499989 ], [ -61.88623046875, -64.02695312499992 ], [ -61.9111328125, -64.054492187500045 ], [ -61.952441406249989, -64.077148437499943 ], [ -62.043896484374955, -64.080371093749989 ], [ -62.020751953124943, -64.02734375 ], [ -61.936279296875, -63.990234375 ], [ -61.798242187500023, -63.966601562499989 ] ] ], [ [ [ -62.267626953124989, -64.039941406250023 ], [ -62.26875, -64.090039062500011 ], [ -62.058496093750023, -64.138085937500023 ], [ -62.09384765624992, -64.234570312499955 ], [ -62.174267578124955, -64.29599609374992 ], [ -62.185693359374966, -64.368847656249955 ], [ -62.303710937499943, -64.4013671875 ], [ -62.32578124999992, -64.424414062499977 ], [ -62.395898437500023, -64.464648437500045 ], [ -62.455175781249977, -64.471679687499943 ], [ -62.508105468749932, -64.4541015625 ], [ -62.579687499999977, -64.51425781249992 ], [ -62.727001953124955, -64.495996093750023 ], [ -62.781787109374932, -64.47900390625 ], [ -62.746826171875, -64.471679687499943 ], [ -62.720898437499955, -64.444531250000011 ], [ -62.643017578125011, -64.391601562499943 ], [ -62.504003906249977, -64.25341796875 ], [ -62.479736328124943, -64.210644531249955 ], [ -62.590283203125011, -64.1396484375 ], [ -62.610742187499966, -64.11630859374992 ], [ -62.585693359374943, -64.075585937499966 ], [ -62.544970703124989, -64.045703125000045 ], [ -62.451416015624943, -64.012402343750011 ], [ -62.328759765625023, -64.013476562500045 ], [ -62.267626953124989, -64.039941406250023 ] ] ], [ [ [ -63.17724609375, -64.73876953125 ], [ -63.25693359374992, -64.790820312500045 ], [ -63.316210937499989, -64.861132812500045 ], [ -63.474414062499989, -64.906542968749989 ], [ -63.558349609374943, -64.905957031249955 ], [ -63.459277343749932, -64.796289062499966 ], [ -63.366894531250011, -64.79208984374992 ], [ -63.219384765624966, -64.729785156250045 ], [ -63.17724609375, -64.73876953125 ] ] ], [ [ [ -66.867529296874977, -66.293847656250023 ], [ -66.866992187499989, -66.274804687500023 ], [ -66.791503906249943, -66.233593749999955 ], [ -66.779003906249955, -66.11083984375 ], [ -66.63134765625, -66.066796875000023 ], [ -66.575195312499943, -66.082421875000023 ], [ -66.622851562499989, -66.13388671874992 ], [ -66.59262695312492, -66.178613281249966 ], [ -66.595312499999977, -66.200683593749943 ], [ -66.818652343749989, -66.312695312500011 ], [ -66.85, -66.305468750000045 ], [ -66.867529296874977, -66.293847656250023 ] ] ], [ [ [ -67.593261718749943, -66.87558593749992 ], [ -67.499511718749943, -66.803613281250023 ], [ -67.510839843749977, -66.75625 ], [ -67.425976562499955, -66.73691406249992 ], [ -67.331689453124966, -66.75351562499992 ], [ -67.26875, -66.815234374999989 ], [ -67.256982421875023, -66.840917968749977 ], [ -67.362402343749977, -66.89453125 ], [ -67.409228515624932, -66.901953124999977 ], [ -67.520800781249932, -66.897265624999989 ], [ -67.593261718749943, -66.87558593749992 ] ] ], [ [ [ -67.730664062499955, -67.679492187500045 ], [ -67.743261718749977, -67.66123046874992 ], [ -67.556738281249977, -67.604492187499943 ], [ -67.417675781249955, -67.590625 ], [ -67.246728515624966, -67.59873046874992 ], [ -67.174902343749977, -67.62451171875 ], [ -67.149414062499943, -67.650195312499989 ], [ -67.279687500000023, -67.711914062499943 ], [ -67.299707031250023, -67.737207031249966 ], [ -67.348925781249989, -67.76621093749992 ], [ -67.544531249999977, -67.785253906249977 ], [ -67.693359375, -67.763476562499989 ], [ -67.689697265625, -67.687695312500011 ], [ -67.730664062499955, -67.679492187500045 ] ] ], [ [ [ -90.763330078125023, -72.681054687499966 ], [ -90.780175781249966, -72.731738281249989 ], [ -90.895361328124977, -72.823632812499966 ], [ -90.776220703124977, -72.854003906249943 ], [ -90.7509765625, -72.916601562499977 ], [ -90.775585937500011, -72.992968749999989 ], [ -90.893066406249943, -73.083984375 ], [ -90.998437500000023, -73.136523437500045 ], [ -91.160693359374932, -73.18222656249992 ], [ -91.344189453124955, -73.20712890624992 ], [ -91.510839843749977, -73.195507812499955 ], [ -91.450390625000011, -72.967871093749977 ], [ -91.356884765624955, -72.909472656250045 ], [ -91.382128906249932, -72.867871093750011 ], [ -91.551464843750011, -72.753613281250011 ], [ -91.670019531249977, -72.623730468750011 ], [ -91.612402343749977, -72.593847656249977 ], [ -91.303515624999932, -72.54736328125 ], [ -90.947412109375023, -72.556347656249955 ], [ -90.807128906249943, -72.610644531249989 ], [ -90.763330078125023, -72.681054687499966 ] ] ], [ [ [ -93.755810546875011, -72.907617187500023 ], [ -93.795605468749955, -72.919726562499989 ], [ -93.965527343750011, -72.920214843750045 ], [ -94.078125, -72.883886718749977 ], [ -94.113183593749966, -72.860058593750011 ], [ -94.046972656249977, -72.823046875000045 ], [ -94.004248046874977, -72.819726562499966 ], [ -93.799560546874943, -72.882031249999955 ], [ -93.755810546875011, -72.907617187500023 ] ] ], [ [ [ -94.426025390624943, -72.612597656250045 ], [ -95.027050781250011, -72.6650390625 ], [ -95.219433593750011, -72.669824218749966 ], [ -95.27294921875, -72.646875 ], [ -95.215625, -72.599414062500045 ], [ -94.753027343749977, -72.517187499999977 ], [ -94.566113281249955, -72.468066406249989 ], [ -94.538378906249932, -72.475781250000011 ], [ -94.513867187500011, -72.491699218749943 ], [ -94.433935546874977, -72.589160156249989 ], [ -94.426025390624943, -72.612597656250045 ] ] ], [ [ [ -76.271289062499989, -71.132812499999943 ], [ -76.363964843749955, -71.116796874999977 ], [ -76.42148437499992, -71.09042968749992 ], [ -76.511523437499989, -70.990820312499977 ], [ -76.500244140625, -70.941406249999943 ], [ -76.377636718749955, -70.894140624999977 ], [ -76.24887695312492, -70.863769531249943 ], [ -76.034570312499966, -70.835937499999943 ], [ -75.210009765624932, -70.77255859374992 ], [ -75.126953125, -70.751757812500045 ], [ -75.05991210937492, -70.705566406249943 ], [ -75.037548828125011, -70.650585937500011 ], [ -75.007470703124966, -70.608886718749943 ], [ -74.953613281249943, -70.590234374999966 ], [ -74.898486328124989, -70.590527343749955 ], [ -74.790478515625011, -70.63095703124992 ], [ -74.589697265624977, -70.791992187499943 ], [ -74.527148437499932, -70.769726562499955 ], [ -74.468652343750023, -70.726660156249977 ], [ -74.45615234374992, -70.586718749999989 ], [ -74.400976562499977, -70.575878906250011 ], [ -74.225, -70.614648437499966 ], [ -74.114550781249989, -70.65537109374992 ], [ -74.11264648437492, -70.576757812499977 ], [ -74.038330078125, -70.552929687500011 ], [ -73.957812499999932, -70.560937499999966 ], [ -73.879492187499977, -70.578125 ], [ -73.70664062499992, -70.635156249999966 ], [ -73.550341796874989, -70.723437500000045 ], [ -73.694531250000011, -70.794335937500023 ], [ -74.205029296875011, -70.924121093750045 ], [ -74.504736328124977, -70.973437499999989 ], [ -74.805810546875023, -71.012304687499977 ], [ -76.176318359374989, -71.132421874999977 ], [ -76.271289062499989, -71.132812499999943 ] ] ], [ [ [ -71.551220703125011, -70.438867187499966 ], [ -71.68466796874992, -70.442285156250023 ], [ -71.781982421874943, -70.318847656249943 ], [ -71.795263671874977, -70.288378906250045 ], [ -71.695019531250011, -70.26513671875 ], [ -71.647753906249932, -70.295410156249943 ], [ -71.431591796874955, -70.267285156250011 ], [ -71.354882812499966, -70.2978515625 ], [ -71.340283203125011, -70.31748046874992 ], [ -71.437744140625, -70.391503906250023 ], [ -71.551220703125011, -70.438867187499966 ] ] ], [ [ [ -116.381298828124955, -73.865527343750045 ], [ -116.202685546874989, -73.895605468749977 ], [ -116.154980468749955, -73.910449218750045 ], [ -116.451416015624943, -74.017675781249977 ], [ -116.584570312499977, -74.055566406250023 ], [ -116.608642578125, -74.068554687500011 ], [ -116.5341796875, -74.083300781249989 ], [ -116.514111328125011, -74.095507812499989 ], [ -116.570898437499977, -74.125683593750011 ], [ -116.73862304687492, -74.165039062499943 ], [ -117.23032226562492, -74.192773437500023 ], [ -117.362988281250011, -74.160937499999989 ], [ -117.39829101562492, -74.122460937499966 ], [ -117.37646484375, -74.082812499999989 ], [ -116.381298828124955, -73.865527343750045 ] ] ], [ [ [ -127.48642578124992, -74.405273437499943 ], [ -127.229736328124943, -74.425195312500023 ], [ -127.145166015625023, -74.480175781249955 ], [ -127.231933593749943, -74.578417968749989 ], [ -127.36582031249992, -74.62265624999992 ], [ -127.517724609374966, -74.640527343750023 ], [ -127.817089843749955, -74.574609375000023 ], [ -127.915234374999955, -74.542578124999977 ], [ -128.000048828124932, -74.489453124999955 ], [ -128.070458984374966, -74.478222656250011 ], [ -128.096240234374989, -74.466210937500023 ], [ -128.133447265625023, -74.327441406249989 ], [ -128.042871093750023, -74.312207031250011 ], [ -127.852978515625011, -74.331835937499989 ], [ -127.48642578124992, -74.405273437499943 ] ] ], [ [ [ -132.391259765624966, -74.441894531249943 ], [ -132.546289062500023, -74.498437500000023 ], [ -132.857177734374943, -74.461718749999989 ], [ -132.831689453124966, -74.421582031250011 ], [ -132.552490234374943, -74.386621093749966 ], [ -132.3623046875, -74.409960937500045 ], [ -132.391259765624966, -74.441894531249943 ] ] ], [ [ [ -146.042773437499989, -75.61191406249992 ], [ -146.150830078124983, -75.573535156250045 ], [ -146.07573242187496, -75.533398437500011 ], [ -145.8955078125, -75.504785156249966 ], [ -145.760791015625017, -75.513867187499955 ], [ -145.417382812499937, -75.587988281249977 ], [ -145.315429687499943, -75.641406249999989 ], [ -145.25224609374996, -75.682812500000011 ], [ -145.238085937500017, -75.711230468749989 ], [ -145.348388671875, -75.716113281250045 ], [ -145.541162109374937, -75.692675781250045 ], [ -146.042773437499989, -75.61191406249992 ] ] ], [ [ [ -147.418066406249949, -76.073437500000011 ], [ -147.360644531249989, -76.062792968750045 ], [ -146.94902343749996, -76.098144531249943 ], [ -146.690136718749983, -76.246386718750045 ], [ -146.894482421874955, -76.260937500000011 ], [ -147.15092773437496, -76.197460937499955 ], [ -147.345410156249983, -76.146679687500011 ], [ -147.407763671874989, -76.104589843749977 ], [ -147.4208984375, -76.090234374999966 ], [ -147.418066406249949, -76.073437500000011 ] ] ], [ [ [ -147.135302734374989, -76.531542968749989 ], [ -146.947460937500011, -76.554980468750045 ], [ -146.877880859374955, -76.563281250000045 ], [ -146.7900390625, -76.633105468750045 ], [ -146.9078125, -76.714062499999955 ], [ -147.221337890624937, -76.670898437499943 ], [ -147.355322265624949, -76.618847656250011 ], [ -147.27861328124996, -76.552539062499989 ], [ -147.135302734374989, -76.531542968749989 ] ] ], [ [ [ -149.333251953124943, -76.71738281249992 ], [ -148.927929687499983, -76.73007812499992 ], [ -148.66259765625, -76.720507812500045 ], [ -148.384179687499966, -76.744433593749989 ], [ -148.32080078125, -76.771679687499955 ], [ -148.370947265625006, -76.794921875 ], [ -148.66953125, -76.802050781250045 ], [ -148.814599609374966, -76.840722656250023 ], [ -148.98388671875, -76.845312499999977 ], [ -149.238476562500011, -76.817773437500023 ], [ -149.468945312499983, -76.757128906250045 ], [ -149.333251953124943, -76.71738281249992 ] ] ], [ [ [ -146.866503906249932, -76.837109374999955 ], [ -146.244384765624943, -76.883105468749989 ], [ -146.163964843749994, -76.948535156250045 ], [ -146.60673828124996, -76.961328124999966 ], [ -146.9814453125, -77.005664062500045 ], [ -147.07890624999996, -76.992773437499977 ], [ -147.044140624999983, -76.9296875 ], [ -147.101464843749937, -76.886523437499989 ], [ -147.115625, -76.866210937499943 ], [ -147.086669921874943, -76.837304687500023 ], [ -146.866503906249932, -76.837109374999955 ] ] ], [ [ [ -148.508935546874966, -76.95458984375 ], [ -148.439746093749989, -76.977148437499977 ], [ -148.474316406250011, -76.997753906250011 ], [ -148.595849609374994, -77.0068359375 ], [ -149.014648437499972, -77.01914062499992 ], [ -149.244824218749955, -76.993066406250023 ], [ -149.302539062499989, -76.915820312500045 ], [ -149.238085937499932, -76.900195312500045 ], [ -148.704101562499943, -76.935644531249977 ], [ -148.508935546874966, -76.95458984375 ] ] ], [ [ [ -149.505761718750023, -77.001660156250011 ], [ -149.441748046875034, -77.049218750000023 ], [ -149.416406250000023, -77.078906250000045 ], [ -149.288330078124943, -77.093164062500023 ], [ -149.230664062500011, -77.120507812499966 ], [ -149.29345703125, -77.136621093749966 ], [ -149.728613281250034, -77.12851562499992 ], [ -149.816894531249972, -77.114160156250023 ], [ -149.856347656249937, -77.099414062500045 ], [ -150.461816406249994, -77.07568359375 ], [ -150.735791015624955, -77.004296875000023 ], [ -150.788525390624955, -76.981640625000011 ], [ -150.680224609375017, -76.948437500000011 ], [ -150.475781250000011, -76.926074218750045 ], [ -150.393310546875, -76.898730468749989 ], [ -149.87060546875, -76.875 ], [ -149.789843749999989, -76.88925781249992 ], [ -149.742578124999937, -76.927050781249989 ], [ -149.505761718750023, -77.001660156250011 ] ] ], [ [ [ -147.649121093749955, -76.610839843749943 ], [ -147.58828125, -76.649804687500023 ], [ -147.578857421874943, -76.662792968750011 ], [ -147.729638671875023, -76.65341796874992 ], [ -147.954296874999955, -76.597167968749943 ], [ -148.001074218749977, -76.577148437499943 ], [ -147.899707031249932, -76.558007812500023 ], [ -147.769677734374994, -76.576855468749955 ], [ -147.649121093749955, -76.610839843749943 ] ] ], [ [ [ -161.86552734374996, -79.703515624999966 ], [ -163.317236328124949, -79.504785156249966 ], [ -163.712402343749972, -79.441992187499977 ], [ -163.970898437499983, -79.388769531249977 ], [ -164.22578125000004, -79.320800781249943 ], [ -164.281640624999937, -79.245507812500023 ], [ -164.244873046875, -79.137695312499943 ], [ -164.199511718750017, -79.050781249999943 ], [ -164.125537109374932, -78.995312500000011 ], [ -163.814648437500011, -78.928808593749977 ], [ -163.660253906250006, -78.855761718749989 ], [ -163.345312499999977, -78.779882812499977 ], [ -163.256103515625, -78.722070312500023 ], [ -163.124121093749949, -78.719140624999966 ], [ -162.872753906249983, -78.725195312499977 ], [ -162.621582031249972, -78.741796874999977 ], [ -162.390039062499966, -78.760156249999966 ], [ -162.16069335937496, -78.79345703125 ], [ -161.64296875, -78.900976562499977 ], [ -161.283447265624943, -79.007031250000011 ], [ -160.764404296874972, -79.131640624999989 ], [ -160.249609375, -79.271484374999943 ], [ -159.963525390624966, -79.324316406249977 ], [ -159.684082031249972, -79.402441406249977 ], [ -159.418798828125034, -79.508105468750045 ], [ -159.366406250000011, -79.545214843750045 ], [ -159.256103515625, -79.591015624999955 ], [ -159.189697265624972, -79.637304687499977 ], [ -159.11875, -79.674511718750011 ], [ -159.051367187499949, -79.694531250000011 ], [ -158.996582031249972, -79.735156249999989 ], [ -159.00957031249996, -79.780468750000011 ], [ -159.052929687500011, -79.807421874999989 ], [ -160.302099609374949, -79.844531249999989 ], [ -160.806689453124989, -79.812011718749943 ], [ -161.86552734374996, -79.703515624999966 ] ] ], [ [ [ -155.674267578125011, -79.765527343749966 ], [ -155.162207031249977, -79.85068359374992 ], [ -154.535107421875011, -79.935546875 ], [ -154.025390625, -79.987695312500023 ], [ -153.930468749999932, -80.033300781249977 ], [ -154.11406249999996, -80.036035156250023 ], [ -154.348828124999983, -80.026074218749955 ], [ -154.529443359374937, -80.00048828125 ], [ -154.941650390624972, -79.966308593749943 ], [ -155.044775390625034, -79.899804687499966 ], [ -155.525341796874955, -79.846484375000045 ], [ -155.751171874999955, -79.82958984375 ], [ -155.674267578125011, -79.765527343749966 ] ] ], [ [ [ -163.766064453124983, -81.444824218749943 ], [ -163.890136718749943, -81.423632812499989 ], [ -163.939257812500017, -81.404101562500045 ], [ -163.95122070312496, -81.390917968749989 ], [ -163.930029296875006, -81.35214843749992 ], [ -163.868994140625006, -81.324023437500045 ], [ -163.200634765624983, -81.281445312500011 ], [ -162.456494140625011, -81.313281249999989 ], [ -161.558593749999943, -81.396679687500011 ], [ -160.937890624999966, -81.463476562499977 ], [ -160.616894531249955, -81.522070312499977 ], [ -160.485449218749977, -81.566992187499977 ], [ -160.467138671874977, -81.58945312499992 ], [ -160.570996093750011, -81.597851562499955 ], [ -163.253076171875023, -81.482421875 ], [ -163.766064453124983, -81.444824218749943 ] ] ], [ [ [ -158.545312499999966, -81.948828124999977 ], [ -158.773193359374943, -81.875488281249943 ], [ -158.92631835937496, -81.818652343749989 ], [ -158.988720703124983, -81.779296875 ], [ -158.913720703124966, -81.77978515625 ], [ -158.346728515624932, -81.900488281249977 ], [ -158.260839843750006, -81.947265625 ], [ -157.834570312499949, -82.030761718749943 ], [ -157.9875, -82.10498046875 ], [ -158.07622070312496, -82.112011718750011 ], [ -158.154101562499932, -82.058496093750023 ], [ -158.545312499999966, -81.948828124999977 ] ] ], [ [ [ -162.798486328124937, -82.864843749999977 ], [ -162.410595703124983, -82.899218750000045 ], [ -162.33979492187504, -82.922753906249966 ], [ -161.63515625, -83.026953124999977 ], [ -161.828222656249977, -83.042578124999977 ], [ -161.993798828124966, -83.11875 ], [ -162.304931640624943, -83.141796875000011 ], [ -163.046533203124937, -83.096777343749977 ], [ -163.242138671875011, -83.059667968749977 ], [ -163.348388671874972, -83.02158203124992 ], [ -163.552099609375006, -82.987695312499966 ], [ -163.601757812499983, -82.968554687500045 ], [ -163.602197265624994, -82.92734374999992 ], [ -163.63432617187496, -82.902246093749966 ], [ -163.703906249999932, -82.879296875000023 ], [ -163.735302734375011, -82.856835937500023 ], [ -163.795947265624932, -82.842675781250023 ], [ -162.798486328124937, -82.864843749999977 ] ] ], [ [ [ -151.511621093749994, -77.273339843750023 ], [ -151.218017578124972, -77.226464843749966 ], [ -151.021533203124989, -77.220019531249989 ], [ -150.499121093749977, -77.335058593749977 ], [ -150.35625, -77.349023437499966 ], [ -150.397070312499949, -77.369140625 ], [ -150.474853515625, -77.373730468749955 ], [ -151.344482421874972, -77.296289062499966 ], [ -151.511621093749994, -77.273339843750023 ] ] ], [ [ [ -149.662353515624943, -77.300976562499955 ], [ -149.518652343749977, -77.274707031250045 ], [ -149.375439453125011, -77.279980468749955 ], [ -149.249121093749949, -77.315039062499977 ], [ -149.218115234374949, -77.336328124999966 ], [ -148.928857421874994, -77.386816406249977 ], [ -149.438671875000011, -77.370605468749943 ], [ -149.662353515624943, -77.300976562499955 ] ] ], [ [ [ -75.731054687499977, -72.879296875000023 ], [ -75.376855468750023, -72.82041015624992 ], [ -74.473876953125, -72.89375 ], [ -74.335546874999977, -72.918945312499943 ], [ -74.275781249999966, -72.951269531249977 ], [ -74.223876953124943, -72.997070312499943 ], [ -74.354443359375011, -73.098437499999989 ], [ -74.498925781250023, -73.229199218750011 ], [ -74.522460937499943, -73.243945312499989 ], [ -74.667675781249955, -73.275292968749966 ], [ -74.615380859374966, -73.311425781249966 ], [ -74.575488281249989, -73.32773437499992 ], [ -74.55063476562492, -73.369140625 ], [ -74.467138671874977, -73.427148437500023 ], [ -74.366113281249966, -73.464257812500023 ], [ -74.452099609375011, -73.5654296875 ], [ -74.574658203125011, -73.611328124999943 ], [ -75.900830078125011, -73.33261718749992 ], [ -76.003222656249989, -73.287988281249966 ], [ -76.053125, -73.254687500000045 ], [ -76.090429687499977, -73.202832031249955 ], [ -76.096386718749955, -73.150488281249977 ], [ -76.062402343749966, -73.108789062499966 ], [ -76.01767578124992, -73.085449218749943 ], [ -75.897656249999955, -73.056347656249955 ], [ -75.774658203124943, -73.054296874999977 ], [ -75.505859375, -73.10888671875 ], [ -75.467578124999932, -73.10107421875 ], [ -75.417236328125, -73.051562500000045 ], [ -75.27622070312492, -73.050390624999977 ], [ -75.243847656250011, -73.009375 ], [ -75.439453125, -72.99423828124992 ], [ -75.600292968749955, -72.952636718749943 ], [ -75.701757812499977, -72.911035156250023 ], [ -75.731054687499977, -72.879296875000023 ] ] ], [ [ [ -74.146630859375023, -73.3154296875 ], [ -74.134423828125023, -73.276660156249989 ], [ -74.08447265625, -73.249316406249989 ], [ -74.048730468749966, -73.220214843749943 ], [ -73.832128906249977, -73.11328125 ], [ -73.674218749999966, -73.100390625000045 ], [ -73.542431640624955, -73.123828125000045 ], [ -73.682275390625023, -73.225 ], [ -73.721386718750011, -73.296289062499966 ], [ -73.87841796875, -73.356835937499966 ], [ -73.974804687500011, -73.376074218749977 ], [ -74.038281250000011, -73.365527343750045 ], [ -74.146630859375023, -73.3154296875 ] ] ], [ [ [ -57.374169921875023, -63.80722656249992 ], [ -57.36020507812492, -63.824804687499977 ], [ -57.160839843750011, -63.815722656250045 ], [ -57.10400390625, -63.841210937500023 ], [ -57.218017578125, -63.87558593749992 ], [ -57.247753906249955, -63.868359374999955 ], [ -57.34375, -63.878515624999977 ], [ -57.616357421874966, -63.853613281249977 ], [ -57.683251953125023, -63.812695312499955 ], [ -57.439355468749966, -63.791406250000023 ], [ -57.374169921875023, -63.80722656249992 ] ] ], [ [ [ -57.780664062499966, -63.906835937499977 ], [ -57.826953124999989, -63.94921875 ], [ -57.845996093749989, -64.053906250000011 ], [ -57.808544921874955, -64.067578124999955 ], [ -57.773681640625, -64.061523437499943 ], [ -57.741162109375011, -64.0478515625 ], [ -57.710058593749977, -64.01513671875 ], [ -57.592919921875023, -63.967089843749989 ], [ -57.479736328124943, -63.961621093749955 ], [ -57.51708984375, -64.010644531249966 ], [ -57.249462890625011, -64.097070312500023 ], [ -57.272802734374977, -64.166210937499955 ], [ -57.222265624999977, -64.221386718750011 ], [ -57.327636718749943, -64.23779296875 ], [ -57.413964843749966, -64.2958984375 ], [ -57.338378906249943, -64.318261718750023 ], [ -57.294677734375, -64.366992187500045 ], [ -57.387890625000011, -64.378906249999943 ], [ -57.580761718750011, -64.350390624999989 ], [ -57.68320312499992, -64.357226562499989 ], [ -57.670751953124977, -64.310937499999966 ], [ -57.703320312500011, -64.293261718749989 ], [ -57.822851562499977, -64.302050781250045 ], [ -57.871484375000023, -64.40097656249992 ], [ -57.909765624999977, -64.410058593750023 ], [ -57.95224609374992, -64.394042968749943 ], [ -57.920703124999989, -64.33125 ], [ -57.971093749999966, -64.32041015624992 ], [ -58.02158203124992, -64.321582031249989 ], [ -58.169482421874989, -64.368554687499966 ], [ -58.214062500000011, -64.369726562499977 ], [ -58.304443359375, -64.314550781249977 ], [ -58.019970703124955, -64.241992187500045 ], [ -58.1376953125, -64.20615234374992 ], [ -58.162207031249977, -64.16074218749992 ], [ -58.14707031249992, -64.097363281249955 ], [ -58.250439453125011, -64.106835937500023 ], [ -58.352001953125011, -64.130664062499989 ], [ -58.397607421874966, -64.134765624999943 ], [ -58.438085937499977, -64.113476562499955 ], [ -58.424951171874966, -64.067773437499966 ], [ -58.34189453124992, -63.994335937499955 ], [ -58.274804687500023, -63.916210937500011 ], [ -58.145654296875023, -63.877636718749955 ], [ -58.070361328124932, -63.847460937500045 ], [ -57.970703125, -63.834667968750011 ], [ -57.925683593750023, -63.806054687499966 ], [ -57.831347656249989, -63.80380859374992 ], [ -57.779492187500011, -63.86826171874992 ], [ -57.780664062499966, -63.906835937499977 ] ] ], [ [ [ -56.894726562499955, -64.333007812499943 ], [ -56.951708984374932, -64.381738281250023 ], [ -56.945263671874955, -64.427246093749943 ], [ -56.991015624999932, -64.467968750000011 ], [ -57.240478515625, -64.566796874999966 ], [ -57.326269531249977, -64.570703125000023 ], [ -57.433398437499932, -64.540234374999955 ], [ -57.447900390625023, -64.488476562500011 ], [ -57.445898437499977, -64.459863281250023 ], [ -57.365625, -64.438769531249989 ], [ -57.314550781249977, -64.435351562499989 ], [ -57.022558593749977, -64.352343750000045 ], [ -56.894726562499955, -64.333007812499943 ] ] ], [ [ [ -62.216015624999955, -69.494921875000045 ], [ -62.496240234375023, -69.28818359374992 ], [ -62.567675781249989, -69.180468749999989 ], [ -62.515869140625, -69.154589843749989 ], [ -62.442138671875, -69.14599609375 ], [ -62.238964843750011, -69.175781249999943 ], [ -62.117919921874943, -69.214746093749966 ], [ -61.97836914062492, -69.30039062499992 ], [ -61.815966796874989, -69.376171875000011 ], [ -61.78369140625, -69.44189453125 ], [ -61.807177734374989, -69.5146484375 ], [ -61.911328124999955, -69.533398437499955 ], [ -61.907812499999977, -69.587597656250011 ], [ -61.970117187500023, -69.69140625 ], [ -61.997607421874932, -69.721875 ], [ -62.085156250000011, -69.729492187499943 ], [ -62.171923828124932, -69.636621093750023 ], [ -62.216015624999955, -69.494921875000045 ] ] ], [ [ [ -3.537060546874898, -70.683300781250011 ], [ -3.0400390625, -70.674414062499977 ], [ -2.749804687499932, -70.694140624999989 ], [ -2.532812499999977, -70.767773437500011 ], [ -2.423437499999977, -70.800390624999977 ], [ -2.255566406249955, -70.796093750000011 ], [ -2.09228515625, -70.820898437499977 ], [ -2.119042968750023, -70.855371093750023 ], [ -2.212695312499932, -70.901562500000011 ], [ -2.293164062499898, -70.997949218750023 ], [ -2.368945312499989, -71.044433593749943 ], [ -2.606738281249989, -71.141113281249943 ], [ -2.783496093749932, -71.16748046875 ], [ -2.825146484374898, -71.112695312500023 ], [ -2.821875, -71.056738281249977 ], [ -2.80517578125, -71.014746093749977 ], [ -2.800537109374943, -70.982226562499989 ], [ -2.963134765624943, -70.940332031249966 ], [ -2.975, -70.88330078125 ], [ -3.006982421875023, -70.851464843750023 ], [ -3.488964843749955, -70.73593749999992 ], [ -3.574658203124955, -70.703125 ], [ -3.537060546874898, -70.683300781250011 ] ] ], [ [ [ -3.191357421874898, -71.09482421874992 ], [ -2.954980468749966, -71.213769531250023 ], [ -3.060595703124989, -71.236621093750045 ], [ -3.201464843749932, -71.230273437499989 ], [ -3.309375, -71.200878906249955 ], [ -3.385644531249966, -71.142968749999966 ], [ -3.403857421874932, -71.119824218749955 ], [ -3.391699218749977, -71.081152343749977 ], [ -3.398974609374932, -71.06210937499992 ], [ -3.263037109374977, -71.051757812499943 ], [ -3.212792968750023, -71.075976562499989 ], [ -3.191357421874898, -71.09482421874992 ] ] ], [ [ [ -6.26611328125, -70.550195312500023 ], [ -6.43798828125, -70.45263671875 ], [ -6.243652343749943, -70.445703125000023 ], [ -6.068261718750023, -70.404687500000023 ], [ -5.971630859374955, -70.421484374999977 ], [ -5.949511718749989, -70.43222656249992 ], [ -5.894091796874932, -70.55224609375 ], [ -6.156103515624977, -70.611523437499955 ], [ -6.180859374999955, -70.58554687499992 ], [ -6.26611328125, -70.550195312500023 ] ] ], [ [ [ -3.496826171875, -70.48837890624992 ], [ -3.287451171874977, -70.344042968749989 ], [ -3.173242187500023, -70.307324218750011 ], [ -2.949902343749955, -70.279687499999966 ], [ -2.805126953124898, -70.288476562499966 ], [ -2.713525390625023, -70.320214843750023 ], [ -2.684375, -70.376171875000011 ], [ -2.68271484374992, -70.462207031249989 ], [ -2.738037109375, -70.507031250000011 ], [ -3.280224609374898, -70.53378906249992 ], [ -3.44189453125, -70.535449218749989 ], [ -3.490234374999943, -70.508007812500011 ], [ -3.496826171875, -70.48837890624992 ] ] ], [ [ [ -61.107910156249943, -69.955273437499955 ], [ -61.158447265624943, -69.975781249999955 ], [ -61.308642578124989, -69.977929687500023 ], [ -61.378466796874932, -69.949804687499977 ], [ -61.404345703124989, -69.932519531250023 ], [ -61.386474609374943, -69.893261718750011 ], [ -61.327148437499943, -69.856347656250023 ], [ -61.151855468749943, -69.883105468749989 ], [ -61.107910156249943, -69.955273437499955 ] ] ], [ [ [ -60.90634765624992, -71.007421874999977 ], [ -60.946484374999955, -70.967382812499977 ], [ -60.889062499999966, -70.934375 ], [ -60.782812499999977, -70.914062499999943 ], [ -60.613134765624977, -70.920117187499955 ], [ -60.533300781249977, -70.9625 ], [ -60.516308593749955, -70.999511718749943 ], [ -60.535937499999989, -71.040917968749966 ], [ -60.55224609375, -71.052929687500011 ], [ -60.652148437499932, -71.05869140624992 ], [ -60.789746093750011, -71.04111328124992 ], [ -60.90634765624992, -71.007421874999977 ] ] ], [ [ [ -12.87548828125, -72.000683593750011 ], [ -12.788867187499932, -72.006542968749955 ], [ -12.636621093750023, -72.0712890625 ], [ -12.534765624999977, -72.140039062499966 ], [ -12.50888671874992, -72.17333984375 ], [ -12.588427734374989, -72.196093750000045 ], [ -12.720166015624898, -72.187695312500011 ], [ -12.888427734375, -72.137109375000023 ], [ -12.943701171874977, -72.098925781250045 ], [ -12.963281250000023, -72.064453124999943 ], [ -12.914794921874943, -72.0146484375 ], [ -12.87548828125, -72.000683593750011 ] ] ], [ [ [ -16.302880859374966, -72.47802734375 ], [ -16.172509765624966, -72.6 ], [ -16.104492187499943, -72.679101562500023 ], [ -16.1748046875, -72.702832031249955 ], [ -16.317578124999955, -72.7021484375 ], [ -16.453027343750023, -72.65234375 ], [ -16.509765625, -72.582226562500011 ], [ -16.516552734374898, -72.53085937499992 ], [ -16.455371093749932, -72.473535156249966 ], [ -16.355859375000023, -72.45859374999992 ], [ -16.302880859374966, -72.47802734375 ] ] ], [ [ [ -21.024511718749977, -73.880078125000011 ], [ -20.979199218749898, -73.790429687500023 ], [ -20.867041015624977, -73.676660156250023 ], [ -20.690136718749898, -73.625195312500011 ], [ -20.580224609374966, -73.619238281249977 ], [ -20.520703124999955, -73.711816406250023 ], [ -20.520703124999955, -73.797851562499943 ], [ -20.607421874999943, -73.886621093750023 ], [ -20.654248046874955, -74.10498046875 ], [ -20.641259765624966, -74.150585937499955 ], [ -20.600341796875, -74.196875 ], [ -20.42333984375, -74.3173828125 ], [ -20.411425781249989, -74.408496093749989 ], [ -20.416650390624966, -74.443359375 ], [ -20.489013671875, -74.49267578125 ], [ -20.737011718749955, -74.48095703125 ], [ -20.817675781249989, -74.454785156250011 ], [ -20.845654296874955, -74.437792968750045 ], [ -20.976757812499955, -74.225097656249943 ], [ -21.051220703124955, -74.176074218749989 ], [ -21.166552734374989, -74.132617187500045 ], [ -21.609863281249943, -74.091796874999943 ], [ -22.035351562499955, -74.10654296874992 ], [ -21.930371093749898, -74.056640625 ], [ -21.288281249999898, -73.989355468749977 ], [ -21.126367187499966, -73.939843750000023 ], [ -21.024511718749977, -73.880078125000011 ] ] ], [ [ [ -36.600781249999955, -79.282714843749943 ], [ -36.565966796874932, -79.208789062500045 ], [ -36.237792968749943, -79.195703124999966 ], [ -36.047998046875023, -79.181152343749943 ], [ -35.790234374999898, -79.148925781249943 ], [ -35.597314453125023, -79.091894531249977 ], [ -35.53466796875, -79.090039062500011 ], [ -34.391503906249966, -79.222949218750045 ], [ -33.994726562499977, -79.278515624999955 ], [ -33.947167968750023, -79.305371093750011 ], [ -33.934179687499977, -79.320410156249977 ], [ -34.049951171875023, -79.357128906250011 ], [ -36.48129882812492, -79.29404296874992 ], [ -36.600781249999955, -79.282714843749943 ] ] ], [ [ [ -32.500830078124977, -79.592285156249943 ], [ -32.376611328125023, -79.53466796875 ], [ -32.15, -79.52988281249992 ], [ -31.933447265624977, -79.567871093749943 ], [ -31.956738281249898, -79.603808593749989 ], [ -32.001171874999898, -79.60703124999992 ], [ -32.342529296875, -79.673632812499989 ], [ -32.514892578125, -79.682812500000011 ], [ -32.583251953125, -79.658300781249977 ], [ -32.500830078124977, -79.592285156249943 ] ] ], [ [ [ -31.604882812499966, -79.644726562499955 ], [ -31.118847656249898, -79.79843749999992 ], [ -30.985058593749898, -79.81845703124992 ], [ -30.8408203125, -79.771289062499989 ], [ -30.861474609374966, -79.725878906249989 ], [ -30.779931640624966, -79.647363281249966 ], [ -30.66015625, -79.733105468749955 ], [ -29.870898437499932, -79.8232421875 ], [ -29.614453124999955, -79.909570312500023 ], [ -29.720751953124989, -79.929882812499955 ], [ -29.800097656249989, -79.925976562499955 ], [ -30.029003906249898, -79.93613281249992 ], [ -30.422119140625, -80.010839843749977 ], [ -30.844433593749955, -79.938476562499943 ], [ -31.594238281249943, -79.8876953125 ], [ -31.824121093749966, -79.849511718750023 ], [ -32.000292968749989, -79.732421875 ], [ -31.680419921875, -79.63427734375 ], [ -31.604882812499966, -79.644726562499955 ] ] ], [ [ [ -59.40781249999992, -80.150878906249943 ], [ -59.321679687500023, -80.196191406249966 ], [ -59.42661132812492, -80.197656250000023 ], [ -59.530078124999932, -80.2080078125 ], [ -59.61240234374992, -80.255468749999977 ], [ -59.683300781250011, -80.315332031249966 ], [ -59.733935546874989, -80.344140625000023 ], [ -59.773730468749932, -80.55810546875 ], [ -59.771337890624977, -80.656542968750045 ], [ -59.825488281249989, -80.733300781249966 ], [ -59.926367187499977, -80.774316406249966 ], [ -60.124658203125023, -80.840722656250023 ], [ -60.268212890624966, -80.88134765625 ], [ -60.582812499999932, -80.948144531250023 ], [ -62.023339843750023, -80.889062499999966 ], [ -62.670507812499977, -80.834277343750045 ], [ -62.940380859375011, -80.765820312500011 ], [ -62.986083984375, -80.734570312499955 ], [ -63.067529296874966, -80.62744140625 ], [ -63.143994140625011, -80.594824218749977 ], [ -63.714941406249977, -80.616992187499989 ], [ -64.065039062499977, -80.650390624999943 ], [ -64.126464843749943, -80.667871093749966 ], [ -64.219921875000011, -80.73398437499992 ], [ -64.268261718749955, -80.748535156249943 ], [ -65.202832031249955, -80.607421875 ], [ -66.183740234375023, -80.44199218749992 ], [ -66.591406249999977, -80.357617187500011 ], [ -66.733593749999955, -80.318554687500011 ], [ -66.771142578124966, -80.293847656249966 ], [ -66.681103515625011, -80.260449218750011 ], [ -66.588427734374989, -80.238574218749989 ], [ -66.482666015625, -80.224414062500045 ], [ -66.376953124999943, -80.22226562499992 ], [ -66.295800781250023, -80.234765625000023 ], [ -66.217382812499977, -80.258203124999966 ], [ -66.167626953125023, -80.346191406249943 ], [ -66.115478515625, -80.361230468750023 ], [ -65.98007812499992, -80.384472656249955 ], [ -62.518798828125, -80.373339843749989 ], [ -62.231835937499966, -80.36865234375 ], [ -61.63330078125, -80.344140625000023 ], [ -61.312841796874977, -80.306542968749966 ], [ -61.193994140625023, -80.256640625000045 ], [ -61.484765625000023, -80.243847656250011 ], [ -61.597460937499989, -80.205859374999989 ], [ -61.6943359375, -80.134375 ], [ -61.716845703124932, -80.069335937499943 ], [ -61.684179687499977, -80.019726562500011 ], [ -61.302343749999977, -79.995800781250011 ], [ -61.246240234375023, -79.978320312499989 ], [ -61.346240234374932, -79.950585937500023 ], [ -61.34311523437492, -79.886816406249977 ], [ -61.114990234375, -79.862207031249966 ], [ -61.026318359374955, -79.808886718750045 ], [ -60.578808593750011, -79.741015625000045 ], [ -59.873339843749989, -79.776953124999977 ], [ -59.706347656249989, -79.875292968750045 ], [ -59.752441406249943, -79.937988281249943 ], [ -59.78564453125, -80.00107421874992 ], [ -59.787792968749955, -80.100976562500023 ], [ -59.49814453124992, -80.115039062500045 ], [ -59.40781249999992, -80.150878906249943 ] ] ], [ [ [ -65.53955078125, -79.836914062499943 ], [ -65.504443359374932, -79.954296874999955 ], [ -65.89902343749992, -80.040527343749943 ], [ -65.989404296874966, -80.054003906250045 ], [ -66.173632812499932, -80.077832031250011 ], [ -66.267187499999977, -80.081445312500023 ], [ -66.319482421874966, -80.075097656249966 ], [ -66.366894531249955, -80.05429687499992 ], [ -66.410400390624943, -79.973339843749955 ], [ -66.904199218750023, -79.908886718749955 ], [ -66.962353515625011, -79.872656249999977 ], [ -66.99365234375, -79.793359374999966 ], [ -67.077246093749977, -79.76181640624992 ], [ -67.719140625000023, -79.620214843749977 ], [ -67.770751953124943, -79.589453124999977 ], [ -67.808740234374966, -79.5458984375 ], [ -67.687939453124955, -79.528417968749977 ], [ -67.438232421875, -79.560351562499989 ], [ -66.978906250000023, -79.568652343749989 ], [ -66.881298828124955, -79.582226562500011 ], [ -66.785205078124989, -79.608007812499977 ], [ -66.273779296874977, -79.612011718749955 ], [ -66.014160156249943, -79.624414062500023 ], [ -65.870312499999955, -79.737695312499966 ], [ -65.579248046874966, -79.770800781249989 ], [ -65.53955078125, -79.836914062499943 ] ] ], [ [ [ -70.116308593749977, -79.666015624999943 ], [ -70.33408203124992, -79.679882812500011 ], [ -70.552539062499932, -79.683007812500023 ], [ -70.983740234374977, -79.674414062499977 ], [ -71.414013671874955, -79.64023437499992 ], [ -71.525781249999966, -79.62363281249992 ], [ -71.686669921874966, -79.568066406250011 ], [ -71.73520507812492, -79.53857421875 ], [ -71.777734374999966, -79.50058593749992 ], [ -71.78354492187492, -79.4443359375 ], [ -71.66748046875, -79.24570312499992 ], [ -71.454003906250023, -79.128906249999943 ], [ -71.254492187499977, -79.059667968749977 ], [ -70.625878906249966, -78.901562500000011 ], [ -70.543994140624989, -78.883691406250023 ], [ -69.971875, -78.809375 ], [ -69.74765624999992, -78.76914062499992 ], [ -69.398242187499989, -78.686132812499977 ], [ -67.478515624999943, -78.3625 ], [ -67.038134765624932, -78.315722656250045 ], [ -66.840234375000023, -78.34970703124992 ], [ -66.728076171874989, -78.383691406250023 ], [ -66.787011718750023, -78.421679687500045 ], [ -67.046142578124943, -78.514160156249943 ], [ -67.166406250000023, -78.569531249999955 ], [ -67.48095703125, -78.682421875000045 ], [ -68.157031249999989, -78.870898437500045 ], [ -68.637939453125, -79.01318359375 ], [ -69.250878906249966, -79.210351562500023 ], [ -69.394433593750023, -79.279785156249943 ], [ -69.686474609375011, -79.443359375 ], [ -69.634472656249955, -79.517578125 ], [ -69.731738281249989, -79.618359375000011 ], [ -70.116308593749977, -79.666015624999943 ] ] ], [ [ [ -68.408105468749966, -79.46396484374992 ], [ -68.548925781249977, -79.437402343750023 ], [ -68.422265625000023, -79.333203125000011 ], [ -68.324365234375023, -79.298242187499966 ], [ -68.233007812499977, -79.284960937500045 ], [ -68.03256835937492, -79.227148437499977 ], [ -67.714160156249989, -79.214062500000011 ], [ -67.474511718750023, -79.222949218750045 ], [ -67.068652343749932, -79.268457031249966 ], [ -67.17294921874992, -79.311523437499943 ], [ -67.239501953125, -79.327636718749943 ], [ -67.304882812500011, -79.394042968749943 ], [ -67.261914062499955, -79.45263671875 ], [ -67.434326171875, -79.501171874999955 ], [ -68.161474609374977, -79.478515624999943 ], [ -68.408105468749966, -79.46396484374992 ] ] ] ] } },
{ "type": "Feature", "properties": { "NAME": "Walgreen Coast", "FEATURECLA": "Coast", "SCALERANK": 3 }, "geometry": { "type": "Polygon", "coordinates": [ [ [ -103.12498938710371, -76.30718543391707 ], [ -105.711476203509974, -76.303767465167084 ], [ -107.715687629291295, -76.435237191729541 ], [ -111.579396125385031, -76.056819222979541 ], [ -111.579396125385031, -75.197322152667084 ], [ -111.534697430519316, -75.165990586459458 ], [ -110.371412035240681, -74.35058527115774 ], [ -110.365705596565903, -74.346585340920726 ], [ -110.307080078124955, -74.36669921875 ], [ -110.229785156249932, -74.536328125000011 ], [ -110.300439453124966, -74.710644531250011 ], [ -110.531933593749955, -74.836328125000023 ], [ -110.967578124999989, -74.95126953124992 ], [ -111.463134765624943, -75.133398437499977 ], [ -111.358789062500023, -75.219921875000011 ], [ -111.104199218750011, -75.190820312500023 ], [ -109.989990234374943, -75.199121093749966 ], [ -109.272167968750011, -75.185058593749943 ], [ -108.822265625, -75.206640624999977 ], [ -108.254492187499977, -75.25253906249992 ], [ -107.804736328124989, -75.321582031250045 ], [ -107.266796875000011, -75.33447265625 ], [ -106.932128906249943, -75.309375 ], [ -106.618847656250011, -75.343945312499955 ], [ -105.399365234374955, -75.197656250000023 ], [ -104.901855468749943, -75.115136718749966 ], [ -104.617822265625023, -75.15625 ], [ -104.15966796875, -75.120703124999977 ], [ -103.901318359374955, -75.152539062499955 ], [ -103.424902343749977, -75.101269531250011 ], [ -103.12498938710371, -75.09529344148234 ], [ -103.12498938710371, -76.307147734483635 ], [ -103.12498938710371, -76.30718543391707 ] ] ] } },
{ "type": "Feature", "properties": { "NAME": "Bear Peninsula", "FEATURECLA": "Peninsula", "SCALERANK": 5 }, "geometry": { "type": "Polygon", "coordinates": [ [ [ -111.534697430519316, -75.165990586459458 ], [ -112.18655949387157, -74.833294052669203 ], [ -112.170019531249977, -74.832226562500011 ], [ -111.868212890624989, -74.801171874999966 ], [ -111.696240234375011, -74.792187500000011 ], [ -111.584423828124955, -74.750878906250023 ], [ -111.724501667584775, -74.662399359553206 ], [ -111.752337655610958, -74.545191450909059 ], [ -111.69589843749992, -74.504101562500011 ], [ -111.722265624999977, -74.386621093749966 ], [ -111.806347656249955, -74.269726562499955 ], [ -111.62998046874992, -74.181445312500045 ], [ -111.466796875, -74.200781249999977 ], [ -111.205608645656071, -74.189212435753063 ], [ -111.155257590884077, -74.194672109618608 ], [ -111.019824218749989, -74.230468749999943 ], [ -110.770410156249966, -74.268945312499966 ], [ -110.533935546875, -74.288867187500045 ], [ -110.380120271084579, -74.341639798264083 ], [ -110.371412035240681, -74.35058527115774 ], [ -110.264272275237971, -74.460643822179776 ], [ -110.229785156249932, -74.536328125000011 ], [ -110.24060784321459, -74.563029571070373 ], [ -111.344523597073731, -75.089805998964536 ], [ -111.463134765624943, -75.133398437499977 ], [ -111.453177926120972, -75.141654646952986 ], [ -111.519947883197503, -75.173516534380951 ], [ -111.519947883197503, -75.173518441729527 ], [ -111.534697430519316, -75.165990586459458 ] ] ] } },
{ "type": "Feature", "properties": { "NAME": "Martin Peninsula", "FEATURECLA": "Peninsula", "SCALERANK": 5 }, "geometry": { "type": "Polygon", "coordinates": [ [ [ -114.923085090228795, -74.348078988604584 ], [ -114.936132336087653, -74.196400055478549 ], [ -114.791015625, -73.988574218749989 ], [ -114.623730468750011, -73.90292968749992 ], [ -114.345947265625, -73.925 ], [ -113.508496093750011, -74.0888671875 ], [ -113.489404296875023, -74.158398437500011 ], [ -113.574658203124955, -74.207910156249966 ], [ -113.713574218749955, -74.227734374999955 ], [ -113.753271484374977, -74.36669921875 ], [ -113.640820312499955, -74.40634765624992 ], [ -113.454248046874966, -74.394238281250011 ], [ -113.332958984374955, -74.454199218749977 ], [ -113.597314453124966, -74.558789062499955 ], [ -113.783105468749966, -74.6181640625 ], [ -113.903466796875023, -74.644433593750023 ], [ -113.984765625000023, -74.842968749999955 ], [ -114.097216796874932, -74.909082031250023 ], [ -114.110449218749977, -74.981835937500023 ], [ -113.968203077068068, -74.981835937500023 ], [ -114.080922004291239, -75.066705010943451 ], [ -114.080922004291239, -75.066706918292027 ], [ -114.923085090228795, -74.348078988604584 ] ] ] } },
{ "type": "Feature", "properties": { "NAME": "Canisteo Peninsula", "FEATURECLA": "Peninsula", "SCALERANK": 5 }, "geometry": { "type": "MultiPolygon", "coordinates": [ [ [ [ -98.942738410541281, -73.636164926104598 ], [ -98.581432372050401, -75.182937738024052 ], [ -98.727246093749955, -75.140820312499955 ], [ -99.208154296875023, -75.078515624999966 ], [ -99.651904296874932, -74.94882812499992 ], [ -99.697328963392479, -74.94255798731777 ], [ -100.010609504291239, -74.731868051104527 ], [ -100.07455953473432, -74.701563537253605 ], [ -100.0126953125, -74.662109375 ], [ -100.118603515625011, -74.515039062500023 ], [ -100.23813476562492, -74.484179687500045 ], [ -100.523645295196786, -74.488751665955121 ], [ -100.541005012103795, -74.480525277667084 ], [ -101.341673275277927, -74.351736396546471 ], [ -101.3427734375, -74.35009765625 ], [ -101.402556338249397, -74.287921524886116 ], [ -101.433705207416253, -74.154475472979584 ], [ -101.572643694460467, -74.111025227273458 ], [ -101.586718749999932, -74.096386718750011 ], [ -101.715429687499977, -74.023730468750045 ], [ -102.012938570346861, -73.973331770640897 ], [ -102.063710090228767, -73.957453988604584 ], [ -102.438228120310498, -73.893038785278762 ], [ -102.820801286992548, -73.827238139276702 ], [ -102.862744140625011, -73.783593749999966 ], [ -102.799511718750011, -73.645703125000011 ], [ -102.41064453125, -73.616406250000011 ], [ -102.30504265565088, -73.620404232235472 ], [ -101.069203254291253, -73.865412972979584 ], [ -98.942738410541281, -73.636164926104598 ] ] ], [ [ [ -98.57140051991621, -75.225886605792056 ], [ -98.59095466672423, -75.222673873679199 ], [ -98.575696748282894, -75.207492287236732 ], [ -98.57140051991621, -75.225884698443451 ], [ -98.57140051991621, -75.225886605792056 ] ] ] ] } },
{ "type": "Feature", "properties": { "NAME": "Carney Island", "FEATURECLA": "Island", "SCALERANK": 5 }, "geometry": { "type": "Polygon", "coordinates": [ [ [ -121.726688860920063, -74.373020155956667 ], [ -122.950516915184338, -74.259721904399413 ], [ -122.956054687499943, -74.24033203124992 ], [ -122.890625, -74.22705078125 ], [ -122.764746093749977, -74.218652343749966 ], [ -122.794189453125, -74.1904296875 ], [ -122.875244140625, -74.141210937499977 ], [ -122.880761718749966, -74.099023437500023 ], [ -122.710009765624989, -73.993652343749943 ], [ -122.624707031249955, -73.965527343750011 ], [ -122.951171874999943, -73.866601562500023 ], [ -122.991552734374977, -73.844140624999966 ], [ -123.03466796875, -73.837597656249955 ], [ -123.103247836597873, -73.842744363030278 ], [ -123.279226217589411, -73.784092342073293 ], [ -123.249072265624989, -73.738671874999966 ], [ -123.112158203124977, -73.68222656249992 ], [ -123.0125, -73.672949218749977 ], [ -122.910449218749989, -73.679687499999943 ], [ -122.435693359374966, -73.681640625 ], [ -121.966699218750023, -73.711816406250023 ], [ -121.497314453124943, -73.732812500000023 ], [ -120.722216796874989, -73.751953125 ], [ -120.55625, -73.756054687499955 ], [ -120.449107824060576, -73.816087200553781 ], [ -120.292637843518193, -73.955136353944724 ], [ -120.287735372990568, -73.963403265030564 ], [ -120.583595558716411, -74.06200188779529 ], [ -120.989501953124943, -74.157031250000045 ], [ -121.019042968749943, -74.173437499999977 ], [ -121.035981236273557, -74.215240578066613 ], [ -121.448390098113535, -74.358057379462423 ], [ -121.726688860920063, -74.373020155956667 ] ] ] } },
{ "type": "Feature", "properties": { "NAME": "Ellsworth Mountains", "FEATURECLA": "Range/mtn", "SCALERANK": 2 }, "geometry": { "type": "Polygon", "coordinates": [ [ [ -80.160633918353739, -81.232112191729527 ], [ -84.137366743422746, -79.976291785539956 ], [ -85.249989387103795, -79.624934457354584 ], [ -87.267811652728739, -78.83928992610457 ], [ -87.624928351947545, -77.87493445735457 ], [ -87.495312568256139, -77.72679068904398 ], [ -87.25458228261158, -77.451665185503998 ], [ -87.12492835194746, -77.303523324542013 ], [ -85.482106086322545, -77.017878793292084 ], [ -84.187489387103795, -77.374932550005894 ], [ -84.187489387103795, -77.374934457354584 ], [ -83.696670171294187, -78.012999437906998 ], [ -83.779003906249955, -77.983593749999955 ], [ -83.752099609375023, -78.066308593750023 ], [ -83.687744140624943, -78.148046874999977 ], [ -83.508251953124955, -78.248046875 ], [ -83.245898437499989, -78.35703124999992 ], [ -83.226953125000023, -78.401562500000011 ], [ -83.35498046875, -78.407617187500023 ], [ -83.544433593749943, -78.355273437499989 ], [ -83.70590820312492, -78.404101562499989 ], [ -83.762744140624932, -78.461132812499955 ], [ -83.696630859374977, -78.537304687499955 ], [ -83.595166015625011, -78.611035156249955 ], [ -83.260009765624943, -78.774218749999989 ], [ -82.970751953124989, -78.816699218750045 ], [ -82.589208984374977, -78.916308593749989 ], [ -81.660888671874943, -79.099804687499955 ], [ -81.5029296875, -79.162890625000045 ], [ -81.22216796875, -79.2978515625 ], [ -81.163183593749977, -79.400390625 ], [ -80.891992187499966, -79.501855468750023 ], [ -80.704785156250011, -79.51718749999992 ], [ -80.534814453125023, -79.51279296874992 ], [ -80.529312596969262, -79.50429097151968 ], [ -79.70830237538496, -79.794059285020026 ], [ -79.135906286106461, -79.996081434177157 ], [ -79.660400390624943, -79.996875 ], [ -78.907128906249966, -80.089648437500045 ], [ -78.176074218749989, -80.166796874999989 ], [ -77.745143275901029, -80.160913010203373 ], [ -75.910633918353767, -80.374934457354527 ], [ -75.874928351947489, -81.124934457354556 ], [ -76.839222785541267, -81.446467660479598 ], [ -80.160633918353739, -81.232112191729527 ] ] ] } },
{ "type": "Feature", "properties": { "NAME": "Smith Peninsula", "FEATURECLA": "Peninsula", "SCALERANK": 5 }, "geometry": { "type": "Polygon", "coordinates": [ [ [ -61.94859778554121, -74.255305551104527 ], [ -61.783153666472003, -74.260189256521414 ], [ -61.842773437499943, -74.28964843749992 ], [ -61.331787109375, -74.32861328125 ], [ -61.12060546875, -74.306933593749989 ], [ -60.78369140625, -74.241015624999989 ], [ -60.704296875000011, -74.307128906249943 ], [ -60.838476562499977, -74.372949218750023 ], [ -61.010791015624989, -74.478320312499989 ], [ -61.370166015624932, -74.51181640624992 ], [ -61.383903411569371, -74.511905900686045 ], [ -62.294056769916267, -74.410823129229584 ], [ -61.94859778554121, -74.255305551104527 ] ] ] } },
{ "type": "Feature", "properties": { "NAME": "Spaatz Island", "FEATURECLA": "Island", "SCALERANK": 5 }, "geometry": { "type": "Polygon", "coordinates": [ [ [ -74.452099609375011, -73.5654296875 ], [ -74.548493524532859, -73.601529400746315 ], [ -74.937489387103767, -73.500056527667084 ], [ -75.412041104475904, -73.4353420572197 ], [ -75.900782717998155, -73.332627140799033 ], [ -76.083302375384989, -73.166682504229527 ], [ -75.944856236036614, -73.06779240469497 ], [ -75.897656249999955, -73.056347656249955 ], [ -75.774658203124943, -73.054296874999977 ], [ -75.505859375, -73.10888671875 ], [ -75.467578124999932, -73.10107421875 ], [ -75.417236328125, -73.051562500000045 ], [ -75.27622070312492, -73.050390624999977 ], [ -75.243847656250011, -73.009375 ], [ -75.439453125, -72.99423828124992 ], [ -75.600292968749955, -72.952636718749943 ], [ -75.701757812499977, -72.911035156250023 ], [ -75.711150504836553, -72.900859739552061 ], [ -75.665766350521878, -72.868442486470144 ], [ -75.376855468750023, -72.82041015624992 ], [ -74.473876953125, -72.89375 ], [ -74.335546874999977, -72.918945312499943 ], [ -74.275781249999966, -72.951269531249977 ], [ -74.260980210029828, -72.964330091449384 ], [ -74.250575246550966, -73.017797932975796 ], [ -74.262538063585012, -73.027085445377693 ], [ -74.541615363666267, -73.166682504229527 ], [ -74.507630126471497, -73.234652978619081 ], [ -74.522460937499943, -73.243945312499989 ], [ -74.667675781249955, -73.275292968749966 ], [ -74.615380859374966, -73.311425781249966 ], [ -74.575488281249989, -73.32773437499992 ], [ -74.55063476562492, -73.369140625 ], [ -74.467138671874977, -73.427148437500023 ], [ -74.398838060476422, -73.452237110609204 ], [ -74.395802375385017, -73.458308480792013 ], [ -74.423214616533357, -73.531443483543242 ], [ -74.452099609375011, -73.5654296875 ] ] ] } },
{ "type": "Feature", "properties": { "NAME": "Palmer Land", "FEATURECLA": "Geoarea", "SCALERANK": 3 }, "geometry": { "type": "Polygon", "coordinates": [ [ [ -71.845265266009989, -73.388972543292098 ], [ -71.845265266009989, -73.388970635943423 ], [ -71.845016262368631, -73.388925535116613 ], [ -71.648443239657098, -73.35332121304053 ], [ -71.45273437499992, -73.354492187499943 ], [ -71.01718749999992, -73.26279296874992 ], [ -70.322656250000023, -73.274023437499977 ], [ -69.968603515624977, -73.226464843749966 ], [ -69.282226562499943, -73.169628906250011 ], [ -68.820947265624966, -73.10546875 ], [ -68.00034179687492, -72.935546874999943 ], [ -67.667089843749977, -72.834570312499977 ], [ -67.30673828124992, -72.611132812500045 ], [ -67.251673435254006, -72.556955536555606 ], [ -67.166676398822517, -72.541560433917027 ], [ -67.179662189762851, -72.486105013912407 ], [ -67.079541015625011, -72.387597656249966 ], [ -66.827734374999977, -72.090429687499977 ], [ -66.95166015625, -71.897265624999989 ], [ -67.084130859374966, -71.812207031249955 ], [ -67.195751953124955, -71.718945312500011 ], [ -67.392823645829012, -71.57580558515491 ], [ -67.459911743935805, -71.289307929762259 ], [ -67.49840247304121, -71.124934457354584 ], [ -67.510327589099816, -71.109153712725387 ], [ -67.504589843750011, -71.057812500000011 ], [ -67.598388671874943, -70.844628906250023 ], [ -67.692187499999932, -70.686132812499977 ], [ -67.888476562499989, -70.421679687500045 ], [ -68.125683593749955, -70.249902343750023 ], [ -68.216603142035268, -70.174525145259523 ], [ -68.403470453195027, -69.92723989432659 ], [ -68.40366210937492, -69.80917968749992 ], [ -68.46982421874992, -69.643847656249989 ], [ -68.637548828124977, -69.526367187499943 ], [ -68.688389037335313, -69.458392205976054 ], [ -68.063845602166424, -69.354042830433158 ], [ -67.371777343749955, -69.412304687500011 ], [ -67.304345703124966, -69.317578124999955 ], [ -67.11044921874992, -69.248046875 ], [ -66.974902343749932, -69.161035156249966 ], [ -67.021240234374943, -69.028710937500023 ], [ -67.147812902163977, -68.987399283088124 ], [ -67.042550014114653, -68.795894978336804 ], [ -67.037953254291295, -68.787532113604541 ], [ -63.439574296931575, -68.910800518872591 ], [ -63.478222656249955, -68.951171875 ], [ -63.455957031249966, -69.041894531250023 ], [ -63.301464843750011, -69.141015624999966 ], [ -63.094384765625023, -69.253027343749977 ], [ -62.994091796875011, -69.328906250000045 ], [ -62.839746093750023, -69.371875 ], [ -62.586816406249966, -69.477246093750011 ], [ -62.45053710937492, -69.584375 ], [ -62.407128906249966, -69.827246093749977 ], [ -62.202441406249932, -70.02792968749992 ], [ -61.961083984374966, -70.120117187499943 ], [ -61.934619140624989, -70.199511718750045 ], [ -62.013964843749989, -70.278906249999977 ], [ -62.217871093749977, -70.233203124999989 ], [ -62.331494140625011, -70.278906249999977 ], [ -62.377783203124977, -70.364843749999977 ], [ -62.232275390624977, -70.424414062499977 ], [ -62.000781249999989, -70.49716796874992 ], [ -61.517806419479115, -70.49070295133356 ], [ -61.501827159567391, -70.50762629060074 ], [ -61.491406250000011, -70.56992187499992 ], [ -61.605322265624977, -70.616699218749943 ], [ -61.696484374999955, -70.67578125 ], [ -61.808935546874977, -70.708789062499989 ], [ -61.994140624999943, -70.72861328124992 ], [ -62.040429687499966, -70.80136718749992 ], [ -61.961083984374966, -70.900585937499955 ], [ -61.7021484375, -70.856738281249989 ], [ -61.513378906249955, -70.85117187499992 ], [ -61.312841796874977, -70.867578125000023 ], [ -61.251660156249955, -71.002246093749989 ], [ -61.180563242802101, -71.052181272284912 ], [ -61.030878229175123, -71.323650532888863 ], [ -61.148437499999943, -71.341894531249977 ], [ -61.237304687499943, -71.400585937499955 ], [ -61.369287109375023, -71.452343750000011 ], [ -61.515917968749932, -71.479101562499977 ], [ -61.78955078125, -71.616015625000045 ], [ -61.909570312500023, -71.630859375 ], [ -61.958789062499932, -71.657812499999977 ], [ -61.72543945312492, -71.672558593749955 ], [ -61.562792968749989, -71.67529296875 ], [ -61.213574218750011, -71.564062499999977 ], [ -61.081347656249989, -71.588574218749955 ], [ -60.995312499999955, -71.661328124999955 ], [ -60.949023437499932, -71.747265624999955 ], [ -61.035058593749966, -71.820019531249955 ], [ -61.644531249999943, -71.86289062499992 ], [ -61.938916015624955, -71.903613281250045 ], [ -62.256640624999989, -72.017578125 ], [ -61.89404296875, -72.070996093750011 ], [ -61.628027343749977, -72.052734374999943 ], [ -61.49267578125, -72.072656250000023 ], [ -61.310253906249955, -72.112695312500023 ], [ -61.107470703124989, -72.091503906249955 ], [ -60.951757812499977, -72.050195312499966 ], [ -60.833203124999955, -72.051562499999989 ], [ -60.719433593749955, -72.072656250000023 ], [ -60.704296875000011, -72.14414062499992 ], [ -60.691064453124966, -72.269824218750045 ], [ -60.664599609374989, -72.3625 ], [ -60.730322265624977, -72.425976562499955 ], [ -61.047509765625023, -72.470507812500045 ], [ -61.27978515625, -72.468261718749943 ], [ -61.286132812499943, -72.600781249999955 ], [ -60.939160156249955, -72.699707031249943 ], [ -60.724121093749943, -72.646875 ], [ -60.53232421874992, -72.67333984375 ], [ -60.53232421874992, -72.83212890624992 ], [ -60.384667968749966, -73.00732421875 ], [ -60.25449218749992, -73.017285156250011 ], [ -60.148681640624943, -72.937890624999966 ], [ -60.140804893994165, -72.937890624999966 ], [ -60.010653674529763, -73.173933328665441 ], [ -60.016406249999989, -73.189257812500045 ], [ -60.122216796874966, -73.275292968749966 ], [ -60.403759765624955, -73.240234374999943 ], [ -60.560693359375023, -73.21142578125 ], [ -60.68662109374992, -73.27099609375 ], [ -60.89584960937492, -73.32041015624992 ], [ -61.081347656249989, -73.32822265624992 ], [ -61.242089843750023, -73.250292968750045 ], [ -61.428417968750011, -73.191406249999943 ], [ -61.72641601562492, -73.160742187499977 ], [ -62.00830078125, -73.147656250000011 ], [ -61.914746093750011, -73.215722656250023 ], [ -61.78759765625, -73.2548828125 ], [ -61.737695312500023, -73.375488281249943 ], [ -61.636962890625, -73.500195312499955 ], [ -61.405468750000011, -73.467089843750045 ], [ -61.079785156250011, -73.538671874999977 ], [ -60.878857421875011, -73.612011718750011 ], [ -60.790283203125, -73.711816406250023 ], [ -60.902734375000023, -73.87060546875 ], [ -61.088281249999966, -73.929492187500045 ], [ -61.203417968749989, -73.956640624999977 ], [ -61.404052734375, -73.895996093749943 ], [ -61.54541015625, -73.895996093749943 ], [ -61.691699218749989, -73.923828124999943 ], [ -61.741601562500023, -73.99619140624992 ], [ -61.838232421874977, -74.032031250000045 ], [ -61.319433593749977, -74.035937500000045 ], [ -61.160693359374989, -74.055761718749977 ], [ -61.041650390624966, -74.121972656249966 ], [ -61.226855468749932, -74.207910156249966 ], [ -61.570800781249943, -74.194726562499966 ], [ -61.718261718749943, -74.228125 ], [ -61.842773437499943, -74.28964843749992 ], [ -61.331787109375, -74.32861328125 ], [ -61.12060546875, -74.306933593749989 ], [ -60.78369140625, -74.241015624999989 ], [ -60.704296875000011, -74.307128906249943 ], [ -60.838476562499977, -74.372949218750023 ], [ -61.010791015624989, -74.478320312499989 ], [ -61.370166015624932, -74.51181640624992 ], [ -61.63999023437492, -74.513574218750023 ], [ -61.994531250000023, -74.475781250000011 ], [ -62.0888671875, -74.452832031249955 ], [ -62.235302734374955, -74.441308593750023 ], [ -62.225683593749977, -74.505566406249955 ], [ -62.206930750714413, -74.514529162112552 ], [ -71.833698872361879, -73.390323257038901 ], [ -71.845265266009989, -73.388972543292098 ] ] ] } },
{ "type": "Feature", "properties": { "NAME": "Latady Island", "FEATURECLA": "Island", "SCALERANK": 5 }, "geometry": { "type": "Polygon", "coordinates": [ [ [ -73.550341796874989, -70.723437500000045 ], [ -73.617461550075021, -70.756440507668998 ], [ -74.221936348307494, -70.926903127302793 ], [ -74.504736328124977, -70.973437499999989 ], [ -74.521235824868398, -70.975567503147531 ], [ -76.231703229678516, -71.132649679093745 ], [ -76.271289062499989, -71.132812499999943 ], [ -76.363964843749955, -71.116796874999977 ], [ -76.42148437499992, -71.09042968749992 ], [ -76.511523437499989, -70.990820312499977 ], [ -76.500244140625, -70.941406249999943 ], [ -76.377636718749955, -70.894140624999977 ], [ -76.24887695312492, -70.863769531249943 ], [ -76.034570312499966, -70.835937499999943 ], [ -75.210009765624932, -70.77255859374992 ], [ -75.126953125, -70.751757812500045 ], [ -75.05991210937492, -70.705566406249943 ], [ -75.037548828125011, -70.650585937500011 ], [ -75.007470703124966, -70.608886718749943 ], [ -74.953613281249943, -70.590234374999966 ], [ -74.898486328124989, -70.590527343749955 ], [ -74.790478515625011, -70.63095703124992 ], [ -74.589697265624977, -70.791992187499943 ], [ -74.527148437499932, -70.769726562499955 ], [ -74.468652343750023, -70.726660156249977 ], [ -74.45615234374992, -70.586718749999989 ], [ -74.400976562499977, -70.575878906250011 ], [ -74.225, -70.614648437499966 ], [ -74.114550781249989, -70.65537109374992 ], [ -74.11264648437492, -70.576757812499977 ], [ -74.038330078125, -70.552929687500011 ], [ -73.958295187132521, -70.560889494730262 ], [ -73.581527941127305, -70.705822833080873 ], [ -73.550341796874989, -70.723437500000045 ] ] ] } },
{ "type": "Feature", "properties": { "NAME": "Alexander Island", "FEATURECLA": "Island", "SCALERANK": 4 }, "geometry": { "type": "Polygon", "coordinates": [ [ [ -72.479882812500023, -72.61728515624992 ], [ -72.530810546874989, -72.589550781249955 ], [ -72.643066024359015, -72.594662239068882 ], [ -72.968263942882587, -72.50440910189397 ], [ -73.007031249999955, -72.484082031250011 ], [ -73.057421874999989, -72.447558593749989 ], [ -73.086376953124955, -72.407812499999977 ], [ -72.85483398437492, -72.304199218749943 ], [ -72.7375, -72.280566406249989 ], [ -72.618212890624932, -72.275097656249955 ], [ -72.37607421874992, -72.296289062500023 ], [ -72.134960937500011, -72.331347656250045 ], [ -71.60532226562492, -72.358984374999977 ], [ -70.872607421874932, -72.366406250000011 ], [ -70.671142578124943, -72.356347656249966 ], [ -70.427685546875011, -72.322558593750045 ], [ -70.206005859374955, -72.227734375000011 ], [ -70.314208984375, -72.191015624999977 ], [ -70.424169921874977, -72.167773437500045 ], [ -70.533203125, -72.163378906250045 ], [ -70.641406249999932, -72.169628906249955 ], [ -70.945166015624977, -72.22910156249992 ], [ -71.177734374999943, -72.264062500000023 ], [ -71.412548828125011, -72.284472656249989 ], [ -71.66147460937492, -72.249804687500045 ], [ -71.89218749999992, -72.15283203125 ], [ -71.897558593749977, -72.120800781249955 ], [ -71.106640625000011, -72.047070312499955 ], [ -71.034375, -72.034570312499966 ], [ -70.89111328125, -71.987402343749977 ], [ -70.844628906250023, -71.94580078125 ], [ -70.820996093750011, -71.906542968749989 ], [ -71.35498046875, -71.836425781249943 ], [ -71.464648437499932, -71.837890624999943 ], [ -71.574414062500011, -71.8505859375 ], [ -71.816162109375, -71.821875 ], [ -72.045947265624989, -71.739648437500023 ], [ -72.259082031249989, -71.641210937499977 ], [ -72.336621093749955, -71.632226562499966 ], [ -72.41220703124992, -71.662304687500011 ], [ -72.927636718750023, -71.921679687499989 ], [ -72.972070312500023, -71.923632812500045 ], [ -73.166699218749955, -71.904589843750045 ], [ -73.409960937499989, -71.853125 ], [ -73.63291015624992, -71.8349609375 ], [ -73.77597656249992, -71.848925781249989 ], [ -73.829882812499989, -71.870214843749977 ], [ -73.690576171875023, -71.929394531249955 ], [ -73.572314453124989, -71.98095703125 ], [ -73.537109374999943, -72.022363281249966 ], [ -73.899267578124977, -72.15234375 ], [ -73.99560546875, -72.169824218750023 ], [ -74.152978515624966, -72.158789062499977 ], [ -74.208935546875011, -72.142285156250011 ], [ -74.32177734375, -72.072656250000023 ], [ -74.429296874999977, -72.055566406250023 ], [ -74.557234830110787, -72.063417326475957 ], [ -75.313343879291267, -71.853572152667027 ], [ -75.044636630128764, -71.552576852016472 ], [ -74.863134765624977, -71.543359375000023 ], [ -74.636376953124966, -71.617480468749989 ], [ -74.487451171875023, -71.641503906250023 ], [ -74.418652343750011, -71.643261718750011 ], [ -74.391796874999955, -71.638183593749943 ], [ -74.373339843749932, -71.617968750000045 ], [ -74.380078125000011, -71.579394531250045 ], [ -74.420312500000023, -71.507226562500023 ], [ -74.425390624999977, -71.456933593749966 ], [ -74.375, -71.414941406249966 ], [ -74.307910156249932, -71.39990234375 ], [ -74.289291699115438, -71.396915290124056 ], [ -74.053014171404413, -71.408188576183917 ], [ -74.040966796875011, -71.410449218750045 ], [ -73.937109374999977, -71.438183593750011 ], [ -73.724267578124966, -71.516992187499966 ], [ -73.545361328125011, -71.573046874999989 ], [ -73.47900390625, -71.57871093749992 ], [ -73.427148437500023, -71.558886718750045 ], [ -73.380175781249932, -71.527929687499977 ], [ -73.592187499999966, -71.448046875000045 ], [ -73.617089843749966, -71.39658203124992 ], [ -73.6044921875, -71.350781250000011 ], [ -73.473974609374977, -71.324902343750011 ], [ -73.397412109375011, -71.321191406250023 ], [ -73.019726562499955, -71.368652343749943 ], [ -72.821044921875, -71.383593750000045 ], [ -72.621582031249943, -71.388378906249955 ], [ -72.211669921875, -71.33505859374992 ], [ -72.430078125000023, -71.275 ], [ -72.905468749999955, -71.223144531249943 ], [ -72.994531249999966, -71.186523437499943 ], [ -73.039819552377963, -71.145565891983935 ], [ -72.510034388256074, -71.073999379196565 ], [ -72.356347656249966, -71.07480468749992 ], [ -71.718505859375, -71.145117187499977 ], [ -71.504492187499977, -71.111523437499955 ], [ -71.406367857703373, -71.061366677946012 ], [ -71.35411536366621, -71.062556527667084 ], [ -70.777509589646584, -70.991950331840897 ], [ -70.741113281249966, -70.992578124999966 ], [ -70.380664062499932, -70.946386718749977 ], [ -70.322900390624966, -70.951171875 ], [ -70.267675781249977, -70.964746093749966 ], [ -69.916455078125011, -71.133789062499943 ], [ -69.869775390625023, -71.125683593750011 ], [ -69.835107421874966, -71.092578124999989 ], [ -69.822851562499977, -71.03369140625 ], [ -69.822509765625, -70.973437499999989 ], [ -69.826189370827905, -70.945636038466674 ], [ -69.79161536366621, -70.833308480792084 ], [ -70.499989387103795, -70.791682504229556 ], [ -71.16640706149596, -70.715479043387433 ], [ -71.172656249999989, -70.71298828124992 ], [ -71.186038912067005, -70.671862909617019 ], [ -71.010983847725612, -70.523754568048943 ], [ -70.56210937499992, -70.404101562499989 ], [ -70.328076171874955, -70.361230468749966 ], [ -70.233577768553829, -70.357036580293538 ], [ -69.541615363666267, -70.437556527667027 ], [ -69.635012232276893, -70.403767621264478 ], [ -69.618359374999955, -70.39804687499992 ], [ -69.883007812499955, -70.30517578125 ], [ -70.032149542782335, -70.260092189601238 ], [ -70.168660756496024, -70.210705473625779 ], [ -70.234082031250011, -70.180468749999989 ], [ -70.281190368652105, -70.169994766840645 ], [ -70.520802375384989, -70.083308480792056 ], [ -70.916615363666267, -70.166682504229584 ], [ -71.791615363666267, -69.979182504229584 ], [ -71.812489387103767, -69.770808480792084 ], [ -71.624989387103739, -69.416682504229556 ], [ -72.122527644736266, -69.206207113295136 ], [ -72.135156249999966, -69.176562500000045 ], [ -72.137890624999955, -69.114550781249989 ], [ -72.108642578125, -69.06005859375 ], [ -72.057861328125, -69.000976562499943 ], [ -71.993221697486149, -68.97217534279207 ], [ -70.672582971730037, -68.811144473906168 ], [ -70.416992187499943, -68.788964843750023 ], [ -70.311914062500023, -68.832226562499955 ], [ -70.268195743392383, -68.857390328578646 ], [ -70.097450382889463, -68.986771087627673 ], [ -70.052734375, -69.139550781250023 ], [ -70.05112304687492, -69.189062499999977 ], [ -70.079345703125, -69.310937500000023 ], [ -69.913281250000011, -69.267285156250011 ], [ -69.854980468749943, -69.276562499999955 ], [ -69.707568359374932, -69.32089843749992 ], [ -69.53276553195893, -69.4786673872444 ], [ -69.354115363666267, -69.666682504229584 ], [ -69.333302375384989, -69.937556527667027 ], [ -68.665554023470747, -70.471755209198477 ], [ -68.553515624999989, -70.581445312499966 ], [ -68.459472656249943, -70.682910156250045 ], [ -68.450781249999977, -70.81787109375 ], [ -68.351672110923232, -70.850837213170649 ], [ -68.272374530363336, -71.144235937844002 ], [ -68.252441406249943, -71.3134765625 ], [ -68.232918808116551, -71.640092728097372 ], [ -68.290899230537008, -71.872099370779083 ], [ -68.393896484374977, -71.975195312499977 ], [ -68.460742187499932, -72.085351562500023 ], [ -68.54257812499992, -72.157617187500023 ], [ -68.640039062499966, -72.209765625000045 ], [ -69.149267578124977, -72.426562499999989 ], [ -69.16111217476012, -72.447786476409647 ], [ -69.439030817556429, -72.558930248121314 ], [ -69.732279218007832, -72.59052761651995 ], [ -70.747971649767152, -72.622093447422174 ], [ -70.92294921874992, -72.613085937499989 ], [ -71.158593749999966, -72.626953124999943 ], [ -71.846142578124955, -72.639355468750011 ], [ -72.367480468749932, -72.669726562500045 ], [ -72.381139454690256, -72.667355492240361 ], [ -72.442292561941883, -72.650383490074688 ], [ -72.479882812500023, -72.61728515624992 ] ] ] } },
{ "type": "Feature", "properties": { "NAME": "Charcot Island", "FEATURECLA": "Island", "SCALERANK": 5 }, "geometry": { "type": "Polygon", "coordinates": [ [ [ -75.621582896057575, -70.108328863322171 ], [ -75.693267708091156, -70.060552226825536 ], [ -75.811291992506824, -69.981891166353478 ], [ -75.759521484375, -69.916113281249977 ], [ -75.681347656249955, -69.881640625000045 ], [ -75.339941406249977, -69.840234374999966 ], [ -75.313916015625011, -69.816796874999966 ], [ -75.264550781249966, -69.749316406249989 ], [ -75.178955078124943, -69.735156250000045 ], [ -75.136376953124966, -69.740625 ], [ -74.987109374999932, -69.727832031250045 ], [ -74.81015624999992, -69.75244140625 ], [ -74.549707031249966, -69.86093749999992 ], [ -74.465429687499977, -69.916894531250023 ], [ -74.437988281249943, -69.949609375000023 ], [ -74.46005859374992, -69.9716796875 ], [ -74.578417968749989, -69.998046874999943 ], [ -74.671777343749966, -70.131738281250023 ], [ -74.765835066996772, -70.157003648718899 ], [ -75.455728900170186, -70.127622840472384 ], [ -75.621582896057575, -70.108328863322171 ] ] ] } },
{ "type": "Feature", "properties": { "NAME": "Hearst Island", "FEATURECLA": "Island", "SCALERANK": 5 }, "geometry": { "type": "Polygon", "coordinates": [ [ [ -62.171923828124932, -69.636621093750023 ], [ -62.216015624999955, -69.494921875000045 ], [ -62.496240234375023, -69.28818359374992 ], [ -62.511556985495069, -69.265088068821129 ], [ -62.459507157811309, -69.148020500057811 ], [ -62.442138671875, -69.14599609375 ], [ -62.320117418029106, -69.163884333318819 ], [ -62.089413146883537, -69.232241154398977 ], [ -61.97836914062492, -69.30039062499992 ], [ -61.824843439420185, -69.372029797660815 ], [ -61.814538786857526, -69.379079744112715 ], [ -61.78369140625, -69.44189453125 ], [ -61.807177734374989, -69.5146484375 ], [ -61.911328124999955, -69.533398437499955 ], [ -61.907812499999977, -69.587597656250011 ], [ -61.926971465936745, -69.619519256235549 ], [ -62.106788626181867, -69.706338119127466 ], [ -62.171923828124932, -69.636621093750023 ] ] ] } },
{ "type": "Feature", "properties": { "NAME": "Antarctic Peninsula", "FEATURECLA": "Peninsula", "SCALERANK": 1 }, "geometry": { "type": "MultiPolygon", "coordinates": [ [ [ [ -71.845016262368631, -73.388925535116613 ], [ -71.95311456631741, -73.375575162893398 ], [ -71.697558593749989, -73.35302734375 ], [ -71.45273437499992, -73.354492187499943 ], [ -71.01718749999992, -73.26279296874992 ], [ -70.322656250000023, -73.274023437499977 ], [ -69.968603515624977, -73.226464843749966 ], [ -69.282226562499943, -73.169628906250011 ], [ -68.820947265624966, -73.10546875 ], [ -68.00034179687492, -72.935546874999943 ], [ -67.667089843749977, -72.834570312499977 ], [ -67.30673828124992, -72.611132812500045 ], [ -67.250917640803237, -72.556211924478319 ], [ -67.166676398822517, -72.541560433917027 ], [ -67.179623152303861, -72.486066605683902 ], [ -67.079541015625011, -72.387597656249966 ], [ -66.827734374999977, -72.090429687499977 ], [ -66.95166015625, -71.897265624999989 ], [ -67.084130859374966, -71.812207031249955 ], [ -67.195751953124955, -71.718945312500011 ], [ -67.391817215824105, -71.576536588753228 ], [ -67.458302375385017, -71.291560433917013 ], [ -67.459911743935805, -71.289307929762259 ], [ -67.520918570062136, -71.203921565498021 ], [ -67.504589843750011, -71.057812500000011 ], [ -67.598388671874943, -70.844628906250023 ], [ -67.692187499999932, -70.686132812499977 ], [ -67.888476562499989, -70.421679687500045 ], [ -68.125683593749955, -70.249902343750023 ], [ -68.314229863688439, -70.093587339091201 ], [ -68.403403019873423, -69.968778820437308 ], [ -68.40366210937492, -69.80917968749992 ], [ -68.46982421874992, -69.643847656249989 ], [ -68.637548828124977, -69.526367187499943 ], [ -68.707958984375011, -69.432226562499977 ], [ -68.580029296875011, -69.412695312499977 ], [ -68.46152343749992, -69.383984375000011 ], [ -68.140869140624943, -69.347558593750023 ], [ -67.371777343749955, -69.412304687500011 ], [ -67.304345703124966, -69.317578124999955 ], [ -67.11044921874992, -69.248046875 ], [ -66.974902343749932, -69.161035156249966 ], [ -67.021240234374943, -69.028710937500023 ], [ -67.157296512564287, -68.984303957357227 ], [ -67.130681325568304, -68.793064164036423 ], [ -67.126280354853506, -68.761441589675471 ], [ -67.05429687499992, -68.671484374999977 ], [ -67.103240609903509, -68.595892647145874 ], [ -67.095539913728956, -68.540560345889645 ], [ -67.041015625, -68.453125 ], [ -66.893505859374955, -68.297656250000045 ], [ -66.793359374999966, -68.240429687500011 ], [ -66.977587890624932, -68.146777343749989 ], [ -67.149853515624955, -68.024609375000011 ], [ -67.106689453124943, -67.930078125000023 ], [ -67.021289062499932, -67.831445312499966 ], [ -66.915380859374977, -67.692578125000011 ], [ -66.769873046874977, -67.593359374999977 ], [ -66.677246093749943, -67.560253906249955 ], [ -66.704980468750023, -67.527148437499989 ], [ -66.923144531249932, -67.491601562500023 ], [ -67.124316406249989, -67.485058593750011 ], [ -67.437927576998476, -67.538608144586064 ], [ -66.952385923627006, -67.000918833237648 ], [ -66.928613281250023, -67.1435546875 ], [ -66.886132812499966, -67.179980468750045 ], [ -66.902148437499932, -67.255957031249977 ], [ -66.836035156249977, -67.282421874999955 ], [ -66.75732421875, -67.23251953124992 ], [ -66.610009765625023, -67.20859374999992 ], [ -66.551562499999989, -67.262597656250023 ], [ -66.498681640624966, -67.2890625 ], [ -66.472216796874989, -67.242773437499977 ], [ -66.490966796875, -67.1142578125 ], [ -66.515136718749943, -67.0625 ], [ -66.53330078124992, -66.979296875000045 ], [ -66.502099609374966, -66.940136718749955 ], [ -66.464697265624977, -66.875195312499955 ], [ -66.526806640625011, -66.74072265625 ], [ -66.503613281250011, -66.689843750000023 ], [ -66.370898437499989, -66.608886718749943 ], [ -66.306542968750023, -66.591992187500011 ], [ -66.181884765625, -66.592480468750011 ], [ -65.953759765624966, -66.645605468749977 ], [ -65.847460937499989, -66.649804687500023 ], [ -65.766406249999932, -66.624902343750023 ], [ -65.717968750000011, -66.5732421875 ], [ -65.678466796874943, -66.402734374999966 ], [ -65.775781249999966, -66.342578125000045 ], [ -65.774511718749977, -66.287988281249966 ], [ -65.717480468750011, -66.254492187499977 ], [ -65.61728515624992, -66.13525390625 ], [ -65.465087890625, -66.129296874999966 ], [ -65.316357421875011, -66.139843749999955 ], [ -65.172021484374966, -66.116796874999977 ], [ -65.222070312499966, -66.068457031249977 ], [ -65.267480468749966, -65.994238281249977 ], [ -65.10507812499992, -65.957910156250023 ], [ -64.998730468750011, -65.9462890625 ], [ -64.7216796875, -65.99277343749992 ], [ -64.613525390625, -66.019042968749943 ], [ -64.514306640625023, -65.95957031249992 ], [ -64.54736328125, -65.9 ], [ -64.653222656249966, -65.866894531249955 ], [ -64.673046875000011, -65.814062499999977 ], [ -64.646582031249977, -65.747851562500045 ], [ -64.474609375, -65.780957031249955 ], [ -64.435351562499989, -65.768359375000045 ], [ -64.390039062500023, -65.708496093749943 ], [ -64.416796874999932, -65.679882812499955 ], [ -64.438916015625011, -65.640625 ], [ -64.21347656249992, -65.632910156249977 ], [ -64.179980468749932, -65.617382812500011 ], [ -64.132226562499966, -65.570507812499955 ], [ -64.065917968749943, -65.553710937499943 ], [ -63.862207031250023, -65.555957031250045 ], [ -63.818115234375, -65.531542968750045 ], [ -63.797949218749977, -65.480371093750023 ], [ -63.908007812499932, -65.46738281249992 ], [ -64.001052436907514, -65.43478231015132 ], [ -63.958302375384989, -65.416560433917027 ], [ -63.604106029021153, -65.062390030301813 ], [ -63.482128906249955, -65.0849609375 ], [ -63.264160156249943, -65.073144531250023 ], [ -63.178125, -65.12607421874992 ], [ -63.05908203125, -65.139355468750011 ], [ -63.032617187500023, -65.079785156250011 ], [ -63.085693359375, -65.02792968749992 ], [ -63.119873046874943, -64.94248046874992 ], [ -62.774658203125, -64.841699218750023 ], [ -62.664501953125011, -64.85751953124992 ], [ -62.527539062500011, -64.833398437500023 ], [ -62.576220703124989, -64.755664062500045 ], [ -62.503466796874989, -64.656445312500011 ], [ -62.404248046875011, -64.643261718750011 ], [ -62.338085937499955, -64.729199218750011 ], [ -62.243310546875023, -64.746875 ], [ -62.1396484375, -64.726757812499955 ], [ -61.882519531249955, -64.625390624999966 ], [ -61.756396484374932, -64.609863281249943 ], [ -61.631787109375011, -64.604687499999955 ], [ -61.50048828125, -64.545605468750011 ], [ -61.470019531249932, -64.475585937499943 ], [ -61.395947265625011, -64.427148437500023 ], [ -61.173583984374943, -64.3625 ], [ -61.082128906249977, -64.314746093750045 ], [ -60.886621093750023, -64.149707031249989 ], [ -60.922070312499955, -64.10791015625 ], [ -60.864160156249966, -64.073437500000011 ], [ -60.277246093750023, -63.923925781249977 ], [ -59.98984374999992, -63.909570312500023 ], [ -59.510156249999966, -63.820703125000023 ], [ -59.217578124999989, -63.7138671875 ], [ -59.036425781249932, -63.670312500000023 ], [ -58.8720703125, -63.551855468749977 ], [ -58.673535156249955, -63.534375 ], [ -58.215576171874943, -63.451269531249977 ], [ -57.868066406250023, -63.31875 ], [ -57.3896484375, -63.226269531249955 ], [ -57.168261718749989, -63.234765625000023 ], [ -57.076708984374989, -63.2625 ], [ -57.020654296875023, -63.372851562499989 ], [ -56.927343749999977, -63.505566406250011 ], [ -56.809586988556219, -63.559070652892586 ], [ -56.803435421311043, -63.595989069648986 ], [ -56.834765624999989, -63.63125 ], [ -56.973681640624989, -63.62460937499992 ], [ -57.119189453124932, -63.637792968749977 ], [ -57.152246093750023, -63.571679687500023 ], [ -57.097705078124932, -63.523535156249977 ], [ -57.152246093750023, -63.479101562499977 ], [ -57.283886718750011, -63.490625 ], [ -57.460644531249955, -63.513574218749966 ], [ -57.581494140625011, -63.546582031249955 ], [ -57.736914062499977, -63.616601562500023 ], [ -57.856738281249932, -63.65683593749992 ], [ -58.262988281249989, -63.763378906249955 ], [ -58.531884765624966, -63.915429687500023 ], [ -58.722851562500011, -64.077441406249989 ], [ -58.83896484374992, -64.186816406249989 ], [ -59.005322265625011, -64.194921874999977 ], [ -59.047314453125011, -64.23447265624992 ], [ -58.977246093749955, -64.265917968750045 ], [ -58.922998046875023, -64.279296875 ], [ -58.799316406249943, -64.292675781249955 ], [ -58.819140624999989, -64.338964843749977 ], [ -58.90512695312492, -64.35214843749992 ], [ -58.895458984375011, -64.388867187499955 ], [ -58.805908203124943, -64.44482421875 ], [ -58.805838258293264, -64.445104342632533 ], [ -58.955484670665093, -64.50294790781841 ], [ -59.050683593749966, -64.451367187499955 ], [ -59.229394531249966, -64.443554687500011 ], [ -59.369677734374989, -64.403515625000011 ], [ -59.460742187499932, -64.345605468750023 ], [ -59.546777343749966, -64.358789062500023 ], [ -59.612158203124977, -64.440136718750011 ], [ -59.573193359374955, -64.53076171875 ], [ -59.645996093749943, -64.583691406250011 ], [ -59.734375, -64.558886718750045 ], [ -59.765039062500023, -64.451367187499955 ], [ -59.850195312499977, -64.43359375 ], [ -59.963085937499955, -64.431347656250011 ], [ -60.242480468749989, -64.546875 ], [ -60.340527343749955, -64.550585937500045 ], [ -60.39365234374992, -64.609375 ], [ -60.555957031249989, -64.676562500000045 ], [ -60.659960937499932, -64.729199218750011 ], [ -60.91538085937492, -64.906835937499977 ], [ -61.029784981409215, -64.965758506604502 ], [ -61.222966607617238, -65.006784308903434 ], [ -61.331835937499932, -65.023828124999966 ], [ -61.439453125, -65.017675781249977 ], [ -61.503027343749977, -64.999707031249955 ], [ -61.603222656249955, -64.98779296875 ], [ -61.703125, -64.987207031249966 ], [ -61.736181640624977, -65.033496093749989 ], [ -61.609189619769509, -65.155214684025438 ], [ -61.63230257806206, -65.219414838032677 ], [ -61.663427734374977, -65.238574218750045 ], [ -61.855615234374966, -65.2353515625 ], [ -61.94785156249992, -65.192285156250023 ], [ -62.02451171874992, -65.232519531249977 ], [ -62.084667968750011, -65.273242187499989 ], [ -62.145312499999932, -65.331738281250011 ], [ -62.053662109375011, -65.456835937499989 ], [ -61.903369140624932, -65.513476562499989 ], [ -61.795703124999932, -65.52294921875 ], [ -61.757582198097083, -65.567400188865577 ], [ -61.758314269613024, -65.569433641419451 ], [ -61.991406250000011, -65.589160156250045 ], [ -62.150585937500011, -65.69882812499992 ], [ -62.222412109375, -65.775 ], [ -62.305029296874977, -65.840429687499977 ], [ -62.293261718749989, -65.916406250000023 ], [ -62.169140625000011, -66.031347656249977 ], [ -62.005029296875023, -66.112890624999977 ], [ -61.954691531764404, -66.11490472798765 ], [ -61.958302375385045, -66.124934457354499 ], [ -62.213749055013743, -66.199697558444839 ], [ -62.241259765624932, -66.197070312499989 ], [ -62.494140624999943, -66.21933593749992 ], [ -62.582812499999989, -66.217480468749955 ], [ -62.682031250000023, -66.237304687499943 ], [ -62.754833984375011, -66.31015624999992 ], [ -62.695295487919232, -66.340634620908673 ], [ -63.025226767677445, -66.437197573526745 ], [ -63.179541015624977, -66.352539062499943 ], [ -63.257519531250011, -66.263769531249977 ], [ -63.448535156249932, -66.24375 ], [ -63.586621093750011, -66.241699218749943 ], [ -63.752539062499977, -66.277734375000023 ], [ -63.687548828124989, -66.319824218749943 ], [ -63.654394531249977, -66.38291015624992 ], [ -63.755664062499989, -66.408984374999989 ], [ -63.880419921874932, -66.505957031249977 ], [ -63.964355468749943, -66.588769531250023 ], [ -64.015039062499966, -66.606640624999955 ], [ -64.077734374999977, -66.654101562500045 ], [ -63.867518179519578, -66.737607923377141 ], [ -64.16173839102963, -66.9026672595853 ], [ -64.40097656249992, -66.853320312500045 ], [ -64.554003906249932, -66.851757812499955 ], [ -64.606933593749943, -66.799609374999989 ], [ -64.686279296874943, -66.80625 ], [ -64.73544921874992, -66.894140624999977 ], [ -64.793359375000023, -66.971972656250045 ], [ -64.878125, -67.024511718749977 ], [ -64.854101562499977, -67.104785156249989 ], [ -64.78549804687492, -67.123730468749955 ], [ -64.83872070312492, -67.156054687500045 ], [ -64.950878906249955, -67.183203124999977 ], [ -65.026904296874989, -67.214062499999955 ], [ -64.85825195312492, -67.242773437499977 ], [ -64.826464843749932, -67.26914062499992 ], [ -64.82536936217646, -67.274968288880615 ], [ -64.898187237347614, -67.315819561735566 ], [ -65.07958984375, -67.335351562499966 ], [ -65.248535156249943, -67.341992187500011 ], [ -65.35009765625, -67.310937499999966 ], [ -65.443115234374943, -67.326171875 ], [ -65.503125, -67.377246093749989 ], [ -65.5234375, -67.444628906250045 ], [ -65.50390625, -67.528222656250023 ], [ -65.47080078124992, -67.587890625 ], [ -65.44677734375, -67.610156250000045 ], [ -65.41806640624992, -67.659570312499966 ], [ -65.574023437499989, -67.788378906249989 ], [ -65.589257812499966, -67.816308593750023 ], [ -65.600048828124955, -67.875683593750011 ], [ -65.52783203125, -67.929980468749989 ], [ -65.469433593750011, -68.009472656250011 ], [ -65.551171875000023, -68.048339843749943 ], [ -65.63950195312492, -68.130566406250011 ], [ -65.54624023437492, -68.146679687500011 ], [ -65.3875, -68.150390624999943 ], [ -65.263092656153034, -68.142792135545761 ], [ -65.249989387103767, -68.208308480792084 ], [ -65.126337694317854, -68.22685600829972 ], [ -65.365185546875011, -68.2875 ], [ -65.452001953124977, -68.336718749999989 ], [ -65.33139648437492, -68.364160156249966 ], [ -65.089746093750023, -68.370214843749977 ], [ -64.996484375000023, -68.407812499999977 ], [ -65.05454101562492, -68.44931640624992 ], [ -65.140087890624955, -68.4892578125 ], [ -65.241601562500023, -68.583203125000011 ], [ -65.158349609375023, -68.617968749999989 ], [ -64.898291015624977, -68.67333984375 ], [ -64.428906250000011, -68.74609375 ], [ -64.07846679687492, -68.771191406249955 ], [ -64.15683593749992, -68.686914062500023 ], [ -64.169238281249989, -68.582519531249943 ], [ -63.924462890625023, -68.497656249999977 ], [ -63.796484374999977, -68.4697265625 ], [ -63.613951653458876, -68.453711145200771 ], [ -63.583302375384989, -68.458308480792027 ], [ -63.493744693817902, -68.537118820753022 ], [ -63.707324218749989, -68.592187499999966 ], [ -63.7734375, -68.6318359375 ], [ -63.747021484375011, -68.704589843749943 ], [ -63.44272460937492, -68.764160156249943 ], [ -63.343505859374943, -68.810449218750023 ], [ -63.478222656249955, -68.951171875 ], [ -63.455957031249966, -69.041894531250023 ], [ -63.301464843750011, -69.141015624999966 ], [ -63.094384765625023, -69.253027343749977 ], [ -62.994091796875011, -69.328906250000045 ], [ -62.839746093750023, -69.371875 ], [ -62.586816406249966, -69.477246093750011 ], [ -62.45053710937492, -69.584375 ], [ -62.407128906249966, -69.827246093749977 ], [ -62.202441406249932, -70.02792968749992 ], [ -61.961083984374966, -70.120117187499943 ], [ -61.934619140624989, -70.199511718750045 ], [ -62.013964843749989, -70.278906249999977 ], [ -62.217871093749977, -70.233203124999989 ], [ -62.331494140625011, -70.278906249999977 ], [ -62.377783203124977, -70.364843749999977 ], [ -62.232275390624977, -70.424414062499977 ], [ -62.000781249999989, -70.49716796874992 ], [ -61.504687499999989, -70.490527343749989 ], [ -61.491406250000011, -70.56992187499992 ], [ -61.605322265624977, -70.616699218749943 ], [ -61.696484374999955, -70.67578125 ], [ -61.808935546874977, -70.708789062499989 ], [ -61.994140624999943, -70.72861328124992 ], [ -62.040429687499966, -70.80136718749992 ], [ -61.961083984374966, -70.900585937499955 ], [ -61.7021484375, -70.856738281249989 ], [ -61.513378906249955, -70.85117187499992 ], [ -61.312841796874977, -70.867578125000023 ], [ -61.251660156249955, -71.002246093749989 ], [ -61.116150521361753, -71.097421783990143 ], [ -60.991126428823385, -71.297466192441405 ], [ -61.003076171875023, -71.3193359375 ], [ -61.148437499999943, -71.341894531249977 ], [ -61.237304687499943, -71.400585937499955 ], [ -61.369287109375023, -71.452343750000011 ], [ -61.515917968749932, -71.479101562499977 ], [ -61.78955078125, -71.616015625000045 ], [ -61.909570312500023, -71.630859375 ], [ -61.958789062499932, -71.657812499999977 ], [ -61.72543945312492, -71.672558593749955 ], [ -61.562792968749989, -71.67529296875 ], [ -61.213574218750011, -71.564062499999977 ], [ -61.081347656249989, -71.588574218749955 ], [ -60.995312499999955, -71.661328124999955 ], [ -60.949023437499932, -71.747265624999955 ], [ -61.035058593749966, -71.820019531249955 ], [ -61.644531249999943, -71.86289062499992 ], [ -61.938916015624955, -71.903613281250045 ], [ -62.256640624999989, -72.017578125 ], [ -61.89404296875, -72.070996093750011 ], [ -61.628027343749977, -72.052734374999943 ], [ -61.49267578125, -72.072656250000023 ], [ -61.310253906249955, -72.112695312500023 ], [ -61.107470703124989, -72.091503906249955 ], [ -60.951757812499977, -72.050195312499966 ], [ -60.833203124999955, -72.051562499999989 ], [ -60.719433593749955, -72.072656250000023 ], [ -60.704296875000011, -72.14414062499992 ], [ -60.691064453124966, -72.269824218750045 ], [ -60.664599609374989, -72.3625 ], [ -60.730322265624977, -72.425976562499955 ], [ -61.047509765625023, -72.470507812500045 ], [ -61.27978515625, -72.468261718749943 ], [ -61.286132812499943, -72.600781249999955 ], [ -60.939160156249955, -72.699707031249943 ], [ -60.724121093749943, -72.646875 ], [ -60.53232421874992, -72.67333984375 ], [ -60.53232421874992, -72.83212890624992 ], [ -60.384667968749966, -73.00732421875 ], [ -60.25449218749992, -73.017285156250011 ], [ -60.148681640624943, -72.937890624999966 ], [ -60.111674342399198, -72.937890624999966 ], [ -60.007832925349952, -73.16641903781759 ], [ -60.016406249999989, -73.189257812500045 ], [ -60.122216796874966, -73.275292968749966 ], [ -60.403759765624955, -73.240234374999943 ], [ -60.560693359375023, -73.21142578125 ], [ -60.68662109374992, -73.27099609375 ], [ -60.89584960937492, -73.32041015624992 ], [ -61.081347656249989, -73.32822265624992 ], [ -61.242089843750023, -73.250292968750045 ], [ -61.428417968750011, -73.191406249999943 ], [ -61.72641601562492, -73.160742187499977 ], [ -62.00830078125, -73.147656250000011 ], [ -61.914746093750011, -73.215722656250023 ], [ -61.78759765625, -73.2548828125 ], [ -61.737695312500023, -73.375488281249943 ], [ -61.636962890625, -73.500195312499955 ], [ -61.405468750000011, -73.467089843750045 ], [ -61.079785156250011, -73.538671874999977 ], [ -60.878857421875011, -73.612011718750011 ], [ -60.790283203125, -73.711816406250023 ], [ -60.902734375000023, -73.87060546875 ], [ -61.088281249999966, -73.929492187500045 ], [ -61.203417968749989, -73.956640624999977 ], [ -61.404052734375, -73.895996093749943 ], [ -61.54541015625, -73.895996093749943 ], [ -61.691699218749989, -73.923828124999943 ], [ -61.741601562500023, -73.99619140624992 ], [ -61.838232421874977, -74.032031250000045 ], [ -61.319433593749977, -74.035937500000045 ], [ -61.160693359374989, -74.055761718749977 ], [ -61.041650390624966, -74.121972656249966 ], [ -61.226855468749932, -74.207910156249966 ], [ -61.570800781249943, -74.194726562499966 ], [ -61.718261718749943, -74.228125 ], [ -61.842773437499943, -74.28964843749992 ], [ -61.331787109375, -74.32861328125 ], [ -61.12060546875, -74.306933593749989 ], [ -60.78369140625, -74.241015624999989 ], [ -60.704296875000011, -74.307128906249943 ], [ -60.838476562499977, -74.372949218750023 ], [ -61.010791015624989, -74.478320312499989 ], [ -61.370166015624932, -74.51181640624992 ], [ -61.63999023437492, -74.513574218750023 ], [ -61.994531250000023, -74.475781250000011 ], [ -62.0888671875, -74.452832031249955 ], [ -62.235302734374955, -74.441308593750023 ], [ -62.225683593749977, -74.505566406249955 ], [ -62.132714843750023, -74.55 ], [ -62.064228612717386, -74.596873772878837 ], [ -71.833698872361879, -73.390323257038901 ], [ -71.845016262368631, -73.388925535116613 ] ] ], [ [ [ -67.491551986117983, -67.597991868743847 ], [ -67.417675781249955, -67.590625 ], [ -67.246728515624966, -67.59873046874992 ], [ -67.174902343749977, -67.62451171875 ], [ -67.149414062499943, -67.650195312499989 ], [ -67.279687500000023, -67.711914062499943 ], [ -67.299707031250023, -67.737207031249966 ], [ -67.348925781249989, -67.76621093749992 ], [ -67.544531249999977, -67.785253906249977 ], [ -67.647099674804679, -67.770245534378958 ], [ -67.591405128194765, -67.708569337899036 ], [ -67.491551986117983, -67.597991868743847 ] ] ], [ [ [ -63.219384765624966, -64.729785156250045 ], [ -63.17724609375, -64.73876953125 ], [ -63.25693359374992, -64.790820312500045 ], [ -63.316210937499989, -64.861132812500045 ], [ -63.437711900175252, -64.89600808882345 ], [ -63.309572983887051, -64.767878557938943 ], [ -63.219384765624966, -64.729785156250045 ] ] ], [ [ [ -62.92095219917428, -64.523501545494426 ], [ -62.836523437499977, -64.571875 ], [ -63.025585937500011, -64.610937499999977 ], [ -63.202587890625011, -64.680273437499977 ], [ -63.242079070565467, -64.700389588139913 ], [ -63.124989387103739, -64.583308480792084 ], [ -62.92095219917428, -64.523501545494426 ] ] ], [ [ [ -62.175687758163519, -64.305051258782143 ], [ -62.185693359374966, -64.368847656249955 ], [ -62.303710937499943, -64.4013671875 ], [ -62.32578124999992, -64.424414062499977 ], [ -62.395898437500023, -64.464648437500045 ], [ -62.455175781249977, -64.471679687499943 ], [ -62.508105468749932, -64.4541015625 ], [ -62.579687499999977, -64.51425781249992 ], [ -62.727001953124955, -64.495996093750023 ], [ -62.775644219555829, -64.480909187584274 ], [ -62.608386266537281, -64.43188290136797 ], [ -62.175687758163519, -64.305051258782143 ] ] ], [ [ [ -60.653613799183667, -63.86225382239207 ], [ -60.653125, -63.866601562500023 ], [ -60.77768554687492, -63.902148437499989 ], [ -60.793241910336143, -63.899831748493362 ], [ -60.708302375385017, -63.874934457354513 ], [ -60.653613799183667, -63.86225382239207 ] ] ], [ [ [ -57.34375, -63.878515624999977 ], [ -57.616357421874966, -63.853613281249977 ], [ -57.683251953125023, -63.812695312499955 ], [ -57.439355468749966, -63.791406250000023 ], [ -57.374169921875023, -63.80722656249992 ], [ -57.36020507812492, -63.824804687499977 ], [ -57.179807681348933, -63.816586731144334 ], [ -57.338618714292139, -63.877972742280129 ], [ -57.34375, -63.878515624999977 ] ] ], [ [ [ -57.710058593749977, -64.01513671875 ], [ -57.592919921875023, -63.967089843749989 ], [ -57.565779990357633, -63.965778509699099 ], [ -57.719694540854427, -64.025271859346503 ], [ -57.710058593749977, -64.01513671875 ] ] ], [ [ [ -58.162207031249977, -64.16074218749992 ], [ -58.14707031249992, -64.097363281249955 ], [ -58.250439453125011, -64.106835937500023 ], [ -58.352001953125011, -64.130664062499989 ], [ -58.397607421874966, -64.134765624999943 ], [ -58.438085937499977, -64.113476562499955 ], [ -58.424951171874966, -64.067773437499966 ], [ -58.34189453124992, -63.994335937499955 ], [ -58.274804687500023, -63.916210937500011 ], [ -58.145654296875023, -63.877636718749955 ], [ -58.070361328124932, -63.847460937500045 ], [ -57.970703125, -63.834667968750011 ], [ -57.925683593750023, -63.806054687499966 ], [ -57.831347656249989, -63.80380859374992 ], [ -57.779492187500011, -63.86826171874992 ], [ -57.780664062499966, -63.906835937499977 ], [ -57.826953124999989, -63.94921875 ], [ -57.845996093749989, -64.053906250000011 ], [ -57.819139064870548, -64.063710641246686 ], [ -58.146318587250029, -64.190176954272758 ], [ -58.162207031249977, -64.16074218749992 ] ] ] ] } },
{ "type": "Feature", "properties": { "NAME": "Adelaide Island", "FEATURECLA": "Island", "SCALERANK": 5 }, "geometry": { "type": "Polygon", "coordinates": [ [ [ -67.800099250385017, -66.627864144854556 ], [ -67.693561352998174, -66.67753743951117 ], [ -67.68115234375, -66.708984375 ], [ -67.740820312499977, -66.746191406249977 ], [ -67.932373046874943, -66.844531249999989 ], [ -67.969189453124955, -66.982128906249955 ], [ -67.968408203125023, -67.032226562499943 ], [ -67.948925781250011, -67.044824218749966 ], [ -67.87607421874992, -67.062402343749966 ], [ -67.827783203125023, -67.081933593749966 ], [ -67.779758476699129, -67.111508938469697 ], [ -67.759816047259989, -67.141413949542056 ], [ -67.788810046568656, -67.1926005037583 ], [ -67.848046874999966, -67.219140625000023 ], [ -67.956347656249932, -67.255371093749943 ], [ -68.030078124999932, -67.3 ], [ -68.17514648437492, -67.344140625000023 ], [ -68.235107421875, -67.371972656249966 ], [ -68.144433593749966, -67.382421874999977 ], [ -68.006982421875023, -67.417968749999943 ], [ -67.969482421874943, -67.450292968749977 ], [ -67.981024359385998, -67.464950339265258 ], [ -68.190900998204441, -67.554308656814015 ], [ -68.250390624999966, -67.539648437499977 ], [ -68.325097656250023, -67.532421875000011 ], [ -68.381298828125011, -67.555371093749955 ], [ -68.439404296875011, -67.65625 ], [ -68.451115199230287, -67.665098992207547 ], [ -68.474903937884989, -67.675227426104513 ], [ -68.847584601947489, -67.735652230792056 ], [ -69.122341906153778, -67.57090465382872 ], [ -69.138037109374977, -67.515234374999977 ], [ -69.132666015624977, -67.45263671875 ], [ -69.082421875000023, -67.403125 ], [ -68.81992187499992, -67.233593749999955 ], [ -68.733593750000011, -67.157226562499943 ], [ -68.685509948832177, -67.103185476231687 ], [ -68.245533820697489, -66.771296762042056 ], [ -67.800099250385017, -66.627864144854556 ] ] ] } },
{ "type": "Feature", "properties": { "NAME": "Queen Maude Mountains", "FEATURECLA": "Range/mtn", "SCALERANK": 2 }, "geometry": { "type": "Polygon", "coordinates": [ [ [ -148.874991294452457, -86.45818641047957 ], [ -150.2916172710149, -87.041560433917084 ], [ -155.2499912944524, -87.083186410479527 ], [ -161.66667830617115, -86.624934457354527 ], [ -166.1249912944524, -86.583186410479541 ], [ -169.95830428273365, -86.124934457354527 ], [ -177.10332381398365, -85.46941687922957 ], [ -179.999989387103795, -85.618708871417013 ], [ -179.999989387103795, -84.351562407330618 ], [ -178.389501953124949, -84.3375 ], [ -178.069042968749955, -84.352343749999989 ], [ -177.730419921874983, -84.395214843750011 ], [ -176.985546875000011, -84.399316406249966 ], [ -176.289013671874955, -84.418359375000023 ], [ -176.107373046874983, -84.475292968750011 ], [ -175.874609375, -84.51035156249992 ], [ -175.381005859374966, -84.479785156249989 ], [ -174.986718749999937, -84.46542968749992 ], [ -174.665323482956637, -84.462713397890198 ], [ -171.124989387103767, -84.583184503130909 ], [ -171.124991294452371, -84.583186410479584 ], [ -169.95830428273365, -84.624934457354556 ], [ -169.694112515245052, -84.638655441379001 ], [ -168.265042387549386, -84.712875196893307 ], [ -168.048583984375, -84.728613281249977 ], [ -167.492187499999972, -84.833691406250011 ], [ -166.911083984374983, -84.819238281249966 ], [ -165.348573967369191, -84.856241719515666 ], [ -164.041678306171121, -84.916560433917056 ], [ -160.718990421813658, -84.992112521308343 ], [ -159.323630548047987, -85.067303050855344 ], [ -159.170478961409572, -85.077116625329694 ], [ -157.1249912944524, -85.208186410479556 ], [ -154.926411740080596, -85.316207062609777 ], [ -150.2900303569524, -85.54400184016707 ], [ -148.874991294452457, -86.45818641047957 ] ] ] } },
{ "type": "Feature", "properties": { "NAME": "Gould Coast", "FEATURECLA": "Coast", "SCALERANK": 3 }, "geometry": { "type": "MultiPolygon", "coordinates": [ [ [ [ -163.899169921875, -84.352636718749977 ], [ -163.765185546874989, -84.324218749999943 ], [ -163.75761718749996, -84.305468750000045 ], [ -163.821386718749977, -84.29052734375 ], [ -164.032128906250023, -84.27402343749992 ], [ -164.528320312499943, -84.191015624999977 ], [ -164.685058593749972, -84.154589843750045 ], [ -164.602832031249932, -84.096679687499943 ], [ -164.502539062500006, -84.071582031249989 ], [ -164.123925781249966, -84.053515625000045 ], [ -164.011328124999949, -84.015625 ], [ -164.082910156249966, -83.946093749999989 ], [ -164.950878906249955, -83.805859375000011 ], [ -165.536328124999955, -83.756640625000045 ], [ -165.721194460175269, -83.772752613675024 ], [ -165.749991294452371, -83.35589148860457 ], [ -164.676138755389843, -83.447322152667056 ], [ -164.542582653275844, -83.440743972285247 ], [ -164.445556640624943, -83.467675781249966 ], [ -164.058398437499932, -83.424707031250023 ], [ -163.987194437029899, -83.413388847281055 ], [ -162.855769140550535, -83.357661556869161 ], [ -162.574169921874983, -83.41064453125 ], [ -162.197265624999943, -83.518945312500023 ], [ -160.594726562499972, -83.489550781249989 ], [ -159.923535156250011, -83.494726562499977 ], [ -159.444384765624989, -83.543164062499955 ], [ -157.699267578125017, -83.38125 ], [ -157.428466796875, -83.346386718749955 ], [ -157.346655950317512, -83.32351636998041 ], [ -158.03854474627073, -84.784685015761596 ], [ -158.303417968749983, -84.778027343750011 ], [ -163.344114834019422, -84.539336470292369 ], [ -164.165795283347762, -84.357415331648767 ], [ -163.899169921875, -84.352636718749977 ] ] ], [ [ [ -157.290801398640355, -83.205559669261788 ], [ -157.355810546875034, -83.198437500000011 ], [ -157.589208984374977, -83.187402343749966 ], [ -157.672777781297356, -83.133798994290842 ], [ -157.2484043803899, -83.116023324542056 ], [ -157.290801398640355, -83.205559669261788 ] ] ] ] } },
{ "type": "Feature", "properties": { "NAME": "Rockefeller Plateau", "FEATURECLA": "Plateau", "SCALERANK": 2 }, "geometry": { "type": "Polygon", "coordinates": [ [ [ -134.958424445697517, -84.625178597979527 ], [ -141.541737433978767, -84.541804574542084 ], [ -145.708424445697517, -83.875178597979584 ], [ -146.708424445697517, -82.541804574542041 ], [ -146.791737433978824, -80.458552621417084 ], [ -145.375050422260045, -78.708552621417084 ], [ -143.458424445697517, -77.958552621417056 ], [ -140.458424445697517, -77.541804574542056 ], [ -137.541737433978767, -76.958552621417084 ], [ -135.041737433978739, -77.125176690630923 ], [ -135.041737433978739, -77.125178597979584 ], [ -130.625050422260045, -77.291804574542027 ], [ -127.541737433978724, -78.12517859797957 ], [ -125.541737433978767, -80.041804574542098 ], [ -125.79173743397871, -82.62517859797957 ], [ -127.625050422260031, -83.875178597979584 ], [ -130.458424445697517, -84.541804574542084 ], [ -134.958424445697517, -84.625178597979527 ] ] ] } },
{ "type": "Feature", "properties": { "NAME": "Roosevelt Island", "FEATURECLA": "Island", "SCALERANK": 5 }, "geometry": { "type": "Polygon", "coordinates": [ [ [ -160.302099609374949, -79.844531249999989 ], [ -160.806689453124989, -79.812011718749943 ], [ -161.270143129599887, -79.76452294452227 ], [ -164.094495534427807, -79.355810305402542 ], [ -164.22578125000004, -79.320800781249943 ], [ -164.244582943079365, -79.295457939704178 ], [ -164.21343320042601, -79.077455348367323 ], [ -164.199511718750017, -79.050781249999943 ], [ -164.163042809410427, -79.02343558596715 ], [ -164.055286361562054, -78.98028477602935 ], [ -163.814648437500011, -78.928808593749977 ], [ -163.660253906250006, -78.855761718749989 ], [ -163.345312499999977, -78.779882812499977 ], [ -163.256103515625, -78.722070312500023 ], [ -163.124121093749949, -78.719140624999966 ], [ -162.872753906249983, -78.725195312499977 ], [ -162.621582031249972, -78.741796874999977 ], [ -162.390039062499966, -78.760156249999966 ], [ -162.16069335937496, -78.79345703125 ], [ -161.64296875, -78.900976562499977 ], [ -161.283447265624943, -79.007031250000011 ], [ -160.764404296874972, -79.131640624999989 ], [ -160.249609375, -79.271484374999943 ], [ -159.963525390624966, -79.324316406249977 ], [ -159.684082031249972, -79.402441406249977 ], [ -159.418798828125034, -79.508105468750045 ], [ -159.366406250000011, -79.545214843750045 ], [ -159.256103515625, -79.591015624999955 ], [ -159.189697265624972, -79.637304687499977 ], [ -159.11875, -79.674511718750011 ], [ -159.063250359749048, -79.691000742302819 ], [ -159.041617271014928, -79.708308480792013 ], [ -159.296990026505625, -79.814672231003755 ], [ -160.302099609374949, -79.844531249999989 ] ] ] } },
{ "type": "Feature", "properties": { "NAME": "Marie Byrd Land", "FEATURECLA": "Geoarea", "SCALERANK": 2 }, "geometry": { "type": "MultiPolygon", "coordinates": [ [ [ [ -103.12498938710371, -76.30718543391707 ], [ -103.12498938710371, -79.874932550005937 ], [ -103.12498938710371, -79.874934457354527 ], [ -103.12498938710371, -82.307550676279078 ], [ -103.12498938710371, -84.604053947066191 ], [ -103.12498938710371, -84.791560433917084 ], [ -115.238415245411076, -84.791560433917084 ], [ -157.765008567322809, -84.791560433917084 ], [ -158.03854474627073, -84.784685015761596 ], [ -157.346655950317512, -83.32351636998041 ], [ -157.027783203124983, -83.234375 ], [ -157.290801398640355, -83.205559669261788 ], [ -157.2484043803899, -83.116023324542056 ], [ -156.944608324772503, -83.071566885945515 ], [ -156.037011718749937, -83.026855468749943 ], [ -155.459423828124955, -82.980761718750045 ], [ -155.150244140625006, -82.8583984375 ], [ -154.78518789032475, -82.80642587430691 ], [ -154.2454746928899, -82.767878793292098 ], [ -153.5491856303899, -82.637263558917041 ], [ -152.896353599139843, -82.463191293292113 ], [ -153.8102940288274, -82.158503793292113 ], [ -154.68071639210865, -81.940974496417113 ], [ -154.698108217548111, -81.935408448838743 ], [ -154.451464843749932, -81.867578125000023 ], [ -154.1884765625, -81.810546874999943 ], [ -154.061376953124977, -81.765429687499989 ], [ -153.956640624999949, -81.700195312499943 ], [ -154.232080078125023, -81.623242187500011 ], [ -154.48515624999996, -81.566210937499989 ], [ -154.9078125, -81.510351562499977 ], [ -156.425405558606201, -81.382607409304526 ], [ -156.852211500207659, -81.246013226827444 ], [ -156.845027409516035, -81.243099580344378 ], [ -155.99541074497634, -81.136934732422787 ], [ -155.921142578124943, -81.13339843749992 ], [ -152.034765625, -81.029003906250011 ], [ -148.122753906249983, -80.900781249999966 ], [ -148.0234375, -80.835742187500045 ], [ -148.542968749999972, -80.760058593749989 ], [ -148.984179687499989, -80.741503906250045 ], [ -149.147167968749955, -80.718652343750023 ], [ -149.207421875, -80.670410156249943 ], [ -149.214062500000011, -80.604199218749955 ], [ -149.264404296874943, -80.593066406249989 ], [ -149.428613281250023, -80.586230468750045 ], [ -149.626229417889789, -80.564962855958612 ], [ -150.536349822387564, -80.313907299944745 ], [ -150.482052990885762, -80.258549539425445 ], [ -149.705073758994644, -80.111535161773148 ], [ -149.57763671875, -80.105957031249943 ], [ -148.766064453124955, -80.108105468749955 ], [ -148.447998046875, -80.090527343750011 ], [ -148.317138671874972, -80.070996093749955 ], [ -148.339794921874983, -80.002734374999989 ], [ -148.430273437500006, -79.971289062499977 ], [ -148.433496093749966, -79.929492187499989 ], [ -148.296435546874932, -79.906542968750045 ], [ -148.129296875, -79.90771484375 ], [ -148.082958984374955, -79.856738281249989 ], [ -148.176513671875, -79.775878906249943 ], [ -148.41748046875, -79.731445312499943 ], [ -148.810641449023592, -79.685233831648262 ], [ -148.8054112163274, -79.677912972979527 ], [ -151.443010658590708, -79.37224000628818 ], [ -151.636132812499966, -79.317675781250045 ], [ -151.903564453125, -79.280566406250045 ], [ -152.09140625, -79.241601562500023 ], [ -152.053417968749983, -79.192773437500023 ], [ -152.1376953125, -79.115917968749955 ], [ -152.243505859374977, -79.102734374999955 ], [ -152.701367187500011, -79.13486328124992 ], [ -153.517578124999943, -79.117285156249977 ], [ -153.839097882228799, -79.094556034125901 ], [ -155.3749912944524, -78.916560433917084 ], [ -156.352872335984671, -78.601199927389928 ], [ -156.207910156249937, -78.558691406249977 ], [ -155.919775390624949, -78.510351562499977 ], [ -154.71640625, -78.398144531250011 ], [ -154.537646484375017, -78.358886718749943 ], [ -154.293017578124989, -78.259082031250045 ], [ -154.695068359375, -78.216992187499955 ], [ -155.036621093749972, -78.220800781249977 ], [ -155.341503906249983, -78.191992187499977 ], [ -156.569238281249994, -78.18613281249992 ], [ -157.266796875000011, -78.19980468749992 ], [ -157.848046874999937, -78.073925781249955 ], [ -158.285888671874972, -77.95078124999992 ], [ -158.406933593750011, -77.887792968749977 ], [ -158.500390624999966, -77.778320312499943 ], [ -158.351416015625006, -77.614843749999977 ], [ -158.229980468749943, -77.497656249999977 ], [ -158.246484374999937, -77.354296874999989 ], [ -158.213574218749983, -77.157128906249966 ], [ -158.003076171874994, -77.091210937499966 ], [ -157.842041015624972, -77.079199218749977 ], [ -157.46538085937496, -77.23125 ], [ -157.139306640624966, -77.242089843749966 ], [ -156.667675781249983, -77.212988281249977 ], [ -156.368212890624989, -77.134765624999943 ], [ -156.211230468749989, -77.105664062499955 ], [ -155.919580078124994, -77.098046875000023 ], [ -155.358837890624983, -77.13330078125 ], [ -155.101757812500011, -77.119531250000023 ], [ -154.81494140625, -77.126953124999943 ], [ -153.909960937499932, -77.226953124999966 ], [ -153.712597656249955, -77.274218750000045 ], [ -153.606103515624937, -77.310156249999977 ], [ -153.57304687499996, -77.363085937499989 ], [ -153.460595703124966, -77.416015624999943 ], [ -153.07695312499996, -77.44248046874992 ], [ -151.998388671874977, -77.41259765625 ], [ -151.718994140624972, -77.42587890624992 ], [ -150.956396484374949, -77.573535156249989 ], [ -150.305566406249966, -77.7314453125 ], [ -150.084326171875006, -77.77099609375 ], [ -149.71772460937504, -77.797460937499977 ], [ -149.588476562499977, -77.774218749999989 ], [ -149.474023437499937, -77.71484375 ], [ -149.1259765625, -77.642675781249977 ], [ -148.339941406250006, -77.551171874999966 ], [ -148.155712890624955, -77.462304687499966 ], [ -148.259814453124932, -77.41259765625 ], [ -148.559277343750011, -77.361328125 ], [ -148.744384765624972, -77.343261718749943 ], [ -148.843603515625034, -77.28369140625 ], [ -148.839013671874966, -77.202343749999955 ], [ -148.777490234374966, -77.125 ], [ -148.572412109374937, -77.10507812499992 ], [ -148.19633789062496, -77.211328125000023 ], [ -147.730224609374943, -77.309765625000011 ], [ -147.566406249999972, -77.325292968749977 ], [ -147.442285156249994, -77.320703124999966 ], [ -147.207226562499983, -77.285839843750011 ], [ -146.927587890624949, -77.25986328124992 ], [ -146.390625, -77.472460937499989 ], [ -146.073632812499966, -77.486718749999966 ], [ -145.677148437499937, -77.488085937499989 ], [ -145.60063476562496, -77.455273437499955 ], [ -145.649658203125, -77.398339843750023 ], [ -145.71381835937504, -77.338378906249943 ], [ -145.794287109374977, -77.329980468750023 ], [ -145.807958984375034, -77.273242187499989 ], [ -145.63457031249996, -77.221289062499977 ], [ -145.515722656250006, -77.199218749999943 ], [ -145.563183593749983, -77.16171874999992 ], [ -145.753125, -77.103320312500045 ], [ -145.86430664062496, -77.094140625000023 ], [ -145.966992187500011, -77.06875 ], [ -145.933935546875006, -77.029003906250011 ], [ -145.806347656249955, -77.012109375000023 ], [ -145.629248046874949, -76.95371093749992 ], [ -145.685693359374994, -76.884472656250011 ], [ -145.675683593749994, -76.796679687499989 ], [ -145.750488281249943, -76.749023437499943 ], [ -146.166455078124955, -76.657617187500023 ], [ -146.776660156249932, -76.507031249999955 ], [ -147.340429687499949, -76.438378906250023 ], [ -148.60107421875, -76.493261718749977 ], [ -149.045849609375011, -76.4580078125 ], [ -149.339648437500017, -76.418945312499943 ], [ -149.487203600189019, -76.393799329474575 ], [ -148.63139998585865, -76.283381722979613 ], [ -148.609290770096948, -76.238789329863863 ], [ -148.564528492435045, -76.14850765258646 ], [ -148.458984375, -76.117968749999989 ], [ -148.3203125, -76.1044921875 ], [ -147.860205078124977, -76.130859375 ], [ -146.817333984374955, -76.318066406250011 ], [ -146.597412109375, -76.337792968750023 ], [ -145.885742187499972, -76.42431640625 ], [ -145.686865234374949, -76.42880859374992 ], [ -145.442089843750011, -76.4091796875 ], [ -145.642333984374943, -76.325683593749943 ], [ -145.86040039062496, -76.2666015625 ], [ -146.383007812500011, -76.09970703124992 ], [ -146.323486328124972, -76.020312499999989 ], [ -145.987744140624955, -75.88876953124992 ], [ -145.105517578124989, -75.87890625 ], [ -144.721289062499977, -75.832128906249977 ], [ -144.220605468749937, -75.731445312499943 ], [ -143.574267578124989, -75.563574218749977 ], [ -143.022167968750011, -75.543457031249943 ], [ -142.329833984374943, -75.490917968750011 ], [ -142.094189453124955, -75.52978515625 ], [ -141.505712890624977, -75.690429687499943 ], [ -141.134619140624977, -75.745996093749966 ], [ -141.008984374999955, -75.750781249999989 ], [ -140.874316406249989, -75.745898437500045 ], [ -141.223339843750011, -75.5458984375 ], [ -140.998730468750011, -75.520019531249943 ], [ -140.709277343749989, -75.49765624999992 ], [ -140.470996093749932, -75.447265625 ], [ -140.29379882812492, -75.405859374999977 ], [ -139.691162109375, -75.212792968749966 ], [ -139.581244610308232, -75.202124825777616 ], [ -138.523060676166267, -75.18719031672957 ], [ -138.206740708013882, -75.108105229002817 ], [ -137.6181640625, -75.075585937500023 ], [ -137.090136718749989, -75.152636718749989 ], [ -136.649853515624955, -75.161718749999977 ], [ -136.549511718749955, -75.139453125000045 ], [ -136.461914062499943, -75.035839843750011 ], [ -136.227832031249989, -74.836035156249977 ], [ -136.030078124999932, -74.765332031249955 ], [ -135.362060546875, -74.6904296875 ], [ -134.840380859374932, -74.694140625000045 ], [ -134.465087890624943, -74.776171875000045 ], [ -134.117138671875011, -74.82968749999992 ], [ -133.796337890624955, -74.85458984374992 ], [ -133.474853515625, -74.851855468749989 ], [ -132.991650390624955, -74.80615234375 ], [ -132.351269531250011, -74.789355468750045 ], [ -132.049365234374932, -74.76572265624992 ], [ -131.70654296875, -74.810937500000023 ], [ -130.857470703124932, -74.825976562500045 ], [ -130.195605468749932, -74.890625 ], [ -129.790820312499989, -74.891406250000045 ], [ -129.238281249999943, -74.828906250000045 ], [ -128.940625, -74.820214843750023 ], [ -127.863378906249977, -74.71923828125 ], [ -127.020214843749955, -74.697851562499977 ], [ -126.383984375000011, -74.742578125000023 ], [ -125.353417968750023, -74.714648437500045 ], [ -124.312451171874955, -74.735742187499966 ], [ -123.889453124999932, -74.77304687499992 ], [ -121.543945312499943, -74.75 ], [ -119.677001953125, -74.654589843750045 ], [ -119.422216796874977, -74.62158203125 ], [ -119.022412109374955, -74.517871093749989 ], [ -118.802929687500011, -74.422265624999966 ], [ -118.655761718749943, -74.392773437500011 ], [ -118.342041015625, -74.381542968750011 ], [ -117.806201171874989, -74.40292968749992 ], [ -117.068310546874955, -74.473242187499977 ], [ -116.433007812500023, -74.447070312500045 ], [ -115.222607421874955, -74.48740234374992 ], [ -115.105175781249955, -74.455078125 ], [ -114.991015624999989, -74.275 ], [ -114.791015625, -73.988574218749989 ], [ -114.623730468750011, -73.90292968749992 ], [ -114.345947265625, -73.925 ], [ -113.508496093750011, -74.0888671875 ], [ -113.489404296875023, -74.158398437500011 ], [ -113.574658203124955, -74.207910156249966 ], [ -113.713574218749955, -74.227734374999955 ], [ -113.753271484374977, -74.36669921875 ], [ -113.640820312499955, -74.40634765624992 ], [ -113.454248046874966, -74.394238281250011 ], [ -113.332958984374955, -74.454199218749977 ], [ -113.597314453124966, -74.558789062499955 ], [ -113.783105468749966, -74.6181640625 ], [ -113.903466796875023, -74.644433593750023 ], [ -113.984765625000023, -74.842968749999955 ], [ -114.097216796874932, -74.909082031250023 ], [ -114.110449218749977, -74.981835937500023 ], [ -113.931835937500011, -74.981835937500023 ], [ -113.752539062499977, -74.9521484375 ], [ -113.593408203124966, -74.943652343750045 ], [ -113.091503906249955, -74.89169921874992 ], [ -112.170019531249977, -74.832226562500011 ], [ -111.868212890624989, -74.801171874999966 ], [ -111.696240234375011, -74.792187500000011 ], [ -111.584423828124955, -74.750878906250023 ], [ -111.738720703124955, -74.653417968749977 ], [ -111.788720703125023, -74.571679687500023 ], [ -111.69589843749992, -74.504101562500011 ], [ -111.722265624999977, -74.386621093749966 ], [ -111.806347656249955, -74.269726562499955 ], [ -111.62998046874992, -74.181445312500045 ], [ -111.466796875, -74.200781249999977 ], [ -111.205636718209632, -74.189213679171104 ], [ -111.155231917711561, -74.194678895341426 ], [ -111.019824218749989, -74.230468749999943 ], [ -110.770410156249966, -74.268945312499966 ], [ -110.533935546875, -74.288867187500045 ], [ -110.307080078124955, -74.36669921875 ], [ -110.229785156249932, -74.536328125000011 ], [ -110.300439453124966, -74.710644531250011 ], [ -110.531933593749955, -74.836328125000023 ], [ -110.967578124999989, -74.95126953124992 ], [ -111.463134765624943, -75.133398437499977 ], [ -111.358789062500023, -75.219921875000011 ], [ -111.104199218750011, -75.190820312500023 ], [ -109.989990234374943, -75.199121093749966 ], [ -109.272167968750011, -75.185058593749943 ], [ -108.822265625, -75.206640624999977 ], [ -108.254492187499977, -75.25253906249992 ], [ -107.804736328124989, -75.321582031250045 ], [ -107.266796875000011, -75.33447265625 ], [ -106.932128906249943, -75.309375 ], [ -106.618847656250011, -75.343945312499955 ], [ -105.399365234374955, -75.197656250000023 ], [ -104.901855468749943, -75.115136718749966 ], [ -104.617822265625023, -75.15625 ], [ -104.15966796875, -75.120703124999977 ], [ -103.901318359374955, -75.152539062499955 ], [ -103.424902343749977, -75.101269531250011 ], [ -103.12498938710371, -75.09529344148234 ], [ -103.12498938710371, -76.307147734483635 ], [ -103.12498938710371, -76.30718543391707 ] ] ], [ [ [ -131.559619140624989, -74.367285156249977 ], [ -131.23388671875, -74.413574218749943 ], [ -130.981103515625023, -74.4140625 ], [ -130.956787109375, -74.45625 ], [ -130.967285156249943, -74.515039062500023 ], [ -131.066699218749932, -74.583789062499989 ], [ -131.178906249999955, -74.604785156250045 ], [ -131.597949218749989, -74.5537109375 ], [ -131.840869140624989, -74.542578124999977 ], [ -131.95249023437492, -74.514355468750011 ], [ -132.025097656249955, -74.488671874999966 ], [ -132.04931640625, -74.4638671875 ], [ -132.162646484374932, -74.425781249999943 ], [ -131.937792968749932, -74.34912109375 ], [ -131.880333362149884, -74.340821016722984 ], [ -131.585546307720421, -74.339007651060825 ], [ -131.559619140624989, -74.367285156249977 ] ] ], [ [ [ -127.267626953124932, -73.304003906250045 ], [ -127.123535156249943, -73.294335937500023 ], [ -126.977832031249932, -73.308007812499966 ], [ -126.829980468750023, -73.290820312500045 ], [ -126.596875, -73.27890624999992 ], [ -126.329882812499932, -73.286230468749977 ], [ -126.06528320312492, -73.314843750000023 ], [ -125.975878906249932, -73.356835937499966 ], [ -125.856640624999955, -73.388281249999977 ], [ -125.735791015624955, -73.405664062499966 ], [ -125.626806640624977, -73.453222656249977 ], [ -125.561328124999932, -73.536425781250045 ], [ -125.503906249999943, -73.5625 ], [ -125.326171875, -73.617871093749955 ], [ -125.263964843749932, -73.666406249999966 ], [ -125.276074218750011, -73.69052734374992 ], [ -125.612402343749977, -73.710742187500045 ], [ -125.723193359374989, -73.70273437499992 ], [ -125.828417968749989, -73.71835937499992 ], [ -125.859912109374932, -73.748632812499977 ], [ -125.857031249999977, -73.780175781249966 ], [ -125.798583984374943, -73.801953124999955 ], [ -125.674414062499977, -73.822167968750023 ], [ -125.552392578124966, -73.820117187500045 ], [ -125.326855468749955, -73.795507812499977 ], [ -125.224414062499932, -73.80078125 ], [ -125.108789062500023, -73.825976562499989 ], [ -124.993408203124943, -73.829785156249955 ], [ -124.694384765624989, -73.749609374999977 ], [ -124.617480468749932, -73.735253906249966 ], [ -124.539990234374955, -73.73974609375 ], [ -124.128515624999977, -73.833984375 ], [ -124.042041015624932, -73.880371093749943 ], [ -124.100537109374955, -73.90683593749992 ], [ -124.151806640625011, -73.944238281250023 ], [ -124.129345703124955, -73.971093749999966 ], [ -123.932324218749955, -74.008007812499955 ], [ -123.851171874999977, -74.057031249999966 ], [ -123.800439453125023, -74.076269531249977 ], [ -123.811035156249943, -74.117382812500011 ], [ -123.838769531250023, -74.168261718749989 ], [ -123.836718749999932, -74.225683593749977 ], [ -123.937402343750023, -74.256152343750045 ], [ -123.982470703124989, -74.256054687500011 ], [ -124.199414062499955, -74.225585937499943 ], [ -124.872998046874955, -74.208300781249989 ], [ -125.089550781250011, -74.182421875000045 ], [ -125.420800781250023, -74.06992187499992 ], [ -125.54931640625, -74.062695312500011 ], [ -125.682714843749977, -74.035449218750045 ], [ -125.886865234375023, -73.95458984375 ], [ -126.244091796874955, -73.890917968749989 ], [ -126.471679687499943, -73.81210937499992 ], [ -126.465576171874943, -73.746289062500011 ], [ -126.496093749999943, -73.700195312499943 ], [ -126.538378906249932, -73.680175781249943 ], [ -126.582666015625023, -73.669921875 ], [ -126.710937499999943, -73.653613281250045 ], [ -126.83823242187492, -73.65732421874992 ], [ -126.901660156249989, -73.676757812499943 ], [ -127.006396484374989, -73.725781250000011 ], [ -127.122070312499943, -73.734179687500045 ], [ -127.211621093749955, -73.724414062499989 ], [ -127.231640624999955, -73.713476562499977 ], [ -127.232910156249943, -73.58554687499992 ], [ -127.33203125, -73.567480468749977 ], [ -127.414355468749989, -73.516308593749955 ], [ -127.429052734374977, -73.446875 ], [ -127.410929559381799, -73.413126640378351 ], [ -127.365192526417289, -73.36423513877962 ], [ -127.267626953124932, -73.304003906250045 ] ] ], [ [ [ -120.378125, -73.855859375000023 ], [ -120.312304687499932, -73.92197265624992 ], [ -120.2724609375, -73.989160156250023 ], [ -120.989501953124943, -74.157031250000045 ], [ -121.019042968749943, -74.173437499999977 ], [ -121.054101562499966, -74.259960937500011 ], [ -121.036425781249932, -74.279296874999943 ], [ -121.004687499999932, -74.292871093749966 ], [ -121.002441406249943, -74.326367187499955 ], [ -121.062402343749966, -74.337304687499966 ], [ -122.28662109375, -74.403125 ], [ -122.859082031250011, -74.342675781250023 ], [ -122.938427734375011, -74.302050781249989 ], [ -122.956054687499943, -74.24033203124992 ], [ -122.890625, -74.22705078125 ], [ -122.764746093749977, -74.218652343749966 ], [ -122.794189453125, -74.1904296875 ], [ -122.875244140625, -74.141210937499977 ], [ -122.880761718749966, -74.099023437500023 ], [ -122.710009765624989, -73.993652343749943 ], [ -122.624707031249955, -73.965527343750011 ], [ -122.951171874999943, -73.866601562500023 ], [ -122.991552734374977, -73.844140624999966 ], [ -123.03466796875, -73.837597656249955 ], [ -123.190820312500023, -73.849316406249955 ], [ -123.346191406249943, -73.843066406249989 ], [ -123.291796874999989, -73.803027343750045 ], [ -123.249072265624989, -73.738671874999966 ], [ -123.112158203124977, -73.68222656249992 ], [ -123.0125, -73.672949218749977 ], [ -122.910449218749989, -73.679687499999943 ], [ -122.435693359374966, -73.681640625 ], [ -121.966699218750023, -73.711816406250023 ], [ -121.497314453124943, -73.732812500000023 ], [ -120.890731808544075, -73.747791736277932 ], [ -120.501564692463745, -73.786695249069069 ], [ -120.378125, -73.855859375000023 ] ] ], [ [ [ -118.909814453125023, -73.834277343749989 ], [ -118.877343749999966, -73.87802734374992 ], [ -118.989794921874989, -73.966992187500011 ], [ -119.058593749999943, -73.997656249999977 ], [ -119.448535156249989, -74.076171875 ], [ -119.54892578124992, -74.110253906249966 ], [ -119.758349609374989, -74.1220703125 ], [ -119.820996093749955, -74.119628906249943 ], [ -119.887207031249943, -74.09726562499992 ], [ -119.90512695312492, -74.08154296875 ], [ -119.796679687499989, -74.029199218750023 ], [ -119.69375, -74.006152343749989 ], [ -119.661572265624955, -73.989355468749977 ], [ -119.80258789062492, -73.814648437500011 ], [ -119.669042968749977, -73.809277343749955 ], [ -119.657729168160273, -73.80673020092452 ], [ -118.95005080368486, -73.814099588484069 ], [ -118.909814453125023, -73.834277343749989 ] ] ], [ [ [ -116.381298828124955, -73.865527343750045 ], [ -116.202685546874989, -73.895605468749977 ], [ -116.154980468749955, -73.910449218750045 ], [ -116.451416015624943, -74.017675781249977 ], [ -116.584570312499977, -74.055566406250023 ], [ -116.608642578125, -74.068554687500011 ], [ -116.5341796875, -74.083300781249989 ], [ -116.514111328125011, -74.095507812499989 ], [ -116.570898437499977, -74.125683593750011 ], [ -116.73862304687492, -74.165039062499943 ], [ -117.23032226562492, -74.192773437500023 ], [ -117.362988281250011, -74.160937499999989 ], [ -117.39829101562492, -74.122460937499966 ], [ -117.37646484375, -74.082812499999989 ], [ -116.381298828124955, -73.865527343750045 ] ] ], [ [ [ -127.48642578124992, -74.405273437499943 ], [ -127.229736328124943, -74.425195312500023 ], [ -127.145166015625023, -74.480175781249955 ], [ -127.231933593749943, -74.578417968749989 ], [ -127.36582031249992, -74.62265624999992 ], [ -127.517724609374966, -74.640527343750023 ], [ -127.817089843749955, -74.574609375000023 ], [ -127.915234374999955, -74.542578124999977 ], [ -128.000048828124932, -74.489453124999955 ], [ -128.070458984374966, -74.478222656250011 ], [ -128.096240234374989, -74.466210937500023 ], [ -128.133447265625023, -74.327441406249989 ], [ -128.042871093750023, -74.312207031250011 ], [ -127.852978515625011, -74.331835937499989 ], [ -127.48642578124992, -74.405273437499943 ] ] ], [ [ [ -132.391259765624966, -74.441894531249943 ], [ -132.546289062500023, -74.498437500000023 ], [ -132.857177734374943, -74.461718749999989 ], [ -132.831689453124966, -74.421582031250011 ], [ -132.552490234374943, -74.386621093749966 ], [ -132.3623046875, -74.409960937500045 ], [ -132.391259765624966, -74.441894531249943 ] ] ], [ [ [ -146.042773437499989, -75.61191406249992 ], [ -146.150830078124983, -75.573535156250045 ], [ -146.07573242187496, -75.533398437500011 ], [ -145.8955078125, -75.504785156249966 ], [ -145.760791015625017, -75.513867187499955 ], [ -145.417382812499937, -75.587988281249977 ], [ -145.315429687499943, -75.641406249999989 ], [ -145.25224609374996, -75.682812500000011 ], [ -145.238085937500017, -75.711230468749989 ], [ -145.348388671875, -75.716113281250045 ], [ -145.541162109374937, -75.692675781250045 ], [ -146.042773437499989, -75.61191406249992 ] ] ], [ [ [ -147.418066406249949, -76.073437500000011 ], [ -147.360644531249989, -76.062792968750045 ], [ -146.94902343749996, -76.098144531249943 ], [ -146.690136718749983, -76.246386718750045 ], [ -146.894482421874955, -76.260937500000011 ], [ -147.15092773437496, -76.197460937499955 ], [ -147.345410156249983, -76.146679687500011 ], [ -147.407763671874989, -76.104589843749977 ], [ -147.4208984375, -76.090234374999966 ], [ -147.418066406249949, -76.073437500000011 ] ] ], [ [ [ -147.135302734374989, -76.531542968749989 ], [ -146.947460937500011, -76.554980468750045 ], [ -146.877880859374955, -76.563281250000045 ], [ -146.7900390625, -76.633105468750045 ], [ -146.9078125, -76.714062499999955 ], [ -147.221337890624937, -76.670898437499943 ], [ -147.355322265624949, -76.618847656250011 ], [ -147.27861328124996, -76.552539062499989 ], [ -147.135302734374989, -76.531542968749989 ] ] ], [ [ [ -150.084765624999932, -76.735156249999989 ], [ -150.232519531250006, -76.776464843749977 ], [ -150.655175781249966, -76.788964843750023 ], [ -150.830468749999966, -76.761523437500045 ], [ -150.873535156249943, -76.736718750000023 ], [ -150.837646484375, -76.714160156250045 ], [ -150.177392578124966, -76.691308593750023 ], [ -150.103564453124932, -76.71884765624992 ], [ -150.084765624999932, -76.735156249999989 ] ] ], [ [ [ -149.333251953124943, -76.71738281249992 ], [ -148.927929687499983, -76.73007812499992 ], [ -148.66259765625, -76.720507812500045 ], [ -148.384179687499966, -76.744433593749989 ], [ -148.32080078125, -76.771679687499955 ], [ -148.370947265625006, -76.794921875 ], [ -148.66953125, -76.802050781250045 ], [ -148.814599609374966, -76.840722656250023 ], [ -148.98388671875, -76.845312499999977 ], [ -149.238476562500011, -76.817773437500023 ], [ -149.468945312499983, -76.757128906250045 ], [ -149.333251953124943, -76.71738281249992 ] ] ], [ [ [ -146.866503906249932, -76.837109374999955 ], [ -146.244384765624943, -76.883105468749989 ], [ -146.163964843749994, -76.948535156250045 ], [ -146.60673828124996, -76.961328124999966 ], [ -146.9814453125, -77.005664062500045 ], [ -147.07890624999996, -76.992773437499977 ], [ -147.044140624999983, -76.9296875 ], [ -147.101464843749937, -76.886523437499989 ], [ -147.115625, -76.866210937499943 ], [ -147.086669921874943, -76.837304687500023 ], [ -146.866503906249932, -76.837109374999955 ] ] ], [ [ [ -148.508935546874966, -76.95458984375 ], [ -148.439746093749989, -76.977148437499977 ], [ -148.474316406250011, -76.997753906250011 ], [ -148.595849609374994, -77.0068359375 ], [ -149.014648437499972, -77.01914062499992 ], [ -149.244824218749955, -76.993066406250023 ], [ -149.302539062499989, -76.915820312500045 ], [ -149.238085937499932, -76.900195312500045 ], [ -148.704101562499943, -76.935644531249977 ], [ -148.508935546874966, -76.95458984375 ] ] ], [ [ [ -149.505761718750023, -77.001660156250011 ], [ -149.441748046875034, -77.049218750000023 ], [ -149.416406250000023, -77.078906250000045 ], [ -149.288330078124943, -77.093164062500023 ], [ -149.230664062500011, -77.120507812499966 ], [ -149.29345703125, -77.136621093749966 ], [ -149.728613281250034, -77.12851562499992 ], [ -149.816894531249972, -77.114160156250023 ], [ -149.856347656249937, -77.099414062500045 ], [ -150.461816406249994, -77.07568359375 ], [ -150.735791015624955, -77.004296875000023 ], [ -150.788525390624955, -76.981640625000011 ], [ -150.680224609375017, -76.948437500000011 ], [ -150.475781250000011, -76.926074218750045 ], [ -150.393310546875, -76.898730468749989 ], [ -149.87060546875, -76.875 ], [ -149.789843749999989, -76.88925781249992 ], [ -149.742578124999937, -76.927050781249989 ], [ -149.505761718750023, -77.001660156250011 ] ] ], [ [ [ -147.649121093749955, -76.610839843749943 ], [ -147.58828125, -76.649804687500023 ], [ -147.578857421874943, -76.662792968750011 ], [ -147.729638671875023, -76.65341796874992 ], [ -147.954296874999955, -76.597167968749943 ], [ -148.001074218749977, -76.577148437499943 ], [ -147.899707031249932, -76.558007812500023 ], [ -147.769677734374994, -76.576855468749955 ], [ -147.649121093749955, -76.610839843749943 ] ] ], [ [ [ -151.511621093749994, -77.273339843750023 ], [ -151.218017578124972, -77.226464843749966 ], [ -151.021533203124989, -77.220019531249989 ], [ -150.499121093749977, -77.335058593749977 ], [ -150.35625, -77.349023437499966 ], [ -150.397070312499949, -77.369140625 ], [ -150.474853515625, -77.373730468749955 ], [ -151.344482421874972, -77.296289062499966 ], [ -151.511621093749994, -77.273339843750023 ] ] ], [ [ [ -149.662353515624943, -77.300976562499955 ], [ -149.518652343749977, -77.274707031250045 ], [ -149.375439453125011, -77.279980468749955 ], [ -149.249121093749949, -77.315039062499977 ], [ -149.218115234374949, -77.336328124999966 ], [ -148.928857421874994, -77.386816406249977 ], [ -149.438671875000011, -77.370605468749943 ], [ -149.662353515624943, -77.300976562499955 ] ] ] ] } },
{ "type": "Feature", "properties": { "NAME": "Edward VII Peninsula", "FEATURECLA": "Peninsula", "SCALERANK": 4 }, "geometry": { "type": "Polygon", "coordinates": [ [ [ -148.773537261705314, -78.744317578314821 ], [ -147.916676398822545, -79.708308480792013 ], [ -149.416678306171207, -79.583308480792027 ], [ -151.525142561381159, -79.349034674657631 ], [ -151.636132812499966, -79.317675781250045 ], [ -151.903564453125, -79.280566406250045 ], [ -152.09140625, -79.241601562500023 ], [ -152.053417968749983, -79.192773437500023 ], [ -152.1376953125, -79.115917968749955 ], [ -152.243505859374977, -79.102734374999955 ], [ -152.701367187500011, -79.13486328124992 ], [ -153.517578124999943, -79.117285156249977 ], [ -153.709840526599095, -79.103693594588322 ], [ -155.3749912944524, -78.916560433917084 ], [ -156.352871107917423, -78.601199567273085 ], [ -156.207910156249937, -78.558691406249977 ], [ -155.919775390624949, -78.510351562499977 ], [ -154.71640625, -78.398144531250011 ], [ -154.537646484375017, -78.358886718749943 ], [ -154.293017578124989, -78.259082031250045 ], [ -154.695068359375, -78.216992187499955 ], [ -155.036621093749972, -78.220800781249977 ], [ -155.341503906249983, -78.191992187499977 ], [ -156.569238281249994, -78.18613281249992 ], [ -157.266796875000011, -78.19980468749992 ], [ -157.848046874999937, -78.073925781249955 ], [ -158.285888671874972, -77.95078124999992 ], [ -158.406933593750011, -77.887792968749977 ], [ -158.500390624999966, -77.778320312499943 ], [ -158.351416015625006, -77.614843749999977 ], [ -158.229980468749943, -77.497656249999977 ], [ -158.246484374999937, -77.354296874999989 ], [ -158.213574218749983, -77.157128906249966 ], [ -158.003076171874994, -77.091210937499966 ], [ -157.842041015624972, -77.079199218749977 ], [ -157.46538085937496, -77.23125 ], [ -157.139306640624966, -77.242089843749966 ], [ -156.667675781249983, -77.212988281249977 ], [ -156.368212890624989, -77.134765624999943 ], [ -156.211230468749989, -77.105664062499955 ], [ -155.919580078124994, -77.098046875000023 ], [ -155.358837890624983, -77.13330078125 ], [ -155.101757812500011, -77.119531250000023 ], [ -154.81494140625, -77.126953124999943 ], [ -153.909960937499932, -77.226953124999966 ], [ -153.712597656249955, -77.274218750000045 ], [ -153.606103515624937, -77.310156249999977 ], [ -153.57304687499996, -77.363085937499989 ], [ -153.460595703124966, -77.416015624999943 ], [ -153.07695312499996, -77.44248046874992 ], [ -152.509826931304417, -77.426767614816256 ], [ -150.267190066536273, -77.73830579256358 ], [ -150.084326171875006, -77.77099609375 ], [ -149.975110286396131, -77.778880351865283 ], [ -149.583304282733621, -77.833308480792027 ], [ -149.208304282733593, -78.255193297905521 ], [ -148.773537261705314, -78.744317578314821 ] ] ] } },
{ "type": "Feature", "properties": { "NAME": "Ford Ranges", "FEATURECLA": "Range/mtn", "SCALERANK": 4 }, "geometry": { "type": "Polygon", "coordinates": [ [ [ -143.79167639882246, -77.291560433917056 ], [ -144.541676398822517, -78.208308480792041 ], [ -148.08330428273365, -78.999934457354527 ], [ -148.773537261705314, -78.744317578314821 ], [ -149.208304282733593, -78.583308480792056 ], [ -149.208304282733593, -78.255193297905521 ], [ -149.208304282733593, -78.041560433917084 ], [ -147.333302375385017, -77.624934457354527 ], [ -146.333858448434114, -77.475014208149588 ], [ -146.073632812499966, -77.486718749999966 ], [ -145.677148437499937, -77.488085937499989 ], [ -145.60063476562496, -77.455273437499955 ], [ -145.649658203125, -77.398339843750023 ], [ -145.673592615316323, -77.375971915157209 ], [ -145.666676398822545, -77.374934457354584 ], [ -145.602857939899167, -77.215399994128745 ], [ -145.515722656250006, -77.199218749999943 ], [ -145.563183593749983, -77.16171874999992 ], [ -145.579390558618343, -77.156735837408021 ], [ -145.333302375384989, -76.541560433917027 ], [ -145.208302375385017, -75.999934457354584 ], [ -144.333302375385017, -75.791558526568423 ], [ -144.333302375385017, -75.791560433917084 ], [ -143.333302375385017, -75.666560433917027 ], [ -143.499989387103767, -76.416560433917056 ], [ -143.79167639882246, -77.291560433917056 ] ] ] } },
{ "type": "Feature", "properties": { "NAME": "Marshall Archipelago", "FEATURECLA": "Island group", "SCALERANK": 5 }, "geometry": { "type": "MultiPolygon", "coordinates": [ [ [ [ -151.5908116069524, -77.110163949542056 ], [ -151.59080969960371, -77.110162042193465 ], [ -151.590809075023145, -77.110162513077142 ], [ -151.5908116069524, -77.110163949542056 ] ] ], [ [ [ -151.073660707502597, -76.816763523423205 ], [ -150.575674888202343, -76.534236215167056 ], [ -150.091788169452343, -76.708796762042084 ], [ -148.81145369679615, -76.611872933917056 ], [ -147.884022590228767, -76.558650277667056 ], [ -146.815846320697517, -76.580867074542056 ], [ -146.416615363666267, -76.627375863604613 ], [ -146.16289221913496, -77.058528207354613 ], [ -146.54167639882246, -77.12505652766707 ], [ -147.758229133197517, -77.461848519854613 ], [ -148.918875571796093, -77.384822152667056 ], [ -151.32915389210865, -77.307429574542098 ], [ -151.590809075023145, -77.110162513077142 ], [ -151.073660707502597, -76.816763523423205 ] ] ] ] } },
{ "type": "Feature", "properties": { "NAME": "Flood Range", "FEATURECLA": "Range/mtn", "SCALERANK": 4 }, "geometry": { "type": "Polygon", "coordinates": [ [ [ -133.916615363666267, -76.749934457354527 ], [ -136.249989387103767, -76.583308480792013 ], [ -136.541615363666267, -76.083308480792027 ], [ -135.91661536366621, -75.541560433917056 ], [ -135.08330237538496, -75.291560433917013 ], [ -133.083302375385017, -75.124934457354584 ], [ -130.999989387103767, -75.041558526568394 ], [ -130.999989387103767, -75.041560433917056 ], [ -130.999989387103767, -75.958308480792056 ], [ -131.291615363666267, -76.416560433917056 ], [ -133.916615363666267, -76.749934457354527 ] ] ] } },
{ "type": "Feature", "properties": { "NAME": "Siple Island", "FEATURECLA": "Island", "SCALERANK": 5 }, "geometry": { "type": "Polygon", "coordinates": [ [ [ -127.267626953124932, -73.304003906250045 ], [ -127.123535156249943, -73.294335937500023 ], [ -126.977832031249932, -73.308007812499966 ], [ -126.829980468750023, -73.290820312500045 ], [ -126.596875, -73.27890624999992 ], [ -126.55733535760973, -73.279990914659493 ], [ -126.171621078277155, -73.303344581363874 ], [ -126.06528320312492, -73.314843750000023 ], [ -125.975878906249932, -73.356835937499966 ], [ -125.856640624999955, -73.388281249999977 ], [ -125.735791015624955, -73.405664062499966 ], [ -125.626806640624977, -73.453222656249977 ], [ -125.561328124999932, -73.536425781250045 ], [ -125.503906249999943, -73.5625 ], [ -125.326171875, -73.617871093749955 ], [ -125.263964843749932, -73.666406249999966 ], [ -125.276074218750011, -73.69052734374992 ], [ -125.612402343749977, -73.710742187500045 ], [ -125.723193359374989, -73.70273437499992 ], [ -125.828417968749989, -73.71835937499992 ], [ -125.859912109374932, -73.748632812499977 ], [ -125.857031249999977, -73.780175781249966 ], [ -125.798583984374943, -73.801953124999955 ], [ -125.674414062499977, -73.822167968750023 ], [ -125.552392578124966, -73.820117187500045 ], [ -125.326855468749955, -73.795507812499977 ], [ -125.224414062499932, -73.80078125 ], [ -125.108789062500023, -73.825976562499989 ], [ -124.993408203124943, -73.829785156249955 ], [ -124.694384765624989, -73.749609374999977 ], [ -124.617480468749932, -73.735253906249966 ], [ -124.539990234374955, -73.73974609375 ], [ -124.128515624999977, -73.833984375 ], [ -124.042041015624932, -73.880371093749943 ], [ -124.100537109374955, -73.90683593749992 ], [ -124.151806640625011, -73.944238281250023 ], [ -124.129345703124955, -73.971093749999966 ], [ -123.932324218749955, -74.008007812499955 ], [ -123.851171874999977, -74.057031249999966 ], [ -123.845740917618272, -74.059090727582628 ], [ -123.813940401089354, -74.122712504617368 ], [ -123.838769531250023, -74.168261718749989 ], [ -123.836718749999932, -74.225683593749977 ], [ -123.937402343750023, -74.256152343750045 ], [ -123.982470703124989, -74.256054687500011 ], [ -124.199414062499955, -74.225585937499943 ], [ -124.433841155821199, -74.219570193314695 ], [ -125.180031901161712, -74.151692438048869 ], [ -125.420800781250023, -74.06992187499992 ], [ -125.54931640625, -74.062695312500011 ], [ -125.682714843749977, -74.035449218750045 ], [ -125.886865234375023, -73.95458984375 ], [ -126.244091796874955, -73.890917968749989 ], [ -126.471679687499943, -73.81210937499992 ], [ -126.465576171874943, -73.746289062500011 ], [ -126.496093749999943, -73.700195312499943 ], [ -126.538378906249932, -73.680175781249943 ], [ -126.582666015625023, -73.669921875 ], [ -126.710937499999943, -73.653613281250045 ], [ -126.83823242187492, -73.65732421874992 ], [ -126.901660156249989, -73.676757812499943 ], [ -127.006396484374989, -73.725781250000011 ], [ -127.037797857748956, -73.728061130211216 ], [ -127.231989949564777, -73.678275394813355 ], [ -127.232910156249943, -73.58554687499992 ], [ -127.33203125, -73.567480468749977 ], [ -127.414355468749989, -73.516308593749955 ], [ -127.429052734374977, -73.446875 ], [ -127.405074982371261, -73.402224446339048 ], [ -127.373411318371467, -73.369308936355949 ], [ -127.267626953124932, -73.304003906250045 ] ] ] } },
{ "type": "Feature", "properties": { "NAME": "Jones Mountains", "FEATURECLA": "Range/mtn", "SCALERANK": 5 }, "geometry": { "type": "Polygon", "coordinates": [ [ [ -93.270802375384989, -73.833430551104556 ], [ -94.27080237538496, -74.00005652766707 ], [ -95.062489387103767, -73.812556527667056 ], [ -95.083302375385017, -73.52093055110457 ], [ -94.568052753646541, -73.252948138960434 ], [ -94.246191406249977, -73.31298828125 ], [ -94.152300655344121, -73.30355713412763 ], [ -94.083302375385045, -73.31255652766707 ], [ -93.72911536366621, -73.250056527667041 ], [ -93.568220614949837, -73.207130311505594 ], [ -93.132132775536292, -73.182090382151856 ], [ -92.645802375385017, -73.208430551104584 ], [ -92.458302375385017, -73.31255652766707 ], [ -92.520802375385045, -73.729182504229541 ], [ -93.270802375384989, -73.833430551104556 ] ] ] } },
{ "type": "Feature", "properties": { "NAME": "King Peninsula", "FEATURECLA": "Peninsula", "SCALERANK": 5 }, "geometry": { "type": "Polygon", "coordinates": [ [ [ -100.454742085766171, -73.024733265924823 ], [ -100.258789062499943, -73.041308593749989 ], [ -100.078593323399602, -73.024655805306551 ], [ -98.172759818366004, -73.024263335474387 ], [ -98.014572134705773, -73.03308216104422 ], [ -99.255649203052059, -73.558185285999343 ], [ -99.527929687499977, -73.4951171875 ], [ -100.020800781249932, -73.402539062499955 ], [ -100.436376953124977, -73.353125 ], [ -101.189453125, -73.317871093749943 ], [ -101.573730468749943, -73.329589843749943 ], [ -101.815966796874932, -73.311230468750011 ], [ -102.033640987922652, -73.313680138513973 ], [ -102.056996223041224, -73.311579965167056 ], [ -103.173230322362514, -73.034090511009225 ], [ -103.237185771495675, -73.018191549777725 ], [ -103.2748992651034, -72.979221469921598 ], [ -103.231384334916015, -72.84236250435724 ], [ -103.207679254069049, -72.767807568169388 ], [ -103.147388198822014, -72.739002763232492 ], [ -102.401779058230147, -72.752334938509009 ], [ -102.362890624999977, -72.760156250000023 ], [ -102.272021484374932, -72.8349609375 ], [ -102.362939453124966, -72.911425781249989 ], [ -102.482031249999977, -72.951171874999943 ], [ -102.40927734374992, -72.98740234374992 ], [ -102.028857421874932, -72.99814453124992 ], [ -101.841503906249955, -73.020898437500023 ], [ -101.681201171874989, -73.029882812499977 ], [ -101.5671388704625, -73.018628027762446 ], [ -101.550282355853795, -73.024958871417013 ], [ -100.454742085766171, -73.024733265924823 ] ] ] } },
{ "type": "Feature", "properties": { "NAME": "Burke Island", "FEATURECLA": "Island", "SCALERANK": 6 }, "geometry": { "type": "Polygon", "coordinates": [ [ [ -104.98271232196808, -73.156439973781318 ], [ -105.052929687500011, -73.1259765625 ], [ -105.095806213048633, -73.065403077652874 ], [ -105.123300420990631, -72.986905121644583 ], [ -105.084570312499977, -72.96591796874992 ], [ -104.972412109374943, -72.941015624999977 ], [ -104.537939453124977, -73.166308593750045 ], [ -104.578917969084301, -73.181739283420768 ], [ -104.80241858632246, -73.201472543292084 ], [ -104.98271232196808, -73.156439973781318 ] ] ] } },
{ "type": "Feature", "properties": { "NAME": "Fletcher Peninsula", "FEATURECLA": "Peninsula", "SCALERANK": 5 }, "geometry": { "type": "Polygon", "coordinates": [ [ [ -88.331738281249955, -72.934375 ], [ -88.560742187500011, -73.12070312499992 ], [ -88.419384765624955, -73.229003906249943 ], [ -88.394925288817376, -73.227923255259128 ], [ -88.406910773822517, -73.270564340167041 ], [ -89.230275031634989, -73.111260675005923 ], [ -89.230275031634989, -73.111262582354598 ], [ -89.283906508221122, -72.856856170089145 ], [ -89.229394531249966, -72.825781249999977 ], [ -89.127148437500011, -72.693164062500045 ], [ -88.779980468749955, -72.683007812500023 ], [ -88.526904296874932, -72.702343749999955 ], [ -88.265962946365988, -72.769110433580906 ], [ -88.308864185734294, -72.921741335857575 ], [ -88.331738281249955, -72.934375 ] ] ] } },
{ "type": "Feature", "properties": { "NAME": "Farwell Island", "FEATURECLA": "Island", "SCALERANK": 5 }, "geometry": { "type": "Polygon", "coordinates": [ [ [ -91.497063667103774, -73.143630158602832 ], [ -91.486317512103767, -73.124568246417056 ], [ -91.487677894700042, -73.10828567480138 ], [ -91.450390625000011, -72.967871093749977 ], [ -91.356884765624955, -72.909472656250045 ], [ -91.382128906249932, -72.867871093750011 ], [ -91.515269758228854, -72.778035570788489 ], [ -91.530326933524776, -72.597814553733073 ], [ -91.531673382799895, -72.581698751598623 ], [ -91.303515624999932, -72.54736328125 ], [ -90.947412109375023, -72.556347656249955 ], [ -90.846085013529915, -72.595566497384567 ], [ -90.798395802074495, -72.624683702064942 ], [ -90.783360099852601, -72.648854808646902 ], [ -90.816606529607441, -72.760802574767894 ], [ -90.895361328124977, -72.823632812499966 ], [ -90.83949534445911, -72.837874059155766 ], [ -90.915978338698437, -73.095408489603599 ], [ -90.932014206485746, -73.103404130817296 ], [ -91.509449773475865, -73.190273153680977 ], [ -91.497063667103774, -73.143630158602832 ] ] ] } },
{ "type": "Feature", "properties": { "NAME": "Thurston Island", "FEATURECLA": "Island", "SCALERANK": 5 }, "geometry": { "type": "Polygon", "coordinates": [ [ [ -96.298193359374977, -72.045117187500011 ], [ -96.714941406249977, -72.131640625000045 ], [ -96.978906250000023, -72.221875 ], [ -96.890136718749943, -72.246972656250023 ], [ -96.798730468749966, -72.259472656249955 ], [ -96.717578124999989, -72.255468749999977 ], [ -96.482324218750023, -72.207617187499977 ], [ -95.906347656249977, -72.121972656250023 ], [ -95.68540039062492, -72.056640624999943 ], [ -95.609375, -72.068457031249977 ], [ -95.609521484375023, -72.175 ], [ -95.531054687499989, -72.248730468750011 ], [ -95.555861827170091, -72.3389432167574 ], [ -95.581166018729377, -72.410630189133869 ], [ -95.82568359375, -72.438964843749943 ], [ -96.078173828124989, -72.453808593749955 ], [ -96.014306640624966, -72.524707031249989 ], [ -96.02988281249992, -72.554296874999977 ], [ -96.051757812499943, -72.577246093749977 ], [ -96.692675781249989, -72.547656250000045 ], [ -96.803906249999955, -72.558007812500023 ], [ -96.914794921875, -72.578320312500011 ], [ -97.027636718749989, -72.573828124999977 ], [ -97.250292968749989, -72.520898437500023 ], [ -97.365527343749989, -72.521777343750045 ], [ -97.595605468749966, -72.547656250000045 ], [ -97.828320312499955, -72.557031250000023 ], [ -98.16342773437492, -72.556054687500023 ], [ -98.407812499999977, -72.547656250000045 ], [ -98.640673828124989, -72.48974609375 ], [ -98.881542968750011, -72.47324218749992 ], [ -99.148828125000023, -72.471972656249989 ], [ -99.434326171874943, -72.406640625000023 ], [ -99.672363281249943, -72.3798828125 ], [ -100.014257812499977, -72.312402343750023 ], [ -100.104052734374932, -72.287011718749966 ], [ -100.195214843749966, -72.272656250000011 ], [ -100.357421874999943, -72.278125 ], [ -101.601953125000023, -72.175683593750023 ], [ -101.784765624999977, -72.177734375 ], [ -101.826652026442773, -72.182185236438329 ], [ -102.269962347594429, -72.129518063701397 ], [ -102.287808896546025, -72.1097083943651 ], [ -102.265949334138512, -72.022269154718728 ], [ -102.236523437500011, -72.00927734375 ], [ -102.128125, -71.98544921874992 ], [ -100.400927734374932, -71.865722656249943 ], [ -100.218652343750023, -71.832910156250023 ], [ -100.084619140624966, -71.836914062499943 ], [ -99.985156249999989, -71.939453124999943 ], [ -99.833203125000011, -72.046093750000011 ], [ -99.783984374999932, -72.044335937500023 ], [ -99.734912109374989, -72.033007812500045 ], [ -99.563085937499977, -71.94492187499992 ], [ -99.254101562500011, -71.972167968749943 ], [ -99.08212890624992, -71.932519531249966 ], [ -98.964550781249955, -71.854296875000045 ], [ -98.786236530676987, -71.808059865131156 ], [ -98.264352091932849, -71.805915450003113 ], [ -98.189160156250011, -71.820019531249955 ], [ -98.091113281249932, -71.9125 ], [ -98.175927734374966, -72.018457031249966 ], [ -98.167968749999943, -72.123046875 ], [ -97.923144531249989, -72.116601562500023 ], [ -97.81601562499992, -71.918847656250023 ], [ -97.584765624999989, -71.882617187500045 ], [ -97.473486328124977, -72.000292968749989 ], [ -97.581982421874955, -72.095117187499966 ], [ -97.525634765625, -72.149218749999989 ], [ -97.460253906249932, -72.188281250000045 ], [ -97.345214843749943, -72.18906249999992 ], [ -97.241992187499989, -72.1318359375 ], [ -97.195507812500011, -72.091015625000011 ], [ -97.154785156249943, -72.045410156249943 ], [ -97.08872070312492, -71.944042968750011 ], [ -96.869433593749989, -71.850976562499966 ], [ -96.418591294213456, -71.837390154678729 ], [ -96.147457519950592, -71.914907260238593 ], [ -96.298193359374977, -72.045117187500011 ] ] ] } },
{ "type": "Feature", "properties": { "NAME": "ANDES", "FEATURECLA": "Range/mtn", "SCALERANK": 1 }, "geometry": { "type": "MultiPolygon", "coordinates": [ [ [ [ -72.187367316791239, -50.798760675005958 ], [ -71.975697394916295, -52.06878020625588 ], [ -71.129017707416295, -52.544976495318402 ], [ -70.80846048395901, -52.805429239377403 ], [ -70.839062499999955, -52.889550781249966 ], [ -70.821191406249966, -52.963085937499955 ], [ -70.952050781249966, -53.226953124999966 ], [ -70.984326171874955, -53.37363281249992 ], [ -70.985107421874943, -53.448339843749977 ], [ -70.947802734374989, -53.570410156249977 ], [ -70.995849609375, -53.779296874999943 ], [ -71.082812499999989, -53.825 ], [ -71.297753906249966, -53.88339843749992 ], [ -71.443896484374989, -53.840917968749977 ], [ -71.693798828125011, -53.803125 ], [ -71.871875, -53.72265625 ], [ -72.10092773437492, -53.665820312500045 ], [ -72.174414062499977, -53.632324218749943 ], [ -72.376806640624977, -53.47119140625 ], [ -72.398242187499989, -53.417773437500045 ], [ -72.412890624999989, -53.35019531249992 ], [ -72.306054687499966, -53.253710937499989 ], [ -72.248632812499977, -53.246679687499977 ], [ -72.081152343749977, -53.249609374999977 ], [ -71.941699218749989, -53.234082031250011 ], [ -71.852734374999955, -53.285742187499977 ], [ -71.828222656249977, -53.398339843749966 ], [ -71.867333984375023, -53.458398437499966 ], [ -71.902783203124955, -53.495507812499966 ], [ -71.89169921874992, -53.523535156249977 ], [ -71.791455078125011, -53.484570312499955 ], [ -71.740527343749932, -53.232617187499955 ], [ -71.400341796875011, -53.107031249999977 ], [ -71.288964843749966, -53.033691406249943 ], [ -71.180224609374932, -52.920507812499977 ], [ -71.163281250000011, -52.888085937500023 ], [ -71.155078124999932, -52.845605468750023 ], [ -71.227148437499977, -52.810644531249977 ], [ -71.387744140624932, -52.76425781249992 ], [ -71.897998046874932, -53.001757812499989 ], [ -72.129101562499955, -53.064355468749966 ], [ -72.278027343750011, -53.132324218749943 ], [ -72.458300781249989, -53.254492187499977 ], [ -72.492578125000023, -53.290625 ], [ -72.530810546874989, -53.371679687499977 ], [ -72.548925781249977, -53.460742187499989 ], [ -72.726806640624943, -53.420019531249977 ], [ -72.998388671874977, -53.290722656250011 ], [ -73.052734375, -53.243457031250045 ], [ -72.998242187500011, -53.177246093749943 ], [ -72.915527343749943, -53.121972656249966 ], [ -72.909912109374943, -52.936523437499943 ], [ -72.88916015625, -52.871582031249943 ], [ -72.831884765624977, -52.819531250000011 ], [ -72.727685546874966, -52.762304687499977 ], [ -72.675976562500011, -52.749023437499943 ], [ -72.632080078124943, -52.773828125000023 ], [ -72.626611328124966, -52.817578124999955 ], [ -72.453466796874977, -52.814453124999943 ], [ -72.117578125000023, -52.65 ], [ -71.979296874999989, -52.64609374999992 ], [ -71.797070312500011, -52.682812499999955 ], [ -71.591210937499966, -52.660742187499977 ], [ -71.554150390625011, -52.643945312500023 ], [ -71.511279296874932, -52.605371093749966 ], [ -71.664746093749955, -52.56005859375 ], [ -71.811914062500023, -52.537011718750023 ], [ -72.22568359374992, -52.520996093749943 ], [ -72.315380859375011, -52.53857421875 ], [ -72.437695312499955, -52.625781250000045 ], [ -72.478271484374943, -52.60400390625 ], [ -72.504394531249943, -52.56005859375 ], [ -72.644824218749989, -52.529101562499989 ], [ -72.712109375000011, -52.535546874999966 ], [ -72.776562499999955, -52.577441406249989 ], [ -72.766015624999966, -52.642578125 ], [ -72.801904296874966, -52.712402343749943 ], [ -72.931884765625, -52.781640625000023 ], [ -73.020263671875, -52.891796875000011 ], [ -73.01611328125, -52.977441406250023 ], [ -73.022998046874989, -53.022070312499977 ], [ -73.055468749999932, -53.045605468749955 ], [ -73.122460937500023, -53.073925781249955 ], [ -73.338183593749989, -53.054687499999943 ], [ -73.459863281250023, -52.964843749999943 ], [ -73.507519531249955, -52.903515624999955 ], [ -73.645214843750011, -52.83701171874992 ], [ -73.345947265625, -52.754296875000023 ], [ -73.240820312499977, -52.70712890624992 ], [ -73.144824218749932, -52.601953125000023 ], [ -73.073193359375011, -52.535058593749966 ], [ -73.123925781249966, -52.487988281249955 ], [ -73.183789062500011, -52.487890624999977 ], [ -73.178173828125011, -52.562695312500011 ], [ -73.244140624999943, -52.6240234375 ], [ -73.382128906249989, -52.595117187500023 ], [ -73.585693359375, -52.685742187500011 ], [ -73.684903069880889, -52.666542805365388 ], [ -73.73837728980871, -52.212030568111338 ], [ -73.702783203125023, -52.19882812499992 ], [ -73.68540039062492, -52.13671875 ], [ -73.684326171875, -52.077734374999977 ], [ -73.649023437499977, -52.077734374999977 ], [ -73.5322265625, -52.153125 ], [ -73.457958984374955, -52.14599609375 ], [ -73.326757812499977, -52.165917968749966 ], [ -73.260449218749955, -52.15781249999992 ], [ -73.137353515625023, -52.129687499999989 ], [ -72.94370117187492, -52.046875 ], [ -72.843212890624955, -51.961132812500011 ], [ -72.79501953124992, -51.949511718750045 ], [ -72.735400390624932, -51.960546874999977 ], [ -72.695458984374966, -51.985156250000045 ], [ -72.694824218749943, -52.044726562499989 ], [ -72.649560546875023, -52.099902343750045 ], [ -72.58798828124992, -52.14511718749992 ], [ -72.570849609374989, -52.200097656250023 ], [ -72.583447265624955, -52.254199218750045 ], [ -72.693603515624943, -52.330273437500011 ], [ -72.714013671875023, -52.356738281250045 ], [ -72.677050781249932, -52.384667968749966 ], [ -72.631494140625023, -52.371582031249943 ], [ -72.568701171874977, -52.333984374999943 ], [ -72.532910156250011, -52.282324218749977 ], [ -72.523339843749966, -52.25546874999992 ], [ -72.519335937499989, -52.217089843750045 ], [ -72.524121093749955, -52.170312500000023 ], [ -72.613574218749989, -52.037011718750023 ], [ -72.624755859374943, -52.00693359374992 ], [ -72.62460937499992, -51.946484374999955 ], [ -72.522851562499966, -51.890917968749989 ], [ -72.494140625, -51.847558593749966 ], [ -72.489648437499966, -51.763671875 ], [ -72.542529296874989, -51.70615234374992 ], [ -72.761230468749943, -51.573242187499943 ], [ -73.126757812499989, -51.43994140625 ], [ -73.16875, -51.453906250000045 ], [ -73.197021484375, -51.47802734375 ], [ -73.163378906249989, -51.495605468749943 ], [ -73.114990234375, -51.504492187499977 ], [ -72.789355468749989, -51.614257812499943 ], [ -72.704589843749943, -51.677929687499955 ], [ -72.649072265625023, -51.695019531249955 ], [ -72.583300781249932, -51.7373046875 ], [ -72.600048828125011, -51.799121093750045 ], [ -72.928369140625023, -51.85986328125 ], [ -73.188671875000011, -51.990625 ], [ -73.383251953125011, -52.070019531250011 ], [ -73.518164062499977, -52.041015624999943 ], [ -73.582324218749989, -51.960351562500023 ], [ -73.650292968749966, -51.85625 ], [ -73.752636718749955, -51.79550781249992 ], [ -73.810644531249977, -51.801171875000023 ], [ -73.853830091594588, -51.790836100932125 ], [ -73.9287909141173, -51.609467312265423 ], [ -73.895898437500023, -51.331445312499966 ], [ -73.939501953124932, -51.266308593749955 ], [ -74.095825479218988, -51.205324778626803 ], [ -74.30467688710371, -50.700005792193409 ], [ -74.311949261002624, -50.589720791034097 ], [ -74.190185546874943, -50.778027343749955 ], [ -74.15610351562492, -50.797460937499977 ], [ -74.139404296875, -50.817773437499966 ], [ -73.847460937499932, -50.94003906249992 ], [ -73.806542968750023, -50.938378906250023 ], [ -73.824609374999966, -50.835839843750023 ], [ -73.740576171874977, -50.696679687499966 ], [ -73.659033203124977, -50.650683593750045 ], [ -73.6181640625, -50.651171875000045 ], [ -73.613964843749955, -50.6279296875 ], [ -73.693261718750023, -50.570019531250011 ], [ -73.654443359375023, -50.49267578125 ], [ -73.679931640625, -50.490234374999943 ], [ -73.750195312500011, -50.539843749999989 ], [ -73.891503906250023, -50.78271484375 ], [ -73.978027343749943, -50.827050781249966 ], [ -74.096728515624989, -50.717089843750045 ], [ -74.164111328124932, -50.637890625000011 ], [ -74.197216796874955, -50.609765625000023 ], [ -74.185595703124989, -50.4853515625 ], [ -73.950341796875023, -50.510546874999989 ], [ -74.031054687499932, -50.469824218749977 ], [ -74.305566406249966, -50.398046874999977 ], [ -74.325252410654443, -50.387979530867192 ], [ -74.350836417400004, -50.0 ], [ -74.167980139927479, -50.0 ], [ -74.019433593749966, -50.022753906249989 ], [ -73.970040967987785, -50.0 ], [ -72.296289227019301, -50.0 ], [ -72.187367316791239, -50.798760675005958 ] ] ], [ [ [ -70.090380859374932, -53.418164062500011 ], [ -70.212841796875011, -53.413964843749966 ], [ -70.329296875000011, -53.377636718750011 ], [ -70.415673828125023, -53.30478515624992 ], [ -70.460253906249989, -53.20625 ], [ -70.4599609375, -53.143359374999989 ], [ -70.447207473091595, -53.098947310707132 ], [ -70.064350867260714, -53.410018302944742 ], [ -70.090380859374932, -53.418164062500011 ] ] ], [ [ [ -66.631092902728767, -54.397149346880944 ], [ -66.296075649065813, -54.508807453296349 ], [ -66.235644531249932, -54.533496093750045 ], [ -66.164707308115013, -54.552591288406695 ], [ -66.057165729755468, -54.588433887166197 ], [ -65.578556820871398, -54.747949744618971 ], [ -65.34924203265544, -54.824378211348055 ], [ -65.305140840277943, -54.839076724865457 ], [ -65.345996093749989, -54.877929687499943 ], [ -65.471142578125011, -54.914648437499977 ], [ -65.603320312499989, -54.928125 ], [ -65.72275390624992, -54.926367187499977 ], [ -65.841992187499955, -54.909960937499989 ], [ -65.953759765624966, -54.919335937499966 ], [ -66.06064453124992, -54.956738281250011 ], [ -66.172021484374966, -54.975292968750011 ], [ -66.286767578124966, -54.977734374999955 ], [ -66.398681640624943, -55.009375 ], [ -66.511132812500023, -55.032128906250023 ], [ -66.627685546875, -55.01328124999992 ], [ -66.930468749999932, -54.92490234374992 ], [ -67.127099609375023, -54.90380859375 ], [ -67.793261718749932, -54.868652343749943 ], [ -68.007128906249989, -54.848437499999989 ], [ -68.220117187500023, -54.817578125000011 ], [ -68.331689453125023, -54.816308593750023 ], [ -68.491015624999989, -54.836230468749989 ], [ -68.618652343749943, -54.833789062500045 ], [ -68.653222656249966, -54.853613281249977 ], [ -68.803857421875023, -54.853613281249977 ], [ -68.843554687499932, -54.876757812499989 ], [ -69.081640624999977, -54.909863281250011 ], [ -69.486279296874955, -54.85888671875 ], [ -69.587548828124966, -54.812792968750045 ], [ -69.723437499999989, -54.712109375000011 ], [ -69.771826171874977, -54.739160156250023 ], [ -69.899462890624932, -54.78183593749992 ], [ -70.030294325534044, -54.815469950200139 ], [ -70.255064075316284, -54.760347181193133 ], [ -70.259082031249932, -54.75634765625 ], [ -70.28173828125, -54.751757812500045 ], [ -70.285725349394895, -54.752827778203482 ], [ -70.737049933978767, -54.642144464068437 ], [ -71.465024762169449, -54.430136329425899 ], [ -71.39340820312492, -54.400195312499989 ], [ -71.355224609374943, -54.395410156249966 ], [ -71.158837890625023, -54.450585937500023 ], [ -71.07993164062492, -54.444238281249966 ], [ -70.966455078124966, -54.41953124999992 ], [ -70.946191406250023, -54.398046874999977 ], [ -70.928173828125011, -54.360058593749955 ], [ -70.898242187499932, -54.337890625 ], [ -70.797265624999966, -54.327246093749977 ], [ -70.698828124999977, -54.348828125000011 ], [ -70.687548828124989, -54.414746093750011 ], [ -70.701123046875011, -54.48544921874992 ], [ -70.572998046874943, -54.50439453125 ], [ -70.417919921874955, -54.502246093749989 ], [ -70.310986328125011, -54.528515625000011 ], [ -70.297656249999989, -54.485546874999955 ], [ -70.468310546874932, -54.373242187500011 ], [ -70.539990234374955, -54.303417968750011 ], [ -70.636132812500023, -54.262304687499977 ], [ -70.759863281249977, -54.24130859374992 ], [ -70.863085937499989, -54.11044921874992 ], [ -70.856738281249932, -53.995800781250011 ], [ -70.867724609374932, -53.884179687500023 ], [ -70.644482421875011, -53.822851562499977 ], [ -70.695605468749932, -53.727441406249966 ], [ -70.61875, -53.655078125000045 ], [ -70.531298828124989, -53.627343750000023 ], [ -70.443164062499932, -53.893457031250023 ], [ -70.37973632812492, -53.986718750000023 ], [ -70.46054687499992, -54.005664062499989 ], [ -70.629833984374955, -54.005566406249955 ], [ -70.535302734374966, -54.136132812500023 ], [ -70.379980468749977, -54.1806640625 ], [ -70.246093749999943, -54.27744140624992 ], [ -70.243359375000011, -54.347656249999943 ], [ -70.168994140624989, -54.379296874999966 ], [ -69.990136718750023, -54.381347656249943 ], [ -69.866992187499989, -54.367480468750045 ], [ -69.80908203125, -54.32080078125 ], [ -69.741845703124966, -54.305859374999955 ], [ -69.62167968749992, -54.364062499999989 ], [ -69.419287109374977, -54.407128906249966 ], [ -69.364794921874989, -54.437597656249977 ], [ -69.325097656249966, -54.488183593749966 ], [ -69.322460937500011, -54.542675781249955 ], [ -69.312060546874989, -54.571484374999955 ], [ -69.253173828125, -54.557421875000045 ], [ -69.169189453124943, -54.483300781250023 ], [ -69.127880859374955, -54.457617187499977 ], [ -69.07724609374992, -54.445019531249955 ], [ -69.045214843749989, -54.428417968749955 ], [ -69.044335937499966, -54.40673828125 ], [ -69.19565429687492, -54.354394531249966 ], [ -69.988134765624977, -54.109082031250011 ], [ -70.085595703125023, -54.011132812500023 ], [ -70.151123046874943, -53.888085937500023 ], [ -70.148828125000023, -53.761132812500023 ], [ -70.091113281249989, -53.721777343749977 ], [ -69.949707031249943, -53.671582031249955 ], [ -69.79441026296702, -53.629345043933391 ], [ -69.435658332416267, -53.920830987505894 ], [ -66.631092902728767, -54.397149346880944 ] ] ], [ [ [ -68.381738281250023, -55.191601562500011 ], [ -68.330078124999943, -55.219433593750011 ], [ -68.304520468778421, -55.238700539531855 ], [ -68.540665328697756, -55.180788126593114 ], [ -68.381738281250023, -55.191601562500011 ] ] ], [ [ [ -68.900781249999966, -55.017773437500011 ], [ -68.653515624999955, -54.957910156250023 ], [ -68.4580078125, -54.959667968750011 ], [ -68.399804687499966, -55.0419921875 ], [ -68.598095703125011, -55.128320312500023 ], [ -68.61328125, -55.155566406250045 ], [ -68.599901135470077, -55.166261075258056 ], [ -69.512240121174301, -54.942518106225137 ], [ -68.900781249999966, -55.017773437500011 ] ] ], [ [ [ -71.972363281250011, -54.207226562500011 ], [ -72.091552734374943, -54.11875 ], [ -72.21044921875, -54.047753906250023 ], [ -72.146044921874932, -53.938867187499966 ], [ -72.068945312499977, -53.921289062500023 ], [ -71.996484375000023, -53.884863281249977 ], [ -71.705126953124932, -53.92333984375 ], [ -71.554150390625011, -53.9560546875 ], [ -71.39047851562492, -54.03281249999992 ], [ -71.16875, -54.112597656249989 ], [ -71.021923828125011, -54.111816406249943 ], [ -71.022851562500023, -54.161718749999977 ], [ -71.0048828125, -54.246679687499977 ], [ -71.028027343750011, -54.281152343749966 ], [ -71.082958984375011, -54.316308593750023 ], [ -71.11752929687492, -54.36630859374992 ], [ -71.143261718750011, -54.3740234375 ], [ -71.304638671874955, -54.31357421874992 ], [ -71.473291015625023, -54.231152343750011 ], [ -71.55810546875, -54.24560546875 ], [ -71.670605468750011, -54.225390624999989 ], [ -71.76123046875, -54.229785156249989 ], [ -71.817578125000011, -54.276464843749977 ], [ -71.92434352960845, -54.296368908740376 ], [ -71.951710483297688, -54.288398829861521 ], [ -71.972363281250011, -54.207226562500011 ] ] ], [ [ [ -72.781689453124955, -53.954785156250011 ], [ -72.76376953124992, -53.864843749999977 ], [ -72.871728515625023, -53.848535156250023 ], [ -72.936132812499977, -53.860839843749943 ], [ -72.98422851562492, -53.860546875000011 ], [ -73.039453124999966, -53.832812500000045 ], [ -73.073046874999989, -53.875292968749989 ], [ -73.085546874999977, -53.915917968750023 ], [ -73.082766945698253, -53.927665709852313 ], [ -73.284340834755795, -53.757591170767292 ], [ -73.313073260990095, -53.733348675018263 ], [ -73.314355468750023, -53.729199218749955 ], [ -73.32480468749992, -53.72265625 ], [ -73.325704709092122, -53.722691105607993 ], [ -73.586537238666267, -53.502618096880958 ], [ -73.596196315598846, -53.420519308486071 ], [ -73.447070312499989, -53.410058593749966 ], [ -73.365869140625023, -53.470214843749943 ], [ -73.099365234375, -53.511914062500011 ], [ -73.115332031249977, -53.448046874999989 ], [ -73.110888671874989, -53.425195312500023 ], [ -73.074316406249977, -53.396777343750045 ], [ -73.053613281250023, -53.394433593749966 ], [ -73.022070312499977, -53.41455078125 ], [ -72.970947265624943, -53.423046874999955 ], [ -72.947265624999943, -53.44248046874992 ], [ -72.923242187500023, -53.481640625000011 ], [ -72.896289062499932, -53.562792968749989 ], [ -72.882226562500023, -53.578320312499955 ], [ -72.809375, -53.565332031249966 ], [ -72.685498046875011, -53.557910156249989 ], [ -72.482275390624977, -53.588085937500011 ], [ -72.459228515625, -53.598828124999955 ], [ -72.372900390624977, -53.6875 ], [ -72.306689453124989, -53.725390624999989 ], [ -72.205419921874977, -53.807421874999989 ], [ -72.30625, -53.862109375000045 ], [ -72.365966796875, -53.940820312500023 ], [ -72.369140625, -53.980761718750045 ], [ -72.408544921874977, -54.003808593749966 ], [ -72.470507812499989, -54.027734375000023 ], [ -72.562890624999966, -54.07373046875 ], [ -72.671793271184399, -54.078689094392409 ], [ -72.860982996383598, -54.023591364114147 ], [ -72.781689453124955, -53.954785156250011 ] ] ], [ [ [ -73.549267578125011, -53.125683593750011 ], [ -73.504541015624966, -53.140039062500023 ], [ -73.450585937499966, -53.144335937499989 ], [ -73.310351562499932, -53.24765624999992 ], [ -73.302490234375, -53.259472656250011 ], [ -73.143359374999989, -53.34091796874992 ], [ -73.135205078124955, -53.353906249999966 ], [ -73.225732421875023, -53.3583984375 ], [ -73.409375, -53.320507812500011 ], [ -73.501025390624932, -53.318457031249977 ], [ -73.567285156250023, -53.306835937500011 ], [ -73.582812499999989, -53.300195312499966 ], [ -73.595947265625, -53.2529296875 ], [ -73.617089843749966, -53.229687500000011 ], [ -73.618770165594754, -53.22864944897384 ], [ -73.636348411623885, -53.079240482550574 ], [ -73.549267578125011, -53.125683593750011 ] ] ], [ [ [ -67.424560546874943, -54.968945312500011 ], [ -67.245263671875023, -54.97763671874992 ], [ -67.107324218749966, -55.063574218749977 ], [ -67.085498046874989, -55.115234375 ], [ -67.07993164062492, -55.153808593749943 ], [ -67.109472656249977, -55.192089843750011 ], [ -67.172558593749955, -55.242578125000023 ], [ -67.25742187499992, -55.28183593749992 ], [ -67.339697265624977, -55.292578124999977 ], [ -67.399267578124977, -55.272265624999989 ], [ -67.429394531249955, -55.236523437500011 ], [ -67.443261718750023, -55.201171875 ], [ -67.463476562499977, -55.181738281249977 ], [ -67.494726562499977, -55.177441406249955 ], [ -67.535253906249977, -55.178515624999989 ], [ -67.585205078125, -55.191992187499977 ], [ -67.691455078124989, -55.242968749999989 ], [ -67.736962890625023, -55.256445312499977 ], [ -67.767773437499955, -55.259570312499989 ], [ -68.070019531250011, -55.221093749999966 ], [ -68.099511718749966, -55.206835937499989 ], [ -68.13510742187492, -55.172656250000045 ], [ -68.174316406249943, -55.0712890625 ], [ -68.301367187499977, -54.980664062500011 ], [ -68.10693359375, -54.929394531249955 ], [ -67.874121093749977, -54.929687499999943 ], [ -67.424560546874943, -54.968945312500011 ] ] ] ] } },
{ "type": "Feature", "properties": { "NAME": "Pensacola Mountains", "FEATURECLA": "Range/mtn", "SCALERANK": 2 }, "geometry": { "type": "Polygon", "coordinates": [ [ [ -61.663060065814648, -85.002864144854556 ], [ -61.479008552142773, -84.626195214800831 ], [ -61.083180305072517, -84.20818641047957 ], [ -60.45587622792408, -83.884011529498153 ], [ -59.852864142963142, -83.689666055254946 ], [ -59.583180305072545, -83.624934457354584 ], [ -54.666676398822517, -82.409602426104527 ], [ -53.147507970546314, -82.147751817881968 ], [ -52.798876953124989, -82.153613281250045 ], [ -52.414941406250023, -82.134863281249977 ], [ -51.730664062499955, -82.0615234375 ], [ -51.209667968749955, -82.01523437499992 ], [ -50.653027343749955, -81.975488281249966 ], [ -50.029248046874898, -81.967675781250023 ], [ -48.434604622535424, -81.895620485751621 ], [ -48.096004992272682, -81.910670422525811 ], [ -47.886816406249977, -81.925195312499966 ], [ -47.360253906249966, -82.00400390624992 ], [ -47.01987304687492, -82.003222656250045 ], [ -46.822857742346343, -81.992778573734327 ], [ -46.763295051166267, -82.409602426104527 ], [ -48.596852180072545, -83.105159066729556 ], [ -50.493702766010045, -83.800593637042084 ], [ -54.097645637103795, -83.990290902667084 ], [ -57.242359992572517, -85.022517465167056 ], [ -61.70818030507246, -85.166560433917098 ], [ -61.663060065814648, -85.002864144854556 ] ] ] } },
{ "type": "Feature", "properties": { "NAME": "Shackleton Range", "FEATURECLA": "Range/mtn", "SCALERANK": 4 }, "geometry": { "type": "Polygon", "coordinates": [ [ [ -18.295216437884989, -80.910212777667084 ], [ -18.595890876361523, -80.962550424151445 ], [ -19.270924445697489, -81.077693246417013 ], [ -19.97975623280692, -81.192836068682681 ], [ -20.041615363666267, -81.200887097704708 ], [ -20.381886359760017, -81.245173715167027 ], [ -20.882481452533455, -81.218373559527421 ], [ -21.919712897845955, -81.154465936236392 ], [ -23.121388312884989, -81.078189157061558 ], [ -24.115330573627205, -81.014281533770543 ], [ -24.529347297260017, -80.987483285479527 ], [ -29.964955207416239, -81.06487586360457 ], [ -30.454396125384989, -80.678401254229527 ], [ -29.114857551166239, -80.214654229693451 ], [ -29.114857551166239, -80.214656137042056 ], [ -27.208546516009989, -80.163142465167027 ], [ -25.092927558967958, -80.080371020125568 ], [ -24.240283203124932, -80.061914062499966 ], [ -24.166131402093342, -80.044111060879104 ], [ -21.283497687885017, -79.931330941729556 ], [ -20.041615363666267, -80.11705918551894 ], [ -18.527088996478767, -80.343562387042027 ], [ -18.295216437884989, -80.910212777667084 ] ] ] } },
{ "type": "Feature", "properties": { "NAME": "Berkner Island", "FEATURECLA": "Island", "SCALERANK": 3 }, "geometry": { "type": "Polygon", "coordinates": [ [ [ -43.77670898437492, -78.385058593750045 ], [ -43.788281249999955, -78.432617187499943 ], [ -43.852294921874943, -78.529882812499977 ], [ -43.947216796874955, -78.597558593749966 ], [ -45.067822265624955, -78.661425781250045 ], [ -45.213085937499898, -78.68701171875 ], [ -45.29477539062492, -78.73984374999992 ], [ -45.352343749999932, -78.791210937500011 ], [ -45.22265625, -78.810742187499955 ], [ -45.091601562499989, -78.814257812499989 ], [ -44.566308593750023, -78.804296874999977 ], [ -44.041162109374966, -78.806640624999943 ], [ -43.722070312499966, -78.81845703124992 ], [ -43.627343750000023, -78.846093749999966 ], [ -43.544335937500023, -78.901953124999977 ], [ -43.520573887907744, -78.924192125035262 ], [ -43.149025455805436, -79.927397998758764 ], [ -43.267285156249955, -79.978613281249977 ], [ -43.495800781249955, -79.96933593749992 ], [ -43.600292968749955, -79.973925781249989 ], [ -43.703662109374932, -79.990136718750023 ], [ -43.7421875, -80.002929687499943 ], [ -43.758203124999966, -80.020507812499943 ], [ -43.489990234374943, -80.095507812500045 ], [ -43.462306903186196, -80.119980224397295 ], [ -44.64303052010586, -80.280338783531803 ], [ -49.1875, -80.642773437500011 ], [ -49.410449218749932, -80.666894531250023 ], [ -49.629687499999932, -80.712304687500023 ], [ -49.696372873690514, -80.750397627617758 ], [ -54.28734290272871, -80.702571176104556 ], [ -53.998499891974021, -80.461849304057353 ], [ -53.676074218749989, -80.283691406249943 ], [ -53.482324218750023, -80.18896484375 ], [ -53.393896484374977, -80.108789062500023 ], [ -53.346484374999989, -80.114453125000011 ], [ -53.176416015624966, -80.160937500000045 ], [ -53.053466796875, -80.175 ], [ -52.807226562499977, -80.155957031250011 ], [ -52.566796875000023, -80.099023437499966 ], [ -52.460986328124989, -80.066601562500011 ], [ -52.357128906249955, -80.077832031250011 ], [ -52.338085937500011, -80.126074218749977 ], [ -52.297167968749989, -80.141210937499977 ], [ -51.711328125000023, -79.98984374999992 ], [ -51.183837890625, -79.819726562500023 ], [ -50.664355468749989, -79.626757812500045 ], [ -50.401562499999898, -79.511718749999943 ], [ -50.339257812500023, -79.479492187499943 ], [ -50.294921874999943, -79.429687499999943 ], [ -50.331347656249989, -79.381445312499977 ], [ -50.378662109374943, -79.338183593750045 ], [ -50.41953124999992, -79.3212890625 ], [ -50.4638671875, -79.313281250000045 ], [ -50.598567402146166, -79.297986068725095 ], [ -50.430470344135017, -78.995417855792084 ], [ -49.530897125825511, -78.294822020618071 ], [ -49.354150390625023, -78.222460937500045 ], [ -49.143652343749977, -78.09384765624992 ], [ -49.08125, -78.047460937499977 ], [ -47.692089843749898, -77.840136718750045 ], [ -47.463476562499977, -77.819042968750011 ], [ -47.029931640625023, -77.790527343749943 ], [ -46.82568359375, -77.785253906249977 ], [ -46.257861328124932, -77.804882812499955 ], [ -45.9931640625, -77.826855468750011 ], [ -45.530273437499943, -77.88144531249992 ], [ -44.851953125000023, -77.98837890624992 ], [ -44.594482421875, -78.03515625 ], [ -44.33984375, -78.09287109374992 ], [ -44.219241348485774, -78.129375177147708 ], [ -43.784568158402152, -78.336341477730855 ], [ -43.77670898437492, -78.385058593750045 ] ] ] } },
{ "type": "Feature", "properties": { "NAME": "Coats Land", "FEATURECLA": "Geoarea", "SCALERANK": 3 }, "geometry": { "type": "Polygon", "coordinates": [ [ [ -20.041615363666267, -79.880549691729527 ], [ -22.926686164447517, -79.880549691729527 ], [ -23.923429157632167, -79.825522045464311 ], [ -24.088281249999966, -79.814843749999966 ], [ -24.299853515624989, -79.770800781249989 ], [ -24.533886718749955, -79.75791015624992 ], [ -24.67041015625, -79.774609374999955 ], [ -24.949825300082658, -79.768857324226289 ], [ -30.209979767001943, -79.478457570944627 ], [ -30.177929687499955, -79.304296874999977 ], [ -30.31591796875, -79.1630859375 ], [ -30.645263671875, -79.124121093749977 ], [ -30.985156249999932, -79.127929687499943 ], [ -31.412792968749955, -79.145214843750011 ], [ -32.541845703124977, -79.222167968749943 ], [ -32.994238281249977, -79.228808593750045 ], [ -33.65038893956033, -79.164152189595072 ], [ -35.981266473767043, -78.341411672514468 ], [ -35.509277343749943, -78.041210937499955 ], [ -35.087597656249955, -77.837109374999955 ], [ -34.808349609375, -77.820605468750045 ], [ -34.551464843749955, -77.728515624999943 ], [ -34.290185546875023, -77.521875 ], [ -34.075781249999977, -77.42539062499992 ], [ -33.591162109374977, -77.311230468750011 ], [ -33.376757812499989, -77.281640625000023 ], [ -32.614062499999989, -77.140820312500011 ], [ -32.4052734375, -77.13623046875 ], [ -32.063378906250023, -77.159863281250011 ], [ -31.675781249999943, -77.033105468750023 ], [ -30.489208984374955, -76.76230468749992 ], [ -30.460094906309617, -76.751197398079057 ], [ -26.636772052707187, -76.094903747574932 ], [ -26.636769172260017, -76.094903253130894 ], [ -26.636769172260017, -76.094905160479584 ], [ -22.285923524435979, -75.672524235527675 ], [ -21.948095703124977, -75.694140624999989 ], [ -21.433789062499898, -75.683105468749943 ], [ -20.989013671874943, -75.634375 ], [ -20.783300781249977, -75.593945312500011 ], [ -20.511494494955201, -75.500262327062032 ], [ -20.446612623324576, -75.493963582594816 ], [ -20.041304484516907, -75.513505615899135 ], [ -20.018238898822489, -79.880549691729527 ], [ -20.041615363666267, -79.880549691729527 ] ] ] } },
{ "type": "Feature", "properties": { "NAME": "Princess Martha Coast", "FEATURECLA": "Coast", "SCALERANK": 3 }, "geometry": { "type": "MultiPolygon", "coordinates": [ [ [ [ 4.958262566021318, -73.916680596880951 ], [ 4.958262566021318, -73.916682504229556 ], [ 4.958262509449867, -73.916680602655902 ], [ 4.958262540305356, -73.916680599506066 ], [ 4.958262566021318, -73.916680596880951 ] ] ], [ [ [ -10.038441535541267, -75.447589944415114 ], [ -20.036244269916239, -76.468196176104598 ], [ -20.037825141046699, -75.51367337331493 ], [ -19.49301757812492, -75.539941406250023 ], [ -18.85092773437492, -75.470214843749943 ], [ -18.585156249999955, -75.462597656250011 ], [ -18.304589843750023, -75.431347656250011 ], [ -18.415136718749977, -75.396484375 ], [ -18.51694335937492, -75.389941406250045 ], [ -18.61728515624992, -75.34238281249992 ], [ -18.749218749999898, -75.242089843750023 ], [ -18.61728515624992, -75.11533203124992 ], [ -18.51694335937492, -75.051953125000011 ], [ -18.22119140625, -74.974511718750023 ], [ -18.068261718750023, -74.862988281249955 ], [ -17.922753906250023, -74.69921875 ], [ -17.435839843749932, -74.379101562499955 ], [ -17.299023437499955, -74.333886718749966 ], [ -16.9892578125, -74.319824218749943 ], [ -16.727099609374989, -74.327636718749943 ], [ -16.42954101562492, -74.323925781250011 ], [ -15.672509765624966, -74.40732421874992 ], [ -15.53125, -74.375585937499977 ], [ -15.289746093749898, -74.28085937499992 ], [ -15.089160156249989, -74.163281249999955 ], [ -14.658935546875, -73.988867187499977 ], [ -14.573828124999977, -73.9375 ], [ -14.611425781249977, -73.851757812500011 ], [ -15.259619140624977, -73.888867187500011 ], [ -15.748828124999989, -73.945605468750045 ], [ -16.220117187499966, -73.915722656249955 ], [ -16.281884765624966, -73.866992187499989 ], [ -16.180859374999898, -73.830273437499955 ], [ -16.003124999999898, -73.81591796875 ], [ -15.93564453124992, -73.757617187499989 ], [ -16.097460937499932, -73.709082031249977 ], [ -16.387744140624932, -73.681347656250011 ], [ -16.518847656249989, -73.644042968749943 ], [ -16.507031249999898, -73.555957031250045 ], [ -16.435205078125023, -73.425683593749966 ], [ -16.279101562499932, -73.388476562500045 ], [ -16.149023437499977, -73.334472656249943 ], [ -15.802832031249977, -73.152148437500045 ], [ -15.595996093749932, -73.09677734374992 ], [ -15.007031249999955, -73.04746093749992 ], [ -14.320996093749898, -73.123046874999943 ], [ -14.164697265625023, -73.102441406250023 ], [ -14.000097656249977, -73.000585937499977 ], [ -14.168310546874977, -72.84326171875 ], [ -14.298242187499966, -72.784570312500023 ], [ -14.297753906250023, -72.733007812499977 ], [ -13.938964843749943, -72.75625 ], [ -13.602832031249932, -72.79208984374992 ], [ -13.20859374999992, -72.785058593750023 ], [ -12.74692382812492, -72.62890625 ], [ -12.0947265625, -72.49814453124992 ], [ -11.77734375, -72.444042968750011 ], [ -11.496972656250023, -72.412890625000045 ], [ -11.346484374999989, -72.281640624999966 ], [ -11.121386718749989, -72.031542968749989 ], [ -10.95810546874992, -71.901953124999977 ], [ -10.961035156249977, -71.82236328124992 ], [ -11.009228515624955, -71.75791015624992 ], [ -11.179345703124966, -71.776855468749943 ], [ -11.333056640624932, -71.785546874999966 ], [ -11.696875, -71.719335937499977 ], [ -12.148193359375, -71.613671875000023 ], [ -12.284521484374977, -71.495117187499943 ], [ -12.351318359375, -71.389746093749977 ], [ -12.207812499999989, -71.332226562499955 ], [ -12.073681640624898, -71.296875 ], [ -11.926123046874977, -71.288671874999977 ], [ -11.663037109374898, -71.33125 ], [ -11.328076171874955, -71.439746093750045 ], [ -11.160156249999943, -71.481152343749955 ], [ -10.969824218749977, -71.560058593749943 ], [ -10.825439453125, -71.553320312499977 ], [ -10.659472656249989, -71.442675781249989 ], [ -10.520068359374932, -71.295507812499977 ], [ -10.406640625000023, -71.250292968749989 ], [ -10.23056640624992, -71.200976562500045 ], [ -10.033496093749932, -71.130664062500045 ], [ -10.122314453125, -71.060937499999966 ], [ -10.331005859374955, -71.024023437499977 ], [ -10.35996093749992, -70.982421874999943 ], [ -10.27060546874992, -70.935742187500011 ], [ -10.098730468749977, -70.926367187499977 ], [ -9.887988281249932, -71.027343749999943 ], [ -9.599365234374943, -71.09531249999992 ], [ -9.402343749999943, -71.117578125000023 ], [ -9.230664062499898, -71.174023437500011 ], [ -8.965917968749977, -71.361328124999943 ], [ -8.646484375, -71.672753906249966 ], [ -8.497705078124966, -71.674804687499943 ], [ -8.216455078125023, -71.647070312499977 ], [ -7.915820312499989, -71.63535156249992 ], [ -7.71372070312492, -71.54648437499992 ], [ -7.668994140624989, -71.324316406249977 ], [ -7.590136718749989, -71.223730468749977 ], [ -7.617968749999989, -71.121484375000023 ], [ -7.756884765624932, -71.01718749999992 ], [ -7.873486328124955, -70.940332031249966 ], [ -7.854931640624898, -70.884570312499989 ], [ -7.752734374999989, -70.8427734375 ], [ -7.619775390624966, -70.829003906249966 ], [ -7.388134765624955, -70.786914062499989 ], [ -7.031591796874977, -70.835156249999955 ], [ -6.838183593749989, -70.844531249999989 ], [ -6.547509765625023, -70.81689453125 ], [ -6.245214843749977, -70.755761718749966 ], [ -5.936328124999932, -70.712695312500045 ], [ -5.694726562500023, -70.745312499999955 ], [ -5.587890625, -70.856738281249989 ], [ -5.708691406249955, -70.96826171875 ], [ -5.90380859375, -71.051855468749977 ], [ -6.080273437499955, -71.154101562500045 ], [ -6.126757812499932, -71.265625 ], [ -6.117480468749989, -71.325976562500045 ], [ -5.950048828124977, -71.341601562500045 ], [ -4.450146484374955, -71.327734374999977 ], [ -4.253222656249989, -71.33847656249992 ], [ -3.994824218749898, -71.3388671875 ], [ -3.713183593749989, -71.37460937499992 ], [ -3.239648437499966, -71.360449218749977 ], [ -2.81201171875, -71.320996093750011 ], [ -2.610253906250023, -71.320800781249943 ], [ -2.261328124999977, -71.357128906250011 ], [ -2.014599609374898, -71.433398437499989 ], [ -1.500634765624966, -71.412304687499955 ], [ -1.354248046875, -71.38681640624992 ], [ -1.216357421874989, -71.284179687499943 ], [ -1.067773437500023, -71.265625 ], [ -0.895849609374977, -71.349218749999977 ], [ -0.840087890625, -71.539746093749955 ], [ -0.759863281249977, -71.630273437500023 ], [ -0.543164062499955, -71.712695312500045 ], [ -0.326953124999989, -71.641894531249989 ], [ -0.1845703125, -71.558886718750045 ], [ 0.15419921875008, -71.397949218749943 ], [ 0.538476562500023, -71.274218750000045 ], [ 0.834960937500057, -71.202343750000011 ], [ 1.552246093749943, -71.080273437500011 ], [ 1.908691406250114, -71.003613281250011 ], [ 2.609472656250034, -70.900097656249955 ], [ 3.50693359374992, -70.844433593750011 ], [ 4.862125360701104, -70.685159216324521 ], [ 4.958262509449867, -73.916680602655902 ], [ -0.001698371478767, -74.423008554757487 ], [ -10.038441535541267, -75.447589944415114 ] ] ], [ [ [ 1.4609375, -70.135644531250023 ], [ 1.299316406249943, -70.255175781250045 ], [ 1.211523437500034, -70.38134765625 ], [ 1.156347656249977, -70.378125 ], [ 1.104589843750091, -70.30419921875 ], [ 0.990332031250091, -70.224316406249955 ], [ 0.952539062500023, -70.168945312499943 ], [ 0.949609375000136, -70.094042968750045 ], [ 1.026757812500023, -70.0498046875 ], [ 1.31484375000008, -70.022753906249989 ], [ 1.412207031250034, -70.040722656249955 ], [ 1.4609375, -70.135644531250023 ] ] ], [ [ [ 4.069726562500023, -70.290234374999955 ], [ 4.111718750000023, -70.266796875000011 ], [ 4.256054687500125, -70.24082031249992 ], [ 4.495019531250136, -70.251367187499966 ], [ 4.586230468750102, -70.294238281249989 ], [ 4.61757812500008, -70.368652343749943 ], [ 4.58994140624992, -70.432519531250023 ], [ 4.525878906250057, -70.478710937500011 ], [ 4.365234375, -70.502636718750011 ], [ 4.179687500000057, -70.45126953124992 ], [ 4.129589843750125, -70.416992187499943 ], [ 4.076171875000057, -70.32529296874992 ], [ 4.069726562500023, -70.290234374999955 ] ] ], [ [ [ 3.23056640624992, -70.402636718750045 ], [ 3.259863281250034, -70.448828124999977 ], [ 3.221289062499977, -70.519140624999977 ], [ 3.171093750000068, -70.553906249999955 ], [ 3.036914062500102, -70.597363281250011 ], [ 2.697753906250114, -70.62353515625 ], [ 2.622753906250125, -70.59335937499992 ], [ 2.584667968749955, -70.534570312500023 ], [ 2.631445312500091, -70.500390624999966 ], [ 3.072167968750023, -70.381640625000045 ], [ 3.19277343750008, -70.392675781249977 ], [ 3.23056640624992, -70.402636718750045 ] ] ], [ [ [ -3.537060546874898, -70.683300781250011 ], [ -3.0400390625, -70.674414062499977 ], [ -2.749804687499932, -70.694140624999989 ], [ -2.532812499999977, -70.767773437500011 ], [ -2.423437499999977, -70.800390624999977 ], [ -2.255566406249955, -70.796093750000011 ], [ -2.09228515625, -70.820898437499977 ], [ -2.119042968750023, -70.855371093750023 ], [ -2.212695312499932, -70.901562500000011 ], [ -2.293164062499898, -70.997949218750023 ], [ -2.368945312499989, -71.044433593749943 ], [ -2.606738281249989, -71.141113281249943 ], [ -2.783496093749932, -71.16748046875 ], [ -2.825146484374898, -71.112695312500023 ], [ -2.821875, -71.056738281249977 ], [ -2.80517578125, -71.014746093749977 ], [ -2.800537109374943, -70.982226562499989 ], [ -2.963134765624943, -70.940332031249966 ], [ -2.975, -70.88330078125 ], [ -3.006982421875023, -70.851464843750023 ], [ -3.488964843749955, -70.73593749999992 ], [ -3.574658203124955, -70.703125 ], [ -3.537060546874898, -70.683300781250011 ] ] ], [ [ [ -3.191357421874898, -71.09482421874992 ], [ -2.954980468749966, -71.213769531250023 ], [ -3.060595703124989, -71.236621093750045 ], [ -3.201464843749932, -71.230273437499989 ], [ -3.309375, -71.200878906249955 ], [ -3.385644531249966, -71.142968749999966 ], [ -3.403857421874932, -71.119824218749955 ], [ -3.391699218749977, -71.081152343749977 ], [ -3.398974609374932, -71.06210937499992 ], [ -3.263037109374977, -71.051757812499943 ], [ -3.212792968750023, -71.075976562499989 ], [ -3.191357421874898, -71.09482421874992 ] ] ], [ [ [ -6.26611328125, -70.550195312500023 ], [ -6.43798828125, -70.45263671875 ], [ -6.243652343749943, -70.445703125000023 ], [ -6.068261718750023, -70.404687500000023 ], [ -5.971630859374955, -70.421484374999977 ], [ -5.949511718749989, -70.43222656249992 ], [ -5.894091796874932, -70.55224609375 ], [ -6.156103515624977, -70.611523437499955 ], [ -6.180859374999955, -70.58554687499992 ], [ -6.26611328125, -70.550195312500023 ] ] ], [ [ [ -3.496826171875, -70.48837890624992 ], [ -3.287451171874977, -70.344042968749989 ], [ -3.173242187500023, -70.307324218750011 ], [ -2.949902343749955, -70.279687499999966 ], [ -2.805126953124898, -70.288476562499966 ], [ -2.713525390625023, -70.320214843750023 ], [ -2.684375, -70.376171875000011 ], [ -2.68271484374992, -70.462207031249989 ], [ -2.738037109375, -70.507031250000011 ], [ -3.280224609374898, -70.53378906249992 ], [ -3.44189453125, -70.535449218749989 ], [ -3.490234374999943, -70.508007812500011 ], [ -3.496826171875, -70.48837890624992 ] ] ], [ [ [ -12.87548828125, -72.000683593750011 ], [ -12.788867187499932, -72.006542968749955 ], [ -12.636621093750023, -72.0712890625 ], [ -12.534765624999977, -72.140039062499966 ], [ -12.50888671874992, -72.17333984375 ], [ -12.588427734374989, -72.196093750000045 ], [ -12.720166015624898, -72.187695312500011 ], [ -12.888427734375, -72.137109375000023 ], [ -12.943701171874977, -72.098925781250045 ], [ -12.963281250000023, -72.064453124999943 ], [ -12.914794921874943, -72.0146484375 ], [ -12.87548828125, -72.000683593750011 ] ] ], [ [ [ -16.302880859374966, -72.47802734375 ], [ -16.172509765624966, -72.6 ], [ -16.104492187499943, -72.679101562500023 ], [ -16.1748046875, -72.702832031249955 ], [ -16.317578124999955, -72.7021484375 ], [ -16.453027343750023, -72.65234375 ], [ -16.509765625, -72.582226562500011 ], [ -16.516552734374898, -72.53085937499992 ], [ -16.455371093749932, -72.473535156249966 ], [ -16.355859375000023, -72.45859374999992 ], [ -16.302880859374966, -72.47802734375 ] ] ] ] } },
{ "type": "Feature", "properties": { "NAME": "Kemp Peninsula", "FEATURECLA": "Peninsula", "SCALERANK": 5 }, "geometry": { "type": "Polygon", "coordinates": [ [ [ -60.53232421874992, -72.83212890624992 ], [ -60.384667968749966, -73.00732421875 ], [ -60.25449218749992, -73.017285156250011 ], [ -60.148681640624943, -72.937890624999966 ], [ -60.009765625, -72.937890624999966 ], [ -59.956835937499932, -73.030566406250045 ], [ -60.016406249999989, -73.189257812500045 ], [ -60.110190306409798, -73.265514161089783 ], [ -60.144699774501191, -73.272493319437501 ], [ -60.403759765624955, -73.240234374999943 ], [ -60.560693359375023, -73.21142578125 ], [ -60.68662109374992, -73.27099609375 ], [ -60.703555972143143, -73.274995649627229 ], [ -61.312266541664009, -73.228114484031906 ], [ -61.428417968750011, -73.191406249999943 ], [ -61.630799023922748, -73.170581196313492 ], [ -61.292286750384989, -72.735408090167084 ], [ -60.635975715228739, -72.683650277667027 ], [ -60.53232421874992, -72.755755666521864 ], [ -60.53232421874992, -72.83212890624992 ] ] ] } },
{ "type": "Feature", "properties": { "NAME": "James Ross Island", "FEATURECLA": "Island", "SCALERANK": 5 }, "geometry": { "type": "Polygon", "coordinates": [ [ [ -57.51708984375, -64.010644531249966 ], [ -57.249462890625011, -64.097070312500023 ], [ -57.272802734374977, -64.166210937499955 ], [ -57.222265624999977, -64.221386718750011 ], [ -57.327636718749943, -64.23779296875 ], [ -57.413964843749966, -64.2958984375 ], [ -57.376936783961128, -64.306853767850967 ], [ -57.674364991878598, -64.324369502895863 ], [ -57.670751953124977, -64.310937499999966 ], [ -57.703320312500011, -64.293261718749989 ], [ -57.822851562499977, -64.302050781250045 ], [ -57.838577801627125, -64.334040098992546 ], [ -57.924650959408979, -64.339109001625346 ], [ -57.920703124999989, -64.33125 ], [ -57.971093749999966, -64.32041015624992 ], [ -58.02158203124992, -64.321582031249989 ], [ -58.111395596757454, -64.350106511282391 ], [ -58.141224738666295, -64.351863168291999 ], [ -58.190935385507643, -64.285599039202822 ], [ -58.019970703124955, -64.241992187500045 ], [ -58.1376953125, -64.20615234374992 ], [ -58.162207031249977, -64.16074218749992 ], [ -58.14707031249992, -64.097363281249955 ], [ -58.250439453125011, -64.106835937500023 ], [ -58.313876303794423, -64.121719198618592 ], [ -58.38250240012799, -64.030240837436807 ], [ -58.342660855120606, -63.995013510163979 ], [ -58.241932746478795, -63.908623956255944 ], [ -58.241932746478795, -63.908625863604534 ], [ -57.828317008778157, -63.807575500212089 ], [ -57.779492187500011, -63.86826171874992 ], [ -57.780664062499966, -63.906835937499977 ], [ -57.826953124999989, -63.94921875 ], [ -57.845996093749989, -64.053906250000011 ], [ -57.808544921874955, -64.067578124999955 ], [ -57.773681640625, -64.061523437499943 ], [ -57.741162109375011, -64.0478515625 ], [ -57.710058593749977, -64.01513671875 ], [ -57.592919921875023, -63.967089843749989 ], [ -57.504666485110775, -63.962825656986553 ], [ -57.488018273802766, -63.972490470822535 ], [ -57.51708984375, -64.010644531249966 ] ] ] } },
{ "type": "Feature", "properties": { "NAME": "Joinville Island", "FEATURECLA": "Island", "SCALERANK": 5 }, "geometry": { "type": "Polygon", "coordinates": [ [ [ -55.595392616409512, -63.335404504176438 ], [ -55.750195312500011, -63.296679687499989 ], [ -55.830468750000023, -63.29843749999992 ], [ -56.00913085937492, -63.341503906250011 ], [ -56.0830078125, -63.382617187500045 ], [ -56.116886849684384, -63.388886936615464 ], [ -56.177235480853795, -63.395076058917041 ], [ -56.493255839930811, -63.367253200712774 ], [ -56.4990234375, -63.357617187500011 ], [ -56.505322265624955, -63.334277343750045 ], [ -56.475341796875, -63.318261718749966 ], [ -56.460546874999977, -63.301953125000011 ], [ -56.465966796875023, -63.283496093749989 ], [ -56.385107421874977, -63.234082031249955 ], [ -56.042187500000011, -63.157128906250023 ], [ -55.589648437499989, -63.128320312500023 ], [ -55.528710937500023, -63.15683593749992 ], [ -55.528027343749955, -63.173535156249955 ], [ -55.466259765625011, -63.199609374999966 ], [ -55.215527343750011, -63.198632812500023 ], [ -55.15625, -63.204785156249955 ], [ -55.1064453125, -63.249316406250045 ], [ -55.08268919799945, -63.306331081051304 ], [ -55.391651984760017, -63.314509652667056 ], [ -55.595392616409512, -63.335404504176438 ] ] ] } },
{ "type": "Feature", "properties": { "NAME": "Livingston Island", "FEATURECLA": "Island", "SCALERANK": 5 }, "geometry": { "type": "Polygon", "coordinates": [ [ [ -61.149804687499966, -62.634179687499966 ], [ -61.150210843696996, -62.627098775687649 ], [ -61.112352745074588, -62.606066498675226 ], [ -61.08358348209353, -62.590083574796857 ], [ -60.97470703124992, -62.591699218750023 ], [ -60.837744140624977, -62.53369140625 ], [ -60.799267578124955, -62.475195312499977 ], [ -60.731835937500023, -62.491015624999989 ], [ -60.625, -62.560058593749943 ], [ -60.576318359375023, -62.572656250000023 ], [ -60.139892578124943, -62.548730468749966 ], [ -60.002734374999989, -62.618457031250045 ], [ -59.849560546875011, -62.614941406249955 ], [ -60.220947265625, -62.745410156250045 ], [ -60.321582031249989, -62.70751953125 ], [ -60.353808593749989, -62.67919921875 ], [ -60.378027343749977, -62.616503906249989 ], [ -60.619628906249943, -62.633398437499977 ], [ -60.696923828125023, -62.620703124999977 ], [ -60.772378760587657, -62.652418765087909 ], [ -61.136913387229598, -62.64084735042919 ], [ -61.149804687499966, -62.634179687499966 ] ] ] } },
{ "type": "Feature", "properties": { "NAME": "King George Island", "FEATURECLA": "Island", "SCALERANK": 5 }, "geometry": { "type": "MultiPolygon", "coordinates": [ [ [ [ -57.806689453124932, -62.011914062500011 ], [ -57.962744140624977, -62.077539062499966 ], [ -58.14755859374992, -62.063476562499943 ], [ -58.172216796874977, -62.11777343749992 ], [ -58.133105468749932, -62.145800781250045 ], [ -58.177202327641453, -62.167201996524135 ], [ -58.184970905456204, -62.169392793406324 ], [ -58.341455078125023, -62.119433593749989 ], [ -58.46665039062492, -62.137207031249943 ], [ -58.507324218749943, -62.225683593749977 ], [ -58.561962890625011, -62.243945312500045 ], [ -58.594042968749932, -62.247753906250011 ], [ -58.643994140625011, -62.225195312499977 ], [ -58.74570312499992, -62.217871093749977 ], [ -58.755322265624955, -62.206054687499943 ], [ -58.819042968749955, -62.171289062499966 ], [ -59.003710937499932, -62.209765624999989 ], [ -58.955224609374966, -62.164257812499955 ], [ -58.709521484374932, -62.044726562500045 ], [ -58.690085061466888, -62.017347194636976 ], [ -58.663536632104879, -62.003267260963916 ], [ -58.399462890624932, -61.938281250000045 ], [ -58.265185546874932, -61.953320312500011 ], [ -57.978417968750023, -61.911914062499989 ], [ -57.849316406250011, -61.93994140625 ], [ -57.737988281250011, -61.921191406249989 ], [ -57.676562499999989, -61.942089843750011 ], [ -57.636523437499932, -61.998242187500011 ], [ -57.638864770962037, -62.015386790592927 ], [ -57.654061972074253, -62.019672514648036 ], [ -57.806689453124932, -62.011914062500011 ] ] ], [ [ [ -59.06381835937492, -62.239062500000045 ], [ -58.990625, -62.249218749999955 ], [ -58.962109374999955, -62.263867187500011 ], [ -58.878662109374943, -62.267871093750045 ], [ -58.837939453124989, -62.302539062499989 ], [ -59.059423828124977, -62.347753906249977 ], [ -59.174560546875, -62.3017578125 ], [ -59.197464201260914, -62.286435227604358 ], [ -59.174367418628215, -62.274185871414758 ], [ -59.06381835937492, -62.239062500000045 ] ] ] ] } },
{ "type": "Feature", "properties": { "NAME": "Polar Plateau", "FEATURECLA": "Plateau", "SCALERANK": 1 }, "geometry": { "type": "Polygon", "coordinates": [ [ [ 180.0, -89.99993255000588 ], [ 174.374766472271318, -89.99993255000588 ], [ 168.749766472271205, -89.99993255000588 ], [ 163.124766472271261, -89.99993255000588 ], [ 157.499766472271205, -89.99993255000588 ], [ 151.874766472271261, -89.99993255000588 ], [ 146.249766472271205, -89.99993255000588 ], [ 140.624766472271205, -89.99993255000588 ], [ 136.125010612896318, -89.99993255000588 ], [ 134.999766472271261, -89.99993255000588 ], [ 129.374766472271205, -89.99993255000588 ], [ 123.749766472271261, -89.99993255000588 ], [ 118.124766472271205, -89.99993255000588 ], [ 112.499766472271261, -89.99993255000588 ], [ 106.874766472271261, -89.99993255000588 ], [ 101.249766472271205, -89.99993255000588 ], [ 100.812510612896205, -89.99993255000588 ], [ 95.624766472271261, -89.99993255000588 ], [ 89.999766472271205, -89.99993255000588 ], [ 84.374766472271205, -89.99993255000588 ], [ 78.749766472271261, -89.99993255000588 ], [ 73.124766472271205, -89.99993255000588 ], [ 67.499766472271261, -89.99993255000588 ], [ 61.874766472271205, -89.99993255000588 ], [ 56.249766472271261, -89.99993255000588 ], [ 50.624766472271205, -89.99993255000588 ], [ 44.999766472271205, -89.99993255000588 ], [ 39.374766472271261, -89.99993255000588 ], [ 33.749766472271205, -89.99993255000588 ], [ 28.124766472271261, -89.99993255000588 ], [ 22.499766472271233, -89.99993255000588 ], [ 16.87476647227129, -89.99993255000588 ], [ 11.249766472271233, -89.99993255000588 ], [ 5.62476647227129, -89.99993255000588 ], [ -0.00011145741621, -89.99993255000588 ], [ -0.001698371478767, -89.99993255000588 ], [ -5.625111457416239, -89.99993255000588 ], [ -11.250111457416295, -89.99993255000588 ], [ -16.875111457416239, -89.99993255000588 ], [ -22.500111457416267, -89.99993255000588 ], [ -28.12511145741621, -89.99993255000588 ], [ -33.750111457416267, -89.99993255000588 ], [ -39.375111457416295, -89.99993255000588 ], [ -45.000111457416239, -89.99993255000588 ], [ -50.625111457416267, -89.99993255000588 ], [ -56.25011145741621, -89.99993255000588 ], [ -61.875111457416267, -89.99993255000588 ], [ -67.500111457416295, -89.99993255000588 ], [ -73.125111457416239, -89.99993255000588 ], [ -78.750111457416267, -89.99993255000588 ], [ -84.375111457416239, -89.99993255000588 ], [ -90.000050422260045, -89.99993255000588 ], [ -95.624989387103767, -89.99993255000588 ], [ -101.249989387103724, -89.99993255000588 ], [ -106.874989387103753, -89.99993255000588 ], [ -112.499989387103795, -89.99993255000588 ], [ -118.124989387103739, -89.99993255000588 ], [ -123.749989387103781, -89.99993255000588 ], [ -129.37498938710371, -89.99993255000588 ], [ -134.999989387103767, -89.99993255000588 ], [ -140.624989387103795, -89.99993255000588 ], [ -146.249989387103767, -89.99993255000588 ], [ -151.874991294452371, -89.99993255000588 ], [ -157.4999912944524, -89.99993255000588 ], [ -163.124991294452343, -89.99993255000588 ], [ -168.7499912944524, -89.99993255000588 ], [ -174.374991294452428, -89.99993255000588 ], [ -179.999989387103795, -89.99993255000588 ], [ -179.999989387103795, -86.968684457354556 ], [ -179.999989387103795, -85.618708871417013 ], [ -177.10332381398365, -85.46941687922957 ], [ -167.733122175434119, -86.43072113522831 ], [ -166.1874912944524, -86.589289926104541 ], [ -141.715321418353795, -87.708918832354556 ], [ -121.035084601947545, -87.111872933917013 ], [ -118.806607657493089, -86.922663272181182 ], [ -109.09624182850996, -86.098201058917084 ], [ -103.415943976947531, -86.614558480792041 ], [ -93.262318488666239, -86.439997933917084 ], [ -88.558766242572545, -86.962336801104513 ], [ -85.423207160541239, -86.589289926104541 ], [ -80.495777961322489, -86.962580941729556 ], [ -76.133534308978795, -86.270442269854513 ], [ -72.134083625385017, -86.365290902667056 ], [ -61.53270423085371, -85.245539926104527 ], [ -47.991688605853739, -84.789973519854527 ], [ -47.566838141986551, -84.767901681475664 ], [ -46.392231818744392, -84.706883691363331 ], [ -44.617833015033483, -84.614707253985401 ], [ -42.39357459218192, -84.499160073809662 ], [ -39.869419929095898, -84.368035577349659 ], [ -37.195332404681864, -84.229121469073277 ], [ -34.521229621478739, -84.090205453448306 ], [ -31.99707495839283, -83.959080956988316 ], [ -29.772816535541267, -83.843535684161154 ], [ -27.998402473041239, -83.751357339434634 ], [ -26.823780891010017, -83.690339349322301 ], [ -26.398915168353767, -83.668269418292027 ], [ -20.041615363666267, -82.243374668423883 ], [ -18.266529914447489, -81.845515512042027 ], [ -11.95689856679121, -78.199885629229513 ], [ -10.038441535541267, -77.712153831631753 ], [ -3.684315558978767, -76.096736215167084 ], [ -3.237141486713142, -76.048655770831147 ], [ -2.03868567616621, -75.919804833941441 ], [ -0.303624030658455, -75.733254693560568 ], [ -0.001698371478767, -75.70079201327232 ], [ 1.753398064068136, -75.512086175494233 ], [ 3.917765739849415, -75.279374383502045 ], [ 5.97478783457592, -75.058196328692404 ], [ 7.709849480083761, -74.871630929522553 ], [ 8.908305290630608, -74.74275138240337 ], [ 9.355479362896233, -74.694636605792084 ], [ 19.871470573833761, -74.694636605792084 ], [ 20.070323112896347, -74.678337775646099 ], [ 28.424571159771233, -73.993586801104584 ], [ 29.10128478594271, -73.916682504229556 ], [ 34.075370485999173, -73.351408585447743 ], [ 34.078439272998736, -73.351059836882158 ], [ 34.166537017958973, -73.341048075820368 ], [ 40.763316276958761, -72.591365121417056 ], [ 44.635630730083875, -72.466447074521554 ], [ 53.803111198833761, -72.170710824542056 ], [ 57.466864486372828, -72.694150648732744 ], [ 57.493322736706403, -72.697930734567137 ], [ 57.493936985475074, -72.69801849218679 ], [ 60.673472526958761, -73.152278207354513 ], [ 61.249388120095176, -73.567065421436396 ], [ 63.375987175396261, -75.09868934016707 ], [ 64.898448112896261, -76.697322152667056 ], [ 65.888072136333761, -77.153987191729513 ], [ 67.220103386333705, -76.392756722979584 ], [ 69.261363151958705, -74.398860238604556 ], [ 70.379161003521205, -73.08147742610457 ], [ 72.015879753521261, -72.053889535479556 ], [ 72.541758659771375, -71.912589473211384 ], [ 74.565928581646261, -71.368708871417098 ], [ 78.200205925396205, -71.469661019854556 ], [ 81.416758659771375, -71.188594303307497 ], [ 83.947696148096242, -70.967437571746004 ], [ 92.642222526958761, -70.207698129229584 ], [ 100.678223598550261, -70.15740565511571 ], [ 108.363291862896261, -70.109309457354527 ], [ 125.518113340512997, -69.770808480792084 ], [ 129.584727409771375, -69.690565568585555 ], [ 129.587645470681679, -69.690507989060762 ], [ 136.078257683208705, -69.562434457354584 ], [ 136.084985114753835, -69.562684103369818 ], [ 142.137583855083705, -69.787287972979556 ], [ 151.143116000614583, -70.899065335171016 ], [ 153.494761589458761, -71.18938758235457 ], [ 159.804453972271261, -71.469905160479527 ], [ 161.346690300396205, -72.311091683917056 ], [ 160.645640495708705, -73.853450082354541 ], [ 157.000132683208705, -77.07842566829207 ], [ 156.736061804273476, -77.729812764691587 ], [ 154.896983269146205, -82.266291879229556 ], [ 160.225230339458761, -84.905818246417084 ], [ 171.564417846152224, -86.304356293239479 ], [ 171.564725309696058, -86.304394214780501 ], [ 171.68310225990362, -86.318994438000601 ], [ 171.683360222271205, -86.319026254229556 ], [ 177.493662956646318, -86.676081918292056 ], [ 180.0, -86.958917634707902 ], [ 180.0, -88.021978021978015 ], [ 180.0, -89.99993255000588 ] ] ] } },
{ "type": "Feature", "properties": { "NAME": "Queen Maud Land", "FEATURECLA": "Geoarea", "SCALERANK": 2 }, "geometry": { "type": "MultiPolygon", "coordinates": [ [ [ [ 44.635630730083875, -73.999932550005951 ], [ 44.635630730083761, -73.999934457354541 ], [ 44.635630730083875, -82.651338396762213 ], [ 44.635630730083875, -85.309748910479541 ], [ -0.001698371478767, -85.309748910479541 ], [ -20.041615363666267, -85.309748910479541 ], [ -20.041615363666267, -82.243374668423883 ], [ -20.041615363666267, -81.200887097704708 ], [ -20.041615363666267, -80.11705918551894 ], [ -20.041615363666267, -79.880549691729527 ], [ -20.041615363666267, -75.513490626783167 ], [ -19.49301757812492, -75.539941406250023 ], [ -18.85092773437492, -75.470214843749943 ], [ -18.585156249999955, -75.462597656250011 ], [ -18.304589843750023, -75.431347656250011 ], [ -18.415136718749977, -75.396484375 ], [ -18.51694335937492, -75.389941406250045 ], [ -18.61728515624992, -75.34238281249992 ], [ -18.749218749999898, -75.242089843750023 ], [ -18.61728515624992, -75.11533203124992 ], [ -18.51694335937492, -75.051953125000011 ], [ -18.22119140625, -74.974511718750023 ], [ -18.068261718750023, -74.862988281249955 ], [ -17.922753906250023, -74.69921875 ], [ -17.435839843749932, -74.379101562499955 ], [ -17.299023437499955, -74.333886718749966 ], [ -16.9892578125, -74.319824218749943 ], [ -16.727099609374989, -74.327636718749943 ], [ -16.42954101562492, -74.323925781250011 ], [ -15.672509765624966, -74.40732421874992 ], [ -15.53125, -74.375585937499977 ], [ -15.289746093749898, -74.28085937499992 ], [ -15.089160156249989, -74.163281249999955 ], [ -14.658935546875, -73.988867187499977 ], [ -14.573828124999977, -73.9375 ], [ -14.611425781249977, -73.851757812500011 ], [ -15.259619140624977, -73.888867187500011 ], [ -15.748828124999989, -73.945605468750045 ], [ -16.220117187499966, -73.915722656249955 ], [ -16.281884765624966, -73.866992187499989 ], [ -16.180859374999898, -73.830273437499955 ], [ -16.003124999999898, -73.81591796875 ], [ -15.93564453124992, -73.757617187499989 ], [ -16.097460937499932, -73.709082031249977 ], [ -16.387744140624932, -73.681347656250011 ], [ -16.518847656249989, -73.644042968749943 ], [ -16.507031249999898, -73.555957031250045 ], [ -16.435205078125023, -73.425683593749966 ], [ -16.279101562499932, -73.388476562500045 ], [ -16.149023437499977, -73.334472656249943 ], [ -15.802832031249977, -73.152148437500045 ], [ -15.595996093749932, -73.09677734374992 ], [ -15.007031249999955, -73.04746093749992 ], [ -14.320996093749898, -73.123046874999943 ], [ -14.164697265625023, -73.102441406250023 ], [ -14.000097656249977, -73.000585937499977 ], [ -14.168310546874977, -72.84326171875 ], [ -14.298242187499966, -72.784570312500023 ], [ -14.297753906250023, -72.733007812499977 ], [ -13.938964843749943, -72.75625 ], [ -13.602832031249932, -72.79208984374992 ], [ -13.20859374999992, -72.785058593750023 ], [ -12.74692382812492, -72.62890625 ], [ -12.0947265625, -72.49814453124992 ], [ -11.77734375, -72.444042968750011 ], [ -11.496972656250023, -72.412890625000045 ], [ -11.346484374999989, -72.281640624999966 ], [ -11.121386718749989, -72.031542968749989 ], [ -10.95810546874992, -71.901953124999977 ], [ -10.961035156249977, -71.82236328124992 ], [ -11.009228515624955, -71.75791015624992 ], [ -11.179345703124966, -71.776855468749943 ], [ -11.333056640624932, -71.785546874999966 ], [ -11.696875, -71.719335937499977 ], [ -12.148193359375, -71.613671875000023 ], [ -12.284521484374977, -71.495117187499943 ], [ -12.351318359375, -71.389746093749977 ], [ -12.207812499999989, -71.332226562499955 ], [ -12.073681640624898, -71.296875 ], [ -11.926123046874977, -71.288671874999977 ], [ -11.663037109374898, -71.33125 ], [ -11.328076171874955, -71.439746093750045 ], [ -11.160156249999943, -71.481152343749955 ], [ -10.969824218749977, -71.560058593749943 ], [ -10.825439453125, -71.553320312499977 ], [ -10.659472656249989, -71.442675781249989 ], [ -10.520068359374932, -71.295507812499977 ], [ -10.406640625000023, -71.250292968749989 ], [ -10.23056640624992, -71.200976562500045 ], [ -10.033496093749932, -71.130664062500045 ], [ -10.122314453125, -71.060937499999966 ], [ -10.331005859374955, -71.024023437499977 ], [ -10.35996093749992, -70.982421874999943 ], [ -10.27060546874992, -70.935742187500011 ], [ -10.098730468749977, -70.926367187499977 ], [ -9.887988281249932, -71.027343749999943 ], [ -9.599365234374943, -71.09531249999992 ], [ -9.402343749999943, -71.117578125000023 ], [ -9.230664062499898, -71.174023437500011 ], [ -8.965917968749977, -71.361328124999943 ], [ -8.646484375, -71.672753906249966 ], [ -8.497705078124966, -71.674804687499943 ], [ -8.216455078125023, -71.647070312499977 ], [ -7.915820312499989, -71.63535156249992 ], [ -7.71372070312492, -71.54648437499992 ], [ -7.668994140624989, -71.324316406249977 ], [ -7.590136718749989, -71.223730468749977 ], [ -7.617968749999989, -71.121484375000023 ], [ -7.756884765624932, -71.01718749999992 ], [ -7.873486328124955, -70.940332031249966 ], [ -7.854931640624898, -70.884570312499989 ], [ -7.752734374999989, -70.8427734375 ], [ -7.619775390624966, -70.829003906249966 ], [ -7.388134765624955, -70.786914062499989 ], [ -7.031591796874977, -70.835156249999955 ], [ -6.838183593749989, -70.844531249999989 ], [ -6.547509765625023, -70.81689453125 ], [ -6.245214843749977, -70.755761718749966 ], [ -5.936328124999932, -70.712695312500045 ], [ -5.694726562500023, -70.745312499999955 ], [ -5.587890625, -70.856738281249989 ], [ -5.708691406249955, -70.96826171875 ], [ -5.90380859375, -71.051855468749977 ], [ -6.080273437499955, -71.154101562500045 ], [ -6.126757812499932, -71.265625 ], [ -6.117480468749989, -71.325976562500045 ], [ -5.950048828124977, -71.341601562500045 ], [ -4.450146484374955, -71.327734374999977 ], [ -4.253222656249989, -71.33847656249992 ], [ -3.994824218749898, -71.3388671875 ], [ -3.713183593749989, -71.37460937499992 ], [ -3.239648437499966, -71.360449218749977 ], [ -2.81201171875, -71.320996093750011 ], [ -2.610253906250023, -71.320800781249943 ], [ -2.261328124999977, -71.357128906250011 ], [ -2.014599609374898, -71.433398437499989 ], [ -1.500634765624966, -71.412304687499955 ], [ -1.354248046875, -71.38681640624992 ], [ -1.216357421874989, -71.284179687499943 ], [ -1.067773437500023, -71.265625 ], [ -0.895849609374977, -71.349218749999977 ], [ -0.840087890625, -71.539746093749955 ], [ -0.759863281249977, -71.630273437500023 ], [ -0.543164062499955, -71.712695312500045 ], [ -0.326953124999989, -71.641894531249989 ], [ -0.1845703125, -71.558886718750045 ], [ 0.15419921875008, -71.397949218749943 ], [ 0.538476562500023, -71.274218750000045 ], [ 0.834960937500057, -71.202343750000011 ], [ 1.552246093749943, -71.080273437500011 ], [ 1.908691406250114, -71.003613281250011 ], [ 2.609472656250034, -70.900097656249955 ], [ 3.50693359374992, -70.844433593750011 ], [ 5.113085937500102, -70.655664062499966 ], [ 5.64394531250008, -70.636328124999977 ], [ 6.508007812500068, -70.58642578125 ], [ 6.950976562500102, -70.535253906249977 ], [ 7.401171875000159, -70.494433593749989 ], [ 7.6767578125, -70.356347656250023 ], [ 8.306738281250091, -70.461621093750011 ], [ 8.523046875000091, -70.473828125000011 ], [ 8.817480468750034, -70.390820312499955 ], [ 9.1416015625, -70.18369140624992 ], [ 9.613476562500011, -70.26904296875 ], [ 9.885546875000045, -70.40292968749992 ], [ 10.217675781250023, -70.50791015624992 ], [ 10.968847656250091, -70.687695312499955 ], [ 11.203515625000136, -70.728710937499955 ], [ 11.701269531250091, -70.766601562499943 ], [ 11.833593750000034, -70.736523437499955 ], [ 12.067968750000034, -70.616503906249989 ], [ 12.308789062500068, -70.443261718749966 ], [ 12.461621093750125, -70.3701171875 ], [ 12.681933593750045, -70.30869140624992 ], [ 12.929394531250011, -70.213378906249943 ], [ 12.864550781250102, -70.162304687500011 ], [ 12.723437500000159, -70.143652343749977 ], [ 12.595117187500136, -70.117382812500011 ], [ 12.626269531250045, -70.065625 ], [ 12.646124496317679, -70.06508217699411 ], [ 12.735118034771347, -70.071467660479556 ], [ 12.769407637385202, -70.061711688807577 ], [ 13.065625, -70.053613281250023 ], [ 13.297949218749977, -70.229589843749977 ], [ 13.532617187499966, -70.2875 ], [ 13.82265625000008, -70.343164062500023 ], [ 14.491796874999977, -70.299609375000045 ], [ 15.063867187500023, -70.294726562499989 ], [ 15.56289062500008, -70.330761718749955 ], [ 15.806933593750045, -70.324023437500045 ], [ 16.025195312500102, -70.193457031249977 ], [ 16.381054687500125, -70.145117187499977 ], [ 16.58486328125008, -70.203808593749955 ], [ 16.709179687500011, -70.397265625000045 ], [ 17.166699218750125, -70.450878906250011 ], [ 18.124609375000034, -70.540332031250045 ], [ 18.232031250000091, -70.518261718749955 ], [ 18.351367187500045, -70.41552734375 ], [ 18.432617187500114, -70.289941406250023 ], [ 18.627343749999966, -70.269433593750023 ], [ 18.877246093750102, -70.201367187500011 ], [ 19.009375, -70.212109374999955 ], [ 19.196386718750091, -70.293164062499955 ], [ 19.13232421875, -70.491894531250011 ], [ 19.026562500000125, -70.674023437500011 ], [ 19.15292968749992, -70.820898437499977 ], [ 19.265136718750057, -70.90234375 ], [ 19.40927734374992, -70.916992187499943 ], [ 19.65185546875, -70.920605468749955 ], [ 19.944238281250023, -70.910156249999943 ], [ 20.128125, -70.917578124999977 ], [ 21.070800781250057, -70.843457031249955 ], [ 21.186035156250057, -70.680566406250023 ], [ 21.337304687499966, -70.495117187499943 ], [ 21.70498046875008, -70.258496093750011 ], [ 21.848925781250102, -70.276757812499966 ], [ 21.962304687500136, -70.30039062499992 ], [ 22.215820312500057, -70.417285156249989 ], [ 22.366015625000102, -70.47509765625 ], [ 22.396484375000114, -70.561328125000045 ], [ 22.233691406250159, -70.64267578124992 ], [ 22.277832031250114, -70.695605468750045 ], [ 22.445410156249977, -70.73974609375 ], [ 22.979003906249943, -70.810351562500045 ], [ 23.149902343749943, -70.796289062500023 ], [ 23.406835937500091, -70.723242187499977 ], [ 23.664843750000045, -70.575 ], [ 23.80361328125008, -70.404589843749989 ], [ 24.024121093750068, -70.413378906249989 ], [ 24.235742187500023, -70.448632812500023 ], [ 24.3857421875, -70.536914062500045 ], [ 24.3857421875, -70.704394531250045 ], [ 24.588378906250114, -70.820410156249977 ], [ 24.75673828125008, -70.89208984375 ], [ 25.18740234375008, -70.970996093750045 ], [ 25.650195312500045, -70.990625 ], [ 25.974121093749943, -71.037402343750045 ], [ 26.498828125000102, -71.019531249999943 ], [ 26.754394531250114, -70.96728515625 ], [ 26.917968750000057, -70.953710937499977 ], [ 27.206835937500102, -70.910937500000045 ], [ 27.508593750000102, -70.813281250000045 ], [ 27.697753906250114, -70.7724609375 ], [ 28.386425781250068, -70.682031250000023 ], [ 28.911523437500136, -70.583105468749977 ], [ 29.4638671875, -70.40625 ], [ 30.003320312500136, -70.3 ], [ 30.834082031250091, -70.246289062500011 ], [ 31.062890625000023, -70.22470703124992 ], [ 31.37880859375008, -70.225781250000011 ], [ 32.159570312500136, -70.099804687500011 ], [ 32.456542968750057, -70.025976562499977 ], [ 32.621289062500068, -70.00058593749992 ], [ 32.809765625000068, -69.909375 ], [ 32.911523437500023, -69.733691406249989 ], [ 32.989355468750091, -69.624218750000011 ], [ 32.975976562500023, -69.516992187500023 ], [ 32.903125000000102, -69.378710937499989 ], [ 32.737988281250011, -69.2548828125 ], [ 32.567578125000125, -69.074218749999943 ], [ 32.641601562500114, -68.868945312500045 ], [ 32.776171875000159, -68.783105468749966 ], [ 33.121484374999966, -68.689160156250011 ], [ 33.465625000000102, -68.670703124999989 ], [ 33.853515625000114, -68.683007812500023 ], [ 34.192871093750114, -68.702441406250045 ], [ 34.219335937500034, -68.790625 ], [ 34.074218750000114, -68.88535156249992 ], [ 33.884863281250091, -68.979296875000045 ], [ 33.772070312500034, -69.02001953125 ], [ 33.813671875000125, -69.099316406250011 ], [ 34.058593750000114, -69.110546874999955 ], [ 34.595898437500011, -69.094531249999989 ], [ 34.74951171875, -69.167675781250011 ], [ 35.13134765625, -69.48691406249992 ], [ 35.224804687500011, -69.63730468749992 ], [ 35.357031249999977, -69.681347656250011 ], [ 35.567675781250102, -69.660058593750023 ], [ 36.017773437500125, -69.661816406250011 ], [ 36.331152343750034, -69.639355468749955 ], [ 36.585937500000057, -69.637890624999955 ], [ 36.718750000000114, -69.652246093750023 ], [ 36.855761718750102, -69.725585937499943 ], [ 37.114843749999977, -69.810449218750023 ], [ 37.374511718750114, -69.747851562500045 ], [ 37.559765625000011, -69.718359374999977 ], [ 37.787109375, -69.725683593749977 ], [ 38.144335937500102, -69.82421875 ], [ 38.499414062500136, -70.05615234375 ], [ 38.885546875000102, -70.171875 ], [ 38.91171874999992, -70.097851562499955 ], [ 38.85927734375008, -70.006054687500011 ], [ 39.01875, -69.924218750000023 ], [ 39.211328125000023, -69.785937499999989 ], [ 39.246761232606985, -69.763068523003923 ], [ 39.778697136333705, -69.611384652667027 ], [ 39.834748800054768, -69.058209142447396 ], [ 39.838839014456788, -69.017842696769378 ], [ 39.86386718749992, -68.966992187499955 ], [ 40.041699218750125, -68.867773437499977 ], [ 40.215625, -68.804882812499955 ], [ 40.483886718750114, -68.73886718749992 ], [ 40.817089843749955, -68.723632812499943 ], [ 41.132714843750136, -68.575097656249966 ], [ 41.35634765625008, -68.514941406250045 ], [ 41.82460937500008, -68.4326171875 ], [ 42.408789062500091, -68.351855468750045 ], [ 42.802307157047501, -68.132828873568002 ], [ 42.960465590334003, -68.095405708677063 ], [ 42.960937500000114, -68.09531249999992 ], [ 43.170898437500057, -68.059765624999955 ], [ 43.554101562499966, -68.045605468750011 ], [ 44.177539062500159, -67.972460937500045 ], [ 44.372851562500159, -67.961328124999966 ], [ 44.635630730083875, -67.915490898635312 ], [ 44.635630730083875, -72.466447074521554 ], [ 44.635630730083875, -73.999932550005951 ] ] ], [ [ [ 16.246875000000159, -69.704980468750023 ], [ 16.573437500000068, -69.72324218749992 ], [ 16.62548828125, -69.750292968750045 ], [ 16.315429687500057, -69.844433593750011 ], [ 16.22265625, -70.007617187500045 ], [ 16.159277343750034, -70.071972656250011 ], [ 15.844921874999955, -69.982031249999977 ], [ 15.663476562500136, -69.955078125 ], [ 15.613867187499977, -69.93906249999992 ], [ 15.570996093750125, -69.884765624999943 ], [ 15.562597656249977, -69.862792968749943 ], [ 15.596875, -69.828027343749966 ], [ 15.699023437500102, -69.773242187499989 ], [ 15.909570312499966, -69.728417968750023 ], [ 16.246875000000159, -69.704980468750023 ] ] ], [ [ [ 26.604785156249989, -70.07822265624992 ], [ 26.686230468750068, -70.114453124999955 ], [ 26.737402343750034, -70.18603515625 ], [ 26.874804687500159, -70.329980468749966 ], [ 26.857226562500102, -70.381152343750045 ], [ 26.79296875, -70.419335937499966 ], [ 26.608789062500136, -70.412402343749989 ], [ 26.470214843749943, -70.447949218749955 ], [ 26.357617187500125, -70.434277343750011 ], [ 26.005371093750114, -70.372949218750023 ], [ 25.96425781250008, -70.294531249999977 ], [ 25.954101562499943, -70.261425781249955 ], [ 25.982519531250091, -70.199902343749955 ], [ 26.301074218750159, -70.072460937500011 ], [ 26.425585937500102, -70.060546875 ], [ 26.604785156249989, -70.07822265624992 ] ] ], [ [ [ 1.4609375, -70.135644531250023 ], [ 1.299316406249943, -70.255175781250045 ], [ 1.211523437500034, -70.38134765625 ], [ 1.156347656249977, -70.378125 ], [ 1.104589843750091, -70.30419921875 ], [ 0.990332031250091, -70.224316406249955 ], [ 0.952539062500023, -70.168945312499943 ], [ 0.949609375000136, -70.094042968750045 ], [ 1.026757812500023, -70.0498046875 ], [ 1.31484375000008, -70.022753906249989 ], [ 1.412207031250034, -70.040722656249955 ], [ 1.4609375, -70.135644531250023 ] ] ], [ [ [ 4.069726562500023, -70.290234374999955 ], [ 4.111718750000023, -70.266796875000011 ], [ 4.256054687500125, -70.24082031249992 ], [ 4.495019531250136, -70.251367187499966 ], [ 4.586230468750102, -70.294238281249989 ], [ 4.61757812500008, -70.368652343749943 ], [ 4.58994140624992, -70.432519531250023 ], [ 4.525878906250057, -70.478710937500011 ], [ 4.365234375, -70.502636718750011 ], [ 4.179687500000057, -70.45126953124992 ], [ 4.129589843750125, -70.416992187499943 ], [ 4.076171875000057, -70.32529296874992 ], [ 4.069726562500023, -70.290234374999955 ] ] ], [ [ [ 3.23056640624992, -70.402636718750045 ], [ 3.259863281250034, -70.448828124999977 ], [ 3.221289062499977, -70.519140624999977 ], [ 3.171093750000068, -70.553906249999955 ], [ 3.036914062500102, -70.597363281250011 ], [ 2.697753906250114, -70.62353515625 ], [ 2.622753906250125, -70.59335937499992 ], [ 2.584667968749955, -70.534570312500023 ], [ 2.631445312500091, -70.500390624999966 ], [ 3.072167968750023, -70.381640625000045 ], [ 3.19277343750008, -70.392675781249977 ], [ 3.23056640624992, -70.402636718750045 ] ] ], [ [ [ -3.537060546874898, -70.683300781250011 ], [ -3.0400390625, -70.674414062499977 ], [ -2.749804687499932, -70.694140624999989 ], [ -2.532812499999977, -70.767773437500011 ], [ -2.423437499999977, -70.800390624999977 ], [ -2.255566406249955, -70.796093750000011 ], [ -2.09228515625, -70.820898437499977 ], [ -2.119042968750023, -70.855371093750023 ], [ -2.212695312499932, -70.901562500000011 ], [ -2.293164062499898, -70.997949218750023 ], [ -2.368945312499989, -71.044433593749943 ], [ -2.606738281249989, -71.141113281249943 ], [ -2.783496093749932, -71.16748046875 ], [ -2.825146484374898, -71.112695312500023 ], [ -2.821875, -71.056738281249977 ], [ -2.80517578125, -71.014746093749977 ], [ -2.800537109374943, -70.982226562499989 ], [ -2.963134765624943, -70.940332031249966 ], [ -2.975, -70.88330078125 ], [ -3.006982421875023, -70.851464843750023 ], [ -3.488964843749955, -70.73593749999992 ], [ -3.574658203124955, -70.703125 ], [ -3.537060546874898, -70.683300781250011 ] ] ], [ [ [ -3.191357421874898, -71.09482421874992 ], [ -2.954980468749966, -71.213769531250023 ], [ -3.060595703124989, -71.236621093750045 ], [ -3.201464843749932, -71.230273437499989 ], [ -3.309375, -71.200878906249955 ], [ -3.385644531249966, -71.142968749999966 ], [ -3.403857421874932, -71.119824218749955 ], [ -3.391699218749977, -71.081152343749977 ], [ -3.398974609374932, -71.06210937499992 ], [ -3.263037109374977, -71.051757812499943 ], [ -3.212792968750023, -71.075976562499989 ], [ -3.191357421874898, -71.09482421874992 ] ] ], [ [ [ -6.26611328125, -70.550195312500023 ], [ -6.43798828125, -70.45263671875 ], [ -6.243652343749943, -70.445703125000023 ], [ -6.068261718750023, -70.404687500000023 ], [ -5.971630859374955, -70.421484374999977 ], [ -5.949511718749989, -70.43222656249992 ], [ -5.894091796874932, -70.55224609375 ], [ -6.156103515624977, -70.611523437499955 ], [ -6.180859374999955, -70.58554687499992 ], [ -6.26611328125, -70.550195312500023 ] ] ], [ [ [ -3.496826171875, -70.48837890624992 ], [ -3.287451171874977, -70.344042968749989 ], [ -3.173242187500023, -70.307324218750011 ], [ -2.949902343749955, -70.279687499999966 ], [ -2.805126953124898, -70.288476562499966 ], [ -2.713525390625023, -70.320214843750023 ], [ -2.684375, -70.376171875000011 ], [ -2.68271484374992, -70.462207031249989 ], [ -2.738037109375, -70.507031250000011 ], [ -3.280224609374898, -70.53378906249992 ], [ -3.44189453125, -70.535449218749989 ], [ -3.490234374999943, -70.508007812500011 ], [ -3.496826171875, -70.48837890624992 ] ] ], [ [ [ -12.87548828125, -72.000683593750011 ], [ -12.788867187499932, -72.006542968749955 ], [ -12.636621093750023, -72.0712890625 ], [ -12.534765624999977, -72.140039062499966 ], [ -12.50888671874992, -72.17333984375 ], [ -12.588427734374989, -72.196093750000045 ], [ -12.720166015624898, -72.187695312500011 ], [ -12.888427734375, -72.137109375000023 ], [ -12.943701171874977, -72.098925781250045 ], [ -12.963281250000023, -72.064453124999943 ], [ -12.914794921874943, -72.0146484375 ], [ -12.87548828125, -72.000683593750011 ] ] ], [ [ [ -16.302880859374966, -72.47802734375 ], [ -16.172509765624966, -72.6 ], [ -16.104492187499943, -72.679101562500023 ], [ -16.1748046875, -72.702832031249955 ], [ -16.317578124999955, -72.7021484375 ], [ -16.453027343750023, -72.65234375 ], [ -16.509765625, -72.582226562500011 ], [ -16.516552734374898, -72.53085937499992 ], [ -16.455371093749932, -72.473535156249966 ], [ -16.355859375000023, -72.45859374999992 ], [ -16.302880859374966, -72.47802734375 ] ] ] ] } },
{ "type": "Feature", "properties": { "NAME": "New Swabia", "FEATURECLA": "Geoarea", "SCALERANK": 3 }, "geometry": { "type": "MultiPolygon", "coordinates": [ [ [ [ 20.070323112896347, -74.678337775646099 ], [ 20.070323112896347, -82.684870980792056 ], [ -0.001698371478767, -82.684870980792056 ], [ -10.038441535541267, -82.684870980792056 ], [ -10.038441535541267, -77.712153831631753 ], [ -10.038441535541267, -75.447589944415114 ], [ -10.038441535541267, -71.132428541236294 ], [ -10.033496093749932, -71.130664062500045 ], [ -10.038441535541267, -71.126781659598436 ], [ -10.038441535541267, -70.955254470603677 ], [ -9.887988281249932, -71.027343749999943 ], [ -9.599365234374943, -71.09531249999992 ], [ -9.402343749999943, -71.117578125000023 ], [ -9.230664062499898, -71.174023437500011 ], [ -8.965917968749977, -71.361328124999943 ], [ -8.646484375, -71.672753906249966 ], [ -8.497705078124966, -71.674804687499943 ], [ -8.216455078125023, -71.647070312499977 ], [ -7.915820312499989, -71.63535156249992 ], [ -7.71372070312492, -71.54648437499992 ], [ -7.668994140624989, -71.324316406249977 ], [ -7.590136718749989, -71.223730468749977 ], [ -7.617968749999989, -71.121484375000023 ], [ -7.756884765624932, -71.01718749999992 ], [ -7.873486328124955, -70.940332031249966 ], [ -7.854931640624898, -70.884570312499989 ], [ -7.752734374999989, -70.8427734375 ], [ -7.619775390624966, -70.829003906249966 ], [ -7.388134765624955, -70.786914062499989 ], [ -7.031591796874977, -70.835156249999955 ], [ -6.838183593749989, -70.844531249999989 ], [ -6.547509765625023, -70.81689453125 ], [ -6.245214843749977, -70.755761718749966 ], [ -5.936328124999932, -70.712695312500045 ], [ -5.694726562500023, -70.745312499999955 ], [ -5.587890625, -70.856738281249989 ], [ -5.708691406249955, -70.96826171875 ], [ -5.90380859375, -71.051855468749977 ], [ -6.080273437499955, -71.154101562500045 ], [ -6.126757812499932, -71.265625 ], [ -6.117480468749989, -71.325976562500045 ], [ -5.950048828124977, -71.341601562500045 ], [ -4.450146484374955, -71.327734374999977 ], [ -4.253222656249989, -71.33847656249992 ], [ -3.994824218749898, -71.3388671875 ], [ -3.713183593749989, -71.37460937499992 ], [ -3.239648437499966, -71.360449218749977 ], [ -2.81201171875, -71.320996093750011 ], [ -2.610253906250023, -71.320800781249943 ], [ -2.261328124999977, -71.357128906250011 ], [ -2.014599609374898, -71.433398437499989 ], [ -1.500634765624966, -71.412304687499955 ], [ -1.354248046875, -71.38681640624992 ], [ -1.216357421874989, -71.284179687499943 ], [ -1.067773437500023, -71.265625 ], [ -0.895849609374977, -71.349218749999977 ], [ -0.840087890625, -71.539746093749955 ], [ -0.759863281249977, -71.630273437500023 ], [ -0.543164062499955, -71.712695312500045 ], [ -0.326953124999989, -71.641894531249989 ], [ -0.1845703125, -71.558886718750045 ], [ 0.15419921875008, -71.397949218749943 ], [ 0.538476562500023, -71.274218750000045 ], [ 0.834960937500057, -71.202343750000011 ], [ 1.552246093749943, -71.080273437500011 ], [ 1.908691406250114, -71.003613281250011 ], [ 2.609472656250034, -70.900097656249955 ], [ 3.50693359374992, -70.844433593750011 ], [ 5.113085937500102, -70.655664062499966 ], [ 5.64394531250008, -70.636328124999977 ], [ 6.508007812500068, -70.58642578125 ], [ 6.950976562500102, -70.535253906249977 ], [ 7.401171875000159, -70.494433593749989 ], [ 7.6767578125, -70.356347656250023 ], [ 8.306738281250091, -70.461621093750011 ], [ 8.523046875000091, -70.473828125000011 ], [ 8.817480468750034, -70.390820312499955 ], [ 9.1416015625, -70.18369140624992 ], [ 9.613476562500011, -70.26904296875 ], [ 9.885546875000045, -70.40292968749992 ], [ 10.217675781250023, -70.50791015624992 ], [ 10.968847656250091, -70.687695312499955 ], [ 11.203515625000136, -70.728710937499955 ], [ 11.701269531250091, -70.766601562499943 ], [ 11.833593750000034, -70.736523437499955 ], [ 12.067968750000034, -70.616503906249989 ], [ 12.308789062500068, -70.443261718749966 ], [ 12.461621093750125, -70.3701171875 ], [ 12.681933593750045, -70.30869140624992 ], [ 12.929394531250011, -70.213378906249943 ], [ 12.864550781250102, -70.162304687500011 ], [ 12.723437500000159, -70.143652343749977 ], [ 12.595117187500136, -70.117382812500011 ], [ 12.626269531250045, -70.065625 ], [ 12.646124496317679, -70.06508217699411 ], [ 12.735118034771347, -70.071467660479556 ], [ 12.769407637385202, -70.061711688807577 ], [ 13.065625, -70.053613281250023 ], [ 13.297949218749977, -70.229589843749977 ], [ 13.532617187499966, -70.2875 ], [ 13.82265625000008, -70.343164062500023 ], [ 14.491796874999977, -70.299609375000045 ], [ 15.063867187500023, -70.294726562499989 ], [ 15.56289062500008, -70.330761718749955 ], [ 15.806933593750045, -70.324023437500045 ], [ 16.025195312500102, -70.193457031249977 ], [ 16.381054687500125, -70.145117187499977 ], [ 16.58486328125008, -70.203808593749955 ], [ 16.709179687500011, -70.397265625000045 ], [ 17.166699218750125, -70.450878906250011 ], [ 18.124609375000034, -70.540332031250045 ], [ 18.232031250000091, -70.518261718749955 ], [ 18.351367187500045, -70.41552734375 ], [ 18.432617187500114, -70.289941406250023 ], [ 18.627343749999966, -70.269433593750023 ], [ 18.877246093750102, -70.201367187500011 ], [ 19.009375, -70.212109374999955 ], [ 19.196386718750091, -70.293164062499955 ], [ 19.13232421875, -70.491894531250011 ], [ 19.026562500000125, -70.674023437500011 ], [ 19.15292968749992, -70.820898437499977 ], [ 19.265136718750057, -70.90234375 ], [ 19.40927734374992, -70.916992187499943 ], [ 19.65185546875, -70.920605468749955 ], [ 19.944238281250023, -70.910156249999943 ], [ 20.070323112896347, -70.915245175759452 ], [ 20.070323112896347, -73.91668060375838 ], [ 20.070323112896347, -74.678337775646099 ] ] ], [ [ [ 16.246875000000159, -69.704980468750023 ], [ 16.573437500000068, -69.72324218749992 ], [ 16.62548828125, -69.750292968750045 ], [ 16.315429687500057, -69.844433593750011 ], [ 16.22265625, -70.007617187500045 ], [ 16.159277343750034, -70.071972656250011 ], [ 15.844921874999955, -69.982031249999977 ], [ 15.663476562500136, -69.955078125 ], [ 15.613867187499977, -69.93906249999992 ], [ 15.570996093750125, -69.884765624999943 ], [ 15.562597656249977, -69.862792968749943 ], [ 15.596875, -69.828027343749966 ], [ 15.699023437500102, -69.773242187499989 ], [ 15.909570312499966, -69.728417968750023 ], [ 16.246875000000159, -69.704980468750023 ] ] ], [ [ [ 1.4609375, -70.135644531250023 ], [ 1.299316406249943, -70.255175781250045 ], [ 1.211523437500034, -70.38134765625 ], [ 1.156347656249977, -70.378125 ], [ 1.104589843750091, -70.30419921875 ], [ 0.990332031250091, -70.224316406249955 ], [ 0.952539062500023, -70.168945312499943 ], [ 0.949609375000136, -70.094042968750045 ], [ 1.026757812500023, -70.0498046875 ], [ 1.31484375000008, -70.022753906249989 ], [ 1.412207031250034, -70.040722656249955 ], [ 1.4609375, -70.135644531250023 ] ] ], [ [ [ 4.069726562500023, -70.290234374999955 ], [ 4.111718750000023, -70.266796875000011 ], [ 4.256054687500125, -70.24082031249992 ], [ 4.495019531250136, -70.251367187499966 ], [ 4.586230468750102, -70.294238281249989 ], [ 4.61757812500008, -70.368652343749943 ], [ 4.58994140624992, -70.432519531250023 ], [ 4.525878906250057, -70.478710937500011 ], [ 4.365234375, -70.502636718750011 ], [ 4.179687500000057, -70.45126953124992 ], [ 4.129589843750125, -70.416992187499943 ], [ 4.076171875000057, -70.32529296874992 ], [ 4.069726562500023, -70.290234374999955 ] ] ], [ [ [ 3.23056640624992, -70.402636718750045 ], [ 3.259863281250034, -70.448828124999977 ], [ 3.221289062499977, -70.519140624999977 ], [ 3.171093750000068, -70.553906249999955 ], [ 3.036914062500102, -70.597363281250011 ], [ 2.697753906250114, -70.62353515625 ], [ 2.622753906250125, -70.59335937499992 ], [ 2.584667968749955, -70.534570312500023 ], [ 2.631445312500091, -70.500390624999966 ], [ 3.072167968750023, -70.381640625000045 ], [ 3.19277343750008, -70.392675781249977 ], [ 3.23056640624992, -70.402636718750045 ] ] ], [ [ [ -3.537060546874898, -70.683300781250011 ], [ -3.0400390625, -70.674414062499977 ], [ -2.749804687499932, -70.694140624999989 ], [ -2.532812499999977, -70.767773437500011 ], [ -2.423437499999977, -70.800390624999977 ], [ -2.255566406249955, -70.796093750000011 ], [ -2.09228515625, -70.820898437499977 ], [ -2.119042968750023, -70.855371093750023 ], [ -2.212695312499932, -70.901562500000011 ], [ -2.293164062499898, -70.997949218750023 ], [ -2.368945312499989, -71.044433593749943 ], [ -2.606738281249989, -71.141113281249943 ], [ -2.783496093749932, -71.16748046875 ], [ -2.825146484374898, -71.112695312500023 ], [ -2.821875, -71.056738281249977 ], [ -2.80517578125, -71.014746093749977 ], [ -2.800537109374943, -70.982226562499989 ], [ -2.963134765624943, -70.940332031249966 ], [ -2.975, -70.88330078125 ], [ -3.006982421875023, -70.851464843750023 ], [ -3.488964843749955, -70.73593749999992 ], [ -3.574658203124955, -70.703125 ], [ -3.537060546874898, -70.683300781250011 ] ] ], [ [ [ -3.191357421874898, -71.09482421874992 ], [ -2.954980468749966, -71.213769531250023 ], [ -3.060595703124989, -71.236621093750045 ], [ -3.201464843749932, -71.230273437499989 ], [ -3.309375, -71.200878906249955 ], [ -3.385644531249966, -71.142968749999966 ], [ -3.403857421874932, -71.119824218749955 ], [ -3.391699218749977, -71.081152343749977 ], [ -3.398974609374932, -71.06210937499992 ], [ -3.263037109374977, -71.051757812499943 ], [ -3.212792968750023, -71.075976562499989 ], [ -3.191357421874898, -71.09482421874992 ] ] ], [ [ [ -6.26611328125, -70.550195312500023 ], [ -6.43798828125, -70.45263671875 ], [ -6.243652343749943, -70.445703125000023 ], [ -6.068261718750023, -70.404687500000023 ], [ -5.971630859374955, -70.421484374999977 ], [ -5.949511718749989, -70.43222656249992 ], [ -5.894091796874932, -70.55224609375 ], [ -6.156103515624977, -70.611523437499955 ], [ -6.180859374999955, -70.58554687499992 ], [ -6.26611328125, -70.550195312500023 ] ] ], [ [ [ -3.496826171875, -70.48837890624992 ], [ -3.287451171874977, -70.344042968749989 ], [ -3.173242187500023, -70.307324218750011 ], [ -2.949902343749955, -70.279687499999966 ], [ -2.805126953124898, -70.288476562499966 ], [ -2.713525390625023, -70.320214843750023 ], [ -2.684375, -70.376171875000011 ], [ -2.68271484374992, -70.462207031249989 ], [ -2.738037109375, -70.507031250000011 ], [ -3.280224609374898, -70.53378906249992 ], [ -3.44189453125, -70.535449218749989 ], [ -3.490234374999943, -70.508007812500011 ], [ -3.496826171875, -70.48837890624992 ] ] ] ] } },
{ "type": "Feature", "properties": { "NAME": "ANTARCTICA", "FEATURECLA": "Continent", "SCALERANK": 0 }, "geometry": { "type": "MultiPolygon", "coordinates": [ [ [ [ -60.89404296875, -68.75888671874992 ], [ -61.014941406249932, -68.709765625000045 ], [ -60.947167968750023, -68.6806640625 ], [ -60.813574218749977, -68.687695312500011 ], [ -60.74438551096349, -68.709567270417224 ], [ -60.732724404782701, -68.789861878022151 ], [ -60.820068359374943, -68.778417968749977 ], [ -60.89404296875, -68.75888671874992 ] ] ], [ [ [ -60.826074218750023, -70.710546874999977 ], [ -60.896484375, -70.689648437500011 ], [ -60.9580078125, -70.629003906249977 ], [ -60.975537109375011, -70.59912109375 ], [ -60.941796874999966, -70.532519531250045 ], [ -60.883886718749977, -70.517578125 ], [ -60.565625548803247, -70.509107474313851 ], [ -60.540299680177242, -70.659962798102669 ], [ -60.740625, -70.710546874999977 ], [ -60.826074218750023, -70.710546874999977 ] ] ], [ [ [ -45.9931640625, -77.826855468750011 ], [ -45.530273437499943, -77.88144531249992 ], [ -44.851953125000023, -77.98837890624992 ], [ -44.594482421875, -78.03515625 ], [ -44.33984375, -78.09287109374992 ], [ -44.093994140625, -78.167285156249989 ], [ -43.854492187499943, -78.258496093750011 ], [ -43.80859375, -78.286523437500023 ], [ -43.784570312500023, -78.336328124999966 ], [ -43.77670898437492, -78.385058593750045 ], [ -43.788281249999955, -78.432617187499943 ], [ -43.852294921874943, -78.529882812499977 ], [ -43.947216796874955, -78.597558593749966 ], [ -45.067822265624955, -78.661425781250045 ], [ -45.213085937499898, -78.68701171875 ], [ -45.29477539062492, -78.73984374999992 ], [ -45.352343749999932, -78.791210937500011 ], [ -45.22265625, -78.810742187499955 ], [ -45.091601562499989, -78.814257812499989 ], [ -44.566308593750023, -78.804296874999977 ], [ -44.041162109374966, -78.806640624999943 ], [ -43.722070312499966, -78.81845703124992 ], [ -43.627343750000023, -78.846093749999966 ], [ -43.544335937500023, -78.901953124999977 ], [ -43.450634765624898, -78.989648437500023 ], [ -43.363671874999966, -79.084765625000045 ], [ -43.267236328125023, -79.1630859375 ], [ -43.210546874999977, -79.3 ], [ -43.118701171874989, -79.35 ], [ -42.965380859374989, -79.47705078125 ], [ -42.944677734374977, -79.5791015625 ], [ -42.989990234374943, -79.80126953125 ], [ -43.06591796875, -79.891406250000045 ], [ -43.267285156249955, -79.978613281249977 ], [ -43.495800781249955, -79.96933593749992 ], [ -43.600292968749955, -79.973925781249989 ], [ -43.703662109374932, -79.990136718750023 ], [ -43.7421875, -80.002929687499943 ], [ -43.758203124999966, -80.020507812499943 ], [ -43.489990234374943, -80.095507812500045 ], [ -43.458837890624977, -80.123046875 ], [ -43.453759765625023, -80.155078125000045 ], [ -43.489355468749977, -80.178027343749989 ], [ -43.527929687499977, -80.191406249999943 ], [ -49.1875, -80.642773437500011 ], [ -49.410449218749932, -80.666894531250023 ], [ -49.629687499999932, -80.712304687500023 ], [ -49.701318359374966, -80.753222656250045 ], [ -49.77304687499992, -80.784179687499943 ], [ -54.1625, -80.870117187499943 ], [ -54.202099609374955, -80.86386718749992 ], [ -54.24130859374992, -80.846972656250045 ], [ -54.350781249999955, -80.760351562499977 ], [ -54.37158203125, -80.62363281249992 ], [ -54.34716796875, -80.569433593749977 ], [ -54.129589843750011, -80.516503906250023 ], [ -54.044921875, -80.4875 ], [ -53.676074218749989, -80.283691406249943 ], [ -53.482324218750023, -80.18896484375 ], [ -53.393896484374977, -80.108789062500023 ], [ -53.346484374999989, -80.114453125000011 ], [ -53.176416015624966, -80.160937500000045 ], [ -53.053466796875, -80.175 ], [ -52.807226562499977, -80.155957031250011 ], [ -52.566796875000023, -80.099023437499966 ], [ -52.460986328124989, -80.066601562500011 ], [ -52.357128906249955, -80.077832031250011 ], [ -52.338085937500011, -80.126074218749977 ], [ -52.297167968749989, -80.141210937499977 ], [ -51.711328125000023, -79.98984374999992 ], [ -51.183837890625, -79.819726562500023 ], [ -50.664355468749989, -79.626757812500045 ], [ -50.401562499999898, -79.511718749999943 ], [ -50.339257812500023, -79.479492187499943 ], [ -50.294921874999943, -79.429687499999943 ], [ -50.331347656249989, -79.381445312499977 ], [ -50.378662109374943, -79.338183593750045 ], [ -50.41953124999992, -79.3212890625 ], [ -50.4638671875, -79.313281250000045 ], [ -50.733056640625023, -79.282714843749943 ], [ -50.649023437499977, -79.232812499999966 ], [ -50.573291015624989, -79.172265625000023 ], [ -50.520312499999932, -79.104394531250023 ], [ -50.502392578124955, -79.021777343749989 ], [ -50.513720703124932, -78.979882812499966 ], [ -50.502490234374932, -78.949902343750011 ], [ -50.379785156250023, -78.9228515625 ], [ -50.297753906249966, -78.882226562499966 ], [ -50.241943359375, -78.833300781250045 ], [ -50.33544921875, -78.818261718750023 ], [ -50.377392578124955, -78.780468750000011 ], [ -50.294189453124943, -78.695996093749955 ], [ -50.219628906249966, -78.605273437500045 ], [ -50.141650390624989, -78.55673828124992 ], [ -49.939746093749989, -78.462207031250045 ], [ -49.354150390625023, -78.222460937500045 ], [ -49.143652343749977, -78.09384765624992 ], [ -49.08125, -78.047460937499977 ], [ -47.692089843749898, -77.840136718750045 ], [ -47.463476562499977, -77.819042968750011 ], [ -47.404695606091657, -77.815176758755356 ], [ -46.537917415154268, -77.795201623490954 ], [ -46.257861328124932, -77.804882812499955 ], [ -45.9931640625, -77.826855468750011 ] ] ], [ [ [ -34.551464843749955, -77.728515624999943 ], [ -34.329831002097627, -77.553229805924531 ], [ -33.911208337144387, -77.38662271867689 ], [ -33.591162109374977, -77.311230468750011 ], [ -33.376757812499989, -77.281640625000023 ], [ -32.614062499999989, -77.140820312500011 ], [ -32.4052734375, -77.13623046875 ], [ -32.063378906250023, -77.159863281250011 ], [ -31.675781249999943, -77.033105468750023 ], [ -30.489208984374955, -76.76230468749992 ], [ -30.460099090067185, -76.75119899422117 ], [ -26.636769172260017, -76.094905160479584 ], [ -26.636772052707187, -76.094903747574932 ], [ -26.676387920800938, -76.075471541263141 ], [ -26.56005859375, -76.0546875 ], [ -26.059326171874943, -75.957226562499955 ], [ -24.269580078124932, -75.766992187500023 ], [ -23.197265625, -75.717675781250023 ], [ -22.465478515625023, -75.661035156250023 ], [ -21.948095703124977, -75.694140624999989 ], [ -21.433789062499898, -75.683105468749943 ], [ -20.989013671874943, -75.634375 ], [ -20.783300781249977, -75.593945312500011 ], [ -20.4875, -75.491992187500045 ], [ -19.49301757812492, -75.539941406250023 ], [ -18.85092773437492, -75.470214843749943 ], [ -18.585156249999955, -75.462597656250011 ], [ -18.304589843750023, -75.431347656250011 ], [ -18.415136718749977, -75.396484375 ], [ -18.51694335937492, -75.389941406250045 ], [ -18.61728515624992, -75.34238281249992 ], [ -18.749218749999898, -75.242089843750023 ], [ -18.61728515624992, -75.11533203124992 ], [ -18.51694335937492, -75.051953125000011 ], [ -18.22119140625, -74.974511718750023 ], [ -18.068261718750023, -74.862988281249955 ], [ -17.922753906250023, -74.69921875 ], [ -17.435839843749932, -74.379101562499955 ], [ -17.299023437499955, -74.333886718749966 ], [ -16.9892578125, -74.319824218749943 ], [ -16.727099609374989, -74.327636718749943 ], [ -16.42954101562492, -74.323925781250011 ], [ -15.672509765624966, -74.40732421874992 ], [ -15.53125, -74.375585937499977 ], [ -15.289746093749898, -74.28085937499992 ], [ -15.089160156249989, -74.163281249999955 ], [ -14.658935546875, -73.988867187499977 ], [ -14.573828124999977, -73.9375 ], [ -14.611425781249977, -73.851757812500011 ], [ -15.259619140624977, -73.888867187500011 ], [ -15.748828124999989, -73.945605468750045 ], [ -16.220117187499966, -73.915722656249955 ], [ -16.281884765624966, -73.866992187499989 ], [ -16.180859374999898, -73.830273437499955 ], [ -16.003124999999898, -73.81591796875 ], [ -15.93564453124992, -73.757617187499989 ], [ -16.097460937499932, -73.709082031249977 ], [ -16.387744140624932, -73.681347656250011 ], [ -16.518847656249989, -73.644042968749943 ], [ -16.507031249999898, -73.555957031250045 ], [ -16.435205078125023, -73.425683593749966 ], [ -16.279101562499932, -73.388476562500045 ], [ -16.149023437499977, -73.334472656249943 ], [ -15.802832031249977, -73.152148437500045 ], [ -15.595996093749932, -73.09677734374992 ], [ -15.007031249999955, -73.04746093749992 ], [ -14.320996093749898, -73.123046874999943 ], [ -14.164697265625023, -73.102441406250023 ], [ -14.000097656249977, -73.000585937499977 ], [ -14.168310546874977, -72.84326171875 ], [ -14.298242187499966, -72.784570312500023 ], [ -14.297753906250023, -72.733007812499977 ], [ -13.938964843749943, -72.75625 ], [ -13.602832031249932, -72.79208984374992 ], [ -13.20859374999992, -72.785058593750023 ], [ -12.74692382812492, -72.62890625 ], [ -12.0947265625, -72.49814453124992 ], [ -11.77734375, -72.444042968750011 ], [ -11.496972656250023, -72.412890625000045 ], [ -11.346484374999989, -72.281640624999966 ], [ -11.121386718749989, -72.031542968749989 ], [ -10.95810546874992, -71.901953124999977 ], [ -10.961035156249977, -71.82236328124992 ], [ -11.009228515624955, -71.75791015624992 ], [ -11.179345703124966, -71.776855468749943 ], [ -11.333056640624932, -71.785546874999966 ], [ -11.696875, -71.719335937499977 ], [ -12.148193359375, -71.613671875000023 ], [ -12.284521484374977, -71.495117187499943 ], [ -12.351318359375, -71.389746093749977 ], [ -12.207812499999989, -71.332226562499955 ], [ -12.073681640624898, -71.296875 ], [ -11.926123046874977, -71.288671874999977 ], [ -11.663037109374898, -71.33125 ], [ -11.328076171874955, -71.439746093750045 ], [ -11.160156249999943, -71.481152343749955 ], [ -10.969824218749977, -71.560058593749943 ], [ -10.825439453125, -71.553320312499977 ], [ -10.659472656249989, -71.442675781249989 ], [ -10.520068359374932, -71.295507812499977 ], [ -10.406640625000023, -71.250292968749989 ], [ -10.23056640624992, -71.200976562500045 ], [ -10.033496093749932, -71.130664062500045 ], [ -10.122314453125, -71.060937499999966 ], [ -10.331005859374955, -71.024023437499977 ], [ -10.35996093749992, -70.982421874999943 ], [ -10.27060546874992, -70.935742187500011 ], [ -10.098730468749977, -70.926367187499977 ], [ -9.887988281249932, -71.027343749999943 ], [ -9.599365234374943, -71.09531249999992 ], [ -9.402343749999943, -71.117578125000023 ], [ -9.230664062499898, -71.174023437500011 ], [ -8.965917968749977, -71.361328124999943 ], [ -8.646484375, -71.672753906249966 ], [ -8.497705078124966, -71.674804687499943 ], [ -8.216455078125023, -71.647070312499977 ], [ -7.915820312499989, -71.63535156249992 ], [ -7.71372070312492, -71.54648437499992 ], [ -7.668994140624989, -71.324316406249977 ], [ -7.590136718749989, -71.223730468749977 ], [ -7.617968749999989, -71.121484375000023 ], [ -7.756884765624932, -71.01718749999992 ], [ -7.873486328124955, -70.940332031249966 ], [ -7.854931640624898, -70.884570312499989 ], [ -7.752734374999989, -70.8427734375 ], [ -7.619775390624966, -70.829003906249966 ], [ -7.388134765624955, -70.786914062499989 ], [ -7.031591796874977, -70.835156249999955 ], [ -6.838183593749989, -70.844531249999989 ], [ -6.547509765625023, -70.81689453125 ], [ -6.245214843749977, -70.755761718749966 ], [ -5.936328124999932, -70.712695312500045 ], [ -5.694726562500023, -70.745312499999955 ], [ -5.587890625, -70.856738281249989 ], [ -5.708691406249955, -70.96826171875 ], [ -5.90380859375, -71.051855468749977 ], [ -6.080273437499955, -71.154101562500045 ], [ -6.126757812499932, -71.265625 ], [ -6.117480468749989, -71.325976562500045 ], [ -5.950048828124977, -71.341601562500045 ], [ -4.450146484374955, -71.327734374999977 ], [ -4.253222656249989, -71.33847656249992 ], [ -3.994824218749898, -71.3388671875 ], [ -3.713183593749989, -71.37460937499992 ], [ -3.239648437499966, -71.360449218749977 ], [ -2.81201171875, -71.320996093750011 ], [ -2.610253906250023, -71.320800781249943 ], [ -2.261328124999977, -71.357128906250011 ], [ -2.014599609374898, -71.433398437499989 ], [ -1.500634765624966, -71.412304687499955 ], [ -1.354248046875, -71.38681640624992 ], [ -1.216357421874989, -71.284179687499943 ], [ -1.067773437500023, -71.265625 ], [ -0.895849609374977, -71.349218749999977 ], [ -0.840087890625, -71.539746093749955 ], [ -0.759863281249977, -71.630273437500023 ], [ -0.543164062499955, -71.712695312500045 ], [ -0.326953124999989, -71.641894531249989 ], [ -0.1845703125, -71.558886718750045 ], [ 0.15419921875008, -71.397949218749943 ], [ 0.538476562500023, -71.274218750000045 ], [ 0.834960937500057, -71.202343750000011 ], [ 1.552246093749943, -71.080273437500011 ], [ 1.908691406250114, -71.003613281250011 ], [ 2.609472656250034, -70.900097656249955 ], [ 3.50693359374992, -70.844433593750011 ], [ 5.113085937500102, -70.655664062499966 ], [ 5.64394531250008, -70.636328124999977 ], [ 6.508007812500068, -70.58642578125 ], [ 6.950976562500102, -70.535253906249977 ], [ 7.401171875000159, -70.494433593749989 ], [ 7.6767578125, -70.356347656250023 ], [ 8.306738281250091, -70.461621093750011 ], [ 8.523046875000091, -70.473828125000011 ], [ 8.817480468750034, -70.390820312499955 ], [ 9.1416015625, -70.18369140624992 ], [ 9.613476562500011, -70.26904296875 ], [ 9.885546875000045, -70.40292968749992 ], [ 10.217675781250023, -70.50791015624992 ], [ 10.968847656250091, -70.687695312499955 ], [ 11.203515625000136, -70.728710937499955 ], [ 11.701269531250091, -70.766601562499943 ], [ 11.833593750000034, -70.736523437499955 ], [ 12.067968750000034, -70.616503906249989 ], [ 12.308789062500068, -70.443261718749966 ], [ 12.461621093750125, -70.3701171875 ], [ 12.681933593750045, -70.30869140624992 ], [ 12.929394531250011, -70.213378906249943 ], [ 12.864550781250102, -70.162304687500011 ], [ 12.723437500000159, -70.143652343749977 ], [ 12.595117187500136, -70.117382812500011 ], [ 12.625621404928326, -70.066701824296231 ], [ 12.735118034771347, -70.071467660479556 ], [ 12.769407637385202, -70.061711688807577 ], [ 13.065625, -70.053613281250023 ], [ 13.297949218749977, -70.229589843749977 ], [ 13.532617187499966, -70.2875 ], [ 13.82265625000008, -70.343164062500023 ], [ 14.491796874999977, -70.299609375000045 ], [ 15.063867187500023, -70.294726562499989 ], [ 15.56289062500008, -70.330761718749955 ], [ 15.806933593750045, -70.324023437500045 ], [ 16.025195312500102, -70.193457031249977 ], [ 16.381054687500125, -70.145117187499977 ], [ 16.58486328125008, -70.203808593749955 ], [ 16.709179687500011, -70.397265625000045 ], [ 17.166699218750125, -70.450878906250011 ], [ 18.124609375000034, -70.540332031250045 ], [ 18.232031250000091, -70.518261718749955 ], [ 18.351367187500045, -70.41552734375 ], [ 18.432617187500114, -70.289941406250023 ], [ 18.627343749999966, -70.269433593750023 ], [ 18.877246093750102, -70.201367187500011 ], [ 19.009375, -70.212109374999955 ], [ 19.196386718750091, -70.293164062499955 ], [ 19.13232421875, -70.491894531250011 ], [ 19.026562500000125, -70.674023437500011 ], [ 19.15292968749992, -70.820898437499977 ], [ 19.265136718750057, -70.90234375 ], [ 19.40927734374992, -70.916992187499943 ], [ 19.65185546875, -70.920605468749955 ], [ 19.944238281250023, -70.910156249999943 ], [ 20.128125, -70.917578124999977 ], [ 21.070800781250057, -70.843457031249955 ], [ 21.186035156250057, -70.680566406250023 ], [ 21.337304687499966, -70.495117187499943 ], [ 21.70498046875008, -70.258496093750011 ], [ 21.848925781250102, -70.276757812499966 ], [ 21.962304687500136, -70.30039062499992 ], [ 22.215820312500057, -70.417285156249989 ], [ 22.366015625000102, -70.47509765625 ], [ 22.396484375000114, -70.561328125000045 ], [ 22.233691406250159, -70.64267578124992 ], [ 22.277832031250114, -70.695605468750045 ], [ 22.445410156249977, -70.73974609375 ], [ 22.979003906249943, -70.810351562500045 ], [ 23.149902343749943, -70.796289062500023 ], [ 23.406835937500091, -70.723242187499977 ], [ 23.664843750000045, -70.575 ], [ 23.80361328125008, -70.404589843749989 ], [ 24.024121093750068, -70.413378906249989 ], [ 24.235742187500023, -70.448632812500023 ], [ 24.3857421875, -70.536914062500045 ], [ 24.3857421875, -70.704394531250045 ], [ 24.588378906250114, -70.820410156249977 ], [ 24.75673828125008, -70.89208984375 ], [ 25.18740234375008, -70.970996093750045 ], [ 25.650195312500045, -70.990625 ], [ 25.974121093749943, -71.037402343750045 ], [ 26.498828125000102, -71.019531249999943 ], [ 26.754394531250114, -70.96728515625 ], [ 26.917968750000057, -70.953710937499977 ], [ 27.206835937500102, -70.910937500000045 ], [ 27.508593750000102, -70.813281250000045 ], [ 27.697753906250114, -70.7724609375 ], [ 28.386425781250068, -70.682031250000023 ], [ 28.911523437500136, -70.583105468749977 ], [ 29.4638671875, -70.40625 ], [ 30.003320312500136, -70.3 ], [ 30.834082031250091, -70.246289062500011 ], [ 31.062890625000023, -70.22470703124992 ], [ 31.37880859375008, -70.225781250000011 ], [ 32.159570312500136, -70.099804687500011 ], [ 32.456542968750057, -70.025976562499977 ], [ 32.621289062500068, -70.00058593749992 ], [ 32.809765625000068, -69.909375 ], [ 32.911523437500023, -69.733691406249989 ], [ 32.989355468750091, -69.624218750000011 ], [ 32.975976562500023, -69.516992187500023 ], [ 32.903125000000102, -69.378710937499989 ], [ 32.737988281250011, -69.2548828125 ], [ 32.567578125000125, -69.074218749999943 ], [ 32.617068040588769, -68.936978904924359 ], [ 34.096904360898371, -68.696945757375943 ], [ 34.192871093750114, -68.702441406250045 ], [ 34.219335937500034, -68.790625 ], [ 34.074218750000114, -68.88535156249992 ], [ 33.884863281250091, -68.979296875000045 ], [ 33.772070312500034, -69.02001953125 ], [ 33.813671875000125, -69.099316406250011 ], [ 34.058593750000114, -69.110546874999955 ], [ 34.595898437500011, -69.094531249999989 ], [ 34.74951171875, -69.167675781250011 ], [ 35.13134765625, -69.48691406249992 ], [ 35.224804687500011, -69.63730468749992 ], [ 35.357031249999977, -69.681347656250011 ], [ 35.567675781250102, -69.660058593750023 ], [ 36.017773437500125, -69.661816406250011 ], [ 36.331152343750034, -69.639355468749955 ], [ 36.585937500000057, -69.637890624999955 ], [ 36.718750000000114, -69.652246093750023 ], [ 36.855761718750102, -69.725585937499943 ], [ 37.114843749999977, -69.810449218750023 ], [ 37.374511718750114, -69.747851562500045 ], [ 37.559765625000011, -69.718359374999977 ], [ 37.787109375, -69.725683593749977 ], [ 38.144335937500102, -69.82421875 ], [ 38.499414062500136, -70.05615234375 ], [ 38.885546875000102, -70.171875 ], [ 38.91171874999992, -70.097851562499955 ], [ 38.85927734375008, -70.006054687500011 ], [ 39.01875, -69.924218750000023 ], [ 39.211328125000023, -69.785937499999989 ], [ 39.246761232606985, -69.763068523003923 ], [ 39.778697136333705, -69.611384652667027 ], [ 39.834748800054768, -69.058209142447396 ], [ 39.838839014456788, -69.017842696769378 ], [ 39.86386718749992, -68.966992187499955 ], [ 40.041699218750125, -68.867773437499977 ], [ 40.215625, -68.804882812499955 ], [ 40.483886718750114, -68.73886718749992 ], [ 40.817089843749955, -68.723632812499943 ], [ 41.132714843750136, -68.575097656249966 ], [ 41.35634765625008, -68.514941406250045 ], [ 41.82460937500008, -68.4326171875 ], [ 42.408789062500091, -68.351855468750045 ], [ 42.784759803575376, -68.142595481860496 ], [ 43.051676262748487, -68.07995021644625 ], [ 43.170898437500057, -68.059765624999955 ], [ 43.554101562499966, -68.045605468750011 ], [ 44.177539062500159, -67.972460937500045 ], [ 44.372851562500159, -67.961328124999966 ], [ 44.699804687499977, -67.904296875 ], [ 44.989550781250045, -67.769238281250011 ], [ 45.196972656250011, -67.731152343749955 ], [ 45.5693359375, -67.736425781249977 ], [ 45.887695312500057, -67.65976562499992 ], [ 46.153906250000091, -67.657031249999989 ], [ 46.39902343749992, -67.617578125000023 ], [ 46.436523437500114, -67.533398437500011 ], [ 46.319726562500136, -67.4765625 ], [ 46.317285156249966, -67.401953124999977 ], [ 46.4541015625, -67.303613281250023 ], [ 46.548414077221246, -67.271943121357452 ], [ 46.605767917897872, -67.269108278325902 ], [ 46.883886718749977, -67.274804687500023 ], [ 47.154394531249977, -67.357226562499989 ], [ 47.3515625, -67.361914062499977 ], [ 47.402929687500034, -67.409179687499943 ], [ 47.231347656250023, -67.46826171875 ], [ 47.117187500000057, -67.572656250000023 ], [ 47.314160156250068, -67.664941406249966 ], [ 47.489843749999977, -67.727929687500023 ], [ 47.703515625000136, -67.716210937499966 ], [ 47.958593750000034, -67.660058593749966 ], [ 48.209960937500114, -67.699316406249977 ], [ 48.321679687500136, -67.785253906249977 ], [ 48.321679687500136, -67.91748046875 ], [ 48.374511718750057, -67.988085937499989 ], [ 48.550976562500125, -67.926367187499977 ], [ 48.648046875000034, -67.79404296874992 ], [ 48.620019531249966, -67.625195312499955 ], [ 48.630371093749943, -67.520605468749977 ], [ 49.052929687500068, -67.352441406250023 ], [ 49.219335937500034, -67.226855468749989 ], [ 48.923046875000068, -67.19970703125 ], [ 48.713671875000045, -67.21689453124992 ], [ 48.598437500000045, -67.171289062499966 ], [ 48.46523437500008, -67.043457031249943 ], [ 48.830273437500011, -66.938281249999989 ], [ 49.2470703125, -66.941601562499955 ], [ 49.488671875000023, -67.030957031249955 ], [ 50.006152343750102, -67.175195312499966 ], [ 50.292968750000114, -67.172167968750045 ], [ 50.553027343750159, -67.194335937499943 ], [ 50.605957031250114, -67.150195312500045 ], [ 50.508886718750034, -66.938574218749977 ], [ 50.520898437500023, -66.820019531250011 ], [ 50.30605468750008, -66.753320312499966 ], [ 50.244335937500125, -66.603417968750023 ], [ 50.332421875000136, -66.444628906249989 ], [ 50.588281250000023, -66.356445312499943 ], [ 50.936914062500023, -66.315429687499943 ], [ 51.050281207997173, -66.27868787648859 ], [ 53.698464086225123, -65.859896363628138 ], [ 54.175013547242528, -65.881413481711874 ], [ 55.515877568135771, -66.006914338040076 ], [ 55.710351562500136, -66.079980468750023 ], [ 55.974023437500023, -66.209375 ], [ 56.361523437500068, -66.372753906250011 ], [ 56.859375, -66.42343749999992 ], [ 57.000292968749989, -66.474804687500011 ], [ 57.18544921875008, -66.613281249999943 ], [ 56.986523437500068, -66.704394531250045 ], [ 56.82363281250008, -66.712695312500045 ], [ 56.510058593750159, -66.65927734374992 ], [ 56.29453124999992, -66.603417968750023 ], [ 56.145898437500023, -66.62607421874992 ], [ 56.291894531250136, -66.721093750000023 ], [ 56.45322265624992, -66.779785156249943 ], [ 56.479687500000011, -66.859179687500045 ], [ 56.391406250000159, -66.973828124999955 ], [ 55.802734375000114, -67.199316406249977 ], [ 56.154882812500091, -67.264550781249966 ], [ 56.365917968750068, -67.2125 ], [ 56.562109375000091, -67.115917968749955 ], [ 56.760058593750102, -67.073339843749977 ], [ 56.891601562500057, -67.05625 ], [ 57.361132812500159, -67.052636718750023 ], [ 57.627441406250057, -67.014062500000023 ], [ 57.828125000000114, -67.041308593750045 ], [ 58.02675781250008, -67.103417968749966 ], [ 58.317480468749977, -67.1630859375 ], [ 58.658012982746335, -67.217016784484002 ], [ 59.128794792583761, -67.446589730792056 ], [ 59.176317003763494, -67.447920038905934 ], [ 59.250781250000045, -67.48496093749992 ], [ 59.622625844017293, -67.460413739361911 ], [ 61.011035465624701, -67.499280040806227 ], [ 61.012109375000023, -67.499511718749943 ], [ 61.309082031250114, -67.540234375000011 ], [ 62.173925781250091, -67.575488281250045 ], [ 62.687890625000023, -67.64755859374992 ], [ 63.017675781250034, -67.561816406250045 ], [ 63.051712890298042, -67.556405533674919 ], [ 64.39358099260923, -67.593968979902371 ], [ 64.573632812500136, -67.620410156249989 ], [ 65.707519531250057, -67.716406249999977 ], [ 66.488378906249977, -67.765527343749966 ], [ 67.1748046875, -67.767968750000023 ], [ 67.502441406249943, -67.81015624999992 ], [ 68.09853515625008, -67.854101562499977 ], [ 68.327929687500102, -67.889550781250023 ], [ 68.899511718750034, -67.862109374999989 ], [ 69.167187500000011, -67.824804687499977 ], [ 69.416406250000136, -67.742968749999989 ], [ 69.559179687500091, -67.763183593749943 ], [ 69.655957031250125, -67.864550781249989 ], [ 69.60302734375, -68.041015624999943 ], [ 69.704492187500023, -68.160839843749955 ], [ 69.788671874999977, -68.279492187499955 ], [ 69.907421875000011, -68.379492187499977 ], [ 69.982226562500159, -68.464257812500023 ], [ 69.927929687500068, -68.535351562499955 ], [ 69.761914062500011, -68.598535156250023 ], [ 69.5341796875, -68.736914062499977 ], [ 69.546875000000114, -68.856640624999955 ], [ 69.645605468749977, -68.932226562499977 ], [ 69.53076171875, -69.02402343749992 ], [ 69.614648437500023, -69.153710937499966 ], [ 69.629492187500034, -69.231640624999955 ], [ 69.549414062500091, -69.29375 ], [ 69.371875000000159, -69.331445312500023 ], [ 69.064941406249943, -69.33740234375 ], [ 68.90625, -69.372753906250011 ], [ 68.87978515625008, -69.469726562499943 ], [ 68.959179687500068, -69.540234374999955 ], [ 69.135546875000159, -69.577929687499989 ], [ 69.188476562500057, -69.65488281249992 ], [ 69.162011718750023, -69.769628906249977 ], [ 69.082617187500034, -69.866601562500023 ], [ 68.920507812500034, -69.911816406249955 ], [ 68.74375, -69.921386718749943 ], [ 68.415234375000125, -69.902148437500045 ], [ 68.178125000000136, -69.837304687499966 ], [ 68.027148437500102, -69.894433593749966 ], [ 67.916992187500057, -69.952734374999977 ], [ 67.575390625000068, -70.087890624999943 ], [ 67.416601562500034, -70.177148437500023 ], [ 67.267968750000136, -70.273144531249955 ], [ 67.658984375000045, -70.325976562500045 ], [ 67.94082031250008, -70.4228515625 ], [ 68.559375000000159, -70.4125 ], [ 68.757421875000034, -70.369921875000045 ], [ 69.020898437500023, -70.3251953125 ], [ 69.162011718750023, -70.333984375 ], [ 69.250195312500068, -70.431054687499966 ], [ 69.196679687500136, -70.585253906250045 ], [ 69.18837890625008, -70.70458984375 ], [ 68.872753906250068, -71.035156249999943 ], [ 68.767968750000023, -71.090722656249966 ], [ 68.623730468750125, -71.181445312499989 ], [ 68.447558593750102, -71.251562499999977 ], [ 68.310546875000114, -71.286523437500023 ], [ 68.037402343750045, -71.391015624999966 ], [ 67.873339843750045, -71.579785156249955 ], [ 67.693554687500011, -71.736718749999966 ], [ 67.432226562500034, -72.0029296875 ], [ 67.281054687500159, -72.290625 ], [ 67.21484375, -72.46142578125 ], [ 67.113378906250091, -72.64111328125 ], [ 66.892089843749943, -72.948632812500023 ], [ 66.746484375000136, -72.999804687499989 ], [ 66.497656250000091, -73.12548828125 ], [ 66.569140625000045, -73.209179687500011 ], [ 66.764746093749977, -73.216894531249977 ], [ 67.003125, -73.236425781249977 ], [ 67.322070312500159, -73.30029296875 ], [ 67.748632812500034, -73.168164062500011 ], [ 67.971386718750125, -73.085644531249955 ], [ 68.015527343750023, -72.918164062499955 ], [ 67.971386718750125, -72.75058593749992 ], [ 68.106835937499966, -72.650683593749989 ], [ 68.419824218749966, -72.515039062499966 ], [ 69.157031250000045, -72.418652343749955 ], [ 69.309472656250023, -72.40878906249992 ], [ 69.554687500000057, -72.374511718749943 ], [ 69.769726562500011, -72.253613281250011 ], [ 69.962109375000125, -72.13291015624992 ], [ 70.294335937500136, -72.055371093749955 ], [ 70.572851562500034, -71.930957031249989 ], [ 70.6162109375, -71.842089843750045 ], [ 70.731640625000068, -71.822265625 ], [ 71.078808593750068, -71.736718749999966 ], [ 71.16787109375008, -71.671582031250011 ], [ 71.27675781250008, -71.623925781249966 ], [ 71.349218750000091, -71.513867187499955 ], [ 71.37880859375008, -71.309179687499977 ], [ 71.464843750000057, -71.154589843750045 ], [ 71.633886718750034, -70.949218749999943 ], [ 71.771386718750136, -70.80126953125 ], [ 71.904882812499977, -70.706640624999977 ], [ 72.262597656250023, -70.656738281249943 ], [ 72.417968750000057, -70.5986328125 ], [ 72.622363281250102, -70.472070312499966 ], [ 72.760351562499977, -70.395703124999955 ], [ 72.744335937500125, -70.239160156249966 ], [ 72.822070312500159, -70.095898437500011 ], [ 73.04140625000008, -70.009667968750023 ], [ 73.324804687500034, -69.848925781250045 ], [ 73.676074218750045, -69.82578124999992 ], [ 73.942187500000045, -69.7431640625 ], [ 74.226757812500125, -69.80039062499992 ], [ 74.571093750000102, -69.879589843749955 ], [ 75.147851562500023, -69.855468749999943 ], [ 75.423828125000114, -69.89306640625 ], [ 75.635546875000102, -69.848925781250045 ], [ 75.820703125000136, -69.725488281250023 ], [ 75.89121093749992, -69.575585937500023 ], [ 76.11171875000008, -69.48740234374992 ], [ 76.359765625000023, -69.490234375 ], [ 76.770117187500148, -69.339648437500045 ], [ 77.191992187500091, -69.205957031249966 ], [ 77.540917968750136, -69.17441406249992 ], [ 77.817480468750148, -69.06894531249992 ], [ 78.015136718750114, -68.891894531250045 ], [ 78.228515625000057, -68.756152343749989 ], [ 78.488964843750011, -68.625781249999989 ], [ 78.563476562500057, -68.39375 ], [ 78.726269531250011, -68.27783203125 ], [ 79.035156250000057, -68.175390624999977 ], [ 79.287792968750011, -68.119335937500011 ], [ 80.363085937500045, -67.946875 ], [ 81.187402343750136, -67.83125 ], [ 82.016992187500023, -67.690039062499977 ], [ 82.273242187500045, -67.691699218750045 ], [ 82.607031250000148, -67.613085937499989 ], [ 83.157812500000091, -67.610546875000011 ], [ 83.304296875000091, -67.60302734375 ], [ 83.493652343749943, -67.441210937500045 ], [ 83.903710937500023, -67.291992187499943 ], [ 84.160742187500148, -67.244140625 ], [ 84.485156249999989, -67.114453125000011 ], [ 84.748339843749932, -67.102246093750011 ], [ 85.116796875000034, -67.125585937499977 ], [ 85.429003906250045, -67.160937499999989 ], [ 85.710742187500102, -67.161328124999955 ], [ 86.118359375000011, -67.054980468749989 ], [ 86.750195312500125, -67.037109375 ], [ 86.946582031249989, -66.985546874999955 ], [ 87.08486328125008, -66.940136718749955 ], [ 87.980273437500045, -66.788476562499966 ], [ 88.314160156250068, -66.81748046874992 ], [ 88.78945312500008, -66.791992187499943 ], [ 89.076562500000136, -66.799414062499977 ], [ 89.351757812500068, -66.818164062500045 ], [ 89.698437500000011, -66.823046874999989 ], [ 90.292968749999943, -66.76962890624992 ], [ 90.54726562500008, -66.734277343750023 ], [ 91.021679687500068, -66.602832031250045 ], [ 91.546093750000011, -66.572070312499989 ], [ 91.777050781249955, -66.5375 ], [ 92.073437500000125, -66.507910156249977 ], [ 92.312304687499932, -66.55859375 ], [ 92.485839843750114, -66.604296874999989 ], [ 92.591992187500068, -66.614453125000011 ], [ 92.730566406250091, -66.624414062500023 ], [ 93.074902343750068, -66.571093749999989 ], [ 93.358007812499977, -66.58544921875 ], [ 93.7216796875, -66.642968749999966 ], [ 93.96425781250008, -66.689648437500011 ], [ 94.088769531250023, -66.688867187500023 ], [ 94.313476562499943, -66.647167968749955 ], [ 94.58681640625008, -66.543554687499977 ], [ 94.839843750000114, -66.501367187500023 ], [ 95.083984375000114, -66.527441406249977 ], [ 95.24794921875008, -66.571191406250023 ], [ 95.541015625000114, -66.63095703124992 ], [ 95.991406250000011, -66.621191406249977 ], [ 96.423730468750023, -66.599609374999943 ], [ 96.788867187499989, -66.550585937499989 ], [ 97.100585937500057, -66.499414062500023 ], [ 97.388476562500102, -66.57861328125 ], [ 97.719824218750091, -66.607324218750023 ], [ 98.257617187500045, -66.467480468750011 ], [ 98.461718750000045, -66.498535156249943 ], [ 98.603125, -66.534765624999977 ], [ 98.720117187500136, -66.553125 ], [ 98.85888671875, -66.670800781249966 ], [ 99.370117187500057, -66.648242187499989 ], [ 99.824316406250034, -66.548632812500045 ], [ 100.211718750000045, -66.473925781249989 ], [ 100.591210937500136, -66.425195312500023 ], [ 100.889062500000023, -66.35800781249992 ], [ 101.327148437500114, -66.100488281250023 ], [ 101.320898437500091, -66.020898437499966 ], [ 101.381347656249943, -65.973046875000023 ], [ 101.474414062500102, -65.951171875 ], [ 102.174121093749989, -65.954199218749977 ], [ 102.392187500000034, -65.932617187499943 ], [ 102.67421875000008, -65.865136718749966 ], [ 103.166601562500034, -65.916894531250023 ], [ 103.638769531250148, -65.998925781250023 ], [ 103.763476562499989, -65.989746093749943 ], [ 103.951171875, -65.988085937500045 ], [ 104.289062500000114, -66.039160156249977 ], [ 104.6669921875, -66.136816406249977 ], [ 105.00039062500008, -66.164062499999943 ], [ 106.386914062500125, -66.41064453125 ], [ 107.170898437500114, -66.470410156250011 ], [ 107.565527343750034, -66.552343749999977 ], [ 107.667285156249989, -66.580371093749989 ], [ 107.785058593750023, -66.6640625 ], [ 107.99169921875, -66.672070312499955 ], [ 108.157910156250125, -66.639062499999966 ], [ 108.376171875000011, -66.765820312499955 ], [ 108.91005859375008, -66.861914062499977 ], [ 109.462792968750023, -66.908691406249943 ], [ 109.823730468750057, -66.833691406250011 ], [ 110.437011718750114, -66.621093749999943 ], [ 110.622265625000011, -66.524023437499977 ], [ 110.587011718750091, -66.312304687500045 ], [ 110.906738281250057, -66.07666015625 ], [ 111.453125, -65.960937499999943 ], [ 112.130273437500136, -65.900097656249955 ], [ 112.547851562500114, -65.847949218749989 ], [ 113.099414062500045, -65.799902343749977 ], [ 113.367968750000045, -65.848730468749977 ], [ 113.502148437500182, -65.88632812499992 ], [ 113.709765625000045, -65.929589843750023 ], [ 113.954492187500136, -66.060449218749966 ], [ 114.3369140625, -66.360156249999989 ], [ 114.618554687500023, -66.467968750000011 ], [ 114.869531250000023, -66.476953125000023 ], [ 115.082421875000023, -66.492968750000045 ], [ 115.310351562499932, -66.560839843750045 ], [ 115.635351562500091, -66.771191406250011 ], [ 115.441894531250114, -66.958007812499943 ], [ 115.273730468749932, -67.027929687499977 ], [ 114.570605468750045, -67.108496093749977 ], [ 114.259765625, -67.172265624999966 ], [ 113.9912109375, -67.2119140625 ], [ 113.912500000000136, -67.36767578125 ], [ 114.026562500000068, -67.441210937500045 ], [ 114.319042968750182, -67.405664062500023 ], [ 114.657910156250068, -67.387890624999955 ], [ 114.925781250000114, -67.356542968749977 ], [ 115.171875, -67.307812499999955 ], [ 115.384179687500023, -67.238085937499989 ], [ 115.88525390625, -67.201953124999989 ], [ 116.214648437499932, -67.142773437500011 ], [ 116.509082031249932, -67.10791015625 ], [ 116.713476562499977, -67.047167968749989 ], [ 116.923632812500045, -67.055468749999989 ], [ 117.131933593749977, -67.11435546874992 ], [ 117.2978515625, -67.109277343750023 ], [ 117.744726562499977, -67.128515624999977 ], [ 117.951953125000045, -67.085351562500023 ], [ 118.138671875000114, -67.082421874999966 ], [ 118.325781249999977, -67.115039062500045 ], [ 118.518945312500136, -67.160937499999989 ], [ 118.7138671875, -67.171679687500045 ], [ 118.964648437499932, -67.144824218749989 ], [ 119.318261718750023, -67.07080078125 ], [ 119.767968750000023, -66.991503906250045 ], [ 120.187304687500045, -66.966210937500023 ], [ 120.289257812500182, -66.966601562499989 ], [ 120.374804687500045, -66.983789062499966 ], [ 119.953710937499977, -67.075878906249955 ], [ 119.280664062500023, -67.199218749999943 ], [ 118.921679687499932, -67.319726562500023 ], [ 119.133007812500182, -67.37070312499992 ], [ 120.400390625000114, -67.236035156250011 ], [ 120.978710937500068, -67.1357421875 ], [ 121.487597656250045, -67.090722656249966 ], [ 121.613183593750023, -67.057031249999966 ], [ 122.033105468750023, -66.901757812500023 ], [ 122.182812500000068, -66.85947265624992 ], [ 122.633007812500182, -66.804882812500011 ], [ 123.2216796875, -66.7451171875 ], [ 123.666601562500091, -66.676855468749977 ], [ 123.969335937500091, -66.608105468749955 ], [ 124.196191406250136, -66.600781250000011 ], [ 124.370507812500136, -66.652246093750023 ], [ 124.597851562500068, -66.708203124999955 ], [ 124.821582031250045, -66.694531250000011 ], [ 125.095117187500136, -66.641113281249943 ], [ 125.286328125000182, -66.515820312500011 ], [ 125.39794921875, -66.424414062499977 ], [ 125.60302734375, -66.393359375000045 ], [ 125.865625, -66.364453125000011 ], [ 126.0771484375, -66.3955078125 ], [ 126.423730468750023, -66.462402343749943 ], [ 126.664746093750182, -66.49755859375 ], [ 126.873632812500091, -66.759375 ], [ 127.365429687500068, -66.989648437500023 ], [ 127.541210937500182, -67.051074218749989 ], [ 127.968066406250159, -67.027929687499977 ], [ 128.430566406250023, -67.119140625 ], [ 128.627832031250023, -67.107128906249955 ], [ 128.816406250000114, -67.080371093749989 ], [ 128.982421875, -67.09824218749992 ], [ 129.236914062499977, -67.04160156249992 ], [ 129.500000000000114, -66.7529296875 ], [ 129.73736727301889, -66.473086165625134 ], [ 129.792995284326821, -66.441239630285395 ], [ 129.975781250000068, -66.344824218749977 ], [ 130.120507812500023, -66.291503906249943 ], [ 130.300585937500159, -66.268457031249966 ], [ 130.578515625000136, -66.20859374999992 ], [ 130.951757812500091, -66.19140625 ], [ 131.232031249999977, -66.215527343750011 ], [ 131.830859375000159, -66.23583984375 ], [ 132.3203125, -66.165429687500023 ], [ 132.874316406250045, -66.178027343750045 ], [ 133.148242187500159, -66.094824218749977 ], [ 133.444531250000068, -66.081445312499966 ], [ 133.8427734375, -66.153613281250045 ], [ 133.95751953125, -66.204296874999955 ], [ 134.178906250000068, -66.277050781249955 ], [ 134.231835937500023, -66.347656249999943 ], [ 134.289453125000136, -66.476757812499955 ], [ 134.398144531250182, -66.479882812499966 ], [ 134.769726562500068, -66.353320312500045 ], [ 134.971484375000159, -66.33017578124992 ], [ 135.351953125000023, -66.127148437499955 ], [ 135.554785156249977, -66.180078125000023 ], [ 136.009375, -66.266796875000011 ], [ 136.193945312499977, -66.292187500000011 ], [ 136.553320312499977, -66.43896484375 ], [ 136.739648437500136, -66.40771484375 ], [ 136.88916015625, -66.339648437499989 ], [ 137.336230468750159, -66.346484375000045 ], [ 137.753808593750136, -66.406445312500011 ], [ 137.92578125, -66.456933593750023 ], [ 138.139941406250045, -66.543945312499943 ], [ 138.27099609375, -66.564453124999943 ], [ 138.37646484375, -66.540429687499966 ], [ 139.241601562500023, -66.574023437500045 ], [ 139.613183593750023, -66.637597656250023 ], [ 139.900097656250068, -66.715136718750045 ], [ 140.901562500000182, -66.751953125 ], [ 141.285937500000159, -66.831835937499989 ], [ 141.517187499999977, -66.79404296874992 ], [ 141.972851562500068, -66.80673828124992 ], [ 142.158984375000159, -66.873632812499977 ], [ 142.32666015625, -66.94833984374992 ], [ 142.6875, -67.01279296874992 ], [ 142.888378906250068, -67.000097656249977 ], [ 143.1689453125, -66.948632812499966 ], [ 143.403477566909316, -66.888277658917758 ], [ 143.853154168101639, -66.934116990407361 ], [ 143.862695312500136, -66.938574218749977 ], [ 143.911132812500114, -67.090722656249966 ], [ 144.11767578125, -67.087695312499989 ], [ 144.347851562500068, -67.017968749999966 ], [ 144.550585937500159, -67.035546875000023 ], [ 144.621191406249977, -67.141406249999989 ], [ 144.515332031250068, -67.282519531250045 ], [ 144.259667968750023, -67.478710937499955 ], [ 144.153710937500136, -67.64414062499992 ], [ 143.941992187499977, -67.79404296874992 ], [ 143.977343750000045, -67.864550781249989 ], [ 144.189062499999977, -67.899804687499966 ], [ 144.404296875, -67.794238281250045 ], [ 144.879101562500068, -67.720898437500011 ], [ 145.1279296875, -67.625976562499943 ], [ 145.556445312500045, -67.59091796874992 ], [ 145.975195312500091, -67.624218749999955 ], [ 146.2763671875, -67.750878906250023 ], [ 146.827832031250068, -67.964648437500045 ], [ 146.852441406250136, -68.041015624999943 ], [ 146.896582031250091, -68.120312499999955 ], [ 146.878222656250045, -68.191210937499989 ], [ 146.797656250000159, -68.273632812500011 ], [ 147.093652343750023, -68.36865234375 ], [ 147.353808593750159, -68.38427734375 ], [ 147.568554687500182, -68.375097656249977 ], [ 148.456250000000182, -68.466992187499955 ], [ 148.880566406250182, -68.431152343749943 ], [ 149.2626953125, -68.431347656250011 ], [ 149.716894531249977, -68.417773437500045 ], [ 150.065527343749977, -68.419921874999943 ], [ 150.342187500000023, -68.435742187500011 ], [ 150.671972656250091, -68.402929687499977 ], [ 150.935937500000023, -68.358496093749977 ], [ 151.068261718750136, -68.384960937499955 ], [ 151.121093750000114, -68.623046874999943 ], [ 151.138867187500182, -68.764160156249943 ], [ 151.288769531250068, -68.817089843749955 ], [ 151.447558593750159, -68.764160156249943 ], [ 151.562109374999977, -68.693652343750045 ], [ 152.265234375000091, -68.7255859375 ], [ 152.545507812499977, -68.729589843749977 ], [ 152.814160156250182, -68.76767578124992 ], [ 153.081835937500045, -68.856835937499966 ], [ 153.339941406249977, -68.817968749999977 ], [ 153.495703124999977, -68.764355468749955 ], [ 153.705273437500182, -68.728906250000023 ], [ 153.766992187500136, -68.640625 ], [ 153.792382812500023, -68.493359375000011 ], [ 153.78466796875, -68.349609374999943 ], [ 153.908007812500159, -68.323144531249966 ], [ 154.017512162732174, -68.346603565963704 ], [ 154.395532007034717, -68.530380335735657 ], [ 154.576367187500182, -68.634277343749943 ], [ 154.866015625000045, -68.774316406249966 ], [ 154.9875, -68.84130859375 ], [ 155.113257930842934, -68.879307392997475 ], [ 155.637583855083761, -69.134211801104556 ], [ 157.441718637493182, -69.296626532106586 ], [ 157.481347656250136, -69.30869140624992 ], [ 157.500517840141725, -69.301919848755887 ], [ 159.461022412364798, -69.478411553162033 ], [ 159.783984375000159, -69.521875 ], [ 159.930957031250045, -69.630566406249955 ], [ 160.125781250000159, -69.734277343750023 ], [ 160.125781250000159, -69.840136718750045 ], [ 160.209667968750182, -69.974902343750045 ], [ 160.65185546875, -70.08056640625 ], [ 160.826757812500091, -70.182031249999966 ], [ 161.037011718750136, -70.317187500000045 ], [ 161.424511718750182, -70.82675781249992 ], [ 161.625097656249977, -70.91611328124992 ], [ 161.916113281249977, -70.90732421874992 ], [ 162.189453125000114, -71.039550781249943 ], [ 162.277734375000136, -71.021875 ], [ 162.286523437500136, -70.969042968750045 ], [ 162.039648437500091, -70.625 ], [ 162.021972656250114, -70.439843749999966 ], [ 162.216015625000182, -70.333984375 ], [ 162.6748046875, -70.304589843749966 ], [ 163.026464843750091, -70.501367187500023 ], [ 163.348730468749977, -70.620898437499989 ], [ 163.566503906249977, -70.642285156250011 ], [ 163.998437500000023, -70.636523437499989 ], [ 164.403222656250023, -70.510449218750011 ], [ 164.716015625000182, -70.556542968749966 ], [ 165.209375, -70.570800781249943 ], [ 165.853906250000023, -70.645312499999989 ], [ 166.132031250000182, -70.632812499999943 ], [ 166.626953125000114, -70.664257812499955 ], [ 167.228808593750159, -70.771289062499989 ], [ 167.344865578527447, -70.784565076526974 ], [ 167.69301321654217, -70.877916880092741 ], [ 167.798828125000114, -70.924902343749977 ], [ 167.878125, -71.013085937499966 ], [ 167.96630859375, -71.092480468750011 ], [ 168.172656250000045, -71.183203124999977 ], [ 168.382812500000114, -71.197363281249977 ], [ 168.797851562500114, -71.274804687500023 ], [ 169.663769531250068, -71.511328124999977 ], [ 169.976953125000136, -71.580664062499977 ], [ 170.162304687500068, -71.630468749999977 ], [ 170.250488281250114, -71.56875 ], [ 170.276855468750114, -71.44394531249992 ], [ 170.428766310798551, -71.419856193109453 ], [ 170.455207380420063, -71.440268339725591 ], [ 170.603320312500045, -71.60400390625 ], [ 170.779687500000023, -71.7451171875 ], [ 170.859082031250068, -71.868554687500023 ], [ 170.675390624999977, -71.968554687500045 ], [ 170.409277343750091, -71.947949218750011 ], [ 170.224023437500023, -71.947949218750011 ], [ 170.030078125000159, -72.115527343750045 ], [ 169.953515625000136, -72.402832031249943 ], [ 170.127148437500182, -72.397753906249989 ], [ 170.259375, -72.371289062500011 ], [ 170.285839843750182, -72.477148437499977 ], [ 170.206445312500023, -72.565332031250023 ], [ 170.047753906250023, -72.6005859375 ], [ 169.77490234375, -72.533789062499977 ], [ 169.440332031250023, -72.48681640625 ], [ 169.072363281250091, -72.46875 ], [ 168.718847656249977, -72.384472656249955 ], [ 168.576171875, -72.379101562500011 ], [ 168.428417968750182, -72.383398437499977 ], [ 168.621679687500091, -72.472656249999943 ], [ 168.820019531250182, -72.552441406249955 ], [ 169.269531250000114, -72.621289062499955 ], [ 169.828613281250114, -72.728808593750045 ], [ 169.844824218750091, -72.794628906250011 ], [ 169.712109375000182, -72.876953125 ], [ 169.545019531250091, -73.050390624999977 ], [ 169.033398437500068, -73.200390625000011 ], [ 168.735937500000091, -73.091210937500023 ], [ 168.38134765625, -73.065917968749943 ], [ 168.204492187500023, -73.129785156250023 ], [ 167.85302734375, -73.122460937500023 ], [ 167.155664062500023, -73.147265624999989 ], [ 166.8828125, -73.01123046875 ], [ 166.452832031250182, -72.936035156249943 ], [ 166.466992187500068, -72.997460937500023 ], [ 166.833984375, -73.224316406249955 ], [ 167.2255859375, -73.275781249999966 ], [ 167.615820312499977, -73.336816406249966 ], [ 167.709082031249977, -73.394238281249955 ], [ 167.5341796875, -73.447265625 ], [ 167.296484375000091, -73.440039062499977 ], [ 166.99609375, -73.544335937499966 ], [ 166.428808593750091, -73.526953124999977 ], [ 166.159375, -73.533789062499977 ], [ 166.001074218749977, -73.57666015625 ], [ 165.860156250000045, -73.592675781249966 ], [ 165.970605468750023, -73.630761718750023 ], [ 166.106054687500091, -73.735156250000045 ], [ 165.913281250000068, -73.822851562499977 ], [ 165.733691406250045, -73.866699218749943 ], [ 165.548925781250091, -73.846093750000023 ], [ 165.346972656250159, -73.879394531249943 ], [ 165.249902343750023, -73.782421875000011 ], [ 165.244531250000023, -73.571191406250023 ], [ 165.129492187500091, -73.382617187499989 ], [ 165.004882812500114, -73.374511718749943 ], [ 164.81298828125, -73.396777343750045 ], [ 164.749609375000091, -73.558789062500011 ], [ 164.8876953125, -73.837695312500045 ], [ 164.979882812500136, -73.92587890624992 ], [ 164.905957031250182, -74.0029296875 ], [ 164.775683593750045, -74.028515624999955 ], [ 165.037207031250091, -74.263476562500045 ], [ 165.263085937500136, -74.426171874999966 ], [ 165.399804687500023, -74.479199218750011 ], [ 165.408593750000023, -74.558593749999943 ], [ 165.302832031249977, -74.59375 ], [ 165.001171875000182, -74.562695312499955 ], [ 164.85302734375, -74.578320312499955 ], [ 164.68896484375, -74.568359375 ], [ 164.410742187499977, -74.533398437499955 ], [ 164.174023437500068, -74.523242187500045 ], [ 163.935839843750045, -74.567382812499943 ], [ 163.735253906250023, -74.563769531249989 ], [ 163.556542968750023, -74.417382812500023 ], [ 163.397851562500023, -74.382128906250045 ], [ 163.265527343750136, -74.42626953125 ], [ 163.167382812500023, -74.601953124999966 ], [ 162.961230468750045, -74.656054687499989 ], [ 162.752050781249977, -74.736132812500045 ], [ 162.604101562499977, -74.823144531250023 ], [ 162.533593750000023, -75.16708984374992 ], [ 162.410058593750023, -75.237597656249989 ], [ 162.2255859375, -75.234570312500011 ], [ 162.087792968750136, -75.261621093749966 ], [ 161.910351562500068, -75.233886718749943 ], [ 161.679589843750136, -75.217773437499943 ], [ 160.910742187499977, -75.334667968749955 ], [ 161.032910156250182, -75.395898437499966 ], [ 161.227343750000159, -75.386132812500023 ], [ 161.903515625000068, -75.404199218749966 ], [ 162.189648437500068, -75.466894531249977 ], [ 162.239062500000045, -75.621679687499977 ], [ 162.351953125000136, -75.686523437499943 ], [ 162.577636718750114, -75.758007812499955 ], [ 162.754003906249977, -75.793261718750045 ], [ 162.815722656250159, -75.84619140625 ], [ 162.745117187500114, -75.951953125000045 ], [ 162.648242187500159, -76.049023437500011 ], [ 162.4365234375, -76.154882812499977 ], [ 162.498242187500068, -76.207714843750011 ], [ 162.727539062500114, -76.225390625000045 ], [ 162.824609375000136, -76.463574218750011 ], [ 162.674609375000159, -76.569335937499943 ], [ 162.745214843749977, -76.657519531250045 ], [ 162.762792968749977, -76.74570312499992 ], [ 162.609570312500068, -76.82871093749992 ], [ 162.489453125000068, -76.86923828124992 ], [ 162.450292968750091, -76.955664062499977 ], [ 162.679101562500023, -77.006738281249966 ], [ 162.850195312500091, -77.02353515624992 ], [ 163.086914062500114, -77.032324218749977 ], [ 163.249902343750136, -77.126464843749943 ], [ 163.45849609375, -77.269335937499989 ], [ 163.607617187500182, -77.387792968749977 ], [ 163.619140625, -77.582324218749989 ], [ 163.766210937499977, -77.699902343749955 ], [ 164.045214843750159, -77.774609375000011 ], [ 164.036425781250159, -77.85302734375 ], [ 164.232031249999977, -77.87705078124992 ], [ 164.420898437500114, -77.883496093750011 ], [ 164.491503906250159, -77.954003906249966 ], [ 164.429687500000114, -78.042187500000011 ], [ 164.107812500000136, -78.146777343750045 ], [ 163.977636718750091, -78.223828124999955 ], [ 164.29736328125, -78.236230468749966 ], [ 164.628125, -78.315625 ], [ 165.050585937500159, -78.226074218749943 ], [ 165.274023437499977, -78.128613281250011 ], [ 165.417578124999977, -78.042187500000011 ], [ 165.524023437499977, -78.063574218749977 ], [ 165.534179687500114, -78.15380859375 ], [ 165.662988281250023, -78.3056640625 ], [ 166.208593749999977, -78.45166015625 ], [ 166.510351562499977, -78.497363281249989 ], [ 166.801171875000136, -78.521582031249977 ], [ 167.058007812500023, -78.518457031250023 ], [ 167.130273437500023, -78.606152343749955 ], [ 167.049023437500182, -78.686035156249943 ], [ 166.850000000000136, -78.679882812499955 ], [ 166.524609375000068, -78.69492187499992 ], [ 166.286523437500023, -78.627832031250023 ], [ 166.116796875000091, -78.571093749999989 ], [ 164.634765625, -78.603222656249955 ], [ 164.300585937500159, -78.630078125000011 ], [ 163.901757812500023, -78.717089843749989 ], [ 163.503125000000182, -78.758593749999989 ], [ 162.895117187499977, -78.844824218749977 ], [ 162.639453125000045, -78.897753906250045 ], [ 161.974511718750023, -78.694238281250023 ], [ 161.757421874999977, -78.544921875 ], [ 161.669238281250159, -78.5361328125 ], [ 161.510449218750068, -78.571386718749977 ], [ 161.501757812500159, -78.677246093749943 ], [ 161.813378906250023, -78.907421874999955 ], [ 161.951464843750045, -78.96826171875 ], [ 161.951464843750045, -79.029980468749955 ], [ 161.864257812500114, -79.060937499999966 ], [ 161.7373046875, -79.059960937500023 ], [ 161.546093750000068, -79.015039062500023 ], [ 161.190527343749977, -78.978710937500011 ], [ 160.87353515625, -79.049707031249966 ], [ 160.482714843750159, -79.201464843749989 ], [ 160.5673828125, -79.30234374999992 ], [ 160.670214843750045, -79.35888671875 ], [ 160.646093750000091, -79.426855468749977 ], [ 160.209179687500068, -79.554394531249955 ], [ 160.067968750000091, -79.561230468750011 ], [ 159.975878906250159, -79.585644531250011 ], [ 160.083593750000091, -79.632519531249955 ], [ 160.322753906250114, -79.635546875000045 ], [ 160.346289062500091, -79.691503906249977 ], [ 160.264843750000182, -79.736621093750045 ], [ 159.871875, -79.789843750000045 ], [ 159.896484375000114, -79.85898437499992 ], [ 160.111425781249977, -79.892480468750023 ], [ 160.387304687500091, -79.87949218749992 ], [ 160.558007812500023, -79.929589843750023 ], [ 160.558789062500068, -80.010546874999989 ], [ 160.381738281250023, -80.054492187500045 ], [ 160.179394531250182, -80.088085937499955 ], [ 158.767480468750136, -80.293359375000023 ], [ 158.560351562500045, -80.348925781249989 ], [ 158.573632812500136, -80.423437499999977 ], [ 159.065136718750068, -80.442578124999955 ], [ 160.542187500000068, -80.425 ], [ 160.637304687500091, -80.449902343749955 ], [ 160.603320312500045, -80.507617187499989 ], [ 160.521289062500045, -80.583398437499966 ], [ 160.601367187500045, -80.636523437500045 ], [ 160.823242187500114, -80.674023437499955 ], [ 160.830273437500068, -80.729882812499966 ], [ 160.720019531250045, -80.753125 ], [ 160.502539062499977, -80.779296875 ], [ 160.260156250000136, -80.78671874999992 ], [ 160.275781250000136, -80.846777343749977 ], [ 160.607226562500159, -80.901171875000045 ], [ 160.716796875000114, -80.907421875000011 ], [ 160.727929687500023, -81.11289062499992 ], [ 160.716699218750023, -81.199609375000023 ], [ 160.540039062500114, -81.24169921875 ], [ 160.478613281250091, -81.270117187499977 ], [ 160.469824218750091, -81.340625 ], [ 160.907812500000091, -81.390234374999977 ], [ 161.582128906249977, -81.609765625000023 ], [ 161.730175781250068, -81.610449218749977 ], [ 161.996093750000114, -81.653027343750011 ], [ 162.42529296875, -81.764941406249989 ], [ 162.576660156250114, -81.83203125 ], [ 162.821191406250023, -81.8662109375 ], [ 162.854394531250023, -81.920703125000045 ], [ 163.004296875000023, -81.968945312500011 ], [ 163.602343750000159, -82.12060546875 ], [ 163.680078125000023, -82.187304687500045 ], [ 162.426562500000045, -82.314453124999943 ], [ 161.16650390625, -82.407812499999977 ], [ 161.283203125, -82.489941406250011 ], [ 162.64375, -82.481542968749977 ], [ 163.011816406250091, -82.534960937499989 ], [ 163.174707031250023, -82.518945312500023 ], [ 163.2685546875, -82.463281249999966 ], [ 164.001367187500136, -82.396777343750045 ], [ 164.747167968749977, -82.354394531250023 ], [ 164.980078124999977, -82.384960937500011 ], [ 165.981640625000068, -82.629687500000045 ], [ 166.445898437499977, -82.722167968749943 ], [ 166.7421875, -82.757031249999955 ], [ 166.956738281250182, -82.7646484375 ], [ 167.116308593749977, -82.80126953125 ], [ 167.271289062500159, -82.87939453125 ], [ 167.232617187500068, -82.952343749999955 ], [ 167.297460937499977, -82.985839843749943 ], [ 167.404492187500068, -82.998828124999989 ], [ 167.601953125000023, -83.047460937499977 ], [ 167.827539062500136, -83.030761718749943 ], [ 168.091796875000114, -82.974707031249977 ], [ 168.275976562499977, -82.987207031249966 ], [ 168.607324218750023, -83.065332031249966 ], [ 168.481640625000182, -83.126757812500045 ], [ 168.408398437500182, -83.155078125000045 ], [ 168.320019531250068, -83.210742187500045 ], [ 168.240234375, -83.229882812500023 ], [ 167.973046875000136, -83.243164062499943 ], [ 167.825390625000068, -83.242968749999989 ], [ 167.674414062499977, -83.2314453125 ], [ 167.657617187500136, -83.272167968750011 ], [ 167.8427734375, -83.316210937499989 ], [ 168.110058593750068, -83.362011718750011 ], [ 169.837890625, -83.39902343749992 ], [ 170.33203125, -83.478808593749989 ], [ 170.817480468749977, -83.435742187500011 ], [ 171.035742187499977, -83.448437499999955 ], [ 171.220703125, -83.475 ], [ 171.289257812500182, -83.555468749999989 ], [ 171.537109375, -83.581347656250045 ], [ 171.917187500000182, -83.64404296875 ], [ 172.450097656250023, -83.67539062499992 ], [ 172.873925781250023, -83.673144531249989 ], [ 173.397265625000045, -83.758789062499943 ], [ 173.661816406250182, -83.760937500000011 ], [ 173.822363281249977, -83.81015624999992 ], [ 175.011035156250045, -83.839062499999955 ], [ 175.187402343750136, -83.877441406249943 ], [ 175.322851562499977, -83.94003906249992 ], [ 175.605761718750045, -83.967578125000045 ], [ 175.911230468749977, -83.97314453125 ], [ 177.581054687500114, -84.074902343749955 ], [ 178.208593750000091, -84.129882812499943 ], [ 178.352636718749977, -84.126660156250011 ], [ 178.495996093750023, -84.1357421875 ], [ 178.944433593750091, -84.181445312499989 ], [ 179.403027343750068, -84.206152343749977 ], [ 179.620312500000068, -84.268359374999989 ], [ 180.0, -84.3515625 ], [ 180.0, -86.043956043956058 ], [ 180.0, -88.021978021978015 ], [ 180.0, -89.99993255000588 ], [ 174.374766472271318, -89.99993255000588 ], [ 168.749766472271205, -89.99993255000588 ], [ 163.124766472271261, -89.99993255000588 ], [ 157.499766472271205, -89.99993255000588 ], [ 151.874766472271261, -89.99993255000588 ], [ 146.249766472271205, -89.99993255000588 ], [ 140.624766472271205, -89.99993255000588 ], [ 136.125010612896318, -89.99993255000588 ], [ 134.999766472271261, -89.99993255000588 ], [ 129.374766472271205, -89.99993255000588 ], [ 123.749766472271261, -89.99993255000588 ], [ 118.124766472271205, -89.99993255000588 ], [ 112.499766472271261, -89.99993255000588 ], [ 106.874766472271261, -89.99993255000588 ], [ 101.249766472271205, -89.99993255000588 ], [ 100.812510612896205, -89.99993255000588 ], [ 95.624766472271261, -89.99993255000588 ], [ 89.999766472271205, -89.99993255000588 ], [ 84.374766472271205, -89.99993255000588 ], [ 78.749766472271261, -89.99993255000588 ], [ 73.124766472271205, -89.99993255000588 ], [ 67.499766472271261, -89.99993255000588 ], [ 61.874766472271205, -89.99993255000588 ], [ 56.249766472271261, -89.99993255000588 ], [ 50.624766472271205, -89.99993255000588 ], [ 44.999766472271205, -89.99993255000588 ], [ 39.374766472271261, -89.99993255000588 ], [ 33.749766472271205, -89.99993255000588 ], [ 28.124766472271261, -89.99993255000588 ], [ 22.499766472271233, -89.99993255000588 ], [ 16.87476647227129, -89.99993255000588 ], [ 11.249766472271233, -89.99993255000588 ], [ 5.62476647227129, -89.99993255000588 ], [ -0.00011145741621, -89.99993255000588 ], [ -0.001698371478767, -89.99993255000588 ], [ -5.625111457416239, -89.99993255000588 ], [ -11.250111457416295, -89.99993255000588 ], [ -16.875111457416239, -89.99993255000588 ], [ -22.500111457416267, -89.99993255000588 ], [ -28.12511145741621, -89.99993255000588 ], [ -33.750111457416267, -89.99993255000588 ], [ -39.375111457416295, -89.99993255000588 ], [ -45.000111457416239, -89.99993255000588 ], [ -50.625111457416267, -89.99993255000588 ], [ -56.25011145741621, -89.99993255000588 ], [ -61.875111457416267, -89.99993255000588 ], [ -67.500111457416295, -89.99993255000588 ], [ -73.125111457416239, -89.99993255000588 ], [ -78.750111457416267, -89.99993255000588 ], [ -84.375111457416239, -89.99993255000588 ], [ -90.000050422260045, -89.99993255000588 ], [ -95.624989387103767, -89.99993255000588 ], [ -101.249989387103724, -89.99993255000588 ], [ -106.874989387103753, -89.99993255000588 ], [ -112.499989387103795, -89.99993255000588 ], [ -118.124989387103739, -89.99993255000588 ], [ -123.749989387103781, -89.99993255000588 ], [ -129.37498938710371, -89.99993255000588 ], [ -134.999989387103767, -89.99993255000588 ], [ -140.624989387103795, -89.99993255000588 ], [ -146.249989387103767, -89.99993255000588 ], [ -151.874991294452371, -89.99993255000588 ], [ -157.4999912944524, -89.99993255000588 ], [ -163.124991294452343, -89.99993255000588 ], [ -168.7499912944524, -89.99993255000588 ], [ -174.374991294452428, -89.99993255000588 ], [ -179.999989387103795, -89.99993255000588 ], [ -179.999989387103795, -86.968684457354556 ], [ -179.999989387103795, -85.618708871417013 ], [ -179.999989387103795, -84.351562407330618 ], [ -178.389501953124949, -84.3375 ], [ -178.069042968749955, -84.352343749999989 ], [ -177.730419921874983, -84.395214843750011 ], [ -176.985546875000011, -84.399316406249966 ], [ -176.289013671874955, -84.418359375000023 ], [ -176.107373046874983, -84.475292968750011 ], [ -175.874609375, -84.51035156249992 ], [ -175.381005859374966, -84.479785156249989 ], [ -174.986718749999937, -84.46542968749992 ], [ -174.663183593750006, -84.462695312499989 ], [ -171.703662109374989, -84.542382812499966 ], [ -168.667773437499932, -84.683593749999943 ], [ -168.048583984375, -84.728613281249977 ], [ -167.492187499999972, -84.833691406250011 ], [ -166.911083984374983, -84.819238281249966 ], [ -163.463720703124949, -84.90087890625 ], [ -162.933398437499989, -84.901171875000045 ], [ -160.820898437499949, -84.986621093750045 ], [ -157.12749023437496, -85.18564453124992 ], [ -156.810302734375, -85.192187500000045 ], [ -156.459130859374966, -85.18603515625 ], [ -156.642773437499983, -85.079394531250045 ], [ -156.988281250000028, -84.982226562500045 ], [ -157.453906249999932, -84.912402343750045 ], [ -157.149609375000011, -84.891308593750011 ], [ -156.489648437499966, -84.88925781249992 ], [ -156.620996093749966, -84.839648437500045 ], [ -156.986328124999972, -84.81113281249992 ], [ -158.303417968749983, -84.778027343750011 ], [ -163.568505859374966, -84.528710937500023 ], [ -163.685449218749994, -84.513085937499966 ], [ -163.758984374999955, -84.492773437499977 ], [ -163.897021484374932, -84.470410156249955 ], [ -164.114160156249937, -84.44541015624992 ], [ -164.916845703124949, -84.431347656250011 ], [ -165.135351562499977, -84.409863281249955 ], [ -165.240429687499983, -84.38125 ], [ -165.184814453125, -84.369531250000023 ], [ -165.125146484374937, -84.374609374999977 ], [ -163.899169921875, -84.352636718749977 ], [ -163.765185546874989, -84.324218749999943 ], [ -163.75761718749996, -84.305468750000045 ], [ -163.821386718749977, -84.29052734375 ], [ -164.032128906250023, -84.27402343749992 ], [ -164.528320312499943, -84.191015624999977 ], [ -164.685058593749972, -84.154589843750045 ], [ -164.602832031249932, -84.096679687499943 ], [ -164.502539062500006, -84.071582031249989 ], [ -164.123925781249966, -84.053515625000045 ], [ -164.011328124999949, -84.015625 ], [ -164.082910156249966, -83.946093749999989 ], [ -164.950878906249955, -83.805859375000011 ], [ -165.536328124999955, -83.756640625000045 ], [ -165.921777343749966, -83.790234374999955 ], [ -166.64946289062496, -83.791992187499943 ], [ -167.552880859374994, -83.810839843750045 ], [ -167.801220703124955, -83.790820312499989 ], [ -168.052734374999943, -83.735449218749977 ], [ -168.347363281250011, -83.636816406249977 ], [ -168.497265625000011, -83.611328125 ], [ -168.785009765625006, -83.529296875 ], [ -169.167675781249983, -83.449804687499977 ], [ -171.187841796874977, -83.25644531249992 ], [ -171.539404296875006, -83.20371093749992 ], [ -174.065966796874932, -82.900097656249955 ], [ -174.172021484374966, -82.847753906249977 ], [ -174.2359375, -82.79345703125 ], [ -173.071142578124949, -82.915820312499989 ], [ -172.851513671874983, -82.916796874999989 ], [ -172.592919921874966, -82.884179687500023 ], [ -172.392041015624983, -82.893066406249943 ], [ -172.124365234374977, -82.86240234374992 ], [ -171.821289062499972, -82.847460937499989 ], [ -171.03129882812496, -82.94296874999992 ], [ -169.440771484375034, -83.095996093749989 ], [ -169.016064453125011, -83.150292968749966 ], [ -168.790136718749977, -83.187890624999966 ], [ -168.603759765624943, -83.201562500000023 ], [ -168.417675781249955, -83.228808593750045 ], [ -168.191015624999977, -83.213281250000023 ], [ -168.054736328124989, -83.226562499999943 ], [ -167.724267578124994, -83.217382812499977 ], [ -166.216894531249949, -83.20078124999992 ], [ -165.61918945312496, -83.215527343750011 ], [ -164.915625, -83.2900390625 ], [ -164.644335937499932, -83.4125 ], [ -164.445556640624943, -83.467675781249966 ], [ -164.058398437499932, -83.424707031250023 ], [ -163.7333984375, -83.373046874999943 ], [ -163.111083984374943, -83.3291015625 ], [ -162.912060546874983, -83.347070312500023 ], [ -162.574169921874983, -83.41064453125 ], [ -162.197265624999943, -83.518945312500023 ], [ -160.594726562499972, -83.489550781249989 ], [ -159.923535156250011, -83.494726562499977 ], [ -159.444384765624989, -83.543164062499955 ], [ -157.699267578125017, -83.38125 ], [ -157.428466796875, -83.346386718749955 ], [ -157.027783203124983, -83.234375 ], [ -157.355810546875034, -83.198437500000011 ], [ -157.589208984374977, -83.187402343749966 ], [ -157.67949218749996, -83.129492187499977 ], [ -157.521875, -83.106640624999955 ], [ -157.018261718750011, -83.075195312499943 ], [ -156.037011718749937, -83.026855468749943 ], [ -155.459423828124955, -82.980761718750045 ], [ -155.150244140625006, -82.8583984375 ], [ -153.822265625, -82.669335937500023 ], [ -153.398632812499955, -82.586230468749989 ], [ -153.009863281249977, -82.449609375000023 ], [ -153.88261718749996, -82.176562499999989 ], [ -154.717431640624937, -81.940722656249989 ], [ -154.451464843749932, -81.867578125000023 ], [ -154.1884765625, -81.810546874999943 ], [ -154.061376953124977, -81.765429687499989 ], [ -153.956640624999949, -81.700195312499943 ], [ -154.232080078125023, -81.623242187500011 ], [ -154.48515624999996, -81.566210937499989 ], [ -154.9078125, -81.510351562499977 ], [ -156.492578124999937, -81.376953125 ], [ -157.03251953124996, -81.319140625000045 ], [ -156.815087890624994, -81.23095703125 ], [ -156.528222656249994, -81.162304687499955 ], [ -155.921142578124943, -81.13339843749992 ], [ -152.034765625, -81.029003906250011 ], [ -148.122753906249983, -80.900781249999966 ], [ -148.0234375, -80.835742187500045 ], [ -148.542968749999972, -80.760058593749989 ], [ -148.984179687499989, -80.741503906250045 ], [ -149.147167968749955, -80.718652343750023 ], [ -149.207421875, -80.670410156249943 ], [ -149.214062500000011, -80.604199218749955 ], [ -149.264404296874943, -80.593066406249989 ], [ -149.428613281250023, -80.586230468750045 ], [ -150.13276367187504, -80.510449218749955 ], [ -150.281689453124983, -80.480468749999943 ], [ -150.516113281249972, -80.409472656249989 ], [ -150.575390624999955, -80.353710937500011 ], [ -150.435449218749966, -80.211035156249977 ], [ -150.220703125, -80.15 ], [ -149.845361328124994, -80.117675781249943 ], [ -149.57763671875, -80.105957031249943 ], [ -148.766064453124955, -80.108105468749955 ], [ -148.447998046875, -80.090527343750011 ], [ -148.317138671874972, -80.070996093749955 ], [ -148.339794921874983, -80.002734374999989 ], [ -148.430273437500006, -79.971289062499977 ], [ -148.433496093749966, -79.929492187499989 ], [ -148.296435546874932, -79.906542968750045 ], [ -148.129296875, -79.90771484375 ], [ -148.082958984374955, -79.856738281249989 ], [ -148.176513671875, -79.775878906249943 ], [ -148.41748046875, -79.731445312499943 ], [ -149.051416015624994, -79.656933593749955 ], [ -150.490625, -79.545605468750011 ], [ -151.048437499999977, -79.459667968750011 ], [ -151.368261718750034, -79.393359374999989 ], [ -151.636132812499966, -79.317675781250045 ], [ -151.903564453125, -79.280566406250045 ], [ -152.09140625, -79.241601562500023 ], [ -152.053417968749983, -79.192773437500023 ], [ -152.1376953125, -79.115917968749955 ], [ -152.243505859374977, -79.102734374999955 ], [ -152.701367187500011, -79.13486328124992 ], [ -153.517578124999943, -79.117285156249977 ], [ -154.517724609374937, -79.046582031249955 ], [ -155.209912109375011, -78.96484375 ], [ -156.114550781250017, -78.74462890625 ], [ -156.469335937499977, -78.63535156249992 ], [ -156.207910156249937, -78.558691406249977 ], [ -155.919775390624949, -78.510351562499977 ], [ -154.71640625, -78.398144531250011 ], [ -154.537646484375017, -78.358886718749943 ], [ -154.293017578124989, -78.259082031250045 ], [ -154.695068359375, -78.216992187499955 ], [ -155.036621093749972, -78.220800781249977 ], [ -155.341503906249983, -78.191992187499977 ], [ -156.569238281249994, -78.18613281249992 ], [ -157.266796875000011, -78.19980468749992 ], [ -157.848046874999937, -78.073925781249955 ], [ -158.285888671874972, -77.95078124999992 ], [ -158.406933593750011, -77.887792968749977 ], [ -158.500390624999966, -77.778320312499943 ], [ -158.351416015625006, -77.614843749999977 ], [ -158.229980468749943, -77.497656249999977 ], [ -158.246484374999937, -77.354296874999989 ], [ -158.213574218749983, -77.157128906249966 ], [ -158.003076171874994, -77.091210937499966 ], [ -157.842041015624972, -77.079199218749977 ], [ -157.46538085937496, -77.23125 ], [ -157.139306640624966, -77.242089843749966 ], [ -156.667675781249983, -77.212988281249977 ], [ -156.368212890624989, -77.134765624999943 ], [ -156.211230468749989, -77.105664062499955 ], [ -155.919580078124994, -77.098046875000023 ], [ -155.358837890624983, -77.13330078125 ], [ -155.101757812500011, -77.119531250000023 ], [ -154.81494140625, -77.126953124999943 ], [ -153.909960937499932, -77.226953124999966 ], [ -153.712597656249955, -77.274218750000045 ], [ -153.606103515624937, -77.310156249999977 ], [ -153.57304687499996, -77.363085937499989 ], [ -153.460595703124966, -77.416015624999943 ], [ -153.07695312499996, -77.44248046874992 ], [ -151.998388671874977, -77.41259765625 ], [ -151.718994140624972, -77.42587890624992 ], [ -150.956396484374949, -77.573535156249989 ], [ -150.305566406249966, -77.7314453125 ], [ -150.084326171875006, -77.77099609375 ], [ -149.71772460937504, -77.797460937499977 ], [ -149.588476562499977, -77.774218749999989 ], [ -149.474023437499937, -77.71484375 ], [ -149.1259765625, -77.642675781249977 ], [ -148.339941406250006, -77.551171874999966 ], [ -148.155712890624955, -77.462304687499966 ], [ -148.259814453124932, -77.41259765625 ], [ -148.559277343750011, -77.361328125 ], [ -148.744384765624972, -77.343261718749943 ], [ -148.843603515625034, -77.28369140625 ], [ -148.839013671874966, -77.202343749999955 ], [ -148.777490234374966, -77.125 ], [ -148.572412109374937, -77.10507812499992 ], [ -148.19633789062496, -77.211328125000023 ], [ -147.730224609374943, -77.309765625000011 ], [ -147.566406249999972, -77.325292968749977 ], [ -147.442285156249994, -77.320703124999966 ], [ -147.207226562499983, -77.285839843750011 ], [ -146.927587890624949, -77.25986328124992 ], [ -146.390625, -77.472460937499989 ], [ -146.073632812499966, -77.486718749999966 ], [ -145.677148437499937, -77.488085937499989 ], [ -145.60063476562496, -77.455273437499955 ], [ -145.649658203125, -77.398339843750023 ], [ -145.71381835937504, -77.338378906249943 ], [ -145.794287109374977, -77.329980468750023 ], [ -145.807958984375034, -77.273242187499989 ], [ -145.63457031249996, -77.221289062499977 ], [ -145.515722656250006, -77.199218749999943 ], [ -145.563183593749983, -77.16171874999992 ], [ -145.753125, -77.103320312500045 ], [ -145.86430664062496, -77.094140625000023 ], [ -145.966992187500011, -77.06875 ], [ -145.933935546875006, -77.029003906250011 ], [ -145.806347656249955, -77.012109375000023 ], [ -145.629248046874949, -76.95371093749992 ], [ -145.685693359374994, -76.884472656250011 ], [ -145.675683593749994, -76.796679687499989 ], [ -145.750488281249943, -76.749023437499943 ], [ -146.166455078124955, -76.657617187500023 ], [ -146.776660156249932, -76.507031249999955 ], [ -147.340429687499949, -76.438378906250023 ], [ -148.60107421875, -76.493261718749977 ], [ -149.045849609375011, -76.4580078125 ], [ -149.339648437500017, -76.418945312499943 ], [ -149.559255558164381, -76.381520414395126 ], [ -148.609290770096948, -76.238789329863863 ], [ -148.539664146014928, -76.228328012042084 ], [ -148.504421349945005, -76.131115814804659 ], [ -148.458984375, -76.117968749999989 ], [ -148.3203125, -76.1044921875 ], [ -147.860205078124977, -76.130859375 ], [ -146.817333984374955, -76.318066406250011 ], [ -146.597412109375, -76.337792968750023 ], [ -145.885742187499972, -76.42431640625 ], [ -145.686865234374949, -76.42880859374992 ], [ -145.442089843750011, -76.4091796875 ], [ -145.642333984374943, -76.325683593749943 ], [ -145.86040039062496, -76.2666015625 ], [ -146.383007812500011, -76.09970703124992 ], [ -146.323486328124972, -76.020312499999989 ], [ -145.987744140624955, -75.88876953124992 ], [ -145.105517578124989, -75.87890625 ], [ -144.721289062499977, -75.832128906249977 ], [ -144.220605468749937, -75.731445312499943 ], [ -143.574267578124989, -75.563574218749977 ], [ -143.022167968750011, -75.543457031249943 ], [ -142.329833984374943, -75.490917968750011 ], [ -142.094189453124955, -75.52978515625 ], [ -141.505712890624977, -75.690429687499943 ], [ -141.134619140624977, -75.745996093749966 ], [ -141.008984374999955, -75.750781249999989 ], [ -140.874316406249989, -75.745898437500045 ], [ -141.223339843750011, -75.5458984375 ], [ -140.998730468750011, -75.520019531249943 ], [ -140.709277343749989, -75.49765624999992 ], [ -140.470996093749932, -75.447265625 ], [ -140.29379882812492, -75.405859374999977 ], [ -139.716859431312145, -75.221025606162016 ], [ -138.523060676166267, -75.18719031672957 ], [ -138.206740708013882, -75.108105229002817 ], [ -137.6181640625, -75.075585937500023 ], [ -137.090136718749989, -75.152636718749989 ], [ -136.649853515624955, -75.161718749999977 ], [ -136.549511718749955, -75.139453125000045 ], [ -136.461914062499943, -75.035839843750011 ], [ -136.227832031249989, -74.836035156249977 ], [ -136.030078124999932, -74.765332031249955 ], [ -135.362060546875, -74.6904296875 ], [ -134.840380859374932, -74.694140625000045 ], [ -134.465087890624943, -74.776171875000045 ], [ -134.117138671875011, -74.82968749999992 ], [ -133.796337890624955, -74.85458984374992 ], [ -133.474853515625, -74.851855468749989 ], [ -132.991650390624955, -74.80615234375 ], [ -132.351269531250011, -74.789355468750045 ], [ -132.049365234374932, -74.76572265624992 ], [ -131.70654296875, -74.810937500000023 ], [ -130.857470703124932, -74.825976562500045 ], [ -130.195605468749932, -74.890625 ], [ -129.790820312499989, -74.891406250000045 ], [ -129.238281249999943, -74.828906250000045 ], [ -128.940625, -74.820214843750023 ], [ -127.863378906249977, -74.71923828125 ], [ -127.020214843749955, -74.697851562499977 ], [ -126.383984375000011, -74.742578125000023 ], [ -125.353417968750023, -74.714648437500045 ], [ -124.312451171874955, -74.735742187499966 ], [ -123.889453124999932, -74.77304687499992 ], [ -121.543945312499943, -74.75 ], [ -119.677001953125, -74.654589843750045 ], [ -119.422216796874977, -74.62158203125 ], [ -119.022412109374955, -74.517871093749989 ], [ -118.802929687500011, -74.422265624999966 ], [ -118.655761718749943, -74.392773437500011 ], [ -118.342041015625, -74.381542968750011 ], [ -117.806201171874989, -74.40292968749992 ], [ -117.068310546874955, -74.473242187499977 ], [ -116.433007812500023, -74.447070312500045 ], [ -115.222607421874955, -74.48740234374992 ], [ -115.105175781249955, -74.455078125 ], [ -114.991015624999989, -74.275 ], [ -114.791015625, -73.988574218749989 ], [ -114.623730468750011, -73.90292968749992 ], [ -114.345947265625, -73.925 ], [ -113.508496093750011, -74.0888671875 ], [ -113.489404296875023, -74.158398437500011 ], [ -113.574658203124955, -74.207910156249966 ], [ -113.713574218749955, -74.227734374999955 ], [ -113.753271484374977, -74.36669921875 ], [ -113.640820312499955, -74.40634765624992 ], [ -113.454248046874966, -74.394238281250011 ], [ -113.332958984374955, -74.454199218749977 ], [ -113.597314453124966, -74.558789062499955 ], [ -113.783105468749966, -74.6181640625 ], [ -113.903466796875023, -74.644433593750023 ], [ -113.984765625000023, -74.842968749999955 ], [ -114.097216796874932, -74.909082031250023 ], [ -114.110449218749977, -74.981835937500023 ], [ -113.931835937500011, -74.981835937500023 ], [ -113.752539062499977, -74.9521484375 ], [ -113.593408203124966, -74.943652343750045 ], [ -113.091503906249955, -74.89169921874992 ], [ -112.170019531249977, -74.832226562500011 ], [ -111.868212890624989, -74.801171874999966 ], [ -111.696240234375011, -74.792187500000011 ], [ -111.584423828124955, -74.750878906250023 ], [ -111.738720703124955, -74.653417968749977 ], [ -111.788720703125023, -74.571679687500023 ], [ -111.69589843749992, -74.504101562500011 ], [ -111.722265624999977, -74.386621093749966 ], [ -111.806347656249955, -74.269726562499955 ], [ -111.62998046874992, -74.181445312500045 ], [ -111.466796875, -74.200781249999977 ], [ -111.205636718209632, -74.189213679171104 ], [ -111.155231917711561, -74.194678895341426 ], [ -111.019824218749989, -74.230468749999943 ], [ -110.770410156249966, -74.268945312499966 ], [ -110.533935546875, -74.288867187500045 ], [ -110.307080078124955, -74.36669921875 ], [ -110.229785156249932, -74.536328125000011 ], [ -110.300439453124966, -74.710644531250011 ], [ -110.531933593749955, -74.836328125000023 ], [ -110.967578124999989, -74.95126953124992 ], [ -111.463134765624943, -75.133398437499977 ], [ -111.358789062500023, -75.219921875000011 ], [ -111.104199218750011, -75.190820312500023 ], [ -109.989990234374943, -75.199121093749966 ], [ -109.272167968750011, -75.185058593749943 ], [ -108.822265625, -75.206640624999977 ], [ -108.254492187499977, -75.25253906249992 ], [ -107.804736328124989, -75.321582031250045 ], [ -107.266796875000011, -75.33447265625 ], [ -106.932128906249943, -75.309375 ], [ -106.618847656250011, -75.343945312499955 ], [ -105.399365234374955, -75.197656250000023 ], [ -104.901855468749943, -75.115136718749966 ], [ -104.617822265625023, -75.15625 ], [ -104.15966796875, -75.120703124999977 ], [ -103.901318359374955, -75.152539062499955 ], [ -103.424902343749977, -75.101269531250011 ], [ -103.121044921874955, -75.09521484375 ], [ -102.771337890624977, -75.116992187499989 ], [ -102.150972901111544, -75.123032021152184 ], [ -102.077504035541239, -75.129573129229556 ], [ -102.071555879323853, -75.123805220170283 ], [ -101.708105468749977, -75.127343749999966 ], [ -101.627832031249966, -75.221777343749977 ], [ -101.3037109375, -75.365820312499977 ], [ -101.039355468749989, -75.421875 ], [ -100.706347656249989, -75.398144531250011 ], [ -100.463427734374989, -75.353417968750023 ], [ -100.082812499999989, -75.370410156250045 ], [ -99.531347656249977, -75.308984374999966 ], [ -98.980224609374943, -75.327441406249989 ], [ -98.752343750000023, -75.317089843750011 ], [ -98.645703125000011, -75.277148437500045 ], [ -98.557861328125, -75.189746093749989 ], [ -98.727246093749955, -75.140820312499955 ], [ -99.208154296875023, -75.078515624999966 ], [ -99.651904296874932, -74.94882812499992 ], [ -99.848583984374955, -74.921679687499989 ], [ -100.1640625, -74.937890625000023 ], [ -100.31298828125, -74.914355468750045 ], [ -100.473339843749955, -74.872363281249989 ], [ -100.264892578124943, -74.822949218749955 ], [ -100.0126953125, -74.662109375 ], [ -100.118603515625011, -74.515039062500023 ], [ -100.23813476562492, -74.484179687500045 ], [ -100.530859374999977, -74.48886718749992 ], [ -100.881835937499943, -74.54111328124992 ], [ -101.023144531249955, -74.50498046874992 ], [ -101.251708984375, -74.485742187500023 ], [ -101.3427734375, -74.35009765625 ], [ -101.586718749999932, -74.096386718750011 ], [ -101.715429687499977, -74.023730468750045 ], [ -102.105126953125023, -73.957714843750011 ], [ -102.363068122562709, -73.93317760377731 ], [ -102.364186164447489, -73.930476449542013 ], [ -102.438228120310498, -73.893038785278762 ], [ -102.82358204494281, -73.698193164512318 ], [ -102.799511718750011, -73.645703125000011 ], [ -102.41064453125, -73.616406250000011 ], [ -102.036621093749943, -73.630566406249955 ], [ -101.828369140624943, -73.655468749999955 ], [ -101.58740234375, -73.666796875000045 ], [ -101.310742187500011, -73.695214843749966 ], [ -101.13022460937492, -73.73486328125 ], [ -100.98544921874992, -73.757226562500023 ], [ -100.7177734375, -73.757812499999943 ], [ -99.781103515624977, -73.720117187500023 ], [ -99.656152343750023, -73.694140625000045 ], [ -99.541015625, -73.64511718749992 ], [ -99.343359374999977, -73.634179687499966 ], [ -99.161914062499932, -73.640820312500011 ], [ -98.896142578124966, -73.611132812499989 ], [ -99.200341796874966, -73.570996093750011 ], [ -99.527929687499977, -73.4951171875 ], [ -100.020800781249932, -73.402539062499955 ], [ -100.436376953124977, -73.353125 ], [ -101.189453125, -73.317871093749943 ], [ -101.573730468749943, -73.329589843749943 ], [ -101.815966796874932, -73.311230468750011 ], [ -102.675048828125, -73.32089843749992 ], [ -102.908789062499977, -73.285156249999943 ], [ -103.076171875, -73.184570312499943 ], [ -103.307714843749977, -72.9453125 ], [ -103.375, -72.81884765625 ], [ -103.216601562499989, -72.772070312499977 ], [ -103.110107421874943, -72.72119140625 ], [ -102.855859375000023, -72.716210937500023 ], [ -102.484765625000023, -72.735644531249989 ], [ -102.362890624999977, -72.760156250000023 ], [ -102.272021484374932, -72.8349609375 ], [ -102.362939453124966, -72.911425781249989 ], [ -102.482031249999977, -72.951171874999943 ], [ -102.40927734374992, -72.98740234374992 ], [ -102.028857421874932, -72.99814453124992 ], [ -101.841503906249955, -73.020898437500023 ], [ -101.681201171874989, -73.029882812499977 ], [ -101.331835937499989, -72.995410156250045 ], [ -100.820507812500011, -72.981152343750011 ], [ -100.563574218749977, -73.015527343749966 ], [ -100.258789062499943, -73.041308593749989 ], [ -99.810742187499955, -72.999902343750023 ], [ -98.208593749999977, -73.022265625000045 ], [ -98.012402343749955, -73.033203124999943 ], [ -97.818505859375023, -73.101757812499955 ], [ -97.651025390624966, -73.144433593749966 ], [ -97.476464843750023, -73.126269531249989 ], [ -96.955761718750011, -73.206445312499966 ], [ -96.675830078124989, -73.268554687499943 ], [ -96.394238281250011, -73.301171875000023 ], [ -96.152148437499989, -73.309277343749955 ], [ -95.880566406249955, -73.293847656250023 ], [ -95.529248046875011, -73.241406250000011 ], [ -95.236621093749989, -73.220117187500023 ], [ -95.029589843749989, -73.238964843749955 ], [ -94.586474609374932, -73.249511718749943 ], [ -94.246191406249977, -73.31298828125 ], [ -93.984667968749989, -73.286718749999977 ], [ -93.705957031249966, -73.215039062499955 ], [ -92.828369140625, -73.164648437499977 ], [ -92.241015624999932, -73.178417968749955 ], [ -91.168652343749955, -73.307031249999966 ], [ -90.920947265624989, -73.319140625000045 ], [ -90.430908203124943, -73.24326171874992 ], [ -90.27377929687492, -73.118652343749943 ], [ -90.29541015625, -72.977929687499966 ], [ -90.152441406249977, -72.944531250000011 ], [ -90.035205078124989, -72.960156250000011 ], [ -89.817675781249989, -72.862597656249989 ], [ -89.522363281249966, -72.870898437499989 ], [ -89.341259765625011, -72.889550781249966 ], [ -89.229394531249966, -72.825781249999977 ], [ -89.127148437500011, -72.693164062500045 ], [ -88.779980468749955, -72.683007812500023 ], [ -88.526904296874932, -72.702343749999955 ], [ -88.194091796875, -72.7875 ], [ -88.194531250000011, -72.858593750000011 ], [ -88.331738281249955, -72.934375 ], [ -88.560742187500011, -73.12070312499992 ], [ -88.419384765624955, -73.229003906249943 ], [ -88.204980468749966, -73.219531249999989 ], [ -87.936328124999989, -73.240917968750011 ], [ -87.608447265624932, -73.194531249999955 ], [ -87.401025390624966, -73.191992187499977 ], [ -87.037939453124977, -73.353906250000023 ], [ -86.791015624999943, -73.363671875000023 ], [ -86.60214843749992, -73.353710937499955 ], [ -85.980761718749989, -73.208496093749943 ], [ -85.801416015624966, -73.192089843750011 ], [ -85.582177734374966, -73.258984375000011 ], [ -85.26059570312492, -73.413281250000011 ], [ -84.981201171874943, -73.502050781249977 ], [ -84.5712890625, -73.55673828124992 ], [ -84.214160156249989, -73.57275390625 ], [ -83.796289062500023, -73.64511718749992 ], [ -83.564843750000023, -73.705957031249966 ], [ -83.041894531250023, -73.707226562499955 ], [ -82.815234374999989, -73.732324218750023 ], [ -82.183496093750023, -73.856835937499966 ], [ -81.606103515624966, -73.795703125000045 ], [ -81.308740234374966, -73.73828125 ], [ -81.163183593749977, -73.632421874999977 ], [ -81.235986328124966, -73.473730468749977 ], [ -81.262402343750011, -73.314941406249943 ], [ -81.176416015625023, -73.248828124999989 ], [ -81.024316406250023, -73.235546874999955 ], [ -80.336376953125011, -73.41416015624992 ], [ -80.379833984375011, -73.30810546875 ], [ -80.438769531249989, -73.225 ], [ -80.614208984374955, -73.083398437499966 ], [ -80.591524838837074, -72.992745560682465 ], [ -80.508179974070032, -72.959534535889503 ], [ -80.481039448225346, -72.953359610881904 ], [ -80.393866363093636, -72.953784068995745 ], [ -80.151757812499966, -73.000097656249977 ], [ -79.808007812500023, -73.028125 ], [ -79.521728515624943, -73.089550781249955 ], [ -78.963720703124977, -73.312402343749966 ], [ -78.786230468749977, -73.506738281249966 ], [ -78.407861328124966, -73.55576171874992 ], [ -78.144140624999977, -73.547070312500011 ], [ -77.845605468749966, -73.515039062499966 ], [ -77.444042968750011, -73.487988281249955 ], [ -77.135546874999932, -73.495800781249955 ], [ -76.850488281250023, -73.460449218749943 ], [ -76.76450195312492, -73.566308593750023 ], [ -77.033007812499989, -73.718457031250011 ], [ -77.134912109374966, -73.817675781249989 ], [ -77.048925781249977, -73.844140624999966 ], [ -76.8875, -73.820507812500011 ], [ -76.75498046874992, -73.789453125000023 ], [ -76.291210937499955, -73.805371093749955 ], [ -75.916210937500011, -73.736425781249977 ], [ -75.595019531249989, -73.711230468750045 ], [ -75.29306640624992, -73.638769531249977 ], [ -75.043554687499977, -73.64511718749992 ], [ -74.855468749999943, -73.658007812500045 ], [ -74.594042968749989, -73.715234374999966 ], [ -74.345263671874989, -73.683886718749989 ], [ -74.197314453124989, -73.695507812499955 ], [ -73.996044921875011, -73.699804687499977 ], [ -72.92919921875, -73.447949218749955 ], [ -72.687402343750023, -73.452343750000011 ], [ -72.380810546875011, -73.438378906249966 ], [ -71.994189453124932, -73.379199218749989 ], [ -71.697558593749989, -73.35302734375 ], [ -71.45273437499992, -73.354492187499943 ], [ -71.01718749999992, -73.26279296874992 ], [ -70.322656250000023, -73.274023437499977 ], [ -69.968603515624977, -73.226464843749966 ], [ -69.282226562499943, -73.169628906250011 ], [ -68.820947265624966, -73.10546875 ], [ -68.00034179687492, -72.935546874999943 ], [ -67.667089843749977, -72.834570312499977 ], [ -67.30673828124992, -72.611132812500045 ], [ -67.079541015625011, -72.387597656249966 ], [ -66.827734374999977, -72.090429687499977 ], [ -66.95166015625, -71.897265624999989 ], [ -67.084130859374966, -71.812207031249955 ], [ -67.195751953124955, -71.718945312500011 ], [ -67.460351562499966, -71.526757812500023 ], [ -67.529931640625023, -71.284570312500023 ], [ -67.504589843750011, -71.057812500000011 ], [ -67.598388671874943, -70.844628906250023 ], [ -67.692187499999932, -70.686132812499977 ], [ -67.888476562499989, -70.421679687500045 ], [ -68.125683593749955, -70.249902343750023 ], [ -68.403320312499943, -70.019726562500011 ], [ -68.40366210937492, -69.80917968749992 ], [ -68.46982421874992, -69.643847656249989 ], [ -68.637548828124977, -69.526367187499943 ], [ -68.707958984375011, -69.432226562499977 ], [ -68.580029296875011, -69.412695312499977 ], [ -68.46152343749992, -69.383984375000011 ], [ -68.324632596155837, -69.368433808890273 ], [ -68.094454495518391, -69.351466016733411 ], [ -67.371777343749955, -69.412304687500011 ], [ -67.304345703124966, -69.317578124999955 ], [ -67.11044921874992, -69.248046875 ], [ -66.974902343749932, -69.161035156249966 ], [ -67.021240234374943, -69.028710937500023 ], [ -67.157296512564287, -68.984303957357227 ], [ -67.130681325568304, -68.793064164036423 ], [ -67.126280354853506, -68.761441589675471 ], [ -67.05429687499992, -68.671484374999977 ], [ -67.103240609903509, -68.595892647145874 ], [ -67.095539913728956, -68.540560345889645 ], [ -67.041015625, -68.453125 ], [ -66.893505859374955, -68.297656250000045 ], [ -66.793359374999966, -68.240429687500011 ], [ -66.977587890624932, -68.146777343749989 ], [ -67.149853515624955, -68.024609375000011 ], [ -67.106689453124943, -67.930078125000023 ], [ -67.021289062499932, -67.831445312499966 ], [ -66.915380859374977, -67.692578125000011 ], [ -66.769873046874977, -67.593359374999977 ], [ -66.677246093749943, -67.560253906249955 ], [ -66.704980468750023, -67.527148437499989 ], [ -66.923144531249932, -67.491601562500023 ], [ -67.124316406249989, -67.485058593750011 ], [ -67.486914062499977, -67.54697265624992 ], [ -67.544531249999977, -67.53466796875 ], [ -67.564746093749989, -67.502929687499943 ], [ -67.58579101562492, -67.435156249999977 ], [ -67.55039062499992, -67.269238281250011 ], [ -67.493359375000011, -67.112792968749943 ], [ -67.440478515624989, -67.090722656249966 ], [ -67.299023437499955, -67.07080078125 ], [ -67.16015625, -66.95175781249992 ], [ -67.034472656249989, -66.945117187499989 ], [ -66.955078124999943, -66.984765624999966 ], [ -66.928613281250023, -67.1435546875 ], [ -66.886132812499966, -67.179980468750045 ], [ -66.902148437499932, -67.255957031249977 ], [ -66.836035156249977, -67.282421874999955 ], [ -66.75732421875, -67.23251953124992 ], [ -66.610009765625023, -67.20859374999992 ], [ -66.551562499999989, -67.262597656250023 ], [ -66.498681640624966, -67.2890625 ], [ -66.472216796874989, -67.242773437499977 ], [ -66.490966796875, -67.1142578125 ], [ -66.515136718749943, -67.0625 ], [ -66.53330078124992, -66.979296875000045 ], [ -66.502099609374966, -66.940136718749955 ], [ -66.464697265624977, -66.875195312499955 ], [ -66.526806640625011, -66.74072265625 ], [ -66.503613281250011, -66.689843750000023 ], [ -66.370898437499989, -66.608886718749943 ], [ -66.306542968750023, -66.591992187500011 ], [ -66.181884765625, -66.592480468750011 ], [ -65.953759765624966, -66.645605468749977 ], [ -65.847460937499989, -66.649804687500023 ], [ -65.766406249999932, -66.624902343750023 ], [ -65.717968750000011, -66.5732421875 ], [ -65.678466796874943, -66.402734374999966 ], [ -65.775781249999966, -66.342578125000045 ], [ -65.774511718749977, -66.287988281249966 ], [ -65.717480468750011, -66.254492187499977 ], [ -65.61728515624992, -66.13525390625 ], [ -65.465087890625, -66.129296874999966 ], [ -65.316357421875011, -66.139843749999955 ], [ -65.172021484374966, -66.116796874999977 ], [ -65.222070312499966, -66.068457031249977 ], [ -65.267480468749966, -65.994238281249977 ], [ -65.10507812499992, -65.957910156250023 ], [ -64.998730468750011, -65.9462890625 ], [ -64.7216796875, -65.99277343749992 ], [ -64.613525390625, -66.019042968749943 ], [ -64.514306640625023, -65.95957031249992 ], [ -64.54736328125, -65.9 ], [ -64.653222656249966, -65.866894531249955 ], [ -64.673046875000011, -65.814062499999977 ], [ -64.646582031249977, -65.747851562500045 ], [ -64.474609375, -65.780957031249955 ], [ -64.435351562499989, -65.768359375000045 ], [ -64.390039062500023, -65.708496093749943 ], [ -64.416796874999932, -65.679882812499955 ], [ -64.438916015625011, -65.640625 ], [ -64.21347656249992, -65.632910156249977 ], [ -64.179980468749932, -65.617382812500011 ], [ -64.132226562499966, -65.570507812499955 ], [ -64.065917968749943, -65.553710937499943 ], [ -63.862207031250023, -65.555957031250045 ], [ -63.818115234375, -65.531542968750045 ], [ -63.797949218749977, -65.480371093750023 ], [ -63.908007812499932, -65.46738281249992 ], [ -64.05126953125, -65.417187500000011 ], [ -64.071093749999932, -65.278222656250023 ], [ -64.038037109374955, -65.179003906249989 ], [ -63.912402343749932, -65.093066406250045 ], [ -63.760253906249943, -65.033496093749989 ], [ -63.482128906249955, -65.0849609375 ], [ -63.264160156249943, -65.073144531250023 ], [ -63.178125, -65.12607421874992 ], [ -63.05908203125, -65.139355468750011 ], [ -63.032617187500023, -65.079785156250011 ], [ -63.085693359375, -65.02792968749992 ], [ -63.119873046874943, -64.94248046874992 ], [ -62.774658203125, -64.841699218750023 ], [ -62.664501953125011, -64.85751953124992 ], [ -62.527539062500011, -64.833398437500023 ], [ -62.576220703124989, -64.755664062500045 ], [ -62.503466796874989, -64.656445312500011 ], [ -62.404248046875011, -64.643261718750011 ], [ -62.338085937499955, -64.729199218750011 ], [ -62.243310546875023, -64.746875 ], [ -62.1396484375, -64.726757812499955 ], [ -61.882519531249955, -64.625390624999966 ], [ -61.756396484374932, -64.609863281249943 ], [ -61.631787109375011, -64.604687499999955 ], [ -61.50048828125, -64.545605468750011 ], [ -61.470019531249932, -64.475585937499943 ], [ -61.395947265625011, -64.427148437500023 ], [ -61.173583984374943, -64.3625 ], [ -61.082128906249977, -64.314746093750045 ], [ -60.886621093750023, -64.149707031249989 ], [ -60.922070312499955, -64.10791015625 ], [ -60.864160156249966, -64.073437500000011 ], [ -60.277246093750023, -63.923925781249977 ], [ -59.98984374999992, -63.909570312500023 ], [ -59.510156249999966, -63.820703125000023 ], [ -59.217578124999989, -63.7138671875 ], [ -59.036425781249932, -63.670312500000023 ], [ -58.8720703125, -63.551855468749977 ], [ -58.673535156249955, -63.534375 ], [ -58.215576171874943, -63.451269531249977 ], [ -57.868066406250023, -63.31875 ], [ -57.3896484375, -63.226269531249955 ], [ -57.168261718749989, -63.234765625000023 ], [ -57.076708984374989, -63.2625 ], [ -57.020654296875023, -63.372851562499989 ], [ -56.927343749999977, -63.505566406250011 ], [ -56.781835937499977, -63.571679687500023 ], [ -56.834765624999989, -63.63125 ], [ -56.973681640624989, -63.62460937499992 ], [ -57.119189453124932, -63.637792968749977 ], [ -57.152246093750023, -63.571679687500023 ], [ -57.097705078124932, -63.523535156249977 ], [ -57.152246093750023, -63.479101562499977 ], [ -57.283886718750011, -63.490625 ], [ -57.460644531249955, -63.513574218749966 ], [ -57.581494140625011, -63.546582031249955 ], [ -57.736914062499977, -63.616601562500023 ], [ -57.856738281249932, -63.65683593749992 ], [ -58.262988281249989, -63.763378906249955 ], [ -58.531884765624966, -63.915429687500023 ], [ -58.722851562500011, -64.077441406249989 ], [ -58.83896484374992, -64.186816406249989 ], [ -59.005322265625011, -64.194921874999977 ], [ -59.047314453125011, -64.23447265624992 ], [ -58.977246093749955, -64.265917968750045 ], [ -58.922998046875023, -64.279296875 ], [ -58.799316406249943, -64.292675781249955 ], [ -58.819140624999989, -64.338964843749977 ], [ -58.90512695312492, -64.35214843749992 ], [ -58.895458984375011, -64.388867187499955 ], [ -58.805908203124943, -64.44482421875 ], [ -58.786083984375011, -64.524218749999989 ], [ -58.891894531249989, -64.537402343749989 ], [ -59.050683593749966, -64.451367187499955 ], [ -59.229394531249966, -64.443554687500011 ], [ -59.369677734374989, -64.403515625000011 ], [ -59.460742187499932, -64.345605468750023 ], [ -59.546777343749966, -64.358789062500023 ], [ -59.612158203124977, -64.440136718750011 ], [ -59.573193359374955, -64.53076171875 ], [ -59.645996093749943, -64.583691406250011 ], [ -59.734375, -64.558886718750045 ], [ -59.765039062500023, -64.451367187499955 ], [ -59.850195312499977, -64.43359375 ], [ -59.963085937499955, -64.431347656250011 ], [ -60.242480468749989, -64.546875 ], [ -60.340527343749955, -64.550585937500045 ], [ -60.39365234374992, -64.609375 ], [ -60.555957031249989, -64.676562500000045 ], [ -60.659960937499932, -64.729199218750011 ], [ -60.91538085937492, -64.906835937499977 ], [ -61.059863281249932, -64.98125 ], [ -61.331835937499932, -65.023828124999966 ], [ -61.439453125, -65.017675781249977 ], [ -61.503027343749977, -64.999707031249955 ], [ -61.603222656249955, -64.98779296875 ], [ -61.703125, -64.987207031249966 ], [ -61.736181640624977, -65.033496093749989 ], [ -61.577441406249989, -65.18564453124992 ], [ -61.663427734374977, -65.238574218750045 ], [ -61.855615234374966, -65.2353515625 ], [ -61.94785156249992, -65.192285156250023 ], [ -62.02451171874992, -65.232519531249977 ], [ -62.084667968750011, -65.273242187499989 ], [ -62.145312499999932, -65.331738281250011 ], [ -62.053662109375011, -65.456835937499989 ], [ -61.903369140624932, -65.513476562499989 ], [ -61.795703124999932, -65.52294921875 ], [ -61.756005859375023, -65.569238281249966 ], [ -61.991406250000011, -65.589160156250045 ], [ -62.150585937500011, -65.69882812499992 ], [ -62.222412109375, -65.775 ], [ -62.305029296874977, -65.840429687499977 ], [ -62.293261718749989, -65.916406250000023 ], [ -62.169140625000011, -66.031347656249977 ], [ -62.005029296875023, -66.112890624999977 ], [ -61.839062499999955, -66.119531250000023 ], [ -61.624804687499932, -66.0947265625 ], [ -61.574707031249943, -66.071484375000011 ], [ -61.359130859375, -66.058789062499955 ], [ -61.266113281249943, -65.97998046875 ], [ -61.198144531249966, -65.974511718750023 ], [ -61.137597656249966, -65.988671875000023 ], [ -61.039257812500011, -65.991992187500045 ], [ -60.988134765624977, -65.940234374999989 ], [ -60.912792968750011, -65.920898437499943 ], [ -60.81298828125, -65.93408203125 ], [ -60.618310546874966, -65.933105468749943 ], [ -60.565380859375011, -65.979394531249966 ], [ -60.624902343749966, -66.03232421874992 ], [ -60.743994140624977, -66.105078124999977 ], [ -60.8564453125, -66.065332031249966 ], [ -60.955664062499977, -66.071972656250011 ], [ -61.009277343749943, -66.110546874999955 ], [ -60.902734375000023, -66.19101562499992 ], [ -60.942431640624989, -66.263769531249977 ], [ -61.02841796874992, -66.336523437499977 ], [ -61.13427734375, -66.290234374999955 ], [ -61.149755859374977, -66.211718750000045 ], [ -61.29296875, -66.164550781249943 ], [ -61.431933593749989, -66.144726562500011 ], [ -61.526123046875, -66.225683593749977 ], [ -61.675634765624977, -66.249511718749943 ], [ -61.696484374999955, -66.343164062500023 ], [ -61.756005859375023, -66.429199218749943 ], [ -61.841992187499955, -66.402734374999966 ], [ -61.875439453125011, -66.296093750000011 ], [ -62.116503906249932, -66.208984374999943 ], [ -62.241259765624932, -66.197070312499989 ], [ -62.494140624999943, -66.21933593749992 ], [ -62.582812499999989, -66.217480468749955 ], [ -62.682031250000023, -66.237304687499943 ], [ -62.754833984375011, -66.31015624999992 ], [ -62.650292968749966, -66.363671875000023 ], [ -62.615380859375023, -66.435742187499955 ], [ -62.617919921874943, -66.489648437500023 ], [ -62.63754882812492, -66.511132812500023 ], [ -62.655078124999932, -66.556054687500023 ], [ -62.543164062499955, -66.620996093750023 ], [ -62.536523437499966, -66.70703125 ], [ -62.628906249999943, -66.706152343749977 ], [ -62.704785156249955, -66.680078124999966 ], [ -62.996728515625023, -66.452832031249955 ], [ -63.179541015624977, -66.352539062499943 ], [ -63.257519531250011, -66.263769531249977 ], [ -63.448535156249932, -66.24375 ], [ -63.586621093750011, -66.241699218749943 ], [ -63.752539062499977, -66.277734375000023 ], [ -63.687548828124989, -66.319824218749943 ], [ -63.654394531249977, -66.38291015624992 ], [ -63.755664062499989, -66.408984374999989 ], [ -63.880419921874932, -66.505957031249977 ], [ -63.964355468749943, -66.588769531250023 ], [ -64.015039062499966, -66.606640624999955 ], [ -64.077734374999977, -66.654101562500045 ], [ -63.808789062500011, -66.760937500000011 ], [ -63.769042968749943, -66.803222656249943 ], [ -63.754736328124977, -66.872949218750023 ], [ -63.839599609374943, -66.912011718749966 ], [ -64.04257812499992, -66.92724609375 ], [ -64.40097656249992, -66.853320312500045 ], [ -64.554003906249932, -66.851757812499955 ], [ -64.606933593749943, -66.799609374999989 ], [ -64.686279296874943, -66.80625 ], [ -64.73544921874992, -66.894140624999977 ], [ -64.793359375000023, -66.971972656250045 ], [ -64.878125, -67.024511718749977 ], [ -64.854101562499977, -67.104785156249989 ], [ -64.78549804687492, -67.123730468749955 ], [ -64.83872070312492, -67.156054687500045 ], [ -64.950878906249955, -67.183203124999977 ], [ -65.026904296874989, -67.214062499999955 ], [ -64.85825195312492, -67.242773437499977 ], [ -64.826464843749932, -67.26914062499992 ], [ -64.819287109374955, -67.307324218749955 ], [ -65.07958984375, -67.335351562499966 ], [ -65.248535156249943, -67.341992187500011 ], [ -65.35009765625, -67.310937499999966 ], [ -65.443115234374943, -67.326171875 ], [ -65.503125, -67.377246093749989 ], [ -65.5234375, -67.444628906250045 ], [ -65.50390625, -67.528222656250023 ], [ -65.47080078124992, -67.587890625 ], [ -65.44677734375, -67.610156250000045 ], [ -65.41806640624992, -67.659570312499966 ], [ -65.574023437499989, -67.788378906249989 ], [ -65.589257812499966, -67.816308593750023 ], [ -65.600048828124955, -67.875683593750011 ], [ -65.52783203125, -67.929980468749989 ], [ -65.469433593750011, -68.009472656250011 ], [ -65.551171875000023, -68.048339843749943 ], [ -65.63950195312492, -68.130566406250011 ], [ -65.54624023437492, -68.146679687500011 ], [ -65.3875, -68.150390624999943 ], [ -65.218017578124943, -68.140039062499966 ], [ -64.958837890624977, -68.067578124999955 ], [ -64.884716796874955, -68.056347656249955 ], [ -64.853466796875011, -68.08310546874992 ], [ -64.829492187500023, -68.12744140625 ], [ -64.895947265624955, -68.168359374999966 ], [ -65.365185546875011, -68.2875 ], [ -65.452001953124977, -68.336718749999989 ], [ -65.33139648437492, -68.364160156249966 ], [ -65.089746093750023, -68.370214843749977 ], [ -64.996484375000023, -68.407812499999977 ], [ -65.05454101562492, -68.44931640624992 ], [ -65.140087890624955, -68.4892578125 ], [ -65.241601562500023, -68.583203125000011 ], [ -65.158349609375023, -68.617968749999989 ], [ -64.898291015624977, -68.67333984375 ], [ -64.428906250000011, -68.74609375 ], [ -64.07846679687492, -68.771191406249955 ], [ -64.15683593749992, -68.686914062500023 ], [ -64.169238281249989, -68.582519531249943 ], [ -63.924462890625023, -68.497656249999977 ], [ -63.796484374999977, -68.4697265625 ], [ -63.216601562499932, -68.418847656250023 ], [ -63.056542968750023, -68.420703125000045 ], [ -62.933300781249955, -68.442578124999955 ], [ -62.979687500000011, -68.486328125 ], [ -63.11474609375, -68.470605468749966 ], [ -63.347509765624977, -68.499414062500023 ], [ -63.707324218749989, -68.592187499999966 ], [ -63.7734375, -68.6318359375 ], [ -63.747021484375011, -68.704589843749943 ], [ -63.44272460937492, -68.764160156249943 ], [ -63.343505859374943, -68.810449218750023 ], [ -63.478222656249955, -68.951171875 ], [ -63.455957031249966, -69.041894531250023 ], [ -63.301464843750011, -69.141015624999966 ], [ -63.094384765625023, -69.253027343749977 ], [ -62.994091796875011, -69.328906250000045 ], [ -62.839746093750023, -69.371875 ], [ -62.586816406249966, -69.477246093750011 ], [ -62.45053710937492, -69.584375 ], [ -62.407128906249966, -69.827246093749977 ], [ -62.202441406249932, -70.02792968749992 ], [ -61.961083984374966, -70.120117187499943 ], [ -61.934619140624989, -70.199511718750045 ], [ -62.013964843749989, -70.278906249999977 ], [ -62.217871093749977, -70.233203124999989 ], [ -62.331494140625011, -70.278906249999977 ], [ -62.377783203124977, -70.364843749999977 ], [ -62.232275390624977, -70.424414062499977 ], [ -62.000781249999989, -70.49716796874992 ], [ -61.504687499999989, -70.490527343749989 ], [ -61.491406250000011, -70.56992187499992 ], [ -61.605322265624977, -70.616699218749943 ], [ -61.696484374999955, -70.67578125 ], [ -61.808935546874977, -70.708789062499989 ], [ -61.994140624999943, -70.72861328124992 ], [ -62.040429687499966, -70.80136718749992 ], [ -61.961083984374966, -70.900585937499955 ], [ -61.7021484375, -70.856738281249989 ], [ -61.513378906249955, -70.85117187499992 ], [ -61.312841796874977, -70.867578125000023 ], [ -61.251660156249955, -71.002246093749989 ], [ -61.017236328124966, -71.166894531249966 ], [ -60.962255859374977, -71.24462890625 ], [ -61.003076171875023, -71.3193359375 ], [ -61.148437499999943, -71.341894531249977 ], [ -61.237304687499943, -71.400585937499955 ], [ -61.369287109375023, -71.452343750000011 ], [ -61.515917968749932, -71.479101562499977 ], [ -61.78955078125, -71.616015625000045 ], [ -61.909570312500023, -71.630859375 ], [ -61.958789062499932, -71.657812499999977 ], [ -61.72543945312492, -71.672558593749955 ], [ -61.562792968749989, -71.67529296875 ], [ -61.213574218750011, -71.564062499999977 ], [ -61.081347656249989, -71.588574218749955 ], [ -60.995312499999955, -71.661328124999955 ], [ -60.949023437499932, -71.747265624999955 ], [ -61.035058593749966, -71.820019531249955 ], [ -61.644531249999943, -71.86289062499992 ], [ -61.938916015624955, -71.903613281250045 ], [ -62.256640624999989, -72.017578125 ], [ -61.89404296875, -72.070996093750011 ], [ -61.628027343749977, -72.052734374999943 ], [ -61.49267578125, -72.072656250000023 ], [ -61.310253906249955, -72.112695312500023 ], [ -61.107470703124989, -72.091503906249955 ], [ -60.951757812499977, -72.050195312499966 ], [ -60.833203124999955, -72.051562499999989 ], [ -60.719433593749955, -72.072656250000023 ], [ -60.704296875000011, -72.14414062499992 ], [ -60.691064453124966, -72.269824218750045 ], [ -60.664599609374989, -72.3625 ], [ -60.730322265624977, -72.425976562499955 ], [ -61.047509765625023, -72.470507812500045 ], [ -61.27978515625, -72.468261718749943 ], [ -61.286132812499943, -72.600781249999955 ], [ -60.939160156249955, -72.699707031249943 ], [ -60.724121093749943, -72.646875 ], [ -60.53232421874992, -72.67333984375 ], [ -60.53232421874992, -72.83212890624992 ], [ -60.384667968749966, -73.00732421875 ], [ -60.25449218749992, -73.017285156250011 ], [ -60.148681640624943, -72.937890624999966 ], [ -60.009765625, -72.937890624999966 ], [ -59.956835937499932, -73.030566406250045 ], [ -60.016406249999989, -73.189257812500045 ], [ -60.122216796874966, -73.275292968749966 ], [ -60.403759765624955, -73.240234374999943 ], [ -60.560693359375023, -73.21142578125 ], [ -60.68662109374992, -73.27099609375 ], [ -60.89584960937492, -73.32041015624992 ], [ -61.081347656249989, -73.32822265624992 ], [ -61.242089843750023, -73.250292968750045 ], [ -61.428417968750011, -73.191406249999943 ], [ -61.72641601562492, -73.160742187499977 ], [ -62.00830078125, -73.147656250000011 ], [ -61.914746093750011, -73.215722656250023 ], [ -61.78759765625, -73.2548828125 ], [ -61.737695312500023, -73.375488281249943 ], [ -61.636962890625, -73.500195312499955 ], [ -61.405468750000011, -73.467089843750045 ], [ -61.079785156250011, -73.538671874999977 ], [ -60.878857421875011, -73.612011718750011 ], [ -60.790283203125, -73.711816406250023 ], [ -60.902734375000023, -73.87060546875 ], [ -61.088281249999966, -73.929492187500045 ], [ -61.203417968749989, -73.956640624999977 ], [ -61.404052734375, -73.895996093749943 ], [ -61.54541015625, -73.895996093749943 ], [ -61.691699218749989, -73.923828124999943 ], [ -61.741601562500023, -73.99619140624992 ], [ -61.838232421874977, -74.032031250000045 ], [ -61.319433593749977, -74.035937500000045 ], [ -61.160693359374989, -74.055761718749977 ], [ -61.041650390624966, -74.121972656249966 ], [ -61.226855468749932, -74.207910156249966 ], [ -61.570800781249943, -74.194726562499966 ], [ -61.718261718749943, -74.228125 ], [ -61.842773437499943, -74.28964843749992 ], [ -61.331787109375, -74.32861328125 ], [ -61.12060546875, -74.306933593749989 ], [ -60.78369140625, -74.241015624999989 ], [ -60.704296875000011, -74.307128906249943 ], [ -60.838476562499977, -74.372949218750023 ], [ -61.010791015624989, -74.478320312499989 ], [ -61.370166015624932, -74.51181640624992 ], [ -61.63999023437492, -74.513574218750023 ], [ -61.994531250000023, -74.475781250000011 ], [ -62.0888671875, -74.452832031249955 ], [ -62.235302734374955, -74.441308593750023 ], [ -62.225683593749977, -74.505566406249955 ], [ -62.132714843750023, -74.55 ], [ -61.894433593749966, -74.713085937499955 ], [ -61.855224609375, -74.776757812499966 ], [ -61.928027343749989, -74.86279296875 ], [ -62.137792968749977, -74.926367187499977 ], [ -62.372460937500023, -74.9521484375 ], [ -62.566796875000023, -74.895800781249989 ], [ -62.70849609375, -74.737109374999989 ], [ -62.887109374999966, -74.690820312499966 ], [ -63.072314453124932, -74.677539062499989 ], [ -63.178125, -74.68417968749992 ], [ -63.167919921875011, -74.764550781249966 ], [ -63.125244140625, -74.849511718749966 ], [ -63.197998046875, -74.909082031250023 ], [ -63.357031249999977, -74.878320312499966 ], [ -63.558789062499955, -74.905664062500023 ], [ -63.750878906250023, -74.952343749999955 ], [ -63.924707031249966, -75.00449218749992 ], [ -63.570996093749955, -75.0302734375 ], [ -63.336914062499943, -75.034765624999977 ], [ -63.173193359374977, -75.11474609375 ], [ -63.231054687499977, -75.153808593749943 ], [ -63.551416015625023, -75.17148437499992 ], [ -63.857519531249977, -75.206152343749977 ], [ -64.279541015624943, -75.292871093749966 ], [ -63.972460937499932, -75.329394531250045 ], [ -63.678417968749955, -75.327929687499989 ], [ -63.474853515625, -75.336328125000023 ], [ -63.303808593749977, -75.352246093749955 ], [ -63.257519531250011, -75.398535156249977 ], [ -63.36337890624992, -75.451464843750045 ], [ -64.052636718750023, -75.57958984375 ], [ -64.778271484374955, -75.738183593750023 ], [ -65.044384765625011, -75.7875 ], [ -65.321728515625011, -75.815136718749955 ], [ -65.96567382812492, -75.951660156249943 ], [ -66.370410156249989, -76.013378906250011 ], [ -67.518212890625023, -76.109765625000023 ], [ -69.304394531249955, -76.350781250000011 ], [ -69.915283203124943, -76.52197265625 ], [ -70.095507812499989, -76.654492187499955 ], [ -70.210156250000011, -76.674121093749989 ], [ -70.550781249999943, -76.718066406250045 ], [ -70.89501953125, -76.739355468749977 ], [ -71.798681640624977, -76.752734374999989 ], [ -72.722314453125023, -76.68906249999992 ], [ -73.47177734374992, -76.675488281250011 ], [ -73.879785156250023, -76.69677734375 ], [ -75.268359374999932, -76.581445312500023 ], [ -75.443505859375023, -76.586718750000045 ], [ -75.65927734374992, -76.608203125000045 ], [ -75.831347656249989, -76.608203125000045 ], [ -75.962841796875011, -76.592089843750045 ], [ -76.244189453124989, -76.585351562500023 ], [ -77.19003906249992, -76.629785156250023 ], [ -77.287060546874955, -76.70166015625 ], [ -77.167968749999943, -76.833886718750023 ], [ -76.823583984374977, -76.993457031250045 ], [ -76.248583984374989, -77.27490234375 ], [ -75.937255859374943, -77.334472656249943 ], [ -75.748144531249977, -77.3984375 ], [ -75.386914062500011, -77.47421874999992 ], [ -74.580615234374989, -77.47802734375 ], [ -73.478222656250011, -77.535546874999966 ], [ -72.851953124999966, -77.590234375000023 ], [ -72.875146484374966, -77.69384765625 ], [ -73.25156249999992, -77.894238281249955 ], [ -73.485009765624966, -77.97080078124992 ], [ -74.042138671874966, -78.109375 ], [ -74.812060546874989, -78.177832031249977 ], [ -75.3984375, -78.15781249999992 ], [ -76.437841796874977, -78.044140625000011 ], [ -77.742138671874955, -77.940332031250023 ], [ -79.679003906249932, -77.842578124999989 ], [ -80.10410156249992, -77.796582031249955 ], [ -80.601562499999943, -77.751953125 ], [ -80.888525390624977, -77.797656249999989 ], [ -81.103125, -77.841796875 ], [ -81.580957031249966, -77.846093750000023 ], [ -81.441015624999977, -77.885644531249966 ], [ -79.509667968749966, -78.154296875 ], [ -77.858105468749955, -78.350976562500023 ], [ -77.664794921875, -78.401464843749977 ], [ -77.432568359374955, -78.43466796874992 ], [ -77.452441406249989, -78.560351562500045 ], [ -77.545019531249977, -78.659570312500023 ], [ -77.869140625, -78.745507812500023 ], [ -78.711621093750011, -78.75205078124992 ], [ -79.766552734375011, -78.820703124999966 ], [ -80.292285156249989, -78.822753906249943 ], [ -80.816308593750023, -78.754296875000023 ], [ -81.929296874999977, -78.559082031249943 ], [ -82.608447265624989, -78.412402343749989 ], [ -83.08251953125, -78.246679687499977 ], [ -83.412060546875011, -78.114648437500023 ], [ -83.779003906249955, -77.983593749999955 ], [ -83.752099609375023, -78.066308593750023 ], [ -83.687744140624943, -78.148046874999977 ], [ -83.508251953124955, -78.248046875 ], [ -83.245898437499989, -78.35703124999992 ], [ -83.226953125000023, -78.401562500000011 ], [ -83.35498046875, -78.407617187500023 ], [ -83.544433593749943, -78.355273437499989 ], [ -83.70590820312492, -78.404101562499989 ], [ -83.762744140624932, -78.461132812499955 ], [ -83.696630859374977, -78.537304687499955 ], [ -83.595166015625011, -78.611035156249955 ], [ -83.260009765624943, -78.774218749999989 ], [ -82.970751953124989, -78.816699218750045 ], [ -82.589208984374977, -78.916308593749989 ], [ -81.660888671874943, -79.099804687499955 ], [ -81.5029296875, -79.162890625000045 ], [ -81.22216796875, -79.2978515625 ], [ -81.163183593749977, -79.400390625 ], [ -80.891992187499966, -79.501855468750023 ], [ -80.704785156250011, -79.51718749999992 ], [ -80.534814453125023, -79.51279296874992 ], [ -80.478759765625, -79.426171875000023 ], [ -80.488525390625, -79.320996093750011 ], [ -80.415771484374943, -79.29453124999992 ], [ -80.151171874999932, -79.26806640625 ], [ -79.45566406249992, -79.304394531250011 ], [ -76.49912109374992, -79.32568359375 ], [ -76.217675781249966, -79.38720703125 ], [ -76.105126953124966, -79.465136718750045 ], [ -76.03159179687492, -79.62705078124992 ], [ -76.343945312499955, -79.820898437499977 ], [ -76.557861328125, -79.903515625000011 ], [ -76.904003906250011, -79.955273437500011 ], [ -77.22226562499992, -79.994140625 ], [ -77.701855468750011, -80.009570312500045 ], [ -78.692236328124977, -79.995410156249989 ], [ -79.660400390624943, -79.996875 ], [ -78.907128906249966, -80.089648437500045 ], [ -78.176074218749989, -80.166796874999989 ], [ -77.160449218749932, -80.15292968749992 ], [ -76.757128906249932, -80.13125 ], [ -76.407324218749977, -80.094921875000011 ], [ -76.25961914062492, -80.160058593749966 ], [ -75.985644531249989, -80.29501953124992 ], [ -75.822412109375023, -80.338183593750045 ], [ -75.709033203124932, -80.382714843750023 ], [ -75.555029296874977, -80.53085937499992 ], [ -75.494531250000023, -80.617480468749989 ], [ -75.34458007812492, -80.718945312499955 ], [ -75.236523437500011, -80.802636718749966 ], [ -75.075585937500023, -80.860058593750011 ], [ -74.806591796875011, -80.886523437499989 ], [ -74.511132812500023, -80.837988281249977 ], [ -73.937841796874977, -80.81591796875 ], [ -73.383349609374989, -80.89365234374992 ], [ -73.029492187500011, -80.917285156250045 ], [ -72.553222656249943, -80.853125 ], [ -72.173583984374943, -80.763867187499955 ], [ -71.380029296875023, -80.682226562499977 ], [ -71.230664062500011, -80.646777343749989 ], [ -71.01767578124992, -80.619042968749966 ], [ -70.687890624999966, -80.626269531249989 ], [ -70.560058593749943, -80.646582031249977 ], [ -70.39243164062492, -80.735449218749977 ], [ -70.239111328124977, -80.856640624999955 ], [ -70.012451171874943, -80.917773437500045 ], [ -69.772265624999989, -80.96152343749992 ], [ -69.633984374999955, -80.9658203125 ], [ -69.181591796874955, -81.004882812499943 ], [ -68.589843749999943, -80.967968750000011 ], [ -68.326562499999966, -81.004101562499955 ], [ -68.284619140625011, -81.073828124999977 ], [ -68.14375, -81.130371093749943 ], [ -67.96542968749992, -81.148242187500045 ], [ -65.573681640625011, -81.460546874999977 ], [ -64.750146484375023, -81.521679687500011 ], [ -63.477734374999955, -81.553222656249943 ], [ -62.490234374999943, -81.55673828124992 ], [ -62.353710937500011, -81.57666015625 ], [ -62.16538085937492, -81.636132812500023 ], [ -62.541845703124977, -81.67832031249992 ], [ -62.945898437499977, -81.683984375000023 ], [ -63.553955078124943, -81.667187499999955 ], [ -63.768652343749977, -81.676074218749989 ], [ -64.232666015625, -81.659765624999977 ], [ -64.475683593749977, -81.671679687499989 ], [ -64.696093749999989, -81.652343749999943 ], [ -65.021582031249977, -81.696484375000011 ], [ -65.619726562499977, -81.729296874999989 ], [ -65.486621093749932, -81.775 ], [ -65.26376953124992, -81.785644531249943 ], [ -64.810546874999943, -81.802734374999943 ], [ -64.190185546874943, -81.794824218750023 ], [ -64.137109374999966, -81.869335937499955 ], [ -64.70615234374992, -81.8875 ], [ -65.916210937499955, -81.902246093749966 ], [ -66.042285156249989, -81.913867187500045 ], [ -66.133837890624989, -81.953417968750045 ], [ -65.953027343750023, -81.970996093750045 ], [ -65.843847656249977, -81.993261718749977 ], [ -65.786621093749943, -82.045507812499977 ], [ -65.913183593749977, -82.18320312499992 ], [ -65.713964843749977, -82.279199218749966 ], [ -65.571923828125023, -82.294335937500023 ], [ -65.424414062499977, -82.28037109374992 ], [ -65.170117187499955, -82.318261718750023 ], [ -64.919580078124966, -82.370507812500023 ], [ -64.39658203124992, -82.374414062499966 ], [ -63.772851562500023, -82.30429687499992 ], [ -63.466308593749943, -82.306835937500011 ], [ -62.645312499999989, -82.263085937499966 ], [ -61.901660156249932, -82.271093749999977 ], [ -60.859082031250011, -82.186718749999955 ], [ -60.687109374999977, -82.188574218749977 ], [ -60.527734374999966, -82.199902343749955 ], [ -60.817187499999989, -82.275781249999966 ], [ -62.094531249999989, -82.466601562500045 ], [ -62.553027343749932, -82.503320312499966 ], [ -62.735644531249932, -82.52734375 ], [ -62.630908203124989, -82.620703124999977 ], [ -62.465576171875, -82.718164062500023 ], [ -62.128613281250011, -82.82236328124992 ], [ -61.916992187499943, -82.97666015624992 ], [ -61.708935546875011, -83.009960937499955 ], [ -61.312841796874977, -82.939160156250011 ], [ -61.218408203125023, -82.99179687499992 ], [ -61.200390624999955, -83.097949218750045 ], [ -61.303222656249943, -83.18417968749992 ], [ -61.436328124999989, -83.232421875 ], [ -61.530566406249932, -83.279394531249977 ], [ -61.58984375, -83.341210937499966 ], [ -61.425292968749943, -83.39560546874992 ], [ -60.983203124999989, -83.427539062500045 ], [ -60.397021484374989, -83.440722656249989 ], [ -59.853808593749989, -83.442382812499943 ], [ -59.516015625000023, -83.458398437500023 ], [ -58.289941406250023, -83.120703124999977 ], [ -57.797753906250023, -82.958593749999977 ], [ -57.55712890625, -82.89023437499992 ], [ -57.35361328124992, -82.840234375000023 ], [ -56.317871093749943, -82.633398437499977 ], [ -56.075048828124977, -82.570214843750023 ], [ -55.800683593750023, -82.478417968750023 ], [ -55.294677734374943, -82.464843749999943 ], [ -54.601123046874989, -82.316210937500045 ], [ -53.986083984375, -82.200585937500023 ], [ -53.739599609374977, -82.178417968750011 ], [ -53.557568359375011, -82.16943359375 ], [ -53.339062500000011, -82.144531249999943 ], [ -52.798876953124989, -82.153613281250045 ], [ -52.414941406250023, -82.134863281249977 ], [ -51.730664062499955, -82.0615234375 ], [ -51.209667968749955, -82.01523437499992 ], [ -50.653027343749955, -81.975488281249966 ], [ -50.029248046874898, -81.967675781250023 ], [ -48.360791015624898, -81.892285156250011 ], [ -47.886816406249977, -81.925195312499966 ], [ -47.360253906249966, -82.00400390624992 ], [ -47.01987304687492, -82.003222656250045 ], [ -46.566699218749989, -81.979199218749955 ], [ -46.258056640625, -81.946972656249955 ], [ -46.119140625, -82.03955078125 ], [ -46.04638671875, -82.15869140625 ], [ -46.198535156249932, -82.271093749999977 ], [ -46.44833984374992, -82.339843749999943 ], [ -46.516748046875023, -82.45458984375 ], [ -46.17529296875, -82.511621093749966 ], [ -45.78857421875, -82.494921875000045 ], [ -45.04375, -82.43798828125 ], [ -44.454882812499989, -82.365917968749955 ], [ -44.291796874999989, -82.317773437500023 ], [ -44.064208984374943, -82.331445312500023 ], [ -43.669335937499966, -82.270117187499977 ], [ -43.180371093749955, -82.017187499999977 ], [ -42.564550781249977, -81.761621093750023 ], [ -42.046289062499966, -81.597851562499955 ], [ -41.711572265625023, -81.407714843749943 ], [ -41.433837890625, -81.297753906250023 ], [ -41.125878906249966, -81.21484375 ], [ -40.91455078125, -81.17236328125 ], [ -40.440820312500023, -81.16513671874992 ], [ -39.762304687499977, -81.032031249999989 ], [ -38.771728515625, -80.882324218749943 ], [ -38.010937499999898, -80.954296874999955 ], [ -37.209277343749989, -81.063867187499966 ], [ -36.812402343749966, -80.97470703124992 ], [ -36.49951171875, -80.959570312499977 ], [ -36.233984374999977, -80.92050781249992 ], [ -35.965771484374955, -80.890917968749989 ], [ -35.77587890625, -80.812695312499955 ], [ -35.520556640624932, -80.74570312499992 ], [ -35.327001953124977, -80.650683593749989 ], [ -34.34995117187492, -80.603417968749966 ], [ -33.328710937499977, -80.540429687500023 ], [ -33.191308593749966, -80.51865234374992 ], [ -33.05722656249992, -80.531640625000023 ], [ -32.706201171875023, -80.513867187500011 ], [ -32.255712890624977, -80.460742187500045 ], [ -31.634228515624898, -80.444628906250045 ], [ -31.31210937499992, -80.450097656250023 ], [ -31.015429687499989, -80.308105468749943 ], [ -30.42529296875, -80.279687500000023 ], [ -29.79736328125, -80.223339843750011 ], [ -29.531494140625, -80.181835937499955 ], [ -29.3291015625, -80.172070312500011 ], [ -24.240283203124932, -80.061914062499966 ], [ -24.019824218749932, -80.008984375000011 ], [ -23.574462890625, -79.96484375 ], [ -23.406835937499977, -79.85898437499992 ], [ -24.088281249999966, -79.814843749999966 ], [ -24.299853515624989, -79.770800781249989 ], [ -24.533886718749955, -79.75791015624992 ], [ -24.67041015625, -79.774609374999955 ], [ -25.25864257812492, -79.7625 ], [ -29.94931640624992, -79.599023437499966 ], [ -30.049072265625, -79.585351562500023 ], [ -30.211230468749989, -79.485253906249966 ], [ -30.177929687499955, -79.304296874999977 ], [ -30.31591796875, -79.1630859375 ], [ -30.645263671875, -79.124121093749977 ], [ -30.985156249999932, -79.127929687499943 ], [ -31.412792968749955, -79.145214843750011 ], [ -32.541845703124977, -79.222167968749943 ], [ -32.994238281249977, -79.228808593750045 ], [ -34.19736328124992, -79.110253906249966 ], [ -34.994921874999989, -78.977539062499943 ], [ -35.515966796874977, -78.933007812500023 ], [ -35.890087890624898, -78.843554687499989 ], [ -36.239160156249966, -78.774218749999989 ], [ -36.265625, -78.615527343749989 ], [ -36.180859374999898, -78.46835937499992 ], [ -35.509277343749943, -78.041210937499955 ], [ -35.293370572964527, -77.936707660301821 ], [ -35.035359100153599, -77.834022011481778 ], [ -34.808349609375, -77.820605468750045 ], [ -34.551464843749955, -77.728515624999943 ] ] ], [ [ [ 48.545996093749977, -66.784179687499943 ], [ 48.377929687500057, -66.807324218749955 ], [ 48.348583661526597, -66.803538893591167 ], [ 48.416636589458761, -66.750056527667084 ], [ 48.751796241782692, -66.778907266969696 ], [ 48.545996093749977, -66.784179687499943 ] ] ], [ [ [ 103.186132812500148, -65.330566406249943 ], [ 103.261035156250102, -65.377343749999966 ], [ 103.378906249999943, -65.426464843749955 ], [ 103.397265624999989, -65.445312499999943 ], [ 103.337207031249989, -65.468554687499989 ], [ 103.175976562500011, -65.45468749999992 ], [ 103.138476562499989, -65.43505859375 ], [ 103.124218750000125, -65.338378906249943 ], [ 103.112792968750114, -65.31201171875 ], [ 103.054394531250125, -65.285351562499955 ], [ 102.788769531250011, -65.23593749999992 ], [ 102.759570312500102, -65.167871093750023 ], [ 102.796093750000068, -65.136328124999977 ], [ 102.819414492431605, -65.134727912603083 ], [ 103.187504741628658, -65.262885264677564 ], [ 103.181738281250091, -65.30771484374992 ], [ 103.186132812500148, -65.330566406249943 ] ] ], [ [ [ 169.843652343750136, -73.60498046875 ], [ 169.709179687500068, -73.625292968750045 ], [ 169.522363281250023, -73.561523437499943 ], [ 169.4794921875, -73.539453124999966 ], [ 169.659375, -73.41806640624992 ], [ 169.645410156250136, -73.379101562500011 ], [ 169.671875, -73.346093750000023 ], [ 169.740039062500045, -73.32041015624992 ], [ 169.783203125000114, -73.32421875 ], [ 169.886523437500045, -73.458691406249955 ], [ 169.934020345807426, -73.494502567275347 ], [ 169.918399273385177, -73.536541775493461 ], [ 169.858789062500023, -73.568066406250011 ], [ 169.843652343750136, -73.60498046875 ] ] ], [ [ [ 162.661914062500045, -75.69189453125 ], [ 162.591210937500023, -75.66855468749992 ], [ 162.720019531250159, -75.596679687499943 ], [ 162.842382812500091, -75.566210937500045 ], [ 162.867454907325879, -75.563224601598009 ], [ 162.876244265610808, -75.633026220678317 ], [ 162.788281250000068, -75.696191406249966 ], [ 162.661914062500045, -75.69189453125 ] ] ], [ [ [ -150.177392578124966, -76.691308593750023 ], [ -150.103564453124932, -76.71884765624992 ], [ -150.084765624999932, -76.735156249999989 ], [ -150.232519531250006, -76.776464843749977 ], [ -150.655175781249966, -76.788964843750023 ], [ -150.830468749999966, -76.761523437500045 ], [ -150.867525449178459, -76.740180123233955 ], [ -150.8553379741399, -76.735652230792056 ], [ -150.824883204280127, -76.71371841574684 ], [ -150.177392578124966, -76.691308593750023 ] ] ], [ [ [ -131.23388671875, -74.413574218749943 ], [ -130.981103515625023, -74.4140625 ], [ -130.956787109375, -74.45625 ], [ -130.967285156249943, -74.515039062500023 ], [ -131.066699218749932, -74.583789062499989 ], [ -131.178906249999955, -74.604785156250045 ], [ -131.597949218749989, -74.5537109375 ], [ -131.840869140624989, -74.542578124999977 ], [ -131.95249023437492, -74.514355468750011 ], [ -132.025097656249955, -74.488671874999966 ], [ -132.04931640625, -74.4638671875 ], [ -132.162646484374932, -74.425781249999943 ], [ -131.937792968749932, -74.34912109375 ], [ -131.880333362149884, -74.340821016722984 ], [ -131.585546307720421, -74.339007651060825 ], [ -131.559619140624989, -74.367285156249977 ], [ -131.23388671875, -74.413574218749943 ] ] ], [ [ [ -127.123535156249943, -73.294335937500023 ], [ -126.977832031249932, -73.308007812499966 ], [ -126.829980468750023, -73.290820312500045 ], [ -126.603527797697311, -73.279246275688692 ], [ -126.391163703510003, -73.292781137042041 ], [ -126.036279446799057, -73.328466486450168 ], [ -125.975878906249932, -73.356835937499966 ], [ -125.856640624999955, -73.388281249999977 ], [ -125.735791015624955, -73.405664062499966 ], [ -125.626806640624977, -73.453222656249977 ], [ -125.561328124999932, -73.536425781250045 ], [ -125.503906249999943, -73.5625 ], [ -125.326171875, -73.617871093749955 ], [ -125.263964843749932, -73.666406249999966 ], [ -125.276074218750011, -73.69052734374992 ], [ -125.612402343749977, -73.710742187500045 ], [ -125.723193359374989, -73.70273437499992 ], [ -125.828417968749989, -73.71835937499992 ], [ -125.859912109374932, -73.748632812499977 ], [ -125.857031249999977, -73.780175781249966 ], [ -125.798583984374943, -73.801953124999955 ], [ -125.674414062499977, -73.822167968750023 ], [ -125.552392578124966, -73.820117187500045 ], [ -125.326855468749955, -73.795507812499977 ], [ -125.224414062499932, -73.80078125 ], [ -125.108789062500023, -73.825976562499989 ], [ -124.993408203124943, -73.829785156249955 ], [ -124.694384765624989, -73.749609374999977 ], [ -124.617480468749932, -73.735253906249966 ], [ -124.539990234374955, -73.73974609375 ], [ -124.128515624999977, -73.833984375 ], [ -124.042041015624932, -73.880371093749943 ], [ -124.100537109374955, -73.90683593749992 ], [ -124.151806640625011, -73.944238281250023 ], [ -124.129345703124955, -73.971093749999966 ], [ -123.932324218749955, -74.008007812499955 ], [ -123.851171874999977, -74.057031249999966 ], [ -123.800439453125023, -74.076269531249977 ], [ -123.811035156249943, -74.117382812500011 ], [ -123.838769531250023, -74.168261718749989 ], [ -123.836718749999932, -74.225683593749977 ], [ -123.937402343750023, -74.256152343750045 ], [ -123.982470703124989, -74.256054687500011 ], [ -124.199414062499955, -74.225585937499943 ], [ -124.872998046874955, -74.208300781249989 ], [ -125.089550781250011, -74.182421875000045 ], [ -125.420800781250023, -74.06992187499992 ], [ -125.54931640625, -74.062695312500011 ], [ -125.682714843749977, -74.035449218750045 ], [ -125.886865234375023, -73.95458984375 ], [ -126.244091796874955, -73.890917968749989 ], [ -126.471679687499943, -73.81210937499992 ], [ -126.465576171874943, -73.746289062500011 ], [ -126.496093749999943, -73.700195312499943 ], [ -126.538378906249932, -73.680175781249943 ], [ -126.582666015625023, -73.669921875 ], [ -126.710937499999943, -73.653613281250045 ], [ -126.83823242187492, -73.65732421874992 ], [ -126.901660156249989, -73.676757812499943 ], [ -127.006396484374989, -73.725781250000011 ], [ -127.122070312499943, -73.734179687500045 ], [ -127.211621093749955, -73.724414062499989 ], [ -127.231640624999955, -73.713476562499977 ], [ -127.232910156249943, -73.58554687499992 ], [ -127.33203125, -73.567480468749977 ], [ -127.414355468749989, -73.516308593749955 ], [ -127.429052734374977, -73.446875 ], [ -127.410929559381799, -73.413126640378351 ], [ -127.365192526417289, -73.36423513877962 ], [ -127.267626953124932, -73.304003906250045 ], [ -127.123535156249943, -73.294335937500023 ] ] ], [ [ [ -120.312304687499932, -73.92197265624992 ], [ -120.2724609375, -73.989160156250023 ], [ -120.989501953124943, -74.157031250000045 ], [ -121.019042968749943, -74.173437499999977 ], [ -121.054101562499966, -74.259960937500011 ], [ -121.036425781249932, -74.279296874999943 ], [ -121.004687499999932, -74.292871093749966 ], [ -121.002441406249943, -74.326367187499955 ], [ -121.062402343749966, -74.337304687499966 ], [ -122.28662109375, -74.403125 ], [ -122.859082031250011, -74.342675781250023 ], [ -122.938427734375011, -74.302050781249989 ], [ -122.956054687499943, -74.24033203124992 ], [ -122.890625, -74.22705078125 ], [ -122.764746093749977, -74.218652343749966 ], [ -122.794189453125, -74.1904296875 ], [ -122.875244140625, -74.141210937499977 ], [ -122.880761718749966, -74.099023437500023 ], [ -122.710009765624989, -73.993652343749943 ], [ -122.624707031249955, -73.965527343750011 ], [ -122.951171874999943, -73.866601562500023 ], [ -122.991552734374977, -73.844140624999966 ], [ -123.03466796875, -73.837597656249955 ], [ -123.190820312500023, -73.849316406249955 ], [ -123.346191406249943, -73.843066406249989 ], [ -123.291796874999989, -73.803027343750045 ], [ -123.249072265624989, -73.738671874999966 ], [ -123.112158203124977, -73.68222656249992 ], [ -123.0125, -73.672949218749977 ], [ -122.910449218749989, -73.679687499999943 ], [ -122.435693359374966, -73.681640625 ], [ -121.966699218750023, -73.711816406250023 ], [ -121.497314453124943, -73.732812500000023 ], [ -120.78176822147482, -73.750482534194717 ], [ -120.507332397163609, -73.783463563650614 ], [ -120.378125, -73.855859375000023 ], [ -120.312304687499932, -73.92197265624992 ] ] ], [ [ [ -118.877343749999966, -73.87802734374992 ], [ -118.989794921874989, -73.966992187500011 ], [ -119.058593749999943, -73.997656249999977 ], [ -119.448535156249989, -74.076171875 ], [ -119.54892578124992, -74.110253906249966 ], [ -119.758349609374989, -74.1220703125 ], [ -119.820996093749955, -74.119628906249943 ], [ -119.887207031249943, -74.09726562499992 ], [ -119.90512695312492, -74.08154296875 ], [ -119.796679687499989, -74.029199218750023 ], [ -119.69375, -74.006152343749989 ], [ -119.661572265624955, -73.989355468749977 ], [ -119.80258789062492, -73.814648437500011 ], [ -119.669042968749977, -73.809277343749955 ], [ -119.657729168160273, -73.80673020092452 ], [ -118.95005080368486, -73.814099588484069 ], [ -118.909814453125023, -73.834277343749989 ], [ -118.877343749999966, -73.87802734374992 ] ] ], [ [ [ -100.218652343750023, -71.832910156250023 ], [ -100.084619140624966, -71.836914062499943 ], [ -99.985156249999989, -71.939453124999943 ], [ -99.833203125000011, -72.046093750000011 ], [ -99.783984374999932, -72.044335937500023 ], [ -99.734912109374989, -72.033007812500045 ], [ -99.563085937499977, -71.94492187499992 ], [ -99.254101562500011, -71.972167968749943 ], [ -99.08212890624992, -71.932519531249966 ], [ -98.964550781249955, -71.854296875000045 ], [ -98.750852081314463, -71.79888465266707 ], [ -98.30183480717244, -71.79888465266707 ], [ -98.189160156250011, -71.820019531249955 ], [ -98.091113281249932, -71.9125 ], [ -98.175927734374966, -72.018457031249966 ], [ -98.167968749999943, -72.123046875 ], [ -97.923144531249989, -72.116601562500023 ], [ -97.81601562499992, -71.918847656250023 ], [ -97.584765624999989, -71.882617187500045 ], [ -97.473486328124977, -72.000292968749989 ], [ -97.581982421874955, -72.095117187499966 ], [ -97.525634765625, -72.149218749999989 ], [ -97.460253906249932, -72.188281250000045 ], [ -97.345214843749943, -72.18906249999992 ], [ -97.241992187499989, -72.1318359375 ], [ -97.195507812500011, -72.091015625000011 ], [ -97.154785156249943, -72.045410156249943 ], [ -97.08872070312492, -71.944042968750011 ], [ -96.869433593749989, -71.850976562499966 ], [ -96.418591294213456, -71.837390154678729 ], [ -96.147457519950592, -71.914907260238593 ], [ -96.298193359374977, -72.045117187500011 ], [ -96.714941406249977, -72.131640625000045 ], [ -96.978906250000023, -72.221875 ], [ -96.890136718749943, -72.246972656250023 ], [ -96.798730468749966, -72.259472656249955 ], [ -96.717578124999989, -72.255468749999977 ], [ -96.482324218750023, -72.207617187499977 ], [ -95.906347656249977, -72.121972656250023 ], [ -95.68540039062492, -72.056640624999943 ], [ -95.609375, -72.068457031249977 ], [ -95.609521484375023, -72.175 ], [ -95.531054687499989, -72.248730468750011 ], [ -95.575390624999955, -72.409960937499989 ], [ -95.82568359375, -72.438964843749943 ], [ -96.078173828124989, -72.453808593749955 ], [ -96.014306640624966, -72.524707031249989 ], [ -96.02988281249992, -72.554296874999977 ], [ -96.051757812499943, -72.577246093749977 ], [ -96.692675781249989, -72.547656250000045 ], [ -96.803906249999955, -72.558007812500023 ], [ -96.914794921875, -72.578320312500011 ], [ -97.027636718749989, -72.573828124999977 ], [ -97.250292968749989, -72.520898437500023 ], [ -97.365527343749989, -72.521777343750045 ], [ -97.595605468749966, -72.547656250000045 ], [ -97.828320312499955, -72.557031250000023 ], [ -98.16342773437492, -72.556054687500023 ], [ -98.407812499999977, -72.547656250000045 ], [ -98.640673828124989, -72.48974609375 ], [ -98.881542968750011, -72.47324218749992 ], [ -99.148828125000023, -72.471972656249989 ], [ -99.434326171874943, -72.406640625000023 ], [ -99.672363281249943, -72.3798828125 ], [ -100.014257812499977, -72.312402343750023 ], [ -100.104052734374932, -72.287011718749966 ], [ -100.195214843749966, -72.272656250000011 ], [ -100.357421874999943, -72.278125 ], [ -101.601953125000023, -72.175683593750023 ], [ -101.784765624999977, -72.177734375 ], [ -101.903320312499943, -72.190332031250023 ], [ -102.022119140625023, -72.184960937499966 ], [ -102.264794921874966, -72.13525390625 ], [ -102.275799765966639, -72.123038529308232 ], [ -101.512127696166374, -71.942749267120149 ], [ -100.400927734374932, -71.865722656249943 ], [ -100.218652343750023, -71.832910156250023 ] ] ], [ [ [ -72.530810546874989, -72.589550781249955 ], [ -72.643066024359015, -72.594662239068882 ], [ -72.968263942882587, -72.50440910189397 ], [ -73.007031249999955, -72.484082031250011 ], [ -73.057421874999989, -72.447558593749989 ], [ -73.086376953124955, -72.407812499999977 ], [ -72.85483398437492, -72.304199218749943 ], [ -72.7375, -72.280566406249989 ], [ -72.618212890624932, -72.275097656249955 ], [ -72.37607421874992, -72.296289062500023 ], [ -72.134960937500011, -72.331347656250045 ], [ -71.60532226562492, -72.358984374999977 ], [ -70.872607421874932, -72.366406250000011 ], [ -70.671142578124943, -72.356347656249966 ], [ -70.427685546875011, -72.322558593750045 ], [ -70.206005859374955, -72.227734375000011 ], [ -70.314208984375, -72.191015624999977 ], [ -70.424169921874977, -72.167773437500045 ], [ -70.533203125, -72.163378906250045 ], [ -70.641406249999932, -72.169628906249955 ], [ -70.945166015624977, -72.22910156249992 ], [ -71.177734374999943, -72.264062500000023 ], [ -71.412548828125011, -72.284472656249989 ], [ -71.66147460937492, -72.249804687500045 ], [ -71.89218749999992, -72.15283203125 ], [ -71.897558593749977, -72.120800781249955 ], [ -71.106640625000011, -72.047070312499955 ], [ -71.034375, -72.034570312499966 ], [ -70.89111328125, -71.987402343749977 ], [ -70.844628906250023, -71.94580078125 ], [ -70.820996093750011, -71.906542968749989 ], [ -71.35498046875, -71.836425781249943 ], [ -71.464648437499932, -71.837890624999943 ], [ -71.574414062500011, -71.8505859375 ], [ -71.816162109375, -71.821875 ], [ -72.045947265624989, -71.739648437500023 ], [ -72.259082031249989, -71.641210937499977 ], [ -72.336621093749955, -71.632226562499966 ], [ -72.41220703124992, -71.662304687500011 ], [ -72.927636718750023, -71.921679687499989 ], [ -72.972070312500023, -71.923632812500045 ], [ -73.166699218749955, -71.904589843750045 ], [ -73.409960937499989, -71.853125 ], [ -73.63291015624992, -71.8349609375 ], [ -73.77597656249992, -71.848925781249989 ], [ -73.829882812499989, -71.870214843749977 ], [ -73.690576171875023, -71.929394531249955 ], [ -73.572314453124989, -71.98095703125 ], [ -73.537109374999943, -72.022363281249966 ], [ -73.899267578124977, -72.15234375 ], [ -73.99560546875, -72.169824218750023 ], [ -74.152978515624966, -72.158789062499977 ], [ -74.208935546875011, -72.142285156250011 ], [ -74.32177734375, -72.072656250000023 ], [ -74.429296874999977, -72.055566406250023 ], [ -74.557234830110787, -72.063417326475957 ], [ -75.313343879291267, -71.853572152667027 ], [ -75.379045856937566, -71.809471279618904 ], [ -75.373242187500011, -71.780273437499943 ], [ -75.330810546874943, -71.752343750000023 ], [ -75.324902343750011, -71.7255859375 ], [ -75.353125, -71.6796875 ], [ -75.33544921875, -71.645214843749955 ], [ -75.292578124999977, -71.614941406250011 ], [ -75.099658203124932, -71.555371093749955 ], [ -74.863134765624977, -71.543359375000023 ], [ -74.636376953124966, -71.617480468749989 ], [ -74.487451171875023, -71.641503906250023 ], [ -74.418652343750011, -71.643261718750011 ], [ -74.391796874999955, -71.638183593749943 ], [ -74.373339843749932, -71.617968750000045 ], [ -74.380078125000011, -71.579394531250045 ], [ -74.420312500000023, -71.507226562500023 ], [ -74.425390624999977, -71.456933593749966 ], [ -74.375, -71.414941406249966 ], [ -74.307910156249932, -71.39990234375 ], [ -74.236083984374943, -71.388378906249955 ], [ -74.187207031249955, -71.383007812500011 ], [ -74.040966796875011, -71.410449218750045 ], [ -73.937109374999977, -71.438183593750011 ], [ -73.724267578124966, -71.516992187499966 ], [ -73.545361328125011, -71.573046874999989 ], [ -73.47900390625, -71.57871093749992 ], [ -73.427148437500023, -71.558886718750045 ], [ -73.380175781249932, -71.527929687499977 ], [ -73.592187499999966, -71.448046875000045 ], [ -73.617089843749966, -71.39658203124992 ], [ -73.6044921875, -71.350781250000011 ], [ -73.473974609374977, -71.324902343750011 ], [ -73.397412109375011, -71.321191406250023 ], [ -73.019726562499955, -71.368652343749943 ], [ -72.821044921875, -71.383593750000045 ], [ -72.621582031249943, -71.388378906249955 ], [ -72.211669921875, -71.33505859374992 ], [ -72.430078125000023, -71.275 ], [ -72.905468749999955, -71.223144531249943 ], [ -72.994531249999966, -71.186523437499943 ], [ -73.060400390624977, -71.126953125 ], [ -72.71044921875, -71.072949218750011 ], [ -72.356347656249966, -71.07480468749992 ], [ -71.718505859375, -71.145117187499977 ], [ -71.504492187499977, -71.111523437499955 ], [ -71.307519531250023, -71.010839843749977 ], [ -71.194042968750011, -70.984765624999966 ], [ -70.741113281249966, -70.992578124999966 ], [ -70.380664062499932, -70.946386718749977 ], [ -70.322900390624966, -70.951171875 ], [ -70.267675781249977, -70.964746093749966 ], [ -69.916455078125011, -71.133789062499943 ], [ -69.869775390625023, -71.125683593750011 ], [ -69.835107421874966, -71.092578124999989 ], [ -69.822851562499977, -71.03369140625 ], [ -69.822509765625, -70.973437499999989 ], [ -69.83041992187492, -70.913671874999977 ], [ -69.875781249999989, -70.875976562499943 ], [ -69.933203124999977, -70.880371093749943 ], [ -69.993017578124977, -70.897070312499977 ], [ -70.093994140624943, -70.882617187500045 ], [ -70.196240234375011, -70.8505859375 ], [ -70.29868164062492, -70.836132812500011 ], [ -70.660644531249943, -70.81787109375 ], [ -70.916943359375011, -70.785839843749955 ], [ -71.04941406249992, -70.762109375000023 ], [ -71.172656249999989, -70.71298828124992 ], [ -71.190039062499977, -70.659570312499966 ], [ -71.061083984374989, -70.537109375 ], [ -70.56210937499992, -70.404101562499989 ], [ -70.328076171874955, -70.361230468749966 ], [ -70.09042968749992, -70.35068359374992 ], [ -69.975292968750011, -70.360156249999989 ], [ -69.702050781249966, -70.414746093750011 ], [ -69.659863281249955, -70.412304687499955 ], [ -69.618359374999955, -70.39804687499992 ], [ -69.883007812499955, -70.30517578125 ], [ -70.117871093750011, -70.234179687499989 ], [ -70.234082031250011, -70.180468749999989 ], [ -70.327636718749943, -70.15966796875 ], [ -70.719531249999932, -70.139453124999989 ], [ -70.926220703124955, -70.192382812499943 ], [ -71.023730468749932, -70.201367187500011 ], [ -71.120507812500023, -70.196484374999955 ], [ -71.696093749999932, -70.067773437500023 ], [ -71.728515625, -70.0537109375 ], [ -71.809960937499966, -70.005175781249989 ], [ -71.853613281249977, -69.969335937499977 ], [ -71.879248046874977, -69.908984375000045 ], [ -71.86767578125, -69.847167968749943 ], [ -71.852001953125011, -69.807031250000023 ], [ -71.766503906249966, -69.6494140625 ], [ -71.718212890625011, -69.52402343749992 ], [ -71.742919921875, -69.422753906249966 ], [ -71.833593749999977, -69.366796874999977 ], [ -71.96323242187492, -69.32871093749992 ], [ -72.080664062499977, -69.26718749999992 ], [ -72.114355468749977, -69.225390625000045 ], [ -72.135156249999966, -69.176562500000045 ], [ -72.137890624999955, -69.114550781249989 ], [ -72.108642578125, -69.06005859375 ], [ -72.057861328125, -69.000976562499943 ], [ -71.993221697486149, -68.97217534279207 ], [ -70.672582971730037, -68.811144473906168 ], [ -70.416992187499943, -68.788964843750023 ], [ -70.311914062500023, -68.832226562499955 ], [ -70.154296875, -68.922949218749977 ], [ -70.10546875, -68.959375 ], [ -70.052734375, -69.139550781250023 ], [ -70.05112304687492, -69.189062499999977 ], [ -70.079345703125, -69.310937500000023 ], [ -69.913281250000011, -69.267285156250011 ], [ -69.854980468749943, -69.276562499999955 ], [ -69.707568359374932, -69.32089843749992 ], [ -69.416943359374955, -69.583203125000011 ], [ -69.352978515625011, -69.666308593750045 ], [ -69.233789062500023, -69.909082031250023 ], [ -69.091259765624955, -70.09033203125 ], [ -68.73056640624992, -70.408105468750023 ], [ -68.553515624999989, -70.581445312499966 ], [ -68.459472656249943, -70.682910156250045 ], [ -68.450781249999977, -70.81787109375 ], [ -68.335986328124932, -70.856054687499977 ], [ -68.314013671874989, -70.91171874999992 ], [ -68.277929687499977, -71.097070312500023 ], [ -68.252441406249943, -71.3134765625 ], [ -68.227832031249989, -71.72519531249992 ], [ -68.241015624999932, -71.822167968749966 ], [ -68.393896484374977, -71.975195312499977 ], [ -68.460742187499932, -72.085351562500023 ], [ -68.54257812499992, -72.157617187500023 ], [ -68.640039062499966, -72.209765625000045 ], [ -69.149267578124977, -72.426562499999989 ], [ -69.20932617187492, -72.5341796875 ], [ -70.063085937499977, -72.626171874999955 ], [ -70.543457031249943, -72.664453124999966 ], [ -70.731347656249966, -72.622949218750023 ], [ -70.92294921874992, -72.613085937499989 ], [ -71.158593749999966, -72.626953124999943 ], [ -71.846142578124955, -72.639355468750011 ], [ -72.367480468749932, -72.669726562500045 ], [ -72.381139454690256, -72.667355492240361 ], [ -72.442292561941883, -72.650383490074688 ], [ -72.479882812500023, -72.61728515624992 ], [ -72.530810546874989, -72.589550781249955 ] ] ], [ [ [ -75.339941406249977, -69.840234374999966 ], [ -75.313916015625011, -69.816796874999966 ], [ -75.264550781249966, -69.749316406249989 ], [ -75.178955078124943, -69.735156250000045 ], [ -75.136376953124966, -69.740625 ], [ -74.987109374999932, -69.727832031250045 ], [ -74.81015624999992, -69.75244140625 ], [ -74.549707031249966, -69.86093749999992 ], [ -74.465429687499977, -69.916894531250023 ], [ -74.437988281249943, -69.949609375000023 ], [ -74.46005859374992, -69.9716796875 ], [ -74.578417968749989, -69.998046874999943 ], [ -74.671777343749966, -70.131738281250023 ], [ -74.848828125000011, -70.17929687499992 ], [ -75.268408203124977, -70.1494140625 ], [ -75.722135900642328, -70.096631422072946 ], [ -75.693267708091156, -70.060552226825536 ], [ -75.536010741965555, -69.8640139511852 ], [ -75.339941406249977, -69.840234374999966 ] ] ], [ [ [ -72.72617187499992, -69.4130859375 ], [ -72.464306640624955, -69.451855468749955 ], [ -72.33115234374992, -69.49179687499992 ], [ -71.9853515625, -69.698437500000011 ], [ -72.202050781250023, -69.740136718749966 ], [ -72.344580078124977, -69.70703125 ], [ -72.776757812500023, -69.64501953125 ], [ -72.957324218749932, -69.529101562499989 ], [ -72.941424338427609, -69.482497162695182 ], [ -72.885061510427334, -69.44558469278671 ], [ -72.857324218750023, -69.433105468749943 ], [ -72.72617187499992, -69.4130859375 ] ] ], [ [ [ -69.132666015624977, -67.45263671875 ], [ -69.082421875000023, -67.403125 ], [ -68.81992187499992, -67.233593749999955 ], [ -68.733593750000011, -67.157226562499943 ], [ -68.685509948832177, -67.103185476231687 ], [ -68.245533820697489, -66.771296762042056 ], [ -68.240575435171252, -66.767282265766312 ], [ -67.937646484375023, -66.656835937499977 ], [ -67.830517578124955, -66.624316406249989 ], [ -67.711132812500011, -66.633007812500011 ], [ -67.68115234375, -66.708984375 ], [ -67.740820312499977, -66.746191406249977 ], [ -67.932373046874943, -66.844531249999989 ], [ -67.969189453124955, -66.982128906249955 ], [ -67.968408203125023, -67.032226562499943 ], [ -67.948925781250011, -67.044824218749966 ], [ -67.87607421874992, -67.062402343749966 ], [ -67.827783203125023, -67.081933593749966 ], [ -67.761181640624955, -67.122949218749966 ], [ -67.687841796874977, -67.147363281249966 ], [ -67.848046874999966, -67.219140625000023 ], [ -67.956347656249932, -67.255371093749943 ], [ -68.030078124999932, -67.3 ], [ -68.17514648437492, -67.344140625000023 ], [ -68.235107421875, -67.371972656249966 ], [ -68.144433593749966, -67.382421874999977 ], [ -68.006982421875023, -67.417968749999943 ], [ -67.969482421874943, -67.450292968749977 ], [ -67.988476562500011, -67.474414062499989 ], [ -68.092529296875, -67.53867187499992 ], [ -68.175097656249989, -67.55820312499992 ], [ -68.250390624999966, -67.539648437499977 ], [ -68.325097656250023, -67.532421875000011 ], [ -68.381298828125011, -67.555371093749955 ], [ -68.439404296875011, -67.65625 ], [ -68.506738281249966, -67.707128906249977 ], [ -68.580419921874977, -67.732812499999966 ], [ -68.622363281249989, -67.722558593750023 ], [ -68.664062499999943, -67.722851562499955 ], [ -68.733691406249932, -67.74570312499992 ], [ -68.818310546874955, -67.75341796875 ], [ -68.84871676114868, -67.750057375990764 ], [ -69.120932242005992, -67.575904678043514 ], [ -69.138037109374977, -67.515234374999977 ], [ -69.132666015624977, -67.45263671875 ] ] ], [ [ [ -65.636914062500011, -65.547753906249966 ], [ -65.667968749999943, -65.626171874999955 ], [ -65.669677734374943, -65.652929687499977 ], [ -65.783740234374989, -65.67431640625 ], [ -65.813867187500023, -65.68662109374992 ], [ -65.8408203125, -65.738476562500011 ], [ -65.835742187499932, -65.813769531249989 ], [ -65.845263671874989, -65.842480468749955 ], [ -66.063916015624955, -65.880859374999943 ], [ -66.17529296875, -65.866503906250045 ], [ -66.181445312499932, -65.826367187499955 ], [ -66.153466796875023, -65.773730468749989 ], [ -66.049609374999989, -65.74472656249992 ], [ -66.066943359374932, -65.66611328124992 ], [ -65.999707031250011, -65.6328125 ], [ -65.972091239583094, -65.57843988374772 ], [ -65.940177211513884, -65.561859642686755 ], [ -65.83359374999992, -65.527246093749966 ], [ -65.636914062500011, -65.547753906249966 ] ] ], [ [ [ -63.867138671874955, -64.509765625 ], [ -63.896923828125011, -64.487109375000045 ], [ -63.916162109375023, -64.457226562500011 ], [ -63.674414062499977, -64.42138671875 ], [ -63.668310546874977, -64.383984375000011 ], [ -63.683105468749943, -64.342773437499943 ], [ -63.605566406249977, -64.314160156250011 ], [ -63.5341796875, -64.272949218749943 ], [ -63.485595703124943, -64.260546874999989 ], [ -63.333593749999977, -64.26621093749992 ], [ -63.229638671875023, -64.323632812499966 ], [ -63.270703124999955, -64.380664062500045 ], [ -63.180566406249966, -64.469531250000045 ], [ -63.276953124999977, -64.573339843749977 ], [ -63.130517578125023, -64.57236328124992 ], [ -63.03208007812492, -64.534960937500045 ], [ -62.92822265625, -64.519335937500045 ], [ -62.836523437499977, -64.571875 ], [ -63.025585937500011, -64.610937499999977 ], [ -63.202587890625011, -64.680273437499977 ], [ -63.275439453124932, -64.717382812499977 ], [ -63.354882812499966, -64.73388671875 ], [ -63.457812499999989, -64.727343749999989 ], [ -63.558447265624977, -64.734179687500045 ], [ -63.646875, -64.803027343750045 ], [ -63.739501953125, -64.834277343749989 ], [ -63.769921874999966, -64.808398437500045 ], [ -63.804394531249955, -64.79150390625 ], [ -64.007080078124943, -64.768554687499943 ], [ -64.099169921874989, -64.732714843749989 ], [ -64.183740234374966, -64.70957031249992 ], [ -64.203170211239552, -64.706928093423841 ], [ -64.141651984760045, -64.676814340167041 ], [ -64.012026028302216, -64.544166189305145 ], [ -63.867138671874955, -64.509765625 ] ] ], [ [ [ -62.344042968749989, -62.917773437499989 ], [ -62.411474609374977, -62.971582031250023 ], [ -62.531653967770005, -63.02927965127563 ], [ -62.398911629230206, -62.893442460719498 ], [ -62.317431640624989, -62.874121093749977 ], [ -62.344042968749989, -62.917773437499989 ] ] ], [ [ [ -60.97470703124992, -62.591699218750023 ], [ -60.917847760957351, -62.567617645449623 ], [ -60.684637514793032, -62.521517713531814 ], [ -60.625, -62.560058593749943 ], [ -60.576318359375023, -62.572656250000023 ], [ -60.139892578124943, -62.548730468749966 ], [ -60.002734374999989, -62.618457031250045 ], [ -59.849560546875011, -62.614941406249955 ], [ -60.220947265625, -62.745410156250045 ], [ -60.321582031249989, -62.70751953125 ], [ -60.353808593749989, -62.67919921875 ], [ -60.378027343749977, -62.616503906249989 ], [ -60.619628906249943, -62.633398437499977 ], [ -60.696923828125023, -62.620703124999977 ], [ -60.7958984375, -62.662304687500011 ], [ -60.995068359375011, -62.679101562499966 ], [ -61.06333007812492, -62.678906250000011 ], [ -61.149804687499966, -62.634179687499966 ], [ -61.150979272696524, -62.613702013507357 ], [ -61.112352745074588, -62.606066498675226 ], [ -61.035135303800601, -62.590802509017195 ], [ -60.97470703124992, -62.591699218750023 ] ] ], [ [ [ -57.978417968750023, -61.911914062499989 ], [ -57.849316406250011, -61.93994140625 ], [ -57.737988281250011, -61.921191406249989 ], [ -57.676562499999989, -61.942089843750011 ], [ -57.636523437499932, -61.998242187500011 ], [ -57.639550781250023, -62.020410156249966 ], [ -57.806689453124932, -62.011914062500011 ], [ -57.962744140624977, -62.077539062499966 ], [ -58.14755859374992, -62.063476562499943 ], [ -58.172216796874977, -62.11777343749992 ], [ -58.133105468749932, -62.145800781250045 ], [ -58.183007812499966, -62.170019531249977 ], [ -58.341455078125023, -62.119433593749989 ], [ -58.46665039062492, -62.137207031249943 ], [ -58.507324218749943, -62.225683593749977 ], [ -58.561962890625011, -62.243945312500045 ], [ -58.594042968749932, -62.247753906250011 ], [ -58.643994140625011, -62.225195312499977 ], [ -58.74570312499992, -62.217871093749977 ], [ -58.755322265624955, -62.206054687499943 ], [ -58.819042968749955, -62.171289062499966 ], [ -59.003710937499932, -62.209765624999989 ], [ -58.976006903891147, -62.183763450454748 ], [ -58.79326331288496, -62.147639535479513 ], [ -58.077798565605931, -61.92626358508366 ], [ -57.978417968750023, -61.911914062499989 ] ] ], [ [ [ -54.949090696364664, -61.099772472608159 ], [ -54.922482438013695, -61.157416420759006 ], [ -55.0576171875, -61.168652343750011 ], [ -55.165429687500023, -61.220410156249955 ], [ -55.297021484374966, -61.24853515625 ], [ -55.346923828124943, -61.211621093749955 ], [ -55.369140624999943, -61.146386718749966 ], [ -55.435655920881146, -61.108743446905095 ], [ -55.390155220058404, -61.094664820492511 ], [ -55.330362416405144, -61.076163994580511 ], [ -54.949090696364664, -61.099772472608159 ] ] ], [ [ [ -58.878662109374943, -62.267871093750045 ], [ -58.837939453124989, -62.302539062499989 ], [ -59.059423828124977, -62.347753906249977 ], [ -59.174560546875, -62.3017578125 ], [ -59.202441406249989, -62.283105468750023 ], [ -59.06381835937492, -62.239062500000045 ], [ -58.990625, -62.249218749999955 ], [ -58.962109374999955, -62.263867187500011 ], [ -58.878662109374943, -62.267871093750045 ] ] ], [ [ [ -59.478515625, -62.352148437499977 ], [ -59.395849609374977, -62.36728515624992 ], [ -59.35336914062492, -62.412890624999989 ], [ -59.389013671874977, -62.4443359375 ], [ -59.52524414062492, -62.451464843750045 ], [ -59.619433593749932, -62.39501953125 ], [ -59.660693359374989, -62.354296875000045 ], [ -59.478515625, -62.352148437499977 ] ] ], [ [ [ -60.705859374999932, -62.905566406249989 ], [ -60.637402343749955, -62.895214843750011 ], [ -60.504882812499943, -62.967382812499977 ], [ -60.5546875, -62.9775390625 ], [ -60.619726562499977, -62.969042968750045 ], [ -60.617724609374932, -62.986621093749989 ], [ -60.563671875000011, -63.008984375000011 ], [ -60.62167968749992, -63.017968749999966 ], [ -60.692919921874989, -62.995703124999977 ], [ -60.740429687499955, -62.948632812499966 ], [ -60.705859374999932, -62.905566406249989 ] ] ], [ [ [ -56.061767578125, -63.0126953125 ], [ -56.058447265624977, -63.0185546875 ], [ -56.051025390624943, -63.0546875 ], [ -56.059960937499966, -63.078515624999966 ], [ -56.258984374999955, -63.173144531249989 ], [ -56.354101562499977, -63.168847656250023 ], [ -56.545849609374955, -63.098339843750011 ], [ -56.600537109375011, -63.06162109374992 ], [ -56.614160156250023, -63.045117187500011 ], [ -56.488574218749989, -62.982226562499989 ], [ -56.140380859374943, -63.005273437499966 ], [ -56.061767578125, -63.0126953125 ] ] ], [ [ [ -55.528710937500023, -63.15683593749992 ], [ -55.528027343749955, -63.173535156249955 ], [ -55.466259765625011, -63.199609374999966 ], [ -55.215527343750011, -63.198632812500023 ], [ -55.15625, -63.204785156249955 ], [ -55.1064453125, -63.249316406250045 ], [ -55.0751953125, -63.324316406249977 ], [ -55.156787109374932, -63.353125 ], [ -55.593652343750023, -63.335839843750023 ], [ -55.750195312500011, -63.296679687499989 ], [ -55.830468750000023, -63.29843749999992 ], [ -56.00913085937492, -63.341503906250011 ], [ -56.0830078125, -63.382617187500045 ], [ -56.378515624999977, -63.437304687500045 ], [ -56.462841796875011, -63.418066406249977 ], [ -56.4990234375, -63.357617187500011 ], [ -56.505322265624955, -63.334277343750045 ], [ -56.475341796875, -63.318261718749966 ], [ -56.460546874999977, -63.301953125000011 ], [ -56.465966796875023, -63.283496093749989 ], [ -56.385107421874977, -63.234082031249955 ], [ -56.042187500000011, -63.157128906250023 ], [ -55.589648437499989, -63.128320312500023 ], [ -55.528710937500023, -63.15683593749992 ] ] ], [ [ [ -55.76181640624992, -63.422070312499955 ], [ -55.719189453125011, -63.492089843750023 ], [ -55.87255859375, -63.535644531249943 ], [ -55.956738281250011, -63.579980468750023 ], [ -56.178369140625023, -63.51328124999992 ], [ -56.235205078124977, -63.46884765624992 ], [ -56.209863281249966, -63.436914062499966 ], [ -55.857910156249943, -63.407324218749977 ], [ -55.76181640624992, -63.422070312499955 ] ] ], [ [ [ -60.810058593749943, -63.836621093749955 ], [ -60.796679687499989, -63.716699218749966 ], [ -60.71484375, -63.668847656249966 ], [ -60.56235351562492, -63.695898437499977 ], [ -60.655908203124966, -63.758984374999955 ], [ -60.688867187500023, -63.807910156249989 ], [ -60.654980468749955, -63.850097656249943 ], [ -60.653125, -63.866601562500023 ], [ -60.77768554687492, -63.902148437499989 ], [ -60.852441406249966, -63.891015625000023 ], [ -60.972167968749943, -63.849023437500023 ], [ -60.810058593749943, -63.836621093749955 ] ] ], [ [ [ -61.88623046875, -64.02695312499992 ], [ -61.9111328125, -64.054492187500045 ], [ -61.952441406249989, -64.077148437499943 ], [ -62.043896484374955, -64.080371093749989 ], [ -62.020751953124943, -64.02734375 ], [ -61.936279296875, -63.990234375 ], [ -61.798242187500023, -63.966601562499989 ], [ -61.88623046875, -64.02695312499992 ] ] ], [ [ [ -62.26875, -64.090039062500011 ], [ -62.058496093750023, -64.138085937500023 ], [ -62.09384765624992, -64.234570312499955 ], [ -62.174267578124955, -64.29599609374992 ], [ -62.185693359374966, -64.368847656249955 ], [ -62.303710937499943, -64.4013671875 ], [ -62.32578124999992, -64.424414062499977 ], [ -62.395898437500023, -64.464648437500045 ], [ -62.455175781249977, -64.471679687499943 ], [ -62.508105468749932, -64.4541015625 ], [ -62.579687499999977, -64.51425781249992 ], [ -62.727001953124955, -64.495996093750023 ], [ -62.781787109374932, -64.47900390625 ], [ -62.746826171875, -64.471679687499943 ], [ -62.720898437499955, -64.444531250000011 ], [ -62.643017578125011, -64.391601562499943 ], [ -62.504003906249977, -64.25341796875 ], [ -62.479736328124943, -64.210644531249955 ], [ -62.590283203125011, -64.1396484375 ], [ -62.610742187499966, -64.11630859374992 ], [ -62.585693359374943, -64.075585937499966 ], [ -62.544970703124989, -64.045703125000045 ], [ -62.451416015624943, -64.012402343750011 ], [ -62.328759765625023, -64.013476562500045 ], [ -62.267626953124989, -64.039941406250023 ], [ -62.26875, -64.090039062500011 ] ] ], [ [ [ -63.25693359374992, -64.790820312500045 ], [ -63.316210937499989, -64.861132812500045 ], [ -63.474414062499989, -64.906542968749989 ], [ -63.558349609374943, -64.905957031249955 ], [ -63.459277343749932, -64.796289062499966 ], [ -63.366894531250011, -64.79208984374992 ], [ -63.219384765624966, -64.729785156250045 ], [ -63.17724609375, -64.73876953125 ], [ -63.25693359374992, -64.790820312500045 ] ] ], [ [ [ -66.866992187499989, -66.274804687500023 ], [ -66.791503906249943, -66.233593749999955 ], [ -66.779003906249955, -66.11083984375 ], [ -66.63134765625, -66.066796875000023 ], [ -66.575195312499943, -66.082421875000023 ], [ -66.622851562499989, -66.13388671874992 ], [ -66.59262695312492, -66.178613281249966 ], [ -66.595312499999977, -66.200683593749943 ], [ -66.818652343749989, -66.312695312500011 ], [ -66.85, -66.305468750000045 ], [ -66.867529296874977, -66.293847656250023 ], [ -66.866992187499989, -66.274804687500023 ] ] ], [ [ [ -67.499511718749943, -66.803613281250023 ], [ -67.510839843749977, -66.75625 ], [ -67.425976562499955, -66.73691406249992 ], [ -67.331689453124966, -66.75351562499992 ], [ -67.26875, -66.815234374999989 ], [ -67.256982421875023, -66.840917968749977 ], [ -67.362402343749977, -66.89453125 ], [ -67.409228515624932, -66.901953124999977 ], [ -67.520800781249932, -66.897265624999989 ], [ -67.593261718749943, -66.87558593749992 ], [ -67.499511718749943, -66.803613281250023 ] ] ], [ [ [ -67.743261718749977, -67.66123046874992 ], [ -67.556738281249977, -67.604492187499943 ], [ -67.417675781249955, -67.590625 ], [ -67.246728515624966, -67.59873046874992 ], [ -67.174902343749977, -67.62451171875 ], [ -67.149414062499943, -67.650195312499989 ], [ -67.279687500000023, -67.711914062499943 ], [ -67.299707031250023, -67.737207031249966 ], [ -67.348925781249989, -67.76621093749992 ], [ -67.544531249999977, -67.785253906249977 ], [ -67.693359375, -67.763476562499989 ], [ -67.689697265625, -67.687695312500011 ], [ -67.730664062499955, -67.679492187500045 ], [ -67.743261718749977, -67.66123046874992 ] ] ], [ [ [ -90.780175781249966, -72.731738281249989 ], [ -90.895361328124977, -72.823632812499966 ], [ -90.776220703124977, -72.854003906249943 ], [ -90.7509765625, -72.916601562499977 ], [ -90.775585937500011, -72.992968749999989 ], [ -90.893066406249943, -73.083984375 ], [ -90.998437500000023, -73.136523437500045 ], [ -91.160693359374932, -73.18222656249992 ], [ -91.344189453124955, -73.20712890624992 ], [ -91.510839843749977, -73.195507812499955 ], [ -91.450390625000011, -72.967871093749977 ], [ -91.356884765624955, -72.909472656250045 ], [ -91.382128906249932, -72.867871093750011 ], [ -91.551464843750011, -72.753613281250011 ], [ -91.670019531249977, -72.623730468750011 ], [ -91.612402343749977, -72.593847656249977 ], [ -91.303515624999932, -72.54736328125 ], [ -90.947412109375023, -72.556347656249955 ], [ -90.807128906249943, -72.610644531249989 ], [ -90.763330078125023, -72.681054687499966 ], [ -90.780175781249966, -72.731738281249989 ] ] ], [ [ [ -93.795605468749955, -72.919726562499989 ], [ -93.965527343750011, -72.920214843750045 ], [ -94.078125, -72.883886718749977 ], [ -94.113183593749966, -72.860058593750011 ], [ -94.046972656249977, -72.823046875000045 ], [ -94.004248046874977, -72.819726562499966 ], [ -93.799560546874943, -72.882031249999955 ], [ -93.755810546875011, -72.907617187500023 ], [ -93.795605468749955, -72.919726562499989 ] ] ], [ [ [ -95.027050781250011, -72.6650390625 ], [ -95.219433593750011, -72.669824218749966 ], [ -95.27294921875, -72.646875 ], [ -95.215625, -72.599414062500045 ], [ -94.753027343749977, -72.517187499999977 ], [ -94.566113281249955, -72.468066406249989 ], [ -94.538378906249932, -72.475781250000011 ], [ -94.513867187500011, -72.491699218749943 ], [ -94.433935546874977, -72.589160156249989 ], [ -94.426025390624943, -72.612597656250045 ], [ -95.027050781250011, -72.6650390625 ] ] ], [ [ [ -76.363964843749955, -71.116796874999977 ], [ -76.42148437499992, -71.09042968749992 ], [ -76.511523437499989, -70.990820312499977 ], [ -76.500244140625, -70.941406249999943 ], [ -76.377636718749955, -70.894140624999977 ], [ -76.24887695312492, -70.863769531249943 ], [ -76.034570312499966, -70.835937499999943 ], [ -75.210009765624932, -70.77255859374992 ], [ -75.126953125, -70.751757812500045 ], [ -75.05991210937492, -70.705566406249943 ], [ -75.037548828125011, -70.650585937500011 ], [ -75.007470703124966, -70.608886718749943 ], [ -74.953613281249943, -70.590234374999966 ], [ -74.898486328124989, -70.590527343749955 ], [ -74.790478515625011, -70.63095703124992 ], [ -74.589697265624977, -70.791992187499943 ], [ -74.527148437499932, -70.769726562499955 ], [ -74.468652343750023, -70.726660156249977 ], [ -74.45615234374992, -70.586718749999989 ], [ -74.400976562499977, -70.575878906250011 ], [ -74.225, -70.614648437499966 ], [ -74.114550781249989, -70.65537109374992 ], [ -74.11264648437492, -70.576757812499977 ], [ -74.038330078125, -70.552929687500011 ], [ -73.957812499999932, -70.560937499999966 ], [ -73.879492187499977, -70.578125 ], [ -73.70664062499992, -70.635156249999966 ], [ -73.550341796874989, -70.723437500000045 ], [ -73.694531250000011, -70.794335937500023 ], [ -74.205029296875011, -70.924121093750045 ], [ -74.504736328124977, -70.973437499999989 ], [ -74.805810546875023, -71.012304687499977 ], [ -76.176318359374989, -71.132421874999977 ], [ -76.271289062499989, -71.132812499999943 ], [ -76.363964843749955, -71.116796874999977 ] ] ], [ [ [ -71.68466796874992, -70.442285156250023 ], [ -71.781982421874943, -70.318847656249943 ], [ -71.795263671874977, -70.288378906250045 ], [ -71.695019531250011, -70.26513671875 ], [ -71.647753906249932, -70.295410156249943 ], [ -71.431591796874955, -70.267285156250011 ], [ -71.354882812499966, -70.2978515625 ], [ -71.340283203125011, -70.31748046874992 ], [ -71.437744140625, -70.391503906250023 ], [ -71.551220703125011, -70.438867187499966 ], [ -71.68466796874992, -70.442285156250023 ] ] ], [ [ [ -116.202685546874989, -73.895605468749977 ], [ -116.154980468749955, -73.910449218750045 ], [ -116.451416015624943, -74.017675781249977 ], [ -116.584570312499977, -74.055566406250023 ], [ -116.608642578125, -74.068554687500011 ], [ -116.5341796875, -74.083300781249989 ], [ -116.514111328125011, -74.095507812499989 ], [ -116.570898437499977, -74.125683593750011 ], [ -116.73862304687492, -74.165039062499943 ], [ -117.23032226562492, -74.192773437500023 ], [ -117.362988281250011, -74.160937499999989 ], [ -117.39829101562492, -74.122460937499966 ], [ -117.37646484375, -74.082812499999989 ], [ -116.381298828124955, -73.865527343750045 ], [ -116.202685546874989, -73.895605468749977 ] ] ], [ [ [ -127.229736328124943, -74.425195312500023 ], [ -127.145166015625023, -74.480175781249955 ], [ -127.231933593749943, -74.578417968749989 ], [ -127.36582031249992, -74.62265624999992 ], [ -127.517724609374966, -74.640527343750023 ], [ -127.817089843749955, -74.574609375000023 ], [ -127.915234374999955, -74.542578124999977 ], [ -128.000048828124932, -74.489453124999955 ], [ -128.070458984374966, -74.478222656250011 ], [ -128.096240234374989, -74.466210937500023 ], [ -128.133447265625023, -74.327441406249989 ], [ -128.042871093750023, -74.312207031250011 ], [ -127.852978515625011, -74.331835937499989 ], [ -127.48642578124992, -74.405273437499943 ], [ -127.229736328124943, -74.425195312500023 ] ] ], [ [ [ -132.546289062500023, -74.498437500000023 ], [ -132.857177734374943, -74.461718749999989 ], [ -132.831689453124966, -74.421582031250011 ], [ -132.552490234374943, -74.386621093749966 ], [ -132.3623046875, -74.409960937500045 ], [ -132.391259765624966, -74.441894531249943 ], [ -132.546289062500023, -74.498437500000023 ] ] ], [ [ [ -146.150830078124983, -75.573535156250045 ], [ -146.07573242187496, -75.533398437500011 ], [ -145.8955078125, -75.504785156249966 ], [ -145.760791015625017, -75.513867187499955 ], [ -145.417382812499937, -75.587988281249977 ], [ -145.315429687499943, -75.641406249999989 ], [ -145.25224609374996, -75.682812500000011 ], [ -145.238085937500017, -75.711230468749989 ], [ -145.348388671875, -75.716113281250045 ], [ -145.541162109374937, -75.692675781250045 ], [ -146.042773437499989, -75.61191406249992 ], [ -146.150830078124983, -75.573535156250045 ] ] ], [ [ [ -147.360644531249989, -76.062792968750045 ], [ -146.94902343749996, -76.098144531249943 ], [ -146.690136718749983, -76.246386718750045 ], [ -146.894482421874955, -76.260937500000011 ], [ -147.15092773437496, -76.197460937499955 ], [ -147.345410156249983, -76.146679687500011 ], [ -147.407763671874989, -76.104589843749977 ], [ -147.4208984375, -76.090234374999966 ], [ -147.418066406249949, -76.073437500000011 ], [ -147.360644531249989, -76.062792968750045 ] ] ], [ [ [ -146.947460937500011, -76.554980468750045 ], [ -146.877880859374955, -76.563281250000045 ], [ -146.7900390625, -76.633105468750045 ], [ -146.9078125, -76.714062499999955 ], [ -147.221337890624937, -76.670898437499943 ], [ -147.355322265624949, -76.618847656250011 ], [ -147.27861328124996, -76.552539062499989 ], [ -147.135302734374989, -76.531542968749989 ], [ -146.947460937500011, -76.554980468750045 ] ] ], [ [ [ -148.927929687499983, -76.73007812499992 ], [ -148.66259765625, -76.720507812500045 ], [ -148.384179687499966, -76.744433593749989 ], [ -148.32080078125, -76.771679687499955 ], [ -148.370947265625006, -76.794921875 ], [ -148.66953125, -76.802050781250045 ], [ -148.814599609374966, -76.840722656250023 ], [ -148.98388671875, -76.845312499999977 ], [ -149.238476562500011, -76.817773437500023 ], [ -149.468945312499983, -76.757128906250045 ], [ -149.333251953124943, -76.71738281249992 ], [ -148.927929687499983, -76.73007812499992 ] ] ], [ [ [ -146.244384765624943, -76.883105468749989 ], [ -146.163964843749994, -76.948535156250045 ], [ -146.60673828124996, -76.961328124999966 ], [ -146.9814453125, -77.005664062500045 ], [ -147.07890624999996, -76.992773437499977 ], [ -147.044140624999983, -76.9296875 ], [ -147.101464843749937, -76.886523437499989 ], [ -147.115625, -76.866210937499943 ], [ -147.086669921874943, -76.837304687500023 ], [ -146.866503906249932, -76.837109374999955 ], [ -146.244384765624943, -76.883105468749989 ] ] ], [ [ [ -148.439746093749989, -76.977148437499977 ], [ -148.474316406250011, -76.997753906250011 ], [ -148.595849609374994, -77.0068359375 ], [ -149.014648437499972, -77.01914062499992 ], [ -149.244824218749955, -76.993066406250023 ], [ -149.302539062499989, -76.915820312500045 ], [ -149.238085937499932, -76.900195312500045 ], [ -148.704101562499943, -76.935644531249977 ], [ -148.508935546874966, -76.95458984375 ], [ -148.439746093749989, -76.977148437499977 ] ] ], [ [ [ -149.441748046875034, -77.049218750000023 ], [ -149.416406250000023, -77.078906250000045 ], [ -149.288330078124943, -77.093164062500023 ], [ -149.230664062500011, -77.120507812499966 ], [ -149.29345703125, -77.136621093749966 ], [ -149.728613281250034, -77.12851562499992 ], [ -149.816894531249972, -77.114160156250023 ], [ -149.856347656249937, -77.099414062500045 ], [ -150.461816406249994, -77.07568359375 ], [ -150.735791015624955, -77.004296875000023 ], [ -150.788525390624955, -76.981640625000011 ], [ -150.680224609375017, -76.948437500000011 ], [ -150.475781250000011, -76.926074218750045 ], [ -150.393310546875, -76.898730468749989 ], [ -149.87060546875, -76.875 ], [ -149.789843749999989, -76.88925781249992 ], [ -149.742578124999937, -76.927050781249989 ], [ -149.505761718750023, -77.001660156250011 ], [ -149.441748046875034, -77.049218750000023 ] ] ], [ [ [ -147.58828125, -76.649804687500023 ], [ -147.578857421874943, -76.662792968750011 ], [ -147.729638671875023, -76.65341796874992 ], [ -147.954296874999955, -76.597167968749943 ], [ -148.001074218749977, -76.577148437499943 ], [ -147.899707031249932, -76.558007812500023 ], [ -147.769677734374994, -76.576855468749955 ], [ -147.649121093749955, -76.610839843749943 ], [ -147.58828125, -76.649804687500023 ] ] ], [ [ [ -163.317236328124949, -79.504785156249966 ], [ -163.712402343749972, -79.441992187499977 ], [ -163.970898437499983, -79.388769531249977 ], [ -164.22578125000004, -79.320800781249943 ], [ -164.281640624999937, -79.245507812500023 ], [ -164.244873046875, -79.137695312499943 ], [ -164.199511718750017, -79.050781249999943 ], [ -164.125537109374932, -78.995312500000011 ], [ -163.814648437500011, -78.928808593749977 ], [ -163.660253906250006, -78.855761718749989 ], [ -163.345312499999977, -78.779882812499977 ], [ -163.256103515625, -78.722070312500023 ], [ -163.124121093749949, -78.719140624999966 ], [ -162.872753906249983, -78.725195312499977 ], [ -162.621582031249972, -78.741796874999977 ], [ -162.390039062499966, -78.760156249999966 ], [ -162.16069335937496, -78.79345703125 ], [ -161.64296875, -78.900976562499977 ], [ -161.283447265624943, -79.007031250000011 ], [ -160.764404296874972, -79.131640624999989 ], [ -160.249609375, -79.271484374999943 ], [ -159.963525390624966, -79.324316406249977 ], [ -159.684082031249972, -79.402441406249977 ], [ -159.418798828125034, -79.508105468750045 ], [ -159.366406250000011, -79.545214843750045 ], [ -159.256103515625, -79.591015624999955 ], [ -159.189697265624972, -79.637304687499977 ], [ -159.11875, -79.674511718750011 ], [ -159.051367187499949, -79.694531250000011 ], [ -158.996582031249972, -79.735156249999989 ], [ -159.00957031249996, -79.780468750000011 ], [ -159.052929687500011, -79.807421874999989 ], [ -160.302099609374949, -79.844531249999989 ], [ -160.806689453124989, -79.812011718749943 ], [ -161.86552734374996, -79.703515624999966 ], [ -163.317236328124949, -79.504785156249966 ] ] ], [ [ [ -155.162207031249977, -79.85068359374992 ], [ -154.535107421875011, -79.935546875 ], [ -154.025390625, -79.987695312500023 ], [ -153.930468749999932, -80.033300781249977 ], [ -154.11406249999996, -80.036035156250023 ], [ -154.348828124999983, -80.026074218749955 ], [ -154.529443359374937, -80.00048828125 ], [ -154.941650390624972, -79.966308593749943 ], [ -155.044775390625034, -79.899804687499966 ], [ -155.525341796874955, -79.846484375000045 ], [ -155.751171874999955, -79.82958984375 ], [ -155.674267578125011, -79.765527343749966 ], [ -155.162207031249977, -79.85068359374992 ] ] ], [ [ [ -163.890136718749943, -81.423632812499989 ], [ -163.939257812500017, -81.404101562500045 ], [ -163.95122070312496, -81.390917968749989 ], [ -163.930029296875006, -81.35214843749992 ], [ -163.868994140625006, -81.324023437500045 ], [ -163.200634765624983, -81.281445312500011 ], [ -162.456494140625011, -81.313281249999989 ], [ -161.558593749999943, -81.396679687500011 ], [ -160.937890624999966, -81.463476562499977 ], [ -160.616894531249955, -81.522070312499977 ], [ -160.485449218749977, -81.566992187499977 ], [ -160.467138671874977, -81.58945312499992 ], [ -160.570996093750011, -81.597851562499955 ], [ -163.253076171875023, -81.482421875 ], [ -163.766064453124983, -81.444824218749943 ], [ -163.890136718749943, -81.423632812499989 ] ] ], [ [ [ -158.773193359374943, -81.875488281249943 ], [ -158.92631835937496, -81.818652343749989 ], [ -158.988720703124983, -81.779296875 ], [ -158.913720703124966, -81.77978515625 ], [ -158.346728515624932, -81.900488281249977 ], [ -158.260839843750006, -81.947265625 ], [ -157.834570312499949, -82.030761718749943 ], [ -157.9875, -82.10498046875 ], [ -158.07622070312496, -82.112011718750011 ], [ -158.154101562499932, -82.058496093750023 ], [ -158.545312499999966, -81.948828124999977 ], [ -158.773193359374943, -81.875488281249943 ] ] ], [ [ [ -162.410595703124983, -82.899218750000045 ], [ -162.33979492187504, -82.922753906249966 ], [ -161.63515625, -83.026953124999977 ], [ -161.828222656249977, -83.042578124999977 ], [ -161.993798828124966, -83.11875 ], [ -162.304931640624943, -83.141796875000011 ], [ -163.046533203124937, -83.096777343749977 ], [ -163.242138671875011, -83.059667968749977 ], [ -163.348388671874972, -83.02158203124992 ], [ -163.552099609375006, -82.987695312499966 ], [ -163.601757812499983, -82.968554687500045 ], [ -163.602197265624994, -82.92734374999992 ], [ -163.63432617187496, -82.902246093749966 ], [ -163.703906249999932, -82.879296875000023 ], [ -163.735302734375011, -82.856835937500023 ], [ -163.795947265624932, -82.842675781250023 ], [ -162.798486328124937, -82.864843749999977 ], [ -162.410595703124983, -82.899218750000045 ] ] ], [ [ [ -151.218017578124972, -77.226464843749966 ], [ -151.021533203124989, -77.220019531249989 ], [ -150.499121093749977, -77.335058593749977 ], [ -150.35625, -77.349023437499966 ], [ -150.397070312499949, -77.369140625 ], [ -150.474853515625, -77.373730468749955 ], [ -151.344482421874972, -77.296289062499966 ], [ -151.511621093749994, -77.273339843750023 ], [ -151.218017578124972, -77.226464843749966 ] ] ], [ [ [ -149.518652343749977, -77.274707031250045 ], [ -149.375439453125011, -77.279980468749955 ], [ -149.249121093749949, -77.315039062499977 ], [ -149.218115234374949, -77.336328124999966 ], [ -148.928857421874994, -77.386816406249977 ], [ -149.438671875000011, -77.370605468749943 ], [ -149.662353515624943, -77.300976562499955 ], [ -149.518652343749977, -77.274707031250045 ] ] ], [ [ [ -75.376855468750023, -72.82041015624992 ], [ -74.473876953125, -72.89375 ], [ -74.335546874999977, -72.918945312499943 ], [ -74.275781249999966, -72.951269531249977 ], [ -74.223876953124943, -72.997070312499943 ], [ -74.354443359375011, -73.098437499999989 ], [ -74.498925781250023, -73.229199218750011 ], [ -74.522460937499943, -73.243945312499989 ], [ -74.667675781249955, -73.275292968749966 ], [ -74.615380859374966, -73.311425781249966 ], [ -74.575488281249989, -73.32773437499992 ], [ -74.55063476562492, -73.369140625 ], [ -74.467138671874977, -73.427148437500023 ], [ -74.366113281249966, -73.464257812500023 ], [ -74.452099609375011, -73.5654296875 ], [ -74.574658203125011, -73.611328124999943 ], [ -75.900830078125011, -73.33261718749992 ], [ -76.003222656249989, -73.287988281249966 ], [ -76.053125, -73.254687500000045 ], [ -76.090429687499977, -73.202832031249955 ], [ -76.096386718749955, -73.150488281249977 ], [ -76.062402343749966, -73.108789062499966 ], [ -76.01767578124992, -73.085449218749943 ], [ -75.897656249999955, -73.056347656249955 ], [ -75.774658203124943, -73.054296874999977 ], [ -75.505859375, -73.10888671875 ], [ -75.467578124999932, -73.10107421875 ], [ -75.417236328125, -73.051562500000045 ], [ -75.27622070312492, -73.050390624999977 ], [ -75.243847656250011, -73.009375 ], [ -75.439453125, -72.99423828124992 ], [ -75.600292968749955, -72.952636718749943 ], [ -75.701757812499977, -72.911035156250023 ], [ -75.731054687499977, -72.879296875000023 ], [ -75.376855468750023, -72.82041015624992 ] ] ], [ [ [ -74.134423828125023, -73.276660156249989 ], [ -74.08447265625, -73.249316406249989 ], [ -74.048730468749966, -73.220214843749943 ], [ -73.832128906249977, -73.11328125 ], [ -73.674218749999966, -73.100390625000045 ], [ -73.542431640624955, -73.123828125000045 ], [ -73.682275390625023, -73.225 ], [ -73.721386718750011, -73.296289062499966 ], [ -73.87841796875, -73.356835937499966 ], [ -73.974804687500011, -73.376074218749977 ], [ -74.038281250000011, -73.365527343750045 ], [ -74.146630859375023, -73.3154296875 ], [ -74.134423828125023, -73.276660156249989 ] ] ], [ [ [ -57.36020507812492, -63.824804687499977 ], [ -57.160839843750011, -63.815722656250045 ], [ -57.10400390625, -63.841210937500023 ], [ -57.218017578125, -63.87558593749992 ], [ -57.247753906249955, -63.868359374999955 ], [ -57.34375, -63.878515624999977 ], [ -57.616357421874966, -63.853613281249977 ], [ -57.683251953125023, -63.812695312499955 ], [ -57.439355468749966, -63.791406250000023 ], [ -57.374169921875023, -63.80722656249992 ], [ -57.36020507812492, -63.824804687499977 ] ] ], [ [ [ -57.826953124999989, -63.94921875 ], [ -57.845996093749989, -64.053906250000011 ], [ -57.808544921874955, -64.067578124999955 ], [ -57.773681640625, -64.061523437499943 ], [ -57.741162109375011, -64.0478515625 ], [ -57.710058593749977, -64.01513671875 ], [ -57.592919921875023, -63.967089843749989 ], [ -57.479736328124943, -63.961621093749955 ], [ -57.51708984375, -64.010644531249966 ], [ -57.249462890625011, -64.097070312500023 ], [ -57.272802734374977, -64.166210937499955 ], [ -57.222265624999977, -64.221386718750011 ], [ -57.327636718749943, -64.23779296875 ], [ -57.413964843749966, -64.2958984375 ], [ -57.338378906249943, -64.318261718750023 ], [ -57.294677734375, -64.366992187500045 ], [ -57.387890625000011, -64.378906249999943 ], [ -57.580761718750011, -64.350390624999989 ], [ -57.68320312499992, -64.357226562499989 ], [ -57.670751953124977, -64.310937499999966 ], [ -57.703320312500011, -64.293261718749989 ], [ -57.822851562499977, -64.302050781250045 ], [ -57.871484375000023, -64.40097656249992 ], [ -57.909765624999977, -64.410058593750023 ], [ -57.95224609374992, -64.394042968749943 ], [ -57.920703124999989, -64.33125 ], [ -57.971093749999966, -64.32041015624992 ], [ -58.02158203124992, -64.321582031249989 ], [ -58.169482421874989, -64.368554687499966 ], [ -58.214062500000011, -64.369726562499977 ], [ -58.304443359375, -64.314550781249977 ], [ -58.019970703124955, -64.241992187500045 ], [ -58.1376953125, -64.20615234374992 ], [ -58.162207031249977, -64.16074218749992 ], [ -58.14707031249992, -64.097363281249955 ], [ -58.250439453125011, -64.106835937500023 ], [ -58.352001953125011, -64.130664062499989 ], [ -58.397607421874966, -64.134765624999943 ], [ -58.438085937499977, -64.113476562499955 ], [ -58.424951171874966, -64.067773437499966 ], [ -58.34189453124992, -63.994335937499955 ], [ -58.274804687500023, -63.916210937500011 ], [ -58.145654296875023, -63.877636718749955 ], [ -58.070361328124932, -63.847460937500045 ], [ -57.970703125, -63.834667968750011 ], [ -57.925683593750023, -63.806054687499966 ], [ -57.831347656249989, -63.80380859374992 ], [ -57.779492187500011, -63.86826171874992 ], [ -57.780664062499966, -63.906835937499977 ], [ -57.826953124999989, -63.94921875 ] ] ], [ [ [ -56.951708984374932, -64.381738281250023 ], [ -56.945263671874955, -64.427246093749943 ], [ -56.991015624999932, -64.467968750000011 ], [ -57.240478515625, -64.566796874999966 ], [ -57.326269531249977, -64.570703125000023 ], [ -57.433398437499932, -64.540234374999955 ], [ -57.447900390625023, -64.488476562500011 ], [ -57.445898437499977, -64.459863281250023 ], [ -57.365625, -64.438769531249989 ], [ -57.314550781249977, -64.435351562499989 ], [ -57.022558593749977, -64.352343750000045 ], [ -56.894726562499955, -64.333007812499943 ], [ -56.951708984374932, -64.381738281250023 ] ] ], [ [ [ 101.258984375000068, -65.527636718750045 ], [ 101.238378906250148, -65.56455078124992 ], [ 100.981445312500057, -65.677539062500045 ], [ 100.546875, -65.701269531249977 ], [ 100.512304687500034, -65.67539062499992 ], [ 100.350585937500114, -65.672949218749977 ], [ 100.292578125000034, -65.651269531250023 ], [ 100.270312500000102, -65.603320312499989 ], [ 100.32412109375008, -65.520703124999955 ], [ 100.409375, -65.465625 ], [ 100.545117187500125, -65.408984375000045 ], [ 100.606933593750114, -65.396386718750023 ], [ 100.883398437500148, -65.378125 ], [ 101.078710937500148, -65.402539062499955 ], [ 101.22060546875008, -65.472265624999977 ], [ 101.258984375000068, -65.527636718750045 ] ] ], [ [ [ -62.496240234375023, -69.28818359374992 ], [ -62.567675781249989, -69.180468749999989 ], [ -62.515869140625, -69.154589843749989 ], [ -62.442138671875, -69.14599609375 ], [ -62.238964843750011, -69.175781249999943 ], [ -62.117919921874943, -69.214746093749966 ], [ -61.97836914062492, -69.30039062499992 ], [ -61.815966796874989, -69.376171875000011 ], [ -61.78369140625, -69.44189453125 ], [ -61.807177734374989, -69.5146484375 ], [ -61.911328124999955, -69.533398437499955 ], [ -61.907812499999977, -69.587597656250011 ], [ -61.970117187500023, -69.69140625 ], [ -61.997607421874932, -69.721875 ], [ -62.085156250000011, -69.729492187499943 ], [ -62.171923828124932, -69.636621093750023 ], [ -62.216015624999955, -69.494921875000045 ], [ -62.496240234375023, -69.28818359374992 ] ] ], [ [ [ 16.573437500000068, -69.72324218749992 ], [ 16.62548828125, -69.750292968750045 ], [ 16.315429687500057, -69.844433593750011 ], [ 16.22265625, -70.007617187500045 ], [ 16.159277343750034, -70.071972656250011 ], [ 15.844921874999955, -69.982031249999977 ], [ 15.663476562500136, -69.955078125 ], [ 15.613867187499977, -69.93906249999992 ], [ 15.570996093750125, -69.884765624999943 ], [ 15.562597656249977, -69.862792968749943 ], [ 15.596875, -69.828027343749966 ], [ 15.699023437500102, -69.773242187499989 ], [ 15.909570312499966, -69.728417968750023 ], [ 16.246875000000159, -69.704980468750023 ], [ 16.573437500000068, -69.72324218749992 ] ] ], [ [ [ 26.686230468750068, -70.114453124999955 ], [ 26.737402343750034, -70.18603515625 ], [ 26.874804687500159, -70.329980468749966 ], [ 26.857226562500102, -70.381152343750045 ], [ 26.79296875, -70.419335937499966 ], [ 26.608789062500136, -70.412402343749989 ], [ 26.470214843749943, -70.447949218749955 ], [ 26.357617187500125, -70.434277343750011 ], [ 26.005371093750114, -70.372949218750023 ], [ 25.96425781250008, -70.294531249999977 ], [ 25.954101562499943, -70.261425781249955 ], [ 25.982519531250091, -70.199902343749955 ], [ 26.301074218750159, -70.072460937500011 ], [ 26.425585937500102, -70.060546875 ], [ 26.604785156249989, -70.07822265624992 ], [ 26.686230468750068, -70.114453124999955 ] ] ], [ [ [ 1.299316406249943, -70.255175781250045 ], [ 1.211523437500034, -70.38134765625 ], [ 1.156347656249977, -70.378125 ], [ 1.104589843750091, -70.30419921875 ], [ 0.990332031250091, -70.224316406249955 ], [ 0.952539062500023, -70.168945312499943 ], [ 0.949609375000136, -70.094042968750045 ], [ 1.026757812500023, -70.0498046875 ], [ 1.31484375000008, -70.022753906249989 ], [ 1.412207031250034, -70.040722656249955 ], [ 1.4609375, -70.135644531250023 ], [ 1.299316406249943, -70.255175781250045 ] ] ], [ [ [ 4.111718750000023, -70.266796875000011 ], [ 4.256054687500125, -70.24082031249992 ], [ 4.495019531250136, -70.251367187499966 ], [ 4.586230468750102, -70.294238281249989 ], [ 4.61757812500008, -70.368652343749943 ], [ 4.58994140624992, -70.432519531250023 ], [ 4.525878906250057, -70.478710937500011 ], [ 4.365234375, -70.502636718750011 ], [ 4.179687500000057, -70.45126953124992 ], [ 4.129589843750125, -70.416992187499943 ], [ 4.076171875000057, -70.32529296874992 ], [ 4.069726562500023, -70.290234374999955 ], [ 4.111718750000023, -70.266796875000011 ] ] ], [ [ [ 3.259863281250034, -70.448828124999977 ], [ 3.221289062499977, -70.519140624999977 ], [ 3.171093750000068, -70.553906249999955 ], [ 3.036914062500102, -70.597363281250011 ], [ 2.697753906250114, -70.62353515625 ], [ 2.622753906250125, -70.59335937499992 ], [ 2.584667968749955, -70.534570312500023 ], [ 2.631445312500091, -70.500390624999966 ], [ 3.072167968750023, -70.381640625000045 ], [ 3.19277343750008, -70.392675781249977 ], [ 3.23056640624992, -70.402636718750045 ], [ 3.259863281250034, -70.448828124999977 ] ] ], [ [ [ -3.0400390625, -70.674414062499977 ], [ -2.749804687499932, -70.694140624999989 ], [ -2.532812499999977, -70.767773437500011 ], [ -2.423437499999977, -70.800390624999977 ], [ -2.255566406249955, -70.796093750000011 ], [ -2.09228515625, -70.820898437499977 ], [ -2.119042968750023, -70.855371093750023 ], [ -2.212695312499932, -70.901562500000011 ], [ -2.293164062499898, -70.997949218750023 ], [ -2.368945312499989, -71.044433593749943 ], [ -2.606738281249989, -71.141113281249943 ], [ -2.783496093749932, -71.16748046875 ], [ -2.825146484374898, -71.112695312500023 ], [ -2.821875, -71.056738281249977 ], [ -2.80517578125, -71.014746093749977 ], [ -2.800537109374943, -70.982226562499989 ], [ -2.963134765624943, -70.940332031249966 ], [ -2.975, -70.88330078125 ], [ -3.006982421875023, -70.851464843750023 ], [ -3.488964843749955, -70.73593749999992 ], [ -3.574658203124955, -70.703125 ], [ -3.537060546874898, -70.683300781250011 ], [ -3.0400390625, -70.674414062499977 ] ] ], [ [ [ -2.954980468749966, -71.213769531250023 ], [ -3.060595703124989, -71.236621093750045 ], [ -3.201464843749932, -71.230273437499989 ], [ -3.309375, -71.200878906249955 ], [ -3.385644531249966, -71.142968749999966 ], [ -3.403857421874932, -71.119824218749955 ], [ -3.391699218749977, -71.081152343749977 ], [ -3.398974609374932, -71.06210937499992 ], [ -3.263037109374977, -71.051757812499943 ], [ -3.212792968750023, -71.075976562499989 ], [ -3.191357421874898, -71.09482421874992 ], [ -2.954980468749966, -71.213769531250023 ] ] ], [ [ [ -6.43798828125, -70.45263671875 ], [ -6.243652343749943, -70.445703125000023 ], [ -6.068261718750023, -70.404687500000023 ], [ -5.971630859374955, -70.421484374999977 ], [ -5.949511718749989, -70.43222656249992 ], [ -5.894091796874932, -70.55224609375 ], [ -6.156103515624977, -70.611523437499955 ], [ -6.180859374999955, -70.58554687499992 ], [ -6.26611328125, -70.550195312500023 ], [ -6.43798828125, -70.45263671875 ] ] ], [ [ [ -3.287451171874977, -70.344042968749989 ], [ -3.173242187500023, -70.307324218750011 ], [ -2.949902343749955, -70.279687499999966 ], [ -2.805126953124898, -70.288476562499966 ], [ -2.713525390625023, -70.320214843750023 ], [ -2.684375, -70.376171875000011 ], [ -2.68271484374992, -70.462207031249989 ], [ -2.738037109375, -70.507031250000011 ], [ -3.280224609374898, -70.53378906249992 ], [ -3.44189453125, -70.535449218749989 ], [ -3.490234374999943, -70.508007812500011 ], [ -3.496826171875, -70.48837890624992 ], [ -3.287451171874977, -70.344042968749989 ] ] ], [ [ [ -61.158447265624943, -69.975781249999955 ], [ -61.308642578124989, -69.977929687500023 ], [ -61.378466796874932, -69.949804687499977 ], [ -61.404345703124989, -69.932519531250023 ], [ -61.386474609374943, -69.893261718750011 ], [ -61.327148437499943, -69.856347656250023 ], [ -61.151855468749943, -69.883105468749989 ], [ -61.107910156249943, -69.955273437499955 ], [ -61.158447265624943, -69.975781249999955 ] ] ], [ [ [ -60.946484374999955, -70.967382812499977 ], [ -60.889062499999966, -70.934375 ], [ -60.782812499999977, -70.914062499999943 ], [ -60.613134765624977, -70.920117187499955 ], [ -60.533300781249977, -70.9625 ], [ -60.516308593749955, -70.999511718749943 ], [ -60.535937499999989, -71.040917968749966 ], [ -60.55224609375, -71.052929687500011 ], [ -60.652148437499932, -71.05869140624992 ], [ -60.789746093750011, -71.04111328124992 ], [ -60.90634765624992, -71.007421874999977 ], [ -60.946484374999955, -70.967382812499977 ] ] ], [ [ [ -12.788867187499932, -72.006542968749955 ], [ -12.636621093750023, -72.0712890625 ], [ -12.534765624999977, -72.140039062499966 ], [ -12.50888671874992, -72.17333984375 ], [ -12.588427734374989, -72.196093750000045 ], [ -12.720166015624898, -72.187695312500011 ], [ -12.888427734375, -72.137109375000023 ], [ -12.943701171874977, -72.098925781250045 ], [ -12.963281250000023, -72.064453124999943 ], [ -12.914794921874943, -72.0146484375 ], [ -12.87548828125, -72.000683593750011 ], [ -12.788867187499932, -72.006542968749955 ] ] ], [ [ [ -16.172509765624966, -72.6 ], [ -16.104492187499943, -72.679101562500023 ], [ -16.1748046875, -72.702832031249955 ], [ -16.317578124999955, -72.7021484375 ], [ -16.453027343750023, -72.65234375 ], [ -16.509765625, -72.582226562500011 ], [ -16.516552734374898, -72.53085937499992 ], [ -16.455371093749932, -72.473535156249966 ], [ -16.355859375000023, -72.45859374999992 ], [ -16.302880859374966, -72.47802734375 ], [ -16.172509765624966, -72.6 ] ] ], [ [ [ -20.979199218749898, -73.790429687500023 ], [ -20.867041015624977, -73.676660156250023 ], [ -20.690136718749898, -73.625195312500011 ], [ -20.580224609374966, -73.619238281249977 ], [ -20.520703124999955, -73.711816406250023 ], [ -20.520703124999955, -73.797851562499943 ], [ -20.607421874999943, -73.886621093750023 ], [ -20.654248046874955, -74.10498046875 ], [ -20.641259765624966, -74.150585937499955 ], [ -20.600341796875, -74.196875 ], [ -20.42333984375, -74.3173828125 ], [ -20.411425781249989, -74.408496093749989 ], [ -20.416650390624966, -74.443359375 ], [ -20.489013671875, -74.49267578125 ], [ -20.737011718749955, -74.48095703125 ], [ -20.817675781249989, -74.454785156250011 ], [ -20.845654296874955, -74.437792968750045 ], [ -20.976757812499955, -74.225097656249943 ], [ -21.051220703124955, -74.176074218749989 ], [ -21.166552734374989, -74.132617187500045 ], [ -21.609863281249943, -74.091796874999943 ], [ -22.035351562499955, -74.10654296874992 ], [ -21.930371093749898, -74.056640625 ], [ -21.288281249999898, -73.989355468749977 ], [ -21.126367187499966, -73.939843750000023 ], [ -21.024511718749977, -73.880078125000011 ], [ -20.979199218749898, -73.790429687500023 ] ] ], [ [ [ -36.565966796874932, -79.208789062500045 ], [ -36.237792968749943, -79.195703124999966 ], [ -36.047998046875023, -79.181152343749943 ], [ -35.790234374999898, -79.148925781249943 ], [ -35.597314453125023, -79.091894531249977 ], [ -35.53466796875, -79.090039062500011 ], [ -34.391503906249966, -79.222949218750045 ], [ -33.994726562499977, -79.278515624999955 ], [ -33.947167968750023, -79.305371093750011 ], [ -33.934179687499977, -79.320410156249977 ], [ -34.049951171875023, -79.357128906250011 ], [ -36.48129882812492, -79.29404296874992 ], [ -36.600781249999955, -79.282714843749943 ], [ -36.565966796874932, -79.208789062500045 ] ] ], [ [ [ -32.376611328125023, -79.53466796875 ], [ -32.15, -79.52988281249992 ], [ -31.933447265624977, -79.567871093749943 ], [ -31.956738281249898, -79.603808593749989 ], [ -32.001171874999898, -79.60703124999992 ], [ -32.342529296875, -79.673632812499989 ], [ -32.514892578125, -79.682812500000011 ], [ -32.583251953125, -79.658300781249977 ], [ -32.500830078124977, -79.592285156249943 ], [ -32.376611328125023, -79.53466796875 ] ] ], [ [ [ -31.118847656249898, -79.79843749999992 ], [ -30.985058593749898, -79.81845703124992 ], [ -30.8408203125, -79.771289062499989 ], [ -30.861474609374966, -79.725878906249989 ], [ -30.779931640624966, -79.647363281249966 ], [ -30.66015625, -79.733105468749955 ], [ -29.870898437499932, -79.8232421875 ], [ -29.614453124999955, -79.909570312500023 ], [ -29.720751953124989, -79.929882812499955 ], [ -29.800097656249989, -79.925976562499955 ], [ -30.029003906249898, -79.93613281249992 ], [ -30.422119140625, -80.010839843749977 ], [ -30.844433593749955, -79.938476562499943 ], [ -31.594238281249943, -79.8876953125 ], [ -31.824121093749966, -79.849511718750023 ], [ -32.000292968749989, -79.732421875 ], [ -31.680419921875, -79.63427734375 ], [ -31.604882812499966, -79.644726562499955 ], [ -31.118847656249898, -79.79843749999992 ] ] ], [ [ [ -59.321679687500023, -80.196191406249966 ], [ -59.42661132812492, -80.197656250000023 ], [ -59.530078124999932, -80.2080078125 ], [ -59.61240234374992, -80.255468749999977 ], [ -59.683300781250011, -80.315332031249966 ], [ -59.733935546874989, -80.344140625000023 ], [ -59.773730468749932, -80.55810546875 ], [ -59.771337890624977, -80.656542968750045 ], [ -59.825488281249989, -80.733300781249966 ], [ -59.926367187499977, -80.774316406249966 ], [ -60.124658203125023, -80.840722656250023 ], [ -60.268212890624966, -80.88134765625 ], [ -60.582812499999932, -80.948144531250023 ], [ -62.023339843750023, -80.889062499999966 ], [ -62.670507812499977, -80.834277343750045 ], [ -62.940380859375011, -80.765820312500011 ], [ -62.986083984375, -80.734570312499955 ], [ -63.067529296874966, -80.62744140625 ], [ -63.143994140625011, -80.594824218749977 ], [ -63.714941406249977, -80.616992187499989 ], [ -64.065039062499977, -80.650390624999943 ], [ -64.126464843749943, -80.667871093749966 ], [ -64.219921875000011, -80.73398437499992 ], [ -64.268261718749955, -80.748535156249943 ], [ -65.202832031249955, -80.607421875 ], [ -66.183740234375023, -80.44199218749992 ], [ -66.591406249999977, -80.357617187500011 ], [ -66.733593749999955, -80.318554687500011 ], [ -66.771142578124966, -80.293847656249966 ], [ -66.681103515625011, -80.260449218750011 ], [ -66.588427734374989, -80.238574218749989 ], [ -66.482666015625, -80.224414062500045 ], [ -66.376953124999943, -80.22226562499992 ], [ -66.295800781250023, -80.234765625000023 ], [ -66.217382812499977, -80.258203124999966 ], [ -66.167626953125023, -80.346191406249943 ], [ -66.115478515625, -80.361230468750023 ], [ -65.98007812499992, -80.384472656249955 ], [ -62.518798828125, -80.373339843749989 ], [ -62.231835937499966, -80.36865234375 ], [ -61.63330078125, -80.344140625000023 ], [ -61.312841796874977, -80.306542968749966 ], [ -61.193994140625023, -80.256640625000045 ], [ -61.484765625000023, -80.243847656250011 ], [ -61.597460937499989, -80.205859374999989 ], [ -61.6943359375, -80.134375 ], [ -61.716845703124932, -80.069335937499943 ], [ -61.684179687499977, -80.019726562500011 ], [ -61.302343749999977, -79.995800781250011 ], [ -61.246240234375023, -79.978320312499989 ], [ -61.346240234374932, -79.950585937500023 ], [ -61.34311523437492, -79.886816406249977 ], [ -61.114990234375, -79.862207031249966 ], [ -61.026318359374955, -79.808886718750045 ], [ -60.578808593750011, -79.741015625000045 ], [ -59.873339843749989, -79.776953124999977 ], [ -59.706347656249989, -79.875292968750045 ], [ -59.752441406249943, -79.937988281249943 ], [ -59.78564453125, -80.00107421874992 ], [ -59.787792968749955, -80.100976562500023 ], [ -59.49814453124992, -80.115039062500045 ], [ -59.40781249999992, -80.150878906249943 ], [ -59.321679687500023, -80.196191406249966 ] ] ], [ [ [ -65.504443359374932, -79.954296874999955 ], [ -65.89902343749992, -80.040527343749943 ], [ -65.989404296874966, -80.054003906250045 ], [ -66.173632812499932, -80.077832031250011 ], [ -66.267187499999977, -80.081445312500023 ], [ -66.319482421874966, -80.075097656249966 ], [ -66.366894531249955, -80.05429687499992 ], [ -66.410400390624943, -79.973339843749955 ], [ -66.904199218750023, -79.908886718749955 ], [ -66.962353515625011, -79.872656249999977 ], [ -66.99365234375, -79.793359374999966 ], [ -67.077246093749977, -79.76181640624992 ], [ -67.719140625000023, -79.620214843749977 ], [ -67.770751953124943, -79.589453124999977 ], [ -67.808740234374966, -79.5458984375 ], [ -67.687939453124955, -79.528417968749977 ], [ -67.438232421875, -79.560351562499989 ], [ -66.978906250000023, -79.568652343749989 ], [ -66.881298828124955, -79.582226562500011 ], [ -66.785205078124989, -79.608007812499977 ], [ -66.273779296874977, -79.612011718749955 ], [ -66.014160156249943, -79.624414062500023 ], [ -65.870312499999955, -79.737695312499966 ], [ -65.579248046874966, -79.770800781249989 ], [ -65.53955078125, -79.836914062499943 ], [ -65.504443359374932, -79.954296874999955 ] ] ], [ [ [ -70.33408203124992, -79.679882812500011 ], [ -70.552539062499932, -79.683007812500023 ], [ -70.983740234374977, -79.674414062499977 ], [ -71.414013671874955, -79.64023437499992 ], [ -71.525781249999966, -79.62363281249992 ], [ -71.686669921874966, -79.568066406250011 ], [ -71.73520507812492, -79.53857421875 ], [ -71.777734374999966, -79.50058593749992 ], [ -71.78354492187492, -79.4443359375 ], [ -71.66748046875, -79.24570312499992 ], [ -71.454003906250023, -79.128906249999943 ], [ -71.254492187499977, -79.059667968749977 ], [ -70.625878906249966, -78.901562500000011 ], [ -70.543994140624989, -78.883691406250023 ], [ -69.971875, -78.809375 ], [ -69.74765624999992, -78.76914062499992 ], [ -69.398242187499989, -78.686132812499977 ], [ -67.478515624999943, -78.3625 ], [ -67.038134765624932, -78.315722656250045 ], [ -66.840234375000023, -78.34970703124992 ], [ -66.728076171874989, -78.383691406250023 ], [ -66.787011718750023, -78.421679687500045 ], [ -67.046142578124943, -78.514160156249943 ], [ -67.166406250000023, -78.569531249999955 ], [ -67.48095703125, -78.682421875000045 ], [ -68.157031249999989, -78.870898437500045 ], [ -68.637939453125, -79.01318359375 ], [ -69.250878906249966, -79.210351562500023 ], [ -69.394433593750023, -79.279785156249943 ], [ -69.686474609375011, -79.443359375 ], [ -69.634472656249955, -79.517578125 ], [ -69.731738281249989, -79.618359375000011 ], [ -70.116308593749977, -79.666015624999943 ], [ -70.33408203124992, -79.679882812500011 ] ] ], [ [ [ -68.548925781249977, -79.437402343750023 ], [ -68.422265625000023, -79.333203125000011 ], [ -68.324365234375023, -79.298242187499966 ], [ -68.233007812499977, -79.284960937500045 ], [ -68.03256835937492, -79.227148437499977 ], [ -67.714160156249989, -79.214062500000011 ], [ -67.474511718750023, -79.222949218750045 ], [ -67.068652343749932, -79.268457031249966 ], [ -67.17294921874992, -79.311523437499943 ], [ -67.239501953125, -79.327636718749943 ], [ -67.304882812500011, -79.394042968749943 ], [ -67.261914062499955, -79.45263671875 ], [ -67.434326171875, -79.501171874999955 ], [ -68.161474609374977, -79.478515624999943 ], [ -68.408105468749966, -79.46396484374992 ], [ -68.548925781249977, -79.437402343750023 ] ] ], [ [ [ 96.499804687500045, -66.0458984375 ], [ 96.612695312500136, -66.035839843750011 ], [ 96.727343750000045, -66.060839843750045 ], [ 96.931640625000114, -66.058398437499989 ], [ 97.005566406250068, -66.096777343749977 ], [ 97.018847656250102, -66.139453124999989 ], [ 97.015625, -66.163964843750023 ], [ 96.933984375000023, -66.200781249999977 ], [ 96.394531250000114, -66.225 ], [ 96.307031250000023, -66.185839843750045 ], [ 96.39882812500008, -66.080175781249977 ], [ 96.499804687500045, -66.0458984375 ] ] ], [ [ [ 100.174414062500091, -66.131054687499955 ], [ 100.290527343749943, -66.112402343749977 ], [ 100.281542968750102, -66.179980468749989 ], [ 100.264746093750034, -66.216601562499989 ], [ 100.13320312500008, -66.229492187499943 ], [ 100.082031250000114, -66.202734374999977 ], [ 100.076269531250034, -66.18808593749992 ], [ 100.174414062500091, -66.131054687499955 ] ] ], [ [ [ 98.596484374999989, -66.382617187500045 ], [ 98.748632812500091, -66.369238281249977 ], [ 98.949804687500034, -66.420507812499977 ], [ 98.846093750000023, -66.469824218749977 ], [ 98.751757812499989, -66.481640624999955 ], [ 98.655078125000045, -66.453320312499955 ], [ 98.605175781249955, -66.39990234375 ], [ 98.596484374999989, -66.382617187500045 ] ] ], [ [ [ 85.06875, -66.583789062499989 ], [ 85.121093750000057, -66.518554687499943 ], [ 85.164746093750068, -66.52158203124992 ], [ 85.193945312500148, -66.556054687500023 ], [ 85.328515625000023, -66.611914062499977 ], [ 85.222460937500102, -66.643457031249966 ], [ 85.13613281250008, -66.637109375000023 ], [ 85.079589843750114, -66.604296874999989 ], [ 85.06875, -66.583789062499989 ] ] ], [ [ [ 86.520605468750034, -66.686914062499966 ], [ 86.556738281250148, -66.705761718749955 ], [ 86.651953124999977, -66.718164062500023 ], [ 86.541796875000102, -66.767480468750023 ], [ 86.42666015625008, -66.791992187499943 ], [ 86.337011718750148, -66.787597656249943 ], [ 86.232226562500102, -66.73291015625 ], [ 86.277734375000136, -66.696679687500023 ], [ 86.38330078125, -66.6748046875 ], [ 86.520605468750034, -66.686914062499966 ] ] ], [ [ [ 85.937695312500125, -66.894140624999977 ], [ 85.822363281250091, -66.953320312499955 ], [ 85.650097656250011, -66.979687500000011 ], [ 85.622265625000011, -66.96533203125 ], [ 85.617382812500068, -66.950878906250011 ], [ 85.358789062500136, -66.854296875000045 ], [ 85.314453125, -66.775976562499977 ], [ 85.340332031250114, -66.723339843750011 ], [ 85.552832031250091, -66.728515625 ], [ 85.80625, -66.774609374999955 ], [ 85.937695312500125, -66.894140624999977 ] ] ], [ [ [ 71.837988281250034, -70.312207031250011 ], [ 71.851171875000034, -70.367675781249943 ], [ 71.879980468750034, -70.405566406250045 ], [ 72.0, -70.456835937499989 ], [ 72.055664062499943, -70.5009765625 ], [ 72.073437500000011, -70.52451171874992 ], [ 72.097363281250125, -70.574609375000023 ], [ 72.078125000000114, -70.609082031250011 ], [ 72.002246093750102, -70.632617187499989 ], [ 71.929003906250102, -70.633007812500011 ], [ 71.841210937500136, -70.621972656249966 ], [ 71.725781250000068, -70.549121093750045 ], [ 71.659375, -70.497460937500023 ], [ 71.637109375000136, -70.443554687499955 ], [ 71.646582031250091, -70.336328125000023 ], [ 71.705078125000114, -70.284375 ], [ 71.796582031250125, -70.26425781249992 ], [ 71.837988281250034, -70.312207031250011 ] ] ], [ [ [ 69.737109375000102, -71.921972656249977 ], [ 69.796093750000068, -71.893945312500023 ], [ 69.895214843750011, -71.90781249999992 ], [ 69.91835937500008, -71.917773437499989 ], [ 69.791992187500114, -72.046679687500045 ], [ 69.743554687500023, -72.044140624999955 ], [ 69.692578125000125, -71.96826171875 ], [ 69.737109375000102, -71.921972656249977 ] ] ], [ [ [ 68.667089843750091, -72.103125 ], [ 68.729296875000159, -72.089160156249989 ], [ 68.840429687500034, -72.165429687500023 ], [ 68.817187500000102, -72.228710937500011 ], [ 68.669531250000034, -72.275976562499977 ], [ 68.461718750000159, -72.300097656249989 ], [ 68.408886718750068, -72.300195312500023 ], [ 68.436132812500091, -72.260449218750011 ], [ 68.566308593749966, -72.190136718749955 ], [ 68.667089843750091, -72.103125 ] ] ], [ [ [ 163.741699218750114, -74.71152343749992 ], [ 164.002343750000136, -74.628906249999943 ], [ 164.20849609375, -74.607714843749989 ], [ 164.098242187500091, -74.73193359375 ], [ 164.059179687499977, -74.752734375000045 ], [ 163.975976562500023, -74.832714843750011 ], [ 163.844628906250136, -74.832714843750011 ], [ 163.763378906250068, -74.802832031249977 ], [ 163.737207031250136, -74.733789062500023 ], [ 163.741699218750114, -74.71152343749992 ] ] ], [ [ [ 166.23681640625, -77.54746093749992 ], [ 166.216796875, -77.524609374999955 ], [ 166.378417968750114, -77.494042968749966 ], [ 166.4580078125, -77.44375 ], [ 166.626367187500023, -77.376757812500045 ], [ 166.607128906250182, -77.335546874999977 ], [ 166.469042968750159, -77.288867187499989 ], [ 166.413085937500114, -77.251953125 ], [ 166.506347656250114, -77.189355468749966 ], [ 166.716406250000091, -77.16171874999992 ], [ 166.9873046875, -77.1865234375 ], [ 167.106835937500023, -77.27060546874992 ], [ 167.0849609375, -77.307421875000045 ], [ 167.084082031249977, -77.321679687500023 ], [ 167.4609375, -77.394335937499989 ], [ 168.450781250000091, -77.386132812500023 ], [ 169.275585937500068, -77.45468749999992 ], [ 169.352734375000182, -77.524707031249989 ], [ 169.117285156249977, -77.560546875 ], [ 168.754589843750182, -77.6533203125 ], [ 168.518847656250045, -77.68125 ], [ 168.322558593750045, -77.682519531249966 ], [ 167.917578124999977, -77.644140624999977 ], [ 167.392285156250068, -77.648632812500011 ], [ 167.279492187500182, -77.70263671875 ], [ 167.025097656250068, -77.75644531249992 ], [ 166.729003906250114, -77.850976562500023 ], [ 166.650390625000114, -77.774023437499977 ], [ 166.532519531250045, -77.700390625000011 ], [ 166.23681640625, -77.54746093749992 ] ] ], [ [ [ 167.593847656250091, -78.022265624999989 ], [ 167.639843750000068, -78.111718750000023 ], [ 167.642773437500182, -78.141406250000045 ], [ 167.517480468750023, -78.216015624999955 ], [ 167.376953125, -78.249023437499943 ], [ 166.936230468750068, -78.222460937500045 ], [ 166.625976562500114, -78.28427734374992 ], [ 166.284863281250068, -78.306445312499989 ], [ 166.121875, -78.274609375000011 ], [ 166.050585937500159, -78.213378906249943 ], [ 166.012500000000159, -78.13125 ], [ 166.012890625000068, -78.101953124999966 ], [ 166.111132812500045, -78.089648437500045 ], [ 166.567089843750182, -78.148046874999977 ], [ 166.759863281249977, -78.197949218750011 ], [ 166.863671875000023, -78.196386718749977 ], [ 167.137890625000068, -78.12998046874992 ], [ 167.364062500000045, -78.045800781250023 ], [ 167.42236328125, -78.006445312499977 ], [ 167.497851562500045, -77.992382812499955 ], [ 167.593847656250091, -78.022265624999989 ] ] ] ] } },
{ "type": "Feature", "properties": { "NAME": "Princess Astrid Coast", "FEATURECLA": "Coast", "SCALERANK": 3 }, "geometry": { "type": "MultiPolygon", "coordinates": [ [ [ [ 20.070323112896347, -73.91668060375838 ], [ 4.958262566021318, -73.916682504229556 ], [ 4.958262540305356, -73.916680599506066 ], [ 4.91675865977129, -70.842585824542113 ], [ 4.909971625732662, -70.679535891079439 ], [ 5.113085937500102, -70.655664062499966 ], [ 5.64394531250008, -70.636328124999977 ], [ 6.508007812500068, -70.58642578125 ], [ 6.950976562500102, -70.535253906249977 ], [ 7.401171875000159, -70.494433593749989 ], [ 7.6767578125, -70.356347656250023 ], [ 8.306738281250091, -70.461621093750011 ], [ 8.523046875000091, -70.473828125000011 ], [ 8.817480468750034, -70.390820312499955 ], [ 9.1416015625, -70.18369140624992 ], [ 9.613476562500011, -70.26904296875 ], [ 9.885546875000045, -70.40292968749992 ], [ 10.217675781250023, -70.50791015624992 ], [ 10.968847656250091, -70.687695312499955 ], [ 11.203515625000136, -70.728710937499955 ], [ 11.701269531250091, -70.766601562499943 ], [ 11.833593750000034, -70.736523437499955 ], [ 12.067968750000034, -70.616503906249989 ], [ 12.308789062500068, -70.443261718749966 ], [ 12.461621093750125, -70.3701171875 ], [ 12.681933593750045, -70.30869140624992 ], [ 12.929394531250011, -70.213378906249943 ], [ 12.864550781250102, -70.162304687500011 ], [ 12.723437500000159, -70.143652343749977 ], [ 12.595117187500136, -70.117382812500011 ], [ 12.626269531250045, -70.065625 ], [ 12.646124496317679, -70.06508217699411 ], [ 12.735118034771347, -70.071467660479556 ], [ 12.769407637385202, -70.061711688807577 ], [ 13.065625, -70.053613281250023 ], [ 13.297949218749977, -70.229589843749977 ], [ 13.532617187499966, -70.2875 ], [ 13.82265625000008, -70.343164062500023 ], [ 14.491796874999977, -70.299609375000045 ], [ 15.063867187500023, -70.294726562499989 ], [ 15.56289062500008, -70.330761718749955 ], [ 15.806933593750045, -70.324023437500045 ], [ 16.025195312500102, -70.193457031249977 ], [ 16.381054687500125, -70.145117187499977 ], [ 16.58486328125008, -70.203808593749955 ], [ 16.709179687500011, -70.397265625000045 ], [ 17.166699218750125, -70.450878906250011 ], [ 18.124609375000034, -70.540332031250045 ], [ 18.232031250000091, -70.518261718749955 ], [ 18.351367187500045, -70.41552734375 ], [ 18.432617187500114, -70.289941406250023 ], [ 18.627343749999966, -70.269433593750023 ], [ 18.877246093750102, -70.201367187500011 ], [ 19.009375, -70.212109374999955 ], [ 19.196386718750091, -70.293164062499955 ], [ 19.13232421875, -70.491894531250011 ], [ 19.026562500000125, -70.674023437500011 ], [ 19.15292968749992, -70.820898437499977 ], [ 19.265136718750057, -70.90234375 ], [ 19.40927734374992, -70.916992187499943 ], [ 19.65185546875, -70.920605468749955 ], [ 19.944238281250023, -70.910156249999943 ], [ 20.125010612896205, -70.917452424830088 ], [ 20.125010612896205, -73.916680596880951 ], [ 20.070323112896347, -73.91668060375838 ] ] ], [ [ [ 16.246875000000159, -69.704980468750023 ], [ 16.573437500000068, -69.72324218749992 ], [ 16.62548828125, -69.750292968750045 ], [ 16.315429687500057, -69.844433593750011 ], [ 16.22265625, -70.007617187500045 ], [ 16.159277343750034, -70.071972656250011 ], [ 15.844921874999955, -69.982031249999977 ], [ 15.663476562500136, -69.955078125 ], [ 15.613867187499977, -69.93906249999992 ], [ 15.570996093750125, -69.884765624999943 ], [ 15.562597656249977, -69.862792968749943 ], [ 15.596875, -69.828027343749966 ], [ 15.699023437500102, -69.773242187499989 ], [ 15.909570312499966, -69.728417968750023 ], [ 16.246875000000159, -69.704980468750023 ] ] ] ] } },
{ "type": "Feature", "properties": { "NAME": "Graham Land", "FEATURECLA": "Geoarea", "SCALERANK": 3 }, "geometry": { "type": "MultiPolygon", "coordinates": [ [ [ [ -63.707324218749989, -68.592187499999966 ], [ -63.7734375, -68.6318359375 ], [ -63.747021484375011, -68.704589843749943 ], [ -63.44272460937492, -68.764160156249943 ], [ -63.343505859374943, -68.810449218750023 ], [ -63.440339165001866, -68.911599485809361 ], [ -67.042550014114653, -68.795894978336804 ], [ -67.130681325568304, -68.793064164036423 ], [ -67.230702277728795, -68.78985144954207 ], [ -67.230702277728795, -68.789849542193394 ], [ -67.224100039126384, -68.770703125000011 ], [ -67.133691406250023, -68.770703125000011 ], [ -67.05429687499992, -68.671484374999977 ], [ -67.116894531250011, -68.574804687499977 ], [ -67.041015625, -68.453125 ], [ -66.893505859374955, -68.297656250000045 ], [ -66.793359374999966, -68.240429687500011 ], [ -66.977587890624932, -68.146777343749989 ], [ -67.149853515624955, -68.024609375000011 ], [ -67.106689453124943, -67.930078125000023 ], [ -67.021289062499932, -67.831445312499966 ], [ -66.915380859374977, -67.692578125000011 ], [ -66.769873046874977, -67.593359374999977 ], [ -66.677246093749943, -67.560253906249955 ], [ -66.704980468750023, -67.527148437499989 ], [ -66.923144531249932, -67.491601562500023 ], [ -67.124316406249989, -67.485058593750011 ], [ -67.447121642888476, -67.540178044336741 ], [ -66.966318130689004, -66.979152534828074 ], [ -66.955078124999943, -66.984765624999966 ], [ -66.928613281250023, -67.1435546875 ], [ -66.886132812499966, -67.179980468750045 ], [ -66.902148437499932, -67.255957031249977 ], [ -66.836035156249977, -67.282421874999955 ], [ -66.75732421875, -67.23251953124992 ], [ -66.610009765625023, -67.20859374999992 ], [ -66.551562499999989, -67.262597656250023 ], [ -66.498681640624966, -67.2890625 ], [ -66.472216796874989, -67.242773437499977 ], [ -66.490966796875, -67.1142578125 ], [ -66.515136718749943, -67.0625 ], [ -66.53330078124992, -66.979296875000045 ], [ -66.502099609374966, -66.940136718749955 ], [ -66.464697265624977, -66.875195312499955 ], [ -66.526806640625011, -66.74072265625 ], [ -66.503613281250011, -66.689843750000023 ], [ -66.370898437499989, -66.608886718749943 ], [ -66.306542968750023, -66.591992187500011 ], [ -66.181884765625, -66.592480468750011 ], [ -65.953759765624966, -66.645605468749977 ], [ -65.847460937499989, -66.649804687500023 ], [ -65.766406249999932, -66.624902343750023 ], [ -65.717968750000011, -66.5732421875 ], [ -65.678466796874943, -66.402734374999966 ], [ -65.775781249999966, -66.342578125000045 ], [ -65.774511718749977, -66.287988281249966 ], [ -65.717480468750011, -66.254492187499977 ], [ -65.61728515624992, -66.13525390625 ], [ -65.465087890625, -66.129296874999966 ], [ -65.316357421875011, -66.139843749999955 ], [ -65.172021484374966, -66.116796874999977 ], [ -65.222070312499966, -66.068457031249977 ], [ -65.267480468749966, -65.994238281249977 ], [ -65.10507812499992, -65.957910156250023 ], [ -64.998730468750011, -65.9462890625 ], [ -64.7216796875, -65.99277343749992 ], [ -64.613525390625, -66.019042968749943 ], [ -64.514306640625023, -65.95957031249992 ], [ -64.54736328125, -65.9 ], [ -64.653222656249966, -65.866894531249955 ], [ -64.673046875000011, -65.814062499999977 ], [ -64.646582031249977, -65.747851562500045 ], [ -64.474609375, -65.780957031249955 ], [ -64.435351562499989, -65.768359375000045 ], [ -64.390039062500023, -65.708496093749943 ], [ -64.416796874999932, -65.679882812499955 ], [ -64.438916015625011, -65.640625 ], [ -64.21347656249992, -65.632910156249977 ], [ -64.179980468749932, -65.617382812500011 ], [ -64.132226562499966, -65.570507812499955 ], [ -64.065917968749943, -65.553710937499943 ], [ -63.862207031250023, -65.555957031250045 ], [ -63.818115234375, -65.531542968750045 ], [ -63.797949218749977, -65.480371093750023 ], [ -63.908007812499932, -65.46738281249992 ], [ -64.05126953125, -65.417187500000011 ], [ -64.071093749999932, -65.278222656250023 ], [ -64.038037109374955, -65.179003906249989 ], [ -63.977691047689014, -65.13772560521339 ], [ -63.969593879291295, -65.133601449542027 ], [ -63.955599968538706, -65.122614723245064 ], [ -63.912402343749932, -65.093066406250045 ], [ -63.760253906249943, -65.033496093749989 ], [ -63.482128906249955, -65.0849609375 ], [ -63.264160156249943, -65.073144531250023 ], [ -63.178125, -65.12607421874992 ], [ -63.05908203125, -65.139355468750011 ], [ -63.032617187500023, -65.079785156250011 ], [ -63.085693359375, -65.02792968749992 ], [ -63.119873046874943, -64.94248046874992 ], [ -62.774658203125, -64.841699218750023 ], [ -62.664501953125011, -64.85751953124992 ], [ -62.527539062500011, -64.833398437500023 ], [ -62.576220703124989, -64.755664062500045 ], [ -62.503466796874989, -64.656445312500011 ], [ -62.404248046875011, -64.643261718750011 ], [ -62.338085937499955, -64.729199218750011 ], [ -62.243310546875023, -64.746875 ], [ -62.1396484375, -64.726757812499955 ], [ -61.882519531249955, -64.625390624999966 ], [ -61.756396484374932, -64.609863281249943 ], [ -61.631787109375011, -64.604687499999955 ], [ -61.50048828125, -64.545605468750011 ], [ -61.470019531249932, -64.475585937499943 ], [ -61.395947265625011, -64.427148437500023 ], [ -61.173583984374943, -64.3625 ], [ -61.082128906249977, -64.314746093750045 ], [ -60.886621093750023, -64.149707031249989 ], [ -60.922070312499955, -64.10791015625 ], [ -60.864160156249966, -64.073437500000011 ], [ -60.277246093750023, -63.923925781249977 ], [ -59.98984374999992, -63.909570312500023 ], [ -59.510156249999966, -63.820703125000023 ], [ -59.217578124999989, -63.7138671875 ], [ -59.036425781249932, -63.670312500000023 ], [ -58.8720703125, -63.551855468749977 ], [ -58.673535156249955, -63.534375 ], [ -58.215576171874943, -63.451269531249977 ], [ -57.868066406250023, -63.31875 ], [ -57.3896484375, -63.226269531249955 ], [ -57.168261718749989, -63.234765625000023 ], [ -57.076708984374989, -63.2625 ], [ -57.020654296875023, -63.372851562499989 ], [ -56.927343749999977, -63.505566406250011 ], [ -56.809586988556219, -63.559070652892586 ], [ -56.803435421311043, -63.595989069648986 ], [ -56.834765624999989, -63.63125 ], [ -56.973681640624989, -63.62460937499992 ], [ -57.119189453124932, -63.637792968749977 ], [ -57.152246093750023, -63.571679687500023 ], [ -57.097705078124932, -63.523535156249977 ], [ -57.152246093750023, -63.479101562499977 ], [ -57.283886718750011, -63.490625 ], [ -57.460644531249955, -63.513574218749966 ], [ -57.581494140625011, -63.546582031249955 ], [ -57.736914062499977, -63.616601562500023 ], [ -57.856738281249932, -63.65683593749992 ], [ -58.262988281249989, -63.763378906249955 ], [ -58.531884765624966, -63.915429687500023 ], [ -58.722851562500011, -64.077441406249989 ], [ -58.83896484374992, -64.186816406249989 ], [ -59.005322265625011, -64.194921874999977 ], [ -59.047314453125011, -64.23447265624992 ], [ -58.977246093749955, -64.265917968750045 ], [ -58.922998046875023, -64.279296875 ], [ -58.799316406249943, -64.292675781249955 ], [ -58.819140624999989, -64.338964843749977 ], [ -58.90512695312492, -64.35214843749992 ], [ -58.895458984375011, -64.388867187499955 ], [ -58.86169512446498, -64.409964997454637 ], [ -59.057019904139672, -64.45109019032445 ], [ -59.229394531249966, -64.443554687500011 ], [ -59.369677734374989, -64.403515625000011 ], [ -59.460742187499932, -64.345605468750023 ], [ -59.546777343749966, -64.358789062500023 ], [ -59.612158203124977, -64.440136718750011 ], [ -59.573193359374955, -64.53076171875 ], [ -59.629357334655033, -64.57159454853111 ], [ -59.663490834490851, -64.578781280119429 ], [ -59.734375, -64.558886718750045 ], [ -59.765039062500023, -64.451367187499955 ], [ -59.850195312499977, -64.43359375 ], [ -59.963085937499955, -64.431347656250011 ], [ -60.242480468749989, -64.546875 ], [ -60.340527343749955, -64.550585937500045 ], [ -60.39365234374992, -64.609375 ], [ -60.555957031249989, -64.676562500000045 ], [ -60.659960937499932, -64.729199218750011 ], [ -60.782427339119828, -64.81437084350496 ], [ -61.541432258197517, -64.974177621417056 ], [ -61.548716900761768, -64.994274159948375 ], [ -61.603222656249955, -64.98779296875 ], [ -61.703125, -64.987207031249966 ], [ -61.736181640624977, -65.033496093749989 ], [ -61.607605416495041, -65.156733102174698 ], [ -61.629758869487588, -65.217849034458155 ], [ -61.663427734374977, -65.238574218750045 ], [ -61.855615234374966, -65.2353515625 ], [ -61.94785156249992, -65.192285156250023 ], [ -62.02451171874992, -65.232519531249977 ], [ -62.084667968750011, -65.273242187499989 ], [ -62.145312499999932, -65.331738281250011 ], [ -62.053662109375011, -65.456835937499989 ], [ -61.903369140624932, -65.513476562499989 ], [ -61.795703124999932, -65.52294921875 ], [ -61.756796937647323, -65.568315843116949 ], [ -61.757166922997172, -65.569336541768081 ], [ -61.991406250000011, -65.589160156250045 ], [ -62.150585937500011, -65.69882812499992 ], [ -62.222412109375, -65.775 ], [ -62.305029296874977, -65.840429687499977 ], [ -62.293261718749989, -65.916406250000023 ], [ -62.169140625000011, -66.031347656249977 ], [ -62.082687407853705, -66.074304178902267 ], [ -62.499570982822178, -66.219222306664435 ], [ -62.582812499999989, -66.217480468749955 ], [ -62.682031250000023, -66.237304687499943 ], [ -62.751467050353064, -66.306787057806261 ], [ -63.06455297126255, -66.415622781282124 ], [ -63.179541015624977, -66.352539062499943 ], [ -63.257519531250011, -66.263769531249977 ], [ -63.448535156249932, -66.24375 ], [ -63.586621093750011, -66.241699218749943 ], [ -63.752539062499977, -66.277734375000023 ], [ -63.687548828124989, -66.319824218749943 ], [ -63.654394531249977, -66.38291015624992 ], [ -63.755664062499989, -66.408984374999989 ], [ -63.880419921874932, -66.505957031249977 ], [ -63.964355468749943, -66.588769531250023 ], [ -64.015039062499966, -66.606640624999955 ], [ -64.077734374999977, -66.654101562500045 ], [ -63.894578948415692, -66.726858293321825 ], [ -64.247934394427233, -66.884887865968977 ], [ -64.40097656249992, -66.853320312500045 ], [ -64.554003906249932, -66.851757812499955 ], [ -64.606933593749943, -66.799609374999989 ], [ -64.686279296874943, -66.80625 ], [ -64.73544921874992, -66.894140624999977 ], [ -64.793359375000023, -66.971972656250045 ], [ -64.878125, -67.024511718749977 ], [ -64.854101562499977, -67.104785156249989 ], [ -64.78549804687492, -67.123730468749955 ], [ -64.795300944977768, -67.129684155487666 ], [ -64.872605216607781, -67.164256598469322 ], [ -64.950878906249955, -67.183203124999977 ], [ -65.026904296874989, -67.214062499999955 ], [ -64.995808365575584, -67.21935619067861 ], [ -65.261297697775035, -67.338089794995227 ], [ -65.35009765625, -67.310937499999966 ], [ -65.443115234374943, -67.326171875 ], [ -65.503125, -67.377246093749989 ], [ -65.5234375, -67.444628906250045 ], [ -65.50390625, -67.528222656250023 ], [ -65.47080078124992, -67.587890625 ], [ -65.44677734375, -67.610156250000045 ], [ -65.41806640624992, -67.659570312499966 ], [ -65.574023437499989, -67.788378906249989 ], [ -65.589257812499966, -67.816308593750023 ], [ -65.600048828124955, -67.875683593750011 ], [ -65.52783203125, -67.929980468749989 ], [ -65.469433593750011, -68.009472656250011 ], [ -65.551171875000023, -68.048339843749943 ], [ -65.63950195312492, -68.130566406250011 ], [ -65.54624023437492, -68.146679687500011 ], [ -65.3875, -68.150390624999943 ], [ -65.218017578124943, -68.140039062499966 ], [ -65.137531983122329, -68.117537061184237 ], [ -64.900483097534362, -68.169511032633565 ], [ -65.365185546875011, -68.2875 ], [ -65.452001953124977, -68.336718749999989 ], [ -65.33139648437492, -68.364160156249966 ], [ -65.089746093750023, -68.370214843749977 ], [ -64.996484375000023, -68.407812499999977 ], [ -65.05454101562492, -68.44931640624992 ], [ -65.140087890624955, -68.4892578125 ], [ -65.241601562500023, -68.583203125000011 ], [ -65.158349609375023, -68.617968749999989 ], [ -64.898291015624977, -68.67333984375 ], [ -64.428906250000011, -68.74609375 ], [ -64.07846679687492, -68.771191406249955 ], [ -64.15683593749992, -68.686914062500023 ], [ -64.169238281249989, -68.582519531249943 ], [ -63.924462890625023, -68.497656249999977 ], [ -63.796484374999977, -68.4697265625 ], [ -63.607037359110663, -68.453104485154384 ], [ -63.583302375384989, -68.458308480792027 ], [ -63.493740705511911, -68.537117792420631 ], [ -63.707324218749989, -68.592187499999966 ] ] ], [ [ [ -67.591420051166239, -67.708552621417056 ], [ -67.497146693912555, -67.598549767976166 ], [ -67.417675781249955, -67.590625 ], [ -67.246728515624966, -67.59873046874992 ], [ -67.174902343749977, -67.62451171875 ], [ -67.149414062499943, -67.650195312499989 ], [ -67.279687500000023, -67.711914062499943 ], [ -67.299707031250023, -67.737207031249966 ], [ -67.348925781249989, -67.76621093749992 ], [ -67.524673829315844, -67.783320707531345 ], [ -67.591405128194765, -67.708569337899036 ], [ -67.591420051166239, -67.708552621417056 ] ] ], [ [ [ -63.178773001420666, -64.572685091341938 ], [ -63.130517578125023, -64.57236328124992 ], [ -63.03208007812492, -64.534960937500045 ], [ -62.92822265625, -64.519335937500045 ], [ -62.836523437499977, -64.571875 ], [ -63.025585937500011, -64.610937499999977 ], [ -63.202587890625011, -64.680273437499977 ], [ -63.275439453124932, -64.717382812499977 ], [ -63.354882812499966, -64.73388671875 ], [ -63.452564051853848, -64.727677380005488 ], [ -63.35155188710371, -64.648371957354527 ], [ -63.178773001420666, -64.572685091341938 ] ] ], [ [ [ -62.072056263378904, -64.175095461238612 ], [ -62.09384765624992, -64.234570312499955 ], [ -62.174267578124955, -64.29599609374992 ], [ -62.185693359374966, -64.368847656249955 ], [ -62.303710937499943, -64.4013671875 ], [ -62.32578124999992, -64.424414062499977 ], [ -62.395898437500023, -64.464648437500045 ], [ -62.455175781249977, -64.471679687499943 ], [ -62.508105468749932, -64.4541015625 ], [ -62.579687499999977, -64.51425781249992 ], [ -62.727001953124955, -64.495996093750023 ], [ -62.781787109374932, -64.47900390625 ], [ -62.746826171875, -64.471679687499943 ], [ -62.720898437499955, -64.444531250000011 ], [ -62.643017578125011, -64.391601562499943 ], [ -62.546596513299299, -64.295756246919822 ], [ -62.48741614491621, -64.269831918292084 ], [ -62.072056263378904, -64.175095461238612 ] ] ], [ [ [ -60.653125, -63.866601562500023 ], [ -60.77768554687492, -63.902148437499989 ], [ -60.836774168193415, -63.893348825703406 ], [ -60.654784570095991, -63.851840123224683 ], [ -60.653125, -63.866601562500023 ] ] ], [ [ [ -57.616357421874966, -63.853613281249977 ], [ -57.683251953125023, -63.812695312499955 ], [ -57.439355468749966, -63.791406250000023 ], [ -57.374169921875023, -63.80722656249992 ], [ -57.36020507812492, -63.824804687499977 ], [ -57.21198662083922, -63.818052634339324 ], [ -57.372462279100482, -63.875892794560919 ], [ -57.616357421874966, -63.853613281249977 ] ] ], [ [ [ -58.14707031249992, -64.097363281249955 ], [ -58.250439453125011, -64.106835937500023 ], [ -58.352001953125011, -64.130664062499989 ], [ -58.397607421874966, -64.134765624999943 ], [ -58.438085937499977, -64.113476562499955 ], [ -58.424951171874966, -64.067773437499966 ], [ -58.34189453124992, -63.994335937499955 ], [ -58.274804687500023, -63.916210937500011 ], [ -58.145654296875023, -63.877636718749955 ], [ -58.070361328124932, -63.847460937500045 ], [ -57.970703125, -63.834667968750011 ], [ -57.925683593750023, -63.806054687499966 ], [ -57.831347656249989, -63.80380859374992 ], [ -57.779492187500011, -63.86826171874992 ], [ -57.780664062499966, -63.906835937499977 ], [ -57.826953124999989, -63.94921875 ], [ -57.844567654323136, -64.046053495817532 ], [ -58.162154219773235, -64.160521060736016 ], [ -58.14707031249992, -64.097363281249955 ] ] ], [ [ [ -63.17724609375, -64.73876953125 ], [ -63.25693359374992, -64.790820312500045 ], [ -63.316210937499989, -64.861132812500045 ], [ -63.474414062499989, -64.906542968749989 ], [ -63.558349609374943, -64.905957031249955 ], [ -63.459277343749932, -64.796289062499966 ], [ -63.366894531250011, -64.79208984374992 ], [ -63.219384765624966, -64.729785156250045 ], [ -63.17724609375, -64.73876953125 ] ] ] ] } },
{ "type": "Feature", "properties": { "NAME": "Biscoe Islands", "FEATURECLA": "Island group", "SCALERANK": 5 }, "geometry": { "type": "Polygon", "coordinates": [ [ [ -66.958302375385017, -66.645808480792084 ], [ -67.395802375384989, -66.37505652766707 ], [ -67.316517707416295, -66.206599496417027 ], [ -66.979115363666295, -65.875056527667084 ], [ -66.354115363666239, -65.50005652766707 ], [ -65.437489387103795, -65.270806573443394 ], [ -65.437489387103795, -65.270808480792084 ], [ -65.404949503506913, -65.295210414738008 ], [ -65.270802375385045, -65.395808480792056 ], [ -65.374989387103739, -65.729182504229527 ], [ -65.532477788449796, -65.929629915425863 ], [ -65.604115363666295, -66.020808480792027 ], [ -66.062489387103739, -66.208308480792027 ], [ -66.479013231877417, -66.411731722553796 ], [ -66.958302375385017, -66.645808480792084 ] ] ] } },
{ "type": "Feature", "properties": { "NAME": "Anvers Island", "FEATURECLA": "Island", "SCALERANK": 5 }, "geometry": { "type": "Polygon", "coordinates": [ [ [ -63.867138671874955, -64.509765625 ], [ -63.896923828125011, -64.487109375000045 ], [ -63.916162109375023, -64.457226562500011 ], [ -63.674414062499977, -64.42138671875 ], [ -63.668310546874977, -64.383984375000011 ], [ -63.683105468749943, -64.342773437499943 ], [ -63.605566406249977, -64.314160156250011 ], [ -63.5341796875, -64.272949218749943 ], [ -63.485595703124943, -64.260546874999989 ], [ -63.333593749999977, -64.26621093749992 ], [ -63.229638671875023, -64.323632812499966 ], [ -63.270703124999955, -64.380664062500045 ], [ -63.180566406249966, -64.469531250000045 ], [ -63.276953124999977, -64.573339843749977 ], [ -63.130517578125023, -64.57236328124992 ], [ -63.03208007812492, -64.534960937500045 ], [ -62.92822265625, -64.519335937500045 ], [ -62.885840119412585, -64.543619009724182 ], [ -62.875050422260017, -64.563411019854613 ], [ -62.971717675347314, -64.59980769377006 ], [ -63.025585937500011, -64.610937499999977 ], [ -63.202587890625011, -64.680273437499977 ], [ -63.251210177511936, -64.70504082224133 ], [ -63.294514466939994, -64.721345538172685 ], [ -63.354882812499966, -64.73388671875 ], [ -63.457812499999989, -64.727343749999989 ], [ -63.558447265624977, -64.734179687500045 ], [ -63.646875, -64.803027343750045 ], [ -63.737080830953801, -64.833460518136093 ], [ -63.741898316877865, -64.832238703639206 ], [ -63.769921874999966, -64.808398437500045 ], [ -63.804394531249955, -64.79150390625 ], [ -63.981640527894328, -64.771435099113631 ], [ -64.033426463409995, -64.758301110193898 ], [ -64.099169921874989, -64.732714843749989 ], [ -64.183740234374966, -64.70957031249992 ], [ -64.272070312499977, -64.697558593750045 ], [ -64.226220703125023, -64.635351562499977 ], [ -64.200300452346028, -64.610234862453751 ], [ -64.140020362454294, -64.574555848080536 ], [ -63.867138671874955, -64.509765625 ] ] ] } },
{ "type": "Feature", "properties": { "NAME": "Brabant Island", "FEATURECLA": "Island", "SCALERANK": 5 }, "geometry": { "type": "Polygon", "coordinates": [ [ [ -62.508105468749932, -64.4541015625 ], [ -62.559410913413977, -64.497217734277612 ], [ -62.57286536366621, -64.502986215167056 ], [ -62.608386266537281, -64.43188290136797 ], [ -62.633323461096197, -64.381965330960938 ], [ -62.504003906249977, -64.25341796875 ], [ -62.479736328124943, -64.210644531249955 ], [ -62.590283203125011, -64.1396484375 ], [ -62.609645985674156, -64.117559153350726 ], [ -62.609023415303483, -64.113514332518221 ], [ -62.585693359374943, -64.075585937499966 ], [ -62.544970703124989, -64.045703125000045 ], [ -62.451416015624943, -64.012402343750011 ], [ -62.328759765625023, -64.013476562500045 ], [ -62.267626953124989, -64.039941406250023 ], [ -62.26875, -64.090039062500011 ], [ -62.058496093750023, -64.138085937500023 ], [ -62.09384765624992, -64.234570312499955 ], [ -62.174267578124955, -64.29599609374992 ], [ -62.180336643817618, -64.334692871585176 ], [ -62.480347640064842, -64.463320029590975 ], [ -62.508105468749932, -64.4541015625 ] ] ] } },
{ "type": "Feature", "properties": { "NAME": "TIERRA DEL FUEGO", "FEATURECLA": "Island", "SCALERANK": 3 }, "geometry": { "type": "MultiPolygon", "coordinates": [ [ [ [ -69.152445956676303, -52.668707114985921 ], [ -69.079931640624977, -52.67431640625 ], [ -68.789794921875, -52.57675781249992 ], [ -68.757519531250011, -52.582031249999943 ], [ -68.688465493639328, -52.616815549124297 ], [ -68.542861704149956, -52.7199305742067 ], [ -68.338769531249966, -52.900097656250011 ], [ -68.278222656249966, -52.98398437499992 ], [ -68.240136718750023, -53.081835937499989 ], [ -68.333007812499943, -53.01962890624992 ], [ -68.431152343749943, -53.055273437499977 ], [ -68.479492187499943, -53.11376953125 ], [ -68.520800781249989, -53.177246093749943 ], [ -68.520507812499943, -53.221875 ], [ -68.488525390625, -53.260937499999955 ], [ -68.393115234374932, -53.294921874999943 ], [ -68.166169664874246, -53.306195113139786 ], [ -68.165699836322489, -53.312310479693409 ], [ -68.13469969317012, -53.336014368242637 ], [ -68.008496093750011, -53.564062499999977 ], [ -67.940283203124977, -53.61875 ], [ -67.861083984375, -53.66220703124992 ], [ -67.678125, -53.787109374999943 ], [ -67.502587890624966, -53.921972656249977 ], [ -67.294238281249989, -54.0498046875 ], [ -67.069482421875023, -54.148046874999977 ], [ -66.865136718750023, -54.222558593750023 ], [ -66.670068359374966, -54.31357421874992 ], [ -66.462011718749977, -54.441015624999977 ], [ -66.235644531249932, -54.533496093750045 ], [ -66.210743217557564, -54.540199139219666 ], [ -66.128407355853767, -54.582330010943423 ], [ -66.057165729755468, -54.588433887166197 ], [ -66.019597007693307, -54.591652719215276 ], [ -65.992578124999966, -54.598925781250045 ], [ -65.7470703125, -54.653417968749977 ], [ -65.47659737299378, -54.638176117693412 ], [ -65.389647150938629, -54.645625882978571 ], [ -65.210204315539386, -54.661000277364614 ], [ -65.203123648384391, -54.664886587315813 ], [ -65.223066875927827, -54.744659497489579 ], [ -65.252343750000023, -54.788867187500045 ], [ -65.345996093749989, -54.877929687499943 ], [ -65.471142578125011, -54.914648437499977 ], [ -65.603320312499989, -54.928125 ], [ -65.72275390624992, -54.926367187499977 ], [ -65.841992187499955, -54.909960937499989 ], [ -65.953759765624966, -54.919335937499966 ], [ -66.06064453124992, -54.956738281250011 ], [ -66.172021484374966, -54.975292968750011 ], [ -66.286767578124966, -54.977734374999955 ], [ -66.291882918481804, -54.979180596880944 ], [ -66.41942298085371, -54.979180596880944 ], [ -66.471180833833841, -55.024044832407853 ], [ -66.511132812500023, -55.032128906250023 ], [ -66.627685546875, -55.01328124999992 ], [ -66.930468749999932, -54.92490234374992 ], [ -67.127099609375023, -54.90380859375 ], [ -67.793261718749932, -54.868652343749943 ], [ -68.007128906249989, -54.848437499999989 ], [ -68.220117187500023, -54.817578125000011 ], [ -68.331689453125023, -54.816308593750023 ], [ -68.491015624999989, -54.836230468749989 ], [ -68.618652343749943, -54.833789062500045 ], [ -68.653222656249966, -54.853613281249977 ], [ -68.803857421875023, -54.853613281249977 ], [ -68.843554687499932, -54.876757812499989 ], [ -69.081640624999977, -54.909863281250011 ], [ -69.486279296874955, -54.85888671875 ], [ -69.587548828124966, -54.812792968750045 ], [ -69.723437499999989, -54.712109375000011 ], [ -69.771826171874977, -54.739160156250023 ], [ -69.899462890624932, -54.78183593749992 ], [ -70.030517578125, -54.815527343749977 ], [ -70.138085937499966, -54.819238281250023 ], [ -70.237792968749943, -54.777539062500011 ], [ -70.259082031249932, -54.75634765625 ], [ -70.28173828125, -54.751757812500045 ], [ -70.49716796874992, -54.8095703125 ], [ -70.735156249999932, -54.750585937499977 ], [ -70.924707031250023, -54.714355468749943 ], [ -71.229248046874943, -54.694140624999989 ], [ -71.44091796875, -54.61962890625 ], [ -71.83154296875, -54.626171875000011 ], [ -71.901562499999955, -54.6015625 ], [ -71.927734375, -54.528710937499966 ], [ -71.906982421875, -54.494824218750011 ], [ -71.823437499999955, -54.474414062499989 ], [ -71.80014648437492, -54.433984375000023 ], [ -71.715820312499943, -54.443652343750045 ], [ -71.606298828124977, -54.49716796874992 ], [ -71.572753906249943, -54.495312500000011 ], [ -71.500390624999966, -54.44492187499992 ], [ -71.39340820312492, -54.400195312499989 ], [ -71.355224609374943, -54.395410156249966 ], [ -71.158837890625023, -54.450585937500023 ], [ -71.07993164062492, -54.444238281249966 ], [ -70.966455078124966, -54.41953124999992 ], [ -70.946191406250023, -54.398046874999977 ], [ -70.928173828125011, -54.360058593749955 ], [ -70.898242187499932, -54.337890625 ], [ -70.797265624999966, -54.327246093749977 ], [ -70.698828124999977, -54.348828125000011 ], [ -70.687548828124989, -54.414746093750011 ], [ -70.701123046875011, -54.48544921874992 ], [ -70.572998046874943, -54.50439453125 ], [ -70.417919921874955, -54.502246093749989 ], [ -70.310986328125011, -54.528515625000011 ], [ -70.297656249999989, -54.485546874999955 ], [ -70.468310546874932, -54.373242187500011 ], [ -70.539990234374955, -54.303417968750011 ], [ -70.636132812500023, -54.262304687499977 ], [ -70.759863281249977, -54.24130859374992 ], [ -70.863085937499989, -54.11044921874992 ], [ -70.856738281249932, -53.995800781250011 ], [ -70.866670568344617, -53.894888744368032 ], [ -70.86573364985091, -53.883632739739269 ], [ -70.644482421875011, -53.822851562499977 ], [ -70.695605468749932, -53.727441406249966 ], [ -70.61875, -53.655078125000045 ], [ -70.531298828124989, -53.627343750000023 ], [ -70.443164062499932, -53.893457031250023 ], [ -70.37973632812492, -53.986718750000023 ], [ -70.46054687499992, -54.005664062499989 ], [ -70.629833984374955, -54.005566406249955 ], [ -70.535302734374966, -54.136132812500023 ], [ -70.379980468749977, -54.1806640625 ], [ -70.246093749999943, -54.27744140624992 ], [ -70.243359375000011, -54.347656249999943 ], [ -70.168994140624989, -54.379296874999966 ], [ -69.990136718750023, -54.381347656249943 ], [ -69.866992187499989, -54.367480468750045 ], [ -69.80908203125, -54.32080078125 ], [ -69.741845703124966, -54.305859374999955 ], [ -69.62167968749992, -54.364062499999989 ], [ -69.419287109374977, -54.407128906249966 ], [ -69.364794921874989, -54.437597656249977 ], [ -69.325097656249966, -54.488183593749966 ], [ -69.322460937500011, -54.542675781249955 ], [ -69.312060546874989, -54.571484374999955 ], [ -69.253173828125, -54.557421875000045 ], [ -69.169189453124943, -54.483300781250023 ], [ -69.127880859374955, -54.457617187499977 ], [ -69.07724609374992, -54.445019531249955 ], [ -69.045214843749989, -54.428417968749955 ], [ -69.044335937499966, -54.40673828125 ], [ -69.19565429687492, -54.354394531249966 ], [ -69.988134765624977, -54.109082031250011 ], [ -70.085595703125023, -54.011132812500023 ], [ -70.151123046874943, -53.888085937500023 ], [ -70.148828125000023, -53.761132812500023 ], [ -70.091113281249989, -53.721777343749977 ], [ -69.949707031249943, -53.671582031249955 ], [ -69.689746093749932, -53.600878906250045 ], [ -69.389941406249989, -53.499414062499966 ], [ -69.352441406249966, -53.47998046875 ], [ -69.35595703125, -53.416308593749989 ], [ -69.3935546875, -53.373437499999966 ], [ -69.512548828124977, -53.341992187499955 ], [ -69.637011718749932, -53.33408203124992 ], [ -69.755615234374943, -53.337207031250045 ], [ -69.87412109374992, -53.350488281250023 ], [ -70.090380859374932, -53.418164062500011 ], [ -70.212841796875011, -53.413964843749966 ], [ -70.329296875000011, -53.377636718750011 ], [ -70.415673828125023, -53.30478515624992 ], [ -70.460253906249989, -53.20625 ], [ -70.4599609375, -53.143359374999989 ], [ -70.443359375, -53.08554687499992 ], [ -70.390673828124989, -53.026464843749977 ], [ -70.320019531250011, -53.000683593749955 ], [ -70.25634765625, -53.004101562499955 ], [ -70.196484374999955, -52.990234375 ], [ -70.160888671875, -52.969921875000011 ], [ -70.130615234374943, -52.942773437499966 ], [ -70.139550781250023, -52.919335937500023 ], [ -70.162744140625023, -52.899023437499977 ], [ -70.259179687500023, -52.857226562500045 ], [ -70.29736328125, -52.81699218749992 ], [ -70.3536288435903, -52.772776418156447 ], [ -70.189785858939928, -52.723642420452776 ], [ -70.189648437500011, -52.7236328125 ], [ -70.08823242187492, -52.7685546875 ], [ -69.993554687500023, -52.8212890625 ], [ -69.935449218749966, -52.821093750000045 ], [ -69.884321172602114, -52.799495734244069 ], [ -69.858998176166267, -52.809624932818409 ], [ -69.567982551166239, -52.57146575313088 ], [ -69.487238682750302, -52.490721884714944 ], [ -69.4140625, -52.486230468749966 ], [ -69.247473145753631, -52.608529907704479 ], [ -69.171070930072489, -52.677300714068451 ], [ -69.152445956676303, -52.668707114985921 ] ] ], [ [ [ -67.699511718749932, -55.87314453124992 ], [ -67.770856642444699, -55.868659088562012 ], [ -67.848377754457218, -55.841298696087009 ], [ -67.834082031249977, -55.827539062499966 ], [ -67.762060546874977, -55.816113281249955 ], [ -67.544824218750023, -55.825976562500045 ], [ -67.517285156250011, -55.832812499999989 ], [ -67.509814453124989, -55.84433593749992 ], [ -67.54526367187492, -55.87744140625 ], [ -67.548390764958114, -55.878716729693387 ], [ -67.673058439823663, -55.878716729693387 ], [ -67.699511718749932, -55.87314453124992 ] ] ], [ [ [ -70.990722656249943, -54.990429687499955 ], [ -71.120361328125, -54.937792968749989 ], [ -71.203320312500011, -54.892968750000023 ], [ -71.273632812499955, -54.886914062500011 ], [ -71.299316406249943, -54.892285156249955 ], [ -71.304747921741054, -54.896768958906783 ], [ -71.422765513200332, -54.862226253073715 ], [ -71.410546875000023, -54.83935546875 ], [ -71.374267578125, -54.83457031249992 ], [ -71.197070312499989, -54.844433593749955 ], [ -71.088623046875, -54.867480468750045 ], [ -70.991601562500023, -54.867968750000045 ], [ -70.945117187499989, -54.931347656250011 ], [ -70.927929687499955, -54.942968749999977 ], [ -70.804833984375023, -54.967675781250023 ], [ -70.749316406249989, -54.95273437499992 ], [ -70.615283203124932, -54.945605468749989 ], [ -70.534765624999977, -54.921289062500023 ], [ -70.417529296874989, -54.908886718749955 ], [ -70.28305664062492, -55.06591796875 ], [ -70.2978515625, -55.113769531249943 ], [ -70.40415039062492, -55.165625 ], [ -70.4755859375, -55.177050781250045 ], [ -70.543457031249943, -55.161328124999955 ], [ -70.538720703124966, -55.134960937500011 ], [ -70.551074218749989, -55.11191406249992 ], [ -70.597460937499932, -55.08203125 ], [ -70.640917968749989, -55.084863281250023 ], [ -70.698311252884324, -55.102941165869318 ], [ -70.987222683290099, -54.992879668571845 ], [ -70.990722656249943, -54.990429687499955 ] ] ], [ [ [ -71.771193605713691, -53.914615103974576 ], [ -71.397036592294697, -54.029736934210874 ], [ -71.39047851562492, -54.03281249999992 ], [ -71.16875, -54.112597656249989 ], [ -71.128428579614095, -54.112383109284174 ], [ -71.022540060632778, -54.144963228509383 ], [ -71.022851562500023, -54.161718749999977 ], [ -71.0048828125, -54.246679687499977 ], [ -71.028027343750011, -54.281152343749966 ], [ -71.082958984375011, -54.316308593750023 ], [ -71.11752929687492, -54.36630859374992 ], [ -71.143261718750011, -54.3740234375 ], [ -71.304638671874955, -54.31357421874992 ], [ -71.473291015625023, -54.231152343750011 ], [ -71.55810546875, -54.24560546875 ], [ -71.670605468750011, -54.225390624999989 ], [ -71.76123046875, -54.229785156249989 ], [ -71.817578125000011, -54.276464843749977 ], [ -71.948535156249932, -54.300878906249977 ], [ -71.972363281250011, -54.207226562500011 ], [ -72.091552734374943, -54.11875 ], [ -72.21044921875, -54.047753906250023 ], [ -72.1802191325704, -53.996644662747002 ], [ -71.964912368184358, -53.889032669782026 ], [ -71.771193605713691, -53.914615103974576 ] ] ], [ [ [ -67.424560546874943, -54.968945312500011 ], [ -67.245263671875023, -54.97763671874992 ], [ -67.107324218749966, -55.063574218749977 ], [ -67.085498046874989, -55.115234375 ], [ -67.07993164062492, -55.153808593749943 ], [ -67.109472656249977, -55.192089843750011 ], [ -67.172558593749955, -55.242578125000023 ], [ -67.25742187499992, -55.28183593749992 ], [ -67.339697265624977, -55.292578124999977 ], [ -67.399267578124977, -55.272265624999989 ], [ -67.429394531249955, -55.236523437500011 ], [ -67.443261718750023, -55.201171875 ], [ -67.463476562499977, -55.181738281249977 ], [ -67.494726562499977, -55.177441406249955 ], [ -67.535253906249977, -55.178515624999989 ], [ -67.585205078125, -55.191992187499977 ], [ -67.691455078124989, -55.242968749999989 ], [ -67.736962890625023, -55.256445312499977 ], [ -67.767773437499955, -55.259570312499989 ], [ -68.070019531250011, -55.221093749999966 ], [ -68.099511718749966, -55.206835937499989 ], [ -68.13510742187492, -55.172656250000045 ], [ -68.174316406249943, -55.0712890625 ], [ -68.301367187499977, -54.980664062500011 ], [ -68.10693359375, -54.929394531249955 ], [ -67.874121093749977, -54.929687499999943 ], [ -67.424560546874943, -54.968945312500011 ] ] ], [ [ [ -68.326562499999966, -55.332714843749955 ], [ -68.305419921875, -55.356640624999955 ], [ -68.152587890624943, -55.436914062499966 ], [ -68.089892578124989, -55.478320312500045 ], [ -68.058300781250011, -55.517968749999966 ], [ -68.045556640625023, -55.5875 ], [ -68.048339843749943, -55.643164062499977 ], [ -68.082666015625023, -55.650585937500011 ], [ -68.157080078124977, -55.633691406250023 ], [ -68.229638671875023, -55.601562499999943 ], [ -68.293359375000023, -55.521386718749966 ], [ -68.338037109374966, -55.505273437499966 ], [ -68.466699218750023, -55.489062500000045 ], [ -68.594189453124955, -55.45 ], [ -68.693554687500011, -55.452246093749977 ], [ -68.78500976562492, -55.435644531249977 ], [ -68.86704101562492, -55.4501953125 ], [ -68.896142578125023, -55.423828125 ], [ -68.931298828124966, -55.37060546875 ], [ -68.932080078124955, -55.347363281250011 ], [ -68.888964843749932, -55.263281249999977 ], [ -68.890087890625011, -55.2412109375 ], [ -68.912646484374989, -55.238574218749989 ], [ -69.008203125000023, -55.255761718750023 ], [ -69.046826171874955, -55.244335937500011 ], [ -69.150781250000023, -55.183398437500045 ], [ -69.192626953125, -55.171875 ], [ -69.297070312499955, -55.165820312499989 ], [ -69.356152343750011, -55.27392578125 ], [ -69.35922851562492, -55.300683593750023 ], [ -69.299023437500011, -55.369335937499955 ], [ -69.180859375000011, -55.474804687499955 ], [ -69.240820312499977, -55.476757812500011 ], [ -69.411816406250011, -55.444238281249966 ], [ -69.455712890624966, -55.424023437500011 ], [ -69.508691406250023, -55.370898437500045 ], [ -69.610253906250023, -55.33994140624992 ], [ -69.645898437499966, -55.320898437499977 ], [ -69.656298828124989, -55.29843749999992 ], [ -69.657373046875023, -55.22900390625 ], [ -69.679833984374966, -55.218945312500011 ], [ -69.824023437499932, -55.236523437500011 ], [ -69.853710937499955, -55.219824218749977 ], [ -69.865771484374989, -55.190625 ], [ -69.886767578124932, -55.174121093749989 ], [ -69.979785156249989, -55.1474609375 ], [ -69.987988281249955, -55.130761718749966 ], [ -69.946533203124943, -55.111035156250011 ], [ -69.920849609374955, -55.061132812499977 ], [ -69.884423828124966, -54.882031250000011 ], [ -69.702978515624977, -54.919042968749977 ], [ -68.900781249999966, -55.017773437500011 ], [ -68.653515624999955, -54.957910156250023 ], [ -68.4580078125, -54.959667968750011 ], [ -68.399804687499966, -55.0419921875 ], [ -68.598095703125011, -55.128320312500023 ], [ -68.61328125, -55.155566406250045 ], [ -68.585546874999977, -55.177734374999943 ], [ -68.381738281250023, -55.191601562500011 ], [ -68.330078124999943, -55.219433593750011 ], [ -68.282666015625011, -55.255175781249989 ], [ -68.32275390625, -55.308203124999977 ], [ -68.326562499999966, -55.332714843749955 ] ] ], [ [ [ -67.397363281250023, -55.585156250000011 ], [ -67.374072265624989, -55.589355468749943 ], [ -67.3505859375, -55.612109375000045 ], [ -67.310449218749966, -55.688671875000011 ], [ -67.262451171875, -55.74375 ], [ -67.267285156249955, -55.76279296874992 ], [ -67.288867187499932, -55.776855468749943 ], [ -67.325292968749977, -55.784765624999977 ], [ -67.352246093749955, -55.766015624999966 ], [ -67.393359374999989, -55.752734375000045 ], [ -67.559960937500023, -55.724804687500011 ], [ -67.5634765625, -55.707812499999989 ], [ -67.546142578124943, -55.683691406249977 ], [ -67.512792968749977, -55.662011718750023 ], [ -67.44882812499992, -55.640625 ], [ -67.397363281250023, -55.585156250000011 ] ] ] ] } },
{ "type": "Feature", "properties": { "NAME": "Isla Wellington", "FEATURECLA": "Island", "SCALERANK": 6 }, "geometry": { "type": "Polygon", "coordinates": [ [ [ -74.5947265625, -50.006640624999989 ], [ -74.703369140624943, -50.019238281250011 ], [ -74.762988281249932, -50.011425781250011 ], [ -74.769677209341339, -50.0 ], [ -74.584337854677955, -50.0 ], [ -74.5947265625, -50.006640624999989 ] ] ] } },
{ "type": "Feature", "properties": { "NAME": "PATAGONIA", "FEATURECLA": "Geoarea", "SCALERANK": 2 }, "geometry": { "type": "MultiPolygon", "coordinates": [ [ [ [ -68.145654296874966, -50.091406249999977 ], [ -68.257226562500023, -50.104589843749977 ], [ -68.404638671874977, -50.042675781249955 ], [ -68.459512131174563, -50.0 ], [ -67.947607421875162, -50.0 ], [ -68.145654296874966, -50.091406249999977 ] ] ], [ [ [ -68.97958984374992, -50.003027343749977 ], [ -68.934787084494729, -50.0 ], [ -68.665256052059689, -50.0 ], [ -68.597949218749989, -50.009472656249955 ], [ -68.53256835937492, -50.0361328125 ], [ -68.47373046874992, -50.091406249999977 ], [ -68.421875, -50.157910156250011 ], [ -68.435999391810398, -50.169849384305017 ], [ -68.442189094134989, -50.171441339068373 ], [ -68.483900115586849, -50.199267755221143 ], [ -68.589355468749943, -50.22519531249992 ], [ -68.749853515624977, -50.281152343749966 ], [ -68.939453124999943, -50.38232421875 ], [ -69.044775390624977, -50.499121093749977 ], [ -69.09018554687492, -50.58310546874992 ], [ -69.141406249999989, -50.752539062499977 ], [ -69.154980468749955, -50.864453124999955 ], [ -69.235156249999989, -50.950585937500023 ], [ -69.358593749999955, -51.028125 ], [ -69.351757812500011, -51.045800781249966 ], [ -69.267968749999966, -51.006152343750045 ], [ -69.20102539062492, -50.99365234375 ], [ -69.143505859374955, -51.096972656249989 ], [ -69.065722656249989, -51.303515625000045 ], [ -69.029589843749989, -51.446484374999955 ], [ -69.035302734375023, -51.488964843750011 ], [ -69.058300781250011, -51.547167968750045 ], [ -69.218066406249932, -51.561230468750011 ], [ -69.360546875000011, -51.559472656249966 ], [ -69.465429687499977, -51.58447265625 ], [ -69.409082031249966, -51.610253906250023 ], [ -69.313037109374932, -51.601074218749943 ], [ -69.180126953124955, -51.662304687499955 ], [ -69.032519531249989, -51.63623046875 ], [ -68.96533203125, -51.677148437499966 ], [ -68.916796874999932, -51.714648437499989 ], [ -68.690820312500023, -52.013085937500023 ], [ -68.60007392880209, -52.097926283357673 ], [ -68.483543664518848, -52.349945563254742 ], [ -69.007226562499966, -52.2626953125 ], [ -69.1337890625, -52.211425781249943 ], [ -69.241015624999989, -52.205468749999966 ], [ -69.446875, -52.269433593750023 ], [ -69.560595703124989, -52.421582031250011 ], [ -69.620312500000011, -52.464746093750023 ], [ -69.763330078125023, -52.505566406250011 ], [ -69.9072265625, -52.513574218750023 ], [ -70.390966796874977, -52.660839843750011 ], [ -70.562939453125011, -52.67343749999992 ], [ -70.680322265625023, -52.7125 ], [ -70.795117187499955, -52.76875 ], [ -70.839062499999955, -52.889550781249966 ], [ -70.821191406249966, -52.963085937499955 ], [ -70.952050781249966, -53.226953124999966 ], [ -70.984326171874955, -53.37363281249992 ], [ -70.985107421874943, -53.448339843749977 ], [ -70.947802734374989, -53.570410156249977 ], [ -70.995849609375, -53.779296874999943 ], [ -71.082812499999989, -53.825 ], [ -71.297753906249966, -53.88339843749992 ], [ -71.443896484374989, -53.840917968749977 ], [ -71.693798828125011, -53.803125 ], [ -71.871875, -53.72265625 ], [ -72.10092773437492, -53.665820312500045 ], [ -72.174414062499977, -53.632324218749943 ], [ -72.376806640624977, -53.47119140625 ], [ -72.398242187499989, -53.417773437500045 ], [ -72.412890624999989, -53.35019531249992 ], [ -72.306054687499966, -53.253710937499989 ], [ -72.248632812499977, -53.246679687499977 ], [ -72.081152343749977, -53.249609374999977 ], [ -71.941699218749989, -53.234082031250011 ], [ -71.852734374999955, -53.285742187499977 ], [ -71.828222656249977, -53.398339843749966 ], [ -71.867333984375023, -53.458398437499966 ], [ -71.902783203124955, -53.495507812499966 ], [ -71.89169921874992, -53.523535156249977 ], [ -71.791455078125011, -53.484570312499955 ], [ -71.740527343749932, -53.232617187499955 ], [ -71.400341796875011, -53.107031249999977 ], [ -71.288964843749966, -53.033691406249943 ], [ -71.180224609374932, -52.920507812499977 ], [ -71.163281250000011, -52.888085937500023 ], [ -71.155078124999932, -52.845605468750023 ], [ -71.227148437499977, -52.810644531249977 ], [ -71.387744140624932, -52.76425781249992 ], [ -71.897998046874932, -53.001757812499989 ], [ -72.129101562499955, -53.064355468749966 ], [ -72.278027343750011, -53.132324218749943 ], [ -72.458300781249989, -53.254492187499977 ], [ -72.492578125000023, -53.290625 ], [ -72.530810546874989, -53.371679687499977 ], [ -72.548925781249977, -53.460742187499989 ], [ -72.726806640624943, -53.420019531249977 ], [ -72.998388671874977, -53.290722656250011 ], [ -73.052734375, -53.243457031250045 ], [ -72.998242187500011, -53.177246093749943 ], [ -72.915527343749943, -53.121972656249966 ], [ -72.909912109374943, -52.936523437499943 ], [ -72.88916015625, -52.871582031249943 ], [ -72.831884765624977, -52.819531250000011 ], [ -72.727685546874966, -52.762304687499977 ], [ -72.675976562500011, -52.749023437499943 ], [ -72.632080078124943, -52.773828125000023 ], [ -72.626611328124966, -52.817578124999955 ], [ -72.453466796874977, -52.814453124999943 ], [ -72.117578125000023, -52.65 ], [ -71.979296874999989, -52.64609374999992 ], [ -71.797070312500011, -52.682812499999955 ], [ -71.591210937499966, -52.660742187499977 ], [ -71.554150390625011, -52.643945312500023 ], [ -71.511279296874932, -52.605371093749966 ], [ -71.664746093749955, -52.56005859375 ], [ -71.811914062500023, -52.537011718750023 ], [ -72.22568359374992, -52.520996093749943 ], [ -72.315380859375011, -52.53857421875 ], [ -72.437695312499955, -52.625781250000045 ], [ -72.478271484374943, -52.60400390625 ], [ -72.504394531249943, -52.56005859375 ], [ -72.644824218749989, -52.529101562499989 ], [ -72.712109375000011, -52.535546874999966 ], [ -72.776562499999955, -52.577441406249989 ], [ -72.766015624999966, -52.642578125 ], [ -72.801904296874966, -52.712402343749943 ], [ -72.931884765625, -52.781640625000023 ], [ -73.020263671875, -52.891796875000011 ], [ -73.01611328125, -52.977441406250023 ], [ -73.022998046874989, -53.022070312499977 ], [ -73.055468749999932, -53.045605468749955 ], [ -73.122460937500023, -53.073925781249955 ], [ -73.338183593749989, -53.054687499999943 ], [ -73.459863281250023, -52.964843749999943 ], [ -73.507519531249955, -52.903515624999955 ], [ -73.645214843750011, -52.83701171874992 ], [ -73.345947265625, -52.754296875000023 ], [ -73.240820312499977, -52.70712890624992 ], [ -73.144824218749932, -52.601953125000023 ], [ -73.073193359375011, -52.535058593749966 ], [ -73.123925781249966, -52.487988281249955 ], [ -73.183789062500011, -52.487890624999977 ], [ -73.178173828125011, -52.562695312500011 ], [ -73.244140624999943, -52.6240234375 ], [ -73.382128906249989, -52.595117187500023 ], [ -73.585693359375, -52.685742187500011 ], [ -73.710839843749966, -52.661523437499966 ], [ -73.914697265625023, -52.688183593750011 ], [ -74.014453124999932, -52.639355468750011 ], [ -74.035839843750011, -52.57724609374992 ], [ -73.999902343749966, -52.512597656250023 ], [ -74.037353515625, -52.402929687499977 ], [ -74.093505859374943, -52.376269531250045 ], [ -74.150830078125011, -52.382519531249955 ], [ -74.176562499999989, -52.317187499999989 ], [ -74.238476562500011, -52.202343749999955 ], [ -74.26596679687492, -52.171289062500023 ], [ -74.295654296875, -52.117871093749955 ], [ -74.264941406249989, -52.104882812499966 ], [ -74.19492187499992, -52.12021484374992 ], [ -74.133544921874943, -52.154785156249943 ], [ -74.040234375000011, -52.159179687499943 ], [ -73.834472656249943, -52.23398437499992 ], [ -73.749121093749977, -52.216015625000011 ], [ -73.702783203125023, -52.19882812499992 ], [ -73.68540039062492, -52.13671875 ], [ -73.684326171875, -52.077734374999977 ], [ -73.649023437499977, -52.077734374999977 ], [ -73.5322265625, -52.153125 ], [ -73.457958984374955, -52.14599609375 ], [ -73.326757812499977, -52.165917968749966 ], [ -73.260449218749955, -52.15781249999992 ], [ -73.137353515625023, -52.129687499999989 ], [ -72.94370117187492, -52.046875 ], [ -72.843212890624955, -51.961132812500011 ], [ -72.79501953124992, -51.949511718750045 ], [ -72.735400390624932, -51.960546874999977 ], [ -72.695458984374966, -51.985156250000045 ], [ -72.694824218749943, -52.044726562499989 ], [ -72.649560546875023, -52.099902343750045 ], [ -72.58798828124992, -52.14511718749992 ], [ -72.570849609374989, -52.200097656250023 ], [ -72.583447265624955, -52.254199218750045 ], [ -72.693603515624943, -52.330273437500011 ], [ -72.714013671875023, -52.356738281250045 ], [ -72.677050781249932, -52.384667968749966 ], [ -72.631494140625023, -52.371582031249943 ], [ -72.568701171874977, -52.333984374999943 ], [ -72.532910156250011, -52.282324218749977 ], [ -72.523339843749966, -52.25546874999992 ], [ -72.519335937499989, -52.217089843750045 ], [ -72.524121093749955, -52.170312500000023 ], [ -72.613574218749989, -52.037011718750023 ], [ -72.624755859374943, -52.00693359374992 ], [ -72.62460937499992, -51.946484374999955 ], [ -72.522851562499966, -51.890917968749989 ], [ -72.494140625, -51.847558593749966 ], [ -72.489648437499966, -51.763671875 ], [ -72.542529296874989, -51.70615234374992 ], [ -72.761230468749943, -51.573242187499943 ], [ -73.126757812499989, -51.43994140625 ], [ -73.16875, -51.453906250000045 ], [ -73.197021484375, -51.47802734375 ], [ -73.163378906249989, -51.495605468749943 ], [ -73.114990234375, -51.504492187499977 ], [ -72.789355468749989, -51.614257812499943 ], [ -72.704589843749943, -51.677929687499955 ], [ -72.649072265625023, -51.695019531249955 ], [ -72.583300781249932, -51.7373046875 ], [ -72.600048828125011, -51.799121093750045 ], [ -72.928369140625023, -51.85986328125 ], [ -73.188671875000011, -51.990625 ], [ -73.383251953125011, -52.070019531250011 ], [ -73.518164062499977, -52.041015624999943 ], [ -73.582324218749989, -51.960351562500023 ], [ -73.650292968749966, -51.85625 ], [ -73.752636718749955, -51.79550781249992 ], [ -73.810644531249977, -51.801171875000023 ], [ -73.857568359375023, -51.789941406250023 ], [ -73.894433593749966, -51.7578125 ], [ -73.973242187499977, -51.784472656249989 ], [ -74.146435546875011, -51.712109375000011 ], [ -74.196679687500023, -51.680566406249966 ], [ -74.069580078124943, -51.578710937499977 ], [ -73.929785156249977, -51.617871093750011 ], [ -73.895898437500023, -51.331445312499966 ], [ -73.939501953124932, -51.266308593749955 ], [ -74.121240234375023, -51.195410156249977 ], [ -74.210498046874989, -51.20458984375 ], [ -74.332324218749932, -51.195019531250011 ], [ -74.414355468749932, -51.1625 ], [ -74.507861328124989, -51.149609374999955 ], [ -74.586865234375011, -51.130664062500045 ], [ -74.690087890624966, -51.08652343749992 ], [ -74.814746093749989, -51.062890624999966 ], [ -74.983105468750011, -50.881054687499955 ], [ -75.055322265624966, -50.785546874999966 ], [ -75.094677734375011, -50.68125 ], [ -74.836621093750011, -50.678906250000011 ], [ -74.685742187500011, -50.662011718750023 ], [ -74.648925781249943, -50.618457031250045 ], [ -74.702050781250023, -50.535351562499955 ], [ -74.77587890625, -50.469921874999955 ], [ -74.721679687499943, -50.408496093749989 ], [ -74.644482421875011, -50.360937499999977 ], [ -74.564111328125023, -50.382031250000011 ], [ -74.365576171874977, -50.487890624999977 ], [ -74.331445312500023, -50.559570312499943 ], [ -74.190185546874943, -50.778027343749955 ], [ -74.15610351562492, -50.797460937499977 ], [ -74.139404296875, -50.817773437499966 ], [ -73.847460937499932, -50.94003906249992 ], [ -73.806542968750023, -50.938378906250023 ], [ -73.824609374999966, -50.835839843750023 ], [ -73.740576171874977, -50.696679687499966 ], [ -73.659033203124977, -50.650683593750045 ], [ -73.6181640625, -50.651171875000045 ], [ -73.613964843749955, -50.6279296875 ], [ -73.693261718750023, -50.570019531250011 ], [ -73.654443359375023, -50.49267578125 ], [ -73.679931640625, -50.490234374999943 ], [ -73.750195312500011, -50.539843749999989 ], [ -73.891503906250023, -50.78271484375 ], [ -73.978027343749943, -50.827050781249966 ], [ -74.096728515624989, -50.717089843750045 ], [ -74.164111328124932, -50.637890625000011 ], [ -74.197216796874955, -50.609765625000023 ], [ -74.185595703124989, -50.4853515625 ], [ -73.950341796875023, -50.510546874999989 ], [ -74.031054687499932, -50.469824218749977 ], [ -74.305566406249966, -50.398046874999977 ], [ -74.37412109374992, -50.362988281249955 ], [ -74.425097656249989, -50.35019531249992 ], [ -74.516406249999932, -50.265625 ], [ -74.629589843750011, -50.194042968750011 ], [ -74.434326171874943, -50.065234375000045 ], [ -74.361921639277995, -50.0 ], [ -74.167980139927479, -50.0 ], [ -74.019433593749966, -50.022753906249989 ], [ -73.970040967987785, -50.0 ], [ -68.973707654469337, -50.0 ], [ -68.97958984374992, -50.003027343749977 ] ] ], [ [ [ -67.387643011388917, -53.992496606060165 ], [ -67.294238281249989, -54.0498046875 ], [ -67.069482421875023, -54.148046874999977 ], [ -66.865136718750023, -54.222558593750023 ], [ -66.670068359374966, -54.31357421874992 ], [ -66.462011718749977, -54.441015624999977 ], [ -66.235644531249932, -54.533496093750045 ], [ -65.992578124999966, -54.598925781250045 ], [ -65.7470703125, -54.653417968749977 ], [ -65.693175705910463, -54.650380868003822 ], [ -65.521489321018976, -54.717038849686311 ], [ -65.307545539447489, -54.80010344844338 ], [ -65.34924203265544, -54.824378211348055 ], [ -65.511337647639891, -54.918746641853907 ], [ -65.603320312499989, -54.928125 ], [ -65.72275390624992, -54.926367187499977 ], [ -65.841992187499955, -54.909960937499989 ], [ -65.953759765624966, -54.919335937499966 ], [ -66.06064453124992, -54.956738281250011 ], [ -66.172021484374966, -54.975292968750011 ], [ -66.286767578124966, -54.977734374999955 ], [ -66.398681640624943, -55.009375 ], [ -66.511132812500023, -55.032128906250023 ], [ -66.627685546875, -55.01328124999992 ], [ -66.930468749999932, -54.92490234374992 ], [ -67.127099609375023, -54.90380859375 ], [ -67.793261718749932, -54.868652343749943 ], [ -68.007128906249989, -54.848437499999989 ], [ -68.220117187500023, -54.817578125000011 ], [ -68.331689453125023, -54.816308593750023 ], [ -68.491015624999989, -54.836230468749989 ], [ -68.618652343749943, -54.833789062500045 ], [ -68.653222656249966, -54.853613281249977 ], [ -68.803857421875023, -54.853613281249977 ], [ -68.843554687499932, -54.876757812499989 ], [ -69.081640624999977, -54.909863281250011 ], [ -69.486279296874955, -54.85888671875 ], [ -69.587548828124966, -54.812792968750045 ], [ -69.723437499999989, -54.712109375000011 ], [ -69.771826171874977, -54.739160156250023 ], [ -69.899462890624932, -54.78183593749992 ], [ -70.030517578125, -54.815527343749977 ], [ -70.138085937499966, -54.819238281250023 ], [ -70.237792968749943, -54.777539062500011 ], [ -70.259082031249932, -54.75634765625 ], [ -70.28173828125, -54.751757812500045 ], [ -70.49716796874992, -54.8095703125 ], [ -70.735156249999932, -54.750585937499977 ], [ -70.924707031250023, -54.714355468749943 ], [ -71.229248046874943, -54.694140624999989 ], [ -71.44091796875, -54.61962890625 ], [ -71.83154296875, -54.626171875000011 ], [ -71.901562499999955, -54.6015625 ], [ -71.927734375, -54.528710937499966 ], [ -71.906982421875, -54.494824218750011 ], [ -71.823437499999955, -54.474414062499989 ], [ -71.80014648437492, -54.433984375000023 ], [ -71.715820312499943, -54.443652343750045 ], [ -71.606298828124977, -54.49716796874992 ], [ -71.572753906249943, -54.495312500000011 ], [ -71.500390624999966, -54.44492187499992 ], [ -71.39340820312492, -54.400195312499989 ], [ -71.355224609374943, -54.395410156249966 ], [ -71.158837890625023, -54.450585937500023 ], [ -71.07993164062492, -54.444238281249966 ], [ -70.966455078124966, -54.41953124999992 ], [ -70.946191406250023, -54.398046874999977 ], [ -70.928173828125011, -54.360058593749955 ], [ -70.898242187499932, -54.337890625 ], [ -70.797265624999966, -54.327246093749977 ], [ -70.698828124999977, -54.348828125000011 ], [ -70.687548828124989, -54.414746093750011 ], [ -70.701123046875011, -54.48544921874992 ], [ -70.572998046874943, -54.50439453125 ], [ -70.417919921874955, -54.502246093749989 ], [ -70.310986328125011, -54.528515625000011 ], [ -70.297656249999989, -54.485546874999955 ], [ -70.468310546874932, -54.373242187500011 ], [ -70.539990234374955, -54.303417968750011 ], [ -70.636132812500023, -54.262304687499977 ], [ -70.759863281249977, -54.24130859374992 ], [ -70.863085937499989, -54.11044921874992 ], [ -70.856738281249932, -53.995800781250011 ], [ -70.867724609374932, -53.884179687500023 ], [ -70.644482421875011, -53.822851562499977 ], [ -70.695605468749932, -53.727441406249966 ], [ -70.61875, -53.655078125000045 ], [ -70.531298828124989, -53.627343750000023 ], [ -70.443164062499932, -53.893457031250023 ], [ -70.37973632812492, -53.986718750000023 ], [ -70.46054687499992, -54.005664062499989 ], [ -70.629833984374955, -54.005566406249955 ], [ -70.535302734374966, -54.136132812500023 ], [ -70.379980468749977, -54.1806640625 ], [ -70.246093749999943, -54.27744140624992 ], [ -70.243359375000011, -54.347656249999943 ], [ -70.168994140624989, -54.379296874999966 ], [ -69.990136718750023, -54.381347656249943 ], [ -69.866992187499989, -54.367480468750045 ], [ -69.80908203125, -54.32080078125 ], [ -69.741845703124966, -54.305859374999955 ], [ -69.62167968749992, -54.364062499999989 ], [ -69.419287109374977, -54.407128906249966 ], [ -69.364794921874989, -54.437597656249977 ], [ -69.325097656249966, -54.488183593749966 ], [ -69.322460937500011, -54.542675781249955 ], [ -69.312060546874989, -54.571484374999955 ], [ -69.253173828125, -54.557421875000045 ], [ -69.169189453124943, -54.483300781250023 ], [ -69.127880859374955, -54.457617187499977 ], [ -69.07724609374992, -54.445019531249955 ], [ -69.045214843749989, -54.428417968749955 ], [ -69.044335937499966, -54.40673828125 ], [ -69.19565429687492, -54.354394531249966 ], [ -69.988134765624977, -54.109082031250011 ], [ -70.085595703125023, -54.011132812500023 ], [ -70.151123046874943, -53.888085937500023 ], [ -70.148828125000023, -53.761132812500023 ], [ -70.091113281249989, -53.721777343749977 ], [ -69.949707031249943, -53.671582031249955 ], [ -69.689746093749932, -53.600878906250045 ], [ -69.389941406249989, -53.499414062499966 ], [ -69.352441406249966, -53.47998046875 ], [ -69.35595703125, -53.416308593749989 ], [ -69.3935546875, -53.373437499999966 ], [ -69.512548828124977, -53.341992187499955 ], [ -69.637011718749932, -53.33408203124992 ], [ -69.755615234374943, -53.337207031250045 ], [ -69.87412109374992, -53.350488281250023 ], [ -70.090380859374932, -53.418164062500011 ], [ -70.212841796875011, -53.413964843749966 ], [ -70.329296875000011, -53.377636718750011 ], [ -70.415673828125023, -53.30478515624992 ], [ -70.460253906249989, -53.20625 ], [ -70.4599609375, -53.143359374999989 ], [ -70.443359375, -53.08554687499992 ], [ -70.390673828124989, -53.026464843749977 ], [ -70.320019531250011, -53.000683593749955 ], [ -70.25634765625, -53.004101562499955 ], [ -70.196484374999955, -52.990234375 ], [ -70.160888671875, -52.969921875000011 ], [ -70.130615234374943, -52.942773437499966 ], [ -70.139550781250023, -52.919335937500023 ], [ -70.162744140625023, -52.899023437499977 ], [ -70.259179687500023, -52.857226562500045 ], [ -70.29736328125, -52.81699218749992 ], [ -70.380126953125, -52.751953125 ], [ -70.334912109375011, -52.733789062500023 ], [ -70.189648437500011, -52.7236328125 ], [ -70.08823242187492, -52.7685546875 ], [ -69.993554687500023, -52.8212890625 ], [ -69.935449218749966, -52.821093750000045 ], [ -69.883203125000023, -52.799023437500011 ], [ -69.763574218749966, -52.731347656249966 ], [ -69.663281249999955, -52.646289062500045 ], [ -69.571875, -52.549316406249943 ], [ -69.49838867187492, -52.491406249999955 ], [ -69.4140625, -52.486230468749966 ], [ -69.167041015624932, -52.667578124999977 ], [ -69.079931640624977, -52.67431640625 ], [ -68.789794921875, -52.57675781249992 ], [ -68.757519531250011, -52.582031249999943 ], [ -68.659228515624989, -52.631542968750011 ], [ -68.629931640624932, -52.652636718750045 ], [ -68.571191406249966, -52.69492187499992 ], [ -68.338769531249966, -52.900097656250011 ], [ -68.278222656249966, -52.98398437499992 ], [ -68.240136718750023, -53.081835937499989 ], [ -68.333007812499943, -53.01962890624992 ], [ -68.431152343749943, -53.055273437499977 ], [ -68.479492187499943, -53.11376953125 ], [ -68.520800781249989, -53.177246093749943 ], [ -68.520507812499943, -53.221875 ], [ -68.488525390625, -53.260937499999955 ], [ -68.393115234374932, -53.294921874999943 ], [ -68.1611328125, -53.306445312499989 ], [ -68.144091796874989, -53.319042968750011 ], [ -68.008496093750011, -53.564062499999977 ], [ -67.940283203124977, -53.61875 ], [ -67.88210533744757, -53.650672503361761 ], [ -67.797657844135045, -53.833306573443416 ], [ -67.387643011388917, -53.992496606060165 ] ] ], [ [ [ -67.424560546874943, -54.968945312500011 ], [ -67.245263671875023, -54.97763671874992 ], [ -67.107324218749966, -55.063574218749977 ], [ -67.085498046874989, -55.115234375 ], [ -67.07993164062492, -55.153808593749943 ], [ -67.109472656249977, -55.192089843750011 ], [ -67.172558593749955, -55.242578125000023 ], [ -67.25742187499992, -55.28183593749992 ], [ -67.339697265624977, -55.292578124999977 ], [ -67.399267578124977, -55.272265624999989 ], [ -67.429394531249955, -55.236523437500011 ], [ -67.443261718750023, -55.201171875 ], [ -67.463476562499977, -55.181738281249977 ], [ -67.494726562499977, -55.177441406249955 ], [ -67.535253906249977, -55.178515624999989 ], [ -67.585205078125, -55.191992187499977 ], [ -67.691455078124989, -55.242968749999989 ], [ -67.736962890625023, -55.256445312499977 ], [ -67.767773437499955, -55.259570312499989 ], [ -68.070019531250011, -55.221093749999966 ], [ -68.099511718749966, -55.206835937499989 ], [ -68.13510742187492, -55.172656250000045 ], [ -68.174316406249943, -55.0712890625 ], [ -68.301367187499977, -54.980664062500011 ], [ -68.10693359375, -54.929394531249955 ], [ -67.874121093749977, -54.929687499999943 ], [ -67.424560546874943, -54.968945312500011 ] ] ], [ [ [ -66.630175781249932, -55.254101562499955 ], [ -66.636621093750023, -55.234375 ], [ -66.624755859375, -55.213085937500011 ], [ -66.599707031249977, -55.193652343749989 ], [ -66.541552734374932, -55.16943359375 ], [ -66.523144531250011, -55.165527343749943 ], [ -66.435791015624943, -55.189746093749989 ], [ -66.472119140625011, -55.22910156249992 ], [ -66.551708984374955, -55.272851562500023 ], [ -66.611132812499989, -55.269921874999966 ], [ -66.630175781249932, -55.254101562499955 ] ] ], [ [ [ -68.326562499999966, -55.332714843749955 ], [ -68.305419921875, -55.356640624999955 ], [ -68.152587890624943, -55.436914062499966 ], [ -68.089892578124989, -55.478320312500045 ], [ -68.058300781250011, -55.517968749999966 ], [ -68.045556640625023, -55.5875 ], [ -68.048339843749943, -55.643164062499977 ], [ -68.082666015625023, -55.650585937500011 ], [ -68.157080078124977, -55.633691406250023 ], [ -68.229638671875023, -55.601562499999943 ], [ -68.293359375000023, -55.521386718749966 ], [ -68.338037109374966, -55.505273437499966 ], [ -68.466699218750023, -55.489062500000045 ], [ -68.594189453124955, -55.45 ], [ -68.693554687500011, -55.452246093749977 ], [ -68.78500976562492, -55.435644531249977 ], [ -68.86704101562492, -55.4501953125 ], [ -68.896142578125023, -55.423828125 ], [ -68.931298828124966, -55.37060546875 ], [ -68.932080078124955, -55.347363281250011 ], [ -68.888964843749932, -55.263281249999977 ], [ -68.890087890625011, -55.2412109375 ], [ -68.912646484374989, -55.238574218749989 ], [ -69.008203125000023, -55.255761718750023 ], [ -69.046826171874955, -55.244335937500011 ], [ -69.150781250000023, -55.183398437500045 ], [ -69.192626953125, -55.171875 ], [ -69.297070312499955, -55.165820312499989 ], [ -69.356152343750011, -55.27392578125 ], [ -69.35922851562492, -55.300683593750023 ], [ -69.299023437500011, -55.369335937499955 ], [ -69.180859375000011, -55.474804687499955 ], [ -69.240820312499977, -55.476757812500011 ], [ -69.411816406250011, -55.444238281249966 ], [ -69.455712890624966, -55.424023437500011 ], [ -69.508691406250023, -55.370898437500045 ], [ -69.610253906250023, -55.33994140624992 ], [ -69.645898437499966, -55.320898437499977 ], [ -69.656298828124989, -55.29843749999992 ], [ -69.657373046875023, -55.22900390625 ], [ -69.679833984374966, -55.218945312500011 ], [ -69.824023437499932, -55.236523437500011 ], [ -69.853710937499955, -55.219824218749977 ], [ -69.865771484374989, -55.190625 ], [ -69.886767578124932, -55.174121093749989 ], [ -69.979785156249989, -55.1474609375 ], [ -69.987988281249955, -55.130761718749966 ], [ -69.946533203124943, -55.111035156250011 ], [ -69.920849609374955, -55.061132812499977 ], [ -69.884423828124966, -54.882031250000011 ], [ -69.702978515624977, -54.919042968749977 ], [ -68.900781249999966, -55.017773437500011 ], [ -68.653515624999955, -54.957910156250023 ], [ -68.4580078125, -54.959667968750011 ], [ -68.399804687499966, -55.0419921875 ], [ -68.598095703125011, -55.128320312500023 ], [ -68.61328125, -55.155566406250045 ], [ -68.585546874999977, -55.177734374999943 ], [ -68.381738281250023, -55.191601562500011 ], [ -68.330078124999943, -55.219433593750011 ], [ -68.282666015625011, -55.255175781249989 ], [ -68.32275390625, -55.308203124999977 ], [ -68.326562499999966, -55.332714843749955 ] ] ], [ [ [ -67.397363281250023, -55.585156250000011 ], [ -67.374072265624989, -55.589355468749943 ], [ -67.3505859375, -55.612109375000045 ], [ -67.310449218749966, -55.688671875000011 ], [ -67.262451171875, -55.74375 ], [ -67.267285156249955, -55.76279296874992 ], [ -67.288867187499932, -55.776855468749943 ], [ -67.325292968749977, -55.784765624999977 ], [ -67.352246093749955, -55.766015624999966 ], [ -67.393359374999989, -55.752734375000045 ], [ -67.559960937500023, -55.724804687500011 ], [ -67.5634765625, -55.707812499999989 ], [ -67.546142578124943, -55.683691406249977 ], [ -67.512792968749977, -55.662011718750023 ], [ -67.44882812499992, -55.640625 ], [ -67.397363281250023, -55.585156250000011 ] ] ], [ [ [ -70.2978515625, -55.113769531249943 ], [ -70.40415039062492, -55.165625 ], [ -70.4755859375, -55.177050781250045 ], [ -70.543457031249943, -55.161328124999955 ], [ -70.538720703124966, -55.134960937500011 ], [ -70.551074218749989, -55.11191406249992 ], [ -70.597460937499932, -55.08203125 ], [ -70.640917968749989, -55.084863281250023 ], [ -70.710986328124989, -55.10693359375 ], [ -70.744433593749932, -55.104199218749955 ], [ -70.815478515624932, -55.079882812499989 ], [ -70.939843749999966, -55.061914062499966 ], [ -70.964501953125023, -55.039648437499977 ], [ -70.96728515625, -55.006835937499943 ], [ -70.990722656249943, -54.990429687499955 ], [ -71.120361328125, -54.937792968749989 ], [ -71.203320312500011, -54.892968750000023 ], [ -71.273632812499955, -54.886914062500011 ], [ -71.299316406249943, -54.892285156249955 ], [ -71.325341796875023, -54.913769531250011 ], [ -71.388574218750023, -54.934277343750011 ], [ -71.406640625000023, -54.930859375000011 ], [ -71.426904296875023, -54.913769531250011 ], [ -71.437207031249955, -54.889257812499977 ], [ -71.410546875000023, -54.83935546875 ], [ -71.374267578125, -54.83457031249992 ], [ -71.197070312499989, -54.844433593749955 ], [ -71.088623046875, -54.867480468750045 ], [ -70.991601562500023, -54.867968750000045 ], [ -70.945117187499989, -54.931347656250011 ], [ -70.927929687499955, -54.942968749999977 ], [ -70.804833984375023, -54.967675781250023 ], [ -70.749316406249989, -54.95273437499992 ], [ -70.615283203124932, -54.945605468749989 ], [ -70.534765624999977, -54.921289062500023 ], [ -70.417529296874989, -54.908886718749955 ], [ -70.28305664062492, -55.06591796875 ], [ -70.2978515625, -55.113769531249943 ] ] ], [ [ [ -71.143261718750011, -54.3740234375 ], [ -71.304638671874955, -54.31357421874992 ], [ -71.473291015625023, -54.231152343750011 ], [ -71.55810546875, -54.24560546875 ], [ -71.670605468750011, -54.225390624999989 ], [ -71.76123046875, -54.229785156249989 ], [ -71.817578125000011, -54.276464843749977 ], [ -71.948535156249932, -54.300878906249977 ], [ -71.972363281250011, -54.207226562500011 ], [ -72.091552734374943, -54.11875 ], [ -72.21044921875, -54.047753906250023 ], [ -72.146044921874932, -53.938867187499966 ], [ -72.068945312499977, -53.921289062500023 ], [ -71.996484375000023, -53.884863281249977 ], [ -71.705126953124932, -53.92333984375 ], [ -71.554150390625011, -53.9560546875 ], [ -71.39047851562492, -54.03281249999992 ], [ -71.16875, -54.112597656249989 ], [ -71.021923828125011, -54.111816406249943 ], [ -71.022851562500023, -54.161718749999977 ], [ -71.0048828125, -54.246679687499977 ], [ -71.028027343750011, -54.281152343749966 ], [ -71.082958984375011, -54.316308593750023 ], [ -71.11752929687492, -54.36630859374992 ], [ -71.143261718750011, -54.3740234375 ] ] ], [ [ [ -72.369140625, -53.980761718750045 ], [ -72.408544921874977, -54.003808593749966 ], [ -72.470507812499989, -54.027734375000023 ], [ -72.562890624999966, -54.07373046875 ], [ -72.676562499999932, -54.078906249999989 ], [ -72.788623046874932, -54.103125 ], [ -72.840380859374932, -54.125097656249977 ], [ -72.870996093750023, -54.12656249999992 ], [ -72.907275390624989, -54.114648437499966 ], [ -72.946093749999989, -54.092089843749989 ], [ -72.95859374999992, -54.06591796875 ], [ -72.881738281250023, -54.04160156249992 ], [ -72.781689453124955, -53.954785156250011 ], [ -72.76376953124992, -53.864843749999977 ], [ -72.871728515625023, -53.848535156250023 ], [ -72.936132812499977, -53.860839843749943 ], [ -72.98422851562492, -53.860546875000011 ], [ -73.039453124999966, -53.832812500000045 ], [ -73.073046874999989, -53.875292968749989 ], [ -73.085546874999977, -53.915917968750023 ], [ -73.070849609374989, -53.978027343749943 ], [ -73.080761718749955, -53.998046874999943 ], [ -73.119970703124977, -54.009375 ], [ -73.210644531249955, -53.985839843749943 ], [ -73.304736328124932, -53.94394531249992 ], [ -73.312158203125023, -53.919628906249955 ], [ -73.292871093750023, -53.835839843750023 ], [ -73.294921875, -53.792089843749977 ], [ -73.314355468750023, -53.729199218749955 ], [ -73.32480468749992, -53.72265625 ], [ -73.360107421874943, -53.724023437499966 ], [ -73.470947265624943, -53.736132812500045 ], [ -73.58164062499992, -53.655468749999955 ], [ -73.641503906249966, -53.5703125 ], [ -73.845458984374943, -53.545800781250023 ], [ -73.6865234375, -53.42685546874992 ], [ -73.447070312499989, -53.410058593749966 ], [ -73.365869140625023, -53.470214843749943 ], [ -73.099365234375, -53.511914062500011 ], [ -73.115332031249977, -53.448046874999989 ], [ -73.110888671874989, -53.425195312500023 ], [ -73.074316406249977, -53.396777343750045 ], [ -73.053613281250023, -53.394433593749966 ], [ -73.022070312499977, -53.41455078125 ], [ -72.970947265624943, -53.423046874999955 ], [ -72.947265624999943, -53.44248046874992 ], [ -72.923242187500023, -53.481640625000011 ], [ -72.896289062499932, -53.562792968749989 ], [ -72.882226562500023, -53.578320312499955 ], [ -72.809375, -53.565332031249966 ], [ -72.685498046875011, -53.557910156249989 ], [ -72.482275390624977, -53.588085937500011 ], [ -72.459228515625, -53.598828124999955 ], [ -72.372900390624977, -53.6875 ], [ -72.306689453124989, -53.725390624999989 ], [ -72.205419921874977, -53.807421874999989 ], [ -72.30625, -53.862109375000045 ], [ -72.365966796875, -53.940820312500023 ], [ -72.369140625, -53.980761718750045 ] ] ], [ [ [ -73.504541015624966, -53.140039062500023 ], [ -73.450585937499966, -53.144335937499989 ], [ -73.310351562499932, -53.24765624999992 ], [ -73.302490234375, -53.259472656250011 ], [ -73.143359374999989, -53.34091796874992 ], [ -73.135205078124955, -53.353906249999966 ], [ -73.225732421875023, -53.3583984375 ], [ -73.409375, -53.320507812500011 ], [ -73.501025390624932, -53.318457031249977 ], [ -73.567285156250023, -53.306835937500011 ], [ -73.582812499999989, -53.300195312499966 ], [ -73.595947265625, -53.2529296875 ], [ -73.617089843749966, -53.229687500000011 ], [ -73.793505859374932, -53.120703124999977 ], [ -73.866943359375, -53.096875 ], [ -73.99399414062492, -53.075781249999977 ], [ -74.138574218749966, -53.090527343749955 ], [ -74.236376953124932, -53.076464843750045 ], [ -74.270214843750011, -53.08154296875 ], [ -74.414404296874977, -52.994921875000045 ], [ -74.558300781249955, -52.921875 ], [ -74.619921874999989, -52.834765624999989 ], [ -74.71152343749992, -52.76816406249992 ], [ -74.71201171874992, -52.748730468749955 ], [ -74.669970703124989, -52.73388671875 ], [ -74.571533203125, -52.771289062500045 ], [ -74.474560546874955, -52.835644531250011 ], [ -74.422265624999966, -52.860058593750011 ], [ -74.3857421875, -52.92236328125 ], [ -74.369335937500011, -52.931445312499989 ], [ -74.329980468749966, -52.929296874999977 ], [ -74.274609375000011, -52.945507812500011 ], [ -74.065966796874932, -52.965332031249943 ], [ -73.879199218749989, -53.01220703125 ], [ -73.781787109374932, -53.056054687499966 ], [ -73.654003906249955, -53.06982421875 ], [ -73.549267578125011, -53.125683593750011 ], [ -73.504541015624966, -53.140039062500023 ] ] ], [ [ [ -74.694482421875023, -52.279199218749966 ], [ -74.851806640625, -52.270703125000011 ], [ -74.917724609375, -52.152246093749966 ], [ -75.017138671874989, -52.037890625000045 ], [ -75.050683593750023, -51.903906249999977 ], [ -75.105371093750023, -51.788867187499989 ], [ -75.008105468749932, -51.723730468749977 ], [ -74.915185546875023, -51.73828125 ], [ -74.909667968749943, -51.65 ], [ -74.822949218749955, -51.630175781249989 ], [ -74.780126953124977, -51.82470703125 ], [ -74.74951171875, -51.851855468750045 ], [ -74.6474609375, -51.866210937499943 ], [ -74.536816406250011, -51.965136718750045 ], [ -74.531835937499977, -51.991992187499989 ], [ -74.665966796874955, -52.160058593750023 ], [ -74.694482421875023, -52.279199218749966 ] ] ], [ [ [ -74.338671874999989, -51.89794921875 ], [ -74.423632812499989, -51.845117187500023 ], [ -74.437109374999977, -51.790625 ], [ -74.475390624999932, -51.72568359374992 ], [ -74.45078124999992, -51.724902343750045 ], [ -74.362109374999989, -51.750683593749955 ], [ -74.32568359375, -51.770214843750011 ], [ -74.277050781249955, -51.81162109374992 ], [ -74.13339843749992, -51.870898437500045 ], [ -74.115429687499955, -51.888476562500045 ], [ -74.118896484375, -51.911132812499943 ], [ -74.14218749999992, -51.931054687500023 ], [ -74.172070312499955, -51.942089843749955 ], [ -74.283105468750023, -51.91875 ], [ -74.338671874999989, -51.89794921875 ] ] ], [ [ [ -75.300048828125, -51.556445312499989 ], [ -75.238476562499955, -51.453515624999966 ], [ -75.210009765624932, -51.38330078125 ], [ -75.15366210937492, -51.27880859375 ], [ -75.040332031249932, -51.318164062500045 ], [ -74.881445312499977, -51.279492187499955 ], [ -74.736669921874977, -51.207617187499977 ], [ -74.611572265625, -51.207128906249977 ], [ -74.570507812499955, -51.245410156250045 ], [ -74.558642578124932, -51.277050781250011 ], [ -74.560888671874977, -51.36083984375 ], [ -74.592578124999932, -51.3875 ], [ -74.620361328125, -51.395703125000011 ], [ -74.690722656249932, -51.370214843749977 ], [ -74.730908203124955, -51.367382812500011 ], [ -74.79736328125, -51.411718749999977 ], [ -74.853320312499932, -51.434179687499977 ], [ -74.936669921874966, -51.42832031249992 ], [ -75.047363281249943, -51.398339843750023 ], [ -75.146289062499932, -51.524316406250023 ], [ -75.192431640624932, -51.566699218750045 ], [ -75.289111328124989, -51.625390625000023 ], [ -75.300048828125, -51.556445312499989 ] ] ], [ [ [ -75.156152343750023, -50.496777343750011 ], [ -75.11533203124992, -50.510449218749955 ], [ -75.160449218749989, -50.554394531249955 ], [ -75.203417968749932, -50.580664062499977 ], [ -75.29233398437492, -50.596875 ], [ -75.302001953124943, -50.679980468750045 ], [ -75.330468749999966, -50.772363281250023 ], [ -75.411376953124943, -50.764355468750011 ], [ -75.438525390624989, -50.741113281249966 ], [ -75.45263671875, -50.682519531250023 ], [ -75.477392578124977, -50.654199218750023 ], [ -75.442675781249932, -50.595507812500045 ], [ -75.419775390624977, -50.53037109374992 ], [ -75.427636718749966, -50.48056640624992 ], [ -75.303710937499943, -50.483984374999977 ], [ -75.156152343750023, -50.496777343750011 ] ] ], [ [ [ -75.307861328125, -50.343066406250045 ], [ -75.449121093750023, -50.34335937499992 ], [ -75.412109375, -50.256640625000045 ], [ -75.397851562500023, -50.192675781250045 ], [ -75.376708984375, -50.16796875 ], [ -75.368847656250011, -50.112695312500023 ], [ -75.32666015625, -50.011816406249977 ], [ -75.209667968749955, -50.04541015625 ], [ -75.12255859375, -50.055273437499977 ], [ -75.004248046874977, -50.088671875000045 ], [ -74.875976562499943, -50.10996093749992 ], [ -74.838574218749955, -50.197265624999943 ], [ -74.96337890625, -50.2373046875 ], [ -75.054785156249977, -50.296093750000011 ], [ -75.250390625000023, -50.376269531249989 ], [ -75.307861328125, -50.343066406250045 ] ] ], [ [ [ -74.769677209341339, -50.0 ], [ -74.584337854677955, -50.0 ], [ -74.5947265625, -50.006640624999989 ], [ -74.703369140624943, -50.019238281250011 ], [ -74.762988281249932, -50.011425781250011 ], [ -74.769677209341339, -50.0 ] ] ] ] } },
{ "type": "Feature", "properties": { "NAME": "South Shetland Islands", "FEATURECLA": "Island group", "SCALERANK": 4 }, "geometry": { "type": "Polygon", "coordinates": [ [ [ -60.541676398822489, -63.083430551104556 ], [ -62.104176398822489, -63.375056527667049 ], [ -62.583302375384989, -63.083430551104556 ], [ -62.359205323674814, -62.852810413300872 ], [ -62.358876105853739, -62.852471612505894 ], [ -62.358876105853739, -62.852473519854577 ], [ -61.687489387103739, -62.479182504229556 ], [ -59.229176398822545, -61.875056527667077 ], [ -56.062489387103767, -61.125056527667049 ], [ -54.729176398822545, -60.729182504229549 ], [ -54.02080237538496, -60.979182504229584 ], [ -53.770802375385017, -61.354182504229513 ], [ -54.458302375385017, -61.520930551104556 ], [ -54.724610355008309, -61.58608514243214 ], [ -58.37498938710371, -62.479182504229556 ], [ -60.541676398822489, -63.083430551104556 ] ] ] } },
{ "type": "Feature", "properties": { "NAME": "Elephant Island", "FEATURECLA": "Island", "SCALERANK": 5 }, "geometry": { "type": "MultiPolygon", "coordinates": [ [ [ [ -55.391651984760017, -61.088677667193423 ], [ -55.391651564459409, -61.088679348422353 ], [ -55.391651984760017, -61.088679574542098 ], [ -55.391651984760017, -61.088677667193423 ] ] ], [ [ [ -54.670996093749977, -61.116992187500045 ], [ -54.709960937499943, -61.139746093749977 ], [ -55.0576171875, -61.168652343750011 ], [ -55.165429687500023, -61.220410156249955 ], [ -55.26497162860057, -61.241685168522324 ], [ -55.3401651561039, -61.216620659354568 ], [ -55.346923828124943, -61.211621093749955 ], [ -55.369140624999943, -61.146386718749966 ], [ -55.37855722176721, -61.141057545854203 ], [ -55.390155220058404, -61.094664820492511 ], [ -55.391651564459409, -61.088679348422353 ], [ -55.364463745173978, -61.074052428396513 ], [ -54.670996093749977, -61.116992187500045 ] ] ] ] } },
{ "type": "Feature", "properties": { "NAME": "South Orkney Islands", "FEATURECLA": "Island group", "SCALERANK": 5 }, "geometry": { "type": "Polygon", "coordinates": [ [ [ -44.864552375385045, -60.645808480792027 ], [ -44.55205237538496, -60.614558480792056 ], [ -44.40623938710371, -60.677058480792084 ], [ -44.427052375384989, -60.791560433917056 ], [ -45.145802375385045, -60.78118445735457 ], [ -45.906239387103767, -60.656184457354506 ], [ -46.072926398822517, -60.593684457354563 ], [ -45.958302375385017, -60.489558480792077 ], [ -45.437489387103767, -60.45830657344343 ], [ -45.437489387103767, -60.45830848079202 ], [ -45.302052375384989, -60.510310433917041 ], [ -44.864552375385045, -60.645808480792027 ] ] ] } },
{ "type": "Feature", "properties": { "NAME": "South Sandwich Islands", "FEATURECLA": "Island group", "SCALERANK": 6 }, "geometry": { "type": "Polygon", "coordinates": [ [ [ -27.53307044179121, -59.713191293292006 ], [ -27.709278937885017, -59.411067269854506 ], [ -27.092518683978767, -59.209773324542034 ], [ -26.702259894916239, -58.806941293292034 ], [ -26.727467414447517, -57.925713800005916 ], [ -27.293934699603767, -56.89360930781838 ], [ -27.847767707416295, -56.880913995318458 ], [ -28.376454230853767, -56.818047784380937 ], [ -28.225392219135017, -56.478204034380894 ], [ -27.759632941791267, -56.100518487505951 ], [ -27.33165442616621, -56.138238214068409 ], [ -27.016957160541239, -56.415215753130937 ], [ -26.475697394916267, -56.880913995318458 ], [ -26.11064612538496, -57.623589776568416 ], [ -25.921803351947517, -58.378962777667063 ], [ -26.16100012929121, -59.008357308917034 ], [ -26.941456672260017, -59.70061805110452 ], [ -27.53307044179121, -59.713191293292006 ] ] ] } },
{ "type": "Feature", "properties": { "NAME": "South Georgia", "FEATURECLA": "Island", "SCALERANK": 5 }, "geometry": { "type": "Polygon", "coordinates": [ [ [ -36.311474609374955, -54.69375 ], [ -36.319844268942511, -54.686080348323571 ], [ -36.432606574603767, -54.564996026568444 ], [ -36.455422218203054, -54.557390812035344 ], [ -36.472070312500023, -54.534472656249989 ], [ -36.506542968749898, -54.511230468749943 ], [ -36.628124999999898, -54.49609375 ], [ -36.693231991033095, -54.478120887758664 ], [ -36.741467333926508, -54.462042440127526 ], [ -36.823876953125023, -54.404296875 ], [ -36.851708984374966, -54.366015625000045 ], [ -36.885986328124943, -54.339453124999977 ], [ -37.006738281250023, -54.340917968749977 ], [ -37.082812499999989, -54.311523437499943 ], [ -37.158105468749966, -54.271484374999943 ], [ -37.497656249999977, -54.15585937499992 ], [ -37.630908203124989, -54.16748046875 ], [ -37.692285156249966, -54.134765625 ], [ -37.689013671874932, -54.076757812499977 ], [ -37.618847656249955, -54.04208984374992 ], [ -37.912792968749955, -54.02890624999992 ], [ -38.017431640624977, -54.008007812500011 ], [ -37.945507812499955, -53.99560546875 ], [ -37.535839843749898, -53.99375 ], [ -37.382226562499966, -53.984082031250011 ], [ -37.36875, -54.009179687499966 ], [ -37.232812500000023, -54.060546875 ], [ -37.103320312499989, -54.065625 ], [ -37.006054687499898, -54.1142578125 ], [ -36.928906249999898, -54.081152343749977 ], [ -36.848925781249932, -54.085058593749977 ], [ -36.80517578125, -54.101464843749966 ], [ -36.760058593749989, -54.107714843749989 ], [ -36.703808593749955, -54.108105468750011 ], [ -36.606884765624955, -54.189843750000023 ], [ -36.647412109374955, -54.262304687499977 ], [ -36.541015625, -54.248046875 ], [ -36.448632812500023, -54.308398437500045 ], [ -36.40673828125, -54.303320312499977 ], [ -36.38583984374992, -54.278906249999977 ], [ -36.326464843749989, -54.251171875000011 ], [ -36.285253906249977, -54.288671874999977 ], [ -36.235644531249989, -54.360449218749977 ], [ -36.172607421875, -54.382226562499966 ], [ -36.116894531249955, -54.458300781249989 ], [ -36.073144531250023, -54.554101562499966 ], [ -36.033105468750023, -54.567675781249989 ], [ -35.984227832025809, -54.567954683599361 ], [ -35.913425276924968, -54.709559793801077 ], [ -35.913281249999955, -54.710839843750023 ], [ -35.912637548663945, -54.711135250323125 ], [ -35.870870727576545, -54.794668892497945 ], [ -35.938916015624898, -54.834277343750045 ], [ -36.085498046874932, -54.86679687499992 ], [ -36.123632812499977, -54.852929687500023 ], [ -36.210715431129572, -54.803263047214095 ], [ -36.307887810494172, -54.698919210151736 ], [ -36.311474609374955, -54.69375 ] ] ] } },
{ "type": "Feature", "properties": { "NAME": "East Falkland", "FEATURECLA": "Island", "SCALERANK": 5 }, "geometry": { "type": "MultiPolygon", "coordinates": [ [ [ [ -59.352855911744278, -52.219478060029388 ], [ -59.395654296875023, -52.308007812499966 ], [ -59.532226562499943, -52.236425781249977 ], [ -59.648730468749989, -52.134375 ], [ -59.649169921874943, -52.077246093749977 ], [ -59.536669921874989, -51.970605468749966 ], [ -59.566396846336929, -51.931224736200932 ], [ -59.42949399344058, -51.847246681229059 ], [ -59.308740234374966, -51.780468749999955 ], [ -59.284864875893952, -51.758529231395791 ], [ -59.239001392383599, -51.730395952519928 ], [ -59.180029296874977, -51.7125 ], [ -59.095410156249955, -51.704101562499943 ], [ -59.059521484375011, -51.685449218749966 ], [ -59.065380859374955, -51.650195312499989 ], [ -59.099462890624977, -51.589746093750023 ], [ -59.096630859375011, -51.491406249999955 ], [ -58.886669921874955, -51.357910156249943 ], [ -58.917480468749943, -51.272070312499977 ], [ -58.85019531249992, -51.269921874999966 ], [ -58.697509765625, -51.328515625000023 ], [ -58.50625, -51.308105468749943 ], [ -58.425830078124989, -51.32421875 ], [ -58.378710937499989, -51.373046875 ], [ -58.40673828125, -51.418359375000023 ], [ -58.467431640625023, -51.411816406250011 ], [ -58.519238281250011, -51.423925781249977 ], [ -58.508935546875023, -51.483593750000011 ], [ -58.473730468749977, -51.509082031250045 ], [ -58.271582031249977, -51.57470703125 ], [ -58.234521484374966, -51.57861328125 ], [ -58.241113281250023, -51.551074218750045 ], [ -58.276220703124977, -51.506054687500011 ], [ -58.289306640624943, -51.45751953125 ], [ -58.259228515624955, -51.41708984374992 ], [ -58.206445312500023, -51.404687499999966 ], [ -57.976513671875011, -51.384375 ], [ -57.922509765625023, -51.403515625000011 ], [ -57.808496093749966, -51.517968749999966 ], [ -57.915429687499966, -51.533789062499977 ], [ -57.96044921875, -51.583203125000011 ], [ -57.866357421875023, -51.60458984374992 ], [ -57.791796874999932, -51.636132812499966 ], [ -57.831152343749977, -51.6845703125 ], [ -57.838183593749989, -51.709179687500011 ], [ -58.003955078124989, -51.743457031249989 ], [ -58.150927734374989, -51.765429687500045 ], [ -58.21762695312492, -51.822460937500011 ], [ -58.335986328124989, -51.86376953125 ], [ -58.683496093749966, -51.936230468750011 ], [ -58.64306640625, -51.994824218749955 ], [ -58.637695312499943, -52.02304687499992 ], [ -58.652783203125011, -52.099218749999977 ], [ -59.13125, -52.007910156249977 ], [ -59.195849609374989, -52.017675781249977 ], [ -59.068017578124966, -52.173046875000011 ], [ -59.162792968750011, -52.20175781249992 ], [ -59.170049789430706, -52.200310993345418 ], [ -59.372364875384989, -52.147027276568423 ], [ -59.352855911744278, -52.219478060029388 ] ] ], [ [ [ -59.681005859374977, -52.180078125000023 ], [ -59.682666015624932, -52.231640624999955 ], [ -59.74658203125, -52.250878906249966 ], [ -59.764453124999989, -52.2421875 ], [ -59.784863281250011, -52.204687499999977 ], [ -59.785937499999932, -52.156152343750023 ], [ -59.79331054687492, -52.134179687500023 ], [ -59.753222656249932, -52.141406250000045 ], [ -59.681005859374977, -52.180078125000023 ] ] ] ] } },
{ "type": "Feature", "properties": { "NAME": "FALKLAND IS.", "FEATURECLA": "Island group", "SCALERANK": 3 }, "geometry": { "type": "Polygon", "coordinates": [ [ [ -59.324818488666267, -52.434014581255944 ], [ -60.801503058978795, -52.351006768755909 ], [ -61.481984016009989, -51.764947198443387 ], [ -60.892811652728739, -51.35796477656843 ], [ -60.513661262103767, -51.224786065630887 ], [ -59.75523841054121, -51.122247003130958 ], [ -58.74644934804121, -51.124078057818387 ], [ -57.700367805072489, -51.303887628130923 ], [ -57.623646613666267, -51.685845635943437 ], [ -58.58946692616621, -52.209893487505937 ], [ -59.324818488666267, -52.434014581255944 ] ] ] } },
{ "type": "Feature", "properties": { "NAME": "West Falkland", "FEATURECLA": "Island", "SCALERANK": 5 }, "geometry": { "type": "MultiPolygon", "coordinates": [ [ [ [ -59.98974609375, -51.984082031250011 ], [ -60.132275390624955, -51.993847656250011 ], [ -60.19375, -51.982714843750045 ], [ -60.246337890624943, -51.98642578124992 ], [ -60.288281249999955, -52.073730468749943 ], [ -60.353466796875011, -52.139941406250045 ], [ -60.376022401639666, -52.150252539856695 ], [ -60.390067540391328, -52.15454237539268 ], [ -60.45200195312492, -52.160253906249977 ], [ -60.484082031249955, -52.170312500000023 ], [ -60.502612249402013, -52.188917136698862 ], [ -60.520248833143981, -52.194303914644408 ], [ -60.686376953124977, -52.188378906250023 ], [ -60.812207031249955, -52.147753906250045 ], [ -60.961425781249943, -52.057324218750011 ], [ -60.7625, -51.946484374999955 ], [ -60.591064453125, -51.951562500000023 ], [ -60.449755859374989, -51.877148437499955 ], [ -60.334472656249943, -51.839550781250011 ], [ -60.288671874999977, -51.801269531249943 ], [ -60.238476562499955, -51.771972656249943 ], [ -60.238134765624977, -51.733789062499966 ], [ -60.276513671874966, -51.716601562500045 ], [ -60.328320312499955, -51.71835937499992 ], [ -60.379589843750011, -51.735156249999989 ], [ -60.500097656249977, -51.756542968750011 ], [ -60.582519531249943, -51.712695312500045 ], [ -60.528076171874943, -51.696386718749977 ], [ -60.467236328125011, -51.697167968749966 ], [ -60.280957031250011, -51.656054687500045 ], [ -60.245166015624989, -51.638867187500011 ], [ -60.276887480554564, -51.60663365134387 ], [ -60.266957160541295, -51.603326104693409 ], [ -60.291117025462931, -51.592174402651928 ], [ -60.302636718749966, -51.580468750000023 ], [ -60.346414605686235, -51.566650164819258 ], [ -60.466492321658563, -51.511224734474837 ], [ -60.505810546874955, -51.48544921874992 ], [ -60.522753906249932, -51.463183593749989 ], [ -60.518261718750011, -51.427832031249977 ], [ -60.56845703124992, -51.357812500000023 ], [ -60.554762690782539, -51.356899543968872 ], [ -60.496196469577768, -51.366834885066119 ], [ -60.445458984375023, -51.3994140625 ], [ -60.286230468749977, -51.4619140625 ], [ -60.141552734375011, -51.48095703125 ], [ -60.008691406250023, -51.410546875000023 ], [ -59.91708984374992, -51.388085937499966 ], [ -59.841601562499989, -51.4033203125 ], [ -59.78842773437492, -51.445996093749955 ], [ -59.711328125000023, -51.439257812499989 ], [ -59.605017832717266, -51.418005284325147 ], [ -59.600392219134989, -51.419122003130951 ], [ -59.594132035720726, -51.415829100792898 ], [ -59.493457031249932, -51.395703125000011 ], [ -59.465087890624943, -51.410546875000023 ], [ -59.387597656249966, -51.35996093749992 ], [ -59.320849609374989, -51.383593750000045 ], [ -59.268066406249943, -51.427539062500045 ], [ -59.2939453125, -51.478515625 ], [ -59.354199218750011, -51.510937499999955 ], [ -59.392431640624977, -51.55615234375 ], [ -59.43701171875, -51.592675781250023 ], [ -59.514208984374989, -51.626562499999977 ], [ -59.573193359374955, -51.680859375000011 ], [ -59.714892578124932, -51.80771484374992 ], [ -59.885610408625787, -51.941495617048595 ], [ -59.929628552907353, -51.971285583270678 ], [ -59.98974609375, -51.984082031250011 ] ] ], [ [ [ -60.111718749999966, -51.395898437499966 ], [ -60.11832107900149, -51.395903140013502 ], [ -60.109856300550163, -51.393081547196388 ], [ -60.111718749999966, -51.395898437499966 ] ] ] ] } },
{ "type": "Feature", "properties": { "NAME": "SOUTH AMERICA", "FEATURECLA": "Continent", "SCALERANK": 0 }, "geometry": { "type": "MultiPolygon", "coordinates": [ [ [ [ -68.258978750819352, -50.103853913048113 ], [ -68.404638671874977, -50.042675781249955 ], [ -68.459512131174563, -50.0 ], [ -68.025346313943572, -50.0 ], [ -68.258978750819352, -50.103853913048113 ] ] ], [ [ [ -68.97958984374992, -50.003027343749977 ], [ -68.934787084494729, -50.0 ], [ -68.665256052059689, -50.0 ], [ -68.597949218749989, -50.009472656249955 ], [ -68.53256835937492, -50.0361328125 ], [ -68.47373046874992, -50.091406249999977 ], [ -68.421875, -50.157910156250011 ], [ -68.46542968749992, -50.194726562500023 ], [ -68.589355468749943, -50.22519531249992 ], [ -68.749853515624977, -50.281152343749966 ], [ -68.939453124999943, -50.38232421875 ], [ -69.044775390624977, -50.499121093749977 ], [ -69.09018554687492, -50.58310546874992 ], [ -69.141406249999989, -50.752539062499977 ], [ -69.154980468749955, -50.864453124999955 ], [ -69.235156249999989, -50.950585937500023 ], [ -69.358593749999955, -51.028125 ], [ -69.351757812500011, -51.045800781249966 ], [ -69.267968749999966, -51.006152343750045 ], [ -69.20102539062492, -50.99365234375 ], [ -69.161920077606027, -51.063895843196526 ], [ -69.213856574603795, -51.135308526568451 ], [ -69.036051437475223, -51.490859650746685 ], [ -69.058300781250011, -51.547167968750045 ], [ -69.218066406249932, -51.561230468750011 ], [ -69.360546875000011, -51.559472656249966 ], [ -69.465429687499977, -51.58447265625 ], [ -69.409082031249966, -51.610253906250023 ], [ -69.313037109374932, -51.601074218749943 ], [ -69.180126953124955, -51.662304687499955 ], [ -69.032519531249989, -51.63623046875 ], [ -68.96533203125, -51.677148437499966 ], [ -68.928761250662674, -51.705404332360168 ], [ -68.617606950428495, -52.327609421750573 ], [ -69.007226562499966, -52.2626953125 ], [ -69.1337890625, -52.211425781249943 ], [ -69.241015624999989, -52.205468749999966 ], [ -69.446875, -52.269433593750023 ], [ -69.560595703124989, -52.421582031250011 ], [ -69.620312500000011, -52.464746093750023 ], [ -69.763330078125023, -52.505566406250011 ], [ -69.9072265625, -52.513574218750023 ], [ -70.390966796874977, -52.660839843750011 ], [ -70.562939453125011, -52.67343749999992 ], [ -70.680322265625023, -52.7125 ], [ -70.795117187499955, -52.76875 ], [ -70.839062499999955, -52.889550781249966 ], [ -70.821191406249966, -52.963085937499955 ], [ -70.952050781249966, -53.226953124999966 ], [ -70.984326171874955, -53.37363281249992 ], [ -70.985107421874943, -53.448339843749977 ], [ -70.947802734374989, -53.570410156249977 ], [ -70.995849609375, -53.779296874999943 ], [ -71.082812499999989, -53.825 ], [ -71.297753906249966, -53.88339843749992 ], [ -71.443896484374989, -53.840917968749977 ], [ -71.693798828125011, -53.803125 ], [ -71.871875, -53.72265625 ], [ -72.10092773437492, -53.665820312500045 ], [ -72.174414062499977, -53.632324218749943 ], [ -72.376806640624977, -53.47119140625 ], [ -72.398242187499989, -53.417773437500045 ], [ -72.412890624999989, -53.35019531249992 ], [ -72.306054687499966, -53.253710937499989 ], [ -72.248632812499977, -53.246679687499977 ], [ -72.081152343749977, -53.249609374999977 ], [ -71.941699218749989, -53.234082031250011 ], [ -71.852734374999955, -53.285742187499977 ], [ -71.828222656249977, -53.398339843749966 ], [ -71.867333984375023, -53.458398437499966 ], [ -71.902783203124955, -53.495507812499966 ], [ -71.89169921874992, -53.523535156249977 ], [ -71.791455078125011, -53.484570312499955 ], [ -71.740527343749932, -53.232617187499955 ], [ -71.400341796875011, -53.107031249999977 ], [ -71.288964843749966, -53.033691406249943 ], [ -71.180224609374932, -52.920507812499977 ], [ -71.163281250000011, -52.888085937500023 ], [ -71.155078124999932, -52.845605468750023 ], [ -71.227148437499977, -52.810644531249977 ], [ -71.387744140624932, -52.76425781249992 ], [ -71.897998046874932, -53.001757812499989 ], [ -72.129101562499955, -53.064355468749966 ], [ -72.278027343750011, -53.132324218749943 ], [ -72.458300781249989, -53.254492187499977 ], [ -72.492578125000023, -53.290625 ], [ -72.530810546874989, -53.371679687499977 ], [ -72.548925781249977, -53.460742187499989 ], [ -72.726806640624943, -53.420019531249977 ], [ -72.998388671874977, -53.290722656250011 ], [ -73.052734375, -53.243457031250045 ], [ -72.998242187500011, -53.177246093749943 ], [ -72.915527343749943, -53.121972656249966 ], [ -72.909912109374943, -52.936523437499943 ], [ -72.88916015625, -52.871582031249943 ], [ -72.831884765624977, -52.819531250000011 ], [ -72.727685546874966, -52.762304687499977 ], [ -72.675976562500011, -52.749023437499943 ], [ -72.632080078124943, -52.773828125000023 ], [ -72.626611328124966, -52.817578124999955 ], [ -72.453466796874977, -52.814453124999943 ], [ -72.117578125000023, -52.65 ], [ -71.979296874999989, -52.64609374999992 ], [ -71.797070312500011, -52.682812499999955 ], [ -71.591210937499966, -52.660742187499977 ], [ -71.554150390625011, -52.643945312500023 ], [ -71.511279296874932, -52.605371093749966 ], [ -71.664746093749955, -52.56005859375 ], [ -71.811914062500023, -52.537011718750023 ], [ -72.22568359374992, -52.520996093749943 ], [ -72.315380859375011, -52.53857421875 ], [ -72.437695312499955, -52.625781250000045 ], [ -72.478271484374943, -52.60400390625 ], [ -72.504394531249943, -52.56005859375 ], [ -72.644824218749989, -52.529101562499989 ], [ -72.712109375000011, -52.535546874999966 ], [ -72.776562499999955, -52.577441406249989 ], [ -72.766015624999966, -52.642578125 ], [ -72.801904296874966, -52.712402343749943 ], [ -72.931884765625, -52.781640625000023 ], [ -73.020263671875, -52.891796875000011 ], [ -73.01611328125, -52.977441406250023 ], [ -73.022998046874989, -53.022070312499977 ], [ -73.055468749999932, -53.045605468749955 ], [ -73.122460937500023, -53.073925781249955 ], [ -73.338183593749989, -53.054687499999943 ], [ -73.459863281250023, -52.964843749999943 ], [ -73.507519531249955, -52.903515624999955 ], [ -73.645214843750011, -52.83701171874992 ], [ -73.345947265625, -52.754296875000023 ], [ -73.240820312499977, -52.70712890624992 ], [ -73.144824218749932, -52.601953125000023 ], [ -73.073193359375011, -52.535058593749966 ], [ -73.123925781249966, -52.487988281249955 ], [ -73.183789062500011, -52.487890624999977 ], [ -73.178173828125011, -52.562695312500011 ], [ -73.244140624999943, -52.6240234375 ], [ -73.382128906249989, -52.595117187500023 ], [ -73.585693359375, -52.685742187500011 ], [ -73.710839843749966, -52.661523437499966 ], [ -73.914697265625023, -52.688183593750011 ], [ -74.014453124999932, -52.639355468750011 ], [ -74.035839843750011, -52.57724609374992 ], [ -73.999902343749966, -52.512597656250023 ], [ -74.037353515625, -52.402929687499977 ], [ -74.093505859374943, -52.376269531250045 ], [ -74.150830078125011, -52.382519531249955 ], [ -74.176562499999989, -52.317187499999989 ], [ -74.238476562500011, -52.202343749999955 ], [ -74.26596679687492, -52.171289062500023 ], [ -74.295654296875, -52.117871093749955 ], [ -74.264941406249989, -52.104882812499966 ], [ -74.19492187499992, -52.12021484374992 ], [ -74.133544921874943, -52.154785156249943 ], [ -74.040234375000011, -52.159179687499943 ], [ -73.834472656249943, -52.23398437499992 ], [ -73.749121093749977, -52.216015625000011 ], [ -73.702783203125023, -52.19882812499992 ], [ -73.68540039062492, -52.13671875 ], [ -73.684326171875, -52.077734374999977 ], [ -73.649023437499977, -52.077734374999977 ], [ -73.5322265625, -52.153125 ], [ -73.457958984374955, -52.14599609375 ], [ -73.326757812499977, -52.165917968749966 ], [ -73.260449218749955, -52.15781249999992 ], [ -73.137353515625023, -52.129687499999989 ], [ -72.94370117187492, -52.046875 ], [ -72.843212890624955, -51.961132812500011 ], [ -72.79501953124992, -51.949511718750045 ], [ -72.735400390624932, -51.960546874999977 ], [ -72.695458984374966, -51.985156250000045 ], [ -72.694824218749943, -52.044726562499989 ], [ -72.649560546875023, -52.099902343750045 ], [ -72.58798828124992, -52.14511718749992 ], [ -72.570849609374989, -52.200097656250023 ], [ -72.583447265624955, -52.254199218750045 ], [ -72.693603515624943, -52.330273437500011 ], [ -72.714013671875023, -52.356738281250045 ], [ -72.677050781249932, -52.384667968749966 ], [ -72.631494140625023, -52.371582031249943 ], [ -72.568701171874977, -52.333984374999943 ], [ -72.532910156250011, -52.282324218749977 ], [ -72.523339843749966, -52.25546874999992 ], [ -72.519335937499989, -52.217089843750045 ], [ -72.524121093749955, -52.170312500000023 ], [ -72.613574218749989, -52.037011718750023 ], [ -72.624755859374943, -52.00693359374992 ], [ -72.62460937499992, -51.946484374999955 ], [ -72.522851562499966, -51.890917968749989 ], [ -72.494140625, -51.847558593749966 ], [ -72.489648437499966, -51.763671875 ], [ -72.542529296874989, -51.70615234374992 ], [ -72.761230468749943, -51.573242187499943 ], [ -73.126757812499989, -51.43994140625 ], [ -73.16875, -51.453906250000045 ], [ -73.197021484375, -51.47802734375 ], [ -73.163378906249989, -51.495605468749943 ], [ -73.114990234375, -51.504492187499977 ], [ -72.789355468749989, -51.614257812499943 ], [ -72.704589843749943, -51.677929687499955 ], [ -72.649072265625023, -51.695019531249955 ], [ -72.583300781249932, -51.7373046875 ], [ -72.600048828125011, -51.799121093750045 ], [ -72.928369140625023, -51.85986328125 ], [ -73.188671875000011, -51.990625 ], [ -73.383251953125011, -52.070019531250011 ], [ -73.518164062499977, -52.041015624999943 ], [ -73.582324218749989, -51.960351562500023 ], [ -73.650292968749966, -51.85625 ], [ -73.752636718749955, -51.79550781249992 ], [ -73.810644531249977, -51.801171875000023 ], [ -73.857568359375023, -51.789941406250023 ], [ -73.894433593749966, -51.7578125 ], [ -73.973242187499977, -51.784472656249989 ], [ -74.146435546875011, -51.712109375000011 ], [ -74.196679687500023, -51.680566406249966 ], [ -74.069580078124943, -51.578710937499977 ], [ -73.929785156249977, -51.617871093750011 ], [ -73.895898437500023, -51.331445312499966 ], [ -73.939501953124932, -51.266308593749955 ], [ -74.121240234375023, -51.195410156249977 ], [ -74.210498046874989, -51.20458984375 ], [ -74.332324218749932, -51.195019531250011 ], [ -74.414355468749932, -51.1625 ], [ -74.507861328124989, -51.149609374999955 ], [ -74.586865234375011, -51.130664062500045 ], [ -74.690087890624966, -51.08652343749992 ], [ -74.814746093749989, -51.062890624999966 ], [ -74.983105468750011, -50.881054687499955 ], [ -75.055322265624966, -50.785546874999966 ], [ -75.094677734375011, -50.68125 ], [ -74.836621093750011, -50.678906250000011 ], [ -74.685742187500011, -50.662011718750023 ], [ -74.648925781249943, -50.618457031250045 ], [ -74.702050781250023, -50.535351562499955 ], [ -74.77587890625, -50.469921874999955 ], [ -74.721679687499943, -50.408496093749989 ], [ -74.644482421875011, -50.360937499999977 ], [ -74.564111328125023, -50.382031250000011 ], [ -74.365576171874977, -50.487890624999977 ], [ -74.331445312500023, -50.559570312499943 ], [ -74.190185546874943, -50.778027343749955 ], [ -74.15610351562492, -50.797460937499977 ], [ -74.139404296875, -50.817773437499966 ], [ -73.847460937499932, -50.94003906249992 ], [ -73.806542968750023, -50.938378906250023 ], [ -73.824609374999966, -50.835839843750023 ], [ -73.740576171874977, -50.696679687499966 ], [ -73.659033203124977, -50.650683593750045 ], [ -73.6181640625, -50.651171875000045 ], [ -73.613964843749955, -50.6279296875 ], [ -73.693261718750023, -50.570019531250011 ], [ -73.654443359375023, -50.49267578125 ], [ -73.679931640625, -50.490234374999943 ], [ -73.750195312500011, -50.539843749999989 ], [ -73.891503906250023, -50.78271484375 ], [ -73.978027343749943, -50.827050781249966 ], [ -74.096728515624989, -50.717089843750045 ], [ -74.164111328124932, -50.637890625000011 ], [ -74.197216796874955, -50.609765625000023 ], [ -74.185595703124989, -50.4853515625 ], [ -73.950341796875023, -50.510546874999989 ], [ -74.031054687499932, -50.469824218749977 ], [ -74.305566406249966, -50.398046874999977 ], [ -74.37412109374992, -50.362988281249955 ], [ -74.425097656249989, -50.35019531249992 ], [ -74.516406249999932, -50.265625 ], [ -74.629589843750011, -50.194042968750011 ], [ -74.434326171874943, -50.065234375000045 ], [ -74.361921639277995, -50.0 ], [ -74.167980139927479, -50.0 ], [ -74.019433593749966, -50.022753906249989 ], [ -73.970040967987785, -50.0 ], [ -68.973707654469337, -50.0 ], [ -68.97958984374992, -50.003027343749977 ] ] ], [ [ [ -67.595275860704348, -53.850761481462982 ], [ -67.502587890624966, -53.921972656249977 ], [ -67.294238281249989, -54.0498046875 ], [ -67.069482421875023, -54.148046874999977 ], [ -66.865136718750023, -54.222558593750023 ], [ -66.670068359374966, -54.31357421874992 ], [ -66.462011718749977, -54.441015624999977 ], [ -66.235644531249932, -54.533496093750045 ], [ -65.992578124999966, -54.598925781250045 ], [ -65.7470703125, -54.653417968749977 ], [ -65.402114829984029, -54.633978833377498 ], [ -65.381642219134989, -54.641289971880944 ], [ -65.389647150938629, -54.645625882978571 ], [ -65.521489321018976, -54.717038849686311 ], [ -65.578556820871398, -54.747949744618971 ], [ -65.884196532726037, -54.913501013639518 ], [ -65.953759765624966, -54.919335937499966 ], [ -66.06064453124992, -54.956738281250011 ], [ -66.172021484374966, -54.975292968750011 ], [ -66.286767578124966, -54.977734374999955 ], [ -66.398681640624943, -55.009375 ], [ -66.511132812500023, -55.032128906250023 ], [ -66.627685546875, -55.01328124999992 ], [ -66.930468749999932, -54.92490234374992 ], [ -67.127099609375023, -54.90380859375 ], [ -67.793261718749932, -54.868652343749943 ], [ -68.007128906249989, -54.848437499999989 ], [ -68.220117187500023, -54.817578125000011 ], [ -68.331689453125023, -54.816308593750023 ], [ -68.491015624999989, -54.836230468749989 ], [ -68.618652343749943, -54.833789062500045 ], [ -68.653222656249966, -54.853613281249977 ], [ -68.803857421875023, -54.853613281249977 ], [ -68.843554687499932, -54.876757812499989 ], [ -69.081640624999977, -54.909863281250011 ], [ -69.486279296874955, -54.85888671875 ], [ -69.587548828124966, -54.812792968750045 ], [ -69.723437499999989, -54.712109375000011 ], [ -69.771826171874977, -54.739160156250023 ], [ -69.899462890624932, -54.78183593749992 ], [ -70.030517578125, -54.815527343749977 ], [ -70.138085937499966, -54.819238281250023 ], [ -70.237792968749943, -54.777539062500011 ], [ -70.259082031249932, -54.75634765625 ], [ -70.28173828125, -54.751757812500045 ], [ -70.49716796874992, -54.8095703125 ], [ -70.735156249999932, -54.750585937499977 ], [ -70.924707031250023, -54.714355468749943 ], [ -71.229248046874943, -54.694140624999989 ], [ -71.44091796875, -54.61962890625 ], [ -71.589909329269972, -54.622124511538715 ], [ -71.861288804501228, -54.483661195919943 ], [ -71.823437499999955, -54.474414062499989 ], [ -71.80014648437492, -54.433984375000023 ], [ -71.715820312499943, -54.443652343750045 ], [ -71.606298828124977, -54.49716796874992 ], [ -71.572753906249943, -54.495312500000011 ], [ -71.500390624999966, -54.44492187499992 ], [ -71.39340820312492, -54.400195312499989 ], [ -71.355224609374943, -54.395410156249966 ], [ -71.158837890625023, -54.450585937500023 ], [ -71.07993164062492, -54.444238281249966 ], [ -70.966455078124966, -54.41953124999992 ], [ -70.946191406250023, -54.398046874999977 ], [ -70.928173828125011, -54.360058593749955 ], [ -70.898242187499932, -54.337890625 ], [ -70.797265624999966, -54.327246093749977 ], [ -70.698828124999977, -54.348828125000011 ], [ -70.687548828124989, -54.414746093750011 ], [ -70.701123046875011, -54.48544921874992 ], [ -70.572998046874943, -54.50439453125 ], [ -70.417919921874955, -54.502246093749989 ], [ -70.310986328125011, -54.528515625000011 ], [ -70.297656249999989, -54.485546874999955 ], [ -70.468310546874932, -54.373242187500011 ], [ -70.539990234374955, -54.303417968750011 ], [ -70.636132812500023, -54.262304687499977 ], [ -70.759863281249977, -54.24130859374992 ], [ -70.863085937499989, -54.11044921874992 ], [ -70.856738281249932, -53.995800781250011 ], [ -70.867724609374932, -53.884179687500023 ], [ -70.644482421875011, -53.822851562499977 ], [ -70.695605468749932, -53.727441406249966 ], [ -70.61875, -53.655078125000045 ], [ -70.531298828124989, -53.627343750000023 ], [ -70.443164062499932, -53.893457031250023 ], [ -70.37973632812492, -53.986718750000023 ], [ -70.46054687499992, -54.005664062499989 ], [ -70.629833984374955, -54.005566406249955 ], [ -70.535302734374966, -54.136132812500023 ], [ -70.379980468749977, -54.1806640625 ], [ -70.246093749999943, -54.27744140624992 ], [ -70.243359375000011, -54.347656249999943 ], [ -70.168994140624989, -54.379296874999966 ], [ -69.990136718750023, -54.381347656249943 ], [ -69.866992187499989, -54.367480468750045 ], [ -69.80908203125, -54.32080078125 ], [ -69.741845703124966, -54.305859374999955 ], [ -69.62167968749992, -54.364062499999989 ], [ -69.419287109374977, -54.407128906249966 ], [ -69.364794921874989, -54.437597656249977 ], [ -69.325097656249966, -54.488183593749966 ], [ -69.322460937500011, -54.542675781249955 ], [ -69.312060546874989, -54.571484374999955 ], [ -69.253173828125, -54.557421875000045 ], [ -69.169189453124943, -54.483300781250023 ], [ -69.127880859374955, -54.457617187499977 ], [ -69.07724609374992, -54.445019531249955 ], [ -69.045214843749989, -54.428417968749955 ], [ -69.044335937499966, -54.40673828125 ], [ -69.19565429687492, -54.354394531249966 ], [ -69.988134765624977, -54.109082031250011 ], [ -70.085595703125023, -54.011132812500023 ], [ -70.151123046874943, -53.888085937500023 ], [ -70.148828125000023, -53.761132812500023 ], [ -70.091113281249989, -53.721777343749977 ], [ -69.949707031249943, -53.671582031249955 ], [ -69.689746093749932, -53.600878906250045 ], [ -69.389941406249989, -53.499414062499966 ], [ -69.352441406249966, -53.47998046875 ], [ -69.35595703125, -53.416308593749989 ], [ -69.3935546875, -53.373437499999966 ], [ -69.512548828124977, -53.341992187499955 ], [ -69.637011718749932, -53.33408203124992 ], [ -69.755615234374943, -53.337207031250045 ], [ -69.87412109374992, -53.350488281250023 ], [ -70.090380859374932, -53.418164062500011 ], [ -70.212841796875011, -53.413964843749966 ], [ -70.329296875000011, -53.377636718750011 ], [ -70.415673828125023, -53.30478515624992 ], [ -70.460253906249989, -53.20625 ], [ -70.4599609375, -53.143359374999989 ], [ -70.443359375, -53.08554687499992 ], [ -70.390673828124989, -53.026464843749977 ], [ -70.320019531250011, -53.000683593749955 ], [ -70.25634765625, -53.004101562499955 ], [ -70.196484374999955, -52.990234375 ], [ -70.160888671875, -52.969921875000011 ], [ -70.130615234374943, -52.942773437499966 ], [ -70.139550781250023, -52.919335937500023 ], [ -70.162744140625023, -52.899023437499977 ], [ -70.259179687500023, -52.857226562500045 ], [ -70.29736328125, -52.81699218749992 ], [ -70.380126953125, -52.751953125 ], [ -70.334912109375011, -52.733789062500023 ], [ -70.189648437500011, -52.7236328125 ], [ -70.08823242187492, -52.7685546875 ], [ -69.993554687500023, -52.8212890625 ], [ -69.935449218749966, -52.821093750000045 ], [ -69.883203125000023, -52.799023437500011 ], [ -69.763574218749966, -52.731347656249966 ], [ -69.663281249999955, -52.646289062500045 ], [ -69.571875, -52.549316406249943 ], [ -69.49838867187492, -52.491406249999955 ], [ -69.4140625, -52.486230468749966 ], [ -69.167041015624932, -52.667578124999977 ], [ -69.079931640624977, -52.67431640625 ], [ -68.789794921875, -52.57675781249992 ], [ -68.757519531250011, -52.582031249999943 ], [ -68.659228515624989, -52.631542968750011 ], [ -68.629931640624932, -52.652636718750045 ], [ -68.571191406249966, -52.69492187499992 ], [ -68.338769531249966, -52.900097656250011 ], [ -68.278222656249966, -52.98398437499992 ], [ -68.240136718750023, -53.081835937499989 ], [ -68.333007812499943, -53.01962890624992 ], [ -68.431152343749943, -53.055273437499977 ], [ -68.479492187499943, -53.11376953125 ], [ -68.520800781249989, -53.177246093749943 ], [ -68.520507812499943, -53.221875 ], [ -68.488525390625, -53.260937499999955 ], [ -68.393115234374932, -53.294921874999943 ], [ -68.1611328125, -53.306445312499989 ], [ -68.144091796874989, -53.319042968750011 ], [ -68.008496093750011, -53.564062499999977 ], [ -67.940283203124977, -53.61875 ], [ -67.861083984375, -53.66220703124992 ], [ -67.700968772155633, -53.771514400573984 ], [ -67.664662238666239, -53.82598235469343 ], [ -67.595275860704348, -53.850761481462982 ] ] ], [ [ [ -67.531820356983147, -55.674380914028966 ], [ -67.512792968749977, -55.662011718750023 ], [ -67.44882812499992, -55.640625 ], [ -67.397363281250023, -55.585156250000011 ], [ -67.374072265624989, -55.589355468749943 ], [ -67.3505859375, -55.612109375000045 ], [ -67.311524675156804, -55.686620396112026 ], [ -67.338490363666239, -55.701226495318373 ], [ -67.531820356983147, -55.674380914028966 ] ] ], [ [ [ -68.293359375000023, -55.521386718749966 ], [ -68.338037109374966, -55.505273437499966 ], [ -68.466699218750023, -55.489062500000045 ], [ -68.594189453124955, -55.45 ], [ -68.693554687500011, -55.452246093749977 ], [ -68.78500976562492, -55.435644531249977 ], [ -68.86704101562492, -55.4501953125 ], [ -68.896142578125023, -55.423828125 ], [ -68.931298828124966, -55.37060546875 ], [ -68.932080078124955, -55.347363281250011 ], [ -68.888964843749932, -55.263281249999977 ], [ -68.890087890625011, -55.2412109375 ], [ -68.912646484374989, -55.238574218749989 ], [ -69.008203125000023, -55.255761718750023 ], [ -69.046826171874955, -55.244335937500011 ], [ -69.150781250000023, -55.183398437500045 ], [ -69.192626953125, -55.171875 ], [ -69.297070312499955, -55.165820312499989 ], [ -69.356152343750011, -55.27392578125 ], [ -69.35922851562492, -55.300683593750023 ], [ -69.299023437500011, -55.369335937499955 ], [ -69.219876648955292, -55.439979352068789 ], [ -69.475150229011689, -55.404532355320548 ], [ -69.508691406250023, -55.370898437500045 ], [ -69.610253906250023, -55.33994140624992 ], [ -69.645898437499966, -55.320898437499977 ], [ -69.656298828124989, -55.29843749999992 ], [ -69.657373046875023, -55.22900390625 ], [ -69.679833984374966, -55.218945312500011 ], [ -69.824023437499932, -55.236523437500011 ], [ -69.853710937499955, -55.219824218749977 ], [ -69.865771484374989, -55.190625 ], [ -69.886767578124932, -55.174121093749989 ], [ -69.979785156249989, -55.1474609375 ], [ -69.987988281249955, -55.130761718749966 ], [ -69.946533203124943, -55.111035156250011 ], [ -69.920849609374955, -55.061132812499977 ], [ -69.884423828124966, -54.882031250000011 ], [ -69.702978515624977, -54.919042968749977 ], [ -68.900781249999966, -55.017773437500011 ], [ -68.653515624999955, -54.957910156250023 ], [ -68.4580078125, -54.959667968750011 ], [ -68.399804687499966, -55.0419921875 ], [ -68.598095703125011, -55.128320312500023 ], [ -68.61328125, -55.155566406250045 ], [ -68.585546874999977, -55.177734374999943 ], [ -68.381738281250023, -55.191601562500011 ], [ -68.330078124999943, -55.219433593750011 ], [ -68.282666015625011, -55.255175781249989 ], [ -68.32275390625, -55.308203124999977 ], [ -68.326562499999966, -55.332714843749955 ], [ -68.305419921875, -55.356640624999955 ], [ -68.152587890624943, -55.436914062499966 ], [ -68.089892578124989, -55.478320312500045 ], [ -68.058300781250011, -55.517968749999966 ], [ -68.045556640625023, -55.5875 ], [ -68.046328485872408, -55.602936904947995 ], [ -68.251150460075223, -55.574495560364149 ], [ -68.293359375000023, -55.521386718749966 ] ] ], [ [ [ -70.538720703124966, -55.134960937500011 ], [ -70.551074218749989, -55.11191406249992 ], [ -70.597460937499932, -55.08203125 ], [ -70.640917968749989, -55.084863281250023 ], [ -70.666918703731383, -55.093053059794677 ], [ -71.123592337778675, -54.860048904001459 ], [ -71.088623046875, -54.867480468750045 ], [ -70.991601562500023, -54.867968750000045 ], [ -70.945117187499989, -54.931347656250011 ], [ -70.927929687499955, -54.942968749999977 ], [ -70.804833984375023, -54.967675781250023 ], [ -70.749316406249989, -54.95273437499992 ], [ -70.615283203124932, -54.945605468749989 ], [ -70.534765624999977, -54.921289062500023 ], [ -70.417529296874989, -54.908886718749955 ], [ -70.28305664062492, -55.06591796875 ], [ -70.2978515625, -55.113769531249943 ], [ -70.40415039062492, -55.165625 ], [ -70.4755859375, -55.177050781250045 ], [ -70.524494122521091, -55.165720971482493 ], [ -70.542587817174038, -55.156489201278404 ], [ -70.538720703124966, -55.134960937500011 ] ] ], [ [ [ -72.781689453124955, -53.954785156250011 ], [ -72.76376953124992, -53.864843749999977 ], [ -72.871728515625023, -53.848535156250023 ], [ -72.936132812499977, -53.860839843749943 ], [ -72.98422851562492, -53.860546875000011 ], [ -73.039453124999966, -53.832812500000045 ], [ -73.067471271189774, -53.868242423234186 ], [ -73.284340834755795, -53.757591170767292 ], [ -73.309557939179044, -53.744724892336428 ], [ -73.314355468750023, -53.729199218749955 ], [ -73.32480468749992, -53.72265625 ], [ -73.350835289051986, -53.723664350751648 ], [ -73.635971879469622, -53.578181875778881 ], [ -73.641503906249966, -53.5703125 ], [ -73.654443206992028, -53.568757429621137 ], [ -73.786263814967441, -53.501499880274039 ], [ -73.6865234375, -53.42685546874992 ], [ -73.447070312499989, -53.410058593749966 ], [ -73.365869140625023, -53.470214843749943 ], [ -73.099365234375, -53.511914062500011 ], [ -73.115332031249977, -53.448046874999989 ], [ -73.110888671874989, -53.425195312500023 ], [ -73.074316406249977, -53.396777343750045 ], [ -73.053613281250023, -53.394433593749966 ], [ -73.022070312499977, -53.41455078125 ], [ -72.970947265624943, -53.423046874999955 ], [ -72.947265624999943, -53.44248046874992 ], [ -72.923242187500023, -53.481640625000011 ], [ -72.896289062499932, -53.562792968749989 ], [ -72.882226562500023, -53.578320312499955 ], [ -72.809375, -53.565332031249966 ], [ -72.685498046875011, -53.557910156249989 ], [ -72.482275390624977, -53.588085937500011 ], [ -72.459228515625, -53.598828124999955 ], [ -72.372900390624977, -53.6875 ], [ -72.306689453124989, -53.725390624999989 ], [ -72.205419921874977, -53.807421874999989 ], [ -72.30625, -53.862109375000045 ], [ -72.365966796875, -53.940820312500023 ], [ -72.369140625, -53.980761718750045 ], [ -72.408544921874977, -54.003808593749966 ], [ -72.470507812499989, -54.027734375000023 ], [ -72.562890624999966, -54.07373046875 ], [ -72.656384039710758, -54.077987471309847 ], [ -72.824701530413435, -53.992108471730141 ], [ -72.781689453124955, -53.954785156250011 ] ] ], [ [ [ -74.422265624999966, -52.860058593750011 ], [ -74.3857421875, -52.92236328125 ], [ -74.369335937500011, -52.931445312499989 ], [ -74.329980468749966, -52.929296874999977 ], [ -74.274609375000011, -52.945507812500011 ], [ -74.065966796874932, -52.965332031249943 ], [ -73.879199218749989, -53.01220703125 ], [ -73.781787109374932, -53.056054687499966 ], [ -73.654003906249955, -53.06982421875 ], [ -73.549267578125011, -53.125683593750011 ], [ -73.504541015624966, -53.140039062500023 ], [ -73.450585937499966, -53.144335937499989 ], [ -73.310351562499932, -53.24765624999992 ], [ -73.302490234375, -53.259472656250011 ], [ -73.143359374999989, -53.34091796874992 ], [ -73.135205078124955, -53.353906249999966 ], [ -73.225732421875023, -53.3583984375 ], [ -73.409375, -53.320507812500011 ], [ -73.501025390624932, -53.318457031249977 ], [ -73.567285156250023, -53.306835937500011 ], [ -73.582812499999989, -53.300195312499966 ], [ -73.595947265625, -53.2529296875 ], [ -73.617089843749966, -53.229687500000011 ], [ -73.793505859374932, -53.120703124999977 ], [ -73.866943359375, -53.096875 ], [ -73.99399414062492, -53.075781249999977 ], [ -74.138574218749966, -53.090527343749955 ], [ -74.236376953124932, -53.076464843750045 ], [ -74.270214843750011, -53.08154296875 ], [ -74.363638655890867, -53.025419080250906 ], [ -74.433978562510205, -52.854590368955314 ], [ -74.422265624999966, -52.860058593750011 ] ] ], [ [ [ -74.909667968749943, -51.65 ], [ -74.822949218749955, -51.630175781249989 ], [ -74.780126953124977, -51.82470703125 ], [ -74.74951171875, -51.851855468750045 ], [ -74.6474609375, -51.866210937499943 ], [ -74.536816406250011, -51.965136718750045 ], [ -74.531835937499977, -51.991992187499989 ], [ -74.665966796874955, -52.160058593750023 ], [ -74.68581349128273, -52.242979714220638 ], [ -74.91234439670859, -51.692822847337816 ], [ -74.909667968749943, -51.65 ] ] ], [ [ [ -75.040332031249932, -51.318164062500045 ], [ -74.881445312499977, -51.279492187499955 ], [ -74.736669921874977, -51.207617187499977 ], [ -74.611572265625, -51.207128906249977 ], [ -74.570507812499955, -51.245410156250045 ], [ -74.558642578124932, -51.277050781250011 ], [ -74.560888671874977, -51.36083984375 ], [ -74.592578124999932, -51.3875 ], [ -74.620361328125, -51.395703125000011 ], [ -74.690722656249932, -51.370214843749977 ], [ -74.730908203124955, -51.367382812500011 ], [ -74.79736328125, -51.411718749999977 ], [ -74.853320312499932, -51.434179687499977 ], [ -74.936669921874966, -51.42832031249992 ], [ -75.031872234252887, -51.402535478005056 ], [ -75.070997565594126, -51.307515022999205 ], [ -75.040332031249932, -51.318164062500045 ] ] ], [ [ [ -75.410337217890714, -50.48104353984337 ], [ -75.303710937499943, -50.483984374999977 ], [ -75.156152343750023, -50.496777343750011 ], [ -75.11533203124992, -50.510449218749955 ], [ -75.160449218749989, -50.554394531249955 ], [ -75.203417968749932, -50.580664062499977 ], [ -75.29233398437492, -50.596875 ], [ -75.302001953124943, -50.679980468750045 ], [ -75.313724632100943, -50.718023879766449 ], [ -75.410511848041267, -50.482964776568423 ], [ -75.410337217890714, -50.48104353984337 ] ] ], [ [ [ -75.376708984375, -50.16796875 ], [ -75.368847656250011, -50.112695312500023 ], [ -75.32666015625, -50.011816406249977 ], [ -75.209667968749955, -50.04541015625 ], [ -75.12255859375, -50.055273437499977 ], [ -75.004248046874977, -50.088671875000045 ], [ -74.875976562499943, -50.10996093749992 ], [ -74.838574218749955, -50.197265624999943 ], [ -74.96337890625, -50.2373046875 ], [ -75.054785156249977, -50.296093750000011 ], [ -75.250390625000023, -50.376269531249989 ], [ -75.307861328125, -50.343066406250045 ], [ -75.397812790858779, -50.343252963034068 ], [ -75.382494972826535, -50.174730205326739 ], [ -75.376708984375, -50.16796875 ] ] ], [ [ [ -74.5947265625, -50.006640624999989 ], [ -74.703369140624943, -50.019238281250011 ], [ -74.762988281249932, -50.011425781250011 ], [ -74.769677209341339, -50.0 ], [ -74.584337854677955, -50.0 ], [ -74.5947265625, -50.006640624999989 ] ] ], [ [ [ -67.424560546874943, -54.968945312500011 ], [ -67.245263671875023, -54.97763671874992 ], [ -67.107324218749966, -55.063574218749977 ], [ -67.085498046874989, -55.115234375 ], [ -67.07993164062492, -55.153808593749943 ], [ -67.109472656249977, -55.192089843750011 ], [ -67.172558593749955, -55.242578125000023 ], [ -67.25742187499992, -55.28183593749992 ], [ -67.339697265624977, -55.292578124999977 ], [ -67.399267578124977, -55.272265624999989 ], [ -67.429394531249955, -55.236523437500011 ], [ -67.443261718750023, -55.201171875 ], [ -67.463476562499977, -55.181738281249977 ], [ -67.494726562499977, -55.177441406249955 ], [ -67.535253906249977, -55.178515624999989 ], [ -67.585205078125, -55.191992187499977 ], [ -67.691455078124989, -55.242968749999989 ], [ -67.736962890625023, -55.256445312499977 ], [ -67.767773437499955, -55.259570312499989 ], [ -68.070019531250011, -55.221093749999966 ], [ -68.099511718749966, -55.206835937499989 ], [ -68.13510742187492, -55.172656250000045 ], [ -68.174316406249943, -55.0712890625 ], [ -68.301367187499977, -54.980664062500011 ], [ -68.10693359375, -54.929394531249955 ], [ -67.874121093749977, -54.929687499999943 ], [ -67.424560546874943, -54.968945312500011 ] ] ], [ [ [ -66.630175781249932, -55.254101562499955 ], [ -66.636621093750023, -55.234375 ], [ -66.624755859375, -55.213085937500011 ], [ -66.599707031249977, -55.193652343749989 ], [ -66.541552734374932, -55.16943359375 ], [ -66.523144531250011, -55.165527343749943 ], [ -66.435791015624943, -55.189746093749989 ], [ -66.472119140625011, -55.22910156249992 ], [ -66.551708984374955, -55.272851562500023 ], [ -66.611132812499989, -55.269921874999966 ], [ -66.630175781249932, -55.254101562499955 ] ] ], [ [ [ -71.143261718750011, -54.3740234375 ], [ -71.304638671874955, -54.31357421874992 ], [ -71.473291015625023, -54.231152343750011 ], [ -71.55810546875, -54.24560546875 ], [ -71.670605468750011, -54.225390624999989 ], [ -71.76123046875, -54.229785156249989 ], [ -71.817578125000011, -54.276464843749977 ], [ -71.948535156249932, -54.300878906249977 ], [ -71.972363281250011, -54.207226562500011 ], [ -72.091552734374943, -54.11875 ], [ -72.21044921875, -54.047753906250023 ], [ -72.146044921874932, -53.938867187499966 ], [ -72.068945312499977, -53.921289062500023 ], [ -71.996484375000023, -53.884863281249977 ], [ -71.705126953124932, -53.92333984375 ], [ -71.554150390625011, -53.9560546875 ], [ -71.39047851562492, -54.03281249999992 ], [ -71.16875, -54.112597656249989 ], [ -71.021923828125011, -54.111816406249943 ], [ -71.022851562500023, -54.161718749999977 ], [ -71.0048828125, -54.246679687499977 ], [ -71.028027343750011, -54.281152343749966 ], [ -71.082958984375011, -54.316308593750023 ], [ -71.11752929687492, -54.36630859374992 ], [ -71.143261718750011, -54.3740234375 ] ] ], [ [ [ -74.338671874999989, -51.89794921875 ], [ -74.423632812499989, -51.845117187500023 ], [ -74.437109374999977, -51.790625 ], [ -74.475390624999932, -51.72568359374992 ], [ -74.45078124999992, -51.724902343750045 ], [ -74.362109374999989, -51.750683593749955 ], [ -74.32568359375, -51.770214843750011 ], [ -74.277050781249955, -51.81162109374992 ], [ -74.13339843749992, -51.870898437500045 ], [ -74.115429687499955, -51.888476562500045 ], [ -74.118896484375, -51.911132812499943 ], [ -74.14218749999992, -51.931054687500023 ], [ -74.172070312499955, -51.942089843749955 ], [ -74.283105468750023, -51.91875 ], [ -74.338671874999989, -51.89794921875 ] ] ] ] } }
]
}
