{
"type": "FeatureCollection",
"name": "seas",
"crs": { "type": "name", "properties": { "name": "urn:ogc:def:crs:OGC:1.3:CRS84" } },
"features": [
{ "type": "Feature", "properties": { "name": "McMurdo Sound", "featurecla": "sound", "scalerank": 5 }, "geometry": { "type": "Polygon", "coordinates": [ [ [ 165.534010044617077, -78.153627211416833 ], [ 165.523984816752517, -78.063658542796674 ], [ 165.417634719095787, -78.041954441234097 ], [ 165.2742326194859, -78.128770847484475 ], [ 165.05042199122974, -78.22612924592238 ], [ 164.628122186540594, -78.315581150219572 ], [ 164.297393019872601, -78.236206150219246 ], [ 163.977774286147309, -78.224010512198362 ], [ 164.107947219090619, -78.146754245922068 ], [ 164.429684686539673, -78.041954441234097 ], [ 164.491593052425486, -77.954156182770248 ], [ 164.420692987320962, -77.883204441233445 ], [ 164.231763950861847, -77.876899916493841 ], [ 164.036530389663113, -77.853077081207346 ], [ 164.045005324559014, -77.774735609852797 ], [ 163.766107619479811, -77.700114841623403 ], [ 163.618984816744756, -77.582137546701063 ], [ 163.607357619479131, -77.387937514148206 ], [ 163.458684523775361, -77.269391778470606 ], [ 163.250170119477758, -77.126506443183615 ], [ 163.086614211273883, -77.032351983547784 ], [ 162.850142857106363, -77.023308607896695 ], [ 162.679197219084898, -77.006927178860153 ], [ 162.450063918302618, -76.955612481594372 ], [ 162.489234653979821, -76.869364516099182 ], [ 162.609330682626165, -76.828591811020956 ], [ 162.762809686533075, -76.745496107895562 ], [ 162.745343052418406, -76.657697849431713 ], [ 162.674442987313995, -76.569331150212577 ], [ 162.824718052418717, -76.463497816878856 ], [ 162.727359653980812, -76.225372816877865 ], [ 162.498226353198703, -76.207906182763253 ], [ 162.436317987313004, -76.15498951609635 ], [ 162.647984653980501, -76.049156182762601 ], [ 162.745343052418406, -75.951746107892404 ], [ 162.815726353200006, -75.845912774558656 ], [ 162.753817987314306, -75.792996107891838 ], [ 162.577601353198958, -75.758114516094793 ], [ 162.352188755541846, -75.686646010235108 ], [ 162.238914015958045, -75.6215853819796 ], [ 162.189718052416112, -75.467072849426913 ], [ 161.903430617519149, -75.404079278463144 ], [ 161.227192824547814, -75.38609588002555 ], [ 161.032941115562636, -75.396121107890195 ], [ 160.910726353192302, -75.33478118275977 ], [ 161.679619989263102, -75.217837416483206 ], [ 161.910303583014041, -75.233702081196867 ], [ 162.087605422207417, -75.261710707499034 ], [ 162.225684849291298, -75.234735609842645 ], [ 162.409859653979566, -75.237371107889544 ], [ 162.533676385750908, -75.167039483540321 ], [ 162.604059686532452, -74.823081150205596 ], [ 162.752216017913184, -74.736264743955232 ], [ 162.961247186533825, -74.655856215309129 ], [ 163.167074416352392, -74.601854343564156 ], [ 163.265518019868438, -74.426206150204052 ], [ 163.397809686535624, -74.382281182755946 ], [ 163.55655968653619, -74.417162774552963 ], [ 163.735411818698452, -74.563768812965037 ], [ 163.935968052423192, -74.567489516090006 ], [ 164.17409305242407, -74.522996107886712 ], [ 164.410616083024109, -74.533589776506545 ], [ 164.688997023780331, -74.568523044735869 ], [ 164.853018019874781, -74.578599949032736 ], [ 165.001174351255514, -74.562683607886868 ], [ 165.302809686543156, -74.593947849423415 ], [ 165.408643019876905, -74.55849781687121 ], [ 165.399651320658194, -74.479122816870884 ], [ 165.263122186543086, -74.426206150204052 ], [ 165.037192824562993, -74.263735447078346 ], [ 164.775761753598402, -74.028245945124269 ], [ 164.905934686541713, -74.002872816869015 ], [ 164.980038690448197, -73.926133314915603 ], [ 164.887951288104006, -73.837766615696481 ], [ 164.749768508155597, -73.558868910617264 ], [ 164.812813755551673, -73.396966648246831 ], [ 165.00484337794822, -73.374745782361273 ], [ 165.129176874042599, -73.382652276501915 ], [ 165.244622023782625, -73.571064548638077 ], [ 165.249893019876339, -73.782162774550457 ], [ 165.346734653991263, -73.879572849420583 ], [ 165.548892857117067, -73.846189874160018 ], [ 165.733532749696025, -73.866860447076803 ], [ 165.913470086936371, -73.822935479628683 ], [ 166.106068150088134, -73.735085544732542 ], [ 165.970572544618875, -73.630854180799844 ], [ 165.860036655946573, -73.592768650200725 ], [ 166.001268345400234, -73.576852309054772 ], [ 166.159553257510282, -73.534012546684806 ], [ 166.428890822615443, -73.527139581190042 ], [ 166.996143019883419, -73.54403777454948 ], [ 167.296693150092807, -73.439806410616782 ], [ 167.534301385770931, -73.447247816866735 ], [ 167.708864374052922, -73.394331150199918 ], [ 167.615795119495175, -73.336608575329876 ], [ 167.225793084988396, -73.275785414522318 ], [ 166.834240757512902, -73.224419040824245 ], [ 166.466976353214562, -72.997456150198275 ], [ 166.452713657902024, -72.936064548635557 ], [ 166.882919956731854, -73.011202081187918 ], [ 167.155409784206967, -73.147162774547851 ], [ 167.852886590850375, -73.122306410615479 ], [ 168.204234654002761, -73.129747816865518 ], [ 168.381484816763958, -73.065669040823593 ], [ 168.736036818718418, -73.091093845511224 ], [ 169.033434686558138, -73.200079441214768 ], [ 169.537744989294623, -73.052439874156846 ], [ 169.711274448930595, -73.330820814913153 ], [ 169.671586948930525, -73.346168715303833 ], [ 169.645128615597088, -73.378983249809238 ], [ 169.659442987341919, -73.41810230905412 ], [ 169.479505650101686, -73.539283542778634 ], [ 169.522397088903944, -73.561504408664092 ], [ 169.709155715206663, -73.625531508273738 ], [ 169.843566115597838, -73.604912611789331 ], [ 169.858914015988518, -73.567860609835975 ], [ 169.275797154007051, -77.454600111804666 ], [ 168.450834588899539, -77.386335544747169 ], [ 167.460765822619493, -77.394293715320089 ], [ 167.083992954779461, -77.321791680814556 ], [ 167.085026483425366, -77.307477309069725 ], [ 167.106730584987901, -77.270476983548775 ], [ 166.987151320664537, -77.186296075345311 ], [ 166.716211786158254, -77.161956475735821 ], [ 166.506147088891822, -77.189500014147399 ], [ 166.413026157901783, -77.251925144355994 ], [ 166.469095086938552, -77.28897714630925 ], [ 166.607226190454725, -77.335537611804185 ], [ 166.62624311753811, -77.376827081205391 ], [ 166.457984653995737, -77.443489678861937 ], [ 166.378609653995426, -77.494287611804836 ], [ 166.216655715192786, -77.524466648263314 ], [ 166.236809523786604, -77.547204278471753 ], [ 166.323574253604562, -77.592162774565651 ], [ 165.534010044617077, -78.153627211416833 ] ], [ [ 163.844449090834274, -74.832589613747373 ], [ 163.976172316746243, -74.832589613747373 ], [ 164.059268019871553, -74.752697849424067 ], [ 164.098438755548813, -74.732027276507367 ], [ 164.208509556330483, -74.607693780413058 ], [ 164.002113885756756, -74.628829441220446 ], [ 163.741768019870307, -74.71140838002286 ], [ 163.737013788099404, -74.733629245908418 ], [ 163.763472121432898, -74.802927341611792 ], [ 163.844449090834274, -74.832589613747373 ] ] ] } },
{ "type": "Feature", "properties": { "name": "Porpoise Bay", "featurecla": "bay", "scalerank": 5 }, "geometry": { "type": "Polygon", "coordinates": [ [ [ 130.578365920128334, -66.208774916447126 ], [ 130.300553420127216, -66.268564548608907 ], [ 130.120616082886869, -66.291302178817347 ], [ 129.975663690308153, -66.344735609807145 ], [ 129.741156040567631, -66.468552341578473 ], [ 129.499930454629151, -66.752721042751489 ], [ 129.236949090695902, -67.04164397569528 ], [ 128.98239098522609, -67.098281345487266 ], [ 128.816251255407764, -67.080297947049672 ], [ 128.627838983271459, -67.107273044705963 ], [ 128.430435011916558, -67.118900241971673 ], [ 127.967982619336652, -67.027898044705637 ], [ 127.540928582876546, -67.05120411566935 ], [ 127.365280389516471, -66.989812514106603 ], [ 126.873682489123809, -66.759077243923386 ], [ 126.664651320503168, -66.497697849391074 ], [ 126.423890822455519, -66.462247816838783 ], [ 130.578365920128334, -66.208774916447126 ] ] ] } },
{ "type": "Feature", "properties": { "name": "Tasman Sea", "featurecla": "sea", "scalerank": 1 }, "geometry": { "type": "Polygon", "coordinates": [ [ [ 166.103432652041391, -50.539085381879261 ], [ 166.101313918317345, -50.539085381879346 ], [ 166.101830682640156, -50.552831312868896 ], [ 166.097076450869309, -50.594120782270103 ], [ 166.073822056338003, -50.678766778364249 ], [ 165.915588820660304, -50.762896010135421 ], [ 165.898638950868673, -50.791989841515651 ], [ 163.78368017475799, -50.0 ], [ 166.166879906871202, -50.0 ], [ 166.103432652041391, -50.539085381879261 ] ] ] } },
{ "type": "Feature", "properties": { "name": "Prydz Bay", "featurecla": "bay", "scalerank": 5 }, "geometry": { "type": "Polygon", "coordinates": [ [ [ 79.138611688151627, -68.152377211376859 ], [ 79.03489708854184, -68.175683282340472 ], [ 78.726388787759362, -68.277795912549237 ], [ 78.56340132031076, -68.393706150179923 ], [ 78.488780552081352, -68.625991713331899 ], [ 78.228434686194902, -68.756164646275124 ], [ 78.015166050126339, -68.892177016067336 ], [ 77.817296990880692, -69.068910414505496 ], [ 77.541034783848403, -69.174226983516348 ], [ 77.191805454419949, -69.205956312943584 ], [ 76.770074090485963, -69.339849949011779 ], [ 76.359969923817658, -69.4901250141166 ], [ 76.111768019519701, -69.487489516069701 ], [ 75.891109653633436, -69.57528777453355 ], [ 75.820726352852006, -69.725614516070664 ], [ 75.635518019517832, -69.848914483519025 ], [ 75.423851352850392, -69.892787774534852 ], [ 75.147640822250281, -69.855219008258615 ], [ 74.570828485008434, -69.879558607868091 ], [ 74.226870151673694, -69.800183607867865 ], [ 73.942184686177796, -69.743081150185276 ], [ 73.67599938344236, -69.825608412555411 ], [ 73.32465132028986, -69.848914483519025 ], [ 73.041567824195027, -70.009731540811316 ], [ 72.821942986954497, -70.096031182738798 ], [ 72.744169956355307, -70.238864841593497 ], [ 72.760551385391778, -70.395496107870215 ], [ 72.622420281875549, -70.472235609823628 ], [ 72.418195021458104, -70.598739516074161 ], [ 72.262597283827262, -70.656927178834806 ], [ 71.904893019502907, -70.706691583131828 ], [ 71.771567824189873, -70.801414483522848 ], [ 71.633953484996624, -70.949002374148478 ], [ 71.464609816376111, -71.154364516076356 ], [ 71.378878615204002, -71.309393812951939 ], [ 71.349268019500727, -71.513670749801747 ], [ 71.276765984995251, -71.623689874151154 ], [ 71.167780389291607, -71.671335544724258 ], [ 71.078845249317311, -71.736964613734926 ], [ 70.73173465361279, -71.822127374151961 ], [ 70.616392856737406, -71.842281182745779 ], [ 70.572984653612167, -71.931164646287797 ], [ 70.294086948532964, -72.055498142382021 ], [ 69.962324253219123, -72.1327544086584 ], [ 69.769726190067303, -72.253418878059932 ], [ 69.554855584597732, -72.37460011178436 ], [ 69.309340854778981, -72.409016615690803 ], [ 69.156947055950326, -72.418525079232481 ], [ 68.419782749306677, -72.514849949024523 ], [ 68.107088657508513, -72.650810642384457 ], [ 67.971593052039253, -72.750287774546308 ], [ 68.015518019487359, -72.918081150197963 ], [ 67.971593052039253, -73.085822849417411 ], [ 67.748815952429055, -73.168350111787532 ], [ 67.321761915968949, -73.300125014131794 ], [ 67.003228387321855, -73.236614678845129 ], [ 66.764586622997996, -73.217029311006485 ], [ 66.569301385367083, -73.209122816865857 ], [ 66.497884555939578, -73.125510349417567 ], [ 66.74655154812811, -73.000091648245188 ], [ 66.892072381462043, -72.948725274547115 ], [ 67.113299188103582, -72.641302178842693 ], [ 67.214895053989352, -72.461364841602432 ], [ 67.281040887322916, -72.290470880013203 ], [ 67.432401157505893, -72.003149916470363 ], [ 67.693780552038135, -71.736964613734926 ], [ 67.873149448523264, -71.579816583135326 ], [ 68.03722212104995, -71.390887546676282 ], [ 68.310797153603147, -71.286656182743599 ], [ 68.447326287718255, -71.251722914514275 ], [ 68.623542921833604, -71.181339613732746 ], [ 68.767978550089339, -71.090854180789691 ], [ 68.872778354777296, -71.03530201607586 ], [ 69.188159621054609, -70.704572849407896 ], [ 69.196634555950396, -70.585510349407414 ], [ 69.250067986940195, -70.430997816854713 ], [ 69.162218052043983, -70.334156182739775 ], [ 69.020934686158029, -70.325164483520979 ], [ 68.757384881469505, -70.370122979614877 ], [ 68.559515822223972, -70.412445977661946 ], [ 67.940897251257894, -70.423039646281779 ], [ 67.65884728380891, -70.326198012166756 ], [ 67.267811720656283, -70.273281345499925 ], [ 67.41648481635994, -70.176956475707868 ], [ 67.57523481636062, -70.088073012165864 ], [ 67.917074415971371, -69.952629083128826 ], [ 68.027145216752984, -69.894389743935903 ], [ 68.177988722613094, -69.837235609821107 ], [ 68.415028517535831, -69.902347914508823 ], [ 68.743638950479948, -69.921364841592293 ], [ 68.920372348918107, -69.911856378050601 ], [ 69.082843052043728, -69.86632944120143 ], [ 69.162218052043983, -69.769539483518699 ], [ 69.188676385377477, -69.654662774533875 ], [ 69.135759718710659, -69.577974949012741 ], [ 68.959026320272386, -69.540406182736604 ], [ 68.879651320272075, -69.469454441199815 ], [ 68.906109653605512, -69.372664483517156 ], [ 69.064859653606135, -69.337162774532658 ], [ 69.371765984987604, -69.331375014115949 ], [ 69.549584588503905, -69.293806247839711 ], [ 69.62947635282714, -69.231329441198923 ], [ 69.614645216759442, -69.153556410599634 ], [ 69.53051598498817, -69.023900241979305 ], [ 69.645341017540801, -68.932381280390388 ], [ 69.546949090457105, -68.856726983515131 ], [ 69.534236688113225, -68.737096042759376 ], [ 69.761768019494383, -68.598448174920335 ], [ 69.927907749312766, -68.535506280388759 ], [ 69.982426385380649, -68.464037774529174 ], [ 69.907288852828259, -68.379391778435021 ], [ 69.788743117150688, -68.279397881950274 ], [ 69.704613885379587, -68.160852146272674 ], [ 69.603018019493703, -68.040704441194123 ], [ 69.655934686160634, -67.864539483511152 ], [ 69.579711948530104, -67.785164483510812 ], [ 79.138611688151627, -68.152377211376859 ] ], [ [ 71.646665887340504, -70.336274916463708 ], [ 71.637157423798811, -70.443658542766201 ], [ 71.65937828968427, -70.497660414511273 ], [ 71.726040887340702, -70.548975111777054 ], [ 71.841382684216256, -70.621993910605482 ], [ 71.929232619112355, -70.633104343548212 ], [ 72.002251417940812, -70.63258757922533 ], [ 72.077905714816183, -70.609281508261716 ], [ 72.097491082654727, -70.574399916464685 ], [ 72.073719923800496, -70.524635512167578 ], [ 72.055684848930611, -70.500812676881068 ], [ 72.000132684216879, -70.456887709432948 ], [ 71.880036655570535, -70.405573012167082 ], [ 71.850942824190184, -70.367487481567963 ], [ 71.838230421846362, -70.312452081177113 ], [ 71.796424188122359, -70.264289646281128 ], [ 71.704853550101035, -70.284391778442654 ], [ 71.646665887340504, -70.336274916463708 ] ], [ [ 68.408672316363919, -72.299979343554881 ], [ 68.46158898303085, -72.299979343554881 ], [ 68.669586623005642, -72.276156508268372 ], [ 68.817226190063565, -72.228562514127574 ], [ 68.840480584594815, -72.165568943163706 ], [ 68.729376255167352, -72.089397881965468 ], [ 68.66689944852638, -72.103143812955111 ], [ 68.566388787718751, -72.189908542773196 ], [ 68.436215854775497, -72.260291843554711 ], [ 68.408672316363919, -72.299979343554881 ] ] ] } },
{ "type": "Feature", "properties": { "name": "Vincennes Bay", "featurecla": "bay", "scalerank": 5 }, "geometry": { "type": "Polygon", "coordinates": [ [ [ 110.997080519659306, -66.057414646264306 ], [ 110.906595086716237, -66.076483249779983 ], [ 110.586976352991002, -66.312489516057013 ], [ 110.622426385543207, -66.524156182724496 ], [ 110.437218052209147, -66.620997816839434 ], [ 109.823922153769246, -66.83369801215278 ], [ 109.463013950642704, -66.908835544705241 ], [ 108.910024448687494, -66.861758314887325 ], [ 108.376103550247791, -66.765950209418151 ], [ 108.158080682408439, -66.638981215277028 ], [ 107.991940952589999, -66.6723125141053 ], [ 107.784976841261113, -66.6638375792094 ], [ 107.66705122277105, -66.580225111761209 ], [ 107.56545535688511, -66.552164809026664 ], [ 107.170699090607599, -66.470154310979524 ], [ 106.386974318468987, -66.41088144314071 ], [ 105.000547316510364, -66.164281508243917 ], [ 104.667182651795514, -66.136789646264646 ], [ 104.360276320414044, -66.057414646264306 ], [ 110.997080519659306, -66.057414646264306 ] ] ] } },
{ "type": "Feature", "properties": { "name": "Davis Sea", "featurecla": "sea", "scalerank": 5 }, "geometry": { "type": "Polygon", "coordinates": [ [ [ 85.419261916041449, -65.072616876078087 ], [ 92.635513950575415, -63.320010674899208 ], [ 99.5014514506029, -63.154956150158959 ], [ 108.876176385536354, -64.046581312922854 ], [ 112.964505649875576, -65.811331475690409 ], [ 112.548045282035304, -65.847866713320769 ], [ 112.130034621226372, -65.900266615664705 ], [ 111.453228387499649, -65.961089776472264 ], [ 110.997080519659306, -66.057414646264306 ], [ 104.360276320414044, -66.057414646264306 ], [ 104.288859490986653, -66.038914483503831 ], [ 103.951205682391532, -65.988064874128654 ], [ 103.763310174578265, -65.989666843529704 ], [ 103.638976678484056, -65.998658542748402 ], [ 103.166447381607128, -65.916648044701247 ], [ 102.674332716891712, -65.865333347435381 ], [ 102.392282749442614, -65.932512709414823 ], [ 102.174259881603149, -65.9542168109774 ], [ 101.47419925334512, -65.951064548607604 ], [ 101.381595086678175, -65.973285414493148 ], [ 101.320720249438324, -66.020879408633959 ], [ 101.327076450610292, -66.100254408634271 ], [ 100.888963657639721, -66.357964776473807 ], [ 100.590997349044784, -66.425195814885541 ], [ 100.211588983157782, -66.473875014104493 ], [ 99.824274123130209, -66.548495782333973 ], [ 99.370244989013912, -66.64848967881872 ], [ 98.859061720782705, -66.670710544704264 ], [ 98.71989708862057, -66.553250014104819 ], [ 98.602953322344121, -66.534698174912052 ], [ 98.46166995645811, -66.49873137803695 ], [ 98.257393019608372, -66.46751881293261 ], [ 97.719751418043671, -66.607200209417499 ], [ 97.388505487052754, -66.578623142360158 ], [ 97.10061608275484, -66.499248142359846 ], [ 96.788955519602524, -66.550614516057905 ], [ 96.423809849028117, -66.599810479599853 ], [ 95.991484816474298, -66.620997816839434 ], [ 95.541176385482942, -66.631023044704108 ], [ 95.248015985091143, -66.571233412542412 ], [ 95.08399498899675, -66.527308445094292 ], [ 94.840030552146771, -66.501366876083779 ], [ 94.586557651755101, -66.543689874130848 ], [ 94.313499383524828, -66.646887709417669 ], [ 94.088603550190584, -66.688693943141857 ], [ 93.964270054096374, -66.689779148219912 ], [ 93.721907586647518, -66.643218682724978 ], [ 93.357847121151195, -66.585496107854937 ], [ 93.074711948624127, -66.571233412542412 ], [ 92.730753615289387, -66.624150079209244 ], [ 92.592157423882583, -66.614641615667551 ], [ 92.48575564979356, -66.604047947047718 ], [ 92.312226190157475, -66.558521010198632 ], [ 92.073532749401267, -66.507723077255662 ], [ 91.777220086639744, -66.537385349391243 ], [ 91.545968052133532, -66.57226694118819 ], [ 91.021555617235691, -66.602962741969634 ], [ 90.547424350957755, -66.734220879990929 ], [ 90.292917921920292, -66.769670912543233 ], [ 89.698638950563719, -66.823104343533032 ], [ 89.352045119182179, -66.818350111762186 ], [ 89.076351352904993, -66.799281508246438 ], [ 88.789547153685049, -66.791891778428692 ], [ 88.314330682328972, -66.817316583116309 ], [ 87.980449253291198, -66.788171075303708 ], [ 87.085103387402143, -66.940048109809496 ], [ 86.946455519563102, -66.985575046658653 ], [ 86.750136753286341, -67.036889743924434 ], [ 86.118289015653517, -67.054873142362027 ], [ 85.710872023464418, -67.161274916451035 ], [ 85.428822056015321, -67.160706475695775 ], [ 85.116593052107845, -67.125773207466537 ], [ 84.748295119163657, -67.102002048612235 ], [ 84.485313755230408, -67.114662774523708 ], [ 84.160940789734326, -67.244318943144037 ], [ 83.903747186217601, -67.291964613717141 ], [ 83.738640985045066, -67.351754245878823 ], [ 85.419261916041449, -65.072616876078087 ] ], [ [ 103.337393019628706, -65.468458347433852 ], [ 103.397182651790359, -65.445152276470139 ], [ 103.379199253352766, -65.426652113709665 ], [ 103.261170281998176, -65.377456150167816 ], [ 103.186032749445786, -65.330327243917608 ], [ 103.181795281997807, -65.307589613709268 ], [ 103.190838657648925, -65.23720631292764 ], [ 103.136836785903853, -65.190645847432705 ], [ 102.892872349054045, -65.129771010192854 ], [ 102.796030714939008, -65.136127211364752 ], [ 102.759547153740954, -65.167856540791973 ], [ 102.788640985121248, -65.236121107849584 ], [ 103.054309523533817, -65.285368747823725 ], [ 103.113013950617329, -65.311827081157134 ], [ 103.124124383560087, -65.338285414490628 ], [ 103.138438755304975, -65.43512704860558 ], [ 103.176007521581226, -65.45471241644421 ], [ 103.337393019628706, -65.468458347433852 ] ], [ [ 101.078926222744627, -65.402829278423155 ], [ 100.883124220790734, -65.377972914490783 ], [ 100.606913690190623, -65.396473077251272 ], [ 100.545005324305038, -65.409185479595038 ], [ 100.409509718835778, -65.465822849386939 ], [ 100.324295281986366, -65.520858249777774 ], [ 100.2703450866737, -65.603385512147909 ], [ 100.292565952559158, -65.651031182720999 ], [ 100.35075361531986, -65.672683607851283 ], [ 100.512190789799632, -65.675370782330475 ], [ 100.547072381596678, -65.701260674908724 ], [ 100.981567824306723, -65.677489516054408 ], [ 101.238192987068174, -65.564731540793616 ], [ 101.258811883552681, -65.527731215272553 ], [ 101.220726352953562, -65.472127374126529 ], [ 101.078926222744627, -65.402829278423155 ] ], [ [ 96.394716017647823, -66.225156345483754 ], [ 96.933959588613533, -66.200816745874278 ], [ 97.015453322337777, -66.16376474392095 ], [ 97.018605584707615, -66.13942514431146 ], [ 97.005376418040868, -66.096585381941509 ], [ 96.931840854889487, -66.058448174910183 ], [ 96.727563918039692, -66.060566908634115 ], [ 96.612738885487175, -66.035710544701743 ], [ 96.500032586658648, -66.04578744899861 ], [ 96.398953485095689, -66.080152276472745 ], [ 96.306866082751554, -66.185985609806494 ], [ 96.394716017647823, -66.225156345483754 ] ], [ [ 92.470407749402881, -65.821925144310256 ], [ 92.601665887424332, -65.808179213320614 ], [ 92.669413690158962, -65.774847914492341 ], [ 92.664607781955823, -65.76053354274751 ], [ 92.633963657606643, -65.730922947044206 ], [ 92.496349318413507, -65.702345879986865 ], [ 92.301632521537641, -65.70658334743473 ], [ 92.248199090547843, -65.739914646263003 ], [ 92.262978550183362, -65.760016778424529 ], [ 92.332845086641925, -65.807094008242444 ], [ 92.470407749402881, -65.821925144310256 ] ], [ [ 85.340455356796298, -66.723110447048199 ], [ 85.314513787785785, -66.776027113715116 ], [ 85.358955519556758, -66.854316908637287 ], [ 85.617182651719276, -66.950641778429343 ], [ 85.622505324245282, -66.965472914497127 ], [ 85.649997186224567, -66.979735609809666 ], [ 85.822493117214862, -66.953277276476243 ], [ 85.937886590522595, -66.894004408637443 ], [ 85.806060011746041, -66.774425144314066 ], [ 85.552638787786663, -66.728381443142013 ], [ 85.340455356796298, -66.723110447048199 ] ] ] } },
{ "type": "Feature", "properties": { "name": "INDIAN OCEAN", "featurecla": "ocean", "scalerank": 0 }, "geometry": { "type": "Polygon", "coordinates": [ [ [ 19.615836622809496, -60.533462416424548 ], [ 19.615836622809496, -50.0 ], [ 163.78368017475799, -50.0 ], [ 165.898638950868673, -50.791989841515651 ], [ 165.88913048732681, -50.807906182661604 ], [ 165.903961623394792, -50.82165211365124 ], [ 165.971140985374149, -50.819533379927307 ], [ 165.971657749697016, -50.819533379927307 ], [ 166.06638065008795, -50.85498341247952 ], [ 166.066380650087922, -60.533462416424527 ], [ 19.615836622809496, -60.533462416424548 ] ], [ [ 73.464901157530136, -53.184350274467974 ], [ 73.588149448546261, -53.184350274467974 ], [ 73.707211948546757, -53.137273044650058 ], [ 73.795061883442742, -53.129883314832398 ], [ 73.837953322244999, -53.112933445040667 ], [ 73.73103478383328, -53.091229343478012 ], [ 73.585513950499291, -53.027202243868366 ], [ 73.388161655576624, -52.999710381889088 ], [ 73.305065952451315, -52.966379083060815 ], [ 73.251115757138479, -52.975887546602586 ], [ 73.253751255185563, -52.989116713269247 ], [ 73.285480584612714, -53.02141448345175 ], [ 73.336278517555598, -53.02983774191528 ], [ 73.413018019508996, -53.146781508191744 ], [ 73.464901157530136, -53.184350274467974 ] ] ] } },
{ "type": "Feature", "properties": { "name": "Lützow-Holm Bay", "featurecla": "bay", "scalerank": 5 }, "geometry": { "type": "Polygon", "coordinates": [ [ [ 40.652330356617512, -68.728621107863546 ], [ 40.652330356617512, -68.730739841587479 ], [ 40.484020216642904, -68.738698012160427 ], [ 40.21576785661577, -68.804843845494077 ], [ 40.04166995622441, -68.86783741645786 ], [ 39.86385135270811, -68.966746107864452 ], [ 39.76225548682234, -69.173141778438179 ], [ 39.70510135270743, -69.425581150184072 ], [ 39.487078484868078, -69.608102309038941 ], [ 39.211384718590892, -69.785920912555241 ], [ 39.018786655439072, -69.924052016071485 ], [ 38.859468214683233, -70.006062514118639 ], [ 38.911868117027183, -70.098149916462731 ], [ 38.885409783693746, -70.171685479614055 ], [ 38.499128452312078, -70.056343682738628 ], [ 38.144576450357505, -69.82400644315436 ], [ 37.78687218603315, -69.725614516070664 ], [ 37.559857618974917, -69.718173109820626 ], [ 37.374649285640857, -69.747835381956122 ], [ 37.114820184077274, -69.810260512164717 ], [ 36.855559523269022, -69.725614516070664 ], [ 36.718461948398641, -69.652027276487047 ], [ 36.585653517408531, -69.637764581174437 ], [ 36.331147088371068, -69.639314874143196 ], [ 36.017884555817744, -69.662104180783913 ], [ 35.567524448394096, -69.659985447059981 ], [ 35.356942986804683, -69.681121107867369 ], [ 35.22465132013744, -69.637247816851556 ], [ 35.131530389147457, -69.486921075314513 ], [ 34.749434848781362, -69.167870782344465 ], [ 34.596007521306802, -69.094283542760849 ], [ 34.058365919742101, -69.110716648229669 ], [ 33.813884718569369, -69.099037774531681 ], [ 33.772078484845139, -69.020231215286543 ], [ 33.88478478367378, -68.979458510208303 ], [ 34.074230584455705, -68.88525237414018 ], [ 34.219234653466771, -68.790581150181467 ], [ 34.200734490706282, -68.728621107863546 ], [ 40.652330356617512, -68.728621107863546 ] ] ] } },
{ "type": "Feature", "properties": { "name": "Ronne Entrance", "featurecla": "channel", "scalerank": 5 }, "geometry": { "type": "Polygon", "coordinates": [ [ [ -75.382835049120132, -71.827966811000977 ], [ -75.353198615200711, -71.87824797962088 ], [ -75.258992479132701, -71.913698012173171 ], [ -75.129878913051442, -71.963979180793189 ], [ -75.024045579717608, -71.988318780402579 ], [ -74.908161180303125, -72.033277276496563 ], [ -74.785920579716731, -72.063456312955026 ], [ -74.663163214807355, -72.069812514126923 ], [ -74.429275682254342, -72.055498142382021 ], [ -74.321840379519557, -72.072448012173737 ], [ -74.209134080690944, -72.142314548632385 ], [ -74.153039313438143, -72.158695977668941 ], [ -73.995348680299458, -72.16980641061167 ], [ -73.899049648723604, -72.152339776497044 ], [ -73.770452846965242, -72.106296075324991 ], [ -74.275822516563608, -72.951412449026236 ], [ -74.335612148725289, -72.919114678843826 ], [ -74.473717414025344, -72.89368987415628 ], [ -75.376995612271116, -72.82015431100487 ], [ -75.690800747363539, -72.872554213348877 ], [ -75.382835049120132, -71.827966811000977 ] ] ] } },
{ "type": "Feature", "properties": { "name": "George VI Sound", "featurecla": "sound", "scalerank": 7 }, "geometry": { "type": "Polygon", "coordinates": [ [ [ -74.574796515588247, -73.611268812961214 ], [ -74.452013312462782, -73.565225111789161 ], [ -74.366307949506648, -73.464146010226273 ], [ -74.467361212853461, -73.427094008272917 ], [ -74.550456915978771, -73.368906345512272 ], [ -74.575313279911114, -73.32761687611108 ], [ -74.615543382450369, -73.311235447074523 ], [ -74.667917446578201, -73.275268650199422 ], [ -74.522396613244297, -73.244004408662875 ], [ -74.499116380496787, -73.229224949027383 ], [ -74.354654914024849, -73.098483575328885 ], [ -74.223965216758756, -72.996887709443115 ], [ -74.275822516563608, -72.951412449026236 ], [ -73.770452846965242, -72.106296075324991 ], [ -73.537082078735182, -72.022166843553833 ], [ -73.572557949503505, -71.980877374152612 ], [ -73.690561082642006, -71.929562676886746 ], [ -73.829725714804027, -71.870289809047961 ], [ -73.775749681275158, -71.849154148240558 ], [ -73.632864345988168, -71.834839776495741 ], [ -73.410087246377856, -71.853391615688508 ], [ -73.166665412066976, -71.904706312954374 ], [ -72.971948615191224, -71.923774916470052 ], [ -72.927506883420222, -71.921656182746119 ], [ -72.412086147741064, -71.662343845505461 ], [ -72.336406012649633, -71.632164809047055 ], [ -72.259149746373225, -71.641156508265766 ], [ -72.045906948520809, -71.73960011178184 ], [ -71.816256883415747, -71.822127374151961 ], [ -71.574411180289786, -71.850704441209317 ], [ -71.464882982047186, -71.838043715297829 ], [ -71.354812181265487, -71.836441745896792 ], [ -70.820891282825869, -71.906308282355425 ], [ -70.844688279896275, -71.945995782355595 ], [ -70.891248745391209, -71.98723357532451 ], [ -71.034134080678285, -72.034362481574703 ], [ -71.106636115183733, -72.047023207486205 ], [ -71.897724778923902, -72.120610447069822 ], [ -71.892453782830074, -72.152856540819926 ], [ -71.661201748323975, -72.249698174934878 ], [ -71.412483079703236, -72.284631443164187 ], [ -71.177536180288257, -72.26401254667978 ], [ -70.945224778920078, -72.229079278450456 ], [ -70.641496548124593, -72.16980641061167 ], [ -70.533027716743959, -72.163450209439773 ], [ -70.424016282824226, -72.167687676887738 ], [ -70.313945482042527, -72.190993747851337 ], [ -70.205993414984874, -72.228045749804593 ], [ -70.427711147733106, -72.322768650195599 ], [ -70.671132982044014, -72.356616713346767 ], [ -70.87274858263072, -72.366641941211441 ], [ -71.605106981071145, -72.358735447070785 ], [ -72.134790412062813, -72.331191908659221 ], [ -72.376093512649788, -72.29631031686219 ], [ -72.618455980098616, -72.275122979622509 ], [ -72.737518480099112, -72.280393975716237 ], [ -72.85500484891466, -72.304216811002831 ], [ -73.086256883420873, -72.407931410612633 ], [ -73.057137213824348, -72.447618910612803 ], [ -73.006881883420533, -72.484154148243164 ], [ -72.887819383420037, -72.546579278451674 ], [ -72.78038408068528, -72.580427341602928 ], [ -72.670313279903581, -72.595775241993607 ], [ -72.530631883418579, -72.589419040821639 ], [ -72.479808112259605, -72.617479343556184 ], [ -72.433247646764556, -72.658252048634495 ], [ -72.367644415970062, -72.66987924590012 ], [ -71.84586747911905, -72.639183445118761 ], [ -71.158493414988698, -72.627039483530154 ], [ -70.92300391303462, -72.613241876108219 ], [ -70.731465216744766, -72.622802016082204 ], [ -70.543595547147618, -72.664608249806378 ], [ -70.063108079697798, -72.625954278451999 ], [ -69.209568447532945, -72.534435316863082 ], [ -69.149236212832164, -72.426483249805415 ], [ -68.640197516541093, -72.210010674934722 ], [ -68.542813279886985, -72.157662449023064 ], [ -68.460802781839845, -72.085160414517603 ], [ -68.394114345967182, -71.975089613735918 ], [ -68.241203782815546, -71.822127374151961 ], [ -68.227974616148799, -71.72533741646923 ], [ -68.252314215758275, -71.313631280399903 ], [ -68.277713182229718, -71.097210381961574 ], [ -68.314222581643889, -70.912002048627514 ], [ -68.335926683206537, -70.855881443158509 ], [ -68.450751715759083, -70.81779591255939 ], [ -68.459200812438809, -70.682868747845333 ], [ -68.553406948506847, -70.58127288195945 ], [ -68.730682949484162, -70.408208510213996 ], [ -69.09104855007152, -70.090191745889797 ], [ -69.233908047142421, -69.909220880003687 ], [ -69.352970547142888, -69.666341648231878 ], [ -69.416997646752549, -69.583245945106569 ], [ -69.427591315372382, -69.573737481564791 ], [ -68.680401780864145, -69.469454441199815 ], [ -68.63753618027809, -69.526608575314668 ], [ -68.469794481058642, -69.64412078234632 ], [ -68.403648647724992, -69.809226983518869 ], [ -68.403131883402096, -70.019808445108268 ], [ -68.12583614772393, -70.249975274536325 ], [ -67.888227912045835, -70.421437676880743 ], [ -67.692451748308116, -70.686021010215129 ], [ -67.598245612239992, -70.84477101021578 ], [ -67.504582078711053, -71.0580396462843 ], [ -67.530006883398585, -71.284537449019581 ], [ -67.460140346939966, -71.526899916468494 ], [ -67.195557013605566, -71.718981215297333 ], [ -67.083910081639033, -71.812102146287316 ], [ -66.95161841497179, -71.897316583136629 ], [ -66.827801683200448, -72.09043141061133 ], [ -67.079672614191054, -72.387829278451107 ], [ -67.306687181249316, -72.611123142384287 ], [ -67.667052781836674, -72.834468682749758 ], [ -68.000417446551552, -72.935496107880368 ], [ -68.821168382427203, -73.105356540823749 ], [ -69.282070482038392, -73.169435316865687 ], [ -69.968385179306779, -73.226537774548177 ], [ -70.322394578722253, -73.274183445121267 ], [ -71.017210049102658, -73.262556247855656 ], [ -71.452713182242377, -73.354643650199748 ], [ -71.697711147738232, -73.353041680798697 ], [ -71.994049648715958, -73.378983249809238 ], [ -72.380873582636724, -73.438204441215731 ], [ -72.687263149695298, -73.452518812960562 ], [ -72.929083014605055, -73.447764581189716 ], [ -73.995891282838528, -73.699635512180322 ], [ -74.197506883425234, -73.695398044732372 ], [ -74.345120612267067, -73.683770847466661 ], [ -74.562084113244453, -73.710745945123051 ], [ -74.574796515588247, -73.611268812961214 ] ], [ [ -73.721256883423393, -73.296404311006825 ], [ -73.682086147746105, -73.224987481579419 ], [ -73.542378913045013, -73.12390838001653 ], [ -73.67415381538936, -73.100602309052903 ], [ -73.83184444852796, -73.113314711396683 ], [ -74.048807949505459, -73.220233249808587 ], [ -74.084257982057665, -73.249327081188909 ], [ -74.134513312461479, -73.27681894316818 ], [ -74.14668311226626, -73.315472914522474 ], [ -74.038214280885597, -73.365754083142477 ], [ -73.974703945598861, -73.375779311007136 ], [ -73.87840491402298, -73.356710707491402 ], [ -73.721256883423393, -73.296404311006825 ] ] ] } },
{ "type": "Feature", "properties": { "name": "Bellingshausen Sea", "featurecla": "sea", "scalerank": 2 }, "geometry": { "type": "Polygon", "coordinates": [ [ [ -71.869173550082678, -68.940856215286203 ], [ -71.990328945590988, -68.970983575312403 ], [ -72.05807674832559, -69.001162611770866 ], [ -72.108874681268475, -69.059918715286699 ], [ -72.137968512648797, -69.114385674922374 ], [ -72.135333014601912, -69.176862481563262 ], [ -72.11417151557842, -69.225541680782214 ], [ -72.080840216750119, -69.267347914506303 ], [ -71.963353847934599, -69.328739516069049 ], [ -71.83369767931427, -69.366825046668168 ], [ -71.742695482048219, -69.422893975704881 ], [ -71.718355882438829, -69.523973077267769 ], [ -71.766492479118625, -69.649391778440133 ], [ -71.852223680290933, -69.807108249794936 ], [ -71.867571580681613, -69.847312514117988 ], [ -71.879224616163413, -69.909220880003687 ], [ -71.85382564969197, -69.969527276488265 ], [ -71.809900682243864, -70.00497730904047 ], [ -71.728406948519591, -70.053656508259436 ], [ -71.696135016553285, -70.067970880004339 ], [ -71.120382046173376, -70.196541843546512 ], [ -71.023540412058452, -70.201296075317359 ], [ -70.926182013620519, -70.192304376098562 ], [ -70.719812181262967, -70.139387709431645 ], [ -70.32769141303217, -70.159489841593171 ], [ -70.23402787950323, -70.180677178832852 ], [ -70.118143480088634, -70.234110609822665 ], [ -69.883196580673655, -70.305010674927161 ], [ -69.618613247339255, -70.398183282349407 ], [ -69.659902716740476, -70.412445977661946 ], [ -69.702225714787545, -70.414564711385879 ], [ -69.975283983017732, -70.36004607531801 ], [ -70.090625779893259, -70.350537611776232 ], [ -70.328234015571269, -70.36113128039608 ], [ -70.562121548124281, -70.403971042766045 ], [ -71.061135016550764, -70.537347914511344 ], [ -71.190248582632023, -70.65956267688172 ], [ -71.172781948517411, -70.712996107871433 ], [ -71.049481981068965, -70.762243747845659 ], [ -70.917190314401722, -70.786066583132168 ], [ -70.660539313424152, -70.81779591255939 ], [ -70.298597581651848, -70.836296075319865 ], [ -70.196459113227007, -70.850610447064696 ], [ -70.093803880479157, -70.882339776491932 ], [ -69.993267381455325, -70.897170912559716 ], [ -69.932935146754573, -70.880221042768 ], [ -69.875781012639806, -70.875983575320035 ], [ -69.830279914006724, -70.913552341596272 ], [ -69.822347581649979, -70.973393650190246 ], [ -69.822864345972874, -71.033700046674824 ], [ -69.835034145777655, -71.092456150190742 ], [ -69.869967414006908, -71.125787449018929 ], [ -69.916527879501928, -71.133693943159642 ], [ -70.267901780870488, -70.964918715294345 ], [ -70.322937181261324, -70.95112110787241 ], [ -70.380608079699101, -70.946366876101564 ], [ -70.740973680286459, -70.992410577273617 ], [ -71.193943447540903, -70.985020847455871 ], [ -71.307709113231454, -71.010962416466384 ], [ -71.504570482047342, -71.111473077274098 ], [ -71.718355882438829, -71.145372816857559 ], [ -72.356533983027248, -71.07498951607603 ], [ -72.710543382442722, -71.072870782352098 ], [ -73.060315314410332, -71.126820977664778 ], [ -72.994686245399663, -71.186610609826474 ], [ -72.90526017931856, -71.223145847456834 ], [ -72.430069546178657, -71.274977309045596 ], [ -72.211529914016324, -71.334766941207278 ], [ -72.621634080684629, -71.388252048629369 ], [ -72.821130947547402, -71.383497816858537 ], [ -73.01956844754821, -71.368666680790739 ], [ -73.397400682250179, -71.321021010217649 ], [ -73.474114345987516, -71.324741713342632 ], [ -73.604287278930713, -71.350683282353145 ], [ -73.616999681274507, -71.396726983525198 ], [ -73.592117479126017, -71.448041680791064 ], [ -73.379934048135567, -71.527933445114286 ], [ -73.4270371161696, -71.558629245895645 ], [ -73.478894415974537, -71.578731378057256 ], [ -73.545557013630997, -71.572891941208269 ], [ -73.724409145793175, -71.516823012171557 ], [ -73.937135179322723, -71.437964776494113 ], [ -74.040849778932426, -71.410472914514926 ], [ -74.187429979128382, -71.382929376103363 ], [ -74.236135016563452, -71.388252048629369 ], [ -74.308094448529914, -71.399879245895079 ], [ -74.374757046186375, -71.415227146285758 ], [ -74.425554979129373, -71.457033380009861 ], [ -74.420283983035546, -71.507314548629864 ], [ -74.380053880496291, -71.579248142380152 ], [ -74.373180915001512, -71.617902113734445 ], [ -74.391706915978205, -71.638004245895971 ], [ -74.418682013634509, -71.643275241989784 ], [ -74.487489183231077, -71.641724949021039 ], [ -74.636162278934876, -71.617385349411563 ], [ -74.863176845993024, -71.543281345504965 ], [ -75.099725714809153, -71.55547698352585 ], [ -75.292349616177063, -71.614698174932357 ], [ -75.335215216763117, -71.645393975713716 ], [ -75.353198615200711, -71.679810479620159 ], [ -75.324621548143284, -71.725854180792197 ], [ -75.330977749315252, -71.75231251412562 ], [ -75.373300747362237, -71.78037281686008 ], [ -75.382835049120132, -71.827966811000977 ], [ -75.690800747363539, -72.872554213348877 ], [ -75.731030849902794, -72.879427178843656 ], [ -75.701911180306269, -72.911156508270892 ], [ -75.600315314420499, -72.952445977672099 ], [ -75.439446580695915, -72.994252211396201 ], [ -75.243644578742021, -73.009600111786881 ], [ -75.276459113247313, -73.050372816865206 ], [ -75.417225714810371, -73.051406345511054 ], [ -75.46750688343036, -73.101170749808091 ], [ -75.505592414029479, -73.109077243948732 ], [ -75.77441321481183, -73.054041843557883 ], [ -75.89771318226019, -73.056160577281901 ], [ -76.017835049122652, -73.085254408662223 ], [ -76.06227678089374, -73.108560479625851 ], [ -76.096150682260998, -73.150366713349939 ], [ -76.090311245412011, -73.20276661569396 ], [ -76.053285081674943, -73.254598077282722 ], [ -76.003003913054926, -73.28792937611091 ], [ -75.900891282846175, -73.332371107881912 ], [ -74.574796515588247, -73.611268812961214 ], [ -74.562084113244453, -73.710745945123051 ], [ -74.562084113244453, -73.711262709445947 ], [ -74.593839280887806, -73.714983412571016 ], [ -74.855244513636279, -73.657829278456148 ], [ -75.043630947556238, -73.645116876112382 ], [ -75.292866380499959, -73.638760674940485 ], [ -75.595018480110582, -73.711262709445947 ], [ -75.916239183236854, -73.736687514133592 ], [ -76.291410081675821, -73.805468845514071 ], [ -76.754947679334009, -73.78960418080041 ], [ -76.887239346001166, -73.820299981581769 ], [ -77.049167446587717, -73.844122816868364 ], [ -77.134898647759911, -73.817664483534955 ], [ -77.032760179335071, -73.718704115695999 ], [ -76.764481981091791, -73.566310316867231 ], [ -76.850729946586881, -73.460476983533482 ], [ -77.135415412082892, -73.495927016085687 ], [ -77.443923712865313, -73.487968845512768 ], [ -77.845578782853977, -73.514943943169158 ], [ -78.144010179339517, -73.547241713351568 ], [ -78.408076748350936, -73.555716648247383 ], [ -78.786425747375887, -73.507037449028516 ], [ -78.96370174835323, -73.312268975720386 ], [ -79.521962246402325, -73.089491876110174 ], [ -79.808249681299287, -73.02810027454737 ], [ -80.151665412094928, -73.000091648245188 ], [ -80.442190314439841, -72.944539483531457 ], [ -80.587711147773746, -72.97787078235973 ], [ -80.61416948110724, -73.083704115693479 ], [ -80.439012213853943, -73.224987481579419 ], [ -80.379739346015128, -73.308031508272435 ], [ -80.336356981106093, -73.414433282361443 ], [ -81.024273647775516, -73.235581150199266 ], [ -81.176667446604199, -73.248810316866013 ], [ -81.262398647776507, -73.314956150199578 ], [ -81.235940314443013, -73.473706150200229 ], [ -81.163438279937537, -73.632456150200881 ], [ -81.308959113271442, -73.738289483534629 ], [ -81.606356981111219, -73.795391941217119 ], [ -82.18368608267599, -73.856783542779851 ], [ -82.815507982092583, -73.732450046685628 ], [ -83.04197994661169, -73.707025241997997 ], [ -83.564790412108579, -73.705991713352219 ], [ -83.796042446614678, -73.645116876112382 ], [ -84.214078945639812, -73.572614841606821 ], [ -84.571266445641271, -73.556750176893246 ], [ -84.981370612309547, -73.502231540825292 ], [ -85.260785081711731, -73.413348077283274 ], [ -85.581979946621829, -73.258835544730587 ], [ -85.801578945646128, -73.192172947074113 ], [ -85.980973680347404, -73.208554376110584 ], [ -86.602227749360367, -73.353558445121593 ], [ -86.791130947603307, -73.363635349418544 ], [ -87.037730882500085, -73.354075209444574 ], [ -87.401248745457252, -73.192172947074113 ], [ -87.608703782892974, -73.194808445120941 ], [ -87.93625484897504, -73.240852146292994 ], [ -88.20507564975739, -73.219664809053398 ], [ -88.419377814471773, -73.229224949027383 ], [ -88.560661180357727, -73.120704441214428 ], [ -88.331527879575532, -72.934462579234506 ], [ -88.194481981137528, -72.858808282359249 ], [ -88.193965216814661, -72.787339776499564 ], [ -88.52678727899044, -72.70217701608253 ], [ -88.77974341505913, -72.683108412566867 ], [ -89.127396613302722, -72.693185316863733 ], [ -89.22953508172759, -72.825993747853857 ], [ -89.341182013694208, -72.889504083140622 ], [ -89.522152879580318, -72.870952243947841 ], [ -89.817432013696077, -72.86247730905194 ], [ -90.035454881535543, -72.960404148245033 ], [ -90.152398647811992, -72.944539483531457 ], [ -90.295283983099097, -72.97787078235973 ], [ -90.273579881536421, -73.118585707490496 ], [ -90.430727912136035, -73.242970880017012 ], [ -90.920749681343722, -73.31914194121525 ], [ -91.16840898310258, -73.306997979626658 ], [ -92.241030849968865, -73.178427016084484 ], [ -92.828385179398282, -73.164629408662563 ], [ -93.70574764684963, -73.214910577282552 ], [ -93.984619513712744, -73.286895847465132 ], [ -94.246024746461245, -73.312837416475645 ], [ -94.586288214887077, -73.249327081188909 ], [ -95.029723680383626, -73.238733412569061 ], [ -95.236636115280277, -73.220233249808587 ], [ -95.529253913133005, -73.241368910615961 ], [ -95.591704881557803, -72.412168878060584 ], [ -95.575297614305072, -72.410050144336566 ], [ -95.53085588253407, -72.2486646462891 ], [ -95.609688279995339, -72.175129083137676 ], [ -71.869173550082678, -68.940856215286203 ] ], [ [ -71.340523647736774, -70.317723077270927 ], [ -71.354812181265487, -70.297620945109401 ], [ -71.431551683218885, -70.267441908650937 ], [ -71.647972581657314, -70.295502211385383 ], [ -71.695075649691319, -70.265323174927005 ], [ -71.795069546176052, -70.288629245890604 ], [ -71.78184037950939, -70.318808282349096 ], [ -71.684481981071485, -70.442108249797442 ], [ -71.551130947542276, -70.438904310995355 ], [ -71.437882046174678, -70.391310316854543 ], [ -71.340523647736774, -70.317723077270927 ] ], [ [ -72.201995612258457, -69.739877211383202 ], [ -71.985574713820142, -69.698587741981981 ], [ -72.331135016555891, -69.491726983517651 ], [ -72.464486050085014, -69.452039483517481 ], [ -72.726408047156383, -69.412868747840207 ], [ -72.857123582638678, -69.432970880001733 ], [ -72.937015346961886, -69.468937676876919 ], [ -72.957117479123411, -69.529295749793789 ], [ -72.7766892157764, -69.645154310992183 ], [ -72.344364183222552, -69.707062676877896 ], [ -72.201995612258457, -69.739877211383202 ] ], [ [ -74.806048550094346, -71.011995945112261 ], [ -74.504929979129685, -70.973393650190246 ], [ -74.204896613242994, -70.92414601021602 ], [ -73.694255947550886, -70.794489841595777 ], [ -73.550311245401844, -70.723589776491281 ], [ -73.706425747355581, -70.635223077272229 ], [ -73.879464280884946, -70.578068943157376 ], [ -73.95777991402332, -70.561170749797924 ], [ -74.038214280885597, -70.553212579225004 ], [ -74.112835049115091, -70.576518650188618 ], [ -74.114411180299953, -70.655325209433755 ], [ -74.22499874540452, -70.614604180787737 ], [ -74.401215379519869, -70.575950209433444 ], [ -74.456250779910732, -70.586543878053277 ], [ -74.468420579715428, -70.726793715293354 ], [ -74.527176683231346, -70.769633477663319 ], [ -74.589601813439856, -70.791854343548863 ], [ -74.790700649703666, -70.630985609824279 ], [ -74.898652716761433, -70.590781345501142 ], [ -74.953662278936179, -70.590264581178246 ], [ -75.007638312464962, -70.608764743938735 ], [ -75.037817348923454, -70.650570977662923 ], [ -75.060038214808912, -70.705606378053773 ], [ -75.126700812465458, -70.751650079225811 ], [ -75.209796515590767, -70.772837416465507 ], [ -76.034759080698279, -70.835779310996983 ], [ -76.249061245412662, -70.863839613731443 ], [ -76.377658047171025, -70.894018650189921 ], [ -76.500415412080287, -70.941612644330718 ], [ -76.511551683239219, -70.990808607872566 ], [ -76.421583014619131, -71.09033741646671 ], [ -76.363912116181382, -71.116795749800133 ], [ -76.271307949514295, -71.132660414513794 ], [ -76.176042446584205, -71.132660414513794 ], [ -74.806048550094346, -71.011995945112261 ] ], [ [ -74.987019415980541, -69.727733249794596 ], [ -75.136235114223325, -69.740393975706084 ], [ -75.17910071480938, -69.735122979612356 ], [ -75.264289313442617, -69.749385674924881 ], [ -75.314027879523536, -69.816616713336614 ], [ -75.339969448534049, -69.840439548623209 ], [ -75.681266445605672, -69.881677341592123 ], [ -75.759582078744046, -69.916093845498466 ], [ -75.813041347949934, -69.983841648233181 ], [ -75.804049648731137, -70.038308607868743 ], [ -75.764362148731067, -70.084920749796069 ], [ -75.726793382454844, -70.096031182738798 ], [ -75.268526780890483, -70.149464613728597 ], [ -74.848888312464311, -70.179075209431801 ], [ -74.67163814970317, -70.131997979613985 ], [ -74.578491380497127, -69.998104343545691 ], [ -74.459971483035702, -69.971646010212282 ], [ -74.438267381473139, -69.949425144326739 ], [ -74.465242479129529, -69.917127374144329 ], [ -74.549914313439672, -69.861058445107616 ], [ -74.810260179326207, -69.752589613726968 ], [ -74.987019415980541, -69.727733249794596 ] ], [ [ -91.551512213898377, -72.753491713348396 ], [ -91.382194383493982, -72.867799981578045 ], [ -91.35676957880645, -72.909606215302148 ], [ -91.450433112335389, -72.967793878062793 ], [ -91.510765347036255, -73.195325209443922 ], [ -91.344083014678773, -73.207004083141825 ], [ -91.160450812529547, -73.182096042777175 ], [ -90.9985485501592, -73.136620782360296 ], [ -90.893231981148347, -73.08422088001636 ], [ -90.775745612332713, -72.99321868275041 ], [ -90.750889248400341, -72.916479180796912 ], [ -90.776288214871784, -72.854002374156124 ], [ -90.895350714872279, -72.823875014129925 ], [ -90.779983079780664, -72.731787611785819 ], [ -90.763575812528018, -72.680989678842849 ], [ -90.806984015653171, -72.61060637806132 ], [ -90.947208014677216, -72.556087741993451 ], [ -91.303336147816651, -72.547096042774655 ], [ -91.612361212922025, -72.593656508269589 ], [ -91.670057949575892, -72.623835544728067 ], [ -91.551512213898377, -72.753491713348396 ] ], [ [ -95.219686245488532, -72.66987924590012 ], [ -95.02708818233674, -72.665125014129273 ], [ -94.425936245485389, -72.612725111785338 ], [ -94.433894416058308, -72.588902276498743 ], [ -94.513786180381516, -72.491543878060924 ], [ -94.538125779990992, -72.475679213347263 ], [ -94.566186082725551, -72.468289483529503 ], [ -94.752970547244473, -72.516968682748455 ], [ -95.215474616256785, -72.599495945118591 ], [ -95.273145514694534, -72.64714161569168 ], [ -95.219686245488532, -72.66987924590012 ] ] ] } },
{ "type": "Feature", "properties": { "name": "Marguerite Bay", "featurecla": "bay", "scalerank": 5 }, "geometry": { "type": "Polygon", "coordinates": [ [ [ -67.502489183203238, -67.13745208116444 ], [ -67.550625779883006, -67.269226983508702 ], [ -67.58555904811243, -67.435366713327113 ], [ -67.56491431341172, -67.503114516061729 ], [ -67.544269578711123, -67.53484384548895 ], [ -67.48714128281253, -67.547039483509849 ], [ -67.124114345962084, -67.485079441191843 ], [ -66.923041347914449, -67.491435642363825 ], [ -66.705018480074983, -67.526885674916031 ], [ -66.677500779879608, -67.560268650176596 ], [ -66.770104946546581, -67.593599949004783 ], [ -66.915625779880486, -67.692560316843753 ], [ -67.02145911321432, -67.831724949005761 ], [ -67.106673550063647, -67.930116876089457 ], [ -67.150055914972597, -68.024323012157566 ], [ -66.977534145766214, -68.146537774527872 ], [ -66.79338517929412, -68.240227146273014 ], [ -66.893404913995028, -68.297898044710763 ], [ -67.041044481052865, -68.452927341586346 ], [ -67.116724616144325, -68.574677016066033 ], [ -67.054273647719612, -68.671518650180985 ], [ -67.133648647719951, -68.770995782342823 ], [ -67.299271613215382, -68.770995782342823 ], [ -67.390299648697493, -68.861481215285977 ], [ -67.18762468124882, -68.974704278437457 ], [ -67.02145911321432, -69.028706150182444 ], [ -66.9748986477193, -69.160997816849601 ], [ -67.110368414972442, -69.248279310990654 ], [ -67.304568447525298, -69.31762908312632 ], [ -67.371773647720914, -69.412351983517311 ], [ -68.14064144557554, -69.347756443152491 ], [ -68.461319546162741, -69.384291680782866 ], [ -68.579865281840341, -69.412868747840207 ], [ -68.70791948105952, -69.432454115678837 ], [ -68.680401780864145, -69.469454441199815 ], [ -69.427591315372382, -69.573737481564791 ], [ -69.707522549097462, -69.320781345496101 ], [ -69.855162116155299, -69.276856378047995 ], [ -69.913349778915943, -69.267347914506303 ], [ -70.079515346950529, -69.310704441199164 ], [ -70.050938279893103, -69.18900644315184 ], [ -70.05254024929414, -69.139810479609991 ], [ -70.105456915960957, -68.959356378046778 ], [ -70.154136115179909, -68.922872816848695 ], [ -70.311826748318595, -68.832335707473362 ], [ -70.400736050076716, -68.795852146275195 ], [ -69.137066413027384, -67.518979180775389 ], [ -69.120142381451842, -67.577683607858916 ], [ -69.097378913027313, -67.60259164822358 ], [ -68.982553880474683, -67.679847914499973 ], [ -68.901602749289509, -67.744391778432501 ], [ -68.8185070461642, -67.753383477651298 ], [ -68.733861050070061, -67.745476983510656 ], [ -68.663994513611499, -67.722687676869924 ], [ -68.622188279887325, -67.722687676869924 ], [ -68.580382046163237, -67.732764581166805 ], [ -68.506846483011884, -67.707339776479245 ], [ -68.439641282816353, -67.656025079213379 ], [ -68.381427781839534, -67.555462741973372 ], [ -68.325333014586704, -67.532208347442051 ], [ -68.250195482034343, -67.539598077259797 ], [ -68.175057949481953, -67.558149916452578 ], [ -68.092504848895658, -67.538564548613934 ], [ -67.988247646746856, -67.474537449004373 ], [ -67.969721645770193, -67.450197849394897 ], [ -68.006773647723435, -67.417900079212501 ], [ -68.144362148700509, -67.382450046660196 ], [ -68.234847581643663, -67.371856378040349 ], [ -68.175057949481953, -67.344364516061077 ], [ -68.030053880470945, -67.299871107857783 ], [ -67.956492479103446, -67.255429376086767 ], [ -67.848023647722783, -67.218945814888698 ], [ -67.708316413021691, -67.15703744900307 ], [ -67.502489183203238, -67.13745208116444 ] ], [ [ -67.417817348892981, -67.590396010202696 ], [ -67.556981981054975, -67.604710381947598 ], [ -67.743249681251029, -67.661296075307206 ], [ -67.730537278907235, -67.679331150176992 ], [ -67.689790412045113, -67.687754408640615 ], [ -67.693511115170082, -67.763460381948164 ], [ -67.544812181250194, -67.785164483510812 ], [ -67.349010179296386, -67.766095879995078 ], [ -67.299814215754452, -67.737002048614755 ], [ -67.279686245376723, -67.712094008250091 ], [ -67.149513312433612, -67.650185642364391 ], [ -67.174912278904969, -67.624812514109124 ], [ -67.246897549087635, -67.598870945098611 ], [ -67.417817348892981, -67.590396010202696 ] ] ] } },
{ "type": "Feature", "properties": { "name": "Drake Passage", "featurecla": "channel", "scalerank": 2 }, "geometry": { "type": "MultiPolygon", "coordinates": [ [ [ [ -59.620308803939849, -62.394227390390256 ], [ -59.620316458465936, -62.394229663898727 ], [ -59.660745612208189, -62.354281508228553 ], [ -59.620308803939849, -62.394227390390256 ] ] ], [ [ [ -63.682954881429907, -64.342893975684547 ], [ -63.675952724854483, -64.36237599065845 ], [ -63.67595612531403, -64.362378317624064 ], [ -63.682954881429907, -64.342893975684547 ] ] ], [ [ [ -63.786257910284917, -64.437858836519865 ], [ -63.786281907797616, -64.437875258237 ], [ -63.916325649660166, -64.457202243914139 ], [ -63.786257910284917, -64.437858836519865 ] ] ], [ [ [ -63.903975242419051, -64.518403603766728 ], [ -63.904026658774683, -64.51843881617998 ], [ -64.170832078697572, -64.582104180763622 ], [ -63.903975242419051, -64.518403603766728 ] ] ], [ [ [ -65.653629576853461, -65.59046277912006 ], [ -65.653635626880714, -65.590466404074903 ], [ -65.636634080656506, -65.547833347434107 ], [ -65.653629576853461, -65.59046277912006 ] ] ], [ [ [ -67.303173183853346, -55.697168471092596 ], [ -67.303158299228244, -55.697159276257935 ], [ -67.262245449478229, -55.743935642316771 ], [ -67.303173183853346, -55.697168471092596 ] ] ], [ [ [ -67.937449713803801, -66.656964613714649 ], [ -68.048579881447495, -66.697427260199106 ], [ -68.048579881447495, -66.69740440756857 ], [ -67.937449713803801, -66.656964613714649 ] ] ] ] } },
{ "type": "Feature", "properties": { "name": "Bay Inútil", "featurecla": "bay", "scalerank": 8 }, "geometry": { "type": "Polygon", "coordinates": [ [ [ -70.423473680285156, -53.304497979546618 ], [ -70.417117479113273, -53.30129404074453 ], [ -70.415541347928411, -53.304497979546618 ], [ -70.329293382433235, -53.37751677837506 ], [ -70.212866380479653, -53.414052016005421 ], [ -70.090625779893259, -53.418289483453286 ], [ -69.874204881454858, -53.350541680718671 ], [ -69.755659145777344, -53.337312514051916 ], [ -69.637139248315918, -53.334108575249829 ], [ -69.512779914005506, -53.342066745822848 ], [ -69.393717414005039, -53.373279310927103 ], [ -69.356148647728787, -53.416170749729353 ], [ -69.352453782820021, -53.480197849339 ], [ -69.390022549096159, -53.49921477642237 ], [ -69.689513312443665, -53.60081064230824 ], [ -69.94988501654629, -53.671710707412657 ], [ -70.091168382432244, -53.721991876032661 ], [ -70.148839280869993, -53.761162611709935 ], [ -70.150958014594011, -53.888183282283357 ], [ -70.085871548122412, -54.01091480897653 ], [ -69.987970547145409, -54.10884164816963 ], [ -69.195822516543302, -54.35435637798836 ], [ -69.044462246360382, -54.406756280332296 ], [ -69.045004848899481, -54.428460381894865 ], [ -69.077276780865787, -54.444841810931415 ], [ -69.128074713808672, -54.457554213275188 ], [ -69.169364183209893, -54.483495782285708 ], [ -69.252950812441981, -54.557548109759928 ], [ -69.312223680280766, -54.571294040749564 ], [ -69.322274746361529, -54.542768650124508 ], [ -69.324936082624532, -54.488250014056554 ], [ -69.364623582624716, -54.437452081113662 ], [ -69.419116380476481, -54.407273044655184 ], [ -69.621791347925154, -54.363864841530045 ], [ -69.741913214787701, -54.3056771787694 ], [ -69.809118414983232, -54.32102507916008 ], [ -69.866789313421009, -54.367585544655022 ], [ -69.990089280869341, -54.381331475644657 ], [ -70.168941413031519, -54.379212741920725 ], [ -70.243562181261012, -54.347483412493496 ], [ -70.246197679307926, -54.277616876034855 ], [ -70.380091315376205, -54.18077524191991 ], [ -70.535120612251802, -54.136333510148908 ], [ -70.629843512642793, -54.00564381288271 ], [ -70.460525682238483, -54.00564381288271 ], [ -70.379548712837135, -53.986575209367054 ], [ -70.443059048123786, -53.893454278377085 ], [ -70.531425747342922, -53.627837416396829 ], [ -70.423473680285156, -53.304497979546618 ] ] ] } },
{ "type": "Feature", "properties": { "name": "Estrecho de Magellanes", "featurecla": "strait", "scalerank": 6 }, "geometry": { "type": "Polygon", "coordinates": [ [ [ -74.021807013632866, -52.634564711314781 ], [ -74.016510179323035, -52.632962741913737 ], [ -74.014391445599017, -52.639318943085627 ], [ -73.914914313437151, -52.687998142304586 ], [ -73.710663214803532, -52.661539808971085 ], [ -73.585787116170252, -52.685879408580561 ], [ -73.3820527818595, -52.594877211314618 ], [ -73.243947516559473, -52.62397104269494 ], [ -73.178318447548861, -52.562579441132208 ], [ -73.183615281858692, -52.488010349335013 ], [ -73.123825649697011, -52.488010349335013 ], [ -73.073027716754126, -52.535087579152929 ], [ -73.144987148720588, -52.601750176809396 ], [ -73.240769415973574, -52.707066745820242 ], [ -73.346060146768224, -52.754143975638158 ], [ -73.645034145792863, -52.83723967876346 ], [ -73.507471483031878, -52.903385512097124 ], [ -73.459825812458803, -52.964777113659856 ], [ -73.338127814411479, -53.054745782280023 ], [ -73.131215379514771, -53.072729180717531 ], [ -73.043908047157601, -53.233081150119226 ], [ -73.052899746376397, -53.243623142306774 ], [ -72.998406948524632, -53.290752048556982 ], [ -72.92484554715719, -53.325685316786299 ], [ -72.726950649695453, -53.419839776422045 ], [ -72.549132046179153, -53.460612481500362 ], [ -72.546496548132239, -53.446814874078434 ], [ -72.380330980097739, -53.461646010146225 ], [ -72.376636115188859, -53.471206150120203 ], [ -72.174477912063082, -53.632591648167761 ], [ -72.100942348911644, -53.665922946995948 ], [ -71.871809048129563, -53.722560316787842 ], [ -71.694016282829352, -53.80296884543403 ], [ -71.443721483023694, -53.841054376033149 ], [ -71.297658047150691, -53.883377374080133 ], [ -71.082813279897238, -53.825189711319489 ], [ -70.996048550079166, -53.779146010147443 ], [ -70.947886115183081, -53.570683282282054 ], [ -70.984912278920234, -53.448416843479478 ], [ -70.984395514597367, -53.373796075249992 ], [ -70.952123582631032, -53.227241713270224 ], [ -70.821408047148736, -52.963175144258813 ], [ -70.838874681263462, -52.889639581107488 ], [ -70.794949713815328, -52.768975111705956 ], [ -70.680124681262811, -52.712337741914062 ], [ -70.563180914986248, -52.673218682669081 ], [ -70.391201748318935, -52.661023044648196 ], [ -70.35998918321468, -52.651514581106511 ], [ -69.907019415960235, -52.513383477590359 ], [ -69.763074713811193, -52.505476983449633 ], [ -69.620215216740291, -52.4647042783714 ], [ -69.560399746362521, -52.421296075246175 ], [ -69.446634080671942, -52.269419040740388 ], [ -69.240781012637285, -52.205391941130742 ], [ -69.133888312441485, -52.211231377979743 ], [ -69.007436082623229, -52.262546075245609 ], [ -68.69626644557772, -52.314429213266571 ], [ -68.760836147726451, -52.572656345429074 ], [ -68.762412278911313, -52.581648044647871 ], [ -68.789929979106773, -52.576893812877024 ], [ -69.079912278912616, -52.674252211314943 ], [ -69.167245449485847, -52.667379245820079 ], [ -69.413819546166565, -52.48640837993397 ], [ -69.498491380476793, -52.491162611704816 ], [ -69.57205278184432, -52.549350274465461 ], [ -69.663054979110257, -52.646191908580398 ], [ -69.763617316350263, -52.731406345429725 ], [ -69.883196580673655, -52.799154148164341 ], [ -69.935596483017576, -52.821375014049892 ], [ -69.993784145778221, -52.821375014049892 ], [ -70.087990281846345, -52.768458347382975 ], [ -70.189586147732143, -52.723448174856792 ], [ -70.335106981066133, -52.733525079153743 ], [ -70.380091315376205, -52.752025241914225 ], [ -70.297538214789881, -52.817137546601934 ], [ -70.258910081651692, -52.857341810925078 ], [ -70.162611050075839, -52.899148044649174 ], [ -70.139304979112126, -52.919250176810699 ], [ -70.130855882432485, -52.942556247774313 ], [ -70.161009080674773, -52.970048109753591 ], [ -70.196459113227007, -52.990150241915117 ], [ -70.256248745388689, -53.003947849337045 ], [ -70.319759080675425, -53.000743910534958 ], [ -70.390659145779864, -53.026685479545478 ], [ -70.443575812446767, -53.085441583061389 ], [ -70.459983079699413, -53.143629245822034 ], [ -70.460525682238483, -53.206054376030636 ], [ -70.417117479113273, -53.30129404074453 ], [ -70.423473680285156, -53.304497979546618 ], [ -70.531425747342922, -53.627837416396829 ], [ -70.531425747342922, -53.627268975641655 ], [ -70.618733079699979, -53.655329278376108 ], [ -70.69547258165349, -53.727314548558681 ], [ -70.644674648710492, -53.823070977595556 ], [ -70.867451748320804, -53.8839458148354 ], [ -70.85685807970097, -53.99556690858585 ], [ -70.862697516549957, -54.098247979549789 ], [ -70.864273647734819, -54.098247979549789 ], [ -71.02250688341249, -54.13793547954986 ], [ -71.021964280873505, -54.111993910539425 ], [ -71.168544481069461, -54.112510674862314 ], [ -71.390262213817692, -54.032618910539099 ], [ -71.55430904812826, -53.955879408585687 ], [ -71.705126715772082, -53.923633314835563 ], [ -71.996685146762871, -53.88497934348127 ], [ -72.01521114773945, -53.893971042699974 ], [ -72.211013149693343, -53.802452081111142 ], [ -72.306769578730211, -53.725195814834748 ], [ -72.372915412063804, -53.687627048558518 ], [ -72.459189215775098, -53.598691908584222 ], [ -72.482469448522608, -53.588149916396667 ], [ -72.685661180294261, -53.557970879938281 ], [ -72.809477912065603, -53.565360609756034 ], [ -72.88197994657105, -53.578073012099807 ], [ -72.896268480099764, -53.562725111709121 ], [ -72.923269415972271, -53.481748142307751 ], [ -72.947066413042648, -53.442629083062769 ], [ -72.970889248329257, -53.423043715224217 ], [ -73.022203945595038, -53.41456878032831 ], [ -73.053442348915468, -53.394466648166784 ], [ -73.074061245399974, -53.396585381890716 ], [ -73.083078782834775, -53.403458347385495 ], [ -73.175140346962877, -53.357414646213442 ], [ -73.175140346962877, -53.355812676812398 ], [ -73.135452846962721, -53.353693943088466 ], [ -73.143385179319552, -53.340981540744693 ], [ -73.302677781859188, -53.259539483452727 ], [ -73.310610114216018, -53.247860609754731 ], [ -73.450834113240006, -53.144146010144922 ], [ -73.504810146768875, -53.139908542696972 ], [ -73.54927771675608, -53.12564584738444 ], [ -73.654051683227749, -53.069525241915443 ], [ -73.781563279907971, -53.056296075248781 ], [ -73.879464280884946, -53.012371107800661 ], [ -74.065731981080972, -52.965293877982745 ], [ -74.274763149701641, -52.945708510144108 ], [ -74.329798550092477, -52.929327081107651 ], [ -74.369486050092661, -52.931445814831584 ], [ -74.385867479129189, -52.922454115612787 ], [ -74.422402716759564, -52.859977308971899 ], [ -74.474776780887311, -52.835637709362416 ], [ -74.571618415002348, -52.771093845429888 ], [ -74.634586147749843, -52.747271010143294 ], [ -74.021807013632866, -52.634564711314781 ] ] ] } },
{ "type": "Feature", "properties": { "name": "Seno Otway", "featurecla": "sound", "scalerank": 8 }, "geometry": { "type": "Polygon", "coordinates": [ [ [ -72.546496548132239, -53.446814874078434 ], [ -72.530631883418579, -53.371677341526059 ], [ -72.49252051460337, -53.290752048556982 ], [ -72.458129848913131, -53.254216810926614 ], [ -72.278218349888988, -53.132518812879304 ], [ -72.12897681343, -53.064254245821708 ], [ -71.898267381462972, -53.001829115613113 ], [ -71.387626715770779, -52.76422087993511 ], [ -71.227274746369176, -52.810781345430051 ], [ -71.155315314402714, -52.845714613659368 ], [ -71.163247646759544, -52.888037611706444 ], [ -71.18019751655126, -52.920335381888854 ], [ -71.28918311225479, -53.033558445040342 ], [ -71.400313279898455, -53.107094008191673 ], [ -71.740576748324287, -53.232512709364045 ], [ -71.791374681267172, -53.48443531678695 ], [ -71.891911180291089, -53.523554376031846 ], [ -71.903021613233818, -53.495545749729679 ], [ -71.867571580681613, -53.45849374777643 ], [ -71.828426683220528, -53.398135674859475 ], [ -71.852766282830004, -53.285429376030869 ], [ -71.941649746372008, -53.234114678765089 ], [ -72.081356981073014, -53.249462579155775 ], [ -72.248581915969567, -53.246827081108862 ], [ -72.306252814407344, -53.253700046603726 ], [ -72.413145514603031, -53.350024916395782 ], [ -72.398340216751421, -53.417721042698112 ], [ -72.380330980097739, -53.461646010146225 ], [ -72.546496548132239, -53.446814874078434 ] ] ] } },
{ "type": "Feature", "properties": { "name": "Seno de Skyring", "featurecla": "sound", "scalerank": 8 }, "geometry": { "type": "Polygon", "coordinates": [ [ [ -73.131215379514771, -53.072729180717531 ], [ -73.122223680295974, -53.073762709363393 ], [ -73.055561082639485, -53.045754083061226 ], [ -73.022746548134108, -53.021931247774639 ], [ -73.01587358263933, -52.977489516003629 ], [ -73.020111050087195, -52.891758314831421 ], [ -72.931718512651969, -52.781687514049729 ], [ -72.802088182247843, -52.712337741914062 ], [ -72.766095547156539, -52.642522881887714 ], [ -72.7766892157764, -52.577410577199913 ], [ -72.71211951362767, -52.535604343475818 ], [ -72.663440314408717, -52.530850111704979 ], [ -72.644914313432139, -52.529248142303935 ], [ -72.50417355008517, -52.559943943085301 ], [ -72.478231981074657, -52.603868910533414 ], [ -72.437485114212507, -52.625573012095984 ], [ -72.315244513626141, -52.538808282277905 ], [ -72.225818447544953, -52.520773207408027 ], [ -71.812019415967882, -52.537206312876862 ], [ -71.664896613232855, -52.559943943085301 ], [ -71.511443447542121, -52.605470879934458 ], [ -71.55430904812826, -52.644073174856466 ], [ -71.591361050081503, -52.660506280325308 ], [ -71.79718827990007, -52.682727146210766 ], [ -71.979218512648146, -52.646191908580398 ], [ -72.117349616164404, -52.649912611705467 ], [ -72.453349778926082, -52.814502048555113 ], [ -72.626388312455447, -52.817654310924915 ], [ -72.632227749304462, -52.773729343476795 ], [ -72.676152716752483, -52.74887297954443 ], [ -72.727467414018349, -52.762102146211092 ], [ -72.831724616167236, -52.819773044648848 ], [ -72.8893955146049, -52.871656182669895 ], [ -72.910040249305609, -52.936716810925311 ], [ -72.915311245399323, -53.121925144259464 ], [ -72.998406948524632, -53.177477308973202 ], [ -73.043908047157601, -53.233081150119226 ], [ -73.131215379514771, -53.072729180717531 ] ] ] } },
{ "type": "Feature", "properties": { "name": "Bahía Grande", "featurecla": "bay", "scalerank": 5 }, "geometry": { "type": "MultiPolygon", "coordinates": [ [ [ [ -68.398894415954061, -52.301200046599909 ], [ -68.493617316345137, -52.1974854469901 ], [ -68.690995449484006, -52.013310642301903 ], [ -68.916950649680189, -51.714879245816263 ], [ -68.965087246360071, -51.677310479540118 ], [ -69.032292446555687, -51.636021010138911 ], [ -69.179932013613524, -51.662479343472327 ], [ -69.313283047142733, -51.601087741909595 ], [ -69.409065314395718, -51.610079441128391 ], [ -69.465676845971501, -51.584706312873045 ], [ -69.360386115176766, -51.559281508185499 ], [ -69.218043382428846, -51.561400241909432 ], [ -69.058234015566228, -51.5471375465969 ], [ -69.035470547141585, -51.48889820740397 ], [ -69.029656948508801, -51.446575209356894 ], [ -69.065623745383874, -51.303689874069903 ], [ -69.143422614199352, -51.096829115605473 ], [ -69.201093512637016, -50.993631280318645 ], [ -69.267781948509764, -51.006343682662418 ], [ -69.351911180280922, -51.046031182662581 ], [ -69.358784145775701, -51.027996107792696 ], [ -69.234967414004387, -50.950739841516395 ], [ -69.155075649681152, -50.864491876021205 ], [ -69.141303880475334, -50.752302341515581 ], [ -69.089989183209553, -50.583010349327374 ], [ -69.045004848899481, -50.498829441123917 ], [ -68.939688279888628, -50.382454115602627 ], [ -68.749725714783722, -50.281375014039732 ], [ -68.589373745382034, -50.225254408570734 ], [ -68.465557013610692, -50.194558607789368 ], [ -68.421632046162586, -50.158075046591293 ], [ -68.473489345967522, -50.091412448934825 ], [ -68.532762213806222, -50.036377048543983 ], [ -68.597848680277934, -50.009350274455301 ], [ -68.664806910595686, -50.0 ], [ -68.459662973721663, -50.0 ], [ -68.404708014587044, -50.042733249715866 ], [ -68.257068447529122, -50.104641615601487 ], [ -68.14542151556256, -50.091412448934825 ], [ -67.94770730145747, -50.0 ], [ -67.913313031932162, -50.0 ], [ -68.398894415954061, -52.301200046599909 ] ] ], [ [ [ -68.979375779888784, -50.003045749715703 ], [ -68.973522086741497, -50.0 ], [ -68.934433025245426, -50.0 ], [ -68.979375779888784, -50.003045749715703 ] ] ] ] } },
{ "type": "Feature", "properties": { "name": "Ross Sea", "featurecla": "sea", "scalerank": 1 }, "geometry": { "type": "MultiPolygon", "coordinates": [ [ [ [ 179.999897088945858, -71.939122816860731 ], [ 179.999897088945858, -84.351750176936477 ], [ 179.620488723058742, -84.268137709488201 ], [ 179.402982619542371, -84.206229343602487 ], [ 178.944199253655114, -84.18137297967013 ], [ 178.496009556387691, -84.135846042820958 ], [ 178.352607456777861, -84.126854343602247 ], [ 178.20863691641253, -84.130058282404349 ], [ 177.581078322660034, -84.075022882013499 ], [ 175.910947707418899, -83.972858575372442 ], [ 175.605643345438665, -83.967587579278629 ], [ 175.323128290098992, -83.940044040867065 ], [ 175.187115920306866, -83.877618910658555 ], [ 175.010899286191517, -83.839016615736455 ], [ 173.82239301991072, -83.80987110792384 ], [ 173.661524286186108, -83.761191908704888 ], [ 173.397406040742368, -83.758556410658059 ], [ 172.87413048735479, -83.673393650241024 ], [ 172.450280389696815, -83.675460707532665 ], [ 171.917393019903074, -83.64424814242841 ], [ 171.53689944893793, -83.581306247896919 ], [ 171.289265985395247, -83.555364678886406 ], [ 171.220484654014768, -83.474956150240217 ], [ 171.035793085003689, -83.448497816906794 ], [ 170.817253452841356, -83.435785414563028 ], [ 170.332011753620606, -83.478625176932979 ], [ 169.837726678748851, -83.399250176932668 ], [ 168.109976841502345, -83.362198174979412 ], [ 167.842809686553409, -83.316206150239566 ], [ 167.657601353219235, -83.272281182791531 ], [ 167.674551223011093, -83.23150847771322 ], [ 167.825343052438797, -83.243135674978916 ], [ 167.972982619496548, -83.243135674978916 ], [ 168.240201450877947, -83.229906508312169 ], [ 168.320093215201069, -83.210889581228713 ], [ 168.408511590852555, -83.155337416514982 ], [ 168.481530389680898, -83.126760349457541 ], [ 168.60746585517623, -83.065368747894809 ], [ 168.276219924185312, -82.987027276540346 ], [ 168.092045119497044, -82.974883314951754 ], [ 167.827461786162729, -83.030952243988466 ], [ 167.602049188505504, -83.047385349457301 ], [ 167.404593540718309, -82.998706150238348 ], [ 167.29726159084808, -82.985993747894483 ], [ 167.232614374050883, -82.952094008311036 ], [ 167.271268345405275, -82.879643650237853 ], [ 167.116239048529593, -82.80130217888339 ], [ 166.956972284206046, -82.764766941253029 ], [ 166.742101678736418, -82.756860447112388 ], [ 166.445789015974896, -82.721927178883078 ], [ 165.981734653993868, -82.629839776538887 ], [ 164.980038690448197, -82.384841811043131 ], [ 164.74718468654109, -82.354146010261758 ], [ 164.001597121433889, -82.397037449064015 ], [ 163.268670282238276, -82.463183282397594 ], [ 163.174515822602444, -82.518735447111411 ], [ 163.012045119476824, -82.535116876147967 ], [ 162.643747186532636, -82.481683445158154 ], [ 161.283261753584412, -82.490158380053984 ], [ 161.166317987307963, -82.407579441251571 ], [ 162.426809523771311, -82.314458510261602 ], [ 163.679859653984721, -82.187489516120479 ], [ 163.60255171127605, -82.120775242031726 ], [ 163.004086948903847, -81.968898207525839 ], [ 162.854380324554228, -81.920787449062146 ], [ 162.820997349293663, -81.866268812994193 ], [ 162.576567824553166, -81.83185230908785 ], [ 162.425155877937897, -81.765189711431304 ], [ 161.996034784186321, -81.653000176925673 ], [ 161.730417922206044, -81.610677178878603 ], [ 161.582261590825254, -81.609643650232726 ], [ 160.908090855145389, -81.390018812992338 ], [ 160.469926385742639, -81.34082284945049 ], [ 160.47840132063854, -81.269871107913687 ], [ 160.539792922201258, -81.24186248161152 ], [ 160.716526320639531, -81.19953948356445 ], [ 160.727636753582232, -81.112723077314087 ], [ 160.717043084962398, -80.907412611818486 ], [ 160.607489048503595, -80.901056410646603 ], [ 160.275726353189754, -80.84653777457865 ], [ 160.260378452799074, -80.786748142416954 ], [ 160.50274092024793, -80.779358412599208 ], [ 160.720247023764415, -80.7529000792658 ], [ 160.830317824546199, -80.73016244905736 ], [ 160.823393182619128, -80.674041843588356 ], [ 160.60118452376409, -80.636473077312218 ], [ 160.521241083008505, -80.583556410645301 ], [ 160.603303257488022, -80.507385349447063 ], [ 160.637151320639106, -80.449662774577106 ], [ 160.542428420248172, -80.424806410644649 ], [ 159.064947544591263, -80.442273044759361 ], [ 158.573401320630893, -80.423204441243598 ], [ 158.560172153964146, -80.349152113769378 ], [ 158.767601353183835, -80.293599949055647 ], [ 160.179401483397697, -80.088289483559976 ], [ 160.381559686523502, -80.054389743976515 ], [ 160.5588098492847, -80.010464776528494 ], [ 160.557776320638851, -79.92953948355941 ], [ 160.387399123372489, -79.879775079262288 ], [ 160.1111369163402, -79.892487481606068 ], [ 159.896317987302922, -79.85915618277788 ], [ 159.871926711261068, -79.789806410642129 ], [ 160.264615920247053, -79.73637297965233 ], [ 160.346109653971297, -79.691414483558432 ], [ 160.322803583007698, -79.635293878089442 ], [ 160.083593377928565, -79.632658380042614 ], [ 159.975692987303177, -79.585581150224698 ], [ 160.067780389647368, -79.561189874182929 ], [ 160.209063755533208, -79.554316908688065 ], [ 160.646143019857874, -79.426831150224046 ], [ 160.670482619467435, -79.359083347489417 ], [ 160.567284784180544, -79.302445977697545 ], [ 160.482638788086462, -79.201366876134557 ], [ 160.873674351239032, -79.04948984162877 ], [ 161.190657586917467, -78.978589776524345 ], [ 161.546243117517776, -79.015125014154705 ], [ 161.73723921126853, -79.060083510248603 ], [ 161.864259881841946, -79.061168715326758 ], [ 161.951593052415234, -79.029956150222418 ], [ 161.951593052415234, -78.967996107904497 ], [ 161.813461948899004, -78.907689711419835 ], [ 161.501801385746745, -78.676954441236617 ], [ 161.510276320642589, -78.571121107902883 ], [ 161.669026320643269, -78.536239516105937 ], [ 161.757393019862349, -78.544662774569474 ], [ 161.974330682623673, -78.694421075351329 ], [ 162.639509719084657, -78.897664483555275 ], [ 162.895101353200261, -78.844747816888344 ], [ 163.503126255546391, -78.758448174960961 ], [ 163.901551548516778, -78.717210381992047 ], [ 164.300545282242325, -78.629877211418787 ], [ 164.63499515203543, -78.603418878085279 ], [ 166.116661818707968, -78.571121107902883 ], [ 166.286522251651348, -78.627758477694769 ], [ 166.524647251652283, -78.694989516106489 ], [ 166.850105422226449, -78.679641615715809 ], [ 167.049059686550237, -78.685997816887692 ], [ 167.130553420274424, -78.606054376132192 ], [ 167.058051385769062, -78.518204441236051 ], [ 166.801426223007553, -78.521408380038139 ], [ 166.510384556339687, -78.497585544751558 ], [ 166.208697544619753, -78.451541843579491 ], [ 165.663149448914425, -78.30550424592272 ], [ 165.534010044617077, -78.153627211416833 ], [ 166.323574253604562, -77.592162774565651 ], [ 166.532605422225259, -77.700683282378577 ], [ 166.650531040715265, -77.774218845529902 ], [ 166.72892418850202, -77.850958347483328 ], [ 167.025185174831364, -77.756235447092308 ], [ 167.279794956733355, -77.70280201610251 ], [ 167.392501255561996, -77.648800144357537 ], [ 167.917430454782817, -77.644045912586691 ], [ 168.322780389680332, -77.682648207508691 ], [ 168.51909915595715, -77.681097914539947 ], [ 168.754588657911285, -77.653037611805487 ], [ 169.117047154006485, -77.560433445138415 ], [ 169.353053420283373, -77.524983412586209 ], [ 169.275797154007051, -77.454600111804666 ], [ 169.858914015988518, -73.567860609835975 ], [ 169.960509881874287, -73.514427178846177 ], [ 169.886405877967803, -73.458875014132445 ], [ 169.783259719113261, -73.32446461374127 ], [ 169.739851515988022, -73.32022714629332 ], [ 169.711274448930595, -73.330820814913153 ], [ 169.537744989294623, -73.052439874156846 ], [ 169.545134719112212, -73.050372816865206 ], [ 169.71235965400885, -72.876791680796842 ], [ 169.844651320675922, -72.794781182749603 ], [ 169.828786655962318, -72.728635349416038 ], [ 169.26944095283514, -72.621200046681167 ], [ 168.820114374057226, -72.552418715300675 ], [ 168.621676874056476, -72.472475274545161 ], [ 168.428613723014081, -72.383591811003157 ], [ 168.576253290072003, -72.379354343555207 ], [ 168.718518508171456, -72.384677016081312 ], [ 169.072605422235398, -72.468806247852484 ], [ 169.440386590856718, -72.486789646289992 ], [ 169.77478478421736, -72.533866876107908 ], [ 170.047843052447575, -72.600581150196746 ], [ 170.206593052448198, -72.565079441212248 ], [ 170.285968052448624, -72.4772811827483 ], [ 170.25950971911513, -72.371447849414565 ], [ 170.127218052448001, -72.397906182747974 ], [ 169.953636916379622, -72.40266041451882 ], [ 170.029859654010039, -72.115287774543702 ], [ 170.224059686562924, -71.948114516079528 ], [ 170.409268019896984, -71.948114516079528 ], [ 170.675453322632421, -71.968733412564035 ], [ 170.729920282268154, -71.939122816860731 ], [ 179.999897088945858, -71.939122816860731 ] ], [ [ 166.87180952378904, -78.235120945141176 ], [ 166.93630171128936, -78.222408542797325 ], [ 167.377101678739024, -78.248866876130734 ], [ 167.517351515979186, -78.216052341625442 ], [ 167.642718540719244, -78.141483249828241 ], [ 167.639617954781755, -78.11182097769273 ], [ 167.593574253609717, -78.022420749827745 ], [ 167.49781782457282, -77.992241713369367 ], [ 167.422060174832978, -78.006504408681892 ], [ 167.363924188504626, -78.045675144359166 ], [ 167.137943150092184, -78.129804376130323 ], [ 166.863851353216177, -78.196518650219076 ], [ 166.760136753606304, -78.198068943187849 ], [ 166.566970249699267, -78.147787774567831 ], [ 166.11139082261414, -78.089600111807187 ], [ 166.012947219098152, -78.101795749828085 ], [ 166.012430454775227, -78.131406345531374 ], [ 166.050515985374346, -78.213416843578528 ], [ 166.121984491234031, -78.274808445141346 ], [ 166.284920282250283, -78.306537774568483 ], [ 166.62624311753811, -78.284316908683024 ], [ 166.87180952378904, -78.235120945141176 ] ] ], [ [ [ -107.165106981213341, -71.939122816860731 ], [ -102.127972581779204, -71.939122816860731 ], [ -102.127972581779204, -71.985683282355637 ], [ -102.236441413159824, -72.009454441209968 ], [ -114.623721483196334, -73.90282724395189 ], [ -114.790920579876712, -73.988558445124113 ], [ -114.99096004927857, -74.274845880021161 ], [ -115.105242479292031, -74.455299981584375 ], [ -115.222728848107664, -74.487546075334507 ], [ -116.432939215951009, -74.447341811011455 ], [ -117.068455980276497, -74.473283380021883 ], [ -117.806111213026853, -74.402900079240354 ], [ -118.342176683406592, -74.381712742000758 ], [ -118.65595598028284, -74.392823174943487 ], [ -118.803078783017781, -74.422485447078998 ], [ -119.022677782042081, -74.51772511179297 ], [ -119.422188280090623, -74.621439711402701 ], [ -119.677263149883245, -74.654771010230974 ], [ -121.544151781075655, -74.75001067494496 ], [ -123.889409145993881, -74.773316745908573 ], [ -124.312225715005937, -74.73574797963235 ], [ -124.882656012859826, -74.724120782366725 ], [ -124.935055915203762, -74.200741876114563 ], [ -124.873147549318148, -74.208183282364615 ], [ -124.199519416177424, -74.225649916479313 ], [ -123.982555915199939, -74.255777276505412 ], [ -123.937571580889866, -74.256294040828379 ], [ -123.836492479326964, -74.225649916479313 ], [ -123.838611213050982, -74.168495782364445 ], [ -123.811093512855521, -74.117129408666287 ], [ -123.800525682451863, -74.076408380020354 ], [ -123.851323615394762, -74.056823012181709 ], [ -123.932274746579935, -74.008143812962743 ], [ -124.129136115395895, -73.971091811009501 ], [ -124.151873745604334, -73.944116713353111 ], [ -124.100559048338468, -73.907064711399855 ], [ -124.041828783038738, -73.880606378066432 ], [ -124.128593512856824, -73.834045912571412 ], [ -124.539757046387081, -73.739839776503374 ], [ -124.617555915202459, -73.735085544732542 ], [ -124.694269578939782, -73.749399916477358 ], [ -124.993269416180595, -73.829808445123547 ], [ -125.108611213056022, -73.826087741998492 ], [ -125.22449561247052, -73.800714613743224 ], [ -125.326634080895474, -73.795391941217119 ], [ -125.55258928109167, -73.820299981581769 ], [ -125.674287279139065, -73.822418715305787 ], [ -125.798646613449378, -73.801748142389002 ], [ -125.856860114426212, -73.780044040826425 ], [ -125.86003821501221, -73.74883147572217 ], [ -125.828283047368785, -73.718135674940811 ], [ -125.722992316574121, -73.702787774550131 ], [ -125.612378913253352, -73.710745945123051 ], [ -125.275836147952489, -73.690643812961525 ], [ -125.26418311247069, -73.666304213352049 ], [ -125.326117316572493, -73.617625014133097 ], [ -125.503910081872704, -73.562589613742247 ], [ -125.561580980310467, -73.53664804473172 ], [ -125.626667446782065, -73.453035577283444 ], [ -125.735678880701798, -73.405441583142647 ], [ -125.856860114426212, -73.388491713350916 ], [ -125.975922614426707, -73.356710707491402 ], [ -126.065348680507796, -73.314956150199578 ], [ -126.329932013842182, -73.286379083142151 ], [ -126.5966340809005, -73.278937676892113 ], [ -126.830004849130646, -73.290564874157809 ], [ -126.977644416188568, -73.308031508272435 ], [ -127.123682013845354, -73.294285577282793 ], [ -127.267626715994396, -73.30379404082457 ], [ -134.940000780152701, -74.693424981585267 ], [ -135.362274746625701, -74.690221042783179 ], [ -136.030089281133598, -74.765358575335554 ], [ -136.228010016811425, -74.836310316872357 ], [ -136.461897549364437, -75.035781345518942 ], [ -136.549721646044503, -75.139495945128743 ], [ -136.649741380745411, -75.161716811014287 ], [ -137.089998745656089, -75.15272511179549 ], [ -137.618131883679013, -75.075468845519111 ], [ -139.148994513893456, -75.16011484161325 ], [ -139.691390347229003, -75.213031508280068 ], [ -140.293575812726203, -75.40568124786418 ], [ -140.470851813703433, -75.447487481588354 ], [ -140.709519416243495, -75.497768650208286 ], [ -140.998959113510239, -75.51998951609383 ], [ -141.223338182521587, -75.54587940867205 ], [ -140.874083014876931, -75.745918878073923 ], [ -141.00901017959103, -75.750673109844769 ], [ -141.13442888076338, -75.745918878073923 ], [ -141.505904914293467, -75.690366713360092 ], [ -142.094344448801053, -75.530014743958489 ], [ -142.329808112539013, -75.490844008281215 ], [ -143.021962246656301, -75.543243910625151 ], [ -143.574409146072611, -75.563346042786677 ], [ -144.220519579017946, -75.731656182761299 ], [ -144.721135016845381, -75.832166843569013 ], [ -145.105297614503229, -75.878727309064047 ], [ -145.987956916264636, -75.888804213360913 ], [ -146.323440314703419, -76.020579115705175 ], [ -146.383229946865129, -76.099954115705486 ], [ -145.86041948136824, -76.266610609846794 ], [ -145.642396613528774, -76.325883477685579 ], [ -145.441840379804034, -76.408979180810888 ], [ -145.686864183515979, -76.429081312972414 ], [ -145.885818447839654, -76.424327081201568 ], [ -146.597557949795686, -76.338079115706478 ], [ -146.817156948820013, -76.317976983544952 ], [ -147.860142381766877, -76.131166680809841 ], [ -148.320527717055143, -76.104708347476333 ], [ -148.459149746678094, -76.11793751414308 ], [ -148.463929816665029, -76.119539483544131 ], [ -158.003218350231975, -77.091056410631325 ], [ -158.21382565003745, -77.157202243964988 ], [ -158.246614346326567, -77.354606215319933 ], [ -158.230207079073921, -77.497439874174631 ], [ -158.351388312798434, -77.614952081206368 ], [ -158.500629849257308, -77.778456312977866 ], [ -158.406966315728255, -77.888010349436669 ], [ -158.285785082003855, -77.950952243968146 ], [ -157.848163215140175, -78.073735447093611 ], [ -157.266596646127368, -78.199670912588886 ], [ -156.569171515916253, -78.186441745922224 ], [ -155.341494513958196, -78.191712742015952 ], [ -155.036706916300773, -78.220858249828566 ], [ -154.694867316689994, -78.217137546703583 ], [ -154.293212246701415, -78.258943780427686 ], [ -154.53769344787429, -78.358937676912518 ], [ -154.716545580036438, -78.398108412589693 ], [ -155.919882982385047, -78.510297947095324 ], [ -156.207746548466929, -78.558460381991395 ], [ -156.469151781215317, -78.635148207512515 ], [ -156.114599779260772, -78.744702243971318 ], [ -155.209745449830137, -78.964843845534716 ], [ -154.517591315712764, -79.04633757925896 ], [ -153.517471483351926, -79.117237644363385 ], [ -152.701474779247121, -79.134704278478097 ], [ -152.243750780221831, -79.102974949050861 ], [ -152.13791744688811, -79.116204115717608 ], [ -152.053245612577854, -79.192891941238742 ], [ -152.091356981393176, -79.241622816889986 ], [ -151.903513150012202, -79.280741876134869 ], [ -151.636268480414799, -79.317793878088224 ], [ -151.368507046494415, -79.393448174963481 ], [ -151.048371548446312, -79.459594008297046 ], [ -150.490627814720085, -79.545325209469269 ], [ -149.051284146094559, -79.656997979652004 ], [ -148.417343512954005, -79.731618747881484 ], [ -148.1765830149061, -79.7760604796525 ], [ -148.082919481377075, -79.857037449053863 ], [ -148.129479946872095, -79.907835381996762 ], [ -148.296162279229492, -79.906750176918678 ], [ -148.433750780206651, -79.92953948355941 ], [ -148.430055915297771, -79.97129404085122 ], [ -148.339570482354702, -80.002558282387753 ], [ -148.317349616469187, -80.070822849445364 ], [ -148.448039313735364, -80.090356540851701 ], [ -148.766081916275652, -80.108391615721587 ], [ -149.577815314716418, -80.105704441242381 ], [ -149.845576748636802, -80.117900079263279 ], [ -150.220747647075768, -80.150197849445675 ], [ -150.435592414329221, -80.211021010253233 ], [ -150.575299649030342, -80.353906345540224 ], [ -150.516026781191528, -80.409458510254055 ], [ -150.281596646099445, -80.48035857535848 ], [ -150.132923550395731, -80.510537611816943 ], [ -149.428599616473662, -80.5861919086922 ], [ -149.264552782163094, -80.593064874187064 ], [ -149.214271613543076, -80.604226983562086 ], [ -149.207398648048297, -80.670372816895664 ], [ -149.147066413347545, -80.718483575359443 ], [ -148.984078945898943, -80.74178964632307 ], [ -148.542762214126384, -80.760289809083545 ], [ -148.023646613538347, -80.835995782391095 ], [ -148.122606981377317, -80.900539646323722 ], [ -152.034745449817365, -81.029110609865882 ], [ -155.920942349247014, -81.133393650230872 ], [ -156.528424649054131, -81.162487481611194 ], [ -156.815228848273989, -81.230752048668791 ], [ -157.032709113574356, -81.319118747887813 ], [ -156.492432013962855, -81.376789646325577 ], [ -154.907593350219514, -81.510114841638597 ], [ -154.485319383746457, -81.566235447107601 ], [ -154.231846483354872, -81.623389581222369 ], [ -153.956669481400638, -81.700129083175881 ], [ -154.061443447872421, -81.765189711431304 ], [ -154.188438280229661, -81.810716648280462 ], [ -154.451445482379199, -81.867302341640055 ], [ -154.717604946898405, -81.940889581223672 ], [ -153.882591315710243, -82.17637908317775 ], [ -153.009983080029627, -82.449385674975758 ], [ -153.398408983351544, -82.586483249846026 ], [ -153.822259081009463, -82.669527276539128 ], [ -155.150472581991323, -82.858456312998172 ], [ -155.459497647096725, -82.980671075368463 ], [ -156.036826748661582, -83.026714776540516 ], [ -157.018420580045643, -83.075393975759468 ], [ -157.521671515920076, -83.106606540863723 ], [ -157.679362149058761, -83.129395847504455 ], [ -157.589393480438616, -83.1875835102651 ], [ -157.356048550424646, -83.198693943207829 ], [ -157.02795488180351, -83.234143975760119 ], [ -157.428524746713947, -83.346333510265751 ], [ -157.699464281220287, -83.381266778495075 ], [ -159.444138150042335, -83.543169040865521 ], [ -159.92354041241407, -83.494489841646555 ], [ -160.594533047507895, -83.489735609875709 ], [ -162.197380947904918, -83.518829441256031 ], [ -162.574153815745035, -83.410877374198279 ], [ -162.912298550446849, -83.346850274588633 ], [ -163.111252814770523, -83.328866876151125 ], [ -163.733540412429278, -83.37279184359916 ], [ -164.05845598046443, -83.4246749816202 ], [ -164.44582251692438, -83.467514743990165 ], [ -164.644260016925102, -83.41247934359933 ], [ -164.915716315754366, -83.290264581229039 ], [ -165.618980882814469, -83.215643812999645 ], [ -166.216928880863748, -83.200812676931847 ], [ -167.724537116546855, -83.217245782400681 ], [ -168.05472368067575, -83.226754245942374 ], [ -168.191252814790857, -83.213525079275627 ], [ -168.417724779310021, -83.228872979666306 ], [ -168.603992479506047, -83.201329441254728 ], [ -168.790260179702159, -83.188100274588066 ], [ -169.01621537989837, -83.150014743988947 ], [ -169.440608080095359, -83.096064548676168 ], [ -171.031286180687687, -82.943102309092239 ], [ -171.821341315781979, -82.847345880055443 ], [ -172.124552782254568, -82.862693780446136 ], [ -172.392314216174867, -82.8928728169046 ], [ -172.592870449899607, -82.884397882008699 ], [ -172.851614346385077, -82.916643975758817 ], [ -173.071239183625494, -82.915610447112954 ], [ -174.235922614619767, -82.793344008310385 ], [ -174.171895515010135, -82.847862644378338 ], [ -174.066062181676386, -82.900262546722274 ], [ -171.539291348332881, -83.20344817497876 ], [ -171.18791744696432, -83.256364841645578 ], [ -169.167575650081261, -83.450048109875553 ], [ -168.784989183608332, -83.529423109875879 ], [ -168.497099779310361, -83.611433607923033 ], [ -168.347367316744595, -83.636858412610664 ], [ -168.052604946951817, -83.735302016126738 ], [ -167.801250780284164, -83.790854180840469 ], [ -167.553074714202438, -83.810956313001995 ], [ -166.649253913417567, -83.791887709486247 ], [ -165.921649746747988, -83.790337416517488 ], [ -165.536427782228145, -83.756437676934041 ], [ -164.950623745767473, -83.805685316908267 ], [ -164.082795580073906, -83.945883477716052 ], [ -164.011352912430425, -84.015750014174699 ], [ -164.124085049475127, -84.053318780450837 ], [ -164.502434048500078, -84.071818943211412 ], [ -164.60297054752391, -84.096726983576062 ], [ -164.685006883787224, -84.154397882013825 ], [ -164.528349779294501, -84.190881443211808 ], [ -164.031997647131021, -84.273977146337202 ], [ -163.821390347325519, -84.290358575373659 ], [ -163.757363247715887, -84.305706475764339 ], [ -163.765295580072603, -84.324258314957206 ], [ -163.899189216140883, -84.352835382014547 ], [ -165.125264248697903, -84.374539483577209 ], [ -165.185053880859584, -84.369733575373985 ], [ -165.240631883789518, -84.381412449071973 ], [ -165.135315314778666, -84.409989516129414 ], [ -164.916775682616333, -84.431125176936717 ], [ -164.114033983394364, -84.44543954868162 ], [ -163.89707048241695, -84.470295912613992 ], [ -163.758965217116923, -84.493033542822431 ], [ -163.685403815749396, -84.513135674983957 ], [ -163.568460049472947, -84.528483575374636 ], [ -158.303251716118552, -84.778287449073616 ], [ -156.986148648079421, -84.811101983578908 ], [ -156.621028815721104, -84.839627374204056 ], [ -156.489796515915941, -84.889391778501079 ], [ -157.149652879850919, -84.891510512225096 ], [ -157.453923713185475, -84.912129408709518 ], [ -156.988267381803354, -84.981995945168151 ], [ -156.642707079067577, -85.079354343605985 ], [ -156.459100715134582, -85.186272882017875 ], [ -156.810474616503143, -85.192060642434583 ], [ -157.127432013965347, -85.1857044412627 ], [ -160.821030850243176, -84.986750176938997 ], [ -162.933460049470341, -84.901018975766789 ], [ -163.463686083001164, -84.901018975766789 ], [ -166.911201748705054, -84.819008477719549 ], [ -167.492225715178677, -84.833839613787347 ], [ -168.048367479503867, -84.728523044776495 ], [ -168.668019579115708, -84.683564548682597 ], [ -171.70385494696643, -84.542281182796557 ], [ -174.662950812863585, -84.462906182796246 ], [ -174.986807014036799, -84.465541680843145 ], [ -175.3810465159915, -84.47980437615567 ], [ -175.874763150108066, -84.510500176937043 ], [ -176.107591315799141, -84.475050144384838 ], [ -176.289078946008118, -84.418412774592952 ], [ -176.98547054757347, -84.399395847509567 ], [ -177.73054134835769, -84.395158380061616 ], [ -178.069202847382485, -84.352266941259373 ], [ -178.389364183646791, -84.337487481623867 ], [ -180.0, -84.351748898197684 ], [ -180.0, -71.939122816860731 ], [ -107.165106981213341, -71.939122816860731 ] ], [ [ -117.398125780082495, -74.122452081192392 ], [ -117.363218350069275, -74.161054376114407 ], [ -117.230384080863047, -74.192835381973921 ], [ -116.738786180470498, -74.164775079239462 ], [ -116.57104448125105, -74.125604343562202 ], [ -116.513890347136268, -74.095476983536003 ], [ -116.533992479297794, -74.083281345515118 ], [ -116.608613247527188, -74.068450209447406 ], [ -116.584790412240693, -74.055789483535932 ], [ -116.451465216927673, -74.017652276504435 ], [ -116.155126715949862, -73.910268650201942 ], [ -116.202746548306862, -73.895437514134244 ], [ -116.381081916146144, -73.865258477675752 ], [ -117.376447516736022, -74.082764581192237 ], [ -117.398125780082495, -74.122452081192392 ] ], [ [ -119.758214281068504, -74.121935316869497 ], [ -119.548666348124968, -74.110256443171508 ], [ -119.448646613424032, -74.076408380020354 ], [ -119.058644578917267, -73.99755014434291 ], [ -118.989863247536789, -73.96685434356155 ], [ -118.87715694870819, -73.877970880019532 ], [ -118.909971483213482, -73.834045912571412 ], [ -118.959167446755416, -73.809706312961936 ], [ -119.216361050272056, -73.777408542779526 ], [ -119.516394416158661, -73.774773044732711 ], [ -119.668788214987416, -73.80918954863904 ], [ -119.80265601283952, -73.814460544732867 ], [ -119.661372646953481, -73.989075209447094 ], [ -119.693644578919788, -74.00602507923881 ], [ -119.796842414206623, -74.029331150202438 ], [ -119.905311245587271, -74.081679376114067 ], [ -119.887327847149763, -74.097027276504761 ], [ -119.821182013816099, -74.119816583145479 ], [ -119.758214281068504, -74.121935316869497 ] ], [ [ -123.249138149897547, -73.738806247857525 ], [ -123.291977912267498, -73.802833347467157 ], [ -123.345953945796381, -73.843037611790209 ], [ -123.190924648920799, -73.849393812962177 ], [ -123.034810146966961, -73.837766615696481 ], [ -122.991427782058011, -73.844122816868364 ], [ -122.951197679518771, -73.866343682753921 ], [ -122.624705980298671, -73.965252374160499 ], [ -122.709894578931809, -73.99382944121794 ], [ -122.880840216953345, -74.099146010228779 ], [ -122.875000780104344, -74.140952243952881 ], [ -122.79404964891917, -74.190716648249989 ], [ -122.764929979322744, -74.218725274552156 ], [ -122.890891283034108, -74.227200209448057 ], [ -122.95597774950572, -74.240429376114719 ], [ -122.938511115391108, -74.301820977677465 ], [ -122.859136115390783, -74.342593682755776 ], [ -122.286561245596857, -74.402900079240354 ], [ -121.062604946763784, -74.337271010229671 ], [ -121.002298550279207, -74.326160577286942 ], [ -121.00493404832612, -74.292829278458754 ], [ -121.036689215969446, -74.279083347469026 ], [ -121.054155850084072, -74.260014743953363 ], [ -121.019222581854748, -74.173250014135277 ], [ -120.989586147935341, -74.156816908666542 ], [ -120.272575649885681, -73.989075209447094 ], [ -120.312263149885752, -73.921895847467653 ], [ -120.377866380680345, -73.855750014134074 ], [ -120.556201748519626, -73.756272881972222 ], [ -120.722367316554141, -73.752035414524272 ], [ -121.497591315580635, -73.732966811008509 ], [ -121.966425747548641, -73.71183115020122 ], [ -122.435802782055731, -73.681652113742729 ], [ -122.910450812656649, -73.679533380018711 ], [ -123.012589281081503, -73.673177178846828 ], [ -123.112066413243355, -73.682168878065625 ], [ -123.249138149897547, -73.738806247857525 ] ], [ [ -145.348176846275067, -75.716308282370619 ], [ -145.238131883709457, -75.710985609844599 ], [ -145.252394579021995, -75.682976983542432 ], [ -145.315388149985864, -75.641687514141225 ], [ -145.41750078019453, -75.588254083151412 ], [ -145.760942349206374, -75.514150079244828 ], [ -145.895352749597521, -75.50464161570315 ], [ -146.07578101294456, -75.533218682760577 ], [ -146.150944383713124, -75.573422947083628 ], [ -146.042992316655386, -75.612025242005643 ], [ -145.541343350182046, -75.692485447084124 ], [ -145.348176846275067, -75.716308282370619 ] ], [ [ -147.345264248626734, -76.14651458120052 ], [ -147.151064216073848, -76.19731251414342 ], [ -146.894413215096279, -76.26082284943017 ], [ -146.690162116462659, -76.246508477685268 ], [ -146.948906012948072, -76.09835214630445 ], [ -147.36061214901747, -76.062902113752244 ], [ -147.418283047455162, -76.073495782372078 ], [ -147.42094438371825, -76.09039397573153 ], [ -147.407715217051503, -76.104708347476333 ], [ -147.345264248626734, -76.14651458120052 ] ], [ [ -155.525126716107422, -79.846443780434015 ], [ -155.044639248657603, -79.899877211423814 ], [ -154.941441413370683, -79.966023044757492 ], [ -154.529218512978389, -80.00043954866382 ], [ -154.34879024963135, -80.025812676919173 ], [ -154.113843350216371, -80.03588958121604 ], [ -153.930211148067144, -80.033254083169126 ], [ -154.02545081278106, -79.987727146320054 ], [ -154.535057949827376, -79.935327243976033 ], [ -155.162099779256948, -79.850681247881965 ], [ -155.674342414350178, -79.765466811032653 ], [ -155.751081916303633, -79.829493910642299 ], [ -155.525126716107422, -79.846443780434015 ] ], [ [ -158.076237149060319, -82.11178354281293 ], [ -157.987327847302112, -82.104910577318066 ], [ -157.834391445934358, -82.030858249843845 ], [ -158.26090287985528, -81.947245782395555 ], [ -158.346634081027588, -81.900685316900621 ], [ -158.913912116511597, -81.780020847499088 ], [ -158.988507046524887, -81.779504083176207 ], [ -158.926598680639245, -81.818623142421103 ], [ -158.773145514948538, -81.875260512212989 ], [ -158.54507158102831, -81.948796075364314 ], [ -158.154010179659593, -82.058350111823117 ], [ -158.076237149060319, -82.11178354281293 ] ], [ [ -160.301915249655167, -79.844325046710082 ], [ -159.053076748673618, -79.80727304475684 ], [ -159.009694383764554, -79.780297947100451 ], [ -158.996465217097807, -79.73528777457426 ], [ -159.051474779272553, -79.694566745928228 ], [ -159.118679979468084, -79.674464613766702 ], [ -159.189605882788726, -79.63741261181346 ], [ -159.256268480445272, -79.590852146318426 ], [ -159.366339281226942, -79.545325209469269 ], [ -159.418739183570892, -79.508273207516012 ], [ -159.683839281228188, -79.402439874182278 ], [ -159.963770514953325, -79.324150079260107 ], [ -160.249515347311217, -79.27123341259319 ], [ -160.764393480451275, -79.131552016108287 ], [ -161.283509081039284, -79.0071668435817 ], [ -161.642815314764675, -78.900816745925056 ], [ -162.160871548490718, -78.793381443190285 ], [ -162.390004849272913, -78.760050144361998 ], [ -162.621773648101907, -78.741549981601523 ], [ -162.872611050446665, -78.725116876132688 ], [ -163.123965217114403, -78.719329115715979 ], [ -163.256256883781532, -78.721964613762879 ], [ -163.345140347323564, -78.779635512200642 ], [ -163.660004849277954, -78.855858249831172 ], [ -163.814517381830655, -78.92887704865953 ], [ -164.125661180660074, -78.995539646316075 ], [ -164.199739346350469, -79.050575046706911 ], [ -164.244723680660456, -79.137856540847878 ], [ -164.281775682613812, -79.245291843582663 ], [ -164.225680915360897, -79.320997816890298 ], [ -163.971148648107373, -79.388693943192635 ], [ -163.712378913405786, -79.442127374182434 ], [ -163.317105882805208, -79.504604180823321 ], [ -161.865592414374987, -79.703558445147024 ], [ -160.806742316714463, -79.812027276527687 ], [ -160.301915249655167, -79.844325046710082 ] ], [ [ -160.571252814760385, -81.597964776534823 ], [ -160.466995612611584, -81.589489841638922 ], [ -160.485521613588162, -81.566752211430483 ], [ -160.616753913393438, -81.522310479659481 ], [ -160.937974616519739, -81.463554376143662 ], [ -161.558686082993518, -81.396891778487102 ], [ -162.456667446929373, -81.313279311038826 ], [ -163.200678880851626, -81.281549981611676 ], [ -163.869010179682419, -81.323872979658745 ], [ -163.92988501692227, -81.3524500467161 ], [ -163.951046515945762, -81.391052341638101 ], [ -163.939393480463934, -81.404281508304848 ], [ -163.890197516922115, -81.423866876143492 ], [ -163.765838182611674, -81.445054213383173 ], [ -163.253078783195576, -81.482622979659311 ], [ -160.571252814760385, -81.597964776534823 ] ], [ [ -163.735142381830315, -82.856854343597135 ], [ -163.70392981672606, -82.879075209482593 ], [ -163.634605882806511, -82.902381280446292 ], [ -163.602308112624087, -82.927237644378664 ], [ -163.601791348301106, -82.968527113779871 ], [ -163.552052782220272, -82.987544040863241 ], [ -163.348318447909548, -83.021443780446788 ], [ -163.241968350252819, -83.059529311045907 ], [ -163.046683112621906, -83.096581312999149 ], [ -162.304790412423586, -83.141539809093047 ], [ -161.993646613594194, -83.118802178884607 ], [ -161.828023648098736, -83.042579441254176 ], [ -161.635399746730855, -83.026714776540516 ], [ -162.339723680652924, -82.922483412607818 ], [ -162.410623745757334, -82.899177341644204 ], [ -162.79850704654018, -82.864812514170069 ], [ -163.795991380854076, -82.842591648284611 ], [ -163.735142381830315, -82.856854343597135 ] ] ] ] } },
{ "type": "Feature", "properties": { "name": "Weddell Sea", "featurecla": "sea", "scalerank": 1 }, "geometry": { "type": "Polygon", "coordinates": [ [ [ -11.926217413775078, -71.132660414513794 ], [ -11.926217413775163, -71.288774916467531 ], [ -12.073856980833, -71.296681410608159 ], [ -12.207724778685105, -71.332131443160378 ], [ -12.351152716511166, -71.389802341598141 ], [ -12.284464280638502, -71.49511891060898 ], [ -12.147960984739512, -71.613664646286495 ], [ -11.697084112992997, -71.719497979620314 ], [ -11.333023647496759, -71.785643812953893 ], [ -11.179570481806024, -71.776652113735096 ], [ -11.009167446323545, -71.758100274542329 ], [ -10.961030849643663, -71.822127374151961 ], [ -10.95836951338066, -71.902070814907475 ], [ -11.121356980829177, -72.031726983527804 ], [ -11.346252814163421, -72.281479180794406 ], [ -11.497070481807327, -72.412685642383479 ], [ -11.777544318071477, -72.443898207487734 ], [ -12.094501715533596, -72.497900079232807 ], [ -12.746968349650814, -72.629106540821795 ], [ -13.208387213584984, -72.785221042775632 ], [ -13.602626715539714, -72.792094008270396 ], [ -13.939169480840491, -72.756127211395309 ], [ -14.297933112026811, -72.732872816863903 ], [ -14.298475714565882, -72.784704278452651 ], [ -14.168302781622657, -72.843460381968555 ], [ -14.000044318080313, -73.000608412568084 ], [ -14.164582078497688, -73.102204278453954 ], [ -14.321239182990411, -73.122823174938361 ], [ -15.007037115935901, -73.047685642386 ], [ -15.595993414766383, -73.096933282360141 ], [ -15.802905849663006, -73.151968682750976 ], [ -16.148957078505561, -73.334489841605944 ], [ -16.27915584966496, -73.388491713350916 ], [ -16.435244513402523, -73.425543715304173 ], [ -16.507203945368985, -73.556233412570364 ], [ -16.518856980850785, -73.644083347466506 ], [ -16.387624681045622, -73.681135349419762 ], [ -16.097642381239694, -73.709143975722014 ], [ -15.935714280653144, -73.757823174940967 ], [ -16.00291948084876, -73.816062514133904 ], [ -16.180738084365089, -73.830325209446443 ], [ -16.281791347711788, -73.866860447076803 ], [ -16.219882981826174, -73.91553964629577 ], [ -15.748929816134137, -73.945718682754148 ], [ -15.259450649465521, -73.889081312962261 ], [ -14.611221482796253, -73.851512546686109 ], [ -14.573652716520115, -73.937243747858332 ], [ -14.658841315153239, -73.989075209447094 ], [ -15.089047613983155, -74.163173109838425 ], [ -15.289603847707809, -74.280685316870148 ], [ -15.531423712617652, -74.37535654082879 ], [ -15.672707078503691, -74.407137546688318 ], [ -16.429430914769711, -74.324041843563009 ], [ -16.727345546932384, -74.327762546687978 ], [ -16.989293382219842, -74.319804376115059 ], [ -17.298861049864314, -74.334118747859961 ], [ -17.435906948302403, -74.379077243953844 ], [ -17.922724778707931, -74.699212742001976 ], [ -18.06824561204192, -74.862768650205766 ], [ -18.221182013409674, -74.974389743956209 ], [ -18.516977911848414, -75.052162774555484 ], [ -18.61702348476544, -75.115156345519267 ], [ -18.749315151432683, -75.242177016092683 ], [ -18.61702348476544, -75.342170912577515 ], [ -18.516977911848414, -75.389816583150605 ], [ -18.415382045962531, -75.396689548645384 ], [ -18.304794480857936, -75.431622816874693 ], [ -18.585242478905911, -75.462835381979048 ], [ -18.850885179102363, -75.470225111796708 ], [ -19.492783982815837, -75.540091648255355 ], [ -20.487606980866644, -75.49192921335937 ], [ -20.783402879305385, -75.59404184356805 ], [ -20.989255947340041, -75.634246107891187 ], [ -21.433750779698585, -75.682976983542432 ], [ -21.948112148515747, -75.694087416485161 ], [ -22.465625779702719, -75.66127288197977 ], [ -23.197467413820277, -75.717858575339363 ], [ -24.269572516363553, -75.767106215313589 ], [ -26.059204881279584, -75.957068780418496 ], [ -26.56031124521391, -76.05494394317931 ], [ -27.134488084408872, -76.15762501414325 ], [ -27.653061082457896, -76.226406345523742 ], [ -28.079572516378846, -76.257618910627997 ], [ -28.93365475108277, -76.370325209456595 ], [ -29.891425747180335, -76.597856540837739 ], [ -30.222154913848385, -76.660333347478627 ], [ -30.489373745229585, -76.762445977687292 ], [ -31.675787116002624, -77.03286874787068 ], [ -32.063127814246286, -77.159837742011803 ], [ -32.405510016396136, -77.1360665831576 ], [ -32.613998582477734, -77.140820814928446 ], [ -33.376510179160448, -77.281587416491504 ], [ -33.591354946413901, -77.311198012194708 ], [ -34.0755372787726, -77.425506280424344 ], [ -34.290382046026082, -77.5218311502164 ], [ -34.551270514451573, -77.728691908680759 ], [ -34.808438279752124, -77.820779311024936 ], [ -35.087852749154308, -77.837212416493685 ], [ -35.509067348765313, -78.040920912588319 ], [ -36.181093512504987, -78.468491713371236 ], [ -36.265765346815243, -78.615614516106177 ], [ -36.239307013481834, -78.774364516106829 ], [ -35.890051845837206, -78.843662611810288 ], [ -35.515940314260092, -78.93311451610748 ], [ -34.994705979948151, -78.977556247878482 ], [ -34.197261115036099, -79.110364678868606 ], [ -32.994466315226617, -79.228910414546121 ], [ -32.542013312295154, -79.222037449051342 ], [ -31.412779913853086, -79.14529794709793 ], [ -30.985209113070084, -79.127831312983233 ], [ -30.645488247183323, -79.124110609858249 ], [ -30.315818447377325, -79.163281345535523 ], [ -30.177713182077298, -79.304564711421477 ], [ -30.211044480905571, -79.485018812984691 ], [ -30.04911638031902, -79.585581150224698 ], [ -29.949096645618084, -79.599327081214341 ], [ -25.258581915781548, -79.762314548662857 ], [ -24.670659145596943, -79.774458510251449 ], [ -24.534155849697953, -79.758077081214992 ], [ -24.299725714605842, -79.770789483558758 ], [ -24.088059047938373, -79.814662774574501 ], [ -23.407015346763814, -79.85915618277788 ], [ -23.574240281660281, -79.964989516111615 ], [ -24.01979448088079, -80.00891448355965 ], [ -24.240452846767056, -80.061831150226567 ], [ -29.328927781683262, -80.171850274575974 ], [ -29.531602749132048, -80.181927178872911 ], [ -29.797245449328386, -80.223216648274132 ], [ -30.425346645619953, -80.279802341633726 ], [ -31.015388149528576, -80.307862644368186 ], [ -31.312243414829283, -80.45023121533228 ], [ -31.634497646601318, -80.444391778483293 ], [ -32.255751715614281, -80.460773207519836 ], [ -32.706060146605637, -80.513689874186753 ], [ -33.057434047974283, -80.531724949056539 ], [ -33.191301845826388, -80.518495782389877 ], [ -33.328890346803462, -80.540148207520161 ], [ -34.350197516403853, -80.603658542806826 ], [ -35.327037116017152, -80.65078744905702 ], [ -35.520694546030938, -80.74551034944804 ], [ -35.775769415823731, -80.812689711427481 ], [ -35.965731980928638, -80.891031182781944 ], [ -36.234010179171833, -80.920641778485248 ], [ -36.499652879368256, -80.959812514162422 ], [ -36.812398647598627, -80.97464365023022 ], [ -37.20927364760027, -81.06404387809512 ], [ -38.010955979960272, -80.954489841636402 ], [ -38.771891445458039, -80.882556247886129 ], [ -39.76250281427707, -81.03174610791271 ], [ -40.44088517918874, -81.165122979658094 ], [ -40.914499681143695, -81.172512709475768 ], [ -41.12616634781125, -81.214835707522838 ], [ -41.433615281731704, -81.297931410648232 ], [ -41.711427781732851, -81.40748544710695 ], [ -42.046394415848766, -81.597964776534823 ], [ -42.564450649574809, -81.761469008306321 ], [ -43.180382046061567, -82.01706064242191 ], [ -43.669344448407315, -82.2700167784906 ], [ -44.064100714684997, -82.331408380053333 ], [ -44.291632046066042, -82.31766244906369 ], [ -44.455162116053742, -82.365773207527468 ], [ -45.043575812345125, -82.437758477710048 ], [ -45.788646613129316, -82.494912611824816 ], [ -46.175470547050196, -82.511862481616546 ], [ -46.516793382337994, -82.454708347501764 ], [ -46.448528815280412, -82.339883314949233 ], [ -46.198750779797706, -82.271101983568755 ], [ -46.046356980968937, -82.158912449063124 ], [ -46.119375779797394, -82.039849949062642 ], [ -46.258023647636406, -81.947245782395555 ], [ -46.566531948418913, -81.978975111822791 ], [ -47.020018479996253, -82.003314711432267 ], [ -47.360281948422084, -82.003831475755163 ], [ -47.886787278827853, -81.925024916510097 ], [ -48.360944383321907, -81.89221038200472 ], [ -50.02939551451351, -81.967864678880062 ], [ -50.653285081573301, -81.975254408697737 ], [ -51.209426845898463, -82.015510349453166 ], [ -51.730661180210404, -82.061502374192912 ], [ -52.414882981970948, -82.135089613776529 ], [ -52.799045579628739, -82.153589776537018 ], [ -53.339322679240325, -82.144598077318221 ], [ -53.557345547079677, -82.169454441250593 ], [ -53.739375779827839, -82.178497816901682 ], [ -53.985975714724646, -82.200718682787226 ], [ -54.60087358256564, -82.316060479662639 ], [ -55.294603847867876, -82.464733575366438 ], [ -55.800490281789138, -82.478531182788359 ], [ -56.075124681204386, -82.570050144377191 ], [ -56.31800391297611, -82.633560479663942 ], [ -57.353599616105328, -82.840472914560578 ], [ -57.557308112199877, -82.890185642425408 ], [ -57.797551845924772, -82.958450209482919 ], [ -58.289692348856391, -83.120920912608625 ], [ -59.515767381413411, -83.458523044771368 ], [ -59.85391211611531, -83.442658380057793 ], [ -60.396824713773725, -83.44053964633386 ], [ -60.983145514557293, -83.427310479667113 ], [ -61.425521613191904, -83.395581150239877 ], [ -61.589568447502472, -83.341062514172023 ], [ -61.530838182202729, -83.27915414828631 ], [ -61.436115281811738, -83.232593682791361 ], [ -61.30328101260551, -83.184431247895304 ], [ -61.20062577985766, -83.0981832824002 ], [ -61.218635016511371, -82.991781508311192 ], [ -61.312815314363377, -82.939433282399548 ], [ -61.709173550042038, -83.009816583181077 ], [ -61.917119513584538, -82.976433607920512 ], [ -62.128786180252007, -82.822489516122985 ], [ -62.465328945552869, -82.718206475758009 ], [ -62.630977749264389, -82.620848077320176 ], [ -62.735751715736171, -82.52721038200724 ], [ -62.553178880449025, -82.503387546720731 ], [ -62.094395514561768, -82.46685230909037 ], [ -60.816979946522792, -82.275856215339587 ], [ -60.52754024925602, -82.199633477709071 ], [ -60.687349616118638, -82.188523044766342 ], [ -60.859328782785951, -82.186921075365291 ], [ -61.901771613193745, -82.271101983568755 ], [ -62.645266282793102, -82.263143812995821 ], [ -63.466533982991734, -82.307068780443942 ], [ -63.772923550050223, -82.304433282397028 ], [ -64.396787278893925, -82.374248142423284 ], [ -64.919623582606903, -82.370579115730607 ], [ -65.16991838241259, -82.318179213386671 ], [ -65.424450649666198, -82.280610447110433 ], [ -65.572090216724121, -82.294356378100076 ], [ -65.713890346933056, -82.279008477709397 ], [ -65.913387213795744, -82.183252048672514 ], [ -65.786392381438532, -82.045637709479351 ], [ -65.844063279876281, -81.993289483567608 ], [ -65.953074713796013, -81.971016941249871 ], [ -66.134045579682123, -81.953601983567452 ], [ -66.042500779877003, -81.913914483567282 ], [ -65.916048550058861, -81.902235609869379 ], [ -64.706354946538397, -81.887456150233874 ], [ -64.13698401554646, -81.869421075363988 ], [ -64.190417446536287, -81.794851983566801 ], [ -64.810612148687198, -81.802758477707528 ], [ -65.263581915941614, -81.785808607915797 ], [ -65.486875779874822, -81.775266615728242 ], [ -65.61971004908105, -81.729222914556203 ], [ -65.021736212815682, -81.696408380050812 ], [ -64.696303880457634, -81.652483412602692 ], [ -64.475645514571255, -81.67155201611844 ], [ -64.232766282799446, -81.659873142420452 ], [ -63.768686082602272, -81.676306247889286 ], [ -63.553841315348905, -81.66731454867049 ], [ -62.945816413002689, -81.683695977707032 ], [ -62.542068447506296, -81.678424981613219 ], [ -62.165295579666179, -81.636101983566235 ], [ -62.353682013586223, -81.576829115727435 ], [ -62.490211147701331, -81.556726983565909 ], [ -63.477644415934463, -81.55300628044084 ], [ -64.750279913986418, -81.521793715336585 ], [ -65.573666347908983, -81.460402113773853 ], [ -67.965510016538332, -81.148173109866377 ], [ -68.143819546161524, -81.130189711428784 ], [ -68.284586147724582, -81.074120782392072 ], [ -68.32639238144867, -81.004254245933424 ], [ -68.589916347921104, -80.967719008303163 ], [ -69.181533983014589, -81.004771010256405 ], [ -69.633961147729934, -80.965600274579131 ], [ -69.772066413029989, -80.961414483563559 ], [ -70.012310146754885, -80.918006280438334 ], [ -70.239324713813147, -80.856614678875587 ], [ -70.392261115180901, -80.735433445151173 ], [ -70.560002814400349, -80.646549981609155 ], [ -70.688057013619556, -80.626447849447544 ], [ -71.017726813425554, -80.619006443197506 ], [ -71.230452846955075, -80.646549981609155 ], [ -71.380211147736929, -80.682516778484256 ], [ -72.173444383417205, -80.764010512208529 ], [ -72.553369513627018, -80.852893975750533 ], [ -73.029619513628973, -80.917489516115438 ], [ -73.383112148721466, -80.893666680828858 ], [ -73.937677781861794, -80.815893650229569 ], [ -74.511286180301482, -80.838114516115112 ], [ -74.806565314417327, -80.886225274578806 ], [ -75.075386115199677, -80.859766941245397 ], [ -75.236771613247157, -80.802664483562907 ], [ -75.344723680304895, -80.719052016114631 ], [ -75.49448198108675, -80.617456150228833 ], [ -75.55481421578753, -80.530639743978469 ], [ -75.708784145801133, -80.382483412597665 ], [ -75.822575649707801, -80.338041680826649 ], [ -75.985537278940228, -80.295150242024405 ], [ -76.259654914032495, -80.160223077310349 ], [ -76.407294481090418, -80.09516244905484 ], [ -76.757066413057942, -80.131129245930026 ], [ -77.160297614231467, -80.152833347492589 ], [ -78.176307949521942, -80.166579278482232 ], [ -78.907090216777419, -80.089839776528819 ], [ -79.66061011424145, -79.996718845538851 ], [ -78.692245449523966, -79.995116876137814 ], [ -77.701634080704935, -80.009431247882617 ], [ -77.222205980117081, -79.994083347491937 ], [ -76.904189215792883, -79.955429376137559 ], [ -76.558112148734239, -79.903597914548897 ], [ -76.343784145803653, -79.821018975746483 ], [ -76.031580980112267, -79.626818943193612 ], [ -76.105142381479794, -79.464916680823166 ], [ -76.217848680308407, -79.387143650223891 ], [ -76.499381883434523, -79.325752048661144 ], [ -79.45581641306876, -79.304564711421477 ], [ -80.151148647772033, -79.268081150223395 ], [ -80.415731981106433, -79.294539483556804 ], [ -80.488750779934861, -79.320997816890298 ], [ -80.478699713854098, -79.426262709468858 ], [ -80.5347944811069, -79.513079115719137 ], [ -80.70465491405028, -79.517316583167101 ], [ -80.891981981108273, -79.501968682776408 ], [ -81.163438279937537, -79.400372816890638 ], [ -81.22219438345337, -79.297691745926613 ], [ -81.503159145824299, -79.162764581212542 ], [ -81.660849778962984, -79.099771010248759 ], [ -82.589010179357331, -78.91616464631575 ], [ -82.97053727896818, -78.816687514153898 ], [ -83.260002814451127, -78.774364516106829 ], [ -83.594969448567042, -78.610808607903039 ], [ -83.696565314452926, -78.537273044751714 ], [ -83.76271114778649, -78.461101983553476 ], [ -83.706099616210707, -78.403947849438694 ], [ -83.544688279947053, -78.355268650219728 ], [ -83.354725714842147, -78.407616876131385 ], [ -83.227188279945835, -78.401829115714762 ], [ -83.245714280922414, -78.3568189431885 ], [ -83.508178880532881, -78.248350111807838 ], [ -83.687573615234129, -78.147787774567831 ], [ -83.752117479166657, -78.066294040843587 ], [ -83.779118415039136, -77.983766778473452 ], [ -83.411879848956914, -78.114456475739644 ], [ -83.082726813473897, -78.246748142406801 ], [ -82.608595547195961, -78.412371107902317 ], [ -81.929153815422353, -78.558977146314277 ], [ -80.816301846016927, -78.75421070751301 ], [ -80.292432013657987, -78.822475274570607 ], [ -79.766443447575199, -78.820924981601848 ], [ -78.711804979146507, -78.75214365022137 ], [ -77.869375779924383, -78.745787449049388 ], [ -77.545002814428301, -78.659539483554283 ], [ -77.452398647761214, -78.560579115715328 ], [ -77.432813279922584, -78.434643650220067 ], [ -77.664582078751664, -78.401260674959502 ], [ -77.858265346981568, -78.351031182771777 ], [ -79.509792446597629, -78.154143975739814 ], [ -81.441250779938684, -77.885891615712637 ], [ -81.580958014639691, -77.846204115712482 ], [ -81.10313188345296, -77.841966648264531 ], [ -80.888287116199422, -77.797524916493529 ], [ -80.60145707876336, -77.751997979644443 ], [ -80.104045579738028, -77.796439711415459 ], [ -79.679136115218029, -77.842483412587512 ], [ -77.742380947567057, -77.940358575348313 ], [ -76.437990281871777, -78.044073174958129 ], [ -75.398699713833707, -78.157864678864797 ], [ -74.811862148727243, -78.177966811026323 ], [ -74.041909145794477, -78.109185479645831 ], [ -73.485224778930245, -77.970537611806705 ], [ -73.251337246377204, -77.894314874176274 ], [ -72.875106981076186, -77.693810316883798 ], [ -72.851826748328762, -77.590044040841718 ], [ -73.478351813435467, -77.535577081206043 ], [ -74.580610114221145, -77.477906182768294 ], [ -75.387072516568082, -77.47418547964331 ], [ -75.747954881478336, -77.398531182768053 ], [ -75.937400682260346, -77.334504083158407 ], [ -76.248544481089766, -77.274662774564433 ], [ -76.823754848930605, -76.993698012193491 ], [ -77.168229946588184, -76.833914483546977 ], [ -77.28729244658868, -76.701622816879819 ], [ -77.189934048150775, -76.629637546697253 ], [ -76.244307013641816, -76.585195814926237 ], [ -75.962799648731789, -76.592068780421016 ], [ -75.831567348926598, -76.608450209457573 ], [ -75.659045579720214, -76.607933445134591 ], [ -75.44368404814378, -76.58674610789501 ], [ -75.268526780890483, -76.581475111801183 ], [ -73.880006883424045, -76.696816908676695 ], [ -73.471995612263584, -76.675681247869306 ], [ -72.722170579708433, -76.688910414535968 ], [ -71.798790249301135, -76.7529375141456 ], [ -70.894969448516264, -76.739191583155957 ], [ -70.551011115181552, -76.718004245916291 ], [ -70.210230882432825, -76.674079278468255 ], [ -70.095405849880194, -76.654493910629611 ], [ -69.915468512639961, -76.521685479639501 ], [ -69.304291347923936, -76.350739841617951 ], [ -67.518353847916785, -76.109462579247179 ], [ -66.370594448498139, -76.013137709455208 ], [ -65.965787116139779, -75.951746107892404 ], [ -65.321769578702259, -75.815268650209589 ], [ -65.044499681240211, -75.787725111798011 ], [ -64.778340216720977, -75.737960707500989 ], [ -64.052828945559213, -75.579779148255511 ], [ -63.363336147704842, -75.451724949036219 ], [ -63.257502814371094, -75.398808282369401 ], [ -63.304063279866028, -75.352247816874382 ], [ -63.47498307967146, -75.336331475728514 ], [ -63.678200649659232, -75.327856540832613 ], [ -63.972394578696907, -75.32945851023365 ], [ -64.279326748294466, -75.292974949035667 ], [ -63.857569546144276, -75.206158542785289 ], [ -63.551179979085816, -75.171225274555979 ], [ -63.231044481037685, -75.15381031687356 ], [ -63.173373582599936, -75.114639581196371 ], [ -63.336877814371405, -75.034747816873164 ], [ -63.570765346924446, -75.030510349425214 ], [ -63.924774746339921, -75.004568780414687 ], [ -63.75067684594859, -74.952168878070751 ], [ -63.558595547119751, -74.905608412575731 ], [ -63.356979946532931, -74.878064874164153 ], [ -63.19822994653228, -74.909329115700785 ], [ -63.125211147703936, -74.849539483539104 ], [ -63.168076748289991, -74.764841811012673 ], [ -63.178127814370754, -74.68443328236657 ], [ -63.072294481037034, -74.677560316871705 ], [ -62.887086147702973, -74.690789483538452 ], [ -62.708750779863664, -74.737349949033387 ], [ -62.566950649654842, -74.896099949034038 ], [ -62.372208014562915, -74.952168878070751 ], [ -62.137777879470804, -74.926227309060224 ], [ -61.928229946527267, -74.862768650205766 ], [ -61.85521114769881, -74.777037449033543 ], [ -61.894381883376099, -74.713010349423911 ], [ -62.132506883376976, -74.550022881975394 ], [ -62.225627814366959, -74.505581150204392 ], [ -62.235162116124826, -74.441502374162454 ], [ -62.089098680251851, -74.452664483537461 ], [ -61.994375779860832, -74.475918878068796 ], [ -61.639849616122461, -74.51348764434502 ], [ -61.369969448478145, -74.511885674943983 ], [ -61.010663214752753, -74.478037611792814 ], [ -60.838684048085355, -74.372721042781961 ], [ -60.70427364769418, -74.307143650203571 ], [ -60.78364864769452, -74.240997816869992 ], [ -61.120734015534453, -74.307143650203571 ], [ -61.331858079662936, -74.328796075333855 ], [ -61.843041347894115, -74.289677016088859 ], [ -61.718165249260835, -74.228285414526141 ], [ -61.57104244652578, -74.194954115697854 ], [ -61.227084113191069, -74.208183282364615 ], [ -61.041875779857008, -74.121935316869497 ], [ -61.160938279857504, -74.055789483535932 ], [ -61.319688279858156, -74.036204115697302 ], [ -61.838287116123269, -74.031966648249337 ], [ -61.74144548200826, -73.995948174941873 ], [ -61.691706915927313, -73.924014581191585 ], [ -61.545643480054338, -73.895954278457125 ], [ -61.403843349845431, -73.895954278457125 ], [ -61.203287116120663, -73.956829115696962 ], [ -61.088436245352028, -73.929285577285398 ], [ -60.902711147694987, -73.870581150201787 ], [ -60.790521613189384, -73.71183115020122 ], [ -60.878888312408407, -73.611785577284095 ], [ -61.07998714867233, -73.538766778455653 ], [ -61.405419481030378, -73.467349949028346 ], [ -61.637188279859458, -73.500164483533652 ], [ -61.737724778883262, -73.375262546684155 ], [ -61.787489183180298, -73.255114841605604 ], [ -61.91500077986052, -73.215995782360622 ], [ -62.008147549066649, -73.147731215303111 ], [ -61.726614345940533, -73.160960381969772 ], [ -61.428182949454992, -73.191656182751146 ], [ -61.241915249258881, -73.250360609834757 ], [ -61.081563279857164, -73.328185316866339 ], [ -60.895838182200237, -73.32022714629332 ], [ -60.686807013579568, -73.271031182751472 ], [ -60.560871548084293, -73.211189874157498 ], [ -60.403697679268504, -73.240335381970112 ], [ -60.122190314358591, -73.275268650199422 ], [ -60.016356981024842, -73.189537449027213 ], [ -59.957084113186056, -73.030787449026562 ], [ -60.010000779852874, -72.938183282359574 ], [ -60.148648647691999, -72.938183282359574 ], [ -60.25448198102572, -73.0175582823599 ], [ -60.384654913968944, -73.007481378062948 ], [ -60.532294481026867, -72.83234994902574 ], [ -60.532294481026867, -72.673599949025174 ], [ -60.724375779855706, -72.64714161569168 ], [ -60.939220547109272, -72.699489841603423 ], [ -61.286356981029883, -72.600581150196746 ], [ -61.280000779858, -72.468289483529503 ], [ -61.047715216706024, -72.470356540821228 ], [ -60.730215216704721, -72.425914809050226 ], [ -60.664586147694109, -72.362456150195769 ], [ -60.691044481027518, -72.269851983528781 ], [ -60.70427364769418, -72.144433282356317 ], [ -60.719621548084859, -72.072448012173737 ], [ -60.833387213775438, -72.051260674934156 ], [ -60.951932949453038, -72.050227146288279 ], [ -61.107504848867706, -72.0915166156895 ], [ -61.310179816316378, -72.112652276496874 ], [ -61.49272681338752, -72.072448012173737 ], [ -61.628196580640662, -72.052862644335192 ], [ -61.893839280837028, -72.0708460427727 ], [ -62.256840379471299, -72.017412611782902 ], [ -61.938823615147101, -71.903621107876234 ], [ -61.644603847893308, -71.862900079230201 ], [ -61.03500281436223, -71.820060316860236 ], [ -60.949271613190035, -71.747558282354774 ], [ -60.995315314362074, -71.661310316859669 ], [ -61.081563279857164, -71.588808282354123 ], [ -61.213338182201426, -71.563900241989472 ], [ -61.562593349846082, -71.675056247849227 ], [ -61.725554979078481, -71.672420749802399 ], [ -61.958925747308626, -71.657589613734615 ], [ -61.909703945550575, -71.631131280401206 ], [ -61.789582078688142, -71.616300144333394 ], [ -61.516007046134945, -71.479254245895319 ], [ -61.369426845939074, -71.452279148239029 ], [ -61.237135179271831, -71.400396010217975 ], [ -61.148251715729828, -71.341691583134434 ], [ -61.003247646718904, -71.319419040816598 ], [ -60.962500779856697, -71.244849949019411 ], [ -61.017019415924636, -71.16702524198783 ], [ -61.066215379466399, -71.132660414513794 ], [ -11.926217413775078, -71.132660414513794 ] ], [ [ -12.963389248089243, -72.064489841600817 ], [ -12.943803880250499, -72.098906345507245 ], [ -12.888251715536768, -72.136991876106364 ], [ -12.719967413778335, -72.187789809049264 ], [ -12.588218349650163, -72.196264743945079 ], [ -12.508843349649851, -72.17352711373664 ], [ -12.534759080444189, -72.140195814908452 ], [ -12.636897548869143, -72.071414483527974 ], [ -12.788748745158813, -72.006302178840173 ], [ -12.875565151409177, -72.000462741991171 ], [ -12.914710048870262, -72.014777113736073 ], [ -12.963389248089243, -72.064489841600817 ] ], [ [ -16.455346645564049, -72.47356047962333 ], [ -16.516738247126852, -72.530714613738098 ], [ -16.509865281631988, -72.582029311003964 ], [ -16.453227911840116, -72.652412611785508 ], [ -16.317783982803149, -72.70217701608253 ], [ -16.174898647516073, -72.702693780405497 ], [ -16.104515346734559, -72.678870945118916 ], [ -16.17226314946916, -72.600012709441472 ], [ -16.302952846735366, -72.477797947071281 ], [ -16.355869513402183, -72.458729343555532 ], [ -16.455346645564049, -72.47356047962333 ] ], [ [ -21.28822994636468, -73.989075209447094 ], [ -21.930645514401135, -74.056823012181709 ], [ -22.035419480872889, -74.106587416478817 ], [ -21.609967413813933, -74.091756280411033 ], [ -21.166531948317271, -74.132477309057066 ], [ -21.051190151441858, -74.175885512182191 ], [ -20.976569383212365, -74.225081475724039 ], [ -20.845853847730069, -74.437833347469677 ], [ -20.817819383211713, -74.454731540829115 ], [ -20.736842413810336, -74.481189874162624 ], [ -20.489183112051592, -74.492868747860513 ], [ -20.416706915762234, -74.443104343563505 ], [ -20.411410081452289, -74.408739516089355 ], [ -20.423579881256984, -74.317168878068145 ], [ -20.600313279695229, -74.197072849421886 ], [ -20.641085984773554, -74.15046070749456 ], [ -20.654315151440215, -74.10498544707778 ], [ -20.607186245190093, -73.886445814915447 ], [ -20.520938279694917, -73.798079115696311 ], [ -20.520938279694917, -73.71183115020122 ], [ -20.580211147533703, -73.619226983534134 ], [ -20.690281948315402, -73.625014743950857 ], [ -20.867015346753561, -73.676897881971897 ], [ -20.979204881259278, -73.790637709446273 ], [ -21.024731818108449, -73.880089613743465 ], [ -21.12630184577813, -73.939879245905246 ], [ -21.28822994636468, -73.989075209447094 ] ], [ [ -32.000160081498706, -79.732652276527347 ], [ -31.823943447383442, -79.849596042803825 ], [ -31.594293382278266, -79.887733249835236 ], [ -30.844468349723229, -79.938531182778121 ], [ -30.422194383250144, -80.01098154085139 ], [ -30.029014248157495, -79.936412449054188 ], [ -29.7998809473753, -79.925818780434355 ], [ -29.720505947374988, -79.930056247882305 ], [ -29.61467261404124, -79.909385674965506 ], [ -29.870781012479711, -79.823137709470416 ], [ -30.660319383251135, -79.733169040850242 ], [ -30.779898647574498, -79.647489516110312 ], [ -30.861392381298856, -79.725779311032483 ], [ -30.840747646598146, -79.771306247881654 ], [ -30.985209113070084, -79.81838347769957 ], [ -31.118560146599293, -79.798281345538044 ], [ -31.60486121268201, -79.64480234163112 ], [ -31.68054134777347, -79.63426034944365 ], [ -32.000160081498706, -79.732652276527347 ] ], [ [ -32.515038214638764, -79.682939548662517 ], [ -32.342516445432295, -79.673379408688561 ], [ -32.001219448360672, -79.607233575354968 ], [ -31.95677771658967, -79.603564548662291 ], [ -31.933471645626042, -79.568114516110001 ], [ -32.149918382280561, -79.529977309078589 ], [ -32.376390346799639, -79.534731540849435 ], [ -32.500749681110051, -79.592454115719477 ], [ -32.583302781696347, -79.658599949053041 ], [ -32.515038214638764, -79.682939548662517 ] ], [ [ -34.050138312301158, -79.356964613765399 ], [ -33.934279751102764, -79.320429376135039 ], [ -33.946966315230441, -79.305649916499618 ], [ -33.994586147587427, -79.278623142410936 ], [ -34.391461147588956, -79.223070977697205 ], [ -35.534466315236784, -79.090262546707081 ], [ -35.59743404798445, -79.091864516108132 ], [ -35.790057949352359, -79.149018650222899 ], [ -36.047742478975778, -79.181264743973031 ], [ -36.237730882296887, -79.195579115717933 ], [ -36.565798712701849, -79.208808282384595 ], [ -36.600731980931158, -79.282860609858901 ], [ -36.481152716607681, -79.29397104280163 ], [ -34.050138312301158, -79.356964613765399 ] ], [ [ -49.354165411971735, -78.222408542797325 ], [ -49.939969448432407, -78.462135512199339 ], [ -50.141585049019113, -78.556858412590344 ], [ -50.219358079618416, -78.60502084748633 ], [ -50.293978847847882, -78.696023044752366 ], [ -50.377591315296172, -78.780669040846419 ], [ -50.335242479032985, -78.818289483554935 ], [ -50.242121548043031, -78.833068943190455 ], [ -50.297673712756762, -78.882316583164581 ], [ -50.379710049020105, -78.923037611810514 ], [ -50.50246741392948, -78.950012709466904 ], [ -50.513577846872209, -78.979674981602415 ], [ -50.50246741392948, -79.021997979649484 ], [ -50.520450812367073, -79.104525242019605 ], [ -50.573367479033891, -79.172273044754235 ], [ -50.649047614125323, -79.232579441238897 ], [ -50.733176845896509, -79.282860609858901 ], [ -50.463839280791262, -79.313039646317378 ], [ -50.41939754902026, -79.321514581213194 ], [ -50.378650682158138, -79.33789601024975 ], [ -50.331547614124133, -79.381304213374875 ], [ -50.295038214709848, -79.429983412593842 ], [ -50.33947994648085, -79.479747816890949 ], [ -50.401388312366578, -79.5114771463181 ], [ -50.664395514516031, -79.626818943193612 ], [ -51.18402787942702, -79.81946868277771 ], [ -51.711075812371774, -79.989845880043987 ], [ -52.297396613155428, -80.141206150226878 ], [ -52.33814348001755, -80.125858249836199 ], [ -52.357186245317109, -80.077695814940228 ], [ -52.460926683143015, -80.066585381997413 ], [ -52.566760016476735, -80.098831475747517 ], [ -52.80697791198557, -80.155985609862398 ], [ -53.053577846882348, -80.175054213378047 ], [ -53.176361050007813, -80.160739841633244 ], [ -53.346738247274175, -80.11474781689347 ], [ -53.39384131530818, -80.108908380044483 ], [ -53.482208014527316, -80.18880014436769 ], [ -53.675891282757192, -80.283523044758709 ], [ -54.044705980024361, -80.487231540853244 ], [ -54.129377814334617, -80.516377048665859 ], [ -54.347400682173969, -80.569293715332776 ], [ -54.371740281783445, -80.623760674968437 ], [ -54.350578782759953, -80.760289809083545 ], [ -54.241567348840249, -80.847106215333909 ], [ -54.201879848840065, -80.864004408693347 ], [ -54.16270911316289, -80.869843845542349 ], [ -49.773287116074926, -80.784112644370055 ], [ -49.701301845892345, -80.753416843588681 ], [ -49.629885016465039, -80.712127374187475 ], [ -49.410260179224565, -80.667168878093577 ], [ -49.187483079614253, -80.642829278484101 ], [ -43.528061082521361, -80.191435642414604 ], [ -43.489432949383172, -80.178206475747857 ], [ -43.453957078614849, -80.154952081216521 ], [ -43.458737148601784, -80.123171075357007 ], [ -43.489949713706125, -80.095679213377736 ], [ -43.758227911949405, -80.020541680825346 ], [ -43.742363247235744, -80.003075046710734 ], [ -43.703735114097555, -79.990362644366883 ], [ -43.600020514487824, -79.973981215330411 ], [ -43.495763312338937, -79.969226983559565 ], [ -43.267172614095841, -79.978735447101258 ], [ -43.06609961604812, -79.891402276527998 ], [ -42.989902716633793, -79.801433607907839 ], [ -42.944918382323692, -79.579224949052815 ], [ -42.965537278808199, -79.477060642411757 ], [ -43.118473680175953, -79.35009164827062 ], [ -43.210561082520059, -79.299810479650631 ], [ -43.267172614095841, -79.163281345535523 ], [ -43.363471645671694, -79.084939874180975 ], [ -43.450804816244954, -78.989700209467074 ], [ -43.544468349774007, -78.901850274570933 ], [ -43.627538214683199, -78.846298109857116 ], [ -43.722261115074218, -78.818289483554935 ], [ -44.041337246260383, -78.806610609856946 ], [ -44.56626644548129, -78.804491876133014 ], [ -45.091738247241096, -78.814568780429965 ], [ -45.222453782723392, -78.810848077304897 ], [ -45.352084113127631, -78.791262709466253 ], [ -45.29492997901275, -78.739948012200472 ], [ -45.21291948096561, -78.687031345533569 ], [ -45.067915411954601, -78.661606540846023 ], [ -43.947156948408434, -78.597579441236377 ], [ -43.852434048017443, -78.529883314933954 ], [ -43.788406948407783, -78.432524916496135 ], [ -43.776753912925983, -78.384879245922946 ], [ -43.784686245282813, -78.336200046704079 ], [ -43.808509080569308, -78.286435642406957 ], [ -43.854552781741461, -78.258427016104804 ], [ -44.093737148604305, -78.167373142406475 ], [ -44.339794480962126, -78.092752374177081 ], [ -44.594326748215735, -78.035081475739332 ], [ -44.852037116055271, -77.988521010244298 ], [ -45.530419480966827, -77.881654148264687 ], [ -45.993440314302035, -77.826618747873852 ], [ -46.258023647636406, -77.804914646311275 ], [ -46.825818447443396, -77.785329278472631 ], [ -47.030069546077016, -77.790600274566458 ], [ -47.46345394549283, -77.819177341623885 ], [ -47.692070481952015, -77.840364678863494 ], [ -49.081132981957637, -78.047277113760202 ], [ -49.143558112166232, -78.093837579255137 ], [ -49.354165411971735, -78.222408542797325 ] ], [ [ -59.787766282781746, -80.100950209471549 ], [ -59.785647549057728, -80.000956312986716 ], [ -59.752290412013338, -79.937962742022933 ], [ -59.706272549057388, -79.875537611814337 ], [ -59.873471645737766, -79.777094008298349 ], [ -60.578854946521801, -79.741127211423162 ], [ -61.026527879466329, -79.808875014157877 ], [ -61.114894578685465, -79.862308445147676 ], [ -61.342968512605665, -79.886648044757152 ], [ -61.346146613191564, -79.950675144366713 ], [ -61.246152716706831, -79.978218682778277 ], [ -61.302221645743543, -79.995685316892988 ], [ -61.684291347893463, -80.020024916502464 ], [ -61.717105882398783, -80.069220880044313 ], [ -61.694342413974226, -80.134281508299736 ], [ -61.597500779859303, -80.20575001415942 ], [ -61.48479448103069, -80.243835544758539 ], [ -61.193752814362796, -80.25654794710232 ], [ -61.312815314363377, -80.306829115722309 ], [ -61.633493414950578, -80.343829441243372 ], [ -62.231984015538842, -80.368737481608022 ], [ -62.518788214758757, -80.373491713378868 ], [ -65.980075649668493, -80.384602146321598 ], [ -66.115519578705431, -80.361296075357984 ], [ -66.167402716726485, -80.345948174967305 ], [ -66.2176580471303, -80.258149916503356 ], [ -66.295973680268673, -80.234843845539743 ], [ -66.376950649670022, -80.222131443195963 ], [ -66.482783983003856, -80.224250176919895 ], [ -66.588617316337604, -80.238564548664812 ], [ -66.681221483004578, -80.260268650227374 ], [ -66.771164313408548, -80.294116713378543 ], [ -66.73359554713241, -80.318456312988019 ], [ -66.591252814384404, -80.357627048665293 ], [ -66.183784145763042, -80.442273044759361 ], [ -65.202707078701792, -80.607379245931895 ], [ -64.268216315351737, -80.748662611817835 ], [ -64.22005388045568, -80.733831475750122 ], [ -64.126390346926627, -80.667685642416473 ], [ -64.064998745363908, -80.65021900830186 ], [ -63.714710049073489, -80.616887709473573 ], [ -63.143737148680515, -80.594666843588115 ], [ -63.067540249266187, -80.627481378093421 ], [ -62.986046515541915, -80.734399916505311 ], [ -62.940519578692772, -80.766129245932547 ], [ -62.670665249264545, -80.834393812990044 ], [ -62.023495449457357, -80.888912449058012 ], [ -60.582575649646884, -80.948185316896797 ], [ -60.268227912015362, -80.881471042807959 ], [ -60.124825812405504, -80.840750014162026 ], [ -59.926388312404669, -80.774604180828362 ], [ -59.825335049057884, -80.733314711427155 ], [ -59.771359015529015, -80.656575209473743 ], [ -59.773477749253033, -80.558183282390047 ], [ -59.733790249252849, -80.344397881998546 ], [ -59.683509080632859, -80.315252374185931 ], [ -59.612609015528449, -80.255462742024235 ], [ -59.530055914942125, -80.207868747883438 ], [ -59.426341315332309, -80.197791843586486 ], [ -59.321567348860555, -80.19618987418545 ], [ -59.407815314355645, -80.150714613768571 ], [ -59.498300747298799, -80.115264581216366 ], [ -59.787766282781746, -80.100950209471549 ] ], [ [ -65.870521613209689, -79.737974949053381 ], [ -66.013923712819661, -79.624183445146713 ], [ -66.273752814383215, -79.612039483558107 ], [ -66.785452846937289, -79.607802016110156 ], [ -66.881235114190247, -79.58237721142261 ], [ -66.97913611516725, -79.568631280432967 ], [ -67.438436245377375, -79.560156345537052 ], [ -67.68769751653727, -79.528427016109831 ], [ -67.808852912045609, -79.545893650224542 ], [ -67.77076738144649, -79.589250176917375 ], [ -67.718910081641525, -79.620462742021729 ], [ -67.077037116144254, -79.761746107907669 ], [ -66.993424648695964, -79.793527113767198 ], [ -66.962186245375534, -79.872902113767523 ], [ -66.903998582614889, -79.90886891064261 ], [ -66.410281948498294, -79.973412774575152 ], [ -66.366873745373169, -80.054389743976515 ], [ -66.319253913016183, -80.075060316893314 ], [ -66.267396613211218, -80.081364841632904 ], [ -66.173733079682279, -80.077695814940228 ], [ -65.989584113210185, -80.053872979653633 ], [ -65.899098680267031, -80.040643812986872 ], [ -65.504342413989434, -79.954395847491782 ], [ -65.539792446541725, -79.836935316892337 ], [ -65.579479946541795, -79.770789483558758 ], [ -65.870521613209689, -79.737974949053381 ] ], [ [ -69.634477912052915, -79.517316583167101 ], [ -69.686361050073884, -79.443212579260603 ], [ -69.394260016544109, -79.279708347489105 ], [ -69.250832078718048, -79.210358575353354 ], [ -68.638078782817075, -79.013006280430687 ], [ -68.157048712828185, -78.870637709466592 ], [ -67.480785081640647, -78.682277113762723 ], [ -67.166463182225243, -78.569570814934124 ], [ -67.046341315362781, -78.514018650220379 ], [ -66.787054816338411, -78.421931247876287 ], [ -66.728298712822493, -78.38379404084489 ], [ -66.839971483005229, -78.34942921337074 ], [ -67.037866380466966, -78.315581150219572 ], [ -67.478666347916629, -78.362658380037487 ], [ -69.398471645775885, -78.685997816887692 ], [ -69.747726813420513, -78.769041843580794 ], [ -69.972105882431833, -78.809246107903846 ], [ -70.544138149686688, -78.883866876133339 ], [ -70.626148647733913, -78.901333510247952 ], [ -71.254275682241655, -79.059566745925707 ], [ -71.453772549104457, -79.128864841629081 ], [ -71.667557949495944, -79.245808607905559 ], [ -71.783442348910455, -79.444246107906366 ], [ -71.77760291206144, -79.500366713375371 ], [ -71.73527991401437, -79.53845224397449 ], [ -71.686600714795418, -79.568114516110001 ], [ -71.525731981070834, -79.623666680823817 ], [ -71.414085049104273, -79.640048109860274 ], [ -70.983852912058268, -79.674464613766702 ], [ -70.552587246366414, -79.682939548662517 ], [ -70.334047614204053, -79.679735609860444 ], [ -70.116567348903772, -79.665989678870801 ], [ -69.731862148706938, -79.618344008297697 ], [ -69.634477912052915, -79.517316583167101 ] ], [ [ -67.434224616145627, -79.500883477698267 ], [ -67.261702846939244, -79.452721042802281 ], [ -67.305111050064369, -79.394016615718655 ], [ -67.239481981053672, -79.327870782385077 ], [ -67.172819383397126, -79.311437676916242 ], [ -67.068562181248325, -79.268597914546291 ], [ -67.474428880468679, -79.223070977697205 ], [ -67.714155849870707, -79.214079278478408 ], [ -68.032715216733976, -79.22730844514507 ], [ -68.233245612242598, -79.284979343582833 ], [ -68.324273647724652, -79.29820851024958 ], [ -68.422174648701656, -79.333141778478904 ], [ -68.549169481058982, -79.437373142411587 ], [ -68.407886115172943, -79.46383147574501 ], [ -68.161286180276136, -79.478662611812808 ], [ -67.434224616145627, -79.500883477698267 ] ] ] } },
{ "type": "Feature", "properties": { "name": "SOUTHERN OCEAN", "featurecla": "ocean", "scalerank": 0 }, "geometry": { "type": "Polygon", "coordinates": [ [ [ -57.67637061220023, -61.942058607836316 ], [ -57.737762213763062, -61.921439711351923 ], [ -57.849409145729567, -61.939939874112383 ], [ -57.978548550026915, -61.91193124781023 ], [ -58.265352749246858, -61.95316904077913 ], [ -58.399220547099048, -61.938389581143554 ], [ -58.683389248272078, -62.008204441169994 ], [ -58.709304979066303, -62.04473967880034 ], [ -58.955388149640214, -62.164318943123646 ], [ -59.003524746320124, -62.209845879972875 ], [ -58.818859015525106, -62.171191908618482 ], [ -58.757467413962445, -62.205091648201964 ], [ -58.977066412986744, -62.255889581144856 ], [ -58.962261115135163, -62.263796075285583 ], [ -58.878648647686958, -62.268033542733541 ], [ -58.837901780824751, -62.302450046639883 ], [ -59.059619513572983, -62.34797698348904 ], [ -59.174444546125642, -62.301933282317009 ], [ -59.382416347884202, -62.38130828231732 ], [ -59.35332251650388, -62.413037611744464 ], [ -59.389289313379066, -62.444250176848804 ], [ -59.525301683171193, -62.451691583098849 ], [ -59.541166347884882, -62.442131443124765 ], [ -60.002611050035114, -62.61834807724005 ], [ -60.139656948473032, -62.548481540781495 ], [ -60.576219448474831, -62.572872816823292 ], [ -60.624898647693783, -62.560160414479412 ], [ -60.731791347889612, -62.490810642343661 ], [ -60.79951331240801, -62.474945977630171 ], [ -60.83762468122336, -62.533702081145975 ], [ -60.974670579661336, -62.59188974390662 ], [ -61.15248918317775, -62.58925424585982 ], [ -61.149827846914718, -62.634212741953718 ], [ -61.063579881419571, -62.678706150157005 ], [ -62.344173550044445, -62.91786467880376 ], [ -62.411352912023887, -62.971814874116539 ], [ -62.615087246334639, -63.069224948986751 ], [ -63.485576748291237, -64.26036671331434 ], [ -63.534255947510133, -64.27307911565822 ], [ -63.605698615153642, -64.31431690862712 ], [ -63.682954881429907, -64.342893975684547 ], [ -63.67595612531403, -64.362378317624064 ], [ -63.668123745362209, -64.384183445085682 ], [ -63.67447994653412, -64.42123544703901 ], [ -63.786257910284917, -64.437858836519865 ], [ -63.916325649660166, -64.457202243914139 ], [ -63.896740281821508, -64.486864516049707 ], [ -63.867103847902001, -64.509602146258032 ], [ -63.903975242419051, -64.518403603766728 ], [ -64.170832078697572, -64.582104180763622 ], [ -64.226410081627591, -64.635537611753421 ], [ -64.271911180260474, -64.697445977639006 ], [ -64.183544481041338, -64.709641615659905 ], [ -64.099415249270351, -64.732896010191325 ], [ -64.00732784692616, -64.768346042743531 ], [ -63.804136115154506, -64.79165211370713 ], [ -63.7602111477064, -65.033497816833119 ], [ -63.912604946535055, -65.093287448994772 ], [ -64.038023647707462, -65.179018650166995 ], [ -64.071354946535848, -65.278495782328832 ], [ -64.051252814374095, -65.417143650167986 ], [ -63.907850714764322, -65.467373142355598 ], [ -63.797779913982538, -65.480602309022345 ], [ -63.817882046144064, -65.531400241965343 ], [ -63.862349616131382, -65.555739841574734 ], [ -64.06605811222579, -65.553621107850802 ], [ -64.132203945559468, -65.570570977642546 ], [ -64.179849616132458, -65.617131443137453 ], [ -64.213697679283655, -65.632996107851113 ], [ -64.439136115157112, -65.640437514101166 ], [ -64.416915249271483, -65.68012501410135 ], [ -64.389914313399117, -65.708702081158776 ], [ -64.435415412032057, -65.768491713320429 ], [ -64.47458614770926, -65.781204115664138 ], [ -64.64656531437663, -65.747872816835923 ], [ -64.673023647709954, -65.814018650169601 ], [ -64.653438279871352, -65.866935316836418 ], [ -64.547604946537604, -65.900266615664691 ], [ -64.514273647709501, -65.95953948350342 ], [ -64.613750779871339, -66.019329115665187 ], [ -64.72170284692902, -65.992870782331693 ], [ -64.998998582607157, -65.946310316836673 ], [ -65.104831915940906, -65.957937514102468 ], [ -65.267276780850466, -65.994421075300522 ], [ -65.22229244654045, -66.06852507920695 ], [ -65.172037116136437, -66.116687514103035 ], [ -65.316498582608403, -66.139941908634455 ], [ -65.465197516528292, -66.129399916446914 ], [ -65.617048712817962, -66.135187676863495 ], [ -65.717611050058053, -66.254250176863991 ], [ -65.774739345956732, -66.288149916447537 ], [ -65.775798712818641, -66.342616876083127 ], [ -65.67844031438068, -66.402974949000054 ], [ -65.718127814380864, -66.573352146266359 ], [ -65.766290249276835, -66.624666843532111 ], [ -65.847241380462094, -66.650091648219757 ], [ -65.953617316334828, -66.645854180771778 ], [ -66.181665412038967, -66.592420749781979 ], [ -66.306567348888336, -66.59185230902682 ], [ -66.371111212821006, -66.608802178818564 ], [ -66.503402879488135, -66.689779148219941 ], [ -66.526683112235617, -66.740577081162883 ], [ -66.464774746349917, -66.875504245876982 ], [ -66.501826748303301, -66.940048109809482 ], [ -66.533039313407699, -66.979218845486685 ], [ -66.515055914970048, -67.062314548612051 ], [ -66.49071631536043, -67.114146010200841 ], [ -66.472190314383965, -67.242768650175265 ], [ -66.498648647717459, -67.289329115670228 ], [ -66.55156531438422, -67.262870782336734 ], [ -66.609778815360926, -67.208352146268851 ], [ -66.757418382418848, -67.232691745878356 ], [ -66.836250779880288, -67.282456150175449 ], [ -66.902396613213682, -67.255997816841955 ], [ -66.885989345961036, -67.179775079211424 ], [ -66.928854946547176, -67.143808282336238 ], [ -66.9553132798805, -66.985058282335672 ], [ -67.034688279880925, -66.945370782335488 ], [ -67.160106981053332, -66.951726983507399 ], [ -67.29927161321541, -67.070789483507895 ], [ -67.44055497910125, -67.09089161566942 ], [ -67.493471645768295, -67.112544040799776 ], [ -67.502489183203238, -67.13745208116444 ], [ -67.708316413021691, -67.15703744900307 ], [ -67.687697516537241, -67.147477309029114 ], [ -67.761233079688452, -67.123137709419609 ], [ -67.827921515561229, -67.081899916450709 ], [ -67.876058112241026, -67.062314548612051 ], [ -67.949102749285657, -67.044847914497439 ], [ -67.968145514585217, -67.032135512153502 ], [ -67.96920488144724, -66.981854343533598 ], [ -67.932152879493799, -66.844291680772528 ], [ -67.740614183204059, -66.746364841579521 ], [ -67.68134131536533, -66.708796075303383 ], [ -67.710977749284666, -66.633141778428012 ], [ -67.8305570136082, -66.624150079209244 ], [ -67.937449713803801, -66.656964613714649 ], [ -68.048579881447495, -66.69740440756857 ], [ -68.33592668320648, -66.801968682725544 ], [ -68.416877814391682, -66.85328337999141 ], [ -68.574568447530282, -66.992448012153432 ], [ -68.656578945577621, -67.070221042752621 ], [ -68.733318447531019, -67.157037449002985 ], [ -68.820109015565208, -67.233725274524204 ], [ -69.082573615175647, -67.403068943144717 ], [ -69.13282894557949, -67.45283334744164 ], [ -69.138125779889378, -67.51525847765032 ], [ -69.137066413027384, -67.518979180775389 ], [ -70.400736050076716, -68.795852146275195 ], [ -70.417117479113188, -68.788979180780416 ], [ -71.391321580679687, -68.873625176874498 ], [ -71.869173550082678, -68.940856215286203 ], [ -95.609688279995339, -72.175129083137676 ], [ -95.609171515672301, -72.068210544725787 ], [ -95.6853684150866, -72.056583347460162 ], [ -95.906569383512078, -72.122212416470859 ], [ -96.482296515675785, -72.207375176887808 ], [ -96.717760179413744, -72.255537611783893 ], [ -96.798737148815121, -72.259258314908834 ], [ -96.890281948620213, -72.247062676888049 ], [ -96.978648647839236, -72.221689548632696 ], [ -96.715124681367001, -72.131720880012551 ], [ -96.298147549203691, -72.04495615019448 ], [ -96.125109015674411, -71.895714613735493 ], [ -96.383336147836985, -71.836441745896707 ], [ -96.869637213919532, -71.851272881964576 ], [ -97.088719448620964, -71.943877048631578 ], [ -97.154865281954528, -72.045472914517347 ], [ -97.195612148816735, -72.090948174934226 ], [ -97.242172614311698, -72.131720880012551 ], [ -97.34537044959859, -72.188875014127348 ], [ -97.460195482151107, -72.188358249804423 ], [ -97.52579871294563, -72.149187514127163 ], [ -97.58189348019846, -72.095185642382091 ], [ -97.473424648817684, -72.000462741991157 ], [ -97.584554816461434, -71.882485447068746 ], [ -97.815781012751472, -71.918969008266913 ], [ -97.923216315486229, -72.116372979621872 ], [ -98.168214280981999, -72.123245945116707 ], [ -98.176146613338915, -72.018497816861043 ], [ -98.090958014705677, -71.912664483527294 ], [ -98.189375780005662, -71.820060316860236 ], [ -98.39416948117821, -71.781406345505957 ], [ -98.615370449603517, -71.763939711391231 ], [ -98.964599779032142, -71.8544251443343 ], [ -99.08208614784769, -71.93276661568882 ], [ -99.254065314515003, -71.972454115689004 ], [ -99.563090379620405, -71.944910577277426 ], [ -99.735069546287889, -72.032760512173581 ], [ -99.783748745506671, -72.044387709439263 ], [ -99.832970547264836, -72.045989678840328 ], [ -99.985364346093377, -71.939639581183599 ], [ -100.084867316471446, -71.836958510219688 ], [ -100.218735114323522, -71.832721042771709 ], [ -100.400765347071683, -71.865535577277114 ], [ -102.127972581779204, -71.985683282355637 ], [ -102.127972581779204, -71.939122816860731 ], [ -107.165106981213341, -71.939122816860731 ], [ -180.0, -71.939122816860731 ], [ -180.0, -60.533462416424548 ], [ -68.077673712827846, -60.533462416424548 ], [ -68.048579881447523, -60.533462416424548 ], [ -56.238758104056501, -60.533462416424527 ], [ -55.655512050994332, -60.533462416424527 ], [ -45.938404913911199, -60.533462416424527 ], [ -45.956388312348736, -60.568344008221516 ], [ -45.954812181163845, -60.597489516034102 ], [ -45.937345547049205, -60.61971038191956 ], [ -45.780197516449562, -60.585810642336185 ], [ -45.709271613128976, -60.645600274497781 ], [ -45.398127814299642, -60.649837741945817 ], [ -45.17374874528835, -60.73293344507114 ], [ -45.172715216642587, -60.698516941164712 ], [ -45.186461147632144, -60.672058607831275 ], [ -45.210800747241706, -60.648287448976987 ], [ -45.228267381356318, -60.6398125140812 ], [ -45.357380947437491, -60.623947849367596 ], [ -45.386474778817842, -60.58265837996629 ], [ -45.499723680185411, -60.546691583091217 ], [ -45.610853847829105, -60.533462416424548 ], [ -44.864723680183033, -60.533462416424548 ], [ 19.615836622809496, -60.533462416424548 ], [ 166.066380650087922, -60.533462416424527 ], [ 179.999897088945858, -60.533462416424548 ], [ 179.999897088945858, -71.939122816860731 ], [ 170.729920282268154, -71.939122816860731 ], [ 170.859059686565729, -71.868739516079188 ], [ 170.779684686565247, -71.744871107875554 ], [ 170.603468052449898, -71.604156182744816 ], [ 170.435726353230621, -71.418947849410756 ], [ 170.276976353229998, -71.443804213343128 ], [ 170.250518019896276, -71.568706150192611 ], [ 170.162151320677367, -71.630614516078197 ], [ 169.976942987343364, -71.580850111781103 ], [ 169.663680454790097, -71.511552016077758 ], [ 168.79789350817191, -71.274977309045596 ], [ 168.383086786164881, -71.197204278446236 ], [ 168.172505324575582, -71.183458347456678 ], [ 167.966109654001912, -71.092456150190628 ], [ 167.878259719105699, -71.013081150190317 ], [ 167.798884719105331, -70.924662774539001 ], [ 167.640134719104708, -70.854331150189751 ], [ 167.569234654000297, -70.810406182741644 ], [ 167.228997023790612, -70.771235447064441 ], [ 166.626759881860949, -70.664316908652495 ], [ 166.132009719098846, -70.63258757922523 ], [ 165.853680454774803, -70.64529998156911 ], [ 165.209171991230392, -70.570679213339645 ], [ 164.715972121436948, -70.556364841594814 ], [ 164.403226353206378, -70.510372816854954 ], [ 163.998393182631958, -70.636308282350285 ], [ 163.566636590833241, -70.642096042766923 ], [ 163.348613722993832, -70.620960381959605 ], [ 163.026359491221569, -70.50132944120395 ], [ 162.674959751636834, -70.304493910604094 ], [ 162.216176385749918, -70.334156182739775 ], [ 162.021976353196806, -70.439989516073524 ], [ 162.039442987311531, -70.625197849407584 ], [ 162.286559686531291, -70.969156182742211 ], [ 162.277567987312636, -71.022072849409142 ], [ 162.189718052416424, -71.039539483523811 ], [ 161.916143019863171, -70.907247816856568 ], [ 161.625101353195191, -70.916239516075393 ], [ 161.424545119470622, -70.826787611778173 ], [ 161.037178583010814, -70.317206312948031 ], [ 160.826597121421173, -70.182279148233818 ], [ 160.65198245670706, -70.080683282348105 ], [ 160.209580519856331, -69.974849949014356 ], [ 160.125968052407984, -69.83987110786785 ], [ 160.125968052407984, -69.734037774534215 ], [ 159.93073449120925, -69.630323174924399 ], [ 159.78412845279729, -69.521854343543737 ], [ 159.386219924149714, -69.468420912553938 ], [ 158.646885207349897, -69.320264581173205 ], [ 158.432634719068005, -69.299594008256406 ], [ 158.158026157868903, -69.209108575313394 ], [ 157.93251020734715, -69.180531508255967 ], [ 157.775930617502809, -69.204871107865415 ], [ 157.481219924142238, -69.308585707475231 ], [ 157.046156040676919, -69.176294040807988 ], [ 156.488463983383213, -69.183218682735117 ], [ 156.011180454735154, -69.077902113724292 ], [ 155.520099318665643, -69.024468682734494 ], [ 155.163997023742354, -68.894812514114165 ], [ 154.987211948871732, -68.841379083124366 ], [ 154.866030715147303, -68.774148044712604 ], [ 154.576074253557522, -68.634466648227715 ], [ 154.199818150040642, -68.418045749789314 ], [ 154.031559686498326, -68.349781182731817 ], [ 153.908259719049738, -68.32332284939838 ], [ 153.784442987278339, -68.349781182731817 ], [ 153.792401157851373, -68.493183282341761 ], [ 153.766976353163841, -68.640822849399626 ], [ 153.705067987278198, -68.728621107863546 ], [ 153.495468377902284, -68.764122816848044 ], [ 153.339922316703905, -68.818073012160767 ], [ 153.081643508108982, -68.856726983515046 ], [ 152.813959588837179, -68.767791843540749 ], [ 152.545655552377752, -68.72970631294163 ], [ 152.265155877897428, -68.725468845493651 ], [ 151.561942987269731, -68.693739516066444 ], [ 151.447634719040025, -68.764122816848044 ], [ 151.288884719039402, -68.817039483514861 ], [ 151.138609653934623, -68.764122816848044 ], [ 151.121143019819897, -68.622787774529797 ], [ 151.068226353152909, -68.384662774528749 ], [ 150.93593468648578, -68.358204441195255 ], [ 150.671868117474332, -68.402697849398635 ], [ 150.342224155884537, -68.436029148226908 ], [ 150.065393508097145, -68.420164483513247 ], [ 149.716732619423624, -68.418045749789314 ], [ 149.262703485307156, -68.431274916456061 ], [ 148.880659621373411, -68.431274916456061 ], [ 148.456241082960446, -68.467241713331248 ], [ 147.568801711211904, -68.375154310987057 ], [ 147.353982782174512, -68.384146010205882 ], [ 147.093636916288233, -68.368798109815202 ], [ 146.797841017849692, -68.273558445101287 ], [ 146.87830122292803, -68.191031182731138 ], [ 146.896801385688491, -68.120079441194434 ], [ 146.852359653917233, -68.040704441194123 ], [ 146.827968377875777, -67.964533379995885 ], [ 146.276632521753754, -67.750747979604398 ], [ 145.974997186466112, -67.624295749786143 ], [ 145.556418084901907, -67.590912774525577 ], [ 145.127813755472971, -67.625846042754972 ], [ 144.879095086852317, -67.721085707468887 ], [ 144.404447056251456, -67.794156182729523 ], [ 144.189059686458791, -67.899989516063272 ], [ 143.977393019791521, -67.864539483511066 ], [ 143.941942987239031, -67.794156182729523 ], [ 144.153609653906528, -67.643829441192509 ], [ 144.259442987240504, -67.478774916452267 ], [ 144.515551385678918, -67.282456150175449 ], [ 144.621384719012553, -67.141121107857202 ], [ 144.550484653908143, -67.035287774523397 ], [ 144.3478096864593, -67.017872816841077 ], [ 144.117642857031683, -67.087687676867404 ], [ 143.911247186457672, -67.09089161566942 ], [ 143.86256798723889, -66.938497816840652 ], [ 143.730276320571534, -66.87653777452266 ], [ 143.44822635312255, -66.87653777452266 ], [ 143.168760207288187, -66.948523044705382 ], [ 142.88836388567222, -66.999837741971191 ], [ 142.687239211192377, -67.012550144314957 ], [ 142.326382684498299, -66.948523044705382 ], [ 142.159157749601604, -66.873385512152936 ], [ 141.972864211189631, -66.80672291449639 ], [ 141.517284784104277, -66.794010512152624 ], [ 141.286032749598348, -66.831579278428819 ], [ 140.90187015194067, -66.752204278428508 ], [ 139.900174188394772, -66.71515227647518 ], [ 139.613369989174998, -66.637379245875991 ], [ 139.24186811742868, -66.573868910589226 ], [ 138.376701287998117, -66.540537611760953 ], [ 138.270867954664482, -66.564360447047534 ], [ 138.140178257398361, -66.543689874130848 ], [ 137.925824416251544, -66.456925144312777 ], [ 137.75384524958406, -66.406643975692759 ], [ 137.336351353098166, -66.346337579208182 ], [ 136.889143508044185, -66.339464613713233 ], [ 136.73938520726233, -66.4077291807709 ], [ 136.553143345282365, -66.438941745875184 ], [ 136.193888787989522, -66.29233570746311 ], [ 136.009197218978102, -66.26696257920787 ], [ 135.55465132053871, -66.180197849389685 ], [ 135.351976353090208, -66.127281182722868 ], [ 134.971482782125122, -66.32995615017154 ], [ 134.769893019754591, -66.353210544702961 ], [ 134.397822707252885, -66.479662774521216 ], [ 134.289405552304629, -66.476510512151322 ], [ 134.231734653866852, -66.347371107853974 ], [ 134.178817987200205, -66.277039483504723 ], [ 133.957642856990674, -66.204537448999247 ], [ 133.842817824438271, -66.153739516056362 ], [ 133.444340855035762, -66.081754245873697 ], [ 133.148544956596993, -66.094983412540444 ], [ 132.874401483288466, -66.178079115665753 ], [ 132.320378452687578, -66.165366713321987 ], [ 131.830899286018962, -66.235750014103587 ], [ 131.231866082891543, -66.215647881942004 ], [ 130.95193484916615, -66.1913082823325 ], [ 130.578365920128334, -66.208774916447126 ], [ 126.423890822455519, -66.462247816838783 ], [ 126.077296991074036, -66.395533542750059 ], [ 125.865630324406425, -66.364320977645775 ], [ 125.603114048363636, -66.393414809026012 ], [ 125.397803582868164, -66.424627374130353 ], [ 125.286182489117778, -66.515681247828581 ], [ 125.09513471893456, -66.641099949001045 ], [ 124.821559686381306, -66.694533379990844 ], [ 124.59769738169291, -66.708279310980402 ], [ 124.370734491067196, -66.652210381943689 ], [ 124.196068149920734, -66.600844008245645 ], [ 123.969053582862443, -66.608285414495583 ], [ 123.666384718928839, -66.677066745876061 ], [ 123.221864048354064, -66.745331312933729 ], [ 122.632907749523611, -66.805120945095439 ], [ 122.182599318532425, -66.859639581163378 ], [ 122.03284101775057, -66.901962579210362 ], [ 121.613228387540403, -67.056991876086045 ], [ 121.487809686368109, -67.09089161566942 ], [ 120.978745151860721, -67.135850111763318 ], [ 120.400382521650272, -67.235844008248137 ], [ 119.133018019692031, -67.370822849394585 ], [ 118.921868117347458, -67.319456475696427 ], [ 119.280657586749953, -67.19936044705014 ], [ 119.953743117351337, -67.076060479601722 ], [ 120.374906040530163, -66.983973077257531 ], [ 120.289226515790233, -66.966506443142976 ], [ 120.187113885581539, -66.965989678819994 ], [ 119.768018019694637, -66.99141448350764 ], [ 119.318226353026034, -67.070789483507895 ], [ 118.964759556149716, -67.1448418109822 ], [ 118.713922153804788, -67.171816908638505 ], [ 118.519205356929092, -67.160706475695747 ], [ 118.326038853021942, -67.115231215278982 ], [ 118.138711785964006, -67.082416680773576 ], [ 117.951901483228994, -67.085568943143301 ], [ 117.744989048332286, -67.128460381945558 ], [ 117.29788455614289, -67.109391778429995 ], [ 117.131693149892271, -67.114146010200841 ], [ 116.923747186349942, -67.055441583117215 ], [ 116.71368248908334, -67.046966648221371 ], [ 116.508888787910564, -67.10778980902893 ], [ 116.214643182440795, -67.142723077258154 ], [ 115.884999220851, -67.201995945096996 ], [ 115.384409621239342, -67.237962741972183 ], [ 115.171657749493875, -67.307829278430688 ], [ 114.925626255352086, -67.356508477649584 ], [ 114.657838983215697, -67.387721042753924 ], [ 114.319203322406906, -67.405704441191517 ], [ 114.026559686338373, -67.441206150176015 ], [ 113.912251418108667, -67.367618910592398 ], [ 113.991109653786111, -67.212072849393905 ], [ 114.259930454568462, -67.172385349393778 ], [ 114.570557489074872, -67.108358249784146 ], [ 115.273822056134918, -67.027898044705637 ], [ 115.442080519677233, -66.958031508247075 ], [ 115.63524702358427, -66.771272881944185 ], [ 115.310305617332801, -66.560639743922593 ], [ 115.082257521628776, -66.49289194118785 ], [ 114.869505649883308, -66.477027276474303 ], [ 114.618719923970616, -66.468035577255478 ], [ 114.33718672084467, -66.36008351019774 ], [ 113.954574416155651, -66.06056690863403 ], [ 113.709576450659824, -65.929360447045042 ], [ 113.502147251440192, -65.886469008242784 ], [ 113.367685174616895, -65.848900241966533 ], [ 113.099484491022054, -65.799704278424713 ], [ 112.964505649875576, -65.811331475690409 ], [ 108.876176385536354, -64.046581312922854 ], [ 99.5014514506029, -63.154956150158959 ], [ 92.635513950575415, -63.320010674899208 ], [ 85.419261916041449, -65.072616876078087 ], [ 83.738640985045066, -67.351754245878823 ], [ 83.493643019549324, -67.441206150176015 ], [ 83.304197218767513, -67.603108412546476 ], [ 83.157642856787561, -67.610498142364236 ], [ 82.606772088556227, -67.613185316843442 ], [ 82.273407423841263, -67.691475111765612 ], [ 82.0172473489705, -67.689873142364547 ], [ 81.187530552092198, -67.831156508250501 ], [ 80.363084751307611, -67.947066745881159 ], [ 79.287801548178379, -68.119045912548586 ], [ 79.138611688151627, -68.152377211376859 ], [ 69.579711948530104, -67.785164483510812 ], [ 69.559093052045739, -67.763460381948164 ], [ 69.416207716758777, -67.742789809031478 ], [ 69.166972283814857, -67.824851983510882 ], [ 68.899753452433742, -67.861852309031974 ], [ 68.327747023395091, -67.889395847443495 ], [ 68.098613722612754, -67.85394581489129 ], [ 67.502216017532305, -67.810020847443184 ], [ 67.174690789666442, -67.76821461371901 ], [ 66.488324415965849, -67.765579115672097 ], [ 65.707286818306216, -67.716331475698041 ], [ 64.573815952416339, -67.620575046661145 ], [ 63.931426222595974, -67.525852146270154 ], [ 63.699088983011734, -67.508385512155542 ], [ 63.237670119077848, -67.526885674915945 ], [ 63.017528517514279, -67.56181894314534 ], [ 62.687884555924484, -67.647550144317449 ], [ 62.174065789646249, -67.575564874134898 ], [ 61.308847283783507, -67.540114841582692 ], [ 61.012017856699003, -67.499393812936773 ], [ 60.481765984952062, -67.38508554470701 ], [ 59.867384881434077, -67.403068943144717 ], [ 59.650447218672753, -67.458621107858448 ], [ 59.250936720624111, -67.485079441191829 ], [ 58.737634718669028, -67.229539483508518 ], [ 58.317505324136164, -67.162825209419793 ], [ 58.026980421791222, -67.103552341581008 ], [ 57.828026157467548, -67.041127211372384 ], [ 57.627469923742581, -67.014152113716023 ], [ 57.361284621007258, -67.052754408638009 ], [ 56.891907586500167, -67.056475111763064 ], [ 56.760132684155906, -67.073424981554808 ], [ 56.562211948477966, -67.115747979601849 ], [ 56.365893182201262, -67.21258961371683 ], [ 56.154794956288868, -67.264421075305563 ], [ 55.802878452381265, -67.19936044705014 ], [ 56.391317986889021, -66.973947849392971 ], [ 56.47968468610793, -66.859122816840397 ], [ 56.453226352774436, -66.779747816840086 ], [ 56.291840854726956, -66.720991713324167 ], [ 56.14580325707027, -66.626268812933176 ], [ 56.294476352773813, -66.603531182724794 ], [ 56.509863722566422, -66.659083347438582 ], [ 56.823643019442557, -66.71251677842838 ], [ 56.986630486891272, -66.704558607855404 ], [ 57.185584751214776, -66.613039646266486 ], [ 57.00037641788083, -66.474908542750256 ], [ 56.859609816317743, -66.423593845484504 ], [ 56.361655714753226, -66.372795912541619 ], [ 55.974340854725654, -66.209291680770093 ], [ 55.710274285714263, -66.080152276472745 ], [ 55.504447055895866, -66.002379245873385 ], [ 55.290661655504266, -65.954216810977414 ], [ 54.947736850815431, -65.916131280378295 ], [ 53.671949090393696, -65.858460381940517 ], [ 52.955455356666675, -65.945225111758589 ], [ 52.378126255101961, -65.969047947045112 ], [ 51.88440962098548, -66.019845879988111 ], [ 51.687574090385738, -66.072245782332004 ], [ 50.936663852752531, -66.315641778426709 ], [ 50.588468051969699, -66.356414483505034 ], [ 50.332359653531284, -66.444781182724171 ], [ 50.244509718635072, -66.603531182724794 ], [ 50.30590132019779, -66.753289483506649 ], [ 50.520720249235126, -66.819952081163137 ], [ 50.509093051969501, -66.938497816840652 ], [ 50.605934686084368, -67.150164483508206 ], [ 50.55301801941755, -67.19403777452402 ], [ 50.293188917854195, -67.172385349393778 ], [ 50.006384718634081, -67.175020847440578 ], [ 49.488845249231076, -67.03110198350771 ], [ 49.247051222537323, -66.941650079210547 ], [ 48.830074090374183, -66.938497816840652 ], [ 48.465445184122757, -67.043245945096317 ], [ 48.598253615112981, -67.17130014431558 ], [ 48.713647088420487, -67.216827081164752 ], [ 48.923195021364222, -67.199877211373064 ], [ 49.219507684125688, -67.226852309029368 ], [ 49.052851189984381, -67.352271010201719 ], [ 48.630551385295234, -67.52058115017644 ], [ 48.619957716675572, -67.625329278431934 ], [ 48.648018019409903, -67.794156182729523 ], [ 48.551176385294866, -67.926447849396766 ], [ 48.37444298685682, -67.987787774527192 ], [ 48.321526320189832, -67.917456150177884 ], [ 48.321526320189832, -67.785164483510812 ], [ 48.209853550007097, -67.699433282338589 ], [ 47.958499383339415, -67.660262546661329 ], [ 47.703476189979028, -67.716331475698041 ], [ 47.489690789587598, -67.728010349395959 ], [ 47.313990919795174, -67.665016778432175 ], [ 47.117155389195545, -67.572412611765174 ], [ 47.231463657425138, -67.46818124783232 ], [ 47.402874383337348, -67.409425144316572 ], [ 47.351559686071369, -67.36183115017576 ], [ 47.154155714716694, -67.357025241972565 ], [ 46.883784620965343, -67.275014743925396 ], [ 46.559928419792413, -67.268141778430618 ], [ 46.454095086458381, -67.303591810982766 ], [ 46.317565952343386, -67.402035414498812 ], [ 46.319684686067319, -67.476656182728334 ], [ 46.436628452343712, -67.533241876087914 ], [ 46.399059686067631, -67.617371107859071 ], [ 46.154061720571804, -67.657058607859256 ], [ 45.88787641783631, -67.659745782338348 ], [ 45.569342889189215, -67.736433607859567 ], [ 45.196807488797162, -67.73116261176574 ], [ 44.98937828957753, -67.769248142364859 ], [ 44.69988691587838, -67.904226983511307 ], [ 44.372878452335613, -67.961329441193811 ], [ 44.177593214704643, -67.972439874136512 ], [ 43.554272088399898, -68.045510349397262 ], [ 43.171143019387955, -68.0597730447098 ], [ 42.961078322121523, -68.095223077262062 ], [ 42.819794956235796, -68.123283379996451 ], [ 42.408605584489351, -68.35189991645575 ], [ 41.824403517429459, -68.432825209424834 ], [ 41.356628452323548, -68.514835707472059 ], [ 41.132817824067388, -68.575193780388929 ], [ 40.816868117034744, -68.723350111769719 ], [ 40.652330356617512, -68.730739841587479 ], [ 40.652330356617512, -68.728621107863546 ], [ 34.200734490706282, -68.728621107863546 ], [ 34.192776320133419, -68.702162774530052 ], [ 33.853572218569411, -68.683145847446667 ], [ 33.465688917786906, -68.670433445102901 ], [ 33.121730584451939, -68.688933607863305 ], [ 32.776170281716247, -68.783139743931429 ], [ 32.641759881325015, -68.868870945103708 ], [ 32.567707553851051, -69.074181410599294 ], [ 32.738084751117128, -69.254635512162452 ], [ 32.903190952289606, -69.37845224393385 ], [ 32.97620975111829, -69.517100111772891 ], [ 32.989438917784753, -69.62401865018478 ], [ 32.911665887185677, -69.733521010211291 ], [ 32.810070021299907, -69.909220880003602 ], [ 32.621140984840565, -70.000739841592519 ], [ 32.456551547991012, -70.026164646280165 ], [ 32.159722120906508, -70.099700209431489 ], [ 31.378684523247216, -70.225635674926821 ], [ 31.062734816214743, -70.224602146280972 ], [ 30.834169956187679, -70.246306247843563 ], [ 30.003367954231408, -70.300256443156229 ], [ 29.463607618942603, -70.406089776489978 ], [ 28.911703322065478, -70.583391615683468 ], [ 28.386205682089326, -70.681783542767164 ], [ 27.697772251097149, -70.772268975710233 ], [ 27.508843214637864, -70.813558445111425 ], [ 27.206691115027354, -70.910916843549273 ], [ 26.917768182083478, -70.953808282351588 ], [ 26.754263950312065, -70.967554213341259 ], [ 26.498672316196178, -71.019385674929993 ], [ 25.974259881298337, -71.037420749799821 ], [ 25.64988691580254, -70.990808607872566 ], [ 25.18743452322235, -70.971274916466143 ], [ 24.756659783637247, -70.891899916465889 ], [ 24.588401320094931, -70.820431410606204 ], [ 24.385726352646259, -70.704572849407896 ], [ 24.385726352646259, -70.536831150188448 ], [ 24.235968051864404, -70.448412774536962 ], [ 24.024301385197077, -70.41353118274003 ], [ 23.803643019310471, -70.404539483521205 ], [ 23.664995151471487, -70.574916680787567 ], [ 23.406768019309027, -70.7230730121683 ], [ 23.150142856547518, -70.796091810996813 ], [ 22.979197218525997, -70.810406182741644 ], [ 22.445276320086464, -70.739454441204828 ], [ 22.278051385189713, -70.695581150189128 ], [ 22.233609653418796, -70.642664483522196 ], [ 22.396597120867341, -70.561170749797952 ], [ 22.365901320085982, -70.474871107870456 ], [ 22.215626254981203, -70.417200209432792 ], [ 21.962153354589645, -70.300256443156229 ], [ 21.848878615005901, -70.277002048624922 ], [ 21.70495975107292, -70.258450209432056 ], [ 21.3371785824516, -70.495024916464274 ], [ 21.185869988701086, -70.680750014121315 ], [ 21.071044956148455, -70.843169040814644 ], [ 20.12805341968641, -70.917789809044109 ], [ 19.944447055753301, -70.910400079226406 ], [ 19.651803419684484, -70.920476983523315 ], [ 19.409440952235627, -70.916756280398261 ], [ 19.265005323979778, -70.902441908653429 ], [ 19.152815789474175, -70.820948174929185 ], [ 19.026311883223912, -70.673877048626537 ], [ 19.132145216557376, -70.491820977662258 ], [ 19.196172316167122, -70.29338347766145 ], [ 19.009413689864289, -70.211889743937093 ], [ 18.87712202319733, -70.201296075317373 ], [ 18.627318149498365, -70.26956064237487 ], [ 18.432601352622328, -70.289662774536396 ], [ 18.351107618898254, -70.415649916464019 ], [ 18.232045118897759, -70.518279310995695 ], [ 18.124609816162888, -70.54050017688121 ], [ 17.166838820065152, -70.451099949016225 ], [ 16.709088982823857, -70.397098077271266 ], [ 16.584755486729591, -70.203983249796465 ], [ 16.381046990634957, -70.145227146280661 ], [ 16.025409783602299, -70.193389581176632 ], [ 15.806870151439966, -70.324079278442809 ], [ 15.562905714590102, -70.330952243937588 ], [ 15.063918084379793, -70.294985447062516 ], [ 14.491911655341141, -70.299739678833362 ], [ 13.822495151432008, -70.343147881958487 ], [ 13.53253868984234, -70.287544040812463 ], [ 13.298082716534168, -70.229356378051818 ], [ 13.065797153382277, -70.053656508259451 ], [ 12.626030714578405, -70.065852146280292 ], [ 12.595386590229396, -70.117166843546102 ], [ 12.723440789448489, -70.143625176879596 ], [ 12.864724155334443, -70.162177016072349 ], [ 12.929268019267056, -70.213491713338158 ], [ 12.682151320047296, -70.30873137805213 ], [ 12.461492954161031, -70.370122979614791 ], [ 12.309099155332149, -70.443141778443305 ], [ 12.067770216529311, -70.616722914511683 ], [ 11.833365919653261, -70.736302178835047 ], [ 11.701074252986132, -70.766481215293538 ], [ 11.203636915744482, -70.728912449017287 ], [ 10.968715854545621, -70.687622979616094 ], [ 10.217805616912415, -70.507685642375748 ], [ 9.885526157275763, -70.402937514120254 ], [ 9.613501417691509, -70.269043878052003 ], [ 9.141488885137278, -70.183829441202647 ], [ 8.817632683964177, -70.390741876099355 ], [ 8.52292199060355, -70.473837579224664 ], [ 8.306449415733141, -70.461641941203709 ], [ 7.676772088256371, -70.356377048625234 ], [ 7.401078321979526, -70.494456475709171 ], [ 6.95071821455565, -70.535229180787326 ], [ 6.507851189814232, -70.586543878053192 ], [ 5.643717889029631, -70.636308282350285 ], [ 5.112949252959652, -70.655893650188943 ], [ 3.506949090192791, -70.844254245892785 ], [ 2.60948449058003, -70.900323174929497 ], [ 1.908855421566614, -71.003521010216332 ], [ 1.552184685888221, -71.080260512169843 ], [ 0.835174187838675, -71.20247527454012 ], [ 0.538293084321595, -71.274460544722615 ], [ 0.154130486663917, -71.397760512171089 ], [ -0.184531012360878, -71.558629245895645 ], [ -0.326873745108969, -71.641724949020954 ], [ -0.543320481763317, -71.712625014125479 ], [ -0.759741380201717, -71.630046075323037 ], [ -0.840175747063995, -71.539560642379968 ], [ -0.89572791177784, -71.349081312952023 ], [ -1.06770707844521, -71.265468845503904 ], [ -1.216406012365042, -71.283969008264307 ], [ -1.353994513342172, -71.386650079228332 ], [ -1.500574713538072, -71.412591648238845 ], [ -2.01441931803231, -71.433210544723181 ], [ -2.261510179036009, -71.357039483525114 ], [ -2.610248582357599, -71.320504245894767 ], [ -2.811864182944305, -71.321021010217635 ], [ -3.239409145511104, -71.360191745894838 ], [ -3.71302364746623, -71.374454441207433 ], [ -3.995073614915214, -71.339004408655228 ], [ -4.253300747077617, -71.338487644332247 ], [ -4.45016211589359, -71.327893975712414 ], [ -5.949812181003722, -71.341691583134434 ], [ -6.117553880223227, -71.325775241988481 ], [ -6.126571417658056, -71.265468845503904 ], [ -6.080527716486017, -71.154364516076328 ], [ -5.903794318047858, -71.051683445112417 ], [ -5.708509080416832, -70.968070977664127 ], [ -5.587870449231559, -70.856966648236551 ], [ -5.694763149427217, -70.745293878053815 ], [ -5.93604041179799, -70.712479343548523 ], [ -6.245091315119566, -70.755887546673591 ], [ -6.547243414730076, -70.81671070748115 ], [ -6.838285081397885, -70.844254245892785 ], [ -7.031425747088861, -70.835262546674016 ], [ -7.388096482767423, -70.787100111778045 ], [ -7.619865281596333, -70.828906345502105 ], [ -7.752673712586557, -70.842652276491776 ], [ -7.854812181011425, -70.884458510215836 ], [ -7.873338181988004, -70.940579115684841 ], [ -7.756911180034422, -71.017266941206003 ], [ -7.6177465478724, -71.121549981571036 ], [ -7.59022884767694, -71.22366261177973 ], [ -7.669061245138209, -71.324224949019651 ], [ -7.713528815125414, -71.546433607874746 ], [ -7.915661180035158, -71.635368747849043 ], [ -8.216237148460777, -71.646995945114782 ], [ -8.497744513370776, -71.675056247849227 ], [ -8.646443447290608, -71.672937514125294 ], [ -8.9660621810159, -71.361225274540686 ], [ -9.230645514350101, -71.173898207482694 ], [ -9.402082078478543, -71.117829278445981 ], [ -9.599486049833558, -71.095608412560523 ], [ -9.887866380238165, -71.027343845502912 ], [ -10.098473680043867, -70.926264743939953 ], [ -10.270452846711066, -70.935773207481645 ], [ -10.359904751008457, -70.982385349408958 ], [ -10.330785081411932, -71.024191583133131 ], [ -10.12229651533039, -71.060675144331128 ], [ -10.033387213572155, -71.130541680789747 ], [ -10.039200812204967, -71.132660414513794 ], [ -11.926217413775078, -71.132660414513794 ], [ -61.066215379466399, -71.132660414513794 ], [ -61.251423712800488, -71.002487481570483 ], [ -61.31281531436332, -70.867560316856498 ], [ -61.513371548088003, -70.851127211387563 ], [ -61.702274746331, -70.856966648236551 ], [ -61.961044481032673, -70.900891615684714 ], [ -62.040419481032814, -70.801414483522819 ], [ -61.994375779860775, -70.728912449017287 ], [ -61.809167446526601, -70.708810316855761 ], [ -61.696461147698187, -70.675995782350469 ], [ -61.605433112215962, -70.616722914511683 ], [ -61.491667446525526, -70.570162449016721 ], [ -61.504896613192159, -70.490787449016409 ], [ -62.000731981032686, -70.497143650188207 ], [ -62.232500779861653, -70.424641615682845 ], [ -62.378021613195642, -70.364851983521135 ], [ -62.331461147700622, -70.279120782348912 ], [ -62.217695482010072, -70.233077081176816 ], [ -62.013961147699433, -70.279120782348912 ], [ -61.934586147699179, -70.1997457823486 ], [ -61.961044481032673, -70.120370782348175 ], [ -62.202347581619392, -70.027766615681173 ], [ -62.407141282792168, -69.827210381956434 ], [ -62.450523647701289, -69.584331150184653 ], [ -62.587052781816396, -69.47741261177265 ], [ -62.839983079668798, -69.371579278439015 ], [ -62.993978847898688, -69.328739516069049 ], [ -63.094515346922549, -69.253033542761386 ], [ -63.301427781819143, -69.140844008255783 ], [ -63.455940314371787, -69.041935316849106 ], [ -63.478161180257302, -68.951398207473744 ], [ -63.343750779866127, -68.810683282343007 ], [ -63.442711147705097, -68.764122816848044 ], [ -63.746981981039767, -68.704849949009258 ], [ -63.773440314373147, -68.631831150180801 ], [ -63.707294481039469, -68.592143650180674 ], [ -63.347471482991295, -68.499539483513672 ], [ -63.114617479084131, -68.470393975700972 ], [ -62.979690314369918, -68.486310316846925 ], [ -62.933129848874955, -68.442385349398819 ], [ -63.05642981632343, -68.420681247836228 ], [ -63.216755947509, -68.419079278435163 ], [ -63.796720547120572, -68.469877211377991 ], [ -63.924257982016911, -68.497420749789626 ], [ -64.169255947512625, -68.582583510206689 ], [ -64.157086147708014, -68.686814874139372 ], [ -64.078227912030684, -68.770995782342823 ], [ -64.429085049076207, -68.746087741978158 ], [ -64.898436245367293, -68.673068943149644 ], [ -65.158265346930705, -68.618033542758894 ], [ -65.241877814378995, -68.583100274529556 ], [ -65.140281948493225, -68.489462579216706 ], [ -65.054550747320945, -68.449258314893655 ], [ -64.996337246344069, -68.407968845492462 ], [ -65.089484015550227, -68.370400079216211 ], [ -65.331303880459984, -68.364043878044242 ], [ -65.451968349861545, -68.33655201606507 ], [ -65.36517778182747, -68.287304376090901 ], [ -64.895800747320436, -68.168241876090349 ], [ -64.829654913986701, -68.12752084744443 ], [ -64.853477749273168, -68.083079115673399 ], [ -64.884690314377622, -68.056620782339962 ], [ -64.958768480067931, -68.06773121528272 ], [ -65.218054979092301, -68.140233249788253 ], [ -65.387398647712985, -68.150258477652812 ], [ -65.546148647713494, -68.146537774527872 ], [ -65.63926957870342, -68.130673109814211 ], [ -65.550902879484397, -68.048145847444175 ], [ -65.46940914576021, -68.009491876089783 ], [ -65.527622646736972, -67.930116876089528 ], [ -65.600124681242335, -67.875649916453881 ], [ -65.589014248299691, -67.816377048615095 ], [ -65.574183112231935, -67.788316745880536 ], [ -65.418094448494344, -67.659745782338348 ], [ -65.4466715155516, -67.609981378041311 ], [ -65.471011115161104, -67.587760512155853 ], [ -65.50382564966651, -67.527970879994086 ], [ -65.523385179288937, -67.44435841254591 ], [ -65.503283047127411, -67.377127374134091 ], [ -65.442950812426716, -67.326329441191263 ], [ -65.350346645759544, -67.310981540800583 ], [ -65.248750779873774, -67.342245782337159 ], [ -65.079432949469492, -67.335372816842266 ], [ -64.819061245366925, -67.307312514107821 ], [ -64.826476813400689, -67.269226983508702 ], [ -64.858231981044128, -67.242768650175265 ], [ -65.027033047125542, -67.214191583117838 ], [ -64.950836147711129, -67.183495782336479 ], [ -64.838646613205583, -67.155952243924901 ], [ -64.785729946538595, -67.123706150174826 ], [ -64.853994513596263, -67.104637546659035 ], [ -64.87833411320554, -67.024745782335913 ], [ -64.793145514572529, -66.971829115669038 ], [ -64.735474616134752, -66.894004408637443 ], [ -64.686252814376701, -66.80620615017358 ], [ -64.606877814376389, -66.799849949001612 ], [ -64.553961147709458, -66.851681410590288 ], [ -64.401024746341818, -66.85328337999141 ], [ -64.042777879478308, -66.927335707465716 ], [ -63.839586147706655, -66.912039483507328 ], [ -63.754914313396512, -66.872868747830069 ], [ -63.769202846925282, -66.803002211371393 ], [ -63.808890346925295, -66.760679213324408 ], [ -64.077711147707646, -66.654329115667622 ], [ -64.015260179282905, -66.606683445094632 ], [ -63.964462246339963, -66.588700046657038 ], [ -63.880333014568748, -66.506121107854597 ], [ -63.755456915935497, -66.408762709416692 ], [ -63.654377814372651, -66.382872816838528 ], [ -63.687709113200867, -66.319879245874688 ], [ -63.752278815349655, -66.277556247827704 ], [ -63.586655849854083, -66.241537774520225 ], [ -63.44852474633808, -66.243656508244158 ], [ -63.257502814371151, -66.263810316837976 ], [ -63.17970394555573, -66.35269378037998 ], [ -62.996614345945545, -66.452687676864798 ], [ -62.704513312415656, -66.680219008245956 ], [ -62.628859015540343, -66.706160577256469 ], [ -62.536771613196379, -66.70724578233461 ], [ -62.54312781436829, -66.620997816839463 ], [ -62.655317348873837, -66.555885512151633 ], [ -62.637308112220126, -66.511443780380716 ], [ -62.617748582597756, -66.489739678818069 ], [ -62.615629848873652, -66.435789483505289 ], [ -62.650537278886873, -66.363804213322794 ], [ -62.754794481035788, -66.310370782332996 ], [ -62.682292446530141, -66.237351983504539 ], [ -62.582815314368247, -66.217766615665994 ], [ -62.493906012610182, -66.219316908634653 ], [ -62.241492479080534, -66.197096042749138 ], [ -62.11661638044734, -66.208774916447112 ], [ -61.875313279860279, -66.296056410588164 ], [ -61.841981981032006, -66.402974949000054 ], [ -61.756250779859897, -66.429433282333491 ], [ -61.696461147698187, -66.343185316838287 ], [ -61.675816412997506, -66.249495945093145 ], [ -61.526058112215651, -66.225673109806564 ], [ -61.431877814363816, -66.144747816837594 ], [ -61.293229946524605, -66.164849948999006 ], [ -61.149827846914718, -66.211927178817007 ], [ -61.134479946524038, -66.29026865017147 ], [ -61.02864661319029, -66.336829115666433 ], [ -60.9423986476952, -66.263810316837976 ], [ -60.902711147694959, -66.1913082823325 ], [ -61.009061245351745, -66.110331312931123 ], [ -60.955627814361776, -66.072245782332004 ], [ -60.85666744652292, -66.065372816837225 ], [ -60.743961147694279, -66.10506031683741 ], [ -60.624898647693783, -66.032558282331934 ], [ -60.565625779855168, -65.979641615665059 ], [ -60.618542446521928, -65.933081150169926 ], [ -60.812742479074757, -65.934114678815888 ], [ -60.912762213775693, -65.920885512149198 ], [ -60.987899746328253, -65.940470879987743 ], [ -61.039240281810066, -65.991785577253609 ], [ -61.137658047110108, -65.988633314883828 ], [ -61.197990281810689, -65.974318943138996 ], [ -61.266254848868186, -65.980158379987927 ], [ -61.359375779858169, -66.059016615665371 ], [ -61.574763149650721, -66.071677341576844 ], [ -61.625018480054507, -66.094983412540444 ], [ -61.838803880446108, -66.119323012149948 ], [ -62.004969448480551, -66.112966810978037 ], [ -62.169016282791176, -66.031473077253793 ], [ -62.293349778885499, -65.916648044701162 ], [ -62.305002814367299, -65.840476983502924 ], [ -62.222449713780975, -65.774847914492341 ], [ -62.150490281814541, -65.69862517686181 ], [ -61.991197679274819, -65.5891228168353 ], [ -61.756250779859897, -65.569537448996641 ], [ -61.795938279860138, -65.522976983501735 ], [ -61.903373582594725, -65.51341684352775 ], [ -62.053648647699561, -65.456831150168057 ], [ -62.145193447504596, -65.331929213318574 ], [ -62.084861212803844, -65.273173109802826 ], [ -62.024554816319153, -65.232452081156794 ], [ -61.947815314365926, -65.192247816833742 ], [ -61.855727912021734, -65.235604343526518 ], [ -61.663646613192896, -65.238808282328705 ], [ -61.577398647697635, -65.185891615661774 ], [ -61.736148647698258, -65.033497816833119 ], [ -61.703334113192909, -64.987454115661023 ], [ -61.603340216708261, -64.987970879983948 ], [ -61.502777879468226, -64.99959807724963 ], [ -61.43929338239775, -65.017581475687223 ], [ -61.331858079662879, -65.023937676859134 ], [ -61.059885016510748, -64.981097914489169 ], [ -60.915423550038724, -64.906993910582571 ], [ -60.659831915923121, -64.729226983498563 ], [ -60.556117316313305, -64.676310316831632 ], [ -60.393646613187684, -64.609596042742794 ], [ -60.340729946520753, -64.550891615659339 ], [ -60.242312181220996, -64.546654148211303 ], [ -59.962923550034873, -64.431260674903513 ], [ -59.850191412990284, -64.433379408627616 ], [ -59.765002814357047, -64.451414483497388 ], [ -59.734307013575631, -64.558798109799909 ], [ -59.645940314356551, -64.58370615016463 ], [ -59.573438279851189, -64.530789483497756 ], [ -59.612066412989293, -64.440252374122394 ], [ -59.546979946517695, -64.358810316830329 ], [ -59.460731981022604, -64.345581150163582 ], [ -59.369703945540266, -64.403768812924341 ], [ -59.229479946516335, -64.443456312924468 ], [ -59.050627814354243, -64.451414483497388 ], [ -58.891877814353506, -64.537662448992592 ], [ -58.786044481019758, -64.524433282325845 ], [ -58.80614661318134, -64.44505828232559 ], [ -58.89557267926233, -64.388937676856528 ], [ -58.905106981020253, -64.352454115658531 ], [ -58.819375779848087, -64.339224948991784 ], [ -58.799273647686505, -64.292664483496765 ], [ -58.923090379457904, -64.279435316830074 ], [ -58.977066412986687, -64.265637709408168 ], [ -59.047449713768401, -64.234425144303827 ], [ -59.005126715721133, -64.194737644303643 ], [ -58.838961147686746, -64.186831150163016 ], [ -58.723076748272149, -64.077277113704326 ], [ -58.532054816305276, -63.915323174901573 ], [ -58.263234015522926, -63.763497816827964 ], [ -57.856824713763444, -63.656579278416189 ], [ -57.736702846901153, -63.616891778416004 ], [ -57.581673550025471, -63.546508477634461 ], [ -57.460492316301043, -63.513693943129113 ], [ -57.283733079646709, -63.490439548597749 ], [ -57.152500779841375, -63.479329115655048 ], [ -57.097465379450682, -63.523770847425965 ], [ -57.152500779841375, -63.57193328232205 ], [ -57.119169481013159, -63.638079115655671 ], [ -56.97364864767917, -63.624849948988924 ], [ -56.835000779840129, -63.631206150160835 ], [ -56.782084113173255, -63.57193328232205 ], [ -56.927604946507245, -63.505787448988372 ], [ -57.020751715713175, -63.372927341566026 ], [ -57.076846482966175, -63.262339776461374 ], [ -57.168391282771182, -63.234847914482174 ], [ -56.464584113172009, -63.415302016045416 ], [ -56.463007981987062, -63.417937514092216 ], [ -56.378336147676919, -63.437522881930931 ], [ -56.083057013561188, -63.382487481540011 ], [ -56.008978847870651, -63.341714776461799 ], [ -55.83064348003154, -63.29835824976891 ], [ -55.750209113169092, -63.296756280367788 ], [ -55.593577846892572, -63.335927016044991 ], [ -55.327935146696177, -63.345952243909721 ], [ -55.15701534689083, -63.3528252094045 ], [ -55.075004848843605, -63.324248142347074 ], [ -54.183870612186411, -61.269489841557572 ], [ -54.709885016485288, -61.139885349369628 ], [ -54.670714280808056, -61.117096042728917 ], [ -55.387208014534792, -61.072654310957887 ], [ -55.39985957822185, -61.080623313475591 ], [ -55.369224616097313, -61.146189874109211 ], [ -55.074911952609398, -61.176804139305908 ], [ -55.165490281786617, -61.220293878015823 ], [ -55.29723934591479, -61.248354180750191 ], [ -55.299900682177793, -61.246235447026258 ], [ -57.423440314347687, -61.929914646247731 ], [ -57.654692348853928, -61.972754408617675 ], [ -57.67637061220023, -61.942058607836316 ] ], [ [ 164.74615115789527, -67.568691908640119 ], [ 164.833432652036208, -67.540683282337966 ], [ 164.860407749692627, -67.504148044707506 ], [ 164.91864708888545, -67.447510674915691 ], [ 164.906968215187476, -67.418416843535397 ], [ 164.85038252182801, -67.363898207467344 ], [ 164.824906040708129, -67.325812676868225 ], [ 164.684191115577278, -67.25915007921185 ], [ 164.675199416358623, -67.288760674915068 ], [ 164.69638675359829, -67.40782317491545 ], [ 164.639232619483437, -67.499910577259641 ], [ 164.692149286150084, -67.560268650176511 ], [ 164.74615115789527, -67.568691908640119 ] ], [ [ 162.326247186531418, -66.347371107853974 ], [ 162.302941115567819, -66.399771010197981 ], [ 162.511455519865422, -66.519918715276447 ], [ 162.55698245671465, -66.525189711370274 ], [ 162.611449416350183, -66.47754404079717 ], [ 162.563338657886675, -66.432585544703272 ], [ 162.310382521817814, -66.251097914494267 ], [ 162.301907586922084, -66.264843845483824 ], [ 162.297101678718718, -66.303497816838217 ], [ 162.326247186531418, -66.347371107853974 ] ], [ [ 48.300907423705382, -66.724143975694062 ], [ 48.293982781778311, -66.750085544704575 ], [ 48.296101515502244, -66.773908379991099 ], [ 48.304576450398372, -66.797731215277679 ], [ 48.378163689981989, -66.807239678819371 ], [ 48.545905389201266, -66.783933607855658 ], [ 48.77447024922833, -66.778145847439021 ], [ 48.78558068217086, -66.767552178819187 ], [ 48.782428419801022, -66.731016941188841 ], [ 48.751215854696738, -66.719389743923216 ], [ 48.637941115112937, -66.700889581162642 ], [ 48.357493117065019, -66.703525079209555 ], [ 48.300907423705382, -66.724143975694062 ] ], [ [ 26.301320021273511, -70.072725111775185 ], [ 25.982734816194238, -70.1997457823486 ], [ 25.954157749136812, -70.261654148234243 ], [ 25.964234653433778, -70.294468682739591 ], [ 26.00552412283497, -70.372758477661762 ], [ 26.357388950310224, -70.434150079224537 ], [ 26.470095249138922, -70.447896010214151 ], [ 26.608743116978076, -70.412445977661946 ], [ 26.792917921666287, -70.419318943156725 ], [ 26.85746178559873, -70.381233412557606 ], [ 26.874928419713569, -70.32991871529174 ], [ 26.737365756952613, -70.18594817492658 ], [ 26.685999383254284, -70.114531345499188 ], [ 26.605074090285314, -70.077996107868898 ], [ 26.425653517367834, -70.060581150186579 ], [ 26.301320021273511, -70.072725111775185 ] ], [ [ 15.698918084382399, -69.773208510211475 ], [ 15.596805454173705, -69.828243910602225 ], [ 15.562388950267007, -69.862660414508639 ], [ 15.570863885162908, -69.884881280394211 ], [ 15.613755323965165, -69.938831475706877 ], [ 15.66346805183008, -69.955264581175641 ], [ 15.844955682039085, -69.982239678832116 ], [ 16.159303419670493, -70.072208347452204 ], [ 16.222813754957372, -70.007664483519591 ], [ 16.315417921624316, -69.844677016070989 ], [ 16.625476515375681, -69.750470880003036 ], [ 16.573645053787004, -69.723495782346561 ], [ 16.247153354566763, -69.704943943153864 ], [ 15.909551222403934, -69.728250014117464 ], [ 15.698918084382399, -69.773208510211475 ] ], [ [ 4.129753452174555, -70.416683445109811 ], [ 4.179517856471648, -70.451099949016225 ], [ 4.365242954128689, -70.502414646282091 ], [ 4.526111687853074, -70.478591810995511 ], [ 4.59013878746282, -70.432548109823472 ], [ 4.617630649442276, -70.36852101021384 ], [ 4.586418084337879, -70.294468682739591 ], [ 4.494899122748848, -70.251577243937277 ], [ 4.256205681992753, -70.2409835753175 ], [ 4.111770053737132, -70.266925144327956 ], [ 4.069963820012845, -70.290231215291669 ], [ 4.076320021184813, -70.325164483520894 ], [ 4.129753452174555, -70.416683445109811 ] ], [ [ 3.071936883159879, -70.381750176880587 ], [ 2.631705356465659, -70.500295912558101 ], [ 2.584576450215195, -70.534712416464515 ], [ 2.622713657246663, -70.593416843548027 ], [ 2.697851189798939, -70.623595880006519 ], [ 3.037003614930654, -70.597137546673025 ], [ 3.170897250999019, -70.5537293435479 ], [ 3.221178419618809, -70.519364516073836 ], [ 3.259780714540852, -70.448981215292292 ], [ 3.230686883160502, -70.402937514120254 ], [ 3.192601352561383, -70.392860609823288 ], [ 3.071936883159879, -70.381750176880587 ] ], [ [ 1.315093214533022, -70.022960707478092 ], [ 1.026738722344419, -70.049987481566745 ], [ 0.94948245606804, -70.093912449014852 ], [ 0.952634718437935, -70.169049981567241 ], [ 0.990203484713959, -70.224085381957991 ], [ 1.104511752943722, -70.303977146281284 ], [ 1.156343214532399, -70.378081150187711 ], [ 1.211378614923319, -70.381233412557606 ], [ 1.299228549819361, -70.255297947062331 ], [ 1.461182488622285, -70.135718682738968 ], [ 1.412503289403503, -70.040995782347977 ], [ 1.315093214533022, -70.022960707478092 ] ], [ [ -3.489187180993895, -70.735785414512179 ], [ -3.007123582359213, -70.851643975710545 ], [ -2.974825812176675, -70.883424981570101 ], [ -2.963198614911107, -70.940579115684841 ], [ -2.800727911785543, -70.982385349408958 ], [ -2.804965379233408, -71.014631443159146 ], [ -2.82191524902521, -71.056437676883263 ], [ -2.825093349611052, -71.112558282352154 ], [ -2.783287115886878, -71.167593682743018 ], [ -2.606527879232488, -71.141135349409581 ], [ -2.368945481770766, -71.044293715294657 ], [ -2.29326534667922, -70.998250014122618 ], [ -2.21285681803306, -70.901408380007581 ], [ -2.119167446287804, -70.855364678835542 ], [ -2.092192348631499, -70.820948174929185 ], [ -2.255696580403026, -70.796091810996813 ], [ -2.423438279622474, -70.800329278444678 ], [ -2.532992316081163, -70.767514743939387 ], [ -2.749929978842488, -70.693979180788062 ], [ -3.03991227864833, -70.674393812949404 ], [ -3.536807013350881, -70.683385512168229 ], [ -3.574918382166175, -70.702970880006774 ], [ -3.489187180993895, -70.735785414512179 ] ], [ [ -3.442084112959947, -70.535745945110307 ], [ -3.280156012373197, -70.533627211386374 ], [ -2.738302781576863, -70.507168878052937 ], [ -2.682724778646957, -70.462210381959039 ], [ -2.684326748047965, -70.375962416463778 ], [ -2.713446417644491, -70.320358575317755 ], [ -2.804965379233408, -70.288629245890604 ], [ -2.94996944824436, -70.279637546671722 ], [ -3.173263312177596, -70.307129408651122 ], [ -3.287571580407189, -70.344181410604335 ], [ -3.496602749027829, -70.488100274537203 ], [ -3.490246547855918, -70.508254083131021 ], [ -3.442084112959947, -70.535745945110307 ] ], [ [ -3.263231980797684, -71.051683445112417 ], [ -3.398701748050826, -71.06227711373225 ], [ -3.391828782555933, -71.081294040815635 ], [ -3.403998582360828, -71.119948012169914 ], [ -3.385472581384079, -71.143254083133627 ], [ -3.309275681969723, -71.200924981571291 ], [ -3.201323614911985, -71.230018812951698 ], [ -3.060557013348898, -71.236891778446477 ], [ -2.954723680015263, -71.213585707482764 ], [ -3.191272548831193, -71.095091648237542 ], [ -3.212950812177667, -71.076023044721808 ], [ -3.263231980797684, -71.051683445112417 ] ], [ [ -6.156182013361445, -70.611400241985564 ], [ -5.894260016289991, -70.552127374146835 ], [ -5.949269578464737, -70.432031345500491 ], [ -5.971516282566256, -70.421437676880657 ], [ -6.068332078465119, -70.404539483521205 ], [ -6.243489345718444, -70.445777276490105 ], [ -6.438231980810428, -70.452650241984998 ], [ -6.266252814143058, -70.550060316855195 ], [ -6.181064215509991, -70.5855103494074 ], [ -6.156182013361445, -70.611400241985564 ] ], [ [ -56.235450812389729, -63.468735447035215 ], [ -56.17832251649105, -63.513177178806188 ], [ -55.956578945526758, -63.579839776462677 ], [ -55.872449713755543, -63.535398044691647 ], [ -55.718996548064808, -63.491989841566522 ], [ -55.761862148651062, -63.422174981540252 ], [ -55.85816118022683, -63.407343845472383 ], [ -56.210051845918315, -63.436954441175658 ], [ -56.235450812389729, -63.468735447035215 ] ], [ [ -57.314428880428068, -64.435498142351548 ], [ -57.365769415909995, -64.438702081153622 ], [ -57.445661180233174, -64.459837741960939 ], [ -57.447779913957106, -64.488414809018366 ], [ -57.433491380428563, -64.540297947039505 ], [ -57.326081915909697, -64.570476983497883 ], [ -57.240350714737701, -64.566756280372942 ], [ -56.991115281793896, -64.467795912533973 ], [ -56.945071580621857, -64.427023207455647 ], [ -56.951944546116692, -64.381547947038769 ], [ -56.894790412001726, -64.332868747819873 ], [ -57.022327846898122, -64.352454115658531 ], [ -57.314428880428068, -64.435498142351548 ] ], [ [ -57.831425747291973, -63.80370208115113 ], [ -57.925631883360097, -63.80633757919793 ], [ -57.970590379454165, -63.834914646255356 ], [ -58.070610114155102, -63.847627048599236 ], [ -58.145747646707377, -63.877754408625322 ], [ -58.274861212788551, -63.916408379979714 ], [ -58.342066412984082, -63.994181410578904 ], [ -58.425162116109504, -64.06776865016252 ], [ -58.437848680237153, -64.113243910579399 ], [ -58.397644415914101, -64.134948012142047 ], [ -58.35211747906493, -64.130710544694125 ], [ -58.250521613179103, -64.106887709407431 ], [ -58.147349616108329, -64.097379245865739 ], [ -58.162154913959967, -64.160889581152503 ], [ -58.137815314350632, -64.206364841569382 ], [ -58.01981218121216, -64.241814874121644 ], [ -58.304497646707944, -64.31431690862712 ], [ -58.214012213764931, -64.369920749773144 ], [ -58.169570481994015, -64.368318780372022 ], [ -58.02138831239688, -64.321758314877172 ], [ -57.971132981993151, -64.320156345476107 ], [ -57.920851813373247, -64.331266778418865 ], [ -57.952090216693591, -64.394260349382648 ], [ -57.909741380430432, -64.410125014096195 ], [ -57.871655849831313, -64.401133314877484 ], [ -57.822950812396243, -64.302172947038514 ], [ -57.703371548072823, -64.293181247819746 ], [ -57.670557013567418, -64.311164646257339 ], [ -57.683269415911354, -64.357208347429378 ], [ -57.580614183163448, -64.350335381934485 ], [ -57.38799028179551, -64.378912448991969 ], [ -57.294843512589352, -64.36671681097107 ], [ -57.338251715714591, -64.318037611752118 ], [ -57.413906012589734, -64.295816745866659 ], [ -57.327658047094815, -64.237629083105901 ], [ -57.222367316300165, -64.221195977637137 ], [ -57.272622646703894, -64.16616057724633 ], [ -57.249342413956469, -64.096862481542928 ], [ -57.517103847876683, -64.010614516047724 ], [ -57.479535081600602, -63.961366876073612 ], [ -57.592783982968115, -63.967206312922599 ], [ -57.710244513567659, -64.015368747818513 ], [ -57.740940314349018, -64.047614841568702 ], [ -57.77375484885431, -64.061412448990723 ], [ -57.808662278867473, -64.06776865016252 ], [ -57.846256883359956, -64.05397104274067 ], [ -57.826671515521127, -63.949222914485006 ], [ -57.780627814349089, -63.906899916437965 ], [ -57.779568447487122, -63.868245945083629 ], [ -57.831425747291973, -63.80370208115113 ] ], [ [ -59.620316458465936, -62.394229663898727 ], [ -59.620308803939849, -62.394227390390256 ], [ -59.660745612208189, -62.354281508228553 ], [ -59.620316458465936, -62.394229663898727 ] ], [ [ -60.449224616117704, -70.603493747844993 ], [ -60.452402716703489, -70.544220880006208 ], [ -60.55345598005033, -70.508770847454002 ], [ -60.883668382395399, -70.517762546672714 ], [ -60.941881883372105, -70.532593682740526 ], [ -60.975729946523302, -70.599256280397071 ], [ -60.95826331240869, -70.628866876100176 ], [ -60.896354946523047, -70.689741713340084 ], [ -60.825971645741504, -70.71036060982459 ], [ -60.74078304710838, -70.71036060982459 ], [ -60.487852749255808, -70.646850274537883 ], [ -60.449224616117704, -70.603493747844993 ] ], [ [ -60.652416347889357, -71.058556410607196 ], [ -60.552396613188421, -71.052768650190501 ], [ -60.535989345935718, -71.041089776492583 ], [ -60.516429816313234, -70.999283542768467 ], [ -60.533353847888861, -70.962799981570299 ], [ -60.613245612211983, -70.919908542768042 ], [ -60.782589280832383, -70.914120782351461 ], [ -60.888965216705401, -70.934222914512986 ], [ -60.946636115143065, -70.967554213341259 ], [ -60.906406012603838, -71.00724171334133 ], [ -60.790004848866317, -71.041089776492583 ], [ -60.652416347889357, -71.058556410607196 ] ], [ [ -62.085403815342886, -69.729283542763369 ], [ -61.997553880446674, -69.721893812945609 ], [ -61.970036180251327, -69.69119801216425 ], [ -61.907611050042874, -69.587483412554434 ], [ -61.91130591495147, -69.533481540809476 ], [ -61.807048712802668, -69.514464613725977 ], [ -61.783768480055187, -69.441962579220558 ], [ -61.816040412021607, -69.376333510209861 ], [ -61.978511115147285, -69.30067921333449 ], [ -62.117675747309249, -69.214948012162381 ], [ -62.238856981033564, -69.175777276485007 ], [ -62.442048712805217, -69.146166680781903 ], [ -62.515610114172716, -69.15464161567769 ], [ -62.567467413977568, -69.180531508255967 ], [ -62.496024746334115, -69.287966810990724 ], [ -62.216093512609007, -69.494879245887432 ], [ -62.171651780838033, -69.636679376096197 ], [ -62.085403815342886, -69.729283542763369 ] ], [ [ -65.636634080656506, -65.547833347434107 ], [ -65.83349544947248, -65.527162774517365 ], [ -65.968422614186522, -65.571087741965414 ], [ -65.999635179290976, -65.632996107851113 ], [ -66.066840379486507, -65.666379083111678 ], [ -66.049373745371895, -65.744668878033849 ], [ -66.153630947520696, -65.7737627094142 ], [ -66.181665412038967, -65.826162611758093 ], [ -66.175335049083287, -65.866366876081258 ], [ -66.063662278900551, -65.880681247825976 ], [ -65.845122646738105, -65.842544040794678 ], [ -65.835614183196526, -65.814018650169601 ], [ -65.84088517929024, -65.738312676861881 ], [ -65.813910081633935, -65.686481215273204 ], [ -65.783756883391561, -65.674285577252306 ], [ -65.669448615162082, -65.653149916444931 ], [ -65.66784664576096, -65.626123142356334 ], [ -65.653629576853461, -65.59046277912006 ], [ -65.636634080656506, -65.547833347434107 ] ], [ [ -66.791266445570045, -66.233631280379598 ], [ -66.866946580661477, -66.27492074978079 ], [ -66.867489183200632, -66.293937676864175 ], [ -66.85002254908602, -66.305564874129857 ], [ -66.818784145765392, -66.312489516056928 ], [ -66.595490281832213, -66.200816745874192 ], [ -66.592828945569295, -66.178595879988734 ], [ -66.623007982027673, -66.134154148217647 ], [ -66.575388149670687, -66.082271010196678 ], [ -66.631457078707399, -66.066923109805998 ], [ -66.779096645765321, -66.110848077254104 ], [ -66.791266445570045, -66.233631280379598 ] ], [ [ -67.409342413997024, -66.901962579210362 ], [ -67.362239345963076, -66.894572849392603 ], [ -67.256948615168255, -66.841087741970512 ], [ -67.268575812433937, -66.815197849392291 ], [ -67.331569383397721, -66.753289483506649 ], [ -67.42574968124967, -66.736856378037828 ], [ -67.510938279882907, -66.756441745876486 ], [ -67.499311082617169, -66.803518975694374 ], [ -67.593491380469004, -66.875504245876982 ], [ -67.520989345963585, -66.897208347439516 ], [ -67.409342413997024, -66.901962579210362 ] ] ] } },
{ "type": "Feature", "properties": { "name": "Bransfield Strait", "featurecla": "strait", "scalerank": 5 }, "geometry": { "type": "Polygon", "coordinates": [ [ [ -57.423440314347687, -61.929914646247731 ], [ -55.299900682177793, -61.246235447026258 ], [ -55.29723934591479, -61.248354180750191 ], [ -55.165490281786617, -61.220293878015823 ], [ -55.074911952609398, -61.176804139305908 ], [ -54.183870612186411, -61.269489841557572 ], [ -55.075004848843605, -63.324248142347074 ], [ -55.106217413947917, -63.249110609794705 ], [ -55.156498582567821, -63.204668878023696 ], [ -55.215745612190432, -63.198829441174702 ], [ -55.466040411996204, -63.199397881929876 ], [ -55.527974616097936, -63.173456312919441 ], [ -55.528491380420888, -63.157023207450607 ], [ -55.58988298198372, -63.128497816825551 ], [ -56.042310146699009, -63.157023207450607 ], [ -56.385209113171641, -63.234331150159285 ], [ -56.466186082573103, -63.283527113701048 ], [ -56.460346645724115, -63.302027276461615 ], [ -56.475177781791814, -63.318460381930457 ], [ -56.505330980034188, -63.334325046644025 ], [ -56.49897477886222, -63.357579441175353 ], [ -56.464584113172009, -63.415302016045416 ], [ -57.168391282771182, -63.234847914482174 ], [ -57.389566412980429, -63.226372979586266 ], [ -57.86793514670623, -63.318977146253346 ], [ -58.215614183165997, -63.451268812920496 ], [ -58.673338182191202, -63.534364516045798 ], [ -58.87229244651499, -63.551831150160503 ], [ -59.036339280825558, -63.67032520940581 ], [ -59.217852749250738, -63.713733412530949 ], [ -59.509953782780514, -63.820600274510554 ], [ -59.989898647691263, -63.909535414484857 ], [ -60.277245449450277, -63.923798109797382 ], [ -60.864083014556797, -64.073556410579243 ], [ -60.92229651553356, -64.107972914485671 ], [ -60.886846482981326, -64.149779148209774 ], [ -61.082105882396178, -64.314885349382308 ], [ -61.17365068220127, -64.362479343523106 ], [ -61.395885179272483, -64.427023207455647 ], [ -61.469989183178996, -64.475754083106892 ], [ -61.500659145744265, -64.545568943133247 ], [ -61.631891445549456, -64.604841810972033 ], [ -61.756250779859869, -64.609596042742879 ], [ -61.882728847894185, -64.625460707456455 ], [ -62.139896613194736, -64.726539809019357 ], [ -62.243094448481571, -64.746641941180883 ], [ -62.338334113195543, -64.729226983498549 ], [ -62.404479946529023, -64.64349578232634 ], [ -62.503440314368078, -64.656724948993087 ], [ -62.576459113196449, -64.755685316831958 ], [ -62.527779913977469, -64.833458347431247 ], [ -62.664309048092662, -64.857797947040723 ], [ -62.774896613197342, -64.841933282327147 ], [ -63.119914313393934, -64.942443943134776 ], [ -63.085523647703695, -65.028175144306999 ], [ -63.032606981036878, -65.080058282328039 ], [ -63.059065314370287, -65.139331150166839 ], [ -63.178127814370754, -65.126101983500178 ], [ -63.264375779865958, -65.073185316833261 ], [ -63.48239864770531, -65.084812514098971 ], [ -63.7602111477064, -65.033497816833119 ], [ -63.804136115154506, -64.79165211370713 ], [ -63.769745449464239, -64.808601983498875 ], [ -63.739566413005775, -64.834491876077109 ], [ -63.646962246338774, -64.802762546649873 ], [ -63.558595547119666, -64.733981215269381 ], [ -63.458059048095834, -64.727625014097498 ], [ -63.354861212808913, -64.733981215269381 ], [ -63.275486212808602, -64.717548109800646 ], [ -63.202467413980258, -64.68049610784729 ], [ -63.025734015542014, -64.610681247821034 ], [ -62.83628821476006, -64.572027276466656 ], [ -62.928349778887991, -64.519110609799739 ], [ -63.032090216713897, -64.5349752745134 ], [ -63.130507982013768, -64.572544040789538 ], [ -63.277088182209724, -64.573112481544797 ], [ -63.180763312417668, -64.469397881935009 ], [ -63.270731981037756, -64.380462741960699 ], [ -63.229468349852738, -64.323877048601105 ], [ -63.333699713785421, -64.266206150163342 ], [ -63.485576748291237, -64.26036671331434 ], [ -62.615087246334639, -63.069224948986751 ], [ -62.411352912023887, -62.971814874116539 ], [ -62.344173550044445, -62.91786467880376 ], [ -61.063579881419571, -62.678706150157005 ], [ -60.995315314361989, -62.679222914479986 ], [ -60.795818447499215, -62.66227304468817 ], [ -60.771995612212692, -62.652247816823596 ], [ -60.696858079660331, -62.620466810964075 ], [ -60.619601813383952, -62.633179213307933 ], [ -60.377781948474166, -62.616229343516117 ], [ -60.353959113187585, -62.679222914479986 ], [ -60.321687181221279, -62.707799981537327 ], [ -60.221150682197447, -62.745368747813558 ], [ -59.849674648667275, -62.61519581487034 ], [ -60.002611050035114, -62.61834807724005 ], [ -59.541166347884882, -62.442131443124765 ], [ -59.525301683171193, -62.451691583098849 ], [ -59.389289313379066, -62.444250176848804 ], [ -59.35332251650388, -62.413037611744464 ], [ -59.382416347884202, -62.38130828231732 ], [ -59.174444546125642, -62.301933282317009 ], [ -59.059619513572983, -62.34797698348904 ], [ -58.837901780824751, -62.302450046639883 ], [ -58.878648647686958, -62.268033542733541 ], [ -58.962261115135163, -62.263796075285583 ], [ -58.977066412986744, -62.255889581144856 ], [ -58.757467413962445, -62.205091648201964 ], [ -58.755348680238427, -62.206125176847827 ], [ -58.745840216696735, -62.217752374113445 ], [ -58.644218512594847, -62.22519378036349 ], [ -58.593963182190947, -62.247931410572015 ], [ -58.562208014547622, -62.243693943124057 ], [ -58.507172614156701, -62.225710544686464 ], [ -58.466425747294636, -62.137343845467342 ], [ -58.465908982971683, -62.137343845467342 ], [ -58.341549648661356, -62.119360447029749 ], [ -58.18279964866062, -62.170158379972641 ], [ -58.133061082579673, -62.14581878036325 ], [ -58.172205980040758, -62.117758477628705 ], [ -58.147349616108414, -62.063239841560751 ], [ -57.962658047097221, -62.077554213305653 ], [ -57.806569383359687, -62.01192514429497 ], [ -57.639344448463191, -62.020400079190786 ], [ -57.636683112200188, -61.998179213305328 ], [ -57.654692348853928, -61.972754408617675 ], [ -57.423440314347687, -61.929914646247731 ] ], [ [ -56.614342413953835, -63.044885349377182 ], [ -56.600596482964278, -63.061783542736705 ], [ -56.546077846896338, -63.098318780366981 ], [ -56.353996548067386, -63.168702081148602 ], [ -56.258756883353499, -63.172939548596467 ], [ -56.059776780813621, -63.078733412528436 ], [ -56.050785081594825, -63.054910577241841 ], [ -56.058200649628674, -63.018427016043766 ], [ -56.061895514537554, -63.012587579194772 ], [ -56.140211147675899, -63.005197849377105 ], [ -56.488406948458561, -62.98240854273638 ], [ -56.614342413953835, -63.044885349377182 ] ], [ [ -60.777835049061622, -63.902094008234812 ], [ -60.652933112212224, -63.866643975682607 ], [ -60.655051845936157, -63.850262546646057 ], [ -60.6889257473035, -63.807939548599073 ], [ -60.656111212798208, -63.758691908624847 ], [ -60.562447679269155, -63.695750014093356 ], [ -60.714867316314013, -63.668774916436966 ], [ -60.796877814361181, -63.716885674900752 ], [ -60.810106981027928, -63.836516615656414 ], [ -60.972035081614564, -63.849177341567902 ], [ -60.852429979075083, -63.890983575292083 ], [ -60.777835049061622, -63.902094008234812 ] ], [ [ -62.451583014563226, -64.012164809016497 ], [ -62.544703945553096, -64.045496107844784 ], [ -62.585450812415246, -64.075675144303261 ], [ -62.610849778886688, -64.116447849381487 ], [ -62.590230882402267, -64.139702243912893 ], [ -62.479617479081497, -64.210602309017318 ], [ -62.503957078690974, -64.253493747819562 ], [ -62.643147549069084, -64.391573174903428 ], [ -62.720920579668359, -64.44448984157026 ], [ -62.7468621486789, -64.471516615658942 ], [ -62.781769578692121, -64.478906345476688 ], [ -62.726760016517375, -64.495856215268418 ], [ -62.579637213782433, -64.514356378028992 ], [ -62.508194546138924, -64.454049981544316 ], [ -62.455277879472106, -64.471516615658942 ], [ -62.396030849849495, -64.464643650164163 ], [ -62.325647549067867, -64.424387709408819 ], [ -62.303943447505304, -64.40165007920038 ], [ -62.185940314366775, -64.368835544695003 ], [ -62.174287278884975, -64.295816745866645 ], [ -62.093852912022697, -64.234425144303827 ], [ -62.058402879470378, -64.138100274511771 ], [ -62.268493414953099, -64.089989516048078 ], [ -62.267434048091133, -64.040225111751056 ], [ -62.328825649653851, -64.013766778417548 ], [ -62.451583014563226, -64.012164809016497 ] ] ] } },
{ "type": "Feature", "properties": { "name": "Scotia Sea", "featurecla": "sea", "scalerank": 2 }, "geometry": { "type": "Polygon", "coordinates": [ [ [ -55.369224616097313, -61.146189874109211 ], [ -55.39985957822185, -61.080623313475591 ], [ -55.387208014534792, -61.072654310957887 ], [ -54.670714280808056, -61.117096042728917 ], [ -54.709885016485288, -61.139885349369628 ], [ -54.183870612186411, -61.269489841557572 ], [ -55.074911952609398, -61.176804139305908 ], [ -55.369224616097313, -61.146189874109211 ] ] ] } },
{ "type": "Feature", "properties": { "name": "South Atlantic Ocean", "featurecla": "ocean", "scalerank": 0 }, "geometry": { "type": "Polygon", "coordinates": [ [ [ -55.655512050994332, -60.533462416424527 ], [ -56.238758104056501, -60.533462416424527 ], [ -68.048579881447523, -60.533462416424548 ], [ -68.077673712827846, -60.533462416424548 ], [ -68.077673712827846, -55.696858412498855 ], [ -68.082453782814895, -55.650814711326802 ], [ -68.048579881447523, -55.64342498150905 ], [ -68.045401780861624, -55.587304376040137 ], [ -68.058114183205333, -55.518006280336763 ], [ -68.089843512632541, -55.478318780336515 ], [ -68.15281124538032, -55.437029310935309 ], [ -68.305230882425093, -55.356620782289205 ], [ -68.326392381448585, -55.332797947002611 ], [ -68.32269751653979, -55.308458347393135 ], [ -68.282467414000649, -55.255024916403329 ], [ -68.330087246357465, -55.219523207418831 ], [ -68.381944546162401, -55.191514581116664 ], [ -68.585678880473068, -55.177768650127028 ], [ -68.613196580668529, -55.155496107809192 ], [ -68.597848680277849, -55.128521010152888 ], [ -68.399953782816027, -55.041756280334809 ], [ -68.458141445576672, -54.959745782287577 ], [ -68.653426683207755, -54.958143812886533 ], [ -68.901060146750439, -55.017933445048222 ], [ -69.092082078717311, -54.994110609761719 ], [ -69.081514248313653, -54.909981377990547 ], [ -68.843389248312661, -54.876650079162275 ], [ -68.803701748312506, -54.853912448953835 ], [ -68.653426683207755, -54.853912448953835 ], [ -68.618493414978531, -54.833810316792309 ], [ -68.490955980082134, -54.836445814839131 ], [ -68.331689215758587, -54.816343682677605 ], [ -68.220016445575851, -54.817377211323475 ], [ -68.007290412046331, -54.84858977642773 ], [ -67.793530849871019, -54.868691908589255 ], [ -67.12729244654787, -54.903625176818664 ], [ -66.930456915948213, -54.924812514058253 ], [ -66.627762213798604, -55.013179213277375 ], [ -66.511361050061197, -55.032247816793124 ], [ -66.398628913016523, -55.009458510152399 ], [ -66.286981981049877, -54.97772918072517 ], [ -66.172156948497246, -54.975093682678256 ], [ -66.060510016530685, -54.956541843485489 ], [ -65.953617316334913, -54.919489841532233 ], [ -65.841944546152178, -54.909981377990547 ], [ -65.722882046151767, -54.926414483459389 ], [ -65.603302781828376, -54.927964776428055 ], [ -65.471011115161161, -54.914735609761394 ], [ -65.346135016527938, -54.877683607808137 ], [ -65.2524714829988, -54.788800144266041 ], [ -65.178910081631471, -54.67821257916146 ], [ -65.251928880459815, -54.638008314838409 ], [ -65.369415249275363, -54.632168877989322 ], [ -65.747221645761243, -54.653356215229088 ], [ -65.992762213795999, -54.598837579161135 ], [ -66.235641445567893, -54.533208510150445 ], [ -66.462139248303089, -54.441121107806346 ], [ -66.670111050061763, -54.313635349342327 ], [ -66.865370449476671, -54.222581475644006 ], [ -67.069621548110291, -54.147960707414612 ], [ -67.293974778905351, -54.050085544653719 ], [ -67.50248918320321, -53.922031345434519 ], [ -67.678163214779403, -53.787104180720284 ], [ -67.86125281438953, -53.662202243870972 ], [ -67.940111050066974, -53.618794040745748 ], [ -68.008349778908297, -53.56381031678719 ], [ -68.143819546161438, -53.318760674859149 ], [ -68.161286180276051, -53.30661671327055 ], [ -68.393054979105131, -53.294989516004932 ], [ -68.48832048203522, -53.261089776421393 ], [ -68.520592414001527, -53.221919040744119 ], [ -68.520592414001527, -53.177477308973202 ], [ -68.479328782816424, -53.114018650118737 ], [ -68.431166347920367, -53.055262546602911 ], [ -68.332748582620553, -53.019812514050614 ], [ -68.240144415953495, -53.081720879936327 ], [ -68.278229946552614, -52.983794040743227 ], [ -68.338562181253366, -52.900233249727329 ], [ -68.571390346944327, -52.694871107799358 ], [ -68.630120612244156, -52.652548109752288 ], [ -68.659240281840567, -52.631412448944893 ], [ -68.757658047140382, -52.582164808970759 ], [ -68.762412278911313, -52.581648044647871 ], [ -68.760836147726451, -52.572656345429074 ], [ -68.69626644557772, -52.314429213266571 ], [ -68.443336147725148, -52.356752211313555 ], [ -68.393597581644229, -52.307039483448818 ], [ -68.398894415954061, -52.301200046599909 ], [ -67.913313031932162, -50.0 ], [ 19.615836622809496, -50.0 ], [ 19.615836622809496, -60.533462416424548 ], [ -44.864723680183033, -60.533462416424548 ], [ -45.610853847829105, -60.533462416424548 ], [ -45.717746548024905, -60.520750014080683 ], [ -45.782833014496532, -60.533462416424548 ], [ -45.893963182140084, -60.533462416424548 ], [ -45.934710049002319, -60.526537774497392 ], [ -45.938404913911199, -60.533462416424527 ], [ -55.655512050994332, -60.533462416424527 ] ], [ [ -35.938756883272248, -54.834327081115198 ], [ -35.866771613089583, -54.792520847391103 ], [ -35.798507046032086, -54.76342701601078 ], [ -35.913332078584631, -54.711027113666844 ], [ -35.921807013480446, -54.637439874083228 ], [ -35.895348680147038, -54.554912611713014 ], [ -35.964672614066586, -54.568141778379768 ], [ -36.032937181124083, -54.56762501405688 ], [ -36.073141445447249, -54.553879083067152 ], [ -36.117066412895355, -54.458070977598076 ], [ -36.172644415825289, -54.382416680722812 ], [ -36.235612148572869, -54.360712579160243 ], [ -36.285350714653788, -54.288727308977585 ], [ -36.326614345838806, -54.25115854270144 ], [ -36.38588721367762, -54.279218845435899 ], [ -36.406531948378216, -54.303558445045375 ], [ -36.448854946425371, -54.308312676816222 ], [ -36.540942348769391, -54.248006280331644 ], [ -36.647292446426093, -54.262268975644169 ], [ -36.607088182102956, -54.189766941138707 ], [ -36.703929816217993, -54.108273207414364 ], [ -36.759998745254705, -54.107756443091475 ], [ -36.804983079564778, -54.101400241919585 ], [ -36.848908047012799, -54.085018812883035 ], [ -36.928825649552209, -54.081298109758059 ], [ -37.006081915828531, -54.114112644263358 ], [ -37.103440314266521, -54.065433445044398 ], [ -37.232553880347695, -54.060679213273559 ], [ -37.368540411923703, -54.009364516007778 ], [ -37.382312181129549, -53.98393971132014 ], [ -37.535765346820284, -53.994016615617006 ], [ -37.945352749165664, -53.99556690858585 ], [ -38.017312181131985, -54.007762546606735 ], [ -37.912538214660373, -54.028898207414038 ], [ -37.618861049945565, -54.042127374080785 ], [ -37.689218512511019, -54.07654387798722 ], [ -37.692396613096918, -54.134731540747865 ], [ -37.63103084975026, -54.167546075253163 ], [ -37.497679816221165, -54.155918877987453 ], [ -37.157933112118201, -54.271260674862965 ], [ -37.08279557956584, -54.311516615618309 ], [ -37.006598680151484, -54.34112721132152 ], [ -36.885960048966155, -54.339525241920562 ], [ -36.85156938327583, -54.365983575253978 ], [ -36.824051683080455, -54.404120782285297 ], [ -36.735142381322333, -54.466545912493984 ], [ -36.628249681126533, -54.496156508197195 ], [ -36.506551683079152, -54.510987644264986 ], [ -36.472135179172795, -54.5342937152286 ], [ -36.445676845839301, -54.570777276426675 ], [ -36.311266445448126, -54.69356047955214 ], [ -36.251476813286445, -54.779808445047244 ], [ -36.123422614067238, -54.85282724387568 ], [ -36.085311245251944, -54.866573174865323 ], [ -35.938756883272248, -54.834327081115198 ] ], [ [ -58.206596645731025, -51.404768975632713 ], [ -58.258996548075032, -51.416964613653597 ], [ -58.289149746317321, -51.457685642299623 ], [ -58.276463182189644, -51.505848077195608 ], [ -58.241013149637439, -51.551375014044766 ], [ -58.234656948465556, -51.578350111701155 ], [ -58.271683112202624, -51.574629408576094 ], [ -58.4738413153284, -51.509052015997781 ], [ -58.50874874534162, -51.48362721131015 ], [ -58.519342413961482, -51.423837579148461 ], [ -58.467485114156602, -51.411641941127577 ], [ -58.406636115132955, -51.418566583054726 ], [ -58.378575812398509, -51.373039646205477 ], [ -58.425678880432514, -51.32436044698661 ], [ -58.506113247294735, -51.307927341517768 ], [ -58.697677781800763, -51.32859791443456 ], [ -58.850071580629532, -51.269841810918649 ], [ -58.917276780825063, -51.271960544642582 ], [ -58.886580980043703, -51.357691745814797 ], [ -59.09667151552631, -51.491585381882992 ], [ -59.099307013573224, -51.589460544643885 ], [ -59.065433112205966, -51.650335381883728 ], [ -59.059619513572983, -51.685268650113052 ], [ -59.095612148664344, -51.704285577196423 ], [ -59.180283982974601, -51.712760512092331 ], [ -59.261777716698759, -51.737100111701807 ], [ -59.308854946516675, -51.780508314826946 ], [ -59.570802781804247, -51.925460707405584 ], [ -59.536928880436989, -51.970470879931852 ], [ -59.649118414942535, -52.077337741911371 ], [ -59.64857581240355, -52.134491876026324 ], [ -59.532174648666057, -52.236656182667289 ], [ -59.395645514550949, -52.308073012094681 ], [ -59.34166948102208, -52.195883477589057 ], [ -59.256480882388928, -52.183171075245198 ], [ -59.162817348859903, -52.201722914438058 ], [ -59.068094448468884, -52.173145847380624 ], [ -59.19563188336528, -52.017548109749768 ], [ -59.131062181216464, -52.008039646208083 ], [ -58.652693447490691, -52.099041843474026 ], [ -58.637888149638997, -52.022870782275788 ], [ -58.643159145732795, -51.994810479541336 ], [ -58.68338924827205, -51.93605437602551 ], [ -58.336252814351354, -51.863552341519963 ], [ -58.21770707867384, -51.822314548551041 ], [ -58.151044481017266, -51.76567717875924 ], [ -58.003947516498528, -51.743456312873697 ], [ -57.838298712786894, -51.709039808967262 ], [ -57.83142574729203, -51.684700209357871 ], [ -57.791738247291875, -51.636021010138911 ], [ -57.866359015521454, -51.604808445034571 ], [ -57.960539313373289, -51.583104343472002 ], [ -57.915554979063216, -51.533908379930153 ], [ -57.808662278867502, -51.518043715216493 ], [ -57.92245378277417, -51.403735446986936 ], [ -57.976429816303067, -51.384150079148299 ], [ -58.206596645731025, -51.404768975632713 ] ], [ [ -60.288355882393006, -52.073668715218773 ], [ -60.246549648668889, -51.986335544645513 ], [ -60.193632982002072, -51.982614841520451 ], [ -60.132241380439154, -51.993725274463266 ], [ -59.989898647691263, -51.984216810921581 ], [ -59.921634080633737, -51.96938567485379 ], [ -59.714721645737114, -51.807483412483336 ], [ -59.57343827985116, -51.681031182665095 ], [ -59.514165412012375, -51.626512546597226 ], [ -59.436909145735967, -51.592664483445972 ], [ -59.392467413964965, -51.556129245815612 ], [ -59.354381883365846, -51.511170749721714 ], [ -59.294049648665094, -51.478356215216415 ], [ -59.268108079654638, -51.427558282273438 ], [ -59.32102474632137, -51.383633314825317 ], [ -59.387713182194119, -51.35981047953873 ], [ -59.464969448470441, -51.410608412481707 ], [ -59.493546515527868, -51.395777276413916 ], [ -59.711569383367305, -51.439185479539141 ], [ -59.788283047104528, -51.446058445034005 ], [ -59.84174231631053, -51.403218682664047 ], [ -59.916879848862891, -51.38787078227336 ], [ -60.008424648668012, -51.410608412481707 ], [ -60.14177568219722, -51.480991713263236 ], [ -60.286237148669073, -51.46192310974758 ], [ -60.445503912992592, -51.399497979538978 ], [ -60.515887213774221, -51.354539483445087 ], [ -60.568287116118171, -51.357691745814797 ], [ -60.518005947498153, -51.428075046596412 ], [ -60.522760179269, -51.463008314825736 ], [ -60.505836147693373, -51.485745945034083 ], [ -60.414808112211233, -51.545018812872883 ], [ -60.302644415921719, -51.580468845425088 ], [ -60.244947679267852, -51.638656508185825 ], [ -60.280940314359043, -51.656123142300437 ], [ -60.467208014555098, -51.697412611701559 ], [ -60.528057013578916, -51.696379083055781 ], [ -60.582575649646685, -51.712760512092331 ], [ -60.50002254906056, -51.756685479540359 ], [ -60.379358079659028, -51.734981377977874 ], [ -60.328560146716228, -51.718599948941325 ], [ -60.276702846911178, -51.716481215217307 ], [ -60.238074713773074, -51.733947849332012 ], [ -60.238617316312059, -51.772033379931131 ], [ -60.288872646715987, -51.801127211311453 ], [ -60.33437374534887, -51.839781182665746 ], [ -60.449741380440457, -51.877349948941976 ], [ -60.591024746326497, -51.951402276416196 ], [ -60.762487148670942, -51.94664804464535 ], [ -60.961441412994731, -52.057235609749846 ], [ -60.812225714751861, -52.147721042692986 ], [ -60.686290249256587, -52.188493747771304 ], [ -60.508471645740286, -52.194849948943194 ], [ -60.484132046130725, -52.170510349333711 ], [ -60.45186011416439, -52.160433445036851 ], [ -60.384138149646049, -52.154077243864961 ], [ -60.353442348864604, -52.139814548552344 ], [ -60.288355882393006, -52.073668715218773 ] ], [ [ -64.637573615157805, -54.902591648172795 ], [ -64.508976813399443, -54.840114841531822 ], [ -64.453424648685711, -54.840114841531822 ], [ -64.322709113203416, -54.796189874083794 ], [ -64.028489345949652, -54.792520847391017 ], [ -63.971361050051087, -54.810504245828611 ], [ -63.832713182211819, -54.768181247781627 ], [ -63.815246548097292, -54.725289808979376 ], [ -63.881909145753781, -54.722654310932462 ], [ -64.032210049074621, -54.742239678771099 ], [ -64.05494767928306, -54.730044040750215 ], [ -64.105228847903135, -54.7216207822866 ], [ -64.22059648299475, -54.722137546609574 ], [ -64.438593512617928, -54.739604180724193 ], [ -64.549206915938697, -54.716298109760579 ], [ -64.581478847905004, -54.75283334739094 ], [ -64.624861212814039, -54.773452243875354 ], [ -64.689430914962685, -54.77453744895351 ], [ -64.757152879481197, -54.826368910542271 ], [ -64.731237148686887, -54.862904148172618 ], [ -64.637573615157805, -54.902591648172795 ] ], [ [ -67.873965216733211, -54.929566745829099 ], [ -68.106793382424286, -54.929566745829099 ], [ -68.301510179300209, -54.980364678771991 ], [ -68.174515346942798, -55.07136687603802 ], [ -68.135370449481712, -55.172445977601008 ], [ -68.099377814390351, -55.206862481507351 ], [ -68.069741380471015, -55.221125176819875 ], [ -67.767589280860506, -55.259779148174175 ], [ -67.736893480079118, -55.256575209372173 ], [ -67.691392381446065, -55.242829278382445 ], [ -67.585016445573245, -55.192031345439553 ], [ -67.535277879492327, -55.178802178772806 ], [ -67.49453101263029, -55.177200209371762 ], [ -67.46331844752595, -55.181954441142693 ], [ -67.443216315364424, -55.201023044658349 ], [ -67.429444546158578, -55.236473077210562 ], [ -67.399291347916289, -55.272439874085748 ], [ -67.339501715754608, -55.292593682679559 ], [ -67.257465379491265, -55.282000014059719 ], [ -67.172819383397126, -55.242829278382445 ], [ -67.109309048110475, -55.192031345439553 ], [ -67.079672614191054, -55.153945814840434 ], [ -67.085486212823866, -55.115291843486141 ], [ -67.107190314386344, -55.063460381897293 ], [ -67.245295579686484, -54.97772918072517 ], [ -67.424690314387647, -54.968737481506373 ], [ -67.873965216733211, -54.929566745829099 ] ], [ [ -67.303158299228244, -55.697159276257935 ], [ -67.303173183853346, -55.697168471092596 ], [ -67.262245449478229, -55.743935642316771 ], [ -67.303158299228244, -55.697159276257935 ] ] ] } },
{ "type": "Feature", "properties": { "name": "South Pacific Ocean", "featurecla": "ocean", "scalerank": 0 }, "geometry": { "type": "MultiPolygon", "coordinates": [ [ [ [ 166.066380650087922, -60.533462416424527 ], [ 166.06638065008795, -50.85498341247952 ], [ 166.070618117535986, -50.820050144250196 ], [ 166.073253615582786, -50.82268564229711 ], [ 166.188130324567652, -50.845991713260723 ], [ 166.24311404852628, -50.845991713260723 ], [ 166.220893182640708, -50.761294040734377 ], [ 166.200739374046833, -50.750752048546822 ], [ 166.179655389671751, -50.71473357523935 ], [ 166.22037641831767, -50.694114678754936 ], [ 166.207664015974075, -50.65230844503084 ], [ 166.209265985375026, -50.612104180707696 ], [ 166.259547153995101, -50.57717091247838 ], [ 166.267505324567963, -50.558670749717898 ], [ 166.254276157901273, -50.5438396136501 ], [ 166.225130650088573, -50.531127211306327 ], [ 166.103432652041391, -50.539085381879261 ], [ 166.166879906871202, -50.0 ], [ 179.999897088945858, -50.0 ], [ 179.999897088945858, -60.533462416424548 ], [ 166.066380650087922, -60.533462416424527 ] ] ], [ [ [ -180.0, -60.533462416424548 ], [ -180.0, -50.0 ], [ -74.769842490174341, -50.0 ], [ -74.763182949508206, -50.011469008179233 ], [ -74.703367479130407, -50.019427178752167 ], [ -74.594898647749773, -50.006714776408394 ], [ -74.584367166184123, -50.0 ], [ -74.361851879919243, -50.0 ], [ -74.434572516564259, -50.065470879924305 ], [ -74.629831915979082, -50.194041843466479 ], [ -74.516583014611399, -50.265510349326071 ], [ -74.425038214806392, -50.350156345420217 ], [ -74.374240281863479, -50.36286874776399 ], [ -74.305433112266826, -50.398318780316202 ], [ -74.030798712851663, -50.469735609743594 ], [ -73.950364345989385, -50.510508314821827 ], [ -74.185853847943434, -50.48560027445717 ], [ -74.196964280886164, -50.609985446983679 ], [ -74.164149746380787, -50.638045749718223 ], [ -74.096944546185227, -50.716852308963283 ], [ -73.97788204618476, -50.82692310974506 ], [ -73.891634080689641, -50.782481377973966 ], [ -73.750350714803716, -50.539602146202235 ], [ -73.679967414022173, -50.490406182660301 ], [ -73.654568447550645, -50.492524916384319 ], [ -73.693196580688834, -50.570297946983601 ], [ -73.613821580688523, -50.627968845421272 ], [ -73.618059048136473, -50.65127491638497 ], [ -73.65880591499868, -50.650706475629704 ], [ -73.74081641304582, -50.696750176801757 ], [ -73.824428880494025, -50.835914808963771 ], [ -73.806445482056603, -50.938595879927796 ], [ -73.847709113241621, -50.940197849328754 ], [ -74.139293382448415, -50.817931410526263 ], [ -74.156217414024042, -50.797312514041764 ], [ -74.190091315391385, -50.777727146203127 ], [ -74.331374681277339, -50.55970427836376 ], [ -74.365765346967578, -50.487719008181188 ], [ -74.564202846968385, -50.381885674847361 ], [ -74.644637213830691, -50.360750014039972 ], [ -74.72189348010707, -50.408344008180862 ], [ -74.775869513635882, -50.469735609743594 ], [ -74.70230811226844, -50.535364678754284 ], [ -74.648874681278642, -50.618460381879586 ], [ -74.685926683231884, -50.661816908572526 ], [ -74.83671851265953, -50.678766778364249 ], [ -75.094428880499152, -50.68140227641107 ], [ -75.055283983038066, -50.785685316776146 ], [ -74.983298712855486, -50.88092498149004 ], [ -74.814497646774072, -51.062929376022019 ], [ -74.69013831246366, -51.086752211308522 ], [ -74.586966315392942, -51.130677178756635 ], [ -74.507591315392602, -51.149745782272298 ], [ -74.41444454618653, -51.162406508183871 ], [ -74.332434048139305, -51.195221042689255 ], [ -74.210736050091896, -51.204781182663233 ], [ -74.121284145794732, -51.195221042689255 ], [ -73.939253913046542, -51.266121107793587 ], [ -73.895871548137592, -51.331233412481382 ], [ -73.929745449504878, -51.618037611701318 ], [ -74.069426845989852, -51.578866876024044 ], [ -74.196447516563268, -51.680462741909921 ], [ -74.146166347943364, -51.712243747769442 ], [ -73.973127814413914, -51.784745782274904 ], [ -73.894269578736555, -51.757719008186221 ], [ -73.857760179322298, -51.790016778368631 ], [ -73.810682949504468, -51.801127211311453 ], [ -73.752469448527648, -51.795287774462452 ], [ -73.65033098010278, -51.856162611702295 ], [ -73.582066413045169, -51.960393975634993 ], [ -73.518039313435537, -52.040854180713382 ], [ -73.383112148721466, -52.069948012093796 ], [ -73.188912116168609, -51.990573012093471 ], [ -72.928540412065985, -51.859883314827272 ], [ -72.599929979122038, -51.799008477587428 ], [ -72.58354855008551, -51.737100111701807 ], [ -72.649151780880004, -51.695293877977626 ], [ -72.70470394559382, -51.677827243863007 ], [ -72.789375779903963, -51.614316908576257 ], [ -73.114808112262011, -51.50424610779465 ], [ -73.163513149697167, -51.495822849331034 ], [ -73.196844448525354, -51.477787774461149 ], [ -73.168784145790909, -51.454016615606939 ], [ -73.126977912066792, -51.43970224386203 ], [ -72.761341315385607, -51.573079115607428 ], [ -72.54280168322336, -51.705887546597467 ], [ -72.489885016556542, -51.763558445035223 ], [ -72.494096645788233, -51.847687676806387 ], [ -72.522673712845659, -51.891095879931527 ], [ -72.624812181270528, -51.94664804464535 ], [ -72.624812181270528, -52.006954441129928 ], [ -72.613701748327685, -52.037133477588405 ], [ -72.524275682246696, -52.170510349333711 ], [ -72.519495612259675, -52.217070814828737 ], [ -72.523216315384644, -52.255673109750745 ], [ -72.532724778926337, -52.282131443084161 ], [ -72.568717414017698, -52.334014581105208 ], [ -72.631685146765278, -52.371583347381439 ], [ -72.67718624539836, -52.3848125140481 ], [ -72.714238247351602, -52.356752211313641 ], [ -72.693593512651006, -52.330293877980232 ], [ -72.58354855008551, -52.254122816781994 ], [ -72.57083614774163, -52.200120945036922 ], [ -72.587760179317257, -52.145085544646079 ], [ -72.649694383419074, -52.100127048552181 ], [ -72.694652879512972, -52.044523207406158 ], [ -72.695195482052043, -51.98530201599965 ], [ -72.735399746375094, -51.960393975634993 ], [ -72.795215216753064, -51.949283542692172 ], [ -72.843351813432861, -51.960962416390167 ], [ -72.943888312456664, -52.04664194113009 ], [ -73.137571580686568, -52.129737644255393 ], [ -73.260328945596001, -52.157797946989938 ], [ -73.327017381468664, -52.165704441130579 ], [ -73.457707078734757, -52.146170749724234 ], [ -73.53232784696425, -52.153043715219098 ], [ -73.649271613240728, -52.077906182666723 ], [ -73.684204881470038, -52.077906182666723 ], [ -73.685264248332004, -52.136610609750257 ], [ -73.702730882446701, -52.199087416391144 ], [ -73.749291347941636, -52.215985609750582 ], [ -73.834479946574874, -52.233969008188176 ], [ -74.04033301460953, -52.159399916390981 ], [ -74.133453945599427, -52.15459400818785 ], [ -74.194845547162146, -52.120229180713707 ], [ -74.264686245404675, -52.104881280323028 ], [ -74.295924648725219, -52.118110446989775 ], [ -74.265745612266642, -52.17154387797958 ], [ -74.238227912071267, -52.202239678760947 ], [ -74.176319546185567, -52.317064711313478 ], [ -74.15092057971421, -52.382693780324168 ], [ -74.093249681276376, -52.376337579152278 ], [ -74.037154914023546, -52.402795912485693 ], [ -74.000102912070389, -52.512349948944404 ], [ -74.03609554716158, -52.577410577199913 ], [ -74.016510179323035, -52.632962741913737 ], [ -74.021807013632866, -52.634564711314781 ], [ -74.634586147749843, -52.747271010143294 ], [ -74.670036180302134, -52.734041843476632 ], [ -74.711842414026222, -52.748872979544338 ], [ -74.711325649703355, -52.768458347382975 ], [ -74.619780849898319, -52.834604180716553 ], [ -74.558389248335601, -52.921885674857606 ], [ -74.41444454618653, -52.994956150118249 ], [ -74.269983079714507, -53.081720879936327 ], [ -74.236135016563452, -53.076398207410307 ], [ -74.138750779909344, -53.090712579155124 ], [ -73.993772549114595, -53.075881443087326 ], [ -73.866777716757269, -53.097068780327007 ], [ -73.793733079712666, -53.120891615613509 ], [ -73.616999681274507, -53.229877211317138 ], [ -73.59583818225093, -53.253183282280752 ], [ -73.582609015584268, -53.300260512098667 ], [ -73.56726111519356, -53.30661671327055 ], [ -73.501115281859995, -53.31824391053626 ], [ -73.409570482054875, -53.320362644260193 ], [ -73.225938279905762, -53.358448174859312 ], [ -73.175140346962877, -53.355812676812398 ], [ -73.175140346962877, -53.357414646213442 ], [ -73.083078782834775, -53.403458347385495 ], [ -73.111113247353245, -53.425162448948065 ], [ -73.11535071480111, -53.447900079156589 ], [ -73.099486050087449, -53.511927178766143 ], [ -73.365645514606769, -53.470120945042048 ], [ -73.447139248331126, -53.410331312880359 ], [ -73.68632361519397, -53.426712741916909 ], [ -73.845590379517517, -53.545775241917397 ], [ -73.641339280884068, -53.570114841526788 ], [ -73.581549648722302, -53.655329278376108 ], [ -73.470936245401532, -53.736306247777478 ], [ -73.360348680296937, -53.724110609756593 ], [ -73.324898647744732, -53.722560316787842 ], [ -73.314304979124898, -53.729433282282706 ], [ -73.294745449502358, -53.791858412491216 ], [ -73.292626715778425, -53.835783379939329 ], [ -73.312186245400881, -53.919395847387612 ], [ -73.304796515583206, -53.943735446997088 ], [ -73.210590379515082, -53.986058445044073 ], [ -73.120104946571928, -54.009364516007778 ], [ -73.080960049110843, -53.998254083065049 ], [ -73.07090898303008, -53.978100274471231 ], [ -73.085714280881774, -53.915675144262543 ], [ -73.073027716754126, -53.875470879939492 ], [ -73.039670579709735, -53.832579441137241 ], [ -72.984118414996004, -53.860639743871701 ], [ -72.935955980099919, -53.860639743871701 ], [ -72.871928880490287, -53.848495782283194 ], [ -72.763976813432521, -53.864877211319651 ], [ -72.781443447547133, -53.954845879939818 ], [ -72.881463182248069, -54.041610609757896 ], [ -72.958719448524477, -54.065950209367379 ], [ -72.946007046180682, -54.091891778377899 ], [ -72.907378913042493, -54.114629408586339 ], [ -72.870869513628321, -54.126825046607223 ], [ -72.840173712846962, -54.125223077206179 ], [ -72.788859015581096, -54.103002211320629 ], [ -72.676669481075379, -54.078662611711152 ], [ -72.562903815384885, -54.073908379940306 ], [ -72.470299648717827, -54.02786467876826 ], [ -72.408391282832184, -54.004041843481666 ], [ -72.369220547154924, -53.980787448950345 ], [ -72.366042446569026, -53.941099948950182 ], [ -72.306252814407259, -53.862241713272745 ], [ -72.205173712844356, -53.807206312881988 ], [ -72.211013149693343, -53.802452081111142 ], [ -72.01521114773945, -53.893971042699974 ], [ -72.069187181268319, -53.921514581111545 ], [ -72.145926683221745, -53.938981215226249 ], [ -72.210470547154358, -54.047966810929786 ], [ -72.091408047153863, -54.118866876034204 ], [ -71.972345547153282, -54.207233575253326 ], [ -71.948548550082904, -54.300922946998469 ], [ -71.817833014600609, -54.276583347389078 ], [ -71.761221483024883, -54.230022881894051 ], [ -71.670736050081842, -54.225268650123205 ], [ -71.55800391303714, -54.245887546607619 ], [ -71.473332078726884, -54.231056410539914 ], [ -71.304531012645469, -54.313635349342327 ], [ -71.143145514597904, -54.373941745826905 ], [ -71.117746548126462, -54.366552016009244 ], [ -71.082813279897238, -54.316270847389148 ], [ -71.027777879506317, -54.281337579159917 ], [ -71.005040249297878, -54.2464043109306 ], [ -71.023023647735471, -54.161758314836455 ], [ -71.02250688341249, -54.13793547954986 ], [ -70.864273647734819, -54.098247979549789 ], [ -70.862697516549957, -54.098247979549789 ], [ -70.863214280872853, -54.110391941138381 ], [ -70.760016445585933, -54.24113331483678 ], [ -70.636199713814591, -54.262268975644169 ], [ -70.539900682238823, -54.303558445045375 ], [ -70.468458014595228, -54.373424981504016 ], [ -70.297538214789881, -54.48561451600964 ], [ -70.310767381456543, -54.528454278379606 ], [ -70.417660081652258, -54.50199594504619 ], [ -70.573231981067096, -54.504631443093103 ], [ -70.701286180286218, -54.48561451600964 ], [ -70.687540249296575, -54.414662774472937 ], [ -70.698650682239389, -54.34908538189454 ], [ -70.79706844753926, -54.32738128033197 ], [ -70.898147549102163, -54.33797494895181 ], [ -70.928300747344451, -54.360195814837269 ], [ -70.946284145782045, -54.398281345436388 ], [ -70.96641211615966, -54.419468682676069 ], [ -71.080177781850324, -54.444325046608434 ], [ -71.15901017931148, -54.450681247780324 ], [ -71.355328945588383, -54.395645847389474 ], [ -71.393440314403591, -54.40040007916032 ], [ -71.500333014599306, -54.444841810931415 ], [ -71.572835049104839, -54.495122979551418 ], [ -71.606166347933112, -54.497241713275351 ], [ -71.71569454617574, -54.443808282285545 ], [ -71.800366380485968, -54.433731377988593 ], [ -71.823646613233393, -54.474504083066911 ], [ -71.906742316358788, -54.495122979551418 ], [ -71.92790381538228, -54.528454278379606 ], [ -71.901445482048871, -54.601473077208041 ], [ -71.831578945590223, -54.626329441140413 ], [ -71.441060146760577, -54.619456475645634 ], [ -71.229393480093023, -54.694077243875029 ], [ -70.924605882435571, -54.714179376036554 ], [ -70.735160081653561, -54.750714613667007 ], [ -70.497035081652683, -54.809419040750541 ], [ -70.281673550076306, -54.751748142312785 ], [ -70.258910081651692, -54.756502374083631 ], [ -70.2377485826282, -54.777689711323312 ], [ -70.138245612250159, -54.819495945047493 ], [ -70.030319383408511, -54.815775241922431 ], [ -69.899603847926215, -54.781927178771262 ], [ -69.771549648707008, -54.739087416401304 ], [ -69.723387213811037, -54.712060642312622 ], [ -69.587400682234914, -54.812622979552629 ], [ -69.486321580672012, -54.85918344504757 ], [ -69.081514248313653, -54.909981377990547 ], [ -69.092082078717311, -54.994110609761719 ], [ -69.702742479110412, -54.918973077209344 ], [ -69.884255947535536, -54.881921075256002 ], [ -69.920765346949878, -55.061341648173361 ], [ -69.946706915960306, -55.111054376038183 ], [ -69.987970547145409, -55.13063974387682 ], [ -69.980038214788578, -55.147589613668551 ], [ -69.886891445582421, -55.174047947001959 ], [ -69.865729946558929, -55.190429376038509 ], [ -69.853560146754234, -55.220091648174012 ], [ -69.823923712834841, -55.236473077210562 ], [ -69.680004848901888, -55.219006443095942 ], [ -69.657241380477359, -55.229083347392809 ], [ -69.656182013615393, -55.298381443096268 ], [ -69.64613094753463, -55.321170749736993 ], [ -69.610138312443354, -55.340187676820364 ], [ -69.508542446557556, -55.37088347760173 ], [ -69.455625779890653, -55.423800144268647 ], [ -69.411700812442547, -55.444419040753061 ], [ -69.2407810126372, -55.476716810935471 ], [ -69.18099138047549, -55.474598077211539 ], [ -69.298994513614019, -55.369281508200686 ], [ -69.359326748314686, -55.300500176820201 ], [ -69.356148647728787, -55.274041843486792 ], [ -69.296875779890087, -55.165573012106144 ], [ -69.192644415957318, -55.171929213278027 ], [ -69.150838182233116, -55.183556410543645 ], [ -69.046580980084315, -55.244431247783488 ], [ -69.007952846946125, -55.25554168072631 ], [ -68.912713182232238, -55.238591810934579 ], [ -68.889949713807596, -55.241227308981493 ], [ -68.88889034694563, -55.263448174866951 ], [ -68.932298550070783, -55.347629083070409 ], [ -68.931239183208817, -55.37088347760173 ], [ -68.896305914979592, -55.423800144268647 ], [ -68.867186245383067, -55.450258477602056 ], [ -68.785175747335842, -55.435427341534265 ], [ -68.693630947530806, -55.452377211325988 ], [ -68.594153815368969, -55.449741713279082 ], [ -68.466616380472743, -55.488912448956356 ], [ -68.33801957871438, -55.505293877992905 ], [ -68.293577846943293, -55.521158542706473 ], [ -68.229550747333633, -55.601618747784954 ], [ -68.157048712828185, -55.633864841535079 ], [ -68.082453782814895, -55.650814711326802 ], [ -68.077673712827846, -55.696858412498855 ], [ -68.077673712827846, -60.533462416424548 ], [ -180.0, -60.533462416424548 ] ], [ [ -71.388686082632745, -54.934320977600031 ], [ -71.32517574734598, -54.913702081115524 ], [ -71.299260016551671, -54.892514743875843 ], [ -71.2738610500802, -54.886726983459134 ], [ -71.203477749298685, -54.893031508198824 ], [ -71.120382046173376, -54.938041680725007 ], [ -70.990751715769164, -54.990441583069028 ], [ -70.96747148302174, -55.006823012105492 ], [ -70.964293382435727, -55.039637546610791 ], [ -70.939953782826336, -55.061858412496335 ], [ -70.815594448515839, -55.079841810933928 ], [ -70.744694383411428, -55.104181410543411 ], [ -70.71082048204417, -55.106816908590318 ], [ -70.640953945585522, -55.084596042704774 ], [ -70.597571580676487, -55.081960544657861 ], [ -70.551011115181467, -55.112139581116338 ], [ -70.538841315376686, -55.134877211324778 ], [ -70.543595547147618, -55.161335544658186 ], [ -70.475330980090092, -55.177200209371762 ], [ -70.403888312446526, -55.165573012106144 ], [ -70.298054979112777, -55.113689874085097 ], [ -70.283249681261083, -55.066095879944292 ], [ -70.417660081652258, -54.908947849344685 ], [ -70.534603847928821, -54.921091810933277 ], [ -70.615038214791099, -54.94543141054276 ], [ -70.749448615182274, -54.952872816792798 ], [ -70.805000779896005, -54.967652276428218 ], [ -70.927783983021556, -54.942795912495846 ], [ -70.945224778919993, -54.931168715230228 ], [ -70.991811082631131, -54.868175144266367 ], [ -71.08865271674614, -54.867658379943478 ], [ -71.197121548126717, -54.844352308979865 ], [ -71.374397549104032, -54.834327081115198 ], [ -71.410364345979218, -54.839081312886044 ], [ -71.437365281851697, -54.889362481506048 ], [ -71.426771613231864, -54.913702081115524 ], [ -71.406669481070338, -54.930600274474962 ], [ -71.388686082632745, -54.934320977600031 ] ], [ [ -74.172082078737702, -51.941893812874511 ], [ -74.141928880495328, -51.931300144254671 ], [ -74.118648647747904, -51.911198012093053 ], [ -74.11547054716192, -51.888460381884705 ], [ -74.133453945599427, -51.870993747770001 ], [ -74.276881883425659, -51.811720879931293 ], [ -74.325561082644441, -51.770431410530087 ], [ -74.362070482058698, -51.75084604269145 ], [ -74.45095394560073, -51.724956150113215 ], [ -74.475319383426296, -51.725472914436104 ], [ -74.437208014611087, -51.790533542691612 ], [ -74.423436245405327, -51.845052178759481 ], [ -74.338790249311188, -51.897968845426391 ], [ -74.283212246381282, -51.918587741910805 ], [ -74.172082078737702, -51.941893812874511 ] ], [ [ -74.915034145797875, -51.738185316779962 ], [ -75.008180915004033, -51.72387094503506 ], [ -75.105539313441881, -51.788983249722769 ], [ -75.050503913051017, -51.903808282275392 ], [ -75.017172614222829, -52.037650241911386 ], [ -74.917695482060907, -52.151958510140943 ], [ -74.851549648727399, -52.270504245818543 ], [ -74.69437577991161, -52.279495945037247 ], [ -74.665798712854183, -52.15991668071387 ], [ -74.531930915002079, -51.992174981494422 ], [ -74.53668514677301, -51.965148207405832 ], [ -74.647298550093694, -51.866239515999162 ], [ -74.749411180302474, -51.851925144254345 ], [ -74.780106981083833, -51.824950046597955 ], [ -74.822972581669973, -51.630233249722203 ], [ -74.909763149704162, -51.649766941128462 ], [ -74.915034145797875, -51.738185316779962 ] ], [ [ -74.881702846969603, -51.279350274460334 ], [ -75.040452846970254, -51.31800424581472 ], [ -75.153701748337937, -51.278833510137446 ], [ -75.209796515590767, -51.383064874070229 ], [ -75.238373582648279, -51.453448174851673 ], [ -75.300281948533808, -51.556646010138586 ], [ -75.289171515591079, -51.625427341519071 ], [ -75.192329881476127, -51.566722914435452 ], [ -75.146286180304088, -51.524399916388468 ], [ -75.047325812465118, -51.398412774460915 ], [ -74.936738247360466, -51.428591810919301 ], [ -74.853125779912176, -51.434431247768302 ], [ -74.797573615198445, -51.411641941127577 ], [ -74.730885179325782, -51.367200209356568 ], [ -74.69068091500273, -51.370404148158656 ], [ -74.6202976142213, -51.395777276413916 ], [ -74.59277991402584, -51.387302341518094 ], [ -74.561024746382401, -51.360844008184685 ], [ -74.558389248335601, -51.277231540736402 ], [ -74.570559048140296, -51.245502211309173 ], [ -74.611305915002418, -51.206899916387165 ], [ -74.736724616174797, -51.207416680710139 ], [ -74.881702846969603, -51.279350274460334 ] ], [ [ -75.326740281867302, -50.0120374489345 ], [ -75.369063279914286, -50.112548109742129 ], [ -75.376478847948135, -50.168100274455867 ], [ -75.397640346971741, -50.192439874065435 ], [ -75.411928880500369, -50.256518650107367 ], [ -75.448980882453696, -50.343283379925445 ], [ -75.307697516567742, -50.343283379925445 ], [ -75.250543382452889, -50.376097914430652 ], [ -75.054741380498967, -50.296206150107437 ], [ -74.96319658069396, -50.237450046591619 ], [ -74.838837246383548, -50.197245782268567 ], [ -74.87588924833679, -50.109912611695222 ], [ -75.004486050095153, -50.088725274455626 ], [ -75.122489183233682, -50.055393975627354 ], [ -75.209796515590767, -50.045368747762687 ], [ -75.326740281867302, -50.0120374489345 ] ], [ [ -75.330435146776097, -50.772456150109392 ], [ -75.301858079718755, -50.679851983442319 ], [ -75.292349616177063, -50.596756280317017 ], [ -75.203440314418856, -50.580891615603441 ], [ -75.160574713832801, -50.55443328226994 ], [ -75.115073615199748, -50.510508314821827 ], [ -75.156337246384766, -50.496710707399984 ], [ -75.303976813442688, -50.484049981488411 ], [ -75.427819383430204, -50.480329278363435 ], [ -75.419861212857199, -50.530610446983438 ], [ -75.442624681281728, -50.595671075238862 ], [ -75.477557949511123, -50.654427178754773 ], [ -75.452675747362576, -50.682487481489225 ], [ -75.438387213833863, -50.741191908572851 ], [ -75.411412116177559, -50.764497979536465 ], [ -75.330435146776097, -50.772456150109392 ] ] ], [ [ [ -74.019688279908934, -50.022579441122055 ], [ -74.166963957904144, -50.0 ], [ -73.970634235773915, -50.0 ], [ -74.019688279908934, -50.022579441122055 ] ] ] ] } },
{ "type": "Feature", "properties": { "name": "Sulzberger Bay", "featurecla": "bay", "scalerank": 5 }, "geometry": { "type": "Polygon", "coordinates": [ [ [ -148.463929816665029, -76.119539483544131 ], [ -148.631671515884477, -76.168218682763097 ], [ -148.780370449804366, -76.238033542789452 ], [ -148.894652879817841, -76.271933282372899 ], [ -149.285197516863661, -76.311052341617795 ], [ -149.654012214130773, -76.365054213362868 ], [ -149.339690314715426, -76.419004408675562 ], [ -149.046013150000732, -76.458175144352737 ], [ -148.600975715103118, -76.49310841258206 ], [ -147.340510016855887, -76.438589776514192 ], [ -146.776410081957863, -76.506854343571689 ], [ -146.166266445887715, -76.657697849431713 ], [ -145.750348680586512, -76.749216811020631 ], [ -145.675727912357047, -76.79686248159372 ], [ -145.685804816654013, -76.884712416489862 ], [ -145.629167446862112, -76.954010512193321 ], [ -145.806443447839342, -77.012198174953966 ], [ -145.933980882735739, -77.02914804474571 ], [ -145.966769579024941, -77.068835544745866 ], [ -145.864114346277091, -77.094260349433412 ], [ -145.753010016849544, -77.103252048652209 ], [ -145.563021613528463, -77.161439711412854 ], [ -145.515944383710632, -77.199008477689091 ], [ -145.634464281172029, -77.221229343574635 ], [ -145.80801957902429, -77.273112481595589 ], [ -145.794273648034647, -77.330266615710457 ], [ -145.713839281172341, -77.338173109851098 ], [ -145.649812181562709, -77.398531182768053 ], [ -145.600590379804657, -77.455116876127562 ], [ -145.677329881758084, -77.487931410632953 ], [ -146.073662279220628, -77.48689788198709 ], [ -146.390645514898949, -77.472583510242259 ], [ -146.92774451392458, -77.259883314928928 ], [ -147.207158983326764, -77.285773207507162 ], [ -147.442105882741743, -77.320706475736472 ], [ -147.566465217052155, -77.325460707507318 ], [ -147.729969448823653, -77.309596042793657 ], [ -148.196168382744759, -77.211204115709961 ], [ -148.572398648045777, -77.105370782376227 ], [ -148.777709113541363, -77.124956150214871 ], [ -148.839100715104109, -77.202212416491165 ], [ -148.843854946874956, -77.283706150215437 ], [ -148.74437781471309, -77.343495782377119 ], [ -148.55916948137903, -77.361479180814712 ], [ -148.25965287981532, -77.412793878080578 ], [ -148.155938280205532, -77.462558282377614 ], [ -148.340087246677626, -77.551441745919618 ], [ -149.125904914323939, -77.64244394318564 ], [ -149.474100715106601, -77.714945977691116 ], [ -149.588408983336251, -77.774218845529902 ], [ -149.717522549417509, -77.797524916493529 ], [ -150.084218512960661, -77.77106658316012 ], [ -150.305419481386025, -77.73137908315995 ], [ -150.956284146102121, -77.573662611805162 ], [ -151.718821581001009, -77.42602304474724 ], [ -151.998236050403193, -77.412793878080578 ], [ -153.077188280225187, -77.442456150216088 ], [ -153.460834113560054, -77.415997816882665 ], [ -153.573023648065771, -77.363081150215748 ], [ -153.606354946894044, -77.310164483548931 ], [ -153.712730882766863, -77.274146010241452 ], [ -153.910109015905618, -77.227068780423537 ], [ -154.814989183552427, -77.127023207506511 ], [ -155.101793382772371, -77.119633477688751 ], [ -155.358961148072922, -77.133379408678394 ], [ -155.919340379845949, -77.097929376126189 ], [ -156.211441413375809, -77.105887546699108 ], [ -156.368072679652443, -77.134981378079431 ], [ -156.667589281216152, -77.21275440867872 ], [ -157.139085049447175, -77.241899916491334 ], [ -157.465576748667274, -77.231306247871487 ], [ -157.841807013968207, -77.0794292133657 ], [ -158.003218350231975, -77.091056410631325 ], [ -148.463929816665029, -76.119539483544131 ] ], [ [ -147.044171515878134, -76.929670912583845 ], [ -147.079078945891297, -76.992664483547628 ], [ -146.981203783130468, -77.005893650214375 ], [ -146.606549649014397, -76.961400242011081 ], [ -146.164173550379871, -76.948739516099508 ], [ -146.244582079025975, -76.883110447088825 ], [ -146.866352912361833, -76.837066745916772 ], [ -147.086494513925231, -76.837066745916772 ], [ -147.115614183521757, -76.866160577297094 ], [ -147.101325649993015, -76.88626270945862 ], [ -147.044171515878134, -76.929670912583845 ] ], [ [ -146.907642381763054, -76.713766778468425 ], [ -146.790156012947506, -76.633358249822237 ], [ -146.878005947843633, -76.563491713363589 ], [ -146.94732988176321, -76.555016778467774 ], [ -147.135173713144184, -76.531710707504146 ], [ -147.27857581275407, -76.55238128042086 ], [ -147.355315314707468, -76.619043878077406 ], [ -147.221447516855477, -76.67092701609846 ], [ -146.907642381763054, -76.713766778468425 ] ], [ [ -148.669757046483596, -76.802133477687448 ], [ -148.370783047458985, -76.794743747869788 ], [ -148.321044481378067, -76.771437676906089 ], [ -148.384012214125732, -76.744462579249785 ], [ -148.662367316665836, -76.720639743963204 ], [ -148.928010016862231, -76.730148207504882 ], [ -149.333334113543572, -76.717487481593395 ], [ -149.468803880796713, -76.75717498159355 ], [ -149.238611213152552, -76.817998142401109 ], [ -148.984078945898943, -76.845541680812687 ], [ -148.814761115494605, -76.840787449041841 ], [ -148.669757046483596, -76.802133477687448 ] ], [ [ -149.238094448829656, -76.900060316880641 ], [ -149.302638312762213, -76.915924981594202 ], [ -149.244967414324435, -76.993181247870524 ], [ -149.014774746680303, -77.019122816881037 ], [ -148.595678880793201, -77.006927178860153 ], [ -148.474497647068802, -76.997935479641356 ], [ -148.439590217055638, -76.977316583156949 ], [ -148.508888312759041, -76.954527276516217 ], [ -148.704173550390038, -76.935510349432846 ], [ -149.238094448829656, -76.900060316880641 ] ], [ [ -148.929069383724254, -77.386852309070065 ], [ -149.217992316668131, -77.336054376127166 ], [ -149.249204881772386, -77.314918715319777 ], [ -149.37568294980673, -77.279985447090453 ], [ -149.518542446877632, -77.274662774564433 ], [ -149.662487149026674, -77.301121107897842 ], [ -149.438650682554396, -77.370470880033508 ], [ -148.929069383724254, -77.386852309070065 ] ], [ [ -149.85614457904046, -77.099531345527225 ], [ -149.816999681579375, -77.114362481595023 ], [ -149.728632982360239, -77.128625176907548 ], [ -149.293646613543388, -77.136583347480482 ], [ -149.230678880795807, -77.12071868276692 ], [ -149.288349779233471, -77.093175144355342 ], [ -149.416429816668881, -77.078912449042818 ], [ -149.441828783140295, -77.049250176907236 ], [ -149.505855882749955, -77.001656182766425 ], [ -149.742378913349881, -76.927035414536931 ], [ -149.789998745706896, -76.889466648260793 ], [ -149.870433112569174, -76.875152276515891 ], [ -150.39326941628218, -76.898975111802486 ], [ -150.475822516868476, -76.92595020945879 ], [ -150.680073615502096, -76.948171075344334 ], [ -150.78854244688273, -76.981502374172607 ], [ -150.735625780215827, -77.004291680813338 ], [ -150.462050747662659, -77.075708510240645 ], [ -149.85614457904046, -77.099531345527225 ] ], [ [ -150.177365282166733, -76.691545912582882 ], [ -150.837764248640781, -76.714283542791307 ], [ -150.873756883731971, -76.736504408676765 ], [ -150.830348680606846, -76.761412449041515 ], [ -150.655191413353521, -76.788904311020787 ], [ -150.232400682557568, -76.776191908677021 ], [ -150.084761115499646, -76.734954115708092 ], [ -150.103803880799205, -76.719037774562153 ], [ -150.177365282166733, -76.691545912582882 ] ], [ [ -150.47476315000651, -77.373623142403304 ], [ -150.396964281191032, -77.369385674955353 ], [ -150.35621741432891, -77.348766778470946 ], [ -150.499102749615986, -77.335020847481303 ], [ -151.021370612573804, -77.220195814928758 ], [ -151.218231981389692, -77.226552016100641 ], [ -151.511392381781491, -77.273629245918556 ], [ -151.344710049424009, -77.296366876126996 ], [ -150.47476315000651, -77.373623142403304 ] ] ] } },
{ "type": "Feature", "properties": { "name": "Wrigley Gulf", "featurecla": "gulf", "scalerank": 5 }, "geometry": { "type": "Polygon", "coordinates": [ [ [ -124.882656012859826, -74.724120782366725 ], [ -125.353635016767967, -74.714560642392655 ], [ -126.383908047371065, -74.742620945127214 ], [ -127.019967414235552, -74.697662449033231 ], [ -127.863455980319642, -74.719314874163501 ], [ -128.94083207895676, -74.820393975726489 ], [ -129.238229946796537, -74.828868910622305 ], [ -129.790676846212818, -74.8912940408309 ], [ -130.195510016787296, -74.890777276508018 ], [ -130.857485114446206, -74.826233412575391 ], [ -131.706787279163194, -74.810885512184711 ], [ -132.049169481312958, -74.765927016090814 ], [ -132.351321580923582, -74.789181410622149 ], [ -132.991618415236019, -74.806131280413865 ], [ -133.474741380732752, -74.851606540830744 ], [ -133.79647884818192, -74.854810479632832 ], [ -134.117156948769207, -74.82995411570046 ], [ -134.465352749551812, -74.775952243955402 ], [ -134.840523647990778, -74.693941745908248 ], [ -134.940000780152701, -74.693424981585267 ], [ -127.267626715994396, -73.30379404082457 ], [ -127.394078945812552, -73.382135512179019 ], [ -127.429012214041876, -73.446679376111561 ], [ -127.414206916190267, -73.516545912570194 ], [ -127.332170579926924, -73.567343845513093 ], [ -127.232693447765072, -73.585327243950687 ], [ -127.231634080903106, -73.713381443169965 ], [ -127.211531948741495, -73.724491876112694 ], [ -127.122105882660406, -73.734052016086679 ], [ -127.006221483245909, -73.726093845513745 ], [ -126.901447516774141, -73.676897881971897 ], [ -126.838453945810357, -73.657312514133253 ], [ -126.71094234913015, -73.653591811008198 ], [ -126.582888149910872, -73.670024916477033 ], [ -126.538420579923766, -73.680050144341692 ], [ -126.496097581876683, -73.700152276503218 ], [ -126.465401781095323, -73.746195977675271 ], [ -126.471757982267206, -73.812341811008849 ], [ -126.244200812669973, -73.890683282363312 ], [ -125.8870133126685, -73.954710381972944 ], [ -125.682762214034881, -74.035635674942029 ], [ -125.549411180505672, -74.062662449030711 ], [ -125.420840216963498, -74.070052178848456 ], [ -125.089568447756463, -74.182241713354074 ], [ -124.935055915203762, -74.200741876114563 ], [ -124.882656012859826, -74.724120782366725 ] ], [ [ -128.133336147963945, -74.327245782365097 ], [ -128.096284146010703, -74.466410414527104 ], [ -128.070368415216365, -74.478037611792814 ], [ -127.99998511443475, -74.489664809058439 ], [ -127.915313280124593, -74.542581475725342 ], [ -127.816895514824708, -74.574879245907766 ], [ -127.517921515800069, -74.640508314918435 ], [ -127.366044481294196, -74.622524916480842 ], [ -127.232176683442106, -74.578599949032736 ], [ -127.145386115407916, -74.480156345516747 ], [ -127.229515347179088, -74.425120945125911 ], [ -127.486683112479625, -74.405018812964386 ], [ -127.852888149915984, -74.332000014135929 ], [ -128.042850715020904, -74.312414646297299 ], [ -128.133336147963945, -74.327245782365097 ] ], [ [ -131.762882046415996, -74.323525079240113 ], [ -131.938039313669321, -74.348898207495381 ], [ -132.162418382680642, -74.425637709448793 ], [ -132.049169481312958, -74.46377491648019 ], [ -132.024829881703482, -74.488631280412648 ], [ -131.952327847198035, -74.514572849423089 ], [ -131.840680915231388, -74.542581475725342 ], [ -131.597801683459579, -74.553691908668071 ], [ -131.178679979356389, -74.60505828236623 ], [ -131.066516283066846, -74.583870945126563 ], [ -130.967555915227877, -74.515089613746071 ], [ -130.956962246608043, -74.456333510230166 ], [ -130.981301846217548, -74.414010512183182 ], [ -131.233715379747224, -74.413493747860201 ], [ -131.559690314644342, -74.367450046688148 ], [ -131.594080980334581, -74.329881280411996 ], [ -131.762882046415996, -74.323525079240113 ] ], [ [ -132.552394578971217, -74.386518650203897 ], [ -132.831809048373401, -74.421400242000928 ], [ -132.857208014844844, -74.461656182756258 ], [ -132.546064216015452, -74.498656508277236 ], [ -132.391009080923652, -74.442070814917628 ], [ -132.362432013866311, -74.409773044735218 ], [ -132.552394578971217, -74.386518650203897 ] ] ] } },
{ "type": "Feature", "properties": { "name": "Amundsen Sea", "featurecla": "sea", "scalerank": 2 }, "geometry": { "type": "Polygon", "coordinates": [ [ [ -102.236441413159824, -72.009454441209968 ], [ -102.288298712964774, -72.032243747850686 ], [ -102.313697679436217, -72.080922947069652 ], [ -102.275612148837098, -72.123762709439603 ], [ -102.484617479241564, -72.735508314910803 ], [ -102.856093512771665, -72.71643971139514 ], [ -103.110109015702406, -72.721193943165986 ], [ -103.216459113359122, -72.771991876108871 ], [ -103.375209113359674, -72.819120782359079 ], [ -103.307487148841247, -72.945573012177235 ], [ -103.076235114335049, -73.184731540824089 ], [ -102.909010179438582, -73.285293878064095 ], [ -102.675122646885555, -73.320743910616301 ], [ -101.815769416087889, -73.311235447074523 ], [ -101.573923712961843, -73.329735609835097 ], [ -101.189218512764995, -73.318108412569387 ], [ -100.43621537962396, -73.353041680798697 ], [ -100.020840216861941, -73.402754408663441 ], [ -99.528182949607341, -73.494841811007632 ], [ -99.200089280986191, -73.571064548638077 ], [ -98.89636105019072, -73.611268812961214 ], [ -99.161977912170968, -73.640879408664418 ], [ -99.343491380596163, -73.634006443169653 ], [ -99.540869513735004, -73.645116876112382 ], [ -99.656237148826619, -73.694364516086509 ], [ -99.781113247459913, -73.720254408664744 ], [ -100.717748582750161, -73.757823174940967 ], [ -100.98551001667046, -73.757306410618 ], [ -101.130488247465365, -73.735085544732542 ], [ -101.310942349028494, -73.695398044732372 ], [ -101.58715287962859, -73.666820977674945 ], [ -101.828455980215466, -73.655710544732216 ], [ -102.036427781974155, -73.630854180799844 ], [ -102.410539313551169, -73.616539809054942 ], [ -102.799481981195967, -73.645685316867542 ], [ -102.862992316482632, -73.783764743951508 ], [ -102.766667446690661, -73.883810316868534 ], [ -102.440718350009647, -73.92556487416033 ], [ -102.105209113354647, -73.957862644342754 ], [ -101.715207078847882, -74.024008477676404 ], [ -101.586636115305708, -74.096510512181879 ], [ -101.342697516671919, -74.349983412573522 ], [ -101.251669481189793, -74.485995782365748 ], [ -101.023078782946683, -74.505012709449119 ], [ -100.881769578844555, -74.541031182756598 ], [ -100.530938280014965, -74.488631280412648 ], [ -100.238320482162308, -74.484393812964697 ], [ -100.118715379622742, -74.515089613746071 ], [ -100.012882046289008, -74.662212416481012 ], [ -100.264778815495731, -74.823081150205596 ], [ -100.473267381577301, -74.872277113747444 ], [ -100.312915412175613, -74.914600111794527 ], [ -100.164242316471913, -74.937906182758127 ], [ -99.848861050194543, -74.921473077289392 ], [ -99.651999681378669, -74.949016615700941 ], [ -99.208021613343021, -75.078621107888893 ], [ -98.727017381570306, -75.140581150206899 ], [ -98.557673712949821, -75.189777113748747 ], [ -98.645523647846062, -75.277058607889714 ], [ -98.752416348041749, -75.317314548645058 ], [ -98.980490281961977, -75.327339776509717 ], [ -99.531361050193325, -75.308839613749228 ], [ -100.082748582747556, -75.370231215311975 ], [ -100.463216315496538, -75.353281345520244 ], [ -100.706095547268276, -75.398239841614128 ], [ -101.039486050199329, -75.422062676900737 ], [ -101.303526780994645, -75.365993747864024 ], [ -101.627899746490726, -75.221506443175983 ], [ -101.708334113353018, -75.127351983540152 ], [ -102.771447516677611, -75.117275079243285 ], [ -103.121219448645135, -75.095054213357741 ], [ -103.424947679440692, -75.101410414529624 ], [ -103.901197679442561, -75.15272511179549 ], [ -104.159450649821167, -75.120995782368254 ], [ -104.617691413169339, -75.156445814920474 ], [ -104.901860114342355, -75.115156345519267 ], [ -105.399271613367802, -75.197683607889388 ], [ -106.619016282969028, -75.343772881978566 ], [ -106.93227881552238, -75.309356378072124 ], [ -107.266702847099211, -75.334212742004496 ], [ -107.804861212986793, -75.321552016093008 ], [ -108.254652879655239, -75.252719008280238 ], [ -108.822447679462215, -75.206726983540477 ], [ -109.272239346130675, -75.185022881977915 ], [ -109.989792446719505, -75.199285577290425 ], [ -111.104220547309879, -75.190810642394609 ], [ -111.358752814563502, -75.219956150207224 ], [ -111.463010016712389, -75.133656508279756 ], [ -110.967691413194771, -74.951135349424874 ], [ -110.532188280055038, -74.836310316872357 ], [ -110.300419481225944, -74.710891615699978 ], [ -110.230036180444415, -74.536225274553459 ], [ -110.307292446720808, -74.366933282365267 ], [ -110.533790249456075, -74.288591811010804 ], [ -110.770313280055916, -74.269006443172159 ], [ -111.020091315538707, -74.230404148250159 ], [ -111.180417446724306, -74.188081150203089 ], [ -111.466704881621254, -74.200741876114563 ], [ -111.630209113392752, -74.181724949031192 ], [ -111.806425747508015, -74.269523207495041 ], [ -111.722296515736858, -74.386518650203897 ], [ -111.695838182403435, -74.503979180803341 ], [ -111.788959113393403, -74.571726983537957 ], [ -111.738703782989504, -74.653169040829937 ], [ -111.584165412220699, -74.75109588002303 ], [ -111.696354946726331, -74.792385349424222 ], [ -111.868334113393729, -74.801377048643019 ], [ -112.169969448681371, -74.832072849424392 ], [ -113.091773647903821, -74.891862481586088 ], [ -113.593422614377133, -74.94369394317485 ], [ -113.752715216916869, -74.952168878070751 ], [ -113.932084113401928, -74.981831150206247 ], [ -114.110419481241223, -74.981831150206247 ], [ -114.097190314574476, -74.909329115700785 ], [ -113.985000780068845, -74.843183282367121 ], [ -113.903507046344586, -74.64417734161114 ], [ -113.782868415159157, -74.618287449032891 ], [ -113.597117479286013, -74.559014581194191 ], [ -113.333076748490697, -74.454214776506234 ], [ -113.454257982215125, -74.394425144344538 ], [ -113.641042446734133, -74.406620782365422 ], [ -113.75323198123975, -74.366933282365267 ], [ -113.713544481239595, -74.227768650203245 ], [ -113.574896613400554, -74.208183282364615 ], [ -113.489165412228346, -74.158418878067579 ], [ -113.50875078006689, -74.08912078236412 ], [ -114.345908983195287, -73.925048109837448 ], [ -114.623721483196334, -73.90282724395189 ], [ -102.236441413159824, -72.009454441209968 ] ], [ [ -104.659497646893513, -73.212275079235638 ], [ -104.537799648846118, -73.1662313780636 ], [ -104.972243415123884, -72.940818780406403 ], [ -105.084432949629601, -72.96567514433886 ], [ -105.131510179447517, -72.991616713349288 ], [ -105.123577847090687, -73.026549981578597 ], [ -105.052677781986176, -73.126027113740463 ], [ -104.881215379641759, -73.200647881969942 ], [ -104.659497646893513, -73.212275079235638 ] ] ] } },
{ "type": "Feature", "properties": { "name": "Peacock Sound", "featurecla": "sound", "scalerank": 7 }, "geometry": { "type": "Polygon", "coordinates": [ [ [ -95.529253913133005, -73.241368910615961 ], [ -95.880627814501594, -73.293768812959911 ], [ -96.152084113330829, -73.309116713350591 ], [ -96.394446580779686, -73.301158542777657 ], [ -96.675953945689685, -73.268344008272351 ], [ -96.955885179414764, -73.206435642386651 ], [ -97.476602749403838, -73.126027113740463 ], [ -97.651217414118065, -73.144527276500938 ], [ -97.818442349014617, -73.101687514131072 ], [ -98.012642381567474, -73.033422947073461 ], [ -98.208444383521368, -73.022312514130732 ], [ -99.81074968137932, -73.000091648245188 ], [ -100.258965216862919, -73.041329441214117 ], [ -100.563752814520356, -73.015439548635868 ], [ -100.820403815497912, -72.98102304472954 ], [ -101.332103848052085, -72.995337416474342 ], [ -101.681359015696714, -73.029702243948407 ], [ -101.841685146882227, -73.02071054472961 ], [ -102.029012213940305, -72.997972914521256 ], [ -102.409479946689203, -72.987379245901423 ], [ -102.481981981194664, -72.951412449026236 ], [ -102.362919481194169, -72.91172494902608 ], [ -102.271891445712043, -72.834985447072654 ], [ -102.362919481194169, -72.760364678843175 ], [ -102.484617479241564, -72.735508314910803 ], [ -102.275612148837098, -72.123762709439603 ], [ -102.265018480217265, -72.135441583137606 ], [ -102.022139248445441, -72.18515431100235 ], [ -101.90307674844496, -72.190476983528455 ], [ -101.784531012767445, -72.17776458118459 ], [ -101.601984015696388, -72.175645847460657 ], [ -100.357382982162719, -72.278275241992304 ], [ -100.195454881576168, -72.27248748157561 ], [ -100.103910081771147, -72.286750176888219 ], [ -100.014484015690059, -72.312691745898746 ], [ -99.672644416079265, -72.379871107878103 ], [ -99.434519416078288, -72.406897881966771 ], [ -99.148748745504221, -72.471958510222279 ], [ -98.881529914123007, -72.473043715300349 ], [ -98.64076941607513, -72.489941908659787 ], [ -98.407915412167966, -72.547664483529829 ], [ -98.163460049211295, -72.556087741993451 ], [ -97.82849341509538, -72.557172947071507 ], [ -97.595665249404306, -72.547664483529829 ], [ -97.365472581760173, -72.521722914519302 ], [ -97.250104946668557, -72.520637709441246 ], [ -97.027870449597344, -72.573554376108063 ], [ -96.914621548229661, -72.57830860787891 ], [ -96.804033983125095, -72.558206475717384 ], [ -96.692903815481429, -72.547664483529829 ], [ -96.051547614307026, -72.577275079233132 ], [ -96.02984351274435, -72.554537449024693 ], [ -96.01449561235367, -72.524875176889111 ], [ -96.078005947640435, -72.453975111784686 ], [ -95.82559241411073, -72.439143975716888 ], [ -95.591704881557803, -72.412168878060584 ], [ -95.529253913133005, -73.241368910615961 ] ] ] } }
]
}
