"STATION","DATE","LATITUDE","LONGITUDE","ELEVATION","NAME","AWND","AWND_ATTRIBUTES","CDSD","CDSD_ATTRIBUTES","CLDD","CLDD_ATTRIBUTES","DP01","DP01_ATTRIBUTES","DP10","DP10_ATTRIBUTES","DP1X","DP1X_ATTRIBUTES","DSND","DSND_ATTRIBUTES","DSNW","DSNW_ATTRIBUTES","DT00","DT00_ATTRIBUTES","DT32","DT32_ATTRIBUTES","DX32","DX32_ATTRIBUTES","DX70","DX70_ATTRIBUTES","DX90","DX90_ATTRIBUTES","DYFG","DYFG_ATTRIBUTES","DYHF","DYHF_ATTRIBUTES","DYNT","DYNT_ATTRIBUTES","DYSD","DYSD_ATTRIBUTES","DYSN","DYSN_ATTRIBUTES","DYTS","DYTS_ATTRIBUTES","DYXP","DYXP_ATTRIBUTES","DYXT","DYXT_ATTRIBUTES","EMNT","EMNT_ATTRIBUTES","EMSD","EMSD_ATTRIBUTES","EMSN","EMSN_ATTRIBUTES","EMXP","EMXP_ATTRIBUTES","EMXT","EMXT_ATTRIBUTES","HDSD","HDSD_ATTRIBUTES","HTDD","HTDD_ATTRIBUTES","PRCP","PRCP_ATTRIBUTES","SNOW","SNOW_ATTRIBUTES","TAVG","TAVG_ATTRIBUTES","TMAX","TMAX_ATTRIBUTES","TMIN","TMIN_ATTRIBUTES","WDFG","WDFG_ATTRIBUTES","WSFG","WSFG_ATTRIBUTES"
"AYM00089664","1956-04","-77.8833","166.7333","24.1","MCMURDO SOUND NAF, AY","","","","","0.0",",X","1",",X","0",",X","0",",X","0",",X","0","1,X","29",",X","30",",X","30",",X","0",",X","0",",X","","","","","19560428",",,X","19560430","+,,X","19560416",",1,X","","","19560412",",,X","19560416",",,X","-39.4",",X,28,","0",",T,X,30,+","13","1,,X,16,","0.3",",,X,12,","-7.8",",X,16,","","","1260.3",",X","0.3",",,,X","16","1,,,X","-23.68",",X","-19.30",",,,X","-28.05",",,,X","135",",X","27.8",",X"
"AYM00089664","1956-05","-77.8833","166.7333","24.1","MCMURDO SOUND NAF, AY","","","","","0.0",",X","0",",X","0",",X","0",",X","0",",X","0",",X","25",",X","31",",X","31",",X","0",",X","0",",X","2","","","","19560530",",,X","19560531","+,,X","19560531","+,,X","","","19560531","+,,X","19560512",",,X","-35.6",",X,30,","0",",T,X,31,+","0",",T,X,31,+","0.0",",T,X,31,+","-7.2",",X,12,","","","1157.1",",X","0.0",",T,,X","0",",T,,X","-18.99",",X","-14.56",",,,X","-23.43",",,,X","158",",X","29.8",",X"
"AYM00089664","1956-06","-77.8833","166.7333","24.1","MCMURDO SOUND NAF, AY","","","","","0.0",",X","0",",X","0",",X","0",",X","0",",X","0",",X","28",",X","30",",X","30",",X","0",",X","0",",X","1","","","","19560630","+,,X","19560630","+,,X","19560627","+,,X","","","19560627","+,,X","19560616",",,X","-38.9",",X,30,+","0",",T,X,30,+","0",",T,X,27,+","0.0",",T,X,27,+","-7.8",",X,16,","","","1282.2",",X","0.0",",T,,X","0",",T,,X","-24.41",",X","-19.48",",,,X","-29.34",",,,X","180",",X","40.1",",X"
"AYM00089664","1956-07","-77.8833","166.7333","24.1","MCMURDO SOUND NAF, AY","","","0.0","X","0.0",",X","0",",X","0",",X","0",",X","0",",X","0",",X","31",",X","31",",X","31",",X","0",",X","0",",X","","","","","19560716",",,X","19560731","+,,X","19560729","+,,X","","","19560729","+,,X","19560721",",,X","-38.9",",X,16,","0",",T,X,31,+","0",",T,X,29,+","0.0",",T,X,29,+","-4.4",",X,21,","","","1320.7",",X","0.0",",T,,X","0",",T,,X","-24.27",",X","-18.49",",,,X","-30.05",",,,X","180",",X","35.0",",X"
"AYM00089664","1956-08","-77.8833","166.7333","24.1","MCMURDO SOUND NAF, AY","","","0.0","X","0.0",",X","0",",X","0",",X","0",",X","0",",X","0",",X","31",",X","31",",X","31",",X","0",",X","0",",X","5","","","","19560808",",,X","19560831","+,,X","19560831","+,,X","","","19560831","+,,X","19560831","+,,X","-49.4",",X,08,","0",",T,X,31,+","0",",T,X,31,+","0.0",",T,X,31,+","-15.0",",X,31,+","","","1550.1",",X","0.0",",T,,X","0",",T,,X","-31.67",",X","-26.59",",,,X","-36.75",",,,X","203",",X","32.9",",X"
"AYM00089664","1956-09","-77.8833","166.7333","24.1","MCMURDO SOUND NAF, AY","","","0.0","X","0.0",",X","0",",X","0",",X","0",",X","0",",X","0",",X","27",",X","30",",X","30",",X","0",",X","0",",X","","","","","19560902",",,X","19560930","+,,X","19560925","+,,X","","","19560925","+,,X","19560930","+,,X","-35.6",",X,02,","0",",T,X,30,+","0",",T,X,25,+","0.0",",T,X,25,+","-8.3",",X,30,+","","","1156.8",",X","0.0",",T,,X","0",",T,,X","-20.23",",X","-14.37",",,,X","-26.09",",,,X","180",",X","38.6",",X"
"AYM00089664","1956-10","-77.8833","166.7333","24.1","MCMURDO SOUND NAF, AY","","","0.0","X","0.0",",X","2",",X","1",",X","0",",X","0","2,X","1","1,X","27",",X","31",",X","31",",X","0",",X","0",",X","1","","","","19561007","+,,X","19561029","+,2,X","19561018",",1,X","","","19561018",",,X","19561028",",,X","-34.4",",X,07,+","0","2,T,X,29,+","30","1,,X,18,","3.0",",,X,18,","-7.2",",X,28,","","","1187.9",",X","3.8",",,,X","38","1,,,X","-19.99",",X","-15.28",",,,X","-24.70",",,,X","158",",X","25.2",",X"
"AYM00089664","1956-11","-77.8833","166.7333","24.1","MCMURDO SOUND NAF, AY","","","0.0","X","0.0",",X","2",",X","0",",X","0",",X","1",",X","0",",X","3",",X","30",",X","28",",X","0",",X","0",",X","","","","","19561102",",,X","19561124",",,X","19561124",",,X","","","19561124",",,X","19561120",",,X","-19.4",",X,02,","25",",,X,24,","20",",,X,24,","2.0",",,X,24,","1.1",",X,20,","","","805.2",",X","3.3",",,,X","33",",,,X","-8.51",",X","-5.37",",,,X","-11.64",",,,X","180",",X","29.3",",X"
"AYM00089664","1956-12","-77.8833","166.7333","24.1","MCMURDO SOUND NAF, AY","","","0.0","X","0.0",",X","3",",X","2",",X","0",",X","2",",X","2",",X","0",",X","31",",X","12",",X","0",",X","0",",X","4","","","","19561202",",,X","19561211","+,,X","19561211",",,X","","","19561211",",,X","19561217",",,X","-10.6",",X,02,","51",",,X,11,+","56",",,X,11,","5.6",",,X,11,","4.4",",X,17,","","","640.0",",X","10.0",",,,X","100",",,,X","-2.31",",X","0.64",",,,X","-5.26",",,,X","180",",X","19.5",",X"
"AYM00089664","1957-01","-77.8833","166.7333","24.1","MCMURDO SOUND NAF, AY","","","0.0","X","0.0",",X","0",",X","0",",X","0",",X","0",",X","0",",X","0",",X","31",",X","18",",X","0",",X","0",",X","2","","","","19570128","+,,X","19570131","+,,X","19570131","+,,X","","","19570131","+,,X","19570105",",,X","-12.2",",X,28,+","0",",T,X,31,+","0",",T,X,31,+","0.0",",T,X,31,+","4.4",",X,05,","673.9","X","673.9",",X","0.0",",T,,X","0",",T,,X","-3.40",",X","-0.48",",,,X","-6.33",",,,X","90",",X","19.5",",X"
"AYM00089664","1957-02","-77.8833","166.7333","24.1","MCMURDO SOUND NAF, AY","","","0.0","X","0.0",",X","0",",X","0",",X","0",",X","0",",X","0",",X","1",",X","28",",X","28",",X","0",",X","0",",X","","","","","19570228",",,X","19570228","+,,X","19570227","+,,X","","","19570227","+,,X","19570206","+,,X","-19.4",",X,28,","0",",T,X,28,+","0",",T,X,27,+","0.0",",T,X,27,+","0.0",",X,06,+","1413.8","X","739.9",",X","0.0",",T,,X","0",",T,,X","-8.09",",X","-5.26",",,,X","-10.93",",,,X","158",",X","19.0",",X"
"AYM00089664","1957-03","-77.8833","166.7333","24.1","MCMURDO SOUND NAF, AY","","","0.0","X","0.0",",X","4",",X","3",",X","0",",X","4",",X","3",",X","24",",X","31",",X","31",",X","0",",X","0",",X","","","","","19570324",",,X","19570313",",,X","19570313",",,X","","","19570313",",,X","19570310",",,X","-28.3",",X,24,","76",",,X,13,","64",",,X,13,","6.4",",,X,13,","-7.2",",X,10,","2521.2","X","1107.4",",X","14.0",",,,X","140",",,,X","-17.39",",X","-14.52",",,,X","-20.26",",,,X","180",",X","26.7",",X"
"AYM00089664","1957-04","-77.8833","166.7333","24.1","MCMURDO SOUND NAF, AY","","","0.0","X","0.0",",X","4",",X","2",",X","0",",X","4",",X","2",",X","28",",X","30",",X","30",",X","0",",X","0",",X","1","","","","19570408",",,X","19570423","+,,X","19570422","+,,X","","","19570422","+,,X","19570425",",,X","-36.1",",X,08,","51",",,X,23,+","25",",,X,22,+","2.5",",,X,22,+","-11.1",",X,25,","3794.7","X","1273.5",",X","6.8",",,,X","68",",,,X","-24.12",",X","-19.68",",,,X","-28.55",",,,X","68",",X","21.1",",X"
"AYM00089664","1957-05","-77.8833","166.7333","24.1","MCMURDO SOUND NAF, AY","","","0.0","X","0.0",",X","5",",X","5",",X","0",",X","16",",X","5",",X","31",",X","31",",X","31",",X","0",",X","0",",X","","","","","19570523",",,X","19570516",",,X","19570514",",,X","","","19570514",",,X","19570516",",,X","-37.8",",X,23,","152",",,X,16,","229",",,X,14,","22.9",",,X,14,","-10.0",",X,16,","5112.6","X","1317.9",",X","55.9",",,,X","559",",,,X","-24.18",",X","-19.25",",,,X","-29.11",",,,X","180",",X","42.7",",X"
"AYM00089664","1957-06","-77.8833","166.7333","24.1","MCMURDO SOUND NAF, AY","","","0.0","X","0.0",",X","9",",X","3",",X","0",",X","28","2,X","3","1,X","24",",X","30",",X","30",",X","0",",X","0",",X","","","","","19570606",",,X","19570620",",2,X","19570614",",1,X","","","19570614",",,X","19570620",",,X","-38.9",",X,06,","178","2,,X,20,","53","1,,X,14,","5.3",",,X,14,","-10.6",",X,20,","6384.7","X","1272.1",",X","14.8",",,,X","135","1,,,X","-24.07",",X","-20.49",",,,X","-27.65",",,,X","180","1,X","43.2","1,X"
"AYM00089664","1957-07","-77.8833","166.7333","24.1","MCMURDO SOUND NAF, AY","","","0.0","X","0.0",",X","7",",X","1",",X","0",",X","31",",X","1",",X","31",",X","31",",X","31",",X","0",",X","0",",X","","","","","19570731","+,,X","19570722",",,X","19570722",",,X","","","19570722",",,X","19570716","+,,X","-40.0",",X,31,+","203",",,X,22,","28",",,X,22,","2.8",",,X,22,","-17.8",",X,16,+","7809.9","X","1425.2",",X","8.5",",,,X","85",",,,X","-27.64",",X","-23.48",",,,X","-31.80",",,,X","180",",X","29.3",",X"
"AYM00089664","1957-08","-77.8833","166.7333","24.1","MCMURDO SOUND NAF, AY","","","0.0","X","0.0",",X","7",",X","5",",X","0",",X","31",",X","5",",X","31",",X","31",",X","31",",X","0",",X","0",",X","2","","","","19570802",",,X","19570831","+,,X","19570804",",,X","","","19570804",",,X","19570805",",,X","-41.1",",X,02,","229",",,X,31,+","76",",,X,04,","7.6",",,X,04,","-7.8",",X,05,","9171.5","X","1361.6",",X","26.7",",,,X","267",",,,X","-25.59",",X","-19.96",",,,X","-31.22",",,,X","225",",X","32.9",",X"
"AYM00089664","1957-09","-77.8833","166.7333","24.1","MCMURDO SOUND NAF, AY","","","0.0","X","0.0",",X","9",",X","4",",X","0",",X","30",",X","4",",X","27",",X","30",",X","30",",X","0",",X","0",",X","4","","","","19570905","+,,X","19570920",",,X","19570919",",,X","","","19570919",",,X","19570922",",,X","-40.0",",X,05,+","305",",,X,20,","71",",,X,19,","7.1",",,X,19,","-9.4",",X,22,","10387.4","X","1215.9",",X","24.1",",,,X","241",",,,X","-22.20",",X","-17.11",",,,X","-27.29",",,,X","180",",X","37.0",",X"
"AYM00089664","1957-10","-77.8833","166.7333","24.1","MCMURDO SOUND NAF, AY","","","0.0","X","0.0",",X","3",",X","1",",X","0",",X","31",",X","1",",X","28",",X","31",",X","31",",X","0",",X","0",",X","4","","","","19571004",",,X","19571010","+,,X","19571008",",,X","","","19571008",",,X","19571029",",,X","-33.3",",X,04,","203",",,X,10,+","64",",,X,08,","6.4",",,X,08,","-8.9",",X,29,","11591.2","X","1203.8",",X","7.4",",,,X","74",",,,X","-20.50",",X","-17.16",",,,X","-23.84",",,,X","203",",X","37.0",",X"
"AYM00089664","1957-11","-77.8833","166.7333","24.1","MCMURDO SOUND NAF, AY","","","0.0","X","0.0",",X","4",",X","2",",X","0",",X","30",",X","2",",X","0",",X","30",",X","29",",X","0",",X","0",",X","","","","","19571111","+,,X","19571111","+,,X","19571123","+,,X","","","19571123","+,,X","19571130",",,X","-15.6",",X,11,+","178",",,X,11,+","25",",,X,23,+","2.5",",,X,23,+","2.8",",X,30,","12386.5","X","795.3",",X","6.3",",,,X","63",",,,X","-8.18",",X","-5.24",",,,X","-11.11",",,,X","180","1,X","28.8","1,X"
"AYM00089664","1957-12","-77.8833","166.7333","24.1","MCMURDO SOUND NAF, AY","","","0.0","X","0.0",",X","2",",X","1",",X","0",",X","31",",X","1",",X","0",",X","31",",X","20",",X","0",",X","0",",X","6","","","","19571204",",,X","19571217",",,X","19571217",",,X","","","19571217",",,X","19571223","+,,X","-13.9",",X,04,","102",",,X,17,","51",",,X,17,","5.1",",,X,17,","3.9",",X,23,+","13046.1","X","659.6",",X","5.6",",,,X","56",",,,X","-2.94",",X","-0.60",",,,X","-5.28",",,,X","158",",X","21.6",",X"
"AYM00089664","1958-01","-77.8833","166.7333","24.1","MCMURDO SOUND NAF, AY","","","0.0","X","0.0",",X","0",",X","0",",X","0",",X","3",",X","0",",X","0",",X","31",",X","14",",X","0",",X","0",",X","2","","","","19580115",",,X","19580103","+,,X","19580130","+,,X","","","19580130","+,,X","19580123","+,,X","-9.4",",X,15,","25",",,X,03,+","0",",T,X,30,+","0.0",",T,X,30,+","3.3",",X,23,+","639.9","X","639.9",",X","0.0",",T,,X","0",",T,,X","-2.31",",X","0.53",",,,X","-5.15",",,,X","180",",X","22.1",",X"
"AYM00089664","1958-02","-77.8833","166.7333","24.1","MCMURDO SOUND NAF, AY","","","0.0","X","0.0",",X","0",",X","0",",X","0",",X","1",",X","0",",X","0",",X","28",",X","22",",X","0",",X","0",",X","","","","","19580226",",,X","19580208",",,X","19580227","+,,X","","","19580227","+,,X","19580204",",,X","-16.1",",X,26,","25",",,X,08,","0",",T,X,27,+","0.0",",T,X,27,+","3.9",",X,04,","1320.6","X","680.7",",X","0.0",",T,,X","0",",T,,X","-5.98",",X","-3.60",",,,X","-8.35",",,,X","90","5,X","15.9","5,X"
"AYM00089664","1958-03","-77.8833","166.7333","24.1","MCMURDO SOUND NAF, AY","","","0.0","X","0.0",",X","1",",X","1",",X","0",",X","1",",X","1",",X","23",",X","31",",X","31",",X","0",",X","0",",X","7","","","","19580318","+,,X","19580331",",,X","19580331",",,X","","","19580331",",,X","19580303","+,,X","-29.4",",X,18,+","25",",,X,31,","25",",,X,31,","2.5",",,X,31,","-3.9",",X,03,+","2473.3","X","1152.7",",X","2.5",",,,X","25",",,,X","-18.85",",X","-15.86",",,,X","-21.84",",,,X","180",",X","21.6",",X"
"AYM00089664","1958-04","-77.8833","166.7333","24.1","MCMURDO SOUND NAF, AY","","","0.0","X","0.0",",X","1",",X","1",",X","0",",X","1",",X","1",",X","28",",X","30",",X","30",",X","0",",X","0",",X","2","","","","19580417","+,,X","19580401",",,X","19580401",",,X","","","19580401",",,X","19580406","+,,X","-31.1",",X,17,+","102",",,X,01,","102",",,X,01,","10.2",",,X,01,","-9.4",",X,06,+","3648.1","X","1174.8",",X","10.2",",,,X","102",",,,X","-20.83",",X","-17.76",",,,X","-23.89",",,,X","90",",X","25.7",",X"
"AYM00089664","1958-05","-77.8833","166.7333","24.1","MCMURDO SOUND NAF, AY","","","0.0","X","0.0",",X","0",",X","0",",X","0",",X","5","4,X","0","2,X","31",",X","31",",X","31",",X","0",",X","0",",X","1","","","","19580524",",,X","19580531","+,4,X","19580529","+,2,X","","","19580529","+,,X","19580517",",,X","-38.3",",X,24,","76","4,,X,31,+","0","2,T,X,29,+","0.0",",T,X,29,+","-13.3",",X,17,","5003.6","X","1355.5",",X","0.0",",T,,X","0","2,T,,X","-25.39",",X","-21.77",",,,X","-29.01",",,,X","113",",X","29.8",",X"
"AYM00089664","1958-06","-77.8833","166.7333","24.1","MCMURDO SOUND NAF, AY","","","0.0","X","0.0",",X","0",",X","0",",X","0",",X","26","4,X","0","2,X","30",",X","30",",X","30",",X","0",",X","0",",X","","","","","19580620",",,X","19580614","+,4,X","19580630","+,2,X","","","19580630","+,,X","19580630",",,X","-38.3",",X,20,","102","4,,X,14,+","0","2,T,X,30,+","0.0",",T,X,30,+","-14.4",",X,30,","6345.9","X","1342.3",",X","0.0",",T,,X","0","2,T,,X","-26.41",",X","-22.95",",,,X","-29.87",",,,X","135",",X","37.5",",X"
"AYM00089664","1958-07","-77.8833","166.7333","24.1","MCMURDO SOUND NAF, AY","","","0.0","X","0.0",",X","2",",X","1",",X","0",",X","31",",X","1",",X","31",",X","31",",X","31",",X","0",",X","0",",X","","","","","19580715",",,X","19580730","+,,X","19580717",",,X","","","19580717",",,X","19580701",",,X","-43.3",",X,15,","102",",,X,30,+","25",",,X,17,","2.5",",,X,17,","-16.1",",X,01,","7890.7","X","1544.8",",X","3.8",",,,X","38",",,,X","-31.50",",X","-27.56",",,,X","-35.44",",,,X","158",",X","25.7",",X"
"AYM00089664","1958-08","-77.8833","166.7333","24.1","MCMURDO SOUND NAF, AY","","","0.0","X","0.0",",X","1",",X","0",",X","0",",X","31",",X","0",",X","31",",X","31",",X","31",",X","0",",X","0",",X","2","","","","19580809",",,X","19580831","+,,X","19580817",",,X","","","19580817",",,X","19580817","+,,X","-44.4",",X,09,","25",",,X,31,+","13",",,X,17,","1.3",",,X,17,","-10.0",",X,17,+","9389.0","X","1498.3",",X","1.3",",,,X","13",",,,X","-30.00",",X","-25.45",",,,X","-34.54",",,,X","90","2,X","28.8","2,X"
"AYM00089664","1958-09","-77.8833","166.7333","24.1","MCMURDO SOUND NAF, AY","","","0.0","X","0.0",",X","2",",X","1",",X","0",",X","28","2,X","1","1,X","30",",X","30",",X","30",",X","0",",X","0",",X","1","","","","19580902",",,X","19580923","+,2,X","19580925",",1,X","","","19580925",",,X","19580904",",,X","-40.6",",X,02,","152","2,,X,23,+","25","1,,X,25,","2.5",",,X,25,","-14.4",",X,04,","10743.5","X","1354.5",",X","3.8",",,,X","38","1,,,X","-26.82",",X","-22.86",",,,X","-30.77",",,,X","180",",X","41.1",",X"
"AYM00089664","1958-10","-77.8833","166.7333","24.1","MCMURDO SOUND NAF, AY","","","0.0","X","0.0",",X","1",",X","0",",X","0",",X","26",",X","0",",X","27",",X","31",",X","31",",X","0",",X","0",",X","5","","","","19581001",",,X","19581001",",,X","19581009",",,X","","","19581009",",,X","19581005",",,X","-32.2",",X,01,","51",",,X,01,","13",",,X,09,","1.3",",,X,09,","-7.8",",X,05,","11913.3","X","1169.8",",X","1.3",",,,X","13",",,,X","-19.40",",X","-15.43",",,,X","-23.38",",,,X","180","4,X","31.9","4,X"
"AYM00089664","1958-11","-77.8833","166.7333","24.1","MCMURDO SOUND NAF, AY","","","0.0","X","0.0",",X","6",",X","4",",X","0",",X","11",",X","4",",X","2",",X","30",",X","30",",X","0",",X","0",",X","2","","","","19581102",",,X","19581129","+,,X","19581129",",,X","","","19581129",",,X","19581123",",,X","-19.4",",X,02,","25",",,X,29,+","38",",,X,29,","3.8",",,X,29,","0.0",",X,23,","12730.4","X","817.1",",X","14.1",",,,X","141",",,,X","-8.91",",X","-5.81",",,,X","-12.00",",,,X","180",",X","20.6",",X"
"AYM00089664","1958-12","-77.8833","166.7333","24.1","MCMURDO SOUND NAF, AY","","","0.0","X","0.0",",X","3",",X","3",",X","0",",X","4",",X","3",",X","0",",X","31",",X","30",",X","0",",X","0",",X","2","","","","19581208","+,,X","19581217",",,X","19581203",",,X","","","19581203",",,X","19581215",",,X","-12.8",",X,08,+","51",",,X,17,","53",",,X,03,","5.3",",,X,03,","0.6",",X,15,","13485.7","X","755.3",",X","13.2",",,,X","132",",,,X","-6.03",",X","-4.16",",,,X","-7.90",",,,X","180",",X","23.6",",X"
"AYM00089664","1959-01","-77.8833","166.7333","24.1","MCMURDO SOUND NAF, AY","","","0.0","X","0.0",",X","0",",X","0",",X","0",",X","0",",X","0",",X","0",",X","31",",X","22",",X","0",",X","0",",X","4","","","","19590124",",,X","19590131",",,X","19590131",",,X","","","19590131",",,X","19590107",",,X","-10.6",",X,24,","0",",T,X,31,","0",",T,X,31,","0.0",",T,X,31,","3.9",",X,07,","654.3","X","654.3",",X","0.0",",T,,X","0",",T,,X","-2.77",",X","-0.36",",,,X","-5.18",",,,X","113",",X","18.0",",X"
"AYM00089664","1959-02","-77.8833","166.7333","24.1","MCMURDO SOUND NAF, AY","","","0.0","X","0.0",",X","2",",X","0",",X","0",",X","1",",X","0",",X","3",",X","28",",X","28",",X","0",",X","0",",X","","","","","19590228",",,X","19590219",",,X","19590224",",,X","","","19590224",",,X","19590208",",,X","-20.6",",X,28,","25",",,X,19,","5",",,X,24,","0.5",",,X,24,","-1.1",",X,08,","1439.2","X","784.9",",X","0.8",",,,X","8",",,,X","-9.70",",X","-7.32",",,,X","-12.08",",,,X","180",",X","22.6",",X"
"AYM00089664","1959-03","-77.8833","166.7333","24.1","MCMURDO SOUND NAF, AY","","","0.0","X","0.0",",X","5",",X","1",",X","0",",X","2","2,X","1","1,X","25",",X","31",",X","31",",X","0",",X","0",",X","7","","","","19590330",",,X","19590326","+,2,X","19590318",",1,X","","","19590318",",,X","19590316",",,X","-26.1",",X,30,","25","2,,X,26,+","28","1,,X,18,","2.8",",,X,18,","-6.7",",X,16,","2534.9","X","1095.7",",X","6.1",",,,X","51","1,,,X","-17.01",",X","-13.90",",,,X","-20.12",",,,X","135",",X","25.7",",X"
"AYM00089664","1959-04","-77.8833","166.7333","24.1","MCMURDO SOUND NAF, AY","","","0.0","X","0.0",",X","9",",X","0",",X","0",",X","11",",X","0",",X","27",",X","30",",X","30",",X","0",",X","0",",X","7","","","","19590427",",,X","19590430","+,,X","19590415",",,X","","","19590415",",,X","19590405",",,X","-33.3",",X,27,","25",",,X,30,+","23",",,X,15,","2.3",",,X,15,","-5.6",",X,05,","3696.7","X","1161.8",",X","10.3",",,,X","103",",,,X","-20.39",",X","-17.12",",,,X","-23.67",",,,X","180",",X","28.3",",X"
"AYM00089664","1959-05","-77.8833","166.7333","24.1","MCMURDO SOUND NAF, AY","","","0.0","X","0.0",",X","5",",X","1",",X","0",",X","31",",X","1",",X","29",",X","31",",X","31",",X","0",",X","0",",X","1","","","","19590513",",,X","19590531","+,,X","19590529",",,X","","","19590529",",,X","19590523",",,X","-38.3",",X,13,","25",",,X,31,+","25",",,X,29,","2.5",",,X,29,","-7.8",",X,23,","5053.1","X","1356.4",",X","7.2",",,,X","62",",,,X","-25.42",",X","-22.41",",,,X","-28.43",",,,X","158",",X","29.3",",X"
"AYM00089664","1959-06","-77.8833","166.7333","24.1","MCMURDO SOUND NAF, AY","","","0.0","X","0.0",",X","5",",X","1",",X","0",",X","28",",X","1",",X","30",",X","30",",X","30",",X","0",",X","0",",X","3","","","","19590611",",,X","19590622","+,,X","19590609",",,X","","","19590609",",,X","19590617",",,X","-33.9",",X,11,","51",",,X,22,+","33",",,X,09,","3.3",",,X,09,","-11.1",",X,17,","6314.0","X","1260.9",",X","7.7",",,,X","77",",,,X","-23.70",",X","-20.40",",,,X","-26.99",",,,X","135",",X","37.0",",X"
"AYM00089664","1959-07","-77.8833","166.7333","24.1","MCMURDO SOUND NAF, AY","","","0.0","X","0.0",",X","8",",X","1",",X","0",",X","31",",X","1",",X","28",",X","31",",X","31",",X","0",",X","0",",X","2","","","","19590725",",,X","19590706",",,X","19590705",",,X","","","19590705",",,X","19590731",",,X","-40.0",",X,25,","51",",,X,06,","41",",,X,05,","4.1",",,X,05,","-5.0",",X,31,","7619.2","X","1305.2",",X","10.4",",,,X","104",",,,X","-23.77",",X","-20.07",",,,X","-27.46",",,,X","180",",X","35.5",",X"
"AYM00089664","1959-08","-77.8833","166.7333","24.1","MCMURDO SOUND NAF, AY","","","0.0","X","0.0",",X","6",",X","0",",X","0",",X","31",",X","0",",X","31",",X","31",",X","31",",X","0",",X","0",",X","8","","","","19590819",",,X","19590830",",,X","19590831",",,X","","","19590831",",,X","19590801",",,X","-46.7",",X,19,","51",",,X,30,","23",",,X,31,","2.3",",,X,31,","-12.2",",X,01,","9148.2","X","1529.0",",X","5.9",",,,X","59",",,,X","-30.99",",X","-26.90",",,,X","-35.08",",,,X","135",",X","26.2",",X"
"AYM00089664","1959-09","-77.8833","166.7333","24.1","MCMURDO SOUND NAF, AY","","","0.0","X","0.0",",X","7",",X","3",",X","0",",X","30",",X","3",",X","30",",X","30",",X","30",",X","0",",X","0",",X","5","","","","19590918","+,,X","19590930","+,,X","19590911",",,X","","","19590911",",,X","19590911",",,X","-36.1",",X,18,+","25",",,X,30,+","41",",,X,11,","4.1",",,X,11,","-15.6",",X,11,","10460.7","X","1312.5",",X","13.5",",,,X","135",",,,X","-25.42",",X","-21.55",",,,X","-29.28",",,,X","158","2,X","35.0","2,X"
"AYM00089664","1959-10","-77.8833","166.7333","24.1","MCMURDO SOUND NAF, AY","","","0.0","X","0.0",",X","5",",X","0",",X","0",",X","24",",X","0",",X","30",",X","31",",X","31",",X","0",",X","0",",X","9","","","","19591011","+,,X","19591031","+,,X","19591023","+,,X","","","19591023","+,,X","19591020",",,X","-35.6",",X,11,+","25",",,X,31,+","3",",,X,23,+","0.3",",,X,23,+","-9.4",",X,20,","11802.5","X","1341.8",",X","1.5",",,,X","15",",,,X","-24.95",",X","-21.49",",,,X","-28.41",",,,X","158",",X","29.8",",X"
"AYM00089664","1959-11","-77.8833","166.7333","24.1","MCMURDO SOUND NAF, AY","","","0.0","X","0.0",",X","3",",X","0",",X","0",",X","1",",X","0",",X","10",",X","30",",X","30",",X","0",",X","0",",X","1","","","","19591101",",,X","19591119",",,X","19591119",",,X","","","19591119",",,X","19591130",",,X","-28.3",",X,01,","25",",,X,19,","13",",,X,19,","1.5",",,X,19,","-0.6",",X,30,","12703.5","X","901.0",",X","2.6",",,,X","21",",,,X","-11.70",",X","-8.47",",,,X","-14.93",",,,X","68",",X","27.8",",X"
"AYM00089664","1959-12","-77.8833","166.7333","24.1","MCMURDO SOUND NAF, AY","","","0.0","X","0.0",",X","4",",X","0",",X","0",",X","1","2,X","0","1,X","0",",X","31",",X","21",",X","0",",X","0",",X","2","","","","19591205","+,,X","19591204",",2,X","19591227",",1,X","","","19591227",",,X","19591220",",,X","-11.7",",X,05,+","25","2,,X,04,","13","1,,X,27,","1.3",",,X,27,","2.8",",X,20,","13357.3","X","653.8",",X","2.9",",,,X","21","1,,,X","-2.76",",X","-0.62",",,,X","-4.89",",,,X","135",",X","25.7",",X"
"AYM00089664","1960-01","-77.8833","166.7333","24.1","MCMURDO SOUND NAF, AY","","","0.0","X","0.0",",X","6",",X","3",",X","1",",X","3",",X","3",",X","0",",X","31",",X","30",",X","0",",X","0",",X","5","","","","19600119",",,X","19600121",",,X","19600121",",,X","","","19600121",",,X","19600129",",,X","-15.6",",X,19,","203",",,X,21,","330",",,X,21,","33.0",",,X,21,","0.6",",X,29,","756.3","X","756.3",",X","45.3",",,,X","453",",,,X","-6.06",",X","-3.67",",,,X","-8.46",",,,X","135",",X","24.2",",X"
"AYM00089664","1960-02","-77.8833","166.7333","24.1","MCMURDO SOUND NAF, AY","","","0.0","X","0.0",",X","3",",X","1",",X","0",",X","3",",X","1",",X","7",",X","29",",X","29",",X","0",",X","0",",X","3","","","","19600215",",,X","19600225",",,X","19600225",",,X","","","19600225",",,X","19600202",",,X","-21.7",",X,15,","102",",,X,25,","127",",,X,25,","12.7",",,X,25,","-1.7",",X,02,","1610.7","X","854.4",",X","13.8",",,,X","138",",,,X","-11.13",",X","-8.22",",,,X","-14.03",",,,X","113",",X","26.2",",X"
"AYM00089664","1960-03","-77.8833","166.7333","24.1","MCMURDO SOUND NAF, AY","","","0.0","X","0.0",",X","0",",X","0",",X","0",",X","0",",X","0",",X","29",",X","31",",X","31",",X","0",",X","0",",X","5","","","","19600331",",,X","19600331","+,,X","19600330","+,,X","","","19600330","+,,X","19600305",",,X","-34.4",",X,31,","0",",T,X,31,+","0",",T,X,30,+","0.0",",T,X,30,+","-8.3",",X,05,","2826.9","X","1216.2",",X","0.0",",T,,X","0",",T,,X","-20.90",",X","-18.00",",,,X","-23.80",",,,X","68",",X","25.7",",X"
"AYM00089664","1960-04","-77.8833","166.7333","24.1","MCMURDO SOUND NAF, AY","","","0.0","X","0.0",",X","2",",X","1",",X","0",",X","12",",X","1",",X","30",",X","30",",X","30",",X","0",",X","0",",X","","","","","19600401",",,X","19600430","+,,X","19600425",",,X","","","19600425",",,X","19600429",",,X","-33.9",",X,01,","25",",,X,30,+","25",",,X,25,","2.5",",,X,25,","-14.4",",X,29,","4087.1","X","1260.2",",X","3.8",",,,X","38",",,,X","-23.67",",X","-20.83",",,,X","-26.52",",,,X","135",",X","27.2",",X"
"AYM00089664","1960-05","-77.8833","166.7333","24.1","MCMURDO SOUND NAF, AY","","","0.0","X","0.0",",X","0",",X","0",",X","0",",X","23",",X","0",",X","31",",X","31",",X","31",",X","0",",X","0",",X","","","","","19600527","+,,X","19600523","+,,X","19600530","+,,X","","","19600530","+,,X","19600519",",,X","-31.7",",X,27,+","25",",,X,23,+","0",",T,X,30,+","0.0",",T,X,30,+","-12.8",",X,19,","5321.0","X","1233.9",",X","0.0",",T,,X","0",",T,,X","-21.47",",X","-18.30",",,,X","-24.65",",,,X","180",",X","33.9",",X"
"AYM00089664","1960-06","-77.8833","166.7333","24.1","MCMURDO SOUND NAF, AY","","","0.0","X","0.0",",X","0",",X","0",",X","0",",X","0",",X","0",",X","30",",X","30",",X","30",",X","0",",X","0",",X","4","","","","19600630",",,X","19600630","+,,X","19600628","+,,X","","","19600628","+,,X","19600625",",,X","-39.4",",X,30,","0",",T,X,30,+","0",",T,X,28,+","0.0",",T,X,28,+","-8.9",",X,25,","6607.9","X","1286.9",",X","0.0",",T,,X","0",",T,,X","-24.57",",X","-21.09",",,,X","-28.04",",,,X","180",",X","38.6",",X"
"AYM00089664","1960-07","-77.8833","166.7333","24.1","MCMURDO SOUND NAF, AY","","","0.0","X","0.0",",X","1",",X","0",",X","0",",X","1",",X","0",",X","31",",X","31",",X","31",",X","0",",X","0",",X","2","","","","19600708",",,X","19600730",",,X","19600730",",,X","","","19600730",",,X","19600730",",,X","-50.6",",X,08,","25",",,X,30,","13",",,X,30,","1.3",",,X,30,","-12.8",",X,30,","8060.1","X","1452.2",",X","1.3",",,,X","13",",,,X","-28.51",",X","-24.06",",,,X","-32.96",",,,X","180",",X","36.0",",X"
"AYM00089664","1960-08","-77.8833","166.7333","24.1","MCMURDO SOUND NAF, AY","","","0.0","X","0.0",",X","2",",X","1",",X","0",",X","0",",X","1",",X","31",",X","31",",X","31",",X","0",",X","0",",X","3","","","","19600824","+,,X","19600831","+,,X","19600831",",,X","","","19600831",",,X","19600816","+,,X","-41.1",",X,24,+","0",",T,X,31,+","135",",,X,31,","13.5",",,X,31,","-15.0",",X,16,+","9480.1","X","1420.0",",X","14.5",",,,X","145",",,,X","-27.47",",X","-23.73",",,,X","-31.22",",,,X","158",",X","30.8",",X"
"AYM00089664","1960-09","-77.8833","166.7333","24.1","MCMURDO SOUND NAF, AY","","","0.0","X","0.0",",X","5",",X","2",",X","0",",X","2",",X","2",",X","27",",X","30",",X","30",",X","0",",X","0",",X","1","","","","19600907",",,X","19600912","+,,X","19600904",",,X","","","19600904",",,X","19600929",",,X","-40.6",",X,07,","25",",,X,12,+","79",",,X,04,","7.9",",,X,04,","-10.0",",X,29,","10703.2","X","1223.1",",X","19.9",",,,X","199",",,,X","-22.44",",X","-18.54",",,,X","-26.34",",,,X","180",",X","34.4",",X"
"AYM00089664","1960-10","-77.8833","166.7333","24.1","MCMURDO SOUND NAF, AY","","","0.0","X","0.0",",X","9",",X","2",",X","0",",X","1","2,X","2","1,X","23",",X","31",",X","31",",X","0",",X","0",",X","2","","","","19601005",",,X","19601019",",2,X","19601020",",1,X","","","19601020",",,X","19601031",",,X","-27.2",",X,05,","25","2,,X,19,","79","1,,X,20,","7.9",",,X,20,","-4.4",",X,31,","11801.0","X","1097.8",",X","19.8",",,,X","185","1,,,X","-17.08",",X","-13.64",",,,X","-20.52",",,,X","180",",X","34.4",",X"
"AYM00089664","1960-11","-77.8833","166.7333","24.1","MCMURDO SOUND NAF, AY","","","0.0","X","0.0",",X","1",",X","1",",X","0",",X","1",",X","1",",X","4",",X","30",",X","30",",X","0",",X","0",",X","2","","","","19601116","+,,X","19601121",",,X","19601121",",,X","","","19601121",",,X","19601128",",,X","-21.1",",X,16,+","25",",,X,21,","25",",,X,21,","2.5",",,X,21,","-1.1",",X,28,","12669.5","X","868.5",",X","2.5",",,,X","25",",,,X","-10.62",",X","-7.63",",,,X","-13.61",",,,X","203",",X","33.9",",X"
"AYM00089664","1960-12","-77.8833","166.7333","24.1","MCMURDO SOUND NAF, AY","","","0.0","X","0.0",",X","5",",X","2",",X","0",",X","3",",X","2",",X","0",",X","31",",X","25",",X","0",",X","0",",X","3","","","","19601206",",,X","19601221",",,X","19601221",",,X","","","19601221",",,X","19601229","+,,X","-16.7",",X,06,","102",",,X,21,","76",",,X,21,","7.6",",,X,21,","2.8",",X,29,+","13381.9","X","712.4",",X","13.2",",,,X","132",",,,X","-4.65",",X","-2.03",",,,X","-7.27",",,,X","180",",X","21.1",",X"
"AYM00089664","1961-01","-77.8833","166.7333","24.1","MCMURDO SOUND NAF, AY","","","0.0","X","0.0",",X","6",",X","2",",X","0",",X","2",",X","2",",X","0",",X","31",",X","24",",X","0",",X","0",",X","3","","","","19610125",",,X","19610107",",,X","19610107",",,X","","","19610107",",,X","19610111",",,X","-9.4",",X,25,","51",",,X,07,","117",",,X,07,","11.7",",,X,07,","5.6",",X,11,","659.4","X","659.4",",X","19.4",",,,X","194",",,,X","-2.94",",X","-0.86",",,,X","-5.01",",,,X","180",",X","27.8",",X"
"AYM00089664","1961-02","-77.8833","166.7333","24.1","MCMURDO SOUND NAF, AY","","","0.0","X","0.0",",X","5",",X","3",",X","0",",X","17",",X","3",",X","3",",X","28",",X","25",",X","0",",X","0",",X","2","","","","19610221",",,X","19610217","+,,X","19610216","+,,X","","","19610216","+,,X","19610202",",,X","-21.1",",X,21,","102",",,X,17,+","107",",,X,16,+","10.7",",,X,16,+","1.7",",X,02,","1412.0","X","752.6",",X","26.8",",,,X","268",",,,X","-8.54",",X","-6.39",",,,X","-10.70",",,,X","180",",X","28.8",",X"
"AYM00089664","1961-03","-77.8833","166.7333","24.1","MCMURDO SOUND NAF, AY","","","0.0","X","0.0",",X","6",",X","2",",X","0",",X","18","2,X","2","1,X","21",",X","31",",X","31",",X","0",",X","0",",X","6","","","","19610331",",,X","19610331","+,2,X","19610309",",1,X","","","19610309",",,X","19610303","+,,X","-31.7",",X,31,","51","2,,X,31,+","76","1,,X,09,","7.6",",,X,09,","-5.0",",X,03,+","2548.6","X","1136.6",",X","14.5",",,,X","135","1,,,X","-18.33",",X","-15.57",",,,X","-21.09",",,,X","180",",X","30.8",",X"
"AYM00089664","1961-04","-77.8833","166.7333","24.1","MCMURDO SOUND NAF, AY","","","0.0","X","0.0",",X","9",",X","3",",X","0",",X","28","2,X","3","1,X","18",",X","30",",X","30",",X","0",",X","0",",X","","","","","19610401",",,X","19610413",",2,X","19610413",",1,X","","","19610413",",,X","19610416","+,,X","-31.1",",X,01,","203","2,,X,13,","102","1,,X,13,","10.2",",,X,13,","-7.8",",X,16,+","3599.2","X","1050.6",",X","22.7",",,,X","214","1,,,X","-16.69",",X","-13.41",",,,X","-19.96",",,,X","180",",X","28.3",",X"
"AYM00089664","1961-05","-77.8833","166.7333","24.1","MCMURDO SOUND NAF, AY","","","0.0","X","0.0",",X","7",",X","0",",X","0",",X","28",",X","0",",X","30",",X","31",",X","31",",X","0",",X","0",",X","","","","","19610530","+,,X","19610517","+,,X","19610513",",,X","","","19610513",",,X","19610517",",,X","-31.7",",X,30,+","76",",,X,17,+","18",",,X,13,","1.8",",,X,13,","-8.3",",X,17,","4804.5","X","1205.3",",X","5.8",",,,X","58",",,,X","-20.55",",X","-16.98",",,,X","-24.11",",,,X","180",",X","27.8",",X"
"AYM00089664","1961-06","-77.8833","166.7333","24.1","MCMURDO SOUND NAF, AY","","","0.0","X","0.0",",X","9",",X","3",",X","0",",X","29","1,X","3",",X","30",",X","30",",X","30",",X","0",",X","0",",X","","","","","19610620",",,X","19610622","+,1,X","19610604",",,X","","","19610604",",,X","19610611",",,X","-34.4",",X,20,","102","1,,X,22,+","102",",,X,04,","10.2",",,X,04,","-11.7",",X,11,","6062.5","X","1258.0",",X","22.3",",,,X","223",",,,X","-23.60",",X","-20.14",",,,X","-27.06",",,,X","225",",X","36.5",",X"
"AYM00089664","1961-07","-77.8833","166.7333","24.1","MCMURDO SOUND NAF, AY","","","0.0","X","0.0",",X","4",",X","0",",X","0",",X","30","1,X","0",",X","31",",X","31",",X","31",",X","0",",X","0",",X","1","","","","19610721",",,X","19610726","+,1,X","19610728","+,,X","","","19610728","+,,X","19610705",",,X","-41.7",",X,21,","76","1,,X,26,+","5",",,X,28,+","0.5",",,X,28,+","-13.9",",X,05,","7510.4","X","1447.9",",X","1.6",",,,X","16",",,,X","-28.37",",X","-23.79",",,,X","-32.96",",,,X","180",",X","33.9",",X"
"AYM00089664","1961-08","-77.8833","166.7333","24.1","MCMURDO SOUND NAF, AY","","","0.0","X","0.0",",X","9",",X","0",",X","0",",X","31",",X","0",",X","30",",X","31",",X","31",",X","0",",X","0",",X","4","","","","19610814",",,X","19610831","+,,X","19610826","+,,X","","","19610826","+,,X","19610819",",,X","-43.3",",X,14,","102",",,X,31,+","15",",,X,26,+","1.5",",,X,26,+","-10.0",",X,19,","8971.7","X","1461.3",",X","6.7",",,,X","67",",,,X","-28.81",",X","-24.42",",,,X","-33.19",",,,X","180",",X","38.0",",X"
"AYM00089664","1961-09","-77.8833","166.7333","24.1","MCMURDO SOUND NAF, AY","","","0.0","X","0.0",",X","10",",X","2",",X","0",",X","","","2","1,X","27",",X","30",",X","30",",X","0",",X","0",",X","4","","","","19610901",",,X","","","19610922",",1,X","","","19610922",",,X","19610906",",,X","-36.1",",X,01,","","","28","1,,X,22,","2.8",",,X,22,","-7.8",",X,06,","10181.4","X","1209.7",",X","10.5",",,,X","97","1,,,X","-21.99",",X","-17.85",",,,X","-26.14",",,,X","180",",X","41.1",",X"
"AYM00089664","1961-10","-77.8833","166.7333","24.1","MCMURDO SOUND NAF, AY","","","0.0","X","0.0",",X","2",",X","0",",X","0",",X","31",",X","0",",X","29",",X","31",",X","31",",X","0",",X","0",",X","6","","","","19611008",",,X","19611001",",,X","19611018",",,X","","","19611018",",,X","19611031",",,X","-38.3",",X,08,","152",",,X,01,","18",",,X,18,","1.8",",,X,18,","-7.2",",X,31,","11388.2","X","1206.8",",X","2.1",",,,X","21",",,,X","-20.60",",X","-16.65",",,,X","-24.55",",,,X","90",",X","27.8",",X"
"AYM00089664","1961-11","-77.8833","166.7333","24.1","MCMURDO SOUND NAF, AY","","","0.0","X","0.0",",X","4",",X","0",",X","0",",X","19",",X","0",",X","0",",X","30",",X","30",",X","0",",X","0",",X","","","","","19611106","+,,X","19611113","+,,X","19611124",",,X","","","19611124",",,X","19611126",",,X","-17.2",",X,06,+","51",",,X,13,+","13",",,X,24,","1.3",",,X,24,","-1.1",",X,26,","12195.7","X","807.5",",X","3.1",",,,X","31",",,,X","-8.58",",X","-5.63",",,,X","-11.53",",,,X","113",",X","23.6",",X"
"AYM00089664","1961-12","-77.8833","166.7333","24.1","MCMURDO SOUND NAF, AY","","","0.0","X","0.0",",X","4",",X","1",",X","0",",X","2",",X","1",",X","0",",X","31",",X","29",",X","0",",X","0",",X","","","","","19611203",",,X","19611221","+,,X","19611221",",,X","","","19611221",",,X","19611229",",,X","-11.1",",X,03,","25",",,X,21,+","38",",,X,21,","3.8",",,X,21,","2.2",",X,29,","12895.7","X","700.0",",X","9.3",",,,X","93",",,,X","-4.25",",X","-2.15",",,,X","-6.34",",,,X","90",",X","25.7",",X"
"AYM00089664","1962-01","-77.8833","166.7333","24.1","MCMURDO SOUND NAF, AY","","","0.0","X","0.0",",X","5",",X","3",",X","0",",X","2",",X","3",",X","0",",X","31",",X","27",",X","0",",X","0",",X","1","","","","19620131",",,X","19620122","+,,X","19620122",",,X","","","19620122",",,X","19620108",",,X","-12.2",",X,31,","25",",,X,22,+","69",",,X,22,","6.9",",,X,22,","2.2",",X,08,","690.2","X","690.2",",X","17.0",",,,X","170",",,,X","-3.93",",X","-1.61",",,,X","-6.25",",,,X","135",",X","23.1",",X"
"AYM00089664","1962-02","-77.8833","166.7333","24.1","MCMURDO SOUND NAF, AY","","","0.0","X","0.0",",X","5",",X","5",",X","0",",X","6",",X","5",",X","1",",X","28",",X","28",",X","0",",X","0",",X","3","","","","19620220",",,X","19620204",",,X","19620204",",,X","","","19620204",",,X","19620225",",,X","-18.9",",X,20,","102",",,X,04,","114",",,X,04,","11.4",",,X,04,","-1.1",",X,25,","1464.6","X","774.4",",X","30.2",",,,X","302",",,,X","-9.32",",X","-6.01",",,,X","-12.64",",,,X","180",",X","33.4",",X"
"AYM00089664","1962-03","-77.8833","166.7333","24.1","MCMURDO SOUND NAF, AY","","","0.0","X","0.0",",X","2",",X","0",",X","0",",X","0",",X","0",",X","29",",X","31",",X","31",",X","0",",X","0",",X","2","","","","19620329",",,X","19620328","+,,X","19620324","+,,X","","","19620324","+,,X","19620303",",,X","-33.3",",X,29,","0",",T,X,28,+","3",",,X,24,+","0.3",",,X,24,+","-11.7",",X,03,","2739.7","X","1275.1",",X","0.6",",,,X","6",",,,X","-22.80",",X","-20.39",",,,X","-25.21",",,,X","113",",X","21.6",",X"
"AYM00089664","1962-04","-77.8833","166.7333","24.1","MCMURDO SOUND NAF, AY","","","0.0","X","0.0",",X","9",",X","0",",X","0",",X","18",",X","0",",X","26",",X","30",",X","30",",X","0",",X","0",",X","5","","","","19620429",",,X","19620430","+,,X","19620411",",,X","","","19620411",",,X","19620422",",,X","-34.4",",X,29,","25",",,X,30,+","13",",,X,11,","1.3",",,X,11,","-7.8",",X,22,","3910.5","X","1170.8",",X","6.3",",,,X","63",",,,X","-20.69",",X","-17.97",",,,X","-23.42",",,,X","158","1,X","28.3","1,X"
"AYM00089664","1962-05","-77.8833","166.7333","24.1","MCMURDO SOUND NAF, AY","","","0.0","X","0.0","1,X","8",",X","0",",X","0",",X","25",",X","0",",X","29","1,X","30","1,X","31",",X","0",",X","0",",X","2","","","","19620530",",1,X","19620521","+,,X","19620528",",,X","","","19620528",",,X","19620510",",,X","-34.4","1,X,30,","51",",,X,21,+","23",",,X,28,","2.3",",,X,28,","-11.7",",X,10,","5155.8","X","1245.3",",X","7.0",",,,X","70",",,,X","-23.23","1,X","-19.65",",,,X","-26.81","1,,,X","180","1,X","41.6","1,X"
"AYM00089664","1962-06","-77.8833","166.7333","24.1","MCMURDO SOUND NAF, AY","","","0.0","X","0.0",",X","1",",X","0",",X","0",",X","9",",X","0",",X","28",",X","30",",X","30",",X","0",",X","0",",X","3","","","","19620616",",,X","19620627","+,,X","19620625",",,X","","","19620625",",,X","19620606",",,X","-38.3",",X,16,","25",",,X,27,+","18",",,X,25,","1.8",",,X,25,","-8.9",",X,06,","6389.6","X","1233.8",",X","1.8",",,,X","18",",,,X","-22.80",",X","-18.34",",,,X","-27.25",",,,X","158",",X","35.0",",X"
"AYM00089664","1962-07","-77.8833","166.7333","24.1","MCMURDO SOUND NAF, AY","","","0.0","X","0.0",",X","10",",X","2",",X","0",",X","10",",X","2",",X","31",",X","31",",X","31",",X","0",",X","0",",X","4","","","","19620716",",,X","19620724","+,,X","19620719","+,,X","","","19620719","+,,X","19620718",",,X","-39.4",",X,16,","25",",,X,24,+","25",",,X,19,+","2.5",",,X,19,+","-17.8",",X,18,","7836.3","X","1446.7",",X","12.1",",,,X","121",",,,X","-28.34",",X","-24.86",",,,X","-31.81",",,,X","158",",X","27.8",",X"
"AYM00089664","1962-08","-77.8833","166.7333","24.1","MCMURDO SOUND NAF, AY","","","0.0","X","0.0",",X","1",",X","0",",X","0",",X","0",",X","0",",X","31",",X","31",",X","31",",X","0",",X","0",",X","6","","","","19620807",",,X","19620831","+,,X","19620817",",,X","","","19620817",",,X","19620827","+,,X","-41.1",",X,07,","0",",T,X,31,+","3",",,X,17,","0.3",",,X,17,","-13.3",",X,27,+","9308.9","X","1472.6",",X","0.3",",,,X","3",",,,X","-29.17",",X","-25.33",",,,X","-33.01",",,,X","68","1,X","28.3","1,X"
"AYM00089664","1962-09","-77.8833","166.7333","24.1","MCMURDO SOUND NAF, AY","","","0.0","X","0.0",",X","1",",X","0",",X","0",",X","3",",X","0",",X","30",",X","30",",X","30",",X","0",",X","0",",X","7","","","","19620912",",,X","19620905","+,,X","19620903",",,X","","","19620903",",,X","19620921",",,X","-41.1",",X,12,","25",",,X,05,+","13",",,X,03,","1.3",",,X,03,","-11.7",",X,21,","10742.3","X","1433.4",",X","1.3",",,,X","13",",,,X","-29.45",",X","-25.20",",,,X","-33.69",",,,X","90",",X","25.2",",X"
"AYM00089664","1962-10","-77.8833","166.7333","24.1","MCMURDO SOUND NAF, AY","","","0.0","X","0.0",",X","2",",X","1",",X","0",",X","0",",X","1",",X","31",",X","31",",X","31",",X","0",",X","0",",X","7","","","","19621001",",,X","19621031","+,,X","19621031",",,X","","","19621031",",,X","19621007",",,X","-35.6",",X,01,","0",",T,X,31,+","33",",,X,31,","3.3",",,X,31,","-9.4",",X,07,","12020.4","X","1278.1",",X","5.3",",,,X","53",",,,X","-22.90",",X","-18.56",",,,X","-27.23",",,,X","180",",X","27.2",",X"
"AYM00089664","1962-11","-77.8833","166.7333","24.1","MCMURDO SOUND NAF, AY","","","0.0","X","0.0",",X","1",",X","0",",X","0",",X","0",",X","0",",X","5",",X","30",",X","30",",X","0",",X","0",",X","3","","","","19621106",",,X","19621130","+,,X","19621120",",,X","","","19621120",",,X","19621126",",,X","-19.4",",X,06,","0",",T,X,30,+","5",",,X,20,","0.5",",,X,20,","-0.6",",X,26,","12872.7","X","852.3",",X","0.5",",,,X","5",",,,X","-10.08",",X","-7.28",",,,X","-12.87",",,,X","68",",X","19.5",",X"
"AYM00089664","1962-12","-77.8833","166.7333","24.1","MCMURDO SOUND NAF, AY","","","0.0","X","0.0",",X","3",",X","2",",X","0",",X","1",",X","2",",X","0",",X","31",",X","29",",X","0",",X","0",",X","1","","","","19621203",",,X","19621201",",,X","19621208",",,X","","","19621208",",,X","19621231","+,,X","-10.6",",X,03,","25",",,X,01,","76",",,X,08,","7.6",",,X,08,","0.6",",X,31,+","13601.2","X","728.5",",X","14.5",",,,X","145",",,,X","-5.17",",X","-3.06",",,,X","-7.27",",,,X","158",",X","21.6",",X"
"AYM00089664","1963-01","-77.8833","166.7333","24.1","MCMURDO SOUND NAF, AY","","","0.0","X","0.0",",X","0",",X","0",",X","0",",X","0",",X","0",",X","0",",X","31",",X","23",",X","0",",X","0",",X","","","","","19630126","+,,X","19630131","+,,X","19630131","+,,X","","","19630131","+,,X","19630121","+,,X","-11.1",",X,26,+","0",",T,X,31,+","0",",T,X,31,+","0.0",",T,X,31,+","1.7",",X,21,+","686.7","X","686.7",",X","0.0",",T,,X","0",",T,,X","-3.82",",X","-1.49",",,,X","-6.15",",,,X","180",",X","19.0",",X"
"AYM00089664","1963-02","-77.8833","166.7333","24.1","MCMURDO SOUND NAF, AY","","","0.0","X","0.0",",X","2",",X","1",",X","0",",X","1",",X","1",",X","2",",X","28",",X","27",",X","0",",X","0",",X","","","","","19630227",",,X","19630213",",,X","19630213",",,X","","","19630213",",,X","19630209",",,X","-18.3",",X,27,","25",",,X,13,","102",",,X,13,","10.2",",,X,13,","0.6",",X,09,","1457.5","X","770.8",",X","10.7",",,,X","107",",,,X","-9.20",",X","-6.18",",,,X","-12.22",",,,X","113",",X","19.0",",X"
"AYM00089664","1963-03","-77.8833","166.7333","24.1","MCMURDO SOUND NAF, AY","","","0.0","X","0.0",",X","2",",X","0",",X","0",",X","0",",X","0",",X","29",",X","31",",X","31",",X","0",",X","0",",X","6","","","","19630331","+,,X","19630331","+,,X","19630308",",,X","","","19630308",",,X","19630301",",,X","-28.3",",X,31,+","0",",T,X,31,+","5",",,X,08,","0.5",",,X,08,","-10.6",",X,01,","2667.6","X","1210.1",",X","0.8",",,,X","8",",,,X","-20.70",",X","-17.67",",,,X","-23.74",",,,X","90","2,X","22.6","2,X"
"AYM00089664","1963-04","-77.8833","166.7333","24.1","MCMURDO SOUND NAF, AY","","","0.0","X","0.0",",X","0",",X","0",",X","0",",X","0",",X","0",",X","25",",X","30",",X","30",",X","0",",X","0",",X","12","","","","19630426","+,,X","19630430","+,,X","19630430","+,,X","","","19630430","+,,X","19630411",",,X","-36.7",",X,26,+","0",",T,X,30,+","0",",T,X,30,+","0.0",",T,X,30,+","-5.0",",X,11,","3929.7","X","1262.1",",X","0.0",",T,,X","0",",T,,X","-23.74",",X","-20.24",",,,X","-27.23",",,,X","180",",X","27.8",",X"
"AYM00089664","1963-05","-77.8833","166.7333","24.1","MCMURDO SOUND NAF, AY","","","0.0","X","0.0",",X","1",",X","1",",X","0",",X","1",",X","1",",X","30",",X","31",",X","31",",X","0",",X","0",",X","10","","","","19630510","+,,X","19630522",",,X","19630522",",,X","","","19630522",",,X","19630518",",,X","-41.7",",X,10,+","51",",,X,22,","38",",,X,22,","3.8",",,X,22,","-13.3",",X,18,","5338.1","X","1408.4",",X","3.8",",,,X","38",",,,X","-27.10",",X","-23.30",",,,X","-30.90",",,,X","180",",X","37.0",",X"
"AYM00089664","1963-06","-77.8833","166.7333","24.1","MCMURDO SOUND NAF, AY","","","0.0","X","0.0",",X","7",",X","1",",X","0",",X","3","2,X","1","1,X","27",",X","30",",X","30",",X","0",",X","0",",X","8","","","","19630624",",,X","19630622","+,2,X","19630617",",1,X","","","19630617",",,X","19630613",",,X","-36.1",",X,24,","25","2,,X,22,+","33","1,,X,17,","3.3",",,X,17,","-7.8",",X,13,","6567.6","X","1229.5",",X","10.2",",,,X","89","1,,,X","-22.65",",X","-18.97",",,,X","-26.33",",,,X","180",",X","44.2",",X"
"AYM00089664","1963-07","-77.8833","166.7333","24.1","MCMURDO SOUND NAF, AY","","","0.0","X","0.0",",X","5",",X","0",",X","0",",X","0",",X","0",",X","29",",X","31",",X","31",",X","0",",X","0",",X","6","","","","19630715",",,X","19630731","+,,X","19630717",",,X","","","19630717",",,X","19630704","+,,X","-47.2",",X,15,","0",",T,X,31,+","5",",,X,17,","0.5",",,X,17,","-9.4",",X,04,+","7970.8","X","1403.2",",X","1.7",",,,X","17",",,,X","-26.93",",X","-22.90",",,,X","-30.96",",,,X","135",",X","30.3",",X"
"AYM00089664","1963-08","-77.8833","166.7333","24.1","MCMURDO SOUND NAF, AY","","","0.0","X","0.0",",X","9",",X","2",",X","0",",X","2",",X","2",",X","31",",X","31",",X","31",",X","0",",X","0",",X","5","","","","19630803",",,X","19630829","+,,X","19630828","+,,X","","","19630828","+,,X","19630831","+,,X","-48.3",",X,03,","25",",,X,29,+","25",",,X,28,+","2.5",",,X,28,+","-12.2",",X,31,+","9352.6","X","1381.8",",X","12.1",",,,X","121",",,,X","-26.24",",X","-22.15",",,,X","-30.33",",,,X","203",",X","41.6",",X"
"AYM00089664","1963-09","-77.8833","166.7333","24.1","MCMURDO SOUND NAF, AY","","","0.0","X","0.0",",X","4",",X","0",",X","0",",X","4",",X","0",",X","30",",X","30",",X","30",",X","0",",X","0",",X","5","","","","19630916","+,,X","19630923","+,,X","19630923",",,X","","","19630923",",,X","19630904",",,X","-39.4",",X,16,+","25",",,X,23,+","23",",,X,23,","2.3",",,X,23,","-13.9",",X,04,","10620.1","X","1267.5",",X","4.7",",,,X","47",",,,X","-23.92",",X","-20.11",",,,X","-27.72",",,,X","158",",X","42.7",",X"
"AYM00089664","1963-10","-77.8833","166.7333","24.1","MCMURDO SOUND NAF, AY","","","0.0","X","0.0",",X","3",",X","1",",X","0",",X","2",",X","1",",X","28",",X","31",",X","31",",X","0",",X","0",",X","15","","","","19631002",",,X","19631029",",,X","19631029",",,X","","","19631029",",,X","19631006","+,,X","-30.6",",X,02,","51",",,X,29,","41",",,X,29,","4.1",",,X,29,","-7.8",",X,06,+","11786.7","X","1166.6",",X","6.1",",,,X","61",",,,X","-19.30",",X","-16.37",",,,X","-22.22",",,,X","113",",X","31.9",",X"
"AYM00089664","1963-11","-77.8833","166.7333","24.1","MCMURDO SOUND NAF, AY","","","0.0","X","0.0",",X","3",",X","2",",X","0",",X","3",",X","2",",X","2",",X","30",",X","30",",X","0",",X","0",",X","","","","","19631101",",,X","19631128",",,X","19631128",",,X","","","19631128",",,X","19631125",",,X","-22.2",",X,01,","76",",,X,28,","66",",,X,28,","6.6",",,X,28,","-0.6",",X,25,","12588.7","X","802.0",",X","10.4",",,,X","104",",,,X","-8.40",",X","-5.87",",,,X","-10.93",",,,X","180",",X","24.2",",X"
"AYM00089664","1963-12","-77.8833","166.7333","24.1","MCMURDO SOUND NAF, AY","","","0.0","X","0.0",",X","2",",X","2",",X","0",",X","0",",X","2",",X","0",",X","31",",X","23",",X","0",",X","0",",X","","","","","19631204",",,X","19631227","+,,X","19631213",",,X","","","19631213",",,X","19631229",",,X","-10.0",",X,04,","0",",T,X,27,+","38",",,X,13,","3.8",",,X,13,","5.6",",X,29,","13267.4","X","678.7",",X","6.3",",,,X","63",",,,X","-3.56",",X","-1.41",",,,X","-5.71",",,,X","90",",X","21.6",",X"
"AYM00089664","1964-01","-77.8833","166.7333","24.1","MCMURDO SOUND NAF, AY","","","0.0","X","0.0",",X","9",",X","3",",X","0",",X","2",",X","3",",X","0",",X","31",",X","29",",X","0",",X","0",",X","4","","","","19640123",",,X","19640131",",,X","19640131",",,X","","","19640131",",,X","19640121","+,,X","-13.3",",X,23,","76",",,X,31,","74",",,X,31,","6.6",",,X,31,","1.1",",X,21,+","715.8","X","715.8",",X","19.6",",,,X","204",",,,X","-4.76",",X","-2.59",",,,X","-6.93",",,,X","180",",X","17.5",",X"
"AYM00089664","1964-02","-77.8833","166.7333","24.1","MCMURDO SOUND NAF, AY","","","0.0","X","0.0",",X","11",",X","3",",X","0",",X","4",",X","3",",X","7",",X","29",",X","29",",X","0",",X","0",",X","3","","","","19640229","+,,X","19640210","+,,X","19640210",",,X","","","19640210",",,X","19640208",",,X","-21.7",",X,29,+","76",",,X,10,+","74",",,X,10,","6.9",",,X,10,","-0.6",",X,08,","1564.1","X","848.3",",X","17.7",",,,X","184",",,,X","-10.92",",X","-8.23",",,,X","-13.61",",,,X","158",",X","23.1",",X"
"AYM00089664","1964-03","-77.8833","166.7333","24.1","MCMURDO SOUND NAF, AY","","","0.0","X","0.0",",X","9",",X","2",",X","0",",X","5",",X","2",",X","23",",X","31",",X","31",",X","0",",X","0",",X","1","","","","19640325",",,X","19640301",",,X","19640301",",,X","","","19640301",",,X","19640318",",,X","-32.2",",X,25,","102",",,X,01,","165",",,X,01,","16.5",",,X,01,","-7.8",",X,18,","2702.0","X","1137.9",",X","32.4",",,,X","329",",,,X","-18.37",",X","-15.41",",,,X","-21.34",",,,X","113",",X","26.2",",X"
"AYM00089664","1964-04","-77.8833","166.7333","24.1","MCMURDO SOUND NAF, AY","","","0.0","X","0.0",",X","15",",X","3",",X","0",",X","22",",X","3",",X","23",",X","30",",X","30",",X","0",",X","0",",X","2","","","","19640420","+,,X","19640421",",,X","19640417",",,X","","","19640417",",,X","19640412",",,X","-33.9",",X,20,+","76",",,X,21,","58",",,X,17,","5.8",",,X,17,","-6.7",",X,12,","3848.1","X","1146.1",",X","31.0",",,,X","310",",,,X","-19.87",",X","-17.22",",,,X","-22.52",",,,X","158",",X","33.9",",X"
"AYM00089664","1964-05","-77.8833","166.7333","24.1","MCMURDO SOUND NAF, AY","","","0.0","X","0.0",",X","12",",X","0",",X","0",",X","31",",X","0",",X","29",",X","31",",X","31",",X","0",",X","0",",X","6","","","","19640526",",,X","19640531","+,,X","19640530",",,X","","","19640530",",,X","19640506","+,,X","-42.8",",X,26,","76",",,X,31,+","20",",,X,30,","2.0",",,X,30,","-11.1",",X,06,+","5251.4","X","1403.3",",X","12.1",",,,X","121",",,,X","-26.94",",X","-23.75",",,,X","-30.13",",,,X","158",",X","38.0",",X"
"AYM00089664","1964-06","-77.8833","166.7333","24.1","MCMURDO SOUND NAF, AY","","","0.0","X","0.0",",X","13",",X","2",",X","0",",X","30",",X","2",",X","24",",X","30",",X","30",",X","0",",X","0",",X","1","","","","19640604","+,,X","19640624",",,X","19640601",",,X","","","19640601",",,X","19640629","+,,X","-34.4",",X,04,+","102",",,X,24,","33",",,X,01,","3.3",",,X,01,","-10.6",",X,29,+","6397.7","X","1146.3",",X","17.3",",,,X","179",",,,X","-19.88",",X","-15.99",",,,X","-23.77",",,,X","180",",X","36.0",",X"
"AYM00089664","1964-07","-77.8833","166.7333","24.1","MCMURDO SOUND NAF, AY","","","0.0","X","0.0",",X","11",",X","2",",X","0",",X","31",",X","2",",X","30",",X","31",",X","31",",X","0",",X","0",",X","1","","","","19640725","+,,X","19640728",",,X","19640728",",,X","","","19640728",",,X","19640729","+,,X","-33.9",",X,25,+","102",",,X,28,","79",",,X,28,","5.1",",,X,28,","-9.4",",X,29,+","7664.2","X","1266.5",",X","13.9",",,,X","167",",,,X","-22.52",",X","-18.12",",,,X","-26.93",",,,X","158","1,X","31.9","1,X"
"AYM00089664","1964-08","-77.8833","166.7333","24.1","MCMURDO SOUND NAF, AY","","","0.0","X","0.0",",X","5",",X","0",",X","0",",X","31",",X","0",",X","31",",X","31",",X","31",",X","0",",X","0",",X","12","","","","19640816",",,X","19640831","+,,X","19640821",",,X","","","19640821",",,X","19640801",",,X","-45.0",",X,16,","51",",,X,31,+","10",",,X,21,","1.0",",,X,21,","-21.1",",X,01,","9243.0","X","1578.8",",X","3.0",",,,X","30",",,,X","-32.60",",X","-28.69",",,,X","-36.50",",,,X","158","1,X","33.9","1,X"
"AYM00089664","1964-09","-77.8833","166.7333","24.1","MCMURDO SOUND NAF, AY","","","0.0","X","0.0",",X","11",",X","1",",X","0",",X","30",",X","1",",X","29",",X","30",",X","30",",X","0",",X","0",",X","9","","","","19640923",",,X","19640930","+,,X","19640910",",,X","","","19640910",",,X","19640914",",,X","-35.6",",X,23,","51",",,X,30,+","30",",,X,10,","3.0",",,X,10,","-11.7",",X,14,","10536.2","X","1293.2",",X","12.1",",,,X","121",",,,X","-24.78",",X","-20.75",",,,X","-28.80",",,,X","158","1,X","41.1","1,X"
"AYM00089664","1964-10","-77.8833","166.7333","24.1","MCMURDO SOUND NAF, AY","","","0.0","X","0.0","1,X","0",",X","0",",X","0",",X","9","1,X","0",",X","29",",X","31",",X","30","1,X","0","1,X","0","1,X","1","","","","19641004",",,X","19641002","+,1,X","19641031","+,,X","","","19641031","+,,X","19641031",",1,X","-32.2",",X,04,","51","1,,X,02,+","0",",T,X,31,+","0.0",",T,X,31,+","-7.8","1,X,31,","11653.0","X","1116.8","1,X","0.0",",T,,X","0",",T,,X","-18.95","1,X","-15.19","1,,,X","-22.72",",,,X","158",",X","37.5",",X"
"AYM00089664","1964-11","-77.8833","166.7333","24.1","MCMURDO SOUND NAF, AY","","","0.0","X","0.0",",X","1",",X","0",",X","0",",X","2",",X","1",",X","1",",X","30",",X","30",",X","0",",X","0",",X","","","","","19641105",",,X","19641109","+,,X","19641108",",,X","","","19641108",",,X","19641129","+,,X","-18.3",",X,05,","25",",,X,09,+","28",",,X,08,","2.3",",,X,08,","-1.1",",X,29,+","12434.3","X","781.3",",X","2.3",",,,X","28",",,,X","-7.71",",X","-5.09",",,,X","-10.34",",,,X","113",",X","29.8",",X"
"AYM00089664","1964-12","-77.8833","166.7333","24.1","MCMURDO SOUND NAF, AY","","","0.0","X","0.0",",X","1",",X","1",",X","0",",X","2",",X","1",",X","0",",X","31",",X","24",",X","0",",X","0",",X","2","","","","19641214","+,,X","19641212",",,X","19641212",",,X","","","19641212",",,X","19641227","+,,X","-9.4",",X,14,+","51",",,X,12,","51",",,X,12,","5.1",",,X,12,","2.2",",X,27,+","13110.5","X","676.2",",X","5.1",",,,X","51",",,,X","-3.48",",X","-1.63",",,,X","-5.34",",,,X","158",",X","34.4",",X"
"AYM00089664","1965-01","-77.8833","166.7333","24.1","MCMURDO SOUND NAF, AY","","","0.0","X","0.0",",X","2",",X","1",",X","0",",X","0",",X","1",",X","0",",X","31",",X","15",",X","0",",X","0",",X","1","","","","19650125","+,,X","19650127","+,,X","19650123",",,X","","","19650123",",,X","19650114",",,X","-10.0",",X,25,+","0",",T,X,27,+","51",",,X,23,","6.9",",,X,23,","5.6",",X,14,","643.4","X","643.4",",X","8.2",",,,X","64",",,,X","-2.42",",X","0.49",",,,X","-5.34",",,,X","135","1,X","27.8","1,X"
"AYM00089664","1965-02","-77.8833","166.7333","24.1","MCMURDO SOUND NAF, AY","","","0.0","X","0.0",",X","8",",X","5",",X","0",",X","2","1,X","5",",X","0",",X","28",",X","27",",X","0",",X","0",",X","1","","","","19650227","+,,X","19650216",",1,X","19650217",",,X","","","19650217",",,X","19650206",",,X","-16.7",",X,27,+","51","1,,X,16,","211",",,X,17,","21.1",",,X,17,","0.6",",X,06,","1380.7","X","737.3",",X","51.7",",,,X","517",",,,X","-8.00",",X","-5.12",",,,X","-10.88",",,,X","90",",X","29.8",",X"
"AYM00089664","1965-03","-77.8833","166.7333","24.1","MCMURDO SOUND NAF, AY","","","0.0","X","0.0",",X","2",",X","1",",X","0",",X","0",",X","1",",X","26",",X","31",",X","31",",X","0",",X","0",",X","10","","","","19650330",",,X","19650331","+,,X","19650305",",,X","","","19650305",",,X","19650316",",,X","-43.3",",X,30,","0",",T,X,31,+","25",",,X,05,","2.5",",,X,05,","-9.4",",X,16,","2569.0","X","1188.3",",X","2.8",",,,X","28",",,,X","-20.00",",X","-16.73",",,,X","-23.27",",,,X","23",",X","28.8",",X"
"AYM00089664","1965-04","-77.8833","166.7333","24.1","MCMURDO SOUND NAF, AY","","","0.0","X","0.0",",X","0",",X","0",",X","0",",X","0",",X","0",",X","26",",X","30",",X","30",",X","0",",X","0",",X","5","","1","","19650403","+,,X","19650430","+,,X","19650430","+,,X","","","19650430","+,,X","19650425",",,X","-32.2",",X,03,+","0",",T,X,30,+","0",",T,X,30,+","0.0",",T,X,30,+","-7.2",",X,25,","3745.6","X","1176.6",",X","0.0",",T,,X","0",",T,,X","-20.89",",X","-17.85",",,,X","-23.93",",,,X","135",",X","35.5",",X"
"AYM00089664","1965-05","-77.8833","166.7333","24.1","MCMURDO SOUND NAF, AY","","","0.0","X","0.0",",X","1",",X","0",",X","0",",X","1",",X","0",",X","31",",X","31",",X","31",",X","0",",X","0",",X","7","","","","19650524",",,X","19650531",",,X","19650531",",,X","","","19650531",",,X","19650528",",,X","-44.4",",X,24,","25",",,X,31,","3",",,X,31,","0.3",",,X,31,","-8.9",",X,28,","5199.9","X","1454.3",",X","0.3",",,,X","3",",,,X","-28.58",",X","-25.29",",,,X","-31.87",",,,X","113",",X","28.3",",X"
"AYM00089664","1965-06","-77.8833","166.7333","24.1","MCMURDO SOUND NAF, AY","","","0.0","X","0.0",",X","5",",X","0",",X","0",",X","8",",X","0",",X","30",",X","30",",X","30",",X","0",",X","0",",X","3","","","","19650628",",,X","19650616","+,,X","19650613",",,X","","","19650613",",,X","19650614","+,,X","-40.0",",X,28,","51",",,X,16,+","5",",,X,13,","0.5",",,X,13,","-17.8",",X,14,+","6591.8","X","1391.9",",X","1.7",",,,X","17",",,,X","-28.06",",X","-25.20",",,,X","-30.92",",,,X","135",",X","40.6",",X"
"AYM00089664","1965-07","-77.8833","166.7333","24.1","MCMURDO SOUND NAF, AY","","","0.0","X","0.0",",X","4","2,X","3","2,X","0","2,X","6",",X","5",",X","23",",X","31",",X","31",",X","0",",X","0",",X","7","","","","19650730",",,X","19650725","+,,X","19650703",",,X","","","19650703",",2,X","19650705","+,,X","-43.3",",X,30,","51",",,X,25,+","76",",,X,03,","7.6","2,,X,03,","-6.1",",X,05,+","7857.6","X","1265.8",",X","18.1","2,,,X","231",",,,X","-22.50",",X","-19.37",",,,X","-25.63",",,,X","158","1,X","39.6","1,X"
"AYM00089664","1965-08","-77.8833","166.7333","24.1","MCMURDO SOUND NAF, AY","","","0.0","X","0.0",",X","2","4,X","1","4,X","0","4,X","5",",X","5",",X","31",",X","31",",X","31",",X","0",",X","0",",X","1","","","","19650807",",,X","19650808",",,X","19650808",",,X","","","19650808",",4,X","19650828","+,,X","-42.8",",X,07,","51",",,X,08,","51",",,X,08,","5.1","4,,X,08,","-10.0",",X,28,+","9194.1","X","1336.5",",X","6.4","4,,,X","164",",,,X","-24.78",",X","-20.57",",,,X","-28.99",",,,X","135",",X","44.7",",X"
"AYM00089664","1965-09","-77.8833","166.7333","24.1","MCMURDO SOUND NAF, AY","","","0.0","X","0.0",",X","4","1,X","4","1,X","0","1,X","5","1,X","5",",X","29",",X","30",",X","30",",X","0",",X","0",",X","3","","","","19650915","+,,X","19650923",",1,X","19650923",",,X","","","19650923",",1,X","19650922",",,X","-33.9",",X,15,+","102","1,,X,23,","102",",,X,23,","10.2","1,,X,23,","-10.0",",X,22,","10483.4","X","1289.3",",X","20.3","1,,,X","228",",,,X","-24.65",",X","-21.37",",,,X","-27.92",",,,X","135","1,X","33.9","1,X"
"AYM00089664","1965-10","-77.8833","166.7333","24.1","MCMURDO SOUND NAF, AY","","","0.0","X","0.0",",X","4",",X","1",",X","0",",X","3",",X","3",",X","21",",X","31",",X","31",",X","0",",X","0",",X","3","","","","19651007","+,,X","19651019",",,X","19651013",",,X","","","19651013",",,X","19651023",",,X","-33.9",",X,07,+","76",",,X,19,","58",",,X,13,","2.8",",,X,13,","-5.0",",X,23,","11640.1","X","1156.7",",X","5.7",",,,X","116",",,,X","-18.98",",X","-15.68",",,,X","-22.28",",,,X","180",",X","35.5",",X"
"AYM00089664","1965-11","-77.8833","166.7333","24.1","MCMURDO SOUND NAF, AY","","","0.0","X","0.0",",X","5",",X","4",",X","0",",X","2",",X","4",",X","3",",X","30",",X","30",",X","0",",X","0",",X","","","","","19651115","+,,X","19651130",",,X","19651115",",,X","","","19651129",",,X","19651126",",,X","-21.1",",X,15,+","127",",,X,30,","140",",,X,15,","13.5",",,X,29,","-1.7",",X,26,","12479.9","X","839.8",",X","31.6",",,,X","385",",,,X","-9.66",",X","-6.96",",,,X","-12.36",",,,X","135",",X","20.6",",X"
"AYM00089664","1965-12","-77.8833","166.7333","24.1","MCMURDO SOUND NAF, AY","","","0.0","X","0.0",",X","6",",X","3",",X","0",",X","1",",X","3",",X","0",",X","31",",X","10",",X","0",",X","0",",X","4","","","","19651201",",,X","19651206",",,X","19651206",",,X","","","19651206",",,X","19651222",",,X","-9.4",",X,01,","76",",,X,06,","79",",,X,06,","7.9",",,X,06,","4.4",",X,22,","13103.3","X","623.4",",X","18.4",",,,X","184",",,,X","-1.78",",X","0.35",",,,X","-3.90",",,,X","135",",X","22.6",",X"
"AYM00089664","1966-01","-77.8833","166.7333","24.1","MCMURDO SOUND NAF, AY","","","0.0","X","0.0",",X","7",",X","6",",X","1",",X","1",",X","7",",X","0",",X","31",",X","19",",X","0",",X","0",",X","2","","","","19660119",",,X","19660120",",,X","19660110",",,X","","","19660110",",,X","19660104","+,,X","-11.7",",X,19,","25",",,X,20,","254",",,X,10,","25.4",",,X,10,","3.3",",X,04,+","673.9","X","673.9",",X","59.9",",,,X","621",",,,X","-3.41",",X","-0.68",",,,X","-6.13",",,,X","315",",X","15.4",",X"
"AYM00089664","1966-02","-77.8833","166.7333","24.1","MCMURDO SOUND NAF, AY","","","0.0","X","0.0",",X","6",",X","5",",X","2",",X","1",",X","5",",X","0",",X","28",",X","28",",X","0",",X","0",",X","4","","","","19660221",",,X","19660211",",,X","19660211",",,X","","","19660211",",,X","19660201",",,X","-13.9",",X,21,","25",",,X,11,","533",",,X,11,","53.3",",,X,11,","0.0",",X,01,","1380.5","X","706.6",",X","137.6",",,,X","1376",",,,X","-6.90",",X","-4.31",",,,X","-9.50",",,,X","180",",X","20.6",",X"
"AYM00089664","1966-03","-77.8833","166.7333","24.1","MCMURDO SOUND NAF, AY","","","0.0","X","0.0",",X","5",",X","5",",X","0",",X","2",",X","5",",X","5",",X","31",",X","31",",X","0",",X","0",",X","2","","","","19660319",",,X","19660324","+,,X","19660324","+,,X","","","19660324","+,,X","19660310","+,,X","-22.2",",X,19,","25",",,X,24,+","102",",,X,24,+","10.2",",,X,24,+","-4.4",",X,10,+","2284.3","X","903.8",",X","30.5",",,,X","305",",,,X","-10.82",",X","-8.67",",,,X","-12.97",",,,X","180","2,X","27.8","2,X"
"AYM00089664","1966-04","-77.8833","166.7333","24.1","MCMURDO SOUND NAF, AY","","","0.0","X","0.0",",X","3",",X","0",",X","0",",X","0",",X","0",",X","29",",X","30",",X","30",",X","0",",X","0",",X","4","","","","19660412",",,X","19660430","+,,X","19660409",",,X","","","19660409",",,X","19660402","+,,X","-33.3",",X,12,","0",",T,X,30,+","5",",,X,09,","0.5",",,X,09,","-10.0",",X,02,+","3476.7","X","1192.4",",X","1.1",",,,X","11",",,,X","-21.42",",X","-18.49",",,,X","-24.34",",,,X","45",",X","19.5",",X"
"AYM00089664","1966-05","-77.8833","166.7333","24.1","MCMURDO SOUND NAF, AY","","","0.0","X","0.0",",X","5",",X","5",",X","0",",X","0",",X","5",",X","31",",X","31",",X","31",",X","0",",X","0",",X","1","","","","19660527","+,,X","19660531","+,,X","19660513","+,,X","","","19660513","+,,X","19660507",",,X","-41.1",",X,27,+","0",",T,X,31,+","51",",,X,13,+","5.1",",,X,13,+","-12.2",",X,07,","4917.1","X","1440.4",",X","17.7",",,,X","177",",,,X","-28.13",",X","-24.29",",,,X","-31.97",",,,X","45",",X","24.2",",X"
"AYM00089664","1966-06","-77.8833","166.7333","24.1","MCMURDO SOUND NAF, AY","","","0.0","X","0.0",",X","14",",X","7",",X","0",",X","6",",X","7",",X","26",",X","30",",X","30",",X","0",",X","0",",X","2","","","","19660630",",,X","19660626","+,,X","19660603",",,X","","","19660603",",,X","19660614",",,X","-34.4",",X,30,","25",",,X,26,+","170",",,X,03,","17.0",",,X,03,","-8.9",",X,14,","6058.9","X","1141.8",",X","65.7",",,,X","657",",,,X","-19.73",",X","-15.80",",,,X","-23.65",",,,X","180",",X","27.2",",X"
"AYM00089664","1966-07","-77.8833","166.7333","24.1","MCMURDO SOUND NAF, AY","","","0.0","X","0.0",",X","10",",X","4",",X","0",",X","0",",X","4",",X","29",",X","31",",X","31",",X","0",",X","0",",X","1","","","","19660721","+,,X","19660731","+,,X","19660724",",,X","","","19660724",",,X","19660724",",,X","-34.4",",X,21,+","0",",T,X,31,+","86",",,X,24,","8.6",",,X,24,","-7.8",",X,24,","7346.3","X","1287.4",",X","29.0",",,,X","290",",,,X","-23.20",",X","-19.46",",,,X","-26.93",",,,X","180","3,X","34.4","3,X"
"AYM00089664","1966-08","-77.8833","166.7333","24.1","MCMURDO SOUND NAF, AY","","","0.0","X","0.0",",X","13",",X","6",",X","0",",X","1",",X","6",",X","31",",X","31",",X","31",",X","0",",X","0",",X","5","","","","19660826","+,,X","19660826",",,X","19660830",",,X","","","19660830",",,X","19660831",",,X","-44.4",",X,26,+","25",",,X,26,","157",",,X,30,","15.7",",,X,30,","-11.7",",X,31,","8802.0","X","1455.7",",X","72.9",",,,X","729",",,,X","-28.63",",X","-24.96",",,,X","-32.29",",,,X","90",",X","23.6",",X"
"AYM00089664","1966-09","-77.8833","166.7333","24.1","MCMURDO SOUND NAF, AY","","","0.0","X","0.0",",X","9",",X","3",",X","0",",X","0",",X","3",",X","28",",X","30",",X","30",",X","0",",X","0",",X","6","","","","19660907",",,X","19660930","+,,X","19660919",",,X","","","19660919",",,X","19660927","+,,X","-40.6",",X,07,","0",",T,X,30,+","229",",,X,19,","22.9",",,X,19,","-12.8",",X,27,+","10125.1","X","1323.1",",X","35.0",",,,X","350",",,,X","-25.77",",X","-21.85",",,,X","-29.69",",,,X","180",",X","47.3",",X"
"AYM00089664","1966-10","-77.8833","166.7333","24.1","MCMURDO SOUND NAF, AY","","","0.0","X","0.0",",X","7",",X","2",",X","0",",X","1",",X","2",",X","24",",X","31",",X","31",",X","0",",X","0",",X","2","","1","","19661013",",,X","19661002",",,X","19661002",",,X","","","19661002",",,X","19661031",",,X","-30.0",",X,13,","51",",,X,02,","28",",,X,02,","2.8",",,X,02,","-7.8",",X,31,","11257.7","X","1132.6",",X","11.5",",,,X","115",",,,X","-18.20",",X","-14.70",",,,X","-21.71",",,,X","180",",X","29.3",",X"
"AYM00089664","1966-11","-77.8833","166.7333","24.1","MCMURDO SOUND NAF, AY","","","0.0","X","0.0",",X","6",",X","1",",X","0",",X","0",",X","1",",X","0",",X","30",",X","30",",X","0",",X","0",",X","1","","","","19661104",",,X","19661130","+,,X","19661122",",,X","","","19661122",",,X","19661116",",,X","-15.0",",X,04,","0",",T,X,30,+","33",",,X,22,","3.3",",,X,22,","-2.2",",X,16,","12069.3","X","811.6",",X","7.2",",,,X","72",",,,X","-8.72",",X","-6.45",",,,X","-11.00",",,,X","180",",X","31.4",",X"
"AYM00089664","1966-12","-77.8833","166.7333","24.1","MCMURDO SOUND NAF, AY","","","0.0","X","0.0",",X","6",",X","1",",X","0",",X","0",",X","1",",X","0",",X","31",",X","23",",X","0",",X","0",",X","2","","1","","19661213",",,X","19661231","+,,X","19661228",",,X","","","19661228",",,X","19661223",",,X","-10.0",",X,13,","0",",T,X,31,+","84",",,X,28,","8.4",",,X,28,","4.4",",X,23,","12741.9","X","672.6",",X","10.8",",,,X","108",",,,X","-3.36",",X","-1.05",",,,X","-5.68",",,,X","180",",X","18.5",",X"
"AYM00089664","1967-01","-77.8833","166.7333","24.1","MCMURDO SOUND NAF, AY","","","0.0","X","0.0",",X","0",",X","0",",X","0",",X","0",",X","0",",X","0",",X","31",",X","9",",X","0",",X","0",",X","5","","2","","19670116",",,X","19670128","+,,X","19670128","+,,X","","","19670128","+,,X","19670129",",,X","-8.9",",X,16,","0",",T,X,28,+","0",",T,X,28,+","0.0",",T,X,28,+","5.0",",X,29,","612.7","X","612.7",",X","0.0",",T,,X","0",",T,,X","-1.43",",X","1.10",",,,X","-3.96",",,,X","180",",X","27.8",",X"
"AYM00089664","1967-02","-77.8833","166.7333","24.1","MCMURDO SOUND NAF, AY","","","0.0","X","0.0",",X","10",",X","1",",X","0",",X","1",",X","1",",X","0",",X","28",",X","26",",X","0",",X","0",",X","","","","","19670224","+,,X","19670228",",,X","19670205",",,X","","","19670205",",,X","19670203",",,X","-12.8",",X,24,+","25",",,X,28,","58",",,X,05,","5.8",",,X,05,","1.7",",X,03,","1274.6","X","661.9",",X","14.6",",,,X","146",",,,X","-5.31",",X","-3.70",",,,X","-6.92",",,,X","180",",X","24.7",",X"
"AYM00089664","1967-03","-77.8833","166.7333","24.1","MCMURDO SOUND NAF, AY","","","0.0","X","0.0",",X","11",",X","1",",X","0",",X","","","1",",X","23",",X","31",",X","31",",X","0",",X","0",",X","7","","","","19670325",",,X","","","19670324",",,X","","","19670324",",,X","19670309","+,,X","-28.9",",X,25,","","","25",",,X,24,","2.5",",,X,24,","-4.4",",X,09,+","2394.7","X","1120.1",",X","10.1",",,,X","101",",,,X","-17.80",",X","-14.40",",,,X","-21.19",",,,X","158",",X","27.2",",X"
"AYM00089664","1967-04","-77.8833","166.7333","24.1","MCMURDO SOUND NAF, AY","","","0.0","X","0.0",",X","13",",X","1",",X","0",",X","","","1",",X","29",",X","30",",X","30",",X","0",",X","0",",X","3","","","","19670409",",,X","","","19670416",",,X","","","19670416",",,X","19670416","+,,X","-37.2",",X,09,","","","38",",,X,16,","3.8",",,X,16,","-12.2",",X,16,+","3666.9","X","1272.2",",X","10.7",",,,X","107",",,,X","-24.07",",X","-20.93",",,,X","-27.22",",,,X","113",",X","26.7",",X"
"AYM00089664","1967-05","-77.8833","166.7333","24.1","MCMURDO SOUND NAF, AY","","","0.0","X","0.0",",X","20",",X","5",",X","0",",X","","","5",",X","30",",X","31",",X","31",",X","0",",X","0",",X","1","","1","","19670508","+,,X","","","19670518",",,X","","","19670518",",,X","19670519",",,X","-40.6",",X,08,+","","","170",",,X,18,","17.0",",,X,18,","-8.9",",X,19,","4952.6","X","1285.7",",X","42.1",",,,X","421",",,,X","-23.14",",X","-19.23",",,,X","-27.05",",,,X","180",",X","42.7",",X"
"AYM00089664","1967-06","-77.8833","166.7333","24.1","MCMURDO SOUND NAF, AY","","","0.0","X","0.0",",X","12",",X","9",",X","3",",X","","","9",",X","22",",X","30",",X","30",",X","0",",X","0",",X","2","","","","19670627",",,X","","","19670630",",,X","","","19670630",",,X","19670602",",,X","-37.2",",X,27,","","","292",",,X,30,","29.2",",,X,30,","-6.1",",X,02,","6141.1","X","1188.5",",X","134.0",",,,X","1340",",,,X","-21.28",",X","-17.25",",,,X","-25.31",",,,X","180",",X","38.6",",X"
"AYM00089664","1967-07","-77.8833","166.7333","24.1","MCMURDO SOUND NAF, AY","","","0.0","X","0.0",",X","9",",X","1",",X","0",",X","","","1",",X","29",",X","31",",X","31",",X","0",",X","0",",X","2","","","","19670721","+,,X","","","19670705",",,X","","","19670705",",,X","19670729","+,,X","-40.6",",X,21,+","","","33",",,X,05,","3.3",",,X,05,","-11.1",",X,29,+","7481.8","X","1340.7",",X","14.0",",,,X","140",",,,X","-24.91",",X","-20.78",",,,X","-29.05",",,,X","180",",X","29.3",",X"
"AYM00089664","1967-08","-77.8833","166.7333","24.1","MCMURDO SOUND NAF, AY","","","0.0","X","0.0","2,X","21",",X","8",",X","0",",X","","","8",",X","29","1,X","30","1,X","30","1,X","0","1,X","0","1,X","2","","","","19670829",",1,X","","","19670831",",,X","","","19670831",",,X","19670805",",1,X","-36.7","1,X,29,","","","56",",,X,31,","5.6",",,X,31,","-8.3","1,X,05,","8706.1","X","1224.3","1,X","47.0",",,,X","470",",,,X","-23.73","2,X","-19.20","1,,,X","-28.25","1,,,X","158",",X","35.0",",X"
"AYM00089664","1967-09","-77.8833","166.7333","24.1","MCMURDO SOUND NAF, AY","","","0.0","X","0.0",",X","8",",X","1",",X","0",",X","","","1",",X","30",",X","30",",X","30",",X","0",",X","0",",X","1","","","","19670909",",,X","","","19670917",",,X","","","19670917",",,X","19670901",",,X","-36.7",",X,09,","","","102",",,X,17,","10.2",",,X,17,","-7.2",",X,01,","9974.7","X","1268.6",",X","15.0",",,,X","150",",,,X","-23.96",",X","-19.07",",,,X","-28.84",",,,X","113",",X","24.7",",X"
"AYM00089664","1967-10","-77.8833","166.7333","24.1","MCMURDO SOUND NAF, AY","","","0.0","X","0.0",",X","5",",X","2",",X","0",",X","","","2",",X","24",",X","31",",X","31",",X","0",",X","0",",X","","","","","19671008",",,X","","","19671014",",,X","","","19671014",",,X","19671027",",,X","-38.3",",X,08,","","","140",",,X,14,","14.0",",,X,14,","-6.7",",X,27,","11197.2","X","1222.5",",X","24.4",",,,X","244",",,,X","-21.10",",X","-17.44",",,,X","-24.77",",,,X","158",",X","26.2",",X"
"AYM00089664","1967-11","-77.8833","166.7333","24.1","MCMURDO SOUND NAF, AY","","","0.0","X","0.0",",X","1",",X","1",",X","0",",X","","","1",",X","6",",X","30",",X","30",",X","0",",X","0",",X","5","","","","19671107",",,X","","","19671109",",,X","","","19671109",",,X","19671123",",,X","-22.8",",X,07,","","","140",",,X,09,","14.0",",,X,09,","-1.7",",X,23,","12047.2","X","850.0",",X","14.0",",,,X","140",",,,X","-10.00",",X","-7.29",",,,X","-12.71",",,,X","135",",X","28.3",",X"
"AYM00089664","1967-12","-77.8833","166.7333","24.1","MCMURDO SOUND NAF, AY","","","0.0","X","0.0",",X","2",",X","2",",X","0",",X","","","2",",X","0",",X","31",",X","20",",X","0",",X","0",",X","4","","2","","19671213","+,,X","","","19671203",",,X","","","19671203",",,X","19671227",",,X","-10.6",",X,13,+","","","127",",,X,03,","12.7",",,X,03,","3.9",",X,27,","12708.3","X","661.1",",X","17.8",",,,X","178",",,,X","-2.99",",X","-0.50",",,,X","-5.49",",,,X","135",",X","23.6",",X"
"AYM00089664","1968-01","-77.8833","166.7333","24.1","MCMURDO SOUND NAF, AY","","","0.0","X","0.0",",X","4",",X","4",",X","2",",X","","","4",",X","0",",X","31",",X","19",",X","0",",X","0",",X","3","","","","19680131",",,X","","","19680116",",,X","","","19680116",",,X","19680115",",,X","-11.7",",X,31,","","","373",",,X,16,","37.3",",,X,16,","3.9",",X,15,","663.0","X","663.0",",X","71.5",",,,X","715",",,,X","-3.05",",X","-0.47",",,,X","-5.64",",,,X","113",",X","16.4",",X"
"AYM00089664","1968-02","-77.8833","166.7333","24.1","MCMURDO SOUND NAF, AY","","","0.0","X","0.0",",X","8",",X","5",",X","0",",X","","","6",",X","0",",X","29",",X","29",",X","0",",X","0",",X","5","","","","19680205","+,,X","","","19680228",",,X","","","19680212",",,X","19680224",",,X","-14.4",",X,05,+","","","152",",,X,28,","14.0",",,X,12,","-2.2",",X,24,","1419.4","X","756.4",",X","44.2",",,,X","579",",,,X","-7.75",",X","-5.38",",,,X","-10.12",",,,X","180",",X","24.2",",X"
"AYM00089664","1968-03","-77.8833","166.7333","24.1","MCMURDO SOUND NAF, AY","","","0.0","X","0.0",",X","3",",X","2",",X","1",",X","","","2",",X","16",",X","31",",X","31",",X","0",",X","0",",X","4","","","","19680312","+,,X","","","19680316",",,X","","","19680316",",,X","19680325","+,,X","-26.7",",X,12,+","","","259",",,X,16,","25.9",",,X,16,","-4.4",",X,25,+","2435.5","X","1016.1",",X","29.7",",,,X","297",",,,X","-14.45",",X","-11.22",",,,X","-17.67",",,,X","135",",X","36.0",",X"
"AYM00089664","1968-04","-77.8833","166.7333","24.1","MCMURDO SOUND NAF, AY","","","0.0","X","0.0","2,X","4","1,X","3","1,X","1","1,X","","","4","1,X","23","2,X","28","2,X","28","2,X","0","2,X","0","2,X","2","","","","19680408",",2,X","","","19680401",",1,X","","","19680401",",1,X","19680416",",2,X","-35.0","2,X,08,","","","254","1,,X,01,","25.4","1,,X,01,","-3.9","2,X,16,","3511.0","X","1075.5","2,X","33.5","1,,,X","386","1,,,X","-20.08","2,X","-15.51","2,,,X","-24.64","2,,,X","68","1,X","27.8","1,X"
"AYM00089664","1968-05","-77.8833","166.7333","24.1","MCMURDO SOUND NAF, AY","","","0.0","X","0.0","2,X","2","2,X","0","2,X","0","2,X","","","1","1,X","29","2,X","29","2,X","29","2,X","0","2,X","0","2,X","3","","","","19680529",",2,X","","","19680510",",1,X","","","19680515",",2,X","19680517",",2,X","-37.2","2,X,29,","","","427","1,,X,10,","2.0","2,,X,15,","-12.8","2,X,17,","4732.7","X","1221.7","2,X","3.3","2,,,X","460","1,,,X","-23.79","2,X","-19.94","2,,,X","-27.65","2,,,X","90",",X","30.8",",X"
"AYM00089664","1968-06","-77.8833","166.7333","24.1","MCMURDO SOUND NAF, AY","","","0.0","X","0.0","2,X","2","2,X","2","2,X","0","2,X","","","2","2,X","28","2,X","28","2,X","28","2,X","0","2,X","0","2,X","1","","1","","19680616",",2,X","","","19680613",",2,X","","","19680613",",2,X","19680621",",2,X","-35.6","2,X,16,","","","46","2,,X,13,","4.6","2,,X,13,","-12.8","2,X,21,","5935.6","X","1202.9","2,X","7.1","2,,,X","71","2,,,X","-24.63","2,X","-20.54","2,,,X","-28.71","2,,,X","180",",X","42.1",",X"
"AYM00089664","1968-07","-77.8833","166.7333","24.1","MCMURDO SOUND NAF, AY","","","0.0","X","0.0","1,X","4",",X","2",",X","0",",X","","","2",",X","30","1,X","30","1,X","30","1,X","0","1,X","0","1,X","2","","","","19680721","+,1,X","","","19680712",",,X","","","19680712",",,X","19680726",",1,X","-39.4","1,X,21,+","","","51",",,X,12,","5.1",",,X,12,","-12.2","1,X,26,","7279.5","X","1343.9","1,X","9.9",",,,X","99",",,,X","-26.47","1,X","-21.63","1,,,X","-31.30","1,,,X","158",",X","51.9",",X"
"AYM00089664","1968-08","-77.8833","166.7333","24.1","MCMURDO SOUND NAF, AY","","","0.0","X","0.0","4,X","4","2,X","1","2,X","0","2,X","","","1","2,X","27","4,X","27","4,X","27","4,X","0","4,X","0","4,X","3","","","","19680831",",4,X","","","19680804",",2,X","","","19680804",",2,X","19680805",",4,X","-47.2","4,X,31,","","","33","2,,X,04,","3.3","2,,X,04,","-15.6","4,X,05,","8589.2","X","1309.7","4,X","5.4","2,,,X","54","2,,,X","-30.17","4,X","-25.51","4,,,X","-34.83","4,,,X","158",",X","32.4",",X"
"AYM00089664","1968-09","-77.8833","166.7333","24.1","MCMURDO SOUND NAF, AY","","","0.0","X","0.0","4,X","0","2,X","0","2,X","0","2,X","","","0","2,X","26","4,X","26","4,X","26","4,X","0","4,X","0","4,X","6","","","","19680901",",4,X","","","19680921","+,2,X","","","19680921","+,2,X","19680917",",4,X","-43.9","4,X,01,","","","0","2,T,X,21,+","0.0","2,T,X,21,+","-20.6","4,X,17,","9942.1","X","1352.9","4,X","0.0","2,T,,X","0","2,T,,X","-33.70","4,X","-29.59","4,,,X","-37.82","4,,,X","135","1,X","24.2","1,X"
"AYM00089664","1968-10","-77.8833","166.7333","24.1","MCMURDO SOUND NAF, AY","","","0.0","X","0.0",",X","4",",X","3",",X","0",",X","","","3",",X","27",",X","31",",X","31",",X","0",",X","0",",X","6","","","","19681001",",,X","","","19681012",",,X","","","19681012",",,X","19681008",",,X","-38.9",",X,01,","","","107",",,X,12,","10.7",",,X,12,","-7.8",",X,08,","11115.0","X","1172.9",",X","21.4",",,,X","214",",,,X","-19.50",",X","-14.78",",,,X","-24.23",",,,X","135",",X","19.5",",X"
"AYM00089664","1968-11","-77.8833","166.7333","24.1","MCMURDO SOUND NAF, AY","","","0.0","X","0.0",",X","3",",X","2",",X","0",",X","","","2",",X","4",",X","30",",X","30",",X","0",",X","0",",X","3","","","","19681104",",,X","","","19681128",",,X","","","19681128",",,X","19681129","+,,X","-24.4",",X,04,","","","38",",,X,28,","3.8",",,X,28,","-2.2",",X,29,+","11955.0","X","840.0",",X","7.6",",,,X","76",",,,X","-9.67",",X","-6.54",",,,X","-12.80",",,,X","158",",X","22.1",",X"
"AYM00089664","1968-12","-77.8833","166.7333","24.1","MCMURDO SOUND NAF, AY","","","0.0","X","0.0",",X","3",",X","2",",X","0",",X","","","2",",X","0",",X","31",",X","25",",X","0",",X","0",",X","3","","","","19681205","+,,X","","","19681204",",,X","","","19681204",",,X","19681231","+,,X","-11.1",",X,05,+","","","51",",,X,04,","5.1",",,X,04,","4.4",",X,31,+","12658.8","X","703.8",",X","8.4",",,,X","84",",,,X","-4.37",",X","-1.83",",,,X","-6.91",",,,X","90",",X","16.4",",X"
"AYM00089664","1969-01","-77.8833","166.7333","24.1","MCMURDO SOUND NAF, AY","","","0.0","X","0.0",",X","3",",X","1",",X","0",",X","","","1",",X","0",",X","31",",X","16",",X","0",",X","0",",X","3","","2","","19690106",",,X","","","19690121",",,X","","","19690121",",,X","19690122",",,X","-8.9",",X,06,","","","114",",,X,21,","11.4",",,X,21,","4.4",",X,22,","647.5","X","647.5",",X","13.5",",,,X","135",",,,X","-2.55",",X","-0.22",",,,X","-4.89",",,,X","135",",X","16.4",",X"
"AYM00089664","1969-02","-77.8833","166.7333","24.1","MCMURDO SOUND NAF, AY","","","0.0","X","0.0",",X","8",",X","7",",X","0",",X","","","7",",X","2",",X","28",",X","28",",X","0",",X","0",",X","3","","","","19690228",",,X","","","19690220",",,X","","","19690220",",,X","19690213",",,X","-20.0",",X,28,","","","127",",,X,20,","12.7",",,X,20,","-2.2",",X,13,","1416.5","X","769.0",",X","43.7",",,,X","437",",,,X","-9.13",",X","-7.21",",,,X","-11.06",",,,X","158",",X","18.0",",X"
"AYM00089664","1969-03","-77.8833","166.7333","24.1","MCMURDO SOUND NAF, AY","","","0.0","X","0.0",",X","8",",X","6",",X","0",",X","","","6",",X","22",",X","31",",X","31",",X","0",",X","0",",X","9","","","","19690320",",,X","","","19690307",",,X","","","19690307",",,X","19690330",",,X","-26.1",",X,20,","","","132",",,X,07,","13.2",",,X,07,","-4.4",",X,30,","2468.0","X","1051.5",",X","60.1",",,,X","601",",,,X","-15.59",",X","-12.25",",,,X","-18.92",",,,X","180","2,X","32.4","2,X"
"AYM00089664","1969-04","-77.8833","166.7333","24.1","MCMURDO SOUND NAF, AY","","","0.0","X","0.0",",X","10",",X","7",",X","0",",X","","","7",",X","26",",X","30",",X","30",",X","0",",X","0",",X","17","","","","19690422",",,X","","","19690423",",,X","","","19690423",",,X","19690409","+,,X","-36.7",",X,22,","","","79",",,X,23,","7.9",",,X,23,","-7.8",",X,09,+","3670.5","X","1202.5",",X","39.7",",,,X","397",",,,X","-21.75",",X","-18.04",",,,X","-25.46",",,,X","135","1,X","22.1","1,X"
"AYM00089664","1969-05","-77.8833","166.7333","24.1","MCMURDO SOUND NAF, AY","","","0.0","X","0.0",",X","11",",X","4",",X","0",",X","","","4",",X","28",",X","31",",X","31",",X","0",",X","0",",X","13","","","","19690509",",,X","","","19690512",",,X","","","19690512",",,X","19690525","+,,X","-38.3",",X,09,","","","36",",,X,12,","3.6",",,X,12,","-10.0",",X,25,+","4982.2","X","1311.7",",X","15.2",",,,X","152",",,,X","-23.98",",X","-20.08",",,,X","-27.88",",,,X","113","1,X","22.6","1,X"
"AYM00089664","1969-06","-77.8833","166.7333","24.1","MCMURDO SOUND NAF, AY","","","","","","","","","","","","","","","","","","","","","","","","","","","3","","","","","","","","","","","","","","","","","","","","","","","","","","","","","","","","","","","","","","","","","","",""
"AYM00089664","1969-07","-77.8833","166.7333","24.1","MCMURDO SOUND NAF, AY","","","0.0","X","0.0",",X","15",",X","2",",X","0",",X","","","2",",X","31",",X","31",",X","31",",X","0",",X","0",",X","15","","","","19690711",",,X","","","19690725",",,X","","","19690725",",,X","19690730",",,X","-43.3",",X,11,","","","102",",,X,25,","10.2",",,X,25,","-17.2",",X,30,","","","1529.0",",X","22.1",",,,X","221",",,,X","-30.99",",X","-27.30",",,,X","-34.68",",,,X","135",",X","32.9",",X"
"AYM00089664","1969-08","-77.8833","166.7333","24.1","MCMURDO SOUND NAF, AY","","","0.0","X","0.0",",X","14",",X","1",",X","0",",X","","","1",",X","31",",X","31",",X","31",",X","0",",X","0",",X","7","","","","19690820",",,X","","","19690828",",,X","","","19690828",",,X","19690828",",,X","-37.2",",X,20,","","","41",",,X,28,","4.1",",,X,28,","-15.0",",X,28,","","","1365.0",",X","12.9",",,,X","129",",,,X","-25.70",",X","-21.60",",,,X","-29.80",",,,X","90",",X","21.1",",X"
"AYM00089664","1969-09","-77.8833","166.7333","24.1","MCMURDO SOUND NAF, AY","","","0.0","X","0.0",",X","7",",X","1",",X","0",",X","","","1",",X","30",",X","30",",X","30",",X","0",",X","0",",X","11","","","","19690916",",,X","","","19690929",",,X","","","19690929",",,X","19690930","+,,X","-35.6",",X,16,","","","30",",,X,29,","3.0",",,X,29,","-12.2",",X,30,+","","","1309.7",",X","7.1",",,,X","71",",,,X","-25.32",",X","-21.51",",,,X","-29.13",",,,X","180",",X","28.3",",X"
"AYM00089664","1969-10","-77.8833","166.7333","24.1","MCMURDO SOUND NAF, AY","","","0.0","X","0.0",",X","4",",X","1",",X","0",",X","","","1",",X","24",",X","31",",X","31",",X","0",",X","0",",X","7","","5","","19691008",",,X","","","19691029",",,X","","","19691029",",,X","19691029",",,X","-32.2",",X,08,","","","178",",,X,29,","17.8",",,X,29,","-4.4",",X,29,","","","1179.9",",X","20.1",",,,X","201",",,,X","-19.73",",X","-16.00",",,,X","-23.45",",,,X","158",",X","29.3",",X"
"AYM00089664","1969-11","-77.8833","166.7333","24.1","MCMURDO SOUND NAF, AY","","","0.0","X","0.0",",X","7",",X","3",",X","0",",X","","","3",",X","5",",X","30",",X","30",",X","0",",X","0",",X","4","","2","","19691105",",,X","","","19691108",",,X","","","19691108",",,X","19691130",",,X","-21.1",",X,05,","","","203",",,X,08,","20.3",",,X,08,","-1.7",",X,30,","","","839.4",",X","37.6",",,,X","376",",,,X","-9.65",",X","-6.62",",,,X","-12.68",",,,X","135",",X","23.6",",X"
"AYM00089664","1969-12","-77.8833","166.7333","24.1","MCMURDO SOUND NAF, AY","","","0.0","X","0.0","2,X","9",",X","9",",X","0",",X","","","9",",X","0","1,X","30","1,X","18","1,X","0","1,X","0","1,X","2","","","","19691207",",1,X","","","19691225",",,X","","","19691225",",,X","19691218",",1,X","-10.6","1,X,07,","","","203",",,X,25,","20.3",",,X,25,","3.9","1,X,18,","","","603.3","1,X","76.1",",,,X","761",",,,X","-2.41","2,X","-0.30","1,,,X","-4.53","1,,,X","180","3,X","21.1","3,X"
"AYM00089664","1970-01","-77.8833","166.7333","24.1","MCMURDO SOUND NAF, AY","","","0.0","X","0.0",",X","6",",X","5",",X","0",",X","","","5",",X","0",",X","31",",X","11",",X","0",",X","0",",X","","","","","19700127",",,X","","","19700117","+,,X","","","19700117","+,,X","19700108",",,X","-8.9",",X,27,","","","102",",,X,17,+","10.2",",,X,17,+","6.7",",X,08,","619.0","X","619.0",",X","43.5",",,,X","435",",,,X","-1.63",",X","0.94",",,,X","-4.21",",,,X","90",",X","19.5",",X"
"AYM00089664","1970-02","-77.8833","166.7333","24.1","MCMURDO SOUND NAF, AY","","","0.0","X","0.0",",X","7",",X","0",",X","0",",X","","","0",",X","1",",X","28",",X","26",",X","0",",X","0",",X","2","","","","19700218",",,X","","","19700223",",,X","","","19700223",",,X","19700202",",,X","-17.8",",X,18,","","","15",",,X,23,","1.5",",,X,23,","1.1",",X,02,","1346.6","X","727.6",",X","5.6",",,,X","56",",,,X","-7.65",",X","-5.29",",,,X","-10.02",",,,X","158",",X","21.1",",X"
"AYM00089664","1970-03","-77.8833","166.7333","24.1","MCMURDO SOUND NAF, AY","","","0.0","X","0.0","1,X","7","1,X","4","1,X","0","1,X","","","4","1,X","6","1,X","30","1,X","30","1,X","0","1,X","0","1,X","5","","","","19700329",",1,X","","","19700306",",1,X","","","19700306",",1,X","19700306","+,1,X","-25.6","1,X,29,","","","64","1,,X,06,","6.4","1,,X,06,","-2.8","1,X,06,+","2269.6","X","923.0","1,X","21.4","1,,,X","214","1,,,X","-12.43","1,X","-10.11","1,,,X","-14.76","1,,,X","158","1,X","20.0","1,X"
"AYM00089664","1970-04","-77.8833","166.7333","24.1","MCMURDO SOUND NAF, AY","","","0.0","X","0.0",",X","10",",X","2",",X","0",",X","","","2",",X","24",",X","30",",X","30",",X","0",",X","0",",X","11","","","","19700412",",,X","","","19700425",",,X","","","19700425",",,X","19700428","+,,X","-31.7",",X,12,","","","84",",,X,25,","8.4",",,X,25,","-9.4",",X,28,+","3409.2","X","1139.6",",X","22.7",",,,X","227",",,,X","-19.66",",X","-16.42",",,,X","-22.89",",,,X","180",",X","22.1",",X"
"AYM00089664","1970-05","-77.8833","166.7333","24.1","MCMURDO SOUND NAF, AY","","","0.0","X","0.0",",X","13",",X","5",",X","0",",X","","","5","1,X","29",",X","31",",X","31",",X","0",",X","0",",X","","","","","19700509","+,,X","","","19700531",",1,X","","","19700531",",,X","19700518",",,X","-36.1",",X,09,+","","","36","1,,X,31,","3.6",",,X,31,","-8.9",",X,18,","4732.2","X","1323.0",",X","22.3",",,,X","210","1,,,X","-24.35",",X","-20.54",",,,X","-28.15",",,,X","180","1,X","29.8","1,X"
"AYM00089664","1970-06","-77.8833","166.7333","24.1","MCMURDO SOUND NAF, AY","","","0.0","X","0.0",",X","12",",X","1",",X","0",",X","","","1",",X","27",",X","30",",X","30",",X","0",",X","0",",X","4","","","","19700625",",,X","","","19700615",",,X","","","19700615",",,X","19700628",",,X","-32.2",",X,25,","","","33",",,X,15,","3.3",",,X,15,","-10.6",",X,28,","5908.1","X","1175.9",",X","16.7",",,,X","167",",,,X","-20.87",",X","-17.56",",,,X","-24.17",",,,X","180",",X","36.5",",X"
"AYM00089664","1970-07","-77.8833","166.7333","24.1","MCMURDO SOUND NAF, AY","","","0.0","X","0.0",",X","3",",X","0",",X","0",",X","","","0",",X","30",",X","31",",X","31",",X","0",",X","0",",X","","","","","19700720",",,X","","","19700713",",,X","","","19700713",",,X","19700707",",,X","-37.8",",X,20,","","","8",",,X,13,","0.8",",,X,13,","-9.4",",X,07,","7270.3","X","1362.2",",X","1.8",",,,X","18",",,,X","-25.61",",X","-22.29",",,,X","-28.92",",,,X","","","",""
"AYM00089664","1970-08","-77.8833","166.7333","24.1","MCMURDO SOUND NAF, AY","","","0.0","X","0.0",",X","5",",X","1",",X","0",",X","","","1",",X","31",",X","31",",X","31",",X","0",",X","0",",X","2","","","","19700802","+,,X","","","19700823",",,X","","","19700823",",,X","19700821",",,X","-43.3",",X,02,+","","","38",",,X,23,","3.8",",,X,23,","-14.4",",X,21,","8742.7","X","1472.4",",X","6.7",",,,X","67",",,,X","-29.16",",X","-25.85",",,,X","-32.48",",,,X","180",",X","36.5",",X"
"AYM00089664","1970-09","-77.8833","166.7333","24.1","MCMURDO SOUND NAF, AY","","","0.0","X","0.0",",X","4",",X","0",",X","0",",X","","","0",",X","28",",X","30",",X","30",",X","0",",X","0",",X","2","","","","19700915",",,X","","","19700907",",,X","","","19700907",",,X","19700922",",,X","-40.6",",X,15,","","","13",",,X,07,","1.3",",,X,07,","-11.1",",X,22,","9991.6","X","1248.9",",X","2.2",",,,X","22",",,,X","-23.30",",X","-19.13",",,,X","-27.46",",,,X","180",",X","34.4",",X"
"AYM00089664","1970-10","-77.8833","166.7333","24.1","MCMURDO SOUND NAF, AY","","","0.0","X","0.0",",X","10",",X","8",",X","0",",X","","","8",",X","17",",X","31",",X","31",",X","0",",X","0",",X","1","","","","19701018","+,,X","","","19701009",",,X","","","19701009",",,X","19701007",",,X","-25.0",",X,18,+","","","173",",,X,09,","17.3",",,X,09,","-6.7",",X,07,","11024.1","X","1032.5",",X","54.6",",,,X","546",",,,X","-14.97",",X","-11.69",",,,X","-18.25",",,,X","158","1,X","27.2","1,X"
"AYM00089664","1970-11","-77.8833","166.7333","24.1","MCMURDO SOUND NAF, AY","","","0.0","X","0.0",",X","5",",X","3",",X","0",",X","","","3",",X","5",",X","30",",X","30",",X","0",",X","0",",X","","","","","19701105","+,,X","","","19701114",",,X","","","19701114",",,X","19701130",",,X","-19.4",",X,05,+","","","84",",,X,14,","8.4",",,X,14,","-0.6",",X,30,","11882.1","X","858.0",",X","19.8",",,,X","198",",,,X","-10.27",",X","-7.53",",,,X","-13.01",",,,X","113","1,X","20.0","1,X"
"AYM00089664","1970-12","-77.8833","166.7333","24.1","MCMURDO SOUND NAF, AY","","","0.0","X","0.0",",X","5",",X","1",",X","0",",X","","","1",",X","0",",X","31",",X","14",",X","0",",X","0",",X","1","","","","19701229","+,,X","","","19701203",",,X","","","19701203",",,X","19701231",",,X","-8.9",",X,29,+","","","46",",,X,03,","4.6",",,X,03,","4.4",",X,31,","12526.8","X","644.7",",X","7.7",",,,X","77",",,,X","-2.46",",X","0.43",",,,X","-5.36",",,,X","180",",X","22.1",",X"
"AYM00089664","1971-01","-77.8833","166.7333","24.1","MCMURDO SOUND NAF, AY","","","0.0","X","0.0",",X","2",",X","1",",X","0",",X","","","1",",X","0",",X","31",",X","9",",X","0",",X","0",",X","","","","","19710127",",,X","","","19710121",",,X","","","19710121",",,X","19710103",",,X","-8.9",",X,27,","","","25",",,X,21,","2.5",",,X,21,","6.7",",X,03,","596.7","X","596.7",",X","4.8",",,,X","48",",,,X","-0.91",",X","1.42",",,,X","-3.25",",,,X","180","2,X","22.1","2,X"
"AYM00089664","1971-02","-77.8833","166.7333","24.1","MCMURDO SOUND NAF, AY","","","0.0","X","0.0",",X","9",",X","4",",X","0",",X","","","4",",X","2",",X","28",",X","28",",X","0",",X","0",",X","2","","1","","19710228",",,X","","","19710211",",,X","","","19710211",",,X","19710202","+,,X","-18.9",",X,28,","","","58",",,X,11,","5.8",",,X,11,","-1.7",",X,02,+","1363.3","X","766.6",",X","21.4",",,,X","214",",,,X","-9.05",",X","-6.77",",,,X","-11.33",",,,X","180",",X","25.7",",X"
"AYM00089664","1971-03","-77.8833","166.7333","24.1","MCMURDO SOUND NAF, AY","","","0.0","X","0.0",",X","4",",X","1",",X","0",",X","","","1",",X","26",",X","31",",X","31",",X","0",",X","0",",X","12","","","","19710331",",,X","","","19710311",",,X","","","19710311",",,X","19710309","+,,X","-32.2",",X,31,","","","25",",,X,11,","2.5",",,X,11,","-4.4",",X,09,+","2509.5","X","1146.2",",X","5.3",",,,X","53",",,,X","-18.64",",X","-14.89",",,,X","-22.40",",,,X","160",",X","27.2",",X"
"AYM00089664","1971-04","-77.8833","166.7333","24.1","MCMURDO SOUND NAF, AY","","","0.0","X","0.0",",X","14",",X","4",",X","0",",X","","","3",",X","22",",X","30",",X","30",",X","0",",X","0",",X","1","","","","19710428",",,X","","","19710404",",,X","","","19710412",",,X","19710403",",,X","-30.6",",X,28,","","","71",",,X,04,","15.0",",,X,12,","-4.4",",X,03,","3573.3","X","1063.8",",X","39.0",",,,X","255",",,,X","-17.13",",X","-12.99",",,,X","-21.26",",,,X","140",",X","44.7",",X"
"AYM00089664","1971-05","-77.8833","166.7333","24.1","MCMURDO SOUND NAF, AY","","","0.0","X","0.0",",X","6",",X","2",",X","0",",X","","","2",",X","29",",X","31",",X","31",",X","0",",X","0",",X","2","","","","19710521",",,X","","","19710515",",,X","","","19710515",",,X","19710509",",,X","-36.1",",X,21,","","","56",",,X,15,","5.6",",,X,15,","-2.8",",X,09,","4818.8","X","1245.5",",X","17.0",",,,X","170",",,,X","-21.84",",X","-16.72",",,,X","-26.97",",,,X","210",",X","46.8",",X"
"AYM00089664","1971-06","-77.8833","166.7333","24.1","MCMURDO SOUND NAF, AY","","","0.0","X","0.0",",X","9",",X","3",",X","0",",X","","","3",",X","30",",X","30",",X","30",",X","0",",X","0",",X","","","","","19710628",",,X","","","19710617",",,X","","","19710617",",,X","19710603",",,X","-36.7",",X,28,","","","91",",,X,17,","9.1",",,X,17,","-5.6",",X,03,","6071.4","X","1252.6",",X","29.7",",,,X","297",",,,X","-23.42",",X","-18.26",",,,X","-28.58",",,,X","140",",X","23.6",",X"
"AYM00089664","1971-07","-77.8833","166.7333","24.1","MCMURDO SOUND NAF, AY","","","0.0","X","0.0",",X","5",",X","3",",X","0",",X","","","3",",X","31",",X","31",",X","31",",X","0",",X","0",",X","4","","","","19710711",",,X","","","19710706",",,X","","","19710706",",,X","19710702",",,X","-43.3",",X,11,","","","64",",,X,06,","6.4",",,X,06,","-9.4",",X,02,","7503.7","X","1432.3",",X","15.0",",,,X","150",",,,X","-27.87",",X","-23.43",",,,X","-32.31",",,,X","160",",X","28.3",",X"
"AYM00089664","1971-08","-77.8833","166.7333","24.1","MCMURDO SOUND NAF, AY","","","0.0","X","0.0",",X","6",",X","1",",X","0",",X","","","1",",X","31",",X","31",",X","31",",X","0",",X","0",",X","2","","","","19710816",",,X","","","19710807",",,X","","","19710807",",,X","19710824",",,X","-40.6",",X,16,","","","38",",,X,07,","3.8",",,X,07,","-11.1",",X,24,","8903.4","X","1399.7",",X","7.7",",,,X","77",",,,X","-26.82",",X","-21.76",",,,X","-31.88",",,,X","90",",X","27.8",",X"
"AYM00089664","1971-09","-77.8833","166.7333","24.1","MCMURDO SOUND NAF, AY","","","0.0","X","0.0",",X","7",",X","1",",X","0",",X","","","1",",X","25",",X","30",",X","30",",X","0",",X","0",",X","2","","","","19710903",",,X","","","19710925",",,X","","","19710925",",,X","19710925",",,X","-37.2",",X,03,","","","25",",,X,25,","2.5",",,X,25,","-7.2",",X,25,","10058.5","X","1155.1",",X","7.6",",,,X","76",",,,X","-20.17",",X","-15.87",",,,X","-24.47",",,,X","140",",X","28.8",",X"
"AYM00089664","1971-10","-77.8833","166.7333","24.1","MCMURDO SOUND NAF, AY","","","0.0","X","0.0",",X","4","1,X","3","1,X","1","1,X","","","4",",X","28",",X","31",",X","31",",X","0",",X","0",",X","1","","","","19711015","+,,X","","","19711016",",,X","","","19711014",",1,X","19711026",",,X","-33.3",",X,15,+","","","711",",,X,16,","31.8","1,,X,14,","-6.7",",X,26,","11239.9","X","1181.4",",X","44.9","1,,,X","1165",",,,X","-19.78",",X","-15.91",",,,X","-23.64",",,,X","90",",X","23.1",",X"
"AYM00089664","1971-11","-77.8833","166.7333","24.1","MCMURDO SOUND NAF, AY","","","0.0","X","0.0",",X","0",",X","0",",X","0",",X","","","0",",X","5",",X","30",",X","24",",X","0",",X","0",",X","4","","2","","19711102",",,X","","","19711124","+,,X","","","19711124","+,,X","19711126",",,X","-18.9",",X,02,","","","0",",T,X,24,+","0.0",",T,X,24,+","2.8",",X,26,","12031.0","X","791.1",",X","0.0",",T,,X","0",",T,,X","-8.04",",X","-4.92",",,,X","-11.15",",,,X","160",",X","26.2",",X"
"AYM00089664","1971-12","-77.8833","166.7333","24.1","MCMURDO SOUND NAF, AY","","","0.0","X","0.0",",X","5",",X","1",",X","0",",X","","","1",",X","0",",X","31",",X","17",",X","0",",X","0",",X","1","","","","19711213",",,X","","","19711223",",,X","","","19711223",",,X","19711227",",,X","-10.6",",X,13,","","","89",",,X,23,","8.9",",,X,23,","5.0",",X,27,","12684.1","X","653.1",",X","12.3",",,,X","123",",,,X","-2.73",",X","-0.09",",,,X","-5.38",",,,X","120",",X","20.0",",X"
"AYM00089664","1972-01","-77.8833","166.7333","24.1","MCMURDO SOUND NAF, AY","","","0.0","X","0.0",",X","1",",X","0",",X","0",",X","","","0",",X","0",",X","27",",X","14",",X","0",",X","0",",X","5","","","","19720129",",,X","","","19720125",",,X","","","19720125",",,X","19720112","+,,X","-13.3",",X,29,","","","8",",,X,25,","0.8",",,X,25,","4.4",",X,12,+","652.5","X","652.5",",X","0.8",",,,X","8",",,,X","-2.72",",X","-0.38",",,,X","-5.05",",,,X","90",",X","18.0",",X"
"AYM00089664","1972-02","-77.8833","166.7333","24.1","MCMURDO SOUND NAF, AY","","","0.0","X","0.0",",X","4",",X","4",",X","0",",X","","","4",",X","0",",X","29",",X","28",",X","0",",X","0",",X","1","","","","19720227",",,X","","","19720211",",,X","","","19720211",",,X","19720218",",,X","-15.6",",X,27,","","","76",",,X,11,","7.6",",,X,11,","1.1",",X,18,","1396.8","X","744.3",",X","19.0",",,,X","190",",,,X","-7.33",",X","-4.91",",,,X","-9.76",",,,X","200","1,X","20.6","1,X"
"AYM00089664","1972-03","-77.8833","166.7333","24.1","MCMURDO SOUND NAF, AY","","","0.0","X","0.0",",X","6",",X","4",",X","0",",X","","","3",",X","13",",X","31",",X","31",",X","0",",X","0",",X","3","","","","19720325","+,,X","","","19720310",",,X","","","19720310",",,X","19720330",",,X","-30.0",",X,25,+","","","76",",,X,10,","7.6",",,X,10,","-2.2",",X,30,","2437.7","X","1040.9",",X","18.4",",,,X","162",",,,X","-15.24",",X","-12.92",",,,X","-17.57",",,,X","180",",X","35.0",",X"
"AYM00089664","1972-04","-77.8833","166.7333","24.1","MCMURDO SOUND NAF, AY","","","0.0","X","0.0",",X","7",",X","4",",X","0",",X","","","4",",X","28",",X","30",",X","30",",X","0",",X","0",",X","4","","","","19720428",",,X","","","19720418","+,,X","","","19720417",",,X","19720401",",,X","-36.1",",X,28,","","","102",",,X,18,+","15.2",",,X,17,","-6.7",",X,01,","3665.2","X","1227.5",",X","39.0",",,,X","345",",,,X","-22.59",",X","-20.00",",,,X","-25.17",",,,X","180",",X","41.1",",X"
"AYM00089664","1972-05","-77.8833","166.7333","24.1","MCMURDO SOUND NAF, AY","","","0.0","X","0.0",",X","5",",X","4",",X","0",",X","","","4",",X","21",",X","31",",X","31",",X","0",",X","0",",X","2","","","","19720518",",,X","","","19720509",",,X","","","19720509",",,X","19720510",",,X","-38.3",",X,18,","","","89",",,X,09,","8.9",",,X,09,","-7.8",",X,10,","4825.3","X","1160.1",",X","22.4",",,,X","224",",,,X","-19.09",",X","-15.95",",,,X","-22.22",",,,X","180",",X","30.3",",X"
"AYM00089664","1972-06","-77.8833","166.7333","24.1","MCMURDO SOUND NAF, AY","","","0.0","X","0.0",",X","8",",X","4",",X","0",",X","","","4",",X","27",",X","30",",X","30",",X","0",",X","0",",X","4","","","","19720612",",,X","","","19720603",",,X","","","19720603",",,X","19720628",",,X","-32.8",",X,12,","","","53",",,X,03,","5.3",",,X,03,","-4.4",",X,28,","5958.9","X","1133.6",",X","17.7",",,,X","177",",,,X","-19.46",",X","-15.73",",,,X","-23.18",",,,X","200",",X","37.5",",X"
"AYM00089664","1972-07","-77.8833","166.7333","24.1","MCMURDO SOUND NAF, AY","","","0.0","X","0.0",",X","13",",X","5",",X","0",",X","","","5",",X","31",",X","31",",X","31",",X","0",",X","0",",X","1","","","","19720725",",,X","","","19720715",",,X","","","19720715",",,X","19720701",",,X","-40.6",",X,25,","","","79",",,X,15,","7.9",",,X,15,","-9.4",",X,01,","7265.0","X","1306.1",",X","36.9",",,,X","369",",,,X","-23.80",",X","-20.69",",,,X","-26.91",",,,X","170",",X","28.8",",X"
"AYM00089664","1972-08","-77.8833","166.7333","24.1","MCMURDO SOUND NAF, AY","","","0.0","X","0.0",",X","4",",X","1",",X","0",",X","","","0",",X","27",",X","31",",X","31",",X","0",",X","0",",X","4","","","","19720827",",,X","","","19720813",",,X","","","19720813",",,X","19720813",",,X","-38.9",",X,27,","","","20",",,X,13,","2.5",",,X,13,","-4.4",",X,13,","8572.0","X","1307.0",",X","5.6",",,,X","51",",,,X","-23.83",",X","-19.72",",,,X","-27.94",",,,X","240",",X","25.2",",X"
"AYM00089664","1972-09","-77.8833","166.7333","24.1","MCMURDO SOUND NAF, AY","","","0.0","X","0.0",",X","3",",X","2",",X","0",",X","","","2",",X","25",",X","30",",X","30",",X","0",",X","0",",X","1","","","","19720926","+,,X","","","19720914","+,,X","","","19720914","+,,X","19720903",",,X","-33.9",",X,26,+","","","25",",,X,14,+","2.5",",,X,14,+","-4.4",",X,03,","9782.2","X","1210.2",",X","6.3",",,,X","63",",,,X","-22.01",",X","-19.00",",,,X","-25.02",",,,X","150",",X","27.8",",X"
"AYM00089664","1972-10","-77.8833","166.7333","24.1","MCMURDO SOUND NAF, AY","","","0.0","X","0.0",",X","5",",X","3",",X","0",",X","","","3",",X","21",",X","31",",X","31",",X","0",",X","0",",X","4","","","","19721002","+,,X","","","19721028",",,X","","","19721028",",,X","19721009",",,X","-34.4",",X,02,+","","","178",",,X,28,","17.8",",,X,28,","-6.1",",X,09,","10863.1","X","1080.9",",X","23.8",",,,X","238",",,,X","-16.54",",X","-12.95",",,,X","-20.12",",,,X","220",",X","29.8",",X"
"AYM00089664","1972-11","-77.8833","166.7333","24.1","MCMURDO SOUND NAF, AY","","","0.0","X","0.0",",X","3",",X","3",",X","0",",X","","","3",",X","1",",X","30",",X","29",",X","0",",X","0",",X","1","","","","19721104",",,X","","","19721125",",,X","","","19721125",",,X","19721129",",,X","-21.1",",X,04,","","","46",",,X,25,","4.6",",,X,25,","1.7",",X,29,","11717.7","X","854.6",",X","9.6",",,,X","96",",,,X","-10.15",",X","-7.05",",,,X","-13.25",",,,X","200",",X","24.7",",X"
"AYM00089664","1972-12","-77.8833","166.7333","24.1","MCMURDO SOUND NAF, AY","","","0.0","X","0.0",",X","4",",X","2",",X","0",",X","","","2",",X","0",",X","31",",X","12",",X","0",",X","0",",X","1","","","","19721217",",,X","","","19721218","+,,X","","","19721218","+,,X","19721221",",,X","-8.9",",X,17,","","","30",",,X,18,+","3.0",",,X,18,+","3.9",",X,21,","12353.1","X","635.4",",X","9.3",",,,X","93",",,,X","-2.16",",X","0.61",",,,X","-4.93",",,,X","120",",X","18.0",",X"
"AYM00089664","1973-01","-77.8833","166.7333","24.1","MCMURDO SOUND NAF, AY","","","0.0","X","0.0",",X","7",",X","3",",X","0",",X","","","3",",X","0",",X","31",",X","17",",X","0",",X","0",",X","4","","","","19730105",",,X","","","19730110",",,X","","","19730110",",,X","19730113",",,X","-10.0",",X,05,","","","147",",,X,10,","14.7",",,X,10,","5.0",",X,13,","656.1","X","656.1",",X","29.7",",,,X","297",",,,X","-2.83",",X","-0.20",",,,X","-5.47",",,,X","150",",X","15.4",",X"
"AYM00089664","1973-02","-77.8833","166.7333","24.1","MCMURDO SOUND NAF, AY","","","0.0","X","0.0",",X","10",",X","4",",X","1",",X","","","4",",X","0",",X","28",",X","28",",X","0",",X","0",",X","3","","","","19730214","+,,X","","","19730211",",,X","","","19730211",",,X","19730223",",,X","-16.7",",X,14,+","","","269",",,X,11,","26.9",",,X,11,","-5.6",",X,23,","1497.8","X","841.7",",X","46.8",",,,X","468",",,,X","-11.73",",X","-9.66",",,,X","-13.79",",,,X","120",",X","21.6",",X"
"AYM00089664","1973-03","-77.8833","166.7333","24.1","MCMURDO SOUND NAF, AY","","","0.0","X","0.0",",X","8",",X","0",",X","0",",X","","","0",",X","29",",X","31",",X","31",",X","0",",X","0",",X","2","","","","19730317",",,X","","","19730325",",,X","","","19730325",",,X","19730304",",,X","-32.2",",X,17,","","","15",",,X,25,","1.5",",,X,25,","-8.3",",X,04,","2717.2","X","1219.4",",X","6.1",",,,X","61",",,,X","-21.00",",X","-17.71",",,,X","-24.30",",,,X","200","2,X","31.9","2,X"
"AYM00089664","1973-04","-77.8833","166.7333","24.1","MCMURDO SOUND NAF, AY","","","0.0","X","0.0",",X","4",",X","0",",X","0",",X","","","0",",X","27",",X","30",",X","30",",X","0",",X","0",",X","1","","","","19730407",",,X","","","19730417",",,X","","","19730417",",,X","19730422",",,X","-32.2",",X,07,","","","23",",,X,17,","2.3",",,X,17,","-7.8",",X,22,","3914.3","X","1197.1",",X","4.7",",,,X","47",",,,X","-21.57",",X","-17.48",",,,X","-25.66",",,,X","80",",X","23.6",",X"
"AYM00089664","1973-05","-77.8833","166.7333","24.1","MCMURDO SOUND NAF, AY","","","0.0","X","0.0","1,X","7",",X","3",",X","0",",X","","","3",",X","27","1,X","30","1,X","30","1,X","0","1,X","0","1,X","","","","","19730502",",1,X","","","19730515",",,X","","","19730515",",,X","19730525",",1,X","-32.8","1,X,02,","","","48",",,X,15,","4.8",",,X,15,","-8.3","1,X,25,","5110.1","X","1195.8","1,X","16.2",",,,X","162",",,,X","-21.53","1,X","-17.96","1,,,X","-25.10","1,,,X","","","28.8","1,X"
"AYM00089664","1973-06","-77.8833","166.7333","24.1","MCMURDO SOUND NAF, AY","","","0.0","X","0.0",",X","11",",X","2",",X","0",",X","","","2",",X","26",",X","30",",X","30",",X","0",",X","0",",X","1","","","","19730607",",,X","","","19730609","+,,X","","","19730609","+,,X","19730617","+,,X","-38.3",",X,07,","","","25",",,X,09,+","2.5",",,X,09,+","-10.6",",X,17,+","6350.1","X","1240.0",",X","13.1",",,,X","131",",,,X","-23.00",",X","-19.19",",,,X","-26.82",",,,X","190",",X","32.9",",X"
"AYM00089664","1973-07","-77.8833","166.7333","24.1","MCMURDO SOUND NAF, AY","","","0.0","X","0.0",",X","7",",X","0",",X","0",",X","","","0",",X","29",",X","31",",X","31",",X","0",",X","0",",X","2","","","","19730719",",,X","","","19730727",",,X","","","19730727",",,X","19730709",",,X","-38.3",",X,19,","","","23",",,X,27,","2.3",",,X,27,","-6.7",",X,09,","7646.6","X","1296.5",",X","7.4",",,,X","74",",,,X","-23.49",",X","-19.93",",,,X","-27.05",",,,X","180",",X","29.3",",X"
"AYM00089664","1973-08","-77.8833","166.7333","24.1","MCMURDO SOUND NAF, AY","","","0.0","X","0.0",",X","5",",X","0",",X","0",",X","","","0",",X","30",",X","31",",X","31",",X","0",",X","0",",X","4","","","","19730808",",,X","","","19730809",",,X","","","19730809",",,X","19730816",",,X","-36.7",",X,08,","","","13",",,X,09,","1.3",",,X,09,","-8.3",",X,16,","8919.2","X","1272.6",",X","4.4",",,,X","44",",,,X","-22.72",",X","-18.56",",,,X","-26.88",",,,X","230",",X","32.9",",X"
"AYM00089664","1973-09","-77.8833","166.7333","24.1","MCMURDO SOUND NAF, AY","","","0.0","X","0.0",",X","12",",X","3",",X","0",",X","","","3",",X","27",",X","30",",X","30",",X","0",",X","0",",X","5","","","","19730916","+,,X","","","19730920",",,X","","","19730920",",,X","19730921","+,,X","-37.8",",X,16,+","","","97",",,X,20,","9.7",",,X,20,","-12.2",",X,21,+","10182.0","X","1262.8",",X","29.9",",,,X","299",",,,X","-23.76",",X","-19.93",",,,X","-27.59",",,,X","160",",X","29.8",",X"
"AYM00089664","1973-10","-77.8833","166.7333","24.1","MCMURDO SOUND NAF, AY","","","0.0","X","0.0",",X","16",",X","2",",X","0",",X","","","2",",X","22",",X","31",",X","31",",X","0",",X","0",",X","2","","","","19731004",",,X","","","19731005",",,X","","","19731005",",,X","19731031",",,X","-31.7",",X,04,","","","117",",,X,05,","11.7",",,X,05,","-3.9",",X,31,","11256.2","X","1074.2",",X","27.5",",,,X","275",",,,X","-16.32",",X","-12.22",",,,X","-20.41",",,,X","190",",X","35.0",",X"
"AYM00089664","1973-11","-77.8833","166.7333","24.1","MCMURDO SOUND NAF, AY","","","0.0","X","0.0",",X","6",",X","3",",X","0",",X","","","3",",X","1",",X","30",",X","30",",X","0",",X","0",",X","2","","","","19731103",",,X","","","19731115",",,X","","","19731115",",,X","19731124",",,X","-17.8",",X,03,","","","109",",,X,15,","10.9",",,X,15,","0.0",",X,24,","12057.0","X","800.8",",X","22.3",",,,X","223",",,,X","-8.36",",X","-5.02",",,,X","-11.71",",,,X","140",",X","29.3",",X"
"AYM00089664","1973-12","-77.8833","166.7333","24.1","MCMURDO SOUND NAF, AY","","","0.0","X","0.0",",X","5",",X","2",",X","0",",X","","","2",",X","0",",X","31",",X","24",",X","0",",X","0",",X","","","","","19731210",",,X","","","19731218",",,X","","","19731218",",,X","19731230",",,X","-13.9",",X,10,","","","107",",,X,18,","10.7",",,X,18,","6.1",",X,30,","12759.4","X","702.4",",X","16.6",",,,X","166",",,,X","-4.33",",X","-1.43",",,,X","-7.22",",,,X","140",",X","20.6",",X"
"AYM00089664","1974-01","-77.8833","166.7333","24.1","MCMURDO SOUND NAF, AY","","","0.0","X","0.0",",X","2",",X","1",",X","0",",X","","","1",",X","0",",X","30",",X","11",",X","0",",X","0",",X","3","","","","19740130",",,X","","","19740129",",,X","","","19740129",",,X","19740102",",,X","-15.0",",X,30,","","","36",",,X,29,","3.6",",,X,29,","8.3",",X,02,","623.2","X","623.2",",X","4.4",",,,X","44",",,,X","-1.77",",X","1.72",",,,X","-5.25",",,,X","100",",X","23.6",",X"
"AYM00089664","1974-02","-77.8833","166.7333","24.1","MCMURDO SOUND NAF, AY","","","0.0","X","0.0",",X","7",",X","0",",X","0",",X","","","0",",X","5",",X","28",",X","28",",X","0",",X","0",",X","","","","","19740228","+,,X","","","19740220",",,X","","","19740220",",,X","19740203","+,,X","-18.9",",X,28,+","","","18",",,X,20,","1.8",",,X,20,","-1.1",",X,03,+","1392.3","X","769.1",",X","6.0",",,,X","60",",,,X","-9.13",",X","-6.45",",,,X","-11.81",",,,X","170","1,X","22.6","1,X"
"AYM00089664","1974-03","-77.8833","166.7333","24.1","MCMURDO SOUND NAF, AY","","","0.0","X","0.0",",X","6",",X","3",",X","0",",X","","","3",",X","30",",X","31",",X","31",",X","0",",X","0",",X","13","","","","19740319","+,,X","","","19740306",",,X","","","19740306",",,X","19740309",",,X","-32.2",",X,19,+","","","64",",,X,06,","6.4",",,X,06,","-6.1",",X,09,","2587.7","X","1195.4",",X","17.0",",,,X","170",",,,X","-20.23",",X","-16.53",",,,X","-23.93",",,,X","170",",X","32.4",",X"
"AYM00089664","1974-04","-77.8833","166.7333","24.1","MCMURDO SOUND NAF, AY","","","0.0","X","0.0",",X","6",",X","2",",X","0",",X","","","2",",X","27",",X","30",",X","30",",X","0",",X","0",",X","11","","","","19740410","+,,X","","","19740429",",,X","","","19740429",",,X","19740417",",,X","-32.2",",X,10,+","","","30",",,X,29,","3.0",",,X,29,","-6.7",",X,17,","3762.1","X","1174.4",",X","11.9",",,,X","119",",,,X","-20.82",",X","-17.00",",,,X","-24.63",",,,X","180",",X","30.8",",X"
"AYM00089664","1974-05","-77.8833","166.7333","24.1","MCMURDO SOUND NAF, AY","","","0.0","X","0.0",",X","15",",X","7",",X","0",",X","","","7",",X","27",",X","31",",X","31",",X","0",",X","0",",X","2","","","","19740511",",,X","","","19740519",",,X","","","19740519",",,X","19740520",",,X","-38.3",",X,11,","","","61",",,X,19,","6.1",",,X,19,","-4.4",",X,20,","4972.6","X","1210.5",",X","40.1",",,,X","401",",,,X","-20.71",",X","-16.76",",,,X","-24.67",",,,X","180",",X","32.9",",X"
"AYM00089664","1974-06","-77.8833","166.7333","24.1","MCMURDO SOUND NAF, AY","","","0.0","X","0.0",",X","10",",X","4",",X","0",",X","","","4",",X","28",",X","30",",X","30",",X","0",",X","0",",X","4","","","","19740622",",,X","","","19740630",",,X","","","19740630",",,X","19740615",",,X","-35.6",",X,22,","","","53",",,X,30,","5.3",",,X,30,","-8.9",",X,15,","6163.0","X","1190.4",",X","25.4",",,,X","254",",,,X","-21.35",",X","-16.85",",,,X","-25.85",",,,X","190",",X","32.4",",X"
"AYM00089664","1974-07","-77.8833","166.7333","24.1","MCMURDO SOUND NAF, AY","","","0.0","X","0.0",",X","7",",X","3",",X","0",",X","","","3",",X","31",",X","31",",X","31",",X","0",",X","0",",X","4","","","","19740717",",,X","","","19740723",",,X","","","19740723",",,X","19740723",",,X","-41.1",",X,17,","","","74",",,X,23,","7.4",",,X,23,","-17.2",",X,23,","7624.5","X","1461.5",",X","19.5",",,,X","195",",,,X","-28.81",",X","-24.42",",,,X","-33.20",",,,X","230",",X","42.7",",X"
"AYM00089664","1974-08","-77.8833","166.7333","24.1","MCMURDO SOUND NAF, AY","","","0.0","X","0.0",",X","14",",X","1",",X","0",",X","","","1",",X","31",",X","31",",X","31",",X","0",",X","0",",X","8","","","","19740819",",,X","","","19740807",",,X","","","19740807",",,X","19740820","+,,X","-38.9",",X,19,","","","38",",,X,07,","3.8",",,X,07,","-11.1",",X,20,+","8916.5","X","1292.0",",X","18.0",",,,X","180",",,,X","-23.34",",X","-18.82",",,,X","-27.87",",,,X","200",",X","39.1",",X"
"AYM00089664","1974-09","-77.8833","166.7333","24.1","MCMURDO SOUND NAF, AY","","","0.0","X","0.0",",X","3",",X","0",",X","0",",X","","","0",",X","30",",X","30",",X","30",",X","0",",X","0",",X","18","","","","19740920",",,X","","","19740923",",,X","","","19740923",",,X","19740929",",,X","-41.1",",X,20,","","","23",",,X,23,","2.3",",,X,23,","-14.4",",X,29,","10375.2","X","1458.7",",X","4.1",",,,X","41",",,,X","-30.29",",X","-26.15",",,,X","-34.43",",,,X","190",",X","24.7",",X"
"AYM00089664","1974-10","-77.8833","166.7333","24.1","MCMURDO SOUND NAF, AY","","","0.0","X","0.0",",X","10",",X","2",",X","0",",X","","","2",",X","22",",X","31",",X","31",",X","0",",X","0",",X","4","","","","19741001",",,X","","","19741005",",,X","","","19741005",",,X","19741027",",,X","-34.4",",X,01,","","","89",",,X,05,","8.9",",,X,05,","-6.1",",X,27,","11492.9","X","1117.7",",X","17.4",",,,X","174",",,,X","-17.72",",X","-13.48",",,,X","-21.96",",,,X","180",",X","26.7",",X"
"AYM00089664","1974-11","-77.8833","166.7333","24.1","MCMURDO SOUND NAF, AY","","","0.0","X","0.0",",X","6",",X","3",",X","0",",X","","","3",",X","2",",X","30",",X","30",",X","0",",X","0",",X","","","","","19741101",",,X","","","19741130",",,X","","","19741130",",,X","19741128",",,X","-25.0",",X,01,","","","86",",,X,30,","8.6",",,X,30,","0.0",",X,28,","12300.8","X","807.9",",X","24.3",",,,X","243",",,,X","-8.60",",X","-4.97",",,,X","-12.23",",,,X","80",",X","20.0",",X"
"AYM00089664","1974-12","-77.8833","166.7333","24.1","MCMURDO SOUND NAF, AY","","","0.0","X","0.0",",X","3",",X","1",",X","0",",X","","","1",",X","0",",X","31",",X","16",",X","0",",X","0",",X","2","","","","19741211","+,,X","","","19741225",",,X","","","19741225",",,X","19741229","+,,X","-8.9",",X,11,+","","","130",",,X,25,","13.0",",,X,25,","4.4",",X,29,+","12943.8","X","643.0",",X","14.6",",,,X","146",",,,X","-2.41",",X","0.56",",,,X","-5.38",",,,X","170",",X","23.6",",X"
"AYM00089664","1975-01","-77.8833","166.7333","24.1","MCMURDO SOUND NAF, AY","","","0.0","X","0.0",",X","9",",X","0",",X","0",",X","","","0",",X","0",",X","31",",X","15",",X","0",",X","0",",X","1","","","","19750128",",,X","","","19750123",",,X","","","19750123",",,X","19750114",",,X","-13.9",",X,28,","","","20",",,X,23,","2.0",",,X,23,","5.0",",X,14,","656.7","X","656.7",",X","8.6",",,,X","86",",,,X","-2.85",",X","0.01",",,,X","-5.71",",,,X","100",",X","18.5",",X"
"AYM00089664","1975-02","-77.8833","166.7333","24.1","MCMURDO SOUND NAF, AY","","","0.0","X","0.0",",X","5",",X","4",",X","0",",X","","","4",",X","2",",X","28",",X","26",",X","0",",X","0",",X","","","","","19750227",",,X","","","19750218",",,X","","","19750218",",,X","19750209",",,X","-18.3",",X,27,","","","94",",,X,18,","9.4",",,X,18,","1.1",",X,09,","1398.0","X","741.3",",X","23.6",",,,X","236",",,,X","-8.14",",X","-5.44",",,,X","-10.84",",,,X","20",",X","19.5",",X"
"AYM00089664","1975-03","-77.8833","166.7333","24.1","MCMURDO SOUND NAF, AY","","","0.0","X","0.0",",X","1",",X","1",",X","0",",X","","","1",",X","22",",X","31",",X","31",",X","0",",X","0",",X","3","","","","19750318",",,X","","","19750303",",,X","","","19750303",",,X","19750326",",,X","-31.1",",X,18,","","","48",",,X,03,","4.8",",,X,03,","-3.9",",X,26,","2488.9","X","1090.9",",X","4.8",",,,X","48",",,,X","-16.86",",X","-13.16",",,,X","-20.56",",,,X","150",",X","25.2",",X"
"AYM00089664","1975-04","-77.8833","166.7333","24.1","MCMURDO SOUND NAF, AY","","","0.0","X","0.0",",X","2",",X","2",",X","0",",X","","","2",",X","28",",X","30",",X","30",",X","0",",X","0",",X","1","","","","19750413",",,X","","","19750418",",,X","","","19750418",",,X","19750424",",,X","-33.3",",X,13,","","","38",",,X,18,","3.8",",,X,18,","-6.7",",X,24,","3691.5","X","1202.6",",X","6.3",",,,X","63",",,,X","-21.76",",X","-18.20",",,,X","-25.31",",,,X","180",",X","30.8",",X"
"AYM00089664","1975-06","-77.8833","166.7333","24.1","MCMURDO SOUND NAF, AY","","","","","0.0","1,X","8",",X","3",",X","0",",X","","","3",",X","28","1,X","29","1,X","29","1,X","0","1,X","0","1,X","1","","","","19750606",",1,X","","","19750613",",,X","","","19750613",",,X","19750628",",1,X","-33.3","1,X,06,","","","94",",,X,13,","9.4",",,X,13,","-9.4","1,X,28,","","","1198.5","1,X","26.0",",,,X","260",",,,X","-22.99","1,X","-19.68","1,,,X","-26.31","1,,,X","200",",X","32.4",",X"
"AYM00089664","1975-07","-77.8833","166.7333","24.1","MCMURDO SOUND NAF, AY","","","0.0","X","0.0",",X","5",",X","0",",X","0",",X","","","0",",X","28",",X","31",",X","31",",X","0",",X","0",",X","","","","","19750731",",,X","","","19750709",",,X","","","19750709",",,X","19750714",",,X","-44.4",",X,31,","","","15",",,X,09,","1.5",",,X,09,","-9.4",",X,14,","","","1349.3",",X","4.1",",,,X","41",",,,X","-25.19",",X","-20.91",",,,X","-29.48",",,,X","210",",X","37.0",",X"
"AYM00089664","1975-08","-77.8833","166.7333","24.1","MCMURDO SOUND NAF, AY","","","0.0","X","0.0",",X","9",",X","3",",X","0",",X","","","4",",X","31",",X","31",",X","31",",X","0",",X","0",",X","","","","","19750803",",,X","","","19750831","+,,X","","","19750820","+,,X","19750829",",,X","-49.4",",X,03,","","","30",",,X,31,+","3.0",",,X,20,+","-15.0",",X,29,","","","1530.5",",X","17.1",",,,X","196",",,,X","-31.04",",X","-26.48",",,,X","-35.59",",,,X","170",",X","36.0",",X"
"AYM00089664","1975-09","-77.8833","166.7333","24.1","MCMURDO SOUND NAF, AY","","","0.0","X","0.0",",X","8",",X","1",",X","0",",X","","","1",",X","30",",X","30",",X","30",",X","0",",X","0",",X","2","","","","19750903",",,X","","","19750917",",,X","","","19750917",",,X","19750918",",,X","-40.0",",X,03,","","","38",",,X,17,","3.8",",,X,17,","-12.2",",X,18,","","","1313.7",",X","11.9",",,,X","119",",,,X","-25.46",",X","-21.14",",,,X","-29.77",",,,X","200",",X","37.0",",X"
"AYM00089664","1975-10","-77.8833","166.7333","24.1","MCMURDO SOUND NAF, AY","","","0.0","X","0.0",",X","8",",X","3",",X","0",",X","","","3",",X","31",",X","31",",X","31",",X","0",",X","0",",X","1","","","","19751007",",,X","","","19751006",",,X","","","19751006",",,X","19751031","+,,X","-37.8",",X,07,","","","38",",,X,06,","3.8",",,X,06,","-10.6",",X,31,+","","","1268.0",",X","13.5",",,,X","135",",,,X","-22.57",",X","-18.32",",,,X","-26.82",",,,X","","","",""
"AYM00089664","1975-11","-77.8833","166.7333","24.1","MCMURDO SOUND NAF, AY","","","0.0","X","0.0",",X","2",",X","0",",X","0",",X","","","0",",X","8",",X","30",",X","30",",X","0",",X","0",",X","","","","","19751106",",,X","","","19751111",",,X","","","19751111",",,X","19751129",",,X","-26.1",",X,06,","","","8",",,X,11,","1.0",",,X,11,","-0.6",",X,29,","","","888.2",",X","1.3",",,,X","11",",,,X","-11.28",",X","-7.97",",,,X","-14.58",",,,X","150",",X","25.2",",X"
"AYM00089664","1975-12","-77.8833","166.7333","24.1","MCMURDO SOUND NAF, AY","","","0.0","X","0.0",",X","9",",X","1",",X","0",",X","","","1",",X","0",",X","31",",X","25",",X","0",",X","0",",X","2","","","","19751203",",,X","","","19751221",",,X","","","19751221",",,X","19751230",",,X","-11.7",",X,03,","","","64",",,X,21,","6.4",",,X,21,","5.6",",X,30,","","","726.5",",X","10.7",",,,X","107",",,,X","-5.10",",X","-2.65",",,,X","-7.56",",,,X","80",",X","20.0",",X"
"AYM00089664","1976-01","-77.8833","166.7333","24.1","MCMURDO SOUND NAF, AY","","","0.0","X","0.0",",X","3",",X","0",",X","0",",X","","","0",",X","0",",X","31",",X","16",",X","0",",X","0",",X","4","","","","19760124",",,X","","","19760106",",,X","","","19760106",",,X","19760110",",,X","-12.2",",X,24,","","","8",",,X,06,","0.8",",,X,06,","5.0",",X,10,","648.2","X","648.2",",X","1.6",",,,X","16",",,,X","-2.58",",X","0.15",",,,X","-5.30",",,,X","70",",X","21.1",",X"
"AYM00089664","1976-02","-77.8833","166.7333","24.1","MCMURDO SOUND NAF, AY","","","0.0","X","0.0",",X","2",",X","0",",X","0",",X","","","1",",X","4",",X","29",",X","26",",X","0",",X","0",",X","1","","","","19760229",",,X","","","19760222",",,X","","","19760222",",,X","19760215","+,,X","-23.9",",X,29,","","","127",",,X,22,","2.0",",,X,22,","1.1",",X,15,+","1412.8","X","764.6",",X","2.3",",,,X","130",",,,X","-8.03",",X","-5.06",",,,X","-11.01",",,,X","70",",X","17.0",",X"
"AYM00089664","1976-03","-77.8833","166.7333","24.1","MCMURDO SOUND NAF, AY","","","0.0","X","0.0",",X","3",",X","1",",X","0",",X","","","2",",X","24",",X","31",",X","31",",X","0",",X","0",",X","2","","","","19760331",",,X","","","19760318","+,,X","","","19760318",",,X","19760315",",,X","-26.7",",X,31,","","","51",",,X,18,+","5.1",",,X,18,","-4.4",",X,15,","2505.0","X","1092.2",",X","6.9",",,,X","115",",,,X","-16.90",",X","-13.30",",,,X","-20.50",",,,X","180","1,X","25.7","1,X"
"AYM00089664","1976-04","-77.8833","166.7333","24.1","MCMURDO SOUND NAF, AY","","","0.0","X","0.0",",X","3",",X","1",",X","0",",X","","","3",",X","29",",X","30",",X","30",",X","0",",X","0",",X","4","","","","19760405",",,X","","","19760418","+,,X","","","19760417",",,X","19760418",",,X","-35.6",",X,05,","","","51",",,X,18,+","5.1",",,X,17,","-12.2",",X,18,","3777.9","X","1272.9",",X","5.9",",,,X","127",",,,X","-24.10",",X","-20.00",",,,X","-28.19",",,,X","180",",X","25.7",",X"
"AYM00089664","1976-05","-77.8833","166.7333","24.1","MCMURDO SOUND NAF, AY","","","0.0","X","0.0",",X","4",",X","3",",X","0",",X","","","3",",X","31",",X","31",",X","31",",X","0",",X","0",",X","1","","","","19760531",",,X","","","19760513",",,X","","","19760513",",,X","19760508",",,X","-43.3",",X,31,","","","81",",,X,13,","8.1",",,X,13,","-14.4",",X,08,","5177.4","X","1399.5",",X","17.0",",,,X","170",",,,X","-26.81",",X","-22.65",",,,X","-30.97",",,,X","90",",X","27.8",",X"
"AYM00089664","1976-06","-77.8833","166.7333","24.1","MCMURDO SOUND NAF, AY","","","0.0","X","0.0",",X","1",",X","0",",X","0",",X","","","0",",X","30",",X","30",",X","30",",X","0",",X","0",",X","1","","","","19760603","+,,X","","","19760626",",,X","","","19760626",",,X","19760627",",,X","-41.1",",X,03,+","","","13",",,X,26,","1.3",",,X,26,","-15.6",",X,27,","6561.0","X","1383.6",",X","1.3",",,,X","16",",,,X","-27.79",",X","-23.37",",,,X","-32.21",",,,X","180",",X","32.4",",X"
"AYM00089664","1976-07","-77.8833","166.7333","24.1","MCMURDO SOUND NAF, AY","","","0.0","X","0.0",",X","14",",X","8",",X","0",",X","","","8",",X","30",",X","31",",X","31",",X","0",",X","0",",X","","","","","19760713",",,X","","","19760719",",,X","","","19760719",",,X","19760731",",,X","-38.3",",X,13,","","","178",",,X,19,","17.8",",,X,19,","-8.3",",X,31,","7801.5","X","1240.5",",X","68.3",",,,X","683",",,,X","-21.68",",X","-17.72",",,,X","-25.65",",,,X","150",",X","33.4",",X"
"AYM00089664","1976-08","-77.8833","166.7333","24.1","MCMURDO SOUND NAF, AY","","","0.0","X","0.0",",X","4",",X","1",",X","0",",X","","","1",",X","31",",X","31",",X","31",",X","0",",X","0",",X","1","","","","19760814",",,X","","","19760828",",,X","","","19760828",",,X","19760801",",,X","-38.3",",X,14,","","","41",",,X,28,","4.1",",,X,28,","-9.4",",X,01,","9216.8","X","1415.3",",X","7.9",",,,X","79",",,,X","-27.32",",X","-22.40",",,,X","-32.25",",,,X","250",",X","27.2",",X"
"AYM00089664","1976-09","-77.8833","166.7333","24.1","MCMURDO SOUND NAF, AY","","","0.0","X","0.0",",X","3",",X","0",",X","0",",X","","","0",",X","30",",X","30",",X","30",",X","0",",X","0",",X","","","","","19760930",",,X","","","19760906","+,,X","","","19760906","+,,X","19760914","+,,X","-37.8",",X,30,","","","8",",,X,06,+","0.8",",,X,06,+","-12.2",",X,14,+","10536.6","X","1319.8",",X","1.9",",,,X","19",",,,X","-25.66",",X","-21.06",",,,X","-30.26",",,,X","200","1,X","33.4","1,X"
"AYM00089664","1976-10","-77.8833","166.7333","24.1","MCMURDO SOUND NAF, AY","","","0.0","X","0.0",",X","0",",X","0",",X","0",",X","","","0",",X","31",",X","31",",X","31",",X","0",",X","0",",X","3","","","","19761014",",,X","","","19761031","+,,X","","","19761031","+,,X","19761029","+,,X","-40.0",",X,14,","","","0",",T,X,31,+","0.0",",T,X,31,+","-11.7",",X,29,+","11921.2","X","1384.6",",X","0.0",",T,,X","0",",T,,X","-26.33",",X","-22.20",",,,X","-30.46",",,,X","70","1,X","23.1","1,X"
"AYM00089664","1976-11","-77.8833","166.7333","24.1","MCMURDO SOUND NAF, AY","","","0.0","X","0.0",",X","8",",X","3",",X","1",",X","","","6",",X","11",",X","30",",X","30",",X","0",",X","0",",X","","","","","19761101",",,X","","","19761106",",,X","","","19761105",",,X","19761110","+,,X","-22.2",",X,01,","","","152",",,X,06,","27.9",",,X,05,","-1.1",",X,10,+","12823.7","X","902.5",",X","42.6",",,,X","522",",,,X","-11.75",",X","-7.98",",,,X","-15.52",",,,X","180","1,X","39.6","1,X"
"AYM00089664","1976-12","-77.8833","166.7333","24.1","MCMURDO SOUND NAF, AY","","","0.0","X","0.0",",X","0",",X","0",",X","0",",X","","","0",",X","0",",X","31",",X","20",",X","0",",X","0",",X","3","","","","19761219","+,,X","","","19761225","+,,X","","","19761225","+,,X","19761231",",,X","-11.7",",X,19,+","","","0",",T,X,25,+","0.0",",T,X,25,+","5.0",",X,31,","13495.9","X","672.2",",X","0.0",",T,,X","0",",T,,X","-3.35",",X","-0.37",",,,X","-6.33",",,,X","190",",X","23.1",",X"
"AYM00089664","1977-01","-77.8833","166.7333","24.1","MCMURDO SOUND NAF, AY","","","0.0","X","0.0",",X","4",",X","3",",X","0",",X","","","3",",X","0",",X","30",",X","11",",X","0",",X","0",",X","3","","","","19770127",",,X","","","19770108",",,X","","","19770107",",,X","19770122","+,,X","-8.9",",X,27,","","","178",",,X,08,","8.4",",,X,07,","4.4",",X,22,+","610.3","X","610.3",",X","20.2",",,,X","344",",,,X","-1.35",",X","1.09",",,,X","-3.80",",,,X","180","1,X","26.2","1,X"
"AYM00089664","1977-02","-77.8833","166.7333","24.1","MCMURDO SOUND NAF, AY","","","0.0","X","0.0",",X","12",",X","6",",X","0",",X","","","5",",X","7",",X","28",",X","28",",X","0",",X","0",",X","2","","","","19770228",",,X","","","19770204",",,X","","","19770219",",,X","19770201",",,X","-22.8",",X,28,","","","51",",,X,04,","6.4",",,X,19,","0.0",",X,01,","1448.0","X","837.7",",X","31.8",",,,X","280",",,,X","-11.59",",X","-8.76",",,,X","-14.41",",,,X","100",",X","21.1",",X"
"AYM00089664","1977-03","-77.8833","166.7333","24.1","MCMURDO SOUND NAF, AY","","","0.0","X","0.0",",X","5",",X","2",",X","0",",X","","","2",",X","30",",X","31",",X","31",",X","0",",X","0",",X","","","","","19770326","+,,X","","","19770313",",,X","","","19770313",",,X","19770330",",,X","-33.9",",X,26,+","","","33",",,X,13,","3.3",",,X,13,","-4.4",",X,30,","2624.6","X","1176.6",",X","11.9",",,,X","119",",,,X","-19.62",",X","-15.24",",,,X","-24.00",",,,X","150",",X","30.3",",X"
"AYM00089664","1977-04","-77.8833","166.7333","24.1","MCMURDO SOUND NAF, AY","","","0.0","X","0.0",",X","14",",X","4",",X","0",",X","","","4",",X","27",",X","30",",X","30",",X","0",",X","0",",X","","","","","19770430",",,X","","","19770423",",,X","","","19770423",",,X","19770403",",,X","-35.0",",X,30,","","","58",",,X,23,","5.8",",,X,23,","-8.9",",X,03,","3838.5","X","1213.9",",X","29.7",",,,X","297",",,,X","-22.13",",X","-18.17",",,,X","-26.10",",,,X","180",",X","21.6",",X"
"AYM00089664","1977-05","-77.8833","166.7333","24.1","MCMURDO SOUND NAF, AY","","","0.0","X","0.0",",X","11",",X","3",",X","0",",X","","","3",",X","29",",X","31",",X","31",",X","0",",X","0",",X","","","","","19770511","+,,X","","","19770529",",,X","","","19770529",",,X","19770527",",,X","-37.8",",X,11,+","","","53",",,X,29,","5.3",",,X,29,","-5.0",",X,27,","5094.5","X","1256.0",",X","21.2",",,,X","212",",,,X","-22.18",",X","-17.25",",,,X","-27.12",",,,X","140",",X","31.4",",X"
"AYM00089664","1977-06","-77.8833","166.7333","24.1","MCMURDO SOUND NAF, AY","","","0.0","X","0.0",",X","9",",X","4",",X","0",",X","","","4",",X","29",",X","30",",X","30",",X","0",",X","0",",X","","","","","19770623",",,X","","","19770611",",,X","","","19770611",",,X","19770612","+,,X","-37.2",",X,23,","","","135",",,X,11,","13.5",",,X,11,","-10.0",",X,12,+","6366.7","X","1272.2",",X","26.4",",,,X","264",",,,X","-24.07",",X","-19.80",",,,X","-28.35",",,,X","120",",X","26.7",",X"
"AYM00089664","1977-07","-77.8833","166.7333","24.1","MCMURDO SOUND NAF, AY","","","0.0","X","0.0",",X","15",",X","3",",X","0",",X","","","3",",X","30",",X","31",",X","31",",X","0",",X","0",",X","","","","","19770720","+,,X","","","19770708",",,X","","","19770708",",,X","19770727",",,X","-37.8",",X,20,+","","","178",",,X,08,","17.8",",,X,08,","-6.7",",X,27,","7657.6","X","1290.9",",X","45.5",",,,X","455",",,,X","-23.31",",X","-18.58",",,,X","-28.03",",,,X","180",",X","40.6",",X"
"AYM00089664","1977-08","-77.8833","166.7333","24.1","MCMURDO SOUND NAF, AY","","","0.0","X","0.0",",X","13",",X","3",",X","0",",X","","","3",",X","30",",X","31",",X","31",",X","0",",X","0",",X","2","","","","19770826",",,X","","","19770819",",,X","","","19770819",",,X","19770809",",,X","-40.0",",X,26,","","","97",",,X,19,","9.7",",,X,19,","-7.8",",X,09,","8964.8","X","1307.2",",X","26.0",",,,X","260",",,,X","-23.84",",X","-19.23",",,,X","-28.44",",,,X","180",",X","33.9",",X"
"AYM00089664","1977-09","-77.8833","166.7333","24.1","MCMURDO SOUND NAF, AY","","","0.0","X","0.0",",X","7",",X","1",",X","0",",X","","","1",",X","30",",X","30",",X","30",",X","0",",X","0",",X","10","","","","19770921",",,X","","","19770917",",,X","","","19770917",",,X","19770917",",,X","-39.4",",X,21,","","","46",",,X,17,","4.6",",,X,17,","-20.0",",X,17,","10437.8","X","1473.0",",X","8.0",",,,X","80",",,,X","-30.77",",X","-26.75",",,,X","-34.78",",,,X","180",",X","37.0",",X"
"AYM00089664","1977-10","-77.8833","166.7333","24.1","MCMURDO SOUND NAF, AY","","","0.0","X","0.0",",X","3",",X","2",",X","0",",X","","","3",",X","25",",X","31",",X","29",",X","0",",X","0",",X","6","","","","19771001",",,X","","","19771027",",,X","","","19771027",",,X","19771030","+,,X","-36.7",",X,01,","","","173",",,X,27,","14.2",",,X,27,","0.6",",X,30,+","11640.2","X","1202.4",",X","18.3",",,,X","257",",,,X","-20.45",",X","-16.22",",,,X","-24.69",",,,X","180",",X","43.7",",X"
"AYM00089664","1977-11","-77.8833","166.7333","24.1","MCMURDO SOUND NAF, AY","","","0.0","X","0.0",",X","4",",X","2",",X","0",",X","","","2",",X","6",",X","30",",X","30",",X","0",",X","0",",X","2","","","","19771106",",,X","","","19771123",",,X","","","19771123",",,X","19771129",",,X","-21.1",",X,06,","","","89",",,X,23,","7.6",",,X,23,","-3.3",",X,29,","12549.9","X","909.7",",X","11.6",",,,X","142",",,,X","-11.99",",X","-8.73",",,,X","-15.25",",,,X","150",",X","21.6",",X"
"AYM00089664","1977-12","-77.8833","166.7333","24.1","MCMURDO SOUND NAF, AY","","","0.0","X","0.0",",X","4",",X","2",",X","0",",X","","","2",",X","0",",X","31",",X","29",",X","0",",X","0",",X","3","","","","19771218","+,,X","","","19771206",",,X","","","19771206",",,X","19771216",",,X","-12.2",",X,18,+","","","127",",,X,06,","11.2",",,X,06,","1.1",",X,16,","13288.1","X","738.2",",X","21.6",",,,X","279",",,,X","-5.48",",X","-2.90",",,,X","-8.06",",,,X","130","2,X","25.2","2,X"
"AYM00089664","1978-01","-77.8833","166.7333","24.1","MCMURDO SOUND NAF, AY","","","0.0","X","0.0",",X","1",",X","1",",X","0",",X","","","1",",X","0",",X","31",",X","29",",X","0",",X","0",",X","3","","","","19780115",",,X","","","19780112",",,X","","","19780112",",,X","19780104",",,X","-15.0",",X,15,","","","51",",,X,12,","4.3",",,X,12,","1.7",",X,04,","761.5","X","761.5",",X","4.3",",,,X","51",",,,X","-6.23",",X","-3.36",",,,X","-9.10",",,,X","90",",X","21.1",",X"
"AYM00089664","1978-03","-77.8833","166.7333","24.1","MCMURDO SOUND NAF, AY","","","","","0.0",",X","0",",X","0",",X","0",",X","","","0",",X","17",",X","31",",X","31",",X","0",",X","0",",X","","","","","19780331","+,,X","","","19780329","+,,X","","","19780329","+,,X","19780318",",,X","-31.1",",X,31,+","","","0",",T,X,29,+","0.0",",T,X,29,+","-3.3",",X,18,","","","1055.0",",X","0.0",",T,,X","0",",T,,X","-15.70",",X","-12.83",",,,X","-18.57",",,,X","150",",X","29.8",",X"
"AYM00089664","1978-04","-77.8833","166.7333","24.1","MCMURDO SOUND NAF, AY","","","","","0.0",",X","0",",X","0",",X","0",",X","","","0",",X","26",",X","30",",X","30",",X","0",",X","0",",X","1","","","","19780430",",,X","","","19780429","+,,X","","","19780429","+,,X","19780419","+,,X","-36.1",",X,30,","","","0",",T,X,29,+","0.0",",T,X,29,+","-7.2",",X,19,+","","","1180.2",",X","0.0",",T,,X","0",",T,,X","-21.01",",X","-16.64",",,,X","-25.37",",,,X","130",",X","30.3",",X"
"AYM00089664","1978-05","-77.8833","166.7333","24.1","MCMURDO SOUND NAF, AY","","","","","0.0",",X","7",",X","3",",X","0",",X","","","3",",X","30",",X","31",",X","31",",X","0",",X","0",",X","3","","","","19780504","+,,X","","","19780530",",,X","","","19780530",",,X","19780522",",,X","-37.2",",X,04,+","","","86",",,X,30,","8.6",",,X,30,","-6.1",",X,22,","","","1292.5",",X","22.9",",,,X","229",",,,X","-23.36",",X","-18.21",",,,X","-28.51",",,,X","170",",X","33.9",",X"
"AYM00089664","1978-06","-77.8833","166.7333","24.1","MCMURDO SOUND NAF, AY","","","","","0.0",",X","12",",X","3",",X","0",",X","","","4",",X","30",",X","30",",X","30",",X","0",",X","0",",X","","","","","19780605",",,X","","","19780624",",,X","","","19780624",",,X","19780606",",,X","-32.8",",X,05,","","","122",",,X,24,","12.2",",,X,24,","-8.9",",X,06,","","","1256.1",",X","35.0",",,,X","372",",,,X","-23.54",",X","-19.56",",,,X","-27.52",",,,X","180",",X","47.3",",X"
"AYM00089664","1978-07","-77.8833","166.7333","24.1","MCMURDO SOUND NAF, AY","","","0.0","X","0.0",",X","7",",X","0",",X","0",",X","","","0",",X","31",",X","31",",X","31",",X","0",",X","0",",X","6","","","","19780717","+,,X","","","19780730",",,X","","","19780730",",,X","19780724",",,X","-40.0",",X,17,+","","","23",",,X,30,","2.3",",,X,30,","-9.4",",X,24,","","","1421.3",",X","9.0",",,,X","90",",,,X","-27.52",",X","-22.56",",,,X","-32.47",",,,X","50",",X","26.7",",X"
"AYM00089664","1978-08","-77.8833","166.7333","24.1","MCMURDO SOUND NAF, AY","","","0.0","X","0.0",",X","1",",X","0",",X","0",",X","","","0",",X","31",",X","31",",X","31",",X","0",",X","0",",X","23","","","","19780805","+,,X","","","19780815",",,X","","","19780815",",,X","19780810",",,X","-47.8",",X,05,+","","","3",",,X,15,","0.3",",,X,15,","-23.3",",X,10,","","","1688.7",",X","0.3",",,,X","3",",,,X","-36.14",",X","-31.35",",,,X","-40.93",",,,X","50",",X","25.2",",X"
"AYM00089664","1978-09","-77.8833","166.7333","24.1","MCMURDO SOUND NAF, AY","","","0.0","X","0.0",",X","9",",X","1",",X","0",",X","","","1",",X","30",",X","30",",X","30",",X","0",",X","0",",X","3","","","","19780919","+,,X","","","19780928",",,X","","","19780928",",,X","19780914","+,,X","-40.0",",X,19,+","","","53",",,X,28,","5.3",",,X,28,","-13.3",",X,14,+","","","1290.2",",X","14.1",",,,X","141",",,,X","-24.68",",X","-19.96",",,,X","-29.39",",,,X","140",",X","35.0",",X"
"AYM00089664","1978-10","-77.8833","166.7333","24.1","MCMURDO SOUND NAF, AY","","","0.0","X","0.0",",X","7",",X","1",",X","0",",X","","","1",",X","27",",X","31",",X","31",",X","0",",X","0",",X","2","","","","19781011",",,X","","","19781002",",,X","","","19781002",",,X","19781031",",,X","-35.0",",X,11,","","","28",",,X,02,","2.8",",,X,02,","-5.6",",X,31,","","","1204.5",",X","6.4",",,,X","64",",,,X","-20.52",",X","-16.58",",,,X","-24.46",",,,X","200",",X","32.9",",X"
"AYM00089664","1978-11","-77.8833","166.7333","24.1","MCMURDO SOUND NAF, AY","","","0.0","X","0.0",",X","5",",X","2",",X","0",",X","","","2",",X","2",",X","30",",X","30",",X","0",",X","0",",X","","","","","19781106",",,X","","","19781109",",,X","","","19781109",",,X","19781115",",,X","-18.9",",X,06,","","","38",",,X,09,","3.8",",,X,09,","0.0",",X,15,","","","871.3",",X","8.4",",,,X","84",",,,X","-10.71",",X","-7.47",",,,X","-13.95",",,,X","140",",X","19.5",",X"
"AYM00089664","1978-12","-77.8833","166.7333","24.1","MCMURDO SOUND NAF, AY","","","0.0","X","0.0",",X","4",",X","1",",X","0",",X","","","1",",X","0",",X","30",",X","24",",X","0",",X","0",",X","2","","","","19781205",",,X","","","19781203",",,X","","","19781203",",,X","19781229",",,X","-14.4",",X,05,","","","33",",,X,03,","3.3",",,X,03,","9.4",",X,29,","","","718.0",",X","4.9",",,,X","49",",,,X","-4.83",",X","-2.02",",,,X","-7.64",",,,X","160",",X","29.8",",X"
"AYM00089664","1979-01","-77.8833","166.7333","24.1","MCMURDO SOUND NAF, AY","","","0.0","X","0.0",",X","3",",X","1",",X","0",",X","","","1",",X","0",",X","31",",X","22",",X","0",",X","0",",X","6","","","","19790127",",,X","","","19790126",",,X","","","19790126",",,X","19790108",",,X","-11.1",",X,27,","","","38",",,X,26,","3.8",",,X,26,","4.4",",X,08,","684.4","X","684.4",",X","6.6",",,,X","66",",,,X","-3.74",",X","-0.63",",,,X","-6.86",",,,X","140",",X","21.6",",X"
"AYM00089664","1979-02","-77.8833","166.7333","24.1","MCMURDO SOUND NAF, AY","","","0.0","X","0.0",",X","1",",X","0",",X","0",",X","","","0",",X","0",",X","28",",X","28",",X","0",",X","0",",X","","","","","19790225","+,,X","","","19790227",",,X","","","19790227",",,X","19790216",",,X","-17.2",",X,25,+","","","5",",,X,27,","0.5",",,X,27,","-1.7",",X,16,","1446.7","X","762.3",",X","0.5",",,,X","5",",,,X","-8.89",",X","-6.57",",,,X","-11.22",",,,X","260",",X","33.9",",X"
"AYM00089664","1979-03","-77.8833","166.7333","24.1","MCMURDO SOUND NAF, AY","","","0.0","X","0.0",",X","5",",X","1",",X","0",",X","","","1",",X","22",",X","31",",X","31",",X","0",",X","0",",X","5","","","","19790327",",,X","","","19790313",",,X","","","19790313",",,X","19790303",",,X","-35.0",",X,27,","","","51",",,X,13,","5.1",",,X,13,","-4.4",",X,03,","2592.4","X","1145.7",",X","9.3",",,,X","93",",,,X","-18.63",",X","-15.07",",,,X","-22.18",",,,X","180",",X","25.2",",X"
"AYM00089664","1979-04","-77.8833","166.7333","24.1","MCMURDO SOUND NAF, AY","","","0.0","X","0.0",",X","1",",X","0",",X","0",",X","","","0",",X","27",",X","30",",X","30",",X","0",",X","0",",X","","","","","19790421","+,,X","","","19790403",",,X","","","19790403",",,X","19790401",",,X","-30.6",",X,21,+","","","3",",,X,03,","0.3",",,X,03,","-7.2",",X,01,","3711.1","X","1118.7",",X","0.3",",,,X","3",",,,X","-18.96",",X","-14.31",",,,X","-23.61",",,,X","150",",X","26.7",",X"
"AYM00089664","1979-05","-77.8833","166.7333","24.1","MCMURDO SOUND NAF, AY","","","0.0","X","0.0",",X","5",",X","0",",X","0",",X","","","0",",X","31",",X","31",",X","31",",X","0",",X","0",",X","4","","","","19790523","+,,X","","","19790505",",,X","","","19790505",",,X","19790501",",,X","-35.6",",X,23,+","","","15",",,X,05,","1.5",",,X,05,","-13.9",",X,01,","5077.9","X","1366.8",",X","3.9",",,,X","39",",,,X","-25.76",",X","-22.04",",,,X","-29.47",",,,X","160",",X","31.9",",X"
"AYM00089664","1979-06","-77.8833","166.7333","24.1","MCMURDO SOUND NAF, AY","","","0.0","X","0.0",",X","13",",X","3",",X","0",",X","","","3",",X","28",",X","30",",X","30",",X","0",",X","0",",X","1","","","","19790618","+,,X","","","19790626",",,X","","","19790626",",,X","19790625",",,X","-33.9",",X,18,+","","","43",",,X,26,","4.3",",,X,26,","-8.9",",X,25,","6280.3","X","1202.4",",X","24.9",",,,X","249",",,,X","-21.75",",X","-17.64",",,,X","-25.85",",,,X","160",",X","32.9",",X"
"AYM00089664","1979-07","-77.8833","166.7333","24.1","MCMURDO SOUND NAF, AY","","","0.0","X","0.0",",X","8",",X","1",",X","0",",X","","","1",",X","31",",X","31",",X","31",",X","0",",X","0",",X","11","","","","19790711",",,X","","","19790702",",,X","","","19790702",",,X","19790703",",,X","-42.8",",X,11,","","","33",",,X,02,","3.3",",,X,02,","-13.3",",X,03,","7790.6","X","1510.3",",X","9.8",",,,X","98",",,,X","-30.39",",X","-26.27",",,,X","-34.50",",,,X","160",",X","27.2",",X"
"AYM00089664","1979-08","-77.8833","166.7333","24.1","MCMURDO SOUND NAF, AY","","","0.0","X","0.0",",X","4",",X","0",",X","0",",X","","","0",",X","31",",X","31",",X","31",",X","0",",X","0",",X","2","","","","19790801",",,X","","","19790829",",,X","","","19790829",",,X","19790810",",,X","-43.9",",X,01,","","","18",",,X,29,","1.8",",,X,29,","-12.2",",X,10,","9319.5","X","1528.9",",X","3.4",",,,X","34",",,,X","-30.99",",X","-26.07",",,,X","-35.90",",,,X","160",",X","28.8",",X"
"AYM00089664","1979-09","-77.8833","166.7333","24.1","MCMURDO SOUND NAF, AY","","","0.0","X","0.0",",X","7",",X","2",",X","0",",X","","","2",",X","30",",X","30",",X","30",",X","0",",X","0",",X","8","","","","19790915",",,X","","","19790909",",,X","","","19790909",",,X","19790905",",,X","-37.2",",X,15,","","","94",",,X,09,","9.4",",,X,09,","-11.1",",X,05,","10604.6","X","1285.1",",X","17.1",",,,X","171",",,,X","-24.51",",X","-19.65",",,,X","-29.36",",,,X","160",",X","24.7",",X"
"AYM00089664","1979-10","-77.8833","166.7333","24.1","MCMURDO SOUND NAF, AY","","","0.0","X","0.0",",X","2",",X","0",",X","0",",X","","","1",",X","31",",X","31",",X","31",",X","0",",X","0",",X","1","","","","19791005",",,X","","","19791025",",,X","","","19791025","+,,X","19791013","+,,X","-33.3",",X,05,","","","28",",,X,25,","0.3",",,X,25,+","-12.2",",X,13,+","11841.3","X","1236.7",",X","0.6",",,,X","31",",,,X","-21.56",",X","-17.37",",,,X","-25.75",",,,X","150","1,X","23.6","1,X"
"AYM00089664","1979-11","-77.8833","166.7333","24.1","MCMURDO SOUND NAF, AY","","","0.0","X","0.0",",X","5",",X","0",",X","0",",X","","","0",",X","7",",X","30",",X","28",",X","0",",X","0",",X","","","","","19791102","+,,X","","","19791110",",,X","","","19791110",",,X","19791130","+,,X","-23.3",",X,02,+","","","15",",,X,10,","1.5",",,X,10,","1.1",",X,30,+","12679.3","X","838.0",",X","3.9",",,,X","39",",,,X","-9.60",",X","-6.46",",,,X","-12.74",",,,X","140",",X","29.8",",X"
"AYM00089664","1979-12","-77.8833","166.7333","24.1","MCMURDO SOUND NAF, AY","","","0.0","X","0.0",",X","6",",X","0",",X","0",",X","","","0",",X","0",",X","31",",X","22",",X","0",",X","0",",X","1","","","","19791231",",,X","","","19791219",",,X","","","19791219",",,X","19791224","+,,X","-10.6",",X,31,","","","13",",,X,19,","1.3",",,X,19,","2.2",",X,24,+","13365.1","X","685.8",",X","4.0",",,,X","40",",,,X","-3.79",",X","-0.93",",,,X","-6.65",",,,X","50",",X","14.9",",X"
"AYM00089664","1980-01","-77.8833","166.7333","24.1","MCMURDO SOUND NAF, AY","","","0.0","X","0.0",",X","9",",X","3",",X","0",",X","","","3",",X","0",",X","31",",X","20",",X","0",",X","0",",X","3","","","","19800110",",,X","","","19800115",",,X","","","19800115",",,X","19800108","+,,X","-12.2",",X,10,","","","94",",,X,15,","9.4",",,X,15,","2.8",",X,08,+","686.4","X","686.4",",X","21.8",",,,X","218",",,,X","-3.81",",X","-1.09",",,,X","-6.53",",,,X","240","1,X","30.8","1,X"
"AYM00089664","1980-02","-77.8833","166.7333","24.1","MCMURDO SOUND NAF, AY","","","0.0","X","0.0",",X","11",",X","3",",X","0",",X","","","3",",X","0",",X","29",",X","29",",X","0",",X","0",",X","2","","","","19800229",",,X","","","19800223",",,X","","","19800223",",,X","19800219","+,,X","-17.2",",X,29,","","","117",",,X,23,","11.7",",,X,23,","-0.6",",X,19,+","1450.1","X","763.7",",X","30.3",",,,X","303",",,,X","-8.00",",X","-4.93",",,,X","-11.07",",,,X","80","1,X","22.6","1,X"
"AYM00089664","1980-03","-77.8833","166.7333","24.1","MCMURDO SOUND NAF, AY","","","0.0","X","0.0",",X","13",",X","4",",X","0",",X","","","4",",X","29",",X","31",",X","31",",X","0",",X","0",",X","6","","","","19800329",",,X","","","19800325","+,,X","","","19800325","+,,X","19800313",",,X","-28.9",",X,29,","","","30",",,X,25,+","3.0",",,X,25,+","-5.6",",X,13,","2578.8","X","1128.7",",X","18.8",",,,X","188",",,,X","-18.08",",X","-14.22",",,,X","-21.94",",,,X","140","3,X","25.7","3,X"
"AYM00089664","1980-04","-77.8833","166.7333","24.1","MCMURDO SOUND NAF, AY","","","0.0","X","0.0",",X","5",",X","3",",X","0",",X","","","3",",X","26",",X","30",",X","30",",X","0",",X","0",",X","3","","","","19800417",",,X","","","19800422",",,X","","","19800422",",,X","19800428",",,X","-32.2",",X,17,","","","41",",,X,22,","4.1",",,X,22,","-8.9",",X,28,","3710.6","X","1131.8",",X","11.7",",,,X","117",",,,X","-19.39",",X","-15.67",",,,X","-23.11",",,,X","180","1,X","33.9","1,X"
"AYM00089664","1980-05","-77.8833","166.7333","24.1","MCMURDO SOUND NAF, AY","","","0.0","X","0.0",",X","8","1,X","3","1,X","1","1,X","","","4",",X","25",",X","31",",X","31",",X","0",",X","0",",X","1","","","","19800524",",,X","","","19800516",",,X","","","19800517",",1,X","19800516",",,X","-36.1",",X,24,","","","358",",,X,16,","27.4","1,,X,17,","-6.7",",X,16,","4882.8","X","1172.2",",X","38.5","1,,,X","743",",,,X","-19.48",",X","-15.40",",,,X","-23.56",",,,X","170","4,X","28.3","4,X"
"AYM00089664","1980-06","-77.8833","166.7333","24.1","MCMURDO SOUND NAF, AY","","","0.0","X","0.0",",X","7",",X","1",",X","0",",X","","","1",",X","30",",X","30",",X","30",",X","0",",X","0",",X","4","","","","19800616",",,X","","","19800629",",,X","","","19800629",",,X","19800626","+,,X","-37.8",",X,16,","","","33",",,X,29,","3.3",",,X,29,","-13.9",",X,26,+","6199.7","X","1316.9",",X","10.3",",,,X","103",",,,X","-25.56",",X","-21.21",",,,X","-29.92",",,,X","150","1,X","24.7","1,X"
"AYM00089664","1980-07","-77.8833","166.7333","24.1","MCMURDO SOUND NAF, AY","","","0.0","X","0.0",",X","7",",X","0",",X","0",",X","","","0",",X","30",",X","31",",X","31",",X","0",",X","0",",X","6","","","","19800716",",,X","","","19800722",",,X","","","19800722",",,X","19800724",",,X","-38.3",",X,16,","","","18",",,X,22,","1.8",",,X,22,","-11.1",",X,24,","7506.4","X","1306.7",",X","7.0",",,,X","70",",,,X","-23.82",",X","-19.70",",,,X","-27.94",",,,X","140","1,X","31.4","1,X"
"AYM00089664","1980-08","-77.8833","166.7333","24.1","MCMURDO SOUND NAF, AY","","","0.0","X","0.0",",X","8",",X","3",",X","0",",X","","","3",",X","30",",X","31",",X","31",",X","0",",X","0",",X","6","","","","19800809",",,X","","","19800819",",,X","","","19800819",",,X","19800831",",,X","-41.1",",X,09,","","","53",",,X,19,","5.3",",,X,19,","-8.9",",X,31,","8797.2","X","1290.8",",X","17.4",",,,X","174",",,,X","-23.30",",X","-18.62",",,,X","-27.99",",,,X","110","2,X","26.2","2,X"
"AYM00089664","1980-09","-77.8833","166.7333","24.1","MCMURDO SOUND NAF, AY","","","0.0","X","0.0",",X","2",",X","1",",X","0",",X","","","1",",X","28",",X","30",",X","30",",X","0",",X","0",",X","4","","","","19800916",",,X","","","19800924",",,X","","","19800924",",,X","19800901",",,X","-36.7",",X,16,","","","64",",,X,24,","6.4",",,X,24,","-9.4",",X,01,","10094.9","X","1297.7",",X","7.2",",,,X","72",",,,X","-24.92",",X","-20.83",",,,X","-29.01",",,,X","160","2,X","32.4","2,X"
"AYM00089664","1980-10","-77.8833","166.7333","24.1","MCMURDO SOUND NAF, AY","","","0.0","X","0.0",",X","12",",X","4",",X","0",",X","","","4",",X","24",",X","31",",X","31",",X","0",",X","0",",X","1","","","","19801005",",,X","","","19801010","+,,X","","","19801010","+,,X","19801031",",,X","-38.9",",X,05,","","","41",",,X,10,+","4.1",",,X,10,+","-3.9",",X,31,","11287.9","X","1193.0",",X","22.3",",,,X","226",",,,X","-20.15",",X","-16.45",",,,X","-23.85",",,,X","180","1,X","30.3","1,X"
"AYM00089664","1980-11","-77.8833","166.7333","24.1","MCMURDO SOUND NAF, AY","","","0.0","X","0.0",",X","15",",X","5",",X","0",",X","","","5",",X","0",",X","30",",X","30",",X","0",",X","0",",X","2","","","","19801108",",,X","","","19801103",",,X","","","19801103",",,X","19801121",",,X","-17.2",",X,08,","","","58",",,X,03,","5.8",",,X,03,","-1.1",",X,21,","12096.7","X","808.8",",X","32.6",",,,X","326",",,,X","-8.63",",X","-5.99",",,,X","-11.26",",,,X","180",",X","23.6",",X"
"AYM00089664","1980-12","-77.8833","166.7333","24.1","MCMURDO SOUND NAF, AY","","","0.0","X","0.0",",X","7",",X","2",",X","0",",X","","","2",",X","0",",X","31",",X","15",",X","0",",X","0",",X","","","","","19801204",",,X","","","19801209",",,X","","","19801209",",,X","19801207",",,X","-12.8",",X,04,","","","36",",,X,09,","3.6",",,X,09,","6.1",",X,07,","12754.5","X","657.8",",X","9.3",",,,X","93",",,,X","-2.89",",X","-0.37",",,,X","-5.40",",,,X","160","1,X","20.6","1,X"
"AYM00089664","1981-01","-77.8833","166.7333","24.1","MCMURDO SOUND NAF, AY","","","0.0","X","0.0",",X","6",",X","3",",X","0",",X","","","3",",X","0",",X","31",",X","22",",X","0",",X","0",",X","1","","","","19810115",",,X","","","19810127",",,X","","","19810127",",,X","19810121",",,X","-13.9",",X,15,","","","43",",,X,27,","4.3",",,X,27,","3.3",",X,21,","690.0","X","690.0",",X","15.3",",,,X","153",",,,X","-3.93",",X","-1.18",",,,X","-6.67",",,,X","120",",X","19.5",",X"
"AYM00089664","1981-02","-77.8833","166.7333","24.1","MCMURDO SOUND NAF, AY","","","0.0","X","0.0",",X","8",",X","3",",X","0",",X","","","3",",X","7",",X","28",",X","28",",X","0",",X","0",",X","","","","","19810223",",,X","","","19810217",",,X","","","19810217",",,X","19810211","+,,X","-21.1",",X,23,","","","152",",,X,17,","15.2",",,X,17,","0.0",",X,11,+","1463.9","X","773.9",",X","27.5",",,,X","275",",,,X","-9.31",",X","-6.93",",,,X","-11.69",",,,X","150",",X","23.1",",X"
"AYM00089664","1981-03","-77.8833","166.7333","24.1","MCMURDO SOUND NAF, AY","","","0.0","X","0.0",",X","5",",X","2",",X","0",",X","","","2",",X","16",",X","31",",X","31",",X","0",",X","0",",X","1","","","","19810322","+,,X","","","19810316","+,,X","","","19810316","+,,X","19810305",",,X","-23.9",",X,22,+","","","30",",,X,16,+","3.0",",,X,16,+","-1.1",",X,05,","2450.4","X","986.5",",X","7.8",",,,X","78",",,,X","-13.49",",X","-10.08",",,,X","-16.90",",,,X","140",",X","20.6",",X"
"AYM00089664","1981-04","-77.8833","166.7333","24.1","MCMURDO SOUND NAF, AY","","","0.0","X","0.0",",X","10",",X","0",",X","0",",X","","","0",",X","26",",X","30",",X","30",",X","0",",X","0",",X","4","","","","19810422","+,,X","","","19810426",",,X","","","19810426",",,X","19810403","+,,X","-40.6",",X,22,+","","","20",",,X,26,","2.0",",,X,26,","-4.4",",X,03,+","3738.1","X","1287.7",",X","8.7",",,,X","87",",,,X","-24.59",",X","-20.38",",,,X","-28.81",",,,X","180",",X","33.4",",X"
"AYM00089664","1981-05","-77.8833","166.7333","24.1","MCMURDO SOUND NAF, AY","","","0.0","X","0.0",",X","17",",X","0",",X","0",",X","","","0",",X","30",",X","31",",X","31",",X","0",",X","0",",X","5","","","","19810517","+,,X","","","19810506",",,X","","","19810506",",,X","19810507",",,X","-36.7",",X,17,+","","","23",",,X,06,","2.3",",,X,06,","-10.0",",X,07,","5026.3","X","1288.2",",X","13.2",",,,X","132",",,,X","-23.22",",X","-18.84",",,,X","-27.60",",,,X","140",",X","28.3",",X"
"AYM00089664","1981-06","-77.8833","166.7333","24.1","MCMURDO SOUND NAF, AY","","","0.0","X","0.0",",X","13",",X","2",",X","0",",X","","","2",",X","29",",X","30",",X","30",",X","0",",X","0",",X","","","","","19810616",",,X","","","19810607",",,X","","","19810607",",,X","19810620",",,X","-33.9",",X,16,","","","36",",,X,07,","3.6",",,X,07,","-5.0",",X,20,","6177.5","X","1151.2",",X","14.5",",,,X","145",",,,X","-20.04",",X","-14.68",",,,X","-25.40",",,,X","180",",X","28.8",",X"
"AYM00089664","1981-07","-77.8833","166.7333","24.1","MCMURDO SOUND NAF, AY","","","0.0","X","0.0",",X","5",",X","0",",X","0",",X","","","0",",X","31",",X","31",",X","31",",X","0",",X","0",",X","6","","","","19810710",",,X","","","19810712",",,X","","","19810712",",,X","19810717",",,X","-33.9",",X,10,","","","20",",,X,12,","2.0",",,X,12,","-9.4",",X,17,","7425.7","X","1248.2",",X","4.4",",,,X","44",",,,X","-21.93",",X","-17.25",",,,X","-26.62",",,,X","180","1,X","31.9","1,X"
"AYM00089664","1981-08","-77.8833","166.7333","24.1","MCMURDO SOUND NAF, AY","","","0.0","X","0.0",",X","8",",X","0",",X","0",",X","","","0",",X","31",",X","31",",X","31",",X","0",",X","0",",X","","","","","19810824",",,X","","","19810815","+,,X","","","19810815","+,,X","19810803",",,X","-38.9",",X,24,","","","13",",,X,15,+","1.3",",,X,15,+","-5.6",",X,03,","8776.8","X","1351.1",",X","5.6",",,,X","56",",,,X","-25.25",",X","-20.65",",,,X","-29.85",",,,X","80",",X","23.1",",X"
"AYM00089664","1981-09","-77.8833","166.7333","24.1","MCMURDO SOUND NAF, AY","","","0.0","X","0.0",",X","13",",X","1",",X","0",",X","","","1",",X","30",",X","30",",X","30",",X","0",",X","0",",X","9","","","","19810923",",,X","","","19810907",",,X","","","19810907",",,X","19810909",",,X","-43.3",",X,23,","","","61",",,X,07,","6.1",",,X,07,","-13.9",",X,09,","10180.8","X","1404.0",",X","17.7",",,,X","177",",,,X","-28.47",",X","-24.09",",,,X","-32.85",",,,X","70",",X","26.7",",X"
"AYM00089664","1981-10","-77.8833","166.7333","24.1","MCMURDO SOUND NAF, AY","","","0.0","X","0.0",",X","4",",X","1",",X","0",",X","","","1",",X","28",",X","31",",X","31",",X","0",",X","0",",X","5","","","","19811004",",,X","","","19811006",",,X","","","19811006",",,X","19811007",",,X","-35.0",",X,04,","","","81",",,X,06,","8.1",",,X,06,","-6.1",",X,07,","11390.0","X","1209.2",",X","10.4",",,,X","104",",,,X","-20.67",",X","-16.81",",,,X","-24.54",",,,X","180","4,X","27.2","4,X"
"AYM00089664","1981-11","-77.8833","166.7333","24.1","MCMURDO SOUND NAF, AY","","","0.0","X","0.0",",X","3",",X","2",",X","0",",X","","","2",",X","10",",X","30",",X","30",",X","0",",X","0",",X","6","","","","19811106",",,X","","","19811110","+,,X","","","19811110","+,,X","19811130",",,X","-21.7",",X,06,","","","33",",,X,10,+","3.3",",,X,10,+","-1.7",",X,30,","12305.5","X","915.5",",X","7.9",",,,X","79",",,,X","-12.18",",X","-9.19",",,,X","-15.18",",,,X","180","5,X","20.0","5,X"
"AYM00089664","1981-12","-77.8833","166.7333","24.1","MCMURDO SOUND NAF, AY","","","0.0","X","0.0",",X","1",",X","0",",X","0",",X","","","0",",X","0",",X","31",",X","20",",X","0",",X","0",",X","","","","","19811211",",,X","","","19811212",",,X","","","19811212",",,X","19811213",",,X","-10.6",",X,11,","","","18",",,X,12,","1.8",",,X,12,","2.8",",X,13,","12979.5","X","674.0",",X","1.8",",,,X","18",",,,X","-3.41",",X","-0.83",",,,X","-5.99",",,,X","130","1,X","19.5","1,X"
"AYM00089664","1982-01","-77.8833","166.7333","24.1","MCMURDO SOUND NAF, AY","","","0.0","X","0.0",",X","8",",X","1",",X","0",",X","","","1",",X","0",",X","31",",X","25",",X","0",",X","0",",X","2","","","","19820129","+,,X","","","19820121",",,X","","","19820121",",,X","19820109",",,X","-12.2",",X,29,+","","","30",",,X,21,","3.0",",,X,21,","3.9",",X,09,","689.9","X","689.9",",X","15.9",",,,X","159",",,,X","-3.92",",X","-1.13",",,,X","-6.72",",,,X","180","1,X","22.1","1,X"
"AYM00089664","1982-02","-77.8833","166.7333","24.1","MCMURDO SOUND NAF, AY","","","0.0","X","0.0",",X","7",",X","1",",X","0",",X","","","1",",X","3",",X","28",",X","26",",X","0",",X","0",",X","3","","","","19820228",",,X","","","19820208",",,X","","","19820208",",,X","19820205","+,,X","-19.4",",X,28,","","","56",",,X,08,","5.6",",,X,08,","0.6",",X,05,+","1447.4","X","757.5",",X","13.5",",,,X","135",",,,X","-8.72",",X","-6.25",",,,X","-11.20",",,,X","170","1,X","19.5","1,X"
"AYM00089664","1982-03","-77.8833","166.7333","24.1","MCMURDO SOUND NAF, AY","","","0.0","X","0.0","2,X","4",",X","2",",X","0",",X","","","2",",X","29","2,X","29","2,X","29","2,X","0","2,X","0","2,X","14","","","","19820326",",2,X","","","19820316",",,X","","","19820316",",,X","19820302",",2,X","-33.3","2,X,26,","","","155",",,X,16,","15.5",",,X,16,","-12.2","2,X,02,","2582.5","X","1135.1","2,X","22.8",",,,X","228",",,,X","-20.81","2,X","-17.33","2,,,X","-24.29","2,,,X","160","2,X","29.3","2,X"
"AYM00089664","1982-04","-77.8833","166.7333","24.1","MCMURDO SOUND NAF, AY","","","0.0","X","0.0",",X","14",",X","4",",X","0",",X","","","4",",X","30",",X","30",",X","30",",X","0",",X","0",",X","1","","","","19820411","+,,X","","","19820419",",,X","","","19820419",",,X","19820417",",,X","-37.8",",X,11,+","","","117",",,X,19,","11.7",",,X,19,","-7.2",",X,17,","3885.5","X","1303.0",",X","27.0",",,,X","270",",,,X","-25.10",",X","-20.48",",,,X","-29.73",",,,X","60",",X","25.2",",X"
"AYM00089664","1982-05","-77.8833","166.7333","24.1","MCMURDO SOUND NAF, AY","","","0.0","X","0.0",",X","5",",X","2",",X","0",",X","","","2",",X","31",",X","31",",X","31",",X","0",",X","0",",X","2","","","","19820527",",,X","","","19820501",",,X","","","19820501",",,X","19820521",",,X","-37.8",",X,27,","","","132",",,X,01,","13.2",",,X,01,","-6.7",",X,21,","5223.7","X","1338.2",",X","21.9",",,,X","222",",,,X","-24.83",",X","-20.27",",,,X","-29.39",",,,X","130",",X","25.7",",X"
"AYM00089664","1982-06","-77.8833","166.7333","24.1","MCMURDO SOUND NAF, AY","","","0.0","X","0.0",",X","15",",X","6",",X","0",",X","","","5",",X","29",",X","30",",X","30",",X","0",",X","0",",X","1","","","","19820622","+,,X","","","19820627",",,X","","","19820627",",,X","19820610",",,X","-43.9",",X,22,+","","","48",",,X,27,","4.8",",,X,27,","-6.7",",X,10,","6568.2","X","1344.5",",X","28.0",",,,X","258",",,,X","-26.48",",X","-21.81",",,,X","-31.15",",,,X","180",",X","31.4",",X"
"AYM00089664","1982-07","-77.8833","166.7333","24.1","MCMURDO SOUND NAF, AY","","","0.0","X","0.0",",X","6",",X","2",",X","0",",X","","","2",",X","31",",X","31",",X","31",",X","0",",X","0",",X","6","","","","19820719",",,X","","","19820728",",,X","","","19820728",",,X","19820705",",,X","-43.3",",X,19,","","","99",",,X,28,","9.9",",,X,28,","-13.9",",X,05,","8022.7","X","1454.5",",X","18.8",",,,X","188",",,,X","-28.59",",X","-23.75",",,,X","-33.42",",,,X","60",",X","24.7",",X"
"AYM00089664","1982-08","-77.8833","166.7333","24.1","MCMURDO SOUND NAF, AY","","","0.0","X","0.0",",X","17",",X","3",",X","0",",X","","","3",",X","29",",X","31",",X","31",",X","0",",X","0",",X","8","","","","19820825","+,,X","","","19820804",",,X","","","19820804",",,X","19820811",",,X","-40.6",",X,25,+","","","86",",,X,04,","8.6",",,X,04,","-8.9",",X,11,","9334.1","X","1311.4",",X","34.9",",,,X","349",",,,X","-23.97",",X","-19.90",",,,X","-28.05",",,,X","140",",X","32.9",",X"
"AYM00089664","1982-09","-77.8833","166.7333","24.1","MCMURDO SOUND NAF, AY","","","0.0","X","0.0",",X","7",",X","1",",X","0",",X","","","2",",X","30",",X","30",",X","30",",X","0",",X","0",",X","1","","","","19820906",",,X","","","19820920","+,,X","","","19820919",",,X","19820930",",,X","-42.8",",X,06,","","","25",",,X,20,+","2.5",",,X,19,","-13.9",",X,30,","10721.7","X","1387.6",",X","9.2",",,,X","100",",,,X","-27.92",",X","-23.47",",,,X","-32.37",",,,X","140",",X","23.6",",X"
"AYM00089664","1982-10","-77.8833","166.7333","24.1","MCMURDO SOUND NAF, AY","","","0.0","X","0.0",",X","5",",X","2",",X","0",",X","","","2",",X","28",",X","31",",X","31",",X","0",",X","0",",X","2","","","","19821007",",,X","","","19821001",",,X","","","19821001",",,X","19821029",",,X","-32.8",",X,07,","","","53",",,X,01,","5.3",",,X,01,","-3.9",",X,29,","11924.6","X","1202.9",",X","9.4",",,,X","94",",,,X","-20.47",",X","-16.49",",,,X","-24.45",",,,X","","","",""
"AYM00089664","1982-11","-77.8833","166.7333","24.1","MCMURDO SOUND NAF, AY","","","0.0","X","0.0",",X","11",",X","1",",X","0",",X","","","1",",X","8",",X","30",",X","30",",X","0",",X","0",",X","5","","","","19821106",",,X","","","19821120",",,X","","","19821120",",,X","19821129",",,X","-24.4",",X,06,","","","71",",,X,20,","7.1",",,X,20,","0.0",",X,29,","12783.8","X","859.2",",X","15.1",",,,X","151",",,,X","-10.31",",X","-7.08",",,,X","-13.53",",,,X","","","",""
"AYM00089664","1982-12","-77.8833","166.7333","24.1","MCMURDO SOUND NAF, AY","","","0.0","X","0.0",",X","1",",X","0",",X","0",",X","","","0",",X","0",",X","31",",X","16",",X","0",",X","0",",X","3","","","","19821201",",,X","","","19821203",",,X","","","19821203",",,X","19821224",",,X","-12.2",",X,01,","","","13",",,X,03,","1.3",",,X,03,","2.8",",X,24,","13433.1","X","649.3",",X","1.3",",,,X","13",",,,X","-2.61",",X","-0.22",",,,X","-5.01",",,,X","120",",X","22.6",",X"
"AYM00089664","1983-01","-77.8833","166.7333","24.1","MCMURDO SOUND NAF, AY","","","0.0","X","0.0",",X","4",",X","0",",X","0",",X","","","0",",X","0",",X","31",",X","14",",X","0",",X","0",",X","3","","","","19830131",",,X","","","19830131",",,X","","","19830131",",,X","19830104",",,X","-13.9",",X,31,","","","18",",,X,31,","1.8",",,X,31,","3.3",",X,04,","675.5","X","675.5",",X","2.7",",,,X","27",",,,X","-3.46",",X","-0.50",",,,X","-6.42",",,,X","70","1,X","18.0","1,X"
"AYM00089664","1983-02","-77.8833","166.7333","24.1","MCMURDO SOUND NAF, AY","","","0.0","X","0.0",",X","10",",X","3",",X","0",",X","","","3",",X","10",",X","28",",X","27",",X","0",",X","0",",X","7","","","","19830228",",,X","","","19830226",",,X","","","19830226",",,X","19830206",",,X","-22.2",",X,28,","","","89",",,X,26,","8.9",",,X,26,","0.6",",X,06,","1541.9","X","866.4",",X","26.1",",,,X","261",",,,X","-12.61",",X","-9.83",",,,X","-15.39",",,,X","70","2,X","17.5","2,X"
"AYM00089664","1983-03","-77.8833","166.7333","24.1","MCMURDO SOUND NAF, AY","","","0.0","X","0.0",",X","9",",X","2",",X","0",",X","","","2",",X","24",",X","31",",X","31",",X","0",",X","0",",X","12","","","","19830327",",,X","","","19830330",",,X","","","19830330",",,X","19830330","+,,X","-32.8",",X,27,","","","33",",,X,30,","3.3",",,X,30,","-6.1",",X,30,+","2645.7","X","1103.8",",X","10.8",",,,X","108",",,,X","-17.27",",X","-13.13",",,,X","-21.42",",,,X","170","2,X","29.8","2,X"
"AYM00089664","1983-04","-77.8833","166.7333","24.1","MCMURDO SOUND NAF, AY","","","0.0","X","0.0",",X","15",",X","2",",X","0",",X","","","2",",X","23",",X","30",",X","30",",X","0",",X","0",",X","3","","","","19830407",",,X","","","19830427",",,X","","","19830427",",,X","19830430",",,X","-30.6",",X,07,","","","76",",,X,27,","7.6",",,X,27,","-5.0",",X,30,","3698.2","X","1052.5",",X","25.2",",,,X","252",",,,X","-16.75",",X","-12.75",",,,X","-20.76",",,,X","120",",X","31.4",",X"
"AYM00089664","1983-05","-77.8833","166.7333","24.1","MCMURDO SOUND NAF, AY","","","0.0","X","0.0",",X","19",",X","6",",X","0",",X","","","6",",X","20",",X","31",",X","31",",X","0",",X","0",",X","","","","","19830516","+,,X","","","19830525","+,,X","","","19830525","+,,X","19830502",",,X","-32.8",",X,16,+","","","41",",,X,25,+","4.1",",,X,25,+","-3.9",",X,02,","4792.9","X","1094.7",",X","32.3",",,,X","323",",,,X","-16.98",",X","-13.99",",,,X","-19.96",",,,X","150",",X","36.5",",X"
"AYM00089664","1983-06","-77.8833","166.7333","24.1","MCMURDO SOUND NAF, AY","","","0.0","X","0.0",",X","7",",X","0",",X","0",",X","","","0",",X","30",",X","30",",X","30",",X","0",",X","0",",X","","","","","19830616",",,X","","","19830601",",,X","","","19830601",",,X","19830626",",,X","-38.3",",X,16,","","","13",",,X,01,","1.3",",,X,01,","-5.0",",X,26,","6092.7","X","1299.8",",X","4.4",",,,X","44",",,,X","-25.00",",X","-20.39",",,,X","-29.60",",,,X","130","1,X","33.9","1,X"
"AYM00089664","1983-07","-77.8833","166.7333","24.1","MCMURDO SOUND NAF, AY","","","0.0","X","0.0",",X","10",",X","1",",X","0",",X","","","1",",X","31",",X","31",",X","31",",X","0",",X","0",",X","2","","","","19830716",",,X","","","19830706",",,X","","","19830706",",,X","19830712",",,X","-43.9",",X,16,","","","30",",,X,06,","3.0",",,X,06,","-14.4",",X,12,","7536.8","X","1444.1",",X","11.0",",,,X","110",",,,X","-28.25",",X","-24.36",",,,X","-32.14",",,,X","50",",X","25.7",",X"
"AYM00089664","1983-08","-77.8833","166.7333","24.1","MCMURDO SOUND NAF, AY","","","0.0","X","0.0",",X","9",",X","4",",X","0",",X","","","4",",X","30",",X","31",",X","31",",X","0",",X","0",",X","2","","","","19830812",",,X","","","19830822",",,X","","","19830822",",,X","19830825",",,X","-44.4",",X,12,","","","114",",,X,22,","11.4",",,X,22,","-8.3",",X,25,","8910.4","X","1373.6",",X","30.5",",,,X","305",",,,X","-25.98",",X","-20.95",",,,X","-31.00",",,,X","170",",X","41.1",",X"
"AYM00089664","1983-09","-77.8833","166.7333","24.1","MCMURDO SOUND NAF, AY","","","0.0","X","0.0",",X","7",",X","1",",X","0",",X","","","2",",X","30",",X","30",",X","30",",X","0",",X","0",",X","2","","","","19830930",",,X","","","19830914",",,X","","","19830914",",,X","19830915",",,X","-38.9",",X,30,","","","53",",,X,14,","5.3",",,X,14,","-10.0",",X,15,","10203.9","X","1293.5",",X","10.2",",,,X","124",",,,X","-24.78",",X","-20.06",",,,X","-29.50",",,,X","130",",X","29.8",",X"
"AYM00089664","1983-10","-77.8833","166.7333","24.1","MCMURDO SOUND NAF, AY","","","0.0","X","0.0",",X","8",",X","1",",X","0",",X","","","1",",X","24",",X","31",",X","31",",X","0",",X","0",",X","7","","","","19831003",",,X","","","19831009",",,X","","","19831009",",,X","19831025",",,X","-37.8",",X,03,","","","33",",,X,09,","3.3",",,X,09,","-6.1",",X,25,","11364.3","X","1160.4",",X","11.3",",,,X","113",",,,X","-19.10",",X","-15.38",",,,X","-22.82",",,,X","180","1,X","31.4","1,X"
"AYM00089664","1983-11","-77.8833","166.7333","24.1","MCMURDO SOUND NAF, AY","","","0.0","X","0.0",",X","7",",X","0",",X","0",",X","","","0",",X","1",",X","30",",X","30",",X","0",",X","0",",X","","","","","19831101",",,X","","","19831115","+,,X","","","19831115","+,,X","19831130",",,X","-19.4",",X,01,","","","5",",,X,15,+","0.5",",,X,15,+","-0.6",",X,30,","12198.2","X","833.9",",X","2.5",",,,X","25",",,,X","-9.47",",X","-6.67",",,,X","-12.26",",,,X","50","4,X","23.6","4,X"
"AYM00089664","1983-12","-77.8833","166.7333","24.1","MCMURDO SOUND NAF, AY","","","0.0","X","0.0",",X","2",",X","0",",X","0",",X","","","0",",X","0",",X","31",",X","21",",X","0",",X","0",",X","1","","","","19831207",",,X","","","19831221",",,X","","","19831221",",,X","19831215",",,X","-15.0",",X,07,","","","15",",,X,21,","1.5",",,X,21,","7.2",",X,15,","12869.9","X","671.7",",X","1.8",",,,X","18",",,,X","-3.33",",X","-0.59",",,,X","-6.07",",,,X","50","1,X","23.6","1,X"
"AYM00089664","1984-01","-77.8833","166.7333","24.1","MCMURDO SOUND NAF, AY","","","0.0","X","0.0",",X","4",",X","1",",X","0",",X","","","1",",X","0",",X","31",",X","17",",X","0",",X","0",",X","3","","","","19840131","+,,X","","","19840131",",,X","","","19840131",",,X","19840121",",,X","-10.6",",X,31,+","","","43",",,X,31,","4.3",",,X,31,","6.1",",X,21,","649.5","X","649.5",",X","6.6",",,,X","66",",,,X","-2.62",",X","0.00",",,,X","-5.24",",,,X","120","1,X","19.0","1,X"
"AYM00089664","1984-02","-77.8833","166.7333","24.1","MCMURDO SOUND NAF, AY","","","0.0","X","0.0",",X","11",",X","3",",X","0",",X","","","5",",X","10",",X","29",",X","29",",X","0",",X","0",",X","8","","1","","19840229","+,,X","","","19840225",",,X","","","19840204",",,X","19840206",",,X","-25.0",",X,29,+","","","135",",,X,25,","12.2",",,X,04,","0.0",",X,06,","1511.1","X","861.6",",X","30.6",",,,X","492",",,,X","-11.38",",X","-8.39",",,,X","-14.37",",,,X","160","1,X","26.7","1,X"
"AYM00089664","1984-03","-77.8833","166.7333","24.1","MCMURDO SOUND NAF, AY","","","0.0","X","0.0",",X","16",",X","3",",X","0",",X","","","8",",X","23",",X","31",",X","31",",X","0",",X","0",",X","13","","3","","19840331",",,X","","","19840314",",,X","","","19840314",",,X","19840316",",,X","-25.0",",X,31,","","","89",",,X,14,","8.9",",,X,14,","-2.2",",X,16,","2549.1","X","1038.0",",X","21.2",",,,X","469",",,,X","-15.15",",X","-10.66",",,,X","-19.65",",,,X","140",",X","36.0",",X"
"AYM00089664","1984-04","-77.8833","166.7333","24.1","MCMURDO SOUND NAF, AY","","","0.0","X","0.0",",X","9",",X","4",",X","0",",X","","","5",",X","25",",X","30",",X","30",",X","0",",X","0",",X","19","","7","","19840423","+,,X","","","19840415",",,X","","","19840415",",,X","19840415",",,X","-28.9",",X,23,+","","","130",",,X,15,","13.0",",,X,15,","-6.7",",X,15,","3633.1","X","1084.0",",X","30.1",",,,X","328",",,,X","-17.80",",X","-13.92",",,,X","-21.69",",,,X","190",",X","46.8",",X"
"AYM00089664","1984-05","-77.8833","166.7333","24.1","MCMURDO SOUND NAF, AY","","","0.0","X","0.0",",X","17",",X","7",",X","1",",X","","","7",",X","27",",X","31",",X","31",",X","0",",X","0",",X","23","","7","","19840530",",,X","","","19840516",",,X","","","19840516",",,X","19840518","+,,X","-31.1",",X,30,","","","262",",,X,16,","26.7",",,X,16,","-5.0",",X,18,+","4797.3","X","1164.2",",X","78.7",",,,X","782",",,,X","-19.22",",X","-14.55",",,,X","-23.89",",,,X","150",",X","47.3",",X"
"AYM00089664","1984-06","-77.8833","166.7333","24.1","MCMURDO SOUND NAF, AY","","","0.0","X","0.0",",X","13",",X","7",",X","0",",X","","","8",",X","29",",X","30",",X","30",",X","0",",X","0",",X","14","","9","","19840620",",,X","","","19840626",",,X","","","19840626",",,X","19840611",",,X","-36.1",",X,20,","","","231",",,X,26,","23.1",",,X,26,","-7.2",",X,11,","6038.1","X","1240.8",",X","96.9",",,,X","991",",,,X","-23.03",",X","-19.00",",,,X","-27.06",",,,X","170",",X","53.5",",X"
"AYM00089664","1984-07","-77.8833","166.7333","24.1","MCMURDO SOUND NAF, AY","","","0.0","X","0.0","2,X","12","2,X","3","2,X","0","2,X","","","3","2,X","27","2,X","29","2,X","29","2,X","0","2,X","0","2,X","15","","7","","19840712",",2,X","","","19840722","+,2,X","","","19840722","+,2,X","19840708","+,2,X","-36.7","2,X,12,","","","51","2,,X,22,+","5.1","2,,X,22,+","-8.9","2,X,08,+","7259.1","X","1221.0","2,X","22.9","2,,,X","229","2,,,X","-23.77","2,X","-18.91","2,,,X","-28.63","2,,,X","200","2,X","52.4","2,X"
"AYM00089664","1984-08","-77.8833","166.7333","24.1","MCMURDO SOUND NAF, AY","","","0.0","X","0.0",",X","4",",X","0",",X","0",",X","","","0",",X","31",",X","31",",X","31",",X","0",",X","0",",X","1","","1","","19840807",",,X","","","19840823",",,X","1","","19840823",",,X","19840821",",,X","-41.7",",X,07,","","","23",",,X,23,","2.3",",,X,23,","-11.1",",X,21,","8641.6","X","1382.5",",X","3.7",",,,X","37",",,,X","-26.26",",X","-20.57",",,,X","-31.96",",,,X","180",",X","32.4",",X"
"AYM00089664","1984-09","-77.8833","166.7333","24.1","MCMURDO SOUND NAF, AY","","","0.0","X","0.0",",X","7",",X","1",",X","0",",X","","","1",",X","29",",X","30",",X","30",",X","0",",X","0",",X","9","","3","","19840911",",,X","","","19840910",",,X","1","","19840910",",,X","19840915",",,X","-37.2",",X,11,","","","25",",,X,10,","2.5",",,X,10,","-8.9",",X,15,","9921.2","X","1279.6",",X","8.7",",,,X","87",",,,X","-24.32",",X","-19.09",",,,X","-29.55",",,,X","110",",X","29.8",",X"
"AYM00089664","1984-10","-77.8833","166.7333","24.1","MCMURDO SOUND NAF, AY","","","0.0","X","0.0","1,X","8",",X","1",",X","0",",X","","","2",",X","19","1,X","30","1,X","30","1,X","0","1,X","0","1,X","7","","","","19841004",",1,X","","","19841011",",,X","","","19841029",",,X","19841025",",1,X","-33.9","1,X,04,","","","89",",,X,11,","6.4",",,X,29,","-3.3","1,X,25,","10986.3","X","1065.1","1,X","11.6",",,,X","197",",,,X","-17.17","1,X","-13.54","1,,,X","-20.80","1,,,X","150","1,X","32.9","1,X"
"AYM00089664","1984-11","-77.8833","166.7333","24.1","MCMURDO SOUND NAF, AY","","","0.0","X","0.0",",X","2",",X","0",",X","0",",X","","","0",",X","0",",X","30",",X","28",",X","0",",X","0",",X","2","","","","19841102","+,,X","","","19841108",",,X","","","19841108",",,X","19841128","+,,X","-16.7",",X,02,+","","","20",",,X,08,","2.0",",,X,08,","1.1",",X,28,+","11787.8","X","801.5",",X","2.8",",,,X","28",",,,X","-8.39",",X","-5.34",",,,X","-11.43",",,,X","140","1,X","24.7","1,X"
"AYM00089664","1984-12","-77.8833","166.7333","24.1","MCMURDO SOUND NAF, AY","","","0.0","X","0.0",",X","2",",X","1",",X","0",",X","","","2",",X","0",",X","30",",X","9",",X","0",",X","0",",X","6","","2","","19841201",",,X","","","19841211",",,X","","","19841211",",,X","19841219",",,X","-8.9",",X,01,","","","79",",,X,11,","7.9",",,X,11,","7.8",",X,19,","12401.9","X","614.1",",X","8.2",",,,X","104",",,,X","-1.48",",X","1.64",",,,X","-4.59",",,,X","170",",X","21.6",",X"
"AYM00089664","1985-01","-77.8833","166.7333","24.1","MCMURDO SOUND NAF, AY","","","0.0","X","0.0",",X","2",",X","0",",X","0",",X","","","0",",X","0",",X","31",",X","15",",X","0",",X","0",",X","","","","","19850121",",,X","","","19850104",",,X","","","19850104",",,X","19850130",",,X","-7.2",",X,21,","","","8",",,X,04,","0.8",",,X,04,","3.9",",X,30,","615.0","X","615.0",",X","1.1",",,,X","11",",,,X","-1.50",",X","0.77",",,,X","-3.78",",,,X","150",",X","24.2",",X"
"AYM00089664","1985-02","-77.8833","166.7333","24.1","MCMURDO SOUND NAF, AY","","","0.0","X","0.0",",X","7",",X","0",",X","0",",X","","","1",",X","10",",X","28",",X","26",",X","0",",X","0",",X","1","","","","19850226",",,X","","","19850206",",,X","","","19850213","+,,X","19850203",",,X","-22.8",",X,26,","","","25",",,X,06,","1.0",",,X,13,+","2.2",",X,03,","1456.6","X","841.6",",X","6.1",",,,X","83",",,,X","-11.72",",X","-9.08",",,,X","-14.36",",,,X","90","1,X","20.6","1,X"
"AYM00089664","1985-03","-77.8833","166.7333","24.1","MCMURDO SOUND NAF, AY","","","0.0","X","0.0",",X","6",",X","1",",X","0",",X","","","0",",X","19",",X","31",",X","31",",X","0",",X","0",",X","4","","2","","19850326",",,X","","","19850313",",,X","","","19850322",",,X","19850316","+,,X","-29.4",",X,26,","","","20",",,X,13,","5.1",",,X,22,","-3.9",",X,16,+","2513.2","X","1056.6",",X","8.7",",,,X","41",",,,X","-15.75",",X","-12.40",",,,X","-19.10",",,,X","200",",X","31.4",",X"
"AYM00089664","1985-04","-77.8833","166.7333","24.1","MCMURDO SOUND NAF, AY","","","0.0","X","0.0",",X","11",",X","1",",X","0",",X","","","1",",X","27",",X","30",",X","30",",X","0",",X","0",",X","1","","","","19850405",",,X","","","19850406",",,X","","","19850406",",,X","19850412",",,X","-40.0",",X,05,","","","25",",,X,06,","2.5",",,X,06,","-10.6",",X,12,","3739.3","X","1226.1",",X","8.2",",,,X","82",",,,X","-22.54",",X","-18.26",",,,X","-26.81",",,,X","140","2,X","25.7","2,X"
"AYM00089664","1985-05","-77.8833","166.7333","24.1","MCMURDO SOUND NAF, AY","","","0.0","X","0.0","1,X","1","1,X","0","1,X","0","1,X","","","0","1,X","30","1,X","30","1,X","30","1,X","0","1,X","0","1,X","","","","","19850515",",1,X","","","19850526",",1,X","","","19850526",",1,X","19850526",",1,X","-37.8","1,X,15,","","","3","1,,X,26,","0.3","1,,X,26,","-8.9","1,X,26,","4999.3","X","1260.0","1,X","0.3","1,,,X","3","1,,,X","-23.67","1,X","-19.96","1,,,X","-27.38","1,,,X","180","5,X","33.9","5,X"
"AYM00089664","1985-06","-77.8833","166.7333","24.1","MCMURDO SOUND NAF, AY","","","0.0","X","0.0","2,X","5","2,X","0","2,X","0","2,X","","","0","2,X","27","2,X","28","2,X","28","2,X","0","2,X","0","2,X","","","","","19850605",",2,X","","","19850625","+,2,X","","","19850625","+,2,X","19850611",",2,X","-36.7","2,X,05,","","","10","2,,X,25,+","1.0","2,,X,25,+","-8.9","2,X,11,","6200.0","X","1200.7","2,X","2.9","2,,,X","29","2,,,X","-24.55","2,X","-20.67","2,,,X","-28.43","2,,,X","180","3,X","43.2","3,X"
"AYM00089664","1985-07","-77.8833","166.7333","24.1","MCMURDO SOUND NAF, AY","","","0.0","X","0.0","1,X","5","1,X","0","1,X","0","1,X","","","0","1,X","30","1,X","30","1,X","30","1,X","0","1,X","0","1,X","3","","","","19850726",",1,X","","","19850710","+,1,X","","","19850710","+,1,X","19850711",",1,X","-48.9","1,X,26,","","","8","1,,X,10,+","0.8","1,,X,10,+","-20.0","1,X,11,","7725.0","X","1525.0","1,X","2.9","1,,,X","29","1,,,X","-32.50","1,X","-27.75","1,,,X","-37.25","1,,,X","260","1,X","41.1","1,X"
"AYM00089664","1985-08","-77.8833","166.7333","24.1","MCMURDO SOUND NAF, AY","","","0.0","X","0.0",",X","6",",X","0",",X","0",",X","","","0",",X","31",",X","31",",X","31",",X","0",",X","0",",X","1","","","","19850822",",,X","","","19850816",",,X","","","19850816",",,X","19850811",",,X","-38.9",",X,22,","","","13",",,X,16,","1.3",",,X,16,","-11.1",",X,11,","9116.2","X","1391.2",",X","3.2",",,,X","32",",,,X","-26.54",",X","-21.78",",,,X","-31.31",",,,X","130",",X","25.7",",X"
"AYM00089664","1985-09","-77.8833","166.7333","24.1","MCMURDO SOUND NAF, AY","","","0.0","X","0.0",",X","3",",X","1",",X","0",",X","","","0",",X","30",",X","30",",X","30",",X","0",",X","0",",X","1","","","","19850903",",,X","","","19850926",",,X","","","19850904",",,X","19850911",",,X","-38.9",",X,03,","","","18",",,X,26,","2.5",",,X,04,","-10.0",",X,11,","10414.9","X","1298.7",",X","5.3",",,,X","31",",,,X","-24.96",",X","-20.33",",,,X","-29.59",",,,X","","","",""
"AYM00089664","1985-10","-77.8833","166.7333","24.1","MCMURDO SOUND NAF, AY","","","0.0","X","0.0",",X","4",",X","1",",X","0",",X","","","1",",X","26",",X","31",",X","31",",X","0",",X","0",",X","2","","","","19851002",",,X","","","19851028",",,X","","","19851016",",,X","19851013",",,X","-32.8",",X,02,","","","76",",,X,28,","20.3",",,X,16,","-3.3",",X,13,","11548.4","X","1133.5",",X","24.7",",,,X","132",",,,X","-18.23",",X","-14.29",",,,X","-22.17",",,,X","","","",""
"AYM00089664","1985-11","-77.8833","166.7333","24.1","MCMURDO SOUND NAF, AY","","","0.0","X","0.0",",X","1",",X","0",",X","0",",X","","","1",",X","4",",X","30",",X","30",",X","0",",X","0",",X","1","","","","19851110",",,X","","","19851121",",,X","","","19851121",",,X","19851125",",,X","-20.6",",X,10,","","","25",",,X,21,","0.3",",,X,21,","-1.1",",X,25,","12421.7","X","873.3",",X","0.3",",,,X","25",",,,X","-10.78",",X","-7.73",",,,X","-13.82",",,,X","150",",X","19.5",",X"
"AYM00089664","1985-12","-77.8833","166.7333","24.1","MCMURDO SOUND NAF, AY","","","0.0","X","0.0",",X","4",",X","1",",X","0",",X","","","1",",X","0",",X","31",",X","24",",X","0",",X","0",",X","1","","","","19851202",",,X","","","19851224",",,X","","","19851224",",,X","19851213",",,X","-12.2",",X,02,","","","64",",,X,24,","6.4",",,X,24,","3.3",",X,13,","13127.0","X","705.3",",X","8.8",",,,X","88",",,,X","-4.42",",X","-1.83",",,,X","-7.00",",,,X","180","1,X","17.5","1,X"
"AYM00089664","1986-01","-77.8833","166.7333","24.1","MCMURDO SOUND NAF, AY","","","0.0","X","0.0",",X","0",",X","0",",X","0",",X","","","0",",X","0",",X","31",",X","22",",X","0",",X","0",",X","1","","","","19860129",",,X","","","19860131","+,,X","","","19860131","+,,X","19860118",",,X","-11.1",",X,29,","","","0",",T,X,31,+","0.0",",T,X,31,+","5.6",",X,18,","668.7","X","668.7",",X","0.0",",T,,X","0",",T,,X","-3.24",",X","-0.34",",,,X","-6.14",",,,X","130","1,X","17.5","1,X"
"AYM00089664","1986-02","-77.8833","166.7333","24.1","MCMURDO SOUND NAF, AY","","","0.0","X","0.0",",X","2",",X","1",",X","0",",X","","","1",",X","0",",X","28",",X","26",",X","0",",X","0",",X","1","","","","19860225","+,,X","","","19860226",",,X","","","19860226",",,X","19860203",",,X","-16.7",",X,25,+","","","155",",,X,26,","15.5",",,X,26,","1.7",",X,03,","1364.5","X","695.8",",X","16.8",",,,X","168",",,,X","-6.52",",X","-2.58",",,,X","-10.46",",,,X","160","1,X","22.1","1,X"
"AYM00089664","1986-03","-77.8833","166.7333","24.1","MCMURDO SOUND NAF, AY","","","0.0","X","0.0",",X","5",",X","2",",X","0",",X","","","2",",X","22",",X","31",",X","31",",X","0",",X","0",",X","1","","","","19860330",",,X","","","19860325",",,X","","","19860325",",,X","19860303","+,,X","-31.7",",X,30,","","","51",",,X,25,","5.1",",,X,25,","-2.8",",X,03,+","2452.2","X","1087.7",",X","9.7",",,,X","97",",,,X","-16.75",",X","-12.95",",,,X","-20.56",",,,X","200",",X","25.7",",X"
"AYM00089664","1986-04","-77.8833","166.7333","24.1","MCMURDO SOUND NAF, AY","","","0.0","X","0.0",",X","16",",X","5",",X","0",",X","","","6",",X","27",",X","30",",X","30",",X","0",",X","0",",X","2","","1","","19860415",",,X","","","19860428",",,X","","","19860428",",,X","19860430",",,X","-40.0",",X,15,","","","86",",,X,28,","8.6",",,X,28,","-5.6",",X,30,","3623.3","X","1171.1",",X","36.6",",,,X","434",",,,X","-20.70",",X","-15.70",",,,X","-25.70",",,,X","150",",X","28.8",",X"
"AYM00089664","1986-05","-77.8833","166.7333","24.1","MCMURDO SOUND NAF, AY","","","0.0","X","0.0",",X","18",",X","0",",X","0",",X","","","0",",X","27",",X","31",",X","31",",X","0",",X","0",",X","","","","","19860507",",,X","","","19860531","+,,X","","","19860531","+,,X","19860501",",,X","-28.9",",X,07,","","","10",",,X,31,+","1.0",",,X,31,+","-8.3",",X,01,","4773.9","X","1150.6",",X","10.9",",,,X","109",",,,X","-18.78",",X","-15.52",",,,X","-22.04",",,,X","160","1,X","29.8","1,X"
"AYM00089664","1986-06","-77.8833","166.7333","24.1","MCMURDO SOUND NAF, AY","","","0.0","X","0.0",",X","9",",X","1",",X","0",",X","","","1",",X","28",",X","30",",X","30",",X","0",",X","0",",X","1","","","","19860630",",,X","","","19860622",",,X","","","19860622",",,X","19860617",",,X","-40.0",",X,30,","","","38",",,X,22,","3.8",",,X,22,","-7.8",",X,17,","6034.0","X","1260.1",",X","10.2",",,,X","102",",,,X","-23.67",",X","-19.48",",,,X","-27.86",",,,X","180","2,X","41.1","2,X"
"AYM00089664","1986-07","-77.8833","166.7333","24.1","MCMURDO SOUND NAF, AY","","","0.0","X","0.0",",X","6",",X","0",",X","0",",X","","","0",",X","31",",X","31",",X","31",",X","0",",X","0",",X","1","","","","19860711",",,X","","","19860730","+,,X","","","19860730","+,,X","19860731",",,X","-38.3",",X,11,","","","13",",,X,30,+","1.3",",,X,30,+","-10.0",",X,31,","7392.2","X","1358.2",",X","5.3",",,,X","53",",,,X","-25.48",",X","-20.00",",,,X","-30.96",",,,X","150","1,X","36.5","1,X"
"AYM00089664","1986-08","-77.8833","166.7333","24.1","MCMURDO SOUND NAF, AY","","","0.0","X","0.0",",X","6",",X","1",",X","0",",X","","","1",",X","31",",X","31",",X","31",",X","0",",X","0",",X","3","","","","19860806",",,X","","","19860809",",,X","","","19860809",",,X","19860819",",,X","-43.3",",X,06,","","","25",",,X,09,","2.5",",,X,09,","-6.7",",X,19,","8879.9","X","1487.7",",X","4.8",",,,X","48",",,,X","-29.66",",X","-23.97",",,,X","-35.35",",,,X","","","",""
"AYM00089664","1986-09","-77.8833","166.7333","24.1","MCMURDO SOUND NAF, AY","","","0.0","X","0.0",",X","4",",X","0",",X","0",",X","","","0",",X","30",",X","30",",X","30",",X","0",",X","0",",X","1","","","","19860923",",,X","","","19860909",",,X","","","19860909",",,X","19860909",",,X","-43.9",",X,23,","","","13",",,X,09,","1.3",",,X,09,","-16.1",",X,09,","10397.8","X","1517.9",",X","2.4",",,,X","24",",,,X","-32.26",",X","-27.60",",,,X","-36.93",",,,X","150","3,X","25.7","3,X"
"AYM00089664","1986-10","-77.8833","166.7333","24.1","MCMURDO SOUND NAF, AY","","","0.0","X","0.0",",X","7",",X","0",",X","0",",X","","","0",",X","24",",X","31",",X","31",",X","0",",X","0",",X","4","","","","19861001",",,X","","","19861005",",,X","","","19861005",",,X","19861029","+,,X","-37.8",",X,01,","","","10",",,X,05,","1.0",",,X,05,","-7.2",",X,29,+","11557.4","X","1159.6",",X","4.0",",,,X","40",",,,X","-19.07",",X","-14.47",",,,X","-23.67",",,,X","150","4,X","32.4","4,X"
"AYM00089664","1986-11","-77.8833","166.7333","24.1","MCMURDO SOUND NAF, AY","","","0.0","X","0.0","2,X","4",",X","0",",X","0",",X","","","0",",X","7","1,X","29","1,X","29","1,X","0","1,X","0","1,X","1","","","","19861101",",1,X","","","19861115","+,,X","","","19861115","+,,X","19861111",",1,X","-26.1","1,X,01,","","","20",",,X,15,+","2.0",",,X,15,+","-2.8","1,X,11,","12377.4","X","820.0","1,X","5.8",",,,X","58",",,,X","-11.07","2,X","-7.53","1,,,X","-14.62","1,,,X","110",",X","21.6",",X"
"AYM00089664","1986-12","-77.8833","166.7333","24.1","MCMURDO SOUND NAF, AY","","","0.0","X","0.0",",X","2",",X","1",",X","0",",X","","","1",",X","0",",X","31",",X","15",",X","0",",X","0",",X","","","","","19861226","+,,X","","","19861230",",,X","","","19861230",",,X","19861209",",,X","-12.8",",X,26,+","","","38",",,X,30,","3.8",",,X,30,","6.7",",X,09,","13054.3","X","676.9",",X","5.8",",,,X","58",",,,X","-3.50",",X","-0.14",",,,X","-6.86",",,,X","150",",X","21.6",",X"
"AYM00089664","1987-01","-77.8833","166.7333","24.1","MCMURDO SOUND NAF, AY","","","0.0","S","0.0",",X","5",",X","1",",X","0",",X","","","1",",X","0",",X","26",",X","5",",X","0",",X","0",",X","1","","","","19870128",",,X","","","19870126",",,X","","","19870126",",,X","19870117",",,X","-7.2",",X,28,","","","48",",,X,26,","4.8",",,X,26,","7.2",",X,17,","567.7","S","567.7",",X","10.6",",,,X","106",",,,X","0.02",",X","2.71",",,,X","-2.67",",,,X","338","1,X","24.2","1,X"
"AYM00089664","1987-02","-77.8833","166.7333","24.1","MCMURDO SOUND NAF, AY","","","0.0","S","0.0",",X","8",",X","2",",X","0",",X","","","2",",X","7",",X","28",",X","27",",X","0",",X","0",",X","","","","","19870228","+,,X","","","19870207",",,X","","","19870207",",,X","19870201",",,X","-21.1",",X,28,+","","","53",",,X,07,","5.3",",,X,07,","1.7",",X,01,","1359.4","S","791.7",",X","13.9",",,,X","139",",,,X","-9.94",",X","-6.86",",,,X","-13.02",",,,X","","","24.7",",X"
"AYM00089664","1987-03","-77.8833","166.7333","24.1","MCMURDO SOUND NAF, AY","","","0.0","S","0.0","5,X","","","","","","","","","","","25","5,X","26","5,X","26","5,X","0","5,X","0","5,X","","","","","19870320",",5,X","","","","","","","","","19870314",",5,X","-28.9","5,X,20,","","","","","","","-5.6","5,X,14,","2336.2","S","976.8","5,X","","","","","-19.24","5,X","-15.56","5,,,X","-22.92","5,,,X","","","41.1","2,X"
"AYM00089664","1987-04","-77.8833","166.7333","24.1","MCMURDO SOUND NAF, AY","","","0.0","S","0.0","5,X","4","4,X","0","4,X","0","4,X","","","1","4,X","22","5,X","25","5,X","25","5,X","0","5,X","0","5,X","","","","","19870418",",5,X","","","19870414",",4,X","","","19870414",",4,X","19870414",",5,X","-30.0","5,X,18,","","","25","4,,X,14,","1.0","4,,X,14,","-5.0","5,X,14,","3235.5","S","899.3","5,X","2.4","4,,,X","39","4,,,X","-17.64","5,X","-13.01","5,,,X","-22.27","5,,,X","","","22.6","4,X"
"AYM00089664","1987-05","-77.8833","166.7333","24.1","MCMURDO SOUND NAF, AY","","","","","","","6","5,X","4","5,X","0","5,X","","","4","5,X","","","","","","","","","","","","","","","","","","","19870529","+,5,X","","","19870529","+,5,X","","","","","","","64","5,,X,29,+","6.4","5,,X,29,+","","","","","","","23.2","5,,,X","232","5,,,X","","","","","","","","","",""
"AYM00089664","1987-06","-77.8833","166.7333","24.1","MCMURDO SOUND NAF, AY","","","","","","","5","5,X","1","5,X","0","5,X","","","1","5,X","","","","","","","","","","","","","","","","","","","19870625",",5,X","","","19870625",",5,X","","","","","","","33","5,,X,25,","3.3","5,,X,25,","","","","","","","6.2","5,,,X","62","5,,,X","","","","","","","","","",""
"AYM00089664","1987-07","-77.8833","166.7333","24.1","MCMURDO SOUND NAF, AY","","","0.0","S","0.0","4,X","4","4,X","1","4,X","0","4,X","","","1","4,X","25","4,X","27","4,X","27","4,X","0","4,X","0","4,X","","","","","19870731",",4,X","","","19870714",",4,X","","","19870714",",4,X","19870701",",4,X","-36.1","4,X,31,","","","30","4,,X,14,","3.0","4,,X,14,","-8.3","4,X,01,","","","1133.4","4,X","5.4","4,,,X","54","4,,,X","-23.65","4,X","-19.72","4,,,X","-27.57","4,,,X","","","25.7","4,X"
"AYM00089664","1987-08","-77.8833","166.7333","24.1","MCMURDO SOUND NAF, AY","","","0.0","S","0.0","5,X","1","3,X","1","3,X","0","3,X","","","1","3,X","26","5,X","26","5,X","26","5,X","0","5,X","0","5,X","2","","","","19870810",",5,X","","","19870803",",3,X","","","19870803",",3,X","19870813",",5,X","-41.1","5,X,10,","","","51","3,,X,03,","5.1","3,,X,03,","-7.2","5,X,13,","","","1198.5","5,X","5.1","3,,,X","51","3,,,X","-27.76","5,X","-23.69","5,,,X","-31.83","5,,,X","","","37.0","4,X"
"AYM00089664","1987-09","-77.8833","166.7333","24.1","MCMURDO SOUND NAF, AY","","","0.0","S","0.0","1,X","10","1,X","1","1,X","0","1,X","","","1","1,X","27","1,X","29","1,X","29","1,X","0","1,X","0","1,X","","","","","19870926",",1,X","","","19870917",",1,X","","","19870917",",1,X","19870911",",1,X","-38.9","1,X,26,","","","76","1,,X,17,","7.6","1,,X,17,","-7.2","1,X,11,","","","1148.0","1,X","18.3","1,,,X","168","1,,,X","-21.25","1,X","-15.47","1,,,X","-27.03","1,,,X","180","1,X","31.4","1,X"
"AYM00089664","1987-10","-77.8833","166.7333","24.1","MCMURDO SOUND NAF, AY","","","0.0","S","0.0",",X","6",",X","0",",X","0",",X","","","0",",X","25",",X","31",",X","30",",X","0",",X","0",",X","1","","","","19871021",",,X","","","19871002",",,X","","","19871002",",,X","19871002",",,X","-26.7",",X,21,","","","20",",,X,02,","2.0",",,X,02,","3.3",",X,02,","","","1047.4",",X","5.4",",,,X","54",",,,X","-15.45",",X","-10.11",",,,X","-20.80",",,,X","338",",X","42.1",",X"
"AYM00089664","1987-11","-77.8833","166.7333","24.1","MCMURDO SOUND NAF, AY","","","0.0","S","0.0",",X","0",",X","0",",X","0",",X","","","0",",X","0",",X","30",",X","21",",X","0",",X","0",",X","","","","","19871105","+,,X","","","19871130","+,,X","","","19871130","+,,X","19871130",",,X","-17.2",",X,05,+","","","0",",T,X,30,+","0.0",",T,X,30,+","10.0",",X,30,","","","734.2",",X","0.0",",T,,X","0",",T,,X","-6.14",",X","-0.89",",,,X","-11.39",",,,X","","","19.5",",X"
"AYM00089664","1988-01","-77.8833","166.7333","24.1","MCMURDO SOUND NAF, AY","","","","","0.0",",X","4",",X","1",",X","0",",X","","","1",",X","0",",X","30",",X","10",",X","0",",X","0",",X","","","","","19880131",",,X","","","19880101",",,X","","","19880101",",,X","19880105",",,X","-9.4",",X,31,","","","33",",,X,01,","3.3",",,X,01,","8.3",",X,05,","617.2","S","617.2",",X","5.4",",,,X","54",",,,X","-1.58",",X","1.99",",,,X","-5.14",",,,X","338",",X","21.1",",X"
"AYM00089664","1988-02","-77.8833","166.7333","24.1","MCMURDO SOUND NAF, AY","","","","","0.0",",X","4","1,X","0","1,X","0","1,X","","","0","1,X","7",",X","29",",X","27",",X","0",",X","0",",X","1","","","","19880229",",,X","","","19880201",",1,X","","","19880201",",1,X","19880203",",,X","-26.1",",X,29,","","","15","1,,X,01,","1.5","1,,X,01,","1.7",",X,03,","1430.3","S","813.1",",X","2.9","1,,,X","29","1,,,X","-9.70",",X","-6.91",",,,X","-12.49",",,,X","80",",X","19.0",",X"
"AYM00089664","1988-03","-77.8833","166.7333","24.1","MCMURDO SOUND NAF, AY","","","","","0.0",",X","7",",X","0",",X","0",",X","","","0",",X","29",",X","31",",X","31",",X","0",",X","0",",X","","","","","19880303",",,X","","","19880322",",,X","","","19880322",",,X","19880321",",,X","-32.8",",X,03,","","","23",",,X,22,","2.3",",,X,22,","-7.8",",X,21,","2596.3","S","1166.0",",X","5.3",",,,X","53",",,,X","-19.28",",X","-14.93",",,,X","-23.64",",,,X","190",",X","25.2",",X"
"AYM00089664","1988-04","-77.8833","166.7333","24.1","MCMURDO SOUND NAF, AY","","","","","0.0",",X","1",",X","0",",X","0",",X","","","0",",X","25",",X","30",",X","30",",X","0",",X","0",",X","","","","","19880415",",,X","","","19880410",",,X","","","19880410",",,X","19880401",",,X","-32.2",",X,15,","","","3",",,X,10,","0.3",",,X,10,","-5.0",",X,01,","3718.2","S","1121.9",",X","0.3",",,,X","3",",,,X","-19.07",",X","-14.78",",,,X","-23.35",",,,X","","","23.1",",X"
"AYM00089664","1988-05","-77.8833","166.7333","24.1","MCMURDO SOUND NAF, AY","","","","","0.0",",X","11",",X","3",",X","0",",X","","","4",",X","31",",X","31",",X","31",",X","0",",X","0",",X","1","","1","","19880515","+,,X","","","19880520",",,X","","","19880520",",,X","19880526",",,X","-32.2",",X,15,+","","","56",",,X,20,","5.6",",,X,20,","-8.9",",X,26,","4919.0","S","1200.8",",X","18.7",",,,X","214",",,,X","-20.40",",X","-16.36",",,,X","-24.44",",,,X","","","30.8",",X"
"AYM00089664","1988-06","-77.8833","166.7333","24.1","MCMURDO SOUND NAF, AY","","","","","0.0",",X","9",",X","1",",X","0",",X","","","1",",X","29",",X","30",",X","30",",X","0",",X","0",",X","","","","","19880627",",,X","","","19880607",",,X","","","19880607",",,X","19880630","+,,X","-36.1",",X,27,","","","155",",,X,07,","15.5",",,X,07,","-10.0",",X,30,+","6098.6","S","1179.6",",X","23.9",",,,X","239",",,,X","-20.99",",X","-16.46",",,,X","-25.52",",,,X","338",",X","30.8",",X"
"AYM00089664","1988-07","-77.8833","166.7333","24.1","MCMURDO SOUND NAF, AY","","","0.0","S","0.0",",X","5",",X","1",",X","0",",X","","","1",",X","31",",X","31",",X","31",",X","0",",X","0",",X","","","","","19880720",",,X","","","19880705",",,X","","","19880705",",,X","19880714",",,X","-38.9",",X,20,","","","74",",,X,05,","7.4",",,X,05,","-7.8",",X,14,","7427.1","S","1328.5",",X","11.4",",,,X","114",",,,X","-24.52",",X","-19.60",",,,X","-29.45",",,,X","","","27.2",",X"
"AYM00089664","1988-11","-77.8833","166.7333","24.1","MCMURDO SOUND NAF, AY","","","","","","","","","","","","","","","","","7","5,S","25","5,S","","","","","","","","","","","19881103",",5,S","","","","","","","","","","","-25.8","5,S,03,","","","","","","","","","","","","","","","","","","","","","-14.85","5,,,S","","","",""
"AYM00089664","1989-02","-77.8833","166.7333","24.1","MCMURDO SOUND NAF, AY","","","","","0.0","1,X","7","1,X","2","1,X","0","1,X","","","2","1,X","11","1,X","27","1,X","27","1,X","0","1,X","0","1,X","1","","","","19890222",",1,X","","","19890224",",1,X","","","19890223",",1,X","19890202",",1,X","-23.3","1,X,22,","","","445","1,,X,24,","7.1","1,,X,23,","-1.1","1,X,02,","","","865.8","1,X","17.1","1,,,X","573","1,,,X","-13.73","1,X","-10.99","1,,,X","-16.47","1,,,X","80","1,X","17.0","1,X"
"AYM00089664","1989-03","-77.8833","166.7333","24.1","MCMURDO SOUND NAF, AY","","","","","0.0",",X","12",",X","5",",X","0",",X","","","5",",X","28",",X","31",",X","31",",X","0",",X","0",",X","1","","","","19890324","+,,X","","","19890306",",,X","","","19890306",",,X","19890309",",,X","-27.2",",X,24,+","","","53",",,X,06,","5.3",",,X,06,","-7.8",",X,09,","","","1146.1",",X","26.5",",,,X","265",",,,X","-18.64",",X","-15.05",",,,X","-22.23",",,,X","70",",X","22.6",",X"
"AYM00089664","1989-04","-77.8833","166.7333","24.1","MCMURDO SOUND NAF, AY","","","","","0.0",",X","12",",X","1",",X","0",",X","","","1",",X","23",",X","30",",X","30",",X","0",",X","0",",X","","","","","19890427",",,X","","","19890402",",,X","","","19890402",",,X","19890402",",,X","-42.2",",X,27,","","","28",",,X,02,","2.8",",,X,02,","-6.7",",X,02,","","","1194.8",",X","11.5",",,,X","115",",,,X","-21.50",",X","-17.69",",,,X","-25.30",",,,X","230",",X","33.4",",X"
"AYM00089664","1989-05","-77.8833","166.7333","24.1","MCMURDO SOUND NAF, AY","","","","","0.0",",X","2",",X","0",",X","0",",X","","","0",",X","31",",X","31",",X","31",",X","0",",X","0",",X","","","","","19890526",",,X","","","19890529",",,X","","","19890529",",,X","19890501",",,X","-41.1",",X,26,","","","15",",,X,29,","1.5",",,X,29,","-15.0",",X,01,","","","1423.2",",X","2.0",",,,X","20",",,,X","-27.58",",X","-23.26",",,,X","-31.89",",,,X","150",",X","31.4",",X"
"AYM00089664","1989-06","-77.8833","166.7333","24.1","MCMURDO SOUND NAF, AY","","","","","0.0","1,X","4",",X","0",",X","0",",X","","","0",",X","29","1,X","29","1,X","29","1,X","0","1,X","0","1,X","","","","","19890611",",1,X","","","19890630",",,X","","","19890630",",,X","19890617",",1,X","-43.9","1,X,11,","","","10",",,X,30,","1.0",",,X,30,","-21.1","1,X,17,","","","1460.3","1,X","2.6",",,,X","26",",,,X","-32.02","1,X","-27.76","1,,,X","-36.28","1,,,X","150","1,X","28.3","1,X"
"AYM00089664","1989-07","-77.8833","166.7333","24.1","MCMURDO SOUND NAF, AY","","","0.0","X","0.0",",X","5",",X","1",",X","0",",X","","","1",",X","31",",X","31",",X","31",",X","0",",X","0",",X","","","","","19890711",",,X","","","19890701",",,X","","","19890701",",,X","19890729","+,,X","-40.0",",X,11,","","","25",",,X,01,","2.5",",,X,01,","-12.2",",X,29,+","","","1323.6",",X","5.5",",,,X","55",",,,X","-24.36",",X","-19.58",",,,X","-29.14",",,,X","170",",X","31.4",",X"
"AYM00089664","1989-08","-77.8833","166.7333","24.1","MCMURDO SOUND NAF, AY","","","0.0","X","0.0",",X","7","1,X","2","1,X","0","1,X","","","2","1,X","31",",X","31",",X","31",",X","0",",X","0",",X","","","","","19890822","+,,X","","","19890808",",1,X","","","19890808",",1,X","19890830",",,X","-40.0",",X,22,+","","","48","1,,X,08,","4.8","1,,X,08,","-7.2",",X,30,","","","1399.3",",X","13.4","1,,,X","134","1,,,X","-26.80",",X","-21.55",",,,X","-32.06",",,,X","170",",X","32.4",",X"
"AYM00089664","1989-09","-77.8833","166.7333","24.1","MCMURDO SOUND NAF, AY","","","0.0","X","0.0",",X","0",",X","0",",X","0",",X","","","0",",X","27",",X","30",",X","30",",X","0",",X","0",",X","","","","","19890912","+,,X","","","19890930","+,,X","","","19890930","+,,X","19890920","+,,X","-39.4",",X,12,+","","","0",",T,X,30,+","0.0",",T,X,30,+","-6.1",",X,20,+","","","1256.1",",X","0.0",",T,,X","0",",T,,X","-23.54",",X","-18.97",",,,X","-28.11",",,,X","150",",X","30.8",",X"
"AYM00089664","1989-10","-77.8833","166.7333","24.1","MCMURDO SOUND NAF, AY","","","0.0","X","0.0","1,X","3",",X","2",",X","0",",X","","","1",",X","23",",X","31",",X","30","1,X","0","1,X","0","1,X","","","","","19891002",",,X","","","19891020",",,X","","","19891019",",,X","19891013",",1,X","-31.1",",X,02,","","","33",",,X,20,","5.1",",,X,19,","-6.1","1,X,13,","","","1054.1","1,X","10.4",",,,X","58",",,,X","-16.96","1,X","-12.50","1,,,X","-21.42",",,,X","","","",""
"AYM00089664","1989-11","-77.8833","166.7333","24.1","MCMURDO SOUND NAF, AY","","","0.0","X","0.0",",X","8",",X","0",",X","0",",X","","","0",",X","3",",X","30",",X","30",",X","0",",X","0",",X","1","","","","19891103",",,X","","","19891125",",,X","","","19891125",",,X","19891130","+,,X","-20.0",",X,03,","","","20",",,X,25,","2.0",",,X,25,","-0.6",",X,30,+","","","852.2",",X","9.7",",,,X","97",",,,X","-10.08",",X","-7.19",",,,X","-12.96",",,,X","","","",""
"AYM00089664","1989-12","-77.8833","166.7333","24.1","MCMURDO SOUND NAF, AY","","","0.0","X","0.0","1,X","1",",X","0",",X","0",",X","","","0",",X","2","1,X","30","1,X","21","1,X","0","1,X","0","1,X","1","","","","19891202",",1,X","","","19891202",",,X","","","19891202",",,X","19891203",",1,X","-22.8","1,X,02,","","","18",",,X,02,","1.8",",,X,02,","3.9","1,X,03,","","","667.4","1,X","1.8",",,,X","18",",,,X","-3.91","1,X","-0.66","1,,,X","-7.16","1,,,X","180","1,X","24.2","1,X"
"AYM00089664","1990-01","-77.8833","166.7333","24.1","MCMURDO SOUND NAF, AY","","","0.0","S","0.0","5,X","2",",X","1",",X","0",",X","","","0",",X","0","5,X","26","5,X","17","5,X","0","5,X","0","5,X","2","","","","19900116",",5,X","","","19900125",",,X","","","19900111",",,X","19900118",",5,X","-11.7","5,X,16,","","","18",",,X,25,","5.1",",,X,11,","3.3","5,X,18,","553.9","S","553.9","5,X","6.9",",,,X","23",",,,X","-2.97","5,X","-0.07","5,,,X","-5.87","5,,,X","","","",""
"AYM00089664","1990-02","-77.8833","166.7333","24.1","MCMURDO SOUND NAF, AY","","","0.0","S","0.0","1,X","4",",X","1",",X","0",",X","","","1",",X","5","1,X","27","1,X","27","1,X","0","1,X","0","1,X","3","","","","19900222",",1,X","","","19900223",",,X","","","19900223",",,X","19900207","+,1,X","-20.0","1,X,22,","","","43",",,X,23,","4.3",",,X,23,","-1.7","1,X,07,+","1344.2","S","790.3","1,X","6.7",",,,X","67",",,,X","-10.94","1,X","-7.52","1,,,X","-14.36","1,,,X","160","3,X","22.1","3,X"
"AYM00089664","1990-03","-77.8833","166.7333","24.1","MCMURDO SOUND NAF, AY","","","0.0","S","0.0",",X","8","1,X","3","1,X","0","1,X","","","3","1,X","24",",X","31",",X","31",",X","0",",X","0",",X","3","","","","19900329",",,X","","","19900328",",1,X","","","19900328",",1,X","19900321",",,X","-31.7",",X,29,","","","43","1,,X,28,","4.3","1,,X,28,","-7.2",",X,21,","2473.5","S","1129.3",",X","14.8","1,,,X","148","1,,,X","-18.10",",X","-14.33",",,,X","-21.86",",,,X","","","",""
"AYM00089664","1990-04","-77.8833","166.7333","24.1","MCMURDO SOUND NAF, AY","","","0.0","S","0.0",",X","7","2,X","1","2,X","0","2,X","","","1","2,X","26",",X","30",",X","30",",X","0",",X","0",",X","","","","","19900421",",,X","","","19900408",",2,X","","","19900408",",2,X","19900429",",,X","-38.9",",X,21,","","","25","2,,X,08,","2.5","2,,X,08,","-8.9",",X,29,","3658.5","S","1185.0",",X","7.5","2,,,X","75","2,,,X","-21.17",",X","-17.08",",,,X","-25.26",",,,X","","","",""
"AYM00089664","1990-05","-77.8833","166.7333","24.1","MCMURDO SOUND NAF, AY","","","0.0","S","0.0","5,X","8","2,X","1","2,X","0","2,X","","","1","2,X","25","5,X","26","5,X","27","4,X","0","4,X","0","4,X","","","","","19900513",",5,X","","","19900531",",2,X","","","19900531",",2,X","19900502",",4,X","-37.2","5,X,13,","","","25","2,,X,31,","2.5","2,,X,31,","-8.3","4,X,02,","4738.5","S","1080.0","4,X","7.3","2,,,X","73","2,,,X","-23.33","5,X","-19.75","4,,,X","-26.90","5,,,X","","","",""
"AYM00089664","1990-06","-77.8833","166.7333","24.1","MCMURDO SOUND NAF, AY","","","0.0","S","0.0",",X","2",",X","0",",X","0",",X","","","0",",X","30",",X","30",",X","30",",X","0",",X","0",",X","","","","","19900611",",,X","","","19900612",",,X","","","19900612",",,X","19900620","+,,X","-41.7",",X,11,","","","10",",,X,12,","1.0",",,X,12,","-9.4",",X,20,+","6061.6","S","1323.1",",X","1.8",",,,X","18",",,,X","-25.77",",X","-20.86",",,,X","-30.68",",,,X","","","",""
"AYM00089664","1990-07","-77.8833","166.7333","24.1","MCMURDO SOUND NAF, AY","","","0.0","S","0.0","2,X","1","2,X","0","2,X","0","2,X","","","0","2,X","29","2,X","29","2,X","29","2,X","0","2,X","0","2,X","3","","","","19900731",",2,X","","","19900715",",2,X","","","19900715",",2,X","19900723",",2,X","-38.3","2,X,31,","","","8","2,,X,15,","0.8","2,,X,15,","-12.2","2,X,23,","7350.2","S","1288.6","2,X","0.8","2,,,X","8","2,,,X","-26.10","2,X","-21.99","2,,,X","-30.21","2,,,X","","","",""
"AYM00089664","1990-08","-77.8833","166.7333","24.1","MCMURDO SOUND NAF, AY","","","0.0","S","0.0",",X","4",",X","1",",X","0",",X","","","1",",X","31",",X","31",",X","31",",X","0",",X","0",",X","2","","","","19900829",",,X","","","19900830",",,X","","","19900830",",,X","19900807",",,X","-48.3",",X,29,","","","38",",,X,30,","3.8",",,X,30,","-11.1",",X,07,","8841.9","S","1491.7",",X","6.9",",,,X","69",",,,X","-29.79",",X","-24.68",",,,X","-34.89",",,,X","","","",""
"AYM00089664","1990-09","-77.8833","166.7333","24.1","MCMURDO SOUND NAF, AY","","","0.0","S","0.0",",X","4",",X","0",",X","0",",X","","","0",",X","30",",X","30",",X","30",",X","0",",X","0",",X","3","","","","19900918",",,X","","","19900929",",,X","","","19900929",",,X","19900928",",,X","-38.3",",X,18,","","","23",",,X,29,","2.3",",,X,29,","-11.1",",X,28,","10240.2","S","1398.3",",X","4.1",",,,X","41",",,,X","-28.28",",X","-23.55",",,,X","-33.00",",,,X","","","",""
"AYM00089664","1990-10","-77.8833","166.7333","24.1","MCMURDO SOUND NAF, AY","","","0.0","S","0.0","1,X","2",",X","1",",X","0",",X","","","1",",X","28","1,X","30","1,X","30","1,X","0","1,X","0","1,X","1","","1","","19901019",",1,X","","","19901026",",,X","","","19901026",",,X","19901018",",1,X","-36.1","1,X,19,","","","89",",,X,26,","8.9",",,X,26,","-6.7","1,X,18,","11364.1","S","1123.9","1,X","9.9",",,,X","99",",,,X","-19.13","1,X","-13.89","1,,,X","-24.37","1,,,X","190","2,X","23.6","2,X"
"AYM00089664","1990-11","-77.8833","166.7333","24.1","MCMURDO SOUND NAF, AY","","","0.0","S","0.0",",X","1",",X","0",",X","0",",X","","","0",",X","4",",X","30",",X","23",",X","0",",X","0",",X","4","","4","","19901104",",,X","","","19901108",",,X","","","19901108",",,X","19901122",",,X","-21.7",",X,04,","","","13",",,X,08,","1.3",",,X,08,","7.2",",X,22,","12156.8","S","792.7",",X","1.3",",,,X","13",",,,X","-8.09",",X","-5.11",",,,X","-11.08",",,,X","","","",""
"AYM00089664","1991-01","-77.8833","166.7333","24.1","MCMURDO SOUND NAF, AY","","","","","0.0","2,X","3",",X","0",",X","0",",X","","","0",",X","0","1,X","30","1,X","15","1,X","0","1,X","0","1,X","","","","","19910106",",1,X","","","19910124",",,X","","","19910124",",,X","19910101",",1,X","-12.8","1,X,06,","","","18",",,X,24,","1.8",",,X,24,","4.4","1,X,01,","612.5","X","612.5","1,X","4.1",",,,X","41",",,,X","-2.88","2,X","0.13","1,,,X","-5.89","1,,,X","","","",""
"AYM00089664","1991-02","-77.8833","166.7333","24.1","MCMURDO SOUND NAF, AY","","","","","0.0",",X","3",",X","3",",X","0",",X","","","3",",X","0",",X","28",",X","27",",X","0",",X","0",",X","","","","","19910217","+,,X","","","19910220",",,X","","","19910220",",,X","19910201",",,X","-15.6",",X,17,+","","","89",",,X,20,","8.9",",,X,20,","0.6",",X,01,","1334.2","X","721.7",",X","23.6",",,,X","236",",,,X","-7.44",",X","-4.74",",,,X","-10.14",",,,X","210",",X","25.7",",X"
"AYM00089664","1991-03","-77.8833","166.7333","24.1","MCMURDO SOUND NAF, AY","","","","","0.0",",X","1",",X","0",",X","0",",X","","","1",",X","24",",X","31",",X","31",",X","0",",X","0",",X","2","","1","","19910330",",,X","","","19910320",",,X","","","19910320",",,X","19910307",",,X","-31.1",",X,30,","","","25",",,X,20,","0.3",",,X,20,","-5.0",",X,07,","2492.5","X","1158.3",",X","0.3",",,,X","25",",,,X","-19.03",",X","-14.55",",,,X","-23.52",",,,X","330",",X","25.7",",X"
"AYM00089664","1991-04","-77.8833","166.7333","24.1","MCMURDO SOUND NAF, AY","","","","","0.0",",X","0",",X","0",",X","0",",X","","","0",",X","28",",X","30",",X","30",",X","0",",X","0",",X","1","","1","","19910405","+,,X","","","19910428","+,,X","","","19910428","+,,X","19910429","+,,X","-34.4",",X,05,+","","","0",",T,X,28,+","0.0",",T,X,28,+","-8.3",",X,29,+","3648.6","X","1156.1",",X","0.0",",T,,X","0",",T,,X","-20.20",",X","-15.45",",,,X","-24.96",",,,X","160",",X","27.8",",X"
"AYM00089664","1991-05","-77.8833","166.7333","24.1","MCMURDO SOUND NAF, AY","","","","","0.0","1,X","0",",X","0",",X","0",",X","","","0",",X","27","1,X","30","1,X","30","1,X","0","1,X","0","1,X","","","","","19910516","+,1,X","","","19910528","+,,X","","","19910528","+,,X","19910525",",1,X","-38.3","1,X,16,+","","","0",",T,X,28,+","0.0",",T,X,28,+","-6.7","1,X,25,","4945.4","X","1296.8","1,X","0.0",",T,,X","0",",T,,X","-24.90","1,X","-20.79","1,,,X","-29.00","1,,,X","170",",X","30.8",",X"
"AYM00089664","1991-06","-77.8833","166.7333","24.1","MCMURDO SOUND NAF, AY","","","","","0.0",",X","0",",X","0",",X","0",",X","","","0",",X","28",",X","30",",X","30",",X","0",",X","0",",X","1","","1","","19910626",",,X","","","19910627","+,,X","","","19910627","+,,X","19910617",",,X","-31.1",",X,26,","","","0",",T,X,27,+","0.0",",T,X,27,+","-7.8",",X,17,","6104.8","X","1159.4",",X","0.0",",T,,X","0",",T,,X","-20.32",",X","-16.42",",,,X","-24.21",",,,X","130","2,X","31.4","2,X"
"AYM00089664","1991-07","-77.8833","166.7333","24.1","MCMURDO SOUND NAF, AY","","","0.0","X","0.0",",X","0",",X","0",",X","0",",X","","","0",",X","31",",X","31",",X","31",",X","0",",X","0",",X","","","","","19910707","+,,X","","","19910725","+,,X","","","19910725","+,,X","19910719",",,X","-41.1",",X,07,+","","","0",",T,X,25,+","0.0",",T,X,25,+","-10.6",",X,19,","7465.5","X","1360.7",",X","0.0",",T,,X","0",",T,,X","-25.56",",X","-20.75",",,,X","-30.38",",,,X","130",",X","28.8",",X"
"AYM00089664","1991-08","-77.8833","166.7333","24.1","MCMURDO SOUND NAF, AY","","","0.0","X","0.0",",X","0",",X","0",",X","0",",X","","","0",",X","31",",X","31",",X","31",",X","0",",X","0",",X","","","","","19910820","+,,X","","","19910821","+,,X","","","19910821","+,,X","19910801",",,X","-37.8",",X,20,+","","","0",",T,X,21,+","0.0",",T,X,21,+","-12.2",",X,01,","8848.4","X","1382.9",",X","0.0",",T,,X","0",",T,,X","-26.28",",X","-21.47",",,,X","-31.08",",,,X","130","1,X","24.7","1,X"
"AYM00089664","1991-09","-77.8833","166.7333","24.1","MCMURDO SOUND NAF, AY","","","0.0","X","0.0","2,X","0",",X","0",",X","0",",X","","","0",",X","24","1,X","29","1,X","29","1,X","0","1,X","0","1,X","","","","","19910904",",1,X","","","19910930","+,,X","","","19910930","+,,X","19910920",",1,X","-35.0","1,X,04,","","","0",",T,X,30,+","0.0",",T,X,30,+","-6.7","1,X,20,","9948.7","X","1100.3","1,X","0.0",",T,,X","0",",T,,X","-20.92","2,X","-15.63","1,,,X","-26.21","1,,,X","180",",X","29.8",",X"
"AYM00089664","1991-10","-77.8833","166.7333","24.1","MCMURDO SOUND NAF, AY","","","0.0","X","0.0","2,X","0","1,X","0","1,X","0","1,X","","","0","1,X","26","1,X","30","1,X","30","1,X","0","1,X","0","1,X","3","","","","19911015",",1,X","","","19911031","+,1,X","","","19911031","+,1,X","19911018",",1,X","-32.2","1,X,15,","","","0","1,T,X,31,+","0.0","1,T,X,31,+","-7.2","1,X,18,","11025.4","X","1076.7","1,X","0.0","1,T,,X","0","1,T,,X","-18.59","2,X","-14.33","1,,,X","-22.84","1,,,X","180","1,X","25.7","1,X"
"AYM00089664","1991-11","-77.8833","166.7333","24.1","MCMURDO SOUND NAF, AY","","","0.0","X","0.0",",X","0",",X","0",",X","0",",X","","","0",",X","5",",X","30",",X","28",",X","0",",X","0",",X","","","","","19911102",",,X","","","19911128","+,,X","","","19911128","+,,X","19911129","+,,X","-25.6",",X,02,","","","0",",T,X,28,+","0.0",",T,X,28,+","1.1",",X,29,+","11824.4","X","799.0",",X","0.0",",T,,X","0",",T,,X","-8.30",",X","-4.84",",,,X","-11.76",",,,X","200",",X","25.7",",X"
"AYM00089664","1991-12","-77.8833","166.7333","24.1","MCMURDO SOUND NAF, AY","","","0.0","X","0.0","1,X","0","1,X","0","1,X","0","1,X","","","0","1,X","0","1,X","30","1,X","6","1,X","0","1,X","0","1,X","","","","","19911205",",1,X","","","19911231","+,1,X","","","19911231","+,1,X","19911229",",1,X","-15.6","1,X,05,","","","0","1,T,X,31,+","0.0","1,T,X,31,+","6.1","1,X,29,","12415.2","X","590.8","1,X","0.0","1,T,,X","0","1,T,,X","-1.36","1,X","1.29","1,,,X","-4.01","1,,,X","160","1,X","21.6","1,X"
"AYM00089664","1992-02","-77.8833","166.7333","24.1","MCMURDO SOUND NAF, AY","","","","","","","1","2,X","0","2,X","0","2,X","","","1","2,X","8","5,X","24","5,X","24","5,X","0","5,X","0","5,X","2","","","","19920229",",5,X","","","19920228",",2,X","","","19920213",",2,X","19920203",",5,X","-29.4","5,X,29,","","","64","2,,X,28,","1.3","2,,X,13,","-1.7","5,X,03,","","","","","1.3","2,,,X","77","2,,,X","-12.63","8,X","-8.34","5,,,X","-16.92","5,,,X","70","2,X","20.6","2,X"
"AYM00089664","1992-03","-77.8833","166.7333","24.1","MCMURDO SOUND NAF, AY","","","","","","","6","1,X","1","1,X","0","1,X","","","1","1,X","19","3,X","28","3,X","28","3,X","0","3,X","0","3,X","2","","","","19920330",",3,X","","","19920315",",1,X","","","19920315",",1,X","19920307","+,3,X","-32.2","3,X,30,","","","38","1,,X,15,","3.8","1,,X,15,","-5.0","3,X,07,+","","","","","9.0","1,,,X","90","1,,,X","-16.08","6,X","-12.90","3,,,X","-19.26","3,,,X","160","1,X","28.8","1,X"
"AYM00089664","1992-04","-77.8833","166.7333","24.1","MCMURDO SOUND NAF, AY","","","","","0.0","1,X","6","1,X","0","1,X","0","1,X","","","0","1,X","28","1,X","29","1,X","29","1,X","0","1,X","0","1,X","","","","","19920424","+,1,X","","","19920421","+,1,X","","","19920421","+,1,X","19920430","+,1,X","-32.8","1,X,24,+","","","13","1,,X,21,+","1.3","1,,X,21,+","-10.0","1,X,30,+","","","1182.2","1,X","4.6","1,,,X","46","1,,,X","-22.43","1,X","-18.52","1,,,X","-26.34","1,,,X","","","",""
"AYM00089664","1992-05","-77.8833","166.7333","24.1","MCMURDO SOUND NAF, AY","","","","","0.0","1,X","9",",X","1",",X","0",",X","","","1",",X","29","1,X","30","1,X","30","1,X","0","1,X","0","1,X","","","","","19920527","+,1,X","","","19920529",",,X","","","19920529",",,X","19920520",",1,X","-31.1","1,X,27,+","","","25",",,X,29,","2.5",",,X,29,","-8.9","1,X,20,","","","1217.1","1,X","12.5",",,,X","125",",,,X","-22.24","1,X","-18.77","1,,,X","-25.70","1,,,X","180",",X","29.3",",X"
"AYM00089664","1992-06","-77.8833","166.7333","24.1","MCMURDO SOUND NAF, AY","","","","","0.0","3,X","6","2,X","4","2,X","0","2,X","","","6","2,X","26","3,X","27","3,X","27","3,X","0","3,X","0","3,X","1","","","","19920607",",3,X","","","19920613","+,2,X","","","19920613","+,2,X","19920601",",3,X","-35.6","3,X,07,","","","64","2,,X,13,+","6.4","2,,X,13,+","-8.9","3,X,01,","","","1155.8","3,X","21.2","2,,,X","280","2,,,X","-24.47","3,X","-20.03","3,,,X","-28.92","3,,,X","330","2,X","33.4","2,X"
"AYM00089664","1992-07","-77.8833","166.7333","24.1","MCMURDO SOUND NAF, AY","","","0.0","S","0.0",",X","10",",X","3",",X","0",",X","","","3",",X","31",",X","31",",X","31",",X","0",",X","0",",X","1","","1","","19920731",",,X","","","19920727",",,X","","","19920727",",,X","19920711",",,X","-32.2",",X,31,","","","216",",,X,27,","21.6",",,X,27,","-10.0",",X,11,","","","1254.8",",X","51.2",",,,X","512",",,,X","-22.15",",X","-18.27",",,,X","-26.02",",,,X","240",",X","29.8",",X"
"AYM00089664","1992-09","-77.8833","166.7333","24.1","MCMURDO SOUND NAF, AY","","","","","0.0","1,X","4","3,X","1","3,X","0","3,X","","","1","3,X","27","1,Z","29","1,X","29","1,Z","0","1,Z","0","1,Z","2","","","","19920915","+,1,X","","","19920928",",3,X","","","19920928",",3,X","19920926","+,1,Z","-40.0","1,X,15,+","","","64","3,,X,28,","6.4","3,,X,28,","-4.4","1,Z,26,+","","","1205.5","1,Z","8.5","3,,,X","85","3,,,X","-23.23","1,X","-18.00","1,,,Z","-28.47","1,,,X","150","2,X","22.1","2,X"
"AYM00089664","1992-10","-77.8833","166.7333","24.1","MCMURDO SOUND NAF, AY","","","","","0.0","4,X","4","4,X","1","4,X","0","4,X","","","1","4,X","14","4,X","27","4,X","24","4,X","0","4,X","0","4,X","","","","","19921002",",4,X","","","19921008",",4,X","","","19921008",",4,X","19921014",",4,X","-25.0","4,X,02,","","","135","4,,X,08,","13.5","4,,X,08,","4.4","4,X,14,","","","846.8","4,X","16.6","4,,,X","166","4,,,X","-13.03","4,X","-9.27","4,,,X","-16.79","4,,,X","150","3,X","22.6","3,X"
"AYM00089664","1992-11","-77.8833","166.7333","24.1","MCMURDO SOUND NAF, AY","","","","","0.0","1,X","3","1,X","0","1,X","0","1,X","","","0","1,X","4","1,X","29","1,X","28","1,X","0","1,X","0","1,X","2","","","","19921104",",1,X","","","19921117","+,1,X","","","19921117","+,1,X","19921125",",1,X","-23.9","1,X,04,","","","13","1,,X,17,+","1.3","1,,X,17,+","0.6","1,X,25,","","","781.9","1,X","3.6","1,,,X","36","1,,,X","-8.63","1,X","-5.88","1,,,X","-11.38","1,,,X","90","1,X","21.6","1,X"
"AYM00089664","1993-01","-77.8833","166.7333","24.1","MCMURDO SOUND NAF, AY","","","","","0.0",",X","0",",X","0",",X","0",",X","","","0",",X","0",",X","31",",X","14",",X","0",",X","0",",X","","","","","19930128","+,,X","","","19930130","+,,X","","","19930130","+,,X","19930110",",,X","-8.9",",X,28,+","","","0",",T,X,30,+","0.0",",T,X,30,+","8.3",",X,10,","630.8","X","630.8",",X","0.0",",T,,X","0",",T,,X","-2.01",",X","0.51",",,,X","-4.54",",,,X","80",",X","19.5",",X"
"AYM00089664","1993-08","-77.8833","166.7333","24.1","MCMURDO SOUND NAF, AY","","","","","0.0",",X","4",",X","0",",X","0",",X","","","0",",X","30",",X","31",",X","31",",X","0",",X","0",",X","2","","","","19930820","+,,X","","","19930831",",,X","","","19930831",",,X","19930830",",,X","-40.0",",X,20,+","","","20",",,X,31,","2.0",",,X,31,","-7.8",",X,30,","","","1459.3",",X","3.9",",,,X","39",",,,X","-28.74",",X","-24.62",",,,X","-32.86",",,,X","120",",X","32.9",",X"
"AYM00089664","1993-09","-77.8833","166.7333","24.1","MCMURDO SOUND NAF, AY","","","","","0.0",",X","7",",X","1",",X","0",",X","","","1",",X","30",",X","30",",X","30",",X","0",",X","0",",X","1","","","","19930921",",,X","","","19930908",",,X","","","19930908",",,X","19930902",",,X","-38.9",",X,21,","","","36",",,X,08,","3.6",",,X,08,","-7.8",",X,02,","","","1255.8",",X","10.1",",,,X","101",",,,X","-23.53",",X","-19.09",",,,X","-27.97",",,,X","70",",X","20.6",",X"
"AYM00089664","1993-10","-77.8833","166.7333","24.1","MCMURDO SOUND NAF, AY","","","","","0.0","2,X","3",",X","0",",X","0",",X","","","0",",X","21","1,X","30","1,X","30","1,X","0","1,X","0","1,X","3","","","","19931005",",1,X","","","19931004",",,X","","","19931004",",,X","19931025",",1,X","-33.9","1,X,05,","","","20",",,X,04,","2.0",",,X,04,","-3.3","1,X,25,","","","1095.1","1,X","4.0",",,,X","40",",,,X","-19.45","2,X","-15.56","1,,,X","-23.33","1,,,X","140",",X","19.5",",X"
"AYM00089664","1993-11","-77.8833","166.7333","24.1","MCMURDO SOUND NAF, AY","","","","","0.0",",X","9",",X","2",",X","0",",X","","","3",",X","4",",X","30",",X","28",",X","0",",X","0",",X","","","","","19931103",",,X","","","19931105",",,X","","","19931105",",,X","19931122",",,X","-25.0",",X,03,","","","86",",,X,05,","8.6",",,X,05,","1.1",",X,22,","","","789.5",",X","16.9",",,,X","225",",,,X","-7.99",",X","-4.92",",,,X","-11.05",",,,X","130","2,X","18.0","2,X"
"AYM00089664","1993-12","-77.8833","166.7333","24.1","MCMURDO SOUND NAF, AY","","","","","0.0",",X","5",",X","1",",X","0",",X","","","1",",X","0",",X","31",",X","21",",X","0",",X","0",",X","3","","","","19931204",",,X","","","19931218",",,X","","","19931218",",,X","19931230","+,,X","-10.6",",X,04,","","","76",",,X,18,","7.6",",,X,18,","5.0",",X,30,+","","","670.3",",X","11.7",",,,X","117",",,,X","-3.29",",X","-0.78",",,,X","-5.80",",,,X","190",",X","19.5",",X"
"AYM00089664","1994-02","-77.8833","166.7333","24.1","MCMURDO SOUND NAF, AY","","","","","0.0",",X","8",",X","4",",X","0",",X","","","5",",X","5",",X","28",",X","28",",X","0",",X","0",",X","","","","","19940228",",,X","","","19940210",",,X","","","19940209",",,X","19940204",",,X","-21.7",",X,28,","","","140",",,X,10,","4.6",",,X,09,","-1.7",",X,04,","","","808.1",",X","19.1",",,,X","319",",,,X","-10.53",",X","-7.71",",,,X","-13.35",",,,X","150",",X","17.0",",X"
"AYM00089664","1994-03","-77.8833","166.7333","24.1","MCMURDO SOUND NAF, AY","4.2",",X","","","0.0","4,X","8",",X","0",",X","0",",X","","","8",",X","27","3,X","28","3,X","28","3,X","0","3,X","0","3,X","","","","","19940307",",3,X","","","19940309",",,X","","","19940309",",,X","19940312",",3,X","-31.1","3,X,07,","","","152",",,X,09,","1.5",",,X,09,","-10.0","3,X,12,","","","1051.9","3,X","5.3",",,,X","522",",,,X","-20.66","4,X","-16.95","3,,,X","-24.38","3,,,X","190","2,X","30.3","2,X"
"AYM00089664","1994-04","-77.8833","166.7333","24.1","MCMURDO SOUND NAF, AY","8.9",",X","","","0.0",",X","6",",X","2",",X","0",",X","","","5",",X","21",",X","30",",X","30",",X","0",",X","0",",X","","","","","19940430",",,X","","","19940408",",,X","","","19940418","+,,X","19940410","+,,X","-30.6",",X,30,","","","318",",,X,08,","3.3",",,X,18,+","-6.1",",X,10,+","","","1075.0",",X","10.5",",,,X","572",",,,X","-17.50",",X","-13.61",",,,X","-21.39",",,,X","190",",X","24.7",",X"
"AYM00089664","1994-05","-77.8833","166.7333","24.1","MCMURDO SOUND NAF, AY","5.4",",X","","","0.0","1,X","8","1,X","2","1,X","0","1,X","","","7","1,X","30","1,X","30","1,X","30","1,X","0","1,X","0","1,X","","","","","19940517",",1,X","","","19940520",",1,X","","","19940520",",1,X","19940507",",1,X","-38.3","1,X,17,","","","53","1,,X,20,","5.3","1,,X,20,","-15.6","1,X,07,","","","1380.9","1,X","12.6","1,,,X","284","1,,,X","-27.70","1,X","-23.71","1,,,X","-31.69","1,,,X","0","1,X","98.2","1,X"
"AYM00089664","1994-06","-77.8833","166.7333","24.1","MCMURDO SOUND NAF, AY","3.7",",X","","","0.0","4,X","6","1,X","0","1,X","0","1,X","","","5","1,X","25","4,X","26","4,X","26","4,X","0","4,X","0","4,X","","","","","19940603",",4,X","","","19940616",",1,X","","","19940604",",1,X","19940618",",4,X","-36.7","4,X,03,","","","64","1,,X,16,","1.8","1,,X,04,","-8.9","4,X,18,","","","1061.2","4,X","4.2","1,,,X","234","1,,,X","-22.48","4,X","-18.10","4,,,X","-26.87","4,,,X","170","4,X","26.2","4,X"
"AYM00089664","1994-07","-77.8833","166.7333","24.1","MCMURDO SOUND NAF, AY","3.8",",X","0.0","X","0.0","3,X","3",",X","2",",X","0",",X","","","0",",X","26","3,X","28","3,X","28","3,X","0","3,X","0","3,X","","","","","19940727","+,3,X","","","19940714",",,X","","","19940715",",,X","19940715",",3,X","-37.8","3,X,27,+","","","18",",,X,14,","7.6",",,X,15,","-7.8","3,X,15,","","","1189.4","3,X","14.5",",,,X","31",",,,X","-24.14","3,X","-20.00","3,,,X","-28.29","3,,,X","200","1,X","29.3","1,X"
"AYM00089664","1994-08","-77.8833","166.7333","24.1","MCMURDO SOUND NAF, AY","5.1",",X","0.0","X","0.0","3,X","7","1,X","0","1,X","0","1,X","","","5","1,X","27","2,X","29","2,X","29","2,X","0","2,X","0","2,X","","","","","19940816",",2,X","","","19940829",",1,X","","","19940826",",1,X","19940830",",2,X","-43.3","2,X,16,","","","64","1,,X,29,","1.0","1,,X,26,","-10.6","2,X,30,","","","1319.3","2,X","4.0","1,,,X","182","1,,,X","-28.57","3,X","-23.51","2,,,X","-33.63","2,,,X","180","2,X","26.2","2,X"
"AYM00089664","1994-09","-77.8833","166.7333","24.1","MCMURDO SOUND NAF, AY","5.5",",X","","","","","","","","","","","","","","","","","","","","","","","","","","","","","","","","","","","","","","","","","","","","","","","","","","","","","","","","","","","","","","","","","","","",""
"AYM00089664","1994-10","-77.8833","166.7333","24.1","MCMURDO SOUND NAF, AY","3.9",",X","","","","","","","","","","","","","","","","","","","","","","","","","","","","","","","","","","","","","","","","","","","","","","","","","","","","","","","","","","","","","","","","","","","",""
"AYM00089664","1994-11","-77.8833","166.7333","24.1","MCMURDO SOUND NAF, AY","4.5",",X","","","","","","","","","","","","","","","","","","","","","","","","","","","","","","","","","","","","","","","","","","","","","","","","","","","","","","","","","","","","","","","","","","","",""
"AYM00089664","1994-12","-77.8833","166.7333","24.1","MCMURDO SOUND NAF, AY","3.4",",X","","","0.0",",X","3",",X","2",",X","0",",X","","","2",",X","0",",X","31",",X","22",",X","0",",X","0",",X","5","","1","","19941202",",,X","","","19941228",",,X","","","19941228",",,X","19941212",",,X","-10.0",",X,02,","","","114",",,X,28,","11.4",",,X,28,","3.3",",X,12,","","","670.3",",X","16.7",",,,X","167",",,,X","-3.29",",X","-1.24",",,,X","-5.34",",,,X","10",",X","20.0",",X"
"AYM00089664","1995-01","-77.8833","166.7333","24.1","MCMURDO SOUND NAF, AY","3.0",",X","","","0.0",",X","5",",X","0",",X","0",",X","","","1",",X","0",",X","31",",X","23",",X","0",",X","0",",X","1","","","","19950126",",,X","","","19950113",",,X","","","19950114",",,X","19950109",",,X","-10.0",",X,26,","","","51",",,X,13,","2.3",",,X,14,","3.3",",X,09,","670.4","X","670.4",",X","7.1",",,,X","117",",,,X","-3.29",",X","-1.07",",,,X","-5.52",",,,X","180",",X","18.0",",X"
"AYM00089664","1995-02","-77.8833","166.7333","24.1","MCMURDO SOUND NAF, AY","5.1",",X","","","0.0",",X","3",",X","2",",X","0",",X","","","1",",X","2",",X","28",",X","24",",X","0",",X","0",",X","","","","","19950215",",,X","","","19950214",",,X","","","19950213",",,X","19950202",",,X","-18.3",",X,15,","","","46",",,X,14,","5.1",",,X,13,","3.9",",X,02,","1425.0","X","754.6",",X","10.2",",,,X","56",",,,X","-8.62",",X","-5.55",",,,X","-11.68",",,,X","250",",X","23.6",",X"
"AYM00089664","1995-03","-77.8833","166.7333","24.1","MCMURDO SOUND NAF, AY","5.1",",X","","","0.0",",X","6",",X","0",",X","0",",X","","","0",",X","26",",X","31",",X","31",",X","0",",X","0",",X","","","","","19950320",",,X","","","19950304",",,X","","","19950304",",,X","19950303",",,X","-32.2",",X,20,","","","20",",,X,04,","2.0",",,X,04,","-8.9",",X,03,","2590.8","X","1165.8",",X","7.4",",,,X","74",",,,X","-19.27",",X","-15.82",",,,X","-22.73",",,,X","180",",X","27.2",",X"
"AYM00089664","1995-04","-77.8833","166.7333","24.1","MCMURDO SOUND NAF, AY","5.3",",X","","","0.0",",X","5",",X","0",",X","0",",X","","","0",",X","27",",X","30",",X","30",",X","0",",X","0",",X","","","","","19950425",",,X","","","19950416","+,,X","","","19950416","+,,X","19950412",",,X","-39.4",",X,25,","","","10",",,X,16,+","1.0",",,X,16,+","-10.0",",X,12,","3898.8","X","1308.0",",X","3.8",",,,X","38",",,,X","-25.27",",X","-20.96",",,,X","-29.58",",,,X","160",",X","23.6",",X"
"AYM00089664","1995-05","-77.8833","166.7333","24.1","MCMURDO SOUND NAF, AY","6.3",",X","","","0.0",",X","4",",X","1",",X","0",",X","","","1",",X","31",",X","31",",X","31",",X","0",",X","0",",X","","","","","19950501",",,X","","","19950525",",,X","","","19950525",",,X","19950506",",,X","-45.0",",X,01,","","","41",",,X,25,","4.1",",,X,25,","-10.6",",X,06,","5297.2","X","1398.4",",X","5.7",",,,X","57",",,,X","-26.78",",X","-22.03",",,,X","-31.53",",,,X","210",",X","36.0",",X"
"AYM00089664","1995-06","-77.8833","166.7333","24.1","MCMURDO SOUND NAF, AY","5.7","1,X","","","0.0",",X","3",",X","0",",X","0",",X","","","0",",X","30",",X","30",",X","30",",X","0",",X","0",",X","","","","","19950602","+,,X","","","19950606","+,,X","","","19950606","+,,X","19950630",",,X","-36.7",",X,02,+","","","5",",,X,06,+","0.5",",,X,06,+","-8.3",",X,30,","6564.8","X","1267.6",",X","1.5",",,,X","15",",,,X","-23.92",",X","-19.26",",,,X","-28.58",",,,X","200",",X","51.4",",X"
"AYM00089664","1995-07","-77.8833","166.7333","24.1","MCMURDO SOUND NAF, AY","5.2",",X","0.0","X","0.0",",X","1",",X","0",",X","0",",X","","","0",",X","31",",X","31",",X","31",",X","0",",X","0",",X","","","","","19950727","+,,X","","","19950725",",,X","","","19950725",",,X","19950701",",,X","-35.6",",X,27,+","","","5",",,X,25,","0.5",",,X,25,","-12.8",",X,01,","7923.3","X","1358.5",",X","0.5",",,,X","5",",,,X","-25.49",",X","-21.10",",,,X","-29.88",",,,X","120",",X","25.7",",X"
"AYM00089664","1995-08","-77.8833","166.7333","24.1","MCMURDO SOUND NAF, AY","4.8",",X","0.0","X","0.0",",X","1",",X","0",",X","0",",X","","","0",",X","30",",X","31",",X","31",",X","0",",X","0",",X","","","","","19950830",",,X","","","19950814",",,X","","","19950814",",,X","19950815",",,X","-37.8",",X,30,","","","5",",,X,14,","0.5",",,X,14,","-5.6",",X,15,","9249.8","X","1326.5",",X","0.5",",,,X","5",",,,X","-24.46",",X","-19.59",",,,X","-29.32",",,,X","150",",X","30.3",",X"
"AYM00089664","1995-09","-77.8833","166.7333","24.1","MCMURDO SOUND NAF, AY","5.5",",X","0.0","X","0.0","1,X","0",",X","0",",X","0",",X","","","0",",X","28","1,X","29","1,X","29","1,X","0","1,X","0","1,X","","","","","19950907","+,1,X","","","19950928","+,,X","","","19950928","+,,X","19950918",",1,X","-40.0","1,X,07,+","","","0",",T,X,28,+","0.0",",T,X,28,+","-10.0","1,X,18,","10519.3","X","1269.5","1,X","0.0",",T,,X","0",",T,,X","-25.44","1,X","-22.14","1,,,X","-28.74","1,,,X","20","1,X","29.8","1,X"
"AYM00089664","1995-10","-77.8833","166.7333","24.1","MCMURDO SOUND NAF, AY","5.1","1,X","","","","","","","","","","","","","","","20","5,X","26","5,X","","","","","","","1","","","","19951013",",5,X","","","","","","","","","","","-30.0","5,X,13,","","","","","","","","","","","","","","","","","","","","","-21.41","5,,,X","200","5,X","30.3","5,X"
"AYM00089664","1995-11","-77.8833","166.7333","24.1","MCMURDO SOUND NAF, AY","5.8",",X","","","0.0","2,X","5",",X","2",",X","1",",X","","","2",",X","0","2,X","28","2,X","18","1,X","0","1,X","0","1,X","","","","","19951120",",2,X","","","19951128",",,X","","","19951110",",,X","19951110",",1,X","-17.2","2,X,20,","","","51",",,X,28,","33.0",",,X,10,","4.4","1,X,10,","","","632.0","1,X","40.9",",,,X","112",",,,X","-4.24","2,X","-1.10","1,,,X","-7.38","2,,,X","180","5,X","37.5","5,X"
"AYM00089664","1995-12","-77.8833","166.7333","24.1","MCMURDO SOUND NAF, AY","4.0",",X","","","0.0","2,X","2",",X","0",",X","0",",X","","","0",",X","0","2,X","29","2,X","12","2,X","0","2,X","0","2,X","","","","","19951204","+,2,X","","","19951216",",,X","","","19951216",",,X","19951223",",2,X","-11.1","2,X,04,+","","","20",",,X,16,","2.0",",,X,16,","5.0","2,X,23,","","","577.5","2,X","2.8",",,,X","20",",,,X","-1.58","2,X","1.15","2,,,X","-4.31","2,,,X","280","2,X","28.3","2,X"
"AYM00089664","1996-01","-77.8833","166.7333","24.1","MCMURDO SOUND NAF, AY","3.9",",X","","","0.0",",X","5","1,X","2","1,X","0","1,X","","","1","1,X","0",",X","31",",X","21",",X","0",",X","0",",X","","","","","19960122","+,,X","","","19960102",",1,X","","","19960102",",1,X","19960111",",,X","-7.8",",X,22,+","","","81","1,,X,02,","8.1","1,,X,02,","3.9",",X,11,","645.7","X","645.7",",X","17.7","1,,,X","139","1,,,X","-2.50",",X","0.04",",,,X","-5.04",",,,X","110","1,X","20.6","1,X"
"AYM00089664","1996-02","-77.8833","166.7333","24.1","MCMURDO SOUND NAF, AY","5.0",",X","","","0.0","3,X","3",",X","0",",X","0",",X","","","1",",X","2","1,X","28","1,X","18","2,X","0","2,X","0","2,X","1","","","","19960204",",1,X","","","19960227",",,X","","","19960221",",,X","19960206",",2,X","-27.8","1,X,04,","","","76",",,X,27,","2.0",",,X,21,","6.1","2,X,06,","1299.9","X","654.2","2,X","3.6",",,,X","101",",,,X","-7.05","3,X","-3.68","2,,,X","-10.42","1,,,X","90","4,X","17.0","4,X"
"AYM00089664","1996-03","-77.8833","166.7333","24.1","MCMURDO SOUND NAF, AY","6.7",",X","","","0.0",",X","7",",X","1",",X","0",",X","","","1",",X","25",",X","31",",X","31",",X","0",",X","0",",X","10","","","","19960329",",,X","","","19960302",",,X","","","19960310",",,X","19960318","+,,X","-29.4",",X,29,","","","51",",,X,02,","10.2",",,X,10,","-1.7",",X,18,+","2394.0","X","1094.1",",X","13.3",",,,X","95",",,,X","-16.96",",X","-12.63",",,,X","-21.30",",,,X","140","1,X","25.2","1,X"
"AYM00089664","1996-04","-77.8833","166.7333","24.1","MCMURDO SOUND NAF, AY","5.0",",X","","","0.0","4,X","10","1,X","1","1,X","0","1,X","","","1","1,X","20","2,X","28","2,X","28","2,X","0","2,X","0","2,X","1","","","","19960430",",2,X","","","19960425",",1,X","","","19960425",",1,X","19960421",",2,X","-28.3","2,X,30,","","","38","1,,X,25,","3.8","1,,X,25,","-3.9","2,X,21,","3308.4","X","914.4","2,X","14.0","1,,,X","131","1,,,X","-16.69","4,X","-12.62","2,,,X","-20.75","2,,,X","160","1,X","28.3","1,X"
"AYM00089664","1996-05","-77.8833","166.7333","24.1","MCMURDO SOUND NAF, AY","4.5",",X","","","0.0",",X","4",",X","2",",X","0",",X","","","2",",X","28",",X","31",",X","31",",X","0",",X","0",",X","1","","","","19960531",",,X","","","19960513",",,X","","","19960513",",,X","19960514",",,X","-37.8",",X,31,","","","51",",,X,13,","5.1",",,X,13,","-9.4",",X,14,","4578.5","X","1270.1",",X","10.7",",,,X","107",",,,X","-22.64",",X","-19.25",",,,X","-26.02",",,,X","80","1,X","19.5","1,X"
"AYM00089664","1996-06","-77.8833","166.7333","24.1","MCMURDO SOUND NAF, AY","5.4",",X","","","0.0","2,X","8","2,X","3","2,X","0","2,X","","","3",",X","28","1,X","29","1,X","29","1,X","0","1,X","0","1,X","2","","","","19960612",",1,X","","","19960601",",,X","","","19960615",",2,X","19960625",",1,X","-36.1","1,X,12,","","","33",",,X,01,","3.8","2,,X,15,","-8.3","1,X,25,","5762.4","X","1183.9","1,X","16.3","2,,,X","172",",,,X","-24.11","2,X","-20.08","1,,,X","-28.14","1,,,X","80","2,X","24.7","2,X"
"AYM00089664","1996-07","-77.8833","166.7333","24.1","MCMURDO SOUND NAF, AY","4.7",",X","0.0","X","0.0","2,X","2",",X","0",",X","0",",X","","","0",",X","30","1,X","30","1,X","30","1,X","0","1,X","0","1,X","3","","","","19960721",",1,X","","","19960714",",,X","","","19960714",",,X","19960713","+,1,X","-36.7","1,X,21,","","","8",",,X,14,","0.8",",,X,14,","-8.9","1,X,13,+","7018.4","X","1256.0","1,X","1.1",",,,X","14",",,,X","-24.77","2,X","-19.93","1,,,X","-29.62","1,,,X","180","1,X","26.7","1,X"
"AYM00089664","1996-08","-77.8833","166.7333","24.1","MCMURDO SOUND NAF, AY","5.8",",X","0.0","X","0.0","2,X","9",",X","4",",X","0",",X","","","5",",X","22","1,X","30","1,X","30","1,X","0","1,X","0","1,X","5","","","","19960801",",1,X","","","19960806",",,X","","","19960806",",,X","19960826","+,1,X","-31.7","1,X,01,","","","53",",,X,06,","5.3",",,X,06,","-5.0","1,X,26,+","8089.6","X","1071.2","1,X","19.8",",,,X","220",",,,X","-18.90","2,X","-14.85","1,,,X","-22.95","1,,,X","210",",X","50.4",",X"
"AYM00089664","1996-09","-77.8833","166.7333","24.1","MCMURDO SOUND NAF, AY","3.3",",X","","","","","8",",X","2",",X","0",",X","","","4",",X","27","3,X","27","3,X","27","3,X","0","3,X","0","3,X","4","","","","19960911",",3,X","","","19960921",",,X","","","19960921",",,X","19960901",",3,X","-34.4","3,X,11,","","","46",",,X,21,","4.6",",,X,21,","-13.9","3,X,01,","","","","","11.2",",,,X","156",",,,X","-22.76","6,X","-19.93","3,,,X","-25.60","3,,,X","140","2,X","22.6","2,X"
"AYM00089664","1996-10","-77.8833","166.7333","24.1","MCMURDO SOUND NAF, AY","5.0",",X","","","","","5","1,X","0","1,X","0","1,X","","","1","1,X","21","3,X","28","3,X","28","3,X","0","3,X","0","3,X","1","","","","19961017",",3,X","","","19961005",",1,X","","","19961003",",1,X","19961029",",3,X","-32.2","3,X,17,","","","25","1,,X,05,","2.0","1,,X,03,","-6.1","3,X,29,","","","","","4.8","1,,,X","70","1,,,X","-18.56","6,X","-14.92","3,,,X","-22.20","3,,,X","210","2,X","26.7","2,X"
"AYM00089664","1996-11","-77.8833","166.7333","24.1","MCMURDO SOUND NAF, AY","4.4",",X","","","0.0","1,X","7",",X","4",",X","0",",X","","","4",",X","3","1,X","29","1,X","28","1,X","0","1,X","0","1,X","","","","","19961101",",1,X","","","19961126",",,X","","","19961126",",,X","19961115",",1,X","-22.8","1,X,01,","","","213",",,X,26,","21.3",",,X,26,","0.6","1,X,15,","","","751.4","1,X","46.6",",,,X","466",",,,X","-7.58","1,X","-4.24","1,,,X","-10.91","1,,,X","80",",X","21.6",",X"
"AYM00089664","1996-12","-77.8833","166.7333","24.1","MCMURDO SOUND NAF, AY","4.4",",X","","","0.0","1,X","1",",X","1",",X","0",",X","","","1",",X","0","1,X","30","1,X","10",",X","0",",X","0",",X","","","","","19961217",",1,X","","","19961202",",,X","","","19961202",",,X","19961231","+,,X","-10.0","1,X,17,","","","36",",,X,02,","3.6",",,X,02,","5.0",",X,31,+","","","597.1",",X","3.6",",,,X","36",",,,X","-1.56","1,X","1.39",",,,X","-4.52","1,,,X","150",",X","20.0",",X"
"AYM00089664","1997-11","-77.8833","166.7333","24.1","MCMURDO SOUND NAF, AY","","","","","","","0","5,S","0","5,S","0","5,S","","","","","","","","","","","","","","","","","","","","","","","","","","","19971130","+,5,S","","","","","","","","","0.0","5,,S,30,+","","","","","","","0.0","5,,,S","","","","","","","","","","","",""
"AYM00089664","1998-01","-77.8833","166.7333","24.1","MCMURDO SOUND NAF, AY","","","","","","","","","","","","","","","","","","","","","8","5,S","0","5,S","0","5,S","","","","","","","","","","","","","","","19980102",",5,S","","","","","","","","","3.4","5,S,02,","","","","","","","","","","","-0.22","5,,,S","","","","","",""
"AYM00089664","1998-02","-77.8833","166.7333","24.1","MCMURDO SOUND NAF, AY","","","","","","","","","","","","","","","","","","","","","22","5,S","0","5,S","0","5,S","","","","","","","","","","","","","","","19980204",",5,S","","","","","","","","","0.2","5,S,04,","","","","","","","","","","","-3.68","5,,,S","","","","","",""
"AYM00089664","1998-12","-77.8833","166.7333","24.1","MCMURDO SOUND NAF, AY","","","","","","","","","","","","","","","","","0","5,S","26","5,S","","","","","","","","","","","19981216",",5,S","","","","","","","","","","","-17.5","5,S,16,","","","","","","","","","","","","","","","","","","","","","-6.62","5,,,S","","","",""
"AYM00089664","1999-01","-77.8833","166.7333","24.1","MCMURDO SOUND NAF, AY","","","","","","","","","","","","","","","","","","","","","6","5,S","0","5,S","0","5,S","","","","","","","","","","","","","","","19990126",",5,S","","","","","","","","","3.5","5,S,26,","","","","","","","","","","","1.26","5,,,S","","","","","",""
"AYM00089664","2001-10","-77.8833","166.7333","24.1","MCMURDO SOUND NAF, AY","","","","","","","","","","","","","","","","","","","","","28","3,S","0","3,S","0","3,S","","","","","","","","","","","","","","","20011011",",3,S","","","","","","","","","-7.3","3,S,11,","","","","","","","","","","","-12.73","3,,,S","","","","","",""
"AYM00089664","2001-11","-77.8833","166.7333","24.1","MCMURDO SOUND NAF, AY","","","","","","","","","","","","","","","","","","","","","23","4,S","0","4,S","0","4,S","","","","","","","","","","","","","","","20011126",",4,S","","","","","","","","","2.7","4,S,26,","","","","","","","","","","","-4.26","4,,,S","","","","","",""
"AYM00089664","2002-09","-77.8833","166.7333","24.1","MCMURDO SOUND NAF, AY","","","","","","","","","","","","","","","","","25","4,S","26","4,S","27","3,S","0","3,S","0","3,S","","","","","20020910",",4,S","","","","","","","","","20020918",",3,S","-36.1","4,S,10,","","","","","","","-5.4","3,S,18,","","","","","","","","","-22.38","7,S","-18.08","3,,,S","-26.67","4,,,S","","","",""
"AYM00089664","2002-10","-77.8833","166.7333","24.1","MCMURDO SOUND NAF, AY","","","","","","","","","","","","","","","","","","","","","26","5,S","0","5,S","0","5,S","","","","","","","","","","","","","","","20021031",",5,S","","","","","","","","","-5.6","5,S,31,","","","","","","","","","","","-12.64","5,,,S","","","","","",""
"AYM00089664","2003-04","-77.8833","166.7333","24.1","MCMURDO SOUND NAF, AY","","","","","","","","","","","","","","","","","","","","","25","5,S","0","5,S","0","5,S","","","","","","","","","","","","","","","20030421",",5,S","","","","","","","","","-8.1","5,S,21,","","","","","","","","","","","-19.53","5,,,S","","","","","",""
"AYM00089664","2003-09","-77.8833","166.7333","24.1","MCMURDO SOUND NAF, AY","","","","","","","","","","","","","","","","","","","","","25","5,S","0","5,S","0","5,S","","","","","","","","","","","","","","","20030924",",5,S","","","","","","","","","-10.1","5,S,24,","","","","","","","","","","","-18.68","5,,,S","","","","","",""
"AYM00089664","2004-01","-77.8833","166.7333","24.1","MCMURDO SOUND NAF, AY","","","","","","","","","","","","","","","","","","","","","11","5,S","0","5,S","0","5,S","","","","","","","","","","","","","","","20040103",",5,S","","","","","","","","","5.4","5,S,03,","","","","","","","","","","","1.00","5,,,S","","","","","",""
"AYM00089664","2004-11","-77.8833","166.7333","24.1","MCMURDO SOUND NAF, AY","","","","","","","","","","","","","","","","","2","5,S","25","5,S","19","4,S","0","4,S","0","4,S","","","","","20041101",",5,S","","","","","","","","","20041120",",4,S","-19.4","5,S,01,","","","","","","","2.5","4,S,20,","","","","","","","","","-6.68","9,S","-3.05","4,,,S","-10.31","5,,,S","","","",""
"AYM00089664","2025-01","-77.8833","166.7333","24.1","MCMURDO SOUND NAF, AY","","","","","0.0",",2","","","","","","","","","","","0",",2","30",",2","15",",2","0",",2","0",",2","","","","","20250129",",,2","","","","","","","","","20250116",",,2","-11.9",",2,29,","","","","","","","5.7",",2,16,","661.3","2","661.3",",2","","","","","-3.00",",2","-0.23",",,,2","-5.77",",,,2","","","",""
"AYM00089664","2025-02","-77.8833","166.7333","24.1","MCMURDO SOUND NAF, AY","","","","","0.0","1,2","","","","","","","","","","","2","1,2","27","1,2","27","1,2","0","1,2","0","1,2","","","","","20250223",",1,2","","","","","","","","","20250203",",1,2","-20.0","1,2,23,","","","","","","","-1.0","1,2,03,","1438.3","2","777.0","1,2","","","","","-10.44","1,2","-7.65","1,,,2","-13.24","1,,,2","","","",""
"AYM00089664","2025-03","-77.8833","166.7333","24.1","MCMURDO SOUND NAF, AY","","","","","0.0",",2","","","","","","","","","","","23",",2","31",",2","31",",2","0",",2","0",",2","","","","","20250330",",,2","","","","","","","","","20250301",",,2","-31.9",",2,30,","","","","","","","-6.9",",2,01,","2593.2","2","1154.9",",2","","","","","-18.92",",2","-16.07",",,,2","-21.77",",,,2","","","",""
"AYM00089664","2025-04","-77.8833","166.7333","24.1","MCMURDO SOUND NAF, AY","","","","","0.0",",2","","","","","","","","","","","25",",2","30",",2","30",",2","0",",2","0",",2","","","","","20250413",",,2","","","","","","","","","20250430",",,2","-35.4",",2,13,","","","","","","","-6.7",",2,30,","3786.5","2","1193.3",",2","","","","","-21.44",",2","-17.72",",,,2","-25.16",",,,2","","","",""
"AYM00089664","2025-05","-77.8833","166.7333","24.1","MCMURDO SOUND NAF, AY","","","","","0.0",",2","","","","","","","","","","","29",",2","31",",2","31",",2","0",",2","0",",2","","","","","20250520",",,2","","","","","","","","","20250502",",,2","-35.5",",2,20,","","","","","","","-9.2",",2,02,","5016.7","2","1230.2",",2","","","","","-21.35",",2","-17.82",",,,2","-24.88",",,,2","","","",""
"AYM00089664","2025-07","-77.8833","166.7333","24.1","MCMURDO SOUND NAF, AY","","","0.0","2","0.0",",2","","","","","","","","","","","31",",2","31",",2","31",",2","0",",2","0",",2","","","","","20250724",",,2","","","","","","","","","20250731",",,2","-35.6",",2,24,","","","","","","","-14.0",",2,31,","","","1373.2",",2","","","","","-25.96",",2","-22.26",",,,2","-29.66",",,,2","","","",""
"AYM00089664","2025-08","-77.8833","166.7333","24.1","MCMURDO SOUND NAF, AY","","","0.0","2","0.0","2,2","","","","","","","","","","","27","2,2","29","2,2","29","2,2","0","2,2","0","2,2","","","","","20250814",",2,2","","","","","","","","","20250825",",2,2","-35.5","2,2,14,","","","","","","","-6.2","2,2,25,","","","1105.9","2,2","","","","","-19.80","2,2","-15.20","2,,,2","-24.40","2,,,2","","","",""
"AYM00089664","2025-09","-77.8833","166.7333","24.1","MCMURDO SOUND NAF, AY","","","0.0","2","0.0","2,2","","","","","","","","","","","27","2,2","28","2,2","28","2,2","0","2,2","0","2,2","","","","","20250913",",2,2","","","","","","","","","20250930",",2,2","-33.8","2,2,13,","","","","","","","-6.2","2,2,30,","","","1096.7","2,2","","","","","-20.84","2,2","-17.14","2,,,2","-24.54","2,,,2","","","",""
"AYM00089664","2025-10","-77.8833","166.7333","24.1","MCMURDO SOUND NAF, AY","","","0.0","2","0.0",",2","","","","","","","","","","","16",",2","31",",2","31",",2","0",",2","0",",2","","","","","20251008",",,2","","","","","","","","","20251001",",,2","-28.0",",2,08,","","","","","","","-6.0",",2,01,","","","1053.8",",2","","","","","-15.66",",2","-13.05",",,,2","-18.27",",,,2","","","",""
"AYM00089664","2025-11","-77.8833","166.7333","24.1","MCMURDO SOUND NAF, AY","","","0.0","2","0.0",",2","","","","","","","","","","","0",",2","30",",2","29",",2","0",",2","0",",2","","","","","20251109",",,2","","","","","","","","","20251125",",,2","-16.4",",2,09,","","","","","","","2.3",",2,25,","","","774.0",",2","","","","","-7.47",",2","-5.18",",,,2","-9.75",",,,2","","","",""
"AYM00089664","2025-12","-77.8833","166.7333","24.1","MCMURDO SOUND NAF, AY","","","0.0","2","0.0",",2","","","","","","","","","","","0",",2","31",",2","22",",2","0",",2","0",",2","","","","","20251202",",,2","","","","","","","","","20251226",",,2","-10.9",",2,02,","","","","","","","4.8",",2,26,","","","680.7",",2","","","","","-3.62",",2","-1.33",",,,2","-5.92",",,,2","","","",""
"AYM00089664","2026-01","-77.8833","166.7333","24.1","MCMURDO SOUND NAF, AY","","","0.0","","0.0",",2","","","","","","","","","","","0",",2","31",",2","17",",2","0",",2","0",",2","","","","","20260130",",,2","","","","","","","","","20260101",",,2","-11.9",",2,30,","","","","","","","4.4",",2,01,","665.7","","665.7",",2","","","","","-3.14",",2","-0.89",",,,2","-5.39",",,,2","","","",""
"AYM00089664","2026-02","-77.8833","166.7333","24.1","MCMURDO SOUND NAF, AY","","","0.0","","0.0",",2","","","","","","","","","","","0",",2","28",",2","25",",2","0",",2","0",",2","","","","","20260215",",,2","","","","","","","","","20260206",",,2","-13.4",",2,15,","","","","","","","1.7",",2,06,","1345.1","","679.4",",2","","","","","-5.93",",2","-3.32",",,,2","-8.54",",,,2","","","",""
"AYM00089664","2026-04","-77.8833","166.7333","24.1","MCMURDO SOUND NAF, AY","","","","","0.0","5,2","","","","","","","","","","","26","3,2","27","3,2","26","4,2","0","4,2","0","4,2","","","","","20260424",",3,2","","","","","","","","","20260409",",4,2","-32.0","3,2,24,","","","","","","","-10.7","4,2,09,","","","992.3","4,2","","","","","-21.55","5,2","-19.20","4,,,2","-23.90","3,,,2","","","",""
"AYM00089664","2026-05","-77.8833","166.7333","24.1","MCMURDO SOUND NAF, AY","","","","","","","","","","","","","","","","","26","4,2","27","4,2","28","3,2","0","3,2","0","3,2","","","","","20260502",",4,2","","","","","","","","","20260523",",3,2","-31.2","4,2,02,","","","","","","","-9.1","3,2,23,","","","","","","","","","-20.05","6,2","-17.45","3,,,2","-22.65","4,,,2","","","",""
"AYM00089664","2026-06","-77.8833","166.7333","24.1","MCMURDO SOUND NAF, AY","","","","","","","","","","","","","","","","","23","5,2","25","5,2","25","5,2","0","5,2","0","5,2","","","","","20260611",",5,2","","","","","","","","","20260619",",5,2","-36.0","5,2,11,","","","","","","","-9.1","5,2,19,","","","","","","","","","-24.15","0,2","-21.58","5,,,2","-26.72","5,,,2","","","",""
