"STATION","DATE","LATITUDE","LONGITUDE","ELEVATION","NAME","CDSD","CDSD_ATTRIBUTES","CLDD","CLDD_ATTRIBUTES","DP01","DP01_ATTRIBUTES","DP10","DP10_ATTRIBUTES","DP1X","DP1X_ATTRIBUTES","DSND","DSND_ATTRIBUTES","DT00","DT00_ATTRIBUTES","DT32","DT32_ATTRIBUTES","DX32","DX32_ATTRIBUTES","DX70","DX70_ATTRIBUTES","DX90","DX90_ATTRIBUTES","DYNT","DYNT_ATTRIBUTES","DYSD","DYSD_ATTRIBUTES","DYXP","DYXP_ATTRIBUTES","DYXT","DYXT_ATTRIBUTES","EMNT","EMNT_ATTRIBUTES","EMSD","EMSD_ATTRIBUTES","EMXP","EMXP_ATTRIBUTES","EMXT","EMXT_ATTRIBUTES","HDSD","HDSD_ATTRIBUTES","HTDD","HTDD_ATTRIBUTES","PRCP","PRCP_ATTRIBUTES","TAVG","TAVG_ATTRIBUTES","TMAX","TMAX_ATTRIBUTES","TMIN","TMIN_ATTRIBUTES"
"AYM00088963","1961-01","-63.4","-56.983","24.0","BASE ESPERANZA, AY","","","0.0",",G","","","","","","","","","0",",G","27",",G","2",",G","0",",G","0",",G","19610131",",,G","","","","","19610104",",,G","-5.8",",G,31,","","","","","12.0",",G,04,","532.0","G","532.0",",G","","","1.17",",G","4.18",",,,G","-1.83",",,,G"
"AYM00088963","1961-02","-63.4","-56.983","24.0","BASE ESPERANZA, AY","","","0.0",",G","","","","","","","","","0",",G","28",",G","14",",G","0",",G","0",",G","19610201",",,G","","","","","19610216",",,G","-7.2",",G,01,","","","","","9.2",",G,16,","1081.9","G","549.9",",G","","","-1.31",",G","1.51",",,,G","-4.12",",,,G"
"AYM00088963","1961-03","-63.4","-56.983","24.0","BASE ESPERANZA, AY","","","0.0","2,G","","","","","","","","","0","1,G","29","1,G","24","1,G","0","1,G","0","1,G","19610311",",1,G","","","","","19610318",",1,G","-16.6","1,G,11,","","","","","5.6","1,G,18,","1828.6","G","746.7","1,G","","","-7.35","2,G","-4.65","1,,,G","-10.05","1,,,G"
"AYM00088963","1961-04","-63.4","-56.983","24.0","BASE ESPERANZA, AY","","","0.0","1,G","","","","","","","","","12",",G","30",",G","24","1,G","0","1,G","0","1,G","19610418","+,,G","","","","","19610422",",1,G","-21.6",",G,18,+","","","","","2.2","1,G,22,","2678.8","G","850.2","1,G","","","-11.05","1,G","-7.26","1,,,G","-14.85",",,,G"
"AYM00088963","1961-05","-63.4","-56.983","24.0","BASE ESPERANZA, AY","","","0.0",",G","","","","","","","","","17",",G","31",",G","29",",G","0",",G","0",",G","19610509","+,,G","","","","","19610517",",,G","-24.1",",G,09,+","","","","","6.2",",G,17,","3632.8","G","954.0",",G","","","-12.44",",G","-8.25",",,,G","-16.63",",,,G"
"AYM00088963","1961-06","-63.4","-56.983","24.0","BASE ESPERANZA, AY","","","0.0",",G","","","","","","","","","23",",G","30",",G","27",",G","0",",G","0",",G","19610606",",,G","","","","","19610620",",,G","-29.5",",G,06,","","","","","0.8",",G,20,","4666.4","G","1033.6",",G","","","-16.12",",G","-11.06",",,,G","-21.18",",,,G"
"AYM00088963","1961-07","-63.4","-56.983","24.0","BASE ESPERANZA, AY","0.0","G","0.0",",G","","","","","","","","","21",",G","31",",G","22",",G","0",",G","0",",G","19610703",",,G","","","","","19610707",",,G","-31.8",",G,03,","","","","","5.7",",G,07,","5674.7","G","1008.3",",G","","","-14.19",",G","-8.31",",,,G","-20.08",",,,G"
"AYM00088963","1961-08","-63.4","-56.983","24.0","BASE ESPERANZA, AY","0.0","G","0.0","2,G","","","","","","","","","12",",G","31",",G","23","2,G","0","2,G","0","2,G","19610812",",,G","","","","","19610801",",2,G","-27.6",",G,12,","","","","","6.2","2,G,01,","6514.8","G","840.1","2,G","","","-10.65","2,G","-6.06","2,,,G","-15.25",",,,G"
"AYM00088963","1961-09","-63.4","-56.983","24.0","BASE ESPERANZA, AY","0.0","G","0.0",",G","","","","","","","","","7",",G","30",",G","27",",G","0",",G","0",",G","19610930",",,G","","","","","19610907",",,G","-23.3",",G,30,","","","","","1.7",",G,07,","7388.3","G","873.5",",G","","","-10.79",",G","-6.66",",,,G","-14.91",",,,G"
"AYM00088963","1961-10","-63.4","-56.983","24.0","BASE ESPERANZA, AY","0.0","G","0.0",",G","","","","","","","","","1",",G","31",",G","10",",G","0",",G","0",",G","19611001",",,G","","","","","19611002",",,G","-19.0",",G,01,","","","","","5.0",",G,02,","8054.6","G","666.3",",G","","","-3.16",",G","0.15",",,,G","-6.47",",,,G"
"AYM00088963","1961-11","-63.4","-56.983","24.0","BASE ESPERANZA, AY","0.0","G","0.0",",G","","","","","","","","","0",",G","30",",G","14",",G","0",",G","0",",G","19611112",",,G","","","","","19611108",",,G","-13.8",",G,12,","","","","","5.0",",G,08,","8676.2","G","621.6",",G","","","-2.39",",G","0.24",",,,G","-5.01",",,,G"
"AYM00088963","1961-12","-63.4","-56.983","24.0","BASE ESPERANZA, AY","0.0","G","0.0",",G","","","","","","","","","0",",G","30",",G","0",",G","0",",G","0",",G","19611224",",,G","","","","","19611228",",,G","-5.1",",G,24,","","","","","7.5",",G,28,","9232.0","G","555.8",",G","","","0.40",",G","3.13",",,,G","-2.32",",,,G"
"AYM00088963","1962-01","-63.4","-56.983","24.0","BASE ESPERANZA, AY","0.0","G","0.0",",G","","","","","","","","","0",",G","27",",G","0",",G","0",",G","0",",G","19620114",",,G","","","","","19620109",",,G","-5.8",",G,14,","","","","","11.4",",G,09,","505.2","G","505.2",",G","","","2.04",",G","5.65",",,,G","-1.58",",,,G"
"AYM00088963","1962-02","-63.4","-56.983","24.0","BASE ESPERANZA, AY","0.0","G","0.0",",G","","","","","","","","","0",",G","24",",G","1",",G","0",",G","0",",G","19620217","+,,G","","","","","19620222",",,G","-5.8",",G,17,+","","","","","9.0",",G,22,","988.8","G","483.6",",G","","","1.06",",G","4.33",",,,G","-2.20",",,,G"
"AYM00088963","1962-03","-63.4","-56.983","24.0","BASE ESPERANZA, AY","","","","","","","","","","","","","0",",","30",",G","","","","","","","19620331",",,G","","","","","","","-15.8",",G,31,","","","","","","","","","","","","","","","","","-8.22",",,,G"
"AYM00088963","1962-04","-63.4","-56.983","24.0","BASE ESPERANZA, AY","","","","","","","","","","","","","0",",","29",",G","","","","","","","19620416",",,G","","","","","","","-15.2",",G,16,","","","","","","","","","","","","","","","","","-7.27",",,,G"
"AYM00088963","1962-05","-63.4","-56.983","24.0","BASE ESPERANZA, AY","","","","","","","","","","","","","0",",","31",",G","","","","","","","19620524","+,,G","","","","","","","-16.4",",G,24,+","","","","","","","","","","","","","","","","","-10.53",",,,G"
"AYM00088963","1962-06","-63.4","-56.983","24.0","BASE ESPERANZA, AY","","","0.0",",G","","","","","","","","","9",",G","30",",G","23",",G","0",",G","0",",G","19620612",",,G","","","","","19620601",",,G","-20.6",",G,12,","","","","","4.3",",G,01,","","","866.7",",G","","","-10.56",",G","-6.19",",,,G","-14.92",",,,G"
"AYM00088963","1962-07","-63.4","-56.983","24.0","BASE ESPERANZA, AY","0.0","G","0.0",",G","","","","","","","","","6",",G","31",",G","19",",G","0",",G","0",",G","19620717",",,G","","","","","19620730",",,G","-29.6",",G,17,","","","","","10.8",",G,30,","","","828.0",",G","","","-8.38",",G","-2.94",",,,G","-13.82",",,,G"
"AYM00088963","1962-08","-63.4","-56.983","24.0","BASE ESPERANZA, AY","0.0","G","0.0",",G","","","","","","","","","12",",G","31",",G","20",",G","0",",G","0",",G","19620804",",,G","","","","","19620823",",,G","-23.5",",G,04,","","","","","8.0",",G,23,","","","820.1",",G","","","-8.12",",G","-2.74",",,,G","-13.51",",,,G"
"AYM00088963","1962-09","-63.4","-56.983","24.0","BASE ESPERANZA, AY","0.0","G","0.0",",G","","","","","","","","","0",",G","30",",G","15",",G","0",",G","0",",G","19620907",",,G","","","","","19620929",",,G","-17.6",",G,07,","","","","","6.7",",G,29,","","","692.3",",G","","","-4.75",",G","-0.88",",,,G","-8.61",",,,G"
"AYM00088963","1962-10","-63.4","-56.983","24.0","BASE ESPERANZA, AY","0.0","G","0.0",",G","","","","","","","","","0",",G","30",",G","9",",G","0",",G","0",",G","19621018",",,G","","","","","19621009",",,G","-11.2",",G,18,","","","","","7.2",",G,09,","","","615.3",",G","","","-1.52",",G","2.24",",,,G","-5.27",",,,G"
"AYM00088963","1962-11","-63.4","-56.983","24.0","BASE ESPERANZA, AY","0.0","G","0.0",",G","","","","","","","","","0",",G","30",",G","18",",G","0",",G","0",",G","19621102",",,G","","","","","19621110",",,G","-13.7",",G,02,","","","","","5.7",",G,10,","","","660.4",",G","","","-3.68",",G","-0.82",",,,G","-6.54",",,,G"
"AYM00088963","1962-12","-63.4","-56.983","24.0","BASE ESPERANZA, AY","0.0","G","0.0",",G","","","","","","","","","0",",G","27",",G","0",",G","0",",G","0",",G","19621211",",,G","","","","","19621205",",,G","-4.2",",G,11,","","","","","10.8",",G,05,","","","537.1",",G","","","1.01",",G","3.92",",,,G","-1.91",",,,G"
"AYM00088963","1963-01","-63.4","-56.983","24.0","BASE ESPERANZA, AY","0.0","G","0.0",",G","","","","","","","","","0",",G","24",",G","0",",G","0",",G","0",",G","19630102",",,G","","","","","19630118",",,G","-3.3",",G,02,","","","","","9.6",",G,18,","514.6","G","514.6",",G","","","1.73",",G","4.59",",,,G","-1.13",",,,G"
"AYM00088963","1963-02","-63.4","-56.983","24.0","BASE ESPERANZA, AY","0.0","G","0.0",",G","","","","","","","","","0",",G","25",",G","2",",G","0",",G","0",",G","19630228",",,G","","","","","19630202",",,G","-11.9",",G,28,","","","","","12.0",",G,02,","1016.3","G","501.7",",G","","","0.41",",G","3.89",",,,G","-3.06",",,,G"
"AYM00088963","1963-03","-63.4","-56.983","24.0","BASE ESPERANZA, AY","0.0","G","0.0",",G","","","","","","","","","0",",G","31",",G","15",",G","0",",G","0",",G","19630305",",,G","","","","","19630329",",,G","-14.1",",G,05,","","","","","9.6",",G,29,","1715.8","G","699.5",",G","","","-4.23",",G","-0.19",",,,G","-8.27",",,,G"
"AYM00088963","1963-04","-63.4","-56.983","24.0","BASE ESPERANZA, AY","0.0","G","0.0",",G","","","","","","","","","0",",G","30",",G","24",",G","0",",G","0",",G","19630416",",,G","","","","","19630430",",,G","-16.8",",G,16,","","","","","5.4",",G,30,","2497.2","G","781.4",",G","","","-7.72",",G","-4.03",",,,G","-11.40",",,,G"
"AYM00088963","1963-05","-63.4","-56.983","24.0","BASE ESPERANZA, AY","0.0","G","0.0",",G","","","","","","","","","2",",G","31",",G","18",",G","0",",G","0",",G","19630504",",,G","","","","","19630514","+,,G","-18.6",",G,04,","","","","","4.8",",G,14,+","3249.2","G","752.0",",G","","","-5.93",",G","-1.89",",,,G","-9.96",",,,G"
"AYM00088963","1963-06","-63.4","-56.983","24.0","BASE ESPERANZA, AY","0.0","G","0.0",",G","","","","","","","","","13",",G","30",",G","23",",G","0",",G","0",",G","19630623",",,G","","","","","19630613",",,G","-23.1",",G,23,","","","","","10.6",",G,13,","4104.7","G","855.5",",G","","","-10.18",",G","-5.49",",,,G","-14.88",",,,G"
"AYM00088963","1963-07","-63.4","-56.983","24.0","BASE ESPERANZA, AY","0.0","G","0.0","1,G","","","","","","","","","8","1,G","30","1,G","20",",G","0",",G","0",",G","19630727",",1,G","","","","","19630703",",,G","-24.1","1,G,27,","","","","","5.2",",G,03,","4902.9","G","798.2",",G","","","-8.33","1,G","-3.88",",,,G","-12.78","1,,,G"
"AYM00088963","1963-08","-63.4","-56.983","24.0","BASE ESPERANZA, AY","0.0","G","0.0",",G","","","","","","","","","14",",G","31",",G","29",",G","0",",G","0",",G","19630827",",,G","","","","","19630829",",,G","-25.1",",G,27,","","","","","11.9",",G,29,","5826.4","G","923.5",",G","","","-11.46",",G","-6.70",",,,G","-16.22",",,,G"
"AYM00088963","1963-09","-63.4","-56.983","24.0","BASE ESPERANZA, AY","0.0","G","0.0",",G","","","","","","","","","4",",G","30",",G","15",",G","0",",G","0",",G","19630902",",,G","","","","","19630911",",,G","-25.1",",G,02,","","","","","10.5",",G,11,","6572.6","G","746.2",",G","","","-6.54",",G","-1.59",",,,G","-11.49",",,,G"
"AYM00088963","1963-10","-63.4","-56.983","24.0","BASE ESPERANZA, AY","0.0","G","0.0",",G","","","","","","","","","0",",G","31",",G","18",",G","0",",G","0",",G","19631001",",,G","","","","","19631031",",,G","-17.7",",G,01,","","","","","6.3",",G,31,","7374.0","G","801.4",",G","","","-7.52",",G","-2.53",",,,G","-12.50",",,,G"
"AYM00088963","1963-11","-63.4","-56.983","24.0","BASE ESPERANZA, AY","0.0","G","0.0","2,G","","","","","","","","","0","1,G","28","1,G","4","2,G","0","2,G","0","2,G","19631110","+,1,G","","","","","19631113",",2,G","-12.0","1,G,10,+","","","","","14.0","2,G,13,","7897.4","G","523.4","2,G","","","-0.41","2,G","3.34","2,,,G","-4.16","1,,,G"
"AYM00088963","1963-12","-63.4","-56.983","24.0","BASE ESPERANZA, AY","0.0","G","0.0",",G","","","","","","","","","0",",G","28",",G","4",",G","0",",G","0",",G","19631208",",,G","","","","","19631221",",,G","-7.5",",G,08,","","","","","11.0",",G,21,","8446.6","G","549.2",",G","","","0.62",",G","3.61",",,,G","-2.37",",,,G"
"AYM00088963","1964-01","-63.4","-56.983","24.0","BASE ESPERANZA, AY","0.0","G","0.0",",G","","","","","","","","","0",",G","28",",G","3",",G","0",",G","0",",G","19640110","+,,G","","","","","19640119",",,G","-3.4",",G,10,+","","","","","11.0",",G,19,","546.3","G","546.3",",G","","","0.71",",G","2.98",",,,G","-1.56",",,,G"
"AYM00088963","1964-02","-63.4","-56.983","24.0","BASE ESPERANZA, AY","0.0","G","0.0",",G","","","","","","","","","0",",G","29",",G","6",",G","0",",G","0",",G","19640219",",,G","","","","","19640220",",,G","-8.2",",G,19,","","","","","8.6",",G,20,","1102.0","G","555.7",",G","","","-0.83",",G","2.28",",,,G","-3.93",",,,G"
"AYM00088963","1964-03","-63.4","-56.983","24.0","BASE ESPERANZA, AY","0.0","G","0.0",",G","","","","","","","","","0",",G","30",",G","8",",G","0",",G","0",",G","19640329","+,,G","","","","","19640326",",,G","-14.8",",G,29,+","","","","","12.0",",G,26,","1726.7","G","624.7",",G","","","-1.82",",G","2.89",",,,G","-6.53",",,,G"
"AYM00088963","1964-04","-63.4","-56.983","24.0","BASE ESPERANZA, AY","0.0","G","0.0",",G","","","","","","","","","7",",G","30",",G","25",",G","0",",G","0",",G","19640406",",,G","","","","","19640410",",,G","-19.9",",G,06,","","","","","10.0",",G,10,","2594.3","G","867.6",",G","","","-10.59",",G","-6.35",",,,G","-14.83",",,,G"
"AYM00088963","1964-05","-63.4","-56.983","24.0","BASE ESPERANZA, AY","0.0","G","0.0",",G","","","","","","","","","9",",G","30",",G","10",",G","0",",G","0",",G","19640507",",,G","","","","","19640502",",,G","-24.6",",G,07,","","","","","13.1",",G,02,","3362.2","G","767.9",",G","","","-6.44",",G","-1.40",",,,G","-11.47",",,,G"
"AYM00088963","1964-06","-63.4","-56.983","24.0","BASE ESPERANZA, AY","0.0","G","0.0",",G","","","","","","","","","11",",G","30",",G","23",",G","0",",G","0",",G","19640618",",,G","","","","","19640628",",,G","-25.0",",G,18,","","","","","3.6",",G,28,","4259.6","G","897.4",",G","","","-11.58",",G","-7.21",",,,G","-15.95",",,,G"
"AYM00088963","1964-07","-63.4","-56.983","24.0","BASE ESPERANZA, AY","0.0","G","0.0","2,G","","","","","","","","","17","1,G","30","1,G","27","1,G","0","1,G","0","1,G","19640731",",1,G","","","","","19640721",",1,G","-20.9","1,G,31,","","","","","4.7","1,G,21,","5178.2","G","918.6","1,G","","","-13.13","2,G","-9.59","1,,,G","-16.67","1,,,G"
"AYM00088963","1964-08","-63.4","-56.983","24.0","BASE ESPERANZA, AY","0.0","G","0.0","2,G","","","","","","","","","27","2,G","29","2,G","31",",G","0",",G","0",",G","19640811",",2,G","","","","","19640831",",,G","-31.1","2,G,11,","","","","","-1.4",",G,31,","6304.5","G","1126.3",",G","","","-20.47","2,G","-16.47",",,,G","-24.47","2,,,G"
"AYM00088963","1964-09","-63.4","-56.983","24.0","BASE ESPERANZA, AY","0.0","G","0.0","1,G","","","","","","","","","6",",G","30",",G","11","1,G","0","1,G","0","1,G","19640904",",,G","","","","","19640910",",1,G","-23.2",",G,04,","","","","","5.3","1,G,10,","6998.5","G","694.0","1,G","","","-5.75","1,G","-1.09","1,,,G","-10.41",",,,G"
"AYM00088963","1964-10","-63.4","-56.983","24.0","BASE ESPERANZA, AY","0.0","G","0.0",",G","","","","","","","","","0",",G","31",",G","3",",G","0",",G","0",",G","19641029",",,G","","","","","19641002",",,G","-12.4",",G,29,","","","","","9.9",",G,02,","7588.8","G","590.3",",G","","","-0.71",",G","3.32",",,,G","-4.74",",,,G"
"AYM00088963","1964-11","-63.4","-56.983","24.0","BASE ESPERANZA, AY","0.0","G","0.0",",G","","","","","","","","","0",",G","29",",G","7",",G","0",",G","0",",G","19641116",",,G","","","","","19641107",",,G","-7.6",",G,16,","","","","","9.4",",G,07,","8135.4","G","546.6",",G","","","0.11",",G","3.41",",,,G","-3.18",",,,G"
"AYM00088963","1964-12","-63.4","-56.983","24.0","BASE ESPERANZA, AY","0.0","G","0.0",",G","","","","","","","","","0",",G","29",",G","4",",G","0",",G","0",",G","19641201",",,G","","","","","19641220",",,G","-9.1",",G,01,","","","","","9.9",",G,20,","8691.6","G","556.2",",G","","","0.39",",G","3.14",",,,G","-2.35",",,,G"
"AYM00088963","1965-01","-63.4","-56.983","24.0","BASE ESPERANZA, AY","","","","","","","","","","","","","0",",G","26",",G","","","","","","","19650113",",,G","","","","","","","-3.3",",G,13,","","","","","","","","","","","","","","","","","-0.95",",,,G"
"AYM00088963","1965-02","-63.4","-56.983","24.0","BASE ESPERANZA, AY","","","0.0","1,G","","","","","","","","","0","1,G","19","1,G","8","1,G","0","1,G","0","1,G","19650228","+,1,G","","","","","19650208",",1,G","-4.4","1,G,28,+","","","","","10.8","1,G,08,","","","470.8","1,G","","","0.89","1,G","2.85","1,,,G","-1.06","1,,,G"
"AYM00088963","1965-03","-63.4","-56.983","24.0","BASE ESPERANZA, AY","","","0.0","1,G","","","","","","","","","0","1,G","14","1,G","3",",G","0",",G","0",",G","19650331",",1,G","","","","","19650317",",,G","-10.1","1,G,31,","","","","","15.3",",G,17,","","","469.4",",G","","","2.62","1,G","5.73",",,,G","-0.49","1,,,G"
"AYM00088963","1965-04","-63.4","-56.983","24.0","BASE ESPERANZA, AY","","","0.0",",G","","","","","","","","","0",",G","30",",G","19",",G","0",",G","0",",G","19650410",",,G","","","","","19650418",",,G","-16.1",",G,10,","","","","","5.8",",G,18,","","","727.9",",G","","","-5.93",",G","-2.86",",,,G","-9.00",",,,G"
"AYM00088963","1965-05","-63.4","-56.983","24.0","BASE ESPERANZA, AY","","","0.0",",G","","","","","","","","","7",",G","29",",G","20",",G","0",",G","0",",G","19650509",",,G","","","","","19650518",",,G","-20.3",",G,09,","","","","","11.8",",G,18,","","","792.7",",G","","","-7.24",",G","-3.99",",,,G","-10.48",",,,G"
"AYM00088963","1965-06","-63.4","-56.983","24.0","BASE ESPERANZA, AY","","","0.0",",G","","","","","","","","","10",",G","30",",G","22",",G","0",",G","0",",G","19650614","+,,G","","","","","19650608",",,G","-23.2",",G,14,+","","","","","8.3",",G,08,","","","855.8",",G","","","-10.20",",G","-5.80",",,,G","-14.59",",,,G"
"AYM00088963","1965-07","-63.4","-56.983","24.0","BASE ESPERANZA, AY","0.0","G","0.0","1,G","","","","","","","","","15",",G","31",",G","23","1,G","0","1,G","0","1,G","19650718",",,G","","","","","19650720",",1,G","-26.2",",G,18,","","","","","2.6","1,G,20,","","","919.0","1,G","","","-12.05","1,G","-7.78","1,,,G","-16.33",",,,G"
"AYM00088963","1965-08","-63.4","-56.983","24.0","BASE ESPERANZA, AY","0.0","G","0.0",",G","","","","","","","","","7",",G","31",",G","26",",G","0",",G","0",",G","19650820",",,G","","","","","19650821",",,G","-24.8",",G,20,","","","","","5.3",",G,21,","","","908.5",",G","","","-10.97",",G","-6.75",",,,G","-15.20",",,,G"
"AYM00088963","1965-09","-63.4","-56.983","24.0","BASE ESPERANZA, AY","0.0","G","0.0",",G","","","","","","","","","4",",G","30",",G","16",",G","0",",G","0",",G","19650928",",,G","","","","","19650906",",,G","-20.7",",G,28,","","","","","10.0",",G,06,","","","759.5",",G","","","-6.98",",G","-2.89",",,,G","-11.07",",,,G"
"AYM00088963","1965-10","-63.4","-56.983","24.0","BASE ESPERANZA, AY","0.0","G","0.0",",G","","","","","","","","","1",",G","31",",G","20",",G","0",",G","0",",G","19651003",",,G","","","","","19651011",",,G","-22.1",",G,03,","","","","","4.0",",G,11,","","","739.9",",G","","","-5.54",",G","-2.47",",,,G","-8.60",",,,G"
"AYM00088963","1965-11","-63.4","-56.983","24.0","BASE ESPERANZA, AY","0.0","G","0.0","2,G","","","","","","","","","0","1,G","27","1,G","5","1,G","0","1,G","0","1,G","19651101",",1,G","","","","","19651115",",1,G","-12.7","1,G,01,","","","","","8.9","1,G,15,","","","526.8","1,G","","","-0.50","2,G","2.44","1,,,G","-3.45","1,,,G"
"AYM00088963","1965-12","-63.4","-56.983","24.0","BASE ESPERANZA, AY","0.0","G","0.0",",G","","","","","","","","","0",",G","31",",G","18",",G","0",",G","0",",G","19651219",",,G","","","","","19651231",",,G","-7.1",",G,19,","","","","","8.2",",G,31,","","","623.5",",G","","","-1.78",",G","0.57",",,,G","-4.13",",,,G"
"AYM00088963","1966-01","-63.4","-56.983","24.0","BASE ESPERANZA, AY","0.0","G","0.0",",G","","","","","","","","","0",",G","27",",G","4",",G","0",",G","0",",G","19660126",",,G","","","","","19660112",",,G","-5.7",",G,26,","","","","","10.1",",G,12,","541.8","G","541.8",",G","","","0.86",",G","3.78",",,,G","-2.06",",,,G"
"AYM00088963","1966-02","-63.4","-56.983","24.0","BASE ESPERANZA, AY","0.0","G","0.0",",G","","","","","","","","","0",",G","27",",G","15",",G","0",",G","0",",G","19660224",",,G","","","","","19660212",",,G","-9.5",",G,24,","","","","","15.0",",G,12,","1106.9","G","565.1",",G","","","-1.85",",G","0.85",",,,G","-4.55",",,,G"
"AYM00088963","1966-03","-63.4","-56.983","24.0","BASE ESPERANZA, AY","0.0","G","0.0",",G","","","","","","","","","0",",G","31",",G","17",",G","0",",G","0",",G","19660327",",,G","","","","","19660312",",,G","-12.8",",G,27,","","","","","7.3",",G,12,","1793.1","G","686.2",",G","","","-3.80",",G","-0.35",",,,G","-7.25",",,,G"
"AYM00088963","1966-04","-63.4","-56.983","24.0","BASE ESPERANZA, AY","0.0","G","0.0",",G","","","","","","","","","0",",G","23",",G","11",",G","0",",G","0",",G","19660421",",,G","","","","","19660406",",,G","-17.6",",G,21,","","","","","13.0",",G,06,","2420.2","G","627.1",",G","","","-2.57",",G","2.19",",,,G","-7.33",",,,G"
"AYM00088963","1966-05","-63.4","-56.983","24.0","BASE ESPERANZA, AY","0.0","G","0.0",",G","","","","","","","","","13",",G","31",",G","31",",G","0",",G","0",",G","19660523",",,G","","","","","19660507",",,G","-21.4",",G,23,","","","","","-1.9",",G,07,","3430.1","G","1009.9",",G","","","-14.25",",G","-11.02",",,,G","-17.47",",,,G"
"AYM00088963","1966-06","-63.4","-56.983","24.0","BASE ESPERANZA, AY","0.0","G","0.0",",G","","","","","","","","","12",",G","30",",G","22",",G","0",",G","0",",G","19660607",",,G","","","","","19660620",",,G","-22.9",",G,07,","","","","","3.7",",G,20,","4297.7","G","867.6",",G","","","-10.59",",G","-7.10",",,,G","-14.08",",,,G"
"AYM00088963","1966-07","-63.4","-56.983","24.0","BASE ESPERANZA, AY","0.0","G","0.0",",G","","","","","","","","","19",",G","31",",G","28",",G","0",",G","0",",G","19660716",",,G","","","","","19660727",",,G","-29.5",",G,16,","","","","","1.6",",G,27,","5300.6","G","1002.9",",G","","","-14.02",",G","-9.41",",,,G","-18.63",",,,G"
"AYM00088963","1966-08","-63.4","-56.983","24.0","BASE ESPERANZA, AY","0.0","G","0.0",",G","","","","","","","","","4",",G","31",",G","21",",G","0",",G","0",",G","19660805",",,G","","","","","19660806",",,G","-24.7",",G,05,","","","","","4.4",",G,06,","6103.8","G","803.2",",G","","","-7.58",",G","-2.95",",,,G","-12.20",",,,G"
"AYM00088963","1966-09","-63.4","-56.983","24.0","BASE ESPERANZA, AY","0.0","G","0.0",",G","","","","","","","","","12",",G","27",",G","16",",G","0",",G","0",",G","19660914",",,G","","","","","19660920",",,G","-25.8",",G,14,","","","","","10.7",",G,20,","6885.8","G","782.0",",G","","","-7.73",",G","-2.95",",,,G","-12.51",",,,G"
"AYM00088963","1966-10","-63.4","-56.983","24.0","BASE ESPERANZA, AY","0.0","G","0.0",",G","","","","","","","","","0",",G","31",",G","9",",G","0",",G","0",",G","19661009",",,G","","","","","19661030",",,G","-14.3",",G,09,","","","","","10.2",",G,30,","7552.0","G","666.2",",G","","","-3.16",",G","0.58",",,,G","-6.89",",,,G"
"AYM00088963","1966-11","-63.4","-56.983","24.0","BASE ESPERANZA, AY","0.0","G","0.0",",G","","","","","","","","","0",",G","27",",G","12",",G","0",",G","0",",G","19661110",",,G","","","","","19661123",",,G","-9.1",",G,10,","","","","","11.2",",G,23,","8130.7","G","578.7",",G","","","-0.96",",G","2.03",",,,G","-3.94",",,,G"
"AYM00088963","1966-12","-63.4","-56.983","24.0","BASE ESPERANZA, AY","0.0","G","0.0",",G","","","","","","","","","0",",G","26",",G","1",",G","0",",G","0",",G","19661211",",,G","","","","","19661223",",,G","-5.3",",G,11,","","","","","12.9",",G,23,","8665.3","G","534.6",",G","","","1.09",",G","3.97",",,,G","-1.80",",,,G"
"AYM00088963","1967-01","-63.4","-56.983","24.0","BASE ESPERANZA, AY","0.0","G","0.0",",G","","","","","","","","","0",",G","30",",G","4",",G","0",",G","0",",G","19670121",",,G","","","","","19670117",",,G","-4.2",",G,21,","","","","","9.8",",G,17,","568.4","G","568.4",",G","","","0.00",",G","2.19",",,,G","-2.20",",,,G"
"AYM00088963","1967-02","-63.4","-56.983","24.0","BASE ESPERANZA, AY","0.0","G","0.0",",G","","","","","","","","","0",",G","28",",G","12",",G","0",",G","0",",G","19670222",",,G","","","","","19670205",",,G","-10.4",",G,22,","","","","","3.4",",G,05,","1160.4","G","592.0",",G","","","-2.81",",G","-0.37",",,,G","-5.25",",,,G"
"AYM00088963","1967-03","-63.4","-56.983","24.0","BASE ESPERANZA, AY","0.0","G","0.0",",G","","","","","","","","","0",",G","28",",G","12",",G","0",",G","0",",G","19670324",",,G","","","","","19670315",",,G","-14.7",",G,24,","","","","","13.5",",G,15,","1786.8","G","626.4",",G","","","-1.87",",G","1.85",",,,G","-5.60",",,,G"
"AYM00088963","1967-04","-63.4","-56.983","24.0","BASE ESPERANZA, AY","0.0","G","0.0",",G","","","","","","","","","5",",G","29",",G","22",",G","0",",G","0",",G","19670421",",,G","","","","","19670413",",,G","-22.7",",G,21,","","","","","8.6",",G,13,","2586.8","G","800.0",",G","","","-8.33",",G","-4.54",",,,G","-12.13",",,,G"
"AYM00088963","1967-05","-63.4","-56.983","24.0","BASE ESPERANZA, AY","0.0","G","0.0",",G","","","","","","","","","18",",G","31",",G","29",",G","0",",G","0",",G","19670527",",,G","","","","","19670515",",,G","-26.5",",G,27,","","","","","3.4",",G,15,","3613.5","G","1026.7",",G","","","-14.79",",G","-10.94",",,,G","-18.63",",,,G"
"AYM00088963","1967-06","-63.4","-56.983","24.0","BASE ESPERANZA, AY","0.0","G","0.0",",G","","","","","","","","","16",",G","30",",G","19",",G","0",",G","0",",G","19670608",",,G","","","","","19670612",",,G","-23.7",",G,08,","","","","","4.6",",G,12,","4555.0","G","941.5",",G","","","-13.05",",G","-8.43",",,,G","-17.68",",,,G"
"AYM00088963","1967-07","-63.4","-56.983","24.0","BASE ESPERANZA, AY","0.0","G","0.0",",G","","","","","","","","","13",",G","31",",G","23",",G","0",",G","0",",G","19670706",",,G","","","","","19670720",",,G","-24.6",",G,06,","","","","","7.8",",G,20,","5458.5","G","903.5",",G","","","-10.81",",G","-6.22",",,,G","-15.41",",,,G"
"AYM00088963","1967-08","-63.4","-56.983","24.0","BASE ESPERANZA, AY","0.0","G","0.0",",G","","","","","","","","","7",",G","31",",G","19",",G","0",",G","0",",G","19670817",",,G","","","","","19670822",",,G","-28.0",",G,17,","","","","","9.6",",G,22,","6276.1","G","817.6",",G","","","-8.04",",G","-3.42",",,,G","-12.66",",,,G"
"AYM00088963","1967-09","-63.4","-56.983","24.0","BASE ESPERANZA, AY","0.0","G","0.0",",G","","","","","","","","","5",",G","30",",G","18",",G","0",",G","0",",G","19670929",",,G","","","","","19670921",",,G","-21.2",",G,29,","","","","","4.0",",G,21,","7043.8","G","767.7",",G","","","-7.26",",G","-2.81",",,,G","-11.71",",,,G"
"AYM00088963","1967-10","-63.4","-56.983","24.0","BASE ESPERANZA, AY","0.0","G","0.0",",G","","","","","","","","","4",",G","31",",G","14",",G","0",",G","0",",G","19671006",",,G","","","","","19671018",",,G","-21.4",",G,06,","","","","","10.0",",G,18,","7751.9","G","708.1",",G","","","-4.51",",G","0.17",",,,G","-9.19",",,,G"
"AYM00088963","1967-11","-63.4","-56.983","24.0","BASE ESPERANZA, AY","0.0","G","0.0",",G","","","","","","","","","0",",G","30",",G","15",",G","0",",G","0",",G","19671112",",,G","","","","","19671102",",,G","-14.7",",G,12,","","","","","6.5",",G,02,","8444.6","G","692.7",",G","","","-4.76",",G","-1.26",",,,G","-8.25",",,,G"
"AYM00088963","1967-12","-63.4","-56.983","24.0","BASE ESPERANZA, AY","0.0","G","0.0",",G","","","","","","","","","0",",G","28",",G","5",",G","0",",G","0",",G","19671203",",,G","","","","","19671218",",,G","-7.7",",G,03,","","","","","11.3",",G,18,","8999.9","G","555.3",",G","","","0.42",",G","3.40",",,,G","-2.56",",,,G"
"AYM00088963","1968-01","-63.4","-56.983","24.0","BASE ESPERANZA, AY","0.0","","0.0",",G","","","","","","","","","0",",G","30",",G","3",",G","0",",G","0",",G","19680119",",,G","","","","","19680102",",,G","-5.1",",G,19,","","","","","9.6",",G,02,","564.5","","564.5",",G","","","0.12",",G","2.55",",,,G","-2.30",",,,G"
"AYM00088963","1968-02","-63.4","-56.983","24.0","BASE ESPERANZA, AY","0.0","","0.0",",G","","","","","","","","","0",",G","28",",G","13",",G","0",",G","0",",G","19680228","+,,G","","","","","19680205",",,G","-9.1",",G,28,+","","","","","8.7",",G,05,","1164.2","","599.7",",G","","","-2.35",",G","0.52",",,,G","-5.22",",,,G"
"AYM00088963","1968-03","-63.4","-56.983","24.0","BASE ESPERANZA, AY","0.0","","0.0",",G","","","","","","","","","0",",G","31",",G","22",",G","0",",G","0",",G","19680323",",,G","","","","","19680331",",,G","-16.1",",G,23,","","","","","7.5",",G,31,","1921.2","","757.0",",G","","","-6.09",",G","-2.70",",,,G","-9.47",",,,G"
"AYM00088963","1968-04","-63.4","-56.983","24.0","BASE ESPERANZA, AY","0.0","","0.0",",G","","","","","","","","","1",",G","29",",G","18",",G","0",",G","0",",G","19680422",",,G","","","","","19680415",",,G","-20.1",",G,22,","","","","","11.7",",G,15,","2638.3","","717.1",",G","","","-5.57",",G","-1.70",",,,G","-9.45",",,,G"
"AYM00088963","1968-05","-63.4","-56.983","24.0","BASE ESPERANZA, AY","0.0","","0.0",",G","","","","","","","","","10",",G","31",",G","27",",G","0",",G","0",",G","19680523",",,G","","","","","19680515",",,G","-23.6",",G,23,","","","","","4.4",",G,15,","3577.8","","939.5",",G","","","-11.97",",G","-8.44",",,,G","-15.51",",,,G"
"AYM00088963","1968-06","-63.4","-56.983","24.0","BASE ESPERANZA, AY","0.0","","0.0",",G","","","","","","","","","16",",G","30",",G","18",",G","0",",G","0",",G","19680621",",,G","","","","","19680605",",,G","-27.3",",G,21,","","","","","6.2",",G,05,","4471.0","","893.2",",G","","","-11.44",",G","-6.62",",,,G","-16.26",",,,G"
"AYM00088963","1968-07","-63.4","-56.983","24.0","BASE ESPERANZA, AY","0.0","","0.0",",G","","","","","","","","","14",",G","31",",G","24",",G","0",",G","0",",G","19680727",",,G","","","","","19680724",",,G","-25.4",",G,27,","","","","","6.0",",G,24,","5353.5","","882.5",",G","","","-10.14",",G","-5.30",",,,G","-14.97",",,,G"
"AYM00088963","1968-08","-63.4","-56.983","24.0","BASE ESPERANZA, AY","0.0","","0.0",",G","","","","","","","","","15",",G","31",",G","23",",G","0",",G","0",",G","19680821",",,G","","","","","19680801",",,G","-26.0",",G,21,","","","","","3.0",",G,01,","6243.5","","890.0",",G","","","-10.38",",G","-5.20",",,,G","-15.55",",,,G"
"AYM00088963","1968-09","-63.4","-56.983","24.0","BASE ESPERANZA, AY","0.0","","0.0",",G","","","","","","","","","7",",G","29",",G","12",",G","0",",G","0",",G","19680922",",,G","","","","","19680924",",,G","-24.9",",G,22,","","","","","6.5",",G,24,","6954.5","","711.0",",G","","","-5.37",",G","-0.08",",,,G","-10.66",",,,G"
"AYM00088963","1968-10","-63.4","-56.983","24.0","BASE ESPERANZA, AY","0.0","","0.0",",G","","","","","","","","","0",",G","31",",G","7",",G","0",",G","0",",G","19681021",",,G","","","","","19681013",",,G","-16.6",",G,21,","","","","","8.2",",G,13,","7603.0","","648.5",",G","","","-2.59",",G","1.18",",,,G","-6.35",",,,G"
"AYM00088963","1971-01","-63.4","-56.983","24.0","BASE ESPERANZA, AY","","","0.0",",G","","","","","","","","","0",",G","26",",G","2",",G","0",",G","0",",G","19710131",",,G","","","","","19710113",",,G","-5.1",",G,31,","","","","","5.8",",G,13,","558.0","G","558.0",",G","","","0.33",",G","2.15",",,,G","-1.49",",,,G"
"AYM00088963","1971-02","-63.4","-56.983","24.0","BASE ESPERANZA, AY","","","0.0",",G","","","","","","","","","0",",G","26",",G","15",",G","0",",G","0",",G","19710209",",,G","","","","","19710227",",,G","-7.4",",G,09,","","","","","11.3",",G,27,","1114.1","G","556.1",",G","","","-1.53",",G","1.13",",,,G","-4.18",",,,G"
"AYM00088963","1971-03","-63.4","-56.983","24.0","BASE ESPERANZA, AY","","","0.0",",G","","","","","","","","","0",",G","27",",G","15",",G","0",",G","0",",G","19710316",",,G","","","","","19710304",",,G","-13.6",",G,16,","","","","","12.1",",G,04,","1768.1","G","654.0",",G","","","-2.76",",G","0.87",",,,G","-6.40",",,,G"
"AYM00088963","1971-04","-63.4","-56.983","24.0","BASE ESPERANZA, AY","","","0.0",",G","","","","","","","","","0",",G","30",",G","22",",G","0",",G","0",",G","19710426","+,,G","","","","","19710420",",,G","-17.7",",G,26,+","","","","","9.9",",G,20,","2517.1","G","749.0",",G","","","-6.64",",G","-2.92",",,,G","-10.35",",,,G"
"AYM00088963","1971-05","-63.4","-56.983","24.0","BASE ESPERANZA, AY","","","0.0",",G","","","","","","","","","11",",G","31",",G","29",",G","0",",G","0",",G","19710524",",,G","","","","","19710503",",,G","-29.6",",G,24,","","","","","3.5",",G,03,","3451.0","G","933.9",",G","","","-11.79",",G","-7.66",",,,G","-15.92",",,,G"
"AYM00088963","1971-06","-63.4","-56.983","24.0","BASE ESPERANZA, AY","","","0.0",",G","","","","","","","","","2",",G","29",",G","16",",G","0",",G","0",",G","19710620",",,G","","","","","19710605",",,G","-21.4",",G,20,","","","","","12.0",",G,05,","4169.7","G","718.7",",G","","","-5.63",",G","-0.89",",,,G","-10.36",",,,G"
"AYM00088963","1971-07","-63.4","-56.983","24.0","BASE ESPERANZA, AY","0.0","G","0.0",",G","","","","","","","","","7",",G","31",",G","20",",G","0",",G","0",",G","19710709","+,,G","","","","","19710729",",,G","-23.1",",G,09,+","","","","","6.0",",G,29,","4984.2","G","814.5",",G","","","-7.94",",G","-3.87",",,,G","-12.02",",,,G"
"AYM00088963","1971-08","-63.4","-56.983","24.0","BASE ESPERANZA, AY","0.0","G","0.0",",G","","","","","","","","","12",",G","30",",G","21",",G","0",",G","0",",G","19710817",",,G","","","","","19710829",",,G","-24.0",",G,17,","","","","","4.3",",G,29,","5868.3","G","884.1",",G","","","-10.19",",G","-6.60",",,,G","-13.77",",,,G"
"AYM00088963","1971-09","-63.4","-56.983","24.0","BASE ESPERANZA, AY","0.0","G","0.0",",G","","","","","","","","","8",",G","30",",G","24",",G","0",",G","0",",G","19710926",",,G","","","","","19710909",",,G","-23.0",",G,26,","","","","","5.5",",G,09,","6714.2","G","845.9",",G","","","-9.87",",G","-5.63",",,,G","-14.10",",,,G"
"AYM00088963","1971-10","-63.4","-56.983","24.0","BASE ESPERANZA, AY","0.0","G","0.0",",G","","","","","","","","","0",",G","29",",G","12",",G","0",",G","0",",G","19711031",",,G","","","","","19711013",",,G","-13.4",",G,31,","","","","","10.2",",G,13,","7360.9","G","646.7",",G","","","-2.53",",G","1.36",",,,G","-6.42",",,,G"
"AYM00088963","1971-11","-63.4","-56.983","24.0","BASE ESPERANZA, AY","0.0","G","0.0",",G","","","","","","","","","0",",G","28",",G","6",",G","0",",G","0",",G","19711101",",,G","","","","","19711107",",,G","-12.3",",G,01,","","","","","9.3",",G,07,","7912.7","G","551.8",",G","","","-0.06",",G","3.27",",,,G","-3.39",",,,G"
"AYM00088963","1971-12","-63.4","-56.983","24.0","BASE ESPERANZA, AY","0.0","G","0.0",",G","","","","","","","","","0",",G","31",",G","6",",G","0",",G","0",",G","19711220",",,G","","","","","19711221",",,G","-5.3",",G,20,","","","","","8.0",",G,21,","8491.9","G","579.2",",G","","","-0.35",",G","1.70",",,,G","-2.40",",,,G"
"AYM00088963","1972-01","-63.4","-56.983","24.0","BASE ESPERANZA, AY","0.0","G","0.0",",G","","","","","","","","","0",",G","27",",G","10",",G","0",",G","0",",G","19720121",",,G","","","","","19720103",",,G","-5.0",",G,21,","","","","","11.0",",G,03,","553.2","G","553.2",",G","","","0.49",",G","2.61",",,,G","-1.63",",,,G"
"AYM00088963","1972-02","-63.4","-56.983","24.0","BASE ESPERANZA, AY","0.0","G","0.0",",G","","","","","","","","","0",",G","29",",G","8",",G","0",",G","0",",G","19720226",",,G","","","","","19720213",",,G","-8.9",",G,26,","","","","","12.0",",G,13,","1088.9","G","535.7",",G","","","-0.14",",G","2.98",",,,G","-3.26",",,,G"
"AYM00088963","1972-03","-63.4","-56.983","24.0","BASE ESPERANZA, AY","0.0","G","0.0",",G","","","","","","","","","0",",G","31",",G","20",",G","0",",G","0",",G","19720318",",,G","","","","","19720301",",,G","-14.7",",G,18,","","","","","9.5",",G,01,","1849.8","G","760.9",",G","","","-6.21",",G","-2.72",",,,G","-9.71",",,,G"
"AYM00088963","1972-04","-63.4","-56.983","24.0","BASE ESPERANZA, AY","0.0","G","0.0",",G","","","","","","","","","9",",G","30",",G","27",",G","0",",G","0",",G","19720421",",,G","","","","","19720429",",,G","-24.3",",G,21,","","","","","1.7",",G,29,","2748.4","G","898.6",",G","","","-11.62",",G","-8.49",",,,G","-14.75",",,,G"
"AYM00088963","1972-05","-63.4","-56.983","24.0","BASE ESPERANZA, AY","0.0","G","0.0",",G","","","","","","","","","6",",G","31",",G","21",",G","0",",G","0",",G","19720512",",,G","","","","","19720521",",,G","-24.5",",G,12,","","","","","4.1",",G,21,","3571.1","G","822.7",",G","","","-8.21",",G","-4.77",",,,G","-11.65",",,,G"
"AYM00088963","1972-06","-63.4","-56.983","24.0","BASE ESPERANZA, AY","0.0","G","0.0",",G","","","","","","","","","22",",G","30",",G","28",",G","0",",G","0",",G","19720627",",,G","","","","","19720613",",,G","-28.4",",G,27,","","","","","7.0",",G,13,","4572.8","G","1001.7",",G","","","-15.06",",G","-10.92",",,,G","-19.20",",,,G"
"AYM00088963","1972-07","-63.4","-56.983","24.0","BASE ESPERANZA, AY","0.0","G","0.0",",G","","","","","","","","","17",",G","31",",G","29",",G","0",",G","0",",G","19720731",",,G","","","","","19720704",",,G","-29.0",",G,31,","","","","","0.4",",G,04,","5543.2","G","970.4",",G","","","-12.97",",G","-9.74",",,,G","-16.20",",,,G"
"AYM00088963","1972-08","-63.4","-56.983","24.0","BASE ESPERANZA, AY","0.0","G","0.0",",G","","","","","","","","","18",",G","31",",G","29",",G","0",",G","0",",G","19720805",",,G","","","","","19720831",",,G","-29.6",",G,05,","","","","","5.8",",G,31,","6528.5","G","985.3",",G","","","-13.45",",G","-9.46",",,,G","-17.44",",,,G"
"AYM00088963","1972-09","-63.4","-56.983","24.0","BASE ESPERANZA, AY","0.0","G","0.0",",G","","","","","","","","","7",",G","30",",G","23",",G","0",",G","0",",G","19720908",",,G","","","","","19720917",",,G","-20.0",",G,08,","","","","","6.5",",G,17,","7276.8","G","748.3",",G","","","-6.61",",G","-3.10",",,,G","-10.12",",,,G"
"AYM00088963","1972-10","-63.4","-56.983","24.0","BASE ESPERANZA, AY","0.0","G","0.0",",G","","","","","","","","","0",",G","30",",G","11",",G","0",",G","0",",G","19721002",",,G","","","","","19721012",",,G","-13.8",",G,02,","","","","","10.0",",G,12,","7933.0","G","656.2",",G","","","-2.84",",G","1.10",",,,G","-6.77",",,,G"
"AYM00088963","1972-11","-63.4","-56.983","24.0","BASE ESPERANZA, AY","0.0","G","0.0",",G","","","","","","","","","0",",G","29",",G","9",",G","0",",G","0",",G","19721108",",,G","","","","","19721102",",,G","-10.5",",G,08,","","","","","9.0",",G,02,","8513.4","G","580.4",",G","","","-1.01",",G","2.40",",,,G","-4.42",",,,G"
"AYM00088963","1972-12","-63.4","-56.983","24.0","BASE ESPERANZA, AY","0.0","G","0.0",",G","","","","","","","","","0",",G","20",",G","1",",G","0",",G","0",",G","19721231",",,G","","","","","19721211",",,G","-3.3",",G,31,","","","","","10.0",",G,11,","9010.6","G","497.2",",G","","","2.30",",G","4.95",",,,G","-0.36",",,,G"
"AYM00088963","1973-01","-63.4","-56.983","24.0","BASE ESPERANZA, AY","0.0","G","0.0",",G","","","","","","","","","0",",G","31",",G","14",",G","0",",G","0",",G","19730125",",,G","","","","","19730129",",,G","-6.0",",G,25,","","","","","6.9",",G,29,","608.9","G","608.9",",G","","","-1.31",",G","0.75",",,,G","-3.37",",,,G"
"AYM00088963","1973-02","-63.4","-56.983","24.0","BASE ESPERANZA, AY","0.0","G","0.0",",G","","","","","","","","","0",",G","26",",G","16",",G","0",",G","0",",G","19730215",",,G","","","","","19730226","+,,G","-5.5",",G,15,","","","","","9.0",",G,26,+","1152.3","G","543.4",",G","","","-1.08",",G","0.83",",,,G","-2.98",",,,G"
"AYM00088963","1973-03","-63.4","-56.983","24.0","BASE ESPERANZA, AY","0.0","G","0.0",",G","","","","","","","","","0",",G","25",",G","12",",G","0",",G","0",",G","19730331",",,G","","","","","19730311",",,G","-15.5",",G,31,","","","","","12.2",",G,11,","1806.3","G","654.0",",G","","","-2.76",",G","0.28",",,,G","-5.81",",,,G"
"AYM00088963","1973-04","-63.4","-56.983","24.0","BASE ESPERANZA, AY","0.0","G","0.0","1,G","","","","","","","","","14","1,G","29","1,G","26",",G","0",",G","0",",G","19730419",",1,G","","","","","19730424",",,G","-26.0","1,G,19,","","","","","6.0",",G,24,","2651.7","G","845.4",",G","","","-10.85","1,G","-6.42",",,,G","-15.27","1,,,G"
"AYM00088963","1973-05","-63.4","-56.983","24.0","BASE ESPERANZA, AY","0.0","G","0.0",",G","","","","","","","","","22",",G","31",",G","30",",G","0",",G","0",",G","19730515",",,G","","","","","19730516",",,G","-24.5",",G,15,","","","","","3.0",",G,16,","3696.7","G","1045.0",",G","","","-15.38",",G","-12.69",",,,G","-18.06",",,,G"
"AYM00088963","1973-06","-63.4","-56.983","24.0","BASE ESPERANZA, AY","0.0","G","0.0",",G","","","","","","","","","17",",G","30",",G","27",",G","0",",G","0",",G","19730614",",,G","","","","","19730627","+,,G","-28.7",",G,14,","","","","","4.7",",G,27,+","4673.9","G","977.2",",G","","","-14.24",",G","-10.81",",,,G","-17.67",",,,G"
"AYM00088963","1973-07","-63.4","-56.983","24.0","BASE ESPERANZA, AY","0.0","G","0.0",",G","","","","","","","","","8",",G","31",",G","21",",G","0",",G","0",",G","19730710","+,,G","","","","","19730716",",,G","-23.0",",G,10,+","","","","","10.9",",G,16,","5498.4","G","824.5",",G","","","-8.26",",G","-3.54",",,,G","-12.99",",,,G"
"AYM00088963","1973-08","-63.4","-56.983","24.0","BASE ESPERANZA, AY","0.0","G","0.0",",G","","","","","","","","","15",",G","31",",G","30",",G","0",",G","0",",G","19730808",",,G","","","","","19730820",",,G","-24.0",",G,08,","","","","","1.0",",G,20,","6401.1","G","902.7",",G","","","-10.79",",G","-6.26",",,,G","-15.32",",,,G"
"AYM00088963","1973-09","-63.4","-56.983","24.0","BASE ESPERANZA, AY","0.0","G","0.0",",G","","","","","","","","","13",",G","30",",G","26",",G","0",",G","0",",G","19730911",",,G","","","","","19730929","+,,G","-25.9",",G,11,","","","","","8.0",",G,29,+","7318.6","G","917.5",",G","","","-12.25",",G","-8.57",",,,G","-15.94",",,,G"
"AYM00088963","1973-10","-63.4","-56.983","24.0","BASE ESPERANZA, AY","0.0","G","0.0",",G","","","","","","","","","0",",G","30",",G","14",",G","0",",G","0",",G","19731015",",,G","","","","","19731005",",,G","-13.0",",G,15,","","","","","7.5",",G,05,","7978.5","G","659.9",",G","","","-2.95",",G","0.21",",,,G","-6.12",",,,G"
"AYM00088963","1973-11","-63.4","-56.983","24.0","BASE ESPERANZA, AY","0.0","G","0.0",",G","","","","","","","","","0",",G","27",",G","9",",G","0",",G","0",",G","19731118",",,G","","","","","19731110",",,G","-10.0",",G,18,","","","","","8.0",",G,10,","8560.3","G","581.8",",G","","","-1.06",",G","1.70",",,,G","-3.82",",,,G"
"AYM00088963","1973-12","-63.4","-56.983","24.0","BASE ESPERANZA, AY","0.0","G","0.0",",G","","","","","","","","","0",",G","28",",G","2",",G","0",",G","0",",G","19731218",",,G","","","","","19731205",",,G","-3.9",",G,18,","","","","","9.1",",G,05,","9106.5","G","546.2",",G","","","0.71",",G","2.86",",,,G","-1.43",",,,G"
"AYM00088963","1974-01","-63.4","-56.983","24.0","BASE ESPERANZA, AY","0.0","G","0.0",",G","","","","","","","","","0",",G","31",",G","15",",G","0",",G","0",",G","19740106",",,G","","","","","19740120",",,G","-6.8",",G,06,","","","","","7.6",",G,20,","601.4","G","601.4",",G","","","-1.07",",G","0.50",",,,G","-2.63",",,,G"
"AYM00088963","1974-02","-63.4","-56.983","24.0","BASE ESPERANZA, AY","0.0","G","0.0",",G","","","","","","","","","0",",G","19",",G","5",",G","0",",G","0",",G","19740206",",,G","","","","","19740215",",,G","-7.2",",G,06,","","","","","13.7",",G,15,","1069.6","G","468.2",",G","","","1.61",",G","4.72",",,,G","-1.50",",,,G"
"AYM00088963","1974-03","-63.4","-56.983","24.0","BASE ESPERANZA, AY","0.0","G","0.0",",G","","","","","","","","","0",",G","23",",G","11",",G","0",",G","0",",G","19740329",",,G","","","","","19740325",",,G","-10.1",",G,29,","","","","","8.3",",G,25,","1654.5","G","584.9",",G","","","-0.54",",G","2.24",",,,G","-3.31",",,,G"
"AYM00088963","1974-04","-63.4","-56.983","24.0","BASE ESPERANZA, AY","0.0","G","0.0",",G","","","","","","","","","3",",G","29",",G","26",",G","0",",G","0",",G","19740421",",,G","","","","","19740423",",,G","-19.1",",G,21,","","","","","5.9",",G,23,","2506.6","G","852.1",",G","","","-10.07",",G","-7.30",",,,G","-12.84",",,,G"
"AYM00088963","1974-05","-63.4","-56.983","24.0","BASE ESPERANZA, AY","0.0","G","0.0",",G","","","","","","","","","10",",G","30",",G","21",",G","0",",G","0",",G","19740528",",,G","","","","","19740506",",,G","-24.0",",G,28,","","","","","12.4",",G,06,","3352.0","G","845.4",",G","","","-8.94",",G","-5.13",",,,G","-12.74",",,,G"
"AYM00088963","1974-06","-63.4","-56.983","24.0","BASE ESPERANZA, AY","0.0","G","0.0",",G","","","","","","","","","9",",G","30",",G","24",",G","0",",G","0",",G","19740615",",,G","","","","","19740628",",,G","-23.2",",G,15,","","","","","6.0",",G,28,","4207.0","G","855.0",",G","","","-10.17",",G","-7.38",",,,G","-12.96",",,,G"
"AYM00088963","1974-07","-63.4","-56.983","24.0","BASE ESPERANZA, AY","0.0","G","0.0",",G","","","","","","","","","11",",G","31",",G","25",",G","0",",G","0",",G","19740707",",,G","","","","","19740722",",,G","-22.3",",G,07,","","","","","7.9",",G,22,","5103.8","G","896.8",",G","","","-10.60",",G","-6.61",",,,G","-14.58",",,,G"
"AYM00088963","1974-08","-63.4","-56.983","24.0","BASE ESPERANZA, AY","0.0","G","0.0",",G","","","","","","","","","13",",G","31",",G","31",",G","0",",G","0",",G","19740828",",,G","","","","","19740804","+,,G","-29.0",",G,28,","","","","","0.0",",G,04,+","6068.1","G","964.3",",G","","","-12.77",",G","-9.96",",,,G","-15.58",",,,G"
"AYM00088963","1974-09","-63.4","-56.983","24.0","BASE ESPERANZA, AY","0.0","G","0.0",",G","","","","","","","","","9",",G","30",",G","18",",G","0",",G","0",",G","19740901",",,G","","","","","19740916",",,G","-25.2",",G,01,","","","","","7.6",",G,16,","6866.3","G","798.2",",G","","","-8.28",",G","-3.87",",,,G","-12.68",",,,G"
"AYM00088963","1974-10","-63.4","-56.983","24.0","BASE ESPERANZA, AY","0.0","G","0.0",",G","","","","","","","","","0",",G","31",",G","15",",G","0",",G","0",",G","19741005","+,,G","","","","","19741001",",,G","-17.2",",G,05,+","","","","","8.2",",G,01,","7557.5","G","691.2",",G","","","-3.96",",G","-1.33",",,,G","-6.59",",,,G"
"AYM00088963","1974-11","-63.4","-56.983","24.0","BASE ESPERANZA, AY","0.0","G","0.0",",G","","","","","","","","","0",",G","30",",G","14",",G","0",",G","0",",G","19741106","+,,G","","","","","19741113",",,G","-9.0",",G,06,+","","","","","10.3",",G,13,","8165.5","G","608.0",",G","","","-1.94",",G","0.75",",,,G","-4.62",",,,G"
"AYM00088963","1974-12","-63.4","-56.983","24.0","BASE ESPERANZA, AY","0.0","G","0.0",",G","","","","","","","","","0",",G","31",",G","8",",G","0",",G","0",",G","19741230","+,,G","","","","","19741217",",,G","-4.0",",G,30,+","","","","","12.6",",G,17,","8722.7","G","557.2",",G","","","0.36",",G","2.71",",,,G","-1.99",",,,G"
"AYM00088963","1975-01","-63.4","-56.983","24.0","BASE ESPERANZA, AY","0.0","G","0.0",",G","","","","","","","","","0",",G","31",",G","17",",G","0",",G","0",",G","19750116",",,G","","","","","19750131",",,G","-6.0",",G,16,","","","","","6.5",",G,31,","612.0","G","612.0",",G","","","-1.41",",G","0.46",",,,G","-3.27",",,,G"
"AYM00088963","1975-02","-63.4","-56.983","24.0","BASE ESPERANZA, AY","0.0","G","0.0",",G","","","","","","","","","0",",G","28",",G","23",",G","0",",G","0",",G","19750228",",,G","","","","","19750202","+,,G","-10.7",",G,28,","","","","","5.0",",G,02,+","1220.9","G","608.9",",G","","","-3.41",",G","-1.44",",,,G","-5.39",",,,G"
"AYM00088963","1975-03","-63.4","-56.983","24.0","BASE ESPERANZA, AY","0.0","G","0.0",",G","","","","","","","","","0",",G","31",",G","19",",G","0",",G","0",",G","19750315","+,,G","","","","","19750318",",,G","-13.0",",G,15,+","","","","","6.2",",G,18,","1933.4","G","712.5",",G","","","-4.65",",G","-0.92",",,,G","-8.38",",,,G"
"AYM00088963","1975-04","-63.4","-56.983","24.0","BASE ESPERANZA, AY","0.0","G","0.0",",G","","","","","","","","","8",",G","30",",G","21",",G","0",",G","0",",G","19750424",",,G","","","","","19750403",",,G","-23.0",",G,24,","","","","","7.0",",G,03,","2736.2","G","802.8",",G","","","-8.43",",G","-3.90",",,,G","-12.96",",,,G"
"AYM00088963","1975-05","-63.4","-56.983","24.0","BASE ESPERANZA, AY","0.0","G","0.0","1,G","","","","","","","","","13","1,G","29","1,G","25",",G","0",",G","0",",G","19750503","+,1,G","","","","","19750516",",,G","-26.0","1,G,03,+","","","","","10.0",",G,16,","3648.8","G","912.6",",G","","","-12.12","1,G","-8.06",",,,G","-16.18","1,,,G"
"AYM00088963","1975-06","-63.4","-56.983","24.0","BASE ESPERANZA, AY","0.0","G","0.0",",G","","","","","","","","","10",",G","30",",G","28",",G","0",",G","0",",G","19750621",",,G","","","","","19750619",",,G","-30.0",",G,21,","","","","","4.0",",G,19,","4541.4","G","892.6",",G","","","-11.42",",G","-7.27",",,,G","-15.57",",,,G"
"AYM00088963","1975-07","-63.4","-56.983","24.0","BASE ESPERANZA, AY","0.0","G","0.0",",G","","","","","","","","","16",",G","31",",G","29",",G","0",",G","0",",G","19750707",",,G","","","","","19750725",",,G","-32.3",",G,07,","","","","","3.1",",G,25,","5535.9","G","994.5",",G","","","-13.75",",G","-9.44",",,,G","-18.05",",,,G"
"AYM00088963","1975-08","-63.4","-56.983","24.0","BASE ESPERANZA, AY","0.0","G","0.0",",G","","","","","","","","","16",",G","31",",G","27",",G","0",",G","0",",G","19750829",",,G","","","","","19750805",",,G","-31.0",",G,29,","","","","","13.0",",G,05,","6526.0","G","990.1",",G","","","-13.61",",G","-8.96",",,,G","-18.25",",,,G"
"AYM00088963","1975-09","-63.4","-56.983","24.0","BASE ESPERANZA, AY","0.0","G","0.0",",G","","","","","","","","","0",",G","30",",G","15",",G","0",",G","0",",G","19750928","+,,G","","","","","19750930",",,G","-17.3",",G,28,+","","","","","9.8",",G,30,","7268.1","G","742.1",",G","","","-6.40",",G","-1.08",",,,G","-11.73",",,,G"
"AYM00088963","1975-10","-63.4","-56.983","24.0","BASE ESPERANZA, AY","0.0","G","0.0",",G","","","","","","","","","0",",G","31",",G","10",",G","0",",G","0",",G","19751013",",,G","","","","","19751003",",,G","-15.2",",G,13,","","","","","10.1",",G,03,","7898.7","G","630.6",",G","","","-2.01",",G","1.91",",,,G","-5.93",",,,G"
"AYM00088963","1975-11","-63.4","-56.983","24.0","BASE ESPERANZA, AY","0.0","G","0.0",",G","","","","","","","","","0",",G","30",",G","12",",G","0",",G","0",",G","19751114",",,G","","","","","19751120",",,G","-8.7",",G,14,","","","","","4.0",",G,20,","8506.6","G","607.9",",G","","","-1.93",",G","0.50",",,,G","-4.36",",,,G"
"AYM00088963","1975-12","-63.4","-56.983","24.0","BASE ESPERANZA, AY","0.0","G","0.0",",G","","","","","","","","","0",",G","30",",G","7",",G","0",",G","0",",G","19751202",",,G","","","","","19751204",",,G","-6.4",",G,02,","","","","","10.0",",G,04,","9080.3","G","573.7",",G","","","-0.17",",G","2.38",",,,G","-2.73",",,,G"
"AYM00088963","1976-01","-63.4","-56.983","24.0","BASE ESPERANZA, AY","0.0","G","0.0",",G","","","","","","","","","0",",G","29",",G","11",",G","0",",G","0",",G","19760131",",,G","","","","","19760111",",,G","-6.9",",G,31,","","","","","4.7",",G,11,","586.6","G","586.6",",G","","","-0.59",",G","1.45",",,,G","-2.64",",,,G"
"AYM00088963","1976-02","-63.4","-56.983","24.0","BASE ESPERANZA, AY","0.0","G","0.0",",G","","","","","","","","","0",",G","25",",G","7",",G","0",",G","0",",G","19760222",",,G","","","","","19760218",",,G","-6.4",",G,22,","","","","","12.2",",G,18,","1096.0","G","509.4",",G","","","0.77",",G","3.77",",,,G","-2.23",",,,G"
"AYM00088963","1976-03","-63.4","-56.983","24.0","BASE ESPERANZA, AY","0.0","G","0.0",",G","","","","","","","","","0",",G","28",",G","14",",G","0",",G","0",",G","19760331",",,G","","","","","19760326",",,G","-12.7",",G,31,","","","","","11.7",",G,26,","1742.6","G","646.6",",G","","","-2.53",",G","1.00",",,,G","-6.05",",,,G"
"AYM00088963","1976-04","-63.4","-56.983","24.0","BASE ESPERANZA, AY","0.0","G","0.0",",G","","","","","","","","","2",",G","29",",G","17",",G","0",",G","0",",G","19760426",",,G","","","","","19760422",",,G","-21.2",",G,26,","","","","","7.7",",G,22,","2466.3","G","723.7",",G","","","-5.79",",G","-1.40",",,,G","-10.18",",,,G"
"AYM00088963","1976-05","-63.4","-56.983","24.0","BASE ESPERANZA, AY","0.0","G","0.0",",G","","","","","","","","","1",",G","31",",G","24",",G","0",",G","0",",G","19760525",",,G","","","","","19760529",",,G","-19.2",",G,25,","","","","","3.2",",G,29,","3257.2","G","790.9",",G","","","-7.18",",G","-3.59",",,,G","-10.77",",,,G"
"AYM00088963","1976-06","-63.4","-56.983","24.0","BASE ESPERANZA, AY","0.0","G","0.0",",G","","","","","","","","","3",",G","30",",G","24",",G","0",",G","0",",G","19760623",",,G","","","","","19760602",",,G","-24.6",",G,23,","","","","","4.6",",G,02,","4084.5","G","827.3",",G","","","-9.25",",G","-5.55",",,,G","-12.94",",,,G"
"AYM00088963","1976-07","-63.4","-56.983","24.0","BASE ESPERANZA, AY","0.0","G","0.0",",G","","","","","","","","","26",",G","31",",G","31",",G","0",",G","0",",G","19760714",",,G","","","","","19760718",",,G","-28.4",",G,14,","","","","","-2.0",",G,18,","5192.3","G","1107.8",",G","","","-17.40",",G","-13.67",",,,G","-21.14",",,,G"
"AYM00088963","1976-08","-63.4","-56.983","24.0","BASE ESPERANZA, AY","0.0","G","0.0",",G","","","","","","","","","9",",G","31",",G","24",",G","0",",G","0",",G","19760814",",,G","","","","","19760804",",,G","-23.2",",G,14,","","","","","8.2",",G,04,","6082.1","G","889.8",",G","","","-10.37",",G","-5.38",",,,G","-15.36",",,,G"
"AYM00088963","1976-09","-63.4","-56.983","24.0","BASE ESPERANZA, AY","0.0","G","0.0","2,G","","","","","","","","","9","1,G","29","1,G","17","1,G","0","1,G","0","1,G","19760922",",1,G","","","","","19760907",",1,G","-23.6","1,G,22,","","","","","6.4","1,G,07,","6808.0","G","725.9","1,G","","","-7.89","2,G","-3.35","1,,,G","-12.43","1,,,G"
"AYM00088963","1976-10","-63.4","-56.983","24.0","BASE ESPERANZA, AY","0.0","G","0.0",",G","","","","","","","","","0",",G","25",",G","8",",G","0",",G","0",",G","19761029",",,G","","","","","19761010",",,G","-10.6",",G,29,","","","","","17.0",",G,10,","7362.1","G","554.1",",G","","","0.46",",G","4.72",",,,G","-3.80",",,,G"
"AYM00088963","1976-11","-63.4","-56.983","24.0","BASE ESPERANZA, AY","0.0","G","0.0",",G","","","","","","","","","0",",G","29",",G","4",",G","0",",G","0",",G","19761101",",,G","","","","","19761109",",,G","-7.8",",G,01,","","","","","6.7",",G,09,","7904.1","G","542.0",",G","","","0.27",",G","2.70",",,,G","-2.17",",,,G"
"AYM00088963","1976-12","-63.4","-56.983","24.0","BASE ESPERANZA, AY","0.0","G","0.0",",G","","","","","","","","","0",",G","31",",G","4",",G","0",",G","0",",G","19761224",",,G","","","","","19761221",",,G","-4.3",",G,24,","","","","","10.4",",G,21,","8470.0","G","565.9",",G","","","0.08",",G","2.26",",,,G","-2.10",",,,G"
"AYM00088963","1977-01","-63.4","-56.983","24.0","BASE ESPERANZA, AY","0.0","G","0.0","1,G","","","","","","","","","0",",G","28",",G","4","1,G","0","1,G","0","1,G","19770126",",,G","","","","","19770129",",1,G","-5.6",",G,26,","","","","","11.0","1,G,29,","530.7","G","530.7","1,G","","","0.64","1,G","2.85","1,,,G","-1.57",",,,G"
"AYM00088963","1977-02","-63.4","-56.983","24.0","BASE ESPERANZA, AY","0.0","G","0.0",",G","","","","","","","","","0",",G","24",",G","3",",G","0",",G","0",",G","19770216","+,,G","","","","","19770223",",,G","-7.0",",G,16,+","","","","","9.8",",G,23,","1029.0","G","498.3",",G","","","0.54",",G","3.48",",,,G","-2.40",",,,G"
"AYM00088963","1977-03","-63.4","-56.983","24.0","BASE ESPERANZA, AY","0.0","G","0.0","1,G","","","","","","","","","0",",G","31",",G","13","1,G","0","1,G","0","1,G","19770327",",,G","","","","","19770311",",1,G","-17.0",",G,27,","","","","","8.3","1,G,11,","1659.4","G","630.4","1,G","","","-2.76","1,G","0.28","1,,,G","-5.80",",,,G"
"AYM00088963","1977-04","-63.4","-56.983","24.0","BASE ESPERANZA, AY","0.0","G","0.0",",G","","","","","","","","","0",",G","30",",G","20",",G","0",",G","0",",G","19770427",",,G","","","","","19770410",",,G","-17.4",",G,27,","","","","","5.2",",G,10,","2408.9","G","749.5",",G","","","-6.65",",G","-4.04",",,,G","-9.26",",,,G"
"AYM00088963","1977-05","-63.4","-56.983","24.0","BASE ESPERANZA, AY","0.0","G","0.0",",G","","","","","","","","","0",",G","31",",G","21",",G","0",",G","0",",G","19770502",",,G","","","","","19770515",",,G","-16.0",",G,02,","","","","","8.0",",G,15,","3168.0","G","759.1",",G","","","-6.15",",G","-2.92",",,,G","-9.39",",,,G"
"AYM00088963","1977-06","-63.4","-56.983","24.0","BASE ESPERANZA, AY","0.0","G","0.0",",G","","","","","","","","","2",",G","30",",G","26",",G","0",",G","0",",G","19770628",",,G","","","","","19770606",",,G","-18.0",",G,28,","","","","","4.6",",G,06,","3972.7","G","804.7",",G","","","-8.49",",G","-5.45",",,,G","-11.53",",,,G"
"AYM00088963","1977-07","-63.4","-56.983","24.0","BASE ESPERANZA, AY","0.0","G","0.0",",G","","","","","","","","","4",",G","31",",G","31",",G","0",",G","0",",G","19770720",",,G","","","","","19770704",",,G","-19.4",",G,20,","","","","","0.0",",G,04,","4846.2","G","873.5",",G","","","-9.85",",G","-6.55",",,,G","-13.14",",,,G"
"AYM00088963","1977-08","-63.4","-56.983","24.0","BASE ESPERANZA, AY","0.0","G","0.0",",G","","","","","","","","","14",",G","31",",G","26",",G","0",",G","0",",G","19770801",",,G","","","","","19770817",",,G","-25.6",",G,01,","","","","","2.0",",G,17,","5778.6","G","932.4",",G","","","-11.75",",G","-8.16",",,,G","-15.33",",,,G"
"AYM00088963","1977-09","-63.4","-56.983","24.0","BASE ESPERANZA, AY","0.0","G","0.0",",G","","","","","","","","","7",",G","30",",G","24",",G","0",",G","0",",G","19770928",",,G","","","","","19770902",",,G","-25.3",",G,28,","","","","","3.5",",G,02,","6611.2","G","832.6",",G","","","-9.42",",G","-5.53",",,,G","-13.31",",,,G"
"AYM00088963","1977-10","-63.4","-56.983","24.0","BASE ESPERANZA, AY","0.0","G","0.0",",G","","","","","","","","","0",",G","31",",G","11",",G","0",",G","0",",G","19771001",",,G","","","","","19771031",",,G","-13.8",",G,01,","","","","","8.0",",G,31,","7266.0","G","654.8",",G","","","-2.79",",G","1.00",",,,G","-6.58",",,,G"
"AYM00088963","1977-11","-63.4","-56.983","24.0","BASE ESPERANZA, AY","0.0","G","0.0",",G","","","","","","","","","0",",G","29",",G","9",",G","0",",G","0",",G","19771114",",,G","","","","","19771110",",,G","-8.0",",G,14,","","","","","9.9",",G,10,","7845.8","G","579.8",",G","","","-0.99",",G","1.67",",,,G","-3.65",",,,G"
"AYM00088963","1977-12","-63.4","-56.983","24.0","BASE ESPERANZA, AY","0.0","G","0.0",",G","","","","","","","","","0",",G","26",",G","7",",G","0",",G","0",",G","19771204",",,G","","","","","19771230",",,G","-6.0",",G,04,","","","","","14.3",",G,30,","8371.1","G","525.3",",G","","","1.39",",G","4.15",",,,G","-1.37",",,,G"
"AYM00088963","1978-01","-63.4","-56.983","24.0","BASE ESPERANZA, AY","0.0","G","0.0",",G","","","","","","","","","0",",G","24",",G","0",",G","0",",G","0",",G","19780116",",,G","","","","","19780101",",,G","-4.0",",G,16,","","","","","14.8",",G,01,","509.5","G","509.5",",G","","","1.90",",G","4.64",",,,G","-0.85",",,,G"
"AYM00088963","1978-02","-63.4","-56.983","24.0","BASE ESPERANZA, AY","0.0","G","0.0",",G","","","","","","","","","0",",G","19",",G","1",",G","0",",G","0",",G","19780225",",,G","","","","","19780217",",,G","-5.5",",G,25,","","","","","13.6",",G,17,","973.8","G","464.3",",G","","","1.75",",G","4.54",",,,G","-1.04",",,,G"
"AYM00088963","1978-03","-63.4","-56.983","24.0","BASE ESPERANZA, AY","0.0","G","0.0","1,G","","","","","","","","","0","1,G","27","1,G","13","1,G","0","1,G","0","1,G","19780310",",1,G","","","","","19780305",",1,G","-11.6","1,G,10,","","","","","12.5","1,G,05,","1591.2","G","617.4","1,G","","","-2.25","1,G","1.16","1,,,G","-5.66","1,,,G"
"AYM00088963","1978-04","-63.4","-56.983","24.0","BASE ESPERANZA, AY","0.0","G","0.0",",G","","","","","","","","","0",",G","30",",G","11",",G","0",",G","0",",G","19780403",",,G","","","","","19780407",",,G","-12.1",",G,03,","","","","","7.3",",G,07,","2214.8","G","623.6",",G","","","-2.46",",G","1.16",",,,G","-6.07",",,,G"
"AYM00088963","1978-05","-63.4","-56.983","24.0","BASE ESPERANZA, AY","0.0","G","0.0",",G","","","","","","","","","1",",G","30",",G","10",",G","0",",G","0",",G","19780510",",,G","","","","","19780506",",,G","-19.6",",G,10,","","","","","10.5",",G,06,","2867.2","G","652.4",",G","","","-2.71",",G","1.03",",,,G","-6.45",",,,G"
"AYM00088963","1978-06","-63.4","-56.983","24.0","BASE ESPERANZA, AY","0.0","G","0.0",",G","","","","","","","","","16",",G","30",",G","23",",G","0",",G","0",",G","19780627",",,G","","","","","19780613",",,G","-27.3",",G,27,","","","","","2.5",",G,13,","3821.4","G","954.2",",G","","","-13.48",",G","-8.83",",,,G","-18.12",",,,G"
"AYM00088963","1978-07","-63.4","-56.983","24.0","BASE ESPERANZA, AY","0.0","G","0.0",",G","","","","","","","","","18",",G","31",",G","31",",G","0",",G","0",",G","19780708",",,G","","","","","19780717",",,G","-24.1",",G,08,","","","","","-1.8",",G,17,","4853.1","G","1031.7",",G","","","-14.95",",G","-11.33",",,,G","-18.57",",,,G"
"AYM00088963","1978-08","-63.4","-56.983","24.0","BASE ESPERANZA, AY","0.0","G","0.0",",G","","","","","","","","","14",",G","31",",G","19",",G","0",",G","0",",G","19780831",",,G","","","","","19780812",",,G","-25.0",",G,31,","","","","","5.5",",G,12,","5708.0","G","854.9",",G","","","-9.24",",G","-3.79",",,,G","-14.70",",,,G"
"AYM00088963","1978-09","-63.4","-56.983","24.0","BASE ESPERANZA, AY","0.0","G","0.0",",G","","","","","","","","","3",",G","30",",G","16",",G","0",",G","0",",G","19780901",",,G","","","","","19780925",",,G","-23.5",",G,01,","","","","","8.5",",G,25,","6364.2","G","656.2",",G","","","-3.54",",G","0.68",",,,G","-7.76",",,,G"
"AYM00088963","1978-10","-63.4","-56.983","24.0","BASE ESPERANZA, AY","0.0","G","0.0",",G","","","","","","","","","0",",G","31",",G","13",",G","0",",G","0",",G","19781014",",,G","","","","","19781016",",,G","-10.0",",G,14,","","","","","7.0",",G,16,","7000.5","G","636.3",",G","","","-2.19",",G","0.65",",,,G","-5.04",",,,G"
"AYM00088963","1978-11","-63.4","-56.983","24.0","BASE ESPERANZA, AY","0.0","G","0.0",",G","","","","","","","","","0",",G","27",",G","16",",G","0",",G","0",",G","19781103",",,G","","","","","19781114",",,G","-7.1",",G,03,","","","","","9.1",",G,14,","7591.4","G","590.9",",G","","","-1.37",",G","0.84",",,,G","-3.57",",,,G"
"AYM00088963","1978-12","-63.4","-56.983","24.0","BASE ESPERANZA, AY","0.0","G","0.0",",G","","","","","","","","","0",",G","27",",G","4",",G","0",",G","0",",G","19781221",",,G","","","","","19781202",",,G","-5.2",",G,21,","","","","","7.8",",G,02,","8154.6","G","563.2",",G","","","0.16",",G","2.58",",,,G","-2.25",",,,G"
"AYM00088963","1980-01","-63.4","-56.983","24.0","BASE ESPERANZA, AY","","","0.0",",G","","","","","","","","","0",",G","25",",G","2",",G","0",",G","0",",G","19800125",",,G","","","","","19800116",",,G","-3.4",",G,25,","","","","","10.8",",G,16,","528.4","G","528.4",",G","","","1.29",",G","3.86",",,,G","-1.29",",,,G"
"AYM00088963","1980-02","-63.4","-56.983","24.0","BASE ESPERANZA, AY","","","0.0",",G","","","","","","","","","0",",G","27",",G","10",",G","0",",G","0",",G","19800226",",,G","","","","","19800221",",,G","-8.4",",G,26,","","","","","8.1",",G,21,","1099.5","G","571.1",",G","","","-1.36",",G","1.07",",,,G","-3.79",",,,G"
"AYM00088963","1980-03","-63.4","-56.983","24.0","BASE ESPERANZA, AY","","","0.0","2,G","","","","","","","","","0","1,G","29","1,G","12","1,G","0","1,G","0","1,G","19800321",",1,G","","","","","19800317",",1,G","-14.1","1,G,21,","","","","","12.6","1,G,17,","1723.4","G","623.9","1,G","","","-3.18","2,G","0.65","1,,,G","-7.01","1,,,G"
"AYM00088963","1980-04","-63.4","-56.983","24.0","BASE ESPERANZA, AY","","","0.0","4,G","","","","","","","","","8","2,G","28","2,G","24","2,G","0","2,G","0","2,G","19800421",",2,G","","","","","19800429",",2,G","-24.7","2,G,21,","","","","","6.3","2,G,29,","2459.8","G","736.4","2,G","","","-10.18","4,G","-6.02","2,,,G","-14.34","2,,,G"
"AYM00088963","1980-05","-63.4","-56.983","24.0","BASE ESPERANZA, AY","","","0.0",",G","","","","","","","","","6",",G","30",",G","26",",G","0",",G","0",",G","19800528",",,G","","","","","19800502",",,G","-21.6",",G,28,","","","","","8.5",",G,02,","3327.7","G","867.9",",G","","","-9.66",",G","-5.45",",,,G","-13.87",",,,G"
"AYM00088963","1980-06","-63.4","-56.983","24.0","BASE ESPERANZA, AY","","","0.0","2,G","","","","","","","","","11","1,G","29","1,G","27","1,G","0","1,G","0","1,G","19800609","+,1,G","","","","","19800619",",1,G","-27.0","1,G,09,+","","","","","0.8","1,G,19,","4177.2","G","849.5","1,G","","","-12.12","2,G","-7.97","1,,,G","-16.28","1,,,G"
"AYM00088963","1980-07","-63.4","-56.983","24.0","BASE ESPERANZA, AY","0.0","G","0.0","2,G","","","","","","","","","23","2,G","29","2,G","28","1,G","0","1,G","0","1,G","19800711",",2,G","","","","","19800706",",1,G","-27.1","2,G,11,","","","","","5.7","1,G,06,","5203.3","G","1026.1","1,G","","","-17.00","2,G","-13.22","1,,,G","-20.78","2,,,G"
"AYM00088963","1980-08","-63.4","-56.983","24.0","BASE ESPERANZA, AY","0.0","G","0.0",",G","","","","","","","","","17",",G","31",",G","28",",G","0",",G","0",",G","19800826","+,,G","","","","","19800817",",,G","-24.8",",G,26,+","","","","","5.2",",G,17,","6201.7","G","998.4",",G","","","-13.87",",G","-10.80",",,,G","-16.95",",,,G"
"AYM00088963","1980-09","-63.4","-56.983","24.0","BASE ESPERANZA, AY","0.0","G","0.0",",G","","","","","","","","","16",",G","30",",G","21",",G","0",",G","0",",G","19800912",",,G","","","","","19800925",",,G","-22.7",",G,12,","","","","","5.9",",G,25,","7089.2","G","887.5",",G","","","-11.25",",G","-7.39",",,,G","-15.11",",,,G"
"AYM00088963","1980-10","-63.4","-56.983","24.0","BASE ESPERANZA, AY","0.0","G","0.0",",G","","","","","","","","","0",",G","28",",G","15",",G","0",",G","0",",G","19801003",",,G","","","","","19801022",",,G","-17.4",",G,03,","","","","","7.7",",G,22,","7762.4","G","673.2",",G","","","-3.38",",G","0.11",",,,G","-6.88",",,,G"
"AYM00088963","1980-11","-63.4","-56.983","24.0","BASE ESPERANZA, AY","0.0","G","0.0",",G","","","","","","","","","0",",G","30",",G","24",",G","0",",G","0",",G","19801107",",,G","","","","","19801129","+,,G","-12.1",",G,07,","","","","","1.7",",G,29,+","8467.2","G","704.8",",G","","","-5.16",",G","-2.74",",,,G","-7.58",",,,G"
"AYM00088963","1980-12","-63.4","-56.983","24.0","BASE ESPERANZA, AY","0.0","G","0.0",",G","","","","","","","","","0",",G","27",",G","5",",G","0",",G","0",",G","19801202",",,G","","","","","19801220",",,G","-5.7",",G,02,","","","","","10.1",",G,20,","9014.3","G","547.1",",G","","","0.69",",G","3.38",",,,G","-2.01",",,,G"
"AYM00088963","1981-01","-63.4","-56.983","24.0","BASE ESPERANZA, AY","0.0","G","0.0",",G","","","","","","","","","0",",G","27",",G","3",",G","0",",G","0",",G","19810118",",,G","","","","","19810126",",,G","-3.6",",G,18,","","","","","14.1",",G,26,","542.2","G","542.2",",G","","","0.84",",G","3.32",",,,G","-1.64",",,,G"
"AYM00088963","1981-02","-63.4","-56.983","24.0","BASE ESPERANZA, AY","0.0","G","0.0",",G","","","","","","","","","0",",G","25",",G","3",",G","0",",G","0",",G","19810212",",,G","","","","","19810206",",,G","-6.5",",G,12,","","","","","9.2",",G,06,","1046.2","G","504.0",",G","","","0.33",",G","3.03",",,,G","-2.36",",,,G"
"AYM00088963","1981-03","-63.4","-56.983","24.0","BASE ESPERANZA, AY","0.0","G","0.0",",G","","","","","","","","","0",",G","29",",G","20",",G","0",",G","0",",G","19810309",",,G","","","","","19810316",",,G","-10.8",",G,09,","","","","","11.8",",G,16,","1703.2","G","657.0",",G","","","-2.86",",G","0.39",",,,G","-6.11",",,,G"
"AYM00088963","1981-04","-63.4","-56.983","24.0","BASE ESPERANZA, AY","0.0","G","0.0",",G","","","","","","","","","1",",G","28",",G","12",",G","0",",G","0",",G","19810423",",,G","","","","","19810415",",,G","-19.5",",G,23,","","","","","13.7",",G,15,","2325.8","G","622.6",",G","","","-2.42",",G","1.78",",,,G","-6.62",",,,G"
"AYM00088963","1981-05","-63.4","-56.983","24.0","BASE ESPERANZA, AY","0.0","G","0.0",",G","","","","","","","","","4",",G","31",",G","24",",G","0",",G","0",",G","19810505",",,G","","","","","19810514",",,G","-22.3",",G,05,","","","","","2.0",",G,14,","3165.6","G","839.8",",G","","","-8.76",",G","-5.39",",,,G","-12.12",",,,G"
"AYM00088963","1981-06","-63.4","-56.983","24.0","BASE ESPERANZA, AY","","","","","","","","","","","","","5",",G","30",",G","","","","","","","19810604",",,G","","","","","","","-20.8",",G,04,","","","","","","","","","","","","","","","","","-11.11",",,,G"
"AYM00088963","1981-07","-63.4","-56.983","24.0","BASE ESPERANZA, AY","","","","","","","","","","","","","3",",G","31",",G","","","","","","","19810724",",,G","","","","","","","-20.0",",G,24,","","","","","","","","","","","","","","","","","-13.38",",,,G"
"AYM00088963","1981-08","-63.4","-56.983","24.0","BASE ESPERANZA, AY","","","0.0","2,G","","","","","","","","","20","1,G","30","1,G","24","1,G","0","1,G","0","1,G","19810821",",1,G","","","","","19810831",",1,G","-25.4","1,G,21,","","","","","10.0","1,G,31,","","","959.0","1,G","","","-14.37","2,G","-10.15","1,,,G","-18.59","1,,,G"
"AYM00088963","1981-09","-63.4","-56.983","24.0","BASE ESPERANZA, AY","","","0.0",",G","","","","","","","","","6",",G","30",",G","20",",G","0",",G","0",",G","19810930",",,G","","","","","19810914",",,G","-20.8",",G,30,","","","","","6.0",",G,14,","","","777.0",",G","","","-7.57",",G","-3.41",",,,G","-11.73",",,,G"
"AYM00088963","1981-10","-63.4","-56.983","24.0","BASE ESPERANZA, AY","","","0.0",",G","","","","","","","","","4",",G","31",",G","18",",G","0",",G","0",",G","19811002",",,G","","","","","19811017",",,G","-23.0",",G,02,","","","","","8.1",",G,17,","","","800.3",",G","","","-7.48",",G","-3.05",",,,G","-11.92",",,,G"
"AYM00088963","1981-11","-63.4","-56.983","24.0","BASE ESPERANZA, AY","","","0.0",",G","","","","","","","","","1",",G","27",",G","9",",G","0",",G","0",",G","19811108",",,G","","","","","19811123",",,G","-17.8",",G,08,","","","","","5.9",",G,23,","","","606.4",",G","","","-1.88",",G","1.13",",,,G","-4.89",",,,G"
"AYM00088963","1981-12","-63.4","-56.983","24.0","BASE ESPERANZA, AY","","","0.0",",G","","","","","","","","","0",",G","29",",G","1",",G","0",",G","0",",G","19811224",",,G","","","","","19811209",",,G","-4.7",",G,24,","","","","","8.0",",G,09,","","","549.9",",G","","","0.60",",G","3.30",",,,G","-2.11",",,,G"
"AYM00088963","1982-01","-63.4","-56.983","24.0","BASE ESPERANZA, AY","","","0.0",",G","","","","","","","","","0",",G","22",",G","0",",G","0",",G","0",",G","19820103",",,G","","","","","19820128",",,G","-5.2",",G,03,","","","","","13.6",",G,28,","493.4","G","493.4",",G","","","2.42",",G","5.67",",,,G","-0.84",",,,G"
"AYM00088963","1982-02","-63.4","-56.983","24.0","BASE ESPERANZA, AY","","","0.0",",G","","","","","","","","","0",",G","23",",G","2",",G","0",",G","0",",G","19820220",",,G","","","","","19820222",",,G","-8.7",",G,20,","","","","","8.9",",G,22,","983.1","G","489.7",",G","","","0.84",",G","3.54",",,,G","-1.85",",,,G"
"AYM00088963","1982-03","-63.4","-56.983","24.0","BASE ESPERANZA, AY","","","0.0",",G","","","","","","","","","0",",G","31",",G","9",",G","0",",G","0",",G","19820323",",,G","","","","","19820302",",,G","-15.4",",G,23,","","","","","7.7",",G,02,","1619.5","G","636.4",",G","","","-2.20",",G","1.29",",,,G","-5.69",",,,G"
"AYM00088963","1982-04","-63.4","-56.983","24.0","BASE ESPERANZA, AY","","","0.0",",G","","","","","","","","","3",",G","28",",G","11",",G","0",",G","0",",G","19820423",",,G","","","","","19820428",",,G","-21.9",",G,23,","","","","","8.3",",G,28,","2279.3","G","659.8",",G","","","-3.66",",G","0.95",",,,G","-8.27",",,,G"
"AYM00088963","1982-05","-63.4","-56.983","24.0","BASE ESPERANZA, AY","","","0.0",",G","","","","","","","","","0",",G","28",",G","11",",G","0",",G","0",",G","19820526","+,,G","","","","","19820508",",,G","-16.0",",G,26,+","","","","","13.6",",G,08,","2951.2","G","671.9",",G","","","-3.34",",G","1.25",",,,G","-7.93",",,,G"
"AYM00088963","1982-06","-63.4","-56.983","24.0","BASE ESPERANZA, AY","","","0.0",",G","","","","","","","","","1",",G","30",",G","15",",G","0",",G","0",",G","19820611",",,G","","","","","19820621",",,G","-18.0",",G,11,","","","","","8.7",",G,21,","3628.0","G","676.8",",G","","","-4.23",",G","-0.09",",,,G","-8.37",",,,G"
"AYM00088963","1982-07","-63.4","-56.983","24.0","BASE ESPERANZA, AY","0.0","G","0.0",",G","","","","","","","","","20",",G","31",",G","27",",G","0",",G","0",",G","19820715",",,G","","","","","19820726",",,G","-29.0",",G,15,","","","","","3.9",",G,26,","4622.5","G","994.5",",G","","","-13.75",",G","-8.58",",,,G","-18.92",",,,G"
"AYM00088963","1982-08","-63.4","-56.983","24.0","BASE ESPERANZA, AY","0.0","G","0.0",",G","","","","","","","","","10",",G","31",",G","21",",G","0",",G","0",",G","19820801",",,G","","","","","19820816",",,G","-27.1",",G,01,","","","","","8.8",",G,16,","5463.6","G","841.1",",G","","","-8.80",",G","-3.51",",,,G","-14.09",",,,G"
"AYM00088963","1982-09","-63.4","-56.983","24.0","BASE ESPERANZA, AY","0.0","G","0.0",",G","","","","","","","","","6",",G","30",",G","15",",G","0",",G","0",",G","19820907",",,G","","","","","19820929",",,G","-27.0",",G,07,","","","","","9.6",",G,29,","6203.5","G","739.9",",G","","","-6.33",",G","-0.68",",,,G","-11.99",",,,G"
"AYM00088963","1982-10","-63.4","-56.983","24.0","BASE ESPERANZA, AY","0.0","G","0.0",",G","","","","","","","","","0",",G","30",",G","18",",G","0",",G","0",",G","19821008",",,G","","","","","19821001",",,G","-15.0",",G,08,","","","","","9.7",",G,01,","6911.2","G","707.7",",G","","","-4.50",",G","-1.16",",,,G","-7.83",",,,G"
"AYM00088963","1982-11","-63.4","-56.983","24.0","BASE ESPERANZA, AY","0.0","G","0.0",",G","","","","","","","","","0",",G","30",",G","15",",G","0",",G","0",",G","19821105",",,G","","","","","19821115",",,G","-12.7",",G,05,","","","","","6.3",",G,15,","7557.9","G","646.7",",G","","","-3.22",",G","-0.03",",,,G","-6.42",",,,G"
"AYM00088963","1982-12","-63.4","-56.983","24.0","BASE ESPERANZA, AY","0.0","G","0.0",",G","","","","","","","","","0",",G","30",",G","5",",G","0",",G","0",",G","19821225",",,G","","","","","19821205","+,,G","-4.5",",G,25,","","","","","8.4",",G,05,+","8113.7","G","555.8",",G","","","0.40",",G","2.51",",,,G","-1.70",",,,G"
"AYM00088963","1983-01","-63.4","-56.983","24.0","BASE ESPERANZA, AY","0.0","G","0.0",",G","","","","","","","","","0",",G","29",",G","1",",G","0",",G","0",",G","19830127",",,G","","","","","19830104",",,G","-4.0",",G,27,","","","","","7.6",",G,04,","540.6","G","540.6",",G","","","0.90",",G","3.26",",,,G","-1.47",",,,G"
"AYM00088963","1983-02","-63.4","-56.983","24.0","BASE ESPERANZA, AY","0.0","G","0.0",",G","","","","","","","","","0",",G","25",",G","9",",G","0",",G","0",",G","19830227",",,G","","","","","19830212",",,G","-8.4",",G,27,","","","","","7.6",",G,12,","1071.5","G","530.9",",G","","","-0.63",",G","1.68",",,,G","-2.94",",,,G"
"AYM00088963","1983-03","-63.4","-56.983","24.0","BASE ESPERANZA, AY","0.0","G","0.0",",G","","","","","","","","","2",",G","31",",G","18",",G","0",",G","0",",G","19830321",",,G","","","","","19830328",",,G","-20.9",",G,21,","","","","","8.8",",G,28,","1759.3","G","687.8",",G","","","-3.85",",G","-0.31",",,,G","-7.40",",,,G"
"AYM00088963","1983-04","-63.4","-56.983","24.0","BASE ESPERANZA, AY","0.0","G","0.0",",G","","","","","","","","","0",",G","28",",G","14",",G","0",",G","0",",G","19830414",",,G","","","","","19830419",",,G","-14.0",",G,14,","","","","","12.9",",G,19,","2425.7","G","666.4",",G","","","-3.88",",G","0.13",",,,G","-7.89",",,,G"
"AYM00088963","1983-05","-63.4","-56.983","24.0","BASE ESPERANZA, AY","0.0","G","0.0",",G","","","","","","","","","11",",G","30",",G","21",",G","0",",G","0",",G","19830528",",,G","","","","","19830531",",,G","-21.1",",G,28,","","","","","8.6",",G,31,","3290.5","G","864.8",",G","","","-9.56",",G","-5.52",",,,G","-13.61",",,,G"
"AYM00088963","1983-06","-63.4","-56.983","24.0","BASE ESPERANZA, AY","0.0","G","0.0",",G","","","","","","","","","11",",G","29",",G","21",",G","0",",G","0",",G","19830622",",,G","","","","","19830602",",,G","-23.7",",G,22,","","","","","12.8",",G,02,","4120.7","G","830.2",",G","","","-9.34",",G","-5.22",",,,G","-13.46",",,,G"
"AYM00088963","1983-07","-63.4","-56.983","24.0","BASE ESPERANZA, AY","0.0","G","0.0",",G","","","","","","","","","10",",G","31",",G","20",",G","0",",G","0",",G","19830713",",,G","","","","","19830730",",,G","-23.3",",G,13,","","","","","5.2",",G,30,","4979.8","G","859.1",",G","","","-9.38",",G","-5.57",",,,G","-13.19",",,,G"
"AYM00088963","1983-08","-63.4","-56.983","24.0","BASE ESPERANZA, AY","0.0","G","0.0",",G","","","","","","","","","0",",G","31",",G","16",",G","0",",G","0",",G","19830815",",,G","","","","","19830802",",,G","-17.6",",G,15,","","","","","4.5",",G,02,","5671.5","G","691.7",",G","","","-3.98",",G","-0.71",",,,G","-7.25",",,,G"
"AYM00088963","1983-09","-63.4","-56.983","24.0","BASE ESPERANZA, AY","0.0","G","0.0",",G","","","","","","","","","5",",G","30",",G","25",",G","0",",G","0",",G","19830925",",,G","","","","","19830928",",,G","-20.7",",G,25,","","","","","8.1",",G,28,","6509.2","G","837.7",",G","","","-9.59",",G","-5.92",",,,G","-13.26",",,,G"
"AYM00088963","1983-10","-63.4","-56.983","24.0","BASE ESPERANZA, AY","0.0","G","0.0",",G","","","","","","","","","1",",G","30",",G","14",",G","0",",G","0",",G","19831005",",,G","","","","","19831028",",,G","-20.1",",G,05,","","","","","7.3",",G,28,","7216.6","G","707.4",",G","","","-4.49",",G","-0.67",",,,G","-8.31",",,,G"
"AYM00088963","1983-11","-63.4","-56.983","24.0","BASE ESPERANZA, AY","0.0","G","0.0",",G","","","","","","","","","0",",G","28",",G","11",",G","0",",G","0",",G","19831110",",,G","","","","","19831103",",,G","-13.0",",G,10,","","","","","8.3",",G,03,","7816.6","G","600.0",",G","","","-1.67",",G","1.05",",,,G","-4.38",",,,G"
"AYM00088963","1983-12","-63.4","-56.983","24.0","BASE ESPERANZA, AY","0.0","G","0.0",",G","","","","","","","","","0",",G","20",",G","0",",G","0",",G","0",",G","19831222",",,G","","","","","19831213",",,G","-3.0",",G,22,","","","","","11.6",",G,13,","8325.7","G","509.1",",G","","","1.91",",G","4.54",",,,G","-0.72",",,,G"
"AYM00088963","1984-01","-63.4","-56.983","24.0","BASE ESPERANZA, AY","0.0","G","0.0",",G","","","","","","","","","0",",G","30",",G","7",",G","0",",G","0",",G","19840117","+,,G","","","","","19840123",",,G","-4.5",",G,17,+","","","","","5.9",",G,23,","587.0","G","587.0",",G","","","-0.60",",G","1.17",",,,G","-2.38",",,,G"
"AYM00088963","1984-02","-63.4","-56.983","24.0","BASE ESPERANZA, AY","0.0","G","0.0",",G","","","","","","","","","0",",G","25",",G","6",",G","0",",G","0",",G","19840202",",,G","","","","","19840216",",,G","-6.0",",G,02,","","","","","8.9",",G,16,","1118.1","G","531.1",",G","","","0.02",",G","2.85",",,,G","-2.81",",,,G"
"AYM00088963","1984-03","-63.4","-56.983","24.0","BASE ESPERANZA, AY","0.0","G","0.0",",G","","","","","","","","","0",",G","25",",G","6",",G","0",",G","0",",G","19840320",",,G","","","","","19840316",",,G","-10.3",",G,20,","","","","","12.1",",G,16,","1675.9","G","557.8",",G","","","0.34",",G","4.37",",,,G","-3.69",",,,G"
"AYM00088963","1984-04","-63.4","-56.983","24.0","BASE ESPERANZA, AY","0.0","G","0.0","2,G","","","","","","","","","3",",G","28",",G","18","2,G","0","2,G","0","2,G","19840413",",,G","","","","","19840401",",2,G","-20.9",",G,13,","","","","","8.6","2,G,01,","2368.5","G","692.6","2,G","","","-6.68","2,G","-2.63","2,,,G","-10.73",",,,G"
"AYM00088963","1984-05","-63.4","-56.983","24.0","BASE ESPERANZA, AY","0.0","G","0.0",",G","","","","","","","","","10",",G","30",",G","23",",G","0",",G","0",",G","19840523",",,G","","","","","19840527",",,G","-23.8",",G,23,","","","","","9.8",",G,27,","3244.7","G","876.2",",G","","","-9.93",",G","-6.04",",,,G","-13.82",",,,G"
"AYM00088963","1984-06","-63.4","-56.983","24.0","BASE ESPERANZA, AY","0.0","G","0.0",",G","","","","","","","","","8",",G","30",",G","21",",G","0",",G","0",",G","19840619",",,G","","","","","19840622",",,G","-25.0",",G,19,","","","","","6.4",",G,22,","4091.5","G","846.8",",G","","","-9.90",",G","-4.22",",,,G","-15.57",",,,G"
"AYM00088963","1984-07","-63.4","-56.983","24.0","BASE ESPERANZA, AY","","","","","","","","","","","","","8",",","30",",G","","","","","","","19840715",",,G","","","","","","","-21.0",",G,15,","","","","","","","","","","","","","","","","","-9.83",",,,G"
"AYM00088963","1984-08","-63.4","-56.983","24.0","BASE ESPERANZA, AY","","","0.0",",G","","","","","","","","","0",",G","30",",G","19",",G","0",",G","0",",G","19840807",",,G","","","","","19840816",",,G","-15.9",",G,07,","","","","","6.3",",G,16,","","","731.0",",G","","","-5.25",",G","-1.91",",,,G","-8.59",",,,G"
"AYM00088963","1984-09","-63.4","-56.983","24.0","BASE ESPERANZA, AY","","","0.0",",G","","","","","","","","","0",",G","29",",G","9",",G","0",",G","0",",G","19840907",",,G","","","","","19840917",",,G","-10.6",",G,07,","","","","","5.8",",G,17,","","","581.5",",G","","","-1.05",",G","1.62",",,,G","-3.72",",,,G"
"AYM00088963","1984-10","-63.4","-56.983","24.0","BASE ESPERANZA, AY","","","0.0",",G","","","","","","","","","2",",G","31",",G","20",",G","0",",G","0",",G","19841005",",,G","","","","","19841016",",,G","-18.5",",G,05,","","","","","8.0",",G,16,","","","737.2",",G","","","-5.45",",G","-1.85",",,,G","-9.05",",,,G"
"AYM00088963","1984-11","-63.4","-56.983","24.0","BASE ESPERANZA, AY","","","0.0",",G","","","","","","","","","0",",G","30",",G","11",",G","0",",G","0",",G","19841119",",,G","","","","","19841105",",,G","-7.1",",G,19,","","","","","9.2",",G,05,","","","566.8",",G","","","-0.56",",G","2.32",",,,G","-3.44",",,,G"
"AYM00088963","1984-12","-63.4","-56.983","24.0","BASE ESPERANZA, AY","","","0.0",",G","","","","","","","","","0",",G","25",",G","8",",G","0",",G","0",",G","19841204",",,G","","","","","19841223",",,G","-7.0",",G,04,","","","","","11.1",",G,23,","","","532.9",",G","","","1.14",",G","4.20",",,,G","-1.92",",,,G"
"AYM00088963","1985-01","-63.4","-56.983","24.0","BASE ESPERANZA, AY","","","0.0",",G","","","","","","","","","0",",G","20",",G","5",",G","0",",G","0",",G","19850118",",,G","","","","","19850131",",,G","-5.0",",G,18,","","","","","13.0",",G,31,","514.7","G","514.7",",G","","","1.73",",G","4.65",",,,G","-1.19",",,,G"
"AYM00088963","1985-02","-63.4","-56.983","24.0","BASE ESPERANZA, AY","","","0.0","1,G","","","","","","","","","0","1,G","24","1,G","5",",G","0",",G","0",",G","19850228",",1,G","","","","","19850201",",,G","-12.0","1,G,28,","","","","","10.3",",G,01,","1023.6","G","508.9",",G","","","-0.51","1,G","2.54",",,,G","-3.55","1,,,G"
"AYM00088963","1985-03","-63.4","-56.983","24.0","BASE ESPERANZA, AY","","","0.0",",G","","","","","","","","","0",",G","30",",G","19",",G","0",",G","0",",G","19850320",",,G","","","","","19850324",",,G","-13.5",",G,20,","","","","","7.5",",G,24,","1747.7","G","724.1",",G","","","-5.02",",G","-1.52",",,,G","-8.53",",,,G"
"AYM00088963","1985-04","-63.4","-56.983","24.0","BASE ESPERANZA, AY","","","0.0",",G","","","","","","","","","0",",G","30",",G","17",",G","0",",G","0",",G","19850428",",,G","","","","","19850422",",,G","-17.6",",G,28,","","","","","6.7",",G,22,","2492.7","G","745.0",",G","","","-6.50",",G","-1.52",",,,G","-11.48",",,,G"
"AYM00088963","1985-05","-63.4","-56.983","24.0","BASE ESPERANZA, AY","","","0.0",",G","","","","","","","","","15",",G","31",",G","27",",G","0",",G","0",",G","19850510",",,G","","","","","19850513",",,G","-22.5",",G,10,","","","","","6.1",",G,13,","3427.3","G","934.6",",G","","","-11.82",",G","-7.26",",,,G","-16.37",",,,G"
"AYM00088963","1985-06","-63.4","-56.983","24.0","BASE ESPERANZA, AY","","","0.0",",G","","","","","","","","","10",",G","30",",G","18",",G","0",",G","0",",G","19850613",",,G","","","","","19850628",",,G","-25.9",",G,13,","","","","","11.0",",G,28,","4263.6","G","836.3",",G","","","-9.55",",G","-3.63",",,,G","-15.46",",,,G"
"AYM00088963","1985-07","-63.4","-56.983","24.0","BASE ESPERANZA, AY","0.0","G","0.0",",G","","","","","","","","","3",",G","31",",G","12",",G","0",",G","0",",G","19850706",",,G","","","","","19850724",",,G","-23.1",",G,06,","","","","","9.0",",G,24,","4983.4","G","719.8",",G","","","-4.89",",G","0.19",",,,G","-9.96",",,,G"
"AYM00088963","1985-08","-63.4","-56.983","24.0","BASE ESPERANZA, AY","0.0","G","0.0",",G","","","","","","","","","0",",G","31",",G","24",",G","0",",G","0",",G","19850829",",,G","","","","","19850820",",,G","-17.6",",G,29,","","","","","5.5",",G,20,","5802.9","G","819.5",",G","","","-8.10",",G","-4.86",",,,G","-11.35",",,,G"
"AYM00088963","1985-09","-63.4","-56.983","24.0","BASE ESPERANZA, AY","0.0","G","0.0",",G","","","","","","","","","4",",G","30",",G","10",",G","0",",G","0",",G","19850902","+,,G","","","","","19850913",",,G","-20.6",",G,02,+","","","","","7.7",",G,13,","6446.2","G","643.3",",G","","","-3.11",",G","0.52",",,,G","-6.74",",,,G"
"AYM00088963","1985-10","-63.4","-56.983","24.0","BASE ESPERANZA, AY","0.0","G","0.0",",G","","","","","","","","","1",",G","27",",G","11",",G","0",",G","0",",G","19851013",",,G","","","","","19851020",",,G","-18.0",",G,13,","","","","","12.0",",G,20,","7093.0","G","646.8",",G","","","-2.53",",G","1.39",",,,G","-6.45",",,,G"
"AYM00088963","1985-11","-63.4","-56.983","24.0","BASE ESPERANZA, AY","0.0","G","0.0",",G","","","","","","","","","0",",G","29",",G","2",",G","0",",G","0",",G","19851105",",,G","","","","","19851128",",,G","-5.1",",G,05,","","","","","8.5",",G,28,","7610.3","G","517.3",",G","","","1.09",",G","4.48",",,,G","-2.30",",,,G"
"AYM00088963","1985-12","-63.4","-56.983","24.0","BASE ESPERANZA, AY","0.0","G","0.0",",G","","","","","","","","","0",",G","27",",G","2",",G","0",",G","0",",G","19851220",",,G","","","","","19851201",",,G","-4.1",",G,20,","","","","","14.6",",G,01,","8125.7","G","515.4",",G","","","1.71",",G","4.65",",,,G","-1.23",",,,G"
"AYM00088963","1986-01","-63.4","-56.983","24.0","BASE ESPERANZA, AY","","","","","","","","","","","","","0",",G","28",",G","","","","","","","19860113",",,G","","","","","","","-5.6",",G,13,","","","","","","","","","","","","","","","","","-1.82",",,,G"
"AYM00088963","1986-02","-63.4","-56.983","24.0","BASE ESPERANZA, AY","","","","","13","4,S","5","4,S","0","4,S","","","0",",","26",",G","","","","","","","19860221",",,G","","","19860221",",4,S","","","-7.7",",G,21,","","","13.0","4,,S,21,","","","","","","","42.6","4,,,S","","","","","-3.41",",,,G"
"AYM00088963","1986-03","-63.4","-56.983","24.0","BASE ESPERANZA, AY","","","","","","","","","","","","","0",",","30",",G","","","","","","","19860331",",,G","","","","","","","-12.7",",G,31,","","","","","","","","","","","","","","","","","-5.55",",,,G"
"AYM00088963","1986-04","-63.4","-56.983","24.0","BASE ESPERANZA, AY","","","","","","","","","","","","","3",",","30",",G","","","","","","","19860411",",,G","","","","","","","-20.3",",G,11,","","","","","","","","","","","","","","","","","-10.57",",,,G"
"AYM00088963","1986-05","-63.4","-56.983","24.0","BASE ESPERANZA, AY","","","0.0","1,G","","","","","","","","","20",",G","31",",G","29","1,G","0","1,G","0","1,G","19860527",",,G","","","","","19860516",",1,G","-29.5",",G,27,","","","","","0.1","1,G,16,","","","990.0","1,G","","","-14.78","1,G","-9.48","1,,,G","-20.08",",,,G"
"AYM00088963","1986-06","-63.4","-56.983","24.0","BASE ESPERANZA, AY","","","0.0","2,G","","","","","","","","","17","1,G","29","1,G","25","1,G","0","1,G","0","1,G","19860607",",1,G","","","","","19860612",",1,G","-29.6","1,G,07,","","","","","0.6","1,G,12,","","","913.6","1,G","","","-14.38","2,G","-10.40","1,,,G","-18.37","1,,,G"
"AYM00088963","1986-07","-63.4","-56.983","24.0","BASE ESPERANZA, AY","0.0","G","0.0",",G","","","","","","","","","11",",G","31",",G","25",",G","0",",G","0",",G","19860724",",,G","","","","","19860726",",,G","-24.1",",G,24,","","","","","5.9",",G,26,","","","918.3",",G","","","-11.29",",G","-6.76",",,,G","-15.82",",,,G"
"AYM00088963","1986-08","-63.4","-56.983","24.0","BASE ESPERANZA, AY","0.0","G","0.0","2,G","","","","","","","","","17","1,G","30","1,G","25","1,G","0","1,G","0","1,G","19860813",",1,G","","","","","19860830","+,1,G","-26.7","1,G,13,","","","","","0.7","1,G,30,+","","","901.6","1,G","","","-12.54","2,G","-7.61","1,,,G","-17.46","1,,,G"
"AYM00088963","1986-09","-63.4","-56.983","24.0","BASE ESPERANZA, AY","0.0","G","0.0","1,G","","","","","","","","","7",",G","30",",G","19","1,G","0","1,G","0","1,G","19860913",",,G","","","","","19860918",",1,G","-25.2",",G,13,","","","","","9.3","1,G,18,","","","741.6","1,G","","","-7.30","1,G","-2.98","1,,,G","-11.63",",,,G"
"AYM00088963","1986-10","-63.4","-56.983","24.0","BASE ESPERANZA, AY","0.0","G","0.0",",G","","","","","","","","","0",",G","29",",G","7",",G","0",",G","0",",G","19861003",",,G","","","","","19861031",",,G","-17.7",",G,03,","","","","","11.3",",G,31,","","","630.6",",G","","","-2.01",",G","2.58",",,,G","-6.60",",,,G"
"AYM00088963","1986-11","-63.4","-56.983","24.0","BASE ESPERANZA, AY","0.0","G","0.0",",G","","","","","","","","","0",",G","28",",G","15",",G","0",",G","0",",G","19861106",",,G","","","","","19861114",",,G","-10.6",",G,06,","","","","","6.2",",G,14,","","","631.8",",G","","","-2.73",",G","0.20",",,,G","-5.66",",,,G"
"AYM00088963","1986-12","-63.4","-56.983","24.0","BASE ESPERANZA, AY","0.0","G","0.0",",G","","","","","","","","","0",",G","28",",G","7",",G","0",",G","0",",G","19861218",",,G","","","","","19861228",",,G","-5.4",",G,18,","","","","","10.8",",G,28,","","","546.7",",G","","","0.70",",G","3.43",",,,G","-2.03",",,,G"
"AYM00088963","1987-01","-63.4","-56.983","24.0","BASE ESPERANZA, AY","0.0","G","0.0",",G","","","","","","","","","0",",G","25",",G","0",",G","0",",G","0",",G","19870109",",,G","","","","","19870116","+,,G","-3.5",",G,09,","","","","","6.5",",G,16,+","519.7","G","519.7",",G","","","1.57",",G","3.89",",,,G","-0.75",",,,G"
"AYM00088963","1987-02","-63.4","-56.983","24.0","BASE ESPERANZA, AY","0.0","G","0.0",",G","","","","","","","","","0",",G","26",",G","5",",G","0",",G","0",",G","19870224",",,G","","","","","19870226",",,G","-8.0",",G,24,","","","","","11.7",",G,26,","1014.9","G","495.2",",G","","","0.65",",G","3.48",",,,G","-2.19",",,,G"
"AYM00088963","1987-03","-63.4","-56.983","24.0","BASE ESPERANZA, AY","0.0","G","0.0",",G","","","","","","","","","0",",G","28",",G","9",",G","0",",G","0",",G","19870321",",,G","","","","","19870323",",,G","-16.0",",G,21,","","","","","10.5",",G,23,","1641.2","G","626.3",",G","","","-1.87",",G","1.68",",,,G","-5.42",",,,G"
"AYM00088963","1987-04","-63.4","-56.983","24.0","BASE ESPERANZA, AY","0.0","G","0.0",",G","","","","","","","","","6",",G","30",",G","24",",G","0",",G","0",",G","19870421",",,G","","","","","19870429",",,G","-19.6",",G,21,","","","","","7.0",",G,29,","2506.9","G","865.7",",G","","","-10.53",",G","-6.72",",,,G","-14.33",",,,G"
"AYM00088963","1987-05","-63.4","-56.983","24.0","BASE ESPERANZA, AY","0.0","G","0.0",",G","","","","","","","","","12",",G","31",",G","23",",G","0",",G","0",",G","19870515",",,G","","","","","19870529",",,G","-22.6",",G,15,","","","","","7.6",",G,29,","3422.1","G","915.2",",G","","","-11.19",",G","-6.81",",,,G","-15.57",",,,G"
"AYM00088963","1987-06","-63.4","-56.983","24.0","BASE ESPERANZA, AY","0.0","G","0.0",",G","","","","","","","","","10",",G","30",",G","25",",G","0",",G","0",",G","19870603",",,G","","","","","19870613",",,G","-22.1",",G,03,","","","","","5.5",",G,13,","4326.7","G","904.6",",G","","","-11.82",",G","-7.44",",,,G","-16.20",",,,G"
"AYM00088963","1987-07","-63.4","-56.983","24.0","BASE ESPERANZA, AY","0.0","G","0.0",",G","","","","","","","","","20",",G","31",",G","29",",G","0",",G","0",",G","19870711",",,G","","","","","19870731",",,G","-31.1",",G,11,","","","","","2.7",",G,31,","5386.1","G","1059.4",",G","","","-15.84",",G","-11.23",",,,G","-20.46",",,,G"
"AYM00088963","1987-08","-63.4","-56.983","24.0","BASE ESPERANZA, AY","0.0","G","0.0","1,G","","","","","","","","","7","1,G","30","1,G","14",",G","0",",G","0",",G","19870823",",1,G","","","","","19870817",",,G","-22.3","1,G,23,","","","","","7.5",",G,17,","6144.0","G","757.9",",G","","","-6.85","1,G","-1.64",",,,G","-12.06","1,,,G"
"AYM00088963","1987-09","-63.4","-56.983","24.0","BASE ESPERANZA, AY","0.0","G","0.0",",G","","","","","","","","","7",",G","30",",G","22",",G","0",",G","0",",G","19870926",",,G","","","","","19870920",",,G","-23.6",",G,26,","","","","","10.5",",G,20,","6950.3","G","806.3",",G","","","-8.55",",G","-4.44",",,,G","-12.65",",,,G"
"AYM00088963","1987-10","-63.4","-56.983","24.0","BASE ESPERANZA, AY","0.0","G","0.0",",G","","","","","","","","","1",",G","31",",G","10",",G","0",",G","0",",G","19871001",",,G","","","","","19871029",",,G","-20.6",",G,01,","","","","","9.5",",G,29,","7630.8","G","680.5",",G","","","-3.62",",G","0.85",",,,G","-8.09",",,,G"
"AYM00088963","1987-11","-63.4","-56.983","24.0","BASE ESPERANZA, AY","","","","","","","","","","","","","0",",G","27",",G","","","","","","","19871108",",,G","","","","","","","-10.6",",G,08,","","","","","","","","","","","","","","","","","-3.09",",,,G"
"AYM00088963","1987-12","-63.4","-56.983","24.0","BASE ESPERANZA, AY","","","0.0","2,G","","","","","","","","","0",",G","28",",G","0","2,G","0","2,G","0","2,G","19871211",",,G","","","","","19871223",",2,G","-3.3",",G,11,","","","","","13.9","2,G,23,","","","478.8","2,G","","","1.80","2,G","4.92","2,,,G","-1.33",",,,G"
"AYM00088963","1988-01","-63.4","-56.983","24.0","BASE ESPERANZA, AY","","","0.0",",G","","","","","","","","","0",",G","30",",G","1",",G","0",",G","0",",G","19880130",",,G","","","","","19880101",",,G","-4.5",",G,30,","","","","","8.4",",G,01,","554.0","G","554.0",",G","","","0.46",",G","2.76",",,,G","-1.84",",,,G"
"AYM00088963","1988-02","-63.4","-56.983","24.0","BASE ESPERANZA, AY","","","0.0",",G","","","","","","","","","0",",G","18",",G","2",",G","0",",G","0",",G","19880225",",,G","","","","","19880212",",,G","-10.1",",G,25,","","","","","9.7",",G,12,","1042.6","G","488.6",",G","","","1.48",",G","4.37",",,,G","-1.40",",,,G"
"AYM00088963","1988-03","-63.4","-56.983","24.0","BASE ESPERANZA, AY","","","0.0",",G","","","","","","","","","0",",G","31",",G","17",",G","0",",G","0",",G","19880326",",,G","","","","","19880308",",,G","-11.7",",G,26,","","","","","7.4",",G,08,","1720.2","G","677.6",",G","","","-3.52",",G","-0.42",",,,G","-6.63",",,,G"
"AYM00088963","1988-04","-63.4","-56.983","24.0","BASE ESPERANZA, AY","","","0.0",",G","","","","","","","","","1",",G","29",",G","12",",G","0",",G","0",",G","19880424",",,G","","","","","19880415",",,G","-17.8",",G,24,","","","","","10.0",",G,15,","2414.8","G","694.6",",G","","","-4.82",",G","-0.34",",,,G","-9.30",",,,G"
"AYM00088963","1988-05","-63.4","-56.983","24.0","BASE ESPERANZA, AY","","","0.0","1,G","","","","","","","","","1",",G","29",",G","18","1,G","0","1,G","0","1,G","19880524",",,G","","","","","19880505",",1,G","-19.5",",G,24,","","","","","12.6","1,G,05,","3168.2","G","753.4","1,G","","","-6.77","1,G","-2.66","1,,,G","-10.88",",,,G"
"AYM00088963","1988-06","-63.4","-56.983","24.0","BASE ESPERANZA, AY","","","0.0",",G","","","","","","","","","24",",G","30",",G","27",",G","0",",G","0",",G","19880604",",,G","","","","","19880601",",,G","-26.6",",G,04,","","","","","4.4",",G,01,","4148.5","G","980.3",",G","","","-14.35",",G","-9.91",",,,G","-18.78",",,,G"
"AYM00088963","1988-07","-63.4","-56.983","24.0","BASE ESPERANZA, AY","0.0","G","0.0",",G","","","","","","","","","8",",G","31",",G","18",",G","0",",G","0",",G","19880711",",,G","","","","","19880715",",,G","-23.8",",G,11,","","","","","9.2",",G,15,","4961.0","G","812.5",",G","","","-7.88",",G","-2.86",",,,G","-12.89",",,,G"
"AYM00088963","1988-08","-63.4","-56.983","24.0","BASE ESPERANZA, AY","0.0","G","0.0",",G","","","","","","","","","14",",G","31",",G","24",",G","0",",G","0",",G","19880802","+,,G","","","","","19880813",",,G","-24.2",",G,02,+","","","","","7.5",",G,13,","5889.3","G","928.3",",G","","","-11.61",",G","-7.55",",,,G","-15.68",",,,G"
"AYM00088963","1988-09","-63.4","-56.983","24.0","BASE ESPERANZA, AY","0.0","G","0.0",",G","","","","","","","","","0",",G","30",",G","19",",G","0",",G","0",",G","19880929","+,,G","","","","","19880916",",,G","-17.1",",G,29,+","","","","","6.0",",G,16,","6640.1","G","750.8",",G","","","-6.69",",G","-2.81",",,,G","-10.57",",,,G"
"AYM00088963","1988-10","-63.4","-56.983","24.0","BASE ESPERANZA, AY","0.0","G","0.0",",G","","","","","","","","","0",",G","31",",G","21",",G","0",",G","0",",G","19881015",",,G","","","","","19881027","+,,G","-15.9",",G,15,","","","","","5.0",",G,27,+","7382.3","G","742.2",",G","","","-5.61",",G","-1.76",",,,G","-9.46",",,,G"
"AYM00088963","1988-11","-63.4","-56.983","24.0","BASE ESPERANZA, AY","0.0","G","0.0",",G","","","","","","","","","0",",G","30",",G","21",",G","0",",G","0",",G","19881105",",,G","","","","","19881121",",,G","-10.1",",G,05,","","","","","3.7",",G,21,","8062.2","G","679.9",",G","","","-4.33",",G","-1.09",",,,G","-7.57",",,,G"
"AYM00088963","1988-12","-63.4","-56.983","24.0","BASE ESPERANZA, AY","0.0","G","0.0","1,G","","","","","","","","","0",",G","31",",G","6","1,G","0","1,G","0","1,G","19881203",",,G","","","","","19881229",",1,G","-8.3",",G,03,","","","","","8.0","1,G,29,","8641.6","G","579.4","1,G","","","-0.98","1,G","2.08","1,,,G","-4.04",",,,G"
"AYM00088963","1989-01","-63.4","-56.983","24.0","BASE ESPERANZA, AY","0.0","G","0.0",",G","","","","","","","","","0",",G","31",",G","4",",G","0",",G","0",",G","19890129",",,G","","","","","19890111",",,G","-6.2",",G,29,","","","","","9.5",",G,11,","545.6","G","545.6",",G","","","0.73",",G","3.99",",,,G","-2.53",",,,G"
"AYM00088963","1989-02","-63.4","-56.983","24.0","BASE ESPERANZA, AY","","","","","","","","","","","","","0","3,S","20","3,S","","","","","","","19890214",",3,S","","","","","","","-6.7","3,S,14,","","","","","","","","","","","","","","","","","-2.62","3,,,S"
"AYM00088963","1989-03","-63.4","-56.983","24.0","BASE ESPERANZA, AY","","","0.0",",G","","","","","","","","","0",",G","29",",G","5",",G","0",",G","0",",G","19890315",",,G","","","","","19890325",",,G","-8.0",",G,15,","","","","","11.5",",G,25,","","","571.3",",G","","","-0.10",",G","3.35",",,,G","-3.55",",,,G"
"AYM00088963","1989-04","-63.4","-56.983","24.0","BASE ESPERANZA, AY","","","0.0","2,G","","","","","","","","","7",",G","30",",G","24","2,G","0","2,G","0","2,G","19890421","+,,G","","","","","19890405",",2,G","-20.0",",G,21,+","","","","","4.0","2,G,05,","","","815.0","2,G","","","-10.65","2,G","-6.69","2,,,G","-14.62",",,,G"
"AYM00088963","1989-05","-63.4","-56.983","24.0","BASE ESPERANZA, AY","","","0.0",",G","","","","","","","","","7",",G","30",",G","8",",G","0",",G","0",",G","19890512",",,G","","","","","19890514",",,G","-27.0",",G,12,","","","","","14.0",",G,14,","","","681.5",",G","","","-3.65",",G","1.21",",,,G","-8.52",",,,G"
"AYM00088963","1989-06","-63.4","-56.983","24.0","BASE ESPERANZA, AY","","","0.0",",G","","","","","","","","","3",",G","30",",G","20",",G","0",",G","0",",G","19890622",",,G","","","","","19890614",",,G","-20.0",",G,22,","","","","","6.8",",G,14,","","","775.9",",G","","","-7.53",",G","-2.95",",,,G","-12.11",",,,G"
"AYM00088963","1989-07","-63.4","-56.983","24.0","BASE ESPERANZA, AY","0.0","G","0.0","2,G","","","","","","","","","0","1,G","27","1,G","4","1,G","0","1,G","0","1,G","19890701",",1,G","","","","","19890706",",1,G","-16.5","1,G,01,","","","","","8.5","1,G,06,","","","552.0","1,G","","","-0.76","2,G","3.13","1,,,G","-4.65","1,,,G"
"AYM00088963","1989-08","-63.4","-56.983","24.0","BASE ESPERANZA, AY","0.0","G","0.0","3,G","","","","","","","","","0","1,G","30","1,G","19","2,G","0","2,G","0","2,G","19890818","+,1,G","","","","","19890822",",2,G","-17.0","1,G,18,+","","","","","5.5","2,G,22,","","","707.3","2,G","","","-6.84","3,G","-3.29","2,,,G","-10.40","1,,,G"
"AYM00088963","1989-09","-63.4","-56.983","24.0","BASE ESPERANZA, AY","0.0","G","0.0",",G","","","","","","","","","2",",G","30",",G","12",",G","0",",G","0",",G","19890902",",,G","","","","","19890926",",,G","-19.0",",G,02,","","","","","9.0",",G,26,","","","719.9",",G","","","-5.66",",G","-2.06",",,,G","-9.26",",,,G"
"AYM00088963","1989-10","-63.4","-56.983","24.0","BASE ESPERANZA, AY","0.0","G","0.0",",G","15","4,S","5","4,S","0","4,S","","","0",",G","31",",G","12",",G","0",",G","0",",G","19891021",",,G","","","19891005",",4,S","19891030",",,G","-16.8",",G,21,","","","14.0","4,,S,05,","8.5",",G,30,","","","659.3",",G","36.1","4,,,S","-2.93",",G","0.93",",,,G","-6.80",",,,G"
"AYM00088963","1989-11","-63.4","-56.983","24.0","BASE ESPERANZA, AY","0.0","G","0.0",",G","","","","","","","","","0",",G","30",",G","6",",G","0",",G","0",",G","19891104",",,G","","","","","19891112",",,G","-13.0",",G,04,","","","","","9.0",",G,12,","","","570.6",",G","","","-0.69",",G","2.23",",,,G","-3.61",",,,G"
"AYM00088963","1989-12","-63.4","-56.983","24.0","BASE ESPERANZA, AY","0.0","G","0.0",",G","","","","","","","","","0",",G","29",",G","4",",G","0",",G","0",",G","19891204",",,G","","","","","19891230",",,G","-5.0",",G,04,","","","","","6.8",",G,30,","","","555.5",",G","","","0.41",",G","2.74",",,,G","-1.92",",,,G"
"AYM00088963","1990-01","-63.4","-56.983","24.0","BASE ESPERANZA, AY","0.0","G","0.0",",G","","","","","","","","","0",",G","26",",G","2",",G","0",",G","0",",G","19900117",",,G","","","","","19900109",",,G","-4.8",",G,17,","","","","","7.6",",G,09,","550.9","G","550.9",",G","","","0.56",",G","2.44",",,,G","-1.32",",,,G"
"AYM00088963","1990-02","-63.4","-56.983","24.0","BASE ESPERANZA, AY","0.0","G","0.0",",G","","","","","","","","","0",",G","16",",G","2",",G","0",",G","0",",G","19900223",",,G","","","","","19900204",",,G","-3.9",",G,23,","","","","","12.5",",G,04,","977.6","G","426.7",",G","","","3.09",",G","6.01",",,,G","0.18",",,,G"
"AYM00088963","1990-03","-63.4","-56.983","24.0","BASE ESPERANZA, AY","","","","","","","","","","","","","0",",G","29",",G","","","","","","","19900312",",,G","","","","","","","-12.5",",G,12,","","","","","","","","","","","","","","","","","-5.96",",,,G"
"AYM00088963","1990-04","-63.4","-56.983","24.0","BASE ESPERANZA, AY","","","0.0","4,G","","","","","","","","","10","1,G","29","1,G","22","3,G","0","3,G","0","3,G","19900427",",1,G","","","","","19900413",",3,G","-24.0","1,G,27,","","","","","4.2","3,G,13,","","","750.0","3,G","","","-10.39","4,G","-6.80","3,,,G","-13.97","1,,,G"
"AYM00088963","1990-05","-63.4","-56.983","24.0","BASE ESPERANZA, AY","","","0.0",",G","","","","","","","","","10",",G","31",",G","29",",G","0",",G","0",",G","19900528",",,G","","","","","19900517",",,G","-23.1",",G,28,","","","","","3.4",",G,17,","","","971.3",",G","","","-13.00",",G","-10.18",",,,G","-15.82",",,,G"
"AYM00088963","1990-06","-63.4","-56.983","24.0","BASE ESPERANZA, AY","","","0.0","3,G","","","","","","","","","9","2,G","28","2,G","26","3,G","0","3,G","0","3,G","19900608",",2,G","","","","","19900622",",3,G","-22.0","2,G,08,","","","","","0.2","3,G,22,","","","779.4","3,G","","","-10.39","3,G","-6.62","3,,,G","-14.16","2,,,G"
"AYM00088963","1990-07","-63.4","-56.983","24.0","BASE ESPERANZA, AY","0.0","G","0.0","2,G","","","","","","","","","19",",G","31",",G","24","2,G","0","2,G","0","2,G","19900724",",,G","","","","","19900702",",2,G","-25.3",",G,24,","","","","","2.4","2,G,02,","","","904.6","2,G","","","-12.87","2,G","-8.52","2,,,G","-17.23",",,,G"
"AYM00088963","1990-08","-63.4","-56.983","24.0","BASE ESPERANZA, AY","0.0","G","0.0",",G","","","","","","","","","14",",G","31",",G","25",",G","0",",G","0",",G","19900821",",,G","","","","","19900823",",,G","-25.6",",G,21,","","","","","3.6",",G,23,","","","927.2",",G","","","-11.58",",G","-5.94",",,,G","-17.22",",,,G"
"AYM00088963","1990-09","-63.4","-56.983","24.0","BASE ESPERANZA, AY","0.0","G","0.0",",G","","","","","","","","","3",",G","30",",G","9",",G","0",",G","0",",G","19900901",",,G","","","","","19900906",",,G","-24.8",",G,01,","","","","","6.4",",G,06,","","","669.3",",G","","","-3.98",",G","0.75",",,,G","-8.70",",,,G"
"AYM00088963","1990-10","-63.4","-56.983","24.0","BASE ESPERANZA, AY","0.0","G","0.0",",G","","","","","","","","","1",",G","31",",G","18",",G","0",",G","0",",G","19901013",",,G","","","","","19901001",",,G","-17.8",",G,13,","","","","","7.0",",G,01,","","","773.5",",G","","","-6.62",",G","-1.87",",,,G","-11.37",",,,G"
"AYM00088963","1990-11","-63.4","-56.983","24.0","BASE ESPERANZA, AY","0.0","G","0.0",",G","","","","","","","","","0",",G","30",",G","10",",G","0",",G","0",",G","19901104",",,G","","","","","19901114",",,G","-11.6",",G,04,","","","","","6.4",",G,14,","","","609.5",",G","","","-1.99",",G","1.59",",,,G","-5.56",",,,G"
"AYM00088963","1990-12","-63.4","-56.983","24.0","BASE ESPERANZA, AY","0.0","G","0.0",",G","","","","","","","","","0",",G","31",",G","8",",G","0",",G","0",",G","19901212",",,G","","","","","19901229",",,G","-8.9",",G,12,","","","","","8.3",",G,29,","","","600.3",",G","","","-1.03",",G","1.68",",,,G","-3.74",",,,G"
"AYM00088963","1992-01","-63.4","-56.983","24.0","BASE ESPERANZA, AY","","","0.0",",G","","","","","","","","","0",",G","21",",G","0",",G","0",",G","0",",G","19920121",",,G","","","","","19920124",",,G","-3.9",",G,21,","","","","","10.5",",G,24,","504.5","G","504.5",",G","","","2.06",",G","4.84",",,,G","-0.72",",,,G"
"AYM00088963","1992-02","-63.4","-56.983","24.0","BASE ESPERANZA, AY","","","0.0",",G","","","","","","","","","0",",G","25",",G","11",",G","0",",G","0",",G","19920214",",,G","","","","","19920201",",,G","-9.7",",G,14,","","","","","8.7",",G,01,","1065.4","G","560.9",",G","","","-1.01",",G","1.40",",,,G","-3.42",",,,G"
"AYM00088963","1992-03","-63.4","-56.983","24.0","BASE ESPERANZA, AY","","","0.0",",G","","","","","","","","","0",",G","31",",G","18",",G","0",",G","0",",G","19920327",",,G","","","","","19920304",",,G","-16.5",",G,27,","","","","","10.9",",G,04,","1817.3","G","751.9",",G","","","-5.92",",G","-2.30",",,,G","-9.55",",,,G"
"AYM00088963","1992-04","-63.4","-56.983","24.0","BASE ESPERANZA, AY","","","0.0","1,G","","","","","","","","","1","1,G","29","1,G","14",",G","0",",G","0",",G","19920408",",1,G","","","","","19920426",",,G","-17.9","1,G,08,","","","","","6.0",",G,26,","2523.9","G","706.6",",G","","","-5.99","1,G","-2.07",",,,G","-9.90","1,,,G"
"AYM00088963","1992-05","-63.4","-56.983","24.0","BASE ESPERANZA, AY","","","0.0",",G","","","","","","","","","18",",G","31",",G","28",",G","0",",G","0",",G","19920523",",,G","","","","","19920514",",,G","-26.4",",G,23,","","","","","4.6",",G,14,","3519.1","G","995.2",",G","","","-13.77",",G","-10.76",",,,G","-16.78",",,,G"
"AYM00088963","1992-06","-63.4","-56.983","24.0","BASE ESPERANZA, AY","","","0.0",",G","","","","","","","","","14",",G","30",",G","22",",G","0",",G","0",",G","19920628",",,G","","","","","19920618",",,G","-24.5",",G,28,","","","","","4.6",",G,18,","4426.7","G","907.6",",G","","","-11.92",",G","-8.16",",,,G","-15.68",",,,G"
"AYM00088963","1992-07","-63.4","-56.983","24.0","BASE ESPERANZA, AY","0.0","G","0.0",",G","","","","","","","","","14",",G","30",",G","20",",G","0",",G","0",",G","19920713",",,G","","","","","19920722",",,G","-24.3",",G,13,","","","","","5.6",",G,22,","5310.1","G","883.4",",G","","","-10.16",",G","-5.76",",,,G","-14.56",",,,G"
"AYM00088963","1992-08","-63.4","-56.983","24.0","BASE ESPERANZA, AY","0.0","G","0.0",",G","","","","","","","","","11",",G","31",",G","18",",G","0",",G","0",",G","19920809",",,G","","","","","19920805",",,G","-25.0",",G,09,","","","","","5.5",",G,05,","6174.9","G","864.8",",G","","","-9.56",",G","-4.41",",,,G","-14.72",",,,G"
"AYM00088963","1992-09","-63.4","-56.983","24.0","BASE ESPERANZA, AY","0.0","G","0.0","1,G","","","","","","","","","2","1,G","29","1,G","19",",G","0",",G","0",",G","19920915",",1,G","","","","","19920901",",,G","-21.0","1,G,15,","","","","","7.5",",G,01,","6839.8","G","664.9",",G","","","-4.68","1,G","-0.76",",,,G","-8.60","1,,,G"
"AYM00088963","1992-10","-63.4","-56.983","24.0","BASE ESPERANZA, AY","0.0","G","0.0",",G","","","","","","","","","1",",G","31",",G","23",",G","0",",G","0",",G","19921007",",,G","","","","","19921018",",,G","-18.8",",G,07,","","","","","8.0",",G,18,","7605.5","G","765.7",",G","","","-6.37",",G","-3.29",",,,G","-9.45",",,,G"
"AYM00088963","1992-11","-63.4","-56.983","24.0","BASE ESPERANZA, AY","0.0","G","0.0",",G","","","","","","","","","0",",G","18",",G","4",",G","0",",G","0",",G","19921107",",,G","","","","","19921126",",,G","-9.4",",G,07,","","","","","14.3",",G,26,","8102.3","G","496.8",",G","","","1.77",",G","5.63",",,,G","-2.08",",,,G"
"AYM00088963","1992-12","-63.4","-56.983","24.0","BASE ESPERANZA, AY","0.0","G","0.0",",G","","","","","","","","","0",",G","17",",G","0",",G","0",",G","0",",G","19921222",",,G","","","","","19921206",",,G","-1.3",",G,22,","","","","","14.6",",G,06,","8564.7","G","462.4",",G","","","3.42",",G","6.51",",,,G","0.32",",,,G"
"AYM00088963","1993-01","-63.4","-56.983","24.0","BASE ESPERANZA, AY","0.0","G","0.0",",G","","","","","","","","","0",",G","30",",G","2",",G","0",",G","0",",G","19930129",",,G","","","","","19930108",",,G","-3.9",",G,29,","","","","","6.4",",G,08,","557.7","G","557.7",",G","","","0.34",",G","2.17",",,,G","-1.49",",,,G"
"AYM00088963","1993-02","-63.4","-56.983","24.0","BASE ESPERANZA, AY","0.0","G","0.0","1,G","","","","","","","","","0","1,G","25","1,G","2",",G","0",",G","0",",G","19930220","+,1,G","","","","","19930211",",,G","-3.2","1,G,20,+","","","","","8.9",",G,11,","1017.0","G","459.3",",G","","","1.25","1,G","3.95",",,,G","-1.45","1,,,G"
"AYM00088963","1993-03","-63.4","-56.983","24.0","BASE ESPERANZA, AY","0.0","G","0.0",",G","","","","","","","","","0",",G","27",",G","11",",G","0",",G","0",",G","19930319",",,G","","","","","19930302",",,G","-16.5",",G,19,","","","","","14.3",",G,02,","1621.2","G","604.2",",G","","","-1.16",",G","1.74",",,,G","-4.05",",,,G"
"AYM00088963","1993-04","-63.4","-56.983","24.0","BASE ESPERANZA, AY","0.0","G","0.0",",G","","","","","","","","","4",",G","29",",G","18",",G","0",",G","0",",G","19930427","+,,G","","","","","19930404",",,G","-20.4",",G,27,+","","","","","9.4",",G,04,","2366.1","G","744.9",",G","","","-6.50",",G","-2.81",",,,G","-10.18",",,,G"
"AYM00088963","1993-05","-63.4","-56.983","24.0","BASE ESPERANZA, AY","0.0","G","0.0",",G","","","","","","","","","5",",G","31",",G","15",",G","0",",G","0",",G","19930530",",,G","","","","","19930526",",,G","-22.2",",G,30,","","","","","9.9",",G,26,","3156.7","G","790.6",",G","","","-7.17",",G","-2.82",",,,G","-11.52",",,,G"
"AYM00088963","1993-06","-63.4","-56.983","24.0","BASE ESPERANZA, AY","0.0","G","0.0","2,G","","","","","","","","","10","2,G","28","2,G","23",",G","0",",G","0",",G","19930630",",2,G","","","","","19930621",",,G","-24.9","2,G,30,","","","","","6.3",",G,21,","3951.9","G","795.2",",G","","","-10.04","2,G","-4.93",",,,G","-15.15","2,,,G"
"AYM00088963","1993-07","-63.4","-56.983","24.0","BASE ESPERANZA, AY","0.0","G","0.0","1,G","","","","","","","","","9",",G","31",",G","22","1,G","0","1,G","0","1,G","19930719",",,G","","","","","19930730",",1,G","-25.2",",G,19,","","","","","7.2","1,G,30,","4813.5","G","861.6","1,G","","","-10.22","1,G","-5.74","1,,,G","-14.71",",,,G"
"AYM00088963","1993-08","-63.4","-56.983","24.0","BASE ESPERANZA, AY","0.0","G","0.0",",G","","","","","","","","","8",",G","31",",G","18",",G","0",",G","0",",G","19930826",",,G","","","","","19930825",",,G","-23.5",",G,26,","","","","","5.8",",G,25,","5626.4","G","812.9",",G","","","-7.89",",G","-3.57",",,,G","-12.21",",,,G"
"AYM00088963","1993-09","-63.4","-56.983","24.0","BASE ESPERANZA, AY","0.0","G","0.0",",G","","","","","","","","","4",",G","30",",G","20",",G","0",",G","0",",G","19930919",",,G","","","","","19930922",",,G","-22.7",",G,19,","","","","","3.1",",G,22,","6431.0","G","804.6",",G","","","-8.49",",G","-3.88",",,,G","-13.10",",,,G"
"AYM00088963","1993-10","-63.4","-56.983","24.0","BASE ESPERANZA, AY","0.0","G","0.0",",G","","","","","","","","","0",",G","31",",G","8",",G","0",",G","0",",G","19931001",",,G","","","","","19931020",",,G","-15.5",",G,01,","","","","","10.9",",G,20,","7063.1","G","632.1",",G","","","-2.06",",G","2.12",",,,G","-6.23",",,,G"
"AYM00088963","1993-11","-63.4","-56.983","24.0","BASE ESPERANZA, AY","0.0","G","0.0",",G","13","4,S","8","4,S","0","4,S","","","0",",G","27",",G","5",",G","0",",G","0",",G","19931104",",,G","","","19931121",",4,S","19931124",",,G","-10.5",",G,04,","","","7.9","4,,S,21,","9.0",",G,24,","7610.2","G","547.1",",G","45.4","4,,,S","0.10",",G","2.89",",,,G","-2.70",",,,G"
"AYM00088963","1993-12","-63.4","-56.983","24.0","BASE ESPERANZA, AY","0.0","G","0.0",",G","","","","","","","","","0",",G","29",",G","4",",G","0",",G","0",",G","19931211",",,G","","","","","19931222",",,G","-5.2",",G,11,","","","","","9.1",",G,22,","8165.8","G","555.6",",G","","","0.41",",G","2.87",",,,G","-2.05",",,,G"
"AYM00088963","1994-01","-63.4","-56.983","24.0","BASE ESPERANZA, AY","0.0","G","0.0",",G","","","","","","","","","0",",G","27",",G","0",",G","0",",G","0",",G","19940101",",,G","","","","","19940106",",,G","-3.6",",G,01,","","","","","13.1",",G,06,","512.9","G","512.9",",G","","","1.79",",G","4.57",",,,G","-1.00",",,,G"
"AYM00088963","1994-02","-63.4","-56.983","24.0","BASE ESPERANZA, AY","0.0","G","0.0",",G","16",",S","7",",S","0",",S","","","0",",G","25",",G","7",",G","0",",G","0",",G","19940224","+,,G","","","19940224",",,S","19940212",",,G","-5.7",",G,24,+","","","8.9",",,S,24,","10.0",",G,12,","1020.7","G","507.8",",G","42.5",",,,S","0.20",",G","2.83",",,,G","-2.43",",,,G"
"AYM00088963","1994-03","-63.4","-56.983","24.0","BASE ESPERANZA, AY","0.0","G","0.0",",G","10","4,S","5","4,S","0","4,S","","","0",",G","26",",G","7",",G","0",",G","0",",G","19940331",",,G","","","19940306",",4,S","19940304",",,G","-10.7",",G,31,","","","16.0","4,,S,06,","9.7",",G,04,","1616.2","G","595.5",",G","48.2","4,,,S","-0.88",",G","2.69",",,,G","-4.44",",,,G"
"AYM00088963","1994-04","-63.4","-56.983","24.0","BASE ESPERANZA, AY","0.0","G","0.0","4,G","15","1,S","5","1,S","0","1,S","","","2","2,G","28","2,G","14","2,G","0","2,G","0","2,G","19940425",",2,G","","","19940430",",1,S","19940402",",2,G","-19.6","2,G,25,","","","10.9","1,,S,30,","10.7","2,G,02,","2218.4","G","602.2","2,G","46.2","1,,,S","-5.36","4,G","-1.73","2,,,G","-8.99","2,,,G"
"AYM00088963","1994-05","-63.4","-56.983","24.0","BASE ESPERANZA, AY","0.0","G","0.0",",G","6","3,S","2","3,S","0","3,S","","","5",",G","31",",G","26",",G","0",",G","0",",G","19940505",",,G","","","19940517",",3,S","19940526",",,G","-19.2",",G,05,","","","10.9","3,,S,17,","4.8",",G,26,","3072.4","G","854.0",",G","19.3","3,,,S","-9.21",",G","-5.63",",,,G","-12.80",",,,G"
"AYM00088963","1994-06","-63.4","-56.983","24.0","BASE ESPERANZA, AY","0.0","G","0.0",",G","15","4,S","6","4,S","0","4,S","","","11",",G","30",",G","29",",G","0",",G","0",",G","19940620",",,G","","","19940622",",4,S","19940622",",,G","-21.7",",G,20,","","","20.1","4,,S,22,","0.3",",G,22,","3946.0","G","873.6",",G","76.0","4,,,S","-10.79",",G","-5.78",",,,G","-15.80",",,,G"
"AYM00088963","1994-07","-63.4","-56.983","24.0","BASE ESPERANZA, AY","0.0","G","0.0","1,G","11",",S","4",",S","0",",S","","","20",",G","31",",G","23","1,G","0","1,G","0","1,G","19940718",",,G","","","19940701",",,S","19940707",",1,G","-38.4",",G,18,","","","5.1",",,S,01,","9.4","1,G,07,","4981.3","G","1035.3","1,G","21.1",",,,S","-16.02","1,G","-11.32","1,,,G","-20.73",",,,G"
"AYM00088963","1994-08","-63.4","-56.983","24.0","BASE ESPERANZA, AY","0.0","G","0.0","2,G","16","2,S","9","2,S","0","2,S","","","6","1,G","29","1,G","13","1,G","0","1,G","0","1,G","19940803","+,1,G","","","19940828",",2,S","19940815",",1,G","-23.2","1,G,03,+","","","7.1","2,,S,28,","7.6","1,G,15,","5691.0","G","709.7","1,G","48.3","2,,,S","-6.09","2,G","-1.25","1,,,G","-10.94","1,,,G"
"AYM00088963","1994-09","-63.4","-56.983","24.0","BASE ESPERANZA, AY","0.0","G","0.0",",G","18",",S","5",",S","0",",S","","","4",",G","30",",G","22",",G","0",",G","0",",G","19940929",",,G","","","19940903",",,S","19940908",",,G","-19.8",",G,29,","","","9.9",",,S,03,","7.7",",G,08,","6491.1","G","800.1",",G","52.1",",,,S","-8.34",",G","-4.73",",,,G","-11.95",",,,G"
"AYM00088963","1994-10","-63.4","-56.983","24.0","BASE ESPERANZA, AY","0.0","G","0.0",",G","10","1,S","2","1,S","0","1,S","","","5",",G","31",",G","24",",G","0",",G","0",",G","19941009",",,G","","","19941009",",1,S","19941007",",,G","-20.4",",G,09,","","","9.9","1,,S,09,","3.2",",G,07,","7356.0","G","864.9",",G","19.7","1,,,S","-9.57",",G","-5.23",",,,G","-13.90",",,,G"
"AYM00088963","1994-11","-63.4","-56.983","24.0","BASE ESPERANZA, AY","","","","","15",",S","10",",S","0",",S","","","0",",G","28",",G","","","","","","","19941103",",,G","","","19941106",",,S","","","-8.4",",G,03,","","","15.0",",,S,06,","","","","","","","67.3",",,,S","","","","","-3.51",",,,G"
"AYM00088963","1994-12","-63.4","-56.983","24.0","BASE ESPERANZA, AY","","","0.0","5,G","4","3,S","0","3,S","0","3,S","","","0","2,G","24","2,G","0","3,G","0","3,G","0","3,G","19941210","+,2,G","","","19941230","+,3,S","19941207",",3,G","-4.5","2,G,10,+","","","1.0","3,,S,30,+","9.6","3,G,07,","","","415.1","3,G","3.3","3,,,S","2.34","5,G","5.92","3,,,G","-1.24","2,,,G"
"AYM00088963","1995-01","-63.4","-56.983","24.0","BASE ESPERANZA, AY","","","","","8","2,S","5","2,S","0","2,S","","","0","2,G","14","2,G","1","4,G","0","4,G","0","4,G","19950118","+,2,G","","","19950131",",2,S","19950127",",4,G","-3.0","2,G,18,+","","","14.0","2,,S,31,","11.4","4,G,27,","","","","","39.9","2,,,S","3.13","6,G","6.27","4,,,G","-0.01","2,,,G"
"AYM00088963","1995-02","-63.4","-56.983","24.0","BASE ESPERANZA, AY","","","0.0","2,G","10","2,S","3","2,S","0","2,S","","","0","1,G","20","1,G","0","1,G","0","1,G","0","1,G","19950219",",1,G","","","19950208",",2,S","19950215",",1,G","-2.9","1,G,19,","","","13.0","2,,S,08,","9.5","1,G,15,","","","418.3","1,G","33.1","2,,,S","2.26","2,G","5.39","1,,,G","-0.86","1,,,G"
"AYM00088963","1995-03","-63.4","-56.983","24.0","BASE ESPERANZA, AY","","","","","17","3,S","9","3,S","0","3,S","","","0","3,G","24","3,G","9","3,G","0","3,G","0","3,G","19950331",",3,G","","","19950325",",3,S","19950301",",3,G","-13.3","3,G,31,","","","14.0","3,,S,25,","8.5","3,G,01,","","","","","62.3","3,,,S","-2.00","6,G","1.44","3,,,G","-5.45","3,,,G"
"AYM00088963","1995-04","-63.4","-56.983","24.0","BASE ESPERANZA, AY","","","","","22","1,S","9","1,S","0","1,S","","","","","","","","","","","","","","","","","19950417",",1,S","","","","","","","13.0","1,,S,17,","","","","","","","75.1","1,,,S","","","","","",""
"AYM00088963","1995-05","-63.4","-56.983","24.0","BASE ESPERANZA, AY","","","0.0",",G","","","","","","","","","0",",G","29",",G","22",",G","0",",G","0",",G","19950509",",,G","","","","","19950518",",,G","-17.2",",G,09,","","","","","6.0",",G,18,","","","759.0",",G","","","-6.15",",G","-2.72",",,,G","-9.59",",,,G"
"AYM00088963","1995-06","-63.4","-56.983","24.0","BASE ESPERANZA, AY","","","0.0",",G","","","","","","","","","15",",G","30",",G","24",",G","0",",G","0",",G","19950629",",,G","","","","","19950618",",,G","-23.2",",G,29,","","","","","5.6",",G,18,","","","899.6",",G","","","-11.65",",G","-8.40",",,,G","-14.91",",,,G"
"AYM00088963","1995-07","-63.4","-56.983","24.0","BASE ESPERANZA, AY","0.0","G","0.0","4,G","","","","","","","","","20","2,G","29","2,G","29","2,G","0","2,G","0","2,G","19950717",",2,G","","","","","19950704",",2,G","-27.3","2,G,17,","","","","","-3.3","2,G,04,","","","949.9","2,G","","","-17.03","4,G","-14.00","2,,,G","-20.06","2,,,G"
"AYM00088963","1995-09","-63.4","-56.983","24.0","BASE ESPERANZA, AY","","","0.0","1,G","16","5,S","9","5,S","4","5,S","","","9","1,G","29","1,G","21",",G","0",",G","0",",G","19950915",",1,G","","","19950921","+,5,S","19950928",",,G","-22.0","1,G,15,","","","80.0","5,,S,21,+","9.3",",G,28,","","","802.7",",G","334.1","5,,,S","-9.13","1,G","-5.10",",,,G","-13.17","1,,,G"
"AYM00088963","1995-10","-63.4","-56.983","24.0","BASE ESPERANZA, AY","","","","","","","","","","","","","0","5,G","23","5,G","9","2,G","0","2,G","0","2,G","19951027",",5,G","","","","","19951007",",2,G","-12.4","5,G,27,","","","","","12.5","2,G,07,","","","","","","","-1.29","7,G","1.86","2,,,G","-4.44","5,,,G"
"AYM00088963","1995-11","-63.4","-56.983","24.0","BASE ESPERANZA, AY","","","0.0","3,G","20","3,S","13","3,S","9","3,S","","","0","3,G","27","3,G","10","2,G","0","2,G","0","2,G","19951109",",3,G","","","19951121",",3,S","19951121",",2,G","-10.7","3,G,09,","","","102.1","3,,S,21,","9.8","2,G,21,","","","551.6","2,G","780.8","3,,,S","-2.09","3,G","0.97","2,,,G","-5.15","3,,,G"
"AYM00088963","1995-12","-63.4","-56.983","24.0","BASE ESPERANZA, AY","","","0.0","5,G","","","","","","","","","0","4,G","21","4,G","2","2,G","0","2,G","0","2,G","19951209",",4,G","","","","","19951221",",2,G","-5.2","4,G,09,","","","","","10.5","2,G,21,","","","430.3","2,G","","","1.78","5,G","5.03","2,,,G","-1.47","4,,,G"
"AYM00088963","1996-01","-63.4","-56.983","24.0","BASE ESPERANZA, AY","","","0.0","5,G","11","4,S","4","4,S","0","4,S","","","0","4,G","18","4,G","1","1,G","0","1,G","0","1,G","19960131",",4,G","","","19960106",",4,S","19960103",",1,G","-7.0","4,G,31,","","","11.9","4,,S,06,","9.8","1,G,03,","431.4","G","431.4","1,G","36.9","4,,,S","1.71","5,G","4.37","1,,,G","-0.95","4,,,G"
"AYM00088963","1996-02","-63.4","-56.983","24.0","BASE ESPERANZA, AY","","","0.0","2,G","8","4,S","3","4,S","1","4,S","","","0","1,G","15","1,G","3","1,G","0","1,G","0","1,G","19960226",",1,G","","","19960219",",4,S","19960207",",1,G","-4.2","1,G,26,","","","30.0","4,,S,19,","10.5","1,G,07,","864.4","G","433.0","1,G","60.9","4,,,S","2.21","2,G","4.87","1,,,G","-0.46","1,,,G"
"AYM00088963","1996-03","-63.4","-56.983","24.0","BASE ESPERANZA, AY","","","0.0","3,G","","","","","","","","","0","3,G","25","3,G","7","1,G","0","1,G","0","1,G","19960328",",3,G","","","","","19960323",",1,G","-14.7","3,G,28,","","","","","9.4","1,G,23,","1423.3","G","558.9","1,G","","","-1.48","3,G","1.58","1,,,G","-4.53","3,,,G"
"AYM00088963","1996-04","-63.4","-56.983","24.0","BASE ESPERANZA, AY","","","0.0","2,G","","","","","","","","","0","2,G","28","2,G","15",",G","0",",G","0",",G","19960410",",2,G","","","","","19960430",",,G","-15.7","2,G,10,","","","","","6.1",",G,30,","2101.7","G","678.4",",G","","","-5.78","2,G","-1.79",",,,G","-9.76","2,,,G"
"AYM00088963","1996-05","-63.4","-56.983","24.0","BASE ESPERANZA, AY","","","0.0","2,G","","","","","","","","","8","2,G","29","2,G","22",",G","0",",G","0",",G","19960510","+,2,G","","","","","19960501",",,G","-20.8","2,G,10,+","","","","","6.1",",G,01,","2898.7","G","797.0",",G","","","-9.19","2,G","-4.86",",,,G","-13.52","2,,,G"
"AYM00088963","1996-06","-63.4","-56.983","24.0","BASE ESPERANZA, AY","","","0.0","4,G","22",",S","13",",S","9",",S","","","12","2,G","28","2,G","21","3,G","0","3,G","0","3,G","19960623",",2,G","","","19960630","+,,S","19960627",",3,G","-23.2","2,G,23,","","","80.0",",,S,30,+","3.2","3,G,27,","3678.9","G","780.2","3,G","746.9",",,,S","-11.70","4,G","-7.24","3,,,G","-16.16","2,,,G"
"AYM00088963","1996-07","-63.4","-56.983","24.0","BASE ESPERANZA, AY","0.0","G","0.0","1,G","","","","","","","","","7","1,G","30","1,G","14",",G","0",",G","0",",G","19960720",",1,G","","","","","19960706",",,G","-21.4","1,G,20,","","","","","9.6",",G,06,","4455.8","G","776.9",",G","","","-7.50","1,G","-2.41",",,,G","-12.59","1,,,G"
"AYM00088963","1996-08","-63.4","-56.983","24.0","BASE ESPERANZA, AY","0.0","G","0.0","1,G","","","","","","","","","1","1,G","30","1,G","20",",G","0",",G","0",",G","19960801",",1,G","","","","","19960806",",,G","-19.2","1,G,01,","","","","","11.0",",G,06,","5215.0","G","759.2",",G","","","-6.77","1,G","-2.67",",,,G","-10.88","1,,,G"
"AYM00088963","1996-09","-63.4","-56.983","24.0","BASE ESPERANZA, AY","0.0","G","0.0","3,G","","","","","","","","","9","2,G","27","2,G","18","1,G","0","1,G","0","1,G","19960911",",2,G","","","","","19960924",",1,G","-32.6","2,G,11,","","","","","8.4","1,G,24,","5943.2","G","728.2","1,G","","","-8.46","3,G","-4.18","1,,,G","-12.75","2,,,G"
"AYM00088963","1996-10","-63.4","-56.983","24.0","BASE ESPERANZA, AY","0.0","G","0.0","4,G","","","","","","","","","0","4,G","27","4,G","8",",G","0",",G","0",",G","19961002",",4,G","","","","","19961025",",,G","-14.5","4,G,02,","","","","","9.7",",G,25,","6488.6","G","545.4",",G","","","-2.12","4,G","1.61",",,,G","-5.84","4,,,G"
"AYM00088963","1996-11","-63.4","-56.983","24.0","BASE ESPERANZA, AY","","","","","","","","","","","","","","","","","7",",G","0",",G","0",",G","","","","","","","19961101",",,G","","","","","","","8.2",",G,01,","","","","","","","","","2.41",",,,G","",""
"AYM00088963","1996-12","-63.4","-56.983","24.0","BASE ESPERANZA, AY","","","0.0","5,G","18","5,S","15","5,S","12","5,S","","","0","4,G","23","4,G","2","1,G","0","1,G","0","1,G","19961202",",4,G","","","19961209","+,5,S","19961206",",1,G","-9.7","4,G,02,","","","102.1","5,,S,09,+","11.3","1,G,06,","","","455.8","1,G","1202.9","5,,,S","0.86","5,G","3.69","1,,,G","-1.97","4,,,G"
"AYM00088963","1997-01","-63.4","-56.983","24.0","BASE ESPERANZA, AY","","","","","18","3,S","11","3,S","3","3,S","","","0","2,G","17","2,G","0","4,G","0","4,G","0","4,G","19970110",",2,G","","","19970103",",3,S","19970124","+,4,G","-3.2","2,G,10,","","","102.1","3,,S,03,","8.1","4,G,24,+","","","","","298.5","3,,,S","2.10","6,G","4.70","4,,,G","-0.50","2,,,G"
"AYM00088963","1997-02","-63.4","-56.983","24.0","BASE ESPERANZA, AY","","","0.0","3,G","14",",S","4",",S","0",",S","","","0","1,G","20","1,G","3","2,G","0","2,G","0","2,G","19970227","+,1,G","","","19970209",",,S","19970211",",2,G","-6.2","1,G,27,+","","","11.9",",,S,09,","11.5","2,G,11,","","","437.1","2,G","39.8",",,,S","0.71","3,G","3.31","2,,,G","-1.88","1,,,G"
"AYM00088963","1997-03","-63.4","-56.983","24.0","BASE ESPERANZA, AY","","","","","8","4,S","5","4,S","0","4,S","","","0","2,G","22","2,G","6","4,G","0","4,G","0","4,G","19970329",",2,G","","","19970301",",4,S","19970317",",4,G","-10.3","2,G,29,","","","18.0","4,,S,01,","14.4","4,G,17,","","","","","39.7","4,,,S","0.77","6,G","3.90","4,,,G","-2.36","2,,,G"
"AYM00088963","1997-04","-63.4","-56.983","24.0","BASE ESPERANZA, AY","","","0.0","3,G","","","","","","","","","1","3,G","27","3,G","23",",G","0",",G","0",",G","19970430",",3,G","","","","","19970402",",,G","-20.0","3,G,30,","","","","","5.4",",G,02,","","","674.5",",G","","","-6.89","3,G","-4.03",",,,G","-9.76","3,,,G"
"AYM00088963","1997-05","-63.4","-56.983","24.0","BASE ESPERANZA, AY","","","0.0","2,G","11","3,S","8","3,S","6","3,S","","","0","2,G","28","2,G","18",",G","0",",G","0",",G","19970502","+,2,G","","","19970509",",3,S","19970510",",,G","-17.2","2,G,02,+","","","101.1","3,,S,09,","12.0",",G,10,","","","652.6",",G","437.9","3,,,S","-4.34","2,G","-0.90",",,,G","-7.79","2,,,G"
"AYM00088963","1997-06","-63.4","-56.983","24.0","BASE ESPERANZA, AY","","","0.0","3,G","","","","","","","","","11","2,G","28","2,G","19","3,G","0","3,G","0","3,G","19970624",",2,G","","","","","19970616",",3,G","-24.1","2,G,24,","","","","","7.1","3,G,16,","","","781.3","3,G","","","-10.65","3,G","-6.92","3,,,G","-14.38","2,,,G"
"AYM00088963","1997-07","-63.4","-56.983","24.0","BASE ESPERANZA, AY","0.0","G","0.0",",G","","","","","","","","","15",",G","31",",G","25",",G","0",",G","0",",G","19970729",",,G","","","","","19970720",",,G","-30.4",",G,29,","","","","","3.3",",G,20,","","","989.9",",G","","","-13.60",",G","-8.58",",,,G","-18.61",",,,G"
"AYM00088963","1997-08","-63.4","-56.983","24.0","BASE ESPERANZA, AY","0.0","G","0.0","1,G","","","","","","","","","11",",G","31",",G","24","1,G","0","1,G","0","1,G","19970802",",,G","","","","","19970807",",1,G","-26.9",",G,02,","","","","","4.0","1,G,07,","","","869.0","1,G","","","-10.54","1,G","-6.44","1,,,G","-14.63",",,,G"
"AYM00088963","1997-09","-63.4","-56.983","24.0","BASE ESPERANZA, AY","0.0","G","0.0","4,G","","","","","","","","","12","2,G","28","2,G","21","3,G","0","3,G","0","3,G","19970908",",2,G","","","","","19970928",",3,G","-23.7","2,G,08,","","","","","8.3","3,G,28,","","","765.1","3,G","","","-11.02","4,G","-6.41","3,,,G","-15.63","2,,,G"
"AYM00088963","1997-10","-63.4","-56.983","24.0","BASE ESPERANZA, AY","0.0","G","0.0",",G","","","","","","","","","3",",G","31",",G","17",",G","0",",G","0",",G","19971014",",,G","","","","","19971028",",,G","-19.4",",G,14,","","","","","5.9",",G,28,","","","801.3",",G","","","-7.51",",G","-3.42",",,,G","-11.61",",,,G"
"AYM00088963","1997-11","-63.4","-56.983","24.0","BASE ESPERANZA, AY","0.0","G","0.0","1,G","","","","","","","","","0",",G","30",",G","20","1,G","0","1,G","0","1,G","19971111",",,G","","","","","19971130",",1,G","-16.7",",G,11,","","","","","8.9","1,G,30,","","","671.4","1,G","","","-4.79","1,G","-1.70","1,,,G","-7.87",",,,G"
"AYM00088963","1997-12","-63.4","-56.983","24.0","BASE ESPERANZA, AY","0.0","G","0.0","1,G","","","","","","","","","0","1,G","30","1,G","0",",G","0",",G","0",",G","19971216",",1,G","","","","","19971212",",,G","-4.7","1,G,16,","","","","","8.3",",G,12,","","","531.7",",G","","","0.58","1,G","3.45",",,,G","-2.29","1,,,G"
"AYM00088963","1998-01","-63.4","-56.983","24.0","BASE ESPERANZA, AY","0.0","G","0.0",",G","","","","","","","","","0",",G","24",",G","0",",G","0",",G","0",",G","19980123",",,G","","","","","19980101",",,G","-2.6",",G,23,","","","","","10.8",",G,01,","516.8","G","516.8",",G","","","1.66",",G","4.16",",,,G","-0.83",",,,G"
"AYM00088963","1998-02","-63.4","-56.983","24.0","BASE ESPERANZA, AY","0.0","G","0.0",",G","5","4,S","2","4,S","0","4,S","","","0",",G","21",",G","2",",G","0",",G","0",",G","19980228",",,G","","","19980209",",4,S","19980217",",,G","-4.7",",G,28,","","","5.1","4,,S,09,","15.5",",G,17,","948.8","G","432.0",",G","9.9","4,,,S","2.91",",G","7.10",",,,G","-1.29",",,,G"
"AYM00088963","1998-03","-63.4","-56.983","24.0","BASE ESPERANZA, AY","0.0","G","0.0","2,G","7","3,S","1","3,S","0","3,S","","","0",",G","29",",G","10","2,G","0","2,G","0","2,G","19980309",",,G","","","19980306",",3,S","19980324",",2,G","-8.2",",G,09,","","","4.1","3,,S,06,","11.1","2,G,24,","1481.1","G","532.3","2,G","10.4","3,,,S","-0.03","2,G","3.31","2,,,G","-3.37",",,,G"
"AYM00088963","1998-04","-63.4","-56.983","24.0","BASE ESPERANZA, AY","0.0","G","0.0","3,G","","","","","","","","","0","2,G","22","2,G","3","1,G","0","1,G","0","1,G","19980413",",2,G","","","","","19980427",",1,G","-11.9","2,G,13,","","","","","13.6","1,G,27,","1951.7","G","470.6","1,G","","","0.87","3,G","4.99","1,,,G","-3.26","2,,,G"
"AYM00088963","1998-05","-63.4","-56.983","24.0","BASE ESPERANZA, AY","0.0","G","0.0","1,G","","","","","","","","","1",",G","30",",G","17","1,G","0","1,G","0","1,G","19980506",",,G","","","","","19980502",",1,G","-18.6",",G,06,","","","","","12.7","1,G,02,","2609.0","G","657.3","1,G","","","-3.73","1,G","1.11","1,,,G","-8.56",",,,G"
"AYM00088963","1998-06","-63.4","-56.983","24.0","BASE ESPERANZA, AY","0.0","G","0.0",",G","7","4,S","4","4,S","0","4,S","","","1",",G","30",",G","16",",G","0",",G","0",",G","19980608",",,G","","","19980621",",4,S","19980612",",,G","-18.2",",G,08,","","","16.0","4,,S,21,","13.3",",G,12,","3285.1","G","676.1",",G","33.1","4,,,S","-4.20",",G","0.86",",,,G","-9.27",",,,G"
"AYM00088963","1998-07","-63.4","-56.983","24.0","BASE ESPERANZA, AY","0.0","G","0.0","3,G","","","","","","","","","13","2,G","29","2,G","26","1,G","0","1,G","0","1,G","19980721",",2,G","","","","","19980731",",1,G","-23.5","2,G,21,","","","","","2.6","1,G,31,","4165.2","G","880.1","1,G","","","-12.81","3,G","-9.42","1,,,G","-16.20","2,,,G"
"AYM00088963","1998-08","-63.4","-56.983","24.0","BASE ESPERANZA, AY","0.0","G","0.0",",G","","","","","","","","","18",",G","31",",G","22",",G","0",",G","0",",G","19980821",",,G","","","","","19980808",",,G","-23.0",",G,21,","","","","","4.9",",G,08,","5091.0","G","925.8",",G","","","-11.53",",G","-7.61",",,,G","-15.45",",,,G"
"AYM00088963","1998-09","-63.4","-56.983","24.0","BASE ESPERANZA, AY","0.0","G","0.0",",G","","","","","","","","","15",",G","30",",G","17",",G","0",",G","0",",G","19980908",",,G","","","","","19980919",",,G","-27.1",",G,08,","","","","","8.0",",G,19,","5934.3","G","843.3",",G","","","-9.78",",G","-6.16",",,,G","-13.39",",,,G"
"AYM00088963","1998-10","-63.4","-56.983","24.0","BASE ESPERANZA, AY","0.0","G","0.0",",G","20","4,S","10","4,S","5","4,S","","","0",",G","30",",G","18",",G","0",",G","0",",G","19981007",",,G","","","19981031",",4,S","19981030",",,G","-15.8",",G,07,","","","102.1","4,,S,31,","5.1",",G,30,","6681.1","G","746.8",",G","460.7","4,,,S","-5.76",",G","-2.21",",,,G","-9.31",",,,G"
"AYM00088963","1998-11","-63.4","-56.983","24.0","BASE ESPERANZA, AY","0.0","G","0.0",",G","","","","","","","","","0",",G","26",",G","4",",G","0",",G","0",",G","19981119",",,G","","","","","19981109",",,G","-7.7",",G,19,","","","","","9.7",",G,09,","7218.9","G","537.8",",G","","","0.41",",G","3.73",",,,G","-2.92",",,,G"
"AYM00088963","1998-12","-63.4","-56.983","24.0","BASE ESPERANZA, AY","0.0","G","0.0",",G","","","","","","","","","0",",G","27",",G","1",",G","0",",G","0",",G","19981202",",,G","","","","","19981208",",,G","-5.5",",G,02,","","","","","6.6",",G,08,","7764.3","G","545.4",",G","","","0.74",",G","3.41",",,,G","-1.93",",,,G"
"AYM00088963","1999-01","-63.4","-56.983","24.0","BASE ESPERANZA, AY","0.0","G","0.0",",G","","","","","","","","","0",",G","20",",G","0",",G","0",",G","0",",G","19990109",",,G","","","","","19990110",",,G","-4.0",",G,09,","","","","","9.4",",G,10,","492.8","G","492.8",",G","","","2.44",",G","5.08",",,,G","-0.21",",,,G"
"AYM00088963","1999-02","-63.4","-56.983","24.0","BASE ESPERANZA, AY","0.0","G","0.0",",G","","","","","","","","","0",",G","18",",G","3",",G","0",",G","0",",G","19990218","+,,G","","","","","19990225",",,G","-8.0",",G,18,+","","","","","7.0",",G,25,","976.6","G","483.8",",G","","","1.05",",G","3.29",",,,G","-1.18",",,,G"
"AYM00088963","1999-03","-63.4","-56.983","24.0","BASE ESPERANZA, AY","0.0","G","0.0",",G","","","","","","","","","0",",G","21",",G","9",",G","0",",G","0",",G","19990326",",,G","","","","","19990301",",,G","-8.6",",G,26,","","","","","7.4",",G,01,","1553.1","G","576.5",",G","","","-0.26",",G","2.21",",,,G","-2.74",",,,G"
"AYM00088963","1999-04","-63.4","-56.983","24.0","BASE ESPERANZA, AY","0.0","G","0.0",",G","","","","","","","","","0",",G","23",",G","9",",G","0",",G","0",",G","19990422","+,,G","","","","","19990402",",,G","-13.0",",G,22,+","","","","","15.9",",G,02,","2130.2","G","577.1",",G","","","-0.91",",G","3.12",",,,G","-4.93",",,,G"
"AYM00088963","1999-05","-63.4","-56.983","24.0","BASE ESPERANZA, AY","0.0","G","0.0",",G","","","","","","","","","0",",G","28",",G","16",",G","0",",G","0",",G","19990510",",,G","","","","","19990519",",,G","-13.5",",G,10,","","","","","12.4",",G,19,","2789.9","G","659.7",",G","","","-2.95",",G","0.42",",,,G","-6.32",",,,G"
"AYM00088963","1999-06","-63.4","-56.983","24.0","BASE ESPERANZA, AY","0.0","G","0.0","2,G","","","","","","","","","6","1,G","28","1,G","20","1,G","0","1,G","0","1,G","19990628",",1,G","","","","","19990604",",1,G","-24.0","1,G,28,","","","","","6.0","1,G,04,","3546.2","G","756.3","1,G","","","-8.74","2,G","-5.16","1,,,G","-12.32","1,,,G"
"AYM00088963","1999-07","-63.4","-56.983","24.0","BASE ESPERANZA, AY","0.0","G","0.0","2,G","","","","","","","","","10","1,G","30","1,G","22","1,G","0","1,G","0","1,G","19990724",",1,G","","","","","19990713",",1,G","-25.0","1,G,24,","","","","","3.8","1,G,13,","4373.3","G","827.1","1,G","","","-10.14","2,G","-5.72","1,,,G","-14.56","1,,,G"
"AYM00088963","1999-08","-63.4","-56.983","24.0","BASE ESPERANZA, AY","0.0","G","0.0",",G","","","","","","","","","10",",G","31",",G","22",",G","0",",G","0",",G","19990825",",,G","","","","","19990814",",,G","-24.2",",G,25,","","","","","3.4",",G,14,","5208.0","G","834.7",",G","","","-8.59",",G","-3.77",",,,G","-13.41",",,,G"
"AYM00088963","1999-09","-63.4","-56.983","24.0","BASE ESPERANZA, AY","0.0","G","0.0",",G","","","","","","","","","4",",G","30",",G","20",",G","0",",G","0",",G","19990909",",,G","","","","","19990904",",,G","-24.5",",G,09,","","","","","3.8",",G,04,","6016.1","G","808.1",",G","","","-8.60",",G","-4.87",",,,G","-12.34",",,,G"
"AYM00088963","1999-10","-63.4","-56.983","24.0","BASE ESPERANZA, AY","0.0","G","0.0",",G","","","","","","","","","0",",G","24",",G","9",",G","0",",G","0",",G","19991001",",,G","","","","","19991004",",,G","-13.0",",G,01,","","","","","10.7",",G,04,","6598.7","G","582.6",",G","","","-0.46",",G","2.95",",,,G","-3.87",",,,G"
"AYM00088963","1999-11","-63.4","-56.983","24.0","BASE ESPERANZA, AY","0.0","G","0.0",",G","","","","","","","","","0",",G","21",",G","4",",G","0",",G","0",",G","19991106","+,,G","","","","","19991109",",,G","-6.0",",G,06,+","","","","","8.1",",G,09,","7123.8","G","525.1",",G","","","0.83",",G","3.68",",,,G","-2.02",",,,G"
"AYM00088963","1999-12","-63.4","-56.983","24.0","BASE ESPERANZA, AY","0.0","G","0.0","1,G","","","","","","","","","0","1,G","17","1,G","0",",G","0",",G","0",",G","19991204",",1,G","","","","","19991211","+,,G","-3.0","1,G,04,","","","","","9.9",",G,11,+","7595.9","G","472.1",",G","","","2.58","1,G","5.60",",,,G","-0.44","1,,,G"
"AYM00088963","2000-01","-63.4","-56.983","24.0","BASE ESPERANZA, AY","0.0","G","0.0",",G","","","","","","","","","0",",G","24",",G","0",",G","0",",G","0",",G","20000103",",,G","","","","","20000129",",,G","-8.5",",G,03,","","","","","8.5",",G,29,","531.2","G","531.2",",G","","","1.20",",G","4.04",",,,G","-1.65",",,,G"
"AYM00088963","2000-02","-63.4","-56.983","24.0","BASE ESPERANZA, AY","0.0","G","0.0",",G","","","","","","","","","0",",G","18",",G","1",",G","0",",G","0",",G","20000226","+,,G","","","","","20000216",",,G","-3.7",",G,26,+","","","","","11.0",",G,16,","980.0","G","448.8",",G","","","2.86",",G","6.01",",,,G","-0.30",",,,G"
"AYM00088963","2000-03","-63.4","-56.983","24.0","BASE ESPERANZA, AY","0.0","G","0.0",",G","","","","","","","","","0",",G","24",",G","7",",G","0",",G","0",",G","20000326",",,G","","","","","20000310",",,G","-9.8",",G,26,","","","","","8.8",",G,10,","1546.2","G","566.2",",G","","","0.07",",G","2.98",",,,G","-2.85",",,,G"
"AYM00088963","2000-04","-63.4","-56.983","24.0","BASE ESPERANZA, AY","0.0","G","0.0",",G","","","","","","","","","0",",G","26",",G","11",",G","0",",G","0",",G","20000430",",,G","","","","","20000420",",,G","-15.6",",G,30,","","","","","6.0",",G,20,","2176.1","G","629.9",",G","","","-2.66",",G","0.48",",,,G","-5.80",",,,G"
"AYM00088963","2000-05","-63.4","-56.983","24.0","BASE ESPERANZA, AY","0.0","G","0.0",",G","","","","","","","","","1",",G","27",",G","13",",G","0",",G","0",",G","20000502",",,G","","","","","20000517",",,G","-18.4",",G,02,","","","","","10.1",",G,17,","2865.5","G","689.4",",G","","","-3.90",",G","0.46",",,,G","-8.27",",,,G"
"AYM00088963","2000-06","-63.4","-56.983","24.0","BASE ESPERANZA, AY","0.0","G","0.0",",G","","","","","","","","","1",",G","30",",G","17",",G","0",",G","0",",G","20000616",",,G","","","","","20000618",",,G","-18.0",",G,16,","","","","","8.7",",G,18,","3542.2","G","676.7",",G","","","-4.22",",G","-0.63",",,,G","-7.82",",,,G"
"AYM00088963","2000-07","-63.4","-56.983","24.0","BASE ESPERANZA, AY","0.0","G","0.0","3,G","","","","","","","","","2","3,G","28","3,G","16","1,G","0","1,G","0","1,G","20000731",",3,G","","","","","20000709",",1,G","-21.0","3,G,31,","","","","","7.8","1,G,09,","4207.9","G","665.7","1,G","","","-5.27","3,G","-1.06","1,,,G","-9.48","3,,,G"
"AYM00088963","2000-08","-63.4","-56.983","24.0","BASE ESPERANZA, AY","0.0","G","0.0","1,G","","","","","","","","","17","1,G","29","1,G","27",",G","0",",G","0",",G","20000825",",1,G","","","","","20000811",",,G","-23.9","1,G,25,","","","","","7.9",",G,11,","5122.6","G","914.7",",G","","","-12.32","1,G","-8.13",",,,G","-16.51","1,,,G"
"AYM00088963","2000-09","-63.4","-56.983","24.0","BASE ESPERANZA, AY","0.0","G","0.0","3,G","","","","","","","","","4","2,G","28","2,G","19","1,G","0","1,G","0","1,G","20000928",",2,G","","","","","20000930",",1,G","-22.0","2,G,28,","","","","","9.2","1,G,30,","5858.4","G","735.8","1,G","","","-8.63","3,G","-4.28","1,,,G","-12.99","2,,,G"
"AYM00088963","2000-10","-63.4","-56.983","24.0","BASE ESPERANZA, AY","0.0","G","0.0","2,G","","","","","","","","","0","2,G","28","2,G","15",",G","0",",G","0",",G","20001031",",2,G","","","","","20001028",",,G","-11.1","2,G,31,","","","","","8.8",",G,28,","6474.6","G","616.2",",G","","","-2.88","2,G","0.34",",,,G","-6.10","2,,,G"
"AYM00088963","2000-11","-63.4","-56.983","24.0","BASE ESPERANZA, AY","0.0","G","0.0","4,G","","","","","","","","","0","3,G","25","3,G","8","2,G","0","2,G","0","2,G","20001116",",3,G","","","","","20001103",",2,G","-7.6","3,G,16,","","","","","12.8","2,G,03,","6955.5","G","480.9","2,G","","","-0.47","4,G","2.53","2,,,G","-3.46","3,,,G"
"AYM00088963","2000-12","-63.4","-56.983","24.0","BASE ESPERANZA, AY","0.0","G","0.0","2,G","","","","","","","","","0","2,G","28","2,G","3","1,G","0","1,G","0","1,G","20001214",",2,G","","","","","20001223",",1,G","-4.0","2,G,14,","","","","","9.1","1,G,23,","7476.1","G","520.6","1,G","","","0.40","2,G","2.56","1,,,G","-1.75","2,,,G"
"AYM00088963","2001-01","-63.4","-56.983","24.0","BASE ESPERANZA, AY","0.0","G","0.0","1,G","","","","","","","","","0","1,G","28","1,G","2",",G","0",",G","0",",G","20010115",",1,G","","","","","20010107",",,G","-5.0","1,G,15,","","","","","5.9",",G,07,","530.5","G","530.5",",G","","","0.68","1,G","3.12",",,,G","-1.76","1,,,G"
"AYM00088963","2001-02","-63.4","-56.983","24.0","BASE ESPERANZA, AY","0.0","G","0.0",",G","","","","","","","","","0",",G","27",",G","11",",G","0",",G","0",",G","20010223",",,G","","","","","20010225",",,G","-7.1",",G,23,","","","","","6.9",",G,25,","1081.0","G","550.5",",G","","","-1.33",",G","0.88",",,,G","-3.54",",,,G"
"AYM00088963","2001-03","-63.4","-56.983","24.0","BASE ESPERANZA, AY","0.0","G","0.0",",G","","","","","","","","","0",",G","31",",G","19",",G","0",",G","0",",G","20010329",",,G","","","","","20010316",",,G","-16.7",",G,29,","","","","","7.2",",G,16,","1805.0","G","724.0",",G","","","-5.02",",G","-1.34",",,,G","-8.71",",,,G"
"AYM00088963","2001-04","-63.4","-56.983","24.0","BASE ESPERANZA, AY","0.0","G","0.0",",G","","","","","","","","","7",",G","30",",G","22",",G","0",",G","0",",G","20010414",",,G","","","","","20010416","+,,G","-23.0",",G,14,","","","","","4.5",",G,16,+","2596.5","G","791.5",",G","","","-8.05",",G","-4.07",",,,G","-12.03",",,,G"
"AYM00088963","2001-05","-63.4","-56.983","24.0","BASE ESPERANZA, AY","","","","","","","","","","","","","0",",G","27",",G","","","","","","","20010528",",,G","","","","","","","-17.0",",G,28,","","","","","","","","","","","","","","","","","-6.99",",,,G"
"AYM00088963","2001-06","-63.4","-56.983","24.0","BASE ESPERANZA, AY","","","0.0","1,G","","","","","","","","","10","1,G","29","1,G","23",",G","0",",G","0",",G","20010622",",1,G","","","","","20010630",",,G","-20.3","1,G,22,","","","","","1.8",",G,30,","","","838.1",",G","","","-10.43","1,G","-6.24",",,,G","-14.61","1,,,G"
"AYM00088963","2001-07","-63.4","-56.983","24.0","BASE ESPERANZA, AY","0.0","G","0.0","3,G","","","","","","","","","12","1,G","30","1,G","23","2,G","0","2,G","0","2,G","20010720",",1,G","","","","","20010723",",2,G","-23.9","1,G,20,","","","","","5.2","2,G,23,","","","834.5","2,G","","","-11.43","3,G","-7.43","2,,,G","-15.42","1,,,G"
"AYM00088963","2001-08","-63.4","-56.983","24.0","BASE ESPERANZA, AY","0.0","G","0.0",",G","","","","","","","","","2",",G","31",",G","17",",G","0",",G","0",",G","20010808",",,G","","","","","20010804",",,G","-19.3",",G,08,","","","","","9.5",",G,04,","","","701.1",",G","","","-4.28",",G","-0.47",",,,G","-8.10",",,,G"
"AYM00088963","2001-09","-63.4","-56.983","24.0","BASE ESPERANZA, AY","0.0","G","0.0",",G","","","","","","","","","2",",G","28",",G","14",",G","0",",G","0",",G","20010903",",,G","","","","","20010925",",,G","-18.5",",G,03,","","","","","10.5",",G,25,","","","631.9",",G","","","-2.73",",G","0.86",",,,G","-6.32",",,,G"
"AYM00088963","2001-10","-63.4","-56.983","24.0","BASE ESPERANZA, AY","0.0","G","0.0",",G","","","","","","","","","0",",G","29",",G","5",",G","0",",G","0",",G","20011027",",,G","","","","","20011029",",,G","-10.2",",G,27,","","","","","7.2",",G,29,","","","584.2",",G","","","-0.51",",G","1.83",",,,G","-2.85",",,,G"
"AYM00088963","2001-11","-63.4","-56.983","24.0","BASE ESPERANZA, AY","0.0","G","0.0",",G","","","","","","","","","0",",G","24",",G","4",",G","0",",G","0",",G","20011108",",,G","","","","","20011123",",,G","-7.3",",G,08,","","","","","5.2",",G,23,","","","540.3",",G","","","0.32",",G","2.30",",,,G","-1.65",",,,G"
"AYM00088963","2001-12","-63.4","-56.983","24.0","BASE ESPERANZA, AY","0.0","G","0.0","2,G","","","","","","","","","0","2,G","15","2,G","0",",G","0",",G","0",",G","20011207",",2,G","","","","","20011212",",,G","-1.3","2,G,07,","","","","","8.4",",G,12,","","","462.4",",G","","","2.38","2,G","4.54",",,,G","0.22","2,,,G"
"AYM00088963","2002-01","-63.4","-56.983","24.0","BASE ESPERANZA, AY","0.0","G","0.0",",G","","","","","","","","","0",",G","11",",G","0",",G","0",",G","0",",G","20020123",",,G","","","","","20020119",",,G","-1.1",",G,23,","","","","","9.2",",G,19,","486.1","G","486.1",",G","","","2.65",",G","4.83",",,,G","0.48",",,,G"
"AYM00088963","2002-02","-63.4","-56.983","24.0","BASE ESPERANZA, AY","0.0","G","0.0",",G","","","","","","","","","0",",G","10",",G","0",",G","0",",G","0",",G","20020227",",,G","","","","","20020216",",,G","-3.0",",G,27,","","","","","10.3",",G,16,","911.0","G","424.9",",G","","","3.16",",G","5.69",",,,G","0.63",",,,G"
"AYM00088963","2002-03","-63.4","-56.983","24.0","BASE ESPERANZA, AY","0.0","G","0.0",",G","","","","","","","","","0",",G","30",",G","11",",G","0",",G","0",",G","20020328",",,G","","","","","20020320",",,G","-15.4",",G,28,","","","","","7.0",",G,20,","1570.4","G","659.4",",G","","","-2.94",",G","-0.04",",,,G","-5.84",",,,G"
"AYM00088963","2002-04","-63.4","-56.983","24.0","BASE ESPERANZA, AY","0.0","G","0.0",",G","","","","","","","","","0",",G","29",",G","19",",G","0",",G","0",",G","20020410",",,G","","","","","20020405",",,G","-13.3",",G,10,","","","","","7.8",",G,05,","2229.4","G","659.0",",G","","","-3.64",",G","-0.56",",,,G","-6.71",",,,G"
"AYM00088963","2002-05","-63.4","-56.983","24.0","BASE ESPERANZA, AY","0.0","G","0.0",",G","","","","","","","","","11",",G","31",",G","29",",G","0",",G","0",",G","20020527",",,G","","","","","20020516",",,G","-27.2",",G,27,","","","","","1.5",",G,16,","3177.3","G","947.9",",G","","","-12.25",",G","-8.55",",,,G","-15.95",",,,G"
"AYM00088963","2002-06","-63.4","-56.983","24.0","BASE ESPERANZA, AY","0.0","G","0.0","2,G","","","","","","","","","19",",G","30",",G","27","2,G","0","2,G","0","2,G","20020615",",,G","","","","","20020624",",2,G","-28.4",",G,15,","","","","","6.8","2,G,24,","4122.5","G","945.2","2,G","","","-15.35","2,G","-11.88","2,,,G","-18.82",",,,G"
"AYM00088963","2002-07","-63.4","-56.983","24.0","BASE ESPERANZA, AY","0.0","G","0.0",",G","","","","","","","","","5",",G","31",",G","25",",G","0",",G","0",",G","20020719",",,G","","","","","20020701",",,G","-19.7",",G,19,","","","","","5.2",",G,01,","5010.6","G","888.1",",G","","","-10.32",",G","-6.36",",,,G","-14.27",",,,G"
"AYM00088963","2002-08","-63.4","-56.983","24.0","BASE ESPERANZA, AY","0.0","G","0.0","2,G","","","","","","","","","4","1,G","29","1,G","24","1,G","0","1,G","0","1,G","20020822",",1,G","","","","","20020817",",1,G","-21.0","1,G,22,","","","","","7.1","1,G,17,","5740.4","G","729.8","1,G","","","-6.85","2,G","-3.09","1,,,G","-10.61","1,,,G"
"AYM00088963","2002-09","-63.4","-56.983","24.0","BASE ESPERANZA, AY","0.0","G","0.0",",G","","","","","","","","","1",",G","30",",G","11",",G","0",",G","0",",G","20020906",",,G","","","","","20020913",",,G","-18.5",",G,06,","","","","","7.5",",G,13,","6423.7","G","683.3",",G","","","-4.45",",G","-0.58",",,,G","-8.31",",,,G"
"AYM00088963","2002-10","-63.4","-56.983","24.0","BASE ESPERANZA, AY","0.0","G","0.0",",G","","","","","","","","","8",",G","31",",G","24",",G","0",",G","0",",G","20021006",",,G","","","","","20021028",",,G","-22.8",",G,06,","","","","","3.4",",G,28,","7312.7","G","889.0",",G","","","-10.34",",G","-6.83",",,,G","-13.85",",,,G"
"AYM00088963","2002-11","-63.4","-56.983","24.0","BASE ESPERANZA, AY","0.0","G","0.0","2,G","","","","","","","","","0","1,G","29","1,G","8","1,G","0","1,G","0","1,G","20021128","+,1,G","","","","","20021110",",1,G","-7.5","1,G,28,+","","","","","7.8","1,G,10,","7860.7","G","548.0","1,G","","","-1.14","2,G","2.37","1,,,G","-4.65","1,,,G"
"AYM00088963","2002-12","-63.4","-56.983","24.0","BASE ESPERANZA, AY","0.0","G","0.0",",G","","","","","","","","","0",",G","20",",G","2",",G","0",",G","0",",G","20021204",",,G","","","","","20021230","+,,G","-8.6",",G,04,","","","","","9.9",",G,30,+","8373.1","G","512.4",",G","","","1.80",",G","4.47",",,,G","-0.86",",,,G"
"AYM00088963","2003-01","-63.4","-56.983","24.0","BASE ESPERANZA, AY","0.0","G","0.0",",G","8","1,S","4","1,S","0","1,S","","","0",",G","25",",G","0",",G","0",",G","0",",G","20030126","+,,G","","","20030128",",1,S","20030101",",,G","-2.4",",G,26,+","","","6.1","1,,S,28,","9.9",",G,01,","532.3","G","532.3",",G","26.4","1,,,S","1.16",",G","3.03",",,,G","-0.71",",,,G"
"AYM00088963","2003-02","-63.4","-56.983","24.0","BASE ESPERANZA, AY","0.0","G","0.0",",G","11","3,S","5","3,S","0","3,S","","","0",",G","19",",G","3",",G","0",",G","0",",G","20030228",",,G","","","20030226",",3,S","20030220",",,G","-4.0",",G,28,","","","8.9","3,,S,26,","9.8",",G,20,","1008.7","G","476.4",",G","34.1","3,,,S","1.32",",G","3.51",",,,G","-0.88",",,,G"
"AYM00088963","2003-03","-63.4","-56.983","24.0","BASE ESPERANZA, AY","0.0","G","0.0",",G","","","","","","","","","0",",G","29",",G","17",",G","0",",G","0",",G","20030318",",,G","","","","","20030330",",,G","-7.7",",G,18,","","","","","12.7",",G,30,","1611.2","G","602.5",",G","","","-1.10",",G","1.94",",,,G","-4.14",",,,G"
"AYM00088963","2003-04","-63.4","-56.983","24.0","BASE ESPERANZA, AY","0.0","G","0.0",",G","","","","","","","","","3",",G","27",",G","8",",G","0",",G","0",",G","20030430","+,,G","","","","","20030411",",,G","-25.7",",G,30,+","","","","","9.3",",G,11,","2234.7","G","623.5",",G","","","-2.45",",G","1.65",",,,G","-6.55",",,,G"
"AYM00088963","2003-05","-63.4","-56.983","24.0","BASE ESPERANZA, AY","0.0","G","0.0",",G","","","","","","","","","2",",G","31",",G","22",",G","0",",G","0",",G","20030501",",,G","","","","","20030510",",,G","-18.3",",G,01,","","","","","4.7",",G,10,","3039.2","G","804.5",",G","","","-7.62",",G","-3.82",",,,G","-11.41",",,,G"
"AYM00088963","2003-06","-63.4","-56.983","24.0","BASE ESPERANZA, AY","0.0","G","0.0",",G","","","","","","","","","19",",G","30",",G","27",",G","0",",G","0",",G","20030618","+,,G","","","","","20030625",",,G","-22.5",",G,18,+","","","","","4.2",",G,25,","3987.3","G","948.1",",G","","","-13.27",",G","-10.23",",,,G","-16.32",",,,G"
"AYM00088963","2003-07","-63.4","-56.983","24.0","BASE ESPERANZA, AY","0.0","G","0.0",",G","","","","","","","","","20",",G","28",",G","20",",G","0",",G","0",",G","20030705","+,,G","","","","","20030725","+,,G","-23.5",",G,05,+","","","","","4.5",",G,25,+","4901.8","G","914.5",",G","","","-11.17",",G","-7.63",",,,G","-14.70",",,,G"
"AYM00088963","2003-08","-63.4","-56.983","24.0","BASE ESPERANZA, AY","0.0","G","0.0",",G","","","","","","","","","5",",G","30",",G","12",",G","0",",G","0",",G","20030824",",,G","","","","","20030827",",,G","-24.1",",G,24,","","","","","9.7",",G,27,","5626.9","G","725.1",",G","","","-5.06",",G","-1.05",",,,G","-9.06",",,,G"
"AYM00088963","2003-09","-63.4","-56.983","24.0","BASE ESPERANZA, AY","0.0","G","0.0",",G","","","","","","","","","4",",G","29",",G","10",",G","0",",G","0",",G","20030908",",,G","","","","","20030916",",,G","-20.5",",G,08,","","","","","11.4",",G,16,","6284.0","G","657.1",",G","","","-3.57",",G","0.19",",,,G","-7.33",",,,G"
"AYM00088963","2003-10","-63.4","-56.983","24.0","BASE ESPERANZA, AY","0.0","G","0.0",",G","","","","","","","","","0",",G","31",",G","18",",G","0",",G","0",",G","20031009",",,G","","","","","20031016",",,G","-16.0",",G,09,","","","","","5.6",",G,16,","6998.8","G","714.8",",G","","","-4.72",",G","-1.35",",,,G","-8.10",",,,G"
"AYM00088963","2003-11","-63.4","-56.983","24.0","BASE ESPERANZA, AY","0.0","G","0.0",",G","","","","","","","","","0",",G","30",",G","15",",G","0",",G","0",",G","20031108",",,G","","","","","20031102",",,G","-11.5",",G,08,","","","","","7.6",",G,02,","7642.5","G","643.7",",G","","","-3.13",",G","0.37",",,,G","-6.62",",,,G"
"AYM00088963","2003-12","-63.4","-56.983","24.0","BASE ESPERANZA, AY","0.0","G","0.0",",G","","","","","","","","","0",",G","31",",G","10",",G","0",",G","0",",G","20031204",",,G","","","","","20031227",",,G","-8.4",",G,04,","","","","","7.2",",G,27,","8252.5","G","610.0",",G","","","-1.34",",G","1.76",",,,G","-4.45",",,,G"
"AYM00088963","2004-01","-63.4","-56.983","24.0","BASE ESPERANZA, AY","0.0","S","0.0",",G","","","","","","","","","0",",G","26",",G","0",",G","0",",G","0",",G","20040103",",,G","","","","","20040106",",,G","-3.9",",G,03,","","","","","10.4",",G,06,","517.1","S","517.1",",G","","","1.65",",G","4.66",",,,G","-1.36",",,,G"
"AYM00088963","2004-02","-63.4","-56.983","24.0","BASE ESPERANZA, AY","0.0","S","0.0",",G","","","","","","","","","0",",G","24",",G","2",",G","0",",G","0",",G","20040218",",,G","","","","","20040207",",,G","-6.7",",G,18,","","","","","12.2",",G,07,","994.7","S","477.6",",G","","","1.86",",G","5.28",",,,G","-1.55",",,,G"
"AYM00088963","2004-03","-63.4","-56.983","24.0","BASE ESPERANZA, AY","0.0","S","0.0","2,G","13","3,S","7","3,S","0","3,S","","","0","2,G","25","2,G","14",",G","0",",G","0",",G","20040329",",2,G","","","20040324",",3,S","20040311",",,G","-13.0","2,G,29,","","","8.9","3,,S,24,","14.5",",G,11,","1573.8","S","579.1",",G","44.3","3,,,S","-1.69","2,G","1.21",",,,G","-4.60","2,,,G"
"AYM00088963","2004-04","-63.4","-56.983","24.0","BASE ESPERANZA, AY","0.0","S","0.0","2,G","","","","","","","","","3",",G","29",",G","15","2,G","0","2,G","0","2,G","20040430",",,G","","","","","20040424",",2,G","-19.4",",G,30,","","","","","10.3","2,G,24,","2234.6","S","660.8","2,G","","","-5.43","2,G","-2.50","2,,,G","-8.35",",,,G"
"AYM00088963","2004-05","-63.4","-56.983","24.0","BASE ESPERANZA, AY","0.0","S","0.0","4,G","","","","","","","","","2",",G","30",",G","14","4,G","0","4,G","0","4,G","20040501",",,G","","","","","20040519",",4,G","-19.5",",G,01,","","","","","13.3","4,G,19,","2870.4","S","635.8","4,G","","","-5.25","4,G","-0.79","4,,,G","-9.71",",,,G"
"AYM00088963","2006-01","-63.4","-56.983","24.0","BASE ESPERANZA, AY","","","","","","","","","","","","","0","2,S","19","2,S","","","","","","","20060109","+,2,S","","","","","","","-2.5","2,S,09,+","","","","","","","","","","","","","","","","","-0.04","2,,,S"
"AYM00088963","2006-02","-63.4","-56.983","24.0","BASE ESPERANZA, AY","","","","","","","","","","","","","0","4,S","17","4,S","","","","","","","20060224",",4,S","","","","","","","-4.5","4,S,24,","","","","","","","","","","","","","","","","","-1.01","4,,,S"
"AYM00088963","2006-03","-63.4","-56.983","24.0","BASE ESPERANZA, AY","","","","","23","1,S","16","1,S","0","1,S","","","0","4,S","23","4,S","","","","","","","20060320",",4,S","","","20060331",",1,S","","","-9.0","4,S,20,","","","13.0","1,,S,31,","","","","","","","114.7","1,,,S","","","","","-3.28","4,,,S"
"AYM00088963","2006-10","-63.4","-56.983","24.0","BASE ESPERANZA, AY","","","","","","","","","","","","","0","4,S","26","4,S","","","","","","","20061003",",4,S","","","","","","","-12.3","4,S,03,","","","","","","","","","","","","","","","","","-4.75","4,,,S"
"AYM00088963","2006-11","-63.4","-56.983","24.0","BASE ESPERANZA, AY","","","","","","","","","","","","","0","1,S","29","1,S","","","","","","","20061116",",1,S","","","","","","","-7.0","1,S,16,","","","","","","","","","","","","","","","","","-3.02","1,,,S"
"AYM00088963","2007-01","-63.4","-56.983","24.0","BASE ESPERANZA, AY","","","","","","","","","","","","","0","4,S","18","4,S","","","","","","","20070101",",4,S","","","","","","","-4.0","4,S,01,","","","","","","","","","","","","","","","","","-0.73","4,,,S"
"AYM00088963","2007-04","-63.4","-56.983","24.0","BASE ESPERANZA, AY","","","","","","","","","","","","","4","2,S","28","2,S","","","","","","","20070427",",2,S","","","","","","","-20.5","2,S,27,","","","","","","","","","","","","","","","","","-14.49","2,,,S"
"AYM00088963","2007-09","-63.4","-56.983","24.0","BASE ESPERANZA, AY","","","","","","","","","","","","","8","4,S","26","4,S","","","","","","","20070904",",4,S","","","","","","","-25.2","4,S,04,","","","","","","","","","","","","","","","","","-13.02","4,,,S"
"AYM00088963","2007-11","-63.4","-56.983","24.0","BASE ESPERANZA, AY","","","","","","","","","","","","","0","1,S","29","1,S","","","","","","","20071103",",1,S","","","","","","","-15.8","1,S,03,","","","","","","","","","","","","","","","","","-7.11","1,,,S"
"AYM00088963","2007-12","-63.4","-56.983","24.0","BASE ESPERANZA, AY","","","","","","","","","","","","","0","1,S","24","1,S","","","","","","","20071206",",1,S","","","","","","","-5.0","1,S,06,","","","","","","","","","","","","","","","","","-1.47","1,,,S"
"AYM00088963","2008-01","-63.4","-56.983","24.0","BASE ESPERANZA, AY","","","","","","","","","","","","","0","4,S","19","4,S","","","","","","","20080117","+,4,S","","","","","","","-4.0","4,S,17,+","","","","","","","","","","","","","","","","","-0.98","4,,,S"
"AYM00088963","2008-02","-63.4","-56.983","24.0","BASE ESPERANZA, AY","","","","","","","","","","","","","0","1,S","24","1,S","","","","","","","20080220",",1,S","","","","","","","-7.6","1,S,20,","","","","","","","","","","","","","","","","","-2.21","1,,,S"
"AYM00088963","2008-04","-63.4","-56.983","24.0","BASE ESPERANZA, AY","","","","","22","1,S","16","1,S","8","1,S","","","0","3,S","27","3,S","","","","","","","20080413",",3,S","","","20080418",",1,S","","","-16.8","3,S,13,","","","150.9","1,,S,18,","","","","","","","748.9","1,,,S","","","","","-11.87","3,,,S"
"AYM00088963","2008-07","-63.4","-56.983","24.0","BASE ESPERANZA, AY","","","","","","","","","","","","","","","","","20","5,S","0","5,S","0","5,S","","","","","","","20080724",",5,S","","","","","","","3.2","5,S,24,","","","","","","","","","-6.03","5,,,S","",""
"AYM00088963","2008-09","-63.4","-56.983","24.0","BASE ESPERANZA, AY","","","","","","","","","","","","","0","1,S","25","1,S","","","","","","","20080903",",1,S","","","","","","","-13.8","1,S,03,","","","","","","","","","","","","","","","","","-3.63","1,,,S"
"AYM00088963","2008-10","-63.4","-56.983","24.0","BASE ESPERANZA, AY","","","","","","","","","","","","","0","3,S","27","3,S","","","","","","","20081005",",3,S","","","","","","","-17.4","3,S,05,","","","","","","","","","","","","","","","","","-6.55","3,,,S"
"AYM00088963","2008-11","-63.4","-56.983","24.0","BASE ESPERANZA, AY","","","","","","","","","","","","","0",",S","28",",S","","","","","","","20081101",",,S","","","","","","","-14.9",",S,01,","","","","","","","","","","","","","","","","","-4.96",",,,S"
"AYM00088963","2008-12","-63.4","-56.983","24.0","BASE ESPERANZA, AY","","","","","","","","","","","","","0",",S","27",",S","","","","","","","20081207",",,S","","","","","","","-5.4",",S,07,","","","","","","","","","","","","","","","","","-1.66",",,,S"
"AYM00088963","2009-01","-63.4","-56.983","24.0","BASE ESPERANZA, AY","","","","","","","","","","","","","0","2,S","26","2,S","","","","","","","20090113",",2,S","","","","","","","-6.6","2,S,13,","","","","","","","","","","","","","","","","","-1.70","2,,,S"
"AYM00088963","2009-02","-63.4","-56.983","24.0","BASE ESPERANZA, AY","","","","","","","","","","","","","0","4,S","22","4,S","","","","","","","20090205",",4,S","","","","","","","-8.0","4,S,05,","","","","","","","","","","","","","","","","","-3.29","4,,,S"
"AYM00088963","2009-03","-63.4","-56.983","24.0","BASE ESPERANZA, AY","","","","","","","","","","","","","0","3,S","25","3,S","","","","","","","20090329","+,3,S","","","","","","","-11.0","3,S,29,+","","","","","","","","","","","","","","","","","-4.27","3,,,S"
"AYM00088963","2009-04","-63.4","-56.983","24.0","BASE ESPERANZA, AY","","","","","","","","","","","","","3","4,S","26","4,S","","","","","","","20090422",",4,S","","","","","","","-20.0","4,S,22,","","","","","","","","","","","","","","","","","-11.25","4,,,S"
"AYM00088963","2009-09","-63.4","-56.983","24.0","BASE ESPERANZA, AY","","","","","","","","","","","","","2","5,S","25","5,S","","","","","","","20090903",",5,S","","","","","","","-19.5","5,S,03,","","","","","","","","","","","","","","","","","-11.96","5,,,S"
"AYM00088963","2009-10","-63.4","-56.983","24.0","BASE ESPERANZA, AY","","","","","","","","","","","","","1","3,S","28","3,S","","","","","","","20091003",",3,S","","","","","","","-18.0","3,S,03,","","","","","","","","","","","","","","","","","-8.86","3,,,S"
"AYM00088963","2009-11","-63.4","-56.983","24.0","BASE ESPERANZA, AY","","","","","","","","","","","","","0","3,S","27","3,S","","","","","","","20091101",",3,S","","","","","","","-14.5","3,S,01,","","","","","","","","","","","","","","","","","-5.67","3,,,S"
"AYM00088963","2009-12","-63.4","-56.983","24.0","BASE ESPERANZA, AY","","","","","","","","","","","","","0","5,S","24","5,S","","","","","","","20091202",",5,S","","","","","","","-8.0","5,S,02,","","","","","","","","","","","","","","","","","-3.41","5,,,S"
"AYM00088963","2010-01","-63.4","-56.983","24.0","BASE ESPERANZA, AY","","","","","","","","","","","","","0","1,S","29","1,S","","","","","","","20100113",",1,S","","","","","","","-6.5","1,S,13,","","","","","","","","","","","","","","","","","-3.16","1,,,S"
"AYM00088963","2010-04","-63.4","-56.983","24.0","BASE ESPERANZA, AY","","","","","","","","","","","","","5","5,S","25","5,S","","","","","","","20100424",",5,S","","","","","","","-22.0","5,S,24,","","","","","","","","","","","","","","","","","-12.87","5,,,S"
"AYM00088963","2010-06","-63.4","-56.983","24.0","BASE ESPERANZA, AY","","","","","","","","","","","","","","","","","8","5,S","0","5,S","0","5,S","","","","","","","20100609",",5,S","","","","","","","6.0","5,S,09,","","","","","","","","","0.89","5,,,S","",""
"AYM00088963","2010-10","-63.4","-56.983","24.0","BASE ESPERANZA, AY","","","","","","","","","","","","","0","1,S","28","1,S","","","","","","","20101014",",1,S","","","","","","","-11.0","1,S,14,","","","","","","","","","","","","","","","","","-2.89","1,,,S"
"AYM00088963","2010-11","-63.4","-56.983","24.0","BASE ESPERANZA, AY","","","","","","","","","","","","","0","4,S","18","4,S","","","","","","","20101124",",4,S","","","","","","","-4.0","4,S,24,","","","","","","","","","","","","","","","","","-0.74","4,,,S"
"AYM00088963","2010-12","-63.4","-56.983","24.0","BASE ESPERANZA, AY","","","","","8","5,S","2","5,S","0","5,S","","","0",",S","29",",S","","","","","","","20101207",",,S","","","20101220",",5,S","","","-6.5",",S,07,","","","10.9","5,,S,20,","","","","","","","20.3","5,,,S","","","","","-2.47",",,,S"
"AYM00088963","2011-01","-63.4","-56.983","24.0","BASE ESPERANZA, AY","","","","","","","","","","","","","0","4,S","21","4,S","","","","","","","20110111",",4,S","","","","","","","-2.6","4,S,11,","","","","","","","","","","","","","","","","","-0.82","4,,,S"
"AYM00088963","2011-02","-63.4","-56.983","24.0","BASE ESPERANZA, AY","","","","","","","","","","","","","0","3,S","15","3,S","","","","","","","20110209","+,3,S","","","","","","","-2.2","3,S,09,+","","","","","","","","","","","","","","","","","-0.14","3,,,S"
"AYM00088963","2011-08","-63.4","-56.983","24.0","BASE ESPERANZA, AY","","","","","","","","","","","","","8","5,S","26","5,S","","","","","","","20110801",",5,S","","","","","","","-24.5","5,S,01,","","","","","","","","","","","","","","","","","-13.70","5,,,S"
"AYM00088963","2011-12","-63.4","-56.983","24.0","BASE ESPERANZA, AY","","","","","","","","","","","","","0","3,S","16","3,S","","","","","","","20111201",",3,S","","","","","","","-3.0","3,S,01,","","","","","","","","","","","","","","","","","0.02","3,,,S"
"AYM00088963","2012-01","-63.4","-56.983","24.0","BASE ESPERANZA, AY","","","","","","","","","","","","","0","2,S","23","2,S","","","","","","","20120130",",2,S","","","","","","","-2.6","2,S,30,","","","","","","","","","","","","","","","","","-0.56","2,,,S"
"AYM00088963","2012-02","-63.4","-56.983","24.0","BASE ESPERANZA, AY","","","","","","","","","","","","","0","4,S","22","4,S","","","","","","","20120219",",4,S","","","","","","","-9.5","4,S,19,","","","","","","","","","","","","","","","","","-3.20","4,,,S"
"AYM00088963","2012-04","-63.4","-56.983","24.0","BASE ESPERANZA, AY","","","","","","","","","","","","","5","5,S","25","5,S","","","","","","","20120421","+,5,S","","","","","","","-19.4","5,S,21,+","","","","","","","","","","","","","","","","","-12.32","5,,,S"
"AYM00088963","2012-05","-63.4","-56.983","24.0","BASE ESPERANZA, AY","","","","","20","4,S","6","4,S","0","4,S","","","","","","","","","","","","","","","","","20120520",",4,S","","","","","","","6.1","4,,S,20,","","","","","","","44.2","4,,,S","","","","","",""
"AYM00088963","2012-12","-63.4","-56.983","24.0","BASE ESPERANZA, AY","","","","","","","","","","","","","0","3,S","28","3,S","","","","","","","20121205",",3,S","","","","","","","-7.2","3,S,05,","","","","","","","","","","","","","","","","","-3.51","3,,,S"
"AYM00088963","2013-02","-63.4","-56.983","24.0","BASE ESPERANZA, AY","","","","","","","","","","","","","0","5,S","20","5,S","","","","","","","20130219",",5,S","","","","","","","-9.0","5,S,19,","","","","","","","","","","","","","","","","","-2.41","5,,,S"
"AYM00088963","2013-04","-63.4","-56.983","24.0","BASE ESPERANZA, AY","","","","","19","2,S","5","2,S","0","2,S","","","","","","","","","","","","","","","","","20130422",",2,S","","","","","","","7.1","2,,S,22,","","","","","","","37.9","2,,,S","","","","","",""
"AYM00088963","2013-06","-63.4","-56.983","24.0","BASE ESPERANZA, AY","","","","","19","2,S","5","2,S","0","2,S","","","","","","","","","","","","","","","","","20130606",",2,S","","","","","","","9.9","2,,S,06,","","","","","","","42.1","2,,,S","","","","","",""
"AYM00088963","2013-11","-63.4","-56.983","24.0","BASE ESPERANZA, AY","","","","","15","4,S","3","4,S","0","4,S","","","0","4,S","24","4,S","","","","","","","20131108",",4,S","","","20131102",",4,S","","","-9.3","4,S,08,","","","6.1","4,,S,02,","","","","","","","19.3","4,,,S","","","","","-3.85","4,,,S"
"AYM00088963","2014-01","-63.4","-56.983","24.0","BASE ESPERANZA, AY","","","","","","","","","","","","","0","1,S","29","1,S","","","","","","","20140108","+,1,S","","","","","","","-4.7","1,S,08,+","","","","","","","","","","","","","","","","","-2.19","1,,,S"
"AYM00088963","2014-02","-63.4","-56.983","24.0","BASE ESPERANZA, AY","","","","","","","","","","","","","0","2,S","21","2,S","","","","","","","20140208",",2,S","","","","","","","-11.7","2,S,08,","","","","","","","","","","","","","","","","","-3.83","2,,,S"
"AYM00088963","2014-03","-63.4","-56.983","24.0","BASE ESPERANZA, AY","","","","","","","","","","","","","1","3,S","26","3,S","","","","","","","20140325",",3,S","","","","","","","-18.2","3,S,25,","","","","","","","","","","","","","","","","","-8.45","3,,,S"
"AYM00088963","2014-05","-63.4","-56.983","24.0","BASE ESPERANZA, AY","","","","","","","","","","","28","3,","2","3,S","28","3,S","","","","","","","20140530",",3,S","20140502",",3,S","","","","","-20.8","3,S,30,","231","3,,S,02,","","","","","","","","","","","","","","","-12.00","3,,,S"
"AYM00088963","2014-06","-63.4","-56.983","24.0","BASE ESPERANZA, AY","","","","","","","","","","","25","5,","","","","","","","","","","","","","20140630",",5,S","","","","","","","259","5,,S,30,","","","","","","","","","","","","","","","",""
"AYM00088963","2014-07","-63.4","-56.983","24.0","BASE ESPERANZA, AY","","","","","","","","","","","29","2,","","","","","","","","","","","","","20140720",",2,S","","","","","","","541","2,,S,20,","","","","","","","","","","","","","","","",""
"AYM00088963","2014-08","-63.4","-56.983","24.0","BASE ESPERANZA, AY","","","","","","","","","","","27","4,","","","","","","","","","","","","","20140820","+,4,S","","","","","","","541","4,,S,20,+","","","","","","","","","","","","","","","",""
"AYM00088963","2014-09","-63.4","-56.983","24.0","BASE ESPERANZA, AY","","","","","","","","","","","25","5,","","","","","","","","","","","","","20140904","+,5,S","","","","","","","589","5,,S,04,+","","","","","","","","","","","","","","","",""
"AYM00088963","2014-10","-63.4","-56.983","24.0","BASE ESPERANZA, AY","","","","","","","","","","","27","4,","","","","","","","","","","","","","20141028","+,4,S","","","","","","","450","4,,S,28,+","","","","","","","","","","","","","","","",""
"AYM00088963","2014-11","-63.4","-56.983","24.0","BASE ESPERANZA, AY","","","","","","","","","","","29","1,","0","1,S","28","1,S","","","","","","","20141120","+,1,S","20141120",",1,S","","","","","-12.7","1,S,20,+","470","1,,S,20,","","","","","","","","","","","","","","","-6.83","1,,,S"
"AYM00088963","2014-12","-63.4","-56.983","24.0","BASE ESPERANZA, AY","","","","","","","","","","","","","0","1,S","29","1,S","","","","","","","20141202",",1,S","","","","","","","-6.6","1,S,02,","","","","","","","","","","","","","","","","","-3.29","1,,,S"
"AYM00088963","2015-01","-63.4","-56.983","24.0","BASE ESPERANZA, AY","","","","","","","","","","","","","0","1,S","24","1,S","","","","","","","20150102",",1,S","","","","","","","-7.4","1,S,02,","","","","","","","","","","","","","","","","","-2.31","1,,,S"
"AYM00088963","2015-02","-63.4","-56.983","24.0","BASE ESPERANZA, AY","","","","","","","","","","","","","0","4,S","18","4,S","","","","","","","20150227",",4,S","","","","","","","-13.2","4,S,27,","","","","","","","","","","","","","","","","","-2.24","4,,,S"
"AYM00088963","2015-03","-63.4","-56.983","24.0","BASE ESPERANZA, AY","","","","","","","","","","","","","0","3,S","26","3,S","","","","","","","20150315",",3,S","","","","","","","-11.7","3,S,15,","","","","","","","","","","","","","","","","","-5.65","3,,,S"
"AYM00088963","2015-04","-63.4","-56.983","24.0","BASE ESPERANZA, AY","","","","","","","","","","","","","0","2,S","26","2,S","","","","","","","20150402",",2,S","","","","","","","-13.2","2,S,02,","","","","","","","","","","","","","","","","","-6.82","2,,,S"
"AYM00088963","2015-07","-63.4","-56.983","24.0","BASE ESPERANZA, AY","","","","","","","","","","","","","15","5,S","26","5,S","","","","","","","20150712",",5,S","","","","","","","-25.2","5,S,12,","","","","","","","","","","","","","","","","","-17.20","5,,,S"
"AYM00088963","2015-08","-63.4","-56.983","24.0","BASE ESPERANZA, AY","","","","","","","","","","","29","2,","8","4,S","27","4,S","","","","","","","20150816",",4,S","20150816",",2,S","","","","","-26.2","4,S,16,","150","2,,S,16,","","","","","","","","","","","","","","","-13.60","4,,,S"
"AYM00088963","2015-09","-63.4","-56.983","24.0","BASE ESPERANZA, AY","","","","","","","","","","","19",",","13","4,S","26","4,S","","","","","","","20150909",",4,S","20150908",",,S","","","","","-24.6","4,S,09,","249",",,S,08,","","","","","","","","","","","","","","","-17.40","4,,,S"
"AYM00088963","2015-11","-63.4","-56.983","24.0","BASE ESPERANZA, AY","","","","","","","","","","","","","0","5,S","23","5,S","","","","","","","20151104",",5,S","","","","","","","-12.6","5,S,04,","","","","","","","","","","","","","","","","","-5.70","5,,,S"
"AYM00088963","2015-12","-63.4","-56.983","24.0","BASE ESPERANZA, AY","","","","","","","","","","","","","0","1,S","29","1,S","","","","","","","20151226","+,1,S","","","","","","","-3.7","1,S,26,+","","","","","","","","","","","","","","","","","-1.24","1,,,S"
"AYM00088963","2016-01","-63.4","-56.983","24.0","BASE ESPERANZA, AY","","","","","","","","","","","","","0","1,S","23","1,S","","","","","","","20160112",",1,S","","","","","","","-5.4","1,S,12,","","","","","","","","","","","","","","","","","-1.84","1,,,S"
"AYM00088963","2016-02","-63.4","-56.983","24.0","BASE ESPERANZA, AY","","","","","","","","","","","","","0","1,S","23","1,S","","","","","","","20160217",",1,S","","","","","","","-9.2","1,S,17,","","","","","","","","","","","","","","","","","-1.85","1,,,S"
"AYM00088963","2016-03","-63.4","-56.983","24.0","BASE ESPERANZA, AY","","","","","","","","","","","","","0","4,S","20","4,S","","","","","","","20160312","+,4,S","","","","","","","-9.2","4,S,12,+","","","","","","","","","","","","","","","","","-2.95","4,,,S"
"AYM00088963","2016-04","-63.4","-56.983","24.0","BASE ESPERANZA, AY","","","","","11","3,S","3","3,S","0","3,S","","","4","4,S","26","4,S","","","","","","","20160420",",4,S","","","20160406",",3,S","","","-24.1","4,S,20,","","","15.0","3,,S,06,","","","","","","","29.2","3,,,S","","","","","-9.87","4,,,S"
"AYM00088963","2016-06","-63.4","-56.983","24.0","BASE ESPERANZA, AY","","","","","","","","","","","","","","","","","12","4,S","0","4,S","0","4,S","","","","","","","20160601",",4,S","","","","","","","12.9","4,S,01,","","","","","","","","","1.15","4,,,S","",""
"AYM00088963","2016-07","-63.4","-56.983","24.0","BASE ESPERANZA, AY","","","","","","","","","","","","","2","5,S","26","5,S","","","","","","","20160706",",5,S","","","","","","","-19.2","5,S,06,","","","","","","","","","","","","","","","","","-11.65","5,,,S"
"AYM00088963","2016-08","-63.4","-56.983","24.0","BASE ESPERANZA, AY","","","","","","","","","","","","","13","2,S","29","2,S","","","","","","","20160820",",2,S","","","","","","","-23.9","2,S,20,","","","","","","","","","","","","","","","","","-16.34","2,,,S"
"AYM00088963","2016-09","-63.4","-56.983","24.0","BASE ESPERANZA, AY","","","","","","","","","","","","","2","3,S","23","3,S","","","","","","","20160902",",3,S","","","","","","","-18.7","3,S,02,","","","","","","","","","","","","","","","","","-4.70","3,,,S"
"AYM00088963","2016-10","-63.4","-56.983","24.0","BASE ESPERANZA, AY","","","","","","","","","","","","","0","3,S","23","3,S","","","","","","","20161016",",3,S","","","","","","","-13.5","3,S,16,","","","","","","","","","","","","","","","","","-3.74","3,,,S"
"AYM00088963","2016-11","-63.4","-56.983","24.0","BASE ESPERANZA, AY","","","","","","","","","","","","","0","3,S","22","3,S","","","","","","","20161114",",3,S","","","","","","","-7.9","3,S,14,","","","","","","","","","","","","","","","","","-2.60","3,,,S"
"AYM00088963","2016-12","-63.4","-56.983","24.0","BASE ESPERANZA, AY","","","","","12","5,S","4","5,S","0","5,S","","","0",",S","30",",S","","","","","","","20161231",",,S","","","20161218",",5,S","","","-5.1",",S,31,","","","11.9","5,,S,18,","","","","","","","32.6","5,,,S","","","","","-2.21",",,,S"
"AYM00088963","2017-01","-63.4","-56.983","24.0","BASE ESPERANZA, AY","","","","","21","4,S","6","4,S","0","4,S","","","0","1,S","26","1,S","","","","","","","20170106",",1,S","","","20170110",",4,S","","","-4.5","1,S,06,","","","8.9","4,,S,10,","","","","","","","52.5","4,,,S","","","","","-2.08","1,,,S"
"AYM00088963","2017-02","-63.4","-56.983","24.0","BASE ESPERANZA, AY","","","","","","","","","","","","","0","1,S","22","1,S","","","","","","","20170228",",1,S","","","","","","","-9.4","1,S,28,","","","","","","","","","","","","","","","","","-2.33","1,,,S"
"AYM00088963","2017-03","-63.4","-56.983","24.0","BASE ESPERANZA, AY","","","","","","","","","","","","","0","3,S","26","3,S","","","","","","","20170306","+,3,S","","","","","","","-11.1","3,S,06,+","","","","","","","","","","","","","","","","","-3.27","3,,,S"
"AYM00088963","2017-04","-63.4","-56.983","24.0","BASE ESPERANZA, AY","","","","","","","","","","","","","3","5,S","23","5,S","","","","","","","20170421",",5,S","","","","","","","-24.3","5,S,21,","","","","","","","","","","","","","","","","","-9.84","5,,,S"
"AYM00088963","2017-05","-63.4","-56.983","24.0","BASE ESPERANZA, AY","","","","","","","","","","","","","8","4,S","27","4,S","","","","","","","20170526",",4,S","","","","","","","-23.2","4,S,26,","","","","","","","","","","","","","","","","","-11.80","4,,,S"
"AYM00088963","2017-08","-63.4","-56.983","24.0","BASE ESPERANZA, AY","","","","","","","","","","","26","5,","","","","","","","","","","","","","20170807","+,5,S","","","","","","","300","5,,S,07,+","","","","","","","","","","","","","","","",""
"AYM00088963","2017-09","-63.4","-56.983","24.0","BASE ESPERANZA, AY","","","","","","","","","","","27","3,","8","5,S","25","5,S","","","","","","","20170903",",5,S","20170927","+,3,S","","","","","-27.8","5,S,03,","300","3,,S,27,+","","","","","","","","","","","","","","","-13.12","5,,,S"
"AYM00088963","2017-10","-63.4","-56.983","24.0","BASE ESPERANZA, AY","","","","","","","","","","","29","2,","0","2,S","29","2,S","","","","","","","20171020","+,2,S","20171031","+,2,S","","","","","-16.1","2,S,20,+","450","2,,S,31,+","","","","","","","","","","","","","","","-10.01","2,,,S"
"AYM00088963","2017-11","-63.4","-56.983","24.0","BASE ESPERANZA, AY","","","","","","","","","","","","","0","3,S","25","3,S","","","","","","","20171103",",3,S","","","","","","","-13.2","3,S,03,","","","","","","","","","","","","","","","","","-4.79","3,,,S"
"AYM00088963","2017-12","-63.4","-56.983","24.0","BASE ESPERANZA, AY","","","","","","","","","","","","","0","1,S","29","1,S","","","","","","","20171215",",1,S","","","","","","","-4.6","1,S,15,","","","","","","","","","","","","","","","","","-2.08","1,,,S"
"AYM00088963","2018-01","-63.4","-56.983","24.0","BASE ESPERANZA, AY","","","","","","","","","","","","","0","1,S","28","1,S","","","","","","","20180107",",1,S","","","","","","","-3.6","1,S,07,","","","","","","","","","","","","","","","","","-1.90","1,,,S"
"AYM00088963","2018-02","-63.4","-56.983","24.0","BASE ESPERANZA, AY","","","","","","","","","","","","","0","1,S","23","1,S","","","","","","","20180227",",1,S","","","","","","","-6.2","1,S,27,","","","","","","","","","","","","","","","","","-1.79","1,,,S"
"AYM00088963","2018-03","-63.4","-56.983","24.0","BASE ESPERANZA, AY","","","","","20","2,S","7","2,S","0","2,S","","","0","3,S","25","3,S","","","","","","","20180318","+,3,S","","","20180313",",2,S","","","-13.3","3,S,18,+","","","9.9","2,,S,13,","","","","","","","61.7","2,,,S","","","","","-5.91","3,,,S"
"AYM00088963","2018-04","-63.4","-56.983","24.0","BASE ESPERANZA, AY","","","","","15","5,S","8","5,S","0","5,S","","","2","5,S","24","5,S","","","","","","","20180430",",5,S","","","20180410",",5,S","","","-18.4","5,S,30,","","","9.9","5,,S,10,","","","","","","","57.3","5,,,S","","","","","-8.30","5,,,S"
"AYM00088963","2018-06","-63.4","-56.983","24.0","BASE ESPERANZA, AY","","","","","","","","","","","","","10","5,S","23","5,S","","","","","","","20180630",",5,S","","","","","","","-28.9","5,S,30,","","","","","","","","","","","","","","","","","-13.57","5,,,S"
"AYM00088963","2018-07","-63.4","-56.983","24.0","BASE ESPERANZA, AY","","","","","","","","","","","","","8","5,S","26","5,S","","","","","","","20180701",",5,S","","","","","","","-29.1","5,S,01,","","","","","","","","","","","","","","","","","-12.53","5,,,S"
"AYM00088963","2018-08","-63.4","-56.983","24.0","BASE ESPERANZA, AY","","","","","15","3,S","4","3,S","0","3,S","","","","","","","","","","","","","","","","","20180817","+,3,S","","","","","","","6.1","3,,S,17,+","","","","","","","26.4","3,,,S","","","","","",""
"AYM00088963","2018-10","-63.4","-56.983","24.0","BASE ESPERANZA, AY","","","","","","","","","","","","","0","3,S","28","3,S","","","","","","","20181015",",3,S","","","","","","","-15.2","3,S,15,","","","","","","","","","","","","","","","","","-6.98","3,,,S"
"AYM00088963","2018-11","-63.4","-56.983","24.0","BASE ESPERANZA, AY","","","","","","","","","","","","","0","1,S","27","1,S","","","","","","","20181119","+,1,S","","","","","","","-8.2","1,S,19,+","","","","","","","","","","","","","","","","","-3.54","1,,,S"
"AYM00088963","2018-12","-63.4","-56.983","24.0","BASE ESPERANZA, AY","","","","","","","","","","","","","0",",S","29",",S","","","","","","","20181218",",,S","","","","","","","-4.1",",S,18,","","","","","","","","","","","","","","","","","-1.52",",,,S"
"AYM00088963","2019-01","-63.4","-56.983","24.0","BASE ESPERANZA, AY","","","","","","","","","","","","","0","1,S","28","1,S","","","","","","","20190118",",1,S","","","","","","","-4.3","1,S,18,","","","","","","","","","","","","","","","","","-1.89","1,,,S"
"AYM00088963","2019-02","-63.4","-56.983","24.0","BASE ESPERANZA, AY","","","","","","","","","","","","","0","2,S","23","2,S","","","","","","","20190227",",2,S","","","","","","","-9.6","2,S,27,","","","","","","","","","","","","","","","","","-3.35","2,,,S"
"AYM00088963","2019-09","-63.4","-56.983","24.0","BASE ESPERANZA, AY","","","","","","","","","","","","","0","5,S","25","5,S","","","","","","","20190923",",5,S","","","","","","","-17.4","5,S,23,","","","","","","","","","","","","","","","","","-10.12","5,,,S"
"AYM00088963","2019-11","-63.4","-56.983","24.0","BASE ESPERANZA, AY","","","","","","","","","","","","","0","4,S","20","4,S","","","","","","","20191109",",4,S","","","","","","","-8.4","4,S,09,","","","","","","","","","","","","","","","","","-2.35","4,,,S"
"AYM00088963","2019-12","-63.4","-56.983","24.0","BASE ESPERANZA, AY","","","","","","","","","","","","","0","4,S","26","4,S","","","","","","","20191205",",4,S","","","","","","","-4.0","4,S,05,","","","","","","","","","","","","","","","","","-2.15","4,,,S"
"AYM00088963","2020-01","-63.4","-56.983","24.0","BASE ESPERANZA, AY","","","","","","","","","","","","","0","1,S","19","1,S","","","","","","","20200120","+,1,S","","","","","","","-2.2","1,S,20,+","","","","","","","","","","","","","","","","","-0.34","1,,,S"
"AYM00088963","2020-02","-63.4","-56.983","24.0","BASE ESPERANZA, AY","","","","","","","","","","","","","0","2,S","15","2,S","","","","","","","20200226",",2,S","","","","","","","-5.8","2,S,26,","","","","","","","","","","","","","","","","","-0.39","2,,,S"
"AYM00088963","2020-07","-63.4","-56.983","24.0","BASE ESPERANZA, AY","","","","","","","","","","","","","6","5,S","26","5,S","","","","","","","20200702",",5,S","","","","","","","-19.2","5,S,02,","","","","","","","","","","","","","","","","","-13.01","5,,,S"
"AYM00088963","2020-08","-63.4","-56.983","24.0","BASE ESPERANZA, AY","","","","","15","4,S","7","4,S","0","4,S","","","","","","","","","","","","","","","","","20200804",",4,S","","","","","","","15.0","4,,S,04,","","","","","","","64.0","4,,,S","","","","","",""
"AYM00088963","2020-10","-63.4","-56.983","24.0","BASE ESPERANZA, AY","","","","","","","","","","","","","1","3,S","26","3,S","","","","","","","20201001",",3,S","","","","","","","-18.2","3,S,01,","","","","","","","","","","","","","","","","","-9.63","3,,,S"
"AYM00088963","2020-11","-63.4","-56.983","24.0","BASE ESPERANZA, AY","","","","","","","","","","","","","0","5,S","21","5,S","","","","","","","20201103",",5,S","","","","","","","-4.8","5,S,03,","","","","","","","","","","","","","","","","","-1.57","5,,,S"
"AYM00088963","2020-12","-63.4","-56.983","24.0","BASE ESPERANZA, AY","","","","","","","","","","","","","0","2,S","16","2,S","","","","","","","20201203","+,2,S","","","","","","","-5.3","2,S,03,+","","","","","","","","","","","","","","","","","-0.28","2,,,S"
"AYM00088963","2021-01","-63.4","-56.983","24.0","BASE ESPERANZA, AY","","","","","","","","","","","","","0","4,S","16","4,S","","","","","","","20210127","+,4,S","","","","","","","-2.9","4,S,27,+","","","","","","","","","","","","","","","","","-0.25","4,,,S"
"AYM00088963","2021-02","-63.4","-56.983","24.0","BASE ESPERANZA, AY","","","","","","","","","","","","","0","5,S","11","5,S","","","","","","","20210226",",5,S","","","","","","","-4.6","5,S,26,","","","","","","","","","","","","","","","","","-0.10","5,,,S"
"AYM00088963","2021-03","-63.4","-56.983","24.0","BASE ESPERANZA, AY","","","","","16","4,S","8","4,S","0","4,S","","","0","2,S","24","2,S","","","","","","","20210313",",2,S","","","20210316",",4,S","","","-6.4","2,S,13,","","","22.1","4,,S,16,","","","","","","","80.7","4,,,S","","","","","-2.99","2,,,S"
"AYM00088963","2021-06","-63.4","-56.983","24.0","BASE ESPERANZA, AY","","","","","16","5,S","3","5,S","0","5,S","","","","","","","","","","","","","","","","","20210622",",5,S","","","","","","","8.9","5,,S,22,","","","","","","","24.1","5,,,S","","","","","",""
"AYM00088963","2021-07","-63.4","-56.983","24.0","BASE ESPERANZA, AY","","","","","","","","","","","16","4,","","","","","","","","","","","","","20210710",",4,S","","","","","","","300","4,,S,10,","","","","","","","","","","","","","","","",""
"AYM00088963","2021-08","-63.4","-56.983","24.0","BASE ESPERANZA, AY","","","","","12","4,S","5","4,S","0","4,S","15",",","","","","","","","","","","","","","20210806",",,S","20210825","+,4,S","","","","","150",",,S,06,","7.9","4,,S,25,+","","","","","","","34.2","4,,,S","","","","","",""
"AYM00088963","2021-09","-63.4","-56.983","24.0","BASE ESPERANZA, AY","","","","","17","4,S","8","4,S","0","4,S","14",",","0","5,S","25","5,S","","","","","","","20210902",",5,S","20210925","+,,S","20210923","+,4,S","","","-15.9","5,S,02,","61",",,S,25,+","6.1","4,,S,23,+","","","","","","","47.8","4,,,S","","","","","-6.38","5,,,S"
"AYM00088963","2021-10","-63.4","-56.983","24.0","BASE ESPERANZA, AY","","","","","17","1,S","6","1,S","0","1,S","31",",","0","4,S","26","4,S","","","","","","","20211004",",4,S","20211028","+,,S","20211023","+,1,S","","","-13.2","4,S,04,","180",",,S,28,+","4.1","1,,S,23,+","","","","","","","32.7","1,,,S","","","","","-5.50","4,,,S"
"AYM00088963","2021-11","-63.4","-56.983","24.0","BASE ESPERANZA, AY","","","","","","","","","","","15",",","0","3,S","19","3,S","","","","","","","20211121","+,3,S","20211123","+,,S","","","","","-5.5","3,S,21,+","71",",,S,23,+","","","","","","","","","","","","","","","-1.78","3,,,S"
"AYM00088963","2021-12","-63.4","-56.983","24.0","BASE ESPERANZA, AY","","","","","","","","","","","","","0","1,S","8","1,S","","","","","","","20211230",",1,S","","","","","","","-1.7","1,S,30,","","","","","","","","","","","","","","","","","0.49","1,,,S"
"AYM00088963","2022-01","-63.4","-56.983","24.0","BASE ESPERANZA, AY","","","","","","","","","","","","","0","2,S","17","2,S","","","","","","","20220115",",2,S","","","","","","","-2.0","2,S,15,","","","","","","","","","","","","","","","","","-0.04","2,,,S"
"AYM00088963","2022-02","-63.4","-56.983","24.0","BASE ESPERANZA, AY","","","","","","","","","","","","","0","1,S","16","1,S","","","","","","","20220220","+,1,S","","","","","","","-1.9","1,S,20,+","","","","","","","","","","","","","","","","","-0.33","1,,,S"
"AYM00088963","2022-03","-63.4","-56.983","24.0","BASE ESPERANZA, AY","","","","","14","3,S","5","3,S","0","3,S","","","0","4,S","20","4,S","","","","","","","20220316",",4,S","","","20220326","+,3,S","","","-9.4","4,S,16,","","","7.1","3,,S,26,+","","","","","","","32.8","3,,,S","","","","","-2.76","4,,,S"
"AYM00088963","2022-04","-63.4","-56.983","24.0","BASE ESPERANZA, AY","","","","","21","2,S","9","2,S","0","2,S","26","3,","1","4,S","26","4,S","","","","","","","20220428",",4,S","20220405","+,3,S","20220404",",2,S","","","-18.2","4,S,28,","351","3,,S,05,+","23.9","2,,S,04,","","","","","","","78.2","2,,,S","","","","","-9.63","4,,,S"
"AYM00088963","2022-05","-63.4","-56.983","24.0","BASE ESPERANZA, AY","","","","","21","4,S","3","4,S","0","4,S","31",",","","","","","","","","","","","","","20220510",",,S","20220510",",4,S","","","","","630",",,S,10,","9.9","4,,S,10,","","","","","","","43.0","4,,,S","","","","","",""
"AYM00088963","2022-06","-63.4","-56.983","24.0","BASE ESPERANZA, AY","","","","","","","","","","","26","2,","","","","","10","5,S","0","5,S","0","5,S","","","20220616",",2,S","","","20220625","+,5,S","","","450","2,,S,16,","","","6.0","5,S,25,+","","","","","","","","","-1.92","5,,,S","",""
"AYM00088963","2022-07","-63.4","-56.983","24.0","BASE ESPERANZA, AY","","","","","","","","","","","31",",","","","","","","","","","","","","","20220719",",,S","","","","","","","500",",,S,19,","","","","","","","","","","","","","","","",""
"AYM00088963","2022-08","-63.4","-56.983","24.0","BASE ESPERANZA, AY","","","","","14","5,S","5","5,S","0","5,S","30","1,","","","","","","","","","","","","","20220802",",1,S","20220824",",5,S","","","","","320","1,,S,02,","4.1","5,,S,24,","","","","","","","25.4","5,,,S","","","","","",""
"AYM00088963","2022-09","-63.4","-56.983","24.0","BASE ESPERANZA, AY","","","","","20","4,S","5","4,S","0","4,S","30",",","1","4,S","25","4,S","","","","","","","20220907",",4,S","20220909",",,S","20220912",",4,S","","","-20.1","4,S,07,","391",",,S,09,","5.1","4,,S,12,","","","","","","","33.5","4,,,S","","","","","-6.95","4,,,S"
"AYM00088963","2022-10","-63.4","-56.983","24.0","BASE ESPERANZA, AY","","","","","","","","","","","31",",","0","4,S","27","4,S","","","","","","","20221029","+,4,S","20221010",",,S","","","","","-11.1","4,S,29,+","391",",,S,10,","","","","","","","","","","","","","","","-5.44","4,,,S"
"AYM00088963","2022-11","-63.4","-56.983","24.0","BASE ESPERANZA, AY","","","","","17","5,S","2","5,S","0","5,S","","","0","2,S","25","2,S","","","","","","","20221101",",2,S","","","20221101",",5,S","","","-14.1","2,S,01,","","","4.1","5,,S,01,","","","","","","","18.3","5,,,S","","","","","-1.68","2,,,S"
"AYM00088963","2022-12","-63.4","-56.983","24.0","BASE ESPERANZA, AY","","","","","","","","","","","","","0","1,S","25","1,S","","","","","","","20221212",",1,S","","","","","","","-4.6","1,S,12,","","","","","","","","","","","","","","","","","-1.34","1,,,S"
"AYM00088963","2023-01","-63.4","-56.983","24.0","BASE ESPERANZA, AY","","","","","","","","","","","","","0","4,S","13","4,S","","","","","","","20230131","+,4,S","","","","","","","-2.4","4,S,31,+","","","","","","","","","","","","","","","","","0.08","4,,,S"
"AYM00088963","2023-02","-63.4","-56.983","24.0","BASE ESPERANZA, AY","","","","","","","","","","","","","0","1,S","18","1,S","","","","","","","20230226",",1,S","","","","","","","-7.0","1,S,26,","","","","","","","","","","","","","","","","","-1.19","1,,,S"
"AYM00088963","2023-03","-63.4","-56.983","24.0","BASE ESPERANZA, AY","","","","","","","","","","","","","0","3,S","24","3,S","","","","","","","20230329",",3,S","","","","","","","-8.4","3,S,29,","","","","","","","","","","","","","","","","","-2.22","3,,,S"
"AYM00088963","2023-04","-63.4","-56.983","24.0","BASE ESPERANZA, AY","","","","","","","","","","","","","0","5,S","18","5,S","","","","","","","20230430",",5,S","","","","","","","-12.0","5,S,30,","","","","","","","","","","","","","","","","","-5.54","5,,,S"
"AYM00088963","2023-05","-63.4","-56.983","24.0","BASE ESPERANZA, AY","","","","","12","4,S","8","4,S","0","4,S","30","1,","0","4,S","27","4,S","","","","","","","20230506",",4,S","20230502",",1,S","20230516",",4,S","","","-16.0","4,S,06,","450","1,,S,02,","24.9","4,,S,16,","","","","","","","87.7","4,,,S","","","","","-7.69","4,,,S"
"AYM00088963","2023-06","-63.4","-56.983","24.0","BASE ESPERANZA, AY","","","","","","","","","","","29","1,","","","","","20","4,S","0","4,S","0","4,S","","","20230619",",1,S","","","20230601",",4,S","","","650","1,,S,19,","","","5.1","4,S,01,","","","","","","","","","-6.60","4,,,S","",""
"AYM00088963","2023-07","-63.4","-56.983","24.0","BASE ESPERANZA, AY","","","","","","","","","","","28","3,","","","","","","","","","","","","","20230730","+,3,S","","","","","","","500","3,,S,30,+","","","","","","","","","","","","","","","",""
"AYM00088963","2023-08","-63.4","-56.983","24.0","BASE ESPERANZA, AY","","","","","","","","","","","28","3,","3","5,S","26","5,S","","","","","","","20230804",",5,S","20230823",",3,S","","","","","-18.6","5,S,04,","701","3,,S,23,","","","","","","","","","","","","","","","-10.89","5,,,S"
"AYM00088963","2023-09","-63.4","-56.983","24.0","BASE ESPERANZA, AY","","","","","","","","","","","26","4,","10","5,S","25","5,S","","","","","","","20230905",",5,S","20230901",",4,S","","","","","-24.8","5,S,05,","650","4,,S,01,","","","","","","","","","","","","","","","-15.43","5,,,S"
"AYM00088963","2023-10","-63.4","-56.983","24.0","BASE ESPERANZA, AY","","","","","","","","","","","30","1,","1","4,S","27","4,S","","","","","","","20231008",",4,S","20231019",",1,S","","","","","-18.2","4,S,08,","500","1,,S,19,","","","","","","","","","","","","","","","-10.44","4,,,S"
"AYM00088963","2023-11","-63.4","-56.983","24.0","BASE ESPERANZA, AY","","","","","","","","","","","30",",","0","1,S","28","1,S","","","","","","","20231127",",1,S","20231121",",,S","","","","","-7.2","1,S,27,","500",",,S,21,","","","","","","","","","","","","","","","-3.61","1,,,S"
"AYM00088963","2023-12","-63.4","-56.983","24.0","BASE ESPERANZA, AY","","","","","","","","","","","","","0","1,S","27","1,S","","","","","","","20231204",",1,S","","","","","","","-4.0","1,S,04,","","","","","","","","","","","","","","","","","-1.48","1,,,S"
"AYM00088963","2024-01","-63.4","-56.983","24.0","BASE ESPERANZA, AY","","","","","","","","","","","","","0","3,S","24","3,S","","","","","","","20240123",",3,S","","","","","","","-3.7","3,S,23,","","","","","","","","","","","","","","","","","-1.40","3,,,S"
"AYM00088963","2024-02","-63.4","-56.983","24.0","BASE ESPERANZA, AY","","","","","","","","","","","","","0",",S","17",",S","","","","","","","20240224",",,S","","","","","","","-3.2",",S,24,","","","","","","","","","","","","","","","","","-0.51",",,,S"
"AYM00088963","2024-05","-63.4","-56.983","24.0","BASE ESPERANZA, AY","","","","","","","","","","","","","2","5,S","26","5,S","","","","","","","20240530",",5,S","","","","","","","-23.5","5,S,30,","","","","","","","","","","","","","","","","","-11.29","5,,,S"
"AYM00088963","2024-09","-63.4","-56.983","24.0","BASE ESPERANZA, AY","","","","","","","","","","","29","1,","7","4,S","26","4,S","","","","","","","20240923",",4,S","20240909",",1,S","","","","","-22.5","4,S,23,","500","1,,S,09,","","","","","","","","","","","","","","","-14.42","4,,,S"
"AYM00088963","2024-10","-63.4","-56.983","24.0","BASE ESPERANZA, AY","","","","","","","","","","","","","2","3,S","28","3,S","","","","","","","20241007",",3,S","","","","","","","-18.1","3,S,07,","","","","","","","","","","","","","","","","","-10.76","3,,,S"
"AYM00088963","2024-12","-63.4","-56.983","24.0","BASE ESPERANZA, AY","","","","","","","","","","","","","0","4,S","19","4,S","","","","","","","20241202",",4,S","","","","","","","-5.0","4,S,02,","","","","","","","","","","","","","","","","","-1.44","4,,,S"
"AYM00088963","2025-01","-63.4","-56.983","24.0","BASE ESPERANZA, AY","","","0.0","2,2","","","","","","","","","0","1,2","16","1,2","1","1,2","0","1,2","0","1,2","20250130",",1,2","","","","","20250123",",1,2","-2.2","1,2,30,","","","","","12.1","1,2,23,","460.2","2","460.2","1,2","","","2.45","2,2","4.41","1,,,2","0.48","1,,,2"
"AYM00088963","2025-02","-63.4","-56.983","24.0","BASE ESPERANZA, AY","","","0.0","2,2","","","","","","","","","0","1,2","23","1,2","9","1,2","0","1,2","0","1,2","20250228",",1,2","","","","","20250201",",1,2","-7.4","1,2,28,","","","","","6.0","1,2,01,","961.1","2","500.9","1,2","","","-1.02","2,2","0.78","1,,,2","-2.81","1,,,2"
"AYM00088963","2025-03","-63.4","-56.983","24.0","BASE ESPERANZA, AY","","","0.0","4,2","","","","","","","","","0","2,2","24","2,2","7","2,2","0","2,2","0","2,2","20250326","+,2,2","","","","","20250302",",2,2","-10.4","2,2,26,+","","","","","6.0","2,2,02,","1472.5","2","511.4","2,2","","","-0.69","4,2","1.70","2,,,2","-3.07","2,,,2"
"AYM00088963","2025-04","-63.4","-56.983","24.0","BASE ESPERANZA, AY","","","0.0","2,2","","","","","","","","","0","1,2","15","1,2","3","1,2","0","1,2","0","1,2","20250401",",1,2","","","","","20250408",",1,2","-8.9","1,2,01,","","","","","7.6","1,2,08,","1953.5","2","481.0","1,2","","","1.19","2,2","3.22","1,,,2","-0.83","1,,,2"
"AYM00088963","2025-05","-63.4","-56.983","24.0","BASE ESPERANZA, AY","","","0.0",",2","","","","","","","22","5,","1",",2","29",",2","22",",2","0",",2","0",",2","20250519",",,2","20250514",",5,2","","","20250501",",,2","-18.3",",2,19,","200","5,,2,14,","","","3.5",",2,01,","2694.5","2","741.0",",2","","","-5.57",",2","-3.24",",,,2","-7.90",",,,2"
"AYM00088963","2025-06","-63.4","-56.983","24.0","BASE ESPERANZA, AY","","","","","","","","","","","21","2,","","","","","","","","","","","","","20250623",",2,2","","","","","","","150","2,,2,23,","","","","","","","","","","","","","","","",""
"AYM00088963","2025-07","-63.4","-56.983","24.0","BASE ESPERANZA, AY","","","","","","","","","","","29","2,","1","5,2","24","5,2","11","5,2","0","5,2","0","5,2","20250724",",5,2","20250720",",2,2","","","20250707","+,5,2","-19.4","5,2,24,","430","2,,2,20,","","","5.2","5,2,07,+","","","","","","","-3.53","8,2","-0.62","5,,,2","-6.45","5,,,2"
"AYM00088963","2025-09","-63.4","-56.983","24.0","BASE ESPERANZA, AY","","","","","","","","","","","27","3,","","","","","12","5,2","0","5,2","0","5,2","","","20250929","+,3,2","","","20250924",",5,2","","","150","3,,2,29,+","","","4.7","5,2,24,","","","","","","","","","-1.36","5,,,2","",""
"AYM00088963","2025-10","-63.4","-56.983","24.0","BASE ESPERANZA, AY","","","","","","","","","","","27","3,","0","3,2","26","3,2","21","3,2","0","3,2","0","3,2","20251007",",3,2","20251004","+,3,2","","","20251029",",3,2","-16.0","3,2,07,","300","3,,2,04,+","","","8.7","3,2,29,","","","","","","","-6.04","6,2","-3.67","3,,,2","-8.41","3,,,2"
"AYM00088963","2025-11","-63.4","-56.983","24.0","BASE ESPERANZA, AY","","","0.0","4,2","","","","","","","","","0","2,2","28","2,2","22","2,2","0","2,2","0","2,2","20251118","+,2,2","","","","","20251106",",2,2","-7.7","2,2,18,+","","","","","5.0","2,2,06,","","","576.6","2,2","","","-3.72","4,2","-1.80","2,,,2","-5.64","2,,,2"
"AYM00088963","2025-12","-63.4","-56.983","24.0","BASE ESPERANZA, AY","","","0.0","2,2","","","","","","","","","0","1,2","29","1,2","3","1,2","0","1,2","0","1,2","20251226",",1,2","","","","","20251219",",1,2","-3.6","1,2,26,","","","","","8.3","1,2,19,","","","513.6","1,2","","","0.62","2,2","2.40","1,,,2","-1.17","1,,,2"
"AYM00088963","2026-01","-63.4","-56.983","24.0","BASE ESPERANZA, AY","","","0.0","2,2","","","","","","","","","0","1,2","16","1,2","0","1,2","0","1,2","0","1,2","20260118","+,1,2","","","","","20260130",",1,2","-3.1","1,2,18,+","","","","","11.7","1,2,30,","466.5","","466.5","1,2","","","2.28","2,2","4.73","1,,,2","-0.16","1,,,2"
"AYM00088963","2026-02","-63.4","-56.983","24.0","BASE ESPERANZA, AY","","","0.0","2,2","","","","","","","","","0","1,2","17","1,2","4","1,2","0","1,2","0","1,2","20260211",",1,2","","","","","20260225",",1,2","-6.7","1,2,11,","","","","","9.0","1,2,25,","923.2","","456.7","1,2","","","0.86","2,2","2.69","1,,,2","-0.96","1,,,2"
"AYM00088963","2026-04","-63.4","-56.983","24.0","BASE ESPERANZA, AY","","","","","","","","","","","","","0","5,2","19","5,2","","","","","","","20260423",",5,2","","","","","","","-13.9","5,2,23,","","","","","","","","","","","","","","","","","-5.48","5,,,2"
"AYM00088963","2026-05","-63.4","-56.983","24.0","BASE ESPERANZA, AY","","","0.0","5,2","","","","","","","30","1,","3","2,2","28","2,2","16","3,2","0","3,2","0","3,2","20260503",",2,2","20260504","+,1,2","","","20260528",",3,2","-20.6","2,2,03,","300","1,,2,04,+","","","8.7","3,2,28,","","","592.3","3,2","","","-4.70","5,2","-1.57","3,,,2","-7.83","2,,,2"
"AYM00088963","2026-07","-63.4","-56.983","24.0","BASE ESPERANZA, AY","","","","","","","","","","","31",",","8","4,2","27","4,2","18","5,2","0","5,2","0","5,2","20260731",",4,2","20260715",",,2","","","20260704",",5,2","-24.7","4,2,31,","250",",,2,15,","","","2.3","5,2,04,","","","","","","","-7.38","8,2","-3.08","5,,,2","-11.69","4,,,2"
