"STATION","DATE","LATITUDE","LONGITUDE","ELEVATION","NAME","CDSD","CDSD_ATTRIBUTES","CLDD","CLDD_ATTRIBUTES","DP01","DP01_ATTRIBUTES","DP10","DP10_ATTRIBUTES","DP1X","DP1X_ATTRIBUTES","DT00","DT00_ATTRIBUTES","DT32","DT32_ATTRIBUTES","DX32","DX32_ATTRIBUTES","DX70","DX70_ATTRIBUTES","DX90","DX90_ATTRIBUTES","DYNT","DYNT_ATTRIBUTES","DYXP","DYXP_ATTRIBUTES","DYXT","DYXT_ATTRIBUTES","EMNT","EMNT_ATTRIBUTES","EMXP","EMXP_ATTRIBUTES","EMXT","EMXT_ATTRIBUTES","HDSD","HDSD_ATTRIBUTES","HTDD","HTDD_ATTRIBUTES","PRCP","PRCP_ATTRIBUTES","TAVG","TAVG_ATTRIBUTES","TMAX","TMAX_ATTRIBUTES","TMIN","TMIN_ATTRIBUTES"
"AYM00089611","1969-03","-66.283","110.517","41.0","CASEY, AY","","","0.0","2,G","","","","","","","6","1,G","30","1,G","28","1,G","0","1,G","0","1,G","19690319","+,1,G","","","19690329",",1,G","-19.4","1,G,19,+","","","0.8","1,G,29,","","","807.3","1,G","","","-9.44","2,G","-6.27","1,,,G","-12.60","1,,,G"
"AYM00089611","1969-04","-66.283","110.517","41.0","CASEY, AY","","","","","","","","","","","10","4,G","26","4,G","26","4,G","0","4,G","0","4,G","19690409",",4,G","","","19690414",",4,G","-25.6","4,G,09,","","","-3.4","4,G,14,","","","","","","","-12.16","7,G","-8.02","4,,,G","-16.30","4,,,G"
"AYM00089611","1969-06","-66.283","110.517","41.0","CASEY, AY","","","0.0","5,G","","","","","","","20","2,G","28","2,G","27","3,G","0","3,G","0","3,G","19690603",",2,G","","","19690621",",3,G","-26.0","2,G,03,","","","-0.3","3,G,21,","","","838.4","3,G","","","-14.99","5,G","-10.19","3,,,G","-19.79","2,,,G"
"AYM00089611","1969-07","-66.283","110.517","41.0","CASEY, AY","","","","","","","","","","","22","4,G","27","4,G","27","4,G","0","4,G","0","4,G","19690708",",4,G","","","19690701",",4,G","-30.1","4,G,08,","","","-1.5","4,G,01,","","","","","","","-18.08","7,G","-13.84","4,,,G","-22.31","4,,,G"
"AYM00089611","1969-08","-66.283","110.517","41.0","CASEY, AY","","","0.0","2,G","","","","","","","29","1,G","30","1,G","30","1,G","0","1,G","0","1,G","19690816",",1,G","","","19690827",",1,G","-32.9","1,G,16,","","","-6.7","1,G,27,","","","1174.1","1,G","","","-22.10","2,G","-17.73","1,,,G","-26.47","1,,,G"
"AYM00089611","1969-09","-66.283","110.517","41.0","CASEY, AY","","","","","","","","","","","19","4,G","26","4,G","26","4,G","0","4,G","0","4,G","19690916",",4,G","","","19690928",",4,G","-30.3","4,G,16,","","","-6.1","4,G,28,","","","","","","","-17.91","6,G","-13.96","4,,,G","-21.86","4,,,G"
"AYM00089611","1969-10","-66.283","110.517","41.0","CASEY, AY","","","0.0",",G","","","","","","","9",",G","31",",G","31",",G","0",",G","0",",G","19691020",",,G","","","19691003",",,G","-22.5",",G,20,","","","-4.1",",G,03,","","","927.2",",G","","","-11.58",",G","-8.39",",,,G","-14.76",",,,G"
"AYM00089611","1969-11","-66.283","110.517","41.0","CASEY, AY","","","0.0",",G","","","","","","","0",",G","30",",G","25",",G","0",",G","0",",G","19691113",",,G","","","19691127",",,G","-17.3",",G,13,","","","2.9",",G,27,","","","776.9",",G","","","-7.57",",G","-4.05",",,,G","-11.08",",,,G"
"AYM00089611","1969-12","-66.283","110.517","41.0","CASEY, AY","","","0.0",",G","","","","","","","0",",G","31",",G","10",",G","0",",G","0",",G","19691204",",,G","","","19691214",",,G","-9.6",",G,04,","","","4.4",",G,14,","","","617.0",",G","","","-1.57",",G","0.93",",,,G","-4.07",",,,G"
"AYM00089611","1970-01","-66.283","110.517","41.0","CASEY, AY","","","0.0",",G","","","","","","","0",",G","30",",G","3",",G","0",",G","0",",G","19700117","+,,G","","","19700130",",,G","-6.3",",G,17,+","","","5.3",",G,30,","577.5","G","577.5",",G","","","-0.30",",G","1.85",",,,G","-2.45",",,,G"
"AYM00089611","1970-02","-66.283","110.517","41.0","CASEY, AY","","","0.0",",G","","","","","","","0",",G","28",",G","14",",G","0",",G","0",",G","19700214",",,G","","","19700201",",,G","-11.2",",G,14,","","","4.2",",G,01,","1161.8","G","584.3",",G","","","-2.54",",G","-0.20",",,,G","-4.88",",,,G"
"AYM00089611","1970-03","-66.283","110.517","41.0","CASEY, AY","","","0.0","5,G","","","","","","","2","3,G","28","3,G","28","3,G","0","3,G","0","3,G","19700328",",3,G","","","19700308",",3,G","-20.7","3,G,28,","","","-0.5","3,G,08,","1822.1","G","660.3","3,G","","","-7.25","5,G","-4.34","3,,,G","-10.16","3,,,G"
"AYM00089611","1970-04","-66.283","110.517","41.0","CASEY, AY","","","0.0","4,G","","","","","","","13","2,G","28","2,G","28","2,G","0","2,G","0","2,G","19700427",",2,G","","","19700407",",2,G","-22.7","2,G,27,","","","-2.3","2,G,07,","2632.2","G","810.1","2,G","","","-12.96","4,G","-9.61","2,,,G","-16.32","2,,,G"
"AYM00089611","1970-06","-66.283","110.517","41.0","CASEY, AY","","","0.0","2,G","","","","","","","20","1,G","29","1,G","29","1,G","0","1,G","0","1,G","19700609",",1,G","","","19700624",",1,G","-31.4","1,G,09,","","","-1.7","1,G,24,","","","998.0","1,G","","","-17.27","2,G","-12.91","1,,,G","-21.63","1,,,G"
"AYM00089611","1970-07","-66.283","110.517","41.0","CASEY, AY","0.0","G","0.0","2,G","","","","","","","25","1,G","30","1,G","30","1,G","0","1,G","0","1,G","19700730",",1,G","","","19700705",",1,G","-28.3","1,G,30,","","","-2.2","1,G,05,","","","1028.4","1,G","","","-17.11","2,G","-12.45","1,,,G","-21.76","1,,,G"
"AYM00089611","1970-08","-66.283","110.517","41.0","CASEY, AY","","","","","","","","","","","23","4,G","27","4,G","28","3,G","0","3,G","0","3,G","19700814",",4,G","","","19700801",",3,G","-33.3","4,G,14,","","","-4.4","3,G,01,","","","","","","","-20.45","6,G","-16.31","3,,,G","-24.58","4,,,G"
"AYM00089611","1970-09","-66.283","110.517","41.0","CASEY, AY","","","0.0","5,G","","","","","","","21","2,G","28","2,G","27","3,G","0","3,G","0","3,G","19700903",",2,G","","","19700925",",3,G","-27.8","2,G,03,","","","-1.7","3,G,25,","","","849.5","3,G","","","-15.45","5,G","-10.67","3,,,G","-20.23","2,,,G"
"AYM00089611","1970-10","-66.283","110.517","41.0","CASEY, AY","","","0.0",",G","","","","","","","10",",G","31",",G","31",",G","0",",G","0",",G","19701005",",,G","","","19701017",",,G","-25.6",",G,05,","","","-2.2",",G,17,","","","931.3",",G","","","-11.71",",G","-8.19",",,,G","-15.23",",,,G"
"AYM00089611","1970-11","-66.283","110.517","41.0","CASEY, AY","","","0.0",",G","","","","","","","0",",G","30",",G","24",",G","0",",G","0",",G","19701111",",,G","","","19701125","+,,G","-15.0",",G,11,","","","1.1",",G,25,+","","","698.7",",G","","","-4.96",",G","-2.05",",,,G","-7.87",",,,G"
"AYM00089611","1970-12","-66.283","110.517","41.0","CASEY, AY","","","0.0",",G","","","","","","","0",",G","31",",G","10",",G","0",",G","0",",G","19701205",",,G","","","19701220",",,G","-6.7",",G,05,","","","5.6",",G,20,","","","591.9",",G","","","-0.76",",G","1.59",",,,G","-3.11",",,,G"
"AYM00089611","1971-01","-66.283","110.517","41.0","CASEY, AY","","","0.0","2,G","","","","","","","0","1,G","26","1,G","1","1,G","0","1,G","0","1,G","19710123","+,1,G","","","19710104","+,1,G","-5.6","1,G,23,+","","","5.6","1,G,04,+","506.3","G","506.3","1,G","","","0.92","2,G","3.19","1,,,G","-1.35","1,,,G"
"AYM00089611","1971-02","-66.283","110.517","41.0","CASEY, AY","","","0.0","2,G","","","","","","","0","1,G","27","1,G","19","1,G","0","1,G","0","1,G","19710217","+,1,G","","","19710201",",1,G","-10.0","1,G,17,+","","","3.9","1,G,01,","1064.6","G","558.3","1,G","","","-3.17","2,G","-0.59","1,,,G","-5.74","1,,,G"
"AYM00089611","1971-03","-66.283","110.517","41.0","CASEY, AY","","","0.0","5,G","","","","","","","1","3,G","28","3,G","25","3,G","0","3,G","0","3,G","19710331",",3,G","","","19710310",",3,G","-17.8","3,G,31,","","","1.1","3,G,10,","1690.7","G","626.1","3,G","","","-5.79","5,G","-3.14","3,,,G","-8.45","3,,,G"
"AYM00089611","1971-04","-66.283","110.517","41.0","CASEY, AY","","","0.0",",G","","","","","","","7",",G","30",",G","30",",G","0",",G","0",",G","19710426",",,G","","","19710417","+,,G","-22.2",",G,26,","","","-0.6",",G,17,+","2529.0","G","838.3",",G","","","-9.61",",G","-5.83",",,,G","-13.40",",,,G"
"AYM00089611","1971-05","-66.283","110.517","41.0","CASEY, AY","","","","","","","","","","","6","4,G","27","4,G","26","4,G","0","4,G","0","4,G","19710524",",4,G","","","19710509",",4,G","-22.2","4,G,24,","","","0.6","4,G,09,","","","","","","","-10.27","8,G","-6.21","4,,,G","-14.33","4,,,G"
"AYM00089611","1971-06","-66.283","110.517","41.0","CASEY, AY","","","","","","","","","","","8","5,G","25","5,G","22","5,G","0","5,G","0","5,G","19710617",",5,G","","","19710610",",5,G","-27.8","5,G,17,","","","4.4","5,G,10,","","","","","","","-10.61","8,G","-5.90","5,,,G","-15.31","5,,,G"
"AYM00089611","1971-07","-66.283","110.517","41.0","CASEY, AY","0.0","G","0.0","2,G","","","","","","","26","1,G","30","1,G","30","1,G","0","1,G","0","1,G","19710724",",1,G","","","19710731",",1,G","-26.7","1,G,24,","","","-4.4","1,G,31,","","","995.1","1,G","","","-16.10","2,G","-11.85","1,,,G","-20.34","1,,,G"
"AYM00089611","1971-08","-66.283","110.517","41.0","CASEY, AY","","","","","","","","","","","14","3,G","28","3,G","28","3,G","0","3,G","0","3,G","19710806",",3,G","","","19710826",",3,G","-31.7","3,G,06,","","","-1.7","3,G,26,","","","","","","","-14.20","6,G","-9.10","3,,,G","-19.30","3,,,G"
"AYM00089611","1971-09","-66.283","110.517","41.0","CASEY, AY","","","0.0","2,G","","","","","","","18","1,G","29","1,G","28","1,G","0","1,G","0","1,G","19710915","+,1,G","","","19710930",",1,G","-30.6","1,G,15,+","","","2.2","1,G,30,","","","960.2","1,G","","","-16.06","2,G","-11.72","1,,,G","-20.40","1,,,G"
"AYM00089611","1971-10","-66.283","110.517","41.0","CASEY, AY","","","0.0",",G","","","","","","","3",",G","31",",G","31",",G","0",",G","0",",G","19711007",",,G","","","19711031","+,,G","-21.1",",G,07,","","","-0.6",",G,31,+","","","867.7",",G","","","-9.66",",G","-6.05",",,,G","-13.26",",,,G"
"AYM00089611","1971-11","-66.283","110.517","41.0","CASEY, AY","","","0.0",",G","","","","","","","1",",G","30",",G","22",",G","0",",G","0",",G","19711102",",,G","","","19711125","+,,G","-18.9",",G,02,","","","1.7",",G,25,+","","","735.2",",G","","","-6.18",",G","-2.91",",,,G","-9.44",",,,G"
"AYM00089611","1971-12","-66.283","110.517","41.0","CASEY, AY","","","0.0",",G","","","","","","","0",",G","31",",G","5",",G","0",",G","0",",G","19711223",",,G","","","19711214",",,G","-7.8",",G,23,","","","5.6",",G,14,","","","588.5",",G","","","-0.65",",G","1.94",",,,G","-3.25",",,,G"
"AYM00089611","1972-01","-66.283","110.517","41.0","CASEY, AY","","","0.0",",G","","","","","","","0",",G","28",",G","2",",G","0",",G","0",",G","19720108","+,,G","","","19720121",",,G","-4.4",",G,08,+","","","7.2",",G,21,","537.4","G","537.4",",G","","","1.00",",G","3.20",",,,G","-1.21",",,,G"
"AYM00089611","1972-02","-66.283","110.517","41.0","CASEY, AY","","","0.0","1,G","","","","","","","0","1,G","28","1,G","17",",G","0",",G","0",",G","19720225",",1,G","","","19720201",",,G","-11.1","1,G,25,","","","3.3",",G,01,","1114.3","G","576.9",",G","","","-2.25","1,G","-0.06",",,,G","-4.44","1,,,G"
"AYM00089611","1972-03","-66.283","110.517","41.0","CASEY, AY","","","0.0","3,G","","","","","","","0","1,G","30","1,G","26","2,G","0","2,G","0","2,G","19720309",",1,G","","","19720329",",2,G","-16.7","1,G,09,","","","2.2","2,G,29,","1792.0","G","677.7","2,G","","","-5.83","3,G","-2.86","2,,,G","-8.80","1,,,G"
"AYM00089611","1972-04","-66.283","110.517","41.0","CASEY, AY","","","","","","","","","","","5","3,G","27","3,G","27","3,G","0","3,G","0","3,G","19720419",",3,G","","","19720423","+,3,G","-22.8","3,G,19,","","","-1.1","3,G,23,+","","","","","","","-10.37","6,G","-6.62","3,,,G","-14.11","3,,,G"
"AYM00089611","1972-05","-66.283","110.517","41.0","CASEY, AY","","","0.0","4,G","","","","","","","20","2,G","29","2,G","29","2,G","0","2,G","0","2,G","19720511",",2,G","","","19720526",",2,G","-27.2","2,G,11,","","","-1.7","2,G,26,","","","896.8","2,G","","","-14.66","4,G","-10.31","2,,,G","-19.01","2,,,G"
"AYM00089611","1972-06","-66.283","110.517","41.0","CASEY, AY","","","0.0","2,G","","","","","","","10","1,G","29","1,G","29","1,G","0","1,G","0","1,G","19720612",",1,G","","","19720620","+,1,G","-25.6","1,G,12,","","","-1.7","1,G,20,+","","","800.9","1,G","","","-10.31","2,G","-6.14","1,,,G","-14.48","1,,,G"
"AYM00089611","1972-07","-66.283","110.517","41.0","CASEY, AY","","","","","","","","","","","14","4,G","27","4,G","27","4,G","0","4,G","0","4,G","19720708",",4,G","","","19720712","+,4,G","-27.8","4,G,08,","","","-2.8","4,G,12,+","","","","","","","-12.74","7,G","-8.04","4,,,G","-17.43","4,,,G"
"AYM00089611","1972-08","-66.283","110.517","41.0","CASEY, AY","","","","","","","","","","","11","4,G","27","4,G","27","4,G","0","4,G","0","4,G","19720831",",4,G","","","19720817","+,4,G","-25.6","4,G,31,","","","-2.8","4,G,17,+","","","","","","","-11.43","8,G","-7.55","4,,,G","-15.31","4,,,G"
"AYM00089611","1972-09","-66.283","110.517","41.0","CASEY, AY","","","0.0",",G","","","","","","","26",",G","30",",G","30",",G","0",",G","0",",G","19720928",",,G","","","19720908",",,G","-31.0",",G,28,","","","-3.0",",G,08,","","","1067.5",",G","","","-17.25",",G","-13.23",",,,G","-21.27",",,,G"
"AYM00089611","1972-10","-66.283","110.517","41.0","CASEY, AY","","","0.0",",G","","","","","","","21",",G","31",",G","31",",G","0",",G","0",",G","19721001",",,G","","","19721030",",,G","-31.0",",G,01,","","","-6.0",",G,30,","","","1062.8",",G","","","-15.95",",G","-11.87",",,,G","-20.03",",,,G"
"AYM00089611","1972-11","-66.283","110.517","41.0","CASEY, AY","","","0.0",",G","","","","","","","1",",G","30",",G","30",",G","0",",G","0",",G","19721102",",,G","","","19721127","+,,G","-18.0",",G,02,","","","-1.0",",G,27,+","","","763.5",",G","","","-7.12",",G","-4.07",",,,G","-10.17",",,,G"
"AYM00089611","1972-12","-66.283","110.517","41.0","CASEY, AY","","","0.0",",G","","","","","","","0",",G","30",",G","7",",G","0",",G","0",",G","19721203",",,G","","","19721229","+,,G","-13.0",",G,03,","","","5.0",",G,29,+","","","622.3",",G","","","-1.74",",G","1.48",",,,G","-4.97",",,,G"
"AYM00089611","1973-01","-66.283","110.517","41.0","CASEY, AY","","","0.0",",G","","","","","","","0",",G","30",",G","5",",G","0",",G","0",",G","19730126","+,,G","","","19730118",",,G","-7.0",",G,26,+","","","5.0",",G,18,","581.8","G","581.8",",G","","","-0.44",",G","1.97",",,,G","-2.84",",,,G"
"AYM00089611","1973-02","-66.283","110.517","41.0","CASEY, AY","","","0.0",",G","","","","","","","0",",G","28",",G","19",",G","0",",G","0",",G","19730228",",,G","","","19730221","+,,G","-10.0",",G,28,","","","2.0",",G,21,+","1176.3","G","594.5",",G","","","-2.90",",G","-0.36",",,,G","-5.44",",,,G"
"AYM00089611","1973-03","-66.283","110.517","41.0","CASEY, AY","","","0.0","2,G","","","","","","","0","1,G","30","1,G","29","1,G","0","1,G","0","1,G","19730324",",1,G","","","19730301",",1,G","-17.6","1,G,24,","","","0.2","1,G,01,","1873.9","G","697.6","1,G","","","-5.81","2,G","-2.91","1,,,G","-8.70","1,,,G"
"AYM00089611","1973-04","-66.283","110.517","41.0","CASEY, AY","","","0.0","2,G","","","","","","","4","1,G","29","1,G","29","1,G","0","1,G","0","1,G","19730430",",1,G","","","19730417",",1,G","-25.3","1,G,30,","","","-0.3","1,G,17,","2635.6","G","761.7","1,G","","","-8.85","2,G","-5.31","1,,,G","-12.39","1,,,G"
"AYM00089611","1973-05","-66.283","110.517","41.0","CASEY, AY","","","0.0","4,G","","","","","","","9","2,G","29","2,G","29","2,G","0","2,G","0","2,G","19730519",",2,G","","","19730506",",2,G","-27.3","2,G,19,","","","-2.5","2,G,06,","3449.7","G","814.1","2,G","","","-11.58","4,G","-7.76","2,,,G","-15.41","2,,,G"
"AYM00089611","1973-06","-66.283","110.517","41.0","CASEY, AY","","","","","","","","","","","12","3,G","27","3,G","27","3,G","0","3,G","0","3,G","19730615",",3,G","","","19730619","+,3,G","-25.7","3,G,15,","","","-2.5","3,G,19,+","","","","","","","-12.34","6,G","-7.89","3,,,G","-16.80","3,,,G"
"AYM00089611","1973-07","-66.283","110.517","41.0","CASEY, AY","","","","","","","","","","","18","5,G","26","5,G","26","5,G","0","5,G","0","5,G","19730719",",5,G","","","19730701",",5,G","-25.6","5,G,19,","","","-2.8","5,G,01,","","","","","","","-13.57","0,G","-8.57","5,,,G","-18.56","5,,,G"
"AYM00089611","1973-08","-66.283","110.517","41.0","CASEY, AY","","","0.0","2,G","","","","","","","18","1,G","30","1,G","30","1,G","0","1,G","0","1,G","19730825",",1,G","","","19730810",",1,G","-30.3","1,G,25,","","","-3.3","1,G,10,","","","977.4","1,G","","","-15.26","2,G","-10.59","1,,,G","-19.92","1,,,G"
"AYM00089611","1973-09","-66.283","110.517","41.0","CASEY, AY","","","0.0","3,G","","","","","","","16","2,G","28","2,G","27","2,G","0","2,G","0","2,G","19730918",",2,G","","","19730925",",2,G","-30.0","2,G,18,","","","1.4","2,G,25,","","","874.3","2,G","","","-14.15","3,G","-9.25","2,,,G","-19.06","2,,,G"
"AYM00089611","1973-10","-66.283","110.517","41.0","CASEY, AY","","","0.0",",G","","","","","","","13",",G","31",",G","31",",G","0",",G","0",",G","19731009",",,G","","","19731029",",,G","-24.4",",G,09,","","","-2.2",",G,29,","","","936.4",",G","","","-11.87",",G","-7.39",",,,G","-16.36",",,,G"
"AYM00089611","1973-11","-66.283","110.517","41.0","CASEY, AY","","","0.0",",G","","","","","","","0",",G","30",",G","17",",G","0",",G","0",",G","19731101",",,G","","","19731108",",,G","-16.6",",G,01,","","","3.0",",G,08,","","","669.2",",G","","","-3.98",",G","-0.24",",,,G","-7.71",",,,G"
"AYM00089611","1973-12","-66.283","110.517","41.0","CASEY, AY","","","0.0",",G","","","","","","","0",",G","29",",G","14",",G","0",",G","0",",G","19731203",",,G","","","19731229",",,G","-11.1",",G,03,","","","5.0",",G,29,","","","620.4",",G","","","-1.68",",G","0.91",",,,G","-4.26",",,,G"
"AYM00089611","1974-01","-66.283","110.517","41.0","CASEY, AY","","","0.0",",G","","","","","","","0",",G","21",",G","3",",G","0",",G","0",",G","19740124",",,G","","","19740106",",,G","-5.3",",G,24,","","","5.7",",G,06,","541.2","G","541.2",",G","","","0.88",",G","2.64",",,,G","-0.88",",,,G"
"AYM00089611","1974-02","-66.283","110.517","41.0","CASEY, AY","","","0.0",",G","","","","","","","0",",G","28",",G","25",",G","0",",G","0",",G","19740228",",,G","","","19740201",",,G","-12.6",",G,28,","","","3.0",",G,01,","1162.0","G","620.8",",G","","","-3.84",",G","-1.11",",,,G","-6.56",",,,G"
"AYM00089611","1974-03","-66.283","110.517","41.0","CASEY, AY","","","0.0","2,G","","","","","","","3","1,G","30","1,G","30","1,G","0","1,G","0","1,G","19740314",",1,G","","","19740302",",1,G","-21.2","1,G,14,","","","-0.2","1,G,02,","1888.5","G","726.5","1,G","","","-6.90","2,G","-3.53","1,,,G","-10.28","1,,,G"
"AYM00089611","1974-04","-66.283","110.517","41.0","CASEY, AY","","","","","","","","","","","15","5,G","25","5,G","25","5,G","0","5,G","0","5,G","19740413",",5,G","","","19740415",",5,G","-25.4","5,G,13,","","","-2.2","5,G,15,","","","","","","","-14.10","8,G","-9.23","5,,,G","-18.96","5,,,G"
"AYM00089611","1974-05","-66.283","110.517","41.0","CASEY, AY","","","0.0","4,G","","","","","","","16","2,G","29","2,G","29","2,G","0","2,G","0","2,G","19740531",",2,G","","","19740526","+,2,G","-26.9","2,G,31,","","","-3.0","2,G,26,+","","","860.4","2,G","","","-13.73","4,G","-9.03","2,,,G","-18.43","2,,,G"
"AYM00089611","1974-06","-66.283","110.517","41.0","CASEY, AY","","","0.0","2,G","","","","","","","11","1,G","29","1,G","29","1,G","0","1,G","0","1,G","19740601",",1,G","","","19740606",",1,G","-26.4","1,G,01,","","","-3.3","1,G,06,","","","859.8","1,G","","","-12.32","2,G","-7.81","1,,,G","-16.82","1,,,G"
"AYM00089611","1974-07","-66.283","110.517","41.0","CASEY, AY","0.0","G","0.0","5,G","","","","","","","23","3,G","28","3,G","28","3,G","0","3,G","0","3,G","19740708",",3,G","","","19740710",",3,G","-29.7","3,G,08,","","","-0.8","3,G,10,","","","934.8","3,G","","","-17.30","5,G","-12.92","3,,,G","-21.68","3,,,G"
"AYM00089611","1974-08","-66.283","110.517","41.0","CASEY, AY","","","","","","","","","","","17","2,G","29","2,G","29","2,G","0","2,G","0","2,G","19740805",",2,G","","","19740825",",2,G","-29.6","2,G,05,","","","-1.0","2,G,25,","","","","","","","-14.74","4,G","-10.31","2,,,G","-19.17","2,,,G"
"AYM00089611","1974-09","-66.283","110.517","41.0","CASEY, AY","","","0.0","4,G","","","","","","","12","2,G","28","2,G","28","2,G","0","2,G","0","2,G","19740901",",2,G","","","19740927",",2,G","-26.8","2,G,01,","","","-2.5","2,G,27,","","","818.4","2,G","","","-13.14","4,G","-9.53","2,,,G","-16.75","2,,,G"
"AYM00089611","1974-10","-66.283","110.517","41.0","CASEY, AY","","","0.0","2,G","","","","","","","3","1,G","30","1,G","28","1,G","0","1,G","0","1,G","19741005",",1,G","","","19741010","+,1,G","-24.8","1,G,05,","","","0.7","1,G,10,+","","","723.6","1,G","","","-7.02","2,G","-4.00","1,,,G","-10.04","1,,,G"
"AYM00089611","1974-11","-66.283","110.517","41.0","CASEY, AY","","","0.0",",G","","","","","","","0",",G","30",",G","18",",G","0",",G","0",",G","19741114",",,G","","","19741129",",,G","-14.0",",G,14,","","","2.2",",G,29,","","","667.4",",G","","","-3.91",",G","-0.79",",,,G","-7.04",",,,G"
"AYM00089611","1974-12","-66.283","110.517","41.0","CASEY, AY","","","0.0",",G","","","","","","","0",",G","27",",G","1",",G","0",",G","0",",G","19741219",",,G","","","19741204",",,G","-5.3",",G,19,","","","7.5",",G,04,","","","543.3",",G","","","0.81",",G","3.15",",,,G","-1.54",",,,G"
"AYM00089611","1975-01","-66.283","110.517","41.0","CASEY, AY","","","0.0",",G","","","","","","","0",",G","24",",G","1",",G","0",",G","0",",G","19750110",",,G","","","19750129","+,,G","-6.0",",G,10,","","","6.0",",G,29,+","547.3","G","547.3",",G","","","0.68",",G","3.08",",,,G","-1.72",",,,G"
"AYM00089611","1975-02","-66.283","110.517","41.0","CASEY, AY","","","0.0",",G","","","","","","","0",",G","27",",G","11",",G","0",",G","0",",G","19750215",",,G","","","19750222",",,G","-8.8",",G,15,","","","4.1",",G,22,","1118.5","G","571.2",",G","","","-2.07",",G","0.47",",,,G","-4.60",",,,G"
"AYM00089611","1975-03","-66.283","110.517","41.0","CASEY, AY","","","0.0",",G","","","","","","","0",",G","31",",G","25",",G","0",",G","0",",G","19750322",",,G","","","19750325",",,G","-15.3",",G,22,","","","4.3",",G,25,","1857.1","G","738.6",",G","","","-5.49",",G","-2.69",",,,G","-8.30",",,,G"
"AYM00089611","1975-04","-66.283","110.517","41.0","CASEY, AY","","","0.0","4,G","","","","","","","14","2,G","28","2,G","28","2,G","0","2,G","0","2,G","19750419",",2,G","","","19750401",",2,G","-25.7","2,G,19,","","","-3.1","2,G,01,","2697.6","G","840.5","2,G","","","-14.06","4,G","-10.28","2,,,G","-17.84","2,,,G"
"AYM00089611","1975-05","-66.283","110.517","41.0","CASEY, AY","","","0.0","5,G","","","","","","","7","3,G","28","3,G","28","3,G","0","3,G","0","3,G","19750523",",3,G","","","19750502",",3,G","-21.5","3,G,23,","","","-0.1","3,G,02,","3433.2","G","735.6","3,G","","","-10.06","5,G","-6.46","3,,,G","-13.66","3,,,G"
"AYM00089611","1975-06","-66.283","110.517","41.0","CASEY, AY","","","","","","","","","","","13","5,G","25","5,G","25","5,G","0","5,G","0","5,G","19750619",",5,G","","","19750622",",5,G","-26.8","5,G,19,","","","-0.2","5,G,22,","","","","","","","-12.73","9,G","-7.68","5,,,G","-17.78","5,,,G"
"AYM00089611","1975-07","-66.283","110.517","41.0","CASEY, AY","0.0","G","0.0","4,G","","","","","","","10","2,G","29","2,G","28","2,G","0","2,G","0","2,G","19750715",",2,G","","","19750702",",2,G","-22.4","2,G,15,","","","0.5","2,G,02,","","","789.7","2,G","","","-10.72","4,G","-6.69","2,,,G","-14.76","2,,,G"
"AYM00089611","1975-08","-66.283","110.517","41.0","CASEY, AY","0.0","G","0.0","2,G","","","","","","","27","1,G","30","1,G","30","1,G","0","1,G","0","1,G","19750810",",1,G","","","19750801",",1,G","-34.0","1,G,10,","","","-2.2","1,G,01,","","","1128.1","1,G","","","-20.35","2,G","-16.21","1,,,G","-24.49","1,,,G"
"AYM00089611","1975-09","-66.283","110.517","41.0","CASEY, AY","0.0","G","0.0","2,G","","","","","","","26","1,G","29","1,G","29","1,G","0","1,G","0","1,G","19750911",",1,G","","","19750930",",1,G","-33.0","1,G,11,","","","-5.3","1,G,30,","","","1052.9","1,G","","","-19.37","2,G","-14.66","1,,,G","-24.08","1,,,G"
"AYM00089611","1975-10","-66.283","110.517","41.0","CASEY, AY","0.0","G","0.0",",G","","","","","","","14",",G","31",",G","30",",G","0",",G","0",",G","19751005",",,G","","","19751026",",,G","-24.7",",G,05,","","","0.8",",G,26,","","","940.7",",G","","","-12.01",",G","-8.00",",,,G","-16.02",",,,G"
"AYM00089611","1975-11","-66.283","110.517","41.0","CASEY, AY","0.0","G","0.0","2,G","","","","","","","0","1,G","29","1,G","18","1,G","0","1,G","0","1,G","19751110","+,1,G","","","19751125",",1,G","-16.7","1,G,10,+","","","4.2","1,G,25,","","","637.6","1,G","","","-4.49","2,G","-0.99","1,,,G","-7.98","1,,,G"
"AYM00089611","1975-12","-66.283","110.517","41.0","CASEY, AY","0.0","G","0.0",",G","","","","","","","0",",G","29",",G","7",",G","0",",G","0",",G","19751203",",,G","","","19751225",",,G","-8.2",",G,03,","","","5.5",",G,25,","","","587.8",",G","","","-0.63",",G","1.87",",,,G","-3.12",",,,G"
"AYM00089611","1976-01","-66.283","110.517","41.0","CASEY, AY","0.0","G","0.0",",G","","","","","","","0",",G","28",",G","1",",G","0",",G","0",",G","19760118",",,G","","","19760126",",,G","-6.0",",G,18,","","","5.7",",G,26,","550.4","G","550.4",",G","","","0.58",",G","3.22",",,,G","-2.06",",,,G"
"AYM00089611","1976-02","-66.283","110.517","41.0","CASEY, AY","0.0","G","0.0",",G","","","","","","","0",",G","29",",G","12",",G","0",",G","0",",G","19760226",",,G","","","19760214",",,G","-12.2",",G,26,","","","4.9",",G,14,","1124.0","G","573.6",",G","","","-1.44",",G","0.82",",,,G","-3.71",",,,G"
"AYM00089611","1976-03","-66.283","110.517","41.0","CASEY, AY","0.0","G","0.0","2,G","","","","","","","0","1,G","30","1,G","26","1,G","0","1,G","0","1,G","19760324",",1,G","","","19760302",",1,G","-17.6","1,G,24,","","","1.7","1,G,02,","1884.1","G","760.1","1,G","","","-7.89","2,G","-4.80","1,,,G","-10.98","1,,,G"
"AYM00089611","1976-04","-66.283","110.517","41.0","CASEY, AY","0.0","G","0.0","2,G","","","","","","","22","1,G","29","1,G","29","1,G","0","1,G","0","1,G","19760417","+,1,G","","","19760422",",1,G","-27.0","1,G,17,+","","","-3.8","1,G,22,","2875.3","G","991.2","1,G","","","-16.93","2,G","-13.08","1,,,G","-20.77","1,,,G"
"AYM00089611","1976-05","-66.283","110.517","41.0","CASEY, AY","0.0","G","0.0",",G","","","","","","","18",",G","31",",G","31",",G","0",",G","0",",G","19760516",",,G","","","19760508",",,G","-29.2",",G,16,","","","-3.8",",G,08,","3906.3","G","1031.0",",G","","","-14.92",",G","-11.11",",,,G","-18.74",",,,G"
"AYM00089611","1976-06","-66.283","110.517","41.0","CASEY, AY","0.0","G","0.0","4,G","","","","","","","11","2,G","28","2,G","28","2,G","0","2,G","0","2,G","19760615",",2,G","","","19760630",",2,G","-31.8","2,G,15,","","","-1.2","2,G,30,","4684.5","G","778.2","2,G","","","-12.12","4,G","-7.63","2,,,G","-16.61","2,,,G"
"AYM00089611","1976-07","-66.283","110.517","41.0","CASEY, AY","","","","","","","","","","","19","5,G","26","5,G","24","5,G","0","5,G","0","5,G","19760719",",5,G","","","19760703",",5,G","-41.0","5,G,19,","","","3.5","5,G,03,","","","","","","","-17.83","7,G","-12.81","5,,,G","-22.85","5,,,G"
"AYM00089611","1976-08","-66.283","110.517","41.0","CASEY, AY","","","","","","","","","","","20","4,G","27","4,G","27","4,G","0","4,G","0","4,G","19760827",",4,G","","","19760804",",4,G","-35.0","4,G,27,","","","-1.5","4,G,04,","","","","","","","-15.61","7,G","-10.18","4,,,G","-21.03","4,,,G"
"AYM00089611","1976-09","-66.283","110.517","41.0","CASEY, AY","","","0.0",",G","","","","","","","15",",G","30",",G","30",",G","0",",G","0",",G","19760901",",,G","","","19760927",",,G","-30.3",",G,01,","","","-3.0",",G,27,","","","948.7",",G","","","-13.29",",G","-8.80",",,,G","-17.78",",,,G"
"AYM00089611","1976-10","-66.283","110.517","41.0","CASEY, AY","","","0.0",",G","","","","","","","1",",G","31",",G","31",",G","0",",G","0",",G","19761023",",,G","","","19761005",",,G","-21.1",",G,23,","","","-2.0",",G,05,","","","840.3",",G","","","-8.77",",G","-5.02",",,,G","-12.52",",,,G"
"AYM00089611","1976-11","-66.283","110.517","41.0","CASEY, AY","","","0.0",",G","","","","","","","0",",G","30",",G","19",",G","0",",G","0",",G","19761106",",,G","","","19761129",",,G","-15.0",",G,06,","","","5.2",",G,29,","","","677.1",",G","","","-4.24",",G","-0.88",",,,G","-7.60",",,,G"
"AYM00089611","1976-12","-66.283","110.517","41.0","CASEY, AY","","","0.0",",G","","","","","","","0",",G","24",",G","1",",G","0",",G","0",",G","19761205",",,G","","","19761218",",,G","-6.9",",G,05,","","","7.7",",G,18,","","","550.0",",G","","","0.59",",G","3.31",",,,G","-2.13",",,,G"
"AYM00089611","1977-01","-66.283","110.517","41.0","CASEY, AY","","","0.0",",G","","","","","","","0",",G","17",",G","0",",G","0",",G","0",",G","19770129",",,G","","","19770104",",,G","-3.1",",G,29,","","","8.0",",G,04,","502.4","G","502.4",",G","","","2.13",",G","4.36",",,,G","-0.11",",,,G"
"AYM00089611","1977-02","-66.283","110.517","41.0","CASEY, AY","","","0.0",",G","","","","","","","0",",G","28",",G","10",",G","0",",G","0",",G","19770217",",,G","","","19770215",",,G","-10.5",",G,17,","","","4.1",",G,15,","1080.3","G","577.9",",G","","","-2.31",",G","0.71",",,,G","-5.33",",,,G"
"AYM00089611","1977-03","-66.283","110.517","41.0","CASEY, AY","","","0.0",",G","","","","","","","0",",G","31",",G","26",",G","0",",G","0",",G","19770319","+,,G","","","19770326","+,,G","-13.0",",G,19,+","","","2.0",",G,26,+","1805.1","G","724.8",",G","","","-5.05",",G","-2.45",",,,G","-7.65",",,,G"
"AYM00089611","1977-04","-66.283","110.517","41.0","CASEY, AY","","","","","","","","","","","13","4,G","26","4,G","26","4,G","0","4,G","0","4,G","19770413",",4,G","","","19770416","+,4,G","-25.0","4,G,13,","","","0.0","4,G,16,+","","","","","","","-12.44","7,G","-7.88","4,,,G","-17.00","4,,,G"
"AYM00089611","1977-05","-66.283","110.517","41.0","CASEY, AY","","","","","","","","","","","7","5,G","26","5,G","25","5,G","0","5,G","0","5,G","19770530",",5,G","","","19770516",",5,G","-21.0","5,G,30,","","","2.0","5,G,16,","","","","","","","-10.10","9,G","-6.08","5,,,G","-14.12","5,,,G"
"AYM00089611","1977-06","-66.283","110.517","41.0","CASEY, AY","","","0.0","4,G","","","","","","","19","2,G","28","2,G","28","2,G","0","2,G","0","2,G","19770610",",2,G","","","19770623","+,2,G","-27.0","2,G,10,","","","-3.0","2,G,23,+","","","879.7","2,G","","","-15.48","4,G","-11.79","2,,,G","-19.18","2,,,G"
"AYM00089611","1977-07","-66.283","110.517","41.0","CASEY, AY","0.0","G","0.0","2,G","","","","","","","12","1,G","30","1,G","29","1,G","0","1,G","0","1,G","19770703","+,1,G","","","19770726",",1,G","-27.0","1,G,03,+","","","2.0","1,G,26,","","","885.2","1,G","","","-12.13","2,G","-8.03","1,,,G","-16.23","1,,,G"
"AYM00089611","1977-08","-66.283","110.517","41.0","CASEY, AY","0.0","G","0.0","5,G","","","","","","","16","3,G","28","3,G","29","2,G","0","2,G","0","2,G","19770821",",3,G","","","19770806","+,2,G","-26.0","3,G,21,","","","-1.0","2,G,06,+","","","821.2","2,G","","","-12.95","5,G","-8.59","2,,,G","-17.32","3,,,G"
"AYM00089611","1977-09","-66.283","110.517","41.0","CASEY, AY","0.0","G","0.0","2,G","","","","","","","18","1,G","29","1,G","29","1,G","0","1,G","0","1,G","19770904",",1,G","","","19770915",",1,G","-34.0","1,G,04,","","","-5.0","1,G,15,","","","998.3","1,G","","","-17.29","2,G","-13.41","1,,,G","-21.17","1,,,G"
"AYM00089611","1977-10","-66.283","110.517","41.0","CASEY, AY","0.0","G","0.0","1,G","","","","","","","11",",G","31",",G","30","1,G","0","1,G","0","1,G","19771002",",,G","","","19771031",",1,G","-29.0",",G,02,","","","-1.0","1,G,31,","","","905.0","1,G","","","-11.94","1,G","-7.23","1,,,G","-16.65",",,,G"
"AYM00089611","1977-11","-66.283","110.517","41.0","CASEY, AY","0.0","G","0.0",",G","","","","","","","1",",G","30",",G","23",",G","0",",G","0",",G","19771105",",,G","","","19771128",",,G","-18.0",",G,05,","","","3.0",",G,28,","","","731.5",",G","","","-6.05",",G","-2.30",",,,G","-9.80",",,,G"
"AYM00089611","1977-12","-66.283","110.517","41.0","CASEY, AY","0.0","G","0.0",",G","","","","","","","0",",G","28",",G","6",",G","0",",G","0",",G","19771214","+,,G","","","19771225","+,,G","-8.0",",G,14,+","","","5.0",",G,25,+","","","585.3",",G","","","-0.55",",G","2.06",",,,G","-3.16",",,,G"
"AYM00089611","1978-01","-66.283","110.517","41.0","CASEY, AY","0.0","G","0.0",",G","","","","","","","0",",G","31",",G","9",",G","0",",G","0",",G","19780111",",,G","","","19780129",",,G","-8.0",",G,11,","","","4.4",",G,29,","596.8","G","596.8",",G","","","-0.92",",G","1.63",",,,G","-3.47",",,,G"
"AYM00089611","1978-02","-66.283","110.517","41.0","CASEY, AY","0.0","G","0.0",",G","","","","","","","0",",G","26",",G","12",",G","0",",G","0",",G","19780224",",,G","","","19780207",",,G","-11.0",",G,24,","","","6.0",",G,07,","1148.7","G","551.9",",G","","","-1.38",",G","0.81",",,,G","-3.56",",,,G"
"AYM00089611","1978-03","-66.283","110.517","41.0","CASEY, AY","0.0","G","0.0","2,G","","","","","","","4","1,G","30","1,G","30","1,G","0","1,G","0","1,G","19780324",",1,G","","","19780312","+,1,G","-20.0","1,G,24,","","","0.0","1,G,12,+","1946.6","G","797.9","1,G","","","-9.24","2,G","-5.84","1,,,G","-12.64","1,,,G"
"AYM00089611","1978-04","-66.283","110.517","41.0","CASEY, AY","0.0","G","0.0","4,G","","","","","","","9","2,G","28","2,G","28","2,G","0","2,G","0","2,G","19780430",",2,G","","","19780402",",2,G","-22.0","2,G,30,","","","0.0","2,G,02,","2731.4","G","784.8","2,G","","","-11.79","4,G","-7.73","2,,,G","-15.86","2,,,G"
"AYM00089611","1978-05","-66.283","110.517","41.0","CASEY, AY","0.0","G","0.0","4,G","","","","","","","13","2,G","29","2,G","29","2,G","0","2,G","0","2,G","19780514",",2,G","","","19780524","+,2,G","-28.0","2,G,14,","","","-3.0","2,G,24,+","3570.6","G","839.2","2,G","","","-12.66","4,G","-7.95","2,,,G","-17.37","2,,,G"
"AYM00089611","1978-06","-66.283","110.517","41.0","CASEY, AY","","","","","","","","","","","9","4,G","26","4,G","26","4,G","0","4,G","0","4,G","19780626",",4,G","","","19780617",",4,G","-26.0","4,G,26,","","","-0.8","4,G,17,","","","","","","","-11.23","7,G","-6.58","4,,,G","-15.88","4,,,G"
"AYM00089611","1978-07","-66.283","110.517","41.0","CASEY, AY","0.0","G","0.0","5,G","","","","","","","9","3,G","28","3,G","28","3,G","0","3,G","0","3,G","19780705",",3,G","","","19780724","+,3,G","-28.0","3,G,05,","","","-4.0","3,G,24,+","","","794.0","3,G","","","-12.44","5,G","-8.30","3,,,G","-16.58","3,,,G"
"AYM00089611","1978-08","-66.283","110.517","41.0","CASEY, AY","0.0","G","0.0","2,G","","","","","","","19","1,G","30","1,G","30","1,G","0","1,G","0","1,G","19780806",",1,G","","","19780817",",1,G","-36.0","1,G,06,","","","-5.0","1,G,17,","","","997.6","1,G","","","-16.35","2,G","-11.99","1,,,G","-20.70","1,,,G"
"AYM00089611","1978-09","-66.283","110.517","41.0","CASEY, AY","0.0","G","0.0","2,G","","","","","","","17","1,G","29","1,G","29","1,G","0","1,G","0","1,G","19780930",",1,G","","","19780920",",1,G","-26.0","1,G,30,","","","-6.0","1,G,20,","","","934.0","1,G","","","-14.89","2,G","-11.29","1,,,G","-18.48","1,,,G"
"AYM00089611","1978-10","-66.283","110.517","41.0","CASEY, AY","0.0","G","0.0","3,G","","","","","","","13","2,G","29","2,G","30","1,G","0","1,G","0","1,G","19781014",",2,G","","","19781023",",1,G","-24.0","2,G,14,","","","0.0","1,G,23,","","","851.2","1,G","","","-11.99","3,G","-7.91","1,,,G","-16.07","2,,,G"
"AYM00089611","1978-11","-66.283","110.517","41.0","CASEY, AY","0.0","G","0.0",",G","","","","","","","1",",G","30",",G","24",",G","0",",G","0",",G","19781101",",,G","","","19781120","+,,G","-18.0",",G,01,","","","3.0",",G,20,+","","","724.5",",G","","","-5.82",",G","-1.57",",,,G","-10.07",",,,G"
"AYM00089611","1978-12","-66.283","110.517","41.0","CASEY, AY","0.0","G","0.0","1,G","","","","","","","0","1,G","29","1,G","9",",G","0",",G","0",",G","19781201",",1,G","","","19781225",",,G","-12.0","1,G,01,","","","7.0",",G,25,","","","574.2",",G","","","-0.84","1,G","1.76",",,,G","-3.43","1,,,G"
"AYM00089611","1979-01","-66.283","110.517","41.0","CASEY, AY","0.0","G","0.0",",G","","","","","","","0",",G","30",",G","6",",G","0",",G","0",",G","19790131","+,,G","","","19790107",",,G","-8.0",",G,31,+","","","7.0",",G,07,","591.4","G","591.4",",G","","","-0.74",",G","2.25",",,,G","-3.74",",,,G"
"AYM00089611","1979-02","-66.283","110.517","41.0","CASEY, AY","0.0","G","0.0",",G","","","","","","","0",",G","28",",G","23",",G","0",",G","0",",G","19790220",",,G","","","19790202",",,G","-11.5",",G,20,","","","1.4",",G,02,","1217.0","G","625.6",",G","","","-4.01",",G","-1.40",",,,G","-6.61",",,,G"
"AYM00089611","1979-03","-66.283","110.517","41.0","CASEY, AY","0.0","G","0.0",",G","","","","","","","0",",G","31",",G","30",",G","0",",G","0",",G","19790320",",,G","","","19790331",",,G","-16.5",",G,20,","","","2.0",",G,31,","1997.0","G","780.0",",G","","","-6.83",",G","-3.65",",,,G","-10.01",",,,G"
"AYM00089611","1979-04","-66.283","110.517","41.0","CASEY, AY","0.0","G","0.0","2,G","","","","","","","5","1,G","29","1,G","29","1,G","0","1,G","0","1,G","19790405",",1,G","","","19790420","+,1,G","-21.0","1,G,05,","","","-0.5","1,G,20,+","2759.4","G","762.4","1,G","","","-8.86","2,G","-5.63","1,,,G","-12.09","1,,,G"
"AYM00089611","1979-05","-66.283","110.517","41.0","CASEY, AY","","","","","","","","","","","15","5,G","26","5,G","26","5,G","0","5,G","0","5,G","19790531",",5,G","","","19790506",",5,G","-26.2","5,G,31,","","","-1.0","5,G,06,","","","","","","","-13.00","0,G","-8.23","5,,,G","-17.76","5,,,G"
"AYM00089611","1979-06","-66.283","110.517","41.0","CASEY, AY","","","0.0","4,G","","","","","","","19","2,G","28","2,G","28","2,G","0","2,G","0","2,G","19790604",",2,G","","","19790609",",2,G","-33.0","2,G,04,","","","-2.3","2,G,09,","","","878.3","2,G","","","-15.29","4,G","-11.01","2,,,G","-19.57","2,,,G"
"AYM00089611","1979-07","-66.283","110.517","41.0","CASEY, AY","0.0","G","0.0","4,G","","","","","","","15","2,G","29","2,G","29","2,G","0","2,G","0","2,G","19790729","+,2,G","","","19790709","+,2,G","-33.0","2,G,29,+","","","-6.0","2,G,09,+","","","903.5","2,G","","","-15.02","4,G","-11.03","2,,,G","-19.00","2,,,G"
"AYM00089611","1979-08","-66.283","110.517","41.0","CASEY, AY","0.0","G","0.0","4,G","","","","","","","18","3,G","28","3,G","29","2,G","0","2,G","0","2,G","19790824","+,3,G","","","19790810",",2,G","-25.0","3,G,24,+","","","-3.0","2,G,10,","","","864.4","2,G","","","-13.84","4,G","-9.72","2,,,G","-17.96","3,,,G"
"AYM00089611","1979-09","-66.283","110.517","41.0","CASEY, AY","0.0","G","0.0","4,G","","","","","","","18","1,G","29","1,G","27","3,G","0","3,G","0","3,G","19790922","+,1,G","","","19790927","+,3,G","-28.0","1,G,22,+","","","-5.0","3,G,27,+","","","872.2","3,G","","","-15.14","4,G","-11.00","3,,,G","-19.28","1,,,G"
"AYM00089611","1979-10","-66.283","110.517","41.0","CASEY, AY","0.0","G","0.0",",G","","","","","","","6",",G","31",",G","27",",G","0",",G","0",",G","19791031",",,G","","","19791024",",,G","-23.0",",G,31,","","","4.0",",G,24,","","","832.8",",G","","","-8.53",",G","-3.58",",,,G","-13.48",",,,G"
"AYM00089611","1979-11","-66.283","110.517","41.0","CASEY, AY","0.0","G","0.0",",G","","","","","","","4",",G","30",",G","19",",G","0",",G","0",",G","19791111","+,,G","","","19791121",",,G","-19.0",",G,11,+","","","6.0",",G,21,","","","734.5",",G","","","-6.15",",G","-1.07",",,,G","-11.23",",,,G"
"AYM00089611","1979-12","-66.283","110.517","41.0","CASEY, AY","0.0","G","0.0",",G","","","","","","","0",",G","29",",G","4",",G","0",",G","0",",G","19791208","+,,G","","","19791210",",,G","-8.0",",G,08,+","","","7.0",",G,10,","","","562.3",",G","","","0.19",",G","3.29",",,,G","-2.90",",,,G"
"AYM00089611","1980-01","-66.283","110.517","41.0","CASEY, AY","0.0","G","0.0",",G","","","","","","","0",",G","27",",G","0",",G","0",",G","0",",G","19800131","+,,G","","","19800111",",,G","-5.0",",G,31,+","","","8.0",",G,11,","530.8","G","530.8",",G","","","1.21",",G","3.87",",,,G","-1.45",",,,G"
"AYM00089611","1980-02","-66.283","110.517","41.0","CASEY, AY","0.0","G","0.0",",G","","","","","","","0",",G","29",",G","9",",G","0",",G","0",",G","19800220",",,G","","","19800212",",,G","-9.1",",G,20,","","","6.0",",G,12,","1097.8","G","567.0",",G","","","-1.22",",G","1.23",",,,G","-3.67",",,,G"
"AYM00089611","1980-03","-66.283","110.517","41.0","CASEY, AY","0.0","G","0.0",",G","","","","","","","0",",G","31",",G","20",",G","0",",G","0",",G","19800323",",,G","","","19800302",",,G","-13.4",",G,23,","","","2.4",",G,02,","1777.6","G","679.8",",G","","","-3.60",",G","-0.98",",,,G","-6.22",",,,G"
"AYM00089611","1980-04","-66.283","110.517","41.0","CASEY, AY","0.0","G","0.0",",G","","","","","","","0",",G","30",",G","25",",G","0",",G","0",",G","19800424",",,G","","","19800402",",,G","-16.5",",G,24,","","","1.6",",G,02,","2530.6","G","753.0",",G","","","-6.77",",G","-4.03",",,,G","-9.51",",,,G"
"AYM00089611","1980-05","-66.283","110.517","41.0","CASEY, AY","","","","","","","","","","","15","3,G","28","3,G","26","3,G","0","3,G","0","3,G","19800504",",3,G","","","19800531",",3,G","-24.3","3,G,04,","","","1.0","3,G,31,","","","","","","","-10.70","6,G","-6.32","3,,,G","-15.09","3,,,G"
"AYM00089611","1980-06","-66.283","110.517","41.0","CASEY, AY","","","","","","","","","","","11","4,G","26","4,G","25","4,G","0","4,G","0","4,G","19800620",",4,G","","","19800601",",4,G","-23.4","4,G,20,","","","0.9","4,G,01,","","","","","","","-12.20","8,G","-8.27","4,,,G","-16.14","4,,,G"
"AYM00089611","1980-07","-66.283","110.517","41.0","CASEY, AY","0.0","G","0.0","4,G","","","","","","","3","2,G","29","2,G","26","2,G","0","2,G","0","2,G","19800727",",2,G","","","19800715",",2,G","-20.8","2,G,27,","","","0.7","2,G,15,","","","689.0","2,G","","","-7.18","4,G","-3.64","2,,,G","-10.72","2,,,G"
"AYM00089611","1980-08","-66.283","110.517","41.0","CASEY, AY","0.0","G","0.0","5,G","","","","","","","12","3,G","28","3,G","28","3,G","0","3,G","0","3,G","19800807",",3,G","","","19800828","+,3,G","-23.5","3,G,07,","","","-1.0","3,G,28,+","","","803.5","3,G","","","-12.68","5,G","-8.90","3,,,G","-16.47","3,,,G"
"AYM00089611","1980-09","-66.283","110.517","41.0","CASEY, AY","0.0","G","0.0","3,G","","","","","","","9","2,G","28","2,G","25","2,G","0","2,G","0","2,G","19800903",",2,G","","","19800915",",2,G","-25.6","2,G,03,","","","2.0","2,G,15,","","","776.8","2,G","","","-10.53","3,G","-6.64","2,,,G","-14.41","2,,,G"
"AYM00089611","1980-10","-66.283","110.517","41.0","CASEY, AY","0.0","G","0.0",",G","","","","","","","14",",G","31",",G","31",",G","0",",G","0",",G","19801004",",,G","","","19801020",",,G","-23.0",",G,04,","","","-1.0",",G,20,","","","950.8",",G","","","-12.34",",G","-7.94",",,,G","-16.74",",,,G"
"AYM00089611","1980-11","-66.283","110.517","41.0","CASEY, AY","0.0","G","0.0",",G","","","","","","","0",",G","30",",G","20",",G","0",",G","0",",G","19801101",",,G","","","19801119",",,G","-16.0",",G,01,","","","4.0",",G,19,","","","635.3",",G","","","-2.84",",G","-0.07",",,,G","-5.62",",,,G"
"AYM00089611","1980-12","-66.283","110.517","41.0","CASEY, AY","0.0","G","0.0",",G","","","","","","","0",",G","26",",G","8",",G","0",",G","0",",G","19801207",",,G","","","19801216",",,G","-5.5",",G,07,","","","6.0",",G,16,","","","562.9",",G","","","0.17",",G","2.35",",,,G","-2.01",",,,G"
"AYM00089611","1981-01","-66.283","110.517","41.0","CASEY, AY","0.0","G","0.0",",G","","","","","","","0",",G","30",",G","5",",G","0",",G","0",",G","19810131",",,G","","","19810112","+,,G","-6.6",",G,31,","","","6.0",",G,12,+","566.5","G","566.5",",G","","","0.06",",G","2.35",",,,G","-2.24",",,,G"
"AYM00089611","1981-02","-66.283","110.517","41.0","CASEY, AY","0.0","G","0.0",",G","","","","","","","0",",G","28",",G","15",",G","0",",G","0",",G","19810228","+,,G","","","19810204",",,G","-7.8",",G,28,+","","","4.0",",G,04,","1134.5","G","568.0",",G","","","-1.95",",G","0.41",",,,G","-4.31",",,,G"
"AYM00089611","1981-03","-66.283","110.517","41.0","CASEY, AY","0.0","G","0.0",",G","","","","","","","0",",G","31",",G","19",",G","0",",G","0",",G","19810316",",,G","","","19810305",",,G","-9.9",",G,16,","","","2.5",",G,05,","1796.4","G","661.9",",G","","","-3.02",",G","-1.07",",,,G","-4.96",",,,G"
"AYM00089611","1981-04","-66.283","110.517","41.0","CASEY, AY","0.0","G","0.0","5,G","","","","","","","10","3,G","27","3,G","24","3,G","0","3,G","0","3,G","19810415",",3,G","","","19810404",",3,G","-22.3","3,G,15,","","","2.7","3,G,04,","2502.4","G","706.0","3,G","","","-9.91","5,G","-6.42","3,,,G","-13.41","3,,,G"
"AYM00089611","1981-05","-66.283","110.517","41.0","CASEY, AY","0.0","G","0.0","4,G","","","","","","","13","2,G","29","2,G","29","2,G","0","2,G","0","2,G","19810527",",2,G","","","19810531",",2,G","-32.0","2,G,27,","","","-1.1","2,G,31,","3389.1","G","886.7","2,G","","","-14.31","4,G","-10.57","2,,,G","-18.04","2,,,G"
"AYM00089611","1981-06","-66.283","110.517","41.0","CASEY, AY","0.0","G","0.0","4,G","","","","","","","12","2,G","28","2,G","27","2,G","0","2,G","0","2,G","19810627",",2,G","","","19810619",",2,G","-27.5","2,G,27,","","","0.9","2,G,19,","4160.5","G","771.4","2,G","","","-11.36","4,G","-6.19","2,,,G","-16.54","2,,,G"
"AYM00089611","1981-07","-66.283","110.517","41.0","CASEY, AY","0.0","G","0.0","4,G","","","","","","","10","2,G","29","2,G","29","2,G","0","2,G","0","2,G","19810707",",2,G","","","19810714",",2,G","-28.7","2,G,07,","","","-0.4","2,G,14,","4956.7","G","796.2","2,G","","","-11.41","4,G","-7.46","2,,,G","-15.35","2,,,G"
"AYM00089611","1981-08","-66.283","110.517","41.0","CASEY, AY","0.0","G","0.0","5,G","","","","","","","5","3,G","28","3,G","26","2,G","0","2,G","0","2,G","19810808",",3,G","","","19810810",",2,G","-22.2","3,G,08,","","","1.4","2,G,10,","5660.1","G","703.4","2,G","","","-8.73","5,G","-4.86","2,,,G","-12.61","3,,,G"
"AYM00089611","1981-09","-66.283","110.517","41.0","CASEY, AY","0.0","G","0.0","3,G","","","","","","","6","1,G","29","1,G","27","2,G","0","2,G","0","2,G","19810904",",1,G","","","19810925",",2,G","-29.2","1,G,04,","","","0.6","2,G,25,","6444.2","G","784.1","2,G","","","-10.81","3,G","-6.96","2,,,G","-14.66","1,,,G"
"AYM00089611","1981-10","-66.283","110.517","41.0","CASEY, AY","0.0","G","0.0",",G","","","","","","","4",",G","31",",G","31",",G","0",",G","0",",G","19811008",",,G","","","19811021",",,G","-23.8",",G,08,","","","-2.2",",G,21,","7306.2","G","862.0",",G","","","-9.47",",G","-6.27",",,,G","-12.68",",,,G"
"AYM00089611","1981-11","-66.283","110.517","41.0","CASEY, AY","0.0","G","0.0",",G","","","","","","","1",",G","30",",G","27",",G","0",",G","0",",G","19811107",",,G","","","19811130",",,G","-20.3",",G,07,","","","0.9",",G,30,","8030.5","G","724.3",",G","","","-5.81",",G","-3.27",",,,G","-8.35",",,,G"
"AYM00089611","1981-12","-66.283","110.517","41.0","CASEY, AY","0.0","G","0.0",",G","","","","","","","0",",G","31",",G","4",",G","0",",G","0",",G","19811204",",,G","","","19811205",",,G","-11.2",",G,04,","","","3.9",",G,05,","8635.0","G","604.5",",G","","","-1.17",",G","1.39",",,,G","-3.72",",,,G"
"AYM00089611","1982-01","-66.283","110.517","41.0","CASEY, AY","0.0","G","0.0",",G","","","","","","","0",",G","31",",G","0",",G","0",",G","0",",G","19820114",",,G","","","19820118",",,G","-6.8",",G,14,","","","5.7",",G,18,","555.8","G","555.8",",G","","","0.40",",G","2.85",",,,G","-2.04",",,,G"
"AYM00089611","1982-02","-66.283","110.517","41.0","CASEY, AY","0.0","G","0.0",",G","","","","","","","0",",G","28",",G","14",",G","0",",G","0",",G","19820226",",,G","","","19820207",",,G","-10.6",",G,26,","","","4.5",",G,07,","1128.9","G","573.1",",G","","","-2.14",",G","0.30",",,,G","-4.57",",,,G"
"AYM00089611","1982-03","-66.283","110.517","41.0","CASEY, AY","0.0","G","0.0","5,G","","","","","","","6","3,G","28","3,G","27","3,G","0","3,G","0","3,G","19820331",",3,G","","","19820301",",3,G","-26.1","3,G,31,","","","0.2","3,G,01,","1850.6","G","721.7","3,G","","","-9.70","5,G","-5.93","3,,,G","-13.46","3,,,G"
"AYM00089611","1982-04","-66.283","110.517","41.0","CASEY, AY","0.0","G","0.0","4,G","","","","","","","15","2,G","28","2,G","28","2,G","0","2,G","0","2,G","19820430",",2,G","","","19820424",",2,G","-27.7","2,G,30,","","","-1.9","2,G,24,","2675.9","G","825.3","2,G","","","-13.44","4,G","-9.53","2,,,G","-17.36","2,,,G"
"AYM00089611","1982-05","-66.283","110.517","41.0","CASEY, AY","0.0","G","0.0","2,G","","","","","","","7","1,G","30","1,G","30","1,G","0","1,G","0","1,G","19820530",",1,G","","","19820503",",1,G","-26.0","1,G,30,","","","-1.8","1,G,03,","3535.2","G","859.3","1,G","","","-11.38","2,G","-8.37","1,,,G","-14.38","1,,,G"
"AYM00089611","1982-06","-66.283","110.517","41.0","CASEY, AY","","","","","","","","","","","18","3,G","27","3,G","27","3,G","0","3,G","0","3,G","19820622",",3,G","","","19820610",",3,G","-28.4","3,G,22,","","","-1.2","3,G,10,","","","","","","","-15.26","6,G","-10.80","3,,,G","-19.72","3,,,G"
"AYM00089611","1982-07","-66.283","110.517","41.0","CASEY, AY","","","","","","","","","","","12","4,G","27","4,G","26","3,G","0","3,G","0","3,G","19820712",",4,G","","","19820703",",3,G","-32.2","4,G,12,","","","0.8","3,G,03,","","","","","","","-12.53","6,G","-8.02","3,,,G","-17.04","4,,,G"
"AYM00089611","1982-08","-66.283","110.517","41.0","CASEY, AY","","","","","","","","","","","26","4,G","27","4,G","26","5,G","0","5,G","0","5,G","19820817",",4,G","","","19820829",",5,G","-32.8","4,G,17,","","","-12.2","5,G,29,","","","","","","","-22.80","7,G","-19.04","5,,,G","-26.56","4,,,G"
"AYM00089611","1982-09","-66.283","110.517","41.0","CASEY, AY","","","0.0","2,G","","","","","","","28","1,G","29","1,G","29","1,G","0","1,G","0","1,G","19820903",",1,G","","","19820919",",1,G","-34.1","1,G,03,","","","-6.2","1,G,19,","","","1076.9","1,G","","","-19.85","2,G","-15.13","1,,,G","-24.57","1,,,G"
"AYM00089611","1982-10","-66.283","110.517","41.0","CASEY, AY","","","0.0","2,G","","","","","","","13","1,G","30","1,G","29","1,G","0","1,G","0","1,G","19821001",",1,G","","","19821027",",1,G","-28.5","1,G,01,","","","0.2","1,G,27,","","","868.2","1,G","","","-11.37","2,G","-7.37","1,,,G","-15.37","1,,,G"
"AYM00089611","1982-11","-66.283","110.517","41.0","CASEY, AY","","","0.0",",G","","","","","","","1",",G","30",",G","25",",G","0",",G","0",",G","19821104",",,G","","","19821129",",,G","-17.8",",G,04,","","","2.8",",G,29,","","","751.0",",G","","","-6.70",",G","-2.37",",,,G","-11.03",",,,G"
"AYM00089611","1982-12","-66.283","110.517","41.0","CASEY, AY","","","0.0",",G","","","","","","","0",",G","30",",G","0",",G","0",",G","0",",G","19821201",",,G","","","19821220",",,G","-9.6",",G,01,","","","6.0",",G,20,","","","560.6",",G","","","0.25",",G","3.59",",,,G","-3.09",",,,G"
"AYM00089611","1983-01","-66.283","110.517","41.0","CASEY, AY","","","0.0",",G","","","","","","","0",",G","29",",G","0",",G","0",",G","0",",G","19830129",",,G","","","19830101",",,G","-6.1",",G,29,","","","6.0",",G,01,","540.3","G","540.3",",G","","","0.90",",G","3.16",",,,G","-1.35",",,,G"
"AYM00089611","1983-02","-66.283","110.517","41.0","CASEY, AY","","","0.0",",G","","","","","","","0",",G","25",",G","7",",G","0",",G","0",",G","19830227",",,G","","","19830212",",,G","-13.4",",G,27,","","","6.0",",G,12,","1090.3","G","550.0",",G","","","-1.31",",G","1.33",",,,G","-3.95",",,,G"
"AYM00089611","1983-03","-66.283","110.517","41.0","CASEY, AY","","","0.0","4,G","","","","","","","6","2,G","29","2,G","28","2,G","0","2,G","0","2,G","19830325",",2,G","","","19830302",",2,G","-22.1","2,G,25,","","","1.1","2,G,02,","1809.5","G","719.2","2,G","","","-8.38","4,G","-4.80","2,,,G","-11.97","2,,,G"
"AYM00089611","1983-04","-66.283","110.517","41.0","CASEY, AY","","","0.0","4,G","","","","","","","5","2,G","28","2,G","28","2,G","0","2,G","0","2,G","19830425",",2,G","","","19830419",",2,G","-25.3","2,G,25,","","","-1.8","2,G,19,","2539.9","G","730.4","2,G","","","-9.83","4,G","-6.07","2,,,G","-13.58","2,,,G"
"AYM00089611","1983-05","-66.283","110.517","41.0","CASEY, AY","","","0.0","1,G","","","","","","","6","1,G","30","1,G","31",",G","0",",G","0",",G","19830516",",1,G","","","19830530",",,G","-21.6","1,G,16,","","","-1.3",",G,30,","3415.7","G","875.8",",G","","","-10.79","1,G","-7.25",",,,G","-14.33","1,,,G"
"AYM00089611","1983-06","-66.283","110.517","41.0","CASEY, AY","","","","","","","","","","","11","5,G","25","5,G","","","","","","","19830615",",5,G","","","","","-29.7","5,G,15,","","","","","","","","","","","","","","","-16.00","5,,,G"
"AYM00089611","1983-07","-66.283","110.517","41.0","CASEY, AY","","","","","","","","","","","26","5,G","26","5,G","26","5,G","0","5,G","0","5,G","19830727",",5,G","","","19830706",",5,G","-34.0","5,G,27,","","","-3.4","5,G,06,","","","","","","","-20.24","9,G","-15.14","5,,,G","-25.33","5,,,G"
"AYM00089611","1983-08","-66.283","110.517","41.0","CASEY, AY","","","0.0","4,G","","","","","","","20","3,G","28","3,G","28","2,G","0","2,G","0","2,G","19830804",",3,G","","","19830830",",2,G","-29.8","3,G,04,","","","3.0","2,G,30,","","","893.8","2,G","","","-14.75","4,G","-9.89","2,,,G","-19.61","3,,,G"
"AYM00089611","1983-09","-66.283","110.517","41.0","CASEY, AY","","","0.0","1,G","","","","","","","4",",G","30",",G","28","1,G","0","1,G","0","1,G","19830902",",,G","","","19830908",",1,G","-24.2",",G,02,","","","0.5","1,G,08,","","","818.1","1,G","","","-10.03","1,G","-6.39","1,,,G","-13.68",",,,G"
"AYM00089611","1983-10","-66.283","110.517","41.0","CASEY, AY","","","0.0",",G","","","","","","","19",",G","31",",G","31",",G","0",",G","0",",G","19831002",",,G","","","19831015",",,G","-28.9",",G,02,","","","-4.1",",G,15,","","","1030.4",",G","","","-14.91",",G","-10.56",",,,G","-19.25",",,,G"
"AYM00089611","1983-11","-66.283","110.517","41.0","CASEY, AY","","","0.0",",G","","","","","","","0",",G","30",",G","24",",G","0",",G","0",",G","19831103",",,G","","","19831109",",,G","-15.9",",G,03,","","","1.8",",G,09,","","","740.8",",G","","","-6.36",",G","-2.71",",,,G","-10.01",",,,G"
"AYM00089611","1983-12","-66.283","110.517","41.0","CASEY, AY","","","0.0",",G","","","","","","","0",",G","28",",G","6",",G","0",",G","0",",G","19831202",",,G","","","19831220",",,G","-11.7",",G,02,","","","5.8",",G,20,","","","601.8",",G","","","-1.08",",G","1.89",",,,G","-4.05",",,,G"
"AYM00089611","1984-01","-66.283","110.517","41.0","CASEY, AY","","","0.0",",G","","","","","","","0",",G","28",",G","0",",G","0",",G","0",",G","19840128","+,,G","","","19840131",",,G","-4.0",",G,28,+","","","6.0",",G,31,","540.0","G","540.0",",G","","","0.91",",G","3.05",",,,G","-1.22",",,,G"
"AYM00089611","1984-02","-66.283","110.517","41.0","CASEY, AY","","","0.0",",G","","","","","","","0",",G","25",",G","11",",G","0",",G","0",",G","19840225",",,G","","","19840204",",,G","-11.9",",G,25,","","","6.4",",G,04,","1106.6","G","566.6",",G","","","-1.20",",G","0.92",",,,G","-3.33",",,,G"
"AYM00089611","1984-03","-66.283","110.517","41.0","CASEY, AY","","","0.0",",G","","","","","","","0",",G","31",",G","17",",G","0",",G","0",",G","19840326",",,G","","","19840309",",,G","-10.8",",G,26,","","","2.9",",G,09,","1775.4","G","668.8",",G","","","-3.24",",G","-0.73",",,,G","-5.75",",,,G"
"AYM00089611","1984-04","-66.283","110.517","41.0","CASEY, AY","","","0.0","2,G","","","","","","","2","1,G","29","1,G","28","1,G","0","1,G","0","1,G","19840412",",1,G","","","19840401",",1,G","-21.5","1,G,12,","","","0.5","1,G,01,","2555.6","G","780.2","1,G","","","-9.49","2,G","-6.51","1,,,G","-12.46","1,,,G"
"AYM00089611","1984-05","-66.283","110.517","41.0","CASEY, AY","","","","","","","","","","","8","5,G","26","5,G","21","5,G","0","5,G","0","5,G","19840527",",5,G","","","19840513",",5,G","-23.7","5,G,27,","","","1.5","5,G,13,","","","","","","","-7.94","8,G","-3.11","5,,,G","-12.77","5,,,G"
"AYM00089611","1984-06","-66.283","110.517","41.0","CASEY, AY","","","0.0","5,G","","","","","","","15","3,G","27","3,G","27","3,G","0","3,G","0","3,G","19840608",",3,G","","","19840601",",3,G","-30.3","3,G,08,","","","-4.0","3,G,01,","","","848.5","3,G","","","-15.54","5,G","-11.74","3,,,G","-19.34","3,,,G"
"AYM00089611","1984-07","-66.283","110.517","41.0","CASEY, AY","0.0","G","0.0","4,G","","","","","","","11","3,G","28","3,G","29","2,G","0","2,G","0","2,G","19840725",",3,G","","","19840713",",2,G","-30.9","3,G,25,","","","-1.6","2,G,13,","","","859.1","2,G","","","-13.65","4,G","-9.62","2,,,G","-17.69","3,,,G"
"AYM00089611","1984-08","-66.283","110.517","41.0","CASEY, AY","0.0","G","0.0","5,G","","","","","","","10","2,G","29","2,G","28","3,G","0","3,G","0","3,G","19840802",",2,G","","","19840831",",3,G","-22.6","2,G,02,","","","-1.4","3,G,31,","","","740.5","3,G","","","-10.37","5,G","-6.39","3,,,G","-14.35","2,,,G"
"AYM00089611","1984-09","-66.283","110.517","41.0","CASEY, AY","0.0","G","0.0","2,G","","","","","","","16","1,G","29","1,G","29","1,G","0","1,G","0","1,G","19840922",",1,G","","","19840906",",1,G","-26.8","1,G,22,","","","-1.5","1,G,06,","","","899.1","1,G","","","-13.97","2,G","-10.35","1,,,G","-17.60","1,,,G"
"AYM00089611","1984-10","-66.283","110.517","41.0","CASEY, AY","0.0","G","0.0","4,G","","","","","","","8","2,G","29","2,G","29","2,G","0","2,G","0","2,G","19841025",",2,G","","","19841008","+,2,G","-23.1","2,G,25,","","","-1.5","2,G,08,+","","","840.3","2,G","","","-12.38","4,G","-8.63","2,,,G","-16.13","2,,,G"
"AYM00089611","1984-11","-66.283","110.517","41.0","CASEY, AY","0.0","G","0.0",",G","","","","","","","3",",G","30",",G","26",",G","0",",G","0",",G","19841101",",,G","","","19841122",",,G","-21.9",",G,01,","","","1.0",",G,22,","","","784.2",",G","","","-7.81",",G","-3.67",",,,G","-11.94",",,,G"
"AYM00089611","1984-12","-66.283","110.517","41.0","CASEY, AY","0.0","G","0.0",",G","","","","","","","0",",G","26",",G","2",",G","0",",G","0",",G","19841201",",,G","","","19841213",",,G","-8.1",",G,01,","","","5.7",",G,13,","","","561.9",",G","","","0.21",",G","2.81",",,,G","-2.40",",,,G"
"AYM00089611","1985-01","-66.283","110.517","41.0","CASEY, AY","0.0","G","0.0",",G","","","","","","","0",",G","22",",G","0",",G","0",",G","0",",G","19850121",",,G","","","19850124",",,G","-6.7",",G,21,","","","8.3",",G,24,","542.5","G","542.5",",G","","","0.83",",G","3.57",",,,G","-1.91",",,,G"
"AYM00089611","1985-02","-66.283","110.517","41.0","CASEY, AY","0.0","G","0.0",",G","","","","","","","0",",G","25",",G","15",",G","0",",G","0",",G","19850227",",,G","","","19850202",",,G","-14.8",",G,27,","","","6.6",",G,02,","1134.2","G","591.7",",G","","","-2.80",",G","-0.30",",,,G","-5.30",",,,G"
"AYM00089611","1985-03","-66.283","110.517","41.0","CASEY, AY","0.0","G","0.0",",G","","","","","","","0",",G","31",",G","19",",G","0",",G","0",",G","19850331",",,G","","","19850305",",,G","-17.7",",G,31,","","","1.7",",G,05,","1825.2","G","691.0",",G","","","-3.96",",G","-1.25",",,,G","-6.66",",,,G"
"AYM00089611","1985-04","-66.283","110.517","41.0","CASEY, AY","0.0","G","0.0","4,G","","","","","","","8","2,G","28","2,G","28","2,G","0","2,G","0","2,G","19850408",",2,G","","","19850428",",2,G","-21.5","2,G,08,","","","-1.0","2,G,28,","2550.4","G","725.2","2,G","","","-9.49","4,G","-5.71","2,,,G","-13.28","2,,,G"
"AYM00089611","1985-05","-66.283","110.517","41.0","CASEY, AY","0.0","G","0.0","2,G","","","","","","","27","1,G","30","1,G","30","1,G","0","1,G","0","1,G","19850526",",1,G","","","19850505",",1,G","-31.0","1,G,26,","","","-8.7","1,G,05,","3637.8","G","1087.4","1,G","","","-19.18","2,G","-15.42","1,,,G","-22.93","1,,,G"
"AYM00089611","1985-06","-66.283","110.517","41.0","CASEY, AY","","","","","","","","","","","15","4,G","26","4,G","26","4,G","0","4,G","0","4,G","19850612",",4,G","","","19850621",",4,G","-28.3","4,G,12,","","","-0.2","4,G,21,","","","","","","","-14.61","6,G","-10.09","4,,,G","-19.13","4,,,G"
"AYM00089611","1985-07","-66.283","110.517","41.0","CASEY, AY","0.0","G","0.0","4,G","","","","","","","21","2,G","29","2,G","29","2,G","0","2,G","0","2,G","19850705",",2,G","","","19850718",",2,G","-29.8","2,G,05,","","","-2.9","2,G,18,","","","933.7","2,G","","","-16.42","4,G","-11.34","2,,,G","-21.50","2,,,G"
"AYM00089611","1985-08","-66.283","110.517","41.0","CASEY, AY","0.0","G","0.0","2,G","","","","","","","11","1,G","30","1,G","30","1,G","0","1,G","0","1,G","19850801",",1,G","","","19850828",",1,G","-29.5","1,G,01,","","","-0.1","1,G,28,","","","863.2","1,G","","","-11.43","2,G","-7.52","1,,,G","-15.35","1,,,G"
"AYM00089611","1985-09","-66.283","110.517","41.0","CASEY, AY","0.0","G","0.0","3,G","","","","","","","17","2,G","28","2,G","28","2,G","0","2,G","0","2,G","19850925",",2,G","","","19850904",",2,G","-25.8","2,G,25,","","","-4.5","2,G,04,","","","884.0","2,G","","","-14.28","3,G","-10.42","2,,,G","-18.15","2,,,G"
"AYM00089611","1985-10","-66.283","110.517","41.0","CASEY, AY","0.0","G","0.0","2,G","","","","","","","11","1,G","30","1,G","30","1,G","0","1,G","0","1,G","19851004",",1,G","","","19851020",",1,G","-24.9","1,G,04,","","","-2.0","1,G,20,","","","881.1","1,G","","","-11.94","2,G","-7.88","1,,,G","-16.00","1,,,G"
"AYM00089611","1985-11","-66.283","110.517","41.0","CASEY, AY","0.0","G","0.0",",G","","","","","","","0",",G","30",",G","25",",G","0",",G","0",",G","19851106",",,G","","","19851125",",,G","-15.2",",G,06,","","","3.3",",G,25,","","","697.2",",G","","","-4.91",",G","-1.88",",,,G","-7.93",",,,G"
"AYM00089611","1985-12","-66.283","110.517","41.0","CASEY, AY","0.0","G","0.0",",G","","","","","","","0",",G","31",",G","11",",G","0",",G","0",",G","19851201",",,G","","","19851225",",,G","-9.4",",G,01,","","","5.2",",G,25,","","","632.6",",G","","","-2.07",",G","0.60",",,,G","-4.74",",,,G"
"AYM00089611","1986-01","-66.283","110.517","41.0","CASEY, AY","0.0","G","0.0",",G","","","","","","","0",",G","30",",G","5",",G","0",",G","0",",G","19860129",",,G","","","19860110",",,G","-9.6",",G,29,","","","5.2",",G,10,","592.5","G","592.5",",G","","","-0.78",",G","1.75",",,,G","-3.31",",,,G"
"AYM00089611","1986-02","-66.283","110.517","41.0","CASEY, AY","0.0","G","0.0",",G","","","","","","","0",",G","22",",G","1",",G","0",",G","0",",G","19860213",",,G","","","19860210",",,G","-7.0",",G,13,","","","7.5",",G,10,","1080.4","G","487.9",",G","","","0.91",",G","3.57",",,,G","-1.75",",,,G"
"AYM00089611","1986-03","-66.283","110.517","41.0","CASEY, AY","0.0","G","0.0",",G","","","","","","","0",",G","31",",G","27",",G","0",",G","0",",G","19860331",",,G","","","19860301",",,G","-14.5",",G,31,","","","3.2",",G,01,","1806.7","G","726.3",",G","","","-5.10",",G","-2.56",",,,G","-7.63",",,,G"
"AYM00089611","1986-04","-66.283","110.517","41.0","CASEY, AY","0.0","G","0.0","2,G","","","","","","","6","1,G","29","1,G","29","1,G","0","1,G","0","1,G","19860430",",1,G","","","19860412",",1,G","-18.8","1,G,30,","","","-0.8","1,G,12,","2614.3","G","807.6","1,G","","","-10.47","2,G","-6.84","1,,,G","-14.10","1,,,G"
"AYM00089611","1986-05","-66.283","110.517","41.0","CASEY, AY","","","","","","","","","","","16","2,G","29","2,G","27","2,G","0","2,G","0","2,G","19860523",",2,G","","","19860509","+,2,G","-24.8","2,G,23,","","","0.9","2,G,09,+","","","","","","","-12.87","4,G","-8.32","2,,,G","-17.41","2,,,G"
"AYM00089611","1986-06","-66.283","110.517","41.0","CASEY, AY","","","","","","","","","","","20","5,G","25","5,G","25","5,G","0","5,G","0","5,G","19860629",",5,G","","","19860604",",5,G","-32.0","5,G,29,","","","-3.9","5,G,04,","","","","","","","-17.17","9,G","-12.12","5,,,G","-22.22","5,,,G"
"AYM00089611","1986-07","-66.283","110.517","41.0","CASEY, AY","0.0","G","0.0","5,G","","","","","","","20","3,G","28","3,G","27","3,G","0","3,G","0","3,G","19860730",",3,G","","","19860711",",3,G","-29.2","3,G,30,","","","1.2","3,G,11,","","","904.6","3,G","","","-16.12","5,G","-11.07","3,,,G","-21.17","3,,,G"
"AYM00089611","1986-08","-66.283","110.517","41.0","CASEY, AY","0.0","G","0.0",",G","","","","","","","9",",G","31",",G","31",",G","0",",G","0",",G","19860803",",,G","","","19860824",",,G","-28.6",",G,03,","","","-2.8",",G,24,","","","952.1",",G","","","-12.38",",G","-8.56",",,,G","-16.20",",,,G"
"AYM00089611","1986-09","-66.283","110.517","41.0","CASEY, AY","0.0","G","0.0","2,G","","","","","","","11","1,G","29","1,G","29","1,G","0","1,G","0","1,G","19860904",",1,G","","","19860924",",1,G","-29.0","1,G,04,","","","-2.3","1,G,24,","","","864.4","1,G","","","-12.61","2,G","-8.59","1,,,G","-16.64","1,,,G"
"AYM00089611","1986-10","-66.283","110.517","41.0","CASEY, AY","0.0","G","0.0",",G","","","","","","","1",",G","31",",G","28",",G","0",",G","0",",G","19861004",",,G","","","19861017",",,G","-18.1",",G,04,","","","1.2",",G,17,","","","804.3",",G","","","-7.61",",G","-4.09",",,,G","-11.13",",,,G"
"AYM00089611","1986-11","-66.283","110.517","41.0","CASEY, AY","0.0","G","0.0",",G","","","","","","","0",",G","30",",G","17",",G","0",",G","0",",G","19861105",",,G","","","19861130",",,G","-17.5",",G,05,","","","3.2",",G,30,","","","705.4",",G","","","-5.18",",G","-2.03",",,,G","-8.33",",,,G"
"AYM00089611","1986-12","-66.283","110.517","41.0","CASEY, AY","0.0","G","0.0",",G","","","","","","","0",",G","31",",G","0",",G","0",",G","0",",G","19861219",",,G","","","19861229",",,G","-4.5",",G,19,","","","4.1",",G,29,","","","573.7",",G","","","-0.17",",G","2.03",",,,G","-2.38",",,,G"
"AYM00089611","1987-01","-66.283","110.517","41.0","CASEY, AY","0.0","G","0.0",",G","","","","","","","0",",G","23",",G","0",",G","0",",G","0",",G","19870129","+,,G","","","19870125",",,G","-5.8",",G,29,+","","","9.2",",G,25,","520.0","G","520.0",",G","","","1.56",",G","4.42",",,,G","-1.30",",,,G"
"AYM00089611","1987-02","-66.283","110.517","41.0","CASEY, AY","0.0","G","0.0",",G","","","","","","","0",",G","27",",G","9",",G","0",",G","0",",G","19870221",",,G","","","19870209","+,,G","-9.7",",G,21,","","","5.5",",G,09,+","1078.2","G","558.2",",G","","","-1.60",",G","1.07",",,,G","-4.28",",,,G"
"AYM00089611","1987-03","-66.283","110.517","41.0","CASEY, AY","0.0","G","0.0","2,G","","","","","","","2","1,G","30","1,G","24","1,G","0","1,G","0","1,G","19870323",",1,G","","","19870330",",1,G","-20.3","1,G,23,","","","0.9","1,G,30,","1801.9","G","723.7","1,G","","","-6.76","2,G","-3.31","1,,,G","-10.20","1,,,G"
"AYM00089611","1987-04","-66.283","110.517","41.0","CASEY, AY","0.0","G","0.0","4,G","","","","","","","7","2,G","28","2,G","27","2,G","0","2,G","0","2,G","19870425",",2,G","","","19870402",",2,G","-24.8","2,G,25,","","","1.3","2,G,02,","2558.4","G","756.5","2,G","","","-10.77","4,G","-7.38","2,,,G","-14.16","2,,,G"
"AYM00089611","1987-05","-66.283","110.517","41.0","CASEY, AY","","","","","","","","","","","14","4,G","27","4,G","27","4,G","0","4,G","0","4,G","19870531",",4,G","","","19870515",",4,G","-28.2","4,G,31,","","","-3.2","4,G,15,","","","","","","","-14.99","8,G","-11.70","4,,,G","-18.29","4,,,G"
"AYM00089611","1987-06","-66.283","110.517","41.0","CASEY, AY","","","0.0","2,G","","","","","","","7","1,G","29","1,G","29","1,G","0","1,G","0","1,G","19870601",",1,G","","","19870625",",1,G","-29.0","1,G,01,","","","-0.6","1,G,25,","","","799.5","1,G","","","-10.24","2,G","-6.57","1,,,G","-13.92","1,,,G"
"AYM00089611","1987-07","-66.283","110.517","41.0","CASEY, AY","","","","","","","","","","","11","4,G","27","4,G","27","4,G","0","4,G","0","4,G","19870730",",4,G","","","19870703",",4,G","-23.5","4,G,30,","","","-2.0","4,G,03,","","","","","","","-11.54","6,G","-8.11","4,,,G","-14.98","4,,,G"
"AYM00089611","1987-08","-66.283","110.517","41.0","CASEY, AY","","","0.0","4,G","","","","","","","24","2,G","29","2,G","29","2,G","0","2,G","0","2,G","19870811",",2,G","","","19870826",",2,G","-38.4","2,G,11,","","","-5.6","2,G,26,","","","1074.5","2,G","","","-21.55","4,G","-16.99","2,,,G","-26.12","2,,,G"
"AYM00089611","1987-09","-66.283","110.517","41.0","CASEY, AY","","","0.0",",G","","","","","","","11",",G","30",",G","30",",G","0",",G","0",",G","19870908",",,G","","","19870919",",,G","-28.6",",G,08,","","","-1.9",",G,19,","","","936.1",",G","","","-12.87",",G","-9.67",",,,G","-16.08",",,,G"
"AYM00089611","1987-10","-66.283","110.517","41.0","CASEY, AY","","","0.0",",G","","","","","","","2",",G","31",",G","29",",G","0",",G","0",",G","19871007",",,G","","","19871018",",,G","-21.1",",G,07,","","","1.2",",G,18,","","","833.7",",G","","","-8.56",",G","-4.80",",,,G","-12.32",",,,G"
"AYM00089611","1987-11","-66.283","110.517","41.0","CASEY, AY","","","0.0","2,G","","","","","","","2","1,G","29","1,G","14","1,G","0","1,G","0","1,G","19871104",",1,G","","","19871129",",1,G","-18.5","1,G,04,","","","3.4","1,G,29,","","","635.4","1,G","","","-4.51","2,G","-1.13","1,,,G","-7.90","1,,,G"
"AYM00089611","1987-12","-66.283","110.517","41.0","CASEY, AY","","","0.0",",G","","","","","","","0",",G","29",",G","1",",G","0",",G","0",",G","19871223",",,G","","","19871231",",,G","-5.9",",G,23,","","","6.4",",G,31,","","","564.9",",G","","","0.11",",G","2.35",",,,G","-2.13",",,,G"
"AYM00089611","1988-01","-66.283","110.517","41.0","CASEY, AY","","","0.0",",G","","","","","","","0",",G","26",",G","1",",G","0",",G","0",",G","19880122",",,G","","","19880105",",,G","-4.8",",G,22,","","","6.5",",G,05,","554.4","G","554.4",",G","","","0.45",",G","2.74",",,,G","-1.84",",,,G"
"AYM00089611","1988-02","-66.283","110.517","41.0","CASEY, AY","","","0.0",",G","","","","","","","0",",G","29",",G","13",",G","0",",G","0",",G","19880216",",,G","","","19880210",",,G","-8.2",",G,16,","","","3.8",",G,10,","1139.9","G","585.5",",G","","","-1.86",",G","0.46",",,,G","-4.17",",,,G"
"AYM00089611","1988-03","-66.283","110.517","41.0","CASEY, AY","","","0.0","4,G","","","","","","","3","2,G","29","2,G","27","2,G","0","2,G","0","2,G","19880326",",2,G","","","19880328",",2,G","-22.1","2,G,26,","","","0.9","2,G,28,","1854.4","G","714.5","2,G","","","-8.12","4,G","-5.11","2,,,G","-11.14","2,,,G"
"AYM00089611","1988-04","-66.283","110.517","41.0","CASEY, AY","","","0.0","4,G","","","","","","","12","3,G","27","3,G","27","2,G","0","2,G","0","2,G","19880418",",3,G","","","19880420",",2,G","-24.3","3,G,18,","","","0.6","2,G,20,","2672.0","G","817.6","2,G","","","-12.83","4,G","-8.36","2,,,G","-17.30","3,,,G"
"AYM00089611","1988-05","-66.283","110.517","41.0","CASEY, AY","","","","","","","","","","","13","3,G","28","3,G","23","4,G","0","4,G","0","4,G","19880509",",3,G","","","19880522",",4,G","-30.9","3,G,09,","","","1.9","4,G,22,","","","","","","","-11.99","7,G","-7.63","4,,,G","-16.35","3,,,G"
"AYM00089611","1988-06","-66.283","110.517","41.0","CASEY, AY","","","","","","","","","","","15","4,G","26","4,G","26","4,G","0","4,G","0","4,G","19880629",",4,G","","","19880614",",4,G","-26.0","4,G,29,","","","-0.7","4,G,14,","","","","","","","-14.51","6,G","-10.31","4,,,G","-18.71","4,,,G"
"AYM00089611","1988-07","-66.283","110.517","41.0","CASEY, AY","0.0","G","0.0","2,G","","","","","","","19","1,G","30","1,G","30","1,G","0","1,G","0","1,G","19880724",",1,G","","","19880702",",1,G","-31.0","1,G,24,","","","-5.4","1,G,02,","","","1040.7","1,G","","","-17.61","2,G","-13.72","1,,,G","-21.49","1,,,G"
"AYM00089611","1988-08","-66.283","110.517","41.0","CASEY, AY","0.0","G","0.0","3,G","","","","","","","16","2,G","29","2,G","29","2,G","0","2,G","0","2,G","19880808",",2,G","","","19880825","+,2,G","-34.0","2,G,08,","","","-2.6","2,G,25,+","","","946.3","2,G","","","-15.46","3,G","-10.77","2,,,G","-20.14","2,,,G"
"AYM00089611","1988-09","-66.283","110.517","41.0","CASEY, AY","0.0","G","0.0","5,G","","","","","","","17","3,G","27","3,G","27","3,G","0","3,G","0","3,G","19880905",",3,G","","","19880918",",3,G","-32.1","3,G,05,","","","-1.1","3,G,18,","","","841.6","3,G","","","-15.29","5,G","-10.38","3,,,G","-20.19","3,,,G"
"AYM00089611","1988-10","-66.283","110.517","41.0","CASEY, AY","0.0","G","0.0",",G","","","","","","","2",",G","31",",G","30",",G","0",",G","0",",G","19881004",",,G","","","19881012",",,G","-20.7",",G,04,","","","0.6",",G,12,","","","845.7",",G","","","-8.95",",G","-5.28",",,,G","-12.62",",,,G"
"AYM00089611","1988-11","-66.283","110.517","41.0","CASEY, AY","0.0","G","0.0","2,G","","","","","","","0","1,G","29","1,G","20","1,G","0","1,G","0","1,G","19881109",",1,G","","","19881105",",1,G","-13.1","1,G,09,","","","4.1","1,G,05,","","","647.9","1,G","","","-4.84","2,G","-1.57","1,,,G","-8.11","1,,,G"
"AYM00089611","1988-12","-66.283","110.517","41.0","CASEY, AY","0.0","G","0.0",",G","","","","","","","0",",G","31",",G","6",",G","0",",G","0",",G","19881210",",,G","","","19881221",",,G","-7.3",",G,10,","","","4.6",",G,21,","","","602.9",",G","","","-1.11",",G","1.45",",,,G","-3.68",",,,G"
"AYM00089611","1989-01","-66.283","110.517","41.0","CASEY, AY","","","","","","","","","","","","","","","9","1,G","0","1,G","0","1,G","","","","","19890106",",1,G","","","","","6.7","1,G,06,","","","","","","","","","1.50","1,,,G","",""
"AYM00089611","1989-02","-66.283","110.517","41.0","CASEY, AY","","","0.0",",G","","","","","","","0",",G","28",",G","17",",G","0",",G","0",",G","19890228",",,G","","","19890202",",,G","-12.0",",G,28,","","","4.4",",G,02,","","","602.3",",G","","","-3.18",",G","-0.99",",,,G","-5.36",",,,G"
"AYM00089611","1989-03","-66.283","110.517","41.0","CASEY, AY","","","0.0","5,G","","","","","","","4","2,G","29","2,G","28","3,G","0","3,G","0","3,G","19890326",",2,G","","","19890311",",3,G","-20.7","2,G,26,","","","-0.5","3,G,11,","","","710.2","3,G","","","-8.79","5,G","-5.92","3,,,G","-11.67","2,,,G"
"AYM00089611","1989-04","-66.283","110.517","41.0","CASEY, AY","","","0.0","4,G","","","","","","","6","2,G","28","2,G","28","2,G","0","2,G","0","2,G","19890430",",2,G","","","19890421",",2,G","-25.7","2,G,30,","","","-0.5","2,G,21,","","","769.2","2,G","","","-11.06","4,G","-7.51","2,,,G","-14.61","2,,,G"
"AYM00089611","1989-05","-66.283","110.517","41.0","CASEY, AY","","","0.0","2,G","","","","","","","15","1,G","30","1,G","30","1,G","0","1,G","0","1,G","19890520",",1,G","","","19890510",",1,G","-26.2","1,G,20,","","","-2.1","1,G,10,","","","942.9","1,G","","","-14.07","2,G","-10.32","1,,,G","-17.81","1,,,G"
"AYM00089611","1989-06","-66.283","110.517","41.0","CASEY, AY","","","","","","","","","","","22","5,G","25","5,G","25","5,G","0","5,G","0","5,G","19890617",",5,G","","","19890618",",5,G","-31.1","5,G,17,","","","-3.9","5,G,18,","","","","","","","-19.16","9,G","-14.56","5,,,G","-23.77","5,,,G"
"AYM00089611","1989-07","-66.283","110.517","41.0","CASEY, AY","0.0","G","0.0","2,G","","","","","","","18","1,G","30","1,G","30","1,G","0","1,G","0","1,G","19890701",",1,G","","","19890718",",1,G","-31.7","1,G,01,","","","-1.5","1,G,18,","","","950.6","1,G","","","-14.49","2,G","-9.73","1,,,G","-19.24","1,,,G"
"AYM00089611","1989-08","-66.283","110.517","41.0","CASEY, AY","0.0","G","0.0","4,G","","","","","","","17","2,G","29","2,G","27","2,G","0","2,G","0","2,G","19890809",",2,G","","","19890830","+,2,G","-27.4","2,G,09,","","","1.3","2,G,30,+","","","842.4","2,G","","","-13.01","4,G","-8.59","2,,,G","-17.44","2,,,G"
"AYM00089611","1989-09","-66.283","110.517","41.0","CASEY, AY","0.0","G","0.0","5,G","","","","","","","6","3,G","27","3,G","25","2,G","0","2,G","0","2,G","19890901",",3,G","","","19890921",",2,G","-22.9","3,G,01,","","","3.9","2,G,21,","","","685.9","2,G","","","-9.22","5,G","-5.60","2,,,G","-12.85","3,,,G"
"AYM00089611","1989-10","-66.283","110.517","41.0","CASEY, AY","0.0","G","0.0",",G","","","","","","","0",",G","31",",G","30",",G","0",",G","0",",G","19891031",",,G","","","19891012",",,G","-15.1",",G,31,","","","0.8",",G,12,","","","777.9",",G","","","-6.76",",G","-4.00",",,,G","-9.52",",,,G"
"AYM00089611","1989-11","-66.283","110.517","41.0","CASEY, AY","0.0","G","0.0",",G","","","","","","","0",",G","30",",G","27",",G","0",",G","0",",G","19891108",",,G","","","19891129",",,G","-16.8",",G,08,","","","4.8",",G,29,","","","790.0",",G","","","-8.00",",G","-4.67",",,,G","-11.33",",,,G"
"AYM00089611","1989-12","-66.283","110.517","41.0","CASEY, AY","0.0","G","0.0",",G","","","","","","","0",",G","25",",G","4",",G","0",",G","0",",G","19891205",",,G","","","19891225",",,G","-5.4",",G,05,","","","7.1",",G,25,","","","551.5",",G","","","0.54",",G","3.06",",,,G","-1.97",",,,G"
"AYM00089611","1990-01","-66.283","110.517","41.0","CASEY, AY","0.0","G","0.0",",G","","","","","","","0",",G","27",",G","1",",G","0",",G","0",",G","19900131",",,G","","","19900116",",,G","-6.4",",G,31,","","","7.0",",G,16,","540.5","G","540.5",",G","","","0.90",",G","3.10",",,,G","-1.31",",,,G"
"AYM00089611","1990-02","-66.283","110.517","41.0","CASEY, AY","0.0","G","0.0",",G","","","","","","","0",",G","28",",G","17",",G","0",",G","0",",G","19900228",",,G","","","19900218",",,G","-9.6",",G,28,","","","4.0",",G,18,","1118.8","G","578.3",",G","","","-2.32",",G","-0.13",",,,G","-4.52",",,,G"
"AYM00089611","1990-03","-66.283","110.517","41.0","CASEY, AY","0.0","G","0.0",",G","","","","","","","0",",G","31",",G","27",",G","0",",G","0",",G","19900307","+,,G","","","19900312",",,G","-16.0",",G,07,+","","","1.6",",G,12,","1889.1","G","770.3",",G","","","-6.52",",G","-3.52",",,,G","-9.51",",,,G"
"AYM00089611","1990-04","-66.283","110.517","41.0","CASEY, AY","0.0","G","0.0","3,G","","","","","","","10","2,G","28","2,G","23","2,G","0","2,G","0","2,G","19900406",",2,G","","","19900427",",2,G","-26.4","2,G,06,","","","3.0","2,G,27,","2656.3","G","767.2","2,G","","","-10.23","3,G","-5.45","2,,,G","-15.02","2,,,G"
"AYM00089611","1990-05","-66.283","110.517","41.0","CASEY, AY","0.0","G","0.0","2,G","","","","","","","11","1,G","30","1,G","30","1,G","0","1,G","0","1,G","19900526",",1,G","","","19900514",",1,G","-30.3","1,G,26,","","","-3.4","1,G,14,","3598.2","G","941.9","1,G","","","-14.00","2,G","-10.42","1,,,G","-17.57","1,,,G"
"AYM00089611","1990-06","-66.283","110.517","41.0","CASEY, AY","0.0","G","0.0","2,G","","","","","","","27","1,G","29","1,G","29","1,G","0","1,G","0","1,G","19900609",",1,G","","","19900614",",1,G","-31.4","1,G,09,","","","-5.9","1,G,14,","4662.4","G","1064.2","1,G","","","-19.46","2,G","-15.58","1,,,G","-23.34","1,,,G"
"AYM00089611","1990-07","-66.283","110.517","41.0","CASEY, AY","","","","","","","","","","","12","4,G","27","4,G","25","4,G","0","4,G","0","4,G","19900709",",4,G","","","19900714",",4,G","-24.5","4,G,09,","","","1.1","4,G,14,","","","","","","","-11.43","7,G","-7.08","4,,,G","-15.78","4,,,G"
"AYM00089611","1990-08","-66.283","110.517","41.0","CASEY, AY","","","0.0","4,G","","","","","","","15","2,G","29","2,G","29","2,G","0","2,G","0","2,G","19900821",",2,G","","","19900816",",2,G","-28.2","2,G,21,","","","-4.1","2,G,16,","","","891.5","2,G","","","-14.67","4,G","-10.51","2,,,G","-18.83","2,,,G"
"AYM00089611","1990-09","-66.283","110.517","41.0","CASEY, AY","","","0.0","4,G","","","","","","","19","2,G","28","2,G","28","2,G","0","2,G","0","2,G","19900913",",2,G","","","19900907",",2,G","-30.1","2,G,13,","","","-2.2","2,G,07,","","","873.6","2,G","","","-15.41","4,G","-10.66","2,,,G","-20.17","2,,,G"
"AYM00089611","1990-10","-66.283","110.517","41.0","CASEY, AY","","","0.0","2,G","","","","","","","14","1,G","30","1,G","30","1,G","0","1,G","0","1,G","19901011",",1,G","","","19901023","+,1,G","-28.2","1,G,11,","","","-2.2","1,G,23,+","","","904.9","1,G","","","-12.94","2,G","-9.43","1,,,G","-16.44","1,,,G"
"AYM00089611","1990-11","-66.283","110.517","41.0","CASEY, AY","","","0.0",",G","","","","","","","2",",G","30",",G","24",",G","0",",G","0",",G","19901105",",,G","","","19901128",",,G","-20.7",",G,05,","","","2.7",",G,28,","","","731.8",",G","","","-6.06",",G","-2.59",",,,G","-9.53",",,,G"
"AYM00089611","1990-12","-66.283","110.517","41.0","CASEY, AY","","","0.0",",G","","","","","","","0",",G","26",",G","4",",G","0",",G","0",",G","19901205",",,G","","","19901222",",,G","-8.0",",G,05,","","","6.0",",G,22,","","","573.8",",G","","","-0.18",",G","2.55",",,,G","-2.90",",,,G"
"AYM00089611","1991-01","-66.283","110.517","41.0","CASEY, AY","","","0.0",",G","","","","","","","0",",G","26",",G","4",",G","0",",G","0",",G","19910122",",,G","","","19910130",",,G","-6.3",",G,22,","","","9.2",",G,30,","561.4","G","561.4",",G","","","0.22",",G","2.47",",,,G","-2.03",",,,G"
"AYM00089611","1991-02","-66.283","110.517","41.0","CASEY, AY","","","0.0","4,G","","","","","","","0","2,G","25","2,G","10","2,G","0","2,G","0","2,G","19910209",",2,G","","","19910219",",2,G","-8.6","2,G,09,","","","6.6","2,G,19,","1045.6","G","484.2","2,G","","","-1.75","4,G","1.11","2,,,G","-4.60","2,,,G"
"AYM00089611","1991-03","-66.283","110.517","41.0","CASEY, AY","","","0.0","2,G","","","","","","","0","1,G","30","1,G","27","1,G","0","1,G","0","1,G","19910309",",1,G","","","19910304",",1,G","-13.3","1,G,09,","","","1.9","1,G,04,","1737.7","G","692.1","1,G","","","-5.63","2,G","-2.95","1,,,G","-8.31","1,,,G"
"AYM00089611","1991-04","-66.283","110.517","41.0","CASEY, AY","","","0.0","2,G","","","","","","","0","1,G","29","1,G","23","1,G","0","1,G","0","1,G","19910403",",1,G","","","19910411",",1,G","-16.0","1,G,03,","","","1.3","1,G,11,","2431.0","G","693.3","1,G","","","-6.42","2,G","-3.64","1,,,G","-9.19","1,,,G"
"AYM00089611","1991-05","-66.283","110.517","41.0","CASEY, AY","","","","","","","","","","","16","4,G","27","4,G","27","4,G","0","4,G","0","4,G","19910519",",4,G","","","19910523",",4,G","-30.7","4,G,19,","","","-1.3","4,G,23,","","","","","","","-15.75","7,G","-11.41","4,,,G","-20.09","4,,,G"
"AYM00089611","1991-06","-66.283","110.517","41.0","CASEY, AY","","","","","","","","","","","8","4,G","26","4,G","25","3,G","0","3,G","0","3,G","19910604",",4,G","","","19910610","+,3,G","-27.2","4,G,04,","","","0.4","3,G,10,+","","","","","","","-10.74","6,G","-6.33","3,,,G","-15.16","4,,,G"
"AYM00089611","1991-07","-66.283","110.517","41.0","CASEY, AY","0.0","G","0.0","4,G","","","","","","","16","2,G","29","2,G","27","2,G","0","2,G","0","2,G","19910717",",2,G","","","19910731",",2,G","-26.2","2,G,17,","","","1.1","2,G,31,","","","864.6","2,G","","","-13.39","4,G","-8.79","2,,,G","-17.99","2,,,G"
"AYM00089611","1991-08","-66.283","110.517","41.0","CASEY, AY","","","","","","","","","","","8","3,G","28","3,G","27","4,G","0","4,G","0","4,G","19910815",",3,G","","","19910819",",4,G","-23.9","3,G,15,","","","-0.8","4,G,19,","","","","","","","-10.08","7,G","-6.23","4,,,G","-13.93","3,,,G"
"AYM00089611","1991-09","-66.283","110.517","41.0","CASEY, AY","","","0.0","2,G","","","","","","","16","1,G","29","1,G","29","1,G","0","1,G","0","1,G","19910916",",1,G","","","19910924",",1,G","-26.4","1,G,16,","","","-1.3","1,G,24,","","","915.8","1,G","","","-14.51","2,G","-10.90","1,,,G","-18.12","1,,,G"
"AYM00089611","1991-10","-66.283","110.517","41.0","CASEY, AY","","","0.0",",G","","","","","","","3",",G","31",",G","31",",G","0",",G","0",",G","19911031",",,G","","","19911012",",,G","-21.7",",G,31,","","","-0.7",",G,12,","","","864.5",",G","","","-9.55",",G","-6.49",",,,G","-12.62",",,,G"
"AYM00089611","1991-11","-66.283","110.517","41.0","CASEY, AY","","","0.0",",G","","","","","","","1",",G","30",",G","14",",G","0",",G","0",",G","19911101",",,G","","","19911126",",,G","-18.7",",G,01,","","","2.7",",G,26,","","","667.3",",G","","","-3.91",",G","-0.86",",,,G","-6.96",",,,G"
"AYM00089611","1991-12","-66.283","110.517","41.0","CASEY, AY","","","0.0",",G","","","","","","","0",",G","29",",G","0",",G","0",",G","0",",G","19911201",",,G","","","19911203",",,G","-4.4",",G,01,","","","6.1",",G,03,","","","529.8",",G","","","1.24",",G","3.98",",,,G","-1.49",",,,G"
"AYM00089611","1992-01","-66.283","110.517","41.0","CASEY, AY","","","0.0",",G","","","","","","","0",",G","26",",G","1",",G","0",",G","0",",G","19920109",",,G","","","19920119",",,G","-4.0",",G,09,","","","7.5",",G,19,","537.0","G","537.0",",G","","","1.01",",G","3.29",",,,G","-1.26",",,,G"
"AYM00089611","1992-02","-66.283","110.517","41.0","CASEY, AY","","","0.0",",G","","","","","","","0",",G","27",",G","12",",G","0",",G","0",",G","19920229",",,G","","","19920201",",,G","-15.8",",G,29,","","","3.9",",G,01,","1123.5","G","586.5",",G","","","-1.89",",G","0.54",",,,G","-4.33",",,,G"
"AYM00089611","1992-03","-66.283","110.517","41.0","CASEY, AY","","","0.0",",G","","","","","","","0",",G","31",",G","24",",G","0",",G","0",",G","19920315",",,G","","","19920323",",,G","-16.3",",G,15,","","","2.8",",G,23,","1880.1","G","756.6",",G","","","-6.07",",G","-3.32",",,,G","-8.82",",,,G"
"AYM00089611","1992-04","-66.283","110.517","41.0","CASEY, AY","","","0.0","2,G","","","","","","","8","1,G","29","1,G","29","1,G","0","1,G","0","1,G","19920419",",1,G","","","19920430",",1,G","-23.5","1,G,19,","","","-0.4","1,G,30,","2718.4","G","838.3","1,G","","","-11.45","2,G","-7.60","1,,,G","-15.29","1,,,G"
"AYM00089611","1992-05","-66.283","110.517","41.0","CASEY, AY","","","0.0","5,G","","","","","","","21","3,G","28","3,G","28","3,G","0","3,G","0","3,G","19920519",",3,G","","","19920501",",3,G","-33.8","3,G,19,","","","-0.7","3,G,01,","3621.0","G","902.6","3,G","","","-16.36","5,G","-11.94","3,,,G","-20.78","3,,,G"
"AYM00089611","1992-06","-66.283","110.517","41.0","CASEY, AY","","","0.0","2,G","","","","","","","14","1,G","29","1,G","25","1,G","0","1,G","0","1,G","19920601",",1,G","","","19920615",",1,G","-25.5","1,G,01,","","","4.2","1,G,15,","4482.2","G","861.2","1,G","","","-12.15","2,G","-8.05","1,,,G","-16.26","1,,,G"
"AYM00089611","1992-07","-66.283","110.517","41.0","CASEY, AY","0.0","G","0.0","5,G","","","","","","","17","3,G","28","3,G","28","3,G","0","3,G","0","3,G","19920728",",3,G","","","19920707",",3,G","-32.4","3,G,28,","","","-2.5","3,G,07,","5385.7","G","903.5","3,G","","","-16.40","5,G","-11.38","3,,,G","-21.43","3,,,G"
"AYM00089611","1992-08","-66.283","110.517","41.0","CASEY, AY","0.0","G","0.0","2,G","","","","","","","13","1,G","30","1,G","29","1,G","0","1,G","0","1,G","19920804",",1,G","","","19920809",",1,G","-28.9","1,G,04,","","","0.2","1,G,09,","6280.0","G","894.3","1,G","","","-12.45","2,G","-8.39","1,,,G","-16.51","1,,,G"
"AYM00089611","1992-09","-66.283","110.517","41.0","CASEY, AY","0.0","G","0.0","2,G","","","","","","","20","1,G","29","1,G","29","1,G","0","1,G","0","1,G","19920919",",1,G","","","19920908",",1,G","-29.9","1,G,19,","","","-2.3","1,G,08,","7250.4","G","970.4","1,G","","","-16.33","2,G","-12.04","1,,,G","-20.62","1,,,G"
"AYM00089611","1992-10","-66.283","110.517","41.0","CASEY, AY","0.0","G","0.0","4,G","","","","","","","10","2,G","29","2,G","29","2,G","0","2,G","0","2,G","19921012",",2,G","","","19921017",",2,G","-31.2","2,G,12,","","","-1.7","2,G,17,","8089.2","G","838.8","2,G","","","-12.76","4,G","-8.86","2,,,G","-16.66","2,,,G"
"AYM00089611","1992-11","-66.283","110.517","41.0","CASEY, AY","0.0","G","0.0",",G","","","","","","","1",",G","30",",G","26",",G","0",",G","0",",G","19921103",",,G","","","19921127",",,G","-21.0",",G,03,","","","3.2",",G,27,","8824.1","G","734.9",",G","","","-6.16",",G","-2.68",",,,G","-9.65",",,,G"
"AYM00089611","1992-12","-66.283","110.517","41.0","CASEY, AY","0.0","G","0.0",",G","","","","","","","0",",G","31",",G","9",",G","0",",G","0",",G","19921215",",,G","","","19921230",",,G","-8.5",",G,15,","","","5.4",",G,30,","9436.4","G","612.3",",G","","","-1.42",",G","1.18",",,,G","-4.02",",,,G"
"AYM00089611","1993-01","-66.283","110.517","41.0","CASEY, AY","","","","","","","","","","","","","","","0",",G","0",",G","0",",G","","","","","19930117",",,G","","","","","6.9",",G,17,","","","","","","","","","3.76",",,,G","",""
"AYM00089611","1993-02","-66.283","110.517","41.0","CASEY, AY","","","0.0","5,G","","","","","","","0","5,G","23","5,G","4",",G","0",",G","0",",G","19930219",",5,G","","","19930224",",,G","-7.2","5,G,19,","","","4.7",",G,24,","","","432.8",",G","","","-0.51","5,G","1.77",",,,G","-2.78","5,,,G"
"AYM00089611","1993-03","-66.283","110.517","41.0","CASEY, AY","","","0.0","5,G","","","","","","","1","4,G","27","4,G","26","1,G","0","1,G","0","1,G","19930320",",4,G","","","19930305",",1,G","-19.0","4,G,20,","","","1.7","1,G,05,","","","652.3","1,G","","","-6.81","5,G","-3.58","1,,,G","-10.05","4,,,G"
"AYM00089611","1993-04","-66.283","110.517","41.0","CASEY, AY","","","","","","","","","","","6","5,G","25","5,G","25","5,G","0","5,G","0","5,G","19930426",",5,G","","","19930403",",5,G","-24.1","5,G,26,","","","-0.3","5,G,03,","","","","","","","-10.06","8,G","-5.71","5,,,G","-14.42","5,,,G"
"AYM00089611","1993-05","-66.283","110.517","41.0","CASEY, AY","","","","","","","","","","","19","4,G","27","4,G","27","4,G","0","4,G","0","4,G","19930518",",4,G","","","19930522",",4,G","-32.2","4,G,18,","","","-4.6","4,G,22,","","","","","","","-16.19","7,G","-10.81","4,,,G","-21.56","4,,,G"
"AYM00089611","1993-06","-66.283","110.517","41.0","CASEY, AY","","","0.0","4,G","","","","","","","21","2,G","28","2,G","28","2,G","0","2,G","0","2,G","19930629",",2,G","","","19930630",",2,G","-33.8","2,G,29,","","","-3.3","2,G,30,","","","941.8","2,G","","","-18.03","4,G","-13.38","2,,,G","-22.68","2,,,G"
"AYM00089611","1993-07","-66.283","110.517","41.0","CASEY, AY","","","","","","","","","","","20","3,G","28","3,G","28","3,G","0","3,G","0","3,G","19930725",",3,G","","","19930728",",3,G","-33.2","3,G,25,","","","-0.1","3,G,28,","","","","","","","-16.42","6,G","-11.65","3,,,G","-21.20","3,,,G"
"AYM00089611","1993-08","-66.283","110.517","41.0","CASEY, AY","","","","","","","","","","","23","4,G","27","4,G","27","4,G","0","4,G","0","4,G","19930807",",4,G","","","19930801",",4,G","-30.9","4,G,07,","","","-4.6","4,G,01,","","","","","","","-18.25","7,G","-13.34","4,,,G","-23.17","4,,,G"
"AYM00089611","1993-09","-66.283","110.517","41.0","CASEY, AY","","","0.0","2,G","","","","","","","18","1,G","29","1,G","29","1,G","0","1,G","0","1,G","19930914",",1,G","","","19930926",",1,G","-29.6","1,G,14,","","","-3.4","1,G,26,","","","946.7","1,G","","","-15.35","2,G","-11.47","1,,,G","-19.23","1,,,G"
"AYM00089611","1993-10","-66.283","110.517","41.0","CASEY, AY","","","0.0",",G","","","","","","","20",",G","31",",G","31",",G","0",",G","0",",G","19931008",",,G","","","19931024",",,G","-28.8",",G,08,","","","-0.3",",G,24,","","","1005.3",",G","","","-14.10",",G","-10.52",",,,G","-17.67",",,,G"
"AYM00089611","1993-11","-66.283","110.517","41.0","CASEY, AY","","","0.0",",G","","","","","","","3",",G","30",",G","28",",G","0",",G","0",",G","19931105",",,G","","","19931119","+,,G","-19.7",",G,05,","","","0.3",",G,19,+","","","758.8",",G","","","-6.96",",G","-3.50",",,,G","-10.42",",,,G"
"AYM00089611","1993-12","-66.283","110.517","41.0","CASEY, AY","","","0.0",",G","","","","","","","0",",G","31",",G","17",",G","0",",G","0",",G","19931213",",,G","","","19931222",",,G","-9.0",",G,13,","","","6.2",",G,22,","","","640.3",",G","","","-2.32",",G","0.21",",,,G","-4.85",",,,G"
"AYM00089611","1994-01","-66.283","110.517","41.0","CASEY, AY","","","0.0",",G","","","","","","","0",",G","30",",G","9",",G","0",",G","0",",G","19940114",",,G","","","19940118",",,G","-8.4",",G,14,","","","7.4",",G,18,","608.7","G","608.7",",G","","","-1.30",",G","1.41",",,,G","-4.02",",,,G"
"AYM00089611","1994-02","-66.283","110.517","41.0","CASEY, AY","","","0.0",",G","","","","","","","0",",G","28",",G","11",",G","0",",G","0",",G","19940217",",,G","","","19940207",",,G","-13.8",",G,17,","","","5.4",",G,07,","1183.7","G","575.0",",G","","","-2.20",",G","0.63",",,,G","-5.03",",,,G"
"AYM00089611","1994-03","-66.283","110.517","41.0","CASEY, AY","","","0.0","3,G","","","","","","","1","2,G","29","2,G","26","2,G","0","2,G","0","2,G","19940311",",2,G","","","19940312",",2,G","-18.7","2,G,11,","","","1.4","2,G,12,","1886.5","G","702.8","2,G","","","-6.75","3,G","-3.14","2,,,G","-10.35","2,,,G"
"AYM00089611","1994-04","-66.283","110.517","41.0","CASEY, AY","","","0.0",",G","","","","","","","14",",G","30",",G","30",",G","0",",G","0",",G","19940408",",,G","","","19940420",",,G","-24.4",",G,08,","","","-4.3",",G,20,","2847.5","G","961.0",",G","","","-13.70",",G","-9.94",",,,G","-17.46",",,,G"
"AYM00089611","1994-05","-66.283","110.517","41.0","CASEY, AY","","","","","","","","","","","22","3,G","28","3,G","26","3,G","0","3,G","0","3,G","19940520","+,3,G","","","19940523",",3,G","-34.4","3,G,20,+","","","3.4","3,G,23,","","","","","","","-18.42","6,G","-14.35","3,,,G","-22.49","3,,,G"
"AYM00089611","1994-06","-66.283","110.517","41.0","CASEY, AY","","","0.0",",G","","","","","","","7",",G","30",",G","29",",G","0",",G","0",",G","19940601",",,G","","","19940627",",,G","-29.7",",G,01,","","","0.9",",G,27,","","","869.4",",G","","","-10.65",",G","-6.12",",,,G","-15.17",",,,G"
"AYM00089611","1994-07","-66.283","110.517","41.0","CASEY, AY","","","","","","","","","","","14","5,G","26","5,G","26","5,G","0","5,G","0","5,G","19940709",",5,G","","","19940711",",5,G","-27.1","5,G,09,","","","-1.7","5,G,11,","","","","","","","-13.06","8,G","-8.37","5,,,G","-17.75","5,,,G"
"AYM00089611","1994-08","-66.283","110.517","41.0","CASEY, AY","","","0.0","5,G","","","","","","","19","3,G","28","3,G","28","3,G","0","3,G","0","3,G","19940816",",3,G","","","19940807",",3,G","-32.5","3,G,16,","","","-1.9","3,G,07,","","","946.0","3,G","","","-18.16","5,G","-13.89","3,,,G","-22.42","3,,,G"
"AYM00089611","1994-09","-66.283","110.517","41.0","CASEY, AY","","","0.0","4,G","","","","","","","9","2,G","28","2,G","28","2,G","0","2,G","0","2,G","19940918",",2,G","","","19940930",",2,G","-24.4","2,G,18,","","","-1.6","2,G,30,","","","777.2","2,G","","","-11.61","4,G","-7.71","2,,,G","-15.51","2,,,G"
"AYM00089611","1994-10","-66.283","110.517","41.0","CASEY, AY","","","0.0",",G","","","","","","","5",",G","31",",G","31",",G","0",",G","0",",G","19941012",",,G","","","19941002",",,G","-23.6",",G,12,","","","-1.4",",G,02,","","","888.1",",G","","","-10.31",",G","-7.11",",,,G","-13.52",",,,G"
"AYM00089611","1994-11","-66.283","110.517","41.0","CASEY, AY","","","0.0",",G","","","","","","","0",",G","30",",G","30",",G","0",",G","0",",G","19941101",",,G","","","19941127",",,G","-14.6",",G,01,","","","-0.4",",G,27,","","","723.5",",G","","","-5.78",",G","-2.76",",,,G","-8.81",",,,G"
"AYM00089611","1994-12","-66.283","110.517","41.0","CASEY, AY","","","0.0",",G","","","","","","","0",",G","31",",G","19",",G","0",",G","0",",G","19941206","+,,G","","","19941214",",,G","-13.0",",G,06,+","","","3.3",",G,14,","","","664.4",",G","","","-3.10",",G","-0.44",",,,G","-5.76",",,,G"
"AYM00089611","1995-01","-66.283","110.517","41.0","CASEY, AY","","","0.0",",G","","","","","","","0",",G","30",",G","11",",G","0",",G","0",",G","19950125",",,G","","","19950112",",,G","-8.9",",G,25,","","","5.9",",G,12,","626.1","G","626.1",",G","","","-1.86",",G","0.65",",,,G","-4.37",",,,G"
"AYM00089611","1995-02","-66.283","110.517","41.0","CASEY, AY","","","0.0",",G","","","","","","","0",",G","28",",G","20",",G","0",",G","0",",G","19950228",",,G","","","19950206",",,G","-14.9",",G,28,","","","2.8",",G,06,","1256.7","G","630.6",",G","","","-4.19",",G","-1.63",",,,G","-6.75",",,,G"
"AYM00089611","1995-03","-66.283","110.517","41.0","CASEY, AY","","","0.0",",G","","","","","","","1",",G","31",",G","29",",G","0",",G","0",",G","19950301",",,G","","","19950319","+,,G","-18.1",",G,01,","","","0.3",",G,19,+","2080.1","G","823.4",",G","","","-8.23",",G","-4.75",",,,G","-11.70",",,,G"
"AYM00089611","1995-04","-66.283","110.517","41.0","CASEY, AY","","","0.0","4,G","","","","","","","13","2,G","28","2,G","28","2,G","0","2,G","0","2,G","19950413",",2,G","","","19950403",",2,G","-24.4","2,G,13,","","","-1.1","2,G,03,","2897.3","G","817.2","2,G","","","-12.90","4,G","-8.82","2,,,G","-16.99","2,,,G"
"AYM00089611","1995-05","-66.283","110.517","41.0","CASEY, AY","","","0.0","2,G","","","","","","","27","1,G","30","1,G","30","1,G","0","1,G","0","1,G","19950522",",1,G","","","19950524",",1,G","-30.5","1,G,22,","","","-4.7","1,G,24,","3960.7","G","1063.4","1,G","","","-18.26","2,G","-14.06","1,,,G","-22.47","1,,,G"
"AYM00089611","1995-06","-66.283","110.517","41.0","CASEY, AY","","","0.0","2,G","","","","","","","17","1,G","29","1,G","29","1,G","0","1,G","0","1,G","19950605",",1,G","","","19950624",",1,G","-31.6","1,G,05,","","","-1.6","1,G,24,","4851.2","G","890.5","1,G","","","-13.26","2,G","-8.61","1,,,G","-17.92","1,,,G"
"AYM00089611","1995-07","-66.283","110.517","41.0","CASEY, AY","0.0","G","0.0","4,G","","","","","","","11","2,G","29","2,G","29","2,G","0","2,G","0","2,G","19950714",",2,G","","","19950710",",2,G","-24.1","2,G,14,","","","-0.2","2,G,10,","5643.1","G","791.9","2,G","","","-10.91","4,G","-6.91","2,,,G","-14.91","2,,,G"
"AYM00089611","1995-08","-66.283","110.517","41.0","CASEY, AY","0.0","G","0.0","2,G","","","","","","","12","1,G","30","1,G","29","1,G","0","1,G","0","1,G","19950819","+,1,G","","","19950804",",1,G","-22.5","1,G,19,+","","","0.9","1,G,04,","6500.2","G","857.1","1,G","","","-11.25","2,G","-7.88","1,,,G","-14.61","1,,,G"
"AYM00089611","1995-09","-66.283","110.517","41.0","CASEY, AY","0.0","G","0.0","3,G","","","","","","","11","2,G","28","2,G","28","2,G","0","2,G","0","2,G","19950914",",2,G","","","19950925",",2,G","-27.5","2,G,14,","","","-2.2","2,G,25,","7330.5","G","830.3","2,G","","","-12.45","3,G","-8.35","2,,,G","-16.55","2,,,G"
"AYM00089611","1995-10","-66.283","110.517","41.0","CASEY, AY","0.0","G","0.0",",G","","","","","","","15",",G","31",",G","31",",G","0",",G","0",",G","19951013",",,G","","","19951003",",,G","-24.4",",G,13,","","","-0.9",",G,03,","8324.3","G","993.8",",G","","","-13.72",",G","-10.02",",,,G","-17.43",",,,G"
"AYM00089611","1995-11","-66.283","110.517","41.0","CASEY, AY","0.0","G","0.0",",G","","","","","","","1",",G","30",",G","21",",G","0",",G","0",",G","19951103",",,G","","","19951126",",,G","-23.4",",G,03,","","","3.8",",G,26,","9034.1","G","709.8",",G","","","-5.33",",G","-1.99",",,,G","-8.67",",,,G"
"AYM00089611","1995-12","-66.283","110.517","41.0","CASEY, AY","0.0","G","0.0",",G","","","","","","","0",",G","31",",G","17",",G","0",",G","0",",G","19951210",",,G","","","19951227",",,G","-9.7",",G,10,","","","4.2",",G,27,","9687.7","G","653.6",",G","","","-2.75",",G","0.10",",,,G","-5.60",",,,G"
"AYM00089611","1996-01","-66.283","110.517","41.0","CASEY, AY","0.0","G","0.0",",G","","","","","","","0",",G","31",",G","9",",G","0",",G","0",",G","19960119","+,,G","","","19960110",",,G","-6.6",",G,19,+","","","5.5",",G,10,","594.2","G","594.2",",G","","","-0.83",",G","1.53",",,,G","-3.20",",,,G"
"AYM00089611","1996-02","-66.283","110.517","41.0","CASEY, AY","0.0","G","0.0","2,G","","","","","","","0","1,G","27","1,G","14","1,G","0","1,G","0","1,G","19960221",",1,G","","","19960206",",1,G","-12.5","1,G,21,","","","5.9","1,G,06,","1157.6","G","563.4","1,G","","","-2.51","2,G","-0.16","1,,,G","-4.86","1,,,G"
"AYM00089611","1996-03","-66.283","110.517","41.0","CASEY, AY","0.0","G","0.0","4,G","","","","","","","2","2,G","29","2,G","20","2,G","0","2,G","0","2,G","19960331",",2,G","","","19960316",",2,G","-19.4","2,G,31,","","","3.6","2,G,16,","1803.2","G","645.6","2,G","","","-5.54","4,G","-2.68","2,,,G","-8.40","2,,,G"
"AYM00089611","1996-04","-66.283","110.517","41.0","CASEY, AY","","","","","","","","","","","5","4,G","26","4,G","24","4,G","0","4,G","0","4,G","19960428",",4,G","","","19960408",",4,G","-24.9","4,G,28,","","","1.3","4,G,08,","","","","","","","-8.58","7,G","-3.90","4,,,G","-13.26","4,,,G"
"AYM00089611","1996-05","-66.283","110.517","41.0","CASEY, AY","","","","","","","","","","","21","3,G","28","3,G","28","3,G","0","3,G","0","3,G","19960526",",3,G","","","19960507",",3,G","-29.6","3,G,26,","","","-3.6","3,G,07,","","","","","","","-16.42","6,G","-12.03","3,,,G","-20.81","3,,,G"
"AYM00089611","1996-06","-66.283","110.517","41.0","CASEY, AY","","","0.0","3,G","","","","","","","19","2,G","28","2,G","28","2,G","0","2,G","0","2,G","19960619",",2,G","","","19960629",",2,G","-34.1","2,G,19,","","","-0.1","2,G,29,","","","896.6","2,G","","","-15.09","3,G","-10.07","2,,,G","-20.11","2,,,G"
"AYM00089611","1996-07","-66.283","110.517","41.0","CASEY, AY","0.0","G","0.0","4,G","","","","","","","15","2,G","29","2,G","26","3,G","0","3,G","0","3,G","19960716",",2,G","","","19960730",",3,G","-25.3","2,G,16,","","","1.1","3,G,30,","","","799.1","3,G","","","-11.39","4,G","-6.55","3,,,G","-16.24","2,,,G"
"AYM00089611","1996-08","-66.283","110.517","41.0","CASEY, AY","","","","","","","","","","","11","3,G","28","3,G","28","3,G","0","3,G","0","3,G","19960807",",3,G","","","19960801",",3,G","-27.4","3,G,07,","","","0.0","3,G,01,","","","","","","","-11.21","6,G","-6.88","3,,,G","-15.55","3,,,G"
"AYM00089611","1996-09","-66.283","110.517","41.0","CASEY, AY","","","0.0","2,G","","","","","","","11","1,G","29","1,G","28","1,G","0","1,G","0","1,G","19960917",",1,G","","","19960908",",1,G","-24.2","1,G,17,","","","2.4","1,G,08,","","","859.2","1,G","","","-12.31","2,G","-8.48","1,,,G","-16.13","1,,,G"
"AYM00089611","1996-10","-66.283","110.517","41.0","CASEY, AY","","","0.0",",G","","","","","","","6",",G","31",",G","31",",G","0",",G","0",",G","19961024",",,G","","","19961007",",,G","-22.0",",G,24,","","","-2.2",",G,07,","","","912.1",",G","","","-11.09",",G","-7.66",",,,G","-14.52",",,,G"
"AYM00089611","1996-11","-66.283","110.517","41.0","CASEY, AY","","","0.0",",G","","","","","","","0",",G","30",",G","26",",G","0",",G","0",",G","19961125",",,G","","","19961120",",,G","-11.0",",G,25,","","","1.9",",G,20,","","","682.9",",G","","","-4.43",",G","-1.64",",,,G","-7.22",",,,G"
"AYM00089611","1996-12","-66.283","110.517","41.0","CASEY, AY","","","0.0",",G","","","","","","","0",",G","31",",G","5",",G","0",",G","0",",G","19961210",",,G","","","19961225",",,G","-6.3",",G,10,","","","5.0",",G,25,","","","590.6",",G","","","-0.72",",G","1.80",",,,G","-3.24",",,,G"
"AYM00089611","1997-01","-66.283","110.517","41.0","CASEY, AY","","","0.0",",G","","","","","","","0",",G","31",",G","1",",G","0",",G","0",",G","19970120","+,,G","","","19970110",",,G","-4.3",",G,20,+","","","4.5",",G,10,","562.4","G","562.4",",G","","","0.19",",G","2.40",",,,G","-2.02",",,,G"
"AYM00089611","1997-02","-66.283","110.517","41.0","CASEY, AY","","","0.0",",G","","","","","","","0",",G","26",",G","12",",G","0",",G","0",",G","19970227",",,G","","","19970203",",,G","-12.4",",G,27,","","","5.1",",G,03,","1138.8","G","576.4",",G","","","-2.25",",G","0.14",",,,G","-4.64",",,,G"
"AYM00089611","1997-03","-66.283","110.517","41.0","CASEY, AY","","","0.0","2,G","","","","","","","1","1,G","30","1,G","24","1,G","0","1,G","0","1,G","19970331",",1,G","","","19970302",",1,G","-21.8","1,G,31,","","","3.0","1,G,02,","1891.6","G","752.8","1,G","","","-7.73","2,G","-4.88","1,,,G","-10.57","1,,,G"
"AYM00089611","1997-04","-66.283","110.517","41.0","CASEY, AY","","","0.0","2,G","","","","","","","11","1,G","29","1,G","28","1,G","0","1,G","0","1,G","19970418",",1,G","","","19970429",",1,G","-22.6","1,G,18,","","","1.2","1,G,29,","2755.0","G","863.4","1,G","","","-12.39","2,G","-8.03","1,,,G","-16.75","1,,,G"
"AYM00089611","1997-05","-66.283","110.517","41.0","CASEY, AY","","","0.0","2,G","","","","","","","17","1,G","30","1,G","30","1,G","0","1,G","0","1,G","19970513",",1,G","","","19970520",",1,G","-28.3","1,G,13,","","","-2.7","1,G,20,","3748.0","G","993.0","1,G","","","-16.07","2,G","-12.26","1,,,G","-19.87","1,,,G"
"AYM00089611","1997-06","-66.283","110.517","41.0","CASEY, AY","","","0.0","2,G","","","","","","","7","1,G","29","1,G","29","1,G","0","1,G","0","1,G","19970613",",1,G","","","19970623","+,1,G","-22.6","1,G,13,","","","0.0","1,G,23,+","4520.6","G","772.6","1,G","","","-9.47","2,G","-5.81","1,,,G","-13.13","1,,,G"
"AYM00089611","1997-07","-66.283","110.517","41.0","CASEY, AY","0.0","G","0.0","2,G","","","","","","","21","1,G","30","1,G","30","1,G","0","1,G","0","1,G","19970726",",1,G","","","19970730",",1,G","-32.8","1,G,26,","","","-5.4","1,G,30,","5525.2","G","1004.6","1,G","","","-16.69","2,G","-12.41","1,,,G","-20.96","1,,,G"
"AYM00089611","1997-08","-66.283","110.517","41.0","CASEY, AY","0.0","G","0.0","4,G","","","","","","","20","2,G","29","2,G","29","2,G","0","2,G","0","2,G","19970816",",2,G","","","19970807",",2,G","-28.6","2,G,16,","","","-3.8","2,G,07,","6492.0","G","966.8","2,G","","","-17.28","4,G","-13.10","2,,,G","-21.47","2,,,G"
"AYM00089611","1997-09","-66.283","110.517","41.0","CASEY, AY","0.0","G","0.0","2,G","","","","","","","14","1,G","29","1,G","29","1,G","0","1,G","0","1,G","19970911",",1,G","","","19970902",",1,G","-30.7","1,G,11,","","","-1.4","1,G,02,","7416.7","G","924.7","1,G","","","-14.74","2,G","-11.05","1,,,G","-18.42","1,,,G"
"AYM00089611","1997-10","-66.283","110.517","41.0","CASEY, AY","0.0","G","0.0","2,G","","","","","","","16","1,G","30","1,G","30","1,G","0","1,G","0","1,G","19971008",",1,G","","","19971031",",1,G","-25.0","1,G,08,","","","-1.6","1,G,31,","8335.3","G","918.6","1,G","","","-13.29","2,G","-9.41","1,,,G","-17.17","1,,,G"
"AYM00089611","1997-11","-66.283","110.517","41.0","CASEY, AY","0.0","G","0.0",",G","","","","","","","0",",G","30",",G","18",",G","0",",G","0",",G","19971102",",,G","","","19971130",",,G","-13.5",",G,02,","","","4.9",",G,30,","9019.4","G","684.1",",G","","","-4.47",",G","-1.26",",,,G","-7.68",",,,G"
"AYM00089611","1997-12","-66.283","110.517","41.0","CASEY, AY","0.0","G","0.0",",G","","","","","","","0",",G","31",",G","1",",G","0",",G","0",",G","19971219","+,,G","","","19971230",",,G","-6.3",",G,19,+","","","5.6",",G,30,","9598.3","G","578.9",",G","","","-0.34",",G","2.10",",,,G","-2.79",",,,G"
"AYM00089611","1998-01","-66.283","110.517","41.0","CASEY, AY","0.0","G","0.0",",G","","","","","","","0",",G","29",",G","3",",G","0",",G","0",",G","19980128",",,G","","","19980101",",,G","-5.3",",G,28,","","","5.4",",G,01,","574.8","G","574.8",",G","","","-0.21",",G","1.97",",,,G","-2.39",",,,G"
"AYM00089611","1998-02","-66.283","110.517","41.0","CASEY, AY","0.0","G","0.0",",G","","","","","","","0",",G","28",",G","16",",G","0",",G","0",",G","19980212",",,G","","","19980223",",,G","-9.9",",G,12,","","","2.6",",G,23,","1164.5","G","589.7",",G","","","-2.73",",G","-0.09",",,,G","-5.37",",,,G"
"AYM00089611","1998-03","-66.283","110.517","41.0","CASEY, AY","0.0","G","0.0",",G","","","","","","","5",",G","31",",G","29",",G","0",",G","0",",G","19980331",",,G","","","19980301",",,G","-22.3",",G,31,","","","1.2",",G,01,","2009.2","G","844.7",",G","","","-8.91",",G","-5.83",",,,G","-12.00",",,,G"
"AYM00089611","1998-04","-66.283","110.517","41.0","CASEY, AY","0.0","G","0.0","5,G","","","","","","","14","3,G","27","3,G","27","3,G","0","3,G","0","3,G","19980423","+,3,G","","","19980426",",3,G","-24.1","3,G,23,+","","","-2.0","3,G,26,","2803.2","G","794.0","3,G","","","-13.27","5,G","-9.02","3,,,G","-17.53","3,,,G"
"AYM00089611","1998-05","-66.283","110.517","41.0","CASEY, AY","0.0","G","0.0","2,G","","","","","","","9","1,G","30","1,G","30","1,G","0","1,G","0","1,G","19980504",",1,G","","","19980523",",1,G","-22.7","1,G,04,","","","-1.6","1,G,23,","3655.9","G","852.7","1,G","","","-10.92","2,G","-7.14","1,,,G","-14.69","1,,,G"
"AYM00089611","1998-06","-66.283","110.517","41.0","CASEY, AY","0.0","G","0.0","2,G","","","","","","","17","1,G","29","1,G","29","1,G","0","1,G","0","1,G","19980630",",1,G","","","19980605",",1,G","-26.7","1,G,30,","","","-3.4","1,G,05,","4588.6","G","932.7","1,G","","","-14.94","2,G","-10.96","1,,,G","-18.93","1,,,G"
"AYM00089611","1998-07","-66.283","110.517","41.0","CASEY, AY","0.0","G","0.0",",G","","","","","","","23",",G","31",",G","31",",G","0",",G","0",",G","19980715",",,G","","","19980720",",,G","-32.2",",G,15,","","","-4.0",",G,20,","5702.8","G","1114.2",",G","","","-17.61",",G","-12.98",",,,G","-22.24",",,,G"
"AYM00089611","1998-08","-66.283","110.517","41.0","CASEY, AY","","","","","","","","","","","17","4,G","27","4,G","25","4,G","0","4,G","0","4,G","19980814",",4,G","","","19980808",",4,G","-32.9","4,G,14,","","","1.3","4,G,08,","","","","","","","-13.84","7,G","-8.50","4,,,G","-19.17","4,,,G"
"AYM00089611","1998-09","-66.283","110.517","41.0","CASEY, AY","","","0.0","4,G","","","","","","","22","2,G","28","2,G","28","2,G","0","2,G","0","2,G","19980907",",2,G","","","19980919",",2,G","-29.4","2,G,07,","","","-3.0","2,G,19,","","","928.5","2,G","","","-17.30","4,G","-13.01","2,,,G","-21.59","2,,,G"
"AYM00089611","1998-10","-66.283","110.517","41.0","CASEY, AY","","","0.0",",G","","","","","","","10",",G","31",",G","31",",G","0",",G","0",",G","19981011",",,G","","","19981024",",,G","-26.9",",G,11,","","","-0.8",",G,24,","","","940.1",",G","","","-11.99",",G","-8.41",",,,G","-15.57",",,,G"
"AYM00089611","1998-11","-66.283","110.517","41.0","CASEY, AY","","","0.0",",G","","","","","","","0",",G","30",",G","22",",G","0",",G","0",",G","19981103",",,G","","","19981126",",,G","-15.9",",G,03,","","","3.6",",G,26,","","","710.5",",G","","","-5.35",",G","-2.13",",,,G","-8.57",",,,G"
"AYM00089611","1998-12","-66.283","110.517","41.0","CASEY, AY","","","0.0",",G","","","","","","","0",",G","30",",G","5",",G","0",",G","0",",G","19981203",",,G","","","19981224",",,G","-9.4",",G,03,","","","7.4",",G,24,","","","591.6",",G","","","-0.75",",G","1.82",",,,G","-3.32",",,,G"
"AYM00089611","1999-01","-66.283","110.517","41.0","CASEY, AY","","","0.0",",G","","","","","","","0",",G","31",",G","8",",G","0",",G","0",",G","19990129",",,G","","","19990114",",,G","-7.5",",G,29,","","","5.0",",G,14,","614.1","G","614.1",",G","","","-1.48",",G","0.76",",,,G","-3.71",",,,G"
"AYM00089611","1999-02","-66.283","110.517","41.0","CASEY, AY","","","0.0",",G","","","","","","","0",",G","28",",G","16",",G","0",",G","0",",G","19990226",",,G","","","19990228",",,G","-12.6",",G,26,","","","4.8",",G,28,","1221.0","G","606.9",",G","","","-3.34",",G","-0.50",",,,G","-6.18",",,,G"
"AYM00089611","1999-03","-66.283","110.517","41.0","CASEY, AY","","","0.0","2,G","","","","","","","3","1,G","30","1,G","29","1,G","0","1,G","0","1,G","19990327",",1,G","","","19990302",",1,G","-20.9","1,G,27,","","","3.6","1,G,02,","2020.3","G","799.3","1,G","","","-9.10","2,G","-5.59","1,,,G","-12.60","1,,,G"
"AYM00089611","1999-04","-66.283","110.517","41.0","CASEY, AY","","","0.0","1,G","","","","","","","26","1,G","29","1,G","30",",G","0",",G","0",",G","19990428",",1,G","","","19990415",",,G","-31.3","1,G,28,","","","-6.4",",G,15,","3109.1","G","1088.8",",G","","","-19.11","1,G","-14.92",",,,G","-23.30","1,,,G"
"AYM00089611","1999-05","-66.283","110.517","41.0","CASEY, AY","","","0.0","4,G","","","","","","","22","2,G","29","2,G","29","2,G","0","2,G","0","2,G","19990511",",2,G","","","19990502",",2,G","-30.8","2,G,11,","","","-2.5","2,G,02,","4090.8","G","981.7","2,G","","","-17.87","4,G","-13.48","2,,,G","-22.26","2,,,G"
"AYM00089611","1999-06","-66.283","110.517","41.0","CASEY, AY","","","0.0","5,G","","","","","","","18","3,G","27","3,G","27","3,G","0","3,G","0","3,G","19990630",",3,G","","","19990603",",3,G","-29.8","3,G,30,","","","-1.9","3,G,03,","4912.2","G","821.4","3,G","","","-14.33","5,G","-10.36","3,,,G","-18.30","3,,,G"
"AYM00089611","1999-07","-66.283","110.517","41.0","CASEY, AY","","","","","","","","","","","26","4,G","27","4,G","27","4,G","0","4,G","0","4,G","19990716",",4,G","","","19990721",",4,G","-31.4","4,G,16,","","","-4.0","4,G,21,","","","","","","","-18.88","8,G","-13.47","4,,,G","-24.29","4,,,G"
"AYM00089611","1999-08","-66.283","110.517","41.0","CASEY, AY","","","","","","","","","","","","","","","30","1,G","0","1,G","0","1,G","","","","","19990809",",1,G","","","","","-1.1","1,G,09,","","","","","","","","","-10.94","1,,,G","",""
"AYM00089611","1999-09","-66.283","110.517","41.0","CASEY, AY","","","0.0","2,G","","","","","","","21","1,G","29","1,G","29","1,G","0","1,G","0","1,G","19990925",",1,G","","","19990930",",1,G","-23.7","1,G,25,","","","-4.5","1,G,30,","","","948.3","1,G","","","-15.49","2,G","-11.65","1,,,G","-19.32","1,,,G"
"AYM00089611","1999-10","-66.283","110.517","41.0","CASEY, AY","","","0.0","4,G","","","","","","","13","2,G","29","2,G","29","2,G","0","2,G","0","2,G","19991004",",2,G","","","19991025",",2,G","-22.8","2,G,04,","","","-1.1","2,G,25,","","","816.3","2,G","","","-11.73","4,G","-7.74","2,,,G","-15.72","2,,,G"
"AYM00089611","1999-11","-66.283","110.517","41.0","CASEY, AY","","","0.0","2,G","","","","","","","1","2,G","28","2,G","30",",G","0",",G","0",",G","19991103",",2,G","","","19991127",",,G","-18.0","2,G,03,","","","0.0",",G,27,","","","698.0",",G","","","-6.64","2,G","-3.41",",,,G","-9.87","2,,,G"
"AYM00089611","1999-12","-66.283","110.517","41.0","CASEY, AY","","","0.0","2,G","","","","","","","0","1,G","30","1,G","17","1,G","0","1,G","0","1,G","19991206","+,1,G","","","19991229",",1,G","-12.4","1,G,06,+","","","2.9","1,G,29,","","","610.9","1,G","","","-2.76","2,G","-0.15","1,,,G","-5.37","1,,,G"
"AYM00089611","2000-01","-66.283","110.517","41.0","CASEY, AY","","","0.0",",G","","","","","","","0",",G","30",",G","13",",G","0",",G","0",",G","20000130",",,G","","","20000111",",,G","-7.6",",G,30,","","","4.8",",G,11,","624.0","G","624.0",",G","","","-1.80",",G","0.62",",,,G","-4.21",",,,G"
"AYM00089611","2000-02","-66.283","110.517","41.0","CASEY, AY","","","0.0","3,G","","","","","","","0","2,G","27","2,G","18","1,G","0","1,G","0","1,G","20000216",",2,G","","","20000203",",1,G","-9.7","2,G,16,","","","2.8","1,G,03,","1164.3","G","540.3","1,G","","","-2.51","3,G","-0.11","1,,,G","-4.91","2,,,G"
"AYM00089611","2000-03","-66.283","110.517","41.0","CASEY, AY","","","0.0","2,G","","","","","","","0","1,G","30","1,G","30","1,G","0","1,G","0","1,G","20000308",",1,G","","","20000314",",1,G","-16.7","1,G,08,","","","-0.1","1,G,14,","1927.8","G","763.5","1,G","","","-8.02","2,G","-4.94","1,,,G","-11.10","1,,,G"
"AYM00089611","2000-04","-66.283","110.517","41.0","CASEY, AY","","","0.0",",G","","","","","","","14",",G","30",",G","30",",G","0",",G","0",",G","20000430",",,G","","","20000413",",,G","-27.5",",G,30,","","","-4.1",",G,13,","2937.9","G","1010.1",",G","","","-15.34",",G","-11.93",",,,G","-18.74",",,,G"
"AYM00089611","2000-05","-66.283","110.517","41.0","CASEY, AY","","","","","","","","","","","23","3,G","28","3,G","27","3,G","0","3,G","0","3,G","20000521",",3,G","","","20000531",",3,G","-28.0","3,G,21,","","","0.8","3,G,31,","","","","","","","-16.00","6,G","-11.22","3,,,G","-20.79","3,,,G"
"AYM00089611","2000-06","-66.283","110.517","41.0","CASEY, AY","","","","","","","","","","","14","5,G","25","5,G","25","5,G","0","5,G","0","5,G","20000621",",5,G","","","20000624",",5,G","-29.5","5,G,21,","","","-0.6","5,G,24,","","","","","","","-14.96","9,G","-10.79","5,,,G","-19.13","5,,,G"
"AYM00089611","2000-07","-66.283","110.517","41.0","CASEY, AY","0.0","G","0.0","5,G","","","","","","","15","3,G","28","3,G","27","3,G","0","3,G","0","3,G","20000724",",3,G","","","20000716",",3,G","-28.0","3,G,24,","","","0.8","3,G,16,","","","828.7","3,G","","","-13.53","5,G","-8.63","3,,,G","-18.44","3,,,G"
"AYM00089611","2000-08","-66.283","110.517","41.0","CASEY, AY","0.0","G","0.0","2,G","","","","","","","13","1,G","30","1,G","30","1,G","0","1,G","0","1,G","20000814",",1,G","","","20000819",",1,G","-26.6","1,G,14,","","","-0.1","1,G,19,","","","874.7","1,G","","","-11.89","2,G","-8.19","1,,,G","-15.58","1,,,G"
"AYM00089611","2000-09","-66.283","110.517","41.0","CASEY, AY","0.0","G","0.0","4,G","","","","","","","7","2,G","28","2,G","27","2,G","0","2,G","0","2,G","20000901",",2,G","","","20000904",",2,G","-23.5","2,G,01,","","","2.4","2,G,04,","","","711.3","2,G","","","-9.19","4,G","-5.09","2,,,G","-13.28","2,,,G"
"AYM00089611","2000-10","-66.283","110.517","41.0","CASEY, AY","0.0","G","0.0","4,G","","","","","","","11","3,G","28","3,G","30","1,G","0","1,G","0","1,G","20001010",",3,G","","","20001029",",1,G","-24.8","3,G,10,","","","-1.0","1,G,29,","","","836.1","1,G","","","-12.85","4,G","-8.95","1,,,G","-16.75","3,,,G"
"AYM00089611","2000-11","-66.283","110.517","41.0","CASEY, AY","0.0","G","0.0","1,G","","","","","","","0","1,G","29","1,G","18",",G","0",",G","0",",G","20001117",",1,G","","","20001124",",,G","-12.6","1,G,17,","","","4.5",",G,24,","","","647.2",",G","","","-3.92","1,G","-0.94",",,,G","-6.90","1,,,G"
"AYM00089611","2000-12","-66.283","110.517","41.0","CASEY, AY","0.0","G","0.0",",G","","","","","","","0",",G","31",",G","6",",G","0",",G","0",",G","20001222",",,G","","","20001230",",,G","-6.3",",G,22,","","","4.4",",G,30,","","","596.5",",G","","","-0.91",",G","1.30",",,,G","-3.12",",,,G"
"AYM00089611","2001-01","-66.283","110.517","41.0","CASEY, AY","0.0","S","0.0","4,G","","","","","","","0","2,G","29","2,G","4","2,G","0","2,G","0","2,G","20010123",",2,G","","","20010103","+,2,G","-6.0","2,G,23,","","","4.0","2,G,03,+","502.5","S","502.5","2,G","","","-0.22","4,G","1.86","2,,,G","-2.31","2,,,G"
"AYM00089611","2001-02","-66.283","110.517","41.0","CASEY, AY","","","","","","","","","","","0","3,G","25","3,G","20","3,G","0","3,G","0","3,G","20010228","+,3,G","","","20010210","+,3,G","-13.0","3,G,28,+","","","2.0","3,G,10,+","","","","","","","-4.60","6,G","-1.36","3,,,G","-7.84","3,,,G"
"AYM00089611","2001-09","-66.283","110.517","41.0","CASEY, AY","","","","","","","","","","","","","","","28","2,S","0","2,S","0","2,S","","","","","20010913",",2,S","","","","","-2.1","2,S,13,","","","","","","","","","-7.43","2,,,S","",""
"AYM00089611","2001-10","-66.283","110.517","41.0","CASEY, AY","","","","","","","","","","","","","","","27","4,S","0","4,S","0","4,S","","","","","20011027",",4,S","","","","","-3.9","4,S,27,","","","","","","","","","-8.57","4,,,S","",""
"AYM00089611","2001-12","-66.283","110.517","41.0","CASEY, AY","","","","","","","","","","","","","","","11","2,S","0","2,S","0","2,S","","","","","20011231",",2,S","","","","","5.0","2,S,31,","","","","","","","","","0.63","2,,,S","",""
"AYM00089611","2002-01","-66.283","110.517","41.0","CASEY, AY","","","","","","","","","","","","","","","2","2,S","0","2,S","0","2,S","","","","","20020116","+,2,S","","","","","6.7","2,S,16,+","","","","","","","","","2.53","2,,,S","",""
"AYM00089611","2002-02","-66.283","110.517","41.0","CASEY, AY","","","","","","","","","","","","","","","20","1,S","0","1,S","0","1,S","","","","","20020214","+,1,S","","","","","1.5","1,S,14,+","","","","","","","","","-0.80","1,,,S","",""
"AYM00089611","2002-03","-66.283","110.517","41.0","CASEY, AY","","","","","","","","","","","","","","","26","1,S","0","1,S","0","1,S","","","","","20020307",",1,S","","","","","1.0","1,S,07,","","","","","","","","","-3.65","1,,,S","",""
"AYM00089611","2002-05","-66.283","110.517","41.0","CASEY, AY","","","","","","","","","","","","","","","26","4,S","0","4,S","0","4,S","","","","","20020526",",4,S","","","","","0.3","4,S,26,","","","","","","","","","-7.83","4,,,S","",""
"AYM00089611","2002-07","-66.283","110.517","41.0","CASEY, AY","","","","","","","","","","","","","","","28","3,S","0","3,S","0","3,S","","","","","20020709",",3,S","","","","","-0.2","3,S,09,","","","","","","","","","-7.60","3,,,S","",""
"AYM00089611","2002-09","-66.283","110.517","41.0","CASEY, AY","","","","","0","5,S","0","5,S","0","5,S","","","","","","","","","","","","","20020930","+,5,S","","","","","0.0","5,,S,30,+","","","","","","","0.0","5,,,S","","","","","",""
"AYM00089611","2002-10","-66.283","110.517","41.0","CASEY, AY","","","","","3","2,S","0","2,S","0","2,S","","","","","","","","","","","","","20021005",",2,S","","","","","2.0","2,,S,05,","","","","","","","3.8","2,,,S","","","","","",""
"AYM00089611","2002-11","-66.283","110.517","41.0","CASEY, AY","","","","","2","4,S","0","4,S","0","4,S","","","","","18","2,S","0","2,S","0","2,S","","","20021102",",4,S","20021108","+,2,S","","","2.0","4,,S,02,","1.9","2,S,08,+","","","","","2.8","4,,,S","","","-1.07","2,,,S","",""
"AYM00089611","2003-01","-66.283","110.517","41.0","CASEY, AY","","","","","2","1,S","1","1,S","0","1,S","","","","","4","2,S","0","2,S","0","2,S","","","20030111",",1,S","20030103",",2,S","","","4.1","1,,S,11,","4.9","2,S,03,","","","","","6.1","1,,,S","","","2.61","2,,,S","",""
"AYM00089611","2003-02","-66.283","110.517","41.0","CASEY, AY","","","","","","","","","","","","","","","12","1,S","0","1,S","0","1,S","","","","","20030218",",1,S","","","","","3.6","1,S,18,","","","","","","","","","0.30","1,,,S","",""
"AYM00089611","2003-03","-66.283","110.517","41.0","CASEY, AY","","","","","3","2,S","0","2,S","0","2,S","","","","","25","5,S","0","5,S","0","5,S","","","20030305",",2,S","20030313",",5,S","","","1.0","2,,S,05,","0.5","5,S,13,","","","","","2.3","2,,,S","","","-3.65","5,,,S","",""
"AYM00089611","2003-04","-66.283","110.517","41.0","CASEY, AY","","","","","1","5,S","0","5,S","0","5,S","","","","","","","","","","","","","20030417",",5,S","","","","","2.0","5,,S,17,","","","","","","","2.0","5,,,S","","","","","",""
"AYM00089611","2003-06","-66.283","110.517","41.0","CASEY, AY","","","","","7","4,S","1","4,S","0","4,S","","","","","","","","","","","","","20030629",",4,S","","","","","8.9","4,,S,29,","","","","","","","16.4","4,,,S","","","","","",""
"AYM00089611","2003-07","-66.283","110.517","41.0","CASEY, AY","","","","","3","3,S","1","3,S","0","3,S","","","","","26","5,S","0","5,S","0","5,S","","","20030720",",3,S","20030701",",5,S","","","13.0","3,,S,20,","-2.4","5,S,01,","","","","","15.5","3,,,S","","","-10.50","5,,,S","",""
"AYM00089611","2003-08","-66.283","110.517","41.0","CASEY, AY","","","","","2","3,S","0","3,S","0","3,S","","","","","26","5,S","0","5,S","0","5,S","","","20030827","+,3,S","20030804",",5,S","","","0.5","3,,S,27,+","-4.6","5,S,04,","","","","","1.0","3,,,S","","","-9.77","5,,,S","",""
"AYM00089611","2003-10","-66.283","110.517","41.0","CASEY, AY","","","","","4","1,S","2","1,S","0","1,S","","","","","28","3,S","0","3,S","0","3,S","","","20031028","+,1,S","20031031",",3,S","","","3.0","1,,S,28,+","-1.9","3,S,31,","","","","","9.0","1,,,S","","","-8.72","3,,,S","",""
"AYM00089611","2003-11","-66.283","110.517","41.0","CASEY, AY","","","","","","","","","","","","","","","25","3,S","0","3,S","0","3,S","","","","","20031124",",3,S","","","","","0.6","3,S,24,","","","","","","","","","-3.22","3,,,S","",""
"AYM00089611","2003-12","-66.283","110.517","41.0","CASEY, AY","","","","","","","","","","","","","","","9","2,S","0","2,S","0","2,S","","","","","20031229",",2,S","","","","","5.6","2,S,29,","","","","","","","","","1.24","2,,,S","",""
"AYM00089611","2004-01","-66.283","110.517","41.0","CASEY, AY","","","","","0","5,S","0","5,S","0","5,S","","","","","1","1,S","0","1,S","0","1,S","","","20040131","+,5,S","20040131",",1,S","","","0.0","5,,S,31,+","5.2","1,S,31,","","","","","0.0","5,,,S","","","1.83","1,,,S","",""
"AYM00089611","2004-02","-66.283","110.517","41.0","CASEY, AY","","","","","0","4,S","0","4,S","0","4,S","","","","","9","2,S","0","2,S","0","2,S","","","20040229","+,4,S","20040203",",2,S","","","0.0","4,,S,29,+","5.1","2,S,03,","","","","","0.0","4,,,S","","","1.54","2,,,S","",""
"AYM00089611","2004-03","-66.283","110.517","41.0","CASEY, AY","","","","","","","","","","","","","","","28","2,S","0","2,S","0","2,S","","","","","20040305",",2,S","","","","","0.6","2,S,05,","","","","","","","","","-4.58","2,,,S","",""
"AYM00089611","2004-09","-66.283","110.517","41.0","CASEY, AY","","","","","","","","","","","","","","","25","5,S","0","5,S","0","5,S","","","","","20040928",",5,S","","","","","-3.8","5,S,28,","","","","","","","","","-9.23","5,,,S","",""
"AYM00089611","2004-10","-66.283","110.517","41.0","CASEY, AY","","","","","","","","","","","","","","","26","5,S","0","5,S","0","5,S","","","","","20041017",",5,S","","","","","-0.2","5,S,17,","","","","","","","","","-7.19","5,,,S","",""
"AYM00089611","2004-11","-66.283","110.517","41.0","CASEY, AY","","","","","","","","","","","","","","","19","4,S","0","4,S","0","4,S","","","","","20041113",",4,S","","","","","3.4","4,S,13,","","","","","","","","","-3.53","4,,,S","",""
"AYM00089611","2004-12","-66.283","110.517","41.0","CASEY, AY","","","","","","","","","","","","","","","6","1,S","0","1,S","0","1,S","","","","","20041224",",1,S","","","","","5.9","1,S,24,","","","","","","","","","2.25","1,,,S","",""
"AYM00089611","2005-01","-66.283","110.517","41.0","CASEY, AY","","","","","","","","","","","","","","","0",",S","0",",S","0",",S","","","","","20050112",",,S","","","","","5.8",",S,12,","","","","","","","","","3.11",",,,S","",""
"AYM00089611","2005-02","-66.283","110.517","41.0","CASEY, AY","","","","","","","","","","","","","","","12","2,S","0","2,S","0","2,S","","","","","20050206",",2,S","","","","","4.4","2,S,06,","","","","","","","","","0.23","2,,,S","",""
"AYM00089611","2005-03","-66.283","110.517","41.0","CASEY, AY","","","","","","","","","","","","","","","23","3,S","0","3,S","0","3,S","","","","","20050301",",3,S","","","","","1.6","3,S,01,","","","","","","","","","-4.53","3,,,S","",""
"AYM00089611","2005-06","-66.283","110.517","41.0","CASEY, AY","","","","","","","","","","","","","","","25","5,S","0","5,S","0","5,S","","","","","20050618",",5,S","","","","","-0.2","5,S,18,","","","","","","","","","-8.76","5,,,S","",""
"AYM00089611","2005-10","-66.283","110.517","41.0","CASEY, AY","","","","","","","","","","","","","","","28","3,S","0","3,S","0","3,S","","","","","20051021","+,3,S","","","","","-0.6","3,S,21,+","","","","","","","","","-7.37","3,,,S","",""
"AYM00089611","2005-11","-66.283","110.517","41.0","CASEY, AY","","","","","","","","","","","","","","","26","2,S","0","2,S","0","2,S","","","","","20051129","+,2,S","","","","","0.1","2,S,29,+","","","","","","","","","-3.02","2,,,S","",""
"AYM00089611","2005-12","-66.283","110.517","41.0","CASEY, AY","","","","","","","","","","","","","","","1","4,S","0","4,S","0","4,S","","","","","20051222",",4,S","","","","","7.3","4,S,22,","","","","","","","","","3.61","4,,,S","",""
"AYM00089611","2006-01","-66.283","110.517","41.0","CASEY, AY","","","","","","","","","","","","","","","5","5,S","0","5,S","0","5,S","","","","","20060118",",5,S","","","","","5.0","5,S,18,","","","","","","","","","1.95","5,,,S","",""
"AYM00089611","2006-02","-66.283","110.517","41.0","CASEY, AY","","","","","","","","","","","","","","","11","3,S","0","3,S","0","3,S","","","","","20060212",",3,S","","","","","3.7","3,S,12,","","","","","","","","","0.48","3,,,S","",""
"AYM00089611","2006-03","-66.283","110.517","41.0","CASEY, AY","","","","","","","","","","","","","","","22","4,S","0","4,S","0","4,S","","","","","20060317",",4,S","","","","","2.5","4,S,17,","","","","","","","","","-3.06","4,,,S","",""
"AYM00089611","2006-05","-66.283","110.517","41.0","CASEY, AY","","","","","","","","","","","","","","","29","2,S","0","2,S","0","2,S","","","","","20060501",",2,S","","","","","-2.8","2,S,01,","","","","","","","","","-14.32","2,,,S","",""
"AYM00089611","2006-06","-66.283","110.517","41.0","CASEY, AY","","","","","","","","","","","","","","","26","4,S","0","4,S","0","4,S","","","","","20060624",",4,S","","","","","-4.2","4,S,24,","","","","","","","","","-10.49","4,,,S","",""
"AYM00089611","2006-07","-66.283","110.517","41.0","CASEY, AY","","","","","","","","","","","","","","","28","3,S","0","3,S","0","3,S","","","","","20060731",",3,S","","","","","-0.3","3,S,31,","","","","","","","","","-7.94","3,,,S","",""
"AYM00089611","2006-10","-66.283","110.517","41.0","CASEY, AY","","","","","","","","","","","","","","","29","2,S","0","2,S","0","2,S","","","","","20061023",",2,S","","","","","-3.2","2,S,23,","","","","","","","","","-9.18","2,,,S","",""
"AYM00089611","2006-11","-66.283","110.517","41.0","CASEY, AY","","","","","","","","","","","","","","","25",",S","0",",S","0",",S","","","","","20061121",",,S","","","","","3.1",",S,21,","","","","","","","","","-3.64",",,,S","",""
"AYM00089611","2006-12","-66.283","110.517","41.0","CASEY, AY","","","","","","","","","","","","","","","8",",S","0",",S","0",",S","","","","","20061204",",,S","","","","","3.9",",S,04,","","","","","","","","","0.87",",,,S","",""
"AYM00089611","2007-01","-66.283","110.517","41.0","CASEY, AY","","","","","","","","","","","","","","","0","1,S","0","1,S","0","1,S","","","","","20070112",",1,S","","","","","9.1","1,S,12,","","","","","","","","","2.82","1,,,S","",""
"AYM00089611","2007-02","-66.283","110.517","41.0","CASEY, AY","","","","","","","","","","","","","","","7","1,S","0","1,S","0","1,S","","","","","20070202",",1,S","","","","","4.5","1,S,02,","","","","","","","","","0.45","1,,,S","",""
"AYM00089611","2007-06","-66.283","110.517","41.0","CASEY, AY","","","","","","","","","","","","","","","27","3,S","0","3,S","0","3,S","","","","","20070610",",3,S","","","","","-1.6","3,S,10,","","","","","","","","","-8.83","3,,,S","",""
"AYM00089611","2007-10","-66.283","110.517","41.0","CASEY, AY","","","","","","","","","","","","","","","27","4,S","0","4,S","0","4,S","","","","","20071031",",4,S","","","","","-1.2","4,S,31,","","","","","","","","","-6.53","4,,,S","",""
"AYM00089611","2007-11","-66.283","110.517","41.0","CASEY, AY","","","","","","","","","","","","","","","24","2,S","0","2,S","0","2,S","","","","","20071127",",2,S","","","","","2.0","2,S,27,","","","","","","","","","-1.37","2,,,S","",""
"AYM00089611","2007-12","-66.283","110.517","41.0","CASEY, AY","","","","","","","","","","","","","","","14","1,S","0","1,S","0","1,S","","","","","20071224",",1,S","","","","","4.7","1,S,24,","","","","","","","","","0.65","1,,,S","",""
"AYM00089611","2008-01","-66.283","110.517","41.0","CASEY, AY","","","","","","","","","","","","","","","3","2,S","0","2,S","0","2,S","","","","","20080107",",2,S","","","","","3.6","2,S,07,","","","","","","","","","1.07","2,,,S","",""
"AYM00089611","2008-02","-66.283","110.517","41.0","CASEY, AY","","","","","","","","","","","","","","","19","2,S","0","2,S","0","2,S","","","","","20080205",",2,S","","","","","5.6","2,S,05,","","","","","","","","","-1.33","2,,,S","",""
"AYM00089611","2008-03","-66.283","110.517","41.0","CASEY, AY","","","","","","","","","","","","","","","25","2,S","0","2,S","0","2,S","","","","","20080302",",2,S","","","","","3.5","2,S,02,","","","","","","","","","-5.15","2,,,S","",""
"AYM00089611","2008-04","-66.283","110.517","41.0","CASEY, AY","","","","","","","","","","","","","","","24","5,S","0","5,S","0","5,S","","","","","20080409",",5,S","","","","","0.1","5,S,09,","","","","","","","","","-5.52","5,,,S","",""
"AYM00089611","2008-07","-66.283","110.517","41.0","CASEY, AY","","","","","","","","","","","","","","","26","5,S","0","5,S","0","5,S","","","","","20080709",",5,S","","","","","-2.3","5,S,09,","","","","","","","","","-8.20","5,,,S","",""
"AYM00089611","2008-10","-66.283","110.517","41.0","CASEY, AY","","","","","","","","","","","","","","","27","4,S","0","4,S","0","4,S","","","","","20081025",",4,S","","","","","-3.1","4,S,25,","","","","","","","","","-9.04","4,,,S","",""
"AYM00089611","2008-11","-66.283","110.517","41.0","CASEY, AY","","","","","","","","","","","","","","","20","2,S","0","2,S","0","2,S","","","","","20081110",",2,S","","","","","1.8","2,S,10,","","","","","","","","","-1.52","2,,,S","",""
"AYM00089611","2008-12","-66.283","110.517","41.0","CASEY, AY","","","","","","","","","","","","","","","10","2,S","0","2,S","0","2,S","","","","","20081221",",2,S","","","","","4.0","2,S,21,","","","","","","","","","1.09","2,,,S","",""
"AYM00089611","2009-01","-66.283","110.517","41.0","CASEY, AY","","","","","","","","","","","","","","","7",",S","0",",S","0",",S","","","","","20090120",",,S","","","","","5.0",",S,20,","","","","","","","","","1.34",",,,S","",""
"AYM00089611","2009-02","-66.283","110.517","41.0","CASEY, AY","","","","","","","","","","","","","","","6","2,S","0","2,S","0","2,S","","","","","20090205",",2,S","","","","","5.2","2,S,05,","","","","","","","","","0.92","2,,,S","",""
"AYM00089611","2009-08","-66.283","110.517","41.0","CASEY, AY","","","","","","","","","","","","","","","26","5,S","0","5,S","0","5,S","","","","","20090813",",5,S","","","","","0.0","5,S,13,","","","","","","","","","-10.46","5,,,S","",""
"AYM00089611","2009-09","-66.283","110.517","41.0","CASEY, AY","","","","","","","","","","","","","","","24","5,S","0","5,S","0","5,S","","","","","20090912",",5,S","","","","","0.1","5,S,12,","","","","","","","","","-6.26","5,,,S","",""
"AYM00089611","2009-10","-66.283","110.517","41.0","CASEY, AY","","","","","","","","","","","","","","","28","3,S","0","3,S","0","3,S","","","","","20091021",",3,S","","","","","-1.4","3,S,21,","","","","","","","","","-6.05","3,,,S","",""
"AYM00089611","2009-11","-66.283","110.517","41.0","CASEY, AY","","","","","","","","","","","","","","","23","2,S","0","2,S","0","2,S","","","","","20091116",",2,S","","","","","1.5","2,S,16,","","","","","","","","","-3.06","2,,,S","",""
"AYM00089611","2009-12","-66.283","110.517","41.0","CASEY, AY","","","","","","","","","","","","","","","7",",S","0",",S","0",",S","","","","","20091207",",,S","","","","","4.0",",S,07,","","","","","","","","","0.93",",,,S","",""
"AYM00089611","2010-01","-66.283","110.517","41.0","CASEY, AY","","","","","","","","","","","","","","","0","1,S","0","1,S","0","1,S","","","","","20100130",",1,S","","","","","6.7","1,S,30,","","","","","","","","","4.09","1,,,S","",""
"AYM00089611","2010-02","-66.283","110.517","41.0","CASEY, AY","","","","","","","","","","","","","","","17",",S","0",",S","0",",S","","","","","20100201",",,S","","","","","4.9",",S,01,","","","","","","","","","-0.96",",,,S","",""
"AYM00089611","2010-03","-66.283","110.517","41.0","CASEY, AY","","","","","","","","","","","","","","","27","4,S","0","4,S","0","4,S","","","","","20100317",",4,S","","","","","0.0","4,S,17,","","","","","","","","","-4.86","4,,,S","",""
"AYM00089611","2010-04","-66.283","110.517","41.0","CASEY, AY","","","","","","","","","","","","","","","25","5,S","0","5,S","0","5,S","","","","","20100403",",5,S","","","","","-2.6","5,S,03,","","","","","","","","","-10.02","5,,,S","",""
"AYM00089611","2010-06","-66.283","110.517","41.0","CASEY, AY","","","","","","","","","","","","","","","25","5,S","0","5,S","0","5,S","","","","","20100629","+,5,S","","","","","-4.0","5,S,29,+","","","","","","","","","-8.71","5,,,S","",""
"AYM00089611","2010-09","-66.283","110.517","41.0","CASEY, AY","","","","","","","","","","","","","","","25","5,S","0","5,S","0","5,S","","","","","20100909",",5,S","","","","","-4.3","5,S,09,","","","","","","","","","-9.48","5,,,S","",""
"AYM00089611","2010-10","-66.283","110.517","41.0","CASEY, AY","","","","","","","","","","","","","","","30","1,S","0","1,S","0","1,S","","","","","20101031",",1,S","","","","","-0.5","1,S,31,","","","","","","","","","-7.62","1,,,S","",""
"AYM00089611","2010-11","-66.283","110.517","41.0","CASEY, AY","","","","","","","","","","","","","","","25","3,S","0","3,S","0","3,S","","","","","20101109",",3,S","","","","","2.0","3,S,09,","","","","","","","","","-3.14","3,,,S","",""
"AYM00089611","2010-12","-66.283","110.517","41.0","CASEY, AY","","","","","","","","","","","","","","","7","1,S","0","1,S","0","1,S","","","","","20101221",",1,S","","","","","4.9","1,S,21,","","","","","","","","","0.81","1,,,S","",""
"AYM00089611","2011-01","-66.283","110.517","41.0","CASEY, AY","","","","","","","","","","","","","","","0","1,S","0","1,S","0","1,S","","","","","20110122",",1,S","","","","","8.7","1,S,22,","","","","","","","","","3.74","1,,,S","",""
"AYM00089611","2011-02","-66.283","110.517","41.0","CASEY, AY","","","","","","","","","","","","","","","22",",S","0",",S","0",",S","","","","","20110201",",,S","","","","","3.4",",S,01,","","","","","","","","","-1.58",",,,S","",""
"AYM00089611","2011-03","-66.283","110.517","41.0","CASEY, AY","","","","","","","","","","","","","","","27","3,S","0","3,S","0","3,S","","","","","20110325",",3,S","","","","","1.2","3,S,25,","","","","","","","","","-3.99","3,,,S","",""
"AYM00089611","2011-05","-66.283","110.517","41.0","CASEY, AY","","","","","","","","","","","","","","","28","3,S","0","3,S","0","3,S","","","","","20110508",",3,S","","","","","-2.3","3,S,08,","","","","","","","","","-13.08","3,,,S","",""
"AYM00089611","2011-09","-66.283","110.517","41.0","CASEY, AY","","","","","","","","","","","","","","","28","2,S","0","2,S","0","2,S","","","","","20110909",",2,S","","","","","-4.7","2,S,09,","","","","","","","","","-9.90","2,,,S","",""
"AYM00089611","2011-10","-66.283","110.517","41.0","CASEY, AY","","","","","","","","","","","","","","","26","3,S","0","3,S","0","3,S","","","","","20111015",",3,S","","","","","1.1","3,S,15,","","","","","","","","","-8.11","3,,,S","",""
"AYM00089611","2011-11","-66.283","110.517","41.0","CASEY, AY","","","0.0","4,S","","","","","","","3","4,S","26","4,S","25",",S","0",",S","0",",S","20111101",",4,S","","","20111116",",,S","-22.1","4,S,01,","","","2.4",",S,16,","","","666.1",",S","","","-7.24","4,S","-3.20",",,,S","-11.28","4,,,S"
"AYM00089611","2011-12","-66.283","110.517","41.0","CASEY, AY","","","","","","","","","","","","","","","7","4,S","0","4,S","0","4,S","","","","","20111226",",4,S","","","","","5.4","4,S,26,","","","","","","","","","1.18","4,,,S","",""
"AYM00089611","2012-01","-66.283","110.517","41.0","CASEY, AY","","","","","","","","","","","","","","","8",",S","0",",S","0",",S","","","","","20120101",",,S","","","","","3.8",",S,01,","","","","","","","","","0.71",",,,S","",""
"AYM00089611","2012-02","-66.283","110.517","41.0","CASEY, AY","","","","","","","","","","","","","","","17","1,S","0","1,S","0","1,S","","","","","20120215",",1,S","","","","","3.2","1,S,15,","","","","","","","","","-0.33","1,,,S","",""
"AYM00089611","2012-03","-66.283","110.517","41.0","CASEY, AY","","","","","","","","","","","","","","","28","2,S","0","2,S","0","2,S","","","","","20120301",",2,S","","","","","0.4","2,S,01,","","","","","","","","","-4.24","2,,,S","",""
"AYM00089611","2012-04","-66.283","110.517","41.0","CASEY, AY","","","","","","","","","","","","","","","25","5,S","0","5,S","0","5,S","","","","","20120405",",5,S","","","","","-2.0","5,S,05,","","","","","","","","","-7.41","5,,,S","",""
"AYM00089611","2012-05","-66.283","110.517","41.0","CASEY, AY","","","","","","","","","","","","","","","23","5,S","0","5,S","0","5,S","","","","","20120509",",5,S","","","","","1.9","5,S,09,","","","","","","","","","-8.69","5,,,S","",""
"AYM00089611","2012-09","-66.283","110.517","41.0","CASEY, AY","","","","","","","","","","","","","","","26","4,S","0","4,S","0","4,S","","","","","20120901",",4,S","","","","","-2.5","4,S,01,","","","","","","","","","-11.09","4,,,S","",""
"AYM00089611","2012-10","-66.283","110.517","41.0","CASEY, AY","","","","","","","","","","","","","","","27","4,S","0","4,S","0","4,S","","","","","20121022",",4,S","","","","","-0.6","4,S,22,","","","","","","","","","-6.33","4,,,S","",""
"AYM00089611","2012-11","-66.283","110.517","41.0","CASEY, AY","","","","","","","","","","","","","","","23","3,S","0","3,S","0","3,S","","","","","20121118",",3,S","","","","","4.2","3,S,18,","","","","","","","","","-2.66","3,,,S","",""
"AYM00089611","2012-12","-66.283","110.517","41.0","CASEY, AY","","","","","","","","","","","","","","","7","1,S","0","1,S","0","1,S","","","","","20121219",",1,S","","","","","5.1","1,S,19,","","","","","","","","","1.34","1,,,S","",""
"AYM00089611","2013-01","-66.283","110.517","41.0","CASEY, AY","","","","","","","","","","","","","","","1",",S","0",",S","0",",S","","","","","20130108",",,S","","","","","6.0",",S,08,","","","","","","","","","2.85",",,,S","",""
"AYM00089611","2013-02","-66.283","110.517","41.0","CASEY, AY","","","","","","","","","","","","","","","17",",S","0",",S","0",",S","","","","","20130202",",,S","","","","","4.1",",S,02,","","","","","","","","","-0.83",",,,S","",""
"AYM00089611","2013-03","-66.283","110.517","41.0","CASEY, AY","","","","","","","","","","","","","","","27","3,S","0","3,S","0","3,S","","","","","20130313",",3,S","","","","","0.8","3,S,13,","","","","","","","","","-6.09","3,,,S","",""
"AYM00089611","2013-04","-66.283","110.517","41.0","CASEY, AY","","","","","","","","","","","","","","","25","4,S","0","4,S","0","4,S","","","","","20130425",",4,S","","","","","0.7","4,S,25,","","","","","","","","","-10.88","4,,,S","",""
"AYM00089611","2013-08","-66.283","110.517","41.0","CASEY, AY","","","","","","","","","","","","","","","26","5,S","0","5,S","0","5,S","","","","","20130808",",5,S","","","","","-2.0","5,S,08,","","","","","","","","","-12.23","5,,,S","",""
"AYM00089611","2013-10","-66.283","110.517","41.0","CASEY, AY","","","","","","","","","","","","","","","27","3,S","0","3,S","0","3,S","","","","","20131015",",3,S","","","","","0.5","3,S,15,","","","","","","","","","-9.04","3,,,S","",""
"AYM00089611","2013-11","-66.283","110.517","41.0","CASEY, AY","","","","","","","","","","","","","","","26",",S","0",",S","0",",S","","","","","20131129",",,S","","","","","2.9",",S,29,","","","","","","","","","-2.94",",,,S","",""
"AYM00089611","2013-12","-66.283","110.517","41.0","CASEY, AY","","","","","","","","","","","","","","","7","1,S","0","1,S","0","1,S","","","","","20131230",",1,S","","","","","5.8","1,S,30,","","","","","","","","","1.38","1,,,S","",""
"AYM00089611","2014-01","-66.283","110.517","41.0","CASEY, AY","","","","","","","","","","","","","","","0",",S","0",",S","0",",S","","","","","20140109",",,S","","","","","7.0",",S,09,","","","","","","","","","3.31",",,,S","",""
"AYM00089611","2014-02","-66.283","110.517","41.0","CASEY, AY","","","","","","","","","","","","","","","13","5,S","0","5,S","0","5,S","","","","","20140220",",5,S","","","","","3.7","5,S,20,","","","","","","","","","-0.19","5,,,S","",""
"AYM00089611","2014-03","-66.283","110.517","41.0","CASEY, AY","","","","","","","","","","","","","","","24","2,S","0","2,S","0","2,S","","","","","20140302",",2,S","","","","","4.0","2,S,02,","","","","","","","","","-5.16","2,,,S","",""
"AYM00089611","2014-07","-66.283","110.517","41.0","CASEY, AY","","","","","","","","","","","","","","","25","5,S","0","5,S","0","5,S","","","","","20140725",",5,S","","","","","1.1","5,S,25,","","","","","","","","","-9.67","5,,,S","",""
"AYM00089611","2014-09","-66.283","110.517","41.0","CASEY, AY","","","","","","","","","","","","","","","25","4,S","0","4,S","0","4,S","","","","","20140928",",4,S","","","","","1.0","4,S,28,","","","","","","","","","-8.64","4,,,S","",""
"AYM00089611","2014-10","-66.283","110.517","41.0","CASEY, AY","","","","","","","","","","","","","","","28","2,S","0","2,S","0","2,S","","","","","20141029",",2,S","","","","","1.5","2,S,29,","","","","","","","","","-7.33","2,,,S","",""
"AYM00089611","2014-11","-66.283","110.517","41.0","CASEY, AY","","","","","","","","","","","","","","","18","4,S","0","4,S","0","4,S","","","","","20141107","+,4,S","","","","","1.7","4,S,07,+","","","","","","","","","-1.22","4,,,S","",""
"AYM00089611","2014-12","-66.283","110.517","41.0","CASEY, AY","","","","","","","","","","","","","","","8","1,S","0","1,S","0","1,S","","","","","20141226",",1,S","","","","","4.9","1,S,26,","","","","","","","","","1.76","1,,,S","",""
"AYM00089611","2015-01","-66.283","110.517","41.0","CASEY, AY","","","","","","","","","","","","","","","2","3,S","0","3,S","0","3,S","","","","","20150122",",3,S","","","","","5.2","3,S,22,","","","","","","","","","2.41","3,,,S","",""
"AYM00089611","2015-02","-66.283","110.517","41.0","CASEY, AY","","","","","","","","","","","","","","","10",",S","0",",S","0",",S","","","","","20150224",",,S","","","","","3.5",",S,24,","","","","","","","","","1.10",",,,S","",""
"AYM00089611","2016-05","-66.283","110.517","41.0","CASEY, AY","","","","","","","","","","","","","","","25","5,S","0","5,S","0","5,S","","","","","20160526",",5,S","","","","","2.0","5,S,26,","","","","","","","","","-6.57","5,,,S","",""
"AYM00089611","2016-10","-66.283","110.517","41.0","CASEY, AY","","","","","","","","","","","","","","","27","3,S","0","3,S","0","3,S","","","","","20161004",",3,S","","","","","0.1","3,S,04,","","","","","","","","","-6.45","3,,,S","",""
"AYM00089611","2016-11","-66.283","110.517","41.0","CASEY, AY","","","","","","","","","","","","","","","17","2,S","0","2,S","0","2,S","","","","","20161113",",2,S","","","","","3.9","2,S,13,","","","","","","","","","-0.98","2,,,S","",""
"AYM00089611","2016-12","-66.283","110.517","41.0","CASEY, AY","","","","","","","","","","","","","","","3",",S","0",",S","0",",S","","","","","20161225",",,S","","","","","5.9",",S,25,","","","","","","","","","2.07",",,,S","",""
"AYM00089611","2017-01","-66.283","110.517","41.0","CASEY, AY","","","","","","","","","","","","","","","1",",S","0",",S","0",",S","","","","","20170109",",,S","","","","","6.5",",S,09,","","","","","","","","","3.08",",,,S","",""
"AYM00089611","2017-02","-66.283","110.517","41.0","CASEY, AY","","","","","","","","","","","","","","","7","4,S","0","4,S","0","4,S","","","","","20170216",",4,S","","","","","4.9","4,S,16,","","","","","","","","","1.07","4,,,S","",""
"AYM00089611","2017-03","-66.283","110.517","41.0","CASEY, AY","","","","","","","","","","","","","","","22","3,S","0","3,S","0","3,S","","","","","20170312",",3,S","","","","","2.3","3,S,12,","","","","","","","","","-3.12","3,,,S","",""
"AYM00089611","2017-07","-66.283","110.517","41.0","CASEY, AY","","","","","","","","","","","","","","","26","5,S","0","5,S","0","5,S","","","","","20170729",",5,S","","","","","-1.9","5,S,29,","","","","","","","","","-12.65","5,,,S","",""
"AYM00089611","2017-09","-66.283","110.517","41.0","CASEY, AY","","","","","","","","","","","","","","","28","2,S","0","2,S","0","2,S","","","","","20170909",",2,S","","","","","-4.7","2,S,09,","","","","","","","","","-12.39","2,,,S","",""
"AYM00089611","2017-10","-66.283","110.517","41.0","CASEY, AY","","","","","","","","","","","","","","","28","3,S","0","3,S","0","3,S","","","","","20171018",",3,S","","","","","-1.0","3,S,18,","","","","","","","","","-10.43","3,,,S","",""
"AYM00089611","2017-11","-66.283","110.517","41.0","CASEY, AY","","","","","","","","","","","","","","","21","1,S","0","1,S","0","1,S","","","","","20171126",",1,S","","","","","2.0","1,S,26,","","","","","","","","","-1.81","1,,,S","",""
"AYM00089611","2017-12","-66.283","110.517","41.0","CASEY, AY","","","","","","","","","","","","","","","10","3,S","0","3,S","0","3,S","","","","","20171228",",3,S","","","","","5.0","3,S,28,","","","","","","","","","1.43","3,,,S","",""
"AYM00089611","2018-01","-66.283","110.517","41.0","CASEY, AY","","","","","","","","","","","","","","","1",",S","0",",S","0",",S","","","","","20180110",",,S","","","","","6.1",",S,10,","","","","","","","","","2.05",",,,S","",""
"AYM00089611","2018-02","-66.283","110.517","41.0","CASEY, AY","","","","","","","","","","","","","","","15","3,S","0","3,S","0","3,S","","","","","20180214",",3,S","","","","","3.4","3,S,14,","","","","","","","","","-0.06","3,,,S","",""
"AYM00089611","2018-03","-66.283","110.517","41.0","CASEY, AY","","","","","","","","","","","","","","","24","3,S","0","3,S","0","3,S","","","","","20180329",",3,S","","","","","1.4","3,S,29,","","","","","","","","","-4.69","3,,,S","",""
"AYM00089611","2018-04","-66.283","110.517","41.0","CASEY, AY","","","","","","","","","","","","","","","25","3,S","0","3,S","0","3,S","","","","","20180413",",3,S","","","","","1.9","3,S,13,","","","","","","","","","-4.16","3,,,S","",""
"AYM00089611","2018-05","-66.283","110.517","41.0","CASEY, AY","","","","","","","","","","","","","","","26","5,S","0","5,S","0","5,S","","","","","20180527",",5,S","","","","","-2.1","5,S,27,","","","","","","","","","-9.93","5,,,S","",""
"AYM00089611","2018-07","-66.283","110.517","41.0","CASEY, AY","","","","","","","","","","","","","","","23","4,S","0","4,S","0","4,S","","","","","20180727",",4,S","","","","","3.0","4,S,27,","","","","","","","","","-6.00","4,,,S","",""
"AYM00089611","2018-11","-66.283","110.517","41.0","CASEY, AY","","","","","","","","","","","","","","","23","3,S","0","3,S","0","3,S","","","","","20181124",",3,S","","","","","2.2","3,S,24,","","","","","","","","","-2.21","3,,,S","",""
"AYM00089611","2018-12","-66.283","110.517","41.0","CASEY, AY","","","","","","","","","","","","","","","9",",S","0",",S","0",",S","","","","","20181223",",,S","","","","","4.3",",S,23,","","","","","","","","","1.08",",,,S","",""
"AYM00089611","2019-01","-66.283","110.517","41.0","CASEY, AY","","","","","","","","","","","","","","","3","2,S","0","2,S","0","2,S","","","","","20190128",",2,S","","","","","6.0","2,S,28,","","","","","","","","","2.52","2,,,S","",""
"AYM00089611","2019-02","-66.283","110.517","41.0","CASEY, AY","","","","","","","","","","","","","","","12","1,S","0","1,S","0","1,S","","","","","20190221",",1,S","","","","","3.0","1,S,21,","","","","","","","","","0.38","1,,,S","",""
"AYM00089611","2019-03","-66.283","110.517","41.0","CASEY, AY","","","","","","","","","","","","","","","27","3,S","0","3,S","0","3,S","","","","","20190302",",3,S","","","","","1.1","3,S,02,","","","","","","","","","-3.28","3,,,S","",""
"AYM00089611","2019-09","-66.283","110.517","41.0","CASEY, AY","","","","","","","","","","","","","","","25","5,S","0","5,S","0","5,S","","","","","20190926",",5,S","","","","","-5.2","5,S,26,","","","","","","","","","-12.50","5,,,S","",""
"AYM00089611","2019-10","-66.283","110.517","41.0","CASEY, AY","","","","","","","","","","","","","","","26","5,S","0","5,S","0","5,S","","","","","20191030","+,5,S","","","","","-2.5","5,S,30,+","","","","","","","","","-8.00","5,,,S","",""
"AYM00089611","2019-11","-66.283","110.517","41.0","CASEY, AY","","","","","","","","","","","","","","","20","5,S","0","5,S","0","5,S","","","","","20191121",",5,S","","","","","1.3","5,S,21,","","","","","","","","","-1.66","5,,,S","",""
"AYM00089611","2019-12","-66.283","110.517","41.0","CASEY, AY","","","","","","","","","","","","","","","8",",S","0",",S","0",",S","","","","","20191205",",,S","","","","","5.4",",S,05,","","","","","","","","","1.75",",,,S","",""
"AYM00089611","2020-01","-66.283","110.517","41.0","CASEY, AY","","","","","","","","","","","","","","","1","1,S","0","1,S","0","1,S","","","","","20200124",",1,S","","","","","9.2","1,S,24,","","","","","","","","","4.19","1,,,S","",""
"AYM00089611","2020-02","-66.283","110.517","41.0","CASEY, AY","","","","","","","","","","","","","","","15","2,S","0","2,S","0","2,S","","","","","20200211",",2,S","","","","","4.6","2,S,11,","","","","","","","","","-0.27","2,,,S","",""
"AYM00089611","2020-04","-66.283","110.517","41.0","CASEY, AY","","","","","","","","","","","","","","","21","5,S","0","5,S","0","5,S","","","","","20200415",",5,S","","","","","2.3","5,S,15,","","","","","","","","","-3.51","5,,,S","",""
"AYM00089611","2020-05","-66.283","110.517","41.0","CASEY, AY","","","","","","","","","","","","","","","23","5,S","0","5,S","0","5,S","","","","","20200503",",5,S","","","","","0.9","5,S,03,","","","","","","","","","-10.63","5,,,S","",""
"AYM00089611","2020-09","-66.283","110.517","41.0","CASEY, AY","","","","","","","","","","","12","5,S","25","5,S","26","4,S","0","4,S","0","4,S","20200920",",5,S","","","20200930",",4,S","-27.7","5,S,20,","","","-2.6","4,S,30,","","","","","","","-12.77","9,S","-7.93","4,,,S","-17.62","5,,,S"
"AYM00089611","2020-10","-66.283","110.517","41.0","CASEY, AY","","","","","","","","","","","","","","","27","2,S","0","2,S","0","2,S","","","","","20201028",",2,S","","","","","3.2","2,S,28,","","","","","","","","","-6.05","2,,,S","",""
"AYM00089611","2020-11","-66.283","110.517","41.0","CASEY, AY","","","","","","","","","","","","","","","19","4,S","0","4,S","0","4,S","","","","","20201120",",4,S","","","","","2.7","4,S,20,","","","","","","","","","-2.05","4,,,S","",""
"AYM00089611","2020-12","-66.283","110.517","41.0","CASEY, AY","","","0.0","4,S","","","","","","","0","4,S","27","4,S","14",",S","0",",S","0",",S","20201215",",4,S","","","20201226",",,S","-9.4","4,S,15,","","","2.9",",S,26,","","","556.8",",S","","","-2.34","4,S","0.40",",,,S","-5.07","4,,,S"
"AYM00089611","2021-01","-66.283","110.517","41.0","CASEY, AY","","","","","","","","","","","","","","","11",",S","0",",S","0",",S","","","","","20210128",",,S","","","","","4.8",",S,28,","","","","","","","","","1.41",",,,S","",""
"AYM00089611","2021-04","-66.283","110.517","41.0","CASEY, AY","","","","","","","","","","","","","","","26","4,S","0","4,S","0","4,S","","","","","20210421",",4,S","","","","","-0.9","4,S,21,","","","","","","","","","-11.03","4,,,S","",""
"AYM00089611","2021-05","-66.283","110.517","41.0","CASEY, AY","","","","","","","","","","","","","","","26","5,S","0","5,S","0","5,S","","","","","20210530",",5,S","","","","","-3.6","5,S,30,","","","","","","","","","-12.11","5,,,S","",""
"AYM00089611","2021-06","-66.283","110.517","41.0","CASEY, AY","","","","","","","","","","","","","","","26","4,S","0","4,S","0","4,S","","","","","20210615",",4,S","","","","","-2.6","4,S,15,","","","","","","","","","-10.18","4,,,S","",""
"AYM00089611","2021-07","-66.283","110.517","41.0","CASEY, AY","","","","","9","4,S","4","4,S","0","4,S","","","","","","","","","","","","","20210708",",4,S","","","","","11.9","4,,S,08,","","","","","","","30.6","4,,,S","","","","","",""
"AYM00089611","2021-09","-66.283","110.517","41.0","CASEY, AY","","","","","15","1,S","3","1,S","0","1,S","","","","","","","","","","","","","20210921","+,1,S","","","","","9.9","1,,S,21,+","","","","","","","33.5","1,,,S","","","","","",""
"AYM00089611","2021-10","-66.283","110.517","41.0","CASEY, AY","","","","","12","1,S","4","1,S","0","1,S","","","","","","","","","","","","","20211019",",1,S","","","","","7.9","1,,S,19,","","","","","","","30.2","1,,,S","","","","","",""
"AYM00089611","2021-11","-66.283","110.517","41.0","CASEY, AY","","","","","","","","","","","","","","","28",",S","0",",S","0",",S","","","","","20211129",",,S","","","","","1.4",",S,29,","","","","","","","","","-3.95",",,,S","",""
"AYM00089611","2021-12","-66.283","110.517","41.0","CASEY, AY","","","","","","","","","","","","","","","5","1,S","0","1,S","0","1,S","","","","","20211219",",1,S","","","","","6.0","1,S,19,","","","","","","","","","1.78","1,,,S","",""
"AYM00089611","2022-01","-66.283","110.517","41.0","CASEY, AY","","","","","","","","","","","","","","","5","1,S","0","1,S","0","1,S","","","","","20220129",",1,S","","","","","5.2","1,S,29,","","","","","","","","","1.57","1,,,S","",""
"AYM00089611","2022-02","-66.283","110.517","41.0","CASEY, AY","","","","","","","","","","","","","","","17","2,S","0","2,S","0","2,S","","","","","20220211",",2,S","","","","","3.0","2,S,11,","","","","","","","","","-0.37","2,,,S","",""
"AYM00089611","2022-03","-66.283","110.517","41.0","CASEY, AY","","","","","","","","","","","","","","","22","3,S","0","3,S","0","3,S","","","","","20220316",",3,S","","","","","5.6","3,S,16,","","","","","","","","","-2.99","3,,,S","",""
"AYM00089611","2022-05","-66.283","110.517","41.0","CASEY, AY","","","","","10","4,S","0","4,S","0","4,S","","","","","26","5,S","0","5,S","0","5,S","","","20220521","+,4,S","20220520",",5,S","","","2.0","4,,S,21,+","-1.7","5,S,20,","","","","","8.1","4,,,S","","","-8.45","5,,,S","",""
"AYM00089611","2022-06","-66.283","110.517","41.0","CASEY, AY","","","","","12","1,S","6","1,S","0","1,S","","","","","","","","","","","","","20220617",",1,S","","","","","7.1","1,,S,17,","","","","","","","31.5","1,,,S","","","","","",""
"AYM00089611","2022-08","-66.283","110.517","41.0","CASEY, AY","","","","","8",",S","1",",S","0",",S","","","","","","","","","","","","","20220806",",,S","","","","","7.9",",,S,06,","","","","","","","15.5",",,,S","","","","","",""
"AYM00089611","2022-10","-66.283","110.517","41.0","CASEY, AY","","","","","","","","","","","","","","","27","4,S","0","4,S","0","4,S","","","","","20221026",",4,S","","","","","-0.1","4,S,26,","","","","","","","","","-4.47","4,,,S","",""
"AYM00089611","2022-11","-66.283","110.517","41.0","CASEY, AY","","","","","","","","","","","","","","","22","3,S","0","3,S","0","3,S","","","","","20221123",",3,S","","","","","2.4","3,S,23,","","","","","","","","","-2.89","3,,,S","",""
"AYM00089611","2022-12","-66.283","110.517","41.0","CASEY, AY","","","","","","","","","","","","","","","5","5,S","0","5,S","0","5,S","","","","","20221231",",5,S","","","","","4.7","5,S,31,","","","","","","","","","1.43","5,,,S","",""
"AYM00089611","2023-01","-66.283","110.517","41.0","CASEY, AY","","","","","","","","","","","","","","","2","1,S","0","1,S","0","1,S","","","","","20230112",",1,S","","","","","5.1","1,S,12,","","","","","","","","","2.15","1,,,S","",""
"AYM00089611","2023-02","-66.283","110.517","41.0","CASEY, AY","","","","","","","","","","","","","","","9","4,S","0","4,S","0","4,S","","","","","20230204",",4,S","","","","","4.6","4,S,04,","","","","","","","","","0.95","4,,,S","",""
"AYM00089611","2023-03","-66.283","110.517","41.0","CASEY, AY","","","","","","","","","","","","","","","24","5,S","0","5,S","0","5,S","","","","","20230310",",5,S","","","","","3.5","5,S,10,","","","","","","","","","-3.45","5,,,S","",""
"AYM00089611","2023-04","-66.283","110.517","41.0","CASEY, AY","","","","","5","5,S","0","5,S","0","5,S","","","","","23","5,S","0","5,S","0","5,S","","","20230420","+,5,S","20230413",",5,S","","","2.0","5,,S,20,+","1.4","5,S,13,","","","","","5.8","5,,,S","","","-4.83","5,,,S","",""
"AYM00089611","2023-05","-66.283","110.517","41.0","CASEY, AY","","","","","4","2,S","1","2,S","0","2,S","","","","","","","","","","","","","20230501",",2,S","","","","","4.1","2,,S,01,","","","","","","","5.9","2,,,S","","","","","",""
"AYM00089611","2023-07","-66.283","110.517","41.0","CASEY, AY","","","","","7","5,S","4","5,S","0","5,S","","","","","","","","","","","","","20230707",",5,S","","","","","10.9","5,,S,07,","","","","","","","31.2","5,,,S","","","","","",""
"AYM00089611","2023-08","-66.283","110.517","41.0","CASEY, AY","","","","","5","5,S","0","5,S","0","5,S","","","","","","","","","","","","","20230814",",5,S","","","","","2.0","5,,S,14,","","","","","","","4.9","5,,,S","","","","","",""
"AYM00089611","2023-10","-66.283","110.517","41.0","CASEY, AY","","","","","9","2,S","0","2,S","0","2,S","","","","","","","","","","","","","20231025","+,2,S","","","","","2.0","2,,S,25,+","","","","","","","10.1","2,,,S","","","","","",""
"AYM00089611","2023-11","-66.283","110.517","41.0","CASEY, AY","","","","","","","","","","","","","","","25","3,S","0","3,S","0","3,S","","","","","20231128",",3,S","","","","","1.5","3,S,28,","","","","","","","","","-3.16","3,,,S","",""
"AYM00089611","2023-12","-66.283","110.517","41.0","CASEY, AY","","","","","","","","","","","","","","","12","1,S","0","1,S","0","1,S","","","","","20231204",",1,S","","","","","3.5","1,S,04,","","","","","","","","","0.52","1,,,S","",""
"AYM00089611","2024-01","-66.283","110.517","41.0","CASEY, AY","","","","","","","","","","","","","","","1","5,S","0","5,S","0","5,S","","","","","20240109",",5,S","","","","","4.4","5,S,09,","","","","","","","","","1.62","5,,,S","",""
"AYM00089611","2024-02","-66.283","110.517","41.0","CASEY, AY","","","","","3","5,S","1","5,S","0","5,S","","","","","20","3,S","0","3,S","0","3,S","","","20240206",",5,S","20240213",",3,S","","","8.9","5,,S,06,","3.3","3,S,13,","","","","","10.2","5,,,S","","","-0.86","3,,,S","",""
"AYM00089611","2024-03","-66.283","110.517","41.0","CASEY, AY","","","","","12","5,S","2","5,S","0","5,S","","","","","","","","","","","","","20240320","+,5,S","","","","","3.0","5,,S,20,+","","","","","","","18.3","5,,,S","","","","","",""
"AYM00089611","2024-04","-66.283","110.517","41.0","CASEY, AY","","","","","8","5,S","4","5,S","0","5,S","","","","","","","","","","","","","20240418","+,5,S","","","","","9.9","5,,S,18,+","","","","","","","32.3","5,,,S","","","","","",""
"AYM00089611","2024-05","-66.283","110.517","41.0","CASEY, AY","","","","","17","1,S","5","1,S","0","1,S","","","","","","","","","","","","","20240510",",1,S","","","","","11.9","1,,S,10,","","","","","","","43.0","1,,,S","","","","","",""
"AYM00089611","2024-06","-66.283","110.517","41.0","CASEY, AY","","","","","10","1,S","5","1,S","0","1,S","","","","","","","","","","","","","20240625",",1,S","","","","","10.9","1,,S,25,","","","","","","","31.4","1,,,S","","","","","",""
"AYM00089611","2024-07","-66.283","110.517","41.0","CASEY, AY","","","","","7","4,S","1","4,S","0","4,S","","","","","","","","","","","","","20240718",",4,S","","","","","3.0","4,,S,18,","","","","","","","9.1","4,,,S","","","","","",""
"AYM00089611","2024-08","-66.283","110.517","41.0","CASEY, AY","","","","","4","4,S","1","4,S","0","4,S","","","","","","","","","","","","","20240818",",4,S","","","","","5.1","4,,S,18,","","","","","","","7.9","4,,,S","","","","","",""
"AYM00089611","2024-09","-66.283","110.517","41.0","CASEY, AY","","","","","8","2,S","3","2,S","0","2,S","","","","","25","5,S","0","5,S","0","5,S","","","20240921",",2,S","20240916",",5,S","","","7.9","2,,S,21,","-6.4","5,S,16,","","","","","19.4","2,,,S","","","-12.74","5,,,S","",""
"AYM00089611","2024-10","-66.283","110.517","41.0","CASEY, AY","","","","","8","2,S","0","2,S","0","2,S","","","","","29","2,S","0","2,S","0","2,S","","","20241026",",2,S","20241028",",2,S","","","2.0","2,,S,26,","-1.5","2,S,28,","","","","","5.2","2,,,S","","","-9.18","2,,,S","",""
"AYM00089611","2024-12","-66.283","110.517","41.0","CASEY, AY","","","","","","","","","","","","","","","3","4,S","0","4,S","0","4,S","","","","","20241225",",4,S","","","","","6.0","4,S,25,","","","","","","","","","2.45","4,,,S","",""
"AYM00089611","2025-01","-66.283","110.517","41.0","CASEY, AY","","","0.0",",2","","","","","","","0",",2","22",",2","7",",2","0",",2","0",",2","20250129","+,,2","","","20250120",",,2","-4.7",",2,29,+","","","4.8",",2,20,","553.3","2","553.3",",2","","","0.49",",2","1.74",",,,2","-0.77",",,,2"
"AYM00089611","2025-02","-66.283","110.517","41.0","CASEY, AY","","","0.0","3,2","","","","","","","0","3,2","25","3,2","17","3,2","0","3,2","0","3,2","20250214",",3,2","","","20250208",",3,2","-5.8","3,2,14,","","","3.7","3,2,08,","1063.3","2","510.0","3,2","","","-2.07","3,2","-0.74","3,,,2","-3.39","3,,,2"
"AYM00089611","2025-03","-66.283","110.517","41.0","CASEY, AY","","","0.0","4,2","","","","","","","0","2,2","29","2,2","29","2,2","0","2,2","0","2,2","20250331","+,2,2","","","20250312",",2,2","-12.2","2,2,31,+","","","-0.2","2,2,12,","1725.7","2","662.4","2,2","","","-6.10","4,2","-4.29","2,,,2","-7.91","2,,,2"
"AYM00089611","2025-04","-66.283","110.517","41.0","CASEY, AY","","","","","","","","","","","12","3,2","27","3,2","26","4,2","0","4,2","0","4,2","20250406",",3,2","","","20250419",",4,2","-25.4","3,2,06,","","","-6.2","4,2,19,","","","","","","","-14.42","7,2","-12.00","4,,,2","-16.84","3,,,2"
"AYM00089611","2025-05","-66.283","110.517","41.0","CASEY, AY","","","","","","","","","","","21","5,2","26","5,2","","","","","","","20250526",",5,2","","","","","-28.5","5,2,26,","","","","","","","","","","","","","","","-21.48","5,,,2"
"AYM00089611","2025-06","-66.283","110.517","41.0","CASEY, AY","","","","","","","","","","","4","5,2","25","5,2","27","3,2","0","3,2","0","3,2","20250615",",5,2","","","20250617",",3,2","-23.2","5,2,15,","","","-3.2","3,2,17,","","","","","","","-10.43","8,2","-8.06","3,,,2","-12.81","5,,,2"
"AYM00089611","2025-07","-66.283","110.517","41.0","CASEY, AY","","","","","","","","","","","15","5,2","26","5,2","","","","","","","20250704","+,5,2","","","","","-31.1","5,2,04,+","","","","","","","","","","","","","","","-19.52","5,,,2"
"AYM00089611","2025-09","-66.283","110.517","41.0","CASEY, AY","","","","","","","","","","","15","5,2","25","5,2","25","5,2","0","5,2","0","5,2","20250927",",5,2","","","20250917",",5,2","-24.2","5,2,27,","","","-7.6","5,2,17,","","","","","","","-15.58","8,2","-12.72","5,,,2","-18.43","5,,,2"
"AYM00089611","2025-10","-66.283","110.517","41.0","CASEY, AY","","","0.0",",2","","","","","","","2",",2","31",",2","31",",2","0",",2","0",",2","20251013",",,2","","","20251025",",,2","-19.0",",2,13,","","","-0.4",",2,25,","","","883.2",",2","","","-10.16",",2","-7.40",",,,2","-12.92",",,,2"
"AYM00089611","2025-11","-66.283","110.517","41.0","CASEY, AY","","","0.0","1,2","","","","","","","0","1,2","29","1,2","26","1,2","0","1,2","0","1,2","20251110",",1,2","","","20251126",",1,2","-15.8","1,2,10,","","","3.0","1,2,26,","","","665.5","1,2","","","-4.62","1,2","-2.73","1,,,2","-6.50","1,,,2"
"AYM00089611","2025-12","-66.283","110.517","41.0","CASEY, AY","","","0.0",",2","","","","","","","0",",2","23",",2","8",",2","0",",2","0",",2","20251201",",,2","","","20251230",",,2","-4.5",",2,01,","","","4.2",",2,30,","","","564.3",",2","","","0.13",",2","1.36",",,,2","-1.10",",,,2"
"AYM00089611","2026-01","-66.283","110.517","41.0","CASEY, AY","","","0.0",",2","","","","","","","0",",2","24",",2","6",",2","0",",2","0",",2","20260131","+,,2","","","20260125",",,2","-3.2",",2,31,+","","","5.0",",2,25,","550.0","","550.0",",2","","","0.59",",2","2.01",",,,2","-0.83",",,,2"
"AYM00089611","2026-02","-66.283","110.517","41.0","CASEY, AY","","","0.0",",2","","","","","","","0",",2","27",",2","11",",2","0",",2","0",",2","20260205",",,2","","","20260226",",,2","-8.8",",2,05,","","","3.4",",2,26,","1102.1","","552.1",",2","","","-1.39",",2","0.31",",,,2","-3.09",",,,2"
"AYM00089611","2026-04","-66.283","110.517","41.0","CASEY, AY","","","0.0","3,2","","","","","","","0","3,2","27","3,2","28","2,2","0","2,2","0","2,2","20260409",",3,2","","","20260408",",2,2","-10.3","3,2,09,","","","-0.2","2,2,08,","","","633.9","2,2","","","-5.21","3,2","-3.97","2,,,2","-6.45","3,,,2"
"AYM00089611","2026-05","-66.283","110.517","41.0","CASEY, AY","","","","","","","","","","","15","3,2","28","3,2","26","5,2","0","5,2","0","5,2","20260520",",3,2","","","20260527","+,5,2","-28.5","3,2,20,","","","-4.1","5,2,27,+","","","","","","","-15.86","8,2","-12.11","5,,,2","-19.61","3,,,2"
"AYM00089611","2026-06","-66.283","110.517","41.0","CASEY, AY","","","","","","","","","","","17","4,2","26","4,2","","","","","","","20260622",",4,2","","","","","-34.3","4,2,22,","","","","","","","","","","","","","","","-21.53","4,,,2"
"AYM00089611","2026-07","-66.283","110.517","41.0","CASEY, AY","","","","","","","","","","","14","5,2","26","5,2","26","5,2","0","5,2","0","5,2","20260719",",5,2","","","20260705",",5,2","-31.2","5,2,19,","","","-5.8","5,2,05,","","","","","","","-16.80","9,2","-14.02","5,,,2","-19.59","5,,,2"
