"STATION","DATE","LATITUDE","LONGITUDE","ELEVATION","NAME","PRCP","PRCP_ATTRIBUTES","TMAX","TMAX_ATTRIBUTES","TMIN","TMIN_ATTRIBUTES","TAVG","TAVG_ATTRIBUTES"
"AYM00089573","1990-03-10","-69.367","76.367","18.0","ZHONGSHAN, AY","    0","D,,S",,,,,"  -81","H,,S"
"AYM00089573","1990-03-13","-69.367","76.367","18.0","ZHONGSHAN, AY","    0","D,,S",,,,,"  -87","H,,S"
"AYM00089573","1990-03-14","-69.367","76.367","18.0","ZHONGSHAN, AY","    0","D,,S",,,,,"  -67","H,,S"
"AYM00089573","1990-03-15","-69.367","76.367","18.0","ZHONGSHAN, AY","    0","D,,S",,,,,"  -60","H,,S"
"AYM00089573","1990-03-17","-69.367","76.367","18.0","ZHONGSHAN, AY",,,,,,,"  -97","H,,S"
"AYM00089573","1990-03-18","-69.367","76.367","18.0","ZHONGSHAN, AY",,,,,,,"  -79","H,,S"
"AYM00089573","1990-03-20","-69.367","76.367","18.0","ZHONGSHAN, AY",,,,,,," -109","H,,S"
"AYM00089573","1990-03-22","-69.367","76.367","18.0","ZHONGSHAN, AY","    0","D,,S",,,,," -133","H,,S"
"AYM00089573","1990-03-23","-69.367","76.367","18.0","ZHONGSHAN, AY",,,,,,," -138","H,,S"
"AYM00089573","1990-03-24","-69.367","76.367","18.0","ZHONGSHAN, AY",,,,,,," -101","H,,S"
"AYM00089573","1990-03-27","-69.367","76.367","18.0","ZHONGSHAN, AY",,,,,,," -146","H,,S"
"AYM00089573","1990-04-03","-69.367","76.367","18.0","ZHONGSHAN, AY",,,,,,,"  -86","H,,S"
"AYM00089573","1990-04-04","-69.367","76.367","18.0","ZHONGSHAN, AY","    0","D,,S",,,,,"  -95","H,,S"
"AYM00089573","1990-04-05","-69.367","76.367","18.0","ZHONGSHAN, AY","    0","D,,S",,,,,"  -59","H,,S"
"AYM00089573","1990-04-09","-69.367","76.367","18.0","ZHONGSHAN, AY","    0","D,,S",,,,,"  -83","H,,S"
"AYM00089573","1990-04-12","-69.367","76.367","18.0","ZHONGSHAN, AY","    0","D,,S",,,,," -124","H,,S"
"AYM00089573","1990-04-14","-69.367","76.367","18.0","ZHONGSHAN, AY","    0","D,,S",,,,,"  -53","H,,S"
"AYM00089573","1990-04-19","-69.367","76.367","18.0","ZHONGSHAN, AY","    0","D,,S",,,,," -101","H,,S"
"AYM00089573","1990-04-24","-69.367","76.367","18.0","ZHONGSHAN, AY","    0","D,,S",,,,,"  -82","H,,S"
"AYM00089573","1990-05-08","-69.367","76.367","18.0","ZHONGSHAN, AY","    0","D,,S",,,,," -165","H,,S"
"AYM00089573","1990-05-15","-69.367","76.367","18.0","ZHONGSHAN, AY",,,,,,,"  -47","H,,S"
"AYM00089573","1990-05-22","-69.367","76.367","18.0","ZHONGSHAN, AY",,,,,,," -145","H,,S"
"AYM00089573","1990-05-24","-69.367","76.367","18.0","ZHONGSHAN, AY","    0","D,,S",,,,," -153","H,,S"
"AYM00089573","1990-05-25","-69.367","76.367","18.0","ZHONGSHAN, AY","    0","D,,S",,,,," -139","H,,S"
"AYM00089573","1990-05-29","-69.367","76.367","18.0","ZHONGSHAN, AY",,,,,,," -160","H,,S"
"AYM00089573","1990-06-06","-69.367","76.367","18.0","ZHONGSHAN, AY",,,,,,,"  -84","H,,S"
"AYM00089573","1990-06-14","-69.367","76.367","18.0","ZHONGSHAN, AY",,,,,,,"  -82","H,,S"
"AYM00089573","1990-06-22","-69.367","76.367","18.0","ZHONGSHAN, AY",,,,,,," -185","H,,S"
"AYM00089573","1990-06-26","-69.367","76.367","18.0","ZHONGSHAN, AY","    0","D,,S",,,,," -256","H,,S"
"AYM00089573","1990-06-27","-69.367","76.367","18.0","ZHONGSHAN, AY","    0","D,,S",,,,," -261","H,,S"
"AYM00089573","1990-07-05","-69.367","76.367","18.0","ZHONGSHAN, AY","    0","D,,S",,,,," -332","H,,S"
"AYM00089573","1990-07-19","-69.367","76.367","18.0","ZHONGSHAN, AY","    0","D,,S",,,,," -113","H,,S"
"AYM00089573","1990-07-21","-69.367","76.367","18.0","ZHONGSHAN, AY",,,,,,,"  -88","H,,S"
"AYM00089573","1990-07-24","-69.367","76.367","18.0","ZHONGSHAN, AY","    0","D,,S",,,,," -177","H,,S"
"AYM00089573","1990-08-02","-69.367","76.367","18.0","ZHONGSHAN, AY","    0","D,,S",,,,," -124","H,,S"
"AYM00089573","1990-08-04","-69.367","76.367","18.0","ZHONGSHAN, AY",,,,,,," -147","H,,S"
"AYM00089573","1990-08-06","-69.367","76.367","18.0","ZHONGSHAN, AY",,,,,,,"  -81","H,,S"
"AYM00089573","1990-08-07","-69.367","76.367","18.0","ZHONGSHAN, AY",,,,,,," -162","H,,S"
"AYM00089573","1990-08-08","-69.367","76.367","18.0","ZHONGSHAN, AY",,,,,,," -189","H,,S"
"AYM00089573","1990-08-09","-69.367","76.367","18.0","ZHONGSHAN, AY","    0","D,,S",,,,," -239","H,,S"
"AYM00089573","1990-08-10","-69.367","76.367","18.0","ZHONGSHAN, AY","    0","D,,S",,,,," -258","H,,S"
"AYM00089573","1990-08-13","-69.367","76.367","18.0","ZHONGSHAN, AY",,,,,,," -138","H,,S"
"AYM00089573","1990-08-16","-69.367","76.367","18.0","ZHONGSHAN, AY",,,,,,," -120","H,,S"
"AYM00089573","1990-08-21","-69.367","76.367","18.0","ZHONGSHAN, AY","    0","D,,S",,,,," -198","H,,S"
"AYM00089573","1990-08-23","-69.367","76.367","18.0","ZHONGSHAN, AY",,,,,,," -154","H,,S"
"AYM00089573","1990-08-28","-69.367","76.367","18.0","ZHONGSHAN, AY","    0","D,,S",,,,," -136","H,,S"
"AYM00089573","1990-08-29","-69.367","76.367","18.0","ZHONGSHAN, AY","    0","D,,S",,,,," -201","H,,S"
"AYM00089573","1990-08-30","-69.367","76.367","18.0","ZHONGSHAN, AY","    0","D,,S",,,,," -238","H,,S"
"AYM00089573","1990-09-04","-69.367","76.367","18.0","ZHONGSHAN, AY","    0","D,,S",,,,," -225","H,,S"
"AYM00089573","1990-09-06","-69.367","76.367","18.0","ZHONGSHAN, AY","    0","D,,S",,,,," -228","H,,S"
"AYM00089573","1990-09-10","-69.367","76.367","18.0","ZHONGSHAN, AY","    0","D,,S",,,,," -229","H,,S"
"AYM00089573","1990-09-11","-69.367","76.367","18.0","ZHONGSHAN, AY",,,,,,," -113","H,,S"
"AYM00089573","1990-09-13","-69.367","76.367","18.0","ZHONGSHAN, AY",,,,,,," -163","H,,S"
"AYM00089573","1990-09-19","-69.367","76.367","18.0","ZHONGSHAN, AY","    0","D,,S",,,,," -115","H,,S"
"AYM00089573","1990-09-20","-69.367","76.367","18.0","ZHONGSHAN, AY",,,,,,," -104","H,,S"
"AYM00089573","1990-09-23","-69.367","76.367","18.0","ZHONGSHAN, AY","    0","D,,S",,,,," -118","H,,S"
"AYM00089573","1990-09-27","-69.367","76.367","18.0","ZHONGSHAN, AY","    0","D,,S",,,,," -184","H,,S"
"AYM00089573","1990-10-02","-69.367","76.367","18.0","ZHONGSHAN, AY","    0","D,,S",,,,," -196","H,,S"
"AYM00089573","1990-10-04","-69.367","76.367","18.0","ZHONGSHAN, AY",,,,,,," -102","H,,S"
"AYM00089573","1990-10-05","-69.367","76.367","18.0","ZHONGSHAN, AY","    0","D,,S",,,,," -155","H,,S"
"AYM00089573","1990-10-06","-69.367","76.367","18.0","ZHONGSHAN, AY","    0","D,,S",,,,," -171","H,,S"
"AYM00089573","1990-10-11","-69.367","76.367","18.0","ZHONGSHAN, AY",,,,,,,"  -91","H,,S"
"AYM00089573","1990-10-12","-69.367","76.367","18.0","ZHONGSHAN, AY",,,,,,,"  -84","H,,S"
"AYM00089573","1990-10-14","-69.367","76.367","18.0","ZHONGSHAN, AY","    0","D,,S",,,,," -144","H,,S"
"AYM00089573","1990-10-16","-69.367","76.367","18.0","ZHONGSHAN, AY","    0","D,,S",,,,," -136","H,,S"
"AYM00089573","1990-10-19","-69.367","76.367","18.0","ZHONGSHAN, AY","    0","D,,S",,,,,"  -74","H,,S"
"AYM00089573","1990-10-29","-69.367","76.367","18.0","ZHONGSHAN, AY",,,,,,," -117","H,,S"
"AYM00089573","1990-11-01","-69.367","76.367","18.0","ZHONGSHAN, AY",,,,,,,"  -32","H,,S"
"AYM00089573","1990-11-05","-69.367","76.367","18.0","ZHONGSHAN, AY","    0","D,,S",,,,,"  -94","H,,S"
"AYM00089573","1990-11-11","-69.367","76.367","18.0","ZHONGSHAN, AY",,,,,,,"  -95","H,,S"
"AYM00089573","1990-11-23","-69.367","76.367","18.0","ZHONGSHAN, AY","    0","D,,S",,,,,"   -3","H,,S"
"AYM00089573","1990-11-26","-69.367","76.367","18.0","ZHONGSHAN, AY","    0","D,,S",,,,,"  -28","H,,S"
"AYM00089573","1990-11-29","-69.367","76.367","18.0","ZHONGSHAN, AY","    0","D,,S",,,,,"  -42","H,,S"
"AYM00089573","1990-12-01","-69.367","76.367","18.0","ZHONGSHAN, AY","    0","D,,S",,,,,"  -61","H,,S"
"AYM00089573","1990-12-06","-69.367","76.367","18.0","ZHONGSHAN, AY",,,,,,,"  -23","H,,S"
"AYM00089573","1990-12-13","-69.367","76.367","18.0","ZHONGSHAN, AY",,,,,,,"   32","H,,S"
"AYM00089573","1990-12-21","-69.367","76.367","18.0","ZHONGSHAN, AY","    0","D,,S",,,,,"   13","H,,S"
"AYM00089573","1990-12-26","-69.367","76.367","18.0","ZHONGSHAN, AY","    0","D,,S",,,,,"   34","H,,S"
"AYM00089573","1990-12-29","-69.367","76.367","18.0","ZHONGSHAN, AY","    0","D,,S",,,,,"   22","H,,S"
"AYM00089573","1991-01-10","-69.367","76.367","18.0","ZHONGSHAN, AY",,,,,,,"  -17","H,,S"
"AYM00089573","1991-01-11","-69.367","76.367","18.0","ZHONGSHAN, AY","    0","D,,S",,,,,"  -14","H,,S"
"AYM00089573","1991-01-13","-69.367","76.367","18.0","ZHONGSHAN, AY",,,,,,,"  -14","H,,S"
"AYM00089573","1991-01-23","-69.367","76.367","18.0","ZHONGSHAN, AY","    0","D,,S",,,,,"    1","H,,S"
"AYM00089573","1991-01-29","-69.367","76.367","18.0","ZHONGSHAN, AY","    0","D,,S",,,,,"  -42","H,,S"
"AYM00089573","1991-02-04","-69.367","76.367","18.0","ZHONGSHAN, AY","    0","D,,S",,,,,"  -22","H,,S"
"AYM00089573","1991-02-05","-69.367","76.367","18.0","ZHONGSHAN, AY","    0","D,,S",,,,,"  -33","H,,S"
"AYM00089573","1991-02-18","-69.367","76.367","18.0","ZHONGSHAN, AY","    0","D,,S",,,,,"    9","H,,S"
"AYM00089573","1991-02-21","-69.367","76.367","18.0","ZHONGSHAN, AY",,,,,,,"  -28","H,,S"
"AYM00089573","1991-03-07","-69.367","76.367","18.0","ZHONGSHAN, AY",,,,,,,"  -65","H,,S"
"AYM00089573","1991-03-12","-69.367","76.367","18.0","ZHONGSHAN, AY",,,,,,," -121","H,,S"
"AYM00089573","1991-03-20","-69.367","76.367","18.0","ZHONGSHAN, AY",,,,,,,"  -19","H,,S"
"AYM00089573","1991-03-22","-69.367","76.367","18.0","ZHONGSHAN, AY","    0","D,,S",,,,,"  -72","H,,S"
"AYM00089573","1991-03-23","-69.367","76.367","18.0","ZHONGSHAN, AY",,,,,,,"  -82","H,,S"
"AYM00089573","1991-04-04","-69.367","76.367","18.0","ZHONGSHAN, AY",,,,,,,"  -76","H,,S"
"AYM00089573","1991-04-07","-69.367","76.367","18.0","ZHONGSHAN, AY",,,,,,,"  -28","H,,S"
"AYM00089573","1991-04-25","-69.367","76.367","18.0","ZHONGSHAN, AY",,,,,,,"  -54","H,,S"
"AYM00089573","1991-04-26","-69.367","76.367","18.0","ZHONGSHAN, AY",,,,,,,"  -33","H,,S"
"AYM00089573","1991-05-01","-69.367","76.367","18.0","ZHONGSHAN, AY","    0","D,,S",,,,," -132","H,,S"
"AYM00089573","1991-05-02","-69.367","76.367","18.0","ZHONGSHAN, AY","    0","D,,S",,,,," -144","H,,S"
"AYM00089573","1991-05-09","-69.367","76.367","18.0","ZHONGSHAN, AY",,,,,,," -107","H,,S"
"AYM00089573","1991-05-10","-69.367","76.367","18.0","ZHONGSHAN, AY","    0","D,,S",,,,," -114","H,,S"
"AYM00089573","1991-05-16","-69.367","76.367","18.0","ZHONGSHAN, AY",,,,,,,"  -85","H,,S"
"AYM00089573","1991-05-21","-69.367","76.367","18.0","ZHONGSHAN, AY","    0","D,,S",,,,,"  -59","H,,S"
"AYM00089573","1991-05-28","-69.367","76.367","18.0","ZHONGSHAN, AY","    0","D,,S",,,,," -102","H,,S"
"AYM00089573","1991-05-30","-69.367","76.367","18.0","ZHONGSHAN, AY",,,,,,," -163","H,,S"
"AYM00089573","1991-06-03","-69.367","76.367","18.0","ZHONGSHAN, AY","    0","D,,S",,,,," -119","H,,S"
"AYM00089573","1991-06-12","-69.367","76.367","18.0","ZHONGSHAN, AY",,,,,,,"  -62","H,,S"
"AYM00089573","1991-06-17","-69.367","76.367","18.0","ZHONGSHAN, AY","    0","D,,S",,,,,"  -73","H,,S"
"AYM00089573","1991-06-20","-69.367","76.367","18.0","ZHONGSHAN, AY",,,,,,," -119","H,,S"
"AYM00089573","1991-06-21","-69.367","76.367","18.0","ZHONGSHAN, AY",,,,,,," -138","H,,S"
"AYM00089573","1991-06-25","-69.367","76.367","18.0","ZHONGSHAN, AY","    0","D,,S",,,,," -169","H,,S"
"AYM00089573","1991-06-27","-69.367","76.367","18.0","ZHONGSHAN, AY",,,,,,,"  -84","H,,S"
"AYM00089573","1991-07-02","-69.367","76.367","18.0","ZHONGSHAN, AY","    0","D,,S",,,,," -124","H,,S"
"AYM00089573","1991-07-04","-69.367","76.367","18.0","ZHONGSHAN, AY","    0","D,,S",,,,,"  -78","H,,S"
"AYM00089573","1991-07-11","-69.367","76.367","18.0","ZHONGSHAN, AY",,,,,,," -201","H,,S"
"AYM00089573","1991-07-16","-69.367","76.367","18.0","ZHONGSHAN, AY",,,,,,," -179","H,,S"
"AYM00089573","1991-07-18","-69.367","76.367","18.0","ZHONGSHAN, AY","    0","D,,S",,,,," -108","H,,S"
"AYM00089573","1991-07-20","-69.367","76.367","18.0","ZHONGSHAN, AY",,,,,,,"  -85","H,,S"
"AYM00089573","1991-07-30","-69.367","76.367","18.0","ZHONGSHAN, AY",,,,,,,"  -33","H,,S"
"AYM00089573","1991-08-01","-69.367","76.367","18.0","ZHONGSHAN, AY",,,,,,,"  -26","H,,S"
"AYM00089573","1991-08-08","-69.367","76.367","18.0","ZHONGSHAN, AY","    0","D,,S",,,,," -139","H,,S"
"AYM00089573","1991-08-13","-69.367","76.367","18.0","ZHONGSHAN, AY",,,,,,," -166","H,,S"
"AYM00089573","1991-08-15","-69.367","76.367","18.0","ZHONGSHAN, AY","    0","D,,S",,,,," -147","H,,S"
"AYM00089573","1991-08-22","-69.367","76.367","18.0","ZHONGSHAN, AY","    0","D,,S",,,,," -180","H,,S"
"AYM00089573","1991-08-27","-69.367","76.367","18.0","ZHONGSHAN, AY",,,,,,," -158","H,,S"
"AYM00089573","1991-08-28","-69.367","76.367","18.0","ZHONGSHAN, AY",,,,,,," -173","H,,S"
"AYM00089573","1991-09-03","-69.367","76.367","18.0","ZHONGSHAN, AY","    0","D,,S",,,,," -183","H,,S"
"AYM00089573","1991-09-04","-69.367","76.367","18.0","ZHONGSHAN, AY","    0","D,,S",,,,," -207","H,,S"
"AYM00089573","1991-09-05","-69.367","76.367","18.0","ZHONGSHAN, AY","    0","D,,S",,,,," -203","H,,S"
"AYM00089573","1991-09-06","-69.367","76.367","18.0","ZHONGSHAN, AY","    0","D,,S",,,,," -227","H,,S"
"AYM00089573","1991-09-07","-69.367","76.367","18.0","ZHONGSHAN, AY",,,,,,," -271","H,,S"
"AYM00089573","1991-09-10","-69.367","76.367","18.0","ZHONGSHAN, AY",,,,,,," -181","H,,S"
"AYM00089573","1991-09-11","-69.367","76.367","18.0","ZHONGSHAN, AY",,,,,,," -183","H,,S"
"AYM00089573","1991-09-12","-69.367","76.367","18.0","ZHONGSHAN, AY","    0","D,,S",,,,," -207","H,,S"
"AYM00089573","1991-09-13","-69.367","76.367","18.0","ZHONGSHAN, AY",,,,,,," -230","H,,S"
"AYM00089573","1991-09-14","-69.367","76.367","18.0","ZHONGSHAN, AY",,,,,,," -228","H,,S"
"AYM00089573","1991-09-15","-69.367","76.367","18.0","ZHONGSHAN, AY",,,,,,," -178","H,,S"
"AYM00089573","1991-09-17","-69.367","76.367","18.0","ZHONGSHAN, AY","    0","D,,S",,,,," -149","H,,S"
"AYM00089573","1991-09-21","-69.367","76.367","18.0","ZHONGSHAN, AY","    0","D,,S",,,,," -196","H,,S"
"AYM00089573","1991-09-23","-69.367","76.367","18.0","ZHONGSHAN, AY","    0","D,,S",,,,," -121","H,,S"
"AYM00089573","1991-09-24","-69.367","76.367","18.0","ZHONGSHAN, AY",,,,,,,"  -43","H,,S"
"AYM00089573","1991-09-25","-69.367","76.367","18.0","ZHONGSHAN, AY",,,,,,,"  -71","H,,S"
"AYM00089573","1991-09-26","-69.367","76.367","18.0","ZHONGSHAN, AY","    0","D,,S",,,,," -100","H,,S"
"AYM00089573","1991-09-27","-69.367","76.367","18.0","ZHONGSHAN, AY","    0","D,,S",,,,," -121","H,,S"
"AYM00089573","1991-09-28","-69.367","76.367","18.0","ZHONGSHAN, AY","    0","D,,S",,,,," -148","H,,S"
"AYM00089573","1991-09-29","-69.367","76.367","18.0","ZHONGSHAN, AY","    0","D,,S",,,,," -142","H,,S"
"AYM00089573","1991-10-01","-69.367","76.367","18.0","ZHONGSHAN, AY","    0","D,,S",,,,," -120","H,,S"
"AYM00089573","1991-10-02","-69.367","76.367","18.0","ZHONGSHAN, AY","    0","D,,S",,,,," -123","H,,S"
"AYM00089573","1991-10-03","-69.367","76.367","18.0","ZHONGSHAN, AY","    0","D,,S",,,,,"  -97","H,,S"
"AYM00089573","1991-10-04","-69.367","76.367","18.0","ZHONGSHAN, AY","    0","D,,S",,,,,"  -92","H,,S"
"AYM00089573","1991-10-05","-69.367","76.367","18.0","ZHONGSHAN, AY","    0","D,,S",,,,," -114","H,,S"
"AYM00089573","1991-10-06","-69.367","76.367","18.0","ZHONGSHAN, AY","    0","D,,S",,,,," -124","H,,S"
"AYM00089573","1991-10-07","-69.367","76.367","18.0","ZHONGSHAN, AY","    0","D,,S",,,,," -137","H,,S"
"AYM00089573","1991-10-08","-69.367","76.367","18.0","ZHONGSHAN, AY","    0","D,,S",,,,," -128","H,,S"
"AYM00089573","1991-10-09","-69.367","76.367","18.0","ZHONGSHAN, AY","    0","D,,S",,,,,"  -99","H,,S"
"AYM00089573","1991-10-10","-69.367","76.367","18.0","ZHONGSHAN, AY","    0","D,,S",,,,,"  -95","H,,S"
"AYM00089573","1991-10-11","-69.367","76.367","18.0","ZHONGSHAN, AY","    0","D,,S",,,,,"  -79","H,,S"
"AYM00089573","1991-10-12","-69.367","76.367","18.0","ZHONGSHAN, AY","    0","D,,S",,,,,"  -92","H,,S"
"AYM00089573","1991-10-13","-69.367","76.367","18.0","ZHONGSHAN, AY",,,,,,,"  -83","H,,S"
"AYM00089573","1991-10-14","-69.367","76.367","18.0","ZHONGSHAN, AY",,,,,,,"  -82","H,,S"
"AYM00089573","1991-10-15","-69.367","76.367","18.0","ZHONGSHAN, AY",,,,,,," -102","H,,S"
"AYM00089573","1991-10-16","-69.367","76.367","18.0","ZHONGSHAN, AY","    0","D,,S",,,,," -120","H,,S"
"AYM00089573","1991-10-17","-69.367","76.367","18.0","ZHONGSHAN, AY","    0","D,,S",,,,,"  -87","H,,S"
"AYM00089573","1991-10-18","-69.367","76.367","18.0","ZHONGSHAN, AY","    0","D,,S",,,,," -122","H,,S"
"AYM00089573","1991-10-19","-69.367","76.367","18.0","ZHONGSHAN, AY","    0","D,,S",,,,," -134","H,,S"
"AYM00089573","1991-10-21","-69.367","76.367","18.0","ZHONGSHAN, AY","    0","D,,S",,,,," -132","H,,S"
"AYM00089573","1991-10-23","-69.367","76.367","18.0","ZHONGSHAN, AY","    0","D,,S",,,,," -154","H,,S"
"AYM00089573","1991-10-24","-69.367","76.367","18.0","ZHONGSHAN, AY","    0","D,,S",,,,," -148","H,,S"
"AYM00089573","1991-10-25","-69.367","76.367","18.0","ZHONGSHAN, AY","    0","D,,S",,,,," -140","H,,S"
"AYM00089573","1991-10-26","-69.367","76.367","18.0","ZHONGSHAN, AY","    0","D,,S",,,,," -146","H,,S"
"AYM00089573","1991-10-27","-69.367","76.367","18.0","ZHONGSHAN, AY","    0","D,,S",,,,," -169","H,,S"
"AYM00089573","1991-10-28","-69.367","76.367","18.0","ZHONGSHAN, AY","    0","D,,S",,,,," -135","H,,S"
"AYM00089573","1991-10-30","-69.367","76.367","18.0","ZHONGSHAN, AY",,,,,,," -120","H,,S"
"AYM00089573","1991-11-01","-69.367","76.367","18.0","ZHONGSHAN, AY",,,,,,," -156","H,,S"
"AYM00089573","1991-11-02","-69.367","76.367","18.0","ZHONGSHAN, AY",,,,,,," -154","H,,S"
"AYM00089573","1991-11-03","-69.367","76.367","18.0","ZHONGSHAN, AY",,,,,,," -139","H,,S"
"AYM00089573","1991-11-04","-69.367","76.367","18.0","ZHONGSHAN, AY",,,,,,," -122","H,,S"
"AYM00089573","1991-11-05","-69.367","76.367","18.0","ZHONGSHAN, AY",,,,,,," -138","H,,S"
"AYM00089573","1991-11-06","-69.367","76.367","18.0","ZHONGSHAN, AY",,,,,,,"  -97","H,,S"
"AYM00089573","1991-11-07","-69.367","76.367","18.0","ZHONGSHAN, AY",,,,,,,"  -84","H,,S"
"AYM00089573","1991-11-08","-69.367","76.367","18.0","ZHONGSHAN, AY",,,,,,,"  -77","H,,S"
"AYM00089573","1991-11-09","-69.367","76.367","18.0","ZHONGSHAN, AY",,,,,,,"  -26","H,,S"
"AYM00089573","1991-11-10","-69.367","76.367","18.0","ZHONGSHAN, AY",,,,,,,"  -23","H,,S"
"AYM00089573","1991-11-11","-69.367","76.367","18.0","ZHONGSHAN, AY",,,,,,,"  -21","H,,S"
"AYM00089573","1991-11-13","-69.367","76.367","18.0","ZHONGSHAN, AY",,,,,,,"    4","H,,S"
"AYM00089573","1991-11-14","-69.367","76.367","18.0","ZHONGSHAN, AY",,,,,,,"  -11","H,,S"
"AYM00089573","1991-11-15","-69.367","76.367","18.0","ZHONGSHAN, AY",,,,,,,"  -35","H,,S"
"AYM00089573","1991-11-17","-69.367","76.367","18.0","ZHONGSHAN, AY",,,,,,,"  -28","H,,S"
"AYM00089573","1991-11-21","-69.367","76.367","18.0","ZHONGSHAN, AY",,,,,,,"  -47","H,,S"
"AYM00089573","1991-11-22","-69.367","76.367","18.0","ZHONGSHAN, AY",,,,,,,"  -70","H,,S"
"AYM00089573","1991-11-23","-69.367","76.367","18.0","ZHONGSHAN, AY",,,,,,,"  -51","H,,S"
"AYM00089573","1991-11-24","-69.367","76.367","18.0","ZHONGSHAN, AY",,,,,,,"  -39","H,,S"
"AYM00089573","1991-11-26","-69.367","76.367","18.0","ZHONGSHAN, AY",,,,,,,"  -13","H,,S"
"AYM00089573","1991-11-27","-69.367","76.367","18.0","ZHONGSHAN, AY",,,,,,,"  -21","H,,S"
"AYM00089573","1991-11-28","-69.367","76.367","18.0","ZHONGSHAN, AY",,,,,,,"   -7","H,,S"
"AYM00089573","1991-12-01","-69.367","76.367","18.0","ZHONGSHAN, AY",,,,,,,"   -1","H,,S"
"AYM00089573","1991-12-02","-69.367","76.367","18.0","ZHONGSHAN, AY",,,,,,,"   -8","H,,S"
"AYM00089573","1991-12-03","-69.367","76.367","18.0","ZHONGSHAN, AY",,,,,,,"   22","H,,S"
"AYM00089573","1991-12-04","-69.367","76.367","18.0","ZHONGSHAN, AY","    0","D,,S",,,,,"   34","H,,S"
"AYM00089573","1991-12-06","-69.367","76.367","18.0","ZHONGSHAN, AY","    0","D,,S",,,,,"    8","H,,S"
"AYM00089573","1991-12-07","-69.367","76.367","18.0","ZHONGSHAN, AY","    0","D,,S",,,,,"   22","H,,S"
"AYM00089573","1991-12-08","-69.367","76.367","18.0","ZHONGSHAN, AY","    0","D,,S",,,,,"   -1","H,,S"
"AYM00089573","1991-12-09","-69.367","76.367","18.0","ZHONGSHAN, AY","    0","D,,S",,,,,"    1","H,,S"
"AYM00089573","1991-12-10","-69.367","76.367","18.0","ZHONGSHAN, AY","    0","D,,S",,,,,"   20","H,,S"
"AYM00089573","1991-12-11","-69.367","76.367","18.0","ZHONGSHAN, AY","    0","D,,S",,,,,"   29","H,,S"
"AYM00089573","1991-12-12","-69.367","76.367","18.0","ZHONGSHAN, AY","    0","D,,S",,,,,"   18","H,,S"
"AYM00089573","1991-12-13","-69.367","76.367","18.0","ZHONGSHAN, AY","    0","D,,S",,,,,"   27","H,,S"
"AYM00089573","1991-12-14","-69.367","76.367","18.0","ZHONGSHAN, AY","    0","D,,S",,,,,"   19","H,,S"
"AYM00089573","1991-12-15","-69.367","76.367","18.0","ZHONGSHAN, AY","    0","D,,S",,,,,"   17","H,,S"
"AYM00089573","1991-12-16","-69.367","76.367","18.0","ZHONGSHAN, AY","    0","D,,S",,,,,"   27","H,,S"
"AYM00089573","1991-12-17","-69.367","76.367","18.0","ZHONGSHAN, AY","    0","D,,S",,,,,"   25","H,,S"
"AYM00089573","1991-12-19","-69.367","76.367","18.0","ZHONGSHAN, AY","    0","D,,S",,,,,"   38","H,,S"
"AYM00089573","1991-12-20","-69.367","76.367","18.0","ZHONGSHAN, AY","    0","D,,S",,,,,"   32","H,,S"
"AYM00089573","1991-12-21","-69.367","76.367","18.0","ZHONGSHAN, AY","    0","D,,S",,,,,"    4","H,,S"
"AYM00089573","1991-12-23","-69.367","76.367","18.0","ZHONGSHAN, AY","    0","D,,S",,,,,"    3","H,,S"
"AYM00089573","1991-12-27","-69.367","76.367","18.0","ZHONGSHAN, AY","    0","D,,S",,,,,"   24","H,,S"
"AYM00089573","1991-12-28","-69.367","76.367","18.0","ZHONGSHAN, AY","    0","D,,S",,,,,"   28","H,,S"
"AYM00089573","1991-12-29","-69.367","76.367","18.0","ZHONGSHAN, AY","    0","D,,S",,,,,"   24","H,,S"
"AYM00089573","1991-12-30","-69.367","76.367","18.0","ZHONGSHAN, AY","    0","D,,S",,,,,"   31","H,,S"
"AYM00089573","1992-01-01","-69.367","76.367","18.0","ZHONGSHAN, AY","    0","D,,S",,,,,"   41","H,,S"
"AYM00089573","1992-01-03","-69.367","76.367","18.0","ZHONGSHAN, AY","    0","D,,S",,,,,"   28","H,,S"
"AYM00089573","1992-01-05","-69.367","76.367","18.0","ZHONGSHAN, AY","    0","D,,S",,,,,"   24","H,,S"
"AYM00089573","1992-01-06","-69.367","76.367","18.0","ZHONGSHAN, AY","    0","D,,S",,,,,"   17","H,,S"
"AYM00089573","1992-01-07","-69.367","76.367","18.0","ZHONGSHAN, AY","    0","D,,S",,,,,"   29","H,,S"
"AYM00089573","1992-01-08","-69.367","76.367","18.0","ZHONGSHAN, AY","    0","D,,S",,,,,"   11","H,,S"
"AYM00089573","1992-01-09","-69.367","76.367","18.0","ZHONGSHAN, AY","    0","D,,S",,,,,"   15","H,,S"
"AYM00089573","1992-01-10","-69.367","76.367","18.0","ZHONGSHAN, AY","    0","D,,S",,,,,"   15","H,,S"
"AYM00089573","1992-01-12","-69.367","76.367","18.0","ZHONGSHAN, AY",,,,,,,"    5","H,,S"
"AYM00089573","1992-01-13","-69.367","76.367","18.0","ZHONGSHAN, AY","    0","D,,S",,,,,"   13","H,,S"
"AYM00089573","1992-01-15","-69.367","76.367","18.0","ZHONGSHAN, AY","    0","D,,S",,,,,"   -3","H,,S"
"AYM00089573","1992-01-16","-69.367","76.367","18.0","ZHONGSHAN, AY","    0","D,,S",,,,,"    1","H,,S"
"AYM00089573","1992-01-17","-69.367","76.367","18.0","ZHONGSHAN, AY","    0","D,,S",,,,,"   -8","H,,S"
"AYM00089573","1992-01-18","-69.367","76.367","18.0","ZHONGSHAN, AY",,,,,,,"    9","H,,S"
"AYM00089573","1992-01-19","-69.367","76.367","18.0","ZHONGSHAN, AY",,,,,,,"   22","H,,S"
"AYM00089573","1992-01-20","-69.367","76.367","18.0","ZHONGSHAN, AY",,,,,,,"   33","H,,S"
"AYM00089573","1992-01-21","-69.367","76.367","18.0","ZHONGSHAN, AY",,,,,,,"   14","H,,S"
"AYM00089573","1992-01-23","-69.367","76.367","18.0","ZHONGSHAN, AY","    0","D,,S",,,,,"   30","H,,S"
"AYM00089573","1992-01-28","-69.367","76.367","18.0","ZHONGSHAN, AY","    0","D,,S",,,,,"   -1","H,,S"
"AYM00089573","1992-01-29","-69.367","76.367","18.0","ZHONGSHAN, AY","    0","D,,S",,,,,"    7","H,,S"
"AYM00089573","1992-01-30","-69.367","76.367","18.0","ZHONGSHAN, AY","    0","D,,S",,,,,"  -15","H,,S"
"AYM00089573","1992-02-01","-69.367","76.367","18.0","ZHONGSHAN, AY",,,,,,,"  -21","H,,S"
"AYM00089573","1992-02-02","-69.367","76.367","18.0","ZHONGSHAN, AY",,,,,,,"    1","H,,S"
"AYM00089573","1992-02-03","-69.367","76.367","18.0","ZHONGSHAN, AY",,,,,,,"    7","H,,S"
"AYM00089573","1992-02-05","-69.367","76.367","18.0","ZHONGSHAN, AY","    0","D,,S",,,,,"    4","H,,S"
"AYM00089573","1992-02-06","-69.367","76.367","18.0","ZHONGSHAN, AY",,,,,,,"    7","H,,S"
"AYM00089573","1992-02-07","-69.367","76.367","18.0","ZHONGSHAN, AY","    0","D,,S",,,,,"   10","H,,S"
"AYM00089573","1992-02-08","-69.367","76.367","18.0","ZHONGSHAN, AY","    0","D,,S",,,,,"    0","H,,S"
"AYM00089573","1992-02-10","-69.367","76.367","18.0","ZHONGSHAN, AY",,,,,,,"  -22","H,,S"
"AYM00089573","1992-02-11","-69.367","76.367","18.0","ZHONGSHAN, AY",,,,,,,"  -26","H,,S"
"AYM00089573","1992-02-12","-69.367","76.367","18.0","ZHONGSHAN, AY","    0","D,,S",,,,,"  -23","H,,S"
"AYM00089573","1992-02-13","-69.367","76.367","18.0","ZHONGSHAN, AY",,,,,,,"  -18","H,,S"
"AYM00089573","1992-02-15","-69.367","76.367","18.0","ZHONGSHAN, AY",,,,,,,"    8","H,,S"
"AYM00089573","1992-02-16","-69.367","76.367","18.0","ZHONGSHAN, AY",,,,,,,"  -16","H,,S"
"AYM00089573","1992-02-17","-69.367","76.367","18.0","ZHONGSHAN, AY",,,,,,,"  -19","H,,S"
"AYM00089573","1992-02-18","-69.367","76.367","18.0","ZHONGSHAN, AY","    0","D,,S",,,,,"  -38","H,,S"
"AYM00089573","1992-02-20","-69.367","76.367","18.0","ZHONGSHAN, AY","    0","D,,S",,,,,"  -29","H,,S"
"AYM00089573","1992-02-21","-69.367","76.367","18.0","ZHONGSHAN, AY",,,,,,,"  -24","H,,S"
"AYM00089573","1992-02-22","-69.367","76.367","18.0","ZHONGSHAN, AY","    0","D,,S",,,,,"  -12","H,,S"
"AYM00089573","1992-02-24","-69.367","76.367","18.0","ZHONGSHAN, AY","    0","D,,S",,,,,"  -13","H,,S"
"AYM00089573","1992-02-26","-69.367","76.367","18.0","ZHONGSHAN, AY",,,,,,,"  -12","H,,S"
"AYM00089573","1992-02-27","-69.367","76.367","18.0","ZHONGSHAN, AY",,,,,,,"  -20","H,,S"
"AYM00089573","1992-03-01","-69.367","76.367","18.0","ZHONGSHAN, AY","    0","D,,S",,,,,"  -65","H,,S"
"AYM00089573","1992-03-02","-69.367","76.367","18.0","ZHONGSHAN, AY","    0","D,,S",,,,,"  -72","H,,S"
"AYM00089573","1992-03-03","-69.367","76.367","18.0","ZHONGSHAN, AY","    0","D,,S",,,,,"  -62","H,,S"
"AYM00089573","1992-03-04","-69.367","76.367","18.0","ZHONGSHAN, AY","    0","D,,S",,,,,"  -48","H,,S"
"AYM00089573","1992-03-05","-69.367","76.367","18.0","ZHONGSHAN, AY","    0","D,,S",,,,,"  -28","H,,S"
"AYM00089573","1992-03-06","-69.367","76.367","18.0","ZHONGSHAN, AY","    0","D,,S",,,,,"  -55","H,,S"
"AYM00089573","1992-03-07","-69.367","76.367","18.0","ZHONGSHAN, AY",,,,,,,"  -61","H,,S"
"AYM00089573","1992-03-08","-69.367","76.367","18.0","ZHONGSHAN, AY",,,,,,,"  -68","H,,S"
"AYM00089573","1992-03-09","-69.367","76.367","18.0","ZHONGSHAN, AY",,,,,,,"  -78","H,,S"
"AYM00089573","1992-03-10","-69.367","76.367","18.0","ZHONGSHAN, AY",,,,,,,"  -82","H,,S"
"AYM00089573","1992-03-11","-69.367","76.367","18.0","ZHONGSHAN, AY",,,,,,," -109","H,,S"
"AYM00089573","1992-03-12","-69.367","76.367","18.0","ZHONGSHAN, AY","    0","D,,S",,,,," -117","H,,S"
"AYM00089573","1992-03-13","-69.367","76.367","18.0","ZHONGSHAN, AY","    0","D,,S",,,,," -113","H,,S"
"AYM00089573","1992-03-14","-69.367","76.367","18.0","ZHONGSHAN, AY",,,,,,,"  -61","H,,S"
"AYM00089573","1992-03-15","-69.367","76.367","18.0","ZHONGSHAN, AY",,,,,,,"  -29","H,,S"
"AYM00089573","1992-03-16","-69.367","76.367","18.0","ZHONGSHAN, AY","    0","D,,S",,,,,"  -27","H,,S"
"AYM00089573","1992-03-17","-69.367","76.367","18.0","ZHONGSHAN, AY",,,,,,,"  -36","H,,S"
"AYM00089573","1992-03-18","-69.367","76.367","18.0","ZHONGSHAN, AY","    0","D,,S",,,,,"  -72","H,,S"
"AYM00089573","1992-03-19","-69.367","76.367","18.0","ZHONGSHAN, AY","    0","D,,S",,,,,"  -96","H,,S"
"AYM00089573","1992-03-20","-69.367","76.367","18.0","ZHONGSHAN, AY","    0","D,,S",,,,,"  -95","H,,S"
"AYM00089573","1992-03-21","-69.367","76.367","18.0","ZHONGSHAN, AY","    0","D,,S",,,,,"  -57","H,,S"
"AYM00089573","1992-03-22","-69.367","76.367","18.0","ZHONGSHAN, AY",,,,,,,"  -28","H,,S"
"AYM00089573","1992-03-23","-69.367","76.367","18.0","ZHONGSHAN, AY",,,,,,,"  -20","H,,S"
"AYM00089573","1992-03-24","-69.367","76.367","18.0","ZHONGSHAN, AY",,,,,,,"  -41","H,,S"
"AYM00089573","1992-03-25","-69.367","76.367","18.0","ZHONGSHAN, AY",,,,,,,"  -67","H,,S"
"AYM00089573","1992-03-26","-69.367","76.367","18.0","ZHONGSHAN, AY","    0","D,,S",,,,,"  -62","H,,S"
"AYM00089573","1992-03-27","-69.367","76.367","18.0","ZHONGSHAN, AY","    0","D,,S",,,,,"  -65","H,,S"
"AYM00089573","1992-03-28","-69.367","76.367","18.0","ZHONGSHAN, AY",,,,,,,"  -98","H,,S"
"AYM00089573","1992-03-29","-69.367","76.367","18.0","ZHONGSHAN, AY",,,,,,," -113","H,,S"
"AYM00089573","1992-03-30","-69.367","76.367","18.0","ZHONGSHAN, AY","    0","D,,S",,,,," -123","H,,S"
"AYM00089573","1992-04-01","-69.367","76.367","18.0","ZHONGSHAN, AY","    0","D,,S",,,,," -158","H,,S"
"AYM00089573","1992-04-02","-69.367","76.367","18.0","ZHONGSHAN, AY","    0","D,,S",,,,," -173","H,,S"
"AYM00089573","1992-04-03","-69.367","76.367","18.0","ZHONGSHAN, AY","    0","D,,S",,,,," -190","H,,S"
"AYM00089573","1992-04-06","-69.367","76.367","18.0","ZHONGSHAN, AY",,,,,,," -241","H,,S"
"AYM00089573","1992-04-07","-69.367","76.367","18.0","ZHONGSHAN, AY","    0","D,,S",,,,," -263","H,,S"
"AYM00089573","1992-04-08","-69.367","76.367","18.0","ZHONGSHAN, AY","    0","D,,S",,,,," -184","H,,S"
"AYM00089573","1992-04-09","-69.367","76.367","18.0","ZHONGSHAN, AY","    0","D,,S",,,,," -123","H,,S"
"AYM00089573","1992-04-11","-69.367","76.367","18.0","ZHONGSHAN, AY",,,,,,," -153","H,,S"
"AYM00089573","1992-04-12","-69.367","76.367","18.0","ZHONGSHAN, AY",,,,,,," -159","H,,S"
"AYM00089573","1992-04-13","-69.367","76.367","18.0","ZHONGSHAN, AY",,,,,,," -228","H,,S"
"AYM00089573","1992-04-14","-69.367","76.367","18.0","ZHONGSHAN, AY",,,,,,," -207","H,,S"
"AYM00089573","1992-04-16","-69.367","76.367","18.0","ZHONGSHAN, AY","    0","D,,S",,,,," -192","H,,S"
"AYM00089573","1992-04-17","-69.367","76.367","18.0","ZHONGSHAN, AY",,,,,,," -147","H,,S"
"AYM00089573","1992-04-18","-69.367","76.367","18.0","ZHONGSHAN, AY",,,,,,," -159","H,,S"
"AYM00089573","1992-04-19","-69.367","76.367","18.0","ZHONGSHAN, AY",,,,,,," -149","H,,S"
"AYM00089573","1992-04-20","-69.367","76.367","18.0","ZHONGSHAN, AY",,,,,,," -112","H,,S"
"AYM00089573","1992-04-21","-69.367","76.367","18.0","ZHONGSHAN, AY",,,,,,," -155","H,,S"
"AYM00089573","1992-04-22","-69.367","76.367","18.0","ZHONGSHAN, AY",,,,,,," -128","H,,S"
"AYM00089573","1992-04-23","-69.367","76.367","18.0","ZHONGSHAN, AY",,,,,,," -159","H,,S"
"AYM00089573","1992-04-24","-69.367","76.367","18.0","ZHONGSHAN, AY","    0","D,,S",,,,," -198","H,,S"
"AYM00089573","1992-04-25","-69.367","76.367","18.0","ZHONGSHAN, AY","    0","D,,S",,,,,"  -67","H,,S"
"AYM00089573","1992-04-26","-69.367","76.367","18.0","ZHONGSHAN, AY","    0","D,,S",,,,,"  -82","H,,S"
"AYM00089573","1992-04-28","-69.367","76.367","18.0","ZHONGSHAN, AY",,,,,,," -134","H,,S"
"AYM00089573","1992-04-29","-69.367","76.367","18.0","ZHONGSHAN, AY","    0","D,,S",,,,," -148","H,,S"
"AYM00089573","1992-05-03","-69.367","76.367","18.0","ZHONGSHAN, AY","    0","D,,S",,,,," -118","H,,S"
"AYM00089573","1992-05-04","-69.367","76.367","18.0","ZHONGSHAN, AY",,,,,,," -170","H,,S"
"AYM00089573","1992-05-05","-69.367","76.367","18.0","ZHONGSHAN, AY",,,,,,," -157","H,,S"
"AYM00089573","1992-05-06","-69.367","76.367","18.0","ZHONGSHAN, AY",,,,,,," -128","H,,S"
"AYM00089573","1992-05-14","-69.367","76.367","18.0","ZHONGSHAN, AY",,,,,,," -195","H,,S"
"AYM00089573","1992-05-15","-69.367","76.367","18.0","ZHONGSHAN, AY","    0","D,,S",,,,," -207","H,,S"
"AYM00089573","1992-05-16","-69.367","76.367","18.0","ZHONGSHAN, AY","    0","D,,S",,,,," -245","H,,S"
"AYM00089573","1992-05-17","-69.367","76.367","18.0","ZHONGSHAN, AY","    0","D,,S",,,,," -215","H,,S"
"AYM00089573","1992-05-18","-69.367","76.367","18.0","ZHONGSHAN, AY","    0","D,,S",,,,," -233","H,,S"
"AYM00089573","1992-05-20","-69.367","76.367","18.0","ZHONGSHAN, AY",,,,,,," -213","H,,S"
"AYM00089573","1992-05-21","-69.367","76.367","18.0","ZHONGSHAN, AY",,,,,,," -176","H,,S"
"AYM00089573","1992-05-23","-69.367","76.367","18.0","ZHONGSHAN, AY",,,,,,," -167","H,,S"
"AYM00089573","1992-05-24","-69.367","76.367","18.0","ZHONGSHAN, AY",,,,,,," -272","H,,S"
"AYM00089573","1992-05-26","-69.367","76.367","18.0","ZHONGSHAN, AY","    0","D,,S",,,,," -184","H,,S"
"AYM00089573","1992-05-27","-69.367","76.367","18.0","ZHONGSHAN, AY","    0","D,,S",,,,," -249","H,,S"
"AYM00089573","1992-05-28","-69.367","76.367","18.0","ZHONGSHAN, AY","    0","D,,S",,,,," -213","H,,S"
"AYM00089573","1992-05-29","-69.367","76.367","18.0","ZHONGSHAN, AY","    0","D,,S",,,,," -203","H,,S"
"AYM00089573","1992-05-30","-69.367","76.367","18.0","ZHONGSHAN, AY",,,,,,," -171","H,,S"
"AYM00089573","1992-06-02","-69.367","76.367","18.0","ZHONGSHAN, AY",,,,,,," -213","H,,S"
"AYM00089573","1992-06-07","-69.367","76.367","18.0","ZHONGSHAN, AY",,,,,,," -238","H,,S"
"AYM00089573","1992-06-10","-69.367","76.367","18.0","ZHONGSHAN, AY","    0","D,,S",,,,," -311","H,,S"
"AYM00089573","1992-06-11","-69.367","76.367","18.0","ZHONGSHAN, AY","    0","D,,S",,,,," -326","H,,S"
"AYM00089573","1992-06-14","-69.367","76.367","18.0","ZHONGSHAN, AY",,,,,,,"  -99","H,,S"
"AYM00089573","1992-06-15","-69.367","76.367","18.0","ZHONGSHAN, AY","    0","D,,S",,,,,"  -52","H,,S"
"AYM00089573","1992-06-16","-69.367","76.367","18.0","ZHONGSHAN, AY","    0","D,,S",,,,,"  -60","H,,S"
"AYM00089573","1992-06-17","-69.367","76.367","18.0","ZHONGSHAN, AY",,,,,,,"    4","H,,S"
"AYM00089573","1992-06-18","-69.367","76.367","18.0","ZHONGSHAN, AY","    0","D,,S",,,,,"  -14","H,,S"
"AYM00089573","1992-06-20","-69.367","76.367","18.0","ZHONGSHAN, AY","    0","D,,S",,,,,"  -74","H,,S"
"AYM00089573","1992-06-21","-69.367","76.367","18.0","ZHONGSHAN, AY","    0","D,,S",,,,," -122","H,,S"
"AYM00089573","1992-06-22","-69.367","76.367","18.0","ZHONGSHAN, AY","    0","D,,S",,,,," -127","H,,S"
"AYM00089573","1992-06-24","-69.367","76.367","18.0","ZHONGSHAN, AY",,,,,,," -128","H,,S"
"AYM00089573","1992-06-25","-69.367","76.367","18.0","ZHONGSHAN, AY",,,,,,,"  -98","H,,S"
"AYM00089573","1992-06-28","-69.367","76.367","18.0","ZHONGSHAN, AY","    0","D,,S",,,,," -125","H,,S"
"AYM00089573","1992-06-29","-69.367","76.367","18.0","ZHONGSHAN, AY","    0","D,,S",,,,," -113","H,,S"
"AYM00089573","1992-07-01","-69.367","76.367","18.0","ZHONGSHAN, AY",,,,,,,"  -33","H,,S"
"AYM00089573","1992-07-02","-69.367","76.367","18.0","ZHONGSHAN, AY",,,,,,,"  -32","H,,S"
"AYM00089573","1992-07-03","-69.367","76.367","18.0","ZHONGSHAN, AY",,,,,,,"  -57","H,,S"
"AYM00089573","1992-07-07","-69.367","76.367","18.0","ZHONGSHAN, AY",,,,,,," -118","H,,S"
"AYM00089573","1992-07-08","-69.367","76.367","18.0","ZHONGSHAN, AY","    0","D,,S",,,,," -101","H,,S"
"AYM00089573","1992-07-12","-69.367","76.367","18.0","ZHONGSHAN, AY",,,,,,," -215","H,,S"
"AYM00089573","1992-07-13","-69.367","76.367","18.0","ZHONGSHAN, AY","    0","D,,S",,,,," -288","H,,S"
"AYM00089573","1992-07-16","-69.367","76.367","18.0","ZHONGSHAN, AY","    0","D,,S",,,,," -330","H,,S"
"AYM00089573","1992-07-19","-69.367","76.367","18.0","ZHONGSHAN, AY",,,,,,," -149","H,,S"
"AYM00089573","1992-07-20","-69.367","76.367","18.0","ZHONGSHAN, AY",,,,,,," -171","H,,S"
"AYM00089573","1992-07-21","-69.367","76.367","18.0","ZHONGSHAN, AY",,,,,,," -229","H,,S"
"AYM00089573","1992-07-25","-69.367","76.367","18.0","ZHONGSHAN, AY","    0","D,,S",,,,," -255","H,,S"
"AYM00089573","1992-07-26","-69.367","76.367","18.0","ZHONGSHAN, AY","    0","D,,S",,,,," -226","H,,S"
"AYM00089573","1992-07-27","-69.367","76.367","18.0","ZHONGSHAN, AY","    0","D,,S",,,,," -224","H,,S"
"AYM00089573","1992-07-29","-69.367","76.367","18.0","ZHONGSHAN, AY","    0","D,,S",,,,," -296","H,,S"
"AYM00089573","1992-08-01","-69.367","76.367","18.0","ZHONGSHAN, AY",,,,,,," -173","H,,S"
"AYM00089573","1992-08-02","-69.367","76.367","18.0","ZHONGSHAN, AY",,,,,,," -126","H,,S"
"AYM00089573","1992-08-03","-69.367","76.367","18.0","ZHONGSHAN, AY",,,,,,," -119","H,,S"
"AYM00089573","1992-08-04","-69.367","76.367","18.0","ZHONGSHAN, AY",,,,,,," -169","H,,S"
"AYM00089573","1992-08-05","-69.367","76.367","18.0","ZHONGSHAN, AY",,,,,,," -237","H,,S"
"AYM00089573","1992-08-06","-69.367","76.367","18.0","ZHONGSHAN, AY","    0","D,,S",,,,," -330","H,,S"
"AYM00089573","1992-08-07","-69.367","76.367","18.0","ZHONGSHAN, AY",,,,,,," -293","H,,S"
"AYM00089573","1992-08-11","-69.367","76.367","18.0","ZHONGSHAN, AY","    0","D,,S",,,,," -219","H,,S"
"AYM00089573","1992-08-12","-69.367","76.367","18.0","ZHONGSHAN, AY","    0","D,,S",,,,," -198","H,,S"
"AYM00089573","1992-08-13","-69.367","76.367","18.0","ZHONGSHAN, AY","    0","D,,S",,,,," -175","H,,S"
"AYM00089573","1992-08-14","-69.367","76.367","18.0","ZHONGSHAN, AY","    0","D,,S",,,,," -225","H,,S"
"AYM00089573","1992-08-15","-69.367","76.367","18.0","ZHONGSHAN, AY",,,,,,," -172","H,,S"
"AYM00089573","1992-08-16","-69.367","76.367","18.0","ZHONGSHAN, AY","    0","D,,S",,,,," -195","H,,S"
"AYM00089573","1992-08-17","-69.367","76.367","18.0","ZHONGSHAN, AY","    0","D,,S",,,,," -186","H,,S"
"AYM00089573","1992-08-18","-69.367","76.367","18.0","ZHONGSHAN, AY","    0","D,,S",,,,," -168","H,,S"
"AYM00089573","1992-08-19","-69.367","76.367","18.0","ZHONGSHAN, AY","    0","D,,S",,,,," -151","H,,S"
"AYM00089573","1992-08-20","-69.367","76.367","18.0","ZHONGSHAN, AY","    0","D,,S",,,,," -164","H,,S"
"AYM00089573","1992-08-21","-69.367","76.367","18.0","ZHONGSHAN, AY","    0","D,,S",,,,," -146","H,,S"
"AYM00089573","1992-08-22","-69.367","76.367","18.0","ZHONGSHAN, AY","    0","D,,S",,,,," -124","H,,S"
"AYM00089573","1992-08-24","-69.367","76.367","18.0","ZHONGSHAN, AY",,,,,,," -180","H,,S"
"AYM00089573","1992-08-25","-69.367","76.367","18.0","ZHONGSHAN, AY",,,,,,," -218","H,,S"
"AYM00089573","1992-08-26","-69.367","76.367","18.0","ZHONGSHAN, AY",,,,,,," -155","H,,S"
"AYM00089573","1992-08-27","-69.367","76.367","18.0","ZHONGSHAN, AY",,,,,,,"  -82","H,,S"
"AYM00089573","1992-08-28","-69.367","76.367","18.0","ZHONGSHAN, AY",,,,,,," -112","H,,S"
"AYM00089573","1992-08-29","-69.367","76.367","18.0","ZHONGSHAN, AY",,,,,,,"  -80","H,,S"
"AYM00089573","1992-08-30","-69.367","76.367","18.0","ZHONGSHAN, AY",,,,,,," -104","H,,S"
"AYM00089573","1992-09-02","-69.367","76.367","18.0","ZHONGSHAN, AY","    0","D,,S",,,,," -231","H,,S"
"AYM00089573","1992-09-03","-69.367","76.367","18.0","ZHONGSHAN, AY","    0","D,,S",,,,," -249","H,,S"
"AYM00089573","1992-09-04","-69.367","76.367","18.0","ZHONGSHAN, AY","    0","D,,S",,,,," -242","H,,S"
"AYM00089573","1992-09-05","-69.367","76.367","18.0","ZHONGSHAN, AY","    0","D,,S",,,,," -252","H,,S"
"AYM00089573","1992-09-06","-69.367","76.367","18.0","ZHONGSHAN, AY","    0","D,,S",,,,," -256","H,,S"
"AYM00089573","1992-09-12","-69.367","76.367","18.0","ZHONGSHAN, AY","    0","D,,S",,,,," -130","H,,S"
"AYM00089573","1992-09-13","-69.367","76.367","18.0","ZHONGSHAN, AY","    0","D,,S",,,,," -171","H,,S"
"AYM00089573","1992-09-14","-69.367","76.367","18.0","ZHONGSHAN, AY",,,,,,," -221","H,,S"
"AYM00089573","1992-09-15","-69.367","76.367","18.0","ZHONGSHAN, AY",,,,,,," -276","H,,S"
"AYM00089573","1992-09-17","-69.367","76.367","18.0","ZHONGSHAN, AY",,,,,,," -301","H,,S"
"AYM00089573","1992-09-18","-69.367","76.367","18.0","ZHONGSHAN, AY","    0","D,,S",,,,," -246","H,,S"
"AYM00089573","1992-09-19","-69.367","76.367","18.0","ZHONGSHAN, AY","    0","D,,S",,,,," -259","H,,S"
"AYM00089573","1992-09-26","-69.367","76.367","18.0","ZHONGSHAN, AY","    0","D,,S",,,,," -153","H,,S"
"AYM00089573","1992-09-27","-69.367","76.367","18.0","ZHONGSHAN, AY",,,,,,," -128","H,,S"
"AYM00089573","1992-09-28","-69.367","76.367","18.0","ZHONGSHAN, AY",,,,,,," -125","H,,S"
"AYM00089573","1992-10-01","-69.367","76.367","18.0","ZHONGSHAN, AY","    0","D,,S",,,,," -179","H,,S"
"AYM00089573","1992-10-05","-69.367","76.367","18.0","ZHONGSHAN, AY",,,,,,,"  -80","H,,S"
"AYM00089573","1992-10-06","-69.367","76.367","18.0","ZHONGSHAN, AY","    0","D,,S",,,,," -109","H,,S"
"AYM00089573","1992-10-07","-69.367","76.367","18.0","ZHONGSHAN, AY",,,,,,," -194","H,,S"
"AYM00089573","1992-10-09","-69.367","76.367","18.0","ZHONGSHAN, AY",,,,,,," -164","H,,S"
"AYM00089573","1992-10-10","-69.367","76.367","18.0","ZHONGSHAN, AY",,,,,,," -161","H,,S"
"AYM00089573","1992-10-11","-69.367","76.367","18.0","ZHONGSHAN, AY",,,,,,," -104","H,,S"
"AYM00089573","1992-10-13","-69.367","76.367","18.0","ZHONGSHAN, AY","    0","D,,S",,,,," -102","H,,S"
"AYM00089573","1992-10-14","-69.367","76.367","18.0","ZHONGSHAN, AY","    0","D,,S",,,,,"  -80","H,,S"
"AYM00089573","1992-10-15","-69.367","76.367","18.0","ZHONGSHAN, AY","    0","D,,S",,,,,"  -86","H,,S"
"AYM00089573","1992-10-16","-69.367","76.367","18.0","ZHONGSHAN, AY",,,,,,,"  -95","H,,S"
"AYM00089573","1992-10-17","-69.367","76.367","18.0","ZHONGSHAN, AY","    0","D,,S",,,,,"  -67","H,,S"
"AYM00089573","1992-10-18","-69.367","76.367","18.0","ZHONGSHAN, AY","    0","D,,S",,,,," -103","H,,S"
"AYM00089573","1992-10-19","-69.367","76.367","18.0","ZHONGSHAN, AY","    0","D,,S",,,,," -118","H,,S"
"AYM00089573","1992-10-20","-69.367","76.367","18.0","ZHONGSHAN, AY","    0","D,,S",,,,," -144","H,,S"
"AYM00089573","1992-10-21","-69.367","76.367","18.0","ZHONGSHAN, AY","    0","D,,S",,,,," -151","H,,S"
"AYM00089573","1992-10-22","-69.367","76.367","18.0","ZHONGSHAN, AY","    0","D,,S",,,,," -144","H,,S"
"AYM00089573","1992-10-23","-69.367","76.367","18.0","ZHONGSHAN, AY","    0","D,,S",,,,," -149","H,,S"
"AYM00089573","1992-10-24","-69.367","76.367","18.0","ZHONGSHAN, AY","    0","D,,S",,,,," -125","H,,S"
"AYM00089573","1992-10-25","-69.367","76.367","18.0","ZHONGSHAN, AY",,,,,,," -114","H,,S"
"AYM00089573","1992-10-26","-69.367","76.367","18.0","ZHONGSHAN, AY",,,,,,,"  -95","H,,S"
"AYM00089573","1992-10-27","-69.367","76.367","18.0","ZHONGSHAN, AY",,,,,,,"  -70","H,,S"
"AYM00089573","1992-10-28","-69.367","76.367","18.0","ZHONGSHAN, AY",,,,,,,"  -74","H,,S"
"AYM00089573","1992-11-09","-69.367","76.367","18.0","ZHONGSHAN, AY","    0","D,,S",,,,,"  -29","H,,S"
"AYM00089573","1992-11-10","-69.367","76.367","18.0","ZHONGSHAN, AY",,,,,,,"  -50","H,,S"
"AYM00089573","1992-11-12","-69.367","76.367","18.0","ZHONGSHAN, AY",,,,,,,"  -50","H,,S"
"AYM00089573","1992-11-17","-69.367","76.367","18.0","ZHONGSHAN, AY",,,,,,,"  -74","H,,S"
"AYM00089573","1992-11-18","-69.367","76.367","18.0","ZHONGSHAN, AY",,,,,,,"  -46","H,,S"
"AYM00089573","1992-11-19","-69.367","76.367","18.0","ZHONGSHAN, AY",,,,,,,"  -37","H,,S"
"AYM00089573","1992-11-20","-69.367","76.367","18.0","ZHONGSHAN, AY","    0","D,,S",,,,,"  -68","H,,S"
"AYM00089573","1992-11-21","-69.367","76.367","18.0","ZHONGSHAN, AY",,,,,,,"  -54","H,,S"
"AYM00089573","1992-11-22","-69.367","76.367","18.0","ZHONGSHAN, AY","    0","D,,S",,,,,"  -38","H,,S"
"AYM00089573","1992-11-23","-69.367","76.367","18.0","ZHONGSHAN, AY","    0","D,,S",,,,,"  -29","H,,S"
"AYM00089573","1992-11-24","-69.367","76.367","18.0","ZHONGSHAN, AY",,,,,,,"  -41","H,,S"
"AYM00089573","1992-11-25","-69.367","76.367","18.0","ZHONGSHAN, AY",,,,,,,"  -40","H,,S"
"AYM00089573","1992-11-28","-69.367","76.367","18.0","ZHONGSHAN, AY",,,,,,,"    4","H,,S"
"AYM00089573","1992-11-29","-69.367","76.367","18.0","ZHONGSHAN, AY","    0","D,,S",,,,,"   -3","H,,S"
"AYM00089573","1992-12-02","-69.367","76.367","18.0","ZHONGSHAN, AY","    0","D,,S",,,,,"  -22","H,,S"
"AYM00089573","1992-12-03","-69.367","76.367","18.0","ZHONGSHAN, AY","    0","D,,S",,,,,"  -31","H,,S"
"AYM00089573","1992-12-04","-69.367","76.367","18.0","ZHONGSHAN, AY","    0","D,,S",,,,,"  -40","H,,S"
"AYM00089573","1992-12-07","-69.367","76.367","18.0","ZHONGSHAN, AY",,,,,,,"  -42","H,,S"
"AYM00089573","1992-12-09","-69.367","76.367","18.0","ZHONGSHAN, AY","    0","D,,S",,,,,"  -68","H,,S"
"AYM00089573","1992-12-10","-69.367","76.367","18.0","ZHONGSHAN, AY","    0","D,,S",,,,,"  -52","H,,S"
"AYM00089573","1992-12-11","-69.367","76.367","18.0","ZHONGSHAN, AY","    0","D,,S",,,,,"  -46","H,,S"
"AYM00089573","1992-12-14","-69.367","76.367","18.0","ZHONGSHAN, AY",,,,,,,"   -9","H,,S"
"AYM00089573","1992-12-15","-69.367","76.367","18.0","ZHONGSHAN, AY","    0","D,,S",,,,,"  -29","H,,S"
"AYM00089573","1992-12-20","-69.367","76.367","18.0","ZHONGSHAN, AY",,,,,,,"  -28","H,,S"
"AYM00089573","1992-12-21","-69.367","76.367","18.0","ZHONGSHAN, AY",,,,,,,"    1","H,,S"
"AYM00089573","1992-12-24","-69.367","76.367","18.0","ZHONGSHAN, AY","    0","D,,S",,,,,"  -20","H,,S"
"AYM00089573","1992-12-25","-69.367","76.367","18.0","ZHONGSHAN, AY","    0","D,,S",,,,,"  -14","H,,S"
"AYM00089573","1992-12-26","-69.367","76.367","18.0","ZHONGSHAN, AY","    0","D,,S",,,,,"  -19","H,,S"
"AYM00089573","1992-12-29","-69.367","76.367","18.0","ZHONGSHAN, AY","    0","D,,S",,,,,"    8","H,,S"
"AYM00089573","1993-01-01","-69.367","76.367","18.0","ZHONGSHAN, AY",,,,,,,"   -2","H,,S"
"AYM00089573","1993-01-02","-69.367","76.367","18.0","ZHONGSHAN, AY",,,,,,,"   -6","H,,S"
"AYM00089573","1993-01-03","-69.367","76.367","18.0","ZHONGSHAN, AY","    0","D,,S",,,,,"   -3","H,,S"
"AYM00089573","1993-01-04","-69.367","76.367","18.0","ZHONGSHAN, AY","    0","D,,S",,,,,"   -2","H,,S"
"AYM00089573","1993-01-07","-69.367","76.367","18.0","ZHONGSHAN, AY","    0","D,,S",,,,,"   10","H,,S"
"AYM00089573","1993-01-08","-69.367","76.367","18.0","ZHONGSHAN, AY","    0","D,,S",,,,,"   16","H,,S"
"AYM00089573","1993-01-09","-69.367","76.367","18.0","ZHONGSHAN, AY",,,,,,,"   19","H,,S"
"AYM00089573","1993-01-10","-69.367","76.367","18.0","ZHONGSHAN, AY",,,,,,,"   40","H,,S"
"AYM00089573","1993-01-11","-69.367","76.367","18.0","ZHONGSHAN, AY","    0","D,,S",,,,,"    3","H,,S"
"AYM00089573","1993-01-12","-69.367","76.367","18.0","ZHONGSHAN, AY",,,,,,,"    6","H,,S"
"AYM00089573","1993-01-13","-69.367","76.367","18.0","ZHONGSHAN, AY","    0","D,,S",,,,,"   32","H,,S"
"AYM00089573","1993-01-15","-69.367","76.367","18.0","ZHONGSHAN, AY","    0","D,,S",,,,,"    5","H,,S"
"AYM00089573","1993-01-16","-69.367","76.367","18.0","ZHONGSHAN, AY","    0","D,,S",,,,,"   11","H,,S"
"AYM00089573","1993-01-17","-69.367","76.367","18.0","ZHONGSHAN, AY","    0","D,,S",,,,,"   -2","H,,S"
"AYM00089573","1993-01-18","-69.367","76.367","18.0","ZHONGSHAN, AY","    0","D,,S",,,,,"   -1","H,,S"
"AYM00089573","1993-01-19","-69.367","76.367","18.0","ZHONGSHAN, AY","    0","D,,S",,,,,"    1","H,,S"
"AYM00089573","1993-01-20","-69.367","76.367","18.0","ZHONGSHAN, AY","    0","D,,S",,,,,"   18","H,,S"
"AYM00089573","1993-01-21","-69.367","76.367","18.0","ZHONGSHAN, AY",,,,,,,"    7","H,,S"
"AYM00089573","1993-01-22","-69.367","76.367","18.0","ZHONGSHAN, AY",,,,,,,"   18","H,,S"
"AYM00089573","1993-01-23","-69.367","76.367","18.0","ZHONGSHAN, AY","    0","D,,S",,,,,"   27","H,,S"
"AYM00089573","1993-01-24","-69.367","76.367","18.0","ZHONGSHAN, AY","    0","D,,S",,,,,"   18","H,,S"
"AYM00089573","1993-01-25","-69.367","76.367","18.0","ZHONGSHAN, AY","    0","D,,S",,,,,"  -11","H,,S"
"AYM00089573","1993-01-26","-69.367","76.367","18.0","ZHONGSHAN, AY","    0","D,,S",,,,,"   13","H,,S"
"AYM00089573","1993-01-28","-69.367","76.367","18.0","ZHONGSHAN, AY","    0","D,,S",,,,,"    2","H,,S"
"AYM00089573","1993-01-29","-69.367","76.367","18.0","ZHONGSHAN, AY","    0","D,,S",,,,,"    6","H,,S"
"AYM00089573","1993-01-30","-69.367","76.367","18.0","ZHONGSHAN, AY","    0","D,,S",,,,,"  -16","H,,S"
"AYM00089573","1993-02-01","-69.367","76.367","18.0","ZHONGSHAN, AY",,,,,,,"  -17","H,,S"
"AYM00089573","1993-02-02","-69.367","76.367","18.0","ZHONGSHAN, AY",,,,,,,"  -23","H,,S"
"AYM00089573","1993-02-05","-69.367","76.367","18.0","ZHONGSHAN, AY","    0","D,,S",,,,,"  -19","H,,S"
"AYM00089573","1993-02-07","-69.367","76.367","18.0","ZHONGSHAN, AY",,,,,,,"  -14","H,,S"
"AYM00089573","1993-02-09","-69.367","76.367","18.0","ZHONGSHAN, AY",,,,,,,"  -15","H,,S"
"AYM00089573","1993-02-10","-69.367","76.367","18.0","ZHONGSHAN, AY",,,,,,,"  -21","H,,S"
"AYM00089573","1993-02-11","-69.367","76.367","18.0","ZHONGSHAN, AY",,,,,,,"  -42","H,,S"
"AYM00089573","1993-02-13","-69.367","76.367","18.0","ZHONGSHAN, AY","    0","D,,S",,,,,"  -32","H,,S"
"AYM00089573","1993-02-14","-69.367","76.367","18.0","ZHONGSHAN, AY","    0","D,,S",,,,,"  -17","H,,S"
"AYM00089573","1993-02-15","-69.367","76.367","18.0","ZHONGSHAN, AY",,,,,,,"  -22","H,,S"
"AYM00089573","1993-02-16","-69.367","76.367","18.0","ZHONGSHAN, AY",,,,,,,"  -32","H,,S"
"AYM00089573","1993-02-20","-69.367","76.367","18.0","ZHONGSHAN, AY",,,,,,,"  -35","H,,S"
"AYM00089573","1993-02-21","-69.367","76.367","18.0","ZHONGSHAN, AY",,,,,,,"  -27","H,,S"
"AYM00089573","1993-02-23","-69.367","76.367","18.0","ZHONGSHAN, AY","    0","D,,S",,,,,"  -56","H,,S"
"AYM00089573","1993-02-24","-69.367","76.367","18.0","ZHONGSHAN, AY","    0","D,,S",,,,,"  -59","H,,S"
"AYM00089573","1993-02-25","-69.367","76.367","18.0","ZHONGSHAN, AY","    0","D,,S",,,,,"  -14","H,,S"
"AYM00089573","1993-02-26","-69.367","76.367","18.0","ZHONGSHAN, AY",,,,,,,"  -27","H,,S"
"AYM00089573","1993-02-27","-69.367","76.367","18.0","ZHONGSHAN, AY",,,,,,,"  -20","H,,S"
"AYM00089573","1993-03-02","-69.367","76.367","18.0","ZHONGSHAN, AY","    0","D,,S",,,,,"  -74","H,,S"
"AYM00089573","1993-03-05","-69.367","76.367","18.0","ZHONGSHAN, AY","    0","D,,S",,,,,"  -51","H,,S"
"AYM00089573","1993-03-06","-69.367","76.367","18.0","ZHONGSHAN, AY","    0","D,,S",,,,,"  -34","H,,S"
"AYM00089573","1993-03-07","-69.367","76.367","18.0","ZHONGSHAN, AY",,,,,,,"  -39","H,,S"
"AYM00089573","1993-03-08","-69.367","76.367","18.0","ZHONGSHAN, AY",,,,,,,"  -67","H,,S"
"AYM00089573","1993-03-10","-69.367","76.367","18.0","ZHONGSHAN, AY",,,,,,,"  -88","H,,S"
"AYM00089573","1993-03-11","-69.367","76.367","18.0","ZHONGSHAN, AY","    0","D,,S",,,,," -118","H,,S"
"AYM00089573","1993-03-12","-69.367","76.367","18.0","ZHONGSHAN, AY","    0","D,,S",,,,," -135","H,,S"
"AYM00089573","1993-03-13","-69.367","76.367","18.0","ZHONGSHAN, AY","    0","D,,S",,,,,"  -93","H,,S"
"AYM00089573","1993-03-14","-69.367","76.367","18.0","ZHONGSHAN, AY",,,,,,,"  -66","H,,S"
"AYM00089573","1993-03-15","-69.367","76.367","18.0","ZHONGSHAN, AY",,,,,,,"  -73","H,,S"
"AYM00089573","1993-03-16","-69.367","76.367","18.0","ZHONGSHAN, AY",,,,,,,"  -89","H,,S"
"AYM00089573","1993-03-17","-69.367","76.367","18.0","ZHONGSHAN, AY",,,,,,,"  -83","H,,S"
"AYM00089573","1993-03-18","-69.367","76.367","18.0","ZHONGSHAN, AY",,,,,,," -120","H,,S"
"AYM00089573","1993-03-19","-69.367","76.367","18.0","ZHONGSHAN, AY","    0","D,,S",,,,," -142","H,,S"
"AYM00089573","1993-03-20","-69.367","76.367","18.0","ZHONGSHAN, AY","    0","D,,S",,,,," -141","H,,S"
"AYM00089573","1993-03-22","-69.367","76.367","18.0","ZHONGSHAN, AY",,,,,,," -166","H,,S"
"AYM00089573","1993-03-23","-69.367","76.367","18.0","ZHONGSHAN, AY",,,,,,," -141","H,,S"
"AYM00089573","1993-03-24","-69.367","76.367","18.0","ZHONGSHAN, AY",,,,,,,"  -41","H,,S"
"AYM00089573","1993-03-25","-69.367","76.367","18.0","ZHONGSHAN, AY","    0","D,,S",,,,,"   -7","H,,S"
"AYM00089573","1993-03-26","-69.367","76.367","18.0","ZHONGSHAN, AY",,,,,,,"  -59","H,,S"
"AYM00089573","1993-03-27","-69.367","76.367","18.0","ZHONGSHAN, AY","    0","D,,S",,,,,"  -83","H,,S"
"AYM00089573","1993-03-28","-69.367","76.367","18.0","ZHONGSHAN, AY",,,,,,,"  -62","H,,S"
"AYM00089573","1993-03-29","-69.367","76.367","18.0","ZHONGSHAN, AY",,,,,,,"  -49","H,,S"
"AYM00089573","1993-04-01","-69.367","76.367","18.0","ZHONGSHAN, AY","    0","D,,S",,,,," -132","H,,S"
"AYM00089573","1993-04-04","-69.367","76.367","18.0","ZHONGSHAN, AY",,,,,,,"  -78","H,,S"
"AYM00089573","1993-04-05","-69.367","76.367","18.0","ZHONGSHAN, AY",,,,,,," -107","H,,S"
"AYM00089573","1993-04-07","-69.367","76.367","18.0","ZHONGSHAN, AY","    0","D,,S",,,,,"  -67","H,,S"
"AYM00089573","1993-04-08","-69.367","76.367","18.0","ZHONGSHAN, AY","    0","D,,S",,,,,"  -79","H,,S"
"AYM00089573","1993-04-09","-69.367","76.367","18.0","ZHONGSHAN, AY",,,,,,,"  -69","H,,S"
"AYM00089573","1993-04-10","-69.367","76.367","18.0","ZHONGSHAN, AY","    0","D,,S",,,,,"  -96","H,,S"
"AYM00089573","1993-04-11","-69.367","76.367","18.0","ZHONGSHAN, AY","    0","D,,S",,,,," -127","H,,S"
"AYM00089573","1993-04-12","-69.367","76.367","18.0","ZHONGSHAN, AY","    0","D,,S",,,,," -146","H,,S"
"AYM00089573","1993-04-13","-69.367","76.367","18.0","ZHONGSHAN, AY","    0","D,,S",,,,," -147","H,,S"
"AYM00089573","1993-04-14","-69.367","76.367","18.0","ZHONGSHAN, AY",,,,,,," -130","H,,S"
"AYM00089573","1993-04-15","-69.367","76.367","18.0","ZHONGSHAN, AY","    0","D,,S",,,,," -138","H,,S"
"AYM00089573","1993-04-16","-69.367","76.367","18.0","ZHONGSHAN, AY","    0","D,,S",,,,," -143","H,,S"
"AYM00089573","1993-04-17","-69.367","76.367","18.0","ZHONGSHAN, AY","    0","D,,S",,,,," -161","H,,S"
"AYM00089573","1993-04-18","-69.367","76.367","18.0","ZHONGSHAN, AY","    0","D,,S",,,,," -176","H,,S"
"AYM00089573","1993-04-20","-69.367","76.367","18.0","ZHONGSHAN, AY","    0","D,,S",,,,," -207","H,,S"
"AYM00089573","1993-04-21","-69.367","76.367","18.0","ZHONGSHAN, AY","    0","D,,S",,,,," -218","H,,S"
"AYM00089573","1993-04-22","-69.367","76.367","18.0","ZHONGSHAN, AY",,,,,,," -123","H,,S"
"AYM00089573","1993-04-23","-69.367","76.367","18.0","ZHONGSHAN, AY","    0","D,,S",,,,," -108","H,,S"
"AYM00089573","1993-04-24","-69.367","76.367","18.0","ZHONGSHAN, AY","    0","D,,S",,,,," -153","H,,S"
"AYM00089573","1993-04-25","-69.367","76.367","18.0","ZHONGSHAN, AY","    0","D,,S",,,,," -111","H,,S"
"AYM00089573","1993-04-26","-69.367","76.367","18.0","ZHONGSHAN, AY","    0","D,,S",,,,," -109","H,,S"
"AYM00089573","1993-04-27","-69.367","76.367","18.0","ZHONGSHAN, AY","    0","D,,S",,,,," -136","H,,S"
"AYM00089573","1993-04-28","-69.367","76.367","18.0","ZHONGSHAN, AY","    0","D,,S",,,,," -169","H,,S"
"AYM00089573","1993-04-29","-69.367","76.367","18.0","ZHONGSHAN, AY","    0","D,,S",,,,," -190","H,,S"
"AYM00089573","1993-05-01","-69.367","76.367","18.0","ZHONGSHAN, AY",,,,,,," -133","H,,S"
"AYM00089573","1993-05-02","-69.367","76.367","18.0","ZHONGSHAN, AY","    0","D,,S",,,,," -174","H,,S"
"AYM00089573","1993-05-03","-69.367","76.367","18.0","ZHONGSHAN, AY","    0","D,,S",,,,," -171","H,,S"
"AYM00089573","1993-05-04","-69.367","76.367","18.0","ZHONGSHAN, AY","    0","D,,S",,,,," -173","H,,S"
"AYM00089573","1993-05-05","-69.367","76.367","18.0","ZHONGSHAN, AY","    0","D,,S",,,,," -216","H,,S"
"AYM00089573","1993-05-06","-69.367","76.367","18.0","ZHONGSHAN, AY","    0","D,,S",,,,," -243","H,,S"
"AYM00089573","1993-05-09","-69.367","76.367","18.0","ZHONGSHAN, AY","    0","D,,S",,,,," -198","H,,S"
"AYM00089573","1993-05-10","-69.367","76.367","18.0","ZHONGSHAN, AY",,,,,,," -180","H,,S"
"AYM00089573","1993-05-11","-69.367","76.367","18.0","ZHONGSHAN, AY","    0","D,,S",,,,," -183","H,,S"
"AYM00089573","1993-05-12","-69.367","76.367","18.0","ZHONGSHAN, AY","    0","D,,S",,,,," -236","H,,S"
"AYM00089573","1993-05-13","-69.367","76.367","18.0","ZHONGSHAN, AY","    0","D,,S",,,,," -279","H,,S"
"AYM00089573","1993-05-14","-69.367","76.367","18.0","ZHONGSHAN, AY","    0","D,,S",,,,," -284","H,,S"
"AYM00089573","1993-05-17","-69.367","76.367","18.0","ZHONGSHAN, AY",,,,,,," -163","H,,S"
"AYM00089573","1993-05-18","-69.367","76.367","18.0","ZHONGSHAN, AY",,,,,,," -139","H,,S"
"AYM00089573","1993-05-19","-69.367","76.367","18.0","ZHONGSHAN, AY","    0","D,,S",,,,," -126","H,,S"
"AYM00089573","1993-05-20","-69.367","76.367","18.0","ZHONGSHAN, AY","    0","D,,S",,,,," -123","H,,S"
"AYM00089573","1993-05-22","-69.367","76.367","18.0","ZHONGSHAN, AY","    0","D,,S",,,,," -171","H,,S"
"AYM00089573","1993-05-24","-69.367","76.367","18.0","ZHONGSHAN, AY","    0","D,,S",,,,," -142","H,,S"
"AYM00089573","1993-05-25","-69.367","76.367","18.0","ZHONGSHAN, AY","    0","D,,S",,,,," -199","H,,S"
"AYM00089573","1993-05-26","-69.367","76.367","18.0","ZHONGSHAN, AY",,,,,,," -201","H,,S"
"AYM00089573","1993-05-27","-69.367","76.367","18.0","ZHONGSHAN, AY",,,,,,," -245","H,,S"
"AYM00089573","1993-05-28","-69.367","76.367","18.0","ZHONGSHAN, AY","    0","D,,S",,,,," -227","H,,S"
"AYM00089573","1993-05-29","-69.367","76.367","18.0","ZHONGSHAN, AY","    0","D,,S",,,,," -175","H,,S"
"AYM00089573","1993-05-30","-69.367","76.367","18.0","ZHONGSHAN, AY",,,,,,," -113","H,,S"
"AYM00089573","1993-06-01","-69.367","76.367","18.0","ZHONGSHAN, AY",,,,,,," -166","H,,S"
"AYM00089573","1993-06-02","-69.367","76.367","18.0","ZHONGSHAN, AY",,,,,,," -208","H,,S"
"AYM00089573","1993-06-03","-69.367","76.367","18.0","ZHONGSHAN, AY",,,,,,," -216","H,,S"
"AYM00089573","1993-06-04","-69.367","76.367","18.0","ZHONGSHAN, AY",,,,,,," -157","H,,S"
"AYM00089573","1993-06-06","-69.367","76.367","18.0","ZHONGSHAN, AY","    0","D,,S",,,,," -208","H,,S"
"AYM00089573","1993-06-07","-69.367","76.367","18.0","ZHONGSHAN, AY","    0","D,,S",,,,," -213","H,,S"
"AYM00089573","1993-06-08","-69.367","76.367","18.0","ZHONGSHAN, AY","    0","D,,S",,,,," -109","H,,S"
"AYM00089573","1993-06-09","-69.367","76.367","18.0","ZHONGSHAN, AY","    0","D,,S",,,,," -132","H,,S"
"AYM00089573","1993-06-10","-69.367","76.367","18.0","ZHONGSHAN, AY","    0","D,,S",,,,," -174","H,,S"
"AYM00089573","1993-06-12","-69.367","76.367","18.0","ZHONGSHAN, AY","    0","D,,S",,,,," -221","H,,S"
"AYM00089573","1993-06-13","-69.367","76.367","18.0","ZHONGSHAN, AY","    0","D,,S",,,,," -215","H,,S"
"AYM00089573","1993-06-14","-69.367","76.367","18.0","ZHONGSHAN, AY",,,,,,," -169","H,,S"
"AYM00089573","1993-06-15","-69.367","76.367","18.0","ZHONGSHAN, AY","    0","D,,S",,,,," -179","H,,S"
"AYM00089573","1993-06-16","-69.367","76.367","18.0","ZHONGSHAN, AY","    0","D,,S",,,,," -203","H,,S"
"AYM00089573","1993-06-17","-69.367","76.367","18.0","ZHONGSHAN, AY","    0","D,,S",,,,," -213","H,,S"
"AYM00089573","1993-06-18","-69.367","76.367","18.0","ZHONGSHAN, AY","    0","D,,S",,,,," -178","H,,S"
"AYM00089573","1993-06-21","-69.367","76.367","18.0","ZHONGSHAN, AY",,,,,,," -172","H,,S"
"AYM00089573","1993-06-22","-69.367","76.367","18.0","ZHONGSHAN, AY",,,,,,," -118","H,,S"
"AYM00089573","1993-06-23","-69.367","76.367","18.0","ZHONGSHAN, AY",,,,,,," -159","H,,S"
"AYM00089573","1993-06-26","-69.367","76.367","18.0","ZHONGSHAN, AY",,,,,,," -124","H,,S"
"AYM00089573","1993-06-27","-69.367","76.367","18.0","ZHONGSHAN, AY","    0","D,,S",,,,," -182","H,,S"
"AYM00089573","1993-06-28","-69.367","76.367","18.0","ZHONGSHAN, AY",,,,,,," -143","H,,S"
"AYM00089573","1993-06-29","-69.367","76.367","18.0","ZHONGSHAN, AY",,,,,,," -115","H,,S"
"AYM00089573","1993-07-01","-69.367","76.367","18.0","ZHONGSHAN, AY","    0","D,,S",,,,,"  -89","H,,S"
"AYM00089573","1993-07-02","-69.367","76.367","18.0","ZHONGSHAN, AY","    0","D,,S",,,,," -105","H,,S"
"AYM00089573","1993-07-03","-69.367","76.367","18.0","ZHONGSHAN, AY","    0","D,,S",,,,,"  -88","H,,S"
"AYM00089573","1993-07-04","-69.367","76.367","18.0","ZHONGSHAN, AY","    0","D,,S",,,,," -105","H,,S"
"AYM00089573","1993-07-05","-69.367","76.367","18.0","ZHONGSHAN, AY",,,,,,," -108","H,,S"
"AYM00089573","1993-07-06","-69.367","76.367","18.0","ZHONGSHAN, AY","    0","D,,S",,,,," -142","H,,S"
"AYM00089573","1993-07-07","-69.367","76.367","18.0","ZHONGSHAN, AY",,,,,,," -216","H,,S"
"AYM00089573","1993-07-08","-69.367","76.367","18.0","ZHONGSHAN, AY","    0","D,,S",,,,," -206","H,,S"
"AYM00089573","1993-07-09","-69.367","76.367","18.0","ZHONGSHAN, AY","    0","D,,S",,,,," -248","H,,S"
"AYM00089573","1993-07-10","-69.367","76.367","18.0","ZHONGSHAN, AY","    0","D,,S",,,,," -246","H,,S"
"AYM00089573","1993-07-11","-69.367","76.367","18.0","ZHONGSHAN, AY","    0","D,,S",,,,," -216","H,,S"
"AYM00089573","1993-07-12","-69.367","76.367","18.0","ZHONGSHAN, AY",,,,,,," -282","H,,S"
"AYM00089573","1993-07-13","-69.367","76.367","18.0","ZHONGSHAN, AY",,,,,,," -329","H,,S"
"AYM00089573","1993-07-15","-69.367","76.367","18.0","ZHONGSHAN, AY","    0","D,,S",,,,," -265","H,,S"
"AYM00089573","1993-07-16","-69.367","76.367","18.0","ZHONGSHAN, AY","    0","D,,S",,,,," -282","H,,S"
"AYM00089573","1993-07-17","-69.367","76.367","18.0","ZHONGSHAN, AY","    0","D,,S",,,,," -295","H,,S"
"AYM00089573","1993-07-18","-69.367","76.367","18.0","ZHONGSHAN, AY",,,,,,," -293","H,,S"
"AYM00089573","1993-07-19","-69.367","76.367","18.0","ZHONGSHAN, AY","    0","D,,S",,,,," -272","H,,S"
"AYM00089573","1993-07-20","-69.367","76.367","18.0","ZHONGSHAN, AY","    0","D,,S",,,,," -274","H,,S"
"AYM00089573","1993-07-21","-69.367","76.367","18.0","ZHONGSHAN, AY",,,,,,," -254","H,,S"
"AYM00089573","1993-07-22","-69.367","76.367","18.0","ZHONGSHAN, AY","    0","D,,S",,,,," -253","H,,S"
"AYM00089573","1993-07-23","-69.367","76.367","18.0","ZHONGSHAN, AY",,,,,,," -262","H,,S"
"AYM00089573","1993-07-24","-69.367","76.367","18.0","ZHONGSHAN, AY","    0","D,,S",,,,," -244","H,,S"
"AYM00089573","1993-07-25","-69.367","76.367","18.0","ZHONGSHAN, AY",,,,,,," -129","H,,S"
"AYM00089573","1993-07-26","-69.367","76.367","18.0","ZHONGSHAN, AY",,,,,,," -123","H,,S"
"AYM00089573","1993-07-27","-69.367","76.367","18.0","ZHONGSHAN, AY","    0","D,,S",,,,," -158","H,,S"
"AYM00089573","1993-07-28","-69.367","76.367","18.0","ZHONGSHAN, AY","    0","D,,S",,,,," -190","H,,S"
"AYM00089573","1993-07-29","-69.367","76.367","18.0","ZHONGSHAN, AY","    0","D,,S",,,,," -192","H,,S"
"AYM00089573","1993-07-30","-69.367","76.367","18.0","ZHONGSHAN, AY","    0","D,,S",,,,," -118","H,,S"
"AYM00089573","1993-08-01","-69.367","76.367","18.0","ZHONGSHAN, AY","    0","D,,S",,,,," -111","H,,S"
"AYM00089573","1993-08-02","-69.367","76.367","18.0","ZHONGSHAN, AY","    0","D,,S",,,,," -138","H,,S"
"AYM00089573","1993-08-03","-69.367","76.367","18.0","ZHONGSHAN, AY","    0","D,,S",,,,," -147","H,,S"
"AYM00089573","1993-08-04","-69.367","76.367","18.0","ZHONGSHAN, AY","    0","D,,S",,,,," -174","H,,S"
"AYM00089573","1993-08-05","-69.367","76.367","18.0","ZHONGSHAN, AY","    0","D,,S",,,,," -159","H,,S"
"AYM00089573","1993-08-06","-69.367","76.367","18.0","ZHONGSHAN, AY","    0","D,,S",,,,," -190","H,,S"
"AYM00089573","1993-08-07","-69.367","76.367","18.0","ZHONGSHAN, AY","    0","D,,S",,,,," -213","H,,S"
"AYM00089573","1993-08-09","-69.367","76.367","18.0","ZHONGSHAN, AY","    0","D,,S",,,,," -251","H,,S"
"AYM00089573","1993-08-10","-69.367","76.367","18.0","ZHONGSHAN, AY",,,,,,," -271","H,,S"
"AYM00089573","1993-08-11","-69.367","76.367","18.0","ZHONGSHAN, AY",,,,,,," -204","H,,S"
"AYM00089573","1993-08-12","-69.367","76.367","18.0","ZHONGSHAN, AY",,,,,,," -182","H,,S"
"AYM00089573","1993-08-14","-69.367","76.367","18.0","ZHONGSHAN, AY","    0","D,,S",,,,," -162","H,,S"
"AYM00089573","1993-08-15","-69.367","76.367","18.0","ZHONGSHAN, AY","    0","D,,S",,,,," -157","H,,S"
"AYM00089573","1993-08-18","-69.367","76.367","18.0","ZHONGSHAN, AY","    0","D,,S",,,,," -161","H,,S"
"AYM00089573","1993-08-19","-69.367","76.367","18.0","ZHONGSHAN, AY","    0","D,,S",,,,," -156","H,,S"
"AYM00089573","1993-08-20","-69.367","76.367","18.0","ZHONGSHAN, AY",,,,,,," -170","H,,S"
"AYM00089573","1993-08-21","-69.367","76.367","18.0","ZHONGSHAN, AY",,,,,,," -198","H,,S"
"AYM00089573","1993-08-22","-69.367","76.367","18.0","ZHONGSHAN, AY",,,,,,," -318","H,,S"
"AYM00089573","1993-08-23","-69.367","76.367","18.0","ZHONGSHAN, AY","    0","D,,S",,,,," -292","H,,S"
"AYM00089573","1993-08-25","-69.367","76.367","18.0","ZHONGSHAN, AY","    0","D,,S",,,,," -295","H,,S"
"AYM00089573","1993-08-26","-69.367","76.367","18.0","ZHONGSHAN, AY","    0","D,,S",,,,," -277","H,,S"
"AYM00089573","1993-08-28","-69.367","76.367","18.0","ZHONGSHAN, AY",,,,,,," -200","H,,S"
"AYM00089573","1993-08-29","-69.367","76.367","18.0","ZHONGSHAN, AY",,,,,,," -183","H,,S"
"AYM00089573","1993-08-30","-69.367","76.367","18.0","ZHONGSHAN, AY","    0","D,,S",,,,," -146","H,,S"
"AYM00089573","1993-09-01","-69.367","76.367","18.0","ZHONGSHAN, AY","    0","D,,S",,,,," -156","H,,S"
"AYM00089573","1993-09-02","-69.367","76.367","18.0","ZHONGSHAN, AY","    0","D,,S",,,,," -182","H,,S"
"AYM00089573","1993-09-03","-69.367","76.367","18.0","ZHONGSHAN, AY","    0","D,,S",,,,," -198","H,,S"
"AYM00089573","1993-09-04","-69.367","76.367","18.0","ZHONGSHAN, AY","    0","D,,S",,,,," -192","H,,S"
"AYM00089573","1993-09-05","-69.367","76.367","18.0","ZHONGSHAN, AY","    0","D,,S",,,,," -200","H,,S"
"AYM00089573","1993-09-06","-69.367","76.367","18.0","ZHONGSHAN, AY",,,,,,," -239","H,,S"
"AYM00089573","1993-09-08","-69.367","76.367","18.0","ZHONGSHAN, AY",,,,,,," -192","H,,S"
"AYM00089573","1993-09-09","-69.367","76.367","18.0","ZHONGSHAN, AY","    0","D,,S",,,,," -214","H,,S"
"AYM00089573","1993-09-10","-69.367","76.367","18.0","ZHONGSHAN, AY","    0","D,,S",,,,," -215","H,,S"
"AYM00089573","1993-09-11","-69.367","76.367","18.0","ZHONGSHAN, AY",,,,,,," -204","H,,S"
"AYM00089573","1993-09-13","-69.367","76.367","18.0","ZHONGSHAN, AY","    0","D,,S",,,,," -200","H,,S"
"AYM00089573","1993-09-14","-69.367","76.367","18.0","ZHONGSHAN, AY",,,,,,," -153","H,,S"
"AYM00089573","1993-09-15","-69.367","76.367","18.0","ZHONGSHAN, AY",,,,,,," -160","H,,S"
"AYM00089573","1993-09-17","-69.367","76.367","18.0","ZHONGSHAN, AY","    0","D,,S",,,,," -153","H,,S"
"AYM00089573","1993-09-18","-69.367","76.367","18.0","ZHONGSHAN, AY","    0","D,,S",,,,," -189","H,,S"
"AYM00089573","1993-09-19","-69.367","76.367","18.0","ZHONGSHAN, AY","    0","D,,S",,,,," -216","H,,S"
"AYM00089573","1993-09-20","-69.367","76.367","18.0","ZHONGSHAN, AY","    0","D,,S",,,,," -183","H,,S"
"AYM00089573","1993-09-22","-69.367","76.367","18.0","ZHONGSHAN, AY","    0","D,,S",,,,," -161","H,,S"
"AYM00089573","1993-09-23","-69.367","76.367","18.0","ZHONGSHAN, AY",,,,,,," -193","H,,S"
"AYM00089573","1993-09-24","-69.367","76.367","18.0","ZHONGSHAN, AY",,,,,,," -202","H,,S"
"AYM00089573","1993-09-25","-69.367","76.367","18.0","ZHONGSHAN, AY","    0","D,,S",,,,," -163","H,,S"
"AYM00089573","1993-09-26","-69.367","76.367","18.0","ZHONGSHAN, AY",,,,,,," -190","H,,S"
"AYM00089573","1993-09-27","-69.367","76.367","18.0","ZHONGSHAN, AY","    0","D,,S",,,,," -220","H,,S"
"AYM00089573","1993-09-28","-69.367","76.367","18.0","ZHONGSHAN, AY","    0","D,,S",,,,," -243","H,,S"
"AYM00089573","1993-09-29","-69.367","76.367","18.0","ZHONGSHAN, AY","    0","D,,S",,,,," -191","H,,S"
"AYM00089573","1993-10-01","-69.367","76.367","18.0","ZHONGSHAN, AY","    0","D,,S",,,,," -116","H,,S"
"AYM00089573","1993-10-04","-69.367","76.367","18.0","ZHONGSHAN, AY","    0","D,,S",,,,," -176","H,,S"
"AYM00089573","1993-10-05","-69.367","76.367","18.0","ZHONGSHAN, AY","    0","D,,S",,,,," -191","H,,S"
"AYM00089573","1993-10-06","-69.367","76.367","18.0","ZHONGSHAN, AY","    0","D,,S",,,,," -181","H,,S"
"AYM00089573","1993-10-08","-69.367","76.367","18.0","ZHONGSHAN, AY",,,,,,,"  -97","H,,S"
"AYM00089573","1993-10-10","-69.367","76.367","18.0","ZHONGSHAN, AY","    0","D,,S",,,,," -170","H,,S"
"AYM00089573","1993-10-11","-69.367","76.367","18.0","ZHONGSHAN, AY","    0","D,,S",,,,," -168","H,,S"
"AYM00089573","1993-10-12","-69.367","76.367","18.0","ZHONGSHAN, AY",,,,,,," -136","H,,S"
"AYM00089573","1993-10-13","-69.367","76.367","18.0","ZHONGSHAN, AY",,,,,,," -156","H,,S"
"AYM00089573","1993-10-15","-69.367","76.367","18.0","ZHONGSHAN, AY","    0","D,,S",,,,," -201","H,,S"
"AYM00089573","1993-10-16","-69.367","76.367","18.0","ZHONGSHAN, AY",,,,,,," -214","H,,S"
"AYM00089573","1993-10-17","-69.367","76.367","18.0","ZHONGSHAN, AY","    0","D,,S",,,,," -228","H,,S"
"AYM00089573","1993-10-18","-69.367","76.367","18.0","ZHONGSHAN, AY",,,,,,," -143","H,,S"
"AYM00089573","1993-10-19","-69.367","76.367","18.0","ZHONGSHAN, AY",,,,,,," -103","H,,S"
"AYM00089573","1993-10-20","-69.367","76.367","18.0","ZHONGSHAN, AY",,,,,,,"  -83","H,,S"
"AYM00089573","1993-10-22","-69.367","76.367","18.0","ZHONGSHAN, AY",,,,,,,"  -62","H,,S"
"AYM00089573","1993-10-23","-69.367","76.367","18.0","ZHONGSHAN, AY","    0","D,,S",,,,,"  -64","H,,S"
"AYM00089573","1993-10-25","-69.367","76.367","18.0","ZHONGSHAN, AY",,,,,,,"  -74","H,,S"
"AYM00089573","1993-10-27","-69.367","76.367","18.0","ZHONGSHAN, AY","    0","D,,S",,,,,"  -73","H,,S"
"AYM00089573","1993-10-30","-69.367","76.367","18.0","ZHONGSHAN, AY","    0","D,,S",,,,,"  -91","H,,S"
"AYM00089573","1993-11-02","-69.367","76.367","18.0","ZHONGSHAN, AY","    0","D,,S",,,,," -103","H,,S"
"AYM00089573","1993-11-03","-69.367","76.367","18.0","ZHONGSHAN, AY","    0","D,,S",,,,," -102","H,,S"
"AYM00089573","1993-11-04","-69.367","76.367","18.0","ZHONGSHAN, AY","    0","D,,S",,,,," -114","H,,S"
"AYM00089573","1993-11-05","-69.367","76.367","18.0","ZHONGSHAN, AY","    0","D,,S",,,,," -119","H,,S"
"AYM00089573","1993-11-06","-69.367","76.367","18.0","ZHONGSHAN, AY","    0","D,,S",,,,,"  -91","H,,S"
"AYM00089573","1993-11-07","-69.367","76.367","18.0","ZHONGSHAN, AY","    0","D,,S",,,,,"  -56","H,,S"
"AYM00089573","1993-11-08","-69.367","76.367","18.0","ZHONGSHAN, AY",,,,,,,"  -56","H,,S"
"AYM00089573","1993-11-09","-69.367","76.367","18.0","ZHONGSHAN, AY",,,,,,,"  -76","H,,S"
"AYM00089573","1993-11-10","-69.367","76.367","18.0","ZHONGSHAN, AY","    0","D,,S",,,,,"  -95","H,,S"
"AYM00089573","1993-11-11","-69.367","76.367","18.0","ZHONGSHAN, AY","    0","D,,S",,,,," -108","H,,S"
"AYM00089573","1993-11-12","-69.367","76.367","18.0","ZHONGSHAN, AY","    0","D,,S",,,,,"  -92","H,,S"
"AYM00089573","1993-11-13","-69.367","76.367","18.0","ZHONGSHAN, AY","    0","D,,S",,,,,"  -95","H,,S"
"AYM00089573","1993-11-14","-69.367","76.367","18.0","ZHONGSHAN, AY","    0","D,,S",,,,,"  -93","H,,S"
"AYM00089573","1993-11-16","-69.367","76.367","18.0","ZHONGSHAN, AY",,,,,,,"  -63","H,,S"
"AYM00089573","1993-11-18","-69.367","76.367","18.0","ZHONGSHAN, AY","    0","D,,S",,,,,"  -26","H,,S"
"AYM00089573","1993-11-19","-69.367","76.367","18.0","ZHONGSHAN, AY","    0","D,,S",,,,,"  -34","H,,S"
"AYM00089573","1993-11-20","-69.367","76.367","18.0","ZHONGSHAN, AY","    0","D,,S",,,,,"  -37","H,,S"
"AYM00089573","1993-11-21","-69.367","76.367","18.0","ZHONGSHAN, AY","    0","D,,S",,,,,"  -27","H,,S"
"AYM00089573","1993-11-22","-69.367","76.367","18.0","ZHONGSHAN, AY","    0","D,,S",,,,,"  -36","H,,S"
"AYM00089573","1993-11-23","-69.367","76.367","18.0","ZHONGSHAN, AY","    0","D,,S",,,,,"  -43","H,,S"
"AYM00089573","1993-11-24","-69.367","76.367","18.0","ZHONGSHAN, AY","    0","D,,S",,,,,"  -51","H,,S"
"AYM00089573","1993-11-25","-69.367","76.367","18.0","ZHONGSHAN, AY","    0","D,,S",,,,,"  -62","H,,S"
"AYM00089573","1993-11-28","-69.367","76.367","18.0","ZHONGSHAN, AY","    0","D,,S",,,,,"  -46","H,,S"
"AYM00089573","1993-12-01","-69.367","76.367","18.0","ZHONGSHAN, AY","    0","D,,S",,,,,"  -47","H,,S"
"AYM00089573","1993-12-02","-69.367","76.367","18.0","ZHONGSHAN, AY",,,,,,,"  -43","H,,S"
"AYM00089573","1993-12-03","-69.367","76.367","18.0","ZHONGSHAN, AY",,,,,,,"  -47","H,,S"
"AYM00089573","1993-12-05","-69.367","76.367","18.0","ZHONGSHAN, AY",,,,,,,"  -43","H,,S"
"AYM00089573","1993-12-06","-69.367","76.367","18.0","ZHONGSHAN, AY","    0","D,,S",,,,,"  -43","H,,S"
"AYM00089573","1993-12-09","-69.367","76.367","18.0","ZHONGSHAN, AY","    0","D,,S",,,,,"  -23","H,,S"
"AYM00089573","1993-12-10","-69.367","76.367","18.0","ZHONGSHAN, AY","    0","D,,S",,,,,"  -29","H,,S"
"AYM00089573","1993-12-11","-69.367","76.367","18.0","ZHONGSHAN, AY","    0","D,,S",,,,,"  -37","H,,S"
"AYM00089573","1993-12-12","-69.367","76.367","18.0","ZHONGSHAN, AY","    0","D,,S",,,,,"  -36","H,,S"
"AYM00089573","1993-12-13","-69.367","76.367","18.0","ZHONGSHAN, AY","    0","D,,S",,,,,"  -34","H,,S"
"AYM00089573","1993-12-14","-69.367","76.367","18.0","ZHONGSHAN, AY",,,,,,,"  -47","H,,S"
"AYM00089573","1993-12-15","-69.367","76.367","18.0","ZHONGSHAN, AY","    0","D,,S",,,,,"  -50","H,,S"
"AYM00089573","1993-12-16","-69.367","76.367","18.0","ZHONGSHAN, AY",,,,,,,"  -38","H,,S"
"AYM00089573","1993-12-17","-69.367","76.367","18.0","ZHONGSHAN, AY",,,,,,,"  -33","H,,S"
"AYM00089573","1993-12-18","-69.367","76.367","18.0","ZHONGSHAN, AY",,,,,,,"   -8","H,,S"
"AYM00089573","1993-12-20","-69.367","76.367","18.0","ZHONGSHAN, AY","    0","D,,S",,,,,"    3","H,,S"
"AYM00089573","1993-12-21","-69.367","76.367","18.0","ZHONGSHAN, AY","    0","D,,S",,,,,"   -9","H,,S"
"AYM00089573","1993-12-24","-69.367","76.367","18.0","ZHONGSHAN, AY","    0","D,,S",,,,,"    9","H,,S"
"AYM00089573","1993-12-25","-69.367","76.367","18.0","ZHONGSHAN, AY",,,,,,,"    8","H,,S"
"AYM00089573","1993-12-26","-69.367","76.367","18.0","ZHONGSHAN, AY",,,,,,,"   -1","H,,S"
"AYM00089573","1993-12-27","-69.367","76.367","18.0","ZHONGSHAN, AY","    0","D,,S",,,,,"    8","H,,S"
"AYM00089573","1993-12-28","-69.367","76.367","18.0","ZHONGSHAN, AY","    0","D,,S",,,,,"    2","H,,S"
"AYM00089573","1993-12-29","-69.367","76.367","18.0","ZHONGSHAN, AY",,,,,,,"    3","H,,S"
"AYM00089573","1993-12-30","-69.367","76.367","18.0","ZHONGSHAN, AY","    0","D,,S",,,,,"   -9","H,,S"
"AYM00089573","1994-01-01","-69.367","76.367","18.0","ZHONGSHAN, AY",,,,,,,"   12","H,,S"
"AYM00089573","1994-01-04","-69.367","76.367","18.0","ZHONGSHAN, AY","    0","D,,S",,,,,"   24","H,,S"
"AYM00089573","1994-01-07","-69.367","76.367","18.0","ZHONGSHAN, AY","    0","D,,S",,,,,"    3","H,,S"
"AYM00089573","1994-01-08","-69.367","76.367","18.0","ZHONGSHAN, AY",,,,,,,"   -7","H,,S"
"AYM00089573","1994-01-09","-69.367","76.367","18.0","ZHONGSHAN, AY",,,,,,,"   -2","H,,S"
"AYM00089573","1994-01-10","-69.367","76.367","18.0","ZHONGSHAN, AY","    0","D,,S",,,,,"   -8","H,,S"
"AYM00089573","1994-01-11","-69.367","76.367","18.0","ZHONGSHAN, AY",,,,,,,"   -9","H,,S"
"AYM00089573","1994-01-12","-69.367","76.367","18.0","ZHONGSHAN, AY","    0","D,,S",,,,,"   -8","H,,S"
"AYM00089573","1994-01-14","-69.367","76.367","18.0","ZHONGSHAN, AY","    0","D,,S",,,,,"  -23","H,,S"
"AYM00089573","1994-01-15","-69.367","76.367","18.0","ZHONGSHAN, AY","    0","D,,S",,,,,"  -28","H,,S"
"AYM00089573","1994-01-18","-69.367","76.367","18.0","ZHONGSHAN, AY",,,,,,,"   12","H,,S"
"AYM00089573","1994-01-19","-69.367","76.367","18.0","ZHONGSHAN, AY",,,,,,,"    9","H,,S"
"AYM00089573","1994-01-20","-69.367","76.367","18.0","ZHONGSHAN, AY","    0","D,,S",,,,,"    3","H,,S"
"AYM00089573","1994-01-21","-69.367","76.367","18.0","ZHONGSHAN, AY","    0","D,,S",,,,,"    6","H,,S"
"AYM00089573","1994-01-22","-69.367","76.367","18.0","ZHONGSHAN, AY","    0","D,,S",,,,,"    5","H,,S"
"AYM00089573","1994-01-25","-69.367","76.367","18.0","ZHONGSHAN, AY","    0","D,,S",,,,,"  -17","H,,S"
"AYM00089573","1994-01-26","-69.367","76.367","18.0","ZHONGSHAN, AY","    0","D,,S",,,,,"  -33","H,,S"
"AYM00089573","1994-01-29","-69.367","76.367","18.0","ZHONGSHAN, AY","    0","D,,S",,,,,"  -28","H,,S"
"AYM00089573","1994-01-30","-69.367","76.367","18.0","ZHONGSHAN, AY","    0","D,,S",,,,,"  -39","H,,S"
"AYM00089573","1994-02-01","-69.367","76.367","18.0","ZHONGSHAN, AY",,,,,,,"  -27","H,,S"
"AYM00089573","1994-02-02","-69.367","76.367","18.0","ZHONGSHAN, AY",,,,,,,"  -11","H,,S"
"AYM00089573","1994-02-06","-69.367","76.367","18.0","ZHONGSHAN, AY","    0","D,,S",,,,,"  -32","H,,S"
"AYM00089573","1994-02-08","-69.367","76.367","18.0","ZHONGSHAN, AY","    0","D,,S",,,,,"  -11","H,,S"
"AYM00089573","1994-02-10","-69.367","76.367","18.0","ZHONGSHAN, AY",,,,,,,"   -2","H,,S"
"AYM00089573","1994-02-11","-69.367","76.367","18.0","ZHONGSHAN, AY","    0","D,,S",,,,,"  -29","H,,S"
"AYM00089573","1994-02-12","-69.367","76.367","18.0","ZHONGSHAN, AY","    0","D,,S",,,,,"  -43","H,,S"
"AYM00089573","1994-02-13","-69.367","76.367","18.0","ZHONGSHAN, AY","    0","D,,S",,,,,"  -27","H,,S"
"AYM00089573","1994-02-15","-69.367","76.367","18.0","ZHONGSHAN, AY","    0","D,,S",,,,,"  -13","H,,S"
"AYM00089573","1994-02-16","-69.367","76.367","18.0","ZHONGSHAN, AY","    0","D,,S",,,,,"  -33","H,,S"
"AYM00089573","1994-02-18","-69.367","76.367","18.0","ZHONGSHAN, AY","    0","D,,S",,,,,"  -78","H,,S"
"AYM00089573","1994-02-20","-69.367","76.367","18.0","ZHONGSHAN, AY",,,,,,,"  -38","H,,S"
"AYM00089573","1994-02-23","-69.367","76.367","18.0","ZHONGSHAN, AY","    0","D,,S",,,,,"  -24","H,,S"
"AYM00089573","1994-03-01","-69.367","76.367","18.0","ZHONGSHAN, AY","    0","D,,S",,,,,"  -62","H,,S"
"AYM00089573","1994-03-02","-69.367","76.367","18.0","ZHONGSHAN, AY",,,,,,,"  -69","H,,S"
"AYM00089573","1994-03-03","-69.367","76.367","18.0","ZHONGSHAN, AY",,,,,,,"  -53","H,,S"
"AYM00089573","1994-03-04","-69.367","76.367","18.0","ZHONGSHAN, AY",,,,,,,"  -34","H,,S"
"AYM00089573","1994-03-05","-69.367","76.367","18.0","ZHONGSHAN, AY","    0","D,,S",,,,,"  -44","H,,S"
"AYM00089573","1994-03-06","-69.367","76.367","18.0","ZHONGSHAN, AY","    0","D,,S",,,,,"  -66","H,,S"
"AYM00089573","1994-03-08","-69.367","76.367","18.0","ZHONGSHAN, AY","    0","D,,S",,,,,"  -90","H,,S"
"AYM00089573","1994-03-11","-69.367","76.367","18.0","ZHONGSHAN, AY","    0","D,,S",,,,," -125","H,,S"
"AYM00089573","1994-03-14","-69.367","76.367","18.0","ZHONGSHAN, AY",,,,,,,"  -87","H,,S"
"AYM00089573","1994-03-17","-69.367","76.367","18.0","ZHONGSHAN, AY",,,,,,,"  -69","H,,S"
"AYM00089573","1994-03-18","-69.367","76.367","18.0","ZHONGSHAN, AY","    0","D,,S",,,,,"  -38","H,,S"
"AYM00089573","1994-03-19","-69.367","76.367","18.0","ZHONGSHAN, AY",,,,,,,"  -22","H,,S"
"AYM00089573","1994-03-20","-69.367","76.367","18.0","ZHONGSHAN, AY",,,,,,,"  -56","H,,S"
"AYM00089573","1994-03-21","-69.367","76.367","18.0","ZHONGSHAN, AY","    0","D,,S",,,,,"  -96","H,,S"
"AYM00089573","1994-03-22","-69.367","76.367","18.0","ZHONGSHAN, AY","    0","D,,S",,,,," -107","H,,S"
"AYM00089573","1994-03-24","-69.367","76.367","18.0","ZHONGSHAN, AY",,,,,,,"  -94","H,,S"
"AYM00089573","1994-03-25","-69.367","76.367","18.0","ZHONGSHAN, AY",,,,,,," -168","H,,S"
"AYM00089573","1994-03-29","-69.367","76.367","18.0","ZHONGSHAN, AY",,,,,,," -166","H,,S"
"AYM00089573","1994-04-02","-69.367","76.367","18.0","ZHONGSHAN, AY",,,,,,," -113","H,,S"
"AYM00089573","1994-04-03","-69.367","76.367","18.0","ZHONGSHAN, AY",,,,,,," -166","H,,S"
"AYM00089573","1994-04-04","-69.367","76.367","18.0","ZHONGSHAN, AY",,,,,,," -164","H,,S"
"AYM00089573","1994-04-05","-69.367","76.367","18.0","ZHONGSHAN, AY",,,,,,," -114","H,,S"
"AYM00089573","1994-04-08","-69.367","76.367","18.0","ZHONGSHAN, AY",,,,,,," -109","H,,S"
"AYM00089573","1994-04-10","-69.367","76.367","18.0","ZHONGSHAN, AY",,,,,,," -165","H,,S"
"AYM00089573","1994-04-12","-69.367","76.367","18.0","ZHONGSHAN, AY",,,,,,," -101","H,,S"
"AYM00089573","1994-04-18","-69.367","76.367","18.0","ZHONGSHAN, AY","    0","D,,S",,,,," -126","H,,S"
"AYM00089573","1994-04-20","-69.367","76.367","18.0","ZHONGSHAN, AY","    0","D,,S",,,,," -140","H,,S"
"AYM00089573","1994-04-26","-69.367","76.367","18.0","ZHONGSHAN, AY",,,,,,," -197","H,,S"
"AYM00089573","1994-04-27","-69.367","76.367","18.0","ZHONGSHAN, AY",,,,,,," -202","H,,S"
"AYM00089573","1994-04-29","-69.367","76.367","18.0","ZHONGSHAN, AY","    0","D,,S",,,,," -257","H,,S"
"AYM00089573","1994-04-30","-69.367","76.367","18.0","ZHONGSHAN, AY","    0","D,,S",,,,," -272","H,,S"
"AYM00089573","1994-05-01","-69.367","76.367","18.0","ZHONGSHAN, AY","    0","D,,S",,,,," -233","H,,S"
"AYM00089573","1994-05-06","-69.367","76.367","18.0","ZHONGSHAN, AY",,,,,,," -109","H,,S"
"AYM00089573","1994-05-07","-69.367","76.367","18.0","ZHONGSHAN, AY",,,,,,," -117","H,,S"
"AYM00089573","1994-05-08","-69.367","76.367","18.0","ZHONGSHAN, AY",,,,,,," -158","H,,S"
"AYM00089573","1994-05-09","-69.367","76.367","18.0","ZHONGSHAN, AY",,,,,,,"  -89","H,,S"
"AYM00089573","1994-05-12","-69.367","76.367","18.0","ZHONGSHAN, AY","    0","D,,S",,,,," -158","H,,S"
"AYM00089573","1994-05-16","-69.367","76.367","18.0","ZHONGSHAN, AY","    0","D,,S",,,,," -321","H,,S"
"AYM00089573","1994-05-17","-69.367","76.367","18.0","ZHONGSHAN, AY","    0","D,,S",,,,," -254","H,,S"
"AYM00089573","1994-05-18","-69.367","76.367","18.0","ZHONGSHAN, AY","    0","D,,S",,,,," -205","H,,S"
"AYM00089573","1994-05-19","-69.367","76.367","18.0","ZHONGSHAN, AY","    0","D,,S",,,,," -257","H,,S"
"AYM00089573","1994-05-21","-69.367","76.367","18.0","ZHONGSHAN, AY","    0","D,,S",,,,," -248","H,,S"
"AYM00089573","1994-05-22","-69.367","76.367","18.0","ZHONGSHAN, AY","    0","D,,S",,,,," -276","H,,S"
"AYM00089573","1994-05-29","-69.367","76.367","18.0","ZHONGSHAN, AY",,,,,,," -113","H,,S"
"AYM00089573","1994-05-30","-69.367","76.367","18.0","ZHONGSHAN, AY",,,,,,,"  -99","H,,S"
"AYM00089573","1994-05-31","-69.367","76.367","18.0","ZHONGSHAN, AY",,,,,,," -124","H,,S"
"AYM00089573","1994-06-01","-69.367","76.367","18.0","ZHONGSHAN, AY",,,,,,," -205","H,,S"
"AYM00089573","1994-06-02","-69.367","76.367","18.0","ZHONGSHAN, AY","    0","D,,S",,,,," -238","H,,S"
"AYM00089573","1994-06-03","-69.367","76.367","18.0","ZHONGSHAN, AY","    0","D,,S",,,,," -183","H,,S"
"AYM00089573","1994-06-04","-69.367","76.367","18.0","ZHONGSHAN, AY","    0","D,,S",,,,," -139","H,,S"
"AYM00089573","1994-06-05","-69.367","76.367","18.0","ZHONGSHAN, AY","    0","D,,S",,,,," -117","H,,S"
"AYM00089573","1994-06-06","-69.367","76.367","18.0","ZHONGSHAN, AY","    0","D,,S",,,,," -114","H,,S"
"AYM00089573","1994-06-07","-69.367","76.367","18.0","ZHONGSHAN, AY","    0","D,,S",,,,," -123","H,,S"
"AYM00089573","1994-06-08","-69.367","76.367","18.0","ZHONGSHAN, AY","    0","D,,S",,,,," -132","H,,S"
"AYM00089573","1994-06-10","-69.367","76.367","18.0","ZHONGSHAN, AY","    0","D,,S",,,,," -125","H,,S"
"AYM00089573","1994-06-11","-69.367","76.367","18.0","ZHONGSHAN, AY","    0","D,,S",,,,,"  -87","H,,S"
"AYM00089573","1994-06-13","-69.367","76.367","18.0","ZHONGSHAN, AY",,,,,,,"  -72","H,,S"
"AYM00089573","1994-06-14","-69.367","76.367","18.0","ZHONGSHAN, AY","    0","D,,S",,,,,"  -72","H,,S"
"AYM00089573","1994-06-15","-69.367","76.367","18.0","ZHONGSHAN, AY",,,,,,," -156","H,,S"
"AYM00089573","1994-06-16","-69.367","76.367","18.0","ZHONGSHAN, AY","    0","D,,S",,,,,"  -70","H,,S"
"AYM00089573","1994-06-17","-69.367","76.367","18.0","ZHONGSHAN, AY","    0","D,,S",,,,,"  -16","H,,S"
"AYM00089573","1994-06-18","-69.367","76.367","18.0","ZHONGSHAN, AY","    0","D,,S",,,,,"  -46","H,,S"
"AYM00089573","1994-06-19","-69.367","76.367","18.0","ZHONGSHAN, AY",,,,,,,"  -57","H,,S"
"AYM00089573","1994-06-21","-69.367","76.367","18.0","ZHONGSHAN, AY",,,,,,,"  -58","H,,S"
"AYM00089573","1994-06-22","-69.367","76.367","18.0","ZHONGSHAN, AY","    0","D,,S",,,,,"  -70","H,,S"
"AYM00089573","1994-06-23","-69.367","76.367","18.0","ZHONGSHAN, AY","    0","D,,S",,,,,"  -65","H,,S"
"AYM00089573","1994-06-24","-69.367","76.367","18.0","ZHONGSHAN, AY","    0","D,,S",,,,,"  -31","H,,S"
"AYM00089573","1994-06-25","-69.367","76.367","18.0","ZHONGSHAN, AY",,,,,,,"  -75","H,,S"
"AYM00089573","1994-06-27","-69.367","76.367","18.0","ZHONGSHAN, AY","    0","D,,S",,,,," -111","H,,S"
"AYM00089573","1994-06-30","-69.367","76.367","18.0","ZHONGSHAN, AY","    0","D,,S",,,,,"  -52","H,,S"
"AYM00089573","1994-07-01","-69.367","76.367","18.0","ZHONGSHAN, AY","    0","D,,S",,,,,"  -83","H,,S"
"AYM00089573","1994-07-02","-69.367","76.367","18.0","ZHONGSHAN, AY","    0","D,,S",,,,," -114","H,,S"
"AYM00089573","1994-07-04","-69.367","76.367","18.0","ZHONGSHAN, AY","    0","D,,S",,,,," -208","H,,S"
"AYM00089573","1994-07-05","-69.367","76.367","18.0","ZHONGSHAN, AY","    0","D,,S",,,,," -239","H,,S"
"AYM00089573","1994-07-06","-69.367","76.367","18.0","ZHONGSHAN, AY","    0","D,,S",,,,," -316","H,,S"
"AYM00089573","1994-07-07","-69.367","76.367","18.0","ZHONGSHAN, AY","    0","D,,S",,,,," -308","H,,S"
"AYM00089573","1994-07-08","-69.367","76.367","18.0","ZHONGSHAN, AY","    0","D,,S",,,,," -236","H,,S"
"AYM00089573","1994-07-09","-69.367","76.367","18.0","ZHONGSHAN, AY",,,,,,," -171","H,,S"
"AYM00089573","1994-07-10","-69.367","76.367","18.0","ZHONGSHAN, AY","    0","D,,S",,,,," -104","H,,S"
"AYM00089573","1994-07-11","-69.367","76.367","18.0","ZHONGSHAN, AY","    0","D,,S",,,,," -115","H,,S"
"AYM00089573","1994-07-13","-69.367","76.367","18.0","ZHONGSHAN, AY","    0","D,,S",,,,,"  -97","H,,S"
"AYM00089573","1994-07-14","-69.367","76.367","18.0","ZHONGSHAN, AY",,,,,,,"  -83","H,,S"
"AYM00089573","1994-07-16","-69.367","76.367","18.0","ZHONGSHAN, AY","    0","D,,S",,,,,"  -73","H,,S"
"AYM00089573","1994-07-17","-69.367","76.367","18.0","ZHONGSHAN, AY","    0","D,,S",,,,," -110","H,,S"
"AYM00089573","1994-07-18","-69.367","76.367","18.0","ZHONGSHAN, AY","    0","D,,S",,,,,"  -94","H,,S"
"AYM00089573","1994-07-19","-69.367","76.367","18.0","ZHONGSHAN, AY",,,,,,,"  -95","H,,S"
"AYM00089573","1994-07-20","-69.367","76.367","18.0","ZHONGSHAN, AY",,,,,,,"  -84","H,,S"
"AYM00089573","1994-07-21","-69.367","76.367","18.0","ZHONGSHAN, AY","    0","D,,S",,,,," -119","H,,S"
"AYM00089573","1994-07-22","-69.367","76.367","18.0","ZHONGSHAN, AY","    0","D,,S",,,,," -139","H,,S"
"AYM00089573","1994-07-23","-69.367","76.367","18.0","ZHONGSHAN, AY","    0","D,,S",,,,," -173","H,,S"
"AYM00089573","1994-07-24","-69.367","76.367","18.0","ZHONGSHAN, AY",,,,,,," -142","H,,S"
"AYM00089573","1994-07-25","-69.367","76.367","18.0","ZHONGSHAN, AY",,,,,,," -108","H,,S"
"AYM00089573","1994-07-26","-69.367","76.367","18.0","ZHONGSHAN, AY",,,,,,," -137","H,,S"
"AYM00089573","1994-07-27","-69.367","76.367","18.0","ZHONGSHAN, AY","    0","D,,S",,,,," -198","H,,S"
"AYM00089573","1994-07-31","-69.367","76.367","18.0","ZHONGSHAN, AY","    0","D,,S",,,,," -116","H,,S"
"AYM00089573","1994-08-01","-69.367","76.367","18.0","ZHONGSHAN, AY",,,,,,," -117","H,,S"
"AYM00089573","1994-08-02","-69.367","76.367","18.0","ZHONGSHAN, AY",,,,,,," -123","H,,S"
"AYM00089573","1994-08-03","-69.367","76.367","18.0","ZHONGSHAN, AY","    0","D,,S",,,,," -135","H,,S"
"AYM00089573","1994-08-04","-69.367","76.367","18.0","ZHONGSHAN, AY","    0","D,,S",,,,," -161","H,,S"
"AYM00089573","1994-08-05","-69.367","76.367","18.0","ZHONGSHAN, AY","    0","D,,S",,,,," -173","H,,S"
"AYM00089573","1994-08-09","-69.367","76.367","18.0","ZHONGSHAN, AY",,,,,,," -216","H,,S"
"AYM00089573","1994-08-10","-69.367","76.367","18.0","ZHONGSHAN, AY",,,,,,," -209","H,,S"
"AYM00089573","1994-08-11","-69.367","76.367","18.0","ZHONGSHAN, AY",,,,,,," -210","H,,S"
"AYM00089573","1994-08-12","-69.367","76.367","18.0","ZHONGSHAN, AY",,,,,,," -180","H,,S"
"AYM00089573","1994-08-14","-69.367","76.367","18.0","ZHONGSHAN, AY","    0","D,,S",,,,," -215","H,,S"
"AYM00089573","1994-08-16","-69.367","76.367","18.0","ZHONGSHAN, AY","    0","D,,S",,,,," -196","H,,S"
"AYM00089573","1994-08-17","-69.367","76.367","18.0","ZHONGSHAN, AY","    0","D,,S",,,,," -207","H,,S"
"AYM00089573","1994-08-20","-69.367","76.367","18.0","ZHONGSHAN, AY",,,,,,," -216","H,,S"
"AYM00089573","1994-08-21","-69.367","76.367","18.0","ZHONGSHAN, AY","    0","D,,S",,,,," -256","H,,S"
"AYM00089573","1994-08-22","-69.367","76.367","18.0","ZHONGSHAN, AY",,,,,,," -233","H,,S"
"AYM00089573","1994-08-25","-69.367","76.367","18.0","ZHONGSHAN, AY",,,,,,," -181","H,,S"
"AYM00089573","1994-08-26","-69.367","76.367","18.0","ZHONGSHAN, AY","    0","D,,S",,,,," -162","H,,S"
"AYM00089573","1994-08-27","-69.367","76.367","18.0","ZHONGSHAN, AY","    0","D,,S",,,,," -208","H,,S"
"AYM00089573","1994-08-28","-69.367","76.367","18.0","ZHONGSHAN, AY","    0","D,,S",,,,," -246","H,,S"
"AYM00089573","1994-08-30","-69.367","76.367","18.0","ZHONGSHAN, AY",,,,,,," -115","H,,S"
"AYM00089573","1994-08-31","-69.367","76.367","18.0","ZHONGSHAN, AY","    0","D,,S",,,,,"  -98","H,,S"
"AYM00089573","1994-09-01","-69.367","76.367","18.0","ZHONGSHAN, AY","    0","D,,S",,,,," -126","H,,S"
"AYM00089573","1994-09-02","-69.367","76.367","18.0","ZHONGSHAN, AY","    0","D,,S",,,,," -137","H,,S"
"AYM00089573","1994-09-04","-69.367","76.367","18.0","ZHONGSHAN, AY","    0","D,,S",,,,," -168","H,,S"
"AYM00089573","1994-09-08","-69.367","76.367","18.0","ZHONGSHAN, AY",,,,,,," -182","H,,S"
"AYM00089573","1994-09-09","-69.367","76.367","18.0","ZHONGSHAN, AY",,,,,,," -108","H,,S"
"AYM00089573","1994-09-10","-69.367","76.367","18.0","ZHONGSHAN, AY",,,,,,,"  -45","H,,S"
"AYM00089573","1994-09-11","-69.367","76.367","18.0","ZHONGSHAN, AY",,,,,,,"  -43","H,,S"
"AYM00089573","1994-09-12","-69.367","76.367","18.0","ZHONGSHAN, AY","    0","D,,S",,,,," -102","H,,S"
"AYM00089573","1994-09-13","-69.367","76.367","18.0","ZHONGSHAN, AY","    0","D,,S",,,,," -114","H,,S"
"AYM00089573","1994-09-15","-69.367","76.367","18.0","ZHONGSHAN, AY",,,,,,," -166","H,,S"
"AYM00089573","1994-09-17","-69.367","76.367","18.0","ZHONGSHAN, AY",,,,,,,"  -90","H,,S"
"AYM00089573","1994-09-19","-69.367","76.367","18.0","ZHONGSHAN, AY",,,,,,,"  -54","H,,S"
"AYM00089573","1994-09-20","-69.367","76.367","18.0","ZHONGSHAN, AY","    0","D,,S",,,,," -102","H,,S"
"AYM00089573","1994-09-21","-69.367","76.367","18.0","ZHONGSHAN, AY","    0","D,,S",,,,," -148","H,,S"
"AYM00089573","1994-09-23","-69.367","76.367","18.0","ZHONGSHAN, AY","    0","D,,S",,,,," -156","H,,S"
"AYM00089573","1994-09-26","-69.367","76.367","18.0","ZHONGSHAN, AY",,,,,,,"  -77","H,,S"
"AYM00089573","1994-09-27","-69.367","76.367","18.0","ZHONGSHAN, AY",,,,,,," -116","H,,S"
"AYM00089573","1994-09-28","-69.367","76.367","18.0","ZHONGSHAN, AY","    0","D,,S",,,,," -147","H,,S"
"AYM00089573","1994-09-29","-69.367","76.367","18.0","ZHONGSHAN, AY","    0","D,,S",,,,," -135","H,,S"
"AYM00089573","1994-09-30","-69.367","76.367","18.0","ZHONGSHAN, AY",,,,,,,"  -43","H,,S"
"AYM00089573","1994-10-02","-69.367","76.367","18.0","ZHONGSHAN, AY","    0","D,,S",,,,,"  -40","H,,S"
"AYM00089573","1994-10-03","-69.367","76.367","18.0","ZHONGSHAN, AY","    0","D,,S",,,,,"  -39","H,,S"
"AYM00089573","1994-10-04","-69.367","76.367","18.0","ZHONGSHAN, AY",,,,,,,"  -43","H,,S"
"AYM00089573","1994-10-05","-69.367","76.367","18.0","ZHONGSHAN, AY","    0","D,,S",,,,,"  -77","H,,S"
"AYM00089573","1994-10-06","-69.367","76.367","18.0","ZHONGSHAN, AY","    0","D,,S",,,,," -101","H,,S"
"AYM00089573","1994-10-07","-69.367","76.367","18.0","ZHONGSHAN, AY","    0","D,,S",,,,," -101","H,,S"
"AYM00089573","1994-10-08","-69.367","76.367","18.0","ZHONGSHAN, AY","    0","D,,S",,,,,"  -95","H,,S"
"AYM00089573","1994-10-09","-69.367","76.367","18.0","ZHONGSHAN, AY","    0","D,,S",,,,," -103","H,,S"
"AYM00089573","1994-10-10","-69.367","76.367","18.0","ZHONGSHAN, AY",,,,,,," -124","H,,S"
"AYM00089573","1994-10-11","-69.367","76.367","18.0","ZHONGSHAN, AY","    0","D,,S",,,,," -136","H,,S"
"AYM00089573","1994-10-13","-69.367","76.367","18.0","ZHONGSHAN, AY",,,,,,," -159","H,,S"
"AYM00089573","1994-10-14","-69.367","76.367","18.0","ZHONGSHAN, AY","    0","D,,S",,,,," -133","H,,S"
"AYM00089573","1994-10-18","-69.367","76.367","18.0","ZHONGSHAN, AY","    0","D,,S",,,,," -122","H,,S"
"AYM00089573","1994-10-19","-69.367","76.367","18.0","ZHONGSHAN, AY","    0","D,,S",,,,," -124","H,,S"
"AYM00089573","1994-10-22","-69.367","76.367","18.0","ZHONGSHAN, AY","    0","D,,S",,,,,"  -98","H,,S"
"AYM00089573","1994-10-23","-69.367","76.367","18.0","ZHONGSHAN, AY","    0","D,,S",,,,," -100","H,,S"
"AYM00089573","1994-10-24","-69.367","76.367","18.0","ZHONGSHAN, AY","    0","D,,S",,,,," -124","H,,S"
"AYM00089573","1994-10-25","-69.367","76.367","18.0","ZHONGSHAN, AY","    0","D,,S",,,,," -124","H,,S"
"AYM00089573","1994-10-28","-69.367","76.367","18.0","ZHONGSHAN, AY","    0","D,,S",,,,," -127","H,,S"
"AYM00089573","1994-10-29","-69.367","76.367","18.0","ZHONGSHAN, AY",,,,,,," -132","H,,S"
"AYM00089573","1994-10-31","-69.367","76.367","18.0","ZHONGSHAN, AY",,,,,,,"  -89","H,,S"
"AYM00089573","1994-11-01","-69.367","76.367","18.0","ZHONGSHAN, AY","    0","D,,S",,,,,"  -81","H,,S"
"AYM00089573","1994-11-02","-69.367","76.367","18.0","ZHONGSHAN, AY","    0","D,,S",,,,," -105","H,,S"
"AYM00089573","1994-11-03","-69.367","76.367","18.0","ZHONGSHAN, AY","    0","D,,S",,,,," -115","H,,S"
"AYM00089573","1994-11-04","-69.367","76.367","18.0","ZHONGSHAN, AY","    0","D,,S",,,,," -128","H,,S"
"AYM00089573","1994-11-05","-69.367","76.367","18.0","ZHONGSHAN, AY","    0","D,,S",,,,," -127","H,,S"
"AYM00089573","1994-11-06","-69.367","76.367","18.0","ZHONGSHAN, AY",,,,,,,"  -66","H,,S"
"AYM00089573","1994-11-07","-69.367","76.367","18.0","ZHONGSHAN, AY",,,,,,,"  -49","H,,S"
"AYM00089573","1994-11-09","-69.367","76.367","18.0","ZHONGSHAN, AY",,,,,,,"  -62","H,,S"
"AYM00089573","1994-11-11","-69.367","76.367","18.0","ZHONGSHAN, AY","    0","D,,S",,,,,"  -35","H,,S"
"AYM00089573","1994-11-13","-69.367","76.367","18.0","ZHONGSHAN, AY","    0","D,,S",,,,,"  -14","H,,S"
"AYM00089573","1994-11-14","-69.367","76.367","18.0","ZHONGSHAN, AY","    0","D,,S",,,,,"  -47","H,,S"
"AYM00089573","1994-11-15","-69.367","76.367","18.0","ZHONGSHAN, AY","    0","D,,S",,,,,"  -59","H,,S"
"AYM00089573","1994-11-16","-69.367","76.367","18.0","ZHONGSHAN, AY","    0","D,,S",,,,,"  -57","H,,S"
"AYM00089573","1994-11-17","-69.367","76.367","18.0","ZHONGSHAN, AY","    0","D,,S",,,,,"  -52","H,,S"
"AYM00089573","1994-11-18","-69.367","76.367","18.0","ZHONGSHAN, AY","    0","D,,S",,,,,"  -48","H,,S"
"AYM00089573","1994-11-19","-69.367","76.367","18.0","ZHONGSHAN, AY","    0","D,,S",,,,,"  -52","H,,S"
"AYM00089573","1994-11-21","-69.367","76.367","18.0","ZHONGSHAN, AY","    0","D,,S",,,,,"  -46","H,,S"
"AYM00089573","1994-11-22","-69.367","76.367","18.0","ZHONGSHAN, AY","    0","D,,S",,,,,"  -54","H,,S"
"AYM00089573","1994-11-23","-69.367","76.367","18.0","ZHONGSHAN, AY","    0","D,,S",,,,,"  -40","H,,S"
"AYM00089573","1994-11-24","-69.367","76.367","18.0","ZHONGSHAN, AY","    0","D,,S",,,,,"  -47","H,,S"
"AYM00089573","1994-11-25","-69.367","76.367","18.0","ZHONGSHAN, AY","    0","D,,S",,,,,"  -43","H,,S"
"AYM00089573","1994-11-26","-69.367","76.367","18.0","ZHONGSHAN, AY","    0","D,,S",,,,,"  -41","H,,S"
"AYM00089573","1994-11-27","-69.367","76.367","18.0","ZHONGSHAN, AY",,,,,,,"  -45","H,,S"
"AYM00089573","1994-11-28","-69.367","76.367","18.0","ZHONGSHAN, AY",,,,,,,"  -65","H,,S"
"AYM00089573","1994-11-30","-69.367","76.367","18.0","ZHONGSHAN, AY","    0","D,,S",,,,,"  -48","H,,S"
"AYM00089573","1994-12-02","-69.367","76.367","18.0","ZHONGSHAN, AY",,,,,,,"  -31","H,,S"
"AYM00089573","1994-12-03","-69.367","76.367","18.0","ZHONGSHAN, AY",,,,,,,"  -38","H,,S"
"AYM00089573","1994-12-06","-69.367","76.367","18.0","ZHONGSHAN, AY",,,,,,,"  -32","H,,S"
"AYM00089573","1994-12-09","-69.367","76.367","18.0","ZHONGSHAN, AY","    0","D,,S",,,,,"  -25","H,,S"
"AYM00089573","1994-12-10","-69.367","76.367","18.0","ZHONGSHAN, AY","    0","D,,S",,,,,"  -38","H,,S"
"AYM00089573","1994-12-11","-69.367","76.367","18.0","ZHONGSHAN, AY",,,,,,,"  -28","H,,S"
"AYM00089573","1994-12-14","-69.367","76.367","18.0","ZHONGSHAN, AY",,,,,,,"   11","H,,S"
"AYM00089573","1994-12-15","-69.367","76.367","18.0","ZHONGSHAN, AY","    0","D,,S",,,,,"    9","H,,S"
"AYM00089573","1994-12-16","-69.367","76.367","18.0","ZHONGSHAN, AY","    0","D,,S",,,,,"   19","H,,S"
"AYM00089573","1994-12-17","-69.367","76.367","18.0","ZHONGSHAN, AY","    0","D,,S",,,,,"   -8","H,,S"
"AYM00089573","1994-12-18","-69.367","76.367","18.0","ZHONGSHAN, AY","    0","D,,S",,,,,"  -20","H,,S"
"AYM00089573","1994-12-19","-69.367","76.367","18.0","ZHONGSHAN, AY","    0","D,,S",,,,,"  -19","H,,S"
"AYM00089573","1994-12-20","-69.367","76.367","18.0","ZHONGSHAN, AY","    0","D,,S",,,,,"  -14","H,,S"
"AYM00089573","1994-12-21","-69.367","76.367","18.0","ZHONGSHAN, AY","    0","D,,S",,,,,"   -4","H,,S"
"AYM00089573","1994-12-22","-69.367","76.367","18.0","ZHONGSHAN, AY","    0","D,,S",,,,,"  -12","H,,S"
"AYM00089573","1994-12-24","-69.367","76.367","18.0","ZHONGSHAN, AY","    0","D,,S",,,,,"    2","H,,S"
"AYM00089573","1994-12-25","-69.367","76.367","18.0","ZHONGSHAN, AY",,,,,,,"    8","H,,S"
"AYM00089573","1994-12-26","-69.367","76.367","18.0","ZHONGSHAN, AY","    0","D,,S",,,,,"   10","H,,S"
"AYM00089573","1994-12-28","-69.367","76.367","18.0","ZHONGSHAN, AY","    0","D,,S",,,,,"    4","H,,S"
"AYM00089573","1994-12-30","-69.367","76.367","18.0","ZHONGSHAN, AY","    0","D,,S",,,,,"  -13","H,,S"
"AYM00089573","1995-01-01","-69.367","76.367","18.0","ZHONGSHAN, AY",,,,,,,"  -19","H,,S"
"AYM00089573","1995-01-02","-69.367","76.367","18.0","ZHONGSHAN, AY",,,,,,,"   -9","H,,S"
"AYM00089573","1995-01-03","-69.367","76.367","18.0","ZHONGSHAN, AY",,,,,,,"  -28","H,,S"
"AYM00089573","1995-01-04","-69.367","76.367","18.0","ZHONGSHAN, AY",,,,,,,"  -33","H,,S"
"AYM00089573","1995-01-06","-69.367","76.367","18.0","ZHONGSHAN, AY",,,,,,,"    4","H,,S"
"AYM00089573","1995-01-07","-69.367","76.367","18.0","ZHONGSHAN, AY",,,,,,,"   28","H,,S"
"AYM00089573","1995-01-08","-69.367","76.367","18.0","ZHONGSHAN, AY","    0","D,,S",,,,,"   41","H,,S"
"AYM00089573","1995-01-09","-69.367","76.367","18.0","ZHONGSHAN, AY","    0","D,,S",,,,,"   23","H,,S"
"AYM00089573","1995-01-10","-69.367","76.367","18.0","ZHONGSHAN, AY","    0","D,,S",,,,,"   15","H,,S"
"AYM00089573","1995-01-11","-69.367","76.367","18.0","ZHONGSHAN, AY","    0","D,,S",,,,,"   -3","H,,S"
"AYM00089573","1995-01-12","-69.367","76.367","18.0","ZHONGSHAN, AY",,,,,,,"    3","H,,S"
"AYM00089573","1995-01-13","-69.367","76.367","18.0","ZHONGSHAN, AY","    0","D,,S",,,,,"    0","H,,S"
"AYM00089573","1995-01-15","-69.367","76.367","18.0","ZHONGSHAN, AY","    0","D,,S",,,,,"   11","H,,S"
"AYM00089573","1995-01-17","-69.367","76.367","18.0","ZHONGSHAN, AY",,,,,,,"  -16","H,,S"
"AYM00089573","1995-01-18","-69.367","76.367","18.0","ZHONGSHAN, AY",,,,,,,"  -18","H,,S"
"AYM00089573","1995-01-19","-69.367","76.367","18.0","ZHONGSHAN, AY",,,,,,,"  -23","H,,S"
"AYM00089573","1995-01-20","-69.367","76.367","18.0","ZHONGSHAN, AY",,,,,,,"  -29","H,,S"
"AYM00089573","1995-01-21","-69.367","76.367","18.0","ZHONGSHAN, AY","    0","D,,S",,,,,"  -24","H,,S"
"AYM00089573","1995-01-22","-69.367","76.367","18.0","ZHONGSHAN, AY","    0","D,,S",,,,,"  -23","H,,S"
"AYM00089573","1995-01-23","-69.367","76.367","18.0","ZHONGSHAN, AY",,,,,,,"  -14","H,,S"
"AYM00089573","1995-01-25","-69.367","76.367","18.0","ZHONGSHAN, AY",,,,,,,"  -27","H,,S"
"AYM00089573","1995-01-26","-69.367","76.367","18.0","ZHONGSHAN, AY",,,,,,,"  -33","H,,S"
"AYM00089573","1995-01-27","-69.367","76.367","18.0","ZHONGSHAN, AY",,,,,,,"  -33","H,,S"
"AYM00089573","1995-01-28","-69.367","76.367","18.0","ZHONGSHAN, AY",,,,,,,"  -28","H,,S"
"AYM00089573","1995-01-29","-69.367","76.367","18.0","ZHONGSHAN, AY",,,,,,,"  -22","H,,S"
"AYM00089573","1995-01-31","-69.367","76.367","18.0","ZHONGSHAN, AY","    0","D,,S",,,,,"  -50","H,,S"
"AYM00089573","1995-02-01","-69.367","76.367","18.0","ZHONGSHAN, AY","    0","D,,S",,,,,"  -45","H,,S"
"AYM00089573","1995-02-03","-69.367","76.367","18.0","ZHONGSHAN, AY",,,,,,,"   -4","H,,S"
"AYM00089573","1995-02-04","-69.367","76.367","18.0","ZHONGSHAN, AY","    0","D,,S",,,,,"  -15","H,,S"
"AYM00089573","1995-02-05","-69.367","76.367","18.0","ZHONGSHAN, AY","    0","D,,S",,,,,"  -24","H,,S"
"AYM00089573","1995-02-06","-69.367","76.367","18.0","ZHONGSHAN, AY","    0","D,,S",,,,,"  -15","H,,S"
"AYM00089573","1995-02-07","-69.367","76.367","18.0","ZHONGSHAN, AY","    0","D,,S",,,,,"  -33","H,,S"
"AYM00089573","1995-02-09","-69.367","76.367","18.0","ZHONGSHAN, AY",,,,,,,"  -17","H,,S"
"AYM00089573","1995-02-10","-69.367","76.367","18.0","ZHONGSHAN, AY",,,,,,,"  -22","H,,S"
"AYM00089573","1995-02-11","-69.367","76.367","18.0","ZHONGSHAN, AY",,,,,,,"  -24","H,,S"
"AYM00089573","1995-02-12","-69.367","76.367","18.0","ZHONGSHAN, AY","    0","D,,S",,,,,"  -22","H,,S"
"AYM00089573","1995-02-13","-69.367","76.367","18.0","ZHONGSHAN, AY","    0","D,,S",,,,,"  -35","H,,S"
"AYM00089573","1995-02-14","-69.367","76.367","18.0","ZHONGSHAN, AY",,,,,,,"  -31","H,,S"
"AYM00089573","1995-02-15","-69.367","76.367","18.0","ZHONGSHAN, AY",,,,,,,"  -28","H,,S"
"AYM00089573","1995-02-16","-69.367","76.367","18.0","ZHONGSHAN, AY",,,,,,,"  -33","H,,S"
"AYM00089573","1995-02-17","-69.367","76.367","18.0","ZHONGSHAN, AY","    0","D,,S",,,,,"  -56","H,,S"
"AYM00089573","1995-02-18","-69.367","76.367","18.0","ZHONGSHAN, AY","    0","D,,S",,,,,"  -66","H,,S"
"AYM00089573","1995-02-19","-69.367","76.367","18.0","ZHONGSHAN, AY","    0","D,,S",,,,,"  -39","H,,S"
"AYM00089573","1995-02-20","-69.367","76.367","18.0","ZHONGSHAN, AY",,,,,,,"  -28","H,,S"
"AYM00089573","1995-02-21","-69.367","76.367","18.0","ZHONGSHAN, AY",,,,,,,"  -55","H,,S"
"AYM00089573","1995-02-23","-69.367","76.367","18.0","ZHONGSHAN, AY",,,,,,,"  -46","H,,S"
"AYM00089573","1995-02-24","-69.367","76.367","18.0","ZHONGSHAN, AY",,,,,,,"  -59","H,,S"
"AYM00089573","1995-02-25","-69.367","76.367","18.0","ZHONGSHAN, AY","    0","D,,S",,,,,"  -69","H,,S"
"AYM00089573","1995-02-26","-69.367","76.367","18.0","ZHONGSHAN, AY","    0","D,,S",,,,,"  -68","H,,S"
"AYM00089573","1995-02-27","-69.367","76.367","18.0","ZHONGSHAN, AY","    0","D,,S",,,,,"  -64","H,,S"
"AYM00089573","1995-02-28","-69.367","76.367","18.0","ZHONGSHAN, AY",,,,,,,"  -81","H,,S"
"AYM00089573","1995-03-01","-69.367","76.367","18.0","ZHONGSHAN, AY",,,,,,,"  -91","H,,S"
"AYM00089573","1995-03-02","-69.367","76.367","18.0","ZHONGSHAN, AY","    0","D,,S",,,,,"  -92","H,,S"
"AYM00089573","1995-03-03","-69.367","76.367","18.0","ZHONGSHAN, AY","    0","D,,S",,,,,"  -87","H,,S"
"AYM00089573","1995-03-04","-69.367","76.367","18.0","ZHONGSHAN, AY",,,,,,,"  -79","H,,S"
"AYM00089573","1995-03-05","-69.367","76.367","18.0","ZHONGSHAN, AY",,,,,,,"  -68","H,,S"
"AYM00089573","1995-03-06","-69.367","76.367","18.0","ZHONGSHAN, AY","    0","D,,S",,,,,"  -78","H,,S"
"AYM00089573","1995-03-07","-69.367","76.367","18.0","ZHONGSHAN, AY","    0","D,,S",,,,,"  -84","H,,S"
"AYM00089573","1995-03-08","-69.367","76.367","18.0","ZHONGSHAN, AY","    0","D,,S",,,,," -123","H,,S"
"AYM00089573","1995-03-09","-69.367","76.367","18.0","ZHONGSHAN, AY","    0","D,,S",,,,,"  -89","H,,S"
"AYM00089573","1995-03-10","-69.367","76.367","18.0","ZHONGSHAN, AY","    0","D,,S",,,,,"  -72","H,,S"
"AYM00089573","1995-03-11","-69.367","76.367","18.0","ZHONGSHAN, AY","    0","D,,S",,,,,"  -92","H,,S"
"AYM00089573","1995-03-12","-69.367","76.367","18.0","ZHONGSHAN, AY","    0","D,,S",,,,,"  -71","H,,S"
"AYM00089573","1995-03-13","-69.367","76.367","18.0","ZHONGSHAN, AY","    0","D,,S",,,,,"  -57","H,,S"
"AYM00089573","1995-03-14","-69.367","76.367","18.0","ZHONGSHAN, AY","    0","D,,S",,,,,"  -83","H,,S"
"AYM00089573","1995-03-17","-69.367","76.367","18.0","ZHONGSHAN, AY",,,,,,,"  -89","H,,S"
"AYM00089573","1995-03-18","-69.367","76.367","18.0","ZHONGSHAN, AY",,,,,,,"  -49","H,,S"
"AYM00089573","1995-03-19","-69.367","76.367","18.0","ZHONGSHAN, AY",,,,,,,"  -35","H,,S"
"AYM00089573","1995-03-20","-69.367","76.367","18.0","ZHONGSHAN, AY",,,,,,,"  -39","H,,S"
"AYM00089573","1995-03-22","-69.367","76.367","18.0","ZHONGSHAN, AY",,,,,,,"  -41","H,,S"
"AYM00089573","1995-03-23","-69.367","76.367","18.0","ZHONGSHAN, AY","    0","D,,S",,,,,"  -55","H,,S"
"AYM00089573","1995-03-25","-69.367","76.367","18.0","ZHONGSHAN, AY","    0","D,,S",,,,,"  -65","H,,S"
"AYM00089573","1995-03-29","-69.367","76.367","18.0","ZHONGSHAN, AY",,,,,,,"  -63","H,,S"
"AYM00089573","1995-03-31","-69.367","76.367","18.0","ZHONGSHAN, AY",,,,,,,"  -55","H,,S"
"AYM00089573","1995-04-01","-69.367","76.367","18.0","ZHONGSHAN, AY",,,,,,,"  -36","H,,S"
"AYM00089573","1995-04-02","-69.367","76.367","18.0","ZHONGSHAN, AY","    0","D,,S",,,,,"  -58","H,,S"
"AYM00089573","1995-04-03","-69.367","76.367","18.0","ZHONGSHAN, AY","    0","D,,S",,,,," -113","H,,S"
"AYM00089573","1995-04-04","-69.367","76.367","18.0","ZHONGSHAN, AY","    0","D,,S",,,,,"  -95","H,,S"
"AYM00089573","1995-04-05","-69.367","76.367","18.0","ZHONGSHAN, AY",,,,,,,"  -48","H,,S"
"AYM00089573","1995-04-06","-69.367","76.367","18.0","ZHONGSHAN, AY",,,,,,,"  -44","H,,S"
"AYM00089573","1995-04-09","-69.367","76.367","18.0","ZHONGSHAN, AY","    0","D,,S",,,,,"  -31","H,,S"
"AYM00089573","1995-04-10","-69.367","76.367","18.0","ZHONGSHAN, AY","    0","D,,S",,,,,"  -46","H,,S"
"AYM00089573","1995-04-11","-69.367","76.367","18.0","ZHONGSHAN, AY","    0","D,,S",,,,,"  -95","H,,S"
"AYM00089573","1995-04-12","-69.367","76.367","18.0","ZHONGSHAN, AY","    0","D,,S",,,,," -140","H,,S"
"AYM00089573","1995-04-13","-69.367","76.367","18.0","ZHONGSHAN, AY","    0","D,,S",,,,," -167","H,,S"
"AYM00089573","1995-04-14","-69.367","76.367","18.0","ZHONGSHAN, AY","    0","D,,S",,,,," -153","H,,S"
"AYM00089573","1995-04-16","-69.367","76.367","18.0","ZHONGSHAN, AY","    0","D,,S",,,,," -181","H,,S"
"AYM00089573","1995-04-17","-69.367","76.367","18.0","ZHONGSHAN, AY","    0","D,,S",,,,," -178","H,,S"
"AYM00089573","1995-04-19","-69.367","76.367","18.0","ZHONGSHAN, AY","    0","D,,S",,,,," -200","H,,S"
"AYM00089573","1995-04-20","-69.367","76.367","18.0","ZHONGSHAN, AY",,,,,,," -227","H,,S"
"AYM00089573","1995-04-21","-69.367","76.367","18.0","ZHONGSHAN, AY","    0","D,,S",,,,," -248","H,,S"
"AYM00089573","1995-04-22","-69.367","76.367","18.0","ZHONGSHAN, AY","    0","D,,S",,,,," -230","H,,S"
"AYM00089573","1995-04-23","-69.367","76.367","18.0","ZHONGSHAN, AY",,,,,,," -223","H,,S"
"AYM00089573","1995-04-24","-69.367","76.367","18.0","ZHONGSHAN, AY","    0","D,,S",,,,," -223","H,,S"
"AYM00089573","1995-04-25","-69.367","76.367","18.0","ZHONGSHAN, AY","    0","D,,S",,,,," -225","H,,S"
"AYM00089573","1995-04-26","-69.367","76.367","18.0","ZHONGSHAN, AY","    0","D,,S",,,,," -238","H,,S"
"AYM00089573","1995-04-28","-69.367","76.367","18.0","ZHONGSHAN, AY","    0","D,,S",,,,," -184","H,,S"
"AYM00089573","1995-04-30","-69.367","76.367","18.0","ZHONGSHAN, AY",,,,,,," -112","H,,S"
"AYM00089573","1995-05-02","-69.367","76.367","18.0","ZHONGSHAN, AY","    0","D,,S",,,,," -104","H,,S"
"AYM00089573","1995-05-04","-69.367","76.367","18.0","ZHONGSHAN, AY","    0","D,,S",,,,," -128","H,,S"
"AYM00089573","1995-05-05","-69.367","76.367","18.0","ZHONGSHAN, AY",,,,,,," -159","H,,S"
"AYM00089573","1995-05-06","-69.367","76.367","18.0","ZHONGSHAN, AY","    0","D,,S",,,,," -179","H,,S"
"AYM00089573","1995-05-07","-69.367","76.367","18.0","ZHONGSHAN, AY",,,,,,," -171","H,,S"
"AYM00089573","1995-05-08","-69.367","76.367","18.0","ZHONGSHAN, AY","    0","D,,S",,,,," -206","H,,S"
"AYM00089573","1995-05-09","-69.367","76.367","18.0","ZHONGSHAN, AY","    0","D,,S",,,,," -213","H,,S"
"AYM00089573","1995-05-10","-69.367","76.367","18.0","ZHONGSHAN, AY","    0","D,,S",,,,," -127","H,,S"
"AYM00089573","1995-05-11","-69.367","76.367","18.0","ZHONGSHAN, AY",,,,,,," -140","H,,S"
"AYM00089573","1995-05-12","-69.367","76.367","18.0","ZHONGSHAN, AY",,,,,,," -157","H,,S"
"AYM00089573","1995-05-13","-69.367","76.367","18.0","ZHONGSHAN, AY",,,,,,," -104","H,,S"
"AYM00089573","1995-05-14","-69.367","76.367","18.0","ZHONGSHAN, AY",,,,,,," -140","H,,S"
"AYM00089573","1995-05-15","-69.367","76.367","18.0","ZHONGSHAN, AY","    0","D,,S",,,,," -183","H,,S"
"AYM00089573","1995-05-16","-69.367","76.367","18.0","ZHONGSHAN, AY","    0","D,,S",,,,," -179","H,,S"
"AYM00089573","1995-05-17","-69.367","76.367","18.0","ZHONGSHAN, AY","    0","D,,S",,,,," -166","H,,S"
"AYM00089573","1995-05-19","-69.367","76.367","18.0","ZHONGSHAN, AY",,,,,,," -233","H,,S"
"AYM00089573","1995-05-20","-69.367","76.367","18.0","ZHONGSHAN, AY",,,,,,," -173","H,,S"
"AYM00089573","1995-05-21","-69.367","76.367","18.0","ZHONGSHAN, AY",,,,,,," -136","H,,S"
"AYM00089573","1995-05-22","-69.367","76.367","18.0","ZHONGSHAN, AY","    0","D,,S",,,,," -142","H,,S"
"AYM00089573","1995-05-23","-69.367","76.367","18.0","ZHONGSHAN, AY","    0","D,,S",,,,," -168","H,,S"
"AYM00089573","1995-05-24","-69.367","76.367","18.0","ZHONGSHAN, AY","    0","D,,S",,,,," -162","H,,S"
"AYM00089573","1995-05-25","-69.367","76.367","18.0","ZHONGSHAN, AY",,,,,,,"  -90","H,,S"
"AYM00089573","1995-05-26","-69.367","76.367","18.0","ZHONGSHAN, AY",,,,,,,"  -64","H,,S"
"AYM00089573","1995-05-27","-69.367","76.367","18.0","ZHONGSHAN, AY","    0","D,,S",,,,,"  -93","H,,S"
"AYM00089573","1995-05-28","-69.367","76.367","18.0","ZHONGSHAN, AY","    0","D,,S",,,,," -131","H,,S"
"AYM00089573","1995-05-29","-69.367","76.367","18.0","ZHONGSHAN, AY","    0","D,,S",,,,," -160","H,,S"
"AYM00089573","1995-05-30","-69.367","76.367","18.0","ZHONGSHAN, AY","    0","D,,S",,,,," -181","H,,S"
"AYM00089573","1995-05-31","-69.367","76.367","18.0","ZHONGSHAN, AY","    0","D,,S",,,,," -184","H,,S"
"AYM00089573","1995-06-02","-69.367","76.367","18.0","ZHONGSHAN, AY","    0","D,,S",,,,," -255","H,,S"
"AYM00089573","1995-06-04","-69.367","76.367","18.0","ZHONGSHAN, AY",,,,,,," -188","H,,S"
"AYM00089573","1995-06-05","-69.367","76.367","18.0","ZHONGSHAN, AY",,,,,,," -126","H,,S"
"AYM00089573","1995-06-06","-69.367","76.367","18.0","ZHONGSHAN, AY",,,,,,," -188","H,,S"
"AYM00089573","1995-06-07","-69.367","76.367","18.0","ZHONGSHAN, AY",,,,,,," -142","H,,S"
"AYM00089573","1995-06-08","-69.367","76.367","18.0","ZHONGSHAN, AY",,,,,,," -119","H,,S"
"AYM00089573","1995-06-09","-69.367","76.367","18.0","ZHONGSHAN, AY","    0","D,,S",,,,," -172","H,,S"
"AYM00089573","1995-06-10","-69.367","76.367","18.0","ZHONGSHAN, AY","    0","D,,S",,,,," -155","H,,S"
"AYM00089573","1995-06-11","-69.367","76.367","18.0","ZHONGSHAN, AY","    0","D,,S",,,,," -136","H,,S"
"AYM00089573","1995-06-13","-69.367","76.367","18.0","ZHONGSHAN, AY","    0","D,,S",,,,," -119","H,,S"
"AYM00089573","1995-06-14","-69.367","76.367","18.0","ZHONGSHAN, AY","    0","D,,S",,,,," -182","H,,S"
"AYM00089573","1995-06-15","-69.367","76.367","18.0","ZHONGSHAN, AY","    0","D,,S",,,,," -176","H,,S"
"AYM00089573","1995-06-16","-69.367","76.367","18.0","ZHONGSHAN, AY","    0","D,,S",,,,," -187","H,,S"
"AYM00089573","1995-06-17","-69.367","76.367","18.0","ZHONGSHAN, AY",,,,,,," -191","H,,S"
"AYM00089573","1995-06-18","-69.367","76.367","18.0","ZHONGSHAN, AY",,,,,,," -168","H,,S"
"AYM00089573","1995-06-19","-69.367","76.367","18.0","ZHONGSHAN, AY",,,,,,," -138","H,,S"
"AYM00089573","1995-06-20","-69.367","76.367","18.0","ZHONGSHAN, AY",,,,,,," -202","H,,S"
"AYM00089573","1995-06-22","-69.367","76.367","18.0","ZHONGSHAN, AY","    0","D,,S",,,,," -153","H,,S"
"AYM00089573","1995-06-23","-69.367","76.367","18.0","ZHONGSHAN, AY","    0","D,,S",,,,," -130","H,,S"
"AYM00089573","1995-06-24","-69.367","76.367","18.0","ZHONGSHAN, AY",,,,,,,"  -54","H,,S"
"AYM00089573","1995-06-26","-69.367","76.367","18.0","ZHONGSHAN, AY",,,,,,," -139","H,,S"
"AYM00089573","1995-06-27","-69.367","76.367","18.0","ZHONGSHAN, AY","    0","D,,S",,,,," -172","H,,S"
"AYM00089573","1995-06-28","-69.367","76.367","18.0","ZHONGSHAN, AY","    0","D,,S",,,,," -144","H,,S"
"AYM00089573","1995-06-30","-69.367","76.367","18.0","ZHONGSHAN, AY","    0","D,,S",,,,,"  -63","H,,S"
"AYM00089573","1995-07-01","-69.367","76.367","18.0","ZHONGSHAN, AY","    0","D,,S",,,,," -101","H,,S"
"AYM00089573","1995-07-02","-69.367","76.367","18.0","ZHONGSHAN, AY","    0","D,,S",,,,," -119","H,,S"
"AYM00089573","1995-07-03","-69.367","76.367","18.0","ZHONGSHAN, AY",,,,,,," -116","H,,S"
"AYM00089573","1995-07-06","-69.367","76.367","18.0","ZHONGSHAN, AY","    0","D,,S",,,,,"  -28","H,,S"
"AYM00089573","1995-07-09","-69.367","76.367","18.0","ZHONGSHAN, AY",,,,,,,"  -54","H,,S"
"AYM00089573","1995-07-10","-69.367","76.367","18.0","ZHONGSHAN, AY",,,,,,,"  -38","H,,S"
"AYM00089573","1995-07-11","-69.367","76.367","18.0","ZHONGSHAN, AY",,,,,,,"  -63","H,,S"
"AYM00089573","1995-07-12","-69.367","76.367","18.0","ZHONGSHAN, AY","    0","D,,S",,,,," -101","H,,S"
"AYM00089573","1995-07-16","-69.367","76.367","18.0","ZHONGSHAN, AY","    0","D,,S",,,,," -118","H,,S"
"AYM00089573","1995-07-17","-69.367","76.367","18.0","ZHONGSHAN, AY","    0","D,,S",,,,,"  -56","H,,S"
"AYM00089573","1995-07-18","-69.367","76.367","18.0","ZHONGSHAN, AY","    0","D,,S",,,,,"  -71","H,,S"
"AYM00089573","1995-07-19","-69.367","76.367","18.0","ZHONGSHAN, AY",,,,,,,"  -72","H,,S"
"AYM00089573","1995-07-20","-69.367","76.367","18.0","ZHONGSHAN, AY",,,,,,,"  -61","H,,S"
"AYM00089573","1995-07-21","-69.367","76.367","18.0","ZHONGSHAN, AY",,,,,,,"  -66","H,,S"
"AYM00089573","1995-07-24","-69.367","76.367","18.0","ZHONGSHAN, AY",,,,,,,"  -71","H,,S"
"AYM00089573","1995-07-26","-69.367","76.367","18.0","ZHONGSHAN, AY","    0","D,,S",,,,,"  -55","H,,S"
"AYM00089573","1995-07-28","-69.367","76.367","18.0","ZHONGSHAN, AY",,,,,,,"  -23","H,,S"
"AYM00089573","1995-07-29","-69.367","76.367","18.0","ZHONGSHAN, AY",,,,,,,"  -45","H,,S"
"AYM00089573","1995-07-30","-69.367","76.367","18.0","ZHONGSHAN, AY","    0","D,,S",,,,,"  -71","H,,S"
"AYM00089573","1995-07-31","-69.367","76.367","18.0","ZHONGSHAN, AY","    0","D,,S",,,,," -121","H,,S"
"AYM00089573","1995-08-01","-69.367","76.367","18.0","ZHONGSHAN, AY",,,,,,," -108","H,,S"
"AYM00089573","1995-08-02","-69.367","76.367","18.0","ZHONGSHAN, AY","    0","D,,S",,,,," -126","H,,S"
"AYM00089573","1995-08-03","-69.367","76.367","18.0","ZHONGSHAN, AY","    0","D,,S",,,,,"  -44","H,,S"
"AYM00089573","1995-08-04","-69.367","76.367","18.0","ZHONGSHAN, AY",,,,,,,"  -50","H,,S"
"AYM00089573","1995-08-05","-69.367","76.367","18.0","ZHONGSHAN, AY","    0","D,,S",,,,,"  -67","H,,S"
"AYM00089573","1995-08-06","-69.367","76.367","18.0","ZHONGSHAN, AY",,,,,,,"  -53","H,,S"
"AYM00089573","1995-08-07","-69.367","76.367","18.0","ZHONGSHAN, AY",,,,,,," -106","H,,S"
"AYM00089573","1995-08-08","-69.367","76.367","18.0","ZHONGSHAN, AY","    0","D,,S",,,,," -107","H,,S"
"AYM00089573","1995-08-09","-69.367","76.367","18.0","ZHONGSHAN, AY","    0","D,,S",,,,," -136","H,,S"
"AYM00089573","1995-08-10","-69.367","76.367","18.0","ZHONGSHAN, AY","    0","D,,S",,,,," -147","H,,S"
"AYM00089573","1995-08-11","-69.367","76.367","18.0","ZHONGSHAN, AY","    0","D,,S",,,,," -144","H,,S"
"AYM00089573","1995-08-12","-69.367","76.367","18.0","ZHONGSHAN, AY","    0","D,,S",,,,," -114","H,,S"
"AYM00089573","1995-08-13","-69.367","76.367","18.0","ZHONGSHAN, AY","    0","D,,S",,,,," -102","H,,S"
"AYM00089573","1995-08-14","-69.367","76.367","18.0","ZHONGSHAN, AY","    0","D,,S",,,,," -139","H,,S"
"AYM00089573","1995-08-15","-69.367","76.367","18.0","ZHONGSHAN, AY","    0","D,,S",,,,," -193","H,,S"
"AYM00089573","1995-08-16","-69.367","76.367","18.0","ZHONGSHAN, AY",,,,,,," -187","H,,S"
"AYM00089573","1995-08-17","-69.367","76.367","18.0","ZHONGSHAN, AY",,,,,,," -148","H,,S"
"AYM00089573","1995-08-18","-69.367","76.367","18.0","ZHONGSHAN, AY",,,,,,," -166","H,,S"
"AYM00089573","1995-08-19","-69.367","76.367","18.0","ZHONGSHAN, AY",,,,,,," -158","H,,S"
"AYM00089573","1995-08-20","-69.367","76.367","18.0","ZHONGSHAN, AY",,,,,,," -207","H,,S"
"AYM00089573","1995-08-21","-69.367","76.367","18.0","ZHONGSHAN, AY",,,,,,," -188","H,,S"
"AYM00089573","1995-08-23","-69.367","76.367","18.0","ZHONGSHAN, AY","    0","D,,S",,,,," -221","H,,S"
"AYM00089573","1995-08-24","-69.367","76.367","18.0","ZHONGSHAN, AY","    0","D,,S",,,,," -195","H,,S"
"AYM00089573","1995-08-25","-69.367","76.367","18.0","ZHONGSHAN, AY","    0","D,,S",,,,," -186","H,,S"
"AYM00089573","1995-08-26","-69.367","76.367","18.0","ZHONGSHAN, AY","    0","D,,S",,,,," -191","H,,S"
"AYM00089573","1995-08-27","-69.367","76.367","18.0","ZHONGSHAN, AY","    0","D,,S",,,,," -215","H,,S"
"AYM00089573","1995-08-28","-69.367","76.367","18.0","ZHONGSHAN, AY","    0","D,,S",,,,," -190","H,,S"
"AYM00089573","1995-08-30","-69.367","76.367","18.0","ZHONGSHAN, AY","    0","D,,S",,,,," -192","H,,S"
"AYM00089573","1995-09-01","-69.367","76.367","18.0","ZHONGSHAN, AY",,,,,,," -215","H,,S"
"AYM00089573","1995-09-02","-69.367","76.367","18.0","ZHONGSHAN, AY",,,,,,,"  -78","H,,S"
"AYM00089573","1995-09-03","-69.367","76.367","18.0","ZHONGSHAN, AY",,,,,,," -120","H,,S"
"AYM00089573","1995-09-04","-69.367","76.367","18.0","ZHONGSHAN, AY",,,,,,,"  -84","H,,S"
"AYM00089573","1995-09-05","-69.367","76.367","18.0","ZHONGSHAN, AY",,,,,,,"  -75","H,,S"
"AYM00089573","1995-09-06","-69.367","76.367","18.0","ZHONGSHAN, AY","    0","D,,S",,,,,"  -82","H,,S"
"AYM00089573","1995-09-07","-69.367","76.367","18.0","ZHONGSHAN, AY","    0","D,,S",,,,," -113","H,,S"
"AYM00089573","1995-09-08","-69.367","76.367","18.0","ZHONGSHAN, AY","    0","D,,S",,,,," -126","H,,S"
"AYM00089573","1995-09-09","-69.367","76.367","18.0","ZHONGSHAN, AY","    0","D,,S",,,,," -166","H,,S"
"AYM00089573","1995-09-10","-69.367","76.367","18.0","ZHONGSHAN, AY","    0","D,,S",,,,," -200","H,,S"
"AYM00089573","1995-09-11","-69.367","76.367","18.0","ZHONGSHAN, AY","    0","D,,S",,,,," -223","H,,S"
"AYM00089573","1995-09-12","-69.367","76.367","18.0","ZHONGSHAN, AY","    0","D,,S",,,,," -254","H,,S"
"AYM00089573","1995-09-14","-69.367","76.367","18.0","ZHONGSHAN, AY",,,,,,," -251","H,,S"
"AYM00089573","1995-09-15","-69.367","76.367","18.0","ZHONGSHAN, AY","    0","D,,S",,,,," -209","H,,S"
"AYM00089573","1995-09-16","-69.367","76.367","18.0","ZHONGSHAN, AY","    0","D,,S",,,,," -204","H,,S"
"AYM00089573","1995-09-18","-69.367","76.367","18.0","ZHONGSHAN, AY",,,,,,," -172","H,,S"
"AYM00089573","1995-09-19","-69.367","76.367","18.0","ZHONGSHAN, AY",,,,,,," -121","H,,S"
"AYM00089573","1995-09-20","-69.367","76.367","18.0","ZHONGSHAN, AY",,,,,,," -178","H,,S"
"AYM00089573","1995-09-21","-69.367","76.367","18.0","ZHONGSHAN, AY",,,,,,," -183","H,,S"
"AYM00089573","1995-09-23","-69.367","76.367","18.0","ZHONGSHAN, AY",,,,,,," -104","H,,S"
"AYM00089573","1995-09-24","-69.367","76.367","18.0","ZHONGSHAN, AY","    0","D,,S",,,,," -146","H,,S"
"AYM00089573","1995-09-25","-69.367","76.367","18.0","ZHONGSHAN, AY","    0","D,,S",,,,," -153","H,,S"
"AYM00089573","1995-09-26","-69.367","76.367","18.0","ZHONGSHAN, AY",,,,,,," -180","H,,S"
"AYM00089573","1995-09-27","-69.367","76.367","18.0","ZHONGSHAN, AY","    0","D,,S",,,,," -207","H,,S"
"AYM00089573","1995-09-28","-69.367","76.367","18.0","ZHONGSHAN, AY","    0","D,,S",,,,," -228","H,,S"
"AYM00089573","1995-09-29","-69.367","76.367","18.0","ZHONGSHAN, AY",,,,,,," -133","H,,S"
"AYM00089573","1995-09-30","-69.367","76.367","18.0","ZHONGSHAN, AY","    0","D,,S",,,,," -116","H,,S"
"AYM00089573","1995-10-01","-69.367","76.367","18.0","ZHONGSHAN, AY","    0","D,,S",,,,," -111","H,,S"
"AYM00089573","1995-10-03","-69.367","76.367","18.0","ZHONGSHAN, AY",,,,,,,"  -89","H,,S"
"AYM00089573","1995-10-04","-69.367","76.367","18.0","ZHONGSHAN, AY","    0","D,,S",,,,," -103","H,,S"
"AYM00089573","1995-10-05","-69.367","76.367","18.0","ZHONGSHAN, AY",,,,,,,"  -91","H,,S"
"AYM00089573","1995-10-06","-69.367","76.367","18.0","ZHONGSHAN, AY",,,,,,,"  -87","H,,S"
"AYM00089573","1995-10-07","-69.367","76.367","18.0","ZHONGSHAN, AY","    0","D,,S",,,,,"  -98","H,,S"
"AYM00089573","1995-10-24","-69.367","76.367","18.0","ZHONGSHAN, AY","    0","D,,S",,,,," -159","H,,S"
"AYM00089573","1995-10-28","-69.367","76.367","18.0","ZHONGSHAN, AY","    0","D,,S",,,,," -163","H,,S"
"AYM00089573","1995-11-14","-69.367","76.367","18.0","ZHONGSHAN, AY","    0","D,,S",,,,,"  -89","H,,S"
"AYM00089573","1995-11-22","-69.367","76.367","18.0","ZHONGSHAN, AY","    0","D,,S",,,,,"  -10","H,,S"
"AYM00089573","1995-11-23","-69.367","76.367","18.0","ZHONGSHAN, AY",,,,,,,"    3","H,,S"
"AYM00089573","1995-12-14","-69.367","76.367","18.0","ZHONGSHAN, AY","    0","D,,S",,,,,"  -21","H,,S"
"AYM00089573","1995-12-15","-69.367","76.367","18.0","ZHONGSHAN, AY",,,,,,,"  -14","H,,S"
"AYM00089573","1995-12-16","-69.367","76.367","18.0","ZHONGSHAN, AY",,,,,,,"   -5","H,,S"
"AYM00089573","1995-12-19","-69.367","76.367","18.0","ZHONGSHAN, AY","    0","D,,S",,,,,"   -1","H,,S"
"AYM00089573","1995-12-20","-69.367","76.367","18.0","ZHONGSHAN, AY","    0","D,,S",,,,,"   -5","H,,S"
"AYM00089573","1995-12-21","-69.367","76.367","18.0","ZHONGSHAN, AY","    0","D,,S",,,,,"    5","H,,S"
"AYM00089573","1995-12-24","-69.367","76.367","18.0","ZHONGSHAN, AY","    0","D,,S",,,,,"  -10","H,,S"
"AYM00089573","1995-12-26","-69.367","76.367","18.0","ZHONGSHAN, AY",,,,,,,"    6","H,,S"
"AYM00089573","1996-01-01","-69.367","76.367","18.0","ZHONGSHAN, AY","    0","D,,S",,,,,"    2","H,,S"
"AYM00089573","1996-01-08","-69.367","76.367","18.0","ZHONGSHAN, AY",,,,,,,"  -13","H,,S"
"AYM00089573","1996-01-09","-69.367","76.367","18.0","ZHONGSHAN, AY",,,,,,,"  -17","H,,S"
"AYM00089573","1996-01-10","-69.367","76.367","18.0","ZHONGSHAN, AY","    0","D,,S",,,,,"  -11","H,,S"
"AYM00089573","1996-01-12","-69.367","76.367","18.0","ZHONGSHAN, AY",,,,,,,"    6","H,,S"
"AYM00089573","1996-01-14","-69.367","76.367","18.0","ZHONGSHAN, AY","    0","D,,S",,,,,"   21","H,,S"
"AYM00089573","1996-01-15","-69.367","76.367","18.0","ZHONGSHAN, AY","    0","D,,S",,,,,"   11","H,,S"
"AYM00089573","1996-01-24","-69.367","76.367","18.0","ZHONGSHAN, AY","    0","D,,S",,,,,"   10","H,,S"
"AYM00089573","1996-01-25","-69.367","76.367","18.0","ZHONGSHAN, AY","    0","D,,S",,,,,"   22","H,,S"
"AYM00089573","1996-01-31","-69.367","76.367","18.0","ZHONGSHAN, AY",,,,,,,"   42","H,,S"
"AYM00089573","1996-02-05","-69.367","76.367","18.0","ZHONGSHAN, AY","    0","D,,S",,,,,"  -14","H,,S"
"AYM00089573","1996-02-06","-69.367","76.367","18.0","ZHONGSHAN, AY","    0","D,,S",,,,,"  -19","H,,S"
"AYM00089573","1996-02-18","-69.367","76.367","18.0","ZHONGSHAN, AY",,,,,,,"  -27","H,,S"
"AYM00089573","1996-02-21","-69.367","76.367","18.0","ZHONGSHAN, AY",,,,,,,"  -50","H,,S"
"AYM00089573","1996-02-28","-69.367","76.367","18.0","ZHONGSHAN, AY","    0","D,,S",,,,,"  -38","H,,S"
"AYM00089573","1996-02-29","-69.367","76.367","18.0","ZHONGSHAN, AY","    0","D,,S",,,,,"  -19","H,,S"
"AYM00089573","1996-03-01","-69.367","76.367","18.0","ZHONGSHAN, AY","    0","D,,S",,,,,"  -10","H,,S"
"AYM00089573","1996-03-02","-69.367","76.367","18.0","ZHONGSHAN, AY","    0","D,,S",,,,,"  -35","H,,S"
"AYM00089573","1996-03-03","-69.367","76.367","18.0","ZHONGSHAN, AY","    0","D,,S",,,,,"  -98","H,,S"
"AYM00089573","1996-03-04","-69.367","76.367","18.0","ZHONGSHAN, AY","    0","D,,S",,,,," -116","H,,S"
"AYM00089573","1996-03-06","-69.367","76.367","18.0","ZHONGSHAN, AY","    0","D,,S",,,,,"  -85","H,,S"
"AYM00089573","1996-03-09","-69.367","76.367","18.0","ZHONGSHAN, AY","    0","D,,S",,,,,"  -71","H,,S"
"AYM00089573","1996-03-12","-69.367","76.367","18.0","ZHONGSHAN, AY",,,,,,,"  -81","H,,S"
"AYM00089573","1996-03-13","-69.367","76.367","18.0","ZHONGSHAN, AY",,,,,,,"  -79","H,,S"
"AYM00089573","1996-03-15","-69.367","76.367","18.0","ZHONGSHAN, AY","    0","D,,S",,,,," -103","H,,S"
"AYM00089573","1996-03-16","-69.367","76.367","18.0","ZHONGSHAN, AY","    0","D,,S",,,,,"  -98","H,,S"
"AYM00089573","1996-03-20","-69.367","76.367","18.0","ZHONGSHAN, AY","    0","D,,S",,,,,"  -57","H,,S"
"AYM00089573","1996-03-21","-69.367","76.367","18.0","ZHONGSHAN, AY","    0","D,,S",,,,,"  -53","H,,S"
"AYM00089573","1996-03-22","-69.367","76.367","18.0","ZHONGSHAN, AY","    0","D,,S",,,,,"  -79","H,,S"
"AYM00089573","1996-03-23","-69.367","76.367","18.0","ZHONGSHAN, AY","    0","D,,S",,,,,"  -93","H,,S"
"AYM00089573","1996-04-02","-69.367","76.367","18.0","ZHONGSHAN, AY",,,,,,,"  -92","H,,S"
"AYM00089573","1996-04-04","-69.367","76.367","18.0","ZHONGSHAN, AY","    0","D,,S",,,,,"  -63","H,,S"
"AYM00089573","1996-04-05","-69.367","76.367","18.0","ZHONGSHAN, AY","    0","D,,S",,,,," -101","H,,S"
"AYM00089573","1996-04-13","-69.367","76.367","18.0","ZHONGSHAN, AY","    0","D,,S",,,,," -134","H,,S"
"AYM00089573","1996-04-14","-69.367","76.367","18.0","ZHONGSHAN, AY",,,,,,," -147","H,,S"
"AYM00089573","1996-04-28","-69.367","76.367","18.0","ZHONGSHAN, AY",,,,,,," -136","H,,S"
"AYM00089573","1996-04-30","-69.367","76.367","18.0","ZHONGSHAN, AY",,,,,,," -156","H,,S"
"AYM00089573","1996-05-02","-69.367","76.367","18.0","ZHONGSHAN, AY",,,,,,," -119","H,,S"
"AYM00089573","1996-05-03","-69.367","76.367","18.0","ZHONGSHAN, AY",,,,,,," -125","H,,S"
"AYM00089573","1996-05-04","-69.367","76.367","18.0","ZHONGSHAN, AY",,,,,,," -156","H,,S"
"AYM00089573","1996-05-05","-69.367","76.367","18.0","ZHONGSHAN, AY","    0","D,,S",,,,," -242","H,,S"
"AYM00089573","1996-05-08","-69.367","76.367","18.0","ZHONGSHAN, AY",,,,,,," -187","H,,S"
"AYM00089573","1996-05-09","-69.367","76.367","18.0","ZHONGSHAN, AY",,,,,,," -103","H,,S"
"AYM00089573","1996-05-13","-69.367","76.367","18.0","ZHONGSHAN, AY",,,,,,," -178","H,,S"
"AYM00089573","1996-05-14","-69.367","76.367","18.0","ZHONGSHAN, AY",,,,,,," -144","H,,S"
"AYM00089573","1996-05-15","-69.367","76.367","18.0","ZHONGSHAN, AY",,,,,,," -197","H,,S"
"AYM00089573","1996-05-22","-69.367","76.367","18.0","ZHONGSHAN, AY",,,,,,," -127","H,,S"
"AYM00089573","1996-05-23","-69.367","76.367","18.0","ZHONGSHAN, AY",,,,,,," -165","H,,S"
"AYM00089573","1996-05-24","-69.367","76.367","18.0","ZHONGSHAN, AY",,,,,,," -201","H,,S"
"AYM00089573","1996-05-25","-69.367","76.367","18.0","ZHONGSHAN, AY","    0","D,,S",,,,," -236","H,,S"
"AYM00089573","1996-05-26","-69.367","76.367","18.0","ZHONGSHAN, AY","    0","D,,S",,,,," -254","H,,S"
"AYM00089573","1996-06-03","-69.367","76.367","18.0","ZHONGSHAN, AY","    0","D,,S",,,,," -190","H,,S"
"AYM00089573","1996-06-05","-69.367","76.367","18.0","ZHONGSHAN, AY","    0","D,,S",,,,," -211","H,,S"
"AYM00089573","1996-06-16","-69.367","76.367","18.0","ZHONGSHAN, AY",,,,,,," -144","H,,S"
"AYM00089573","1996-06-17","-69.367","76.367","18.0","ZHONGSHAN, AY",,,,,,," -137","H,,S"
"AYM00089573","1996-06-20","-69.367","76.367","18.0","ZHONGSHAN, AY",,,,,,," -107","H,,S"
"AYM00089573","1996-06-22","-69.367","76.367","18.0","ZHONGSHAN, AY","    0","D,,S",,,,," -154","H,,S"
"AYM00089573","1996-06-28","-69.367","76.367","18.0","ZHONGSHAN, AY",,,,,,," -114","H,,S"
"AYM00089573","1996-06-29","-69.367","76.367","18.0","ZHONGSHAN, AY","    0","D,,S",,,,," -197","H,,S"
"AYM00089573","1996-07-06","-69.367","76.367","18.0","ZHONGSHAN, AY","    0","D,,S",,,,," -127","H,,S"
"AYM00089573","1996-07-08","-69.367","76.367","18.0","ZHONGSHAN, AY",,,,,,," -150","H,,S"
"AYM00089573","1996-07-09","-69.367","76.367","18.0","ZHONGSHAN, AY",,,,,,," -186","H,,S"
"AYM00089573","1996-07-10","-69.367","76.367","18.0","ZHONGSHAN, AY","    0","D,,S",,,,," -133","H,,S"
"AYM00089573","1996-07-13","-69.367","76.367","18.0","ZHONGSHAN, AY","    0","D,,S",,,,," -171","H,,S"
"AYM00089573","1996-07-22","-69.367","76.367","18.0","ZHONGSHAN, AY","    0","D,,S",,,,,"  -95","H,,S"
"AYM00089573","1996-07-24","-69.367","76.367","18.0","ZHONGSHAN, AY","    0","D,,S",,,,," -164","H,,S"
"AYM00089573","1996-07-27","-69.367","76.367","18.0","ZHONGSHAN, AY","    0","D,,S",,,,," -184","H,,S"
"AYM00089573","1996-07-28","-69.367","76.367","18.0","ZHONGSHAN, AY","    0","D,,S",,,,," -204","H,,S"
"AYM00089573","1996-07-29","-69.367","76.367","18.0","ZHONGSHAN, AY","    0","D,,S",,,,," -111","H,,S"
"AYM00089573","1996-07-31","-69.367","76.367","18.0","ZHONGSHAN, AY","    0","D,,S",,,,," -119","H,,S"
"AYM00089573","1996-08-01","-69.367","76.367","18.0","ZHONGSHAN, AY","    0","D,,S",,,,," -136","H,,S"
"AYM00089573","1996-08-02","-69.367","76.367","18.0","ZHONGSHAN, AY","    0","D,,S",,,,,"  -69","H,,S"
"AYM00089573","1996-08-06","-69.367","76.367","18.0","ZHONGSHAN, AY","    0","D,,S",,,,," -153","H,,S"
"AYM00089573","1996-08-08","-69.367","76.367","18.0","ZHONGSHAN, AY","    0","D,,S",,,,," -253","H,,S"
"AYM00089573","1996-08-10","-69.367","76.367","18.0","ZHONGSHAN, AY","    0","D,,S",,,,," -273","H,,S"
"AYM00089573","1996-08-14","-69.367","76.367","18.0","ZHONGSHAN, AY","    0","D,,S",,,,," -197","H,,S"
"AYM00089573","1996-08-16","-69.367","76.367","18.0","ZHONGSHAN, AY","    0","D,,S",,,,," -179","H,,S"
"AYM00089573","1996-08-17","-69.367","76.367","18.0","ZHONGSHAN, AY","    0","D,,S",,,,," -173","H,,S"
"AYM00089573","1996-08-18","-69.367","76.367","18.0","ZHONGSHAN, AY",,,,,,," -141","H,,S"
"AYM00089573","1996-08-23","-69.367","76.367","18.0","ZHONGSHAN, AY",,,,,,,"  -43","H,,S"
"AYM00089573","1996-08-24","-69.367","76.367","18.0","ZHONGSHAN, AY",,,,,,,"  -12","H,,S"
"AYM00089573","1996-08-25","-69.367","76.367","18.0","ZHONGSHAN, AY",,,,,,,"  -68","H,,S"
"AYM00089573","1996-09-08","-69.367","76.367","18.0","ZHONGSHAN, AY",,,,,,,"  -44","H,,S"
"AYM00089573","1996-09-09","-69.367","76.367","18.0","ZHONGSHAN, AY",,,,,,,"  -47","H,,S"
"AYM00089573","1996-09-11","-69.367","76.367","18.0","ZHONGSHAN, AY","    0","D,,S",,,,," -107","H,,S"
"AYM00089573","1996-09-13","-69.367","76.367","18.0","ZHONGSHAN, AY","    0","D,,S",,,,,"  -41","H,,S"
"AYM00089573","1996-09-14","-69.367","76.367","18.0","ZHONGSHAN, AY","    0","D,,S",,,,,"  -73","H,,S"
"AYM00089573","1996-09-17","-69.367","76.367","18.0","ZHONGSHAN, AY","    0","D,,S",,,,," -152","H,,S"
"AYM00089573","1996-09-20","-69.367","76.367","18.0","ZHONGSHAN, AY","    0","D,,S",,,,," -190","H,,S"
"AYM00089573","1996-09-25","-69.367","76.367","18.0","ZHONGSHAN, AY",,,,,,," -123","H,,S"
"AYM00089573","1996-09-26","-69.367","76.367","18.0","ZHONGSHAN, AY",,,,,,," -162","H,,S"
"AYM00089573","1996-09-27","-69.367","76.367","18.0","ZHONGSHAN, AY","    0","D,,S",,,,," -198","H,,S"
"AYM00089573","1996-09-28","-69.367","76.367","18.0","ZHONGSHAN, AY","    0","D,,S",,,,," -200","H,,S"
"AYM00089573","1996-09-29","-69.367","76.367","18.0","ZHONGSHAN, AY","    0","D,,S",,,,," -180","H,,S"
"AYM00089573","1996-09-30","-69.367","76.367","18.0","ZHONGSHAN, AY","    0","D,,S",,,,," -171","H,,S"
"AYM00089573","1996-10-01","-69.367","76.367","18.0","ZHONGSHAN, AY","    0","D,,S",,,,," -159","H,,S"
"AYM00089573","1996-10-06","-69.367","76.367","18.0","ZHONGSHAN, AY",,,,,,," -112","H,,S"
"AYM00089573","1996-10-07","-69.367","76.367","18.0","ZHONGSHAN, AY","    0","D,,S",,,,," -146","H,,S"
"AYM00089573","1996-10-08","-69.367","76.367","18.0","ZHONGSHAN, AY",,,,,,," -131","H,,S"
"AYM00089573","1996-10-09","-69.367","76.367","18.0","ZHONGSHAN, AY",,,,,,,"  -61","H,,S"
"AYM00089573","1996-10-11","-69.367","76.367","18.0","ZHONGSHAN, AY",,,,,,,"  -89","H,,S"
"AYM00089573","1996-10-12","-69.367","76.367","18.0","ZHONGSHAN, AY","    0","D,,S",,,,," -106","H,,S"
"AYM00089573","1996-10-16","-69.367","76.367","18.0","ZHONGSHAN, AY","    0","D,,S",,,,," -140","H,,S"
"AYM00089573","1996-10-17","-69.367","76.367","18.0","ZHONGSHAN, AY","    0","D,,S",,,,," -201","H,,S"
"AYM00089573","1996-10-20","-69.367","76.367","18.0","ZHONGSHAN, AY",,,,,,,"  -89","H,,S"
"AYM00089573","1996-10-21","-69.367","76.367","18.0","ZHONGSHAN, AY",,,,,,,"  -97","H,,S"
"AYM00089573","1996-10-22","-69.367","76.367","18.0","ZHONGSHAN, AY","    0","D,,S",,,,," -116","H,,S"
"AYM00089573","1996-10-23","-69.367","76.367","18.0","ZHONGSHAN, AY","    0","D,,S",,,,," -150","H,,S"
"AYM00089573","1996-10-24","-69.367","76.367","18.0","ZHONGSHAN, AY","    0","D,,S",,,,," -134","H,,S"
"AYM00089573","1996-10-28","-69.367","76.367","18.0","ZHONGSHAN, AY","    0","D,,S",,,,," -131","H,,S"
"AYM00089573","1996-11-02","-69.367","76.367","18.0","ZHONGSHAN, AY","    0","D,,S",,,,,"  -75","H,,S"
"AYM00089573","1996-11-06","-69.367","76.367","18.0","ZHONGSHAN, AY","    0","D,,S",,,,,"  -55","H,,S"
"AYM00089573","1996-11-09","-69.367","76.367","18.0","ZHONGSHAN, AY",,,,,,,"  -35","H,,S"
"AYM00089573","1996-11-10","-69.367","76.367","18.0","ZHONGSHAN, AY","    0","D,,S",,,,,"  -40","H,,S"
"AYM00089573","1996-11-14","-69.367","76.367","18.0","ZHONGSHAN, AY","    0","D,,S",,,,,"  -27","H,,S"
"AYM00089573","1996-11-18","-69.367","76.367","18.0","ZHONGSHAN, AY",,,,,,,"  -29","H,,S"
"AYM00089573","1996-11-22","-69.367","76.367","18.0","ZHONGSHAN, AY","    0","D,,S",,,,,"  -39","H,,S"
"AYM00089573","1996-11-23","-69.367","76.367","18.0","ZHONGSHAN, AY",,,,,,,"  -32","H,,S"
"AYM00089573","1996-11-29","-69.367","76.367","18.0","ZHONGSHAN, AY","    0","D,,S",,,,,"  -17","H,,S"
"AYM00089573","1996-12-02","-69.367","76.367","18.0","ZHONGSHAN, AY","    0","D,,S",,,,,"  -27","H,,S"
"AYM00089573","1996-12-08","-69.367","76.367","18.0","ZHONGSHAN, AY","    0","D,,S",,,,,"    8","H,,S"
"AYM00089573","1996-12-17","-69.367","76.367","18.0","ZHONGSHAN, AY","    0","D,,S",,,,,"   16","H,,S"
"AYM00089573","1996-12-18","-69.367","76.367","18.0","ZHONGSHAN, AY","    0","D,,S",,,,,"    3","H,,S"
"AYM00089573","1996-12-20","-69.367","76.367","18.0","ZHONGSHAN, AY","    0","D,,S",,,,,"  -11","H,,S"
"AYM00089573","1996-12-21","-69.367","76.367","18.0","ZHONGSHAN, AY","    0","D,,S",,,,,"   -1","H,,S"
"AYM00089573","1996-12-22","-69.367","76.367","18.0","ZHONGSHAN, AY","    0","D,,S",,,,,"   -8","H,,S"
"AYM00089573","1996-12-23","-69.367","76.367","18.0","ZHONGSHAN, AY",,,,,,,"   -5","H,,S"
"AYM00089573","1996-12-24","-69.367","76.367","18.0","ZHONGSHAN, AY",,,,,,,"  -12","H,,S"
"AYM00089573","1996-12-25","-69.367","76.367","18.0","ZHONGSHAN, AY",,,,,,,"  -17","H,,S"
"AYM00089573","1996-12-26","-69.367","76.367","18.0","ZHONGSHAN, AY","    0","D,,S",,,,,"  -26","H,,S"
"AYM00089573","1996-12-27","-69.367","76.367","18.0","ZHONGSHAN, AY","    0","D,,S",,,,,"  -10","H,,S"
"AYM00089573","1996-12-28","-69.367","76.367","18.0","ZHONGSHAN, AY",,,,,,,"  -15","H,,S"
"AYM00089573","1996-12-29","-69.367","76.367","18.0","ZHONGSHAN, AY",,,,,,,"  -12","H,,S"
"AYM00089573","1996-12-30","-69.367","76.367","18.0","ZHONGSHAN, AY","    0","D,,S",,,,,"    1","H,,S"
"AYM00089573","1997-01-03","-69.367","76.367","18.0","ZHONGSHAN, AY","    0","D,,S",,,,,"  -17","H,,S"
"AYM00089573","1997-01-04","-69.367","76.367","18.0","ZHONGSHAN, AY","    0","D,,S",,,,,"  -13","H,,S"
"AYM00089573","1997-01-05","-69.367","76.367","18.0","ZHONGSHAN, AY","    0","D,,S",,,,,"  -29","H,,S"
"AYM00089573","1997-01-07","-69.367","76.367","18.0","ZHONGSHAN, AY",,,,,,,"    4","H,,S"
"AYM00089573","1997-01-08","-69.367","76.367","18.0","ZHONGSHAN, AY","    0","D,,S",,,,,"    2","H,,S"
"AYM00089573","1997-01-11","-69.367","76.367","18.0","ZHONGSHAN, AY","    0","D,,S",,,,,"    4","H,,S"
"AYM00089573","1997-01-12","-69.367","76.367","18.0","ZHONGSHAN, AY","    0","D,,S",,,,,"   -8","H,,S"
"AYM00089573","1997-01-13","-69.367","76.367","18.0","ZHONGSHAN, AY","    0","D,,S",,,,,"   17","H,,S"
"AYM00089573","1997-01-17","-69.367","76.367","18.0","ZHONGSHAN, AY","    0","D,,S",,,,,"  -22","H,,S"
"AYM00089573","1997-01-18","-69.367","76.367","18.0","ZHONGSHAN, AY",,,,,,,"   -9","H,,S"
"AYM00089573","1997-01-19","-69.367","76.367","18.0","ZHONGSHAN, AY","    0","D,,S",,,,,"   12","H,,S"
"AYM00089573","1997-01-20","-69.367","76.367","18.0","ZHONGSHAN, AY","    0","D,,S",,,,,"   18","H,,S"
"AYM00089573","1997-01-22","-69.367","76.367","18.0","ZHONGSHAN, AY","    0","D,,S",,,,,"   -8","H,,S"
"AYM00089573","1997-01-25","-69.367","76.367","18.0","ZHONGSHAN, AY","    0","D,,S",,,,,"   -7","H,,S"
"AYM00089573","1997-01-28","-69.367","76.367","18.0","ZHONGSHAN, AY",,,,,,,"  -21","H,,S"
"AYM00089573","1997-01-29","-69.367","76.367","18.0","ZHONGSHAN, AY","    0","D,,S",,,,,"  -13","H,,S"
"AYM00089573","1997-01-30","-69.367","76.367","18.0","ZHONGSHAN, AY","    0","D,,S",,,,,"   -7","H,,S"
"AYM00089573","1997-02-02","-69.367","76.367","18.0","ZHONGSHAN, AY","    0","D,,S",,,,,"    7","H,,S"
"AYM00089573","1997-02-03","-69.367","76.367","18.0","ZHONGSHAN, AY","    0","D,,S",,,,,"    8","H,,S"
"AYM00089573","1997-02-04","-69.367","76.367","18.0","ZHONGSHAN, AY",,,,,,,"  -11","H,,S"
"AYM00089573","1997-02-05","-69.367","76.367","18.0","ZHONGSHAN, AY",,,,,,,"  -12","H,,S"
"AYM00089573","1997-02-06","-69.367","76.367","18.0","ZHONGSHAN, AY",,,,,,,"   -8","H,,S"
"AYM00089573","1997-02-08","-69.367","76.367","18.0","ZHONGSHAN, AY",,,,,,,"    5","H,,S"
"AYM00089573","1997-02-09","-69.367","76.367","18.0","ZHONGSHAN, AY","    0","D,,S",,,,,"    0","H,,S"
"AYM00089573","1997-02-11","-69.367","76.367","18.0","ZHONGSHAN, AY","    0","D,,S",,,,,"  -30","H,,S"
"AYM00089573","1997-02-13","-69.367","76.367","18.0","ZHONGSHAN, AY","    0","D,,S",,,,,"  -12","H,,S"
"AYM00089573","1997-02-14","-69.367","76.367","18.0","ZHONGSHAN, AY","    0","D,,S",,,,,"  -12","H,,S"
"AYM00089573","1997-02-15","-69.367","76.367","18.0","ZHONGSHAN, AY","    0","D,,S",,,,,"  -37","H,,S"
"AYM00089573","1997-02-16","-69.367","76.367","18.0","ZHONGSHAN, AY","    0","D,,S",,,,,"  -47","H,,S"
"AYM00089573","1997-02-18","-69.367","76.367","18.0","ZHONGSHAN, AY",,,,,,,"  -42","H,,S"
"AYM00089573","1997-02-19","-69.367","76.367","18.0","ZHONGSHAN, AY",,,,,,,"  -61","H,,S"
"AYM00089573","1997-02-20","-69.367","76.367","18.0","ZHONGSHAN, AY","    0","D,,S",,,,,"  -69","H,,S"
"AYM00089573","1997-02-21","-69.367","76.367","18.0","ZHONGSHAN, AY","    0","D,,S",,,,,"  -67","H,,S"
"AYM00089573","1997-02-22","-69.367","76.367","18.0","ZHONGSHAN, AY",,,,,,,"  -48","H,,S"
"AYM00089573","1997-02-23","-69.367","76.367","18.0","ZHONGSHAN, AY",,,,,,,"  -15","H,,S"
"AYM00089573","1997-02-24","-69.367","76.367","18.0","ZHONGSHAN, AY",,,,,,,"  -16","H,,S"
"AYM00089573","1997-02-25","-69.367","76.367","18.0","ZHONGSHAN, AY",,,,,,,"  -34","H,,S"
"AYM00089573","1997-02-26","-69.367","76.367","18.0","ZHONGSHAN, AY",,,,,,,"  -50","H,,S"
"AYM00089573","1997-02-27","-69.367","76.367","18.0","ZHONGSHAN, AY",,,,,,,"  -61","H,,S"
"AYM00089573","1997-02-28","-69.367","76.367","18.0","ZHONGSHAN, AY","    0","D,,S",,,,,"  -68","H,,S"
"AYM00089573","1997-03-03","-69.367","76.367","18.0","ZHONGSHAN, AY","    0","D,,S",,,,,"  -31","H,,S"
"AYM00089573","1997-03-04","-69.367","76.367","18.0","ZHONGSHAN, AY","    0","D,,S",,,,,"  -33","H,,S"
"AYM00089573","1997-03-07","-69.367","76.367","18.0","ZHONGSHAN, AY",,,,,,,"  -22","H,,S"
"AYM00089573","1997-03-10","-69.367","76.367","18.0","ZHONGSHAN, AY",,,,,,,"  -68","H,,S"
"AYM00089573","1997-03-11","-69.367","76.367","18.0","ZHONGSHAN, AY",,,,,,,"  -44","H,,S"
"AYM00089573","1997-03-12","-69.367","76.367","18.0","ZHONGSHAN, AY",,,,,,,"  -50","H,,S"
"AYM00089573","1997-03-13","-69.367","76.367","18.0","ZHONGSHAN, AY",,,,,,,"  -71","H,,S"
"AYM00089573","1997-03-14","-69.367","76.367","18.0","ZHONGSHAN, AY",,,,,,,"  -92","H,,S"
"AYM00089573","1997-03-15","-69.367","76.367","18.0","ZHONGSHAN, AY",,,,,,,"  -82","H,,S"
"AYM00089573","1997-03-16","-69.367","76.367","18.0","ZHONGSHAN, AY",,,,,,,"  -21","H,,S"
"AYM00089573","1997-03-17","-69.367","76.367","18.0","ZHONGSHAN, AY","    0","D,,S",,,,,"  -34","H,,S"
"AYM00089573","1997-03-18","-69.367","76.367","18.0","ZHONGSHAN, AY",,,,,,,"  -27","H,,S"
"AYM00089573","1997-03-19","-69.367","76.367","18.0","ZHONGSHAN, AY",,,,,,,"  -25","H,,S"
"AYM00089573","1997-03-20","-69.367","76.367","18.0","ZHONGSHAN, AY",,,,,,,"  -78","H,,S"
"AYM00089573","1997-03-21","-69.367","76.367","18.0","ZHONGSHAN, AY",,,,,,,"  -57","H,,S"
"AYM00089573","1997-03-22","-69.367","76.367","18.0","ZHONGSHAN, AY","    0","D,,S",,,,," -109","H,,S"
"AYM00089573","1997-03-23","-69.367","76.367","18.0","ZHONGSHAN, AY",,,,,,," -106","H,,S"
"AYM00089573","1997-03-24","-69.367","76.367","18.0","ZHONGSHAN, AY","    0","D,,S",,,,," -102","H,,S"
"AYM00089573","1997-03-25","-69.367","76.367","18.0","ZHONGSHAN, AY","    0","D,,S",,,,,"  -73","H,,S"
"AYM00089573","1997-03-26","-69.367","76.367","18.0","ZHONGSHAN, AY","    0","D,,S",,,,," -105","H,,S"
"AYM00089573","1997-04-03","-69.367","76.367","18.0","ZHONGSHAN, AY",,,,,,,"  -94","H,,S"
"AYM00089573","1997-04-04","-69.367","76.367","18.0","ZHONGSHAN, AY",,,,,,,"  -98","H,,S"
"AYM00089573","1997-04-05","-69.367","76.367","18.0","ZHONGSHAN, AY","    0","D,,S",,,,," -138","H,,S"
"AYM00089573","1997-04-06","-69.367","76.367","18.0","ZHONGSHAN, AY","    0","D,,S",,,,," -142","H,,S"
"AYM00089573","1997-04-07","-69.367","76.367","18.0","ZHONGSHAN, AY","    0","D,,S",,,,," -140","H,,S"
"AYM00089573","1997-04-08","-69.367","76.367","18.0","ZHONGSHAN, AY","    0","D,,S",,,,," -166","H,,S"
"AYM00089573","1997-04-10","-69.367","76.367","18.0","ZHONGSHAN, AY","    0","D,,S",,,,,"  -92","H,,S"
"AYM00089573","1997-04-12","-69.367","76.367","18.0","ZHONGSHAN, AY","    0","D,,S",,,,," -127","H,,S"
"AYM00089573","1997-04-13","-69.367","76.367","18.0","ZHONGSHAN, AY","    0","D,,S",,,,," -138","H,,S"
"AYM00089573","1997-04-14","-69.367","76.367","18.0","ZHONGSHAN, AY","    0","D,,S",,,,," -158","H,,S"
"AYM00089573","1997-04-15","-69.367","76.367","18.0","ZHONGSHAN, AY","    0","D,,S",,,,," -171","H,,S"
"AYM00089573","1997-04-16","-69.367","76.367","18.0","ZHONGSHAN, AY",,,,,,," -157","H,,S"
"AYM00089573","1997-04-17","-69.367","76.367","18.0","ZHONGSHAN, AY",,,,,,," -126","H,,S"
"AYM00089573","1997-04-20","-69.367","76.367","18.0","ZHONGSHAN, AY","    0","D,,S",,,,," -135","H,,S"
"AYM00089573","1997-04-22","-69.367","76.367","18.0","ZHONGSHAN, AY","    0","D,,S",,,,," -193","H,,S"
"AYM00089573","1997-04-23","-69.367","76.367","18.0","ZHONGSHAN, AY","    0","D,,S",,,,," -199","H,,S"
"AYM00089573","1997-04-24","-69.367","76.367","18.0","ZHONGSHAN, AY","    0","D,,S",,,,," -205","H,,S"
"AYM00089573","1997-04-25","-69.367","76.367","18.0","ZHONGSHAN, AY","    0","D,,S",,,,," -194","H,,S"
"AYM00089573","1997-04-26","-69.367","76.367","18.0","ZHONGSHAN, AY","    0","D,,S",,,,," -171","H,,S"
"AYM00089573","1997-04-27","-69.367","76.367","18.0","ZHONGSHAN, AY","    0","D,,S",,,,," -131","H,,S"
"AYM00089573","1997-04-28","-69.367","76.367","18.0","ZHONGSHAN, AY","    0","D,,S",,,,,"  -72","H,,S"
"AYM00089573","1997-05-02","-69.367","76.367","18.0","ZHONGSHAN, AY",,,,,,," -132","H,,S"
"AYM00089573","1997-05-05","-69.367","76.367","18.0","ZHONGSHAN, AY",,,,,,,"  -81","H,,S"
"AYM00089573","1997-05-06","-69.367","76.367","18.0","ZHONGSHAN, AY",,,,,,,"  -83","H,,S"
"AYM00089573","1997-05-07","-69.367","76.367","18.0","ZHONGSHAN, AY",,,,,,," -109","H,,S"
"AYM00089573","1997-05-08","-69.367","76.367","18.0","ZHONGSHAN, AY","    0","D,,S",,,,," -159","H,,S"
"AYM00089573","1997-05-09","-69.367","76.367","18.0","ZHONGSHAN, AY","    0","D,,S",,,,," -198","H,,S"
"AYM00089573","1997-05-11","-69.367","76.367","18.0","ZHONGSHAN, AY",,,,,,," -256","H,,S"
"AYM00089573","1997-05-16","-69.367","76.367","18.0","ZHONGSHAN, AY","    0","D,,S",,,,," -124","H,,S"
"AYM00089573","1997-05-17","-69.367","76.367","18.0","ZHONGSHAN, AY","    0","D,,S",,,,," -210","H,,S"
"AYM00089573","1997-05-18","-69.367","76.367","18.0","ZHONGSHAN, AY","    0","D,,S",,,,," -252","H,,S"
"AYM00089573","1997-05-19","-69.367","76.367","18.0","ZHONGSHAN, AY","    0","D,,S",,,,," -209","H,,S"
"AYM00089573","1997-05-20","-69.367","76.367","18.0","ZHONGSHAN, AY","    0","D,,S",,,,," -180","H,,S"
"AYM00089573","1997-05-22","-69.367","76.367","18.0","ZHONGSHAN, AY",,,,,,," -157","H,,S"
"AYM00089573","1997-05-23","-69.367","76.367","18.0","ZHONGSHAN, AY","    0","D,,S",,,,," -155","H,,S"
"AYM00089573","1997-05-24","-69.367","76.367","18.0","ZHONGSHAN, AY",,,,,,," -137","H,,S"
"AYM00089573","1997-05-25","-69.367","76.367","18.0","ZHONGSHAN, AY",,,,,,," -151","H,,S"
"AYM00089573","1997-05-26","-69.367","76.367","18.0","ZHONGSHAN, AY",,,,,,," -216","H,,S"
"AYM00089573","1997-05-27","-69.367","76.367","18.0","ZHONGSHAN, AY",,,,,,," -213","H,,S"
"AYM00089573","1997-05-28","-69.367","76.367","18.0","ZHONGSHAN, AY",,,,,,," -161","H,,S"
"AYM00089573","1997-05-31","-69.367","76.367","18.0","ZHONGSHAN, AY",,,,,,," -104","H,,S"
"AYM00089573","1997-06-01","-69.367","76.367","18.0","ZHONGSHAN, AY",,,,,,," -145","H,,S"
"AYM00089573","1997-06-04","-69.367","76.367","18.0","ZHONGSHAN, AY",,,,,,," -105","H,,S"
"AYM00089573","1997-06-05","-69.367","76.367","18.0","ZHONGSHAN, AY","    0","D,,S",,,,," -114","H,,S"
"AYM00089573","1997-06-06","-69.367","76.367","18.0","ZHONGSHAN, AY","    0","D,,S",,,,," -148","H,,S"
"AYM00089573","1997-06-07","-69.367","76.367","18.0","ZHONGSHAN, AY","    0","D,,S",,,,," -161","H,,S"
"AYM00089573","1997-06-08","-69.367","76.367","18.0","ZHONGSHAN, AY","    0","D,,S",,,,," -139","H,,S"
"AYM00089573","1997-06-09","-69.367","76.367","18.0","ZHONGSHAN, AY","    0","D,,S",,,,," -181","H,,S"
"AYM00089573","1997-06-10","-69.367","76.367","18.0","ZHONGSHAN, AY","    0","D,,S",,,,," -116","H,,S"
"AYM00089573","1997-06-11","-69.367","76.367","18.0","ZHONGSHAN, AY",,,,,,,"  -96","H,,S"
"AYM00089573","1997-06-13","-69.367","76.367","18.0","ZHONGSHAN, AY","    0","D,,S",,,,," -198","H,,S"
"AYM00089573","1997-06-14","-69.367","76.367","18.0","ZHONGSHAN, AY","    0","D,,S",,,,," -238","H,,S"
"AYM00089573","1997-06-15","-69.367","76.367","18.0","ZHONGSHAN, AY","    0","D,,S",,,,," -181","H,,S"
"AYM00089573","1997-06-17","-69.367","76.367","18.0","ZHONGSHAN, AY","    0","D,,S",,,,," -103","H,,S"
"AYM00089573","1997-06-25","-69.367","76.367","18.0","ZHONGSHAN, AY","    0","D,,S",,,,," -111","H,,S"
"AYM00089573","1997-06-26","-69.367","76.367","18.0","ZHONGSHAN, AY","    0","D,,S",,,,," -119","H,,S"
"AYM00089573","1997-06-28","-69.367","76.367","18.0","ZHONGSHAN, AY","    0","D,,S",,,,," -117","H,,S"
"AYM00089573","1997-06-30","-69.367","76.367","18.0","ZHONGSHAN, AY","    0","D,,S",,,,," -154","H,,S"
"AYM00089573","1997-07-01","-69.367","76.367","18.0","ZHONGSHAN, AY","    0","D,,S",,,,," -122","H,,S"
"AYM00089573","1997-07-07","-69.367","76.367","18.0","ZHONGSHAN, AY",,,,,,,"  -68","H,,S"
"AYM00089573","1997-07-11","-69.367","76.367","18.0","ZHONGSHAN, AY",,,,,,," -167","H,,S"
"AYM00089573","1997-07-13","-69.367","76.367","18.0","ZHONGSHAN, AY","    0","D,,S",,,,," -223","H,,S"
"AYM00089573","1997-07-15","-69.367","76.367","18.0","ZHONGSHAN, AY","    0","D,,S",,,,," -126","H,,S"
"AYM00089573","1997-07-16","-69.367","76.367","18.0","ZHONGSHAN, AY","    0","D,,S",,,,,"  -86","H,,S"
"AYM00089573","1997-07-18","-69.367","76.367","18.0","ZHONGSHAN, AY","    0","D,,S",,,,," -148","H,,S"
"AYM00089573","1997-07-21","-69.367","76.367","18.0","ZHONGSHAN, AY",,,,,,," -177","H,,S"
"AYM00089573","1997-08-04","-69.367","76.367","18.0","ZHONGSHAN, AY","    0","D,,S",,,,," -209","H,,S"
"AYM00089573","1997-08-07","-69.367","76.367","18.0","ZHONGSHAN, AY","    0","D,,S",,,,," -200","H,,S"
"AYM00089573","1997-08-11","-69.367","76.367","18.0","ZHONGSHAN, AY","    0","D,,S",,,,," -229","H,,S"
"AYM00089573","1997-08-14","-69.367","76.367","18.0","ZHONGSHAN, AY","    0","D,,S",,,,," -134","H,,S"
"AYM00089573","1997-08-15","-69.367","76.367","18.0","ZHONGSHAN, AY","    0","D,,S",,,,," -150","H,,S"
"AYM00089573","1997-08-18","-69.367","76.367","18.0","ZHONGSHAN, AY","    0","D,,S",,,,," -185","H,,S"
"AYM00089573","1997-08-19","-69.367","76.367","18.0","ZHONGSHAN, AY","    0","D,,S",,,,," -209","H,,S"
"AYM00089573","1997-08-20","-69.367","76.367","18.0","ZHONGSHAN, AY",,,,,,," -243","H,,S"
"AYM00089573","1997-08-24","-69.367","76.367","18.0","ZHONGSHAN, AY","    0","D,,S",,,,," -132","H,,S"
"AYM00089573","1997-08-25","-69.367","76.367","18.0","ZHONGSHAN, AY","    0","D,,S",,,,," -146","H,,S"
"AYM00089573","1997-08-26","-69.367","76.367","18.0","ZHONGSHAN, AY","    0","D,,S",,,,," -143","H,,S"
"AYM00089573","1997-08-27","-69.367","76.367","18.0","ZHONGSHAN, AY",,,,,,," -139","H,,S"
"AYM00089573","1997-08-28","-69.367","76.367","18.0","ZHONGSHAN, AY","    0","D,,S",,,,," -190","H,,S"
"AYM00089573","1997-08-31","-69.367","76.367","18.0","ZHONGSHAN, AY","    0","D,,S",,,,," -129","H,,S"
"AYM00089573","1997-09-10","-69.367","76.367","18.0","ZHONGSHAN, AY",,,,,,," -196","H,,S"
"AYM00089573","1997-09-11","-69.367","76.367","18.0","ZHONGSHAN, AY",,,,,,," -196","H,,S"
"AYM00089573","1997-09-15","-69.367","76.367","18.0","ZHONGSHAN, AY",,,,,,," -199","H,,S"
"AYM00089573","1997-09-17","-69.367","76.367","18.0","ZHONGSHAN, AY","    0","D,,S",,,,," -208","H,,S"
"AYM00089573","1997-09-20","-69.367","76.367","18.0","ZHONGSHAN, AY","    0","D,,S",,,,," -166","H,,S"
"AYM00089573","1997-09-22","-69.367","76.367","18.0","ZHONGSHAN, AY","    0","D,,S",,,,," -217","H,,S"
"AYM00089573","1997-09-24","-69.367","76.367","18.0","ZHONGSHAN, AY","    0","D,,S",,,,," -138","H,,S"
"AYM00089573","1997-09-25","-69.367","76.367","18.0","ZHONGSHAN, AY","    0","D,,S",,,,," -174","H,,S"
"AYM00089573","1997-09-29","-69.367","76.367","18.0","ZHONGSHAN, AY","    0","D,,S",,,,," -171","H,,S"
"AYM00089573","1997-09-30","-69.367","76.367","18.0","ZHONGSHAN, AY","    0","D,,S",,,,," -177","H,,S"
"AYM00089573","1997-10-02","-69.367","76.367","18.0","ZHONGSHAN, AY",,,,,,," -103","H,,S"
"AYM00089573","1997-10-03","-69.367","76.367","18.0","ZHONGSHAN, AY",,,,,,," -125","H,,S"
"AYM00089573","1997-10-04","-69.367","76.367","18.0","ZHONGSHAN, AY","    0","D,,S",,,,," -145","H,,S"
"AYM00089573","1997-10-06","-69.367","76.367","18.0","ZHONGSHAN, AY","    0","D,,S",,,,," -106","H,,S"
"AYM00089573","1997-10-07","-69.367","76.367","18.0","ZHONGSHAN, AY","    0","D,,S",,,,," -101","H,,S"
"AYM00089573","1997-10-08","-69.367","76.367","18.0","ZHONGSHAN, AY","    0","D,,S",,,,," -103","H,,S"
"AYM00089573","1997-10-12","-69.367","76.367","18.0","ZHONGSHAN, AY","    0","D,,S",,,,," -154","H,,S"
"AYM00089573","1997-10-13","-69.367","76.367","18.0","ZHONGSHAN, AY","    0","D,,S",,,,," -171","H,,S"
"AYM00089573","1997-10-14","-69.367","76.367","18.0","ZHONGSHAN, AY",,,,,,," -164","H,,S"
"AYM00089573","1997-10-16","-69.367","76.367","18.0","ZHONGSHAN, AY",,,,,,," -118","H,,S"
"AYM00089573","1997-10-20","-69.367","76.367","18.0","ZHONGSHAN, AY","    0","D,,S",,,,," -123","H,,S"
"AYM00089573","1997-10-22","-69.367","76.367","18.0","ZHONGSHAN, AY",,,,,,,"  -86","H,,S"
"AYM00089573","1997-10-26","-69.367","76.367","18.0","ZHONGSHAN, AY","    0","D,,S",,,,," -123","H,,S"
"AYM00089573","1997-10-27","-69.367","76.367","18.0","ZHONGSHAN, AY",,,,,,," -128","H,,S"
"AYM00089573","1997-10-28","-69.367","76.367","18.0","ZHONGSHAN, AY",,,,,,,"  -97","H,,S"
"AYM00089573","1997-10-30","-69.367","76.367","18.0","ZHONGSHAN, AY","    0","D,,S",,,,," -123","H,,S"
"AYM00089573","1997-11-01","-69.367","76.367","18.0","ZHONGSHAN, AY",,,,,,," -157","H,,S"
"AYM00089573","1997-11-02","-69.367","76.367","18.0","ZHONGSHAN, AY",,,,,,,"  -77","H,,S"
"AYM00089573","1997-11-05","-69.367","76.367","18.0","ZHONGSHAN, AY","    0","D,,S",,,,,"  -73","H,,S"
"AYM00089573","1997-11-06","-69.367","76.367","18.0","ZHONGSHAN, AY","    0","D,,S",,,,," -108","H,,S"
"AYM00089573","1997-11-09","-69.367","76.367","18.0","ZHONGSHAN, AY",,,,,,,"  -82","H,,S"
"AYM00089573","1997-11-11","-69.367","76.367","18.0","ZHONGSHAN, AY",,,,,,,"  -93","H,,S"
"AYM00089573","1997-11-13","-69.367","76.367","18.0","ZHONGSHAN, AY","    0","D,,S",,,,,"  -87","H,,S"
"AYM00089573","1997-11-14","-69.367","76.367","18.0","ZHONGSHAN, AY","    0","D,,S",,,,,"  -93","H,,S"
"AYM00089573","1997-11-18","-69.367","76.367","18.0","ZHONGSHAN, AY",,,,,,,"   -8","H,,S"
"AYM00089573","1997-11-19","-69.367","76.367","18.0","ZHONGSHAN, AY","    0","D,,S",,,,,"  -21","H,,S"
"AYM00089573","1997-11-20","-69.367","76.367","18.0","ZHONGSHAN, AY","    0","D,,S",,,,,"  -37","H,,S"
"AYM00089573","1997-11-21","-69.367","76.367","18.0","ZHONGSHAN, AY","    0","D,,S",,,,,"   -9","H,,S"
"AYM00089573","1997-11-22","-69.367","76.367","18.0","ZHONGSHAN, AY","    0","D,,S",,,,,"   -8","H,,S"
"AYM00089573","1997-11-30","-69.367","76.367","18.0","ZHONGSHAN, AY","    0","D,,S",,,,,"   28","H,,S"
"AYM00089573","1997-12-01","-69.367","76.367","18.0","ZHONGSHAN, AY","    0","D,,S",,,,,"   25","H,,S"
"AYM00089573","1997-12-02","-69.367","76.367","18.0","ZHONGSHAN, AY","    0","D,,S",,,,,"  -26","H,,S"
"AYM00089573","1997-12-03","-69.367","76.367","18.0","ZHONGSHAN, AY","    0","D,,S",,,,,"    1","H,,S"
"AYM00089573","1997-12-04","-69.367","76.367","18.0","ZHONGSHAN, AY","    0","D,,S",,,,,"   -3","H,,S"
"AYM00089573","1997-12-05","-69.367","76.367","18.0","ZHONGSHAN, AY","    0","D,,S",,,,,"    1","H,,S"
"AYM00089573","1997-12-06","-69.367","76.367","18.0","ZHONGSHAN, AY","    0","D,,S",,,,,"    2","H,,S"
"AYM00089573","1997-12-07","-69.367","76.367","18.0","ZHONGSHAN, AY","    0","D,,S",,,,,"   13","H,,S"
"AYM00089573","1997-12-08","-69.367","76.367","18.0","ZHONGSHAN, AY","    0","D,,S",,,,,"   -2","H,,S"
"AYM00089573","1997-12-09","-69.367","76.367","18.0","ZHONGSHAN, AY","    0","D,,S",,,,,"   -9","H,,S"
"AYM00089573","1997-12-10","-69.367","76.367","18.0","ZHONGSHAN, AY","    0","D,,S",,,,,"  -17","H,,S"
"AYM00089573","1997-12-11","-69.367","76.367","18.0","ZHONGSHAN, AY",,,,,,,"  -22","H,,S"
"AYM00089573","1997-12-14","-69.367","76.367","18.0","ZHONGSHAN, AY","    0","D,,S",,,,,"  -13","H,,S"
"AYM00089573","1997-12-15","-69.367","76.367","18.0","ZHONGSHAN, AY","    0","D,,S",,,,,"  -12","H,,S"
"AYM00089573","1997-12-18","-69.367","76.367","18.0","ZHONGSHAN, AY","    0","D,,S",,,,,"   39","H,,S"
"AYM00089573","1997-12-19","-69.367","76.367","18.0","ZHONGSHAN, AY","    0","D,,S",,,,,"   18","H,,S"
"AYM00089573","1997-12-24","-69.367","76.367","18.0","ZHONGSHAN, AY","    0","D,,S",,,,,"    8","H,,S"
"AYM00089573","1997-12-25","-69.367","76.367","18.0","ZHONGSHAN, AY","    0","D,,S",,,,,"   10","H,,S"
"AYM00089573","1997-12-29","-69.367","76.367","18.0","ZHONGSHAN, AY","    0","D,,S",,,,,"   36","H,,S"
"AYM00089573","1997-12-30","-69.367","76.367","18.0","ZHONGSHAN, AY","    0","D,,S",,,,,"   27","H,,S"
"AYM00089573","1997-12-31","-69.367","76.367","18.0","ZHONGSHAN, AY","    0","D,,S",,,,,"    8","H,,S"
"AYM00089573","1998-01-07","-69.367","76.367","18.0","ZHONGSHAN, AY","    0","D,,S",,,,,"   13","H,,S"
"AYM00089573","1998-01-12","-69.367","76.367","18.0","ZHONGSHAN, AY","    0","D,,S",,,,,"   -2","H,,S"
"AYM00089573","1998-01-15","-69.367","76.367","18.0","ZHONGSHAN, AY",,,,,,,"  -11","H,,S"
"AYM00089573","1998-01-18","-69.367","76.367","18.0","ZHONGSHAN, AY","    0","D,,S",,,,,"   -5","H,,S"
"AYM00089573","1998-01-20","-69.367","76.367","18.0","ZHONGSHAN, AY","    0","D,,S",,,,,"  -16","H,,S"
"AYM00089573","1998-01-22","-69.367","76.367","18.0","ZHONGSHAN, AY",,,,,,,"    4","H,,S"
"AYM00089573","1998-01-26","-69.367","76.367","18.0","ZHONGSHAN, AY","    0","D,,S",,,,,"    1","H,,S"
"AYM00089573","1998-01-27","-69.367","76.367","18.0","ZHONGSHAN, AY","    0","D,,S",,,,,"    8","H,,S"
"AYM00089573","1998-01-28","-69.367","76.367","18.0","ZHONGSHAN, AY","    0","D,,S",,,,,"   -4","H,,S"
"AYM00089573","1998-02-01","-69.367","76.367","18.0","ZHONGSHAN, AY","    0","D,,S",,,,,"   -4","H,,S"
"AYM00089573","1998-02-02","-69.367","76.367","18.0","ZHONGSHAN, AY","    0","D,,S",,,,,"  -22","H,,S"
"AYM00089573","1998-02-03","-69.367","76.367","18.0","ZHONGSHAN, AY","    0","D,,S",,,,,"  -27","H,,S"
"AYM00089573","1998-02-04","-69.367","76.367","18.0","ZHONGSHAN, AY","    0","D,,S",,,,,"  -42","H,,S"
"AYM00089573","1998-02-05","-69.367","76.367","18.0","ZHONGSHAN, AY",,,,,,,"  -32","H,,S"
"AYM00089573","1998-02-07","-69.367","76.367","18.0","ZHONGSHAN, AY","    0","D,,S",,,,,"  -14","H,,S"
"AYM00089573","1998-02-09","-69.367","76.367","18.0","ZHONGSHAN, AY",,,,,,,"  -13","H,,S"
"AYM00089573","1998-02-10","-69.367","76.367","18.0","ZHONGSHAN, AY",,,,,,,"  -28","H,,S"
"AYM00089573","1998-02-11","-69.367","76.367","18.0","ZHONGSHAN, AY","    0","D,,S",,,,,"  -54","H,,S"
"AYM00089573","1998-02-12","-69.367","76.367","18.0","ZHONGSHAN, AY","    0","D,,S",,,,,"  -54","H,,S"
"AYM00089573","1998-02-14","-69.367","76.367","18.0","ZHONGSHAN, AY","    0","D,,S",,,,,"  -62","H,,S"
"AYM00089573","1998-02-15","-69.367","76.367","18.0","ZHONGSHAN, AY","    0","D,,S",,,,,"  -29","H,,S"
"AYM00089573","1998-02-16","-69.367","76.367","18.0","ZHONGSHAN, AY",,,,,,,"   -5","H,,S"
"AYM00089573","1998-02-17","-69.367","76.367","18.0","ZHONGSHAN, AY","    0","D,,S",,,,,"  -10","H,,S"
"AYM00089573","1998-02-18","-69.367","76.367","18.0","ZHONGSHAN, AY","    0","D,,S",,,,,"  -37","H,,S"
"AYM00089573","1998-02-20","-69.367","76.367","18.0","ZHONGSHAN, AY","    0","D,,S",,,,,"  -37","H,,S"
"AYM00089573","1998-02-21","-69.367","76.367","18.0","ZHONGSHAN, AY","    0","D,,S",,,,,"  -12","H,,S"
"AYM00089573","1998-02-24","-69.367","76.367","18.0","ZHONGSHAN, AY",,,,,,,"  -67","H,,S"
"AYM00089573","1998-02-25","-69.367","76.367","18.0","ZHONGSHAN, AY","    0","D,,S",,,,,"  -42","H,,S"
"AYM00089573","1998-02-26","-69.367","76.367","18.0","ZHONGSHAN, AY",,,,,,,"  -17","H,,S"
"AYM00089573","1998-02-28","-69.367","76.367","18.0","ZHONGSHAN, AY","    0","D,,S",,,,,"  -19","H,,S"
"AYM00089573","1998-03-02","-69.367","76.367","18.0","ZHONGSHAN, AY",,,,,,,"  -62","H,,S"
"AYM00089573","1998-03-03","-69.367","76.367","18.0","ZHONGSHAN, AY",,,,,,,"  -61","H,,S"
"AYM00089573","1998-03-04","-69.367","76.367","18.0","ZHONGSHAN, AY","    0","D,,S",,,,,"  -76","H,,S"
"AYM00089573","1998-03-05","-69.367","76.367","18.0","ZHONGSHAN, AY","    0","D,,S",,,,," -116","H,,S"
"AYM00089573","1998-03-06","-69.367","76.367","18.0","ZHONGSHAN, AY",,,,,,," -124","H,,S"
"AYM00089573","1998-03-07","-69.367","76.367","18.0","ZHONGSHAN, AY","    0","D,,S",,,,," -113","H,,S"
"AYM00089573","1998-03-08","-69.367","76.367","18.0","ZHONGSHAN, AY","    0","D,,S",,,,," -112","H,,S"
"AYM00089573","1998-03-09","-69.367","76.367","18.0","ZHONGSHAN, AY","    0","D,,S",,,,," -131","H,,S"
"AYM00089573","1998-03-10","-69.367","76.367","18.0","ZHONGSHAN, AY","    0","D,,S",,,,," -108","H,,S"
"AYM00089573","1998-03-11","-69.367","76.367","18.0","ZHONGSHAN, AY","    0","D,,S",,,,," -103","H,,S"
"AYM00089573","1998-03-13","-69.367","76.367","18.0","ZHONGSHAN, AY",,,,,,,"  -44","H,,S"
"AYM00089573","1998-03-14","-69.367","76.367","18.0","ZHONGSHAN, AY","    0","D,,S",,,,,"  -42","H,,S"
"AYM00089573","1998-03-15","-69.367","76.367","18.0","ZHONGSHAN, AY","    0","D,,S",,,,,"  -66","H,,S"
"AYM00089573","1998-03-17","-69.367","76.367","18.0","ZHONGSHAN, AY",,,,,,," -160","H,,S"
"AYM00089573","1998-03-18","-69.367","76.367","18.0","ZHONGSHAN, AY",,,,,,," -123","H,,S"
"AYM00089573","1998-03-19","-69.367","76.367","18.0","ZHONGSHAN, AY",,,,,,,"  -56","H,,S"
"AYM00089573","1998-03-20","-69.367","76.367","18.0","ZHONGSHAN, AY",,,,,,," -131","H,,S"
"AYM00089573","1998-03-21","-69.367","76.367","18.0","ZHONGSHAN, AY","    0","D,,S",,,,," -122","H,,S"
"AYM00089573","1998-03-22","-69.367","76.367","18.0","ZHONGSHAN, AY",,,,,,," -136","H,,S"
"AYM00089573","1998-03-23","-69.367","76.367","18.0","ZHONGSHAN, AY",,,,,,," -114","H,,S"
"AYM00089573","1998-03-24","-69.367","76.367","18.0","ZHONGSHAN, AY",,,,,,,"  -61","H,,S"
"AYM00089573","1998-03-26","-69.367","76.367","18.0","ZHONGSHAN, AY",,,,,,,"  -88","H,,S"
"AYM00089573","1998-03-27","-69.367","76.367","18.0","ZHONGSHAN, AY",,,,,,," -105","H,,S"
"AYM00089573","1998-03-28","-69.367","76.367","18.0","ZHONGSHAN, AY",,,,,,," -129","H,,S"
"AYM00089573","1998-03-29","-69.367","76.367","18.0","ZHONGSHAN, AY",,,,,,," -141","H,,S"
"AYM00089573","1998-03-31","-69.367","76.367","18.0","ZHONGSHAN, AY",,,,,,,"  -57","H,,S"
"AYM00089573","1998-04-01","-69.367","76.367","18.0","ZHONGSHAN, AY","    0","D,,S",,,,," -116","H,,S"
"AYM00089573","1998-04-02","-69.367","76.367","18.0","ZHONGSHAN, AY",,,,,,,"  -98","H,,S"
"AYM00089573","1998-04-05","-69.367","76.367","18.0","ZHONGSHAN, AY",,,,,,," -120","H,,S"
"AYM00089573","1998-04-07","-69.367","76.367","18.0","ZHONGSHAN, AY",,,,,,,"  -44","H,,S"
"AYM00089573","1998-04-09","-69.367","76.367","18.0","ZHONGSHAN, AY","    0","D,,S",,,,,"  -98","H,,S"
"AYM00089573","1998-04-12","-69.367","76.367","18.0","ZHONGSHAN, AY","    0","D,,S",,,,," -149","H,,S"
"AYM00089573","1998-04-13","-69.367","76.367","18.0","ZHONGSHAN, AY",,,,,,," -166","H,,S"
"AYM00089573","1998-04-16","-69.367","76.367","18.0","ZHONGSHAN, AY","    0","D,,S",,,,," -282","H,,S"
"AYM00089573","1998-04-18","-69.367","76.367","18.0","ZHONGSHAN, AY","    0","D,,S",,,,," -287","H,,S"
"AYM00089573","1998-04-19","-69.367","76.367","18.0","ZHONGSHAN, AY",,,,,,," -298","H,,S"
"AYM00089573","1998-04-20","-69.367","76.367","18.0","ZHONGSHAN, AY",,,,,,," -309","H,,S"
"AYM00089573","1998-04-21","-69.367","76.367","18.0","ZHONGSHAN, AY","    0","D,,S",,,,," -339","H,,S"
"AYM00089573","1998-04-22","-69.367","76.367","18.0","ZHONGSHAN, AY",,,,,,," -301","H,,S"
"AYM00089573","1998-04-23","-69.367","76.367","18.0","ZHONGSHAN, AY",,,,,,," -246","H,,S"
"AYM00089573","1998-04-28","-69.367","76.367","18.0","ZHONGSHAN, AY","    0","D,,S",,,,," -271","H,,S"
"AYM00089573","1998-04-29","-69.367","76.367","18.0","ZHONGSHAN, AY","    0","D,,S",,,,," -145","H,,S"
"AYM00089573","1998-05-01","-69.367","76.367","18.0","ZHONGSHAN, AY","    0","D,,S",,,,," -180","H,,S"
"AYM00089573","1998-05-02","-69.367","76.367","18.0","ZHONGSHAN, AY",,,,,,," -168","H,,S"
"AYM00089573","1998-05-03","-69.367","76.367","18.0","ZHONGSHAN, AY",,,,,,," -194","H,,S"
"AYM00089573","1998-05-04","-69.367","76.367","18.0","ZHONGSHAN, AY","    0","D,,S",,,,," -163","H,,S"
"AYM00089573","1998-05-05","-69.367","76.367","18.0","ZHONGSHAN, AY","    0","D,,S",,,,," -130","H,,S"
"AYM00089573","1998-05-06","-69.367","76.367","18.0","ZHONGSHAN, AY","    0","D,,S",,,,," -148","H,,S"
"AYM00089573","1998-05-07","-69.367","76.367","18.0","ZHONGSHAN, AY","    0","D,,S",,,,," -213","H,,S"
"AYM00089573","1998-05-08","-69.367","76.367","18.0","ZHONGSHAN, AY",,,,,,," -210","H,,S"
"AYM00089573","1998-05-10","-69.367","76.367","18.0","ZHONGSHAN, AY",,,,,,,"  -94","H,,S"
"AYM00089573","1998-05-11","-69.367","76.367","18.0","ZHONGSHAN, AY","    0","D,,S",,,,," -126","H,,S"
"AYM00089573","1998-05-12","-69.367","76.367","18.0","ZHONGSHAN, AY","    0","D,,S",,,,," -153","H,,S"
"AYM00089573","1998-05-13","-69.367","76.367","18.0","ZHONGSHAN, AY","    0","D,,S",,,,," -100","H,,S"
"AYM00089573","1998-05-14","-69.367","76.367","18.0","ZHONGSHAN, AY","    0","D,,S",,,,,"  -93","H,,S"
"AYM00089573","1998-05-19","-69.367","76.367","18.0","ZHONGSHAN, AY","    0","D,,S",,,,," -161","H,,S"
"AYM00089573","1998-05-20","-69.367","76.367","18.0","ZHONGSHAN, AY","    0","D,,S",,,,," -179","H,,S"
"AYM00089573","1998-05-21","-69.367","76.367","18.0","ZHONGSHAN, AY","    0","D,,S",,,,," -129","H,,S"
"AYM00089573","1998-05-22","-69.367","76.367","18.0","ZHONGSHAN, AY","    0","D,,S",,,,," -139","H,,S"
"AYM00089573","1998-05-23","-69.367","76.367","18.0","ZHONGSHAN, AY","    0","D,,S",,,,," -131","H,,S"
"AYM00089573","1998-05-24","-69.367","76.367","18.0","ZHONGSHAN, AY","    0","D,,S",,,,," -169","H,,S"
"AYM00089573","1998-05-25","-69.367","76.367","18.0","ZHONGSHAN, AY","    0","D,,S",,,,," -169","H,,S"
"AYM00089573","1998-05-26","-69.367","76.367","18.0","ZHONGSHAN, AY","    0","D,,S",,,,," -153","H,,S"
"AYM00089573","1998-05-27","-69.367","76.367","18.0","ZHONGSHAN, AY","    0","D,,S",,,,," -152","H,,S"
"AYM00089573","1998-05-28","-69.367","76.367","18.0","ZHONGSHAN, AY","    0","D,,S",,,,," -177","H,,S"
"AYM00089573","1998-05-29","-69.367","76.367","18.0","ZHONGSHAN, AY",,,,,,," -169","H,,S"
"AYM00089573","1998-05-31","-69.367","76.367","18.0","ZHONGSHAN, AY","    0","D,,S",,,,," -107","H,,S"
"AYM00089573","1998-06-01","-69.367","76.367","18.0","ZHONGSHAN, AY",,,,,,," -107","H,,S"
"AYM00089573","1998-06-02","-69.367","76.367","18.0","ZHONGSHAN, AY",,,,,,," -109","H,,S"
"AYM00089573","1998-06-03","-69.367","76.367","18.0","ZHONGSHAN, AY",,,,,,," -148","H,,S"
"AYM00089573","1998-06-04","-69.367","76.367","18.0","ZHONGSHAN, AY","    0","D,,S",,,,," -154","H,,S"
"AYM00089573","1998-06-05","-69.367","76.367","18.0","ZHONGSHAN, AY","    0","D,,S",,,,," -161","H,,S"
"AYM00089573","1998-06-06","-69.367","76.367","18.0","ZHONGSHAN, AY","    0","D,,S",,,,," -192","H,,S"
"AYM00089573","1998-06-07","-69.367","76.367","18.0","ZHONGSHAN, AY","    0","D,,S",,,,," -201","H,,S"
"AYM00089573","1998-06-08","-69.367","76.367","18.0","ZHONGSHAN, AY","    0","D,,S",,,,," -183","H,,S"
"AYM00089573","1998-06-09","-69.367","76.367","18.0","ZHONGSHAN, AY",,,,,,," -149","H,,S"
"AYM00089573","1998-06-10","-69.367","76.367","18.0","ZHONGSHAN, AY",,,,,,,"  -81","H,,S"
"AYM00089573","1998-06-11","-69.367","76.367","18.0","ZHONGSHAN, AY",,,,,,,"  -73","H,,S"
"AYM00089573","1998-06-12","-69.367","76.367","18.0","ZHONGSHAN, AY","    0","D,,S",,,,,"  -91","H,,S"
"AYM00089573","1998-06-13","-69.367","76.367","18.0","ZHONGSHAN, AY","    0","D,,S",,,,," -122","H,,S"
"AYM00089573","1998-06-14","-69.367","76.367","18.0","ZHONGSHAN, AY","    0","D,,S",,,,," -113","H,,S"
"AYM00089573","1998-06-15","-69.367","76.367","18.0","ZHONGSHAN, AY","    0","D,,S",,,,,"  -67","H,,S"
"AYM00089573","1998-06-16","-69.367","76.367","18.0","ZHONGSHAN, AY","    0","D,,S",,,,," -100","H,,S"
"AYM00089573","1998-06-17","-69.367","76.367","18.0","ZHONGSHAN, AY","    0","D,,S",,,,," -154","H,,S"
"AYM00089573","1998-06-18","-69.367","76.367","18.0","ZHONGSHAN, AY","    0","D,,S",,,,," -179","H,,S"
"AYM00089573","1998-06-19","-69.367","76.367","18.0","ZHONGSHAN, AY","    0","D,,S",,,,," -203","H,,S"
"AYM00089573","1998-06-23","-69.367","76.367","18.0","ZHONGSHAN, AY","    0","D,,S",,,,," -144","H,,S"
"AYM00089573","1998-06-24","-69.367","76.367","18.0","ZHONGSHAN, AY",,,,,,,"  -92","H,,S"
"AYM00089573","1998-06-27","-69.367","76.367","18.0","ZHONGSHAN, AY","    0","D,,S",,,,,"  -77","H,,S"
"AYM00089573","1998-06-28","-69.367","76.367","18.0","ZHONGSHAN, AY","    0","D,,S",,,,," -149","H,,S"
"AYM00089573","1998-06-29","-69.367","76.367","18.0","ZHONGSHAN, AY",,,,,,," -178","H,,S"
"AYM00089573","1998-06-30","-69.367","76.367","18.0","ZHONGSHAN, AY",,,,,,," -220","H,,S"
"AYM00089573","1998-07-01","-69.367","76.367","18.0","ZHONGSHAN, AY","    0","D,,S",,,,," -240","H,,S"
"AYM00089573","1998-07-02","-69.367","76.367","18.0","ZHONGSHAN, AY",,,,,,," -236","H,,S"
"AYM00089573","1998-07-03","-69.367","76.367","18.0","ZHONGSHAN, AY","    0","D,,S",,,,," -256","H,,S"
"AYM00089573","1998-07-04","-69.367","76.367","18.0","ZHONGSHAN, AY","    0","D,,S",,,,," -286","H,,S"
"AYM00089573","1998-07-05","-69.367","76.367","18.0","ZHONGSHAN, AY","    0","D,,S",,,,," -275","H,,S"
"AYM00089573","1998-07-06","-69.367","76.367","18.0","ZHONGSHAN, AY","    0","D,,S",,,,," -282","H,,S"
"AYM00089573","1998-07-07","-69.367","76.367","18.0","ZHONGSHAN, AY","    0","D,,S",,,,," -272","H,,S"
"AYM00089573","1998-07-08","-69.367","76.367","18.0","ZHONGSHAN, AY",,,,,,," -223","H,,S"
"AYM00089573","1998-07-09","-69.367","76.367","18.0","ZHONGSHAN, AY",,,,,,," -204","H,,S"
"AYM00089573","1998-07-10","-69.367","76.367","18.0","ZHONGSHAN, AY",,,,,,," -106","H,,S"
"AYM00089573","1998-07-11","-69.367","76.367","18.0","ZHONGSHAN, AY",,,,,,,"  -87","H,,S"
"AYM00089573","1998-07-12","-69.367","76.367","18.0","ZHONGSHAN, AY",,,,,,," -133","H,,S"
"AYM00089573","1998-07-13","-69.367","76.367","18.0","ZHONGSHAN, AY","    0","D,,S",,,,," -158","H,,S"
"AYM00089573","1998-07-15","-69.367","76.367","18.0","ZHONGSHAN, AY","    0","D,,S",,,,," -197","H,,S"
"AYM00089573","1998-07-17","-69.367","76.367","18.0","ZHONGSHAN, AY","    0","D,,S",,,,," -224","H,,S"
"AYM00089573","1998-07-18","-69.367","76.367","18.0","ZHONGSHAN, AY","    0","D,,S",,,,," -241","H,,S"
"AYM00089573","1998-07-19","-69.367","76.367","18.0","ZHONGSHAN, AY","    0","D,,S",,,,," -224","H,,S"
"AYM00089573","1998-07-20","-69.367","76.367","18.0","ZHONGSHAN, AY","    0","D,,S",,,,," -219","H,,S"
"AYM00089573","1998-07-21","-69.367","76.367","18.0","ZHONGSHAN, AY","    0","D,,S",,,,," -164","H,,S"
"AYM00089573","1998-07-22","-69.367","76.367","18.0","ZHONGSHAN, AY","    0","D,,S",,,,," -166","H,,S"
"AYM00089573","1998-07-23","-69.367","76.367","18.0","ZHONGSHAN, AY","    0","D,,S",,,,," -173","H,,S"
"AYM00089573","1998-07-24","-69.367","76.367","18.0","ZHONGSHAN, AY","    0","D,,S",,,,," -198","H,,S"
"AYM00089573","1998-07-25","-69.367","76.367","18.0","ZHONGSHAN, AY",,,,,,," -166","H,,S"
"AYM00089573","1998-07-28","-69.367","76.367","18.0","ZHONGSHAN, AY",,,,,,,"  -41","H,,S"
"AYM00089573","1998-07-29","-69.367","76.367","18.0","ZHONGSHAN, AY",,,,,,,"  -36","H,,S"
"AYM00089573","1998-07-30","-69.367","76.367","18.0","ZHONGSHAN, AY",,,,,,,"  -45","H,,S"
"AYM00089573","1998-08-01","-69.367","76.367","18.0","ZHONGSHAN, AY",,,,,,," -116","H,,S"
"AYM00089573","1998-08-02","-69.367","76.367","18.0","ZHONGSHAN, AY",,,,,,,"  -77","H,,S"
"AYM00089573","1998-08-03","-69.367","76.367","18.0","ZHONGSHAN, AY",,,,,,,"  -59","H,,S"
"AYM00089573","1998-08-04","-69.367","76.367","18.0","ZHONGSHAN, AY",,,,,,,"  -78","H,,S"
"AYM00089573","1998-08-05","-69.367","76.367","18.0","ZHONGSHAN, AY","    0","D,,S",,,,,"  -75","H,,S"
"AYM00089573","1998-08-07","-69.367","76.367","18.0","ZHONGSHAN, AY","    0","D,,S",,,,,"  -86","H,,S"
"AYM00089573","1998-08-09","-69.367","76.367","18.0","ZHONGSHAN, AY",,,,,,,"  -84","H,,S"
"AYM00089573","1998-08-10","-69.367","76.367","18.0","ZHONGSHAN, AY",,,,,,,"  -67","H,,S"
"AYM00089573","1998-08-11","-69.367","76.367","18.0","ZHONGSHAN, AY","    0","D,,S",,,,,"  -94","H,,S"
"AYM00089573","1998-08-12","-69.367","76.367","18.0","ZHONGSHAN, AY","    0","D,,S",,,,," -147","H,,S"
"AYM00089573","1998-08-13","-69.367","76.367","18.0","ZHONGSHAN, AY","    0","D,,S",,,,," -192","H,,S"
"AYM00089573","1998-08-17","-69.367","76.367","18.0","ZHONGSHAN, AY","    0","D,,S",,,,," -199","H,,S"
"AYM00089573","1998-08-19","-69.367","76.367","18.0","ZHONGSHAN, AY",,,,,,,"  -80","H,,S"
"AYM00089573","1998-08-21","-69.367","76.367","18.0","ZHONGSHAN, AY",,,,,,,"  -77","H,,S"
"AYM00089573","1998-08-22","-69.367","76.367","18.0","ZHONGSHAN, AY","    0","D,,S",,,,,"  -97","H,,S"
"AYM00089573","1998-08-23","-69.367","76.367","18.0","ZHONGSHAN, AY","    0","D,,S",,,,," -138","H,,S"
"AYM00089573","1998-08-24","-69.367","76.367","18.0","ZHONGSHAN, AY",,,,,,," -176","H,,S"
"AYM00089573","1998-08-25","-69.367","76.367","18.0","ZHONGSHAN, AY","    0","D,,S",,,,," -210","H,,S"
"AYM00089573","1998-08-26","-69.367","76.367","18.0","ZHONGSHAN, AY","    0","D,,S",,,,," -220","H,,S"
"AYM00089573","1998-08-29","-69.367","76.367","18.0","ZHONGSHAN, AY",,,,,,," -182","H,,S"
"AYM00089573","1998-08-30","-69.367","76.367","18.0","ZHONGSHAN, AY","    0","D,,S",,,,," -132","H,,S"
"AYM00089573","1998-08-31","-69.367","76.367","18.0","ZHONGSHAN, AY",,,,,,," -116","H,,S"
"AYM00089573","1998-09-01","-69.367","76.367","18.0","ZHONGSHAN, AY","    0","D,,S",,,,," -161","H,,S"
"AYM00089573","1998-09-03","-69.367","76.367","18.0","ZHONGSHAN, AY",,,,,,," -202","H,,S"
"AYM00089573","1998-09-04","-69.367","76.367","18.0","ZHONGSHAN, AY","    0","D,,S",,,,," -226","H,,S"
"AYM00089573","1998-09-05","-69.367","76.367","18.0","ZHONGSHAN, AY","    0","D,,S",,,,," -238","H,,S"
"AYM00089573","1998-09-06","-69.367","76.367","18.0","ZHONGSHAN, AY",,,,,,," -194","H,,S"
"AYM00089573","1998-09-07","-69.367","76.367","18.0","ZHONGSHAN, AY","    0","D,,S",,,,," -172","H,,S"
"AYM00089573","1998-09-08","-69.367","76.367","18.0","ZHONGSHAN, AY",,,,,,," -186","H,,S"
"AYM00089573","1998-09-09","-69.367","76.367","18.0","ZHONGSHAN, AY",,,,,,," -190","H,,S"
"AYM00089573","1998-09-11","-69.367","76.367","18.0","ZHONGSHAN, AY",,,,,,," -142","H,,S"
"AYM00089573","1998-09-12","-69.367","76.367","18.0","ZHONGSHAN, AY",,,,,,,"  -87","H,,S"
"AYM00089573","1998-09-14","-69.367","76.367","18.0","ZHONGSHAN, AY","    0","D,,S",,,,," -143","H,,S"
"AYM00089573","1998-09-16","-69.367","76.367","18.0","ZHONGSHAN, AY","    0","D,,S",,,,," -103","H,,S"
"AYM00089573","1998-09-17","-69.367","76.367","18.0","ZHONGSHAN, AY","    0","D,,S",,,,," -118","H,,S"
"AYM00089573","1998-09-18","-69.367","76.367","18.0","ZHONGSHAN, AY","    0","D,,S",,,,," -153","H,,S"
"AYM00089573","1998-09-19","-69.367","76.367","18.0","ZHONGSHAN, AY","    0","D,,S",,,,," -154","H,,S"
"AYM00089573","1998-09-20","-69.367","76.367","18.0","ZHONGSHAN, AY",,,,,,," -127","H,,S"
"AYM00089573","1998-09-22","-69.367","76.367","18.0","ZHONGSHAN, AY",,,,,,," -122","H,,S"
"AYM00089573","1998-09-23","-69.367","76.367","18.0","ZHONGSHAN, AY","    0","D,,S",,,,," -167","H,,S"
"AYM00089573","1998-09-24","-69.367","76.367","18.0","ZHONGSHAN, AY","    0","D,,S",,,,," -172","H,,S"
"AYM00089573","1998-09-26","-69.367","76.367","18.0","ZHONGSHAN, AY","    0","D,,S",,,,,"  -98","H,,S"
"AYM00089573","1998-09-27","-69.367","76.367","18.0","ZHONGSHAN, AY","    0","D,,S",,,,," -133","H,,S"
"AYM00089573","1998-09-28","-69.367","76.367","18.0","ZHONGSHAN, AY","    0","D,,S",,,,," -156","H,,S"
"AYM00089573","1998-10-01","-69.367","76.367","18.0","ZHONGSHAN, AY","    0","D,,S",,,,," -217","H,,S"
"AYM00089573","1998-10-03","-69.367","76.367","18.0","ZHONGSHAN, AY",,,,,,," -105","H,,S"
"AYM00089573","1998-10-05","-69.367","76.367","18.0","ZHONGSHAN, AY","    0","D,,S",,,,," -184","H,,S"
"AYM00089573","1998-10-06","-69.367","76.367","18.0","ZHONGSHAN, AY","    0","D,,S",,,,," -192","H,,S"
"AYM00089573","1998-10-07","-69.367","76.367","18.0","ZHONGSHAN, AY","    0","D,,S",,,,," -201","H,,S"
"AYM00089573","1998-10-08","-69.367","76.367","18.0","ZHONGSHAN, AY","    0","D,,S",,,,," -208","H,,S"
"AYM00089573","1998-10-09","-69.367","76.367","18.0","ZHONGSHAN, AY","    0","D,,S",,,,," -203","H,,S"
"AYM00089573","1998-10-10","-69.367","76.367","18.0","ZHONGSHAN, AY","    0","D,,S",,,,," -159","H,,S"
"AYM00089573","1998-10-11","-69.367","76.367","18.0","ZHONGSHAN, AY","    0","D,,S",,,,," -131","H,,S"
"AYM00089573","1998-10-12","-69.367","76.367","18.0","ZHONGSHAN, AY","    0","D,,S",,,,," -131","H,,S"
"AYM00089573","1998-10-13","-69.367","76.367","18.0","ZHONGSHAN, AY","    0","D,,S",,,,,"  -97","H,,S"
"AYM00089573","1998-10-14","-69.367","76.367","18.0","ZHONGSHAN, AY","    0","D,,S",,,,,"  -87","H,,S"
"AYM00089573","1998-10-15","-69.367","76.367","18.0","ZHONGSHAN, AY","    0","D,,S",,,,," -106","H,,S"
"AYM00089573","1998-10-16","-69.367","76.367","18.0","ZHONGSHAN, AY",,,,,,," -114","H,,S"
"AYM00089573","1998-10-17","-69.367","76.367","18.0","ZHONGSHAN, AY",,,,,,,"  -80","H,,S"
"AYM00089573","1998-10-18","-69.367","76.367","18.0","ZHONGSHAN, AY",,,,,,,"  -68","H,,S"
"AYM00089573","1998-10-19","-69.367","76.367","18.0","ZHONGSHAN, AY",,,,,,," -100","H,,S"
"AYM00089573","1998-10-20","-69.367","76.367","18.0","ZHONGSHAN, AY",,,,,,," -154","H,,S"
"AYM00089573","1998-10-21","-69.367","76.367","18.0","ZHONGSHAN, AY",,,,,,," -110","H,,S"
"AYM00089573","1998-10-22","-69.367","76.367","18.0","ZHONGSHAN, AY",,,,,,," -118","H,,S"
"AYM00089573","1998-10-23","-69.367","76.367","18.0","ZHONGSHAN, AY",,,,,,," -110","H,,S"
"AYM00089573","1998-10-24","-69.367","76.367","18.0","ZHONGSHAN, AY",,,,,,," -154","H,,S"
"AYM00089573","1998-10-25","-69.367","76.367","18.0","ZHONGSHAN, AY",,,,,,,"  -56","H,,S"
"AYM00089573","1998-10-26","-69.367","76.367","18.0","ZHONGSHAN, AY",,,,,,,"  -50","H,,S"
"AYM00089573","1998-10-27","-69.367","76.367","18.0","ZHONGSHAN, AY","    0","D,,S",,,,,"  -76","H,,S"
"AYM00089573","1998-10-28","-69.367","76.367","18.0","ZHONGSHAN, AY","    0","D,,S",,,,," -108","H,,S"
"AYM00089573","1998-10-29","-69.367","76.367","18.0","ZHONGSHAN, AY","    0","D,,S",,,,," -131","H,,S"
"AYM00089573","1998-10-30","-69.367","76.367","18.0","ZHONGSHAN, AY",,,,,,," -133","H,,S"
"AYM00089573","1998-11-01","-69.367","76.367","18.0","ZHONGSHAN, AY","    0","D,,S",,,,," -128","H,,S"
"AYM00089573","1998-11-02","-69.367","76.367","18.0","ZHONGSHAN, AY","    0","D,,S",,,,," -111","H,,S"
"AYM00089573","1998-11-04","-69.367","76.367","18.0","ZHONGSHAN, AY","    0","D,,S",,,,,"  -49","H,,S"
"AYM00089573","1998-11-06","-69.367","76.367","18.0","ZHONGSHAN, AY","    0","D,,S",,,,,"  -35","H,,S"
"AYM00089573","1998-11-07","-69.367","76.367","18.0","ZHONGSHAN, AY","    0","D,,S",,,,,"  -62","H,,S"
"AYM00089573","1998-11-08","-69.367","76.367","18.0","ZHONGSHAN, AY","    0","D,,S",,,,,"  -65","H,,S"
"AYM00089573","1998-11-09","-69.367","76.367","18.0","ZHONGSHAN, AY","    0","D,,S",,,,,"  -80","H,,S"
"AYM00089573","1998-11-10","-69.367","76.367","18.0","ZHONGSHAN, AY","    0","D,,S",,,,,"  -98","H,,S"
"AYM00089573","1998-11-11","-69.367","76.367","18.0","ZHONGSHAN, AY","    0","D,,S",,,,," -102","H,,S"
"AYM00089573","1998-11-12","-69.367","76.367","18.0","ZHONGSHAN, AY","    0","D,,S",,,,,"  -91","H,,S"
"AYM00089573","1998-11-13","-69.367","76.367","18.0","ZHONGSHAN, AY","    0","D,,S",,,,,"  -96","H,,S"
"AYM00089573","1998-11-14","-69.367","76.367","18.0","ZHONGSHAN, AY","    0","D,,S",,,,," -103","H,,S"
"AYM00089573","1998-11-15","-69.367","76.367","18.0","ZHONGSHAN, AY","    0","D,,S",,,,,"  -74","H,,S"
"AYM00089573","1998-11-16","-69.367","76.367","18.0","ZHONGSHAN, AY","    0","D,,S",,,,,"  -36","H,,S"
"AYM00089573","1998-11-17","-69.367","76.367","18.0","ZHONGSHAN, AY","    0","D,,S",,,,,"  -16","H,,S"
"AYM00089573","1998-11-18","-69.367","76.367","18.0","ZHONGSHAN, AY","    0","D,,S",,,,,"  -38","H,,S"
"AYM00089573","1998-11-19","-69.367","76.367","18.0","ZHONGSHAN, AY",,,,,,,"  -24","H,,S"
"AYM00089573","1998-11-23","-69.367","76.367","18.0","ZHONGSHAN, AY",,,,,,,"  -11","H,,S"
"AYM00089573","1998-11-30","-69.367","76.367","18.0","ZHONGSHAN, AY",,,,,,,"  -21","H,,S"
"AYM00089573","1998-12-01","-69.367","76.367","18.0","ZHONGSHAN, AY","    0","D,,S",,,,,"  -12","H,,S"
"AYM00089573","1998-12-02","-69.367","76.367","18.0","ZHONGSHAN, AY","    0","D,,S",,,,,"  -26","H,,S"
"AYM00089573","1998-12-04","-69.367","76.367","18.0","ZHONGSHAN, AY","    0","D,,S",,,,,"    7","H,,S"
"AYM00089573","1998-12-05","-69.367","76.367","18.0","ZHONGSHAN, AY","    0","D,,S",,,,,"  -17","H,,S"
"AYM00089573","1998-12-06","-69.367","76.367","18.0","ZHONGSHAN, AY","    0","D,,S",,,,,"   -6","H,,S"
"AYM00089573","1998-12-07","-69.367","76.367","18.0","ZHONGSHAN, AY","    0","D,,S",,,,,"   -1","H,,S"
"AYM00089573","1998-12-08","-69.367","76.367","18.0","ZHONGSHAN, AY","    0","D,,S",,,,,"   -8","H,,S"
"AYM00089573","1998-12-15","-69.367","76.367","18.0","ZHONGSHAN, AY","    0","D,,S",,,,,"   -8","H,,S"
"AYM00089573","1998-12-16","-69.367","76.367","18.0","ZHONGSHAN, AY","    0","D,,S",,,,,"  -12","H,,S"
"AYM00089573","1998-12-17","-69.367","76.367","18.0","ZHONGSHAN, AY","    0","D,,S",,,,,"  -19","H,,S"
"AYM00089573","1998-12-18","-69.367","76.367","18.0","ZHONGSHAN, AY","    0","D,,S",,,,,"  -32","H,,S"
"AYM00089573","1998-12-19","-69.367","76.367","18.0","ZHONGSHAN, AY","    0","D,,S",,,,,"  -22","H,,S"
"AYM00089573","1998-12-23","-69.367","76.367","18.0","ZHONGSHAN, AY","    0","D,,S",,,,,"  -26","H,,S"
"AYM00089573","1998-12-25","-69.367","76.367","18.0","ZHONGSHAN, AY",,,,,,,"   49","H,,S"
"AYM00089573","1998-12-26","-69.367","76.367","18.0","ZHONGSHAN, AY","    0","D,,S",,,,,"   44","H,,S"
"AYM00089573","1998-12-27","-69.367","76.367","18.0","ZHONGSHAN, AY","    0","D,,S",,,,,"   42","H,,S"
"AYM00089573","1998-12-28","-69.367","76.367","18.0","ZHONGSHAN, AY","    0","D,,S",,,,,"   15","H,,S"
"AYM00089573","1998-12-29","-69.367","76.367","18.0","ZHONGSHAN, AY","    0","D,,S",,,,,"   10","H,,S"
"AYM00089573","1999-01-12","-69.367","76.367","18.0","ZHONGSHAN, AY",,,,,,,"   -7","H,,S"
"AYM00089573","1999-01-20","-69.367","76.367","18.0","ZHONGSHAN, AY",,,,,,,"    2","H,,S"
"AYM00089573","1999-01-21","-69.367","76.367","18.0","ZHONGSHAN, AY",,,,,,,"   11","H,,S"
"AYM00089573","1999-01-25","-69.367","76.367","18.0","ZHONGSHAN, AY",,,,,,,"  -19","H,,S"
"AYM00089573","1999-02-09","-69.367","76.367","18.0","ZHONGSHAN, AY",,,,,,,"  -18","H,,S"
"AYM00089573","1999-02-12","-69.367","76.367","18.0","ZHONGSHAN, AY",,,,,,,"  -40","H,,S"
"AYM00089573","1999-02-21","-69.367","76.367","18.0","ZHONGSHAN, AY",,,,,,,"  -52","H,,S"
"AYM00089573","1999-02-23","-69.367","76.367","18.0","ZHONGSHAN, AY",,,,,,,"  -59","H,,S"
"AYM00089573","1999-03-19","-69.367","76.367","18.0","ZHONGSHAN, AY",,,,,,," -141","H,,S"
"AYM00089573","1999-04-05","-69.367","76.367","18.0","ZHONGSHAN, AY",,,,,,," -188","H,,S"
"AYM00089573","1999-04-10","-69.367","76.367","18.0","ZHONGSHAN, AY",,,,,,," -188","H,,S"
"AYM00089573","1999-05-15","-69.367","76.367","18.0","ZHONGSHAN, AY",,,,,,,"  -37","H,,S"
"AYM00089573","1999-05-16","-69.367","76.367","18.0","ZHONGSHAN, AY",,,,,,,"  -76","H,,S"
"AYM00089573","1999-05-17","-69.367","76.367","18.0","ZHONGSHAN, AY",,,,,,," -142","H,,S"
"AYM00089573","1999-05-18","-69.367","76.367","18.0","ZHONGSHAN, AY",,,,,,," -192","H,,S"
"AYM00089573","1999-05-22","-69.367","76.367","18.0","ZHONGSHAN, AY",,,,,,," -229","H,,S"
"AYM00089573","1999-05-26","-69.367","76.367","18.0","ZHONGSHAN, AY",,,,,,," -170","H,,S"
"AYM00089573","1999-05-28","-69.367","76.367","18.0","ZHONGSHAN, AY",,,,,,,"  -75","H,,S"
"AYM00089573","1999-05-30","-69.367","76.367","18.0","ZHONGSHAN, AY",,,,,,," -235","H,,S"
"AYM00089573","1999-05-31","-69.367","76.367","18.0","ZHONGSHAN, AY",,,,,,," -195","H,,S"
"AYM00089573","1999-06-02","-69.367","76.367","18.0","ZHONGSHAN, AY",,,,,,," -175","H,,S"
"AYM00089573","1999-06-03","-69.367","76.367","18.0","ZHONGSHAN, AY",,,,,,,"  -87","H,,S"
"AYM00089573","1999-06-04","-69.367","76.367","18.0","ZHONGSHAN, AY",,,,,,,"  -59","H,,S"
"AYM00089573","1999-06-07","-69.367","76.367","18.0","ZHONGSHAN, AY",,,,,,," -112","H,,S"
"AYM00089573","1999-06-08","-69.367","76.367","18.0","ZHONGSHAN, AY",,,,,,," -131","H,,S"
"AYM00089573","1999-06-09","-69.367","76.367","18.0","ZHONGSHAN, AY",,,,,,," -162","H,,S"
"AYM00089573","1999-06-11","-69.367","76.367","18.0","ZHONGSHAN, AY",,,,,,," -141","H,,S"
"AYM00089573","1999-06-12","-69.367","76.367","18.0","ZHONGSHAN, AY",,,,,,," -168","H,,S"
"AYM00089573","1999-06-13","-69.367","76.367","18.0","ZHONGSHAN, AY",,,,,,,"  -81","H,,S"
"AYM00089573","1999-06-14","-69.367","76.367","18.0","ZHONGSHAN, AY",,,,,,,"  -31","H,,S"
"AYM00089573","1999-07-02","-69.367","76.367","18.0","ZHONGSHAN, AY",,,,,,," -215","H,,S"
"AYM00089573","1999-07-07","-69.367","76.367","18.0","ZHONGSHAN, AY",,,,,,," -219","H,,S"
"AYM00089573","1999-07-10","-69.367","76.367","18.0","ZHONGSHAN, AY",,,,,,," -198","H,,S"
"AYM00089573","1999-07-16","-69.367","76.367","18.0","ZHONGSHAN, AY",,,,,,," -218","H,,S"
"AYM00089573","1999-07-18","-69.367","76.367","18.0","ZHONGSHAN, AY",,,,,,,"  -95","H,,S"
"AYM00089573","1999-07-24","-69.367","76.367","18.0","ZHONGSHAN, AY",,,,,,," -213","H,,S"
"AYM00089573","1999-07-27","-69.367","76.367","18.0","ZHONGSHAN, AY",,,,,,," -231","H,,S"
"AYM00089573","1999-07-28","-69.367","76.367","18.0","ZHONGSHAN, AY",,,,,,," -171","H,,S"
"AYM00089573","1999-07-30","-69.367","76.367","18.0","ZHONGSHAN, AY",,,,,,," -199","H,,S"
"AYM00089573","1999-08-02","-69.367","76.367","18.0","ZHONGSHAN, AY",,,,,,," -128","H,,S"
"AYM00089573","1999-08-03","-69.367","76.367","18.0","ZHONGSHAN, AY",,,,,,," -180","H,,S"
"AYM00089573","1999-08-04","-69.367","76.367","18.0","ZHONGSHAN, AY",,,,,,," -252","H,,S"
"AYM00089573","1999-08-05","-69.367","76.367","18.0","ZHONGSHAN, AY",,,,,,," -226","H,,S"
"AYM00089573","1999-08-06","-69.367","76.367","18.0","ZHONGSHAN, AY",,,,,,," -154","H,,S"
"AYM00089573","1999-08-12","-69.367","76.367","18.0","ZHONGSHAN, AY",,,,,,,"  -80","H,,S"
"AYM00089573","1999-08-14","-69.367","76.367","18.0","ZHONGSHAN, AY",,,,,,," -190","H,,S"
"AYM00089573","1999-08-15","-69.367","76.367","18.0","ZHONGSHAN, AY",,,,,,," -182","H,,S"
"AYM00089573","1999-08-16","-69.367","76.367","18.0","ZHONGSHAN, AY",,,,,,," -142","H,,S"
"AYM00089573","1999-08-19","-69.367","76.367","18.0","ZHONGSHAN, AY",,,,,,," -155","H,,S"
"AYM00089573","1999-08-20","-69.367","76.367","18.0","ZHONGSHAN, AY",,,,,,," -191","H,,S"
"AYM00089573","1999-08-22","-69.367","76.367","18.0","ZHONGSHAN, AY",,,,,,," -156","H,,S"
"AYM00089573","1999-08-27","-69.367","76.367","18.0","ZHONGSHAN, AY",,,,,,," -156","H,,S"
"AYM00089573","1999-08-29","-69.367","76.367","18.0","ZHONGSHAN, AY",,,,,,," -192","H,,S"
"AYM00089573","1999-08-30","-69.367","76.367","18.0","ZHONGSHAN, AY",,,,,,," -227","H,,S"
"AYM00089573","1999-09-01","-69.367","76.367","18.0","ZHONGSHAN, AY",,,,,,," -254","H,,S"
"AYM00089573","1999-09-04","-69.367","76.367","18.0","ZHONGSHAN, AY",,,,,,," -172","H,,S"
"AYM00089573","1999-09-05","-69.367","76.367","18.0","ZHONGSHAN, AY",,,,,,," -179","H,,S"
"AYM00089573","1999-09-08","-69.367","76.367","18.0","ZHONGSHAN, AY",,,,,,," -231","H,,S"
"AYM00089573","1999-09-11","-69.367","76.367","18.0","ZHONGSHAN, AY",,,,,,," -173","H,,S"
"AYM00089573","1999-09-15","-69.367","76.367","18.0","ZHONGSHAN, AY",,,,,,,"  -68","H,,S"
"AYM00089573","1999-09-16","-69.367","76.367","18.0","ZHONGSHAN, AY",,,,,,,"  -71","H,,S"
"AYM00089573","1999-09-18","-69.367","76.367","18.0","ZHONGSHAN, AY",,,,,,," -118","H,,S"
"AYM00089573","1999-09-19","-69.367","76.367","18.0","ZHONGSHAN, AY",,,,,,," -153","H,,S"
"AYM00089573","1999-09-21","-69.367","76.367","18.0","ZHONGSHAN, AY",,,,,,," -137","H,,S"
"AYM00089573","1999-09-26","-69.367","76.367","18.0","ZHONGSHAN, AY",,,,,,," -227","H,,S"
"AYM00089573","1999-09-27","-69.367","76.367","18.0","ZHONGSHAN, AY",,,,,,," -184","H,,S"
"AYM00089573","1999-09-28","-69.367","76.367","18.0","ZHONGSHAN, AY",,,,,,," -209","H,,S"
"AYM00089573","1999-10-05","-69.367","76.367","18.0","ZHONGSHAN, AY","    0","D,,S",,,,," -166","H,,S"
"AYM00089573","1999-10-06","-69.367","76.367","18.0","ZHONGSHAN, AY",,,,,,," -130","H,,S"
"AYM00089573","1999-10-08","-69.367","76.367","18.0","ZHONGSHAN, AY",,,,,,," -120","H,,S"
"AYM00089573","1999-10-10","-69.367","76.367","18.0","ZHONGSHAN, AY","    0","D,,S",,,,," -193","H,,S"
"AYM00089573","1999-10-11","-69.367","76.367","18.0","ZHONGSHAN, AY","    0","D,,S",,,,," -179","H,,S"
"AYM00089573","1999-10-13","-69.367","76.367","18.0","ZHONGSHAN, AY",,,,,,,"  -97","H,,S"
"AYM00089573","1999-10-15","-69.367","76.367","18.0","ZHONGSHAN, AY",,,,,,,"  -83","H,,S"
"AYM00089573","1999-10-16","-69.367","76.367","18.0","ZHONGSHAN, AY",,,,,,,"  -44","H,,S"
"AYM00089573","1999-10-17","-69.367","76.367","18.0","ZHONGSHAN, AY","    0","D,,S",,,,,"  -75","H,,S"
"AYM00089573","1999-10-19","-69.367","76.367","18.0","ZHONGSHAN, AY","    0","D,,S",,,,,"  -96","H,,S"
"AYM00089573","1999-10-27","-69.367","76.367","18.0","ZHONGSHAN, AY",,,,,,,"  -99","H,,S"
"AYM00089573","1999-10-30","-69.367","76.367","18.0","ZHONGSHAN, AY",,,,,,,"  -52","H,,S"
"AYM00089573","1999-11-01","-69.367","76.367","18.0","ZHONGSHAN, AY",,,,,,,"  -93","H,,S"
"AYM00089573","1999-11-02","-69.367","76.367","18.0","ZHONGSHAN, AY",,,,,,,"  -98","H,,S"
"AYM00089573","1999-11-04","-69.367","76.367","18.0","ZHONGSHAN, AY","    0","D,,S",,,,," -184","H,,S"
"AYM00089573","1999-11-09","-69.367","76.367","18.0","ZHONGSHAN, AY","    0","D,,S",,,,,"  -83","H,,S"
"AYM00089573","1999-11-11","-69.367","76.367","18.0","ZHONGSHAN, AY",,,,,,,"  -47","H,,S"
"AYM00089573","1999-11-12","-69.367","76.367","18.0","ZHONGSHAN, AY",,,,,,,"  -44","H,,S"
"AYM00089573","1999-11-15","-69.367","76.367","18.0","ZHONGSHAN, AY","    0","D,,S",,,,," -103","H,,S"
"AYM00089573","1999-11-16","-69.367","76.367","18.0","ZHONGSHAN, AY","    0","D,,S",,,,,"  -82","H,,S"
"AYM00089573","1999-11-17","-69.367","76.367","18.0","ZHONGSHAN, AY","    0","D,,S",,,,,"  -63","H,,S"
"AYM00089573","1999-11-18","-69.367","76.367","18.0","ZHONGSHAN, AY","    0","D,,S",,,,,"  -60","H,,S"
"AYM00089573","1999-11-19","-69.367","76.367","18.0","ZHONGSHAN, AY","    0","D,,S",,,,,"  -86","H,,S"
"AYM00089573","1999-11-20","-69.367","76.367","18.0","ZHONGSHAN, AY",,,,,,,"  -70","H,,S"
"AYM00089573","1999-11-21","-69.367","76.367","18.0","ZHONGSHAN, AY",,,,,,,"  -47","H,,S"
"AYM00089573","1999-11-22","-69.367","76.367","18.0","ZHONGSHAN, AY","    0","D,,S",,,,,"  -73","H,,S"
"AYM00089573","1999-11-23","-69.367","76.367","18.0","ZHONGSHAN, AY","    0","D,,S",,,,,"  -90","H,,S"
"AYM00089573","1999-11-25","-69.367","76.367","18.0","ZHONGSHAN, AY","    0","D,,S",,,,,"  -76","H,,S"
"AYM00089573","1999-11-27","-69.367","76.367","18.0","ZHONGSHAN, AY","    0","D,,S",,,,,"  -78","H,,S"
"AYM00089573","1999-11-28","-69.367","76.367","18.0","ZHONGSHAN, AY",,,,,,,"  -59","H,,S"
"AYM00089573","1999-11-29","-69.367","76.367","18.0","ZHONGSHAN, AY",,,,,,,"  -58","H,,S"
"AYM00089573","1999-12-02","-69.367","76.367","18.0","ZHONGSHAN, AY","    0","D,,S",,,,,"  -58","H,,S"
"AYM00089573","1999-12-03","-69.367","76.367","18.0","ZHONGSHAN, AY","    0","D,,S",,,,,"  -60","H,,S"
"AYM00089573","1999-12-07","-69.367","76.367","18.0","ZHONGSHAN, AY","    0","D,,S",,,,,"  -53","H,,S"
"AYM00089573","1999-12-09","-69.367","76.367","18.0","ZHONGSHAN, AY",,,,,,,"  -36","H,,S"
"AYM00089573","1999-12-11","-69.367","76.367","18.0","ZHONGSHAN, AY","    0","D,,S",,,,,"  -36","H,,S"
"AYM00089573","1999-12-12","-69.367","76.367","18.0","ZHONGSHAN, AY",,,,,,,"  -34","H,,S"
"AYM00089573","1999-12-13","-69.367","76.367","18.0","ZHONGSHAN, AY","    0","D,,S",,,,,"  -49","H,,S"
"AYM00089573","1999-12-15","-69.367","76.367","18.0","ZHONGSHAN, AY","    0","D,,S",,,,,"  -21","H,,S"
"AYM00089573","1999-12-18","-69.367","76.367","18.0","ZHONGSHAN, AY","    0","D,,S",,,,,"  -18","H,,S"
"AYM00089573","1999-12-20","-69.367","76.367","18.0","ZHONGSHAN, AY",,,,,,,"  -17","H,,S"
"AYM00089573","1999-12-21","-69.367","76.367","18.0","ZHONGSHAN, AY","    0","D,,S",,,,,"  -16","H,,S"
"AYM00089573","1999-12-23","-69.367","76.367","18.0","ZHONGSHAN, AY","    0","D,,S",,,,,"  -39","H,,S"
"AYM00089573","1999-12-26","-69.367","76.367","18.0","ZHONGSHAN, AY","    0","D,,S",,,,,"   -5","H,,S"
"AYM00089573","1999-12-28","-69.367","76.367","18.0","ZHONGSHAN, AY","    0","D,,S",,,,,"   -1","H,,S"
"AYM00089573","1999-12-29","-69.367","76.367","18.0","ZHONGSHAN, AY","    0","D,,S",,,,,"   -8","H,,S"
"AYM00089573","2000-01-04","-69.367","76.367","18.0","ZHONGSHAN, AY",,,,,,,"  -22","H,,S"
"AYM00089573","2000-01-08","-69.367","76.367","18.0","ZHONGSHAN, AY","    0","D,,S",,,,,"  -26","H,,S"
"AYM00089573","2000-01-11","-69.367","76.367","18.0","ZHONGSHAN, AY","    0","D,,S",,,,,"  -45","H,,S"
"AYM00089573","2000-01-12","-69.367","76.367","18.0","ZHONGSHAN, AY",,,,,,,"  -10","H,,S"
"AYM00089573","2000-01-14","-69.367","76.367","18.0","ZHONGSHAN, AY",,,,,,,"   -9","H,,S"
"AYM00089573","2000-01-15","-69.367","76.367","18.0","ZHONGSHAN, AY",,,,,,,"  -29","H,,S"
"AYM00089573","2000-01-17","-69.367","76.367","18.0","ZHONGSHAN, AY",,,,,,,"   -8","H,,S"
"AYM00089573","2000-01-18","-69.367","76.367","18.0","ZHONGSHAN, AY",,,,,,,"   -4","H,,S"
"AYM00089573","2000-01-19","-69.367","76.367","18.0","ZHONGSHAN, AY",,,,,,,"    4","H,,S"
"AYM00089573","2000-01-20","-69.367","76.367","18.0","ZHONGSHAN, AY",,,,,,,"   -6","H,,S"
"AYM00089573","2000-01-23","-69.367","76.367","18.0","ZHONGSHAN, AY",,,,,,,"    2","H,,S"
"AYM00089573","2000-01-24","-69.367","76.367","18.0","ZHONGSHAN, AY",,,,,,,"   -9","H,,S"
"AYM00089573","2000-01-25","-69.367","76.367","18.0","ZHONGSHAN, AY",,,,,,,"  -19","H,,S"
"AYM00089573","2000-01-26","-69.367","76.367","18.0","ZHONGSHAN, AY",,,,,,,"   -6","H,,S"
"AYM00089573","2000-01-29","-69.367","76.367","18.0","ZHONGSHAN, AY",,,,,,,"  -51","H,,S"
"AYM00089573","2000-01-30","-69.367","76.367","18.0","ZHONGSHAN, AY",,,,,,,"  -48","H,,S"
"AYM00089573","2000-02-01","-69.367","76.367","18.0","ZHONGSHAN, AY",,,,,,,"  -14","H,,S"
"AYM00089573","2000-02-03","-69.367","76.367","18.0","ZHONGSHAN, AY",,,,,,,"  -19","H,,S"
"AYM00089573","2000-02-07","-69.367","76.367","18.0","ZHONGSHAN, AY",,,,,,,"  -42","H,,S"
"AYM00089573","2000-02-08","-69.367","76.367","18.0","ZHONGSHAN, AY",,,,,,,"  -38","H,,S"
"AYM00089573","2000-02-10","-69.367","76.367","18.0","ZHONGSHAN, AY",,,,,,,"  -67","H,,S"
"AYM00089573","2000-02-11","-69.367","76.367","18.0","ZHONGSHAN, AY",,,,,,,"  -62","H,,S"
"AYM00089573","2000-02-12","-69.367","76.367","18.0","ZHONGSHAN, AY",,,,,,,"  -55","H,,S"
"AYM00089573","2000-02-15","-69.367","76.367","18.0","ZHONGSHAN, AY",,,,,,,"  -62","H,,S"
"AYM00089573","2000-03-05","-69.367","76.367","18.0","ZHONGSHAN, AY",,,,,,,"  -94","H,,S"
"AYM00089573","2000-03-06","-69.367","76.367","18.0","ZHONGSHAN, AY",,,,,,,"  -88","H,,S"
"AYM00089573","2000-03-10","-69.367","76.367","18.0","ZHONGSHAN, AY",,,,,,,"  -67","H,,S"
"AYM00089573","2000-03-11","-69.367","76.367","18.0","ZHONGSHAN, AY",,,,,,,"  -86","H,,S"
"AYM00089573","2000-03-12","-69.367","76.367","18.0","ZHONGSHAN, AY",,,,,,,"  -67","H,,S"
"AYM00089573","2000-03-13","-69.367","76.367","18.0","ZHONGSHAN, AY",,,,,,,"  -76","H,,S"
"AYM00089573","2000-03-15","-69.367","76.367","18.0","ZHONGSHAN, AY",,,,,,," -177","H,,S"
"AYM00089573","2000-03-17","-69.367","76.367","18.0","ZHONGSHAN, AY",,,,,,,"  -88","H,,S"
"AYM00089573","2000-03-21","-69.367","76.367","18.0","ZHONGSHAN, AY",,,,,,,"  -89","H,,S"
"AYM00089573","2000-03-24","-69.367","76.367","18.0","ZHONGSHAN, AY",,,,,,,"  -87","H,,S"
"AYM00089573","2000-04-10","-69.367","76.367","18.0","ZHONGSHAN, AY",,,,,,," -109","H,,S"
"AYM00089573","2000-04-12","-69.367","76.367","18.0","ZHONGSHAN, AY",,,,,,,"  -79","H,,S"
"AYM00089573","2000-04-15","-69.367","76.367","18.0","ZHONGSHAN, AY",,,,,,,"  -49","H,,S"
"AYM00089573","2000-04-17","-69.367","76.367","18.0","ZHONGSHAN, AY",,,,,,,"  -49","H,,S"
"AYM00089573","2000-04-18","-69.367","76.367","18.0","ZHONGSHAN, AY",,,,,,,"  -64","H,,S"
"AYM00089573","2000-04-20","-69.367","76.367","18.0","ZHONGSHAN, AY",,,,,,,"  -33","H,,S"
"AYM00089573","2000-04-21","-69.367","76.367","18.0","ZHONGSHAN, AY",,,,,,,"  -52","H,,S"
"AYM00089573","2000-04-23","-69.367","76.367","18.0","ZHONGSHAN, AY",,,,,,," -144","H,,S"
"AYM00089573","2000-04-25","-69.367","76.367","18.0","ZHONGSHAN, AY",,,,,,," -172","H,,S"
"AYM00089573","2000-04-26","-69.367","76.367","18.0","ZHONGSHAN, AY",,,,,,," -134","H,,S"
"AYM00089573","2000-04-27","-69.367","76.367","18.0","ZHONGSHAN, AY",,,,,,," -143","H,,S"
"AYM00089573","2000-04-29","-69.367","76.367","18.0","ZHONGSHAN, AY",,,,,,," -156","H,,S"
"AYM00089573","2000-05-01","-69.367","76.367","18.0","ZHONGSHAN, AY",,,,,,," -189","H,,S"
"AYM00089573","2000-05-02","-69.367","76.367","18.0","ZHONGSHAN, AY",,,,,,," -204","H,,S"
"AYM00089573","2000-05-03","-69.367","76.367","18.0","ZHONGSHAN, AY",,,,,,," -144","H,,S"
"AYM00089573","2000-05-05","-69.367","76.367","18.0","ZHONGSHAN, AY",,,,,,," -182","H,,S"
"AYM00089573","2000-05-06","-69.367","76.367","18.0","ZHONGSHAN, AY",,,,,,," -209","H,,S"
"AYM00089573","2000-05-07","-69.367","76.367","18.0","ZHONGSHAN, AY",,,,,,," -218","H,,S"
"AYM00089573","2000-05-08","-69.367","76.367","18.0","ZHONGSHAN, AY",,,,,,," -185","H,,S"
"AYM00089573","2000-05-09","-69.367","76.367","18.0","ZHONGSHAN, AY",,,,,,," -218","H,,S"
"AYM00089573","2000-05-11","-69.367","76.367","18.0","ZHONGSHAN, AY",,,,,,," -131","H,,S"
"AYM00089573","2000-05-12","-69.367","76.367","18.0","ZHONGSHAN, AY",,,,,,," -183","H,,S"
"AYM00089573","2000-05-13","-69.367","76.367","18.0","ZHONGSHAN, AY",,,,,,," -174","H,,S"
"AYM00089573","2000-05-15","-69.367","76.367","18.0","ZHONGSHAN, AY",,,,,,," -144","H,,S"
"AYM00089573","2000-05-16","-69.367","76.367","18.0","ZHONGSHAN, AY",,,,,,," -130","H,,S"
"AYM00089573","2000-05-17","-69.367","76.367","18.0","ZHONGSHAN, AY",,,,,,," -188","H,,S"
"AYM00089573","2000-05-18","-69.367","76.367","18.0","ZHONGSHAN, AY",,,,,,," -208","H,,S"
"AYM00089573","2000-05-22","-69.367","76.367","18.0","ZHONGSHAN, AY",,,,,,," -209","H,,S"
"AYM00089573","2000-05-23","-69.367","76.367","18.0","ZHONGSHAN, AY",,,,,,," -184","H,,S"
"AYM00089573","2000-05-25","-69.367","76.367","18.0","ZHONGSHAN, AY",,,,,,," -120","H,,S"
"AYM00089573","2000-05-28","-69.367","76.367","18.0","ZHONGSHAN, AY",,,,,,," -106","H,,S"
"AYM00089573","2000-05-29","-69.367","76.367","18.0","ZHONGSHAN, AY",,,,,,,"  -98","H,,S"
"AYM00089573","2000-06-02","-69.367","76.367","18.0","ZHONGSHAN, AY",,,,,,," -108","H,,S"
"AYM00089573","2000-06-03","-69.367","76.367","18.0","ZHONGSHAN, AY",,,,,,," -152","H,,S"
"AYM00089573","2000-06-04","-69.367","76.367","18.0","ZHONGSHAN, AY",,,,,,,"  -83","H,,S"
"AYM00089573","2000-06-05","-69.367","76.367","18.0","ZHONGSHAN, AY",,,,,,," -112","H,,S"
"AYM00089573","2000-06-07","-69.367","76.367","18.0","ZHONGSHAN, AY",,,,,,," -182","H,,S"
"AYM00089573","2000-06-08","-69.367","76.367","18.0","ZHONGSHAN, AY",,,,,,," -153","H,,S"
"AYM00089573","2000-06-09","-69.367","76.367","18.0","ZHONGSHAN, AY",,,,,,," -108","H,,S"
"AYM00089573","2000-06-11","-69.367","76.367","18.0","ZHONGSHAN, AY",,,,,,," -154","H,,S"
"AYM00089573","2000-06-12","-69.367","76.367","18.0","ZHONGSHAN, AY",,,,,,," -156","H,,S"
"AYM00089573","2000-06-13","-69.367","76.367","18.0","ZHONGSHAN, AY",,,,,,," -139","H,,S"
"AYM00089573","2000-06-14","-69.367","76.367","18.0","ZHONGSHAN, AY",,,,,,," -101","H,,S"
"AYM00089573","2000-06-15","-69.367","76.367","18.0","ZHONGSHAN, AY",,,,,,," -102","H,,S"
"AYM00089573","2000-06-16","-69.367","76.367","18.0","ZHONGSHAN, AY",,,,,,," -134","H,,S"
"AYM00089573","2000-06-17","-69.367","76.367","18.0","ZHONGSHAN, AY",,,,,,," -161","H,,S"
"AYM00089573","2000-06-18","-69.367","76.367","18.0","ZHONGSHAN, AY",,,,,,," -154","H,,S"
"AYM00089573","2000-06-19","-69.367","76.367","18.0","ZHONGSHAN, AY",,,,,,," -166","H,,S"
"AYM00089573","2000-06-22","-69.367","76.367","18.0","ZHONGSHAN, AY",,,,,,," -219","H,,S"
"AYM00089573","2000-06-27","-69.367","76.367","18.0","ZHONGSHAN, AY",,,,,,," -124","H,,S"
"AYM00089573","2000-07-01","-69.367","76.367","18.0","ZHONGSHAN, AY",,,,,,," -174","H,,S"
"AYM00089573","2000-07-05","-69.367","76.367","18.0","ZHONGSHAN, AY",,,,,,," -166","H,,S"
"AYM00089573","2000-07-06","-69.367","76.367","18.0","ZHONGSHAN, AY",,,,,,," -191","H,,S"
"AYM00089573","2000-07-07","-69.367","76.367","18.0","ZHONGSHAN, AY",,,,,,," -155","H,,S"
"AYM00089573","2000-07-09","-69.367","76.367","18.0","ZHONGSHAN, AY",,,,,,," -148","H,,S"
"AYM00089573","2000-07-10","-69.367","76.367","18.0","ZHONGSHAN, AY",,,,,,," -159","H,,S"
"AYM00089573","2000-07-15","-69.367","76.367","18.0","ZHONGSHAN, AY",,,,,,," -151","H,,S"
"AYM00089573","2000-07-17","-69.367","76.367","18.0","ZHONGSHAN, AY",,,,,,,"  -76","H,,S"
"AYM00089573","2000-07-20","-69.367","76.367","18.0","ZHONGSHAN, AY",,,,,,," -104","H,,S"
"AYM00089573","2000-07-22","-69.367","76.367","18.0","ZHONGSHAN, AY",,,,,,," -190","H,,S"
"AYM00089573","2000-07-24","-69.367","76.367","18.0","ZHONGSHAN, AY",,,,,,," -111","H,,S"
"AYM00089573","2000-07-27","-69.367","76.367","18.0","ZHONGSHAN, AY",,,,,,," -156","H,,S"
"AYM00089573","2000-08-01","-69.367","76.367","18.0","ZHONGSHAN, AY",,,,,,," -163","H,,S"
"AYM00089573","2000-08-02","-69.367","76.367","18.0","ZHONGSHAN, AY",,,,,,," -162","H,,S"
"AYM00089573","2000-08-04","-69.367","76.367","18.0","ZHONGSHAN, AY",,,,,,," -139","H,,S"
"AYM00089573","2000-08-06","-69.367","76.367","18.0","ZHONGSHAN, AY",,,,,,," -157","H,,S"
"AYM00089573","2000-08-08","-69.367","76.367","18.0","ZHONGSHAN, AY",,,,,,,"  -80","H,,S"
"AYM00089573","2000-08-10","-69.367","76.367","18.0","ZHONGSHAN, AY",,,,,,," -135","H,,S"
"AYM00089573","2000-08-11","-69.367","76.367","18.0","ZHONGSHAN, AY",,,,,,," -158","H,,S"
"AYM00089573","2000-08-13","-69.367","76.367","18.0","ZHONGSHAN, AY",,,,,,," -151","H,,S"
"AYM00089573","2000-08-15","-69.367","76.367","18.0","ZHONGSHAN, AY",,,,,,," -206","H,,S"
"AYM00089573","2000-08-16","-69.367","76.367","18.0","ZHONGSHAN, AY",,,,,,," -127","H,,S"
"AYM00089573","2000-08-18","-69.367","76.367","18.0","ZHONGSHAN, AY",,,,,,," -109","H,,S"
"AYM00089573","2000-08-19","-69.367","76.367","18.0","ZHONGSHAN, AY",,,,,,," -125","H,,S"
"AYM00089573","2000-08-20","-69.367","76.367","18.0","ZHONGSHAN, AY",,,,,,," -108","H,,S"
"AYM00089573","2000-08-21","-69.367","76.367","18.0","ZHONGSHAN, AY",,,,,,,"  -57","H,,S"
"AYM00089573","2000-08-22","-69.367","76.367","18.0","ZHONGSHAN, AY",,,,,,,"  -77","H,,S"
"AYM00089573","2000-08-23","-69.367","76.367","18.0","ZHONGSHAN, AY",,,,,,,"  -98","H,,S"
"AYM00089573","2000-08-26","-69.367","76.367","18.0","ZHONGSHAN, AY",,,,,,," -139","H,,S"
"AYM00089573","2000-08-29","-69.367","76.367","18.0","ZHONGSHAN, AY",,,,,,," -177","H,,S"
"AYM00089573","2000-08-30","-69.367","76.367","18.0","ZHONGSHAN, AY",,,,,,,"  -87","H,,S"
"AYM00089573","2000-09-02","-69.367","76.367","18.0","ZHONGSHAN, AY",,,,,,," -131","H,,S"
"AYM00089573","2000-09-03","-69.367","76.367","18.0","ZHONGSHAN, AY",,,,,,," -108","H,,S"
"AYM00089573","2000-09-04","-69.367","76.367","18.0","ZHONGSHAN, AY",,,,,,," -134","H,,S"
"AYM00089573","2000-09-05","-69.367","76.367","18.0","ZHONGSHAN, AY",,,,,,,"  -84","H,,S"
"AYM00089573","2000-09-06","-69.367","76.367","18.0","ZHONGSHAN, AY",,,,,,,"  -48","H,,S"
"AYM00089573","2000-09-07","-69.367","76.367","18.0","ZHONGSHAN, AY",,,,,,,"  -53","H,,S"
"AYM00089573","2000-09-08","-69.367","76.367","18.0","ZHONGSHAN, AY",,,,,,,"  -71","H,,S"
"AYM00089573","2000-09-10","-69.367","76.367","18.0","ZHONGSHAN, AY",,,,,,,"  -68","H,,S"
"AYM00089573","2000-09-11","-69.367","76.367","18.0","ZHONGSHAN, AY",,,,,,," -108","H,,S"
"AYM00089573","2000-09-12","-69.367","76.367","18.0","ZHONGSHAN, AY",,,,,,," -128","H,,S"
"AYM00089573","2000-09-13","-69.367","76.367","18.0","ZHONGSHAN, AY",,,,,,," -144","H,,S"
"AYM00089573","2000-09-17","-69.367","76.367","18.0","ZHONGSHAN, AY",,,,,,," -137","H,,S"
"AYM00089573","2000-09-19","-69.367","76.367","18.0","ZHONGSHAN, AY",,,,,,," -172","H,,S"
"AYM00089573","2000-09-20","-69.367","76.367","18.0","ZHONGSHAN, AY",,,,,,," -167","H,,S"
"AYM00089573","2000-09-24","-69.367","76.367","18.0","ZHONGSHAN, AY",,,,,,," -199","H,,S"
"AYM00089573","2000-09-25","-69.367","76.367","18.0","ZHONGSHAN, AY",,,,,,," -167","H,,S"
"AYM00089573","2000-09-26","-69.367","76.367","18.0","ZHONGSHAN, AY",,,,,,," -150","H,,S"
"AYM00089573","2000-09-28","-69.367","76.367","18.0","ZHONGSHAN, AY",,,,,,," -207","H,,S"
"AYM00089573","2000-09-29","-69.367","76.367","18.0","ZHONGSHAN, AY",,,,,,," -196","H,,S"
"AYM00089573","2000-10-02","-69.367","76.367","18.0","ZHONGSHAN, AY",,,,,,,"  -88","H,,S"
"AYM00089573","2000-10-03","-69.367","76.367","18.0","ZHONGSHAN, AY",,,,,,,"  -98","H,,S"
"AYM00089573","2000-10-04","-69.367","76.367","18.0","ZHONGSHAN, AY",,,,,,," -125","H,,S"
"AYM00089573","2000-10-05","-69.367","76.367","18.0","ZHONGSHAN, AY",,,,,,," -148","H,,S"
"AYM00089573","2000-10-06","-69.367","76.367","18.0","ZHONGSHAN, AY",,,,,,," -151","H,,S"
"AYM00089573","2000-10-07","-69.367","76.367","18.0","ZHONGSHAN, AY",,,,,,," -188","H,,S"
"AYM00089573","2000-10-09","-69.367","76.367","18.0","ZHONGSHAN, AY",,,,,,," -211","H,,S"
"AYM00089573","2000-10-10","-69.367","76.367","18.0","ZHONGSHAN, AY",,,,,,," -180","H,,S"
"AYM00089573","2000-10-12","-69.367","76.367","18.0","ZHONGSHAN, AY",,,,,,,"  -83","H,,S"
"AYM00089573","2000-10-14","-69.367","76.367","18.0","ZHONGSHAN, AY",,,,,,," -138","H,,S"
"AYM00089573","2000-10-15","-69.367","76.367","18.0","ZHONGSHAN, AY",,,,,,," -146","H,,S"
"AYM00089573","2000-10-16","-69.367","76.367","18.0","ZHONGSHAN, AY",,,,,,," -118","H,,S"
"AYM00089573","2000-10-19","-69.367","76.367","18.0","ZHONGSHAN, AY",,,,,,," -154","H,,S"
"AYM00089573","2000-10-21","-69.367","76.367","18.0","ZHONGSHAN, AY",,,,,,," -185","H,,S"
"AYM00089573","2000-10-23","-69.367","76.367","18.0","ZHONGSHAN, AY",,,,,,," -154","H,,S"
"AYM00089573","2000-10-25","-69.367","76.367","18.0","ZHONGSHAN, AY",,,,,,," -199","H,,S"
"AYM00089573","2000-10-26","-69.367","76.367","18.0","ZHONGSHAN, AY",,,,,,," -178","H,,S"
"AYM00089573","2000-11-06","-69.367","76.367","18.0","ZHONGSHAN, AY",,,,,,,"  -26","H,,S"
"AYM00089573","2000-11-07","-69.367","76.367","18.0","ZHONGSHAN, AY",,,,,,,"  -25","H,,S"
"AYM00089573","2000-11-11","-69.367","76.367","18.0","ZHONGSHAN, AY",,,,,,,"  -36","H,,S"
"AYM00089573","2000-11-12","-69.367","76.367","18.0","ZHONGSHAN, AY",,,,,,,"  -53","H,,S"
"AYM00089573","2000-11-15","-69.367","76.367","18.0","ZHONGSHAN, AY",,,,,,,"  -82","H,,S"
"AYM00089573","2000-11-18","-69.367","76.367","18.0","ZHONGSHAN, AY",,,,,,,"  -41","H,,S"
"AYM00089573","2000-11-22","-69.367","76.367","18.0","ZHONGSHAN, AY",,,,,,,"  -33","H,,S"
"AYM00089573","2000-11-24","-69.367","76.367","18.0","ZHONGSHAN, AY",,,,,,,"   11","H,,S"
"AYM00089573","2000-11-25","-69.367","76.367","18.0","ZHONGSHAN, AY",,,,,,,"    7","H,,S"
"AYM00089573","2000-12-03","-69.367","76.367","18.0","ZHONGSHAN, AY",,,,,,,"  -18","H,,S"
"AYM00089573","2000-12-10","-69.367","76.367","18.0","ZHONGSHAN, AY",,,,,,,"  -26","H,,S"
"AYM00089573","2000-12-12","-69.367","76.367","18.0","ZHONGSHAN, AY",,,,,,,"   -9","H,,S"
"AYM00089573","2000-12-14","-69.367","76.367","18.0","ZHONGSHAN, AY",,,,,,,"    3","H,,S"
"AYM00089573","2000-12-15","-69.367","76.367","18.0","ZHONGSHAN, AY",,,,,,,"  -15","H,,S"
"AYM00089573","2000-12-16","-69.367","76.367","18.0","ZHONGSHAN, AY",,,,,,,"  -23","H,,S"
"AYM00089573","2000-12-17","-69.367","76.367","18.0","ZHONGSHAN, AY",,,,,,,"  -32","H,,S"
"AYM00089573","2000-12-18","-69.367","76.367","18.0","ZHONGSHAN, AY",,,,,,,"  -15","H,,S"
"AYM00089573","2000-12-19","-69.367","76.367","18.0","ZHONGSHAN, AY",,,,,,,"   -3","H,,S"
"AYM00089573","2000-12-20","-69.367","76.367","18.0","ZHONGSHAN, AY",,,,,,,"  -10","H,,S"
"AYM00089573","2000-12-21","-69.367","76.367","18.0","ZHONGSHAN, AY",,,,,,,"    9","H,,S"
"AYM00089573","2000-12-22","-69.367","76.367","18.0","ZHONGSHAN, AY",,,,,,,"    6","H,,S"
"AYM00089573","2000-12-23","-69.367","76.367","18.0","ZHONGSHAN, AY",,,,,,,"   -8","H,,S"
"AYM00089573","2000-12-26","-69.367","76.367","18.0","ZHONGSHAN, AY",,,,,,,"    4","H,,S"
"AYM00089573","2000-12-29","-69.367","76.367","18.0","ZHONGSHAN, AY",,,,,,,"   -3","H,,S"
"AYM00089573","2001-01-09","-69.367","76.367","18.0","ZHONGSHAN, AY",,,,,,,"    4","H,,S"
"AYM00089573","2001-01-10","-69.367","76.367","18.0","ZHONGSHAN, AY",,,,,,,"   23","H,,S"
"AYM00089573","2001-01-12","-69.367","76.367","18.0","ZHONGSHAN, AY",,,,,,,"    6","H,,S"
"AYM00089573","2001-01-13","-69.367","76.367","18.0","ZHONGSHAN, AY",,,,,,,"   -3","H,,S"
"AYM00089573","2001-01-15","-69.367","76.367","18.0","ZHONGSHAN, AY",,,,,,,"   17","H,,S"
"AYM00089573","2001-01-16","-69.367","76.367","18.0","ZHONGSHAN, AY",,,,,,,"   16","H,,S"
"AYM00089573","2001-01-17","-69.367","76.367","18.0","ZHONGSHAN, AY",,,,,,,"   14","H,,S"
"AYM00089573","2001-01-20","-69.367","76.367","18.0","ZHONGSHAN, AY",,,,,,,"   11","H,,S"
"AYM00089573","2001-01-21","-69.367","76.367","18.0","ZHONGSHAN, AY",,,,,,,"   -2","H,,S"
"AYM00089573","2001-01-24","-69.367","76.367","18.0","ZHONGSHAN, AY",,,,,,,"   16","H,,S"
"AYM00089573","2001-01-26","-69.367","76.367","18.0","ZHONGSHAN, AY",,,,,,,"   -2","H,,S"
"AYM00089573","2001-01-27","-69.367","76.367","18.0","ZHONGSHAN, AY",,,,,,,"    3","H,,S"
"AYM00089573","2001-01-28","-69.367","76.367","18.0","ZHONGSHAN, AY",,,,,,,"    1","H,,S"
"AYM00089573","2001-01-29","-69.367","76.367","18.0","ZHONGSHAN, AY",,,,,,,"  -19","H,,S"
"AYM00089573","2001-02-02","-69.367","76.367","18.0","ZHONGSHAN, AY",,,,,,,"   -2","H,,S"
"AYM00089573","2001-02-03","-69.367","76.367","18.0","ZHONGSHAN, AY",,,,,,,"  -17","H,,S"
"AYM00089573","2001-02-08","-69.367","76.367","18.0","ZHONGSHAN, AY",,,,,,,"  -21","H,,S"
"AYM00089573","2001-02-11","-69.367","76.367","18.0","ZHONGSHAN, AY",,,,,,,"   12","H,,S"
"AYM00089573","2001-02-12","-69.367","76.367","18.0","ZHONGSHAN, AY",,,,,,,"   -6","H,,S"
"AYM00089573","2001-02-13","-69.367","76.367","18.0","ZHONGSHAN, AY",,,,,,,"  -13","H,,S"
"AYM00089573","2001-02-14","-69.367","76.367","18.0","ZHONGSHAN, AY",,,,,,,"  -23","H,,S"
"AYM00089573","2001-02-15","-69.367","76.367","18.0","ZHONGSHAN, AY",,,,,,,"  -30","H,,S"
"AYM00089573","2001-02-16","-69.367","76.367","18.0","ZHONGSHAN, AY",,,,,,,"  -40","H,,S"
"AYM00089573","2001-02-19","-69.367","76.367","18.0","ZHONGSHAN, AY",,,,,,,"  -39","H,,S"
"AYM00089573","2001-02-21","-69.367","76.367","18.0","ZHONGSHAN, AY",,,,,,,"  -22","H,,S"
"AYM00089573","2001-02-23","-69.367","76.367","18.0","ZHONGSHAN, AY",,,,,,,"  -56","H,,S"
"AYM00089573","2001-02-26","-69.367","76.367","18.0","ZHONGSHAN, AY",,,,,,,"  -58","H,,S"
"AYM00089573","2001-03-01","-69.367","76.367","18.0","ZHONGSHAN, AY",,,,,,,"  -54","H,,S"
"AYM00089573","2001-03-02","-69.367","76.367","18.0","ZHONGSHAN, AY",,,,,,,"  -46","H,,S"
"AYM00089573","2001-03-03","-69.367","76.367","18.0","ZHONGSHAN, AY",,,,,,,"  -68","H,,S"
"AYM00089573","2001-03-04","-69.367","76.367","18.0","ZHONGSHAN, AY",,,,,,,"  -64","H,,S"
"AYM00089573","2001-03-05","-69.367","76.367","18.0","ZHONGSHAN, AY",,,,,,,"  -72","H,,S"
"AYM00089573","2001-03-08","-69.367","76.367","18.0","ZHONGSHAN, AY",,,,,,,"  -96","H,,S"
"AYM00089573","2001-03-09","-69.367","76.367","18.0","ZHONGSHAN, AY",,,,,,," -106","H,,S"
"AYM00089573","2001-03-10","-69.367","76.367","18.0","ZHONGSHAN, AY",,,,,,,"  -76","H,,S"
"AYM00089573","2001-03-11","-69.367","76.367","18.0","ZHONGSHAN, AY",,,,,,,"  -52","H,,S"
"AYM00089573","2001-03-12","-69.367","76.367","18.0","ZHONGSHAN, AY",,,,,,,"  -77","H,,S"
"AYM00089573","2001-03-13","-69.367","76.367","18.0","ZHONGSHAN, AY",,,,,,,"  -86","H,,S"
"AYM00089573","2001-03-14","-69.367","76.367","18.0","ZHONGSHAN, AY",,,,,,," -100","H,,S"
"AYM00089573","2001-03-15","-69.367","76.367","18.0","ZHONGSHAN, AY",,,,,,,"  -66","H,,S"
"AYM00089573","2001-03-17","-69.367","76.367","18.0","ZHONGSHAN, AY",,,,,,,"  -50","H,,S"
"AYM00089573","2001-03-18","-69.367","76.367","18.0","ZHONGSHAN, AY",,,,,,,"  -69","H,,S"
"AYM00089573","2001-03-19","-69.367","76.367","18.0","ZHONGSHAN, AY",,,,,,,"  -60","H,,S"
"AYM00089573","2001-03-20","-69.367","76.367","18.0","ZHONGSHAN, AY",,,,,,,"  -75","H,,S"
"AYM00089573","2001-03-21","-69.367","76.367","18.0","ZHONGSHAN, AY",,,,,,," -111","H,,S"
"AYM00089573","2001-03-22","-69.367","76.367","18.0","ZHONGSHAN, AY",,,,,,," -121","H,,S"
"AYM00089573","2001-03-23","-69.367","76.367","18.0","ZHONGSHAN, AY",,,,,,," -133","H,,S"
"AYM00089573","2001-03-24","-69.367","76.367","18.0","ZHONGSHAN, AY",,,,,,," -126","H,,S"
"AYM00089573","2001-03-25","-69.367","76.367","18.0","ZHONGSHAN, AY",,,,,,," -108","H,,S"
"AYM00089573","2001-03-27","-69.367","76.367","18.0","ZHONGSHAN, AY",,,,,,,"   -9","H,,S"
"AYM00089573","2001-03-28","-69.367","76.367","18.0","ZHONGSHAN, AY",,,,,,,"  -49","H,,S"
"AYM00089573","2001-03-29","-69.367","76.367","18.0","ZHONGSHAN, AY",,,,,,,"  -70","H,,S"
"AYM00089573","2001-03-30","-69.367","76.367","18.0","ZHONGSHAN, AY",,,,,,," -110","H,,S"
"AYM00089573","2001-03-31","-69.367","76.367","18.0","ZHONGSHAN, AY",,,,,,,"  -89","H,,S"
"AYM00089573","2001-04-01","-69.367","76.367","18.0","ZHONGSHAN, AY",,,,,,,"  -46","H,,S"
"AYM00089573","2001-04-02","-69.367","76.367","18.0","ZHONGSHAN, AY",,,,,,,"  -47","H,,S"
"AYM00089573","2001-04-03","-69.367","76.367","18.0","ZHONGSHAN, AY",,,,,,,"  -30","H,,S"
"AYM00089573","2001-04-04","-69.367","76.367","18.0","ZHONGSHAN, AY",,,,,,,"  -54","H,,S"
"AYM00089573","2001-04-08","-69.367","76.367","18.0","ZHONGSHAN, AY",,,,,,," -167","H,,S"
"AYM00089573","2001-04-09","-69.367","76.367","18.0","ZHONGSHAN, AY",,,,,,," -150","H,,S"
"AYM00089573","2001-04-10","-69.367","76.367","18.0","ZHONGSHAN, AY",,,,,,," -116","H,,S"
"AYM00089573","2001-04-11","-69.367","76.367","18.0","ZHONGSHAN, AY",,,,,,," -124","H,,S"
"AYM00089573","2001-04-12","-69.367","76.367","18.0","ZHONGSHAN, AY",,,,,,," -154","H,,S"
"AYM00089573","2001-04-13","-69.367","76.367","18.0","ZHONGSHAN, AY",,,,,,," -182","H,,S"
"AYM00089573","2001-04-14","-69.367","76.367","18.0","ZHONGSHAN, AY",,,,,,," -208","H,,S"
"AYM00089573","2001-04-19","-69.367","76.367","18.0","ZHONGSHAN, AY",,,,,,,"  -47","H,,S"
"AYM00089573","2001-04-21","-69.367","76.367","18.0","ZHONGSHAN, AY",,,,,,," -109","H,,S"
"AYM00089573","2001-04-22","-69.367","76.367","18.0","ZHONGSHAN, AY",,,,,,," -157","H,,S"
"AYM00089573","2001-04-23","-69.367","76.367","18.0","ZHONGSHAN, AY",,,,,,," -189","H,,S"
"AYM00089573","2001-04-25","-69.367","76.367","18.0","ZHONGSHAN, AY",,,,,,," -181","H,,S"
"AYM00089573","2001-04-26","-69.367","76.367","18.0","ZHONGSHAN, AY",,,,,,," -209","H,,S"
"AYM00089573","2001-04-28","-69.367","76.367","18.0","ZHONGSHAN, AY",,,,,,," -174","H,,S"
"AYM00089573","2001-05-01","-69.367","76.367","18.0","ZHONGSHAN, AY",,,,,,," -126","H,,S"
"AYM00089573","2001-05-02","-69.367","76.367","18.0","ZHONGSHAN, AY",,,,,,," -142","H,,S"
"AYM00089573","2001-05-05","-69.367","76.367","18.0","ZHONGSHAN, AY",,,,,,," -191","H,,S"
"AYM00089573","2001-05-06","-69.367","76.367","18.0","ZHONGSHAN, AY",,,,,,," -181","H,,S"
"AYM00089573","2001-05-07","-69.367","76.367","18.0","ZHONGSHAN, AY",,,,,,," -187","H,,S"
"AYM00089573","2001-05-08","-69.367","76.367","18.0","ZHONGSHAN, AY",,,,,,," -181","H,,S"
"AYM00089573","2001-05-09","-69.367","76.367","18.0","ZHONGSHAN, AY",,,,,,," -205","H,,S"
"AYM00089573","2001-05-12","-69.367","76.367","18.0","ZHONGSHAN, AY",,,,,,,"  -50","H,,S"
"AYM00089573","2001-05-13","-69.367","76.367","18.0","ZHONGSHAN, AY",,,,,,,"  -62","H,,S"
"AYM00089573","2001-05-15","-69.367","76.367","18.0","ZHONGSHAN, AY",,,,,,,"  -50","H,,S"
"AYM00089573","2001-05-16","-69.367","76.367","18.0","ZHONGSHAN, AY",,,,,,,"  -52","H,,S"
"AYM00089573","2001-05-17","-69.367","76.367","18.0","ZHONGSHAN, AY",,,,,,,"  -68","H,,S"
"AYM00089573","2001-05-18","-69.367","76.367","18.0","ZHONGSHAN, AY",,,,,,," -112","H,,S"
"AYM00089573","2001-05-19","-69.367","76.367","18.0","ZHONGSHAN, AY",,,,,,," -124","H,,S"
"AYM00089573","2001-05-20","-69.367","76.367","18.0","ZHONGSHAN, AY",,,,,,," -102","H,,S"
"AYM00089573","2001-05-21","-69.367","76.367","18.0","ZHONGSHAN, AY",,,,,,,"  -76","H,,S"
"AYM00089573","2001-05-22","-69.367","76.367","18.0","ZHONGSHAN, AY",,,,,,,"  -47","H,,S"
"AYM00089573","2001-05-23","-69.367","76.367","18.0","ZHONGSHAN, AY",,,,,,,"  -78","H,,S"
"AYM00089573","2001-05-24","-69.367","76.367","18.0","ZHONGSHAN, AY",,,,,,,"  -81","H,,S"
"AYM00089573","2001-05-27","-69.367","76.367","18.0","ZHONGSHAN, AY",,,,,,," -192","H,,S"
"AYM00089573","2001-05-28","-69.367","76.367","18.0","ZHONGSHAN, AY",,,,,,," -143","H,,S"
"AYM00089573","2001-05-29","-69.367","76.367","18.0","ZHONGSHAN, AY",,,,,,,"  -86","H,,S"
"AYM00089573","2001-05-30","-69.367","76.367","18.0","ZHONGSHAN, AY",,,,,,," -102","H,,S"
"AYM00089573","2001-05-31","-69.367","76.367","18.0","ZHONGSHAN, AY",,,,,,," -151","H,,S"
"AYM00089573","2001-06-03","-69.367","76.367","18.0","ZHONGSHAN, AY",,,,,,," -124","H,,S"
"AYM00089573","2001-06-04","-69.367","76.367","18.0","ZHONGSHAN, AY",,,,,,,"  -65","H,,S"
"AYM00089573","2001-06-05","-69.367","76.367","18.0","ZHONGSHAN, AY",,,,,,,"  -75","H,,S"
"AYM00089573","2001-06-06","-69.367","76.367","18.0","ZHONGSHAN, AY",,,,,,,"  -96","H,,S"
"AYM00089573","2001-06-07","-69.367","76.367","18.0","ZHONGSHAN, AY",,,,,,,"  -74","H,,S"
"AYM00089573","2001-06-08","-69.367","76.367","18.0","ZHONGSHAN, AY",,,,,,,"  -89","H,,S"
"AYM00089573","2001-06-09","-69.367","76.367","18.0","ZHONGSHAN, AY",,,,,,," -144","H,,S"
"AYM00089573","2001-06-10","-69.367","76.367","18.0","ZHONGSHAN, AY",,,,,,," -168","H,,S"
"AYM00089573","2001-06-11","-69.367","76.367","18.0","ZHONGSHAN, AY",,,,,,," -181","H,,S"
"AYM00089573","2001-06-12","-69.367","76.367","18.0","ZHONGSHAN, AY",,,,,,," -201","H,,S"
"AYM00089573","2001-06-13","-69.367","76.367","18.0","ZHONGSHAN, AY",,,,,,," -228","H,,S"
"AYM00089573","2001-06-14","-69.367","76.367","18.0","ZHONGSHAN, AY",,,,,,," -206","H,,S"
"AYM00089573","2001-06-15","-69.367","76.367","18.0","ZHONGSHAN, AY",,,,,,," -227","H,,S"
"AYM00089573","2001-06-16","-69.367","76.367","18.0","ZHONGSHAN, AY",,,,,,," -263","H,,S"
"AYM00089573","2001-06-19","-69.367","76.367","18.0","ZHONGSHAN, AY",,,,,,,"  -74","H,,S"
"AYM00089573","2001-06-20","-69.367","76.367","18.0","ZHONGSHAN, AY",,,,,,," -108","H,,S"
"AYM00089573","2001-06-24","-69.367","76.367","18.0","ZHONGSHAN, AY",,,,,,," -170","H,,S"
"AYM00089573","2001-06-25","-69.367","76.367","18.0","ZHONGSHAN, AY",,,,,,," -213","H,,S"
"AYM00089573","2001-06-26","-69.367","76.367","18.0","ZHONGSHAN, AY",,,,,,," -176","H,,S"
"AYM00089573","2001-06-29","-69.367","76.367","18.0","ZHONGSHAN, AY",,,,,,," -187","H,,S"
"AYM00089573","2001-06-30","-69.367","76.367","18.0","ZHONGSHAN, AY",,,,,,," -175","H,,S"
"AYM00089573","2001-07-01","-69.367","76.367","18.0","ZHONGSHAN, AY",,,,,,," -172","H,,S"
"AYM00089573","2001-07-04","-69.367","76.367","18.0","ZHONGSHAN, AY",,,,,,," -154","H,,S"
"AYM00089573","2001-07-05","-69.367","76.367","18.0","ZHONGSHAN, AY",,,,,,," -197","H,,S"
"AYM00089573","2001-07-06","-69.367","76.367","18.0","ZHONGSHAN, AY",,,,,,," -209","H,,S"
"AYM00089573","2001-07-07","-69.367","76.367","18.0","ZHONGSHAN, AY",,,,,,," -222","H,,S"
"AYM00089573","2001-07-08","-69.367","76.367","18.0","ZHONGSHAN, AY",,,,,,," -194","H,,S"
"AYM00089573","2001-07-11","-69.367","76.367","18.0","ZHONGSHAN, AY",,,,,,," -118","H,,S"
"AYM00089573","2001-07-12","-69.367","76.367","18.0","ZHONGSHAN, AY",,,,,,,"  -61","H,,S"
"AYM00089573","2001-07-13","-69.367","76.367","18.0","ZHONGSHAN, AY",,,,,,,"  -64","H,,S"
"AYM00089573","2001-07-14","-69.367","76.367","18.0","ZHONGSHAN, AY",,,,,,,"  -94","H,,S"
"AYM00089573","2001-07-15","-69.367","76.367","18.0","ZHONGSHAN, AY",,,,,,," -109","H,,S"
"AYM00089573","2001-07-16","-69.367","76.367","18.0","ZHONGSHAN, AY",,,,,,,"  -59","H,,S"
"AYM00089573","2001-07-19","-69.367","76.367","18.0","ZHONGSHAN, AY",,,,,,,"  -79","H,,S"
"AYM00089573","2001-07-20","-69.367","76.367","18.0","ZHONGSHAN, AY",,,,,,,"  -54","H,,S"
"AYM00089573","2001-07-21","-69.367","76.367","18.0","ZHONGSHAN, AY",,,,,,," -117","H,,S"
"AYM00089573","2001-07-22","-69.367","76.367","18.0","ZHONGSHAN, AY",,,,,,," -176","H,,S"
"AYM00089573","2001-07-23","-69.367","76.367","18.0","ZHONGSHAN, AY",,,,,,," -197","H,,S"
"AYM00089573","2001-07-30","-69.367","76.367","18.0","ZHONGSHAN, AY",,,,,,," -173","H,,S"
"AYM00089573","2001-08-02","-69.367","76.367","18.0","ZHONGSHAN, AY",,,,,,," -217","H,,S"
"AYM00089573","2001-08-03","-69.367","76.367","18.0","ZHONGSHAN, AY",,,,,,," -162","H,,S"
"AYM00089573","2001-08-04","-69.367","76.367","18.0","ZHONGSHAN, AY",,,,,,," -165","H,,S"
"AYM00089573","2001-08-05","-69.367","76.367","18.0","ZHONGSHAN, AY",,,,,,," -214","H,,S"
"AYM00089573","2001-08-06","-69.367","76.367","18.0","ZHONGSHAN, AY",,,,,,," -172","H,,S"
"AYM00089573","2001-08-07","-69.367","76.367","18.0","ZHONGSHAN, AY",,,,,,," -104","H,,S"
"AYM00089573","2001-08-08","-69.367","76.367","18.0","ZHONGSHAN, AY",,,,,,," -101","H,,S"
"AYM00089573","2001-08-09","-69.367","76.367","18.0","ZHONGSHAN, AY",,,,,,," -152","H,,S"
"AYM00089573","2001-08-12","-69.367","76.367","18.0","ZHONGSHAN, AY",,,,,,," -221","H,,S"
"AYM00089573","2001-08-13","-69.367","76.367","18.0","ZHONGSHAN, AY",,,,,,," -213","H,,S"
"AYM00089573","2001-08-14","-69.367","76.367","18.0","ZHONGSHAN, AY",,,,,,," -243","H,,S"
"AYM00089573","2001-08-15","-69.367","76.367","18.0","ZHONGSHAN, AY",,,,,,," -275","H,,S"
"AYM00089573","2001-08-17","-69.367","76.367","18.0","ZHONGSHAN, AY",,,,,,," -224","H,,S"
"AYM00089573","2001-08-18","-69.367","76.367","18.0","ZHONGSHAN, AY",,,,,,," -190","H,,S"
"AYM00089573","2001-08-19","-69.367","76.367","18.0","ZHONGSHAN, AY",,,,,,," -156","H,,S"
"AYM00089573","2001-08-20","-69.367","76.367","18.0","ZHONGSHAN, AY",,,,,,," -161","H,,S"
"AYM00089573","2001-08-21","-69.367","76.367","18.0","ZHONGSHAN, AY",,,,,,," -173","H,,S"
"AYM00089573","2001-08-22","-69.367","76.367","18.0","ZHONGSHAN, AY",,,,,,," -151","H,,S"
"AYM00089573","2001-08-23","-69.367","76.367","18.0","ZHONGSHAN, AY",,,,,,," -136","H,,S"
"AYM00089573","2001-08-25","-69.367","76.367","18.0","ZHONGSHAN, AY",,,,,,," -178","H,,S"
"AYM00089573","2001-08-26","-69.367","76.367","18.0","ZHONGSHAN, AY",,,,,,," -224","H,,S"
"AYM00089573","2001-08-27","-69.367","76.367","18.0","ZHONGSHAN, AY",,,,,,," -226","H,,S"
"AYM00089573","2001-08-28","-69.367","76.367","18.0","ZHONGSHAN, AY",,,,,,," -180","H,,S"
"AYM00089573","2001-08-29","-69.367","76.367","18.0","ZHONGSHAN, AY",,,,,,," -180","H,,S"
"AYM00089573","2001-08-30","-69.367","76.367","18.0","ZHONGSHAN, AY",,,,,,," -179","H,,S"
"AYM00089573","2001-08-31","-69.367","76.367","18.0","ZHONGSHAN, AY",,,,,,," -149","H,,S"
"AYM00089573","2001-09-03","-69.367","76.367","18.0","ZHONGSHAN, AY",,,,,,," -192","H,,S"
"AYM00089573","2001-09-05","-69.367","76.367","18.0","ZHONGSHAN, AY",,,,,,," -118","H,,S"
"AYM00089573","2001-09-06","-69.367","76.367","18.0","ZHONGSHAN, AY",,,,,,," -113","H,,S"
"AYM00089573","2001-09-07","-69.367","76.367","18.0","ZHONGSHAN, AY",,,,,,,"  -74","H,,S"
"AYM00089573","2001-09-10","-69.367","76.367","18.0","ZHONGSHAN, AY",,,,,,," -142","H,,S"
"AYM00089573","2001-09-13","-69.367","76.367","18.0","ZHONGSHAN, AY",,,,,,," -104","H,,S"
"AYM00089573","2001-09-19","-69.367","76.367","18.0","ZHONGSHAN, AY",,,,,,," -232","H,,S"
"AYM00089573","2001-09-20","-69.367","76.367","18.0","ZHONGSHAN, AY",,,,,,," -208","H,,S"
"AYM00089573","2001-09-21","-69.367","76.367","18.0","ZHONGSHAN, AY",,,,,,," -204","H,,S"
"AYM00089573","2001-09-22","-69.367","76.367","18.0","ZHONGSHAN, AY",,,,,,," -214","H,,S"
"AYM00089573","2001-09-23","-69.367","76.367","18.0","ZHONGSHAN, AY",,,,,,," -223","H,,S"
"AYM00089573","2001-09-24","-69.367","76.367","18.0","ZHONGSHAN, AY",,,,,,," -229","H,,S"
"AYM00089573","2001-09-25","-69.367","76.367","18.0","ZHONGSHAN, AY",,,,,,," -220","H,,S"
"AYM00089573","2001-09-26","-69.367","76.367","18.0","ZHONGSHAN, AY",,,,,,," -222","H,,S"
"AYM00089573","2001-09-29","-69.367","76.367","18.0","ZHONGSHAN, AY",,,,,,," -134","H,,S"
"AYM00089573","2001-10-02","-69.367","76.367","18.0","ZHONGSHAN, AY",,,,,,," -149","H,,S"
"AYM00089573","2001-10-03","-69.367","76.367","18.0","ZHONGSHAN, AY",,,,,,,"  -84","H,,S"
"AYM00089573","2001-10-11","-69.367","76.367","18.0","ZHONGSHAN, AY",,,,,,," -136","H,,S"
"AYM00089573","2001-10-12","-69.367","76.367","18.0","ZHONGSHAN, AY",,,,,,," -154","H,,S"
"AYM00089573","2001-10-13","-69.367","76.367","18.0","ZHONGSHAN, AY",,,,,,," -184","H,,S"
"AYM00089573","2001-10-16","-69.367","76.367","18.0","ZHONGSHAN, AY",,,,,,," -128","H,,S"
"AYM00089573","2001-10-17","-69.367","76.367","18.0","ZHONGSHAN, AY",,,,,,,"  -64","H,,S"
"AYM00089573","2001-10-18","-69.367","76.367","18.0","ZHONGSHAN, AY",,,,,,,"  -39","H,,S"
"AYM00089573","2001-10-19","-69.367","76.367","18.0","ZHONGSHAN, AY",,,,,,,"  -86","H,,S"
"AYM00089573","2001-10-21","-69.367","76.367","18.0","ZHONGSHAN, AY",,,,,,,"  -38","H,,S"
"AYM00089573","2001-10-23","-69.367","76.367","18.0","ZHONGSHAN, AY",,,,,,,"  -37","H,,S"
"AYM00089573","2001-10-25","-69.367","76.367","18.0","ZHONGSHAN, AY",,,,,,," -107","H,,S"
"AYM00089573","2001-10-26","-69.367","76.367","18.0","ZHONGSHAN, AY",,,,,,," -103","H,,S"
"AYM00089573","2001-10-27","-69.367","76.367","18.0","ZHONGSHAN, AY",,,,,,,"  -70","H,,S"
"AYM00089573","2001-10-28","-69.367","76.367","18.0","ZHONGSHAN, AY",,,,,,,"  -66","H,,S"
"AYM00089573","2001-11-04","-69.367","76.367","18.0","ZHONGSHAN, AY",,,,,,,"  -91","H,,S"
"AYM00089573","2001-11-06","-69.367","76.367","18.0","ZHONGSHAN, AY",,,,,,,"  -53","H,,S"
"AYM00089573","2001-11-07","-69.367","76.367","18.0","ZHONGSHAN, AY",,,,,,,"  -54","H,,S"
"AYM00089573","2001-11-10","-69.367","76.367","18.0","ZHONGSHAN, AY",,,,,,,"  -46","H,,S"
"AYM00089573","2001-11-12","-69.367","76.367","18.0","ZHONGSHAN, AY",,,,,,,"  -62","H,,S"
"AYM00089573","2001-11-13","-69.367","76.367","18.0","ZHONGSHAN, AY",,,,,,,"  -63","H,,S"
"AYM00089573","2001-11-14","-69.367","76.367","18.0","ZHONGSHAN, AY",,,,,,,"  -68","H,,S"
"AYM00089573","2001-11-17","-69.367","76.367","18.0","ZHONGSHAN, AY",,,,,,,"   -9","H,,S"
"AYM00089573","2001-11-19","-69.367","76.367","18.0","ZHONGSHAN, AY",,,,,,,"  -33","H,,S"
"AYM00089573","2001-11-20","-69.367","76.367","18.0","ZHONGSHAN, AY",,,,,,,"  -16","H,,S"
"AYM00089573","2001-11-21","-69.367","76.367","18.0","ZHONGSHAN, AY",,,,,,,"  -25","H,,S"
"AYM00089573","2001-11-22","-69.367","76.367","18.0","ZHONGSHAN, AY",,,,,,,"  -38","H,,S"
"AYM00089573","2001-11-23","-69.367","76.367","18.0","ZHONGSHAN, AY",,,,,,,"  -29","H,,S"
"AYM00089573","2001-11-25","-69.367","76.367","18.0","ZHONGSHAN, AY",,,,,,,"  -31","H,,S"
"AYM00089573","2001-11-26","-69.367","76.367","18.0","ZHONGSHAN, AY",,,,,,,"  -50","H,,S"
"AYM00089573","2001-11-30","-69.367","76.367","18.0","ZHONGSHAN, AY",,,,,,,"  -15","H,,S"
"AYM00089573","2001-12-11","-69.367","76.367","18.0","ZHONGSHAN, AY",,,,,,,"  -30","H,,S"
"AYM00089573","2001-12-12","-69.367","76.367","18.0","ZHONGSHAN, AY",,,,,,,"  -39","H,,S"
"AYM00089573","2001-12-20","-69.367","76.367","18.0","ZHONGSHAN, AY",,,,,,,"  -17","H,,S"
"AYM00089573","2001-12-25","-69.367","76.367","18.0","ZHONGSHAN, AY",,,,,,,"  -18","H,,S"
"AYM00089573","2001-12-26","-69.367","76.367","18.0","ZHONGSHAN, AY",,,,,,,"  -18","H,,S"
"AYM00089573","2001-12-30","-69.367","76.367","18.0","ZHONGSHAN, AY",,,,,,,"   18","H,,S"
"AYM00089573","2001-12-31","-69.367","76.367","18.0","ZHONGSHAN, AY",,,,,,,"   33","H,,S"
"AYM00089573","2002-01-05","-69.367","76.367","18.0","ZHONGSHAN, AY",,,,,,,"   10","H,,S"
"AYM00089573","2002-01-08","-69.367","76.367","18.0","ZHONGSHAN, AY",,,,,,,"   -9","H,,S"
"AYM00089573","2002-01-10","-69.367","76.367","18.0","ZHONGSHAN, AY",,,,,,,"   17","H,,S"
"AYM00089573","2002-01-14","-69.367","76.367","18.0","ZHONGSHAN, AY",,,,,,,"   42","H,,S"
"AYM00089573","2002-01-20","-69.367","76.367","18.0","ZHONGSHAN, AY",,,,,,,"  -20","H,,S"
"AYM00089573","2002-01-27","-69.367","76.367","18.0","ZHONGSHAN, AY",,,,,,,"    1","H,,S"
"AYM00089573","2002-01-28","-69.367","76.367","18.0","ZHONGSHAN, AY",,,,,,,"   -8","H,,S"
"AYM00089573","2002-01-29","-69.367","76.367","18.0","ZHONGSHAN, AY",,,,,,,"  -10","H,,S"
"AYM00089573","2002-01-30","-69.367","76.367","18.0","ZHONGSHAN, AY",,,,,,,"  -19","H,,S"
"AYM00089573","2002-01-31","-69.367","76.367","18.0","ZHONGSHAN, AY",,,,,,,"  -22","H,,S"
"AYM00089573","2002-02-06","-69.367","76.367","18.0","ZHONGSHAN, AY",,,,,,,"  -51","H,,S"
"AYM00089573","2002-02-07","-69.367","76.367","18.0","ZHONGSHAN, AY",,,,,,,"  -57","H,,S"
"AYM00089573","2002-02-08","-69.367","76.367","18.0","ZHONGSHAN, AY",,,,,,,"  -28","H,,S"
"AYM00089573","2002-02-10","-69.367","76.367","18.0","ZHONGSHAN, AY",,,,,,,"  -25","H,,S"
"AYM00089573","2002-02-13","-69.367","76.367","18.0","ZHONGSHAN, AY",,,,,,,"  -41","H,,S"
"AYM00089573","2002-02-14","-69.367","76.367","18.0","ZHONGSHAN, AY",,,,,,,"  -46","H,,S"
"AYM00089573","2002-02-15","-69.367","76.367","18.0","ZHONGSHAN, AY",,,,,,,"  -53","H,,S"
"AYM00089573","2002-02-16","-69.367","76.367","18.0","ZHONGSHAN, AY",,,,,,,"  -37","H,,S"
"AYM00089573","2002-02-17","-69.367","76.367","18.0","ZHONGSHAN, AY",,,,,,,"  -58","H,,S"
"AYM00089573","2002-02-19","-69.367","76.367","18.0","ZHONGSHAN, AY",,,,,,,"  -37","H,,S"
"AYM00089573","2002-02-22","-69.367","76.367","18.0","ZHONGSHAN, AY",,,,,,,"   -9","H,,S"
"AYM00089573","2002-02-23","-69.367","76.367","18.0","ZHONGSHAN, AY",,,,,,,"  -27","H,,S"
"AYM00089573","2002-03-02","-69.367","76.367","18.0","ZHONGSHAN, AY",,,,,,,"  -69","H,,S"
"AYM00089573","2002-03-06","-69.367","76.367","18.0","ZHONGSHAN, AY",,,,,,,"  -63","H,,S"
"AYM00089573","2002-03-07","-69.367","76.367","18.0","ZHONGSHAN, AY",,,,,,,"  -89","H,,S"
"AYM00089573","2002-03-10","-69.367","76.367","18.0","ZHONGSHAN, AY",,,,,,,"  -81","H,,S"
"AYM00089573","2002-03-11","-69.367","76.367","18.0","ZHONGSHAN, AY",,,,,,,"  -76","H,,S"
"AYM00089573","2002-03-21","-69.367","76.367","18.0","ZHONGSHAN, AY",,,,,,,"  -39","H,,S"
"AYM00089573","2002-03-24","-69.367","76.367","18.0","ZHONGSHAN, AY",,,,,,,"  -62","H,,S"
"AYM00089573","2002-03-25","-69.367","76.367","18.0","ZHONGSHAN, AY",,,,,,," -101","H,,S"
"AYM00089573","2002-05-03","-69.367","76.367","18.0","ZHONGSHAN, AY",,,,,,," -169","H,,S"
"AYM00089573","2009-08-17","-69.367","76.367","18.0","ZHONGSHAN, AY",,,,,,," -157","H,,S"
"AYM00089573","2009-08-18","-69.367","76.367","18.0","ZHONGSHAN, AY",,,,,,," -203","H,,S"
"AYM00089573","2009-08-19","-69.367","76.367","18.0","ZHONGSHAN, AY",,,,,,," -193","H,,S"
"AYM00089573","2009-08-22","-69.367","76.367","18.0","ZHONGSHAN, AY",,,,,,," -273","H,,S"
"AYM00089573","2009-08-23","-69.367","76.367","18.0","ZHONGSHAN, AY",,,,,,," -171","H,,S"
"AYM00089573","2009-08-24","-69.367","76.367","18.0","ZHONGSHAN, AY",,,,,,," -214","H,,S"
"AYM00089573","2009-08-26","-69.367","76.367","18.0","ZHONGSHAN, AY",,,,,,," -224","H,,S"
"AYM00089573","2009-08-27","-69.367","76.367","18.0","ZHONGSHAN, AY",,,,,,," -118","H,,S"
"AYM00089573","2009-08-31","-69.367","76.367","18.0","ZHONGSHAN, AY",,,,,,," -183","H,,S"
"AYM00089573","2009-09-02","-69.367","76.367","18.0","ZHONGSHAN, AY",,,,,,," -118","H,,S"
"AYM00089573","2009-09-06","-69.367","76.367","18.0","ZHONGSHAN, AY",,,,,,," -143","H,,S"
"AYM00089573","2009-09-07","-69.367","76.367","18.0","ZHONGSHAN, AY",,,,,,," -164","H,,S"
"AYM00089573","2009-09-09","-69.367","76.367","18.0","ZHONGSHAN, AY",,,,,,," -157","H,,S"
"AYM00089573","2009-09-10","-69.367","76.367","18.0","ZHONGSHAN, AY",,,,,,," -148","H,,S"
"AYM00089573","2009-09-11","-69.367","76.367","18.0","ZHONGSHAN, AY",,,,,,," -117","H,,S"
"AYM00089573","2009-09-16","-69.367","76.367","18.0","ZHONGSHAN, AY",,,,,,,"  -87","H,,S"
"AYM00089573","2009-09-29","-69.367","76.367","18.0","ZHONGSHAN, AY",,,,,,," -132","H,,S"
"AYM00089573","2009-10-16","-69.367","76.367","18.0","ZHONGSHAN, AY",,,,,,,"  -99","H,,S"
"AYM00089573","2009-10-17","-69.367","76.367","18.0","ZHONGSHAN, AY",,,,,,,"  -83","H,,S"
"AYM00089573","2009-10-18","-69.367","76.367","18.0","ZHONGSHAN, AY",,,,,,," -103","H,,S"
"AYM00089573","2009-10-21","-69.367","76.367","18.0","ZHONGSHAN, AY",,,,,,,"  -99","H,,S"
"AYM00089573","2009-10-22","-69.367","76.367","18.0","ZHONGSHAN, AY",,,,,,," -108","H,,S"
"AYM00089573","2009-10-26","-69.367","76.367","18.0","ZHONGSHAN, AY",,,,,,," -148","H,,S"
"AYM00089573","2009-10-27","-69.367","76.367","18.0","ZHONGSHAN, AY",,,,,,,"  -81","H,,S"
"AYM00089573","2009-10-30","-69.367","76.367","18.0","ZHONGSHAN, AY",,,,,,," -104","H,,S"
"AYM00089573","2009-10-31","-69.367","76.367","18.0","ZHONGSHAN, AY",,,,,,,"  -94","H,,S"
"AYM00089573","2009-11-01","-69.367","76.367","18.0","ZHONGSHAN, AY",,,,,,,"  -85","H,,S"
"AYM00089573","2009-11-03","-69.367","76.367","18.0","ZHONGSHAN, AY",,,,,,," -111","H,,S"
"AYM00089573","2009-11-04","-69.367","76.367","18.0","ZHONGSHAN, AY",,,,,,," -122","H,,S"
"AYM00089573","2009-11-05","-69.367","76.367","18.0","ZHONGSHAN, AY",,,,,,," -139","H,,S"
"AYM00089573","2009-11-09","-69.367","76.367","18.0","ZHONGSHAN, AY",,,,,,,"  -28","H,,S"
"AYM00089573","2009-11-10","-69.367","76.367","18.0","ZHONGSHAN, AY",,,,,,,"  -40","H,,S"
"AYM00089573","2009-11-12","-69.367","76.367","18.0","ZHONGSHAN, AY",,,,,,,"  -58","H,,S"
"AYM00089573","2009-11-13","-69.367","76.367","18.0","ZHONGSHAN, AY",,,,,,,"  -91","H,,S"
"AYM00089573","2009-11-14","-69.367","76.367","18.0","ZHONGSHAN, AY",,,,,,,"  -34","H,,S"
"AYM00089573","2009-11-15","-69.367","76.367","18.0","ZHONGSHAN, AY",,,,,,,"  -13","H,,S"
"AYM00089573","2009-11-17","-69.367","76.367","18.0","ZHONGSHAN, AY",,,,,,,"  -23","H,,S"
"AYM00089573","2009-11-19","-69.367","76.367","18.0","ZHONGSHAN, AY",,,,,,,"   -3","H,,S"
"AYM00089573","2009-11-20","-69.367","76.367","18.0","ZHONGSHAN, AY",,,,,,,"  -30","H,,S"
"AYM00089573","2009-11-21","-69.367","76.367","18.0","ZHONGSHAN, AY",,,,,,,"  -32","H,,S"
"AYM00089573","2009-11-22","-69.367","76.367","18.0","ZHONGSHAN, AY",,,,,,,"  -61","H,,S"
"AYM00089573","2009-11-23","-69.367","76.367","18.0","ZHONGSHAN, AY",,,,,,,"  -43","H,,S"
"AYM00089573","2009-11-25","-69.367","76.367","18.0","ZHONGSHAN, AY",,,,,,,"  -22","H,,S"
"AYM00089573","2009-11-26","-69.367","76.367","18.0","ZHONGSHAN, AY",,,,,,,"  -16","H,,S"
"AYM00089573","2009-11-29","-69.367","76.367","18.0","ZHONGSHAN, AY",,,,,,,"   -6","H,,S"
"AYM00089573","2009-12-01","-69.367","76.367","18.0","ZHONGSHAN, AY",,,,,,,"   -5","H,,S"
"AYM00089573","2009-12-02","-69.367","76.367","18.0","ZHONGSHAN, AY",,,,,,,"   12","H,,S"
"AYM00089573","2009-12-04","-69.367","76.367","18.0","ZHONGSHAN, AY",,,,,,,"  -22","H,,S"
"AYM00089573","2009-12-05","-69.367","76.367","18.0","ZHONGSHAN, AY",,,,,,,"  -13","H,,S"
"AYM00089573","2009-12-07","-69.367","76.367","18.0","ZHONGSHAN, AY",,,,,,,"   11","H,,S"
"AYM00089573","2009-12-09","-69.367","76.367","18.0","ZHONGSHAN, AY",,,,,,,"    6","H,,S"
"AYM00089573","2009-12-10","-69.367","76.367","18.0","ZHONGSHAN, AY",,,,,,,"    6","H,,S"
"AYM00089573","2009-12-11","-69.367","76.367","18.0","ZHONGSHAN, AY",,,,,,,"    6","H,,S"
"AYM00089573","2009-12-12","-69.367","76.367","18.0","ZHONGSHAN, AY",,,,,,,"    4","H,,S"
"AYM00089573","2009-12-13","-69.367","76.367","18.0","ZHONGSHAN, AY",,,,,,,"  -15","H,,S"
"AYM00089573","2009-12-14","-69.367","76.367","18.0","ZHONGSHAN, AY",,,,,,,"  -16","H,,S"
"AYM00089573","2009-12-15","-69.367","76.367","18.0","ZHONGSHAN, AY",,,,,,,"  -15","H,,S"
"AYM00089573","2009-12-16","-69.367","76.367","18.0","ZHONGSHAN, AY",,,,,,,"   -9","H,,S"
"AYM00089573","2009-12-17","-69.367","76.367","18.0","ZHONGSHAN, AY",,,,,,,"   -8","H,,S"
"AYM00089573","2009-12-18","-69.367","76.367","18.0","ZHONGSHAN, AY",,,,,,,"    8","H,,S"
"AYM00089573","2009-12-19","-69.367","76.367","18.0","ZHONGSHAN, AY",,,,,,,"  -21","H,,S"
"AYM00089573","2009-12-20","-69.367","76.367","18.0","ZHONGSHAN, AY",,,,,,,"  -26","H,,S"
"AYM00089573","2009-12-21","-69.367","76.367","18.0","ZHONGSHAN, AY",,,,,,,"  -27","H,,S"
"AYM00089573","2009-12-22","-69.367","76.367","18.0","ZHONGSHAN, AY",,,,,,,"  -13","H,,S"
"AYM00089573","2009-12-23","-69.367","76.367","18.0","ZHONGSHAN, AY",,,,,,,"    7","H,,S"
"AYM00089573","2009-12-24","-69.367","76.367","18.0","ZHONGSHAN, AY",,,,,,,"   -1","H,,S"
"AYM00089573","2009-12-26","-69.367","76.367","18.0","ZHONGSHAN, AY",,,,,,,"   -7","H,,S"
"AYM00089573","2009-12-29","-69.367","76.367","18.0","ZHONGSHAN, AY",,,,,,,"  -28","H,,S"
"AYM00089573","2009-12-30","-69.367","76.367","18.0","ZHONGSHAN, AY",,,,,,,"  -28","H,,S"
"AYM00089573","2009-12-31","-69.367","76.367","18.0","ZHONGSHAN, AY",,,,,,,"  -13","H,,S"
"AYM00089573","2010-01-02","-69.367","76.367","18.0","ZHONGSHAN, AY",,,,,,,"    2","H,,S"
"AYM00089573","2010-01-04","-69.367","76.367","18.0","ZHONGSHAN, AY",,,,,,,"    6","H,,S"
"AYM00089573","2010-01-05","-69.367","76.367","18.0","ZHONGSHAN, AY",,,,,,,"   18","H,,S"
"AYM00089573","2010-01-06","-69.367","76.367","18.0","ZHONGSHAN, AY",,,,,,,"   22","H,,S"
"AYM00089573","2010-01-07","-69.367","76.367","18.0","ZHONGSHAN, AY",,,,,,,"   16","H,,S"
"AYM00089573","2010-01-08","-69.367","76.367","18.0","ZHONGSHAN, AY",,,,,,,"   17","H,,S"
"AYM00089573","2010-01-09","-69.367","76.367","18.0","ZHONGSHAN, AY",,,,,,,"    8","H,,S"
"AYM00089573","2010-01-10","-69.367","76.367","18.0","ZHONGSHAN, AY",,,,,,,"   12","H,,S"
"AYM00089573","2010-01-11","-69.367","76.367","18.0","ZHONGSHAN, AY",,,,,,,"    1","H,,S"
"AYM00089573","2010-01-13","-69.367","76.367","18.0","ZHONGSHAN, AY",,,,,,,"   23","H,,S"
"AYM00089573","2010-01-14","-69.367","76.367","18.0","ZHONGSHAN, AY",,,,,,,"   30","H,,S"
"AYM00089573","2010-01-15","-69.367","76.367","18.0","ZHONGSHAN, AY",,,,,,,"   19","H,,S"
"AYM00089573","2010-01-17","-69.367","76.367","18.0","ZHONGSHAN, AY",,,,,,,"   26","H,,S"
"AYM00089573","2010-01-18","-69.367","76.367","18.0","ZHONGSHAN, AY",,,,,,,"   15","H,,S"
"AYM00089573","2010-01-19","-69.367","76.367","18.0","ZHONGSHAN, AY",,,,,,,"   18","H,,S"
"AYM00089573","2010-01-20","-69.367","76.367","18.0","ZHONGSHAN, AY",,,,,,,"   20","H,,S"
"AYM00089573","2010-01-21","-69.367","76.367","18.0","ZHONGSHAN, AY",,,,,,,"   35","H,,S"
"AYM00089573","2010-01-22","-69.367","76.367","18.0","ZHONGSHAN, AY",,,,,,,"    8","H,,S"
"AYM00089573","2010-01-23","-69.367","76.367","18.0","ZHONGSHAN, AY",,,,,,,"   26","H,,S"
"AYM00089573","2010-01-24","-69.367","76.367","18.0","ZHONGSHAN, AY",,,,,,,"   25","H,,S"
"AYM00089573","2010-01-25","-69.367","76.367","18.0","ZHONGSHAN, AY",,,,,,,"   35","H,,S"
"AYM00089573","2010-01-26","-69.367","76.367","18.0","ZHONGSHAN, AY",,,,,,,"   30","H,,S"
"AYM00089573","2010-01-27","-69.367","76.367","18.0","ZHONGSHAN, AY",,,,,,,"   38","H,,S"
"AYM00089573","2010-01-28","-69.367","76.367","18.0","ZHONGSHAN, AY",,,,,,,"   34","H,,S"
"AYM00089573","2010-01-29","-69.367","76.367","18.0","ZHONGSHAN, AY",,,,,,,"   19","H,,S"
"AYM00089573","2010-01-30","-69.367","76.367","18.0","ZHONGSHAN, AY",,,,,,,"   10","H,,S"
"AYM00089573","2010-01-31","-69.367","76.367","18.0","ZHONGSHAN, AY",,,,,,,"    3","H,,S"
"AYM00089573","2010-02-02","-69.367","76.367","18.0","ZHONGSHAN, AY",,,,,,,"  -14","H,,S"
"AYM00089573","2010-02-03","-69.367","76.367","18.0","ZHONGSHAN, AY",,,,,,,"  -13","H,,S"
"AYM00089573","2010-02-04","-69.367","76.367","18.0","ZHONGSHAN, AY",,,,,,,"    6","H,,S"
"AYM00089573","2010-02-05","-69.367","76.367","18.0","ZHONGSHAN, AY",,,,,,,"   -3","H,,S"
"AYM00089573","2010-02-06","-69.367","76.367","18.0","ZHONGSHAN, AY",,,,,,,"  -29","H,,S"
"AYM00089573","2010-02-07","-69.367","76.367","18.0","ZHONGSHAN, AY",,,,,,,"  -32","H,,S"
"AYM00089573","2010-02-08","-69.367","76.367","18.0","ZHONGSHAN, AY",,,,,,,"   -3","H,,S"
"AYM00089573","2010-02-09","-69.367","76.367","18.0","ZHONGSHAN, AY",,,,,,,"    5","H,,S"
"AYM00089573","2010-02-10","-69.367","76.367","18.0","ZHONGSHAN, AY",,,,,,,"   -1","H,,S"
"AYM00089573","2010-02-11","-69.367","76.367","18.0","ZHONGSHAN, AY",,,,,,,"  -12","H,,S"
"AYM00089573","2010-02-12","-69.367","76.367","18.0","ZHONGSHAN, AY",,,,,,,"   -6","H,,S"
"AYM00089573","2010-02-13","-69.367","76.367","18.0","ZHONGSHAN, AY",,,,,,,"    0","H,,S"
"AYM00089573","2010-02-14","-69.367","76.367","18.0","ZHONGSHAN, AY",,,,,,,"   -6","H,,S"
"AYM00089573","2010-02-17","-69.367","76.367","18.0","ZHONGSHAN, AY",,,,,,,"  -37","H,,S"
"AYM00089573","2010-02-18","-69.367","76.367","18.0","ZHONGSHAN, AY",,,,,,,"  -45","H,,S"
"AYM00089573","2010-02-20","-69.367","76.367","18.0","ZHONGSHAN, AY",,,,,,,"  -41","H,,S"
"AYM00089573","2010-02-22","-69.367","76.367","18.0","ZHONGSHAN, AY",,,,,,,"  -53","H,,S"
"AYM00089573","2010-02-24","-69.367","76.367","18.0","ZHONGSHAN, AY",,,,,,,"  -67","H,,S"
"AYM00089573","2010-02-25","-69.367","76.367","18.0","ZHONGSHAN, AY",,,,,,,"  -74","H,,S"
"AYM00089573","2010-02-26","-69.367","76.367","18.0","ZHONGSHAN, AY",,,,,,,"  -72","H,,S"
"AYM00089573","2010-03-04","-69.367","76.367","18.0","ZHONGSHAN, AY",,,,,,,"  -40","H,,S"
"AYM00089573","2010-03-05","-69.367","76.367","18.0","ZHONGSHAN, AY",,,,,,,"  -80","H,,S"
"AYM00089573","2010-03-06","-69.367","76.367","18.0","ZHONGSHAN, AY",,,,,,," -103","H,,S"
"AYM00089573","2010-03-07","-69.367","76.367","18.0","ZHONGSHAN, AY",,,,,,,"  -88","H,,S"
"AYM00089573","2010-03-08","-69.367","76.367","18.0","ZHONGSHAN, AY",,,,,,,"  -27","H,,S"
"AYM00089573","2010-03-09","-69.367","76.367","18.0","ZHONGSHAN, AY",,,,,,,"  -34","H,,S"
"AYM00089573","2010-03-10","-69.367","76.367","18.0","ZHONGSHAN, AY",,,,,,,"  -70","H,,S"
"AYM00089573","2010-03-11","-69.367","76.367","18.0","ZHONGSHAN, AY",,,,,,," -108","H,,S"
"AYM00089573","2010-03-15","-69.367","76.367","18.0","ZHONGSHAN, AY",,,,,,,"  -58","H,,S"
"AYM00089573","2010-03-17","-69.367","76.367","18.0","ZHONGSHAN, AY",,,,,,,"  -48","H,,S"
"AYM00089573","2010-03-18","-69.367","76.367","18.0","ZHONGSHAN, AY",,,,,,,"  -49","H,,S"
"AYM00089573","2010-03-19","-69.367","76.367","18.0","ZHONGSHAN, AY",,,,,,,"  -78","H,,S"
"AYM00089573","2010-03-21","-69.367","76.367","18.0","ZHONGSHAN, AY",,,,,,,"  -52","H,,S"
"AYM00089573","2010-03-22","-69.367","76.367","18.0","ZHONGSHAN, AY",,,,,,,"  -82","H,,S"
"AYM00089573","2010-03-23","-69.367","76.367","18.0","ZHONGSHAN, AY",,,,,,,"  -83","H,,S"
"AYM00089573","2010-03-24","-69.367","76.367","18.0","ZHONGSHAN, AY",,,,,,,"  -86","H,,S"
"AYM00089573","2010-03-25","-69.367","76.367","18.0","ZHONGSHAN, AY",,,,,,,"  -89","H,,S"
"AYM00089573","2010-03-26","-69.367","76.367","18.0","ZHONGSHAN, AY",,,,,,," -114","H,,S"
"AYM00089573","2010-03-27","-69.367","76.367","18.0","ZHONGSHAN, AY",,,,,,," -117","H,,S"
"AYM00089573","2010-03-28","-69.367","76.367","18.0","ZHONGSHAN, AY",,,,,,," -113","H,,S"
"AYM00089573","2010-03-29","-69.367","76.367","18.0","ZHONGSHAN, AY",,,,,,," -132","H,,S"
"AYM00089573","2010-03-30","-69.367","76.367","18.0","ZHONGSHAN, AY",,,,,,," -146","H,,S"
"AYM00089573","2010-03-31","-69.367","76.367","18.0","ZHONGSHAN, AY",,,,,,," -148","H,,S"
"AYM00089573","2010-04-01","-69.367","76.367","18.0","ZHONGSHAN, AY",,,,,,," -127","H,,S"
"AYM00089573","2010-04-02","-69.367","76.367","18.0","ZHONGSHAN, AY",,,,,,," -104","H,,S"
"AYM00089573","2010-04-03","-69.367","76.367","18.0","ZHONGSHAN, AY",,,,,,," -123","H,,S"
"AYM00089573","2010-04-04","-69.367","76.367","18.0","ZHONGSHAN, AY",,,,,,,"  -44","H,,S"
"AYM00089573","2010-04-06","-69.367","76.367","18.0","ZHONGSHAN, AY",,,,,,," -117","H,,S"
"AYM00089573","2010-04-07","-69.367","76.367","18.0","ZHONGSHAN, AY",,,,,,," -156","H,,S"
"AYM00089573","2010-04-08","-69.367","76.367","18.0","ZHONGSHAN, AY",,,,,,," -149","H,,S"
"AYM00089573","2010-04-09","-69.367","76.367","18.0","ZHONGSHAN, AY",,,,,,," -110","H,,S"
"AYM00089573","2010-04-11","-69.367","76.367","18.0","ZHONGSHAN, AY",,,,,,,"  -96","H,,S"
"AYM00089573","2010-04-12","-69.367","76.367","18.0","ZHONGSHAN, AY",,,,,,," -109","H,,S"
"AYM00089573","2010-04-13","-69.367","76.367","18.0","ZHONGSHAN, AY",,,,,,," -185","H,,S"
"AYM00089573","2010-04-14","-69.367","76.367","18.0","ZHONGSHAN, AY",,,,,,," -211","H,,S"
"AYM00089573","2010-04-15","-69.367","76.367","18.0","ZHONGSHAN, AY",,,,,,," -176","H,,S"
"AYM00089573","2010-04-16","-69.367","76.367","18.0","ZHONGSHAN, AY",,,,,,," -174","H,,S"
"AYM00089573","2010-04-17","-69.367","76.367","18.0","ZHONGSHAN, AY",,,,,,," -187","H,,S"
"AYM00089573","2010-04-18","-69.367","76.367","18.0","ZHONGSHAN, AY",,,,,,," -248","H,,S"
"AYM00089573","2010-04-20","-69.367","76.367","18.0","ZHONGSHAN, AY",,,,,,," -289","H,,S"
"AYM00089573","2010-04-21","-69.367","76.367","18.0","ZHONGSHAN, AY",,,,,,," -306","H,,S"
"AYM00089573","2010-04-22","-69.367","76.367","18.0","ZHONGSHAN, AY",,,,,,," -213","H,,S"
"AYM00089573","2010-04-23","-69.367","76.367","18.0","ZHONGSHAN, AY",,,,,,,"  -82","H,,S"
"AYM00089573","2010-04-24","-69.367","76.367","18.0","ZHONGSHAN, AY",,,,,,," -111","H,,S"
"AYM00089573","2010-04-25","-69.367","76.367","18.0","ZHONGSHAN, AY",,,,,,," -147","H,,S"
"AYM00089573","2010-04-26","-69.367","76.367","18.0","ZHONGSHAN, AY",,,,,,," -195","H,,S"
"AYM00089573","2010-04-27","-69.367","76.367","18.0","ZHONGSHAN, AY",,,,,,," -173","H,,S"
"AYM00089573","2010-04-28","-69.367","76.367","18.0","ZHONGSHAN, AY",,,,,,," -146","H,,S"
"AYM00089573","2010-04-29","-69.367","76.367","18.0","ZHONGSHAN, AY",,,,,,," -105","H,,S"
"AYM00089573","2010-04-30","-69.367","76.367","18.0","ZHONGSHAN, AY",,,,,,," -118","H,,S"
"AYM00089573","2010-05-01","-69.367","76.367","18.0","ZHONGSHAN, AY",,,,,,," -189","H,,S"
"AYM00089573","2010-05-02","-69.367","76.367","18.0","ZHONGSHAN, AY",,,,,,," -236","H,,S"
"AYM00089573","2010-05-03","-69.367","76.367","18.0","ZHONGSHAN, AY",,,,,,," -130","H,,S"
"AYM00089573","2010-05-04","-69.367","76.367","18.0","ZHONGSHAN, AY",,,,,,,"  -83","H,,S"
"AYM00089573","2010-05-05","-69.367","76.367","18.0","ZHONGSHAN, AY",,,,,,," -103","H,,S"
"AYM00089573","2010-05-06","-69.367","76.367","18.0","ZHONGSHAN, AY",,,,,,," -174","H,,S"
"AYM00089573","2010-05-07","-69.367","76.367","18.0","ZHONGSHAN, AY",,,,,,," -188","H,,S"
"AYM00089573","2010-05-08","-69.367","76.367","18.0","ZHONGSHAN, AY",,,,,,," -161","H,,S"
"AYM00089573","2010-05-09","-69.367","76.367","18.0","ZHONGSHAN, AY",,,,,,," -138","H,,S"
"AYM00089573","2010-05-10","-69.367","76.367","18.0","ZHONGSHAN, AY",,,,,,," -148","H,,S"
"AYM00089573","2010-05-11","-69.367","76.367","18.0","ZHONGSHAN, AY",,,,,,," -176","H,,S"
"AYM00089573","2010-05-12","-69.367","76.367","18.0","ZHONGSHAN, AY",,,,,,," -139","H,,S"
"AYM00089573","2010-05-13","-69.367","76.367","18.0","ZHONGSHAN, AY",,,,,,,"  -85","H,,S"
"AYM00089573","2010-05-14","-69.367","76.367","18.0","ZHONGSHAN, AY",,,,,,,"  -92","H,,S"
"AYM00089573","2010-05-15","-69.367","76.367","18.0","ZHONGSHAN, AY",,,,,,," -138","H,,S"
"AYM00089573","2010-05-16","-69.367","76.367","18.0","ZHONGSHAN, AY",,,,,,," -133","H,,S"
"AYM00089573","2010-05-18","-69.367","76.367","18.0","ZHONGSHAN, AY",,,,,,," -202","H,,S"
"AYM00089573","2010-05-19","-69.367","76.367","18.0","ZHONGSHAN, AY",,,,,,," -183","H,,S"
"AYM00089573","2010-05-20","-69.367","76.367","18.0","ZHONGSHAN, AY",,,,,,," -153","H,,S"
"AYM00089573","2010-05-21","-69.367","76.367","18.0","ZHONGSHAN, AY",,,,,,," -180","H,,S"
"AYM00089573","2010-05-22","-69.367","76.367","18.0","ZHONGSHAN, AY",,,,,,," -219","H,,S"
"AYM00089573","2010-05-23","-69.367","76.367","18.0","ZHONGSHAN, AY",,,,,,,"  -98","H,,S"
"AYM00089573","2010-05-24","-69.367","76.367","18.0","ZHONGSHAN, AY",,,,,,," -100","H,,S"
"AYM00089573","2010-05-25","-69.367","76.367","18.0","ZHONGSHAN, AY",,,,,,," -122","H,,S"
"AYM00089573","2010-05-27","-69.367","76.367","18.0","ZHONGSHAN, AY",,,,,,," -147","H,,S"
"AYM00089573","2010-05-28","-69.367","76.367","18.0","ZHONGSHAN, AY",,,,,,," -123","H,,S"
"AYM00089573","2010-05-29","-69.367","76.367","18.0","ZHONGSHAN, AY",,,,,,," -126","H,,S"
"AYM00089573","2010-05-30","-69.367","76.367","18.0","ZHONGSHAN, AY",,,,,,," -148","H,,S"
"AYM00089573","2010-06-02","-69.367","76.367","18.0","ZHONGSHAN, AY",,,,,,," -194","H,,S"
"AYM00089573","2010-06-03","-69.367","76.367","18.0","ZHONGSHAN, AY",,,,,,," -195","H,,S"
"AYM00089573","2010-06-05","-69.367","76.367","18.0","ZHONGSHAN, AY",,,,,,," -143","H,,S"
"AYM00089573","2010-06-06","-69.367","76.367","18.0","ZHONGSHAN, AY",,,,,,," -154","H,,S"
"AYM00089573","2010-06-07","-69.367","76.367","18.0","ZHONGSHAN, AY",,,,,,,"  -98","H,,S"
"AYM00089573","2010-06-08","-69.367","76.367","18.0","ZHONGSHAN, AY",,,,,,," -117","H,,S"
"AYM00089573","2010-06-09","-69.367","76.367","18.0","ZHONGSHAN, AY",,,,,,," -176","H,,S"
"AYM00089573","2010-06-10","-69.367","76.367","18.0","ZHONGSHAN, AY",,,,,,,"  -89","H,,S"
"AYM00089573","2010-06-11","-69.367","76.367","18.0","ZHONGSHAN, AY",,,,,,,"  -52","H,,S"
"AYM00089573","2010-06-12","-69.367","76.367","18.0","ZHONGSHAN, AY",,,,,,,"  -76","H,,S"
"AYM00089573","2010-06-13","-69.367","76.367","18.0","ZHONGSHAN, AY",,,,,,,"  -99","H,,S"
"AYM00089573","2010-06-14","-69.367","76.367","18.0","ZHONGSHAN, AY",,,,,,," -103","H,,S"
"AYM00089573","2010-06-15","-69.367","76.367","18.0","ZHONGSHAN, AY",,,,,,," -100","H,,S"
"AYM00089573","2010-06-16","-69.367","76.367","18.0","ZHONGSHAN, AY",,,,,,," -162","H,,S"
"AYM00089573","2010-06-17","-69.367","76.367","18.0","ZHONGSHAN, AY",,,,,,," -172","H,,S"
"AYM00089573","2010-06-18","-69.367","76.367","18.0","ZHONGSHAN, AY",,,,,,," -175","H,,S"
"AYM00089573","2010-06-19","-69.367","76.367","18.0","ZHONGSHAN, AY",,,,,,," -137","H,,S"
"AYM00089573","2010-06-22","-69.367","76.367","18.0","ZHONGSHAN, AY",,,,,,," -186","H,,S"
"AYM00089573","2010-06-23","-69.367","76.367","18.0","ZHONGSHAN, AY",,,,,,," -143","H,,S"
"AYM00089573","2010-06-24","-69.367","76.367","18.0","ZHONGSHAN, AY",,,,,,," -101","H,,S"
"AYM00089573","2010-06-25","-69.367","76.367","18.0","ZHONGSHAN, AY",,,,,,," -145","H,,S"
"AYM00089573","2010-06-26","-69.367","76.367","18.0","ZHONGSHAN, AY",,,,,,," -131","H,,S"
"AYM00089573","2010-06-27","-69.367","76.367","18.0","ZHONGSHAN, AY",,,,,,,"  -93","H,,S"
"AYM00089573","2010-06-28","-69.367","76.367","18.0","ZHONGSHAN, AY",,,,,,,"  -95","H,,S"
"AYM00089573","2010-06-29","-69.367","76.367","18.0","ZHONGSHAN, AY",,,,,,," -148","H,,S"
"AYM00089573","2010-06-30","-69.367","76.367","18.0","ZHONGSHAN, AY",,,,,,," -186","H,,S"
"AYM00089573","2010-07-01","-69.367","76.367","18.0","ZHONGSHAN, AY",,,,,,," -202","H,,S"
"AYM00089573","2010-07-02","-69.367","76.367","18.0","ZHONGSHAN, AY",,,,,,," -238","H,,S"
"AYM00089573","2010-07-03","-69.367","76.367","18.0","ZHONGSHAN, AY",,,,,,," -284","H,,S"
"AYM00089573","2010-07-04","-69.367","76.367","18.0","ZHONGSHAN, AY",,,,,,," -286","H,,S"
"AYM00089573","2010-07-05","-69.367","76.367","18.0","ZHONGSHAN, AY",,,,,,," -289","H,,S"
"AYM00089573","2010-07-06","-69.367","76.367","18.0","ZHONGSHAN, AY",,,,,,," -278","H,,S"
"AYM00089573","2010-07-07","-69.367","76.367","18.0","ZHONGSHAN, AY",,,,,,," -349","H,,S"
"AYM00089573","2010-07-09","-69.367","76.367","18.0","ZHONGSHAN, AY",,,,,,," -133","H,,S"
"AYM00089573","2010-07-10","-69.367","76.367","18.0","ZHONGSHAN, AY",,,,,,,"  -98","H,,S"
"AYM00089573","2010-07-11","-69.367","76.367","18.0","ZHONGSHAN, AY",,,,,,," -114","H,,S"
"AYM00089573","2010-07-12","-69.367","76.367","18.0","ZHONGSHAN, AY",,,,,,," -120","H,,S"
"AYM00089573","2010-07-13","-69.367","76.367","18.0","ZHONGSHAN, AY",,,,,,," -117","H,,S"
"AYM00089573","2010-07-14","-69.367","76.367","18.0","ZHONGSHAN, AY",,,,,,," -154","H,,S"
"AYM00089573","2010-07-15","-69.367","76.367","18.0","ZHONGSHAN, AY",,,,,,," -196","H,,S"
"AYM00089573","2010-07-17","-69.367","76.367","18.0","ZHONGSHAN, AY",,,,,,," -232","H,,S"
"AYM00089573","2010-07-18","-69.367","76.367","18.0","ZHONGSHAN, AY",,,,,,," -184","H,,S"
"AYM00089573","2010-07-19","-69.367","76.367","18.0","ZHONGSHAN, AY",,,,,,," -150","H,,S"
"AYM00089573","2010-07-20","-69.367","76.367","18.0","ZHONGSHAN, AY",,,,,,," -202","H,,S"
"AYM00089573","2010-07-21","-69.367","76.367","18.0","ZHONGSHAN, AY",,,,,,," -214","H,,S"
"AYM00089573","2010-07-22","-69.367","76.367","18.0","ZHONGSHAN, AY",,,,,,," -228","H,,S"
"AYM00089573","2010-07-23","-69.367","76.367","18.0","ZHONGSHAN, AY",,,,,,," -233","H,,S"
"AYM00089573","2010-07-26","-69.367","76.367","18.0","ZHONGSHAN, AY",,,,,,," -243","H,,S"
"AYM00089573","2010-07-28","-69.367","76.367","18.0","ZHONGSHAN, AY",,,,,,," -173","H,,S"
"AYM00089573","2010-07-29","-69.367","76.367","18.0","ZHONGSHAN, AY",,,,,,," -167","H,,S"
"AYM00089573","2010-07-30","-69.367","76.367","18.0","ZHONGSHAN, AY",,,,,,," -169","H,,S"
"AYM00089573","2010-07-31","-69.367","76.367","18.0","ZHONGSHAN, AY",,,,,,," -167","H,,S"
"AYM00089573","2010-08-01","-69.367","76.367","18.0","ZHONGSHAN, AY",,,,,,," -215","H,,S"
"AYM00089573","2010-08-03","-69.367","76.367","18.0","ZHONGSHAN, AY",,,,,,," -174","H,,S"
"AYM00089573","2010-08-04","-69.367","76.367","18.0","ZHONGSHAN, AY",,,,,,," -135","H,,S"
"AYM00089573","2010-08-05","-69.367","76.367","18.0","ZHONGSHAN, AY",,,,,,," -159","H,,S"
"AYM00089573","2010-08-06","-69.367","76.367","18.0","ZHONGSHAN, AY",,,,,,," -187","H,,S"
"AYM00089573","2010-08-07","-69.367","76.367","18.0","ZHONGSHAN, AY",,,,,,," -250","H,,S"
"AYM00089573","2010-08-08","-69.367","76.367","18.0","ZHONGSHAN, AY",,,,,,," -303","H,,S"
"AYM00089573","2010-08-09","-69.367","76.367","18.0","ZHONGSHAN, AY",,,,,,," -309","H,,S"
"AYM00089573","2010-08-10","-69.367","76.367","18.0","ZHONGSHAN, AY",,,,,,," -257","H,,S"
"AYM00089573","2010-08-11","-69.367","76.367","18.0","ZHONGSHAN, AY",,,,,,," -179","H,,S"
"AYM00089573","2010-08-12","-69.367","76.367","18.0","ZHONGSHAN, AY",,,,,,," -153","H,,S"
"AYM00089573","2010-08-13","-69.367","76.367","18.0","ZHONGSHAN, AY",,,,,,," -182","H,,S"
"AYM00089573","2010-08-14","-69.367","76.367","18.0","ZHONGSHAN, AY",,,,,,," -233","H,,S"
"AYM00089573","2010-08-15","-69.367","76.367","18.0","ZHONGSHAN, AY",,,,,,," -287","H,,S"
"AYM00089573","2010-08-16","-69.367","76.367","18.0","ZHONGSHAN, AY",,,,,,," -324","H,,S"
"AYM00089573","2010-08-17","-69.367","76.367","18.0","ZHONGSHAN, AY",,,,,,," -236","H,,S"
"AYM00089573","2010-08-18","-69.367","76.367","18.0","ZHONGSHAN, AY",,,,,,," -147","H,,S"
"AYM00089573","2010-08-19","-69.367","76.367","18.0","ZHONGSHAN, AY",,,,,,," -187","H,,S"
"AYM00089573","2010-08-20","-69.367","76.367","18.0","ZHONGSHAN, AY",,,,,,," -285","H,,S"
"AYM00089573","2010-08-21","-69.367","76.367","18.0","ZHONGSHAN, AY",,,,,,," -254","H,,S"
"AYM00089573","2010-08-23","-69.367","76.367","18.0","ZHONGSHAN, AY",,,,,,," -108","H,,S"
"AYM00089573","2010-08-24","-69.367","76.367","18.0","ZHONGSHAN, AY",,,,,,," -150","H,,S"
"AYM00089573","2010-08-25","-69.367","76.367","18.0","ZHONGSHAN, AY",,,,,,," -139","H,,S"
"AYM00089573","2010-08-26","-69.367","76.367","18.0","ZHONGSHAN, AY",,,,,,," -116","H,,S"
"AYM00089573","2010-08-27","-69.367","76.367","18.0","ZHONGSHAN, AY",,,,,,," -161","H,,S"
"AYM00089573","2010-08-28","-69.367","76.367","18.0","ZHONGSHAN, AY",,,,,,," -188","H,,S"
"AYM00089573","2010-08-29","-69.367","76.367","18.0","ZHONGSHAN, AY",,,,,,," -149","H,,S"
"AYM00089573","2010-08-31","-69.367","76.367","18.0","ZHONGSHAN, AY",,,,,,,"  -75","H,,S"
"AYM00089573","2010-09-01","-69.367","76.367","18.0","ZHONGSHAN, AY",,,,,,," -107","H,,S"
"AYM00089573","2010-09-02","-69.367","76.367","18.0","ZHONGSHAN, AY",,,,,,," -127","H,,S"
"AYM00089573","2010-09-03","-69.367","76.367","18.0","ZHONGSHAN, AY",,,,,,,"  -94","H,,S"
"AYM00089573","2010-09-04","-69.367","76.367","18.0","ZHONGSHAN, AY",,,,,,,"  -91","H,,S"
"AYM00089573","2010-09-05","-69.367","76.367","18.0","ZHONGSHAN, AY",,,,,,," -122","H,,S"
"AYM00089573","2010-09-06","-69.367","76.367","18.0","ZHONGSHAN, AY",,,,,,," -128","H,,S"
"AYM00089573","2010-09-07","-69.367","76.367","18.0","ZHONGSHAN, AY",,,,,,," -144","H,,S"
"AYM00089573","2010-09-08","-69.367","76.367","18.0","ZHONGSHAN, AY",,,,,,," -139","H,,S"
"AYM00089573","2010-09-09","-69.367","76.367","18.0","ZHONGSHAN, AY",,,,,,," -152","H,,S"
"AYM00089573","2010-09-11","-69.367","76.367","18.0","ZHONGSHAN, AY",,,,,,," -204","H,,S"
"AYM00089573","2010-09-12","-69.367","76.367","18.0","ZHONGSHAN, AY",,,,,,," -193","H,,S"
"AYM00089573","2010-09-14","-69.367","76.367","18.0","ZHONGSHAN, AY",,,,,,,"  -54","H,,S"
"AYM00089573","2010-09-15","-69.367","76.367","18.0","ZHONGSHAN, AY",,,,,,,"  -33","H,,S"
"AYM00089573","2010-09-16","-69.367","76.367","18.0","ZHONGSHAN, AY",,,,,,,"  -42","H,,S"
"AYM00089573","2010-09-17","-69.367","76.367","18.0","ZHONGSHAN, AY",,,,,,,"  -58","H,,S"
"AYM00089573","2010-09-18","-69.367","76.367","18.0","ZHONGSHAN, AY",,,,,,,"  -74","H,,S"
"AYM00089573","2010-09-19","-69.367","76.367","18.0","ZHONGSHAN, AY",,,,,,,"  -72","H,,S"
"AYM00089573","2010-09-20","-69.367","76.367","18.0","ZHONGSHAN, AY",,,,,,,"  -90","H,,S"
"AYM00089573","2010-09-21","-69.367","76.367","18.0","ZHONGSHAN, AY",,,,,,," -120","H,,S"
"AYM00089573","2010-09-22","-69.367","76.367","18.0","ZHONGSHAN, AY",,,,,,," -119","H,,S"
"AYM00089573","2010-09-23","-69.367","76.367","18.0","ZHONGSHAN, AY",,,,,,,"  -98","H,,S"
"AYM00089573","2010-09-24","-69.367","76.367","18.0","ZHONGSHAN, AY",,,,,,,"  -90","H,,S"
"AYM00089573","2010-09-25","-69.367","76.367","18.0","ZHONGSHAN, AY",,,,,,," -137","H,,S"
"AYM00089573","2010-09-27","-69.367","76.367","18.0","ZHONGSHAN, AY",,,,,,," -104","H,,S"
"AYM00089573","2010-09-28","-69.367","76.367","18.0","ZHONGSHAN, AY",,,,,,,"  -69","H,,S"
"AYM00089573","2010-09-29","-69.367","76.367","18.0","ZHONGSHAN, AY",,,,,,,"  -73","H,,S"
"AYM00089573","2010-09-30","-69.367","76.367","18.0","ZHONGSHAN, AY",,,,,,,"  -77","H,,S"
"AYM00089573","2010-10-01","-69.367","76.367","18.0","ZHONGSHAN, AY",,,,,,," -116","H,,S"
"AYM00089573","2010-10-02","-69.367","76.367","18.0","ZHONGSHAN, AY",,,,,,," -136","H,,S"
"AYM00089573","2010-10-03","-69.367","76.367","18.0","ZHONGSHAN, AY",,,,,,," -141","H,,S"
"AYM00089573","2010-10-04","-69.367","76.367","18.0","ZHONGSHAN, AY",,,,,,," -163","H,,S"
"AYM00089573","2010-10-05","-69.367","76.367","18.0","ZHONGSHAN, AY",,,,,,," -162","H,,S"
"AYM00089573","2010-10-06","-69.367","76.367","18.0","ZHONGSHAN, AY",,,,,,," -139","H,,S"
"AYM00089573","2010-10-07","-69.367","76.367","18.0","ZHONGSHAN, AY",,,,,,," -146","H,,S"
"AYM00089573","2010-10-08","-69.367","76.367","18.0","ZHONGSHAN, AY",,,,,,," -108","H,,S"
"AYM00089573","2010-10-09","-69.367","76.367","18.0","ZHONGSHAN, AY",,,,,,," -111","H,,S"
"AYM00089573","2010-10-10","-69.367","76.367","18.0","ZHONGSHAN, AY",,,,,,," -123","H,,S"
"AYM00089573","2010-10-12","-69.367","76.367","18.0","ZHONGSHAN, AY",,,,,,," -227","H,,S"
"AYM00089573","2010-10-13","-69.367","76.367","18.0","ZHONGSHAN, AY",,,,,,,"  -74","H,,S"
"AYM00089573","2010-10-14","-69.367","76.367","18.0","ZHONGSHAN, AY",,,,,,,"  -51","H,,S"
"AYM00089573","2010-10-15","-69.367","76.367","18.0","ZHONGSHAN, AY",,,,,,,"  -58","H,,S"
"AYM00089573","2010-10-17","-69.367","76.367","18.0","ZHONGSHAN, AY",,,,,,,"  -87","H,,S"
"AYM00089573","2010-10-18","-69.367","76.367","18.0","ZHONGSHAN, AY",,,,,,," -109","H,,S"
"AYM00089573","2010-10-19","-69.367","76.367","18.0","ZHONGSHAN, AY",,,,,,,"  -82","H,,S"
"AYM00089573","2010-10-20","-69.367","76.367","18.0","ZHONGSHAN, AY",,,,,,," -108","H,,S"
"AYM00089573","2010-10-21","-69.367","76.367","18.0","ZHONGSHAN, AY",,,,,,," -128","H,,S"
"AYM00089573","2010-10-22","-69.367","76.367","18.0","ZHONGSHAN, AY",,,,,,," -140","H,,S"
"AYM00089573","2010-10-23","-69.367","76.367","18.0","ZHONGSHAN, AY",,,,,,," -175","H,,S"
"AYM00089573","2010-10-24","-69.367","76.367","18.0","ZHONGSHAN, AY",,,,,,," -162","H,,S"
"AYM00089573","2010-10-27","-69.367","76.367","18.0","ZHONGSHAN, AY",,,,,,," -175","H,,S"
"AYM00089573","2010-10-28","-69.367","76.367","18.0","ZHONGSHAN, AY",,,,,,," -195","H,,S"
"AYM00089573","2010-10-30","-69.367","76.367","18.0","ZHONGSHAN, AY",,,,,,," -152","H,,S"
"AYM00089573","2010-10-31","-69.367","76.367","18.0","ZHONGSHAN, AY",,,,,,,"  -66","H,,S"
"AYM00089573","2010-11-01","-69.367","76.367","18.0","ZHONGSHAN, AY",,,,,,,"  -55","H,,S"
"AYM00089573","2010-11-02","-69.367","76.367","18.0","ZHONGSHAN, AY",,,,,,,"  -42","H,,S"
"AYM00089573","2010-11-04","-69.367","76.367","18.0","ZHONGSHAN, AY",,,,,,,"  -93","H,,S"
"AYM00089573","2010-11-05","-69.367","76.367","18.0","ZHONGSHAN, AY",,,,,,,"  -95","H,,S"
"AYM00089573","2010-11-06","-69.367","76.367","18.0","ZHONGSHAN, AY",,,,,,,"  -73","H,,S"
"AYM00089573","2010-11-07","-69.367","76.367","18.0","ZHONGSHAN, AY",,,,,,,"  -67","H,,S"
"AYM00089573","2010-11-08","-69.367","76.367","18.0","ZHONGSHAN, AY",,,,,,,"  -72","H,,S"
"AYM00089573","2010-11-09","-69.367","76.367","18.0","ZHONGSHAN, AY",,,,,,,"  -52","H,,S"
"AYM00089573","2010-11-10","-69.367","76.367","18.0","ZHONGSHAN, AY",,,,,,,"  -36","H,,S"
"AYM00089573","2010-11-11","-69.367","76.367","18.0","ZHONGSHAN, AY",,,,,,,"  -40","H,,S"
"AYM00089573","2010-11-12","-69.367","76.367","18.0","ZHONGSHAN, AY",,,,,,,"  -49","H,,S"
"AYM00089573","2010-11-13","-69.367","76.367","18.0","ZHONGSHAN, AY",,,,,,,"  -56","H,,S"
"AYM00089573","2010-11-14","-69.367","76.367","18.0","ZHONGSHAN, AY",,,,,,,"  -70","H,,S"
"AYM00089573","2010-11-16","-69.367","76.367","18.0","ZHONGSHAN, AY",,,,,,,"  -66","H,,S"
"AYM00089573","2010-11-17","-69.367","76.367","18.0","ZHONGSHAN, AY",,,,,,,"  -67","H,,S"
"AYM00089573","2010-11-18","-69.367","76.367","18.0","ZHONGSHAN, AY",,,,,,,"  -74","H,,S"
"AYM00089573","2010-11-19","-69.367","76.367","18.0","ZHONGSHAN, AY",,,,,,,"  -78","H,,S"
"AYM00089573","2010-11-20","-69.367","76.367","18.0","ZHONGSHAN, AY",,,,,,,"  -72","H,,S"
"AYM00089573","2010-11-22","-69.367","76.367","18.0","ZHONGSHAN, AY",,,,,,,"  -79","H,,S"
"AYM00089573","2010-11-23","-69.367","76.367","18.0","ZHONGSHAN, AY",,,,,,,"  -79","H,,S"
"AYM00089573","2010-11-25","-69.367","76.367","18.0","ZHONGSHAN, AY",,,,,,,"  -65","H,,S"
"AYM00089573","2010-11-26","-69.367","76.367","18.0","ZHONGSHAN, AY",,,,,,,"  -73","H,,S"
"AYM00089573","2010-11-27","-69.367","76.367","18.0","ZHONGSHAN, AY",,,,,,,"  -73","H,,S"
"AYM00089573","2010-11-28","-69.367","76.367","18.0","ZHONGSHAN, AY",,,,,,,"  -73","H,,S"
"AYM00089573","2010-11-29","-69.367","76.367","18.0","ZHONGSHAN, AY",,,,,,," -106","H,,S"
"AYM00089573","2010-12-04","-69.367","76.367","18.0","ZHONGSHAN, AY",,,,,,,"  -47","H,,S"
"AYM00089573","2010-12-05","-69.367","76.367","18.0","ZHONGSHAN, AY",,,,,,,"  -31","H,,S"
"AYM00089573","2010-12-06","-69.367","76.367","18.0","ZHONGSHAN, AY",,,,,,,"  -44","H,,S"
"AYM00089573","2010-12-07","-69.367","76.367","18.0","ZHONGSHAN, AY",,,,,,,"  -38","H,,S"
"AYM00089573","2010-12-08","-69.367","76.367","18.0","ZHONGSHAN, AY",,,,,,,"  -45","H,,S"
"AYM00089573","2010-12-09","-69.367","76.367","18.0","ZHONGSHAN, AY",,,,,,,"   -3","H,,S"
"AYM00089573","2010-12-10","-69.367","76.367","18.0","ZHONGSHAN, AY",,,,,,,"   -2","H,,S"
"AYM00089573","2010-12-13","-69.367","76.367","18.0","ZHONGSHAN, AY",,,,,,,"  -11","H,,S"
"AYM00089573","2010-12-14","-69.367","76.367","18.0","ZHONGSHAN, AY",,,,,,,"   12","H,,S"
"AYM00089573","2010-12-16","-69.367","76.367","18.0","ZHONGSHAN, AY",,,,,,,"    5","H,,S"
"AYM00089573","2010-12-17","-69.367","76.367","18.0","ZHONGSHAN, AY",,,,,,,"   22","H,,S"
"AYM00089573","2010-12-18","-69.367","76.367","18.0","ZHONGSHAN, AY",,,,,,,"   22","H,,S"
"AYM00089573","2010-12-19","-69.367","76.367","18.0","ZHONGSHAN, AY",,,,,,,"  -13","H,,S"
"AYM00089573","2010-12-20","-69.367","76.367","18.0","ZHONGSHAN, AY",,,,,,,"   21","H,,S"
"AYM00089573","2010-12-21","-69.367","76.367","18.0","ZHONGSHAN, AY",,,,,,,"   29","H,,S"
"AYM00089573","2010-12-22","-69.367","76.367","18.0","ZHONGSHAN, AY",,,,,,,"   14","H,,S"
"AYM00089573","2010-12-23","-69.367","76.367","18.0","ZHONGSHAN, AY",,,,,,,"   14","H,,S"
"AYM00089573","2010-12-24","-69.367","76.367","18.0","ZHONGSHAN, AY",,,,,,,"    3","H,,S"
"AYM00089573","2010-12-25","-69.367","76.367","18.0","ZHONGSHAN, AY",,,,,,,"  -10","H,,S"
"AYM00089573","2010-12-27","-69.367","76.367","18.0","ZHONGSHAN, AY",,,,,,,"  -20","H,,S"
"AYM00089573","2010-12-28","-69.367","76.367","18.0","ZHONGSHAN, AY",,,,,,,"   -9","H,,S"
"AYM00089573","2010-12-29","-69.367","76.367","18.0","ZHONGSHAN, AY",,,,,,,"  -17","H,,S"
"AYM00089573","2010-12-30","-69.367","76.367","18.0","ZHONGSHAN, AY",,,,,,,"   -6","H,,S"
"AYM00089573","2011-01-01","-69.367","76.367","18.0","ZHONGSHAN, AY",,,,,,,"  -13","H,,S"
"AYM00089573","2011-01-02","-69.367","76.367","18.0","ZHONGSHAN, AY",,,,,,,"   -7","H,,S"
"AYM00089573","2011-01-03","-69.367","76.367","18.0","ZHONGSHAN, AY",,,,,,,"   -8","H,,S"
"AYM00089573","2011-01-04","-69.367","76.367","18.0","ZHONGSHAN, AY",,,,,,,"   -7","H,,S"
"AYM00089573","2011-01-05","-69.367","76.367","18.0","ZHONGSHAN, AY",,,,,,,"    3","H,,S"
"AYM00089573","2011-01-06","-69.367","76.367","18.0","ZHONGSHAN, AY",,,,,,,"    8","H,,S"
"AYM00089573","2011-01-07","-69.367","76.367","18.0","ZHONGSHAN, AY",,,,,,,"  -10","H,,S"
"AYM00089573","2011-01-08","-69.367","76.367","18.0","ZHONGSHAN, AY",,,,,,,"    4","H,,S"
"AYM00089573","2011-01-09","-69.367","76.367","18.0","ZHONGSHAN, AY",,,,,,,"    5","H,,S"
"AYM00089573","2011-01-10","-69.367","76.367","18.0","ZHONGSHAN, AY",,,,,,,"   20","H,,S"
"AYM00089573","2011-01-11","-69.367","76.367","18.0","ZHONGSHAN, AY",,,,,,,"   16","H,,S"
"AYM00089573","2011-01-12","-69.367","76.367","18.0","ZHONGSHAN, AY",,,,,,,"   14","H,,S"
"AYM00089573","2011-01-14","-69.367","76.367","18.0","ZHONGSHAN, AY",,,,,,,"   18","H,,S"
"AYM00089573","2011-01-15","-69.367","76.367","18.0","ZHONGSHAN, AY",,,,,,,"   19","H,,S"
"AYM00089573","2011-01-16","-69.367","76.367","18.0","ZHONGSHAN, AY",,,,,,,"   20","H,,S"
"AYM00089573","2011-01-17","-69.367","76.367","18.0","ZHONGSHAN, AY",,,,,,,"   11","H,,S"
"AYM00089573","2011-01-18","-69.367","76.367","18.0","ZHONGSHAN, AY",,,,,,,"   11","H,,S"
"AYM00089573","2011-01-19","-69.367","76.367","18.0","ZHONGSHAN, AY",,,,,,,"   -3","H,,S"
"AYM00089573","2011-01-20","-69.367","76.367","18.0","ZHONGSHAN, AY",,,,,,,"    1","H,,S"
"AYM00089573","2011-01-21","-69.367","76.367","18.0","ZHONGSHAN, AY",,,,,,,"   -5","H,,S"
"AYM00089573","2011-01-22","-69.367","76.367","18.0","ZHONGSHAN, AY",,,,,,,"    2","H,,S"
"AYM00089573","2011-01-23","-69.367","76.367","18.0","ZHONGSHAN, AY",,,,,,,"   21","H,,S"
"AYM00089573","2011-01-24","-69.367","76.367","18.0","ZHONGSHAN, AY",,,,,,,"    3","H,,S"
"AYM00089573","2011-01-25","-69.367","76.367","18.0","ZHONGSHAN, AY",,,,,,,"    4","H,,S"
"AYM00089573","2011-01-26","-69.367","76.367","18.0","ZHONGSHAN, AY",,,,,,,"    1","H,,S"
"AYM00089573","2011-01-27","-69.367","76.367","18.0","ZHONGSHAN, AY",,,,,,,"  -12","H,,S"
"AYM00089573","2011-01-28","-69.367","76.367","18.0","ZHONGSHAN, AY",,,,,,,"  -16","H,,S"
"AYM00089573","2011-01-29","-69.367","76.367","18.0","ZHONGSHAN, AY",,,,,,,"   -3","H,,S"
"AYM00089573","2011-01-30","-69.367","76.367","18.0","ZHONGSHAN, AY",,,,,,,"   -4","H,,S"
"AYM00089573","2011-01-31","-69.367","76.367","18.0","ZHONGSHAN, AY",,,,,,,"    2","H,,S"
"AYM00089573","2011-02-01","-69.367","76.367","18.0","ZHONGSHAN, AY",,,,,,,"   -4","H,,S"
"AYM00089573","2011-02-02","-69.367","76.367","18.0","ZHONGSHAN, AY",,,,,,,"   -3","H,,S"
"AYM00089573","2011-02-03","-69.367","76.367","18.0","ZHONGSHAN, AY",,,,,,,"   -9","H,,S"
"AYM00089573","2011-02-04","-69.367","76.367","18.0","ZHONGSHAN, AY",,,,,,,"  -23","H,,S"
"AYM00089573","2011-02-05","-69.367","76.367","18.0","ZHONGSHAN, AY",,,,,,,"  -15","H,,S"
"AYM00089573","2011-02-06","-69.367","76.367","18.0","ZHONGSHAN, AY",,,,,,,"  -22","H,,S"
"AYM00089573","2011-02-07","-69.367","76.367","18.0","ZHONGSHAN, AY",,,,,,,"  -17","H,,S"
"AYM00089573","2011-02-08","-69.367","76.367","18.0","ZHONGSHAN, AY",,,,,,,"  -36","H,,S"
"AYM00089573","2011-02-09","-69.367","76.367","18.0","ZHONGSHAN, AY",,,,,,,"  -50","H,,S"
"AYM00089573","2011-02-10","-69.367","76.367","18.0","ZHONGSHAN, AY",,,,,,,"  -48","H,,S"
"AYM00089573","2011-02-11","-69.367","76.367","18.0","ZHONGSHAN, AY",,,,,,,"  -70","H,,S"
"AYM00089573","2011-02-12","-69.367","76.367","18.0","ZHONGSHAN, AY",,,,,,,"  -73","H,,S"
"AYM00089573","2011-02-13","-69.367","76.367","18.0","ZHONGSHAN, AY",,,,,,,"  -47","H,,S"
"AYM00089573","2011-02-14","-69.367","76.367","18.0","ZHONGSHAN, AY",,,,,,,"  -56","H,,S"
"AYM00089573","2011-02-15","-69.367","76.367","18.0","ZHONGSHAN, AY",,,,,,,"  -58","H,,S"
"AYM00089573","2011-02-16","-69.367","76.367","18.0","ZHONGSHAN, AY",,,,,,,"  -65","H,,S"
"AYM00089573","2011-02-17","-69.367","76.367","18.0","ZHONGSHAN, AY",,,,,,,"  -47","H,,S"
"AYM00089573","2011-02-18","-69.367","76.367","18.0","ZHONGSHAN, AY",,,,,,,"  -60","H,,S"
"AYM00089573","2011-02-19","-69.367","76.367","18.0","ZHONGSHAN, AY",,,,,,,"  -62","H,,S"
"AYM00089573","2011-02-20","-69.367","76.367","18.0","ZHONGSHAN, AY",,,,,,,"  -77","H,,S"
"AYM00089573","2011-02-21","-69.367","76.367","18.0","ZHONGSHAN, AY",,,,,,,"  -68","H,,S"
"AYM00089573","2011-02-22","-69.367","76.367","18.0","ZHONGSHAN, AY",,,,,,,"  -76","H,,S"
"AYM00089573","2011-02-23","-69.367","76.367","18.0","ZHONGSHAN, AY",,,,,,,"  -95","H,,S"
"AYM00089573","2011-02-24","-69.367","76.367","18.0","ZHONGSHAN, AY",,,,,,,"  -71","H,,S"
"AYM00089573","2011-02-25","-69.367","76.367","18.0","ZHONGSHAN, AY",,,,,,,"  -90","H,,S"
"AYM00089573","2011-02-26","-69.367","76.367","18.0","ZHONGSHAN, AY",,,,,,," -106","H,,S"
"AYM00089573","2011-02-27","-69.367","76.367","18.0","ZHONGSHAN, AY",,,,,,,"  -97","H,,S"
"AYM00089573","2011-02-28","-69.367","76.367","18.0","ZHONGSHAN, AY",,,,,,,"  -66","H,,S"
"AYM00089573","2011-03-01","-69.367","76.367","18.0","ZHONGSHAN, AY",,,,,,,"  -96","H,,S"
"AYM00089573","2011-03-02","-69.367","76.367","18.0","ZHONGSHAN, AY",,,,,,,"  -39","H,,S"
"AYM00089573","2011-03-03","-69.367","76.367","18.0","ZHONGSHAN, AY",,,,,,,"  -11","H,,S"
"AYM00089573","2011-03-04","-69.367","76.367","18.0","ZHONGSHAN, AY",,,,,,,"  -49","H,,S"
"AYM00089573","2011-03-05","-69.367","76.367","18.0","ZHONGSHAN, AY",,,,,,,"  -55","H,,S"
"AYM00089573","2011-03-06","-69.367","76.367","18.0","ZHONGSHAN, AY",,,,,,,"  -45","H,,S"
"AYM00089573","2011-03-07","-69.367","76.367","18.0","ZHONGSHAN, AY",,,,,,,"  -79","H,,S"
"AYM00089573","2011-03-08","-69.367","76.367","18.0","ZHONGSHAN, AY",,,,,,," -129","H,,S"
"AYM00089573","2011-03-09","-69.367","76.367","18.0","ZHONGSHAN, AY",,,,,,," -139","H,,S"
"AYM00089573","2011-03-10","-69.367","76.367","18.0","ZHONGSHAN, AY",,,,,,," -106","H,,S"
"AYM00089573","2011-03-11","-69.367","76.367","18.0","ZHONGSHAN, AY",,,,,,," -100","H,,S"
"AYM00089573","2011-03-12","-69.367","76.367","18.0","ZHONGSHAN, AY",,,,,,,"  -94","H,,S"
"AYM00089573","2011-03-13","-69.367","76.367","18.0","ZHONGSHAN, AY",,,,,,," -110","H,,S"
"AYM00089573","2011-03-14","-69.367","76.367","18.0","ZHONGSHAN, AY",,,,,,," -121","H,,S"
"AYM00089573","2011-03-15","-69.367","76.367","18.0","ZHONGSHAN, AY",,,,,,," -109","H,,S"
"AYM00089573","2011-03-16","-69.367","76.367","18.0","ZHONGSHAN, AY",,,,,,,"  -49","H,,S"
"AYM00089573","2011-03-17","-69.367","76.367","18.0","ZHONGSHAN, AY",,,,,,,"  -47","H,,S"
"AYM00089573","2011-03-18","-69.367","76.367","18.0","ZHONGSHAN, AY",,,,,,," -102","H,,S"
"AYM00089573","2011-03-19","-69.367","76.367","18.0","ZHONGSHAN, AY",,,,,,,"  -78","H,,S"
"AYM00089573","2011-03-20","-69.367","76.367","18.0","ZHONGSHAN, AY",,,,,,,"  -72","H,,S"
"AYM00089573","2011-03-21","-69.367","76.367","18.0","ZHONGSHAN, AY",,,,,,,"  -73","H,,S"
"AYM00089573","2011-03-22","-69.367","76.367","18.0","ZHONGSHAN, AY",,,,,,,"  -80","H,,S"
"AYM00089573","2011-03-23","-69.367","76.367","18.0","ZHONGSHAN, AY",,,,,,,"  -54","H,,S"
"AYM00089573","2011-03-24","-69.367","76.367","18.0","ZHONGSHAN, AY",,,,,,,"  -48","H,,S"
"AYM00089573","2011-03-25","-69.367","76.367","18.0","ZHONGSHAN, AY",,,,,,,"  -86","H,,S"
"AYM00089573","2011-03-29","-69.367","76.367","18.0","ZHONGSHAN, AY",,,,,,,"  -24","H,,S"
"AYM00089573","2011-03-30","-69.367","76.367","18.0","ZHONGSHAN, AY",,,,,,,"  -13","H,,S"
"AYM00089573","2011-03-31","-69.367","76.367","18.0","ZHONGSHAN, AY",,,,,,,"  -37","H,,S"
"AYM00089573","2011-04-01","-69.367","76.367","18.0","ZHONGSHAN, AY",,,,,,,"  -73","H,,S"
"AYM00089573","2011-04-02","-69.367","76.367","18.0","ZHONGSHAN, AY",,,,,,,"  -93","H,,S"
"AYM00089573","2011-04-03","-69.367","76.367","18.0","ZHONGSHAN, AY",,,,,,," -106","H,,S"
"AYM00089573","2011-04-04","-69.367","76.367","18.0","ZHONGSHAN, AY",,,,,,," -121","H,,S"
"AYM00089573","2011-04-05","-69.367","76.367","18.0","ZHONGSHAN, AY",,,,,,," -136","H,,S"
"AYM00089573","2011-04-06","-69.367","76.367","18.0","ZHONGSHAN, AY",,,,,,," -133","H,,S"
"AYM00089573","2011-04-07","-69.367","76.367","18.0","ZHONGSHAN, AY",,,,,,,"  -87","H,,S"
"AYM00089573","2011-04-08","-69.367","76.367","18.0","ZHONGSHAN, AY",,,,,,,"  -63","H,,S"
"AYM00089573","2011-04-09","-69.367","76.367","18.0","ZHONGSHAN, AY",,,,,,,"  -58","H,,S"
"AYM00089573","2011-04-10","-69.367","76.367","18.0","ZHONGSHAN, AY",,,,,,," -132","H,,S"
"AYM00089573","2011-04-11","-69.367","76.367","18.0","ZHONGSHAN, AY",,,,,,," -118","H,,S"
"AYM00089573","2011-04-12","-69.367","76.367","18.0","ZHONGSHAN, AY",,,,,,," -127","H,,S"
"AYM00089573","2011-04-13","-69.367","76.367","18.0","ZHONGSHAN, AY",,,,,,," -147","H,,S"
"AYM00089573","2011-04-14","-69.367","76.367","18.0","ZHONGSHAN, AY",,,,,,," -109","H,,S"
"AYM00089573","2011-04-15","-69.367","76.367","18.0","ZHONGSHAN, AY",,,,,,," -131","H,,S"
"AYM00089573","2011-04-16","-69.367","76.367","18.0","ZHONGSHAN, AY",,,,,,," -137","H,,S"
"AYM00089573","2011-04-17","-69.367","76.367","18.0","ZHONGSHAN, AY",,,,,,," -142","H,,S"
"AYM00089573","2011-04-18","-69.367","76.367","18.0","ZHONGSHAN, AY",,,,,,," -179","H,,S"
"AYM00089573","2011-04-19","-69.367","76.367","18.0","ZHONGSHAN, AY",,,,,,," -180","H,,S"
"AYM00089573","2011-04-20","-69.367","76.367","18.0","ZHONGSHAN, AY",,,,,,," -194","H,,S"
"AYM00089573","2011-04-21","-69.367","76.367","18.0","ZHONGSHAN, AY",,,,,,," -192","H,,S"
"AYM00089573","2011-04-22","-69.367","76.367","18.0","ZHONGSHAN, AY",,,,,,," -125","H,,S"
"AYM00089573","2011-04-23","-69.367","76.367","18.0","ZHONGSHAN, AY",,,,,,,"  -90","H,,S"
"AYM00089573","2011-04-24","-69.367","76.367","18.0","ZHONGSHAN, AY",,,,,,," -118","H,,S"
"AYM00089573","2011-04-25","-69.367","76.367","18.0","ZHONGSHAN, AY",,,,,,," -139","H,,S"
"AYM00089573","2011-04-26","-69.367","76.367","18.0","ZHONGSHAN, AY",,,,,,," -107","H,,S"
"AYM00089573","2011-04-27","-69.367","76.367","18.0","ZHONGSHAN, AY",,,,,,," -153","H,,S"
"AYM00089573","2011-04-28","-69.367","76.367","18.0","ZHONGSHAN, AY",,,,,,," -118","H,,S"
"AYM00089573","2011-04-29","-69.367","76.367","18.0","ZHONGSHAN, AY",,,,,,," -117","H,,S"
"AYM00089573","2011-04-30","-69.367","76.367","18.0","ZHONGSHAN, AY",,,,,,," -162","H,,S"
"AYM00089573","2011-05-01","-69.367","76.367","18.0","ZHONGSHAN, AY",,,,,,," -172","H,,S"
"AYM00089573","2011-05-02","-69.367","76.367","18.0","ZHONGSHAN, AY",,,,,,," -175","H,,S"
"AYM00089573","2011-05-04","-69.367","76.367","18.0","ZHONGSHAN, AY",,,,,,," -109","H,,S"
"AYM00089573","2011-05-05","-69.367","76.367","18.0","ZHONGSHAN, AY",,,,,,,"  -50","H,,S"
"AYM00089573","2011-05-06","-69.367","76.367","18.0","ZHONGSHAN, AY",,,,,,,"  -61","H,,S"
"AYM00089573","2011-05-07","-69.367","76.367","18.0","ZHONGSHAN, AY",,,,,,,"  -61","H,,S"
"AYM00089573","2011-05-08","-69.367","76.367","18.0","ZHONGSHAN, AY",,,,,,,"  -33","H,,S"
"AYM00089573","2011-05-10","-69.367","76.367","18.0","ZHONGSHAN, AY",,,,,,,"  -80","H,,S"
"AYM00089573","2011-05-12","-69.367","76.367","18.0","ZHONGSHAN, AY",,,,,,," -138","H,,S"
"AYM00089573","2011-05-13","-69.367","76.367","18.0","ZHONGSHAN, AY",,,,,,," -131","H,,S"
"AYM00089573","2011-05-14","-69.367","76.367","18.0","ZHONGSHAN, AY",,,,,,," -176","H,,S"
"AYM00089573","2011-05-15","-69.367","76.367","18.0","ZHONGSHAN, AY",,,,,,," -179","H,,S"
"AYM00089573","2011-05-16","-69.367","76.367","18.0","ZHONGSHAN, AY",,,,,,," -135","H,,S"
"AYM00089573","2011-05-17","-69.367","76.367","18.0","ZHONGSHAN, AY",,,,,,," -167","H,,S"
"AYM00089573","2011-05-18","-69.367","76.367","18.0","ZHONGSHAN, AY",,,,,,," -181","H,,S"
"AYM00089573","2011-05-19","-69.367","76.367","18.0","ZHONGSHAN, AY",,,,,,," -199","H,,S"
"AYM00089573","2011-05-20","-69.367","76.367","18.0","ZHONGSHAN, AY",,,,,,," -268","H,,S"
"AYM00089573","2011-05-21","-69.367","76.367","18.0","ZHONGSHAN, AY",,,,,,," -306","H,,S"
"AYM00089573","2011-05-22","-69.367","76.367","18.0","ZHONGSHAN, AY",,,,,,," -293","H,,S"
"AYM00089573","2011-05-23","-69.367","76.367","18.0","ZHONGSHAN, AY",,,,,,," -304","H,,S"
"AYM00089573","2011-05-24","-69.367","76.367","18.0","ZHONGSHAN, AY",,,,,,," -256","H,,S"
"AYM00089573","2011-05-25","-69.367","76.367","18.0","ZHONGSHAN, AY",,,,,,," -276","H,,S"
"AYM00089573","2011-05-26","-69.367","76.367","18.0","ZHONGSHAN, AY",,,,,,," -226","H,,S"
"AYM00089573","2011-05-27","-69.367","76.367","18.0","ZHONGSHAN, AY",,,,,,," -131","H,,S"
"AYM00089573","2011-05-28","-69.367","76.367","18.0","ZHONGSHAN, AY",,,,,,," -134","H,,S"
"AYM00089573","2011-05-29","-69.367","76.367","18.0","ZHONGSHAN, AY",,,,,,," -142","H,,S"
"AYM00089573","2011-05-31","-69.367","76.367","18.0","ZHONGSHAN, AY",,,,,,," -207","H,,S"
"AYM00089573","2011-06-01","-69.367","76.367","18.0","ZHONGSHAN, AY",,,,,,," -232","H,,S"
"AYM00089573","2011-06-02","-69.367","76.367","18.0","ZHONGSHAN, AY",,,,,,," -196","H,,S"
"AYM00089573","2011-06-03","-69.367","76.367","18.0","ZHONGSHAN, AY",,,,,,," -149","H,,S"
"AYM00089573","2011-06-04","-69.367","76.367","18.0","ZHONGSHAN, AY",,,,,,," -122","H,,S"
"AYM00089573","2011-06-05","-69.367","76.367","18.0","ZHONGSHAN, AY",,,,,,," -180","H,,S"
"AYM00089573","2011-06-06","-69.367","76.367","18.0","ZHONGSHAN, AY",,,,,,," -232","H,,S"
"AYM00089573","2011-06-07","-69.367","76.367","18.0","ZHONGSHAN, AY",,,,,,," -188","H,,S"
"AYM00089573","2011-06-08","-69.367","76.367","18.0","ZHONGSHAN, AY",,,,,,," -181","H,,S"
"AYM00089573","2011-06-09","-69.367","76.367","18.0","ZHONGSHAN, AY",,,,,,," -119","H,,S"
"AYM00089573","2011-06-10","-69.367","76.367","18.0","ZHONGSHAN, AY",,,,,,," -148","H,,S"
"AYM00089573","2011-06-11","-69.367","76.367","18.0","ZHONGSHAN, AY",,,,,,," -171","H,,S"
"AYM00089573","2011-06-12","-69.367","76.367","18.0","ZHONGSHAN, AY",,,,,,," -149","H,,S"
"AYM00089573","2011-06-13","-69.367","76.367","18.0","ZHONGSHAN, AY",,,,,,," -141","H,,S"
"AYM00089573","2011-06-14","-69.367","76.367","18.0","ZHONGSHAN, AY",,,,,,," -178","H,,S"
"AYM00089573","2011-06-15","-69.367","76.367","18.0","ZHONGSHAN, AY",,,,,,," -172","H,,S"
"AYM00089573","2011-06-16","-69.367","76.367","18.0","ZHONGSHAN, AY",,,,,,," -222","H,,S"
"AYM00089573","2011-06-18","-69.367","76.367","18.0","ZHONGSHAN, AY",,,,,,," -112","H,,S"
"AYM00089573","2011-06-19","-69.367","76.367","18.0","ZHONGSHAN, AY",,,,,,,"  -94","H,,S"
"AYM00089573","2011-06-20","-69.367","76.367","18.0","ZHONGSHAN, AY",,,,,,," -144","H,,S"
"AYM00089573","2011-06-22","-69.367","76.367","18.0","ZHONGSHAN, AY",,,,,,," -158","H,,S"
"AYM00089573","2011-06-23","-69.367","76.367","18.0","ZHONGSHAN, AY",,,,,,," -174","H,,S"
"AYM00089573","2011-06-24","-69.367","76.367","18.0","ZHONGSHAN, AY",,,,,,," -160","H,,S"
"AYM00089573","2011-06-25","-69.367","76.367","18.0","ZHONGSHAN, AY",,,,,,," -137","H,,S"
"AYM00089573","2011-06-26","-69.367","76.367","18.0","ZHONGSHAN, AY",,,,,,," -142","H,,S"
"AYM00089573","2011-06-27","-69.367","76.367","18.0","ZHONGSHAN, AY",,,,,,," -173","H,,S"
"AYM00089573","2011-06-28","-69.367","76.367","18.0","ZHONGSHAN, AY",,,,,,," -203","H,,S"
"AYM00089573","2011-06-29","-69.367","76.367","18.0","ZHONGSHAN, AY",,,,,,," -222","H,,S"
"AYM00089573","2011-07-02","-69.367","76.367","18.0","ZHONGSHAN, AY",,,,,,,"  -72","H,,S"
"AYM00089573","2011-07-03","-69.367","76.367","18.0","ZHONGSHAN, AY",,,,,,,"  -44","H,,S"
"AYM00089573","2011-07-04","-69.367","76.367","18.0","ZHONGSHAN, AY",,,,,,,"  -54","H,,S"
"AYM00089573","2011-07-06","-69.367","76.367","18.0","ZHONGSHAN, AY",,,,,,,"  -67","H,,S"
"AYM00089573","2011-07-07","-69.367","76.367","18.0","ZHONGSHAN, AY",,,,,,,"  -73","H,,S"
"AYM00089573","2011-07-08","-69.367","76.367","18.0","ZHONGSHAN, AY",,,,,,," -100","H,,S"
"AYM00089573","2011-07-09","-69.367","76.367","18.0","ZHONGSHAN, AY",,,,,,,"  -51","H,,S"
"AYM00089573","2011-07-10","-69.367","76.367","18.0","ZHONGSHAN, AY",,,,,,,"  -63","H,,S"
"AYM00089573","2011-07-11","-69.367","76.367","18.0","ZHONGSHAN, AY",,,,,,,"  -79","H,,S"
"AYM00089573","2011-07-12","-69.367","76.367","18.0","ZHONGSHAN, AY",,,,,,,"  -87","H,,S"
"AYM00089573","2011-07-13","-69.367","76.367","18.0","ZHONGSHAN, AY",,,,,,," -123","H,,S"
"AYM00089573","2011-07-14","-69.367","76.367","18.0","ZHONGSHAN, AY",,,,,,," -218","H,,S"
"AYM00089573","2011-07-15","-69.367","76.367","18.0","ZHONGSHAN, AY",,,,,,," -116","H,,S"
"AYM00089573","2011-07-16","-69.367","76.367","18.0","ZHONGSHAN, AY",,,,,,," -140","H,,S"
"AYM00089573","2011-07-17","-69.367","76.367","18.0","ZHONGSHAN, AY",,,,,,," -197","H,,S"
"AYM00089573","2011-07-18","-69.367","76.367","18.0","ZHONGSHAN, AY",,,,,,," -182","H,,S"
"AYM00089573","2011-07-19","-69.367","76.367","18.0","ZHONGSHAN, AY",,,,,,," -143","H,,S"
"AYM00089573","2011-07-20","-69.367","76.367","18.0","ZHONGSHAN, AY",,,,,,," -147","H,,S"
"AYM00089573","2011-07-21","-69.367","76.367","18.0","ZHONGSHAN, AY",,,,,,,"  -93","H,,S"
"AYM00089573","2011-07-22","-69.367","76.367","18.0","ZHONGSHAN, AY",,,,,,," -144","H,,S"
"AYM00089573","2011-07-23","-69.367","76.367","18.0","ZHONGSHAN, AY",,,,,,," -135","H,,S"
"AYM00089573","2011-07-24","-69.367","76.367","18.0","ZHONGSHAN, AY",,,,,,," -138","H,,S"
"AYM00089573","2011-07-25","-69.367","76.367","18.0","ZHONGSHAN, AY",,,,,,," -111","H,,S"
"AYM00089573","2011-07-26","-69.367","76.367","18.0","ZHONGSHAN, AY",,,,,,," -133","H,,S"
"AYM00089573","2011-07-27","-69.367","76.367","18.0","ZHONGSHAN, AY",,,,,,," -188","H,,S"
"AYM00089573","2011-07-28","-69.367","76.367","18.0","ZHONGSHAN, AY",,,,,,," -165","H,,S"
"AYM00089573","2011-07-29","-69.367","76.367","18.0","ZHONGSHAN, AY",,,,,,," -108","H,,S"
"AYM00089573","2011-07-30","-69.367","76.367","18.0","ZHONGSHAN, AY",,,,,,," -119","H,,S"
"AYM00089573","2011-07-31","-69.367","76.367","18.0","ZHONGSHAN, AY",,,,,,," -181","H,,S"
"AYM00089573","2011-08-01","-69.367","76.367","18.0","ZHONGSHAN, AY",,,,,,," -178","H,,S"
"AYM00089573","2011-08-02","-69.367","76.367","18.0","ZHONGSHAN, AY",,,,,,," -166","H,,S"
"AYM00089573","2011-08-03","-69.367","76.367","18.0","ZHONGSHAN, AY",,,,,,," -149","H,,S"
"AYM00089573","2011-08-05","-69.367","76.367","18.0","ZHONGSHAN, AY",,,,,,,"  -62","H,,S"
"AYM00089573","2011-08-06","-69.367","76.367","18.0","ZHONGSHAN, AY",,,,,,,"  -78","H,,S"
"AYM00089573","2011-08-09","-69.367","76.367","18.0","ZHONGSHAN, AY",,,,,,,"  -92","H,,S"
"AYM00089573","2011-08-10","-69.367","76.367","18.0","ZHONGSHAN, AY",,,,,,,"  -51","H,,S"
"AYM00089573","2011-08-11","-69.367","76.367","18.0","ZHONGSHAN, AY",,,,,,,"  -58","H,,S"
"AYM00089573","2011-08-12","-69.367","76.367","18.0","ZHONGSHAN, AY",,,,,,,"  -87","H,,S"
"AYM00089573","2011-08-13","-69.367","76.367","18.0","ZHONGSHAN, AY",,,,,,,"  -79","H,,S"
"AYM00089573","2011-08-14","-69.367","76.367","18.0","ZHONGSHAN, AY",,,,,,," -110","H,,S"
"AYM00089573","2011-08-16","-69.367","76.367","18.0","ZHONGSHAN, AY",,,,,,," -165","H,,S"
"AYM00089573","2011-08-18","-69.367","76.367","18.0","ZHONGSHAN, AY",,,,,,," -109","H,,S"
"AYM00089573","2011-08-20","-69.367","76.367","18.0","ZHONGSHAN, AY",,,,,,," -195","H,,S"
"AYM00089573","2011-08-21","-69.367","76.367","18.0","ZHONGSHAN, AY",,,,,,," -272","H,,S"
"AYM00089573","2011-08-22","-69.367","76.367","18.0","ZHONGSHAN, AY",,,,,,," -276","H,,S"
"AYM00089573","2011-08-23","-69.367","76.367","18.0","ZHONGSHAN, AY",,,,,,," -175","H,,S"
"AYM00089573","2011-08-24","-69.367","76.367","18.0","ZHONGSHAN, AY",,,,,,," -147","H,,S"
"AYM00089573","2011-08-25","-69.367","76.367","18.0","ZHONGSHAN, AY",,,,,,," -172","H,,S"
"AYM00089573","2011-08-26","-69.367","76.367","18.0","ZHONGSHAN, AY",,,,,,," -168","H,,S"
"AYM00089573","2011-08-27","-69.367","76.367","18.0","ZHONGSHAN, AY",,,,,,," -219","H,,S"
"AYM00089573","2011-08-28","-69.367","76.367","18.0","ZHONGSHAN, AY",,,,,,," -223","H,,S"
"AYM00089573","2011-08-29","-69.367","76.367","18.0","ZHONGSHAN, AY",,,,,,," -195","H,,S"
"AYM00089573","2011-08-30","-69.367","76.367","18.0","ZHONGSHAN, AY",,,,,,," -182","H,,S"
"AYM00089573","2011-08-31","-69.367","76.367","18.0","ZHONGSHAN, AY",,,,,,," -119","H,,S"
"AYM00089573","2011-09-01","-69.367","76.367","18.0","ZHONGSHAN, AY",,,,,,,"  -84","H,,S"
"AYM00089573","2011-09-02","-69.367","76.367","18.0","ZHONGSHAN, AY",,,,,,," -107","H,,S"
"AYM00089573","2011-09-03","-69.367","76.367","18.0","ZHONGSHAN, AY",,,,,,," -123","H,,S"
"AYM00089573","2011-09-04","-69.367","76.367","18.0","ZHONGSHAN, AY",,,,,,," -137","H,,S"
"AYM00089573","2011-09-05","-69.367","76.367","18.0","ZHONGSHAN, AY",,,,,,," -139","H,,S"
"AYM00089573","2011-09-06","-69.367","76.367","18.0","ZHONGSHAN, AY",,,,,,,"  -83","H,,S"
"AYM00089573","2011-09-07","-69.367","76.367","18.0","ZHONGSHAN, AY",,,,,,," -100","H,,S"
"AYM00089573","2011-09-08","-69.367","76.367","18.0","ZHONGSHAN, AY",,,,,,," -172","H,,S"
"AYM00089573","2011-09-09","-69.367","76.367","18.0","ZHONGSHAN, AY",,,,,,," -181","H,,S"
"AYM00089573","2011-09-10","-69.367","76.367","18.0","ZHONGSHAN, AY",,,,,,," -144","H,,S"
"AYM00089573","2011-09-11","-69.367","76.367","18.0","ZHONGSHAN, AY",,,,,,," -183","H,,S"
"AYM00089573","2011-09-12","-69.367","76.367","18.0","ZHONGSHAN, AY",,,,,,," -202","H,,S"
"AYM00089573","2011-09-13","-69.367","76.367","18.0","ZHONGSHAN, AY",,,,,,," -183","H,,S"
"AYM00089573","2011-09-14","-69.367","76.367","18.0","ZHONGSHAN, AY",,,,,,," -156","H,,S"
"AYM00089573","2011-09-16","-69.367","76.367","18.0","ZHONGSHAN, AY",,,,,,,"  -93","H,,S"
"AYM00089573","2011-09-17","-69.367","76.367","18.0","ZHONGSHAN, AY",,,,,,," -109","H,,S"
"AYM00089573","2011-09-18","-69.367","76.367","18.0","ZHONGSHAN, AY",,,,,,," -128","H,,S"
"AYM00089573","2011-09-19","-69.367","76.367","18.0","ZHONGSHAN, AY",,,,,,," -172","H,,S"
"AYM00089573","2011-09-20","-69.367","76.367","18.0","ZHONGSHAN, AY",,,,,,," -220","H,,S"
"AYM00089573","2011-09-21","-69.367","76.367","18.0","ZHONGSHAN, AY",,,,,,," -222","H,,S"
"AYM00089573","2011-09-22","-69.367","76.367","18.0","ZHONGSHAN, AY",,,,,,," -191","H,,S"
"AYM00089573","2011-09-23","-69.367","76.367","18.0","ZHONGSHAN, AY",,,,,,," -259","H,,S"
"AYM00089573","2011-09-24","-69.367","76.367","18.0","ZHONGSHAN, AY",,,,,,," -218","H,,S"
"AYM00089573","2011-09-25","-69.367","76.367","18.0","ZHONGSHAN, AY",,,,,,," -100","H,,S"
"AYM00089573","2011-09-26","-69.367","76.367","18.0","ZHONGSHAN, AY",,,,,,," -102","H,,S"
"AYM00089573","2011-09-27","-69.367","76.367","18.0","ZHONGSHAN, AY",,,,,,," -136","H,,S"
"AYM00089573","2011-09-28","-69.367","76.367","18.0","ZHONGSHAN, AY",,,,,,," -159","H,,S"
"AYM00089573","2011-09-30","-69.367","76.367","18.0","ZHONGSHAN, AY",,,,,,," -160","H,,S"
"AYM00089573","2011-10-01","-69.367","76.367","18.0","ZHONGSHAN, AY",,,,,,," -152","H,,S"
"AYM00089573","2011-10-02","-69.367","76.367","18.0","ZHONGSHAN, AY",,,,,,," -145","H,,S"
"AYM00089573","2011-10-03","-69.367","76.367","18.0","ZHONGSHAN, AY",,,,,,," -154","H,,S"
"AYM00089573","2011-10-04","-69.367","76.367","18.0","ZHONGSHAN, AY",,,,,,," -167","H,,S"
"AYM00089573","2011-10-05","-69.367","76.367","18.0","ZHONGSHAN, AY",,,,,,," -176","H,,S"
"AYM00089573","2011-10-06","-69.367","76.367","18.0","ZHONGSHAN, AY",,,,,,," -178","H,,S"
"AYM00089573","2011-10-07","-69.367","76.367","18.0","ZHONGSHAN, AY",,,,,,," -170","H,,S"
"AYM00089573","2011-10-08","-69.367","76.367","18.0","ZHONGSHAN, AY",,,,,,," -206","H,,S"
"AYM00089573","2011-10-09","-69.367","76.367","18.0","ZHONGSHAN, AY",,,,,,," -198","H,,S"
"AYM00089573","2011-10-10","-69.367","76.367","18.0","ZHONGSHAN, AY",,,,,,," -131","H,,S"
"AYM00089573","2011-10-11","-69.367","76.367","18.0","ZHONGSHAN, AY",,,,,,," -178","H,,S"
"AYM00089573","2011-10-12","-69.367","76.367","18.0","ZHONGSHAN, AY",,,,,,," -174","H,,S"
"AYM00089573","2011-10-13","-69.367","76.367","18.0","ZHONGSHAN, AY",,,,,,," -171","H,,S"
"AYM00089573","2011-10-14","-69.367","76.367","18.0","ZHONGSHAN, AY",,,,,,," -159","H,,S"
"AYM00089573","2011-10-15","-69.367","76.367","18.0","ZHONGSHAN, AY",,,,,,," -149","H,,S"
"AYM00089573","2011-10-16","-69.367","76.367","18.0","ZHONGSHAN, AY",,,,,,," -115","H,,S"
"AYM00089573","2011-10-17","-69.367","76.367","18.0","ZHONGSHAN, AY",,,,,,," -123","H,,S"
"AYM00089573","2011-10-18","-69.367","76.367","18.0","ZHONGSHAN, AY",,,,,,," -113","H,,S"
"AYM00089573","2011-10-19","-69.367","76.367","18.0","ZHONGSHAN, AY",,,,,,," -107","H,,S"
"AYM00089573","2011-10-21","-69.367","76.367","18.0","ZHONGSHAN, AY",,,,,,," -153","H,,S"
"AYM00089573","2011-10-22","-69.367","76.367","18.0","ZHONGSHAN, AY",,,,,,," -106","H,,S"
"AYM00089573","2011-10-23","-69.367","76.367","18.0","ZHONGSHAN, AY",,,,,,,"  -76","H,,S"
"AYM00089573","2011-10-24","-69.367","76.367","18.0","ZHONGSHAN, AY",,,,,,," -113","H,,S"
"AYM00089573","2011-10-25","-69.367","76.367","18.0","ZHONGSHAN, AY",,,,,,," -138","H,,S"
"AYM00089573","2011-10-26","-69.367","76.367","18.0","ZHONGSHAN, AY",,,,,,," -143","H,,S"
"AYM00089573","2011-10-27","-69.367","76.367","18.0","ZHONGSHAN, AY",,,,,,," -119","H,,S"
"AYM00089573","2011-10-28","-69.367","76.367","18.0","ZHONGSHAN, AY",,,,,,," -157","H,,S"
"AYM00089573","2011-10-29","-69.367","76.367","18.0","ZHONGSHAN, AY",,,,,,," -158","H,,S"
"AYM00089573","2011-10-30","-69.367","76.367","18.0","ZHONGSHAN, AY",,,,,,," -170","H,,S"
"AYM00089573","2011-10-31","-69.367","76.367","18.0","ZHONGSHAN, AY",,,,,,," -164","H,,S"
"AYM00089573","2011-11-01","-69.367","76.367","18.0","ZHONGSHAN, AY",,,,,,,"  -98","H,,S"
"AYM00089573","2011-11-02","-69.367","76.367","18.0","ZHONGSHAN, AY",,,,,,," -104","H,,S"
"AYM00089573","2011-11-03","-69.367","76.367","18.0","ZHONGSHAN, AY",,,,,,," -106","H,,S"
"AYM00089573","2011-11-04","-69.367","76.367","18.0","ZHONGSHAN, AY",,,,,,,"  -89","H,,S"
"AYM00089573","2011-11-05","-69.367","76.367","18.0","ZHONGSHAN, AY",,,,,,,"  -65","H,,S"
"AYM00089573","2011-11-06","-69.367","76.367","18.0","ZHONGSHAN, AY",,,,,,,"  -77","H,,S"
"AYM00089573","2011-11-07","-69.367","76.367","18.0","ZHONGSHAN, AY",,,,,,,"  -93","H,,S"
"AYM00089573","2011-11-09","-69.367","76.367","18.0","ZHONGSHAN, AY",,,,,,,"  -41","H,,S"
"AYM00089573","2011-11-10","-69.367","76.367","18.0","ZHONGSHAN, AY",,,,,,,"  -46","H,,S"
"AYM00089573","2011-11-13","-69.367","76.367","18.0","ZHONGSHAN, AY",,,,,,,"  -53","H,,S"
"AYM00089573","2011-11-14","-69.367","76.367","18.0","ZHONGSHAN, AY",,,,,,,"  -36","H,,S"
"AYM00089573","2011-11-15","-69.367","76.367","18.0","ZHONGSHAN, AY",,,,,,,"  -24","H,,S"
"AYM00089573","2011-11-19","-69.367","76.367","18.0","ZHONGSHAN, AY",,,,,,,"  -18","H,,S"
"AYM00089573","2011-11-20","-69.367","76.367","18.0","ZHONGSHAN, AY",,,,,,,"  -12","H,,S"
"AYM00089573","2011-11-21","-69.367","76.367","18.0","ZHONGSHAN, AY",,,,,,,"   -7","H,,S"
"AYM00089573","2011-11-22","-69.367","76.367","18.0","ZHONGSHAN, AY",,,,,,,"   -6","H,,S"
"AYM00089573","2011-11-23","-69.367","76.367","18.0","ZHONGSHAN, AY",,,,,,,"    6","H,,S"
"AYM00089573","2011-11-24","-69.367","76.367","18.0","ZHONGSHAN, AY",,,,,,,"  -24","H,,S"
"AYM00089573","2011-11-25","-69.367","76.367","18.0","ZHONGSHAN, AY",,,,,,,"  -26","H,,S"
"AYM00089573","2011-11-26","-69.367","76.367","18.0","ZHONGSHAN, AY",,,,,,,"  -33","H,,S"
"AYM00089573","2011-11-27","-69.367","76.367","18.0","ZHONGSHAN, AY",,,,,,,"  -42","H,,S"
"AYM00089573","2011-11-28","-69.367","76.367","18.0","ZHONGSHAN, AY",,,,,,,"  -41","H,,S"
"AYM00089573","2011-12-01","-69.367","76.367","18.0","ZHONGSHAN, AY",,,,,,,"  -30","H,,S"
"AYM00089573","2011-12-02","-69.367","76.367","18.0","ZHONGSHAN, AY",,,,,,,"  -26","H,,S"
"AYM00089573","2011-12-03","-69.367","76.367","18.0","ZHONGSHAN, AY",,,,,,,"  -21","H,,S"
"AYM00089573","2011-12-04","-69.367","76.367","18.0","ZHONGSHAN, AY",,,,,,,"  -45","H,,S"
"AYM00089573","2011-12-05","-69.367","76.367","18.0","ZHONGSHAN, AY",,,,,,,"  -34","H,,S"
"AYM00089573","2011-12-06","-69.367","76.367","18.0","ZHONGSHAN, AY",,,,,,,"  -44","H,,S"
"AYM00089573","2011-12-08","-69.367","76.367","18.0","ZHONGSHAN, AY",,,,,,,"  -50","H,,S"
"AYM00089573","2011-12-09","-69.367","76.367","18.0","ZHONGSHAN, AY",,,,,,,"  -42","H,,S"
"AYM00089573","2011-12-10","-69.367","76.367","18.0","ZHONGSHAN, AY",,,,,,,"  -38","H,,S"
"AYM00089573","2011-12-16","-69.367","76.367","18.0","ZHONGSHAN, AY",,,,,,,"  -12","H,,S"
"AYM00089573","2011-12-18","-69.367","76.367","18.0","ZHONGSHAN, AY",,,,,,,"   -8","H,,S"
"AYM00089573","2011-12-20","-69.367","76.367","18.0","ZHONGSHAN, AY",,,,,,,"   21","H,,S"
"AYM00089573","2011-12-21","-69.367","76.367","18.0","ZHONGSHAN, AY",,,,,,,"   16","H,,S"
"AYM00089573","2011-12-22","-69.367","76.367","18.0","ZHONGSHAN, AY",,,,,,,"   17","H,,S"
"AYM00089573","2011-12-23","-69.367","76.367","18.0","ZHONGSHAN, AY",,,,,,,"   16","H,,S"
"AYM00089573","2011-12-24","-69.367","76.367","18.0","ZHONGSHAN, AY",,,,,,,"    2","H,,S"
"AYM00089573","2011-12-25","-69.367","76.367","18.0","ZHONGSHAN, AY",,,,,,,"   -2","H,,S"
"AYM00089573","2011-12-26","-69.367","76.367","18.0","ZHONGSHAN, AY",,,,,,,"    9","H,,S"
"AYM00089573","2011-12-27","-69.367","76.367","18.0","ZHONGSHAN, AY",,,,,,,"    3","H,,S"
"AYM00089573","2011-12-28","-69.367","76.367","18.0","ZHONGSHAN, AY",,,,,,,"  -12","H,,S"
"AYM00089573","2011-12-30","-69.367","76.367","18.0","ZHONGSHAN, AY",,,,,,,"   -9","H,,S"
"AYM00089573","2011-12-31","-69.367","76.367","18.0","ZHONGSHAN, AY",,,,,,,"   -4","H,,S"
"AYM00089573","2012-01-01","-69.367","76.367","18.0","ZHONGSHAN, AY",,,,,,,"  -17","H,,S"
"AYM00089573","2012-01-03","-69.367","76.367","18.0","ZHONGSHAN, AY",,,,,,,"   -1","H,,S"
"AYM00089573","2012-01-04","-69.367","76.367","18.0","ZHONGSHAN, AY",,,,,,,"    2","H,,S"
"AYM00089573","2012-01-05","-69.367","76.367","18.0","ZHONGSHAN, AY",,,,,,,"   -4","H,,S"
"AYM00089573","2012-01-07","-69.367","76.367","18.0","ZHONGSHAN, AY",,,,,,,"    2","H,,S"
"AYM00089573","2012-01-08","-69.367","76.367","18.0","ZHONGSHAN, AY",,,,,,,"   -6","H,,S"
"AYM00089573","2012-01-09","-69.367","76.367","18.0","ZHONGSHAN, AY",,,,,,,"  -11","H,,S"
"AYM00089573","2012-01-10","-69.367","76.367","18.0","ZHONGSHAN, AY",,,,,,,"    0","H,,S"
"AYM00089573","2012-01-11","-69.367","76.367","18.0","ZHONGSHAN, AY",,,,,,,"   -1","H,,S"
"AYM00089573","2012-01-12","-69.367","76.367","18.0","ZHONGSHAN, AY",,,,,,,"  -13","H,,S"
"AYM00089573","2012-01-16","-69.367","76.367","18.0","ZHONGSHAN, AY",,,,,,,"   -1","H,,S"
"AYM00089573","2012-01-17","-69.367","76.367","18.0","ZHONGSHAN, AY",,,,,,,"   -1","H,,S"
"AYM00089573","2012-01-18","-69.367","76.367","18.0","ZHONGSHAN, AY",,,,,,,"    6","H,,S"
"AYM00089573","2012-01-19","-69.367","76.367","18.0","ZHONGSHAN, AY",,,,,,,"    9","H,,S"
"AYM00089573","2012-01-21","-69.367","76.367","18.0","ZHONGSHAN, AY",,,,,,,"    9","H,,S"
"AYM00089573","2012-01-22","-69.367","76.367","18.0","ZHONGSHAN, AY",,,,,,,"    1","H,,S"
"AYM00089573","2012-01-24","-69.367","76.367","18.0","ZHONGSHAN, AY",,,,,,,"   -4","H,,S"
"AYM00089573","2012-01-25","-69.367","76.367","18.0","ZHONGSHAN, AY",,,,,,,"  -18","H,,S"
"AYM00089573","2012-01-26","-69.367","76.367","18.0","ZHONGSHAN, AY",,,,,,,"  -16","H,,S"
"AYM00089573","2012-01-27","-69.367","76.367","18.0","ZHONGSHAN, AY",,,,,,,"  -15","H,,S"
"AYM00089573","2012-01-28","-69.367","76.367","18.0","ZHONGSHAN, AY",,,,,,,"  -25","H,,S"
"AYM00089573","2012-01-29","-69.367","76.367","18.0","ZHONGSHAN, AY",,,,,,,"  -15","H,,S"
"AYM00089573","2012-01-30","-69.367","76.367","18.0","ZHONGSHAN, AY",,,,,,,"   -7","H,,S"
"AYM00089573","2012-01-31","-69.367","76.367","18.0","ZHONGSHAN, AY",,,,,,,"   -9","H,,S"
"AYM00089573","2012-02-02","-69.367","76.367","18.0","ZHONGSHAN, AY",,,,,,,"  -27","H,,S"
"AYM00089573","2012-02-03","-69.367","76.367","18.0","ZHONGSHAN, AY",,,,,,,"  -26","H,,S"
"AYM00089573","2012-02-04","-69.367","76.367","18.0","ZHONGSHAN, AY",,,,,,,"  -12","H,,S"
"AYM00089573","2012-02-05","-69.367","76.367","18.0","ZHONGSHAN, AY",,,,,,,"   -9","H,,S"
"AYM00089573","2012-02-06","-69.367","76.367","18.0","ZHONGSHAN, AY",,,,,,,"  -21","H,,S"
"AYM00089573","2012-02-07","-69.367","76.367","18.0","ZHONGSHAN, AY",,,,,,,"  -24","H,,S"
"AYM00089573","2012-02-08","-69.367","76.367","18.0","ZHONGSHAN, AY",,,,,,,"  -33","H,,S"
"AYM00089573","2012-02-10","-69.367","76.367","18.0","ZHONGSHAN, AY",,,,,,,"  -44","H,,S"
"AYM00089573","2012-02-11","-69.367","76.367","18.0","ZHONGSHAN, AY",,,,,,,"  -32","H,,S"
"AYM00089573","2012-02-14","-69.367","76.367","18.0","ZHONGSHAN, AY",,,,,,,"  -49","H,,S"
"AYM00089573","2012-02-16","-69.367","76.367","18.0","ZHONGSHAN, AY",,,,,,,"  -35","H,,S"
"AYM00089573","2012-02-18","-69.367","76.367","18.0","ZHONGSHAN, AY",,,,,,,"  -38","H,,S"
"AYM00089573","2012-02-19","-69.367","76.367","18.0","ZHONGSHAN, AY",,,,,,,"  -41","H,,S"
"AYM00089573","2012-02-20","-69.367","76.367","18.0","ZHONGSHAN, AY",,,,,,,"  -31","H,,S"
"AYM00089573","2012-02-21","-69.367","76.367","18.0","ZHONGSHAN, AY",,,,,,,"  -35","H,,S"
"AYM00089573","2012-02-23","-69.367","76.367","18.0","ZHONGSHAN, AY",,,,,,,"  -53","H,,S"
"AYM00089573","2012-02-26","-69.367","76.367","18.0","ZHONGSHAN, AY",,,,,,,"   -9","H,,S"
"AYM00089573","2012-02-27","-69.367","76.367","18.0","ZHONGSHAN, AY",,,,,,,"  -28","H,,S"
"AYM00089573","2012-02-28","-69.367","76.367","18.0","ZHONGSHAN, AY",,,,,,,"  -59","H,,S"
"AYM00089573","2012-02-29","-69.367","76.367","18.0","ZHONGSHAN, AY",,,,,,,"  -38","H,,S"
"AYM00089573","2012-03-02","-69.367","76.367","18.0","ZHONGSHAN, AY",,,,,,,"  -47","H,,S"
"AYM00089573","2012-03-03","-69.367","76.367","18.0","ZHONGSHAN, AY",,,,,,,"  -44","H,,S"
"AYM00089573","2012-03-04","-69.367","76.367","18.0","ZHONGSHAN, AY",,,,,,,"  -66","H,,S"
"AYM00089573","2012-03-05","-69.367","76.367","18.0","ZHONGSHAN, AY",,,,,,,"  -77","H,,S"
"AYM00089573","2012-03-06","-69.367","76.367","18.0","ZHONGSHAN, AY",,,,,,,"  -92","H,,S"
"AYM00089573","2012-03-07","-69.367","76.367","18.0","ZHONGSHAN, AY",,,,,,," -100","H,,S"
"AYM00089573","2012-03-08","-69.367","76.367","18.0","ZHONGSHAN, AY",,,,,,,"  -97","H,,S"
"AYM00089573","2012-03-09","-69.367","76.367","18.0","ZHONGSHAN, AY",,,,,,,"  -79","H,,S"
"AYM00089573","2012-03-10","-69.367","76.367","18.0","ZHONGSHAN, AY",,,,,,,"  -74","H,,S"
"AYM00089573","2012-03-12","-69.367","76.367","18.0","ZHONGSHAN, AY",,,,,,," -120","H,,S"
"AYM00089573","2012-03-14","-69.367","76.367","18.0","ZHONGSHAN, AY",,,,,,,"  -51","H,,S"
"AYM00089573","2012-03-15","-69.367","76.367","18.0","ZHONGSHAN, AY",,,,,,,"  -60","H,,S"
"AYM00089573","2012-03-19","-69.367","76.367","18.0","ZHONGSHAN, AY",,,,,,," -116","H,,S"
"AYM00089573","2012-03-20","-69.367","76.367","18.0","ZHONGSHAN, AY",,,,,,," -129","H,,S"
"AYM00089573","2012-03-21","-69.367","76.367","18.0","ZHONGSHAN, AY",,,,,,," -131","H,,S"
"AYM00089573","2012-03-22","-69.367","76.367","18.0","ZHONGSHAN, AY",,,,,,," -114","H,,S"
"AYM00089573","2012-03-24","-69.367","76.367","18.0","ZHONGSHAN, AY",,,,,,," -126","H,,S"
"AYM00089573","2012-03-25","-69.367","76.367","18.0","ZHONGSHAN, AY",,,,,,," -114","H,,S"
"AYM00089573","2012-03-26","-69.367","76.367","18.0","ZHONGSHAN, AY",,,,,,,"  -92","H,,S"
"AYM00089573","2012-03-27","-69.367","76.367","18.0","ZHONGSHAN, AY",,,,,,," -104","H,,S"
"AYM00089573","2012-03-28","-69.367","76.367","18.0","ZHONGSHAN, AY",,,,,,," -134","H,,S"
"AYM00089573","2012-03-29","-69.367","76.367","18.0","ZHONGSHAN, AY",,,,,,," -132","H,,S"
"AYM00089573","2012-03-30","-69.367","76.367","18.0","ZHONGSHAN, AY",,,,,,," -115","H,,S"
"AYM00089573","2012-04-01","-69.367","76.367","18.0","ZHONGSHAN, AY",,,,,,,"  -98","H,,S"
"AYM00089573","2012-04-03","-69.367","76.367","18.0","ZHONGSHAN, AY",,,,,,," -134","H,,S"
"AYM00089573","2012-04-05","-69.367","76.367","18.0","ZHONGSHAN, AY",,,,,,," -138","H,,S"
"AYM00089573","2012-04-06","-69.367","76.367","18.0","ZHONGSHAN, AY",,,,,,,"  -91","H,,S"
"AYM00089573","2012-04-07","-69.367","76.367","18.0","ZHONGSHAN, AY",,,,,,,"  -72","H,,S"
"AYM00089573","2012-04-09","-69.367","76.367","18.0","ZHONGSHAN, AY",,,,,,,"  -82","H,,S"
"AYM00089573","2012-04-10","-69.367","76.367","18.0","ZHONGSHAN, AY",,,,,,,"  -55","H,,S"
"AYM00089573","2012-04-11","-69.367","76.367","18.0","ZHONGSHAN, AY",,,,,,,"  -66","H,,S"
"AYM00089573","2012-04-12","-69.367","76.367","18.0","ZHONGSHAN, AY",,,,,,,"  -99","H,,S"
"AYM00089573","2012-04-14","-69.367","76.367","18.0","ZHONGSHAN, AY",,,,,,,"  -93","H,,S"
"AYM00089573","2012-04-16","-69.367","76.367","18.0","ZHONGSHAN, AY",,,,,,," -105","H,,S"
"AYM00089573","2012-04-17","-69.367","76.367","18.0","ZHONGSHAN, AY",,,,,,,"  -97","H,,S"
"AYM00089573","2012-04-18","-69.367","76.367","18.0","ZHONGSHAN, AY",,,,,,,"  -81","H,,S"
"AYM00089573","2012-04-19","-69.367","76.367","18.0","ZHONGSHAN, AY",,,,,,," -138","H,,S"
"AYM00089573","2012-04-21","-69.367","76.367","18.0","ZHONGSHAN, AY",,,,,,," -182","H,,S"
"AYM00089573","2012-04-22","-69.367","76.367","18.0","ZHONGSHAN, AY",,,,,,," -108","H,,S"
"AYM00089573","2012-04-25","-69.367","76.367","18.0","ZHONGSHAN, AY",,,,,,," -170","H,,S"
"AYM00089573","2012-04-26","-69.367","76.367","18.0","ZHONGSHAN, AY",,,,,,," -194","H,,S"
"AYM00089573","2012-04-27","-69.367","76.367","18.0","ZHONGSHAN, AY",,,,,,," -150","H,,S"
"AYM00089573","2012-04-28","-69.367","76.367","18.0","ZHONGSHAN, AY",,,,,,,"  -91","H,,S"
"AYM00089573","2012-04-29","-69.367","76.367","18.0","ZHONGSHAN, AY",,,,,,," -119","H,,S"
"AYM00089573","2012-04-30","-69.367","76.367","18.0","ZHONGSHAN, AY",,,,,,," -131","H,,S"
"AYM00089573","2012-05-01","-69.367","76.367","18.0","ZHONGSHAN, AY",,,,,,," -180","H,,S"
"AYM00089573","2012-05-02","-69.367","76.367","18.0","ZHONGSHAN, AY",,,,,,," -191","H,,S"
"AYM00089573","2012-05-03","-69.367","76.367","18.0","ZHONGSHAN, AY",,,,,,," -160","H,,S"
"AYM00089573","2012-05-04","-69.367","76.367","18.0","ZHONGSHAN, AY",,,,,,," -216","H,,S"
"AYM00089573","2012-05-05","-69.367","76.367","18.0","ZHONGSHAN, AY",,,,,,," -216","H,,S"
"AYM00089573","2012-05-07","-69.367","76.367","18.0","ZHONGSHAN, AY",,,,,,," -147","H,,S"
"AYM00089573","2012-05-08","-69.367","76.367","18.0","ZHONGSHAN, AY",,,,,,," -169","H,,S"
"AYM00089573","2012-05-09","-69.367","76.367","18.0","ZHONGSHAN, AY",,,,,,," -197","H,,S"
"AYM00089573","2012-05-10","-69.367","76.367","18.0","ZHONGSHAN, AY",,,,,,,"  -94","H,,S"
"AYM00089573","2012-05-11","-69.367","76.367","18.0","ZHONGSHAN, AY",,,,,,,"  -28","H,,S"
"AYM00089573","2012-05-12","-69.367","76.367","18.0","ZHONGSHAN, AY",,,,,,,"  -25","H,,S"
"AYM00089573","2012-05-13","-69.367","76.367","18.0","ZHONGSHAN, AY",,,,,,,"  -73","H,,S"
"AYM00089573","2012-05-14","-69.367","76.367","18.0","ZHONGSHAN, AY",,,,,,,"  -54","H,,S"
"AYM00089573","2012-05-17","-69.367","76.367","18.0","ZHONGSHAN, AY",,,,,,," -156","H,,S"
"AYM00089573","2012-05-18","-69.367","76.367","18.0","ZHONGSHAN, AY",,,,,,," -167","H,,S"
"AYM00089573","2012-05-19","-69.367","76.367","18.0","ZHONGSHAN, AY",,,,,,," -155","H,,S"
"AYM00089573","2012-05-20","-69.367","76.367","18.0","ZHONGSHAN, AY",,,,,,," -178","H,,S"
"AYM00089573","2012-05-21","-69.367","76.367","18.0","ZHONGSHAN, AY",,,,,,," -243","H,,S"
"AYM00089573","2012-05-22","-69.367","76.367","18.0","ZHONGSHAN, AY",,,,,,," -245","H,,S"
"AYM00089573","2012-05-23","-69.367","76.367","18.0","ZHONGSHAN, AY",,,,,,," -290","H,,S"
"AYM00089573","2012-05-24","-69.367","76.367","18.0","ZHONGSHAN, AY",,,,,,," -321","H,,S"
"AYM00089573","2012-05-25","-69.367","76.367","18.0","ZHONGSHAN, AY",,,,,,," -254","H,,S"
"AYM00089573","2012-05-26","-69.367","76.367","18.0","ZHONGSHAN, AY",,,,,,," -167","H,,S"
"AYM00089573","2012-05-27","-69.367","76.367","18.0","ZHONGSHAN, AY",,,,,,," -118","H,,S"
"AYM00089573","2012-05-28","-69.367","76.367","18.0","ZHONGSHAN, AY",,,,,,," -170","H,,S"
"AYM00089573","2012-05-29","-69.367","76.367","18.0","ZHONGSHAN, AY",,,,,,," -223","H,,S"
"AYM00089573","2012-05-30","-69.367","76.367","18.0","ZHONGSHAN, AY",,,,,,," -263","H,,S"
"AYM00089573","2012-06-01","-69.367","76.367","18.0","ZHONGSHAN, AY",,,,,,," -253","H,,S"
"AYM00089573","2012-06-02","-69.367","76.367","18.0","ZHONGSHAN, AY",,,,,,," -251","H,,S"
"AYM00089573","2012-06-03","-69.367","76.367","18.0","ZHONGSHAN, AY",,,,,,," -118","H,,S"
"AYM00089573","2012-06-05","-69.367","76.367","18.0","ZHONGSHAN, AY",,,,,,," -182","H,,S"
"AYM00089573","2012-06-06","-69.367","76.367","18.0","ZHONGSHAN, AY",,,,,,," -211","H,,S"
"AYM00089573","2012-06-07","-69.367","76.367","18.0","ZHONGSHAN, AY",,,,,,," -205","H,,S"
"AYM00089573","2012-06-10","-69.367","76.367","18.0","ZHONGSHAN, AY",,,,,,," -229","H,,S"
"AYM00089573","2012-06-11","-69.367","76.367","18.0","ZHONGSHAN, AY",,,,,,," -241","H,,S"
"AYM00089573","2012-06-12","-69.367","76.367","18.0","ZHONGSHAN, AY",,,,,,," -193","H,,S"
"AYM00089573","2012-06-13","-69.367","76.367","18.0","ZHONGSHAN, AY",,,,,,," -140","H,,S"
"AYM00089573","2012-06-14","-69.367","76.367","18.0","ZHONGSHAN, AY",,,,,,,"  -70","H,,S"
"AYM00089573","2012-06-15","-69.367","76.367","18.0","ZHONGSHAN, AY",,,,,,,"  -84","H,,S"
"AYM00089573","2012-06-16","-69.367","76.367","18.0","ZHONGSHAN, AY",,,,,,,"  -84","H,,S"
"AYM00089573","2012-06-17","-69.367","76.367","18.0","ZHONGSHAN, AY",,,,,,,"  -74","H,,S"
"AYM00089573","2012-06-18","-69.367","76.367","18.0","ZHONGSHAN, AY",,,,,,,"  -75","H,,S"
"AYM00089573","2012-06-19","-69.367","76.367","18.0","ZHONGSHAN, AY",,,,,,,"  -81","H,,S"
"AYM00089573","2012-06-20","-69.367","76.367","18.0","ZHONGSHAN, AY",,,,,,," -127","H,,S"
"AYM00089573","2012-06-22","-69.367","76.367","18.0","ZHONGSHAN, AY",,,,,,," -171","H,,S"
"AYM00089573","2012-06-23","-69.367","76.367","18.0","ZHONGSHAN, AY",,,,,,," -168","H,,S"
"AYM00089573","2012-06-25","-69.367","76.367","18.0","ZHONGSHAN, AY",,,,,,," -118","H,,S"
"AYM00089573","2012-06-26","-69.367","76.367","18.0","ZHONGSHAN, AY",,,,,,," -107","H,,S"
"AYM00089573","2012-06-27","-69.367","76.367","18.0","ZHONGSHAN, AY",,,,,,,"  -96","H,,S"
"AYM00089573","2012-06-28","-69.367","76.367","18.0","ZHONGSHAN, AY",,,,,,,"  -70","H,,S"
"AYM00089573","2012-06-29","-69.367","76.367","18.0","ZHONGSHAN, AY",,,,,,,"  -53","H,,S"
"AYM00089573","2012-06-30","-69.367","76.367","18.0","ZHONGSHAN, AY",,,,,,,"  -80","H,,S"
"AYM00089573","2012-07-01","-69.367","76.367","18.0","ZHONGSHAN, AY",,,,,,," -171","H,,S"
"AYM00089573","2012-07-02","-69.367","76.367","18.0","ZHONGSHAN, AY",,,,,,," -159","H,,S"
"AYM00089573","2012-07-03","-69.367","76.367","18.0","ZHONGSHAN, AY",,,,,,," -161","H,,S"
"AYM00089573","2012-07-04","-69.367","76.367","18.0","ZHONGSHAN, AY",,,,,,," -193","H,,S"
"AYM00089573","2012-07-05","-69.367","76.367","18.0","ZHONGSHAN, AY",,,,,,," -171","H,,S"
"AYM00089573","2012-07-06","-69.367","76.367","18.0","ZHONGSHAN, AY",,,,,,,"  -88","H,,S"
"AYM00089573","2012-07-07","-69.367","76.367","18.0","ZHONGSHAN, AY",,,,,,," -145","H,,S"
"AYM00089573","2012-07-08","-69.367","76.367","18.0","ZHONGSHAN, AY",,,,,,," -189","H,,S"
"AYM00089573","2012-07-09","-69.367","76.367","18.0","ZHONGSHAN, AY",,,,,,," -241","H,,S"
"AYM00089573","2012-07-10","-69.367","76.367","18.0","ZHONGSHAN, AY",,,,,,," -251","H,,S"
"AYM00089573","2012-07-11","-69.367","76.367","18.0","ZHONGSHAN, AY",,,,,,," -124","H,,S"
"AYM00089573","2012-07-12","-69.367","76.367","18.0","ZHONGSHAN, AY",,,,,,," -107","H,,S"
"AYM00089573","2012-07-13","-69.367","76.367","18.0","ZHONGSHAN, AY",,,,,,," -207","H,,S"
"AYM00089573","2012-07-14","-69.367","76.367","18.0","ZHONGSHAN, AY",,,,,,," -162","H,,S"
"AYM00089573","2012-07-15","-69.367","76.367","18.0","ZHONGSHAN, AY",,,,,,," -180","H,,S"
"AYM00089573","2012-07-16","-69.367","76.367","18.0","ZHONGSHAN, AY",,,,,,," -183","H,,S"
"AYM00089573","2012-07-18","-69.367","76.367","18.0","ZHONGSHAN, AY",,,,,,," -255","H,,S"
"AYM00089573","2012-07-19","-69.367","76.367","18.0","ZHONGSHAN, AY",,,,,,," -263","H,,S"
"AYM00089573","2012-07-20","-69.367","76.367","18.0","ZHONGSHAN, AY",,,,,,," -245","H,,S"
"AYM00089573","2012-07-21","-69.367","76.367","18.0","ZHONGSHAN, AY",,,,,,," -271","H,,S"
"AYM00089573","2012-07-22","-69.367","76.367","18.0","ZHONGSHAN, AY",,,,,,," -155","H,,S"
"AYM00089573","2012-07-23","-69.367","76.367","18.0","ZHONGSHAN, AY",,,,,,," -180","H,,S"
"AYM00089573","2012-07-24","-69.367","76.367","18.0","ZHONGSHAN, AY",,,,,,," -176","H,,S"
"AYM00089573","2012-07-25","-69.367","76.367","18.0","ZHONGSHAN, AY",,,,,,," -218","H,,S"
"AYM00089573","2012-07-26","-69.367","76.367","18.0","ZHONGSHAN, AY",,,,,,," -252","H,,S"
"AYM00089573","2012-07-27","-69.367","76.367","18.0","ZHONGSHAN, AY",,,,,,," -274","H,,S"
"AYM00089573","2012-07-28","-69.367","76.367","18.0","ZHONGSHAN, AY",,,,,,," -279","H,,S"
"AYM00089573","2012-07-29","-69.367","76.367","18.0","ZHONGSHAN, AY",,,,,,," -251","H,,S"
"AYM00089573","2012-07-30","-69.367","76.367","18.0","ZHONGSHAN, AY",,,,,,," -198","H,,S"
"AYM00089573","2012-07-31","-69.367","76.367","18.0","ZHONGSHAN, AY",,,,,,," -199","H,,S"
"AYM00089573","2012-08-01","-69.367","76.367","18.0","ZHONGSHAN, AY",,,,,,," -250","H,,S"
"AYM00089573","2012-08-02","-69.367","76.367","18.0","ZHONGSHAN, AY",,,,,,," -189","H,,S"
"AYM00089573","2012-08-03","-69.367","76.367","18.0","ZHONGSHAN, AY",,,,,,," -209","H,,S"
"AYM00089573","2012-08-05","-69.367","76.367","18.0","ZHONGSHAN, AY",,,,,,," -233","H,,S"
"AYM00089573","2012-08-06","-69.367","76.367","18.0","ZHONGSHAN, AY",,,,,,," -228","H,,S"
"AYM00089573","2012-08-07","-69.367","76.367","18.0","ZHONGSHAN, AY",,,,,,," -199","H,,S"
"AYM00089573","2012-08-08","-69.367","76.367","18.0","ZHONGSHAN, AY",,,,,,," -150","H,,S"
"AYM00089573","2012-08-09","-69.367","76.367","18.0","ZHONGSHAN, AY",,,,,,," -126","H,,S"
"AYM00089573","2012-08-10","-69.367","76.367","18.0","ZHONGSHAN, AY",,,,,,," -136","H,,S"
"AYM00089573","2012-08-12","-69.367","76.367","18.0","ZHONGSHAN, AY",,,,,,," -186","H,,S"
"AYM00089573","2012-08-13","-69.367","76.367","18.0","ZHONGSHAN, AY",,,,,,," -157","H,,S"
"AYM00089573","2012-08-14","-69.367","76.367","18.0","ZHONGSHAN, AY",,,,,,," -143","H,,S"
"AYM00089573","2012-08-15","-69.367","76.367","18.0","ZHONGSHAN, AY",,,,,,," -146","H,,S"
"AYM00089573","2012-08-16","-69.367","76.367","18.0","ZHONGSHAN, AY",,,,,,," -156","H,,S"
"AYM00089573","2012-08-19","-69.367","76.367","18.0","ZHONGSHAN, AY",,,,,,," -138","H,,S"
"AYM00089573","2012-08-20","-69.367","76.367","18.0","ZHONGSHAN, AY",,,,,,," -156","H,,S"
"AYM00089573","2012-08-21","-69.367","76.367","18.0","ZHONGSHAN, AY",,,,,,," -211","H,,S"
"AYM00089573","2012-08-22","-69.367","76.367","18.0","ZHONGSHAN, AY",,,,,,," -269","H,,S"
"AYM00089573","2012-08-23","-69.367","76.367","18.0","ZHONGSHAN, AY",,,,,,," -273","H,,S"
"AYM00089573","2012-08-24","-69.367","76.367","18.0","ZHONGSHAN, AY",,,,,,,"  -88","H,,S"
"AYM00089573","2012-08-25","-69.367","76.367","18.0","ZHONGSHAN, AY",,,,,,,"  -93","H,,S"
"AYM00089573","2012-08-26","-69.367","76.367","18.0","ZHONGSHAN, AY",,,,,,,"  -83","H,,S"
"AYM00089573","2012-08-27","-69.367","76.367","18.0","ZHONGSHAN, AY",,,,,,," -119","H,,S"
"AYM00089573","2012-08-28","-69.367","76.367","18.0","ZHONGSHAN, AY",,,,,,," -147","H,,S"
"AYM00089573","2012-08-29","-69.367","76.367","18.0","ZHONGSHAN, AY",,,,,,," -174","H,,S"
"AYM00089573","2012-08-30","-69.367","76.367","18.0","ZHONGSHAN, AY",,,,,,," -197","H,,S"
"AYM00089573","2012-08-31","-69.367","76.367","18.0","ZHONGSHAN, AY",,,,,,," -161","H,,S"
"AYM00089573","2012-09-01","-69.367","76.367","18.0","ZHONGSHAN, AY",,,,,,," -179","H,,S"
"AYM00089573","2012-09-04","-69.367","76.367","18.0","ZHONGSHAN, AY",,,,,,,"  -98","H,,S"
"AYM00089573","2012-09-05","-69.367","76.367","18.0","ZHONGSHAN, AY",,,,,,," -132","H,,S"
"AYM00089573","2012-09-06","-69.367","76.367","18.0","ZHONGSHAN, AY",,,,,,," -144","H,,S"
"AYM00089573","2012-09-07","-69.367","76.367","18.0","ZHONGSHAN, AY",,,,,,," -138","H,,S"
"AYM00089573","2012-09-08","-69.367","76.367","18.0","ZHONGSHAN, AY",,,,,,," -199","H,,S"
"AYM00089573","2012-09-09","-69.367","76.367","18.0","ZHONGSHAN, AY",,,,,,," -206","H,,S"
"AYM00089573","2012-09-10","-69.367","76.367","18.0","ZHONGSHAN, AY",,,,,,," -205","H,,S"
"AYM00089573","2012-09-11","-69.367","76.367","18.0","ZHONGSHAN, AY",,,,,,," -176","H,,S"
"AYM00089573","2012-09-12","-69.367","76.367","18.0","ZHONGSHAN, AY",,,,,,," -151","H,,S"
"AYM00089573","2012-09-13","-69.367","76.367","18.0","ZHONGSHAN, AY",,,,,,," -168","H,,S"
"AYM00089573","2012-09-14","-69.367","76.367","18.0","ZHONGSHAN, AY",,,,,,," -188","H,,S"
"AYM00089573","2012-09-15","-69.367","76.367","18.0","ZHONGSHAN, AY",,,,,,," -220","H,,S"
"AYM00089573","2012-09-17","-69.367","76.367","18.0","ZHONGSHAN, AY",,,,,,," -268","H,,S"
"AYM00089573","2012-09-20","-69.367","76.367","18.0","ZHONGSHAN, AY",,,,,,," -113","H,,S"
"AYM00089573","2012-09-21","-69.367","76.367","18.0","ZHONGSHAN, AY",,,,,,," -121","H,,S"
"AYM00089573","2012-09-22","-69.367","76.367","18.0","ZHONGSHAN, AY",,,,,,," -117","H,,S"
"AYM00089573","2012-09-23","-69.367","76.367","18.0","ZHONGSHAN, AY",,,,,,," -128","H,,S"
"AYM00089573","2012-09-24","-69.367","76.367","18.0","ZHONGSHAN, AY",,,,,,," -159","H,,S"
"AYM00089573","2012-09-25","-69.367","76.367","18.0","ZHONGSHAN, AY",,,,,,," -209","H,,S"
"AYM00089573","2012-09-26","-69.367","76.367","18.0","ZHONGSHAN, AY",,,,,,," -134","H,,S"
"AYM00089573","2012-09-28","-69.367","76.367","18.0","ZHONGSHAN, AY",,,,,,,"  -97","H,,S"
"AYM00089573","2012-09-29","-69.367","76.367","18.0","ZHONGSHAN, AY",,,,,,," -141","H,,S"
"AYM00089573","2012-09-30","-69.367","76.367","18.0","ZHONGSHAN, AY",,,,,,," -157","H,,S"
"AYM00089573","2012-10-01","-69.367","76.367","18.0","ZHONGSHAN, AY",,,,,,," -146","H,,S"
"AYM00089573","2012-10-02","-69.367","76.367","18.0","ZHONGSHAN, AY",,,,,,," -121","H,,S"
"AYM00089573","2012-10-03","-69.367","76.367","18.0","ZHONGSHAN, AY",,,,,,,"  -98","H,,S"
"AYM00089573","2012-10-04","-69.367","76.367","18.0","ZHONGSHAN, AY",,,,,,,"  -99","H,,S"
"AYM00089573","2012-10-06","-69.367","76.367","18.0","ZHONGSHAN, AY",,,,,,," -138","H,,S"
"AYM00089573","2012-10-07","-69.367","76.367","18.0","ZHONGSHAN, AY",,,,,,," -162","H,,S"
"AYM00089573","2012-10-08","-69.367","76.367","18.0","ZHONGSHAN, AY",,,,,,," -156","H,,S"
"AYM00089573","2012-10-09","-69.367","76.367","18.0","ZHONGSHAN, AY",,,,,,," -121","H,,S"
"AYM00089573","2012-10-11","-69.367","76.367","18.0","ZHONGSHAN, AY",,,,,,,"  -71","H,,S"
"AYM00089573","2012-10-12","-69.367","76.367","18.0","ZHONGSHAN, AY",,,,,,," -103","H,,S"
"AYM00089573","2012-10-14","-69.367","76.367","18.0","ZHONGSHAN, AY",,,,,,," -133","H,,S"
"AYM00089573","2012-10-15","-69.367","76.367","18.0","ZHONGSHAN, AY",,,,,,," -158","H,,S"
"AYM00089573","2012-10-16","-69.367","76.367","18.0","ZHONGSHAN, AY",,,,,,," -131","H,,S"
"AYM00089573","2012-10-18","-69.367","76.367","18.0","ZHONGSHAN, AY",,,,,,,"  -84","H,,S"
"AYM00089573","2012-10-19","-69.367","76.367","18.0","ZHONGSHAN, AY",,,,,,,"  -78","H,,S"
"AYM00089573","2012-10-20","-69.367","76.367","18.0","ZHONGSHAN, AY",,,,,,,"  -98","H,,S"
"AYM00089573","2012-10-21","-69.367","76.367","18.0","ZHONGSHAN, AY",,,,,,,"  -96","H,,S"
"AYM00089573","2012-10-22","-69.367","76.367","18.0","ZHONGSHAN, AY",,,,,,,"  -57","H,,S"
"AYM00089573","2012-10-24","-69.367","76.367","18.0","ZHONGSHAN, AY",,,,,,,"  -36","H,,S"
"AYM00089573","2012-10-25","-69.367","76.367","18.0","ZHONGSHAN, AY",,,,,,,"  -47","H,,S"
"AYM00089573","2012-10-28","-69.367","76.367","18.0","ZHONGSHAN, AY",,,,,,,"  -65","H,,S"
"AYM00089573","2012-10-29","-69.367","76.367","18.0","ZHONGSHAN, AY",,,,,,,"  -57","H,,S"
"AYM00089573","2012-10-30","-69.367","76.367","18.0","ZHONGSHAN, AY",,,,,,," -116","H,,S"
"AYM00089573","2012-10-31","-69.367","76.367","18.0","ZHONGSHAN, AY",,,,,,," -122","H,,S"
"AYM00089573","2012-11-02","-69.367","76.367","18.0","ZHONGSHAN, AY",,,,,,," -115","H,,S"
"AYM00089573","2012-11-03","-69.367","76.367","18.0","ZHONGSHAN, AY",,,,,,," -109","H,,S"
"AYM00089573","2012-11-04","-69.367","76.367","18.0","ZHONGSHAN, AY",,,,,,," -101","H,,S"
"AYM00089573","2012-11-06","-69.367","76.367","18.0","ZHONGSHAN, AY",,,,,,,"  -78","H,,S"
"AYM00089573","2012-11-07","-69.367","76.367","18.0","ZHONGSHAN, AY",,,,,,,"  -47","H,,S"
"AYM00089573","2012-11-08","-69.367","76.367","18.0","ZHONGSHAN, AY",,,,,,,"  -46","H,,S"
"AYM00089573","2012-11-10","-69.367","76.367","18.0","ZHONGSHAN, AY",,,,,,,"   -1","H,,S"
"AYM00089573","2012-11-11","-69.367","76.367","18.0","ZHONGSHAN, AY",,,,,,,"  -34","H,,S"
"AYM00089573","2012-11-12","-69.367","76.367","18.0","ZHONGSHAN, AY",,,,,,,"  -67","H,,S"
"AYM00089573","2012-11-13","-69.367","76.367","18.0","ZHONGSHAN, AY",,,,,,,"  -72","H,,S"
"AYM00089573","2012-11-14","-69.367","76.367","18.0","ZHONGSHAN, AY",,,,,,,"  -30","H,,S"
"AYM00089573","2012-11-15","-69.367","76.367","18.0","ZHONGSHAN, AY",,,,,,,"   -1","H,,S"
"AYM00089573","2012-11-16","-69.367","76.367","18.0","ZHONGSHAN, AY",,,,,,,"  -12","H,,S"
"AYM00089573","2012-11-17","-69.367","76.367","18.0","ZHONGSHAN, AY",,,,,,,"    7","H,,S"
"AYM00089573","2012-11-18","-69.367","76.367","18.0","ZHONGSHAN, AY",,,,,,,"   16","H,,S"
"AYM00089573","2012-11-19","-69.367","76.367","18.0","ZHONGSHAN, AY",,,,,,,"    3","H,,S"
"AYM00089573","2012-11-20","-69.367","76.367","18.0","ZHONGSHAN, AY",,,,,,,"    6","H,,S"
"AYM00089573","2012-11-22","-69.367","76.367","18.0","ZHONGSHAN, AY",,,,,,,"  -13","H,,S"
"AYM00089573","2012-11-24","-69.367","76.367","18.0","ZHONGSHAN, AY",,,,,,,"  -37","H,,S"
"AYM00089573","2012-11-26","-69.367","76.367","18.0","ZHONGSHAN, AY",,,,,,,"  -27","H,,S"
"AYM00089573","2012-11-27","-69.367","76.367","18.0","ZHONGSHAN, AY",,,,,,,"  -24","H,,S"
"AYM00089573","2012-11-30","-69.367","76.367","18.0","ZHONGSHAN, AY",,,,,,,"  -13","H,,S"
"AYM00089573","2012-12-01","-69.367","76.367","18.0","ZHONGSHAN, AY",,,,,,,"  -20","H,,S"
"AYM00089573","2012-12-02","-69.367","76.367","18.0","ZHONGSHAN, AY",,,,,,,"  -35","H,,S"
"AYM00089573","2012-12-03","-69.367","76.367","18.0","ZHONGSHAN, AY",,,,,,,"  -19","H,,S"
"AYM00089573","2012-12-04","-69.367","76.367","18.0","ZHONGSHAN, AY",,,,,,,"   -8","H,,S"
"AYM00089573","2012-12-05","-69.367","76.367","18.0","ZHONGSHAN, AY",,,,,,,"    4","H,,S"
"AYM00089573","2012-12-06","-69.367","76.367","18.0","ZHONGSHAN, AY",,,,,,,"   -2","H,,S"
"AYM00089573","2012-12-07","-69.367","76.367","18.0","ZHONGSHAN, AY",,,,,,,"    9","H,,S"
"AYM00089573","2012-12-08","-69.367","76.367","18.0","ZHONGSHAN, AY",,,,,,,"   25","H,,S"
"AYM00089573","2012-12-09","-69.367","76.367","18.0","ZHONGSHAN, AY",,,,,,,"   15","H,,S"
"AYM00089573","2012-12-10","-69.367","76.367","18.0","ZHONGSHAN, AY",,,,,,,"    1","H,,S"
"AYM00089573","2012-12-11","-69.367","76.367","18.0","ZHONGSHAN, AY",,,,,,,"   11","H,,S"
"AYM00089573","2012-12-12","-69.367","76.367","18.0","ZHONGSHAN, AY",,,,,,,"   -9","H,,S"
"AYM00089573","2012-12-13","-69.367","76.367","18.0","ZHONGSHAN, AY",,,,,,,"   -2","H,,S"
"AYM00089573","2012-12-14","-69.367","76.367","18.0","ZHONGSHAN, AY",,,,,,,"   -2","H,,S"
"AYM00089573","2012-12-15","-69.367","76.367","18.0","ZHONGSHAN, AY",,,,,,,"    2","H,,S"
"AYM00089573","2012-12-16","-69.367","76.367","18.0","ZHONGSHAN, AY",,,,,,,"    4","H,,S"
"AYM00089573","2012-12-17","-69.367","76.367","18.0","ZHONGSHAN, AY",,,,,,,"    9","H,,S"
"AYM00089573","2012-12-19","-69.367","76.367","18.0","ZHONGSHAN, AY",,,,,,,"    4","H,,S"
"AYM00089573","2012-12-20","-69.367","76.367","18.0","ZHONGSHAN, AY",,,,,,,"   13","H,,S"
"AYM00089573","2012-12-21","-69.367","76.367","18.0","ZHONGSHAN, AY",,,,,,,"   -1","H,,S"
"AYM00089573","2012-12-22","-69.367","76.367","18.0","ZHONGSHAN, AY",,,,,,,"   -8","H,,S"
"AYM00089573","2012-12-23","-69.367","76.367","18.0","ZHONGSHAN, AY",,,,,,,"   -1","H,,S"
"AYM00089573","2012-12-25","-69.367","76.367","18.0","ZHONGSHAN, AY",,,,,,,"   23","H,,S"
"AYM00089573","2012-12-26","-69.367","76.367","18.0","ZHONGSHAN, AY",,,,,,,"   13","H,,S"
"AYM00089573","2012-12-27","-69.367","76.367","18.0","ZHONGSHAN, AY",,,,,,,"   -4","H,,S"
"AYM00089573","2012-12-29","-69.367","76.367","18.0","ZHONGSHAN, AY",,,,,,,"  -13","H,,S"
"AYM00089573","2012-12-30","-69.367","76.367","18.0","ZHONGSHAN, AY",,,,,,,"   -2","H,,S"
"AYM00089573","2012-12-31","-69.367","76.367","18.0","ZHONGSHAN, AY",,,,,,,"   -9","H,,S"
"AYM00089573","2015-01-01","-69.367","76.367","18.0","ZHONGSHAN, AY",,,,,,,"   -4","H,,S"
"AYM00089573","2015-01-02","-69.367","76.367","18.0","ZHONGSHAN, AY",,,,,,,"   14","H,,S"
"AYM00089573","2015-01-03","-69.367","76.367","18.0","ZHONGSHAN, AY",,,,,,,"   13","H,,S"
"AYM00089573","2015-01-04","-69.367","76.367","18.0","ZHONGSHAN, AY",,,,,,,"   18","H,,S"
"AYM00089573","2015-01-05","-69.367","76.367","18.0","ZHONGSHAN, AY",,,,,,,"   17","H,,S"
"AYM00089573","2015-01-06","-69.367","76.367","18.0","ZHONGSHAN, AY",,,,,,,"   12","H,,S"
"AYM00089573","2015-01-07","-69.367","76.367","18.0","ZHONGSHAN, AY",,,,,,,"   17","H,,S"
"AYM00089573","2015-01-08","-69.367","76.367","18.0","ZHONGSHAN, AY",,,,,,,"   22","H,,S"
"AYM00089573","2015-01-09","-69.367","76.367","18.0","ZHONGSHAN, AY",,,,,,,"   10","H,,S"
"AYM00089573","2015-01-10","-69.367","76.367","18.0","ZHONGSHAN, AY",,,,,,,"   -3","H,,S"
"AYM00089573","2015-01-13","-69.367","76.367","18.0","ZHONGSHAN, AY",,,,,,,"  -22","H,,S"
"AYM00089573","2015-01-14","-69.367","76.367","18.0","ZHONGSHAN, AY",,,,,,,"   -1","H,,S"
"AYM00089573","2015-01-15","-69.367","76.367","18.0","ZHONGSHAN, AY",,,,,,,"   -2","H,,S"
"AYM00089573","2015-01-16","-69.367","76.367","18.0","ZHONGSHAN, AY",,,,,,,"   -3","H,,S"
"AYM00089573","2015-01-17","-69.367","76.367","18.0","ZHONGSHAN, AY",,,,,,,"    8","H,,S"
"AYM00089573","2015-01-18","-69.367","76.367","18.0","ZHONGSHAN, AY",,,,,,,"    7","H,,S"
"AYM00089573","2015-01-19","-69.367","76.367","18.0","ZHONGSHAN, AY",,,,,,,"  -10","H,,S"
"AYM00089573","2015-01-21","-69.367","76.367","18.0","ZHONGSHAN, AY",,,,,,,"  -10","H,,S"
"AYM00089573","2015-01-22","-69.367","76.367","18.0","ZHONGSHAN, AY",,,,,,,"    6","H,,S"
"AYM00089573","2015-01-23","-69.367","76.367","18.0","ZHONGSHAN, AY",,,,,,,"   -2","H,,S"
"AYM00089573","2015-01-24","-69.367","76.367","18.0","ZHONGSHAN, AY",,,,,,,"   19","H,,S"
"AYM00089573","2015-01-25","-69.367","76.367","18.0","ZHONGSHAN, AY",,,,,,,"   21","H,,S"
"AYM00089573","2015-01-26","-69.367","76.367","18.0","ZHONGSHAN, AY",,,,,,,"   18","H,,S"
"AYM00089573","2015-01-27","-69.367","76.367","18.0","ZHONGSHAN, AY",,,,,,,"   27","H,,S"
"AYM00089573","2015-01-28","-69.367","76.367","18.0","ZHONGSHAN, AY",,,,,,,"   14","H,,S"
"AYM00089573","2015-01-29","-69.367","76.367","18.0","ZHONGSHAN, AY",,,,,,,"   24","H,,S"
"AYM00089573","2015-01-30","-69.367","76.367","18.0","ZHONGSHAN, AY",,,,,,,"   29","H,,S"
"AYM00089573","2015-01-31","-69.367","76.367","18.0","ZHONGSHAN, AY",,,,,,,"   26","H,,S"
"AYM00089573","2015-02-01","-69.367","76.367","18.0","ZHONGSHAN, AY",,,,,,,"   -6","H,,S"
"AYM00089573","2015-02-02","-69.367","76.367","18.0","ZHONGSHAN, AY",,,,,,,"  -18","H,,S"
"AYM00089573","2015-02-03","-69.367","76.367","18.0","ZHONGSHAN, AY",,,,,,,"   17","H,,S"
"AYM00089573","2015-02-04","-69.367","76.367","18.0","ZHONGSHAN, AY",,,,,,,"    1","H,,S"
"AYM00089573","2015-02-05","-69.367","76.367","18.0","ZHONGSHAN, AY",,,,,,,"   -3","H,,S"
"AYM00089573","2015-02-06","-69.367","76.367","18.0","ZHONGSHAN, AY",,,,,,,"   -1","H,,S"
"AYM00089573","2015-02-07","-69.367","76.367","18.0","ZHONGSHAN, AY",,,,,,,"    9","H,,S"
"AYM00089573","2015-02-08","-69.367","76.367","18.0","ZHONGSHAN, AY",,,,,,,"  -14","H,,S"
"AYM00089573","2015-02-09","-69.367","76.367","18.0","ZHONGSHAN, AY",,,,,,,"  -26","H,,S"
"AYM00089573","2015-02-10","-69.367","76.367","18.0","ZHONGSHAN, AY",,,,,,,"  -29","H,,S"
"AYM00089573","2015-02-11","-69.367","76.367","18.0","ZHONGSHAN, AY",,,,,,,"  -40","H,,S"
"AYM00089573","2015-02-12","-69.367","76.367","18.0","ZHONGSHAN, AY",,,,,,,"  -36","H,,S"
"AYM00089573","2015-02-13","-69.367","76.367","18.0","ZHONGSHAN, AY",,,,,,,"  -17","H,,S"
"AYM00089573","2015-02-14","-69.367","76.367","18.0","ZHONGSHAN, AY",,,,,,,"    3","H,,S"
"AYM00089573","2015-02-15","-69.367","76.367","18.0","ZHONGSHAN, AY",,,,,,,"  -11","H,,S"
"AYM00089573","2015-02-16","-69.367","76.367","18.0","ZHONGSHAN, AY",,,,,,,"   -6","H,,S"
"AYM00089573","2015-02-17","-69.367","76.367","18.0","ZHONGSHAN, AY",,,,,,,"  -18","H,,S"
"AYM00089573","2015-02-18","-69.367","76.367","18.0","ZHONGSHAN, AY",,,,,,,"  -31","H,,S"
"AYM00089573","2015-02-19","-69.367","76.367","18.0","ZHONGSHAN, AY",,,,,,,"  -31","H,,S"
"AYM00089573","2015-02-20","-69.367","76.367","18.0","ZHONGSHAN, AY",,,,,,,"  -34","H,,S"
"AYM00089573","2015-02-21","-69.367","76.367","18.0","ZHONGSHAN, AY",,,,,,,"  -31","H,,S"
"AYM00089573","2015-02-22","-69.367","76.367","18.0","ZHONGSHAN, AY",,,,,,,"  -29","H,,S"
"AYM00089573","2015-02-23","-69.367","76.367","18.0","ZHONGSHAN, AY",,,,,,,"  -29","H,,S"
"AYM00089573","2015-02-24","-69.367","76.367","18.0","ZHONGSHAN, AY",,,,,,,"  -39","H,,S"
"AYM00089573","2015-02-25","-69.367","76.367","18.0","ZHONGSHAN, AY",,,,,,,"  -46","H,,S"
"AYM00089573","2015-02-26","-69.367","76.367","18.0","ZHONGSHAN, AY",,,,,,,"  -45","H,,S"
"AYM00089573","2015-02-27","-69.367","76.367","18.0","ZHONGSHAN, AY",,,,,,,"  -33","H,,S"
"AYM00089573","2015-02-28","-69.367","76.367","18.0","ZHONGSHAN, AY",,,,,,,"  -53","H,,S"
"AYM00089573","2015-03-01","-69.367","76.367","18.0","ZHONGSHAN, AY",,,,,,,"  -76","H,,S"
"AYM00089573","2015-03-02","-69.367","76.367","18.0","ZHONGSHAN, AY",,,,,,,"  -67","H,,S"
"AYM00089573","2015-03-03","-69.367","76.367","18.0","ZHONGSHAN, AY",,,,,,,"  -53","H,,S"
"AYM00089573","2015-03-04","-69.367","76.367","18.0","ZHONGSHAN, AY",,,,,,,"  -55","H,,S"
"AYM00089573","2015-03-05","-69.367","76.367","18.0","ZHONGSHAN, AY",,,,,,,"  -78","H,,S"
"AYM00089573","2015-03-06","-69.367","76.367","18.0","ZHONGSHAN, AY",,,,,,," -102","H,,S"
"AYM00089573","2015-03-07","-69.367","76.367","18.0","ZHONGSHAN, AY",,,,,,,"  -84","H,,S"
"AYM00089573","2015-03-08","-69.367","76.367","18.0","ZHONGSHAN, AY",,,,,,,"  -60","H,,S"
"AYM00089573","2015-03-09","-69.367","76.367","18.0","ZHONGSHAN, AY",,,,,,,"  -63","H,,S"
"AYM00089573","2015-03-10","-69.367","76.367","18.0","ZHONGSHAN, AY",,,,,,,"  -27","H,,S"
"AYM00089573","2015-03-11","-69.367","76.367","18.0","ZHONGSHAN, AY",,,,,,,"  -20","H,,S"
"AYM00089573","2015-03-12","-69.367","76.367","18.0","ZHONGSHAN, AY",,,,,,,"  -34","H,,S"
"AYM00089573","2015-03-13","-69.367","76.367","18.0","ZHONGSHAN, AY",,,,,,,"  -38","H,,S"
"AYM00089573","2015-03-14","-69.367","76.367","18.0","ZHONGSHAN, AY",,,,,,,"  -70","H,,S"
"AYM00089573","2015-03-15","-69.367","76.367","18.0","ZHONGSHAN, AY",,,,,,,"  -93","H,,S"
"AYM00089573","2015-03-16","-69.367","76.367","18.0","ZHONGSHAN, AY",,,,,,," -101","H,,S"
"AYM00089573","2015-03-17","-69.367","76.367","18.0","ZHONGSHAN, AY",,,,,,," -108","H,,S"
"AYM00089573","2015-03-18","-69.367","76.367","18.0","ZHONGSHAN, AY",,,,,,,"  -88","H,,S"
"AYM00089573","2015-03-19","-69.367","76.367","18.0","ZHONGSHAN, AY",,,,,,,"  -88","H,,S"
"AYM00089573","2015-03-20","-69.367","76.367","18.0","ZHONGSHAN, AY",,,,,,," -111","H,,S"
"AYM00089573","2015-03-21","-69.367","76.367","18.0","ZHONGSHAN, AY",,,,,,," -110","H,,S"
"AYM00089573","2015-03-22","-69.367","76.367","18.0","ZHONGSHAN, AY",,,,,,," -121","H,,S"
"AYM00089573","2015-03-24","-69.367","76.367","18.0","ZHONGSHAN, AY",,,,,,,"  -37","H,,S"
"AYM00089573","2015-03-25","-69.367","76.367","18.0","ZHONGSHAN, AY",,,,,,,"  -55","H,,S"
"AYM00089573","2015-03-26","-69.367","76.367","18.0","ZHONGSHAN, AY",,,,,,,"  -73","H,,S"
"AYM00089573","2015-03-27","-69.367","76.367","18.0","ZHONGSHAN, AY",,,,,,," -131","H,,S"
"AYM00089573","2015-03-28","-69.367","76.367","18.0","ZHONGSHAN, AY",,,,,,," -146","H,,S"
"AYM00089573","2015-03-29","-69.367","76.367","18.0","ZHONGSHAN, AY",,,,,,," -131","H,,S"
"AYM00089573","2015-03-30","-69.367","76.367","18.0","ZHONGSHAN, AY",,,,,,," -129","H,,S"
"AYM00089573","2015-03-31","-69.367","76.367","18.0","ZHONGSHAN, AY",,,,,,," -105","H,,S"
"AYM00089573","2015-04-01","-69.367","76.367","18.0","ZHONGSHAN, AY",,,,,,," -185","H,,S"
"AYM00089573","2015-04-02","-69.367","76.367","18.0","ZHONGSHAN, AY",,,,,,," -169","H,,S"
"AYM00089573","2015-04-03","-69.367","76.367","18.0","ZHONGSHAN, AY",,,,,,," -192","H,,S"
"AYM00089573","2015-04-04","-69.367","76.367","18.0","ZHONGSHAN, AY",,,,,,," -204","H,,S"
"AYM00089573","2015-04-05","-69.367","76.367","18.0","ZHONGSHAN, AY",,,,,,," -152","H,,S"
"AYM00089573","2015-04-06","-69.367","76.367","18.0","ZHONGSHAN, AY",,,,,,," -119","H,,S"
"AYM00089573","2015-04-07","-69.367","76.367","18.0","ZHONGSHAN, AY",,,,,,,"  -92","H,,S"
"AYM00089573","2015-04-08","-69.367","76.367","18.0","ZHONGSHAN, AY",,,,,,," -108","H,,S"
"AYM00089573","2015-04-09","-69.367","76.367","18.0","ZHONGSHAN, AY",,,,,,," -162","H,,S"
"AYM00089573","2015-04-10","-69.367","76.367","18.0","ZHONGSHAN, AY",,,,,,," -146","H,,S"
"AYM00089573","2015-04-13","-69.367","76.367","18.0","ZHONGSHAN, AY",,,,,,,"  -86","H,,S"
"AYM00089573","2015-04-14","-69.367","76.367","18.0","ZHONGSHAN, AY",,,,,,," -192","H,,S"
"AYM00089573","2015-04-15","-69.367","76.367","18.0","ZHONGSHAN, AY",,,,,,," -220","H,,S"
"AYM00089573","2015-04-16","-69.367","76.367","18.0","ZHONGSHAN, AY",,,,,,," -243","H,,S"
"AYM00089573","2015-04-17","-69.367","76.367","18.0","ZHONGSHAN, AY",,,,,,," -153","H,,S"
"AYM00089573","2015-04-18","-69.367","76.367","18.0","ZHONGSHAN, AY",,,,,,,"  -77","H,,S"
"AYM00089573","2015-04-19","-69.367","76.367","18.0","ZHONGSHAN, AY",,,,,,," -100","H,,S"
"AYM00089573","2015-04-20","-69.367","76.367","18.0","ZHONGSHAN, AY",,,,,,," -139","H,,S"
"AYM00089573","2015-04-21","-69.367","76.367","18.0","ZHONGSHAN, AY",,,,,,," -174","H,,S"
"AYM00089573","2015-04-22","-69.367","76.367","18.0","ZHONGSHAN, AY",,,,,,," -154","H,,S"
"AYM00089573","2015-04-23","-69.367","76.367","18.0","ZHONGSHAN, AY",,,,,,," -138","H,,S"
"AYM00089573","2015-04-24","-69.367","76.367","18.0","ZHONGSHAN, AY",,,,,,," -100","H,,S"
"AYM00089573","2015-04-25","-69.367","76.367","18.0","ZHONGSHAN, AY",,,,,,," -107","H,,S"
"AYM00089573","2015-04-26","-69.367","76.367","18.0","ZHONGSHAN, AY",,,,,,," -135","H,,S"
"AYM00089573","2015-04-27","-69.367","76.367","18.0","ZHONGSHAN, AY",,,,,,," -190","H,,S"
"AYM00089573","2015-04-28","-69.367","76.367","18.0","ZHONGSHAN, AY",,,,,,," -198","H,,S"
"AYM00089573","2015-04-30","-69.367","76.367","18.0","ZHONGSHAN, AY",,,,,,," -196","H,,S"
"AYM00089573","2015-05-01","-69.367","76.367","18.0","ZHONGSHAN, AY",,,,,,," -200","H,,S"
"AYM00089573","2015-05-04","-69.367","76.367","18.0","ZHONGSHAN, AY",,,,,,," -126","H,,S"
"AYM00089573","2015-05-05","-69.367","76.367","18.0","ZHONGSHAN, AY",,,,,,," -164","H,,S"
"AYM00089573","2015-05-06","-69.367","76.367","18.0","ZHONGSHAN, AY",,,,,,," -231","H,,S"
"AYM00089573","2015-05-07","-69.367","76.367","18.0","ZHONGSHAN, AY",,,,,,," -222","H,,S"
"AYM00089573","2015-05-08","-69.367","76.367","18.0","ZHONGSHAN, AY",,,,,,," -206","H,,S"
"AYM00089573","2015-05-09","-69.367","76.367","18.0","ZHONGSHAN, AY",,,,,,," -210","H,,S"
"AYM00089573","2015-05-10","-69.367","76.367","18.0","ZHONGSHAN, AY",,,,,,," -209","H,,S"
"AYM00089573","2015-05-11","-69.367","76.367","18.0","ZHONGSHAN, AY",,,,,,," -196","H,,S"
"AYM00089573","2015-05-12","-69.367","76.367","18.0","ZHONGSHAN, AY",,,,,,," -188","H,,S"
"AYM00089573","2015-05-13","-69.367","76.367","18.0","ZHONGSHAN, AY",,,,,,," -221","H,,S"
"AYM00089573","2015-05-14","-69.367","76.367","18.0","ZHONGSHAN, AY",,,,,,," -258","H,,S"
"AYM00089573","2015-05-16","-69.367","76.367","18.0","ZHONGSHAN, AY",,,,,,," -323","H,,S"
"AYM00089573","2015-05-17","-69.367","76.367","18.0","ZHONGSHAN, AY",,,,,,," -357","H,,S"
"AYM00089573","2015-05-18","-69.367","76.367","18.0","ZHONGSHAN, AY",,,,,,," -221","H,,S"
"AYM00089573","2015-05-19","-69.367","76.367","18.0","ZHONGSHAN, AY",,,,,,," -206","H,,S"
"AYM00089573","2015-05-20","-69.367","76.367","18.0","ZHONGSHAN, AY",,,,,,," -262","H,,S"
"AYM00089573","2015-05-21","-69.367","76.367","18.0","ZHONGSHAN, AY",,,,,,," -199","H,,S"
"AYM00089573","2015-05-22","-69.367","76.367","18.0","ZHONGSHAN, AY",,,,,,," -222","H,,S"
"AYM00089573","2015-05-23","-69.367","76.367","18.0","ZHONGSHAN, AY",,,,,,," -269","H,,S"
"AYM00089573","2015-05-24","-69.367","76.367","18.0","ZHONGSHAN, AY",,,,,,," -330","H,,S"
"AYM00089573","2015-05-25","-69.367","76.367","18.0","ZHONGSHAN, AY",,,,,,," -359","H,,S"
"AYM00089573","2015-05-26","-69.367","76.367","18.0","ZHONGSHAN, AY",,,,,,," -329","H,,S"
"AYM00089573","2015-05-27","-69.367","76.367","18.0","ZHONGSHAN, AY",,,,,,," -152","H,,S"
"AYM00089573","2015-05-28","-69.367","76.367","18.0","ZHONGSHAN, AY",,,,,,," -173","H,,S"
"AYM00089573","2015-05-30","-69.367","76.367","18.0","ZHONGSHAN, AY",,,,,,,"  -98","H,,S"
"AYM00089573","2015-05-31","-69.367","76.367","18.0","ZHONGSHAN, AY",,,,,,," -153","H,,S"
"AYM00089573","2015-06-01","-69.367","76.367","18.0","ZHONGSHAN, AY",,,,,,," -122","H,,S"
"AYM00089573","2015-06-03","-69.367","76.367","18.0","ZHONGSHAN, AY",,,,,,,"  -92","H,,S"
"AYM00089573","2015-06-04","-69.367","76.367","18.0","ZHONGSHAN, AY",,,,,,,"  -35","H,,S"
"AYM00089573","2015-06-05","-69.367","76.367","18.0","ZHONGSHAN, AY",,,,,,,"  -52","H,,S"
"AYM00089573","2015-06-06","-69.367","76.367","18.0","ZHONGSHAN, AY",,,,,,,"  -64","H,,S"
"AYM00089573","2015-06-08","-69.367","76.367","18.0","ZHONGSHAN, AY",,,,,,," -150","H,,S"
"AYM00089573","2015-06-09","-69.367","76.367","18.0","ZHONGSHAN, AY",,,,,,," -122","H,,S"
"AYM00089573","2015-06-10","-69.367","76.367","18.0","ZHONGSHAN, AY",,,,,,," -148","H,,S"
"AYM00089573","2015-06-11","-69.367","76.367","18.0","ZHONGSHAN, AY",,,,,,," -122","H,,S"
"AYM00089573","2015-06-12","-69.367","76.367","18.0","ZHONGSHAN, AY",,,,,,," -104","H,,S"
"AYM00089573","2015-06-13","-69.367","76.367","18.0","ZHONGSHAN, AY",,,,,,," -130","H,,S"
"AYM00089573","2015-06-14","-69.367","76.367","18.0","ZHONGSHAN, AY",,,,,,," -157","H,,S"
"AYM00089573","2015-06-15","-69.367","76.367","18.0","ZHONGSHAN, AY",,,,,,," -173","H,,S"
"AYM00089573","2015-06-16","-69.367","76.367","18.0","ZHONGSHAN, AY",,,,,,," -208","H,,S"
"AYM00089573","2015-06-17","-69.367","76.367","18.0","ZHONGSHAN, AY",,,,,,," -255","H,,S"
"AYM00089573","2015-06-18","-69.367","76.367","18.0","ZHONGSHAN, AY",,,,,,," -253","H,,S"
"AYM00089573","2015-06-19","-69.367","76.367","18.0","ZHONGSHAN, AY",,,,,,," -237","H,,S"
"AYM00089573","2015-06-20","-69.367","76.367","18.0","ZHONGSHAN, AY",,,,,,," -329","H,,S"
"AYM00089573","2015-06-21","-69.367","76.367","18.0","ZHONGSHAN, AY",,,,,,," -194","H,,S"
"AYM00089573","2015-06-22","-69.367","76.367","18.0","ZHONGSHAN, AY",,,,,,," -155","H,,S"
"AYM00089573","2015-06-23","-69.367","76.367","18.0","ZHONGSHAN, AY",,,,,,," -118","H,,S"
"AYM00089573","2015-06-24","-69.367","76.367","18.0","ZHONGSHAN, AY",,,,,,," -107","H,,S"
"AYM00089573","2015-06-25","-69.367","76.367","18.0","ZHONGSHAN, AY",,,,,,,"  -84","H,,S"
"AYM00089573","2015-06-26","-69.367","76.367","18.0","ZHONGSHAN, AY",,,,,,," -152","H,,S"
"AYM00089573","2015-06-27","-69.367","76.367","18.0","ZHONGSHAN, AY",,,,,,," -144","H,,S"
"AYM00089573","2015-06-28","-69.367","76.367","18.0","ZHONGSHAN, AY",,,,,,," -168","H,,S"
"AYM00089573","2015-06-29","-69.367","76.367","18.0","ZHONGSHAN, AY",,,,,,," -177","H,,S"
"AYM00089573","2015-06-30","-69.367","76.367","18.0","ZHONGSHAN, AY",,,,,,," -193","H,,S"
"AYM00089573","2015-07-01","-69.367","76.367","18.0","ZHONGSHAN, AY",,,,,,," -236","H,,S"
"AYM00089573","2015-07-02","-69.367","76.367","18.0","ZHONGSHAN, AY",,,,,,," -243","H,,S"
"AYM00089573","2015-07-03","-69.367","76.367","18.0","ZHONGSHAN, AY",,,,,,," -180","H,,S"
"AYM00089573","2015-07-05","-69.367","76.367","18.0","ZHONGSHAN, AY",,,,,,," -328","H,,S"
"AYM00089573","2015-07-06","-69.367","76.367","18.0","ZHONGSHAN, AY",,,,,,," -341","H,,S"
"AYM00089573","2015-07-07","-69.367","76.367","18.0","ZHONGSHAN, AY",,,,,,," -335","H,,S"
"AYM00089573","2015-07-08","-69.367","76.367","18.0","ZHONGSHAN, AY",,,,,,," -367","H,,S"
"AYM00089573","2015-07-09","-69.367","76.367","18.0","ZHONGSHAN, AY",,,,,,," -320","H,,S"
"AYM00089573","2015-07-10","-69.367","76.367","18.0","ZHONGSHAN, AY",,,,,,," -283","H,,S"
"AYM00089573","2015-07-11","-69.367","76.367","18.0","ZHONGSHAN, AY",,,,,,," -324","H,,S"
"AYM00089573","2015-07-12","-69.367","76.367","18.0","ZHONGSHAN, AY",,,,,,," -251","H,,S"
"AYM00089573","2015-07-13","-69.367","76.367","18.0","ZHONGSHAN, AY",,,,,,," -185","H,,S"
"AYM00089573","2015-07-14","-69.367","76.367","18.0","ZHONGSHAN, AY",,,,,,," -233","H,,S"
"AYM00089573","2015-07-15","-69.367","76.367","18.0","ZHONGSHAN, AY",,,,,,," -256","H,,S"
"AYM00089573","2015-07-17","-69.367","76.367","18.0","ZHONGSHAN, AY",,,,,,," -103","H,,S"
"AYM00089573","2015-07-19","-69.367","76.367","18.0","ZHONGSHAN, AY",,,,,,,"  -90","H,,S"
"AYM00089573","2015-07-21","-69.367","76.367","18.0","ZHONGSHAN, AY",,,,,,," -136","H,,S"
"AYM00089573","2015-07-22","-69.367","76.367","18.0","ZHONGSHAN, AY",,,,,,," -187","H,,S"
"AYM00089573","2015-07-25","-69.367","76.367","18.0","ZHONGSHAN, AY",,,,,,," -105","H,,S"
"AYM00089573","2015-07-26","-69.367","76.367","18.0","ZHONGSHAN, AY",,,,,,," -132","H,,S"
"AYM00089573","2015-07-27","-69.367","76.367","18.0","ZHONGSHAN, AY",,,,,,," -205","H,,S"
"AYM00089573","2015-07-29","-69.367","76.367","18.0","ZHONGSHAN, AY",,,,,,," -232","H,,S"
"AYM00089573","2015-07-30","-69.367","76.367","18.0","ZHONGSHAN, AY",,,,,,," -249","H,,S"
"AYM00089573","2015-07-31","-69.367","76.367","18.0","ZHONGSHAN, AY",,,,,,," -313","H,,S"
"AYM00089573","2015-08-02","-69.367","76.367","18.0","ZHONGSHAN, AY",,,,,,," -140","H,,S"
"AYM00089573","2015-08-03","-69.367","76.367","18.0","ZHONGSHAN, AY",,,,,,," -169","H,,S"
"AYM00089573","2015-08-04","-69.367","76.367","18.0","ZHONGSHAN, AY",,,,,,," -118","H,,S"
"AYM00089573","2015-08-07","-69.367","76.367","18.0","ZHONGSHAN, AY",,,,,,," -311","H,,S"
"AYM00089573","2015-08-08","-69.367","76.367","18.0","ZHONGSHAN, AY",,,,,,," -252","H,,S"
"AYM00089573","2015-08-09","-69.367","76.367","18.0","ZHONGSHAN, AY",,,,,,," -172","H,,S"
"AYM00089573","2015-08-10","-69.367","76.367","18.0","ZHONGSHAN, AY",,,,,,," -176","H,,S"
"AYM00089573","2015-08-11","-69.367","76.367","18.0","ZHONGSHAN, AY",,,,,,," -192","H,,S"
"AYM00089573","2015-08-12","-69.367","76.367","18.0","ZHONGSHAN, AY",,,,,,," -234","H,,S"
"AYM00089573","2015-08-14","-69.367","76.367","18.0","ZHONGSHAN, AY",,,,,,," -267","H,,S"
"AYM00089573","2015-08-15","-69.367","76.367","18.0","ZHONGSHAN, AY",,,,,,," -109","H,,S"
"AYM00089573","2015-08-16","-69.367","76.367","18.0","ZHONGSHAN, AY",,,,,,," -104","H,,S"
"AYM00089573","2015-08-17","-69.367","76.367","18.0","ZHONGSHAN, AY",,,,,,," -125","H,,S"
"AYM00089573","2015-08-18","-69.367","76.367","18.0","ZHONGSHAN, AY",,,,,,," -129","H,,S"
"AYM00089573","2015-08-19","-69.367","76.367","18.0","ZHONGSHAN, AY",,,,,,," -255","H,,S"
"AYM00089573","2015-08-20","-69.367","76.367","18.0","ZHONGSHAN, AY",,,,,,," -212","H,,S"
"AYM00089573","2015-08-21","-69.367","76.367","18.0","ZHONGSHAN, AY",,,,,,," -109","H,,S"
"AYM00089573","2015-08-22","-69.367","76.367","18.0","ZHONGSHAN, AY",,,,,,,"  -85","H,,S"
"AYM00089573","2015-08-23","-69.367","76.367","18.0","ZHONGSHAN, AY",,,,,,," -124","H,,S"
"AYM00089573","2015-08-24","-69.367","76.367","18.0","ZHONGSHAN, AY",,,,,,," -171","H,,S"
"AYM00089573","2015-08-25","-69.367","76.367","18.0","ZHONGSHAN, AY",,,,,,," -216","H,,S"
"AYM00089573","2015-08-26","-69.367","76.367","18.0","ZHONGSHAN, AY",,,,,,," -175","H,,S"
"AYM00089573","2015-08-29","-69.367","76.367","18.0","ZHONGSHAN, AY",,,,,,," -139","H,,S"
"AYM00089573","2015-08-31","-69.367","76.367","18.0","ZHONGSHAN, AY",,,,,,,"  -77","H,,S"
"AYM00089573","2015-09-01","-69.367","76.367","18.0","ZHONGSHAN, AY",,,,,,," -124","H,,S"
"AYM00089573","2015-09-04","-69.367","76.367","18.0","ZHONGSHAN, AY",,,,,,," -101","H,,S"
"AYM00089573","2015-09-05","-69.367","76.367","18.0","ZHONGSHAN, AY",,,,,,,"  -97","H,,S"
"AYM00089573","2015-09-06","-69.367","76.367","18.0","ZHONGSHAN, AY",,,,,,,"  -91","H,,S"
"AYM00089573","2015-09-07","-69.367","76.367","18.0","ZHONGSHAN, AY",,,,,,," -168","H,,S"
"AYM00089573","2015-09-08","-69.367","76.367","18.0","ZHONGSHAN, AY",,,,,,," -206","H,,S"
"AYM00089573","2015-09-09","-69.367","76.367","18.0","ZHONGSHAN, AY",,,,,,," -303","H,,S"
"AYM00089573","2015-09-10","-69.367","76.367","18.0","ZHONGSHAN, AY",,,,,,," -267","H,,S"
"AYM00089573","2015-09-11","-69.367","76.367","18.0","ZHONGSHAN, AY",,,,,,," -173","H,,S"
"AYM00089573","2015-09-12","-69.367","76.367","18.0","ZHONGSHAN, AY",,,,,,," -309","H,,S"
"AYM00089573","2015-09-13","-69.367","76.367","18.0","ZHONGSHAN, AY",,,,,,," -114","H,,S"
"AYM00089573","2015-09-14","-69.367","76.367","18.0","ZHONGSHAN, AY",,,,,,," -101","H,,S"
"AYM00089573","2015-09-15","-69.367","76.367","18.0","ZHONGSHAN, AY",,,,,,," -149","H,,S"
"AYM00089573","2015-09-16","-69.367","76.367","18.0","ZHONGSHAN, AY",,,,,,," -196","H,,S"
"AYM00089573","2015-09-17","-69.367","76.367","18.0","ZHONGSHAN, AY",,,,,,," -208","H,,S"
"AYM00089573","2015-09-22","-69.367","76.367","18.0","ZHONGSHAN, AY",,,,,,," -100","H,,S"
"AYM00089573","2015-09-23","-69.367","76.367","18.0","ZHONGSHAN, AY",,,,,,," -162","H,,S"
"AYM00089573","2015-09-24","-69.367","76.367","18.0","ZHONGSHAN, AY",,,,,,," -205","H,,S"
"AYM00089573","2015-09-25","-69.367","76.367","18.0","ZHONGSHAN, AY",,,,,,," -263","H,,S"
"AYM00089573","2015-09-26","-69.367","76.367","18.0","ZHONGSHAN, AY",,,,,,," -202","H,,S"
"AYM00089573","2015-09-29","-69.367","76.367","18.0","ZHONGSHAN, AY",,,,,,," -135","H,,S"
"AYM00089573","2015-09-30","-69.367","76.367","18.0","ZHONGSHAN, AY",,,,,,,"  -97","H,,S"
"AYM00089573","2015-10-01","-69.367","76.367","18.0","ZHONGSHAN, AY",,,,,,," -133","H,,S"
"AYM00089573","2015-10-02","-69.367","76.367","18.0","ZHONGSHAN, AY",,,,,,," -155","H,,S"
"AYM00089573","2015-10-04","-69.367","76.367","18.0","ZHONGSHAN, AY",,,,,,," -129","H,,S"
"AYM00089573","2015-10-05","-69.367","76.367","18.0","ZHONGSHAN, AY",,,,,,," -153","H,,S"
"AYM00089573","2015-10-06","-69.367","76.367","18.0","ZHONGSHAN, AY",,,,,,," -165","H,,S"
"AYM00089573","2015-10-07","-69.367","76.367","18.0","ZHONGSHAN, AY",,,,,,," -167","H,,S"
"AYM00089573","2015-10-08","-69.367","76.367","18.0","ZHONGSHAN, AY",,,,,,," -173","H,,S"
"AYM00089573","2015-10-09","-69.367","76.367","18.0","ZHONGSHAN, AY",,,,,,," -166","H,,S"
"AYM00089573","2015-10-10","-69.367","76.367","18.0","ZHONGSHAN, AY",,,,,,," -129","H,,S"
"AYM00089573","2015-10-11","-69.367","76.367","18.0","ZHONGSHAN, AY",,,,,,," -122","H,,S"
"AYM00089573","2015-10-12","-69.367","76.367","18.0","ZHONGSHAN, AY",,,,,,,"  -93","H,,S"
"AYM00089573","2015-10-13","-69.367","76.367","18.0","ZHONGSHAN, AY",,,,,,,"  -99","H,,S"
"AYM00089573","2015-10-14","-69.367","76.367","18.0","ZHONGSHAN, AY",,,,,,," -136","H,,S"
"AYM00089573","2015-10-15","-69.367","76.367","18.0","ZHONGSHAN, AY",,,,,,," -157","H,,S"
"AYM00089573","2015-10-16","-69.367","76.367","18.0","ZHONGSHAN, AY",,,,,,," -162","H,,S"
"AYM00089573","2015-10-17","-69.367","76.367","18.0","ZHONGSHAN, AY",,,,,,," -107","H,,S"
"AYM00089573","2015-10-18","-69.367","76.367","18.0","ZHONGSHAN, AY",,,,,,,"  -69","H,,S"
"AYM00089573","2015-10-19","-69.367","76.367","18.0","ZHONGSHAN, AY",,,,,,,"  -82","H,,S"
"AYM00089573","2015-10-20","-69.367","76.367","18.0","ZHONGSHAN, AY",,,,,,," -115","H,,S"
"AYM00089573","2015-10-21","-69.367","76.367","18.0","ZHONGSHAN, AY",,,,,,," -124","H,,S"
"AYM00089573","2015-10-22","-69.367","76.367","18.0","ZHONGSHAN, AY",,,,,,," -107","H,,S"
"AYM00089573","2015-10-23","-69.367","76.367","18.0","ZHONGSHAN, AY",,,,,,," -103","H,,S"
"AYM00089573","2015-10-24","-69.367","76.367","18.0","ZHONGSHAN, AY",,,,,,,"  -95","H,,S"
"AYM00089573","2015-10-26","-69.367","76.367","18.0","ZHONGSHAN, AY",,,,,,," -141","H,,S"
"AYM00089573","2015-10-27","-69.367","76.367","18.0","ZHONGSHAN, AY",,,,,,," -129","H,,S"
"AYM00089573","2015-10-28","-69.367","76.367","18.0","ZHONGSHAN, AY",,,,,,,"  -88","H,,S"
"AYM00089573","2015-10-29","-69.367","76.367","18.0","ZHONGSHAN, AY",,,,,,,"  -81","H,,S"
"AYM00089573","2015-10-30","-69.367","76.367","18.0","ZHONGSHAN, AY",,,,,,,"  -82","H,,S"
"AYM00089573","2015-10-31","-69.367","76.367","18.0","ZHONGSHAN, AY",,,,,,," -106","H,,S"
"AYM00089573","2015-11-01","-69.367","76.367","18.0","ZHONGSHAN, AY",,,,,,,"  -65","H,,S"
"AYM00089573","2015-11-02","-69.367","76.367","18.0","ZHONGSHAN, AY",,,,,,,"  -42","H,,S"
"AYM00089573","2015-11-03","-69.367","76.367","18.0","ZHONGSHAN, AY",,,,,,,"  -26","H,,S"
"AYM00089573","2015-11-04","-69.367","76.367","18.0","ZHONGSHAN, AY",,,,,,,"  -70","H,,S"
"AYM00089573","2015-11-07","-69.367","76.367","18.0","ZHONGSHAN, AY",,,,,,,"  -92","H,,S"
"AYM00089573","2015-11-08","-69.367","76.367","18.0","ZHONGSHAN, AY",,,,,,,"  -83","H,,S"
"AYM00089573","2015-11-09","-69.367","76.367","18.0","ZHONGSHAN, AY",,,,,,,"  -57","H,,S"
"AYM00089573","2015-11-10","-69.367","76.367","18.0","ZHONGSHAN, AY",,,,,,,"  -58","H,,S"
"AYM00089573","2015-11-11","-69.367","76.367","18.0","ZHONGSHAN, AY",,,,,,,"  -53","H,,S"
"AYM00089573","2015-11-12","-69.367","76.367","18.0","ZHONGSHAN, AY",,,,,,,"  -69","H,,S"
"AYM00089573","2015-11-14","-69.367","76.367","18.0","ZHONGSHAN, AY",,,,,,,"  -53","H,,S"
"AYM00089573","2015-11-15","-69.367","76.367","18.0","ZHONGSHAN, AY",,,,,,,"  -69","H,,S"
"AYM00089573","2015-11-17","-69.367","76.367","18.0","ZHONGSHAN, AY",,,,,,,"  -76","H,,S"
"AYM00089573","2015-11-18","-69.367","76.367","18.0","ZHONGSHAN, AY",,,,,,,"  -45","H,,S"
"AYM00089573","2015-11-19","-69.367","76.367","18.0","ZHONGSHAN, AY",,,,,,,"  -37","H,,S"
"AYM00089573","2015-11-21","-69.367","76.367","18.0","ZHONGSHAN, AY",,,,,,,"  -56","H,,S"
"AYM00089573","2015-11-22","-69.367","76.367","18.0","ZHONGSHAN, AY",,,,,,,"  -54","H,,S"
"AYM00089573","2015-11-23","-69.367","76.367","18.0","ZHONGSHAN, AY",,,,,,,"  -47","H,,S"
"AYM00089573","2015-11-24","-69.367","76.367","18.0","ZHONGSHAN, AY",,,,,,,"  -26","H,,S"
"AYM00089573","2015-11-25","-69.367","76.367","18.0","ZHONGSHAN, AY",,,,,,,"  -13","H,,S"
"AYM00089573","2015-11-26","-69.367","76.367","18.0","ZHONGSHAN, AY",,,,,,,"    1","H,,S"
"AYM00089573","2015-11-27","-69.367","76.367","18.0","ZHONGSHAN, AY",,,,,,,"  -18","H,,S"
"AYM00089573","2015-11-28","-69.367","76.367","18.0","ZHONGSHAN, AY",,,,,,,"  -17","H,,S"
"AYM00089573","2015-11-29","-69.367","76.367","18.0","ZHONGSHAN, AY",,,,,,,"  -21","H,,S"
"AYM00089573","2015-11-30","-69.367","76.367","18.0","ZHONGSHAN, AY",,,,,,,"  -32","H,,S"
"AYM00089573","2015-12-01","-69.367","76.367","18.0","ZHONGSHAN, AY",,,,,,,"  -27","H,,S"
"AYM00089573","2015-12-02","-69.367","76.367","18.0","ZHONGSHAN, AY",,,,,,,"  -22","H,,S"
"AYM00089573","2015-12-03","-69.367","76.367","18.0","ZHONGSHAN, AY",,,,,,,"   -7","H,,S"
"AYM00089573","2015-12-04","-69.367","76.367","18.0","ZHONGSHAN, AY",,,,,,,"   14","H,,S"
"AYM00089573","2015-12-05","-69.367","76.367","18.0","ZHONGSHAN, AY",,,,,,,"    9","H,,S"
"AYM00089573","2015-12-06","-69.367","76.367","18.0","ZHONGSHAN, AY",,,,,,,"   15","H,,S"
"AYM00089573","2015-12-07","-69.367","76.367","18.0","ZHONGSHAN, AY",,,,,,,"    2","H,,S"
"AYM00089573","2015-12-08","-69.367","76.367","18.0","ZHONGSHAN, AY",,,,,,,"  -18","H,,S"
"AYM00089573","2015-12-09","-69.367","76.367","18.0","ZHONGSHAN, AY",,,,,,,"  -13","H,,S"
"AYM00089573","2015-12-10","-69.367","76.367","18.0","ZHONGSHAN, AY",,,,,,,"   -3","H,,S"
"AYM00089573","2015-12-11","-69.367","76.367","18.0","ZHONGSHAN, AY",,,,,,,"   -5","H,,S"
"AYM00089573","2015-12-12","-69.367","76.367","18.0","ZHONGSHAN, AY",,,,,,,"    6","H,,S"
"AYM00089573","2015-12-14","-69.367","76.367","18.0","ZHONGSHAN, AY",,,,,,,"   -1","H,,S"
"AYM00089573","2015-12-15","-69.367","76.367","18.0","ZHONGSHAN, AY",,,,,,,"   29","H,,S"
"AYM00089573","2015-12-16","-69.367","76.367","18.0","ZHONGSHAN, AY",,,,,,,"   35","H,,S"
"AYM00089573","2015-12-17","-69.367","76.367","18.0","ZHONGSHAN, AY",,,,,,,"    9","H,,S"
"AYM00089573","2015-12-18","-69.367","76.367","18.0","ZHONGSHAN, AY",,,,,,,"   -1","H,,S"
"AYM00089573","2015-12-19","-69.367","76.367","18.0","ZHONGSHAN, AY",,,,,,,"    2","H,,S"
"AYM00089573","2015-12-20","-69.367","76.367","18.0","ZHONGSHAN, AY",,,,,,,"   18","H,,S"
"AYM00089573","2015-12-21","-69.367","76.367","18.0","ZHONGSHAN, AY",,,,,,,"   44","H,,S"
"AYM00089573","2015-12-22","-69.367","76.367","18.0","ZHONGSHAN, AY",,,,,,,"   29","H,,S"
"AYM00089573","2015-12-23","-69.367","76.367","18.0","ZHONGSHAN, AY",,,,,,,"  -13","H,,S"
"AYM00089573","2015-12-25","-69.367","76.367","18.0","ZHONGSHAN, AY",,,,,,,"   10","H,,S"
"AYM00089573","2015-12-26","-69.367","76.367","18.0","ZHONGSHAN, AY",,,,,,,"    3","H,,S"
"AYM00089573","2015-12-27","-69.367","76.367","18.0","ZHONGSHAN, AY",,,,,,,"   -8","H,,S"
"AYM00089573","2015-12-28","-69.367","76.367","18.0","ZHONGSHAN, AY",,,,,,,"   -3","H,,S"
"AYM00089573","2015-12-29","-69.367","76.367","18.0","ZHONGSHAN, AY",,,,,,,"    7","H,,S"
"AYM00089573","2015-12-30","-69.367","76.367","18.0","ZHONGSHAN, AY",,,,,,,"   -2","H,,S"
"AYM00089573","2015-12-31","-69.367","76.367","18.0","ZHONGSHAN, AY",,,,,,,"    4","H,,S"
"AYM00089573","2016-01-01","-69.367","76.367","18.0","ZHONGSHAN, AY",,,,,,,"   16","H,,S"
"AYM00089573","2016-01-02","-69.367","76.367","18.0","ZHONGSHAN, AY",,,,,,,"   20","H,,S"
"AYM00089573","2016-01-03","-69.367","76.367","18.0","ZHONGSHAN, AY",,,,,,,"   12","H,,S"
"AYM00089573","2016-01-04","-69.367","76.367","18.0","ZHONGSHAN, AY",,,,,,,"   -7","H,,S"
"AYM00089573","2016-01-05","-69.367","76.367","18.0","ZHONGSHAN, AY",,,,,,,"   15","H,,S"
"AYM00089573","2016-01-06","-69.367","76.367","18.0","ZHONGSHAN, AY",,,,,,,"   19","H,,S"
"AYM00089573","2016-01-07","-69.367","76.367","18.0","ZHONGSHAN, AY",,,,,,,"    8","H,,S"
"AYM00089573","2016-01-08","-69.367","76.367","18.0","ZHONGSHAN, AY",,,,,,,"    9","H,,S"
"AYM00089573","2016-01-09","-69.367","76.367","18.0","ZHONGSHAN, AY",,,,,,,"    3","H,,S"
"AYM00089573","2016-01-10","-69.367","76.367","18.0","ZHONGSHAN, AY",,,,,,,"    2","H,,S"
"AYM00089573","2016-01-11","-69.367","76.367","18.0","ZHONGSHAN, AY",,,,,,,"   -1","H,,S"
"AYM00089573","2016-01-12","-69.367","76.367","18.0","ZHONGSHAN, AY",,,,,,,"  -14","H,,S"
"AYM00089573","2016-01-14","-69.367","76.367","18.0","ZHONGSHAN, AY",,,,,,,"   -8","H,,S"
"AYM00089573","2016-01-16","-69.367","76.367","18.0","ZHONGSHAN, AY",,,,,,,"   -8","H,,S"
"AYM00089573","2016-01-17","-69.367","76.367","18.0","ZHONGSHAN, AY",,,,,,,"    1","H,,S"
"AYM00089573","2016-01-18","-69.367","76.367","18.0","ZHONGSHAN, AY",,,,,,,"  -14","H,,S"
"AYM00089573","2016-01-19","-69.367","76.367","18.0","ZHONGSHAN, AY",,,,,,,"  -11","H,,S"
"AYM00089573","2016-01-20","-69.367","76.367","18.0","ZHONGSHAN, AY",,,,,,,"   -7","H,,S"
"AYM00089573","2016-01-21","-69.367","76.367","18.0","ZHONGSHAN, AY",,,,,,,"   -4","H,,S"
"AYM00089573","2016-01-22","-69.367","76.367","18.0","ZHONGSHAN, AY",,,,,,,"    4","H,,S"
"AYM00089573","2016-01-23","-69.367","76.367","18.0","ZHONGSHAN, AY",,,,,,,"    4","H,,S"
"AYM00089573","2016-01-24","-69.367","76.367","18.0","ZHONGSHAN, AY",,,,,,,"   10","H,,S"
"AYM00089573","2016-01-25","-69.367","76.367","18.0","ZHONGSHAN, AY",,,,,,,"    9","H,,S"
"AYM00089573","2016-01-26","-69.367","76.367","18.0","ZHONGSHAN, AY",,,,,,,"   -5","H,,S"
"AYM00089573","2016-01-27","-69.367","76.367","18.0","ZHONGSHAN, AY",,,,,,,"    3","H,,S"
"AYM00089573","2016-01-28","-69.367","76.367","18.0","ZHONGSHAN, AY",,,,,,,"   -2","H,,S"
"AYM00089573","2016-01-29","-69.367","76.367","18.0","ZHONGSHAN, AY",,,,,,,"    2","H,,S"
"AYM00089573","2016-02-01","-69.367","76.367","18.0","ZHONGSHAN, AY",,,,,,,"  -13","H,,S"
"AYM00089573","2016-02-02","-69.367","76.367","18.0","ZHONGSHAN, AY",,,,,,,"   -1","H,,S"
"AYM00089573","2016-02-03","-69.367","76.367","18.0","ZHONGSHAN, AY",,,,,,,"   -4","H,,S"
"AYM00089573","2016-02-04","-69.367","76.367","18.0","ZHONGSHAN, AY",,,,,,,"  -23","H,,S"
"AYM00089573","2016-02-05","-69.367","76.367","18.0","ZHONGSHAN, AY",,,,,,,"  -20","H,,S"
"AYM00089573","2016-02-06","-69.367","76.367","18.0","ZHONGSHAN, AY",,,,,,,"  -21","H,,S"
"AYM00089573","2016-02-07","-69.367","76.367","18.0","ZHONGSHAN, AY",,,,,,,"  -27","H,,S"
"AYM00089573","2016-02-08","-69.367","76.367","18.0","ZHONGSHAN, AY",,,,,,,"  -30","H,,S"
"AYM00089573","2016-02-09","-69.367","76.367","18.0","ZHONGSHAN, AY",,,,,,,"  -38","H,,S"
"AYM00089573","2016-02-10","-69.367","76.367","18.0","ZHONGSHAN, AY",,,,,,,"  -44","H,,S"
"AYM00089573","2016-02-11","-69.367","76.367","18.0","ZHONGSHAN, AY",,,,,,,"  -52","H,,S"
"AYM00089573","2016-02-12","-69.367","76.367","18.0","ZHONGSHAN, AY",,,,,,,"  -62","H,,S"
"AYM00089573","2016-02-13","-69.367","76.367","18.0","ZHONGSHAN, AY",,,,,,,"  -48","H,,S"
"AYM00089573","2016-02-14","-69.367","76.367","18.0","ZHONGSHAN, AY",,,,,,,"  -62","H,,S"
"AYM00089573","2016-02-16","-69.367","76.367","18.0","ZHONGSHAN, AY",,,,,,,"  -73","H,,S"
"AYM00089573","2016-02-17","-69.367","76.367","18.0","ZHONGSHAN, AY",,,,,,,"  -15","H,,S"
"AYM00089573","2016-02-19","-69.367","76.367","18.0","ZHONGSHAN, AY",,,,,,,"  -21","H,,S"
"AYM00089573","2016-02-20","-69.367","76.367","18.0","ZHONGSHAN, AY",,,,,,,"  -49","H,,S"
"AYM00089573","2016-02-23","-69.367","76.367","18.0","ZHONGSHAN, AY",,,,,,,"  -32","H,,S"
"AYM00089573","2016-02-24","-69.367","76.367","18.0","ZHONGSHAN, AY",,,,,,,"  -35","H,,S"
"AYM00089573","2016-02-25","-69.367","76.367","18.0","ZHONGSHAN, AY",,,,,,,"  -43","H,,S"
"AYM00089573","2016-02-26","-69.367","76.367","18.0","ZHONGSHAN, AY",,,,,,,"  -72","H,,S"
"AYM00089573","2016-02-27","-69.367","76.367","18.0","ZHONGSHAN, AY",,,,,,,"  -90","H,,S"
"AYM00089573","2016-02-28","-69.367","76.367","18.0","ZHONGSHAN, AY",,,,,,,"  -67","H,,S"
"AYM00089573","2016-03-01","-69.367","76.367","18.0","ZHONGSHAN, AY",,,,,,,"  -63","H,,S"
"AYM00089573","2016-03-02","-69.367","76.367","18.0","ZHONGSHAN, AY",,,,,,,"  -79","H,,S"
"AYM00089573","2016-03-03","-69.367","76.367","18.0","ZHONGSHAN, AY",,,,,,,"  -46","H,,S"
"AYM00089573","2016-03-05","-69.367","76.367","18.0","ZHONGSHAN, AY",,,,,,,"  -57","H,,S"
"AYM00089573","2016-03-08","-69.367","76.367","18.0","ZHONGSHAN, AY",,,,,,,"  -36","H,,S"
"AYM00089573","2016-03-09","-69.367","76.367","18.0","ZHONGSHAN, AY",,,,,,,"  -61","H,,S"
"AYM00089573","2016-03-10","-69.367","76.367","18.0","ZHONGSHAN, AY",,,,,,,"  -83","H,,S"
"AYM00089573","2016-03-11","-69.367","76.367","18.0","ZHONGSHAN, AY",,,,,,,"  -85","H,,S"
"AYM00089573","2016-03-12","-69.367","76.367","18.0","ZHONGSHAN, AY",,,,,,," -100","H,,S"
"AYM00089573","2016-03-13","-69.367","76.367","18.0","ZHONGSHAN, AY",,,,,,,"  -88","H,,S"
"AYM00089573","2016-03-14","-69.367","76.367","18.0","ZHONGSHAN, AY",,,,,,,"  -75","H,,S"
"AYM00089573","2016-03-17","-69.367","76.367","18.0","ZHONGSHAN, AY",,,,,,,"  -66","H,,S"
"AYM00089573","2016-03-18","-69.367","76.367","18.0","ZHONGSHAN, AY",,,,,,,"  -85","H,,S"
"AYM00089573","2016-03-19","-69.367","76.367","18.0","ZHONGSHAN, AY",,,,,,,"  -95","H,,S"
"AYM00089573","2016-03-20","-69.367","76.367","18.0","ZHONGSHAN, AY",,,,,,," -128","H,,S"
"AYM00089573","2016-03-21","-69.367","76.367","18.0","ZHONGSHAN, AY",,,,,,," -156","H,,S"
"AYM00089573","2016-03-25","-69.367","76.367","18.0","ZHONGSHAN, AY",,,,,,," -186","H,,S"
"AYM00089573","2016-03-26","-69.367","76.367","18.0","ZHONGSHAN, AY",,,,,,," -151","H,,S"
"AYM00089573","2016-03-27","-69.367","76.367","18.0","ZHONGSHAN, AY",,,,,,," -216","H,,S"
"AYM00089573","2016-03-28","-69.367","76.367","18.0","ZHONGSHAN, AY",,,,,,," -211","H,,S"
"AYM00089573","2016-03-29","-69.367","76.367","18.0","ZHONGSHAN, AY",,,,,,," -166","H,,S"
"AYM00089573","2016-03-30","-69.367","76.367","18.0","ZHONGSHAN, AY",,,,,,,"  -95","H,,S"
"AYM00089573","2016-03-31","-69.367","76.367","18.0","ZHONGSHAN, AY",,,,,,," -110","H,,S"
"AYM00089573","2016-04-01","-69.367","76.367","18.0","ZHONGSHAN, AY",,,,,,," -124","H,,S"
"AYM00089573","2016-04-02","-69.367","76.367","18.0","ZHONGSHAN, AY",,,,,,," -128","H,,S"
"AYM00089573","2016-04-03","-69.367","76.367","18.0","ZHONGSHAN, AY",,,,,,," -135","H,,S"
"AYM00089573","2016-04-04","-69.367","76.367","18.0","ZHONGSHAN, AY",,,,,,,"  -47","H,,S"
"AYM00089573","2016-04-05","-69.367","76.367","18.0","ZHONGSHAN, AY",,,,,,,"  -51","H,,S"
"AYM00089573","2016-04-06","-69.367","76.367","18.0","ZHONGSHAN, AY",,,,,,,"  -89","H,,S"
"AYM00089573","2016-04-07","-69.367","76.367","18.0","ZHONGSHAN, AY",,,,,,," -141","H,,S"
"AYM00089573","2016-04-08","-69.367","76.367","18.0","ZHONGSHAN, AY",,,,,,," -181","H,,S"
"AYM00089573","2016-04-09","-69.367","76.367","18.0","ZHONGSHAN, AY",,,,,,," -162","H,,S"
"AYM00089573","2016-04-10","-69.367","76.367","18.0","ZHONGSHAN, AY",,,,,,," -102","H,,S"
"AYM00089573","2016-04-11","-69.367","76.367","18.0","ZHONGSHAN, AY",,,,,,,"  -78","H,,S"
"AYM00089573","2016-04-12","-69.367","76.367","18.0","ZHONGSHAN, AY",,,,,,," -101","H,,S"
"AYM00089573","2016-04-13","-69.367","76.367","18.0","ZHONGSHAN, AY",,,,,,," -132","H,,S"
"AYM00089573","2016-04-14","-69.367","76.367","18.0","ZHONGSHAN, AY",,,,,,," -172","H,,S"
"AYM00089573","2016-04-16","-69.367","76.367","18.0","ZHONGSHAN, AY",,,,,,," -202","H,,S"
"AYM00089573","2016-04-17","-69.367","76.367","18.0","ZHONGSHAN, AY",,,,,,," -141","H,,S"
"AYM00089573","2016-04-18","-69.367","76.367","18.0","ZHONGSHAN, AY",,,,,,,"  -63","H,,S"
"AYM00089573","2016-04-20","-69.367","76.367","18.0","ZHONGSHAN, AY",,,,,,," -140","H,,S"
"AYM00089573","2016-04-21","-69.367","76.367","18.0","ZHONGSHAN, AY",,,,,,," -159","H,,S"
"AYM00089573","2016-04-22","-69.367","76.367","18.0","ZHONGSHAN, AY",,,,,,," -184","H,,S"
"AYM00089573","2016-04-23","-69.367","76.367","18.0","ZHONGSHAN, AY",,,,,,," -193","H,,S"
"AYM00089573","2016-04-24","-69.367","76.367","18.0","ZHONGSHAN, AY",,,,,,," -218","H,,S"
"AYM00089573","2016-04-25","-69.367","76.367","18.0","ZHONGSHAN, AY",,,,,,," -189","H,,S"
"AYM00089573","2016-04-26","-69.367","76.367","18.0","ZHONGSHAN, AY",,,,,,," -143","H,,S"
"AYM00089573","2016-04-27","-69.367","76.367","18.0","ZHONGSHAN, AY",,,,,,," -187","H,,S"
"AYM00089573","2016-04-28","-69.367","76.367","18.0","ZHONGSHAN, AY",,,,,,," -173","H,,S"
"AYM00089573","2016-04-29","-69.367","76.367","18.0","ZHONGSHAN, AY",,,,,,," -103","H,,S"
"AYM00089573","2016-04-30","-69.367","76.367","18.0","ZHONGSHAN, AY",,,,,,,"  -97","H,,S"
"AYM00089573","2016-05-01","-69.367","76.367","18.0","ZHONGSHAN, AY",,,,,,," -152","H,,S"
"AYM00089573","2016-05-02","-69.367","76.367","18.0","ZHONGSHAN, AY",,,,,,," -249","H,,S"
"AYM00089573","2016-05-04","-69.367","76.367","18.0","ZHONGSHAN, AY",,,,,,," -286","H,,S"
"AYM00089573","2016-05-05","-69.367","76.367","18.0","ZHONGSHAN, AY",,,,,,," -194","H,,S"
"AYM00089573","2016-05-06","-69.367","76.367","18.0","ZHONGSHAN, AY",,,,,,," -136","H,,S"
"AYM00089573","2016-05-07","-69.367","76.367","18.0","ZHONGSHAN, AY",,,,,,,"  -72","H,,S"
"AYM00089573","2016-05-08","-69.367","76.367","18.0","ZHONGSHAN, AY",,,,,,,"  -61","H,,S"
"AYM00089573","2016-05-09","-69.367","76.367","18.0","ZHONGSHAN, AY",,,,,,,"  -94","H,,S"
"AYM00089573","2016-05-10","-69.367","76.367","18.0","ZHONGSHAN, AY",,,,,,," -134","H,,S"
"AYM00089573","2016-05-11","-69.367","76.367","18.0","ZHONGSHAN, AY",,,,,,," -101","H,,S"
"AYM00089573","2016-05-12","-69.367","76.367","18.0","ZHONGSHAN, AY",,,,,,,"  -92","H,,S"
"AYM00089573","2016-05-13","-69.367","76.367","18.0","ZHONGSHAN, AY",,,,,,," -155","H,,S"
"AYM00089573","2016-05-14","-69.367","76.367","18.0","ZHONGSHAN, AY",,,,,,," -159","H,,S"
"AYM00089573","2016-05-15","-69.367","76.367","18.0","ZHONGSHAN, AY",,,,,,," -152","H,,S"
"AYM00089573","2016-05-16","-69.367","76.367","18.0","ZHONGSHAN, AY",,,,,,," -125","H,,S"
"AYM00089573","2016-05-17","-69.367","76.367","18.0","ZHONGSHAN, AY",,,,,,," -125","H,,S"
"AYM00089573","2016-05-18","-69.367","76.367","18.0","ZHONGSHAN, AY",,,,,,," -158","H,,S"
"AYM00089573","2016-05-21","-69.367","76.367","18.0","ZHONGSHAN, AY",,,,,,," -178","H,,S"
"AYM00089573","2016-05-22","-69.367","76.367","18.0","ZHONGSHAN, AY",,,,,,," -192","H,,S"
"AYM00089573","2016-05-23","-69.367","76.367","18.0","ZHONGSHAN, AY",,,,,,," -171","H,,S"
"AYM00089573","2016-05-24","-69.367","76.367","18.0","ZHONGSHAN, AY",,,,,,," -127","H,,S"
"AYM00089573","2016-05-26","-69.367","76.367","18.0","ZHONGSHAN, AY",,,,,,," -168","H,,S"
"AYM00089573","2016-05-27","-69.367","76.367","18.0","ZHONGSHAN, AY",,,,,,," -124","H,,S"
"AYM00089573","2016-05-28","-69.367","76.367","18.0","ZHONGSHAN, AY",,,,,,," -104","H,,S"
"AYM00089573","2016-05-29","-69.367","76.367","18.0","ZHONGSHAN, AY",,,,,,," -144","H,,S"
"AYM00089573","2016-05-30","-69.367","76.367","18.0","ZHONGSHAN, AY",,,,,,," -173","H,,S"
"AYM00089573","2016-05-31","-69.367","76.367","18.0","ZHONGSHAN, AY",,,,,,," -201","H,,S"
"AYM00089573","2016-06-01","-69.367","76.367","18.0","ZHONGSHAN, AY",,,,,,," -223","H,,S"
"AYM00089573","2016-06-02","-69.367","76.367","18.0","ZHONGSHAN, AY",,,,,,," -151","H,,S"
"AYM00089573","2016-06-03","-69.367","76.367","18.0","ZHONGSHAN, AY",,,,,,," -157","H,,S"
"AYM00089573","2016-06-04","-69.367","76.367","18.0","ZHONGSHAN, AY",,,,,,," -146","H,,S"
"AYM00089573","2016-06-05","-69.367","76.367","18.0","ZHONGSHAN, AY",,,,,,," -223","H,,S"
"AYM00089573","2016-06-06","-69.367","76.367","18.0","ZHONGSHAN, AY",,,,,,," -229","H,,S"
"AYM00089573","2016-06-07","-69.367","76.367","18.0","ZHONGSHAN, AY",,,,,,," -172","H,,S"
"AYM00089573","2016-06-08","-69.367","76.367","18.0","ZHONGSHAN, AY",,,,,,," -110","H,,S"
"AYM00089573","2016-06-09","-69.367","76.367","18.0","ZHONGSHAN, AY",,,,,,," -103","H,,S"
"AYM00089573","2016-06-10","-69.367","76.367","18.0","ZHONGSHAN, AY",,,,,,,"  -94","H,,S"
"AYM00089573","2016-06-11","-69.367","76.367","18.0","ZHONGSHAN, AY",,,,,,," -129","H,,S"
"AYM00089573","2016-06-12","-69.367","76.367","18.0","ZHONGSHAN, AY",,,,,,," -150","H,,S"
"AYM00089573","2016-06-13","-69.367","76.367","18.0","ZHONGSHAN, AY",,,,,,," -190","H,,S"
"AYM00089573","2016-06-14","-69.367","76.367","18.0","ZHONGSHAN, AY",,,,,,," -249","H,,S"
"AYM00089573","2016-06-15","-69.367","76.367","18.0","ZHONGSHAN, AY",,,,,,," -205","H,,S"
"AYM00089573","2016-06-16","-69.367","76.367","18.0","ZHONGSHAN, AY",,,,,,," -285","H,,S"
"AYM00089573","2016-06-17","-69.367","76.367","18.0","ZHONGSHAN, AY",,,,,,," -307","H,,S"
"AYM00089573","2016-06-18","-69.367","76.367","18.0","ZHONGSHAN, AY",,,,,,," -266","H,,S"
"AYM00089573","2016-06-20","-69.367","76.367","18.0","ZHONGSHAN, AY",,,,,,," -333","H,,S"
"AYM00089573","2016-06-21","-69.367","76.367","18.0","ZHONGSHAN, AY",,,,,,," -357","H,,S"
"AYM00089573","2016-06-22","-69.367","76.367","18.0","ZHONGSHAN, AY",,,,,,," -284","H,,S"
"AYM00089573","2016-06-24","-69.367","76.367","18.0","ZHONGSHAN, AY",,,,,,," -235","H,,S"
"AYM00089573","2016-06-25","-69.367","76.367","18.0","ZHONGSHAN, AY",,,,,,," -220","H,,S"
"AYM00089573","2016-06-26","-69.367","76.367","18.0","ZHONGSHAN, AY",,,,,,," -114","H,,S"
"AYM00089573","2016-06-27","-69.367","76.367","18.0","ZHONGSHAN, AY",,,,,,," -102","H,,S"
"AYM00089573","2016-06-28","-69.367","76.367","18.0","ZHONGSHAN, AY",,,,,,," -155","H,,S"
"AYM00089573","2016-06-29","-69.367","76.367","18.0","ZHONGSHAN, AY",,,,,,," -172","H,,S"
"AYM00089573","2016-06-30","-69.367","76.367","18.0","ZHONGSHAN, AY",,,,,,," -206","H,,S"
"AYM00089573","2016-07-01","-69.367","76.367","18.0","ZHONGSHAN, AY",,,,,,," -246","H,,S"
"AYM00089573","2016-07-02","-69.367","76.367","18.0","ZHONGSHAN, AY",,,,,,," -246","H,,S"
"AYM00089573","2016-07-03","-69.367","76.367","18.0","ZHONGSHAN, AY",,,,,,," -252","H,,S"
"AYM00089573","2016-07-04","-69.367","76.367","18.0","ZHONGSHAN, AY",,,,,,," -271","H,,S"
"AYM00089573","2016-07-05","-69.367","76.367","18.0","ZHONGSHAN, AY",,,,,,," -357","H,,S"
"AYM00089573","2016-07-06","-69.367","76.367","18.0","ZHONGSHAN, AY",,,,,,," -379","H,,S"
"AYM00089573","2016-07-07","-69.367","76.367","18.0","ZHONGSHAN, AY",,,,,,," -230","H,,S"
"AYM00089573","2016-07-08","-69.367","76.367","18.0","ZHONGSHAN, AY",,,,,,," -174","H,,S"
"AYM00089573","2016-07-09","-69.367","76.367","18.0","ZHONGSHAN, AY",,,,,,," -211","H,,S"
"AYM00089573","2016-07-10","-69.367","76.367","18.0","ZHONGSHAN, AY",,,,,,," -186","H,,S"
"AYM00089573","2016-07-12","-69.367","76.367","18.0","ZHONGSHAN, AY",,,,,,," -103","H,,S"
"AYM00089573","2016-07-13","-69.367","76.367","18.0","ZHONGSHAN, AY",,,,,,,"  -87","H,,S"
"AYM00089573","2016-07-14","-69.367","76.367","18.0","ZHONGSHAN, AY",,,,,,,"  -90","H,,S"
"AYM00089573","2016-07-15","-69.367","76.367","18.0","ZHONGSHAN, AY",,,,,,," -115","H,,S"
"AYM00089573","2016-07-16","-69.367","76.367","18.0","ZHONGSHAN, AY",,,,,,," -134","H,,S"
"AYM00089573","2016-07-17","-69.367","76.367","18.0","ZHONGSHAN, AY",,,,,,," -168","H,,S"
"AYM00089573","2016-07-18","-69.367","76.367","18.0","ZHONGSHAN, AY",,,,,,," -238","H,,S"
"AYM00089573","2016-07-19","-69.367","76.367","18.0","ZHONGSHAN, AY",,,,,,," -233","H,,S"
"AYM00089573","2016-07-21","-69.367","76.367","18.0","ZHONGSHAN, AY",,,,,,," -128","H,,S"
"AYM00089573","2016-07-22","-69.367","76.367","18.0","ZHONGSHAN, AY",,,,,,," -161","H,,S"
"AYM00089573","2016-07-23","-69.367","76.367","18.0","ZHONGSHAN, AY",,,,,,," -192","H,,S"
"AYM00089573","2016-07-24","-69.367","76.367","18.0","ZHONGSHAN, AY",,,,,,," -176","H,,S"
"AYM00089573","2016-07-26","-69.367","76.367","18.0","ZHONGSHAN, AY",,,,,,," -206","H,,S"
"AYM00089573","2016-07-27","-69.367","76.367","18.0","ZHONGSHAN, AY",,,,,,," -196","H,,S"
"AYM00089573","2016-07-28","-69.367","76.367","18.0","ZHONGSHAN, AY",,,,,,," -159","H,,S"
"AYM00089573","2016-07-29","-69.367","76.367","18.0","ZHONGSHAN, AY",,,,,,," -112","H,,S"
"AYM00089573","2016-07-30","-69.367","76.367","18.0","ZHONGSHAN, AY",,,,,,," -156","H,,S"
"AYM00089573","2016-07-31","-69.367","76.367","18.0","ZHONGSHAN, AY",,,,,,," -113","H,,S"
"AYM00089573","2016-08-01","-69.367","76.367","18.0","ZHONGSHAN, AY",,,,,,," -115","H,,S"
"AYM00089573","2016-08-02","-69.367","76.367","18.0","ZHONGSHAN, AY",,,,,,,"  -99","H,,S"
"AYM00089573","2016-08-03","-69.367","76.367","18.0","ZHONGSHAN, AY",,,,,,,"  -58","H,,S"
"AYM00089573","2016-08-05","-69.367","76.367","18.0","ZHONGSHAN, AY",,,,,,," -139","H,,S"
"AYM00089573","2016-08-06","-69.367","76.367","18.0","ZHONGSHAN, AY",,,,,,," -147","H,,S"
"AYM00089573","2016-08-07","-69.367","76.367","18.0","ZHONGSHAN, AY",,,,,,," -164","H,,S"
"AYM00089573","2016-08-09","-69.367","76.367","18.0","ZHONGSHAN, AY",,,,,,,"  -62","H,,S"
"AYM00089573","2016-08-10","-69.367","76.367","18.0","ZHONGSHAN, AY",,,,,,,"  -74","H,,S"
"AYM00089573","2016-08-11","-69.367","76.367","18.0","ZHONGSHAN, AY",,,,,,,"  -98","H,,S"
"AYM00089573","2016-08-12","-69.367","76.367","18.0","ZHONGSHAN, AY",,,,,,," -109","H,,S"
"AYM00089573","2016-08-13","-69.367","76.367","18.0","ZHONGSHAN, AY",,,,,,," -125","H,,S"
"AYM00089573","2016-08-14","-69.367","76.367","18.0","ZHONGSHAN, AY",,,,,,," -161","H,,S"
"AYM00089573","2016-08-15","-69.367","76.367","18.0","ZHONGSHAN, AY",,,,,,," -228","H,,S"
"AYM00089573","2016-08-17","-69.367","76.367","18.0","ZHONGSHAN, AY",,,,,,," -215","H,,S"
"AYM00089573","2016-08-18","-69.367","76.367","18.0","ZHONGSHAN, AY",,,,,,," -189","H,,S"
"AYM00089573","2016-08-19","-69.367","76.367","18.0","ZHONGSHAN, AY",,,,,,," -175","H,,S"
"AYM00089573","2016-08-20","-69.367","76.367","18.0","ZHONGSHAN, AY",,,,,,,"  -88","H,,S"
"AYM00089573","2016-08-21","-69.367","76.367","18.0","ZHONGSHAN, AY",,,,,,,"  -84","H,,S"
"AYM00089573","2016-08-22","-69.367","76.367","18.0","ZHONGSHAN, AY",,,,,,," -122","H,,S"
"AYM00089573","2016-08-23","-69.367","76.367","18.0","ZHONGSHAN, AY",,,,,,," -135","H,,S"
"AYM00089573","2016-08-24","-69.367","76.367","18.0","ZHONGSHAN, AY",,,,,,," -163","H,,S"
"AYM00089573","2016-08-27","-69.367","76.367","18.0","ZHONGSHAN, AY",,,,,,," -127","H,,S"
"AYM00089573","2016-08-28","-69.367","76.367","18.0","ZHONGSHAN, AY",,,,,,," -187","H,,S"
"AYM00089573","2016-08-29","-69.367","76.367","18.0","ZHONGSHAN, AY",,,,,,," -243","H,,S"
"AYM00089573","2016-08-30","-69.367","76.367","18.0","ZHONGSHAN, AY",,,,,,," -260","H,,S"
"AYM00089573","2016-09-02","-69.367","76.367","18.0","ZHONGSHAN, AY",,,,,,," -188","H,,S"
"AYM00089573","2016-09-03","-69.367","76.367","18.0","ZHONGSHAN, AY",,,,,,," -233","H,,S"
"AYM00089573","2016-09-04","-69.367","76.367","18.0","ZHONGSHAN, AY",,,,,,," -254","H,,S"
"AYM00089573","2016-09-05","-69.367","76.367","18.0","ZHONGSHAN, AY",,,,,,," -294","H,,S"
"AYM00089573","2016-09-06","-69.367","76.367","18.0","ZHONGSHAN, AY",,,,,,," -371","H,,S"
"AYM00089573","2016-09-07","-69.367","76.367","18.0","ZHONGSHAN, AY",,,,,,," -396","H,,S"
"AYM00089573","2016-09-08","-69.367","76.367","18.0","ZHONGSHAN, AY",,,,,,," -378","H,,S"
"AYM00089573","2016-09-09","-69.367","76.367","18.0","ZHONGSHAN, AY",,,,,,," -331","H,,S"
"AYM00089573","2016-09-10","-69.367","76.367","18.0","ZHONGSHAN, AY",,,,,,," -232","H,,S"
"AYM00089573","2016-09-12","-69.367","76.367","18.0","ZHONGSHAN, AY",,,,,,," -167","H,,S"
"AYM00089573","2016-09-14","-69.367","76.367","18.0","ZHONGSHAN, AY",,,,,,," -252","H,,S"
"AYM00089573","2016-09-15","-69.367","76.367","18.0","ZHONGSHAN, AY",,,,,,," -214","H,,S"
"AYM00089573","2016-09-16","-69.367","76.367","18.0","ZHONGSHAN, AY",,,,,,," -147","H,,S"
"AYM00089573","2016-09-17","-69.367","76.367","18.0","ZHONGSHAN, AY",,,,,,," -143","H,,S"
"AYM00089573","2016-09-18","-69.367","76.367","18.0","ZHONGSHAN, AY",,,,,,," -130","H,,S"
"AYM00089573","2016-09-19","-69.367","76.367","18.0","ZHONGSHAN, AY",,,,,,," -152","H,,S"
"AYM00089573","2016-09-20","-69.367","76.367","18.0","ZHONGSHAN, AY",,,,,,," -181","H,,S"
"AYM00089573","2016-09-21","-69.367","76.367","18.0","ZHONGSHAN, AY",,,,,,," -209","H,,S"
"AYM00089573","2016-09-22","-69.367","76.367","18.0","ZHONGSHAN, AY",,,,,,," -217","H,,S"
"AYM00089573","2016-09-23","-69.367","76.367","18.0","ZHONGSHAN, AY",,,,,,," -197","H,,S"
"AYM00089573","2016-09-24","-69.367","76.367","18.0","ZHONGSHAN, AY",,,,,,," -168","H,,S"
"AYM00089573","2016-09-25","-69.367","76.367","18.0","ZHONGSHAN, AY",,,,,,," -189","H,,S"
"AYM00089573","2016-09-26","-69.367","76.367","18.0","ZHONGSHAN, AY",,,,,,," -207","H,,S"
"AYM00089573","2016-09-27","-69.367","76.367","18.0","ZHONGSHAN, AY",,,,,,," -157","H,,S"
"AYM00089573","2016-09-28","-69.367","76.367","18.0","ZHONGSHAN, AY",,,,,,,"  -66","H,,S"
"AYM00089573","2016-09-29","-69.367","76.367","18.0","ZHONGSHAN, AY",,,,,,,"  -86","H,,S"
"AYM00089573","2016-09-30","-69.367","76.367","18.0","ZHONGSHAN, AY",,,,,,," -103","H,,S"
"AYM00089573","2016-10-01","-69.367","76.367","18.0","ZHONGSHAN, AY",,,,,,," -112","H,,S"
"AYM00089573","2016-10-02","-69.367","76.367","18.0","ZHONGSHAN, AY",,,,,,,"  -76","H,,S"
"AYM00089573","2016-10-03","-69.367","76.367","18.0","ZHONGSHAN, AY",,,,,,," -100","H,,S"
"AYM00089573","2016-10-04","-69.367","76.367","18.0","ZHONGSHAN, AY",,,,,,," -109","H,,S"
"AYM00089573","2016-10-05","-69.367","76.367","18.0","ZHONGSHAN, AY",,,,,,,"  -74","H,,S"
"AYM00089573","2016-10-06","-69.367","76.367","18.0","ZHONGSHAN, AY",,,,,,,"  -72","H,,S"
"AYM00089573","2016-10-07","-69.367","76.367","18.0","ZHONGSHAN, AY",,,,,,,"  -93","H,,S"
"AYM00089573","2016-10-08","-69.367","76.367","18.0","ZHONGSHAN, AY",,,,,,," -110","H,,S"
"AYM00089573","2016-10-09","-69.367","76.367","18.0","ZHONGSHAN, AY",,,,,,,"  -99","H,,S"
"AYM00089573","2016-10-10","-69.367","76.367","18.0","ZHONGSHAN, AY",,,,,,,"  -63","H,,S"
"AYM00089573","2016-10-11","-69.367","76.367","18.0","ZHONGSHAN, AY",,,,,,,"  -84","H,,S"
"AYM00089573","2016-10-12","-69.367","76.367","18.0","ZHONGSHAN, AY",,,,,,,"  -93","H,,S"
"AYM00089573","2016-10-15","-69.367","76.367","18.0","ZHONGSHAN, AY",,,,,,," -115","H,,S"
"AYM00089573","2016-10-16","-69.367","76.367","18.0","ZHONGSHAN, AY",,,,,,," -117","H,,S"
"AYM00089573","2016-10-17","-69.367","76.367","18.0","ZHONGSHAN, AY",,,,,,," -156","H,,S"
"AYM00089573","2016-10-18","-69.367","76.367","18.0","ZHONGSHAN, AY",,,,,,," -178","H,,S"
"AYM00089573","2016-10-19","-69.367","76.367","18.0","ZHONGSHAN, AY",,,,,,," -201","H,,S"
"AYM00089573","2016-10-20","-69.367","76.367","18.0","ZHONGSHAN, AY",,,,,,," -184","H,,S"
"AYM00089573","2016-10-21","-69.367","76.367","18.0","ZHONGSHAN, AY",,,,,,," -183","H,,S"
"AYM00089573","2016-10-22","-69.367","76.367","18.0","ZHONGSHAN, AY",,,,,,," -158","H,,S"
"AYM00089573","2016-10-24","-69.367","76.367","18.0","ZHONGSHAN, AY",,,,,,," -135","H,,S"
"AYM00089573","2016-10-25","-69.367","76.367","18.0","ZHONGSHAN, AY",,,,,,,"  -87","H,,S"
"AYM00089573","2016-10-26","-69.367","76.367","18.0","ZHONGSHAN, AY",,,,,,," -131","H,,S"
"AYM00089573","2016-10-27","-69.367","76.367","18.0","ZHONGSHAN, AY",,,,,,," -103","H,,S"
"AYM00089573","2016-10-30","-69.367","76.367","18.0","ZHONGSHAN, AY",,,,,,,"  -79","H,,S"
"AYM00089573","2016-10-31","-69.367","76.367","18.0","ZHONGSHAN, AY",,,,,,,"  -56","H,,S"
"AYM00089573","2016-11-01","-69.367","76.367","18.0","ZHONGSHAN, AY",,,,,,,"  -26","H,,S"
"AYM00089573","2016-11-02","-69.367","76.367","18.0","ZHONGSHAN, AY",,,,,,,"  -40","H,,S"
"AYM00089573","2016-11-03","-69.367","76.367","18.0","ZHONGSHAN, AY",,,,,,,"  -77","H,,S"
"AYM00089573","2016-11-04","-69.367","76.367","18.0","ZHONGSHAN, AY",,,,,,,"  -36","H,,S"
"AYM00089573","2016-11-05","-69.367","76.367","18.0","ZHONGSHAN, AY",,,,,,,"  -38","H,,S"
"AYM00089573","2016-11-06","-69.367","76.367","18.0","ZHONGSHAN, AY",,,,,,,"   -9","H,,S"
"AYM00089573","2016-11-07","-69.367","76.367","18.0","ZHONGSHAN, AY",,,,,,,"  -15","H,,S"
"AYM00089573","2016-11-08","-69.367","76.367","18.0","ZHONGSHAN, AY",,,,,,,"  -30","H,,S"
"AYM00089573","2016-11-11","-69.367","76.367","18.0","ZHONGSHAN, AY",,,,,,,"    4","H,,S"
"AYM00089573","2016-11-12","-69.367","76.367","18.0","ZHONGSHAN, AY",,,,,,,"  -12","H,,S"
"AYM00089573","2016-11-13","-69.367","76.367","18.0","ZHONGSHAN, AY",,,,,,,"   14","H,,S"
"AYM00089573","2016-11-17","-69.367","76.367","18.0","ZHONGSHAN, AY",,,,,,,"  -44","H,,S"
"AYM00089573","2016-11-18","-69.367","76.367","18.0","ZHONGSHAN, AY",,,,,,,"  -51","H,,S"
"AYM00089573","2016-11-19","-69.367","76.367","18.0","ZHONGSHAN, AY",,,,,,,"  -60","H,,S"
"AYM00089573","2016-11-21","-69.367","76.367","18.0","ZHONGSHAN, AY",,,,,,,"  -29","H,,S"
"AYM00089573","2016-11-26","-69.367","76.367","18.0","ZHONGSHAN, AY",,,,,,,"  -12","H,,S"
"AYM00089573","2016-11-27","-69.367","76.367","18.0","ZHONGSHAN, AY",,,,,,,"  -14","H,,S"
"AYM00089573","2016-11-30","-69.367","76.367","18.0","ZHONGSHAN, AY",,,,,,,"   -1","H,,S"
"AYM00089573","2016-12-02","-69.367","76.367","18.0","ZHONGSHAN, AY",,,,,,,"   14","H,,S"
"AYM00089573","2016-12-03","-69.367","76.367","18.0","ZHONGSHAN, AY",,,,,,,"    4","H,,S"
"AYM00089573","2016-12-04","-69.367","76.367","18.0","ZHONGSHAN, AY",,,,,,,"   10","H,,S"
"AYM00089573","2016-12-05","-69.367","76.367","18.0","ZHONGSHAN, AY",,,,,,,"   -1","H,,S"
"AYM00089573","2016-12-06","-69.367","76.367","18.0","ZHONGSHAN, AY",,,,,,,"   -2","H,,S"
"AYM00089573","2016-12-10","-69.367","76.367","18.0","ZHONGSHAN, AY",,,,,,,"   -7","H,,S"
"AYM00089573","2016-12-11","-69.367","76.367","18.0","ZHONGSHAN, AY",,,,,,,"    4","H,,S"
"AYM00089573","2016-12-14","-69.367","76.367","18.0","ZHONGSHAN, AY",,,,,,,"    8","H,,S"
"AYM00089573","2016-12-15","-69.367","76.367","18.0","ZHONGSHAN, AY",,,,,,,"   22","H,,S"
"AYM00089573","2016-12-17","-69.367","76.367","18.0","ZHONGSHAN, AY",,,,,,,"   11","H,,S"
"AYM00089573","2016-12-18","-69.367","76.367","18.0","ZHONGSHAN, AY",,,,,,,"    7","H,,S"
"AYM00089573","2016-12-19","-69.367","76.367","18.0","ZHONGSHAN, AY",,,,,,,"   13","H,,S"
"AYM00089573","2016-12-20","-69.367","76.367","18.0","ZHONGSHAN, AY",,,,,,,"   54","H,,S"
"AYM00089573","2016-12-21","-69.367","76.367","18.0","ZHONGSHAN, AY",,,,,,,"   39","H,,S"
"AYM00089573","2016-12-22","-69.367","76.367","18.0","ZHONGSHAN, AY",,,,,,,"   12","H,,S"
"AYM00089573","2016-12-24","-69.367","76.367","18.0","ZHONGSHAN, AY",,,,,,,"   18","H,,S"
"AYM00089573","2016-12-25","-69.367","76.367","18.0","ZHONGSHAN, AY",,,,,,,"   26","H,,S"
"AYM00089573","2016-12-27","-69.367","76.367","18.0","ZHONGSHAN, AY",,,,,,,"   32","H,,S"
"AYM00089573","2016-12-28","-69.367","76.367","18.0","ZHONGSHAN, AY",,,,,,,"   22","H,,S"
"AYM00089573","2016-12-29","-69.367","76.367","18.0","ZHONGSHAN, AY",,,,,,,"   28","H,,S"
"AYM00089573","2016-12-30","-69.367","76.367","18.0","ZHONGSHAN, AY",,,,,,,"   26","H,,S"
"AYM00089573","2016-12-31","-69.367","76.367","18.0","ZHONGSHAN, AY",,,,,,,"   11","H,,S"
"AYM00089573","2017-01-01","-69.367","76.367","18.0","ZHONGSHAN, AY",,,,,,,"   12","H,,S"
"AYM00089573","2017-01-02","-69.367","76.367","18.0","ZHONGSHAN, AY",,,,,,,"   27","H,,S"
"AYM00089573","2017-01-03","-69.367","76.367","18.0","ZHONGSHAN, AY",,,,,,,"   37","H,,S"
"AYM00089573","2017-01-04","-69.367","76.367","18.0","ZHONGSHAN, AY",,,,,,,"   11","H,,S"
"AYM00089573","2017-01-06","-69.367","76.367","18.0","ZHONGSHAN, AY",,,,,,,"   17","H,,S"
"AYM00089573","2017-01-08","-69.367","76.367","18.0","ZHONGSHAN, AY",,,,,,,"   16","H,,S"
"AYM00089573","2017-01-09","-69.367","76.367","18.0","ZHONGSHAN, AY",,,,,,,"   33","H,,S"
"AYM00089573","2017-01-10","-69.367","76.367","18.0","ZHONGSHAN, AY",,,,,,,"   26","H,,S"
"AYM00089573","2017-01-11","-69.367","76.367","18.0","ZHONGSHAN, AY",,,,,,,"    0","H,,S"
"AYM00089573","2017-01-14","-69.367","76.367","18.0","ZHONGSHAN, AY",,,,,,,"   -7","H,,S"
"AYM00089573","2017-01-15","-69.367","76.367","18.0","ZHONGSHAN, AY",,,,,,,"   -4","H,,S"
"AYM00089573","2017-01-16","-69.367","76.367","18.0","ZHONGSHAN, AY",,,,,,,"    4","H,,S"
"AYM00089573","2017-01-19","-69.367","76.367","18.0","ZHONGSHAN, AY",,,,,,,"    6","H,,S"
"AYM00089573","2017-01-20","-69.367","76.367","18.0","ZHONGSHAN, AY",,,,,,,"    7","H,,S"
"AYM00089573","2017-01-21","-69.367","76.367","18.0","ZHONGSHAN, AY",,,,,,,"   12","H,,S"
"AYM00089573","2017-01-22","-69.367","76.367","18.0","ZHONGSHAN, AY",,,,,,,"   25","H,,S"
"AYM00089573","2017-01-23","-69.367","76.367","18.0","ZHONGSHAN, AY",,,,,,,"   26","H,,S"
"AYM00089573","2017-01-24","-69.367","76.367","18.0","ZHONGSHAN, AY",,,,,,,"    0","H,,S"
"AYM00089573","2017-01-25","-69.367","76.367","18.0","ZHONGSHAN, AY",,,,,,,"   -2","H,,S"
"AYM00089573","2017-01-26","-69.367","76.367","18.0","ZHONGSHAN, AY",,,,,,,"    0","H,,S"
"AYM00089573","2017-01-27","-69.367","76.367","18.0","ZHONGSHAN, AY",,,,,,,"    1","H,,S"
"AYM00089573","2017-01-28","-69.367","76.367","18.0","ZHONGSHAN, AY",,,,,,,"   -9","H,,S"
"AYM00089573","2017-01-29","-69.367","76.367","18.0","ZHONGSHAN, AY",,,,,,,"    3","H,,S"
"AYM00089573","2017-01-30","-69.367","76.367","18.0","ZHONGSHAN, AY",,,,,,,"   -7","H,,S"
"AYM00089573","2017-01-31","-69.367","76.367","18.0","ZHONGSHAN, AY",,,,,,,"  -17","H,,S"
"AYM00089573","2017-02-01","-69.367","76.367","18.0","ZHONGSHAN, AY",,,,,,,"  -22","H,,S"
"AYM00089573","2017-02-02","-69.367","76.367","18.0","ZHONGSHAN, AY",,,,,,,"    1","H,,S"
"AYM00089573","2017-02-03","-69.367","76.367","18.0","ZHONGSHAN, AY",,,,,,,"    1","H,,S"
"AYM00089573","2017-02-04","-69.367","76.367","18.0","ZHONGSHAN, AY",,,,,,,"   -3","H,,S"
"AYM00089573","2017-02-05","-69.367","76.367","18.0","ZHONGSHAN, AY",,,,,,,"  -15","H,,S"
"AYM00089573","2017-02-06","-69.367","76.367","18.0","ZHONGSHAN, AY",,,,,,,"  -12","H,,S"
"AYM00089573","2017-02-07","-69.367","76.367","18.0","ZHONGSHAN, AY",,,,,,,"  -21","H,,S"
"AYM00089573","2017-02-08","-69.367","76.367","18.0","ZHONGSHAN, AY",,,,,,,"    1","H,,S"
"AYM00089573","2017-02-09","-69.367","76.367","18.0","ZHONGSHAN, AY",,,,,,,"  -14","H,,S"
"AYM00089573","2017-02-10","-69.367","76.367","18.0","ZHONGSHAN, AY",,,,,,,"  -18","H,,S"
"AYM00089573","2017-02-11","-69.367","76.367","18.0","ZHONGSHAN, AY",,,,,,,"   -2","H,,S"
"AYM00089573","2017-02-12","-69.367","76.367","18.0","ZHONGSHAN, AY",,,,,,,"  -43","H,,S"
"AYM00089573","2017-02-13","-69.367","76.367","18.0","ZHONGSHAN, AY",,,,,,,"  -26","H,,S"
"AYM00089573","2017-02-14","-69.367","76.367","18.0","ZHONGSHAN, AY",,,,,,,"  -37","H,,S"
"AYM00089573","2017-02-15","-69.367","76.367","18.0","ZHONGSHAN, AY",,,,,,,"  -26","H,,S"
"AYM00089573","2017-02-17","-69.367","76.367","18.0","ZHONGSHAN, AY",,,,,,,"  -35","H,,S"
"AYM00089573","2017-02-18","-69.367","76.367","18.0","ZHONGSHAN, AY",,,,,,,"  -18","H,,S"
"AYM00089573","2017-02-19","-69.367","76.367","18.0","ZHONGSHAN, AY",,,,,,,"  -17","H,,S"
"AYM00089573","2017-02-20","-69.367","76.367","18.0","ZHONGSHAN, AY",,,,,,,"   -8","H,,S"
"AYM00089573","2017-02-21","-69.367","76.367","18.0","ZHONGSHAN, AY",,,,,,,"  -17","H,,S"
"AYM00089573","2017-02-22","-69.367","76.367","18.0","ZHONGSHAN, AY",,,,,,,"  -21","H,,S"
"AYM00089573","2017-02-23","-69.367","76.367","18.0","ZHONGSHAN, AY",,,,,,,"  -47","H,,S"
"AYM00089573","2017-02-25","-69.367","76.367","18.0","ZHONGSHAN, AY",,,,,,,"  -33","H,,S"
"AYM00089573","2017-02-26","-69.367","76.367","18.0","ZHONGSHAN, AY",,,,,,,"  -45","H,,S"
"AYM00089573","2017-02-28","-69.367","76.367","18.0","ZHONGSHAN, AY",,,,,,,"  -61","H,,S"
"AYM00089573","2017-03-01","-69.367","76.367","18.0","ZHONGSHAN, AY",,,,,,,"  -67","H,,S"
"AYM00089573","2017-03-02","-69.367","76.367","18.0","ZHONGSHAN, AY",,,,,,,"  -68","H,,S"
"AYM00089573","2017-03-03","-69.367","76.367","18.0","ZHONGSHAN, AY",,,,,,,"  -81","H,,S"
"AYM00089573","2017-03-04","-69.367","76.367","18.0","ZHONGSHAN, AY",,,,,,,"  -78","H,,S"
"AYM00089573","2017-03-05","-69.367","76.367","18.0","ZHONGSHAN, AY",,,,,,,"  -34","H,,S"
"AYM00089573","2017-03-06","-69.367","76.367","18.0","ZHONGSHAN, AY",,,,,,,"  -26","H,,S"
"AYM00089573","2017-03-07","-69.367","76.367","18.0","ZHONGSHAN, AY",,,,,,,"  -54","H,,S"
"AYM00089573","2017-03-08","-69.367","76.367","18.0","ZHONGSHAN, AY",,,,,,,"  -89","H,,S"
"AYM00089573","2017-03-09","-69.367","76.367","18.0","ZHONGSHAN, AY",,,,,,," -125","H,,S"
"AYM00089573","2017-03-10","-69.367","76.367","18.0","ZHONGSHAN, AY",,,,,,,"  -77","H,,S"
"AYM00089573","2017-03-12","-69.367","76.367","18.0","ZHONGSHAN, AY",,,,,,,"  -66","H,,S"
"AYM00089573","2017-03-13","-69.367","76.367","18.0","ZHONGSHAN, AY",,,,,,,"  -72","H,,S"
"AYM00089573","2017-03-14","-69.367","76.367","18.0","ZHONGSHAN, AY",,,,,,,"  -54","H,,S"
"AYM00089573","2017-03-15","-69.367","76.367","18.0","ZHONGSHAN, AY",,,,,,,"  -64","H,,S"
"AYM00089573","2017-03-16","-69.367","76.367","18.0","ZHONGSHAN, AY",,,,,,,"  -90","H,,S"
"AYM00089573","2017-03-17","-69.367","76.367","18.0","ZHONGSHAN, AY",,,,,,,"  -68","H,,S"
"AYM00089573","2017-03-18","-69.367","76.367","18.0","ZHONGSHAN, AY",,,,,,,"  -73","H,,S"
"AYM00089573","2017-03-19","-69.367","76.367","18.0","ZHONGSHAN, AY",,,,,,,"  -89","H,,S"
"AYM00089573","2017-03-20","-69.367","76.367","18.0","ZHONGSHAN, AY",,,,,,,"  -67","H,,S"
"AYM00089573","2017-03-22","-69.367","76.367","18.0","ZHONGSHAN, AY",,,,,,,"  -58","H,,S"
"AYM00089573","2017-03-23","-69.367","76.367","18.0","ZHONGSHAN, AY",,,,,,,"  -81","H,,S"
"AYM00089573","2017-03-26","-69.367","76.367","18.0","ZHONGSHAN, AY",,,,,,," -118","H,,S"
"AYM00089573","2017-03-27","-69.367","76.367","18.0","ZHONGSHAN, AY",,,,,,," -111","H,,S"
"AYM00089573","2017-03-28","-69.367","76.367","18.0","ZHONGSHAN, AY",,,,,,," -125","H,,S"
"AYM00089573","2017-03-29","-69.367","76.367","18.0","ZHONGSHAN, AY",,,,,,," -151","H,,S"
"AYM00089573","2017-03-30","-69.367","76.367","18.0","ZHONGSHAN, AY",,,,,,," -181","H,,S"
"AYM00089573","2017-03-31","-69.367","76.367","18.0","ZHONGSHAN, AY",,,,,,," -163","H,,S"
"AYM00089573","2017-04-01","-69.367","76.367","18.0","ZHONGSHAN, AY",,,,,,," -176","H,,S"
"AYM00089573","2017-04-02","-69.367","76.367","18.0","ZHONGSHAN, AY",,,,,,," -171","H,,S"
"AYM00089573","2017-04-03","-69.367","76.367","18.0","ZHONGSHAN, AY",,,,,,," -183","H,,S"
"AYM00089573","2017-04-04","-69.367","76.367","18.0","ZHONGSHAN, AY",,,,,,," -145","H,,S"
"AYM00089573","2017-04-05","-69.367","76.367","18.0","ZHONGSHAN, AY",,,,,,,"  -75","H,,S"
"AYM00089573","2017-04-06","-69.367","76.367","18.0","ZHONGSHAN, AY",,,,,,," -119","H,,S"
"AYM00089573","2017-04-07","-69.367","76.367","18.0","ZHONGSHAN, AY",,,,,,," -175","H,,S"
"AYM00089573","2017-04-08","-69.367","76.367","18.0","ZHONGSHAN, AY",,,,,,," -180","H,,S"
"AYM00089573","2017-04-09","-69.367","76.367","18.0","ZHONGSHAN, AY",,,,,,," -167","H,,S"
"AYM00089573","2017-04-10","-69.367","76.367","18.0","ZHONGSHAN, AY",,,,,,," -168","H,,S"
"AYM00089573","2017-04-11","-69.367","76.367","18.0","ZHONGSHAN, AY",,,,,,," -174","H,,S"
"AYM00089573","2017-04-12","-69.367","76.367","18.0","ZHONGSHAN, AY",,,,,,," -172","H,,S"
"AYM00089573","2017-04-13","-69.367","76.367","18.0","ZHONGSHAN, AY",,,,,,," -191","H,,S"
"AYM00089573","2017-04-14","-69.367","76.367","18.0","ZHONGSHAN, AY",,,,,,," -219","H,,S"
"AYM00089573","2017-04-15","-69.367","76.367","18.0","ZHONGSHAN, AY",,,,,,," -160","H,,S"
"AYM00089573","2017-04-16","-69.367","76.367","18.0","ZHONGSHAN, AY",,,,,,," -126","H,,S"
"AYM00089573","2017-04-17","-69.367","76.367","18.0","ZHONGSHAN, AY",,,,,,,"  -98","H,,S"
"AYM00089573","2017-04-18","-69.367","76.367","18.0","ZHONGSHAN, AY",,,,,,," -134","H,,S"
"AYM00089573","2017-04-19","-69.367","76.367","18.0","ZHONGSHAN, AY",,,,,,," -102","H,,S"
"AYM00089573","2017-04-20","-69.367","76.367","18.0","ZHONGSHAN, AY",,,,,,," -101","H,,S"
"AYM00089573","2017-04-21","-69.367","76.367","18.0","ZHONGSHAN, AY",,,,,,," -117","H,,S"
"AYM00089573","2017-04-22","-69.367","76.367","18.0","ZHONGSHAN, AY",,,,,,," -153","H,,S"
"AYM00089573","2017-04-23","-69.367","76.367","18.0","ZHONGSHAN, AY",,,,,,," -202","H,,S"
"AYM00089573","2017-04-24","-69.367","76.367","18.0","ZHONGSHAN, AY",,,,,,," -215","H,,S"
"AYM00089573","2017-04-25","-69.367","76.367","18.0","ZHONGSHAN, AY",,,,,,," -213","H,,S"
"AYM00089573","2017-04-26","-69.367","76.367","18.0","ZHONGSHAN, AY",,,,,,," -179","H,,S"
"AYM00089573","2017-04-27","-69.367","76.367","18.0","ZHONGSHAN, AY",,,,,,," -159","H,,S"
"AYM00089573","2017-04-28","-69.367","76.367","18.0","ZHONGSHAN, AY",,,,,,," -164","H,,S"
"AYM00089573","2017-04-29","-69.367","76.367","18.0","ZHONGSHAN, AY",,,,,,," -138","H,,S"
"AYM00089573","2017-04-30","-69.367","76.367","18.0","ZHONGSHAN, AY",,,,,,,"  -77","H,,S"
"AYM00089573","2017-05-01","-69.367","76.367","18.0","ZHONGSHAN, AY",,,,,,,"  -48","H,,S"
"AYM00089573","2017-05-02","-69.367","76.367","18.0","ZHONGSHAN, AY",,,,,,,"  -81","H,,S"
"AYM00089573","2017-05-03","-69.367","76.367","18.0","ZHONGSHAN, AY",,,,,,," -109","H,,S"
"AYM00089573","2017-05-04","-69.367","76.367","18.0","ZHONGSHAN, AY",,,,,,," -139","H,,S"
"AYM00089573","2017-05-05","-69.367","76.367","18.0","ZHONGSHAN, AY",,,,,,," -118","H,,S"
"AYM00089573","2017-05-06","-69.367","76.367","18.0","ZHONGSHAN, AY",,,,,,," -136","H,,S"
"AYM00089573","2017-05-07","-69.367","76.367","18.0","ZHONGSHAN, AY",,,,,,," -163","H,,S"
"AYM00089573","2017-05-08","-69.367","76.367","18.0","ZHONGSHAN, AY",,,,,,," -185","H,,S"
"AYM00089573","2017-05-09","-69.367","76.367","18.0","ZHONGSHAN, AY",,,,,,," -117","H,,S"
"AYM00089573","2017-05-10","-69.367","76.367","18.0","ZHONGSHAN, AY",,,,,,," -172","H,,S"
"AYM00089573","2017-05-11","-69.367","76.367","18.0","ZHONGSHAN, AY",,,,,,," -239","H,,S"
"AYM00089573","2017-05-12","-69.367","76.367","18.0","ZHONGSHAN, AY",,,,,,," -267","H,,S"
"AYM00089573","2017-05-13","-69.367","76.367","18.0","ZHONGSHAN, AY",,,,,,," -282","H,,S"
"AYM00089573","2017-05-14","-69.367","76.367","18.0","ZHONGSHAN, AY",,,,,,," -187","H,,S"
"AYM00089573","2017-05-15","-69.367","76.367","18.0","ZHONGSHAN, AY",,,,,,,"  -70","H,,S"
"AYM00089573","2017-05-16","-69.367","76.367","18.0","ZHONGSHAN, AY",,,,,,," -100","H,,S"
"AYM00089573","2017-05-17","-69.367","76.367","18.0","ZHONGSHAN, AY",,,,,,," -143","H,,S"
"AYM00089573","2017-05-18","-69.367","76.367","18.0","ZHONGSHAN, AY",,,,,,," -158","H,,S"
"AYM00089573","2017-05-19","-69.367","76.367","18.0","ZHONGSHAN, AY",,,,,,," -158","H,,S"
"AYM00089573","2017-05-20","-69.367","76.367","18.0","ZHONGSHAN, AY",,,,,,,"  -83","H,,S"
"AYM00089573","2017-05-21","-69.367","76.367","18.0","ZHONGSHAN, AY",,,,,,,"  -57","H,,S"
"AYM00089573","2017-05-22","-69.367","76.367","18.0","ZHONGSHAN, AY",,,,,,,"  -36","H,,S"
"AYM00089573","2017-05-23","-69.367","76.367","18.0","ZHONGSHAN, AY",,,,,,,"  -51","H,,S"
"AYM00089573","2017-05-24","-69.367","76.367","18.0","ZHONGSHAN, AY",,,,,,," -133","H,,S"
"AYM00089573","2017-05-25","-69.367","76.367","18.0","ZHONGSHAN, AY",,,,,,," -118","H,,S"
"AYM00089573","2017-05-26","-69.367","76.367","18.0","ZHONGSHAN, AY",,,,,,,"  -37","H,,S"
"AYM00089573","2017-05-27","-69.367","76.367","18.0","ZHONGSHAN, AY",,,,,,,"  -32","H,,S"
"AYM00089573","2017-05-28","-69.367","76.367","18.0","ZHONGSHAN, AY",,,,,,,"  -65","H,,S"
"AYM00089573","2017-05-29","-69.367","76.367","18.0","ZHONGSHAN, AY",,,,,,," -137","H,,S"
"AYM00089573","2017-05-30","-69.367","76.367","18.0","ZHONGSHAN, AY",,,,,,," -149","H,,S"
"AYM00089573","2017-05-31","-69.367","76.367","18.0","ZHONGSHAN, AY",,,,,,," -150","H,,S"
"AYM00089573","2017-06-01","-69.367","76.367","18.0","ZHONGSHAN, AY",,,,,,," -145","H,,S"
"AYM00089573","2017-06-02","-69.367","76.367","18.0","ZHONGSHAN, AY",,,,,,," -183","H,,S"
"AYM00089573","2017-06-03","-69.367","76.367","18.0","ZHONGSHAN, AY",,,,,,," -254","H,,S"
"AYM00089573","2017-06-04","-69.367","76.367","18.0","ZHONGSHAN, AY",,,,,,," -283","H,,S"
"AYM00089573","2017-06-05","-69.367","76.367","18.0","ZHONGSHAN, AY",,,,,,," -268","H,,S"
"AYM00089573","2017-06-06","-69.367","76.367","18.0","ZHONGSHAN, AY",,,,,,," -181","H,,S"
"AYM00089573","2017-06-07","-69.367","76.367","18.0","ZHONGSHAN, AY",,,,,,," -138","H,,S"
"AYM00089573","2017-06-08","-69.367","76.367","18.0","ZHONGSHAN, AY",,,,,,," -167","H,,S"
"AYM00089573","2017-06-09","-69.367","76.367","18.0","ZHONGSHAN, AY",,,,,,," -180","H,,S"
"AYM00089573","2017-06-10","-69.367","76.367","18.0","ZHONGSHAN, AY",,,,,,," -158","H,,S"
"AYM00089573","2017-06-11","-69.367","76.367","18.0","ZHONGSHAN, AY",,,,,,," -121","H,,S"
"AYM00089573","2017-06-12","-69.367","76.367","18.0","ZHONGSHAN, AY",,,,,,," -122","H,,S"
"AYM00089573","2017-06-13","-69.367","76.367","18.0","ZHONGSHAN, AY",,,,,,," -165","H,,S"
"AYM00089573","2017-06-14","-69.367","76.367","18.0","ZHONGSHAN, AY",,,,,,," -212","H,,S"
"AYM00089573","2017-06-15","-69.367","76.367","18.0","ZHONGSHAN, AY",,,,,,," -227","H,,S"
"AYM00089573","2017-06-16","-69.367","76.367","18.0","ZHONGSHAN, AY",,,,,,," -270","H,,S"
"AYM00089573","2017-06-17","-69.367","76.367","18.0","ZHONGSHAN, AY",,,,,,," -285","H,,S"
"AYM00089573","2017-06-18","-69.367","76.367","18.0","ZHONGSHAN, AY",,,,,,," -301","H,,S"
"AYM00089573","2017-06-19","-69.367","76.367","18.0","ZHONGSHAN, AY",,,,,,," -236","H,,S"
"AYM00089573","2017-06-20","-69.367","76.367","18.0","ZHONGSHAN, AY",,,,,,," -299","H,,S"
"AYM00089573","2017-06-21","-69.367","76.367","18.0","ZHONGSHAN, AY",,,,,,," -284","H,,S"
"AYM00089573","2017-06-22","-69.367","76.367","18.0","ZHONGSHAN, AY",,,,,,," -184","H,,S"
"AYM00089573","2017-06-23","-69.367","76.367","18.0","ZHONGSHAN, AY",,,,,,," -146","H,,S"
"AYM00089573","2017-06-24","-69.367","76.367","18.0","ZHONGSHAN, AY",,,,,,," -110","H,,S"
"AYM00089573","2017-06-25","-69.367","76.367","18.0","ZHONGSHAN, AY",,,,,,," -126","H,,S"
"AYM00089573","2017-06-26","-69.367","76.367","18.0","ZHONGSHAN, AY",,,,,,," -173","H,,S"
"AYM00089573","2017-06-27","-69.367","76.367","18.0","ZHONGSHAN, AY",,,,,,," -192","H,,S"
"AYM00089573","2017-06-28","-69.367","76.367","18.0","ZHONGSHAN, AY",,,,,,," -118","H,,S"
"AYM00089573","2017-06-29","-69.367","76.367","18.0","ZHONGSHAN, AY",,,,,,," -162","H,,S"
"AYM00089573","2017-06-30","-69.367","76.367","18.0","ZHONGSHAN, AY",,,,,,," -129","H,,S"
"AYM00089573","2017-07-01","-69.367","76.367","18.0","ZHONGSHAN, AY",,,,,,," -141","H,,S"
"AYM00089573","2017-07-02","-69.367","76.367","18.0","ZHONGSHAN, AY",,,,,,," -207","H,,S"
"AYM00089573","2017-07-03","-69.367","76.367","18.0","ZHONGSHAN, AY",,,,,,," -274","H,,S"
"AYM00089573","2017-07-04","-69.367","76.367","18.0","ZHONGSHAN, AY",,,,,,," -266","H,,S"
"AYM00089573","2017-07-05","-69.367","76.367","18.0","ZHONGSHAN, AY",,,,,,," -255","H,,S"
"AYM00089573","2017-07-06","-69.367","76.367","18.0","ZHONGSHAN, AY",,,,,,," -269","H,,S"
"AYM00089573","2017-07-07","-69.367","76.367","18.0","ZHONGSHAN, AY",,,,,,," -316","H,,S"
"AYM00089573","2017-07-08","-69.367","76.367","18.0","ZHONGSHAN, AY",,,,,,," -326","H,,S"
"AYM00089573","2017-07-09","-69.367","76.367","18.0","ZHONGSHAN, AY",,,,,,," -247","H,,S"
"AYM00089573","2017-07-10","-69.367","76.367","18.0","ZHONGSHAN, AY",,,,,,," -345","H,,S"
"AYM00089573","2017-07-11","-69.367","76.367","18.0","ZHONGSHAN, AY",,,,,,," -395","H,,S"
"AYM00089573","2017-07-12","-69.367","76.367","18.0","ZHONGSHAN, AY",,,,,,," -209","H,,S"
"AYM00089573","2017-07-13","-69.367","76.367","18.0","ZHONGSHAN, AY",,,,,,," -106","H,,S"
"AYM00089573","2017-07-14","-69.367","76.367","18.0","ZHONGSHAN, AY",,,,,,," -117","H,,S"
"AYM00089573","2017-07-15","-69.367","76.367","18.0","ZHONGSHAN, AY",,,,,,," -125","H,,S"
"AYM00089573","2017-07-16","-69.367","76.367","18.0","ZHONGSHAN, AY",,,,,,," -101","H,,S"
"AYM00089573","2017-07-17","-69.367","76.367","18.0","ZHONGSHAN, AY",,,,,,,"  -78","H,,S"
"AYM00089573","2017-07-18","-69.367","76.367","18.0","ZHONGSHAN, AY",,,,,,,"  -61","H,,S"
"AYM00089573","2017-07-19","-69.367","76.367","18.0","ZHONGSHAN, AY",,,,,,,"  -58","H,,S"
"AYM00089573","2017-07-20","-69.367","76.367","18.0","ZHONGSHAN, AY",,,,,,,"  -60","H,,S"
"AYM00089573","2017-07-21","-69.367","76.367","18.0","ZHONGSHAN, AY",,,,,,," -144","H,,S"
"AYM00089573","2017-07-22","-69.367","76.367","18.0","ZHONGSHAN, AY",,,,,,,"  -66","H,,S"
"AYM00089573","2017-07-23","-69.367","76.367","18.0","ZHONGSHAN, AY",,,,,,,"  -49","H,,S"
"AYM00089573","2017-07-24","-69.367","76.367","18.0","ZHONGSHAN, AY",,,,,,,"  -52","H,,S"
"AYM00089573","2017-07-25","-69.367","76.367","18.0","ZHONGSHAN, AY",,,,,,," -112","H,,S"
"AYM00089573","2017-07-26","-69.367","76.367","18.0","ZHONGSHAN, AY",,,,,,," -122","H,,S"
"AYM00089573","2017-07-27","-69.367","76.367","18.0","ZHONGSHAN, AY",,,,,,," -118","H,,S"
"AYM00089573","2017-07-28","-69.367","76.367","18.0","ZHONGSHAN, AY",,,,,,," -117","H,,S"
"AYM00089573","2017-07-29","-69.367","76.367","18.0","ZHONGSHAN, AY",,,,,,," -160","H,,S"
"AYM00089573","2017-07-30","-69.367","76.367","18.0","ZHONGSHAN, AY",,,,,,," -120","H,,S"
"AYM00089573","2017-07-31","-69.367","76.367","18.0","ZHONGSHAN, AY",,,,,,," -163","H,,S"
"AYM00089573","2017-08-01","-69.367","76.367","18.0","ZHONGSHAN, AY",,,,,,," -186","H,,S"
"AYM00089573","2017-08-02","-69.367","76.367","18.0","ZHONGSHAN, AY",,,,,,," -202","H,,S"
"AYM00089573","2017-08-03","-69.367","76.367","18.0","ZHONGSHAN, AY",,,,,,," -242","H,,S"
"AYM00089573","2017-08-04","-69.367","76.367","18.0","ZHONGSHAN, AY",,,,,,," -192","H,,S"
"AYM00089573","2017-08-05","-69.367","76.367","18.0","ZHONGSHAN, AY",,,,,,," -156","H,,S"
"AYM00089573","2017-08-06","-69.367","76.367","18.0","ZHONGSHAN, AY",,,,,,," -188","H,,S"
"AYM00089573","2017-08-07","-69.367","76.367","18.0","ZHONGSHAN, AY",,,,,,," -302","H,,S"
"AYM00089573","2017-08-08","-69.367","76.367","18.0","ZHONGSHAN, AY",,,,,,," -212","H,,S"
"AYM00089573","2017-08-09","-69.367","76.367","18.0","ZHONGSHAN, AY",,,,,,,"  -68","H,,S"
"AYM00089573","2017-08-10","-69.367","76.367","18.0","ZHONGSHAN, AY",,,,,,," -139","H,,S"
"AYM00089573","2017-08-11","-69.367","76.367","18.0","ZHONGSHAN, AY",,,,,,," -162","H,,S"
"AYM00089573","2017-08-12","-69.367","76.367","18.0","ZHONGSHAN, AY",,,,,,," -106","H,,S"
"AYM00089573","2017-08-13","-69.367","76.367","18.0","ZHONGSHAN, AY",,,,,,," -129","H,,S"
"AYM00089573","2017-08-14","-69.367","76.367","18.0","ZHONGSHAN, AY",,,,,,,"  -86","H,,S"
"AYM00089573","2017-08-16","-69.367","76.367","18.0","ZHONGSHAN, AY",,,,,,," -146","H,,S"
"AYM00089573","2017-08-17","-69.367","76.367","18.0","ZHONGSHAN, AY",,,,,,," -131","H,,S"
"AYM00089573","2017-08-18","-69.367","76.367","18.0","ZHONGSHAN, AY",,,,,,," -166","H,,S"
"AYM00089573","2017-08-19","-69.367","76.367","18.0","ZHONGSHAN, AY",,,,,,," -199","H,,S"
"AYM00089573","2017-08-20","-69.367","76.367","18.0","ZHONGSHAN, AY",,,,,,," -165","H,,S"
"AYM00089573","2017-08-21","-69.367","76.367","18.0","ZHONGSHAN, AY",,,,,,,"  -94","H,,S"
"AYM00089573","2017-08-22","-69.367","76.367","18.0","ZHONGSHAN, AY",,,,,,," -143","H,,S"
"AYM00089573","2017-08-23","-69.367","76.367","18.0","ZHONGSHAN, AY",,,,,,," -237","H,,S"
"AYM00089573","2017-08-24","-69.367","76.367","18.0","ZHONGSHAN, AY",,,,,,," -332","H,,S"
"AYM00089573","2017-08-25","-69.367","76.367","18.0","ZHONGSHAN, AY",,,,,,," -226","H,,S"
"AYM00089573","2017-08-26","-69.367","76.367","18.0","ZHONGSHAN, AY",,,,,,," -115","H,,S"
"AYM00089573","2017-08-27","-69.367","76.367","18.0","ZHONGSHAN, AY",,,,,,,"  -90","H,,S"
"AYM00089573","2017-08-28","-69.367","76.367","18.0","ZHONGSHAN, AY",,,,,,," -152","H,,S"
"AYM00089573","2017-08-29","-69.367","76.367","18.0","ZHONGSHAN, AY",,,,,,," -208","H,,S"
"AYM00089573","2017-08-30","-69.367","76.367","18.0","ZHONGSHAN, AY",,,,,,," -316","H,,S"
"AYM00089573","2017-08-31","-69.367","76.367","18.0","ZHONGSHAN, AY",,,,,,," -258","H,,S"
"AYM00089573","2017-09-01","-69.367","76.367","18.0","ZHONGSHAN, AY",,,,,,," -252","H,,S"
"AYM00089573","2017-09-02","-69.367","76.367","18.0","ZHONGSHAN, AY",,,,,,," -293","H,,S"
"AYM00089573","2017-09-03","-69.367","76.367","18.0","ZHONGSHAN, AY",,,,,,," -129","H,,S"
"AYM00089573","2017-09-04","-69.367","76.367","18.0","ZHONGSHAN, AY",,,,,,," -147","H,,S"
"AYM00089573","2017-09-05","-69.367","76.367","18.0","ZHONGSHAN, AY",,,,,,," -197","H,,S"
"AYM00089573","2017-09-06","-69.367","76.367","18.0","ZHONGSHAN, AY",,,,,,," -210","H,,S"
"AYM00089573","2017-09-07","-69.367","76.367","18.0","ZHONGSHAN, AY",,,,,,," -220","H,,S"
"AYM00089573","2017-09-08","-69.367","76.367","18.0","ZHONGSHAN, AY",,,,,,," -150","H,,S"
"AYM00089573","2017-09-09","-69.367","76.367","18.0","ZHONGSHAN, AY",,,,,,," -127","H,,S"
"AYM00089573","2017-09-10","-69.367","76.367","18.0","ZHONGSHAN, AY",,,,,,,"  -95","H,,S"
"AYM00089573","2017-09-11","-69.367","76.367","18.0","ZHONGSHAN, AY",,,,,,," -129","H,,S"
"AYM00089573","2017-09-12","-69.367","76.367","18.0","ZHONGSHAN, AY",,,,,,," -174","H,,S"
"AYM00089573","2017-09-13","-69.367","76.367","18.0","ZHONGSHAN, AY",,,,,,," -180","H,,S"
"AYM00089573","2017-09-14","-69.367","76.367","18.0","ZHONGSHAN, AY",,,,,,," -162","H,,S"
"AYM00089573","2017-09-15","-69.367","76.367","18.0","ZHONGSHAN, AY",,,,,,," -181","H,,S"
"AYM00089573","2017-09-16","-69.367","76.367","18.0","ZHONGSHAN, AY",,,,,,," -193","H,,S"
"AYM00089573","2017-09-17","-69.367","76.367","18.0","ZHONGSHAN, AY",,,,,,," -171","H,,S"
"AYM00089573","2017-09-18","-69.367","76.367","18.0","ZHONGSHAN, AY",,,,,,," -171","H,,S"
"AYM00089573","2017-09-19","-69.367","76.367","18.0","ZHONGSHAN, AY",,,,,,," -176","H,,S"
"AYM00089573","2017-09-20","-69.367","76.367","18.0","ZHONGSHAN, AY",,,,,,," -181","H,,S"
"AYM00089573","2017-09-21","-69.367","76.367","18.0","ZHONGSHAN, AY",,,,,,," -150","H,,S"
"AYM00089573","2017-09-22","-69.367","76.367","18.0","ZHONGSHAN, AY",,,,,,," -251","H,,S"
"AYM00089573","2017-09-23","-69.367","76.367","18.0","ZHONGSHAN, AY",,,,,,," -144","H,,S"
"AYM00089573","2017-09-24","-69.367","76.367","18.0","ZHONGSHAN, AY",,,,,,," -112","H,,S"
"AYM00089573","2017-09-25","-69.367","76.367","18.0","ZHONGSHAN, AY",,,,,,," -167","H,,S"
"AYM00089573","2017-09-26","-69.367","76.367","18.0","ZHONGSHAN, AY",,,,,,," -241","H,,S"
"AYM00089573","2017-09-27","-69.367","76.367","18.0","ZHONGSHAN, AY",,,,,,," -207","H,,S"
"AYM00089573","2017-09-29","-69.367","76.367","18.0","ZHONGSHAN, AY",,,,,,," -209","H,,S"
"AYM00089573","2017-09-30","-69.367","76.367","18.0","ZHONGSHAN, AY",,,,,,," -228","H,,S"
"AYM00089573","2017-10-01","-69.367","76.367","18.0","ZHONGSHAN, AY",,,,,,," -239","H,,S"
"AYM00089573","2017-10-02","-69.367","76.367","18.0","ZHONGSHAN, AY",,,,,,," -230","H,,S"
"AYM00089573","2017-10-03","-69.367","76.367","18.0","ZHONGSHAN, AY",,,,,,," -157","H,,S"
"AYM00089573","2017-10-04","-69.367","76.367","18.0","ZHONGSHAN, AY",,,,,,," -144","H,,S"
"AYM00089573","2017-10-05","-69.367","76.367","18.0","ZHONGSHAN, AY",,,,,,," -165","H,,S"
"AYM00089573","2017-10-06","-69.367","76.367","18.0","ZHONGSHAN, AY",,,,,,," -146","H,,S"
"AYM00089573","2017-10-07","-69.367","76.367","18.0","ZHONGSHAN, AY",,,,,,," -155","H,,S"
"AYM00089573","2017-10-08","-69.367","76.367","18.0","ZHONGSHAN, AY",,,,,,," -133","H,,S"
"AYM00089573","2017-10-09","-69.367","76.367","18.0","ZHONGSHAN, AY",,,,,,," -135","H,,S"
"AYM00089573","2017-10-10","-69.367","76.367","18.0","ZHONGSHAN, AY",,,,,,," -138","H,,S"
"AYM00089573","2017-10-11","-69.367","76.367","18.0","ZHONGSHAN, AY",,,,,,,"  -94","H,,S"
"AYM00089573","2017-10-12","-69.367","76.367","18.0","ZHONGSHAN, AY",,,,,,," -137","H,,S"
"AYM00089573","2017-10-13","-69.367","76.367","18.0","ZHONGSHAN, AY",,,,,,," -162","H,,S"
"AYM00089573","2017-10-14","-69.367","76.367","18.0","ZHONGSHAN, AY",,,,,,," -167","H,,S"
"AYM00089573","2017-10-15","-69.367","76.367","18.0","ZHONGSHAN, AY",,,,,,," -137","H,,S"
"AYM00089573","2017-10-16","-69.367","76.367","18.0","ZHONGSHAN, AY",,,,,,," -131","H,,S"
"AYM00089573","2017-10-17","-69.367","76.367","18.0","ZHONGSHAN, AY",,,,,,,"  -91","H,,S"
"AYM00089573","2017-10-18","-69.367","76.367","18.0","ZHONGSHAN, AY",,,,,,,"  -68","H,,S"
"AYM00089573","2017-10-19","-69.367","76.367","18.0","ZHONGSHAN, AY",,,,,,,"  -93","H,,S"
"AYM00089573","2017-10-21","-69.367","76.367","18.0","ZHONGSHAN, AY",,,,,,,"  -89","H,,S"
"AYM00089573","2017-10-22","-69.367","76.367","18.0","ZHONGSHAN, AY",,,,,,," -121","H,,S"
"AYM00089573","2017-10-23","-69.367","76.367","18.0","ZHONGSHAN, AY",,,,,,," -112","H,,S"
"AYM00089573","2017-10-24","-69.367","76.367","18.0","ZHONGSHAN, AY",,,,,,," -115","H,,S"
"AYM00089573","2017-10-25","-69.367","76.367","18.0","ZHONGSHAN, AY",,,,,,," -126","H,,S"
"AYM00089573","2017-10-26","-69.367","76.367","18.0","ZHONGSHAN, AY",,,,,,," -125","H,,S"
"AYM00089573","2017-10-27","-69.367","76.367","18.0","ZHONGSHAN, AY",,,,,,," -117","H,,S"
"AYM00089573","2017-10-28","-69.367","76.367","18.0","ZHONGSHAN, AY",,,,,,," -133","H,,S"
"AYM00089573","2017-10-29","-69.367","76.367","18.0","ZHONGSHAN, AY",,,,,,," -134","H,,S"
"AYM00089573","2017-10-30","-69.367","76.367","18.0","ZHONGSHAN, AY",,,,,,," -124","H,,S"
"AYM00089573","2017-10-31","-69.367","76.367","18.0","ZHONGSHAN, AY",,,,,,," -135","H,,S"
"AYM00089573","2017-11-01","-69.367","76.367","18.0","ZHONGSHAN, AY",,,,,,,"  -85","H,,S"
"AYM00089573","2017-11-02","-69.367","76.367","18.0","ZHONGSHAN, AY",,,,,,,"   -1","H,,S"
"AYM00089573","2017-11-04","-69.367","76.367","18.0","ZHONGSHAN, AY",,,,,,,"    3","H,,S"
"AYM00089573","2017-11-05","-69.367","76.367","18.0","ZHONGSHAN, AY",,,,,,,"  -28","H,,S"
"AYM00089573","2017-11-07","-69.367","76.367","18.0","ZHONGSHAN, AY",,,,,,,"  -20","H,,S"
"AYM00089573","2017-11-08","-69.367","76.367","18.0","ZHONGSHAN, AY",,,,,,,"  -41","H,,S"
"AYM00089573","2017-11-09","-69.367","76.367","18.0","ZHONGSHAN, AY",,,,,,,"  -65","H,,S"
"AYM00089573","2017-11-10","-69.367","76.367","18.0","ZHONGSHAN, AY",,,,,,,"  -57","H,,S"
"AYM00089573","2017-11-11","-69.367","76.367","18.0","ZHONGSHAN, AY",,,,,,,"  -39","H,,S"
"AYM00089573","2017-11-12","-69.367","76.367","18.0","ZHONGSHAN, AY",,,,,,,"  -35","H,,S"
"AYM00089573","2017-11-13","-69.367","76.367","18.0","ZHONGSHAN, AY",,,,,,,"  -41","H,,S"
"AYM00089573","2017-11-14","-69.367","76.367","18.0","ZHONGSHAN, AY",,,,,,,"  -68","H,,S"
"AYM00089573","2017-11-15","-69.367","76.367","18.0","ZHONGSHAN, AY",,,,,,,"  -69","H,,S"
"AYM00089573","2017-11-16","-69.367","76.367","18.0","ZHONGSHAN, AY",,,,,,,"  -64","H,,S"
"AYM00089573","2017-11-17","-69.367","76.367","18.0","ZHONGSHAN, AY",,,,,,,"  -64","H,,S"
"AYM00089573","2017-11-18","-69.367","76.367","18.0","ZHONGSHAN, AY",,,,,,,"  -63","H,,S"
"AYM00089573","2017-11-19","-69.367","76.367","18.0","ZHONGSHAN, AY",,,,,,,"  -60","H,,S"
"AYM00089573","2017-11-20","-69.367","76.367","18.0","ZHONGSHAN, AY",,,,,,,"  -72","H,,S"
"AYM00089573","2017-11-21","-69.367","76.367","18.0","ZHONGSHAN, AY",,,,,,,"  -59","H,,S"
"AYM00089573","2017-11-22","-69.367","76.367","18.0","ZHONGSHAN, AY",,,,,,,"  -53","H,,S"
"AYM00089573","2017-11-23","-69.367","76.367","18.0","ZHONGSHAN, AY",,,,,,,"  -49","H,,S"
"AYM00089573","2017-11-25","-69.367","76.367","18.0","ZHONGSHAN, AY",,,,,,,"  -47","H,,S"
"AYM00089573","2017-11-26","-69.367","76.367","18.0","ZHONGSHAN, AY",,,,,,,"  -38","H,,S"
"AYM00089573","2017-11-27","-69.367","76.367","18.0","ZHONGSHAN, AY",,,,,,,"  -28","H,,S"
"AYM00089573","2017-11-28","-69.367","76.367","18.0","ZHONGSHAN, AY",,,,,,,"  -21","H,,S"
"AYM00089573","2017-11-29","-69.367","76.367","18.0","ZHONGSHAN, AY",,,,,,,"   -7","H,,S"
"AYM00089573","2017-12-01","-69.367","76.367","18.0","ZHONGSHAN, AY",,,,,,,"  -45","H,,S"
"AYM00089573","2017-12-02","-69.367","76.367","18.0","ZHONGSHAN, AY",,,,,,,"  -56","H,,S"
"AYM00089573","2017-12-03","-69.367","76.367","18.0","ZHONGSHAN, AY",,,,,,,"  -42","H,,S"
"AYM00089573","2017-12-04","-69.367","76.367","18.0","ZHONGSHAN, AY",,,,,,,"  -24","H,,S"
"AYM00089573","2017-12-05","-69.367","76.367","18.0","ZHONGSHAN, AY",,,,,,,"  -19","H,,S"
"AYM00089573","2017-12-06","-69.367","76.367","18.0","ZHONGSHAN, AY",,,,,,,"  -10","H,,S"
"AYM00089573","2017-12-07","-69.367","76.367","18.0","ZHONGSHAN, AY",,,,,,,"    2","H,,S"
"AYM00089573","2017-12-08","-69.367","76.367","18.0","ZHONGSHAN, AY",,,,,,,"  -15","H,,S"
"AYM00089573","2017-12-09","-69.367","76.367","18.0","ZHONGSHAN, AY",,,,,,,"  -15","H,,S"
"AYM00089573","2017-12-10","-69.367","76.367","18.0","ZHONGSHAN, AY",,,,,,,"  -34","H,,S"
"AYM00089573","2017-12-11","-69.367","76.367","18.0","ZHONGSHAN, AY",,,,,,,"  -26","H,,S"
"AYM00089573","2017-12-12","-69.367","76.367","18.0","ZHONGSHAN, AY",,,,,,,"  -17","H,,S"
"AYM00089573","2017-12-13","-69.367","76.367","18.0","ZHONGSHAN, AY",,,,,,,"  -28","H,,S"
"AYM00089573","2017-12-14","-69.367","76.367","18.0","ZHONGSHAN, AY",,,,,,,"  -19","H,,S"
"AYM00089573","2017-12-15","-69.367","76.367","18.0","ZHONGSHAN, AY",,,,,,,"  -12","H,,S"
"AYM00089573","2017-12-16","-69.367","76.367","18.0","ZHONGSHAN, AY",,,,,,,"  -16","H,,S"
"AYM00089573","2017-12-17","-69.367","76.367","18.0","ZHONGSHAN, AY",,,,,,,"  -13","H,,S"
"AYM00089573","2017-12-19","-69.367","76.367","18.0","ZHONGSHAN, AY",,,,,,,"    0","H,,S"
"AYM00089573","2017-12-20","-69.367","76.367","18.0","ZHONGSHAN, AY",,,,,,,"  -16","H,,S"
"AYM00089573","2017-12-21","-69.367","76.367","18.0","ZHONGSHAN, AY",,,,,,,"    7","H,,S"
"AYM00089573","2017-12-22","-69.367","76.367","18.0","ZHONGSHAN, AY",,,,,,,"   32","H,,S"
"AYM00089573","2017-12-23","-69.367","76.367","18.0","ZHONGSHAN, AY",,,,,,,"   21","H,,S"
"AYM00089573","2017-12-24","-69.367","76.367","18.0","ZHONGSHAN, AY",,,,,,,"    7","H,,S"
"AYM00089573","2017-12-25","-69.367","76.367","18.0","ZHONGSHAN, AY",,,,,,,"    1","H,,S"
"AYM00089573","2017-12-26","-69.367","76.367","18.0","ZHONGSHAN, AY",,,,,,,"   10","H,,S"
"AYM00089573","2017-12-27","-69.367","76.367","18.0","ZHONGSHAN, AY",,,,,,,"   -4","H,,S"
"AYM00089573","2017-12-28","-69.367","76.367","18.0","ZHONGSHAN, AY",,,,,,,"    4","H,,S"
"AYM00089573","2017-12-29","-69.367","76.367","18.0","ZHONGSHAN, AY",,,,,,,"   17","H,,S"
"AYM00089573","2017-12-30","-69.367","76.367","18.0","ZHONGSHAN, AY",,,,,,,"    4","H,,S"
"AYM00089573","2017-12-31","-69.367","76.367","18.0","ZHONGSHAN, AY",,,,,,,"    2","H,,S"
"AYM00089573","2018-01-01","-69.367","76.367","18.0","ZHONGSHAN, AY",,,,,,,"   18","H,,S"
"AYM00089573","2018-01-02","-69.367","76.367","18.0","ZHONGSHAN, AY",,,,,,,"    3","H,,S"
"AYM00089573","2018-01-03","-69.367","76.367","18.0","ZHONGSHAN, AY",,,,,,,"   -7","H,,S"
"AYM00089573","2018-01-04","-69.367","76.367","18.0","ZHONGSHAN, AY",,,,,,,"   10","H,,S"
"AYM00089573","2018-01-05","-69.367","76.367","18.0","ZHONGSHAN, AY",,,,,,,"   24","H,,S"
"AYM00089573","2018-01-06","-69.367","76.367","18.0","ZHONGSHAN, AY",,,,,,,"   19","H,,S"
"AYM00089573","2018-01-07","-69.367","76.367","18.0","ZHONGSHAN, AY",,,,,,,"    6","H,,S"
"AYM00089573","2018-01-08","-69.367","76.367","18.0","ZHONGSHAN, AY",,,,,,,"   11","H,,S"
"AYM00089573","2018-01-09","-69.367","76.367","18.0","ZHONGSHAN, AY",,,,,,,"  -15","H,,S"
"AYM00089573","2018-01-10","-69.367","76.367","18.0","ZHONGSHAN, AY",,,,,,,"  -14","H,,S"
"AYM00089573","2018-01-11","-69.367","76.367","18.0","ZHONGSHAN, AY",,,,,,,"   17","H,,S"
"AYM00089573","2018-01-12","-69.367","76.367","18.0","ZHONGSHAN, AY",,,,,,,"   23","H,,S"
"AYM00089573","2018-01-13","-69.367","76.367","18.0","ZHONGSHAN, AY",,,,,,,"    2","H,,S"
"AYM00089573","2018-01-14","-69.367","76.367","18.0","ZHONGSHAN, AY",,,,,,,"  -15","H,,S"
"AYM00089573","2018-01-15","-69.367","76.367","18.0","ZHONGSHAN, AY",,,,,,,"  -16","H,,S"
"AYM00089573","2018-01-16","-69.367","76.367","18.0","ZHONGSHAN, AY",,,,,,,"  -18","H,,S"
"AYM00089573","2018-01-17","-69.367","76.367","18.0","ZHONGSHAN, AY",,,,,,,"   -8","H,,S"
"AYM00089573","2018-01-18","-69.367","76.367","18.0","ZHONGSHAN, AY",,,,,,,"   -3","H,,S"
"AYM00089573","2018-01-19","-69.367","76.367","18.0","ZHONGSHAN, AY",,,,,,,"    1","H,,S"
"AYM00089573","2018-01-20","-69.367","76.367","18.0","ZHONGSHAN, AY",,,,,,,"   -4","H,,S"
"AYM00089573","2018-01-21","-69.367","76.367","18.0","ZHONGSHAN, AY",,,,,,,"   -2","H,,S"
"AYM00089573","2018-01-22","-69.367","76.367","18.0","ZHONGSHAN, AY",,,,,,,"  -13","H,,S"
"AYM00089573","2018-01-23","-69.367","76.367","18.0","ZHONGSHAN, AY",,,,,,,"  -13","H,,S"
"AYM00089573","2018-01-24","-69.367","76.367","18.0","ZHONGSHAN, AY",,,,,,,"  -13","H,,S"
"AYM00089573","2018-01-25","-69.367","76.367","18.0","ZHONGSHAN, AY",,,,,,,"  -23","H,,S"
"AYM00089573","2018-01-26","-69.367","76.367","18.0","ZHONGSHAN, AY",,,,,,,"  -22","H,,S"
"AYM00089573","2018-01-27","-69.367","76.367","18.0","ZHONGSHAN, AY",,,,,,,"  -14","H,,S"
"AYM00089573","2018-01-28","-69.367","76.367","18.0","ZHONGSHAN, AY",,,,,,,"  -17","H,,S"
"AYM00089573","2018-01-29","-69.367","76.367","18.0","ZHONGSHAN, AY",,,,,,,"  -12","H,,S"
"AYM00089573","2018-01-30","-69.367","76.367","18.0","ZHONGSHAN, AY",,,,,,,"  -19","H,,S"
"AYM00089573","2018-01-31","-69.367","76.367","18.0","ZHONGSHAN, AY",,,,,,,"  -16","H,,S"
"AYM00089573","2018-02-01","-69.367","76.367","18.0","ZHONGSHAN, AY",,,,,,,"  -37","H,,S"
"AYM00089573","2018-02-02","-69.367","76.367","18.0","ZHONGSHAN, AY",,,,,,,"  -25","H,,S"
"AYM00089573","2018-02-03","-69.367","76.367","18.0","ZHONGSHAN, AY",,,,,,,"   -8","H,,S"
"AYM00089573","2018-02-04","-69.367","76.367","18.0","ZHONGSHAN, AY",,,,,,,"    1","H,,S"
"AYM00089573","2018-02-05","-69.367","76.367","18.0","ZHONGSHAN, AY",,,,,,,"   -2","H,,S"
"AYM00089573","2018-02-06","-69.367","76.367","18.0","ZHONGSHAN, AY",,,,,,,"   -8","H,,S"
"AYM00089573","2018-02-07","-69.367","76.367","18.0","ZHONGSHAN, AY",,,,,,,"  -13","H,,S"
"AYM00089573","2018-02-08","-69.367","76.367","18.0","ZHONGSHAN, AY",,,,,,,"  -20","H,,S"
"AYM00089573","2018-02-09","-69.367","76.367","18.0","ZHONGSHAN, AY",,,,,,,"  -16","H,,S"
"AYM00089573","2018-02-10","-69.367","76.367","18.0","ZHONGSHAN, AY",,,,,,,"  -34","H,,S"
"AYM00089573","2018-02-11","-69.367","76.367","18.0","ZHONGSHAN, AY",,,,,,,"  -43","H,,S"
"AYM00089573","2018-02-12","-69.367","76.367","18.0","ZHONGSHAN, AY",,,,,,,"  -21","H,,S"
"AYM00089573","2018-02-13","-69.367","76.367","18.0","ZHONGSHAN, AY",,,,,,,"  -40","H,,S"
"AYM00089573","2018-02-14","-69.367","76.367","18.0","ZHONGSHAN, AY",,,,,,,"  -20","H,,S"
"AYM00089573","2018-02-15","-69.367","76.367","18.0","ZHONGSHAN, AY",,,,,,,"  -24","H,,S"
"AYM00089573","2018-02-16","-69.367","76.367","18.0","ZHONGSHAN, AY",,,,,,,"  -21","H,,S"
"AYM00089573","2018-02-17","-69.367","76.367","18.0","ZHONGSHAN, AY",,,,,,,"  -36","H,,S"
"AYM00089573","2018-02-18","-69.367","76.367","18.0","ZHONGSHAN, AY",,,,,,,"  -41","H,,S"
"AYM00089573","2018-02-19","-69.367","76.367","18.0","ZHONGSHAN, AY",,,,,,,"  -54","H,,S"
"AYM00089573","2018-02-20","-69.367","76.367","18.0","ZHONGSHAN, AY",,,,,,,"  -57","H,,S"
"AYM00089573","2018-02-21","-69.367","76.367","18.0","ZHONGSHAN, AY",,,,,,,"  -42","H,,S"
"AYM00089573","2018-02-22","-69.367","76.367","18.0","ZHONGSHAN, AY",,,,,,,"  -27","H,,S"
"AYM00089573","2018-02-23","-69.367","76.367","18.0","ZHONGSHAN, AY",,,,,,,"  -29","H,,S"
"AYM00089573","2018-02-24","-69.367","76.367","18.0","ZHONGSHAN, AY",,,,,,,"  -49","H,,S"
"AYM00089573","2018-02-25","-69.367","76.367","18.0","ZHONGSHAN, AY",,,,,,,"  -64","H,,S"
"AYM00089573","2018-02-26","-69.367","76.367","18.0","ZHONGSHAN, AY",,,,,,,"  -69","H,,S"
"AYM00089573","2018-02-27","-69.367","76.367","18.0","ZHONGSHAN, AY",,,,,,,"  -72","H,,S"
"AYM00089573","2018-02-28","-69.367","76.367","18.0","ZHONGSHAN, AY",,,,,,,"  -86","H,,S"
"AYM00089573","2018-03-02","-69.367","76.367","18.0","ZHONGSHAN, AY",,,,,,,"  -67","H,,S"
"AYM00089573","2018-03-03","-69.367","76.367","18.0","ZHONGSHAN, AY",,,,,,,"  -75","H,,S"
"AYM00089573","2018-03-04","-69.367","76.367","18.0","ZHONGSHAN, AY",,,,,,,"  -91","H,,S"
"AYM00089573","2018-03-05","-69.367","76.367","18.0","ZHONGSHAN, AY",,,,,,," -111","H,,S"
"AYM00089573","2018-03-06","-69.367","76.367","18.0","ZHONGSHAN, AY",,,,,,," -104","H,,S"
"AYM00089573","2018-03-07","-69.367","76.367","18.0","ZHONGSHAN, AY",,,,,,,"  -71","H,,S"
"AYM00089573","2018-03-08","-69.367","76.367","18.0","ZHONGSHAN, AY",,,,,,,"  -80","H,,S"
"AYM00089573","2018-03-09","-69.367","76.367","18.0","ZHONGSHAN, AY",,,,,,," -119","H,,S"
"AYM00089573","2018-03-10","-69.367","76.367","18.0","ZHONGSHAN, AY",,,,,,," -129","H,,S"
"AYM00089573","2018-03-11","-69.367","76.367","18.0","ZHONGSHAN, AY",,,,,,," -149","H,,S"
"AYM00089573","2018-03-12","-69.367","76.367","18.0","ZHONGSHAN, AY",,,,,,," -157","H,,S"
"AYM00089573","2018-03-13","-69.367","76.367","18.0","ZHONGSHAN, AY",,,,,,," -121","H,,S"
"AYM00089573","2018-03-14","-69.367","76.367","18.0","ZHONGSHAN, AY",,,,,,,"  -35","H,,S"
"AYM00089573","2018-03-15","-69.367","76.367","18.0","ZHONGSHAN, AY",,,,,,,"  -47","H,,S"
"AYM00089573","2018-03-16","-69.367","76.367","18.0","ZHONGSHAN, AY",,,,,,,"  -58","H,,S"
"AYM00089573","2018-03-17","-69.367","76.367","18.0","ZHONGSHAN, AY",,,,,,,"  -92","H,,S"
"AYM00089573","2018-03-18","-69.367","76.367","18.0","ZHONGSHAN, AY",,,,,,," -113","H,,S"
"AYM00089573","2018-03-19","-69.367","76.367","18.0","ZHONGSHAN, AY",,,,,,,"  -87","H,,S"
"AYM00089573","2018-03-20","-69.367","76.367","18.0","ZHONGSHAN, AY",,,,,,," -136","H,,S"
"AYM00089573","2018-03-21","-69.367","76.367","18.0","ZHONGSHAN, AY",,,,,,," -125","H,,S"
"AYM00089573","2018-03-22","-69.367","76.367","18.0","ZHONGSHAN, AY",,,,,,," -125","H,,S"
"AYM00089573","2018-03-23","-69.367","76.367","18.0","ZHONGSHAN, AY",,,,,,," -114","H,,S"
"AYM00089573","2018-03-24","-69.367","76.367","18.0","ZHONGSHAN, AY",,,,,,,"  -66","H,,S"
"AYM00089573","2018-03-25","-69.367","76.367","18.0","ZHONGSHAN, AY",,,,,,,"  -84","H,,S"
"AYM00089573","2018-03-26","-69.367","76.367","18.0","ZHONGSHAN, AY",,,,,,,"  -83","H,,S"
"AYM00089573","2018-03-27","-69.367","76.367","18.0","ZHONGSHAN, AY",,,,,,,"  -72","H,,S"
"AYM00089573","2018-03-28","-69.367","76.367","18.0","ZHONGSHAN, AY",,,,,,," -103","H,,S"
"AYM00089573","2018-03-29","-69.367","76.367","18.0","ZHONGSHAN, AY",,,,,,,"  -84","H,,S"
"AYM00089573","2018-03-30","-69.367","76.367","18.0","ZHONGSHAN, AY",,,,,,,"  -79","H,,S"
"AYM00089573","2018-03-31","-69.367","76.367","18.0","ZHONGSHAN, AY",,,,,,,"  -59","H,,S"
"AYM00089573","2018-04-01","-69.367","76.367","18.0","ZHONGSHAN, AY",,,,,,,"  -58","H,,S"
"AYM00089573","2018-04-02","-69.367","76.367","18.0","ZHONGSHAN, AY",,,,,,,"  -82","H,,S"
"AYM00089573","2018-04-03","-69.367","76.367","18.0","ZHONGSHAN, AY",,,,,,," -108","H,,S"
"AYM00089573","2018-04-04","-69.367","76.367","18.0","ZHONGSHAN, AY",,,,,,," -120","H,,S"
"AYM00089573","2018-04-05","-69.367","76.367","18.0","ZHONGSHAN, AY",,,,,,," -101","H,,S"
"AYM00089573","2018-04-06","-69.367","76.367","18.0","ZHONGSHAN, AY",,,,,,,"  -70","H,,S"
"AYM00089573","2018-04-07","-69.367","76.367","18.0","ZHONGSHAN, AY",,,,,,,"  -98","H,,S"
"AYM00089573","2018-04-08","-69.367","76.367","18.0","ZHONGSHAN, AY",,,,,,," -133","H,,S"
"AYM00089573","2018-04-10","-69.367","76.367","18.0","ZHONGSHAN, AY",,,,,,," -101","H,,S"
"AYM00089573","2018-04-12","-69.367","76.367","18.0","ZHONGSHAN, AY",,,,,,,"  -91","H,,S"
"AYM00089573","2018-04-13","-69.367","76.367","18.0","ZHONGSHAN, AY",,,,,,," -114","H,,S"
"AYM00089573","2018-04-14","-69.367","76.367","18.0","ZHONGSHAN, AY",,,,,,," -112","H,,S"
"AYM00089573","2018-04-16","-69.367","76.367","18.0","ZHONGSHAN, AY",,,,,,," -126","H,,S"
"AYM00089573","2018-04-17","-69.367","76.367","18.0","ZHONGSHAN, AY",,,,,,,"  -82","H,,S"
"AYM00089573","2018-04-18","-69.367","76.367","18.0","ZHONGSHAN, AY",,,,,,,"  -36","H,,S"
"AYM00089573","2018-04-19","-69.367","76.367","18.0","ZHONGSHAN, AY",,,,,,,"  -77","H,,S"
"AYM00089573","2018-04-20","-69.367","76.367","18.0","ZHONGSHAN, AY",,,,,,," -113","H,,S"
"AYM00089573","2018-04-21","-69.367","76.367","18.0","ZHONGSHAN, AY",,,,,,," -110","H,,S"
"AYM00089573","2018-04-22","-69.367","76.367","18.0","ZHONGSHAN, AY",,,,,,,"  -97","H,,S"
"AYM00089573","2018-04-23","-69.367","76.367","18.0","ZHONGSHAN, AY",,,,,,,"  -63","H,,S"
"AYM00089573","2018-04-24","-69.367","76.367","18.0","ZHONGSHAN, AY",,,,,,,"  -77","H,,S"
"AYM00089573","2018-04-25","-69.367","76.367","18.0","ZHONGSHAN, AY",,,,,,,"  -78","H,,S"
"AYM00089573","2018-04-26","-69.367","76.367","18.0","ZHONGSHAN, AY",,,,,,," -115","H,,S"
"AYM00089573","2018-04-27","-69.367","76.367","18.0","ZHONGSHAN, AY",,,,,,," -131","H,,S"
"AYM00089573","2018-04-28","-69.367","76.367","18.0","ZHONGSHAN, AY",,,,,,," -145","H,,S"
"AYM00089573","2018-04-29","-69.367","76.367","18.0","ZHONGSHAN, AY",,,,,,,"  -63","H,,S"
"AYM00089573","2018-04-30","-69.367","76.367","18.0","ZHONGSHAN, AY",,,,,,,"  -97","H,,S"
"AYM00089573","2018-05-01","-69.367","76.367","18.0","ZHONGSHAN, AY",,,,,,,"  -98","H,,S"
"AYM00089573","2018-05-02","-69.367","76.367","18.0","ZHONGSHAN, AY",,,,,,,"  -62","H,,S"
"AYM00089573","2018-05-03","-69.367","76.367","18.0","ZHONGSHAN, AY",,,,,,,"  -94","H,,S"
"AYM00089573","2018-05-04","-69.367","76.367","18.0","ZHONGSHAN, AY",,,,,,," -117","H,,S"
"AYM00089573","2018-05-05","-69.367","76.367","18.0","ZHONGSHAN, AY",,,,,,," -138","H,,S"
"AYM00089573","2018-05-06","-69.367","76.367","18.0","ZHONGSHAN, AY",,,,,,," -182","H,,S"
"AYM00089573","2018-05-07","-69.367","76.367","18.0","ZHONGSHAN, AY",,,,,,," -203","H,,S"
"AYM00089573","2018-05-08","-69.367","76.367","18.0","ZHONGSHAN, AY",,,,,,," -141","H,,S"
"AYM00089573","2018-05-09","-69.367","76.367","18.0","ZHONGSHAN, AY",,,,,,," -104","H,,S"
"AYM00089573","2018-05-10","-69.367","76.367","18.0","ZHONGSHAN, AY",,,,,,,"  -95","H,,S"
"AYM00089573","2018-05-11","-69.367","76.367","18.0","ZHONGSHAN, AY",,,,,,," -148","H,,S"
"AYM00089573","2018-05-12","-69.367","76.367","18.0","ZHONGSHAN, AY",,,,,,," -163","H,,S"
"AYM00089573","2018-05-13","-69.367","76.367","18.0","ZHONGSHAN, AY",,,,,,," -187","H,,S"
"AYM00089573","2018-05-14","-69.367","76.367","18.0","ZHONGSHAN, AY",,,,,,," -171","H,,S"
"AYM00089573","2018-05-15","-69.367","76.367","18.0","ZHONGSHAN, AY",,,,,,," -175","H,,S"
"AYM00089573","2018-05-17","-69.367","76.367","18.0","ZHONGSHAN, AY",,,,,,," -142","H,,S"
"AYM00089573","2018-05-18","-69.367","76.367","18.0","ZHONGSHAN, AY",,,,,,," -128","H,,S"
"AYM00089573","2018-05-19","-69.367","76.367","18.0","ZHONGSHAN, AY",,,,,,," -146","H,,S"
"AYM00089573","2018-05-20","-69.367","76.367","18.0","ZHONGSHAN, AY",,,,,,," -184","H,,S"
"AYM00089573","2018-05-21","-69.367","76.367","18.0","ZHONGSHAN, AY",,,,,,," -178","H,,S"
"AYM00089573","2018-05-22","-69.367","76.367","18.0","ZHONGSHAN, AY",,,,,,," -208","H,,S"
"AYM00089573","2018-05-23","-69.367","76.367","18.0","ZHONGSHAN, AY",,,,,,," -188","H,,S"
"AYM00089573","2018-05-24","-69.367","76.367","18.0","ZHONGSHAN, AY",,,,,,," -111","H,,S"
"AYM00089573","2018-05-26","-69.367","76.367","18.0","ZHONGSHAN, AY",,,,,,," -126","H,,S"
"AYM00089573","2018-05-27","-69.367","76.367","18.0","ZHONGSHAN, AY",,,,,,," -134","H,,S"
"AYM00089573","2018-05-28","-69.367","76.367","18.0","ZHONGSHAN, AY",,,,,,," -111","H,,S"
"AYM00089573","2018-05-29","-69.367","76.367","18.0","ZHONGSHAN, AY",,,,,,," -126","H,,S"
"AYM00089573","2018-05-30","-69.367","76.367","18.0","ZHONGSHAN, AY",,,,,,," -154","H,,S"
"AYM00089573","2018-05-31","-69.367","76.367","18.0","ZHONGSHAN, AY",,,,,,," -157","H,,S"
"AYM00089573","2018-06-01","-69.367","76.367","18.0","ZHONGSHAN, AY",,,,,,," -177","H,,S"
"AYM00089573","2018-06-02","-69.367","76.367","18.0","ZHONGSHAN, AY",,,,,,," -144","H,,S"
"AYM00089573","2018-06-03","-69.367","76.367","18.0","ZHONGSHAN, AY",,,,,,,"  -93","H,,S"
"AYM00089573","2018-06-04","-69.367","76.367","18.0","ZHONGSHAN, AY",,,,,,," -101","H,,S"
"AYM00089573","2018-06-05","-69.367","76.367","18.0","ZHONGSHAN, AY",,,,,,,"  -88","H,,S"
"AYM00089573","2018-06-06","-69.367","76.367","18.0","ZHONGSHAN, AY",,,,,,," -116","H,,S"
"AYM00089573","2018-06-07","-69.367","76.367","18.0","ZHONGSHAN, AY",,,,,,," -138","H,,S"
"AYM00089573","2018-06-08","-69.367","76.367","18.0","ZHONGSHAN, AY",,,,,,," -157","H,,S"
"AYM00089573","2018-06-09","-69.367","76.367","18.0","ZHONGSHAN, AY",,,,,,," -145","H,,S"
"AYM00089573","2018-06-10","-69.367","76.367","18.0","ZHONGSHAN, AY",,,,,,," -121","H,,S"
"AYM00089573","2018-06-11","-69.367","76.367","18.0","ZHONGSHAN, AY",,,,,,," -127","H,,S"
"AYM00089573","2018-06-12","-69.367","76.367","18.0","ZHONGSHAN, AY",,,,,,," -107","H,,S"
"AYM00089573","2018-06-13","-69.367","76.367","18.0","ZHONGSHAN, AY",,,,,,," -107","H,,S"
"AYM00089573","2018-06-14","-69.367","76.367","18.0","ZHONGSHAN, AY",,,,,,," -149","H,,S"
"AYM00089573","2018-06-15","-69.367","76.367","18.0","ZHONGSHAN, AY",,,,,,,"  -94","H,,S"
"AYM00089573","2018-06-16","-69.367","76.367","18.0","ZHONGSHAN, AY",,,,,,," -103","H,,S"
"AYM00089573","2018-06-17","-69.367","76.367","18.0","ZHONGSHAN, AY",,,,,,," -125","H,,S"
"AYM00089573","2018-06-18","-69.367","76.367","18.0","ZHONGSHAN, AY",,,,,,," -161","H,,S"
"AYM00089573","2018-06-19","-69.367","76.367","18.0","ZHONGSHAN, AY",,,,,,," -150","H,,S"
"AYM00089573","2018-06-20","-69.367","76.367","18.0","ZHONGSHAN, AY",,,,,,,"  -93","H,,S"
"AYM00089573","2018-06-21","-69.367","76.367","18.0","ZHONGSHAN, AY",,,,,,,"  -84","H,,S"
"AYM00089573","2018-06-22","-69.367","76.367","18.0","ZHONGSHAN, AY",,,,,,,"  -95","H,,S"
"AYM00089573","2018-06-23","-69.367","76.367","18.0","ZHONGSHAN, AY",,,,,,,"  -88","H,,S"
"AYM00089573","2018-06-24","-69.367","76.367","18.0","ZHONGSHAN, AY",,,,,,,"  -83","H,,S"
"AYM00089573","2018-06-25","-69.367","76.367","18.0","ZHONGSHAN, AY",,,,,,," -145","H,,S"
"AYM00089573","2018-06-26","-69.367","76.367","18.0","ZHONGSHAN, AY",,,,,,," -164","H,,S"
"AYM00089573","2018-06-27","-69.367","76.367","18.0","ZHONGSHAN, AY",,,,,,," -220","H,,S"
"AYM00089573","2018-06-28","-69.367","76.367","18.0","ZHONGSHAN, AY",,,,,,," -232","H,,S"
"AYM00089573","2018-06-29","-69.367","76.367","18.0","ZHONGSHAN, AY",,,,,,," -221","H,,S"
"AYM00089573","2018-06-30","-69.367","76.367","18.0","ZHONGSHAN, AY",,,,,,," -216","H,,S"
"AYM00089573","2018-07-01","-69.367","76.367","18.0","ZHONGSHAN, AY",,,,,,," -152","H,,S"
"AYM00089573","2018-07-02","-69.367","76.367","18.0","ZHONGSHAN, AY",,,,,,," -194","H,,S"
"AYM00089573","2018-07-03","-69.367","76.367","18.0","ZHONGSHAN, AY",,,,,,," -238","H,,S"
"AYM00089573","2018-07-04","-69.367","76.367","18.0","ZHONGSHAN, AY",,,,,,," -198","H,,S"
"AYM00089573","2018-07-05","-69.367","76.367","18.0","ZHONGSHAN, AY",,,,,,," -200","H,,S"
"AYM00089573","2018-07-06","-69.367","76.367","18.0","ZHONGSHAN, AY",,,,,,," -233","H,,S"
"AYM00089573","2018-07-07","-69.367","76.367","18.0","ZHONGSHAN, AY",,,,,,," -231","H,,S"
"AYM00089573","2018-07-08","-69.367","76.367","18.0","ZHONGSHAN, AY",,,,,,," -219","H,,S"
"AYM00089573","2018-07-09","-69.367","76.367","18.0","ZHONGSHAN, AY",,,,,,," -216","H,,S"
"AYM00089573","2018-07-10","-69.367","76.367","18.0","ZHONGSHAN, AY",,,,,,," -184","H,,S"
"AYM00089573","2018-07-11","-69.367","76.367","18.0","ZHONGSHAN, AY",,,,,,," -186","H,,S"
"AYM00089573","2018-07-12","-69.367","76.367","18.0","ZHONGSHAN, AY",,,,,,," -143","H,,S"
"AYM00089573","2018-07-13","-69.367","76.367","18.0","ZHONGSHAN, AY",,,,,,," -116","H,,S"
"AYM00089573","2018-07-14","-69.367","76.367","18.0","ZHONGSHAN, AY",,,,,,," -145","H,,S"
"AYM00089573","2018-07-15","-69.367","76.367","18.0","ZHONGSHAN, AY",,,,,,," -156","H,,S"
"AYM00089573","2018-07-16","-69.367","76.367","18.0","ZHONGSHAN, AY",,,,,,," -200","H,,S"
"AYM00089573","2018-07-17","-69.367","76.367","18.0","ZHONGSHAN, AY",,,,,,," -166","H,,S"
"AYM00089573","2018-07-18","-69.367","76.367","18.0","ZHONGSHAN, AY",,,,,,," -164","H,,S"
"AYM00089573","2018-07-19","-69.367","76.367","18.0","ZHONGSHAN, AY",,,,,,,"  -81","H,,S"
"AYM00089573","2018-07-20","-69.367","76.367","18.0","ZHONGSHAN, AY",,,,,,,"  -58","H,,S"
"AYM00089573","2018-07-21","-69.367","76.367","18.0","ZHONGSHAN, AY",,,,,,,"  -41","H,,S"
"AYM00089573","2018-07-22","-69.367","76.367","18.0","ZHONGSHAN, AY",,,,,,,"  -75","H,,S"
"AYM00089573","2018-07-23","-69.367","76.367","18.0","ZHONGSHAN, AY",,,,,,,"  -92","H,,S"
"AYM00089573","2018-07-24","-69.367","76.367","18.0","ZHONGSHAN, AY",,,,,,,"  -79","H,,S"
"AYM00089573","2018-07-25","-69.367","76.367","18.0","ZHONGSHAN, AY",,,,,,,"  -61","H,,S"
"AYM00089573","2018-07-26","-69.367","76.367","18.0","ZHONGSHAN, AY",,,,,,,"  -31","H,,S"
"AYM00089573","2018-07-27","-69.367","76.367","18.0","ZHONGSHAN, AY",,,,,,,"  -26","H,,S"
"AYM00089573","2018-07-28","-69.367","76.367","18.0","ZHONGSHAN, AY",,,,,,,"  -68","H,,S"
"AYM00089573","2018-07-29","-69.367","76.367","18.0","ZHONGSHAN, AY",,,,,,," -100","H,,S"
"AYM00089573","2018-07-30","-69.367","76.367","18.0","ZHONGSHAN, AY",,,,,,,"  -41","H,,S"
"AYM00089573","2018-07-31","-69.367","76.367","18.0","ZHONGSHAN, AY",,,,,,,"  -62","H,,S"
"AYM00089573","2018-08-01","-69.367","76.367","18.0","ZHONGSHAN, AY",,,,,,,"  -90","H,,S"
"AYM00089573","2018-08-02","-69.367","76.367","18.0","ZHONGSHAN, AY",,,,,,," -148","H,,S"
"AYM00089573","2018-08-03","-69.367","76.367","18.0","ZHONGSHAN, AY",,,,,,," -146","H,,S"
"AYM00089573","2018-08-04","-69.367","76.367","18.0","ZHONGSHAN, AY",,,,,,,"  -62","H,,S"
"AYM00089573","2018-08-05","-69.367","76.367","18.0","ZHONGSHAN, AY",,,,,,,"  -57","H,,S"
"AYM00089573","2018-08-06","-69.367","76.367","18.0","ZHONGSHAN, AY",,,,,,,"  -21","H,,S"
"AYM00089573","2018-08-07","-69.367","76.367","18.0","ZHONGSHAN, AY",,,,,,,"  -76","H,,S"
"AYM00089573","2018-08-08","-69.367","76.367","18.0","ZHONGSHAN, AY",,,,,,," -153","H,,S"
"AYM00089573","2018-08-09","-69.367","76.367","18.0","ZHONGSHAN, AY",,,,,,," -116","H,,S"
"AYM00089573","2018-08-10","-69.367","76.367","18.0","ZHONGSHAN, AY",,,,,,,"  -48","H,,S"
"AYM00089573","2018-08-11","-69.367","76.367","18.0","ZHONGSHAN, AY",,,,,,,"  -64","H,,S"
"AYM00089573","2018-08-12","-69.367","76.367","18.0","ZHONGSHAN, AY",,,,,,," -133","H,,S"
"AYM00089573","2018-08-13","-69.367","76.367","18.0","ZHONGSHAN, AY",,,,,,," -121","H,,S"
"AYM00089573","2018-08-14","-69.367","76.367","18.0","ZHONGSHAN, AY",,,,,,," -141","H,,S"
"AYM00089573","2018-08-15","-69.367","76.367","18.0","ZHONGSHAN, AY",,,,,,," -147","H,,S"
"AYM00089573","2018-08-16","-69.367","76.367","18.0","ZHONGSHAN, AY",,,,,,," -135","H,,S"
"AYM00089573","2018-08-17","-69.367","76.367","18.0","ZHONGSHAN, AY",,,,,,," -130","H,,S"
"AYM00089573","2018-08-18","-69.367","76.367","18.0","ZHONGSHAN, AY",,,,,,,"  -97","H,,S"
"AYM00089573","2018-08-19","-69.367","76.367","18.0","ZHONGSHAN, AY",,,,,,,"  -80","H,,S"
"AYM00089573","2018-08-20","-69.367","76.367","18.0","ZHONGSHAN, AY",,,,,,,"  -73","H,,S"
"AYM00089573","2018-08-21","-69.367","76.367","18.0","ZHONGSHAN, AY",,,,,,," -117","H,,S"
"AYM00089573","2018-08-22","-69.367","76.367","18.0","ZHONGSHAN, AY",,,,,,," -119","H,,S"
"AYM00089573","2018-08-23","-69.367","76.367","18.0","ZHONGSHAN, AY",,,,,,," -162","H,,S"
"AYM00089573","2018-08-24","-69.367","76.367","18.0","ZHONGSHAN, AY",,,,,,," -188","H,,S"
"AYM00089573","2018-08-25","-69.367","76.367","18.0","ZHONGSHAN, AY",,,,,,," -186","H,,S"
"AYM00089573","2018-08-26","-69.367","76.367","18.0","ZHONGSHAN, AY",,,,,,," -233","H,,S"
"AYM00089573","2018-08-27","-69.367","76.367","18.0","ZHONGSHAN, AY",,,,,,," -182","H,,S"
"AYM00089573","2018-08-28","-69.367","76.367","18.0","ZHONGSHAN, AY",,,,,,," -168","H,,S"
"AYM00089573","2018-08-29","-69.367","76.367","18.0","ZHONGSHAN, AY",,,,,,," -272","H,,S"
"AYM00089573","2018-08-30","-69.367","76.367","18.0","ZHONGSHAN, AY",,,,,,," -234","H,,S"
"AYM00089573","2018-08-31","-69.367","76.367","18.0","ZHONGSHAN, AY",,,,,,," -109","H,,S"
"AYM00089573","2018-09-01","-69.367","76.367","18.0","ZHONGSHAN, AY",,,,,,," -169","H,,S"
"AYM00089573","2018-09-02","-69.367","76.367","18.0","ZHONGSHAN, AY",,,,,,," -200","H,,S"
"AYM00089573","2018-09-03","-69.367","76.367","18.0","ZHONGSHAN, AY",,,,,,," -226","H,,S"
"AYM00089573","2018-09-04","-69.367","76.367","18.0","ZHONGSHAN, AY",,,,,,," -207","H,,S"
"AYM00089573","2018-09-05","-69.367","76.367","18.0","ZHONGSHAN, AY",,,,,,," -211","H,,S"
"AYM00089573","2018-09-06","-69.367","76.367","18.0","ZHONGSHAN, AY",,,,,,," -258","H,,S"
"AYM00089573","2018-09-07","-69.367","76.367","18.0","ZHONGSHAN, AY",,,,,,," -199","H,,S"
"AYM00089573","2018-09-08","-69.367","76.367","18.0","ZHONGSHAN, AY",,,,,,," -184","H,,S"
"AYM00089573","2018-09-09","-69.367","76.367","18.0","ZHONGSHAN, AY",,,,,,," -241","H,,S"
"AYM00089573","2018-09-10","-69.367","76.367","18.0","ZHONGSHAN, AY",,,,,,," -257","H,,S"
"AYM00089573","2018-09-12","-69.367","76.367","18.0","ZHONGSHAN, AY",,,,,,," -154","H,,S"
"AYM00089573","2018-09-13","-69.367","76.367","18.0","ZHONGSHAN, AY",,,,,,," -186","H,,S"
"AYM00089573","2018-09-14","-69.367","76.367","18.0","ZHONGSHAN, AY",,,,,,," -150","H,,S"
"AYM00089573","2018-09-15","-69.367","76.367","18.0","ZHONGSHAN, AY",,,,,,," -105","H,,S"
"AYM00089573","2018-09-17","-69.367","76.367","18.0","ZHONGSHAN, AY",,,,,,,"  -81","H,,S"
"AYM00089573","2018-09-19","-69.367","76.367","18.0","ZHONGSHAN, AY",,,,,,," -163","H,,S"
"AYM00089573","2018-09-20","-69.367","76.367","18.0","ZHONGSHAN, AY",,,,,,," -204","H,,S"
"AYM00089573","2018-09-21","-69.367","76.367","18.0","ZHONGSHAN, AY",,,,,,," -186","H,,S"
"AYM00089573","2018-09-22","-69.367","76.367","18.0","ZHONGSHAN, AY",,,,,,," -198","H,,S"
"AYM00089573","2018-09-23","-69.367","76.367","18.0","ZHONGSHAN, AY",,,,,,," -204","H,,S"
"AYM00089573","2018-09-24","-69.367","76.367","18.0","ZHONGSHAN, AY",,,,,,," -104","H,,S"
"AYM00089573","2018-09-25","-69.367","76.367","18.0","ZHONGSHAN, AY",,,,,,,"  -81","H,,S"
"AYM00089573","2018-09-26","-69.367","76.367","18.0","ZHONGSHAN, AY",,,,,,,"  -86","H,,S"
"AYM00089573","2018-09-27","-69.367","76.367","18.0","ZHONGSHAN, AY",,,,,,," -105","H,,S"
"AYM00089573","2018-09-28","-69.367","76.367","18.0","ZHONGSHAN, AY",,,,,,," -154","H,,S"
"AYM00089573","2018-09-29","-69.367","76.367","18.0","ZHONGSHAN, AY",,,,,,," -182","H,,S"
"AYM00089573","2018-09-30","-69.367","76.367","18.0","ZHONGSHAN, AY",,,,,,," -208","H,,S"
"AYM00089573","2018-10-01","-69.367","76.367","18.0","ZHONGSHAN, AY",,,,,,," -233","H,,S"
"AYM00089573","2018-10-02","-69.367","76.367","18.0","ZHONGSHAN, AY",,,,,,," -238","H,,S"
"AYM00089573","2018-10-03","-69.367","76.367","18.0","ZHONGSHAN, AY",,,,,,," -242","H,,S"
"AYM00089573","2018-10-04","-69.367","76.367","18.0","ZHONGSHAN, AY",,,,,,," -232","H,,S"
"AYM00089573","2018-10-05","-69.367","76.367","18.0","ZHONGSHAN, AY",,,,,,," -172","H,,S"
"AYM00089573","2018-10-06","-69.367","76.367","18.0","ZHONGSHAN, AY",,,,,,," -114","H,,S"
"AYM00089573","2018-10-07","-69.367","76.367","18.0","ZHONGSHAN, AY",,,,,,," -128","H,,S"
"AYM00089573","2018-10-08","-69.367","76.367","18.0","ZHONGSHAN, AY",,,,,,," -150","H,,S"
"AYM00089573","2018-10-09","-69.367","76.367","18.0","ZHONGSHAN, AY",,,,,,," -162","H,,S"
"AYM00089573","2018-10-10","-69.367","76.367","18.0","ZHONGSHAN, AY",,,,,,," -158","H,,S"
"AYM00089573","2018-10-11","-69.367","76.367","18.0","ZHONGSHAN, AY",,,,,,," -152","H,,S"
"AYM00089573","2018-10-12","-69.367","76.367","18.0","ZHONGSHAN, AY",,,,,,," -123","H,,S"
"AYM00089573","2018-10-13","-69.367","76.367","18.0","ZHONGSHAN, AY",,,,,,," -102","H,,S"
"AYM00089573","2018-10-14","-69.367","76.367","18.0","ZHONGSHAN, AY",,,,,,,"  -84","H,,S"
"AYM00089573","2018-10-15","-69.367","76.367","18.0","ZHONGSHAN, AY",,,,,,,"  -60","H,,S"
"AYM00089573","2018-10-16","-69.367","76.367","18.0","ZHONGSHAN, AY",,,,,,,"  -44","H,,S"
"AYM00089573","2018-10-17","-69.367","76.367","18.0","ZHONGSHAN, AY",,,,,,,"  -53","H,,S"
"AYM00089573","2018-10-19","-69.367","76.367","18.0","ZHONGSHAN, AY",,,,,,," -128","H,,S"
"AYM00089573","2018-10-20","-69.367","76.367","18.0","ZHONGSHAN, AY",,,,,,," -105","H,,S"
"AYM00089573","2018-10-21","-69.367","76.367","18.0","ZHONGSHAN, AY",,,,,,," -122","H,,S"
"AYM00089573","2018-10-22","-69.367","76.367","18.0","ZHONGSHAN, AY",,,,,,," -110","H,,S"
"AYM00089573","2018-10-23","-69.367","76.367","18.0","ZHONGSHAN, AY",,,,,,,"  -92","H,,S"
"AYM00089573","2018-10-24","-69.367","76.367","18.0","ZHONGSHAN, AY",,,,,,,"  -76","H,,S"
"AYM00089573","2018-10-25","-69.367","76.367","18.0","ZHONGSHAN, AY",,,,,,,"  -60","H,,S"
"AYM00089573","2018-10-26","-69.367","76.367","18.0","ZHONGSHAN, AY",,,,,,,"  -80","H,,S"
"AYM00089573","2018-10-27","-69.367","76.367","18.0","ZHONGSHAN, AY",,,,,,," -101","H,,S"
"AYM00089573","2018-10-28","-69.367","76.367","18.0","ZHONGSHAN, AY",,,,,,,"  -86","H,,S"
"AYM00089573","2018-10-29","-69.367","76.367","18.0","ZHONGSHAN, AY",,,,,,,"  -84","H,,S"
"AYM00089573","2018-10-30","-69.367","76.367","18.0","ZHONGSHAN, AY",,,,,,,"  -83","H,,S"
"AYM00089573","2018-10-31","-69.367","76.367","18.0","ZHONGSHAN, AY",,,,,,,"  -67","H,,S"
"AYM00089573","2018-11-01","-69.367","76.367","18.0","ZHONGSHAN, AY",,,,,,,"  -78","H,,S"
"AYM00089573","2018-11-02","-69.367","76.367","18.0","ZHONGSHAN, AY",,,,,,,"  -87","H,,S"
"AYM00089573","2018-11-03","-69.367","76.367","18.0","ZHONGSHAN, AY",,,,,,,"  -96","H,,S"
"AYM00089573","2018-11-04","-69.367","76.367","18.0","ZHONGSHAN, AY",,,,,,,"  -89","H,,S"
"AYM00089573","2018-11-05","-69.367","76.367","18.0","ZHONGSHAN, AY",,,,,,,"  -52","H,,S"
"AYM00089573","2018-11-06","-69.367","76.367","18.0","ZHONGSHAN, AY",,,,,,,"  -70","H,,S"
"AYM00089573","2018-11-07","-69.367","76.367","18.0","ZHONGSHAN, AY",,,,,,,"  -53","H,,S"
"AYM00089573","2018-11-08","-69.367","76.367","18.0","ZHONGSHAN, AY",,,,,,,"  -63","H,,S"
"AYM00089573","2018-11-09","-69.367","76.367","18.0","ZHONGSHAN, AY",,,,,,,"  -75","H,,S"
"AYM00089573","2018-11-10","-69.367","76.367","18.0","ZHONGSHAN, AY",,,,,,,"  -88","H,,S"
"AYM00089573","2018-11-11","-69.367","76.367","18.0","ZHONGSHAN, AY",,,,,,,"  -92","H,,S"
"AYM00089573","2018-11-12","-69.367","76.367","18.0","ZHONGSHAN, AY",,,,,,,"  -95","H,,S"
"AYM00089573","2018-11-13","-69.367","76.367","18.0","ZHONGSHAN, AY",,,,,,," -117","H,,S"
"AYM00089573","2018-11-14","-69.367","76.367","18.0","ZHONGSHAN, AY",,,,,,," -128","H,,S"
"AYM00089573","2018-11-15","-69.367","76.367","18.0","ZHONGSHAN, AY",,,,,,," -113","H,,S"
"AYM00089573","2018-11-16","-69.367","76.367","18.0","ZHONGSHAN, AY",,,,,,,"  -77","H,,S"
"AYM00089573","2018-11-17","-69.367","76.367","18.0","ZHONGSHAN, AY",,,,,,," -100","H,,S"
"AYM00089573","2018-11-18","-69.367","76.367","18.0","ZHONGSHAN, AY",,,,,,,"  -67","H,,S"
"AYM00089573","2018-11-19","-69.367","76.367","18.0","ZHONGSHAN, AY",,,,,,,"  -36","H,,S"
"AYM00089573","2018-11-20","-69.367","76.367","18.0","ZHONGSHAN, AY",,,,,,,"  -28","H,,S"
"AYM00089573","2018-11-21","-69.367","76.367","18.0","ZHONGSHAN, AY",,,,,,,"  -37","H,,S"
"AYM00089573","2018-11-22","-69.367","76.367","18.0","ZHONGSHAN, AY",,,,,,,"  -66","H,,S"
"AYM00089573","2018-11-23","-69.367","76.367","18.0","ZHONGSHAN, AY",,,,,,,"  -69","H,,S"
"AYM00089573","2018-11-24","-69.367","76.367","18.0","ZHONGSHAN, AY",,,,,,,"  -43","H,,S"
"AYM00089573","2018-11-25","-69.367","76.367","18.0","ZHONGSHAN, AY",,,,,,,"  -42","H,,S"
"AYM00089573","2018-11-26","-69.367","76.367","18.0","ZHONGSHAN, AY",,,,,,,"  -52","H,,S"
"AYM00089573","2018-11-27","-69.367","76.367","18.0","ZHONGSHAN, AY",,,,,,,"  -38","H,,S"
"AYM00089573","2018-11-28","-69.367","76.367","18.0","ZHONGSHAN, AY",,,,,,,"  -45","H,,S"
"AYM00089573","2018-11-29","-69.367","76.367","18.0","ZHONGSHAN, AY",,,,,,,"  -53","H,,S"
"AYM00089573","2018-11-30","-69.367","76.367","18.0","ZHONGSHAN, AY",,,,,,,"  -67","H,,S"
"AYM00089573","2018-12-01","-69.367","76.367","18.0","ZHONGSHAN, AY",,,,,,,"  -20","H,,S"
"AYM00089573","2018-12-02","-69.367","76.367","18.0","ZHONGSHAN, AY",,,,,,,"  -14","H,,S"
"AYM00089573","2018-12-03","-69.367","76.367","18.0","ZHONGSHAN, AY",,,,,,,"  -27","H,,S"
"AYM00089573","2018-12-04","-69.367","76.367","18.0","ZHONGSHAN, AY",,,,,,,"  -32","H,,S"
"AYM00089573","2018-12-05","-69.367","76.367","18.0","ZHONGSHAN, AY",,,,,,,"  -21","H,,S"
"AYM00089573","2018-12-06","-69.367","76.367","18.0","ZHONGSHAN, AY",,,,,,,"  -17","H,,S"
"AYM00089573","2018-12-07","-69.367","76.367","18.0","ZHONGSHAN, AY",,,,,,,"  -32","H,,S"
"AYM00089573","2018-12-08","-69.367","76.367","18.0","ZHONGSHAN, AY",,,,,,,"   -7","H,,S"
"AYM00089573","2018-12-09","-69.367","76.367","18.0","ZHONGSHAN, AY",,,,,,,"   -1","H,,S"
"AYM00089573","2018-12-10","-69.367","76.367","18.0","ZHONGSHAN, AY",,,,,,,"   -4","H,,S"
"AYM00089573","2018-12-11","-69.367","76.367","18.0","ZHONGSHAN, AY",,,,,,,"  -14","H,,S"
"AYM00089573","2018-12-12","-69.367","76.367","18.0","ZHONGSHAN, AY",,,,,,,"   -5","H,,S"
"AYM00089573","2018-12-13","-69.367","76.367","18.0","ZHONGSHAN, AY",,,,,,,"  -18","H,,S"
"AYM00089573","2018-12-14","-69.367","76.367","18.0","ZHONGSHAN, AY",,,,,,,"   -6","H,,S"
"AYM00089573","2018-12-15","-69.367","76.367","18.0","ZHONGSHAN, AY",,,,,,,"   -2","H,,S"
"AYM00089573","2018-12-16","-69.367","76.367","18.0","ZHONGSHAN, AY",,,,,,,"   -1","H,,S"
"AYM00089573","2018-12-18","-69.367","76.367","18.0","ZHONGSHAN, AY",,,,,,,"  -12","H,,S"
"AYM00089573","2018-12-19","-69.367","76.367","18.0","ZHONGSHAN, AY",,,,,,,"    0","H,,S"
"AYM00089573","2018-12-20","-69.367","76.367","18.0","ZHONGSHAN, AY",,,,,,,"   15","H,,S"
"AYM00089573","2018-12-21","-69.367","76.367","18.0","ZHONGSHAN, AY",,,,,,,"   12","H,,S"
"AYM00089573","2018-12-22","-69.367","76.367","18.0","ZHONGSHAN, AY",,,,,,,"   14","H,,S"
"AYM00089573","2018-12-23","-69.367","76.367","18.0","ZHONGSHAN, AY",,,,,,,"   28","H,,S"
"AYM00089573","2018-12-24","-69.367","76.367","18.0","ZHONGSHAN, AY",,,,,,,"   25","H,,S"
"AYM00089573","2018-12-25","-69.367","76.367","18.0","ZHONGSHAN, AY",,,,,,,"   14","H,,S"
"AYM00089573","2018-12-26","-69.367","76.367","18.0","ZHONGSHAN, AY",,,,,,,"   11","H,,S"
"AYM00089573","2018-12-27","-69.367","76.367","18.0","ZHONGSHAN, AY",,,,,,,"   12","H,,S"
"AYM00089573","2018-12-28","-69.367","76.367","18.0","ZHONGSHAN, AY",,,,,,,"    3","H,,S"
"AYM00089573","2018-12-29","-69.367","76.367","18.0","ZHONGSHAN, AY",,,,,,,"    4","H,,S"
"AYM00089573","2018-12-30","-69.367","76.367","18.0","ZHONGSHAN, AY",,,,,,,"    3","H,,S"
"AYM00089573","2018-12-31","-69.367","76.367","18.0","ZHONGSHAN, AY",,,,,,,"  -11","H,,S"
"AYM00089573","2019-01-01","-69.367","76.367","18.0","ZHONGSHAN, AY",,,,,,,"   -4","H,,S"
"AYM00089573","2019-01-02","-69.367","76.367","18.0","ZHONGSHAN, AY",,,,,,,"  -16","H,,S"
"AYM00089573","2019-01-03","-69.367","76.367","18.0","ZHONGSHAN, AY",,,,,,,"  -17","H,,S"
"AYM00089573","2019-01-04","-69.367","76.367","18.0","ZHONGSHAN, AY",,,,,,,"   -7","H,,S"
"AYM00089573","2019-01-05","-69.367","76.367","18.0","ZHONGSHAN, AY",,,,,,,"   -3","H,,S"
"AYM00089573","2019-01-06","-69.367","76.367","18.0","ZHONGSHAN, AY",,,,,,,"  -15","H,,S"
"AYM00089573","2019-01-07","-69.367","76.367","18.0","ZHONGSHAN, AY",,,,,,,"   -8","H,,S"
"AYM00089573","2019-01-09","-69.367","76.367","18.0","ZHONGSHAN, AY",,,,,,,"   10","H,,S"
"AYM00089573","2019-01-10","-69.367","76.367","18.0","ZHONGSHAN, AY",,,,,,,"   27","H,,S"
"AYM00089573","2019-01-11","-69.367","76.367","18.0","ZHONGSHAN, AY",,,,,,,"   16","H,,S"
"AYM00089573","2019-01-12","-69.367","76.367","18.0","ZHONGSHAN, AY",,,,,,,"    9","H,,S"
"AYM00089573","2019-01-13","-69.367","76.367","18.0","ZHONGSHAN, AY",,,,,,,"   22","H,,S"
"AYM00089573","2019-01-14","-69.367","76.367","18.0","ZHONGSHAN, AY",,,,,,,"    2","H,,S"
"AYM00089573","2019-01-15","-69.367","76.367","18.0","ZHONGSHAN, AY",,,,,,,"    4","H,,S"
"AYM00089573","2019-01-16","-69.367","76.367","18.0","ZHONGSHAN, AY",,,,,,,"    6","H,,S"
"AYM00089573","2019-01-17","-69.367","76.367","18.0","ZHONGSHAN, AY",,,,,,,"   14","H,,S"
"AYM00089573","2019-01-18","-69.367","76.367","18.0","ZHONGSHAN, AY",,,,,,,"    3","H,,S"
"AYM00089573","2019-01-19","-69.367","76.367","18.0","ZHONGSHAN, AY",,,,,,,"   -4","H,,S"
"AYM00089573","2019-01-20","-69.367","76.367","18.0","ZHONGSHAN, AY",,,,,,,"   -1","H,,S"
"AYM00089573","2019-01-21","-69.367","76.367","18.0","ZHONGSHAN, AY",,,,,,,"    4","H,,S"
"AYM00089573","2019-01-22","-69.367","76.367","18.0","ZHONGSHAN, AY",,,,,,,"    7","H,,S"
"AYM00089573","2019-01-23","-69.367","76.367","18.0","ZHONGSHAN, AY",,,,,,,"  -18","H,,S"
"AYM00089573","2019-01-24","-69.367","76.367","18.0","ZHONGSHAN, AY",,,,,,,"  -27","H,,S"
"AYM00089573","2019-01-25","-69.367","76.367","18.0","ZHONGSHAN, AY",,,,,,,"   -9","H,,S"
"AYM00089573","2019-01-26","-69.367","76.367","18.0","ZHONGSHAN, AY",,,,,,,"   -8","H,,S"
"AYM00089573","2019-01-27","-69.367","76.367","18.0","ZHONGSHAN, AY",,,,,,,"  -16","H,,S"
"AYM00089573","2019-01-28","-69.367","76.367","18.0","ZHONGSHAN, AY",,,,,,,"  -18","H,,S"
"AYM00089573","2019-01-29","-69.367","76.367","18.0","ZHONGSHAN, AY",,,,,,,"  -12","H,,S"
"AYM00089573","2019-01-30","-69.367","76.367","18.0","ZHONGSHAN, AY",,,,,,,"   -3","H,,S"
"AYM00089573","2019-01-31","-69.367","76.367","18.0","ZHONGSHAN, AY",,,,,,,"  -10","H,,S"
"AYM00089573","2019-02-01","-69.367","76.367","18.0","ZHONGSHAN, AY",,,,,,,"  -17","H,,S"
"AYM00089573","2019-02-02","-69.367","76.367","18.0","ZHONGSHAN, AY",,,,,,,"  -12","H,,S"
"AYM00089573","2019-02-03","-69.367","76.367","18.0","ZHONGSHAN, AY",,,,,,,"  -26","H,,S"
"AYM00089573","2019-02-04","-69.367","76.367","18.0","ZHONGSHAN, AY",,,,,,,"  -31","H,,S"
"AYM00089573","2019-02-05","-69.367","76.367","18.0","ZHONGSHAN, AY",,,,,,,"  -36","H,,S"
"AYM00089573","2019-02-06","-69.367","76.367","18.0","ZHONGSHAN, AY",,,,,,,"  -41","H,,S"
"AYM00089573","2019-02-07","-69.367","76.367","18.0","ZHONGSHAN, AY",,,,,,,"  -27","H,,S"
"AYM00089573","2019-02-08","-69.367","76.367","18.0","ZHONGSHAN, AY",,,,,,,"  -13","H,,S"
"AYM00089573","2019-02-09","-69.367","76.367","18.0","ZHONGSHAN, AY",,,,,,,"  -61","H,,S"
"AYM00089573","2019-02-10","-69.367","76.367","18.0","ZHONGSHAN, AY",,,,,,,"  -23","H,,S"
"AYM00089573","2019-02-11","-69.367","76.367","18.0","ZHONGSHAN, AY",,,,,,,"  -16","H,,S"
"AYM00089573","2019-02-12","-69.367","76.367","18.0","ZHONGSHAN, AY",,,,,,,"  -17","H,,S"
"AYM00089573","2019-02-13","-69.367","76.367","18.0","ZHONGSHAN, AY",,,,,,,"  -11","H,,S"
"AYM00089573","2019-02-18","-69.367","76.367","18.0","ZHONGSHAN, AY",,,,,,,"   36","H,,S"
"AYM00089573","2019-02-19","-69.367","76.367","18.0","ZHONGSHAN, AY",,,,,,,"    4","H,,S"
"AYM00089573","2019-02-20","-69.367","76.367","18.0","ZHONGSHAN, AY",,,,,,,"  -21","H,,S"
"AYM00089573","2019-02-21","-69.367","76.367","18.0","ZHONGSHAN, AY",,,,,,,"   -4","H,,S"
"AYM00089573","2019-02-22","-69.367","76.367","18.0","ZHONGSHAN, AY",,,,,,,"   15","H,,S"
"AYM00089573","2019-02-23","-69.367","76.367","18.0","ZHONGSHAN, AY",,,,,,,"  -17","H,,S"
"AYM00089573","2019-02-24","-69.367","76.367","18.0","ZHONGSHAN, AY",,,,,,,"  -40","H,,S"
"AYM00089573","2019-02-25","-69.367","76.367","18.0","ZHONGSHAN, AY",,,,,,,"  -56","H,,S"
"AYM00089573","2019-02-26","-69.367","76.367","18.0","ZHONGSHAN, AY",,,,,,,"  -34","H,,S"
"AYM00089573","2019-02-27","-69.367","76.367","18.0","ZHONGSHAN, AY",,,,,,,"  -11","H,,S"
"AYM00089573","2019-02-28","-69.367","76.367","18.0","ZHONGSHAN, AY",,,,,,,"  -27","H,,S"
"AYM00089573","2019-03-01","-69.367","76.367","18.0","ZHONGSHAN, AY",,,,,,,"  -25","H,,S"
"AYM00089573","2019-03-02","-69.367","76.367","18.0","ZHONGSHAN, AY",,,,,,,"  -37","H,,S"
"AYM00089573","2019-03-03","-69.367","76.367","18.0","ZHONGSHAN, AY",,,,,,,"  -45","H,,S"
"AYM00089573","2019-03-04","-69.367","76.367","18.0","ZHONGSHAN, AY",,,,,,,"  -58","H,,S"
"AYM00089573","2019-03-05","-69.367","76.367","18.0","ZHONGSHAN, AY",,,,,,,"  -59","H,,S"
"AYM00089573","2019-03-06","-69.367","76.367","18.0","ZHONGSHAN, AY",,,,,,,"  -29","H,,S"
"AYM00089573","2019-03-07","-69.367","76.367","18.0","ZHONGSHAN, AY",,,,,,,"  -30","H,,S"
"AYM00089573","2019-03-08","-69.367","76.367","18.0","ZHONGSHAN, AY",,,,,,,"  -44","H,,S"
"AYM00089573","2019-03-09","-69.367","76.367","18.0","ZHONGSHAN, AY",,,,,,,"  -56","H,,S"
"AYM00089573","2019-03-10","-69.367","76.367","18.0","ZHONGSHAN, AY",,,,,,,"  -77","H,,S"
"AYM00089573","2019-03-11","-69.367","76.367","18.0","ZHONGSHAN, AY",,,,,,,"  -76","H,,S"
"AYM00089573","2019-03-12","-69.367","76.367","18.0","ZHONGSHAN, AY",,,,,,,"  -82","H,,S"
"AYM00089573","2019-03-14","-69.367","76.367","18.0","ZHONGSHAN, AY",,,,,,,"  -84","H,,S"
"AYM00089573","2019-03-15","-69.367","76.367","18.0","ZHONGSHAN, AY",,,,,,,"  -92","H,,S"
"AYM00089573","2019-03-17","-69.367","76.367","18.0","ZHONGSHAN, AY",,,,,,,"  -53","H,,S"
"AYM00089573","2019-03-18","-69.367","76.367","18.0","ZHONGSHAN, AY",,,,,,,"  -64","H,,S"
"AYM00089573","2019-03-19","-69.367","76.367","18.0","ZHONGSHAN, AY",,,,,,,"  -74","H,,S"
"AYM00089573","2019-03-20","-69.367","76.367","18.0","ZHONGSHAN, AY",,,,,,," -113","H,,S"
"AYM00089573","2019-03-21","-69.367","76.367","18.0","ZHONGSHAN, AY",,,,,,," -139","H,,S"
"AYM00089573","2019-03-22","-69.367","76.367","18.0","ZHONGSHAN, AY",,,,,,," -114","H,,S"
"AYM00089573","2019-03-25","-69.367","76.367","18.0","ZHONGSHAN, AY",,,,,,,"  -60","H,,S"
"AYM00089573","2019-03-26","-69.367","76.367","18.0","ZHONGSHAN, AY",,,,,,,"  -74","H,,S"
"AYM00089573","2019-03-27","-69.367","76.367","18.0","ZHONGSHAN, AY",,,,,,,"  -97","H,,S"
"AYM00089573","2019-03-28","-69.367","76.367","18.0","ZHONGSHAN, AY",,,,,,,"  -86","H,,S"
"AYM00089573","2019-03-29","-69.367","76.367","18.0","ZHONGSHAN, AY",,,,,,," -109","H,,S"
"AYM00089573","2019-03-30","-69.367","76.367","18.0","ZHONGSHAN, AY",,,,,,,"  -56","H,,S"
"AYM00089573","2019-03-31","-69.367","76.367","18.0","ZHONGSHAN, AY",,,,,,," -150","H,,S"
"AYM00089573","2019-04-01","-69.367","76.367","18.0","ZHONGSHAN, AY",,,,,,," -172","H,,S"
"AYM00089573","2019-04-02","-69.367","76.367","18.0","ZHONGSHAN, AY",,,,,,," -211","H,,S"
"AYM00089573","2019-04-04","-69.367","76.367","18.0","ZHONGSHAN, AY",,,,,,," -246","H,,S"
"AYM00089573","2019-04-05","-69.367","76.367","18.0","ZHONGSHAN, AY",,,,,,," -255","H,,S"
"AYM00089573","2019-04-07","-69.367","76.367","18.0","ZHONGSHAN, AY",,,,,,,"  -58","H,,S"
"AYM00089573","2019-04-08","-69.367","76.367","18.0","ZHONGSHAN, AY",,,,,,,"  -88","H,,S"
"AYM00089573","2019-04-09","-69.367","76.367","18.0","ZHONGSHAN, AY",,,,,,," -139","H,,S"
"AYM00089573","2019-04-10","-69.367","76.367","18.0","ZHONGSHAN, AY",,,,,,," -134","H,,S"
"AYM00089573","2019-04-11","-69.367","76.367","18.0","ZHONGSHAN, AY",,,,,,," -117","H,,S"
"AYM00089573","2019-04-12","-69.367","76.367","18.0","ZHONGSHAN, AY",,,,,,," -137","H,,S"
"AYM00089573","2019-04-13","-69.367","76.367","18.0","ZHONGSHAN, AY",,,,,,," -157","H,,S"
"AYM00089573","2019-04-14","-69.367","76.367","18.0","ZHONGSHAN, AY",,,,,,," -146","H,,S"
"AYM00089573","2019-04-15","-69.367","76.367","18.0","ZHONGSHAN, AY",,,,,,," -113","H,,S"
"AYM00089573","2019-04-16","-69.367","76.367","18.0","ZHONGSHAN, AY",,,,,,," -144","H,,S"
"AYM00089573","2019-04-17","-69.367","76.367","18.0","ZHONGSHAN, AY",,,,,,," -193","H,,S"
"AYM00089573","2019-04-18","-69.367","76.367","18.0","ZHONGSHAN, AY",,,,,,," -141","H,,S"
"AYM00089573","2019-04-19","-69.367","76.367","18.0","ZHONGSHAN, AY",,,,,,,"  -51","H,,S"
"AYM00089573","2019-04-20","-69.367","76.367","18.0","ZHONGSHAN, AY",,,,,,,"  -70","H,,S"
"AYM00089573","2019-04-21","-69.367","76.367","18.0","ZHONGSHAN, AY",,,,,,," -108","H,,S"
"AYM00089573","2019-04-23","-69.367","76.367","18.0","ZHONGSHAN, AY",,,,,,," -163","H,,S"
"AYM00089573","2019-04-24","-69.367","76.367","18.0","ZHONGSHAN, AY",,,,,,," -178","H,,S"
"AYM00089573","2019-04-25","-69.367","76.367","18.0","ZHONGSHAN, AY",,,,,,,"  -96","H,,S"
"AYM00089573","2019-04-26","-69.367","76.367","18.0","ZHONGSHAN, AY",,,,,,,"  -94","H,,S"
"AYM00089573","2019-04-27","-69.367","76.367","18.0","ZHONGSHAN, AY",,,,,,," -113","H,,S"
"AYM00089573","2019-04-28","-69.367","76.367","18.0","ZHONGSHAN, AY",,,,,,,"  -63","H,,S"
"AYM00089573","2019-04-29","-69.367","76.367","18.0","ZHONGSHAN, AY",,,,,,,"  -88","H,,S"
"AYM00089573","2019-04-30","-69.367","76.367","18.0","ZHONGSHAN, AY",,,,,,," -121","H,,S"
"AYM00089573","2019-05-01","-69.367","76.367","18.0","ZHONGSHAN, AY",,,,,,," -102","H,,S"
"AYM00089573","2019-05-02","-69.367","76.367","18.0","ZHONGSHAN, AY",,,,,,," -123","H,,S"
"AYM00089573","2019-05-03","-69.367","76.367","18.0","ZHONGSHAN, AY",,,,,,," -128","H,,S"
"AYM00089573","2019-05-04","-69.367","76.367","18.0","ZHONGSHAN, AY",,,,,,," -168","H,,S"
"AYM00089573","2019-05-05","-69.367","76.367","18.0","ZHONGSHAN, AY",,,,,,," -180","H,,S"
"AYM00089573","2019-05-06","-69.367","76.367","18.0","ZHONGSHAN, AY",,,,,,," -163","H,,S"
"AYM00089573","2019-05-07","-69.367","76.367","18.0","ZHONGSHAN, AY",,,,,,," -163","H,,S"
"AYM00089573","2019-05-08","-69.367","76.367","18.0","ZHONGSHAN, AY",,,,,,," -116","H,,S"
"AYM00089573","2019-05-09","-69.367","76.367","18.0","ZHONGSHAN, AY",,,,,,," -143","H,,S"
"AYM00089573","2019-05-10","-69.367","76.367","18.0","ZHONGSHAN, AY",,,,,,," -162","H,,S"
"AYM00089573","2019-05-11","-69.367","76.367","18.0","ZHONGSHAN, AY",,,,,,," -173","H,,S"
"AYM00089573","2019-05-12","-69.367","76.367","18.0","ZHONGSHAN, AY",,,,,,," -124","H,,S"
"AYM00089573","2019-05-13","-69.367","76.367","18.0","ZHONGSHAN, AY",,,,,,," -155","H,,S"
"AYM00089573","2019-05-14","-69.367","76.367","18.0","ZHONGSHAN, AY",,,,,,," -231","H,,S"
"AYM00089573","2019-05-15","-69.367","76.367","18.0","ZHONGSHAN, AY",,,,,,," -259","H,,S"
"AYM00089573","2019-05-16","-69.367","76.367","18.0","ZHONGSHAN, AY",,,,,,," -222","H,,S"
"AYM00089573","2019-05-17","-69.367","76.367","18.0","ZHONGSHAN, AY",,,,,,," -200","H,,S"
"AYM00089573","2019-05-18","-69.367","76.367","18.0","ZHONGSHAN, AY",,,,,,," -172","H,,S"
"AYM00089573","2019-05-19","-69.367","76.367","18.0","ZHONGSHAN, AY",,,,,,," -191","H,,S"
"AYM00089573","2019-05-20","-69.367","76.367","18.0","ZHONGSHAN, AY",,,,,,," -207","H,,S"
"AYM00089573","2019-05-21","-69.367","76.367","18.0","ZHONGSHAN, AY",,,,,,," -228","H,,S"
"AYM00089573","2019-05-22","-69.367","76.367","18.0","ZHONGSHAN, AY",,,,,,," -233","H,,S"
"AYM00089573","2019-05-23","-69.367","76.367","18.0","ZHONGSHAN, AY",,,,,,," -191","H,,S"
"AYM00089573","2019-05-24","-69.367","76.367","18.0","ZHONGSHAN, AY",,,,,,," -218","H,,S"
"AYM00089573","2019-05-25","-69.367","76.367","18.0","ZHONGSHAN, AY",,,,,,," -183","H,,S"
"AYM00089573","2019-05-26","-69.367","76.367","18.0","ZHONGSHAN, AY",,,,,,," -131","H,,S"
"AYM00089573","2019-05-27","-69.367","76.367","18.0","ZHONGSHAN, AY",,,,,,," -133","H,,S"
"AYM00089573","2019-05-28","-69.367","76.367","18.0","ZHONGSHAN, AY",,,,,,,"  -91","H,,S"
"AYM00089573","2019-05-30","-69.367","76.367","18.0","ZHONGSHAN, AY",,,,,,," -149","H,,S"
"AYM00089573","2019-05-31","-69.367","76.367","18.0","ZHONGSHAN, AY",,,,,,," -197","H,,S"
"AYM00089573","2019-06-01","-69.367","76.367","18.0","ZHONGSHAN, AY",,,,,,," -222","H,,S"
"AYM00089573","2019-06-02","-69.367","76.367","18.0","ZHONGSHAN, AY",,,,,,," -188","H,,S"
"AYM00089573","2019-06-03","-69.367","76.367","18.0","ZHONGSHAN, AY",,,,,,," -163","H,,S"
"AYM00089573","2019-06-04","-69.367","76.367","18.0","ZHONGSHAN, AY",,,,,,," -202","H,,S"
"AYM00089573","2019-06-05","-69.367","76.367","18.0","ZHONGSHAN, AY",,,,,,," -163","H,,S"
"AYM00089573","2019-06-06","-69.367","76.367","18.0","ZHONGSHAN, AY",,,,,,," -238","H,,S"
"AYM00089573","2019-06-07","-69.367","76.367","18.0","ZHONGSHAN, AY",,,,,,," -309","H,,S"
"AYM00089573","2019-06-08","-69.367","76.367","18.0","ZHONGSHAN, AY",,,,,,," -252","H,,S"
"AYM00089573","2019-06-09","-69.367","76.367","18.0","ZHONGSHAN, AY",,,,,,," -153","H,,S"
"AYM00089573","2019-06-10","-69.367","76.367","18.0","ZHONGSHAN, AY",,,,,,,"  -92","H,,S"
"AYM00089573","2019-06-12","-69.367","76.367","18.0","ZHONGSHAN, AY",,,,,,," -211","H,,S"
"AYM00089573","2019-06-13","-69.367","76.367","18.0","ZHONGSHAN, AY",,,,,,," -192","H,,S"
"AYM00089573","2019-06-18","-69.367","76.367","18.0","ZHONGSHAN, AY",,,,,,," -189","H,,S"
"AYM00089573","2019-06-19","-69.367","76.367","18.0","ZHONGSHAN, AY",,,,,,," -220","H,,S"
"AYM00089573","2019-06-20","-69.367","76.367","18.0","ZHONGSHAN, AY",,,,,,," -267","H,,S"
"AYM00089573","2019-06-21","-69.367","76.367","18.0","ZHONGSHAN, AY",,,,,,,"  -77","H,,S"
"AYM00089573","2019-06-22","-69.367","76.367","18.0","ZHONGSHAN, AY",,,,,,,"  -74","H,,S"
"AYM00089573","2019-06-23","-69.367","76.367","18.0","ZHONGSHAN, AY",,,,,,,"  -97","H,,S"
"AYM00089573","2019-06-24","-69.367","76.367","18.0","ZHONGSHAN, AY",,,,,,,"  -85","H,,S"
"AYM00089573","2019-06-25","-69.367","76.367","18.0","ZHONGSHAN, AY",,,,,,," -119","H,,S"
"AYM00089573","2019-06-26","-69.367","76.367","18.0","ZHONGSHAN, AY",,,,,,," -146","H,,S"
"AYM00089573","2019-06-27","-69.367","76.367","18.0","ZHONGSHAN, AY",,,,,,,"  -66","H,,S"
"AYM00089573","2019-06-28","-69.367","76.367","18.0","ZHONGSHAN, AY",,,,,,,"  -80","H,,S"
"AYM00089573","2019-06-29","-69.367","76.367","18.0","ZHONGSHAN, AY",,,,,,," -119","H,,S"
"AYM00089573","2019-06-30","-69.367","76.367","18.0","ZHONGSHAN, AY",,,,,,," -173","H,,S"
"AYM00089573","2019-07-01","-69.367","76.367","18.0","ZHONGSHAN, AY",,,,,,," -113","H,,S"
"AYM00089573","2019-07-02","-69.367","76.367","18.0","ZHONGSHAN, AY",,,,,,," -124","H,,S"
"AYM00089573","2019-07-03","-69.367","76.367","18.0","ZHONGSHAN, AY",,,,,,," -130","H,,S"
"AYM00089573","2019-07-04","-69.367","76.367","18.0","ZHONGSHAN, AY",,,,,,," -115","H,,S"
"AYM00089573","2019-07-06","-69.367","76.367","18.0","ZHONGSHAN, AY",,,,,,,"  -62","H,,S"
"AYM00089573","2019-07-07","-69.367","76.367","18.0","ZHONGSHAN, AY",,,,,,,"  -37","H,,S"
"AYM00089573","2019-07-08","-69.367","76.367","18.0","ZHONGSHAN, AY",,,,,,,"  -70","H,,S"
"AYM00089573","2019-07-09","-69.367","76.367","18.0","ZHONGSHAN, AY",,,,,,,"  -48","H,,S"
"AYM00089573","2019-07-10","-69.367","76.367","18.0","ZHONGSHAN, AY",,,,,,,"  -78","H,,S"
"AYM00089573","2019-07-11","-69.367","76.367","18.0","ZHONGSHAN, AY",,,,,,,"  -98","H,,S"
"AYM00089573","2019-07-12","-69.367","76.367","18.0","ZHONGSHAN, AY",,,,,,," -130","H,,S"
"AYM00089573","2019-07-13","-69.367","76.367","18.0","ZHONGSHAN, AY",,,,,,," -176","H,,S"
"AYM00089573","2019-07-14","-69.367","76.367","18.0","ZHONGSHAN, AY",,,,,,," -216","H,,S"
"AYM00089573","2019-07-15","-69.367","76.367","18.0","ZHONGSHAN, AY",,,,,,," -256","H,,S"
"AYM00089573","2019-07-16","-69.367","76.367","18.0","ZHONGSHAN, AY",,,,,,," -248","H,,S"
"AYM00089573","2019-07-17","-69.367","76.367","18.0","ZHONGSHAN, AY",,,,,,," -274","H,,S"
"AYM00089573","2019-07-18","-69.367","76.367","18.0","ZHONGSHAN, AY",,,,,,," -289","H,,S"
"AYM00089573","2019-07-19","-69.367","76.367","18.0","ZHONGSHAN, AY",,,,,,," -256","H,,S"
"AYM00089573","2019-07-20","-69.367","76.367","18.0","ZHONGSHAN, AY",,,,,,," -257","H,,S"
"AYM00089573","2019-07-21","-69.367","76.367","18.0","ZHONGSHAN, AY",,,,,,," -263","H,,S"
"AYM00089573","2019-07-23","-69.367","76.367","18.0","ZHONGSHAN, AY",,,,,,," -315","H,,S"
"AYM00089573","2019-07-24","-69.367","76.367","18.0","ZHONGSHAN, AY",,,,,,," -273","H,,S"
"AYM00089573","2019-07-25","-69.367","76.367","18.0","ZHONGSHAN, AY",,,,,,," -290","H,,S"
"AYM00089573","2019-07-26","-69.367","76.367","18.0","ZHONGSHAN, AY",,,,,,," -135","H,,S"
"AYM00089573","2019-07-27","-69.367","76.367","18.0","ZHONGSHAN, AY",,,,,,," -175","H,,S"
"AYM00089573","2019-07-28","-69.367","76.367","18.0","ZHONGSHAN, AY",,,,,,," -129","H,,S"
"AYM00089573","2019-07-29","-69.367","76.367","18.0","ZHONGSHAN, AY",,,,,,," -117","H,,S"
"AYM00089573","2019-07-30","-69.367","76.367","18.0","ZHONGSHAN, AY",,,,,,," -175","H,,S"
"AYM00089573","2019-07-31","-69.367","76.367","18.0","ZHONGSHAN, AY",,,,,,," -215","H,,S"
"AYM00089573","2019-08-01","-69.367","76.367","18.0","ZHONGSHAN, AY",,,,,,," -222","H,,S"
"AYM00089573","2019-08-02","-69.367","76.367","18.0","ZHONGSHAN, AY",,,,,,," -148","H,,S"
"AYM00089573","2019-08-03","-69.367","76.367","18.0","ZHONGSHAN, AY",,,,,,," -105","H,,S"
"AYM00089573","2019-08-04","-69.367","76.367","18.0","ZHONGSHAN, AY",,,,,,,"  -77","H,,S"
"AYM00089573","2019-08-05","-69.367","76.367","18.0","ZHONGSHAN, AY",,,,,,,"  -83","H,,S"
"AYM00089573","2019-08-06","-69.367","76.367","18.0","ZHONGSHAN, AY",,,,,,,"  -67","H,,S"
"AYM00089573","2019-08-07","-69.367","76.367","18.0","ZHONGSHAN, AY",,,,,,,"  -68","H,,S"
"AYM00089573","2019-08-09","-69.367","76.367","18.0","ZHONGSHAN, AY",,,,,,," -139","H,,S"
"AYM00089573","2019-08-10","-69.367","76.367","18.0","ZHONGSHAN, AY",,,,,,," -142","H,,S"
"AYM00089573","2019-08-11","-69.367","76.367","18.0","ZHONGSHAN, AY",,,,,,,"  -95","H,,S"
"AYM00089573","2019-08-12","-69.367","76.367","18.0","ZHONGSHAN, AY",,,,,,," -151","H,,S"
"AYM00089573","2019-08-13","-69.367","76.367","18.0","ZHONGSHAN, AY",,,,,,," -124","H,,S"
"AYM00089573","2019-08-14","-69.367","76.367","18.0","ZHONGSHAN, AY",,,,,,," -173","H,,S"
"AYM00089573","2019-08-16","-69.367","76.367","18.0","ZHONGSHAN, AY",,,,,,," -302","H,,S"
"AYM00089573","2019-08-17","-69.367","76.367","18.0","ZHONGSHAN, AY",,,,,,," -278","H,,S"
"AYM00089573","2019-08-18","-69.367","76.367","18.0","ZHONGSHAN, AY",,,,,,," -113","H,,S"
"AYM00089573","2019-08-19","-69.367","76.367","18.0","ZHONGSHAN, AY",,,,,,,"  -93","H,,S"
"AYM00089573","2019-08-20","-69.367","76.367","18.0","ZHONGSHAN, AY",,,,,,,"  -88","H,,S"
"AYM00089573","2019-08-21","-69.367","76.367","18.0","ZHONGSHAN, AY",,,,,,," -105","H,,S"
"AYM00089573","2019-08-22","-69.367","76.367","18.0","ZHONGSHAN, AY",,,,,,,"  -80","H,,S"
"AYM00089573","2019-08-23","-69.367","76.367","18.0","ZHONGSHAN, AY",,,,,,,"  -78","H,,S"
"AYM00089573","2019-08-24","-69.367","76.367","18.0","ZHONGSHAN, AY",,,,,,," -106","H,,S"
"AYM00089573","2019-08-25","-69.367","76.367","18.0","ZHONGSHAN, AY",,,,,,," -135","H,,S"
"AYM00089573","2019-08-26","-69.367","76.367","18.0","ZHONGSHAN, AY",,,,,,," -188","H,,S"
"AYM00089573","2019-08-27","-69.367","76.367","18.0","ZHONGSHAN, AY",,,,,,," -182","H,,S"
"AYM00089573","2019-08-28","-69.367","76.367","18.0","ZHONGSHAN, AY",,,,,,," -165","H,,S"
"AYM00089573","2019-08-29","-69.367","76.367","18.0","ZHONGSHAN, AY",,,,,,," -112","H,,S"
"AYM00089573","2019-09-12","-69.367","76.367","18.0","ZHONGSHAN, AY",,,,,,," -201","H,,S"
"AYM00089573","2019-09-13","-69.367","76.367","18.0","ZHONGSHAN, AY",,,,,,," -236","H,,S"
"AYM00089573","2019-09-15","-69.367","76.367","18.0","ZHONGSHAN, AY",,,,,,," -124","H,,S"
"AYM00089573","2019-09-16","-69.367","76.367","18.0","ZHONGSHAN, AY",,,,,,," -127","H,,S"
"AYM00089573","2019-09-17","-69.367","76.367","18.0","ZHONGSHAN, AY",,,,,,," -193","H,,S"
"AYM00089573","2019-09-18","-69.367","76.367","18.0","ZHONGSHAN, AY",,,,,,," -153","H,,S"
"AYM00089573","2019-09-19","-69.367","76.367","18.0","ZHONGSHAN, AY",,,,,,," -127","H,,S"
"AYM00089573","2019-09-20","-69.367","76.367","18.0","ZHONGSHAN, AY",,,,,,," -110","H,,S"
"AYM00089573","2019-09-21","-69.367","76.367","18.0","ZHONGSHAN, AY",,,,,,," -107","H,,S"
"AYM00089573","2019-09-22","-69.367","76.367","18.0","ZHONGSHAN, AY",,,,,,," -127","H,,S"
"AYM00089573","2019-09-23","-69.367","76.367","18.0","ZHONGSHAN, AY",,,,,,," -112","H,,S"
"AYM00089573","2019-09-24","-69.367","76.367","18.0","ZHONGSHAN, AY",,,,,,,"  -57","H,,S"
"AYM00089573","2019-09-25","-69.367","76.367","18.0","ZHONGSHAN, AY",,,,,,,"  -80","H,,S"
"AYM00089573","2019-09-26","-69.367","76.367","18.0","ZHONGSHAN, AY",,,,,,," -111","H,,S"
"AYM00089573","2019-09-27","-69.367","76.367","18.0","ZHONGSHAN, AY",,,,,,," -121","H,,S"
"AYM00089573","2019-09-28","-69.367","76.367","18.0","ZHONGSHAN, AY",,,,,,," -136","H,,S"
"AYM00089573","2019-09-29","-69.367","76.367","18.0","ZHONGSHAN, AY",,,,,,," -157","H,,S"
"AYM00089573","2019-09-30","-69.367","76.367","18.0","ZHONGSHAN, AY",,,,,,," -163","H,,S"
"AYM00089573","2019-10-01","-69.367","76.367","18.0","ZHONGSHAN, AY",,,,,,," -157","H,,S"
"AYM00089573","2019-10-02","-69.367","76.367","18.0","ZHONGSHAN, AY",,,,,,," -156","H,,S"
"AYM00089573","2019-10-03","-69.367","76.367","18.0","ZHONGSHAN, AY",,,,,,," -148","H,,S"
"AYM00089573","2019-10-04","-69.367","76.367","18.0","ZHONGSHAN, AY",,,,,,," -152","H,,S"
"AYM00089573","2019-10-05","-69.367","76.367","18.0","ZHONGSHAN, AY",,,,,,," -164","H,,S"
"AYM00089573","2019-10-06","-69.367","76.367","18.0","ZHONGSHAN, AY",,,,,,," -160","H,,S"
"AYM00089573","2019-10-07","-69.367","76.367","18.0","ZHONGSHAN, AY",,,,,,," -176","H,,S"
"AYM00089573","2019-10-08","-69.367","76.367","18.0","ZHONGSHAN, AY",,,,,,," -187","H,,S"
"AYM00089573","2019-10-10","-69.367","76.367","18.0","ZHONGSHAN, AY",,,,,,," -171","H,,S"
"AYM00089573","2019-10-11","-69.367","76.367","18.0","ZHONGSHAN, AY",,,,,,," -131","H,,S"
"AYM00089573","2019-10-12","-69.367","76.367","18.0","ZHONGSHAN, AY",,,,,,," -167","H,,S"
"AYM00089573","2019-10-13","-69.367","76.367","18.0","ZHONGSHAN, AY",,,,,,," -167","H,,S"
"AYM00089573","2019-10-14","-69.367","76.367","18.0","ZHONGSHAN, AY",,,,,,," -201","H,,S"
"AYM00089573","2019-10-15","-69.367","76.367","18.0","ZHONGSHAN, AY",,,,,,," -198","H,,S"
"AYM00089573","2019-10-16","-69.367","76.367","18.0","ZHONGSHAN, AY",,,,,,," -141","H,,S"
"AYM00089573","2019-10-17","-69.367","76.367","18.0","ZHONGSHAN, AY",,,,,,,"  -71","H,,S"
"AYM00089573","2019-10-18","-69.367","76.367","18.0","ZHONGSHAN, AY",,,,,,,"  -43","H,,S"
"AYM00089573","2019-10-19","-69.367","76.367","18.0","ZHONGSHAN, AY",,,,,,,"  -34","H,,S"
"AYM00089573","2019-10-20","-69.367","76.367","18.0","ZHONGSHAN, AY",,,,,,,"  -87","H,,S"
"AYM00089573","2019-10-22","-69.367","76.367","18.0","ZHONGSHAN, AY",,,,,,,"  -56","H,,S"
"AYM00089573","2019-10-23","-69.367","76.367","18.0","ZHONGSHAN, AY",,,,,,,"  -57","H,,S"
"AYM00089573","2019-10-24","-69.367","76.367","18.0","ZHONGSHAN, AY",,,,,,,"  -62","H,,S"
"AYM00089573","2019-10-25","-69.367","76.367","18.0","ZHONGSHAN, AY",,,,,,,"  -23","H,,S"
"AYM00089573","2019-10-26","-69.367","76.367","18.0","ZHONGSHAN, AY",,,,,,,"  -17","H,,S"
"AYM00089573","2019-10-27","-69.367","76.367","18.0","ZHONGSHAN, AY",,,,,,,"  -37","H,,S"
"AYM00089573","2019-10-28","-69.367","76.367","18.0","ZHONGSHAN, AY",,,,,,,"  -61","H,,S"
"AYM00089573","2019-10-29","-69.367","76.367","18.0","ZHONGSHAN, AY",,,,,,,"  -67","H,,S"
"AYM00089573","2019-10-31","-69.367","76.367","18.0","ZHONGSHAN, AY",,,,,,,"  -36","H,,S"
"AYM00089573","2019-11-01","-69.367","76.367","18.0","ZHONGSHAN, AY",,,,,,,"  -47","H,,S"
"AYM00089573","2019-11-02","-69.367","76.367","18.0","ZHONGSHAN, AY",,,,,,,"  -94","H,,S"
"AYM00089573","2019-11-03","-69.367","76.367","18.0","ZHONGSHAN, AY",,,,,,,"  -90","H,,S"
"AYM00089573","2019-11-04","-69.367","76.367","18.0","ZHONGSHAN, AY",,,,,,,"  -77","H,,S"
"AYM00089573","2019-11-05","-69.367","76.367","18.0","ZHONGSHAN, AY",,,,,,,"  -60","H,,S"
"AYM00089573","2019-11-08","-69.367","76.367","18.0","ZHONGSHAN, AY",,,,,,,"  -59","H,,S"
"AYM00089573","2019-11-09","-69.367","76.367","18.0","ZHONGSHAN, AY",,,,,,,"  -60","H,,S"
"AYM00089573","2019-11-10","-69.367","76.367","18.0","ZHONGSHAN, AY",,,,,,,"  -60","H,,S"
"AYM00089573","2019-11-11","-69.367","76.367","18.0","ZHONGSHAN, AY",,,,,,,"  -56","H,,S"
"AYM00089573","2019-11-12","-69.367","76.367","18.0","ZHONGSHAN, AY",,,,,,,"  -38","H,,S"
"AYM00089573","2019-11-13","-69.367","76.367","18.0","ZHONGSHAN, AY",,,,,,,"  -37","H,,S"
"AYM00089573","2019-11-14","-69.367","76.367","18.0","ZHONGSHAN, AY",,,,,,,"  -34","H,,S"
"AYM00089573","2019-11-15","-69.367","76.367","18.0","ZHONGSHAN, AY",,,,,,,"  -45","H,,S"
"AYM00089573","2019-11-16","-69.367","76.367","18.0","ZHONGSHAN, AY",,,,,,,"  -22","H,,S"
"AYM00089573","2019-11-17","-69.367","76.367","18.0","ZHONGSHAN, AY",,,,,,,"  -12","H,,S"
"AYM00089573","2019-11-18","-69.367","76.367","18.0","ZHONGSHAN, AY",,,,,,,"  -30","H,,S"
"AYM00089573","2019-11-19","-69.367","76.367","18.0","ZHONGSHAN, AY",,,,,,,"  -49","H,,S"
"AYM00089573","2019-11-20","-69.367","76.367","18.0","ZHONGSHAN, AY",,,,,,,"  -45","H,,S"
"AYM00089573","2019-11-21","-69.367","76.367","18.0","ZHONGSHAN, AY",,,,,,,"  -45","H,,S"
"AYM00089573","2019-11-22","-69.367","76.367","18.0","ZHONGSHAN, AY",,,,,,,"  -23","H,,S"
"AYM00089573","2019-11-23","-69.367","76.367","18.0","ZHONGSHAN, AY",,,,,,,"   -3","H,,S"
"AYM00089573","2019-11-24","-69.367","76.367","18.0","ZHONGSHAN, AY",,,,,,,"   -6","H,,S"
"AYM00089573","2019-11-25","-69.367","76.367","18.0","ZHONGSHAN, AY",,,,,,,"   12","H,,S"
"AYM00089573","2019-11-26","-69.367","76.367","18.0","ZHONGSHAN, AY",,,,,,,"   -1","H,,S"
"AYM00089573","2019-11-27","-69.367","76.367","18.0","ZHONGSHAN, AY",,,,,,,"   -7","H,,S"
"AYM00089573","2019-11-28","-69.367","76.367","18.0","ZHONGSHAN, AY",,,,,,,"    6","H,,S"
"AYM00089573","2019-11-29","-69.367","76.367","18.0","ZHONGSHAN, AY",,,,,,,"   -1","H,,S"
"AYM00089573","2019-11-30","-69.367","76.367","18.0","ZHONGSHAN, AY",,,,,,,"   -3","H,,S"
"AYM00089573","2019-12-01","-69.367","76.367","18.0","ZHONGSHAN, AY",,,,,,,"   21","H,,S"
"AYM00089573","2019-12-02","-69.367","76.367","18.0","ZHONGSHAN, AY",,,,,,,"   -4","H,,S"
"AYM00089573","2019-12-03","-69.367","76.367","18.0","ZHONGSHAN, AY",,,,,,,"   -8","H,,S"
"AYM00089573","2019-12-04","-69.367","76.367","18.0","ZHONGSHAN, AY",,,,,,,"   -5","H,,S"
"AYM00089573","2019-12-05","-69.367","76.367","18.0","ZHONGSHAN, AY",,,,,,,"   28","H,,S"
"AYM00089573","2019-12-06","-69.367","76.367","18.0","ZHONGSHAN, AY",,,,,,,"   16","H,,S"
"AYM00089573","2019-12-07","-69.367","76.367","18.0","ZHONGSHAN, AY",,,,,,,"    1","H,,S"
"AYM00089573","2019-12-08","-69.367","76.367","18.0","ZHONGSHAN, AY",,,,,,,"   21","H,,S"
"AYM00089573","2019-12-09","-69.367","76.367","18.0","ZHONGSHAN, AY",,,,,,,"   24","H,,S"
"AYM00089573","2019-12-10","-69.367","76.367","18.0","ZHONGSHAN, AY",,,,,,,"    1","H,,S"
"AYM00089573","2019-12-11","-69.367","76.367","18.0","ZHONGSHAN, AY",,,,,,,"   -5","H,,S"
"AYM00089573","2019-12-12","-69.367","76.367","18.0","ZHONGSHAN, AY",,,,,,,"   -3","H,,S"
"AYM00089573","2019-12-13","-69.367","76.367","18.0","ZHONGSHAN, AY",,,,,,,"   -2","H,,S"
"AYM00089573","2019-12-14","-69.367","76.367","18.0","ZHONGSHAN, AY",,,,,,,"    7","H,,S"
"AYM00089573","2019-12-15","-69.367","76.367","18.0","ZHONGSHAN, AY",,,,,,,"   -8","H,,S"
"AYM00089573","2019-12-16","-69.367","76.367","18.0","ZHONGSHAN, AY",,,,,,,"    2","H,,S"
"AYM00089573","2019-12-17","-69.367","76.367","18.0","ZHONGSHAN, AY",,,,,,,"    0","H,,S"
"AYM00089573","2019-12-18","-69.367","76.367","18.0","ZHONGSHAN, AY",,,,,,,"    1","H,,S"
"AYM00089573","2019-12-19","-69.367","76.367","18.0","ZHONGSHAN, AY",,,,,,,"    7","H,,S"
"AYM00089573","2019-12-20","-69.367","76.367","18.0","ZHONGSHAN, AY",,,,,,,"   13","H,,S"
"AYM00089573","2019-12-21","-69.367","76.367","18.0","ZHONGSHAN, AY",,,,,,,"   13","H,,S"
"AYM00089573","2019-12-22","-69.367","76.367","18.0","ZHONGSHAN, AY",,,,,,,"   23","H,,S"
"AYM00089573","2019-12-23","-69.367","76.367","18.0","ZHONGSHAN, AY",,,,,,,"   12","H,,S"
"AYM00089573","2019-12-24","-69.367","76.367","18.0","ZHONGSHAN, AY",,,,,,,"   17","H,,S"
"AYM00089573","2019-12-25","-69.367","76.367","18.0","ZHONGSHAN, AY",,,,,,,"   -2","H,,S"
"AYM00089573","2019-12-27","-69.367","76.367","18.0","ZHONGSHAN, AY",,,,,,,"   -5","H,,S"
"AYM00089573","2019-12-28","-69.367","76.367","18.0","ZHONGSHAN, AY",,,,,,,"  -19","H,,S"
"AYM00089573","2019-12-29","-69.367","76.367","18.0","ZHONGSHAN, AY",,,,,,,"   12","H,,S"
"AYM00089573","2019-12-30","-69.367","76.367","18.0","ZHONGSHAN, AY",,,,,,,"   10","H,,S"
"AYM00089573","2019-12-31","-69.367","76.367","18.0","ZHONGSHAN, AY",,,,,,,"  -13","H,,S"
"AYM00089573","2020-01-01","-69.367","76.367","18.0","ZHONGSHAN, AY",,,,,,,"  -19","H,,S"
"AYM00089573","2020-01-02","-69.367","76.367","18.0","ZHONGSHAN, AY",,,,,,,"    1","H,,S"
"AYM00089573","2020-01-03","-69.367","76.367","18.0","ZHONGSHAN, AY",,,,,,,"   33","H,,S"
"AYM00089573","2020-01-04","-69.367","76.367","18.0","ZHONGSHAN, AY",,,,,,,"   16","H,,S"
"AYM00089573","2020-01-05","-69.367","76.367","18.0","ZHONGSHAN, AY",,,,,,,"    3","H,,S"
"AYM00089573","2020-01-06","-69.367","76.367","18.0","ZHONGSHAN, AY",,,,,,,"   14","H,,S"
"AYM00089573","2020-01-07","-69.367","76.367","18.0","ZHONGSHAN, AY",,,,,,,"   12","H,,S"
"AYM00089573","2020-01-08","-69.367","76.367","18.0","ZHONGSHAN, AY",,,,,,,"   24","H,,S"
"AYM00089573","2020-01-09","-69.367","76.367","18.0","ZHONGSHAN, AY",,,,,,,"   48","H,,S"
"AYM00089573","2020-01-10","-69.367","76.367","18.0","ZHONGSHAN, AY",,,,,,,"   40","H,,S"
"AYM00089573","2020-01-12","-69.367","76.367","18.0","ZHONGSHAN, AY",,,,,,,"   21","H,,S"
"AYM00089573","2020-01-13","-69.367","76.367","18.0","ZHONGSHAN, AY",,,,,,,"    6","H,,S"
"AYM00089573","2020-01-14","-69.367","76.367","18.0","ZHONGSHAN, AY",,,,,,,"   -6","H,,S"
"AYM00089573","2020-01-15","-69.367","76.367","18.0","ZHONGSHAN, AY",,,,,,,"   21","H,,S"
"AYM00089573","2020-01-16","-69.367","76.367","18.0","ZHONGSHAN, AY",,,,,,,"   30","H,,S"
"AYM00089573","2020-01-17","-69.367","76.367","18.0","ZHONGSHAN, AY",,,,,,,"   19","H,,S"
"AYM00089573","2020-01-18","-69.367","76.367","18.0","ZHONGSHAN, AY",,,,,,,"   28","H,,S"
"AYM00089573","2020-01-19","-69.367","76.367","18.0","ZHONGSHAN, AY",,,,,,,"   38","H,,S"
"AYM00089573","2020-01-20","-69.367","76.367","18.0","ZHONGSHAN, AY",,,,,,,"   40","H,,S"
"AYM00089573","2020-01-21","-69.367","76.367","18.0","ZHONGSHAN, AY",,,,,,,"   36","H,,S"
"AYM00089573","2020-01-22","-69.367","76.367","18.0","ZHONGSHAN, AY",,,,,,,"   33","H,,S"
"AYM00089573","2020-01-23","-69.367","76.367","18.0","ZHONGSHAN, AY",,,,,,,"   22","H,,S"
"AYM00089573","2020-01-24","-69.367","76.367","18.0","ZHONGSHAN, AY",,,,,,,"   34","H,,S"
"AYM00089573","2020-01-25","-69.367","76.367","18.0","ZHONGSHAN, AY",,,,,,,"   13","H,,S"
"AYM00089573","2020-01-26","-69.367","76.367","18.0","ZHONGSHAN, AY",,,,,,,"   -1","H,,S"
"AYM00089573","2020-01-27","-69.367","76.367","18.0","ZHONGSHAN, AY",,,,,,,"  -18","H,,S"
"AYM00089573","2020-01-28","-69.367","76.367","18.0","ZHONGSHAN, AY",,,,,,,"   -1","H,,S"
"AYM00089573","2020-01-29","-69.367","76.367","18.0","ZHONGSHAN, AY",,,,,,,"    9","H,,S"
"AYM00089573","2020-01-30","-69.367","76.367","18.0","ZHONGSHAN, AY",,,,,,,"   23","H,,S"
"AYM00089573","2020-01-31","-69.367","76.367","18.0","ZHONGSHAN, AY",,,,,,,"   10","H,,S"
"AYM00089573","2020-02-01","-69.367","76.367","18.0","ZHONGSHAN, AY",,,,,,,"    5","H,,S"
"AYM00089573","2020-02-02","-69.367","76.367","18.0","ZHONGSHAN, AY",,,,,,,"    3","H,,S"
"AYM00089573","2020-02-03","-69.367","76.367","18.0","ZHONGSHAN, AY",,,,,,,"  -13","H,,S"
"AYM00089573","2020-02-04","-69.367","76.367","18.0","ZHONGSHAN, AY",,,,,,,"  -17","H,,S"
"AYM00089573","2020-02-05","-69.367","76.367","18.0","ZHONGSHAN, AY",,,,,,,"  -20","H,,S"
"AYM00089573","2020-02-06","-69.367","76.367","18.0","ZHONGSHAN, AY",,,,,,,"  -31","H,,S"
"AYM00089573","2020-02-07","-69.367","76.367","18.0","ZHONGSHAN, AY",,,,,,,"  -32","H,,S"
"AYM00089573","2020-02-08","-69.367","76.367","18.0","ZHONGSHAN, AY",,,,,,,"  -15","H,,S"
"AYM00089573","2020-02-09","-69.367","76.367","18.0","ZHONGSHAN, AY",,,,,,,"  -37","H,,S"
"AYM00089573","2020-02-10","-69.367","76.367","18.0","ZHONGSHAN, AY",,,,,,,"   -8","H,,S"
"AYM00089573","2020-02-11","-69.367","76.367","18.0","ZHONGSHAN, AY",,,,,,,"  -13","H,,S"
"AYM00089573","2020-02-12","-69.367","76.367","18.0","ZHONGSHAN, AY",,,,,,,"  -41","H,,S"
"AYM00089573","2020-02-13","-69.367","76.367","18.0","ZHONGSHAN, AY",,,,,,,"  -16","H,,S"
"AYM00089573","2020-02-14","-69.367","76.367","18.0","ZHONGSHAN, AY",,,,,,,"  -21","H,,S"
"AYM00089573","2020-02-15","-69.367","76.367","18.0","ZHONGSHAN, AY",,,,,,,"  -23","H,,S"
"AYM00089573","2020-02-16","-69.367","76.367","18.0","ZHONGSHAN, AY",,,,,,,"  -48","H,,S"
"AYM00089573","2020-02-17","-69.367","76.367","18.0","ZHONGSHAN, AY",,,,,,,"  -41","H,,S"
"AYM00089573","2020-02-18","-69.367","76.367","18.0","ZHONGSHAN, AY",,,,,,,"  -15","H,,S"
"AYM00089573","2020-02-19","-69.367","76.367","18.0","ZHONGSHAN, AY",,,,,,,"    9","H,,S"
"AYM00089573","2020-02-20","-69.367","76.367","18.0","ZHONGSHAN, AY",,,,,,,"    9","H,,S"
"AYM00089573","2020-02-21","-69.367","76.367","18.0","ZHONGSHAN, AY",,,,,,,"  -15","H,,S"
"AYM00089573","2020-02-22","-69.367","76.367","18.0","ZHONGSHAN, AY",,,,,,,"  -32","H,,S"
"AYM00089573","2020-02-23","-69.367","76.367","18.0","ZHONGSHAN, AY",,,,,,,"  -49","H,,S"
"AYM00089573","2020-02-24","-69.367","76.367","18.0","ZHONGSHAN, AY",,,,,,,"  -58","H,,S"
"AYM00089573","2020-02-25","-69.367","76.367","18.0","ZHONGSHAN, AY",,,,,,,"  -66","H,,S"
"AYM00089573","2020-02-26","-69.367","76.367","18.0","ZHONGSHAN, AY",,,,,,,"  -70","H,,S"
"AYM00089573","2020-02-27","-69.367","76.367","18.0","ZHONGSHAN, AY",,,,,,,"  -66","H,,S"
"AYM00089573","2020-02-28","-69.367","76.367","18.0","ZHONGSHAN, AY",,,,,,,"  -41","H,,S"
"AYM00089573","2020-02-29","-69.367","76.367","18.0","ZHONGSHAN, AY",,,,,,,"  -19","H,,S"
"AYM00089573","2020-03-01","-69.367","76.367","18.0","ZHONGSHAN, AY",,,,,,,"  -33","H,,S"
"AYM00089573","2020-03-02","-69.367","76.367","18.0","ZHONGSHAN, AY",,,,,,,"  -16","H,,S"
"AYM00089573","2020-03-03","-69.367","76.367","18.0","ZHONGSHAN, AY",,,,,,,"  -20","H,,S"
"AYM00089573","2020-03-04","-69.367","76.367","18.0","ZHONGSHAN, AY",,,,,,,"  -53","H,,S"
"AYM00089573","2020-03-05","-69.367","76.367","18.0","ZHONGSHAN, AY",,,,,,,"  -71","H,,S"
"AYM00089573","2020-03-06","-69.367","76.367","18.0","ZHONGSHAN, AY",,,,,,,"  -77","H,,S"
"AYM00089573","2020-03-07","-69.367","76.367","18.0","ZHONGSHAN, AY",,,,,,,"  -91","H,,S"
"AYM00089573","2020-03-08","-69.367","76.367","18.0","ZHONGSHAN, AY",,,,,,,"  -66","H,,S"
"AYM00089573","2020-03-09","-69.367","76.367","18.0","ZHONGSHAN, AY",,,,,,,"  -68","H,,S"
"AYM00089573","2020-03-10","-69.367","76.367","18.0","ZHONGSHAN, AY",,,,,,,"  -92","H,,S"
"AYM00089573","2020-03-11","-69.367","76.367","18.0","ZHONGSHAN, AY",,,,,,," -109","H,,S"
"AYM00089573","2020-03-12","-69.367","76.367","18.0","ZHONGSHAN, AY",,,,,,," -108","H,,S"
"AYM00089573","2020-03-13","-69.367","76.367","18.0","ZHONGSHAN, AY",,,,,,," -126","H,,S"
"AYM00089573","2020-03-14","-69.367","76.367","18.0","ZHONGSHAN, AY",,,,,,," -129","H,,S"
"AYM00089573","2020-03-15","-69.367","76.367","18.0","ZHONGSHAN, AY",,,,,,," -127","H,,S"
"AYM00089573","2020-03-16","-69.367","76.367","18.0","ZHONGSHAN, AY",,,,,,,"  -99","H,,S"
"AYM00089573","2020-03-17","-69.367","76.367","18.0","ZHONGSHAN, AY",,,,,,," -136","H,,S"
"AYM00089573","2020-03-18","-69.367","76.367","18.0","ZHONGSHAN, AY",,,,,,," -145","H,,S"
"AYM00089573","2020-03-19","-69.367","76.367","18.0","ZHONGSHAN, AY",,,,,,," -164","H,,S"
"AYM00089573","2020-03-20","-69.367","76.367","18.0","ZHONGSHAN, AY",,,,,,," -192","H,,S"
"AYM00089573","2020-03-21","-69.367","76.367","18.0","ZHONGSHAN, AY",,,,,,," -198","H,,S"
"AYM00089573","2020-03-22","-69.367","76.367","18.0","ZHONGSHAN, AY",,,,,,," -157","H,,S"
"AYM00089573","2020-03-23","-69.367","76.367","18.0","ZHONGSHAN, AY",,,,,,," -117","H,,S"
"AYM00089573","2020-03-24","-69.367","76.367","18.0","ZHONGSHAN, AY",,,,,,," -171","H,,S"
"AYM00089573","2020-03-25","-69.367","76.367","18.0","ZHONGSHAN, AY",,,,,,," -109","H,,S"
"AYM00089573","2020-03-26","-69.367","76.367","18.0","ZHONGSHAN, AY",,,,,,," -141","H,,S"
"AYM00089573","2020-03-27","-69.367","76.367","18.0","ZHONGSHAN, AY",,,,,,," -136","H,,S"
"AYM00089573","2020-03-28","-69.367","76.367","18.0","ZHONGSHAN, AY",,,,,,," -157","H,,S"
"AYM00089573","2020-03-29","-69.367","76.367","18.0","ZHONGSHAN, AY",,,,,,," -138","H,,S"
"AYM00089573","2020-03-30","-69.367","76.367","18.0","ZHONGSHAN, AY",,,,,,,"  -97","H,,S"
"AYM00089573","2020-03-31","-69.367","76.367","18.0","ZHONGSHAN, AY",,,,,,,"  -66","H,,S"
"AYM00089573","2020-04-01","-69.367","76.367","18.0","ZHONGSHAN, AY",,,,,,,"  -81","H,,S"
"AYM00089573","2020-04-02","-69.367","76.367","18.0","ZHONGSHAN, AY",,,,,,,"  -95","H,,S"
"AYM00089573","2020-04-03","-69.367","76.367","18.0","ZHONGSHAN, AY",,,,,,,"  -85","H,,S"
"AYM00089573","2020-04-04","-69.367","76.367","18.0","ZHONGSHAN, AY",,,,,,," -104","H,,S"
"AYM00089573","2020-04-05","-69.367","76.367","18.0","ZHONGSHAN, AY",,,,,,," -152","H,,S"
"AYM00089573","2020-04-06","-69.367","76.367","18.0","ZHONGSHAN, AY",,,,,,," -146","H,,S"
"AYM00089573","2020-04-07","-69.367","76.367","18.0","ZHONGSHAN, AY",,,,,,," -169","H,,S"
"AYM00089573","2020-04-08","-69.367","76.367","18.0","ZHONGSHAN, AY",,,,,,," -119","H,,S"
"AYM00089573","2020-04-09","-69.367","76.367","18.0","ZHONGSHAN, AY",,,,,,," -134","H,,S"
"AYM00089573","2020-04-10","-69.367","76.367","18.0","ZHONGSHAN, AY",,,,,,," -158","H,,S"
"AYM00089573","2020-04-11","-69.367","76.367","18.0","ZHONGSHAN, AY",,,,,,," -153","H,,S"
"AYM00089573","2020-04-12","-69.367","76.367","18.0","ZHONGSHAN, AY",,,,,,," -143","H,,S"
"AYM00089573","2020-04-13","-69.367","76.367","18.0","ZHONGSHAN, AY",,,,,,," -138","H,,S"
"AYM00089573","2020-04-14","-69.367","76.367","18.0","ZHONGSHAN, AY",,,,,,," -107","H,,S"
"AYM00089573","2020-04-15","-69.367","76.367","18.0","ZHONGSHAN, AY",,,,,,,"  -74","H,,S"
"AYM00089573","2020-04-16","-69.367","76.367","18.0","ZHONGSHAN, AY",,,,,,,"  -69","H,,S"
"AYM00089573","2020-04-17","-69.367","76.367","18.0","ZHONGSHAN, AY",,,,,,,"  -72","H,,S"
"AYM00089573","2020-04-18","-69.367","76.367","18.0","ZHONGSHAN, AY",,,,,,,"  -63","H,,S"
"AYM00089573","2020-04-19","-69.367","76.367","18.0","ZHONGSHAN, AY",,,,,,,"  -62","H,,S"
"AYM00089573","2020-04-20","-69.367","76.367","18.0","ZHONGSHAN, AY",,,,,,,"  -84","H,,S"
"AYM00089573","2020-04-21","-69.367","76.367","18.0","ZHONGSHAN, AY",,,,,,," -116","H,,S"
"AYM00089573","2020-04-22","-69.367","76.367","18.0","ZHONGSHAN, AY",,,,,,," -106","H,,S"
"AYM00089573","2020-04-23","-69.367","76.367","18.0","ZHONGSHAN, AY",,,,,,,"  -62","H,,S"
"AYM00089573","2020-04-24","-69.367","76.367","18.0","ZHONGSHAN, AY",,,,,,,"  -78","H,,S"
"AYM00089573","2020-04-25","-69.367","76.367","18.0","ZHONGSHAN, AY",,,,,,," -107","H,,S"
"AYM00089573","2020-04-26","-69.367","76.367","18.0","ZHONGSHAN, AY",,,,,,," -178","H,,S"
"AYM00089573","2020-04-27","-69.367","76.367","18.0","ZHONGSHAN, AY",,,,,,," -203","H,,S"
"AYM00089573","2020-04-28","-69.367","76.367","18.0","ZHONGSHAN, AY",,,,,,," -173","H,,S"
"AYM00089573","2020-04-29","-69.367","76.367","18.0","ZHONGSHAN, AY",,,,,,,"  -87","H,,S"
"AYM00089573","2020-04-30","-69.367","76.367","18.0","ZHONGSHAN, AY",,,,,,,"  -51","H,,S"
"AYM00089573","2020-05-01","-69.367","76.367","18.0","ZHONGSHAN, AY",,,,,,,"  -97","H,,S"
"AYM00089573","2020-05-02","-69.367","76.367","18.0","ZHONGSHAN, AY",,,,,,," -101","H,,S"
"AYM00089573","2020-05-03","-69.367","76.367","18.0","ZHONGSHAN, AY",,,,,,," -140","H,,S"
"AYM00089573","2020-05-04","-69.367","76.367","18.0","ZHONGSHAN, AY",,,,,,,"  -62","H,,S"
"AYM00089573","2020-05-05","-69.367","76.367","18.0","ZHONGSHAN, AY",,,,,,,"  -77","H,,S"
"AYM00089573","2020-05-06","-69.367","76.367","18.0","ZHONGSHAN, AY",,,,,,,"  -86","H,,S"
"AYM00089573","2020-05-07","-69.367","76.367","18.0","ZHONGSHAN, AY",,,,,,," -137","H,,S"
"AYM00089573","2020-05-08","-69.367","76.367","18.0","ZHONGSHAN, AY",,,,,,,"  -87","H,,S"
"AYM00089573","2020-05-09","-69.367","76.367","18.0","ZHONGSHAN, AY",,,,,,,"  -78","H,,S"
"AYM00089573","2020-05-10","-69.367","76.367","18.0","ZHONGSHAN, AY",,,,,,," -107","H,,S"
"AYM00089573","2020-05-11","-69.367","76.367","18.0","ZHONGSHAN, AY",,,,,,,"  -47","H,,S"
"AYM00089573","2020-05-13","-69.367","76.367","18.0","ZHONGSHAN, AY",,,,,,,"  -71","H,,S"
"AYM00089573","2020-05-14","-69.367","76.367","18.0","ZHONGSHAN, AY",,,,,,," -102","H,,S"
"AYM00089573","2020-05-15","-69.367","76.367","18.0","ZHONGSHAN, AY",,,,,,," -139","H,,S"
"AYM00089573","2020-05-16","-69.367","76.367","18.0","ZHONGSHAN, AY",,,,,,," -207","H,,S"
"AYM00089573","2020-05-17","-69.367","76.367","18.0","ZHONGSHAN, AY",,,,,,," -211","H,,S"
"AYM00089573","2020-05-18","-69.367","76.367","18.0","ZHONGSHAN, AY",,,,,,," -232","H,,S"
"AYM00089573","2020-05-19","-69.367","76.367","18.0","ZHONGSHAN, AY",,,,,,," -131","H,,S"
"AYM00089573","2020-05-20","-69.367","76.367","18.0","ZHONGSHAN, AY",,,,,,,"  -83","H,,S"
"AYM00089573","2020-05-21","-69.367","76.367","18.0","ZHONGSHAN, AY",,,,,,,"  -85","H,,S"
"AYM00089573","2020-05-22","-69.367","76.367","18.0","ZHONGSHAN, AY",,,,,,," -106","H,,S"
"AYM00089573","2020-05-23","-69.367","76.367","18.0","ZHONGSHAN, AY",,,,,,," -109","H,,S"
"AYM00089573","2020-05-24","-69.367","76.367","18.0","ZHONGSHAN, AY",,,,,,," -136","H,,S"
"AYM00089573","2020-05-25","-69.367","76.367","18.0","ZHONGSHAN, AY",,,,,,," -157","H,,S"
"AYM00089573","2020-05-26","-69.367","76.367","18.0","ZHONGSHAN, AY",,,,,,," -194","H,,S"
"AYM00089573","2020-05-27","-69.367","76.367","18.0","ZHONGSHAN, AY",,,,,,," -205","H,,S"
"AYM00089573","2020-05-28","-69.367","76.367","18.0","ZHONGSHAN, AY",,,,,,," -180","H,,S"
"AYM00089573","2020-05-29","-69.367","76.367","18.0","ZHONGSHAN, AY",,,,,,," -127","H,,S"
"AYM00089573","2020-05-30","-69.367","76.367","18.0","ZHONGSHAN, AY",,,,,,," -169","H,,S"
"AYM00089573","2020-05-31","-69.367","76.367","18.0","ZHONGSHAN, AY",,,,,,," -162","H,,S"
"AYM00089573","2020-06-01","-69.367","76.367","18.0","ZHONGSHAN, AY",,,,,,," -158","H,,S"
"AYM00089573","2020-06-02","-69.367","76.367","18.0","ZHONGSHAN, AY",,,,,,," -172","H,,S"
"AYM00089573","2020-06-03","-69.367","76.367","18.0","ZHONGSHAN, AY",,,,,,," -116","H,,S"
"AYM00089573","2020-06-04","-69.367","76.367","18.0","ZHONGSHAN, AY",,,,,,," -137","H,,S"
"AYM00089573","2020-06-05","-69.367","76.367","18.0","ZHONGSHAN, AY",,,,,,,"  -73","H,,S"
"AYM00089573","2020-06-06","-69.367","76.367","18.0","ZHONGSHAN, AY",,,,,,,"  -71","H,,S"
"AYM00089573","2020-06-07","-69.367","76.367","18.0","ZHONGSHAN, AY",,,,,,,"  -87","H,,S"
"AYM00089573","2020-06-08","-69.367","76.367","18.0","ZHONGSHAN, AY",,,,,,,"  -94","H,,S"
"AYM00089573","2020-06-09","-69.367","76.367","18.0","ZHONGSHAN, AY",,,,,,,"  -82","H,,S"
"AYM00089573","2020-06-10","-69.367","76.367","18.0","ZHONGSHAN, AY",,,,,,," -109","H,,S"
"AYM00089573","2020-06-11","-69.367","76.367","18.0","ZHONGSHAN, AY",,,,,,,"  -98","H,,S"
"AYM00089573","2020-06-12","-69.367","76.367","18.0","ZHONGSHAN, AY",,,,,,," -100","H,,S"
"AYM00089573","2020-06-13","-69.367","76.367","18.0","ZHONGSHAN, AY",,,,,,," -131","H,,S"
"AYM00089573","2020-06-14","-69.367","76.367","18.0","ZHONGSHAN, AY",,,,,,," -208","H,,S"
"AYM00089573","2020-06-15","-69.367","76.367","18.0","ZHONGSHAN, AY",,,,,,," -295","H,,S"
"AYM00089573","2020-06-16","-69.367","76.367","18.0","ZHONGSHAN, AY",,,,,,," -209","H,,S"
"AYM00089573","2020-06-17","-69.367","76.367","18.0","ZHONGSHAN, AY",,,,,,," -214","H,,S"
"AYM00089573","2020-06-18","-69.367","76.367","18.0","ZHONGSHAN, AY",,,,,,," -212","H,,S"
"AYM00089573","2020-06-19","-69.367","76.367","18.0","ZHONGSHAN, AY",,,,,,," -198","H,,S"
"AYM00089573","2020-06-20","-69.367","76.367","18.0","ZHONGSHAN, AY",,,,,,," -142","H,,S"
"AYM00089573","2020-06-21","-69.367","76.367","18.0","ZHONGSHAN, AY",,,,,,,"  -64","H,,S"
"AYM00089573","2020-06-22","-69.367","76.367","18.0","ZHONGSHAN, AY",,,,,,,"  -86","H,,S"
"AYM00089573","2020-06-23","-69.367","76.367","18.0","ZHONGSHAN, AY",,,,,,," -112","H,,S"
"AYM00089573","2020-06-24","-69.367","76.367","18.0","ZHONGSHAN, AY",,,,,,," -102","H,,S"
"AYM00089573","2020-06-25","-69.367","76.367","18.0","ZHONGSHAN, AY",,,,,,,"  -79","H,,S"
"AYM00089573","2020-06-26","-69.367","76.367","18.0","ZHONGSHAN, AY",,,,,,,"  -78","H,,S"
"AYM00089573","2020-06-27","-69.367","76.367","18.0","ZHONGSHAN, AY",,,,,,," -142","H,,S"
"AYM00089573","2020-06-28","-69.367","76.367","18.0","ZHONGSHAN, AY",,,,,,," -111","H,,S"
"AYM00089573","2020-06-29","-69.367","76.367","18.0","ZHONGSHAN, AY",,,,,,," -109","H,,S"
"AYM00089573","2020-06-30","-69.367","76.367","18.0","ZHONGSHAN, AY",,,,,,," -136","H,,S"
"AYM00089573","2020-07-02","-69.367","76.367","18.0","ZHONGSHAN, AY",,,,,,," -180","H,,S"
"AYM00089573","2020-07-03","-69.367","76.367","18.0","ZHONGSHAN, AY",,,,,,," -230","H,,S"
"AYM00089573","2020-07-04","-69.367","76.367","18.0","ZHONGSHAN, AY",,,,,,," -272","H,,S"
"AYM00089573","2020-07-05","-69.367","76.367","18.0","ZHONGSHAN, AY",,,,,,," -202","H,,S"
"AYM00089573","2020-07-06","-69.367","76.367","18.0","ZHONGSHAN, AY",,,,,,," -253","H,,S"
"AYM00089573","2020-07-07","-69.367","76.367","18.0","ZHONGSHAN, AY",,,,,,," -196","H,,S"
"AYM00089573","2020-07-08","-69.367","76.367","18.0","ZHONGSHAN, AY",,,,,,," -125","H,,S"
"AYM00089573","2020-07-09","-69.367","76.367","18.0","ZHONGSHAN, AY",,,,,,," -112","H,,S"
"AYM00089573","2020-07-10","-69.367","76.367","18.0","ZHONGSHAN, AY",,,,,,,"  -39","H,,S"
"AYM00089573","2020-07-11","-69.367","76.367","18.0","ZHONGSHAN, AY",,,,,,,"  -67","H,,S"
"AYM00089573","2020-07-12","-69.367","76.367","18.0","ZHONGSHAN, AY",,,,,,," -102","H,,S"
"AYM00089573","2020-07-13","-69.367","76.367","18.0","ZHONGSHAN, AY",,,,,,," -133","H,,S"
"AYM00089573","2020-07-14","-69.367","76.367","18.0","ZHONGSHAN, AY",,,,,,," -121","H,,S"
"AYM00089573","2020-07-15","-69.367","76.367","18.0","ZHONGSHAN, AY",,,,,,,"  -66","H,,S"
"AYM00089573","2020-07-16","-69.367","76.367","18.0","ZHONGSHAN, AY",,,,,,,"  -31","H,,S"
"AYM00089573","2020-07-17","-69.367","76.367","18.0","ZHONGSHAN, AY",,,,,,,"  -86","H,,S"
"AYM00089573","2020-07-18","-69.367","76.367","18.0","ZHONGSHAN, AY",,,,,,,"  -65","H,,S"
"AYM00089573","2020-07-19","-69.367","76.367","18.0","ZHONGSHAN, AY",,,,,,,"  -72","H,,S"
"AYM00089573","2020-07-20","-69.367","76.367","18.0","ZHONGSHAN, AY",,,,,,,"  -73","H,,S"
"AYM00089573","2020-07-21","-69.367","76.367","18.0","ZHONGSHAN, AY",,,,,,,"  -98","H,,S"
"AYM00089573","2020-07-22","-69.367","76.367","18.0","ZHONGSHAN, AY",,,,,,,"  -58","H,,S"
"AYM00089573","2020-07-23","-69.367","76.367","18.0","ZHONGSHAN, AY",,,,,,,"  -75","H,,S"
"AYM00089573","2020-07-24","-69.367","76.367","18.0","ZHONGSHAN, AY",,,,,,," -121","H,,S"
"AYM00089573","2020-07-25","-69.367","76.367","18.0","ZHONGSHAN, AY",,,,,,," -123","H,,S"
"AYM00089573","2020-07-26","-69.367","76.367","18.0","ZHONGSHAN, AY",,,,,,," -184","H,,S"
"AYM00089573","2020-07-27","-69.367","76.367","18.0","ZHONGSHAN, AY",,,,,,," -174","H,,S"
"AYM00089573","2020-07-28","-69.367","76.367","18.0","ZHONGSHAN, AY",,,,,,," -266","H,,S"
"AYM00089573","2020-07-29","-69.367","76.367","18.0","ZHONGSHAN, AY",,,,,,," -279","H,,S"
"AYM00089573","2020-07-30","-69.367","76.367","18.0","ZHONGSHAN, AY",,,,,,," -198","H,,S"
"AYM00089573","2020-07-31","-69.367","76.367","18.0","ZHONGSHAN, AY",,,,,,," -110","H,,S"
"AYM00089573","2020-08-01","-69.367","76.367","18.0","ZHONGSHAN, AY",,,,,,,"  -67","H,,S"
"AYM00089573","2020-08-02","-69.367","76.367","18.0","ZHONGSHAN, AY",,,,,,,"  -98","H,,S"
"AYM00089573","2020-08-03","-69.367","76.367","18.0","ZHONGSHAN, AY",,,,,,," -129","H,,S"
"AYM00089573","2020-08-04","-69.367","76.367","18.0","ZHONGSHAN, AY",,,,,,," -128","H,,S"
"AYM00089573","2020-08-05","-69.367","76.367","18.0","ZHONGSHAN, AY",,,,,,," -120","H,,S"
"AYM00089573","2020-08-06","-69.367","76.367","18.0","ZHONGSHAN, AY",,,,,,," -191","H,,S"
"AYM00089573","2020-08-07","-69.367","76.367","18.0","ZHONGSHAN, AY",,,,,,," -135","H,,S"
"AYM00089573","2020-08-08","-69.367","76.367","18.0","ZHONGSHAN, AY",,,,,,," -103","H,,S"
"AYM00089573","2020-08-09","-69.367","76.367","18.0","ZHONGSHAN, AY",,,,,,," -109","H,,S"
"AYM00089573","2020-08-10","-69.367","76.367","18.0","ZHONGSHAN, AY",,,,,,," -183","H,,S"
"AYM00089573","2020-08-11","-69.367","76.367","18.0","ZHONGSHAN, AY",,,,,,,"  -97","H,,S"
"AYM00089573","2020-08-12","-69.367","76.367","18.0","ZHONGSHAN, AY",,,,,,," -105","H,,S"
"AYM00089573","2020-08-13","-69.367","76.367","18.0","ZHONGSHAN, AY",,,,,,," -132","H,,S"
"AYM00089573","2020-08-14","-69.367","76.367","18.0","ZHONGSHAN, AY",,,,,,," -192","H,,S"
"AYM00089573","2020-08-15","-69.367","76.367","18.0","ZHONGSHAN, AY",,,,,,," -157","H,,S"
"AYM00089573","2020-08-16","-69.367","76.367","18.0","ZHONGSHAN, AY",,,,,,,"  -75","H,,S"
"AYM00089573","2020-08-17","-69.367","76.367","18.0","ZHONGSHAN, AY",,,,,,,"  -59","H,,S"
"AYM00089573","2020-08-18","-69.367","76.367","18.0","ZHONGSHAN, AY",,,,,,,"  -55","H,,S"
"AYM00089573","2020-08-19","-69.367","76.367","18.0","ZHONGSHAN, AY",,,,,,,"  -73","H,,S"
"AYM00089573","2020-08-20","-69.367","76.367","18.0","ZHONGSHAN, AY",,,,,,,"  -71","H,,S"
"AYM00089573","2020-08-21","-69.367","76.367","18.0","ZHONGSHAN, AY",,,,,,," -152","H,,S"
"AYM00089573","2020-08-22","-69.367","76.367","18.0","ZHONGSHAN, AY",,,,,,," -304","H,,S"
"AYM00089573","2020-08-23","-69.367","76.367","18.0","ZHONGSHAN, AY",,,,,,," -156","H,,S"
"AYM00089573","2020-08-24","-69.367","76.367","18.0","ZHONGSHAN, AY",,,,,,," -215","H,,S"
"AYM00089573","2020-08-25","-69.367","76.367","18.0","ZHONGSHAN, AY",,,,,,," -191","H,,S"
"AYM00089573","2020-08-26","-69.367","76.367","18.0","ZHONGSHAN, AY",,,,,,," -133","H,,S"
"AYM00089573","2020-08-27","-69.367","76.367","18.0","ZHONGSHAN, AY",,,,,,," -164","H,,S"
"AYM00089573","2020-08-28","-69.367","76.367","18.0","ZHONGSHAN, AY",,,,,,," -174","H,,S"
"AYM00089573","2020-08-29","-69.367","76.367","18.0","ZHONGSHAN, AY",,,,,,," -173","H,,S"
"AYM00089573","2020-08-30","-69.367","76.367","18.0","ZHONGSHAN, AY",,,,,,,"  -89","H,,S"
"AYM00089573","2020-08-31","-69.367","76.367","18.0","ZHONGSHAN, AY",,,,,,," -109","H,,S"
"AYM00089573","2020-09-01","-69.367","76.367","18.0","ZHONGSHAN, AY",,,,,,," -157","H,,S"
"AYM00089573","2020-09-02","-69.367","76.367","18.0","ZHONGSHAN, AY",,,,,,," -179","H,,S"
"AYM00089573","2020-09-03","-69.367","76.367","18.0","ZHONGSHAN, AY",,,,,,," -105","H,,S"
"AYM00089573","2020-09-04","-69.367","76.367","18.0","ZHONGSHAN, AY",,,,,,,"  -94","H,,S"
"AYM00089573","2020-09-05","-69.367","76.367","18.0","ZHONGSHAN, AY",,,,,,," -163","H,,S"
"AYM00089573","2020-09-06","-69.367","76.367","18.0","ZHONGSHAN, AY",,,,,,," -191","H,,S"
"AYM00089573","2020-09-07","-69.367","76.367","18.0","ZHONGSHAN, AY",,,,,,," -207","H,,S"
"AYM00089573","2020-09-08","-69.367","76.367","18.0","ZHONGSHAN, AY",,,,,,," -229","H,,S"
"AYM00089573","2020-09-09","-69.367","76.367","18.0","ZHONGSHAN, AY",,,,,,," -145","H,,S"
"AYM00089573","2020-09-10","-69.367","76.367","18.0","ZHONGSHAN, AY",,,,,,," -118","H,,S"
"AYM00089573","2020-09-11","-69.367","76.367","18.0","ZHONGSHAN, AY",,,,,,,"  -87","H,,S"
"AYM00089573","2020-09-12","-69.367","76.367","18.0","ZHONGSHAN, AY",,,,,,,"  -63","H,,S"
"AYM00089573","2020-09-13","-69.367","76.367","18.0","ZHONGSHAN, AY",,,,,,,"  -97","H,,S"
"AYM00089573","2020-09-14","-69.367","76.367","18.0","ZHONGSHAN, AY",,,,,,," -168","H,,S"
"AYM00089573","2020-09-15","-69.367","76.367","18.0","ZHONGSHAN, AY",,,,,,," -120","H,,S"
"AYM00089573","2020-09-16","-69.367","76.367","18.0","ZHONGSHAN, AY",,,,,,," -103","H,,S"
"AYM00089573","2020-09-17","-69.367","76.367","18.0","ZHONGSHAN, AY",,,,,,," -118","H,,S"
"AYM00089573","2020-09-18","-69.367","76.367","18.0","ZHONGSHAN, AY",,,,,,," -159","H,,S"
"AYM00089573","2020-09-19","-69.367","76.367","18.0","ZHONGSHAN, AY",,,,,,," -134","H,,S"
"AYM00089573","2020-09-20","-69.367","76.367","18.0","ZHONGSHAN, AY",,,,,,,"  -54","H,,S"
"AYM00089573","2020-09-21","-69.367","76.367","18.0","ZHONGSHAN, AY",,,,,,,"  -59","H,,S"
"AYM00089573","2020-09-22","-69.367","76.367","18.0","ZHONGSHAN, AY",,,,,,,"  -70","H,,S"
"AYM00089573","2020-09-23","-69.367","76.367","18.0","ZHONGSHAN, AY",,,,,,,"  -34","H,,S"
"AYM00089573","2020-09-24","-69.367","76.367","18.0","ZHONGSHAN, AY",,,,,,,"  -68","H,,S"
"AYM00089573","2020-09-25","-69.367","76.367","18.0","ZHONGSHAN, AY",,,,,,,"  -93","H,,S"
"AYM00089573","2020-09-26","-69.367","76.367","18.0","ZHONGSHAN, AY",,,,,,,"  -95","H,,S"
"AYM00089573","2020-09-27","-69.367","76.367","18.0","ZHONGSHAN, AY",,,,,,," -121","H,,S"
"AYM00089573","2020-09-28","-69.367","76.367","18.0","ZHONGSHAN, AY",,,,,,,"  -58","H,,S"
"AYM00089573","2020-09-29","-69.367","76.367","18.0","ZHONGSHAN, AY",,,,,,,"  -53","H,,S"
"AYM00089573","2020-09-30","-69.367","76.367","18.0","ZHONGSHAN, AY",,,,,,," -110","H,,S"
"AYM00089573","2020-10-01","-69.367","76.367","18.0","ZHONGSHAN, AY",,,,,,," -134","H,,S"
"AYM00089573","2020-10-02","-69.367","76.367","18.0","ZHONGSHAN, AY",,,,,,," -202","H,,S"
"AYM00089573","2020-10-03","-69.367","76.367","18.0","ZHONGSHAN, AY",,,,,,," -234","H,,S"
"AYM00089573","2020-10-04","-69.367","76.367","18.0","ZHONGSHAN, AY",,,,,,," -131","H,,S"
"AYM00089573","2020-10-05","-69.367","76.367","18.0","ZHONGSHAN, AY",,,,,,," -111","H,,S"
"AYM00089573","2020-10-06","-69.367","76.367","18.0","ZHONGSHAN, AY",,,,,,,"  -89","H,,S"
"AYM00089573","2020-10-07","-69.367","76.367","18.0","ZHONGSHAN, AY",,,,,,," -103","H,,S"
"AYM00089573","2020-10-08","-69.367","76.367","18.0","ZHONGSHAN, AY",,,,,,," -119","H,,S"
"AYM00089573","2020-10-09","-69.367","76.367","18.0","ZHONGSHAN, AY",,,,,,," -133","H,,S"
"AYM00089573","2020-10-10","-69.367","76.367","18.0","ZHONGSHAN, AY",,,,,,," -118","H,,S"
"AYM00089573","2020-10-11","-69.367","76.367","18.0","ZHONGSHAN, AY",,,,,,," -144","H,,S"
"AYM00089573","2020-10-12","-69.367","76.367","18.0","ZHONGSHAN, AY",,,,,,," -118","H,,S"
"AYM00089573","2020-10-13","-69.367","76.367","18.0","ZHONGSHAN, AY",,,,,,," -115","H,,S"
"AYM00089573","2020-10-14","-69.367","76.367","18.0","ZHONGSHAN, AY",,,,,,,"  -85","H,,S"
"AYM00089573","2020-10-15","-69.367","76.367","18.0","ZHONGSHAN, AY",,,,,,,"  -94","H,,S"
"AYM00089573","2020-10-16","-69.367","76.367","18.0","ZHONGSHAN, AY",,,,,,,"  -81","H,,S"
"AYM00089573","2020-10-17","-69.367","76.367","18.0","ZHONGSHAN, AY",,,,,,,"  -69","H,,S"
"AYM00089573","2020-10-18","-69.367","76.367","18.0","ZHONGSHAN, AY",,,,,,,"  -87","H,,S"
"AYM00089573","2020-10-19","-69.367","76.367","18.0","ZHONGSHAN, AY",,,,,,,"  -73","H,,S"
"AYM00089573","2020-10-20","-69.367","76.367","18.0","ZHONGSHAN, AY",,,,,,,"  -81","H,,S"
"AYM00089573","2020-10-21","-69.367","76.367","18.0","ZHONGSHAN, AY",,,,,,," -132","H,,S"
"AYM00089573","2020-10-22","-69.367","76.367","18.0","ZHONGSHAN, AY",,,,,,,"  -84","H,,S"
"AYM00089573","2020-10-23","-69.367","76.367","18.0","ZHONGSHAN, AY",,,,,,,"  -46","H,,S"
"AYM00089573","2020-10-24","-69.367","76.367","18.0","ZHONGSHAN, AY",,,,,,,"  -36","H,,S"
"AYM00089573","2020-10-25","-69.367","76.367","18.0","ZHONGSHAN, AY",,,,,,,"  -43","H,,S"
"AYM00089573","2020-10-26","-69.367","76.367","18.0","ZHONGSHAN, AY",,,,,,,"  -59","H,,S"
"AYM00089573","2020-10-27","-69.367","76.367","18.0","ZHONGSHAN, AY",,,,,,,"  -84","H,,S"
"AYM00089573","2020-10-28","-69.367","76.367","18.0","ZHONGSHAN, AY",,,,,,,"  -95","H,,S"
"AYM00089573","2020-10-29","-69.367","76.367","18.0","ZHONGSHAN, AY",,,,,,," -138","H,,S"
"AYM00089573","2020-10-30","-69.367","76.367","18.0","ZHONGSHAN, AY",,,,,,," -114","H,,S"
"AYM00089573","2020-10-31","-69.367","76.367","18.0","ZHONGSHAN, AY",,,,,,,"  -72","H,,S"
"AYM00089573","2020-11-01","-69.367","76.367","18.0","ZHONGSHAN, AY",,,,,,,"  -62","H,,S"
"AYM00089573","2020-11-02","-69.367","76.367","18.0","ZHONGSHAN, AY",,,,,,,"  -86","H,,S"
"AYM00089573","2020-11-03","-69.367","76.367","18.0","ZHONGSHAN, AY",,,,,,,"  -60","H,,S"
"AYM00089573","2020-11-04","-69.367","76.367","18.0","ZHONGSHAN, AY",,,,,,,"  -51","H,,S"
"AYM00089573","2020-11-05","-69.367","76.367","18.0","ZHONGSHAN, AY",,,,,,,"  -78","H,,S"
"AYM00089573","2020-11-06","-69.367","76.367","18.0","ZHONGSHAN, AY",,,,,,,"  -92","H,,S"
"AYM00089573","2020-11-07","-69.367","76.367","18.0","ZHONGSHAN, AY",,,,,,,"  -88","H,,S"
"AYM00089573","2020-11-08","-69.367","76.367","18.0","ZHONGSHAN, AY",,,,,,,"  -80","H,,S"
"AYM00089573","2020-11-09","-69.367","76.367","18.0","ZHONGSHAN, AY",,,,,,,"  -34","H,,S"
"AYM00089573","2020-11-10","-69.367","76.367","18.0","ZHONGSHAN, AY",,,,,,,"  -36","H,,S"
"AYM00089573","2020-11-11","-69.367","76.367","18.0","ZHONGSHAN, AY",,,,,,,"  -10","H,,S"
"AYM00089573","2020-11-12","-69.367","76.367","18.0","ZHONGSHAN, AY",,,,,,,"   29","H,,S"
"AYM00089573","2020-11-13","-69.367","76.367","18.0","ZHONGSHAN, AY",,,,,,,"   37","H,,S"
"AYM00089573","2020-11-14","-69.367","76.367","18.0","ZHONGSHAN, AY",,,,,,,"   12","H,,S"
"AYM00089573","2020-11-15","-69.367","76.367","18.0","ZHONGSHAN, AY",,,,,,,"   -3","H,,S"
"AYM00089573","2020-11-17","-69.367","76.367","18.0","ZHONGSHAN, AY",,,,,,,"   -5","H,,S"
"AYM00089573","2020-11-18","-69.367","76.367","18.0","ZHONGSHAN, AY",,,,,,,"  -32","H,,S"
"AYM00089573","2020-11-19","-69.367","76.367","18.0","ZHONGSHAN, AY",,,,,,,"  -11","H,,S"
"AYM00089573","2020-11-20","-69.367","76.367","18.0","ZHONGSHAN, AY",,,,,,,"    9","H,,S"
"AYM00089573","2020-11-21","-69.367","76.367","18.0","ZHONGSHAN, AY",,,,,,,"   -7","H,,S"
"AYM00089573","2020-11-22","-69.367","76.367","18.0","ZHONGSHAN, AY",,,,,,,"  -22","H,,S"
"AYM00089573","2020-11-23","-69.367","76.367","18.0","ZHONGSHAN, AY",,,,,,,"  -29","H,,S"
"AYM00089573","2020-11-24","-69.367","76.367","18.0","ZHONGSHAN, AY",,,,,,,"  -36","H,,S"
"AYM00089573","2020-11-25","-69.367","76.367","18.0","ZHONGSHAN, AY",,,,,,,"  -36","H,,S"
"AYM00089573","2020-11-26","-69.367","76.367","18.0","ZHONGSHAN, AY",,,,,,,"   -4","H,,S"
"AYM00089573","2020-11-27","-69.367","76.367","18.0","ZHONGSHAN, AY",,,,,,,"  -17","H,,S"
"AYM00089573","2020-11-28","-69.367","76.367","18.0","ZHONGSHAN, AY",,,,,,,"  -32","H,,S"
"AYM00089573","2020-11-29","-69.367","76.367","18.0","ZHONGSHAN, AY",,,,,,,"  -29","H,,S"
"AYM00089573","2020-11-30","-69.367","76.367","18.0","ZHONGSHAN, AY",,,,,,,"  -28","H,,S"
"AYM00089573","2020-12-01","-69.367","76.367","18.0","ZHONGSHAN, AY",,,,,,,"  -22","H,,S"
"AYM00089573","2020-12-02","-69.367","76.367","18.0","ZHONGSHAN, AY",,,,,,,"  -28","H,,S"
"AYM00089573","2020-12-03","-69.367","76.367","18.0","ZHONGSHAN, AY",,,,,,,"  -24","H,,S"
"AYM00089573","2020-12-04","-69.367","76.367","18.0","ZHONGSHAN, AY",,,,,,,"  -24","H,,S"
"AYM00089573","2020-12-05","-69.367","76.367","18.0","ZHONGSHAN, AY",,,,,,,"  -12","H,,S"
"AYM00089573","2020-12-06","-69.367","76.367","18.0","ZHONGSHAN, AY",,,,,,,"   -7","H,,S"
"AYM00089573","2020-12-07","-69.367","76.367","18.0","ZHONGSHAN, AY",,,,,,,"    2","H,,S"
"AYM00089573","2020-12-08","-69.367","76.367","18.0","ZHONGSHAN, AY",,,,,,,"  -14","H,,S"
"AYM00089573","2020-12-09","-69.367","76.367","18.0","ZHONGSHAN, AY",,,,,,,"  -33","H,,S"
"AYM00089573","2020-12-10","-69.367","76.367","18.0","ZHONGSHAN, AY",,,,,,,"  -20","H,,S"
"AYM00089573","2020-12-11","-69.367","76.367","18.0","ZHONGSHAN, AY",,,,,,,"  -32","H,,S"
"AYM00089573","2020-12-12","-69.367","76.367","18.0","ZHONGSHAN, AY",,,,,,,"  -38","H,,S"
"AYM00089573","2020-12-13","-69.367","76.367","18.0","ZHONGSHAN, AY",,,,,,,"  -18","H,,S"
"AYM00089573","2020-12-14","-69.367","76.367","18.0","ZHONGSHAN, AY",,,,,,,"  -13","H,,S"
"AYM00089573","2020-12-15","-69.367","76.367","18.0","ZHONGSHAN, AY",,,,,,,"   -7","H,,S"
"AYM00089573","2020-12-16","-69.367","76.367","18.0","ZHONGSHAN, AY",,,,,,,"   -9","H,,S"
"AYM00089573","2020-12-17","-69.367","76.367","18.0","ZHONGSHAN, AY",,,,,,,"    6","H,,S"
"AYM00089573","2020-12-18","-69.367","76.367","18.0","ZHONGSHAN, AY",,,,,,,"    5","H,,S"
"AYM00089573","2020-12-19","-69.367","76.367","18.0","ZHONGSHAN, AY",,,,,,,"   -6","H,,S"
"AYM00089573","2020-12-20","-69.367","76.367","18.0","ZHONGSHAN, AY",,,,,,,"   10","H,,S"
"AYM00089573","2020-12-21","-69.367","76.367","18.0","ZHONGSHAN, AY",,,,,,,"   -4","H,,S"
"AYM00089573","2020-12-22","-69.367","76.367","18.0","ZHONGSHAN, AY",,,,,,,"  -18","H,,S"
"AYM00089573","2020-12-23","-69.367","76.367","18.0","ZHONGSHAN, AY",,,,,,,"    8","H,,S"
"AYM00089573","2020-12-24","-69.367","76.367","18.0","ZHONGSHAN, AY",,,,,,,"   -4","H,,S"
"AYM00089573","2020-12-25","-69.367","76.367","18.0","ZHONGSHAN, AY",,,,,,,"   -3","H,,S"
"AYM00089573","2020-12-26","-69.367","76.367","18.0","ZHONGSHAN, AY",,,,,,,"   10","H,,S"
"AYM00089573","2020-12-27","-69.367","76.367","18.0","ZHONGSHAN, AY",,,,,,,"   10","H,,S"
"AYM00089573","2020-12-28","-69.367","76.367","18.0","ZHONGSHAN, AY",,,,,,,"   18","H,,S"
"AYM00089573","2020-12-29","-69.367","76.367","18.0","ZHONGSHAN, AY",,,,,,,"   27","H,,S"
"AYM00089573","2020-12-30","-69.367","76.367","18.0","ZHONGSHAN, AY",,,,,,,"    2","H,,S"
"AYM00089573","2020-12-31","-69.367","76.367","18.0","ZHONGSHAN, AY",,,,,,,"   11","H,,S"
"AYM00089573","2021-01-01","-69.367","76.367","18.0","ZHONGSHAN, AY",,,,,,,"   -8","H,,S"
"AYM00089573","2021-01-03","-69.367","76.367","18.0","ZHONGSHAN, AY",,,,,,,"   16","H,,S"
"AYM00089573","2021-01-04","-69.367","76.367","18.0","ZHONGSHAN, AY",,,,,,,"    5","H,,S"
"AYM00089573","2021-01-05","-69.367","76.367","18.0","ZHONGSHAN, AY",,,,,,,"    4","H,,S"
"AYM00089573","2021-01-06","-69.367","76.367","18.0","ZHONGSHAN, AY",,,,,,,"   -1","H,,S"
"AYM00089573","2021-01-07","-69.367","76.367","18.0","ZHONGSHAN, AY",,,,,,,"    4","H,,S"
"AYM00089573","2021-01-08","-69.367","76.367","18.0","ZHONGSHAN, AY",,,,,,,"   -1","H,,S"
"AYM00089573","2021-01-09","-69.367","76.367","18.0","ZHONGSHAN, AY",,,,,,,"  -24","H,,S"
"AYM00089573","2021-01-10","-69.367","76.367","18.0","ZHONGSHAN, AY",,,,,,,"  -17","H,,S"
"AYM00089573","2021-01-11","-69.367","76.367","18.0","ZHONGSHAN, AY",,,,,,,"  -10","H,,S"
"AYM00089573","2021-01-12","-69.367","76.367","18.0","ZHONGSHAN, AY",,,,,,,"  -14","H,,S"
"AYM00089573","2021-01-13","-69.367","76.367","18.0","ZHONGSHAN, AY",,,,,,,"  -15","H,,S"
"AYM00089573","2021-01-14","-69.367","76.367","18.0","ZHONGSHAN, AY",,,,,,,"   11","H,,S"
"AYM00089573","2021-01-15","-69.367","76.367","18.0","ZHONGSHAN, AY",,,,,,,"   13","H,,S"
"AYM00089573","2021-01-16","-69.367","76.367","18.0","ZHONGSHAN, AY",,,,,,,"   -2","H,,S"
"AYM00089573","2021-01-17","-69.367","76.367","18.0","ZHONGSHAN, AY",,,,,,,"   -3","H,,S"
"AYM00089573","2021-01-18","-69.367","76.367","18.0","ZHONGSHAN, AY",,,,,,,"   -1","H,,S"
"AYM00089573","2021-01-19","-69.367","76.367","18.0","ZHONGSHAN, AY",,,,,,,"  -27","H,,S"
"AYM00089573","2021-01-20","-69.367","76.367","18.0","ZHONGSHAN, AY",,,,,,,"  -41","H,,S"
"AYM00089573","2021-01-21","-69.367","76.367","18.0","ZHONGSHAN, AY",,,,,,,"  -22","H,,S"
"AYM00089573","2021-01-22","-69.367","76.367","18.0","ZHONGSHAN, AY",,,,,,,"  -26","H,,S"
"AYM00089573","2021-01-23","-69.367","76.367","18.0","ZHONGSHAN, AY",,,,,,,"   11","H,,S"
"AYM00089573","2021-01-24","-69.367","76.367","18.0","ZHONGSHAN, AY",,,,,,,"   29","H,,S"
"AYM00089573","2021-01-26","-69.367","76.367","18.0","ZHONGSHAN, AY",,,,,,,"   47","H,,S"
"AYM00089573","2021-01-27","-69.367","76.367","18.0","ZHONGSHAN, AY",,,,,,,"    2","H,,S"
"AYM00089573","2021-01-28","-69.367","76.367","18.0","ZHONGSHAN, AY",,,,,,,"  -29","H,,S"
"AYM00089573","2021-01-29","-69.367","76.367","18.0","ZHONGSHAN, AY",,,,,,,"   -1","H,,S"
"AYM00089573","2021-01-30","-69.367","76.367","18.0","ZHONGSHAN, AY",,,,,,,"    3","H,,S"
"AYM00089573","2021-01-31","-69.367","76.367","18.0","ZHONGSHAN, AY",,,,,,,"   -6","H,,S"
"AYM00089573","2021-02-01","-69.367","76.367","18.0","ZHONGSHAN, AY",,,,,,,"  -12","H,,S"
"AYM00089573","2021-02-02","-69.367","76.367","18.0","ZHONGSHAN, AY",,,,,,,"   -7","H,,S"
"AYM00089573","2021-02-03","-69.367","76.367","18.0","ZHONGSHAN, AY",,,,,,,"  -21","H,,S"
"AYM00089573","2021-02-04","-69.367","76.367","18.0","ZHONGSHAN, AY",,,,,,,"  -18","H,,S"
"AYM00089573","2021-02-05","-69.367","76.367","18.0","ZHONGSHAN, AY",,,,,,,"  -26","H,,S"
"AYM00089573","2021-02-06","-69.367","76.367","18.0","ZHONGSHAN, AY",,,,,,,"  -32","H,,S"
"AYM00089573","2021-02-07","-69.367","76.367","18.0","ZHONGSHAN, AY",,,,,,,"  -29","H,,S"
"AYM00089573","2021-02-08","-69.367","76.367","18.0","ZHONGSHAN, AY",,,,,,,"  -31","H,,S"
"AYM00089573","2021-02-09","-69.367","76.367","18.0","ZHONGSHAN, AY",,,,,,,"  -33","H,,S"
"AYM00089573","2021-02-14","-69.367","76.367","18.0","ZHONGSHAN, AY",,,,,,,"  -49","H,,S"
"AYM00089573","2021-02-15","-69.367","76.367","18.0","ZHONGSHAN, AY",,,,,,,"  -47","H,,S"
"AYM00089573","2021-02-16","-69.367","76.367","18.0","ZHONGSHAN, AY",,,,,,,"  -62","H,,S"
"AYM00089573","2021-02-17","-69.367","76.367","18.0","ZHONGSHAN, AY",,,,,,,"  -43","H,,S"
"AYM00089573","2021-02-18","-69.367","76.367","18.0","ZHONGSHAN, AY",,,,,,,"  -34","H,,S"
"AYM00089573","2021-02-21","-69.367","76.367","18.0","ZHONGSHAN, AY",,,,,,,"  -16","H,,S"
"AYM00089573","2021-02-22","-69.367","76.367","18.0","ZHONGSHAN, AY",,,,,,,"  -25","H,,S"
"AYM00089573","2021-02-23","-69.367","76.367","18.0","ZHONGSHAN, AY",,,,,,,"  -16","H,,S"
"AYM00089573","2021-02-24","-69.367","76.367","18.0","ZHONGSHAN, AY",,,,,,,"  -17","H,,S"
"AYM00089573","2021-02-25","-69.367","76.367","18.0","ZHONGSHAN, AY",,,,,,,"  -31","H,,S"
"AYM00089573","2021-02-26","-69.367","76.367","18.0","ZHONGSHAN, AY",,,,,,,"  -61","H,,S"
"AYM00089573","2021-02-27","-69.367","76.367","18.0","ZHONGSHAN, AY",,,,,,,"  -54","H,,S"
"AYM00089573","2021-02-28","-69.367","76.367","18.0","ZHONGSHAN, AY",,,,,,,"  -31","H,,S"
"AYM00089573","2021-03-01","-69.367","76.367","18.0","ZHONGSHAN, AY",,,,,,,"  -22","H,,S"
"AYM00089573","2021-03-02","-69.367","76.367","18.0","ZHONGSHAN, AY",,,,,,,"  -33","H,,S"
"AYM00089573","2021-03-03","-69.367","76.367","18.0","ZHONGSHAN, AY",,,,,,,"  -32","H,,S"
"AYM00089573","2021-03-04","-69.367","76.367","18.0","ZHONGSHAN, AY",,,,,,,"  -32","H,,S"
"AYM00089573","2021-03-05","-69.367","76.367","18.0","ZHONGSHAN, AY",,,,,,,"   -8","H,,S"
"AYM00089573","2021-03-06","-69.367","76.367","18.0","ZHONGSHAN, AY",,,,,,,"   -9","H,,S"
"AYM00089573","2021-03-07","-69.367","76.367","18.0","ZHONGSHAN, AY",,,,,,,"  -31","H,,S"
"AYM00089573","2021-03-08","-69.367","76.367","18.0","ZHONGSHAN, AY",,,,,,,"  -61","H,,S"
"AYM00089573","2021-03-09","-69.367","76.367","18.0","ZHONGSHAN, AY",,,,,,,"  -53","H,,S"
"AYM00089573","2021-03-10","-69.367","76.367","18.0","ZHONGSHAN, AY",,,,,,,"  -68","H,,S"
"AYM00089573","2021-03-11","-69.367","76.367","18.0","ZHONGSHAN, AY",,,,,,,"  -87","H,,S"
"AYM00089573","2021-03-12","-69.367","76.367","18.0","ZHONGSHAN, AY",,,,,,,"  -84","H,,S"
"AYM00089573","2021-03-13","-69.367","76.367","18.0","ZHONGSHAN, AY",,,,,,,"  -52","H,,S"
"AYM00089573","2021-03-14","-69.367","76.367","18.0","ZHONGSHAN, AY",,,,,,,"  -54","H,,S"
"AYM00089573","2021-03-15","-69.367","76.367","18.0","ZHONGSHAN, AY",,,,,,,"  -78","H,,S"
"AYM00089573","2021-03-16","-69.367","76.367","18.0","ZHONGSHAN, AY",,,,,,," -113","H,,S"
"AYM00089573","2021-03-17","-69.367","76.367","18.0","ZHONGSHAN, AY",,,,,,," -128","H,,S"
"AYM00089573","2021-03-18","-69.367","76.367","18.0","ZHONGSHAN, AY",,,,,,," -136","H,,S"
"AYM00089573","2021-03-19","-69.367","76.367","18.0","ZHONGSHAN, AY",,,,,,," -119","H,,S"
"AYM00089573","2021-03-20","-69.367","76.367","18.0","ZHONGSHAN, AY",,,,,,," -125","H,,S"
"AYM00089573","2021-03-21","-69.367","76.367","18.0","ZHONGSHAN, AY",,,,,,," -160","H,,S"
"AYM00089573","2021-03-22","-69.367","76.367","18.0","ZHONGSHAN, AY",,,,,,," -166","H,,S"
"AYM00089573","2021-03-23","-69.367","76.367","18.0","ZHONGSHAN, AY",,,,,,," -171","H,,S"
"AYM00089573","2021-03-24","-69.367","76.367","18.0","ZHONGSHAN, AY",,,,,,,"  -88","H,,S"
"AYM00089573","2021-03-25","-69.367","76.367","18.0","ZHONGSHAN, AY",,,,,,,"  -42","H,,S"
"AYM00089573","2021-03-26","-69.367","76.367","18.0","ZHONGSHAN, AY",,,,,,,"  -24","H,,S"
"AYM00089573","2021-03-27","-69.367","76.367","18.0","ZHONGSHAN, AY",,,,,,,"  -34","H,,S"
"AYM00089573","2021-03-28","-69.367","76.367","18.0","ZHONGSHAN, AY",,,,,,,"  -33","H,,S"
"AYM00089573","2021-03-29","-69.367","76.367","18.0","ZHONGSHAN, AY",,,,,,,"  -67","H,,S"
"AYM00089573","2021-03-30","-69.367","76.367","18.0","ZHONGSHAN, AY",,,,,,," -119","H,,S"
"AYM00089573","2021-03-31","-69.367","76.367","18.0","ZHONGSHAN, AY",,,,,,,"  -70","H,,S"
"AYM00089573","2021-04-01","-69.367","76.367","18.0","ZHONGSHAN, AY",,,,,,,"  -88","H,,S"
"AYM00089573","2021-04-02","-69.367","76.367","18.0","ZHONGSHAN, AY",,,,,,,"  -71","H,,S"
"AYM00089573","2021-04-03","-69.367","76.367","18.0","ZHONGSHAN, AY",,,,,,,"  -61","H,,S"
"AYM00089573","2021-04-04","-69.367","76.367","18.0","ZHONGSHAN, AY",,,,,,,"  -68","H,,S"
"AYM00089573","2021-04-05","-69.367","76.367","18.0","ZHONGSHAN, AY",,,,,,,"  -75","H,,S"
"AYM00089573","2021-04-06","-69.367","76.367","18.0","ZHONGSHAN, AY",,,,,,,"  -76","H,,S"
"AYM00089573","2021-04-07","-69.367","76.367","18.0","ZHONGSHAN, AY",,,,,,,"  -88","H,,S"
"AYM00089573","2021-04-08","-69.367","76.367","18.0","ZHONGSHAN, AY",,,,,,," -120","H,,S"
"AYM00089573","2021-04-09","-69.367","76.367","18.0","ZHONGSHAN, AY",,,,,,," -135","H,,S"
"AYM00089573","2021-04-11","-69.367","76.367","18.0","ZHONGSHAN, AY",,,,,,," -181","H,,S"
"AYM00089573","2021-04-12","-69.367","76.367","18.0","ZHONGSHAN, AY",,,,,,," -158","H,,S"
"AYM00089573","2021-04-13","-69.367","76.367","18.0","ZHONGSHAN, AY",,,,,,,"  -65","H,,S"
"AYM00089573","2021-04-14","-69.367","76.367","18.0","ZHONGSHAN, AY",,,,,,,"  -55","H,,S"
"AYM00089573","2021-04-15","-69.367","76.367","18.0","ZHONGSHAN, AY",,,,,,,"  -72","H,,S"
"AYM00089573","2021-04-16","-69.367","76.367","18.0","ZHONGSHAN, AY",,,,,,," -142","H,,S"
"AYM00089573","2021-04-17","-69.367","76.367","18.0","ZHONGSHAN, AY",,,,,,," -176","H,,S"
"AYM00089573","2021-04-18","-69.367","76.367","18.0","ZHONGSHAN, AY",,,,,,," -108","H,,S"
"AYM00089573","2021-04-19","-69.367","76.367","18.0","ZHONGSHAN, AY",,,,,,,"  -93","H,,S"
"AYM00089573","2021-04-20","-69.367","76.367","18.0","ZHONGSHAN, AY",,,,,,," -111","H,,S"
"AYM00089573","2021-04-21","-69.367","76.367","18.0","ZHONGSHAN, AY",,,,,,,"  -94","H,,S"
"AYM00089573","2021-04-22","-69.367","76.367","18.0","ZHONGSHAN, AY",,,,,,,"  -60","H,,S"
"AYM00089573","2021-04-23","-69.367","76.367","18.0","ZHONGSHAN, AY",,,,,,,"  -92","H,,S"
"AYM00089573","2021-04-24","-69.367","76.367","18.0","ZHONGSHAN, AY",,,,,,," -121","H,,S"
"AYM00089573","2021-04-25","-69.367","76.367","18.0","ZHONGSHAN, AY",,,,,,," -145","H,,S"
"AYM00089573","2021-04-26","-69.367","76.367","18.0","ZHONGSHAN, AY",,,,,,," -163","H,,S"
"AYM00089573","2021-04-27","-69.367","76.367","18.0","ZHONGSHAN, AY",,,,,,," -179","H,,S"
"AYM00089573","2021-04-28","-69.367","76.367","18.0","ZHONGSHAN, AY",,,,,,," -158","H,,S"
"AYM00089573","2021-04-29","-69.367","76.367","18.0","ZHONGSHAN, AY",,,,,,," -173","H,,S"
"AYM00089573","2021-04-30","-69.367","76.367","18.0","ZHONGSHAN, AY",,,,,,," -195","H,,S"
"AYM00089573","2021-05-01","-69.367","76.367","18.0","ZHONGSHAN, AY",,,,,,," -207","H,,S"
"AYM00089573","2021-05-02","-69.367","76.367","18.0","ZHONGSHAN, AY",,,,,,," -112","H,,S"
"AYM00089573","2021-05-03","-69.367","76.367","18.0","ZHONGSHAN, AY",,,,,,,"  -97","H,,S"
"AYM00089573","2021-05-04","-69.367","76.367","18.0","ZHONGSHAN, AY",,,,,,," -123","H,,S"
"AYM00089573","2021-05-05","-69.367","76.367","18.0","ZHONGSHAN, AY",,,,,,," -172","H,,S"
"AYM00089573","2021-05-06","-69.367","76.367","18.0","ZHONGSHAN, AY",,,,,,," -188","H,,S"
"AYM00089573","2021-05-07","-69.367","76.367","18.0","ZHONGSHAN, AY",,,,,,," -197","H,,S"
"AYM00089573","2021-05-08","-69.367","76.367","18.0","ZHONGSHAN, AY",,,,,,," -198","H,,S"
"AYM00089573","2021-05-09","-69.367","76.367","18.0","ZHONGSHAN, AY",,,,,,," -244","H,,S"
"AYM00089573","2021-05-11","-69.367","76.367","18.0","ZHONGSHAN, AY",,,,,,," -159","H,,S"
"AYM00089573","2021-05-12","-69.367","76.367","18.0","ZHONGSHAN, AY",,,,,,," -176","H,,S"
"AYM00089573","2021-05-13","-69.367","76.367","18.0","ZHONGSHAN, AY",,,,,,," -173","H,,S"
"AYM00089573","2021-05-14","-69.367","76.367","18.0","ZHONGSHAN, AY",,,,,,," -126","H,,S"
"AYM00089573","2021-05-15","-69.367","76.367","18.0","ZHONGSHAN, AY",,,,,,,"  -96","H,,S"
"AYM00089573","2021-05-16","-69.367","76.367","18.0","ZHONGSHAN, AY",,,,,,,"  -62","H,,S"
"AYM00089573","2021-05-17","-69.367","76.367","18.0","ZHONGSHAN, AY",,,,,,,"  -81","H,,S"
"AYM00089573","2021-05-18","-69.367","76.367","18.0","ZHONGSHAN, AY",,,,,,," -131","H,,S"
"AYM00089573","2021-05-19","-69.367","76.367","18.0","ZHONGSHAN, AY",,,,,,," -159","H,,S"
"AYM00089573","2021-05-20","-69.367","76.367","18.0","ZHONGSHAN, AY",,,,,,," -227","H,,S"
"AYM00089573","2021-05-21","-69.367","76.367","18.0","ZHONGSHAN, AY",,,,,,," -252","H,,S"
"AYM00089573","2021-05-22","-69.367","76.367","18.0","ZHONGSHAN, AY",,,,,,," -317","H,,S"
"AYM00089573","2021-05-23","-69.367","76.367","18.0","ZHONGSHAN, AY",,,,,,," -146","H,,S"
"AYM00089573","2021-05-24","-69.367","76.367","18.0","ZHONGSHAN, AY",,,,,,,"  -83","H,,S"
"AYM00089573","2021-05-25","-69.367","76.367","18.0","ZHONGSHAN, AY",,,,,,," -109","H,,S"
"AYM00089573","2021-05-26","-69.367","76.367","18.0","ZHONGSHAN, AY",,,,,,," -144","H,,S"
"AYM00089573","2021-05-27","-69.367","76.367","18.0","ZHONGSHAN, AY",,,,,,," -216","H,,S"
"AYM00089573","2021-05-28","-69.367","76.367","18.0","ZHONGSHAN, AY",,,,,,," -247","H,,S"
"AYM00089573","2021-05-29","-69.367","76.367","18.0","ZHONGSHAN, AY",,,,,,," -216","H,,S"
"AYM00089573","2021-05-30","-69.367","76.367","18.0","ZHONGSHAN, AY",,,,,,," -124","H,,S"
"AYM00089573","2021-05-31","-69.367","76.367","18.0","ZHONGSHAN, AY",,,,,,,"  -81","H,,S"
"AYM00089573","2021-06-01","-69.367","76.367","18.0","ZHONGSHAN, AY",,,,,,," -114","H,,S"
"AYM00089573","2021-06-02","-69.367","76.367","18.0","ZHONGSHAN, AY",,,,,,," -147","H,,S"
"AYM00089573","2021-06-03","-69.367","76.367","18.0","ZHONGSHAN, AY",,,,,,," -169","H,,S"
"AYM00089573","2021-06-04","-69.367","76.367","18.0","ZHONGSHAN, AY",,,,,,," -196","H,,S"
"AYM00089573","2021-06-05","-69.367","76.367","18.0","ZHONGSHAN, AY",,,,,,," -193","H,,S"
"AYM00089573","2021-06-06","-69.367","76.367","18.0","ZHONGSHAN, AY",,,,,,," -121","H,,S"
"AYM00089573","2021-06-07","-69.367","76.367","18.0","ZHONGSHAN, AY",,,,,,,"  -87","H,,S"
"AYM00089573","2021-06-08","-69.367","76.367","18.0","ZHONGSHAN, AY",,,,,,," -108","H,,S"
"AYM00089573","2021-06-09","-69.367","76.367","18.0","ZHONGSHAN, AY",,,,,,," -154","H,,S"
"AYM00089573","2021-06-10","-69.367","76.367","18.0","ZHONGSHAN, AY",,,,,,," -169","H,,S"
"AYM00089573","2021-06-11","-69.367","76.367","18.0","ZHONGSHAN, AY",,,,,,," -159","H,,S"
"AYM00089573","2021-06-12","-69.367","76.367","18.0","ZHONGSHAN, AY",,,,,,," -217","H,,S"
"AYM00089573","2021-06-13","-69.367","76.367","18.0","ZHONGSHAN, AY",,,,,,," -217","H,,S"
"AYM00089573","2021-06-14","-69.367","76.367","18.0","ZHONGSHAN, AY",,,,,,," -137","H,,S"
"AYM00089573","2021-06-15","-69.367","76.367","18.0","ZHONGSHAN, AY",,,,,,," -215","H,,S"
"AYM00089573","2021-06-16","-69.367","76.367","18.0","ZHONGSHAN, AY",,,,,,," -108","H,,S"
"AYM00089573","2021-06-17","-69.367","76.367","18.0","ZHONGSHAN, AY",,,,,,," -138","H,,S"
"AYM00089573","2021-06-18","-69.367","76.367","18.0","ZHONGSHAN, AY",,,,,,," -179","H,,S"
"AYM00089573","2021-06-19","-69.367","76.367","18.0","ZHONGSHAN, AY",,,,,,," -128","H,,S"
"AYM00089573","2021-06-20","-69.367","76.367","18.0","ZHONGSHAN, AY",,,,,,," -139","H,,S"
"AYM00089573","2021-06-21","-69.367","76.367","18.0","ZHONGSHAN, AY",,,,,,," -120","H,,S"
"AYM00089573","2021-06-22","-69.367","76.367","18.0","ZHONGSHAN, AY",,,,,,," -160","H,,S"
"AYM00089573","2021-06-24","-69.367","76.367","18.0","ZHONGSHAN, AY",,,,,,," -230","H,,S"
"AYM00089573","2021-06-25","-69.367","76.367","18.0","ZHONGSHAN, AY",,,,,,," -154","H,,S"
"AYM00089573","2021-06-26","-69.367","76.367","18.0","ZHONGSHAN, AY",,,,,,," -191","H,,S"
"AYM00089573","2021-07-07","-69.367","76.367","18.0","ZHONGSHAN, AY",,,,,,,"  -65","H,,S"
"AYM00089573","2021-07-08","-69.367","76.367","18.0","ZHONGSHAN, AY",,,,,,,"  -76","H,,S"
"AYM00089573","2021-07-09","-69.367","76.367","18.0","ZHONGSHAN, AY",,,,,,,"  -89","H,,S"
"AYM00089573","2021-07-10","-69.367","76.367","18.0","ZHONGSHAN, AY",,,,,,," -164","H,,S"
"AYM00089573","2021-07-12","-69.367","76.367","18.0","ZHONGSHAN, AY",,,,,,,"  -84","H,,S"
"AYM00089573","2021-07-13","-69.367","76.367","18.0","ZHONGSHAN, AY",,,,,,," -108","H,,S"
"AYM00089573","2021-07-14","-69.367","76.367","18.0","ZHONGSHAN, AY",,,,,,," -153","H,,S"
"AYM00089573","2021-07-15","-69.367","76.367","18.0","ZHONGSHAN, AY",,,,,,," -185","H,,S"
"AYM00089573","2021-07-16","-69.367","76.367","18.0","ZHONGSHAN, AY",,,,,,," -263","H,,S"
"AYM00089573","2021-07-17","-69.367","76.367","18.0","ZHONGSHAN, AY",,,,,,," -167","H,,S"
"AYM00089573","2021-07-18","-69.367","76.367","18.0","ZHONGSHAN, AY",,,,,,," -106","H,,S"
"AYM00089573","2021-07-19","-69.367","76.367","18.0","ZHONGSHAN, AY",,,,,,,"  -99","H,,S"
"AYM00089573","2021-07-20","-69.367","76.367","18.0","ZHONGSHAN, AY",,,,,,," -117","H,,S"
"AYM00089573","2021-07-21","-69.367","76.367","18.0","ZHONGSHAN, AY",,,,,,," -124","H,,S"
"AYM00089573","2021-07-22","-69.367","76.367","18.0","ZHONGSHAN, AY",,,,,,," -160","H,,S"
"AYM00089573","2021-07-23","-69.367","76.367","18.0","ZHONGSHAN, AY",,,,,,," -193","H,,S"
"AYM00089573","2021-07-24","-69.367","76.367","18.0","ZHONGSHAN, AY",,,,,,," -206","H,,S"
"AYM00089573","2021-07-25","-69.367","76.367","18.0","ZHONGSHAN, AY",,,,,,," -243","H,,S"
"AYM00089573","2021-07-26","-69.367","76.367","18.0","ZHONGSHAN, AY",,,,,,," -238","H,,S"
"AYM00089573","2021-07-27","-69.367","76.367","18.0","ZHONGSHAN, AY",,,,,,," -133","H,,S"
"AYM00089573","2021-07-28","-69.367","76.367","18.0","ZHONGSHAN, AY",,,,,,," -136","H,,S"
"AYM00089573","2021-07-29","-69.367","76.367","18.0","ZHONGSHAN, AY",,,,,,," -198","H,,S"
"AYM00089573","2021-07-30","-69.367","76.367","18.0","ZHONGSHAN, AY",,,,,,," -216","H,,S"
"AYM00089573","2021-07-31","-69.367","76.367","18.0","ZHONGSHAN, AY",,,,,,," -213","H,,S"
"AYM00089573","2021-08-01","-69.367","76.367","18.0","ZHONGSHAN, AY",,,,,,," -118","H,,S"
"AYM00089573","2021-08-02","-69.367","76.367","18.0","ZHONGSHAN, AY",,,,,,," -104","H,,S"
"AYM00089573","2021-08-03","-69.367","76.367","18.0","ZHONGSHAN, AY",,,,,,," -108","H,,S"
"AYM00089573","2021-08-04","-69.367","76.367","18.0","ZHONGSHAN, AY",,,,,,," -128","H,,S"
"AYM00089573","2021-08-05","-69.367","76.367","18.0","ZHONGSHAN, AY",,,,,,," -178","H,,S"
"AYM00089573","2021-08-06","-69.367","76.367","18.0","ZHONGSHAN, AY",,,,,,," -237","H,,S"
"AYM00089573","2021-08-07","-69.367","76.367","18.0","ZHONGSHAN, AY",,,,,,," -186","H,,S"
"AYM00089573","2021-08-08","-69.367","76.367","18.0","ZHONGSHAN, AY",,,,,,," -174","H,,S"
"AYM00089573","2021-08-09","-69.367","76.367","18.0","ZHONGSHAN, AY",,,,,,," -169","H,,S"
"AYM00089573","2021-08-10","-69.367","76.367","18.0","ZHONGSHAN, AY",,,,,,," -160","H,,S"
"AYM00089573","2021-08-11","-69.367","76.367","18.0","ZHONGSHAN, AY",,,,,,," -195","H,,S"
"AYM00089573","2021-08-12","-69.367","76.367","18.0","ZHONGSHAN, AY",,,,,,," -156","H,,S"
"AYM00089573","2021-08-13","-69.367","76.367","18.0","ZHONGSHAN, AY",,,,,,,"  -99","H,,S"
"AYM00089573","2021-08-14","-69.367","76.367","18.0","ZHONGSHAN, AY",,,,,,," -137","H,,S"
"AYM00089573","2021-08-15","-69.367","76.367","18.0","ZHONGSHAN, AY",,,,,,," -167","H,,S"
"AYM00089573","2021-08-16","-69.367","76.367","18.0","ZHONGSHAN, AY",,,,,,," -100","H,,S"
"AYM00089573","2021-08-17","-69.367","76.367","18.0","ZHONGSHAN, AY",,,,,,,"  -73","H,,S"
"AYM00089573","2021-08-18","-69.367","76.367","18.0","ZHONGSHAN, AY",,,,,,,"  -81","H,,S"
"AYM00089573","2021-08-19","-69.367","76.367","18.0","ZHONGSHAN, AY",,,,,,,"  -73","H,,S"
"AYM00089573","2021-08-20","-69.367","76.367","18.0","ZHONGSHAN, AY",,,,,,,"  -84","H,,S"
"AYM00089573","2021-08-21","-69.367","76.367","18.0","ZHONGSHAN, AY",,,,,,,"  -81","H,,S"
"AYM00089573","2021-08-22","-69.367","76.367","18.0","ZHONGSHAN, AY",,,,,,," -114","H,,S"
"AYM00089573","2021-08-23","-69.367","76.367","18.0","ZHONGSHAN, AY",,,,,,," -123","H,,S"
"AYM00089573","2021-08-24","-69.367","76.367","18.0","ZHONGSHAN, AY",,,,,,," -109","H,,S"
"AYM00089573","2021-08-25","-69.367","76.367","18.0","ZHONGSHAN, AY",,,,,,,"  -80","H,,S"
"AYM00089573","2021-08-26","-69.367","76.367","18.0","ZHONGSHAN, AY",,,,,,,"  -72","H,,S"
"AYM00089573","2021-08-27","-69.367","76.367","18.0","ZHONGSHAN, AY",,,,,,,"  -75","H,,S"
"AYM00089573","2021-08-28","-69.367","76.367","18.0","ZHONGSHAN, AY",,,,,,,"  -86","H,,S"
"AYM00089573","2021-08-29","-69.367","76.367","18.0","ZHONGSHAN, AY",,,,,,," -104","H,,S"
"AYM00089573","2021-08-30","-69.367","76.367","18.0","ZHONGSHAN, AY",,,,,,," -113","H,,S"
"AYM00089573","2021-08-31","-69.367","76.367","18.0","ZHONGSHAN, AY",,,,,,," -178","H,,S"
"AYM00089573","2021-09-01","-69.367","76.367","18.0","ZHONGSHAN, AY",,,,,,," -165","H,,S"
"AYM00089573","2021-09-02","-69.367","76.367","18.0","ZHONGSHAN, AY",,,,,,,"  -74","H,,S"
"AYM00089573","2021-09-03","-69.367","76.367","18.0","ZHONGSHAN, AY",,,,,,," -133","H,,S"
"AYM00089573","2021-09-04","-69.367","76.367","18.0","ZHONGSHAN, AY",,,,,,," -174","H,,S"
"AYM00089573","2021-09-05","-69.367","76.367","18.0","ZHONGSHAN, AY",,,,,,," -186","H,,S"
"AYM00089573","2021-09-06","-69.367","76.367","18.0","ZHONGSHAN, AY",,,,,,," -193","H,,S"
"AYM00089573","2021-09-07","-69.367","76.367","18.0","ZHONGSHAN, AY",,,,,,," -184","H,,S"
"AYM00089573","2021-09-08","-69.367","76.367","18.0","ZHONGSHAN, AY",,,,,,," -152","H,,S"
"AYM00089573","2021-09-09","-69.367","76.367","18.0","ZHONGSHAN, AY",,,,,,," -153","H,,S"
"AYM00089573","2021-09-10","-69.367","76.367","18.0","ZHONGSHAN, AY",,,,,,," -113","H,,S"
"AYM00089573","2021-09-11","-69.367","76.367","18.0","ZHONGSHAN, AY",,,,,,,"  -87","H,,S"
"AYM00089573","2021-09-12","-69.367","76.367","18.0","ZHONGSHAN, AY",,,,,,," -107","H,,S"
"AYM00089573","2021-09-13","-69.367","76.367","18.0","ZHONGSHAN, AY",,,,,,,"  -87","H,,S"
"AYM00089573","2021-09-14","-69.367","76.367","18.0","ZHONGSHAN, AY",,,,,,,"  -53","H,,S"
"AYM00089573","2021-09-15","-69.367","76.367","18.0","ZHONGSHAN, AY",,,,,,,"  -60","H,,S"
"AYM00089573","2021-09-16","-69.367","76.367","18.0","ZHONGSHAN, AY",,,,,,,"  -57","H,,S"
"AYM00089573","2021-09-17","-69.367","76.367","18.0","ZHONGSHAN, AY",,,,,,,"  -97","H,,S"
"AYM00089573","2021-09-18","-69.367","76.367","18.0","ZHONGSHAN, AY",,,,,,," -126","H,,S"
"AYM00089573","2021-09-19","-69.367","76.367","18.0","ZHONGSHAN, AY",,,,,,," -139","H,,S"
"AYM00089573","2021-09-20","-69.367","76.367","18.0","ZHONGSHAN, AY",,,,,,," -154","H,,S"
"AYM00089573","2021-09-21","-69.367","76.367","18.0","ZHONGSHAN, AY",,,,,,," -168","H,,S"
"AYM00089573","2021-09-22","-69.367","76.367","18.0","ZHONGSHAN, AY",,,,,,," -194","H,,S"
"AYM00089573","2021-09-23","-69.367","76.367","18.0","ZHONGSHAN, AY",,,,,,," -177","H,,S"
"AYM00089573","2021-09-24","-69.367","76.367","18.0","ZHONGSHAN, AY",,,,,,," -154","H,,S"
"AYM00089573","2021-09-25","-69.367","76.367","18.0","ZHONGSHAN, AY",,,,,,," -173","H,,S"
"AYM00089573","2021-09-26","-69.367","76.367","18.0","ZHONGSHAN, AY",,,,,,," -112","H,,S"
"AYM00089573","2021-09-27","-69.367","76.367","18.0","ZHONGSHAN, AY",,,,,,," -124","H,,S"
"AYM00089573","2021-09-28","-69.367","76.367","18.0","ZHONGSHAN, AY",,,,,,," -156","H,,S"
"AYM00089573","2021-09-29","-69.367","76.367","18.0","ZHONGSHAN, AY",,,,,,," -238","H,,S"
"AYM00089573","2021-09-30","-69.367","76.367","18.0","ZHONGSHAN, AY",,,,,,," -160","H,,S"
"AYM00089573","2021-10-01","-69.367","76.367","18.0","ZHONGSHAN, AY",,,,,,,"  -76","H,,S"
"AYM00089573","2021-10-02","-69.367","76.367","18.0","ZHONGSHAN, AY",,,,,,,"  -75","H,,S"
"AYM00089573","2021-10-03","-69.367","76.367","18.0","ZHONGSHAN, AY",,,,,,," -117","H,,S"
"AYM00089573","2021-10-04","-69.367","76.367","18.0","ZHONGSHAN, AY",,,,,,,"  -98","H,,S"
"AYM00089573","2021-10-05","-69.367","76.367","18.0","ZHONGSHAN, AY",,,,,,,"  -68","H,,S"
"AYM00089573","2021-10-06","-69.367","76.367","18.0","ZHONGSHAN, AY",,,,,,,"  -32","H,,S"
"AYM00089573","2021-10-07","-69.367","76.367","18.0","ZHONGSHAN, AY",,,,,,,"  -45","H,,S"
"AYM00089573","2021-10-08","-69.367","76.367","18.0","ZHONGSHAN, AY",,,,,,,"  -58","H,,S"
"AYM00089573","2021-10-09","-69.367","76.367","18.0","ZHONGSHAN, AY",,,,,,," -107","H,,S"
"AYM00089573","2021-10-10","-69.367","76.367","18.0","ZHONGSHAN, AY",,,,,,,"  -99","H,,S"
"AYM00089573","2021-10-11","-69.367","76.367","18.0","ZHONGSHAN, AY",,,,,,," -123","H,,S"
"AYM00089573","2021-10-12","-69.367","76.367","18.0","ZHONGSHAN, AY",,,,,,,"  -92","H,,S"
"AYM00089573","2021-10-13","-69.367","76.367","18.0","ZHONGSHAN, AY",,,,,,,"  -32","H,,S"
"AYM00089573","2021-10-14","-69.367","76.367","18.0","ZHONGSHAN, AY",,,,,,,"  -92","H,,S"
"AYM00089573","2021-10-15","-69.367","76.367","18.0","ZHONGSHAN, AY",,,,,,," -103","H,,S"
"AYM00089573","2021-10-16","-69.367","76.367","18.0","ZHONGSHAN, AY",,,,,,,"  -83","H,,S"
"AYM00089573","2021-10-17","-69.367","76.367","18.0","ZHONGSHAN, AY",,,,,,,"  -45","H,,S"
"AYM00089573","2021-10-18","-69.367","76.367","18.0","ZHONGSHAN, AY",,,,,,,"  -49","H,,S"
"AYM00089573","2021-10-19","-69.367","76.367","18.0","ZHONGSHAN, AY",,,,,,,"  -74","H,,S"
"AYM00089573","2021-10-20","-69.367","76.367","18.0","ZHONGSHAN, AY",,,,,,,"  -93","H,,S"
"AYM00089573","2021-10-21","-69.367","76.367","18.0","ZHONGSHAN, AY",,,,,,,"  -86","H,,S"
"AYM00089573","2021-10-22","-69.367","76.367","18.0","ZHONGSHAN, AY",,,,,,,"  -93","H,,S"
"AYM00089573","2021-10-23","-69.367","76.367","18.0","ZHONGSHAN, AY",,,,,,," -144","H,,S"
"AYM00089573","2021-10-24","-69.367","76.367","18.0","ZHONGSHAN, AY",,,,,,," -159","H,,S"
"AYM00089573","2021-10-25","-69.367","76.367","18.0","ZHONGSHAN, AY",,,,,,,"  -48","H,,S"
"AYM00089573","2021-10-26","-69.367","76.367","18.0","ZHONGSHAN, AY",,,,,,,"  -43","H,,S"
"AYM00089573","2021-10-27","-69.367","76.367","18.0","ZHONGSHAN, AY",,,,,,,"  -57","H,,S"
"AYM00089573","2021-10-28","-69.367","76.367","18.0","ZHONGSHAN, AY",,,,,,," -109","H,,S"
"AYM00089573","2021-10-30","-69.367","76.367","18.0","ZHONGSHAN, AY",,,,,,," -101","H,,S"
"AYM00089573","2021-10-31","-69.367","76.367","18.0","ZHONGSHAN, AY",,,,,,," -106","H,,S"
"AYM00089573","2021-11-01","-69.367","76.367","18.0","ZHONGSHAN, AY",,,,,,," -114","H,,S"
"AYM00089573","2021-11-02","-69.367","76.367","18.0","ZHONGSHAN, AY",,,,,,," -113","H,,S"
"AYM00089573","2021-11-03","-69.367","76.367","18.0","ZHONGSHAN, AY",,,,,,,"  -93","H,,S"
"AYM00089573","2021-11-04","-69.367","76.367","18.0","ZHONGSHAN, AY",,,,,,," -125","H,,S"
"AYM00089573","2021-11-05","-69.367","76.367","18.0","ZHONGSHAN, AY",,,,,,," -136","H,,S"
"AYM00089573","2021-11-06","-69.367","76.367","18.0","ZHONGSHAN, AY",,,,,,,"  -99","H,,S"
"AYM00089573","2021-11-07","-69.367","76.367","18.0","ZHONGSHAN, AY",,,,,,," -102","H,,S"
"AYM00089573","2021-11-08","-69.367","76.367","18.0","ZHONGSHAN, AY",,,,,,,"  -96","H,,S"
"AYM00089573","2021-11-09","-69.367","76.367","18.0","ZHONGSHAN, AY",,,,,,,"  -98","H,,S"
"AYM00089573","2021-11-10","-69.367","76.367","18.0","ZHONGSHAN, AY",,,,,,,"  -66","H,,S"
"AYM00089573","2021-11-11","-69.367","76.367","18.0","ZHONGSHAN, AY",,,,,,,"  -55","H,,S"
"AYM00089573","2021-11-12","-69.367","76.367","18.0","ZHONGSHAN, AY",,,,,,,"  -47","H,,S"
"AYM00089573","2021-11-13","-69.367","76.367","18.0","ZHONGSHAN, AY",,,,,,,"  -35","H,,S"
"AYM00089573","2021-11-14","-69.367","76.367","18.0","ZHONGSHAN, AY",,,,,,,"  -33","H,,S"
"AYM00089573","2021-11-15","-69.367","76.367","18.0","ZHONGSHAN, AY",,,,,,,"  -45","H,,S"
"AYM00089573","2021-11-16","-69.367","76.367","18.0","ZHONGSHAN, AY",,,,,,,"  -60","H,,S"
"AYM00089573","2021-11-17","-69.367","76.367","18.0","ZHONGSHAN, AY",,,,,,,"  -58","H,,S"
"AYM00089573","2021-11-18","-69.367","76.367","18.0","ZHONGSHAN, AY",,,,,,,"  -27","H,,S"
"AYM00089573","2021-11-19","-69.367","76.367","18.0","ZHONGSHAN, AY",,,,,,,"  -31","H,,S"
"AYM00089573","2021-11-20","-69.367","76.367","18.0","ZHONGSHAN, AY",,,,,,,"  -20","H,,S"
"AYM00089573","2021-11-21","-69.367","76.367","18.0","ZHONGSHAN, AY",,,,,,,"  -61","H,,S"
"AYM00089573","2021-11-22","-69.367","76.367","18.0","ZHONGSHAN, AY",,,,,,,"  -93","H,,S"
"AYM00089573","2021-11-23","-69.367","76.367","18.0","ZHONGSHAN, AY",,,,,,,"  -62","H,,S"
"AYM00089573","2021-11-24","-69.367","76.367","18.0","ZHONGSHAN, AY",,,,,,,"  -61","H,,S"
"AYM00089573","2021-11-25","-69.367","76.367","18.0","ZHONGSHAN, AY",,,,,,,"  -63","H,,S"
"AYM00089573","2021-11-26","-69.367","76.367","18.0","ZHONGSHAN, AY",,,,,,,"  -62","H,,S"
"AYM00089573","2021-11-27","-69.367","76.367","18.0","ZHONGSHAN, AY",,,,,,,"  -32","H,,S"
"AYM00089573","2021-11-28","-69.367","76.367","18.0","ZHONGSHAN, AY",,,,,,,"  -32","H,,S"
"AYM00089573","2021-11-29","-69.367","76.367","18.0","ZHONGSHAN, AY",,,,,,,"  -22","H,,S"
"AYM00089573","2021-11-30","-69.367","76.367","18.0","ZHONGSHAN, AY",,,,,,,"   12","H,,S"
"AYM00089573","2021-12-01","-69.367","76.367","18.0","ZHONGSHAN, AY",,,,,,,"  -22","H,,S"
"AYM00089573","2021-12-02","-69.367","76.367","18.0","ZHONGSHAN, AY",,,,,,,"   -7","H,,S"
"AYM00089573","2021-12-03","-69.367","76.367","18.0","ZHONGSHAN, AY",,,,,,,"   13","H,,S"
"AYM00089573","2021-12-04","-69.367","76.367","18.0","ZHONGSHAN, AY",,,,,,,"   14","H,,S"
"AYM00089573","2021-12-05","-69.367","76.367","18.0","ZHONGSHAN, AY",,,,,,,"    2","H,,S"
"AYM00089573","2021-12-06","-69.367","76.367","18.0","ZHONGSHAN, AY",,,,,,,"    7","H,,S"
"AYM00089573","2021-12-07","-69.367","76.367","18.0","ZHONGSHAN, AY",,,,,,,"   11","H,,S"
"AYM00089573","2021-12-08","-69.367","76.367","18.0","ZHONGSHAN, AY",,,,,,,"   -1","H,,S"
"AYM00089573","2021-12-09","-69.367","76.367","18.0","ZHONGSHAN, AY",,,,,,,"   -1","H,,S"
"AYM00089573","2021-12-10","-69.367","76.367","18.0","ZHONGSHAN, AY",,,,,,,"    1","H,,S"
"AYM00089573","2021-12-11","-69.367","76.367","18.0","ZHONGSHAN, AY",,,,,,,"   -2","H,,S"
"AYM00089573","2021-12-12","-69.367","76.367","18.0","ZHONGSHAN, AY",,,,,,,"   11","H,,S"
"AYM00089573","2021-12-13","-69.367","76.367","18.0","ZHONGSHAN, AY",,,,,,,"   10","H,,S"
"AYM00089573","2021-12-14","-69.367","76.367","18.0","ZHONGSHAN, AY",,,,,,,"   20","H,,S"
"AYM00089573","2021-12-15","-69.367","76.367","18.0","ZHONGSHAN, AY",,,,,,,"   12","H,,S"
"AYM00089573","2021-12-16","-69.367","76.367","18.0","ZHONGSHAN, AY",,,,,,,"   21","H,,S"
"AYM00089573","2021-12-17","-69.367","76.367","18.0","ZHONGSHAN, AY",,,,,,,"   21","H,,S"
"AYM00089573","2021-12-18","-69.367","76.367","18.0","ZHONGSHAN, AY",,,,,,,"   51","H,,S"
"AYM00089573","2021-12-19","-69.367","76.367","18.0","ZHONGSHAN, AY",,,,,,,"   32","H,,S"
"AYM00089573","2021-12-20","-69.367","76.367","18.0","ZHONGSHAN, AY",,,,,,,"   19","H,,S"
"AYM00089573","2021-12-21","-69.367","76.367","18.0","ZHONGSHAN, AY",,,,,,,"   18","H,,S"
"AYM00089573","2021-12-22","-69.367","76.367","18.0","ZHONGSHAN, AY",,,,,,,"   10","H,,S"
"AYM00089573","2021-12-23","-69.367","76.367","18.0","ZHONGSHAN, AY",,,,,,,"   19","H,,S"
"AYM00089573","2021-12-24","-69.367","76.367","18.0","ZHONGSHAN, AY",,,,,,,"   22","H,,S"
"AYM00089573","2021-12-25","-69.367","76.367","18.0","ZHONGSHAN, AY",,,,,,,"   13","H,,S"
"AYM00089573","2021-12-26","-69.367","76.367","18.0","ZHONGSHAN, AY",,,,,,,"   -7","H,,S"
"AYM00089573","2021-12-27","-69.367","76.367","18.0","ZHONGSHAN, AY",,,,,,,"    1","H,,S"
"AYM00089573","2021-12-28","-69.367","76.367","18.0","ZHONGSHAN, AY",,,,,,,"   -4","H,,S"
"AYM00089573","2021-12-29","-69.367","76.367","18.0","ZHONGSHAN, AY",,,,,,,"   -9","H,,S"
"AYM00089573","2021-12-30","-69.367","76.367","18.0","ZHONGSHAN, AY",,,,,,,"   -4","H,,S"
"AYM00089573","2021-12-31","-69.367","76.367","18.0","ZHONGSHAN, AY",,,,,,,"    1","H,,S"
"AYM00089573","2022-01-01","-69.367","76.367","18.0","ZHONGSHAN, AY",,,,,,,"    4","H,,S"
"AYM00089573","2022-01-02","-69.367","76.367","18.0","ZHONGSHAN, AY",,,,,,,"    6","H,,S"
"AYM00089573","2022-01-03","-69.367","76.367","18.0","ZHONGSHAN, AY",,,,,,,"    3","H,,S"
"AYM00089573","2022-01-04","-69.367","76.367","18.0","ZHONGSHAN, AY",,,,,,,"  -12","H,,S"
"AYM00089573","2022-01-05","-69.367","76.367","18.0","ZHONGSHAN, AY",,,,,,,"   -3","H,,S"
"AYM00089573","2022-01-06","-69.367","76.367","18.0","ZHONGSHAN, AY",,,,,,,"   -2","H,,S"
"AYM00089573","2022-01-07","-69.367","76.367","18.0","ZHONGSHAN, AY",,,,,,,"    6","H,,S"
"AYM00089573","2022-01-08","-69.367","76.367","18.0","ZHONGSHAN, AY",,,,,,,"   22","H,,S"
"AYM00089573","2022-01-09","-69.367","76.367","18.0","ZHONGSHAN, AY",,,,,,,"   13","H,,S"
"AYM00089573","2022-01-10","-69.367","76.367","18.0","ZHONGSHAN, AY",,,,,,,"   -4","H,,S"
"AYM00089573","2022-01-11","-69.367","76.367","18.0","ZHONGSHAN, AY",,,,,,,"   -8","H,,S"
"AYM00089573","2022-01-12","-69.367","76.367","18.0","ZHONGSHAN, AY",,,,,,,"   -4","H,,S"
"AYM00089573","2022-01-13","-69.367","76.367","18.0","ZHONGSHAN, AY",,,,,,,"   16","H,,S"
"AYM00089573","2022-01-14","-69.367","76.367","18.0","ZHONGSHAN, AY",,,,,,,"   15","H,,S"
"AYM00089573","2022-01-15","-69.367","76.367","18.0","ZHONGSHAN, AY",,,,,,,"   10","H,,S"
"AYM00089573","2022-01-16","-69.367","76.367","18.0","ZHONGSHAN, AY",,,,,,,"    4","H,,S"
"AYM00089573","2022-01-17","-69.367","76.367","18.0","ZHONGSHAN, AY",,,,,,,"    7","H,,S"
"AYM00089573","2022-01-18","-69.367","76.367","18.0","ZHONGSHAN, AY",,,,,,,"   -2","H,,S"
"AYM00089573","2022-01-19","-69.367","76.367","18.0","ZHONGSHAN, AY",,,,,,,"    9","H,,S"
"AYM00089573","2022-02-26","-69.367","76.367","18.0","ZHONGSHAN, AY",,,,,,,"  -68","H,,S"
"AYM00089573","2022-02-27","-69.367","76.367","18.0","ZHONGSHAN, AY",,,,,,,"  -51","H,,S"
"AYM00089573","2022-02-28","-69.367","76.367","18.0","ZHONGSHAN, AY",,,,,,,"  -44","H,,S"
"AYM00089573","2022-03-01","-69.367","76.367","18.0","ZHONGSHAN, AY",,,,,,,"  -43","H,,S"
"AYM00089573","2022-03-02","-69.367","76.367","18.0","ZHONGSHAN, AY",,,,,,,"  -46","H,,S"
"AYM00089573","2022-03-03","-69.367","76.367","18.0","ZHONGSHAN, AY",,,,,,,"  -54","H,,S"
"AYM00089573","2022-03-04","-69.367","76.367","18.0","ZHONGSHAN, AY",,,,,,,"  -60","H,,S"
"AYM00089573","2022-03-05","-69.367","76.367","18.0","ZHONGSHAN, AY",,,,,,,"  -61","H,,S"
"AYM00089573","2022-03-06","-69.367","76.367","18.0","ZHONGSHAN, AY",,,,,,,"  -80","H,,S"
"AYM00089573","2022-03-07","-69.367","76.367","18.0","ZHONGSHAN, AY",,,,,,,"  -81","H,,S"
"AYM00089573","2022-03-08","-69.367","76.367","18.0","ZHONGSHAN, AY",,,,,,,"  -78","H,,S"
"AYM00089573","2022-03-09","-69.367","76.367","18.0","ZHONGSHAN, AY",,,,,,,"  -82","H,,S"
"AYM00089573","2022-03-10","-69.367","76.367","18.0","ZHONGSHAN, AY",,,,,,,"  -75","H,,S"
"AYM00089573","2022-03-11","-69.367","76.367","18.0","ZHONGSHAN, AY",,,,,,,"  -96","H,,S"
"AYM00089573","2022-03-12","-69.367","76.367","18.0","ZHONGSHAN, AY",,,,,,,"  -76","H,,S"
"AYM00089573","2022-03-13","-69.367","76.367","18.0","ZHONGSHAN, AY",,,,,,,"  -79","H,,S"
"AYM00089573","2022-03-14","-69.367","76.367","18.0","ZHONGSHAN, AY",,,,,,,"  -83","H,,S"
"AYM00089573","2022-03-15","-69.367","76.367","18.0","ZHONGSHAN, AY",,,,,,,"  -56","H,,S"
"AYM00089573","2022-03-16","-69.367","76.367","18.0","ZHONGSHAN, AY",,,,,,,"  -52","H,,S"
"AYM00089573","2022-03-17","-69.367","76.367","18.0","ZHONGSHAN, AY",,,,,,,"  -68","H,,S"
"AYM00089573","2022-03-18","-69.367","76.367","18.0","ZHONGSHAN, AY",,,,,,,"  -63","H,,S"
"AYM00089573","2022-03-19","-69.367","76.367","18.0","ZHONGSHAN, AY",,,,,,,"  -41","H,,S"
"AYM00089573","2022-03-20","-69.367","76.367","18.0","ZHONGSHAN, AY",,,,,,,"  -64","H,,S"
"AYM00089573","2022-03-21","-69.367","76.367","18.0","ZHONGSHAN, AY",,,,,,,"  -46","H,,S"
"AYM00089573","2022-03-22","-69.367","76.367","18.0","ZHONGSHAN, AY",,,,,,,"  -14","H,,S"
"AYM00089573","2022-03-23","-69.367","76.367","18.0","ZHONGSHAN, AY",,,,,,,"  -40","H,,S"
"AYM00089573","2022-03-24","-69.367","76.367","18.0","ZHONGSHAN, AY",,,,,,,"  -64","H,,S"
"AYM00089573","2022-03-25","-69.367","76.367","18.0","ZHONGSHAN, AY",,,,,,," -108","H,,S"
"AYM00089573","2022-03-26","-69.367","76.367","18.0","ZHONGSHAN, AY",,,,,,," -111","H,,S"
"AYM00089573","2022-03-27","-69.367","76.367","18.0","ZHONGSHAN, AY",,,,,,," -118","H,,S"
"AYM00089573","2022-03-28","-69.367","76.367","18.0","ZHONGSHAN, AY",,,,,,," -110","H,,S"
"AYM00089573","2022-03-29","-69.367","76.367","18.0","ZHONGSHAN, AY",,,,,,,"  -87","H,,S"
"AYM00089573","2022-03-30","-69.367","76.367","18.0","ZHONGSHAN, AY",,,,,,,"  -57","H,,S"
"AYM00089573","2022-03-31","-69.367","76.367","18.0","ZHONGSHAN, AY",,,,,,,"  -86","H,,S"
"AYM00089573","2022-04-01","-69.367","76.367","18.0","ZHONGSHAN, AY",,,,,,," -109","H,,S"
"AYM00089573","2022-04-02","-69.367","76.367","18.0","ZHONGSHAN, AY",,,,,,,"  -77","H,,S"
"AYM00089573","2022-04-03","-69.367","76.367","18.0","ZHONGSHAN, AY",,,,,,,"  -74","H,,S"
"AYM00089573","2022-04-04","-69.367","76.367","18.0","ZHONGSHAN, AY",,,,,,,"  -84","H,,S"
"AYM00089573","2022-04-05","-69.367","76.367","18.0","ZHONGSHAN, AY",,,,,,,"  -90","H,,S"
"AYM00089573","2022-04-06","-69.367","76.367","18.0","ZHONGSHAN, AY",,,,,,," -143","H,,S"
"AYM00089573","2022-04-07","-69.367","76.367","18.0","ZHONGSHAN, AY",,,,,,," -121","H,,S"
"AYM00089573","2022-04-08","-69.367","76.367","18.0","ZHONGSHAN, AY",,,,,,,"  -94","H,,S"
"AYM00089573","2022-04-09","-69.367","76.367","18.0","ZHONGSHAN, AY",,,,,,,"  -55","H,,S"
"AYM00089573","2022-04-10","-69.367","76.367","18.0","ZHONGSHAN, AY",,,,,,,"  -58","H,,S"
"AYM00089573","2022-04-11","-69.367","76.367","18.0","ZHONGSHAN, AY",,,,,,,"  -90","H,,S"
"AYM00089573","2022-04-12","-69.367","76.367","18.0","ZHONGSHAN, AY",,,,,,," -138","H,,S"
"AYM00089573","2022-04-13","-69.367","76.367","18.0","ZHONGSHAN, AY",,,,,,," -129","H,,S"
"AYM00089573","2022-04-14","-69.367","76.367","18.0","ZHONGSHAN, AY",,,,,,," -156","H,,S"
"AYM00089573","2022-04-15","-69.367","76.367","18.0","ZHONGSHAN, AY",,,,,,," -203","H,,S"
"AYM00089573","2022-04-16","-69.367","76.367","18.0","ZHONGSHAN, AY",,,,,,," -157","H,,S"
"AYM00089573","2022-04-17","-69.367","76.367","18.0","ZHONGSHAN, AY",,,,,,,"  -86","H,,S"
"AYM00089573","2022-04-18","-69.367","76.367","18.0","ZHONGSHAN, AY",,,,,,," -151","H,,S"
"AYM00089573","2022-04-19","-69.367","76.367","18.0","ZHONGSHAN, AY",,,,,,," -154","H,,S"
"AYM00089573","2022-04-20","-69.367","76.367","18.0","ZHONGSHAN, AY",,,,,,," -152","H,,S"
"AYM00089573","2022-04-21","-69.367","76.367","18.0","ZHONGSHAN, AY",,,,,,," -184","H,,S"
"AYM00089573","2022-04-22","-69.367","76.367","18.0","ZHONGSHAN, AY",,,,,,,"  -96","H,,S"
"AYM00089573","2022-04-23","-69.367","76.367","18.0","ZHONGSHAN, AY",,,,,,," -111","H,,S"
"AYM00089573","2022-04-24","-69.367","76.367","18.0","ZHONGSHAN, AY",,,,,,," -131","H,,S"
"AYM00089573","2022-04-25","-69.367","76.367","18.0","ZHONGSHAN, AY",,,,,,," -183","H,,S"
"AYM00089573","2022-04-26","-69.367","76.367","18.0","ZHONGSHAN, AY",,,,,,," -138","H,,S"
"AYM00089573","2022-04-27","-69.367","76.367","18.0","ZHONGSHAN, AY",,,,,,," -151","H,,S"
"AYM00089573","2022-04-28","-69.367","76.367","18.0","ZHONGSHAN, AY",,,,,,," -138","H,,S"
"AYM00089573","2022-04-29","-69.367","76.367","18.0","ZHONGSHAN, AY",,,,,,," -158","H,,S"
"AYM00089573","2022-04-30","-69.367","76.367","18.0","ZHONGSHAN, AY",,,,,,," -173","H,,S"
"AYM00089573","2022-05-01","-69.367","76.367","18.0","ZHONGSHAN, AY",,,,,,," -193","H,,S"
"AYM00089573","2022-05-02","-69.367","76.367","18.0","ZHONGSHAN, AY",,,,,,," -252","H,,S"
"AYM00089573","2022-05-03","-69.367","76.367","18.0","ZHONGSHAN, AY",,,,,,," -338","H,,S"
"AYM00089573","2022-05-04","-69.367","76.367","18.0","ZHONGSHAN, AY",,,,,,," -354","H,,S"
"AYM00089573","2022-05-05","-69.367","76.367","18.0","ZHONGSHAN, AY",,,,,,," -239","H,,S"
"AYM00089573","2022-05-06","-69.367","76.367","18.0","ZHONGSHAN, AY",,,,,,,"  -56","H,,S"
"AYM00089573","2022-05-07","-69.367","76.367","18.0","ZHONGSHAN, AY",,,,,,,"  -58","H,,S"
"AYM00089573","2022-05-08","-69.367","76.367","18.0","ZHONGSHAN, AY",,,,,,,"  -82","H,,S"
"AYM00089573","2022-05-09","-69.367","76.367","18.0","ZHONGSHAN, AY",,,,,,," -129","H,,S"
"AYM00089573","2022-05-10","-69.367","76.367","18.0","ZHONGSHAN, AY",,,,,,," -164","H,,S"
"AYM00089573","2022-05-11","-69.367","76.367","18.0","ZHONGSHAN, AY",,,,,,," -176","H,,S"
"AYM00089573","2022-05-12","-69.367","76.367","18.0","ZHONGSHAN, AY",,,,,,," -145","H,,S"
"AYM00089573","2022-05-13","-69.367","76.367","18.0","ZHONGSHAN, AY",,,,,,," -159","H,,S"
"AYM00089573","2022-05-14","-69.367","76.367","18.0","ZHONGSHAN, AY",,,,,,," -151","H,,S"
"AYM00089573","2022-05-15","-69.367","76.367","18.0","ZHONGSHAN, AY",,,,,,," -214","H,,S"
"AYM00089573","2022-05-16","-69.367","76.367","18.0","ZHONGSHAN, AY",,,,,,," -263","H,,S"
"AYM00089573","2022-05-17","-69.367","76.367","18.0","ZHONGSHAN, AY",,,,,,," -192","H,,S"
"AYM00089573","2022-05-18","-69.367","76.367","18.0","ZHONGSHAN, AY",,,,,,," -236","H,,S"
"AYM00089573","2022-05-19","-69.367","76.367","18.0","ZHONGSHAN, AY",,,,,,," -263","H,,S"
"AYM00089573","2022-05-20","-69.367","76.367","18.0","ZHONGSHAN, AY",,,,,,," -287","H,,S"
"AYM00089573","2022-05-21","-69.367","76.367","18.0","ZHONGSHAN, AY",,,,,,," -112","H,,S"
"AYM00089573","2022-05-22","-69.367","76.367","18.0","ZHONGSHAN, AY",,,,,,,"  -50","H,,S"
"AYM00089573","2022-05-23","-69.367","76.367","18.0","ZHONGSHAN, AY",,,,,,,"  -97","H,,S"
"AYM00089573","2022-05-24","-69.367","76.367","18.0","ZHONGSHAN, AY",,,,,,," -247","H,,S"
"AYM00089573","2022-05-25","-69.367","76.367","18.0","ZHONGSHAN, AY",,,,,,," -163","H,,S"
"AYM00089573","2022-05-26","-69.367","76.367","18.0","ZHONGSHAN, AY",,,,,,," -136","H,,S"
"AYM00089573","2022-05-27","-69.367","76.367","18.0","ZHONGSHAN, AY",,,,,,," -111","H,,S"
"AYM00089573","2022-05-28","-69.367","76.367","18.0","ZHONGSHAN, AY",,,,,,,"  -73","H,,S"
"AYM00089573","2022-05-29","-69.367","76.367","18.0","ZHONGSHAN, AY",,,,,,,"  -71","H,,S"
"AYM00089573","2022-05-30","-69.367","76.367","18.0","ZHONGSHAN, AY",,,,,,,"  -82","H,,S"
"AYM00089573","2022-05-31","-69.367","76.367","18.0","ZHONGSHAN, AY",,,,,,,"  -99","H,,S"
"AYM00089573","2022-06-01","-69.367","76.367","18.0","ZHONGSHAN, AY",,,,,,,"  -82","H,,S"
"AYM00089573","2022-06-02","-69.367","76.367","18.0","ZHONGSHAN, AY",,,,,,," -103","H,,S"
"AYM00089573","2022-06-03","-69.367","76.367","18.0","ZHONGSHAN, AY",,,,,,," -112","H,,S"
"AYM00089573","2022-06-04","-69.367","76.367","18.0","ZHONGSHAN, AY",,,,,,,"  -52","H,,S"
"AYM00089573","2022-06-05","-69.367","76.367","18.0","ZHONGSHAN, AY",,,,,,,"  -42","H,,S"
"AYM00089573","2022-06-06","-69.367","76.367","18.0","ZHONGSHAN, AY",,,,,,,"  -61","H,,S"
"AYM00089573","2022-06-07","-69.367","76.367","18.0","ZHONGSHAN, AY",,,,,,,"  -71","H,,S"
"AYM00089573","2022-06-08","-69.367","76.367","18.0","ZHONGSHAN, AY",,,,,,,"  -77","H,,S"
"AYM00089573","2022-06-09","-69.367","76.367","18.0","ZHONGSHAN, AY",,,,,,,"  -44","H,,S"
"AYM00089573","2022-06-10","-69.367","76.367","18.0","ZHONGSHAN, AY",,,,,,,"  -75","H,,S"
"AYM00089573","2022-06-11","-69.367","76.367","18.0","ZHONGSHAN, AY",,,,,,," -101","H,,S"
"AYM00089573","2022-06-12","-69.367","76.367","18.0","ZHONGSHAN, AY",,,,,,,"  -46","H,,S"
"AYM00089573","2022-06-13","-69.367","76.367","18.0","ZHONGSHAN, AY",,,,,,,"  -34","H,,S"
"AYM00089573","2022-06-14","-69.367","76.367","18.0","ZHONGSHAN, AY",,,,,,,"  -42","H,,S"
"AYM00089573","2022-06-15","-69.367","76.367","18.0","ZHONGSHAN, AY",,,,,,,"  -84","H,,S"
"AYM00089573","2022-06-16","-69.367","76.367","18.0","ZHONGSHAN, AY",,,,,,,"  -90","H,,S"
"AYM00089573","2022-06-17","-69.367","76.367","18.0","ZHONGSHAN, AY",,,,,,,"  -93","H,,S"
"AYM00089573","2022-06-18","-69.367","76.367","18.0","ZHONGSHAN, AY",,,,,,," -160","H,,S"
"AYM00089573","2022-06-19","-69.367","76.367","18.0","ZHONGSHAN, AY",,,,,,," -118","H,,S"
"AYM00089573","2022-06-20","-69.367","76.367","18.0","ZHONGSHAN, AY",,,,,,," -104","H,,S"
"AYM00089573","2022-06-21","-69.367","76.367","18.0","ZHONGSHAN, AY",,,,,,," -120","H,,S"
"AYM00089573","2022-06-22","-69.367","76.367","18.0","ZHONGSHAN, AY",,,,,,," -158","H,,S"
"AYM00089573","2022-06-23","-69.367","76.367","18.0","ZHONGSHAN, AY",,,,,,," -180","H,,S"
"AYM00089573","2022-06-24","-69.367","76.367","18.0","ZHONGSHAN, AY",,,,,,," -209","H,,S"
"AYM00089573","2022-06-25","-69.367","76.367","18.0","ZHONGSHAN, AY",,,,,,," -180","H,,S"
"AYM00089573","2022-06-26","-69.367","76.367","18.0","ZHONGSHAN, AY",,,,,,,"  -93","H,,S"
"AYM00089573","2022-06-27","-69.367","76.367","18.0","ZHONGSHAN, AY",,,,,,,"  -93","H,,S"
"AYM00089573","2022-06-28","-69.367","76.367","18.0","ZHONGSHAN, AY",,,,,,," -129","H,,S"
"AYM00089573","2022-06-29","-69.367","76.367","18.0","ZHONGSHAN, AY",,,,,,," -177","H,,S"
"AYM00089573","2022-06-30","-69.367","76.367","18.0","ZHONGSHAN, AY",,,,,,," -203","H,,S"
"AYM00089573","2022-07-01","-69.367","76.367","18.0","ZHONGSHAN, AY",,,,,,," -221","H,,S"
"AYM00089573","2022-07-02","-69.367","76.367","18.0","ZHONGSHAN, AY",,,,,,," -239","H,,S"
"AYM00089573","2022-07-03","-69.367","76.367","18.0","ZHONGSHAN, AY",,,,,,," -123","H,,S"
"AYM00089573","2022-07-04","-69.367","76.367","18.0","ZHONGSHAN, AY",,,,,,," -108","H,,S"
"AYM00089573","2022-07-05","-69.367","76.367","18.0","ZHONGSHAN, AY",,,,,,," -116","H,,S"
"AYM00089573","2022-07-06","-69.367","76.367","18.0","ZHONGSHAN, AY",,,,,,," -135","H,,S"
"AYM00089573","2022-07-07","-69.367","76.367","18.0","ZHONGSHAN, AY",,,,,,," -157","H,,S"
"AYM00089573","2022-07-08","-69.367","76.367","18.0","ZHONGSHAN, AY",,,,,,," -165","H,,S"
"AYM00089573","2022-07-09","-69.367","76.367","18.0","ZHONGSHAN, AY",,,,,,," -179","H,,S"
"AYM00089573","2022-07-10","-69.367","76.367","18.0","ZHONGSHAN, AY",,,,,,," -213","H,,S"
"AYM00089573","2022-07-11","-69.367","76.367","18.0","ZHONGSHAN, AY",,,,,,," -241","H,,S"
"AYM00089573","2022-07-12","-69.367","76.367","18.0","ZHONGSHAN, AY",,,,,,," -241","H,,S"
"AYM00089573","2022-07-13","-69.367","76.367","18.0","ZHONGSHAN, AY",,,,,,," -231","H,,S"
"AYM00089573","2022-07-14","-69.367","76.367","18.0","ZHONGSHAN, AY",,,,,,," -173","H,,S"
"AYM00089573","2022-07-15","-69.367","76.367","18.0","ZHONGSHAN, AY",,,,,,,"  -79","H,,S"
"AYM00089573","2022-07-16","-69.367","76.367","18.0","ZHONGSHAN, AY",,,,,,,"  -58","H,,S"
"AYM00089573","2022-07-17","-69.367","76.367","18.0","ZHONGSHAN, AY",,,,,,,"  -97","H,,S"
"AYM00089573","2022-08-05","-69.367","76.367","18.0","ZHONGSHAN, AY",,,,,,,"  -77","H,,S"
"AYM00089573","2022-08-06","-69.367","76.367","18.0","ZHONGSHAN, AY",,,,,,," -103","H,,S"
"AYM00089573","2022-08-07","-69.367","76.367","18.0","ZHONGSHAN, AY",,,,,,," -139","H,,S"
"AYM00089573","2022-08-08","-69.367","76.367","18.0","ZHONGSHAN, AY",,,,,,," -124","H,,S"
"AYM00089573","2022-08-09","-69.367","76.367","18.0","ZHONGSHAN, AY",,,,,,," -115","H,,S"
"AYM00089573","2022-08-11","-69.367","76.367","18.0","ZHONGSHAN, AY",,,,,,," -162","H,,S"
"AYM00089573","2022-08-12","-69.367","76.367","18.0","ZHONGSHAN, AY",,,,,,," -110","H,,S"
"AYM00089573","2022-08-13","-69.367","76.367","18.0","ZHONGSHAN, AY",,,,,,," -159","H,,S"
"AYM00089573","2022-08-14","-69.367","76.367","18.0","ZHONGSHAN, AY",,,,,,,"  -71","H,,S"
"AYM00089573","2022-08-15","-69.367","76.367","18.0","ZHONGSHAN, AY",,,,,,,"  -98","H,,S"
"AYM00089573","2022-08-16","-69.367","76.367","18.0","ZHONGSHAN, AY",,,,,,," -129","H,,S"
"AYM00089573","2022-08-17","-69.367","76.367","18.0","ZHONGSHAN, AY",,,,,,," -162","H,,S"
"AYM00089573","2022-08-18","-69.367","76.367","18.0","ZHONGSHAN, AY",,,,,,," -201","H,,S"
"AYM00089573","2022-08-19","-69.367","76.367","18.0","ZHONGSHAN, AY",,,,,,," -251","H,,S"
"AYM00089573","2022-08-20","-69.367","76.367","18.0","ZHONGSHAN, AY",,,,,,," -277","H,,S"
"AYM00089573","2022-08-21","-69.367","76.367","18.0","ZHONGSHAN, AY",,,,,,," -197","H,,S"
"AYM00089573","2022-08-22","-69.367","76.367","18.0","ZHONGSHAN, AY",,,,,,," -114","H,,S"
"AYM00089573","2022-08-23","-69.367","76.367","18.0","ZHONGSHAN, AY",,,,,,," -140","H,,S"
"AYM00089573","2022-08-24","-69.367","76.367","18.0","ZHONGSHAN, AY",,,,,,," -174","H,,S"
"AYM00089573","2022-08-25","-69.367","76.367","18.0","ZHONGSHAN, AY",,,,,,," -210","H,,S"
"AYM00089573","2022-08-26","-69.367","76.367","18.0","ZHONGSHAN, AY",,,,,,," -218","H,,S"
"AYM00089573","2022-08-27","-69.367","76.367","18.0","ZHONGSHAN, AY",,,,,,," -169","H,,S"
"AYM00089573","2022-08-28","-69.367","76.367","18.0","ZHONGSHAN, AY",,,,,,," -163","H,,S"
"AYM00089573","2022-08-29","-69.367","76.367","18.0","ZHONGSHAN, AY",,,,,,," -189","H,,S"
"AYM00089573","2022-08-30","-69.367","76.367","18.0","ZHONGSHAN, AY",,,,,,," -342","H,,S"
"AYM00089573","2022-08-31","-69.367","76.367","18.0","ZHONGSHAN, AY",,,,,,," -190","H,,S"
"AYM00089573","2022-09-01","-69.367","76.367","18.0","ZHONGSHAN, AY",,,,,,," -148","H,,S"
"AYM00089573","2022-09-02","-69.367","76.367","18.0","ZHONGSHAN, AY",,,,,,," -133","H,,S"
"AYM00089573","2022-09-03","-69.367","76.367","18.0","ZHONGSHAN, AY",,,,,,,"  -95","H,,S"
"AYM00089573","2022-09-04","-69.367","76.367","18.0","ZHONGSHAN, AY",,,,,,,"  -76","H,,S"
"AYM00089573","2022-09-05","-69.367","76.367","18.0","ZHONGSHAN, AY",,,,,,," -147","H,,S"
"AYM00089573","2022-09-06","-69.367","76.367","18.0","ZHONGSHAN, AY",,,,,,," -169","H,,S"
"AYM00089573","2022-09-07","-69.367","76.367","18.0","ZHONGSHAN, AY",,,,,,," -221","H,,S"
"AYM00089573","2022-09-08","-69.367","76.367","18.0","ZHONGSHAN, AY",,,,,,," -239","H,,S"
"AYM00089573","2022-09-10","-69.367","76.367","18.0","ZHONGSHAN, AY",,,,,,," -138","H,,S"
"AYM00089573","2022-09-11","-69.367","76.367","18.0","ZHONGSHAN, AY",,,,,,,"  -82","H,,S"
"AYM00089573","2022-09-12","-69.367","76.367","18.0","ZHONGSHAN, AY",,,,,,,"  -92","H,,S"
"AYM00089573","2022-09-13","-69.367","76.367","18.0","ZHONGSHAN, AY",,,,,,,"  -96","H,,S"
"AYM00089573","2022-09-14","-69.367","76.367","18.0","ZHONGSHAN, AY",,,,,,," -102","H,,S"
"AYM00089573","2022-09-15","-69.367","76.367","18.0","ZHONGSHAN, AY",,,,,,," -109","H,,S"
"AYM00089573","2022-09-16","-69.367","76.367","18.0","ZHONGSHAN, AY",,,,,,," -109","H,,S"
"AYM00089573","2022-09-17","-69.367","76.367","18.0","ZHONGSHAN, AY",,,,,,," -143","H,,S"
"AYM00089573","2022-09-18","-69.367","76.367","18.0","ZHONGSHAN, AY",,,,,,," -136","H,,S"
"AYM00089573","2022-09-19","-69.367","76.367","18.0","ZHONGSHAN, AY",,,,,,," -137","H,,S"
"AYM00089573","2022-09-23","-69.367","76.367","18.0","ZHONGSHAN, AY",,,,,,," -112","H,,S"
"AYM00089573","2022-09-24","-69.367","76.367","18.0","ZHONGSHAN, AY",,,,,,," -149","H,,S"
"AYM00089573","2022-09-25","-69.367","76.367","18.0","ZHONGSHAN, AY",,,,,,," -219","H,,S"
"AYM00089573","2022-09-26","-69.367","76.367","18.0","ZHONGSHAN, AY",,,,,,," -173","H,,S"
"AYM00089573","2022-09-28","-69.367","76.367","18.0","ZHONGSHAN, AY",,,,,,,"  -97","H,,S"
"AYM00089573","2022-09-29","-69.367","76.367","18.0","ZHONGSHAN, AY",,,,,,," -124","H,,S"
"AYM00089573","2022-09-30","-69.367","76.367","18.0","ZHONGSHAN, AY",,,,,,," -153","H,,S"
"AYM00089573","2022-10-01","-69.367","76.367","18.0","ZHONGSHAN, AY",,,,,,," -139","H,,S"
"AYM00089573","2022-10-02","-69.367","76.367","18.0","ZHONGSHAN, AY",,,,,,," -122","H,,S"
"AYM00089573","2022-10-03","-69.367","76.367","18.0","ZHONGSHAN, AY",,,,,,," -145","H,,S"
"AYM00089573","2022-10-04","-69.367","76.367","18.0","ZHONGSHAN, AY",,,,,,,"  -92","H,,S"
"AYM00089573","2022-10-05","-69.367","76.367","18.0","ZHONGSHAN, AY",,,,,,,"  -88","H,,S"
"AYM00089573","2022-10-06","-69.367","76.367","18.0","ZHONGSHAN, AY",,,,,,,"  -90","H,,S"
"AYM00089573","2022-10-07","-69.367","76.367","18.0","ZHONGSHAN, AY",,,,,,,"  -80","H,,S"
"AYM00089573","2022-10-08","-69.367","76.367","18.0","ZHONGSHAN, AY",,,,,,,"  -81","H,,S"
"AYM00089573","2022-10-09","-69.367","76.367","18.0","ZHONGSHAN, AY",,,,,,,"  -67","H,,S"
"AYM00089573","2022-10-10","-69.367","76.367","18.0","ZHONGSHAN, AY",,,,,,,"  -87","H,,S"
"AYM00089573","2022-10-11","-69.367","76.367","18.0","ZHONGSHAN, AY",,,,,,," -121","H,,S"
"AYM00089573","2022-10-12","-69.367","76.367","18.0","ZHONGSHAN, AY",,,,,,," -172","H,,S"
"AYM00089573","2022-10-13","-69.367","76.367","18.0","ZHONGSHAN, AY",,,,,,," -154","H,,S"
"AYM00089573","2022-10-15","-69.367","76.367","18.0","ZHONGSHAN, AY",,,,,,," -105","H,,S"
"AYM00089573","2022-10-16","-69.367","76.367","18.0","ZHONGSHAN, AY",,,,,,,"  -91","H,,S"
"AYM00089573","2022-10-19","-69.367","76.367","18.0","ZHONGSHAN, AY",,,,,,," -106","H,,S"
"AYM00089573","2022-10-20","-69.367","76.367","18.0","ZHONGSHAN, AY",,,,,,," -117","H,,S"
"AYM00089573","2022-10-22","-69.367","76.367","18.0","ZHONGSHAN, AY",,,,,,," -143","H,,S"
"AYM00089573","2022-10-23","-69.367","76.367","18.0","ZHONGSHAN, AY",,,,,,,"  -81","H,,S"
"AYM00089573","2022-10-24","-69.367","76.367","18.0","ZHONGSHAN, AY",,,,,,,"  -74","H,,S"
"AYM00089573","2022-10-25","-69.367","76.367","18.0","ZHONGSHAN, AY",,,,,,,"  -23","H,,S"
"AYM00089573","2022-10-26","-69.367","76.367","18.0","ZHONGSHAN, AY",,,,,,,"  -17","H,,S"
"AYM00089573","2022-10-27","-69.367","76.367","18.0","ZHONGSHAN, AY",,,,,,,"  -24","H,,S"
"AYM00089573","2022-10-28","-69.367","76.367","18.0","ZHONGSHAN, AY",,,,,,,"  -31","H,,S"
"AYM00089573","2022-10-29","-69.367","76.367","18.0","ZHONGSHAN, AY",,,,,,,"  -36","H,,S"
"AYM00089573","2022-10-30","-69.367","76.367","18.0","ZHONGSHAN, AY",,,,,,,"  -44","H,,S"
"AYM00089573","2022-10-31","-69.367","76.367","18.0","ZHONGSHAN, AY",,,,,,,"  -38","H,,S"
"AYM00089573","2022-11-01","-69.367","76.367","18.0","ZHONGSHAN, AY",,,,,,,"  -43","H,,S"
"AYM00089573","2023-05-11","-69.367","76.367","18.0","ZHONGSHAN, AY",,,,,,,"  -58","H,,S"
"AYM00089573","2023-05-12","-69.367","76.367","18.0","ZHONGSHAN, AY",,,,,,,"  -45","H,,S"
"AYM00089573","2023-05-13","-69.367","76.367","18.0","ZHONGSHAN, AY",,,,,,,"  -37","H,,S"
"AYM00089573","2023-05-14","-69.367","76.367","18.0","ZHONGSHAN, AY",,,,,,,"  -10","H,,S"
"AYM00089573","2023-05-15","-69.367","76.367","18.0","ZHONGSHAN, AY",,,,,,,"   -6","H,,S"
"AYM00089573","2023-05-16","-69.367","76.367","18.0","ZHONGSHAN, AY",,,,,,,"   13","H,,S"
"AYM00089573","2023-05-17","-69.367","76.367","18.0","ZHONGSHAN, AY",,,,,,,"   19","H,,S"
"AYM00089573","2023-05-18","-69.367","76.367","18.0","ZHONGSHAN, AY",,,,,,,"    2","H,,S"
"AYM00089573","2023-05-19","-69.367","76.367","18.0","ZHONGSHAN, AY",,,,,,,"   -6","H,,S"
"AYM00089573","2023-05-23","-69.367","76.367","18.0","ZHONGSHAN, AY",,,,,,," -291","H,,S"
"AYM00089573","2023-05-24","-69.367","76.367","18.0","ZHONGSHAN, AY",,,,,,," -223","H,,S"
"AYM00089573","2023-05-25","-69.367","76.367","18.0","ZHONGSHAN, AY",,,,,,," -228","H,,S"
"AYM00089573","2023-05-26","-69.367","76.367","18.0","ZHONGSHAN, AY",,,,,,," -205","H,,S"
"AYM00089573","2023-05-27","-69.367","76.367","18.0","ZHONGSHAN, AY",,,,,,," -230","H,,S"
"AYM00089573","2023-05-28","-69.367","76.367","18.0","ZHONGSHAN, AY",,,,,,," -234","H,,S"
"AYM00089573","2023-05-29","-69.367","76.367","18.0","ZHONGSHAN, AY",,,,,,," -227","H,,S"
"AYM00089573","2023-05-30","-69.367","76.367","18.0","ZHONGSHAN, AY",,,,,,," -139","H,,S"
"AYM00089573","2023-05-31","-69.367","76.367","18.0","ZHONGSHAN, AY",,,,,,," -127","H,,S"
"AYM00089573","2023-06-01","-69.367","76.367","18.0","ZHONGSHAN, AY",,,,,,," -128","H,,S"
"AYM00089573","2023-06-02","-69.367","76.367","18.0","ZHONGSHAN, AY",,,,,,," -167","H,,S"
"AYM00089573","2023-06-03","-69.367","76.367","18.0","ZHONGSHAN, AY",,,,,,," -209","H,,S"
"AYM00089573","2023-06-04","-69.367","76.367","18.0","ZHONGSHAN, AY",,,,,,," -241","H,,S"
"AYM00089573","2023-06-05","-69.367","76.367","18.0","ZHONGSHAN, AY",,,,,,," -233","H,,S"
"AYM00089573","2023-06-06","-69.367","76.367","18.0","ZHONGSHAN, AY",,,,,,," -122","H,,S"
"AYM00089573","2023-06-07","-69.367","76.367","18.0","ZHONGSHAN, AY",,,,,,,"  -84","H,,S"
"AYM00089573","2023-06-08","-69.367","76.367","18.0","ZHONGSHAN, AY",,,,,,,"  -73","H,,S"
"AYM00089573","2023-06-09","-69.367","76.367","18.0","ZHONGSHAN, AY",,,,,,,"  -98","H,,S"
"AYM00089573","2023-06-10","-69.367","76.367","18.0","ZHONGSHAN, AY",,,,,,,"  -93","H,,S"
"AYM00089573","2023-06-11","-69.367","76.367","18.0","ZHONGSHAN, AY",,,,,,,"  -94","H,,S"
"AYM00089573","2023-06-12","-69.367","76.367","18.0","ZHONGSHAN, AY",,,,,,,"  -93","H,,S"
"AYM00089573","2023-06-13","-69.367","76.367","18.0","ZHONGSHAN, AY",,,,,,,"  -78","H,,S"
"AYM00089573","2023-06-14","-69.367","76.367","18.0","ZHONGSHAN, AY",,,,,,,"  -70","H,,S"
"AYM00089573","2023-06-15","-69.367","76.367","18.0","ZHONGSHAN, AY",,,,,,,"  -89","H,,S"
"AYM00089573","2023-06-16","-69.367","76.367","18.0","ZHONGSHAN, AY",,,,,,,"  -49","H,,S"
"AYM00089573","2023-06-17","-69.367","76.367","18.0","ZHONGSHAN, AY",,,,,,,"  -65","H,,S"
"AYM00089573","2023-06-18","-69.367","76.367","18.0","ZHONGSHAN, AY",,,,,,," -104","H,,S"
"AYM00089573","2023-06-19","-69.367","76.367","18.0","ZHONGSHAN, AY",,,,,,," -110","H,,S"
"AYM00089573","2023-06-20","-69.367","76.367","18.0","ZHONGSHAN, AY",,,,,,," -120","H,,S"
"AYM00089573","2023-06-21","-69.367","76.367","18.0","ZHONGSHAN, AY",,,,,,," -158","H,,S"
"AYM00089573","2023-06-22","-69.367","76.367","18.0","ZHONGSHAN, AY",,,,,,," -148","H,,S"
"AYM00089573","2023-06-23","-69.367","76.367","18.0","ZHONGSHAN, AY",,,,,,,"  -79","H,,S"
"AYM00089573","2023-06-24","-69.367","76.367","18.0","ZHONGSHAN, AY",,,,,,,"  -62","H,,S"
"AYM00089573","2023-06-25","-69.367","76.367","18.0","ZHONGSHAN, AY",,,,,,,"  -92","H,,S"
"AYM00089573","2023-06-26","-69.367","76.367","18.0","ZHONGSHAN, AY",,,,,,," -186","H,,S"
"AYM00089573","2023-06-27","-69.367","76.367","18.0","ZHONGSHAN, AY",,,,,,," -220","H,,S"
"AYM00089573","2023-06-28","-69.367","76.367","18.0","ZHONGSHAN, AY",,,,,,," -224","H,,S"
"AYM00089573","2023-06-29","-69.367","76.367","18.0","ZHONGSHAN, AY",,,,,,," -247","H,,S"
"AYM00089573","2023-06-30","-69.367","76.367","18.0","ZHONGSHAN, AY",,,,,,," -253","H,,S"
"AYM00089573","2023-07-01","-69.367","76.367","18.0","ZHONGSHAN, AY",,,,,,," -249","H,,S"
"AYM00089573","2023-07-02","-69.367","76.367","18.0","ZHONGSHAN, AY",,,,,,," -267","H,,S"
"AYM00089573","2023-07-03","-69.367","76.367","18.0","ZHONGSHAN, AY",,,,,,," -111","H,,S"
"AYM00089573","2023-07-04","-69.367","76.367","18.0","ZHONGSHAN, AY",,,,,,,"  -67","H,,S"
"AYM00089573","2023-07-05","-69.367","76.367","18.0","ZHONGSHAN, AY",,,,,,," -123","H,,S"
"AYM00089573","2023-07-06","-69.367","76.367","18.0","ZHONGSHAN, AY",,,,,,," -163","H,,S"
"AYM00089573","2023-07-07","-69.367","76.367","18.0","ZHONGSHAN, AY",,,,,,," -144","H,,S"
"AYM00089573","2023-07-08","-69.367","76.367","18.0","ZHONGSHAN, AY",,,,,,," -118","H,,S"
"AYM00089573","2023-07-09","-69.367","76.367","18.0","ZHONGSHAN, AY",,,,,,," -102","H,,S"
"AYM00089573","2023-07-10","-69.367","76.367","18.0","ZHONGSHAN, AY",,,,,,,"  -98","H,,S"
"AYM00089573","2023-07-11","-69.367","76.367","18.0","ZHONGSHAN, AY",,,,,,," -150","H,,S"
"AYM00089573","2023-07-12","-69.367","76.367","18.0","ZHONGSHAN, AY",,,,,,," -142","H,,S"
"AYM00089573","2023-07-13","-69.367","76.367","18.0","ZHONGSHAN, AY",,,,,,," -157","H,,S"
"AYM00089573","2023-07-14","-69.367","76.367","18.0","ZHONGSHAN, AY",,,,,,," -170","H,,S"
"AYM00089573","2023-07-15","-69.367","76.367","18.0","ZHONGSHAN, AY",,,,,,," -176","H,,S"
"AYM00089573","2023-07-16","-69.367","76.367","18.0","ZHONGSHAN, AY",,,,,,," -205","H,,S"
"AYM00089573","2023-07-17","-69.367","76.367","18.0","ZHONGSHAN, AY",,,,,,," -246","H,,S"
"AYM00089573","2023-07-18","-69.367","76.367","18.0","ZHONGSHAN, AY",,,,,,," -183","H,,S"
"AYM00089573","2023-07-20","-69.367","76.367","18.0","ZHONGSHAN, AY",,,,,,," -133","H,,S"
"AYM00089573","2023-07-21","-69.367","76.367","18.0","ZHONGSHAN, AY",,,,,,," -191","H,,S"
"AYM00089573","2023-07-22","-69.367","76.367","18.0","ZHONGSHAN, AY",,,,,,," -259","H,,S"
"AYM00089573","2023-07-23","-69.367","76.367","18.0","ZHONGSHAN, AY",,,,,,," -243","H,,S"
"AYM00089573","2023-07-24","-69.367","76.367","18.0","ZHONGSHAN, AY",,,,,,," -264","H,,S"
"AYM00089573","2023-07-25","-69.367","76.367","18.0","ZHONGSHAN, AY",,,,,,," -276","H,,S"
"AYM00089573","2023-07-26","-69.367","76.367","18.0","ZHONGSHAN, AY",,,,,,," -269","H,,S"
"AYM00089573","2023-07-27","-69.367","76.367","18.0","ZHONGSHAN, AY",,,,,,," -249","H,,S"
"AYM00089573","2023-07-28","-69.367","76.367","18.0","ZHONGSHAN, AY",,,,,,," -272","H,,S"
"AYM00089573","2023-07-29","-69.367","76.367","18.0","ZHONGSHAN, AY",,,,,,," -279","H,,S"
"AYM00089573","2023-07-30","-69.367","76.367","18.0","ZHONGSHAN, AY",,,,,,," -321","H,,S"
"AYM00089573","2023-08-01","-69.367","76.367","18.0","ZHONGSHAN, AY",,,,,,," -219","H,,S"
"AYM00089573","2023-08-02","-69.367","76.367","18.0","ZHONGSHAN, AY",,,,,,," -162","H,,S"
"AYM00089573","2023-08-03","-69.367","76.367","18.0","ZHONGSHAN, AY",,,,,,," -201","H,,S"
"AYM00089573","2023-08-04","-69.367","76.367","18.0","ZHONGSHAN, AY",,,,,,," -263","H,,S"
"AYM00089573","2023-08-05","-69.367","76.367","18.0","ZHONGSHAN, AY",,,,,,," -298","H,,S"
"AYM00089573","2023-08-06","-69.367","76.367","18.0","ZHONGSHAN, AY",,,,,,," -317","H,,S"
"AYM00089573","2023-08-07","-69.367","76.367","18.0","ZHONGSHAN, AY",,,,,,," -323","H,,S"
"AYM00089573","2023-09-12","-69.367","76.367","18.0","ZHONGSHAN, AY",,,,,,,"  -54","H,,S"
"AYM00089573","2023-09-13","-69.367","76.367","18.0","ZHONGSHAN, AY",,,,,,,"  -38","H,,S"
"AYM00089573","2023-09-14","-69.367","76.367","18.0","ZHONGSHAN, AY",,,,,,,"  -38","H,,S"
"AYM00089573","2023-09-15","-69.367","76.367","18.0","ZHONGSHAN, AY",,,,,,,"  -12","H,,S"
"AYM00089573","2023-09-16","-69.367","76.367","18.0","ZHONGSHAN, AY",,,,,,,"  -29","H,,S"
"AYM00089573","2023-09-17","-69.367","76.367","18.0","ZHONGSHAN, AY",,,,,,,"  -47","H,,S"
"AYM00089573","2023-09-18","-69.367","76.367","18.0","ZHONGSHAN, AY",,,,,,,"  -72","H,,S"
"AYM00089573","2023-09-20","-69.367","76.367","18.0","ZHONGSHAN, AY",,,,,,,"  -78","H,,S"
"AYM00089573","2023-09-21","-69.367","76.367","18.0","ZHONGSHAN, AY",,,,,,," -111","H,,S"
"AYM00089573","2023-09-22","-69.367","76.367","18.0","ZHONGSHAN, AY",,,,,,," -117","H,,S"
"AYM00089573","2023-09-23","-69.367","76.367","18.0","ZHONGSHAN, AY",,,,,,,"  -99","H,,S"
"AYM00089573","2023-09-24","-69.367","76.367","18.0","ZHONGSHAN, AY",,,,,,,"  -85","H,,S"
"AYM00089573","2023-09-25","-69.367","76.367","18.0","ZHONGSHAN, AY",,,,,,,"  -77","H,,S"
"AYM00089573","2023-09-26","-69.367","76.367","18.0","ZHONGSHAN, AY",,,,,,,"  -91","H,,S"
"AYM00089573","2023-09-27","-69.367","76.367","18.0","ZHONGSHAN, AY",,,,,,," -114","H,,S"
"AYM00089573","2023-09-29","-69.367","76.367","18.0","ZHONGSHAN, AY",,,,,,," -133","H,,S"
"AYM00089573","2023-09-30","-69.367","76.367","18.0","ZHONGSHAN, AY",,,,,,," -168","H,,S"
"AYM00089573","2023-10-01","-69.367","76.367","18.0","ZHONGSHAN, AY",,,,,,," -156","H,,S"
"AYM00089573","2023-10-02","-69.367","76.367","18.0","ZHONGSHAN, AY",,,,,,," -151","H,,S"
"AYM00089573","2023-10-03","-69.367","76.367","18.0","ZHONGSHAN, AY",,,,,,," -150","H,,S"
"AYM00089573","2023-10-04","-69.367","76.367","18.0","ZHONGSHAN, AY",,,,,,," -175","H,,S"
"AYM00089573","2023-10-05","-69.367","76.367","18.0","ZHONGSHAN, AY",,,,,,," -167","H,,S"
"AYM00089573","2023-10-06","-69.367","76.367","18.0","ZHONGSHAN, AY",,,,,,," -157","H,,S"
"AYM00089573","2023-10-07","-69.367","76.367","18.0","ZHONGSHAN, AY",,,,,,," -123","H,,S"
"AYM00089573","2023-10-08","-69.367","76.367","18.0","ZHONGSHAN, AY",,,,,,," -118","H,,S"
"AYM00089573","2023-10-09","-69.367","76.367","18.0","ZHONGSHAN, AY",,,,,,," -113","H,,S"
"AYM00089573","2023-10-10","-69.367","76.367","18.0","ZHONGSHAN, AY",,,,,,,"  -36","H,,S"
"AYM00089573","2023-10-11","-69.367","76.367","18.0","ZHONGSHAN, AY",,,,,,,"  -72","H,,S"
"AYM00089573","2023-10-13","-69.367","76.367","18.0","ZHONGSHAN, AY",,,,,,," -121","H,,S"
"AYM00089573","2023-10-14","-69.367","76.367","18.0","ZHONGSHAN, AY",,,,,,," -155","H,,S"
"AYM00089573","2023-10-15","-69.367","76.367","18.0","ZHONGSHAN, AY",,,,,,," -176","H,,S"
"AYM00089573","2023-10-16","-69.367","76.367","18.0","ZHONGSHAN, AY",,,,,,," -157","H,,S"
"AYM00089573","2023-10-17","-69.367","76.367","18.0","ZHONGSHAN, AY",,,,,,," -170","H,,S"
"AYM00089573","2023-10-18","-69.367","76.367","18.0","ZHONGSHAN, AY",,,,,,," -159","H,,S"
"AYM00089573","2023-10-19","-69.367","76.367","18.0","ZHONGSHAN, AY",,,,,,," -138","H,,S"
"AYM00089573","2023-10-20","-69.367","76.367","18.0","ZHONGSHAN, AY",,,,,,," -149","H,,S"
"AYM00089573","2023-10-21","-69.367","76.367","18.0","ZHONGSHAN, AY",,,,,,," -145","H,,S"
"AYM00089573","2023-10-22","-69.367","76.367","18.0","ZHONGSHAN, AY",,,,,,," -126","H,,S"
"AYM00089573","2023-10-23","-69.367","76.367","18.0","ZHONGSHAN, AY",,,,,,," -116","H,,S"
"AYM00089573","2023-10-24","-69.367","76.367","18.0","ZHONGSHAN, AY",,,,,,,"  -61","H,,S"
"AYM00089573","2023-10-25","-69.367","76.367","18.0","ZHONGSHAN, AY",,,,,,,"  -44","H,,S"
"AYM00089573","2023-10-26","-69.367","76.367","18.0","ZHONGSHAN, AY",,,,,,,"  -33","H,,S"
"AYM00089573","2023-10-27","-69.367","76.367","18.0","ZHONGSHAN, AY",,,,,,,"  -40","H,,S"
"AYM00089573","2023-10-28","-69.367","76.367","18.0","ZHONGSHAN, AY",,,,,,,"  -49","H,,S"
"AYM00089573","2023-10-29","-69.367","76.367","18.0","ZHONGSHAN, AY",,,,,,,"  -56","H,,S"
"AYM00089573","2023-10-30","-69.367","76.367","18.0","ZHONGSHAN, AY",,,,,,,"  -78","H,,S"
"AYM00089573","2023-10-31","-69.367","76.367","18.0","ZHONGSHAN, AY",,,,,,," -101","H,,S"
"AYM00089573","2023-11-01","-69.367","76.367","18.0","ZHONGSHAN, AY",,,,,,," -106","H,,S"
"AYM00089573","2023-11-02","-69.367","76.367","18.0","ZHONGSHAN, AY",,,,,,,"  -84","H,,S"
"AYM00089573","2023-11-03","-69.367","76.367","18.0","ZHONGSHAN, AY",,,,,,,"  -52","H,,S"
"AYM00089573","2023-11-04","-69.367","76.367","18.0","ZHONGSHAN, AY",,,,,,,"  -75","H,,S"
"AYM00089573","2023-11-05","-69.367","76.367","18.0","ZHONGSHAN, AY",,,,,,,"  -82","H,,S"
"AYM00089573","2023-11-07","-69.367","76.367","18.0","ZHONGSHAN, AY",,,,,,,"  -76","H,,S"
"AYM00089573","2023-11-08","-69.367","76.367","18.0","ZHONGSHAN, AY",,,,,,,"  -60","H,,S"
"AYM00089573","2023-11-09","-69.367","76.367","18.0","ZHONGSHAN, AY",,,,,,,"  -58","H,,S"
"AYM00089573","2023-11-10","-69.367","76.367","18.0","ZHONGSHAN, AY",,,,,,,"  -42","H,,S"
"AYM00089573","2023-11-11","-69.367","76.367","18.0","ZHONGSHAN, AY",,,,,,,"  -65","H,,S"
"AYM00089573","2023-11-12","-69.367","76.367","18.0","ZHONGSHAN, AY",,,,,,,"  -55","H,,S"
"AYM00089573","2023-11-13","-69.367","76.367","18.0","ZHONGSHAN, AY",,,,,,,"  -45","H,,S"
"AYM00089573","2023-11-14","-69.367","76.367","18.0","ZHONGSHAN, AY",,,,,,,"  -33","H,,S"
"AYM00089573","2023-11-15","-69.367","76.367","18.0","ZHONGSHAN, AY",,,,,,,"  -37","H,,S"
"AYM00089573","2023-11-16","-69.367","76.367","18.0","ZHONGSHAN, AY",,,,,,,"  -60","H,,S"
"AYM00089573","2023-11-17","-69.367","76.367","18.0","ZHONGSHAN, AY",,,,,,,"  -64","H,,S"
"AYM00089573","2023-11-18","-69.367","76.367","18.0","ZHONGSHAN, AY",,,,,,,"  -55","H,,S"
"AYM00089573","2023-11-19","-69.367","76.367","18.0","ZHONGSHAN, AY",,,,,,,"  -68","H,,S"
"AYM00089573","2023-11-20","-69.367","76.367","18.0","ZHONGSHAN, AY",,,,,,,"  -69","H,,S"
"AYM00089573","2023-11-21","-69.367","76.367","18.0","ZHONGSHAN, AY",,,,,,,"  -52","H,,S"
"AYM00089573","2023-11-22","-69.367","76.367","18.0","ZHONGSHAN, AY",,,,,,,"  -68","H,,S"
"AYM00089573","2023-11-23","-69.367","76.367","18.0","ZHONGSHAN, AY",,,,,,,"  -83","H,,S"
"AYM00089573","2023-11-24","-69.367","76.367","18.0","ZHONGSHAN, AY",,,,,,,"  -62","H,,S"
"AYM00089573","2023-11-25","-69.367","76.367","18.0","ZHONGSHAN, AY",,,,,,,"  -33","H,,S"
"AYM00089573","2023-11-26","-69.367","76.367","18.0","ZHONGSHAN, AY",,,,,,,"  -36","H,,S"
"AYM00089573","2023-11-27","-69.367","76.367","18.0","ZHONGSHAN, AY",,,,,,,"    5","H,,S"
"AYM00089573","2023-11-28","-69.367","76.367","18.0","ZHONGSHAN, AY",,,,,,,"   -9","H,,S"
"AYM00089573","2023-11-29","-69.367","76.367","18.0","ZHONGSHAN, AY",,,,,,,"  -23","H,,S"
"AYM00089573","2023-11-30","-69.367","76.367","18.0","ZHONGSHAN, AY",,,,,,,"  -23","H,,S"
"AYM00089573","2023-12-01","-69.367","76.367","18.0","ZHONGSHAN, AY",,,,,,,"  -36","H,,S"
"AYM00089573","2023-12-02","-69.367","76.367","18.0","ZHONGSHAN, AY",,,,,,,"    5","H,,S"
"AYM00089573","2023-12-03","-69.367","76.367","18.0","ZHONGSHAN, AY",,,,,,,"    7","H,,S"
"AYM00089573","2023-12-04","-69.367","76.367","18.0","ZHONGSHAN, AY",,,,,,,"   27","H,,S"
"AYM00089573","2023-12-06","-69.367","76.367","18.0","ZHONGSHAN, AY",,,,,,,"   27","H,,S"
"AYM00089573","2023-12-07","-69.367","76.367","18.0","ZHONGSHAN, AY",,,,,,,"    9","H,,S"
"AYM00089573","2023-12-08","-69.367","76.367","18.0","ZHONGSHAN, AY",,,,,,,"   -8","H,,S"
"AYM00089573","2024-03-15","-69.367","76.367","18.0","ZHONGSHAN, AY",,,,,,,"  -91","H,,S"
"AYM00089573","2024-03-16","-69.367","76.367","18.0","ZHONGSHAN, AY",,,,,,," -108","H,,S"
"AYM00089573","2024-03-17","-69.367","76.367","18.0","ZHONGSHAN, AY",,,,,,," -110","H,,S"
"AYM00089573","2024-03-18","-69.367","76.367","18.0","ZHONGSHAN, AY",,,,,,,"  -40","H,,S"
"AYM00089573","2024-03-19","-69.367","76.367","18.0","ZHONGSHAN, AY",,,,,,,"  -41","H,,S"
"AYM00089573","2024-03-20","-69.367","76.367","18.0","ZHONGSHAN, AY",,,,,,,"  -38","H,,S"
"AYM00089573","2024-03-21","-69.367","76.367","18.0","ZHONGSHAN, AY",,,,,,,"  -67","H,,S"
"AYM00089573","2024-03-22","-69.367","76.367","18.0","ZHONGSHAN, AY",,,,,,," -124","H,,S"
"AYM00089573","2024-03-23","-69.367","76.367","18.0","ZHONGSHAN, AY",,,,,,," -137","H,,S"
"AYM00089573","2024-03-24","-69.367","76.367","18.0","ZHONGSHAN, AY",,,,,,," -125","H,,S"
"AYM00089573","2024-03-25","-69.367","76.367","18.0","ZHONGSHAN, AY",,,,,,," -117","H,,S"
"AYM00089573","2024-04-24","-69.367","76.367","18.0","ZHONGSHAN, AY",,,,,,,"  -75","H,,S"
"AYM00089573","2024-04-25","-69.367","76.367","18.0","ZHONGSHAN, AY",,,,,,," -117","H,,S"
"AYM00089573","2024-04-26","-69.367","76.367","18.0","ZHONGSHAN, AY",,,,,,," -164","H,,S"
"AYM00089573","2024-04-28","-69.367","76.367","18.0","ZHONGSHAN, AY",,,,,,," -196","H,,S"
"AYM00089573","2024-04-29","-69.367","76.367","18.0","ZHONGSHAN, AY",,,,,,," -181","H,,S"
"AYM00089573","2024-04-30","-69.367","76.367","18.0","ZHONGSHAN, AY",,,,,,,"  -94","H,,S"
"AYM00089573","2024-05-02","-69.367","76.367","18.0","ZHONGSHAN, AY",,,,,,,"  -70","H,,S"
"AYM00089573","2024-05-03","-69.367","76.367","18.0","ZHONGSHAN, AY",,,,,,," -108","H,,S"
"AYM00089573","2024-05-06","-69.367","76.367","18.0","ZHONGSHAN, AY",,,,,,," -237","H,,S"
"AYM00089573","2024-05-08","-69.367","76.367","18.0","ZHONGSHAN, AY",,,,,,," -199","H,,S"
"AYM00089573","2024-05-09","-69.367","76.367","18.0","ZHONGSHAN, AY",,,,,,," -176","H,,S"
"AYM00089573","2024-05-10","-69.367","76.367","18.0","ZHONGSHAN, AY",,,,,,," -166","H,,S"
"AYM00089573","2024-05-11","-69.367","76.367","18.0","ZHONGSHAN, AY",,,,,,,"  -88","H,,S"
"AYM00089573","2024-05-12","-69.367","76.367","18.0","ZHONGSHAN, AY",,,,,,," -112","H,,S"
"AYM00089573","2024-05-14","-69.367","76.367","18.0","ZHONGSHAN, AY",,,,,,," -141","H,,S"
"AYM00089573","2024-05-15","-69.367","76.367","18.0","ZHONGSHAN, AY",,,,,,," -167","H,,S"
"AYM00089573","2024-05-16","-69.367","76.367","18.0","ZHONGSHAN, AY",,,,,,," -206","H,,S"
"AYM00089573","2024-05-17","-69.367","76.367","18.0","ZHONGSHAN, AY",,,,,,," -224","H,,S"
"AYM00089573","2024-05-18","-69.367","76.367","18.0","ZHONGSHAN, AY",,,,,,," -234","H,,S"
"AYM00089573","2024-05-19","-69.367","76.367","18.0","ZHONGSHAN, AY",,,,,,," -230","H,,S"
"AYM00089573","2024-05-20","-69.367","76.367","18.0","ZHONGSHAN, AY",,,,,,," -253","H,,S"
"AYM00089573","2024-05-21","-69.367","76.367","18.0","ZHONGSHAN, AY",,,,,,," -258","H,,S"
"AYM00089573","2024-05-22","-69.367","76.367","18.0","ZHONGSHAN, AY",,,,,,," -173","H,,S"
"AYM00089573","2024-05-23","-69.367","76.367","18.0","ZHONGSHAN, AY",,,,,,," -195","H,,S"
"AYM00089573","2024-05-24","-69.367","76.367","18.0","ZHONGSHAN, AY",,,,,,," -152","H,,S"
"AYM00089573","2024-05-25","-69.367","76.367","18.0","ZHONGSHAN, AY",,,,,,,"  -51","H,,S"
"AYM00089573","2024-05-26","-69.367","76.367","18.0","ZHONGSHAN, AY",,,,,,," -108","H,,S"
"AYM00089573","2024-05-27","-69.367","76.367","18.0","ZHONGSHAN, AY",,,,,,," -106","H,,S"
"AYM00089573","2024-05-28","-69.367","76.367","18.0","ZHONGSHAN, AY",,,,,,,"  -36","H,,S"
"AYM00089573","2024-05-29","-69.367","76.367","18.0","ZHONGSHAN, AY",,,,,,,"  -23","H,,S"
"AYM00089573","2024-05-30","-69.367","76.367","18.0","ZHONGSHAN, AY",,,,,,,"   -8","H,,S"
"AYM00089573","2024-05-31","-69.367","76.367","18.0","ZHONGSHAN, AY",,,,,,,"  -59","H,,S"
"AYM00089573","2024-06-01","-69.367","76.367","18.0","ZHONGSHAN, AY",,,,,,,"  -97","H,,S"
"AYM00089573","2024-06-02","-69.367","76.367","18.0","ZHONGSHAN, AY",,,,,,," -127","H,,S"
"AYM00089573","2024-06-03","-69.367","76.367","18.0","ZHONGSHAN, AY",,,,,,," -161","H,,S"
"AYM00089573","2024-06-04","-69.367","76.367","18.0","ZHONGSHAN, AY",,,,,,," -156","H,,S"
"AYM00089573","2024-06-05","-69.367","76.367","18.0","ZHONGSHAN, AY",,,,,,," -152","H,,S"
"AYM00089573","2024-06-06","-69.367","76.367","18.0","ZHONGSHAN, AY",,,,,,," -157","H,,S"
"AYM00089573","2024-06-07","-69.367","76.367","18.0","ZHONGSHAN, AY",,,,,,," -182","H,,S"
"AYM00089573","2024-06-08","-69.367","76.367","18.0","ZHONGSHAN, AY",,,,,,,"  -96","H,,S"
"AYM00089573","2024-06-09","-69.367","76.367","18.0","ZHONGSHAN, AY",,,,,,," -112","H,,S"
"AYM00089573","2024-06-10","-69.367","76.367","18.0","ZHONGSHAN, AY",,,,,,," -123","H,,S"
"AYM00089573","2024-06-11","-69.367","76.367","18.0","ZHONGSHAN, AY",,,,,,,"  -83","H,,S"
"AYM00089573","2024-06-12","-69.367","76.367","18.0","ZHONGSHAN, AY",,,,,,," -115","H,,S"
"AYM00089573","2024-06-13","-69.367","76.367","18.0","ZHONGSHAN, AY",,,,,,," -142","H,,S"
"AYM00089573","2024-06-14","-69.367","76.367","18.0","ZHONGSHAN, AY",,,,,,," -165","H,,S"
"AYM00089573","2024-06-15","-69.367","76.367","18.0","ZHONGSHAN, AY",,,,,,," -156","H,,S"
"AYM00089573","2024-06-16","-69.367","76.367","18.0","ZHONGSHAN, AY",,,,,,," -153","H,,S"
"AYM00089573","2024-06-17","-69.367","76.367","18.0","ZHONGSHAN, AY",,,,,,," -136","H,,S"
"AYM00089573","2024-06-18","-69.367","76.367","18.0","ZHONGSHAN, AY",,,,,,," -126","H,,S"
"AYM00089573","2024-06-19","-69.367","76.367","18.0","ZHONGSHAN, AY",,,,,,," -155","H,,S"
"AYM00089573","2024-06-20","-69.367","76.367","18.0","ZHONGSHAN, AY",,,,,,," -148","H,,S"
"AYM00089573","2024-06-21","-69.367","76.367","18.0","ZHONGSHAN, AY",,,,,,," -115","H,,S"
"AYM00089573","2024-06-22","-69.367","76.367","18.0","ZHONGSHAN, AY",,,,,,," -165","H,,S"
"AYM00089573","2024-06-24","-69.367","76.367","18.0","ZHONGSHAN, AY",,,,,,," -132","H,,S"
"AYM00089573","2024-06-25","-69.367","76.367","18.0","ZHONGSHAN, AY",,,,,,," -179","H,,S"
"AYM00089573","2024-06-26","-69.367","76.367","18.0","ZHONGSHAN, AY",,,,,,," -221","H,,S"
"AYM00089573","2024-06-27","-69.367","76.367","18.0","ZHONGSHAN, AY",,,,,,," -251","H,,S"
"AYM00089573","2024-06-28","-69.367","76.367","18.0","ZHONGSHAN, AY",,,,,,," -258","H,,S"
"AYM00089573","2024-06-29","-69.367","76.367","18.0","ZHONGSHAN, AY",,,,,,,"  -63","H,,S"
"AYM00089573","2024-06-30","-69.367","76.367","18.0","ZHONGSHAN, AY",,,,,,,"  -64","H,,S"
"AYM00089573","2024-07-01","-69.367","76.367","18.0","ZHONGSHAN, AY",,,,,,,"  -91","H,,S"
"AYM00089573","2024-07-03","-69.367","76.367","18.0","ZHONGSHAN, AY",,,,,,," -133","H,,S"
"AYM00089573","2024-07-04","-69.367","76.367","18.0","ZHONGSHAN, AY",,,,,,," -162","H,,S"
"AYM00089573","2024-07-05","-69.367","76.367","18.0","ZHONGSHAN, AY",,,,,,," -201","H,,S"
"AYM00089573","2024-07-06","-69.367","76.367","18.0","ZHONGSHAN, AY",,,,,,," -193","H,,S"
"AYM00089573","2024-07-07","-69.367","76.367","18.0","ZHONGSHAN, AY",,,,,,," -213","H,,S"
"AYM00089573","2024-07-08","-69.367","76.367","18.0","ZHONGSHAN, AY",,,,,,," -157","H,,S"
"AYM00089573","2024-07-10","-69.367","76.367","18.0","ZHONGSHAN, AY",,,,,,," -219","H,,S"
"AYM00089573","2024-07-11","-69.367","76.367","18.0","ZHONGSHAN, AY",,,,,,," -181","H,,S"
"AYM00089573","2024-07-12","-69.367","76.367","18.0","ZHONGSHAN, AY",,,,,,," -219","H,,S"
"AYM00089573","2024-07-13","-69.367","76.367","18.0","ZHONGSHAN, AY",,,,,,," -290","H,,S"
"AYM00089573","2024-07-14","-69.367","76.367","18.0","ZHONGSHAN, AY",,,,,,," -321","H,,S"
"AYM00089573","2024-07-15","-69.367","76.367","18.0","ZHONGSHAN, AY",,,,,,," -328","H,,S"
"AYM00089573","2024-07-16","-69.367","76.367","18.0","ZHONGSHAN, AY",,,,,,," -303","H,,S"
"AYM00089573","2024-07-17","-69.367","76.367","18.0","ZHONGSHAN, AY",,,,,,," -249","H,,S"
"AYM00089573","2024-07-18","-69.367","76.367","18.0","ZHONGSHAN, AY",,,,,,," -128","H,,S"
"AYM00089573","2024-07-19","-69.367","76.367","18.0","ZHONGSHAN, AY",,,,,,," -147","H,,S"
"AYM00089573","2024-07-20","-69.367","76.367","18.0","ZHONGSHAN, AY",,,,,,," -189","H,,S"
"AYM00089573","2024-07-21","-69.367","76.367","18.0","ZHONGSHAN, AY",,,,,,," -165","H,,S"
"AYM00089573","2024-07-22","-69.367","76.367","18.0","ZHONGSHAN, AY",,,,,,," -211","H,,S"
"AYM00089573","2024-07-23","-69.367","76.367","18.0","ZHONGSHAN, AY",,,,,,," -211","H,,S"
"AYM00089573","2024-07-24","-69.367","76.367","18.0","ZHONGSHAN, AY",,,,,,," -121","H,,S"
"AYM00089573","2024-07-25","-69.367","76.367","18.0","ZHONGSHAN, AY",,,,,,," -141","H,,S"
"AYM00089573","2024-07-26","-69.367","76.367","18.0","ZHONGSHAN, AY",,,,,,," -171","H,,S"
"AYM00089573","2024-07-27","-69.367","76.367","18.0","ZHONGSHAN, AY",,,,,,,"  -92","H,,S"
"AYM00089573","2024-07-28","-69.367","76.367","18.0","ZHONGSHAN, AY",,,,,,," -101","H,,S"
"AYM00089573","2024-07-29","-69.367","76.367","18.0","ZHONGSHAN, AY",,,,,,," -148","H,,S"
"AYM00089573","2024-07-30","-69.367","76.367","18.0","ZHONGSHAN, AY",,,,,,," -171","H,,S"
"AYM00089573","2024-07-31","-69.367","76.367","18.0","ZHONGSHAN, AY",,,,,,," -183","H,,S"
"AYM00089573","2024-08-01","-69.367","76.367","18.0","ZHONGSHAN, AY",,,,,,," -130","H,,S"
"AYM00089573","2024-08-02","-69.367","76.367","18.0","ZHONGSHAN, AY",,,,,,,"  -71","H,,S"
"AYM00089573","2024-08-03","-69.367","76.367","18.0","ZHONGSHAN, AY",,,,,,,"  -26","H,,S"
"AYM00089573","2024-08-04","-69.367","76.367","18.0","ZHONGSHAN, AY",,,,,,,"  -23","H,,S"
"AYM00089573","2024-08-05","-69.367","76.367","18.0","ZHONGSHAN, AY",,,,,,,"  -43","H,,S"
"AYM00089573","2024-08-06","-69.367","76.367","18.0","ZHONGSHAN, AY",,,,,,,"  -71","H,,S"
"AYM00089573","2024-08-07","-69.367","76.367","18.0","ZHONGSHAN, AY",,,,,,," -148","H,,S"
"AYM00089573","2024-08-08","-69.367","76.367","18.0","ZHONGSHAN, AY",,,,,,," -110","H,,S"
"AYM00089573","2024-08-09","-69.367","76.367","18.0","ZHONGSHAN, AY",,,,,,,"  -68","H,,S"
"AYM00089573","2024-08-10","-69.367","76.367","18.0","ZHONGSHAN, AY",,,,,,,"  -84","H,,S"
"AYM00089573","2024-08-11","-69.367","76.367","18.0","ZHONGSHAN, AY",,,,,,," -102","H,,S"
"AYM00089573","2024-08-13","-69.367","76.367","18.0","ZHONGSHAN, AY",,,,,,," -119","H,,S"
"AYM00089573","2024-08-14","-69.367","76.367","18.0","ZHONGSHAN, AY",,,,,,,"  -80","H,,S"
"AYM00089573","2024-08-17","-69.367","76.367","18.0","ZHONGSHAN, AY",,,,,,,"  -57","H,,S"
"AYM00089573","2024-08-18","-69.367","76.367","18.0","ZHONGSHAN, AY",,,,,,,"  -77","H,,S"
"AYM00089573","2024-08-19","-69.367","76.367","18.0","ZHONGSHAN, AY",,,,,,,"  -51","H,,S"
"AYM00089573","2024-08-20","-69.367","76.367","18.0","ZHONGSHAN, AY",,,,,,,"  -88","H,,S"
"AYM00089573","2024-08-21","-69.367","76.367","18.0","ZHONGSHAN, AY",,,,,,," -124","H,,S"
"AYM00089573","2024-08-22","-69.367","76.367","18.0","ZHONGSHAN, AY",,,,,,," -144","H,,S"
"AYM00089573","2024-08-23","-69.367","76.367","18.0","ZHONGSHAN, AY",,,,,,," -182","H,,S"
"AYM00089573","2024-08-24","-69.367","76.367","18.0","ZHONGSHAN, AY",,,,,,," -184","H,,S"
"AYM00089573","2024-08-25","-69.367","76.367","18.0","ZHONGSHAN, AY",,,,,,," -133","H,,S"
"AYM00089573","2024-08-26","-69.367","76.367","18.0","ZHONGSHAN, AY",,,,,,," -121","H,,S"
"AYM00089573","2024-08-27","-69.367","76.367","18.0","ZHONGSHAN, AY",,,,,,," -122","H,,S"
"AYM00089573","2024-08-28","-69.367","76.367","18.0","ZHONGSHAN, AY",,,,,,,"  -84","H,,S"
"AYM00089573","2024-08-29","-69.367","76.367","18.0","ZHONGSHAN, AY",,,,,,," -101","H,,S"
"AYM00089573","2024-08-30","-69.367","76.367","18.0","ZHONGSHAN, AY",,,,,,," -113","H,,S"
"AYM00089573","2024-08-31","-69.367","76.367","18.0","ZHONGSHAN, AY",,,,,,," -112","H,,S"
"AYM00089573","2024-09-01","-69.367","76.367","18.0","ZHONGSHAN, AY",,,,,,," -105","H,,S"
"AYM00089573","2024-09-02","-69.367","76.367","18.0","ZHONGSHAN, AY",,,,,,," -127","H,,S"
"AYM00089573","2024-09-03","-69.367","76.367","18.0","ZHONGSHAN, AY",,,,,,," -168","H,,S"
"AYM00089573","2024-09-04","-69.367","76.367","18.0","ZHONGSHAN, AY",,,,,,," -147","H,,S"
"AYM00089573","2024-09-05","-69.367","76.367","18.0","ZHONGSHAN, AY",,,,,,," -156","H,,S"
"AYM00089573","2024-09-06","-69.367","76.367","18.0","ZHONGSHAN, AY",,,,,,," -152","H,,S"
"AYM00089573","2024-09-07","-69.367","76.367","18.0","ZHONGSHAN, AY",,,,,,," -137","H,,S"
"AYM00089573","2024-09-08","-69.367","76.367","18.0","ZHONGSHAN, AY",,,,,,," -142","H,,S"
"AYM00089573","2024-09-09","-69.367","76.367","18.0","ZHONGSHAN, AY",,,,,,," -153","H,,S"
"AYM00089573","2024-09-10","-69.367","76.367","18.0","ZHONGSHAN, AY",,,,,,," -138","H,,S"
"AYM00089573","2024-09-11","-69.367","76.367","18.0","ZHONGSHAN, AY",,,,,,," -158","H,,S"
"AYM00089573","2024-09-14","-69.367","76.367","18.0","ZHONGSHAN, AY",,,,,,," -163","H,,S"
"AYM00089573","2024-09-15","-69.367","76.367","18.0","ZHONGSHAN, AY",,,,,,," -127","H,,S"
"AYM00089573","2024-09-16","-69.367","76.367","18.0","ZHONGSHAN, AY",,,,,,," -212","H,,S"
"AYM00089573","2024-09-17","-69.367","76.367","18.0","ZHONGSHAN, AY",,,,,,," -213","H,,S"
"AYM00089573","2024-09-18","-69.367","76.367","18.0","ZHONGSHAN, AY",,,,,,," -209","H,,S"
"AYM00089573","2024-09-19","-69.367","76.367","18.0","ZHONGSHAN, AY",,,,,,," -216","H,,S"
"AYM00089573","2024-09-20","-69.367","76.367","18.0","ZHONGSHAN, AY",,,,,,," -239","H,,S"
"AYM00089573","2024-09-21","-69.367","76.367","18.0","ZHONGSHAN, AY",,,,,,," -227","H,,S"
"AYM00089573","2024-09-22","-69.367","76.367","18.0","ZHONGSHAN, AY",,,,,,," -214","H,,S"
"AYM00089573","2024-09-23","-69.367","76.367","18.0","ZHONGSHAN, AY",,,,,,," -179","H,,S"
"AYM00089573","2024-09-24","-69.367","76.367","18.0","ZHONGSHAN, AY",,,,,,,"  -82","H,,S"
"AYM00089573","2024-09-25","-69.367","76.367","18.0","ZHONGSHAN, AY",,,,,,,"  -76","H,,S"
"AYM00089573","2024-09-26","-69.367","76.367","18.0","ZHONGSHAN, AY",,,,,,,"  -91","H,,S"
"AYM00089573","2024-09-27","-69.367","76.367","18.0","ZHONGSHAN, AY",,,,,,," -115","H,,S"
"AYM00089573","2024-09-28","-69.367","76.367","18.0","ZHONGSHAN, AY",,,,,,," -126","H,,S"
"AYM00089573","2024-09-29","-69.367","76.367","18.0","ZHONGSHAN, AY",,,,,,," -169","H,,S"
"AYM00089573","2024-09-30","-69.367","76.367","18.0","ZHONGSHAN, AY",,,,,,," -181","H,,S"
"AYM00089573","2024-10-02","-69.367","76.367","18.0","ZHONGSHAN, AY",,,,,,," -172","H,,S"
"AYM00089573","2024-10-03","-69.367","76.367","18.0","ZHONGSHAN, AY",,,,,,," -200","H,,S"
"AYM00089573","2024-10-04","-69.367","76.367","18.0","ZHONGSHAN, AY",,,,,,," -204","H,,S"
"AYM00089573","2024-10-05","-69.367","76.367","18.0","ZHONGSHAN, AY",,,,,,," -125","H,,S"
"AYM00089573","2024-10-06","-69.367","76.367","18.0","ZHONGSHAN, AY",,,,,,," -102","H,,S"
"AYM00089573","2024-10-07","-69.367","76.367","18.0","ZHONGSHAN, AY",,,,,,,"  -84","H,,S"
"AYM00089573","2024-10-08","-69.367","76.367","18.0","ZHONGSHAN, AY",,,,,,," -121","H,,S"
"AYM00089573","2024-10-09","-69.367","76.367","18.0","ZHONGSHAN, AY",,,,,,," -104","H,,S"
"AYM00089573","2024-10-10","-69.367","76.367","18.0","ZHONGSHAN, AY",,,,,,," -104","H,,S"
"AYM00089573","2024-10-11","-69.367","76.367","18.0","ZHONGSHAN, AY",,,,,,," -119","H,,S"
"AYM00089573","2024-10-12","-69.367","76.367","18.0","ZHONGSHAN, AY",,,,,,," -187","H,,S"
"AYM00089573","2024-10-13","-69.367","76.367","18.0","ZHONGSHAN, AY",,,,,,," -148","H,,S"
"AYM00089573","2024-10-15","-69.367","76.367","18.0","ZHONGSHAN, AY",,,,,,,"  -58","H,,S"
"AYM00089573","2024-10-16","-69.367","76.367","18.0","ZHONGSHAN, AY",,,,,,,"  -31","H,,S"
"AYM00089573","2024-10-17","-69.367","76.367","18.0","ZHONGSHAN, AY",,,,,,,"  -46","H,,S"
"AYM00089573","2024-10-18","-69.367","76.367","18.0","ZHONGSHAN, AY",,,,,,,"  -78","H,,S"
"AYM00089573","2024-10-20","-69.367","76.367","18.0","ZHONGSHAN, AY",,,,,,," -125","H,,S"
"AYM00089573","2024-10-21","-69.367","76.367","18.0","ZHONGSHAN, AY",,,,,,," -118","H,,S"
"AYM00089573","2024-10-22","-69.367","76.367","18.0","ZHONGSHAN, AY",,,,,,," -119","H,,S"
"AYM00089573","2024-10-23","-69.367","76.367","18.0","ZHONGSHAN, AY",,,,,,," -115","H,,S"
"AYM00089573","2024-10-24","-69.367","76.367","18.0","ZHONGSHAN, AY",,,,,,,"  -89","H,,S"
"AYM00089573","2024-10-25","-69.367","76.367","18.0","ZHONGSHAN, AY",,,,,,,"  -94","H,,S"
"AYM00089573","2024-10-26","-69.367","76.367","18.0","ZHONGSHAN, AY",,,,,,,"  -96","H,,S"
"AYM00089573","2024-10-27","-69.367","76.367","18.0","ZHONGSHAN, AY",,,,,,,"  -82","H,,S"
"AYM00089573","2024-10-28","-69.367","76.367","18.0","ZHONGSHAN, AY",,,,,,,"  -61","H,,S"
"AYM00089573","2024-10-29","-69.367","76.367","18.0","ZHONGSHAN, AY",,,,,,,"  -72","H,,S"
"AYM00089573","2024-10-30","-69.367","76.367","18.0","ZHONGSHAN, AY",,,,,,,"  -79","H,,S"
"AYM00089573","2024-10-31","-69.367","76.367","18.0","ZHONGSHAN, AY",,,,,,,"  -92","H,,S"
"AYM00089573","2024-11-01","-69.367","76.367","18.0","ZHONGSHAN, AY",,,,,,,"  -68","H,,S"
"AYM00089573","2024-11-02","-69.367","76.367","18.0","ZHONGSHAN, AY",,,,,,,"  -37","H,,S"
"AYM00089573","2024-11-03","-69.367","76.367","18.0","ZHONGSHAN, AY",,,,,,,"  -51","H,,S"
"AYM00089573","2024-11-05","-69.367","76.367","18.0","ZHONGSHAN, AY",,,,,,,"  -85","H,,S"
"AYM00089573","2024-11-06","-69.367","76.367","18.0","ZHONGSHAN, AY",,,,,,," -120","H,,S"
"AYM00089573","2024-11-07","-69.367","76.367","18.0","ZHONGSHAN, AY",,,,,,," -155","H,,S"
"AYM00089573","2024-11-10","-69.367","76.367","18.0","ZHONGSHAN, AY",,,,,,,"  -80","H,,S"
"AYM00089573","2024-11-11","-69.367","76.367","18.0","ZHONGSHAN, AY",,,,,,,"  -67","H,,S"
"AYM00089573","2024-11-12","-69.367","76.367","18.0","ZHONGSHAN, AY",,,,,,,"  -56","H,,S"
"AYM00089573","2024-11-13","-69.367","76.367","18.0","ZHONGSHAN, AY",,,,,,,"  -60","H,,S"
"AYM00089573","2024-11-14","-69.367","76.367","18.0","ZHONGSHAN, AY",,,,,,,"  -48","H,,S"
"AYM00089573","2024-11-15","-69.367","76.367","18.0","ZHONGSHAN, AY",,,,,,,"  -28","H,,S"
"AYM00089573","2024-11-16","-69.367","76.367","18.0","ZHONGSHAN, AY",,,,,,,"  -27","H,,S"
"AYM00089573","2024-11-17","-69.367","76.367","18.0","ZHONGSHAN, AY",,,,,,,"  -63","H,,S"
"AYM00089573","2024-11-22","-69.367","76.367","18.0","ZHONGSHAN, AY",,,,,,,"  -13","H,,S"
"AYM00089573","2024-11-23","-69.367","76.367","18.0","ZHONGSHAN, AY",,,,,,,"  -39","H,,S"
"AYM00089573","2024-11-24","-69.367","76.367","18.0","ZHONGSHAN, AY",,,,,,,"  -38","H,,S"
"AYM00089573","2024-11-25","-69.367","76.367","18.0","ZHONGSHAN, AY",,,,,,,"  -13","H,,S"
"AYM00089573","2024-11-26","-69.367","76.367","18.0","ZHONGSHAN, AY",,,,,,,"   -8","H,,S"
"AYM00089573","2024-11-27","-69.367","76.367","18.0","ZHONGSHAN, AY",,,,,,,"   -5","H,,S"
"AYM00089573","2024-11-28","-69.367","76.367","18.0","ZHONGSHAN, AY",,,,,,,"  -21","H,,S"
"AYM00089573","2024-11-29","-69.367","76.367","18.0","ZHONGSHAN, AY",,,,,,,"  -29","H,,S"
"AYM00089573","2024-11-30","-69.367","76.367","18.0","ZHONGSHAN, AY",,,,,,,"  -21","H,,S"
"AYM00089573","2024-12-02","-69.367","76.367","18.0","ZHONGSHAN, AY",,,,,,,"  -15","H,,S"
"AYM00089573","2024-12-04","-69.367","76.367","18.0","ZHONGSHAN, AY",,,,,,,"   28","H,,S"
"AYM00089573","2024-12-05","-69.367","76.367","18.0","ZHONGSHAN, AY",,,,,,,"   15","H,,S"
"AYM00089573","2024-12-07","-69.367","76.367","18.0","ZHONGSHAN, AY",,,,,,,"   33","H,,S"
"AYM00089573","2024-12-08","-69.367","76.367","18.0","ZHONGSHAN, AY",,,,,,,"   37","H,,S"
"AYM00089573","2024-12-09","-69.367","76.367","18.0","ZHONGSHAN, AY",,,,,,,"   13","H,,S"
"AYM00089573","2024-12-10","-69.367","76.367","18.0","ZHONGSHAN, AY",,,,,,,"   11","H,,S"
"AYM00089573","2024-12-11","-69.367","76.367","18.0","ZHONGSHAN, AY",,,,,,,"    5","H,,S"
"AYM00089573","2024-12-12","-69.367","76.367","18.0","ZHONGSHAN, AY",,,,,,,"   18","H,,S"
"AYM00089573","2024-12-13","-69.367","76.367","18.0","ZHONGSHAN, AY",,,,,,,"   -4","H,,S"
"AYM00089573","2024-12-14","-69.367","76.367","18.0","ZHONGSHAN, AY",,,,,,,"    1","H,,S"
"AYM00089573","2024-12-15","-69.367","76.367","18.0","ZHONGSHAN, AY",,,,,,,"  -15","H,,S"
"AYM00089573","2024-12-16","-69.367","76.367","18.0","ZHONGSHAN, AY",,,,,,,"   -5","H,,S"
"AYM00089573","2024-12-17","-69.367","76.367","18.0","ZHONGSHAN, AY",,,,,,,"    7","H,,S"
"AYM00089573","2024-12-19","-69.367","76.367","18.0","ZHONGSHAN, AY",,,,,,,"   -8","H,,S"
"AYM00089573","2024-12-20","-69.367","76.367","18.0","ZHONGSHAN, AY",,,,,,,"    2","H,,S"
"AYM00089573","2024-12-21","-69.367","76.367","18.0","ZHONGSHAN, AY",,,,,,,"   27","H,,S"
"AYM00089573","2024-12-22","-69.367","76.367","18.0","ZHONGSHAN, AY",,,,,,,"   38","H,,S"
"AYM00089573","2024-12-23","-69.367","76.367","18.0","ZHONGSHAN, AY",,,,,,,"   41","H,,S"
"AYM00089573","2024-12-24","-69.367","76.367","18.0","ZHONGSHAN, AY",,,,,,,"   21","H,,S"
"AYM00089573","2024-12-25","-69.367","76.367","18.0","ZHONGSHAN, AY",,,,,,,"   51","H,,S"
"AYM00089573","2024-12-26","-69.367","76.367","18.0","ZHONGSHAN, AY",,,,,,,"   32","H,,S"
"AYM00089573","2024-12-27","-69.367","76.367","18.0","ZHONGSHAN, AY",,,,,,,"   28","H,,S"
"AYM00089573","2024-12-28","-69.367","76.367","18.0","ZHONGSHAN, AY",,,,,,,"   22","H,,S"
"AYM00089573","2024-12-29","-69.367","76.367","18.0","ZHONGSHAN, AY",,,,,,,"    6","H,,S"
"AYM00089573","2024-12-30","-69.367","76.367","18.0","ZHONGSHAN, AY",,,,,,,"    8","H,,S"
"AYM00089573","2024-12-31","-69.367","76.367","18.0","ZHONGSHAN, AY",,,,,,,"   -6","H,,S"
"AYM00089573","2025-01-01","-69.367","76.367","18.0","ZHONGSHAN, AY",,,"   14","H,,2","  -35","H,,2","  -10","H,,2"
"AYM00089573","2025-01-02","-69.367","76.367","18.0","ZHONGSHAN, AY",,,"   17","H,,2","  -18","H,,2","   -5","H,,2"
"AYM00089573","2025-01-03","-69.367","76.367","18.0","ZHONGSHAN, AY",,,"   22","H,,2","  -28","H,,2","   -7","H,,2"
"AYM00089573","2025-01-04","-69.367","76.367","18.0","ZHONGSHAN, AY",,,"   67","H,,2","    6","H,,2","   30","H,,2"
"AYM00089573","2025-01-05","-69.367","76.367","18.0","ZHONGSHAN, AY",,,"   42","H,,2","  -15","H,,2","   10","H,,2"
"AYM00089573","2025-01-06","-69.367","76.367","18.0","ZHONGSHAN, AY",,,"    9","H,,2","  -19","H,,2","   -8","H,,2"
"AYM00089573","2025-01-07","-69.367","76.367","18.0","ZHONGSHAN, AY",,,"   56","H,,2","  -14","H,,2","   20","H,,2"
"AYM00089573","2025-01-08","-69.367","76.367","18.0","ZHONGSHAN, AY",,,"   50","H,,2","    4","H,,2","   25","H,,2"
"AYM00089573","2025-01-09","-69.367","76.367","18.0","ZHONGSHAN, AY",,,"   30","H,,2","   -6","H,,2","   14","H,,2"
"AYM00089573","2025-01-10","-69.367","76.367","18.0","ZHONGSHAN, AY",,,"   23","H,,2","    0","H,,2","    9","H,,2"
"AYM00089573","2025-01-11","-69.367","76.367","18.0","ZHONGSHAN, AY",,,"   18","H,,2","   -8","H,,2","    6","H,,2"
"AYM00089573","2025-01-12","-69.367","76.367","18.0","ZHONGSHAN, AY",,,"   24","H,,2","   -7","H,,2","   16","H,,2"
"AYM00089573","2025-01-13","-69.367","76.367","18.0","ZHONGSHAN, AY",,,"   68","H,,2","   28","H,,2","   42","H,,2"
"AYM00089573","2025-01-14","-69.367","76.367","18.0","ZHONGSHAN, AY",,,"   34","H,,2","   15","H,,2","   28","H,,2"
"AYM00089573","2025-01-15","-69.367","76.367","18.0","ZHONGSHAN, AY",,,"   86","H,,2","   29","H,,2","   52","H,,2"
"AYM00089573","2025-01-16","-69.367","76.367","18.0","ZHONGSHAN, AY",,,"   73","H,,2","   19","H,,2","   45","H,,2"
"AYM00089573","2025-01-17","-69.367","76.367","18.0","ZHONGSHAN, AY",,,"   81","H,,2","   30","H,,2","   51","H,,2"
"AYM00089573","2025-01-18","-69.367","76.367","18.0","ZHONGSHAN, AY",,,"   43","H,,2","    9","H,,2","   21","H,,2"
"AYM00089573","2025-01-19","-69.367","76.367","18.0","ZHONGSHAN, AY",,,"   68","H,,2","    5","H,,2","   39","H,,2"
"AYM00089573","2025-01-20","-69.367","76.367","18.0","ZHONGSHAN, AY",,,"   65","H,,2","   29","H,,2","   44","H,,2"
"AYM00089573","2025-01-21","-69.367","76.367","18.0","ZHONGSHAN, AY",,,"   90","H,,2","   12","H,,2","   47","H,,2"
"AYM00089573","2025-01-23","-69.367","76.367","18.0","ZHONGSHAN, AY",,,"   38","H,,2","    6","H,,2","   21","H,,2"
"AYM00089573","2025-01-24","-69.367","76.367","18.0","ZHONGSHAN, AY",,,"   54","H,,2","   -6","H,,2","   16","H,,2"
"AYM00089573","2025-01-25","-69.367","76.367","18.0","ZHONGSHAN, AY",,,"   20","H,,2","  -22","H,,2","   -6","H,,2"
"AYM00089573","2025-01-26","-69.367","76.367","18.0","ZHONGSHAN, AY",,,"   52","H,,2","  -19","H,,2","   11","H,,2"
"AYM00089573","2025-01-27","-69.367","76.367","18.0","ZHONGSHAN, AY",,,"   42","H,,2","    2","H,,2","   22","H,,2"
"AYM00089573","2025-01-28","-69.367","76.367","18.0","ZHONGSHAN, AY",,,"   72","H,,2","    9","H,,2","   31","H,,2"
"AYM00089573","2025-01-29","-69.367","76.367","18.0","ZHONGSHAN, AY",,,"   16","H,,2","    0","H,,2","    8","H,,2"
"AYM00089573","2025-01-30","-69.367","76.367","18.0","ZHONGSHAN, AY",,,"   23","H,,2","  -10","H,,2","    7","H,,2"
"AYM00089573","2025-01-31","-69.367","76.367","18.0","ZHONGSHAN, AY",,,"   -5","H,,2","  -26","H,,2","  -15","H,,2"
"AYM00089573","2025-02-01","-69.367","76.367","18.0","ZHONGSHAN, AY",,,"   59","H,,2","  -15","H,,2","   13","H,,2"
"AYM00089573","2025-02-02","-69.367","76.367","18.0","ZHONGSHAN, AY",,,"   32","H,,2","  -33","H,,2","   -3","H,,2"
"AYM00089573","2025-02-03","-69.367","76.367","18.0","ZHONGSHAN, AY",,,"  -17","H,,2","  -48","H,,2","  -28","H,,2"
"AYM00089573","2025-02-04","-69.367","76.367","18.0","ZHONGSHAN, AY",,,"   -2","H,,2","  -20","H,,2","  -11","H,,2"
"AYM00089573","2025-02-05","-69.367","76.367","18.0","ZHONGSHAN, AY",,,"  -17","H,,2","  -30","H,,2","  -22","H,,2"
"AYM00089573","2025-02-06","-69.367","76.367","18.0","ZHONGSHAN, AY",,,"    8","H,,2","  -19","H,,2","   -9","H,,2"
"AYM00089573","2025-02-07","-69.367","76.367","18.0","ZHONGSHAN, AY",,,"    6","H,,2","   -3","H,,2","    1","H,,2"
"AYM00089573","2025-02-08","-69.367","76.367","18.0","ZHONGSHAN, AY",,,"   20","H,,2","   -4","H,,2","    8","H,,2"
"AYM00089573","2025-02-09","-69.367","76.367","18.0","ZHONGSHAN, AY",,,"    6","H,,2","  -11","H,,2","   -1","H,,2"
"AYM00089573","2025-02-10","-69.367","76.367","18.0","ZHONGSHAN, AY",,,"    2","H,,2","  -24","H,,2","   -8","H,,2"
"AYM00089573","2025-02-12","-69.367","76.367","18.0","ZHONGSHAN, AY",,,"   -2","H,,2","  -44","H,,2","  -29","H,,2"
"AYM00089573","2025-02-13","-69.367","76.367","18.0","ZHONGSHAN, AY",,,"  -29","H,,2","  -35","H,,2","  -32","H,,2"
"AYM00089573","2025-02-14","-69.367","76.367","18.0","ZHONGSHAN, AY",,,"  -21","H,,2","  -45","H,,2","  -33","H,,2"
"AYM00089573","2025-02-15","-69.367","76.367","18.0","ZHONGSHAN, AY",,,"  -29","H,,2","  -68","H,,2","  -52","H,,2"
"AYM00089573","2025-02-17","-69.367","76.367","18.0","ZHONGSHAN, AY",,,"   -9","H,,2","  -60","H,,2","  -41","H,,2"
"AYM00089573","2025-02-18","-69.367","76.367","18.0","ZHONGSHAN, AY",,,"  -26","H,,2","  -73","H,,2","  -52","H,,2"
"AYM00089573","2025-02-19","-69.367","76.367","18.0","ZHONGSHAN, AY",,,"  -24","H,,2","  -67","H,,2","  -39","H,,2"
"AYM00089573","2025-02-21","-69.367","76.367","18.0","ZHONGSHAN, AY",,,"  -60","H,,2"," -109","H,,2","  -87","H,,2"
"AYM00089573","2025-02-22","-69.367","76.367","18.0","ZHONGSHAN, AY",,,"  -65","H,,2","  -98","H,,2","  -75","H,,2"
"AYM00089573","2025-02-23","-69.367","76.367","18.0","ZHONGSHAN, AY",,,"  -57","H,,2","  -76","H,,2","  -66","H,,2"
"AYM00089573","2025-02-24","-69.367","76.367","18.0","ZHONGSHAN, AY",,,"  -24","H,,2"," -100","H,,2","  -54","H,,2"
"AYM00089573","2025-02-25","-69.367","76.367","18.0","ZHONGSHAN, AY",,,"  -11","H,,2","  -49","H,,2","  -34","H,,2"
"AYM00089573","2025-02-26","-69.367","76.367","18.0","ZHONGSHAN, AY",,,"  -22","H,,2","  -63","H,,2","  -40","H,,2"
"AYM00089573","2025-02-27","-69.367","76.367","18.0","ZHONGSHAN, AY",,,"   -6","H,,2","  -68","H,,2","  -42","H,,2"
"AYM00089573","2025-03-01","-69.367","76.367","18.0","ZHONGSHAN, AY",,,"  -36","H,,2","  -69","H,,2","  -50","H,,2"
"AYM00089573","2025-03-02","-69.367","76.367","18.0","ZHONGSHAN, AY",,,"  -68","H,,2","  -81","H,,2","  -73","H,,2"
"AYM00089573","2025-03-03","-69.367","76.367","18.0","ZHONGSHAN, AY",,,"  -53","H,,2","  -77","H,,2","  -65","H,,2"
"AYM00089573","2025-03-04","-69.367","76.367","18.0","ZHONGSHAN, AY",,,"  -60","H,,2","  -80","H,,2","  -71","H,,2"
"AYM00089573","2025-03-05","-69.367","76.367","18.0","ZHONGSHAN, AY",,,"  -83","H,,2"," -106","H,,2","  -94","H,,2"
"AYM00089573","2025-03-06","-69.367","76.367","18.0","ZHONGSHAN, AY",,,"  -61","H,,2","  -87","H,,2","  -76","H,,2"
"AYM00089573","2025-03-07","-69.367","76.367","18.0","ZHONGSHAN, AY",,,"  -63","H,,2","  -77","H,,2","  -69","H,,2"
"AYM00089573","2025-03-08","-69.367","76.367","18.0","ZHONGSHAN, AY",,,"  -37","H,,2","  -63","H,,2","  -50","H,,2"
"AYM00089573","2025-03-09","-69.367","76.367","18.0","ZHONGSHAN, AY",,,"  -55","H,,2","  -76","H,,2","  -67","H,,2"
"AYM00089573","2025-03-10","-69.367","76.367","18.0","ZHONGSHAN, AY",,,"  -38","H,,2","  -75","H,,2","  -54","H,,2"
"AYM00089573","2025-03-11","-69.367","76.367","18.0","ZHONGSHAN, AY",,,"  -26","H,,2","  -44","H,,2","  -35","H,,2"
"AYM00089573","2025-03-13","-69.367","76.367","18.0","ZHONGSHAN, AY",,,"  -15","H,,2","  -49","H,,2","  -30","H,,2"
"AYM00089573","2025-03-14","-69.367","76.367","18.0","ZHONGSHAN, AY",,,"  -54","H,,2","  -67","H,,2","  -60","H,,2"
"AYM00089573","2025-03-15","-69.367","76.367","18.0","ZHONGSHAN, AY",,,"  -64","H,,2","  -99","H,I,2","  -77","H,,2"
"AYM00089573","2025-03-16","-69.367","76.367","18.0","ZHONGSHAN, AY",,," -113","H,I,2"," -131","H,,2"," -123","H,,2"
"AYM00089573","2025-03-17","-69.367","76.367","18.0","ZHONGSHAN, AY",,," -118","H,,2"," -147","H,,2"," -129","H,,2"
"AYM00089573","2025-03-18","-69.367","76.367","18.0","ZHONGSHAN, AY",,," -106","H,,2"," -129","H,,2"," -113","H,,2"
"AYM00089573","2025-03-19","-69.367","76.367","18.0","ZHONGSHAN, AY",,,"  -53","H,,2"," -116","H,,2","  -75","H,,2"
"AYM00089573","2025-03-20","-69.367","76.367","18.0","ZHONGSHAN, AY",,,"  -48","H,,2","  -52","H,I,2","  -50","H,,2"
"AYM00089573","2025-03-21","-69.367","76.367","18.0","ZHONGSHAN, AY",,,"  -65","H,I,2","  -94","H,,2","  -81","H,,2"
"AYM00089573","2025-03-22","-69.367","76.367","18.0","ZHONGSHAN, AY",,,"  -82","H,,2"," -103","H,,2","  -93","H,,2"
"AYM00089573","2025-03-23","-69.367","76.367","18.0","ZHONGSHAN, AY",,,"  -87","H,,2"," -115","H,,2","  -99","H,,2"
"AYM00089573","2025-03-24","-69.367","76.367","18.0","ZHONGSHAN, AY",,,"  -74","H,,2","  -93","H,,2","  -82","H,,2"
"AYM00089573","2025-03-25","-69.367","76.367","18.0","ZHONGSHAN, AY",,,"  -89","H,,2"," -121","H,,2"," -100","H,,2"
"AYM00089573","2025-03-26","-69.367","76.367","18.0","ZHONGSHAN, AY",,," -126","H,,2"," -144","H,,2"," -134","H,,2"
"AYM00089573","2025-03-27","-69.367","76.367","18.0","ZHONGSHAN, AY",,," -122","H,,2"," -144","H,,2"," -131","H,,2"
"AYM00089573","2025-03-28","-69.367","76.367","18.0","ZHONGSHAN, AY",,," -112","H,,2"," -127","H,,2"," -119","H,,2"
"AYM00089573","2025-03-29","-69.367","76.367","18.0","ZHONGSHAN, AY",,," -133","H,,2"," -165","H,,2"," -144","H,,2"
"AYM00089573","2025-03-30","-69.367","76.367","18.0","ZHONGSHAN, AY",,," -170","H,,2"," -182","H,,2"," -176","H,,2"
"AYM00089573","2025-03-31","-69.367","76.367","18.0","ZHONGSHAN, AY",,," -171","H,,2"," -197","H,,2"," -182","H,,2"
"AYM00089573","2025-04-01","-69.367","76.367","18.0","ZHONGSHAN, AY",,," -188","H,,2"," -199","H,,2"," -195","H,,2"
"AYM00089573","2025-04-02","-69.367","76.367","18.0","ZHONGSHAN, AY",,," -191","H,,2"," -211","H,,2"," -201","H,,2"
"AYM00089573","2025-04-03","-69.367","76.367","18.0","ZHONGSHAN, AY",,," -148","H,,2"," -213","H,,2"," -184","H,,2"
"AYM00089573","2025-04-04","-69.367","76.367","18.0","ZHONGSHAN, AY",,," -157","H,,2"," -204","H,,2"," -173","H,,2"
"AYM00089573","2025-04-05","-69.367","76.367","18.0","ZHONGSHAN, AY",,," -150","H,,2"," -233","H,,2"," -181","H,,2"
"AYM00089573","2025-04-06","-69.367","76.367","18.0","ZHONGSHAN, AY",,,"  -96","H,,2"," -148","H,,2"," -117","H,,2"
"AYM00089573","2025-04-07","-69.367","76.367","18.0","ZHONGSHAN, AY",,,"  -78","H,,2","  -90","H,,2","  -84","H,,2"
"AYM00089573","2025-04-08","-69.367","76.367","18.0","ZHONGSHAN, AY",,,"  -90","H,,2"," -121","H,,2"," -103","H,,2"
"AYM00089573","2025-04-09","-69.367","76.367","18.0","ZHONGSHAN, AY",,," -130","H,,2"," -148","H,I,2"," -142","H,,2"
"AYM00089573","2025-04-10","-69.367","76.367","18.0","ZHONGSHAN, AY",,," -200","H,I,2"," -284","H,,2"," -249","H,,2"
"AYM00089573","2025-04-11","-69.367","76.367","18.0","ZHONGSHAN, AY",,," -145","H,,2"," -218","H,,2"," -177","H,,2"
"AYM00089573","2025-04-12","-69.367","76.367","18.0","ZHONGSHAN, AY",,," -111","H,,2"," -200","H,,2"," -151","H,,2"
"AYM00089573","2025-04-13","-69.367","76.367","18.0","ZHONGSHAN, AY",,," -192","H,,2"," -229","H,,2"," -204","H,,2"
"AYM00089573","2025-04-14","-69.367","76.367","18.0","ZHONGSHAN, AY",,," -194","H,,2"," -222","H,,2"," -207","H,,2"
"AYM00089573","2025-04-15","-69.367","76.367","18.0","ZHONGSHAN, AY",,," -200","H,,2"," -228","H,,2"," -219","H,,2"
"AYM00089573","2025-04-16","-69.367","76.367","18.0","ZHONGSHAN, AY",,," -197","H,I,2"," -215","H,,2"," -205","H,,2"
"AYM00089573","2025-04-17","-69.367","76.367","18.0","ZHONGSHAN, AY",,,"  -64","H,,2"," -148","H,I,2","  -92","H,,2"
"AYM00089573","2025-04-18","-69.367","76.367","18.0","ZHONGSHAN, AY",,,"  -67","H,,2","  -77","H,I,2","  -71","H,,2"
"AYM00089573","2025-04-19","-69.367","76.367","18.0","ZHONGSHAN, AY",,,"  -95","H,I,2"," -122","H,,2"," -115","H,,2"
"AYM00089573","2025-04-20","-69.367","76.367","18.0","ZHONGSHAN, AY",,," -127","H,,2"," -148","H,,2"," -138","H,,2"
"AYM00089573","2025-04-21","-69.367","76.367","18.0","ZHONGSHAN, AY",,," -145","H,,2"," -166","H,,2"," -156","H,,2"
"AYM00089573","2025-04-22","-69.367","76.367","18.0","ZHONGSHAN, AY",,," -140","H,,2"," -169","H,,2"," -150","H,,2"
"AYM00089573","2025-04-23","-69.367","76.367","18.0","ZHONGSHAN, AY",,," -147","H,,2"," -268","H,,2"," -204","H,,2"
"AYM00089573","2025-04-24","-69.367","76.367","18.0","ZHONGSHAN, AY",,," -249","H,,2"," -267","H,,2"," -255","H,,2"
"AYM00089573","2025-04-25","-69.367","76.367","18.0","ZHONGSHAN, AY",,," -178","H,I,2"," -250","H,,2"," -214","H,,2"
"AYM00089573","2025-04-26","-69.367","76.367","18.0","ZHONGSHAN, AY",,,"  -49","H,,2"," -154","H,I,2","  -86","H,,2"
"AYM00089573","2025-04-27","-69.367","76.367","18.0","ZHONGSHAN, AY",,,"  -63","H,,2","  -91","H,,2","  -82","H,,2"
"AYM00089573","2025-04-28","-69.367","76.367","18.0","ZHONGSHAN, AY",,,"  -97","H,,2"," -138","H,,2"," -116","H,,2"
"AYM00089573","2025-04-29","-69.367","76.367","18.0","ZHONGSHAN, AY",,," -132","H,,2"," -154","H,,2"," -145","H,,2"
"AYM00089573","2025-04-30","-69.367","76.367","18.0","ZHONGSHAN, AY",,," -150","H,,2"," -179","H,,2"," -160","H,,2"
"AYM00089573","2025-05-01","-69.367","76.367","18.0","ZHONGSHAN, AY",,," -168","H,,2"," -183","H,,2"," -176","H,,2"
"AYM00089573","2025-05-02","-69.367","76.367","18.0","ZHONGSHAN, AY",,," -179","H,,2"," -199","H,,2"," -189","H,,2"
"AYM00089573","2025-05-03","-69.367","76.367","18.0","ZHONGSHAN, AY",,," -147","H,,2"," -174","H,,2"," -160","H,,2"
"AYM00089573","2025-05-04","-69.367","76.367","18.0","ZHONGSHAN, AY",,," -159","H,,2"," -184","H,,2"," -175","H,,2"
"AYM00089573","2025-05-05","-69.367","76.367","18.0","ZHONGSHAN, AY",,," -151","H,,2"," -189","H,,2"," -164","H,,2"
"AYM00089573","2025-05-06","-69.367","76.367","18.0","ZHONGSHAN, AY",,," -190","H,,2"," -199","H,,2"," -193","H,,2"
"AYM00089573","2025-05-07","-69.367","76.367","18.0","ZHONGSHAN, AY",,," -172","H,,2"," -216","H,,2"," -199","H,,2"
"AYM00089573","2025-05-08","-69.367","76.367","18.0","ZHONGSHAN, AY",,," -150","H,,2"," -175","H,I,2"," -160","H,,2"
"AYM00089573","2025-05-09","-69.367","76.367","18.0","ZHONGSHAN, AY",,," -206","H,I,2"," -236","H,,2"," -216","H,,2"
"AYM00089573","2025-05-10","-69.367","76.367","18.0","ZHONGSHAN, AY",,," -194","H,,2"," -232","H,,2"," -215","H,,2"
"AYM00089573","2025-05-11","-69.367","76.367","18.0","ZHONGSHAN, AY",,," -173","H,,2"," -190","H,,2"," -181","H,,2"
"AYM00089573","2025-05-13","-69.367","76.367","18.0","ZHONGSHAN, AY",,," -142","H,,2"," -169","H,,2"," -155","H,,2"
"AYM00089573","2025-05-14","-69.367","76.367","18.0","ZHONGSHAN, AY",,," -167","H,,2"," -212","H,,2"," -194","H,,2"
"AYM00089573","2025-05-15","-69.367","76.367","18.0","ZHONGSHAN, AY",,," -204","H,,2"," -215","H,,2"," -209","H,,2"
"AYM00089573","2025-05-16","-69.367","76.367","18.0","ZHONGSHAN, AY",,,"  -85","H,,2"," -198","H,,2"," -152","H,,2"
"AYM00089573","2025-05-17","-69.367","76.367","18.0","ZHONGSHAN, AY",,,"  -56","H,,2","  -80","H,,2","  -69","H,,2"
"AYM00089573","2025-05-18","-69.367","76.367","18.0","ZHONGSHAN, AY",,,"  -66","H,,2","  -97","H,,2","  -77","H,,2"
"AYM00089573","2025-05-19","-69.367","76.367","18.0","ZHONGSHAN, AY",,," -102","H,,2"," -156","H,,2"," -122","H,,2"
"AYM00089573","2025-05-20","-69.367","76.367","18.0","ZHONGSHAN, AY",,," -153","H,,2"," -211","H,I,2"," -176","H,,2"
"AYM00089573","2025-05-21","-69.367","76.367","18.0","ZHONGSHAN, AY",,," -275","H,I,2"," -311","H,,2"," -295","H,,2"
"AYM00089573","2025-05-22","-69.367","76.367","18.0","ZHONGSHAN, AY",,," -224","H,I,2"," -266","H,,2"," -246","H,,2"
"AYM00089573","2025-05-23","-69.367","76.367","18.0","ZHONGSHAN, AY",,," -106","H,,2"," -194","H,I,2"," -155","H,,2"
"AYM00089573","2025-05-24","-69.367","76.367","18.0","ZHONGSHAN, AY",,," -101","H,,2"," -247","H,,2"," -169","H,,2"
"AYM00089573","2025-05-25","-69.367","76.367","18.0","ZHONGSHAN, AY",,,"  -92","H,,2"," -171","H,,2"," -118","H,,2"
"AYM00089573","2025-05-26","-69.367","76.367","18.0","ZHONGSHAN, AY",,,"  -96","H,,2"," -136","H,I,2"," -107","H,,2"
"AYM00089573","2025-05-27","-69.367","76.367","18.0","ZHONGSHAN, AY",,," -150","H,I,2"," -171","H,,2"," -157","H,,2"
"AYM00089573","2025-05-29","-69.367","76.367","18.0","ZHONGSHAN, AY",,," -123","H,,2"," -156","H,I,2"," -138","H,,2"
"AYM00089573","2025-05-30","-69.367","76.367","18.0","ZHONGSHAN, AY",,," -167","H,I,2"," -190","H,,2"," -178","H,,2"
"AYM00089573","2025-05-31","-69.367","76.367","18.0","ZHONGSHAN, AY",,," -197","H,,2"," -245","H,,2"," -228","H,,2"
"AYM00089573","2025-06-01","-69.367","76.367","18.0","ZHONGSHAN, AY",,," -164","H,,2"," -218","H,,2"," -191","H,,2"
"AYM00089573","2025-06-02","-69.367","76.367","18.0","ZHONGSHAN, AY",,,"  -98","H,,2"," -157","H,,2"," -127","H,,2"
"AYM00089573","2025-06-03","-69.367","76.367","18.0","ZHONGSHAN, AY",,,"  -78","H,,2","  -96","H,,2","  -85","H,,2"
"AYM00089573","2025-06-04","-69.367","76.367","18.0","ZHONGSHAN, AY",,,"  -85","H,,2"," -106","H,I,2","  -94","H,,2"
"AYM00089573","2025-06-05","-69.367","76.367","18.0","ZHONGSHAN, AY",,," -118","H,I,2"," -133","H,,2"," -126","H,,2"
"AYM00089573","2025-06-06","-69.367","76.367","18.0","ZHONGSHAN, AY",,,"  -86","H,,2"," -121","H,,2","  -98","H,,2"
"AYM00089573","2025-06-07","-69.367","76.367","18.0","ZHONGSHAN, AY",,," -113","H,,2"," -172","H,,2"," -144","H,,2"
"AYM00089573","2025-06-09","-69.367","76.367","18.0","ZHONGSHAN, AY",,," -193","H,I,2"," -210","H,,2"," -199","H,,2"
"AYM00089573","2025-06-10","-69.367","76.367","18.0","ZHONGSHAN, AY",,," -118","H,,2"," -180","H,I,2"," -151","H,,2"
"AYM00089573","2025-06-11","-69.367","76.367","18.0","ZHONGSHAN, AY",,," -138","H,,2"," -168","H,,2"," -149","H,,2"
"AYM00089573","2025-06-13","-69.367","76.367","18.0","ZHONGSHAN, AY",,," -216","H,I,2"," -223","H,,2"," -219","H,,2"
"AYM00089573","2025-06-14","-69.367","76.367","18.0","ZHONGSHAN, AY",,,"  -94","H,,2"," -205","H,I,2"," -147","H,,2"
"AYM00089573","2025-06-15","-69.367","76.367","18.0","ZHONGSHAN, AY",,,"  -83","H,,2"," -136","H,,2"," -114","H,,2"
"AYM00089573","2025-06-16","-69.367","76.367","18.0","ZHONGSHAN, AY",,,"  -51","H,,2","  -73","H,,2","  -63","H,,2"
"AYM00089573","2025-06-17","-69.367","76.367","18.0","ZHONGSHAN, AY",,,"  -34","H,,2","  -49","H,,2","  -41","H,,2"
"AYM00089573","2025-06-18","-69.367","76.367","18.0","ZHONGSHAN, AY",,,"  -47","H,,2","  -68","H,,2","  -61","H,,2"
"AYM00089573","2025-06-19","-69.367","76.367","18.0","ZHONGSHAN, AY",,,"  -54","H,,2","  -89","H,,2","  -71","H,,2"
"AYM00089573","2025-06-20","-69.367","76.367","18.0","ZHONGSHAN, AY",,,"  -77","H,,2","  -85","H,,2","  -81","H,,2"
"AYM00089573","2025-06-21","-69.367","76.367","18.0","ZHONGSHAN, AY",,,"  -49","H,,2","  -69","H,,2","  -56","H,,2"
"AYM00089573","2025-06-22","-69.367","76.367","18.0","ZHONGSHAN, AY",,,"  -64","H,,2"," -102","H,,2","  -83","H,,2"
"AYM00089573","2025-06-23","-69.367","76.367","18.0","ZHONGSHAN, AY",,,"  -96","H,,2"," -120","H,I,2"," -107","H,,2"
"AYM00089573","2025-06-24","-69.367","76.367","18.0","ZHONGSHAN, AY",,," -136","H,I,2"," -155","H,I,2"," -145","H,,2"
"AYM00089573","2025-06-25","-69.367","76.367","18.0","ZHONGSHAN, AY",,," -173","H,I,2"," -182","H,,2"," -176","H,,2"
"AYM00089573","2025-06-26","-69.367","76.367","18.0","ZHONGSHAN, AY",,," -178","H,,2"," -187","H,,2"," -182","H,,2"
"AYM00089573","2025-07-11","-69.367","76.367","18.0","ZHONGSHAN, AY",,," -141","H,I,2"," -326","H,,2"," -213","H,,2"
"AYM00089573","2025-07-12","-69.367","76.367","18.0","ZHONGSHAN, AY",,," -104","H,,2"," -120","H,I,2"," -112","H,,2"
"AYM00089573","2025-07-13","-69.367","76.367","18.0","ZHONGSHAN, AY",,,"  -87","H,,2"," -103","H,,2","  -94","H,,2"
"AYM00089573","2025-07-15","-69.367","76.367","18.0","ZHONGSHAN, AY",,," -147","H,,2"," -172","H,,2"," -162","H,,2"
"AYM00089573","2025-07-16","-69.367","76.367","18.0","ZHONGSHAN, AY",,," -179","H,,2"," -212","H,,2"," -189","H,,2"
"AYM00089573","2025-07-17","-69.367","76.367","18.0","ZHONGSHAN, AY",,," -181","H,,2"," -215","H,,2"," -201","H,,2"
"AYM00089573","2025-07-18","-69.367","76.367","18.0","ZHONGSHAN, AY",,," -210","H,,2"," -231","H,,2"," -225","H,,2"
"AYM00089573","2025-07-19","-69.367","76.367","18.0","ZHONGSHAN, AY",,," -156","H,,2"," -250","H,,2"," -198","H,,2"
"AYM00089573","2025-07-20","-69.367","76.367","18.0","ZHONGSHAN, AY",,," -166","H,,2"," -202","H,,2"," -182","H,,2"
"AYM00089573","2025-07-21","-69.367","76.367","18.0","ZHONGSHAN, AY",,," -176","H,,2"," -280","H,,2"," -231","H,,2"
"AYM00089573","2025-07-22","-69.367","76.367","18.0","ZHONGSHAN, AY",,," -139","H,,2"," -284","H,,2"," -223","H,,2"
"AYM00089573","2025-07-23","-69.367","76.367","18.0","ZHONGSHAN, AY",,," -104","H,,2"," -135","H,,2"," -120","H,,2"
"AYM00089573","2025-07-24","-69.367","76.367","18.0","ZHONGSHAN, AY",,,"  -74","H,,2","  -85","H,I,2","  -82","H,,2"
"AYM00089573","2025-07-25","-69.367","76.367","18.0","ZHONGSHAN, AY",,," -104","H,,2"," -156","H,,2"," -129","H,,2"
"AYM00089573","2025-07-26","-69.367","76.367","18.0","ZHONGSHAN, AY",,," -166","H,,2"," -199","H,,2"," -182","H,,2"
"AYM00089573","2025-07-27","-69.367","76.367","18.0","ZHONGSHAN, AY",,," -203","H,,2"," -210","H,,2"," -207","H,,2"
"AYM00089573","2025-07-28","-69.367","76.367","18.0","ZHONGSHAN, AY",,," -124","H,,2"," -200","H,,2"," -160","H,,2"
"AYM00089573","2025-07-29","-69.367","76.367","18.0","ZHONGSHAN, AY",,," -114","H,,2"," -133","H,I,2"," -126","H,,2"
"AYM00089573","2025-07-30","-69.367","76.367","18.0","ZHONGSHAN, AY",,," -149","H,I,2"," -202","H,,2"," -179","H,,2"
"AYM00089573","2025-07-31","-69.367","76.367","18.0","ZHONGSHAN, AY",,," -209","H,,2"," -230","H,,2"," -221","H,,2"
"AYM00089573","2025-08-01","-69.367","76.367","18.0","ZHONGSHAN, AY",,," -201","H,,2"," -236","H,,2"," -219","H,,2"
"AYM00089573","2025-08-02","-69.367","76.367","18.0","ZHONGSHAN, AY",,," -232","H,,2"," -244","H,,2"," -238","H,,2"
"AYM00089573","2025-08-03","-69.367","76.367","18.0","ZHONGSHAN, AY",,," -224","H,,2"," -248","H,,2"," -234","H,,2"
"AYM00089573","2025-08-04","-69.367","76.367","18.0","ZHONGSHAN, AY",,," -241","H,,2"," -252","H,,2"," -246","H,,2"
"AYM00089573","2025-08-05","-69.367","76.367","18.0","ZHONGSHAN, AY",,," -151","H,I,2"," -233","H,,2"," -199","H,,2"
"AYM00089573","2025-08-06","-69.367","76.367","18.0","ZHONGSHAN, AY",,," -121","H,,2"," -134","H,I,2"," -126","H,,2"
"AYM00089573","2025-08-07","-69.367","76.367","18.0","ZHONGSHAN, AY",,,"  -90","H,I,2"," -150","H,,2"," -128","H,,2"
"AYM00089573","2025-08-08","-69.367","76.367","18.0","ZHONGSHAN, AY",,,"  -50","H,,2","  -78","H,I,2","  -62","H,,2"
"AYM00089573","2025-08-09","-69.367","76.367","18.0","ZHONGSHAN, AY",,,"  -64","H,,2"," -103","H,,2","  -82","H,,2"
"AYM00089573","2025-08-10","-69.367","76.367","18.0","ZHONGSHAN, AY",,," -106","H,,2"," -160","H,,2"," -124","H,,2"
"AYM00089573","2025-08-11","-69.367","76.367","18.0","ZHONGSHAN, AY",,," -140","H,,2"," -162","H,,2"," -147","H,,2"
"AYM00089573","2025-08-12","-69.367","76.367","18.0","ZHONGSHAN, AY",,," -124","H,,2"," -136","H,I,2"," -132","H,,2"
"AYM00089573","2025-08-13","-69.367","76.367","18.0","ZHONGSHAN, AY",,," -150","H,I,2"," -175","H,I,2"," -163","H,,2"
"AYM00089573","2025-08-14","-69.367","76.367","18.0","ZHONGSHAN, AY",,," -203","H,I,2"," -240","H,,2"," -223","H,,2"
"AYM00089573","2025-08-15","-69.367","76.367","18.0","ZHONGSHAN, AY",,," -142","H,,2"," -193","H,,2"," -165","H,,2"
"AYM00089573","2025-08-16","-69.367","76.367","18.0","ZHONGSHAN, AY",,," -139","H,,2"," -152","H,I,2"," -145","H,,2"
"AYM00089573","2025-08-17","-69.367","76.367","18.0","ZHONGSHAN, AY",,," -164","H,I,2"," -191","H,,2"," -181","H,,2"
"AYM00089573","2025-08-18","-69.367","76.367","18.0","ZHONGSHAN, AY",,," -173","H,,2"," -191","H,,2"," -181","H,,2"
"AYM00089573","2025-08-19","-69.367","76.367","18.0","ZHONGSHAN, AY",,," -199","H,,2"," -216","H,,2"," -208","H,,2"
"AYM00089573","2025-08-20","-69.367","76.367","18.0","ZHONGSHAN, AY",,," -193","H,,2"," -208","H,,2"," -200","H,,2"
"AYM00089573","2025-08-21","-69.367","76.367","18.0","ZHONGSHAN, AY",,," -207","H,,2"," -222","H,I,2"," -215","H,,2"
"AYM00089573","2025-08-22","-69.367","76.367","18.0","ZHONGSHAN, AY",,," -239","H,I,2"," -280","H,,2"," -261","H,,2"
"AYM00089573","2025-08-23","-69.367","76.367","18.0","ZHONGSHAN, AY",,," -225","H,,2"," -255","H,,2"," -238","H,,2"
"AYM00089573","2025-08-24","-69.367","76.367","18.0","ZHONGSHAN, AY",,," -147","H,,2"," -220","H,,2"," -194","H,,2"
"AYM00089573","2025-08-25","-69.367","76.367","18.0","ZHONGSHAN, AY",,,"  -74","H,,2"," -137","H,,2"," -118","H,,2"
"AYM00089573","2025-08-26","-69.367","76.367","18.0","ZHONGSHAN, AY",,,"  -74","H,,2"," -104","H,,2","  -87","H,,2"
"AYM00089573","2025-08-27","-69.367","76.367","18.0","ZHONGSHAN, AY",,," -103","H,,2"," -143","H,,2"," -124","H,,2"
"AYM00089573","2025-08-28","-69.367","76.367","18.0","ZHONGSHAN, AY",,," -130","H,,2"," -149","H,,2"," -136","H,,2"
"AYM00089573","2025-08-29","-69.367","76.367","18.0","ZHONGSHAN, AY",,," -119","H,,2"," -140","H,,2"," -129","H,,2"
"AYM00089573","2025-09-03","-69.367","76.367","18.0","ZHONGSHAN, AY",,," -117","H,,2"," -142","H,,2"," -128","H,,2"
"AYM00089573","2025-09-04","-69.367","76.367","18.0","ZHONGSHAN, AY",,,"  -86","H,,2"," -144","H,,2"," -114","H,,2"
"AYM00089573","2025-09-05","-69.367","76.367","18.0","ZHONGSHAN, AY",,,"  -51","H,,2","  -66","H,I,2","  -58","H,,2"
"AYM00089573","2025-09-06","-69.367","76.367","18.0","ZHONGSHAN, AY",,,"  -80","H,,2","  -84","H,,2","  -82","H,,2"
"AYM00089573","2025-09-07","-69.367","76.367","18.0","ZHONGSHAN, AY",,,"  -83","H,,2","  -93","H,,2","  -88","H,,2"
"AYM00089573","2025-09-08","-69.367","76.367","18.0","ZHONGSHAN, AY",,,"  -71","H,,2","  -84","H,,2","  -76","H,,2"
"AYM00089573","2025-09-09","-69.367","76.367","18.0","ZHONGSHAN, AY",,,"  -72","H,,2"," -110","H,I,2","  -86","H,,2"
"AYM00089573","2025-09-10","-69.367","76.367","18.0","ZHONGSHAN, AY",,," -121","H,I,2"," -143","H,,2"," -133","H,,2"
"AYM00089573","2025-09-11","-69.367","76.367","18.0","ZHONGSHAN, AY",,," -115","H,,2"," -155","H,,2"," -134","H,,2"
"AYM00089573","2025-09-12","-69.367","76.367","18.0","ZHONGSHAN, AY",,," -162","H,,2"," -184","H,,2"," -170","H,,2"
"AYM00089573","2025-09-13","-69.367","76.367","18.0","ZHONGSHAN, AY",,," -183","H,,2"," -202","H,,2"," -194","H,,2"
"AYM00089573","2025-09-14","-69.367","76.367","18.0","ZHONGSHAN, AY",,," -156","H,,2"," -187","H,,2"," -168","H,,2"
"AYM00089573","2025-09-15","-69.367","76.367","18.0","ZHONGSHAN, AY",,," -141","H,,2"," -164","H,,2"," -152","H,,2"
"AYM00089573","2025-09-16","-69.367","76.367","18.0","ZHONGSHAN, AY",,," -147","H,,2"," -228","H,,2"," -181","H,,2"
"AYM00089573","2025-09-17","-69.367","76.367","18.0","ZHONGSHAN, AY",,," -206","H,I,2"," -256","H,,2"," -221","H,,2"
"AYM00089573","2025-09-18","-69.367","76.367","18.0","ZHONGSHAN, AY",,,"  -93","H,,2"," -182","H,I,2"," -126","H,,2"
"AYM00089573","2025-09-19","-69.367","76.367","18.0","ZHONGSHAN, AY",,,"  -76","H,,2"," -101","H,I,2","  -84","H,,2"
"AYM00089573","2025-09-20","-69.367","76.367","18.0","ZHONGSHAN, AY",,," -115","H,I,2"," -141","H,I,2"," -128","H,,2"
"AYM00089573","2025-09-21","-69.367","76.367","18.0","ZHONGSHAN, AY",,," -154","H,I,2"," -195","H,I,2"," -170","H,,2"
"AYM00089573","2025-09-22","-69.367","76.367","18.0","ZHONGSHAN, AY",,," -209","H,I,2"," -230","H,,2"," -217","H,,2"
"AYM00089573","2025-09-23","-69.367","76.367","18.0","ZHONGSHAN, AY",,," -175","H,,2"," -234","H,,2"," -196","H,,2"
"AYM00089573","2025-09-24","-69.367","76.367","18.0","ZHONGSHAN, AY",,," -164","H,,2"," -191","H,,2"," -174","H,,2"
"AYM00089573","2025-09-25","-69.367","76.367","18.0","ZHONGSHAN, AY",,," -189","H,,2"," -208","H,,2"," -198","H,,2"
"AYM00089573","2025-09-26","-69.367","76.367","18.0","ZHONGSHAN, AY",,," -155","H,I,2"," -219","H,,2"," -186","H,,2"
"AYM00089573","2025-09-27","-69.367","76.367","18.0","ZHONGSHAN, AY",,,"  -87","H,I,2"," -135","H,I,2"," -108","H,,2"
"AYM00089573","2025-09-28","-69.367","76.367","18.0","ZHONGSHAN, AY",,,"  -56","H,,2","  -76","H,I,2","  -63","H,,2"
"AYM00089573","2025-09-29","-69.367","76.367","18.0","ZHONGSHAN, AY",,,"  -31","H,,2","  -54","H,,2","  -43","H,,2"
"AYM00089573","2025-09-30","-69.367","76.367","18.0","ZHONGSHAN, AY",,,"  -59","H,,2","  -96","H,,2","  -71","H,,2"
"AYM00089573","2025-10-01","-69.367","76.367","18.0","ZHONGSHAN, AY",,,"  -96","H,,2"," -123","H,,2"," -111","H,,2"
"AYM00089573","2025-10-02","-69.367","76.367","18.0","ZHONGSHAN, AY",,,"  -93","H,,2"," -142","H,,2"," -115","H,,2"
"AYM00089573","2025-10-03","-69.367","76.367","18.0","ZHONGSHAN, AY",,,"  -67","H,,2"," -120","H,,2","  -91","H,,2"
"AYM00089573","2025-10-04","-69.367","76.367","18.0","ZHONGSHAN, AY",,," -110","H,,2"," -143","H,,2"," -127","H,,2"
"AYM00089573","2025-10-05","-69.367","76.367","18.0","ZHONGSHAN, AY",,,"  -83","H,,2"," -116","H,,2"," -102","H,,2"
"AYM00089573","2025-10-06","-69.367","76.367","18.0","ZHONGSHAN, AY",,,"  -98","H,,2"," -184","H,,2"," -130","H,,2"
"AYM00089573","2025-10-07","-69.367","76.367","18.0","ZHONGSHAN, AY",,," -102","H,,2"," -154","H,,2"," -136","H,,2"
"AYM00089573","2025-10-08","-69.367","76.367","18.0","ZHONGSHAN, AY",,,"  -54","H,,2"," -139","H,,2","  -88","H,,2"
"AYM00089573","2025-10-09","-69.367","76.367","18.0","ZHONGSHAN, AY",,,"  -51","H,,2","  -76","H,,2","  -60","H,,2"
"AYM00089573","2025-10-10","-69.367","76.367","18.0","ZHONGSHAN, AY",,,"  -41","H,,2","  -81","H,,2","  -59","H,,2"
"AYM00089573","2025-10-11","-69.367","76.367","18.0","ZHONGSHAN, AY",,,"  -30","H,I,2","  -45","H,,2","  -39","H,,2"
"AYM00089573","2025-10-12","-69.367","76.367","18.0","ZHONGSHAN, AY",,,"   21","H,,2","   -3","H,I,2","    8","H,,2"
"AYM00089573","2025-10-13","-69.367","76.367","18.0","ZHONGSHAN, AY",,,"   -6","H,,2","  -47","H,,2","  -19","H,,2"
"AYM00089573","2025-10-14","-69.367","76.367","18.0","ZHONGSHAN, AY",,,"  -18","H,,2","  -75","H,,2","  -40","H,,2"
"AYM00089573","2025-10-15","-69.367","76.367","18.0","ZHONGSHAN, AY",,,"  -24","H,,2","  -94","H,I,2","  -60","H,,2"
"AYM00089573","2025-10-16","-69.367","76.367","18.0","ZHONGSHAN, AY",,," -109","H,I,2"," -191","H,,2"," -141","H,,2"
"AYM00089573","2025-10-17","-69.367","76.367","18.0","ZHONGSHAN, AY",,," -101","H,,2"," -199","H,,2"," -136","H,,2"
"AYM00089573","2025-10-18","-69.367","76.367","18.0","ZHONGSHAN, AY",,,"  -75","H,,2","  -98","H,,2","  -84","H,,2"
"AYM00089573","2025-10-19","-69.367","76.367","18.0","ZHONGSHAN, AY",,,"  -67","H,,2","  -81","H,,2","  -73","H,,2"
"AYM00089573","2025-10-20","-69.367","76.367","18.0","ZHONGSHAN, AY",,,"  -49","H,,2","  -77","H,,2","  -62","H,,2"
"AYM00089573","2025-10-21","-69.367","76.367","18.0","ZHONGSHAN, AY",,,"  -37","H,,2","  -47","H,,2","  -41","H,,2"
"AYM00089573","2025-10-22","-69.367","76.367","18.0","ZHONGSHAN, AY",,,"  -18","H,,2","  -52","H,,2","  -28","H,,2"
"AYM00089573","2025-10-23","-69.367","76.367","18.0","ZHONGSHAN, AY",,,"  -25","H,,2","  -41","H,,2","  -31","H,,2"
"AYM00089573","2025-10-24","-69.367","76.367","18.0","ZHONGSHAN, AY",,,"  -16","H,,2","  -57","H,,2","  -39","H,,2"
"AYM00089573","2025-10-25","-69.367","76.367","18.0","ZHONGSHAN, AY",,,"  -37","H,,2"," -120","H,,2","  -66","H,,2"
"AYM00089573","2025-10-26","-69.367","76.367","18.0","ZHONGSHAN, AY",,,"  -74","H,,2"," -164","H,,2"," -109","H,,2"
"AYM00089573","2025-10-27","-69.367","76.367","18.0","ZHONGSHAN, AY",,,"  -27","H,,2"," -134","H,,2","  -61","H,,2"
"AYM00089573","2025-10-28","-69.367","76.367","18.0","ZHONGSHAN, AY",,,"  -21","H,,2","  -63","H,,2","  -42","H,,2"
"AYM00089573","2025-10-29","-69.367","76.367","18.0","ZHONGSHAN, AY",,,"    0","H,,2","  -55","H,,2","  -22","H,,2"
"AYM00089573","2025-10-30","-69.367","76.367","18.0","ZHONGSHAN, AY",,,"   -9","H,,2","  -38","H,,2","  -23","H,,2"
"AYM00089573","2025-10-31","-69.367","76.367","18.0","ZHONGSHAN, AY",,,"  -34","H,,2","  -71","H,,2","  -48","H,,2"
"AYM00089573","2025-11-01","-69.367","76.367","18.0","ZHONGSHAN, AY",,,"  -55","H,,2","  -85","H,,2","  -74","H,,2"
"AYM00089573","2025-11-02","-69.367","76.367","18.0","ZHONGSHAN, AY",,,"  -25","H,,2","  -72","H,,2","  -48","H,,2"
"AYM00089573","2025-11-03","-69.367","76.367","18.0","ZHONGSHAN, AY",,,"  -25","H,,2","  -91","H,,2","  -65","H,,2"
"AYM00089573","2025-11-04","-69.367","76.367","18.0","ZHONGSHAN, AY",,,"   24","H,,2","  -65","H,,2","  -20","H,,2"
"AYM00089573","2025-11-05","-69.367","76.367","18.0","ZHONGSHAN, AY",,,"  -11","H,,2","  -39","H,,2","  -24","H,,2"
"AYM00089573","2025-11-06","-69.367","76.367","18.0","ZHONGSHAN, AY",,,"  -12","H,,2","  -47","H,,2","  -33","H,,2"
"AYM00089573","2025-11-07","-69.367","76.367","18.0","ZHONGSHAN, AY",,,"   -6","H,,2","  -48","H,,2","  -29","H,,2"
"AYM00089573","2025-11-08","-69.367","76.367","18.0","ZHONGSHAN, AY",,,"  -26","H,,2","  -64","H,,2","  -43","H,,2"
"AYM00089573","2025-11-09","-69.367","76.367","18.0","ZHONGSHAN, AY",,,"  -24","H,,2","  -75","H,,2","  -54","H,,2"
"AYM00089573","2025-11-10","-69.367","76.367","18.0","ZHONGSHAN, AY",,,"  -31","H,I,2","  -88","H,,2","  -53","H,,2"
"AYM00089573","2025-11-11","-69.367","76.367","18.0","ZHONGSHAN, AY",,,"   -7","H,,2","  -20","H,I,2","  -14","H,,2"
"AYM00089573","2025-11-12","-69.367","76.367","18.0","ZHONGSHAN, AY",,,"  -10","H,,2","  -27","H,,2","  -21","H,,2"
"AYM00089573","2025-11-13","-69.367","76.367","18.0","ZHONGSHAN, AY",,,"  -12","H,,2","  -33","H,,2","  -20","H,,2"
"AYM00089573","2025-11-14","-69.367","76.367","18.0","ZHONGSHAN, AY",,,"    9","H,,2","  -39","H,,2","  -15","H,,2"
"AYM00089573","2025-11-15","-69.367","76.367","18.0","ZHONGSHAN, AY",,,"    6","H,,2","  -57","H,,2","  -21","H,,2"
"AYM00089573","2025-11-16","-69.367","76.367","18.0","ZHONGSHAN, AY",,,"   10","H,,2","  -38","H,,2","  -10","H,,2"
"AYM00089573","2025-11-17","-69.367","76.367","18.0","ZHONGSHAN, AY",,,"  -14","H,,2","  -63","H,,2","  -32","H,,2"
"AYM00089573","2025-11-18","-69.367","76.367","18.0","ZHONGSHAN, AY",,,"    3","H,,2","  -56","H,,2","  -20","H,,2"
"AYM00089573","2025-11-19","-69.367","76.367","18.0","ZHONGSHAN, AY",,,"   39","H,,2","  -22","H,,2","    7","H,,2"
"AYM00089573","2025-11-20","-69.367","76.367","18.0","ZHONGSHAN, AY",,,"   58","H,,2","  -14","H,,2","   16","H,,2"
"AYM00089573","2025-11-21","-69.367","76.367","18.0","ZHONGSHAN, AY",,,"   35","H,,2","  -19","H,,2","    2","H,,2"
"AYM00089573","2025-11-22","-69.367","76.367","18.0","ZHONGSHAN, AY",,,"   37","H,,2","  -33","H,,2","    1","H,,2"
"AYM00089573","2025-11-23","-69.367","76.367","18.0","ZHONGSHAN, AY",,,"   11","H,,2","  -30","H,,2","   -3","H,,2"
"AYM00089573","2025-11-24","-69.367","76.367","18.0","ZHONGSHAN, AY",,,"   41","H,,2","   17","H,,2","   26","H,,2"
"AYM00089573","2025-11-25","-69.367","76.367","18.0","ZHONGSHAN, AY",,,"   12","H,,2","    5","H,,2","    8","H,,2"
"AYM00089573","2025-11-26","-69.367","76.367","18.0","ZHONGSHAN, AY",,,"   26","H,,2","    4","H,,2","   11","H,,2"
"AYM00089573","2025-11-27","-69.367","76.367","18.0","ZHONGSHAN, AY",,,"   39","H,,2","   -1","H,,2","   19","H,,2"
"AYM00089573","2025-11-28","-69.367","76.367","18.0","ZHONGSHAN, AY",,,"   24","H,,2","  -18","H,,2","   -1","H,,2"
"AYM00089573","2025-11-29","-69.367","76.367","18.0","ZHONGSHAN, AY",,,"   26","H,,2","  -19","H,,2","    1","H,,2"
"AYM00089573","2025-11-30","-69.367","76.367","18.0","ZHONGSHAN, AY",,,"   40","H,,2","   -5","H,,2","   11","H,,2"
"AYM00089573","2025-12-01","-69.367","76.367","18.0","ZHONGSHAN, AY",,,"   20","H,,2","  -10","H,,2","    2","H,,2"
"AYM00089573","2025-12-02","-69.367","76.367","18.0","ZHONGSHAN, AY",,,"   14","H,,2","  -27","H,,2","   -2","H,,2"
"AYM00089573","2025-12-04","-69.367","76.367","18.0","ZHONGSHAN, AY",,,"   25","H,,2","  -33","H,,2","  -10","H,,2"
"AYM00089573","2025-12-05","-69.367","76.367","18.0","ZHONGSHAN, AY",,,"   28","H,,2","  -21","H,,2","    1","H,,2"
"AYM00089573","2025-12-06","-69.367","76.367","18.0","ZHONGSHAN, AY",,,"   54","H,,2","  -13","H,,2","   23","H,,2"
"AYM00089573","2025-12-07","-69.367","76.367","18.0","ZHONGSHAN, AY",,,"   62","H,,2","    5","H,,2","   27","H,,2"
"AYM00089573","2025-12-08","-69.367","76.367","18.0","ZHONGSHAN, AY",,,"   23","H,,2","  -26","H,,2","    1","H,,2"
"AYM00089573","2025-12-09","-69.367","76.367","18.0","ZHONGSHAN, AY",,,"   50","H,,2","  -15","H,,2","    8","H,,2"
"AYM00089573","2025-12-10","-69.367","76.367","18.0","ZHONGSHAN, AY",,,"   44","H,,2","  -17","H,,2","   13","H,,2"
"AYM00089573","2025-12-11","-69.367","76.367","18.0","ZHONGSHAN, AY",,,"   23","H,,2","  -35","H,,2","   -5","H,,2"
"AYM00089573","2025-12-12","-69.367","76.367","18.0","ZHONGSHAN, AY",,,"   21","H,,2","  -37","H,,2","   -4","H,,2"
"AYM00089573","2025-12-13","-69.367","76.367","18.0","ZHONGSHAN, AY",,,"   18","H,,2","  -41","H,,2","  -12","H,,2"
"AYM00089573","2025-12-14","-69.367","76.367","18.0","ZHONGSHAN, AY",,,"    0","H,,2","  -25","H,,2","  -11","H,,2"
"AYM00089573","2025-12-15","-69.367","76.367","18.0","ZHONGSHAN, AY",,,"   35","H,,2","   -9","H,,2","   14","H,,2"
"AYM00089573","2025-12-16","-69.367","76.367","18.0","ZHONGSHAN, AY",,,"   15","H,,2","   -5","H,,2","    6","H,,2"
"AYM00089573","2025-12-17","-69.367","76.367","18.0","ZHONGSHAN, AY",,,"    8","H,,2","  -25","H,,2","   -8","H,,2"
"AYM00089573","2025-12-18","-69.367","76.367","18.0","ZHONGSHAN, AY",,,"   51","H,,2","  -24","H,,2","    6","H,,2"
"AYM00089573","2025-12-19","-69.367","76.367","18.0","ZHONGSHAN, AY",,,"   33","H,,2","    4","H,,2","   16","H,,2"
"AYM00089573","2025-12-20","-69.367","76.367","18.0","ZHONGSHAN, AY",,,"   54","H,,2","  -11","H,,2","   18","H,,2"
"AYM00089573","2025-12-21","-69.367","76.367","18.0","ZHONGSHAN, AY",,,"   24","H,,2","  -24","H,,2","    4","H,,2"
"AYM00089573","2025-12-22","-69.367","76.367","18.0","ZHONGSHAN, AY",,,"   34","H,,2","  -25","H,,2","    7","H,,2"
"AYM00089573","2025-12-23","-69.367","76.367","18.0","ZHONGSHAN, AY",,,"   21","H,,2","   -6","H,,2","   11","H,,2"
"AYM00089573","2025-12-24","-69.367","76.367","18.0","ZHONGSHAN, AY",,,"   15","H,,2","  -35","H,,2","   -3","H,,2"
"AYM00089573","2025-12-25","-69.367","76.367","18.0","ZHONGSHAN, AY",,,"   36","H,,2","  -22","H,,2","    1","H,,2"
"AYM00089573","2025-12-26","-69.367","76.367","18.0","ZHONGSHAN, AY",,,"   55","H,,2","   -1","H,,2","   28","H,,2"
"AYM00089573","2025-12-27","-69.367","76.367","18.0","ZHONGSHAN, AY",,,"   65","H,,2","    3","H,,2","   26","H,,2"
"AYM00089573","2025-12-28","-69.367","76.367","18.0","ZHONGSHAN, AY",,,"   63","H,,2","    8","H,,2","   35","H,,2"
"AYM00089573","2025-12-29","-69.367","76.367","18.0","ZHONGSHAN, AY",,,"   23","H,,2","  -10","H,,2","    8","H,,2"
"AYM00089573","2025-12-30","-69.367","76.367","18.0","ZHONGSHAN, AY",,,"   76","H,,2","   22","H,,2","   47","H,,2"
"AYM00089573","2025-12-31","-69.367","76.367","18.0","ZHONGSHAN, AY",,,"   47","H,,2","    2","H,,2","   26","H,,2"
"AYM00089573","2026-01-01","-69.367","76.367","18.0","ZHONGSHAN, AY",,,"   76","H,,2","   16","H,,2","   40","H,,2"
"AYM00089573","2026-01-02","-69.367","76.367","18.0","ZHONGSHAN, AY",,,"   95","H,,2","   17","H,,2","   48","H,,2"
"AYM00089573","2026-01-03","-69.367","76.367","18.0","ZHONGSHAN, AY",,,"   47","H,,2","    0","H,,2","   26","H,,2"
"AYM00089573","2026-01-04","-69.367","76.367","18.0","ZHONGSHAN, AY",,,"   45","H,,2","   10","H,,2","   26","H,,2"
"AYM00089573","2026-01-05","-69.367","76.367","18.0","ZHONGSHAN, AY",,,"   32","H,,2","   12","H,,2","   19","H,,2"
"AYM00089573","2026-01-06","-69.367","76.367","18.0","ZHONGSHAN, AY",,,"   30","H,,2","  -12","H,,2","    9","H,,2"
"AYM00089573","2026-01-07","-69.367","76.367","18.0","ZHONGSHAN, AY",,,"   20","H,,2","   -5","H,,2","   11","H,,2"
"AYM00089573","2026-01-08","-69.367","76.367","18.0","ZHONGSHAN, AY",,,"   22","H,,2","   -7","H,,2","   11","H,,2"
"AYM00089573","2026-01-09","-69.367","76.367","18.0","ZHONGSHAN, AY",,,"   20","H,,2","   -2","H,,2","   11","H,,2"
"AYM00089573","2026-01-10","-69.367","76.367","18.0","ZHONGSHAN, AY",,,"   15","H,,2","    5","H,,2","    9","H,,2"
"AYM00089573","2026-01-11","-69.367","76.367","18.0","ZHONGSHAN, AY",,,"    7","H,,2","    2","H,,2","    5","H,,2"
"AYM00089573","2026-01-13","-69.367","76.367","18.0","ZHONGSHAN, AY",,,"   25","H,,2","  -15","H,,2","    3","H,,2"
"AYM00089573","2026-01-14","-69.367","76.367","18.0","ZHONGSHAN, AY",,,"   15","H,,2","  -12","H,,2","    0","H,,2"
"AYM00089573","2026-01-15","-69.367","76.367","18.0","ZHONGSHAN, AY",,,"   25","H,,2","  -15","H,,2","    8","H,,2"
"AYM00089573","2026-01-16","-69.367","76.367","18.0","ZHONGSHAN, AY",,,"   22","H,,2","  -17","H,,2","    6","H,,2"
"AYM00089573","2026-01-17","-69.367","76.367","18.0","ZHONGSHAN, AY",,,"    2","H,,2","  -47","H,,2","  -22","H,,2"
"AYM00089573","2026-01-18","-69.367","76.367","18.0","ZHONGSHAN, AY",,,"   -7","H,,2","  -27","H,,2","  -20","H,,2"
"AYM00089573","2026-01-19","-69.367","76.367","18.0","ZHONGSHAN, AY",,,"   60","H,,2","  -10","H,,2","   26","H,,2"
"AYM00089573","2026-01-20","-69.367","76.367","18.0","ZHONGSHAN, AY",,,"   37","H,,2","    5","H,,2","   21","H,,2"
"AYM00089573","2026-01-21","-69.367","76.367","18.0","ZHONGSHAN, AY",,,"   70","H,,2","    7","H,,2","   37","H,,2"
"AYM00089573","2026-01-22","-69.367","76.367","18.0","ZHONGSHAN, AY",,,"   32","H,,2","   12","H,,2","   23","H,,2"
"AYM00089573","2026-01-23","-69.367","76.367","18.0","ZHONGSHAN, AY",,,"   61","H,,2","  -17","H,,2","   22","H,,2"
"AYM00089573","2026-01-24","-69.367","76.367","18.0","ZHONGSHAN, AY",,,"   12","H,,2","   -4","H,,2","    3","H,,2"
"AYM00089573","2026-01-25","-69.367","76.367","18.0","ZHONGSHAN, AY",,,"   40","H,,2","   12","H,,2","   24","H,,2"
"AYM00089573","2026-01-26","-69.367","76.367","18.0","ZHONGSHAN, AY",,,"   16","H,,2","    2","H,,2","    9","H,,2"
"AYM00089573","2026-01-27","-69.367","76.367","18.0","ZHONGSHAN, AY",,,"   37","H,,2","    0","H,,2","   22","H,,2"
"AYM00089573","2026-01-28","-69.367","76.367","18.0","ZHONGSHAN, AY",,,"    1","H,,2","   -9","H,,2","   -5","H,,2"
"AYM00089573","2026-01-29","-69.367","76.367","18.0","ZHONGSHAN, AY",,,"   32","H,,2","  -10","H,,2","   13","H,,2"
"AYM00089573","2026-01-30","-69.367","76.367","18.0","ZHONGSHAN, AY",,,"   55","H,,2","   -5","H,,2","   21","H,,2"
"AYM00089573","2026-01-31","-69.367","76.367","18.0","ZHONGSHAN, AY",,,"   37","H,,2","  -14","H,,2","   10","H,,2"
"AYM00089573","2026-02-01","-69.367","76.367","18.0","ZHONGSHAN, AY",,,"   30","H,,2","  -42","H,,2","  -14","H,,2"
"AYM00089573","2026-02-02","-69.367","76.367","18.0","ZHONGSHAN, AY",,,"    7","H,,2","  -49","H,,2","  -24","H,,2"
"AYM00089573","2026-02-03","-69.367","76.367","18.0","ZHONGSHAN, AY",,,"  -37","H,,2","  -42","H,,2","  -40","H,,2"
"AYM00089573","2026-02-04","-69.367","76.367","18.0","ZHONGSHAN, AY",,,"  -24","H,,2","  -42","H,,2","  -31","H,,2"
"AYM00089573","2026-02-05","-69.367","76.367","18.0","ZHONGSHAN, AY",,,"    0","H,,2","  -40","H,,2","  -15","H,,2"
"AYM00089573","2026-02-06","-69.367","76.367","18.0","ZHONGSHAN, AY",,,"    2","H,,2","  -30","H,,2","   -8","H,,2"
"AYM00089573","2026-02-07","-69.367","76.367","18.0","ZHONGSHAN, AY",,,"  -24","H,,2","  -52","H,,2","  -38","H,,2"
"AYM00089573","2026-02-08","-69.367","76.367","18.0","ZHONGSHAN, AY",,,"  -45","H,,2","  -59","H,,2","  -53","H,,2"
"AYM00089573","2026-02-09","-69.367","76.367","18.0","ZHONGSHAN, AY",,,"  -27","H,,2","  -57","H,,2","  -43","H,,2"
"AYM00089573","2026-02-10","-69.367","76.367","18.0","ZHONGSHAN, AY",,,"   -9","H,,2","  -35","H,,2","  -24","H,,2"
"AYM00089573","2026-02-11","-69.367","76.367","18.0","ZHONGSHAN, AY",,,"   12","H,,2","   -7","H,,2","    2","H,,2"
"AYM00089573","2026-02-12","-69.367","76.367","18.0","ZHONGSHAN, AY",,,"    5","H,,2","  -40","H,,2","  -18","H,,2"
"AYM00089573","2026-02-13","-69.367","76.367","18.0","ZHONGSHAN, AY",,,"   -7","H,,2","  -69","H,,2","  -44","H,,2"
"AYM00089573","2026-02-14","-69.367","76.367","18.0","ZHONGSHAN, AY",,,"  -22","H,,2","  -90","H,,2","  -65","H,,2"
"AYM00089573","2026-02-15","-69.367","76.367","18.0","ZHONGSHAN, AY",,,"  -45","H,,2","  -72","H,,2","  -56","H,,2"
"AYM00089573","2026-02-16","-69.367","76.367","18.0","ZHONGSHAN, AY",,,"  -47","H,,2","  -72","H,,2","  -56","H,,2"
"AYM00089573","2026-02-17","-69.367","76.367","18.0","ZHONGSHAN, AY",,,"  -29","H,,2","  -82","H,,2","  -49","H,,2"
"AYM00089573","2026-02-18","-69.367","76.367","18.0","ZHONGSHAN, AY",,,"   -2","H,,2","  -57","H,,2","  -28","H,,2"
"AYM00089573","2026-02-19","-69.367","76.367","18.0","ZHONGSHAN, AY",,,"  -42","H,,2","  -62","H,,2","  -51","H,,2"
"AYM00089573","2026-02-20","-69.367","76.367","18.0","ZHONGSHAN, AY",,,"  -17","H,,2","  -65","H,,2","  -39","H,,2"
"AYM00089573","2026-02-21","-69.367","76.367","18.0","ZHONGSHAN, AY",,,"  -45","H,,2","  -97","H,,2","  -67","H,,2"
"AYM00089573","2026-02-22","-69.367","76.367","18.0","ZHONGSHAN, AY",,,"  -20","H,,2","  -70","H,,2","  -39","H,,2"
"AYM00089573","2026-02-23","-69.367","76.367","18.0","ZHONGSHAN, AY",,,"   -9","H,,2","  -52","H,,2","  -28","H,,2"
"AYM00089573","2026-02-25","-69.367","76.367","18.0","ZHONGSHAN, AY",,,"    0","H,,2","  -42","H,,2","  -19","H,,2"
"AYM00089573","2026-02-27","-69.367","76.367","18.0","ZHONGSHAN, AY",,,"   11","H,,2","  -39","H,,2","  -17","H,,2"
"AYM00089573","2026-02-28","-69.367","76.367","18.0","ZHONGSHAN, AY",,,"  -19","H,,2","  -47","H,,2","  -38","H,,2"
"AYM00089573","2026-03-01","-69.367","76.367","18.0","ZHONGSHAN, AY",,,"    0","H,,2","  -40","H,,2","  -14","H,,2"
"AYM00089573","2026-03-02","-69.367","76.367","18.0","ZHONGSHAN, AY",,,"    2","H,,2","  -20","H,,2","   -7","H,,2"
"AYM00089573","2026-03-03","-69.367","76.367","18.0","ZHONGSHAN, AY",,,"  -25","H,,2","  -40","H,,2","  -32","H,,2"
"AYM00089573","2026-03-05","-69.367","76.367","18.0","ZHONGSHAN, AY",,,"   -7","H,,2","  -50","H,,2","  -27","H,,2"
"AYM00089573","2026-03-06","-69.367","76.367","18.0","ZHONGSHAN, AY",,,"  -12","H,,2","  -50","H,,2","  -33","H,,2"
"AYM00089573","2026-03-07","-69.367","76.367","18.0","ZHONGSHAN, AY",,,"  -37","H,,2","  -57","H,,2","  -45","H,,2"
"AYM00089573","2026-03-08","-69.367","76.367","18.0","ZHONGSHAN, AY",,,"  -35","H,,2","  -65","H,,2","  -48","H,,2"
"AYM00089573","2026-03-09","-69.367","76.367","18.0","ZHONGSHAN, AY",,,"  -35","H,,2","  -64","H,,2","  -45","H,,2"
"AYM00089573","2026-03-10","-69.367","76.367","18.0","ZHONGSHAN, AY",,,"  -40","H,I,2","  -60","H,,2","  -50","H,,2"
"AYM00089573","2026-03-11","-69.367","76.367","18.0","ZHONGSHAN, AY",,,"    6","H,,2","  -17","H,I,2","   -4","H,,2"
"AYM00089573","2026-03-12","-69.367","76.367","18.0","ZHONGSHAN, AY",,,"  -12","H,,2","  -54","H,,2","  -27","H,,2"
"AYM00089573","2026-03-13","-69.367","76.367","18.0","ZHONGSHAN, AY",,,"  -37","H,,2","  -67","H,,2","  -49","H,,2"
"AYM00089573","2026-03-14","-69.367","76.367","18.0","ZHONGSHAN, AY",,,"  -47","H,,2","  -94","H,,2","  -62","H,,2"
"AYM00089573","2026-03-15","-69.367","76.367","18.0","ZHONGSHAN, AY",,,"  -87","H,,2"," -102","H,,2","  -91","H,,2"
"AYM00089573","2026-03-16","-69.367","76.367","18.0","ZHONGSHAN, AY",,,"  -52","H,,2"," -117","H,,2","  -88","H,,2"
"AYM00089573","2026-03-17","-69.367","76.367","18.0","ZHONGSHAN, AY",,,"  -49","H,,2"," -102","H,,2","  -64","H,,2"
"AYM00089573","2026-03-18","-69.367","76.367","18.0","ZHONGSHAN, AY",,,"  -55","H,,2","  -72","H,,2","  -64","H,,2"
"AYM00089573","2026-03-19","-69.367","76.367","18.0","ZHONGSHAN, AY",,,"  -60","H,,2","  -97","H,I,2","  -77","H,,2"
"AYM00089573","2026-03-20","-69.367","76.367","18.0","ZHONGSHAN, AY",,," -109","H,I,2"," -213","H,,2"," -148","H,,2"
"AYM00089573","2026-03-21","-69.367","76.367","18.0","ZHONGSHAN, AY",,," -155","H,,2"," -218","H,,2"," -178","H,,2"
"AYM00089573","2026-03-22","-69.367","76.367","18.0","ZHONGSHAN, AY",,," -140","H,,2"," -174","H,,2"," -153","H,,2"
"AYM00089573","2026-03-23","-69.367","76.367","18.0","ZHONGSHAN, AY",,,"  -37","H,,2"," -132","H,,2","  -65","H,,2"
"AYM00089573","2026-03-24","-69.367","76.367","18.0","ZHONGSHAN, AY",,,"  -49","H,,2","  -54","H,,2","  -51","H,,2"
"AYM00089573","2026-03-25","-69.367","76.367","18.0","ZHONGSHAN, AY",,,"  -57","H,,2","  -87","H,,2","  -68","H,,2"
"AYM00089573","2026-04-02","-69.367","76.367","18.0","ZHONGSHAN, AY",,," -100","H,,2"," -160","H,,2"," -132","H,,2"
"AYM00089573","2026-04-03","-69.367","76.367","18.0","ZHONGSHAN, AY",,,"  -97","H,,2"," -109","H,,2"," -102","H,,2"
"AYM00089573","2026-04-04","-69.367","76.367","18.0","ZHONGSHAN, AY",,,"  -84","H,,2","  -95","H,I,2","  -91","H,,2"
"AYM00089573","2026-04-05","-69.367","76.367","18.0","ZHONGSHAN, AY",,," -120","H,I,2"," -125","H,,2"," -122","H,,2"
"AYM00089573","2026-04-06","-69.367","76.367","18.0","ZHONGSHAN, AY",,," -115","H,,2"," -123","H,,2"," -119","H,,2"
"AYM00089573","2026-04-07","-69.367","76.367","18.0","ZHONGSHAN, AY",,," -121","H,,2"," -135","H,,2"," -128","H,,2"
"AYM00089573","2026-04-08","-69.367","76.367","18.0","ZHONGSHAN, AY",,,"  -48","H,I,2"," -112","H,,2","  -73","H,,2"
"AYM00089573","2026-04-09","-69.367","76.367","18.0","ZHONGSHAN, AY",,,"  -12","H,,2","  -37","H,I,2","  -23","H,,2"
"AYM00089573","2026-04-10","-69.367","76.367","18.0","ZHONGSHAN, AY",,,"    3","H,,2","   -8","H,,2","   -1","H,,2"
"AYM00089573","2026-04-11","-69.367","76.367","18.0","ZHONGSHAN, AY",,,"   -3","H,,2","  -42","H,I,2","  -19","H,,2"
"AYM00089573","2026-04-12","-69.367","76.367","18.0","ZHONGSHAN, AY",,,"  -69","H,I,2","  -81","H,,2","  -75","H,,2"
"AYM00089573","2026-04-13","-69.367","76.367","18.0","ZHONGSHAN, AY",,,"  -87","H,,2"," -100","H,,2","  -95","H,,2"
"AYM00089573","2026-04-14","-69.367","76.367","18.0","ZHONGSHAN, AY",,,"  -47","H,,2"," -108","H,,2","  -74","H,,2"
"AYM00089573","2026-04-15","-69.367","76.367","18.0","ZHONGSHAN, AY",,,"  -57","H,,2"," -115","H,,2","  -89","H,,2"
"AYM00089573","2026-04-16","-69.367","76.367","18.0","ZHONGSHAN, AY",,,"  -82","H,I,2"," -119","H,,2"," -101","H,,2"
"AYM00089573","2026-04-17","-69.367","76.367","18.0","ZHONGSHAN, AY",,,"  -53","H,,2","  -65","H,I,2","  -59","H,,2"
"AYM00089573","2026-04-18","-69.367","76.367","18.0","ZHONGSHAN, AY",,,"  -73","H,,2"," -115","H,,2","  -96","H,,2"
"AYM00089573","2026-04-19","-69.367","76.367","18.0","ZHONGSHAN, AY",,," -109","H,,2"," -128","H,,2"," -117","H,,2"
"AYM00089573","2026-04-20","-69.367","76.367","18.0","ZHONGSHAN, AY",,,"  -86","H,,2"," -116","H,,2","  -99","H,,2"
"AYM00089573","2026-04-21","-69.367","76.367","18.0","ZHONGSHAN, AY",,,"  -72","H,,2"," -142","H,,2"," -110","H,,2"
"AYM00089573","2026-04-23","-69.367","76.367","18.0","ZHONGSHAN, AY",,,"  -90","H,,2"," -115","H,,2","  -98","H,,2"
"AYM00089573","2026-04-24","-69.367","76.367","18.0","ZHONGSHAN, AY",,," -108","H,,2"," -124","H,,2"," -114","H,,2"
"AYM00089573","2026-04-25","-69.367","76.367","18.0","ZHONGSHAN, AY",,," -129","H,,2"," -136","H,,2"," -131","H,,2"
"AYM00089573","2026-04-26","-69.367","76.367","18.0","ZHONGSHAN, AY",,," -126","H,,2"," -166","H,,2"," -152","H,,2"
"AYM00089573","2026-04-27","-69.367","76.367","18.0","ZHONGSHAN, AY",,," -153","H,,2"," -169","H,,2"," -161","H,,2"
"AYM00089573","2026-04-29","-69.367","76.367","18.0","ZHONGSHAN, AY",,," -211","H,,2"," -245","H,,2"," -225","H,,2"
"AYM00089573","2026-04-30","-69.367","76.367","18.0","ZHONGSHAN, AY",,," -133","H,,2"," -228","H,,2"," -178","H,,2"
"AYM00089573","2026-05-01","-69.367","76.367","18.0","ZHONGSHAN, AY",,," -115","H,,2"," -159","H,,2"," -138","H,,2"
"AYM00089573","2026-05-02","-69.367","76.367","18.0","ZHONGSHAN, AY",,,"  -72","H,,2"," -125","H,,2","  -91","H,,2"
"AYM00089573","2026-05-03","-69.367","76.367","18.0","ZHONGSHAN, AY",,,"  -81","H,,2"," -109","H,I,2","  -97","H,,2"
"AYM00089573","2026-05-04","-69.367","76.367","18.0","ZHONGSHAN, AY",,," -120","H,I,2"," -153","H,,2"," -139","H,,2"
"AYM00089573","2026-05-05","-69.367","76.367","18.0","ZHONGSHAN, AY",,," -158","H,,2"," -197","H,,2"," -169","H,,2"
"AYM00089573","2026-05-06","-69.367","76.367","18.0","ZHONGSHAN, AY",,," -171","H,,2"," -203","H,,2"," -188","H,,2"
"AYM00089573","2026-05-07","-69.367","76.367","18.0","ZHONGSHAN, AY",,," -114","H,,2"," -192","H,,2"," -164","H,,2"
"AYM00089573","2026-05-08","-69.367","76.367","18.0","ZHONGSHAN, AY",,,"  -68","H,,2","  -95","H,I,2","  -82","H,,2"
"AYM00089573","2026-05-09","-69.367","76.367","18.0","ZHONGSHAN, AY",,," -112","H,,2"," -157","H,,2"," -132","H,,2"
"AYM00089573","2026-05-10","-69.367","76.367","18.0","ZHONGSHAN, AY",,," -116","H,,2"," -132","H,,2"," -121","H,,2"
"AYM00089573","2026-05-11","-69.367","76.367","18.0","ZHONGSHAN, AY",,," -132","H,,2"," -162","H,I,2"," -145","H,,2"
"AYM00089573","2026-05-12","-69.367","76.367","18.0","ZHONGSHAN, AY",,," -176","H,I,2"," -185","H,,2"," -180","H,,2"
"AYM00089573","2026-05-13","-69.367","76.367","18.0","ZHONGSHAN, AY",,," -141","H,,2"," -205","H,,2"," -178","H,,2"
"AYM00089573","2026-05-14","-69.367","76.367","18.0","ZHONGSHAN, AY",,," -107","H,,2"," -132","H,,2"," -117","H,,2"
"AYM00089573","2026-05-15","-69.367","76.367","18.0","ZHONGSHAN, AY",,,"  -95","H,,2"," -103","H,,2","  -98","H,,2"
"AYM00089573","2026-05-16","-69.367","76.367","18.0","ZHONGSHAN, AY",,," -113","H,,2"," -144","H,,2"," -133","H,,2"
"AYM00089573","2026-05-17","-69.367","76.367","18.0","ZHONGSHAN, AY",,," -150","H,,2"," -173","H,,2"," -165","H,,2"
"AYM00089573","2026-05-18","-69.367","76.367","18.0","ZHONGSHAN, AY",,," -183","H,,2"," -212","H,,2"," -191","H,,2"
"AYM00089573","2026-05-19","-69.367","76.367","18.0","ZHONGSHAN, AY",,," -206","H,,2"," -223","H,,2"," -214","H,,2"
"AYM00089573","2026-05-20","-69.367","76.367","18.0","ZHONGSHAN, AY",,," -168","H,,2"," -205","H,,2"," -185","H,,2"
"AYM00089573","2026-05-21","-69.367","76.367","18.0","ZHONGSHAN, AY",,,"  -79","H,,2"," -168","H,,2"," -118","H,,2"
"AYM00089573","2026-05-22","-69.367","76.367","18.0","ZHONGSHAN, AY",,,"  -84","H,,2"," -110","H,,2"," -100","H,,2"
"AYM00089573","2026-05-23","-69.367","76.367","18.0","ZHONGSHAN, AY",,," -119","H,,2"," -159","H,I,2"," -142","H,,2"
"AYM00089573","2026-05-24","-69.367","76.367","18.0","ZHONGSHAN, AY",,," -200","H,I,2"," -235","H,,2"," -221","H,,2"
"AYM00089573","2026-05-25","-69.367","76.367","18.0","ZHONGSHAN, AY",,," -237","H,,2"," -247","H,,2"," -243","H,,2"
"AYM00089573","2026-05-26","-69.367","76.367","18.0","ZHONGSHAN, AY",,," -237","H,,2"," -318","H,,2"," -284","H,,2"
"AYM00089573","2026-05-27","-69.367","76.367","18.0","ZHONGSHAN, AY",,," -253","H,,2"," -296","H,,2"," -282","H,,2"
"AYM00089573","2026-05-28","-69.367","76.367","18.0","ZHONGSHAN, AY",,," -244","H,I,2"," -338","H,,2"," -300","H,,2"
"AYM00089573","2026-05-29","-69.367","76.367","18.0","ZHONGSHAN, AY",,," -129","H,,2"," -226","H,I,2"," -172","H,,2"
"AYM00089573","2026-05-30","-69.367","76.367","18.0","ZHONGSHAN, AY",,," -146","H,,2"," -201","H,,2"," -171","H,,2"
"AYM00089573","2026-05-31","-69.367","76.367","18.0","ZHONGSHAN, AY",,," -151","H,,2"," -224","H,,2"," -189","H,,2"
"AYM00089573","2026-06-01","-69.367","76.367","18.0","ZHONGSHAN, AY",,," -148","H,I,2"," -191","H,,2"," -165","H,,2"
"AYM00089573","2026-06-02","-69.367","76.367","18.0","ZHONGSHAN, AY",,,"  -95","H,,2"," -117","H,I,2"," -104","H,,2"
"AYM00089573","2026-06-03","-69.367","76.367","18.0","ZHONGSHAN, AY",,,"  -99","H,,2"," -153","H,,2"," -128","H,,2"
"AYM00089573","2026-06-04","-69.367","76.367","18.0","ZHONGSHAN, AY",,," -147","H,,2"," -166","H,,2"," -155","H,,2"
"AYM00089573","2026-06-05","-69.367","76.367","18.0","ZHONGSHAN, AY",,," -171","H,,2"," -244","H,,2"," -214","H,,2"
"AYM00089573","2026-06-06","-69.367","76.367","18.0","ZHONGSHAN, AY",,," -194","H,,2"," -234","H,,2"," -215","H,,2"
"AYM00089573","2026-06-07","-69.367","76.367","18.0","ZHONGSHAN, AY",,," -199","H,,2"," -214","H,,2"," -204","H,,2"
"AYM00089573","2026-06-08","-69.367","76.367","18.0","ZHONGSHAN, AY",,," -178","H,,2"," -230","H,,2"," -211","H,,2"
"AYM00089573","2026-06-09","-69.367","76.367","18.0","ZHONGSHAN, AY",,," -167","H,,2"," -275","H,,2"," -233","H,,2"
"AYM00089573","2026-06-10","-69.367","76.367","18.0","ZHONGSHAN, AY",,," -143","H,I,2"," -283","H,,2"," -215","H,,2"
"AYM00089573","2026-06-11","-69.367","76.367","18.0","ZHONGSHAN, AY",,,"  -84","H,,2"," -106","H,I,2","  -92","H,,2"
"AYM00089573","2026-06-12","-69.367","76.367","18.0","ZHONGSHAN, AY",,," -107","H,,2"," -131","H,,2"," -121","H,,2"
"AYM00089573","2026-06-13","-69.367","76.367","18.0","ZHONGSHAN, AY",,," -120","H,,2"," -141","H,,2"," -134","H,,2"
"AYM00089573","2026-06-14","-69.367","76.367","18.0","ZHONGSHAN, AY",,," -114","H,I,2"," -148","H,,2"," -127","H,,2"
"AYM00089573","2026-06-15","-69.367","76.367","18.0","ZHONGSHAN, AY",,,"  -64","H,,2","  -92","H,I,2","  -76","H,,2"
"AYM00089573","2026-06-17","-69.367","76.367","18.0","ZHONGSHAN, AY",,,"  -99","H,,2"," -119","H,,2"," -107","H,,2"
"AYM00089573","2026-06-18","-69.367","76.367","18.0","ZHONGSHAN, AY",,,"  -97","H,,2"," -133","H,,2"," -115","H,,2"
"AYM00089573","2026-06-19","-69.367","76.367","18.0","ZHONGSHAN, AY",,," -101","H,,2"," -111","H,,2"," -105","H,,2"
"AYM00089573","2026-06-21","-69.367","76.367","18.0","ZHONGSHAN, AY",,," -144","H,,2"," -192","H,,2"," -174","H,,2"
"AYM00089573","2026-06-22","-69.367","76.367","18.0","ZHONGSHAN, AY",,," -125","H,,2"," -156","H,,2"," -139","H,,2"
"AYM00089573","2026-06-23","-69.367","76.367","18.0","ZHONGSHAN, AY",,," -146","H,,2"," -223","H,,2"," -173","H,,2"
"AYM00089573","2026-06-24","-69.367","76.367","18.0","ZHONGSHAN, AY",,," -161","H,,2"," -251","H,,2"," -213","H,,2"
"AYM00089573","2026-06-25","-69.367","76.367","18.0","ZHONGSHAN, AY",,," -129","H,,2"," -180","H,,2"," -156","H,,2"
"AYM00089573","2026-06-26","-69.367","76.367","18.0","ZHONGSHAN, AY",,," -179","H,,2"," -207","H,,2"," -193","H,,2"
"AYM00089573","2026-06-27","-69.367","76.367","18.0","ZHONGSHAN, AY",,," -211","H,,2"," -230","H,,2"," -221","H,,2"
"AYM00089573","2026-06-28","-69.367","76.367","18.0","ZHONGSHAN, AY",,," -229","H,,2"," -257","H,,2"," -240","H,,2"
"AYM00089573","2026-06-29","-69.367","76.367","18.0","ZHONGSHAN, AY",,," -215","H,,2"," -249","H,,2"," -234","H,,2"
"AYM00089573","2026-08-24","-69.367","76.367","18.0","ZHONGSHAN, AY",,," -112","H,,2"," -139","H,,2"," -125","H,,2"
"AYM00089573","2026-08-27","-69.367","76.367","18.0","ZHONGSHAN, AY",,," -139","H,,2"," -161","H,,2"," -146","H,,2"
