"STATION","DATE","LATITUDE","LONGITUDE","ELEVATION","NAME","TAVG","TAVG_ATTRIBUTES"
"AYM00089016","2008-01-16","-73.117","-13.15","363.0","WASA EPS, AY","  -68","H,,S"
"AYM00089016","2008-01-17","-73.117","-13.15","363.0","WASA EPS, AY","  -67","H,,S"
"AYM00089016","2008-01-18","-73.117","-13.15","363.0","WASA EPS, AY","  -73","H,,S"
"AYM00089016","2008-01-19","-73.117","-13.15","363.0","WASA EPS, AY","  -76","H,,S"
"AYM00089016","2008-01-20","-73.117","-13.15","363.0","WASA EPS, AY","  -74","H,,S"
"AYM00089016","2008-01-21","-73.117","-13.15","363.0","WASA EPS, AY","  -80","H,,S"
"AYM00089016","2008-01-22","-73.117","-13.15","363.0","WASA EPS, AY","  -82","H,,S"
"AYM00089016","2008-01-23","-73.117","-13.15","363.0","WASA EPS, AY","  -68","H,,S"
"AYM00089016","2008-01-24","-73.117","-13.15","363.0","WASA EPS, AY","  -86","H,,S"
"AYM00089016","2008-01-25","-73.117","-13.15","363.0","WASA EPS, AY"," -102","H,,S"
"AYM00089016","2008-01-26","-73.117","-13.15","363.0","WASA EPS, AY","  -85","H,,S"
"AYM00089016","2008-01-27","-73.117","-13.15","363.0","WASA EPS, AY","  -47","H,,S"
"AYM00089016","2008-01-28","-73.117","-13.15","363.0","WASA EPS, AY","  -43","H,,S"
"AYM00089016","2008-01-29","-73.117","-13.15","363.0","WASA EPS, AY","  -54","H,,S"
"AYM00089016","2008-01-30","-73.117","-13.15","363.0","WASA EPS, AY","  -74","H,,S"
"AYM00089016","2008-01-31","-73.117","-13.15","363.0","WASA EPS, AY","  -99","H,,S"
"AYM00089016","2008-02-01","-73.117","-13.15","363.0","WASA EPS, AY"," -104","H,,S"
"AYM00089016","2008-02-02","-73.117","-13.15","363.0","WASA EPS, AY","  -97","H,,S"
"AYM00089016","2008-02-03","-73.117","-13.15","363.0","WASA EPS, AY"," -120","H,,S"
"AYM00089016","2008-02-04","-73.117","-13.15","363.0","WASA EPS, AY"," -131","H,,S"
"AYM00089016","2008-02-05","-73.117","-13.15","363.0","WASA EPS, AY"," -156","H,,S"
"AYM00089016","2008-02-06","-73.117","-13.15","363.0","WASA EPS, AY"," -117","H,,S"
"AYM00089016","2008-02-07","-73.117","-13.15","363.0","WASA EPS, AY","  -89","H,,S"
"AYM00089016","2008-02-08","-73.117","-13.15","363.0","WASA EPS, AY"," -124","H,,S"
"AYM00089016","2008-02-09","-73.117","-13.15","363.0","WASA EPS, AY"," -154","H,,S"
"AYM00089016","2008-02-10","-73.117","-13.15","363.0","WASA EPS, AY"," -121","H,,S"
"AYM00089016","2008-02-11","-73.117","-13.15","363.0","WASA EPS, AY"," -108","H,,S"
"AYM00089016","2008-02-12","-73.117","-13.15","363.0","WASA EPS, AY","  -84","H,,S"
"AYM00089016","2008-02-13","-73.117","-13.15","363.0","WASA EPS, AY"," -118","H,,S"
"AYM00089016","2008-02-14","-73.117","-13.15","363.0","WASA EPS, AY"," -119","H,,S"
"AYM00089016","2008-02-15","-73.117","-13.15","363.0","WASA EPS, AY"," -104","H,,S"
"AYM00089016","2008-02-16","-73.117","-13.15","363.0","WASA EPS, AY"," -128","H,,S"
"AYM00089016","2008-02-17","-73.117","-13.15","363.0","WASA EPS, AY"," -154","H,,S"
"AYM00089016","2008-02-18","-73.117","-13.15","363.0","WASA EPS, AY"," -137","H,,S"
"AYM00089016","2008-02-19","-73.117","-13.15","363.0","WASA EPS, AY","  -76","H,,S"
"AYM00089016","2008-02-20","-73.117","-13.15","363.0","WASA EPS, AY","  -54","H,,S"
"AYM00089016","2008-02-21","-73.117","-13.15","363.0","WASA EPS, AY","  -63","H,,S"
"AYM00089016","2008-02-22","-73.117","-13.15","363.0","WASA EPS, AY","  -57","H,,S"
"AYM00089016","2008-02-23","-73.117","-13.15","363.0","WASA EPS, AY","  -71","H,,S"
"AYM00089016","2008-02-24","-73.117","-13.15","363.0","WASA EPS, AY","  -84","H,,S"
"AYM00089016","2008-02-25","-73.117","-13.15","363.0","WASA EPS, AY"," -117","H,,S"
"AYM00089016","2008-02-26","-73.117","-13.15","363.0","WASA EPS, AY"," -116","H,,S"
"AYM00089016","2008-02-27","-73.117","-13.15","363.0","WASA EPS, AY"," -117","H,,S"
"AYM00089016","2008-02-28","-73.117","-13.15","363.0","WASA EPS, AY"," -156","H,,S"
"AYM00089016","2008-02-29","-73.117","-13.15","363.0","WASA EPS, AY"," -142","H,,S"
"AYM00089016","2008-03-01","-73.117","-13.15","363.0","WASA EPS, AY"," -174","H,,S"
"AYM00089016","2008-03-02","-73.117","-13.15","363.0","WASA EPS, AY"," -191","H,,S"
"AYM00089016","2008-03-03","-73.117","-13.15","363.0","WASA EPS, AY"," -199","H,,S"
"AYM00089016","2008-03-04","-73.117","-13.15","363.0","WASA EPS, AY"," -165","H,,S"
"AYM00089016","2008-03-05","-73.117","-13.15","363.0","WASA EPS, AY","  -84","H,,S"
"AYM00089016","2008-03-06","-73.117","-13.15","363.0","WASA EPS, AY","  -87","H,,S"
"AYM00089016","2008-03-07","-73.117","-13.15","363.0","WASA EPS, AY"," -132","H,,S"
"AYM00089016","2008-03-08","-73.117","-13.15","363.0","WASA EPS, AY"," -154","H,,S"
"AYM00089016","2008-03-09","-73.117","-13.15","363.0","WASA EPS, AY"," -157","H,,S"
"AYM00089016","2008-03-10","-73.117","-13.15","363.0","WASA EPS, AY"," -167","H,,S"
"AYM00089016","2008-03-11","-73.117","-13.15","363.0","WASA EPS, AY"," -184","H,,S"
"AYM00089016","2008-03-12","-73.117","-13.15","363.0","WASA EPS, AY"," -231","H,,S"
"AYM00089016","2008-03-13","-73.117","-13.15","363.0","WASA EPS, AY"," -158","H,,S"
"AYM00089016","2008-03-14","-73.117","-13.15","363.0","WASA EPS, AY"," -170","H,,S"
"AYM00089016","2008-03-15","-73.117","-13.15","363.0","WASA EPS, AY"," -162","H,,S"
"AYM00089016","2008-03-16","-73.117","-13.15","363.0","WASA EPS, AY"," -139","H,,S"
"AYM00089016","2008-03-17","-73.117","-13.15","363.0","WASA EPS, AY"," -122","H,,S"
"AYM00089016","2008-03-18","-73.117","-13.15","363.0","WASA EPS, AY"," -109","H,,S"
"AYM00089016","2008-03-19","-73.117","-13.15","363.0","WASA EPS, AY"," -139","H,,S"
"AYM00089016","2008-03-20","-73.117","-13.15","363.0","WASA EPS, AY","  -71","H,,S"
"AYM00089016","2008-03-21","-73.117","-13.15","363.0","WASA EPS, AY","  -82","H,,S"
"AYM00089016","2008-03-22","-73.117","-13.15","363.0","WASA EPS, AY"," -138","H,,S"
"AYM00089016","2008-03-23","-73.117","-13.15","363.0","WASA EPS, AY"," -118","H,,S"
"AYM00089016","2008-03-24","-73.117","-13.15","363.0","WASA EPS, AY"," -118","H,,S"
"AYM00089016","2008-03-25","-73.117","-13.15","363.0","WASA EPS, AY","  -70","H,,S"
"AYM00089016","2008-03-26","-73.117","-13.15","363.0","WASA EPS, AY","  -67","H,,S"
"AYM00089016","2008-03-27","-73.117","-13.15","363.0","WASA EPS, AY"," -102","H,,S"
"AYM00089016","2008-03-28","-73.117","-13.15","363.0","WASA EPS, AY"," -151","H,,S"
"AYM00089016","2008-03-29","-73.117","-13.15","363.0","WASA EPS, AY"," -127","H,,S"
"AYM00089016","2008-03-30","-73.117","-13.15","363.0","WASA EPS, AY"," -132","H,,S"
"AYM00089016","2008-03-31","-73.117","-13.15","363.0","WASA EPS, AY","  -64","H,,S"
"AYM00089016","2008-04-01","-73.117","-13.15","363.0","WASA EPS, AY","  -87","H,,S"
"AYM00089016","2008-04-02","-73.117","-13.15","363.0","WASA EPS, AY"," -122","H,,S"
"AYM00089016","2008-04-03","-73.117","-13.15","363.0","WASA EPS, AY"," -121","H,,S"
"AYM00089016","2008-04-04","-73.117","-13.15","363.0","WASA EPS, AY"," -151","H,,S"
"AYM00089016","2008-04-05","-73.117","-13.15","363.0","WASA EPS, AY"," -165","H,,S"
"AYM00089016","2008-04-06","-73.117","-13.15","363.0","WASA EPS, AY"," -128","H,,S"
"AYM00089016","2008-04-07","-73.117","-13.15","363.0","WASA EPS, AY"," -198","H,,S"
"AYM00089016","2008-04-08","-73.117","-13.15","363.0","WASA EPS, AY"," -150","H,,S"
"AYM00089016","2008-04-09","-73.117","-13.15","363.0","WASA EPS, AY"," -104","H,,S"
"AYM00089016","2008-04-10","-73.117","-13.15","363.0","WASA EPS, AY","  -87","H,,S"
"AYM00089016","2008-04-11","-73.117","-13.15","363.0","WASA EPS, AY"," -121","H,,S"
"AYM00089016","2008-04-12","-73.117","-13.15","363.0","WASA EPS, AY"," -123","H,,S"
"AYM00089016","2008-04-13","-73.117","-13.15","363.0","WASA EPS, AY"," -187","H,,S"
"AYM00089016","2008-04-14","-73.117","-13.15","363.0","WASA EPS, AY"," -243","H,,S"
"AYM00089016","2008-04-15","-73.117","-13.15","363.0","WASA EPS, AY"," -290","H,,S"
"AYM00089016","2008-04-16","-73.117","-13.15","363.0","WASA EPS, AY"," -264","H,,S"
"AYM00089016","2008-04-17","-73.117","-13.15","363.0","WASA EPS, AY"," -187","H,,S"
"AYM00089016","2008-04-18","-73.117","-13.15","363.0","WASA EPS, AY"," -182","H,,S"
"AYM00089016","2008-04-19","-73.117","-13.15","363.0","WASA EPS, AY"," -229","H,,S"
"AYM00089016","2008-04-20","-73.117","-13.15","363.0","WASA EPS, AY"," -201","H,,S"
"AYM00089016","2008-04-21","-73.117","-13.15","363.0","WASA EPS, AY"," -184","H,,S"
"AYM00089016","2008-04-22","-73.117","-13.15","363.0","WASA EPS, AY"," -116","H,,S"
"AYM00089016","2008-04-23","-73.117","-13.15","363.0","WASA EPS, AY","  -73","H,,S"
"AYM00089016","2008-04-24","-73.117","-13.15","363.0","WASA EPS, AY","  -61","H,,S"
"AYM00089016","2008-04-25","-73.117","-13.15","363.0","WASA EPS, AY","  -91","H,,S"
"AYM00089016","2008-04-26","-73.117","-13.15","363.0","WASA EPS, AY"," -131","H,,S"
"AYM00089016","2008-04-27","-73.117","-13.15","363.0","WASA EPS, AY"," -165","H,,S"
"AYM00089016","2008-04-28","-73.117","-13.15","363.0","WASA EPS, AY"," -129","H,,S"
"AYM00089016","2008-04-29","-73.117","-13.15","363.0","WASA EPS, AY","  -74","H,,S"
"AYM00089016","2008-04-30","-73.117","-13.15","363.0","WASA EPS, AY","  -89","H,,S"
"AYM00089016","2008-05-01","-73.117","-13.15","363.0","WASA EPS, AY"," -104","H,,S"
"AYM00089016","2008-05-02","-73.117","-13.15","363.0","WASA EPS, AY"," -117","H,,S"
"AYM00089016","2008-05-03","-73.117","-13.15","363.0","WASA EPS, AY"," -166","H,,S"
"AYM00089016","2008-05-04","-73.117","-13.15","363.0","WASA EPS, AY"," -150","H,,S"
"AYM00089016","2008-05-05","-73.117","-13.15","363.0","WASA EPS, AY"," -158","H,,S"
"AYM00089016","2008-05-06","-73.117","-13.15","363.0","WASA EPS, AY"," -218","H,,S"
"AYM00089016","2008-05-07","-73.117","-13.15","363.0","WASA EPS, AY"," -239","H,,S"
"AYM00089016","2008-05-08","-73.117","-13.15","363.0","WASA EPS, AY"," -254","H,,S"
"AYM00089016","2008-05-09","-73.117","-13.15","363.0","WASA EPS, AY"," -187","H,,S"
"AYM00089016","2008-05-10","-73.117","-13.15","363.0","WASA EPS, AY"," -179","H,,S"
"AYM00089016","2008-05-11","-73.117","-13.15","363.0","WASA EPS, AY"," -158","H,,S"
"AYM00089016","2008-05-12","-73.117","-13.15","363.0","WASA EPS, AY"," -189","H,,S"
"AYM00089016","2008-05-13","-73.117","-13.15","363.0","WASA EPS, AY"," -174","H,,S"
"AYM00089016","2008-05-14","-73.117","-13.15","363.0","WASA EPS, AY"," -138","H,,S"
"AYM00089016","2008-05-15","-73.117","-13.15","363.0","WASA EPS, AY"," -120","H,,S"
"AYM00089016","2008-05-16","-73.117","-13.15","363.0","WASA EPS, AY"," -150","H,,S"
"AYM00089016","2008-05-17","-73.117","-13.15","363.0","WASA EPS, AY"," -213","H,,S"
"AYM00089016","2008-05-18","-73.117","-13.15","363.0","WASA EPS, AY"," -231","H,,S"
"AYM00089016","2008-05-19","-73.117","-13.15","363.0","WASA EPS, AY"," -228","H,,S"
"AYM00089016","2008-05-20","-73.117","-13.15","363.0","WASA EPS, AY"," -241","H,,S"
"AYM00089016","2008-05-21","-73.117","-13.15","363.0","WASA EPS, AY"," -263","H,,S"
"AYM00089016","2008-05-22","-73.117","-13.15","363.0","WASA EPS, AY"," -243","H,,S"
"AYM00089016","2008-05-23","-73.117","-13.15","363.0","WASA EPS, AY"," -233","H,,S"
"AYM00089016","2008-05-24","-73.117","-13.15","363.0","WASA EPS, AY"," -201","H,,S"
"AYM00089016","2008-05-25","-73.117","-13.15","363.0","WASA EPS, AY"," -191","H,,S"
"AYM00089016","2008-05-26","-73.117","-13.15","363.0","WASA EPS, AY"," -172","H,,S"
"AYM00089016","2008-05-27","-73.117","-13.15","363.0","WASA EPS, AY"," -152","H,,S"
"AYM00089016","2008-05-28","-73.117","-13.15","363.0","WASA EPS, AY"," -186","H,,S"
"AYM00089016","2008-05-29","-73.117","-13.15","363.0","WASA EPS, AY"," -183","H,,S"
"AYM00089016","2008-05-30","-73.117","-13.15","363.0","WASA EPS, AY"," -154","H,,S"
"AYM00089016","2008-05-31","-73.117","-13.15","363.0","WASA EPS, AY"," -146","H,,S"
"AYM00089016","2008-06-01","-73.117","-13.15","363.0","WASA EPS, AY"," -175","H,,S"
"AYM00089016","2008-06-02","-73.117","-13.15","363.0","WASA EPS, AY"," -166","H,,S"
"AYM00089016","2008-06-03","-73.117","-13.15","363.0","WASA EPS, AY"," -244","H,,S"
"AYM00089016","2008-06-04","-73.117","-13.15","363.0","WASA EPS, AY"," -237","H,,S"
"AYM00089016","2008-06-05","-73.117","-13.15","363.0","WASA EPS, AY"," -206","H,,S"
"AYM00089016","2008-06-06","-73.117","-13.15","363.0","WASA EPS, AY"," -166","H,,S"
"AYM00089016","2008-06-07","-73.117","-13.15","363.0","WASA EPS, AY"," -106","H,,S"
"AYM00089016","2008-06-08","-73.117","-13.15","363.0","WASA EPS, AY"," -186","H,,S"
"AYM00089016","2008-06-09","-73.117","-13.15","363.0","WASA EPS, AY"," -245","H,,S"
"AYM00089016","2008-06-10","-73.117","-13.15","363.0","WASA EPS, AY"," -258","H,,S"
"AYM00089016","2008-06-11","-73.117","-13.15","363.0","WASA EPS, AY"," -208","H,,S"
"AYM00089016","2008-06-12","-73.117","-13.15","363.0","WASA EPS, AY"," -189","H,,S"
"AYM00089016","2008-06-13","-73.117","-13.15","363.0","WASA EPS, AY"," -235","H,,S"
"AYM00089016","2008-06-14","-73.117","-13.15","363.0","WASA EPS, AY"," -272","H,,S"
"AYM00089016","2008-06-15","-73.117","-13.15","363.0","WASA EPS, AY"," -298","H,,S"
"AYM00089016","2008-06-16","-73.117","-13.15","363.0","WASA EPS, AY"," -291","H,,S"
"AYM00089016","2008-06-17","-73.117","-13.15","363.0","WASA EPS, AY"," -265","H,,S"
"AYM00089016","2008-06-18","-73.117","-13.15","363.0","WASA EPS, AY"," -333","H,,S"
"AYM00089016","2008-06-19","-73.117","-13.15","363.0","WASA EPS, AY"," -321","H,,S"
"AYM00089016","2008-06-20","-73.117","-13.15","363.0","WASA EPS, AY"," -378","H,,S"
"AYM00089016","2008-06-21","-73.117","-13.15","363.0","WASA EPS, AY"," -363","H,,S"
"AYM00089016","2008-06-22","-73.117","-13.15","363.0","WASA EPS, AY"," -326","H,,S"
"AYM00089016","2008-06-23","-73.117","-13.15","363.0","WASA EPS, AY"," -360","H,,S"
"AYM00089016","2008-06-24","-73.117","-13.15","363.0","WASA EPS, AY"," -349","H,,S"
"AYM00089016","2008-06-25","-73.117","-13.15","363.0","WASA EPS, AY"," -274","H,,S"
"AYM00089016","2008-06-26","-73.117","-13.15","363.0","WASA EPS, AY"," -277","H,,S"
"AYM00089016","2008-06-27","-73.117","-13.15","363.0","WASA EPS, AY"," -225","H,,S"
"AYM00089016","2008-06-28","-73.117","-13.15","363.0","WASA EPS, AY"," -162","H,,S"
"AYM00089016","2008-06-29","-73.117","-13.15","363.0","WASA EPS, AY"," -176","H,,S"
"AYM00089016","2008-06-30","-73.117","-13.15","363.0","WASA EPS, AY"," -154","H,,S"
"AYM00089016","2008-07-01","-73.117","-13.15","363.0","WASA EPS, AY"," -181","H,,S"
"AYM00089016","2008-07-02","-73.117","-13.15","363.0","WASA EPS, AY"," -220","H,,S"
"AYM00089016","2008-07-03","-73.117","-13.15","363.0","WASA EPS, AY"," -192","H,,S"
"AYM00089016","2008-07-04","-73.117","-13.15","363.0","WASA EPS, AY"," -169","H,,S"
"AYM00089016","2008-07-05","-73.117","-13.15","363.0","WASA EPS, AY"," -199","H,,S"
"AYM00089016","2008-07-06","-73.117","-13.15","363.0","WASA EPS, AY"," -187","H,,S"
"AYM00089016","2008-07-07","-73.117","-13.15","363.0","WASA EPS, AY"," -198","H,,S"
"AYM00089016","2008-07-08","-73.117","-13.15","363.0","WASA EPS, AY"," -192","H,,S"
"AYM00089016","2008-07-09","-73.117","-13.15","363.0","WASA EPS, AY"," -242","H,,S"
"AYM00089016","2008-07-10","-73.117","-13.15","363.0","WASA EPS, AY"," -168","H,,S"
"AYM00089016","2008-07-11","-73.117","-13.15","363.0","WASA EPS, AY"," -122","H,,S"
"AYM00089016","2008-07-12","-73.117","-13.15","363.0","WASA EPS, AY"," -146","H,,S"
"AYM00089016","2008-07-13","-73.117","-13.15","363.0","WASA EPS, AY"," -203","H,,S"
"AYM00089016","2008-07-14","-73.117","-13.15","363.0","WASA EPS, AY"," -223","H,,S"
"AYM00089016","2008-07-15","-73.117","-13.15","363.0","WASA EPS, AY"," -177","H,,S"
"AYM00089016","2008-07-16","-73.117","-13.15","363.0","WASA EPS, AY"," -227","H,,S"
"AYM00089016","2008-07-17","-73.117","-13.15","363.0","WASA EPS, AY"," -318","H,,S"
"AYM00089016","2008-07-18","-73.117","-13.15","363.0","WASA EPS, AY"," -299","H,,S"
"AYM00089016","2008-07-19","-73.117","-13.15","363.0","WASA EPS, AY"," -294","H,,S"
"AYM00089016","2008-07-20","-73.117","-13.15","363.0","WASA EPS, AY"," -248","H,,S"
"AYM00089016","2008-07-21","-73.117","-13.15","363.0","WASA EPS, AY"," -193","H,,S"
"AYM00089016","2008-07-22","-73.117","-13.15","363.0","WASA EPS, AY"," -246","H,,S"
"AYM00089016","2008-07-23","-73.117","-13.15","363.0","WASA EPS, AY"," -225","H,,S"
"AYM00089016","2008-07-24","-73.117","-13.15","363.0","WASA EPS, AY"," -236","H,,S"
"AYM00089016","2008-07-25","-73.117","-13.15","363.0","WASA EPS, AY"," -222","H,,S"
"AYM00089016","2008-07-26","-73.117","-13.15","363.0","WASA EPS, AY"," -199","H,,S"
"AYM00089016","2008-07-27","-73.117","-13.15","363.0","WASA EPS, AY"," -232","H,,S"
"AYM00089016","2008-07-28","-73.117","-13.15","363.0","WASA EPS, AY"," -218","H,,S"
"AYM00089016","2008-07-29","-73.117","-13.15","363.0","WASA EPS, AY"," -234","H,,S"
"AYM00089016","2008-07-30","-73.117","-13.15","363.0","WASA EPS, AY"," -206","H,,S"
"AYM00089016","2008-07-31","-73.117","-13.15","363.0","WASA EPS, AY"," -212","H,,S"
"AYM00089016","2008-08-01","-73.117","-13.15","363.0","WASA EPS, AY"," -218","H,,S"
"AYM00089016","2008-08-02","-73.117","-13.15","363.0","WASA EPS, AY"," -273","H,,S"
"AYM00089016","2008-08-03","-73.117","-13.15","363.0","WASA EPS, AY"," -295","H,,S"
"AYM00089016","2008-08-04","-73.117","-13.15","363.0","WASA EPS, AY"," -296","H,,S"
"AYM00089016","2008-08-05","-73.117","-13.15","363.0","WASA EPS, AY"," -222","H,,S"
"AYM00089016","2008-08-06","-73.117","-13.15","363.0","WASA EPS, AY"," -248","H,,S"
"AYM00089016","2008-08-07","-73.117","-13.15","363.0","WASA EPS, AY"," -226","H,,S"
"AYM00089016","2008-08-08","-73.117","-13.15","363.0","WASA EPS, AY"," -282","H,,S"
"AYM00089016","2008-08-09","-73.117","-13.15","363.0","WASA EPS, AY"," -231","H,,S"
"AYM00089016","2008-08-10","-73.117","-13.15","363.0","WASA EPS, AY"," -211","H,,S"
"AYM00089016","2008-08-11","-73.117","-13.15","363.0","WASA EPS, AY"," -263","H,,S"
"AYM00089016","2008-08-12","-73.117","-13.15","363.0","WASA EPS, AY"," -221","H,,S"
"AYM00089016","2008-08-13","-73.117","-13.15","363.0","WASA EPS, AY"," -152","H,,S"
"AYM00089016","2008-08-14","-73.117","-13.15","363.0","WASA EPS, AY"," -173","H,,S"
"AYM00089016","2008-08-15","-73.117","-13.15","363.0","WASA EPS, AY"," -186","H,,S"
"AYM00089016","2008-08-16","-73.117","-13.15","363.0","WASA EPS, AY"," -189","H,,S"
"AYM00089016","2008-08-17","-73.117","-13.15","363.0","WASA EPS, AY"," -191","H,,S"
"AYM00089016","2008-08-18","-73.117","-13.15","363.0","WASA EPS, AY"," -166","H,,S"
"AYM00089016","2008-08-19","-73.117","-13.15","363.0","WASA EPS, AY"," -129","H,,S"
"AYM00089016","2008-08-20","-73.117","-13.15","363.0","WASA EPS, AY"," -153","H,,S"
"AYM00089016","2008-08-21","-73.117","-13.15","363.0","WASA EPS, AY"," -226","H,,S"
"AYM00089016","2008-08-22","-73.117","-13.15","363.0","WASA EPS, AY"," -184","H,,S"
"AYM00089016","2008-08-23","-73.117","-13.15","363.0","WASA EPS, AY"," -141","H,,S"
"AYM00089016","2008-08-24","-73.117","-13.15","363.0","WASA EPS, AY"," -178","H,,S"
"AYM00089016","2008-08-25","-73.117","-13.15","363.0","WASA EPS, AY"," -218","H,,S"
"AYM00089016","2008-08-26","-73.117","-13.15","363.0","WASA EPS, AY"," -266","H,,S"
"AYM00089016","2008-08-27","-73.117","-13.15","363.0","WASA EPS, AY"," -326","H,,S"
"AYM00089016","2008-08-28","-73.117","-13.15","363.0","WASA EPS, AY"," -332","H,,S"
"AYM00089016","2008-08-29","-73.117","-13.15","363.0","WASA EPS, AY"," -319","H,,S"
"AYM00089016","2008-08-30","-73.117","-13.15","363.0","WASA EPS, AY"," -319","H,,S"
"AYM00089016","2008-08-31","-73.117","-13.15","363.0","WASA EPS, AY"," -254","H,,S"
"AYM00089016","2008-09-01","-73.117","-13.15","363.0","WASA EPS, AY"," -238","H,,S"
"AYM00089016","2008-09-02","-73.117","-13.15","363.0","WASA EPS, AY"," -169","H,,S"
"AYM00089016","2008-09-03","-73.117","-13.15","363.0","WASA EPS, AY"," -127","H,,S"
"AYM00089016","2008-09-04","-73.117","-13.15","363.0","WASA EPS, AY"," -161","H,,S"
"AYM00089016","2008-09-05","-73.117","-13.15","363.0","WASA EPS, AY"," -193","H,,S"
"AYM00089016","2008-09-06","-73.117","-13.15","363.0","WASA EPS, AY"," -223","H,,S"
"AYM00089016","2008-09-07","-73.117","-13.15","363.0","WASA EPS, AY"," -242","H,,S"
"AYM00089016","2008-09-08","-73.117","-13.15","363.0","WASA EPS, AY"," -237","H,,S"
"AYM00089016","2008-09-09","-73.117","-13.15","363.0","WASA EPS, AY"," -231","H,,S"
"AYM00089016","2008-09-10","-73.117","-13.15","363.0","WASA EPS, AY"," -274","H,,S"
"AYM00089016","2008-09-11","-73.117","-13.15","363.0","WASA EPS, AY"," -298","H,,S"
"AYM00089016","2008-09-12","-73.117","-13.15","363.0","WASA EPS, AY"," -312","H,,S"
"AYM00089016","2008-09-13","-73.117","-13.15","363.0","WASA EPS, AY"," -238","H,,S"
"AYM00089016","2008-09-14","-73.117","-13.15","363.0","WASA EPS, AY"," -251","H,,S"
"AYM00089016","2008-09-15","-73.117","-13.15","363.0","WASA EPS, AY"," -239","H,,S"
"AYM00089016","2008-09-16","-73.117","-13.15","363.0","WASA EPS, AY"," -267","H,,S"
"AYM00089016","2008-09-17","-73.117","-13.15","363.0","WASA EPS, AY"," -285","H,,S"
"AYM00089016","2008-09-18","-73.117","-13.15","363.0","WASA EPS, AY"," -283","H,,S"
"AYM00089016","2008-09-19","-73.117","-13.15","363.0","WASA EPS, AY"," -232","H,,S"
"AYM00089016","2008-09-20","-73.117","-13.15","363.0","WASA EPS, AY"," -272","H,,S"
"AYM00089016","2008-09-21","-73.117","-13.15","363.0","WASA EPS, AY"," -288","H,,S"
"AYM00089016","2008-09-22","-73.117","-13.15","363.0","WASA EPS, AY"," -244","H,,S"
"AYM00089016","2008-09-23","-73.117","-13.15","363.0","WASA EPS, AY"," -242","H,,S"
"AYM00089016","2008-09-24","-73.117","-13.15","363.0","WASA EPS, AY"," -202","H,,S"
"AYM00089016","2008-09-25","-73.117","-13.15","363.0","WASA EPS, AY"," -200","H,,S"
"AYM00089016","2008-09-26","-73.117","-13.15","363.0","WASA EPS, AY"," -199","H,,S"
"AYM00089016","2008-09-27","-73.117","-13.15","363.0","WASA EPS, AY"," -239","H,,S"
"AYM00089016","2008-09-28","-73.117","-13.15","363.0","WASA EPS, AY"," -196","H,,S"
"AYM00089016","2008-09-29","-73.117","-13.15","363.0","WASA EPS, AY"," -223","H,,S"
"AYM00089016","2008-09-30","-73.117","-13.15","363.0","WASA EPS, AY"," -213","H,,S"
"AYM00089016","2008-10-01","-73.117","-13.15","363.0","WASA EPS, AY"," -186","H,,S"
"AYM00089016","2008-10-02","-73.117","-13.15","363.0","WASA EPS, AY"," -198","H,,S"
"AYM00089016","2008-10-03","-73.117","-13.15","363.0","WASA EPS, AY"," -242","H,,S"
"AYM00089016","2008-10-04","-73.117","-13.15","363.0","WASA EPS, AY"," -228","H,,S"
"AYM00089016","2008-10-05","-73.117","-13.15","363.0","WASA EPS, AY"," -183","H,,S"
"AYM00089016","2008-10-06","-73.117","-13.15","363.0","WASA EPS, AY"," -177","H,,S"
"AYM00089016","2008-10-07","-73.117","-13.15","363.0","WASA EPS, AY"," -224","H,,S"
"AYM00089016","2008-10-08","-73.117","-13.15","363.0","WASA EPS, AY"," -257","H,,S"
"AYM00089016","2008-10-09","-73.117","-13.15","363.0","WASA EPS, AY"," -255","H,,S"
"AYM00089016","2008-10-10","-73.117","-13.15","363.0","WASA EPS, AY"," -257","H,,S"
"AYM00089016","2008-10-11","-73.117","-13.15","363.0","WASA EPS, AY"," -211","H,,S"
"AYM00089016","2008-10-12","-73.117","-13.15","363.0","WASA EPS, AY"," -161","H,,S"
"AYM00089016","2008-10-13","-73.117","-13.15","363.0","WASA EPS, AY"," -119","H,,S"
"AYM00089016","2008-10-14","-73.117","-13.15","363.0","WASA EPS, AY"," -139","H,,S"
"AYM00089016","2008-10-15","-73.117","-13.15","363.0","WASA EPS, AY"," -151","H,,S"
"AYM00089016","2008-10-16","-73.117","-13.15","363.0","WASA EPS, AY"," -144","H,,S"
"AYM00089016","2008-10-17","-73.117","-13.15","363.0","WASA EPS, AY"," -186","H,,S"
"AYM00089016","2008-10-18","-73.117","-13.15","363.0","WASA EPS, AY"," -193","H,,S"
"AYM00089016","2008-10-19","-73.117","-13.15","363.0","WASA EPS, AY"," -189","H,,S"
"AYM00089016","2008-10-20","-73.117","-13.15","363.0","WASA EPS, AY"," -190","H,,S"
"AYM00089016","2008-10-21","-73.117","-13.15","363.0","WASA EPS, AY"," -243","H,,S"
"AYM00089016","2008-10-22","-73.117","-13.15","363.0","WASA EPS, AY"," -219","H,,S"
"AYM00089016","2008-10-23","-73.117","-13.15","363.0","WASA EPS, AY"," -216","H,,S"
"AYM00089016","2008-10-24","-73.117","-13.15","363.0","WASA EPS, AY"," -188","H,,S"
"AYM00089016","2008-10-25","-73.117","-13.15","363.0","WASA EPS, AY"," -152","H,,S"
"AYM00089016","2008-10-26","-73.117","-13.15","363.0","WASA EPS, AY"," -136","H,,S"
"AYM00089016","2008-10-27","-73.117","-13.15","363.0","WASA EPS, AY"," -119","H,,S"
"AYM00089016","2008-10-28","-73.117","-13.15","363.0","WASA EPS, AY"," -117","H,,S"
"AYM00089016","2008-10-29","-73.117","-13.15","363.0","WASA EPS, AY"," -139","H,,S"
"AYM00089016","2008-10-30","-73.117","-13.15","363.0","WASA EPS, AY","  -97","H,,S"
"AYM00089016","2008-10-31","-73.117","-13.15","363.0","WASA EPS, AY","  -92","H,,S"
"AYM00089016","2008-11-01","-73.117","-13.15","363.0","WASA EPS, AY","  -81","H,,S"
"AYM00089016","2008-11-02","-73.117","-13.15","363.0","WASA EPS, AY","  -69","H,,S"
"AYM00089016","2008-11-03","-73.117","-13.15","363.0","WASA EPS, AY","  -73","H,,S"
"AYM00089016","2008-11-04","-73.117","-13.15","363.0","WASA EPS, AY","  -75","H,,S"
"AYM00089016","2008-11-05","-73.117","-13.15","363.0","WASA EPS, AY","  -84","H,,S"
"AYM00089016","2008-11-06","-73.117","-13.15","363.0","WASA EPS, AY","  -80","H,,S"
"AYM00089016","2008-11-07","-73.117","-13.15","363.0","WASA EPS, AY","  -90","H,,S"
"AYM00089016","2008-11-08","-73.117","-13.15","363.0","WASA EPS, AY","  -96","H,,S"
"AYM00089016","2008-11-09","-73.117","-13.15","363.0","WASA EPS, AY"," -118","H,,S"
"AYM00089016","2008-11-10","-73.117","-13.15","363.0","WASA EPS, AY"," -139","H,,S"
"AYM00089016","2008-11-11","-73.117","-13.15","363.0","WASA EPS, AY"," -104","H,,S"
"AYM00089016","2008-11-12","-73.117","-13.15","363.0","WASA EPS, AY"," -163","H,,S"
"AYM00089016","2008-11-13","-73.117","-13.15","363.0","WASA EPS, AY"," -173","H,,S"
"AYM00089016","2008-11-14","-73.117","-13.15","363.0","WASA EPS, AY"," -155","H,,S"
"AYM00089016","2008-11-15","-73.117","-13.15","363.0","WASA EPS, AY"," -164","H,,S"
"AYM00089016","2008-11-16","-73.117","-13.15","363.0","WASA EPS, AY"," -173","H,,S"
"AYM00089016","2008-11-17","-73.117","-13.15","363.0","WASA EPS, AY"," -127","H,,S"
"AYM00089016","2008-11-18","-73.117","-13.15","363.0","WASA EPS, AY"," -124","H,,S"
"AYM00089016","2008-11-19","-73.117","-13.15","363.0","WASA EPS, AY"," -151","H,,S"
"AYM00089016","2008-11-20","-73.117","-13.15","363.0","WASA EPS, AY"," -155","H,,S"
"AYM00089016","2008-11-21","-73.117","-13.15","363.0","WASA EPS, AY"," -136","H,,S"
"AYM00089016","2008-11-22","-73.117","-13.15","363.0","WASA EPS, AY"," -127","H,,S"
"AYM00089016","2008-11-23","-73.117","-13.15","363.0","WASA EPS, AY"," -106","H,,S"
"AYM00089016","2008-11-24","-73.117","-13.15","363.0","WASA EPS, AY"," -104","H,,S"
"AYM00089016","2008-11-25","-73.117","-13.15","363.0","WASA EPS, AY","  -93","H,,S"
"AYM00089016","2008-11-26","-73.117","-13.15","363.0","WASA EPS, AY"," -104","H,,S"
"AYM00089016","2008-11-27","-73.117","-13.15","363.0","WASA EPS, AY","  -80","H,,S"
"AYM00089016","2008-11-28","-73.117","-13.15","363.0","WASA EPS, AY"," -106","H,,S"
"AYM00089016","2008-11-29","-73.117","-13.15","363.0","WASA EPS, AY","  -60","H,,S"
"AYM00089016","2008-11-30","-73.117","-13.15","363.0","WASA EPS, AY","  -63","H,,S"
"AYM00089016","2008-12-01","-73.117","-13.15","363.0","WASA EPS, AY"," -116","H,,S"
"AYM00089016","2008-12-02","-73.117","-13.15","363.0","WASA EPS, AY"," -113","H,,S"
"AYM00089016","2008-12-03","-73.117","-13.15","363.0","WASA EPS, AY","  -81","H,,S"
"AYM00089016","2008-12-04","-73.117","-13.15","363.0","WASA EPS, AY","  -76","H,,S"
"AYM00089016","2008-12-05","-73.117","-13.15","363.0","WASA EPS, AY","  -69","H,,S"
"AYM00089016","2008-12-06","-73.117","-13.15","363.0","WASA EPS, AY","  -76","H,,S"
"AYM00089016","2008-12-07","-73.117","-13.15","363.0","WASA EPS, AY","  -73","H,,S"
"AYM00089016","2008-12-08","-73.117","-13.15","363.0","WASA EPS, AY","  -51","H,,S"
"AYM00089016","2008-12-09","-73.117","-13.15","363.0","WASA EPS, AY","  -63","H,,S"
"AYM00089016","2008-12-10","-73.117","-13.15","363.0","WASA EPS, AY","  -99","H,,S"
"AYM00089016","2008-12-11","-73.117","-13.15","363.0","WASA EPS, AY"," -113","H,,S"
"AYM00089016","2008-12-12","-73.117","-13.15","363.0","WASA EPS, AY","  -64","H,,S"
"AYM00089016","2008-12-13","-73.117","-13.15","363.0","WASA EPS, AY","  -57","H,,S"
"AYM00089016","2008-12-14","-73.117","-13.15","363.0","WASA EPS, AY","  -53","H,,S"
"AYM00089016","2008-12-15","-73.117","-13.15","363.0","WASA EPS, AY","  -46","H,,S"
"AYM00089016","2008-12-16","-73.117","-13.15","363.0","WASA EPS, AY","  -40","H,,S"
"AYM00089016","2008-12-17","-73.117","-13.15","363.0","WASA EPS, AY","  -71","H,,S"
"AYM00089016","2008-12-18","-73.117","-13.15","363.0","WASA EPS, AY","  -96","H,,S"
"AYM00089016","2008-12-19","-73.117","-13.15","363.0","WASA EPS, AY","  -92","H,,S"
"AYM00089016","2008-12-20","-73.117","-13.15","363.0","WASA EPS, AY","  -95","H,,S"
"AYM00089016","2008-12-21","-73.117","-13.15","363.0","WASA EPS, AY","  -86","H,,S"
"AYM00089016","2008-12-22","-73.117","-13.15","363.0","WASA EPS, AY","  -72","H,,S"
"AYM00089016","2008-12-23","-73.117","-13.15","363.0","WASA EPS, AY","  -38","H,,S"
"AYM00089016","2008-12-24","-73.117","-13.15","363.0","WASA EPS, AY","  -33","H,,S"
"AYM00089016","2008-12-25","-73.117","-13.15","363.0","WASA EPS, AY","  -39","H,,S"
"AYM00089016","2008-12-26","-73.117","-13.15","363.0","WASA EPS, AY","  -53","H,,S"
"AYM00089016","2008-12-27","-73.117","-13.15","363.0","WASA EPS, AY","  -48","H,,S"
"AYM00089016","2008-12-28","-73.117","-13.15","363.0","WASA EPS, AY","  -42","H,,S"
"AYM00089016","2008-12-29","-73.117","-13.15","363.0","WASA EPS, AY","  -38","H,,S"
"AYM00089016","2008-12-30","-73.117","-13.15","363.0","WASA EPS, AY","  -36","H,,S"
"AYM00089016","2008-12-31","-73.117","-13.15","363.0","WASA EPS, AY","  -22","H,,S"
"AYM00089016","2009-01-01","-73.117","-13.15","363.0","WASA EPS, AY","  -19","H,,S"
"AYM00089016","2009-01-02","-73.117","-13.15","363.0","WASA EPS, AY","  -29","H,,S"
"AYM00089016","2009-01-03","-73.117","-13.15","363.0","WASA EPS, AY","  -27","H,,S"
"AYM00089016","2009-01-04","-73.117","-13.15","363.0","WASA EPS, AY","  -28","H,,S"
"AYM00089016","2009-01-05","-73.117","-13.15","363.0","WASA EPS, AY","  -17","H,,S"
"AYM00089016","2009-01-06","-73.117","-13.15","363.0","WASA EPS, AY","  -43","H,,S"
"AYM00089016","2009-01-07","-73.117","-13.15","363.0","WASA EPS, AY","  -50","H,,S"
"AYM00089016","2009-01-08","-73.117","-13.15","363.0","WASA EPS, AY","  -89","H,,S"
"AYM00089016","2009-01-09","-73.117","-13.15","363.0","WASA EPS, AY","  -76","H,,S"
"AYM00089016","2009-01-10","-73.117","-13.15","363.0","WASA EPS, AY","  -64","H,,S"
"AYM00089016","2009-01-11","-73.117","-13.15","363.0","WASA EPS, AY","  -63","H,,S"
"AYM00089016","2009-01-12","-73.117","-13.15","363.0","WASA EPS, AY","  -59","H,,S"
"AYM00089016","2009-01-13","-73.117","-13.15","363.0","WASA EPS, AY","  -71","H,,S"
"AYM00089016","2009-01-14","-73.117","-13.15","363.0","WASA EPS, AY","  -74","H,,S"
"AYM00089016","2009-01-15","-73.117","-13.15","363.0","WASA EPS, AY","  -49","H,,S"
"AYM00089016","2009-01-16","-73.117","-13.15","363.0","WASA EPS, AY","  -47","H,,S"
"AYM00089016","2009-01-17","-73.117","-13.15","363.0","WASA EPS, AY","  -39","H,,S"
"AYM00089016","2009-01-18","-73.117","-13.15","363.0","WASA EPS, AY","  -31","H,,S"
"AYM00089016","2009-01-19","-73.117","-13.15","363.0","WASA EPS, AY","  -29","H,,S"
"AYM00089016","2009-01-20","-73.117","-13.15","363.0","WASA EPS, AY","  -40","H,,S"
"AYM00089016","2009-01-21","-73.117","-13.15","363.0","WASA EPS, AY","  -46","H,,S"
"AYM00089016","2009-01-22","-73.117","-13.15","363.0","WASA EPS, AY","  -52","H,,S"
"AYM00089016","2009-01-23","-73.117","-13.15","363.0","WASA EPS, AY","  -73","H,,S"
"AYM00089016","2009-01-24","-73.117","-13.15","363.0","WASA EPS, AY","  -82","H,,S"
"AYM00089016","2009-01-25","-73.117","-13.15","363.0","WASA EPS, AY","  -71","H,,S"
"AYM00089016","2009-01-26","-73.117","-13.15","363.0","WASA EPS, AY","  -91","H,,S"
"AYM00089016","2009-01-27","-73.117","-13.15","363.0","WASA EPS, AY"," -107","H,,S"
"AYM00089016","2009-01-28","-73.117","-13.15","363.0","WASA EPS, AY","  -61","H,,S"
"AYM00089016","2009-01-29","-73.117","-13.15","363.0","WASA EPS, AY","  -91","H,,S"
"AYM00089016","2009-01-30","-73.117","-13.15","363.0","WASA EPS, AY","  -87","H,,S"
"AYM00089016","2009-01-31","-73.117","-13.15","363.0","WASA EPS, AY","  -78","H,,S"
"AYM00089016","2009-02-01","-73.117","-13.15","363.0","WASA EPS, AY","  -78","H,,S"
"AYM00089016","2009-02-02","-73.117","-13.15","363.0","WASA EPS, AY","  -57","H,,S"
"AYM00089016","2009-02-03","-73.117","-13.15","363.0","WASA EPS, AY","  -66","H,,S"
"AYM00089016","2009-02-04","-73.117","-13.15","363.0","WASA EPS, AY","  -62","H,,S"
"AYM00089016","2009-02-05","-73.117","-13.15","363.0","WASA EPS, AY","  -78","H,,S"
"AYM00089016","2009-02-06","-73.117","-13.15","363.0","WASA EPS, AY","  -79","H,,S"
"AYM00089016","2009-02-07","-73.117","-13.15","363.0","WASA EPS, AY"," -109","H,,S"
"AYM00089016","2009-02-11","-73.117","-13.15","363.0","WASA EPS, AY"," -111","H,,S"
"AYM00089016","2009-02-12","-73.117","-13.15","363.0","WASA EPS, AY","  -92","H,,S"
"AYM00089016","2009-02-13","-73.117","-13.15","363.0","WASA EPS, AY"," -116","H,,S"
"AYM00089016","2009-02-14","-73.117","-13.15","363.0","WASA EPS, AY"," -119","H,,S"
"AYM00089016","2009-02-15","-73.117","-13.15","363.0","WASA EPS, AY"," -131","H,,S"
"AYM00089016","2009-02-16","-73.117","-13.15","363.0","WASA EPS, AY"," -148","H,,S"
"AYM00089016","2009-02-17","-73.117","-13.15","363.0","WASA EPS, AY"," -146","H,,S"
"AYM00089016","2009-02-18","-73.117","-13.15","363.0","WASA EPS, AY"," -159","H,,S"
"AYM00089016","2009-02-19","-73.117","-13.15","363.0","WASA EPS, AY"," -156","H,,S"
"AYM00089016","2009-02-20","-73.117","-13.15","363.0","WASA EPS, AY"," -167","H,,S"
"AYM00089016","2009-02-21","-73.117","-13.15","363.0","WASA EPS, AY"," -113","H,,S"
"AYM00089016","2009-02-22","-73.117","-13.15","363.0","WASA EPS, AY","  -61","H,,S"
"AYM00089016","2009-02-23","-73.117","-13.15","363.0","WASA EPS, AY"," -116","H,,S"
"AYM00089016","2009-02-24","-73.117","-13.15","363.0","WASA EPS, AY"," -121","H,,S"
"AYM00089016","2009-02-25","-73.117","-13.15","363.0","WASA EPS, AY","  -97","H,,S"
"AYM00089016","2009-02-26","-73.117","-13.15","363.0","WASA EPS, AY"," -104","H,,S"
"AYM00089016","2009-02-27","-73.117","-13.15","363.0","WASA EPS, AY"," -169","H,,S"
"AYM00089016","2009-03-02","-73.117","-13.15","363.0","WASA EPS, AY"," -135","H,,S"
"AYM00089016","2009-03-03","-73.117","-13.15","363.0","WASA EPS, AY"," -143","H,,S"
"AYM00089016","2009-03-04","-73.117","-13.15","363.0","WASA EPS, AY"," -193","H,,S"
"AYM00089016","2009-03-05","-73.117","-13.15","363.0","WASA EPS, AY"," -169","H,,S"
"AYM00089016","2009-03-06","-73.117","-13.15","363.0","WASA EPS, AY"," -129","H,,S"
"AYM00089016","2009-03-07","-73.117","-13.15","363.0","WASA EPS, AY"," -133","H,,S"
"AYM00089016","2009-03-08","-73.117","-13.15","363.0","WASA EPS, AY"," -194","H,,S"
"AYM00089016","2009-03-09","-73.117","-13.15","363.0","WASA EPS, AY"," -216","H,,S"
"AYM00089016","2009-03-10","-73.117","-13.15","363.0","WASA EPS, AY"," -153","H,,S"
"AYM00089016","2009-03-11","-73.117","-13.15","363.0","WASA EPS, AY"," -132","H,,S"
"AYM00089016","2009-03-12","-73.117","-13.15","363.0","WASA EPS, AY"," -131","H,,S"
"AYM00089016","2009-03-13","-73.117","-13.15","363.0","WASA EPS, AY"," -164","H,,S"
"AYM00089016","2009-03-14","-73.117","-13.15","363.0","WASA EPS, AY"," -181","H,,S"
"AYM00089016","2009-03-15","-73.117","-13.15","363.0","WASA EPS, AY","  -88","H,,S"
"AYM00089016","2009-03-16","-73.117","-13.15","363.0","WASA EPS, AY"," -148","H,,S"
"AYM00089016","2009-03-17","-73.117","-13.15","363.0","WASA EPS, AY"," -106","H,,S"
"AYM00089016","2009-03-18","-73.117","-13.15","363.0","WASA EPS, AY"," -183","H,,S"
"AYM00089016","2009-03-19","-73.117","-13.15","363.0","WASA EPS, AY"," -101","H,,S"
"AYM00089016","2009-03-20","-73.117","-13.15","363.0","WASA EPS, AY","  -76","H,,S"
"AYM00089016","2009-03-21","-73.117","-13.15","363.0","WASA EPS, AY","  -92","H,,S"
"AYM00089016","2009-03-22","-73.117","-13.15","363.0","WASA EPS, AY"," -126","H,,S"
"AYM00089016","2009-03-23","-73.117","-13.15","363.0","WASA EPS, AY"," -151","H,,S"
"AYM00089016","2009-03-24","-73.117","-13.15","363.0","WASA EPS, AY"," -136","H,,S"
"AYM00089016","2009-03-25","-73.117","-13.15","363.0","WASA EPS, AY"," -150","H,,S"
"AYM00089016","2009-03-26","-73.117","-13.15","363.0","WASA EPS, AY"," -185","H,,S"
"AYM00089016","2009-03-27","-73.117","-13.15","363.0","WASA EPS, AY"," -168","H,,S"
"AYM00089016","2009-03-28","-73.117","-13.15","363.0","WASA EPS, AY"," -190","H,,S"
"AYM00089016","2009-03-29","-73.117","-13.15","363.0","WASA EPS, AY"," -157","H,,S"
"AYM00089016","2009-03-30","-73.117","-13.15","363.0","WASA EPS, AY"," -171","H,,S"
"AYM00089016","2009-03-31","-73.117","-13.15","363.0","WASA EPS, AY"," -173","H,,S"
"AYM00089016","2009-04-01","-73.117","-13.15","363.0","WASA EPS, AY"," -215","H,,S"
"AYM00089016","2009-04-02","-73.117","-13.15","363.0","WASA EPS, AY"," -198","H,,S"
"AYM00089016","2009-04-03","-73.117","-13.15","363.0","WASA EPS, AY"," -198","H,,S"
"AYM00089016","2009-04-04","-73.117","-13.15","363.0","WASA EPS, AY"," -214","H,,S"
"AYM00089016","2009-04-05","-73.117","-13.15","363.0","WASA EPS, AY"," -147","H,,S"
"AYM00089016","2009-04-06","-73.117","-13.15","363.0","WASA EPS, AY"," -185","H,,S"
"AYM00089016","2009-04-07","-73.117","-13.15","363.0","WASA EPS, AY"," -225","H,,S"
"AYM00089016","2009-04-08","-73.117","-13.15","363.0","WASA EPS, AY"," -204","H,,S"
"AYM00089016","2009-04-09","-73.117","-13.15","363.0","WASA EPS, AY"," -208","H,,S"
"AYM00089016","2009-04-10","-73.117","-13.15","363.0","WASA EPS, AY"," -189","H,,S"
"AYM00089016","2009-04-11","-73.117","-13.15","363.0","WASA EPS, AY"," -289","H,,S"
"AYM00089016","2009-04-12","-73.117","-13.15","363.0","WASA EPS, AY"," -299","H,,S"
"AYM00089016","2009-04-13","-73.117","-13.15","363.0","WASA EPS, AY"," -207","H,,S"
"AYM00089016","2009-04-14","-73.117","-13.15","363.0","WASA EPS, AY"," -209","H,,S"
"AYM00089016","2009-04-16","-73.117","-13.15","363.0","WASA EPS, AY"," -186","H,,S"
"AYM00089016","2009-04-17","-73.117","-13.15","363.0","WASA EPS, AY"," -179","H,,S"
"AYM00089016","2009-04-18","-73.117","-13.15","363.0","WASA EPS, AY"," -200","H,,S"
"AYM00089016","2009-04-19","-73.117","-13.15","363.0","WASA EPS, AY"," -178","H,,S"
"AYM00089016","2009-04-20","-73.117","-13.15","363.0","WASA EPS, AY"," -168","H,,S"
"AYM00089016","2009-04-21","-73.117","-13.15","363.0","WASA EPS, AY"," -171","H,,S"
"AYM00089016","2009-04-22","-73.117","-13.15","363.0","WASA EPS, AY"," -136","H,,S"
"AYM00089016","2009-04-23","-73.117","-13.15","363.0","WASA EPS, AY"," -134","H,,S"
"AYM00089016","2009-04-24","-73.117","-13.15","363.0","WASA EPS, AY"," -106","H,,S"
"AYM00089016","2009-04-25","-73.117","-13.15","363.0","WASA EPS, AY"," -143","H,,S"
"AYM00089016","2009-04-26","-73.117","-13.15","363.0","WASA EPS, AY"," -153","H,,S"
"AYM00089016","2009-04-27","-73.117","-13.15","363.0","WASA EPS, AY","  -91","H,,S"
"AYM00089016","2009-04-28","-73.117","-13.15","363.0","WASA EPS, AY","  -80","H,,S"
"AYM00089016","2009-04-29","-73.117","-13.15","363.0","WASA EPS, AY","  -56","H,,S"
"AYM00089016","2009-04-30","-73.117","-13.15","363.0","WASA EPS, AY","  -46","H,,S"
"AYM00089016","2009-05-01","-73.117","-13.15","363.0","WASA EPS, AY","  -56","H,,S"
"AYM00089016","2009-05-02","-73.117","-13.15","363.0","WASA EPS, AY","  -81","H,,S"
"AYM00089016","2009-05-03","-73.117","-13.15","363.0","WASA EPS, AY"," -102","H,,S"
"AYM00089016","2009-05-04","-73.117","-13.15","363.0","WASA EPS, AY","  -99","H,,S"
"AYM00089016","2009-05-05","-73.117","-13.15","363.0","WASA EPS, AY"," -144","H,,S"
"AYM00089016","2009-05-06","-73.117","-13.15","363.0","WASA EPS, AY"," -117","H,,S"
"AYM00089016","2009-05-07","-73.117","-13.15","363.0","WASA EPS, AY"," -140","H,,S"
"AYM00089016","2009-05-08","-73.117","-13.15","363.0","WASA EPS, AY"," -108","H,,S"
"AYM00089016","2009-05-09","-73.117","-13.15","363.0","WASA EPS, AY","  -91","H,,S"
"AYM00089016","2009-05-10","-73.117","-13.15","363.0","WASA EPS, AY","  -91","H,,S"
"AYM00089016","2009-05-11","-73.117","-13.15","363.0","WASA EPS, AY"," -152","H,,S"
"AYM00089016","2009-05-12","-73.117","-13.15","363.0","WASA EPS, AY"," -201","H,,S"
"AYM00089016","2009-05-13","-73.117","-13.15","363.0","WASA EPS, AY"," -225","H,,S"
"AYM00089016","2009-05-14","-73.117","-13.15","363.0","WASA EPS, AY"," -267","H,,S"
"AYM00089016","2009-05-15","-73.117","-13.15","363.0","WASA EPS, AY"," -321","H,,S"
"AYM00089016","2009-05-16","-73.117","-13.15","363.0","WASA EPS, AY"," -236","H,,S"
"AYM00089016","2009-05-17","-73.117","-13.15","363.0","WASA EPS, AY"," -229","H,,S"
"AYM00089016","2009-05-18","-73.117","-13.15","363.0","WASA EPS, AY"," -283","H,,S"
"AYM00089016","2009-05-19","-73.117","-13.15","363.0","WASA EPS, AY"," -323","H,,S"
"AYM00089016","2009-05-20","-73.117","-13.15","363.0","WASA EPS, AY"," -198","H,,S"
"AYM00089016","2009-05-21","-73.117","-13.15","363.0","WASA EPS, AY"," -204","H,,S"
"AYM00089016","2009-05-22","-73.117","-13.15","363.0","WASA EPS, AY"," -188","H,,S"
"AYM00089016","2009-05-23","-73.117","-13.15","363.0","WASA EPS, AY"," -158","H,,S"
"AYM00089016","2009-05-24","-73.117","-13.15","363.0","WASA EPS, AY"," -124","H,,S"
"AYM00089016","2009-05-25","-73.117","-13.15","363.0","WASA EPS, AY","  -68","H,,S"
"AYM00089016","2009-05-26","-73.117","-13.15","363.0","WASA EPS, AY","  -76","H,,S"
"AYM00089016","2009-05-27","-73.117","-13.15","363.0","WASA EPS, AY","  -69","H,,S"
"AYM00089016","2009-05-28","-73.117","-13.15","363.0","WASA EPS, AY"," -107","H,,S"
"AYM00089016","2009-05-29","-73.117","-13.15","363.0","WASA EPS, AY"," -117","H,,S"
"AYM00089016","2009-05-30","-73.117","-13.15","363.0","WASA EPS, AY"," -134","H,,S"
"AYM00089016","2009-05-31","-73.117","-13.15","363.0","WASA EPS, AY","  -86","H,,S"
"AYM00089016","2009-06-01","-73.117","-13.15","363.0","WASA EPS, AY","  -95","H,,S"
"AYM00089016","2009-06-02","-73.117","-13.15","363.0","WASA EPS, AY"," -103","H,,S"
"AYM00089016","2009-06-03","-73.117","-13.15","363.0","WASA EPS, AY"," -157","H,,S"
"AYM00089016","2009-06-04","-73.117","-13.15","363.0","WASA EPS, AY"," -189","H,,S"
"AYM00089016","2009-06-05","-73.117","-13.15","363.0","WASA EPS, AY"," -207","H,,S"
"AYM00089016","2009-06-06","-73.117","-13.15","363.0","WASA EPS, AY"," -204","H,,S"
"AYM00089016","2009-06-07","-73.117","-13.15","363.0","WASA EPS, AY"," -171","H,,S"
"AYM00089016","2009-06-08","-73.117","-13.15","363.0","WASA EPS, AY"," -173","H,,S"
"AYM00089016","2009-06-09","-73.117","-13.15","363.0","WASA EPS, AY"," -198","H,,S"
"AYM00089016","2009-06-10","-73.117","-13.15","363.0","WASA EPS, AY"," -232","H,,S"
"AYM00089016","2009-06-11","-73.117","-13.15","363.0","WASA EPS, AY"," -220","H,,S"
"AYM00089016","2009-06-12","-73.117","-13.15","363.0","WASA EPS, AY"," -247","H,,S"
"AYM00089016","2009-06-13","-73.117","-13.15","363.0","WASA EPS, AY"," -264","H,,S"
"AYM00089016","2009-06-14","-73.117","-13.15","363.0","WASA EPS, AY"," -244","H,,S"
"AYM00089016","2009-06-15","-73.117","-13.15","363.0","WASA EPS, AY"," -203","H,,S"
"AYM00089016","2009-06-16","-73.117","-13.15","363.0","WASA EPS, AY"," -210","H,,S"
"AYM00089016","2009-06-17","-73.117","-13.15","363.0","WASA EPS, AY"," -164","H,,S"
"AYM00089016","2009-06-18","-73.117","-13.15","363.0","WASA EPS, AY"," -174","H,,S"
"AYM00089016","2009-06-19","-73.117","-13.15","363.0","WASA EPS, AY"," -208","H,,S"
"AYM00089016","2009-06-20","-73.117","-13.15","363.0","WASA EPS, AY"," -148","H,,S"
"AYM00089016","2009-06-21","-73.117","-13.15","363.0","WASA EPS, AY"," -228","H,,S"
"AYM00089016","2009-06-22","-73.117","-13.15","363.0","WASA EPS, AY"," -249","H,,S"
"AYM00089016","2009-06-23","-73.117","-13.15","363.0","WASA EPS, AY"," -214","H,,S"
"AYM00089016","2009-06-24","-73.117","-13.15","363.0","WASA EPS, AY"," -280","H,,S"
"AYM00089016","2009-06-25","-73.117","-13.15","363.0","WASA EPS, AY"," -278","H,,S"
"AYM00089016","2009-06-26","-73.117","-13.15","363.0","WASA EPS, AY"," -259","H,,S"
"AYM00089016","2009-06-27","-73.117","-13.15","363.0","WASA EPS, AY"," -158","H,,S"
"AYM00089016","2009-06-28","-73.117","-13.15","363.0","WASA EPS, AY","  -99","H,,S"
"AYM00089016","2009-06-29","-73.117","-13.15","363.0","WASA EPS, AY","  -72","H,,S"
"AYM00089016","2009-06-30","-73.117","-13.15","363.0","WASA EPS, AY"," -153","H,,S"
"AYM00089016","2009-07-01","-73.117","-13.15","363.0","WASA EPS, AY"," -154","H,,S"
"AYM00089016","2009-07-02","-73.117","-13.15","363.0","WASA EPS, AY"," -211","H,,S"
"AYM00089016","2009-07-03","-73.117","-13.15","363.0","WASA EPS, AY"," -208","H,,S"
"AYM00089016","2009-07-04","-73.117","-13.15","363.0","WASA EPS, AY"," -252","H,,S"
"AYM00089016","2009-07-05","-73.117","-13.15","363.0","WASA EPS, AY"," -223","H,,S"
"AYM00089016","2009-07-06","-73.117","-13.15","363.0","WASA EPS, AY"," -279","H,,S"
"AYM00089016","2009-07-07","-73.117","-13.15","363.0","WASA EPS, AY"," -242","H,,S"
"AYM00089016","2009-07-08","-73.117","-13.15","363.0","WASA EPS, AY"," -131","H,,S"
"AYM00089016","2009-07-09","-73.117","-13.15","363.0","WASA EPS, AY"," -115","H,,S"
"AYM00089016","2009-07-10","-73.117","-13.15","363.0","WASA EPS, AY"," -121","H,,S"
"AYM00089016","2009-07-11","-73.117","-13.15","363.0","WASA EPS, AY"," -142","H,,S"
"AYM00089016","2009-07-12","-73.117","-13.15","363.0","WASA EPS, AY"," -203","H,,S"
"AYM00089016","2009-07-13","-73.117","-13.15","363.0","WASA EPS, AY"," -168","H,,S"
"AYM00089016","2009-07-14","-73.117","-13.15","363.0","WASA EPS, AY"," -193","H,,S"
"AYM00089016","2009-07-15","-73.117","-13.15","363.0","WASA EPS, AY"," -208","H,,S"
"AYM00089016","2009-07-16","-73.117","-13.15","363.0","WASA EPS, AY"," -226","H,,S"
"AYM00089016","2009-07-17","-73.117","-13.15","363.0","WASA EPS, AY"," -235","H,,S"
"AYM00089016","2009-07-18","-73.117","-13.15","363.0","WASA EPS, AY"," -268","H,,S"
"AYM00089016","2009-07-19","-73.117","-13.15","363.0","WASA EPS, AY"," -227","H,,S"
"AYM00089016","2009-07-20","-73.117","-13.15","363.0","WASA EPS, AY"," -208","H,,S"
"AYM00089016","2009-07-21","-73.117","-13.15","363.0","WASA EPS, AY"," -311","H,,S"
"AYM00089016","2009-07-22","-73.117","-13.15","363.0","WASA EPS, AY"," -211","H,,S"
"AYM00089016","2009-07-23","-73.117","-13.15","363.0","WASA EPS, AY"," -260","H,,S"
"AYM00089016","2009-07-24","-73.117","-13.15","363.0","WASA EPS, AY"," -266","H,,S"
"AYM00089016","2009-07-25","-73.117","-13.15","363.0","WASA EPS, AY"," -252","H,,S"
"AYM00089016","2009-07-26","-73.117","-13.15","363.0","WASA EPS, AY"," -208","H,,S"
"AYM00089016","2009-07-27","-73.117","-13.15","363.0","WASA EPS, AY"," -208","H,,S"
"AYM00089016","2009-07-28","-73.117","-13.15","363.0","WASA EPS, AY"," -140","H,,S"
"AYM00089016","2009-07-29","-73.117","-13.15","363.0","WASA EPS, AY"," -178","H,,S"
"AYM00089016","2009-07-30","-73.117","-13.15","363.0","WASA EPS, AY"," -160","H,,S"
"AYM00089016","2009-07-31","-73.117","-13.15","363.0","WASA EPS, AY"," -218","H,,S"
"AYM00089016","2009-08-01","-73.117","-13.15","363.0","WASA EPS, AY"," -201","H,,S"
"AYM00089016","2009-08-02","-73.117","-13.15","363.0","WASA EPS, AY"," -137","H,,S"
"AYM00089016","2009-08-03","-73.117","-13.15","363.0","WASA EPS, AY"," -148","H,,S"
"AYM00089016","2009-08-04","-73.117","-13.15","363.0","WASA EPS, AY"," -192","H,,S"
"AYM00089016","2009-08-05","-73.117","-13.15","363.0","WASA EPS, AY"," -242","H,,S"
"AYM00089016","2009-08-06","-73.117","-13.15","363.0","WASA EPS, AY"," -287","H,,S"
"AYM00089016","2009-08-07","-73.117","-13.15","363.0","WASA EPS, AY"," -259","H,,S"
"AYM00089016","2009-08-08","-73.117","-13.15","363.0","WASA EPS, AY"," -278","H,,S"
"AYM00089016","2009-08-09","-73.117","-13.15","363.0","WASA EPS, AY"," -274","H,,S"
"AYM00089016","2009-08-10","-73.117","-13.15","363.0","WASA EPS, AY"," -233","H,,S"
"AYM00089016","2009-08-11","-73.117","-13.15","363.0","WASA EPS, AY"," -231","H,,S"
"AYM00089016","2009-08-12","-73.117","-13.15","363.0","WASA EPS, AY"," -248","H,,S"
"AYM00089016","2009-08-13","-73.117","-13.15","363.0","WASA EPS, AY"," -258","H,,S"
"AYM00089016","2009-08-14","-73.117","-13.15","363.0","WASA EPS, AY"," -279","H,,S"
"AYM00089016","2009-08-15","-73.117","-13.15","363.0","WASA EPS, AY"," -268","H,,S"
"AYM00089016","2009-08-16","-73.117","-13.15","363.0","WASA EPS, AY"," -279","H,,S"
"AYM00089016","2009-08-17","-73.117","-13.15","363.0","WASA EPS, AY"," -296","H,,S"
"AYM00089016","2009-08-18","-73.117","-13.15","363.0","WASA EPS, AY"," -273","H,,S"
"AYM00089016","2009-08-19","-73.117","-13.15","363.0","WASA EPS, AY"," -273","H,,S"
"AYM00089016","2009-08-20","-73.117","-13.15","363.0","WASA EPS, AY"," -237","H,,S"
"AYM00089016","2009-08-21","-73.117","-13.15","363.0","WASA EPS, AY"," -244","H,,S"
"AYM00089016","2009-08-22","-73.117","-13.15","363.0","WASA EPS, AY"," -261","H,,S"
"AYM00089016","2009-08-23","-73.117","-13.15","363.0","WASA EPS, AY"," -249","H,,S"
"AYM00089016","2009-08-24","-73.117","-13.15","363.0","WASA EPS, AY"," -154","H,,S"
"AYM00089016","2009-08-25","-73.117","-13.15","363.0","WASA EPS, AY"," -207","H,,S"
"AYM00089016","2009-08-26","-73.117","-13.15","363.0","WASA EPS, AY"," -241","H,,S"
"AYM00089016","2009-08-27","-73.117","-13.15","363.0","WASA EPS, AY"," -259","H,,S"
"AYM00089016","2009-08-28","-73.117","-13.15","363.0","WASA EPS, AY"," -271","H,,S"
"AYM00089016","2009-08-29","-73.117","-13.15","363.0","WASA EPS, AY"," -315","H,,S"
"AYM00089016","2009-08-30","-73.117","-13.15","363.0","WASA EPS, AY"," -340","H,,S"
"AYM00089016","2009-08-31","-73.117","-13.15","363.0","WASA EPS, AY"," -351","H,,S"
"AYM00089016","2009-09-01","-73.117","-13.15","363.0","WASA EPS, AY"," -343","H,,S"
"AYM00089016","2009-09-02","-73.117","-13.15","363.0","WASA EPS, AY"," -327","H,,S"
"AYM00089016","2009-09-03","-73.117","-13.15","363.0","WASA EPS, AY"," -326","H,,S"
"AYM00089016","2009-09-04","-73.117","-13.15","363.0","WASA EPS, AY"," -318","H,,S"
"AYM00089016","2009-09-05","-73.117","-13.15","363.0","WASA EPS, AY"," -276","H,,S"
"AYM00089016","2009-09-06","-73.117","-13.15","363.0","WASA EPS, AY"," -296","H,,S"
"AYM00089016","2009-09-07","-73.117","-13.15","363.0","WASA EPS, AY"," -346","H,,S"
"AYM00089016","2009-09-08","-73.117","-13.15","363.0","WASA EPS, AY"," -354","H,,S"
"AYM00089016","2009-09-09","-73.117","-13.15","363.0","WASA EPS, AY"," -288","H,,S"
"AYM00089016","2009-09-10","-73.117","-13.15","363.0","WASA EPS, AY"," -172","H,,S"
"AYM00089016","2009-09-11","-73.117","-13.15","363.0","WASA EPS, AY"," -175","H,,S"
"AYM00089016","2009-09-12","-73.117","-13.15","363.0","WASA EPS, AY"," -192","H,,S"
"AYM00089016","2009-09-13","-73.117","-13.15","363.0","WASA EPS, AY"," -229","H,,S"
"AYM00089016","2009-09-14","-73.117","-13.15","363.0","WASA EPS, AY"," -207","H,,S"
"AYM00089016","2009-09-15","-73.117","-13.15","363.0","WASA EPS, AY"," -233","H,,S"
"AYM00089016","2009-09-16","-73.117","-13.15","363.0","WASA EPS, AY"," -228","H,,S"
"AYM00089016","2009-09-17","-73.117","-13.15","363.0","WASA EPS, AY"," -149","H,,S"
"AYM00089016","2009-09-18","-73.117","-13.15","363.0","WASA EPS, AY"," -126","H,,S"
"AYM00089016","2009-09-19","-73.117","-13.15","363.0","WASA EPS, AY"," -120","H,,S"
"AYM00089016","2009-09-20","-73.117","-13.15","363.0","WASA EPS, AY"," -150","H,,S"
"AYM00089016","2009-09-21","-73.117","-13.15","363.0","WASA EPS, AY"," -173","H,,S"
"AYM00089016","2009-09-22","-73.117","-13.15","363.0","WASA EPS, AY"," -219","H,,S"
"AYM00089016","2009-09-23","-73.117","-13.15","363.0","WASA EPS, AY"," -262","H,,S"
"AYM00089016","2009-09-24","-73.117","-13.15","363.0","WASA EPS, AY"," -246","H,,S"
"AYM00089016","2009-09-25","-73.117","-13.15","363.0","WASA EPS, AY"," -233","H,,S"
"AYM00089016","2009-09-26","-73.117","-13.15","363.0","WASA EPS, AY"," -204","H,,S"
"AYM00089016","2009-09-27","-73.117","-13.15","363.0","WASA EPS, AY"," -261","H,,S"
"AYM00089016","2009-09-28","-73.117","-13.15","363.0","WASA EPS, AY"," -314","H,,S"
"AYM00089016","2009-09-29","-73.117","-13.15","363.0","WASA EPS, AY"," -212","H,,S"
"AYM00089016","2009-09-30","-73.117","-13.15","363.0","WASA EPS, AY"," -183","H,,S"
"AYM00089016","2009-10-01","-73.117","-13.15","363.0","WASA EPS, AY"," -205","H,,S"
"AYM00089016","2009-10-02","-73.117","-13.15","363.0","WASA EPS, AY"," -200","H,,S"
"AYM00089016","2009-10-03","-73.117","-13.15","363.0","WASA EPS, AY"," -183","H,,S"
"AYM00089016","2009-10-04","-73.117","-13.15","363.0","WASA EPS, AY"," -233","H,,S"
"AYM00089016","2009-10-05","-73.117","-13.15","363.0","WASA EPS, AY"," -190","H,,S"
"AYM00089016","2009-10-06","-73.117","-13.15","363.0","WASA EPS, AY"," -158","H,,S"
"AYM00089016","2009-10-08","-73.117","-13.15","363.0","WASA EPS, AY"," -160","H,,S"
"AYM00089016","2009-10-09","-73.117","-13.15","363.0","WASA EPS, AY"," -194","H,,S"
"AYM00089016","2009-10-10","-73.117","-13.15","363.0","WASA EPS, AY"," -226","H,,S"
"AYM00089016","2009-10-11","-73.117","-13.15","363.0","WASA EPS, AY"," -162","H,,S"
"AYM00089016","2009-10-12","-73.117","-13.15","363.0","WASA EPS, AY"," -109","H,,S"
"AYM00089016","2009-10-13","-73.117","-13.15","363.0","WASA EPS, AY","  -92","H,,S"
"AYM00089016","2009-10-14","-73.117","-13.15","363.0","WASA EPS, AY","  -94","H,,S"
"AYM00089016","2009-10-15","-73.117","-13.15","363.0","WASA EPS, AY","  -93","H,,S"
"AYM00089016","2009-10-16","-73.117","-13.15","363.0","WASA EPS, AY","  -89","H,,S"
"AYM00089016","2009-10-17","-73.117","-13.15","363.0","WASA EPS, AY","  -84","H,,S"
"AYM00089016","2009-10-18","-73.117","-13.15","363.0","WASA EPS, AY","  -86","H,,S"
"AYM00089016","2009-10-19","-73.117","-13.15","363.0","WASA EPS, AY"," -104","H,,S"
"AYM00089016","2009-10-20","-73.117","-13.15","363.0","WASA EPS, AY"," -123","H,,S"
"AYM00089016","2009-10-21","-73.117","-13.15","363.0","WASA EPS, AY"," -144","H,,S"
"AYM00089016","2009-10-22","-73.117","-13.15","363.0","WASA EPS, AY"," -136","H,,S"
"AYM00089016","2009-10-23","-73.117","-13.15","363.0","WASA EPS, AY"," -174","H,,S"
"AYM00089016","2009-10-24","-73.117","-13.15","363.0","WASA EPS, AY"," -162","H,,S"
"AYM00089016","2009-10-25","-73.117","-13.15","363.0","WASA EPS, AY"," -152","H,,S"
"AYM00089016","2009-10-26","-73.117","-13.15","363.0","WASA EPS, AY","  -93","H,,S"
"AYM00089016","2009-10-27","-73.117","-13.15","363.0","WASA EPS, AY","  -93","H,,S"
"AYM00089016","2009-10-28","-73.117","-13.15","363.0","WASA EPS, AY"," -119","H,,S"
"AYM00089016","2009-10-29","-73.117","-13.15","363.0","WASA EPS, AY","  -99","H,,S"
"AYM00089016","2009-10-30","-73.117","-13.15","363.0","WASA EPS, AY","  -82","H,,S"
"AYM00089016","2009-10-31","-73.117","-13.15","363.0","WASA EPS, AY","  -93","H,,S"
"AYM00089016","2009-11-01","-73.117","-13.15","363.0","WASA EPS, AY"," -107","H,,S"
"AYM00089016","2009-11-02","-73.117","-13.15","363.0","WASA EPS, AY","  -99","H,,S"
"AYM00089016","2009-11-03","-73.117","-13.15","363.0","WASA EPS, AY","  -79","H,,S"
"AYM00089016","2009-11-04","-73.117","-13.15","363.0","WASA EPS, AY"," -120","H,,S"
"AYM00089016","2009-11-05","-73.117","-13.15","363.0","WASA EPS, AY","  -97","H,,S"
"AYM00089016","2009-11-06","-73.117","-13.15","363.0","WASA EPS, AY"," -110","H,,S"
"AYM00089016","2009-11-07","-73.117","-13.15","363.0","WASA EPS, AY"," -117","H,,S"
"AYM00089016","2009-11-08","-73.117","-13.15","363.0","WASA EPS, AY"," -101","H,,S"
"AYM00089016","2009-11-09","-73.117","-13.15","363.0","WASA EPS, AY","  -77","H,,S"
"AYM00089016","2009-11-10","-73.117","-13.15","363.0","WASA EPS, AY","  -59","H,,S"
"AYM00089016","2009-11-11","-73.117","-13.15","363.0","WASA EPS, AY","  -54","H,,S"
"AYM00089016","2009-11-12","-73.117","-13.15","363.0","WASA EPS, AY","  -61","H,,S"
"AYM00089016","2009-11-13","-73.117","-13.15","363.0","WASA EPS, AY","  -50","H,,S"
"AYM00089016","2009-11-14","-73.117","-13.15","363.0","WASA EPS, AY","  -57","H,,S"
"AYM00089016","2009-11-15","-73.117","-13.15","363.0","WASA EPS, AY","  -77","H,,S"
"AYM00089016","2009-11-16","-73.117","-13.15","363.0","WASA EPS, AY","  -93","H,,S"
"AYM00089016","2009-11-17","-73.117","-13.15","363.0","WASA EPS, AY","  -93","H,,S"
"AYM00089016","2009-11-18","-73.117","-13.15","363.0","WASA EPS, AY"," -108","H,,S"
"AYM00089016","2009-11-19","-73.117","-13.15","363.0","WASA EPS, AY"," -134","H,,S"
"AYM00089016","2009-11-20","-73.117","-13.15","363.0","WASA EPS, AY"," -156","H,,S"
"AYM00089016","2009-11-21","-73.117","-13.15","363.0","WASA EPS, AY"," -143","H,,S"
"AYM00089016","2009-11-22","-73.117","-13.15","363.0","WASA EPS, AY"," -157","H,,S"
"AYM00089016","2009-11-23","-73.117","-13.15","363.0","WASA EPS, AY"," -153","H,,S"
"AYM00089016","2009-11-24","-73.117","-13.15","363.0","WASA EPS, AY"," -167","H,,S"
"AYM00089016","2009-11-25","-73.117","-13.15","363.0","WASA EPS, AY"," -157","H,,S"
"AYM00089016","2009-11-26","-73.117","-13.15","363.0","WASA EPS, AY"," -136","H,,S"
"AYM00089016","2009-11-27","-73.117","-13.15","363.0","WASA EPS, AY"," -109","H,,S"
"AYM00089016","2009-11-28","-73.117","-13.15","363.0","WASA EPS, AY","  -72","H,,S"
"AYM00089016","2009-11-29","-73.117","-13.15","363.0","WASA EPS, AY","  -71","H,,S"
"AYM00089016","2009-11-30","-73.117","-13.15","363.0","WASA EPS, AY","  -31","H,,S"
"AYM00089016","2009-12-01","-73.117","-13.15","363.0","WASA EPS, AY","  -23","H,,S"
"AYM00089016","2009-12-02","-73.117","-13.15","363.0","WASA EPS, AY","  -48","H,,S"
"AYM00089016","2009-12-03","-73.117","-13.15","363.0","WASA EPS, AY","  -43","H,,S"
"AYM00089016","2009-12-04","-73.117","-13.15","363.0","WASA EPS, AY","  -33","H,,S"
"AYM00089016","2009-12-06","-73.117","-13.15","363.0","WASA EPS, AY","  -64","H,,S"
"AYM00089016","2009-12-07","-73.117","-13.15","363.0","WASA EPS, AY","  -46","H,,S"
"AYM00089016","2009-12-08","-73.117","-13.15","363.0","WASA EPS, AY","  -45","H,,S"
"AYM00089016","2009-12-09","-73.117","-13.15","363.0","WASA EPS, AY","  -12","H,,S"
"AYM00089016","2009-12-10","-73.117","-13.15","363.0","WASA EPS, AY","  -27","H,,S"
"AYM00089016","2009-12-11","-73.117","-13.15","363.0","WASA EPS, AY","  -30","H,,S"
"AYM00089016","2009-12-12","-73.117","-13.15","363.0","WASA EPS, AY","  -36","H,,S"
"AYM00089016","2009-12-13","-73.117","-13.15","363.0","WASA EPS, AY","  -27","H,,S"
"AYM00089016","2009-12-15","-73.117","-13.15","363.0","WASA EPS, AY","  -27","H,,S"
"AYM00089016","2009-12-16","-73.117","-13.15","363.0","WASA EPS, AY","  -18","H,,S"
"AYM00089016","2009-12-17","-73.117","-13.15","363.0","WASA EPS, AY","  -75","H,,S"
"AYM00089016","2009-12-19","-73.117","-13.15","363.0","WASA EPS, AY","  -71","H,,S"
"AYM00089016","2009-12-20","-73.117","-13.15","363.0","WASA EPS, AY","  -58","H,,S"
"AYM00089016","2009-12-21","-73.117","-13.15","363.0","WASA EPS, AY","  -73","H,,S"
"AYM00089016","2009-12-22","-73.117","-13.15","363.0","WASA EPS, AY","  -71","H,,S"
"AYM00089016","2009-12-23","-73.117","-13.15","363.0","WASA EPS, AY","  -67","H,,S"
"AYM00089016","2009-12-24","-73.117","-13.15","363.0","WASA EPS, AY","  -58","H,,S"
"AYM00089016","2009-12-25","-73.117","-13.15","363.0","WASA EPS, AY","  -62","H,,S"
"AYM00089016","2009-12-26","-73.117","-13.15","363.0","WASA EPS, AY","  -73","H,,S"
"AYM00089016","2009-12-27","-73.117","-13.15","363.0","WASA EPS, AY","  -69","H,,S"
"AYM00089016","2009-12-28","-73.117","-13.15","363.0","WASA EPS, AY","  -67","H,,S"
"AYM00089016","2009-12-29","-73.117","-13.15","363.0","WASA EPS, AY","  -49","H,,S"
"AYM00089016","2009-12-30","-73.117","-13.15","363.0","WASA EPS, AY","  -59","H,,S"
"AYM00089016","2009-12-31","-73.117","-13.15","363.0","WASA EPS, AY","  -60","H,,S"
"AYM00089016","2010-01-01","-73.117","-13.15","363.0","WASA EPS, AY","  -24","H,,S"
"AYM00089016","2010-01-02","-73.117","-13.15","363.0","WASA EPS, AY","  -16","H,,S"
"AYM00089016","2010-01-03","-73.117","-13.15","363.0","WASA EPS, AY","   -4","H,,S"
"AYM00089016","2010-01-04","-73.117","-13.15","363.0","WASA EPS, AY","    1","H,,S"
"AYM00089016","2010-01-05","-73.117","-13.15","363.0","WASA EPS, AY","  -19","H,,S"
"AYM00089016","2010-01-06","-73.117","-13.15","363.0","WASA EPS, AY","  -34","H,,S"
"AYM00089016","2010-01-07","-73.117","-13.15","363.0","WASA EPS, AY","  -12","H,,S"
"AYM00089016","2010-01-08","-73.117","-13.15","363.0","WASA EPS, AY","   13","H,,S"
"AYM00089016","2010-01-09","-73.117","-13.15","363.0","WASA EPS, AY","   19","H,,S"
"AYM00089016","2010-01-10","-73.117","-13.15","363.0","WASA EPS, AY","   -7","H,,S"
"AYM00089016","2010-01-11","-73.117","-13.15","363.0","WASA EPS, AY","  -26","H,,S"
"AYM00089016","2010-01-12","-73.117","-13.15","363.0","WASA EPS, AY","  -38","H,,S"
"AYM00089016","2010-01-13","-73.117","-13.15","363.0","WASA EPS, AY","  -47","H,,S"
"AYM00089016","2010-01-15","-73.117","-13.15","363.0","WASA EPS, AY","  -28","H,,S"
"AYM00089016","2010-01-16","-73.117","-13.15","363.0","WASA EPS, AY","  -68","H,,S"
"AYM00089016","2010-01-17","-73.117","-13.15","363.0","WASA EPS, AY","  -27","H,,S"
"AYM00089016","2010-01-18","-73.117","-13.15","363.0","WASA EPS, AY","   -4","H,,S"
"AYM00089016","2010-01-19","-73.117","-13.15","363.0","WASA EPS, AY","  -52","H,,S"
"AYM00089016","2010-01-20","-73.117","-13.15","363.0","WASA EPS, AY","  -49","H,,S"
"AYM00089016","2010-01-21","-73.117","-13.15","363.0","WASA EPS, AY","  -37","H,,S"
"AYM00089016","2010-01-22","-73.117","-13.15","363.0","WASA EPS, AY","  -48","H,,S"
"AYM00089016","2010-01-23","-73.117","-13.15","363.0","WASA EPS, AY","  -37","H,,S"
"AYM00089016","2010-01-24","-73.117","-13.15","363.0","WASA EPS, AY","  -27","H,,S"
"AYM00089016","2010-01-25","-73.117","-13.15","363.0","WASA EPS, AY","  -56","H,,S"
"AYM00089016","2010-01-26","-73.117","-13.15","363.0","WASA EPS, AY","  -35","H,,S"
"AYM00089016","2010-01-27","-73.117","-13.15","363.0","WASA EPS, AY","  -49","H,,S"
"AYM00089016","2010-01-28","-73.117","-13.15","363.0","WASA EPS, AY","  -33","H,,S"
"AYM00089016","2010-01-29","-73.117","-13.15","363.0","WASA EPS, AY","  -58","H,,S"
"AYM00089016","2010-01-30","-73.117","-13.15","363.0","WASA EPS, AY","  -73","H,,S"
"AYM00089016","2010-01-31","-73.117","-13.15","363.0","WASA EPS, AY","  -58","H,,S"
"AYM00089016","2010-02-01","-73.117","-13.15","363.0","WASA EPS, AY","   -9","H,,S"
"AYM00089016","2010-02-02","-73.117","-13.15","363.0","WASA EPS, AY","  -52","H,,S"
"AYM00089016","2010-02-03","-73.117","-13.15","363.0","WASA EPS, AY","  -90","H,,S"
"AYM00089016","2010-02-04","-73.117","-13.15","363.0","WASA EPS, AY","  -72","H,,S"
"AYM00089016","2010-02-05","-73.117","-13.15","363.0","WASA EPS, AY","  -28","H,,S"
"AYM00089016","2010-02-06","-73.117","-13.15","363.0","WASA EPS, AY","  -45","H,,S"
"AYM00089016","2010-02-07","-73.117","-13.15","363.0","WASA EPS, AY","  -75","H,,S"
"AYM00089016","2010-02-08","-73.117","-13.15","363.0","WASA EPS, AY","  -30","H,,S"
"AYM00089016","2010-02-09","-73.117","-13.15","363.0","WASA EPS, AY","  -47","H,,S"
"AYM00089016","2010-02-10","-73.117","-13.15","363.0","WASA EPS, AY","  -80","H,,S"
"AYM00089016","2010-02-11","-73.117","-13.15","363.0","WASA EPS, AY","  -74","H,,S"
"AYM00089016","2010-02-12","-73.117","-13.15","363.0","WASA EPS, AY","  -48","H,,S"
"AYM00089016","2010-02-13","-73.117","-13.15","363.0","WASA EPS, AY","  -74","H,,S"
"AYM00089016","2010-02-14","-73.117","-13.15","363.0","WASA EPS, AY","  -74","H,,S"
"AYM00089016","2010-02-15","-73.117","-13.15","363.0","WASA EPS, AY","  -56","H,,S"
"AYM00089016","2010-02-16","-73.117","-13.15","363.0","WASA EPS, AY","  -53","H,,S"
"AYM00089016","2010-02-17","-73.117","-13.15","363.0","WASA EPS, AY","  -63","H,,S"
"AYM00089016","2010-02-18","-73.117","-13.15","363.0","WASA EPS, AY","  -92","H,,S"
"AYM00089016","2010-02-19","-73.117","-13.15","363.0","WASA EPS, AY","  -90","H,,S"
"AYM00089016","2010-02-20","-73.117","-13.15","363.0","WASA EPS, AY"," -112","H,,S"
"AYM00089016","2010-02-21","-73.117","-13.15","363.0","WASA EPS, AY","  -98","H,,S"
"AYM00089016","2010-02-22","-73.117","-13.15","363.0","WASA EPS, AY","  -86","H,,S"
"AYM00089016","2010-02-23","-73.117","-13.15","363.0","WASA EPS, AY","  -97","H,,S"
"AYM00089016","2010-02-24","-73.117","-13.15","363.0","WASA EPS, AY"," -101","H,,S"
"AYM00089016","2010-02-25","-73.117","-13.15","363.0","WASA EPS, AY"," -104","H,,S"
"AYM00089016","2010-02-26","-73.117","-13.15","363.0","WASA EPS, AY"," -124","H,,S"
"AYM00089016","2010-02-27","-73.117","-13.15","363.0","WASA EPS, AY"," -122","H,,S"
"AYM00089016","2010-02-28","-73.117","-13.15","363.0","WASA EPS, AY"," -109","H,,S"
"AYM00089016","2010-03-01","-73.117","-13.15","363.0","WASA EPS, AY","  -67","H,,S"
"AYM00089016","2010-03-02","-73.117","-13.15","363.0","WASA EPS, AY","  -53","H,,S"
"AYM00089016","2010-03-03","-73.117","-13.15","363.0","WASA EPS, AY"," -101","H,,S"
"AYM00089016","2010-03-04","-73.117","-13.15","363.0","WASA EPS, AY"," -124","H,,S"
"AYM00089016","2010-03-05","-73.117","-13.15","363.0","WASA EPS, AY"," -160","H,,S"
"AYM00089016","2010-03-06","-73.117","-13.15","363.0","WASA EPS, AY"," -162","H,,S"
"AYM00089016","2010-03-07","-73.117","-13.15","363.0","WASA EPS, AY"," -173","H,,S"
"AYM00089016","2010-03-08","-73.117","-13.15","363.0","WASA EPS, AY"," -178","H,,S"
"AYM00089016","2010-03-09","-73.117","-13.15","363.0","WASA EPS, AY"," -182","H,,S"
"AYM00089016","2010-03-10","-73.117","-13.15","363.0","WASA EPS, AY"," -140","H,,S"
"AYM00089016","2010-03-11","-73.117","-13.15","363.0","WASA EPS, AY"," -117","H,,S"
"AYM00089016","2010-03-12","-73.117","-13.15","363.0","WASA EPS, AY"," -123","H,,S"
"AYM00089016","2010-03-13","-73.117","-13.15","363.0","WASA EPS, AY"," -131","H,,S"
"AYM00089016","2010-03-14","-73.117","-13.15","363.0","WASA EPS, AY"," -118","H,,S"
"AYM00089016","2010-03-15","-73.117","-13.15","363.0","WASA EPS, AY"," -149","H,,S"
"AYM00089016","2010-03-16","-73.117","-13.15","363.0","WASA EPS, AY","  -71","H,,S"
"AYM00089016","2010-03-17","-73.117","-13.15","363.0","WASA EPS, AY","  -72","H,,S"
"AYM00089016","2010-03-18","-73.117","-13.15","363.0","WASA EPS, AY"," -147","H,,S"
"AYM00089016","2010-03-19","-73.117","-13.15","363.0","WASA EPS, AY"," -159","H,,S"
"AYM00089016","2010-03-20","-73.117","-13.15","363.0","WASA EPS, AY"," -173","H,,S"
"AYM00089016","2010-03-21","-73.117","-13.15","363.0","WASA EPS, AY"," -117","H,,S"
"AYM00089016","2010-03-22","-73.117","-13.15","363.0","WASA EPS, AY"," -138","H,,S"
"AYM00089016","2010-03-23","-73.117","-13.15","363.0","WASA EPS, AY"," -169","H,,S"
"AYM00089016","2010-03-24","-73.117","-13.15","363.0","WASA EPS, AY"," -143","H,,S"
"AYM00089016","2010-03-25","-73.117","-13.15","363.0","WASA EPS, AY"," -121","H,,S"
"AYM00089016","2010-03-26","-73.117","-13.15","363.0","WASA EPS, AY"," -137","H,,S"
"AYM00089016","2010-03-27","-73.117","-13.15","363.0","WASA EPS, AY"," -133","H,,S"
"AYM00089016","2010-03-28","-73.117","-13.15","363.0","WASA EPS, AY"," -162","H,,S"
"AYM00089016","2010-03-29","-73.117","-13.15","363.0","WASA EPS, AY"," -173","H,,S"
"AYM00089016","2010-03-30","-73.117","-13.15","363.0","WASA EPS, AY"," -144","H,,S"
"AYM00089016","2010-03-31","-73.117","-13.15","363.0","WASA EPS, AY"," -157","H,,S"
"AYM00089016","2010-04-01","-73.117","-13.15","363.0","WASA EPS, AY"," -193","H,,S"
"AYM00089016","2010-04-02","-73.117","-13.15","363.0","WASA EPS, AY"," -167","H,,S"
"AYM00089016","2010-04-03","-73.117","-13.15","363.0","WASA EPS, AY"," -133","H,,S"
"AYM00089016","2010-04-04","-73.117","-13.15","363.0","WASA EPS, AY","  -95","H,,S"
"AYM00089016","2010-04-05","-73.117","-13.15","363.0","WASA EPS, AY","  -97","H,,S"
"AYM00089016","2010-04-06","-73.117","-13.15","363.0","WASA EPS, AY"," -146","H,,S"
"AYM00089016","2010-04-07","-73.117","-13.15","363.0","WASA EPS, AY"," -119","H,,S"
"AYM00089016","2010-04-08","-73.117","-13.15","363.0","WASA EPS, AY"," -179","H,,S"
"AYM00089016","2010-04-09","-73.117","-13.15","363.0","WASA EPS, AY"," -223","H,,S"
"AYM00089016","2010-04-10","-73.117","-13.15","363.0","WASA EPS, AY"," -238","H,,S"
"AYM00089016","2010-04-11","-73.117","-13.15","363.0","WASA EPS, AY"," -251","H,,S"
"AYM00089016","2010-04-12","-73.117","-13.15","363.0","WASA EPS, AY"," -264","H,,S"
"AYM00089016","2010-04-13","-73.117","-13.15","363.0","WASA EPS, AY"," -230","H,,S"
"AYM00089016","2010-04-14","-73.117","-13.15","363.0","WASA EPS, AY"," -236","H,,S"
"AYM00089016","2010-04-15","-73.117","-13.15","363.0","WASA EPS, AY"," -207","H,,S"
"AYM00089016","2010-04-16","-73.117","-13.15","363.0","WASA EPS, AY"," -209","H,,S"
"AYM00089016","2010-04-17","-73.117","-13.15","363.0","WASA EPS, AY"," -184","H,,S"
"AYM00089016","2010-04-18","-73.117","-13.15","363.0","WASA EPS, AY"," -231","H,,S"
"AYM00089016","2010-04-19","-73.117","-13.15","363.0","WASA EPS, AY"," -168","H,,S"
"AYM00089016","2010-04-20","-73.117","-13.15","363.0","WASA EPS, AY"," -106","H,,S"
"AYM00089016","2010-04-21","-73.117","-13.15","363.0","WASA EPS, AY"," -111","H,,S"
"AYM00089016","2010-04-22","-73.117","-13.15","363.0","WASA EPS, AY"," -101","H,,S"
"AYM00089016","2010-04-23","-73.117","-13.15","363.0","WASA EPS, AY"," -117","H,,S"
"AYM00089016","2010-04-24","-73.117","-13.15","363.0","WASA EPS, AY"," -116","H,,S"
"AYM00089016","2010-04-25","-73.117","-13.15","363.0","WASA EPS, AY"," -152","H,,S"
"AYM00089016","2010-04-26","-73.117","-13.15","363.0","WASA EPS, AY"," -144","H,,S"
"AYM00089016","2010-04-27","-73.117","-13.15","363.0","WASA EPS, AY"," -131","H,,S"
"AYM00089016","2010-04-28","-73.117","-13.15","363.0","WASA EPS, AY","  -92","H,,S"
"AYM00089016","2010-04-29","-73.117","-13.15","363.0","WASA EPS, AY"," -102","H,,S"
"AYM00089016","2010-04-30","-73.117","-13.15","363.0","WASA EPS, AY"," -126","H,,S"
"AYM00089016","2010-05-01","-73.117","-13.15","363.0","WASA EPS, AY","  -90","H,,S"
"AYM00089016","2010-05-02","-73.117","-13.15","363.0","WASA EPS, AY","  -58","H,,S"
"AYM00089016","2010-05-03","-73.117","-13.15","363.0","WASA EPS, AY","  -60","H,,S"
"AYM00089016","2010-05-04","-73.117","-13.15","363.0","WASA EPS, AY","  -68","H,,S"
"AYM00089016","2010-05-05","-73.117","-13.15","363.0","WASA EPS, AY","  -57","H,,S"
"AYM00089016","2010-05-06","-73.117","-13.15","363.0","WASA EPS, AY"," -115","H,,S"
"AYM00089016","2010-05-07","-73.117","-13.15","363.0","WASA EPS, AY"," -135","H,,S"
"AYM00089016","2010-05-08","-73.117","-13.15","363.0","WASA EPS, AY","  -77","H,,S"
"AYM00089016","2010-05-09","-73.117","-13.15","363.0","WASA EPS, AY","  -76","H,,S"
"AYM00089016","2010-05-10","-73.117","-13.15","363.0","WASA EPS, AY","  -88","H,,S"
"AYM00089016","2010-05-11","-73.117","-13.15","363.0","WASA EPS, AY"," -116","H,,S"
"AYM00089016","2010-05-12","-73.117","-13.15","363.0","WASA EPS, AY"," -128","H,,S"
"AYM00089016","2010-05-13","-73.117","-13.15","363.0","WASA EPS, AY"," -185","H,,S"
"AYM00089016","2010-05-14","-73.117","-13.15","363.0","WASA EPS, AY"," -172","H,,S"
"AYM00089016","2010-05-15","-73.117","-13.15","363.0","WASA EPS, AY"," -197","H,,S"
"AYM00089016","2010-05-16","-73.117","-13.15","363.0","WASA EPS, AY"," -256","H,,S"
"AYM00089016","2010-05-17","-73.117","-13.15","363.0","WASA EPS, AY"," -308","H,,S"
"AYM00089016","2010-05-18","-73.117","-13.15","363.0","WASA EPS, AY"," -293","H,,S"
"AYM00089016","2010-05-19","-73.117","-13.15","363.0","WASA EPS, AY"," -353","H,,S"
"AYM00089016","2010-05-20","-73.117","-13.15","363.0","WASA EPS, AY"," -256","H,,S"
"AYM00089016","2010-05-21","-73.117","-13.15","363.0","WASA EPS, AY"," -220","H,,S"
"AYM00089016","2010-05-22","-73.117","-13.15","363.0","WASA EPS, AY"," -265","H,,S"
"AYM00089016","2010-05-23","-73.117","-13.15","363.0","WASA EPS, AY"," -248","H,,S"
"AYM00089016","2010-05-24","-73.117","-13.15","363.0","WASA EPS, AY"," -271","H,,S"
"AYM00089016","2010-05-25","-73.117","-13.15","363.0","WASA EPS, AY"," -270","H,,S"
"AYM00089016","2010-05-26","-73.117","-13.15","363.0","WASA EPS, AY"," -213","H,,S"
"AYM00089016","2010-05-27","-73.117","-13.15","363.0","WASA EPS, AY"," -163","H,,S"
"AYM00089016","2010-05-28","-73.117","-13.15","363.0","WASA EPS, AY"," -231","H,,S"
"AYM00089016","2010-05-29","-73.117","-13.15","363.0","WASA EPS, AY"," -211","H,,S"
"AYM00089016","2010-05-30","-73.117","-13.15","363.0","WASA EPS, AY"," -215","H,,S"
"AYM00089016","2010-05-31","-73.117","-13.15","363.0","WASA EPS, AY"," -254","H,,S"
"AYM00089016","2010-06-01","-73.117","-13.15","363.0","WASA EPS, AY"," -248","H,,S"
"AYM00089016","2010-06-02","-73.117","-13.15","363.0","WASA EPS, AY"," -234","H,,S"
"AYM00089016","2010-06-03","-73.117","-13.15","363.0","WASA EPS, AY"," -169","H,,S"
"AYM00089016","2010-06-04","-73.117","-13.15","363.0","WASA EPS, AY"," -186","H,,S"
"AYM00089016","2010-06-05","-73.117","-13.15","363.0","WASA EPS, AY"," -188","H,,S"
"AYM00089016","2010-06-06","-73.117","-13.15","363.0","WASA EPS, AY"," -213","H,,S"
"AYM00089016","2010-06-07","-73.117","-13.15","363.0","WASA EPS, AY"," -199","H,,S"
"AYM00089016","2010-06-08","-73.117","-13.15","363.0","WASA EPS, AY"," -218","H,,S"
"AYM00089016","2010-06-09","-73.117","-13.15","363.0","WASA EPS, AY"," -271","H,,S"
"AYM00089016","2010-06-10","-73.117","-13.15","363.0","WASA EPS, AY"," -278","H,,S"
"AYM00089016","2010-06-11","-73.117","-13.15","363.0","WASA EPS, AY"," -297","H,,S"
"AYM00089016","2010-06-12","-73.117","-13.15","363.0","WASA EPS, AY"," -217","H,,S"
"AYM00089016","2010-06-13","-73.117","-13.15","363.0","WASA EPS, AY"," -177","H,,S"
"AYM00089016","2010-06-14","-73.117","-13.15","363.0","WASA EPS, AY"," -133","H,,S"
"AYM00089016","2010-06-16","-73.117","-13.15","363.0","WASA EPS, AY"," -259","H,,S"
"AYM00089016","2010-06-17","-73.117","-13.15","363.0","WASA EPS, AY"," -242","H,,S"
"AYM00089016","2010-06-18","-73.117","-13.15","363.0","WASA EPS, AY"," -233","H,,S"
"AYM00089016","2010-06-19","-73.117","-13.15","363.0","WASA EPS, AY"," -272","H,,S"
"AYM00089016","2010-06-20","-73.117","-13.15","363.0","WASA EPS, AY"," -302","H,,S"
"AYM00089016","2010-06-21","-73.117","-13.15","363.0","WASA EPS, AY"," -260","H,,S"
"AYM00089016","2010-06-22","-73.117","-13.15","363.0","WASA EPS, AY"," -222","H,,S"
"AYM00089016","2010-06-23","-73.117","-13.15","363.0","WASA EPS, AY"," -184","H,,S"
"AYM00089016","2010-06-24","-73.117","-13.15","363.0","WASA EPS, AY"," -177","H,,S"
"AYM00089016","2010-06-25","-73.117","-13.15","363.0","WASA EPS, AY"," -212","H,,S"
"AYM00089016","2010-06-26","-73.117","-13.15","363.0","WASA EPS, AY"," -292","H,,S"
"AYM00089016","2010-06-27","-73.117","-13.15","363.0","WASA EPS, AY"," -280","H,,S"
"AYM00089016","2010-06-28","-73.117","-13.15","363.0","WASA EPS, AY"," -319","H,,S"
"AYM00089016","2010-06-29","-73.117","-13.15","363.0","WASA EPS, AY"," -228","H,,S"
"AYM00089016","2010-06-30","-73.117","-13.15","363.0","WASA EPS, AY"," -172","H,,S"
"AYM00089016","2010-07-01","-73.117","-13.15","363.0","WASA EPS, AY"," -228","H,,S"
"AYM00089016","2010-07-02","-73.117","-13.15","363.0","WASA EPS, AY"," -238","H,,S"
"AYM00089016","2010-07-03","-73.117","-13.15","363.0","WASA EPS, AY"," -271","H,,S"
"AYM00089016","2010-07-04","-73.117","-13.15","363.0","WASA EPS, AY"," -279","H,,S"
"AYM00089016","2010-07-05","-73.117","-13.15","363.0","WASA EPS, AY"," -301","H,,S"
"AYM00089016","2010-07-06","-73.117","-13.15","363.0","WASA EPS, AY"," -344","H,,S"
"AYM00089016","2010-07-07","-73.117","-13.15","363.0","WASA EPS, AY"," -377","H,,S"
"AYM00089016","2010-07-08","-73.117","-13.15","363.0","WASA EPS, AY"," -318","H,,S"
"AYM00089016","2010-07-09","-73.117","-13.15","363.0","WASA EPS, AY"," -281","H,,S"
"AYM00089016","2010-07-10","-73.117","-13.15","363.0","WASA EPS, AY"," -319","H,,S"
"AYM00089016","2010-07-11","-73.117","-13.15","363.0","WASA EPS, AY"," -233","H,,S"
"AYM00089016","2010-07-12","-73.117","-13.15","363.0","WASA EPS, AY"," -187","H,,S"
"AYM00089016","2010-07-13","-73.117","-13.15","363.0","WASA EPS, AY"," -247","H,,S"
"AYM00089016","2010-07-14","-73.117","-13.15","363.0","WASA EPS, AY"," -209","H,,S"
"AYM00089016","2010-07-15","-73.117","-13.15","363.0","WASA EPS, AY"," -208","H,,S"
"AYM00089016","2010-07-16","-73.117","-13.15","363.0","WASA EPS, AY"," -183","H,,S"
"AYM00089016","2010-07-17","-73.117","-13.15","363.0","WASA EPS, AY"," -193","H,,S"
"AYM00089016","2010-07-18","-73.117","-13.15","363.0","WASA EPS, AY"," -223","H,,S"
"AYM00089016","2010-07-19","-73.117","-13.15","363.0","WASA EPS, AY"," -281","H,,S"
"AYM00089016","2010-07-20","-73.117","-13.15","363.0","WASA EPS, AY"," -297","H,,S"
"AYM00089016","2010-07-21","-73.117","-13.15","363.0","WASA EPS, AY"," -218","H,,S"
"AYM00089016","2010-07-22","-73.117","-13.15","363.0","WASA EPS, AY"," -214","H,,S"
"AYM00089016","2010-07-23","-73.117","-13.15","363.0","WASA EPS, AY"," -296","H,,S"
"AYM00089016","2010-07-24","-73.117","-13.15","363.0","WASA EPS, AY"," -281","H,,S"
"AYM00089016","2010-07-25","-73.117","-13.15","363.0","WASA EPS, AY"," -298","H,,S"
"AYM00089016","2010-07-26","-73.117","-13.15","363.0","WASA EPS, AY"," -330","H,,S"
"AYM00089016","2010-07-27","-73.117","-13.15","363.0","WASA EPS, AY"," -286","H,,S"
"AYM00089016","2010-07-28","-73.117","-13.15","363.0","WASA EPS, AY"," -145","H,,S"
"AYM00089016","2010-07-29","-73.117","-13.15","363.0","WASA EPS, AY","  -93","H,,S"
"AYM00089016","2010-07-30","-73.117","-13.15","363.0","WASA EPS, AY"," -112","H,,S"
"AYM00089016","2010-07-31","-73.117","-13.15","363.0","WASA EPS, AY"," -156","H,,S"
"AYM00089016","2010-08-01","-73.117","-13.15","363.0","WASA EPS, AY"," -172","H,,S"
"AYM00089016","2010-08-02","-73.117","-13.15","363.0","WASA EPS, AY"," -215","H,,S"
"AYM00089016","2010-08-03","-73.117","-13.15","363.0","WASA EPS, AY"," -189","H,,S"
"AYM00089016","2010-08-04","-73.117","-13.15","363.0","WASA EPS, AY"," -214","H,,S"
"AYM00089016","2010-08-05","-73.117","-13.15","363.0","WASA EPS, AY"," -291","H,,S"
"AYM00089016","2010-08-06","-73.117","-13.15","363.0","WASA EPS, AY"," -291","H,,S"
"AYM00089016","2010-08-07","-73.117","-13.15","363.0","WASA EPS, AY"," -278","H,,S"
"AYM00089016","2010-08-08","-73.117","-13.15","363.0","WASA EPS, AY"," -280","H,,S"
"AYM00089016","2010-08-09","-73.117","-13.15","363.0","WASA EPS, AY"," -244","H,,S"
"AYM00089016","2010-08-10","-73.117","-13.15","363.0","WASA EPS, AY"," -246","H,,S"
"AYM00089016","2010-08-11","-73.117","-13.15","363.0","WASA EPS, AY"," -179","H,,S"
"AYM00089016","2010-08-12","-73.117","-13.15","363.0","WASA EPS, AY"," -180","H,,S"
"AYM00089016","2010-08-13","-73.117","-13.15","363.0","WASA EPS, AY"," -221","H,,S"
"AYM00089016","2010-08-14","-73.117","-13.15","363.0","WASA EPS, AY"," -188","H,,S"
"AYM00089016","2010-08-15","-73.117","-13.15","363.0","WASA EPS, AY"," -244","H,,S"
"AYM00089016","2010-08-16","-73.117","-13.15","363.0","WASA EPS, AY"," -315","H,,S"
"AYM00089016","2010-08-17","-73.117","-13.15","363.0","WASA EPS, AY"," -306","H,,S"
"AYM00089016","2010-08-18","-73.117","-13.15","363.0","WASA EPS, AY"," -274","H,,S"
"AYM00089016","2010-08-19","-73.117","-13.15","363.0","WASA EPS, AY"," -265","H,,S"
"AYM00089016","2010-08-20","-73.117","-13.15","363.0","WASA EPS, AY"," -218","H,,S"
"AYM00089016","2010-08-21","-73.117","-13.15","363.0","WASA EPS, AY"," -166","H,,S"
"AYM00089016","2010-08-22","-73.117","-13.15","363.0","WASA EPS, AY"," -203","H,,S"
"AYM00089016","2010-08-23","-73.117","-13.15","363.0","WASA EPS, AY"," -190","H,,S"
"AYM00089016","2010-08-24","-73.117","-13.15","363.0","WASA EPS, AY"," -236","H,,S"
"AYM00089016","2010-08-25","-73.117","-13.15","363.0","WASA EPS, AY"," -226","H,,S"
"AYM00089016","2010-08-26","-73.117","-13.15","363.0","WASA EPS, AY"," -246","H,,S"
"AYM00089016","2010-08-27","-73.117","-13.15","363.0","WASA EPS, AY"," -265","H,,S"
"AYM00089016","2010-08-28","-73.117","-13.15","363.0","WASA EPS, AY"," -234","H,,S"
"AYM00089016","2010-08-29","-73.117","-13.15","363.0","WASA EPS, AY"," -282","H,,S"
"AYM00089016","2010-08-30","-73.117","-13.15","363.0","WASA EPS, AY"," -290","H,,S"
"AYM00089016","2010-08-31","-73.117","-13.15","363.0","WASA EPS, AY"," -271","H,,S"
"AYM00089016","2010-09-01","-73.117","-13.15","363.0","WASA EPS, AY"," -294","H,,S"
"AYM00089016","2010-09-02","-73.117","-13.15","363.0","WASA EPS, AY"," -196","H,,S"
"AYM00089016","2010-09-03","-73.117","-13.15","363.0","WASA EPS, AY"," -213","H,,S"
"AYM00089016","2010-09-04","-73.117","-13.15","363.0","WASA EPS, AY"," -249","H,,S"
"AYM00089016","2010-09-05","-73.117","-13.15","363.0","WASA EPS, AY"," -294","H,,S"
"AYM00089016","2010-09-06","-73.117","-13.15","363.0","WASA EPS, AY"," -315","H,,S"
"AYM00089016","2010-09-07","-73.117","-13.15","363.0","WASA EPS, AY"," -284","H,,S"
"AYM00089016","2010-09-08","-73.117","-13.15","363.0","WASA EPS, AY"," -261","H,,S"
"AYM00089016","2010-09-09","-73.117","-13.15","363.0","WASA EPS, AY"," -316","H,,S"
"AYM00089016","2010-09-10","-73.117","-13.15","363.0","WASA EPS, AY"," -282","H,,S"
"AYM00089016","2010-09-11","-73.117","-13.15","363.0","WASA EPS, AY"," -306","H,,S"
"AYM00089016","2010-09-12","-73.117","-13.15","363.0","WASA EPS, AY"," -279","H,,S"
"AYM00089016","2010-09-13","-73.117","-13.15","363.0","WASA EPS, AY"," -254","H,,S"
"AYM00089016","2010-09-14","-73.117","-13.15","363.0","WASA EPS, AY"," -178","H,,S"
"AYM00089016","2010-09-15","-73.117","-13.15","363.0","WASA EPS, AY"," -126","H,,S"
"AYM00089016","2010-09-16","-73.117","-13.15","363.0","WASA EPS, AY","  -94","H,,S"
"AYM00089016","2010-09-17","-73.117","-13.15","363.0","WASA EPS, AY","  -95","H,,S"
"AYM00089016","2010-09-18","-73.117","-13.15","363.0","WASA EPS, AY","  -81","H,,S"
"AYM00089016","2010-09-19","-73.117","-13.15","363.0","WASA EPS, AY"," -101","H,,S"
"AYM00089016","2010-09-20","-73.117","-13.15","363.0","WASA EPS, AY"," -138","H,,S"
"AYM00089016","2010-09-21","-73.117","-13.15","363.0","WASA EPS, AY"," -150","H,,S"
"AYM00089016","2010-09-22","-73.117","-13.15","363.0","WASA EPS, AY"," -117","H,,S"
"AYM00089016","2010-09-23","-73.117","-13.15","363.0","WASA EPS, AY"," -101","H,,S"
"AYM00089016","2010-09-24","-73.117","-13.15","363.0","WASA EPS, AY","  -99","H,,S"
"AYM00089016","2010-09-25","-73.117","-13.15","363.0","WASA EPS, AY"," -103","H,,S"
"AYM00089016","2010-09-26","-73.117","-13.15","363.0","WASA EPS, AY"," -129","H,,S"
"AYM00089016","2010-09-27","-73.117","-13.15","363.0","WASA EPS, AY"," -209","H,,S"
"AYM00089016","2010-09-28","-73.117","-13.15","363.0","WASA EPS, AY"," -231","H,,S"
"AYM00089016","2010-09-29","-73.117","-13.15","363.0","WASA EPS, AY"," -231","H,,S"
"AYM00089016","2010-09-30","-73.117","-13.15","363.0","WASA EPS, AY"," -258","H,,S"
"AYM00089016","2010-10-01","-73.117","-13.15","363.0","WASA EPS, AY"," -254","H,,S"
"AYM00089016","2010-10-02","-73.117","-13.15","363.0","WASA EPS, AY"," -169","H,,S"
"AYM00089016","2010-10-03","-73.117","-13.15","363.0","WASA EPS, AY"," -154","H,,S"
"AYM00089016","2010-10-04","-73.117","-13.15","363.0","WASA EPS, AY"," -193","H,,S"
"AYM00089016","2010-10-05","-73.117","-13.15","363.0","WASA EPS, AY"," -186","H,,S"
"AYM00089016","2010-10-06","-73.117","-13.15","363.0","WASA EPS, AY"," -194","H,,S"
"AYM00089016","2010-10-07","-73.117","-13.15","363.0","WASA EPS, AY"," -232","H,,S"
"AYM00089016","2010-10-08","-73.117","-13.15","363.0","WASA EPS, AY"," -215","H,,S"
"AYM00089016","2010-10-09","-73.117","-13.15","363.0","WASA EPS, AY"," -164","H,,S"
"AYM00089016","2010-10-10","-73.117","-13.15","363.0","WASA EPS, AY"," -113","H,,S"
"AYM00089016","2010-10-11","-73.117","-13.15","363.0","WASA EPS, AY"," -108","H,,S"
"AYM00089016","2010-10-12","-73.117","-13.15","363.0","WASA EPS, AY"," -121","H,,S"
"AYM00089016","2010-10-13","-73.117","-13.15","363.0","WASA EPS, AY"," -127","H,,S"
"AYM00089016","2010-10-14","-73.117","-13.15","363.0","WASA EPS, AY"," -110","H,,S"
"AYM00089016","2010-10-15","-73.117","-13.15","363.0","WASA EPS, AY"," -129","H,,S"
"AYM00089016","2010-10-16","-73.117","-13.15","363.0","WASA EPS, AY"," -167","H,,S"
"AYM00089016","2010-10-17","-73.117","-13.15","363.0","WASA EPS, AY"," -194","H,,S"
"AYM00089016","2010-10-18","-73.117","-13.15","363.0","WASA EPS, AY"," -200","H,,S"
"AYM00089016","2010-10-19","-73.117","-13.15","363.0","WASA EPS, AY"," -172","H,,S"
"AYM00089016","2010-10-20","-73.117","-13.15","363.0","WASA EPS, AY"," -149","H,,S"
"AYM00089016","2010-10-21","-73.117","-13.15","363.0","WASA EPS, AY"," -111","H,,S"
"AYM00089016","2010-10-22","-73.117","-13.15","363.0","WASA EPS, AY","  -96","H,,S"
"AYM00089016","2010-10-23","-73.117","-13.15","363.0","WASA EPS, AY"," -118","H,,S"
"AYM00089016","2010-10-24","-73.117","-13.15","363.0","WASA EPS, AY"," -115","H,,S"
"AYM00089016","2010-10-25","-73.117","-13.15","363.0","WASA EPS, AY"," -143","H,,S"
"AYM00089016","2010-10-26","-73.117","-13.15","363.0","WASA EPS, AY"," -170","H,,S"
"AYM00089016","2010-10-27","-73.117","-13.15","363.0","WASA EPS, AY"," -211","H,,S"
"AYM00089016","2010-10-28","-73.117","-13.15","363.0","WASA EPS, AY"," -187","H,,S"
"AYM00089016","2010-10-29","-73.117","-13.15","363.0","WASA EPS, AY"," -168","H,,S"
"AYM00089016","2010-10-30","-73.117","-13.15","363.0","WASA EPS, AY"," -197","H,,S"
"AYM00089016","2010-10-31","-73.117","-13.15","363.0","WASA EPS, AY"," -172","H,,S"
"AYM00089016","2010-11-01","-73.117","-13.15","363.0","WASA EPS, AY"," -128","H,,S"
"AYM00089016","2010-11-02","-73.117","-13.15","363.0","WASA EPS, AY"," -173","H,,S"
"AYM00089016","2010-11-03","-73.117","-13.15","363.0","WASA EPS, AY"," -147","H,,S"
"AYM00089016","2010-11-04","-73.117","-13.15","363.0","WASA EPS, AY"," -133","H,,S"
"AYM00089016","2010-11-05","-73.117","-13.15","363.0","WASA EPS, AY"," -151","H,,S"
"AYM00089016","2010-11-06","-73.117","-13.15","363.0","WASA EPS, AY"," -105","H,,S"
"AYM00089016","2010-11-07","-73.117","-13.15","363.0","WASA EPS, AY","  -77","H,,S"
"AYM00089016","2010-11-08","-73.117","-13.15","363.0","WASA EPS, AY","  -78","H,,S"
"AYM00089016","2010-11-09","-73.117","-13.15","363.0","WASA EPS, AY","  -94","H,,S"
"AYM00089016","2010-11-10","-73.117","-13.15","363.0","WASA EPS, AY","  -90","H,,S"
"AYM00089016","2010-11-11","-73.117","-13.15","363.0","WASA EPS, AY","  -88","H,,S"
"AYM00089016","2010-11-12","-73.117","-13.15","363.0","WASA EPS, AY","  -74","H,,S"
"AYM00089016","2010-11-13","-73.117","-13.15","363.0","WASA EPS, AY","  -95","H,,S"
"AYM00089016","2010-11-14","-73.117","-13.15","363.0","WASA EPS, AY"," -115","H,,S"
"AYM00089016","2010-11-15","-73.117","-13.15","363.0","WASA EPS, AY"," -132","H,,S"
"AYM00089016","2010-11-16","-73.117","-13.15","363.0","WASA EPS, AY"," -157","H,,S"
"AYM00089016","2010-11-17","-73.117","-13.15","363.0","WASA EPS, AY"," -152","H,,S"
"AYM00089016","2010-11-18","-73.117","-13.15","363.0","WASA EPS, AY"," -141","H,,S"
"AYM00089016","2010-11-19","-73.117","-13.15","363.0","WASA EPS, AY","  -96","H,,S"
"AYM00089016","2010-11-20","-73.117","-13.15","363.0","WASA EPS, AY","  -94","H,,S"
"AYM00089016","2010-11-21","-73.117","-13.15","363.0","WASA EPS, AY","  -59","H,,S"
"AYM00089016","2010-11-22","-73.117","-13.15","363.0","WASA EPS, AY","  -76","H,,S"
"AYM00089016","2010-11-23","-73.117","-13.15","363.0","WASA EPS, AY"," -110","H,,S"
"AYM00089016","2010-11-24","-73.117","-13.15","363.0","WASA EPS, AY"," -119","H,,S"
"AYM00089016","2010-11-25","-73.117","-13.15","363.0","WASA EPS, AY"," -101","H,,S"
"AYM00089016","2010-11-26","-73.117","-13.15","363.0","WASA EPS, AY"," -110","H,,S"
"AYM00089016","2010-11-27","-73.117","-13.15","363.0","WASA EPS, AY"," -107","H,,S"
"AYM00089016","2010-11-28","-73.117","-13.15","363.0","WASA EPS, AY","  -92","H,,S"
"AYM00089016","2010-11-29","-73.117","-13.15","363.0","WASA EPS, AY"," -107","H,,S"
"AYM00089016","2010-11-30","-73.117","-13.15","363.0","WASA EPS, AY","  -90","H,,S"
"AYM00089016","2010-12-01","-73.117","-13.15","363.0","WASA EPS, AY","  -66","H,,S"
"AYM00089016","2010-12-02","-73.117","-13.15","363.0","WASA EPS, AY"," -110","H,,S"
"AYM00089016","2010-12-03","-73.117","-13.15","363.0","WASA EPS, AY"," -134","H,,S"
"AYM00089016","2010-12-04","-73.117","-13.15","363.0","WASA EPS, AY"," -122","H,,S"
"AYM00089016","2010-12-05","-73.117","-13.15","363.0","WASA EPS, AY","  -73","H,,S"
"AYM00089016","2010-12-06","-73.117","-13.15","363.0","WASA EPS, AY","  -56","H,,S"
"AYM00089016","2010-12-07","-73.117","-13.15","363.0","WASA EPS, AY","  -53","H,,S"
"AYM00089016","2010-12-08","-73.117","-13.15","363.0","WASA EPS, AY","  -34","H,,S"
"AYM00089016","2010-12-09","-73.117","-13.15","363.0","WASA EPS, AY","  -46","H,,S"
"AYM00089016","2010-12-10","-73.117","-13.15","363.0","WASA EPS, AY","  -54","H,,S"
"AYM00089016","2010-12-11","-73.117","-13.15","363.0","WASA EPS, AY","  -68","H,,S"
"AYM00089016","2010-12-12","-73.117","-13.15","363.0","WASA EPS, AY","  -35","H,,S"
"AYM00089016","2010-12-13","-73.117","-13.15","363.0","WASA EPS, AY","  -34","H,,S"
"AYM00089016","2010-12-14","-73.117","-13.15","363.0","WASA EPS, AY","  -45","H,,S"
"AYM00089016","2010-12-15","-73.117","-13.15","363.0","WASA EPS, AY","  -36","H,,S"
"AYM00089016","2010-12-16","-73.117","-13.15","363.0","WASA EPS, AY","  -35","H,,S"
"AYM00089016","2010-12-17","-73.117","-13.15","363.0","WASA EPS, AY","  -28","H,,S"
"AYM00089016","2010-12-18","-73.117","-13.15","363.0","WASA EPS, AY","  -31","H,,S"
"AYM00089016","2010-12-19","-73.117","-13.15","363.0","WASA EPS, AY","  -34","H,,S"
"AYM00089016","2010-12-20","-73.117","-13.15","363.0","WASA EPS, AY","  -24","H,,S"
"AYM00089016","2010-12-21","-73.117","-13.15","363.0","WASA EPS, AY","  -39","H,,S"
"AYM00089016","2010-12-22","-73.117","-13.15","363.0","WASA EPS, AY","  -27","H,,S"
"AYM00089016","2010-12-23","-73.117","-13.15","363.0","WASA EPS, AY","  -44","H,,S"
"AYM00089016","2010-12-24","-73.117","-13.15","363.0","WASA EPS, AY","  -41","H,,S"
"AYM00089016","2010-12-25","-73.117","-13.15","363.0","WASA EPS, AY","  -44","H,,S"
"AYM00089016","2010-12-26","-73.117","-13.15","363.0","WASA EPS, AY","  -16","H,,S"
"AYM00089016","2010-12-27","-73.117","-13.15","363.0","WASA EPS, AY","   -6","H,,S"
"AYM00089016","2010-12-28","-73.117","-13.15","363.0","WASA EPS, AY","   -6","H,,S"
"AYM00089016","2010-12-29","-73.117","-13.15","363.0","WASA EPS, AY","  -23","H,,S"
"AYM00089016","2010-12-30","-73.117","-13.15","363.0","WASA EPS, AY","  -43","H,,S"
"AYM00089016","2010-12-31","-73.117","-13.15","363.0","WASA EPS, AY","  -42","H,,S"
"AYM00089016","2011-01-01","-73.117","-13.15","363.0","WASA EPS, AY","  -51","H,,S"
"AYM00089016","2011-01-02","-73.117","-13.15","363.0","WASA EPS, AY","  -57","H,,S"
"AYM00089016","2011-01-03","-73.117","-13.15","363.0","WASA EPS, AY","  -56","H,,S"
"AYM00089016","2011-01-04","-73.117","-13.15","363.0","WASA EPS, AY","  -59","H,,S"
"AYM00089016","2011-01-05","-73.117","-13.15","363.0","WASA EPS, AY","  -49","H,,S"
"AYM00089016","2011-01-06","-73.117","-13.15","363.0","WASA EPS, AY","  -31","H,,S"
"AYM00089016","2011-01-07","-73.117","-13.15","363.0","WASA EPS, AY","  -33","H,,S"
"AYM00089016","2011-01-08","-73.117","-13.15","363.0","WASA EPS, AY","  -17","H,,S"
"AYM00089016","2011-01-09","-73.117","-13.15","363.0","WASA EPS, AY","   -7","H,,S"
"AYM00089016","2011-01-10","-73.117","-13.15","363.0","WASA EPS, AY","   -2","H,,S"
"AYM00089016","2011-01-11","-73.117","-13.15","363.0","WASA EPS, AY","  -10","H,,S"
"AYM00089016","2011-01-12","-73.117","-13.15","363.0","WASA EPS, AY","  -13","H,,S"
"AYM00089016","2011-01-13","-73.117","-13.15","363.0","WASA EPS, AY","   -3","H,,S"
"AYM00089016","2011-01-14","-73.117","-13.15","363.0","WASA EPS, AY","  -32","H,,S"
"AYM00089016","2011-01-15","-73.117","-13.15","363.0","WASA EPS, AY","  -26","H,,S"
"AYM00089016","2011-01-16","-73.117","-13.15","363.0","WASA EPS, AY","  -22","H,,S"
"AYM00089016","2011-01-17","-73.117","-13.15","363.0","WASA EPS, AY","  -44","H,,S"
"AYM00089016","2011-01-18","-73.117","-13.15","363.0","WASA EPS, AY","  -82","H,,S"
"AYM00089016","2011-01-19","-73.117","-13.15","363.0","WASA EPS, AY","  -22","H,,S"
"AYM00089016","2011-01-20","-73.117","-13.15","363.0","WASA EPS, AY","  -29","H,,S"
"AYM00089016","2011-01-21","-73.117","-13.15","363.0","WASA EPS, AY","  -25","H,,S"
"AYM00089016","2011-01-22","-73.117","-13.15","363.0","WASA EPS, AY","  -56","H,,S"
"AYM00089016","2011-01-23","-73.117","-13.15","363.0","WASA EPS, AY","  -62","H,,S"
"AYM00089016","2011-01-24","-73.117","-13.15","363.0","WASA EPS, AY","  -79","H,,S"
"AYM00089016","2011-01-25","-73.117","-13.15","363.0","WASA EPS, AY","  -53","H,,S"
"AYM00089016","2011-01-26","-73.117","-13.15","363.0","WASA EPS, AY","  -40","H,,S"
"AYM00089016","2011-01-27","-73.117","-13.15","363.0","WASA EPS, AY","  -58","H,,S"
"AYM00089016","2011-01-28","-73.117","-13.15","363.0","WASA EPS, AY","  -77","H,,S"
"AYM00089016","2011-01-30","-73.117","-13.15","363.0","WASA EPS, AY","  -80","H,,S"
"AYM00089016","2011-01-31","-73.117","-13.15","363.0","WASA EPS, AY","  -77","H,,S"
"AYM00089016","2011-02-01","-73.117","-13.15","363.0","WASA EPS, AY","  -22","H,,S"
"AYM00089016","2011-02-02","-73.117","-13.15","363.0","WASA EPS, AY","  -17","H,,S"
"AYM00089016","2011-02-03","-73.117","-13.15","363.0","WASA EPS, AY","  -20","H,,S"
"AYM00089016","2011-02-04","-73.117","-13.15","363.0","WASA EPS, AY","  -26","H,,S"
"AYM00089016","2011-02-05","-73.117","-13.15","363.0","WASA EPS, AY","  -37","H,,S"
"AYM00089016","2011-02-06","-73.117","-13.15","363.0","WASA EPS, AY","  -39","H,,S"
"AYM00089016","2011-02-07","-73.117","-13.15","363.0","WASA EPS, AY","  -62","H,,S"
"AYM00089016","2011-02-08","-73.117","-13.15","363.0","WASA EPS, AY","  -52","H,,S"
"AYM00089016","2011-02-09","-73.117","-13.15","363.0","WASA EPS, AY","  -45","H,,S"
"AYM00089016","2011-02-10","-73.117","-13.15","363.0","WASA EPS, AY","  -38","H,,S"
"AYM00089016","2011-02-11","-73.117","-13.15","363.0","WASA EPS, AY","  -56","H,,S"
"AYM00089016","2011-02-12","-73.117","-13.15","363.0","WASA EPS, AY","  -78","H,,S"
"AYM00089016","2011-02-13","-73.117","-13.15","363.0","WASA EPS, AY","  -57","H,,S"
"AYM00089016","2011-02-14","-73.117","-13.15","363.0","WASA EPS, AY","  -33","H,,S"
"AYM00089016","2011-02-15","-73.117","-13.15","363.0","WASA EPS, AY","  -68","H,,S"
"AYM00089016","2011-02-16","-73.117","-13.15","363.0","WASA EPS, AY","  -67","H,,S"
"AYM00089016","2011-02-17","-73.117","-13.15","363.0","WASA EPS, AY","  -55","H,,S"
"AYM00089016","2011-02-18","-73.117","-13.15","363.0","WASA EPS, AY","  -60","H,,S"
"AYM00089016","2011-02-19","-73.117","-13.15","363.0","WASA EPS, AY","  -93","H,,S"
"AYM00089016","2011-02-20","-73.117","-13.15","363.0","WASA EPS, AY","  -72","H,,S"
"AYM00089016","2011-02-21","-73.117","-13.15","363.0","WASA EPS, AY","  -71","H,,S"
"AYM00089016","2011-02-22","-73.117","-13.15","363.0","WASA EPS, AY","  -96","H,,S"
"AYM00089016","2011-02-23","-73.117","-13.15","363.0","WASA EPS, AY"," -103","H,,S"
"AYM00089016","2011-02-24","-73.117","-13.15","363.0","WASA EPS, AY","  -86","H,,S"
"AYM00089016","2011-02-25","-73.117","-13.15","363.0","WASA EPS, AY","  -86","H,,S"
"AYM00089016","2011-02-26","-73.117","-13.15","363.0","WASA EPS, AY","  -86","H,,S"
"AYM00089016","2011-02-27","-73.117","-13.15","363.0","WASA EPS, AY","  -84","H,,S"
"AYM00089016","2011-02-28","-73.117","-13.15","363.0","WASA EPS, AY","  -74","H,,S"
"AYM00089016","2011-03-01","-73.117","-13.15","363.0","WASA EPS, AY"," -160","H,,S"
"AYM00089016","2011-03-02","-73.117","-13.15","363.0","WASA EPS, AY"," -167","H,,S"
"AYM00089016","2011-03-03","-73.117","-13.15","363.0","WASA EPS, AY","  -97","H,,S"
"AYM00089016","2011-03-04","-73.117","-13.15","363.0","WASA EPS, AY","  -82","H,,S"
"AYM00089016","2011-03-05","-73.117","-13.15","363.0","WASA EPS, AY","  -83","H,,S"
"AYM00089016","2011-03-06","-73.117","-13.15","363.0","WASA EPS, AY","  -99","H,,S"
"AYM00089016","2011-03-07","-73.117","-13.15","363.0","WASA EPS, AY","  -71","H,,S"
"AYM00089016","2011-03-08","-73.117","-13.15","363.0","WASA EPS, AY","  -59","H,,S"
"AYM00089016","2011-03-09","-73.117","-13.15","363.0","WASA EPS, AY","  -83","H,,S"
"AYM00089016","2011-03-10","-73.117","-13.15","363.0","WASA EPS, AY"," -114","H,,S"
"AYM00089016","2011-03-11","-73.117","-13.15","363.0","WASA EPS, AY"," -151","H,,S"
"AYM00089016","2011-03-12","-73.117","-13.15","363.0","WASA EPS, AY"," -168","H,,S"
"AYM00089016","2011-03-13","-73.117","-13.15","363.0","WASA EPS, AY"," -127","H,,S"
"AYM00089016","2011-03-14","-73.117","-13.15","363.0","WASA EPS, AY"," -146","H,,S"
"AYM00089016","2011-03-15","-73.117","-13.15","363.0","WASA EPS, AY"," -167","H,,S"
"AYM00089016","2011-03-16","-73.117","-13.15","363.0","WASA EPS, AY"," -186","H,,S"
"AYM00089016","2011-03-17","-73.117","-13.15","363.0","WASA EPS, AY"," -224","H,,S"
"AYM00089016","2011-03-18","-73.117","-13.15","363.0","WASA EPS, AY"," -199","H,,S"
"AYM00089016","2011-03-19","-73.117","-13.15","363.0","WASA EPS, AY"," -129","H,,S"
"AYM00089016","2011-03-20","-73.117","-13.15","363.0","WASA EPS, AY"," -167","H,,S"
"AYM00089016","2011-03-21","-73.117","-13.15","363.0","WASA EPS, AY"," -157","H,,S"
"AYM00089016","2011-03-22","-73.117","-13.15","363.0","WASA EPS, AY"," -183","H,,S"
"AYM00089016","2011-03-23","-73.117","-13.15","363.0","WASA EPS, AY"," -136","H,,S"
"AYM00089016","2011-03-24","-73.117","-13.15","363.0","WASA EPS, AY"," -133","H,,S"
"AYM00089016","2011-03-25","-73.117","-13.15","363.0","WASA EPS, AY"," -163","H,,S"
"AYM00089016","2011-03-26","-73.117","-13.15","363.0","WASA EPS, AY"," -167","H,,S"
"AYM00089016","2011-03-27","-73.117","-13.15","363.0","WASA EPS, AY"," -210","H,,S"
"AYM00089016","2011-03-28","-73.117","-13.15","363.0","WASA EPS, AY"," -229","H,,S"
"AYM00089016","2011-03-29","-73.117","-13.15","363.0","WASA EPS, AY"," -246","H,,S"
"AYM00089016","2011-03-31","-73.117","-13.15","363.0","WASA EPS, AY"," -181","H,,S"
"AYM00089016","2011-04-01","-73.117","-13.15","363.0","WASA EPS, AY"," -221","H,,S"
"AYM00089016","2011-04-02","-73.117","-13.15","363.0","WASA EPS, AY"," -181","H,,S"
"AYM00089016","2011-04-03","-73.117","-13.15","363.0","WASA EPS, AY"," -212","H,,S"
"AYM00089016","2011-04-04","-73.117","-13.15","363.0","WASA EPS, AY"," -225","H,,S"
"AYM00089016","2011-04-05","-73.117","-13.15","363.0","WASA EPS, AY"," -233","H,,S"
"AYM00089016","2011-04-06","-73.117","-13.15","363.0","WASA EPS, AY"," -134","H,,S"
"AYM00089016","2011-04-07","-73.117","-13.15","363.0","WASA EPS, AY"," -196","H,,S"
"AYM00089016","2011-04-09","-73.117","-13.15","363.0","WASA EPS, AY"," -219","H,,S"
"AYM00089016","2011-04-10","-73.117","-13.15","363.0","WASA EPS, AY"," -209","H,,S"
"AYM00089016","2011-04-11","-73.117","-13.15","363.0","WASA EPS, AY"," -207","H,,S"
"AYM00089016","2011-04-12","-73.117","-13.15","363.0","WASA EPS, AY"," -206","H,,S"
"AYM00089016","2011-04-13","-73.117","-13.15","363.0","WASA EPS, AY"," -237","H,,S"
"AYM00089016","2011-04-14","-73.117","-13.15","363.0","WASA EPS, AY"," -137","H,,S"
"AYM00089016","2011-04-15","-73.117","-13.15","363.0","WASA EPS, AY","  -91","H,,S"
"AYM00089016","2011-04-16","-73.117","-13.15","363.0","WASA EPS, AY","  -93","H,,S"
"AYM00089016","2011-04-17","-73.117","-13.15","363.0","WASA EPS, AY","  -86","H,,S"
"AYM00089016","2011-04-18","-73.117","-13.15","363.0","WASA EPS, AY"," -166","H,,S"
"AYM00089016","2011-04-19","-73.117","-13.15","363.0","WASA EPS, AY"," -218","H,,S"
"AYM00089016","2011-04-20","-73.117","-13.15","363.0","WASA EPS, AY"," -179","H,,S"
"AYM00089016","2011-04-22","-73.117","-13.15","363.0","WASA EPS, AY"," -196","H,,S"
"AYM00089016","2011-04-23","-73.117","-13.15","363.0","WASA EPS, AY"," -225","H,,S"
"AYM00089016","2011-04-24","-73.117","-13.15","363.0","WASA EPS, AY"," -300","H,,S"
"AYM00089016","2011-04-25","-73.117","-13.15","363.0","WASA EPS, AY"," -164","H,,S"
"AYM00089016","2011-04-26","-73.117","-13.15","363.0","WASA EPS, AY"," -116","H,,S"
"AYM00089016","2011-04-27","-73.117","-13.15","363.0","WASA EPS, AY","  -91","H,,S"
"AYM00089016","2011-04-28","-73.117","-13.15","363.0","WASA EPS, AY"," -102","H,,S"
"AYM00089016","2011-04-29","-73.117","-13.15","363.0","WASA EPS, AY"," -117","H,,S"
"AYM00089016","2011-04-30","-73.117","-13.15","363.0","WASA EPS, AY"," -135","H,,S"
"AYM00089016","2011-05-01","-73.117","-13.15","363.0","WASA EPS, AY"," -129","H,,S"
"AYM00089016","2011-05-02","-73.117","-13.15","363.0","WASA EPS, AY"," -133","H,,S"
"AYM00089016","2011-05-03","-73.117","-13.15","363.0","WASA EPS, AY"," -127","H,,S"
"AYM00089016","2011-05-04","-73.117","-13.15","363.0","WASA EPS, AY"," -174","H,,S"
"AYM00089016","2011-05-05","-73.117","-13.15","363.0","WASA EPS, AY"," -229","H,,S"
"AYM00089016","2011-05-06","-73.117","-13.15","363.0","WASA EPS, AY"," -249","H,,S"
"AYM00089016","2011-05-07","-73.117","-13.15","363.0","WASA EPS, AY"," -166","H,,S"
"AYM00089016","2011-05-09","-73.117","-13.15","363.0","WASA EPS, AY"," -117","H,,S"
"AYM00089016","2011-05-10","-73.117","-13.15","363.0","WASA EPS, AY","  -88","H,,S"
"AYM00089016","2011-05-11","-73.117","-13.15","363.0","WASA EPS, AY","  -81","H,,S"
"AYM00089016","2011-05-12","-73.117","-13.15","363.0","WASA EPS, AY"," -117","H,,S"
"AYM00089016","2011-05-13","-73.117","-13.15","363.0","WASA EPS, AY"," -131","H,,S"
"AYM00089016","2011-05-14","-73.117","-13.15","363.0","WASA EPS, AY"," -143","H,,S"
"AYM00089016","2011-05-15","-73.117","-13.15","363.0","WASA EPS, AY"," -235","H,,S"
"AYM00089016","2011-05-16","-73.117","-13.15","363.0","WASA EPS, AY"," -197","H,,S"
"AYM00089016","2011-05-17","-73.117","-13.15","363.0","WASA EPS, AY"," -189","H,,S"
"AYM00089016","2011-05-18","-73.117","-13.15","363.0","WASA EPS, AY"," -196","H,,S"
"AYM00089016","2011-05-19","-73.117","-13.15","363.0","WASA EPS, AY"," -191","H,,S"
"AYM00089016","2011-05-20","-73.117","-13.15","363.0","WASA EPS, AY"," -143","H,,S"
"AYM00089016","2011-05-21","-73.117","-13.15","363.0","WASA EPS, AY"," -197","H,,S"
"AYM00089016","2011-05-22","-73.117","-13.15","363.0","WASA EPS, AY"," -187","H,,S"
"AYM00089016","2011-05-23","-73.117","-13.15","363.0","WASA EPS, AY"," -221","H,,S"
"AYM00089016","2011-05-24","-73.117","-13.15","363.0","WASA EPS, AY"," -200","H,,S"
"AYM00089016","2011-05-25","-73.117","-13.15","363.0","WASA EPS, AY"," -245","H,,S"
"AYM00089016","2011-05-26","-73.117","-13.15","363.0","WASA EPS, AY"," -242","H,,S"
"AYM00089016","2011-05-27","-73.117","-13.15","363.0","WASA EPS, AY"," -298","H,,S"
"AYM00089016","2011-05-28","-73.117","-13.15","363.0","WASA EPS, AY"," -302","H,,S"
"AYM00089016","2011-05-29","-73.117","-13.15","363.0","WASA EPS, AY"," -287","H,,S"
"AYM00089016","2011-05-30","-73.117","-13.15","363.0","WASA EPS, AY"," -276","H,,S"
"AYM00089016","2011-06-02","-73.117","-13.15","363.0","WASA EPS, AY"," -218","H,,S"
"AYM00089016","2011-06-03","-73.117","-13.15","363.0","WASA EPS, AY"," -271","H,,S"
"AYM00089016","2011-06-04","-73.117","-13.15","363.0","WASA EPS, AY"," -252","H,,S"
"AYM00089016","2011-06-05","-73.117","-13.15","363.0","WASA EPS, AY"," -236","H,,S"
"AYM00089016","2011-06-06","-73.117","-13.15","363.0","WASA EPS, AY"," -284","H,,S"
"AYM00089016","2011-06-07","-73.117","-13.15","363.0","WASA EPS, AY"," -319","H,,S"
"AYM00089016","2011-06-08","-73.117","-13.15","363.0","WASA EPS, AY"," -263","H,,S"
"AYM00089016","2011-06-10","-73.117","-13.15","363.0","WASA EPS, AY"," -204","H,,S"
"AYM00089016","2011-06-11","-73.117","-13.15","363.0","WASA EPS, AY"," -283","H,,S"
"AYM00089016","2011-06-13","-73.117","-13.15","363.0","WASA EPS, AY"," -249","H,,S"
"AYM00089016","2011-06-14","-73.117","-13.15","363.0","WASA EPS, AY"," -234","H,,S"
"AYM00089016","2011-06-15","-73.117","-13.15","363.0","WASA EPS, AY"," -264","H,,S"
"AYM00089016","2011-06-16","-73.117","-13.15","363.0","WASA EPS, AY"," -303","H,,S"
"AYM00089016","2011-06-19","-73.117","-13.15","363.0","WASA EPS, AY"," -199","H,,S"
"AYM00089016","2011-06-20","-73.117","-13.15","363.0","WASA EPS, AY"," -274","H,,S"
"AYM00089016","2011-06-23","-73.117","-13.15","363.0","WASA EPS, AY"," -191","H,,S"
"AYM00089016","2011-06-24","-73.117","-13.15","363.0","WASA EPS, AY"," -123","H,,S"
"AYM00089016","2011-06-25","-73.117","-13.15","363.0","WASA EPS, AY"," -190","H,,S"
"AYM00089016","2011-06-26","-73.117","-13.15","363.0","WASA EPS, AY"," -264","H,,S"
"AYM00089016","2011-06-27","-73.117","-13.15","363.0","WASA EPS, AY"," -224","H,,S"
"AYM00089016","2011-06-28","-73.117","-13.15","363.0","WASA EPS, AY"," -157","H,,S"
"AYM00089016","2011-06-30","-73.117","-13.15","363.0","WASA EPS, AY"," -141","H,,S"
"AYM00089016","2011-07-02","-73.117","-13.15","363.0","WASA EPS, AY"," -371","H,,S"
"AYM00089016","2011-07-03","-73.117","-13.15","363.0","WASA EPS, AY"," -329","H,,S"
"AYM00089016","2011-07-04","-73.117","-13.15","363.0","WASA EPS, AY"," -327","H,,S"
"AYM00089016","2011-07-05","-73.117","-13.15","363.0","WASA EPS, AY"," -389","H,,S"
"AYM00089016","2011-07-07","-73.117","-13.15","363.0","WASA EPS, AY"," -241","H,,S"
"AYM00089016","2011-07-09","-73.117","-13.15","363.0","WASA EPS, AY"," -245","H,,S"
"AYM00089016","2011-07-11","-73.117","-13.15","363.0","WASA EPS, AY"," -218","H,,S"
"AYM00089016","2011-07-12","-73.117","-13.15","363.0","WASA EPS, AY"," -231","H,,S"
"AYM00089016","2011-07-13","-73.117","-13.15","363.0","WASA EPS, AY"," -144","H,,S"
"AYM00089016","2011-07-14","-73.117","-13.15","363.0","WASA EPS, AY"," -196","H,,S"
"AYM00089016","2011-07-15","-73.117","-13.15","363.0","WASA EPS, AY"," -242","H,,S"
"AYM00089016","2011-07-19","-73.117","-13.15","363.0","WASA EPS, AY"," -251","H,,S"
"AYM00089016","2011-07-23","-73.117","-13.15","363.0","WASA EPS, AY"," -262","H,,S"
"AYM00089016","2011-07-25","-73.117","-13.15","363.0","WASA EPS, AY"," -123","H,,S"
"AYM00089016","2011-07-27","-73.117","-13.15","363.0","WASA EPS, AY"," -133","H,,S"
"AYM00089016","2011-07-28","-73.117","-13.15","363.0","WASA EPS, AY"," -207","H,,S"
"AYM00089016","2011-07-30","-73.117","-13.15","363.0","WASA EPS, AY"," -231","H,,S"
"AYM00089016","2011-07-31","-73.117","-13.15","363.0","WASA EPS, AY"," -153","H,,S"
"AYM00089016","2011-08-01","-73.117","-13.15","363.0","WASA EPS, AY"," -106","H,,S"
"AYM00089016","2011-08-02","-73.117","-13.15","363.0","WASA EPS, AY"," -148","H,,S"
"AYM00089016","2011-08-05","-73.117","-13.15","363.0","WASA EPS, AY"," -314","H,,S"
"AYM00089016","2011-08-06","-73.117","-13.15","363.0","WASA EPS, AY"," -335","H,,S"
"AYM00089016","2011-08-07","-73.117","-13.15","363.0","WASA EPS, AY"," -273","H,,S"
"AYM00089016","2011-08-08","-73.117","-13.15","363.0","WASA EPS, AY"," -198","H,,S"
"AYM00089016","2011-08-09","-73.117","-13.15","363.0","WASA EPS, AY"," -191","H,,S"
"AYM00089016","2011-08-10","-73.117","-13.15","363.0","WASA EPS, AY"," -245","H,,S"
"AYM00089016","2011-08-12","-73.117","-13.15","363.0","WASA EPS, AY"," -222","H,,S"
"AYM00089016","2011-08-13","-73.117","-13.15","363.0","WASA EPS, AY"," -209","H,,S"
"AYM00089016","2011-08-14","-73.117","-13.15","363.0","WASA EPS, AY"," -242","H,,S"
"AYM00089016","2011-08-15","-73.117","-13.15","363.0","WASA EPS, AY"," -248","H,,S"
"AYM00089016","2011-08-16","-73.117","-13.15","363.0","WASA EPS, AY"," -288","H,,S"
"AYM00089016","2011-08-17","-73.117","-13.15","363.0","WASA EPS, AY"," -317","H,,S"
"AYM00089016","2011-08-19","-73.117","-13.15","363.0","WASA EPS, AY"," -238","H,,S"
"AYM00089016","2011-08-20","-73.117","-13.15","363.0","WASA EPS, AY"," -274","H,,S"
"AYM00089016","2011-08-21","-73.117","-13.15","363.0","WASA EPS, AY"," -294","H,,S"
"AYM00089016","2011-08-22","-73.117","-13.15","363.0","WASA EPS, AY"," -253","H,,S"
"AYM00089016","2011-08-24","-73.117","-13.15","363.0","WASA EPS, AY"," -294","H,,S"
"AYM00089016","2011-08-27","-73.117","-13.15","363.0","WASA EPS, AY"," -156","H,,S"
"AYM00089016","2011-08-28","-73.117","-13.15","363.0","WASA EPS, AY"," -182","H,,S"
"AYM00089016","2011-08-29","-73.117","-13.15","363.0","WASA EPS, AY"," -231","H,,S"
"AYM00089016","2011-08-30","-73.117","-13.15","363.0","WASA EPS, AY"," -220","H,,S"
"AYM00089016","2011-08-31","-73.117","-13.15","363.0","WASA EPS, AY"," -275","H,,S"
"AYM00089016","2011-09-01","-73.117","-13.15","363.0","WASA EPS, AY"," -356","H,,S"
"AYM00089016","2011-09-02","-73.117","-13.15","363.0","WASA EPS, AY"," -374","H,,S"
"AYM00089016","2011-09-03","-73.117","-13.15","363.0","WASA EPS, AY"," -273","H,,S"
"AYM00089016","2011-09-04","-73.117","-13.15","363.0","WASA EPS, AY"," -223","H,,S"
"AYM00089016","2011-09-05","-73.117","-13.15","363.0","WASA EPS, AY"," -334","H,,S"
"AYM00089016","2011-09-07","-73.117","-13.15","363.0","WASA EPS, AY"," -302","H,,S"
"AYM00089016","2011-09-08","-73.117","-13.15","363.0","WASA EPS, AY"," -228","H,,S"
"AYM00089016","2011-09-10","-73.117","-13.15","363.0","WASA EPS, AY"," -132","H,,S"
"AYM00089016","2011-09-11","-73.117","-13.15","363.0","WASA EPS, AY"," -154","H,,S"
"AYM00089016","2011-09-12","-73.117","-13.15","363.0","WASA EPS, AY"," -336","H,,S"
"AYM00089016","2011-09-13","-73.117","-13.15","363.0","WASA EPS, AY"," -208","H,,S"
"AYM00089016","2011-09-15","-73.117","-13.15","363.0","WASA EPS, AY"," -281","H,,S"
"AYM00089016","2011-09-16","-73.117","-13.15","363.0","WASA EPS, AY"," -273","H,,S"
"AYM00089016","2011-09-19","-73.117","-13.15","363.0","WASA EPS, AY"," -279","H,,S"
"AYM00089016","2011-09-22","-73.117","-13.15","363.0","WASA EPS, AY"," -238","H,,S"
"AYM00089016","2011-09-23","-73.117","-13.15","363.0","WASA EPS, AY"," -215","H,,S"
"AYM00089016","2011-09-24","-73.117","-13.15","363.0","WASA EPS, AY"," -279","H,,S"
"AYM00089016","2011-09-26","-73.117","-13.15","363.0","WASA EPS, AY"," -190","H,,S"
"AYM00089016","2011-09-27","-73.117","-13.15","363.0","WASA EPS, AY"," -143","H,,S"
"AYM00089016","2011-09-29","-73.117","-13.15","363.0","WASA EPS, AY"," -112","H,,S"
"AYM00089016","2011-09-30","-73.117","-13.15","363.0","WASA EPS, AY"," -138","H,,S"
"AYM00089016","2011-10-01","-73.117","-13.15","363.0","WASA EPS, AY"," -179","H,,S"
"AYM00089016","2011-10-03","-73.117","-13.15","363.0","WASA EPS, AY"," -112","H,,S"
"AYM00089016","2011-10-04","-73.117","-13.15","363.0","WASA EPS, AY"," -126","H,,S"
"AYM00089016","2011-10-05","-73.117","-13.15","363.0","WASA EPS, AY"," -181","H,,S"
"AYM00089016","2011-10-06","-73.117","-13.15","363.0","WASA EPS, AY"," -196","H,,S"
"AYM00089016","2011-10-07","-73.117","-13.15","363.0","WASA EPS, AY"," -201","H,,S"
"AYM00089016","2011-10-08","-73.117","-13.15","363.0","WASA EPS, AY"," -213","H,,S"
"AYM00089016","2011-10-09","-73.117","-13.15","363.0","WASA EPS, AY"," -216","H,,S"
"AYM00089016","2011-10-10","-73.117","-13.15","363.0","WASA EPS, AY"," -225","H,,S"
"AYM00089016","2011-10-11","-73.117","-13.15","363.0","WASA EPS, AY"," -257","H,,S"
"AYM00089016","2011-10-12","-73.117","-13.15","363.0","WASA EPS, AY"," -203","H,,S"
"AYM00089016","2011-10-13","-73.117","-13.15","363.0","WASA EPS, AY"," -187","H,,S"
"AYM00089016","2011-10-14","-73.117","-13.15","363.0","WASA EPS, AY"," -214","H,,S"
"AYM00089016","2011-10-15","-73.117","-13.15","363.0","WASA EPS, AY"," -216","H,,S"
"AYM00089016","2011-10-16","-73.117","-13.15","363.0","WASA EPS, AY"," -249","H,,S"
"AYM00089016","2011-10-18","-73.117","-13.15","363.0","WASA EPS, AY"," -269","H,,S"
"AYM00089016","2011-10-19","-73.117","-13.15","363.0","WASA EPS, AY"," -300","H,,S"
"AYM00089016","2011-10-20","-73.117","-13.15","363.0","WASA EPS, AY"," -221","H,,S"
"AYM00089016","2011-10-21","-73.117","-13.15","363.0","WASA EPS, AY"," -210","H,,S"
"AYM00089016","2011-10-22","-73.117","-13.15","363.0","WASA EPS, AY"," -159","H,,S"
"AYM00089016","2011-10-23","-73.117","-13.15","363.0","WASA EPS, AY"," -109","H,,S"
"AYM00089016","2011-10-24","-73.117","-13.15","363.0","WASA EPS, AY"," -123","H,,S"
"AYM00089016","2011-10-26","-73.117","-13.15","363.0","WASA EPS, AY"," -171","H,,S"
"AYM00089016","2011-10-27","-73.117","-13.15","363.0","WASA EPS, AY"," -132","H,,S"
"AYM00089016","2011-10-28","-73.117","-13.15","363.0","WASA EPS, AY"," -109","H,,S"
"AYM00089016","2011-10-29","-73.117","-13.15","363.0","WASA EPS, AY"," -148","H,,S"
"AYM00089016","2011-10-30","-73.117","-13.15","363.0","WASA EPS, AY"," -169","H,,S"
"AYM00089016","2011-10-31","-73.117","-13.15","363.0","WASA EPS, AY"," -114","H,,S"
"AYM00089016","2011-11-01","-73.117","-13.15","363.0","WASA EPS, AY","  -94","H,,S"
"AYM00089016","2011-11-02","-73.117","-13.15","363.0","WASA EPS, AY","  -84","H,,S"
"AYM00089016","2011-11-03","-73.117","-13.15","363.0","WASA EPS, AY","  -51","H,,S"
"AYM00089016","2011-11-04","-73.117","-13.15","363.0","WASA EPS, AY","  -59","H,,S"
"AYM00089016","2011-11-05","-73.117","-13.15","363.0","WASA EPS, AY","  -94","H,,S"
"AYM00089016","2011-11-06","-73.117","-13.15","363.0","WASA EPS, AY"," -116","H,,S"
"AYM00089016","2011-11-07","-73.117","-13.15","363.0","WASA EPS, AY"," -137","H,,S"
"AYM00089016","2011-11-08","-73.117","-13.15","363.0","WASA EPS, AY"," -124","H,,S"
"AYM00089016","2011-11-09","-73.117","-13.15","363.0","WASA EPS, AY"," -107","H,,S"
"AYM00089016","2011-11-10","-73.117","-13.15","363.0","WASA EPS, AY"," -102","H,,S"
"AYM00089016","2011-11-11","-73.117","-13.15","363.0","WASA EPS, AY"," -116","H,,S"
"AYM00089016","2011-11-12","-73.117","-13.15","363.0","WASA EPS, AY","  -97","H,,S"
"AYM00089016","2011-11-13","-73.117","-13.15","363.0","WASA EPS, AY","  -97","H,,S"
"AYM00089016","2011-11-14","-73.117","-13.15","363.0","WASA EPS, AY"," -100","H,,S"
"AYM00089016","2011-11-15","-73.117","-13.15","363.0","WASA EPS, AY"," -107","H,,S"
"AYM00089016","2011-11-16","-73.117","-13.15","363.0","WASA EPS, AY"," -116","H,,S"
"AYM00089016","2011-11-17","-73.117","-13.15","363.0","WASA EPS, AY"," -132","H,,S"
"AYM00089016","2011-11-18","-73.117","-13.15","363.0","WASA EPS, AY"," -133","H,,S"
"AYM00089016","2011-11-19","-73.117","-13.15","363.0","WASA EPS, AY"," -111","H,,S"
"AYM00089016","2011-11-20","-73.117","-13.15","363.0","WASA EPS, AY"," -112","H,,S"
"AYM00089016","2011-11-21","-73.117","-13.15","363.0","WASA EPS, AY"," -143","H,,S"
"AYM00089016","2011-11-22","-73.117","-13.15","363.0","WASA EPS, AY"," -153","H,,S"
"AYM00089016","2011-11-23","-73.117","-13.15","363.0","WASA EPS, AY"," -156","H,,S"
"AYM00089016","2011-11-24","-73.117","-13.15","363.0","WASA EPS, AY"," -150","H,,S"
"AYM00089016","2011-11-25","-73.117","-13.15","363.0","WASA EPS, AY"," -111","H,,S"
"AYM00089016","2011-11-26","-73.117","-13.15","363.0","WASA EPS, AY","  -98","H,,S"
"AYM00089016","2011-11-27","-73.117","-13.15","363.0","WASA EPS, AY"," -101","H,,S"
"AYM00089016","2011-11-28","-73.117","-13.15","363.0","WASA EPS, AY","  -86","H,,S"
"AYM00089016","2011-11-29","-73.117","-13.15","363.0","WASA EPS, AY","  -97","H,,S"
"AYM00089016","2011-11-30","-73.117","-13.15","363.0","WASA EPS, AY"," -140","H,,S"
"AYM00089016","2011-12-01","-73.117","-13.15","363.0","WASA EPS, AY"," -139","H,,S"
"AYM00089016","2011-12-02","-73.117","-13.15","363.0","WASA EPS, AY"," -108","H,,S"
"AYM00089016","2011-12-03","-73.117","-13.15","363.0","WASA EPS, AY"," -108","H,,S"
"AYM00089016","2011-12-04","-73.117","-13.15","363.0","WASA EPS, AY"," -103","H,,S"
"AYM00089016","2011-12-05","-73.117","-13.15","363.0","WASA EPS, AY"," -118","H,,S"
"AYM00089016","2011-12-06","-73.117","-13.15","363.0","WASA EPS, AY"," -122","H,,S"
"AYM00089016","2011-12-07","-73.117","-13.15","363.0","WASA EPS, AY","  -96","H,,S"
"AYM00089016","2011-12-08","-73.117","-13.15","363.0","WASA EPS, AY","  -81","H,,S"
"AYM00089016","2011-12-09","-73.117","-13.15","363.0","WASA EPS, AY","  -74","H,,S"
"AYM00089016","2011-12-10","-73.117","-13.15","363.0","WASA EPS, AY","  -61","H,,S"
"AYM00089016","2011-12-11","-73.117","-13.15","363.0","WASA EPS, AY","  -57","H,,S"
"AYM00089016","2011-12-12","-73.117","-13.15","363.0","WASA EPS, AY","  -77","H,,S"
"AYM00089016","2011-12-13","-73.117","-13.15","363.0","WASA EPS, AY","  -73","H,,S"
"AYM00089016","2011-12-14","-73.117","-13.15","363.0","WASA EPS, AY","  -66","H,,S"
"AYM00089016","2011-12-15","-73.117","-13.15","363.0","WASA EPS, AY","  -68","H,,S"
"AYM00089016","2011-12-16","-73.117","-13.15","363.0","WASA EPS, AY","  -52","H,,S"
"AYM00089016","2011-12-17","-73.117","-13.15","363.0","WASA EPS, AY","  -19","H,,S"
"AYM00089016","2011-12-18","-73.117","-13.15","363.0","WASA EPS, AY","   -6","H,,S"
"AYM00089016","2011-12-19","-73.117","-13.15","363.0","WASA EPS, AY","  -34","H,,S"
"AYM00089016","2011-12-20","-73.117","-13.15","363.0","WASA EPS, AY","  -32","H,,S"
"AYM00089016","2011-12-21","-73.117","-13.15","363.0","WASA EPS, AY","  -57","H,,S"
"AYM00089016","2011-12-22","-73.117","-13.15","363.0","WASA EPS, AY","  -38","H,,S"
"AYM00089016","2011-12-23","-73.117","-13.15","363.0","WASA EPS, AY","  -21","H,,S"
"AYM00089016","2011-12-24","-73.117","-13.15","363.0","WASA EPS, AY","  -20","H,,S"
"AYM00089016","2011-12-25","-73.117","-13.15","363.0","WASA EPS, AY","  -32","H,,S"
"AYM00089016","2011-12-26","-73.117","-13.15","363.0","WASA EPS, AY","  -33","H,,S"
"AYM00089016","2011-12-27","-73.117","-13.15","363.0","WASA EPS, AY","  -32","H,,S"
"AYM00089016","2011-12-28","-73.117","-13.15","363.0","WASA EPS, AY","  -48","H,,S"
"AYM00089016","2011-12-29","-73.117","-13.15","363.0","WASA EPS, AY","  -48","H,,S"
"AYM00089016","2011-12-30","-73.117","-13.15","363.0","WASA EPS, AY","  -45","H,,S"
"AYM00089016","2011-12-31","-73.117","-13.15","363.0","WASA EPS, AY","  -43","H,,S"
"AYM00089016","2012-01-01","-73.117","-13.15","363.0","WASA EPS, AY","  -17","H,,S"
"AYM00089016","2012-01-02","-73.117","-13.15","363.0","WASA EPS, AY","  -66","H,,S"
"AYM00089016","2012-01-03","-73.117","-13.15","363.0","WASA EPS, AY","  -51","H,,S"
"AYM00089016","2012-01-04","-73.117","-13.15","363.0","WASA EPS, AY","  -54","H,,S"
"AYM00089016","2012-01-05","-73.117","-13.15","363.0","WASA EPS, AY","  -57","H,,S"
"AYM00089016","2012-01-06","-73.117","-13.15","363.0","WASA EPS, AY","  -89","H,,S"
"AYM00089016","2012-01-07","-73.117","-13.15","363.0","WASA EPS, AY","  -76","H,,S"
"AYM00089016","2012-01-08","-73.117","-13.15","363.0","WASA EPS, AY","  -87","H,,S"
"AYM00089016","2012-01-09","-73.117","-13.15","363.0","WASA EPS, AY","  -82","H,,S"
"AYM00089016","2012-01-10","-73.117","-13.15","363.0","WASA EPS, AY","  -94","H,,S"
"AYM00089016","2012-01-11","-73.117","-13.15","363.0","WASA EPS, AY"," -103","H,,S"
"AYM00089016","2012-01-12","-73.117","-13.15","363.0","WASA EPS, AY","  -79","H,,S"
"AYM00089016","2012-01-13","-73.117","-13.15","363.0","WASA EPS, AY","  -66","H,,S"
"AYM00089016","2012-01-14","-73.117","-13.15","363.0","WASA EPS, AY","  -62","H,,S"
"AYM00089016","2012-01-15","-73.117","-13.15","363.0","WASA EPS, AY","  -55","H,,S"
"AYM00089016","2012-01-16","-73.117","-13.15","363.0","WASA EPS, AY","  -64","H,,S"
"AYM00089016","2012-01-18","-73.117","-13.15","363.0","WASA EPS, AY","  -77","H,,S"
"AYM00089016","2012-01-19","-73.117","-13.15","363.0","WASA EPS, AY","  -56","H,,S"
"AYM00089016","2012-01-20","-73.117","-13.15","363.0","WASA EPS, AY","  -64","H,,S"
"AYM00089016","2012-01-21","-73.117","-13.15","363.0","WASA EPS, AY","  -56","H,,S"
"AYM00089016","2012-01-22","-73.117","-13.15","363.0","WASA EPS, AY","  -44","H,,S"
"AYM00089016","2012-01-23","-73.117","-13.15","363.0","WASA EPS, AY","  -52","H,,S"
"AYM00089016","2012-01-24","-73.117","-13.15","363.0","WASA EPS, AY","  -48","H,,S"
"AYM00089016","2012-01-25","-73.117","-13.15","363.0","WASA EPS, AY","  -39","H,,S"
"AYM00089016","2012-01-26","-73.117","-13.15","363.0","WASA EPS, AY","  -44","H,,S"
"AYM00089016","2012-01-27","-73.117","-13.15","363.0","WASA EPS, AY","  -60","H,,S"
"AYM00089016","2012-01-28","-73.117","-13.15","363.0","WASA EPS, AY","  -79","H,,S"
"AYM00089016","2012-01-29","-73.117","-13.15","363.0","WASA EPS, AY"," -103","H,,S"
"AYM00089016","2012-01-30","-73.117","-13.15","363.0","WASA EPS, AY","  -98","H,,S"
"AYM00089016","2012-01-31","-73.117","-13.15","363.0","WASA EPS, AY"," -116","H,,S"
"AYM00089016","2012-02-01","-73.117","-13.15","363.0","WASA EPS, AY","  -81","H,,S"
"AYM00089016","2012-02-02","-73.117","-13.15","363.0","WASA EPS, AY","  -61","H,,S"
"AYM00089016","2012-02-03","-73.117","-13.15","363.0","WASA EPS, AY","  -63","H,,S"
"AYM00089016","2012-02-04","-73.117","-13.15","363.0","WASA EPS, AY","  -58","H,,S"
"AYM00089016","2012-02-05","-73.117","-13.15","363.0","WASA EPS, AY","  -53","H,,S"
"AYM00089016","2012-02-07","-73.117","-13.15","363.0","WASA EPS, AY","  -73","H,,S"
"AYM00089016","2012-02-08","-73.117","-13.15","363.0","WASA EPS, AY","  -46","H,,S"
"AYM00089016","2012-02-09","-73.117","-13.15","363.0","WASA EPS, AY","  -29","H,,S"
"AYM00089016","2012-02-10","-73.117","-13.15","363.0","WASA EPS, AY","  -41","H,,S"
"AYM00089016","2012-02-11","-73.117","-13.15","363.0","WASA EPS, AY","  -35","H,,S"
"AYM00089016","2012-02-12","-73.117","-13.15","363.0","WASA EPS, AY","  -40","H,,S"
"AYM00089016","2012-02-13","-73.117","-13.15","363.0","WASA EPS, AY","  -61","H,,S"
"AYM00089016","2012-02-14","-73.117","-13.15","363.0","WASA EPS, AY","  -59","H,,S"
"AYM00089016","2012-02-15","-73.117","-13.15","363.0","WASA EPS, AY","  -47","H,,S"
"AYM00089016","2012-02-16","-73.117","-13.15","363.0","WASA EPS, AY","  -51","H,,S"
"AYM00089016","2012-02-17","-73.117","-13.15","363.0","WASA EPS, AY","  -47","H,,S"
"AYM00089016","2012-02-18","-73.117","-13.15","363.0","WASA EPS, AY","  -39","H,,S"
"AYM00089016","2012-02-19","-73.117","-13.15","363.0","WASA EPS, AY","  -65","H,,S"
"AYM00089016","2012-02-20","-73.117","-13.15","363.0","WASA EPS, AY","  -87","H,,S"
"AYM00089016","2012-02-21","-73.117","-13.15","363.0","WASA EPS, AY","  -98","H,,S"
"AYM00089016","2012-02-23","-73.117","-13.15","363.0","WASA EPS, AY"," -119","H,,S"
"AYM00089016","2012-02-24","-73.117","-13.15","363.0","WASA EPS, AY"," -100","H,,S"
"AYM00089016","2012-02-25","-73.117","-13.15","363.0","WASA EPS, AY"," -113","H,,S"
"AYM00089016","2012-02-26","-73.117","-13.15","363.0","WASA EPS, AY"," -117","H,,S"
"AYM00089016","2012-02-28","-73.117","-13.15","363.0","WASA EPS, AY"," -133","H,,S"
"AYM00089016","2012-02-29","-73.117","-13.15","363.0","WASA EPS, AY"," -116","H,,S"
"AYM00089016","2012-03-02","-73.117","-13.15","363.0","WASA EPS, AY","  -95","H,,S"
"AYM00089016","2012-03-03","-73.117","-13.15","363.0","WASA EPS, AY","  -74","H,,S"
"AYM00089016","2012-03-04","-73.117","-13.15","363.0","WASA EPS, AY","  -71","H,,S"
"AYM00089016","2012-03-05","-73.117","-13.15","363.0","WASA EPS, AY"," -103","H,,S"
"AYM00089016","2012-03-07","-73.117","-13.15","363.0","WASA EPS, AY"," -124","H,,S"
"AYM00089016","2012-03-08","-73.117","-13.15","363.0","WASA EPS, AY"," -160","H,,S"
"AYM00089016","2012-03-09","-73.117","-13.15","363.0","WASA EPS, AY"," -174","H,,S"
"AYM00089016","2012-03-10","-73.117","-13.15","363.0","WASA EPS, AY"," -188","H,,S"
"AYM00089016","2012-03-14","-73.117","-13.15","363.0","WASA EPS, AY"," -145","H,,S"
"AYM00089016","2012-03-15","-73.117","-13.15","363.0","WASA EPS, AY"," -129","H,,S"
"AYM00089016","2012-03-18","-73.117","-13.15","363.0","WASA EPS, AY","  -82","H,,S"
"AYM00089016","2012-03-19","-73.117","-13.15","363.0","WASA EPS, AY","  -60","H,,S"
"AYM00089016","2012-03-20","-73.117","-13.15","363.0","WASA EPS, AY","  -67","H,,S"
"AYM00089016","2012-03-21","-73.117","-13.15","363.0","WASA EPS, AY","  -58","H,,S"
"AYM00089016","2012-03-22","-73.117","-13.15","363.0","WASA EPS, AY","  -75","H,,S"
"AYM00089016","2012-03-23","-73.117","-13.15","363.0","WASA EPS, AY"," -109","H,,S"
"AYM00089016","2012-03-24","-73.117","-13.15","363.0","WASA EPS, AY"," -164","H,,S"
"AYM00089016","2012-03-25","-73.117","-13.15","363.0","WASA EPS, AY"," -179","H,,S"
"AYM00089016","2012-03-26","-73.117","-13.15","363.0","WASA EPS, AY"," -224","H,,S"
"AYM00089016","2012-03-29","-73.117","-13.15","363.0","WASA EPS, AY"," -208","H,,S"
"AYM00089016","2012-04-01","-73.117","-13.15","363.0","WASA EPS, AY","  -84","H,,S"
"AYM00089016","2012-04-03","-73.117","-13.15","363.0","WASA EPS, AY"," -136","H,,S"
"AYM00089016","2012-04-04","-73.117","-13.15","363.0","WASA EPS, AY"," -213","H,,S"
"AYM00089016","2012-04-05","-73.117","-13.15","363.0","WASA EPS, AY"," -247","H,,S"
"AYM00089016","2012-04-06","-73.117","-13.15","363.0","WASA EPS, AY"," -243","H,,S"
"AYM00089016","2012-04-07","-73.117","-13.15","363.0","WASA EPS, AY"," -215","H,,S"
"AYM00089016","2012-04-08","-73.117","-13.15","363.0","WASA EPS, AY"," -246","H,,S"
"AYM00089016","2012-04-09","-73.117","-13.15","363.0","WASA EPS, AY"," -267","H,,S"
"AYM00089016","2012-04-10","-73.117","-13.15","363.0","WASA EPS, AY"," -234","H,,S"
"AYM00089016","2012-04-11","-73.117","-13.15","363.0","WASA EPS, AY"," -230","H,,S"
"AYM00089016","2012-04-12","-73.117","-13.15","363.0","WASA EPS, AY"," -273","H,,S"
"AYM00089016","2012-04-14","-73.117","-13.15","363.0","WASA EPS, AY"," -187","H,,S"
"AYM00089016","2012-04-15","-73.117","-13.15","363.0","WASA EPS, AY"," -210","H,,S"
"AYM00089016","2012-04-17","-73.117","-13.15","363.0","WASA EPS, AY"," -243","H,,S"
"AYM00089016","2012-04-18","-73.117","-13.15","363.0","WASA EPS, AY"," -203","H,,S"
"AYM00089016","2012-04-19","-73.117","-13.15","363.0","WASA EPS, AY"," -129","H,,S"
"AYM00089016","2012-04-20","-73.117","-13.15","363.0","WASA EPS, AY"," -274","H,,S"
"AYM00089016","2012-04-21","-73.117","-13.15","363.0","WASA EPS, AY"," -292","H,,S"
"AYM00089016","2012-04-22","-73.117","-13.15","363.0","WASA EPS, AY"," -341","H,,S"
"AYM00089016","2012-04-25","-73.117","-13.15","363.0","WASA EPS, AY"," -257","H,,S"
"AYM00089016","2012-04-27","-73.117","-13.15","363.0","WASA EPS, AY"," -163","H,,S"
"AYM00089016","2012-04-28","-73.117","-13.15","363.0","WASA EPS, AY"," -209","H,,S"
"AYM00089016","2012-04-29","-73.117","-13.15","363.0","WASA EPS, AY"," -252","H,,S"
"AYM00089016","2012-04-30","-73.117","-13.15","363.0","WASA EPS, AY"," -248","H,,S"
"AYM00089016","2012-05-02","-73.117","-13.15","363.0","WASA EPS, AY"," -126","H,,S"
"AYM00089016","2012-05-03","-73.117","-13.15","363.0","WASA EPS, AY"," -149","H,,S"
"AYM00089016","2012-05-04","-73.117","-13.15","363.0","WASA EPS, AY"," -151","H,,S"
"AYM00089016","2012-05-05","-73.117","-13.15","363.0","WASA EPS, AY"," -176","H,,S"
"AYM00089016","2012-05-06","-73.117","-13.15","363.0","WASA EPS, AY"," -228","H,,S"
"AYM00089016","2012-05-07","-73.117","-13.15","363.0","WASA EPS, AY"," -158","H,,S"
"AYM00089016","2012-05-08","-73.117","-13.15","363.0","WASA EPS, AY"," -144","H,,S"
"AYM00089016","2012-05-09","-73.117","-13.15","363.0","WASA EPS, AY"," -161","H,,S"
"AYM00089016","2012-05-11","-73.117","-13.15","363.0","WASA EPS, AY"," -136","H,,S"
"AYM00089016","2012-05-12","-73.117","-13.15","363.0","WASA EPS, AY","  -93","H,,S"
"AYM00089016","2012-05-13","-73.117","-13.15","363.0","WASA EPS, AY"," -163","H,,S"
"AYM00089016","2012-05-14","-73.117","-13.15","363.0","WASA EPS, AY"," -196","H,,S"
"AYM00089016","2012-05-15","-73.117","-13.15","363.0","WASA EPS, AY"," -278","H,,S"
"AYM00089016","2012-05-16","-73.117","-13.15","363.0","WASA EPS, AY"," -286","H,,S"
"AYM00089016","2012-05-17","-73.117","-13.15","363.0","WASA EPS, AY"," -163","H,,S"
"AYM00089016","2012-05-18","-73.117","-13.15","363.0","WASA EPS, AY"," -189","H,,S"
"AYM00089016","2012-05-19","-73.117","-13.15","363.0","WASA EPS, AY"," -209","H,,S"
"AYM00089016","2012-05-20","-73.117","-13.15","363.0","WASA EPS, AY"," -179","H,,S"
"AYM00089016","2012-05-21","-73.117","-13.15","363.0","WASA EPS, AY"," -152","H,,S"
"AYM00089016","2012-05-22","-73.117","-13.15","363.0","WASA EPS, AY"," -128","H,,S"
"AYM00089016","2012-05-23","-73.117","-13.15","363.0","WASA EPS, AY"," -154","H,,S"
"AYM00089016","2012-05-24","-73.117","-13.15","363.0","WASA EPS, AY"," -112","H,,S"
"AYM00089016","2012-05-25","-73.117","-13.15","363.0","WASA EPS, AY"," -116","H,,S"
"AYM00089016","2012-05-27","-73.117","-13.15","363.0","WASA EPS, AY"," -170","H,,S"
"AYM00089016","2012-05-29","-73.117","-13.15","363.0","WASA EPS, AY"," -246","H,,S"
"AYM00089016","2012-05-30","-73.117","-13.15","363.0","WASA EPS, AY"," -219","H,,S"
"AYM00089016","2012-05-31","-73.117","-13.15","363.0","WASA EPS, AY"," -222","H,,S"
"AYM00089016","2012-06-01","-73.117","-13.15","363.0","WASA EPS, AY"," -283","H,,S"
"AYM00089016","2012-06-02","-73.117","-13.15","363.0","WASA EPS, AY"," -303","H,,S"
"AYM00089016","2012-06-03","-73.117","-13.15","363.0","WASA EPS, AY"," -213","H,,S"
"AYM00089016","2012-06-04","-73.117","-13.15","363.0","WASA EPS, AY"," -146","H,,S"
"AYM00089016","2012-06-05","-73.117","-13.15","363.0","WASA EPS, AY"," -143","H,,S"
"AYM00089016","2012-06-06","-73.117","-13.15","363.0","WASA EPS, AY"," -125","H,,S"
"AYM00089016","2012-06-07","-73.117","-13.15","363.0","WASA EPS, AY"," -113","H,,S"
"AYM00089016","2012-06-09","-73.117","-13.15","363.0","WASA EPS, AY"," -183","H,,S"
"AYM00089016","2012-06-10","-73.117","-13.15","363.0","WASA EPS, AY"," -232","H,,S"
"AYM00089016","2012-06-11","-73.117","-13.15","363.0","WASA EPS, AY"," -187","H,,S"
"AYM00089016","2012-06-12","-73.117","-13.15","363.0","WASA EPS, AY"," -131","H,,S"
"AYM00089016","2012-06-13","-73.117","-13.15","363.0","WASA EPS, AY"," -204","H,,S"
"AYM00089016","2012-06-14","-73.117","-13.15","363.0","WASA EPS, AY"," -268","H,,S"
"AYM00089016","2012-06-15","-73.117","-13.15","363.0","WASA EPS, AY"," -259","H,,S"
"AYM00089016","2012-06-16","-73.117","-13.15","363.0","WASA EPS, AY"," -259","H,,S"
"AYM00089016","2012-06-17","-73.117","-13.15","363.0","WASA EPS, AY"," -273","H,,S"
"AYM00089016","2012-06-18","-73.117","-13.15","363.0","WASA EPS, AY"," -207","H,,S"
"AYM00089016","2012-06-19","-73.117","-13.15","363.0","WASA EPS, AY"," -139","H,,S"
"AYM00089016","2012-06-20","-73.117","-13.15","363.0","WASA EPS, AY"," -169","H,,S"
"AYM00089016","2012-06-21","-73.117","-13.15","363.0","WASA EPS, AY"," -251","H,,S"
"AYM00089016","2012-06-22","-73.117","-13.15","363.0","WASA EPS, AY"," -228","H,,S"
"AYM00089016","2012-06-23","-73.117","-13.15","363.0","WASA EPS, AY"," -170","H,,S"
"AYM00089016","2012-06-24","-73.117","-13.15","363.0","WASA EPS, AY"," -145","H,,S"
"AYM00089016","2012-06-25","-73.117","-13.15","363.0","WASA EPS, AY"," -148","H,,S"
"AYM00089016","2012-06-26","-73.117","-13.15","363.0","WASA EPS, AY"," -163","H,,S"
"AYM00089016","2012-06-27","-73.117","-13.15","363.0","WASA EPS, AY"," -154","H,,S"
"AYM00089016","2012-06-28","-73.117","-13.15","363.0","WASA EPS, AY"," -118","H,,S"
"AYM00089016","2012-06-29","-73.117","-13.15","363.0","WASA EPS, AY"," -148","H,,S"
"AYM00089016","2012-06-30","-73.117","-13.15","363.0","WASA EPS, AY"," -244","H,,S"
"AYM00089016","2012-07-01","-73.117","-13.15","363.0","WASA EPS, AY"," -253","H,,S"
"AYM00089016","2012-07-02","-73.117","-13.15","363.0","WASA EPS, AY"," -188","H,,S"
"AYM00089016","2012-07-03","-73.117","-13.15","363.0","WASA EPS, AY"," -134","H,,S"
"AYM00089016","2012-07-04","-73.117","-13.15","363.0","WASA EPS, AY"," -173","H,,S"
"AYM00089016","2012-07-05","-73.117","-13.15","363.0","WASA EPS, AY"," -213","H,,S"
"AYM00089016","2012-07-06","-73.117","-13.15","363.0","WASA EPS, AY"," -172","H,,S"
"AYM00089016","2012-07-07","-73.117","-13.15","363.0","WASA EPS, AY"," -211","H,,S"
"AYM00089016","2012-07-08","-73.117","-13.15","363.0","WASA EPS, AY"," -272","H,,S"
"AYM00089016","2012-07-09","-73.117","-13.15","363.0","WASA EPS, AY"," -357","H,,S"
"AYM00089016","2012-07-10","-73.117","-13.15","363.0","WASA EPS, AY"," -317","H,,S"
"AYM00089016","2012-07-11","-73.117","-13.15","363.0","WASA EPS, AY"," -303","H,,S"
"AYM00089016","2012-07-12","-73.117","-13.15","363.0","WASA EPS, AY"," -296","H,,S"
"AYM00089016","2012-07-13","-73.117","-13.15","363.0","WASA EPS, AY"," -357","H,,S"
"AYM00089016","2012-07-14","-73.117","-13.15","363.0","WASA EPS, AY"," -278","H,,S"
"AYM00089016","2012-07-15","-73.117","-13.15","363.0","WASA EPS, AY"," -228","H,,S"
"AYM00089016","2012-07-16","-73.117","-13.15","363.0","WASA EPS, AY"," -284","H,,S"
"AYM00089016","2012-07-17","-73.117","-13.15","363.0","WASA EPS, AY"," -327","H,,S"
"AYM00089016","2012-07-18","-73.117","-13.15","363.0","WASA EPS, AY"," -255","H,,S"
"AYM00089016","2012-07-19","-73.117","-13.15","363.0","WASA EPS, AY"," -318","H,,S"
"AYM00089016","2012-07-20","-73.117","-13.15","363.0","WASA EPS, AY"," -306","H,,S"
"AYM00089016","2012-07-21","-73.117","-13.15","363.0","WASA EPS, AY"," -262","H,,S"
"AYM00089016","2012-07-22","-73.117","-13.15","363.0","WASA EPS, AY"," -258","H,,S"
"AYM00089016","2012-07-23","-73.117","-13.15","363.0","WASA EPS, AY"," -271","H,,S"
"AYM00089016","2012-07-24","-73.117","-13.15","363.0","WASA EPS, AY"," -261","H,,S"
"AYM00089016","2012-07-25","-73.117","-13.15","363.0","WASA EPS, AY"," -326","H,,S"
"AYM00089016","2012-07-26","-73.117","-13.15","363.0","WASA EPS, AY"," -296","H,,S"
"AYM00089016","2012-07-27","-73.117","-13.15","363.0","WASA EPS, AY"," -256","H,,S"
"AYM00089016","2012-07-28","-73.117","-13.15","363.0","WASA EPS, AY"," -288","H,,S"
"AYM00089016","2012-07-29","-73.117","-13.15","363.0","WASA EPS, AY"," -361","H,,S"
"AYM00089016","2012-07-30","-73.117","-13.15","363.0","WASA EPS, AY"," -368","H,,S"
"AYM00089016","2012-07-31","-73.117","-13.15","363.0","WASA EPS, AY"," -334","H,,S"
"AYM00089016","2012-08-01","-73.117","-13.15","363.0","WASA EPS, AY"," -276","H,,S"
"AYM00089016","2012-08-02","-73.117","-13.15","363.0","WASA EPS, AY"," -322","H,,S"
"AYM00089016","2012-08-03","-73.117","-13.15","363.0","WASA EPS, AY"," -339","H,,S"
"AYM00089016","2012-08-04","-73.117","-13.15","363.0","WASA EPS, AY"," -303","H,,S"
"AYM00089016","2012-08-05","-73.117","-13.15","363.0","WASA EPS, AY"," -317","H,,S"
"AYM00089016","2012-08-06","-73.117","-13.15","363.0","WASA EPS, AY"," -237","H,,S"
"AYM00089016","2012-08-07","-73.117","-13.15","363.0","WASA EPS, AY"," -126","H,,S"
"AYM00089016","2012-08-08","-73.117","-13.15","363.0","WASA EPS, AY"," -128","H,,S"
"AYM00089016","2012-08-09","-73.117","-13.15","363.0","WASA EPS, AY"," -215","H,,S"
"AYM00089016","2012-08-10","-73.117","-13.15","363.0","WASA EPS, AY"," -205","H,,S"
"AYM00089016","2012-08-11","-73.117","-13.15","363.0","WASA EPS, AY"," -238","H,,S"
"AYM00089016","2012-08-12","-73.117","-13.15","363.0","WASA EPS, AY"," -343","H,,S"
"AYM00089016","2012-08-13","-73.117","-13.15","363.0","WASA EPS, AY"," -307","H,,S"
"AYM00089016","2012-08-14","-73.117","-13.15","363.0","WASA EPS, AY"," -323","H,,S"
"AYM00089016","2012-08-15","-73.117","-13.15","363.0","WASA EPS, AY"," -333","H,,S"
"AYM00089016","2012-08-16","-73.117","-13.15","363.0","WASA EPS, AY"," -340","H,,S"
"AYM00089016","2012-08-17","-73.117","-13.15","363.0","WASA EPS, AY"," -294","H,,S"
"AYM00089016","2012-08-18","-73.117","-13.15","363.0","WASA EPS, AY"," -302","H,,S"
"AYM00089016","2012-08-19","-73.117","-13.15","363.0","WASA EPS, AY"," -297","H,,S"
"AYM00089016","2012-08-20","-73.117","-13.15","363.0","WASA EPS, AY"," -202","H,,S"
"AYM00089016","2012-08-21","-73.117","-13.15","363.0","WASA EPS, AY"," -174","H,,S"
"AYM00089016","2012-08-22","-73.117","-13.15","363.0","WASA EPS, AY"," -213","H,,S"
"AYM00089016","2012-08-23","-73.117","-13.15","363.0","WASA EPS, AY"," -169","H,,S"
"AYM00089016","2012-08-24","-73.117","-13.15","363.0","WASA EPS, AY"," -152","H,,S"
"AYM00089016","2012-08-25","-73.117","-13.15","363.0","WASA EPS, AY"," -203","H,,S"
"AYM00089016","2012-08-26","-73.117","-13.15","363.0","WASA EPS, AY"," -184","H,,S"
"AYM00089016","2012-08-27","-73.117","-13.15","363.0","WASA EPS, AY"," -219","H,,S"
"AYM00089016","2012-08-28","-73.117","-13.15","363.0","WASA EPS, AY"," -221","H,,S"
"AYM00089016","2012-08-29","-73.117","-13.15","363.0","WASA EPS, AY"," -232","H,,S"
"AYM00089016","2012-08-30","-73.117","-13.15","363.0","WASA EPS, AY"," -231","H,,S"
"AYM00089016","2012-08-31","-73.117","-13.15","363.0","WASA EPS, AY"," -224","H,,S"
"AYM00089016","2012-09-01","-73.117","-13.15","363.0","WASA EPS, AY"," -267","H,,S"
"AYM00089016","2012-09-02","-73.117","-13.15","363.0","WASA EPS, AY"," -282","H,,S"
"AYM00089016","2012-09-03","-73.117","-13.15","363.0","WASA EPS, AY"," -239","H,,S"
"AYM00089016","2012-09-04","-73.117","-13.15","363.0","WASA EPS, AY"," -197","H,,S"
"AYM00089016","2012-09-05","-73.117","-13.15","363.0","WASA EPS, AY"," -227","H,,S"
"AYM00089016","2012-09-06","-73.117","-13.15","363.0","WASA EPS, AY"," -213","H,,S"
"AYM00089016","2012-09-07","-73.117","-13.15","363.0","WASA EPS, AY"," -142","H,,S"
"AYM00089016","2012-09-08","-73.117","-13.15","363.0","WASA EPS, AY"," -136","H,,S"
"AYM00089016","2012-09-09","-73.117","-13.15","363.0","WASA EPS, AY"," -173","H,,S"
"AYM00089016","2012-09-10","-73.117","-13.15","363.0","WASA EPS, AY"," -177","H,,S"
"AYM00089016","2012-09-11","-73.117","-13.15","363.0","WASA EPS, AY"," -208","H,,S"
"AYM00089016","2012-09-12","-73.117","-13.15","363.0","WASA EPS, AY"," -243","H,,S"
"AYM00089016","2012-09-13","-73.117","-13.15","363.0","WASA EPS, AY"," -225","H,,S"
"AYM00089016","2012-09-14","-73.117","-13.15","363.0","WASA EPS, AY"," -202","H,,S"
"AYM00089016","2012-09-15","-73.117","-13.15","363.0","WASA EPS, AY"," -219","H,,S"
"AYM00089016","2012-09-16","-73.117","-13.15","363.0","WASA EPS, AY"," -247","H,,S"
"AYM00089016","2012-09-17","-73.117","-13.15","363.0","WASA EPS, AY"," -293","H,,S"
"AYM00089016","2012-09-18","-73.117","-13.15","363.0","WASA EPS, AY"," -234","H,,S"
"AYM00089016","2012-09-19","-73.117","-13.15","363.0","WASA EPS, AY"," -191","H,,S"
"AYM00089016","2012-09-20","-73.117","-13.15","363.0","WASA EPS, AY"," -227","H,,S"
"AYM00089016","2012-09-21","-73.117","-13.15","363.0","WASA EPS, AY"," -269","H,,S"
"AYM00089016","2012-09-22","-73.117","-13.15","363.0","WASA EPS, AY"," -284","H,,S"
"AYM00089016","2012-09-23","-73.117","-13.15","363.0","WASA EPS, AY"," -241","H,,S"
"AYM00089016","2012-09-24","-73.117","-13.15","363.0","WASA EPS, AY"," -260","H,,S"
"AYM00089016","2012-09-25","-73.117","-13.15","363.0","WASA EPS, AY"," -229","H,,S"
"AYM00089016","2012-09-26","-73.117","-13.15","363.0","WASA EPS, AY"," -141","H,,S"
"AYM00089016","2012-09-27","-73.117","-13.15","363.0","WASA EPS, AY"," -115","H,,S"
"AYM00089016","2012-09-28","-73.117","-13.15","363.0","WASA EPS, AY"," -120","H,,S"
"AYM00089016","2012-09-29","-73.117","-13.15","363.0","WASA EPS, AY"," -158","H,,S"
"AYM00089016","2012-09-30","-73.117","-13.15","363.0","WASA EPS, AY"," -167","H,,S"
"AYM00089016","2012-10-01","-73.117","-13.15","363.0","WASA EPS, AY"," -208","H,,S"
"AYM00089016","2012-10-02","-73.117","-13.15","363.0","WASA EPS, AY"," -224","H,,S"
"AYM00089016","2012-10-03","-73.117","-13.15","363.0","WASA EPS, AY"," -149","H,,S"
"AYM00089016","2012-10-04","-73.117","-13.15","363.0","WASA EPS, AY"," -143","H,,S"
"AYM00089016","2012-10-05","-73.117","-13.15","363.0","WASA EPS, AY"," -181","H,,S"
"AYM00089016","2012-10-06","-73.117","-13.15","363.0","WASA EPS, AY"," -218","H,,S"
"AYM00089016","2012-10-07","-73.117","-13.15","363.0","WASA EPS, AY"," -180","H,,S"
"AYM00089016","2012-10-08","-73.117","-13.15","363.0","WASA EPS, AY"," -169","H,,S"
"AYM00089016","2012-10-09","-73.117","-13.15","363.0","WASA EPS, AY"," -187","H,,S"
"AYM00089016","2012-10-10","-73.117","-13.15","363.0","WASA EPS, AY"," -167","H,,S"
"AYM00089016","2012-10-11","-73.117","-13.15","363.0","WASA EPS, AY"," -204","H,,S"
"AYM00089016","2012-10-12","-73.117","-13.15","363.0","WASA EPS, AY"," -176","H,,S"
"AYM00089016","2012-10-13","-73.117","-13.15","363.0","WASA EPS, AY"," -137","H,,S"
"AYM00089016","2012-10-15","-73.117","-13.15","363.0","WASA EPS, AY"," -113","H,,S"
"AYM00089016","2012-10-16","-73.117","-13.15","363.0","WASA EPS, AY"," -126","H,,S"
"AYM00089016","2012-10-17","-73.117","-13.15","363.0","WASA EPS, AY"," -123","H,,S"
"AYM00089016","2012-10-18","-73.117","-13.15","363.0","WASA EPS, AY","  -85","H,,S"
"AYM00089016","2012-10-19","-73.117","-13.15","363.0","WASA EPS, AY"," -115","H,,S"
"AYM00089016","2012-10-20","-73.117","-13.15","363.0","WASA EPS, AY"," -120","H,,S"
"AYM00089016","2012-10-21","-73.117","-13.15","363.0","WASA EPS, AY"," -142","H,,S"
"AYM00089016","2012-10-23","-73.117","-13.15","363.0","WASA EPS, AY"," -173","H,,S"
"AYM00089016","2012-10-24","-73.117","-13.15","363.0","WASA EPS, AY"," -208","H,,S"
"AYM00089016","2012-10-25","-73.117","-13.15","363.0","WASA EPS, AY"," -157","H,,S"
"AYM00089016","2012-10-26","-73.117","-13.15","363.0","WASA EPS, AY"," -127","H,,S"
"AYM00089016","2012-10-27","-73.117","-13.15","363.0","WASA EPS, AY"," -106","H,,S"
"AYM00089016","2012-10-28","-73.117","-13.15","363.0","WASA EPS, AY","  -89","H,,S"
"AYM00089016","2012-10-29","-73.117","-13.15","363.0","WASA EPS, AY"," -117","H,,S"
"AYM00089016","2012-10-30","-73.117","-13.15","363.0","WASA EPS, AY"," -102","H,,S"
"AYM00089016","2012-10-31","-73.117","-13.15","363.0","WASA EPS, AY","  -81","H,,S"
"AYM00089016","2012-11-01","-73.117","-13.15","363.0","WASA EPS, AY","  -59","H,,S"
"AYM00089016","2012-11-02","-73.117","-13.15","363.0","WASA EPS, AY","  -83","H,,S"
"AYM00089016","2012-11-03","-73.117","-13.15","363.0","WASA EPS, AY","  -86","H,,S"
"AYM00089016","2012-11-04","-73.117","-13.15","363.0","WASA EPS, AY","  -84","H,,S"
"AYM00089016","2012-11-06","-73.117","-13.15","363.0","WASA EPS, AY","  -98","H,,S"
"AYM00089016","2012-11-09","-73.117","-13.15","363.0","WASA EPS, AY","  -89","H,,S"
"AYM00089016","2012-11-10","-73.117","-13.15","363.0","WASA EPS, AY","  -69","H,,S"
"AYM00089016","2012-11-12","-73.117","-13.15","363.0","WASA EPS, AY","  -62","H,,S"
"AYM00089016","2012-11-13","-73.117","-13.15","363.0","WASA EPS, AY","  -85","H,,S"
"AYM00089016","2012-11-14","-73.117","-13.15","363.0","WASA EPS, AY","  -62","H,,S"
"AYM00089016","2012-11-15","-73.117","-13.15","363.0","WASA EPS, AY","  -73","H,,S"
"AYM00089016","2012-11-16","-73.117","-13.15","363.0","WASA EPS, AY","  -77","H,,S"
"AYM00089016","2012-11-17","-73.117","-13.15","363.0","WASA EPS, AY"," -100","H,,S"
"AYM00089016","2012-11-19","-73.117","-13.15","363.0","WASA EPS, AY","  -76","H,,S"
"AYM00089016","2012-11-21","-73.117","-13.15","363.0","WASA EPS, AY","  -66","H,,S"
"AYM00089016","2012-11-22","-73.117","-13.15","363.0","WASA EPS, AY"," -103","H,,S"
"AYM00089016","2012-11-24","-73.117","-13.15","363.0","WASA EPS, AY","  -77","H,,S"
"AYM00089016","2012-11-25","-73.117","-13.15","363.0","WASA EPS, AY","  -98","H,,S"
"AYM00089016","2012-11-26","-73.117","-13.15","363.0","WASA EPS, AY","  -77","H,,S"
"AYM00089016","2012-11-27","-73.117","-13.15","363.0","WASA EPS, AY","  -92","H,,S"
"AYM00089016","2012-11-28","-73.117","-13.15","363.0","WASA EPS, AY","  -86","H,,S"
"AYM00089016","2012-11-29","-73.117","-13.15","363.0","WASA EPS, AY","  -76","H,,S"
"AYM00089016","2012-11-30","-73.117","-13.15","363.0","WASA EPS, AY","  -87","H,,S"
"AYM00089016","2012-12-01","-73.117","-13.15","363.0","WASA EPS, AY","  -47","H,,S"
"AYM00089016","2012-12-02","-73.117","-13.15","363.0","WASA EPS, AY","  -78","H,,S"
"AYM00089016","2012-12-03","-73.117","-13.15","363.0","WASA EPS, AY","  -74","H,,S"
"AYM00089016","2012-12-04","-73.117","-13.15","363.0","WASA EPS, AY","  -59","H,,S"
"AYM00089016","2012-12-05","-73.117","-13.15","363.0","WASA EPS, AY","  -58","H,,S"
"AYM00089016","2012-12-06","-73.117","-13.15","363.0","WASA EPS, AY","  -43","H,,S"
"AYM00089016","2012-12-08","-73.117","-13.15","363.0","WASA EPS, AY","  -70","H,,S"
"AYM00089016","2012-12-09","-73.117","-13.15","363.0","WASA EPS, AY","  -46","H,,S"
"AYM00089016","2012-12-11","-73.117","-13.15","363.0","WASA EPS, AY","  -23","H,,S"
"AYM00089016","2012-12-12","-73.117","-13.15","363.0","WASA EPS, AY","  -19","H,,S"
"AYM00089016","2012-12-13","-73.117","-13.15","363.0","WASA EPS, AY","  -26","H,,S"
"AYM00089016","2012-12-14","-73.117","-13.15","363.0","WASA EPS, AY","  -50","H,,S"
"AYM00089016","2012-12-15","-73.117","-13.15","363.0","WASA EPS, AY","  -42","H,,S"
"AYM00089016","2012-12-16","-73.117","-13.15","363.0","WASA EPS, AY","  -28","H,,S"
"AYM00089016","2012-12-17","-73.117","-13.15","363.0","WASA EPS, AY","  -39","H,,S"
"AYM00089016","2012-12-18","-73.117","-13.15","363.0","WASA EPS, AY","  -21","H,,S"
"AYM00089016","2012-12-19","-73.117","-13.15","363.0","WASA EPS, AY","  -20","H,,S"
"AYM00089016","2012-12-20","-73.117","-13.15","363.0","WASA EPS, AY","  -35","H,,S"
"AYM00089016","2012-12-21","-73.117","-13.15","363.0","WASA EPS, AY","  -26","H,,S"
"AYM00089016","2012-12-22","-73.117","-13.15","363.0","WASA EPS, AY","  -37","H,,S"
"AYM00089016","2012-12-23","-73.117","-13.15","363.0","WASA EPS, AY","  -16","H,,S"
"AYM00089016","2012-12-24","-73.117","-13.15","363.0","WASA EPS, AY","   -7","H,,S"
"AYM00089016","2012-12-25","-73.117","-13.15","363.0","WASA EPS, AY","   -8","H,,S"
"AYM00089016","2012-12-26","-73.117","-13.15","363.0","WASA EPS, AY","  -14","H,,S"
"AYM00089016","2012-12-27","-73.117","-13.15","363.0","WASA EPS, AY","  -22","H,,S"
"AYM00089016","2012-12-28","-73.117","-13.15","363.0","WASA EPS, AY","  -31","H,,S"
"AYM00089016","2012-12-29","-73.117","-13.15","363.0","WASA EPS, AY","  -47","H,,S"
"AYM00089016","2012-12-30","-73.117","-13.15","363.0","WASA EPS, AY","  -66","H,,S"
"AYM00089016","2012-12-31","-73.117","-13.15","363.0","WASA EPS, AY","  -44","H,,S"
"AYM00089016","2013-01-01","-73.117","-13.15","363.0","WASA EPS, AY","  -39","H,,S"
"AYM00089016","2013-01-02","-73.117","-13.15","363.0","WASA EPS, AY","  -44","H,,S"
"AYM00089016","2013-01-03","-73.117","-13.15","363.0","WASA EPS, AY","  -29","H,,S"
"AYM00089016","2013-01-04","-73.117","-13.15","363.0","WASA EPS, AY","  -13","H,,S"
"AYM00089016","2013-01-05","-73.117","-13.15","363.0","WASA EPS, AY","  -17","H,,S"
"AYM00089016","2013-01-06","-73.117","-13.15","363.0","WASA EPS, AY","  -19","H,,S"
"AYM00089016","2013-01-07","-73.117","-13.15","363.0","WASA EPS, AY","  -42","H,,S"
"AYM00089016","2013-01-08","-73.117","-13.15","363.0","WASA EPS, AY","  -58","H,,S"
"AYM00089016","2013-01-09","-73.117","-13.15","363.0","WASA EPS, AY","  -55","H,,S"
"AYM00089016","2013-01-10","-73.117","-13.15","363.0","WASA EPS, AY","  -25","H,,S"
"AYM00089016","2013-01-11","-73.117","-13.15","363.0","WASA EPS, AY","    0","H,,S"
"AYM00089016","2013-01-12","-73.117","-13.15","363.0","WASA EPS, AY","  -19","H,,S"
"AYM00089016","2013-01-13","-73.117","-13.15","363.0","WASA EPS, AY","  -22","H,,S"
"AYM00089016","2013-01-14","-73.117","-13.15","363.0","WASA EPS, AY","   -9","H,,S"
"AYM00089016","2013-01-15","-73.117","-13.15","363.0","WASA EPS, AY","  -44","H,,S"
"AYM00089016","2013-01-16","-73.117","-13.15","363.0","WASA EPS, AY","  -38","H,,S"
"AYM00089016","2013-01-17","-73.117","-13.15","363.0","WASA EPS, AY","  -89","H,,S"
"AYM00089016","2014-02-14","-73.117","-13.15","363.0","WASA EPS, AY"," -318","H,G,S"
"AYM00089016","2014-02-15","-73.117","-13.15","363.0","WASA EPS, AY"," -336","H,G,S"
"AYM00089016","2014-02-16","-73.117","-13.15","363.0","WASA EPS, AY"," -340","H,G,S"
"AYM00089016","2014-02-17","-73.117","-13.15","363.0","WASA EPS, AY"," -478","H,G,S"
"AYM00089016","2014-02-18","-73.117","-13.15","363.0","WASA EPS, AY"," -640","H,G,S"
"AYM00089016","2014-02-19","-73.117","-13.15","363.0","WASA EPS, AY"," -587","H,G,S"
"AYM00089016","2014-02-20","-73.117","-13.15","363.0","WASA EPS, AY"," -587","H,G,S"
"AYM00089016","2014-02-21","-73.117","-13.15","363.0","WASA EPS, AY"," -594","H,G,S"
"AYM00089016","2014-02-22","-73.117","-13.15","363.0","WASA EPS, AY"," -609","H,G,S"
"AYM00089016","2014-02-23","-73.117","-13.15","363.0","WASA EPS, AY"," -593","H,G,S"
"AYM00089016","2014-02-24","-73.117","-13.15","363.0","WASA EPS, AY"," -618","H,G,S"
"AYM00089016","2014-02-25","-73.117","-13.15","363.0","WASA EPS, AY"," -528","H,G,S"
"AYM00089016","2014-02-26","-73.117","-13.15","363.0","WASA EPS, AY"," -582","H,G,S"
"AYM00089016","2014-02-27","-73.117","-13.15","363.0","WASA EPS, AY"," -650","H,G,S"
"AYM00089016","2014-02-28","-73.117","-13.15","363.0","WASA EPS, AY"," -617","H,G,S"
"AYM00089016","2014-03-01","-73.117","-13.15","363.0","WASA EPS, AY"," -614","H,G,S"
"AYM00089016","2014-03-02","-73.117","-13.15","363.0","WASA EPS, AY"," -607","H,G,S"
"AYM00089016","2014-03-03","-73.117","-13.15","363.0","WASA EPS, AY"," -657","H,G,S"
"AYM00089016","2014-03-04","-73.117","-13.15","363.0","WASA EPS, AY"," -508","H,G,S"
"AYM00089016","2014-03-05","-73.117","-13.15","363.0","WASA EPS, AY"," -586","H,G,S"
"AYM00089016","2014-03-06","-73.117","-13.15","363.0","WASA EPS, AY"," -567","H,G,S"
"AYM00089016","2014-03-07","-73.117","-13.15","363.0","WASA EPS, AY"," -330","H,,S"
"AYM00089016","2014-03-08","-73.117","-13.15","363.0","WASA EPS, AY"," -340","H,,S"
"AYM00089016","2014-03-10","-73.117","-13.15","363.0","WASA EPS, AY"," -320","H,,S"
"AYM00089016","2014-03-11","-73.117","-13.15","363.0","WASA EPS, AY"," -353","H,,S"
"AYM00089016","2014-03-12","-73.117","-13.15","363.0","WASA EPS, AY"," -470","H,G,S"
"AYM00089016","2014-03-13","-73.117","-13.15","363.0","WASA EPS, AY"," -509","H,G,S"
"AYM00089016","2014-03-14","-73.117","-13.15","363.0","WASA EPS, AY"," -514","H,G,S"
"AYM00089016","2014-03-15","-73.117","-13.15","363.0","WASA EPS, AY"," -493","H,G,S"
"AYM00089016","2014-03-16","-73.117","-13.15","363.0","WASA EPS, AY"," -493","H,G,S"
"AYM00089016","2014-03-17","-73.117","-13.15","363.0","WASA EPS, AY"," -523","H,G,S"
"AYM00089016","2014-03-18","-73.117","-13.15","363.0","WASA EPS, AY"," -540","H,G,S"
"AYM00089016","2014-03-19","-73.117","-13.15","363.0","WASA EPS, AY"," -557","H,G,S"
"AYM00089016","2014-03-20","-73.117","-13.15","363.0","WASA EPS, AY"," -571","H,G,S"
"AYM00089016","2014-03-21","-73.117","-13.15","363.0","WASA EPS, AY"," -652","H,G,S"
"AYM00089016","2014-03-22","-73.117","-13.15","363.0","WASA EPS, AY"," -664","H,G,S"
"AYM00089016","2014-03-23","-73.117","-13.15","363.0","WASA EPS, AY"," -684","H,G,S"
"AYM00089016","2014-03-24","-73.117","-13.15","363.0","WASA EPS, AY"," -608","H,G,S"
"AYM00089016","2014-03-25","-73.117","-13.15","363.0","WASA EPS, AY"," -524","H,G,S"
"AYM00089016","2014-03-26","-73.117","-13.15","363.0","WASA EPS, AY"," -532","H,G,S"
"AYM00089016","2014-03-27","-73.117","-13.15","363.0","WASA EPS, AY"," -464","H,G,S"
"AYM00089016","2014-03-31","-73.117","-13.15","363.0","WASA EPS, AY","  -25","H,,S"
"AYM00089016","2014-04-25","-73.117","-13.15","363.0","WASA EPS, AY"," -674","H,G,S"
"AYM00089016","2014-04-28","-73.117","-13.15","363.0","WASA EPS, AY"," -213","H,,S"
"AYM00089016","2014-04-29","-73.117","-13.15","363.0","WASA EPS, AY","  -25","H,,S"
"AYM00089016","2014-04-30","-73.117","-13.15","363.0","WASA EPS, AY","  -25","H,,S"
"AYM00089016","2014-05-02","-73.117","-13.15","363.0","WASA EPS, AY","  -25","H,,S"
"AYM00089016","2014-05-03","-73.117","-13.15","363.0","WASA EPS, AY"," -472","H,,S"
"AYM00089016","2014-05-04","-73.117","-13.15","363.0","WASA EPS, AY"," -784","H,G,S"
"AYM00089016","2014-05-05","-73.117","-13.15","363.0","WASA EPS, AY"," -527","H,,S"
"AYM00089016","2014-05-07","-73.117","-13.15","363.0","WASA EPS, AY"," -411","H,,S"
"AYM00089016","2014-05-08","-73.117","-13.15","363.0","WASA EPS, AY"," -779","H,G,S"
"AYM00089016","2014-05-09","-73.117","-13.15","363.0","WASA EPS, AY"," -481","H,,S"
"AYM00089016","2014-05-19","-73.117","-13.15","363.0","WASA EPS, AY"," -701","H,G,S"
"AYM00089016","2014-05-21","-73.117","-13.15","363.0","WASA EPS, AY"," -596","H,,S"
"AYM00089016","2014-05-22","-73.117","-13.15","363.0","WASA EPS, AY","  -25","H,,S"
"AYM00089016","2014-05-31","-73.117","-13.15","363.0","WASA EPS, AY"," -759","H,G,S"
"AYM00089016","2014-06-01","-73.117","-13.15","363.0","WASA EPS, AY"," -748","H,G,S"
"AYM00089016","2014-06-02","-73.117","-13.15","363.0","WASA EPS, AY"," -751","H,G,S"
"AYM00089016","2014-06-03","-73.117","-13.15","363.0","WASA EPS, AY"," -760","H,G,S"
"AYM00089016","2014-06-04","-73.117","-13.15","363.0","WASA EPS, AY"," -749","H,G,S"
"AYM00089016","2014-06-05","-73.117","-13.15","363.0","WASA EPS, AY"," -716","H,G,S"
"AYM00089016","2014-06-06","-73.117","-13.15","363.0","WASA EPS, AY"," -727","H,G,S"
"AYM00089016","2014-06-07","-73.117","-13.15","363.0","WASA EPS, AY"," -681","H,G,S"
"AYM00089016","2014-06-10","-73.117","-13.15","363.0","WASA EPS, AY"," -549","H,G,S"
"AYM00089016","2014-06-11","-73.117","-13.15","363.0","WASA EPS, AY"," -712","H,G,S"
"AYM00089016","2014-06-12","-73.117","-13.15","363.0","WASA EPS, AY"," -732","H,G,S"
"AYM00089016","2014-06-13","-73.117","-13.15","363.0","WASA EPS, AY"," -734","H,G,S"
"AYM00089016","2014-06-14","-73.117","-13.15","363.0","WASA EPS, AY"," -708","H,G,S"
"AYM00089016","2014-06-15","-73.117","-13.15","363.0","WASA EPS, AY"," -722","H,G,S"
"AYM00089016","2014-06-16","-73.117","-13.15","363.0","WASA EPS, AY"," -720","H,G,S"
"AYM00089016","2014-06-17","-73.117","-13.15","363.0","WASA EPS, AY"," -730","H,G,S"
"AYM00089016","2014-06-18","-73.117","-13.15","363.0","WASA EPS, AY"," -753","H,G,S"
"AYM00089016","2014-06-19","-73.117","-13.15","363.0","WASA EPS, AY"," -744","H,G,S"
"AYM00089016","2014-06-20","-73.117","-13.15","363.0","WASA EPS, AY"," -717","H,G,S"
"AYM00089016","2014-06-21","-73.117","-13.15","363.0","WASA EPS, AY"," -731","H,G,S"
"AYM00089016","2014-06-22","-73.117","-13.15","363.0","WASA EPS, AY"," -727","H,G,S"
"AYM00089016","2014-06-23","-73.117","-13.15","363.0","WASA EPS, AY"," -738","H,G,S"
"AYM00089016","2014-06-24","-73.117","-13.15","363.0","WASA EPS, AY"," -746","H,G,S"
"AYM00089016","2014-06-25","-73.117","-13.15","363.0","WASA EPS, AY"," -738","H,G,S"
"AYM00089016","2014-06-26","-73.117","-13.15","363.0","WASA EPS, AY"," -754","H,G,S"
"AYM00089016","2014-06-27","-73.117","-13.15","363.0","WASA EPS, AY"," -718","H,G,S"
"AYM00089016","2014-06-28","-73.117","-13.15","363.0","WASA EPS, AY"," -736","H,G,S"
"AYM00089016","2014-06-29","-73.117","-13.15","363.0","WASA EPS, AY"," -777","H,G,S"
"AYM00089016","2014-06-30","-73.117","-13.15","363.0","WASA EPS, AY"," -779","H,G,S"
"AYM00089016","2014-07-01","-73.117","-13.15","363.0","WASA EPS, AY"," -738","H,G,S"
"AYM00089016","2014-07-02","-73.117","-13.15","363.0","WASA EPS, AY"," -738","H,G,S"
"AYM00089016","2014-07-03","-73.117","-13.15","363.0","WASA EPS, AY"," -707","H,G,S"
"AYM00089016","2014-07-04","-73.117","-13.15","363.0","WASA EPS, AY"," -723","H,G,S"
"AYM00089016","2014-07-05","-73.117","-13.15","363.0","WASA EPS, AY"," -726","H,G,S"
"AYM00089016","2014-07-06","-73.117","-13.15","363.0","WASA EPS, AY"," -720","H,G,S"
"AYM00089016","2014-07-07","-73.117","-13.15","363.0","WASA EPS, AY"," -705","H,G,S"
"AYM00089016","2014-07-08","-73.117","-13.15","363.0","WASA EPS, AY"," -723","H,G,S"
"AYM00089016","2014-07-09","-73.117","-13.15","363.0","WASA EPS, AY"," -723","H,G,S"
"AYM00089016","2014-07-10","-73.117","-13.15","363.0","WASA EPS, AY"," -722","H,G,S"
"AYM00089016","2014-07-11","-73.117","-13.15","363.0","WASA EPS, AY"," -723","H,G,S"
"AYM00089016","2014-07-12","-73.117","-13.15","363.0","WASA EPS, AY"," -762","H,G,S"
"AYM00089016","2014-07-13","-73.117","-13.15","363.0","WASA EPS, AY"," -733","H,G,S"
"AYM00089016","2014-07-14","-73.117","-13.15","363.0","WASA EPS, AY"," -709","H,G,S"
"AYM00089016","2014-07-15","-73.117","-13.15","363.0","WASA EPS, AY"," -735","H,G,S"
"AYM00089016","2014-07-16","-73.117","-13.15","363.0","WASA EPS, AY"," -759","H,G,S"
"AYM00089016","2014-07-17","-73.117","-13.15","363.0","WASA EPS, AY"," -755","H,G,S"
"AYM00089016","2014-07-18","-73.117","-13.15","363.0","WASA EPS, AY"," -747","H,G,S"
"AYM00089016","2014-07-19","-73.117","-13.15","363.0","WASA EPS, AY"," -741","H,G,S"
"AYM00089016","2014-07-20","-73.117","-13.15","363.0","WASA EPS, AY"," -728","H,G,S"
"AYM00089016","2014-07-21","-73.117","-13.15","363.0","WASA EPS, AY"," -745","H,G,S"
"AYM00089016","2014-07-22","-73.117","-13.15","363.0","WASA EPS, AY"," -733","H,G,S"
"AYM00089016","2014-07-23","-73.117","-13.15","363.0","WASA EPS, AY"," -732","H,G,S"
"AYM00089016","2014-07-24","-73.117","-13.15","363.0","WASA EPS, AY"," -734","H,G,S"
"AYM00089016","2014-07-25","-73.117","-13.15","363.0","WASA EPS, AY"," -733","H,G,S"
"AYM00089016","2014-07-26","-73.117","-13.15","363.0","WASA EPS, AY"," -712","H,G,S"
"AYM00089016","2014-07-27","-73.117","-13.15","363.0","WASA EPS, AY"," -731","H,G,S"
"AYM00089016","2014-07-28","-73.117","-13.15","363.0","WASA EPS, AY"," -722","H,G,S"
"AYM00089016","2014-07-29","-73.117","-13.15","363.0","WASA EPS, AY"," -729","H,G,S"
"AYM00089016","2014-07-30","-73.117","-13.15","363.0","WASA EPS, AY"," -738","H,G,S"
"AYM00089016","2014-07-31","-73.117","-13.15","363.0","WASA EPS, AY"," -732","H,G,S"
"AYM00089016","2014-08-01","-73.117","-13.15","363.0","WASA EPS, AY"," -740","H,G,S"
"AYM00089016","2014-08-02","-73.117","-13.15","363.0","WASA EPS, AY"," -760","H,G,S"
"AYM00089016","2014-08-03","-73.117","-13.15","363.0","WASA EPS, AY"," -744","H,G,S"
"AYM00089016","2014-08-04","-73.117","-13.15","363.0","WASA EPS, AY"," -734","H,G,S"
"AYM00089016","2014-08-05","-73.117","-13.15","363.0","WASA EPS, AY"," -730","H,G,S"
"AYM00089016","2014-08-06","-73.117","-13.15","363.0","WASA EPS, AY"," -732","H,G,S"
"AYM00089016","2014-08-07","-73.117","-13.15","363.0","WASA EPS, AY"," -730","H,G,S"
"AYM00089016","2014-08-08","-73.117","-13.15","363.0","WASA EPS, AY"," -732","H,G,S"
"AYM00089016","2014-08-09","-73.117","-13.15","363.0","WASA EPS, AY"," -721","H,G,S"
"AYM00089016","2014-08-10","-73.117","-13.15","363.0","WASA EPS, AY"," -732","H,G,S"
"AYM00089016","2014-08-11","-73.117","-13.15","363.0","WASA EPS, AY"," -706","H,G,S"
"AYM00089016","2014-08-12","-73.117","-13.15","363.0","WASA EPS, AY"," -747","H,G,S"
"AYM00089016","2014-08-13","-73.117","-13.15","363.0","WASA EPS, AY"," -721","H,G,S"
"AYM00089016","2014-08-14","-73.117","-13.15","363.0","WASA EPS, AY"," -735","H,G,S"
"AYM00089016","2014-08-15","-73.117","-13.15","363.0","WASA EPS, AY"," -754","H,G,S"
"AYM00089016","2014-08-16","-73.117","-13.15","363.0","WASA EPS, AY"," -751","H,G,S"
"AYM00089016","2014-08-17","-73.117","-13.15","363.0","WASA EPS, AY"," -706","H,G,S"
"AYM00089016","2014-08-18","-73.117","-13.15","363.0","WASA EPS, AY"," -687","H,G,S"
"AYM00089016","2014-08-19","-73.117","-13.15","363.0","WASA EPS, AY"," -706","H,G,S"
"AYM00089016","2014-08-20","-73.117","-13.15","363.0","WASA EPS, AY"," -723","H,G,S"
"AYM00089016","2014-08-21","-73.117","-13.15","363.0","WASA EPS, AY"," -726","H,G,S"
"AYM00089016","2014-08-22","-73.117","-13.15","363.0","WASA EPS, AY"," -738","H,G,S"
"AYM00089016","2014-08-23","-73.117","-13.15","363.0","WASA EPS, AY"," -696","H,G,S"
"AYM00089016","2014-08-24","-73.117","-13.15","363.0","WASA EPS, AY"," -686","H,G,S"
"AYM00089016","2014-08-25","-73.117","-13.15","363.0","WASA EPS, AY","  -25","H,,S"
"AYM00089016","2014-08-29","-73.117","-13.15","363.0","WASA EPS, AY"," -747","H,G,S"
"AYM00089016","2014-08-30","-73.117","-13.15","363.0","WASA EPS, AY"," -757","H,G,S"
"AYM00089016","2014-08-31","-73.117","-13.15","363.0","WASA EPS, AY"," -749","H,G,S"
"AYM00089016","2014-09-01","-73.117","-13.15","363.0","WASA EPS, AY"," -734","H,G,S"
"AYM00089016","2014-09-02","-73.117","-13.15","363.0","WASA EPS, AY"," -749","H,G,S"
"AYM00089016","2014-09-03","-73.117","-13.15","363.0","WASA EPS, AY"," -760","H,G,S"
"AYM00089016","2014-09-04","-73.117","-13.15","363.0","WASA EPS, AY"," -774","H,G,S"
"AYM00089016","2014-09-05","-73.117","-13.15","363.0","WASA EPS, AY"," -747","H,G,S"
"AYM00089016","2014-09-06","-73.117","-13.15","363.0","WASA EPS, AY"," -767","H,G,S"
"AYM00089016","2014-09-07","-73.117","-13.15","363.0","WASA EPS, AY"," -772","H,G,S"
"AYM00089016","2014-09-08","-73.117","-13.15","363.0","WASA EPS, AY"," -766","H,G,S"
"AYM00089016","2014-09-09","-73.117","-13.15","363.0","WASA EPS, AY"," -710","H,G,S"
"AYM00089016","2014-09-14","-73.117","-13.15","363.0","WASA EPS, AY"," -489","H,G,S"
"AYM00089016","2014-09-15","-73.117","-13.15","363.0","WASA EPS, AY","  -25","H,,S"
"AYM00089016","2014-09-22","-73.117","-13.15","363.0","WASA EPS, AY","  -25","H,,S"
"AYM00089016","2014-09-23","-73.117","-13.15","363.0","WASA EPS, AY","  -25","H,,S"
"AYM00089016","2014-10-01","-73.117","-13.15","363.0","WASA EPS, AY","  -25","H,,S"
"AYM00089016","2014-10-02","-73.117","-13.15","363.0","WASA EPS, AY","  -25","H,,S"
"AYM00089016","2014-10-15","-73.117","-13.15","363.0","WASA EPS, AY","  -25","H,,S"
"AYM00089016","2014-10-16","-73.117","-13.15","363.0","WASA EPS, AY","  -25","H,,S"
"AYM00089016","2014-10-25","-73.117","-13.15","363.0","WASA EPS, AY","  -25","H,,S"
"AYM00089016","2014-11-02","-73.117","-13.15","363.0","WASA EPS, AY","  -25","H,,S"
"AYM00089016","2014-11-13","-73.117","-13.15","363.0","WASA EPS, AY","  -25","H,,S"
"AYM00089016","2014-11-14","-73.117","-13.15","363.0","WASA EPS, AY","  -25","H,,S"
"AYM00089016","2014-11-16","-73.117","-13.15","363.0","WASA EPS, AY","  -25","H,,S"
"AYM00089016","2014-11-19","-73.117","-13.15","363.0","WASA EPS, AY","  -25","H,,S"
"AYM00089016","2014-11-26","-73.117","-13.15","363.0","WASA EPS, AY","  -25","H,,S"
"AYM00089016","2014-11-29","-73.117","-13.15","363.0","WASA EPS, AY","  -25","H,,S"
"AYM00089016","2014-11-30","-73.117","-13.15","363.0","WASA EPS, AY","  -25","H,,S"
