"STATION","DATE","LATITUDE","LONGITUDE","ELEVATION","NAME","TMAX","TMAX_ATTRIBUTES","TMIN","TMIN_ATTRIBUTES","TAVG","TAVG_ATTRIBUTES"
"AYM00089577","1996-02-01","-80.37","77.37","4084.0","DOME PLATEAU DOME A, AY",,,,," -196","H,,S"
"AYM00089577","1996-02-02","-80.37","77.37","4084.0","DOME PLATEAU DOME A, AY",,,,," -222","H,,S"
"AYM00089577","1996-02-03","-80.37","77.37","4084.0","DOME PLATEAU DOME A, AY",,,,," -226","H,,S"
"AYM00089577","1996-02-04","-80.37","77.37","4084.0","DOME PLATEAU DOME A, AY",,,,," -184","H,,S"
"AYM00089577","1996-02-05","-80.37","77.37","4084.0","DOME PLATEAU DOME A, AY",,,,," -205","H,,S"
"AYM00089577","1996-02-06","-80.37","77.37","4084.0","DOME PLATEAU DOME A, AY",,,,," -262","H,,S"
"AYM00089577","1996-02-07","-80.37","77.37","4084.0","DOME PLATEAU DOME A, AY",,,,," -221","H,,S"
"AYM00089577","1996-02-08","-80.37","77.37","4084.0","DOME PLATEAU DOME A, AY",,,,," -177","H,,S"
"AYM00089577","1996-02-09","-80.37","77.37","4084.0","DOME PLATEAU DOME A, AY",,,,," -182","H,,S"
"AYM00089577","1996-02-10","-80.37","77.37","4084.0","DOME PLATEAU DOME A, AY",,,,," -229","H,,S"
"AYM00089577","1996-02-11","-80.37","77.37","4084.0","DOME PLATEAU DOME A, AY",,,,," -218","H,,S"
"AYM00089577","1996-02-12","-80.37","77.37","4084.0","DOME PLATEAU DOME A, AY",,,,," -254","H,,S"
"AYM00089577","1996-02-13","-80.37","77.37","4084.0","DOME PLATEAU DOME A, AY",,,,," -290","H,,S"
"AYM00089577","1996-02-14","-80.37","77.37","4084.0","DOME PLATEAU DOME A, AY",,,,," -302","H,,S"
"AYM00089577","1996-02-15","-80.37","77.37","4084.0","DOME PLATEAU DOME A, AY",,,,," -314","H,,S"
"AYM00089577","1996-02-16","-80.37","77.37","4084.0","DOME PLATEAU DOME A, AY",,,,," -332","H,,S"
"AYM00089577","1996-02-17","-80.37","77.37","4084.0","DOME PLATEAU DOME A, AY",,,,," -338","H,,S"
"AYM00089577","1996-02-18","-80.37","77.37","4084.0","DOME PLATEAU DOME A, AY",,,,," -337","H,,S"
"AYM00089577","1996-02-19","-80.37","77.37","4084.0","DOME PLATEAU DOME A, AY",,,,," -255","H,,S"
"AYM00089577","1996-02-20","-80.37","77.37","4084.0","DOME PLATEAU DOME A, AY",,,,," -300","H,,S"
"AYM00089577","1996-02-21","-80.37","77.37","4084.0","DOME PLATEAU DOME A, AY",,,,," -289","H,,S"
"AYM00089577","1996-02-22","-80.37","77.37","4084.0","DOME PLATEAU DOME A, AY",,,,," -322","H,,S"
"AYM00089577","1996-02-23","-80.37","77.37","4084.0","DOME PLATEAU DOME A, AY",,,,," -365","H,,S"
"AYM00089577","1996-02-24","-80.37","77.37","4084.0","DOME PLATEAU DOME A, AY",,,,," -333","H,,S"
"AYM00089577","1996-02-25","-80.37","77.37","4084.0","DOME PLATEAU DOME A, AY",,,,," -264","H,,S"
"AYM00089577","1996-02-26","-80.37","77.37","4084.0","DOME PLATEAU DOME A, AY",,,,," -301","H,,S"
"AYM00089577","1996-02-27","-80.37","77.37","4084.0","DOME PLATEAU DOME A, AY",,,,," -326","H,,S"
"AYM00089577","1996-02-28","-80.37","77.37","4084.0","DOME PLATEAU DOME A, AY",,,,," -344","H,,S"
"AYM00089577","1996-02-29","-80.37","77.37","4084.0","DOME PLATEAU DOME A, AY",,,,," -301","H,,S"
"AYM00089577","1996-03-01","-80.37","77.37","4084.0","DOME PLATEAU DOME A, AY",,,,," -264","H,,S"
"AYM00089577","1996-03-02","-80.37","77.37","4084.0","DOME PLATEAU DOME A, AY",,,,," -310","H,,S"
"AYM00089577","1996-03-03","-80.37","77.37","4084.0","DOME PLATEAU DOME A, AY",,,,," -350","H,,S"
"AYM00089577","1996-03-04","-80.37","77.37","4084.0","DOME PLATEAU DOME A, AY",,,,," -384","H,,S"
"AYM00089577","1996-03-05","-80.37","77.37","4084.0","DOME PLATEAU DOME A, AY",,,,," -383","H,,S"
"AYM00089577","1996-03-06","-80.37","77.37","4084.0","DOME PLATEAU DOME A, AY",,,,," -381","H,,S"
"AYM00089577","1996-03-07","-80.37","77.37","4084.0","DOME PLATEAU DOME A, AY",,,,," -408","H,,S"
"AYM00089577","1996-03-08","-80.37","77.37","4084.0","DOME PLATEAU DOME A, AY",,,,," -383","H,,S"
"AYM00089577","1996-03-09","-80.37","77.37","4084.0","DOME PLATEAU DOME A, AY",,,,," -383","H,,S"
"AYM00089577","1996-03-10","-80.37","77.37","4084.0","DOME PLATEAU DOME A, AY",,,,," -371","H,,S"
"AYM00089577","1996-03-11","-80.37","77.37","4084.0","DOME PLATEAU DOME A, AY",,,,," -369","H,,S"
"AYM00089577","1996-03-12","-80.37","77.37","4084.0","DOME PLATEAU DOME A, AY",,,,," -399","H,,S"
"AYM00089577","1996-03-13","-80.37","77.37","4084.0","DOME PLATEAU DOME A, AY",,,,," -422","H,,S"
"AYM00089577","1996-03-14","-80.37","77.37","4084.0","DOME PLATEAU DOME A, AY",,,,," -422","H,,S"
"AYM00089577","1996-03-15","-80.37","77.37","4084.0","DOME PLATEAU DOME A, AY",,,,," -408","H,,S"
"AYM00089577","1996-03-16","-80.37","77.37","4084.0","DOME PLATEAU DOME A, AY",,,,," -333","H,,S"
"AYM00089577","1996-03-17","-80.37","77.37","4084.0","DOME PLATEAU DOME A, AY",,,,," -300","H,,S"
"AYM00089577","1996-03-18","-80.37","77.37","4084.0","DOME PLATEAU DOME A, AY",,,,," -267","H,,S"
"AYM00089577","1996-03-19","-80.37","77.37","4084.0","DOME PLATEAU DOME A, AY",,,,," -296","H,,S"
"AYM00089577","1996-03-20","-80.37","77.37","4084.0","DOME PLATEAU DOME A, AY",,,,," -310","H,,S"
"AYM00089577","1996-03-21","-80.37","77.37","4084.0","DOME PLATEAU DOME A, AY",,,,," -327","H,,S"
"AYM00089577","1996-03-22","-80.37","77.37","4084.0","DOME PLATEAU DOME A, AY",,,,," -348","H,,S"
"AYM00089577","1996-03-23","-80.37","77.37","4084.0","DOME PLATEAU DOME A, AY",,,,," -366","H,,S"
"AYM00089577","1996-03-24","-80.37","77.37","4084.0","DOME PLATEAU DOME A, AY",,,,," -419","H,,S"
"AYM00089577","1996-03-25","-80.37","77.37","4084.0","DOME PLATEAU DOME A, AY",,,,," -452","H,,S"
"AYM00089577","1996-03-26","-80.37","77.37","4084.0","DOME PLATEAU DOME A, AY",,,,," -464","H,,S"
"AYM00089577","1996-03-27","-80.37","77.37","4084.0","DOME PLATEAU DOME A, AY",,,,," -471","H,,S"
"AYM00089577","1996-03-28","-80.37","77.37","4084.0","DOME PLATEAU DOME A, AY",,,,," -468","H,,S"
"AYM00089577","1996-03-29","-80.37","77.37","4084.0","DOME PLATEAU DOME A, AY",,,,," -400","H,,S"
"AYM00089577","1996-03-30","-80.37","77.37","4084.0","DOME PLATEAU DOME A, AY",,,,," -318","H,,S"
"AYM00089577","1996-03-31","-80.37","77.37","4084.0","DOME PLATEAU DOME A, AY",,,,," -386","H,,S"
"AYM00089577","1996-04-01","-80.37","77.37","4084.0","DOME PLATEAU DOME A, AY",,,,," -363","H,,S"
"AYM00089577","1996-04-02","-80.37","77.37","4084.0","DOME PLATEAU DOME A, AY",,,,," -389","H,,S"
"AYM00089577","1996-04-03","-80.37","77.37","4084.0","DOME PLATEAU DOME A, AY",,,,," -381","H,,S"
"AYM00089577","1996-04-04","-80.37","77.37","4084.0","DOME PLATEAU DOME A, AY",,,,," -467","H,,S"
"AYM00089577","1996-04-05","-80.37","77.37","4084.0","DOME PLATEAU DOME A, AY",,,,," -438","H,,S"
"AYM00089577","1996-04-06","-80.37","77.37","4084.0","DOME PLATEAU DOME A, AY",,,,," -431","H,,S"
"AYM00089577","1996-04-07","-80.37","77.37","4084.0","DOME PLATEAU DOME A, AY",,,,," -408","H,,S"
"AYM00089577","1996-04-08","-80.37","77.37","4084.0","DOME PLATEAU DOME A, AY",,,,," -375","H,,S"
"AYM00089577","1996-04-09","-80.37","77.37","4084.0","DOME PLATEAU DOME A, AY",,,,," -359","H,,S"
"AYM00089577","1996-04-10","-80.37","77.37","4084.0","DOME PLATEAU DOME A, AY",,,,," -457","H,,S"
"AYM00089577","1996-04-11","-80.37","77.37","4084.0","DOME PLATEAU DOME A, AY",,,,," -323","H,,S"
"AYM00089577","1996-04-12","-80.37","77.37","4084.0","DOME PLATEAU DOME A, AY",,,,," -310","H,,S"
"AYM00089577","1996-04-13","-80.37","77.37","4084.0","DOME PLATEAU DOME A, AY",,,,," -443","H,,S"
"AYM00089577","1996-04-14","-80.37","77.37","4084.0","DOME PLATEAU DOME A, AY",,,,," -478","H,,S"
"AYM00089577","1996-04-15","-80.37","77.37","4084.0","DOME PLATEAU DOME A, AY",,,,," -447","H,,S"
"AYM00089577","1996-04-16","-80.37","77.37","4084.0","DOME PLATEAU DOME A, AY",,,,," -435","H,,S"
"AYM00089577","1996-04-17","-80.37","77.37","4084.0","DOME PLATEAU DOME A, AY",,,,," -444","H,,S"
"AYM00089577","1996-04-18","-80.37","77.37","4084.0","DOME PLATEAU DOME A, AY",,,,," -358","H,,S"
"AYM00089577","1996-04-19","-80.37","77.37","4084.0","DOME PLATEAU DOME A, AY",,,,," -432","H,,S"
"AYM00089577","1996-04-20","-80.37","77.37","4084.0","DOME PLATEAU DOME A, AY",,,,," -362","H,,S"
"AYM00089577","1996-04-21","-80.37","77.37","4084.0","DOME PLATEAU DOME A, AY",,,,," -409","H,,S"
"AYM00089577","1996-04-22","-80.37","77.37","4084.0","DOME PLATEAU DOME A, AY",,,,," -425","H,,S"
"AYM00089577","1996-04-23","-80.37","77.37","4084.0","DOME PLATEAU DOME A, AY",,,,," -444","H,,S"
"AYM00089577","1996-04-24","-80.37","77.37","4084.0","DOME PLATEAU DOME A, AY",,,,," -464","H,,S"
"AYM00089577","1996-04-25","-80.37","77.37","4084.0","DOME PLATEAU DOME A, AY",,,,," -482","H,,S"
"AYM00089577","1996-04-26","-80.37","77.37","4084.0","DOME PLATEAU DOME A, AY",,,,," -359","H,,S"
"AYM00089577","1996-04-27","-80.37","77.37","4084.0","DOME PLATEAU DOME A, AY",,,,," -432","H,,S"
"AYM00089577","1996-04-28","-80.37","77.37","4084.0","DOME PLATEAU DOME A, AY",,,,," -471","H,,S"
"AYM00089577","1996-04-29","-80.37","77.37","4084.0","DOME PLATEAU DOME A, AY",,,,," -477","H,,S"
"AYM00089577","1996-04-30","-80.37","77.37","4084.0","DOME PLATEAU DOME A, AY",,,,," -465","H,,S"
"AYM00089577","1996-05-01","-80.37","77.37","4084.0","DOME PLATEAU DOME A, AY",,,,," -457","H,,S"
"AYM00089577","1996-05-02","-80.37","77.37","4084.0","DOME PLATEAU DOME A, AY",,,,," -451","H,,S"
"AYM00089577","1996-05-03","-80.37","77.37","4084.0","DOME PLATEAU DOME A, AY",,,,," -473","H,,S"
"AYM00089577","1996-05-04","-80.37","77.37","4084.0","DOME PLATEAU DOME A, AY",,,,," -513","H,,S"
"AYM00089577","1996-05-05","-80.37","77.37","4084.0","DOME PLATEAU DOME A, AY",,,,," -486","H,,S"
"AYM00089577","1996-05-06","-80.37","77.37","4084.0","DOME PLATEAU DOME A, AY",,,,," -487","H,,S"
"AYM00089577","1996-05-07","-80.37","77.37","4084.0","DOME PLATEAU DOME A, AY",,,,," -523","H,,S"
"AYM00089577","1996-05-08","-80.37","77.37","4084.0","DOME PLATEAU DOME A, AY",,,,," -504","H,,S"
"AYM00089577","1996-05-09","-80.37","77.37","4084.0","DOME PLATEAU DOME A, AY",,,,," -474","H,,S"
"AYM00089577","1996-05-10","-80.37","77.37","4084.0","DOME PLATEAU DOME A, AY",,,,," -536","H,,S"
"AYM00089577","1996-05-11","-80.37","77.37","4084.0","DOME PLATEAU DOME A, AY",,,,," -510","H,,S"
"AYM00089577","1996-05-12","-80.37","77.37","4084.0","DOME PLATEAU DOME A, AY",,,,," -518","H,,S"
"AYM00089577","1996-05-13","-80.37","77.37","4084.0","DOME PLATEAU DOME A, AY",,,,," -549","H,,S"
"AYM00089577","1996-05-14","-80.37","77.37","4084.0","DOME PLATEAU DOME A, AY",,,,," -492","H,,S"
"AYM00089577","1996-05-15","-80.37","77.37","4084.0","DOME PLATEAU DOME A, AY",,,,," -522","H,,S"
"AYM00089577","1996-05-16","-80.37","77.37","4084.0","DOME PLATEAU DOME A, AY",,,,," -498","H,,S"
"AYM00089577","1996-05-17","-80.37","77.37","4084.0","DOME PLATEAU DOME A, AY",,,,," -501","H,,S"
"AYM00089577","1996-05-18","-80.37","77.37","4084.0","DOME PLATEAU DOME A, AY",,,,," -513","H,,S"
"AYM00089577","1996-05-19","-80.37","77.37","4084.0","DOME PLATEAU DOME A, AY",,,,," -414","H,,S"
"AYM00089577","1996-05-20","-80.37","77.37","4084.0","DOME PLATEAU DOME A, AY",,,,," -342","H,,S"
"AYM00089577","1996-05-21","-80.37","77.37","4084.0","DOME PLATEAU DOME A, AY",,,,," -317","H,,S"
"AYM00089577","1996-05-22","-80.37","77.37","4084.0","DOME PLATEAU DOME A, AY",,,,," -353","H,,S"
"AYM00089577","1996-05-23","-80.37","77.37","4084.0","DOME PLATEAU DOME A, AY",,,,," -401","H,,S"
"AYM00089577","1996-05-24","-80.37","77.37","4084.0","DOME PLATEAU DOME A, AY",,,,," -443","H,,S"
"AYM00089577","1996-05-25","-80.37","77.37","4084.0","DOME PLATEAU DOME A, AY",,,,," -456","H,,S"
"AYM00089577","1996-05-26","-80.37","77.37","4084.0","DOME PLATEAU DOME A, AY",,,,," -498","H,,S"
"AYM00089577","1996-05-27","-80.37","77.37","4084.0","DOME PLATEAU DOME A, AY",,,,," -556","H,,S"
"AYM00089577","1996-05-28","-80.37","77.37","4084.0","DOME PLATEAU DOME A, AY",,,,," -474","H,,S"
"AYM00089577","1996-05-29","-80.37","77.37","4084.0","DOME PLATEAU DOME A, AY",,,,," -461","H,,S"
"AYM00089577","1996-05-30","-80.37","77.37","4084.0","DOME PLATEAU DOME A, AY",,,,," -480","H,,S"
"AYM00089577","1996-05-31","-80.37","77.37","4084.0","DOME PLATEAU DOME A, AY",,,,," -441","H,,S"
"AYM00089577","1996-06-01","-80.37","77.37","4084.0","DOME PLATEAU DOME A, AY",,,,," -450","H,,S"
"AYM00089577","1996-06-02","-80.37","77.37","4084.0","DOME PLATEAU DOME A, AY",,,,," -502","H,,S"
"AYM00089577","1996-06-03","-80.37","77.37","4084.0","DOME PLATEAU DOME A, AY",,,,," -509","H,,S"
"AYM00089577","1996-06-04","-80.37","77.37","4084.0","DOME PLATEAU DOME A, AY",,,,," -534","H,,S"
"AYM00089577","1996-06-05","-80.37","77.37","4084.0","DOME PLATEAU DOME A, AY",,,,," -512","H,,S"
"AYM00089577","1996-06-06","-80.37","77.37","4084.0","DOME PLATEAU DOME A, AY",,,,," -433","H,,S"
"AYM00089577","1996-06-07","-80.37","77.37","4084.0","DOME PLATEAU DOME A, AY",,,,," -319","H,,S"
"AYM00089577","1996-06-08","-80.37","77.37","4084.0","DOME PLATEAU DOME A, AY",,,,," -339","H,,S"
"AYM00089577","1996-06-09","-80.37","77.37","4084.0","DOME PLATEAU DOME A, AY",,,,," -344","H,,S"
"AYM00089577","1996-06-10","-80.37","77.37","4084.0","DOME PLATEAU DOME A, AY",,,,," -404","H,,S"
"AYM00089577","1996-06-11","-80.37","77.37","4084.0","DOME PLATEAU DOME A, AY",,,,," -428","H,,S"
"AYM00089577","1996-06-12","-80.37","77.37","4084.0","DOME PLATEAU DOME A, AY",,,,," -441","H,,S"
"AYM00089577","1996-06-13","-80.37","77.37","4084.0","DOME PLATEAU DOME A, AY",,,,," -465","H,,S"
"AYM00089577","1996-06-14","-80.37","77.37","4084.0","DOME PLATEAU DOME A, AY",,,,," -534","H,,S"
"AYM00089577","1996-06-15","-80.37","77.37","4084.0","DOME PLATEAU DOME A, AY",,,,," -546","H,,S"
"AYM00089577","1996-06-16","-80.37","77.37","4084.0","DOME PLATEAU DOME A, AY",,,,," -521","H,,S"
"AYM00089577","1996-06-17","-80.37","77.37","4084.0","DOME PLATEAU DOME A, AY",,,,," -530","H,,S"
"AYM00089577","1996-06-18","-80.37","77.37","4084.0","DOME PLATEAU DOME A, AY",,,,," -537","H,,S"
"AYM00089577","1996-06-19","-80.37","77.37","4084.0","DOME PLATEAU DOME A, AY",,,,," -484","H,,S"
"AYM00089577","1996-06-20","-80.37","77.37","4084.0","DOME PLATEAU DOME A, AY",,,,," -378","H,,S"
"AYM00089577","1996-06-21","-80.37","77.37","4084.0","DOME PLATEAU DOME A, AY",,,,," -436","H,,S"
"AYM00089577","1996-06-22","-80.37","77.37","4084.0","DOME PLATEAU DOME A, AY",,,,," -462","H,,S"
"AYM00089577","1996-06-23","-80.37","77.37","4084.0","DOME PLATEAU DOME A, AY",,,,," -395","H,,S"
"AYM00089577","1996-06-24","-80.37","77.37","4084.0","DOME PLATEAU DOME A, AY",,,,," -315","H,,S"
"AYM00089577","1996-06-25","-80.37","77.37","4084.0","DOME PLATEAU DOME A, AY",,,,," -411","H,,S"
"AYM00089577","1996-06-26","-80.37","77.37","4084.0","DOME PLATEAU DOME A, AY",,,,," -489","H,,S"
"AYM00089577","1996-06-27","-80.37","77.37","4084.0","DOME PLATEAU DOME A, AY",,,,," -392","H,,S"
"AYM00089577","1996-06-28","-80.37","77.37","4084.0","DOME PLATEAU DOME A, AY",,,,," -404","H,,S"
"AYM00089577","1996-06-29","-80.37","77.37","4084.0","DOME PLATEAU DOME A, AY",,,,," -349","H,,S"
"AYM00089577","1996-06-30","-80.37","77.37","4084.0","DOME PLATEAU DOME A, AY",,,,," -419","H,,S"
"AYM00089577","1996-07-01","-80.37","77.37","4084.0","DOME PLATEAU DOME A, AY",,,,," -481","H,,S"
"AYM00089577","1996-07-02","-80.37","77.37","4084.0","DOME PLATEAU DOME A, AY",,,,," -448","H,,S"
"AYM00089577","1996-07-03","-80.37","77.37","4084.0","DOME PLATEAU DOME A, AY",,,,," -424","H,,S"
"AYM00089577","1996-07-04","-80.37","77.37","4084.0","DOME PLATEAU DOME A, AY",,,,," -422","H,,S"
"AYM00089577","1996-07-05","-80.37","77.37","4084.0","DOME PLATEAU DOME A, AY",,,,," -481","H,,S"
"AYM00089577","1996-07-06","-80.37","77.37","4084.0","DOME PLATEAU DOME A, AY",,,,," -490","H,,S"
"AYM00089577","1996-07-07","-80.37","77.37","4084.0","DOME PLATEAU DOME A, AY",,,,," -501","H,,S"
"AYM00089577","1996-07-08","-80.37","77.37","4084.0","DOME PLATEAU DOME A, AY",,,,," -392","H,,S"
"AYM00089577","1996-07-09","-80.37","77.37","4084.0","DOME PLATEAU DOME A, AY",,,,," -378","H,,S"
"AYM00089577","1996-07-10","-80.37","77.37","4084.0","DOME PLATEAU DOME A, AY",,,,," -398","H,,S"
"AYM00089577","1996-07-11","-80.37","77.37","4084.0","DOME PLATEAU DOME A, AY",,,,," -424","H,,S"
"AYM00089577","1996-07-12","-80.37","77.37","4084.0","DOME PLATEAU DOME A, AY",,,,," -432","H,,S"
"AYM00089577","1996-07-13","-80.37","77.37","4084.0","DOME PLATEAU DOME A, AY",,,,," -429","H,,S"
"AYM00089577","1996-07-14","-80.37","77.37","4084.0","DOME PLATEAU DOME A, AY",,,,," -421","H,,S"
"AYM00089577","1996-07-15","-80.37","77.37","4084.0","DOME PLATEAU DOME A, AY",,,,," -498","H,,S"
"AYM00089577","1996-07-16","-80.37","77.37","4084.0","DOME PLATEAU DOME A, AY",,,,," -509","H,,S"
"AYM00089577","1996-07-17","-80.37","77.37","4084.0","DOME PLATEAU DOME A, AY",,,,," -516","H,,S"
"AYM00089577","1996-07-22","-80.37","77.37","4084.0","DOME PLATEAU DOME A, AY",,,,," -428","H,,S"
"AYM00089577","1996-07-23","-80.37","77.37","4084.0","DOME PLATEAU DOME A, AY",,,,," -453","H,,S"
"AYM00089577","1996-07-24","-80.37","77.37","4084.0","DOME PLATEAU DOME A, AY",,,,," -461","H,,S"
"AYM00089577","1996-07-25","-80.37","77.37","4084.0","DOME PLATEAU DOME A, AY",,,,," -458","H,,S"
"AYM00089577","1996-07-26","-80.37","77.37","4084.0","DOME PLATEAU DOME A, AY",,,,," -452","H,,S"
"AYM00089577","1996-07-27","-80.37","77.37","4084.0","DOME PLATEAU DOME A, AY",,,,," -435","H,,S"
"AYM00089577","1996-07-28","-80.37","77.37","4084.0","DOME PLATEAU DOME A, AY",,,,," -473","H,,S"
"AYM00089577","1996-07-29","-80.37","77.37","4084.0","DOME PLATEAU DOME A, AY",,,,," -382","H,,S"
"AYM00089577","1996-07-30","-80.37","77.37","4084.0","DOME PLATEAU DOME A, AY",,,,," -357","H,,S"
"AYM00089577","1996-07-31","-80.37","77.37","4084.0","DOME PLATEAU DOME A, AY",,,,," -412","H,,S"
"AYM00089577","1996-08-01","-80.37","77.37","4084.0","DOME PLATEAU DOME A, AY",,,,," -348","H,,S"
"AYM00089577","1996-08-02","-80.37","77.37","4084.0","DOME PLATEAU DOME A, AY",,,,," -336","H,,S"
"AYM00089577","1996-08-03","-80.37","77.37","4084.0","DOME PLATEAU DOME A, AY",,,,," -391","H,,S"
"AYM00089577","1996-08-04","-80.37","77.37","4084.0","DOME PLATEAU DOME A, AY",,,,," -436","H,,S"
"AYM00089577","1996-08-05","-80.37","77.37","4084.0","DOME PLATEAU DOME A, AY",,,,," -332","H,,S"
"AYM00089577","1996-08-06","-80.37","77.37","4084.0","DOME PLATEAU DOME A, AY",,,,," -373","H,,S"
"AYM00089577","1996-08-07","-80.37","77.37","4084.0","DOME PLATEAU DOME A, AY",,,,," -457","H,,S"
"AYM00089577","1996-08-08","-80.37","77.37","4084.0","DOME PLATEAU DOME A, AY",,,,," -458","H,,S"
"AYM00089577","1996-08-09","-80.37","77.37","4084.0","DOME PLATEAU DOME A, AY",,,,," -403","H,,S"
"AYM00089577","1996-08-10","-80.37","77.37","4084.0","DOME PLATEAU DOME A, AY",,,,," -368","H,,S"
"AYM00089577","1996-08-11","-80.37","77.37","4084.0","DOME PLATEAU DOME A, AY",,,,," -281","H,,S"
"AYM00089577","1996-08-12","-80.37","77.37","4084.0","DOME PLATEAU DOME A, AY",,,,," -310","H,,S"
"AYM00089577","1996-08-13","-80.37","77.37","4084.0","DOME PLATEAU DOME A, AY",,,,," -366","H,,S"
"AYM00089577","1996-08-14","-80.37","77.37","4084.0","DOME PLATEAU DOME A, AY",,,,," -435","H,,S"
"AYM00089577","1996-08-15","-80.37","77.37","4084.0","DOME PLATEAU DOME A, AY",,,,," -448","H,,S"
"AYM00089577","1996-08-16","-80.37","77.37","4084.0","DOME PLATEAU DOME A, AY",,,,," -463","H,,S"
"AYM00089577","1996-08-17","-80.37","77.37","4084.0","DOME PLATEAU DOME A, AY",,,,," -454","H,,S"
"AYM00089577","1996-08-18","-80.37","77.37","4084.0","DOME PLATEAU DOME A, AY",,,,," -440","H,,S"
"AYM00089577","1996-08-19","-80.37","77.37","4084.0","DOME PLATEAU DOME A, AY",,,,," -358","H,,S"
"AYM00089577","1996-08-20","-80.37","77.37","4084.0","DOME PLATEAU DOME A, AY",,,,," -355","H,,S"
"AYM00089577","1996-08-21","-80.37","77.37","4084.0","DOME PLATEAU DOME A, AY",,,,," -363","H,,S"
"AYM00089577","1996-08-22","-80.37","77.37","4084.0","DOME PLATEAU DOME A, AY",,,,," -344","H,,S"
"AYM00089577","1996-08-23","-80.37","77.37","4084.0","DOME PLATEAU DOME A, AY",,,,," -260","H,,S"
"AYM00089577","1996-08-24","-80.37","77.37","4084.0","DOME PLATEAU DOME A, AY",,,,," -279","H,,S"
"AYM00089577","1996-08-25","-80.37","77.37","4084.0","DOME PLATEAU DOME A, AY",,,,," -374","H,,S"
"AYM00089577","1996-08-26","-80.37","77.37","4084.0","DOME PLATEAU DOME A, AY",,,,," -278","H,,S"
"AYM00089577","1996-08-27","-80.37","77.37","4084.0","DOME PLATEAU DOME A, AY",,,,," -314","H,,S"
"AYM00089577","1996-08-28","-80.37","77.37","4084.0","DOME PLATEAU DOME A, AY",,,,," -296","H,,S"
"AYM00089577","1996-08-29","-80.37","77.37","4084.0","DOME PLATEAU DOME A, AY",,,,," -291","H,,S"
"AYM00089577","1996-08-30","-80.37","77.37","4084.0","DOME PLATEAU DOME A, AY",,,,," -341","H,,S"
"AYM00089577","1996-08-31","-80.37","77.37","4084.0","DOME PLATEAU DOME A, AY",,,,," -434","H,,S"
"AYM00089577","1996-09-01","-80.37","77.37","4084.0","DOME PLATEAU DOME A, AY",,,,," -458","H,,S"
"AYM00089577","1996-09-02","-80.37","77.37","4084.0","DOME PLATEAU DOME A, AY",,,,," -457","H,,S"
"AYM00089577","1996-09-03","-80.37","77.37","4084.0","DOME PLATEAU DOME A, AY",,,,," -449","H,,S"
"AYM00089577","1996-09-04","-80.37","77.37","4084.0","DOME PLATEAU DOME A, AY",,,,," -430","H,,S"
"AYM00089577","1996-09-05","-80.37","77.37","4084.0","DOME PLATEAU DOME A, AY",,,,," -428","H,,S"
"AYM00089577","1996-09-06","-80.37","77.37","4084.0","DOME PLATEAU DOME A, AY",,,,," -407","H,,S"
"AYM00089577","1996-09-07","-80.37","77.37","4084.0","DOME PLATEAU DOME A, AY",,,,," -389","H,,S"
"AYM00089577","1996-09-08","-80.37","77.37","4084.0","DOME PLATEAU DOME A, AY",,,,," -283","H,,S"
"AYM00089577","1996-09-09","-80.37","77.37","4084.0","DOME PLATEAU DOME A, AY",,,,," -264","H,,S"
"AYM00089577","1996-09-10","-80.37","77.37","4084.0","DOME PLATEAU DOME A, AY",,,,," -306","H,,S"
"AYM00089577","1996-09-11","-80.37","77.37","4084.0","DOME PLATEAU DOME A, AY",,,,," -384","H,,S"
"AYM00089577","1996-09-12","-80.37","77.37","4084.0","DOME PLATEAU DOME A, AY",,,,," -421","H,,S"
"AYM00089577","1996-09-13","-80.37","77.37","4084.0","DOME PLATEAU DOME A, AY",,,,," -400","H,,S"
"AYM00089577","1996-09-14","-80.37","77.37","4084.0","DOME PLATEAU DOME A, AY",,,,," -342","H,,S"
"AYM00089577","1996-09-15","-80.37","77.37","4084.0","DOME PLATEAU DOME A, AY",,,,," -425","H,,S"
"AYM00089577","1996-09-16","-80.37","77.37","4084.0","DOME PLATEAU DOME A, AY",,,,," -454","H,,S"
"AYM00089577","1996-09-17","-80.37","77.37","4084.0","DOME PLATEAU DOME A, AY",,,,," -471","H,,S"
"AYM00089577","1996-09-18","-80.37","77.37","4084.0","DOME PLATEAU DOME A, AY",,,,," -454","H,,S"
"AYM00089577","1996-09-19","-80.37","77.37","4084.0","DOME PLATEAU DOME A, AY",,,,," -503","H,,S"
"AYM00089577","1996-09-20","-80.37","77.37","4084.0","DOME PLATEAU DOME A, AY",,,,," -491","H,,S"
"AYM00089577","1996-09-21","-80.37","77.37","4084.0","DOME PLATEAU DOME A, AY",,,,," -466","H,,S"
"AYM00089577","1996-09-22","-80.37","77.37","4084.0","DOME PLATEAU DOME A, AY",,,,," -407","H,,S"
"AYM00089577","1996-09-23","-80.37","77.37","4084.0","DOME PLATEAU DOME A, AY",,,,," -423","H,,S"
"AYM00089577","1996-09-24","-80.37","77.37","4084.0","DOME PLATEAU DOME A, AY",,,,," -446","H,,S"
"AYM00089577","1996-09-25","-80.37","77.37","4084.0","DOME PLATEAU DOME A, AY",,,,," -425","H,,S"
"AYM00089577","1996-09-26","-80.37","77.37","4084.0","DOME PLATEAU DOME A, AY",,,,," -469","H,,S"
"AYM00089577","1996-09-27","-80.37","77.37","4084.0","DOME PLATEAU DOME A, AY",,,,," -499","H,,S"
"AYM00089577","1996-09-28","-80.37","77.37","4084.0","DOME PLATEAU DOME A, AY",,,,," -515","H,,S"
"AYM00089577","1996-09-29","-80.37","77.37","4084.0","DOME PLATEAU DOME A, AY",,,,," -517","H,,S"
"AYM00089577","1996-09-30","-80.37","77.37","4084.0","DOME PLATEAU DOME A, AY",,,,," -498","H,,S"
"AYM00089577","1996-10-01","-80.37","77.37","4084.0","DOME PLATEAU DOME A, AY",,,,," -404","H,,S"
"AYM00089577","1996-10-02","-80.37","77.37","4084.0","DOME PLATEAU DOME A, AY",,,,," -384","H,,S"
"AYM00089577","1996-10-03","-80.37","77.37","4084.0","DOME PLATEAU DOME A, AY",,,,," -406","H,,S"
"AYM00089577","1996-10-04","-80.37","77.37","4084.0","DOME PLATEAU DOME A, AY",,,,," -407","H,,S"
"AYM00089577","1996-10-05","-80.37","77.37","4084.0","DOME PLATEAU DOME A, AY",,,,," -454","H,,S"
"AYM00089577","1996-10-06","-80.37","77.37","4084.0","DOME PLATEAU DOME A, AY",,,,," -431","H,,S"
"AYM00089577","1996-10-07","-80.37","77.37","4084.0","DOME PLATEAU DOME A, AY",,,,," -438","H,,S"
"AYM00089577","1996-10-08","-80.37","77.37","4084.0","DOME PLATEAU DOME A, AY",,,,," -383","H,,S"
"AYM00089577","1996-10-09","-80.37","77.37","4084.0","DOME PLATEAU DOME A, AY",,,,," -254","H,,S"
"AYM00089577","1996-10-10","-80.37","77.37","4084.0","DOME PLATEAU DOME A, AY",,,,," -303","H,,S"
"AYM00089577","1996-10-11","-80.37","77.37","4084.0","DOME PLATEAU DOME A, AY",,,,," -327","H,,S"
"AYM00089577","1996-10-12","-80.37","77.37","4084.0","DOME PLATEAU DOME A, AY",,,,," -342","H,,S"
"AYM00089577","1996-10-13","-80.37","77.37","4084.0","DOME PLATEAU DOME A, AY",,,,," -363","H,,S"
"AYM00089577","1996-10-14","-80.37","77.37","4084.0","DOME PLATEAU DOME A, AY",,,,," -383","H,,S"
"AYM00089577","1996-10-15","-80.37","77.37","4084.0","DOME PLATEAU DOME A, AY",,,,," -416","H,,S"
"AYM00089577","1996-10-16","-80.37","77.37","4084.0","DOME PLATEAU DOME A, AY",,,,," -396","H,,S"
"AYM00089577","1996-10-17","-80.37","77.37","4084.0","DOME PLATEAU DOME A, AY",,,,," -424","H,,S"
"AYM00089577","1996-10-18","-80.37","77.37","4084.0","DOME PLATEAU DOME A, AY",,,,," -456","H,,S"
"AYM00089577","1996-10-19","-80.37","77.37","4084.0","DOME PLATEAU DOME A, AY",,,,," -452","H,,S"
"AYM00089577","1996-10-20","-80.37","77.37","4084.0","DOME PLATEAU DOME A, AY",,,,," -375","H,,S"
"AYM00089577","1996-10-21","-80.37","77.37","4084.0","DOME PLATEAU DOME A, AY",,,,," -376","H,,S"
"AYM00089577","1996-10-22","-80.37","77.37","4084.0","DOME PLATEAU DOME A, AY",,,,," -400","H,,S"
"AYM00089577","1996-10-23","-80.37","77.37","4084.0","DOME PLATEAU DOME A, AY",,,,," -426","H,,S"
"AYM00089577","1996-10-24","-80.37","77.37","4084.0","DOME PLATEAU DOME A, AY",,,,," -392","H,,S"
"AYM00089577","1996-10-25","-80.37","77.37","4084.0","DOME PLATEAU DOME A, AY",,,,," -382","H,,S"
"AYM00089577","1996-10-26","-80.37","77.37","4084.0","DOME PLATEAU DOME A, AY",,,,," -414","H,,S"
"AYM00089577","1996-10-27","-80.37","77.37","4084.0","DOME PLATEAU DOME A, AY",,,,," -420","H,,S"
"AYM00089577","1996-10-28","-80.37","77.37","4084.0","DOME PLATEAU DOME A, AY",,,,," -393","H,,S"
"AYM00089577","1996-10-29","-80.37","77.37","4084.0","DOME PLATEAU DOME A, AY",,,,," -328","H,,S"
"AYM00089577","1996-10-30","-80.37","77.37","4084.0","DOME PLATEAU DOME A, AY",,,,," -278","H,,S"
"AYM00089577","1996-10-31","-80.37","77.37","4084.0","DOME PLATEAU DOME A, AY",,,,," -264","H,,S"
"AYM00089577","1996-11-01","-80.37","77.37","4084.0","DOME PLATEAU DOME A, AY",,,,," -311","H,,S"
"AYM00089577","1996-11-02","-80.37","77.37","4084.0","DOME PLATEAU DOME A, AY",,,,," -347","H,,S"
"AYM00089577","1996-11-03","-80.37","77.37","4084.0","DOME PLATEAU DOME A, AY",,,,," -362","H,,S"
"AYM00089577","1996-11-04","-80.37","77.37","4084.0","DOME PLATEAU DOME A, AY",,,,," -359","H,,S"
"AYM00089577","1996-11-05","-80.37","77.37","4084.0","DOME PLATEAU DOME A, AY",,,,," -332","H,,S"
"AYM00089577","1996-11-06","-80.37","77.37","4084.0","DOME PLATEAU DOME A, AY",,,,," -330","H,,S"
"AYM00089577","1996-11-07","-80.37","77.37","4084.0","DOME PLATEAU DOME A, AY",,,,," -314","H,,S"
"AYM00089577","1996-11-08","-80.37","77.37","4084.0","DOME PLATEAU DOME A, AY",,,,," -309","H,,S"
"AYM00089577","1996-11-09","-80.37","77.37","4084.0","DOME PLATEAU DOME A, AY",,,,," -228","H,,S"
"AYM00089577","1996-11-10","-80.37","77.37","4084.0","DOME PLATEAU DOME A, AY",,,,," -264","H,,S"
"AYM00089577","1996-11-11","-80.37","77.37","4084.0","DOME PLATEAU DOME A, AY",,,,," -251","H,,S"
"AYM00089577","1996-11-12","-80.37","77.37","4084.0","DOME PLATEAU DOME A, AY",,,,," -276","H,,S"
"AYM00089577","1996-11-13","-80.37","77.37","4084.0","DOME PLATEAU DOME A, AY",,,,," -309","H,,S"
"AYM00089577","1996-11-14","-80.37","77.37","4084.0","DOME PLATEAU DOME A, AY",,,,," -281","H,,S"
"AYM00089577","1996-11-15","-80.37","77.37","4084.0","DOME PLATEAU DOME A, AY",,,,," -273","H,,S"
"AYM00089577","1996-11-16","-80.37","77.37","4084.0","DOME PLATEAU DOME A, AY",,,,," -270","H,,S"
"AYM00089577","1996-11-17","-80.37","77.37","4084.0","DOME PLATEAU DOME A, AY",,,,," -261","H,,S"
"AYM00089577","1996-11-18","-80.37","77.37","4084.0","DOME PLATEAU DOME A, AY",,,,," -258","H,,S"
"AYM00089577","1996-11-19","-80.37","77.37","4084.0","DOME PLATEAU DOME A, AY",,,,," -256","H,,S"
"AYM00089577","1996-11-20","-80.37","77.37","4084.0","DOME PLATEAU DOME A, AY",,,,," -253","H,,S"
"AYM00089577","1996-11-21","-80.37","77.37","4084.0","DOME PLATEAU DOME A, AY",,,,," -251","H,,S"
"AYM00089577","1996-11-22","-80.37","77.37","4084.0","DOME PLATEAU DOME A, AY",,,,," -257","H,,S"
"AYM00089577","1996-11-23","-80.37","77.37","4084.0","DOME PLATEAU DOME A, AY",,,,," -256","H,,S"
"AYM00089577","1996-11-24","-80.37","77.37","4084.0","DOME PLATEAU DOME A, AY",,,,," -283","H,,S"
"AYM00089577","1996-11-25","-80.37","77.37","4084.0","DOME PLATEAU DOME A, AY",,,,," -282","H,,S"
"AYM00089577","1996-11-26","-80.37","77.37","4084.0","DOME PLATEAU DOME A, AY",,,,," -265","H,,S"
"AYM00089577","1996-11-27","-80.37","77.37","4084.0","DOME PLATEAU DOME A, AY",,,,," -216","H,,S"
"AYM00089577","1996-11-28","-80.37","77.37","4084.0","DOME PLATEAU DOME A, AY",,,,," -194","H,,S"
"AYM00089577","1996-11-29","-80.37","77.37","4084.0","DOME PLATEAU DOME A, AY",,,,," -209","H,,S"
"AYM00089577","1996-11-30","-80.37","77.37","4084.0","DOME PLATEAU DOME A, AY",,,,," -203","H,,S"
"AYM00089577","1996-12-01","-80.37","77.37","4084.0","DOME PLATEAU DOME A, AY",,,,," -223","H,,S"
"AYM00089577","1996-12-02","-80.37","77.37","4084.0","DOME PLATEAU DOME A, AY",,,,," -225","H,,S"
"AYM00089577","1996-12-03","-80.37","77.37","4084.0","DOME PLATEAU DOME A, AY",,,,," -276","H,,S"
"AYM00089577","1996-12-04","-80.37","77.37","4084.0","DOME PLATEAU DOME A, AY",,,,," -217","H,,S"
"AYM00089577","1996-12-31","-80.37","77.37","4084.0","DOME PLATEAU DOME A, AY",,,,," -194","H,,S"
"AYM00089577","1997-01-01","-80.37","77.37","4084.0","DOME PLATEAU DOME A, AY",,,,," -190","H,,S"
"AYM00089577","1997-01-02","-80.37","77.37","4084.0","DOME PLATEAU DOME A, AY",,,,," -179","H,,S"
"AYM00089577","1997-01-03","-80.37","77.37","4084.0","DOME PLATEAU DOME A, AY",,,,," -183","H,,S"
"AYM00089577","1997-01-04","-80.37","77.37","4084.0","DOME PLATEAU DOME A, AY",,,,," -218","H,,S"
"AYM00089577","1997-01-05","-80.37","77.37","4084.0","DOME PLATEAU DOME A, AY",,,,," -191","H,,S"
"AYM00089577","1997-01-06","-80.37","77.37","4084.0","DOME PLATEAU DOME A, AY",,,,," -174","H,,S"
"AYM00089577","1997-01-07","-80.37","77.37","4084.0","DOME PLATEAU DOME A, AY",,,,," -179","H,,S"
"AYM00089577","1997-01-08","-80.37","77.37","4084.0","DOME PLATEAU DOME A, AY",,,,," -183","H,,S"
"AYM00089577","1997-01-09","-80.37","77.37","4084.0","DOME PLATEAU DOME A, AY",,,,," -187","H,,S"
"AYM00089577","1997-01-10","-80.37","77.37","4084.0","DOME PLATEAU DOME A, AY",,,,," -182","H,,S"
"AYM00089577","1997-01-11","-80.37","77.37","4084.0","DOME PLATEAU DOME A, AY",,,,," -184","H,,S"
"AYM00089577","1997-01-12","-80.37","77.37","4084.0","DOME PLATEAU DOME A, AY",,,,," -206","H,,S"
"AYM00089577","1997-01-13","-80.37","77.37","4084.0","DOME PLATEAU DOME A, AY",,,,," -201","H,,S"
"AYM00089577","1997-01-14","-80.37","77.37","4084.0","DOME PLATEAU DOME A, AY",,,,," -196","H,,S"
"AYM00089577","1997-01-15","-80.37","77.37","4084.0","DOME PLATEAU DOME A, AY",,,,," -201","H,,S"
"AYM00089577","1997-01-16","-80.37","77.37","4084.0","DOME PLATEAU DOME A, AY",,,,," -209","H,,S"
"AYM00089577","1997-01-17","-80.37","77.37","4084.0","DOME PLATEAU DOME A, AY",,,,," -202","H,,S"
"AYM00089577","1997-01-18","-80.37","77.37","4084.0","DOME PLATEAU DOME A, AY",,,,," -187","H,,S"
"AYM00089577","1997-01-19","-80.37","77.37","4084.0","DOME PLATEAU DOME A, AY",,,,," -187","H,,S"
"AYM00089577","1997-01-20","-80.37","77.37","4084.0","DOME PLATEAU DOME A, AY",,,,," -189","H,,S"
"AYM00089577","1997-01-21","-80.37","77.37","4084.0","DOME PLATEAU DOME A, AY",,,,," -195","H,,S"
"AYM00089577","1997-01-22","-80.37","77.37","4084.0","DOME PLATEAU DOME A, AY",,,,," -221","H,,S"
"AYM00089577","1997-01-23","-80.37","77.37","4084.0","DOME PLATEAU DOME A, AY",,,,," -230","H,,S"
"AYM00089577","1997-01-24","-80.37","77.37","4084.0","DOME PLATEAU DOME A, AY",,,,," -239","H,,S"
"AYM00089577","1997-01-25","-80.37","77.37","4084.0","DOME PLATEAU DOME A, AY",,,,," -218","H,,S"
"AYM00089577","1997-01-26","-80.37","77.37","4084.0","DOME PLATEAU DOME A, AY",,,,," -219","H,,S"
"AYM00089577","1997-01-27","-80.37","77.37","4084.0","DOME PLATEAU DOME A, AY",,,,," -234","H,,S"
"AYM00089577","1997-01-28","-80.37","77.37","4084.0","DOME PLATEAU DOME A, AY",,,,," -243","H,,S"
"AYM00089577","1997-01-29","-80.37","77.37","4084.0","DOME PLATEAU DOME A, AY",,,,," -271","H,,S"
"AYM00089577","1997-01-30","-80.37","77.37","4084.0","DOME PLATEAU DOME A, AY",,,,," -253","H,,S"
"AYM00089577","1997-01-31","-80.37","77.37","4084.0","DOME PLATEAU DOME A, AY",,,,," -255","H,,S"
"AYM00089577","1997-02-01","-80.37","77.37","4084.0","DOME PLATEAU DOME A, AY",,,,," -217","H,,S"
"AYM00089577","1997-02-02","-80.37","77.37","4084.0","DOME PLATEAU DOME A, AY",,,,," -253","H,,S"
"AYM00089577","1997-02-03","-80.37","77.37","4084.0","DOME PLATEAU DOME A, AY",,,,," -207","H,,S"
"AYM00089577","1997-02-04","-80.37","77.37","4084.0","DOME PLATEAU DOME A, AY",,,,," -203","H,,S"
"AYM00089577","1997-02-05","-80.37","77.37","4084.0","DOME PLATEAU DOME A, AY",,,,," -241","H,,S"
"AYM00089577","1997-02-06","-80.37","77.37","4084.0","DOME PLATEAU DOME A, AY",,,,," -222","H,,S"
"AYM00089577","1997-02-10","-80.37","77.37","4084.0","DOME PLATEAU DOME A, AY",,,,," -221","H,,S"
"AYM00089577","1997-02-11","-80.37","77.37","4084.0","DOME PLATEAU DOME A, AY",,,,," -244","H,,S"
"AYM00089577","1997-02-12","-80.37","77.37","4084.0","DOME PLATEAU DOME A, AY",,,,," -241","H,,S"
"AYM00089577","1997-02-13","-80.37","77.37","4084.0","DOME PLATEAU DOME A, AY",,,,," -219","H,,S"
"AYM00089577","1997-02-14","-80.37","77.37","4084.0","DOME PLATEAU DOME A, AY",,,,," -267","H,,S"
"AYM00089577","1997-02-15","-80.37","77.37","4084.0","DOME PLATEAU DOME A, AY",,,,," -291","H,,S"
"AYM00089577","1997-02-16","-80.37","77.37","4084.0","DOME PLATEAU DOME A, AY",,,,," -312","H,,S"
"AYM00089577","1997-02-17","-80.37","77.37","4084.0","DOME PLATEAU DOME A, AY",,,,," -314","H,,S"
"AYM00089577","1997-02-18","-80.37","77.37","4084.0","DOME PLATEAU DOME A, AY",,,,," -325","H,,S"
"AYM00089577","1997-02-19","-80.37","77.37","4084.0","DOME PLATEAU DOME A, AY",,,,," -352","H,,S"
"AYM00089577","1997-02-20","-80.37","77.37","4084.0","DOME PLATEAU DOME A, AY",,,,," -344","H,,S"
"AYM00089577","1997-02-21","-80.37","77.37","4084.0","DOME PLATEAU DOME A, AY",,,,," -359","H,,S"
"AYM00089577","1997-02-22","-80.37","77.37","4084.0","DOME PLATEAU DOME A, AY",,,,," -353","H,,S"
"AYM00089577","1997-02-23","-80.37","77.37","4084.0","DOME PLATEAU DOME A, AY",,,,," -272","H,,S"
"AYM00089577","1997-02-24","-80.37","77.37","4084.0","DOME PLATEAU DOME A, AY",,,,," -221","H,,S"
"AYM00089577","1997-02-25","-80.37","77.37","4084.0","DOME PLATEAU DOME A, AY",,,,," -306","H,,S"
"AYM00089577","1997-02-26","-80.37","77.37","4084.0","DOME PLATEAU DOME A, AY",,,,," -349","H,,S"
"AYM00089577","1997-02-27","-80.37","77.37","4084.0","DOME PLATEAU DOME A, AY",,,,," -363","H,,S"
"AYM00089577","1997-02-28","-80.37","77.37","4084.0","DOME PLATEAU DOME A, AY",,,,," -359","H,,S"
"AYM00089577","1997-03-01","-80.37","77.37","4084.0","DOME PLATEAU DOME A, AY",,,,," -367","H,,S"
"AYM00089577","1997-03-02","-80.37","77.37","4084.0","DOME PLATEAU DOME A, AY",,,,," -331","H,,S"
"AYM00089577","1997-03-03","-80.37","77.37","4084.0","DOME PLATEAU DOME A, AY",,,,," -268","H,,S"
"AYM00089577","1997-03-04","-80.37","77.37","4084.0","DOME PLATEAU DOME A, AY",,,,," -331","H,,S"
"AYM00089577","1997-03-05","-80.37","77.37","4084.0","DOME PLATEAU DOME A, AY",,,,," -335","H,,S"
"AYM00089577","2005-02-22","-80.37","77.37","4084.0","DOME PLATEAU DOME A, AY",,,,," -486","H,,S"
"AYM00089577","2005-02-23","-80.37","77.37","4084.0","DOME PLATEAU DOME A, AY",,,,," -503","H,,S"
"AYM00089577","2005-02-24","-80.37","77.37","4084.0","DOME PLATEAU DOME A, AY",,,,," -537","H,,S"
"AYM00089577","2005-02-25","-80.37","77.37","4084.0","DOME PLATEAU DOME A, AY",,,,," -547","H,,S"
"AYM00089577","2005-02-26","-80.37","77.37","4084.0","DOME PLATEAU DOME A, AY",,,,," -494","H,,S"
"AYM00089577","2005-02-27","-80.37","77.37","4084.0","DOME PLATEAU DOME A, AY",,,,," -465","H,,S"
"AYM00089577","2005-02-28","-80.37","77.37","4084.0","DOME PLATEAU DOME A, AY",,,,," -453","H,,S"
"AYM00089577","2005-03-01","-80.37","77.37","4084.0","DOME PLATEAU DOME A, AY",,,,," -523","H,,S"
"AYM00089577","2005-03-02","-80.37","77.37","4084.0","DOME PLATEAU DOME A, AY",,,,," -517","H,,S"
"AYM00089577","2005-03-03","-80.37","77.37","4084.0","DOME PLATEAU DOME A, AY",,,,," -489","H,,S"
"AYM00089577","2005-03-04","-80.37","77.37","4084.0","DOME PLATEAU DOME A, AY",,,,," -525","H,,S"
"AYM00089577","2005-03-05","-80.37","77.37","4084.0","DOME PLATEAU DOME A, AY",,,,," -505","H,,S"
"AYM00089577","2005-03-06","-80.37","77.37","4084.0","DOME PLATEAU DOME A, AY",,,,," -499","H,,S"
"AYM00089577","2005-03-07","-80.37","77.37","4084.0","DOME PLATEAU DOME A, AY",,,,," -430","H,,S"
"AYM00089577","2005-03-08","-80.37","77.37","4084.0","DOME PLATEAU DOME A, AY",,,,," -491","H,,S"
"AYM00089577","2005-03-09","-80.37","77.37","4084.0","DOME PLATEAU DOME A, AY",,,,," -446","H,,S"
"AYM00089577","2005-03-10","-80.37","77.37","4084.0","DOME PLATEAU DOME A, AY",,,,," -427","H,,S"
"AYM00089577","2005-03-11","-80.37","77.37","4084.0","DOME PLATEAU DOME A, AY",,,,," -418","H,,S"
"AYM00089577","2005-03-12","-80.37","77.37","4084.0","DOME PLATEAU DOME A, AY",,,,," -437","H,,S"
"AYM00089577","2005-03-13","-80.37","77.37","4084.0","DOME PLATEAU DOME A, AY",,,,," -573","H,,S"
"AYM00089577","2005-03-14","-80.37","77.37","4084.0","DOME PLATEAU DOME A, AY",,,,," -593","H,,S"
"AYM00089577","2005-03-15","-80.37","77.37","4084.0","DOME PLATEAU DOME A, AY",,,,," -542","H,,S"
"AYM00089577","2005-03-16","-80.37","77.37","4084.0","DOME PLATEAU DOME A, AY",,,,," -521","H,,S"
"AYM00089577","2005-03-17","-80.37","77.37","4084.0","DOME PLATEAU DOME A, AY",,,,," -584","H,,S"
"AYM00089577","2005-03-18","-80.37","77.37","4084.0","DOME PLATEAU DOME A, AY",,,,," -609","H,,S"
"AYM00089577","2005-03-19","-80.37","77.37","4084.0","DOME PLATEAU DOME A, AY",,,,," -541","H,,S"
"AYM00089577","2005-03-20","-80.37","77.37","4084.0","DOME PLATEAU DOME A, AY",,,,," -617","H,,S"
"AYM00089577","2005-03-21","-80.37","77.37","4084.0","DOME PLATEAU DOME A, AY",,,,," -605","H,,S"
"AYM00089577","2005-03-22","-80.37","77.37","4084.0","DOME PLATEAU DOME A, AY",,,,," -577","H,,S"
"AYM00089577","2005-03-23","-80.37","77.37","4084.0","DOME PLATEAU DOME A, AY",,,,," -577","H,,S"
"AYM00089577","2005-03-24","-80.37","77.37","4084.0","DOME PLATEAU DOME A, AY",,,,," -571","H,,S"
"AYM00089577","2005-03-25","-80.37","77.37","4084.0","DOME PLATEAU DOME A, AY",,,,," -492","H,,S"
"AYM00089577","2005-03-26","-80.37","77.37","4084.0","DOME PLATEAU DOME A, AY",,,,," -509","H,,S"
"AYM00089577","2005-03-27","-80.37","77.37","4084.0","DOME PLATEAU DOME A, AY",,,,," -639","H,,S"
"AYM00089577","2005-03-28","-80.37","77.37","4084.0","DOME PLATEAU DOME A, AY",,,,," -630","H,,S"
"AYM00089577","2005-03-29","-80.37","77.37","4084.0","DOME PLATEAU DOME A, AY",,,,," -646","H,,S"
"AYM00089577","2005-03-30","-80.37","77.37","4084.0","DOME PLATEAU DOME A, AY",,,,," -669","H,,S"
"AYM00089577","2005-03-31","-80.37","77.37","4084.0","DOME PLATEAU DOME A, AY",,,,," -659","H,,S"
"AYM00089577","2005-04-01","-80.37","77.37","4084.0","DOME PLATEAU DOME A, AY",,,,," -612","H,,S"
"AYM00089577","2005-04-02","-80.37","77.37","4084.0","DOME PLATEAU DOME A, AY",,,,," -545","H,,S"
"AYM00089577","2005-04-03","-80.37","77.37","4084.0","DOME PLATEAU DOME A, AY",,,,," -693","H,,S"
"AYM00089577","2005-04-04","-80.37","77.37","4084.0","DOME PLATEAU DOME A, AY",,,,," -616","H,,S"
"AYM00089577","2005-04-05","-80.37","77.37","4084.0","DOME PLATEAU DOME A, AY",,,,," -624","H,,S"
"AYM00089577","2005-04-06","-80.37","77.37","4084.0","DOME PLATEAU DOME A, AY",,,,," -656","H,,S"
"AYM00089577","2005-04-07","-80.37","77.37","4084.0","DOME PLATEAU DOME A, AY",,,,," -653","H,,S"
"AYM00089577","2005-04-08","-80.37","77.37","4084.0","DOME PLATEAU DOME A, AY",,,,," -671","H,,S"
"AYM00089577","2005-04-09","-80.37","77.37","4084.0","DOME PLATEAU DOME A, AY",,,,," -671","H,,S"
"AYM00089577","2005-04-10","-80.37","77.37","4084.0","DOME PLATEAU DOME A, AY",,,,," -634","H,,S"
"AYM00089577","2005-04-11","-80.37","77.37","4084.0","DOME PLATEAU DOME A, AY",,,,," -627","H,,S"
"AYM00089577","2005-04-12","-80.37","77.37","4084.0","DOME PLATEAU DOME A, AY",,,,," -649","H,,S"
"AYM00089577","2005-04-13","-80.37","77.37","4084.0","DOME PLATEAU DOME A, AY",,,,," -567","H,,S"
"AYM00089577","2005-04-14","-80.37","77.37","4084.0","DOME PLATEAU DOME A, AY",,,,," -665","H,,S"
"AYM00089577","2005-04-15","-80.37","77.37","4084.0","DOME PLATEAU DOME A, AY",,,,," -632","H,,S"
"AYM00089577","2005-04-16","-80.37","77.37","4084.0","DOME PLATEAU DOME A, AY",,,,," -599","H,,S"
"AYM00089577","2005-04-17","-80.37","77.37","4084.0","DOME PLATEAU DOME A, AY",,,,," -704","H,,S"
"AYM00089577","2005-04-18","-80.37","77.37","4084.0","DOME PLATEAU DOME A, AY",,,,," -682","H,,S"
"AYM00089577","2005-04-19","-80.37","77.37","4084.0","DOME PLATEAU DOME A, AY",,,,," -597","H,,S"
"AYM00089577","2005-04-20","-80.37","77.37","4084.0","DOME PLATEAU DOME A, AY",,,,," -525","H,,S"
"AYM00089577","2005-04-21","-80.37","77.37","4084.0","DOME PLATEAU DOME A, AY",,,,," -571","H,,S"
"AYM00089577","2005-04-22","-80.37","77.37","4084.0","DOME PLATEAU DOME A, AY",,,,," -577","H,,S"
"AYM00089577","2005-04-23","-80.37","77.37","4084.0","DOME PLATEAU DOME A, AY",,,,," -669","H,,S"
"AYM00089577","2005-04-24","-80.37","77.37","4084.0","DOME PLATEAU DOME A, AY",,,,," -729","H,,S"
"AYM00089577","2005-04-25","-80.37","77.37","4084.0","DOME PLATEAU DOME A, AY",,,,," -702","H,,S"
"AYM00089577","2005-04-26","-80.37","77.37","4084.0","DOME PLATEAU DOME A, AY",,,,," -673","H,,S"
"AYM00089577","2005-04-27","-80.37","77.37","4084.0","DOME PLATEAU DOME A, AY",,,,," -677","H,,S"
"AYM00089577","2005-04-28","-80.37","77.37","4084.0","DOME PLATEAU DOME A, AY",,,,," -678","H,,S"
"AYM00089577","2005-04-29","-80.37","77.37","4084.0","DOME PLATEAU DOME A, AY",,,,," -588","H,,S"
"AYM00089577","2005-04-30","-80.37","77.37","4084.0","DOME PLATEAU DOME A, AY",,,,," -535","H,,S"
"AYM00089577","2005-05-01","-80.37","77.37","4084.0","DOME PLATEAU DOME A, AY",,,,," -601","H,,S"
"AYM00089577","2005-05-02","-80.37","77.37","4084.0","DOME PLATEAU DOME A, AY",,,,," -636","H,,S"
"AYM00089577","2005-05-03","-80.37","77.37","4084.0","DOME PLATEAU DOME A, AY",,,,," -604","H,,S"
"AYM00089577","2005-05-04","-80.37","77.37","4084.0","DOME PLATEAU DOME A, AY",,,,," -659","H,,S"
"AYM00089577","2005-05-05","-80.37","77.37","4084.0","DOME PLATEAU DOME A, AY",,,,," -636","H,,S"
"AYM00089577","2005-05-06","-80.37","77.37","4084.0","DOME PLATEAU DOME A, AY",,,,," -588","H,,S"
"AYM00089577","2005-05-07","-80.37","77.37","4084.0","DOME PLATEAU DOME A, AY",,,,," -536","H,,S"
"AYM00089577","2005-05-08","-80.37","77.37","4084.0","DOME PLATEAU DOME A, AY",,,,," -613","H,,S"
"AYM00089577","2005-05-09","-80.37","77.37","4084.0","DOME PLATEAU DOME A, AY",,,,," -625","H,,S"
"AYM00089577","2005-05-10","-80.37","77.37","4084.0","DOME PLATEAU DOME A, AY",,,,," -627","H,,S"
"AYM00089577","2005-05-11","-80.37","77.37","4084.0","DOME PLATEAU DOME A, AY",,,,," -611","H,,S"
"AYM00089577","2005-05-12","-80.37","77.37","4084.0","DOME PLATEAU DOME A, AY",,,,," -603","H,,S"
"AYM00089577","2005-05-13","-80.37","77.37","4084.0","DOME PLATEAU DOME A, AY",,,,," -555","H,,S"
"AYM00089577","2005-05-14","-80.37","77.37","4084.0","DOME PLATEAU DOME A, AY",,,,," -579","H,,S"
"AYM00089577","2005-05-15","-80.37","77.37","4084.0","DOME PLATEAU DOME A, AY",,,,," -652","H,,S"
"AYM00089577","2005-05-16","-80.37","77.37","4084.0","DOME PLATEAU DOME A, AY",,,,," -589","H,,S"
"AYM00089577","2005-05-17","-80.37","77.37","4084.0","DOME PLATEAU DOME A, AY",,,,," -590","H,,S"
"AYM00089577","2005-05-18","-80.37","77.37","4084.0","DOME PLATEAU DOME A, AY",,,,," -629","H,,S"
"AYM00089577","2005-05-19","-80.37","77.37","4084.0","DOME PLATEAU DOME A, AY",,,,," -674","H,,S"
"AYM00089577","2005-05-20","-80.37","77.37","4084.0","DOME PLATEAU DOME A, AY",,,,," -679","H,,S"
"AYM00089577","2005-05-21","-80.37","77.37","4084.0","DOME PLATEAU DOME A, AY",,,,," -644","H,,S"
"AYM00089577","2005-05-22","-80.37","77.37","4084.0","DOME PLATEAU DOME A, AY",,,,," -634","H,,S"
"AYM00089577","2005-05-23","-80.37","77.37","4084.0","DOME PLATEAU DOME A, AY",,,,," -650","H,,S"
"AYM00089577","2005-05-24","-80.37","77.37","4084.0","DOME PLATEAU DOME A, AY",,,,," -607","H,,S"
"AYM00089577","2005-05-25","-80.37","77.37","4084.0","DOME PLATEAU DOME A, AY",,,,," -648","H,,S"
"AYM00089577","2005-05-26","-80.37","77.37","4084.0","DOME PLATEAU DOME A, AY",,,,," -582","H,,S"
"AYM00089577","2005-05-27","-80.37","77.37","4084.0","DOME PLATEAU DOME A, AY",,,,," -631","H,,S"
"AYM00089577","2005-05-28","-80.37","77.37","4084.0","DOME PLATEAU DOME A, AY",,,,," -564","H,,S"
"AYM00089577","2005-05-29","-80.37","77.37","4084.0","DOME PLATEAU DOME A, AY",,,,," -688","H,,S"
"AYM00089577","2005-05-30","-80.37","77.37","4084.0","DOME PLATEAU DOME A, AY",,,,," -698","H,,S"
"AYM00089577","2005-05-31","-80.37","77.37","4084.0","DOME PLATEAU DOME A, AY",,,,," -684","H,,S"
"AYM00089577","2005-06-01","-80.37","77.37","4084.0","DOME PLATEAU DOME A, AY",,,,," -736","H,,S"
"AYM00089577","2005-06-02","-80.37","77.37","4084.0","DOME PLATEAU DOME A, AY",,,,," -668","H,,S"
"AYM00089577","2005-06-03","-80.37","77.37","4084.0","DOME PLATEAU DOME A, AY",,,,," -641","H,,S"
"AYM00089577","2005-06-04","-80.37","77.37","4084.0","DOME PLATEAU DOME A, AY",,,,," -595","H,,S"
"AYM00089577","2005-06-05","-80.37","77.37","4084.0","DOME PLATEAU DOME A, AY",,,,," -614","H,,S"
"AYM00089577","2005-06-06","-80.37","77.37","4084.0","DOME PLATEAU DOME A, AY",,,,," -629","H,,S"
"AYM00089577","2005-06-07","-80.37","77.37","4084.0","DOME PLATEAU DOME A, AY",,,,," -700","H,,S"
"AYM00089577","2005-06-08","-80.37","77.37","4084.0","DOME PLATEAU DOME A, AY",,,,," -649","H,,S"
"AYM00089577","2005-06-09","-80.37","77.37","4084.0","DOME PLATEAU DOME A, AY",,,,," -733","H,,S"
"AYM00089577","2005-06-10","-80.37","77.37","4084.0","DOME PLATEAU DOME A, AY",,,,," -716","H,,S"
"AYM00089577","2005-06-11","-80.37","77.37","4084.0","DOME PLATEAU DOME A, AY",,,,," -702","H,,S"
"AYM00089577","2005-06-12","-80.37","77.37","4084.0","DOME PLATEAU DOME A, AY",,,,," -633","H,,S"
"AYM00089577","2005-06-13","-80.37","77.37","4084.0","DOME PLATEAU DOME A, AY",,,,," -588","H,,S"
"AYM00089577","2005-06-14","-80.37","77.37","4084.0","DOME PLATEAU DOME A, AY",,,,," -601","H,,S"
"AYM00089577","2005-06-15","-80.37","77.37","4084.0","DOME PLATEAU DOME A, AY",,,,," -618","H,,S"
"AYM00089577","2005-06-16","-80.37","77.37","4084.0","DOME PLATEAU DOME A, AY",,,,," -633","H,,S"
"AYM00089577","2005-06-17","-80.37","77.37","4084.0","DOME PLATEAU DOME A, AY",,,,," -565","H,,S"
"AYM00089577","2005-06-18","-80.37","77.37","4084.0","DOME PLATEAU DOME A, AY",,,,," -577","H,,S"
"AYM00089577","2005-06-19","-80.37","77.37","4084.0","DOME PLATEAU DOME A, AY",,,,," -603","H,,S"
"AYM00089577","2005-06-20","-80.37","77.37","4084.0","DOME PLATEAU DOME A, AY",,,,," -487","H,,S"
"AYM00089577","2005-06-21","-80.37","77.37","4084.0","DOME PLATEAU DOME A, AY",,,,," -486","H,,S"
"AYM00089577","2005-06-22","-80.37","77.37","4084.0","DOME PLATEAU DOME A, AY",,,,," -504","H,,S"
"AYM00089577","2005-06-23","-80.37","77.37","4084.0","DOME PLATEAU DOME A, AY",,,,," -487","H,,S"
"AYM00089577","2005-06-24","-80.37","77.37","4084.0","DOME PLATEAU DOME A, AY",,,,," -532","H,,S"
"AYM00089577","2005-06-25","-80.37","77.37","4084.0","DOME PLATEAU DOME A, AY",,,,," -580","H,,S"
"AYM00089577","2005-06-26","-80.37","77.37","4084.0","DOME PLATEAU DOME A, AY",,,,," -543","H,,S"
"AYM00089577","2005-06-27","-80.37","77.37","4084.0","DOME PLATEAU DOME A, AY",,,,," -534","H,,S"
"AYM00089577","2005-06-28","-80.37","77.37","4084.0","DOME PLATEAU DOME A, AY",,,,," -631","H,,S"
"AYM00089577","2005-06-29","-80.37","77.37","4084.0","DOME PLATEAU DOME A, AY",,,,," -692","H,,S"
"AYM00089577","2005-06-30","-80.37","77.37","4084.0","DOME PLATEAU DOME A, AY",,,,," -685","H,,S"
"AYM00089577","2005-07-01","-80.37","77.37","4084.0","DOME PLATEAU DOME A, AY",,,,," -600","H,,S"
"AYM00089577","2005-07-02","-80.37","77.37","4084.0","DOME PLATEAU DOME A, AY",,,,," -609","H,,S"
"AYM00089577","2005-07-03","-80.37","77.37","4084.0","DOME PLATEAU DOME A, AY",,,,," -648","H,,S"
"AYM00089577","2005-07-04","-80.37","77.37","4084.0","DOME PLATEAU DOME A, AY",,,,," -609","H,,S"
"AYM00089577","2005-07-05","-80.37","77.37","4084.0","DOME PLATEAU DOME A, AY",,,,," -653","H,,S"
"AYM00089577","2005-07-06","-80.37","77.37","4084.0","DOME PLATEAU DOME A, AY",,,,," -616","H,,S"
"AYM00089577","2005-07-07","-80.37","77.37","4084.0","DOME PLATEAU DOME A, AY",,,,," -558","H,,S"
"AYM00089577","2005-07-08","-80.37","77.37","4084.0","DOME PLATEAU DOME A, AY",,,,," -624","H,,S"
"AYM00089577","2005-07-09","-80.37","77.37","4084.0","DOME PLATEAU DOME A, AY",,,,," -649","H,,S"
"AYM00089577","2005-07-10","-80.37","77.37","4084.0","DOME PLATEAU DOME A, AY",,,,," -679","H,,S"
"AYM00089577","2005-07-11","-80.37","77.37","4084.0","DOME PLATEAU DOME A, AY",,,,," -645","H,,S"
"AYM00089577","2005-07-12","-80.37","77.37","4084.0","DOME PLATEAU DOME A, AY",,,,," -623","H,,S"
"AYM00089577","2005-07-13","-80.37","77.37","4084.0","DOME PLATEAU DOME A, AY",,,,," -640","H,,S"
"AYM00089577","2005-07-14","-80.37","77.37","4084.0","DOME PLATEAU DOME A, AY",,,,," -474","H,,S"
"AYM00089577","2005-07-15","-80.37","77.37","4084.0","DOME PLATEAU DOME A, AY",,,,," -490","H,,S"
"AYM00089577","2005-07-16","-80.37","77.37","4084.0","DOME PLATEAU DOME A, AY",,,,," -642","H,,S"
"AYM00089577","2005-07-17","-80.37","77.37","4084.0","DOME PLATEAU DOME A, AY",,,,," -631","H,,S"
"AYM00089577","2005-07-18","-80.37","77.37","4084.0","DOME PLATEAU DOME A, AY",,,,," -656","H,,S"
"AYM00089577","2005-07-19","-80.37","77.37","4084.0","DOME PLATEAU DOME A, AY",,,,," -634","H,,S"
"AYM00089577","2005-07-20","-80.37","77.37","4084.0","DOME PLATEAU DOME A, AY",,,,," -575","H,,S"
"AYM00089577","2005-07-21","-80.37","77.37","4084.0","DOME PLATEAU DOME A, AY",,,,," -599","H,,S"
"AYM00089577","2005-07-22","-80.37","77.37","4084.0","DOME PLATEAU DOME A, AY",,,,," -554","H,,S"
"AYM00089577","2005-07-23","-80.37","77.37","4084.0","DOME PLATEAU DOME A, AY",,,,," -567","H,,S"
"AYM00089577","2005-07-24","-80.37","77.37","4084.0","DOME PLATEAU DOME A, AY",,,,," -587","H,,S"
"AYM00089577","2005-07-25","-80.37","77.37","4084.0","DOME PLATEAU DOME A, AY",,,,," -712","H,,S"
"AYM00089577","2005-07-26","-80.37","77.37","4084.0","DOME PLATEAU DOME A, AY",,,,," -670","H,,S"
"AYM00089577","2005-07-27","-80.37","77.37","4084.0","DOME PLATEAU DOME A, AY",,,,," -757","H,,S"
"AYM00089577","2005-07-28","-80.37","77.37","4084.0","DOME PLATEAU DOME A, AY",,,,," -767","H,,S"
"AYM00089577","2005-07-29","-80.37","77.37","4084.0","DOME PLATEAU DOME A, AY",,,,," -729","H,,S"
"AYM00089577","2005-07-30","-80.37","77.37","4084.0","DOME PLATEAU DOME A, AY",,,,," -666","H,,S"
"AYM00089577","2005-07-31","-80.37","77.37","4084.0","DOME PLATEAU DOME A, AY",,,,," -685","H,,S"
"AYM00089577","2005-08-01","-80.37","77.37","4084.0","DOME PLATEAU DOME A, AY",,,,," -660","H,,S"
"AYM00089577","2005-08-02","-80.37","77.37","4084.0","DOME PLATEAU DOME A, AY",,,,," -738","H,,S"
"AYM00089577","2005-08-03","-80.37","77.37","4084.0","DOME PLATEAU DOME A, AY",,,,," -726","H,,S"
"AYM00089577","2005-08-04","-80.37","77.37","4084.0","DOME PLATEAU DOME A, AY",,,,," -735","H,,S"
"AYM00089577","2005-08-05","-80.37","77.37","4084.0","DOME PLATEAU DOME A, AY",,,,," -725","H,,S"
"AYM00089577","2005-08-06","-80.37","77.37","4084.0","DOME PLATEAU DOME A, AY",,,,," -752","H,,S"
"AYM00089577","2005-08-07","-80.37","77.37","4084.0","DOME PLATEAU DOME A, AY",,,,," -748","H,,S"
"AYM00089577","2005-08-08","-80.37","77.37","4084.0","DOME PLATEAU DOME A, AY",,,,," -737","H,,S"
"AYM00089577","2005-08-09","-80.37","77.37","4084.0","DOME PLATEAU DOME A, AY",,,,," -664","H,,S"
"AYM00089577","2005-08-10","-80.37","77.37","4084.0","DOME PLATEAU DOME A, AY",,,,," -624","H,,S"
"AYM00089577","2005-08-11","-80.37","77.37","4084.0","DOME PLATEAU DOME A, AY",,,,," -654","H,,S"
"AYM00089577","2005-08-12","-80.37","77.37","4084.0","DOME PLATEAU DOME A, AY",,,,," -721","H,,S"
"AYM00089577","2005-08-13","-80.37","77.37","4084.0","DOME PLATEAU DOME A, AY",,,,," -704","H,,S"
"AYM00089577","2005-08-14","-80.37","77.37","4084.0","DOME PLATEAU DOME A, AY",,,,," -606","H,,S"
"AYM00089577","2005-08-15","-80.37","77.37","4084.0","DOME PLATEAU DOME A, AY",,,,," -592","H,,S"
"AYM00089577","2005-08-16","-80.37","77.37","4084.0","DOME PLATEAU DOME A, AY",,,,," -594","H,,S"
"AYM00089577","2005-08-17","-80.37","77.37","4084.0","DOME PLATEAU DOME A, AY",,,,," -660","H,,S"
"AYM00089577","2005-08-18","-80.37","77.37","4084.0","DOME PLATEAU DOME A, AY",,,,," -668","H,,S"
"AYM00089577","2005-08-19","-80.37","77.37","4084.0","DOME PLATEAU DOME A, AY",,,,," -643","H,,S"
"AYM00089577","2005-08-20","-80.37","77.37","4084.0","DOME PLATEAU DOME A, AY",,,,," -640","H,,S"
"AYM00089577","2005-08-21","-80.37","77.37","4084.0","DOME PLATEAU DOME A, AY",,,,," -660","H,,S"
"AYM00089577","2005-08-22","-80.37","77.37","4084.0","DOME PLATEAU DOME A, AY",,,,," -663","H,,S"
"AYM00089577","2005-08-23","-80.37","77.37","4084.0","DOME PLATEAU DOME A, AY",,,,," -678","H,,S"
"AYM00089577","2005-08-24","-80.37","77.37","4084.0","DOME PLATEAU DOME A, AY",,,,," -738","H,,S"
"AYM00089577","2005-08-25","-80.37","77.37","4084.0","DOME PLATEAU DOME A, AY",,,,," -639","H,,S"
"AYM00089577","2005-08-26","-80.37","77.37","4084.0","DOME PLATEAU DOME A, AY",,,,," -684","H,,S"
"AYM00089577","2005-08-27","-80.37","77.37","4084.0","DOME PLATEAU DOME A, AY",,,,," -697","H,,S"
"AYM00089577","2005-08-28","-80.37","77.37","4084.0","DOME PLATEAU DOME A, AY",,,,," -661","H,,S"
"AYM00089577","2005-08-29","-80.37","77.37","4084.0","DOME PLATEAU DOME A, AY",,,,," -612","H,,S"
"AYM00089577","2005-08-30","-80.37","77.37","4084.0","DOME PLATEAU DOME A, AY",,,,," -644","H,,S"
"AYM00089577","2005-08-31","-80.37","77.37","4084.0","DOME PLATEAU DOME A, AY",,,,," -712","H,,S"
"AYM00089577","2005-09-01","-80.37","77.37","4084.0","DOME PLATEAU DOME A, AY",,,,," -737","H,,S"
"AYM00089577","2005-09-02","-80.37","77.37","4084.0","DOME PLATEAU DOME A, AY",,,,," -623","H,,S"
"AYM00089577","2005-09-03","-80.37","77.37","4084.0","DOME PLATEAU DOME A, AY",,,,," -686","H,,S"
"AYM00089577","2005-09-04","-80.37","77.37","4084.0","DOME PLATEAU DOME A, AY",,,,," -637","H,,S"
"AYM00089577","2005-09-05","-80.37","77.37","4084.0","DOME PLATEAU DOME A, AY",,,,," -566","H,,S"
"AYM00089577","2005-09-06","-80.37","77.37","4084.0","DOME PLATEAU DOME A, AY",,,,," -650","H,,S"
"AYM00089577","2005-09-07","-80.37","77.37","4084.0","DOME PLATEAU DOME A, AY",,,,," -711","H,,S"
"AYM00089577","2005-09-08","-80.37","77.37","4084.0","DOME PLATEAU DOME A, AY",,,,," -698","H,,S"
"AYM00089577","2005-09-09","-80.37","77.37","4084.0","DOME PLATEAU DOME A, AY",,,,," -679","H,,S"
"AYM00089577","2005-09-10","-80.37","77.37","4084.0","DOME PLATEAU DOME A, AY",,,,," -707","H,,S"
"AYM00089577","2005-09-11","-80.37","77.37","4084.0","DOME PLATEAU DOME A, AY",,,,," -667","H,,S"
"AYM00089577","2005-09-12","-80.37","77.37","4084.0","DOME PLATEAU DOME A, AY",,,,," -632","H,,S"
"AYM00089577","2005-09-13","-80.37","77.37","4084.0","DOME PLATEAU DOME A, AY",,,,," -564","H,,S"
"AYM00089577","2005-09-14","-80.37","77.37","4084.0","DOME PLATEAU DOME A, AY",,,,," -524","H,,S"
"AYM00089577","2005-09-15","-80.37","77.37","4084.0","DOME PLATEAU DOME A, AY",,,,," -502","H,,S"
"AYM00089577","2005-09-16","-80.37","77.37","4084.0","DOME PLATEAU DOME A, AY",,,,," -553","H,,S"
"AYM00089577","2005-09-17","-80.37","77.37","4084.0","DOME PLATEAU DOME A, AY",,,,," -426","H,,S"
"AYM00089577","2005-09-18","-80.37","77.37","4084.0","DOME PLATEAU DOME A, AY",,,,," -474","H,,S"
"AYM00089577","2005-09-19","-80.37","77.37","4084.0","DOME PLATEAU DOME A, AY",,,,," -565","H,,S"
"AYM00089577","2005-09-20","-80.37","77.37","4084.0","DOME PLATEAU DOME A, AY",,,,," -604","H,,S"
"AYM00089577","2005-09-21","-80.37","77.37","4084.0","DOME PLATEAU DOME A, AY",,,,," -601","H,,S"
"AYM00089577","2005-09-22","-80.37","77.37","4084.0","DOME PLATEAU DOME A, AY",,,,," -549","H,,S"
"AYM00089577","2005-09-23","-80.37","77.37","4084.0","DOME PLATEAU DOME A, AY",,,,," -580","H,,S"
"AYM00089577","2005-09-24","-80.37","77.37","4084.0","DOME PLATEAU DOME A, AY",,,,," -573","H,,S"
"AYM00089577","2005-09-25","-80.37","77.37","4084.0","DOME PLATEAU DOME A, AY",,,,," -674","H,,S"
"AYM00089577","2005-09-26","-80.37","77.37","4084.0","DOME PLATEAU DOME A, AY",,,,," -694","H,,S"
"AYM00089577","2005-09-27","-80.37","77.37","4084.0","DOME PLATEAU DOME A, AY",,,,," -677","H,,S"
"AYM00089577","2005-09-28","-80.37","77.37","4084.0","DOME PLATEAU DOME A, AY",,,,," -653","H,,S"
"AYM00089577","2005-09-29","-80.37","77.37","4084.0","DOME PLATEAU DOME A, AY",,,,," -544","H,,S"
"AYM00089577","2005-09-30","-80.37","77.37","4084.0","DOME PLATEAU DOME A, AY",,,,," -534","H,,S"
"AYM00089577","2005-10-01","-80.37","77.37","4084.0","DOME PLATEAU DOME A, AY",,,,," -563","H,,S"
"AYM00089577","2005-10-02","-80.37","77.37","4084.0","DOME PLATEAU DOME A, AY",,,,," -566","H,,S"
"AYM00089577","2005-10-03","-80.37","77.37","4084.0","DOME PLATEAU DOME A, AY",,,,," -598","H,,S"
"AYM00089577","2005-10-04","-80.37","77.37","4084.0","DOME PLATEAU DOME A, AY",,,,," -584","H,,S"
"AYM00089577","2005-10-05","-80.37","77.37","4084.0","DOME PLATEAU DOME A, AY",,,,," -686","H,,S"
"AYM00089577","2005-10-06","-80.37","77.37","4084.0","DOME PLATEAU DOME A, AY",,,,," -686","H,,S"
"AYM00089577","2005-10-07","-80.37","77.37","4084.0","DOME PLATEAU DOME A, AY",,,,," -664","H,,S"
"AYM00089577","2005-10-08","-80.37","77.37","4084.0","DOME PLATEAU DOME A, AY",,,,," -602","H,,S"
"AYM00089577","2005-10-09","-80.37","77.37","4084.0","DOME PLATEAU DOME A, AY",,,,," -648","H,,S"
"AYM00089577","2005-10-10","-80.37","77.37","4084.0","DOME PLATEAU DOME A, AY",,,,," -565","H,,S"
"AYM00089577","2005-10-11","-80.37","77.37","4084.0","DOME PLATEAU DOME A, AY",,,,," -448","H,,S"
"AYM00089577","2005-10-12","-80.37","77.37","4084.0","DOME PLATEAU DOME A, AY",,,,," -492","H,,S"
"AYM00089577","2005-10-13","-80.37","77.37","4084.0","DOME PLATEAU DOME A, AY",,,,," -575","H,,S"
"AYM00089577","2005-10-14","-80.37","77.37","4084.0","DOME PLATEAU DOME A, AY",,,,," -491","H,,S"
"AYM00089577","2005-10-15","-80.37","77.37","4084.0","DOME PLATEAU DOME A, AY",,,,," -446","H,,S"
"AYM00089577","2005-10-16","-80.37","77.37","4084.0","DOME PLATEAU DOME A, AY",,,,," -467","H,,S"
"AYM00089577","2005-10-17","-80.37","77.37","4084.0","DOME PLATEAU DOME A, AY",,,,," -513","H,,S"
"AYM00089577","2005-10-18","-80.37","77.37","4084.0","DOME PLATEAU DOME A, AY",,,,," -541","H,,S"
"AYM00089577","2005-10-19","-80.37","77.37","4084.0","DOME PLATEAU DOME A, AY",,,,," -530","H,,S"
"AYM00089577","2005-10-20","-80.37","77.37","4084.0","DOME PLATEAU DOME A, AY",,,,," -507","H,,S"
"AYM00089577","2005-10-21","-80.37","77.37","4084.0","DOME PLATEAU DOME A, AY",,,,," -472","H,,S"
"AYM00089577","2005-10-22","-80.37","77.37","4084.0","DOME PLATEAU DOME A, AY",,,,," -470","H,,S"
"AYM00089577","2005-10-23","-80.37","77.37","4084.0","DOME PLATEAU DOME A, AY",,,,," -427","H,,S"
"AYM00089577","2005-10-24","-80.37","77.37","4084.0","DOME PLATEAU DOME A, AY",,,,," -393","H,,S"
"AYM00089577","2005-10-25","-80.37","77.37","4084.0","DOME PLATEAU DOME A, AY",,,,," -467","H,,S"
"AYM00089577","2005-10-26","-80.37","77.37","4084.0","DOME PLATEAU DOME A, AY",,,,," -435","H,,S"
"AYM00089577","2005-10-27","-80.37","77.37","4084.0","DOME PLATEAU DOME A, AY",,,,," -501","H,,S"
"AYM00089577","2005-10-28","-80.37","77.37","4084.0","DOME PLATEAU DOME A, AY",,,,," -516","H,,S"
"AYM00089577","2005-10-29","-80.37","77.37","4084.0","DOME PLATEAU DOME A, AY",,,,," -484","H,,S"
"AYM00089577","2005-10-30","-80.37","77.37","4084.0","DOME PLATEAU DOME A, AY",,,,," -519","H,,S"
"AYM00089577","2005-10-31","-80.37","77.37","4084.0","DOME PLATEAU DOME A, AY",,,,," -511","H,,S"
"AYM00089577","2005-11-01","-80.37","77.37","4084.0","DOME PLATEAU DOME A, AY",,,,," -489","H,,S"
"AYM00089577","2005-11-02","-80.37","77.37","4084.0","DOME PLATEAU DOME A, AY",,,,," -504","H,,S"
"AYM00089577","2005-11-03","-80.37","77.37","4084.0","DOME PLATEAU DOME A, AY",,,,," -507","H,,S"
"AYM00089577","2005-11-04","-80.37","77.37","4084.0","DOME PLATEAU DOME A, AY",,,,," -492","H,,S"
"AYM00089577","2005-11-05","-80.37","77.37","4084.0","DOME PLATEAU DOME A, AY",,,,," -494","H,,S"
"AYM00089577","2005-11-06","-80.37","77.37","4084.0","DOME PLATEAU DOME A, AY",,,,," -496","H,,S"
"AYM00089577","2005-11-07","-80.37","77.37","4084.0","DOME PLATEAU DOME A, AY",,,,," -469","H,,S"
"AYM00089577","2005-11-08","-80.37","77.37","4084.0","DOME PLATEAU DOME A, AY",,,,," -459","H,,S"
"AYM00089577","2005-11-09","-80.37","77.37","4084.0","DOME PLATEAU DOME A, AY",,,,," -453","H,,S"
"AYM00089577","2005-11-10","-80.37","77.37","4084.0","DOME PLATEAU DOME A, AY",,,,," -424","H,,S"
"AYM00089577","2005-11-11","-80.37","77.37","4084.0","DOME PLATEAU DOME A, AY",,,,," -364","H,,S"
"AYM00089577","2005-11-12","-80.37","77.37","4084.0","DOME PLATEAU DOME A, AY",,,,," -332","H,,S"
"AYM00089577","2005-11-13","-80.37","77.37","4084.0","DOME PLATEAU DOME A, AY",,,,," -328","H,,S"
"AYM00089577","2005-11-14","-80.37","77.37","4084.0","DOME PLATEAU DOME A, AY",,,,," -341","H,,S"
"AYM00089577","2005-11-15","-80.37","77.37","4084.0","DOME PLATEAU DOME A, AY",,,,," -388","H,,S"
"AYM00089577","2005-11-16","-80.37","77.37","4084.0","DOME PLATEAU DOME A, AY",,,,," -387","H,,S"
"AYM00089577","2005-11-17","-80.37","77.37","4084.0","DOME PLATEAU DOME A, AY",,,,," -415","H,,S"
"AYM00089577","2005-11-18","-80.37","77.37","4084.0","DOME PLATEAU DOME A, AY",,,,," -413","H,,S"
"AYM00089577","2005-11-19","-80.37","77.37","4084.0","DOME PLATEAU DOME A, AY",,,,," -409","H,,S"
"AYM00089577","2005-11-20","-80.37","77.37","4084.0","DOME PLATEAU DOME A, AY",,,,," -412","H,,S"
"AYM00089577","2005-11-21","-80.37","77.37","4084.0","DOME PLATEAU DOME A, AY",,,,," -416","H,,S"
"AYM00089577","2005-11-22","-80.37","77.37","4084.0","DOME PLATEAU DOME A, AY",,,,," -393","H,,S"
"AYM00089577","2005-11-23","-80.37","77.37","4084.0","DOME PLATEAU DOME A, AY",,,,," -357","H,,S"
"AYM00089577","2005-11-24","-80.37","77.37","4084.0","DOME PLATEAU DOME A, AY",,,,," -361","H,,S"
"AYM00089577","2005-11-25","-80.37","77.37","4084.0","DOME PLATEAU DOME A, AY",,,,," -363","H,,S"
"AYM00089577","2005-11-26","-80.37","77.37","4084.0","DOME PLATEAU DOME A, AY",,,,," -358","H,,S"
"AYM00089577","2005-11-27","-80.37","77.37","4084.0","DOME PLATEAU DOME A, AY",,,,," -358","H,,S"
"AYM00089577","2005-11-28","-80.37","77.37","4084.0","DOME PLATEAU DOME A, AY",,,,," -352","H,,S"
"AYM00089577","2005-11-29","-80.37","77.37","4084.0","DOME PLATEAU DOME A, AY",,,,," -329","H,,S"
"AYM00089577","2005-11-30","-80.37","77.37","4084.0","DOME PLATEAU DOME A, AY",,,,," -322","H,,S"
"AYM00089577","2005-12-01","-80.37","77.37","4084.0","DOME PLATEAU DOME A, AY",,,,," -286","H,,S"
"AYM00089577","2005-12-02","-80.37","77.37","4084.0","DOME PLATEAU DOME A, AY",,,,," -286","H,,S"
"AYM00089577","2005-12-03","-80.37","77.37","4084.0","DOME PLATEAU DOME A, AY",,,,," -273","H,,S"
"AYM00089577","2005-12-04","-80.37","77.37","4084.0","DOME PLATEAU DOME A, AY",,,,," -305","H,,S"
"AYM00089577","2005-12-05","-80.37","77.37","4084.0","DOME PLATEAU DOME A, AY",,,,," -311","H,,S"
"AYM00089577","2005-12-06","-80.37","77.37","4084.0","DOME PLATEAU DOME A, AY",,,,," -304","H,,S"
"AYM00089577","2005-12-07","-80.37","77.37","4084.0","DOME PLATEAU DOME A, AY",,,,," -276","H,,S"
"AYM00089577","2005-12-08","-80.37","77.37","4084.0","DOME PLATEAU DOME A, AY",,,,," -235","H,,S"
"AYM00089577","2005-12-09","-80.37","77.37","4084.0","DOME PLATEAU DOME A, AY",,,,," -253","H,,S"
"AYM00089577","2005-12-10","-80.37","77.37","4084.0","DOME PLATEAU DOME A, AY",,,,," -291","H,,S"
"AYM00089577","2005-12-11","-80.37","77.37","4084.0","DOME PLATEAU DOME A, AY",,,,," -307","H,,S"
"AYM00089577","2005-12-12","-80.37","77.37","4084.0","DOME PLATEAU DOME A, AY",,,,," -322","H,,S"
"AYM00089577","2005-12-13","-80.37","77.37","4084.0","DOME PLATEAU DOME A, AY",,,,," -318","H,,S"
"AYM00089577","2005-12-14","-80.37","77.37","4084.0","DOME PLATEAU DOME A, AY",,,,," -326","H,,S"
"AYM00089577","2005-12-15","-80.37","77.37","4084.0","DOME PLATEAU DOME A, AY",,,,," -341","H,,S"
"AYM00089577","2005-12-16","-80.37","77.37","4084.0","DOME PLATEAU DOME A, AY",,,,," -334","H,,S"
"AYM00089577","2005-12-17","-80.37","77.37","4084.0","DOME PLATEAU DOME A, AY",,,,," -337","H,,S"
"AYM00089577","2005-12-18","-80.37","77.37","4084.0","DOME PLATEAU DOME A, AY",,,,," -321","H,,S"
"AYM00089577","2005-12-19","-80.37","77.37","4084.0","DOME PLATEAU DOME A, AY",,,,," -322","H,,S"
"AYM00089577","2005-12-20","-80.37","77.37","4084.0","DOME PLATEAU DOME A, AY",,,,," -314","H,,S"
"AYM00089577","2005-12-21","-80.37","77.37","4084.0","DOME PLATEAU DOME A, AY",,,,," -317","H,,S"
"AYM00089577","2005-12-22","-80.37","77.37","4084.0","DOME PLATEAU DOME A, AY",,,,," -302","H,,S"
"AYM00089577","2005-12-23","-80.37","77.37","4084.0","DOME PLATEAU DOME A, AY",,,,," -304","H,,S"
"AYM00089577","2005-12-24","-80.37","77.37","4084.0","DOME PLATEAU DOME A, AY",,,,," -258","H,,S"
"AYM00089577","2005-12-25","-80.37","77.37","4084.0","DOME PLATEAU DOME A, AY",,,,," -294","H,,S"
"AYM00089577","2005-12-26","-80.37","77.37","4084.0","DOME PLATEAU DOME A, AY",,,,," -337","H,,S"
"AYM00089577","2005-12-27","-80.37","77.37","4084.0","DOME PLATEAU DOME A, AY",,,,," -326","H,,S"
"AYM00089577","2005-12-28","-80.37","77.37","4084.0","DOME PLATEAU DOME A, AY",,,,," -337","H,,S"
"AYM00089577","2005-12-29","-80.37","77.37","4084.0","DOME PLATEAU DOME A, AY",,,,," -313","H,,S"
"AYM00089577","2005-12-30","-80.37","77.37","4084.0","DOME PLATEAU DOME A, AY",,,,," -336","H,,S"
"AYM00089577","2005-12-31","-80.37","77.37","4084.0","DOME PLATEAU DOME A, AY",,,,," -307","H,,S"
"AYM00089577","2006-01-01","-80.37","77.37","4084.0","DOME PLATEAU DOME A, AY",,,,," -330","H,,S"
"AYM00089577","2006-01-02","-80.37","77.37","4084.0","DOME PLATEAU DOME A, AY",,,,," -327","H,,S"
"AYM00089577","2006-01-03","-80.37","77.37","4084.0","DOME PLATEAU DOME A, AY",,,,," -270","H,,S"
"AYM00089577","2006-01-04","-80.37","77.37","4084.0","DOME PLATEAU DOME A, AY",,,,," -317","H,,S"
"AYM00089577","2006-01-05","-80.37","77.37","4084.0","DOME PLATEAU DOME A, AY",,,,," -326","H,,S"
"AYM00089577","2006-01-06","-80.37","77.37","4084.0","DOME PLATEAU DOME A, AY",,,,," -318","H,,S"
"AYM00089577","2006-01-07","-80.37","77.37","4084.0","DOME PLATEAU DOME A, AY",,,,," -334","H,,S"
"AYM00089577","2006-01-08","-80.37","77.37","4084.0","DOME PLATEAU DOME A, AY",,,,," -332","H,,S"
"AYM00089577","2006-01-09","-80.37","77.37","4084.0","DOME PLATEAU DOME A, AY",,,,," -328","H,,S"
"AYM00089577","2006-01-10","-80.37","77.37","4084.0","DOME PLATEAU DOME A, AY",,,,," -311","H,,S"
"AYM00089577","2006-01-11","-80.37","77.37","4084.0","DOME PLATEAU DOME A, AY",,,,," -299","H,,S"
"AYM00089577","2006-01-12","-80.37","77.37","4084.0","DOME PLATEAU DOME A, AY",,,,," -341","H,,S"
"AYM00089577","2006-01-13","-80.37","77.37","4084.0","DOME PLATEAU DOME A, AY",,,,," -354","H,,S"
"AYM00089577","2006-01-14","-80.37","77.37","4084.0","DOME PLATEAU DOME A, AY",,,,," -324","H,,S"
"AYM00089577","2006-01-15","-80.37","77.37","4084.0","DOME PLATEAU DOME A, AY",,,,," -334","H,,S"
"AYM00089577","2006-01-16","-80.37","77.37","4084.0","DOME PLATEAU DOME A, AY",,,,," -337","H,,S"
"AYM00089577","2006-01-17","-80.37","77.37","4084.0","DOME PLATEAU DOME A, AY",,,,," -333","H,,S"
"AYM00089577","2006-01-18","-80.37","77.37","4084.0","DOME PLATEAU DOME A, AY",,,,," -324","H,,S"
"AYM00089577","2006-01-19","-80.37","77.37","4084.0","DOME PLATEAU DOME A, AY",,,,," -364","H,,S"
"AYM00089577","2006-01-20","-80.37","77.37","4084.0","DOME PLATEAU DOME A, AY",,,,," -353","H,,S"
"AYM00089577","2006-01-21","-80.37","77.37","4084.0","DOME PLATEAU DOME A, AY",,,,," -333","H,,S"
"AYM00089577","2006-01-22","-80.37","77.37","4084.0","DOME PLATEAU DOME A, AY",,,,," -318","H,,S"
"AYM00089577","2006-01-23","-80.37","77.37","4084.0","DOME PLATEAU DOME A, AY",,,,," -283","H,,S"
"AYM00089577","2006-01-24","-80.37","77.37","4084.0","DOME PLATEAU DOME A, AY",,,,," -357","H,,S"
"AYM00089577","2006-01-25","-80.37","77.37","4084.0","DOME PLATEAU DOME A, AY",,,,," -368","H,,S"
"AYM00089577","2006-01-26","-80.37","77.37","4084.0","DOME PLATEAU DOME A, AY",,,,," -373","H,,S"
"AYM00089577","2006-01-27","-80.37","77.37","4084.0","DOME PLATEAU DOME A, AY",,,,," -382","H,,S"
"AYM00089577","2006-01-28","-80.37","77.37","4084.0","DOME PLATEAU DOME A, AY",,,,," -375","H,,S"
"AYM00089577","2006-01-29","-80.37","77.37","4084.0","DOME PLATEAU DOME A, AY",,,,," -374","H,,S"
"AYM00089577","2006-01-30","-80.37","77.37","4084.0","DOME PLATEAU DOME A, AY",,,,," -371","H,,S"
"AYM00089577","2006-01-31","-80.37","77.37","4084.0","DOME PLATEAU DOME A, AY",,,,," -356","H,,S"
"AYM00089577","2006-02-01","-80.37","77.37","4084.0","DOME PLATEAU DOME A, AY",,,,," -398","H,,S"
"AYM00089577","2006-02-02","-80.37","77.37","4084.0","DOME PLATEAU DOME A, AY",,,,," -401","H,,S"
"AYM00089577","2006-02-03","-80.37","77.37","4084.0","DOME PLATEAU DOME A, AY",,,,," -433","H,,S"
"AYM00089577","2006-02-04","-80.37","77.37","4084.0","DOME PLATEAU DOME A, AY",,,,," -449","H,,S"
"AYM00089577","2006-02-05","-80.37","77.37","4084.0","DOME PLATEAU DOME A, AY",,,,," -442","H,,S"
"AYM00089577","2006-02-06","-80.37","77.37","4084.0","DOME PLATEAU DOME A, AY",,,,," -373","H,,S"
"AYM00089577","2006-02-07","-80.37","77.37","4084.0","DOME PLATEAU DOME A, AY",,,,," -428","H,,S"
"AYM00089577","2006-02-08","-80.37","77.37","4084.0","DOME PLATEAU DOME A, AY",,,,," -455","H,,S"
"AYM00089577","2006-02-09","-80.37","77.37","4084.0","DOME PLATEAU DOME A, AY",,,,," -416","H,,S"
"AYM00089577","2006-02-10","-80.37","77.37","4084.0","DOME PLATEAU DOME A, AY",,,,," -417","H,,S"
"AYM00089577","2006-02-11","-80.37","77.37","4084.0","DOME PLATEAU DOME A, AY",,,,," -391","H,,S"
"AYM00089577","2006-02-12","-80.37","77.37","4084.0","DOME PLATEAU DOME A, AY",,,,," -442","H,,S"
"AYM00089577","2006-02-13","-80.37","77.37","4084.0","DOME PLATEAU DOME A, AY",,,,," -385","H,,S"
"AYM00089577","2006-02-14","-80.37","77.37","4084.0","DOME PLATEAU DOME A, AY",,,,," -408","H,,S"
"AYM00089577","2006-02-15","-80.37","77.37","4084.0","DOME PLATEAU DOME A, AY",,,,," -462","H,,S"
"AYM00089577","2006-02-16","-80.37","77.37","4084.0","DOME PLATEAU DOME A, AY",,,,," -447","H,,S"
"AYM00089577","2006-02-17","-80.37","77.37","4084.0","DOME PLATEAU DOME A, AY",,,,," -421","H,,S"
"AYM00089577","2006-02-18","-80.37","77.37","4084.0","DOME PLATEAU DOME A, AY",,,,," -448","H,,S"
"AYM00089577","2006-02-19","-80.37","77.37","4084.0","DOME PLATEAU DOME A, AY",,,,," -441","H,,S"
"AYM00089577","2006-02-20","-80.37","77.37","4084.0","DOME PLATEAU DOME A, AY",,,,," -419","H,,S"
"AYM00089577","2006-02-21","-80.37","77.37","4084.0","DOME PLATEAU DOME A, AY",,,,," -402","H,,S"
"AYM00089577","2006-02-22","-80.37","77.37","4084.0","DOME PLATEAU DOME A, AY",,,,," -432","H,,S"
"AYM00089577","2006-02-23","-80.37","77.37","4084.0","DOME PLATEAU DOME A, AY",,,,," -463","H,,S"
"AYM00089577","2006-02-24","-80.37","77.37","4084.0","DOME PLATEAU DOME A, AY",,,,," -459","H,,S"
"AYM00089577","2006-02-25","-80.37","77.37","4084.0","DOME PLATEAU DOME A, AY",,,,," -486","H,,S"
"AYM00089577","2006-02-26","-80.37","77.37","4084.0","DOME PLATEAU DOME A, AY",,,,," -472","H,,S"
"AYM00089577","2006-02-27","-80.37","77.37","4084.0","DOME PLATEAU DOME A, AY",,,,," -484","H,,S"
"AYM00089577","2006-02-28","-80.37","77.37","4084.0","DOME PLATEAU DOME A, AY",,,,," -488","H,,S"
"AYM00089577","2006-03-01","-80.37","77.37","4084.0","DOME PLATEAU DOME A, AY",,,,," -531","H,,S"
"AYM00089577","2006-03-02","-80.37","77.37","4084.0","DOME PLATEAU DOME A, AY",,,,," -513","H,,S"
"AYM00089577","2006-03-03","-80.37","77.37","4084.0","DOME PLATEAU DOME A, AY",,,,," -499","H,,S"
"AYM00089577","2006-03-04","-80.37","77.37","4084.0","DOME PLATEAU DOME A, AY",,,,," -484","H,,S"
"AYM00089577","2006-03-05","-80.37","77.37","4084.0","DOME PLATEAU DOME A, AY",,,,," -498","H,,S"
"AYM00089577","2006-03-06","-80.37","77.37","4084.0","DOME PLATEAU DOME A, AY",,,,," -467","H,,S"
"AYM00089577","2006-03-07","-80.37","77.37","4084.0","DOME PLATEAU DOME A, AY",,,,," -471","H,,S"
"AYM00089577","2006-03-08","-80.37","77.37","4084.0","DOME PLATEAU DOME A, AY",,,,," -524","H,,S"
"AYM00089577","2006-03-09","-80.37","77.37","4084.0","DOME PLATEAU DOME A, AY",,,,," -574","H,,S"
"AYM00089577","2006-03-10","-80.37","77.37","4084.0","DOME PLATEAU DOME A, AY",,,,," -561","H,,S"
"AYM00089577","2006-03-11","-80.37","77.37","4084.0","DOME PLATEAU DOME A, AY",,,,," -580","H,,S"
"AYM00089577","2006-03-12","-80.37","77.37","4084.0","DOME PLATEAU DOME A, AY",,,,," -598","H,,S"
"AYM00089577","2006-03-13","-80.37","77.37","4084.0","DOME PLATEAU DOME A, AY",,,,," -617","H,,S"
"AYM00089577","2006-03-14","-80.37","77.37","4084.0","DOME PLATEAU DOME A, AY",,,,," -582","H,,S"
"AYM00089577","2006-03-15","-80.37","77.37","4084.0","DOME PLATEAU DOME A, AY",,,,," -578","H,,S"
"AYM00089577","2006-03-16","-80.37","77.37","4084.0","DOME PLATEAU DOME A, AY",,,,," -557","H,,S"
"AYM00089577","2006-03-17","-80.37","77.37","4084.0","DOME PLATEAU DOME A, AY",,,,," -584","H,,S"
"AYM00089577","2006-03-18","-80.37","77.37","4084.0","DOME PLATEAU DOME A, AY",,,,," -613","H,,S"
"AYM00089577","2006-03-19","-80.37","77.37","4084.0","DOME PLATEAU DOME A, AY",,,,," -596","H,,S"
"AYM00089577","2006-03-20","-80.37","77.37","4084.0","DOME PLATEAU DOME A, AY",,,,," -593","H,,S"
"AYM00089577","2006-03-21","-80.37","77.37","4084.0","DOME PLATEAU DOME A, AY",,,,," -650","H,,S"
"AYM00089577","2006-03-22","-80.37","77.37","4084.0","DOME PLATEAU DOME A, AY",,,,," -659","H,,S"
"AYM00089577","2006-03-23","-80.37","77.37","4084.0","DOME PLATEAU DOME A, AY",,,,," -628","H,,S"
"AYM00089577","2006-03-24","-80.37","77.37","4084.0","DOME PLATEAU DOME A, AY",,,,," -592","H,,S"
"AYM00089577","2006-03-25","-80.37","77.37","4084.0","DOME PLATEAU DOME A, AY",,,,," -579","H,,S"
"AYM00089577","2006-03-26","-80.37","77.37","4084.0","DOME PLATEAU DOME A, AY",,,,," -580","H,,S"
"AYM00089577","2006-03-27","-80.37","77.37","4084.0","DOME PLATEAU DOME A, AY",,,,," -584","H,,S"
"AYM00089577","2006-03-28","-80.37","77.37","4084.0","DOME PLATEAU DOME A, AY",,,,," -603","H,,S"
"AYM00089577","2006-03-29","-80.37","77.37","4084.0","DOME PLATEAU DOME A, AY",,,,," -613","H,,S"
"AYM00089577","2006-03-30","-80.37","77.37","4084.0","DOME PLATEAU DOME A, AY",,,,," -615","H,,S"
"AYM00089577","2006-03-31","-80.37","77.37","4084.0","DOME PLATEAU DOME A, AY",,,,," -622","H,,S"
"AYM00089577","2006-04-01","-80.37","77.37","4084.0","DOME PLATEAU DOME A, AY",,,,," -598","H,,S"
"AYM00089577","2006-04-02","-80.37","77.37","4084.0","DOME PLATEAU DOME A, AY",,,,," -550","H,,S"
"AYM00089577","2006-04-03","-80.37","77.37","4084.0","DOME PLATEAU DOME A, AY",,,,," -577","H,,S"
"AYM00089577","2006-04-04","-80.37","77.37","4084.0","DOME PLATEAU DOME A, AY",,,,," -655","H,,S"
"AYM00089577","2006-04-05","-80.37","77.37","4084.0","DOME PLATEAU DOME A, AY",,,,," -586","H,,S"
"AYM00089577","2006-04-06","-80.37","77.37","4084.0","DOME PLATEAU DOME A, AY",,,,," -487","H,,S"
"AYM00089577","2006-04-07","-80.37","77.37","4084.0","DOME PLATEAU DOME A, AY",,,,," -553","H,,S"
"AYM00089577","2006-04-08","-80.37","77.37","4084.0","DOME PLATEAU DOME A, AY",,,,," -629","H,,S"
"AYM00089577","2006-04-09","-80.37","77.37","4084.0","DOME PLATEAU DOME A, AY",,,,," -623","H,,S"
"AYM00089577","2006-04-10","-80.37","77.37","4084.0","DOME PLATEAU DOME A, AY",,,,," -513","H,,S"
"AYM00089577","2006-04-11","-80.37","77.37","4084.0","DOME PLATEAU DOME A, AY",,,,," -563","H,,S"
"AYM00089577","2006-04-12","-80.37","77.37","4084.0","DOME PLATEAU DOME A, AY",,,,," -618","H,,S"
"AYM00089577","2006-04-13","-80.37","77.37","4084.0","DOME PLATEAU DOME A, AY",,,,," -594","H,,S"
"AYM00089577","2006-04-14","-80.37","77.37","4084.0","DOME PLATEAU DOME A, AY",,,,," -591","H,,S"
"AYM00089577","2006-04-15","-80.37","77.37","4084.0","DOME PLATEAU DOME A, AY",,,,," -618","H,,S"
"AYM00089577","2006-04-16","-80.37","77.37","4084.0","DOME PLATEAU DOME A, AY",,,,," -669","H,,S"
"AYM00089577","2006-04-17","-80.37","77.37","4084.0","DOME PLATEAU DOME A, AY",,,,," -636","H,,S"
"AYM00089577","2006-04-18","-80.37","77.37","4084.0","DOME PLATEAU DOME A, AY",,,,," -670","H,,S"
"AYM00089577","2006-04-19","-80.37","77.37","4084.0","DOME PLATEAU DOME A, AY",,,,," -642","H,,S"
"AYM00089577","2006-04-20","-80.37","77.37","4084.0","DOME PLATEAU DOME A, AY",,,,," -671","H,,S"
"AYM00089577","2006-04-21","-80.37","77.37","4084.0","DOME PLATEAU DOME A, AY",,,,," -627","H,,S"
"AYM00089577","2006-04-22","-80.37","77.37","4084.0","DOME PLATEAU DOME A, AY",,,,," -543","H,,S"
"AYM00089577","2006-04-23","-80.37","77.37","4084.0","DOME PLATEAU DOME A, AY",,,,," -547","H,,S"
"AYM00089577","2006-04-24","-80.37","77.37","4084.0","DOME PLATEAU DOME A, AY",,,,," -641","H,,S"
"AYM00089577","2006-04-25","-80.37","77.37","4084.0","DOME PLATEAU DOME A, AY",,,,," -649","H,,S"
"AYM00089577","2006-04-26","-80.37","77.37","4084.0","DOME PLATEAU DOME A, AY",,,,," -579","H,,S"
"AYM00089577","2006-04-27","-80.37","77.37","4084.0","DOME PLATEAU DOME A, AY",,,,," -584","H,,S"
"AYM00089577","2006-04-28","-80.37","77.37","4084.0","DOME PLATEAU DOME A, AY",,,,," -566","H,,S"
"AYM00089577","2006-04-29","-80.37","77.37","4084.0","DOME PLATEAU DOME A, AY",,,,," -612","H,,S"
"AYM00089577","2006-04-30","-80.37","77.37","4084.0","DOME PLATEAU DOME A, AY",,,,," -658","H,,S"
"AYM00089577","2006-05-01","-80.37","77.37","4084.0","DOME PLATEAU DOME A, AY",,,,," -597","H,,S"
"AYM00089577","2006-05-02","-80.37","77.37","4084.0","DOME PLATEAU DOME A, AY",,,,," -580","H,,S"
"AYM00089577","2006-05-03","-80.37","77.37","4084.0","DOME PLATEAU DOME A, AY",,,,," -629","H,,S"
"AYM00089577","2006-05-04","-80.37","77.37","4084.0","DOME PLATEAU DOME A, AY",,,,," -632","H,,S"
"AYM00089577","2006-05-05","-80.37","77.37","4084.0","DOME PLATEAU DOME A, AY",,,,," -614","H,,S"
"AYM00089577","2006-05-06","-80.37","77.37","4084.0","DOME PLATEAU DOME A, AY",,,,," -560","H,,S"
"AYM00089577","2006-05-07","-80.37","77.37","4084.0","DOME PLATEAU DOME A, AY",,,,," -545","H,,S"
"AYM00089577","2006-05-08","-80.37","77.37","4084.0","DOME PLATEAU DOME A, AY",,,,," -640","H,,S"
"AYM00089577","2006-05-09","-80.37","77.37","4084.0","DOME PLATEAU DOME A, AY",,,,," -667","H,,S"
"AYM00089577","2006-05-10","-80.37","77.37","4084.0","DOME PLATEAU DOME A, AY",,,,," -665","H,,S"
"AYM00089577","2006-05-11","-80.37","77.37","4084.0","DOME PLATEAU DOME A, AY",,,,," -666","H,,S"
"AYM00089577","2006-05-12","-80.37","77.37","4084.0","DOME PLATEAU DOME A, AY",,,,," -643","H,,S"
"AYM00089577","2006-05-13","-80.37","77.37","4084.0","DOME PLATEAU DOME A, AY",,,,," -628","H,,S"
"AYM00089577","2006-05-14","-80.37","77.37","4084.0","DOME PLATEAU DOME A, AY",,,,," -704","H,,S"
"AYM00089577","2006-05-15","-80.37","77.37","4084.0","DOME PLATEAU DOME A, AY",,,,," -696","H,,S"
"AYM00089577","2006-05-16","-80.37","77.37","4084.0","DOME PLATEAU DOME A, AY",,,,," -598","H,,S"
"AYM00089577","2006-05-17","-80.37","77.37","4084.0","DOME PLATEAU DOME A, AY",,,,," -618","H,,S"
"AYM00089577","2006-05-18","-80.37","77.37","4084.0","DOME PLATEAU DOME A, AY",,,,," -667","H,,S"
"AYM00089577","2006-05-19","-80.37","77.37","4084.0","DOME PLATEAU DOME A, AY",,,,," -652","H,,S"
"AYM00089577","2006-05-20","-80.37","77.37","4084.0","DOME PLATEAU DOME A, AY",,,,," -646","H,,S"
"AYM00089577","2006-05-21","-80.37","77.37","4084.0","DOME PLATEAU DOME A, AY",,,,," -661","H,,S"
"AYM00089577","2006-05-22","-80.37","77.37","4084.0","DOME PLATEAU DOME A, AY",,,,," -674","H,,S"
"AYM00089577","2006-05-23","-80.37","77.37","4084.0","DOME PLATEAU DOME A, AY",,,,," -593","H,,S"
"AYM00089577","2006-05-24","-80.37","77.37","4084.0","DOME PLATEAU DOME A, AY",,,,," -598","H,,S"
"AYM00089577","2006-05-25","-80.37","77.37","4084.0","DOME PLATEAU DOME A, AY",,,,," -586","H,,S"
"AYM00089577","2006-05-26","-80.37","77.37","4084.0","DOME PLATEAU DOME A, AY",,,,," -656","H,,S"
"AYM00089577","2006-05-27","-80.37","77.37","4084.0","DOME PLATEAU DOME A, AY",,,,," -646","H,,S"
"AYM00089577","2006-05-28","-80.37","77.37","4084.0","DOME PLATEAU DOME A, AY",,,,," -679","H,,S"
"AYM00089577","2006-05-29","-80.37","77.37","4084.0","DOME PLATEAU DOME A, AY",,,,," -638","H,,S"
"AYM00089577","2006-05-30","-80.37","77.37","4084.0","DOME PLATEAU DOME A, AY",,,,," -638","H,,S"
"AYM00089577","2006-05-31","-80.37","77.37","4084.0","DOME PLATEAU DOME A, AY",,,,," -651","H,,S"
"AYM00089577","2006-06-01","-80.37","77.37","4084.0","DOME PLATEAU DOME A, AY",,,,," -669","H,,S"
"AYM00089577","2006-06-02","-80.37","77.37","4084.0","DOME PLATEAU DOME A, AY",,,,," -670","H,,S"
"AYM00089577","2006-06-03","-80.37","77.37","4084.0","DOME PLATEAU DOME A, AY",,,,," -629","H,,S"
"AYM00089577","2006-06-04","-80.37","77.37","4084.0","DOME PLATEAU DOME A, AY",,,,," -573","H,,S"
"AYM00089577","2006-06-05","-80.37","77.37","4084.0","DOME PLATEAU DOME A, AY",,,,," -550","H,,S"
"AYM00089577","2006-06-06","-80.37","77.37","4084.0","DOME PLATEAU DOME A, AY",,,,," -614","H,,S"
"AYM00089577","2006-06-07","-80.37","77.37","4084.0","DOME PLATEAU DOME A, AY",,,,," -679","H,,S"
"AYM00089577","2006-06-08","-80.37","77.37","4084.0","DOME PLATEAU DOME A, AY",,,,," -627","H,,S"
"AYM00089577","2006-06-09","-80.37","77.37","4084.0","DOME PLATEAU DOME A, AY",,,,," -618","H,,S"
"AYM00089577","2006-06-10","-80.37","77.37","4084.0","DOME PLATEAU DOME A, AY",,,,," -620","H,,S"
"AYM00089577","2006-06-11","-80.37","77.37","4084.0","DOME PLATEAU DOME A, AY",,,,," -599","H,,S"
"AYM00089577","2006-06-12","-80.37","77.37","4084.0","DOME PLATEAU DOME A, AY",,,,," -532","H,,S"
"AYM00089577","2006-06-13","-80.37","77.37","4084.0","DOME PLATEAU DOME A, AY",,,,," -560","H,,S"
"AYM00089577","2006-06-14","-80.37","77.37","4084.0","DOME PLATEAU DOME A, AY",,,,," -596","H,,S"
"AYM00089577","2006-06-15","-80.37","77.37","4084.0","DOME PLATEAU DOME A, AY",,,,," -677","H,,S"
"AYM00089577","2006-06-16","-80.37","77.37","4084.0","DOME PLATEAU DOME A, AY",,,,," -641","H,,S"
"AYM00089577","2006-06-17","-80.37","77.37","4084.0","DOME PLATEAU DOME A, AY",,,,," -582","H,,S"
"AYM00089577","2006-06-18","-80.37","77.37","4084.0","DOME PLATEAU DOME A, AY",,,,," -639","H,,S"
"AYM00089577","2006-06-19","-80.37","77.37","4084.0","DOME PLATEAU DOME A, AY",,,,," -689","H,,S"
"AYM00089577","2006-06-20","-80.37","77.37","4084.0","DOME PLATEAU DOME A, AY",,,,," -612","H,,S"
"AYM00089577","2006-06-21","-80.37","77.37","4084.0","DOME PLATEAU DOME A, AY",,,,," -660","H,,S"
"AYM00089577","2006-06-22","-80.37","77.37","4084.0","DOME PLATEAU DOME A, AY",,,,," -659","H,,S"
"AYM00089577","2006-06-23","-80.37","77.37","4084.0","DOME PLATEAU DOME A, AY",,,,," -607","H,,S"
"AYM00089577","2006-06-24","-80.37","77.37","4084.0","DOME PLATEAU DOME A, AY",,,,," -552","H,,S"
"AYM00089577","2006-06-25","-80.37","77.37","4084.0","DOME PLATEAU DOME A, AY",,,,," -599","H,,S"
"AYM00089577","2006-06-26","-80.37","77.37","4084.0","DOME PLATEAU DOME A, AY",,,,," -622","H,,S"
"AYM00089577","2006-06-27","-80.37","77.37","4084.0","DOME PLATEAU DOME A, AY",,,,," -627","H,,S"
"AYM00089577","2006-06-28","-80.37","77.37","4084.0","DOME PLATEAU DOME A, AY",,,,," -623","H,,S"
"AYM00089577","2006-06-29","-80.37","77.37","4084.0","DOME PLATEAU DOME A, AY",,,,," -581","H,,S"
"AYM00089577","2006-06-30","-80.37","77.37","4084.0","DOME PLATEAU DOME A, AY",,,,," -580","H,,S"
"AYM00089577","2006-07-01","-80.37","77.37","4084.0","DOME PLATEAU DOME A, AY",,,,," -557","H,,S"
"AYM00089577","2006-07-02","-80.37","77.37","4084.0","DOME PLATEAU DOME A, AY",,,,," -582","H,,S"
"AYM00089577","2006-07-03","-80.37","77.37","4084.0","DOME PLATEAU DOME A, AY",,,,," -635","H,,S"
"AYM00089577","2006-07-04","-80.37","77.37","4084.0","DOME PLATEAU DOME A, AY",,,,," -667","H,,S"
"AYM00089577","2006-07-05","-80.37","77.37","4084.0","DOME PLATEAU DOME A, AY",,,,," -649","H,,S"
"AYM00089577","2006-07-06","-80.37","77.37","4084.0","DOME PLATEAU DOME A, AY",,,,," -669","H,,S"
"AYM00089577","2006-07-07","-80.37","77.37","4084.0","DOME PLATEAU DOME A, AY",,,,," -656","H,,S"
"AYM00089577","2006-07-08","-80.37","77.37","4084.0","DOME PLATEAU DOME A, AY",,,,," -642","H,,S"
"AYM00089577","2006-07-09","-80.37","77.37","4084.0","DOME PLATEAU DOME A, AY",,,,," -656","H,,S"
"AYM00089577","2006-07-10","-80.37","77.37","4084.0","DOME PLATEAU DOME A, AY",,,,," -561","H,,S"
"AYM00089577","2006-07-11","-80.37","77.37","4084.0","DOME PLATEAU DOME A, AY",,,,," -591","H,,S"
"AYM00089577","2006-07-12","-80.37","77.37","4084.0","DOME PLATEAU DOME A, AY",,,,," -679","H,,S"
"AYM00089577","2006-07-13","-80.37","77.37","4084.0","DOME PLATEAU DOME A, AY",,,,," -731","H,,S"
"AYM00089577","2006-07-14","-80.37","77.37","4084.0","DOME PLATEAU DOME A, AY",,,,," -696","H,,S"
"AYM00089577","2006-07-15","-80.37","77.37","4084.0","DOME PLATEAU DOME A, AY",,,,," -680","H,,S"
"AYM00089577","2006-07-16","-80.37","77.37","4084.0","DOME PLATEAU DOME A, AY",,,,," -657","H,,S"
"AYM00089577","2006-07-17","-80.37","77.37","4084.0","DOME PLATEAU DOME A, AY",,,,," -690","H,,S"
"AYM00089577","2006-07-18","-80.37","77.37","4084.0","DOME PLATEAU DOME A, AY",,,,," -616","H,,S"
"AYM00089577","2006-07-19","-80.37","77.37","4084.0","DOME PLATEAU DOME A, AY",,,,," -601","H,,S"
"AYM00089577","2006-07-20","-80.37","77.37","4084.0","DOME PLATEAU DOME A, AY",,,,," -541","H,,S"
"AYM00089577","2006-07-21","-80.37","77.37","4084.0","DOME PLATEAU DOME A, AY",,,,," -591","H,,S"
"AYM00089577","2006-07-22","-80.37","77.37","4084.0","DOME PLATEAU DOME A, AY",,,,," -618","H,,S"
"AYM00089577","2006-07-23","-80.37","77.37","4084.0","DOME PLATEAU DOME A, AY",,,,," -637","H,,S"
"AYM00089577","2006-07-24","-80.37","77.37","4084.0","DOME PLATEAU DOME A, AY",,,,," -716","H,,S"
"AYM00089577","2006-07-25","-80.37","77.37","4084.0","DOME PLATEAU DOME A, AY",,,,," -658","H,,S"
"AYM00089577","2006-07-26","-80.37","77.37","4084.0","DOME PLATEAU DOME A, AY",,,,," -616","H,,S"
"AYM00089577","2006-07-27","-80.37","77.37","4084.0","DOME PLATEAU DOME A, AY",,,,," -604","H,,S"
"AYM00089577","2006-07-28","-80.37","77.37","4084.0","DOME PLATEAU DOME A, AY",,,,," -636","H,,S"
"AYM00089577","2006-07-29","-80.37","77.37","4084.0","DOME PLATEAU DOME A, AY",,,,," -604","H,,S"
"AYM00089577","2006-07-30","-80.37","77.37","4084.0","DOME PLATEAU DOME A, AY",,,,," -581","H,,S"
"AYM00089577","2006-07-31","-80.37","77.37","4084.0","DOME PLATEAU DOME A, AY",,,,," -573","H,,S"
"AYM00089577","2006-08-01","-80.37","77.37","4084.0","DOME PLATEAU DOME A, AY",,,,," -541","H,,S"
"AYM00089577","2006-08-02","-80.37","77.37","4084.0","DOME PLATEAU DOME A, AY",,,,," -521","H,,S"
"AYM00089577","2006-08-03","-80.37","77.37","4084.0","DOME PLATEAU DOME A, AY",,,,," -542","H,,S"
"AYM00089577","2006-08-04","-80.37","77.37","4084.0","DOME PLATEAU DOME A, AY",,,,," -644","H,,S"
"AYM00089577","2006-08-05","-80.37","77.37","4084.0","DOME PLATEAU DOME A, AY",,,,," -681","H,,S"
"AYM00089577","2006-08-06","-80.37","77.37","4084.0","DOME PLATEAU DOME A, AY",,,,," -635","H,,S"
"AYM00089577","2006-08-07","-80.37","77.37","4084.0","DOME PLATEAU DOME A, AY",,,,," -642","H,,S"
"AYM00089577","2006-08-08","-80.37","77.37","4084.0","DOME PLATEAU DOME A, AY",,,,," -558","H,,S"
"AYM00089577","2006-08-09","-80.37","77.37","4084.0","DOME PLATEAU DOME A, AY",,,,," -606","H,,S"
"AYM00089577","2006-08-10","-80.37","77.37","4084.0","DOME PLATEAU DOME A, AY",,,,," -639","H,,S"
"AYM00089577","2006-08-11","-80.37","77.37","4084.0","DOME PLATEAU DOME A, AY",,,,," -666","H,,S"
"AYM00089577","2006-08-12","-80.37","77.37","4084.0","DOME PLATEAU DOME A, AY",,,,," -615","H,,S"
"AYM00089577","2006-08-13","-80.37","77.37","4084.0","DOME PLATEAU DOME A, AY",,,,," -621","H,,S"
"AYM00089577","2006-08-14","-80.37","77.37","4084.0","DOME PLATEAU DOME A, AY",,,,," -554","H,,S"
"AYM00089577","2006-08-15","-80.37","77.37","4084.0","DOME PLATEAU DOME A, AY",,,,," -517","H,,S"
"AYM00089577","2006-08-16","-80.37","77.37","4084.0","DOME PLATEAU DOME A, AY",,,,," -540","H,,S"
"AYM00089577","2006-08-17","-80.37","77.37","4084.0","DOME PLATEAU DOME A, AY",,,,," -586","H,,S"
"AYM00089577","2006-08-18","-80.37","77.37","4084.0","DOME PLATEAU DOME A, AY",,,,," -539","H,,S"
"AYM00089577","2006-08-19","-80.37","77.37","4084.0","DOME PLATEAU DOME A, AY",,,,," -619","H,,S"
"AYM00089577","2006-08-20","-80.37","77.37","4084.0","DOME PLATEAU DOME A, AY",,,,," -696","H,,S"
"AYM00089577","2006-08-21","-80.37","77.37","4084.0","DOME PLATEAU DOME A, AY",,,,," -706","H,,S"
"AYM00089577","2006-08-22","-80.37","77.37","4084.0","DOME PLATEAU DOME A, AY",,,,," -638","H,,S"
"AYM00089577","2006-08-23","-80.37","77.37","4084.0","DOME PLATEAU DOME A, AY",,,,," -574","H,,S"
"AYM00089577","2006-08-24","-80.37","77.37","4084.0","DOME PLATEAU DOME A, AY",,,,," -639","H,,S"
"AYM00089577","2006-08-25","-80.37","77.37","4084.0","DOME PLATEAU DOME A, AY",,,,," -550","H,,S"
"AYM00089577","2006-08-26","-80.37","77.37","4084.0","DOME PLATEAU DOME A, AY",,,,," -564","H,,S"
"AYM00089577","2006-08-27","-80.37","77.37","4084.0","DOME PLATEAU DOME A, AY",,,,," -608","H,,S"
"AYM00089577","2006-08-28","-80.37","77.37","4084.0","DOME PLATEAU DOME A, AY",,,,," -641","H,,S"
"AYM00089577","2006-08-29","-80.37","77.37","4084.0","DOME PLATEAU DOME A, AY",,,,," -674","H,,S"
"AYM00089577","2006-08-30","-80.37","77.37","4084.0","DOME PLATEAU DOME A, AY",,,,," -613","H,,S"
"AYM00089577","2006-08-31","-80.37","77.37","4084.0","DOME PLATEAU DOME A, AY",,,,," -634","H,,S"
"AYM00089577","2006-09-01","-80.37","77.37","4084.0","DOME PLATEAU DOME A, AY",,,,," -743","H,,S"
"AYM00089577","2006-09-02","-80.37","77.37","4084.0","DOME PLATEAU DOME A, AY",,,,," -767","H,,S"
"AYM00089577","2006-09-03","-80.37","77.37","4084.0","DOME PLATEAU DOME A, AY",,,,," -695","H,,S"
"AYM00089577","2006-09-04","-80.37","77.37","4084.0","DOME PLATEAU DOME A, AY",,,,," -737","H,,S"
"AYM00089577","2006-09-05","-80.37","77.37","4084.0","DOME PLATEAU DOME A, AY",,,,," -762","H,,S"
"AYM00089577","2006-09-06","-80.37","77.37","4084.0","DOME PLATEAU DOME A, AY",,,,," -648","H,,S"
"AYM00089577","2006-09-07","-80.37","77.37","4084.0","DOME PLATEAU DOME A, AY",,,,," -617","H,,S"
"AYM00089577","2006-09-08","-80.37","77.37","4084.0","DOME PLATEAU DOME A, AY",,,,," -620","H,,S"
"AYM00089577","2006-09-09","-80.37","77.37","4084.0","DOME PLATEAU DOME A, AY",,,,," -676","H,,S"
"AYM00089577","2006-09-10","-80.37","77.37","4084.0","DOME PLATEAU DOME A, AY",,,,," -676","H,,S"
"AYM00089577","2006-09-11","-80.37","77.37","4084.0","DOME PLATEAU DOME A, AY",,,,," -693","H,,S"
"AYM00089577","2006-09-12","-80.37","77.37","4084.0","DOME PLATEAU DOME A, AY",,,,," -635","H,,S"
"AYM00089577","2006-09-13","-80.37","77.37","4084.0","DOME PLATEAU DOME A, AY",,,,," -628","H,,S"
"AYM00089577","2006-09-14","-80.37","77.37","4084.0","DOME PLATEAU DOME A, AY",,,,," -670","H,,S"
"AYM00089577","2006-09-15","-80.37","77.37","4084.0","DOME PLATEAU DOME A, AY",,,,," -719","H,,S"
"AYM00089577","2006-09-16","-80.37","77.37","4084.0","DOME PLATEAU DOME A, AY",,,,," -681","H,,S"
"AYM00089577","2006-09-17","-80.37","77.37","4084.0","DOME PLATEAU DOME A, AY",,,,," -613","H,,S"
"AYM00089577","2006-09-18","-80.37","77.37","4084.0","DOME PLATEAU DOME A, AY",,,,," -584","H,,S"
"AYM00089577","2006-09-19","-80.37","77.37","4084.0","DOME PLATEAU DOME A, AY",,,,," -534","H,,S"
"AYM00089577","2006-09-20","-80.37","77.37","4084.0","DOME PLATEAU DOME A, AY",,,,," -433","H,,S"
"AYM00089577","2006-09-21","-80.37","77.37","4084.0","DOME PLATEAU DOME A, AY",,,,," -427","H,,S"
"AYM00089577","2006-09-22","-80.37","77.37","4084.0","DOME PLATEAU DOME A, AY",,,,," -522","H,,S"
"AYM00089577","2006-09-23","-80.37","77.37","4084.0","DOME PLATEAU DOME A, AY",,,,," -628","H,,S"
"AYM00089577","2006-09-24","-80.37","77.37","4084.0","DOME PLATEAU DOME A, AY",,,,," -637","H,,S"
"AYM00089577","2006-09-25","-80.37","77.37","4084.0","DOME PLATEAU DOME A, AY",,,,," -561","H,,S"
"AYM00089577","2006-09-26","-80.37","77.37","4084.0","DOME PLATEAU DOME A, AY",,,,," -534","H,,S"
"AYM00089577","2006-09-27","-80.37","77.37","4084.0","DOME PLATEAU DOME A, AY",,,,," -567","H,,S"
"AYM00089577","2006-09-28","-80.37","77.37","4084.0","DOME PLATEAU DOME A, AY",,,,," -571","H,,S"
"AYM00089577","2006-09-29","-80.37","77.37","4084.0","DOME PLATEAU DOME A, AY",,,,," -566","H,,S"
"AYM00089577","2006-09-30","-80.37","77.37","4084.0","DOME PLATEAU DOME A, AY",,,,," -583","H,,S"
"AYM00089577","2006-10-01","-80.37","77.37","4084.0","DOME PLATEAU DOME A, AY",,,,," -595","H,,S"
"AYM00089577","2006-10-02","-80.37","77.37","4084.0","DOME PLATEAU DOME A, AY",,,,," -587","H,,S"
"AYM00089577","2006-10-03","-80.37","77.37","4084.0","DOME PLATEAU DOME A, AY",,,,," -590","H,,S"
"AYM00089577","2006-10-04","-80.37","77.37","4084.0","DOME PLATEAU DOME A, AY",,,,," -604","H,,S"
"AYM00089577","2006-10-05","-80.37","77.37","4084.0","DOME PLATEAU DOME A, AY",,,,," -613","H,,S"
"AYM00089577","2006-10-06","-80.37","77.37","4084.0","DOME PLATEAU DOME A, AY",,,,," -585","H,,S"
"AYM00089577","2006-10-07","-80.37","77.37","4084.0","DOME PLATEAU DOME A, AY",,,,," -572","H,,S"
"AYM00089577","2006-10-08","-80.37","77.37","4084.0","DOME PLATEAU DOME A, AY",,,,," -506","H,,S"
"AYM00089577","2006-10-09","-80.37","77.37","4084.0","DOME PLATEAU DOME A, AY",,,,," -480","H,,S"
"AYM00089577","2006-10-10","-80.37","77.37","4084.0","DOME PLATEAU DOME A, AY",,,,," -464","H,,S"
"AYM00089577","2006-10-11","-80.37","77.37","4084.0","DOME PLATEAU DOME A, AY",,,,," -476","H,,S"
"AYM00089577","2006-10-12","-80.37","77.37","4084.0","DOME PLATEAU DOME A, AY",,,,," -475","H,,S"
"AYM00089577","2006-10-13","-80.37","77.37","4084.0","DOME PLATEAU DOME A, AY",,,,," -508","H,,S"
"AYM00089577","2006-10-14","-80.37","77.37","4084.0","DOME PLATEAU DOME A, AY",,,,," -522","H,,S"
"AYM00089577","2006-10-15","-80.37","77.37","4084.0","DOME PLATEAU DOME A, AY",,,,," -582","H,,S"
"AYM00089577","2006-10-16","-80.37","77.37","4084.0","DOME PLATEAU DOME A, AY",,,,," -613","H,,S"
"AYM00089577","2006-10-17","-80.37","77.37","4084.0","DOME PLATEAU DOME A, AY",,,,," -610","H,,S"
"AYM00089577","2006-10-18","-80.37","77.37","4084.0","DOME PLATEAU DOME A, AY",,,,," -612","H,,S"
"AYM00089577","2006-10-19","-80.37","77.37","4084.0","DOME PLATEAU DOME A, AY",,,,," -628","H,,S"
"AYM00089577","2006-10-20","-80.37","77.37","4084.0","DOME PLATEAU DOME A, AY",,,,," -630","H,,S"
"AYM00089577","2006-10-21","-80.37","77.37","4084.0","DOME PLATEAU DOME A, AY",,,,," -572","H,,S"
"AYM00089577","2006-10-22","-80.37","77.37","4084.0","DOME PLATEAU DOME A, AY",,,,," -538","H,,S"
"AYM00089577","2006-10-23","-80.37","77.37","4084.0","DOME PLATEAU DOME A, AY",,,,," -561","H,,S"
"AYM00089577","2006-10-24","-80.37","77.37","4084.0","DOME PLATEAU DOME A, AY",,,,," -545","H,,S"
"AYM00089577","2006-10-25","-80.37","77.37","4084.0","DOME PLATEAU DOME A, AY",,,,," -542","H,,S"
"AYM00089577","2006-10-26","-80.37","77.37","4084.0","DOME PLATEAU DOME A, AY",,,,," -464","H,,S"
"AYM00089577","2006-10-27","-80.37","77.37","4084.0","DOME PLATEAU DOME A, AY",,,,," -464","H,,S"
"AYM00089577","2006-10-28","-80.37","77.37","4084.0","DOME PLATEAU DOME A, AY",,,,," -511","H,,S"
"AYM00089577","2006-10-29","-80.37","77.37","4084.0","DOME PLATEAU DOME A, AY",,,,," -576","H,,S"
"AYM00089577","2006-10-30","-80.37","77.37","4084.0","DOME PLATEAU DOME A, AY",,,,," -556","H,,S"
"AYM00089577","2006-10-31","-80.37","77.37","4084.0","DOME PLATEAU DOME A, AY",,,,," -477","H,,S"
"AYM00089577","2006-11-01","-80.37","77.37","4084.0","DOME PLATEAU DOME A, AY",,,,," -511","H,,S"
"AYM00089577","2006-11-02","-80.37","77.37","4084.0","DOME PLATEAU DOME A, AY",,,,," -511","H,,S"
"AYM00089577","2006-11-03","-80.37","77.37","4084.0","DOME PLATEAU DOME A, AY",,,,," -492","H,,S"
"AYM00089577","2006-11-04","-80.37","77.37","4084.0","DOME PLATEAU DOME A, AY",,,,," -494","H,,S"
"AYM00089577","2006-11-05","-80.37","77.37","4084.0","DOME PLATEAU DOME A, AY",,,,," -485","H,,S"
"AYM00089577","2006-11-06","-80.37","77.37","4084.0","DOME PLATEAU DOME A, AY",,,,," -412","H,,S"
"AYM00089577","2006-11-07","-80.37","77.37","4084.0","DOME PLATEAU DOME A, AY",,,,," -431","H,,S"
"AYM00089577","2006-11-08","-80.37","77.37","4084.0","DOME PLATEAU DOME A, AY",,,,," -401","H,,S"
"AYM00089577","2006-11-09","-80.37","77.37","4084.0","DOME PLATEAU DOME A, AY",,,,," -402","H,,S"
"AYM00089577","2006-11-10","-80.37","77.37","4084.0","DOME PLATEAU DOME A, AY",,,,," -429","H,,S"
"AYM00089577","2006-11-11","-80.37","77.37","4084.0","DOME PLATEAU DOME A, AY",,,,," -410","H,,S"
"AYM00089577","2006-11-12","-80.37","77.37","4084.0","DOME PLATEAU DOME A, AY",,,,," -389","H,,S"
"AYM00089577","2006-11-13","-80.37","77.37","4084.0","DOME PLATEAU DOME A, AY",,,,," -401","H,,S"
"AYM00089577","2006-11-14","-80.37","77.37","4084.0","DOME PLATEAU DOME A, AY",,,,," -399","H,,S"
"AYM00089577","2006-11-15","-80.37","77.37","4084.0","DOME PLATEAU DOME A, AY",,,,," -471","H,,S"
"AYM00089577","2006-11-16","-80.37","77.37","4084.0","DOME PLATEAU DOME A, AY",,,,," -427","H,,S"
"AYM00089577","2006-11-17","-80.37","77.37","4084.0","DOME PLATEAU DOME A, AY",,,,," -422","H,,S"
"AYM00089577","2006-11-18","-80.37","77.37","4084.0","DOME PLATEAU DOME A, AY",,,,," -437","H,,S"
"AYM00089577","2006-11-19","-80.37","77.37","4084.0","DOME PLATEAU DOME A, AY",,,,," -413","H,,S"
"AYM00089577","2006-11-20","-80.37","77.37","4084.0","DOME PLATEAU DOME A, AY",,,,," -397","H,,S"
"AYM00089577","2006-11-21","-80.37","77.37","4084.0","DOME PLATEAU DOME A, AY",,,,," -361","H,,S"
"AYM00089577","2006-11-22","-80.37","77.37","4084.0","DOME PLATEAU DOME A, AY",,,,," -359","H,,S"
"AYM00089577","2006-11-23","-80.37","77.37","4084.0","DOME PLATEAU DOME A, AY",,,,," -317","H,,S"
"AYM00089577","2006-11-24","-80.37","77.37","4084.0","DOME PLATEAU DOME A, AY",,,,," -380","H,,S"
"AYM00089577","2006-11-25","-80.37","77.37","4084.0","DOME PLATEAU DOME A, AY",,,,," -393","H,,S"
"AYM00089577","2006-11-26","-80.37","77.37","4084.0","DOME PLATEAU DOME A, AY",,,,," -364","H,,S"
"AYM00089577","2006-11-27","-80.37","77.37","4084.0","DOME PLATEAU DOME A, AY",,,,," -384","H,,S"
"AYM00089577","2006-11-28","-80.37","77.37","4084.0","DOME PLATEAU DOME A, AY",,,,," -357","H,,S"
"AYM00089577","2006-11-29","-80.37","77.37","4084.0","DOME PLATEAU DOME A, AY",,,,," -349","H,,S"
"AYM00089577","2006-11-30","-80.37","77.37","4084.0","DOME PLATEAU DOME A, AY",,,,," -353","H,,S"
"AYM00089577","2006-12-01","-80.37","77.37","4084.0","DOME PLATEAU DOME A, AY",,,,," -345","H,,S"
"AYM00089577","2006-12-02","-80.37","77.37","4084.0","DOME PLATEAU DOME A, AY",,,,," -359","H,,S"
"AYM00089577","2006-12-03","-80.37","77.37","4084.0","DOME PLATEAU DOME A, AY",,,,," -366","H,,S"
"AYM00089577","2006-12-04","-80.37","77.37","4084.0","DOME PLATEAU DOME A, AY",,,,," -349","H,,S"
"AYM00089577","2006-12-05","-80.37","77.37","4084.0","DOME PLATEAU DOME A, AY",,,,," -322","H,,S"
"AYM00089577","2006-12-06","-80.37","77.37","4084.0","DOME PLATEAU DOME A, AY",,,,," -325","H,,S"
"AYM00089577","2006-12-07","-80.37","77.37","4084.0","DOME PLATEAU DOME A, AY",,,,," -322","H,,S"
"AYM00089577","2006-12-08","-80.37","77.37","4084.0","DOME PLATEAU DOME A, AY",,,,," -297","H,,S"
"AYM00089577","2006-12-09","-80.37","77.37","4084.0","DOME PLATEAU DOME A, AY",,,,," -323","H,,S"
"AYM00089577","2006-12-10","-80.37","77.37","4084.0","DOME PLATEAU DOME A, AY",,,,," -333","H,,S"
"AYM00089577","2006-12-11","-80.37","77.37","4084.0","DOME PLATEAU DOME A, AY",,,,," -322","H,,S"
"AYM00089577","2006-12-12","-80.37","77.37","4084.0","DOME PLATEAU DOME A, AY",,,,," -327","H,,S"
"AYM00089577","2006-12-13","-80.37","77.37","4084.0","DOME PLATEAU DOME A, AY",,,,," -366","H,,S"
"AYM00089577","2006-12-14","-80.37","77.37","4084.0","DOME PLATEAU DOME A, AY",,,,," -333","H,,S"
"AYM00089577","2006-12-15","-80.37","77.37","4084.0","DOME PLATEAU DOME A, AY",,,,," -374","H,,S"
"AYM00089577","2006-12-16","-80.37","77.37","4084.0","DOME PLATEAU DOME A, AY",,,,," -367","H,,S"
"AYM00089577","2006-12-17","-80.37","77.37","4084.0","DOME PLATEAU DOME A, AY",,,,," -351","H,,S"
"AYM00089577","2006-12-18","-80.37","77.37","4084.0","DOME PLATEAU DOME A, AY",,,,," -353","H,,S"
"AYM00089577","2006-12-19","-80.37","77.37","4084.0","DOME PLATEAU DOME A, AY",,,,," -326","H,,S"
"AYM00089577","2006-12-20","-80.37","77.37","4084.0","DOME PLATEAU DOME A, AY",,,,," -266","H,,S"
"AYM00089577","2006-12-21","-80.37","77.37","4084.0","DOME PLATEAU DOME A, AY",,,,," -339","H,,S"
"AYM00089577","2006-12-22","-80.37","77.37","4084.0","DOME PLATEAU DOME A, AY",,,,," -353","H,,S"
"AYM00089577","2006-12-23","-80.37","77.37","4084.0","DOME PLATEAU DOME A, AY",,,,," -377","H,,S"
"AYM00089577","2006-12-24","-80.37","77.37","4084.0","DOME PLATEAU DOME A, AY",,,,," -367","H,,S"
"AYM00089577","2006-12-25","-80.37","77.37","4084.0","DOME PLATEAU DOME A, AY",,,,," -348","H,,S"
"AYM00089577","2006-12-26","-80.37","77.37","4084.0","DOME PLATEAU DOME A, AY",,,,," -363","H,,S"
"AYM00089577","2006-12-27","-80.37","77.37","4084.0","DOME PLATEAU DOME A, AY",,,,," -358","H,,S"
"AYM00089577","2006-12-28","-80.37","77.37","4084.0","DOME PLATEAU DOME A, AY",,,,," -365","H,,S"
"AYM00089577","2006-12-29","-80.37","77.37","4084.0","DOME PLATEAU DOME A, AY",,,,," -352","H,,S"
"AYM00089577","2006-12-30","-80.37","77.37","4084.0","DOME PLATEAU DOME A, AY",,,,," -334","H,,S"
"AYM00089577","2006-12-31","-80.37","77.37","4084.0","DOME PLATEAU DOME A, AY",,,,," -383","H,,S"
"AYM00089577","2007-01-01","-80.37","77.37","4084.0","DOME PLATEAU DOME A, AY",,,,," -371","H,,S"
"AYM00089577","2007-01-02","-80.37","77.37","4084.0","DOME PLATEAU DOME A, AY",,,,," -357","H,,S"
"AYM00089577","2007-01-03","-80.37","77.37","4084.0","DOME PLATEAU DOME A, AY",,,,," -344","H,,S"
"AYM00089577","2007-01-04","-80.37","77.37","4084.0","DOME PLATEAU DOME A, AY",,,,," -334","H,,S"
"AYM00089577","2007-01-05","-80.37","77.37","4084.0","DOME PLATEAU DOME A, AY",,,,," -349","H,,S"
"AYM00089577","2007-01-06","-80.37","77.37","4084.0","DOME PLATEAU DOME A, AY",,,,," -339","H,,S"
"AYM00089577","2007-01-07","-80.37","77.37","4084.0","DOME PLATEAU DOME A, AY",,,,," -337","H,,S"
"AYM00089577","2007-01-08","-80.37","77.37","4084.0","DOME PLATEAU DOME A, AY",,,,," -335","H,,S"
"AYM00089577","2007-01-09","-80.37","77.37","4084.0","DOME PLATEAU DOME A, AY",,,,," -322","H,,S"
"AYM00089577","2007-01-10","-80.37","77.37","4084.0","DOME PLATEAU DOME A, AY",,,,," -321","H,,S"
"AYM00089577","2007-01-11","-80.37","77.37","4084.0","DOME PLATEAU DOME A, AY",,,,," -289","H,,S"
"AYM00089577","2007-01-12","-80.37","77.37","4084.0","DOME PLATEAU DOME A, AY",,,,," -334","H,,S"
"AYM00089577","2007-01-13","-80.37","77.37","4084.0","DOME PLATEAU DOME A, AY",,,,," -276","H,,S"
"AYM00089577","2007-01-14","-80.37","77.37","4084.0","DOME PLATEAU DOME A, AY",,,,," -276","H,,S"
"AYM00089577","2007-01-15","-80.37","77.37","4084.0","DOME PLATEAU DOME A, AY",,,,," -339","H,,S"
"AYM00089577","2007-01-16","-80.37","77.37","4084.0","DOME PLATEAU DOME A, AY",,,,," -321","H,,S"
"AYM00089577","2007-01-17","-80.37","77.37","4084.0","DOME PLATEAU DOME A, AY",,,,," -299","H,,S"
"AYM00089577","2007-01-18","-80.37","77.37","4084.0","DOME PLATEAU DOME A, AY",,,,," -377","H,,S"
"AYM00089577","2007-01-19","-80.37","77.37","4084.0","DOME PLATEAU DOME A, AY",,,,," -372","H,,S"
"AYM00089577","2007-01-20","-80.37","77.37","4084.0","DOME PLATEAU DOME A, AY",,,,," -344","H,,S"
"AYM00089577","2007-01-21","-80.37","77.37","4084.0","DOME PLATEAU DOME A, AY",,,,," -349","H,,S"
"AYM00089577","2007-01-22","-80.37","77.37","4084.0","DOME PLATEAU DOME A, AY",,,,," -366","H,,S"
"AYM00089577","2007-01-23","-80.37","77.37","4084.0","DOME PLATEAU DOME A, AY",,,,," -364","H,,S"
"AYM00089577","2007-01-24","-80.37","77.37","4084.0","DOME PLATEAU DOME A, AY",,,,," -339","H,,S"
"AYM00089577","2007-01-25","-80.37","77.37","4084.0","DOME PLATEAU DOME A, AY",,,,," -347","H,,S"
"AYM00089577","2007-01-26","-80.37","77.37","4084.0","DOME PLATEAU DOME A, AY",,,,," -334","H,,S"
"AYM00089577","2007-01-27","-80.37","77.37","4084.0","DOME PLATEAU DOME A, AY",,,,," -347","H,,S"
"AYM00089577","2007-01-28","-80.37","77.37","4084.0","DOME PLATEAU DOME A, AY",,,,," -359","H,,S"
"AYM00089577","2007-01-29","-80.37","77.37","4084.0","DOME PLATEAU DOME A, AY",,,,," -367","H,,S"
"AYM00089577","2007-01-30","-80.37","77.37","4084.0","DOME PLATEAU DOME A, AY",,,,," -382","H,,S"
"AYM00089577","2007-01-31","-80.37","77.37","4084.0","DOME PLATEAU DOME A, AY",,,,," -392","H,,S"
"AYM00089577","2007-02-01","-80.37","77.37","4084.0","DOME PLATEAU DOME A, AY",,,,," -367","H,,S"
"AYM00089577","2007-02-02","-80.37","77.37","4084.0","DOME PLATEAU DOME A, AY",,,,," -370","H,,S"
"AYM00089577","2007-02-03","-80.37","77.37","4084.0","DOME PLATEAU DOME A, AY",,,,," -399","H,,S"
"AYM00089577","2007-02-04","-80.37","77.37","4084.0","DOME PLATEAU DOME A, AY",,,,," -410","H,,S"
"AYM00089577","2007-02-05","-80.37","77.37","4084.0","DOME PLATEAU DOME A, AY",,,,," -413","H,,S"
"AYM00089577","2007-02-06","-80.37","77.37","4084.0","DOME PLATEAU DOME A, AY",,,,," -391","H,,S"
"AYM00089577","2007-02-07","-80.37","77.37","4084.0","DOME PLATEAU DOME A, AY",,,,," -357","H,,S"
"AYM00089577","2007-02-08","-80.37","77.37","4084.0","DOME PLATEAU DOME A, AY",,,,," -365","H,,S"
"AYM00089577","2007-02-09","-80.37","77.37","4084.0","DOME PLATEAU DOME A, AY",,,,," -392","H,,S"
"AYM00089577","2007-02-10","-80.37","77.37","4084.0","DOME PLATEAU DOME A, AY",,,,," -433","H,,S"
"AYM00089577","2007-02-11","-80.37","77.37","4084.0","DOME PLATEAU DOME A, AY",,,,," -428","H,,S"
"AYM00089577","2007-02-12","-80.37","77.37","4084.0","DOME PLATEAU DOME A, AY",,,,," -457","H,,S"
"AYM00089577","2007-02-13","-80.37","77.37","4084.0","DOME PLATEAU DOME A, AY",,,,," -465","H,,S"
"AYM00089577","2007-02-14","-80.37","77.37","4084.0","DOME PLATEAU DOME A, AY",,,,," -463","H,,S"
"AYM00089577","2007-02-15","-80.37","77.37","4084.0","DOME PLATEAU DOME A, AY",,,,," -417","H,,S"
"AYM00089577","2007-02-16","-80.37","77.37","4084.0","DOME PLATEAU DOME A, AY",,,,," -359","H,,S"
"AYM00089577","2007-02-17","-80.37","77.37","4084.0","DOME PLATEAU DOME A, AY",,,,," -441","H,,S"
"AYM00089577","2007-02-18","-80.37","77.37","4084.0","DOME PLATEAU DOME A, AY",,,,," -470","H,,S"
"AYM00089577","2007-02-19","-80.37","77.37","4084.0","DOME PLATEAU DOME A, AY",,,,," -501","H,,S"
"AYM00089577","2007-02-20","-80.37","77.37","4084.0","DOME PLATEAU DOME A, AY",,,,," -517","H,,S"
"AYM00089577","2007-02-21","-80.37","77.37","4084.0","DOME PLATEAU DOME A, AY",,,,," -517","H,,S"
"AYM00089577","2007-02-22","-80.37","77.37","4084.0","DOME PLATEAU DOME A, AY",,,,," -511","H,,S"
"AYM00089577","2007-02-23","-80.37","77.37","4084.0","DOME PLATEAU DOME A, AY",,,,," -533","H,,S"
"AYM00089577","2007-02-24","-80.37","77.37","4084.0","DOME PLATEAU DOME A, AY",,,,," -527","H,,S"
"AYM00089577","2007-02-25","-80.37","77.37","4084.0","DOME PLATEAU DOME A, AY",,,,," -490","H,,S"
"AYM00089577","2007-02-26","-80.37","77.37","4084.0","DOME PLATEAU DOME A, AY",,,,," -439","H,,S"
"AYM00089577","2007-02-27","-80.37","77.37","4084.0","DOME PLATEAU DOME A, AY",,,,," -496","H,,S"
"AYM00089577","2007-02-28","-80.37","77.37","4084.0","DOME PLATEAU DOME A, AY",,,,," -542","H,,S"
"AYM00089577","2007-03-01","-80.37","77.37","4084.0","DOME PLATEAU DOME A, AY",,,,," -492","H,,S"
"AYM00089577","2007-03-02","-80.37","77.37","4084.0","DOME PLATEAU DOME A, AY",,,,," -499","H,,S"
"AYM00089577","2007-03-03","-80.37","77.37","4084.0","DOME PLATEAU DOME A, AY",,,,," -575","H,,S"
"AYM00089577","2007-03-04","-80.37","77.37","4084.0","DOME PLATEAU DOME A, AY",,,,," -578","H,,S"
"AYM00089577","2007-03-05","-80.37","77.37","4084.0","DOME PLATEAU DOME A, AY",,,,," -542","H,,S"
"AYM00089577","2007-03-06","-80.37","77.37","4084.0","DOME PLATEAU DOME A, AY",,,,," -504","H,,S"
"AYM00089577","2007-03-07","-80.37","77.37","4084.0","DOME PLATEAU DOME A, AY",,,,," -506","H,,S"
"AYM00089577","2007-03-08","-80.37","77.37","4084.0","DOME PLATEAU DOME A, AY",,,,," -483","H,,S"
"AYM00089577","2007-03-09","-80.37","77.37","4084.0","DOME PLATEAU DOME A, AY",,,,," -499","H,,S"
"AYM00089577","2007-03-10","-80.37","77.37","4084.0","DOME PLATEAU DOME A, AY",,,,," -554","H,,S"
"AYM00089577","2007-03-11","-80.37","77.37","4084.0","DOME PLATEAU DOME A, AY",,,,," -529","H,,S"
"AYM00089577","2007-03-12","-80.37","77.37","4084.0","DOME PLATEAU DOME A, AY",,,,," -521","H,,S"
"AYM00089577","2007-03-13","-80.37","77.37","4084.0","DOME PLATEAU DOME A, AY",,,,," -472","H,,S"
"AYM00089577","2007-03-14","-80.37","77.37","4084.0","DOME PLATEAU DOME A, AY",,,,," -562","H,,S"
"AYM00089577","2007-03-15","-80.37","77.37","4084.0","DOME PLATEAU DOME A, AY",,,,," -561","H,,S"
"AYM00089577","2007-03-16","-80.37","77.37","4084.0","DOME PLATEAU DOME A, AY",,,,," -564","H,,S"
"AYM00089577","2007-03-17","-80.37","77.37","4084.0","DOME PLATEAU DOME A, AY",,,,," -553","H,,S"
"AYM00089577","2007-03-18","-80.37","77.37","4084.0","DOME PLATEAU DOME A, AY",,,,," -537","H,,S"
"AYM00089577","2007-03-19","-80.37","77.37","4084.0","DOME PLATEAU DOME A, AY",,,,," -562","H,,S"
"AYM00089577","2007-03-20","-80.37","77.37","4084.0","DOME PLATEAU DOME A, AY",,,,," -548","H,,S"
"AYM00089577","2007-03-21","-80.37","77.37","4084.0","DOME PLATEAU DOME A, AY",,,,," -584","H,,S"
"AYM00089577","2007-03-22","-80.37","77.37","4084.0","DOME PLATEAU DOME A, AY",,,,," -563","H,,S"
"AYM00089577","2007-03-23","-80.37","77.37","4084.0","DOME PLATEAU DOME A, AY",,,,," -545","H,,S"
"AYM00089577","2007-03-24","-80.37","77.37","4084.0","DOME PLATEAU DOME A, AY",,,,," -568","H,,S"
"AYM00089577","2007-03-25","-80.37","77.37","4084.0","DOME PLATEAU DOME A, AY",,,,," -593","H,,S"
"AYM00089577","2007-03-26","-80.37","77.37","4084.0","DOME PLATEAU DOME A, AY",,,,," -602","H,,S"
"AYM00089577","2007-03-27","-80.37","77.37","4084.0","DOME PLATEAU DOME A, AY",,,,," -602","H,,S"
"AYM00089577","2007-03-28","-80.37","77.37","4084.0","DOME PLATEAU DOME A, AY",,,,," -620","H,,S"
"AYM00089577","2007-03-29","-80.37","77.37","4084.0","DOME PLATEAU DOME A, AY",,,,," -604","H,,S"
"AYM00089577","2007-03-30","-80.37","77.37","4084.0","DOME PLATEAU DOME A, AY",,,,," -533","H,,S"
"AYM00089577","2007-03-31","-80.37","77.37","4084.0","DOME PLATEAU DOME A, AY",,,,," -575","H,,S"
"AYM00089577","2007-04-01","-80.37","77.37","4084.0","DOME PLATEAU DOME A, AY",,,,," -585","H,,S"
"AYM00089577","2007-04-02","-80.37","77.37","4084.0","DOME PLATEAU DOME A, AY",,,,," -542","H,,S"
"AYM00089577","2007-04-03","-80.37","77.37","4084.0","DOME PLATEAU DOME A, AY",,,,," -538","H,,S"
"AYM00089577","2007-04-04","-80.37","77.37","4084.0","DOME PLATEAU DOME A, AY",,,,," -552","H,,S"
"AYM00089577","2007-04-05","-80.37","77.37","4084.0","DOME PLATEAU DOME A, AY",,,,," -569","H,,S"
"AYM00089577","2007-04-06","-80.37","77.37","4084.0","DOME PLATEAU DOME A, AY",,,,," -529","H,,S"
"AYM00089577","2007-04-07","-80.37","77.37","4084.0","DOME PLATEAU DOME A, AY",,,,," -661","H,,S"
"AYM00089577","2007-04-08","-80.37","77.37","4084.0","DOME PLATEAU DOME A, AY",,,,," -670","H,,S"
"AYM00089577","2007-04-09","-80.37","77.37","4084.0","DOME PLATEAU DOME A, AY",,,,," -541","H,,S"
"AYM00089577","2007-04-10","-80.37","77.37","4084.0","DOME PLATEAU DOME A, AY",,,,," -526","H,,S"
"AYM00089577","2007-04-11","-80.37","77.37","4084.0","DOME PLATEAU DOME A, AY",,,,," -549","H,,S"
"AYM00089577","2007-04-12","-80.37","77.37","4084.0","DOME PLATEAU DOME A, AY",,,,," -588","H,,S"
"AYM00089577","2007-04-13","-80.37","77.37","4084.0","DOME PLATEAU DOME A, AY",,,,," -632","H,,S"
"AYM00089577","2007-04-14","-80.37","77.37","4084.0","DOME PLATEAU DOME A, AY",,,,," -612","H,,S"
"AYM00089577","2007-04-15","-80.37","77.37","4084.0","DOME PLATEAU DOME A, AY",,,,," -603","H,,S"
"AYM00089577","2007-04-16","-80.37","77.37","4084.0","DOME PLATEAU DOME A, AY",,,,," -605","H,,S"
"AYM00089577","2007-04-17","-80.37","77.37","4084.0","DOME PLATEAU DOME A, AY",,,,," -661","H,,S"
"AYM00089577","2007-04-18","-80.37","77.37","4084.0","DOME PLATEAU DOME A, AY",,,,," -619","H,,S"
"AYM00089577","2007-04-19","-80.37","77.37","4084.0","DOME PLATEAU DOME A, AY",,,,," -598","H,,S"
"AYM00089577","2007-04-20","-80.37","77.37","4084.0","DOME PLATEAU DOME A, AY",,,,," -577","H,,S"
"AYM00089577","2007-04-21","-80.37","77.37","4084.0","DOME PLATEAU DOME A, AY",,,,," -618","H,,S"
"AYM00089577","2007-04-22","-80.37","77.37","4084.0","DOME PLATEAU DOME A, AY",,,,," -543","H,,S"
"AYM00089577","2007-04-23","-80.37","77.37","4084.0","DOME PLATEAU DOME A, AY",,,,," -557","H,,S"
"AYM00089577","2007-04-24","-80.37","77.37","4084.0","DOME PLATEAU DOME A, AY",,,,," -547","H,,S"
"AYM00089577","2007-04-25","-80.37","77.37","4084.0","DOME PLATEAU DOME A, AY",,,,," -517","H,,S"
"AYM00089577","2007-04-26","-80.37","77.37","4084.0","DOME PLATEAU DOME A, AY",,,,," -512","H,,S"
"AYM00089577","2007-04-27","-80.37","77.37","4084.0","DOME PLATEAU DOME A, AY",,,,," -547","H,,S"
"AYM00089577","2007-04-28","-80.37","77.37","4084.0","DOME PLATEAU DOME A, AY",,,,," -588","H,,S"
"AYM00089577","2007-04-29","-80.37","77.37","4084.0","DOME PLATEAU DOME A, AY",,,,," -578","H,,S"
"AYM00089577","2007-04-30","-80.37","77.37","4084.0","DOME PLATEAU DOME A, AY",,,,," -588","H,,S"
"AYM00089577","2007-05-01","-80.37","77.37","4084.0","DOME PLATEAU DOME A, AY",,,,," -561","H,,S"
"AYM00089577","2007-05-02","-80.37","77.37","4084.0","DOME PLATEAU DOME A, AY",,,,," -563","H,,S"
"AYM00089577","2007-05-03","-80.37","77.37","4084.0","DOME PLATEAU DOME A, AY",,,,," -538","H,,S"
"AYM00089577","2007-05-04","-80.37","77.37","4084.0","DOME PLATEAU DOME A, AY",,,,," -558","H,,S"
"AYM00089577","2007-05-05","-80.37","77.37","4084.0","DOME PLATEAU DOME A, AY",,,,," -568","H,,S"
"AYM00089577","2007-05-06","-80.37","77.37","4084.0","DOME PLATEAU DOME A, AY",,,,," -557","H,,S"
"AYM00089577","2007-05-07","-80.37","77.37","4084.0","DOME PLATEAU DOME A, AY",,,,," -551","H,,S"
"AYM00089577","2007-05-08","-80.37","77.37","4084.0","DOME PLATEAU DOME A, AY",,,,," -543","H,,S"
"AYM00089577","2007-05-09","-80.37","77.37","4084.0","DOME PLATEAU DOME A, AY",,,,," -617","H,,S"
"AYM00089577","2007-05-10","-80.37","77.37","4084.0","DOME PLATEAU DOME A, AY",,,,," -566","H,,S"
"AYM00089577","2007-05-11","-80.37","77.37","4084.0","DOME PLATEAU DOME A, AY",,,,," -537","H,,S"
"AYM00089577","2007-05-12","-80.37","77.37","4084.0","DOME PLATEAU DOME A, AY",,,,," -608","H,,S"
"AYM00089577","2007-05-13","-80.37","77.37","4084.0","DOME PLATEAU DOME A, AY",,,,," -597","H,,S"
"AYM00089577","2007-05-14","-80.37","77.37","4084.0","DOME PLATEAU DOME A, AY",,,,," -578","H,,S"
"AYM00089577","2007-05-15","-80.37","77.37","4084.0","DOME PLATEAU DOME A, AY",,,,," -565","H,,S"
"AYM00089577","2007-05-16","-80.37","77.37","4084.0","DOME PLATEAU DOME A, AY",,,,," -473","H,,S"
"AYM00089577","2007-05-17","-80.37","77.37","4084.0","DOME PLATEAU DOME A, AY",,,,," -564","H,,S"
"AYM00089577","2007-05-18","-80.37","77.37","4084.0","DOME PLATEAU DOME A, AY",,,,," -649","H,,S"
"AYM00089577","2007-05-19","-80.37","77.37","4084.0","DOME PLATEAU DOME A, AY",,,,," -689","H,,S"
"AYM00089577","2007-05-20","-80.37","77.37","4084.0","DOME PLATEAU DOME A, AY",,,,," -631","H,,S"
"AYM00089577","2007-05-21","-80.37","77.37","4084.0","DOME PLATEAU DOME A, AY",,,,," -661","H,,S"
"AYM00089577","2007-05-22","-80.37","77.37","4084.0","DOME PLATEAU DOME A, AY",,,,," -704","H,,S"
"AYM00089577","2007-05-23","-80.37","77.37","4084.0","DOME PLATEAU DOME A, AY",,,,," -651","H,,S"
"AYM00089577","2007-05-24","-80.37","77.37","4084.0","DOME PLATEAU DOME A, AY",,,,," -603","H,,S"
"AYM00089577","2007-05-25","-80.37","77.37","4084.0","DOME PLATEAU DOME A, AY",,,,," -479","H,,S"
"AYM00089577","2007-05-26","-80.37","77.37","4084.0","DOME PLATEAU DOME A, AY",,,,," -553","H,,S"
"AYM00089577","2007-05-27","-80.37","77.37","4084.0","DOME PLATEAU DOME A, AY",,,,," -590","H,,S"
"AYM00089577","2007-05-28","-80.37","77.37","4084.0","DOME PLATEAU DOME A, AY",,,,," -634","H,,S"
"AYM00089577","2007-05-29","-80.37","77.37","4084.0","DOME PLATEAU DOME A, AY",,,,," -607","H,,S"
"AYM00089577","2007-05-30","-80.37","77.37","4084.0","DOME PLATEAU DOME A, AY",,,,," -661","H,,S"
"AYM00089577","2007-05-31","-80.37","77.37","4084.0","DOME PLATEAU DOME A, AY",,,,," -646","H,,S"
"AYM00089577","2007-06-01","-80.37","77.37","4084.0","DOME PLATEAU DOME A, AY",,,,," -649","H,,S"
"AYM00089577","2007-06-02","-80.37","77.37","4084.0","DOME PLATEAU DOME A, AY",,,,," -634","H,,S"
"AYM00089577","2007-06-03","-80.37","77.37","4084.0","DOME PLATEAU DOME A, AY",,,,," -656","H,,S"
"AYM00089577","2007-06-04","-80.37","77.37","4084.0","DOME PLATEAU DOME A, AY",,,,," -637","H,,S"
"AYM00089577","2007-06-05","-80.37","77.37","4084.0","DOME PLATEAU DOME A, AY",,,,," -614","H,,S"
"AYM00089577","2007-06-06","-80.37","77.37","4084.0","DOME PLATEAU DOME A, AY",,,,," -602","H,,S"
"AYM00089577","2007-06-07","-80.37","77.37","4084.0","DOME PLATEAU DOME A, AY",,,,," -588","H,,S"
"AYM00089577","2007-06-08","-80.37","77.37","4084.0","DOME PLATEAU DOME A, AY",,,,," -627","H,,S"
"AYM00089577","2007-06-09","-80.37","77.37","4084.0","DOME PLATEAU DOME A, AY",,,,," -549","H,,S"
"AYM00089577","2007-06-10","-80.37","77.37","4084.0","DOME PLATEAU DOME A, AY",,,,," -419","H,,S"
"AYM00089577","2007-06-11","-80.37","77.37","4084.0","DOME PLATEAU DOME A, AY",,,,," -438","H,,S"
"AYM00089577","2007-06-12","-80.37","77.37","4084.0","DOME PLATEAU DOME A, AY",,,,," -443","H,,S"
"AYM00089577","2007-06-13","-80.37","77.37","4084.0","DOME PLATEAU DOME A, AY",,,,," -533","H,,S"
"AYM00089577","2007-06-14","-80.37","77.37","4084.0","DOME PLATEAU DOME A, AY",,,,," -604","H,,S"
"AYM00089577","2007-06-15","-80.37","77.37","4084.0","DOME PLATEAU DOME A, AY",,,,," -657","H,,S"
"AYM00089577","2007-06-16","-80.37","77.37","4084.0","DOME PLATEAU DOME A, AY",,,,," -664","H,,S"
"AYM00089577","2007-06-17","-80.37","77.37","4084.0","DOME PLATEAU DOME A, AY",,,,," -611","H,,S"
"AYM00089577","2007-06-18","-80.37","77.37","4084.0","DOME PLATEAU DOME A, AY",,,,," -526","H,,S"
"AYM00089577","2007-06-19","-80.37","77.37","4084.0","DOME PLATEAU DOME A, AY",,,,," -551","H,,S"
"AYM00089577","2007-06-20","-80.37","77.37","4084.0","DOME PLATEAU DOME A, AY",,,,," -591","H,,S"
"AYM00089577","2007-06-21","-80.37","77.37","4084.0","DOME PLATEAU DOME A, AY",,,,," -527","H,,S"
"AYM00089577","2007-06-22","-80.37","77.37","4084.0","DOME PLATEAU DOME A, AY",,,,," -584","H,,S"
"AYM00089577","2007-06-23","-80.37","77.37","4084.0","DOME PLATEAU DOME A, AY",,,,," -560","H,,S"
"AYM00089577","2007-06-24","-80.37","77.37","4084.0","DOME PLATEAU DOME A, AY",,,,," -577","H,,S"
"AYM00089577","2007-06-25","-80.37","77.37","4084.0","DOME PLATEAU DOME A, AY",,,,," -631","H,,S"
"AYM00089577","2007-06-26","-80.37","77.37","4084.0","DOME PLATEAU DOME A, AY",,,,," -599","H,,S"
"AYM00089577","2007-06-27","-80.37","77.37","4084.0","DOME PLATEAU DOME A, AY",,,,," -629","H,,S"
"AYM00089577","2007-06-28","-80.37","77.37","4084.0","DOME PLATEAU DOME A, AY",,,,," -581","H,,S"
"AYM00089577","2007-06-29","-80.37","77.37","4084.0","DOME PLATEAU DOME A, AY",,,,," -611","H,,S"
"AYM00089577","2007-06-30","-80.37","77.37","4084.0","DOME PLATEAU DOME A, AY",,,,," -623","H,,S"
"AYM00089577","2007-07-01","-80.37","77.37","4084.0","DOME PLATEAU DOME A, AY",,,,," -629","H,,S"
"AYM00089577","2007-07-02","-80.37","77.37","4084.0","DOME PLATEAU DOME A, AY",,,,," -698","H,,S"
"AYM00089577","2007-07-03","-80.37","77.37","4084.0","DOME PLATEAU DOME A, AY",,,,," -671","H,,S"
"AYM00089577","2007-07-04","-80.37","77.37","4084.0","DOME PLATEAU DOME A, AY",,,,," -630","H,,S"
"AYM00089577","2007-07-05","-80.37","77.37","4084.0","DOME PLATEAU DOME A, AY",,,,," -618","H,,S"
"AYM00089577","2007-07-06","-80.37","77.37","4084.0","DOME PLATEAU DOME A, AY",,,,," -593","H,,S"
"AYM00089577","2007-07-07","-80.37","77.37","4084.0","DOME PLATEAU DOME A, AY",,,,," -604","H,,S"
"AYM00089577","2007-07-08","-80.37","77.37","4084.0","DOME PLATEAU DOME A, AY",,,,," -601","H,,S"
"AYM00089577","2007-07-09","-80.37","77.37","4084.0","DOME PLATEAU DOME A, AY",,,,," -626","H,,S"
"AYM00089577","2007-07-10","-80.37","77.37","4084.0","DOME PLATEAU DOME A, AY",,,,," -639","H,,S"
"AYM00089577","2007-07-11","-80.37","77.37","4084.0","DOME PLATEAU DOME A, AY",,,,," -638","H,,S"
"AYM00089577","2007-07-12","-80.37","77.37","4084.0","DOME PLATEAU DOME A, AY",,,,," -618","H,,S"
"AYM00089577","2007-07-13","-80.37","77.37","4084.0","DOME PLATEAU DOME A, AY",,,,," -699","H,,S"
"AYM00089577","2007-07-14","-80.37","77.37","4084.0","DOME PLATEAU DOME A, AY",,,,," -706","H,,S"
"AYM00089577","2007-07-15","-80.37","77.37","4084.0","DOME PLATEAU DOME A, AY",,,,," -690","H,,S"
"AYM00089577","2007-07-16","-80.37","77.37","4084.0","DOME PLATEAU DOME A, AY",,,,," -677","H,,S"
"AYM00089577","2007-07-17","-80.37","77.37","4084.0","DOME PLATEAU DOME A, AY",,,,," -652","H,,S"
"AYM00089577","2007-07-18","-80.37","77.37","4084.0","DOME PLATEAU DOME A, AY",,,,," -659","H,,S"
"AYM00089577","2007-07-19","-80.37","77.37","4084.0","DOME PLATEAU DOME A, AY",,,,," -585","H,,S"
"AYM00089577","2007-07-20","-80.37","77.37","4084.0","DOME PLATEAU DOME A, AY",,,,," -560","H,,S"
"AYM00089577","2007-07-21","-80.37","77.37","4084.0","DOME PLATEAU DOME A, AY",,,,," -629","H,,S"
"AYM00089577","2007-07-22","-80.37","77.37","4084.0","DOME PLATEAU DOME A, AY",,,,," -584","H,,S"
"AYM00089577","2007-07-23","-80.37","77.37","4084.0","DOME PLATEAU DOME A, AY",,,,," -613","H,,S"
"AYM00089577","2007-07-24","-80.37","77.37","4084.0","DOME PLATEAU DOME A, AY",,,,," -552","H,,S"
"AYM00089577","2007-07-25","-80.37","77.37","4084.0","DOME PLATEAU DOME A, AY",,,,," -534","H,,S"
"AYM00089577","2007-07-26","-80.37","77.37","4084.0","DOME PLATEAU DOME A, AY",,,,," -597","H,,S"
"AYM00089577","2007-07-27","-80.37","77.37","4084.0","DOME PLATEAU DOME A, AY",,,,," -593","H,,S"
"AYM00089577","2007-07-28","-80.37","77.37","4084.0","DOME PLATEAU DOME A, AY",,,,," -547","H,,S"
"AYM00089577","2007-07-29","-80.37","77.37","4084.0","DOME PLATEAU DOME A, AY",,,,," -630","H,,S"
"AYM00089577","2007-07-30","-80.37","77.37","4084.0","DOME PLATEAU DOME A, AY",,,,," -639","H,,S"
"AYM00089577","2007-07-31","-80.37","77.37","4084.0","DOME PLATEAU DOME A, AY",,,,," -689","H,,S"
"AYM00089577","2007-08-01","-80.37","77.37","4084.0","DOME PLATEAU DOME A, AY",,,,," -658","H,,S"
"AYM00089577","2007-08-02","-80.37","77.37","4084.0","DOME PLATEAU DOME A, AY",,,,," -604","H,,S"
"AYM00089577","2007-08-03","-80.37","77.37","4084.0","DOME PLATEAU DOME A, AY",,,,," -617","H,,S"
"AYM00089577","2007-08-04","-80.37","77.37","4084.0","DOME PLATEAU DOME A, AY",,,,," -599","H,,S"
"AYM00089577","2007-08-05","-80.37","77.37","4084.0","DOME PLATEAU DOME A, AY",,,,," -569","H,,S"
"AYM00089577","2007-08-06","-80.37","77.37","4084.0","DOME PLATEAU DOME A, AY",,,,," -530","H,,S"
"AYM00089577","2007-08-07","-80.37","77.37","4084.0","DOME PLATEAU DOME A, AY",,,,," -527","H,,S"
"AYM00089577","2007-08-08","-80.37","77.37","4084.0","DOME PLATEAU DOME A, AY",,,,," -558","H,,S"
"AYM00089577","2007-08-09","-80.37","77.37","4084.0","DOME PLATEAU DOME A, AY",,,,," -632","H,,S"
"AYM00089577","2007-08-10","-80.37","77.37","4084.0","DOME PLATEAU DOME A, AY",,,,," -551","H,,S"
"AYM00089577","2007-08-11","-80.37","77.37","4084.0","DOME PLATEAU DOME A, AY",,,,," -582","H,,S"
"AYM00089577","2007-08-12","-80.37","77.37","4084.0","DOME PLATEAU DOME A, AY",,,,," -597","H,,S"
"AYM00089577","2007-08-13","-80.37","77.37","4084.0","DOME PLATEAU DOME A, AY",,,,," -579","H,,S"
"AYM00089577","2007-08-14","-80.37","77.37","4084.0","DOME PLATEAU DOME A, AY",,,,," -606","H,,S"
"AYM00089577","2007-08-15","-80.37","77.37","4084.0","DOME PLATEAU DOME A, AY",,,,," -639","H,,S"
"AYM00089577","2007-08-16","-80.37","77.37","4084.0","DOME PLATEAU DOME A, AY",,,,," -688","H,,S"
"AYM00089577","2007-08-17","-80.37","77.37","4084.0","DOME PLATEAU DOME A, AY",,,,," -698","H,,S"
"AYM00089577","2007-08-18","-80.37","77.37","4084.0","DOME PLATEAU DOME A, AY",,,,," -674","H,,S"
"AYM00089577","2007-08-19","-80.37","77.37","4084.0","DOME PLATEAU DOME A, AY",,,,," -634","H,,S"
"AYM00089577","2007-08-20","-80.37","77.37","4084.0","DOME PLATEAU DOME A, AY",,,,," -701","H,,S"
"AYM00089577","2007-08-21","-80.37","77.37","4084.0","DOME PLATEAU DOME A, AY",,,,," -696","H,,S"
"AYM00089577","2007-08-22","-80.37","77.37","4084.0","DOME PLATEAU DOME A, AY",,,,," -711","H,,S"
"AYM00089577","2007-08-23","-80.37","77.37","4084.0","DOME PLATEAU DOME A, AY",,,,," -632","H,,S"
"AYM00089577","2007-08-24","-80.37","77.37","4084.0","DOME PLATEAU DOME A, AY",,,,," -646","H,,S"
"AYM00089577","2007-08-25","-80.37","77.37","4084.0","DOME PLATEAU DOME A, AY",,,,," -622","H,,S"
"AYM00089577","2007-08-26","-80.37","77.37","4084.0","DOME PLATEAU DOME A, AY",,,,," -626","H,,S"
"AYM00089577","2007-08-27","-80.37","77.37","4084.0","DOME PLATEAU DOME A, AY",,,,," -562","H,,S"
"AYM00089577","2007-08-28","-80.37","77.37","4084.0","DOME PLATEAU DOME A, AY",,,,," -640","H,,S"
"AYM00089577","2007-08-29","-80.37","77.37","4084.0","DOME PLATEAU DOME A, AY",,,,," -596","H,,S"
"AYM00089577","2007-08-30","-80.37","77.37","4084.0","DOME PLATEAU DOME A, AY",,,,," -689","H,,S"
"AYM00089577","2007-08-31","-80.37","77.37","4084.0","DOME PLATEAU DOME A, AY",,,,," -706","H,,S"
"AYM00089577","2007-09-01","-80.37","77.37","4084.0","DOME PLATEAU DOME A, AY",,,,," -713","H,,S"
"AYM00089577","2007-09-02","-80.37","77.37","4084.0","DOME PLATEAU DOME A, AY",,,,," -733","H,,S"
"AYM00089577","2007-09-03","-80.37","77.37","4084.0","DOME PLATEAU DOME A, AY",,,,," -774","H,,S"
"AYM00089577","2007-09-04","-80.37","77.37","4084.0","DOME PLATEAU DOME A, AY",,,,," -678","H,,S"
"AYM00089577","2007-09-05","-80.37","77.37","4084.0","DOME PLATEAU DOME A, AY",,,,," -675","H,,S"
"AYM00089577","2007-09-06","-80.37","77.37","4084.0","DOME PLATEAU DOME A, AY",,,,," -632","H,,S"
"AYM00089577","2007-09-07","-80.37","77.37","4084.0","DOME PLATEAU DOME A, AY",,,,," -624","H,,S"
"AYM00089577","2007-09-08","-80.37","77.37","4084.0","DOME PLATEAU DOME A, AY",,,,," -609","H,,S"
"AYM00089577","2007-09-09","-80.37","77.37","4084.0","DOME PLATEAU DOME A, AY",,,,," -606","H,,S"
"AYM00089577","2007-09-10","-80.37","77.37","4084.0","DOME PLATEAU DOME A, AY",,,,," -610","H,,S"
"AYM00089577","2007-09-11","-80.37","77.37","4084.0","DOME PLATEAU DOME A, AY",,,,," -655","H,,S"
"AYM00089577","2007-09-12","-80.37","77.37","4084.0","DOME PLATEAU DOME A, AY",,,,," -706","H,,S"
"AYM00089577","2007-09-13","-80.37","77.37","4084.0","DOME PLATEAU DOME A, AY",,,,," -714","H,,S"
"AYM00089577","2007-09-14","-80.37","77.37","4084.0","DOME PLATEAU DOME A, AY",,,,," -688","H,,S"
"AYM00089577","2007-09-15","-80.37","77.37","4084.0","DOME PLATEAU DOME A, AY",,,,," -653","H,,S"
"AYM00089577","2007-09-16","-80.37","77.37","4084.0","DOME PLATEAU DOME A, AY",,,,," -647","H,,S"
"AYM00089577","2007-09-17","-80.37","77.37","4084.0","DOME PLATEAU DOME A, AY",,,,," -604","H,,S"
"AYM00089577","2007-09-18","-80.37","77.37","4084.0","DOME PLATEAU DOME A, AY",,,,," -577","H,,S"
"AYM00089577","2007-09-19","-80.37","77.37","4084.0","DOME PLATEAU DOME A, AY",,,,," -626","H,,S"
"AYM00089577","2007-09-20","-80.37","77.37","4084.0","DOME PLATEAU DOME A, AY",,,,," -627","H,,S"
"AYM00089577","2007-09-21","-80.37","77.37","4084.0","DOME PLATEAU DOME A, AY",,,,," -668","H,,S"
"AYM00089577","2007-09-22","-80.37","77.37","4084.0","DOME PLATEAU DOME A, AY",,,,," -568","H,,S"
"AYM00089577","2007-09-23","-80.37","77.37","4084.0","DOME PLATEAU DOME A, AY",,,,," -503","H,,S"
"AYM00089577","2007-09-24","-80.37","77.37","4084.0","DOME PLATEAU DOME A, AY",,,,," -501","H,,S"
"AYM00089577","2007-09-25","-80.37","77.37","4084.0","DOME PLATEAU DOME A, AY",,,,," -555","H,,S"
"AYM00089577","2007-09-26","-80.37","77.37","4084.0","DOME PLATEAU DOME A, AY",,,,," -537","H,,S"
"AYM00089577","2007-09-27","-80.37","77.37","4084.0","DOME PLATEAU DOME A, AY",,,,," -606","H,,S"
"AYM00089577","2007-09-28","-80.37","77.37","4084.0","DOME PLATEAU DOME A, AY",,,,," -662","H,,S"
"AYM00089577","2007-09-29","-80.37","77.37","4084.0","DOME PLATEAU DOME A, AY",,,,," -651","H,,S"
"AYM00089577","2007-09-30","-80.37","77.37","4084.0","DOME PLATEAU DOME A, AY",,,,," -679","H,,S"
"AYM00089577","2007-10-01","-80.37","77.37","4084.0","DOME PLATEAU DOME A, AY",,,,," -658","H,,S"
"AYM00089577","2007-10-02","-80.37","77.37","4084.0","DOME PLATEAU DOME A, AY",,,,," -627","H,,S"
"AYM00089577","2007-10-03","-80.37","77.37","4084.0","DOME PLATEAU DOME A, AY",,,,," -622","H,,S"
"AYM00089577","2007-10-04","-80.37","77.37","4084.0","DOME PLATEAU DOME A, AY",,,,," -632","H,,S"
"AYM00089577","2007-10-05","-80.37","77.37","4084.0","DOME PLATEAU DOME A, AY",,,,," -640","H,,S"
"AYM00089577","2007-10-06","-80.37","77.37","4084.0","DOME PLATEAU DOME A, AY",,,,," -611","H,,S"
"AYM00089577","2007-10-07","-80.37","77.37","4084.0","DOME PLATEAU DOME A, AY",,,,," -618","H,,S"
"AYM00089577","2007-10-08","-80.37","77.37","4084.0","DOME PLATEAU DOME A, AY",,,,," -595","H,,S"
"AYM00089577","2007-10-09","-80.37","77.37","4084.0","DOME PLATEAU DOME A, AY",,,,," -586","H,,S"
"AYM00089577","2007-10-10","-80.37","77.37","4084.0","DOME PLATEAU DOME A, AY",,,,," -609","H,,S"
"AYM00089577","2007-10-11","-80.37","77.37","4084.0","DOME PLATEAU DOME A, AY",,,,," -594","H,,S"
"AYM00089577","2007-10-12","-80.37","77.37","4084.0","DOME PLATEAU DOME A, AY",,,,," -520","H,,S"
"AYM00089577","2007-10-13","-80.37","77.37","4084.0","DOME PLATEAU DOME A, AY",,,,," -472","H,,S"
"AYM00089577","2007-10-14","-80.37","77.37","4084.0","DOME PLATEAU DOME A, AY",,,,," -527","H,,S"
"AYM00089577","2007-10-15","-80.37","77.37","4084.0","DOME PLATEAU DOME A, AY",,,,," -464","H,,S"
"AYM00089577","2007-10-16","-80.37","77.37","4084.0","DOME PLATEAU DOME A, AY",,,,," -520","H,,S"
"AYM00089577","2007-10-17","-80.37","77.37","4084.0","DOME PLATEAU DOME A, AY",,,,," -509","H,,S"
"AYM00089577","2007-10-18","-80.37","77.37","4084.0","DOME PLATEAU DOME A, AY",,,,," -476","H,,S"
"AYM00089577","2007-10-19","-80.37","77.37","4084.0","DOME PLATEAU DOME A, AY",,,,," -483","H,,S"
"AYM00089577","2007-10-20","-80.37","77.37","4084.0","DOME PLATEAU DOME A, AY",,,,," -532","H,,S"
"AYM00089577","2007-10-21","-80.37","77.37","4084.0","DOME PLATEAU DOME A, AY",,,,," -538","H,,S"
"AYM00089577","2007-10-22","-80.37","77.37","4084.0","DOME PLATEAU DOME A, AY",,,,," -511","H,,S"
"AYM00089577","2007-10-23","-80.37","77.37","4084.0","DOME PLATEAU DOME A, AY",,,,," -444","H,,S"
"AYM00089577","2007-10-24","-80.37","77.37","4084.0","DOME PLATEAU DOME A, AY",,,,," -437","H,,S"
"AYM00089577","2007-10-25","-80.37","77.37","4084.0","DOME PLATEAU DOME A, AY",,,,," -494","H,,S"
"AYM00089577","2007-10-26","-80.37","77.37","4084.0","DOME PLATEAU DOME A, AY",,,,," -478","H,,S"
"AYM00089577","2007-10-27","-80.37","77.37","4084.0","DOME PLATEAU DOME A, AY",,,,," -481","H,,S"
"AYM00089577","2007-10-28","-80.37","77.37","4084.0","DOME PLATEAU DOME A, AY",,,,," -463","H,,S"
"AYM00089577","2007-10-29","-80.37","77.37","4084.0","DOME PLATEAU DOME A, AY",,,,," -452","H,,S"
"AYM00089577","2007-10-30","-80.37","77.37","4084.0","DOME PLATEAU DOME A, AY",,,,," -488","H,,S"
"AYM00089577","2007-10-31","-80.37","77.37","4084.0","DOME PLATEAU DOME A, AY",,,,," -521","H,,S"
"AYM00089577","2007-11-01","-80.37","77.37","4084.0","DOME PLATEAU DOME A, AY",,,,," -474","H,,S"
"AYM00089577","2007-11-02","-80.37","77.37","4084.0","DOME PLATEAU DOME A, AY",,,,," -426","H,,S"
"AYM00089577","2007-11-03","-80.37","77.37","4084.0","DOME PLATEAU DOME A, AY",,,,," -453","H,,S"
"AYM00089577","2007-11-04","-80.37","77.37","4084.0","DOME PLATEAU DOME A, AY",,,,," -496","H,,S"
"AYM00089577","2007-11-05","-80.37","77.37","4084.0","DOME PLATEAU DOME A, AY",,,,," -459","H,,S"
"AYM00089577","2007-11-06","-80.37","77.37","4084.0","DOME PLATEAU DOME A, AY",,,,," -392","H,,S"
"AYM00089577","2007-11-07","-80.37","77.37","4084.0","DOME PLATEAU DOME A, AY",,,,," -347","H,,S"
"AYM00089577","2007-11-08","-80.37","77.37","4084.0","DOME PLATEAU DOME A, AY",,,,," -371","H,,S"
"AYM00089577","2007-11-09","-80.37","77.37","4084.0","DOME PLATEAU DOME A, AY",,,,," -411","H,,S"
"AYM00089577","2007-11-10","-80.37","77.37","4084.0","DOME PLATEAU DOME A, AY",,,,," -439","H,,S"
"AYM00089577","2007-11-11","-80.37","77.37","4084.0","DOME PLATEAU DOME A, AY",,,,," -466","H,,S"
"AYM00089577","2007-11-12","-80.37","77.37","4084.0","DOME PLATEAU DOME A, AY",,,,," -370","H,,S"
"AYM00089577","2007-11-13","-80.37","77.37","4084.0","DOME PLATEAU DOME A, AY",,,,," -379","H,,S"
"AYM00089577","2007-11-14","-80.37","77.37","4084.0","DOME PLATEAU DOME A, AY",,,,," -350","H,,S"
"AYM00089577","2007-11-15","-80.37","77.37","4084.0","DOME PLATEAU DOME A, AY",,,,," -404","H,,S"
"AYM00089577","2007-11-16","-80.37","77.37","4084.0","DOME PLATEAU DOME A, AY",,,,," -396","H,,S"
"AYM00089577","2007-11-17","-80.37","77.37","4084.0","DOME PLATEAU DOME A, AY",,,,," -411","H,,S"
"AYM00089577","2007-11-18","-80.37","77.37","4084.0","DOME PLATEAU DOME A, AY",,,,," -352","H,,S"
"AYM00089577","2007-11-19","-80.37","77.37","4084.0","DOME PLATEAU DOME A, AY",,,,," -396","H,,S"
"AYM00089577","2007-11-20","-80.37","77.37","4084.0","DOME PLATEAU DOME A, AY",,,,," -366","H,,S"
"AYM00089577","2007-11-21","-80.37","77.37","4084.0","DOME PLATEAU DOME A, AY",,,,," -316","H,,S"
"AYM00089577","2007-11-22","-80.37","77.37","4084.0","DOME PLATEAU DOME A, AY",,,,," -400","H,,S"
"AYM00089577","2007-11-23","-80.37","77.37","4084.0","DOME PLATEAU DOME A, AY",,,,," -402","H,,S"
"AYM00089577","2007-11-24","-80.37","77.37","4084.0","DOME PLATEAU DOME A, AY",,,,," -414","H,,S"
"AYM00089577","2007-11-25","-80.37","77.37","4084.0","DOME PLATEAU DOME A, AY",,,,," -427","H,,S"
"AYM00089577","2007-11-26","-80.37","77.37","4084.0","DOME PLATEAU DOME A, AY",,,,," -421","H,,S"
"AYM00089577","2007-11-27","-80.37","77.37","4084.0","DOME PLATEAU DOME A, AY",,,,," -413","H,,S"
"AYM00089577","2007-11-28","-80.37","77.37","4084.0","DOME PLATEAU DOME A, AY",,,,," -403","H,,S"
"AYM00089577","2007-11-29","-80.37","77.37","4084.0","DOME PLATEAU DOME A, AY",,,,," -396","H,,S"
"AYM00089577","2007-11-30","-80.37","77.37","4084.0","DOME PLATEAU DOME A, AY",,,,," -337","H,,S"
"AYM00089577","2007-12-01","-80.37","77.37","4084.0","DOME PLATEAU DOME A, AY",,,,," -316","H,,S"
"AYM00089577","2007-12-02","-80.37","77.37","4084.0","DOME PLATEAU DOME A, AY",,,,," -348","H,,S"
"AYM00089577","2007-12-03","-80.37","77.37","4084.0","DOME PLATEAU DOME A, AY",,,,," -331","H,,S"
"AYM00089577","2007-12-04","-80.37","77.37","4084.0","DOME PLATEAU DOME A, AY",,,,," -384","H,,S"
"AYM00089577","2007-12-05","-80.37","77.37","4084.0","DOME PLATEAU DOME A, AY",,,,," -348","H,,S"
"AYM00089577","2007-12-06","-80.37","77.37","4084.0","DOME PLATEAU DOME A, AY",,,,," -366","H,,S"
"AYM00089577","2007-12-07","-80.37","77.37","4084.0","DOME PLATEAU DOME A, AY",,,,," -392","H,,S"
"AYM00089577","2007-12-08","-80.37","77.37","4084.0","DOME PLATEAU DOME A, AY",,,,," -362","H,,S"
"AYM00089577","2007-12-09","-80.37","77.37","4084.0","DOME PLATEAU DOME A, AY",,,,," -342","H,,S"
"AYM00089577","2007-12-10","-80.37","77.37","4084.0","DOME PLATEAU DOME A, AY",,,,," -329","H,,S"
"AYM00089577","2007-12-11","-80.37","77.37","4084.0","DOME PLATEAU DOME A, AY",,,,," -336","H,,S"
"AYM00089577","2007-12-12","-80.37","77.37","4084.0","DOME PLATEAU DOME A, AY",,,,," -324","H,,S"
"AYM00089577","2007-12-13","-80.37","77.37","4084.0","DOME PLATEAU DOME A, AY",,,,," -283","H,,S"
"AYM00089577","2007-12-14","-80.37","77.37","4084.0","DOME PLATEAU DOME A, AY",,,,," -304","H,,S"
"AYM00089577","2007-12-15","-80.37","77.37","4084.0","DOME PLATEAU DOME A, AY",,,,," -302","H,,S"
"AYM00089577","2007-12-16","-80.37","77.37","4084.0","DOME PLATEAU DOME A, AY",,,,," -321","H,,S"
"AYM00089577","2007-12-17","-80.37","77.37","4084.0","DOME PLATEAU DOME A, AY",,,,," -346","H,,S"
"AYM00089577","2007-12-18","-80.37","77.37","4084.0","DOME PLATEAU DOME A, AY",,,,," -345","H,,S"
"AYM00089577","2007-12-19","-80.37","77.37","4084.0","DOME PLATEAU DOME A, AY",,,,," -339","H,,S"
"AYM00089577","2007-12-20","-80.37","77.37","4084.0","DOME PLATEAU DOME A, AY",,,,," -338","H,,S"
"AYM00089577","2007-12-21","-80.37","77.37","4084.0","DOME PLATEAU DOME A, AY",,,,," -303","H,,S"
"AYM00089577","2007-12-22","-80.37","77.37","4084.0","DOME PLATEAU DOME A, AY",,,,," -298","H,,S"
"AYM00089577","2007-12-23","-80.37","77.37","4084.0","DOME PLATEAU DOME A, AY",,,,," -305","H,,S"
"AYM00089577","2007-12-24","-80.37","77.37","4084.0","DOME PLATEAU DOME A, AY",,,,," -337","H,,S"
"AYM00089577","2007-12-25","-80.37","77.37","4084.0","DOME PLATEAU DOME A, AY",,,,," -340","H,,S"
"AYM00089577","2007-12-26","-80.37","77.37","4084.0","DOME PLATEAU DOME A, AY",,,,," -278","H,,S"
"AYM00089577","2007-12-27","-80.37","77.37","4084.0","DOME PLATEAU DOME A, AY",,,,," -276","H,,S"
"AYM00089577","2007-12-28","-80.37","77.37","4084.0","DOME PLATEAU DOME A, AY",,,,," -334","H,,S"
"AYM00089577","2007-12-29","-80.37","77.37","4084.0","DOME PLATEAU DOME A, AY",,,,," -349","H,,S"
"AYM00089577","2007-12-30","-80.37","77.37","4084.0","DOME PLATEAU DOME A, AY",,,,," -340","H,,S"
"AYM00089577","2007-12-31","-80.37","77.37","4084.0","DOME PLATEAU DOME A, AY",,,,," -288","H,,S"
"AYM00089577","2008-01-01","-80.37","77.37","4084.0","DOME PLATEAU DOME A, AY",,,,," -337","H,,S"
"AYM00089577","2008-01-02","-80.37","77.37","4084.0","DOME PLATEAU DOME A, AY",,,,," -349","H,,S"
"AYM00089577","2008-01-03","-80.37","77.37","4084.0","DOME PLATEAU DOME A, AY",,,,," -323","H,,S"
"AYM00089577","2008-01-04","-80.37","77.37","4084.0","DOME PLATEAU DOME A, AY",,,,," -345","H,,S"
"AYM00089577","2008-01-05","-80.37","77.37","4084.0","DOME PLATEAU DOME A, AY",,,,," -346","H,,S"
"AYM00089577","2008-01-06","-80.37","77.37","4084.0","DOME PLATEAU DOME A, AY",,,,," -342","H,,S"
"AYM00089577","2008-01-07","-80.37","77.37","4084.0","DOME PLATEAU DOME A, AY",,,,," -356","H,,S"
"AYM00089577","2008-01-08","-80.37","77.37","4084.0","DOME PLATEAU DOME A, AY",,,,," -326","H,,S"
"AYM00089577","2008-01-09","-80.37","77.37","4084.0","DOME PLATEAU DOME A, AY",,,,," -356","H,,S"
"AYM00089577","2008-01-10","-80.37","77.37","4084.0","DOME PLATEAU DOME A, AY",,,,," -356","H,,S"
"AYM00089577","2008-01-11","-80.37","77.37","4084.0","DOME PLATEAU DOME A, AY",,,,," -344","H,,S"
"AYM00089577","2008-01-12","-80.37","77.37","4084.0","DOME PLATEAU DOME A, AY",,,,," -333","H,,S"
"AYM00089577","2008-01-13","-80.37","77.37","4084.0","DOME PLATEAU DOME A, AY",,,,," -333","H,,S"
"AYM00089577","2008-01-14","-80.37","77.37","4084.0","DOME PLATEAU DOME A, AY",,,,," -338","H,,S"
"AYM00089577","2008-01-15","-80.37","77.37","4084.0","DOME PLATEAU DOME A, AY",,,,," -362","H,,S"
"AYM00089577","2008-01-16","-80.37","77.37","4084.0","DOME PLATEAU DOME A, AY",,,,," -362","H,,S"
"AYM00089577","2008-01-17","-80.37","77.37","4084.0","DOME PLATEAU DOME A, AY",,,,," -371","H,,S"
"AYM00089577","2008-01-18","-80.37","77.37","4084.0","DOME PLATEAU DOME A, AY",,,,," -374","H,,S"
"AYM00089577","2008-01-19","-80.37","77.37","4084.0","DOME PLATEAU DOME A, AY",,,,," -371","H,,S"
"AYM00089577","2008-01-20","-80.37","77.37","4084.0","DOME PLATEAU DOME A, AY",,,,," -372","H,,S"
"AYM00089577","2008-01-21","-80.37","77.37","4084.0","DOME PLATEAU DOME A, AY",,,,," -370","H,,S"
"AYM00089577","2008-01-22","-80.37","77.37","4084.0","DOME PLATEAU DOME A, AY",,,,," -367","H,,S"
"AYM00089577","2008-01-23","-80.37","77.37","4084.0","DOME PLATEAU DOME A, AY",,,,," -374","H,,S"
"AYM00089577","2008-01-24","-80.37","77.37","4084.0","DOME PLATEAU DOME A, AY",,,,," -371","H,,S"
"AYM00089577","2008-01-25","-80.37","77.37","4084.0","DOME PLATEAU DOME A, AY",,,,," -385","H,,S"
"AYM00089577","2008-01-26","-80.37","77.37","4084.0","DOME PLATEAU DOME A, AY",,,,," -393","H,,S"
"AYM00089577","2008-01-27","-80.37","77.37","4084.0","DOME PLATEAU DOME A, AY",,,,," -393","H,,S"
"AYM00089577","2008-01-28","-80.37","77.37","4084.0","DOME PLATEAU DOME A, AY",,,,," -382","H,,S"
"AYM00089577","2008-01-29","-80.37","77.37","4084.0","DOME PLATEAU DOME A, AY",,,,," -364","H,,S"
"AYM00089577","2008-01-30","-80.37","77.37","4084.0","DOME PLATEAU DOME A, AY",,,,," -416","H,,S"
"AYM00089577","2008-01-31","-80.37","77.37","4084.0","DOME PLATEAU DOME A, AY",,,,," -388","H,,S"
"AYM00089577","2008-02-01","-80.37","77.37","4084.0","DOME PLATEAU DOME A, AY",,,,," -435","H,,S"
"AYM00089577","2008-02-02","-80.37","77.37","4084.0","DOME PLATEAU DOME A, AY",,,,," -421","H,,S"
"AYM00089577","2008-02-03","-80.37","77.37","4084.0","DOME PLATEAU DOME A, AY",,,,," -443","H,,S"
"AYM00089577","2008-02-04","-80.37","77.37","4084.0","DOME PLATEAU DOME A, AY",,,,," -439","H,,S"
"AYM00089577","2008-02-05","-80.37","77.37","4084.0","DOME PLATEAU DOME A, AY",,,,," -464","H,,S"
"AYM00089577","2008-02-06","-80.37","77.37","4084.0","DOME PLATEAU DOME A, AY",,,,," -443","H,,S"
"AYM00089577","2008-02-07","-80.37","77.37","4084.0","DOME PLATEAU DOME A, AY",,,,," -446","H,,S"
"AYM00089577","2008-02-08","-80.37","77.37","4084.0","DOME PLATEAU DOME A, AY",,,,," -406","H,,S"
"AYM00089577","2008-02-09","-80.37","77.37","4084.0","DOME PLATEAU DOME A, AY",,,,," -429","H,,S"
"AYM00089577","2008-02-10","-80.37","77.37","4084.0","DOME PLATEAU DOME A, AY",,,,," -438","H,,S"
"AYM00089577","2008-02-11","-80.37","77.37","4084.0","DOME PLATEAU DOME A, AY",,,,," -447","H,,S"
"AYM00089577","2008-02-12","-80.37","77.37","4084.0","DOME PLATEAU DOME A, AY",,,,," -451","H,,S"
"AYM00089577","2008-02-13","-80.37","77.37","4084.0","DOME PLATEAU DOME A, AY",,,,," -477","H,,S"
"AYM00089577","2008-02-14","-80.37","77.37","4084.0","DOME PLATEAU DOME A, AY",,,,," -513","H,,S"
"AYM00089577","2008-02-15","-80.37","77.37","4084.0","DOME PLATEAU DOME A, AY",,,,," -494","H,,S"
"AYM00089577","2008-02-16","-80.37","77.37","4084.0","DOME PLATEAU DOME A, AY",,,,," -492","H,,S"
"AYM00089577","2008-02-17","-80.37","77.37","4084.0","DOME PLATEAU DOME A, AY",,,,," -502","H,,S"
"AYM00089577","2008-02-18","-80.37","77.37","4084.0","DOME PLATEAU DOME A, AY",,,,," -495","H,,S"
"AYM00089577","2008-02-19","-80.37","77.37","4084.0","DOME PLATEAU DOME A, AY",,,,," -483","H,,S"
"AYM00089577","2008-02-20","-80.37","77.37","4084.0","DOME PLATEAU DOME A, AY",,,,," -471","H,,S"
"AYM00089577","2008-02-21","-80.37","77.37","4084.0","DOME PLATEAU DOME A, AY",,,,," -474","H,,S"
"AYM00089577","2008-02-22","-80.37","77.37","4084.0","DOME PLATEAU DOME A, AY",,,,," -486","H,,S"
"AYM00089577","2008-02-23","-80.37","77.37","4084.0","DOME PLATEAU DOME A, AY",,,,," -519","H,,S"
"AYM00089577","2008-02-24","-80.37","77.37","4084.0","DOME PLATEAU DOME A, AY",,,,," -494","H,,S"
"AYM00089577","2008-02-25","-80.37","77.37","4084.0","DOME PLATEAU DOME A, AY",,,,," -501","H,,S"
"AYM00089577","2008-02-26","-80.37","77.37","4084.0","DOME PLATEAU DOME A, AY",,,,," -489","H,,S"
"AYM00089577","2008-02-27","-80.37","77.37","4084.0","DOME PLATEAU DOME A, AY",,,,," -492","H,,S"
"AYM00089577","2008-02-28","-80.37","77.37","4084.0","DOME PLATEAU DOME A, AY",,,,," -516","H,,S"
"AYM00089577","2008-02-29","-80.37","77.37","4084.0","DOME PLATEAU DOME A, AY",,,,," -504","H,,S"
"AYM00089577","2008-03-01","-80.37","77.37","4084.0","DOME PLATEAU DOME A, AY",,,,," -489","H,,S"
"AYM00089577","2008-03-02","-80.37","77.37","4084.0","DOME PLATEAU DOME A, AY",,,,," -513","H,,S"
"AYM00089577","2008-03-03","-80.37","77.37","4084.0","DOME PLATEAU DOME A, AY",,,,," -494","H,,S"
"AYM00089577","2008-03-04","-80.37","77.37","4084.0","DOME PLATEAU DOME A, AY",,,,," -504","H,,S"
"AYM00089577","2008-03-05","-80.37","77.37","4084.0","DOME PLATEAU DOME A, AY",,,,," -530","H,,S"
"AYM00089577","2008-03-06","-80.37","77.37","4084.0","DOME PLATEAU DOME A, AY",,,,," -513","H,,S"
"AYM00089577","2008-03-07","-80.37","77.37","4084.0","DOME PLATEAU DOME A, AY",,,,," -510","H,,S"
"AYM00089577","2008-03-08","-80.37","77.37","4084.0","DOME PLATEAU DOME A, AY",,,,," -501","H,,S"
"AYM00089577","2008-03-09","-80.37","77.37","4084.0","DOME PLATEAU DOME A, AY",,,,," -489","H,,S"
"AYM00089577","2008-03-10","-80.37","77.37","4084.0","DOME PLATEAU DOME A, AY",,,,," -522","H,,S"
"AYM00089577","2008-03-11","-80.37","77.37","4084.0","DOME PLATEAU DOME A, AY",,,,," -549","H,,S"
"AYM00089577","2008-03-12","-80.37","77.37","4084.0","DOME PLATEAU DOME A, AY",,,,," -513","H,,S"
"AYM00089577","2008-03-13","-80.37","77.37","4084.0","DOME PLATEAU DOME A, AY",,,,," -558","H,,S"
"AYM00089577","2008-03-14","-80.37","77.37","4084.0","DOME PLATEAU DOME A, AY",,,,," -545","H,,S"
"AYM00089577","2008-03-15","-80.37","77.37","4084.0","DOME PLATEAU DOME A, AY",,,,," -519","H,,S"
"AYM00089577","2008-03-16","-80.37","77.37","4084.0","DOME PLATEAU DOME A, AY",,,,," -554","H,,S"
"AYM00089577","2008-03-17","-80.37","77.37","4084.0","DOME PLATEAU DOME A, AY",,,,," -573","H,,S"
"AYM00089577","2008-03-18","-80.37","77.37","4084.0","DOME PLATEAU DOME A, AY",,,,," -562","H,,S"
"AYM00089577","2008-03-19","-80.37","77.37","4084.0","DOME PLATEAU DOME A, AY",,,,," -547","H,,S"
"AYM00089577","2008-03-20","-80.37","77.37","4084.0","DOME PLATEAU DOME A, AY",,,,," -533","H,,S"
"AYM00089577","2008-03-21","-80.37","77.37","4084.0","DOME PLATEAU DOME A, AY",,,,," -554","H,,S"
"AYM00089577","2008-03-22","-80.37","77.37","4084.0","DOME PLATEAU DOME A, AY",,,,," -502","H,,S"
"AYM00089577","2008-03-23","-80.37","77.37","4084.0","DOME PLATEAU DOME A, AY",,,,," -550","H,,S"
"AYM00089577","2008-03-24","-80.37","77.37","4084.0","DOME PLATEAU DOME A, AY",,,,," -565","H,,S"
"AYM00089577","2008-03-25","-80.37","77.37","4084.0","DOME PLATEAU DOME A, AY",,,,," -563","H,,S"
"AYM00089577","2008-03-26","-80.37","77.37","4084.0","DOME PLATEAU DOME A, AY",,,,," -552","H,,S"
"AYM00089577","2008-03-27","-80.37","77.37","4084.0","DOME PLATEAU DOME A, AY",,,,," -565","H,,S"
"AYM00089577","2008-03-28","-80.37","77.37","4084.0","DOME PLATEAU DOME A, AY",,,,," -495","H,,S"
"AYM00089577","2008-03-29","-80.37","77.37","4084.0","DOME PLATEAU DOME A, AY",,,,," -568","H,,S"
"AYM00089577","2008-03-30","-80.37","77.37","4084.0","DOME PLATEAU DOME A, AY",,,,," -643","H,,S"
"AYM00089577","2008-03-31","-80.37","77.37","4084.0","DOME PLATEAU DOME A, AY",,,,," -641","H,,S"
"AYM00089577","2008-04-01","-80.37","77.37","4084.0","DOME PLATEAU DOME A, AY",,,,," -636","H,,S"
"AYM00089577","2008-04-02","-80.37","77.37","4084.0","DOME PLATEAU DOME A, AY",,,,," -548","H,,S"
"AYM00089577","2008-04-03","-80.37","77.37","4084.0","DOME PLATEAU DOME A, AY",,,,," -538","H,,S"
"AYM00089577","2008-04-04","-80.37","77.37","4084.0","DOME PLATEAU DOME A, AY",,,,," -606","H,,S"
"AYM00089577","2008-04-05","-80.37","77.37","4084.0","DOME PLATEAU DOME A, AY",,,,," -548","H,,S"
"AYM00089577","2008-04-06","-80.37","77.37","4084.0","DOME PLATEAU DOME A, AY",,,,," -515","H,,S"
"AYM00089577","2008-04-07","-80.37","77.37","4084.0","DOME PLATEAU DOME A, AY",,,,," -539","H,,S"
"AYM00089577","2008-04-08","-80.37","77.37","4084.0","DOME PLATEAU DOME A, AY",,,,," -513","H,,S"
"AYM00089577","2008-04-09","-80.37","77.37","4084.0","DOME PLATEAU DOME A, AY",,,,," -413","H,,S"
"AYM00089577","2008-04-10","-80.37","77.37","4084.0","DOME PLATEAU DOME A, AY",,,,," -516","H,,S"
"AYM00089577","2008-04-11","-80.37","77.37","4084.0","DOME PLATEAU DOME A, AY",,,,," -557","H,,S"
"AYM00089577","2008-04-12","-80.37","77.37","4084.0","DOME PLATEAU DOME A, AY",,,,," -563","H,,S"
"AYM00089577","2008-04-13","-80.37","77.37","4084.0","DOME PLATEAU DOME A, AY",,,,," -575","H,,S"
"AYM00089577","2008-04-14","-80.37","77.37","4084.0","DOME PLATEAU DOME A, AY",,,,," -648","H,,S"
"AYM00089577","2008-04-15","-80.37","77.37","4084.0","DOME PLATEAU DOME A, AY",,,,," -613","H,,S"
"AYM00089577","2008-04-16","-80.37","77.37","4084.0","DOME PLATEAU DOME A, AY",,,,," -664","H,,S"
"AYM00089577","2008-04-17","-80.37","77.37","4084.0","DOME PLATEAU DOME A, AY",,,,," -605","H,,S"
"AYM00089577","2008-04-18","-80.37","77.37","4084.0","DOME PLATEAU DOME A, AY",,,,," -543","H,,S"
"AYM00089577","2008-04-19","-80.37","77.37","4084.0","DOME PLATEAU DOME A, AY",,,,," -687","H,,S"
"AYM00089577","2008-04-20","-80.37","77.37","4084.0","DOME PLATEAU DOME A, AY",,,,," -671","H,,S"
"AYM00089577","2008-04-21","-80.37","77.37","4084.0","DOME PLATEAU DOME A, AY",,,,," -637","H,,S"
"AYM00089577","2008-04-22","-80.37","77.37","4084.0","DOME PLATEAU DOME A, AY",,,,," -598","H,,S"
"AYM00089577","2008-04-23","-80.37","77.37","4084.0","DOME PLATEAU DOME A, AY",,,,," -658","H,,S"
"AYM00089577","2008-04-24","-80.37","77.37","4084.0","DOME PLATEAU DOME A, AY",,,,," -624","H,,S"
"AYM00089577","2008-04-25","-80.37","77.37","4084.0","DOME PLATEAU DOME A, AY",,,,," -571","H,,S"
"AYM00089577","2008-04-26","-80.37","77.37","4084.0","DOME PLATEAU DOME A, AY",,,,," -651","H,,S"
"AYM00089577","2008-04-27","-80.37","77.37","4084.0","DOME PLATEAU DOME A, AY",,,,," -620","H,,S"
"AYM00089577","2008-04-28","-80.37","77.37","4084.0","DOME PLATEAU DOME A, AY",,,,," -611","H,,S"
"AYM00089577","2008-04-29","-80.37","77.37","4084.0","DOME PLATEAU DOME A, AY",,,,," -645","H,,S"
"AYM00089577","2008-04-30","-80.37","77.37","4084.0","DOME PLATEAU DOME A, AY",,,,," -659","H,,S"
"AYM00089577","2008-05-01","-80.37","77.37","4084.0","DOME PLATEAU DOME A, AY",,,,," -587","H,,S"
"AYM00089577","2008-05-02","-80.37","77.37","4084.0","DOME PLATEAU DOME A, AY",,,,," -583","H,,S"
"AYM00089577","2008-05-03","-80.37","77.37","4084.0","DOME PLATEAU DOME A, AY",,,,," -594","H,,S"
"AYM00089577","2008-05-04","-80.37","77.37","4084.0","DOME PLATEAU DOME A, AY",,,,," -567","H,,S"
"AYM00089577","2008-05-05","-80.37","77.37","4084.0","DOME PLATEAU DOME A, AY",,,,," -521","H,,S"
"AYM00089577","2008-05-06","-80.37","77.37","4084.0","DOME PLATEAU DOME A, AY",,,,," -609","H,,S"
"AYM00089577","2008-05-07","-80.37","77.37","4084.0","DOME PLATEAU DOME A, AY",,,,," -563","H,,S"
"AYM00089577","2008-05-08","-80.37","77.37","4084.0","DOME PLATEAU DOME A, AY",,,,," -643","H,,S"
"AYM00089577","2008-05-09","-80.37","77.37","4084.0","DOME PLATEAU DOME A, AY",,,,," -683","H,,S"
"AYM00089577","2008-05-10","-80.37","77.37","4084.0","DOME PLATEAU DOME A, AY",,,,," -676","H,,S"
"AYM00089577","2008-05-11","-80.37","77.37","4084.0","DOME PLATEAU DOME A, AY",,,,," -687","H,,S"
"AYM00089577","2008-05-12","-80.37","77.37","4084.0","DOME PLATEAU DOME A, AY",,,,," -655","H,,S"
"AYM00089577","2008-05-13","-80.37","77.37","4084.0","DOME PLATEAU DOME A, AY",,,,," -719","H,,S"
"AYM00089577","2008-05-14","-80.37","77.37","4084.0","DOME PLATEAU DOME A, AY",,,,," -691","H,,S"
"AYM00089577","2008-05-15","-80.37","77.37","4084.0","DOME PLATEAU DOME A, AY",,,,," -689","H,,S"
"AYM00089577","2008-05-16","-80.37","77.37","4084.0","DOME PLATEAU DOME A, AY",,,,," -683","H,,S"
"AYM00089577","2008-05-17","-80.37","77.37","4084.0","DOME PLATEAU DOME A, AY",,,,," -629","H,,S"
"AYM00089577","2008-05-18","-80.37","77.37","4084.0","DOME PLATEAU DOME A, AY",,,,," -703","H,,S"
"AYM00089577","2008-05-19","-80.37","77.37","4084.0","DOME PLATEAU DOME A, AY",,,,," -656","H,,S"
"AYM00089577","2008-05-20","-80.37","77.37","4084.0","DOME PLATEAU DOME A, AY",,,,," -669","H,,S"
"AYM00089577","2008-05-21","-80.37","77.37","4084.0","DOME PLATEAU DOME A, AY",,,,," -691","H,,S"
"AYM00089577","2008-05-22","-80.37","77.37","4084.0","DOME PLATEAU DOME A, AY",,,,," -671","H,,S"
"AYM00089577","2008-05-23","-80.37","77.37","4084.0","DOME PLATEAU DOME A, AY",,,,," -614","H,,S"
"AYM00089577","2008-05-24","-80.37","77.37","4084.0","DOME PLATEAU DOME A, AY",,,,," -723","H,,S"
"AYM00089577","2008-05-25","-80.37","77.37","4084.0","DOME PLATEAU DOME A, AY",,,,," -672","H,,S"
"AYM00089577","2008-05-26","-80.37","77.37","4084.0","DOME PLATEAU DOME A, AY",,,,," -541","H,,S"
"AYM00089577","2008-05-27","-80.37","77.37","4084.0","DOME PLATEAU DOME A, AY",,,,," -580","H,,S"
"AYM00089577","2008-05-28","-80.37","77.37","4084.0","DOME PLATEAU DOME A, AY",,,,," -695","H,,S"
"AYM00089577","2008-05-29","-80.37","77.37","4084.0","DOME PLATEAU DOME A, AY",,,,," -694","H,,S"
"AYM00089577","2008-05-30","-80.37","77.37","4084.0","DOME PLATEAU DOME A, AY",,,,," -644","H,,S"
"AYM00089577","2008-05-31","-80.37","77.37","4084.0","DOME PLATEAU DOME A, AY",,,,," -665","H,,S"
"AYM00089577","2008-06-01","-80.37","77.37","4084.0","DOME PLATEAU DOME A, AY",,,,," -621","H,,S"
"AYM00089577","2008-06-02","-80.37","77.37","4084.0","DOME PLATEAU DOME A, AY",,,,," -704","H,,S"
"AYM00089577","2008-06-03","-80.37","77.37","4084.0","DOME PLATEAU DOME A, AY",,,,," -711","H,,S"
"AYM00089577","2008-06-04","-80.37","77.37","4084.0","DOME PLATEAU DOME A, AY",,,,," -634","H,,S"
"AYM00089577","2008-06-05","-80.37","77.37","4084.0","DOME PLATEAU DOME A, AY",,,,," -618","H,,S"
"AYM00089577","2008-06-06","-80.37","77.37","4084.0","DOME PLATEAU DOME A, AY",,,,," -634","H,,S"
"AYM00089577","2008-06-07","-80.37","77.37","4084.0","DOME PLATEAU DOME A, AY",,,,," -660","H,,S"
"AYM00089577","2008-06-08","-80.37","77.37","4084.0","DOME PLATEAU DOME A, AY",,,,," -612","H,,S"
"AYM00089577","2008-06-09","-80.37","77.37","4084.0","DOME PLATEAU DOME A, AY",,,,," -646","H,,S"
"AYM00089577","2008-06-10","-80.37","77.37","4084.0","DOME PLATEAU DOME A, AY",,,,," -657","H,,S"
"AYM00089577","2008-06-11","-80.37","77.37","4084.0","DOME PLATEAU DOME A, AY",,,,," -619","H,,S"
"AYM00089577","2008-06-12","-80.37","77.37","4084.0","DOME PLATEAU DOME A, AY",,,,," -666","H,,S"
"AYM00089577","2008-06-13","-80.37","77.37","4084.0","DOME PLATEAU DOME A, AY",,,,," -732","H,,S"
"AYM00089577","2008-06-14","-80.37","77.37","4084.0","DOME PLATEAU DOME A, AY",,,,," -697","H,,S"
"AYM00089577","2008-06-15","-80.37","77.37","4084.0","DOME PLATEAU DOME A, AY",,,,," -588","H,,S"
"AYM00089577","2008-06-16","-80.37","77.37","4084.0","DOME PLATEAU DOME A, AY",,,,," -639","H,,S"
"AYM00089577","2008-06-17","-80.37","77.37","4084.0","DOME PLATEAU DOME A, AY",,,,," -626","H,,S"
"AYM00089577","2008-06-18","-80.37","77.37","4084.0","DOME PLATEAU DOME A, AY",,,,," -653","H,,S"
"AYM00089577","2008-06-19","-80.37","77.37","4084.0","DOME PLATEAU DOME A, AY",,,,," -691","H,,S"
"AYM00089577","2008-06-20","-80.37","77.37","4084.0","DOME PLATEAU DOME A, AY",,,,," -637","H,,S"
"AYM00089577","2008-06-21","-80.37","77.37","4084.0","DOME PLATEAU DOME A, AY",,,,," -660","H,,S"
"AYM00089577","2008-06-22","-80.37","77.37","4084.0","DOME PLATEAU DOME A, AY",,,,," -653","H,,S"
"AYM00089577","2008-06-23","-80.37","77.37","4084.0","DOME PLATEAU DOME A, AY",,,,," -677","H,,S"
"AYM00089577","2008-06-24","-80.37","77.37","4084.0","DOME PLATEAU DOME A, AY",,,,," -679","H,,S"
"AYM00089577","2008-06-25","-80.37","77.37","4084.0","DOME PLATEAU DOME A, AY",,,,," -631","H,,S"
"AYM00089577","2008-06-26","-80.37","77.37","4084.0","DOME PLATEAU DOME A, AY",,,,," -576","H,,S"
"AYM00089577","2008-06-27","-80.37","77.37","4084.0","DOME PLATEAU DOME A, AY",,,,," -643","H,,S"
"AYM00089577","2008-06-28","-80.37","77.37","4084.0","DOME PLATEAU DOME A, AY",,,,," -663","H,,S"
"AYM00089577","2008-06-29","-80.37","77.37","4084.0","DOME PLATEAU DOME A, AY",,,,," -647","H,,S"
"AYM00089577","2008-06-30","-80.37","77.37","4084.0","DOME PLATEAU DOME A, AY",,,,," -741","H,,S"
"AYM00089577","2008-07-01","-80.37","77.37","4084.0","DOME PLATEAU DOME A, AY",,,,," -711","H,,S"
"AYM00089577","2008-07-02","-80.37","77.37","4084.0","DOME PLATEAU DOME A, AY",,,,," -663","H,,S"
"AYM00089577","2008-07-03","-80.37","77.37","4084.0","DOME PLATEAU DOME A, AY",,,,," -684","H,,S"
"AYM00089577","2008-07-04","-80.37","77.37","4084.0","DOME PLATEAU DOME A, AY",,,,," -722","H,,S"
"AYM00089577","2008-07-05","-80.37","77.37","4084.0","DOME PLATEAU DOME A, AY",,,,," -577","H,,S"
"AYM00089577","2008-07-06","-80.37","77.37","4084.0","DOME PLATEAU DOME A, AY",,,,," -581","H,,S"
"AYM00089577","2008-07-07","-80.37","77.37","4084.0","DOME PLATEAU DOME A, AY",,,,," -638","H,,S"
"AYM00089577","2008-07-08","-80.37","77.37","4084.0","DOME PLATEAU DOME A, AY",,,,," -686","H,,S"
"AYM00089577","2008-07-09","-80.37","77.37","4084.0","DOME PLATEAU DOME A, AY",,,,," -619","H,,S"
"AYM00089577","2008-07-10","-80.37","77.37","4084.0","DOME PLATEAU DOME A, AY",,,,," -576","H,,S"
"AYM00089577","2008-07-11","-80.37","77.37","4084.0","DOME PLATEAU DOME A, AY",,,,," -642","H,,S"
"AYM00089577","2008-07-12","-80.37","77.37","4084.0","DOME PLATEAU DOME A, AY",,,,," -662","H,,S"
"AYM00089577","2008-07-13","-80.37","77.37","4084.0","DOME PLATEAU DOME A, AY",,,,," -643","H,,S"
"AYM00089577","2008-07-14","-80.37","77.37","4084.0","DOME PLATEAU DOME A, AY",,,,," -604","H,,S"
"AYM00089577","2008-07-15","-80.37","77.37","4084.0","DOME PLATEAU DOME A, AY",,,,," -603","H,,S"
"AYM00089577","2008-07-16","-80.37","77.37","4084.0","DOME PLATEAU DOME A, AY",,,,," -634","H,,S"
"AYM00089577","2008-07-17","-80.37","77.37","4084.0","DOME PLATEAU DOME A, AY",,,,," -576","H,,S"
"AYM00089577","2008-07-18","-80.37","77.37","4084.0","DOME PLATEAU DOME A, AY",,,,," -522","H,,S"
"AYM00089577","2008-07-19","-80.37","77.37","4084.0","DOME PLATEAU DOME A, AY",,,,," -588","H,,S"
"AYM00089577","2008-07-20","-80.37","77.37","4084.0","DOME PLATEAU DOME A, AY",,,,," -598","H,,S"
"AYM00089577","2008-07-21","-80.37","77.37","4084.0","DOME PLATEAU DOME A, AY",,,,," -630","H,,S"
"AYM00089577","2008-07-22","-80.37","77.37","4084.0","DOME PLATEAU DOME A, AY",,,,," -619","H,,S"
"AYM00089577","2008-07-23","-80.37","77.37","4084.0","DOME PLATEAU DOME A, AY",,,,," -643","H,,S"
"AYM00089577","2008-07-24","-80.37","77.37","4084.0","DOME PLATEAU DOME A, AY",,,,," -663","H,,S"
"AYM00089577","2008-07-25","-80.37","77.37","4084.0","DOME PLATEAU DOME A, AY",,,,," -668","H,,S"
"AYM00089577","2008-07-26","-80.37","77.37","4084.0","DOME PLATEAU DOME A, AY",,,,," -713","H,,S"
"AYM00089577","2008-07-27","-80.37","77.37","4084.0","DOME PLATEAU DOME A, AY",,,,," -602","H,,S"
"AYM00089577","2008-07-28","-80.37","77.37","4084.0","DOME PLATEAU DOME A, AY",,,,," -527","H,,S"
"AYM00089577","2008-07-29","-80.37","77.37","4084.0","DOME PLATEAU DOME A, AY",,,,," -581","H,,S"
"AYM00089577","2008-07-30","-80.37","77.37","4084.0","DOME PLATEAU DOME A, AY",,,,," -611","H,,S"
"AYM00089577","2008-07-31","-80.37","77.37","4084.0","DOME PLATEAU DOME A, AY",,,,," -528","H,,S"
"AYM00089577","2008-08-01","-80.37","77.37","4084.0","DOME PLATEAU DOME A, AY",,,,," -492","H,,S"
"AYM00089577","2008-08-02","-80.37","77.37","4084.0","DOME PLATEAU DOME A, AY",,,,," -540","H,,S"
"AYM00089577","2008-08-03","-80.37","77.37","4084.0","DOME PLATEAU DOME A, AY",,,,," -622","H,,S"
"AYM00089577","2008-08-04","-80.37","77.37","4084.0","DOME PLATEAU DOME A, AY",,,,," -642","H,,S"
"AYM00089577","2008-08-05","-80.37","77.37","4084.0","DOME PLATEAU DOME A, AY",,,,," -673","H,,S"
"AYM00089577","2008-08-06","-80.37","77.37","4084.0","DOME PLATEAU DOME A, AY",,,,," -678","H,,S"
"AYM00089577","2008-08-07","-80.37","77.37","4084.0","DOME PLATEAU DOME A, AY",,,,," -677","H,,S"
"AYM00089577","2008-08-08","-80.37","77.37","4084.0","DOME PLATEAU DOME A, AY",,,,," -609","H,,S"
"AYM00089577","2008-08-09","-80.37","77.37","4084.0","DOME PLATEAU DOME A, AY",,,,," -556","H,,S"
"AYM00089577","2008-08-10","-80.37","77.37","4084.0","DOME PLATEAU DOME A, AY",,,,," -651","H,,S"
"AYM00089577","2008-08-11","-80.37","77.37","4084.0","DOME PLATEAU DOME A, AY",,,,," -726","H,,S"
"AYM00089577","2008-08-12","-80.37","77.37","4084.0","DOME PLATEAU DOME A, AY",,,,," -752","H,,S"
"AYM00089577","2008-08-13","-80.37","77.37","4084.0","DOME PLATEAU DOME A, AY",,,,," -742","H,,S"
"AYM00089577","2008-08-14","-80.37","77.37","4084.0","DOME PLATEAU DOME A, AY",,,,," -757","H,,S"
"AYM00089577","2008-08-15","-80.37","77.37","4084.0","DOME PLATEAU DOME A, AY",,,,," -753","H,,S"
"AYM00089577","2008-08-16","-80.37","77.37","4084.0","DOME PLATEAU DOME A, AY",,,,," -672","H,,S"
"AYM00089577","2008-08-17","-80.37","77.37","4084.0","DOME PLATEAU DOME A, AY",,,,," -704","H,,S"
"AYM00089577","2008-08-18","-80.37","77.37","4084.0","DOME PLATEAU DOME A, AY",,,,," -733","H,,S"
"AYM00089577","2008-08-19","-80.37","77.37","4084.0","DOME PLATEAU DOME A, AY",,,,," -779","H,,S"
"AYM00089577","2008-08-20","-80.37","77.37","4084.0","DOME PLATEAU DOME A, AY",,,,," -731","H,,S"
"AYM00089577","2008-08-21","-80.37","77.37","4084.0","DOME PLATEAU DOME A, AY",,,,," -755","H,,S"
"AYM00089577","2008-08-22","-80.37","77.37","4084.0","DOME PLATEAU DOME A, AY",,,,," -742","H,,S"
"AYM00089577","2008-08-23","-80.37","77.37","4084.0","DOME PLATEAU DOME A, AY",,,,," -692","H,,S"
"AYM00089577","2008-08-24","-80.37","77.37","4084.0","DOME PLATEAU DOME A, AY",,,,," -630","H,,S"
"AYM00089577","2008-08-25","-80.37","77.37","4084.0","DOME PLATEAU DOME A, AY",,,,," -669","H,,S"
"AYM00089577","2008-08-26","-80.37","77.37","4084.0","DOME PLATEAU DOME A, AY",,,,," -741","H,,S"
"AYM00089577","2008-08-27","-80.37","77.37","4084.0","DOME PLATEAU DOME A, AY",,,,," -763","H,,S"
"AYM00089577","2008-08-28","-80.37","77.37","4084.0","DOME PLATEAU DOME A, AY",,,,," -727","H,,S"
"AYM00089577","2008-08-29","-80.37","77.37","4084.0","DOME PLATEAU DOME A, AY",,,,," -716","H,,S"
"AYM00089577","2008-08-30","-80.37","77.37","4084.0","DOME PLATEAU DOME A, AY",,,,," -777","H,,S"
"AYM00089577","2008-08-31","-80.37","77.37","4084.0","DOME PLATEAU DOME A, AY",,,,," -694","H,,S"
"AYM00089577","2008-09-01","-80.37","77.37","4084.0","DOME PLATEAU DOME A, AY",,,,," -677","H,,S"
"AYM00089577","2008-09-02","-80.37","77.37","4084.0","DOME PLATEAU DOME A, AY",,,,," -651","H,,S"
"AYM00089577","2008-09-03","-80.37","77.37","4084.0","DOME PLATEAU DOME A, AY",,,,," -681","H,,S"
"AYM00089577","2008-09-04","-80.37","77.37","4084.0","DOME PLATEAU DOME A, AY",,,,," -599","H,,S"
"AYM00089577","2008-09-05","-80.37","77.37","4084.0","DOME PLATEAU DOME A, AY",,,,," -536","H,,S"
"AYM00089577","2008-09-06","-80.37","77.37","4084.0","DOME PLATEAU DOME A, AY",,,,," -597","H,,S"
"AYM00089577","2008-09-07","-80.37","77.37","4084.0","DOME PLATEAU DOME A, AY",,,,," -628","H,,S"
"AYM00089577","2008-09-08","-80.37","77.37","4084.0","DOME PLATEAU DOME A, AY",,,,," -636","H,,S"
"AYM00089577","2008-09-09","-80.37","77.37","4084.0","DOME PLATEAU DOME A, AY",,,,," -660","H,,S"
"AYM00089577","2008-09-10","-80.37","77.37","4084.0","DOME PLATEAU DOME A, AY",,,,," -703","H,,S"
"AYM00089577","2008-09-11","-80.37","77.37","4084.0","DOME PLATEAU DOME A, AY",,,,," -681","H,,S"
"AYM00089577","2008-09-12","-80.37","77.37","4084.0","DOME PLATEAU DOME A, AY",,,,," -664","H,,S"
"AYM00089577","2008-09-13","-80.37","77.37","4084.0","DOME PLATEAU DOME A, AY",,,,," -692","H,,S"
"AYM00089577","2008-09-14","-80.37","77.37","4084.0","DOME PLATEAU DOME A, AY",,,,," -692","H,,S"
"AYM00089577","2008-09-15","-80.37","77.37","4084.0","DOME PLATEAU DOME A, AY",,,,," -669","H,,S"
"AYM00089577","2008-09-16","-80.37","77.37","4084.0","DOME PLATEAU DOME A, AY",,,,," -704","H,,S"
"AYM00089577","2008-09-17","-80.37","77.37","4084.0","DOME PLATEAU DOME A, AY",,,,," -714","H,,S"
"AYM00089577","2008-09-18","-80.37","77.37","4084.0","DOME PLATEAU DOME A, AY",,,,," -703","H,,S"
"AYM00089577","2008-09-19","-80.37","77.37","4084.0","DOME PLATEAU DOME A, AY",,,,," -700","H,,S"
"AYM00089577","2008-09-20","-80.37","77.37","4084.0","DOME PLATEAU DOME A, AY",,,,," -694","H,,S"
"AYM00089577","2008-09-21","-80.37","77.37","4084.0","DOME PLATEAU DOME A, AY",,,,," -657","H,,S"
"AYM00089577","2008-09-22","-80.37","77.37","4084.0","DOME PLATEAU DOME A, AY",,,,," -653","H,,S"
"AYM00089577","2008-09-23","-80.37","77.37","4084.0","DOME PLATEAU DOME A, AY",,,,," -616","H,,S"
"AYM00089577","2008-09-24","-80.37","77.37","4084.0","DOME PLATEAU DOME A, AY",,,,," -568","H,,S"
"AYM00089577","2008-09-25","-80.37","77.37","4084.0","DOME PLATEAU DOME A, AY",,,,," -507","H,,S"
"AYM00089577","2008-09-26","-80.37","77.37","4084.0","DOME PLATEAU DOME A, AY",,,,," -638","H,,S"
"AYM00089577","2008-09-27","-80.37","77.37","4084.0","DOME PLATEAU DOME A, AY",,,,," -614","H,,S"
"AYM00089577","2008-09-28","-80.37","77.37","4084.0","DOME PLATEAU DOME A, AY",,,,," -660","H,,S"
"AYM00089577","2008-09-29","-80.37","77.37","4084.0","DOME PLATEAU DOME A, AY",,,,," -599","H,,S"
"AYM00089577","2008-09-30","-80.37","77.37","4084.0","DOME PLATEAU DOME A, AY",,,,," -541","H,,S"
"AYM00089577","2008-10-01","-80.37","77.37","4084.0","DOME PLATEAU DOME A, AY",,,,," -526","H,,S"
"AYM00089577","2008-10-02","-80.37","77.37","4084.0","DOME PLATEAU DOME A, AY",,,,," -540","H,,S"
"AYM00089577","2008-10-03","-80.37","77.37","4084.0","DOME PLATEAU DOME A, AY",,,,," -587","H,,S"
"AYM00089577","2008-10-04","-80.37","77.37","4084.0","DOME PLATEAU DOME A, AY",,,,," -586","H,,S"
"AYM00089577","2008-10-05","-80.37","77.37","4084.0","DOME PLATEAU DOME A, AY",,,,," -564","H,,S"
"AYM00089577","2008-10-06","-80.37","77.37","4084.0","DOME PLATEAU DOME A, AY",,,,," -567","H,,S"
"AYM00089577","2008-10-07","-80.37","77.37","4084.0","DOME PLATEAU DOME A, AY",,,,," -550","H,,S"
"AYM00089577","2008-10-08","-80.37","77.37","4084.0","DOME PLATEAU DOME A, AY",,,,," -546","H,,S"
"AYM00089577","2008-10-09","-80.37","77.37","4084.0","DOME PLATEAU DOME A, AY",,,,," -614","H,,S"
"AYM00089577","2008-10-10","-80.37","77.37","4084.0","DOME PLATEAU DOME A, AY",,,,," -595","H,,S"
"AYM00089577","2008-10-11","-80.37","77.37","4084.0","DOME PLATEAU DOME A, AY",,,,," -568","H,,S"
"AYM00089577","2008-10-12","-80.37","77.37","4084.0","DOME PLATEAU DOME A, AY",,,,," -559","H,,S"
"AYM00089577","2008-10-13","-80.37","77.37","4084.0","DOME PLATEAU DOME A, AY",,,,," -629","H,,S"
"AYM00089577","2008-10-14","-80.37","77.37","4084.0","DOME PLATEAU DOME A, AY",,,,," -594","H,,S"
"AYM00089577","2008-10-15","-80.37","77.37","4084.0","DOME PLATEAU DOME A, AY",,,,," -594","H,,S"
"AYM00089577","2008-10-16","-80.37","77.37","4084.0","DOME PLATEAU DOME A, AY",,,,," -607","H,,S"
"AYM00089577","2008-10-17","-80.37","77.37","4084.0","DOME PLATEAU DOME A, AY",,,,," -543","H,,S"
"AYM00089577","2008-10-18","-80.37","77.37","4084.0","DOME PLATEAU DOME A, AY",,,,," -509","H,,S"
"AYM00089577","2008-10-19","-80.37","77.37","4084.0","DOME PLATEAU DOME A, AY",,,,," -468","H,,S"
"AYM00089577","2008-10-20","-80.37","77.37","4084.0","DOME PLATEAU DOME A, AY",,,,," -535","H,,S"
"AYM00089577","2008-10-21","-80.37","77.37","4084.0","DOME PLATEAU DOME A, AY",,,,," -559","H,,S"
"AYM00089577","2008-10-22","-80.37","77.37","4084.0","DOME PLATEAU DOME A, AY",,,,," -537","H,,S"
"AYM00089577","2008-10-23","-80.37","77.37","4084.0","DOME PLATEAU DOME A, AY",,,,," -511","H,,S"
"AYM00089577","2008-10-24","-80.37","77.37","4084.0","DOME PLATEAU DOME A, AY",,,,," -564","H,,S"
"AYM00089577","2008-10-25","-80.37","77.37","4084.0","DOME PLATEAU DOME A, AY",,,,," -554","H,,S"
"AYM00089577","2008-10-26","-80.37","77.37","4084.0","DOME PLATEAU DOME A, AY",,,,," -541","H,,S"
"AYM00089577","2008-10-27","-80.37","77.37","4084.0","DOME PLATEAU DOME A, AY",,,,," -523","H,,S"
"AYM00089577","2008-10-28","-80.37","77.37","4084.0","DOME PLATEAU DOME A, AY",,,,," -465","H,,S"
"AYM00089577","2008-10-29","-80.37","77.37","4084.0","DOME PLATEAU DOME A, AY",,,,," -434","H,,S"
"AYM00089577","2008-10-30","-80.37","77.37","4084.0","DOME PLATEAU DOME A, AY",,,,," -472","H,,S"
"AYM00089577","2008-10-31","-80.37","77.37","4084.0","DOME PLATEAU DOME A, AY",,,,," -494","H,,S"
"AYM00089577","2008-11-01","-80.37","77.37","4084.0","DOME PLATEAU DOME A, AY",,,,," -529","H,,S"
"AYM00089577","2008-11-02","-80.37","77.37","4084.0","DOME PLATEAU DOME A, AY",,,,," -516","H,,S"
"AYM00089577","2008-11-03","-80.37","77.37","4084.0","DOME PLATEAU DOME A, AY",,,,," -437","H,,S"
"AYM00089577","2008-11-04","-80.37","77.37","4084.0","DOME PLATEAU DOME A, AY",,,,," -426","H,,S"
"AYM00089577","2008-11-05","-80.37","77.37","4084.0","DOME PLATEAU DOME A, AY",,,,," -434","H,,S"
"AYM00089577","2008-11-06","-80.37","77.37","4084.0","DOME PLATEAU DOME A, AY",,,,," -444","H,,S"
"AYM00089577","2008-11-07","-80.37","77.37","4084.0","DOME PLATEAU DOME A, AY",,,,," -445","H,,S"
"AYM00089577","2008-11-08","-80.37","77.37","4084.0","DOME PLATEAU DOME A, AY",,,,," -433","H,,S"
"AYM00089577","2008-11-09","-80.37","77.37","4084.0","DOME PLATEAU DOME A, AY",,,,," -428","H,,S"
"AYM00089577","2008-11-10","-80.37","77.37","4084.0","DOME PLATEAU DOME A, AY",,,,," -402","H,,S"
"AYM00089577","2008-11-11","-80.37","77.37","4084.0","DOME PLATEAU DOME A, AY",,,,," -404","H,,S"
"AYM00089577","2008-11-12","-80.37","77.37","4084.0","DOME PLATEAU DOME A, AY",,,,," -379","H,,S"
"AYM00089577","2008-11-13","-80.37","77.37","4084.0","DOME PLATEAU DOME A, AY",,,,," -384","H,,S"
"AYM00089577","2008-11-14","-80.37","77.37","4084.0","DOME PLATEAU DOME A, AY",,,,," -385","H,,S"
"AYM00089577","2008-11-15","-80.37","77.37","4084.0","DOME PLATEAU DOME A, AY",,,,," -351","H,,S"
"AYM00089577","2008-11-16","-80.37","77.37","4084.0","DOME PLATEAU DOME A, AY",,,,," -369","H,,S"
"AYM00089577","2008-11-17","-80.37","77.37","4084.0","DOME PLATEAU DOME A, AY",,,,," -374","H,,S"
"AYM00089577","2008-11-18","-80.37","77.37","4084.0","DOME PLATEAU DOME A, AY",,,,," -392","H,,S"
"AYM00089577","2008-11-19","-80.37","77.37","4084.0","DOME PLATEAU DOME A, AY",,,,," -415","H,,S"
"AYM00089577","2008-11-20","-80.37","77.37","4084.0","DOME PLATEAU DOME A, AY",,,,," -428","H,,S"
"AYM00089577","2008-11-21","-80.37","77.37","4084.0","DOME PLATEAU DOME A, AY",,,,," -419","H,,S"
"AYM00089577","2008-11-22","-80.37","77.37","4084.0","DOME PLATEAU DOME A, AY",,,,," -416","H,,S"
"AYM00089577","2008-11-23","-80.37","77.37","4084.0","DOME PLATEAU DOME A, AY",,,,," -402","H,,S"
"AYM00089577","2008-11-24","-80.37","77.37","4084.0","DOME PLATEAU DOME A, AY",,,,," -350","H,,S"
"AYM00089577","2008-11-25","-80.37","77.37","4084.0","DOME PLATEAU DOME A, AY",,,,," -361","H,,S"
"AYM00089577","2008-11-26","-80.37","77.37","4084.0","DOME PLATEAU DOME A, AY",,,,," -362","H,,S"
"AYM00089577","2008-11-27","-80.37","77.37","4084.0","DOME PLATEAU DOME A, AY",,,,," -340","H,,S"
"AYM00089577","2008-11-28","-80.37","77.37","4084.0","DOME PLATEAU DOME A, AY",,,,," -362","H,,S"
"AYM00089577","2008-11-29","-80.37","77.37","4084.0","DOME PLATEAU DOME A, AY",,,,," -378","H,,S"
"AYM00089577","2008-11-30","-80.37","77.37","4084.0","DOME PLATEAU DOME A, AY",,,,," -344","H,,S"
"AYM00089577","2008-12-01","-80.37","77.37","4084.0","DOME PLATEAU DOME A, AY",,,,," -369","H,,S"
"AYM00089577","2008-12-02","-80.37","77.37","4084.0","DOME PLATEAU DOME A, AY",,,,," -365","H,,S"
"AYM00089577","2008-12-03","-80.37","77.37","4084.0","DOME PLATEAU DOME A, AY",,,,," -341","H,,S"
"AYM00089577","2008-12-04","-80.37","77.37","4084.0","DOME PLATEAU DOME A, AY",,,,," -353","H,,S"
"AYM00089577","2008-12-05","-80.37","77.37","4084.0","DOME PLATEAU DOME A, AY",,,,," -343","H,,S"
"AYM00089577","2008-12-06","-80.37","77.37","4084.0","DOME PLATEAU DOME A, AY",,,,," -313","H,,S"
"AYM00089577","2008-12-07","-80.37","77.37","4084.0","DOME PLATEAU DOME A, AY",,,,," -351","H,,S"
"AYM00089577","2008-12-08","-80.37","77.37","4084.0","DOME PLATEAU DOME A, AY",,,,," -344","H,,S"
"AYM00089577","2008-12-09","-80.37","77.37","4084.0","DOME PLATEAU DOME A, AY",,,,," -337","H,,S"
"AYM00089577","2008-12-10","-80.37","77.37","4084.0","DOME PLATEAU DOME A, AY",,,,," -250","H,,S"
"AYM00089577","2008-12-11","-80.37","77.37","4084.0","DOME PLATEAU DOME A, AY",,,,," -299","H,,S"
"AYM00089577","2008-12-12","-80.37","77.37","4084.0","DOME PLATEAU DOME A, AY",,,,," -287","H,,S"
"AYM00089577","2008-12-13","-80.37","77.37","4084.0","DOME PLATEAU DOME A, AY",,,,," -268","H,,S"
"AYM00089577","2008-12-14","-80.37","77.37","4084.0","DOME PLATEAU DOME A, AY",,,,," -328","H,,S"
"AYM00089577","2008-12-15","-80.37","77.37","4084.0","DOME PLATEAU DOME A, AY",,,,," -317","H,,S"
"AYM00089577","2008-12-16","-80.37","77.37","4084.0","DOME PLATEAU DOME A, AY",,,,," -305","H,,S"
"AYM00089577","2008-12-17","-80.37","77.37","4084.0","DOME PLATEAU DOME A, AY",,,,," -305","H,,S"
"AYM00089577","2008-12-18","-80.37","77.37","4084.0","DOME PLATEAU DOME A, AY",,,,," -319","H,,S"
"AYM00089577","2008-12-19","-80.37","77.37","4084.0","DOME PLATEAU DOME A, AY",,,,," -307","H,,S"
"AYM00089577","2008-12-20","-80.37","77.37","4084.0","DOME PLATEAU DOME A, AY",,,,," -289","H,,S"
"AYM00089577","2008-12-21","-80.37","77.37","4084.0","DOME PLATEAU DOME A, AY",,,,," -291","H,,S"
"AYM00089577","2008-12-22","-80.37","77.37","4084.0","DOME PLATEAU DOME A, AY",,,,," -300","H,,S"
"AYM00089577","2008-12-23","-80.37","77.37","4084.0","DOME PLATEAU DOME A, AY",,,,," -291","H,,S"
"AYM00089577","2008-12-24","-80.37","77.37","4084.0","DOME PLATEAU DOME A, AY",,,,," -308","H,,S"
"AYM00089577","2008-12-25","-80.37","77.37","4084.0","DOME PLATEAU DOME A, AY",,,,," -295","H,,S"
"AYM00089577","2008-12-26","-80.37","77.37","4084.0","DOME PLATEAU DOME A, AY",,,,," -292","H,,S"
"AYM00089577","2008-12-27","-80.37","77.37","4084.0","DOME PLATEAU DOME A, AY",,,,," -295","H,,S"
"AYM00089577","2008-12-28","-80.37","77.37","4084.0","DOME PLATEAU DOME A, AY",,,,," -324","H,,S"
"AYM00089577","2008-12-29","-80.37","77.37","4084.0","DOME PLATEAU DOME A, AY",,,,," -323","H,,S"
"AYM00089577","2008-12-30","-80.37","77.37","4084.0","DOME PLATEAU DOME A, AY",,,,," -311","H,,S"
"AYM00089577","2008-12-31","-80.37","77.37","4084.0","DOME PLATEAU DOME A, AY",,,,," -292","H,,S"
"AYM00089577","2009-01-01","-80.37","77.37","4084.0","DOME PLATEAU DOME A, AY",,,,," -261","H,,S"
"AYM00089577","2009-01-02","-80.37","77.37","4084.0","DOME PLATEAU DOME A, AY",,,,," -296","H,,S"
"AYM00089577","2009-01-03","-80.37","77.37","4084.0","DOME PLATEAU DOME A, AY",,,,," -289","H,,S"
"AYM00089577","2009-01-04","-80.37","77.37","4084.0","DOME PLATEAU DOME A, AY",,,,," -282","H,,S"
"AYM00089577","2009-01-05","-80.37","77.37","4084.0","DOME PLATEAU DOME A, AY",,,,," -294","H,,S"
"AYM00089577","2009-01-06","-80.37","77.37","4084.0","DOME PLATEAU DOME A, AY",,,,," -313","H,,S"
"AYM00089577","2009-01-07","-80.37","77.37","4084.0","DOME PLATEAU DOME A, AY",,,,," -319","H,,S"
"AYM00089577","2009-01-08","-80.37","77.37","4084.0","DOME PLATEAU DOME A, AY",,,,," -311","H,,S"
"AYM00089577","2009-01-09","-80.37","77.37","4084.0","DOME PLATEAU DOME A, AY",,,,," -286","H,,S"
"AYM00089577","2009-01-10","-80.37","77.37","4084.0","DOME PLATEAU DOME A, AY",,,,," -328","H,,S"
"AYM00089577","2009-01-11","-80.37","77.37","4084.0","DOME PLATEAU DOME A, AY",,,,," -271","H,,S"
"AYM00089577","2009-01-12","-80.37","77.37","4084.0","DOME PLATEAU DOME A, AY",,,,," -325","H,,S"
"AYM00089577","2009-01-13","-80.37","77.37","4084.0","DOME PLATEAU DOME A, AY",,,,," -323","H,,S"
"AYM00089577","2009-01-14","-80.37","77.37","4084.0","DOME PLATEAU DOME A, AY",,,,," -313","H,,S"
"AYM00089577","2009-01-15","-80.37","77.37","4084.0","DOME PLATEAU DOME A, AY",,,,," -308","H,,S"
"AYM00089577","2009-01-16","-80.37","77.37","4084.0","DOME PLATEAU DOME A, AY",,,,," -313","H,,S"
"AYM00089577","2009-01-17","-80.37","77.37","4084.0","DOME PLATEAU DOME A, AY",,,,," -339","H,,S"
"AYM00089577","2009-01-18","-80.37","77.37","4084.0","DOME PLATEAU DOME A, AY",,,,," -345","H,,S"
"AYM00089577","2009-01-19","-80.37","77.37","4084.0","DOME PLATEAU DOME A, AY",,,,," -341","H,,S"
"AYM00089577","2009-01-20","-80.37","77.37","4084.0","DOME PLATEAU DOME A, AY",,,,," -280","H,,S"
"AYM00089577","2009-01-21","-80.37","77.37","4084.0","DOME PLATEAU DOME A, AY",,,,," -296","H,,S"
"AYM00089577","2009-01-22","-80.37","77.37","4084.0","DOME PLATEAU DOME A, AY",,,,," -305","H,,S"
"AYM00089577","2009-01-23","-80.37","77.37","4084.0","DOME PLATEAU DOME A, AY",,,,," -324","H,,S"
"AYM00089577","2009-01-24","-80.37","77.37","4084.0","DOME PLATEAU DOME A, AY",,,,," -315","H,,S"
"AYM00089577","2009-01-25","-80.37","77.37","4084.0","DOME PLATEAU DOME A, AY",,,,," -357","H,,S"
"AYM00089577","2009-01-26","-80.37","77.37","4084.0","DOME PLATEAU DOME A, AY",,,,," -367","H,,S"
"AYM00089577","2009-01-27","-80.37","77.37","4084.0","DOME PLATEAU DOME A, AY",,,,," -378","H,,S"
"AYM00089577","2009-01-28","-80.37","77.37","4084.0","DOME PLATEAU DOME A, AY",,,,," -352","H,,S"
"AYM00089577","2009-01-29","-80.37","77.37","4084.0","DOME PLATEAU DOME A, AY",,,,," -313","H,,S"
"AYM00089577","2009-01-30","-80.37","77.37","4084.0","DOME PLATEAU DOME A, AY",,,,," -266","H,,S"
"AYM00089577","2009-01-31","-80.37","77.37","4084.0","DOME PLATEAU DOME A, AY",,,,," -244","H,,S"
"AYM00089577","2009-02-01","-80.37","77.37","4084.0","DOME PLATEAU DOME A, AY",,,,," -258","H,,S"
"AYM00089577","2009-02-02","-80.37","77.37","4084.0","DOME PLATEAU DOME A, AY",,,,," -338","H,,S"
"AYM00089577","2009-02-03","-80.37","77.37","4084.0","DOME PLATEAU DOME A, AY",,,,," -313","H,,S"
"AYM00089577","2009-02-04","-80.37","77.37","4084.0","DOME PLATEAU DOME A, AY",,,,," -392","H,,S"
"AYM00089577","2009-02-05","-80.37","77.37","4084.0","DOME PLATEAU DOME A, AY",,,,," -334","H,,S"
"AYM00089577","2009-02-06","-80.37","77.37","4084.0","DOME PLATEAU DOME A, AY",,,,," -322","H,,S"
"AYM00089577","2009-02-07","-80.37","77.37","4084.0","DOME PLATEAU DOME A, AY",,,,," -367","H,,S"
"AYM00089577","2009-02-08","-80.37","77.37","4084.0","DOME PLATEAU DOME A, AY",,,,," -444","H,,S"
"AYM00089577","2009-02-09","-80.37","77.37","4084.0","DOME PLATEAU DOME A, AY",,,,," -432","H,,S"
"AYM00089577","2009-02-10","-80.37","77.37","4084.0","DOME PLATEAU DOME A, AY",,,,," -443","H,,S"
"AYM00089577","2009-02-11","-80.37","77.37","4084.0","DOME PLATEAU DOME A, AY",,,,," -431","H,,S"
"AYM00089577","2009-02-12","-80.37","77.37","4084.0","DOME PLATEAU DOME A, AY",,,,," -456","H,,S"
"AYM00089577","2009-02-13","-80.37","77.37","4084.0","DOME PLATEAU DOME A, AY",,,,," -500","H,,S"
"AYM00089577","2009-02-14","-80.37","77.37","4084.0","DOME PLATEAU DOME A, AY",,,,," -489","H,,S"
"AYM00089577","2009-02-15","-80.37","77.37","4084.0","DOME PLATEAU DOME A, AY",,,,," -491","H,,S"
"AYM00089577","2009-02-16","-80.37","77.37","4084.0","DOME PLATEAU DOME A, AY",,,,," -483","H,,S"
"AYM00089577","2009-02-17","-80.37","77.37","4084.0","DOME PLATEAU DOME A, AY",,,,," -481","H,,S"
"AYM00089577","2009-02-18","-80.37","77.37","4084.0","DOME PLATEAU DOME A, AY",,,,," -454","H,,S"
"AYM00089577","2009-02-19","-80.37","77.37","4084.0","DOME PLATEAU DOME A, AY",,,,," -466","H,,S"
"AYM00089577","2009-02-20","-80.37","77.37","4084.0","DOME PLATEAU DOME A, AY",,,,," -420","H,,S"
"AYM00089577","2009-02-21","-80.37","77.37","4084.0","DOME PLATEAU DOME A, AY",,,,," -391","H,,S"
"AYM00089577","2009-02-22","-80.37","77.37","4084.0","DOME PLATEAU DOME A, AY",,,,," -421","H,,S"
"AYM00089577","2009-02-23","-80.37","77.37","4084.0","DOME PLATEAU DOME A, AY",,,,," -454","H,,S"
"AYM00089577","2009-02-24","-80.37","77.37","4084.0","DOME PLATEAU DOME A, AY",,,,," -448","H,,S"
"AYM00089577","2009-02-25","-80.37","77.37","4084.0","DOME PLATEAU DOME A, AY",,,,," -432","H,,S"
"AYM00089577","2009-02-26","-80.37","77.37","4084.0","DOME PLATEAU DOME A, AY",,,,," -408","H,,S"
"AYM00089577","2009-02-27","-80.37","77.37","4084.0","DOME PLATEAU DOME A, AY",,,,," -426","H,,S"
"AYM00089577","2009-03-02","-80.37","77.37","4084.0","DOME PLATEAU DOME A, AY",,,,," -490","H,,S"
"AYM00089577","2009-03-03","-80.37","77.37","4084.0","DOME PLATEAU DOME A, AY",,,,," -511","H,,S"
"AYM00089577","2009-03-04","-80.37","77.37","4084.0","DOME PLATEAU DOME A, AY",,,,," -537","H,,S"
"AYM00089577","2009-03-05","-80.37","77.37","4084.0","DOME PLATEAU DOME A, AY",,,,," -519","H,,S"
"AYM00089577","2009-03-06","-80.37","77.37","4084.0","DOME PLATEAU DOME A, AY",,,,," -541","H,,S"
"AYM00089577","2009-03-07","-80.37","77.37","4084.0","DOME PLATEAU DOME A, AY",,,,," -550","H,,S"
"AYM00089577","2009-03-08","-80.37","77.37","4084.0","DOME PLATEAU DOME A, AY",,,,," -554","H,,S"
"AYM00089577","2009-03-09","-80.37","77.37","4084.0","DOME PLATEAU DOME A, AY",,,,," -549","H,,S"
"AYM00089577","2009-03-10","-80.37","77.37","4084.0","DOME PLATEAU DOME A, AY",,,,," -526","H,,S"
"AYM00089577","2009-03-11","-80.37","77.37","4084.0","DOME PLATEAU DOME A, AY",,,,," -533","H,,S"
"AYM00089577","2009-03-12","-80.37","77.37","4084.0","DOME PLATEAU DOME A, AY",,,,," -557","H,,S"
"AYM00089577","2009-03-13","-80.37","77.37","4084.0","DOME PLATEAU DOME A, AY",,,,," -573","H,,S"
"AYM00089577","2009-03-14","-80.37","77.37","4084.0","DOME PLATEAU DOME A, AY",,,,," -512","H,,S"
"AYM00089577","2009-03-15","-80.37","77.37","4084.0","DOME PLATEAU DOME A, AY",,,,," -596","H,,S"
"AYM00089577","2009-03-16","-80.37","77.37","4084.0","DOME PLATEAU DOME A, AY",,,,," -544","H,,S"
"AYM00089577","2009-03-17","-80.37","77.37","4084.0","DOME PLATEAU DOME A, AY",,,,," -551","H,,S"
"AYM00089577","2009-03-18","-80.37","77.37","4084.0","DOME PLATEAU DOME A, AY",,,,," -566","H,,S"
"AYM00089577","2009-03-19","-80.37","77.37","4084.0","DOME PLATEAU DOME A, AY",,,,," -562","H,,S"
"AYM00089577","2009-03-20","-80.37","77.37","4084.0","DOME PLATEAU DOME A, AY",,,,," -631","H,,S"
"AYM00089577","2009-03-21","-80.37","77.37","4084.0","DOME PLATEAU DOME A, AY",,,,," -637","H,,S"
"AYM00089577","2009-03-22","-80.37","77.37","4084.0","DOME PLATEAU DOME A, AY",,,,," -608","H,,S"
"AYM00089577","2009-03-23","-80.37","77.37","4084.0","DOME PLATEAU DOME A, AY",,,,," -578","H,,S"
"AYM00089577","2009-03-24","-80.37","77.37","4084.0","DOME PLATEAU DOME A, AY",,,,," -566","H,,S"
"AYM00089577","2009-03-25","-80.37","77.37","4084.0","DOME PLATEAU DOME A, AY",,,,," -576","H,,S"
"AYM00089577","2009-03-26","-80.37","77.37","4084.0","DOME PLATEAU DOME A, AY",,,,," -563","H,,S"
"AYM00089577","2009-03-27","-80.37","77.37","4084.0","DOME PLATEAU DOME A, AY",,,,," -518","H,,S"
"AYM00089577","2009-03-28","-80.37","77.37","4084.0","DOME PLATEAU DOME A, AY",,,,," -613","H,,S"
"AYM00089577","2009-03-29","-80.37","77.37","4084.0","DOME PLATEAU DOME A, AY",,,,," -617","H,,S"
"AYM00089577","2009-03-30","-80.37","77.37","4084.0","DOME PLATEAU DOME A, AY",,,,," -591","H,,S"
"AYM00089577","2009-03-31","-80.37","77.37","4084.0","DOME PLATEAU DOME A, AY",,,,," -596","H,,S"
"AYM00089577","2009-04-01","-80.37","77.37","4084.0","DOME PLATEAU DOME A, AY",,,,," -637","H,,S"
"AYM00089577","2009-04-02","-80.37","77.37","4084.0","DOME PLATEAU DOME A, AY",,,,," -671","H,,S"
"AYM00089577","2009-04-03","-80.37","77.37","4084.0","DOME PLATEAU DOME A, AY",,,,," -669","H,,S"
"AYM00089577","2009-04-04","-80.37","77.37","4084.0","DOME PLATEAU DOME A, AY",,,,," -652","H,,S"
"AYM00089577","2009-04-05","-80.37","77.37","4084.0","DOME PLATEAU DOME A, AY",,,,," -652","H,,S"
"AYM00089577","2009-04-06","-80.37","77.37","4084.0","DOME PLATEAU DOME A, AY",,,,," -586","H,,S"
"AYM00089577","2009-04-07","-80.37","77.37","4084.0","DOME PLATEAU DOME A, AY",,,,," -608","H,,S"
"AYM00089577","2009-04-08","-80.37","77.37","4084.0","DOME PLATEAU DOME A, AY",,,,," -672","H,,S"
"AYM00089577","2009-04-09","-80.37","77.37","4084.0","DOME PLATEAU DOME A, AY",,,,," -632","H,,S"
"AYM00089577","2009-04-10","-80.37","77.37","4084.0","DOME PLATEAU DOME A, AY",,,,," -630","H,,S"
"AYM00089577","2009-04-11","-80.37","77.37","4084.0","DOME PLATEAU DOME A, AY",,,,," -685","H,,S"
"AYM00089577","2009-04-12","-80.37","77.37","4084.0","DOME PLATEAU DOME A, AY",,,,," -714","H,,S"
"AYM00089577","2009-04-13","-80.37","77.37","4084.0","DOME PLATEAU DOME A, AY",,,,," -721","H,,S"
"AYM00089577","2009-04-14","-80.37","77.37","4084.0","DOME PLATEAU DOME A, AY",,,,," -689","H,,S"
"AYM00089577","2009-04-15","-80.37","77.37","4084.0","DOME PLATEAU DOME A, AY",,,,," -584","H,,S"
"AYM00089577","2009-04-16","-80.37","77.37","4084.0","DOME PLATEAU DOME A, AY",,,,," -616","H,,S"
"AYM00089577","2009-04-17","-80.37","77.37","4084.0","DOME PLATEAU DOME A, AY",,,,," -603","H,,S"
"AYM00089577","2009-04-18","-80.37","77.37","4084.0","DOME PLATEAU DOME A, AY",,,,," -644","H,,S"
"AYM00089577","2009-04-19","-80.37","77.37","4084.0","DOME PLATEAU DOME A, AY",,,,," -700","H,,S"
"AYM00089577","2009-04-20","-80.37","77.37","4084.0","DOME PLATEAU DOME A, AY",,,,," -717","H,,S"
"AYM00089577","2009-04-21","-80.37","77.37","4084.0","DOME PLATEAU DOME A, AY",,,,," -682","H,,S"
"AYM00089577","2009-04-22","-80.37","77.37","4084.0","DOME PLATEAU DOME A, AY",,,,," -635","H,,S"
"AYM00089577","2009-04-23","-80.37","77.37","4084.0","DOME PLATEAU DOME A, AY",,,,," -641","H,,S"
"AYM00089577","2009-04-24","-80.37","77.37","4084.0","DOME PLATEAU DOME A, AY",,,,," -686","H,,S"
"AYM00089577","2009-04-25","-80.37","77.37","4084.0","DOME PLATEAU DOME A, AY",,,,," -708","H,,S"
"AYM00089577","2009-04-26","-80.37","77.37","4084.0","DOME PLATEAU DOME A, AY",,,,," -672","H,,S"
"AYM00089577","2009-04-27","-80.37","77.37","4084.0","DOME PLATEAU DOME A, AY",,,,," -609","H,,S"
"AYM00089577","2009-04-28","-80.37","77.37","4084.0","DOME PLATEAU DOME A, AY",,,,," -575","H,,S"
"AYM00089577","2009-04-29","-80.37","77.37","4084.0","DOME PLATEAU DOME A, AY",,,,," -574","H,,S"
"AYM00089577","2009-04-30","-80.37","77.37","4084.0","DOME PLATEAU DOME A, AY",,,,," -597","H,,S"
"AYM00089577","2009-05-01","-80.37","77.37","4084.0","DOME PLATEAU DOME A, AY",,,,," -634","H,,S"
"AYM00089577","2009-05-02","-80.37","77.37","4084.0","DOME PLATEAU DOME A, AY",,,,," -695","H,,S"
"AYM00089577","2009-05-03","-80.37","77.37","4084.0","DOME PLATEAU DOME A, AY",,,,," -681","H,,S"
"AYM00089577","2009-05-04","-80.37","77.37","4084.0","DOME PLATEAU DOME A, AY",,,,," -643","H,,S"
"AYM00089577","2009-05-05","-80.37","77.37","4084.0","DOME PLATEAU DOME A, AY",,,,," -636","H,,S"
"AYM00089577","2009-05-06","-80.37","77.37","4084.0","DOME PLATEAU DOME A, AY",,,,," -580","H,,S"
"AYM00089577","2009-05-07","-80.37","77.37","4084.0","DOME PLATEAU DOME A, AY",,,,," -607","H,,S"
"AYM00089577","2009-05-08","-80.37","77.37","4084.0","DOME PLATEAU DOME A, AY",,,,," -614","H,,S"
"AYM00089577","2009-05-09","-80.37","77.37","4084.0","DOME PLATEAU DOME A, AY",,,,," -573","H,,S"
"AYM00089577","2009-05-10","-80.37","77.37","4084.0","DOME PLATEAU DOME A, AY",,,,," -648","H,,S"
"AYM00089577","2009-05-11","-80.37","77.37","4084.0","DOME PLATEAU DOME A, AY",,,,," -654","H,,S"
"AYM00089577","2009-05-12","-80.37","77.37","4084.0","DOME PLATEAU DOME A, AY",,,,," -662","H,,S"
"AYM00089577","2009-05-13","-80.37","77.37","4084.0","DOME PLATEAU DOME A, AY",,,,," -603","H,,S"
"AYM00089577","2009-05-14","-80.37","77.37","4084.0","DOME PLATEAU DOME A, AY",,,,," -621","H,,S"
"AYM00089577","2009-05-15","-80.37","77.37","4084.0","DOME PLATEAU DOME A, AY",,,,," -607","H,,S"
"AYM00089577","2009-05-16","-80.37","77.37","4084.0","DOME PLATEAU DOME A, AY",,,,," -650","H,,S"
"AYM00089577","2009-05-17","-80.37","77.37","4084.0","DOME PLATEAU DOME A, AY",,,,," -643","H,,S"
"AYM00089577","2009-05-18","-80.37","77.37","4084.0","DOME PLATEAU DOME A, AY",,,,," -626","H,,S"
"AYM00089577","2009-05-19","-80.37","77.37","4084.0","DOME PLATEAU DOME A, AY",,,,," -508","H,,S"
"AYM00089577","2009-05-20","-80.37","77.37","4084.0","DOME PLATEAU DOME A, AY",,,,," -556","H,,S"
"AYM00089577","2009-05-21","-80.37","77.37","4084.0","DOME PLATEAU DOME A, AY",,,,," -588","H,,S"
"AYM00089577","2009-05-22","-80.37","77.37","4084.0","DOME PLATEAU DOME A, AY",,,,," -503","H,,S"
"AYM00089577","2009-05-23","-80.37","77.37","4084.0","DOME PLATEAU DOME A, AY",,,,," -620","H,,S"
"AYM00089577","2009-05-24","-80.37","77.37","4084.0","DOME PLATEAU DOME A, AY",,,,," -613","H,,S"
"AYM00089577","2009-05-25","-80.37","77.37","4084.0","DOME PLATEAU DOME A, AY",,,,," -615","H,,S"
"AYM00089577","2009-05-26","-80.37","77.37","4084.0","DOME PLATEAU DOME A, AY",,,,," -481","H,,S"
"AYM00089577","2009-05-27","-80.37","77.37","4084.0","DOME PLATEAU DOME A, AY",,,,," -516","H,,S"
"AYM00089577","2009-05-28","-80.37","77.37","4084.0","DOME PLATEAU DOME A, AY",,,,," -577","H,,S"
"AYM00089577","2009-05-29","-80.37","77.37","4084.0","DOME PLATEAU DOME A, AY",,,,," -543","H,,S"
"AYM00089577","2009-05-30","-80.37","77.37","4084.0","DOME PLATEAU DOME A, AY",,,,," -637","H,,S"
"AYM00089577","2009-05-31","-80.37","77.37","4084.0","DOME PLATEAU DOME A, AY",,,,," -673","H,,S"
"AYM00089577","2009-06-01","-80.37","77.37","4084.0","DOME PLATEAU DOME A, AY",,,,," -646","H,,S"
"AYM00089577","2009-06-02","-80.37","77.37","4084.0","DOME PLATEAU DOME A, AY",,,,," -657","H,,S"
"AYM00089577","2009-06-03","-80.37","77.37","4084.0","DOME PLATEAU DOME A, AY",,,,," -655","H,,S"
"AYM00089577","2009-06-04","-80.37","77.37","4084.0","DOME PLATEAU DOME A, AY",,,,," -557","H,,S"
"AYM00089577","2009-06-05","-80.37","77.37","4084.0","DOME PLATEAU DOME A, AY",,,,," -601","H,,S"
"AYM00089577","2009-06-06","-80.37","77.37","4084.0","DOME PLATEAU DOME A, AY",,,,," -655","H,,S"
"AYM00089577","2009-06-07","-80.37","77.37","4084.0","DOME PLATEAU DOME A, AY",,,,," -701","H,,S"
"AYM00089577","2009-06-08","-80.37","77.37","4084.0","DOME PLATEAU DOME A, AY",,,,," -712","H,,S"
"AYM00089577","2009-06-09","-80.37","77.37","4084.0","DOME PLATEAU DOME A, AY",,,,," -693","H,,S"
"AYM00089577","2009-06-10","-80.37","77.37","4084.0","DOME PLATEAU DOME A, AY",,,,," -660","H,,S"
"AYM00089577","2009-06-11","-80.37","77.37","4084.0","DOME PLATEAU DOME A, AY",,,,," -656","H,,S"
"AYM00089577","2009-06-12","-80.37","77.37","4084.0","DOME PLATEAU DOME A, AY",,,,," -672","H,,S"
"AYM00089577","2009-06-13","-80.37","77.37","4084.0","DOME PLATEAU DOME A, AY",,,,," -566","H,,S"
"AYM00089577","2009-06-14","-80.37","77.37","4084.0","DOME PLATEAU DOME A, AY",,,,," -572","H,,S"
"AYM00089577","2009-06-15","-80.37","77.37","4084.0","DOME PLATEAU DOME A, AY",,,,," -577","H,,S"
"AYM00089577","2009-06-16","-80.37","77.37","4084.0","DOME PLATEAU DOME A, AY",,,,," -632","H,,S"
"AYM00089577","2009-06-17","-80.37","77.37","4084.0","DOME PLATEAU DOME A, AY",,,,," -598","H,,S"
"AYM00089577","2009-06-18","-80.37","77.37","4084.0","DOME PLATEAU DOME A, AY",,,,," -592","H,,S"
"AYM00089577","2009-06-19","-80.37","77.37","4084.0","DOME PLATEAU DOME A, AY",,,,," -612","H,,S"
"AYM00089577","2009-06-20","-80.37","77.37","4084.0","DOME PLATEAU DOME A, AY",,,,," -581","H,,S"
"AYM00089577","2009-06-21","-80.37","77.37","4084.0","DOME PLATEAU DOME A, AY",,,,," -563","H,,S"
"AYM00089577","2009-06-22","-80.37","77.37","4084.0","DOME PLATEAU DOME A, AY",,,,," -621","H,,S"
"AYM00089577","2009-06-23","-80.37","77.37","4084.0","DOME PLATEAU DOME A, AY",,,,," -626","H,,S"
"AYM00089577","2009-06-24","-80.37","77.37","4084.0","DOME PLATEAU DOME A, AY",,,,," -628","H,,S"
"AYM00089577","2009-06-25","-80.37","77.37","4084.0","DOME PLATEAU DOME A, AY",,,,," -624","H,,S"
"AYM00089577","2009-06-26","-80.37","77.37","4084.0","DOME PLATEAU DOME A, AY",,,,," -538","H,,S"
"AYM00089577","2009-06-27","-80.37","77.37","4084.0","DOME PLATEAU DOME A, AY",,,,," -466","H,,S"
"AYM00089577","2009-06-28","-80.37","77.37","4084.0","DOME PLATEAU DOME A, AY",,,,," -587","H,,S"
"AYM00089577","2009-06-29","-80.37","77.37","4084.0","DOME PLATEAU DOME A, AY",,,,," -668","H,,S"
"AYM00089577","2009-06-30","-80.37","77.37","4084.0","DOME PLATEAU DOME A, AY",,,,," -610","H,,S"
"AYM00089577","2009-07-01","-80.37","77.37","4084.0","DOME PLATEAU DOME A, AY",,,,," -636","H,,S"
"AYM00089577","2009-07-02","-80.37","77.37","4084.0","DOME PLATEAU DOME A, AY",,,,," -629","H,,S"
"AYM00089577","2009-07-03","-80.37","77.37","4084.0","DOME PLATEAU DOME A, AY",,,,," -665","H,,S"
"AYM00089577","2009-07-04","-80.37","77.37","4084.0","DOME PLATEAU DOME A, AY",,,,," -647","H,,S"
"AYM00089577","2009-07-05","-80.37","77.37","4084.0","DOME PLATEAU DOME A, AY",,,,," -597","H,,S"
"AYM00089577","2009-07-06","-80.37","77.37","4084.0","DOME PLATEAU DOME A, AY",,,,," -577","H,,S"
"AYM00089577","2009-07-07","-80.37","77.37","4084.0","DOME PLATEAU DOME A, AY",,,,," -491","H,,S"
"AYM00089577","2009-07-08","-80.37","77.37","4084.0","DOME PLATEAU DOME A, AY",,,,," -530","H,,S"
"AYM00089577","2009-07-09","-80.37","77.37","4084.0","DOME PLATEAU DOME A, AY",,,,," -584","H,,S"
"AYM00089577","2009-07-10","-80.37","77.37","4084.0","DOME PLATEAU DOME A, AY",,,,," -589","H,,S"
"AYM00089577","2009-07-11","-80.37","77.37","4084.0","DOME PLATEAU DOME A, AY",,,,," -595","H,,S"
"AYM00089577","2009-07-12","-80.37","77.37","4084.0","DOME PLATEAU DOME A, AY",,,,," -529","H,,S"
"AYM00089577","2009-07-13","-80.37","77.37","4084.0","DOME PLATEAU DOME A, AY",,,,," -523","H,,S"
"AYM00089577","2009-07-14","-80.37","77.37","4084.0","DOME PLATEAU DOME A, AY",,,,," -599","H,,S"
"AYM00089577","2009-07-15","-80.37","77.37","4084.0","DOME PLATEAU DOME A, AY",,,,," -552","H,,S"
"AYM00089577","2009-07-16","-80.37","77.37","4084.0","DOME PLATEAU DOME A, AY",,,,," -566","H,,S"
"AYM00089577","2009-07-17","-80.37","77.37","4084.0","DOME PLATEAU DOME A, AY",,,,," -581","H,,S"
"AYM00089577","2009-07-18","-80.37","77.37","4084.0","DOME PLATEAU DOME A, AY",,,,," -619","H,,S"
"AYM00089577","2009-07-19","-80.37","77.37","4084.0","DOME PLATEAU DOME A, AY",,,,," -579","H,,S"
"AYM00089577","2009-07-20","-80.37","77.37","4084.0","DOME PLATEAU DOME A, AY",,,,," -609","H,,S"
"AYM00089577","2009-07-21","-80.37","77.37","4084.0","DOME PLATEAU DOME A, AY",,,,," -597","H,,S"
"AYM00089577","2009-07-22","-80.37","77.37","4084.0","DOME PLATEAU DOME A, AY",,,,," -638","H,,S"
"AYM00089577","2009-07-23","-80.37","77.37","4084.0","DOME PLATEAU DOME A, AY",,,,," -532","H,,S"
"AYM00089577","2009-07-24","-80.37","77.37","4084.0","DOME PLATEAU DOME A, AY",,,,," -600","H,,S"
"AYM00089577","2009-07-25","-80.37","77.37","4084.0","DOME PLATEAU DOME A, AY",,,,," -632","H,,S"
"AYM00089577","2009-07-26","-80.37","77.37","4084.0","DOME PLATEAU DOME A, AY",,,,," -603","H,,S"
"AYM00089577","2009-07-27","-80.37","77.37","4084.0","DOME PLATEAU DOME A, AY",,,,," -629","H,,S"
"AYM00089577","2009-07-28","-80.37","77.37","4084.0","DOME PLATEAU DOME A, AY",,,,," -705","H,,S"
"AYM00089577","2009-07-29","-80.37","77.37","4084.0","DOME PLATEAU DOME A, AY",,,,," -612","H,,S"
"AYM00089577","2009-07-30","-80.37","77.37","4084.0","DOME PLATEAU DOME A, AY",,,,," -540","H,,S"
"AYM00089577","2009-07-31","-80.37","77.37","4084.0","DOME PLATEAU DOME A, AY",,,,," -586","H,,S"
"AYM00089577","2009-08-01","-80.37","77.37","4084.0","DOME PLATEAU DOME A, AY",,,,," -589","H,,S"
"AYM00089577","2009-08-02","-80.37","77.37","4084.0","DOME PLATEAU DOME A, AY",,,,," -698","H,,S"
"AYM00089577","2009-08-03","-80.37","77.37","4084.0","DOME PLATEAU DOME A, AY",,,,," -692","H,,S"
"AYM00089577","2009-08-04","-80.37","77.37","4084.0","DOME PLATEAU DOME A, AY",,,,," -688","H,,S"
"AYM00089577","2009-08-05","-80.37","77.37","4084.0","DOME PLATEAU DOME A, AY",,,,," -712","H,,S"
"AYM00089577","2009-08-06","-80.37","77.37","4084.0","DOME PLATEAU DOME A, AY",,,,," -689","H,,S"
"AYM00089577","2009-08-07","-80.37","77.37","4084.0","DOME PLATEAU DOME A, AY",,,,," -668","H,,S"
"AYM00089577","2009-08-08","-80.37","77.37","4084.0","DOME PLATEAU DOME A, AY",,,,," -672","H,,S"
"AYM00089577","2009-08-09","-80.37","77.37","4084.0","DOME PLATEAU DOME A, AY",,,,," -661","H,,S"
"AYM00089577","2009-08-10","-80.37","77.37","4084.0","DOME PLATEAU DOME A, AY",,,,," -739","H,,S"
"AYM00089577","2009-08-11","-80.37","77.37","4084.0","DOME PLATEAU DOME A, AY",,,,," -692","H,,S"
"AYM00089577","2009-08-12","-80.37","77.37","4084.0","DOME PLATEAU DOME A, AY",,,,," -693","H,,S"
"AYM00089577","2009-08-13","-80.37","77.37","4084.0","DOME PLATEAU DOME A, AY",,,,," -539","H,,S"
"AYM00089577","2009-08-14","-80.37","77.37","4084.0","DOME PLATEAU DOME A, AY",,,,," -453","H,,S"
"AYM00089577","2009-08-15","-80.37","77.37","4084.0","DOME PLATEAU DOME A, AY",,,,," -543","H,,S"
"AYM00089577","2009-08-16","-80.37","77.37","4084.0","DOME PLATEAU DOME A, AY",,,,," -623","H,,S"
"AYM00089577","2009-08-17","-80.37","77.37","4084.0","DOME PLATEAU DOME A, AY",,,,," -615","H,,S"
"AYM00089577","2009-08-18","-80.37","77.37","4084.0","DOME PLATEAU DOME A, AY",,,,," -702","H,,S"
"AYM00089577","2009-08-19","-80.37","77.37","4084.0","DOME PLATEAU DOME A, AY",,,,," -676","H,,S"
"AYM00089577","2009-08-20","-80.37","77.37","4084.0","DOME PLATEAU DOME A, AY",,,,," -622","H,,S"
"AYM00089577","2009-08-21","-80.37","77.37","4084.0","DOME PLATEAU DOME A, AY",,,,," -706","H,,S"
"AYM00089577","2009-08-22","-80.37","77.37","4084.0","DOME PLATEAU DOME A, AY",,,,," -727","H,,S"
"AYM00089577","2009-08-23","-80.37","77.37","4084.0","DOME PLATEAU DOME A, AY",,,,," -668","H,,S"
"AYM00089577","2009-08-24","-80.37","77.37","4084.0","DOME PLATEAU DOME A, AY",,,,," -735","H,,S"
"AYM00089577","2009-08-25","-80.37","77.37","4084.0","DOME PLATEAU DOME A, AY",,,,," -642","H,,S"
"AYM00089577","2009-08-26","-80.37","77.37","4084.0","DOME PLATEAU DOME A, AY",,,,," -664","H,,S"
"AYM00089577","2009-08-27","-80.37","77.37","4084.0","DOME PLATEAU DOME A, AY",,,,," -657","H,,S"
"AYM00089577","2009-08-28","-80.37","77.37","4084.0","DOME PLATEAU DOME A, AY",,,,," -572","H,,S"
"AYM00089577","2009-08-29","-80.37","77.37","4084.0","DOME PLATEAU DOME A, AY",,,,," -632","H,,S"
"AYM00089577","2009-08-30","-80.37","77.37","4084.0","DOME PLATEAU DOME A, AY",,,,," -649","H,,S"
"AYM00089577","2009-08-31","-80.37","77.37","4084.0","DOME PLATEAU DOME A, AY",,,,," -685","H,,S"
"AYM00089577","2009-09-01","-80.37","77.37","4084.0","DOME PLATEAU DOME A, AY",,,,," -661","H,,S"
"AYM00089577","2009-09-02","-80.37","77.37","4084.0","DOME PLATEAU DOME A, AY",,,,," -629","H,,S"
"AYM00089577","2009-09-03","-80.37","77.37","4084.0","DOME PLATEAU DOME A, AY",,,,," -645","H,,S"
"AYM00089577","2009-09-04","-80.37","77.37","4084.0","DOME PLATEAU DOME A, AY",,,,," -610","H,,S"
"AYM00089577","2009-09-05","-80.37","77.37","4084.0","DOME PLATEAU DOME A, AY",,,,," -621","H,,S"
"AYM00089577","2009-09-06","-80.37","77.37","4084.0","DOME PLATEAU DOME A, AY",,,,," -668","H,,S"
"AYM00089577","2009-09-07","-80.37","77.37","4084.0","DOME PLATEAU DOME A, AY",,,,," -708","H,,S"
"AYM00089577","2009-09-08","-80.37","77.37","4084.0","DOME PLATEAU DOME A, AY",,,,," -676","H,,S"
"AYM00089577","2009-09-09","-80.37","77.37","4084.0","DOME PLATEAU DOME A, AY",,,,," -692","H,,S"
"AYM00089577","2009-09-10","-80.37","77.37","4084.0","DOME PLATEAU DOME A, AY",,,,," -700","H,,S"
"AYM00089577","2009-09-11","-80.37","77.37","4084.0","DOME PLATEAU DOME A, AY",,,,," -694","H,,S"
"AYM00089577","2009-09-12","-80.37","77.37","4084.0","DOME PLATEAU DOME A, AY",,,,," -664","H,,S"
"AYM00089577","2009-09-13","-80.37","77.37","4084.0","DOME PLATEAU DOME A, AY",,,,," -638","H,,S"
"AYM00089577","2009-09-14","-80.37","77.37","4084.0","DOME PLATEAU DOME A, AY",,,,," -574","H,,S"
"AYM00089577","2009-09-15","-80.37","77.37","4084.0","DOME PLATEAU DOME A, AY",,,,," -561","H,,S"
"AYM00089577","2009-09-16","-80.37","77.37","4084.0","DOME PLATEAU DOME A, AY",,,,," -574","H,,S"
"AYM00089577","2009-09-17","-80.37","77.37","4084.0","DOME PLATEAU DOME A, AY",,,,," -541","H,,S"
"AYM00089577","2009-09-18","-80.37","77.37","4084.0","DOME PLATEAU DOME A, AY",,,,," -614","H,,S"
"AYM00089577","2009-09-19","-80.37","77.37","4084.0","DOME PLATEAU DOME A, AY",,,,," -673","H,,S"
"AYM00089577","2009-09-20","-80.37","77.37","4084.0","DOME PLATEAU DOME A, AY",,,,," -650","H,,S"
"AYM00089577","2009-09-21","-80.37","77.37","4084.0","DOME PLATEAU DOME A, AY",,,,," -554","H,,S"
"AYM00089577","2009-09-22","-80.37","77.37","4084.0","DOME PLATEAU DOME A, AY",,,,," -546","H,,S"
"AYM00089577","2009-09-23","-80.37","77.37","4084.0","DOME PLATEAU DOME A, AY",,,,," -529","H,,S"
"AYM00089577","2009-09-24","-80.37","77.37","4084.0","DOME PLATEAU DOME A, AY",,,,," -651","H,,S"
"AYM00089577","2009-09-25","-80.37","77.37","4084.0","DOME PLATEAU DOME A, AY",,,,," -688","H,,S"
"AYM00089577","2009-09-26","-80.37","77.37","4084.0","DOME PLATEAU DOME A, AY",,,,," -686","H,,S"
"AYM00089577","2009-09-27","-80.37","77.37","4084.0","DOME PLATEAU DOME A, AY",,,,," -664","H,,S"
"AYM00089577","2009-09-28","-80.37","77.37","4084.0","DOME PLATEAU DOME A, AY",,,,," -681","H,,S"
"AYM00089577","2009-09-29","-80.37","77.37","4084.0","DOME PLATEAU DOME A, AY",,,,," -537","H,,S"
"AYM00089577","2009-09-30","-80.37","77.37","4084.0","DOME PLATEAU DOME A, AY",,,,," -564","H,,S"
"AYM00089577","2009-10-01","-80.37","77.37","4084.0","DOME PLATEAU DOME A, AY",,,,," -630","H,,S"
"AYM00089577","2009-10-02","-80.37","77.37","4084.0","DOME PLATEAU DOME A, AY",,,,," -619","H,,S"
"AYM00089577","2009-10-03","-80.37","77.37","4084.0","DOME PLATEAU DOME A, AY",,,,," -611","H,,S"
"AYM00089577","2009-10-04","-80.37","77.37","4084.0","DOME PLATEAU DOME A, AY",,,,," -591","H,,S"
"AYM00089577","2009-10-05","-80.37","77.37","4084.0","DOME PLATEAU DOME A, AY",,,,," -638","H,,S"
"AYM00089577","2009-10-06","-80.37","77.37","4084.0","DOME PLATEAU DOME A, AY",,,,," -597","H,,S"
"AYM00089577","2009-10-07","-80.37","77.37","4084.0","DOME PLATEAU DOME A, AY",,,,," -623","H,,S"
"AYM00089577","2009-10-08","-80.37","77.37","4084.0","DOME PLATEAU DOME A, AY",,,,," -577","H,,S"
"AYM00089577","2009-10-09","-80.37","77.37","4084.0","DOME PLATEAU DOME A, AY",,,,," -553","H,,S"
"AYM00089577","2009-10-10","-80.37","77.37","4084.0","DOME PLATEAU DOME A, AY",,,,," -548","H,,S"
"AYM00089577","2009-10-11","-80.37","77.37","4084.0","DOME PLATEAU DOME A, AY",,,,," -595","H,,S"
"AYM00089577","2009-10-12","-80.37","77.37","4084.0","DOME PLATEAU DOME A, AY",,,,," -557","H,,S"
"AYM00089577","2009-10-13","-80.37","77.37","4084.0","DOME PLATEAU DOME A, AY",,,,," -593","H,,S"
"AYM00089577","2009-10-14","-80.37","77.37","4084.0","DOME PLATEAU DOME A, AY",,,,," -601","H,,S"
"AYM00089577","2009-10-15","-80.37","77.37","4084.0","DOME PLATEAU DOME A, AY",,,,," -608","H,,S"
"AYM00089577","2009-10-16","-80.37","77.37","4084.0","DOME PLATEAU DOME A, AY",,,,," -559","H,,S"
"AYM00089577","2009-10-17","-80.37","77.37","4084.0","DOME PLATEAU DOME A, AY",,,,," -546","H,,S"
"AYM00089577","2009-10-18","-80.37","77.37","4084.0","DOME PLATEAU DOME A, AY",,,,," -482","H,,S"
"AYM00089577","2009-10-19","-80.37","77.37","4084.0","DOME PLATEAU DOME A, AY",,,,," -426","H,,S"
"AYM00089577","2009-10-20","-80.37","77.37","4084.0","DOME PLATEAU DOME A, AY",,,,," -453","H,,S"
"AYM00089577","2009-10-21","-80.37","77.37","4084.0","DOME PLATEAU DOME A, AY",,,,," -469","H,,S"
"AYM00089577","2009-10-22","-80.37","77.37","4084.0","DOME PLATEAU DOME A, AY",,,,," -488","H,,S"
"AYM00089577","2009-10-23","-80.37","77.37","4084.0","DOME PLATEAU DOME A, AY",,,,," -484","H,,S"
"AYM00089577","2009-10-24","-80.37","77.37","4084.0","DOME PLATEAU DOME A, AY",,,,," -472","H,,S"
"AYM00089577","2009-10-25","-80.37","77.37","4084.0","DOME PLATEAU DOME A, AY",,,,," -513","H,,S"
"AYM00089577","2009-10-26","-80.37","77.37","4084.0","DOME PLATEAU DOME A, AY",,,,," -486","H,,S"
"AYM00089577","2009-10-27","-80.37","77.37","4084.0","DOME PLATEAU DOME A, AY",,,,," -455","H,,S"
"AYM00089577","2009-10-28","-80.37","77.37","4084.0","DOME PLATEAU DOME A, AY",,,,," -473","H,,S"
"AYM00089577","2009-10-29","-80.37","77.37","4084.0","DOME PLATEAU DOME A, AY",,,,," -462","H,,S"
"AYM00089577","2009-10-30","-80.37","77.37","4084.0","DOME PLATEAU DOME A, AY",,,,," -448","H,,S"
"AYM00089577","2009-10-31","-80.37","77.37","4084.0","DOME PLATEAU DOME A, AY",,,,," -412","H,,S"
"AYM00089577","2009-11-01","-80.37","77.37","4084.0","DOME PLATEAU DOME A, AY",,,,," -452","H,,S"
"AYM00089577","2009-11-02","-80.37","77.37","4084.0","DOME PLATEAU DOME A, AY",,,,," -447","H,,S"
"AYM00089577","2009-11-03","-80.37","77.37","4084.0","DOME PLATEAU DOME A, AY",,,,," -468","H,,S"
"AYM00089577","2009-11-04","-80.37","77.37","4084.0","DOME PLATEAU DOME A, AY",,,,," -463","H,,S"
"AYM00089577","2009-11-05","-80.37","77.37","4084.0","DOME PLATEAU DOME A, AY",,,,," -477","H,,S"
"AYM00089577","2009-11-06","-80.37","77.37","4084.0","DOME PLATEAU DOME A, AY",,,,," -449","H,,S"
"AYM00089577","2009-11-07","-80.37","77.37","4084.0","DOME PLATEAU DOME A, AY",,,,," -463","H,,S"
"AYM00089577","2009-11-08","-80.37","77.37","4084.0","DOME PLATEAU DOME A, AY",,,,," -439","H,,S"
"AYM00089577","2009-11-09","-80.37","77.37","4084.0","DOME PLATEAU DOME A, AY",,,,," -402","H,,S"
"AYM00089577","2009-11-10","-80.37","77.37","4084.0","DOME PLATEAU DOME A, AY",,,,," -383","H,,S"
"AYM00089577","2009-11-11","-80.37","77.37","4084.0","DOME PLATEAU DOME A, AY",,,,," -436","H,,S"
"AYM00089577","2009-11-12","-80.37","77.37","4084.0","DOME PLATEAU DOME A, AY",,,,," -436","H,,S"
"AYM00089577","2009-11-13","-80.37","77.37","4084.0","DOME PLATEAU DOME A, AY",,,,," -442","H,,S"
"AYM00089577","2009-11-14","-80.37","77.37","4084.0","DOME PLATEAU DOME A, AY",,,,," -415","H,,S"
"AYM00089577","2009-11-15","-80.37","77.37","4084.0","DOME PLATEAU DOME A, AY",,,,," -366","H,,S"
"AYM00089577","2009-11-16","-80.37","77.37","4084.0","DOME PLATEAU DOME A, AY",,,,," -352","H,,S"
"AYM00089577","2009-11-17","-80.37","77.37","4084.0","DOME PLATEAU DOME A, AY",,,,," -346","H,,S"
"AYM00089577","2009-11-18","-80.37","77.37","4084.0","DOME PLATEAU DOME A, AY",,,,," -377","H,,S"
"AYM00089577","2009-11-19","-80.37","77.37","4084.0","DOME PLATEAU DOME A, AY",,,,," -383","H,,S"
"AYM00089577","2009-11-20","-80.37","77.37","4084.0","DOME PLATEAU DOME A, AY",,,,," -349","H,,S"
"AYM00089577","2009-11-21","-80.37","77.37","4084.0","DOME PLATEAU DOME A, AY",,,,," -339","H,,S"
"AYM00089577","2009-11-22","-80.37","77.37","4084.0","DOME PLATEAU DOME A, AY",,,,," -336","H,,S"
"AYM00089577","2009-11-23","-80.37","77.37","4084.0","DOME PLATEAU DOME A, AY",,,,," -358","H,,S"
"AYM00089577","2009-11-24","-80.37","77.37","4084.0","DOME PLATEAU DOME A, AY",,,,," -272","H,,S"
"AYM00089577","2009-11-25","-80.37","77.37","4084.0","DOME PLATEAU DOME A, AY",,,,," -340","H,,S"
"AYM00089577","2009-11-26","-80.37","77.37","4084.0","DOME PLATEAU DOME A, AY",,,,," -324","H,,S"
"AYM00089577","2009-11-27","-80.37","77.37","4084.0","DOME PLATEAU DOME A, AY",,,,," -344","H,,S"
"AYM00089577","2009-11-28","-80.37","77.37","4084.0","DOME PLATEAU DOME A, AY",,,,," -318","H,,S"
"AYM00089577","2009-11-29","-80.37","77.37","4084.0","DOME PLATEAU DOME A, AY",,,,," -338","H,,S"
"AYM00089577","2009-11-30","-80.37","77.37","4084.0","DOME PLATEAU DOME A, AY",,,,," -363","H,,S"
"AYM00089577","2009-12-01","-80.37","77.37","4084.0","DOME PLATEAU DOME A, AY",,,,," -363","H,,S"
"AYM00089577","2009-12-02","-80.37","77.37","4084.0","DOME PLATEAU DOME A, AY",,,,," -354","H,,S"
"AYM00089577","2009-12-03","-80.37","77.37","4084.0","DOME PLATEAU DOME A, AY",,,,," -364","H,,S"
"AYM00089577","2009-12-04","-80.37","77.37","4084.0","DOME PLATEAU DOME A, AY",,,,," -347","H,,S"
"AYM00089577","2009-12-05","-80.37","77.37","4084.0","DOME PLATEAU DOME A, AY",,,,," -332","H,,S"
"AYM00089577","2009-12-06","-80.37","77.37","4084.0","DOME PLATEAU DOME A, AY",,,,," -314","H,,S"
"AYM00089577","2009-12-07","-80.37","77.37","4084.0","DOME PLATEAU DOME A, AY",,,,," -323","H,,S"
"AYM00089577","2009-12-08","-80.37","77.37","4084.0","DOME PLATEAU DOME A, AY",,,,," -342","H,,S"
"AYM00089577","2009-12-09","-80.37","77.37","4084.0","DOME PLATEAU DOME A, AY",,,,," -329","H,,S"
"AYM00089577","2009-12-10","-80.37","77.37","4084.0","DOME PLATEAU DOME A, AY",,,,," -354","H,,S"
"AYM00089577","2009-12-11","-80.37","77.37","4084.0","DOME PLATEAU DOME A, AY",,,,," -349","H,,S"
"AYM00089577","2009-12-12","-80.37","77.37","4084.0","DOME PLATEAU DOME A, AY",,,,," -327","H,,S"
"AYM00089577","2009-12-13","-80.37","77.37","4084.0","DOME PLATEAU DOME A, AY",,,,," -349","H,,S"
"AYM00089577","2009-12-14","-80.37","77.37","4084.0","DOME PLATEAU DOME A, AY",,,,," -347","H,,S"
"AYM00089577","2009-12-15","-80.37","77.37","4084.0","DOME PLATEAU DOME A, AY",,,,," -339","H,,S"
"AYM00089577","2009-12-16","-80.37","77.37","4084.0","DOME PLATEAU DOME A, AY",,,,," -337","H,,S"
"AYM00089577","2009-12-17","-80.37","77.37","4084.0","DOME PLATEAU DOME A, AY",,,,," -305","H,,S"
"AYM00089577","2009-12-18","-80.37","77.37","4084.0","DOME PLATEAU DOME A, AY",,,,," -318","H,,S"
"AYM00089577","2009-12-19","-80.37","77.37","4084.0","DOME PLATEAU DOME A, AY",,,,," -280","H,,S"
"AYM00089577","2009-12-20","-80.37","77.37","4084.0","DOME PLATEAU DOME A, AY",,,,," -298","H,,S"
"AYM00089577","2009-12-21","-80.37","77.37","4084.0","DOME PLATEAU DOME A, AY",,,,," -315","H,,S"
"AYM00089577","2009-12-22","-80.37","77.37","4084.0","DOME PLATEAU DOME A, AY",,,,," -349","H,,S"
"AYM00089577","2009-12-23","-80.37","77.37","4084.0","DOME PLATEAU DOME A, AY",,,,," -351","H,,S"
"AYM00089577","2009-12-24","-80.37","77.37","4084.0","DOME PLATEAU DOME A, AY",,,,," -310","H,,S"
"AYM00089577","2009-12-25","-80.37","77.37","4084.0","DOME PLATEAU DOME A, AY",,,,," -320","H,,S"
"AYM00089577","2009-12-26","-80.37","77.37","4084.0","DOME PLATEAU DOME A, AY",,,,," -358","H,,S"
"AYM00089577","2009-12-27","-80.37","77.37","4084.0","DOME PLATEAU DOME A, AY",,,,," -341","H,,S"
"AYM00089577","2009-12-28","-80.37","77.37","4084.0","DOME PLATEAU DOME A, AY",,,,," -327","H,,S"
"AYM00089577","2009-12-29","-80.37","77.37","4084.0","DOME PLATEAU DOME A, AY",,,,," -336","H,,S"
"AYM00089577","2009-12-30","-80.37","77.37","4084.0","DOME PLATEAU DOME A, AY",,,,," -320","H,,S"
"AYM00089577","2009-12-31","-80.37","77.37","4084.0","DOME PLATEAU DOME A, AY",,,,," -339","H,,S"
"AYM00089577","2010-01-01","-80.37","77.37","4084.0","DOME PLATEAU DOME A, AY",,,,," -321","H,,S"
"AYM00089577","2010-01-02","-80.37","77.37","4084.0","DOME PLATEAU DOME A, AY",,,,," -316","H,,S"
"AYM00089577","2010-01-03","-80.37","77.37","4084.0","DOME PLATEAU DOME A, AY",,,,," -309","H,,S"
"AYM00089577","2010-01-04","-80.37","77.37","4084.0","DOME PLATEAU DOME A, AY",,,,," -313","H,,S"
"AYM00089577","2010-01-05","-80.37","77.37","4084.0","DOME PLATEAU DOME A, AY",,,,," -299","H,,S"
"AYM00089577","2010-01-06","-80.37","77.37","4084.0","DOME PLATEAU DOME A, AY",,,,," -296","H,,S"
"AYM00089577","2010-01-07","-80.37","77.37","4084.0","DOME PLATEAU DOME A, AY",,,,," -305","H,,S"
"AYM00089577","2010-01-08","-80.37","77.37","4084.0","DOME PLATEAU DOME A, AY",,,,," -293","H,,S"
"AYM00089577","2010-01-09","-80.37","77.37","4084.0","DOME PLATEAU DOME A, AY",,,,," -304","H,,S"
"AYM00089577","2010-01-10","-80.37","77.37","4084.0","DOME PLATEAU DOME A, AY",,,,," -283","H,,S"
"AYM00089577","2010-01-11","-80.37","77.37","4084.0","DOME PLATEAU DOME A, AY",,,,," -302","H,,S"
"AYM00089577","2010-01-12","-80.37","77.37","4084.0","DOME PLATEAU DOME A, AY",,,,," -263","H,,S"
"AYM00089577","2010-01-13","-80.37","77.37","4084.0","DOME PLATEAU DOME A, AY",,,,," -251","H,,S"
"AYM00089577","2010-01-14","-80.37","77.37","4084.0","DOME PLATEAU DOME A, AY",,,,," -219","H,,S"
"AYM00089577","2010-01-15","-80.37","77.37","4084.0","DOME PLATEAU DOME A, AY",,,,," -270","H,,S"
"AYM00089577","2010-01-16","-80.37","77.37","4084.0","DOME PLATEAU DOME A, AY",,,,," -292","H,,S"
"AYM00089577","2010-01-17","-80.37","77.37","4084.0","DOME PLATEAU DOME A, AY",,,,," -287","H,,S"
"AYM00089577","2010-01-18","-80.37","77.37","4084.0","DOME PLATEAU DOME A, AY",,,,," -284","H,,S"
"AYM00089577","2010-01-19","-80.37","77.37","4084.0","DOME PLATEAU DOME A, AY",,,,," -281","H,,S"
"AYM00089577","2010-01-20","-80.37","77.37","4084.0","DOME PLATEAU DOME A, AY",,,,," -293","H,,S"
"AYM00089577","2010-01-21","-80.37","77.37","4084.0","DOME PLATEAU DOME A, AY",,,,," -303","H,,S"
"AYM00089577","2010-01-22","-80.37","77.37","4084.0","DOME PLATEAU DOME A, AY",,,,," -318","H,,S"
"AYM00089577","2010-01-23","-80.37","77.37","4084.0","DOME PLATEAU DOME A, AY",,,,," -330","H,,S"
"AYM00089577","2010-01-24","-80.37","77.37","4084.0","DOME PLATEAU DOME A, AY",,,,," -325","H,,S"
"AYM00089577","2010-01-25","-80.37","77.37","4084.0","DOME PLATEAU DOME A, AY",,,,," -330","H,,S"
"AYM00089577","2010-01-26","-80.37","77.37","4084.0","DOME PLATEAU DOME A, AY",,,,," -351","H,,S"
"AYM00089577","2010-01-27","-80.37","77.37","4084.0","DOME PLATEAU DOME A, AY",,,,," -314","H,,S"
"AYM00089577","2010-01-28","-80.37","77.37","4084.0","DOME PLATEAU DOME A, AY",,,,," -342","H,,S"
"AYM00089577","2010-01-29","-80.37","77.37","4084.0","DOME PLATEAU DOME A, AY",,,,," -384","H,,S"
"AYM00089577","2010-01-30","-80.37","77.37","4084.0","DOME PLATEAU DOME A, AY",,,,," -391","H,,S"
"AYM00089577","2010-01-31","-80.37","77.37","4084.0","DOME PLATEAU DOME A, AY",,,,," -361","H,,S"
"AYM00089577","2010-02-01","-80.37","77.37","4084.0","DOME PLATEAU DOME A, AY",,,,," -368","H,,S"
"AYM00089577","2010-02-02","-80.37","77.37","4084.0","DOME PLATEAU DOME A, AY",,,,," -396","H,,S"
"AYM00089577","2010-02-03","-80.37","77.37","4084.0","DOME PLATEAU DOME A, AY",,,,," -410","H,,S"
"AYM00089577","2010-02-04","-80.37","77.37","4084.0","DOME PLATEAU DOME A, AY",,,,," -398","H,,S"
"AYM00089577","2010-02-05","-80.37","77.37","4084.0","DOME PLATEAU DOME A, AY",,,,," -393","H,,S"
"AYM00089577","2010-02-06","-80.37","77.37","4084.0","DOME PLATEAU DOME A, AY",,,,," -440","H,,S"
"AYM00089577","2010-02-07","-80.37","77.37","4084.0","DOME PLATEAU DOME A, AY",,,,," -382","H,,S"
"AYM00089577","2010-02-08","-80.37","77.37","4084.0","DOME PLATEAU DOME A, AY",,,,," -391","H,,S"
"AYM00089577","2010-02-09","-80.37","77.37","4084.0","DOME PLATEAU DOME A, AY",,,,," -396","H,,S"
"AYM00089577","2010-02-10","-80.37","77.37","4084.0","DOME PLATEAU DOME A, AY",,,,," -394","H,,S"
"AYM00089577","2010-02-11","-80.37","77.37","4084.0","DOME PLATEAU DOME A, AY",,,,," -355","H,,S"
"AYM00089577","2010-02-12","-80.37","77.37","4084.0","DOME PLATEAU DOME A, AY",,,,," -369","H,,S"
"AYM00089577","2010-02-13","-80.37","77.37","4084.0","DOME PLATEAU DOME A, AY",,,,," -372","H,,S"
"AYM00089577","2010-02-14","-80.37","77.37","4084.0","DOME PLATEAU DOME A, AY",,,,," -417","H,,S"
"AYM00089577","2010-02-15","-80.37","77.37","4084.0","DOME PLATEAU DOME A, AY",,,,," -453","H,,S"
"AYM00089577","2010-02-16","-80.37","77.37","4084.0","DOME PLATEAU DOME A, AY",,,,," -417","H,,S"
"AYM00089577","2010-02-17","-80.37","77.37","4084.0","DOME PLATEAU DOME A, AY",,,,," -479","H,,S"
"AYM00089577","2010-02-18","-80.37","77.37","4084.0","DOME PLATEAU DOME A, AY",,,,," -486","H,,S"
"AYM00089577","2010-02-19","-80.37","77.37","4084.0","DOME PLATEAU DOME A, AY",,,,," -464","H,,S"
"AYM00089577","2010-02-20","-80.37","77.37","4084.0","DOME PLATEAU DOME A, AY",,,,," -408","H,,S"
"AYM00089577","2010-02-21","-80.37","77.37","4084.0","DOME PLATEAU DOME A, AY",,,,," -479","H,,S"
"AYM00089577","2010-02-22","-80.37","77.37","4084.0","DOME PLATEAU DOME A, AY",,,,," -519","H,,S"
"AYM00089577","2010-02-23","-80.37","77.37","4084.0","DOME PLATEAU DOME A, AY",,,,," -534","H,,S"
"AYM00089577","2010-02-24","-80.37","77.37","4084.0","DOME PLATEAU DOME A, AY",,,,," -512","H,,S"
"AYM00089577","2010-02-25","-80.37","77.37","4084.0","DOME PLATEAU DOME A, AY",,,,," -511","H,,S"
"AYM00089577","2010-02-26","-80.37","77.37","4084.0","DOME PLATEAU DOME A, AY",,,,," -514","H,,S"
"AYM00089577","2010-02-27","-80.37","77.37","4084.0","DOME PLATEAU DOME A, AY",,,,," -519","H,,S"
"AYM00089577","2010-02-28","-80.37","77.37","4084.0","DOME PLATEAU DOME A, AY",,,,," -550","H,,S"
"AYM00089577","2010-03-01","-80.37","77.37","4084.0","DOME PLATEAU DOME A, AY",,,,," -556","H,,S"
"AYM00089577","2010-03-02","-80.37","77.37","4084.0","DOME PLATEAU DOME A, AY",,,,," -558","H,,S"
"AYM00089577","2010-03-03","-80.37","77.37","4084.0","DOME PLATEAU DOME A, AY",,,,," -528","H,,S"
"AYM00089577","2010-03-04","-80.37","77.37","4084.0","DOME PLATEAU DOME A, AY",,,,," -539","H,,S"
"AYM00089577","2010-03-05","-80.37","77.37","4084.0","DOME PLATEAU DOME A, AY",,,,," -531","H,,S"
"AYM00089577","2010-03-06","-80.37","77.37","4084.0","DOME PLATEAU DOME A, AY",,,,," -429","H,,S"
"AYM00089577","2010-03-07","-80.37","77.37","4084.0","DOME PLATEAU DOME A, AY",,,,," -522","H,,S"
"AYM00089577","2010-03-08","-80.37","77.37","4084.0","DOME PLATEAU DOME A, AY",,,,," -587","H,,S"
"AYM00089577","2010-03-09","-80.37","77.37","4084.0","DOME PLATEAU DOME A, AY",,,,," -552","H,,S"
"AYM00089577","2010-03-10","-80.37","77.37","4084.0","DOME PLATEAU DOME A, AY",,,,," -493","H,,S"
"AYM00089577","2010-03-11","-80.37","77.37","4084.0","DOME PLATEAU DOME A, AY",,,,," -543","H,,S"
"AYM00089577","2010-03-12","-80.37","77.37","4084.0","DOME PLATEAU DOME A, AY",,,,," -546","H,,S"
"AYM00089577","2010-03-13","-80.37","77.37","4084.0","DOME PLATEAU DOME A, AY",,,,," -569","H,,S"
"AYM00089577","2010-03-14","-80.37","77.37","4084.0","DOME PLATEAU DOME A, AY",,,,," -564","H,,S"
"AYM00089577","2010-03-15","-80.37","77.37","4084.0","DOME PLATEAU DOME A, AY",,,,," -573","H,,S"
"AYM00089577","2010-03-16","-80.37","77.37","4084.0","DOME PLATEAU DOME A, AY",,,,," -579","H,,S"
"AYM00089577","2010-03-17","-80.37","77.37","4084.0","DOME PLATEAU DOME A, AY",,,,," -602","H,,S"
"AYM00089577","2010-03-18","-80.37","77.37","4084.0","DOME PLATEAU DOME A, AY",,,,," -572","H,,S"
"AYM00089577","2010-03-19","-80.37","77.37","4084.0","DOME PLATEAU DOME A, AY",,,,," -578","H,,S"
"AYM00089577","2010-03-20","-80.37","77.37","4084.0","DOME PLATEAU DOME A, AY",,,,," -572","H,,S"
"AYM00089577","2010-03-21","-80.37","77.37","4084.0","DOME PLATEAU DOME A, AY",,,,," -511","H,,S"
"AYM00089577","2010-03-22","-80.37","77.37","4084.0","DOME PLATEAU DOME A, AY",,,,," -529","H,,S"
"AYM00089577","2010-03-23","-80.37","77.37","4084.0","DOME PLATEAU DOME A, AY",,,,," -600","H,,S"
"AYM00089577","2010-03-24","-80.37","77.37","4084.0","DOME PLATEAU DOME A, AY",,,,," -601","H,,S"
"AYM00089577","2010-03-25","-80.37","77.37","4084.0","DOME PLATEAU DOME A, AY",,,,," -575","H,,S"
"AYM00089577","2010-03-26","-80.37","77.37","4084.0","DOME PLATEAU DOME A, AY",,,,," -616","H,,S"
"AYM00089577","2010-03-27","-80.37","77.37","4084.0","DOME PLATEAU DOME A, AY",,,,," -552","H,,S"
"AYM00089577","2010-03-28","-80.37","77.37","4084.0","DOME PLATEAU DOME A, AY",,,,," -536","H,,S"
"AYM00089577","2010-03-29","-80.37","77.37","4084.0","DOME PLATEAU DOME A, AY",,,,," -557","H,,S"
"AYM00089577","2010-03-30","-80.37","77.37","4084.0","DOME PLATEAU DOME A, AY",,,,," -583","H,,S"
"AYM00089577","2010-03-31","-80.37","77.37","4084.0","DOME PLATEAU DOME A, AY",,,,," -624","H,,S"
"AYM00089577","2010-04-01","-80.37","77.37","4084.0","DOME PLATEAU DOME A, AY",,,,," -622","H,,S"
"AYM00089577","2010-04-02","-80.37","77.37","4084.0","DOME PLATEAU DOME A, AY",,,,," -628","H,,S"
"AYM00089577","2010-04-03","-80.37","77.37","4084.0","DOME PLATEAU DOME A, AY",,,,," -576","H,,S"
"AYM00089577","2010-04-04","-80.37","77.37","4084.0","DOME PLATEAU DOME A, AY",,,,," -624","H,,S"
"AYM00089577","2010-04-05","-80.37","77.37","4084.0","DOME PLATEAU DOME A, AY",,,,," -545","H,,S"
"AYM00089577","2010-04-06","-80.37","77.37","4084.0","DOME PLATEAU DOME A, AY",,,,," -661","H,,S"
"AYM00089577","2010-04-07","-80.37","77.37","4084.0","DOME PLATEAU DOME A, AY",,,,," -654","H,,S"
"AYM00089577","2010-04-08","-80.37","77.37","4084.0","DOME PLATEAU DOME A, AY",,,,," -662","H,,S"
"AYM00089577","2010-04-09","-80.37","77.37","4084.0","DOME PLATEAU DOME A, AY",,,,," -654","H,,S"
"AYM00089577","2010-04-10","-80.37","77.37","4084.0","DOME PLATEAU DOME A, AY",,,,," -602","H,,S"
"AYM00089577","2010-04-11","-80.37","77.37","4084.0","DOME PLATEAU DOME A, AY",,,,," -665","H,,S"
"AYM00089577","2010-04-12","-80.37","77.37","4084.0","DOME PLATEAU DOME A, AY",,,,," -590","H,,S"
"AYM00089577","2010-04-13","-80.37","77.37","4084.0","DOME PLATEAU DOME A, AY",,,,," -641","H,,S"
"AYM00089577","2010-04-14","-80.37","77.37","4084.0","DOME PLATEAU DOME A, AY",,,,," -689","H,,S"
"AYM00089577","2010-04-15","-80.37","77.37","4084.0","DOME PLATEAU DOME A, AY",,,,," -677","H,,S"
"AYM00089577","2010-04-17","-80.37","77.37","4084.0","DOME PLATEAU DOME A, AY",,,,," -687","H,,S"
"AYM00089577","2010-04-18","-80.37","77.37","4084.0","DOME PLATEAU DOME A, AY",,,,," -723","H,,S"
"AYM00089577","2010-04-19","-80.37","77.37","4084.0","DOME PLATEAU DOME A, AY",,,,," -669","H,,S"
"AYM00089577","2010-04-20","-80.37","77.37","4084.0","DOME PLATEAU DOME A, AY",,,,," -697","H,,S"
"AYM00089577","2010-04-21","-80.37","77.37","4084.0","DOME PLATEAU DOME A, AY",,,,," -707","H,,S"
"AYM00089577","2010-04-22","-80.37","77.37","4084.0","DOME PLATEAU DOME A, AY",,,,," -666","H,,S"
"AYM00089577","2010-04-23","-80.37","77.37","4084.0","DOME PLATEAU DOME A, AY",,,,," -702","H,,S"
"AYM00089577","2010-04-24","-80.37","77.37","4084.0","DOME PLATEAU DOME A, AY",,,,," -692","H,,S"
"AYM00089577","2010-04-25","-80.37","77.37","4084.0","DOME PLATEAU DOME A, AY",,,,," -717","H,,S"
"AYM00089577","2010-04-26","-80.37","77.37","4084.0","DOME PLATEAU DOME A, AY",,,,," -674","H,,S"
"AYM00089577","2010-04-27","-80.37","77.37","4084.0","DOME PLATEAU DOME A, AY",,,,," -680","H,,S"
"AYM00089577","2010-04-28","-80.37","77.37","4084.0","DOME PLATEAU DOME A, AY",,,,," -668","H,,S"
"AYM00089577","2010-04-29","-80.37","77.37","4084.0","DOME PLATEAU DOME A, AY",,,,," -697","H,,S"
"AYM00089577","2010-04-30","-80.37","77.37","4084.0","DOME PLATEAU DOME A, AY",,,,," -635","H,,S"
"AYM00089577","2010-05-01","-80.37","77.37","4084.0","DOME PLATEAU DOME A, AY",,,,," -641","H,,S"
"AYM00089577","2010-05-02","-80.37","77.37","4084.0","DOME PLATEAU DOME A, AY",,,,," -646","H,,S"
"AYM00089577","2010-05-03","-80.37","77.37","4084.0","DOME PLATEAU DOME A, AY",,,,," -618","H,,S"
"AYM00089577","2010-05-04","-80.37","77.37","4084.0","DOME PLATEAU DOME A, AY",,,,," -628","H,,S"
"AYM00089577","2010-05-05","-80.37","77.37","4084.0","DOME PLATEAU DOME A, AY",,,,," -661","H,,S"
"AYM00089577","2010-05-06","-80.37","77.37","4084.0","DOME PLATEAU DOME A, AY",,,,," -601","H,,S"
"AYM00089577","2010-05-07","-80.37","77.37","4084.0","DOME PLATEAU DOME A, AY",,,,," -629","H,,S"
"AYM00089577","2010-05-08","-80.37","77.37","4084.0","DOME PLATEAU DOME A, AY",,,,," -672","H,,S"
"AYM00089577","2010-05-09","-80.37","77.37","4084.0","DOME PLATEAU DOME A, AY",,,,," -641","H,,S"
"AYM00089577","2010-05-10","-80.37","77.37","4084.0","DOME PLATEAU DOME A, AY",,,,," -658","H,,S"
"AYM00089577","2010-05-11","-80.37","77.37","4084.0","DOME PLATEAU DOME A, AY",,,,," -676","H,,S"
"AYM00089577","2010-05-12","-80.37","77.37","4084.0","DOME PLATEAU DOME A, AY",,,,," -668","H,,S"
"AYM00089577","2010-05-13","-80.37","77.37","4084.0","DOME PLATEAU DOME A, AY",,,,," -697","H,,S"
"AYM00089577","2010-05-14","-80.37","77.37","4084.0","DOME PLATEAU DOME A, AY",,,,," -673","H,,S"
"AYM00089577","2010-05-15","-80.37","77.37","4084.0","DOME PLATEAU DOME A, AY",,,,," -673","H,,S"
"AYM00089577","2010-05-16","-80.37","77.37","4084.0","DOME PLATEAU DOME A, AY",,,,," -632","H,,S"
"AYM00089577","2010-05-17","-80.37","77.37","4084.0","DOME PLATEAU DOME A, AY",,,,," -626","H,,S"
"AYM00089577","2010-05-18","-80.37","77.37","4084.0","DOME PLATEAU DOME A, AY",,,,," -681","H,,S"
"AYM00089577","2010-05-19","-80.37","77.37","4084.0","DOME PLATEAU DOME A, AY",,,,," -695","H,,S"
"AYM00089577","2010-05-20","-80.37","77.37","4084.0","DOME PLATEAU DOME A, AY",,,,," -617","H,,S"
"AYM00089577","2010-05-21","-80.37","77.37","4084.0","DOME PLATEAU DOME A, AY",,,,," -598","H,,S"
"AYM00089577","2010-05-22","-80.37","77.37","4084.0","DOME PLATEAU DOME A, AY",,,,," -648","H,,S"
"AYM00089577","2010-05-23","-80.37","77.37","4084.0","DOME PLATEAU DOME A, AY",,,,," -679","H,,S"
"AYM00089577","2010-05-24","-80.37","77.37","4084.0","DOME PLATEAU DOME A, AY",,,,," -622","H,,S"
"AYM00089577","2010-05-25","-80.37","77.37","4084.0","DOME PLATEAU DOME A, AY",,,,," -637","H,,S"
"AYM00089577","2010-05-26","-80.37","77.37","4084.0","DOME PLATEAU DOME A, AY",,,,," -652","H,,S"
"AYM00089577","2010-05-27","-80.37","77.37","4084.0","DOME PLATEAU DOME A, AY",,,,," -701","H,,S"
"AYM00089577","2010-05-28","-80.37","77.37","4084.0","DOME PLATEAU DOME A, AY",,,,," -635","H,,S"
"AYM00089577","2010-05-29","-80.37","77.37","4084.0","DOME PLATEAU DOME A, AY",,,,," -593","H,,S"
"AYM00089577","2010-05-30","-80.37","77.37","4084.0","DOME PLATEAU DOME A, AY",,,,," -613","H,,S"
"AYM00089577","2010-05-31","-80.37","77.37","4084.0","DOME PLATEAU DOME A, AY",,,,," -714","H,,S"
"AYM00089577","2010-06-01","-80.37","77.37","4084.0","DOME PLATEAU DOME A, AY",,,,," -732","H,,S"
"AYM00089577","2010-06-02","-80.37","77.37","4084.0","DOME PLATEAU DOME A, AY",,,,," -723","H,,S"
"AYM00089577","2010-06-03","-80.37","77.37","4084.0","DOME PLATEAU DOME A, AY",,,,," -722","H,,S"
"AYM00089577","2010-06-04","-80.37","77.37","4084.0","DOME PLATEAU DOME A, AY",,,,," -751","H,,S"
"AYM00089577","2010-06-05","-80.37","77.37","4084.0","DOME PLATEAU DOME A, AY",,,,," -729","H,,S"
"AYM00089577","2010-06-06","-80.37","77.37","4084.0","DOME PLATEAU DOME A, AY",,,,," -512","H,,S"
"AYM00089577","2010-06-07","-80.37","77.37","4084.0","DOME PLATEAU DOME A, AY",,,,," -582","H,,S"
"AYM00089577","2010-06-08","-80.37","77.37","4084.0","DOME PLATEAU DOME A, AY",,,,," -616","H,,S"
"AYM00089577","2010-06-09","-80.37","77.37","4084.0","DOME PLATEAU DOME A, AY",,,,," -580","H,,S"
"AYM00089577","2010-06-10","-80.37","77.37","4084.0","DOME PLATEAU DOME A, AY",,,,," -611","H,,S"
"AYM00089577","2010-06-11","-80.37","77.37","4084.0","DOME PLATEAU DOME A, AY",,,,," -621","H,,S"
"AYM00089577","2010-06-12","-80.37","77.37","4084.0","DOME PLATEAU DOME A, AY",,,,," -616","H,,S"
"AYM00089577","2010-06-13","-80.37","77.37","4084.0","DOME PLATEAU DOME A, AY",,,,," -617","H,,S"
"AYM00089577","2010-06-14","-80.37","77.37","4084.0","DOME PLATEAU DOME A, AY",,,,," -647","H,,S"
"AYM00089577","2010-06-15","-80.37","77.37","4084.0","DOME PLATEAU DOME A, AY",,,,," -704","H,,S"
"AYM00089577","2010-06-16","-80.37","77.37","4084.0","DOME PLATEAU DOME A, AY",,,,," -663","H,,S"
"AYM00089577","2010-06-17","-80.37","77.37","4084.0","DOME PLATEAU DOME A, AY",,,,," -728","H,,S"
"AYM00089577","2010-06-18","-80.37","77.37","4084.0","DOME PLATEAU DOME A, AY",,,,," -744","H,,S"
"AYM00089577","2010-06-19","-80.37","77.37","4084.0","DOME PLATEAU DOME A, AY",,,,," -666","H,,S"
"AYM00089577","2010-06-20","-80.37","77.37","4084.0","DOME PLATEAU DOME A, AY",,,,," -670","H,,S"
"AYM00089577","2010-06-21","-80.37","77.37","4084.0","DOME PLATEAU DOME A, AY",,,,," -661","H,,S"
"AYM00089577","2010-06-22","-80.37","77.37","4084.0","DOME PLATEAU DOME A, AY",,,,," -691","H,,S"
"AYM00089577","2010-06-23","-80.37","77.37","4084.0","DOME PLATEAU DOME A, AY",,,,," -673","H,,S"
"AYM00089577","2010-06-24","-80.37","77.37","4084.0","DOME PLATEAU DOME A, AY",,,,," -657","H,,S"
"AYM00089577","2010-06-25","-80.37","77.37","4084.0","DOME PLATEAU DOME A, AY",,,,," -599","H,,S"
"AYM00089577","2010-06-26","-80.37","77.37","4084.0","DOME PLATEAU DOME A, AY",,,,," -658","H,,S"
"AYM00089577","2010-06-27","-80.37","77.37","4084.0","DOME PLATEAU DOME A, AY",,,,," -612","H,,S"
"AYM00089577","2010-06-28","-80.37","77.37","4084.0","DOME PLATEAU DOME A, AY",,,,," -551","H,,S"
"AYM00089577","2010-06-29","-80.37","77.37","4084.0","DOME PLATEAU DOME A, AY",,,,," -578","H,,S"
"AYM00089577","2010-06-30","-80.37","77.37","4084.0","DOME PLATEAU DOME A, AY",,,,," -680","H,,S"
"AYM00089577","2010-07-01","-80.37","77.37","4084.0","DOME PLATEAU DOME A, AY",,,,," -712","H,,S"
"AYM00089577","2010-07-02","-80.37","77.37","4084.0","DOME PLATEAU DOME A, AY",,,,," -714","H,,S"
"AYM00089577","2010-07-03","-80.37","77.37","4084.0","DOME PLATEAU DOME A, AY",,,,," -742","H,,S"
"AYM00089577","2010-07-04","-80.37","77.37","4084.0","DOME PLATEAU DOME A, AY",,,,," -746","H,,S"
"AYM00089577","2010-07-05","-80.37","77.37","4084.0","DOME PLATEAU DOME A, AY",,,,," -746","H,,S"
"AYM00089577","2010-07-06","-80.37","77.37","4084.0","DOME PLATEAU DOME A, AY",,,,," -750","H,,S"
"AYM00089577","2010-07-07","-80.37","77.37","4084.0","DOME PLATEAU DOME A, AY",,,,," -746","H,,S"
"AYM00089577","2010-07-08","-80.37","77.37","4084.0","DOME PLATEAU DOME A, AY",,,,," -741","H,,S"
"AYM00089577","2010-07-09","-80.37","77.37","4084.0","DOME PLATEAU DOME A, AY",,,,," -708","H,,S"
"AYM00089577","2010-07-10","-80.37","77.37","4084.0","DOME PLATEAU DOME A, AY",,,,," -673","H,,S"
"AYM00089577","2010-07-11","-80.37","77.37","4084.0","DOME PLATEAU DOME A, AY",,,,," -593","H,,S"
"AYM00089577","2010-07-12","-80.37","77.37","4084.0","DOME PLATEAU DOME A, AY",,,,," -639","H,,S"
"AYM00089577","2010-07-13","-80.37","77.37","4084.0","DOME PLATEAU DOME A, AY",,,,," -643","H,,S"
"AYM00089577","2010-07-14","-80.37","77.37","4084.0","DOME PLATEAU DOME A, AY",,,,," -575","H,,S"
"AYM00089577","2010-07-15","-80.37","77.37","4084.0","DOME PLATEAU DOME A, AY",,,,," -650","H,,S"
"AYM00089577","2010-07-16","-80.37","77.37","4084.0","DOME PLATEAU DOME A, AY",,,,," -665","H,,S"
"AYM00089577","2010-07-17","-80.37","77.37","4084.0","DOME PLATEAU DOME A, AY",,,,," -597","H,,S"
"AYM00089577","2010-07-18","-80.37","77.37","4084.0","DOME PLATEAU DOME A, AY",,,,," -659","H,,S"
"AYM00089577","2010-07-19","-80.37","77.37","4084.0","DOME PLATEAU DOME A, AY",,,,," -636","H,,S"
"AYM00089577","2010-07-20","-80.37","77.37","4084.0","DOME PLATEAU DOME A, AY",,,,," -573","H,,S"
"AYM00089577","2010-07-21","-80.37","77.37","4084.0","DOME PLATEAU DOME A, AY",,,,," -567","H,,S"
"AYM00089577","2010-07-22","-80.37","77.37","4084.0","DOME PLATEAU DOME A, AY",,,,," -607","H,,S"
"AYM00089577","2010-07-23","-80.37","77.37","4084.0","DOME PLATEAU DOME A, AY",,,,," -674","H,,S"
"AYM00089577","2010-07-24","-80.37","77.37","4084.0","DOME PLATEAU DOME A, AY",,,,," -716","H,,S"
"AYM00089577","2010-07-25","-80.37","77.37","4084.0","DOME PLATEAU DOME A, AY",,,,," -762","H,,S"
"AYM00089577","2010-07-26","-80.37","77.37","4084.0","DOME PLATEAU DOME A, AY",,,,," -757","H,,S"
"AYM00089577","2010-07-27","-80.37","77.37","4084.0","DOME PLATEAU DOME A, AY",,,,," -729","H,,S"
"AYM00089577","2010-07-28","-80.37","77.37","4084.0","DOME PLATEAU DOME A, AY",,,,," -733","H,,S"
"AYM00089577","2010-07-29","-80.37","77.37","4084.0","DOME PLATEAU DOME A, AY",,,,," -664","H,,S"
"AYM00089577","2010-07-30","-80.37","77.37","4084.0","DOME PLATEAU DOME A, AY",,,,," -532","H,,S"
"AYM00089577","2010-07-31","-80.37","77.37","4084.0","DOME PLATEAU DOME A, AY",,,,," -628","H,,S"
"AYM00089577","2010-08-01","-80.37","77.37","4084.0","DOME PLATEAU DOME A, AY",,,,," -737","H,,S"
"AYM00089577","2010-08-02","-80.37","77.37","4084.0","DOME PLATEAU DOME A, AY",,,,," -693","H,,S"
"AYM00089577","2010-08-03","-80.37","77.37","4084.0","DOME PLATEAU DOME A, AY",,,,," -716","H,,S"
"AYM00089577","2010-08-04","-80.37","77.37","4084.0","DOME PLATEAU DOME A, AY",,,,," -693","H,,S"
"AYM00089577","2010-08-05","-80.37","77.37","4084.0","DOME PLATEAU DOME A, AY",,,,," -624","H,,S"
"AYM00089577","2010-08-06","-80.37","77.37","4084.0","DOME PLATEAU DOME A, AY",,,,," -683","H,,S"
"AYM00089577","2010-08-07","-80.37","77.37","4084.0","DOME PLATEAU DOME A, AY",,,,," -644","H,,S"
"AYM00089577","2010-08-08","-80.37","77.37","4084.0","DOME PLATEAU DOME A, AY",,,,," -736","H,,S"
"AYM00089577","2010-08-09","-80.37","77.37","4084.0","DOME PLATEAU DOME A, AY",,,,," -741","H,,S"
"AYM00089577","2010-08-10","-80.37","77.37","4084.0","DOME PLATEAU DOME A, AY",,,,," -763","H,,S"
"AYM00089577","2010-08-11","-80.37","77.37","4084.0","DOME PLATEAU DOME A, AY",,,,," -783","H,,S"
"AYM00089577","2010-08-12","-80.37","77.37","4084.0","DOME PLATEAU DOME A, AY",,,,," -749","H,,S"
"AYM00089577","2010-08-13","-80.37","77.37","4084.0","DOME PLATEAU DOME A, AY",,,,," -589","H,,S"
"AYM00089577","2010-08-14","-80.37","77.37","4084.0","DOME PLATEAU DOME A, AY",,,,," -593","H,,S"
"AYM00089577","2010-08-15","-80.37","77.37","4084.0","DOME PLATEAU DOME A, AY",,,,," -668","H,,S"
"AYM00089577","2010-08-16","-80.37","77.37","4084.0","DOME PLATEAU DOME A, AY",,,,," -716","H,,S"
"AYM00089577","2010-08-17","-80.37","77.37","4084.0","DOME PLATEAU DOME A, AY",,,,," -721","H,,S"
"AYM00089577","2010-08-18","-80.37","77.37","4084.0","DOME PLATEAU DOME A, AY",,,,," -686","H,,S"
"AYM00089577","2010-08-19","-80.37","77.37","4084.0","DOME PLATEAU DOME A, AY",,,,," -672","H,,S"
"AYM00089577","2010-08-20","-80.37","77.37","4084.0","DOME PLATEAU DOME A, AY",,,,," -702","H,,S"
"AYM00089577","2010-08-21","-80.37","77.37","4084.0","DOME PLATEAU DOME A, AY",,,,," -741","H,,S"
"AYM00089577","2010-08-22","-80.37","77.37","4084.0","DOME PLATEAU DOME A, AY",,,,," -691","H,,S"
"AYM00089577","2010-08-23","-80.37","77.37","4084.0","DOME PLATEAU DOME A, AY",,,,," -712","H,,S"
"AYM00089577","2010-08-24","-80.37","77.37","4084.0","DOME PLATEAU DOME A, AY",,,,," -744","H,,S"
"AYM00089577","2010-08-25","-80.37","77.37","4084.0","DOME PLATEAU DOME A, AY",,,,," -733","H,,S"
"AYM00089577","2010-08-26","-80.37","77.37","4084.0","DOME PLATEAU DOME A, AY",,,,," -737","H,,S"
"AYM00089577","2010-08-27","-80.37","77.37","4084.0","DOME PLATEAU DOME A, AY",,,,," -593","H,,S"
"AYM00089577","2010-08-28","-80.37","77.37","4084.0","DOME PLATEAU DOME A, AY",,,,," -602","H,,S"
"AYM00089577","2010-08-29","-80.37","77.37","4084.0","DOME PLATEAU DOME A, AY",,,,," -592","H,,S"
"AYM00089577","2010-08-30","-80.37","77.37","4084.0","DOME PLATEAU DOME A, AY",,,,," -580","H,,S"
"AYM00089577","2010-08-31","-80.37","77.37","4084.0","DOME PLATEAU DOME A, AY",,,,," -574","H,,S"
"AYM00089577","2010-09-01","-80.37","77.37","4084.0","DOME PLATEAU DOME A, AY",,,,," -568","H,,S"
"AYM00089577","2010-09-02","-80.37","77.37","4084.0","DOME PLATEAU DOME A, AY",,,,," -603","H,,S"
"AYM00089577","2010-09-03","-80.37","77.37","4084.0","DOME PLATEAU DOME A, AY",,,,," -698","H,,S"
"AYM00089577","2010-09-04","-80.37","77.37","4084.0","DOME PLATEAU DOME A, AY",,,,," -693","H,,S"
"AYM00089577","2010-09-05","-80.37","77.37","4084.0","DOME PLATEAU DOME A, AY",,,,," -627","H,,S"
"AYM00089577","2010-09-06","-80.37","77.37","4084.0","DOME PLATEAU DOME A, AY",,,,," -606","H,,S"
"AYM00089577","2010-09-07","-80.37","77.37","4084.0","DOME PLATEAU DOME A, AY",,,,," -699","H,,S"
"AYM00089577","2010-09-08","-80.37","77.37","4084.0","DOME PLATEAU DOME A, AY",,,,," -763","H,,S"
"AYM00089577","2010-09-09","-80.37","77.37","4084.0","DOME PLATEAU DOME A, AY",,,,," -738","H,,S"
"AYM00089577","2010-09-10","-80.37","77.37","4084.0","DOME PLATEAU DOME A, AY",,,,," -696","H,,S"
"AYM00089577","2010-09-11","-80.37","77.37","4084.0","DOME PLATEAU DOME A, AY",,,,," -682","H,,S"
"AYM00089577","2010-09-12","-80.37","77.37","4084.0","DOME PLATEAU DOME A, AY",,,,," -697","H,,S"
"AYM00089577","2010-09-13","-80.37","77.37","4084.0","DOME PLATEAU DOME A, AY",,,,," -674","H,,S"
"AYM00089577","2010-09-14","-80.37","77.37","4084.0","DOME PLATEAU DOME A, AY",,,,," -638","H,,S"
"AYM00089577","2010-09-15","-80.37","77.37","4084.0","DOME PLATEAU DOME A, AY",,,,," -623","H,,S"
"AYM00089577","2010-09-16","-80.37","77.37","4084.0","DOME PLATEAU DOME A, AY",,,,," -612","H,,S"
"AYM00089577","2010-09-17","-80.37","77.37","4084.0","DOME PLATEAU DOME A, AY",,,,," -618","H,,S"
"AYM00089577","2010-09-18","-80.37","77.37","4084.0","DOME PLATEAU DOME A, AY",,,,," -582","H,,S"
"AYM00089577","2010-09-19","-80.37","77.37","4084.0","DOME PLATEAU DOME A, AY",,,,," -571","H,,S"
"AYM00089577","2010-09-20","-80.37","77.37","4084.0","DOME PLATEAU DOME A, AY",,,,," -638","H,,S"
"AYM00089577","2010-09-21","-80.37","77.37","4084.0","DOME PLATEAU DOME A, AY",,,,," -581","H,,S"
"AYM00089577","2010-09-22","-80.37","77.37","4084.0","DOME PLATEAU DOME A, AY",,,,," -623","H,,S"
"AYM00089577","2010-09-23","-80.37","77.37","4084.0","DOME PLATEAU DOME A, AY",,,,," -574","H,,S"
"AYM00089577","2010-09-24","-80.37","77.37","4084.0","DOME PLATEAU DOME A, AY",,,,," -538","H,,S"
"AYM00089577","2010-09-25","-80.37","77.37","4084.0","DOME PLATEAU DOME A, AY",,,,," -626","H,,S"
"AYM00089577","2010-09-26","-80.37","77.37","4084.0","DOME PLATEAU DOME A, AY",,,,," -650","H,,S"
"AYM00089577","2010-09-27","-80.37","77.37","4084.0","DOME PLATEAU DOME A, AY",,,,," -653","H,,S"
"AYM00089577","2010-09-28","-80.37","77.37","4084.0","DOME PLATEAU DOME A, AY",,,,," -529","H,,S"
"AYM00089577","2010-09-29","-80.37","77.37","4084.0","DOME PLATEAU DOME A, AY",,,,," -516","H,,S"
"AYM00089577","2010-09-30","-80.37","77.37","4084.0","DOME PLATEAU DOME A, AY",,,,," -583","H,,S"
"AYM00089577","2010-10-01","-80.37","77.37","4084.0","DOME PLATEAU DOME A, AY",,,,," -629","H,,S"
"AYM00089577","2010-10-02","-80.37","77.37","4084.0","DOME PLATEAU DOME A, AY",,,,," -603","H,,S"
"AYM00089577","2010-10-03","-80.37","77.37","4084.0","DOME PLATEAU DOME A, AY",,,,," -534","H,,S"
"AYM00089577","2010-10-04","-80.37","77.37","4084.0","DOME PLATEAU DOME A, AY",,,,," -539","H,,S"
"AYM00089577","2010-10-05","-80.37","77.37","4084.0","DOME PLATEAU DOME A, AY",,,,," -548","H,,S"
"AYM00089577","2010-10-06","-80.37","77.37","4084.0","DOME PLATEAU DOME A, AY",,,,," -626","H,,S"
"AYM00089577","2010-10-07","-80.37","77.37","4084.0","DOME PLATEAU DOME A, AY",,,,," -584","H,,S"
"AYM00089577","2010-10-08","-80.37","77.37","4084.0","DOME PLATEAU DOME A, AY",,,,," -568","H,,S"
"AYM00089577","2010-10-09","-80.37","77.37","4084.0","DOME PLATEAU DOME A, AY",,,,," -573","H,,S"
"AYM00089577","2010-10-10","-80.37","77.37","4084.0","DOME PLATEAU DOME A, AY",,,,," -537","H,,S"
"AYM00089577","2010-10-11","-80.37","77.37","4084.0","DOME PLATEAU DOME A, AY",,,,," -648","H,,S"
"AYM00089577","2010-10-12","-80.37","77.37","4084.0","DOME PLATEAU DOME A, AY",,,,," -621","H,,S"
"AYM00089577","2010-10-13","-80.37","77.37","4084.0","DOME PLATEAU DOME A, AY",,,,," -586","H,,S"
"AYM00089577","2010-10-14","-80.37","77.37","4084.0","DOME PLATEAU DOME A, AY",,,,," -560","H,,S"
"AYM00089577","2010-10-15","-80.37","77.37","4084.0","DOME PLATEAU DOME A, AY",,,,," -491","H,,S"
"AYM00089577","2010-10-16","-80.37","77.37","4084.0","DOME PLATEAU DOME A, AY",,,,," -496","H,,S"
"AYM00089577","2010-10-17","-80.37","77.37","4084.0","DOME PLATEAU DOME A, AY",,,,," -524","H,,S"
"AYM00089577","2010-10-18","-80.37","77.37","4084.0","DOME PLATEAU DOME A, AY",,,,," -539","H,,S"
"AYM00089577","2010-10-19","-80.37","77.37","4084.0","DOME PLATEAU DOME A, AY",,,,," -547","H,,S"
"AYM00089577","2010-10-20","-80.37","77.37","4084.0","DOME PLATEAU DOME A, AY",,,,," -564","H,,S"
"AYM00089577","2010-10-21","-80.37","77.37","4084.0","DOME PLATEAU DOME A, AY",,,,," -543","H,,S"
"AYM00089577","2010-10-22","-80.37","77.37","4084.0","DOME PLATEAU DOME A, AY",,,,," -552","H,,S"
"AYM00089577","2010-10-23","-80.37","77.37","4084.0","DOME PLATEAU DOME A, AY",,,,," -561","H,,S"
"AYM00089577","2010-10-24","-80.37","77.37","4084.0","DOME PLATEAU DOME A, AY",,,,," -561","H,,S"
"AYM00089577","2010-10-25","-80.37","77.37","4084.0","DOME PLATEAU DOME A, AY",,,,," -556","H,,S"
"AYM00089577","2010-10-26","-80.37","77.37","4084.0","DOME PLATEAU DOME A, AY",,,,," -505","H,,S"
"AYM00089577","2010-10-27","-80.37","77.37","4084.0","DOME PLATEAU DOME A, AY",,,,," -509","H,,S"
"AYM00089577","2010-10-28","-80.37","77.37","4084.0","DOME PLATEAU DOME A, AY",,,,," -561","H,,S"
"AYM00089577","2010-10-29","-80.37","77.37","4084.0","DOME PLATEAU DOME A, AY",,,,," -531","H,,S"
"AYM00089577","2010-10-30","-80.37","77.37","4084.0","DOME PLATEAU DOME A, AY",,,,," -501","H,,S"
"AYM00089577","2010-10-31","-80.37","77.37","4084.0","DOME PLATEAU DOME A, AY",,,,," -434","H,,S"
"AYM00089577","2010-11-01","-80.37","77.37","4084.0","DOME PLATEAU DOME A, AY",,,,," -484","H,,S"
"AYM00089577","2010-11-02","-80.37","77.37","4084.0","DOME PLATEAU DOME A, AY",,,,," -526","H,,S"
"AYM00089577","2010-11-03","-80.37","77.37","4084.0","DOME PLATEAU DOME A, AY",,,,," -485","H,,S"
"AYM00089577","2010-11-04","-80.37","77.37","4084.0","DOME PLATEAU DOME A, AY",,,,," -458","H,,S"
"AYM00089577","2010-11-05","-80.37","77.37","4084.0","DOME PLATEAU DOME A, AY",,,,," -476","H,,S"
"AYM00089577","2010-11-06","-80.37","77.37","4084.0","DOME PLATEAU DOME A, AY",,,,," -478","H,,S"
"AYM00089577","2010-11-07","-80.37","77.37","4084.0","DOME PLATEAU DOME A, AY",,,,," -464","H,,S"
"AYM00089577","2010-11-08","-80.37","77.37","4084.0","DOME PLATEAU DOME A, AY",,,,," -409","H,,S"
"AYM00089577","2010-11-09","-80.37","77.37","4084.0","DOME PLATEAU DOME A, AY",,,,," -387","H,,S"
"AYM00089577","2010-11-10","-80.37","77.37","4084.0","DOME PLATEAU DOME A, AY",,,,," -403","H,,S"
"AYM00089577","2010-11-11","-80.37","77.37","4084.0","DOME PLATEAU DOME A, AY",,,,," -413","H,,S"
"AYM00089577","2010-11-12","-80.37","77.37","4084.0","DOME PLATEAU DOME A, AY",,,,," -416","H,,S"
"AYM00089577","2010-11-13","-80.37","77.37","4084.0","DOME PLATEAU DOME A, AY",,,,," -427","H,,S"
"AYM00089577","2010-11-14","-80.37","77.37","4084.0","DOME PLATEAU DOME A, AY",,,,," -419","H,,S"
"AYM00089577","2010-11-15","-80.37","77.37","4084.0","DOME PLATEAU DOME A, AY",,,,," -381","H,,S"
"AYM00089577","2010-11-16","-80.37","77.37","4084.0","DOME PLATEAU DOME A, AY",,,,," -439","H,,S"
"AYM00089577","2010-11-17","-80.37","77.37","4084.0","DOME PLATEAU DOME A, AY",,,,," -469","H,,S"
"AYM00089577","2010-11-18","-80.37","77.37","4084.0","DOME PLATEAU DOME A, AY",,,,," -480","H,,S"
"AYM00089577","2010-11-19","-80.37","77.37","4084.0","DOME PLATEAU DOME A, AY",,,,," -475","H,,S"
"AYM00089577","2010-11-20","-80.37","77.37","4084.0","DOME PLATEAU DOME A, AY",,,,," -464","H,,S"
"AYM00089577","2010-11-21","-80.37","77.37","4084.0","DOME PLATEAU DOME A, AY",,,,," -463","H,,S"
"AYM00089577","2010-11-22","-80.37","77.37","4084.0","DOME PLATEAU DOME A, AY",,,,," -483","H,,S"
"AYM00089577","2010-11-23","-80.37","77.37","4084.0","DOME PLATEAU DOME A, AY",,,,," -472","H,,S"
"AYM00089577","2010-11-24","-80.37","77.37","4084.0","DOME PLATEAU DOME A, AY",,,,," -449","H,,S"
"AYM00089577","2010-11-25","-80.37","77.37","4084.0","DOME PLATEAU DOME A, AY",,,,," -449","H,,S"
"AYM00089577","2010-11-26","-80.37","77.37","4084.0","DOME PLATEAU DOME A, AY",,,,," -446","H,,S"
"AYM00089577","2010-11-27","-80.37","77.37","4084.0","DOME PLATEAU DOME A, AY",,,,," -441","H,,S"
"AYM00089577","2010-11-28","-80.37","77.37","4084.0","DOME PLATEAU DOME A, AY",,,,," -444","H,,S"
"AYM00089577","2010-11-29","-80.37","77.37","4084.0","DOME PLATEAU DOME A, AY",,,,," -457","H,,S"
"AYM00089577","2010-11-30","-80.37","77.37","4084.0","DOME PLATEAU DOME A, AY",,,,," -466","H,,S"
"AYM00089577","2010-12-01","-80.37","77.37","4084.0","DOME PLATEAU DOME A, AY",,,,," -466","H,,S"
"AYM00089577","2010-12-02","-80.37","77.37","4084.0","DOME PLATEAU DOME A, AY",,,,," -462","H,,S"
"AYM00089577","2010-12-03","-80.37","77.37","4084.0","DOME PLATEAU DOME A, AY",,,,," -458","H,,S"
"AYM00089577","2010-12-04","-80.37","77.37","4084.0","DOME PLATEAU DOME A, AY",,,,," -415","H,,S"
"AYM00089577","2010-12-05","-80.37","77.37","4084.0","DOME PLATEAU DOME A, AY",,,,," -415","H,,S"
"AYM00089577","2010-12-06","-80.37","77.37","4084.0","DOME PLATEAU DOME A, AY",,,,," -423","H,,S"
"AYM00089577","2010-12-07","-80.37","77.37","4084.0","DOME PLATEAU DOME A, AY",,,,," -413","H,,S"
"AYM00089577","2010-12-08","-80.37","77.37","4084.0","DOME PLATEAU DOME A, AY",,,,," -359","H,,S"
"AYM00089577","2010-12-09","-80.37","77.37","4084.0","DOME PLATEAU DOME A, AY",,,,," -299","H,,S"
"AYM00089577","2010-12-10","-80.37","77.37","4084.0","DOME PLATEAU DOME A, AY",,,,," -287","H,,S"
"AYM00089577","2010-12-11","-80.37","77.37","4084.0","DOME PLATEAU DOME A, AY",,,,," -314","H,,S"
"AYM00089577","2010-12-12","-80.37","77.37","4084.0","DOME PLATEAU DOME A, AY",,,,," -348","H,,S"
"AYM00089577","2010-12-13","-80.37","77.37","4084.0","DOME PLATEAU DOME A, AY",,,,," -302","H,,S"
"AYM00089577","2010-12-14","-80.37","77.37","4084.0","DOME PLATEAU DOME A, AY",,,,," -326","H,,S"
"AYM00089577","2010-12-15","-80.37","77.37","4084.0","DOME PLATEAU DOME A, AY",,,,," -337","H,,S"
"AYM00089577","2010-12-16","-80.37","77.37","4084.0","DOME PLATEAU DOME A, AY",,,,," -261","H,,S"
"AYM00089577","2010-12-17","-80.37","77.37","4084.0","DOME PLATEAU DOME A, AY",,,,," -321","H,,S"
"AYM00089577","2010-12-18","-80.37","77.37","4084.0","DOME PLATEAU DOME A, AY",,,,," -318","H,,S"
"AYM00089577","2010-12-19","-80.37","77.37","4084.0","DOME PLATEAU DOME A, AY",,,,," -322","H,,S"
"AYM00089577","2010-12-20","-80.37","77.37","4084.0","DOME PLATEAU DOME A, AY",,,,," -319","H,,S"
"AYM00089577","2010-12-21","-80.37","77.37","4084.0","DOME PLATEAU DOME A, AY",,,,," -292","H,,S"
"AYM00089577","2010-12-22","-80.37","77.37","4084.0","DOME PLATEAU DOME A, AY",,,,," -288","H,,S"
"AYM00089577","2010-12-23","-80.37","77.37","4084.0","DOME PLATEAU DOME A, AY",,,,," -293","H,,S"
"AYM00089577","2010-12-24","-80.37","77.37","4084.0","DOME PLATEAU DOME A, AY",,,,," -237","H,,S"
"AYM00089577","2010-12-25","-80.37","77.37","4084.0","DOME PLATEAU DOME A, AY",,,,," -184","H,,S"
"AYM00089577","2010-12-26","-80.37","77.37","4084.0","DOME PLATEAU DOME A, AY",,,,," -233","H,,S"
"AYM00089577","2010-12-27","-80.37","77.37","4084.0","DOME PLATEAU DOME A, AY",,,,," -297","H,,S"
"AYM00089577","2010-12-28","-80.37","77.37","4084.0","DOME PLATEAU DOME A, AY",,,,," -292","H,,S"
"AYM00089577","2010-12-29","-80.37","77.37","4084.0","DOME PLATEAU DOME A, AY",,,,," -287","H,,S"
"AYM00089577","2010-12-30","-80.37","77.37","4084.0","DOME PLATEAU DOME A, AY",,,,," -304","H,,S"
"AYM00089577","2010-12-31","-80.37","77.37","4084.0","DOME PLATEAU DOME A, AY",,,,," -314","H,,S"
"AYM00089577","2011-01-01","-80.37","77.37","4084.0","DOME PLATEAU DOME A, AY",,,,," -309","H,,S"
"AYM00089577","2011-01-02","-80.37","77.37","4084.0","DOME PLATEAU DOME A, AY",,,,," -314","H,,S"
"AYM00089577","2011-01-03","-80.37","77.37","4084.0","DOME PLATEAU DOME A, AY",,,,," -319","H,,S"
"AYM00089577","2011-01-04","-80.37","77.37","4084.0","DOME PLATEAU DOME A, AY",,,,," -322","H,,S"
"AYM00089577","2011-01-05","-80.37","77.37","4084.0","DOME PLATEAU DOME A, AY",,,,," -286","H,,S"
"AYM00089577","2011-01-06","-80.37","77.37","4084.0","DOME PLATEAU DOME A, AY",,,,," -275","H,,S"
"AYM00089577","2011-01-07","-80.37","77.37","4084.0","DOME PLATEAU DOME A, AY",,,,," -304","H,,S"
"AYM00089577","2011-01-08","-80.37","77.37","4084.0","DOME PLATEAU DOME A, AY",,,,," -313","H,,S"
"AYM00089577","2011-01-09","-80.37","77.37","4084.0","DOME PLATEAU DOME A, AY",,,,," -268","H,,S"
"AYM00089577","2011-01-10","-80.37","77.37","4084.0","DOME PLATEAU DOME A, AY",,,,," -292","H,,S"
"AYM00089577","2011-01-11","-80.37","77.37","4084.0","DOME PLATEAU DOME A, AY",,,,," -314","H,,S"
"AYM00089577","2011-01-12","-80.37","77.37","4084.0","DOME PLATEAU DOME A, AY",,,,," -313","H,,S"
"AYM00089577","2011-01-13","-80.37","77.37","4084.0","DOME PLATEAU DOME A, AY",,,,," -313","H,,S"
"AYM00089577","2011-01-14","-80.37","77.37","4084.0","DOME PLATEAU DOME A, AY",,,,," -291","H,,S"
"AYM00089577","2011-01-15","-80.37","77.37","4084.0","DOME PLATEAU DOME A, AY",,,,," -335","H,,S"
"AYM00089577","2011-01-16","-80.37","77.37","4084.0","DOME PLATEAU DOME A, AY",,,,," -337","H,,S"
"AYM00089577","2011-01-17","-80.37","77.37","4084.0","DOME PLATEAU DOME A, AY",,,,," -338","H,,S"
"AYM00089577","2011-01-18","-80.37","77.37","4084.0","DOME PLATEAU DOME A, AY",,,,," -343","H,,S"
"AYM00089577","2011-01-19","-80.37","77.37","4084.0","DOME PLATEAU DOME A, AY",,,,," -382","H,,S"
"AYM00089577","2011-01-20","-80.37","77.37","4084.0","DOME PLATEAU DOME A, AY",,,,," -369","H,,S"
"AYM00089577","2011-01-21","-80.37","77.37","4084.0","DOME PLATEAU DOME A, AY",,,,," -323","H,,S"
"AYM00089577","2011-01-22","-80.37","77.37","4084.0","DOME PLATEAU DOME A, AY",,,,," -301","H,,S"
"AYM00089577","2011-01-23","-80.37","77.37","4084.0","DOME PLATEAU DOME A, AY",,,,," -348","H,,S"
"AYM00089577","2011-01-24","-80.37","77.37","4084.0","DOME PLATEAU DOME A, AY",,,,," -341","H,,S"
"AYM00089577","2011-01-25","-80.37","77.37","4084.0","DOME PLATEAU DOME A, AY",,,,," -330","H,,S"
"AYM00089577","2011-01-26","-80.37","77.37","4084.0","DOME PLATEAU DOME A, AY",,,,," -313","H,,S"
"AYM00089577","2011-01-27","-80.37","77.37","4084.0","DOME PLATEAU DOME A, AY",,,,," -305","H,,S"
"AYM00089577","2011-01-28","-80.37","77.37","4084.0","DOME PLATEAU DOME A, AY",,,,," -297","H,,S"
"AYM00089577","2011-01-29","-80.37","77.37","4084.0","DOME PLATEAU DOME A, AY",,,,," -316","H,,S"
"AYM00089577","2011-01-30","-80.37","77.37","4084.0","DOME PLATEAU DOME A, AY",,,,," -329","H,,S"
"AYM00089577","2011-01-31","-80.37","77.37","4084.0","DOME PLATEAU DOME A, AY",,,,," -342","H,,S"
"AYM00089577","2011-02-01","-80.37","77.37","4084.0","DOME PLATEAU DOME A, AY",,,,," -359","H,,S"
"AYM00089577","2011-02-02","-80.37","77.37","4084.0","DOME PLATEAU DOME A, AY",,,,," -362","H,,S"
"AYM00089577","2011-02-03","-80.37","77.37","4084.0","DOME PLATEAU DOME A, AY",,,,," -350","H,,S"
"AYM00089577","2011-02-04","-80.37","77.37","4084.0","DOME PLATEAU DOME A, AY",,,,," -394","H,,S"
"AYM00089577","2011-02-05","-80.37","77.37","4084.0","DOME PLATEAU DOME A, AY",,,,," -409","H,,S"
"AYM00089577","2011-02-06","-80.37","77.37","4084.0","DOME PLATEAU DOME A, AY",,,,," -407","H,,S"
"AYM00089577","2011-02-07","-80.37","77.37","4084.0","DOME PLATEAU DOME A, AY",,,,," -338","H,,S"
"AYM00089577","2011-02-08","-80.37","77.37","4084.0","DOME PLATEAU DOME A, AY",,,,," -421","H,,S"
"AYM00089577","2011-02-09","-80.37","77.37","4084.0","DOME PLATEAU DOME A, AY",,,,," -452","H,,S"
"AYM00089577","2011-02-10","-80.37","77.37","4084.0","DOME PLATEAU DOME A, AY",,,,," -437","H,,S"
"AYM00089577","2011-02-11","-80.37","77.37","4084.0","DOME PLATEAU DOME A, AY",,,,," -444","H,,S"
"AYM00089577","2011-02-12","-80.37","77.37","4084.0","DOME PLATEAU DOME A, AY",,,,," -476","H,,S"
"AYM00089577","2011-02-13","-80.37","77.37","4084.0","DOME PLATEAU DOME A, AY",,,,," -480","H,,S"
"AYM00089577","2011-02-14","-80.37","77.37","4084.0","DOME PLATEAU DOME A, AY",,,,," -447","H,,S"
"AYM00089577","2011-02-15","-80.37","77.37","4084.0","DOME PLATEAU DOME A, AY",,,,," -457","H,,S"
"AYM00089577","2011-02-16","-80.37","77.37","4084.0","DOME PLATEAU DOME A, AY",,,,," -404","H,,S"
"AYM00089577","2011-02-17","-80.37","77.37","4084.0","DOME PLATEAU DOME A, AY",,,,," -399","H,,S"
"AYM00089577","2011-02-18","-80.37","77.37","4084.0","DOME PLATEAU DOME A, AY",,,,," -463","H,,S"
"AYM00089577","2011-02-19","-80.37","77.37","4084.0","DOME PLATEAU DOME A, AY",,,,," -452","H,,S"
"AYM00089577","2011-02-20","-80.37","77.37","4084.0","DOME PLATEAU DOME A, AY",,,,," -404","H,,S"
"AYM00089577","2011-02-21","-80.37","77.37","4084.0","DOME PLATEAU DOME A, AY",,,,," -458","H,,S"
"AYM00089577","2011-02-22","-80.37","77.37","4084.0","DOME PLATEAU DOME A, AY",,,,," -466","H,,S"
"AYM00089577","2011-02-23","-80.37","77.37","4084.0","DOME PLATEAU DOME A, AY",,,,," -456","H,,S"
"AYM00089577","2011-02-24","-80.37","77.37","4084.0","DOME PLATEAU DOME A, AY",,,,," -491","H,,S"
"AYM00089577","2011-02-25","-80.37","77.37","4084.0","DOME PLATEAU DOME A, AY",,,,," -487","H,,S"
"AYM00089577","2011-02-26","-80.37","77.37","4084.0","DOME PLATEAU DOME A, AY",,,,," -499","H,,S"
"AYM00089577","2011-02-27","-80.37","77.37","4084.0","DOME PLATEAU DOME A, AY",,,,," -501","H,,S"
"AYM00089577","2011-02-28","-80.37","77.37","4084.0","DOME PLATEAU DOME A, AY",,,,," -512","H,,S"
"AYM00089577","2011-03-01","-80.37","77.37","4084.0","DOME PLATEAU DOME A, AY",,,,," -542","H,,S"
"AYM00089577","2011-03-02","-80.37","77.37","4084.0","DOME PLATEAU DOME A, AY",,,,," -556","H,,S"
"AYM00089577","2011-03-03","-80.37","77.37","4084.0","DOME PLATEAU DOME A, AY",,,,," -540","H,,S"
"AYM00089577","2011-03-04","-80.37","77.37","4084.0","DOME PLATEAU DOME A, AY",,,,," -527","H,,S"
"AYM00089577","2011-03-05","-80.37","77.37","4084.0","DOME PLATEAU DOME A, AY",,,,," -591","H,,S"
"AYM00089577","2011-03-06","-80.37","77.37","4084.0","DOME PLATEAU DOME A, AY",,,,," -542","H,,S"
"AYM00089577","2011-03-07","-80.37","77.37","4084.0","DOME PLATEAU DOME A, AY",,,,," -584","H,,S"
"AYM00089577","2011-03-08","-80.37","77.37","4084.0","DOME PLATEAU DOME A, AY",,,,," -601","H,,S"
"AYM00089577","2011-03-09","-80.37","77.37","4084.0","DOME PLATEAU DOME A, AY",,,,," -609","H,,S"
"AYM00089577","2011-03-10","-80.37","77.37","4084.0","DOME PLATEAU DOME A, AY",,,,," -599","H,,S"
"AYM00089577","2011-03-11","-80.37","77.37","4084.0","DOME PLATEAU DOME A, AY",,,,," -574","H,,S"
"AYM00089577","2011-03-12","-80.37","77.37","4084.0","DOME PLATEAU DOME A, AY",,,,," -524","H,,S"
"AYM00089577","2011-03-13","-80.37","77.37","4084.0","DOME PLATEAU DOME A, AY",,,,," -552","H,,S"
"AYM00089577","2011-03-14","-80.37","77.37","4084.0","DOME PLATEAU DOME A, AY",,,,," -604","H,,S"
"AYM00089577","2011-03-15","-80.37","77.37","4084.0","DOME PLATEAU DOME A, AY",,,,," -627","H,,S"
"AYM00089577","2011-03-16","-80.37","77.37","4084.0","DOME PLATEAU DOME A, AY",,,,," -617","H,,S"
"AYM00089577","2011-03-17","-80.37","77.37","4084.0","DOME PLATEAU DOME A, AY",,,,," -556","H,,S"
"AYM00089577","2011-03-18","-80.37","77.37","4084.0","DOME PLATEAU DOME A, AY",,,,," -548","H,,S"
"AYM00089577","2011-03-19","-80.37","77.37","4084.0","DOME PLATEAU DOME A, AY",,,,," -543","H,,S"
"AYM00089577","2011-03-20","-80.37","77.37","4084.0","DOME PLATEAU DOME A, AY",,,,," -543","H,,S"
"AYM00089577","2011-03-21","-80.37","77.37","4084.0","DOME PLATEAU DOME A, AY",,,,," -561","H,,S"
"AYM00089577","2011-03-22","-80.37","77.37","4084.0","DOME PLATEAU DOME A, AY",,,,," -553","H,,S"
"AYM00089577","2011-03-23","-80.37","77.37","4084.0","DOME PLATEAU DOME A, AY",,,,," -552","H,,S"
"AYM00089577","2011-03-24","-80.37","77.37","4084.0","DOME PLATEAU DOME A, AY",,,,," -581","H,,S"
"AYM00089577","2011-03-25","-80.37","77.37","4084.0","DOME PLATEAU DOME A, AY",,,,," -618","H,,S"
"AYM00089577","2011-03-26","-80.37","77.37","4084.0","DOME PLATEAU DOME A, AY",,,,," -591","H,,S"
"AYM00089577","2011-03-27","-80.37","77.37","4084.0","DOME PLATEAU DOME A, AY",,,,," -524","H,,S"
"AYM00089577","2011-03-28","-80.37","77.37","4084.0","DOME PLATEAU DOME A, AY",,,,," -547","H,,S"
"AYM00089577","2011-03-29","-80.37","77.37","4084.0","DOME PLATEAU DOME A, AY",,,,," -577","H,,S"
"AYM00089577","2011-03-30","-80.37","77.37","4084.0","DOME PLATEAU DOME A, AY",,,,," -530","H,,S"
"AYM00089577","2011-03-31","-80.37","77.37","4084.0","DOME PLATEAU DOME A, AY",,,,," -514","H,,S"
"AYM00089577","2011-04-01","-80.37","77.37","4084.0","DOME PLATEAU DOME A, AY",,,,," -573","H,,S"
"AYM00089577","2011-04-02","-80.37","77.37","4084.0","DOME PLATEAU DOME A, AY",,,,," -606","H,,S"
"AYM00089577","2011-04-03","-80.37","77.37","4084.0","DOME PLATEAU DOME A, AY",,,,," -573","H,,S"
"AYM00089577","2011-04-04","-80.37","77.37","4084.0","DOME PLATEAU DOME A, AY",,,,," -652","H,,S"
"AYM00089577","2011-04-05","-80.37","77.37","4084.0","DOME PLATEAU DOME A, AY",,,,," -660","H,,S"
"AYM00089577","2011-04-06","-80.37","77.37","4084.0","DOME PLATEAU DOME A, AY",,,,," -644","H,,S"
"AYM00089577","2011-04-07","-80.37","77.37","4084.0","DOME PLATEAU DOME A, AY",,,,," -644","H,,S"
"AYM00089577","2011-04-08","-80.37","77.37","4084.0","DOME PLATEAU DOME A, AY",,,,," -635","H,,S"
"AYM00089577","2011-04-09","-80.37","77.37","4084.0","DOME PLATEAU DOME A, AY",,,,," -612","H,,S"
"AYM00089577","2011-04-10","-80.37","77.37","4084.0","DOME PLATEAU DOME A, AY",,,,," -623","H,,S"
"AYM00089577","2011-04-11","-80.37","77.37","4084.0","DOME PLATEAU DOME A, AY",,,,," -588","H,,S"
"AYM00089577","2011-04-12","-80.37","77.37","4084.0","DOME PLATEAU DOME A, AY",,,,," -582","H,,S"
"AYM00089577","2011-04-13","-80.37","77.37","4084.0","DOME PLATEAU DOME A, AY",,,,," -609","H,,S"
"AYM00089577","2011-04-14","-80.37","77.37","4084.0","DOME PLATEAU DOME A, AY",,,,," -594","H,,S"
"AYM00089577","2011-04-15","-80.37","77.37","4084.0","DOME PLATEAU DOME A, AY",,,,," -667","H,,S"
"AYM00089577","2011-04-16","-80.37","77.37","4084.0","DOME PLATEAU DOME A, AY",,,,," -608","H,,S"
"AYM00089577","2011-04-17","-80.37","77.37","4084.0","DOME PLATEAU DOME A, AY",,,,," -575","H,,S"
"AYM00089577","2011-04-18","-80.37","77.37","4084.0","DOME PLATEAU DOME A, AY",,,,," -598","H,,S"
"AYM00089577","2011-04-19","-80.37","77.37","4084.0","DOME PLATEAU DOME A, AY",,,,," -607","H,,S"
"AYM00089577","2011-04-20","-80.37","77.37","4084.0","DOME PLATEAU DOME A, AY",,,,," -568","H,,S"
"AYM00089577","2011-04-21","-80.37","77.37","4084.0","DOME PLATEAU DOME A, AY",,,,," -599","H,,S"
"AYM00089577","2011-04-22","-80.37","77.37","4084.0","DOME PLATEAU DOME A, AY",,,,," -602","H,,S"
"AYM00089577","2011-04-23","-80.37","77.37","4084.0","DOME PLATEAU DOME A, AY",,,,," -608","H,,S"
"AYM00089577","2011-04-24","-80.37","77.37","4084.0","DOME PLATEAU DOME A, AY",,,,," -596","H,,S"
"AYM00089577","2011-04-25","-80.37","77.37","4084.0","DOME PLATEAU DOME A, AY",,,,," -569","H,,S"
"AYM00089577","2011-04-26","-80.37","77.37","4084.0","DOME PLATEAU DOME A, AY",,,,," -584","H,,S"
"AYM00089577","2011-04-27","-80.37","77.37","4084.0","DOME PLATEAU DOME A, AY",,,,," -571","H,,S"
"AYM00089577","2011-04-28","-80.37","77.37","4084.0","DOME PLATEAU DOME A, AY",,,,," -621","H,,S"
"AYM00089577","2011-04-29","-80.37","77.37","4084.0","DOME PLATEAU DOME A, AY",,,,," -633","H,,S"
"AYM00089577","2011-04-30","-80.37","77.37","4084.0","DOME PLATEAU DOME A, AY",,,,," -638","H,,S"
"AYM00089577","2011-05-01","-80.37","77.37","4084.0","DOME PLATEAU DOME A, AY",,,,," -683","H,,S"
"AYM00089577","2011-05-02","-80.37","77.37","4084.0","DOME PLATEAU DOME A, AY",,,,," -628","H,,S"
"AYM00089577","2011-05-03","-80.37","77.37","4084.0","DOME PLATEAU DOME A, AY",,,,," -646","H,,S"
"AYM00089577","2011-05-04","-80.37","77.37","4084.0","DOME PLATEAU DOME A, AY",,,,," -627","H,,S"
"AYM00089577","2011-05-05","-80.37","77.37","4084.0","DOME PLATEAU DOME A, AY",,,,," -604","H,,S"
"AYM00089577","2011-05-06","-80.37","77.37","4084.0","DOME PLATEAU DOME A, AY",,,,," -496","H,,S"
"AYM00089577","2011-05-07","-80.37","77.37","4084.0","DOME PLATEAU DOME A, AY",,,,," -603","H,,S"
"AYM00089577","2011-05-08","-80.37","77.37","4084.0","DOME PLATEAU DOME A, AY",,,,," -602","H,,S"
"AYM00089577","2011-05-09","-80.37","77.37","4084.0","DOME PLATEAU DOME A, AY",,,,," -614","H,,S"
"AYM00089577","2011-05-10","-80.37","77.37","4084.0","DOME PLATEAU DOME A, AY",,,,," -602","H,,S"
"AYM00089577","2011-05-11","-80.37","77.37","4084.0","DOME PLATEAU DOME A, AY",,,,," -606","H,,S"
"AYM00089577","2011-05-12","-80.37","77.37","4084.0","DOME PLATEAU DOME A, AY",,,,," -649","H,,S"
"AYM00089577","2011-05-13","-80.37","77.37","4084.0","DOME PLATEAU DOME A, AY",,,,," -687","H,,S"
"AYM00089577","2011-05-14","-80.37","77.37","4084.0","DOME PLATEAU DOME A, AY",,,,," -632","H,,S"
"AYM00089577","2011-05-15","-80.37","77.37","4084.0","DOME PLATEAU DOME A, AY",,,,," -666","H,,S"
"AYM00089577","2011-05-16","-80.37","77.37","4084.0","DOME PLATEAU DOME A, AY",,,,," -674","H,,S"
"AYM00089577","2011-05-17","-80.37","77.37","4084.0","DOME PLATEAU DOME A, AY",,,,," -721","H,,S"
"AYM00089577","2011-05-18","-80.37","77.37","4084.0","DOME PLATEAU DOME A, AY",,,,," -686","H,,S"
"AYM00089577","2011-05-19","-80.37","77.37","4084.0","DOME PLATEAU DOME A, AY",,,,," -689","H,,S"
"AYM00089577","2011-05-20","-80.37","77.37","4084.0","DOME PLATEAU DOME A, AY",,,,," -693","H,,S"
"AYM00089577","2011-05-21","-80.37","77.37","4084.0","DOME PLATEAU DOME A, AY",,,,," -696","H,,S"
"AYM00089577","2011-05-22","-80.37","77.37","4084.0","DOME PLATEAU DOME A, AY",,,,," -670","H,,S"
"AYM00089577","2011-05-23","-80.37","77.37","4084.0","DOME PLATEAU DOME A, AY",,,,," -719","H,,S"
"AYM00089577","2011-05-24","-80.37","77.37","4084.0","DOME PLATEAU DOME A, AY",,,,," -732","H,,S"
"AYM00089577","2011-05-25","-80.37","77.37","4084.0","DOME PLATEAU DOME A, AY",,,,," -746","H,,S"
"AYM00089577","2011-05-26","-80.37","77.37","4084.0","DOME PLATEAU DOME A, AY",,,,," -629","H,,S"
"AYM00089577","2011-05-27","-80.37","77.37","4084.0","DOME PLATEAU DOME A, AY",,,,," -597","H,,S"
"AYM00089577","2011-05-28","-80.37","77.37","4084.0","DOME PLATEAU DOME A, AY",,,,," -697","H,,S"
"AYM00089577","2011-05-29","-80.37","77.37","4084.0","DOME PLATEAU DOME A, AY",,,,," -704","H,,S"
"AYM00089577","2011-05-30","-80.37","77.37","4084.0","DOME PLATEAU DOME A, AY",,,,," -673","H,,S"
"AYM00089577","2011-05-31","-80.37","77.37","4084.0","DOME PLATEAU DOME A, AY",,,,," -676","H,,S"
"AYM00089577","2011-06-01","-80.37","77.37","4084.0","DOME PLATEAU DOME A, AY",,,,," -635","H,,S"
"AYM00089577","2011-06-02","-80.37","77.37","4084.0","DOME PLATEAU DOME A, AY",,,,," -639","H,,S"
"AYM00089577","2011-06-03","-80.37","77.37","4084.0","DOME PLATEAU DOME A, AY",,,,," -625","H,,S"
"AYM00089577","2011-06-04","-80.37","77.37","4084.0","DOME PLATEAU DOME A, AY",,,,," -599","H,,S"
"AYM00089577","2011-06-05","-80.37","77.37","4084.0","DOME PLATEAU DOME A, AY",,,,," -551","H,,S"
"AYM00089577","2011-06-06","-80.37","77.37","4084.0","DOME PLATEAU DOME A, AY",,,,," -623","H,,S"
"AYM00089577","2011-06-07","-80.37","77.37","4084.0","DOME PLATEAU DOME A, AY",,,,," -641","H,,S"
"AYM00089577","2011-06-08","-80.37","77.37","4084.0","DOME PLATEAU DOME A, AY",,,,," -667","H,,S"
"AYM00089577","2011-06-09","-80.37","77.37","4084.0","DOME PLATEAU DOME A, AY",,,,," -618","H,,S"
"AYM00089577","2011-06-10","-80.37","77.37","4084.0","DOME PLATEAU DOME A, AY",,,,," -704","H,,S"
"AYM00089577","2011-06-11","-80.37","77.37","4084.0","DOME PLATEAU DOME A, AY",,,,," -745","H,,S"
"AYM00089577","2011-06-12","-80.37","77.37","4084.0","DOME PLATEAU DOME A, AY",,,,," -674","H,,S"
"AYM00089577","2011-06-13","-80.37","77.37","4084.0","DOME PLATEAU DOME A, AY",,,,," -644","H,,S"
"AYM00089577","2011-06-14","-80.37","77.37","4084.0","DOME PLATEAU DOME A, AY",,,,," -687","H,,S"
"AYM00089577","2011-06-15","-80.37","77.37","4084.0","DOME PLATEAU DOME A, AY",,,,," -704","H,,S"
"AYM00089577","2011-06-16","-80.37","77.37","4084.0","DOME PLATEAU DOME A, AY",,,,," -668","H,,S"
"AYM00089577","2011-06-17","-80.37","77.37","4084.0","DOME PLATEAU DOME A, AY",,,,," -713","H,,S"
"AYM00089577","2011-06-18","-80.37","77.37","4084.0","DOME PLATEAU DOME A, AY",,,,," -672","H,,S"
"AYM00089577","2011-06-19","-80.37","77.37","4084.0","DOME PLATEAU DOME A, AY",,,,," -675","H,,S"
"AYM00089577","2011-06-20","-80.37","77.37","4084.0","DOME PLATEAU DOME A, AY",,,,," -649","H,,S"
"AYM00089577","2011-06-21","-80.37","77.37","4084.0","DOME PLATEAU DOME A, AY",,,,," -634","H,,S"
"AYM00089577","2011-06-22","-80.37","77.37","4084.0","DOME PLATEAU DOME A, AY",,,,," -647","H,,S"
"AYM00089577","2011-06-23","-80.37","77.37","4084.0","DOME PLATEAU DOME A, AY",,,,," -696","H,,S"
"AYM00089577","2011-06-24","-80.37","77.37","4084.0","DOME PLATEAU DOME A, AY",,,,," -697","H,,S"
"AYM00089577","2011-06-25","-80.37","77.37","4084.0","DOME PLATEAU DOME A, AY",,,,," -602","H,,S"
"AYM00089577","2011-06-26","-80.37","77.37","4084.0","DOME PLATEAU DOME A, AY",,,,," -601","H,,S"
"AYM00089577","2011-06-27","-80.37","77.37","4084.0","DOME PLATEAU DOME A, AY",,,,," -558","H,,S"
"AYM00089577","2011-06-28","-80.37","77.37","4084.0","DOME PLATEAU DOME A, AY",,,,," -616","H,,S"
"AYM00089577","2011-06-29","-80.37","77.37","4084.0","DOME PLATEAU DOME A, AY",,,,," -663","H,,S"
"AYM00089577","2011-06-30","-80.37","77.37","4084.0","DOME PLATEAU DOME A, AY",,,,," -668","H,,S"
"AYM00089577","2011-07-01","-80.37","77.37","4084.0","DOME PLATEAU DOME A, AY",,,,," -665","H,,S"
"AYM00089577","2011-07-02","-80.37","77.37","4084.0","DOME PLATEAU DOME A, AY",,,,," -618","H,,S"
"AYM00089577","2011-07-03","-80.37","77.37","4084.0","DOME PLATEAU DOME A, AY",,,,," -539","H,,S"
"AYM00089577","2011-07-04","-80.37","77.37","4084.0","DOME PLATEAU DOME A, AY",,,,," -494","H,,S"
"AYM00089577","2011-07-05","-80.37","77.37","4084.0","DOME PLATEAU DOME A, AY",,,,," -553","H,,S"
"AYM00089577","2011-07-06","-80.37","77.37","4084.0","DOME PLATEAU DOME A, AY",,,,," -647","H,,S"
"AYM00089577","2011-07-07","-80.37","77.37","4084.0","DOME PLATEAU DOME A, AY",,,,," -678","H,,S"
"AYM00089577","2011-07-08","-80.37","77.37","4084.0","DOME PLATEAU DOME A, AY",,,,," -702","H,,S"
"AYM00089577","2011-07-09","-80.37","77.37","4084.0","DOME PLATEAU DOME A, AY",,,,," -629","H,,S"
"AYM00089577","2011-07-10","-80.37","77.37","4084.0","DOME PLATEAU DOME A, AY",,,,," -553","H,,S"
"AYM00089577","2011-07-11","-80.37","77.37","4084.0","DOME PLATEAU DOME A, AY",,,,," -522","H,,S"
"AYM00089577","2011-07-12","-80.37","77.37","4084.0","DOME PLATEAU DOME A, AY",,,,," -634","H,,S"
"AYM00089577","2011-07-13","-80.37","77.37","4084.0","DOME PLATEAU DOME A, AY",,,,," -643","H,,S"
"AYM00089577","2011-07-14","-80.37","77.37","4084.0","DOME PLATEAU DOME A, AY",,,,," -617","H,,S"
"AYM00089577","2011-07-15","-80.37","77.37","4084.0","DOME PLATEAU DOME A, AY",,,,," -578","H,,S"
"AYM00089577","2011-07-16","-80.37","77.37","4084.0","DOME PLATEAU DOME A, AY",,,,," -652","H,,S"
"AYM00089577","2011-07-17","-80.37","77.37","4084.0","DOME PLATEAU DOME A, AY",,,,," -645","H,,S"
"AYM00089577","2011-07-18","-80.37","77.37","4084.0","DOME PLATEAU DOME A, AY",,,,," -667","H,,S"
"AYM00089577","2011-07-19","-80.37","77.37","4084.0","DOME PLATEAU DOME A, AY",,,,," -654","H,,S"
"AYM00089577","2011-07-20","-80.37","77.37","4084.0","DOME PLATEAU DOME A, AY",,,,," -649","H,,S"
"AYM00089577","2011-07-21","-80.37","77.37","4084.0","DOME PLATEAU DOME A, AY",,,,," -594","H,,S"
"AYM00089577","2011-07-22","-80.37","77.37","4084.0","DOME PLATEAU DOME A, AY",,,,," -542","H,,S"
"AYM00089577","2011-07-23","-80.37","77.37","4084.0","DOME PLATEAU DOME A, AY",,,,," -612","H,,S"
"AYM00089577","2011-07-24","-80.37","77.37","4084.0","DOME PLATEAU DOME A, AY",,,,," -655","H,,S"
"AYM00089577","2011-07-25","-80.37","77.37","4084.0","DOME PLATEAU DOME A, AY",,,,," -674","H,,S"
"AYM00089577","2011-07-26","-80.37","77.37","4084.0","DOME PLATEAU DOME A, AY",,,,," -671","H,,S"
"AYM00089577","2011-07-27","-80.37","77.37","4084.0","DOME PLATEAU DOME A, AY",,,,," -569","H,,S"
"AYM00089577","2011-07-28","-80.37","77.37","4084.0","DOME PLATEAU DOME A, AY",,,,," -630","H,,S"
"AYM00089577","2011-07-29","-80.37","77.37","4084.0","DOME PLATEAU DOME A, AY",,,,," -648","H,,S"
"AYM00089577","2011-07-30","-80.37","77.37","4084.0","DOME PLATEAU DOME A, AY",,,,," -621","H,,S"
"AYM00089577","2011-07-31","-80.37","77.37","4084.0","DOME PLATEAU DOME A, AY",,,,," -668","H,,S"
"AYM00089577","2011-08-01","-80.37","77.37","4084.0","DOME PLATEAU DOME A, AY",,,,," -672","H,,S"
"AYM00089577","2011-08-02","-80.37","77.37","4084.0","DOME PLATEAU DOME A, AY",,,,," -619","H,,S"
"AYM00089577","2011-08-03","-80.37","77.37","4084.0","DOME PLATEAU DOME A, AY",,,,," -636","H,,S"
"AYM00089577","2011-08-04","-80.37","77.37","4084.0","DOME PLATEAU DOME A, AY",,,,," -560","H,,S"
"AYM00089577","2011-08-05","-80.37","77.37","4084.0","DOME PLATEAU DOME A, AY",,,,," -478","H,,S"
"AYM00089577","2011-08-06","-80.37","77.37","4084.0","DOME PLATEAU DOME A, AY",,,,," -482","H,,S"
"AYM00089577","2011-08-07","-80.37","77.37","4084.0","DOME PLATEAU DOME A, AY",,,,," -573","H,,S"
"AYM00089577","2011-08-08","-80.37","77.37","4084.0","DOME PLATEAU DOME A, AY",,,,," -612","H,,S"
"AYM00089577","2011-08-09","-80.37","77.37","4084.0","DOME PLATEAU DOME A, AY",,,,," -647","H,,S"
"AYM00089577","2011-08-10","-80.37","77.37","4084.0","DOME PLATEAU DOME A, AY",,,,," -566","H,,S"
"AYM00089577","2011-08-11","-80.37","77.37","4084.0","DOME PLATEAU DOME A, AY",,,,," -534","H,,S"
"AYM00089577","2011-08-12","-80.37","77.37","4084.0","DOME PLATEAU DOME A, AY",,,,," -617","H,,S"
"AYM00089577","2011-08-13","-80.37","77.37","4084.0","DOME PLATEAU DOME A, AY",,,,," -663","H,,S"
"AYM00089577","2011-08-14","-80.37","77.37","4084.0","DOME PLATEAU DOME A, AY",,,,," -607","H,,S"
"AYM00089577","2011-08-15","-80.37","77.37","4084.0","DOME PLATEAU DOME A, AY",,,,," -613","H,,S"
"AYM00089577","2011-08-16","-80.37","77.37","4084.0","DOME PLATEAU DOME A, AY",,,,," -612","H,,S"
"AYM00089577","2011-08-17","-80.37","77.37","4084.0","DOME PLATEAU DOME A, AY",,,,," -637","H,,S"
"AYM00089577","2011-08-18","-80.37","77.37","4084.0","DOME PLATEAU DOME A, AY",,,,," -643","H,,S"
"AYM00089577","2011-08-19","-80.37","77.37","4084.0","DOME PLATEAU DOME A, AY",,,,," -683","H,,S"
"AYM00089577","2011-08-20","-80.37","77.37","4084.0","DOME PLATEAU DOME A, AY",,,,," -716","H,,S"
"AYM00089577","2011-08-21","-80.37","77.37","4084.0","DOME PLATEAU DOME A, AY",,,,," -723","H,,S"
"AYM00089577","2011-08-22","-80.37","77.37","4084.0","DOME PLATEAU DOME A, AY",,,,," -724","H,,S"
"AYM00089577","2011-08-23","-80.37","77.37","4084.0","DOME PLATEAU DOME A, AY",,,,," -684","H,,S"
"AYM00089577","2011-08-24","-80.37","77.37","4084.0","DOME PLATEAU DOME A, AY",,,,," -564","H,,S"
"AYM00089577","2011-08-25","-80.37","77.37","4084.0","DOME PLATEAU DOME A, AY",,,,," -571","H,,S"
"AYM00089577","2011-08-26","-80.37","77.37","4084.0","DOME PLATEAU DOME A, AY",,,,," -616","H,,S"
"AYM00089577","2011-08-27","-80.37","77.37","4084.0","DOME PLATEAU DOME A, AY",,,,," -578","H,,S"
"AYM00089577","2011-08-28","-80.37","77.37","4084.0","DOME PLATEAU DOME A, AY",,,,," -481","H,,S"
"AYM00089577","2011-08-29","-80.37","77.37","4084.0","DOME PLATEAU DOME A, AY",,,,," -555","H,,S"
"AYM00089577","2011-08-30","-80.37","77.37","4084.0","DOME PLATEAU DOME A, AY",,,,," -616","H,,S"
"AYM00089577","2011-08-31","-80.37","77.37","4084.0","DOME PLATEAU DOME A, AY",,,,," -636","H,,S"
"AYM00089577","2011-09-01","-80.37","77.37","4084.0","DOME PLATEAU DOME A, AY",,,,," -522","H,,S"
"AYM00089577","2011-09-02","-80.37","77.37","4084.0","DOME PLATEAU DOME A, AY",,,,," -598","H,,S"
"AYM00089577","2011-09-03","-80.37","77.37","4084.0","DOME PLATEAU DOME A, AY",,,,," -598","H,,S"
"AYM00089577","2011-09-04","-80.37","77.37","4084.0","DOME PLATEAU DOME A, AY",,,,," -617","H,,S"
"AYM00089577","2011-09-05","-80.37","77.37","4084.0","DOME PLATEAU DOME A, AY",,,,," -676","H,,S"
"AYM00089577","2011-09-06","-80.37","77.37","4084.0","DOME PLATEAU DOME A, AY",,,,," -645","H,,S"
"AYM00089577","2011-09-07","-80.37","77.37","4084.0","DOME PLATEAU DOME A, AY",,,,," -611","H,,S"
"AYM00089577","2011-09-08","-80.37","77.37","4084.0","DOME PLATEAU DOME A, AY",,,,," -591","H,,S"
"AYM00089577","2011-09-09","-80.37","77.37","4084.0","DOME PLATEAU DOME A, AY",,,,," -675","H,,S"
"AYM00089577","2011-09-10","-80.37","77.37","4084.0","DOME PLATEAU DOME A, AY",,,,," -654","H,,S"
"AYM00089577","2011-09-11","-80.37","77.37","4084.0","DOME PLATEAU DOME A, AY",,,,," -635","H,,S"
"AYM00089577","2011-09-12","-80.37","77.37","4084.0","DOME PLATEAU DOME A, AY",,,,," -626","H,,S"
"AYM00089577","2011-09-13","-80.37","77.37","4084.0","DOME PLATEAU DOME A, AY",,,,," -641","H,,S"
"AYM00089577","2011-09-14","-80.37","77.37","4084.0","DOME PLATEAU DOME A, AY",,,,," -644","H,,S"
"AYM00089577","2011-09-15","-80.37","77.37","4084.0","DOME PLATEAU DOME A, AY",,,,," -619","H,,S"
"AYM00089577","2011-09-16","-80.37","77.37","4084.0","DOME PLATEAU DOME A, AY",,,,," -528","H,,S"
"AYM00089577","2011-09-17","-80.37","77.37","4084.0","DOME PLATEAU DOME A, AY",,,,," -531","H,,S"
"AYM00089577","2011-09-18","-80.37","77.37","4084.0","DOME PLATEAU DOME A, AY",,,,," -598","H,,S"
"AYM00089577","2011-09-19","-80.37","77.37","4084.0","DOME PLATEAU DOME A, AY",,,,," -660","H,,S"
"AYM00089577","2011-09-20","-80.37","77.37","4084.0","DOME PLATEAU DOME A, AY",,,,," -689","H,,S"
"AYM00089577","2011-09-21","-80.37","77.37","4084.0","DOME PLATEAU DOME A, AY",,,,," -701","H,,S"
"AYM00089577","2011-09-22","-80.37","77.37","4084.0","DOME PLATEAU DOME A, AY",,,,," -683","H,,S"
"AYM00089577","2011-09-23","-80.37","77.37","4084.0","DOME PLATEAU DOME A, AY",,,,," -659","H,,S"
"AYM00089577","2011-09-24","-80.37","77.37","4084.0","DOME PLATEAU DOME A, AY",,,,," -645","H,,S"
"AYM00089577","2011-09-25","-80.37","77.37","4084.0","DOME PLATEAU DOME A, AY",,,,," -637","H,,S"
"AYM00089577","2011-09-26","-80.37","77.37","4084.0","DOME PLATEAU DOME A, AY",,,,," -549","H,,S"
"AYM00089577","2011-09-27","-80.37","77.37","4084.0","DOME PLATEAU DOME A, AY",,,,," -507","H,,S"
"AYM00089577","2011-09-28","-80.37","77.37","4084.0","DOME PLATEAU DOME A, AY",,,,," -528","H,,S"
"AYM00089577","2011-09-29","-80.37","77.37","4084.0","DOME PLATEAU DOME A, AY",,,,," -535","H,,S"
"AYM00089577","2011-09-30","-80.37","77.37","4084.0","DOME PLATEAU DOME A, AY",,,,," -575","H,,S"
"AYM00089577","2011-10-01","-80.37","77.37","4084.0","DOME PLATEAU DOME A, AY",,,,," -623","H,,S"
"AYM00089577","2011-10-02","-80.37","77.37","4084.0","DOME PLATEAU DOME A, AY",,,,," -625","H,,S"
"AYM00089577","2011-10-03","-80.37","77.37","4084.0","DOME PLATEAU DOME A, AY",,,,," -600","H,,S"
"AYM00089577","2011-10-04","-80.37","77.37","4084.0","DOME PLATEAU DOME A, AY",,,,," -497","H,,S"
"AYM00089577","2011-10-05","-80.37","77.37","4084.0","DOME PLATEAU DOME A, AY",,,,," -522","H,,S"
"AYM00089577","2011-10-06","-80.37","77.37","4084.0","DOME PLATEAU DOME A, AY",,,,," -547","H,,S"
"AYM00089577","2011-10-07","-80.37","77.37","4084.0","DOME PLATEAU DOME A, AY",,,,," -579","H,,S"
"AYM00089577","2011-10-08","-80.37","77.37","4084.0","DOME PLATEAU DOME A, AY",,,,," -576","H,,S"
"AYM00089577","2011-10-09","-80.37","77.37","4084.0","DOME PLATEAU DOME A, AY",,,,," -559","H,,S"
"AYM00089577","2011-10-10","-80.37","77.37","4084.0","DOME PLATEAU DOME A, AY",,,,," -567","H,,S"
"AYM00089577","2011-10-11","-80.37","77.37","4084.0","DOME PLATEAU DOME A, AY",,,,," -612","H,,S"
"AYM00089577","2011-10-12","-80.37","77.37","4084.0","DOME PLATEAU DOME A, AY",,,,," -576","H,,S"
"AYM00089577","2011-10-13","-80.37","77.37","4084.0","DOME PLATEAU DOME A, AY",,,,," -557","H,,S"
"AYM00089577","2011-10-14","-80.37","77.37","4084.0","DOME PLATEAU DOME A, AY",,,,," -541","H,,S"
"AYM00089577","2011-10-15","-80.37","77.37","4084.0","DOME PLATEAU DOME A, AY",,,,," -535","H,,S"
"AYM00089577","2011-10-16","-80.37","77.37","4084.0","DOME PLATEAU DOME A, AY",,,,," -557","H,,S"
"AYM00089577","2011-10-17","-80.37","77.37","4084.0","DOME PLATEAU DOME A, AY",,,,," -542","H,,S"
"AYM00089577","2011-10-18","-80.37","77.37","4084.0","DOME PLATEAU DOME A, AY",,,,," -543","H,,S"
"AYM00089577","2011-10-19","-80.37","77.37","4084.0","DOME PLATEAU DOME A, AY",,,,," -519","H,,S"
"AYM00089577","2011-10-20","-80.37","77.37","4084.0","DOME PLATEAU DOME A, AY",,,,," -591","H,,S"
"AYM00089577","2011-10-21","-80.37","77.37","4084.0","DOME PLATEAU DOME A, AY",,,,," -553","H,,S"
"AYM00089577","2011-10-22","-80.37","77.37","4084.0","DOME PLATEAU DOME A, AY",,,,," -520","H,,S"
"AYM00089577","2011-10-23","-80.37","77.37","4084.0","DOME PLATEAU DOME A, AY",,,,," -524","H,,S"
"AYM00089577","2011-10-24","-80.37","77.37","4084.0","DOME PLATEAU DOME A, AY",,,,," -541","H,,S"
"AYM00089577","2011-10-25","-80.37","77.37","4084.0","DOME PLATEAU DOME A, AY",,,,," -517","H,,S"
"AYM00089577","2011-10-26","-80.37","77.37","4084.0","DOME PLATEAU DOME A, AY",,,,," -517","H,,S"
"AYM00089577","2011-10-27","-80.37","77.37","4084.0","DOME PLATEAU DOME A, AY",,,,," -505","H,,S"
"AYM00089577","2011-10-28","-80.37","77.37","4084.0","DOME PLATEAU DOME A, AY",,,,," -491","H,,S"
"AYM00089577","2011-10-29","-80.37","77.37","4084.0","DOME PLATEAU DOME A, AY",,,,," -544","H,,S"
"AYM00089577","2011-10-30","-80.37","77.37","4084.0","DOME PLATEAU DOME A, AY",,,,," -533","H,,S"
"AYM00089577","2011-10-31","-80.37","77.37","4084.0","DOME PLATEAU DOME A, AY",,,,," -492","H,,S"
"AYM00089577","2011-11-01","-80.37","77.37","4084.0","DOME PLATEAU DOME A, AY",,,,," -493","H,,S"
"AYM00089577","2011-11-02","-80.37","77.37","4084.0","DOME PLATEAU DOME A, AY",,,,," -512","H,,S"
"AYM00089577","2011-11-03","-80.37","77.37","4084.0","DOME PLATEAU DOME A, AY",,,,," -486","H,,S"
"AYM00089577","2011-11-04","-80.37","77.37","4084.0","DOME PLATEAU DOME A, AY",,,,," -429","H,,S"
"AYM00089577","2011-11-05","-80.37","77.37","4084.0","DOME PLATEAU DOME A, AY",,,,," -419","H,,S"
"AYM00089577","2011-11-06","-80.37","77.37","4084.0","DOME PLATEAU DOME A, AY",,,,," -428","H,,S"
"AYM00089577","2011-11-07","-80.37","77.37","4084.0","DOME PLATEAU DOME A, AY",,,,," -392","H,,S"
"AYM00089577","2011-11-08","-80.37","77.37","4084.0","DOME PLATEAU DOME A, AY",,,,," -359","H,,S"
"AYM00089577","2011-11-09","-80.37","77.37","4084.0","DOME PLATEAU DOME A, AY",,,,," -392","H,,S"
"AYM00089577","2011-11-10","-80.37","77.37","4084.0","DOME PLATEAU DOME A, AY",,,,," -406","H,,S"
"AYM00089577","2011-11-11","-80.37","77.37","4084.0","DOME PLATEAU DOME A, AY",,,,," -413","H,,S"
"AYM00089577","2011-11-12","-80.37","77.37","4084.0","DOME PLATEAU DOME A, AY",,,,," -414","H,,S"
"AYM00089577","2011-11-13","-80.37","77.37","4084.0","DOME PLATEAU DOME A, AY",,,,," -394","H,,S"
"AYM00089577","2011-11-14","-80.37","77.37","4084.0","DOME PLATEAU DOME A, AY",,,,," -389","H,,S"
"AYM00089577","2011-11-15","-80.37","77.37","4084.0","DOME PLATEAU DOME A, AY",,,,," -399","H,,S"
"AYM00089577","2011-11-16","-80.37","77.37","4084.0","DOME PLATEAU DOME A, AY",,,,," -373","H,,S"
"AYM00089577","2011-11-17","-80.37","77.37","4084.0","DOME PLATEAU DOME A, AY",,,,," -296","H,,S"
"AYM00089577","2011-11-18","-80.37","77.37","4084.0","DOME PLATEAU DOME A, AY",,,,," -316","H,,S"
"AYM00089577","2011-11-19","-80.37","77.37","4084.0","DOME PLATEAU DOME A, AY",,,,," -341","H,,S"
"AYM00089577","2011-11-20","-80.37","77.37","4084.0","DOME PLATEAU DOME A, AY",,,,," -341","H,,S"
"AYM00089577","2011-11-21","-80.37","77.37","4084.0","DOME PLATEAU DOME A, AY",,,,," -303","H,,S"
"AYM00089577","2011-11-22","-80.37","77.37","4084.0","DOME PLATEAU DOME A, AY",,,,," -294","H,,S"
"AYM00089577","2011-11-23","-80.37","77.37","4084.0","DOME PLATEAU DOME A, AY",,,,," -334","H,,S"
"AYM00089577","2011-11-24","-80.37","77.37","4084.0","DOME PLATEAU DOME A, AY",,,,," -307","H,,S"
"AYM00089577","2011-11-25","-80.37","77.37","4084.0","DOME PLATEAU DOME A, AY",,,,," -272","H,,S"
"AYM00089577","2011-11-26","-80.37","77.37","4084.0","DOME PLATEAU DOME A, AY",,,,," -297","H,,S"
"AYM00089577","2011-11-27","-80.37","77.37","4084.0","DOME PLATEAU DOME A, AY",,,,," -333","H,,S"
"AYM00089577","2011-11-28","-80.37","77.37","4084.0","DOME PLATEAU DOME A, AY",,,,," -341","H,,S"
"AYM00089577","2011-11-29","-80.37","77.37","4084.0","DOME PLATEAU DOME A, AY",,,,," -319","H,,S"
"AYM00089577","2011-11-30","-80.37","77.37","4084.0","DOME PLATEAU DOME A, AY",,,,," -344","H,,S"
"AYM00089577","2011-12-01","-80.37","77.37","4084.0","DOME PLATEAU DOME A, AY",,,,," -348","H,,S"
"AYM00089577","2011-12-02","-80.37","77.37","4084.0","DOME PLATEAU DOME A, AY",,,,," -335","H,,S"
"AYM00089577","2011-12-03","-80.37","77.37","4084.0","DOME PLATEAU DOME A, AY",,,,," -332","H,,S"
"AYM00089577","2011-12-04","-80.37","77.37","4084.0","DOME PLATEAU DOME A, AY",,,,," -337","H,,S"
"AYM00089577","2011-12-05","-80.37","77.37","4084.0","DOME PLATEAU DOME A, AY",,,,," -362","H,,S"
"AYM00089577","2011-12-06","-80.37","77.37","4084.0","DOME PLATEAU DOME A, AY",,,,," -377","H,,S"
"AYM00089577","2011-12-07","-80.37","77.37","4084.0","DOME PLATEAU DOME A, AY",,,,," -378","H,,S"
"AYM00089577","2011-12-08","-80.37","77.37","4084.0","DOME PLATEAU DOME A, AY",,,,," -391","H,,S"
"AYM00089577","2011-12-09","-80.37","77.37","4084.0","DOME PLATEAU DOME A, AY",,,,," -369","H,,S"
"AYM00089577","2011-12-10","-80.37","77.37","4084.0","DOME PLATEAU DOME A, AY",,,,," -337","H,,S"
"AYM00089577","2011-12-11","-80.37","77.37","4084.0","DOME PLATEAU DOME A, AY",,,,," -349","H,,S"
"AYM00089577","2011-12-12","-80.37","77.37","4084.0","DOME PLATEAU DOME A, AY",,,,," -379","H,,S"
"AYM00089577","2011-12-13","-80.37","77.37","4084.0","DOME PLATEAU DOME A, AY",,,,," -375","H,,S"
"AYM00089577","2011-12-14","-80.37","77.37","4084.0","DOME PLATEAU DOME A, AY",,,,," -308","H,,S"
"AYM00089577","2011-12-15","-80.37","77.37","4084.0","DOME PLATEAU DOME A, AY",,,,," -342","H,,S"
"AYM00089577","2011-12-16","-80.37","77.37","4084.0","DOME PLATEAU DOME A, AY",,,,," -356","H,,S"
"AYM00089577","2011-12-17","-80.37","77.37","4084.0","DOME PLATEAU DOME A, AY",,,,," -334","H,,S"
"AYM00089577","2011-12-18","-80.37","77.37","4084.0","DOME PLATEAU DOME A, AY",,,,," -272","H,,S"
"AYM00089577","2011-12-19","-80.37","77.37","4084.0","DOME PLATEAU DOME A, AY",,,,," -219","H,,S"
"AYM00089577","2011-12-20","-80.37","77.37","4084.0","DOME PLATEAU DOME A, AY",,,,," -271","H,,S"
"AYM00089577","2011-12-21","-80.37","77.37","4084.0","DOME PLATEAU DOME A, AY",,,,," -314","H,,S"
"AYM00089577","2011-12-22","-80.37","77.37","4084.0","DOME PLATEAU DOME A, AY",,,,," -324","H,,S"
"AYM00089577","2011-12-23","-80.37","77.37","4084.0","DOME PLATEAU DOME A, AY",,,,," -289","H,,S"
"AYM00089577","2011-12-24","-80.37","77.37","4084.0","DOME PLATEAU DOME A, AY",,,,," -298","H,,S"
"AYM00089577","2011-12-25","-80.37","77.37","4084.0","DOME PLATEAU DOME A, AY",,,,," -319","H,,S"
"AYM00089577","2011-12-26","-80.37","77.37","4084.0","DOME PLATEAU DOME A, AY",,,,," -323","H,,S"
"AYM00089577","2011-12-27","-80.37","77.37","4084.0","DOME PLATEAU DOME A, AY",,,,," -327","H,,S"
"AYM00089577","2011-12-28","-80.37","77.37","4084.0","DOME PLATEAU DOME A, AY",,,,," -328","H,,S"
"AYM00089577","2011-12-29","-80.37","77.37","4084.0","DOME PLATEAU DOME A, AY",,,,," -329","H,,S"
"AYM00089577","2011-12-30","-80.37","77.37","4084.0","DOME PLATEAU DOME A, AY",,,,," -321","H,,S"
"AYM00089577","2011-12-31","-80.37","77.37","4084.0","DOME PLATEAU DOME A, AY",,,,," -331","H,,S"
"AYM00089577","2012-01-01","-80.37","77.37","4084.0","DOME PLATEAU DOME A, AY",,,,," -332","H,,S"
"AYM00089577","2012-01-02","-80.37","77.37","4084.0","DOME PLATEAU DOME A, AY",,,,," -340","H,,S"
"AYM00089577","2012-01-03","-80.37","77.37","4084.0","DOME PLATEAU DOME A, AY",,,,," -337","H,,S"
"AYM00089577","2012-01-04","-80.37","77.37","4084.0","DOME PLATEAU DOME A, AY",,,,," -351","H,,S"
"AYM00089577","2012-01-05","-80.37","77.37","4084.0","DOME PLATEAU DOME A, AY",,,,," -310","H,,S"
"AYM00089577","2012-01-06","-80.37","77.37","4084.0","DOME PLATEAU DOME A, AY",,,,," -317","H,,S"
"AYM00089577","2012-01-07","-80.37","77.37","4084.0","DOME PLATEAU DOME A, AY",,,,," -299","H,,S"
"AYM00089577","2012-01-08","-80.37","77.37","4084.0","DOME PLATEAU DOME A, AY",,,,," -285","H,,S"
"AYM00089577","2012-01-09","-80.37","77.37","4084.0","DOME PLATEAU DOME A, AY",,,,," -292","H,,S"
"AYM00089577","2012-01-10","-80.37","77.37","4084.0","DOME PLATEAU DOME A, AY",,,,," -293","H,,S"
"AYM00089577","2012-01-11","-80.37","77.37","4084.0","DOME PLATEAU DOME A, AY",,,,," -325","H,,S"
"AYM00089577","2012-01-12","-80.37","77.37","4084.0","DOME PLATEAU DOME A, AY",,,,," -346","H,,S"
"AYM00089577","2012-01-13","-80.37","77.37","4084.0","DOME PLATEAU DOME A, AY",,,,," -309","H,,S"
"AYM00089577","2012-01-14","-80.37","77.37","4084.0","DOME PLATEAU DOME A, AY",,,,," -297","H,,S"
"AYM00089577","2012-01-15","-80.37","77.37","4084.0","DOME PLATEAU DOME A, AY",,,,," -325","H,,S"
"AYM00089577","2012-01-16","-80.37","77.37","4084.0","DOME PLATEAU DOME A, AY",,,,," -334","H,,S"
"AYM00089577","2012-01-17","-80.37","77.37","4084.0","DOME PLATEAU DOME A, AY",,,,," -346","H,,S"
"AYM00089577","2012-01-18","-80.37","77.37","4084.0","DOME PLATEAU DOME A, AY",,,,," -345","H,,S"
"AYM00089577","2012-01-19","-80.37","77.37","4084.0","DOME PLATEAU DOME A, AY",,,,," -359","H,,S"
"AYM00089577","2012-01-20","-80.37","77.37","4084.0","DOME PLATEAU DOME A, AY",,,,," -349","H,,S"
"AYM00089577","2012-01-21","-80.37","77.37","4084.0","DOME PLATEAU DOME A, AY",,,,," -344","H,,S"
"AYM00089577","2012-01-22","-80.37","77.37","4084.0","DOME PLATEAU DOME A, AY",,,,," -352","H,,S"
"AYM00089577","2012-01-23","-80.37","77.37","4084.0","DOME PLATEAU DOME A, AY",,,,," -370","H,,S"
"AYM00089577","2012-01-24","-80.37","77.37","4084.0","DOME PLATEAU DOME A, AY",,,,," -363","H,,S"
"AYM00089577","2012-01-25","-80.37","77.37","4084.0","DOME PLATEAU DOME A, AY",,,,," -403","H,,S"
"AYM00089577","2012-01-26","-80.37","77.37","4084.0","DOME PLATEAU DOME A, AY",,,,," -394","H,,S"
"AYM00089577","2012-01-27","-80.37","77.37","4084.0","DOME PLATEAU DOME A, AY",,,,," -388","H,,S"
"AYM00089577","2012-01-28","-80.37","77.37","4084.0","DOME PLATEAU DOME A, AY",,,,," -381","H,,S"
"AYM00089577","2012-01-29","-80.37","77.37","4084.0","DOME PLATEAU DOME A, AY",,,,," -382","H,,S"
"AYM00089577","2012-01-30","-80.37","77.37","4084.0","DOME PLATEAU DOME A, AY",,,,," -376","H,,S"
"AYM00089577","2012-01-31","-80.37","77.37","4084.0","DOME PLATEAU DOME A, AY",,,,," -376","H,,S"
"AYM00089577","2012-02-01","-80.37","77.37","4084.0","DOME PLATEAU DOME A, AY",,,,," -408","H,,S"
"AYM00089577","2012-02-02","-80.37","77.37","4084.0","DOME PLATEAU DOME A, AY",,,,," -426","H,,S"
"AYM00089577","2012-02-03","-80.37","77.37","4084.0","DOME PLATEAU DOME A, AY",,,,," -347","H,,S"
"AYM00089577","2012-02-04","-80.37","77.37","4084.0","DOME PLATEAU DOME A, AY",,,,," -366","H,,S"
"AYM00089577","2012-02-05","-80.37","77.37","4084.0","DOME PLATEAU DOME A, AY",,,,," -364","H,,S"
"AYM00089577","2012-02-06","-80.37","77.37","4084.0","DOME PLATEAU DOME A, AY",,,,," -443","H,,S"
"AYM00089577","2012-02-07","-80.37","77.37","4084.0","DOME PLATEAU DOME A, AY",,,,," -460","H,,S"
"AYM00089577","2012-02-08","-80.37","77.37","4084.0","DOME PLATEAU DOME A, AY",,,,," -462","H,,S"
"AYM00089577","2012-02-09","-80.37","77.37","4084.0","DOME PLATEAU DOME A, AY",,,,," -448","H,,S"
"AYM00089577","2012-02-10","-80.37","77.37","4084.0","DOME PLATEAU DOME A, AY",,,,," -433","H,,S"
"AYM00089577","2012-02-11","-80.37","77.37","4084.0","DOME PLATEAU DOME A, AY",,,,," -431","H,,S"
"AYM00089577","2012-02-12","-80.37","77.37","4084.0","DOME PLATEAU DOME A, AY",,,,," -453","H,,S"
"AYM00089577","2012-02-13","-80.37","77.37","4084.0","DOME PLATEAU DOME A, AY",,,,," -481","H,,S"
"AYM00089577","2012-02-14","-80.37","77.37","4084.0","DOME PLATEAU DOME A, AY",,,,," -489","H,,S"
"AYM00089577","2012-02-15","-80.37","77.37","4084.0","DOME PLATEAU DOME A, AY",,,,," -457","H,,S"
"AYM00089577","2012-02-16","-80.37","77.37","4084.0","DOME PLATEAU DOME A, AY",,,,," -464","H,,S"
"AYM00089577","2012-02-17","-80.37","77.37","4084.0","DOME PLATEAU DOME A, AY",,,,," -471","H,,S"
"AYM00089577","2012-02-18","-80.37","77.37","4084.0","DOME PLATEAU DOME A, AY",,,,," -514","H,,S"
"AYM00089577","2012-02-19","-80.37","77.37","4084.0","DOME PLATEAU DOME A, AY",,,,," -495","H,,S"
"AYM00089577","2012-02-20","-80.37","77.37","4084.0","DOME PLATEAU DOME A, AY",,,,," -478","H,,S"
"AYM00089577","2012-02-21","-80.37","77.37","4084.0","DOME PLATEAU DOME A, AY",,,,," -459","H,,S"
"AYM00089577","2012-02-22","-80.37","77.37","4084.0","DOME PLATEAU DOME A, AY",,,,," -507","H,,S"
"AYM00089577","2012-02-23","-80.37","77.37","4084.0","DOME PLATEAU DOME A, AY",,,,," -498","H,,S"
"AYM00089577","2012-02-24","-80.37","77.37","4084.0","DOME PLATEAU DOME A, AY",,,,," -531","H,,S"
"AYM00089577","2012-02-25","-80.37","77.37","4084.0","DOME PLATEAU DOME A, AY",,,,," -567","H,,S"
"AYM00089577","2012-02-26","-80.37","77.37","4084.0","DOME PLATEAU DOME A, AY",,,,," -517","H,,S"
"AYM00089577","2012-02-27","-80.37","77.37","4084.0","DOME PLATEAU DOME A, AY",,,,," -498","H,,S"
"AYM00089577","2012-02-28","-80.37","77.37","4084.0","DOME PLATEAU DOME A, AY",,,,," -486","H,,S"
"AYM00089577","2012-02-29","-80.37","77.37","4084.0","DOME PLATEAU DOME A, AY",,,,," -503","H,,S"
"AYM00089577","2012-03-01","-80.37","77.37","4084.0","DOME PLATEAU DOME A, AY",,,,," -547","H,,S"
"AYM00089577","2012-03-02","-80.37","77.37","4084.0","DOME PLATEAU DOME A, AY",,,,," -561","H,,S"
"AYM00089577","2012-03-03","-80.37","77.37","4084.0","DOME PLATEAU DOME A, AY",,,,," -546","H,,S"
"AYM00089577","2012-03-04","-80.37","77.37","4084.0","DOME PLATEAU DOME A, AY",,,,," -562","H,,S"
"AYM00089577","2012-03-05","-80.37","77.37","4084.0","DOME PLATEAU DOME A, AY",,,,," -501","H,,S"
"AYM00089577","2012-03-06","-80.37","77.37","4084.0","DOME PLATEAU DOME A, AY",,,,," -486","H,,S"
"AYM00089577","2012-03-07","-80.37","77.37","4084.0","DOME PLATEAU DOME A, AY",,,,," -571","H,,S"
"AYM00089577","2012-03-08","-80.37","77.37","4084.0","DOME PLATEAU DOME A, AY",,,,," -555","H,,S"
"AYM00089577","2012-03-09","-80.37","77.37","4084.0","DOME PLATEAU DOME A, AY",,,,," -581","H,,S"
"AYM00089577","2012-03-10","-80.37","77.37","4084.0","DOME PLATEAU DOME A, AY",,,,," -571","H,,S"
"AYM00089577","2012-03-11","-80.37","77.37","4084.0","DOME PLATEAU DOME A, AY",,,,," -540","H,,S"
"AYM00089577","2012-03-12","-80.37","77.37","4084.0","DOME PLATEAU DOME A, AY",,,,," -590","H,,S"
"AYM00089577","2012-03-13","-80.37","77.37","4084.0","DOME PLATEAU DOME A, AY",,,,," -596","H,,S"
"AYM00089577","2012-03-14","-80.37","77.37","4084.0","DOME PLATEAU DOME A, AY",,,,," -568","H,,S"
"AYM00089577","2012-03-15","-80.37","77.37","4084.0","DOME PLATEAU DOME A, AY",,,,," -526","H,,S"
"AYM00089577","2012-03-16","-80.37","77.37","4084.0","DOME PLATEAU DOME A, AY",,,,," -582","H,,S"
"AYM00089577","2012-03-17","-80.37","77.37","4084.0","DOME PLATEAU DOME A, AY",,,,," -575","H,,S"
"AYM00089577","2012-03-18","-80.37","77.37","4084.0","DOME PLATEAU DOME A, AY",,,,," -618","H,,S"
"AYM00089577","2012-03-19","-80.37","77.37","4084.0","DOME PLATEAU DOME A, AY",,,,," -616","H,,S"
"AYM00089577","2012-03-20","-80.37","77.37","4084.0","DOME PLATEAU DOME A, AY",,,,," -538","H,,S"
"AYM00089577","2012-03-21","-80.37","77.37","4084.0","DOME PLATEAU DOME A, AY",,,,," -532","H,,S"
"AYM00089577","2012-03-22","-80.37","77.37","4084.0","DOME PLATEAU DOME A, AY",,,,," -541","H,,S"
"AYM00089577","2012-03-23","-80.37","77.37","4084.0","DOME PLATEAU DOME A, AY",,,,," -557","H,,S"
"AYM00089577","2012-03-24","-80.37","77.37","4084.0","DOME PLATEAU DOME A, AY",,,,," -561","H,,S"
"AYM00089577","2012-03-25","-80.37","77.37","4084.0","DOME PLATEAU DOME A, AY",,,,," -607","H,,S"
"AYM00089577","2012-03-26","-80.37","77.37","4084.0","DOME PLATEAU DOME A, AY",,,,," -592","H,,S"
"AYM00089577","2012-03-27","-80.37","77.37","4084.0","DOME PLATEAU DOME A, AY",,,,," -635","H,,S"
"AYM00089577","2012-03-28","-80.37","77.37","4084.0","DOME PLATEAU DOME A, AY",,,,," -676","H,,S"
"AYM00089577","2012-03-29","-80.37","77.37","4084.0","DOME PLATEAU DOME A, AY",,,,," -667","H,,S"
"AYM00089577","2012-03-30","-80.37","77.37","4084.0","DOME PLATEAU DOME A, AY",,,,," -632","H,,S"
"AYM00089577","2012-03-31","-80.37","77.37","4084.0","DOME PLATEAU DOME A, AY",,,,," -646","H,,S"
"AYM00089577","2012-04-01","-80.37","77.37","4084.0","DOME PLATEAU DOME A, AY",,,,," -641","H,,S"
"AYM00089577","2012-04-02","-80.37","77.37","4084.0","DOME PLATEAU DOME A, AY",,,,," -593","H,,S"
"AYM00089577","2012-04-03","-80.37","77.37","4084.0","DOME PLATEAU DOME A, AY",,,,," -513","H,,S"
"AYM00089577","2012-04-04","-80.37","77.37","4084.0","DOME PLATEAU DOME A, AY",,,,," -535","H,,S"
"AYM00089577","2012-04-05","-80.37","77.37","4084.0","DOME PLATEAU DOME A, AY",,,,," -587","H,,S"
"AYM00089577","2012-04-06","-80.37","77.37","4084.0","DOME PLATEAU DOME A, AY",,,,," -641","H,,S"
"AYM00089577","2012-04-07","-80.37","77.37","4084.0","DOME PLATEAU DOME A, AY",,,,," -657","H,,S"
"AYM00089577","2012-04-08","-80.37","77.37","4084.0","DOME PLATEAU DOME A, AY",,,,," -658","H,,S"
"AYM00089577","2012-04-09","-80.37","77.37","4084.0","DOME PLATEAU DOME A, AY",,,,," -584","H,,S"
"AYM00089577","2012-04-10","-80.37","77.37","4084.0","DOME PLATEAU DOME A, AY",,,,," -594","H,,S"
"AYM00089577","2012-04-11","-80.37","77.37","4084.0","DOME PLATEAU DOME A, AY",,,,," -593","H,,S"
"AYM00089577","2012-04-12","-80.37","77.37","4084.0","DOME PLATEAU DOME A, AY",,,,," -583","H,,S"
"AYM00089577","2012-04-13","-80.37","77.37","4084.0","DOME PLATEAU DOME A, AY",,,,," -604","H,,S"
"AYM00089577","2012-04-14","-80.37","77.37","4084.0","DOME PLATEAU DOME A, AY",,,,," -698","H,,S"
"AYM00089577","2012-04-15","-80.37","77.37","4084.0","DOME PLATEAU DOME A, AY",,,,," -630","H,,S"
"AYM00089577","2012-04-16","-80.37","77.37","4084.0","DOME PLATEAU DOME A, AY",,,,," -645","H,,S"
"AYM00089577","2012-04-17","-80.37","77.37","4084.0","DOME PLATEAU DOME A, AY",,,,," -658","H,,S"
"AYM00089577","2012-04-18","-80.37","77.37","4084.0","DOME PLATEAU DOME A, AY",,,,," -616","H,,S"
"AYM00089577","2012-04-19","-80.37","77.37","4084.0","DOME PLATEAU DOME A, AY",,,,," -678","H,,S"
"AYM00089577","2012-04-20","-80.37","77.37","4084.0","DOME PLATEAU DOME A, AY",,,,," -721","H,,S"
"AYM00089577","2012-04-21","-80.37","77.37","4084.0","DOME PLATEAU DOME A, AY",,,,," -706","H,,S"
"AYM00089577","2012-04-22","-80.37","77.37","4084.0","DOME PLATEAU DOME A, AY",,,,," -667","H,,S"
"AYM00089577","2012-04-23","-80.37","77.37","4084.0","DOME PLATEAU DOME A, AY",,,,," -558","H,,S"
"AYM00089577","2012-04-24","-80.37","77.37","4084.0","DOME PLATEAU DOME A, AY",,,,," -607","H,,S"
"AYM00089577","2012-04-25","-80.37","77.37","4084.0","DOME PLATEAU DOME A, AY",,,,," -644","H,,S"
"AYM00089577","2012-04-26","-80.37","77.37","4084.0","DOME PLATEAU DOME A, AY",,,,," -628","H,,S"
"AYM00089577","2012-04-27","-80.37","77.37","4084.0","DOME PLATEAU DOME A, AY",,,,," -611","H,,S"
"AYM00089577","2012-04-28","-80.37","77.37","4084.0","DOME PLATEAU DOME A, AY",,,,," -662","H,,S"
"AYM00089577","2012-04-29","-80.37","77.37","4084.0","DOME PLATEAU DOME A, AY",,,,," -643","H,,S"
"AYM00089577","2012-04-30","-80.37","77.37","4084.0","DOME PLATEAU DOME A, AY",,,,," -604","H,,S"
"AYM00089577","2012-05-01","-80.37","77.37","4084.0","DOME PLATEAU DOME A, AY",,,,," -661","H,,S"
"AYM00089577","2012-05-02","-80.37","77.37","4084.0","DOME PLATEAU DOME A, AY",,,,," -665","H,,S"
"AYM00089577","2012-05-03","-80.37","77.37","4084.0","DOME PLATEAU DOME A, AY",,,,," -727","H,,S"
"AYM00089577","2012-05-04","-80.37","77.37","4084.0","DOME PLATEAU DOME A, AY",,,,," -724","H,,S"
"AYM00089577","2012-05-05","-80.37","77.37","4084.0","DOME PLATEAU DOME A, AY",,,,," -619","H,,S"
"AYM00089577","2012-05-06","-80.37","77.37","4084.0","DOME PLATEAU DOME A, AY",,,,," -668","H,,S"
"AYM00089577","2012-05-07","-80.37","77.37","4084.0","DOME PLATEAU DOME A, AY",,,,," -653","H,,S"
"AYM00089577","2012-05-08","-80.37","77.37","4084.0","DOME PLATEAU DOME A, AY",,,,," -561","H,,S"
"AYM00089577","2012-05-09","-80.37","77.37","4084.0","DOME PLATEAU DOME A, AY",,,,," -632","H,,S"
"AYM00089577","2012-05-10","-80.37","77.37","4084.0","DOME PLATEAU DOME A, AY",,,,," -564","H,,S"
"AYM00089577","2012-05-11","-80.37","77.37","4084.0","DOME PLATEAU DOME A, AY",,,,," -527","H,,S"
"AYM00089577","2012-05-12","-80.37","77.37","4084.0","DOME PLATEAU DOME A, AY",,,,," -567","H,,S"
"AYM00089577","2012-05-13","-80.37","77.37","4084.0","DOME PLATEAU DOME A, AY",,,,," -626","H,,S"
"AYM00089577","2012-05-14","-80.37","77.37","4084.0","DOME PLATEAU DOME A, AY",,,,," -552","H,,S"
"AYM00089577","2012-05-15","-80.37","77.37","4084.0","DOME PLATEAU DOME A, AY",,,,," -541","H,,S"
"AYM00089577","2012-05-16","-80.37","77.37","4084.0","DOME PLATEAU DOME A, AY",,,,," -612","H,,S"
"AYM00089577","2012-05-17","-80.37","77.37","4084.0","DOME PLATEAU DOME A, AY",,,,," -649","H,,S"
"AYM00089577","2012-05-18","-80.37","77.37","4084.0","DOME PLATEAU DOME A, AY",,,,," -595","H,,S"
"AYM00089577","2012-05-19","-80.37","77.37","4084.0","DOME PLATEAU DOME A, AY",,,,," -563","H,,S"
"AYM00089577","2012-05-20","-80.37","77.37","4084.0","DOME PLATEAU DOME A, AY",,,,," -627","H,,S"
"AYM00089577","2012-05-21","-80.37","77.37","4084.0","DOME PLATEAU DOME A, AY",,,,," -653","H,,S"
"AYM00089577","2012-05-22","-80.37","77.37","4084.0","DOME PLATEAU DOME A, AY",,,,," -670","H,,S"
"AYM00089577","2012-05-23","-80.37","77.37","4084.0","DOME PLATEAU DOME A, AY",,,,," -701","H,,S"
"AYM00089577","2012-05-24","-80.37","77.37","4084.0","DOME PLATEAU DOME A, AY",,,,," -738","H,,S"
"AYM00089577","2012-05-25","-80.37","77.37","4084.0","DOME PLATEAU DOME A, AY",,,,," -727","H,,S"
"AYM00089577","2012-05-26","-80.37","77.37","4084.0","DOME PLATEAU DOME A, AY",,,,," -728","H,,S"
"AYM00089577","2012-05-27","-80.37","77.37","4084.0","DOME PLATEAU DOME A, AY",,,,," -714","H,,S"
"AYM00089577","2012-05-28","-80.37","77.37","4084.0","DOME PLATEAU DOME A, AY",,,,," -690","H,,S"
"AYM00089577","2012-05-29","-80.37","77.37","4084.0","DOME PLATEAU DOME A, AY",,,,," -678","H,,S"
"AYM00089577","2012-05-30","-80.37","77.37","4084.0","DOME PLATEAU DOME A, AY",,,,," -698","H,,S"
"AYM00089577","2012-05-31","-80.37","77.37","4084.0","DOME PLATEAU DOME A, AY",,,,," -712","H,,S"
"AYM00089577","2012-06-01","-80.37","77.37","4084.0","DOME PLATEAU DOME A, AY",,,,," -728","H,,S"
"AYM00089577","2012-06-02","-80.37","77.37","4084.0","DOME PLATEAU DOME A, AY",,,,," -739","H,,S"
"AYM00089577","2012-06-03","-80.37","77.37","4084.0","DOME PLATEAU DOME A, AY",,,,," -707","H,,S"
"AYM00089577","2012-06-04","-80.37","77.37","4084.0","DOME PLATEAU DOME A, AY",,,,," -655","H,,S"
"AYM00089577","2012-06-05","-80.37","77.37","4084.0","DOME PLATEAU DOME A, AY",,,,," -685","H,,S"
"AYM00089577","2012-06-06","-80.37","77.37","4084.0","DOME PLATEAU DOME A, AY",,,,," -628","H,,S"
"AYM00089577","2012-06-07","-80.37","77.37","4084.0","DOME PLATEAU DOME A, AY",,,,," -698","H,,S"
"AYM00089577","2012-06-08","-80.37","77.37","4084.0","DOME PLATEAU DOME A, AY",,,,," -718","H,,S"
"AYM00089577","2012-06-09","-80.37","77.37","4084.0","DOME PLATEAU DOME A, AY",,,,," -751","H,,S"
"AYM00089577","2012-06-10","-80.37","77.37","4084.0","DOME PLATEAU DOME A, AY",,,,," -766","H,,S"
"AYM00089577","2012-06-11","-80.37","77.37","4084.0","DOME PLATEAU DOME A, AY",,,,," -771","H,,S"
"AYM00089577","2012-06-12","-80.37","77.37","4084.0","DOME PLATEAU DOME A, AY",,,,," -724","H,,S"
"AYM00089577","2012-06-13","-80.37","77.37","4084.0","DOME PLATEAU DOME A, AY",,,,," -693","H,,S"
"AYM00089577","2012-06-14","-80.37","77.37","4084.0","DOME PLATEAU DOME A, AY",,,,," -708","H,,S"
"AYM00089577","2012-06-15","-80.37","77.37","4084.0","DOME PLATEAU DOME A, AY",,,,," -675","H,,S"
"AYM00089577","2012-06-16","-80.37","77.37","4084.0","DOME PLATEAU DOME A, AY",,,,," -668","H,,S"
"AYM00089577","2012-06-17","-80.37","77.37","4084.0","DOME PLATEAU DOME A, AY",,,,," -602","H,,S"
"AYM00089577","2012-06-18","-80.37","77.37","4084.0","DOME PLATEAU DOME A, AY",,,,," -598","H,,S"
"AYM00089577","2012-06-19","-80.37","77.37","4084.0","DOME PLATEAU DOME A, AY",,,,," -661","H,,S"
"AYM00089577","2012-06-20","-80.37","77.37","4084.0","DOME PLATEAU DOME A, AY",,,,," -699","H,,S"
"AYM00089577","2012-06-21","-80.37","77.37","4084.0","DOME PLATEAU DOME A, AY",,,,," -661","H,,S"
"AYM00089577","2012-06-22","-80.37","77.37","4084.0","DOME PLATEAU DOME A, AY",,,,," -646","H,,S"
"AYM00089577","2012-06-23","-80.37","77.37","4084.0","DOME PLATEAU DOME A, AY",,,,," -684","H,,S"
"AYM00089577","2012-06-24","-80.37","77.37","4084.0","DOME PLATEAU DOME A, AY",,,,," -710","H,,S"
"AYM00089577","2012-06-25","-80.37","77.37","4084.0","DOME PLATEAU DOME A, AY",,,,," -679","H,,S"
"AYM00089577","2012-06-26","-80.37","77.37","4084.0","DOME PLATEAU DOME A, AY",,,,," -669","H,,S"
"AYM00089577","2012-06-27","-80.37","77.37","4084.0","DOME PLATEAU DOME A, AY",,,,," -721","H,,S"
"AYM00089577","2012-06-28","-80.37","77.37","4084.0","DOME PLATEAU DOME A, AY",,,,," -660","H,,S"
"AYM00089577","2012-06-29","-80.37","77.37","4084.0","DOME PLATEAU DOME A, AY",,,,," -711","H,,S"
"AYM00089577","2012-06-30","-80.37","77.37","4084.0","DOME PLATEAU DOME A, AY",,,,," -606","H,,S"
"AYM00089577","2012-07-01","-80.37","77.37","4084.0","DOME PLATEAU DOME A, AY",,,,," -662","H,,S"
"AYM00089577","2012-07-02","-80.37","77.37","4084.0","DOME PLATEAU DOME A, AY",,,,," -621","H,,S"
"AYM00089577","2012-07-03","-80.37","77.37","4084.0","DOME PLATEAU DOME A, AY",,,,," -671","H,,S"
"AYM00089577","2012-07-04","-80.37","77.37","4084.0","DOME PLATEAU DOME A, AY",,,,," -669","H,,S"
"AYM00089577","2012-07-05","-80.37","77.37","4084.0","DOME PLATEAU DOME A, AY",,,,," -654","H,,S"
"AYM00089577","2012-07-06","-80.37","77.37","4084.0","DOME PLATEAU DOME A, AY",,,,," -655","H,,S"
"AYM00089577","2012-07-07","-80.37","77.37","4084.0","DOME PLATEAU DOME A, AY",,,,," -681","H,,S"
"AYM00089577","2012-07-08","-80.37","77.37","4084.0","DOME PLATEAU DOME A, AY",,,,," -714","H,,S"
"AYM00089577","2012-07-09","-80.37","77.37","4084.0","DOME PLATEAU DOME A, AY",,,,," -727","H,,S"
"AYM00089577","2012-07-10","-80.37","77.37","4084.0","DOME PLATEAU DOME A, AY",,,,," -753","H,,S"
"AYM00089577","2012-07-11","-80.37","77.37","4084.0","DOME PLATEAU DOME A, AY",,,,," -742","H,,S"
"AYM00089577","2012-07-12","-80.37","77.37","4084.0","DOME PLATEAU DOME A, AY",,,,," -593","H,,S"
"AYM00089577","2012-07-13","-80.37","77.37","4084.0","DOME PLATEAU DOME A, AY",,,,," -596","H,,S"
"AYM00089577","2012-07-14","-80.37","77.37","4084.0","DOME PLATEAU DOME A, AY",,,,," -637","H,,S"
"AYM00089577","2012-07-15","-80.37","77.37","4084.0","DOME PLATEAU DOME A, AY",,,,," -602","H,,S"
"AYM00089577","2012-07-16","-80.37","77.37","4084.0","DOME PLATEAU DOME A, AY",,,,," -642","H,,S"
"AYM00089577","2012-07-17","-80.37","77.37","4084.0","DOME PLATEAU DOME A, AY",,,,," -669","H,,S"
"AYM00089577","2012-07-18","-80.37","77.37","4084.0","DOME PLATEAU DOME A, AY",,,,," -749","H,,S"
"AYM00089577","2012-07-19","-80.37","77.37","4084.0","DOME PLATEAU DOME A, AY",,,,," -757","H,,S"
"AYM00089577","2012-07-20","-80.37","77.37","4084.0","DOME PLATEAU DOME A, AY",,,,," -711","H,,S"
"AYM00089577","2012-07-21","-80.37","77.37","4084.0","DOME PLATEAU DOME A, AY",,,,," -736","H,,S"
"AYM00089577","2012-07-22","-80.37","77.37","4084.0","DOME PLATEAU DOME A, AY",,,,," -744","H,,S"
"AYM00089577","2012-07-23","-80.37","77.37","4084.0","DOME PLATEAU DOME A, AY",,,,," -664","H,,S"
"AYM00089577","2012-07-24","-80.37","77.37","4084.0","DOME PLATEAU DOME A, AY",,,,," -668","H,,S"
"AYM00089577","2012-07-25","-80.37","77.37","4084.0","DOME PLATEAU DOME A, AY",,,,," -670","H,,S"
"AYM00089577","2012-07-26","-80.37","77.37","4084.0","DOME PLATEAU DOME A, AY",,,,," -659","H,,S"
"AYM00089577","2012-07-27","-80.37","77.37","4084.0","DOME PLATEAU DOME A, AY",,,,," -629","H,,S"
"AYM00089577","2012-07-28","-80.37","77.37","4084.0","DOME PLATEAU DOME A, AY",,,,," -722","H,,S"
"AYM00089577","2012-07-29","-80.37","77.37","4084.0","DOME PLATEAU DOME A, AY",,,,," -768","H,,S"
"AYM00089577","2012-07-30","-80.37","77.37","4084.0","DOME PLATEAU DOME A, AY",,,,," -684","H,,S"
"AYM00089577","2012-07-31","-80.37","77.37","4084.0","DOME PLATEAU DOME A, AY",,,,," -704","H,,S"
"AYM00089577","2012-08-01","-80.37","77.37","4084.0","DOME PLATEAU DOME A, AY",,,,," -738","H,,S"
"AYM00089577","2012-08-02","-80.37","77.37","4084.0","DOME PLATEAU DOME A, AY",,,,," -732","H,,S"
"AYM00089577","2012-08-03","-80.37","77.37","4084.0","DOME PLATEAU DOME A, AY",,,,," -709","H,,S"
"AYM00089577","2012-08-04","-80.37","77.37","4084.0","DOME PLATEAU DOME A, AY",,,,," -627","H,,S"
"AYM00089577","2012-08-05","-80.37","77.37","4084.0","DOME PLATEAU DOME A, AY",,,,," -671","H,,S"
"AYM00089577","2012-08-06","-80.37","77.37","4084.0","DOME PLATEAU DOME A, AY",,,,," -739","H,,S"
"AYM00089577","2012-08-07","-80.37","77.37","4084.0","DOME PLATEAU DOME A, AY",,,,," -718","H,,S"
"AYM00089577","2012-08-08","-80.37","77.37","4084.0","DOME PLATEAU DOME A, AY",,,,," -619","H,,S"
"AYM00089577","2012-08-09","-80.37","77.37","4084.0","DOME PLATEAU DOME A, AY",,,,," -596","H,,S"
"AYM00089577","2012-08-10","-80.37","77.37","4084.0","DOME PLATEAU DOME A, AY",,,,," -568","H,,S"
"AYM00089577","2012-08-11","-80.37","77.37","4084.0","DOME PLATEAU DOME A, AY",,,,," -638","H,,S"
"AYM00089577","2012-08-12","-80.37","77.37","4084.0","DOME PLATEAU DOME A, AY",,,,," -639","H,,S"
"AYM00089577","2012-08-13","-80.37","77.37","4084.0","DOME PLATEAU DOME A, AY",,,,," -641","H,,S"
"AYM00089577","2012-08-14","-80.37","77.37","4084.0","DOME PLATEAU DOME A, AY",,,,," -686","H,,S"
"AYM00089577","2012-08-15","-80.37","77.37","4084.0","DOME PLATEAU DOME A, AY",,,,," -673","H,,S"
"AYM00089577","2012-08-16","-80.37","77.37","4084.0","DOME PLATEAU DOME A, AY",,,,," -718","H,,S"
"AYM00089577","2012-08-17","-80.37","77.37","4084.0","DOME PLATEAU DOME A, AY",,,,," -759","H,,S"
"AYM00089577","2012-08-18","-80.37","77.37","4084.0","DOME PLATEAU DOME A, AY",,,,," -724","H,,S"
"AYM00089577","2012-08-19","-80.37","77.37","4084.0","DOME PLATEAU DOME A, AY",,,,," -744","H,,S"
"AYM00089577","2012-08-20","-80.37","77.37","4084.0","DOME PLATEAU DOME A, AY",,,,," -746","H,,S"
"AYM00089577","2012-08-21","-80.37","77.37","4084.0","DOME PLATEAU DOME A, AY",,,,," -726","H,,S"
"AYM00089577","2012-08-22","-80.37","77.37","4084.0","DOME PLATEAU DOME A, AY",,,,," -739","H,,S"
"AYM00089577","2012-08-23","-80.37","77.37","4084.0","DOME PLATEAU DOME A, AY",,,,," -743","H,,S"
"AYM00089577","2012-08-24","-80.37","77.37","4084.0","DOME PLATEAU DOME A, AY",,,,," -698","H,,S"
"AYM00089577","2012-08-25","-80.37","77.37","4084.0","DOME PLATEAU DOME A, AY",,,,," -596","H,,S"
"AYM00089577","2012-08-26","-80.37","77.37","4084.0","DOME PLATEAU DOME A, AY",,,,," -548","H,,S"
"AYM00089577","2012-08-27","-80.37","77.37","4084.0","DOME PLATEAU DOME A, AY",,,,," -629","H,,S"
"AYM00089577","2012-08-28","-80.37","77.37","4084.0","DOME PLATEAU DOME A, AY",,,,," -638","H,,S"
"AYM00089577","2012-08-29","-80.37","77.37","4084.0","DOME PLATEAU DOME A, AY",,,,," -660","H,,S"
"AYM00089577","2012-08-30","-80.37","77.37","4084.0","DOME PLATEAU DOME A, AY",,,,," -702","H,,S"
"AYM00089577","2012-08-31","-80.37","77.37","4084.0","DOME PLATEAU DOME A, AY",,,,," -714","H,,S"
"AYM00089577","2012-09-01","-80.37","77.37","4084.0","DOME PLATEAU DOME A, AY",,,,," -644","H,,S"
"AYM00089577","2012-09-02","-80.37","77.37","4084.0","DOME PLATEAU DOME A, AY",,,,," -664","H,,S"
"AYM00089577","2012-09-03","-80.37","77.37","4084.0","DOME PLATEAU DOME A, AY",,,,," -676","H,,S"
"AYM00089577","2012-09-04","-80.37","77.37","4084.0","DOME PLATEAU DOME A, AY",,,,," -603","H,,S"
"AYM00089577","2012-09-05","-80.37","77.37","4084.0","DOME PLATEAU DOME A, AY",,,,," -654","H,,S"
"AYM00089577","2012-09-06","-80.37","77.37","4084.0","DOME PLATEAU DOME A, AY",,,,," -684","H,,S"
"AYM00089577","2012-09-07","-80.37","77.37","4084.0","DOME PLATEAU DOME A, AY",,,,," -697","H,,S"
"AYM00089577","2012-09-08","-80.37","77.37","4084.0","DOME PLATEAU DOME A, AY",,,,," -670","H,,S"
"AYM00089577","2012-09-09","-80.37","77.37","4084.0","DOME PLATEAU DOME A, AY",,,,," -722","H,,S"
"AYM00089577","2012-09-10","-80.37","77.37","4084.0","DOME PLATEAU DOME A, AY",,,,," -745","H,,S"
"AYM00089577","2012-09-11","-80.37","77.37","4084.0","DOME PLATEAU DOME A, AY",,,,," -763","H,,S"
"AYM00089577","2012-09-12","-80.37","77.37","4084.0","DOME PLATEAU DOME A, AY",,,,," -743","H,,S"
"AYM00089577","2012-09-13","-80.37","77.37","4084.0","DOME PLATEAU DOME A, AY",,,,," -672","H,,S"
"AYM00089577","2012-09-14","-80.37","77.37","4084.0","DOME PLATEAU DOME A, AY",,,,," -747","H,,S"
"AYM00089577","2012-09-15","-80.37","77.37","4084.0","DOME PLATEAU DOME A, AY",,,,," -691","H,,S"
"AYM00089577","2012-09-16","-80.37","77.37","4084.0","DOME PLATEAU DOME A, AY",,,,," -727","H,,S"
"AYM00089577","2012-09-17","-80.37","77.37","4084.0","DOME PLATEAU DOME A, AY",,,,," -738","H,,S"
"AYM00089577","2012-09-18","-80.37","77.37","4084.0","DOME PLATEAU DOME A, AY",,,,," -732","H,,S"
"AYM00089577","2012-09-19","-80.37","77.37","4084.0","DOME PLATEAU DOME A, AY",,,,," -706","H,,S"
"AYM00089577","2012-09-20","-80.37","77.37","4084.0","DOME PLATEAU DOME A, AY",,,,," -599","H,,S"
"AYM00089577","2012-09-21","-80.37","77.37","4084.0","DOME PLATEAU DOME A, AY",,,,," -623","H,,S"
"AYM00089577","2012-09-22","-80.37","77.37","4084.0","DOME PLATEAU DOME A, AY",,,,," -653","H,,S"
"AYM00089577","2012-09-23","-80.37","77.37","4084.0","DOME PLATEAU DOME A, AY",,,,," -645","H,,S"
"AYM00089577","2012-09-24","-80.37","77.37","4084.0","DOME PLATEAU DOME A, AY",,,,," -649","H,,S"
"AYM00089577","2012-09-25","-80.37","77.37","4084.0","DOME PLATEAU DOME A, AY",,,,," -622","H,,S"
"AYM00089577","2012-09-26","-80.37","77.37","4084.0","DOME PLATEAU DOME A, AY",,,,," -612","H,,S"
"AYM00089577","2012-09-27","-80.37","77.37","4084.0","DOME PLATEAU DOME A, AY",,,,," -608","H,,S"
"AYM00089577","2012-09-28","-80.37","77.37","4084.0","DOME PLATEAU DOME A, AY",,,,," -571","H,,S"
"AYM00089577","2012-09-29","-80.37","77.37","4084.0","DOME PLATEAU DOME A, AY",,,,," -534","H,,S"
"AYM00089577","2012-09-30","-80.37","77.37","4084.0","DOME PLATEAU DOME A, AY",,,,," -574","H,,S"
"AYM00089577","2012-10-01","-80.37","77.37","4084.0","DOME PLATEAU DOME A, AY",,,,," -568","H,,S"
"AYM00089577","2012-10-02","-80.37","77.37","4084.0","DOME PLATEAU DOME A, AY",,,,," -564","H,,S"
"AYM00089577","2012-10-03","-80.37","77.37","4084.0","DOME PLATEAU DOME A, AY",,,,," -529","H,,S"
"AYM00089577","2012-10-04","-80.37","77.37","4084.0","DOME PLATEAU DOME A, AY",,,,," -546","H,,S"
"AYM00089577","2012-10-05","-80.37","77.37","4084.0","DOME PLATEAU DOME A, AY",,,,," -542","H,,S"
"AYM00089577","2012-10-06","-80.37","77.37","4084.0","DOME PLATEAU DOME A, AY",,,,," -557","H,,S"
"AYM00089577","2012-10-07","-80.37","77.37","4084.0","DOME PLATEAU DOME A, AY",,,,," -566","H,,S"
"AYM00089577","2012-10-08","-80.37","77.37","4084.0","DOME PLATEAU DOME A, AY",,,,," -583","H,,S"
"AYM00089577","2012-10-09","-80.37","77.37","4084.0","DOME PLATEAU DOME A, AY",,,,," -574","H,,S"
"AYM00089577","2012-10-10","-80.37","77.37","4084.0","DOME PLATEAU DOME A, AY",,,,," -566","H,,S"
"AYM00089577","2012-10-11","-80.37","77.37","4084.0","DOME PLATEAU DOME A, AY",,,,," -556","H,,S"
"AYM00089577","2012-10-12","-80.37","77.37","4084.0","DOME PLATEAU DOME A, AY",,,,," -592","H,,S"
"AYM00089577","2012-10-13","-80.37","77.37","4084.0","DOME PLATEAU DOME A, AY",,,,," -609","H,,S"
"AYM00089577","2012-10-14","-80.37","77.37","4084.0","DOME PLATEAU DOME A, AY",,,,," -589","H,,S"
"AYM00089577","2012-10-15","-80.37","77.37","4084.0","DOME PLATEAU DOME A, AY",,,,," -529","H,,S"
"AYM00089577","2012-10-16","-80.37","77.37","4084.0","DOME PLATEAU DOME A, AY",,,,," -481","H,,S"
"AYM00089577","2012-10-17","-80.37","77.37","4084.0","DOME PLATEAU DOME A, AY",,,,," -512","H,,S"
"AYM00089577","2012-10-18","-80.37","77.37","4084.0","DOME PLATEAU DOME A, AY",,,,," -485","H,,S"
"AYM00089577","2012-10-19","-80.37","77.37","4084.0","DOME PLATEAU DOME A, AY",,,,," -467","H,,S"
"AYM00089577","2012-10-20","-80.37","77.37","4084.0","DOME PLATEAU DOME A, AY",,,,," -482","H,,S"
"AYM00089577","2012-10-21","-80.37","77.37","4084.0","DOME PLATEAU DOME A, AY",,,,," -453","H,,S"
"AYM00089577","2012-10-22","-80.37","77.37","4084.0","DOME PLATEAU DOME A, AY",,,,," -473","H,,S"
"AYM00089577","2012-10-23","-80.37","77.37","4084.0","DOME PLATEAU DOME A, AY",,,,," -458","H,,S"
"AYM00089577","2012-10-24","-80.37","77.37","4084.0","DOME PLATEAU DOME A, AY",,,,," -451","H,,S"
"AYM00089577","2012-10-25","-80.37","77.37","4084.0","DOME PLATEAU DOME A, AY",,,,," -444","H,,S"
"AYM00089577","2012-10-26","-80.37","77.37","4084.0","DOME PLATEAU DOME A, AY",,,,," -416","H,,S"
"AYM00089577","2012-10-27","-80.37","77.37","4084.0","DOME PLATEAU DOME A, AY",,,,," -432","H,,S"
"AYM00089577","2012-10-28","-80.37","77.37","4084.0","DOME PLATEAU DOME A, AY",,,,," -434","H,,S"
"AYM00089577","2012-10-29","-80.37","77.37","4084.0","DOME PLATEAU DOME A, AY",,,,," -461","H,,S"
"AYM00089577","2012-10-30","-80.37","77.37","4084.0","DOME PLATEAU DOME A, AY",,,,," -462","H,,S"
"AYM00089577","2012-10-31","-80.37","77.37","4084.0","DOME PLATEAU DOME A, AY",,,,," -431","H,,S"
"AYM00089577","2012-11-01","-80.37","77.37","4084.0","DOME PLATEAU DOME A, AY",,,,," -399","H,,S"
"AYM00089577","2012-11-02","-80.37","77.37","4084.0","DOME PLATEAU DOME A, AY",,,,," -444","H,,S"
"AYM00089577","2012-11-03","-80.37","77.37","4084.0","DOME PLATEAU DOME A, AY",,,,," -491","H,,S"
"AYM00089577","2012-11-04","-80.37","77.37","4084.0","DOME PLATEAU DOME A, AY",,,,," -448","H,,S"
"AYM00089577","2012-11-05","-80.37","77.37","4084.0","DOME PLATEAU DOME A, AY",,,,," -412","H,,S"
"AYM00089577","2012-11-06","-80.37","77.37","4084.0","DOME PLATEAU DOME A, AY",,,,," -403","H,,S"
"AYM00089577","2012-11-07","-80.37","77.37","4084.0","DOME PLATEAU DOME A, AY",,,,," -410","H,,S"
"AYM00089577","2012-11-08","-80.37","77.37","4084.0","DOME PLATEAU DOME A, AY",,,,," -454","H,,S"
"AYM00089577","2012-11-09","-80.37","77.37","4084.0","DOME PLATEAU DOME A, AY",,,,," -418","H,,S"
"AYM00089577","2012-11-10","-80.37","77.37","4084.0","DOME PLATEAU DOME A, AY",,,,," -402","H,,S"
"AYM00089577","2012-11-11","-80.37","77.37","4084.0","DOME PLATEAU DOME A, AY",,,,," -423","H,,S"
"AYM00089577","2012-11-12","-80.37","77.37","4084.0","DOME PLATEAU DOME A, AY",,,,," -467","H,,S"
"AYM00089577","2012-11-13","-80.37","77.37","4084.0","DOME PLATEAU DOME A, AY",,,,," -463","H,,S"
"AYM00089577","2012-11-14","-80.37","77.37","4084.0","DOME PLATEAU DOME A, AY",,,,," -441","H,,S"
"AYM00089577","2012-11-15","-80.37","77.37","4084.0","DOME PLATEAU DOME A, AY",,,,," -428","H,,S"
"AYM00089577","2012-11-16","-80.37","77.37","4084.0","DOME PLATEAU DOME A, AY",,,,," -387","H,,S"
"AYM00089577","2012-11-17","-80.37","77.37","4084.0","DOME PLATEAU DOME A, AY",,,,," -337","H,,S"
"AYM00089577","2012-11-18","-80.37","77.37","4084.0","DOME PLATEAU DOME A, AY",,,,," -369","H,,S"
"AYM00089577","2012-11-19","-80.37","77.37","4084.0","DOME PLATEAU DOME A, AY",,,,," -381","H,,S"
"AYM00089577","2012-11-20","-80.37","77.37","4084.0","DOME PLATEAU DOME A, AY",,,,," -402","H,,S"
"AYM00089577","2012-11-21","-80.37","77.37","4084.0","DOME PLATEAU DOME A, AY",,,,," -421","H,,S"
"AYM00089577","2012-11-22","-80.37","77.37","4084.0","DOME PLATEAU DOME A, AY",,,,," -421","H,,S"
"AYM00089577","2012-11-23","-80.37","77.37","4084.0","DOME PLATEAU DOME A, AY",,,,," -418","H,,S"
"AYM00089577","2012-11-24","-80.37","77.37","4084.0","DOME PLATEAU DOME A, AY",,,,," -404","H,,S"
"AYM00089577","2012-11-25","-80.37","77.37","4084.0","DOME PLATEAU DOME A, AY",,,,," -386","H,,S"
"AYM00089577","2012-11-26","-80.37","77.37","4084.0","DOME PLATEAU DOME A, AY",,,,," -383","H,,S"
"AYM00089577","2012-11-27","-80.37","77.37","4084.0","DOME PLATEAU DOME A, AY",,,,," -367","H,,S"
"AYM00089577","2012-11-28","-80.37","77.37","4084.0","DOME PLATEAU DOME A, AY",,,,," -360","H,,S"
"AYM00089577","2012-11-29","-80.37","77.37","4084.0","DOME PLATEAU DOME A, AY",,,,," -369","H,,S"
"AYM00089577","2012-11-30","-80.37","77.37","4084.0","DOME PLATEAU DOME A, AY",,,,," -336","H,,S"
"AYM00089577","2012-12-01","-80.37","77.37","4084.0","DOME PLATEAU DOME A, AY",,,,," -333","H,,S"
"AYM00089577","2012-12-02","-80.37","77.37","4084.0","DOME PLATEAU DOME A, AY",,,,," -328","H,,S"
"AYM00089577","2012-12-03","-80.37","77.37","4084.0","DOME PLATEAU DOME A, AY",,,,," -341","H,,S"
"AYM00089577","2012-12-04","-80.37","77.37","4084.0","DOME PLATEAU DOME A, AY",,,,," -347","H,,S"
"AYM00089577","2012-12-05","-80.37","77.37","4084.0","DOME PLATEAU DOME A, AY",,,,," -359","H,,S"
"AYM00089577","2012-12-06","-80.37","77.37","4084.0","DOME PLATEAU DOME A, AY",,,,," -312","H,,S"
"AYM00089577","2012-12-07","-80.37","77.37","4084.0","DOME PLATEAU DOME A, AY",,,,," -298","H,,S"
"AYM00089577","2012-12-08","-80.37","77.37","4084.0","DOME PLATEAU DOME A, AY",,,,," -296","H,,S"
"AYM00089577","2012-12-09","-80.37","77.37","4084.0","DOME PLATEAU DOME A, AY",,,,," -314","H,,S"
"AYM00089577","2012-12-10","-80.37","77.37","4084.0","DOME PLATEAU DOME A, AY",,,,," -306","H,,S"
"AYM00089577","2012-12-11","-80.37","77.37","4084.0","DOME PLATEAU DOME A, AY",,,,," -283","H,,S"
"AYM00089577","2012-12-12","-80.37","77.37","4084.0","DOME PLATEAU DOME A, AY",,,,," -269","H,,S"
"AYM00089577","2012-12-13","-80.37","77.37","4084.0","DOME PLATEAU DOME A, AY",,,,," -283","H,,S"
"AYM00089577","2012-12-14","-80.37","77.37","4084.0","DOME PLATEAU DOME A, AY",,,,," -293","H,,S"
"AYM00089577","2012-12-15","-80.37","77.37","4084.0","DOME PLATEAU DOME A, AY",,,,," -335","H,,S"
"AYM00089577","2012-12-16","-80.37","77.37","4084.0","DOME PLATEAU DOME A, AY",,,,," -338","H,,S"
"AYM00089577","2012-12-17","-80.37","77.37","4084.0","DOME PLATEAU DOME A, AY",,,,," -333","H,,S"
"AYM00089577","2012-12-18","-80.37","77.37","4084.0","DOME PLATEAU DOME A, AY",,,,," -292","H,,S"
"AYM00089577","2012-12-19","-80.37","77.37","4084.0","DOME PLATEAU DOME A, AY",,,,," -243","H,,S"
"AYM00089577","2012-12-20","-80.37","77.37","4084.0","DOME PLATEAU DOME A, AY",,,,," -288","H,,S"
"AYM00089577","2012-12-21","-80.37","77.37","4084.0","DOME PLATEAU DOME A, AY",,,,," -326","H,,S"
"AYM00089577","2012-12-22","-80.37","77.37","4084.0","DOME PLATEAU DOME A, AY",,,,," -324","H,,S"
"AYM00089577","2012-12-23","-80.37","77.37","4084.0","DOME PLATEAU DOME A, AY",,,,," -324","H,,S"
"AYM00089577","2012-12-24","-80.37","77.37","4084.0","DOME PLATEAU DOME A, AY",,,,," -288","H,,S"
"AYM00089577","2012-12-25","-80.37","77.37","4084.0","DOME PLATEAU DOME A, AY",,,,," -281","H,,S"
"AYM00089577","2012-12-26","-80.37","77.37","4084.0","DOME PLATEAU DOME A, AY",,,,," -316","H,,S"
"AYM00089577","2012-12-27","-80.37","77.37","4084.0","DOME PLATEAU DOME A, AY",,,,," -327","H,,S"
"AYM00089577","2012-12-28","-80.37","77.37","4084.0","DOME PLATEAU DOME A, AY",,,,," -301","H,,S"
"AYM00089577","2012-12-29","-80.37","77.37","4084.0","DOME PLATEAU DOME A, AY",,,,," -262","H,,S"
"AYM00089577","2012-12-30","-80.37","77.37","4084.0","DOME PLATEAU DOME A, AY",,,,," -291","H,,S"
"AYM00089577","2012-12-31","-80.37","77.37","4084.0","DOME PLATEAU DOME A, AY",,,,," -282","H,,S"
"AYM00089577","2013-01-01","-80.37","77.37","4084.0","DOME PLATEAU DOME A, AY",,,,," -308","H,,S"
"AYM00089577","2013-01-02","-80.37","77.37","4084.0","DOME PLATEAU DOME A, AY",,,,," -338","H,,S"
"AYM00089577","2013-01-03","-80.37","77.37","4084.0","DOME PLATEAU DOME A, AY",,,,," -341","H,,S"
"AYM00089577","2013-01-04","-80.37","77.37","4084.0","DOME PLATEAU DOME A, AY",,,,," -303","H,,S"
"AYM00089577","2013-01-05","-80.37","77.37","4084.0","DOME PLATEAU DOME A, AY",,,,," -296","H,,S"
"AYM00089577","2013-01-06","-80.37","77.37","4084.0","DOME PLATEAU DOME A, AY",,,,," -316","H,,S"
"AYM00089577","2013-01-07","-80.37","77.37","4084.0","DOME PLATEAU DOME A, AY",,,,," -321","H,,S"
"AYM00089577","2013-01-08","-80.37","77.37","4084.0","DOME PLATEAU DOME A, AY",,,,," -318","H,,S"
"AYM00089577","2013-01-09","-80.37","77.37","4084.0","DOME PLATEAU DOME A, AY",,,,," -299","H,,S"
"AYM00089577","2013-01-10","-80.37","77.37","4084.0","DOME PLATEAU DOME A, AY",,,,," -301","H,,S"
"AYM00089577","2013-01-11","-80.37","77.37","4084.0","DOME PLATEAU DOME A, AY",,,,," -334","H,,S"
"AYM00089577","2013-01-12","-80.37","77.37","4084.0","DOME PLATEAU DOME A, AY",,,,," -330","H,,S"
"AYM00089577","2013-01-13","-80.37","77.37","4084.0","DOME PLATEAU DOME A, AY",,,,," -302","H,,S"
"AYM00089577","2013-01-14","-80.37","77.37","4084.0","DOME PLATEAU DOME A, AY",,,,," -351","H,,S"
"AYM00089577","2013-01-15","-80.37","77.37","4084.0","DOME PLATEAU DOME A, AY",,,,," -351","H,,S"
"AYM00089577","2013-01-16","-80.37","77.37","4084.0","DOME PLATEAU DOME A, AY",,,,," -341","H,,S"
"AYM00089577","2013-01-17","-80.37","77.37","4084.0","DOME PLATEAU DOME A, AY",,,,," -355","H,,S"
"AYM00089577","2013-01-18","-80.37","77.37","4084.0","DOME PLATEAU DOME A, AY",,,,," -358","H,,S"
"AYM00089577","2013-01-19","-80.37","77.37","4084.0","DOME PLATEAU DOME A, AY",,,,," -349","H,,S"
"AYM00089577","2013-01-20","-80.37","77.37","4084.0","DOME PLATEAU DOME A, AY",,,,," -356","H,,S"
"AYM00089577","2013-01-21","-80.37","77.37","4084.0","DOME PLATEAU DOME A, AY",,,,," -353","H,,S"
"AYM00089577","2013-01-22","-80.37","77.37","4084.0","DOME PLATEAU DOME A, AY",,,,," -362","H,,S"
"AYM00089577","2013-01-23","-80.37","77.37","4084.0","DOME PLATEAU DOME A, AY",,,,," -359","H,,S"
"AYM00089577","2013-01-24","-80.37","77.37","4084.0","DOME PLATEAU DOME A, AY",,,,," -368","H,,S"
"AYM00089577","2013-01-25","-80.37","77.37","4084.0","DOME PLATEAU DOME A, AY",,,,," -353","H,,S"
"AYM00089577","2013-01-26","-80.37","77.37","4084.0","DOME PLATEAU DOME A, AY",,,,," -359","H,,S"
"AYM00089577","2013-01-27","-80.37","77.37","4084.0","DOME PLATEAU DOME A, AY",,,,," -392","H,,S"
"AYM00089577","2013-01-28","-80.37","77.37","4084.0","DOME PLATEAU DOME A, AY",,,,," -369","H,,S"
"AYM00089577","2013-01-29","-80.37","77.37","4084.0","DOME PLATEAU DOME A, AY",,,,," -318","H,,S"
"AYM00089577","2013-01-30","-80.37","77.37","4084.0","DOME PLATEAU DOME A, AY",,,,," -408","H,,S"
"AYM00089577","2013-01-31","-80.37","77.37","4084.0","DOME PLATEAU DOME A, AY",,,,," -394","H,,S"
"AYM00089577","2013-02-01","-80.37","77.37","4084.0","DOME PLATEAU DOME A, AY",,,,," -367","H,,S"
"AYM00089577","2013-02-02","-80.37","77.37","4084.0","DOME PLATEAU DOME A, AY",,,,," -399","H,,S"
"AYM00089577","2013-02-03","-80.37","77.37","4084.0","DOME PLATEAU DOME A, AY",,,,," -410","H,,S"
"AYM00089577","2013-02-04","-80.37","77.37","4084.0","DOME PLATEAU DOME A, AY",,,,," -451","H,,S"
"AYM00089577","2013-02-05","-80.37","77.37","4084.0","DOME PLATEAU DOME A, AY",,,,," -477","H,,S"
"AYM00089577","2013-02-06","-80.37","77.37","4084.0","DOME PLATEAU DOME A, AY",,,,," -465","H,,S"
"AYM00089577","2013-02-07","-80.37","77.37","4084.0","DOME PLATEAU DOME A, AY",,,,," -455","H,,S"
"AYM00089577","2013-02-08","-80.37","77.37","4084.0","DOME PLATEAU DOME A, AY",,,,," -458","H,,S"
"AYM00089577","2013-02-09","-80.37","77.37","4084.0","DOME PLATEAU DOME A, AY",,,,," -449","H,,S"
"AYM00089577","2013-02-10","-80.37","77.37","4084.0","DOME PLATEAU DOME A, AY",,,,," -459","H,,S"
"AYM00089577","2013-02-11","-80.37","77.37","4084.0","DOME PLATEAU DOME A, AY",,,,," -470","H,,S"
"AYM00089577","2013-02-12","-80.37","77.37","4084.0","DOME PLATEAU DOME A, AY",,,,," -482","H,,S"
"AYM00089577","2013-02-13","-80.37","77.37","4084.0","DOME PLATEAU DOME A, AY",,,,," -482","H,,S"
"AYM00089577","2013-02-14","-80.37","77.37","4084.0","DOME PLATEAU DOME A, AY",,,,," -502","H,,S"
"AYM00089577","2013-02-15","-80.37","77.37","4084.0","DOME PLATEAU DOME A, AY",,,,," -508","H,,S"
"AYM00089577","2013-02-16","-80.37","77.37","4084.0","DOME PLATEAU DOME A, AY",,,,," -484","H,,S"
"AYM00089577","2013-02-17","-80.37","77.37","4084.0","DOME PLATEAU DOME A, AY",,,,," -478","H,,S"
"AYM00089577","2013-02-18","-80.37","77.37","4084.0","DOME PLATEAU DOME A, AY",,,,," -490","H,,S"
"AYM00089577","2013-02-19","-80.37","77.37","4084.0","DOME PLATEAU DOME A, AY",,,,," -477","H,,S"
"AYM00089577","2013-02-20","-80.37","77.37","4084.0","DOME PLATEAU DOME A, AY",,,,," -544","H,,S"
"AYM00089577","2013-02-21","-80.37","77.37","4084.0","DOME PLATEAU DOME A, AY",,,,," -525","H,,S"
"AYM00089577","2013-02-22","-80.37","77.37","4084.0","DOME PLATEAU DOME A, AY",,,,," -501","H,,S"
"AYM00089577","2013-02-23","-80.37","77.37","4084.0","DOME PLATEAU DOME A, AY",,,,," -487","H,,S"
"AYM00089577","2013-02-24","-80.37","77.37","4084.0","DOME PLATEAU DOME A, AY",,,,," -498","H,,S"
"AYM00089577","2013-02-25","-80.37","77.37","4084.0","DOME PLATEAU DOME A, AY",,,,," -505","H,,S"
"AYM00089577","2013-02-26","-80.37","77.37","4084.0","DOME PLATEAU DOME A, AY",,,,," -480","H,,S"
"AYM00089577","2013-02-27","-80.37","77.37","4084.0","DOME PLATEAU DOME A, AY",,,,," -482","H,,S"
"AYM00089577","2013-02-28","-80.37","77.37","4084.0","DOME PLATEAU DOME A, AY",,,,," -504","H,,S"
"AYM00089577","2013-03-01","-80.37","77.37","4084.0","DOME PLATEAU DOME A, AY",,,,," -509","H,,S"
"AYM00089577","2013-03-02","-80.37","77.37","4084.0","DOME PLATEAU DOME A, AY",,,,," -531","H,,S"
"AYM00089577","2013-03-03","-80.37","77.37","4084.0","DOME PLATEAU DOME A, AY",,,,," -519","H,,S"
"AYM00089577","2013-03-04","-80.37","77.37","4084.0","DOME PLATEAU DOME A, AY",,,,," -519","H,,S"
"AYM00089577","2013-03-05","-80.37","77.37","4084.0","DOME PLATEAU DOME A, AY",,,,," -517","H,,S"
"AYM00089577","2013-03-06","-80.37","77.37","4084.0","DOME PLATEAU DOME A, AY",,,,," -558","H,,S"
"AYM00089577","2013-03-07","-80.37","77.37","4084.0","DOME PLATEAU DOME A, AY",,,,," -586","H,,S"
"AYM00089577","2013-03-08","-80.37","77.37","4084.0","DOME PLATEAU DOME A, AY",,,,," -598","H,,S"
"AYM00089577","2013-03-09","-80.37","77.37","4084.0","DOME PLATEAU DOME A, AY",,,,," -620","H,,S"
"AYM00089577","2013-03-10","-80.37","77.37","4084.0","DOME PLATEAU DOME A, AY",,,,," -607","H,,S"
"AYM00089577","2013-03-11","-80.37","77.37","4084.0","DOME PLATEAU DOME A, AY",,,,," -576","H,,S"
"AYM00089577","2013-03-12","-80.37","77.37","4084.0","DOME PLATEAU DOME A, AY",,,,," -600","H,,S"
"AYM00089577","2013-03-13","-80.37","77.37","4084.0","DOME PLATEAU DOME A, AY",,,,," -589","H,,S"
"AYM00089577","2013-03-14","-80.37","77.37","4084.0","DOME PLATEAU DOME A, AY",,,,," -583","H,,S"
"AYM00089577","2013-03-15","-80.37","77.37","4084.0","DOME PLATEAU DOME A, AY",,,,," -622","H,,S"
"AYM00089577","2013-03-16","-80.37","77.37","4084.0","DOME PLATEAU DOME A, AY",,,,," -607","H,,S"
"AYM00089577","2013-03-17","-80.37","77.37","4084.0","DOME PLATEAU DOME A, AY",,,,," -599","H,,S"
"AYM00089577","2013-03-18","-80.37","77.37","4084.0","DOME PLATEAU DOME A, AY",,,,," -611","H,,S"
"AYM00089577","2013-03-19","-80.37","77.37","4084.0","DOME PLATEAU DOME A, AY",,,,," -638","H,,S"
"AYM00089577","2013-03-20","-80.37","77.37","4084.0","DOME PLATEAU DOME A, AY",,,,," -638","H,,S"
"AYM00089577","2013-03-21","-80.37","77.37","4084.0","DOME PLATEAU DOME A, AY",,,,," -632","H,,S"
"AYM00089577","2013-03-22","-80.37","77.37","4084.0","DOME PLATEAU DOME A, AY",,,,," -642","H,,S"
"AYM00089577","2013-03-23","-80.37","77.37","4084.0","DOME PLATEAU DOME A, AY",,,,," -697","H,,S"
"AYM00089577","2013-03-24","-80.37","77.37","4084.0","DOME PLATEAU DOME A, AY",,,,," -687","H,,S"
"AYM00089577","2013-03-25","-80.37","77.37","4084.0","DOME PLATEAU DOME A, AY",,,,," -679","H,,S"
"AYM00089577","2013-03-26","-80.37","77.37","4084.0","DOME PLATEAU DOME A, AY",,,,," -684","H,,S"
"AYM00089577","2013-03-27","-80.37","77.37","4084.0","DOME PLATEAU DOME A, AY",,,,," -715","H,,S"
"AYM00089577","2013-03-28","-80.37","77.37","4084.0","DOME PLATEAU DOME A, AY",,,,," -703","H,,S"
"AYM00089577","2013-03-29","-80.37","77.37","4084.0","DOME PLATEAU DOME A, AY",,,,," -688","H,,S"
"AYM00089577","2013-03-30","-80.37","77.37","4084.0","DOME PLATEAU DOME A, AY",,,,," -687","H,,S"
"AYM00089577","2013-03-31","-80.37","77.37","4084.0","DOME PLATEAU DOME A, AY",,,,," -679","H,,S"
"AYM00089577","2013-04-01","-80.37","77.37","4084.0","DOME PLATEAU DOME A, AY",,,,," -693","H,,S"
"AYM00089577","2013-04-03","-80.37","77.37","4084.0","DOME PLATEAU DOME A, AY",,,,," -729","H,,S"
"AYM00089577","2013-04-04","-80.37","77.37","4084.0","DOME PLATEAU DOME A, AY",,,,," -693","H,,S"
"AYM00089577","2013-04-05","-80.37","77.37","4084.0","DOME PLATEAU DOME A, AY",,,,," -687","H,,S"
"AYM00089577","2013-04-06","-80.37","77.37","4084.0","DOME PLATEAU DOME A, AY",,,,," -690","H,,S"
"AYM00089577","2013-04-07","-80.37","77.37","4084.0","DOME PLATEAU DOME A, AY",,,,," -687","H,,S"
"AYM00089577","2013-04-08","-80.37","77.37","4084.0","DOME PLATEAU DOME A, AY",,,,," -680","H,,S"
"AYM00089577","2013-04-09","-80.37","77.37","4084.0","DOME PLATEAU DOME A, AY",,,,," -658","H,,S"
"AYM00089577","2013-04-10","-80.37","77.37","4084.0","DOME PLATEAU DOME A, AY",,,,," -632","H,,S"
"AYM00089577","2013-04-11","-80.37","77.37","4084.0","DOME PLATEAU DOME A, AY",,,,," -629","H,,S"
"AYM00089577","2013-04-12","-80.37","77.37","4084.0","DOME PLATEAU DOME A, AY",,,,," -674","H,,S"
"AYM00089577","2013-04-13","-80.37","77.37","4084.0","DOME PLATEAU DOME A, AY",,,,," -642","H,,S"
"AYM00089577","2013-04-14","-80.37","77.37","4084.0","DOME PLATEAU DOME A, AY",,,,," -637","H,,S"
"AYM00089577","2013-04-15","-80.37","77.37","4084.0","DOME PLATEAU DOME A, AY",,,,," -676","H,,S"
"AYM00089577","2013-04-16","-80.37","77.37","4084.0","DOME PLATEAU DOME A, AY",,,,," -661","H,,S"
"AYM00089577","2013-04-17","-80.37","77.37","4084.0","DOME PLATEAU DOME A, AY",,,,," -671","H,,S"
"AYM00089577","2013-04-18","-80.37","77.37","4084.0","DOME PLATEAU DOME A, AY",,,,," -624","H,,S"
"AYM00089577","2013-04-19","-80.37","77.37","4084.0","DOME PLATEAU DOME A, AY",,,,," -661","H,,S"
"AYM00089577","2013-04-20","-80.37","77.37","4084.0","DOME PLATEAU DOME A, AY",,,,," -643","H,,S"
"AYM00089577","2013-04-21","-80.37","77.37","4084.0","DOME PLATEAU DOME A, AY",,,,," -628","H,,S"
"AYM00089577","2013-04-22","-80.37","77.37","4084.0","DOME PLATEAU DOME A, AY",,,,," -597","H,,S"
"AYM00089577","2013-04-23","-80.37","77.37","4084.0","DOME PLATEAU DOME A, AY",,,,," -566","H,,S"
"AYM00089577","2013-04-24","-80.37","77.37","4084.0","DOME PLATEAU DOME A, AY",,,,," -612","H,,S"
"AYM00089577","2013-04-25","-80.37","77.37","4084.0","DOME PLATEAU DOME A, AY",,,,," -570","H,,S"
"AYM00089577","2013-04-26","-80.37","77.37","4084.0","DOME PLATEAU DOME A, AY",,,,," -596","H,,S"
"AYM00089577","2013-04-27","-80.37","77.37","4084.0","DOME PLATEAU DOME A, AY",,,,," -658","H,,S"
"AYM00089577","2013-04-28","-80.37","77.37","4084.0","DOME PLATEAU DOME A, AY",,,,," -639","H,,S"
"AYM00089577","2013-04-29","-80.37","77.37","4084.0","DOME PLATEAU DOME A, AY",,,,," -653","H,,S"
"AYM00089577","2013-04-30","-80.37","77.37","4084.0","DOME PLATEAU DOME A, AY",,,,," -631","H,,S"
"AYM00089577","2013-05-01","-80.37","77.37","4084.0","DOME PLATEAU DOME A, AY",,,,," -617","H,,S"
"AYM00089577","2013-05-02","-80.37","77.37","4084.0","DOME PLATEAU DOME A, AY",,,,," -666","H,,S"
"AYM00089577","2013-05-03","-80.37","77.37","4084.0","DOME PLATEAU DOME A, AY",,,,," -566","H,,S"
"AYM00089577","2013-05-04","-80.37","77.37","4084.0","DOME PLATEAU DOME A, AY",,,,," -524","H,,S"
"AYM00089577","2013-05-05","-80.37","77.37","4084.0","DOME PLATEAU DOME A, AY",,,,," -544","H,,S"
"AYM00089577","2013-05-06","-80.37","77.37","4084.0","DOME PLATEAU DOME A, AY",,,,," -641","H,,S"
"AYM00089577","2013-05-07","-80.37","77.37","4084.0","DOME PLATEAU DOME A, AY",,,,," -689","H,,S"
"AYM00089577","2013-05-08","-80.37","77.37","4084.0","DOME PLATEAU DOME A, AY",,,,," -671","H,,S"
"AYM00089577","2013-05-09","-80.37","77.37","4084.0","DOME PLATEAU DOME A, AY",,,,," -692","H,,S"
"AYM00089577","2013-05-10","-80.37","77.37","4084.0","DOME PLATEAU DOME A, AY",,,,," -712","H,,S"
"AYM00089577","2013-05-11","-80.37","77.37","4084.0","DOME PLATEAU DOME A, AY",,,,," -716","H,,S"
"AYM00089577","2013-05-12","-80.37","77.37","4084.0","DOME PLATEAU DOME A, AY",,,,," -741","H,,S"
"AYM00089577","2013-05-13","-80.37","77.37","4084.0","DOME PLATEAU DOME A, AY",,,,," -718","H,,S"
"AYM00089577","2013-05-14","-80.37","77.37","4084.0","DOME PLATEAU DOME A, AY",,,,," -647","H,,S"
"AYM00089577","2013-05-15","-80.37","77.37","4084.0","DOME PLATEAU DOME A, AY",,,,," -702","H,,S"
"AYM00089577","2013-05-16","-80.37","77.37","4084.0","DOME PLATEAU DOME A, AY",,,,," -653","H,,S"
"AYM00089577","2013-05-17","-80.37","77.37","4084.0","DOME PLATEAU DOME A, AY",,,,," -622","H,,S"
"AYM00089577","2013-05-18","-80.37","77.37","4084.0","DOME PLATEAU DOME A, AY",,,,," -668","H,,S"
"AYM00089577","2013-05-19","-80.37","77.37","4084.0","DOME PLATEAU DOME A, AY",,,,," -652","H,,S"
"AYM00089577","2013-05-20","-80.37","77.37","4084.0","DOME PLATEAU DOME A, AY",,,,," -687","H,,S"
"AYM00089577","2013-05-21","-80.37","77.37","4084.0","DOME PLATEAU DOME A, AY",,,,," -711","H,,S"
"AYM00089577","2013-05-22","-80.37","77.37","4084.0","DOME PLATEAU DOME A, AY",,,,," -709","H,,S"
"AYM00089577","2013-05-23","-80.37","77.37","4084.0","DOME PLATEAU DOME A, AY",,,,," -602","H,,S"
"AYM00089577","2013-05-24","-80.37","77.37","4084.0","DOME PLATEAU DOME A, AY",,,,," -592","H,,S"
"AYM00089577","2013-05-25","-80.37","77.37","4084.0","DOME PLATEAU DOME A, AY",,,,," -669","H,,S"
"AYM00089577","2013-05-26","-80.37","77.37","4084.0","DOME PLATEAU DOME A, AY",,,,," -709","H,,S"
"AYM00089577","2013-05-27","-80.37","77.37","4084.0","DOME PLATEAU DOME A, AY",,,,," -702","H,,S"
"AYM00089577","2013-05-28","-80.37","77.37","4084.0","DOME PLATEAU DOME A, AY",,,,," -715","H,,S"
"AYM00089577","2013-05-29","-80.37","77.37","4084.0","DOME PLATEAU DOME A, AY",,,,," -712","H,,S"
"AYM00089577","2013-05-30","-80.37","77.37","4084.0","DOME PLATEAU DOME A, AY",,,,," -726","H,,S"
"AYM00089577","2013-05-31","-80.37","77.37","4084.0","DOME PLATEAU DOME A, AY",,,,," -688","H,,S"
"AYM00089577","2013-06-01","-80.37","77.37","4084.0","DOME PLATEAU DOME A, AY",,,,," -690","H,,S"
"AYM00089577","2013-06-02","-80.37","77.37","4084.0","DOME PLATEAU DOME A, AY",,,,," -620","H,,S"
"AYM00089577","2013-06-03","-80.37","77.37","4084.0","DOME PLATEAU DOME A, AY",,,,," -521","H,,S"
"AYM00089577","2013-06-04","-80.37","77.37","4084.0","DOME PLATEAU DOME A, AY",,,,," -588","H,,S"
"AYM00089577","2013-06-05","-80.37","77.37","4084.0","DOME PLATEAU DOME A, AY",,,,," -575","H,,S"
"AYM00089577","2013-06-06","-80.37","77.37","4084.0","DOME PLATEAU DOME A, AY",,,,," -582","H,,S"
"AYM00089577","2013-06-07","-80.37","77.37","4084.0","DOME PLATEAU DOME A, AY",,,,," -685","H,,S"
"AYM00089577","2013-06-08","-80.37","77.37","4084.0","DOME PLATEAU DOME A, AY",,,,," -698","H,,S"
"AYM00089577","2013-06-09","-80.37","77.37","4084.0","DOME PLATEAU DOME A, AY",,,,," -747","H,,S"
"AYM00089577","2013-06-10","-80.37","77.37","4084.0","DOME PLATEAU DOME A, AY",,,,," -608","H,,S"
"AYM00089577","2013-06-11","-80.37","77.37","4084.0","DOME PLATEAU DOME A, AY",,,,," -563","H,,S"
"AYM00089577","2013-06-12","-80.37","77.37","4084.0","DOME PLATEAU DOME A, AY",,,,," -567","H,,S"
"AYM00089577","2013-06-13","-80.37","77.37","4084.0","DOME PLATEAU DOME A, AY",,,,," -589","H,,S"
"AYM00089577","2013-06-14","-80.37","77.37","4084.0","DOME PLATEAU DOME A, AY",,,,," -590","H,,S"
"AYM00089577","2013-06-15","-80.37","77.37","4084.0","DOME PLATEAU DOME A, AY",,,,," -588","H,,S"
"AYM00089577","2013-06-16","-80.37","77.37","4084.0","DOME PLATEAU DOME A, AY",,,,," -622","H,,S"
"AYM00089577","2013-06-17","-80.37","77.37","4084.0","DOME PLATEAU DOME A, AY",,,,," -597","H,,S"
"AYM00089577","2013-06-18","-80.37","77.37","4084.0","DOME PLATEAU DOME A, AY",,,,," -612","H,,S"
"AYM00089577","2013-06-19","-80.37","77.37","4084.0","DOME PLATEAU DOME A, AY",,,,," -604","H,,S"
"AYM00089577","2013-06-20","-80.37","77.37","4084.0","DOME PLATEAU DOME A, AY",,,,," -576","H,,S"
"AYM00089577","2013-06-21","-80.37","77.37","4084.0","DOME PLATEAU DOME A, AY",,,,," -577","H,,S"
"AYM00089577","2013-06-22","-80.37","77.37","4084.0","DOME PLATEAU DOME A, AY",,,,," -522","H,,S"
"AYM00089577","2013-06-23","-80.37","77.37","4084.0","DOME PLATEAU DOME A, AY",,,,," -586","H,,S"
"AYM00089577","2013-06-24","-80.37","77.37","4084.0","DOME PLATEAU DOME A, AY",,,,," -538","H,,S"
"AYM00089577","2013-06-25","-80.37","77.37","4084.0","DOME PLATEAU DOME A, AY",,,,," -616","H,,S"
"AYM00089577","2013-06-26","-80.37","77.37","4084.0","DOME PLATEAU DOME A, AY",,,,," -677","H,,S"
"AYM00089577","2013-06-27","-80.37","77.37","4084.0","DOME PLATEAU DOME A, AY",,,,," -634","H,,S"
"AYM00089577","2013-06-28","-80.37","77.37","4084.0","DOME PLATEAU DOME A, AY",,,,," -612","H,,S"
"AYM00089577","2013-06-29","-80.37","77.37","4084.0","DOME PLATEAU DOME A, AY",,,,," -527","H,,S"
"AYM00089577","2013-06-30","-80.37","77.37","4084.0","DOME PLATEAU DOME A, AY",,,,," -576","H,,S"
"AYM00089577","2013-07-01","-80.37","77.37","4084.0","DOME PLATEAU DOME A, AY",,,,," -627","H,,S"
"AYM00089577","2013-07-02","-80.37","77.37","4084.0","DOME PLATEAU DOME A, AY",,,,," -597","H,,S"
"AYM00089577","2013-07-03","-80.37","77.37","4084.0","DOME PLATEAU DOME A, AY",,,,," -597","H,,S"
"AYM00089577","2013-07-04","-80.37","77.37","4084.0","DOME PLATEAU DOME A, AY",,,,," -624","H,,S"
"AYM00089577","2013-07-05","-80.37","77.37","4084.0","DOME PLATEAU DOME A, AY",,,,," -551","H,,S"
"AYM00089577","2013-07-06","-80.37","77.37","4084.0","DOME PLATEAU DOME A, AY",,,,," -575","H,,S"
"AYM00089577","2013-07-07","-80.37","77.37","4084.0","DOME PLATEAU DOME A, AY",,,,," -639","H,,S"
"AYM00089577","2013-07-08","-80.37","77.37","4084.0","DOME PLATEAU DOME A, AY",,,,," -618","H,,S"
"AYM00089577","2013-07-09","-80.37","77.37","4084.0","DOME PLATEAU DOME A, AY",,,,," -557","H,,S"
"AYM00089577","2013-07-10","-80.37","77.37","4084.0","DOME PLATEAU DOME A, AY",,,,," -608","H,,S"
"AYM00089577","2013-07-11","-80.37","77.37","4084.0","DOME PLATEAU DOME A, AY",,,,," -641","H,,S"
"AYM00089577","2013-07-12","-80.37","77.37","4084.0","DOME PLATEAU DOME A, AY",,,,," -666","H,,S"
"AYM00089577","2013-07-13","-80.37","77.37","4084.0","DOME PLATEAU DOME A, AY",,,,," -666","H,,S"
"AYM00089577","2013-07-14","-80.37","77.37","4084.0","DOME PLATEAU DOME A, AY",,,,," -692","H,,S"
"AYM00089577","2013-07-15","-80.37","77.37","4084.0","DOME PLATEAU DOME A, AY",,,,," -684","H,,S"
"AYM00089577","2013-07-16","-80.37","77.37","4084.0","DOME PLATEAU DOME A, AY",,,,," -752","H,,S"
"AYM00089577","2013-07-17","-80.37","77.37","4084.0","DOME PLATEAU DOME A, AY",,,,," -751","H,,S"
"AYM00089577","2013-07-18","-80.37","77.37","4084.0","DOME PLATEAU DOME A, AY",,,,," -714","H,,S"
"AYM00089577","2013-07-19","-80.37","77.37","4084.0","DOME PLATEAU DOME A, AY",,,,," -700","H,,S"
"AYM00089577","2013-07-20","-80.37","77.37","4084.0","DOME PLATEAU DOME A, AY",,,,," -693","H,,S"
"AYM00089577","2013-07-21","-80.37","77.37","4084.0","DOME PLATEAU DOME A, AY",,,,," -719","H,,S"
"AYM00089577","2013-07-22","-80.37","77.37","4084.0","DOME PLATEAU DOME A, AY",,,,," -676","H,,S"
"AYM00089577","2013-07-23","-80.37","77.37","4084.0","DOME PLATEAU DOME A, AY",,,,," -659","H,,S"
"AYM00089577","2013-07-24","-80.37","77.37","4084.0","DOME PLATEAU DOME A, AY",,,,," -587","H,,S"
"AYM00089577","2013-07-25","-80.37","77.37","4084.0","DOME PLATEAU DOME A, AY",,,,," -672","H,,S"
"AYM00089577","2013-07-26","-80.37","77.37","4084.0","DOME PLATEAU DOME A, AY",,,,," -706","H,,S"
"AYM00089577","2013-07-27","-80.37","77.37","4084.0","DOME PLATEAU DOME A, AY",,,,," -784","H,,S"
"AYM00089577","2013-07-28","-80.37","77.37","4084.0","DOME PLATEAU DOME A, AY",,,,," -752","H,,S"
"AYM00089577","2013-07-29","-80.37","77.37","4084.0","DOME PLATEAU DOME A, AY",,,,," -715","H,,S"
"AYM00089577","2013-07-30","-80.37","77.37","4084.0","DOME PLATEAU DOME A, AY",,,,," -779","H,,S"
"AYM00089577","2013-07-31","-80.37","77.37","4084.0","DOME PLATEAU DOME A, AY",,,,," -793","H,,S"
"AYM00089577","2013-08-01","-80.37","77.37","4084.0","DOME PLATEAU DOME A, AY",,,,," -777","H,,S"
"AYM00089577","2013-08-02","-80.37","77.37","4084.0","DOME PLATEAU DOME A, AY",,,,," -727","H,,S"
"AYM00089577","2013-08-03","-80.37","77.37","4084.0","DOME PLATEAU DOME A, AY",,,,," -556","H,,S"
"AYM00089577","2013-08-04","-80.37","77.37","4084.0","DOME PLATEAU DOME A, AY",,,,," -590","H,,S"
"AYM00089577","2013-08-05","-80.37","77.37","4084.0","DOME PLATEAU DOME A, AY",,,,," -536","H,,S"
"AYM00089577","2013-08-06","-80.37","77.37","4084.0","DOME PLATEAU DOME A, AY",,,,," -523","H,,S"
"AYM00089577","2013-08-07","-80.37","77.37","4084.0","DOME PLATEAU DOME A, AY",,,,," -556","H,,S"
"AYM00089577","2013-08-08","-80.37","77.37","4084.0","DOME PLATEAU DOME A, AY",,,,," -479","H,,S"
"AYM00089577","2013-08-09","-80.37","77.37","4084.0","DOME PLATEAU DOME A, AY",,,,," -396","H,,S"
"AYM00089577","2013-08-10","-80.37","77.37","4084.0","DOME PLATEAU DOME A, AY",,,,," -475","H,,S"
"AYM00089577","2013-08-11","-80.37","77.37","4084.0","DOME PLATEAU DOME A, AY",,,,," -549","H,,S"
"AYM00089577","2013-08-12","-80.37","77.37","4084.0","DOME PLATEAU DOME A, AY",,,,," -586","H,,S"
"AYM00089577","2013-08-13","-80.37","77.37","4084.0","DOME PLATEAU DOME A, AY",,,,," -598","H,,S"
"AYM00089577","2013-08-14","-80.37","77.37","4084.0","DOME PLATEAU DOME A, AY",,,,," -598","H,,S"
"AYM00089577","2013-08-15","-80.37","77.37","4084.0","DOME PLATEAU DOME A, AY",,,,," -637","H,,S"
"AYM00089577","2013-08-16","-80.37","77.37","4084.0","DOME PLATEAU DOME A, AY",,,,," -649","H,,S"
"AYM00089577","2013-08-17","-80.37","77.37","4084.0","DOME PLATEAU DOME A, AY",,,,," -636","H,,S"
"AYM00089577","2013-08-18","-80.37","77.37","4084.0","DOME PLATEAU DOME A, AY",,,,," -615","H,,S"
"AYM00089577","2013-08-19","-80.37","77.37","4084.0","DOME PLATEAU DOME A, AY",,,,," -579","H,,S"
"AYM00089577","2013-08-20","-80.37","77.37","4084.0","DOME PLATEAU DOME A, AY",,,,," -645","H,,S"
"AYM00089577","2013-08-21","-80.37","77.37","4084.0","DOME PLATEAU DOME A, AY",,,,," -629","H,,S"
"AYM00089577","2013-08-22","-80.37","77.37","4084.0","DOME PLATEAU DOME A, AY",,,,," -708","H,,S"
"AYM00089577","2013-08-23","-80.37","77.37","4084.0","DOME PLATEAU DOME A, AY",,,,," -656","H,,S"
"AYM00089577","2013-08-24","-80.37","77.37","4084.0","DOME PLATEAU DOME A, AY",,,,," -663","H,,S"
"AYM00089577","2013-08-25","-80.37","77.37","4084.0","DOME PLATEAU DOME A, AY",,,,," -677","H,,S"
"AYM00089577","2013-08-26","-80.37","77.37","4084.0","DOME PLATEAU DOME A, AY",,,,," -736","H,,S"
"AYM00089577","2013-08-27","-80.37","77.37","4084.0","DOME PLATEAU DOME A, AY",,,,," -748","H,,S"
"AYM00089577","2013-08-28","-80.37","77.37","4084.0","DOME PLATEAU DOME A, AY",,,,," -724","H,,S"
"AYM00089577","2013-08-29","-80.37","77.37","4084.0","DOME PLATEAU DOME A, AY",,,,," -675","H,,S"
"AYM00089577","2013-08-30","-80.37","77.37","4084.0","DOME PLATEAU DOME A, AY",,,,," -675","H,,S"
"AYM00089577","2013-08-31","-80.37","77.37","4084.0","DOME PLATEAU DOME A, AY",,,,," -687","H,,S"
"AYM00089577","2013-09-01","-80.37","77.37","4084.0","DOME PLATEAU DOME A, AY",,,,," -634","H,,S"
"AYM00089577","2013-09-02","-80.37","77.37","4084.0","DOME PLATEAU DOME A, AY",,,,," -551","H,,S"
"AYM00089577","2013-09-03","-80.37","77.37","4084.0","DOME PLATEAU DOME A, AY",,,,," -482","H,,S"
"AYM00089577","2013-09-04","-80.37","77.37","4084.0","DOME PLATEAU DOME A, AY",,,,," -635","H,,S"
"AYM00089577","2013-09-05","-80.37","77.37","4084.0","DOME PLATEAU DOME A, AY",,,,," -642","H,,S"
"AYM00089577","2013-09-06","-80.37","77.37","4084.0","DOME PLATEAU DOME A, AY",,,,," -676","H,,S"
"AYM00089577","2013-09-07","-80.37","77.37","4084.0","DOME PLATEAU DOME A, AY",,,,," -688","H,,S"
"AYM00089577","2013-09-08","-80.37","77.37","4084.0","DOME PLATEAU DOME A, AY",,,,," -607","H,,S"
"AYM00089577","2013-09-09","-80.37","77.37","4084.0","DOME PLATEAU DOME A, AY",,,,," -449","H,,S"
"AYM00089577","2013-09-10","-80.37","77.37","4084.0","DOME PLATEAU DOME A, AY",,,,," -585","H,,S"
"AYM00089577","2013-09-11","-80.37","77.37","4084.0","DOME PLATEAU DOME A, AY",,,,," -655","H,,S"
"AYM00089577","2013-09-12","-80.37","77.37","4084.0","DOME PLATEAU DOME A, AY",,,,," -665","H,,S"
"AYM00089577","2013-09-13","-80.37","77.37","4084.0","DOME PLATEAU DOME A, AY",,,,," -610","H,,S"
"AYM00089577","2013-09-14","-80.37","77.37","4084.0","DOME PLATEAU DOME A, AY",,,,," -502","H,,S"
"AYM00089577","2013-09-15","-80.37","77.37","4084.0","DOME PLATEAU DOME A, AY",,,,," -580","H,,S"
"AYM00089577","2013-09-16","-80.37","77.37","4084.0","DOME PLATEAU DOME A, AY",,,,," -609","H,,S"
"AYM00089577","2013-09-17","-80.37","77.37","4084.0","DOME PLATEAU DOME A, AY",,,,," -608","H,,S"
"AYM00089577","2013-09-18","-80.37","77.37","4084.0","DOME PLATEAU DOME A, AY",,,,," -633","H,,S"
"AYM00089577","2013-09-19","-80.37","77.37","4084.0","DOME PLATEAU DOME A, AY",,,,," -586","H,,S"
"AYM00089577","2013-09-20","-80.37","77.37","4084.0","DOME PLATEAU DOME A, AY",,,,," -628","H,,S"
"AYM00089577","2013-09-21","-80.37","77.37","4084.0","DOME PLATEAU DOME A, AY",,,,," -537","H,,S"
"AYM00089577","2013-09-22","-80.37","77.37","4084.0","DOME PLATEAU DOME A, AY",,,,," -601","H,,S"
"AYM00089577","2013-09-23","-80.37","77.37","4084.0","DOME PLATEAU DOME A, AY",,,,," -603","H,,S"
"AYM00089577","2013-09-24","-80.37","77.37","4084.0","DOME PLATEAU DOME A, AY",,,,," -599","H,,S"
"AYM00089577","2013-09-25","-80.37","77.37","4084.0","DOME PLATEAU DOME A, AY",,,,," -563","H,,S"
"AYM00089577","2013-09-26","-80.37","77.37","4084.0","DOME PLATEAU DOME A, AY",,,,," -588","H,,S"
"AYM00089577","2013-09-27","-80.37","77.37","4084.0","DOME PLATEAU DOME A, AY",,,,," -477","H,,S"
"AYM00089577","2013-09-28","-80.37","77.37","4084.0","DOME PLATEAU DOME A, AY",,,,," -479","H,,S"
"AYM00089577","2013-09-29","-80.37","77.37","4084.0","DOME PLATEAU DOME A, AY",,,,," -507","H,,S"
"AYM00089577","2013-09-30","-80.37","77.37","4084.0","DOME PLATEAU DOME A, AY",,,,," -484","H,,S"
"AYM00089577","2013-10-01","-80.37","77.37","4084.0","DOME PLATEAU DOME A, AY",,,,," -503","H,,S"
"AYM00089577","2013-10-02","-80.37","77.37","4084.0","DOME PLATEAU DOME A, AY",,,,," -558","H,,S"
"AYM00089577","2013-10-03","-80.37","77.37","4084.0","DOME PLATEAU DOME A, AY",,,,," -558","H,,S"
"AYM00089577","2013-10-04","-80.37","77.37","4084.0","DOME PLATEAU DOME A, AY",,,,," -526","H,,S"
"AYM00089577","2013-10-05","-80.37","77.37","4084.0","DOME PLATEAU DOME A, AY",,,,," -561","H,,S"
"AYM00089577","2013-10-06","-80.37","77.37","4084.0","DOME PLATEAU DOME A, AY",,,,," -546","H,,S"
"AYM00089577","2013-10-07","-80.37","77.37","4084.0","DOME PLATEAU DOME A, AY",,,,," -512","H,,S"
"AYM00089577","2013-10-08","-80.37","77.37","4084.0","DOME PLATEAU DOME A, AY",,,,," -568","H,,S"
"AYM00089577","2013-10-09","-80.37","77.37","4084.0","DOME PLATEAU DOME A, AY",,,,," -580","H,,S"
"AYM00089577","2013-10-10","-80.37","77.37","4084.0","DOME PLATEAU DOME A, AY",,,,," -602","H,,S"
"AYM00089577","2013-10-11","-80.37","77.37","4084.0","DOME PLATEAU DOME A, AY",,,,," -570","H,,S"
"AYM00089577","2013-10-12","-80.37","77.37","4084.0","DOME PLATEAU DOME A, AY",,,,," -597","H,,S"
"AYM00089577","2013-10-13","-80.37","77.37","4084.0","DOME PLATEAU DOME A, AY",,,,," -586","H,,S"
"AYM00089577","2013-10-14","-80.37","77.37","4084.0","DOME PLATEAU DOME A, AY",,,,," -544","H,,S"
"AYM00089577","2013-10-15","-80.37","77.37","4084.0","DOME PLATEAU DOME A, AY",,,,," -516","H,,S"
"AYM00089577","2013-10-16","-80.37","77.37","4084.0","DOME PLATEAU DOME A, AY",,,,," -509","H,,S"
"AYM00089577","2013-10-17","-80.37","77.37","4084.0","DOME PLATEAU DOME A, AY",,,,," -561","H,,S"
"AYM00089577","2013-10-18","-80.37","77.37","4084.0","DOME PLATEAU DOME A, AY",,,,," -543","H,,S"
"AYM00089577","2013-10-19","-80.37","77.37","4084.0","DOME PLATEAU DOME A, AY",,,,," -527","H,,S"
"AYM00089577","2013-10-20","-80.37","77.37","4084.0","DOME PLATEAU DOME A, AY",,,,," -494","H,,S"
"AYM00089577","2013-10-21","-80.37","77.37","4084.0","DOME PLATEAU DOME A, AY",,,,," -526","H,,S"
"AYM00089577","2013-10-22","-80.37","77.37","4084.0","DOME PLATEAU DOME A, AY",,,,," -532","H,,S"
"AYM00089577","2013-10-23","-80.37","77.37","4084.0","DOME PLATEAU DOME A, AY",,,,," -523","H,,S"
"AYM00089577","2013-10-24","-80.37","77.37","4084.0","DOME PLATEAU DOME A, AY",,,,," -541","H,,S"
"AYM00089577","2013-10-25","-80.37","77.37","4084.0","DOME PLATEAU DOME A, AY",,,,," -525","H,,S"
"AYM00089577","2013-10-26","-80.37","77.37","4084.0","DOME PLATEAU DOME A, AY",,,,," -511","H,,S"
"AYM00089577","2013-10-27","-80.37","77.37","4084.0","DOME PLATEAU DOME A, AY",,,,," -503","H,,S"
"AYM00089577","2013-10-28","-80.37","77.37","4084.0","DOME PLATEAU DOME A, AY",,,,," -502","H,,S"
"AYM00089577","2013-10-29","-80.37","77.37","4084.0","DOME PLATEAU DOME A, AY",,,,," -526","H,,S"
"AYM00089577","2013-10-30","-80.37","77.37","4084.0","DOME PLATEAU DOME A, AY",,,,," -554","H,,S"
"AYM00089577","2013-10-31","-80.37","77.37","4084.0","DOME PLATEAU DOME A, AY",,,,," -563","H,,S"
"AYM00089577","2013-11-01","-80.37","77.37","4084.0","DOME PLATEAU DOME A, AY",,,,," -543","H,,S"
"AYM00089577","2013-11-02","-80.37","77.37","4084.0","DOME PLATEAU DOME A, AY",,,,," -491","H,,S"
"AYM00089577","2013-11-03","-80.37","77.37","4084.0","DOME PLATEAU DOME A, AY",,,,," -487","H,,S"
"AYM00089577","2013-11-04","-80.37","77.37","4084.0","DOME PLATEAU DOME A, AY",,,,," -462","H,,S"
"AYM00089577","2013-11-05","-80.37","77.37","4084.0","DOME PLATEAU DOME A, AY",,,,," -457","H,,S"
"AYM00089577","2013-11-06","-80.37","77.37","4084.0","DOME PLATEAU DOME A, AY",,,,," -456","H,,S"
"AYM00089577","2013-11-07","-80.37","77.37","4084.0","DOME PLATEAU DOME A, AY",,,,," -477","H,,S"
"AYM00089577","2013-11-08","-80.37","77.37","4084.0","DOME PLATEAU DOME A, AY",,,,," -453","H,,S"
"AYM00089577","2013-11-09","-80.37","77.37","4084.0","DOME PLATEAU DOME A, AY",,,,," -418","H,,S"
"AYM00089577","2013-11-10","-80.37","77.37","4084.0","DOME PLATEAU DOME A, AY",,,,," -379","H,,S"
"AYM00089577","2013-11-11","-80.37","77.37","4084.0","DOME PLATEAU DOME A, AY",,,,," -364","H,,S"
"AYM00089577","2013-11-12","-80.37","77.37","4084.0","DOME PLATEAU DOME A, AY",,,,," -389","H,,S"
"AYM00089577","2013-11-13","-80.37","77.37","4084.0","DOME PLATEAU DOME A, AY",,,,," -401","H,,S"
"AYM00089577","2013-11-14","-80.37","77.37","4084.0","DOME PLATEAU DOME A, AY",,,,," -383","H,,S"
"AYM00089577","2013-11-15","-80.37","77.37","4084.0","DOME PLATEAU DOME A, AY",,,,," -370","H,,S"
"AYM00089577","2013-11-16","-80.37","77.37","4084.0","DOME PLATEAU DOME A, AY",,,,," -385","H,,S"
"AYM00089577","2013-11-17","-80.37","77.37","4084.0","DOME PLATEAU DOME A, AY",,,,," -420","H,,S"
"AYM00089577","2013-11-18","-80.37","77.37","4084.0","DOME PLATEAU DOME A, AY",,,,," -384","H,,S"
"AYM00089577","2013-11-19","-80.37","77.37","4084.0","DOME PLATEAU DOME A, AY",,,,," -295","H,,S"
"AYM00089577","2013-11-20","-80.37","77.37","4084.0","DOME PLATEAU DOME A, AY",,,,," -324","H,,S"
"AYM00089577","2013-11-21","-80.37","77.37","4084.0","DOME PLATEAU DOME A, AY",,,,," -382","H,,S"
"AYM00089577","2013-11-22","-80.37","77.37","4084.0","DOME PLATEAU DOME A, AY",,,,," -379","H,,S"
"AYM00089577","2013-11-23","-80.37","77.37","4084.0","DOME PLATEAU DOME A, AY",,,,," -398","H,,S"
"AYM00089577","2013-11-24","-80.37","77.37","4084.0","DOME PLATEAU DOME A, AY",,,,," -377","H,,S"
"AYM00089577","2013-11-25","-80.37","77.37","4084.0","DOME PLATEAU DOME A, AY",,,,," -355","H,,S"
"AYM00089577","2013-11-26","-80.37","77.37","4084.0","DOME PLATEAU DOME A, AY",,,,," -323","H,,S"
"AYM00089577","2013-11-27","-80.37","77.37","4084.0","DOME PLATEAU DOME A, AY",,,,," -378","H,,S"
"AYM00089577","2013-11-28","-80.37","77.37","4084.0","DOME PLATEAU DOME A, AY",,,,," -308","H,,S"
"AYM00089577","2013-11-29","-80.37","77.37","4084.0","DOME PLATEAU DOME A, AY",,,,," -350","H,,S"
"AYM00089577","2013-11-30","-80.37","77.37","4084.0","DOME PLATEAU DOME A, AY",,,,," -328","H,,S"
"AYM00089577","2013-12-01","-80.37","77.37","4084.0","DOME PLATEAU DOME A, AY",,,,," -309","H,,S"
"AYM00089577","2013-12-02","-80.37","77.37","4084.0","DOME PLATEAU DOME A, AY",,,,," -293","H,,S"
"AYM00089577","2013-12-03","-80.37","77.37","4084.0","DOME PLATEAU DOME A, AY",,,,," -320","H,,S"
"AYM00089577","2013-12-04","-80.37","77.37","4084.0","DOME PLATEAU DOME A, AY",,,,," -328","H,,S"
"AYM00089577","2013-12-05","-80.37","77.37","4084.0","DOME PLATEAU DOME A, AY",,,,," -310","H,,S"
"AYM00089577","2013-12-06","-80.37","77.37","4084.0","DOME PLATEAU DOME A, AY",,,,," -298","H,,S"
"AYM00089577","2013-12-07","-80.37","77.37","4084.0","DOME PLATEAU DOME A, AY",,,,," -287","H,,S"
"AYM00089577","2013-12-08","-80.37","77.37","4084.0","DOME PLATEAU DOME A, AY",,,,," -324","H,,S"
"AYM00089577","2013-12-09","-80.37","77.37","4084.0","DOME PLATEAU DOME A, AY",,,,," -328","H,,S"
"AYM00089577","2013-12-10","-80.37","77.37","4084.0","DOME PLATEAU DOME A, AY",,,,," -313","H,,S"
"AYM00089577","2013-12-11","-80.37","77.37","4084.0","DOME PLATEAU DOME A, AY",,,,," -269","H,,S"
"AYM00089577","2013-12-12","-80.37","77.37","4084.0","DOME PLATEAU DOME A, AY",,,,," -311","H,,S"
"AYM00089577","2013-12-13","-80.37","77.37","4084.0","DOME PLATEAU DOME A, AY",,,,," -316","H,,S"
"AYM00089577","2013-12-14","-80.37","77.37","4084.0","DOME PLATEAU DOME A, AY",,,,," -298","H,,S"
"AYM00089577","2013-12-15","-80.37","77.37","4084.0","DOME PLATEAU DOME A, AY",,,,," -263","H,,S"
"AYM00089577","2013-12-16","-80.37","77.37","4084.0","DOME PLATEAU DOME A, AY",,,,," -306","H,,S"
"AYM00089577","2013-12-17","-80.37","77.37","4084.0","DOME PLATEAU DOME A, AY",,,,," -319","H,,S"
"AYM00089577","2013-12-18","-80.37","77.37","4084.0","DOME PLATEAU DOME A, AY",,,,," -269","H,,S"
"AYM00089577","2013-12-19","-80.37","77.37","4084.0","DOME PLATEAU DOME A, AY",,,,," -251","H,,S"
"AYM00089577","2013-12-20","-80.37","77.37","4084.0","DOME PLATEAU DOME A, AY",,,,," -288","H,,S"
"AYM00089577","2013-12-21","-80.37","77.37","4084.0","DOME PLATEAU DOME A, AY",,,,," -329","H,,S"
"AYM00089577","2013-12-22","-80.37","77.37","4084.0","DOME PLATEAU DOME A, AY",,,,," -319","H,,S"
"AYM00089577","2013-12-23","-80.37","77.37","4084.0","DOME PLATEAU DOME A, AY",,,,," -309","H,,S"
"AYM00089577","2013-12-24","-80.37","77.37","4084.0","DOME PLATEAU DOME A, AY",,,,," -323","H,,S"
"AYM00089577","2013-12-25","-80.37","77.37","4084.0","DOME PLATEAU DOME A, AY",,,,," -303","H,,S"
"AYM00089577","2013-12-26","-80.37","77.37","4084.0","DOME PLATEAU DOME A, AY",,,,," -347","H,,S"
"AYM00089577","2013-12-27","-80.37","77.37","4084.0","DOME PLATEAU DOME A, AY",,,,," -311","H,,S"
"AYM00089577","2013-12-28","-80.37","77.37","4084.0","DOME PLATEAU DOME A, AY",,,,," -304","H,,S"
"AYM00089577","2013-12-29","-80.37","77.37","4084.0","DOME PLATEAU DOME A, AY",,,,," -334","H,,S"
"AYM00089577","2013-12-30","-80.37","77.37","4084.0","DOME PLATEAU DOME A, AY",,,,," -347","H,,S"
"AYM00089577","2013-12-31","-80.37","77.37","4084.0","DOME PLATEAU DOME A, AY",,,,," -338","H,,S"
"AYM00089577","2014-01-01","-80.37","77.37","4084.0","DOME PLATEAU DOME A, AY",,,,," -319","H,,S"
"AYM00089577","2014-01-02","-80.37","77.37","4084.0","DOME PLATEAU DOME A, AY",,,,," -277","H,,S"
"AYM00089577","2014-01-03","-80.37","77.37","4084.0","DOME PLATEAU DOME A, AY",,,,," -268","H,,S"
"AYM00089577","2014-01-04","-80.37","77.37","4084.0","DOME PLATEAU DOME A, AY",,,,," -316","H,,S"
"AYM00089577","2014-01-05","-80.37","77.37","4084.0","DOME PLATEAU DOME A, AY",,,,," -310","H,,S"
"AYM00089577","2014-01-06","-80.37","77.37","4084.0","DOME PLATEAU DOME A, AY",,,,," -289","H,,S"
"AYM00089577","2014-01-07","-80.37","77.37","4084.0","DOME PLATEAU DOME A, AY",,,,," -301","H,,S"
"AYM00089577","2014-01-08","-80.37","77.37","4084.0","DOME PLATEAU DOME A, AY",,,,," -293","H,,S"
"AYM00089577","2014-01-09","-80.37","77.37","4084.0","DOME PLATEAU DOME A, AY",,,,," -280","H,,S"
"AYM00089577","2014-01-10","-80.37","77.37","4084.0","DOME PLATEAU DOME A, AY",,,,," -267","H,,S"
"AYM00089577","2014-01-11","-80.37","77.37","4084.0","DOME PLATEAU DOME A, AY",,,,," -302","H,,S"
"AYM00089577","2014-01-12","-80.37","77.37","4084.0","DOME PLATEAU DOME A, AY",,,,," -289","H,,S"
"AYM00089577","2014-01-13","-80.37","77.37","4084.0","DOME PLATEAU DOME A, AY",,,,," -281","H,,S"
"AYM00089577","2014-01-14","-80.37","77.37","4084.0","DOME PLATEAU DOME A, AY",,,,," -206","H,,S"
"AYM00089577","2014-01-15","-80.37","77.37","4084.0","DOME PLATEAU DOME A, AY",,,,," -222","H,,S"
"AYM00089577","2014-01-16","-80.37","77.37","4084.0","DOME PLATEAU DOME A, AY",,,,," -323","H,,S"
"AYM00089577","2014-01-17","-80.37","77.37","4084.0","DOME PLATEAU DOME A, AY",,,,," -326","H,,S"
"AYM00089577","2014-01-18","-80.37","77.37","4084.0","DOME PLATEAU DOME A, AY",,,,," -350","H,,S"
"AYM00089577","2014-01-19","-80.37","77.37","4084.0","DOME PLATEAU DOME A, AY",,,,," -344","H,,S"
"AYM00089577","2014-01-20","-80.37","77.37","4084.0","DOME PLATEAU DOME A, AY",,,,," -337","H,,S"
"AYM00089577","2014-01-21","-80.37","77.37","4084.0","DOME PLATEAU DOME A, AY",,,,," -332","H,,S"
"AYM00089577","2014-01-22","-80.37","77.37","4084.0","DOME PLATEAU DOME A, AY",,,,," -322","H,,S"
"AYM00089577","2014-01-23","-80.37","77.37","4084.0","DOME PLATEAU DOME A, AY",,,,," -332","H,,S"
"AYM00089577","2014-01-24","-80.37","77.37","4084.0","DOME PLATEAU DOME A, AY",,,,," -343","H,,S"
"AYM00089577","2014-01-25","-80.37","77.37","4084.0","DOME PLATEAU DOME A, AY",,,,," -353","H,,S"
"AYM00089577","2014-01-26","-80.37","77.37","4084.0","DOME PLATEAU DOME A, AY",,,,," -368","H,,S"
"AYM00089577","2014-01-27","-80.37","77.37","4084.0","DOME PLATEAU DOME A, AY",,,,," -392","H,,S"
"AYM00089577","2014-01-28","-80.37","77.37","4084.0","DOME PLATEAU DOME A, AY",,,,," -391","H,,S"
"AYM00089577","2014-01-29","-80.37","77.37","4084.0","DOME PLATEAU DOME A, AY",,,,," -412","H,,S"
"AYM00089577","2014-01-30","-80.37","77.37","4084.0","DOME PLATEAU DOME A, AY",,,,," -412","H,,S"
"AYM00089577","2014-01-31","-80.37","77.37","4084.0","DOME PLATEAU DOME A, AY",,,,," -394","H,,S"
"AYM00089577","2014-02-01","-80.37","77.37","4084.0","DOME PLATEAU DOME A, AY",,,,," -369","H,,S"
"AYM00089577","2014-02-02","-80.37","77.37","4084.0","DOME PLATEAU DOME A, AY",,,,," -362","H,,S"
"AYM00089577","2014-02-03","-80.37","77.37","4084.0","DOME PLATEAU DOME A, AY",,,,," -384","H,,S"
"AYM00089577","2014-02-04","-80.37","77.37","4084.0","DOME PLATEAU DOME A, AY",,,,," -441","H,,S"
"AYM00089577","2014-02-05","-80.37","77.37","4084.0","DOME PLATEAU DOME A, AY",,,,," -443","H,,S"
"AYM00089577","2014-02-06","-80.37","77.37","4084.0","DOME PLATEAU DOME A, AY",,,,," -452","H,,S"
"AYM00089577","2014-02-07","-80.37","77.37","4084.0","DOME PLATEAU DOME A, AY",,,,," -464","H,,S"
"AYM00089577","2014-02-08","-80.37","77.37","4084.0","DOME PLATEAU DOME A, AY",,,,," -461","H,,S"
"AYM00089577","2014-02-09","-80.37","77.37","4084.0","DOME PLATEAU DOME A, AY",,,,," -447","H,,S"
"AYM00089577","2014-02-10","-80.37","77.37","4084.0","DOME PLATEAU DOME A, AY",,,,," -450","H,,S"
"AYM00089577","2014-02-11","-80.37","77.37","4084.0","DOME PLATEAU DOME A, AY",,,,," -451","H,,S"
"AYM00089577","2014-02-12","-80.37","77.37","4084.0","DOME PLATEAU DOME A, AY",,,,," -478","H,,S"
"AYM00089577","2014-02-13","-80.37","77.37","4084.0","DOME PLATEAU DOME A, AY",,,,," -458","H,,S"
"AYM00089577","2014-02-14","-80.37","77.37","4084.0","DOME PLATEAU DOME A, AY",,,,," -447","H,,S"
"AYM00089577","2014-02-15","-80.37","77.37","4084.0","DOME PLATEAU DOME A, AY",,,,," -446","H,,S"
"AYM00089577","2014-02-16","-80.37","77.37","4084.0","DOME PLATEAU DOME A, AY",,,,," -472","H,,S"
"AYM00089577","2014-02-17","-80.37","77.37","4084.0","DOME PLATEAU DOME A, AY",,,,," -469","H,,S"
"AYM00089577","2014-02-18","-80.37","77.37","4084.0","DOME PLATEAU DOME A, AY",,,,," -468","H,,S"
"AYM00089577","2014-02-19","-80.37","77.37","4084.0","DOME PLATEAU DOME A, AY",,,,," -478","H,,S"
"AYM00089577","2014-02-20","-80.37","77.37","4084.0","DOME PLATEAU DOME A, AY",,,,," -406","H,,S"
"AYM00089577","2014-02-21","-80.37","77.37","4084.0","DOME PLATEAU DOME A, AY",,,,," -437","H,,S"
"AYM00089577","2014-02-22","-80.37","77.37","4084.0","DOME PLATEAU DOME A, AY",,,,," -472","H,,S"
"AYM00089577","2014-02-23","-80.37","77.37","4084.0","DOME PLATEAU DOME A, AY",,,,," -474","H,,S"
"AYM00089577","2014-02-24","-80.37","77.37","4084.0","DOME PLATEAU DOME A, AY",,,,," -476","H,,S"
"AYM00089577","2014-02-25","-80.37","77.37","4084.0","DOME PLATEAU DOME A, AY",,,,," -473","H,,S"
"AYM00089577","2014-02-26","-80.37","77.37","4084.0","DOME PLATEAU DOME A, AY",,,,," -493","H,,S"
"AYM00089577","2014-02-27","-80.37","77.37","4084.0","DOME PLATEAU DOME A, AY",,,,," -521","H,,S"
"AYM00089577","2014-02-28","-80.37","77.37","4084.0","DOME PLATEAU DOME A, AY",,,,," -467","H,,S"
"AYM00089577","2014-03-01","-80.37","77.37","4084.0","DOME PLATEAU DOME A, AY",,,,," -483","H,,S"
"AYM00089577","2014-03-02","-80.37","77.37","4084.0","DOME PLATEAU DOME A, AY",,,,," -551","H,,S"
"AYM00089577","2014-03-03","-80.37","77.37","4084.0","DOME PLATEAU DOME A, AY",,,,," -553","H,,S"
"AYM00089577","2014-03-04","-80.37","77.37","4084.0","DOME PLATEAU DOME A, AY",,,,," -530","H,,S"
"AYM00089577","2014-03-05","-80.37","77.37","4084.0","DOME PLATEAU DOME A, AY",,,,," -522","H,,S"
"AYM00089577","2014-03-06","-80.37","77.37","4084.0","DOME PLATEAU DOME A, AY",,,,," -511","H,,S"
"AYM00089577","2014-03-07","-80.37","77.37","4084.0","DOME PLATEAU DOME A, AY",,,,," -478","H,,S"
"AYM00089577","2014-03-08","-80.37","77.37","4084.0","DOME PLATEAU DOME A, AY",,,,," -563","H,,S"
"AYM00089577","2014-03-09","-80.37","77.37","4084.0","DOME PLATEAU DOME A, AY",,,,," -561","H,,S"
"AYM00089577","2014-03-10","-80.37","77.37","4084.0","DOME PLATEAU DOME A, AY",,,,," -588","H,,S"
"AYM00089577","2014-03-11","-80.37","77.37","4084.0","DOME PLATEAU DOME A, AY",,,,," -585","H,,S"
"AYM00089577","2014-03-12","-80.37","77.37","4084.0","DOME PLATEAU DOME A, AY",,,,," -588","H,,S"
"AYM00089577","2014-03-13","-80.37","77.37","4084.0","DOME PLATEAU DOME A, AY",,,,," -592","H,,S"
"AYM00089577","2014-03-14","-80.37","77.37","4084.0","DOME PLATEAU DOME A, AY",,,,," -606","H,,S"
"AYM00089577","2014-03-15","-80.37","77.37","4084.0","DOME PLATEAU DOME A, AY",,,,," -596","H,,S"
"AYM00089577","2014-03-16","-80.37","77.37","4084.0","DOME PLATEAU DOME A, AY",,,,," -609","H,,S"
"AYM00089577","2014-03-17","-80.37","77.37","4084.0","DOME PLATEAU DOME A, AY",,,,," -631","H,,S"
"AYM00089577","2014-03-18","-80.37","77.37","4084.0","DOME PLATEAU DOME A, AY",,,,," -634","H,,S"
"AYM00089577","2014-03-19","-80.37","77.37","4084.0","DOME PLATEAU DOME A, AY",,,,," -663","H,,S"
"AYM00089577","2014-03-20","-80.37","77.37","4084.0","DOME PLATEAU DOME A, AY",,,,," -676","H,,S"
"AYM00089577","2014-03-21","-80.37","77.37","4084.0","DOME PLATEAU DOME A, AY",,,,," -694","H,,S"
"AYM00089577","2014-03-22","-80.37","77.37","4084.0","DOME PLATEAU DOME A, AY",,,,," -704","H,,S"
"AYM00089577","2014-03-23","-80.37","77.37","4084.0","DOME PLATEAU DOME A, AY",,,,," -698","H,,S"
"AYM00089577","2014-03-24","-80.37","77.37","4084.0","DOME PLATEAU DOME A, AY",,,,," -687","H,,S"
"AYM00089577","2014-03-25","-80.37","77.37","4084.0","DOME PLATEAU DOME A, AY",,,,," -659","H,,S"
"AYM00089577","2014-03-26","-80.37","77.37","4084.0","DOME PLATEAU DOME A, AY",,,,," -643","H,,S"
"AYM00089577","2014-03-27","-80.37","77.37","4084.0","DOME PLATEAU DOME A, AY",,,,," -631","H,,S"
"AYM00089577","2014-03-28","-80.37","77.37","4084.0","DOME PLATEAU DOME A, AY",,,,," -625","H,,S"
"AYM00089577","2014-03-29","-80.37","77.37","4084.0","DOME PLATEAU DOME A, AY",,,,," -670","H,,S"
"AYM00089577","2014-03-30","-80.37","77.37","4084.0","DOME PLATEAU DOME A, AY",,,,," -657","H,,S"
"AYM00089577","2014-03-31","-80.37","77.37","4084.0","DOME PLATEAU DOME A, AY",,,,," -640","H,,S"
"AYM00089577","2014-04-01","-80.37","77.37","4084.0","DOME PLATEAU DOME A, AY",,,,," -604","H,,S"
"AYM00089577","2014-04-02","-80.37","77.37","4084.0","DOME PLATEAU DOME A, AY",,,,," -623","H,,S"
"AYM00089577","2014-04-03","-80.37","77.37","4084.0","DOME PLATEAU DOME A, AY",,,,," -653","H,,S"
"AYM00089577","2014-04-04","-80.37","77.37","4084.0","DOME PLATEAU DOME A, AY",,,,," -688","H,,S"
"AYM00089577","2014-04-05","-80.37","77.37","4084.0","DOME PLATEAU DOME A, AY",,,,," -688","H,,S"
"AYM00089577","2014-04-06","-80.37","77.37","4084.0","DOME PLATEAU DOME A, AY",,,,," -662","H,,S"
"AYM00089577","2014-04-07","-80.37","77.37","4084.0","DOME PLATEAU DOME A, AY",,,,," -651","H,,S"
"AYM00089577","2014-04-08","-80.37","77.37","4084.0","DOME PLATEAU DOME A, AY",,,,," -626","H,,S"
"AYM00089577","2014-04-09","-80.37","77.37","4084.0","DOME PLATEAU DOME A, AY",,,,," -650","H,,S"
"AYM00089577","2014-04-10","-80.37","77.37","4084.0","DOME PLATEAU DOME A, AY",,,,," -670","H,,S"
"AYM00089577","2014-04-11","-80.37","77.37","4084.0","DOME PLATEAU DOME A, AY",,,,," -716","H,,S"
"AYM00089577","2014-04-12","-80.37","77.37","4084.0","DOME PLATEAU DOME A, AY",,,,," -689","H,,S"
"AYM00089577","2014-04-13","-80.37","77.37","4084.0","DOME PLATEAU DOME A, AY",,,,," -638","H,,S"
"AYM00089577","2014-04-14","-80.37","77.37","4084.0","DOME PLATEAU DOME A, AY",,,,," -596","H,,S"
"AYM00089577","2014-04-15","-80.37","77.37","4084.0","DOME PLATEAU DOME A, AY",,,,," -638","H,,S"
"AYM00089577","2014-04-16","-80.37","77.37","4084.0","DOME PLATEAU DOME A, AY",,,,," -562","H,,S"
"AYM00089577","2014-04-17","-80.37","77.37","4084.0","DOME PLATEAU DOME A, AY",,,,," -521","H,,S"
"AYM00089577","2014-04-18","-80.37","77.37","4084.0","DOME PLATEAU DOME A, AY",,,,," -545","H,,S"
"AYM00089577","2014-04-19","-80.37","77.37","4084.0","DOME PLATEAU DOME A, AY",,,,," -621","H,,S"
"AYM00089577","2014-04-20","-80.37","77.37","4084.0","DOME PLATEAU DOME A, AY",,,,," -649","H,,S"
"AYM00089577","2014-04-21","-80.37","77.37","4084.0","DOME PLATEAU DOME A, AY",,,,," -633","H,,S"
"AYM00089577","2014-04-22","-80.37","77.37","4084.0","DOME PLATEAU DOME A, AY",,,,," -621","H,,S"
"AYM00089577","2014-04-23","-80.37","77.37","4084.0","DOME PLATEAU DOME A, AY",,,,," -672","H,,S"
"AYM00089577","2014-04-24","-80.37","77.37","4084.0","DOME PLATEAU DOME A, AY",,,,," -684","H,,S"
"AYM00089577","2014-04-25","-80.37","77.37","4084.0","DOME PLATEAU DOME A, AY",,,,," -684","H,,S"
"AYM00089577","2014-04-26","-80.37","77.37","4084.0","DOME PLATEAU DOME A, AY",,,,," -724","H,,S"
"AYM00089577","2014-04-28","-80.37","77.37","4084.0","DOME PLATEAU DOME A, AY",,,,," -716","H,,S"
"AYM00089577","2014-04-29","-80.37","77.37","4084.0","DOME PLATEAU DOME A, AY",,,,," -667","H,,S"
"AYM00089577","2014-04-30","-80.37","77.37","4084.0","DOME PLATEAU DOME A, AY",,,,," -683","H,,S"
"AYM00089577","2014-05-01","-80.37","77.37","4084.0","DOME PLATEAU DOME A, AY",,,,," -612","H,,S"
"AYM00089577","2014-05-02","-80.37","77.37","4084.0","DOME PLATEAU DOME A, AY",,,,," -646","H,,S"
"AYM00089577","2014-05-03","-80.37","77.37","4084.0","DOME PLATEAU DOME A, AY",,,,," -617","H,,S"
"AYM00089577","2014-05-04","-80.37","77.37","4084.0","DOME PLATEAU DOME A, AY",,,,," -663","H,,S"
"AYM00089577","2014-05-05","-80.37","77.37","4084.0","DOME PLATEAU DOME A, AY",,,,," -671","H,,S"
"AYM00089577","2014-05-06","-80.37","77.37","4084.0","DOME PLATEAU DOME A, AY",,,,," -683","H,,S"
"AYM00089577","2014-05-07","-80.37","77.37","4084.0","DOME PLATEAU DOME A, AY",,,,," -641","H,,S"
"AYM00089577","2014-05-08","-80.37","77.37","4084.0","DOME PLATEAU DOME A, AY",,,,," -601","H,,S"
"AYM00089577","2014-05-09","-80.37","77.37","4084.0","DOME PLATEAU DOME A, AY",,,,," -531","H,,S"
"AYM00089577","2014-05-10","-80.37","77.37","4084.0","DOME PLATEAU DOME A, AY",,,,," -599","H,,S"
"AYM00089577","2014-05-11","-80.37","77.37","4084.0","DOME PLATEAU DOME A, AY",,,,," -520","H,,S"
"AYM00089577","2014-05-12","-80.37","77.37","4084.0","DOME PLATEAU DOME A, AY",,,,," -552","H,,S"
"AYM00089577","2014-05-13","-80.37","77.37","4084.0","DOME PLATEAU DOME A, AY",,,,," -602","H,,S"
"AYM00089577","2014-05-14","-80.37","77.37","4084.0","DOME PLATEAU DOME A, AY",,,,," -553","H,,S"
"AYM00089577","2014-05-15","-80.37","77.37","4084.0","DOME PLATEAU DOME A, AY",,,,," -638","H,,S"
"AYM00089577","2014-05-16","-80.37","77.37","4084.0","DOME PLATEAU DOME A, AY",,,,," -658","H,,S"
"AYM00089577","2014-05-17","-80.37","77.37","4084.0","DOME PLATEAU DOME A, AY",,,,," -604","H,,S"
"AYM00089577","2014-05-18","-80.37","77.37","4084.0","DOME PLATEAU DOME A, AY",,,,," -559","H,,S"
"AYM00089577","2014-05-19","-80.37","77.37","4084.0","DOME PLATEAU DOME A, AY",,,,," -548","H,,S"
"AYM00089577","2014-05-20","-80.37","77.37","4084.0","DOME PLATEAU DOME A, AY",,,,," -634","H,,S"
"AYM00089577","2014-05-21","-80.37","77.37","4084.0","DOME PLATEAU DOME A, AY",,,,," -571","H,,S"
"AYM00089577","2014-05-22","-80.37","77.37","4084.0","DOME PLATEAU DOME A, AY",,,,," -473","H,,S"
"AYM00089577","2014-05-23","-80.37","77.37","4084.0","DOME PLATEAU DOME A, AY",,,,," -607","H,,S"
"AYM00089577","2014-05-24","-80.37","77.37","4084.0","DOME PLATEAU DOME A, AY",,,,," -639","H,,S"
"AYM00089577","2014-05-25","-80.37","77.37","4084.0","DOME PLATEAU DOME A, AY",,,,," -679","H,,S"
"AYM00089577","2014-05-26","-80.37","77.37","4084.0","DOME PLATEAU DOME A, AY",,,,," -641","H,,S"
"AYM00089577","2014-05-27","-80.37","77.37","4084.0","DOME PLATEAU DOME A, AY",,,,," -657","H,,S"
"AYM00089577","2014-05-28","-80.37","77.37","4084.0","DOME PLATEAU DOME A, AY",,,,," -686","H,,S"
"AYM00089577","2014-05-29","-80.37","77.37","4084.0","DOME PLATEAU DOME A, AY",,,,," -673","H,,S"
"AYM00089577","2014-05-30","-80.37","77.37","4084.0","DOME PLATEAU DOME A, AY",,,,," -629","H,,S"
"AYM00089577","2014-05-31","-80.37","77.37","4084.0","DOME PLATEAU DOME A, AY",,,,," -680","H,,S"
"AYM00089577","2014-06-01","-80.37","77.37","4084.0","DOME PLATEAU DOME A, AY",,,,," -672","H,,S"
"AYM00089577","2014-06-02","-80.37","77.37","4084.0","DOME PLATEAU DOME A, AY",,,,," -647","H,,S"
"AYM00089577","2014-06-03","-80.37","77.37","4084.0","DOME PLATEAU DOME A, AY",,,,," -654","H,,S"
"AYM00089577","2014-06-04","-80.37","77.37","4084.0","DOME PLATEAU DOME A, AY",,,,," -689","H,,S"
"AYM00089577","2014-06-05","-80.37","77.37","4084.0","DOME PLATEAU DOME A, AY",,,,," -618","H,,S"
"AYM00089577","2014-06-06","-80.37","77.37","4084.0","DOME PLATEAU DOME A, AY",,,,," -584","H,,S"
"AYM00089577","2014-06-07","-80.37","77.37","4084.0","DOME PLATEAU DOME A, AY",,,,," -598","H,,S"
"AYM00089577","2014-06-08","-80.37","77.37","4084.0","DOME PLATEAU DOME A, AY",,,,," -592","H,,S"
"AYM00089577","2014-06-09","-80.37","77.37","4084.0","DOME PLATEAU DOME A, AY",,,,," -666","H,,S"
"AYM00089577","2014-06-10","-80.37","77.37","4084.0","DOME PLATEAU DOME A, AY",,,,," -672","H,,S"
"AYM00089577","2014-06-11","-80.37","77.37","4084.0","DOME PLATEAU DOME A, AY",,,,," -699","H,,S"
"AYM00089577","2014-06-12","-80.37","77.37","4084.0","DOME PLATEAU DOME A, AY",,,,," -699","H,,S"
"AYM00089577","2014-06-13","-80.37","77.37","4084.0","DOME PLATEAU DOME A, AY",,,,," -649","H,,S"
"AYM00089577","2014-06-14","-80.37","77.37","4084.0","DOME PLATEAU DOME A, AY",,,,," -599","H,,S"
"AYM00089577","2014-06-15","-80.37","77.37","4084.0","DOME PLATEAU DOME A, AY",,,,," -487","H,,S"
"AYM00089577","2014-06-16","-80.37","77.37","4084.0","DOME PLATEAU DOME A, AY",,,,," -488","H,,S"
"AYM00089577","2014-06-17","-80.37","77.37","4084.0","DOME PLATEAU DOME A, AY",,,,," -541","H,,S"
"AYM00089577","2014-06-18","-80.37","77.37","4084.0","DOME PLATEAU DOME A, AY",,,,," -541","H,,S"
"AYM00089577","2014-06-19","-80.37","77.37","4084.0","DOME PLATEAU DOME A, AY",,,,," -542","H,,S"
"AYM00089577","2014-06-20","-80.37","77.37","4084.0","DOME PLATEAU DOME A, AY",,,,," -628","H,,S"
"AYM00089577","2014-06-21","-80.37","77.37","4084.0","DOME PLATEAU DOME A, AY",,,,," -681","H,,S"
"AYM00089577","2014-06-22","-80.37","77.37","4084.0","DOME PLATEAU DOME A, AY",,,,," -680","H,,S"
"AYM00089577","2014-06-23","-80.37","77.37","4084.0","DOME PLATEAU DOME A, AY",,,,," -713","H,,S"
"AYM00089577","2014-06-24","-80.37","77.37","4084.0","DOME PLATEAU DOME A, AY",,,,," -701","H,,S"
"AYM00089577","2014-06-25","-80.37","77.37","4084.0","DOME PLATEAU DOME A, AY",,,,," -643","H,,S"
"AYM00089577","2014-06-26","-80.37","77.37","4084.0","DOME PLATEAU DOME A, AY",,,,," -653","H,,S"
"AYM00089577","2014-06-27","-80.37","77.37","4084.0","DOME PLATEAU DOME A, AY",,,,," -651","H,,S"
"AYM00089577","2014-06-28","-80.37","77.37","4084.0","DOME PLATEAU DOME A, AY",,,,," -639","H,,S"
"AYM00089577","2014-06-29","-80.37","77.37","4084.0","DOME PLATEAU DOME A, AY",,,,," -668","H,,S"
"AYM00089577","2014-06-30","-80.37","77.37","4084.0","DOME PLATEAU DOME A, AY",,,,," -696","H,,S"
"AYM00089577","2014-07-01","-80.37","77.37","4084.0","DOME PLATEAU DOME A, AY",,,,," -689","H,,S"
"AYM00089577","2014-07-02","-80.37","77.37","4084.0","DOME PLATEAU DOME A, AY",,,,," -637","H,,S"
"AYM00089577","2014-07-03","-80.37","77.37","4084.0","DOME PLATEAU DOME A, AY",,,,," -679","H,,S"
"AYM00089577","2014-07-04","-80.37","77.37","4084.0","DOME PLATEAU DOME A, AY",,,,," -679","H,,S"
"AYM00089577","2014-07-05","-80.37","77.37","4084.0","DOME PLATEAU DOME A, AY",,,,," -692","H,,S"
"AYM00089577","2014-07-06","-80.37","77.37","4084.0","DOME PLATEAU DOME A, AY",,,,," -752","H,,S"
"AYM00089577","2014-07-07","-80.37","77.37","4084.0","DOME PLATEAU DOME A, AY",,,,," -767","H,,S"
"AYM00089577","2014-07-08","-80.37","77.37","4084.0","DOME PLATEAU DOME A, AY",,,,," -771","H,,S"
"AYM00089577","2014-07-09","-80.37","77.37","4084.0","DOME PLATEAU DOME A, AY",,,,," -766","H,,S"
"AYM00089577","2014-07-10","-80.37","77.37","4084.0","DOME PLATEAU DOME A, AY",,,,," -738","H,,S"
"AYM00089577","2014-07-11","-80.37","77.37","4084.0","DOME PLATEAU DOME A, AY",,,,," -699","H,,S"
"AYM00089577","2014-07-12","-80.37","77.37","4084.0","DOME PLATEAU DOME A, AY",,,,," -706","H,,S"
"AYM00089577","2014-07-13","-80.37","77.37","4084.0","DOME PLATEAU DOME A, AY",,,,," -755","H,,S"
"AYM00089577","2014-07-14","-80.37","77.37","4084.0","DOME PLATEAU DOME A, AY",,,,," -734","H,,S"
"AYM00089577","2014-07-15","-80.37","77.37","4084.0","DOME PLATEAU DOME A, AY",,,,," -615","H,,S"
"AYM00089577","2014-07-16","-80.37","77.37","4084.0","DOME PLATEAU DOME A, AY",,,,," -638","H,,S"
"AYM00089577","2014-07-17","-80.37","77.37","4084.0","DOME PLATEAU DOME A, AY",,,,," -674","H,,S"
"AYM00089577","2014-07-18","-80.37","77.37","4084.0","DOME PLATEAU DOME A, AY",,,,," -611","H,,S"
"AYM00089577","2014-07-19","-80.37","77.37","4084.0","DOME PLATEAU DOME A, AY",,,,," -664","H,,S"
"AYM00089577","2014-07-20","-80.37","77.37","4084.0","DOME PLATEAU DOME A, AY",,,,," -628","H,,S"
"AYM00089577","2014-07-21","-80.37","77.37","4084.0","DOME PLATEAU DOME A, AY",,,,," -617","H,,S"
"AYM00089577","2014-07-22","-80.37","77.37","4084.0","DOME PLATEAU DOME A, AY",,,,," -570","H,,S"
"AYM00089577","2014-07-23","-80.37","77.37","4084.0","DOME PLATEAU DOME A, AY",,,,," -647","H,,S"
"AYM00089577","2014-07-24","-80.37","77.37","4084.0","DOME PLATEAU DOME A, AY",,,,," -674","H,,S"
"AYM00089577","2014-07-25","-80.37","77.37","4084.0","DOME PLATEAU DOME A, AY",,,,," -743","H,,S"
"AYM00089577","2014-07-26","-80.37","77.37","4084.0","DOME PLATEAU DOME A, AY",,,,," -649","H,,S"
"AYM00089577","2014-07-27","-80.37","77.37","4084.0","DOME PLATEAU DOME A, AY",,,,," -599","H,,S"
"AYM00089577","2014-07-28","-80.37","77.37","4084.0","DOME PLATEAU DOME A, AY",,,,," -614","H,,S"
"AYM00089577","2014-07-29","-80.37","77.37","4084.0","DOME PLATEAU DOME A, AY",,,,," -638","H,,S"
"AYM00089577","2014-07-30","-80.37","77.37","4084.0","DOME PLATEAU DOME A, AY",,,,," -678","H,,S"
"AYM00089577","2014-07-31","-80.37","77.37","4084.0","DOME PLATEAU DOME A, AY",,,,," -709","H,,S"
"AYM00089577","2014-08-01","-80.37","77.37","4084.0","DOME PLATEAU DOME A, AY",,,,," -732","H,,S"
"AYM00089577","2014-08-02","-80.37","77.37","4084.0","DOME PLATEAU DOME A, AY",,,,," -741","H,,S"
"AYM00089577","2014-08-03","-80.37","77.37","4084.0","DOME PLATEAU DOME A, AY",,,,," -732","H,,S"
"AYM00089577","2014-08-04","-80.37","77.37","4084.0","DOME PLATEAU DOME A, AY",,,,," -635","H,,S"
"AYM00089577","2014-08-05","-80.37","77.37","4084.0","DOME PLATEAU DOME A, AY",,,,," -612","H,,S"
"AYM00089577","2014-08-06","-80.37","77.37","4084.0","DOME PLATEAU DOME A, AY",,,,," -574","H,,S"
"AYM00089577","2014-08-07","-80.37","77.37","4084.0","DOME PLATEAU DOME A, AY",,,,," -662","H,,S"
"AYM00089577","2014-08-08","-80.37","77.37","4084.0","DOME PLATEAU DOME A, AY",,,,," -648","H,,S"
"AYM00089577","2014-08-09","-80.37","77.37","4084.0","DOME PLATEAU DOME A, AY",,,,," -662","H,,S"
"AYM00089577","2014-08-10","-80.37","77.37","4084.0","DOME PLATEAU DOME A, AY",,,,," -632","H,,S"
"AYM00089577","2014-08-11","-80.37","77.37","4084.0","DOME PLATEAU DOME A, AY",,,,," -613","H,,S"
"AYM00089577","2014-08-12","-80.37","77.37","4084.0","DOME PLATEAU DOME A, AY",,,,," -653","H,,S"
"AYM00089577","2014-08-13","-80.37","77.37","4084.0","DOME PLATEAU DOME A, AY",,,,," -643","H,,S"
"AYM00089577","2014-08-14","-80.37","77.37","4084.0","DOME PLATEAU DOME A, AY",,,,," -635","H,,S"
"AYM00089577","2014-08-15","-80.37","77.37","4084.0","DOME PLATEAU DOME A, AY",,,,," -569","H,,S"
"AYM00089577","2014-08-16","-80.37","77.37","4084.0","DOME PLATEAU DOME A, AY",,,,," -572","H,,S"
"AYM00089577","2014-08-17","-80.37","77.37","4084.0","DOME PLATEAU DOME A, AY",,,,," -616","H,,S"
"AYM00089577","2014-08-18","-80.37","77.37","4084.0","DOME PLATEAU DOME A, AY",,,,," -669","H,,S"
"AYM00089577","2014-08-19","-80.37","77.37","4084.0","DOME PLATEAU DOME A, AY",,,,," -749","H,,S"
"AYM00089577","2014-08-20","-80.37","77.37","4084.0","DOME PLATEAU DOME A, AY",,,,," -731","H,,S"
"AYM00089577","2014-08-21","-80.37","77.37","4084.0","DOME PLATEAU DOME A, AY",,,,," -699","H,,S"
"AYM00089577","2014-08-22","-80.37","77.37","4084.0","DOME PLATEAU DOME A, AY",,,,," -736","H,,S"
"AYM00089577","2014-08-23","-80.37","77.37","4084.0","DOME PLATEAU DOME A, AY",,,,," -678","H,,S"
"AYM00089577","2014-08-24","-80.37","77.37","4084.0","DOME PLATEAU DOME A, AY",,,,," -611","H,,S"
"AYM00089577","2014-08-25","-80.37","77.37","4084.0","DOME PLATEAU DOME A, AY",,,,," -617","H,,S"
"AYM00089577","2014-08-26","-80.37","77.37","4084.0","DOME PLATEAU DOME A, AY",,,,," -554","H,,S"
"AYM00089577","2014-08-27","-80.37","77.37","4084.0","DOME PLATEAU DOME A, AY",,,,," -519","H,,S"
"AYM00089577","2014-08-28","-80.37","77.37","4084.0","DOME PLATEAU DOME A, AY",,,,," -499","H,,S"
"AYM00089577","2014-08-29","-80.37","77.37","4084.0","DOME PLATEAU DOME A, AY",,,,," -593","H,,S"
"AYM00089577","2014-08-30","-80.37","77.37","4084.0","DOME PLATEAU DOME A, AY",,,,," -610","H,,S"
"AYM00089577","2014-08-31","-80.37","77.37","4084.0","DOME PLATEAU DOME A, AY",,,,," -658","H,,S"
"AYM00089577","2014-09-01","-80.37","77.37","4084.0","DOME PLATEAU DOME A, AY",,,,," -657","H,,S"
"AYM00089577","2014-09-02","-80.37","77.37","4084.0","DOME PLATEAU DOME A, AY",,,,," -608","H,,S"
"AYM00089577","2014-09-03","-80.37","77.37","4084.0","DOME PLATEAU DOME A, AY",,,,," -618","H,,S"
"AYM00089577","2014-09-04","-80.37","77.37","4084.0","DOME PLATEAU DOME A, AY",,,,," -652","H,,S"
"AYM00089577","2014-09-05","-80.37","77.37","4084.0","DOME PLATEAU DOME A, AY",,,,," -677","H,,S"
"AYM00089577","2014-09-06","-80.37","77.37","4084.0","DOME PLATEAU DOME A, AY",,,,," -615","H,,S"
"AYM00089577","2014-09-07","-80.37","77.37","4084.0","DOME PLATEAU DOME A, AY",,,,," -606","H,,S"
"AYM00089577","2014-09-08","-80.37","77.37","4084.0","DOME PLATEAU DOME A, AY",,,,," -543","H,,S"
"AYM00089577","2014-09-09","-80.37","77.37","4084.0","DOME PLATEAU DOME A, AY",,,,," -564","H,,S"
"AYM00089577","2014-09-10","-80.37","77.37","4084.0","DOME PLATEAU DOME A, AY",,,,," -600","H,,S"
"AYM00089577","2014-09-11","-80.37","77.37","4084.0","DOME PLATEAU DOME A, AY",,,,," -649","H,,S"
"AYM00089577","2014-09-12","-80.37","77.37","4084.0","DOME PLATEAU DOME A, AY",,,,," -639","H,,S"
"AYM00089577","2014-09-13","-80.37","77.37","4084.0","DOME PLATEAU DOME A, AY",,,,," -603","H,,S"
"AYM00089577","2014-09-14","-80.37","77.37","4084.0","DOME PLATEAU DOME A, AY",,,,," -598","H,,S"
"AYM00089577","2014-09-15","-80.37","77.37","4084.0","DOME PLATEAU DOME A, AY",,,,," -564","H,,S"
"AYM00089577","2014-09-16","-80.37","77.37","4084.0","DOME PLATEAU DOME A, AY",,,,," -558","H,,S"
"AYM00089577","2014-09-17","-80.37","77.37","4084.0","DOME PLATEAU DOME A, AY",,,,," -582","H,,S"
"AYM00089577","2014-09-18","-80.37","77.37","4084.0","DOME PLATEAU DOME A, AY",,,,," -542","H,,S"
"AYM00089577","2014-09-19","-80.37","77.37","4084.0","DOME PLATEAU DOME A, AY",,,,," -479","H,,S"
"AYM00089577","2014-09-20","-80.37","77.37","4084.0","DOME PLATEAU DOME A, AY",,,,," -519","H,,S"
"AYM00089577","2014-09-21","-80.37","77.37","4084.0","DOME PLATEAU DOME A, AY",,,,," -534","H,,S"
"AYM00089577","2014-09-22","-80.37","77.37","4084.0","DOME PLATEAU DOME A, AY",,,,," -566","H,,S"
"AYM00089577","2014-09-23","-80.37","77.37","4084.0","DOME PLATEAU DOME A, AY",,,,," -606","H,,S"
"AYM00089577","2014-09-24","-80.37","77.37","4084.0","DOME PLATEAU DOME A, AY",,,,," -609","H,,S"
"AYM00089577","2014-09-25","-80.37","77.37","4084.0","DOME PLATEAU DOME A, AY",,,,," -624","H,,S"
"AYM00089577","2014-09-26","-80.37","77.37","4084.0","DOME PLATEAU DOME A, AY",,,,," -641","H,,S"
"AYM00089577","2014-09-27","-80.37","77.37","4084.0","DOME PLATEAU DOME A, AY",,,,," -651","H,,S"
"AYM00089577","2014-09-28","-80.37","77.37","4084.0","DOME PLATEAU DOME A, AY",,,,," -657","H,,S"
"AYM00089577","2014-09-29","-80.37","77.37","4084.0","DOME PLATEAU DOME A, AY",,,,," -623","H,,S"
"AYM00089577","2014-09-30","-80.37","77.37","4084.0","DOME PLATEAU DOME A, AY",,,,," -538","H,,S"
"AYM00089577","2014-10-01","-80.37","77.37","4084.0","DOME PLATEAU DOME A, AY",,,,," -594","H,,S"
"AYM00089577","2014-10-02","-80.37","77.37","4084.0","DOME PLATEAU DOME A, AY",,,,," -615","H,,S"
"AYM00089577","2014-10-03","-80.37","77.37","4084.0","DOME PLATEAU DOME A, AY",,,,," -599","H,,S"
"AYM00089577","2014-10-04","-80.37","77.37","4084.0","DOME PLATEAU DOME A, AY",,,,," -647","H,,S"
"AYM00089577","2014-10-05","-80.37","77.37","4084.0","DOME PLATEAU DOME A, AY",,,,," -646","H,,S"
"AYM00089577","2014-10-06","-80.37","77.37","4084.0","DOME PLATEAU DOME A, AY",,,,," -635","H,,S"
"AYM00089577","2014-10-07","-80.37","77.37","4084.0","DOME PLATEAU DOME A, AY",,,,," -641","H,,S"
"AYM00089577","2014-10-08","-80.37","77.37","4084.0","DOME PLATEAU DOME A, AY",,,,," -671","H,,S"
"AYM00089577","2014-10-09","-80.37","77.37","4084.0","DOME PLATEAU DOME A, AY",,,,," -620","H,,S"
"AYM00089577","2014-10-10","-80.37","77.37","4084.0","DOME PLATEAU DOME A, AY",,,,," -606","H,,S"
"AYM00089577","2014-10-11","-80.37","77.37","4084.0","DOME PLATEAU DOME A, AY",,,,," -593","H,,S"
"AYM00089577","2014-10-12","-80.37","77.37","4084.0","DOME PLATEAU DOME A, AY",,,,," -594","H,,S"
"AYM00089577","2014-10-13","-80.37","77.37","4084.0","DOME PLATEAU DOME A, AY",,,,," -561","H,,S"
"AYM00089577","2014-10-14","-80.37","77.37","4084.0","DOME PLATEAU DOME A, AY",,,,," -553","H,,S"
"AYM00089577","2014-10-15","-80.37","77.37","4084.0","DOME PLATEAU DOME A, AY",,,,," -552","H,,S"
"AYM00089577","2014-10-16","-80.37","77.37","4084.0","DOME PLATEAU DOME A, AY",,,,," -567","H,,S"
"AYM00089577","2014-10-17","-80.37","77.37","4084.0","DOME PLATEAU DOME A, AY",,,,," -574","H,,S"
"AYM00089577","2014-10-18","-80.37","77.37","4084.0","DOME PLATEAU DOME A, AY",,,,," -563","H,,S"
"AYM00089577","2014-10-19","-80.37","77.37","4084.0","DOME PLATEAU DOME A, AY",,,,," -585","H,,S"
"AYM00089577","2014-10-20","-80.37","77.37","4084.0","DOME PLATEAU DOME A, AY",,,,," -511","H,,S"
"AYM00089577","2014-10-21","-80.37","77.37","4084.0","DOME PLATEAU DOME A, AY",,,,," -529","H,,S"
"AYM00089577","2014-10-22","-80.37","77.37","4084.0","DOME PLATEAU DOME A, AY",,,,," -526","H,,S"
"AYM00089577","2014-10-23","-80.37","77.37","4084.0","DOME PLATEAU DOME A, AY",,,,," -554","H,,S"
"AYM00089577","2014-10-24","-80.37","77.37","4084.0","DOME PLATEAU DOME A, AY",,,,," -529","H,,S"
"AYM00089577","2014-10-25","-80.37","77.37","4084.0","DOME PLATEAU DOME A, AY",,,,," -485","H,,S"
"AYM00089577","2014-10-26","-80.37","77.37","4084.0","DOME PLATEAU DOME A, AY",,,,," -514","H,,S"
"AYM00089577","2014-10-27","-80.37","77.37","4084.0","DOME PLATEAU DOME A, AY",,,,," -466","H,,S"
"AYM00089577","2014-10-28","-80.37","77.37","4084.0","DOME PLATEAU DOME A, AY",,,,," -417","H,,S"
"AYM00089577","2014-10-29","-80.37","77.37","4084.0","DOME PLATEAU DOME A, AY",,,,," -380","H,,S"
"AYM00089577","2014-10-30","-80.37","77.37","4084.0","DOME PLATEAU DOME A, AY",,,,," -442","H,,S"
"AYM00089577","2014-10-31","-80.37","77.37","4084.0","DOME PLATEAU DOME A, AY",,,,," -451","H,,S"
"AYM00089577","2014-11-01","-80.37","77.37","4084.0","DOME PLATEAU DOME A, AY",,,,," -406","H,,S"
"AYM00089577","2014-11-02","-80.37","77.37","4084.0","DOME PLATEAU DOME A, AY",,,,," -428","H,,S"
"AYM00089577","2014-11-03","-80.37","77.37","4084.0","DOME PLATEAU DOME A, AY",,,,," -423","H,,S"
"AYM00089577","2014-11-04","-80.37","77.37","4084.0","DOME PLATEAU DOME A, AY",,,,," -413","H,,S"
"AYM00089577","2014-11-05","-80.37","77.37","4084.0","DOME PLATEAU DOME A, AY",,,,," -396","H,,S"
"AYM00089577","2014-11-06","-80.37","77.37","4084.0","DOME PLATEAU DOME A, AY",,,,," -383","H,,S"
"AYM00089577","2014-11-07","-80.37","77.37","4084.0","DOME PLATEAU DOME A, AY",,,,," -427","H,,S"
"AYM00089577","2014-11-08","-80.37","77.37","4084.0","DOME PLATEAU DOME A, AY",,,,," -401","H,,S"
"AYM00089577","2014-11-09","-80.37","77.37","4084.0","DOME PLATEAU DOME A, AY",,,,," -435","H,,S"
"AYM00089577","2014-11-10","-80.37","77.37","4084.0","DOME PLATEAU DOME A, AY",,,,," -410","H,,S"
"AYM00089577","2014-11-11","-80.37","77.37","4084.0","DOME PLATEAU DOME A, AY",,,,," -434","H,,S"
"AYM00089577","2014-11-12","-80.37","77.37","4084.0","DOME PLATEAU DOME A, AY",,,,," -450","H,,S"
"AYM00089577","2014-11-13","-80.37","77.37","4084.0","DOME PLATEAU DOME A, AY",,,,," -394","H,,S"
"AYM00089577","2014-11-14","-80.37","77.37","4084.0","DOME PLATEAU DOME A, AY",,,,," -361","H,,S"
"AYM00089577","2014-11-15","-80.37","77.37","4084.0","DOME PLATEAU DOME A, AY",,,,," -391","H,,S"
"AYM00089577","2014-11-16","-80.37","77.37","4084.0","DOME PLATEAU DOME A, AY",,,,," -417","H,,S"
"AYM00089577","2014-11-17","-80.37","77.37","4084.0","DOME PLATEAU DOME A, AY",,,,," -423","H,,S"
"AYM00089577","2014-11-18","-80.37","77.37","4084.0","DOME PLATEAU DOME A, AY",,,,," -431","H,,S"
"AYM00089577","2014-11-19","-80.37","77.37","4084.0","DOME PLATEAU DOME A, AY",,,,," -381","H,,S"
"AYM00089577","2014-11-20","-80.37","77.37","4084.0","DOME PLATEAU DOME A, AY",,,,," -453","H,,S"
"AYM00089577","2014-11-21","-80.37","77.37","4084.0","DOME PLATEAU DOME A, AY",,,,," -451","H,,S"
"AYM00089577","2014-11-22","-80.37","77.37","4084.0","DOME PLATEAU DOME A, AY",,,,," -446","H,,S"
"AYM00089577","2014-11-23","-80.37","77.37","4084.0","DOME PLATEAU DOME A, AY",,,,," -420","H,,S"
"AYM00089577","2014-11-24","-80.37","77.37","4084.0","DOME PLATEAU DOME A, AY",,,,," -437","H,,S"
"AYM00089577","2014-11-25","-80.37","77.37","4084.0","DOME PLATEAU DOME A, AY",,,,," -407","H,,S"
"AYM00089577","2014-11-26","-80.37","77.37","4084.0","DOME PLATEAU DOME A, AY",,,,," -383","H,,S"
"AYM00089577","2014-11-27","-80.37","77.37","4084.0","DOME PLATEAU DOME A, AY",,,,," -382","H,,S"
"AYM00089577","2014-11-28","-80.37","77.37","4084.0","DOME PLATEAU DOME A, AY",,,,," -383","H,,S"
"AYM00089577","2014-11-29","-80.37","77.37","4084.0","DOME PLATEAU DOME A, AY",,,,," -371","H,,S"
"AYM00089577","2014-11-30","-80.37","77.37","4084.0","DOME PLATEAU DOME A, AY",,,,," -379","H,,S"
"AYM00089577","2014-12-01","-80.37","77.37","4084.0","DOME PLATEAU DOME A, AY",,,,," -382","H,,S"
"AYM00089577","2014-12-02","-80.37","77.37","4084.0","DOME PLATEAU DOME A, AY",,,,," -380","H,,S"
"AYM00089577","2014-12-03","-80.37","77.37","4084.0","DOME PLATEAU DOME A, AY",,,,," -356","H,,S"
"AYM00089577","2014-12-04","-80.37","77.37","4084.0","DOME PLATEAU DOME A, AY",,,,," -352","H,,S"
"AYM00089577","2014-12-05","-80.37","77.37","4084.0","DOME PLATEAU DOME A, AY",,,,," -347","H,,S"
"AYM00089577","2014-12-06","-80.37","77.37","4084.0","DOME PLATEAU DOME A, AY",,,,," -353","H,,S"
"AYM00089577","2014-12-07","-80.37","77.37","4084.0","DOME PLATEAU DOME A, AY",,,,," -374","H,,S"
"AYM00089577","2014-12-08","-80.37","77.37","4084.0","DOME PLATEAU DOME A, AY",,,,," -367","H,,S"
"AYM00089577","2014-12-09","-80.37","77.37","4084.0","DOME PLATEAU DOME A, AY",,,,," -377","H,,S"
"AYM00089577","2014-12-10","-80.37","77.37","4084.0","DOME PLATEAU DOME A, AY",,,,," -371","H,,S"
"AYM00089577","2014-12-11","-80.37","77.37","4084.0","DOME PLATEAU DOME A, AY",,,,," -361","H,,S"
"AYM00089577","2014-12-12","-80.37","77.37","4084.0","DOME PLATEAU DOME A, AY",,,,," -362","H,,S"
"AYM00089577","2014-12-13","-80.37","77.37","4084.0","DOME PLATEAU DOME A, AY",,,,," -356","H,,S"
"AYM00089577","2014-12-14","-80.37","77.37","4084.0","DOME PLATEAU DOME A, AY",,,,," -359","H,,S"
"AYM00089577","2014-12-15","-80.37","77.37","4084.0","DOME PLATEAU DOME A, AY",,,,," -328","H,,S"
"AYM00089577","2014-12-16","-80.37","77.37","4084.0","DOME PLATEAU DOME A, AY",,,,," -317","H,,S"
"AYM00089577","2014-12-17","-80.37","77.37","4084.0","DOME PLATEAU DOME A, AY",,,,," -316","H,,S"
"AYM00089577","2014-12-18","-80.37","77.37","4084.0","DOME PLATEAU DOME A, AY",,,,," -332","H,,S"
"AYM00089577","2014-12-19","-80.37","77.37","4084.0","DOME PLATEAU DOME A, AY",,,,," -318","H,,S"
"AYM00089577","2014-12-20","-80.37","77.37","4084.0","DOME PLATEAU DOME A, AY",,,,," -312","H,,S"
"AYM00089577","2014-12-21","-80.37","77.37","4084.0","DOME PLATEAU DOME A, AY",,,,," -286","H,,S"
"AYM00089577","2014-12-22","-80.37","77.37","4084.0","DOME PLATEAU DOME A, AY",,,,," -289","H,,S"
"AYM00089577","2014-12-23","-80.37","77.37","4084.0","DOME PLATEAU DOME A, AY",,,,," -261","H,,S"
"AYM00089577","2014-12-24","-80.37","77.37","4084.0","DOME PLATEAU DOME A, AY",,,,," -275","H,,S"
"AYM00089577","2014-12-25","-80.37","77.37","4084.0","DOME PLATEAU DOME A, AY",,,,," -294","H,,S"
"AYM00089577","2014-12-26","-80.37","77.37","4084.0","DOME PLATEAU DOME A, AY",,,,," -287","H,,S"
"AYM00089577","2014-12-27","-80.37","77.37","4084.0","DOME PLATEAU DOME A, AY",,,,," -296","H,,S"
"AYM00089577","2014-12-28","-80.37","77.37","4084.0","DOME PLATEAU DOME A, AY",,,,," -311","H,,S"
"AYM00089577","2014-12-29","-80.37","77.37","4084.0","DOME PLATEAU DOME A, AY",,,,," -270","H,,S"
"AYM00089577","2014-12-30","-80.37","77.37","4084.0","DOME PLATEAU DOME A, AY",,,,," -301","H,,S"
"AYM00089577","2014-12-31","-80.37","77.37","4084.0","DOME PLATEAU DOME A, AY",,,,," -311","H,,S"
"AYM00089577","2015-01-01","-80.37","77.37","4084.0","DOME PLATEAU DOME A, AY",,,,," -313","H,,S"
"AYM00089577","2015-01-02","-80.37","77.37","4084.0","DOME PLATEAU DOME A, AY",,,,," -334","H,,S"
"AYM00089577","2015-01-03","-80.37","77.37","4084.0","DOME PLATEAU DOME A, AY",,,,," -328","H,,S"
"AYM00089577","2015-01-04","-80.37","77.37","4084.0","DOME PLATEAU DOME A, AY",,,,," -327","H,,S"
"AYM00089577","2015-01-05","-80.37","77.37","4084.0","DOME PLATEAU DOME A, AY",,,,," -321","H,,S"
"AYM00089577","2015-01-06","-80.37","77.37","4084.0","DOME PLATEAU DOME A, AY",,,,," -326","H,,S"
"AYM00089577","2015-01-07","-80.37","77.37","4084.0","DOME PLATEAU DOME A, AY",,,,," -321","H,,S"
"AYM00089577","2015-01-08","-80.37","77.37","4084.0","DOME PLATEAU DOME A, AY",,,,," -333","H,,S"
"AYM00089577","2015-01-09","-80.37","77.37","4084.0","DOME PLATEAU DOME A, AY",,,,," -329","H,,S"
"AYM00089577","2015-01-10","-80.37","77.37","4084.0","DOME PLATEAU DOME A, AY",,,,," -293","H,,S"
"AYM00089577","2015-01-11","-80.37","77.37","4084.0","DOME PLATEAU DOME A, AY",,,,," -275","H,,S"
"AYM00089577","2015-01-12","-80.37","77.37","4084.0","DOME PLATEAU DOME A, AY",,,,," -261","H,,S"
"AYM00089577","2015-01-13","-80.37","77.37","4084.0","DOME PLATEAU DOME A, AY",,,,," -276","H,,S"
"AYM00089577","2015-01-14","-80.37","77.37","4084.0","DOME PLATEAU DOME A, AY",,,,," -354","H,,S"
"AYM00089577","2015-01-15","-80.37","77.37","4084.0","DOME PLATEAU DOME A, AY",,,,," -341","H,,S"
"AYM00089577","2015-01-16","-80.37","77.37","4084.0","DOME PLATEAU DOME A, AY",,,,," -329","H,,S"
"AYM00089577","2015-01-17","-80.37","77.37","4084.0","DOME PLATEAU DOME A, AY",,,,," -323","H,,S"
"AYM00089577","2015-01-18","-80.37","77.37","4084.0","DOME PLATEAU DOME A, AY",,,,," -317","H,,S"
"AYM00089577","2015-01-19","-80.37","77.37","4084.0","DOME PLATEAU DOME A, AY",,,,," -338","H,,S"
"AYM00089577","2015-01-20","-80.37","77.37","4084.0","DOME PLATEAU DOME A, AY",,,,," -373","H,,S"
"AYM00089577","2015-01-21","-80.37","77.37","4084.0","DOME PLATEAU DOME A, AY",,,,," -348","H,,S"
"AYM00089577","2015-01-22","-80.37","77.37","4084.0","DOME PLATEAU DOME A, AY",,,,," -340","H,,S"
"AYM00089577","2015-01-23","-80.37","77.37","4084.0","DOME PLATEAU DOME A, AY",,,,," -349","H,,S"
"AYM00089577","2015-01-24","-80.37","77.37","4084.0","DOME PLATEAU DOME A, AY",,,,," -351","H,,S"
"AYM00089577","2015-01-25","-80.37","77.37","4084.0","DOME PLATEAU DOME A, AY",,,,," -308","H,,S"
"AYM00089577","2015-01-26","-80.37","77.37","4084.0","DOME PLATEAU DOME A, AY",,,,," -309","H,,S"
"AYM00089577","2015-01-27","-80.37","77.37","4084.0","DOME PLATEAU DOME A, AY",,,,," -291","H,,S"
"AYM00089577","2015-01-28","-80.37","77.37","4084.0","DOME PLATEAU DOME A, AY",,,,," -313","H,,S"
"AYM00089577","2015-01-29","-80.37","77.37","4084.0","DOME PLATEAU DOME A, AY",,,,," -325","H,,S"
"AYM00089577","2015-01-30","-80.37","77.37","4084.0","DOME PLATEAU DOME A, AY",,,,," -328","H,,S"
"AYM00089577","2015-01-31","-80.37","77.37","4084.0","DOME PLATEAU DOME A, AY",,,,," -314","H,,S"
"AYM00089577","2015-02-01","-80.37","77.37","4084.0","DOME PLATEAU DOME A, AY",,,,," -334","H,,S"
"AYM00089577","2015-02-02","-80.37","77.37","4084.0","DOME PLATEAU DOME A, AY",,,,," -362","H,,S"
"AYM00089577","2015-02-03","-80.37","77.37","4084.0","DOME PLATEAU DOME A, AY",,,,," -328","H,,S"
"AYM00089577","2015-02-04","-80.37","77.37","4084.0","DOME PLATEAU DOME A, AY",,,,," -327","H,,S"
"AYM00089577","2015-02-05","-80.37","77.37","4084.0","DOME PLATEAU DOME A, AY",,,,," -382","H,,S"
"AYM00089577","2015-02-06","-80.37","77.37","4084.0","DOME PLATEAU DOME A, AY",,,,," -387","H,,S"
"AYM00089577","2015-02-07","-80.37","77.37","4084.0","DOME PLATEAU DOME A, AY",,,,," -372","H,,S"
"AYM00089577","2015-02-08","-80.37","77.37","4084.0","DOME PLATEAU DOME A, AY",,,,," -357","H,,S"
"AYM00089577","2015-02-09","-80.37","77.37","4084.0","DOME PLATEAU DOME A, AY",,,,," -443","H,,S"
"AYM00089577","2015-02-10","-80.37","77.37","4084.0","DOME PLATEAU DOME A, AY",,,,," -437","H,,S"
"AYM00089577","2015-02-11","-80.37","77.37","4084.0","DOME PLATEAU DOME A, AY",,,,," -411","H,,S"
"AYM00089577","2015-02-12","-80.37","77.37","4084.0","DOME PLATEAU DOME A, AY",,,,," -423","H,,S"
"AYM00089577","2015-02-13","-80.37","77.37","4084.0","DOME PLATEAU DOME A, AY",,,,," -408","H,,S"
"AYM00089577","2015-02-14","-80.37","77.37","4084.0","DOME PLATEAU DOME A, AY",,,,," -431","H,,S"
"AYM00089577","2015-02-15","-80.37","77.37","4084.0","DOME PLATEAU DOME A, AY",,,,," -447","H,,S"
"AYM00089577","2015-02-16","-80.37","77.37","4084.0","DOME PLATEAU DOME A, AY",,,,," -439","H,,S"
"AYM00089577","2015-02-17","-80.37","77.37","4084.0","DOME PLATEAU DOME A, AY",,,,," -444","H,,S"
"AYM00089577","2015-02-18","-80.37","77.37","4084.0","DOME PLATEAU DOME A, AY",,,,," -456","H,,S"
"AYM00089577","2015-02-19","-80.37","77.37","4084.0","DOME PLATEAU DOME A, AY",,,,," -428","H,,S"
"AYM00089577","2015-02-20","-80.37","77.37","4084.0","DOME PLATEAU DOME A, AY",,,,," -469","H,,S"
"AYM00089577","2015-02-21","-80.37","77.37","4084.0","DOME PLATEAU DOME A, AY",,,,," -436","H,,S"
"AYM00089577","2015-02-22","-80.37","77.37","4084.0","DOME PLATEAU DOME A, AY",,,,," -488","H,,S"
"AYM00089577","2015-02-23","-80.37","77.37","4084.0","DOME PLATEAU DOME A, AY",,,,," -474","H,,S"
"AYM00089577","2015-02-24","-80.37","77.37","4084.0","DOME PLATEAU DOME A, AY",,,,," -431","H,,S"
"AYM00089577","2015-02-25","-80.37","77.37","4084.0","DOME PLATEAU DOME A, AY",,,,," -454","H,,S"
"AYM00089577","2015-02-26","-80.37","77.37","4084.0","DOME PLATEAU DOME A, AY",,,,," -486","H,,S"
"AYM00089577","2015-02-27","-80.37","77.37","4084.0","DOME PLATEAU DOME A, AY",,,,," -508","H,,S"
"AYM00089577","2015-02-28","-80.37","77.37","4084.0","DOME PLATEAU DOME A, AY",,,,," -521","H,,S"
"AYM00089577","2015-03-01","-80.37","77.37","4084.0","DOME PLATEAU DOME A, AY",,,,," -524","H,,S"
"AYM00089577","2015-03-02","-80.37","77.37","4084.0","DOME PLATEAU DOME A, AY",,,,," -561","H,,S"
"AYM00089577","2015-03-03","-80.37","77.37","4084.0","DOME PLATEAU DOME A, AY",,,,," -518","H,,S"
"AYM00089577","2015-03-04","-80.37","77.37","4084.0","DOME PLATEAU DOME A, AY",,,,," -498","H,,S"
"AYM00089577","2015-03-05","-80.37","77.37","4084.0","DOME PLATEAU DOME A, AY",,,,," -544","H,,S"
"AYM00089577","2015-03-06","-80.37","77.37","4084.0","DOME PLATEAU DOME A, AY",,,,," -534","H,,S"
"AYM00089577","2015-03-07","-80.37","77.37","4084.0","DOME PLATEAU DOME A, AY",,,,," -536","H,,S"
"AYM00089577","2015-03-08","-80.37","77.37","4084.0","DOME PLATEAU DOME A, AY",,,,," -563","H,,S"
"AYM00089577","2015-03-09","-80.37","77.37","4084.0","DOME PLATEAU DOME A, AY",,,,," -515","H,,S"
"AYM00089577","2015-03-10","-80.37","77.37","4084.0","DOME PLATEAU DOME A, AY",,,,," -502","H,,S"
"AYM00089577","2015-03-11","-80.37","77.37","4084.0","DOME PLATEAU DOME A, AY",,,,," -447","H,,S"
"AYM00089577","2015-03-12","-80.37","77.37","4084.0","DOME PLATEAU DOME A, AY",,,,," -511","H,,S"
"AYM00089577","2015-03-13","-80.37","77.37","4084.0","DOME PLATEAU DOME A, AY",,,,," -518","H,,S"
"AYM00089577","2015-03-14","-80.37","77.37","4084.0","DOME PLATEAU DOME A, AY",,,,," -513","H,,S"
"AYM00089577","2015-03-15","-80.37","77.37","4084.0","DOME PLATEAU DOME A, AY",,,,," -479","H,,S"
"AYM00089577","2015-03-16","-80.37","77.37","4084.0","DOME PLATEAU DOME A, AY",,,,," -542","H,,S"
"AYM00089577","2015-03-17","-80.37","77.37","4084.0","DOME PLATEAU DOME A, AY",,,,," -572","H,,S"
"AYM00089577","2015-03-18","-80.37","77.37","4084.0","DOME PLATEAU DOME A, AY",,,,," -575","H,,S"
"AYM00089577","2015-03-19","-80.37","77.37","4084.0","DOME PLATEAU DOME A, AY",,,,," -609","H,,S"
"AYM00089577","2015-03-20","-80.37","77.37","4084.0","DOME PLATEAU DOME A, AY",,,,," -612","H,,S"
"AYM00089577","2015-03-21","-80.37","77.37","4084.0","DOME PLATEAU DOME A, AY",,,,," -605","H,,S"
"AYM00089577","2015-03-22","-80.37","77.37","4084.0","DOME PLATEAU DOME A, AY",,,,," -621","H,,S"
"AYM00089577","2015-03-23","-80.37","77.37","4084.0","DOME PLATEAU DOME A, AY",,,,," -607","H,,S"
"AYM00089577","2015-03-24","-80.37","77.37","4084.0","DOME PLATEAU DOME A, AY",,,,," -604","H,,S"
"AYM00089577","2015-03-25","-80.37","77.37","4084.0","DOME PLATEAU DOME A, AY",,,,," -591","H,,S"
"AYM00089577","2015-03-26","-80.37","77.37","4084.0","DOME PLATEAU DOME A, AY",,,,," -656","H,,S"
"AYM00089577","2015-03-27","-80.37","77.37","4084.0","DOME PLATEAU DOME A, AY",,,,," -663","H,,S"
"AYM00089577","2015-03-28","-80.37","77.37","4084.0","DOME PLATEAU DOME A, AY",,,,," -671","H,,S"
"AYM00089577","2015-03-29","-80.37","77.37","4084.0","DOME PLATEAU DOME A, AY",,,,," -680","H,,S"
"AYM00089577","2015-03-30","-80.37","77.37","4084.0","DOME PLATEAU DOME A, AY",,,,," -689","H,,S"
"AYM00089577","2015-03-31","-80.37","77.37","4084.0","DOME PLATEAU DOME A, AY",,,,," -708","H,,S"
"AYM00089577","2015-04-01","-80.37","77.37","4084.0","DOME PLATEAU DOME A, AY",,,,," -683","H,,S"
"AYM00089577","2015-04-02","-80.37","77.37","4084.0","DOME PLATEAU DOME A, AY",,,,," -732","H,,S"
"AYM00089577","2015-04-03","-80.37","77.37","4084.0","DOME PLATEAU DOME A, AY",,,,," -693","H,,S"
"AYM00089577","2015-04-04","-80.37","77.37","4084.0","DOME PLATEAU DOME A, AY",,,,," -667","H,,S"
"AYM00089577","2015-04-05","-80.37","77.37","4084.0","DOME PLATEAU DOME A, AY",,,,," -662","H,,S"
"AYM00089577","2015-04-06","-80.37","77.37","4084.0","DOME PLATEAU DOME A, AY",,,,," -684","H,,S"
"AYM00089577","2015-04-07","-80.37","77.37","4084.0","DOME PLATEAU DOME A, AY",,,,," -676","H,,S"
"AYM00089577","2015-04-08","-80.37","77.37","4084.0","DOME PLATEAU DOME A, AY",,,,," -688","H,,S"
"AYM00089577","2015-04-09","-80.37","77.37","4084.0","DOME PLATEAU DOME A, AY",,,,," -656","H,,S"
"AYM00089577","2015-04-10","-80.37","77.37","4084.0","DOME PLATEAU DOME A, AY",,,,," -712","H,,S"
"AYM00089577","2015-04-11","-80.37","77.37","4084.0","DOME PLATEAU DOME A, AY",,,,," -688","H,,S"
"AYM00089577","2015-04-12","-80.37","77.37","4084.0","DOME PLATEAU DOME A, AY",,,,," -656","H,,S"
"AYM00089577","2015-04-13","-80.37","77.37","4084.0","DOME PLATEAU DOME A, AY",,,,," -626","H,,S"
"AYM00089577","2015-04-14","-80.37","77.37","4084.0","DOME PLATEAU DOME A, AY",,,,," -618","H,,S"
"AYM00089577","2015-04-15","-80.37","77.37","4084.0","DOME PLATEAU DOME A, AY",,,,," -647","H,,S"
"AYM00089577","2015-04-16","-80.37","77.37","4084.0","DOME PLATEAU DOME A, AY",,,,," -583","H,,S"
"AYM00089577","2015-04-17","-80.37","77.37","4084.0","DOME PLATEAU DOME A, AY",,,,," -603","H,,S"
"AYM00089577","2015-04-18","-80.37","77.37","4084.0","DOME PLATEAU DOME A, AY",,,,," -657","H,,S"
"AYM00089577","2015-04-19","-80.37","77.37","4084.0","DOME PLATEAU DOME A, AY",,,,," -672","H,,S"
"AYM00089577","2015-04-20","-80.37","77.37","4084.0","DOME PLATEAU DOME A, AY",,,,," -649","H,,S"
"AYM00089577","2015-04-21","-80.37","77.37","4084.0","DOME PLATEAU DOME A, AY",,,,," -549","H,,S"
"AYM00089577","2015-04-22","-80.37","77.37","4084.0","DOME PLATEAU DOME A, AY",,,,," -511","H,,S"
"AYM00089577","2015-04-23","-80.37","77.37","4084.0","DOME PLATEAU DOME A, AY",,,,," -616","H,,S"
"AYM00089577","2015-04-24","-80.37","77.37","4084.0","DOME PLATEAU DOME A, AY",,,,," -614","H,,S"
"AYM00089577","2015-04-25","-80.37","77.37","4084.0","DOME PLATEAU DOME A, AY",,,,," -613","H,,S"
"AYM00089577","2015-04-26","-80.37","77.37","4084.0","DOME PLATEAU DOME A, AY",,,,," -622","H,,S"
"AYM00089577","2015-04-27","-80.37","77.37","4084.0","DOME PLATEAU DOME A, AY",,,,," -650","H,,S"
"AYM00089577","2015-04-28","-80.37","77.37","4084.0","DOME PLATEAU DOME A, AY",,,,," -671","H,,S"
"AYM00089577","2015-04-29","-80.37","77.37","4084.0","DOME PLATEAU DOME A, AY",,,,," -685","H,,S"
"AYM00089577","2015-04-30","-80.37","77.37","4084.0","DOME PLATEAU DOME A, AY",,,,," -718","H,,S"
"AYM00089577","2015-05-01","-80.37","77.37","4084.0","DOME PLATEAU DOME A, AY",,,,," -684","H,,S"
"AYM00089577","2015-05-02","-80.37","77.37","4084.0","DOME PLATEAU DOME A, AY",,,,," -681","H,,S"
"AYM00089577","2015-05-03","-80.37","77.37","4084.0","DOME PLATEAU DOME A, AY",,,,," -651","H,,S"
"AYM00089577","2015-05-04","-80.37","77.37","4084.0","DOME PLATEAU DOME A, AY",,,,," -639","H,,S"
"AYM00089577","2015-05-05","-80.37","77.37","4084.0","DOME PLATEAU DOME A, AY",,,,," -695","H,,S"
"AYM00089577","2015-05-06","-80.37","77.37","4084.0","DOME PLATEAU DOME A, AY",,,,," -717","H,,S"
"AYM00089577","2015-05-07","-80.37","77.37","4084.0","DOME PLATEAU DOME A, AY",,,,," -647","H,,S"
"AYM00089577","2015-05-08","-80.37","77.37","4084.0","DOME PLATEAU DOME A, AY",,,,," -681","H,,S"
"AYM00089577","2015-05-09","-80.37","77.37","4084.0","DOME PLATEAU DOME A, AY",,,,," -721","H,,S"
"AYM00089577","2015-05-10","-80.37","77.37","4084.0","DOME PLATEAU DOME A, AY",,,,," -725","H,,S"
"AYM00089577","2015-05-11","-80.37","77.37","4084.0","DOME PLATEAU DOME A, AY",,,,," -749","H,,S"
"AYM00089577","2015-05-12","-80.37","77.37","4084.0","DOME PLATEAU DOME A, AY",,,,," -705","H,,S"
"AYM00089577","2015-05-13","-80.37","77.37","4084.0","DOME PLATEAU DOME A, AY",,,,," -650","H,,S"
"AYM00089577","2015-05-14","-80.37","77.37","4084.0","DOME PLATEAU DOME A, AY",,,,," -701","H,,S"
"AYM00089577","2015-05-15","-80.37","77.37","4084.0","DOME PLATEAU DOME A, AY",,,,," -712","H,,S"
"AYM00089577","2015-05-16","-80.37","77.37","4084.0","DOME PLATEAU DOME A, AY",,,,," -661","H,,S"
"AYM00089577","2015-05-17","-80.37","77.37","4084.0","DOME PLATEAU DOME A, AY",,,,," -714","H,,S"
"AYM00089577","2015-05-18","-80.37","77.37","4084.0","DOME PLATEAU DOME A, AY",,,,," -698","H,,S"
"AYM00089577","2015-05-19","-80.37","77.37","4084.0","DOME PLATEAU DOME A, AY",,,,," -628","H,,S"
"AYM00089577","2015-05-20","-80.37","77.37","4084.0","DOME PLATEAU DOME A, AY",,,,," -614","H,,S"
"AYM00089577","2015-05-21","-80.37","77.37","4084.0","DOME PLATEAU DOME A, AY",,,,," -691","H,,S"
"AYM00089577","2015-05-22","-80.37","77.37","4084.0","DOME PLATEAU DOME A, AY",,,,," -711","H,,S"
"AYM00089577","2015-05-23","-80.37","77.37","4084.0","DOME PLATEAU DOME A, AY",,,,," -723","H,,S"
"AYM00089577","2015-05-24","-80.37","77.37","4084.0","DOME PLATEAU DOME A, AY",,,,," -661","H,,S"
"AYM00089577","2015-05-25","-80.37","77.37","4084.0","DOME PLATEAU DOME A, AY",,,,," -628","H,,S"
"AYM00089577","2015-05-26","-80.37","77.37","4084.0","DOME PLATEAU DOME A, AY",,,,," -733","H,,S"
"AYM00089577","2015-05-27","-80.37","77.37","4084.0","DOME PLATEAU DOME A, AY",,,,," -717","H,,S"
"AYM00089577","2015-05-28","-80.37","77.37","4084.0","DOME PLATEAU DOME A, AY",,,,," -778","H,,S"
"AYM00089577","2015-05-29","-80.37","77.37","4084.0","DOME PLATEAU DOME A, AY",,,,," -748","H,,S"
"AYM00089577","2015-05-30","-80.37","77.37","4084.0","DOME PLATEAU DOME A, AY",,,,," -619","H,,S"
"AYM00089577","2015-05-31","-80.37","77.37","4084.0","DOME PLATEAU DOME A, AY",,,,," -579","H,,S"
"AYM00089577","2015-06-01","-80.37","77.37","4084.0","DOME PLATEAU DOME A, AY",,,,," -648","H,,S"
"AYM00089577","2015-06-02","-80.37","77.37","4084.0","DOME PLATEAU DOME A, AY",,,,," -573","H,,S"
"AYM00089577","2015-06-03","-80.37","77.37","4084.0","DOME PLATEAU DOME A, AY",,,,," -578","H,,S"
"AYM00089577","2015-06-04","-80.37","77.37","4084.0","DOME PLATEAU DOME A, AY",,,,," -571","H,,S"
"AYM00089577","2015-06-05","-80.37","77.37","4084.0","DOME PLATEAU DOME A, AY",,,,," -516","H,,S"
"AYM00089577","2015-06-06","-80.37","77.37","4084.0","DOME PLATEAU DOME A, AY",,,,," -545","H,,S"
"AYM00089577","2015-06-07","-80.37","77.37","4084.0","DOME PLATEAU DOME A, AY",,,,," -528","H,,S"
"AYM00089577","2015-06-08","-80.37","77.37","4084.0","DOME PLATEAU DOME A, AY",,,,," -515","H,,S"
"AYM00089577","2015-06-09","-80.37","77.37","4084.0","DOME PLATEAU DOME A, AY",,,,," -602","H,,S"
"AYM00089577","2015-06-10","-80.37","77.37","4084.0","DOME PLATEAU DOME A, AY",,,,," -573","H,,S"
"AYM00089577","2015-06-11","-80.37","77.37","4084.0","DOME PLATEAU DOME A, AY",,,,," -588","H,,S"
"AYM00089577","2015-06-12","-80.37","77.37","4084.0","DOME PLATEAU DOME A, AY",,,,," -619","H,,S"
"AYM00089577","2015-06-13","-80.37","77.37","4084.0","DOME PLATEAU DOME A, AY",,,,," -706","H,,S"
"AYM00089577","2015-06-14","-80.37","77.37","4084.0","DOME PLATEAU DOME A, AY",,,,," -679","H,,S"
"AYM00089577","2015-06-15","-80.37","77.37","4084.0","DOME PLATEAU DOME A, AY",,,,," -641","H,,S"
"AYM00089577","2015-06-16","-80.37","77.37","4084.0","DOME PLATEAU DOME A, AY",,,,," -700","H,,S"
"AYM00089577","2015-06-17","-80.37","77.37","4084.0","DOME PLATEAU DOME A, AY",,,,," -648","H,,S"
"AYM00089577","2015-06-18","-80.37","77.37","4084.0","DOME PLATEAU DOME A, AY",,,,," -668","H,,S"
"AYM00089577","2015-06-19","-80.37","77.37","4084.0","DOME PLATEAU DOME A, AY",,,,," -696","H,,S"
"AYM00089577","2015-06-20","-80.37","77.37","4084.0","DOME PLATEAU DOME A, AY",,,,," -715","H,,S"
"AYM00089577","2015-06-21","-80.37","77.37","4084.0","DOME PLATEAU DOME A, AY",,,,," -741","H,,S"
"AYM00089577","2015-06-22","-80.37","77.37","4084.0","DOME PLATEAU DOME A, AY",,,,," -670","H,,S"
"AYM00089577","2015-06-23","-80.37","77.37","4084.0","DOME PLATEAU DOME A, AY",,,,," -669","H,,S"
"AYM00089577","2015-06-24","-80.37","77.37","4084.0","DOME PLATEAU DOME A, AY",,,,," -668","H,,S"
"AYM00089577","2015-06-25","-80.37","77.37","4084.0","DOME PLATEAU DOME A, AY",,,,," -671","H,,S"
"AYM00089577","2015-06-26","-80.37","77.37","4084.0","DOME PLATEAU DOME A, AY",,,,," -659","H,,S"
"AYM00089577","2015-06-27","-80.37","77.37","4084.0","DOME PLATEAU DOME A, AY",,,,," -656","H,,S"
"AYM00089577","2015-06-28","-80.37","77.37","4084.0","DOME PLATEAU DOME A, AY",,,,," -703","H,,S"
"AYM00089577","2015-06-29","-80.37","77.37","4084.0","DOME PLATEAU DOME A, AY",,,,," -697","H,,S"
"AYM00089577","2015-06-30","-80.37","77.37","4084.0","DOME PLATEAU DOME A, AY",,,,," -696","H,,S"
"AYM00089577","2015-07-01","-80.37","77.37","4084.0","DOME PLATEAU DOME A, AY",,,,," -767","H,,S"
"AYM00089577","2015-07-02","-80.37","77.37","4084.0","DOME PLATEAU DOME A, AY",,,,," -777","H,,S"
"AYM00089577","2015-07-03","-80.37","77.37","4084.0","DOME PLATEAU DOME A, AY",,,,," -753","H,,S"
"AYM00089577","2015-07-04","-80.37","77.37","4084.0","DOME PLATEAU DOME A, AY",,,,," -729","H,,S"
"AYM00089577","2015-07-05","-80.37","77.37","4084.0","DOME PLATEAU DOME A, AY",,,,," -671","H,,S"
"AYM00089577","2015-07-06","-80.37","77.37","4084.0","DOME PLATEAU DOME A, AY",,,,," -724","H,,S"
"AYM00089577","2015-07-07","-80.37","77.37","4084.0","DOME PLATEAU DOME A, AY",,,,," -751","H,,S"
"AYM00089577","2015-07-08","-80.37","77.37","4084.0","DOME PLATEAU DOME A, AY",,,,," -670","H,,S"
"AYM00089577","2015-07-09","-80.37","77.37","4084.0","DOME PLATEAU DOME A, AY",,,,," -701","H,,S"
"AYM00089577","2015-07-10","-80.37","77.37","4084.0","DOME PLATEAU DOME A, AY",,,,," -705","H,,S"
"AYM00089577","2015-07-11","-80.37","77.37","4084.0","DOME PLATEAU DOME A, AY",,,,," -693","H,,S"
"AYM00089577","2015-07-12","-80.37","77.37","4084.0","DOME PLATEAU DOME A, AY",,,,," -718","H,,S"
"AYM00089577","2015-07-13","-80.37","77.37","4084.0","DOME PLATEAU DOME A, AY",,,,," -651","H,,S"
"AYM00089577","2015-07-14","-80.37","77.37","4084.0","DOME PLATEAU DOME A, AY",,,,," -631","H,,S"
"AYM00089577","2015-07-15","-80.37","77.37","4084.0","DOME PLATEAU DOME A, AY",,,,," -643","H,,S"
"AYM00089577","2015-07-16","-80.37","77.37","4084.0","DOME PLATEAU DOME A, AY",,,,," -644","H,,S"
"AYM00089577","2015-07-17","-80.37","77.37","4084.0","DOME PLATEAU DOME A, AY",,,,," -587","H,,S"
"AYM00089577","2015-07-18","-80.37","77.37","4084.0","DOME PLATEAU DOME A, AY",,,,," -549","H,,S"
"AYM00089577","2015-07-19","-80.37","77.37","4084.0","DOME PLATEAU DOME A, AY",,,,," -474","H,,S"
"AYM00089577","2015-07-20","-80.37","77.37","4084.0","DOME PLATEAU DOME A, AY",,,,," -454","H,,S"
"AYM00089577","2015-07-21","-80.37","77.37","4084.0","DOME PLATEAU DOME A, AY",,,,," -580","H,,S"
"AYM00089577","2015-07-22","-80.37","77.37","4084.0","DOME PLATEAU DOME A, AY",,,,," -701","H,,S"
"AYM00089577","2015-07-23","-80.37","77.37","4084.0","DOME PLATEAU DOME A, AY",,,,," -719","H,,S"
"AYM00089577","2015-07-24","-80.37","77.37","4084.0","DOME PLATEAU DOME A, AY",,,,," -708","H,,S"
"AYM00089577","2015-07-25","-80.37","77.37","4084.0","DOME PLATEAU DOME A, AY",,,,," -702","H,,S"
"AYM00089577","2015-07-26","-80.37","77.37","4084.0","DOME PLATEAU DOME A, AY",,,,," -683","H,,S"
"AYM00089577","2015-07-27","-80.37","77.37","4084.0","DOME PLATEAU DOME A, AY",,,,," -562","H,,S"
"AYM00089577","2015-07-28","-80.37","77.37","4084.0","DOME PLATEAU DOME A, AY",,,,," -612","H,,S"
"AYM00089577","2015-07-29","-80.37","77.37","4084.0","DOME PLATEAU DOME A, AY",,,,," -709","H,,S"
"AYM00089577","2015-07-30","-80.37","77.37","4084.0","DOME PLATEAU DOME A, AY",,,,," -644","H,,S"
"AYM00089577","2015-07-31","-80.37","77.37","4084.0","DOME PLATEAU DOME A, AY",,,,," -672","H,,S"
"AYM00089577","2015-08-01","-80.37","77.37","4084.0","DOME PLATEAU DOME A, AY",,,,," -631","H,,S"
"AYM00089577","2015-08-02","-80.37","77.37","4084.0","DOME PLATEAU DOME A, AY",,,,," -594","H,,S"
"AYM00089577","2015-08-03","-80.37","77.37","4084.0","DOME PLATEAU DOME A, AY",,,,," -614","H,,S"
"AYM00089577","2015-08-04","-80.37","77.37","4084.0","DOME PLATEAU DOME A, AY",,,,," -677","H,,S"
"AYM00089577","2015-08-05","-80.37","77.37","4084.0","DOME PLATEAU DOME A, AY",,,,," -672","H,,S"
"AYM00089577","2015-08-06","-80.37","77.37","4084.0","DOME PLATEAU DOME A, AY",,,,," -671","H,,S"
"AYM00089577","2015-08-07","-80.37","77.37","4084.0","DOME PLATEAU DOME A, AY",,,,," -596","H,,S"
"AYM00089577","2015-08-08","-80.37","77.37","4084.0","DOME PLATEAU DOME A, AY",,,,," -618","H,,S"
"AYM00089577","2015-08-09","-80.37","77.37","4084.0","DOME PLATEAU DOME A, AY",,,,," -723","H,,S"
"AYM00089577","2015-08-10","-80.37","77.37","4084.0","DOME PLATEAU DOME A, AY",,,,," -721","H,,S"
"AYM00089577","2015-08-11","-80.37","77.37","4084.0","DOME PLATEAU DOME A, AY",,,,," -749","H,,S"
"AYM00089577","2015-08-12","-80.37","77.37","4084.0","DOME PLATEAU DOME A, AY",,,,," -738","H,,S"
"AYM00089577","2015-08-13","-80.37","77.37","4084.0","DOME PLATEAU DOME A, AY",,,,," -784","H,,S"
"AYM00089577","2015-08-14","-80.37","77.37","4084.0","DOME PLATEAU DOME A, AY",,,,," -731","H,,S"
"AYM00089577","2015-08-15","-80.37","77.37","4084.0","DOME PLATEAU DOME A, AY",,,,," -738","H,,S"
"AYM00089577","2015-08-16","-80.37","77.37","4084.0","DOME PLATEAU DOME A, AY",,,,," -728","H,,S"
"AYM00089577","2015-08-17","-80.37","77.37","4084.0","DOME PLATEAU DOME A, AY",,,,," -757","H,,S"
"AYM00089577","2015-08-18","-80.37","77.37","4084.0","DOME PLATEAU DOME A, AY",,,,," -753","H,,S"
"AYM00089577","2015-08-19","-80.37","77.37","4084.0","DOME PLATEAU DOME A, AY",,,,," -761","H,,S"
"AYM00089577","2015-08-20","-80.37","77.37","4084.0","DOME PLATEAU DOME A, AY",,,,," -721","H,,S"
"AYM00089577","2015-08-21","-80.37","77.37","4084.0","DOME PLATEAU DOME A, AY",,,,," -761","H,,S"
"AYM00089577","2015-08-22","-80.37","77.37","4084.0","DOME PLATEAU DOME A, AY",,,,," -714","H,,S"
"AYM00089577","2015-08-23","-80.37","77.37","4084.0","DOME PLATEAU DOME A, AY",,,,," -673","H,,S"
"AYM00089577","2015-08-24","-80.37","77.37","4084.0","DOME PLATEAU DOME A, AY",,,,," -682","H,,S"
"AYM00089577","2015-08-25","-80.37","77.37","4084.0","DOME PLATEAU DOME A, AY",,,,," -732","H,,S"
"AYM00089577","2015-08-26","-80.37","77.37","4084.0","DOME PLATEAU DOME A, AY",,,,," -750","H,,S"
"AYM00089577","2015-08-27","-80.37","77.37","4084.0","DOME PLATEAU DOME A, AY",,,,," -727","H,,S"
"AYM00089577","2015-08-28","-80.37","77.37","4084.0","DOME PLATEAU DOME A, AY",,,,," -661","H,,S"
"AYM00089577","2015-08-29","-80.37","77.37","4084.0","DOME PLATEAU DOME A, AY",,,,," -688","H,,S"
"AYM00089577","2015-08-30","-80.37","77.37","4084.0","DOME PLATEAU DOME A, AY",,,,," -621","H,,S"
"AYM00089577","2015-08-31","-80.37","77.37","4084.0","DOME PLATEAU DOME A, AY",,,,," -562","H,,S"
"AYM00089577","2015-09-01","-80.37","77.37","4084.0","DOME PLATEAU DOME A, AY",,,,," -581","H,,S"
"AYM00089577","2015-09-02","-80.37","77.37","4084.0","DOME PLATEAU DOME A, AY",,,,," -679","H,,S"
"AYM00089577","2015-09-03","-80.37","77.37","4084.0","DOME PLATEAU DOME A, AY",,,,," -702","H,,S"
"AYM00089577","2015-09-04","-80.37","77.37","4084.0","DOME PLATEAU DOME A, AY",,,,," -642","H,,S"
"AYM00089577","2015-09-05","-80.37","77.37","4084.0","DOME PLATEAU DOME A, AY",,,,," -567","H,,S"
"AYM00089577","2015-09-06","-80.37","77.37","4084.0","DOME PLATEAU DOME A, AY",,,,," -629","H,,S"
"AYM00089577","2015-09-07","-80.37","77.37","4084.0","DOME PLATEAU DOME A, AY",,,,," -611","H,,S"
"AYM00089577","2015-09-08","-80.37","77.37","4084.0","DOME PLATEAU DOME A, AY",,,,," -674","H,,S"
"AYM00089577","2015-09-09","-80.37","77.37","4084.0","DOME PLATEAU DOME A, AY",,,,," -712","H,,S"
"AYM00089577","2015-09-10","-80.37","77.37","4084.0","DOME PLATEAU DOME A, AY",,,,," -729","H,,S"
"AYM00089577","2015-09-11","-80.37","77.37","4084.0","DOME PLATEAU DOME A, AY",,,,," -720","H,,S"
"AYM00089577","2015-09-12","-80.37","77.37","4084.0","DOME PLATEAU DOME A, AY",,,,," -674","H,,S"
"AYM00089577","2015-09-13","-80.37","77.37","4084.0","DOME PLATEAU DOME A, AY",,,,," -655","H,,S"
"AYM00089577","2015-09-14","-80.37","77.37","4084.0","DOME PLATEAU DOME A, AY",,,,," -625","H,,S"
"AYM00089577","2015-09-15","-80.37","77.37","4084.0","DOME PLATEAU DOME A, AY",,,,," -669","H,,S"
"AYM00089577","2015-09-16","-80.37","77.37","4084.0","DOME PLATEAU DOME A, AY",,,,," -716","H,,S"
"AYM00089577","2015-09-17","-80.37","77.37","4084.0","DOME PLATEAU DOME A, AY",,,,," -773","H,,S"
"AYM00089577","2015-09-18","-80.37","77.37","4084.0","DOME PLATEAU DOME A, AY",,,,," -727","H,,S"
"AYM00089577","2015-09-19","-80.37","77.37","4084.0","DOME PLATEAU DOME A, AY",,,,," -642","H,,S"
"AYM00089577","2015-09-20","-80.37","77.37","4084.0","DOME PLATEAU DOME A, AY",,,,," -732","H,,S"
"AYM00089577","2015-09-21","-80.37","77.37","4084.0","DOME PLATEAU DOME A, AY",,,,," -754","H,,S"
"AYM00089577","2015-09-22","-80.37","77.37","4084.0","DOME PLATEAU DOME A, AY",,,,," -742","H,,S"
"AYM00089577","2015-09-23","-80.37","77.37","4084.0","DOME PLATEAU DOME A, AY",,,,," -703","H,,S"
"AYM00089577","2015-09-24","-80.37","77.37","4084.0","DOME PLATEAU DOME A, AY",,,,," -694","H,,S"
"AYM00089577","2015-09-25","-80.37","77.37","4084.0","DOME PLATEAU DOME A, AY",,,,," -698","H,,S"
"AYM00089577","2015-09-26","-80.37","77.37","4084.0","DOME PLATEAU DOME A, AY",,,,," -621","H,,S"
"AYM00089577","2015-09-27","-80.37","77.37","4084.0","DOME PLATEAU DOME A, AY",,,,," -669","H,,S"
"AYM00089577","2015-09-28","-80.37","77.37","4084.0","DOME PLATEAU DOME A, AY",,,,," -664","H,,S"
"AYM00089577","2015-09-29","-80.37","77.37","4084.0","DOME PLATEAU DOME A, AY",,,,," -669","H,,S"
"AYM00089577","2015-09-30","-80.37","77.37","4084.0","DOME PLATEAU DOME A, AY",,,,," -518","H,,S"
"AYM00089577","2015-10-01","-80.37","77.37","4084.0","DOME PLATEAU DOME A, AY",,,,," -478","H,,S"
"AYM00089577","2015-10-02","-80.37","77.37","4084.0","DOME PLATEAU DOME A, AY",,,,," -506","H,,S"
"AYM00089577","2015-10-03","-80.37","77.37","4084.0","DOME PLATEAU DOME A, AY",,,,," -495","H,,S"
"AYM00089577","2015-10-04","-80.37","77.37","4084.0","DOME PLATEAU DOME A, AY",,,,," -475","H,,S"
"AYM00089577","2015-10-05","-80.37","77.37","4084.0","DOME PLATEAU DOME A, AY",,,,," -497","H,,S"
"AYM00089577","2015-10-06","-80.37","77.37","4084.0","DOME PLATEAU DOME A, AY",,,,," -526","H,,S"
"AYM00089577","2015-10-07","-80.37","77.37","4084.0","DOME PLATEAU DOME A, AY",,,,," -564","H,,S"
"AYM00089577","2015-10-08","-80.37","77.37","4084.0","DOME PLATEAU DOME A, AY",,,,," -467","H,,S"
"AYM00089577","2015-10-09","-80.37","77.37","4084.0","DOME PLATEAU DOME A, AY",,,,," -453","H,,S"
"AYM00089577","2015-10-10","-80.37","77.37","4084.0","DOME PLATEAU DOME A, AY",,,,," -504","H,,S"
"AYM00089577","2015-10-11","-80.37","77.37","4084.0","DOME PLATEAU DOME A, AY",,,,," -511","H,,S"
"AYM00089577","2015-10-12","-80.37","77.37","4084.0","DOME PLATEAU DOME A, AY",,,,," -514","H,,S"
"AYM00089577","2015-10-13","-80.37","77.37","4084.0","DOME PLATEAU DOME A, AY",,,,," -511","H,,S"
"AYM00089577","2015-10-14","-80.37","77.37","4084.0","DOME PLATEAU DOME A, AY",,,,," -523","H,,S"
"AYM00089577","2015-10-15","-80.37","77.37","4084.0","DOME PLATEAU DOME A, AY",,,,," -538","H,,S"
"AYM00089577","2015-10-16","-80.37","77.37","4084.0","DOME PLATEAU DOME A, AY",,,,," -551","H,,S"
"AYM00089577","2015-10-17","-80.37","77.37","4084.0","DOME PLATEAU DOME A, AY",,,,," -603","H,,S"
"AYM00089577","2015-10-18","-80.37","77.37","4084.0","DOME PLATEAU DOME A, AY",,,,," -603","H,,S"
"AYM00089577","2015-10-19","-80.37","77.37","4084.0","DOME PLATEAU DOME A, AY",,,,," -574","H,,S"
"AYM00089577","2015-10-20","-80.37","77.37","4084.0","DOME PLATEAU DOME A, AY",,,,," -573","H,,S"
"AYM00089577","2015-10-21","-80.37","77.37","4084.0","DOME PLATEAU DOME A, AY",,,,," -576","H,,S"
"AYM00089577","2015-10-22","-80.37","77.37","4084.0","DOME PLATEAU DOME A, AY",,,,," -554","H,,S"
"AYM00089577","2015-10-23","-80.37","77.37","4084.0","DOME PLATEAU DOME A, AY",,,,," -547","H,,S"
"AYM00089577","2015-10-24","-80.37","77.37","4084.0","DOME PLATEAU DOME A, AY",,,,," -498","H,,S"
"AYM00089577","2015-10-25","-80.37","77.37","4084.0","DOME PLATEAU DOME A, AY",,,,," -489","H,,S"
"AYM00089577","2015-10-26","-80.37","77.37","4084.0","DOME PLATEAU DOME A, AY",,,,," -515","H,,S"
"AYM00089577","2015-10-27","-80.37","77.37","4084.0","DOME PLATEAU DOME A, AY",,,,," -522","H,,S"
"AYM00089577","2015-10-28","-80.37","77.37","4084.0","DOME PLATEAU DOME A, AY",,,,," -527","H,,S"
"AYM00089577","2015-10-29","-80.37","77.37","4084.0","DOME PLATEAU DOME A, AY",,,,," -506","H,,S"
"AYM00089577","2015-10-30","-80.37","77.37","4084.0","DOME PLATEAU DOME A, AY",,,,," -481","H,,S"
"AYM00089577","2015-10-31","-80.37","77.37","4084.0","DOME PLATEAU DOME A, AY",,,,," -477","H,,S"
"AYM00089577","2015-11-01","-80.37","77.37","4084.0","DOME PLATEAU DOME A, AY",,,,," -507","H,,S"
"AYM00089577","2015-11-02","-80.37","77.37","4084.0","DOME PLATEAU DOME A, AY",,,,," -506","H,,S"
"AYM00089577","2015-11-03","-80.37","77.37","4084.0","DOME PLATEAU DOME A, AY",,,,," -495","H,,S"
"AYM00089577","2015-11-04","-80.37","77.37","4084.0","DOME PLATEAU DOME A, AY",,,,," -477","H,,S"
"AYM00089577","2015-11-05","-80.37","77.37","4084.0","DOME PLATEAU DOME A, AY",,,,," -508","H,,S"
"AYM00089577","2015-11-06","-80.37","77.37","4084.0","DOME PLATEAU DOME A, AY",,,,," -487","H,,S"
"AYM00089577","2015-11-07","-80.37","77.37","4084.0","DOME PLATEAU DOME A, AY",,,,," -489","H,,S"
"AYM00089577","2015-11-08","-80.37","77.37","4084.0","DOME PLATEAU DOME A, AY",,,,," -464","H,,S"
"AYM00089577","2015-11-09","-80.37","77.37","4084.0","DOME PLATEAU DOME A, AY",,,,," -377","H,,S"
"AYM00089577","2015-11-10","-80.37","77.37","4084.0","DOME PLATEAU DOME A, AY",,,,," -347","H,,S"
"AYM00089577","2015-11-11","-80.37","77.37","4084.0","DOME PLATEAU DOME A, AY",,,,," -369","H,,S"
"AYM00089577","2015-11-12","-80.37","77.37","4084.0","DOME PLATEAU DOME A, AY",,,,," -418","H,,S"
"AYM00089577","2015-11-13","-80.37","77.37","4084.0","DOME PLATEAU DOME A, AY",,,,," -372","H,,S"
"AYM00089577","2015-11-14","-80.37","77.37","4084.0","DOME PLATEAU DOME A, AY",,,,," -383","H,,S"
"AYM00089577","2015-11-15","-80.37","77.37","4084.0","DOME PLATEAU DOME A, AY",,,,," -366","H,,S"
"AYM00089577","2015-11-16","-80.37","77.37","4084.0","DOME PLATEAU DOME A, AY",,,,," -367","H,,S"
"AYM00089577","2015-11-17","-80.37","77.37","4084.0","DOME PLATEAU DOME A, AY",,,,," -400","H,,S"
"AYM00089577","2015-11-18","-80.37","77.37","4084.0","DOME PLATEAU DOME A, AY",,,,," -382","H,,S"
"AYM00089577","2015-11-19","-80.37","77.37","4084.0","DOME PLATEAU DOME A, AY",,,,," -354","H,,S"
"AYM00089577","2015-11-20","-80.37","77.37","4084.0","DOME PLATEAU DOME A, AY",,,,," -384","H,,S"
"AYM00089577","2015-11-21","-80.37","77.37","4084.0","DOME PLATEAU DOME A, AY",,,,," -326","H,,S"
"AYM00089577","2015-11-22","-80.37","77.37","4084.0","DOME PLATEAU DOME A, AY",,,,," -364","H,,S"
"AYM00089577","2015-11-23","-80.37","77.37","4084.0","DOME PLATEAU DOME A, AY",,,,," -343","H,,S"
"AYM00089577","2015-11-24","-80.37","77.37","4084.0","DOME PLATEAU DOME A, AY",,,,," -359","H,,S"
"AYM00089577","2015-11-25","-80.37","77.37","4084.0","DOME PLATEAU DOME A, AY",,,,," -359","H,,S"
"AYM00089577","2015-11-26","-80.37","77.37","4084.0","DOME PLATEAU DOME A, AY",,,,," -329","H,,S"
"AYM00089577","2015-11-27","-80.37","77.37","4084.0","DOME PLATEAU DOME A, AY",,,,," -311","H,,S"
"AYM00089577","2015-11-28","-80.37","77.37","4084.0","DOME PLATEAU DOME A, AY",,,,," -293","H,,S"
"AYM00089577","2015-11-29","-80.37","77.37","4084.0","DOME PLATEAU DOME A, AY",,,,," -311","H,,S"
"AYM00089577","2015-11-30","-80.37","77.37","4084.0","DOME PLATEAU DOME A, AY",,,,," -323","H,,S"
"AYM00089577","2015-12-01","-80.37","77.37","4084.0","DOME PLATEAU DOME A, AY",,,,," -349","H,,S"
"AYM00089577","2015-12-02","-80.37","77.37","4084.0","DOME PLATEAU DOME A, AY",,,,," -323","H,,S"
"AYM00089577","2015-12-03","-80.37","77.37","4084.0","DOME PLATEAU DOME A, AY",,,,," -377","H,,S"
"AYM00089577","2015-12-04","-80.37","77.37","4084.0","DOME PLATEAU DOME A, AY",,,,," -366","H,,S"
"AYM00089577","2015-12-05","-80.37","77.37","4084.0","DOME PLATEAU DOME A, AY",,,,," -364","H,,S"
"AYM00089577","2015-12-06","-80.37","77.37","4084.0","DOME PLATEAU DOME A, AY",,,,," -372","H,,S"
"AYM00089577","2015-12-07","-80.37","77.37","4084.0","DOME PLATEAU DOME A, AY",,,,," -331","H,,S"
"AYM00089577","2015-12-08","-80.37","77.37","4084.0","DOME PLATEAU DOME A, AY",,,,," -291","H,,S"
"AYM00089577","2015-12-09","-80.37","77.37","4084.0","DOME PLATEAU DOME A, AY",,,,," -309","H,,S"
"AYM00089577","2015-12-10","-80.37","77.37","4084.0","DOME PLATEAU DOME A, AY",,,,," -364","H,,S"
"AYM00089577","2015-12-11","-80.37","77.37","4084.0","DOME PLATEAU DOME A, AY",,,,," -357","H,,S"
"AYM00089577","2015-12-12","-80.37","77.37","4084.0","DOME PLATEAU DOME A, AY",,,,," -357","H,,S"
"AYM00089577","2015-12-13","-80.37","77.37","4084.0","DOME PLATEAU DOME A, AY",,,,," -357","H,,S"
"AYM00089577","2015-12-14","-80.37","77.37","4084.0","DOME PLATEAU DOME A, AY",,,,," -341","H,,S"
"AYM00089577","2015-12-15","-80.37","77.37","4084.0","DOME PLATEAU DOME A, AY",,,,," -308","H,,S"
"AYM00089577","2015-12-16","-80.37","77.37","4084.0","DOME PLATEAU DOME A, AY",,,,," -284","H,,S"
"AYM00089577","2015-12-17","-80.37","77.37","4084.0","DOME PLATEAU DOME A, AY",,,,," -298","H,,S"
"AYM00089577","2015-12-18","-80.37","77.37","4084.0","DOME PLATEAU DOME A, AY",,,,," -287","H,,S"
"AYM00089577","2015-12-19","-80.37","77.37","4084.0","DOME PLATEAU DOME A, AY",,,,," -261","H,,S"
"AYM00089577","2015-12-20","-80.37","77.37","4084.0","DOME PLATEAU DOME A, AY",,,,," -321","H,,S"
"AYM00089577","2015-12-21","-80.37","77.37","4084.0","DOME PLATEAU DOME A, AY",,,,," -304","H,,S"
"AYM00089577","2015-12-22","-80.37","77.37","4084.0","DOME PLATEAU DOME A, AY",,,,," -314","H,,S"
"AYM00089577","2015-12-23","-80.37","77.37","4084.0","DOME PLATEAU DOME A, AY",,,,," -342","H,,S"
"AYM00089577","2015-12-24","-80.37","77.37","4084.0","DOME PLATEAU DOME A, AY",,,,," -320","H,,S"
"AYM00089577","2015-12-25","-80.37","77.37","4084.0","DOME PLATEAU DOME A, AY",,,,," -294","H,,S"
"AYM00089577","2015-12-26","-80.37","77.37","4084.0","DOME PLATEAU DOME A, AY",,,,," -307","H,,S"
"AYM00089577","2015-12-27","-80.37","77.37","4084.0","DOME PLATEAU DOME A, AY",,,,," -323","H,,S"
"AYM00089577","2015-12-28","-80.37","77.37","4084.0","DOME PLATEAU DOME A, AY",,,,," -319","H,,S"
"AYM00089577","2015-12-29","-80.37","77.37","4084.0","DOME PLATEAU DOME A, AY",,,,," -322","H,,S"
"AYM00089577","2015-12-30","-80.37","77.37","4084.0","DOME PLATEAU DOME A, AY",,,,," -315","H,,S"
"AYM00089577","2015-12-31","-80.37","77.37","4084.0","DOME PLATEAU DOME A, AY",,,,," -295","H,,S"
"AYM00089577","2016-01-01","-80.37","77.37","4084.0","DOME PLATEAU DOME A, AY",,,,," -319","H,,S"
"AYM00089577","2016-01-02","-80.37","77.37","4084.0","DOME PLATEAU DOME A, AY",,,,," -316","H,,S"
"AYM00089577","2016-01-03","-80.37","77.37","4084.0","DOME PLATEAU DOME A, AY",,,,," -352","H,,S"
"AYM00089577","2016-01-04","-80.37","77.37","4084.0","DOME PLATEAU DOME A, AY",,,,," -329","H,,S"
"AYM00089577","2016-01-05","-80.37","77.37","4084.0","DOME PLATEAU DOME A, AY",,,,," -331","H,,S"
"AYM00089577","2016-01-06","-80.37","77.37","4084.0","DOME PLATEAU DOME A, AY",,,,," -325","H,,S"
"AYM00089577","2016-01-07","-80.37","77.37","4084.0","DOME PLATEAU DOME A, AY",,,,," -324","H,,S"
"AYM00089577","2016-01-08","-80.37","77.37","4084.0","DOME PLATEAU DOME A, AY",,,,," -333","H,,S"
"AYM00089577","2016-01-09","-80.37","77.37","4084.0","DOME PLATEAU DOME A, AY",,,,," -332","H,,S"
"AYM00089577","2016-01-10","-80.37","77.37","4084.0","DOME PLATEAU DOME A, AY",,,,," -302","H,,S"
"AYM00089577","2016-01-11","-80.37","77.37","4084.0","DOME PLATEAU DOME A, AY",,,,," -359","H,,S"
"AYM00089577","2016-01-12","-80.37","77.37","4084.0","DOME PLATEAU DOME A, AY",,,,," -373","H,,S"
"AYM00089577","2016-01-13","-80.37","77.37","4084.0","DOME PLATEAU DOME A, AY",,,,," -361","H,,S"
"AYM00089577","2016-01-14","-80.37","77.37","4084.0","DOME PLATEAU DOME A, AY",,,,," -352","H,,S"
"AYM00089577","2016-01-15","-80.37","77.37","4084.0","DOME PLATEAU DOME A, AY",,,,," -277","H,,S"
"AYM00089577","2016-01-16","-80.37","77.37","4084.0","DOME PLATEAU DOME A, AY",,,,," -304","H,,S"
"AYM00089577","2016-01-17","-80.37","77.37","4084.0","DOME PLATEAU DOME A, AY",,,,," -340","H,,S"
"AYM00089577","2016-01-18","-80.37","77.37","4084.0","DOME PLATEAU DOME A, AY",,,,," -333","H,,S"
"AYM00089577","2016-01-19","-80.37","77.37","4084.0","DOME PLATEAU DOME A, AY",,,,," -308","H,,S"
"AYM00089577","2016-01-20","-80.37","77.37","4084.0","DOME PLATEAU DOME A, AY",,,,," -298","H,,S"
"AYM00089577","2016-01-21","-80.37","77.37","4084.0","DOME PLATEAU DOME A, AY",,,,," -331","H,,S"
"AYM00089577","2016-01-22","-80.37","77.37","4084.0","DOME PLATEAU DOME A, AY",,,,," -362","H,,S"
"AYM00089577","2016-01-23","-80.37","77.37","4084.0","DOME PLATEAU DOME A, AY",,,,," -367","H,,S"
"AYM00089577","2016-01-24","-80.37","77.37","4084.0","DOME PLATEAU DOME A, AY",,,,," -337","H,,S"
"AYM00089577","2016-01-25","-80.37","77.37","4084.0","DOME PLATEAU DOME A, AY",,,,," -338","H,,S"
"AYM00089577","2016-01-26","-80.37","77.37","4084.0","DOME PLATEAU DOME A, AY",,,,," -370","H,,S"
"AYM00089577","2016-01-27","-80.37","77.37","4084.0","DOME PLATEAU DOME A, AY",,,,," -379","H,,S"
"AYM00089577","2016-01-28","-80.37","77.37","4084.0","DOME PLATEAU DOME A, AY",,,,," -382","H,,S"
"AYM00089577","2016-01-29","-80.37","77.37","4084.0","DOME PLATEAU DOME A, AY",,,,," -393","H,,S"
"AYM00089577","2016-01-30","-80.37","77.37","4084.0","DOME PLATEAU DOME A, AY",,,,," -388","H,,S"
"AYM00089577","2016-01-31","-80.37","77.37","4084.0","DOME PLATEAU DOME A, AY",,,,," -359","H,,S"
"AYM00089577","2016-02-01","-80.37","77.37","4084.0","DOME PLATEAU DOME A, AY",,,,," -336","H,,S"
"AYM00089577","2016-02-02","-80.37","77.37","4084.0","DOME PLATEAU DOME A, AY",,,,," -371","H,,S"
"AYM00089577","2016-02-03","-80.37","77.37","4084.0","DOME PLATEAU DOME A, AY",,,,," -383","H,,S"
"AYM00089577","2016-02-04","-80.37","77.37","4084.0","DOME PLATEAU DOME A, AY",,,,," -386","H,,S"
"AYM00089577","2016-02-05","-80.37","77.37","4084.0","DOME PLATEAU DOME A, AY",,,,," -399","H,,S"
"AYM00089577","2016-02-06","-80.37","77.37","4084.0","DOME PLATEAU DOME A, AY",,,,," -386","H,,S"
"AYM00089577","2016-02-07","-80.37","77.37","4084.0","DOME PLATEAU DOME A, AY",,,,," -420","H,,S"
"AYM00089577","2016-02-08","-80.37","77.37","4084.0","DOME PLATEAU DOME A, AY",,,,," -464","H,,S"
"AYM00089577","2016-02-09","-80.37","77.37","4084.0","DOME PLATEAU DOME A, AY",,,,," -459","H,,S"
"AYM00089577","2016-02-10","-80.37","77.37","4084.0","DOME PLATEAU DOME A, AY",,,,," -426","H,,S"
"AYM00089577","2016-02-11","-80.37","77.37","4084.0","DOME PLATEAU DOME A, AY",,,,," -403","H,,S"
"AYM00089577","2016-02-12","-80.37","77.37","4084.0","DOME PLATEAU DOME A, AY",,,,," -492","H,,S"
"AYM00089577","2016-02-13","-80.37","77.37","4084.0","DOME PLATEAU DOME A, AY",,,,," -498","H,,S"
"AYM00089577","2016-02-14","-80.37","77.37","4084.0","DOME PLATEAU DOME A, AY",,,,," -501","H,,S"
"AYM00089577","2016-02-15","-80.37","77.37","4084.0","DOME PLATEAU DOME A, AY",,,,," -491","H,,S"
"AYM00089577","2016-02-16","-80.37","77.37","4084.0","DOME PLATEAU DOME A, AY",,,,," -473","H,,S"
"AYM00089577","2016-02-17","-80.37","77.37","4084.0","DOME PLATEAU DOME A, AY",,,,," -457","H,,S"
"AYM00089577","2016-02-18","-80.37","77.37","4084.0","DOME PLATEAU DOME A, AY",,,,," -482","H,,S"
"AYM00089577","2016-02-19","-80.37","77.37","4084.0","DOME PLATEAU DOME A, AY",,,,," -486","H,,S"
"AYM00089577","2016-02-20","-80.37","77.37","4084.0","DOME PLATEAU DOME A, AY",,,,," -503","H,,S"
"AYM00089577","2016-02-21","-80.37","77.37","4084.0","DOME PLATEAU DOME A, AY",,,,," -547","H,,S"
"AYM00089577","2016-02-22","-80.37","77.37","4084.0","DOME PLATEAU DOME A, AY",,,,," -504","H,,S"
"AYM00089577","2016-02-23","-80.37","77.37","4084.0","DOME PLATEAU DOME A, AY",,,,," -462","H,,S"
"AYM00089577","2016-02-24","-80.37","77.37","4084.0","DOME PLATEAU DOME A, AY",,,,," -472","H,,S"
"AYM00089577","2016-02-25","-80.37","77.37","4084.0","DOME PLATEAU DOME A, AY",,,,," -450","H,,S"
"AYM00089577","2016-02-26","-80.37","77.37","4084.0","DOME PLATEAU DOME A, AY",,,,," -459","H,,S"
"AYM00089577","2016-02-27","-80.37","77.37","4084.0","DOME PLATEAU DOME A, AY",,,,," -504","H,,S"
"AYM00089577","2016-02-28","-80.37","77.37","4084.0","DOME PLATEAU DOME A, AY",,,,," -483","H,,S"
"AYM00089577","2016-02-29","-80.37","77.37","4084.0","DOME PLATEAU DOME A, AY",,,,," -464","H,,S"
"AYM00089577","2016-03-01","-80.37","77.37","4084.0","DOME PLATEAU DOME A, AY",,,,," -442","H,,S"
"AYM00089577","2016-03-02","-80.37","77.37","4084.0","DOME PLATEAU DOME A, AY",,,,," -503","H,,S"
"AYM00089577","2016-03-03","-80.37","77.37","4084.0","DOME PLATEAU DOME A, AY",,,,," -550","H,,S"
"AYM00089577","2016-03-04","-80.37","77.37","4084.0","DOME PLATEAU DOME A, AY",,,,," -543","H,,S"
"AYM00089577","2016-03-05","-80.37","77.37","4084.0","DOME PLATEAU DOME A, AY",,,,," -567","H,,S"
"AYM00089577","2016-03-06","-80.37","77.37","4084.0","DOME PLATEAU DOME A, AY",,,,," -550","H,,S"
"AYM00089577","2016-03-07","-80.37","77.37","4084.0","DOME PLATEAU DOME A, AY",,,,," -562","H,,S"
"AYM00089577","2016-03-08","-80.37","77.37","4084.0","DOME PLATEAU DOME A, AY",,,,," -566","H,,S"
"AYM00089577","2016-03-09","-80.37","77.37","4084.0","DOME PLATEAU DOME A, AY",,,,," -567","H,,S"
"AYM00089577","2016-03-10","-80.37","77.37","4084.0","DOME PLATEAU DOME A, AY",,,,," -544","H,,S"
"AYM00089577","2016-03-11","-80.37","77.37","4084.0","DOME PLATEAU DOME A, AY",,,,," -519","H,,S"
"AYM00089577","2016-03-12","-80.37","77.37","4084.0","DOME PLATEAU DOME A, AY",,,,," -543","H,,S"
"AYM00089577","2016-03-13","-80.37","77.37","4084.0","DOME PLATEAU DOME A, AY",,,,," -560","H,,S"
"AYM00089577","2016-03-16","-80.37","77.37","4084.0","DOME PLATEAU DOME A, AY",,,,," -602","H,,S"
"AYM00089577","2016-03-18","-80.37","77.37","4084.0","DOME PLATEAU DOME A, AY",,,,," -624","H,,S"
"AYM00089577","2016-03-20","-80.37","77.37","4084.0","DOME PLATEAU DOME A, AY",,,,," -619","H,,S"
"AYM00089577","2016-03-21","-80.37","77.37","4084.0","DOME PLATEAU DOME A, AY",,,,," -636","H,,S"
"AYM00089577","2016-03-22","-80.37","77.37","4084.0","DOME PLATEAU DOME A, AY",,,,," -662","H,,S"
"AYM00089577","2016-03-24","-80.37","77.37","4084.0","DOME PLATEAU DOME A, AY",,,,," -636","H,,S"
"AYM00089577","2016-03-25","-80.37","77.37","4084.0","DOME PLATEAU DOME A, AY",,,,," -634","H,,S"
"AYM00089577","2016-03-26","-80.37","77.37","4084.0","DOME PLATEAU DOME A, AY",,,,," -670","H,,S"
"AYM00089577","2016-03-27","-80.37","77.37","4084.0","DOME PLATEAU DOME A, AY",,,,," -654","H,,S"
"AYM00089577","2016-03-28","-80.37","77.37","4084.0","DOME PLATEAU DOME A, AY",,,,," -687","H,,S"
"AYM00089577","2016-03-29","-80.37","77.37","4084.0","DOME PLATEAU DOME A, AY",,,,," -686","H,,S"
"AYM00089577","2016-03-30","-80.37","77.37","4084.0","DOME PLATEAU DOME A, AY",,,,," -637","H,,S"
"AYM00089577","2016-03-31","-80.37","77.37","4084.0","DOME PLATEAU DOME A, AY",,,,," -569","H,,S"
"AYM00089577","2016-04-01","-80.37","77.37","4084.0","DOME PLATEAU DOME A, AY",,,,," -617","H,,S"
"AYM00089577","2016-04-02","-80.37","77.37","4084.0","DOME PLATEAU DOME A, AY",,,,," -663","H,,S"
"AYM00089577","2016-04-03","-80.37","77.37","4084.0","DOME PLATEAU DOME A, AY",,,,," -647","H,,S"
"AYM00089577","2016-04-04","-80.37","77.37","4084.0","DOME PLATEAU DOME A, AY",,,,," -656","H,,S"
"AYM00089577","2016-04-05","-80.37","77.37","4084.0","DOME PLATEAU DOME A, AY",,,,," -687","H,,S"
"AYM00089577","2016-04-06","-80.37","77.37","4084.0","DOME PLATEAU DOME A, AY",,,,," -661","H,,S"
"AYM00089577","2016-04-07","-80.37","77.37","4084.0","DOME PLATEAU DOME A, AY",,,,," -619","H,,S"
"AYM00089577","2016-04-08","-80.37","77.37","4084.0","DOME PLATEAU DOME A, AY",,,,," -673","H,,S"
"AYM00089577","2016-04-09","-80.37","77.37","4084.0","DOME PLATEAU DOME A, AY",,,,," -702","H,,S"
"AYM00089577","2016-04-10","-80.37","77.37","4084.0","DOME PLATEAU DOME A, AY",,,,," -716","H,,S"
"AYM00089577","2016-04-11","-80.37","77.37","4084.0","DOME PLATEAU DOME A, AY",,,,," -659","H,,S"
"AYM00089577","2016-04-12","-80.37","77.37","4084.0","DOME PLATEAU DOME A, AY",,,,," -660","H,,S"
"AYM00089577","2016-04-13","-80.37","77.37","4084.0","DOME PLATEAU DOME A, AY",,,,," -714","H,,S"
"AYM00089577","2016-04-14","-80.37","77.37","4084.0","DOME PLATEAU DOME A, AY",,,,," -706","H,,S"
"AYM00089577","2016-04-15","-80.37","77.37","4084.0","DOME PLATEAU DOME A, AY",,,,," -696","H,,S"
"AYM00089577","2016-04-16","-80.37","77.37","4084.0","DOME PLATEAU DOME A, AY",,,,," -670","H,,S"
"AYM00089577","2016-04-17","-80.37","77.37","4084.0","DOME PLATEAU DOME A, AY",,,,," -674","H,,S"
"AYM00089577","2016-04-18","-80.37","77.37","4084.0","DOME PLATEAU DOME A, AY",,,,," -719","H,,S"
"AYM00089577","2016-04-19","-80.37","77.37","4084.0","DOME PLATEAU DOME A, AY",,,,," -714","H,,S"
"AYM00089577","2016-04-20","-80.37","77.37","4084.0","DOME PLATEAU DOME A, AY",,,,," -690","H,,S"
"AYM00089577","2016-04-21","-80.37","77.37","4084.0","DOME PLATEAU DOME A, AY",,,,," -642","H,,S"
"AYM00089577","2016-04-22","-80.37","77.37","4084.0","DOME PLATEAU DOME A, AY",,,,," -652","H,,S"
"AYM00089577","2016-04-23","-80.37","77.37","4084.0","DOME PLATEAU DOME A, AY",,,,," -653","H,,S"
"AYM00089577","2016-04-24","-80.37","77.37","4084.0","DOME PLATEAU DOME A, AY",,,,," -661","H,,S"
"AYM00089577","2016-04-25","-80.37","77.37","4084.0","DOME PLATEAU DOME A, AY",,,,," -640","H,,S"
"AYM00089577","2016-04-26","-80.37","77.37","4084.0","DOME PLATEAU DOME A, AY",,,,," -691","H,,S"
"AYM00089577","2016-04-27","-80.37","77.37","4084.0","DOME PLATEAU DOME A, AY",,,,," -677","H,,S"
"AYM00089577","2016-04-28","-80.37","77.37","4084.0","DOME PLATEAU DOME A, AY",,,,," -673","H,,S"
"AYM00089577","2016-04-29","-80.37","77.37","4084.0","DOME PLATEAU DOME A, AY",,,,," -720","H,,S"
"AYM00089577","2016-04-30","-80.37","77.37","4084.0","DOME PLATEAU DOME A, AY",,,,," -699","H,,S"
"AYM00089577","2016-05-01","-80.37","77.37","4084.0","DOME PLATEAU DOME A, AY",,,,," -689","H,,S"
"AYM00089577","2016-05-02","-80.37","77.37","4084.0","DOME PLATEAU DOME A, AY",,,,," -639","H,,S"
"AYM00089577","2016-05-03","-80.37","77.37","4084.0","DOME PLATEAU DOME A, AY",,,,," -579","H,,S"
"AYM00089577","2016-05-04","-80.37","77.37","4084.0","DOME PLATEAU DOME A, AY",,,,," -549","H,,S"
"AYM00089577","2016-05-05","-80.37","77.37","4084.0","DOME PLATEAU DOME A, AY",,,,," -597","H,,S"
"AYM00089577","2016-05-06","-80.37","77.37","4084.0","DOME PLATEAU DOME A, AY",,,,," -577","H,,S"
"AYM00089577","2016-05-07","-80.37","77.37","4084.0","DOME PLATEAU DOME A, AY",,,,," -629","H,,S"
"AYM00089577","2016-05-08","-80.37","77.37","4084.0","DOME PLATEAU DOME A, AY",,,,," -594","H,,S"
"AYM00089577","2016-05-09","-80.37","77.37","4084.0","DOME PLATEAU DOME A, AY",,,,," -594","H,,S"
"AYM00089577","2016-05-10","-80.37","77.37","4084.0","DOME PLATEAU DOME A, AY",,,,," -623","H,,S"
"AYM00089577","2016-05-11","-80.37","77.37","4084.0","DOME PLATEAU DOME A, AY",,,,," -642","H,,S"
"AYM00089577","2016-05-12","-80.37","77.37","4084.0","DOME PLATEAU DOME A, AY",,,,," -649","H,,S"
"AYM00089577","2016-05-13","-80.37","77.37","4084.0","DOME PLATEAU DOME A, AY",,,,," -689","H,,S"
"AYM00089577","2016-05-14","-80.37","77.37","4084.0","DOME PLATEAU DOME A, AY",,,,," -669","H,,S"
"AYM00089577","2016-05-15","-80.37","77.37","4084.0","DOME PLATEAU DOME A, AY",,,,," -711","H,,S"
"AYM00089577","2016-05-16","-80.37","77.37","4084.0","DOME PLATEAU DOME A, AY",,,,," -718","H,,S"
"AYM00089577","2016-05-17","-80.37","77.37","4084.0","DOME PLATEAU DOME A, AY",,,,," -692","H,,S"
"AYM00089577","2016-05-18","-80.37","77.37","4084.0","DOME PLATEAU DOME A, AY",,,,," -683","H,,S"
"AYM00089577","2016-05-19","-80.37","77.37","4084.0","DOME PLATEAU DOME A, AY",,,,," -741","H,,S"
"AYM00089577","2016-05-20","-80.37","77.37","4084.0","DOME PLATEAU DOME A, AY",,,,," -713","H,,S"
"AYM00089577","2016-05-21","-80.37","77.37","4084.0","DOME PLATEAU DOME A, AY",,,,," -725","H,,S"
"AYM00089577","2016-05-22","-80.37","77.37","4084.0","DOME PLATEAU DOME A, AY",,,,," -722","H,,S"
"AYM00089577","2016-05-23","-80.37","77.37","4084.0","DOME PLATEAU DOME A, AY",,,,," -663","H,,S"
"AYM00089577","2016-05-24","-80.37","77.37","4084.0","DOME PLATEAU DOME A, AY",,,,," -659","H,,S"
"AYM00089577","2016-05-25","-80.37","77.37","4084.0","DOME PLATEAU DOME A, AY",,,,," -694","H,,S"
"AYM00089577","2016-05-26","-80.37","77.37","4084.0","DOME PLATEAU DOME A, AY",,,,," -554","H,,S"
"AYM00089577","2016-05-27","-80.37","77.37","4084.0","DOME PLATEAU DOME A, AY",,,,," -531","H,,S"
"AYM00089577","2016-05-28","-80.37","77.37","4084.0","DOME PLATEAU DOME A, AY",,,,," -629","H,,S"
"AYM00089577","2016-05-29","-80.37","77.37","4084.0","DOME PLATEAU DOME A, AY",,,,," -681","H,,S"
"AYM00089577","2016-05-30","-80.37","77.37","4084.0","DOME PLATEAU DOME A, AY",,,,," -669","H,,S"
"AYM00089577","2016-05-31","-80.37","77.37","4084.0","DOME PLATEAU DOME A, AY",,,,," -616","H,,S"
"AYM00089577","2016-06-01","-80.37","77.37","4084.0","DOME PLATEAU DOME A, AY",,,,," -603","H,,S"
"AYM00089577","2016-06-02","-80.37","77.37","4084.0","DOME PLATEAU DOME A, AY",,,,," -669","H,,S"
"AYM00089577","2016-06-03","-80.37","77.37","4084.0","DOME PLATEAU DOME A, AY",,,,," -711","H,,S"
"AYM00089577","2016-06-04","-80.37","77.37","4084.0","DOME PLATEAU DOME A, AY",,,,," -695","H,,S"
"AYM00089577","2016-06-05","-80.37","77.37","4084.0","DOME PLATEAU DOME A, AY",,,,," -743","H,,S"
"AYM00089577","2016-06-06","-80.37","77.37","4084.0","DOME PLATEAU DOME A, AY",,,,," -739","H,,S"
"AYM00089577","2016-06-07","-80.37","77.37","4084.0","DOME PLATEAU DOME A, AY",,,,," -727","H,,S"
"AYM00089577","2016-06-08","-80.37","77.37","4084.0","DOME PLATEAU DOME A, AY",,,,," -732","H,,S"
"AYM00089577","2016-06-09","-80.37","77.37","4084.0","DOME PLATEAU DOME A, AY",,,,," -736","H,,S"
"AYM00089577","2016-06-10","-80.37","77.37","4084.0","DOME PLATEAU DOME A, AY",,,,," -766","H,,S"
"AYM00089577","2016-06-11","-80.37","77.37","4084.0","DOME PLATEAU DOME A, AY",,,,," -745","H,,S"
"AYM00089577","2016-06-12","-80.37","77.37","4084.0","DOME PLATEAU DOME A, AY",,,,," -735","H,,S"
"AYM00089577","2016-06-13","-80.37","77.37","4084.0","DOME PLATEAU DOME A, AY",,,,," -771","H,,S"
"AYM00089577","2016-06-14","-80.37","77.37","4084.0","DOME PLATEAU DOME A, AY",,,,," -749","H,,S"
"AYM00089577","2016-06-15","-80.37","77.37","4084.0","DOME PLATEAU DOME A, AY",,,,," -764","H,,S"
"AYM00089577","2016-06-16","-80.37","77.37","4084.0","DOME PLATEAU DOME A, AY",,,,," -712","H,,S"
"AYM00089577","2016-06-17","-80.37","77.37","4084.0","DOME PLATEAU DOME A, AY",,,,," -681","H,,S"
"AYM00089577","2016-06-18","-80.37","77.37","4084.0","DOME PLATEAU DOME A, AY",,,,," -696","H,,S"
"AYM00089577","2016-06-19","-80.37","77.37","4084.0","DOME PLATEAU DOME A, AY",,,,," -667","H,,S"
"AYM00089577","2016-06-20","-80.37","77.37","4084.0","DOME PLATEAU DOME A, AY",,,,," -723","H,,S"
"AYM00089577","2016-06-21","-80.37","77.37","4084.0","DOME PLATEAU DOME A, AY",,,,," -663","H,,S"
"AYM00089577","2016-06-22","-80.37","77.37","4084.0","DOME PLATEAU DOME A, AY",,,,," -614","H,,S"
"AYM00089577","2016-06-23","-80.37","77.37","4084.0","DOME PLATEAU DOME A, AY",,,,," -647","H,,S"
"AYM00089577","2016-06-24","-80.37","77.37","4084.0","DOME PLATEAU DOME A, AY",,,,," -641","H,,S"
"AYM00089577","2016-06-25","-80.37","77.37","4084.0","DOME PLATEAU DOME A, AY",,,,," -671","H,,S"
"AYM00089577","2016-06-26","-80.37","77.37","4084.0","DOME PLATEAU DOME A, AY",,,,," -752","H,,S"
"AYM00089577","2016-06-27","-80.37","77.37","4084.0","DOME PLATEAU DOME A, AY",,,,," -773","H,,S"
"AYM00089577","2016-06-28","-80.37","77.37","4084.0","DOME PLATEAU DOME A, AY",,,,," -730","H,,S"
"AYM00089577","2016-06-29","-80.37","77.37","4084.0","DOME PLATEAU DOME A, AY",,,,," -743","H,,S"
"AYM00089577","2016-06-30","-80.37","77.37","4084.0","DOME PLATEAU DOME A, AY",,,,," -749","H,,S"
"AYM00089577","2016-07-01","-80.37","77.37","4084.0","DOME PLATEAU DOME A, AY",,,,," -680","H,,S"
"AYM00089577","2016-07-02","-80.37","77.37","4084.0","DOME PLATEAU DOME A, AY",,,,," -679","H,,S"
"AYM00089577","2016-07-03","-80.37","77.37","4084.0","DOME PLATEAU DOME A, AY",,,,," -703","H,,S"
"AYM00089577","2016-07-04","-80.37","77.37","4084.0","DOME PLATEAU DOME A, AY",,,,," -694","H,,S"
"AYM00089577","2016-07-05","-80.37","77.37","4084.0","DOME PLATEAU DOME A, AY",,,,," -708","H,,S"
"AYM00089577","2016-07-06","-80.37","77.37","4084.0","DOME PLATEAU DOME A, AY",,,,," -748","H,,S"
"AYM00089577","2016-07-07","-80.37","77.37","4084.0","DOME PLATEAU DOME A, AY",,,,," -772","H,,S"
"AYM00089577","2016-07-08","-80.37","77.37","4084.0","DOME PLATEAU DOME A, AY",,,,," -787","H,,S"
"AYM00089577","2016-07-09","-80.37","77.37","4084.0","DOME PLATEAU DOME A, AY",,,,," -783","H,,S"
"AYM00089577","2016-07-10","-80.37","77.37","4084.0","DOME PLATEAU DOME A, AY",,,,," -727","H,,S"
"AYM00089577","2016-07-11","-80.37","77.37","4084.0","DOME PLATEAU DOME A, AY",,,,," -747","H,,S"
"AYM00089577","2016-07-12","-80.37","77.37","4084.0","DOME PLATEAU DOME A, AY",,,,," -679","H,,S"
"AYM00089577","2016-07-13","-80.37","77.37","4084.0","DOME PLATEAU DOME A, AY",,,,," -659","H,,S"
"AYM00089577","2016-07-14","-80.37","77.37","4084.0","DOME PLATEAU DOME A, AY",,,,," -612","H,,S"
"AYM00089577","2016-07-15","-80.37","77.37","4084.0","DOME PLATEAU DOME A, AY",,,,," -563","H,,S"
"AYM00089577","2016-07-16","-80.37","77.37","4084.0","DOME PLATEAU DOME A, AY",,,,," -579","H,,S"
"AYM00089577","2016-07-17","-80.37","77.37","4084.0","DOME PLATEAU DOME A, AY",,,,," -600","H,,S"
"AYM00089577","2016-07-18","-80.37","77.37","4084.0","DOME PLATEAU DOME A, AY",,,,," -606","H,,S"
"AYM00089577","2016-07-19","-80.37","77.37","4084.0","DOME PLATEAU DOME A, AY",,,,," -598","H,,S"
"AYM00089577","2016-07-20","-80.37","77.37","4084.0","DOME PLATEAU DOME A, AY",,,,," -622","H,,S"
"AYM00089577","2016-07-21","-80.37","77.37","4084.0","DOME PLATEAU DOME A, AY",,,,," -690","H,,S"
"AYM00089577","2016-07-22","-80.37","77.37","4084.0","DOME PLATEAU DOME A, AY",,,,," -693","H,,S"
"AYM00089577","2016-07-23","-80.37","77.37","4084.0","DOME PLATEAU DOME A, AY",,,,," -704","H,,S"
"AYM00089577","2016-07-24","-80.37","77.37","4084.0","DOME PLATEAU DOME A, AY",,,,," -724","H,,S"
"AYM00089577","2016-07-25","-80.37","77.37","4084.0","DOME PLATEAU DOME A, AY",,,,," -745","H,,S"
"AYM00089577","2016-07-26","-80.37","77.37","4084.0","DOME PLATEAU DOME A, AY",,,,," -726","H,,S"
"AYM00089577","2016-07-27","-80.37","77.37","4084.0","DOME PLATEAU DOME A, AY",,,,," -706","H,,S"
"AYM00089577","2016-07-28","-80.37","77.37","4084.0","DOME PLATEAU DOME A, AY",,,,," -729","H,,S"
"AYM00089577","2016-07-29","-80.37","77.37","4084.0","DOME PLATEAU DOME A, AY",,,,," -689","H,,S"
"AYM00089577","2016-07-30","-80.37","77.37","4084.0","DOME PLATEAU DOME A, AY",,,,," -658","H,,S"
"AYM00089577","2016-07-31","-80.37","77.37","4084.0","DOME PLATEAU DOME A, AY",,,,," -508","H,,S"
"AYM00089577","2016-08-01","-80.37","77.37","4084.0","DOME PLATEAU DOME A, AY",,,,," -492","H,,S"
"AYM00089577","2016-08-02","-80.37","77.37","4084.0","DOME PLATEAU DOME A, AY",,,,," -552","H,,S"
"AYM00089577","2016-08-03","-80.37","77.37","4084.0","DOME PLATEAU DOME A, AY",,,,," -553","H,,S"
"AYM00089577","2016-08-04","-80.37","77.37","4084.0","DOME PLATEAU DOME A, AY",,,,," -566","H,,S"
"AYM00089577","2016-08-05","-80.37","77.37","4084.0","DOME PLATEAU DOME A, AY",,,,," -638","H,,S"
"AYM00089577","2016-08-06","-80.37","77.37","4084.0","DOME PLATEAU DOME A, AY",,,,," -648","H,,S"
"AYM00089577","2016-08-07","-80.37","77.37","4084.0","DOME PLATEAU DOME A, AY",,,,," -668","H,,S"
"AYM00089577","2016-08-08","-80.37","77.37","4084.0","DOME PLATEAU DOME A, AY",,,,," -603","H,,S"
"AYM00089577","2016-08-09","-80.37","77.37","4084.0","DOME PLATEAU DOME A, AY",,,,," -598","H,,S"
"AYM00089577","2016-08-10","-80.37","77.37","4084.0","DOME PLATEAU DOME A, AY",,,,," -571","H,,S"
"AYM00089577","2016-08-11","-80.37","77.37","4084.0","DOME PLATEAU DOME A, AY",,,,," -592","H,,S"
"AYM00089577","2016-08-12","-80.37","77.37","4084.0","DOME PLATEAU DOME A, AY",,,,," -610","H,,S"
"AYM00089577","2016-08-13","-80.37","77.37","4084.0","DOME PLATEAU DOME A, AY",,,,," -623","H,,S"
"AYM00089577","2016-08-14","-80.37","77.37","4084.0","DOME PLATEAU DOME A, AY",,,,," -610","H,,S"
"AYM00089577","2016-08-15","-80.37","77.37","4084.0","DOME PLATEAU DOME A, AY",,,,," -643","H,,S"
"AYM00089577","2016-08-16","-80.37","77.37","4084.0","DOME PLATEAU DOME A, AY",,,,," -647","H,,S"
"AYM00089577","2016-08-17","-80.37","77.37","4084.0","DOME PLATEAU DOME A, AY",,,,," -503","H,,S"
"AYM00089577","2016-08-18","-80.37","77.37","4084.0","DOME PLATEAU DOME A, AY",,,,," -599","H,,S"
"AYM00089577","2016-08-19","-80.37","77.37","4084.0","DOME PLATEAU DOME A, AY",,,,," -702","H,,S"
"AYM00089577","2016-08-20","-80.37","77.37","4084.0","DOME PLATEAU DOME A, AY",,,,," -718","H,,S"
"AYM00089577","2016-08-21","-80.37","77.37","4084.0","DOME PLATEAU DOME A, AY",,,,," -617","H,,S"
"AYM00089577","2016-08-22","-80.37","77.37","4084.0","DOME PLATEAU DOME A, AY",,,,," -610","H,,S"
"AYM00089577","2016-08-23","-80.37","77.37","4084.0","DOME PLATEAU DOME A, AY",,,,," -598","H,,S"
"AYM00089577","2016-08-24","-80.37","77.37","4084.0","DOME PLATEAU DOME A, AY",,,,," -682","H,,S"
"AYM00089577","2016-08-25","-80.37","77.37","4084.0","DOME PLATEAU DOME A, AY",,,,," -668","H,,S"
"AYM00089577","2016-08-26","-80.37","77.37","4084.0","DOME PLATEAU DOME A, AY",,,,," -677","H,,S"
"AYM00089577","2016-08-27","-80.37","77.37","4084.0","DOME PLATEAU DOME A, AY",,,,," -649","H,,S"
"AYM00089577","2016-08-28","-80.37","77.37","4084.0","DOME PLATEAU DOME A, AY",,,,," -659","H,,S"
"AYM00089577","2016-08-29","-80.37","77.37","4084.0","DOME PLATEAU DOME A, AY",,,,," -689","H,,S"
"AYM00089577","2016-08-30","-80.37","77.37","4084.0","DOME PLATEAU DOME A, AY",,,,," -644","H,,S"
"AYM00089577","2016-08-31","-80.37","77.37","4084.0","DOME PLATEAU DOME A, AY",,,,," -704","H,,S"
"AYM00089577","2016-09-01","-80.37","77.37","4084.0","DOME PLATEAU DOME A, AY",,,,," -750","H,,S"
"AYM00089577","2016-09-02","-80.37","77.37","4084.0","DOME PLATEAU DOME A, AY",,,,," -726","H,,S"
"AYM00089577","2016-09-03","-80.37","77.37","4084.0","DOME PLATEAU DOME A, AY",,,,," -653","H,,S"
"AYM00089577","2016-09-04","-80.37","77.37","4084.0","DOME PLATEAU DOME A, AY",,,,," -672","H,,S"
"AYM00089577","2016-09-05","-80.37","77.37","4084.0","DOME PLATEAU DOME A, AY",,,,," -698","H,,S"
"AYM00089577","2016-09-06","-80.37","77.37","4084.0","DOME PLATEAU DOME A, AY",,,,," -726","H,,S"
"AYM00089577","2016-09-07","-80.37","77.37","4084.0","DOME PLATEAU DOME A, AY",,,,," -765","H,,S"
"AYM00089577","2016-09-08","-80.37","77.37","4084.0","DOME PLATEAU DOME A, AY",,,,," -748","H,,S"
"AYM00089577","2016-09-09","-80.37","77.37","4084.0","DOME PLATEAU DOME A, AY",,,,," -784","H,,S"
"AYM00089577","2016-09-10","-80.37","77.37","4084.0","DOME PLATEAU DOME A, AY",,,,," -771","H,,S"
"AYM00089577","2016-09-11","-80.37","77.37","4084.0","DOME PLATEAU DOME A, AY",,,,," -787","H,,S"
"AYM00089577","2016-09-12","-80.37","77.37","4084.0","DOME PLATEAU DOME A, AY",,,,," -679","H,,S"
"AYM00089577","2016-09-13","-80.37","77.37","4084.0","DOME PLATEAU DOME A, AY",,,,," -654","H,,S"
"AYM00089577","2016-09-14","-80.37","77.37","4084.0","DOME PLATEAU DOME A, AY",,,,," -607","H,,S"
"AYM00089577","2016-09-15","-80.37","77.37","4084.0","DOME PLATEAU DOME A, AY",,,,," -544","H,,S"
"AYM00089577","2016-09-16","-80.37","77.37","4084.0","DOME PLATEAU DOME A, AY",,,,," -581","H,,S"
"AYM00089577","2016-09-17","-80.37","77.37","4084.0","DOME PLATEAU DOME A, AY",,,,," -587","H,,S"
"AYM00089577","2016-09-18","-80.37","77.37","4084.0","DOME PLATEAU DOME A, AY",,,,," -577","H,,S"
"AYM00089577","2016-09-19","-80.37","77.37","4084.0","DOME PLATEAU DOME A, AY",,,,," -595","H,,S"
"AYM00089577","2016-09-20","-80.37","77.37","4084.0","DOME PLATEAU DOME A, AY",,,,," -642","H,,S"
"AYM00089577","2016-09-21","-80.37","77.37","4084.0","DOME PLATEAU DOME A, AY",,,,," -677","H,,S"
"AYM00089577","2016-09-22","-80.37","77.37","4084.0","DOME PLATEAU DOME A, AY",,,,," -713","H,,S"
"AYM00089577","2016-09-23","-80.37","77.37","4084.0","DOME PLATEAU DOME A, AY",,,,," -697","H,,S"
"AYM00089577","2016-09-24","-80.37","77.37","4084.0","DOME PLATEAU DOME A, AY",,,,," -689","H,,S"
"AYM00089577","2016-09-25","-80.37","77.37","4084.0","DOME PLATEAU DOME A, AY",,,,," -653","H,,S"
"AYM00089577","2016-09-26","-80.37","77.37","4084.0","DOME PLATEAU DOME A, AY",,,,," -652","H,,S"
"AYM00089577","2016-09-27","-80.37","77.37","4084.0","DOME PLATEAU DOME A, AY",,,,," -624","H,,S"
"AYM00089577","2016-09-28","-80.37","77.37","4084.0","DOME PLATEAU DOME A, AY",,,,," -653","H,,S"
"AYM00089577","2016-09-29","-80.37","77.37","4084.0","DOME PLATEAU DOME A, AY",,,,," -631","H,,S"
"AYM00089577","2016-09-30","-80.37","77.37","4084.0","DOME PLATEAU DOME A, AY",,,,," -642","H,,S"
"AYM00089577","2016-10-01","-80.37","77.37","4084.0","DOME PLATEAU DOME A, AY",,,,," -634","H,,S"
"AYM00089577","2016-10-02","-80.37","77.37","4084.0","DOME PLATEAU DOME A, AY",,,,," -609","H,,S"
"AYM00089577","2016-10-03","-80.37","77.37","4084.0","DOME PLATEAU DOME A, AY",,,,," -654","H,,S"
"AYM00089577","2016-10-04","-80.37","77.37","4084.0","DOME PLATEAU DOME A, AY",,,,," -619","H,,S"
"AYM00089577","2016-10-05","-80.37","77.37","4084.0","DOME PLATEAU DOME A, AY",,,,," -597","H,,S"
"AYM00089577","2016-10-06","-80.37","77.37","4084.0","DOME PLATEAU DOME A, AY",,,,," -568","H,,S"
"AYM00089577","2016-10-07","-80.37","77.37","4084.0","DOME PLATEAU DOME A, AY",,,,," -502","H,,S"
"AYM00089577","2016-10-08","-80.37","77.37","4084.0","DOME PLATEAU DOME A, AY",,,,," -552","H,,S"
"AYM00089577","2016-10-09","-80.37","77.37","4084.0","DOME PLATEAU DOME A, AY",,,,," -533","H,,S"
"AYM00089577","2016-10-10","-80.37","77.37","4084.0","DOME PLATEAU DOME A, AY",,,,," -573","H,,S"
"AYM00089577","2016-10-11","-80.37","77.37","4084.0","DOME PLATEAU DOME A, AY",,,,," -576","H,,S"
"AYM00089577","2016-10-12","-80.37","77.37","4084.0","DOME PLATEAU DOME A, AY",,,,," -586","H,,S"
"AYM00089577","2016-10-13","-80.37","77.37","4084.0","DOME PLATEAU DOME A, AY",,,,," -567","H,,S"
"AYM00089577","2016-10-14","-80.37","77.37","4084.0","DOME PLATEAU DOME A, AY",,,,," -587","H,,S"
"AYM00089577","2016-10-15","-80.37","77.37","4084.0","DOME PLATEAU DOME A, AY",,,,," -586","H,,S"
"AYM00089577","2016-10-16","-80.37","77.37","4084.0","DOME PLATEAU DOME A, AY",,,,," -585","H,,S"
"AYM00089577","2016-10-17","-80.37","77.37","4084.0","DOME PLATEAU DOME A, AY",,,,," -594","H,,S"
"AYM00089577","2016-10-18","-80.37","77.37","4084.0","DOME PLATEAU DOME A, AY",,,,," -564","H,,S"
"AYM00089577","2016-10-19","-80.37","77.37","4084.0","DOME PLATEAU DOME A, AY",,,,," -547","H,,S"
"AYM00089577","2016-10-20","-80.37","77.37","4084.0","DOME PLATEAU DOME A, AY",,,,," -550","H,,S"
"AYM00089577","2016-10-21","-80.37","77.37","4084.0","DOME PLATEAU DOME A, AY",,,,," -574","H,,S"
"AYM00089577","2016-10-22","-80.37","77.37","4084.0","DOME PLATEAU DOME A, AY",,,,," -574","H,,S"
"AYM00089577","2016-10-23","-80.37","77.37","4084.0","DOME PLATEAU DOME A, AY",,,,," -562","H,,S"
"AYM00089577","2016-10-24","-80.37","77.37","4084.0","DOME PLATEAU DOME A, AY",,,,," -555","H,,S"
"AYM00089577","2016-10-25","-80.37","77.37","4084.0","DOME PLATEAU DOME A, AY",,,,," -554","H,,S"
"AYM00089577","2016-10-26","-80.37","77.37","4084.0","DOME PLATEAU DOME A, AY",,,,," -514","H,,S"
"AYM00089577","2016-10-27","-80.37","77.37","4084.0","DOME PLATEAU DOME A, AY",,,,," -548","H,,S"
"AYM00089577","2016-10-28","-80.37","77.37","4084.0","DOME PLATEAU DOME A, AY",,,,," -555","H,,S"
"AYM00089577","2016-10-29","-80.37","77.37","4084.0","DOME PLATEAU DOME A, AY",,,,," -546","H,,S"
"AYM00089577","2016-10-30","-80.37","77.37","4084.0","DOME PLATEAU DOME A, AY",,,,," -524","H,,S"
"AYM00089577","2016-10-31","-80.37","77.37","4084.0","DOME PLATEAU DOME A, AY",,,,," -486","H,,S"
"AYM00089577","2016-11-01","-80.37","77.37","4084.0","DOME PLATEAU DOME A, AY",,,,," -479","H,,S"
"AYM00089577","2016-11-02","-80.37","77.37","4084.0","DOME PLATEAU DOME A, AY",,,,," -451","H,,S"
"AYM00089577","2016-11-03","-80.37","77.37","4084.0","DOME PLATEAU DOME A, AY",,,,," -468","H,,S"
"AYM00089577","2016-11-04","-80.37","77.37","4084.0","DOME PLATEAU DOME A, AY",,,,," -463","H,,S"
"AYM00089577","2016-11-05","-80.37","77.37","4084.0","DOME PLATEAU DOME A, AY",,,,," -454","H,,S"
"AYM00089577","2016-11-06","-80.37","77.37","4084.0","DOME PLATEAU DOME A, AY",,,,," -467","H,,S"
"AYM00089577","2016-11-07","-80.37","77.37","4084.0","DOME PLATEAU DOME A, AY",,,,," -461","H,,S"
"AYM00089577","2016-11-08","-80.37","77.37","4084.0","DOME PLATEAU DOME A, AY",,,,," -453","H,,S"
"AYM00089577","2016-11-09","-80.37","77.37","4084.0","DOME PLATEAU DOME A, AY",,,,," -436","H,,S"
"AYM00089577","2016-11-10","-80.37","77.37","4084.0","DOME PLATEAU DOME A, AY",,,,," -437","H,,S"
"AYM00089577","2016-11-11","-80.37","77.37","4084.0","DOME PLATEAU DOME A, AY",,,,," -429","H,,S"
"AYM00089577","2016-11-12","-80.37","77.37","4084.0","DOME PLATEAU DOME A, AY",,,,," -413","H,,S"
"AYM00089577","2016-11-13","-80.37","77.37","4084.0","DOME PLATEAU DOME A, AY",,,,," -379","H,,S"
"AYM00089577","2016-11-14","-80.37","77.37","4084.0","DOME PLATEAU DOME A, AY",,,,," -394","H,,S"
"AYM00089577","2016-11-15","-80.37","77.37","4084.0","DOME PLATEAU DOME A, AY",,,,," -349","H,,S"
"AYM00089577","2016-11-16","-80.37","77.37","4084.0","DOME PLATEAU DOME A, AY",,,,," -398","H,,S"
"AYM00089577","2016-11-17","-80.37","77.37","4084.0","DOME PLATEAU DOME A, AY",,,,," -401","H,,S"
"AYM00089577","2016-11-18","-80.37","77.37","4084.0","DOME PLATEAU DOME A, AY",,,,," -371","H,,S"
"AYM00089577","2016-11-19","-80.37","77.37","4084.0","DOME PLATEAU DOME A, AY",,,,," -344","H,,S"
"AYM00089577","2016-11-20","-80.37","77.37","4084.0","DOME PLATEAU DOME A, AY",,,,," -360","H,,S"
"AYM00089577","2016-11-21","-80.37","77.37","4084.0","DOME PLATEAU DOME A, AY",,,,," -398","H,,S"
"AYM00089577","2016-11-22","-80.37","77.37","4084.0","DOME PLATEAU DOME A, AY",,,,," -397","H,,S"
"AYM00089577","2016-11-23","-80.37","77.37","4084.0","DOME PLATEAU DOME A, AY",,,,," -403","H,,S"
"AYM00089577","2016-11-24","-80.37","77.37","4084.0","DOME PLATEAU DOME A, AY",,,,," -418","H,,S"
"AYM00089577","2016-11-25","-80.37","77.37","4084.0","DOME PLATEAU DOME A, AY",,,,," -401","H,,S"
"AYM00089577","2016-11-26","-80.37","77.37","4084.0","DOME PLATEAU DOME A, AY",,,,," -388","H,,S"
"AYM00089577","2016-11-27","-80.37","77.37","4084.0","DOME PLATEAU DOME A, AY",,,,," -403","H,,S"
"AYM00089577","2016-11-28","-80.37","77.37","4084.0","DOME PLATEAU DOME A, AY",,,,," -366","H,,S"
"AYM00089577","2016-11-29","-80.37","77.37","4084.0","DOME PLATEAU DOME A, AY",,,,," -337","H,,S"
"AYM00089577","2016-11-30","-80.37","77.37","4084.0","DOME PLATEAU DOME A, AY",,,,," -373","H,,S"
"AYM00089577","2016-12-01","-80.37","77.37","4084.0","DOME PLATEAU DOME A, AY",,,,," -368","H,,S"
"AYM00089577","2016-12-02","-80.37","77.37","4084.0","DOME PLATEAU DOME A, AY",,,,," -392","H,,S"
"AYM00089577","2016-12-03","-80.37","77.37","4084.0","DOME PLATEAU DOME A, AY",,,,," -376","H,,S"
"AYM00089577","2016-12-04","-80.37","77.37","4084.0","DOME PLATEAU DOME A, AY",,,,," -355","H,,S"
"AYM00089577","2016-12-05","-80.37","77.37","4084.0","DOME PLATEAU DOME A, AY",,,,," -359","H,,S"
"AYM00089577","2016-12-06","-80.37","77.37","4084.0","DOME PLATEAU DOME A, AY",,,,," -357","H,,S"
"AYM00089577","2016-12-07","-80.37","77.37","4084.0","DOME PLATEAU DOME A, AY",,,,," -359","H,,S"
"AYM00089577","2016-12-08","-80.37","77.37","4084.0","DOME PLATEAU DOME A, AY",,,,," -339","H,,S"
"AYM00089577","2016-12-09","-80.37","77.37","4084.0","DOME PLATEAU DOME A, AY",,,,," -311","H,,S"
"AYM00089577","2016-12-10","-80.37","77.37","4084.0","DOME PLATEAU DOME A, AY",,,,," -320","H,,S"
"AYM00089577","2016-12-11","-80.37","77.37","4084.0","DOME PLATEAU DOME A, AY",,,,," -286","H,,S"
"AYM00089577","2016-12-12","-80.37","77.37","4084.0","DOME PLATEAU DOME A, AY",,,,," -307","H,,S"
"AYM00089577","2016-12-13","-80.37","77.37","4084.0","DOME PLATEAU DOME A, AY",,,,," -346","H,,S"
"AYM00089577","2016-12-14","-80.37","77.37","4084.0","DOME PLATEAU DOME A, AY",,,,," -324","H,,S"
"AYM00089577","2016-12-15","-80.37","77.37","4084.0","DOME PLATEAU DOME A, AY",,,,," -306","H,,S"
"AYM00089577","2016-12-16","-80.37","77.37","4084.0","DOME PLATEAU DOME A, AY",,,,," -321","H,,S"
"AYM00089577","2016-12-17","-80.37","77.37","4084.0","DOME PLATEAU DOME A, AY",,,,," -336","H,,S"
"AYM00089577","2016-12-18","-80.37","77.37","4084.0","DOME PLATEAU DOME A, AY",,,,," -332","H,,S"
"AYM00089577","2016-12-19","-80.37","77.37","4084.0","DOME PLATEAU DOME A, AY",,,,," -296","H,,S"
"AYM00089577","2016-12-20","-80.37","77.37","4084.0","DOME PLATEAU DOME A, AY",,,,," -226","H,,S"
"AYM00089577","2016-12-21","-80.37","77.37","4084.0","DOME PLATEAU DOME A, AY",,,,," -239","H,,S"
"AYM00089577","2016-12-22","-80.37","77.37","4084.0","DOME PLATEAU DOME A, AY",,,,," -295","H,,S"
"AYM00089577","2016-12-23","-80.37","77.37","4084.0","DOME PLATEAU DOME A, AY",,,,," -311","H,,S"
"AYM00089577","2016-12-24","-80.37","77.37","4084.0","DOME PLATEAU DOME A, AY",,,,," -315","H,,S"
"AYM00089577","2016-12-25","-80.37","77.37","4084.0","DOME PLATEAU DOME A, AY",,,,," -281","H,,S"
"AYM00089577","2016-12-26","-80.37","77.37","4084.0","DOME PLATEAU DOME A, AY",,,,," -263","H,,S"
"AYM00089577","2016-12-27","-80.37","77.37","4084.0","DOME PLATEAU DOME A, AY",,,,," -266","H,,S"
"AYM00089577","2016-12-28","-80.37","77.37","4084.0","DOME PLATEAU DOME A, AY",,,,," -291","H,,S"
"AYM00089577","2016-12-29","-80.37","77.37","4084.0","DOME PLATEAU DOME A, AY",,,,," -301","H,,S"
"AYM00089577","2016-12-30","-80.37","77.37","4084.0","DOME PLATEAU DOME A, AY",,,,," -291","H,,S"
"AYM00089577","2016-12-31","-80.37","77.37","4084.0","DOME PLATEAU DOME A, AY",,,,," -307","H,,S"
"AYM00089577","2017-01-01","-80.37","77.37","4084.0","DOME PLATEAU DOME A, AY",,,,," -303","H,,S"
"AYM00089577","2017-01-02","-80.37","77.37","4084.0","DOME PLATEAU DOME A, AY",,,,," -302","H,,S"
"AYM00089577","2017-01-03","-80.37","77.37","4084.0","DOME PLATEAU DOME A, AY",,,,," -312","H,,S"
"AYM00089577","2017-01-04","-80.37","77.37","4084.0","DOME PLATEAU DOME A, AY",,,,," -288","H,,S"
"AYM00089577","2017-01-05","-80.37","77.37","4084.0","DOME PLATEAU DOME A, AY",,,,," -286","H,,S"
"AYM00089577","2017-01-06","-80.37","77.37","4084.0","DOME PLATEAU DOME A, AY",,,,," -309","H,,S"
"AYM00089577","2017-01-07","-80.37","77.37","4084.0","DOME PLATEAU DOME A, AY",,,,," -292","H,,S"
"AYM00089577","2017-01-08","-80.37","77.37","4084.0","DOME PLATEAU DOME A, AY",,,,," -270","H,,S"
"AYM00089577","2017-01-09","-80.37","77.37","4084.0","DOME PLATEAU DOME A, AY",,,,," -318","H,,S"
"AYM00089577","2017-01-10","-80.37","77.37","4084.0","DOME PLATEAU DOME A, AY",,,,," -278","H,,S"
"AYM00089577","2017-01-11","-80.37","77.37","4084.0","DOME PLATEAU DOME A, AY",,,,," -266","H,,S"
"AYM00089577","2017-01-12","-80.37","77.37","4084.0","DOME PLATEAU DOME A, AY",,,,," -276","H,,S"
"AYM00089577","2017-01-13","-80.37","77.37","4084.0","DOME PLATEAU DOME A, AY",,,,," -270","H,,S"
"AYM00089577","2017-01-14","-80.37","77.37","4084.0","DOME PLATEAU DOME A, AY",,,,," -298","H,,S"
"AYM00089577","2017-01-15","-80.37","77.37","4084.0","DOME PLATEAU DOME A, AY",,,,," -318","H,,S"
"AYM00089577","2017-01-16","-80.37","77.37","4084.0","DOME PLATEAU DOME A, AY",,,,," -308","H,,S"
"AYM00089577","2017-01-17","-80.37","77.37","4084.0","DOME PLATEAU DOME A, AY",,,,," -368","H,,S"
"AYM00089577","2017-01-18","-80.37","77.37","4084.0","DOME PLATEAU DOME A, AY",,,,," -370","H,,S"
"AYM00089577","2017-01-19","-80.37","77.37","4084.0","DOME PLATEAU DOME A, AY",,,,," -373","H,,S"
"AYM00089577","2017-01-20","-80.37","77.37","4084.0","DOME PLATEAU DOME A, AY",,,,," -367","H,,S"
"AYM00089577","2017-01-21","-80.37","77.37","4084.0","DOME PLATEAU DOME A, AY",,,,," -360","H,,S"
"AYM00089577","2017-01-22","-80.37","77.37","4084.0","DOME PLATEAU DOME A, AY",,,,," -359","H,,S"
"AYM00089577","2017-01-23","-80.37","77.37","4084.0","DOME PLATEAU DOME A, AY",,,,," -384","H,,S"
"AYM00089577","2017-01-24","-80.37","77.37","4084.0","DOME PLATEAU DOME A, AY",,,,," -346","H,,S"
"AYM00089577","2017-01-25","-80.37","77.37","4084.0","DOME PLATEAU DOME A, AY",,,,," -325","H,,S"
"AYM00089577","2017-01-26","-80.37","77.37","4084.0","DOME PLATEAU DOME A, AY",,,,," -364","H,,S"
"AYM00089577","2017-01-27","-80.37","77.37","4084.0","DOME PLATEAU DOME A, AY",,,,," -372","H,,S"
"AYM00089577","2017-01-28","-80.37","77.37","4084.0","DOME PLATEAU DOME A, AY",,,,," -387","H,,S"
"AYM00089577","2017-01-29","-80.37","77.37","4084.0","DOME PLATEAU DOME A, AY",,,,," -390","H,,S"
"AYM00089577","2017-01-30","-80.37","77.37","4084.0","DOME PLATEAU DOME A, AY",,,,," -377","H,,S"
"AYM00089577","2017-01-31","-80.37","77.37","4084.0","DOME PLATEAU DOME A, AY",,,,," -394","H,,S"
"AYM00089577","2017-02-01","-80.37","77.37","4084.0","DOME PLATEAU DOME A, AY",,,,," -375","H,,S"
"AYM00089577","2017-02-02","-80.37","77.37","4084.0","DOME PLATEAU DOME A, AY",,,,," -369","H,,S"
"AYM00089577","2017-02-03","-80.37","77.37","4084.0","DOME PLATEAU DOME A, AY",,,,," -357","H,,S"
"AYM00089577","2017-02-04","-80.37","77.37","4084.0","DOME PLATEAU DOME A, AY",,,,," -376","H,,S"
"AYM00089577","2017-02-05","-80.37","77.37","4084.0","DOME PLATEAU DOME A, AY",,,,," -384","H,,S"
"AYM00089577","2017-02-06","-80.37","77.37","4084.0","DOME PLATEAU DOME A, AY",,,,," -401","H,,S"
"AYM00089577","2017-02-07","-80.37","77.37","4084.0","DOME PLATEAU DOME A, AY",,,,," -421","H,,S"
"AYM00089577","2017-02-08","-80.37","77.37","4084.0","DOME PLATEAU DOME A, AY",,,,," -406","H,,S"
"AYM00089577","2017-02-09","-80.37","77.37","4084.0","DOME PLATEAU DOME A, AY",,,,," -419","H,,S"
"AYM00089577","2017-02-10","-80.37","77.37","4084.0","DOME PLATEAU DOME A, AY",,,,," -362","H,,S"
"AYM00089577","2017-02-11","-80.37","77.37","4084.0","DOME PLATEAU DOME A, AY",,,,," -389","H,,S"
"AYM00089577","2017-02-12","-80.37","77.37","4084.0","DOME PLATEAU DOME A, AY",,,,," -449","H,,S"
"AYM00089577","2017-02-13","-80.37","77.37","4084.0","DOME PLATEAU DOME A, AY",,,,," -462","H,,S"
"AYM00089577","2017-02-14","-80.37","77.37","4084.0","DOME PLATEAU DOME A, AY",,,,," -486","H,,S"
"AYM00089577","2017-02-15","-80.37","77.37","4084.0","DOME PLATEAU DOME A, AY",,,,," -471","H,,S"
"AYM00089577","2017-02-16","-80.37","77.37","4084.0","DOME PLATEAU DOME A, AY",,,,," -476","H,,S"
"AYM00089577","2017-02-17","-80.37","77.37","4084.0","DOME PLATEAU DOME A, AY",,,,," -442","H,,S"
"AYM00089577","2017-02-18","-80.37","77.37","4084.0","DOME PLATEAU DOME A, AY",,,,," -476","H,,S"
"AYM00089577","2017-02-19","-80.37","77.37","4084.0","DOME PLATEAU DOME A, AY",,,,," -436","H,,S"
"AYM00089577","2017-02-20","-80.37","77.37","4084.0","DOME PLATEAU DOME A, AY",,,,," -449","H,,S"
"AYM00089577","2017-02-21","-80.37","77.37","4084.0","DOME PLATEAU DOME A, AY",,,,," -477","H,,S"
"AYM00089577","2017-02-22","-80.37","77.37","4084.0","DOME PLATEAU DOME A, AY",,,,," -492","H,,S"
"AYM00089577","2017-02-23","-80.37","77.37","4084.0","DOME PLATEAU DOME A, AY",,,,," -484","H,,S"
"AYM00089577","2017-02-24","-80.37","77.37","4084.0","DOME PLATEAU DOME A, AY",,,,," -486","H,,S"
"AYM00089577","2017-02-25","-80.37","77.37","4084.0","DOME PLATEAU DOME A, AY",,,,," -481","H,,S"
"AYM00089577","2017-02-26","-80.37","77.37","4084.0","DOME PLATEAU DOME A, AY",,,,," -472","H,,S"
"AYM00089577","2017-02-27","-80.37","77.37","4084.0","DOME PLATEAU DOME A, AY",,,,," -524","H,,S"
"AYM00089577","2017-02-28","-80.37","77.37","4084.0","DOME PLATEAU DOME A, AY",,,,," -525","H,,S"
"AYM00089577","2017-03-01","-80.37","77.37","4084.0","DOME PLATEAU DOME A, AY",,,,," -540","H,,S"
"AYM00089577","2017-03-02","-80.37","77.37","4084.0","DOME PLATEAU DOME A, AY",,,,," -463","H,,S"
"AYM00089577","2017-03-03","-80.37","77.37","4084.0","DOME PLATEAU DOME A, AY",,,,," -497","H,,S"
"AYM00089577","2017-03-04","-80.37","77.37","4084.0","DOME PLATEAU DOME A, AY",,,,," -503","H,,S"
"AYM00089577","2017-03-05","-80.37","77.37","4084.0","DOME PLATEAU DOME A, AY",,,,," -512","H,,S"
"AYM00089577","2017-03-06","-80.37","77.37","4084.0","DOME PLATEAU DOME A, AY",,,,," -519","H,,S"
"AYM00089577","2017-03-07","-80.37","77.37","4084.0","DOME PLATEAU DOME A, AY",,,,," -498","H,,S"
"AYM00089577","2017-03-08","-80.37","77.37","4084.0","DOME PLATEAU DOME A, AY",,,,," -536","H,,S"
"AYM00089577","2017-03-09","-80.37","77.37","4084.0","DOME PLATEAU DOME A, AY",,,,," -556","H,,S"
"AYM00089577","2017-03-10","-80.37","77.37","4084.0","DOME PLATEAU DOME A, AY",,,,," -558","H,,S"
"AYM00089577","2017-03-11","-80.37","77.37","4084.0","DOME PLATEAU DOME A, AY",,,,," -512","H,,S"
"AYM00089577","2017-03-12","-80.37","77.37","4084.0","DOME PLATEAU DOME A, AY",,,,," -605","H,,S"
"AYM00089577","2017-03-13","-80.37","77.37","4084.0","DOME PLATEAU DOME A, AY",,,,," -592","H,,S"
"AYM00089577","2017-03-14","-80.37","77.37","4084.0","DOME PLATEAU DOME A, AY",,,,," -528","H,,S"
"AYM00089577","2017-03-15","-80.37","77.37","4084.0","DOME PLATEAU DOME A, AY",,,,," -628","H,,S"
"AYM00089577","2017-03-16","-80.37","77.37","4084.0","DOME PLATEAU DOME A, AY",,,,," -603","H,,S"
"AYM00089577","2017-03-17","-80.37","77.37","4084.0","DOME PLATEAU DOME A, AY",,,,," -616","H,,S"
"AYM00089577","2017-03-18","-80.37","77.37","4084.0","DOME PLATEAU DOME A, AY",,,,," -636","H,,S"
"AYM00089577","2017-03-19","-80.37","77.37","4084.0","DOME PLATEAU DOME A, AY",,,,," -637","H,,S"
"AYM00089577","2017-03-20","-80.37","77.37","4084.0","DOME PLATEAU DOME A, AY",,,,," -597","H,,S"
"AYM00089577","2017-03-21","-80.37","77.37","4084.0","DOME PLATEAU DOME A, AY",,,,," -591","H,,S"
"AYM00089577","2017-03-22","-80.37","77.37","4084.0","DOME PLATEAU DOME A, AY",,,,," -569","H,,S"
"AYM00089577","2017-03-23","-80.37","77.37","4084.0","DOME PLATEAU DOME A, AY",,,,," -598","H,,S"
"AYM00089577","2017-03-24","-80.37","77.37","4084.0","DOME PLATEAU DOME A, AY",,,,," -603","H,,S"
"AYM00089577","2017-03-26","-80.37","77.37","4084.0","DOME PLATEAU DOME A, AY",,,,," -634","H,,S"
"AYM00089577","2017-03-29","-80.37","77.37","4084.0","DOME PLATEAU DOME A, AY",,,,," -662","H,,S"
"AYM00089577","2017-03-30","-80.37","77.37","4084.0","DOME PLATEAU DOME A, AY",,,,," -652","H,,S"
"AYM00089577","2017-03-31","-80.37","77.37","4084.0","DOME PLATEAU DOME A, AY",,,,," -652","H,,S"
"AYM00089577","2017-04-01","-80.37","77.37","4084.0","DOME PLATEAU DOME A, AY",,,,," -670","H,,S"
"AYM00089577","2017-04-02","-80.37","77.37","4084.0","DOME PLATEAU DOME A, AY",,,,," -687","H,,S"
"AYM00089577","2017-04-03","-80.37","77.37","4084.0","DOME PLATEAU DOME A, AY",,,,," -697","H,,S"
"AYM00089577","2017-04-04","-80.37","77.37","4084.0","DOME PLATEAU DOME A, AY",,,,," -703","H,,S"
"AYM00089577","2017-04-05","-80.37","77.37","4084.0","DOME PLATEAU DOME A, AY",,,,," -677","H,,S"
"AYM00089577","2017-04-06","-80.37","77.37","4084.0","DOME PLATEAU DOME A, AY",,,,," -610","H,,S"
"AYM00089577","2017-04-07","-80.37","77.37","4084.0","DOME PLATEAU DOME A, AY",,,,," -636","H,,S"
"AYM00089577","2017-04-08","-80.37","77.37","4084.0","DOME PLATEAU DOME A, AY",,,,," -641","H,,S"
"AYM00089577","2017-04-09","-80.37","77.37","4084.0","DOME PLATEAU DOME A, AY",,,,," -690","H,,S"
"AYM00089577","2017-04-10","-80.37","77.37","4084.0","DOME PLATEAU DOME A, AY",,,,," -672","H,,S"
"AYM00089577","2017-04-11","-80.37","77.37","4084.0","DOME PLATEAU DOME A, AY",,,,," -694","H,,S"
"AYM00089577","2017-04-12","-80.37","77.37","4084.0","DOME PLATEAU DOME A, AY",,,,," -697","H,,S"
"AYM00089577","2017-04-13","-80.37","77.37","4084.0","DOME PLATEAU DOME A, AY",,,,," -613","H,,S"
"AYM00089577","2017-04-14","-80.37","77.37","4084.0","DOME PLATEAU DOME A, AY",,,,," -620","H,,S"
"AYM00089577","2017-04-15","-80.37","77.37","4084.0","DOME PLATEAU DOME A, AY",,,,," -630","H,,S"
"AYM00089577","2017-04-16","-80.37","77.37","4084.0","DOME PLATEAU DOME A, AY",,,,," -612","H,,S"
"AYM00089577","2017-04-17","-80.37","77.37","4084.0","DOME PLATEAU DOME A, AY",,,,," -625","H,,S"
"AYM00089577","2017-04-18","-80.37","77.37","4084.0","DOME PLATEAU DOME A, AY",,,,," -626","H,,S"
"AYM00089577","2017-04-19","-80.37","77.37","4084.0","DOME PLATEAU DOME A, AY",,,,," -634","H,,S"
"AYM00089577","2017-04-20","-80.37","77.37","4084.0","DOME PLATEAU DOME A, AY",,,,," -629","H,,S"
"AYM00089577","2017-04-21","-80.37","77.37","4084.0","DOME PLATEAU DOME A, AY",,,,," -607","H,,S"
"AYM00089577","2017-04-22","-80.37","77.37","4084.0","DOME PLATEAU DOME A, AY",,,,," -623","H,,S"
"AYM00089577","2017-04-23","-80.37","77.37","4084.0","DOME PLATEAU DOME A, AY",,,,," -683","H,,S"
"AYM00089577","2017-04-24","-80.37","77.37","4084.0","DOME PLATEAU DOME A, AY",,,,," -643","H,,S"
"AYM00089577","2017-04-25","-80.37","77.37","4084.0","DOME PLATEAU DOME A, AY",,,,," -662","H,,S"
"AYM00089577","2017-04-26","-80.37","77.37","4084.0","DOME PLATEAU DOME A, AY",,,,," -653","H,,S"
"AYM00089577","2017-04-27","-80.37","77.37","4084.0","DOME PLATEAU DOME A, AY",,,,," -617","H,,S"
"AYM00089577","2017-04-28","-80.37","77.37","4084.0","DOME PLATEAU DOME A, AY",,,,," -698","H,,S"
"AYM00089577","2017-04-29","-80.37","77.37","4084.0","DOME PLATEAU DOME A, AY",,,,," -715","H,,S"
"AYM00089577","2017-04-30","-80.37","77.37","4084.0","DOME PLATEAU DOME A, AY",,,,," -683","H,,S"
"AYM00089577","2017-05-01","-80.37","77.37","4084.0","DOME PLATEAU DOME A, AY",,,,," -616","H,,S"
"AYM00089577","2017-05-02","-80.37","77.37","4084.0","DOME PLATEAU DOME A, AY",,,,," -667","H,,S"
"AYM00089577","2017-05-03","-80.37","77.37","4084.0","DOME PLATEAU DOME A, AY",,,,," -716","H,,S"
"AYM00089577","2017-05-04","-80.37","77.37","4084.0","DOME PLATEAU DOME A, AY",,,,," -694","H,,S"
"AYM00089577","2017-05-05","-80.37","77.37","4084.0","DOME PLATEAU DOME A, AY",,,,," -697","H,,S"
"AYM00089577","2017-05-06","-80.37","77.37","4084.0","DOME PLATEAU DOME A, AY",,,,," -736","H,,S"
"AYM00089577","2017-05-07","-80.37","77.37","4084.0","DOME PLATEAU DOME A, AY",,,,," -748","H,,S"
"AYM00089577","2017-05-08","-80.37","77.37","4084.0","DOME PLATEAU DOME A, AY",,,,," -691","H,,S"
"AYM00089577","2017-05-09","-80.37","77.37","4084.0","DOME PLATEAU DOME A, AY",,,,," -633","H,,S"
"AYM00089577","2017-05-10","-80.37","77.37","4084.0","DOME PLATEAU DOME A, AY",,,,," -637","H,,S"
"AYM00089577","2017-05-11","-80.37","77.37","4084.0","DOME PLATEAU DOME A, AY",,,,," -646","H,,S"
"AYM00089577","2017-05-12","-80.37","77.37","4084.0","DOME PLATEAU DOME A, AY",,,,," -612","H,,S"
"AYM00089577","2017-05-13","-80.37","77.37","4084.0","DOME PLATEAU DOME A, AY",,,,," -653","H,,S"
"AYM00089577","2017-05-14","-80.37","77.37","4084.0","DOME PLATEAU DOME A, AY",,,,," -678","H,,S"
"AYM00089577","2017-05-15","-80.37","77.37","4084.0","DOME PLATEAU DOME A, AY",,,,," -635","H,,S"
"AYM00089577","2017-05-16","-80.37","77.37","4084.0","DOME PLATEAU DOME A, AY",,,,," -590","H,,S"
"AYM00089577","2017-05-17","-80.37","77.37","4084.0","DOME PLATEAU DOME A, AY",,,,," -680","H,,S"
"AYM00089577","2017-05-18","-80.37","77.37","4084.0","DOME PLATEAU DOME A, AY",,,,," -639","H,,S"
"AYM00089577","2017-05-19","-80.37","77.37","4084.0","DOME PLATEAU DOME A, AY",,,,," -647","H,,S"
"AYM00089577","2017-05-20","-80.37","77.37","4084.0","DOME PLATEAU DOME A, AY",,,,," -664","H,,S"
"AYM00089577","2017-05-21","-80.37","77.37","4084.0","DOME PLATEAU DOME A, AY",,,,," -667","H,,S"
"AYM00089577","2017-05-22","-80.37","77.37","4084.0","DOME PLATEAU DOME A, AY",,,,," -589","H,,S"
"AYM00089577","2017-05-23","-80.37","77.37","4084.0","DOME PLATEAU DOME A, AY",,,,," -615","H,,S"
"AYM00089577","2017-05-24","-80.37","77.37","4084.0","DOME PLATEAU DOME A, AY",,,,," -613","H,,S"
"AYM00089577","2017-05-25","-80.37","77.37","4084.0","DOME PLATEAU DOME A, AY",,,,," -644","H,,S"
"AYM00089577","2017-05-26","-80.37","77.37","4084.0","DOME PLATEAU DOME A, AY",,,,," -636","H,,S"
"AYM00089577","2017-05-27","-80.37","77.37","4084.0","DOME PLATEAU DOME A, AY",,,,," -522","H,,S"
"AYM00089577","2017-05-28","-80.37","77.37","4084.0","DOME PLATEAU DOME A, AY",,,,," -532","H,,S"
"AYM00089577","2017-05-29","-80.37","77.37","4084.0","DOME PLATEAU DOME A, AY",,,,," -578","H,,S"
"AYM00089577","2017-05-30","-80.37","77.37","4084.0","DOME PLATEAU DOME A, AY",,,,," -585","H,,S"
"AYM00089577","2017-05-31","-80.37","77.37","4084.0","DOME PLATEAU DOME A, AY",,,,," -623","H,,S"
"AYM00089577","2017-06-01","-80.37","77.37","4084.0","DOME PLATEAU DOME A, AY",,,,," -645","H,,S"
"AYM00089577","2017-06-02","-80.37","77.37","4084.0","DOME PLATEAU DOME A, AY",,,,," -664","H,,S"
"AYM00089577","2017-06-03","-80.37","77.37","4084.0","DOME PLATEAU DOME A, AY",,,,," -663","H,,S"
"AYM00089577","2017-06-04","-80.37","77.37","4084.0","DOME PLATEAU DOME A, AY",,,,," -672","H,,S"
"AYM00089577","2017-06-05","-80.37","77.37","4084.0","DOME PLATEAU DOME A, AY",,,,," -707","H,,S"
"AYM00089577","2017-06-06","-80.37","77.37","4084.0","DOME PLATEAU DOME A, AY",,,,," -720","H,,S"
"AYM00089577","2017-06-07","-80.37","77.37","4084.0","DOME PLATEAU DOME A, AY",,,,," -729","H,,S"
"AYM00089577","2017-06-08","-80.37","77.37","4084.0","DOME PLATEAU DOME A, AY",,,,," -669","H,,S"
"AYM00089577","2017-06-09","-80.37","77.37","4084.0","DOME PLATEAU DOME A, AY",,,,," -711","H,,S"
"AYM00089577","2017-06-10","-80.37","77.37","4084.0","DOME PLATEAU DOME A, AY",,,,," -759","H,,S"
"AYM00089577","2017-06-11","-80.37","77.37","4084.0","DOME PLATEAU DOME A, AY",,,,," -736","H,,S"
"AYM00089577","2017-06-12","-80.37","77.37","4084.0","DOME PLATEAU DOME A, AY",,,,," -732","H,,S"
"AYM00089577","2017-06-13","-80.37","77.37","4084.0","DOME PLATEAU DOME A, AY",,,,," -695","H,,S"
"AYM00089577","2017-06-14","-80.37","77.37","4084.0","DOME PLATEAU DOME A, AY",,,,," -752","H,,S"
"AYM00089577","2017-06-15","-80.37","77.37","4084.0","DOME PLATEAU DOME A, AY",,,,," -749","H,,S"
"AYM00089577","2017-06-16","-80.37","77.37","4084.0","DOME PLATEAU DOME A, AY",,,,," -713","H,,S"
"AYM00089577","2017-06-17","-80.37","77.37","4084.0","DOME PLATEAU DOME A, AY",,,,," -762","H,,S"
"AYM00089577","2017-06-18","-80.37","77.37","4084.0","DOME PLATEAU DOME A, AY",,,,," -768","H,,S"
"AYM00089577","2017-06-19","-80.37","77.37","4084.0","DOME PLATEAU DOME A, AY",,,,," -723","H,,S"
"AYM00089577","2017-06-20","-80.37","77.37","4084.0","DOME PLATEAU DOME A, AY",,,,," -655","H,,S"
"AYM00089577","2017-06-21","-80.37","77.37","4084.0","DOME PLATEAU DOME A, AY",,,,," -660","H,,S"
"AYM00089577","2017-06-22","-80.37","77.37","4084.0","DOME PLATEAU DOME A, AY",,,,," -771","H,,S"
"AYM00089577","2017-06-23","-80.37","77.37","4084.0","DOME PLATEAU DOME A, AY",,,,," -782","H,,S"
"AYM00089577","2017-06-24","-80.37","77.37","4084.0","DOME PLATEAU DOME A, AY",,,,," -772","H,,S"
"AYM00089577","2017-06-25","-80.37","77.37","4084.0","DOME PLATEAU DOME A, AY",,,,," -666","H,,S"
"AYM00089577","2017-06-26","-80.37","77.37","4084.0","DOME PLATEAU DOME A, AY",,,,," -719","H,,S"
"AYM00089577","2017-06-27","-80.37","77.37","4084.0","DOME PLATEAU DOME A, AY",,,,," -764","H,,S"
"AYM00089577","2017-06-28","-80.37","77.37","4084.0","DOME PLATEAU DOME A, AY",,,,," -713","H,,S"
"AYM00089577","2017-06-29","-80.37","77.37","4084.0","DOME PLATEAU DOME A, AY",,,,," -670","H,,S"
"AYM00089577","2017-06-30","-80.37","77.37","4084.0","DOME PLATEAU DOME A, AY",,,,," -598","H,,S"
"AYM00089577","2017-07-01","-80.37","77.37","4084.0","DOME PLATEAU DOME A, AY",,,,," -610","H,,S"
"AYM00089577","2017-07-02","-80.37","77.37","4084.0","DOME PLATEAU DOME A, AY",,,,," -690","H,,S"
"AYM00089577","2017-07-03","-80.37","77.37","4084.0","DOME PLATEAU DOME A, AY",,,,," -740","H,,S"
"AYM00089577","2017-07-04","-80.37","77.37","4084.0","DOME PLATEAU DOME A, AY",,,,," -764","H,,S"
"AYM00089577","2017-07-05","-80.37","77.37","4084.0","DOME PLATEAU DOME A, AY",,,,," -749","H,,S"
"AYM00089577","2017-07-06","-80.37","77.37","4084.0","DOME PLATEAU DOME A, AY",,,,," -738","H,,S"
"AYM00089577","2017-07-07","-80.37","77.37","4084.0","DOME PLATEAU DOME A, AY",,,,," -628","H,,S"
"AYM00089577","2017-07-08","-80.37","77.37","4084.0","DOME PLATEAU DOME A, AY",,,,," -715","H,,S"
"AYM00089577","2017-07-09","-80.37","77.37","4084.0","DOME PLATEAU DOME A, AY",,,,," -747","H,,S"
"AYM00089577","2017-07-10","-80.37","77.37","4084.0","DOME PLATEAU DOME A, AY",,,,," -794","H,,S"
"AYM00089577","2017-07-11","-80.37","77.37","4084.0","DOME PLATEAU DOME A, AY",,,,," -779","H,,S"
"AYM00089577","2017-07-12","-80.37","77.37","4084.0","DOME PLATEAU DOME A, AY",,,,," -703","H,,S"
"AYM00089577","2017-07-13","-80.37","77.37","4084.0","DOME PLATEAU DOME A, AY",,,,," -702","H,,S"
"AYM00089577","2017-07-14","-80.37","77.37","4084.0","DOME PLATEAU DOME A, AY",,,,," -703","H,,S"
"AYM00089577","2017-07-15","-80.37","77.37","4084.0","DOME PLATEAU DOME A, AY",,,,," -718","H,,S"
"AYM00089577","2017-07-16","-80.37","77.37","4084.0","DOME PLATEAU DOME A, AY",,,,," -711","H,,S"
"AYM00089577","2017-07-17","-80.37","77.37","4084.0","DOME PLATEAU DOME A, AY",,,,," -665","H,,S"
"AYM00089577","2017-07-18","-80.37","77.37","4084.0","DOME PLATEAU DOME A, AY",,,,," -549","H,,S"
"AYM00089577","2017-07-19","-80.37","77.37","4084.0","DOME PLATEAU DOME A, AY",,,,," -616","H,,S"
"AYM00089577","2017-07-20","-80.37","77.37","4084.0","DOME PLATEAU DOME A, AY",,,,," -657","H,,S"
"AYM00089577","2017-07-21","-80.37","77.37","4084.0","DOME PLATEAU DOME A, AY",,,,," -680","H,,S"
"AYM00089577","2017-07-22","-80.37","77.37","4084.0","DOME PLATEAU DOME A, AY",,,,," -692","H,,S"
"AYM00089577","2017-07-23","-80.37","77.37","4084.0","DOME PLATEAU DOME A, AY",,,,," -553","H,,S"
"AYM00089577","2017-07-24","-80.37","77.37","4084.0","DOME PLATEAU DOME A, AY",,,,," -498","H,,S"
"AYM00089577","2017-07-25","-80.37","77.37","4084.0","DOME PLATEAU DOME A, AY",,,,," -571","H,,S"
"AYM00089577","2017-07-26","-80.37","77.37","4084.0","DOME PLATEAU DOME A, AY",,,,," -567","H,,S"
"AYM00089577","2017-07-27","-80.37","77.37","4084.0","DOME PLATEAU DOME A, AY",,,,," -576","H,,S"
"AYM00089577","2017-07-28","-80.37","77.37","4084.0","DOME PLATEAU DOME A, AY",,,,," -648","H,,S"
"AYM00089577","2017-07-29","-80.37","77.37","4084.0","DOME PLATEAU DOME A, AY",,,,," -585","H,,S"
"AYM00089577","2017-07-30","-80.37","77.37","4084.0","DOME PLATEAU DOME A, AY",,,,," -594","H,,S"
"AYM00089577","2017-07-31","-80.37","77.37","4084.0","DOME PLATEAU DOME A, AY",,,,," -628","H,,S"
"AYM00089577","2017-08-01","-80.37","77.37","4084.0","DOME PLATEAU DOME A, AY",,,,," -624","H,,S"
"AYM00089577","2017-08-02","-80.37","77.37","4084.0","DOME PLATEAU DOME A, AY",,,,," -678","H,,S"
"AYM00089577","2017-08-03","-80.37","77.37","4084.0","DOME PLATEAU DOME A, AY",,,,," -670","H,,S"
"AYM00089577","2017-08-04","-80.37","77.37","4084.0","DOME PLATEAU DOME A, AY",,,,," -681","H,,S"
"AYM00089577","2017-08-05","-80.37","77.37","4084.0","DOME PLATEAU DOME A, AY",,,,," -712","H,,S"
"AYM00089577","2017-08-06","-80.37","77.37","4084.0","DOME PLATEAU DOME A, AY",,,,," -664","H,,S"
"AYM00089577","2017-08-07","-80.37","77.37","4084.0","DOME PLATEAU DOME A, AY",,,,," -584","H,,S"
"AYM00089577","2017-08-08","-80.37","77.37","4084.0","DOME PLATEAU DOME A, AY",,,,," -630","H,,S"
"AYM00089577","2017-08-09","-80.37","77.37","4084.0","DOME PLATEAU DOME A, AY",,,,," -698","H,,S"
"AYM00089577","2017-08-10","-80.37","77.37","4084.0","DOME PLATEAU DOME A, AY",,,,," -533","H,,S"
"AYM00089577","2017-08-11","-80.37","77.37","4084.0","DOME PLATEAU DOME A, AY",,,,," -581","H,,S"
"AYM00089577","2017-08-12","-80.37","77.37","4084.0","DOME PLATEAU DOME A, AY",,,,," -572","H,,S"
"AYM00089577","2017-08-13","-80.37","77.37","4084.0","DOME PLATEAU DOME A, AY",,,,," -691","H,,S"
"AYM00089577","2017-08-14","-80.37","77.37","4084.0","DOME PLATEAU DOME A, AY",,,,," -704","H,,S"
"AYM00089577","2017-08-15","-80.37","77.37","4084.0","DOME PLATEAU DOME A, AY",,,,," -683","H,,S"
"AYM00089577","2017-08-16","-80.37","77.37","4084.0","DOME PLATEAU DOME A, AY",,,,," -609","H,,S"
"AYM00089577","2017-08-17","-80.37","77.37","4084.0","DOME PLATEAU DOME A, AY",,,,," -623","H,,S"
"AYM00089577","2017-08-18","-80.37","77.37","4084.0","DOME PLATEAU DOME A, AY",,,,," -663","H,,S"
"AYM00089577","2017-08-19","-80.37","77.37","4084.0","DOME PLATEAU DOME A, AY",,,,," -624","H,,S"
"AYM00089577","2017-08-20","-80.37","77.37","4084.0","DOME PLATEAU DOME A, AY",,,,," -633","H,,S"
"AYM00089577","2017-08-21","-80.37","77.37","4084.0","DOME PLATEAU DOME A, AY",,,,," -677","H,,S"
"AYM00089577","2017-08-22","-80.37","77.37","4084.0","DOME PLATEAU DOME A, AY",,,,," -655","H,,S"
"AYM00089577","2017-08-23","-80.37","77.37","4084.0","DOME PLATEAU DOME A, AY",,,,," -604","H,,S"
"AYM00089577","2017-08-24","-80.37","77.37","4084.0","DOME PLATEAU DOME A, AY",,,,," -708","H,,S"
"AYM00089577","2017-08-25","-80.37","77.37","4084.0","DOME PLATEAU DOME A, AY",,,,," -731","H,,S"
"AYM00089577","2017-08-26","-80.37","77.37","4084.0","DOME PLATEAU DOME A, AY",,,,," -669","H,,S"
"AYM00089577","2017-08-27","-80.37","77.37","4084.0","DOME PLATEAU DOME A, AY",,,,," -624","H,,S"
"AYM00089577","2017-08-28","-80.37","77.37","4084.0","DOME PLATEAU DOME A, AY",,,,," -714","H,,S"
"AYM00089577","2017-08-29","-80.37","77.37","4084.0","DOME PLATEAU DOME A, AY",,,,," -731","H,,S"
"AYM00089577","2017-08-30","-80.37","77.37","4084.0","DOME PLATEAU DOME A, AY",,,,," -749","H,,S"
"AYM00089577","2017-08-31","-80.37","77.37","4084.0","DOME PLATEAU DOME A, AY",,,,," -754","H,,S"
"AYM00089577","2017-09-01","-80.37","77.37","4084.0","DOME PLATEAU DOME A, AY",,,,," -689","H,,S"
"AYM00089577","2017-09-02","-80.37","77.37","4084.0","DOME PLATEAU DOME A, AY",,,,," -659","H,,S"
"AYM00089577","2017-09-03","-80.37","77.37","4084.0","DOME PLATEAU DOME A, AY",,,,," -647","H,,S"
"AYM00089577","2017-09-04","-80.37","77.37","4084.0","DOME PLATEAU DOME A, AY",,,,," -638","H,,S"
"AYM00089577","2017-09-05","-80.37","77.37","4084.0","DOME PLATEAU DOME A, AY",,,,," -688","H,,S"
"AYM00089577","2017-09-06","-80.37","77.37","4084.0","DOME PLATEAU DOME A, AY",,,,," -716","H,,S"
"AYM00089577","2017-09-07","-80.37","77.37","4084.0","DOME PLATEAU DOME A, AY",,,,," -657","H,,S"
"AYM00089577","2017-09-08","-80.37","77.37","4084.0","DOME PLATEAU DOME A, AY",,,,," -652","H,,S"
"AYM00089577","2017-09-09","-80.37","77.37","4084.0","DOME PLATEAU DOME A, AY",,,,," -598","H,,S"
"AYM00089577","2017-09-10","-80.37","77.37","4084.0","DOME PLATEAU DOME A, AY",,,,," -661","H,,S"
"AYM00089577","2017-09-11","-80.37","77.37","4084.0","DOME PLATEAU DOME A, AY",,,,," -707","H,,S"
"AYM00089577","2017-09-12","-80.37","77.37","4084.0","DOME PLATEAU DOME A, AY",,,,," -719","H,,S"
"AYM00089577","2017-09-13","-80.37","77.37","4084.0","DOME PLATEAU DOME A, AY",,,,," -681","H,,S"
"AYM00089577","2017-09-14","-80.37","77.37","4084.0","DOME PLATEAU DOME A, AY",,,,," -682","H,,S"
"AYM00089577","2017-09-15","-80.37","77.37","4084.0","DOME PLATEAU DOME A, AY",,,,," -724","H,,S"
"AYM00089577","2017-09-16","-80.37","77.37","4084.0","DOME PLATEAU DOME A, AY",,,,," -708","H,,S"
"AYM00089577","2017-09-17","-80.37","77.37","4084.0","DOME PLATEAU DOME A, AY",,,,," -696","H,,S"
"AYM00089577","2017-09-18","-80.37","77.37","4084.0","DOME PLATEAU DOME A, AY",,,,," -698","H,,S"
"AYM00089577","2017-09-19","-80.37","77.37","4084.0","DOME PLATEAU DOME A, AY",,,,," -694","H,,S"
"AYM00089577","2017-09-20","-80.37","77.37","4084.0","DOME PLATEAU DOME A, AY",,,,," -702","H,,S"
"AYM00089577","2017-09-21","-80.37","77.37","4084.0","DOME PLATEAU DOME A, AY",,,,," -687","H,,S"
"AYM00089577","2017-09-22","-80.37","77.37","4084.0","DOME PLATEAU DOME A, AY",,,,," -703","H,,S"
"AYM00089577","2017-09-23","-80.37","77.37","4084.0","DOME PLATEAU DOME A, AY",,,,," -714","H,,S"
"AYM00089577","2017-09-24","-80.37","77.37","4084.0","DOME PLATEAU DOME A, AY",,,,," -730","H,,S"
"AYM00089577","2017-09-25","-80.37","77.37","4084.0","DOME PLATEAU DOME A, AY",,,,," -704","H,,S"
"AYM00089577","2017-09-26","-80.37","77.37","4084.0","DOME PLATEAU DOME A, AY",,,,," -698","H,,S"
"AYM00089577","2017-09-27","-80.37","77.37","4084.0","DOME PLATEAU DOME A, AY",,,,," -671","H,,S"
"AYM00089577","2017-09-28","-80.37","77.37","4084.0","DOME PLATEAU DOME A, AY",,,,," -613","H,,S"
"AYM00089577","2017-09-29","-80.37","77.37","4084.0","DOME PLATEAU DOME A, AY",,,,," -561","H,,S"
"AYM00089577","2017-09-30","-80.37","77.37","4084.0","DOME PLATEAU DOME A, AY",,,,," -558","H,,S"
"AYM00089577","2017-10-01","-80.37","77.37","4084.0","DOME PLATEAU DOME A, AY",,,,," -534","H,,S"
"AYM00089577","2017-10-02","-80.37","77.37","4084.0","DOME PLATEAU DOME A, AY",,,,," -511","H,,S"
"AYM00089577","2017-10-03","-80.37","77.37","4084.0","DOME PLATEAU DOME A, AY",,,,," -591","H,,S"
"AYM00089577","2017-10-04","-80.37","77.37","4084.0","DOME PLATEAU DOME A, AY",,,,," -587","H,,S"
"AYM00089577","2017-10-05","-80.37","77.37","4084.0","DOME PLATEAU DOME A, AY",,,,," -479","H,,S"
"AYM00089577","2017-10-06","-80.37","77.37","4084.0","DOME PLATEAU DOME A, AY",,,,," -484","H,,S"
"AYM00089577","2017-10-07","-80.37","77.37","4084.0","DOME PLATEAU DOME A, AY",,,,," -503","H,,S"
"AYM00089577","2017-10-08","-80.37","77.37","4084.0","DOME PLATEAU DOME A, AY",,,,," -531","H,,S"
"AYM00089577","2017-10-09","-80.37","77.37","4084.0","DOME PLATEAU DOME A, AY",,,,," -552","H,,S"
"AYM00089577","2017-10-10","-80.37","77.37","4084.0","DOME PLATEAU DOME A, AY",,,,," -569","H,,S"
"AYM00089577","2017-10-11","-80.37","77.37","4084.0","DOME PLATEAU DOME A, AY",,,,," -564","H,,S"
"AYM00089577","2017-10-12","-80.37","77.37","4084.0","DOME PLATEAU DOME A, AY",,,,," -542","H,,S"
"AYM00089577","2017-10-13","-80.37","77.37","4084.0","DOME PLATEAU DOME A, AY",,,,," -555","H,,S"
"AYM00089577","2017-10-14","-80.37","77.37","4084.0","DOME PLATEAU DOME A, AY",,,,," -579","H,,S"
"AYM00089577","2017-10-15","-80.37","77.37","4084.0","DOME PLATEAU DOME A, AY",,,,," -571","H,,S"
"AYM00089577","2017-10-16","-80.37","77.37","4084.0","DOME PLATEAU DOME A, AY",,,,," -572","H,,S"
"AYM00089577","2017-10-17","-80.37","77.37","4084.0","DOME PLATEAU DOME A, AY",,,,," -587","H,,S"
"AYM00089577","2017-10-18","-80.37","77.37","4084.0","DOME PLATEAU DOME A, AY",,,,," -519","H,,S"
"AYM00089577","2017-10-19","-80.37","77.37","4084.0","DOME PLATEAU DOME A, AY",,,,," -459","H,,S"
"AYM00089577","2017-10-20","-80.37","77.37","4084.0","DOME PLATEAU DOME A, AY",,,,," -472","H,,S"
"AYM00089577","2017-10-21","-80.37","77.37","4084.0","DOME PLATEAU DOME A, AY",,,,," -474","H,,S"
"AYM00089577","2017-10-22","-80.37","77.37","4084.0","DOME PLATEAU DOME A, AY",,,,," -478","H,,S"
"AYM00089577","2017-10-23","-80.37","77.37","4084.0","DOME PLATEAU DOME A, AY",,,,," -510","H,,S"
"AYM00089577","2017-10-24","-80.37","77.37","4084.0","DOME PLATEAU DOME A, AY",,,,," -476","H,,S"
"AYM00089577","2017-10-25","-80.37","77.37","4084.0","DOME PLATEAU DOME A, AY",,,,," -515","H,,S"
"AYM00089577","2017-10-26","-80.37","77.37","4084.0","DOME PLATEAU DOME A, AY",,,,," -524","H,,S"
"AYM00089577","2017-10-27","-80.37","77.37","4084.0","DOME PLATEAU DOME A, AY",,,,," -546","H,,S"
"AYM00089577","2017-10-28","-80.37","77.37","4084.0","DOME PLATEAU DOME A, AY",,,,," -523","H,,S"
"AYM00089577","2017-10-29","-80.37","77.37","4084.0","DOME PLATEAU DOME A, AY",,,,," -511","H,,S"
"AYM00089577","2017-10-30","-80.37","77.37","4084.0","DOME PLATEAU DOME A, AY",,,,," -520","H,,S"
"AYM00089577","2017-10-31","-80.37","77.37","4084.0","DOME PLATEAU DOME A, AY",,,,," -520","H,,S"
"AYM00089577","2017-11-01","-80.37","77.37","4084.0","DOME PLATEAU DOME A, AY",,,,," -491","H,,S"
"AYM00089577","2017-11-02","-80.37","77.37","4084.0","DOME PLATEAU DOME A, AY",,,,," -428","H,,S"
"AYM00089577","2017-11-03","-80.37","77.37","4084.0","DOME PLATEAU DOME A, AY",,,,," -331","H,,S"
"AYM00089577","2017-11-04","-80.37","77.37","4084.0","DOME PLATEAU DOME A, AY",,,,," -358","H,,S"
"AYM00089577","2017-11-05","-80.37","77.37","4084.0","DOME PLATEAU DOME A, AY",,,,," -419","H,,S"
"AYM00089577","2017-11-06","-80.37","77.37","4084.0","DOME PLATEAU DOME A, AY",,,,," -420","H,,S"
"AYM00089577","2017-11-07","-80.37","77.37","4084.0","DOME PLATEAU DOME A, AY",,,,," -433","H,,S"
"AYM00089577","2017-11-08","-80.37","77.37","4084.0","DOME PLATEAU DOME A, AY",,,,," -437","H,,S"
"AYM00089577","2017-11-09","-80.37","77.37","4084.0","DOME PLATEAU DOME A, AY",,,,," -437","H,,S"
"AYM00089577","2017-11-10","-80.37","77.37","4084.0","DOME PLATEAU DOME A, AY",,,,," -424","H,,S"
"AYM00089577","2017-11-11","-80.37","77.37","4084.0","DOME PLATEAU DOME A, AY",,,,," -432","H,,S"
"AYM00089577","2017-11-12","-80.37","77.37","4084.0","DOME PLATEAU DOME A, AY",,,,," -438","H,,S"
"AYM00089577","2017-11-13","-80.37","77.37","4084.0","DOME PLATEAU DOME A, AY",,,,," -416","H,,S"
"AYM00089577","2017-11-14","-80.37","77.37","4084.0","DOME PLATEAU DOME A, AY",,,,," -432","H,,S"
"AYM00089577","2017-11-15","-80.37","77.37","4084.0","DOME PLATEAU DOME A, AY",,,,," -429","H,,S"
"AYM00089577","2017-11-16","-80.37","77.37","4084.0","DOME PLATEAU DOME A, AY",,,,," -413","H,,S"
"AYM00089577","2017-11-17","-80.37","77.37","4084.0","DOME PLATEAU DOME A, AY",,,,," -418","H,,S"
"AYM00089577","2017-11-18","-80.37","77.37","4084.0","DOME PLATEAU DOME A, AY",,,,," -425","H,,S"
"AYM00089577","2017-11-19","-80.37","77.37","4084.0","DOME PLATEAU DOME A, AY",,,,," -437","H,,S"
"AYM00089577","2017-11-20","-80.37","77.37","4084.0","DOME PLATEAU DOME A, AY",,,,," -419","H,,S"
"AYM00089577","2017-11-21","-80.37","77.37","4084.0","DOME PLATEAU DOME A, AY",,,,," -418","H,,S"
"AYM00089577","2017-11-22","-80.37","77.37","4084.0","DOME PLATEAU DOME A, AY",,,,," -437","H,,S"
"AYM00089577","2017-11-23","-80.37","77.37","4084.0","DOME PLATEAU DOME A, AY",,,,," -439","H,,S"
"AYM00089577","2017-11-24","-80.37","77.37","4084.0","DOME PLATEAU DOME A, AY",,,,," -434","H,,S"
"AYM00089577","2017-11-25","-80.37","77.37","4084.0","DOME PLATEAU DOME A, AY",,,,," -431","H,,S"
"AYM00089577","2017-11-26","-80.37","77.37","4084.0","DOME PLATEAU DOME A, AY",,,,," -414","H,,S"
"AYM00089577","2017-11-27","-80.37","77.37","4084.0","DOME PLATEAU DOME A, AY",,,,," -352","H,,S"
"AYM00089577","2017-11-28","-80.37","77.37","4084.0","DOME PLATEAU DOME A, AY",,,,," -379","H,,S"
"AYM00089577","2017-11-29","-80.37","77.37","4084.0","DOME PLATEAU DOME A, AY",,,,," -399","H,,S"
"AYM00089577","2017-11-30","-80.37","77.37","4084.0","DOME PLATEAU DOME A, AY",,,,," -398","H,,S"
"AYM00089577","2017-12-01","-80.37","77.37","4084.0","DOME PLATEAU DOME A, AY",,,,," -410","H,,S"
"AYM00089577","2017-12-02","-80.37","77.37","4084.0","DOME PLATEAU DOME A, AY",,,,," -407","H,,S"
"AYM00089577","2017-12-03","-80.37","77.37","4084.0","DOME PLATEAU DOME A, AY",,,,," -414","H,,S"
"AYM00089577","2017-12-04","-80.37","77.37","4084.0","DOME PLATEAU DOME A, AY",,,,," -391","H,,S"
"AYM00089577","2017-12-05","-80.37","77.37","4084.0","DOME PLATEAU DOME A, AY",,,,," -348","H,,S"
"AYM00089577","2017-12-06","-80.37","77.37","4084.0","DOME PLATEAU DOME A, AY",,,,," -323","H,,S"
"AYM00089577","2017-12-07","-80.37","77.37","4084.0","DOME PLATEAU DOME A, AY",,,,," -353","H,,S"
"AYM00089577","2017-12-08","-80.37","77.37","4084.0","DOME PLATEAU DOME A, AY",,,,," -370","H,,S"
"AYM00089577","2017-12-09","-80.37","77.37","4084.0","DOME PLATEAU DOME A, AY",,,,," -368","H,,S"
"AYM00089577","2017-12-10","-80.37","77.37","4084.0","DOME PLATEAU DOME A, AY",,,,," -368","H,,S"
"AYM00089577","2017-12-11","-80.37","77.37","4084.0","DOME PLATEAU DOME A, AY",,,,," -366","H,,S"
"AYM00089577","2017-12-12","-80.37","77.37","4084.0","DOME PLATEAU DOME A, AY",,,,," -359","H,,S"
"AYM00089577","2017-12-13","-80.37","77.37","4084.0","DOME PLATEAU DOME A, AY",,,,," -366","H,,S"
"AYM00089577","2017-12-14","-80.37","77.37","4084.0","DOME PLATEAU DOME A, AY",,,,," -360","H,,S"
"AYM00089577","2017-12-15","-80.37","77.37","4084.0","DOME PLATEAU DOME A, AY",,,,," -347","H,,S"
"AYM00089577","2017-12-16","-80.37","77.37","4084.0","DOME PLATEAU DOME A, AY",,,,," -333","H,,S"
"AYM00089577","2017-12-17","-80.37","77.37","4084.0","DOME PLATEAU DOME A, AY",,,,," -344","H,,S"
"AYM00089577","2017-12-18","-80.37","77.37","4084.0","DOME PLATEAU DOME A, AY",,,,," -313","H,,S"
"AYM00089577","2017-12-19","-80.37","77.37","4084.0","DOME PLATEAU DOME A, AY",,,,," -315","H,,S"
"AYM00089577","2017-12-20","-80.37","77.37","4084.0","DOME PLATEAU DOME A, AY",,,,," -326","H,,S"
"AYM00089577","2017-12-21","-80.37","77.37","4084.0","DOME PLATEAU DOME A, AY",,,,," -336","H,,S"
"AYM00089577","2017-12-22","-80.37","77.37","4084.0","DOME PLATEAU DOME A, AY",,,,," -326","H,,S"
"AYM00089577","2017-12-23","-80.37","77.37","4084.0","DOME PLATEAU DOME A, AY",,,,," -311","H,,S"
"AYM00089577","2017-12-24","-80.37","77.37","4084.0","DOME PLATEAU DOME A, AY",,,,," -292","H,,S"
"AYM00089577","2017-12-25","-80.37","77.37","4084.0","DOME PLATEAU DOME A, AY",,,,," -302","H,,S"
"AYM00089577","2017-12-26","-80.37","77.37","4084.0","DOME PLATEAU DOME A, AY",,,,," -297","H,,S"
"AYM00089577","2017-12-27","-80.37","77.37","4084.0","DOME PLATEAU DOME A, AY",,,,," -287","H,,S"
"AYM00089577","2017-12-28","-80.37","77.37","4084.0","DOME PLATEAU DOME A, AY",,,,," -282","H,,S"
"AYM00089577","2017-12-29","-80.37","77.37","4084.0","DOME PLATEAU DOME A, AY",,,,," -280","H,,S"
"AYM00089577","2017-12-30","-80.37","77.37","4084.0","DOME PLATEAU DOME A, AY",,,,," -282","H,,S"
"AYM00089577","2017-12-31","-80.37","77.37","4084.0","DOME PLATEAU DOME A, AY",,,,," -288","H,,S"
"AYM00089577","2018-01-01","-80.37","77.37","4084.0","DOME PLATEAU DOME A, AY",,,,," -279","H,,S"
"AYM00089577","2018-01-02","-80.37","77.37","4084.0","DOME PLATEAU DOME A, AY",,,,," -278","H,,S"
"AYM00089577","2018-01-03","-80.37","77.37","4084.0","DOME PLATEAU DOME A, AY",,,,," -233","H,,S"
"AYM00089577","2018-01-04","-80.37","77.37","4084.0","DOME PLATEAU DOME A, AY",,,,," -222","H,,S"
"AYM00089577","2018-01-05","-80.37","77.37","4084.0","DOME PLATEAU DOME A, AY",,,,," -253","H,,S"
"AYM00089577","2018-01-06","-80.37","77.37","4084.0","DOME PLATEAU DOME A, AY",,,,," -239","H,,S"
"AYM00089577","2018-01-07","-80.37","77.37","4084.0","DOME PLATEAU DOME A, AY",,,,," -239","H,,S"
"AYM00089577","2018-01-08","-80.37","77.37","4084.0","DOME PLATEAU DOME A, AY",,,,," -249","H,,S"
"AYM00089577","2018-01-09","-80.37","77.37","4084.0","DOME PLATEAU DOME A, AY",,,,," -297","H,,S"
"AYM00089577","2018-01-10","-80.37","77.37","4084.0","DOME PLATEAU DOME A, AY",,,,," -288","H,,S"
"AYM00089577","2018-01-11","-80.37","77.37","4084.0","DOME PLATEAU DOME A, AY",,,,," -271","H,,S"
"AYM00089577","2018-01-12","-80.37","77.37","4084.0","DOME PLATEAU DOME A, AY",,,,," -304","H,,S"
"AYM00089577","2018-01-13","-80.37","77.37","4084.0","DOME PLATEAU DOME A, AY",,,,," -303","H,,S"
"AYM00089577","2018-01-14","-80.37","77.37","4084.0","DOME PLATEAU DOME A, AY",,,,," -313","H,,S"
"AYM00089577","2018-01-15","-80.37","77.37","4084.0","DOME PLATEAU DOME A, AY",,,,," -308","H,,S"
"AYM00089577","2018-01-16","-80.37","77.37","4084.0","DOME PLATEAU DOME A, AY",,,,," -329","H,,S"
"AYM00089577","2018-01-17","-80.37","77.37","4084.0","DOME PLATEAU DOME A, AY",,,,," -341","H,,S"
"AYM00089577","2018-01-18","-80.37","77.37","4084.0","DOME PLATEAU DOME A, AY",,,,," -352","H,,S"
"AYM00089577","2018-01-19","-80.37","77.37","4084.0","DOME PLATEAU DOME A, AY",,,,," -353","H,,S"
"AYM00089577","2018-01-20","-80.37","77.37","4084.0","DOME PLATEAU DOME A, AY",,,,," -349","H,,S"
"AYM00089577","2018-01-21","-80.37","77.37","4084.0","DOME PLATEAU DOME A, AY",,,,," -348","H,,S"
"AYM00089577","2018-01-22","-80.37","77.37","4084.0","DOME PLATEAU DOME A, AY",,,,," -343","H,,S"
"AYM00089577","2018-01-23","-80.37","77.37","4084.0","DOME PLATEAU DOME A, AY",,,,," -347","H,,S"
"AYM00089577","2018-01-24","-80.37","77.37","4084.0","DOME PLATEAU DOME A, AY",,,,," -338","H,,S"
"AYM00089577","2018-01-25","-80.37","77.37","4084.0","DOME PLATEAU DOME A, AY",,,,," -344","H,,S"
"AYM00089577","2018-01-26","-80.37","77.37","4084.0","DOME PLATEAU DOME A, AY",,,,," -364","H,,S"
"AYM00089577","2018-01-27","-80.37","77.37","4084.0","DOME PLATEAU DOME A, AY",,,,," -365","H,,S"
"AYM00089577","2018-01-28","-80.37","77.37","4084.0","DOME PLATEAU DOME A, AY",,,,," -334","H,,S"
"AYM00089577","2018-01-29","-80.37","77.37","4084.0","DOME PLATEAU DOME A, AY",,,,," -343","H,,S"
"AYM00089577","2018-01-30","-80.37","77.37","4084.0","DOME PLATEAU DOME A, AY",,,,," -339","H,,S"
"AYM00089577","2018-01-31","-80.37","77.37","4084.0","DOME PLATEAU DOME A, AY",,,,," -364","H,,S"
"AYM00089577","2018-02-01","-80.37","77.37","4084.0","DOME PLATEAU DOME A, AY",,,,," -371","H,,S"
"AYM00089577","2018-02-02","-80.37","77.37","4084.0","DOME PLATEAU DOME A, AY",,,,," -384","H,,S"
"AYM00089577","2018-02-03","-80.37","77.37","4084.0","DOME PLATEAU DOME A, AY",,,,," -381","H,,S"
"AYM00089577","2018-02-04","-80.37","77.37","4084.0","DOME PLATEAU DOME A, AY",,,,," -393","H,,S"
"AYM00089577","2018-02-05","-80.37","77.37","4084.0","DOME PLATEAU DOME A, AY",,,,," -320","H,,S"
"AYM00089577","2018-02-06","-80.37","77.37","4084.0","DOME PLATEAU DOME A, AY",,,,," -321","H,,S"
"AYM00089577","2018-02-07","-80.37","77.37","4084.0","DOME PLATEAU DOME A, AY",,,,," -347","H,,S"
"AYM00089577","2018-02-08","-80.37","77.37","4084.0","DOME PLATEAU DOME A, AY",,,,," -352","H,,S"
"AYM00089577","2018-02-09","-80.37","77.37","4084.0","DOME PLATEAU DOME A, AY",,,,," -393","H,,S"
"AYM00089577","2018-02-10","-80.37","77.37","4084.0","DOME PLATEAU DOME A, AY",,,,," -413","H,,S"
"AYM00089577","2018-02-11","-80.37","77.37","4084.0","DOME PLATEAU DOME A, AY",,,,," -431","H,,S"
"AYM00089577","2018-02-12","-80.37","77.37","4084.0","DOME PLATEAU DOME A, AY",,,,," -422","H,,S"
"AYM00089577","2018-02-13","-80.37","77.37","4084.0","DOME PLATEAU DOME A, AY",,,,," -434","H,,S"
"AYM00089577","2018-02-14","-80.37","77.37","4084.0","DOME PLATEAU DOME A, AY",,,,," -447","H,,S"
"AYM00089577","2018-02-15","-80.37","77.37","4084.0","DOME PLATEAU DOME A, AY",,,,," -469","H,,S"
"AYM00089577","2018-02-16","-80.37","77.37","4084.0","DOME PLATEAU DOME A, AY",,,,," -459","H,,S"
"AYM00089577","2018-02-17","-80.37","77.37","4084.0","DOME PLATEAU DOME A, AY",,,,," -472","H,,S"
"AYM00089577","2018-02-18","-80.37","77.37","4084.0","DOME PLATEAU DOME A, AY",,,,," -472","H,,S"
"AYM00089577","2018-02-19","-80.37","77.37","4084.0","DOME PLATEAU DOME A, AY",,,,," -465","H,,S"
"AYM00089577","2018-02-20","-80.37","77.37","4084.0","DOME PLATEAU DOME A, AY",,,,," -473","H,,S"
"AYM00089577","2018-02-21","-80.37","77.37","4084.0","DOME PLATEAU DOME A, AY",,,,," -488","H,,S"
"AYM00089577","2018-02-22","-80.37","77.37","4084.0","DOME PLATEAU DOME A, AY",,,,," -489","H,,S"
"AYM00089577","2018-02-23","-80.37","77.37","4084.0","DOME PLATEAU DOME A, AY",,,,," -514","H,,S"
"AYM00089577","2018-02-24","-80.37","77.37","4084.0","DOME PLATEAU DOME A, AY",,,,," -502","H,,S"
"AYM00089577","2018-02-25","-80.37","77.37","4084.0","DOME PLATEAU DOME A, AY",,,,," -515","H,,S"
"AYM00089577","2018-02-26","-80.37","77.37","4084.0","DOME PLATEAU DOME A, AY",,,,," -505","H,,S"
"AYM00089577","2018-02-27","-80.37","77.37","4084.0","DOME PLATEAU DOME A, AY",,,,," -553","H,,S"
"AYM00089577","2018-02-28","-80.37","77.37","4084.0","DOME PLATEAU DOME A, AY",,,,," -538","H,,S"
"AYM00089577","2018-03-01","-80.37","77.37","4084.0","DOME PLATEAU DOME A, AY",,,,," -520","H,,S"
"AYM00089577","2018-03-02","-80.37","77.37","4084.0","DOME PLATEAU DOME A, AY",,,,," -544","H,,S"
"AYM00089577","2018-03-03","-80.37","77.37","4084.0","DOME PLATEAU DOME A, AY",,,,," -551","H,,S"
"AYM00089577","2018-03-04","-80.37","77.37","4084.0","DOME PLATEAU DOME A, AY",,,,," -567","H,,S"
"AYM00089577","2018-03-05","-80.37","77.37","4084.0","DOME PLATEAU DOME A, AY",,,,," -595","H,,S"
"AYM00089577","2018-03-06","-80.37","77.37","4084.0","DOME PLATEAU DOME A, AY",,,,," -582","H,,S"
"AYM00089577","2018-03-07","-80.37","77.37","4084.0","DOME PLATEAU DOME A, AY",,,,," -593","H,,S"
"AYM00089577","2018-03-08","-80.37","77.37","4084.0","DOME PLATEAU DOME A, AY",,,,," -609","H,,S"
"AYM00089577","2018-03-09","-80.37","77.37","4084.0","DOME PLATEAU DOME A, AY",,,,," -594","H,,S"
"AYM00089577","2018-03-10","-80.37","77.37","4084.0","DOME PLATEAU DOME A, AY",,,,," -574","H,,S"
"AYM00089577","2018-03-11","-80.37","77.37","4084.0","DOME PLATEAU DOME A, AY",,,,," -599","H,,S"
"AYM00089577","2018-03-12","-80.37","77.37","4084.0","DOME PLATEAU DOME A, AY",,,,," -607","H,,S"
"AYM00089577","2018-03-13","-80.37","77.37","4084.0","DOME PLATEAU DOME A, AY",,,,," -619","H,,S"
"AYM00089577","2018-03-14","-80.37","77.37","4084.0","DOME PLATEAU DOME A, AY",,,,," -564","H,,S"
"AYM00089577","2018-03-15","-80.37","77.37","4084.0","DOME PLATEAU DOME A, AY",,,,," -555","H,,S"
"AYM00089577","2018-03-16","-80.37","77.37","4084.0","DOME PLATEAU DOME A, AY",,,,," -599","H,,S"
"AYM00089577","2018-03-17","-80.37","77.37","4084.0","DOME PLATEAU DOME A, AY",,,,," -636","H,,S"
"AYM00089577","2018-03-18","-80.37","77.37","4084.0","DOME PLATEAU DOME A, AY",,,,," -649","H,,S"
"AYM00089577","2018-03-19","-80.37","77.37","4084.0","DOME PLATEAU DOME A, AY",,,,," -621","H,,S"
"AYM00089577","2018-03-20","-80.37","77.37","4084.0","DOME PLATEAU DOME A, AY",,,,," -593","H,,S"
"AYM00089577","2018-03-21","-80.37","77.37","4084.0","DOME PLATEAU DOME A, AY",,,,," -602","H,,S"
"AYM00089577","2018-03-22","-80.37","77.37","4084.0","DOME PLATEAU DOME A, AY",,,,," -613","H,,S"
"AYM00089577","2018-03-23","-80.37","77.37","4084.0","DOME PLATEAU DOME A, AY",,,,," -549","H,,S"
"AYM00089577","2018-03-24","-80.37","77.37","4084.0","DOME PLATEAU DOME A, AY",,,,," -514","H,,S"
"AYM00089577","2018-03-25","-80.37","77.37","4084.0","DOME PLATEAU DOME A, AY",,,,," -472","H,,S"
"AYM00089577","2018-03-26","-80.37","77.37","4084.0","DOME PLATEAU DOME A, AY",,,,," -522","H,,S"
"AYM00089577","2018-03-27","-80.37","77.37","4084.0","DOME PLATEAU DOME A, AY",,,,," -591","H,,S"
"AYM00089577","2018-03-28","-80.37","77.37","4084.0","DOME PLATEAU DOME A, AY",,,,," -615","H,,S"
"AYM00089577","2018-03-29","-80.37","77.37","4084.0","DOME PLATEAU DOME A, AY",,,,," -582","H,,S"
"AYM00089577","2018-03-30","-80.37","77.37","4084.0","DOME PLATEAU DOME A, AY",,,,," -539","H,,S"
"AYM00089577","2018-03-31","-80.37","77.37","4084.0","DOME PLATEAU DOME A, AY",,,,," -536","H,,S"
"AYM00089577","2018-04-01","-80.37","77.37","4084.0","DOME PLATEAU DOME A, AY",,,,," -596","H,,S"
"AYM00089577","2018-04-02","-80.37","77.37","4084.0","DOME PLATEAU DOME A, AY",,,,," -613","H,,S"
"AYM00089577","2018-04-03","-80.37","77.37","4084.0","DOME PLATEAU DOME A, AY",,,,," -596","H,,S"
"AYM00089577","2018-04-04","-80.37","77.37","4084.0","DOME PLATEAU DOME A, AY",,,,," -639","H,,S"
"AYM00089577","2018-04-05","-80.37","77.37","4084.0","DOME PLATEAU DOME A, AY",,,,," -639","H,,S"
"AYM00089577","2018-04-06","-80.37","77.37","4084.0","DOME PLATEAU DOME A, AY",,,,," -628","H,,S"
"AYM00089577","2018-04-07","-80.37","77.37","4084.0","DOME PLATEAU DOME A, AY",,,,," -648","H,,S"
"AYM00089577","2018-04-08","-80.37","77.37","4084.0","DOME PLATEAU DOME A, AY",,,,," -661","H,,S"
"AYM00089577","2018-04-09","-80.37","77.37","4084.0","DOME PLATEAU DOME A, AY",,,,," -672","H,,S"
"AYM00089577","2018-04-10","-80.37","77.37","4084.0","DOME PLATEAU DOME A, AY",,,,," -673","H,,S"
"AYM00089577","2018-04-11","-80.37","77.37","4084.0","DOME PLATEAU DOME A, AY",,,,," -659","H,,S"
"AYM00089577","2018-04-12","-80.37","77.37","4084.0","DOME PLATEAU DOME A, AY",,,,," -528","H,,S"
"AYM00089577","2018-04-13","-80.37","77.37","4084.0","DOME PLATEAU DOME A, AY",,,,," -493","H,,S"
"AYM00089577","2018-04-16","-80.37","77.37","4084.0","DOME PLATEAU DOME A, AY",,,,," -640","H,,S"
"AYM00089577","2018-04-17","-80.37","77.37","4084.0","DOME PLATEAU DOME A, AY",,,,," -597","H,,S"
"AYM00089577","2018-04-18","-80.37","77.37","4084.0","DOME PLATEAU DOME A, AY",,,,," -649","H,,S"
"AYM00089577","2018-04-19","-80.37","77.37","4084.0","DOME PLATEAU DOME A, AY",,,,," -635","H,,S"
"AYM00089577","2018-04-20","-80.37","77.37","4084.0","DOME PLATEAU DOME A, AY",,,,," -649","H,,S"
"AYM00089577","2018-04-21","-80.37","77.37","4084.0","DOME PLATEAU DOME A, AY",,,,," -656","H,,S"
"AYM00089577","2018-04-22","-80.37","77.37","4084.0","DOME PLATEAU DOME A, AY",,,,," -671","H,,S"
"AYM00089577","2018-04-23","-80.37","77.37","4084.0","DOME PLATEAU DOME A, AY",,,,," -663","H,,S"
"AYM00089577","2018-04-24","-80.37","77.37","4084.0","DOME PLATEAU DOME A, AY",,,,," -671","H,,S"
"AYM00089577","2018-04-25","-80.37","77.37","4084.0","DOME PLATEAU DOME A, AY",,,,," -682","H,,S"
"AYM00089577","2018-04-26","-80.37","77.37","4084.0","DOME PLATEAU DOME A, AY",,,,," -683","H,,S"
"AYM00089577","2018-04-27","-80.37","77.37","4084.0","DOME PLATEAU DOME A, AY",,,,," -650","H,,S"
"AYM00089577","2018-04-28","-80.37","77.37","4084.0","DOME PLATEAU DOME A, AY",,,,," -679","H,,S"
"AYM00089577","2018-04-29","-80.37","77.37","4084.0","DOME PLATEAU DOME A, AY",,,,," -702","H,,S"
"AYM00089577","2018-04-30","-80.37","77.37","4084.0","DOME PLATEAU DOME A, AY",,,,," -682","H,,S"
"AYM00089577","2018-05-01","-80.37","77.37","4084.0","DOME PLATEAU DOME A, AY",,,,," -641","H,,S"
"AYM00089577","2018-05-02","-80.37","77.37","4084.0","DOME PLATEAU DOME A, AY",,,,," -644","H,,S"
"AYM00089577","2018-05-03","-80.37","77.37","4084.0","DOME PLATEAU DOME A, AY",,,,," -724","H,,S"
"AYM00089577","2018-05-04","-80.37","77.37","4084.0","DOME PLATEAU DOME A, AY",,,,," -717","H,,S"
"AYM00089577","2018-05-05","-80.37","77.37","4084.0","DOME PLATEAU DOME A, AY",,,,," -701","H,,S"
"AYM00089577","2018-05-06","-80.37","77.37","4084.0","DOME PLATEAU DOME A, AY",,,,," -728","H,,S"
"AYM00089577","2018-05-07","-80.37","77.37","4084.0","DOME PLATEAU DOME A, AY",,,,," -626","H,,S"
"AYM00089577","2018-05-08","-80.37","77.37","4084.0","DOME PLATEAU DOME A, AY",,,,," -597","H,,S"
"AYM00089577","2018-05-09","-80.37","77.37","4084.0","DOME PLATEAU DOME A, AY",,,,," -593","H,,S"
"AYM00089577","2018-05-10","-80.37","77.37","4084.0","DOME PLATEAU DOME A, AY",,,,," -598","H,,S"
"AYM00089577","2018-05-11","-80.37","77.37","4084.0","DOME PLATEAU DOME A, AY",,,,," -583","H,,S"
"AYM00089577","2018-05-12","-80.37","77.37","4084.0","DOME PLATEAU DOME A, AY",,,,," -551","H,,S"
"AYM00089577","2018-05-13","-80.37","77.37","4084.0","DOME PLATEAU DOME A, AY",,,,," -534","H,,S"
"AYM00089577","2018-05-14","-80.37","77.37","4084.0","DOME PLATEAU DOME A, AY",,,,," -554","H,,S"
"AYM00089577","2018-05-15","-80.37","77.37","4084.0","DOME PLATEAU DOME A, AY",,,,," -574","H,,S"
"AYM00089577","2018-05-16","-80.37","77.37","4084.0","DOME PLATEAU DOME A, AY",,,,," -612","H,,S"
"AYM00089577","2018-05-17","-80.37","77.37","4084.0","DOME PLATEAU DOME A, AY",,,,," -662","H,,S"
"AYM00089577","2018-05-18","-80.37","77.37","4084.0","DOME PLATEAU DOME A, AY",,,,," -698","H,,S"
"AYM00089577","2018-05-19","-80.37","77.37","4084.0","DOME PLATEAU DOME A, AY",,,,," -705","H,,S"
"AYM00089577","2018-05-20","-80.37","77.37","4084.0","DOME PLATEAU DOME A, AY",,,,," -687","H,,S"
"AYM00089577","2018-05-21","-80.37","77.37","4084.0","DOME PLATEAU DOME A, AY",,,,," -652","H,,S"
"AYM00089577","2018-05-22","-80.37","77.37","4084.0","DOME PLATEAU DOME A, AY",,,,," -624","H,,S"
"AYM00089577","2018-05-23","-80.37","77.37","4084.0","DOME PLATEAU DOME A, AY",,,,," -643","H,,S"
"AYM00089577","2018-05-24","-80.37","77.37","4084.0","DOME PLATEAU DOME A, AY",,,,," -673","H,,S"
"AYM00089577","2018-05-25","-80.37","77.37","4084.0","DOME PLATEAU DOME A, AY",,,,," -704","H,,S"
"AYM00089577","2018-05-26","-80.37","77.37","4084.0","DOME PLATEAU DOME A, AY",,,,," -699","H,,S"
"AYM00089577","2018-05-27","-80.37","77.37","4084.0","DOME PLATEAU DOME A, AY",,,,," -680","H,,S"
"AYM00089577","2018-05-28","-80.37","77.37","4084.0","DOME PLATEAU DOME A, AY",,,,," -693","H,,S"
"AYM00089577","2018-05-29","-80.37","77.37","4084.0","DOME PLATEAU DOME A, AY",,,,," -642","H,,S"
"AYM00089577","2018-05-30","-80.37","77.37","4084.0","DOME PLATEAU DOME A, AY",,,,," -657","H,,S"
"AYM00089577","2018-05-31","-80.37","77.37","4084.0","DOME PLATEAU DOME A, AY",,,,," -682","H,,S"
"AYM00089577","2018-06-01","-80.37","77.37","4084.0","DOME PLATEAU DOME A, AY",,,,," -686","H,,S"
"AYM00089577","2018-06-02","-80.37","77.37","4084.0","DOME PLATEAU DOME A, AY",,,,," -675","H,,S"
"AYM00089577","2018-06-03","-80.37","77.37","4084.0","DOME PLATEAU DOME A, AY",,,,," -567","H,,S"
"AYM00089577","2018-06-04","-80.37","77.37","4084.0","DOME PLATEAU DOME A, AY",,,,," -621","H,,S"
"AYM00089577","2018-06-05","-80.37","77.37","4084.0","DOME PLATEAU DOME A, AY",,,,," -666","H,,S"
"AYM00089577","2018-06-06","-80.37","77.37","4084.0","DOME PLATEAU DOME A, AY",,,,," -638","H,,S"
"AYM00089577","2018-06-07","-80.37","77.37","4084.0","DOME PLATEAU DOME A, AY",,,,," -681","H,,S"
"AYM00089577","2018-06-08","-80.37","77.37","4084.0","DOME PLATEAU DOME A, AY",,,,," -673","H,,S"
"AYM00089577","2018-06-09","-80.37","77.37","4084.0","DOME PLATEAU DOME A, AY",,,,," -696","H,,S"
"AYM00089577","2018-06-10","-80.37","77.37","4084.0","DOME PLATEAU DOME A, AY",,,,," -719","H,,S"
"AYM00089577","2018-06-11","-80.37","77.37","4084.0","DOME PLATEAU DOME A, AY",,,,," -687","H,,S"
"AYM00089577","2018-06-12","-80.37","77.37","4084.0","DOME PLATEAU DOME A, AY",,,,," -683","H,,S"
"AYM00089577","2018-06-13","-80.37","77.37","4084.0","DOME PLATEAU DOME A, AY",,,,," -726","H,,S"
"AYM00089577","2018-06-14","-80.37","77.37","4084.0","DOME PLATEAU DOME A, AY",,,,," -719","H,,S"
"AYM00089577","2018-06-15","-80.37","77.37","4084.0","DOME PLATEAU DOME A, AY",,,,," -681","H,,S"
"AYM00089577","2018-06-16","-80.37","77.37","4084.0","DOME PLATEAU DOME A, AY",,,,," -667","H,,S"
"AYM00089577","2018-06-17","-80.37","77.37","4084.0","DOME PLATEAU DOME A, AY",,,,," -631","H,,S"
"AYM00089577","2018-06-18","-80.37","77.37","4084.0","DOME PLATEAU DOME A, AY",,,,," -578","H,,S"
"AYM00089577","2018-06-19","-80.37","77.37","4084.0","DOME PLATEAU DOME A, AY",,,,," -577","H,,S"
"AYM00089577","2018-06-20","-80.37","77.37","4084.0","DOME PLATEAU DOME A, AY",,,,," -652","H,,S"
"AYM00089577","2018-06-21","-80.37","77.37","4084.0","DOME PLATEAU DOME A, AY",,,,," -699","H,,S"
"AYM00089577","2018-06-22","-80.37","77.37","4084.0","DOME PLATEAU DOME A, AY",,,,," -709","H,,S"
"AYM00089577","2018-06-23","-80.37","77.37","4084.0","DOME PLATEAU DOME A, AY",,,,," -693","H,,S"
"AYM00089577","2018-06-24","-80.37","77.37","4084.0","DOME PLATEAU DOME A, AY",,,,," -683","H,,S"
"AYM00089577","2018-06-25","-80.37","77.37","4084.0","DOME PLATEAU DOME A, AY",,,,," -681","H,,S"
"AYM00089577","2018-06-26","-80.37","77.37","4084.0","DOME PLATEAU DOME A, AY",,,,," -689","H,,S"
"AYM00089577","2018-06-27","-80.37","77.37","4084.0","DOME PLATEAU DOME A, AY",,,,," -653","H,,S"
"AYM00089577","2018-06-28","-80.37","77.37","4084.0","DOME PLATEAU DOME A, AY",,,,," -666","H,,S"
"AYM00089577","2018-06-29","-80.37","77.37","4084.0","DOME PLATEAU DOME A, AY",,,,," -667","H,,S"
"AYM00089577","2018-06-30","-80.37","77.37","4084.0","DOME PLATEAU DOME A, AY",,,,," -694","H,,S"
"AYM00089577","2018-07-01","-80.37","77.37","4084.0","DOME PLATEAU DOME A, AY",,,,," -657","H,,S"
"AYM00089577","2018-07-02","-80.37","77.37","4084.0","DOME PLATEAU DOME A, AY",,,,," -659","H,,S"
"AYM00089577","2018-07-03","-80.37","77.37","4084.0","DOME PLATEAU DOME A, AY",,,,," -699","H,,S"
"AYM00089577","2018-07-04","-80.37","77.37","4084.0","DOME PLATEAU DOME A, AY",,,,," -733","H,,S"
"AYM00089577","2018-07-05","-80.37","77.37","4084.0","DOME PLATEAU DOME A, AY",,,,," -741","H,,S"
"AYM00089577","2018-07-06","-80.37","77.37","4084.0","DOME PLATEAU DOME A, AY",,,,," -734","H,,S"
"AYM00089577","2018-07-07","-80.37","77.37","4084.0","DOME PLATEAU DOME A, AY",,,,," -762","H,,S"
"AYM00089577","2018-07-08","-80.37","77.37","4084.0","DOME PLATEAU DOME A, AY",,,,," -759","H,,S"
"AYM00089577","2018-07-09","-80.37","77.37","4084.0","DOME PLATEAU DOME A, AY",,,,," -775","H,,S"
"AYM00089577","2018-07-10","-80.37","77.37","4084.0","DOME PLATEAU DOME A, AY",,,,," -773","H,,S"
"AYM00089577","2018-07-11","-80.37","77.37","4084.0","DOME PLATEAU DOME A, AY",,,,," -760","H,,S"
"AYM00089577","2018-07-12","-80.37","77.37","4084.0","DOME PLATEAU DOME A, AY",,,,," -760","H,,S"
"AYM00089577","2018-07-13","-80.37","77.37","4084.0","DOME PLATEAU DOME A, AY",,,,," -727","H,,S"
"AYM00089577","2018-07-14","-80.37","77.37","4084.0","DOME PLATEAU DOME A, AY",,,,," -678","H,,S"
"AYM00089577","2018-07-15","-80.37","77.37","4084.0","DOME PLATEAU DOME A, AY",,,,," -624","H,,S"
"AYM00089577","2018-07-16","-80.37","77.37","4084.0","DOME PLATEAU DOME A, AY",,,,," -629","H,,S"
"AYM00089577","2018-07-17","-80.37","77.37","4084.0","DOME PLATEAU DOME A, AY",,,,," -647","H,,S"
"AYM00089577","2018-07-18","-80.37","77.37","4084.0","DOME PLATEAU DOME A, AY",,,,," -642","H,,S"
"AYM00089577","2018-07-19","-80.37","77.37","4084.0","DOME PLATEAU DOME A, AY",,,,," -664","H,,S"
"AYM00089577","2018-07-20","-80.37","77.37","4084.0","DOME PLATEAU DOME A, AY",,,,," -580","H,,S"
"AYM00089577","2018-07-21","-80.37","77.37","4084.0","DOME PLATEAU DOME A, AY",,,,," -513","H,,S"
"AYM00089577","2018-07-22","-80.37","77.37","4084.0","DOME PLATEAU DOME A, AY",,,,," -488","H,,S"
"AYM00089577","2018-07-23","-80.37","77.37","4084.0","DOME PLATEAU DOME A, AY",,,,," -485","H,,S"
"AYM00089577","2018-07-24","-80.37","77.37","4084.0","DOME PLATEAU DOME A, AY",,,,," -489","H,,S"
"AYM00089577","2018-07-25","-80.37","77.37","4084.0","DOME PLATEAU DOME A, AY",,,,," -532","H,,S"
"AYM00089577","2018-07-26","-80.37","77.37","4084.0","DOME PLATEAU DOME A, AY",,,,," -514","H,,S"
"AYM00089577","2018-07-27","-80.37","77.37","4084.0","DOME PLATEAU DOME A, AY",,,,," -467","H,,S"
"AYM00089577","2018-07-28","-80.37","77.37","4084.0","DOME PLATEAU DOME A, AY",,,,," -482","H,,S"
"AYM00089577","2018-07-29","-80.37","77.37","4084.0","DOME PLATEAU DOME A, AY",,,,," -471","H,,S"
"AYM00089577","2018-07-30","-80.37","77.37","4084.0","DOME PLATEAU DOME A, AY",,,,," -530","H,,S"
"AYM00089577","2018-07-31","-80.37","77.37","4084.0","DOME PLATEAU DOME A, AY",,,,," -563","H,,S"
"AYM00089577","2018-08-01","-80.37","77.37","4084.0","DOME PLATEAU DOME A, AY",,,,," -528","H,,S"
"AYM00089577","2018-08-02","-80.37","77.37","4084.0","DOME PLATEAU DOME A, AY",,,,," -617","H,,S"
"AYM00089577","2018-08-03","-80.37","77.37","4084.0","DOME PLATEAU DOME A, AY",,,,," -660","H,,S"
"AYM00089577","2018-08-04","-80.37","77.37","4084.0","DOME PLATEAU DOME A, AY",,,,," -676","H,,S"
"AYM00089577","2018-08-05","-80.37","77.37","4084.0","DOME PLATEAU DOME A, AY",,,,," -603","H,,S"
"AYM00089577","2018-08-06","-80.37","77.37","4084.0","DOME PLATEAU DOME A, AY",,,,," -618","H,,S"
"AYM00089577","2018-08-07","-80.37","77.37","4084.0","DOME PLATEAU DOME A, AY",,,,," -612","H,,S"
"AYM00089577","2018-08-08","-80.37","77.37","4084.0","DOME PLATEAU DOME A, AY",,,,," -616","H,,S"
"AYM00089577","2018-08-09","-80.37","77.37","4084.0","DOME PLATEAU DOME A, AY",,,,," -635","H,,S"
"AYM00089577","2018-08-10","-80.37","77.37","4084.0","DOME PLATEAU DOME A, AY",,,,," -661","H,,S"
"AYM00089577","2018-08-11","-80.37","77.37","4084.0","DOME PLATEAU DOME A, AY",,,,," -549","H,,S"
"AYM00089577","2018-08-12","-80.37","77.37","4084.0","DOME PLATEAU DOME A, AY",,,,," -574","H,,S"
"AYM00089577","2018-08-13","-80.37","77.37","4084.0","DOME PLATEAU DOME A, AY",,,,," -635","H,,S"
"AYM00089577","2018-08-14","-80.37","77.37","4084.0","DOME PLATEAU DOME A, AY",,,,," -636","H,,S"
"AYM00089577","2018-08-15","-80.37","77.37","4084.0","DOME PLATEAU DOME A, AY",,,,," -668","H,,S"
"AYM00089577","2018-08-16","-80.37","77.37","4084.0","DOME PLATEAU DOME A, AY",,,,," -646","H,,S"
"AYM00089577","2018-08-17","-80.37","77.37","4084.0","DOME PLATEAU DOME A, AY",,,,," -616","H,,S"
"AYM00089577","2018-08-18","-80.37","77.37","4084.0","DOME PLATEAU DOME A, AY",,,,," -621","H,,S"
"AYM00089577","2018-08-19","-80.37","77.37","4084.0","DOME PLATEAU DOME A, AY",,,,," -623","H,,S"
"AYM00089577","2018-08-20","-80.37","77.37","4084.0","DOME PLATEAU DOME A, AY",,,,," -669","H,,S"
"AYM00089577","2018-08-21","-80.37","77.37","4084.0","DOME PLATEAU DOME A, AY",,,,," -706","H,,S"
"AYM00089577","2018-08-22","-80.37","77.37","4084.0","DOME PLATEAU DOME A, AY",,,,," -718","H,,S"
"AYM00089577","2018-08-23","-80.37","77.37","4084.0","DOME PLATEAU DOME A, AY",,,,," -741","H,,S"
"AYM00089577","2018-08-24","-80.37","77.37","4084.0","DOME PLATEAU DOME A, AY",,,,," -725","H,,S"
"AYM00089577","2018-08-25","-80.37","77.37","4084.0","DOME PLATEAU DOME A, AY",,,,," -751","H,,S"
"AYM00089577","2018-08-26","-80.37","77.37","4084.0","DOME PLATEAU DOME A, AY",,,,," -756","H,,S"
"AYM00089577","2018-08-27","-80.37","77.37","4084.0","DOME PLATEAU DOME A, AY",,,,," -768","H,,S"
"AYM00089577","2018-08-28","-80.37","77.37","4084.0","DOME PLATEAU DOME A, AY",,,,," -788","H,,S"
"AYM00089577","2018-08-29","-80.37","77.37","4084.0","DOME PLATEAU DOME A, AY",,,,," -801","H,,S"
"AYM00089577","2018-08-30","-80.37","77.37","4084.0","DOME PLATEAU DOME A, AY",,,,," -781","H,,S"
"AYM00089577","2018-08-31","-80.37","77.37","4084.0","DOME PLATEAU DOME A, AY",,,,," -752","H,,S"
"AYM00089577","2018-09-01","-80.37","77.37","4084.0","DOME PLATEAU DOME A, AY",,,,," -698","H,,S"
"AYM00089577","2018-09-02","-80.37","77.37","4084.0","DOME PLATEAU DOME A, AY",,,,," -693","H,,S"
"AYM00089577","2018-09-03","-80.37","77.37","4084.0","DOME PLATEAU DOME A, AY",,,,," -745","H,,S"
"AYM00089577","2018-09-04","-80.37","77.37","4084.0","DOME PLATEAU DOME A, AY",,,,," -727","H,,S"
"AYM00089577","2018-09-05","-80.37","77.37","4084.0","DOME PLATEAU DOME A, AY",,,,," -739","H,,S"
"AYM00089577","2018-09-06","-80.37","77.37","4084.0","DOME PLATEAU DOME A, AY",,,,," -778","H,,S"
"AYM00089577","2018-09-07","-80.37","77.37","4084.0","DOME PLATEAU DOME A, AY",,,,," -759","H,,S"
"AYM00089577","2018-09-08","-80.37","77.37","4084.0","DOME PLATEAU DOME A, AY",,,,," -726","H,,S"
"AYM00089577","2018-09-09","-80.37","77.37","4084.0","DOME PLATEAU DOME A, AY",,,,," -670","H,,S"
"AYM00089577","2018-09-10","-80.37","77.37","4084.0","DOME PLATEAU DOME A, AY",,,,," -598","H,,S"
"AYM00089577","2018-09-11","-80.37","77.37","4084.0","DOME PLATEAU DOME A, AY",,,,," -613","H,,S"
"AYM00089577","2018-09-12","-80.37","77.37","4084.0","DOME PLATEAU DOME A, AY",,,,," -665","H,,S"
"AYM00089577","2018-09-13","-80.37","77.37","4084.0","DOME PLATEAU DOME A, AY",,,,," -724","H,,S"
"AYM00089577","2018-09-14","-80.37","77.37","4084.0","DOME PLATEAU DOME A, AY",,,,," -716","H,,S"
"AYM00089577","2018-09-15","-80.37","77.37","4084.0","DOME PLATEAU DOME A, AY",,,,," -714","H,,S"
"AYM00089577","2018-09-16","-80.37","77.37","4084.0","DOME PLATEAU DOME A, AY",,,,," -756","H,,S"
"AYM00089577","2018-09-17","-80.37","77.37","4084.0","DOME PLATEAU DOME A, AY",,,,," -752","H,,S"
"AYM00089577","2018-09-18","-80.37","77.37","4084.0","DOME PLATEAU DOME A, AY",,,,," -682","H,,S"
"AYM00089577","2018-09-19","-80.37","77.37","4084.0","DOME PLATEAU DOME A, AY",,,,," -661","H,,S"
"AYM00089577","2018-09-20","-80.37","77.37","4084.0","DOME PLATEAU DOME A, AY",,,,," -674","H,,S"
"AYM00089577","2018-09-21","-80.37","77.37","4084.0","DOME PLATEAU DOME A, AY",,,,," -664","H,,S"
"AYM00089577","2018-09-22","-80.37","77.37","4084.0","DOME PLATEAU DOME A, AY",,,,," -646","H,,S"
"AYM00089577","2018-09-23","-80.37","77.37","4084.0","DOME PLATEAU DOME A, AY",,,,," -668","H,,S"
"AYM00089577","2018-09-24","-80.37","77.37","4084.0","DOME PLATEAU DOME A, AY",,,,," -648","H,,S"
"AYM00089577","2018-09-25","-80.37","77.37","4084.0","DOME PLATEAU DOME A, AY",,,,," -667","H,,S"
"AYM00089577","2018-09-26","-80.37","77.37","4084.0","DOME PLATEAU DOME A, AY",,,,," -689","H,,S"
"AYM00089577","2018-09-27","-80.37","77.37","4084.0","DOME PLATEAU DOME A, AY",,,,," -695","H,,S"
"AYM00089577","2018-09-28","-80.37","77.37","4084.0","DOME PLATEAU DOME A, AY",,,,," -683","H,,S"
"AYM00089577","2018-09-29","-80.37","77.37","4084.0","DOME PLATEAU DOME A, AY",,,,," -617","H,,S"
"AYM00089577","2018-09-30","-80.37","77.37","4084.0","DOME PLATEAU DOME A, AY",,,,," -612","H,,S"
"AYM00089577","2018-10-01","-80.37","77.37","4084.0","DOME PLATEAU DOME A, AY",,,,," -610","H,,S"
"AYM00089577","2018-10-02","-80.37","77.37","4084.0","DOME PLATEAU DOME A, AY",,,,," -661","H,,S"
"AYM00089577","2018-10-03","-80.37","77.37","4084.0","DOME PLATEAU DOME A, AY",,,,," -673","H,,S"
"AYM00089577","2018-10-04","-80.37","77.37","4084.0","DOME PLATEAU DOME A, AY",,,,," -665","H,,S"
"AYM00089577","2018-10-05","-80.37","77.37","4084.0","DOME PLATEAU DOME A, AY",,,,," -651","H,,S"
"AYM00089577","2018-10-06","-80.37","77.37","4084.0","DOME PLATEAU DOME A, AY",,,,," -637","H,,S"
"AYM00089577","2018-10-07","-80.37","77.37","4084.0","DOME PLATEAU DOME A, AY",,,,," -614","H,,S"
"AYM00089577","2018-10-08","-80.37","77.37","4084.0","DOME PLATEAU DOME A, AY",,,,," -604","H,,S"
"AYM00089577","2018-10-09","-80.37","77.37","4084.0","DOME PLATEAU DOME A, AY",,,,," -589","H,,S"
"AYM00089577","2018-10-10","-80.37","77.37","4084.0","DOME PLATEAU DOME A, AY",,,,," -547","H,,S"
"AYM00089577","2018-10-11","-80.37","77.37","4084.0","DOME PLATEAU DOME A, AY",,,,," -566","H,,S"
"AYM00089577","2018-10-12","-80.37","77.37","4084.0","DOME PLATEAU DOME A, AY",,,,," -604","H,,S"
"AYM00089577","2018-10-13","-80.37","77.37","4084.0","DOME PLATEAU DOME A, AY",,,,," -618","H,,S"
"AYM00089577","2018-10-14","-80.37","77.37","4084.0","DOME PLATEAU DOME A, AY",,,,," -593","H,,S"
"AYM00089577","2018-10-15","-80.37","77.37","4084.0","DOME PLATEAU DOME A, AY",,,,," -531","H,,S"
"AYM00089577","2018-10-16","-80.37","77.37","4084.0","DOME PLATEAU DOME A, AY",,,,," -521","H,,S"
"AYM00089577","2018-10-17","-80.37","77.37","4084.0","DOME PLATEAU DOME A, AY",,,,," -546","H,,S"
"AYM00089577","2018-10-18","-80.37","77.37","4084.0","DOME PLATEAU DOME A, AY",,,,," -585","H,,S"
"AYM00089577","2018-10-19","-80.37","77.37","4084.0","DOME PLATEAU DOME A, AY",,,,," -533","H,,S"
"AYM00089577","2018-10-20","-80.37","77.37","4084.0","DOME PLATEAU DOME A, AY",,,,," -513","H,,S"
"AYM00089577","2018-10-21","-80.37","77.37","4084.0","DOME PLATEAU DOME A, AY",,,,," -503","H,,S"
"AYM00089577","2018-10-22","-80.37","77.37","4084.0","DOME PLATEAU DOME A, AY",,,,," -549","H,,S"
"AYM00089577","2018-10-23","-80.37","77.37","4084.0","DOME PLATEAU DOME A, AY",,,,," -544","H,,S"
"AYM00089577","2018-10-24","-80.37","77.37","4084.0","DOME PLATEAU DOME A, AY",,,,," -527","H,,S"
"AYM00089577","2018-10-25","-80.37","77.37","4084.0","DOME PLATEAU DOME A, AY",,,,," -537","H,,S"
"AYM00089577","2018-10-26","-80.37","77.37","4084.0","DOME PLATEAU DOME A, AY",,,,," -543","H,,S"
"AYM00089577","2018-10-27","-80.37","77.37","4084.0","DOME PLATEAU DOME A, AY",,,,," -524","H,,S"
"AYM00089577","2018-10-28","-80.37","77.37","4084.0","DOME PLATEAU DOME A, AY",,,,," -529","H,,S"
"AYM00089577","2018-10-29","-80.37","77.37","4084.0","DOME PLATEAU DOME A, AY",,,,," -482","H,,S"
"AYM00089577","2018-10-30","-80.37","77.37","4084.0","DOME PLATEAU DOME A, AY",,,,," -486","H,,S"
"AYM00089577","2018-10-31","-80.37","77.37","4084.0","DOME PLATEAU DOME A, AY",,,,," -494","H,,S"
"AYM00089577","2018-11-01","-80.37","77.37","4084.0","DOME PLATEAU DOME A, AY",,,,," -484","H,,S"
"AYM00089577","2018-11-02","-80.37","77.37","4084.0","DOME PLATEAU DOME A, AY",,,,," -454","H,,S"
"AYM00089577","2018-11-03","-80.37","77.37","4084.0","DOME PLATEAU DOME A, AY",,,,," -452","H,,S"
"AYM00089577","2018-11-04","-80.37","77.37","4084.0","DOME PLATEAU DOME A, AY",,,,," -477","H,,S"
"AYM00089577","2018-11-05","-80.37","77.37","4084.0","DOME PLATEAU DOME A, AY",,,,," -481","H,,S"
"AYM00089577","2018-11-06","-80.37","77.37","4084.0","DOME PLATEAU DOME A, AY",,,,," -479","H,,S"
"AYM00089577","2018-11-07","-80.37","77.37","4084.0","DOME PLATEAU DOME A, AY",,,,," -488","H,,S"
"AYM00089577","2018-11-08","-80.37","77.37","4084.0","DOME PLATEAU DOME A, AY",,,,," -502","H,,S"
"AYM00089577","2018-11-09","-80.37","77.37","4084.0","DOME PLATEAU DOME A, AY",,,,," -502","H,,S"
"AYM00089577","2018-11-10","-80.37","77.37","4084.0","DOME PLATEAU DOME A, AY",,,,," -499","H,,S"
"AYM00089577","2018-11-11","-80.37","77.37","4084.0","DOME PLATEAU DOME A, AY",,,,," -493","H,,S"
"AYM00089577","2018-11-12","-80.37","77.37","4084.0","DOME PLATEAU DOME A, AY",,,,," -482","H,,S"
"AYM00089577","2018-11-13","-80.37","77.37","4084.0","DOME PLATEAU DOME A, AY",,,,," -479","H,,S"
"AYM00089577","2018-11-14","-80.37","77.37","4084.0","DOME PLATEAU DOME A, AY",,,,," -487","H,,S"
"AYM00089577","2018-11-15","-80.37","77.37","4084.0","DOME PLATEAU DOME A, AY",,,,," -482","H,,S"
"AYM00089577","2018-11-16","-80.37","77.37","4084.0","DOME PLATEAU DOME A, AY",,,,," -459","H,,S"
"AYM00089577","2018-11-17","-80.37","77.37","4084.0","DOME PLATEAU DOME A, AY",,,,," -475","H,,S"
"AYM00089577","2018-11-18","-80.37","77.37","4084.0","DOME PLATEAU DOME A, AY",,,,," -468","H,,S"
"AYM00089577","2018-11-19","-80.37","77.37","4084.0","DOME PLATEAU DOME A, AY",,,,," -483","H,,S"
"AYM00089577","2018-11-20","-80.37","77.37","4084.0","DOME PLATEAU DOME A, AY",,,,," -462","H,,S"
"AYM00089577","2018-11-21","-80.37","77.37","4084.0","DOME PLATEAU DOME A, AY",,,,," -434","H,,S"
"AYM00089577","2018-11-22","-80.37","77.37","4084.0","DOME PLATEAU DOME A, AY",,,,," -401","H,,S"
"AYM00089577","2018-11-23","-80.37","77.37","4084.0","DOME PLATEAU DOME A, AY",,,,," -387","H,,S"
"AYM00089577","2018-11-24","-80.37","77.37","4084.0","DOME PLATEAU DOME A, AY",,,,," -416","H,,S"
"AYM00089577","2018-11-25","-80.37","77.37","4084.0","DOME PLATEAU DOME A, AY",,,,," -401","H,,S"
"AYM00089577","2018-11-26","-80.37","77.37","4084.0","DOME PLATEAU DOME A, AY",,,,," -389","H,,S"
"AYM00089577","2018-11-27","-80.37","77.37","4084.0","DOME PLATEAU DOME A, AY",,,,," -408","H,,S"
"AYM00089577","2018-11-28","-80.37","77.37","4084.0","DOME PLATEAU DOME A, AY",,,,," -393","H,,S"
"AYM00089577","2018-11-29","-80.37","77.37","4084.0","DOME PLATEAU DOME A, AY",,,,," -388","H,,S"
"AYM00089577","2018-11-30","-80.37","77.37","4084.0","DOME PLATEAU DOME A, AY",,,,," -384","H,,S"
"AYM00089577","2018-12-01","-80.37","77.37","4084.0","DOME PLATEAU DOME A, AY",,,,," -382","H,,S"
"AYM00089577","2018-12-02","-80.37","77.37","4084.0","DOME PLATEAU DOME A, AY",,,,," -376","H,,S"
"AYM00089577","2018-12-03","-80.37","77.37","4084.0","DOME PLATEAU DOME A, AY",,,,," -372","H,,S"
"AYM00089577","2018-12-04","-80.37","77.37","4084.0","DOME PLATEAU DOME A, AY",,,,," -378","H,,S"
"AYM00089577","2018-12-05","-80.37","77.37","4084.0","DOME PLATEAU DOME A, AY",,,,," -369","H,,S"
"AYM00089577","2018-12-06","-80.37","77.37","4084.0","DOME PLATEAU DOME A, AY",,,,," -365","H,,S"
"AYM00089577","2018-12-07","-80.37","77.37","4084.0","DOME PLATEAU DOME A, AY",,,,," -347","H,,S"
"AYM00089577","2018-12-08","-80.37","77.37","4084.0","DOME PLATEAU DOME A, AY",,,,," -355","H,,S"
"AYM00089577","2018-12-09","-80.37","77.37","4084.0","DOME PLATEAU DOME A, AY",,,,," -342","H,,S"
"AYM00089577","2018-12-10","-80.37","77.37","4084.0","DOME PLATEAU DOME A, AY",,,,," -329","H,,S"
"AYM00089577","2018-12-11","-80.37","77.37","4084.0","DOME PLATEAU DOME A, AY",,,,," -319","H,,S"
"AYM00089577","2018-12-12","-80.37","77.37","4084.0","DOME PLATEAU DOME A, AY",,,,," -310","H,,S"
"AYM00089577","2018-12-13","-80.37","77.37","4084.0","DOME PLATEAU DOME A, AY",,,,," -303","H,,S"
"AYM00089577","2018-12-14","-80.37","77.37","4084.0","DOME PLATEAU DOME A, AY",,,,," -308","H,,S"
"AYM00089577","2018-12-15","-80.37","77.37","4084.0","DOME PLATEAU DOME A, AY",,,,," -290","H,,S"
"AYM00089577","2018-12-16","-80.37","77.37","4084.0","DOME PLATEAU DOME A, AY",,,,," -293","H,,S"
"AYM00089577","2018-12-17","-80.37","77.37","4084.0","DOME PLATEAU DOME A, AY",,,,," -331","H,,S"
"AYM00089577","2018-12-18","-80.37","77.37","4084.0","DOME PLATEAU DOME A, AY",,,,," -343","H,,S"
"AYM00089577","2018-12-19","-80.37","77.37","4084.0","DOME PLATEAU DOME A, AY",,,,," -335","H,,S"
"AYM00089577","2018-12-20","-80.37","77.37","4084.0","DOME PLATEAU DOME A, AY",,,,," -320","H,,S"
"AYM00089577","2018-12-21","-80.37","77.37","4084.0","DOME PLATEAU DOME A, AY",,,,," -279","H,,S"
"AYM00089577","2018-12-22","-80.37","77.37","4084.0","DOME PLATEAU DOME A, AY",,,,," -227","H,,S"
"AYM00089577","2018-12-23","-80.37","77.37","4084.0","DOME PLATEAU DOME A, AY",,,,," -223","H,,S"
"AYM00089577","2018-12-24","-80.37","77.37","4084.0","DOME PLATEAU DOME A, AY",,,,," -231","H,,S"
"AYM00089577","2018-12-25","-80.37","77.37","4084.0","DOME PLATEAU DOME A, AY",,,,," -238","H,,S"
"AYM00089577","2018-12-26","-80.37","77.37","4084.0","DOME PLATEAU DOME A, AY",,,,," -262","H,,S"
"AYM00089577","2018-12-27","-80.37","77.37","4084.0","DOME PLATEAU DOME A, AY",,,,," -268","H,,S"
"AYM00089577","2018-12-28","-80.37","77.37","4084.0","DOME PLATEAU DOME A, AY",,,,," -299","H,,S"
"AYM00089577","2018-12-29","-80.37","77.37","4084.0","DOME PLATEAU DOME A, AY",,,,," -307","H,,S"
"AYM00089577","2018-12-30","-80.37","77.37","4084.0","DOME PLATEAU DOME A, AY",,,,," -313","H,,S"
"AYM00089577","2018-12-31","-80.37","77.37","4084.0","DOME PLATEAU DOME A, AY",,,,," -319","H,,S"
"AYM00089577","2019-01-01","-80.37","77.37","4084.0","DOME PLATEAU DOME A, AY",,,,," -322","H,,S"
"AYM00089577","2019-01-02","-80.37","77.37","4084.0","DOME PLATEAU DOME A, AY",,,,," -322","H,,S"
"AYM00089577","2019-01-03","-80.37","77.37","4084.0","DOME PLATEAU DOME A, AY",,,,," -327","H,,S"
"AYM00089577","2019-01-04","-80.37","77.37","4084.0","DOME PLATEAU DOME A, AY",,,,," -332","H,,S"
"AYM00089577","2019-01-05","-80.37","77.37","4084.0","DOME PLATEAU DOME A, AY",,,,," -343","H,,S"
"AYM00089577","2019-01-06","-80.37","77.37","4084.0","DOME PLATEAU DOME A, AY",,,,," -364","H,,S"
"AYM00089577","2019-01-07","-80.37","77.37","4084.0","DOME PLATEAU DOME A, AY",,,,," -347","H,,S"
"AYM00089577","2019-01-08","-80.37","77.37","4084.0","DOME PLATEAU DOME A, AY",,,,," -344","H,,S"
"AYM00089577","2019-01-09","-80.37","77.37","4084.0","DOME PLATEAU DOME A, AY",,,,," -341","H,,S"
"AYM00089577","2019-01-10","-80.37","77.37","4084.0","DOME PLATEAU DOME A, AY",,,,," -329","H,,S"
"AYM00089577","2019-01-11","-80.37","77.37","4084.0","DOME PLATEAU DOME A, AY",,,,," -317","H,,S"
"AYM00089577","2019-01-12","-80.37","77.37","4084.0","DOME PLATEAU DOME A, AY",,,,," -330","H,,S"
"AYM00089577","2019-01-13","-80.37","77.37","4084.0","DOME PLATEAU DOME A, AY",,,,," -323","H,,S"
"AYM00089577","2019-01-14","-80.37","77.37","4084.0","DOME PLATEAU DOME A, AY",,,,," -313","H,,S"
"AYM00089577","2019-01-15","-80.37","77.37","4084.0","DOME PLATEAU DOME A, AY",,,,," -298","H,,S"
"AYM00089577","2019-01-16","-80.37","77.37","4084.0","DOME PLATEAU DOME A, AY",,,,," -320","H,,S"
"AYM00089577","2019-01-17","-80.37","77.37","4084.0","DOME PLATEAU DOME A, AY",,,,," -322","H,,S"
"AYM00089577","2019-01-18","-80.37","77.37","4084.0","DOME PLATEAU DOME A, AY",,,,," -344","H,,S"
"AYM00089577","2019-01-19","-80.37","77.37","4084.0","DOME PLATEAU DOME A, AY",,,,," -359","H,,S"
"AYM00089577","2019-01-20","-80.37","77.37","4084.0","DOME PLATEAU DOME A, AY",,,,," -362","H,,S"
"AYM00089577","2019-01-21","-80.37","77.37","4084.0","DOME PLATEAU DOME A, AY",,,,," -365","H,,S"
"AYM00089577","2019-01-22","-80.37","77.37","4084.0","DOME PLATEAU DOME A, AY",,,,," -346","H,,S"
"AYM00089577","2019-01-23","-80.37","77.37","4084.0","DOME PLATEAU DOME A, AY",,,,," -357","H,,S"
"AYM00089577","2019-01-24","-80.37","77.37","4084.0","DOME PLATEAU DOME A, AY",,,,," -379","H,,S"
"AYM00089577","2019-01-25","-80.37","77.37","4084.0","DOME PLATEAU DOME A, AY",,,,," -388","H,,S"
"AYM00089577","2019-01-26","-80.37","77.37","4084.0","DOME PLATEAU DOME A, AY",,,,," -377","H,,S"
"AYM00089577","2019-01-27","-80.37","77.37","4084.0","DOME PLATEAU DOME A, AY",,,,," -376","H,,S"
"AYM00089577","2019-01-28","-80.37","77.37","4084.0","DOME PLATEAU DOME A, AY",,,,," -390","H,,S"
"AYM00089577","2019-01-29","-80.37","77.37","4084.0","DOME PLATEAU DOME A, AY",,,,," -388","H,,S"
"AYM00089577","2019-01-30","-80.37","77.37","4084.0","DOME PLATEAU DOME A, AY",,,,," -393","H,,S"
"AYM00089577","2019-01-31","-80.37","77.37","4084.0","DOME PLATEAU DOME A, AY",,,,," -382","H,,S"
"AYM00089577","2019-02-01","-80.37","77.37","4084.0","DOME PLATEAU DOME A, AY",,,,," -396","H,,S"
"AYM00089577","2019-02-02","-80.37","77.37","4084.0","DOME PLATEAU DOME A, AY",,,,," -413","H,,S"
"AYM00089577","2019-02-03","-80.37","77.37","4084.0","DOME PLATEAU DOME A, AY",,,,," -413","H,,S"
"AYM00089577","2019-02-04","-80.37","77.37","4084.0","DOME PLATEAU DOME A, AY",,,,," -433","H,,S"
"AYM00089577","2019-02-05","-80.37","77.37","4084.0","DOME PLATEAU DOME A, AY",,,,," -446","H,,S"
"AYM00089577","2019-02-06","-80.37","77.37","4084.0","DOME PLATEAU DOME A, AY",,,,," -433","H,,S"
"AYM00089577","2019-02-07","-80.37","77.37","4084.0","DOME PLATEAU DOME A, AY",,,,," -459","H,,S"
"AYM00089577","2019-02-08","-80.37","77.37","4084.0","DOME PLATEAU DOME A, AY",,,,," -442","H,,S"
"AYM00089577","2019-02-09","-80.37","77.37","4084.0","DOME PLATEAU DOME A, AY",,,,," -448","H,,S"
"AYM00089577","2019-02-10","-80.37","77.37","4084.0","DOME PLATEAU DOME A, AY",,,,," -441","H,,S"
"AYM00089577","2019-02-11","-80.37","77.37","4084.0","DOME PLATEAU DOME A, AY",,,,," -425","H,,S"
"AYM00089577","2019-02-12","-80.37","77.37","4084.0","DOME PLATEAU DOME A, AY",,,,," -428","H,,S"
"AYM00089577","2019-02-13","-80.37","77.37","4084.0","DOME PLATEAU DOME A, AY",,,,," -426","H,,S"
"AYM00089577","2019-02-14","-80.37","77.37","4084.0","DOME PLATEAU DOME A, AY",,,,," -428","H,,S"
"AYM00089577","2019-02-15","-80.37","77.37","4084.0","DOME PLATEAU DOME A, AY",,,,," -451","H,,S"
"AYM00089577","2019-02-16","-80.37","77.37","4084.0","DOME PLATEAU DOME A, AY",,,,," -432","H,,S"
"AYM00089577","2019-02-17","-80.37","77.37","4084.0","DOME PLATEAU DOME A, AY",,,,," -369","H,,S"
"AYM00089577","2019-02-18","-80.37","77.37","4084.0","DOME PLATEAU DOME A, AY",,,,," -367","H,,S"
"AYM00089577","2019-02-19","-80.37","77.37","4084.0","DOME PLATEAU DOME A, AY",,,,," -415","H,,S"
"AYM00089577","2019-02-20","-80.37","77.37","4084.0","DOME PLATEAU DOME A, AY",,,,," -454","H,,S"
"AYM00089577","2019-02-21","-80.37","77.37","4084.0","DOME PLATEAU DOME A, AY",,,,," -465","H,,S"
"AYM00089577","2019-02-22","-80.37","77.37","4084.0","DOME PLATEAU DOME A, AY",,,,," -443","H,,S"
"AYM00089577","2019-02-23","-80.37","77.37","4084.0","DOME PLATEAU DOME A, AY",,,,," -372","H,,S"
"AYM00089577","2019-02-24","-80.37","77.37","4084.0","DOME PLATEAU DOME A, AY",,,,," -435","H,,S"
"AYM00089577","2019-02-25","-80.37","77.37","4084.0","DOME PLATEAU DOME A, AY",,,,," -473","H,,S"
"AYM00089577","2019-02-26","-80.37","77.37","4084.0","DOME PLATEAU DOME A, AY",,,,," -498","H,,S"
"AYM00089577","2019-02-27","-80.37","77.37","4084.0","DOME PLATEAU DOME A, AY",,,,," -476","H,,S"
"AYM00089577","2019-02-28","-80.37","77.37","4084.0","DOME PLATEAU DOME A, AY",,,,," -464","H,,S"
"AYM00089577","2019-03-01","-80.37","77.37","4084.0","DOME PLATEAU DOME A, AY",,,,," -452","H,,S"
"AYM00089577","2019-03-02","-80.37","77.37","4084.0","DOME PLATEAU DOME A, AY",,,,," -496","H,,S"
"AYM00089577","2019-03-03","-80.37","77.37","4084.0","DOME PLATEAU DOME A, AY",,,,," -513","H,,S"
"AYM00089577","2019-03-04","-80.37","77.37","4084.0","DOME PLATEAU DOME A, AY",,,,," -527","H,,S"
"AYM00089577","2019-03-05","-80.37","77.37","4084.0","DOME PLATEAU DOME A, AY",,,,," -526","H,,S"
"AYM00089577","2019-03-06","-80.37","77.37","4084.0","DOME PLATEAU DOME A, AY",,,,," -548","H,,S"
"AYM00089577","2019-03-07","-80.37","77.37","4084.0","DOME PLATEAU DOME A, AY",,,,," -563","H,,S"
"AYM00089577","2019-03-08","-80.37","77.37","4084.0","DOME PLATEAU DOME A, AY",,,,," -561","H,,S"
"AYM00089577","2019-03-09","-80.37","77.37","4084.0","DOME PLATEAU DOME A, AY",,,,," -553","H,,S"
"AYM00089577","2019-03-10","-80.37","77.37","4084.0","DOME PLATEAU DOME A, AY",,,,," -536","H,,S"
"AYM00089577","2019-03-11","-80.37","77.37","4084.0","DOME PLATEAU DOME A, AY",,,,," -538","H,,S"
"AYM00089577","2019-03-12","-80.37","77.37","4084.0","DOME PLATEAU DOME A, AY",,,,," -576","H,,S"
"AYM00089577","2019-03-13","-80.37","77.37","4084.0","DOME PLATEAU DOME A, AY",,,,," -573","H,,S"
"AYM00089577","2019-03-14","-80.37","77.37","4084.0","DOME PLATEAU DOME A, AY",,,,," -583","H,,S"
"AYM00089577","2019-03-15","-80.37","77.37","4084.0","DOME PLATEAU DOME A, AY",,,,," -591","H,,S"
"AYM00089577","2019-03-16","-80.37","77.37","4084.0","DOME PLATEAU DOME A, AY",,,,," -612","H,,S"
"AYM00089577","2019-03-17","-80.37","77.37","4084.0","DOME PLATEAU DOME A, AY",,,,," -638","H,,S"
"AYM00089577","2019-03-18","-80.37","77.37","4084.0","DOME PLATEAU DOME A, AY",,,,," -641","H,,S"
"AYM00089577","2019-03-19","-80.37","77.37","4084.0","DOME PLATEAU DOME A, AY",,,,," -656","H,,S"
"AYM00089577","2019-03-20","-80.37","77.37","4084.0","DOME PLATEAU DOME A, AY",,,,," -654","H,,S"
"AYM00089577","2019-03-22","-80.37","77.37","4084.0","DOME PLATEAU DOME A, AY",,,,," -682","H,,S"
"AYM00089577","2019-03-23","-80.37","77.37","4084.0","DOME PLATEAU DOME A, AY",,,,," -693","H,,S"
"AYM00089577","2019-03-24","-80.37","77.37","4084.0","DOME PLATEAU DOME A, AY",,,,," -647","H,,S"
"AYM00089577","2019-03-25","-80.37","77.37","4084.0","DOME PLATEAU DOME A, AY",,,,," -593","H,,S"
"AYM00089577","2019-03-26","-80.37","77.37","4084.0","DOME PLATEAU DOME A, AY",,,,," -637","H,,S"
"AYM00089577","2019-03-27","-80.37","77.37","4084.0","DOME PLATEAU DOME A, AY",,,,," -633","H,,S"
"AYM00089577","2019-03-28","-80.37","77.37","4084.0","DOME PLATEAU DOME A, AY",,,,," -653","H,,S"
"AYM00089577","2019-03-29","-80.37","77.37","4084.0","DOME PLATEAU DOME A, AY",,,,," -675","H,,S"
"AYM00089577","2019-03-30","-80.37","77.37","4084.0","DOME PLATEAU DOME A, AY",,,,," -685","H,,S"
"AYM00089577","2019-03-31","-80.37","77.37","4084.0","DOME PLATEAU DOME A, AY",,,,," -643","H,,S"
"AYM00089577","2019-04-01","-80.37","77.37","4084.0","DOME PLATEAU DOME A, AY",,,,," -683","H,,S"
"AYM00089577","2019-04-02","-80.37","77.37","4084.0","DOME PLATEAU DOME A, AY",,,,," -712","H,,S"
"AYM00089577","2019-04-03","-80.37","77.37","4084.0","DOME PLATEAU DOME A, AY",,,,," -677","H,,S"
"AYM00089577","2019-04-04","-80.37","77.37","4084.0","DOME PLATEAU DOME A, AY",,,,," -668","H,,S"
"AYM00089577","2019-04-05","-80.37","77.37","4084.0","DOME PLATEAU DOME A, AY",,,,," -672","H,,S"
"AYM00089577","2019-04-06","-80.37","77.37","4084.0","DOME PLATEAU DOME A, AY",,,,," -697","H,,S"
"AYM00089577","2019-04-07","-80.37","77.37","4084.0","DOME PLATEAU DOME A, AY",,,,," -659","H,,S"
"AYM00089577","2019-04-08","-80.37","77.37","4084.0","DOME PLATEAU DOME A, AY",,,,," -600","H,,S"
"AYM00089577","2019-04-09","-80.37","77.37","4084.0","DOME PLATEAU DOME A, AY",,,,," -568","H,,S"
"AYM00089577","2019-04-10","-80.37","77.37","4084.0","DOME PLATEAU DOME A, AY",,,,," -623","H,,S"
"AYM00089577","2019-04-11","-80.37","77.37","4084.0","DOME PLATEAU DOME A, AY",,,,," -624","H,,S"
"AYM00089577","2019-04-12","-80.37","77.37","4084.0","DOME PLATEAU DOME A, AY",,,,," -667","H,,S"
"AYM00089577","2019-04-13","-80.37","77.37","4084.0","DOME PLATEAU DOME A, AY",,,,," -667","H,,S"
"AYM00089577","2019-04-14","-80.37","77.37","4084.0","DOME PLATEAU DOME A, AY",,,,," -678","H,,S"
"AYM00089577","2019-04-15","-80.37","77.37","4084.0","DOME PLATEAU DOME A, AY",,,,," -706","H,,S"
"AYM00089577","2019-04-16","-80.37","77.37","4084.0","DOME PLATEAU DOME A, AY",,,,," -699","H,,S"
"AYM00089577","2019-04-17","-80.37","77.37","4084.0","DOME PLATEAU DOME A, AY",,,,," -647","H,,S"
"AYM00089577","2019-04-18","-80.37","77.37","4084.0","DOME PLATEAU DOME A, AY",,,,," -587","H,,S"
"AYM00089577","2019-04-19","-80.37","77.37","4084.0","DOME PLATEAU DOME A, AY",,,,," -637","H,,S"
"AYM00089577","2019-04-20","-80.37","77.37","4084.0","DOME PLATEAU DOME A, AY",,,,," -632","H,,S"
"AYM00089577","2019-04-21","-80.37","77.37","4084.0","DOME PLATEAU DOME A, AY",,,,," -583","H,,S"
"AYM00089577","2019-04-22","-80.37","77.37","4084.0","DOME PLATEAU DOME A, AY",,,,," -649","H,,S"
"AYM00089577","2019-04-23","-80.37","77.37","4084.0","DOME PLATEAU DOME A, AY",,,,," -681","H,,S"
"AYM00089577","2019-04-24","-80.37","77.37","4084.0","DOME PLATEAU DOME A, AY",,,,," -662","H,,S"
"AYM00089577","2019-04-25","-80.37","77.37","4084.0","DOME PLATEAU DOME A, AY",,,,," -647","H,,S"
"AYM00089577","2019-04-26","-80.37","77.37","4084.0","DOME PLATEAU DOME A, AY",,,,," -658","H,,S"
"AYM00089577","2019-04-27","-80.37","77.37","4084.0","DOME PLATEAU DOME A, AY",,,,," -678","H,,S"
"AYM00089577","2019-04-28","-80.37","77.37","4084.0","DOME PLATEAU DOME A, AY",,,,," -688","H,,S"
"AYM00089577","2019-04-29","-80.37","77.37","4084.0","DOME PLATEAU DOME A, AY",,,,," -690","H,,S"
"AYM00089577","2019-04-30","-80.37","77.37","4084.0","DOME PLATEAU DOME A, AY",,,,," -682","H,,S"
"AYM00089577","2019-05-01","-80.37","77.37","4084.0","DOME PLATEAU DOME A, AY",,,,," -672","H,,S"
"AYM00089577","2019-05-02","-80.37","77.37","4084.0","DOME PLATEAU DOME A, AY",,,,," -668","H,,S"
"AYM00089577","2019-05-03","-80.37","77.37","4084.0","DOME PLATEAU DOME A, AY",,,,," -691","H,,S"
"AYM00089577","2019-05-04","-80.37","77.37","4084.0","DOME PLATEAU DOME A, AY",,,,," -637","H,,S"
"AYM00089577","2019-05-05","-80.37","77.37","4084.0","DOME PLATEAU DOME A, AY",,,,," -652","H,,S"
"AYM00089577","2019-05-06","-80.37","77.37","4084.0","DOME PLATEAU DOME A, AY",,,,," -677","H,,S"
"AYM00089577","2019-05-07","-80.37","77.37","4084.0","DOME PLATEAU DOME A, AY",,,,," -633","H,,S"
"AYM00089577","2019-05-08","-80.37","77.37","4084.0","DOME PLATEAU DOME A, AY",,,,," -636","H,,S"
"AYM00089577","2019-05-09","-80.37","77.37","4084.0","DOME PLATEAU DOME A, AY",,,,," -653","H,,S"
"AYM00089577","2019-05-10","-80.37","77.37","4084.0","DOME PLATEAU DOME A, AY",,,,," -622","H,,S"
"AYM00089577","2019-05-11","-80.37","77.37","4084.0","DOME PLATEAU DOME A, AY",,,,," -609","H,,S"
"AYM00089577","2019-05-12","-80.37","77.37","4084.0","DOME PLATEAU DOME A, AY",,,,," -674","H,,S"
"AYM00089577","2019-05-13","-80.37","77.37","4084.0","DOME PLATEAU DOME A, AY",,,,," -672","H,,S"
"AYM00089577","2019-05-14","-80.37","77.37","4084.0","DOME PLATEAU DOME A, AY",,,,," -698","H,,S"
"AYM00089577","2019-05-15","-80.37","77.37","4084.0","DOME PLATEAU DOME A, AY",,,,," -702","H,,S"
"AYM00089577","2019-05-16","-80.37","77.37","4084.0","DOME PLATEAU DOME A, AY",,,,," -634","H,,S"
"AYM00089577","2019-05-17","-80.37","77.37","4084.0","DOME PLATEAU DOME A, AY",,,,," -630","H,,S"
"AYM00089577","2019-05-18","-80.37","77.37","4084.0","DOME PLATEAU DOME A, AY",,,,," -699","H,,S"
"AYM00089577","2019-05-19","-80.37","77.37","4084.0","DOME PLATEAU DOME A, AY",,,,," -702","H,,S"
"AYM00089577","2019-05-20","-80.37","77.37","4084.0","DOME PLATEAU DOME A, AY",,,,," -711","H,,S"
"AYM00089577","2019-05-21","-80.37","77.37","4084.0","DOME PLATEAU DOME A, AY",,,,," -738","H,,S"
"AYM00089577","2019-05-22","-80.37","77.37","4084.0","DOME PLATEAU DOME A, AY",,,,," -754","H,,S"
"AYM00089577","2019-05-23","-80.37","77.37","4084.0","DOME PLATEAU DOME A, AY",,,,," -756","H,,S"
"AYM00089577","2019-05-24","-80.37","77.37","4084.0","DOME PLATEAU DOME A, AY",,,,," -769","H,,S"
"AYM00089577","2019-05-25","-80.37","77.37","4084.0","DOME PLATEAU DOME A, AY",,,,," -791","H,,S"
"AYM00089577","2019-05-26","-80.37","77.37","4084.0","DOME PLATEAU DOME A, AY",,,,," -771","H,,S"
"AYM00089577","2019-05-27","-80.37","77.37","4084.0","DOME PLATEAU DOME A, AY",,,,," -734","H,,S"
"AYM00089577","2019-05-28","-80.37","77.37","4084.0","DOME PLATEAU DOME A, AY",,,,," -754","H,,S"
"AYM00089577","2019-05-29","-80.37","77.37","4084.0","DOME PLATEAU DOME A, AY",,,,," -707","H,,S"
"AYM00089577","2019-05-30","-80.37","77.37","4084.0","DOME PLATEAU DOME A, AY",,,,," -747","H,,S"
"AYM00089577","2019-05-31","-80.37","77.37","4084.0","DOME PLATEAU DOME A, AY",,,,," -736","H,,S"
"AYM00089577","2019-06-01","-80.37","77.37","4084.0","DOME PLATEAU DOME A, AY",,,,," -741","H,,S"
"AYM00089577","2019-06-02","-80.37","77.37","4084.0","DOME PLATEAU DOME A, AY",,,,," -781","H,,S"
"AYM00089577","2019-06-03","-80.37","77.37","4084.0","DOME PLATEAU DOME A, AY",,,,," -776","H,,S"
"AYM00089577","2019-06-04","-80.37","77.37","4084.0","DOME PLATEAU DOME A, AY",,,,," -738","H,,S"
"AYM00089577","2019-06-05","-80.37","77.37","4084.0","DOME PLATEAU DOME A, AY",,,,," -778","H,,S"
"AYM00089577","2019-06-06","-80.37","77.37","4084.0","DOME PLATEAU DOME A, AY",,,,," -763","H,,S"
"AYM00089577","2019-06-07","-80.37","77.37","4084.0","DOME PLATEAU DOME A, AY",,,,," -753","H,,S"
"AYM00089577","2019-06-08","-80.37","77.37","4084.0","DOME PLATEAU DOME A, AY",,,,," -738","H,,S"
"AYM00089577","2019-06-09","-80.37","77.37","4084.0","DOME PLATEAU DOME A, AY",,,,," -761","H,,S"
"AYM00089577","2019-06-10","-80.37","77.37","4084.0","DOME PLATEAU DOME A, AY",,,,," -676","H,,S"
"AYM00089577","2019-06-11","-80.37","77.37","4084.0","DOME PLATEAU DOME A, AY",,,,," -689","H,,S"
"AYM00089577","2019-06-12","-80.37","77.37","4084.0","DOME PLATEAU DOME A, AY",,,,," -734","H,,S"
"AYM00089577","2019-06-13","-80.37","77.37","4084.0","DOME PLATEAU DOME A, AY",,,,," -765","H,,S"
"AYM00089577","2019-06-14","-80.37","77.37","4084.0","DOME PLATEAU DOME A, AY",,,,," -809","H,,S"
"AYM00089577","2019-06-15","-80.37","77.37","4084.0","DOME PLATEAU DOME A, AY",,,,," -815","H,,S"
"AYM00089577","2019-06-16","-80.37","77.37","4084.0","DOME PLATEAU DOME A, AY",,,,," -756","H,,S"
"AYM00089577","2019-06-17","-80.37","77.37","4084.0","DOME PLATEAU DOME A, AY",,,,," -793","H,,S"
"AYM00089577","2019-06-18","-80.37","77.37","4084.0","DOME PLATEAU DOME A, AY",,,,," -781","H,,S"
"AYM00089577","2019-06-19","-80.37","77.37","4084.0","DOME PLATEAU DOME A, AY",,,,," -733","H,,S"
"AYM00089577","2019-06-20","-80.37","77.37","4084.0","DOME PLATEAU DOME A, AY",,,,," -764","H,,S"
"AYM00089577","2019-06-21","-80.37","77.37","4084.0","DOME PLATEAU DOME A, AY",,,,," -684","H,,S"
"AYM00089577","2019-06-22","-80.37","77.37","4084.0","DOME PLATEAU DOME A, AY",,,,," -626","H,,S"
"AYM00089577","2019-06-23","-80.37","77.37","4084.0","DOME PLATEAU DOME A, AY",,,,," -619","H,,S"
"AYM00089577","2019-06-24","-80.37","77.37","4084.0","DOME PLATEAU DOME A, AY",,,,," -690","H,,S"
"AYM00089577","2019-06-25","-80.37","77.37","4084.0","DOME PLATEAU DOME A, AY",,,,," -741","H,,S"
"AYM00089577","2019-06-26","-80.37","77.37","4084.0","DOME PLATEAU DOME A, AY",,,,," -748","H,,S"
"AYM00089577","2019-06-27","-80.37","77.37","4084.0","DOME PLATEAU DOME A, AY",,,,," -744","H,,S"
"AYM00089577","2019-06-28","-80.37","77.37","4084.0","DOME PLATEAU DOME A, AY",,,,," -648","H,,S"
"AYM00089577","2019-06-29","-80.37","77.37","4084.0","DOME PLATEAU DOME A, AY",,,,," -586","H,,S"
"AYM00089577","2019-06-30","-80.37","77.37","4084.0","DOME PLATEAU DOME A, AY",,,,," -620","H,,S"
"AYM00089577","2019-07-01","-80.37","77.37","4084.0","DOME PLATEAU DOME A, AY",,,,," -621","H,,S"
"AYM00089577","2019-07-02","-80.37","77.37","4084.0","DOME PLATEAU DOME A, AY",,,,," -648","H,,S"
"AYM00089577","2019-07-03","-80.37","77.37","4084.0","DOME PLATEAU DOME A, AY",,,,," -636","H,,S"
"AYM00089577","2019-07-04","-80.37","77.37","4084.0","DOME PLATEAU DOME A, AY",,,,," -680","H,,S"
"AYM00089577","2019-07-05","-80.37","77.37","4084.0","DOME PLATEAU DOME A, AY",,,,," -667","H,,S"
"AYM00089577","2019-07-06","-80.37","77.37","4084.0","DOME PLATEAU DOME A, AY",,,,," -697","H,,S"
"AYM00089577","2019-07-07","-80.37","77.37","4084.0","DOME PLATEAU DOME A, AY",,,,," -578","H,,S"
"AYM00089577","2019-07-08","-80.37","77.37","4084.0","DOME PLATEAU DOME A, AY",,,,," -549","H,,S"
"AYM00089577","2019-07-09","-80.37","77.37","4084.0","DOME PLATEAU DOME A, AY",,,,," -625","H,,S"
"AYM00089577","2019-07-10","-80.37","77.37","4084.0","DOME PLATEAU DOME A, AY",,,,," -654","H,,S"
"AYM00089577","2019-07-11","-80.37","77.37","4084.0","DOME PLATEAU DOME A, AY",,,,," -633","H,,S"
"AYM00089577","2019-07-12","-80.37","77.37","4084.0","DOME PLATEAU DOME A, AY",,,,," -654","H,,S"
"AYM00089577","2019-07-13","-80.37","77.37","4084.0","DOME PLATEAU DOME A, AY",,,,," -678","H,,S"
"AYM00089577","2019-07-14","-80.37","77.37","4084.0","DOME PLATEAU DOME A, AY",,,,," -687","H,,S"
"AYM00089577","2019-07-15","-80.37","77.37","4084.0","DOME PLATEAU DOME A, AY",,,,," -669","H,,S"
"AYM00089577","2019-07-16","-80.37","77.37","4084.0","DOME PLATEAU DOME A, AY",,,,," -683","H,,S"
"AYM00089577","2019-07-17","-80.37","77.37","4084.0","DOME PLATEAU DOME A, AY",,,,," -718","H,,S"
"AYM00089577","2019-07-18","-80.37","77.37","4084.0","DOME PLATEAU DOME A, AY",,,,," -714","H,,S"
"AYM00089577","2019-07-19","-80.37","77.37","4084.0","DOME PLATEAU DOME A, AY",,,,," -704","H,,S"
"AYM00089577","2019-07-20","-80.37","77.37","4084.0","DOME PLATEAU DOME A, AY",,,,," -686","H,,S"
"AYM00089577","2019-07-21","-80.37","77.37","4084.0","DOME PLATEAU DOME A, AY",,,,," -702","H,,S"
"AYM00089577","2019-07-22","-80.37","77.37","4084.0","DOME PLATEAU DOME A, AY",,,,," -716","H,,S"
"AYM00089577","2019-07-23","-80.37","77.37","4084.0","DOME PLATEAU DOME A, AY",,,,," -675","H,,S"
"AYM00089577","2019-07-24","-80.37","77.37","4084.0","DOME PLATEAU DOME A, AY",,,,," -586","H,,S"
"AYM00089577","2019-07-25","-80.37","77.37","4084.0","DOME PLATEAU DOME A, AY",,,,," -581","H,,S"
"AYM00089577","2019-07-26","-80.37","77.37","4084.0","DOME PLATEAU DOME A, AY",,,,," -606","H,,S"
"AYM00089577","2019-07-27","-80.37","77.37","4084.0","DOME PLATEAU DOME A, AY",,,,," -612","H,,S"
"AYM00089577","2019-07-28","-80.37","77.37","4084.0","DOME PLATEAU DOME A, AY",,,,," -639","H,,S"
"AYM00089577","2019-07-29","-80.37","77.37","4084.0","DOME PLATEAU DOME A, AY",,,,," -674","H,,S"
"AYM00089577","2019-07-30","-80.37","77.37","4084.0","DOME PLATEAU DOME A, AY",,,,," -688","H,,S"
"AYM00089577","2019-07-31","-80.37","77.37","4084.0","DOME PLATEAU DOME A, AY",,,,," -712","H,,S"
"AYM00089577","2019-08-01","-80.37","77.37","4084.0","DOME PLATEAU DOME A, AY",,,,," -726","H,,S"
"AYM00089577","2019-08-02","-80.37","77.37","4084.0","DOME PLATEAU DOME A, AY",,,,," -748","H,,S"
"AYM00089577","2019-08-03","-80.37","77.37","4084.0","DOME PLATEAU DOME A, AY",,,,," -746","H,,S"
"AYM00089577","2019-08-04","-80.37","77.37","4084.0","DOME PLATEAU DOME A, AY",,,,," -716","H,,S"
"AYM00089577","2019-08-05","-80.37","77.37","4084.0","DOME PLATEAU DOME A, AY",,,,," -671","H,,S"
"AYM00089577","2019-08-06","-80.37","77.37","4084.0","DOME PLATEAU DOME A, AY",,,,," -659","H,,S"
"AYM00089577","2019-08-07","-80.37","77.37","4084.0","DOME PLATEAU DOME A, AY",,,,," -631","H,,S"
"AYM00089577","2019-08-08","-80.37","77.37","4084.0","DOME PLATEAU DOME A, AY",,,,," -617","H,,S"
"AYM00089577","2019-08-09","-80.37","77.37","4084.0","DOME PLATEAU DOME A, AY",,,,," -617","H,,S"
"AYM00089577","2019-08-10","-80.37","77.37","4084.0","DOME PLATEAU DOME A, AY",,,,," -642","H,,S"
"AYM00089577","2019-08-11","-80.37","77.37","4084.0","DOME PLATEAU DOME A, AY",,,,," -682","H,,S"
"AYM00089577","2019-08-12","-80.37","77.37","4084.0","DOME PLATEAU DOME A, AY",,,,," -638","H,,S"
"AYM00089577","2019-08-13","-80.37","77.37","4084.0","DOME PLATEAU DOME A, AY",,,,," -687","H,,S"
"AYM00089577","2019-08-14","-80.37","77.37","4084.0","DOME PLATEAU DOME A, AY",,,,," -698","H,,S"
"AYM00089577","2019-08-15","-80.37","77.37","4084.0","DOME PLATEAU DOME A, AY",,,,," -706","H,,S"
"AYM00089577","2019-08-16","-80.37","77.37","4084.0","DOME PLATEAU DOME A, AY",,,,," -729","H,,S"
"AYM00089577","2019-08-17","-80.37","77.37","4084.0","DOME PLATEAU DOME A, AY",,,,," -738","H,,S"
"AYM00089577","2019-08-18","-80.37","77.37","4084.0","DOME PLATEAU DOME A, AY",,,,," -722","H,,S"
"AYM00089577","2019-08-19","-80.37","77.37","4084.0","DOME PLATEAU DOME A, AY",,,,," -684","H,,S"
"AYM00089577","2019-08-20","-80.37","77.37","4084.0","DOME PLATEAU DOME A, AY",,,,," -664","H,,S"
"AYM00089577","2019-08-21","-80.37","77.37","4084.0","DOME PLATEAU DOME A, AY",,,,," -683","H,,S"
"AYM00089577","2019-08-22","-80.37","77.37","4084.0","DOME PLATEAU DOME A, AY",,,,," -691","H,,S"
"AYM00089577","2019-08-23","-80.37","77.37","4084.0","DOME PLATEAU DOME A, AY",,,,," -681","H,,S"
"AYM00089577","2019-08-24","-80.37","77.37","4084.0","DOME PLATEAU DOME A, AY",,,,," -669","H,,S"
"AYM00089577","2019-08-25","-80.37","77.37","4084.0","DOME PLATEAU DOME A, AY",,,,," -654","H,,S"
"AYM00089577","2019-08-26","-80.37","77.37","4084.0","DOME PLATEAU DOME A, AY",,,,," -691","H,,S"
"AYM00089577","2019-08-27","-80.37","77.37","4084.0","DOME PLATEAU DOME A, AY",,,,," -704","H,,S"
"AYM00089577","2019-08-28","-80.37","77.37","4084.0","DOME PLATEAU DOME A, AY",,,,," -688","H,,S"
"AYM00089577","2019-08-29","-80.37","77.37","4084.0","DOME PLATEAU DOME A, AY",,,,," -650","H,,S"
"AYM00089577","2019-08-30","-80.37","77.37","4084.0","DOME PLATEAU DOME A, AY",,,,," -681","H,,S"
"AYM00089577","2019-08-31","-80.37","77.37","4084.0","DOME PLATEAU DOME A, AY",,,,," -710","H,,S"
"AYM00089577","2019-09-01","-80.37","77.37","4084.0","DOME PLATEAU DOME A, AY",,,,," -724","H,,S"
"AYM00089577","2019-09-02","-80.37","77.37","4084.0","DOME PLATEAU DOME A, AY",,,,," -749","H,,S"
"AYM00089577","2019-09-03","-80.37","77.37","4084.0","DOME PLATEAU DOME A, AY",,,,," -741","H,,S"
"AYM00089577","2019-09-04","-80.37","77.37","4084.0","DOME PLATEAU DOME A, AY",,,,," -692","H,,S"
"AYM00089577","2019-09-05","-80.37","77.37","4084.0","DOME PLATEAU DOME A, AY",,,,," -693","H,,S"
"AYM00089577","2019-09-06","-80.37","77.37","4084.0","DOME PLATEAU DOME A, AY",,,,," -659","H,,S"
"AYM00089577","2019-09-07","-80.37","77.37","4084.0","DOME PLATEAU DOME A, AY",,,,," -698","H,,S"
"AYM00089577","2019-09-08","-80.37","77.37","4084.0","DOME PLATEAU DOME A, AY",,,,," -701","H,,S"
"AYM00089577","2019-09-09","-80.37","77.37","4084.0","DOME PLATEAU DOME A, AY",,,,," -684","H,,S"
"AYM00089577","2019-09-10","-80.37","77.37","4084.0","DOME PLATEAU DOME A, AY",,,,," -703","H,,S"
"AYM00089577","2019-09-11","-80.37","77.37","4084.0","DOME PLATEAU DOME A, AY",,,,," -691","H,,S"
"AYM00089577","2019-09-12","-80.37","77.37","4084.0","DOME PLATEAU DOME A, AY",,,,," -710","H,,S"
"AYM00089577","2019-09-13","-80.37","77.37","4084.0","DOME PLATEAU DOME A, AY",,,,," -733","H,,S"
"AYM00089577","2019-09-14","-80.37","77.37","4084.0","DOME PLATEAU DOME A, AY",,,,," -732","H,,S"
"AYM00089577","2019-09-15","-80.37","77.37","4084.0","DOME PLATEAU DOME A, AY",,,,," -718","H,,S"
"AYM00089577","2019-09-16","-80.37","77.37","4084.0","DOME PLATEAU DOME A, AY",,,,," -727","H,,S"
"AYM00089577","2019-09-17","-80.37","77.37","4084.0","DOME PLATEAU DOME A, AY",,,,," -733","H,,S"
"AYM00089577","2019-09-18","-80.37","77.37","4084.0","DOME PLATEAU DOME A, AY",,,,," -728","H,,S"
"AYM00089577","2019-09-19","-80.37","77.37","4084.0","DOME PLATEAU DOME A, AY",,,,," -692","H,,S"
"AYM00089577","2019-09-20","-80.37","77.37","4084.0","DOME PLATEAU DOME A, AY",,,,," -664","H,,S"
"AYM00089577","2019-09-21","-80.37","77.37","4084.0","DOME PLATEAU DOME A, AY",,,,," -689","H,,S"
"AYM00089577","2019-09-22","-80.37","77.37","4084.0","DOME PLATEAU DOME A, AY",,,,," -661","H,,S"
"AYM00089577","2019-09-23","-80.37","77.37","4084.0","DOME PLATEAU DOME A, AY",,,,," -670","H,,S"
"AYM00089577","2019-09-24","-80.37","77.37","4084.0","DOME PLATEAU DOME A, AY",,,,," -657","H,,S"
"AYM00089577","2019-09-25","-80.37","77.37","4084.0","DOME PLATEAU DOME A, AY",,,,," -611","H,,S"
"AYM00089577","2019-09-26","-80.37","77.37","4084.0","DOME PLATEAU DOME A, AY",,,,," -622","H,,S"
"AYM00089577","2019-09-27","-80.37","77.37","4084.0","DOME PLATEAU DOME A, AY",,,,," -646","H,,S"
"AYM00089577","2019-09-28","-80.37","77.37","4084.0","DOME PLATEAU DOME A, AY",,,,," -673","H,,S"
"AYM00089577","2019-09-29","-80.37","77.37","4084.0","DOME PLATEAU DOME A, AY",,,,," -678","H,,S"
"AYM00089577","2019-09-30","-80.37","77.37","4084.0","DOME PLATEAU DOME A, AY",,,,," -678","H,,S"
"AYM00089577","2019-10-01","-80.37","77.37","4084.0","DOME PLATEAU DOME A, AY",,,,," -668","H,,S"
"AYM00089577","2019-10-02","-80.37","77.37","4084.0","DOME PLATEAU DOME A, AY",,,,," -659","H,,S"
"AYM00089577","2019-10-03","-80.37","77.37","4084.0","DOME PLATEAU DOME A, AY",,,,," -643","H,,S"
"AYM00089577","2019-10-04","-80.37","77.37","4084.0","DOME PLATEAU DOME A, AY",,,,," -612","H,,S"
"AYM00089577","2019-10-05","-80.37","77.37","4084.0","DOME PLATEAU DOME A, AY",,,,," -579","H,,S"
"AYM00089577","2019-10-06","-80.37","77.37","4084.0","DOME PLATEAU DOME A, AY",,,,," -567","H,,S"
"AYM00089577","2019-10-07","-80.37","77.37","4084.0","DOME PLATEAU DOME A, AY",,,,," -568","H,,S"
"AYM00089577","2019-10-08","-80.37","77.37","4084.0","DOME PLATEAU DOME A, AY",,,,," -593","H,,S"
"AYM00089577","2019-10-09","-80.37","77.37","4084.0","DOME PLATEAU DOME A, AY",,,,," -622","H,,S"
"AYM00089577","2019-10-10","-80.37","77.37","4084.0","DOME PLATEAU DOME A, AY",,,,," -636","H,,S"
"AYM00089577","2019-10-11","-80.37","77.37","4084.0","DOME PLATEAU DOME A, AY",,,,," -629","H,,S"
"AYM00089577","2019-10-12","-80.37","77.37","4084.0","DOME PLATEAU DOME A, AY",,,,," -639","H,,S"
"AYM00089577","2019-10-13","-80.37","77.37","4084.0","DOME PLATEAU DOME A, AY",,,,," -636","H,,S"
"AYM00089577","2019-10-14","-80.37","77.37","4084.0","DOME PLATEAU DOME A, AY",,,,," -632","H,,S"
"AYM00089577","2019-10-15","-80.37","77.37","4084.0","DOME PLATEAU DOME A, AY",,,,," -639","H,,S"
"AYM00089577","2019-10-16","-80.37","77.37","4084.0","DOME PLATEAU DOME A, AY",,,,," -627","H,,S"
"AYM00089577","2019-10-17","-80.37","77.37","4084.0","DOME PLATEAU DOME A, AY",,,,," -602","H,,S"
"AYM00089577","2019-10-18","-80.37","77.37","4084.0","DOME PLATEAU DOME A, AY",,,,," -589","H,,S"
"AYM00089577","2019-10-19","-80.37","77.37","4084.0","DOME PLATEAU DOME A, AY",,,,," -602","H,,S"
"AYM00089577","2019-10-20","-80.37","77.37","4084.0","DOME PLATEAU DOME A, AY",,,,," -569","H,,S"
"AYM00089577","2019-10-21","-80.37","77.37","4084.0","DOME PLATEAU DOME A, AY",,,,," -556","H,,S"
"AYM00089577","2019-10-22","-80.37","77.37","4084.0","DOME PLATEAU DOME A, AY",,,,," -564","H,,S"
"AYM00089577","2019-10-23","-80.37","77.37","4084.0","DOME PLATEAU DOME A, AY",,,,," -547","H,,S"
"AYM00089577","2019-10-24","-80.37","77.37","4084.0","DOME PLATEAU DOME A, AY",,,,," -560","H,,S"
"AYM00089577","2019-10-25","-80.37","77.37","4084.0","DOME PLATEAU DOME A, AY",,,,," -567","H,,S"
"AYM00089577","2019-10-26","-80.37","77.37","4084.0","DOME PLATEAU DOME A, AY",,,,," -551","H,,S"
"AYM00089577","2019-10-27","-80.37","77.37","4084.0","DOME PLATEAU DOME A, AY",,,,," -539","H,,S"
"AYM00089577","2019-10-28","-80.37","77.37","4084.0","DOME PLATEAU DOME A, AY",,,,," -527","H,,S"
"AYM00089577","2019-10-29","-80.37","77.37","4084.0","DOME PLATEAU DOME A, AY",,,,," -523","H,,S"
"AYM00089577","2019-10-30","-80.37","77.37","4084.0","DOME PLATEAU DOME A, AY",,,,," -524","H,,S"
"AYM00089577","2019-10-31","-80.37","77.37","4084.0","DOME PLATEAU DOME A, AY",,,,," -526","H,,S"
"AYM00089577","2019-11-01","-80.37","77.37","4084.0","DOME PLATEAU DOME A, AY",,,,," -508","H,,S"
"AYM00089577","2019-11-02","-80.37","77.37","4084.0","DOME PLATEAU DOME A, AY",,,,," -506","H,,S"
"AYM00089577","2019-11-03","-80.37","77.37","4084.0","DOME PLATEAU DOME A, AY",,,,," -509","H,,S"
"AYM00089577","2019-11-04","-80.37","77.37","4084.0","DOME PLATEAU DOME A, AY",,,,," -505","H,,S"
"AYM00089577","2019-11-05","-80.37","77.37","4084.0","DOME PLATEAU DOME A, AY",,,,," -508","H,,S"
"AYM00089577","2019-11-06","-80.37","77.37","4084.0","DOME PLATEAU DOME A, AY",,,,," -506","H,,S"
"AYM00089577","2019-11-07","-80.37","77.37","4084.0","DOME PLATEAU DOME A, AY",,,,," -506","H,,S"
"AYM00089577","2019-11-08","-80.37","77.37","4084.0","DOME PLATEAU DOME A, AY",,,,," -501","H,,S"
"AYM00089577","2019-11-09","-80.37","77.37","4084.0","DOME PLATEAU DOME A, AY",,,,," -499","H,,S"
"AYM00089577","2019-11-10","-80.37","77.37","4084.0","DOME PLATEAU DOME A, AY",,,,," -502","H,,S"
"AYM00089577","2019-11-11","-80.37","77.37","4084.0","DOME PLATEAU DOME A, AY",,,,," -503","H,,S"
"AYM00089577","2019-11-12","-80.37","77.37","4084.0","DOME PLATEAU DOME A, AY",,,,," -504","H,,S"
"AYM00089577","2019-11-13","-80.37","77.37","4084.0","DOME PLATEAU DOME A, AY",,,,," -496","H,,S"
"AYM00089577","2019-11-14","-80.37","77.37","4084.0","DOME PLATEAU DOME A, AY",,,,," -493","H,,S"
"AYM00089577","2019-11-15","-80.37","77.37","4084.0","DOME PLATEAU DOME A, AY",,,,," -490","H,,S"
"AYM00089577","2019-11-16","-80.37","77.37","4084.0","DOME PLATEAU DOME A, AY",,,,," -489","H,,S"
"AYM00089577","2019-11-17","-80.37","77.37","4084.0","DOME PLATEAU DOME A, AY",,,,," -479","H,,S"
"AYM00089577","2019-11-18","-80.37","77.37","4084.0","DOME PLATEAU DOME A, AY",,,,," -481","H,,S"
"AYM00089577","2019-11-19","-80.37","77.37","4084.0","DOME PLATEAU DOME A, AY",,,,," -474","H,,S"
"AYM00089577","2019-11-20","-80.37","77.37","4084.0","DOME PLATEAU DOME A, AY",,,,," -469","H,,S"
"AYM00089577","2019-11-21","-80.37","77.37","4084.0","DOME PLATEAU DOME A, AY",,,,," -467","H,,S"
"AYM00089577","2019-11-22","-80.37","77.37","4084.0","DOME PLATEAU DOME A, AY",,,,," -461","H,,S"
"AYM00089577","2019-11-23","-80.37","77.37","4084.0","DOME PLATEAU DOME A, AY",,,,," -459","H,,S"
"AYM00089577","2019-11-24","-80.37","77.37","4084.0","DOME PLATEAU DOME A, AY",,,,," -459","H,,S"
"AYM00089577","2019-11-25","-80.37","77.37","4084.0","DOME PLATEAU DOME A, AY",,,,," -456","H,,S"
"AYM00089577","2019-11-26","-80.37","77.37","4084.0","DOME PLATEAU DOME A, AY",,,,," -458","H,,S"
"AYM00089577","2019-11-27","-80.37","77.37","4084.0","DOME PLATEAU DOME A, AY",,,,," -457","H,,S"
"AYM00089577","2019-11-28","-80.37","77.37","4084.0","DOME PLATEAU DOME A, AY",,,,," -449","H,,S"
"AYM00089577","2019-11-29","-80.37","77.37","4084.0","DOME PLATEAU DOME A, AY",,,,," -442","H,,S"
"AYM00089577","2019-11-30","-80.37","77.37","4084.0","DOME PLATEAU DOME A, AY",,,,," -428","H,,S"
"AYM00089577","2019-12-01","-80.37","77.37","4084.0","DOME PLATEAU DOME A, AY",,,,," -422","H,,S"
"AYM00089577","2019-12-02","-80.37","77.37","4084.0","DOME PLATEAU DOME A, AY",,,,," -423","H,,S"
"AYM00089577","2019-12-03","-80.37","77.37","4084.0","DOME PLATEAU DOME A, AY",,,,," -419","H,,S"
"AYM00089577","2019-12-04","-80.37","77.37","4084.0","DOME PLATEAU DOME A, AY",,,,," -420","H,,S"
"AYM00089577","2019-12-05","-80.37","77.37","4084.0","DOME PLATEAU DOME A, AY",,,,," -421","H,,S"
"AYM00089577","2019-12-06","-80.37","77.37","4084.0","DOME PLATEAU DOME A, AY",,,,," -418","H,,S"
"AYM00089577","2019-12-07","-80.37","77.37","4084.0","DOME PLATEAU DOME A, AY",,,,," -414","H,,S"
"AYM00089577","2019-12-08","-80.37","77.37","4084.0","DOME PLATEAU DOME A, AY",,,,," -411","H,,S"
"AYM00089577","2019-12-09","-80.37","77.37","4084.0","DOME PLATEAU DOME A, AY",,,,," -405","H,,S"
"AYM00089577","2019-12-10","-80.37","77.37","4084.0","DOME PLATEAU DOME A, AY",,,,," -398","H,,S"
"AYM00089577","2019-12-11","-80.37","77.37","4084.0","DOME PLATEAU DOME A, AY",,,,," -394","H,,S"
"AYM00089577","2019-12-12","-80.37","77.37","4084.0","DOME PLATEAU DOME A, AY",,,,," -388","H,,S"
"AYM00089577","2019-12-13","-80.37","77.37","4084.0","DOME PLATEAU DOME A, AY",,,,," -382","H,,S"
"AYM00089577","2019-12-14","-80.37","77.37","4084.0","DOME PLATEAU DOME A, AY",,,,," -379","H,,S"
"AYM00089577","2019-12-15","-80.37","77.37","4084.0","DOME PLATEAU DOME A, AY",,,,," -376","H,,S"
"AYM00089577","2019-12-16","-80.37","77.37","4084.0","DOME PLATEAU DOME A, AY",,,,," -379","H,,S"
"AYM00089577","2019-12-17","-80.37","77.37","4084.0","DOME PLATEAU DOME A, AY",,,,," -378","H,,S"
"AYM00089577","2019-12-18","-80.37","77.37","4084.0","DOME PLATEAU DOME A, AY",,,,," -373","H,,S"
"AYM00089577","2019-12-19","-80.37","77.37","4084.0","DOME PLATEAU DOME A, AY",,,,," -372","H,,S"
"AYM00089577","2019-12-20","-80.37","77.37","4084.0","DOME PLATEAU DOME A, AY",,,,," -367","H,,S"
"AYM00089577","2019-12-21","-80.37","77.37","4084.0","DOME PLATEAU DOME A, AY",,,,," -373","H,,S"
"AYM00089577","2019-12-22","-80.37","77.37","4084.0","DOME PLATEAU DOME A, AY",,,,," -371","H,,S"
"AYM00089577","2019-12-23","-80.37","77.37","4084.0","DOME PLATEAU DOME A, AY",,,,," -365","H,,S"
"AYM00089577","2019-12-24","-80.37","77.37","4084.0","DOME PLATEAU DOME A, AY",,,,," -365","H,,S"
"AYM00089577","2019-12-25","-80.37","77.37","4084.0","DOME PLATEAU DOME A, AY",,,,," -354","H,,S"
"AYM00089577","2019-12-26","-80.37","77.37","4084.0","DOME PLATEAU DOME A, AY",,,,," -358","H,,S"
"AYM00089577","2019-12-27","-80.37","77.37","4084.0","DOME PLATEAU DOME A, AY",,,,," -349","H,,S"
"AYM00089577","2019-12-28","-80.37","77.37","4084.0","DOME PLATEAU DOME A, AY",,,,," -350","H,,S"
"AYM00089577","2019-12-29","-80.37","77.37","4084.0","DOME PLATEAU DOME A, AY",,,,," -354","H,,S"
"AYM00089577","2019-12-30","-80.37","77.37","4084.0","DOME PLATEAU DOME A, AY",,,,," -364","H,,S"
"AYM00089577","2019-12-31","-80.37","77.37","4084.0","DOME PLATEAU DOME A, AY",,,,," -357","H,,S"
"AYM00089577","2020-01-01","-80.37","77.37","4084.0","DOME PLATEAU DOME A, AY",,,,," -359","H,,S"
"AYM00089577","2020-01-02","-80.37","77.37","4084.0","DOME PLATEAU DOME A, AY",,,,," -358","H,,S"
"AYM00089577","2020-01-03","-80.37","77.37","4084.0","DOME PLATEAU DOME A, AY",,,,," -353","H,,S"
"AYM00089577","2020-01-04","-80.37","77.37","4084.0","DOME PLATEAU DOME A, AY",,,,," -361","H,,S"
"AYM00089577","2020-01-05","-80.37","77.37","4084.0","DOME PLATEAU DOME A, AY",,,,," -361","H,,S"
"AYM00089577","2020-01-06","-80.37","77.37","4084.0","DOME PLATEAU DOME A, AY",,,,," -359","H,,S"
"AYM00089577","2020-01-07","-80.37","77.37","4084.0","DOME PLATEAU DOME A, AY",,,,," -358","H,,S"
"AYM00089577","2020-01-08","-80.37","77.37","4084.0","DOME PLATEAU DOME A, AY",,,,," -351","H,,S"
"AYM00089577","2020-01-09","-80.37","77.37","4084.0","DOME PLATEAU DOME A, AY",,,,," -360","H,,S"
"AYM00089577","2020-01-10","-80.37","77.37","4084.0","DOME PLATEAU DOME A, AY",,,,," -364","H,,S"
"AYM00089577","2020-01-11","-80.37","77.37","4084.0","DOME PLATEAU DOME A, AY",,,,," -370","H,,S"
"AYM00089577","2020-01-12","-80.37","77.37","4084.0","DOME PLATEAU DOME A, AY",,,,," -371","H,,S"
"AYM00089577","2020-01-13","-80.37","77.37","4084.0","DOME PLATEAU DOME A, AY",,,,," -366","H,,S"
"AYM00089577","2020-01-14","-80.37","77.37","4084.0","DOME PLATEAU DOME A, AY",,,,," -353","H,,S"
"AYM00089577","2020-01-15","-80.37","77.37","4084.0","DOME PLATEAU DOME A, AY",,,,," -355","H,,S"
"AYM00089577","2020-01-16","-80.37","77.37","4084.0","DOME PLATEAU DOME A, AY",,,,," -361","H,,S"
"AYM00089577","2020-01-17","-80.37","77.37","4084.0","DOME PLATEAU DOME A, AY",,,,," -363","H,,S"
"AYM00089577","2020-01-18","-80.37","77.37","4084.0","DOME PLATEAU DOME A, AY",,,,," -358","H,,S"
"AYM00089577","2020-01-19","-80.37","77.37","4084.0","DOME PLATEAU DOME A, AY",,,,," -359","H,,S"
"AYM00089577","2020-01-20","-80.37","77.37","4084.0","DOME PLATEAU DOME A, AY",,,,," -364","H,,S"
"AYM00089577","2020-01-21","-80.37","77.37","4084.0","DOME PLATEAU DOME A, AY",,,,," -367","H,,S"
"AYM00089577","2020-01-22","-80.37","77.37","4084.0","DOME PLATEAU DOME A, AY",,,,," -369","H,,S"
"AYM00089577","2020-01-23","-80.37","77.37","4084.0","DOME PLATEAU DOME A, AY",,,,," -373","H,,S"
"AYM00089577","2020-01-24","-80.37","77.37","4084.0","DOME PLATEAU DOME A, AY",,,,," -372","H,,S"
"AYM00089577","2020-01-25","-80.37","77.37","4084.0","DOME PLATEAU DOME A, AY",,,,," -372","H,,S"
"AYM00089577","2020-01-26","-80.37","77.37","4084.0","DOME PLATEAU DOME A, AY",,,,," -358","H,,S"
"AYM00089577","2020-01-27","-80.37","77.37","4084.0","DOME PLATEAU DOME A, AY",,,,," -356","H,,S"
"AYM00089577","2020-01-28","-80.37","77.37","4084.0","DOME PLATEAU DOME A, AY",,,,," -368","H,,S"
"AYM00089577","2020-01-29","-80.37","77.37","4084.0","DOME PLATEAU DOME A, AY",,,,," -376","H,,S"
"AYM00089577","2020-01-30","-80.37","77.37","4084.0","DOME PLATEAU DOME A, AY",,,,," -383","H,,S"
"AYM00089577","2020-01-31","-80.37","77.37","4084.0","DOME PLATEAU DOME A, AY",,,,," -386","H,,S"
"AYM00089577","2020-02-01","-80.37","77.37","4084.0","DOME PLATEAU DOME A, AY",,,,," -394","H,,S"
"AYM00089577","2020-02-02","-80.37","77.37","4084.0","DOME PLATEAU DOME A, AY",,,,," -398","H,,S"
"AYM00089577","2020-02-03","-80.37","77.37","4084.0","DOME PLATEAU DOME A, AY",,,,," -398","H,,S"
"AYM00089577","2020-02-04","-80.37","77.37","4084.0","DOME PLATEAU DOME A, AY",,,,," -401","H,,S"
"AYM00089577","2020-02-05","-80.37","77.37","4084.0","DOME PLATEAU DOME A, AY",,,,," -407","H,,S"
"AYM00089577","2020-02-06","-80.37","77.37","4084.0","DOME PLATEAU DOME A, AY",,,,," -414","H,,S"
"AYM00089577","2020-02-07","-80.37","77.37","4084.0","DOME PLATEAU DOME A, AY",,,,," -422","H,,S"
"AYM00089577","2020-02-08","-80.37","77.37","4084.0","DOME PLATEAU DOME A, AY",,,,," -424","H,,S"
"AYM00089577","2020-02-09","-80.37","77.37","4084.0","DOME PLATEAU DOME A, AY",,,,," -414","H,,S"
"AYM00089577","2020-02-10","-80.37","77.37","4084.0","DOME PLATEAU DOME A, AY",,,,," -407","H,,S"
"AYM00089577","2020-02-11","-80.37","77.37","4084.0","DOME PLATEAU DOME A, AY",,,,," -419","H,,S"
"AYM00089577","2020-02-12","-80.37","77.37","4084.0","DOME PLATEAU DOME A, AY",,,,," -432","H,,S"
"AYM00089577","2020-02-13","-80.37","77.37","4084.0","DOME PLATEAU DOME A, AY",,,,," -443","H,,S"
"AYM00089577","2020-02-14","-80.37","77.37","4084.0","DOME PLATEAU DOME A, AY",,,,," -444","H,,S"
"AYM00089577","2020-02-15","-80.37","77.37","4084.0","DOME PLATEAU DOME A, AY",,,,," -461","H,,S"
"AYM00089577","2020-02-16","-80.37","77.37","4084.0","DOME PLATEAU DOME A, AY",,,,," -469","H,,S"
"AYM00089577","2020-02-17","-80.37","77.37","4084.0","DOME PLATEAU DOME A, AY",,,,," -480","H,,S"
"AYM00089577","2020-02-18","-80.37","77.37","4084.0","DOME PLATEAU DOME A, AY",,,,," -484","H,,S"
"AYM00089577","2020-02-19","-80.37","77.37","4084.0","DOME PLATEAU DOME A, AY",,,,," -483","H,,S"
"AYM00089577","2020-02-20","-80.37","77.37","4084.0","DOME PLATEAU DOME A, AY",,,,," -474","H,,S"
"AYM00089577","2020-02-21","-80.37","77.37","4084.0","DOME PLATEAU DOME A, AY",,,,," -471","H,,S"
"AYM00089577","2020-02-22","-80.37","77.37","4084.0","DOME PLATEAU DOME A, AY",,,,," -485","H,,S"
"AYM00089577","2020-02-23","-80.37","77.37","4084.0","DOME PLATEAU DOME A, AY",,,,," -486","H,,S"
"AYM00089577","2020-02-24","-80.37","77.37","4084.0","DOME PLATEAU DOME A, AY",,,,," -492","H,,S"
"AYM00089577","2020-02-25","-80.37","77.37","4084.0","DOME PLATEAU DOME A, AY",,,,," -493","H,,S"
"AYM00089577","2020-02-26","-80.37","77.37","4084.0","DOME PLATEAU DOME A, AY",,,,," -509","H,,S"
"AYM00089577","2020-02-27","-80.37","77.37","4084.0","DOME PLATEAU DOME A, AY",,,,," -519","H,,S"
"AYM00089577","2020-02-28","-80.37","77.37","4084.0","DOME PLATEAU DOME A, AY",,,,," -527","H,,S"
"AYM00089577","2020-02-29","-80.37","77.37","4084.0","DOME PLATEAU DOME A, AY",,,,," -526","H,,S"
"AYM00089577","2020-03-01","-80.37","77.37","4084.0","DOME PLATEAU DOME A, AY",,,,," -527","H,,S"
"AYM00089577","2020-03-02","-80.37","77.37","4084.0","DOME PLATEAU DOME A, AY",,,,," -527","H,,S"
"AYM00089577","2020-03-03","-80.37","77.37","4084.0","DOME PLATEAU DOME A, AY",,,,," -527","H,,S"
"AYM00089577","2020-03-04","-80.37","77.37","4084.0","DOME PLATEAU DOME A, AY",,,,," -540","H,,S"
"AYM00089577","2020-03-05","-80.37","77.37","4084.0","DOME PLATEAU DOME A, AY",,,,," -544","H,,S"
"AYM00089577","2020-03-06","-80.37","77.37","4084.0","DOME PLATEAU DOME A, AY",,,,," -549","H,,S"
"AYM00089577","2020-03-07","-80.37","77.37","4084.0","DOME PLATEAU DOME A, AY",,,,," -562","H,,S"
"AYM00089577","2020-03-08","-80.37","77.37","4084.0","DOME PLATEAU DOME A, AY",,,,," -572","H,,S"
"AYM00089577","2020-03-09","-80.37","77.37","4084.0","DOME PLATEAU DOME A, AY",,,,," -577","H,,S"
"AYM00089577","2020-03-10","-80.37","77.37","4084.0","DOME PLATEAU DOME A, AY",,,,," -574","H,,S"
"AYM00089577","2020-03-11","-80.37","77.37","4084.0","DOME PLATEAU DOME A, AY",,,,," -569","H,,S"
"AYM00089577","2020-03-12","-80.37","77.37","4084.0","DOME PLATEAU DOME A, AY",,,,," -575","H,,S"
"AYM00089577","2020-03-13","-80.37","77.37","4084.0","DOME PLATEAU DOME A, AY",,,,," -582","H,,S"
"AYM00089577","2020-03-14","-80.37","77.37","4084.0","DOME PLATEAU DOME A, AY",,,,," -593","H,,S"
"AYM00089577","2020-03-15","-80.37","77.37","4084.0","DOME PLATEAU DOME A, AY",,,,," -598","H,,S"
"AYM00089577","2020-03-16","-80.37","77.37","4084.0","DOME PLATEAU DOME A, AY",,,,," -602","H,,S"
"AYM00089577","2020-03-17","-80.37","77.37","4084.0","DOME PLATEAU DOME A, AY",,,,," -599","H,,S"
"AYM00089577","2020-03-18","-80.37","77.37","4084.0","DOME PLATEAU DOME A, AY",,,,," -598","H,,S"
"AYM00089577","2020-03-19","-80.37","77.37","4084.0","DOME PLATEAU DOME A, AY",,,,," -608","H,,S"
"AYM00089577","2020-03-20","-80.37","77.37","4084.0","DOME PLATEAU DOME A, AY",,,,," -621","H,,S"
"AYM00089577","2020-03-21","-80.37","77.37","4084.0","DOME PLATEAU DOME A, AY",,,,," -618","H,,S"
"AYM00089577","2020-03-22","-80.37","77.37","4084.0","DOME PLATEAU DOME A, AY",,,,," -637","H,,S"
"AYM00089577","2020-03-23","-80.37","77.37","4084.0","DOME PLATEAU DOME A, AY",,,,," -646","H,,S"
"AYM00089577","2020-03-24","-80.37","77.37","4084.0","DOME PLATEAU DOME A, AY",,,,," -647","H,,S"
"AYM00089577","2020-03-25","-80.37","77.37","4084.0","DOME PLATEAU DOME A, AY",,,,," -647","H,,S"
"AYM00089577","2020-03-26","-80.37","77.37","4084.0","DOME PLATEAU DOME A, AY",,,,," -614","H,,S"
"AYM00089577","2020-03-27","-80.37","77.37","4084.0","DOME PLATEAU DOME A, AY",,,,," -602","H,,S"
"AYM00089577","2020-03-28","-80.37","77.37","4084.0","DOME PLATEAU DOME A, AY",,,,," -596","H,,S"
"AYM00089577","2020-03-29","-80.37","77.37","4084.0","DOME PLATEAU DOME A, AY",,,,," -589","H,,S"
"AYM00089577","2020-03-30","-80.37","77.37","4084.0","DOME PLATEAU DOME A, AY",,,,," -615","H,,S"
"AYM00089577","2020-03-31","-80.37","77.37","4084.0","DOME PLATEAU DOME A, AY",,,,," -589","H,,S"
"AYM00089577","2020-04-01","-80.37","77.37","4084.0","DOME PLATEAU DOME A, AY",,,,," -588","H,,S"
"AYM00089577","2020-04-02","-80.37","77.37","4084.0","DOME PLATEAU DOME A, AY",,,,," -605","H,,S"
"AYM00089577","2020-04-03","-80.37","77.37","4084.0","DOME PLATEAU DOME A, AY",,,,," -618","H,,S"
"AYM00089577","2020-04-04","-80.37","77.37","4084.0","DOME PLATEAU DOME A, AY",,,,," -611","H,,S"
"AYM00089577","2020-04-05","-80.37","77.37","4084.0","DOME PLATEAU DOME A, AY",,,,," -621","H,,S"
"AYM00089577","2020-04-06","-80.37","77.37","4084.0","DOME PLATEAU DOME A, AY",,,,," -613","H,,S"
"AYM00089577","2020-04-07","-80.37","77.37","4084.0","DOME PLATEAU DOME A, AY",,,,," -605","H,,S"
"AYM00089577","2020-04-08","-80.37","77.37","4084.0","DOME PLATEAU DOME A, AY",,,,," -633","H,,S"
"AYM00089577","2020-04-09","-80.37","77.37","4084.0","DOME PLATEAU DOME A, AY",,,,," -641","H,,S"
"AYM00089577","2020-04-10","-80.37","77.37","4084.0","DOME PLATEAU DOME A, AY",,,,," -633","H,,S"
"AYM00089577","2020-04-11","-80.37","77.37","4084.0","DOME PLATEAU DOME A, AY",,,,," -642","H,,S"
"AYM00089577","2020-04-12","-80.37","77.37","4084.0","DOME PLATEAU DOME A, AY",,,,," -653","H,,S"
"AYM00089577","2020-04-13","-80.37","77.37","4084.0","DOME PLATEAU DOME A, AY",,,,," -650","H,,S"
"AYM00089577","2020-04-14","-80.37","77.37","4084.0","DOME PLATEAU DOME A, AY",,,,," -654","H,,S"
"AYM00089577","2020-04-15","-80.37","77.37","4084.0","DOME PLATEAU DOME A, AY",,,,," -649","H,,S"
"AYM00089577","2020-04-16","-80.37","77.37","4084.0","DOME PLATEAU DOME A, AY",,,,," -632","H,,S"
"AYM00089577","2020-04-17","-80.37","77.37","4084.0","DOME PLATEAU DOME A, AY",,,,," -631","H,,S"
"AYM00089577","2020-04-18","-80.37","77.37","4084.0","DOME PLATEAU DOME A, AY",,,,," -624","H,,S"
"AYM00089577","2020-04-19","-80.37","77.37","4084.0","DOME PLATEAU DOME A, AY",,,,," -616","H,,S"
"AYM00089577","2020-04-20","-80.37","77.37","4084.0","DOME PLATEAU DOME A, AY",,,,," -620","H,,S"
"AYM00089577","2020-04-21","-80.37","77.37","4084.0","DOME PLATEAU DOME A, AY",,,,," -624","H,,S"
"AYM00089577","2020-04-22","-80.37","77.37","4084.0","DOME PLATEAU DOME A, AY",,,,," -608","H,,S"
"AYM00089577","2020-04-23","-80.37","77.37","4084.0","DOME PLATEAU DOME A, AY",,,,," -598","H,,S"
"AYM00089577","2020-04-24","-80.37","77.37","4084.0","DOME PLATEAU DOME A, AY",,,,," -611","H,,S"
"AYM00089577","2020-04-25","-80.37","77.37","4084.0","DOME PLATEAU DOME A, AY",,,,," -627","H,,S"
"AYM00089577","2020-04-26","-80.37","77.37","4084.0","DOME PLATEAU DOME A, AY",,,,," -616","H,,S"
"AYM00089577","2020-04-27","-80.37","77.37","4084.0","DOME PLATEAU DOME A, AY",,,,," -616","H,,S"
"AYM00089577","2020-04-28","-80.37","77.37","4084.0","DOME PLATEAU DOME A, AY",,,,," -616","H,,S"
"AYM00089577","2020-04-29","-80.37","77.37","4084.0","DOME PLATEAU DOME A, AY",,,,," -619","H,,S"
"AYM00089577","2020-04-30","-80.37","77.37","4084.0","DOME PLATEAU DOME A, AY",,,,," -603","H,,S"
"AYM00089577","2020-05-01","-80.37","77.37","4084.0","DOME PLATEAU DOME A, AY",,,,," -590","H,,S"
"AYM00089577","2020-05-02","-80.37","77.37","4084.0","DOME PLATEAU DOME A, AY",,,,," -601","H,,S"
"AYM00089577","2020-05-03","-80.37","77.37","4084.0","DOME PLATEAU DOME A, AY",,,,," -587","H,,S"
"AYM00089577","2020-05-04","-80.37","77.37","4084.0","DOME PLATEAU DOME A, AY",,,,," -597","H,,S"
"AYM00089577","2020-05-05","-80.37","77.37","4084.0","DOME PLATEAU DOME A, AY",,,,," -613","H,,S"
"AYM00089577","2020-05-06","-80.37","77.37","4084.0","DOME PLATEAU DOME A, AY",,,,," -632","H,,S"
"AYM00089577","2020-05-07","-80.37","77.37","4084.0","DOME PLATEAU DOME A, AY",,,,," -641","H,,S"
"AYM00089577","2020-05-08","-80.37","77.37","4084.0","DOME PLATEAU DOME A, AY",,,,," -645","H,,S"
"AYM00089577","2020-05-09","-80.37","77.37","4084.0","DOME PLATEAU DOME A, AY",,,,," -656","H,,S"
"AYM00089577","2020-05-10","-80.37","77.37","4084.0","DOME PLATEAU DOME A, AY",,,,," -667","H,,S"
"AYM00089577","2020-05-11","-80.37","77.37","4084.0","DOME PLATEAU DOME A, AY",,,,," -658","H,,S"
"AYM00089577","2020-05-12","-80.37","77.37","4084.0","DOME PLATEAU DOME A, AY",,,,," -638","H,,S"
"AYM00089577","2020-05-13","-80.37","77.37","4084.0","DOME PLATEAU DOME A, AY",,,,," -594","H,,S"
"AYM00089577","2020-05-14","-80.37","77.37","4084.0","DOME PLATEAU DOME A, AY",,,,," -600","H,,S"
"AYM00089577","2020-05-15","-80.37","77.37","4084.0","DOME PLATEAU DOME A, AY",,,,," -619","H,,S"
"AYM00089577","2020-05-16","-80.37","77.37","4084.0","DOME PLATEAU DOME A, AY",,,,," -642","H,,S"
"AYM00089577","2020-05-17","-80.37","77.37","4084.0","DOME PLATEAU DOME A, AY",,,,," -644","H,,S"
"AYM00089577","2020-05-18","-80.37","77.37","4084.0","DOME PLATEAU DOME A, AY",,,,," -642","H,,S"
"AYM00089577","2020-05-19","-80.37","77.37","4084.0","DOME PLATEAU DOME A, AY",,,,," -654","H,,S"
"AYM00089577","2020-05-20","-80.37","77.37","4084.0","DOME PLATEAU DOME A, AY",,,,," -665","H,,S"
"AYM00089577","2020-05-21","-80.37","77.37","4084.0","DOME PLATEAU DOME A, AY",,,,," -662","H,,S"
"AYM00089577","2020-05-22","-80.37","77.37","4084.0","DOME PLATEAU DOME A, AY",,,,," -621","H,,S"
"AYM00089577","2020-05-23","-80.37","77.37","4084.0","DOME PLATEAU DOME A, AY",,,,," -629","H,,S"
"AYM00089577","2020-05-24","-80.37","77.37","4084.0","DOME PLATEAU DOME A, AY",,,,," -623","H,,S"
"AYM00089577","2020-05-25","-80.37","77.37","4084.0","DOME PLATEAU DOME A, AY",,,,," -614","H,,S"
"AYM00089577","2020-05-26","-80.37","77.37","4084.0","DOME PLATEAU DOME A, AY",,,,," -628","H,,S"
"AYM00089577","2020-05-27","-80.37","77.37","4084.0","DOME PLATEAU DOME A, AY",,,,," -630","H,,S"
"AYM00089577","2020-05-28","-80.37","77.37","4084.0","DOME PLATEAU DOME A, AY",,,,," -632","H,,S"
"AYM00089577","2020-05-29","-80.37","77.37","4084.0","DOME PLATEAU DOME A, AY",,,,," -631","H,,S"
"AYM00089577","2020-05-30","-80.37","77.37","4084.0","DOME PLATEAU DOME A, AY",,,,," -626","H,,S"
"AYM00089577","2020-05-31","-80.37","77.37","4084.0","DOME PLATEAU DOME A, AY",,,,," -591","H,,S"
"AYM00089577","2020-06-01","-80.37","77.37","4084.0","DOME PLATEAU DOME A, AY",,,,," -586","H,,S"
"AYM00089577","2020-06-02","-80.37","77.37","4084.0","DOME PLATEAU DOME A, AY",,,,," -586","H,,S"
"AYM00089577","2020-06-03","-80.37","77.37","4084.0","DOME PLATEAU DOME A, AY",,,,," -618","H,,S"
"AYM00089577","2020-06-04","-80.37","77.37","4084.0","DOME PLATEAU DOME A, AY",,,,," -633","H,,S"
"AYM00089577","2020-06-05","-80.37","77.37","4084.0","DOME PLATEAU DOME A, AY",,,,," -656","H,,S"
"AYM00089577","2020-06-06","-80.37","77.37","4084.0","DOME PLATEAU DOME A, AY",,,,," -666","H,,S"
"AYM00089577","2020-06-07","-80.37","77.37","4084.0","DOME PLATEAU DOME A, AY",,,,," -661","H,,S"
"AYM00089577","2020-06-08","-80.37","77.37","4084.0","DOME PLATEAU DOME A, AY",,,,," -661","H,,S"
"AYM00089577","2020-06-09","-80.37","77.37","4084.0","DOME PLATEAU DOME A, AY",,,,," -682","H,,S"
"AYM00089577","2020-06-10","-80.37","77.37","4084.0","DOME PLATEAU DOME A, AY",,,,," -688","H,,S"
"AYM00089577","2020-06-11","-80.37","77.37","4084.0","DOME PLATEAU DOME A, AY",,,,," -692","H,,S"
"AYM00089577","2020-06-12","-80.37","77.37","4084.0","DOME PLATEAU DOME A, AY",,,,," -691","H,,S"
"AYM00089577","2020-06-13","-80.37","77.37","4084.0","DOME PLATEAU DOME A, AY",,,,," -679","H,,S"
"AYM00089577","2020-06-14","-80.37","77.37","4084.0","DOME PLATEAU DOME A, AY",,,,," -682","H,,S"
"AYM00089577","2020-06-15","-80.37","77.37","4084.0","DOME PLATEAU DOME A, AY",,,,," -674","H,,S"
"AYM00089577","2020-06-16","-80.37","77.37","4084.0","DOME PLATEAU DOME A, AY",,,,," -662","H,,S"
"AYM00089577","2020-06-17","-80.37","77.37","4084.0","DOME PLATEAU DOME A, AY",,,,," -668","H,,S"
"AYM00089577","2020-06-18","-80.37","77.37","4084.0","DOME PLATEAU DOME A, AY",,,,," -692","H,,S"
"AYM00089577","2020-06-19","-80.37","77.37","4084.0","DOME PLATEAU DOME A, AY",,,,," -693","H,,S"
"AYM00089577","2020-06-20","-80.37","77.37","4084.0","DOME PLATEAU DOME A, AY",,,,," -656","H,,S"
"AYM00089577","2020-06-21","-80.37","77.37","4084.0","DOME PLATEAU DOME A, AY",,,,," -644","H,,S"
"AYM00089577","2020-06-22","-80.37","77.37","4084.0","DOME PLATEAU DOME A, AY",,,,," -647","H,,S"
"AYM00089577","2020-06-23","-80.37","77.37","4084.0","DOME PLATEAU DOME A, AY",,,,," -659","H,,S"
"AYM00089577","2020-06-24","-80.37","77.37","4084.0","DOME PLATEAU DOME A, AY",,,,," -664","H,,S"
"AYM00089577","2020-06-25","-80.37","77.37","4084.0","DOME PLATEAU DOME A, AY",,,,," -634","H,,S"
"AYM00089577","2020-06-26","-80.37","77.37","4084.0","DOME PLATEAU DOME A, AY",,,,," -631","H,,S"
"AYM00089577","2020-06-27","-80.37","77.37","4084.0","DOME PLATEAU DOME A, AY",,,,," -631","H,,S"
"AYM00089577","2020-06-28","-80.37","77.37","4084.0","DOME PLATEAU DOME A, AY",,,,," -631","H,,S"
"AYM00089577","2020-06-29","-80.37","77.37","4084.0","DOME PLATEAU DOME A, AY",,,,," -634","H,,S"
"AYM00089577","2020-06-30","-80.37","77.37","4084.0","DOME PLATEAU DOME A, AY",,,,," -644","H,,S"
"AYM00089577","2020-07-01","-80.37","77.37","4084.0","DOME PLATEAU DOME A, AY",,,,," -642","H,,S"
"AYM00089577","2020-07-02","-80.37","77.37","4084.0","DOME PLATEAU DOME A, AY",,,,," -631","H,,S"
"AYM00089577","2020-07-03","-80.37","77.37","4084.0","DOME PLATEAU DOME A, AY",,,,," -626","H,,S"
"AYM00089577","2020-07-04","-80.37","77.37","4084.0","DOME PLATEAU DOME A, AY",,,,," -626","H,,S"
"AYM00089577","2020-07-05","-80.37","77.37","4084.0","DOME PLATEAU DOME A, AY",,,,," -618","H,,S"
"AYM00089577","2020-07-06","-80.37","77.37","4084.0","DOME PLATEAU DOME A, AY",,,,," -632","H,,S"
"AYM00089577","2020-07-07","-80.37","77.37","4084.0","DOME PLATEAU DOME A, AY",,,,," -637","H,,S"
"AYM00089577","2020-07-08","-80.37","77.37","4084.0","DOME PLATEAU DOME A, AY",,,,," -658","H,,S"
"AYM00089577","2020-07-09","-80.37","77.37","4084.0","DOME PLATEAU DOME A, AY",,,,," -680","H,,S"
"AYM00089577","2020-07-10","-80.37","77.37","4084.0","DOME PLATEAU DOME A, AY",,,,," -685","H,,S"
"AYM00089577","2020-07-11","-80.37","77.37","4084.0","DOME PLATEAU DOME A, AY",,,,," -655","H,,S"
"AYM00089577","2020-07-12","-80.37","77.37","4084.0","DOME PLATEAU DOME A, AY",,,,," -594","H,,S"
"AYM00089577","2020-07-13","-80.37","77.37","4084.0","DOME PLATEAU DOME A, AY",,,,," -591","H,,S"
"AYM00089577","2020-07-14","-80.37","77.37","4084.0","DOME PLATEAU DOME A, AY",,,,," -613","H,,S"
"AYM00089577","2020-07-15","-80.37","77.37","4084.0","DOME PLATEAU DOME A, AY",,,,," -615","H,,S"
"AYM00089577","2020-07-16","-80.37","77.37","4084.0","DOME PLATEAU DOME A, AY",,,,," -583","H,,S"
"AYM00089577","2020-07-17","-80.37","77.37","4084.0","DOME PLATEAU DOME A, AY",,,,," -560","H,,S"
"AYM00089577","2020-07-18","-80.37","77.37","4084.0","DOME PLATEAU DOME A, AY",,,,," -568","H,,S"
"AYM00089577","2020-07-19","-80.37","77.37","4084.0","DOME PLATEAU DOME A, AY",,,,," -588","H,,S"
"AYM00089577","2020-07-20","-80.37","77.37","4084.0","DOME PLATEAU DOME A, AY",,,,," -653","H,,S"
"AYM00089577","2020-07-21","-80.37","77.37","4084.0","DOME PLATEAU DOME A, AY",,,,," -681","H,,S"
"AYM00089577","2020-07-22","-80.37","77.37","4084.0","DOME PLATEAU DOME A, AY",,,,," -653","H,,S"
"AYM00089577","2020-07-23","-80.37","77.37","4084.0","DOME PLATEAU DOME A, AY",,,,," -651","H,,S"
"AYM00089577","2020-07-24","-80.37","77.37","4084.0","DOME PLATEAU DOME A, AY",,,,," -674","H,,S"
"AYM00089577","2020-07-25","-80.37","77.37","4084.0","DOME PLATEAU DOME A, AY",,,,," -684","H,,S"
"AYM00089577","2020-07-26","-80.37","77.37","4084.0","DOME PLATEAU DOME A, AY",,,,," -701","H,,S"
"AYM00089577","2020-07-27","-80.37","77.37","4084.0","DOME PLATEAU DOME A, AY",,,,," -718","H,,S"
"AYM00089577","2020-07-28","-80.37","77.37","4084.0","DOME PLATEAU DOME A, AY",,,,," -728","H,,S"
"AYM00089577","2020-07-29","-80.37","77.37","4084.0","DOME PLATEAU DOME A, AY",,,,," -719","H,,S"
"AYM00089577","2020-07-30","-80.37","77.37","4084.0","DOME PLATEAU DOME A, AY",,,,," -720","H,,S"
"AYM00089577","2020-07-31","-80.37","77.37","4084.0","DOME PLATEAU DOME A, AY",,,,," -740","H,,S"
"AYM00089577","2020-08-01","-80.37","77.37","4084.0","DOME PLATEAU DOME A, AY",,,,," -742","H,,S"
"AYM00089577","2020-08-02","-80.37","77.37","4084.0","DOME PLATEAU DOME A, AY",,,,," -686","H,,S"
"AYM00089577","2020-08-03","-80.37","77.37","4084.0","DOME PLATEAU DOME A, AY",,,,," -658","H,,S"
"AYM00089577","2020-08-04","-80.37","77.37","4084.0","DOME PLATEAU DOME A, AY",,,,," -683","H,,S"
"AYM00089577","2020-08-05","-80.37","77.37","4084.0","DOME PLATEAU DOME A, AY",,,,," -692","H,,S"
"AYM00089577","2020-08-06","-80.37","77.37","4084.0","DOME PLATEAU DOME A, AY",,,,," -686","H,,S"
"AYM00089577","2020-08-07","-80.37","77.37","4084.0","DOME PLATEAU DOME A, AY",,,,," -681","H,,S"
"AYM00089577","2020-08-08","-80.37","77.37","4084.0","DOME PLATEAU DOME A, AY",,,,," -692","H,,S"
"AYM00089577","2020-08-09","-80.37","77.37","4084.0","DOME PLATEAU DOME A, AY",,,,," -688","H,,S"
"AYM00089577","2020-08-10","-80.37","77.37","4084.0","DOME PLATEAU DOME A, AY",,,,," -690","H,,S"
"AYM00089577","2020-08-11","-80.37","77.37","4084.0","DOME PLATEAU DOME A, AY",,,,," -693","H,,S"
"AYM00089577","2020-08-12","-80.37","77.37","4084.0","DOME PLATEAU DOME A, AY",,,,," -713","H,,S"
"AYM00089577","2020-08-13","-80.37","77.37","4084.0","DOME PLATEAU DOME A, AY",,,,," -721","H,,S"
"AYM00089577","2020-08-14","-80.37","77.37","4084.0","DOME PLATEAU DOME A, AY",,,,," -711","H,,S"
"AYM00089577","2020-08-15","-80.37","77.37","4084.0","DOME PLATEAU DOME A, AY",,,,," -727","H,,S"
"AYM00089577","2020-08-16","-80.37","77.37","4084.0","DOME PLATEAU DOME A, AY",,,,," -717","H,,S"
"AYM00089577","2020-08-17","-80.37","77.37","4084.0","DOME PLATEAU DOME A, AY",,,,," -674","H,,S"
"AYM00089577","2020-08-18","-80.37","77.37","4084.0","DOME PLATEAU DOME A, AY",,,,," -619","H,,S"
"AYM00089577","2020-08-19","-80.37","77.37","4084.0","DOME PLATEAU DOME A, AY",,,,," -627","H,,S"
"AYM00089577","2020-08-20","-80.37","77.37","4084.0","DOME PLATEAU DOME A, AY",,,,," -690","H,,S"
"AYM00089577","2020-08-21","-80.37","77.37","4084.0","DOME PLATEAU DOME A, AY",,,,," -714","H,,S"
"AYM00089577","2020-08-22","-80.37","77.37","4084.0","DOME PLATEAU DOME A, AY",,,,," -702","H,,S"
"AYM00089577","2020-08-23","-80.37","77.37","4084.0","DOME PLATEAU DOME A, AY",,,,," -696","H,,S"
"AYM00089577","2020-08-24","-80.37","77.37","4084.0","DOME PLATEAU DOME A, AY",,,,," -679","H,,S"
"AYM00089577","2020-08-25","-80.37","77.37","4084.0","DOME PLATEAU DOME A, AY",,,,," -629","H,,S"
"AYM00089577","2020-08-26","-80.37","77.37","4084.0","DOME PLATEAU DOME A, AY",,,,," -622","H,,S"
"AYM00089577","2020-08-27","-80.37","77.37","4084.0","DOME PLATEAU DOME A, AY",,,,," -642","H,,S"
"AYM00089577","2020-08-28","-80.37","77.37","4084.0","DOME PLATEAU DOME A, AY",,,,," -646","H,,S"
"AYM00089577","2020-08-29","-80.37","77.37","4084.0","DOME PLATEAU DOME A, AY",,,,," -646","H,,S"
"AYM00089577","2020-08-30","-80.37","77.37","4084.0","DOME PLATEAU DOME A, AY",,,,," -636","H,,S"
"AYM00089577","2020-08-31","-80.37","77.37","4084.0","DOME PLATEAU DOME A, AY",,,,," -636","H,,S"
"AYM00089577","2020-09-01","-80.37","77.37","4084.0","DOME PLATEAU DOME A, AY",,,,," -629","H,,S"
"AYM00089577","2020-09-02","-80.37","77.37","4084.0","DOME PLATEAU DOME A, AY",,,,," -624","H,,S"
"AYM00089577","2020-09-03","-80.37","77.37","4084.0","DOME PLATEAU DOME A, AY",,,,," -606","H,,S"
"AYM00089577","2020-09-04","-80.37","77.37","4084.0","DOME PLATEAU DOME A, AY",,,,," -612","H,,S"
"AYM00089577","2020-09-05","-80.37","77.37","4084.0","DOME PLATEAU DOME A, AY",,,,," -623","H,,S"
"AYM00089577","2020-09-06","-80.37","77.37","4084.0","DOME PLATEAU DOME A, AY",,,,," -634","H,,S"
"AYM00089577","2020-09-07","-80.37","77.37","4084.0","DOME PLATEAU DOME A, AY",,,,," -643","H,,S"
"AYM00089577","2020-09-08","-80.37","77.37","4084.0","DOME PLATEAU DOME A, AY",,,,," -653","H,,S"
"AYM00089577","2020-09-09","-80.37","77.37","4084.0","DOME PLATEAU DOME A, AY",,,,," -648","H,,S"
"AYM00089577","2020-09-15","-80.37","77.37","4084.0","DOME PLATEAU DOME A, AY",,,,," -672","H,,S"
"AYM00089577","2020-09-16","-80.37","77.37","4084.0","DOME PLATEAU DOME A, AY",,,,," -679","H,,S"
"AYM00089577","2020-09-17","-80.37","77.37","4084.0","DOME PLATEAU DOME A, AY",,,,," -677","H,,S"
"AYM00089577","2020-09-18","-80.37","77.37","4084.0","DOME PLATEAU DOME A, AY",,,,," -668","H,,S"
"AYM00089577","2020-09-19","-80.37","77.37","4084.0","DOME PLATEAU DOME A, AY",,,,," -661","H,,S"
"AYM00089577","2020-09-20","-80.37","77.37","4084.0","DOME PLATEAU DOME A, AY",,,,," -657","H,,S"
"AYM00089577","2020-09-21","-80.37","77.37","4084.0","DOME PLATEAU DOME A, AY",,,,," -632","H,,S"
"AYM00089577","2020-09-22","-80.37","77.37","4084.0","DOME PLATEAU DOME A, AY",,,,," -611","H,,S"
"AYM00089577","2020-09-23","-80.37","77.37","4084.0","DOME PLATEAU DOME A, AY",,,,," -619","H,,S"
"AYM00089577","2020-09-24","-80.37","77.37","4084.0","DOME PLATEAU DOME A, AY",,,,," -616","H,,S"
"AYM00089577","2020-09-25","-80.37","77.37","4084.0","DOME PLATEAU DOME A, AY",,,,," -605","H,,S"
"AYM00089577","2020-09-26","-80.37","77.37","4084.0","DOME PLATEAU DOME A, AY",,,,," -611","H,,S"
"AYM00089577","2020-09-27","-80.37","77.37","4084.0","DOME PLATEAU DOME A, AY",,,,," -629","H,,S"
"AYM00089577","2020-09-28","-80.37","77.37","4084.0","DOME PLATEAU DOME A, AY",,,,," -622","H,,S"
"AYM00089577","2020-09-29","-80.37","77.37","4084.0","DOME PLATEAU DOME A, AY",,,,," -617","H,,S"
"AYM00089577","2020-09-30","-80.37","77.37","4084.0","DOME PLATEAU DOME A, AY",,,,," -626","H,,S"
"AYM00089577","2020-10-01","-80.37","77.37","4084.0","DOME PLATEAU DOME A, AY",,,,," -631","H,,S"
"AYM00089577","2020-10-02","-80.37","77.37","4084.0","DOME PLATEAU DOME A, AY",,,,," -625","H,,S"
"AYM00089577","2020-10-03","-80.37","77.37","4084.0","DOME PLATEAU DOME A, AY",,,,," -639","H,,S"
"AYM00089577","2020-10-04","-80.37","77.37","4084.0","DOME PLATEAU DOME A, AY",,,,," -637","H,,S"
"AYM00089577","2020-10-05","-80.37","77.37","4084.0","DOME PLATEAU DOME A, AY",,,,," -622","H,,S"
"AYM00089577","2020-10-06","-80.37","77.37","4084.0","DOME PLATEAU DOME A, AY",,,,," -633","H,,S"
"AYM00089577","2020-10-07","-80.37","77.37","4084.0","DOME PLATEAU DOME A, AY",,,,," -641","H,,S"
"AYM00089577","2020-10-08","-80.37","77.37","4084.0","DOME PLATEAU DOME A, AY",,,,," -635","H,,S"
"AYM00089577","2020-10-09","-80.37","77.37","4084.0","DOME PLATEAU DOME A, AY",,,,," -617","H,,S"
"AYM00089577","2020-10-10","-80.37","77.37","4084.0","DOME PLATEAU DOME A, AY",,,,," -614","H,,S"
"AYM00089577","2020-10-11","-80.37","77.37","4084.0","DOME PLATEAU DOME A, AY",,,,," -613","H,,S"
"AYM00089577","2020-10-12","-80.37","77.37","4084.0","DOME PLATEAU DOME A, AY",,,,," -612","H,,S"
"AYM00089577","2020-10-13","-80.37","77.37","4084.0","DOME PLATEAU DOME A, AY",,,,," -619","H,,S"
"AYM00089577","2020-10-14","-80.37","77.37","4084.0","DOME PLATEAU DOME A, AY",,,,," -627","H,,S"
"AYM00089577","2020-10-15","-80.37","77.37","4084.0","DOME PLATEAU DOME A, AY",,,,," -630","H,,S"
"AYM00089577","2020-10-16","-80.37","77.37","4084.0","DOME PLATEAU DOME A, AY",,,,," -618","H,,S"
"AYM00089577","2020-10-17","-80.37","77.37","4084.0","DOME PLATEAU DOME A, AY",,,,," -619","H,,S"
"AYM00089577","2020-10-18","-80.37","77.37","4084.0","DOME PLATEAU DOME A, AY",,,,," -615","H,,S"
"AYM00089577","2020-10-19","-80.37","77.37","4084.0","DOME PLATEAU DOME A, AY",,,,," -609","H,,S"
"AYM00089577","2020-10-20","-80.37","77.37","4084.0","DOME PLATEAU DOME A, AY",,,,," -603","H,,S"
"AYM00089577","2020-10-21","-80.37","77.37","4084.0","DOME PLATEAU DOME A, AY",,,,," -609","H,,S"
"AYM00089577","2020-10-22","-80.37","77.37","4084.0","DOME PLATEAU DOME A, AY",,,,," -604","H,,S"
"AYM00089577","2020-10-23","-80.37","77.37","4084.0","DOME PLATEAU DOME A, AY",,,,," -599","H,,S"
"AYM00089577","2020-10-24","-80.37","77.37","4084.0","DOME PLATEAU DOME A, AY",,,,," -596","H,,S"
"AYM00089577","2020-10-25","-80.37","77.37","4084.0","DOME PLATEAU DOME A, AY",,,,," -594","H,,S"
"AYM00089577","2020-10-26","-80.37","77.37","4084.0","DOME PLATEAU DOME A, AY",,,,," -592","H,,S"
"AYM00089577","2020-10-27","-80.37","77.37","4084.0","DOME PLATEAU DOME A, AY",,,,," -587","H,,S"
"AYM00089577","2020-10-28","-80.37","77.37","4084.0","DOME PLATEAU DOME A, AY",,,,," -586","H,,S"
"AYM00089577","2020-10-29","-80.37","77.37","4084.0","DOME PLATEAU DOME A, AY",,,,," -585","H,,S"
"AYM00089577","2020-10-30","-80.37","77.37","4084.0","DOME PLATEAU DOME A, AY",,,,," -576","H,,S"
"AYM00089577","2020-10-31","-80.37","77.37","4084.0","DOME PLATEAU DOME A, AY",,,,," -571","H,,S"
"AYM00089577","2020-11-01","-80.37","77.37","4084.0","DOME PLATEAU DOME A, AY",,,,," -571","H,,S"
"AYM00089577","2020-11-02","-80.37","77.37","4084.0","DOME PLATEAU DOME A, AY",,,,," -572","H,,S"
"AYM00089577","2020-11-03","-80.37","77.37","4084.0","DOME PLATEAU DOME A, AY",,,,," -568","H,,S"
"AYM00089577","2020-11-04","-80.37","77.37","4084.0","DOME PLATEAU DOME A, AY",,,,," -567","H,,S"
"AYM00089577","2020-11-05","-80.37","77.37","4084.0","DOME PLATEAU DOME A, AY",,,,," -567","H,,S"
"AYM00089577","2020-11-06","-80.37","77.37","4084.0","DOME PLATEAU DOME A, AY",,,,," -562","H,,S"
"AYM00089577","2020-11-07","-80.37","77.37","4084.0","DOME PLATEAU DOME A, AY",,,,," -549","H,,S"
"AYM00089577","2020-11-08","-80.37","77.37","4084.0","DOME PLATEAU DOME A, AY",,,,," -542","H,,S"
"AYM00089577","2020-11-09","-80.37","77.37","4084.0","DOME PLATEAU DOME A, AY",,,,," -533","H,,S"
"AYM00089577","2020-11-10","-80.37","77.37","4084.0","DOME PLATEAU DOME A, AY",,,,," -523","H,,S"
"AYM00089577","2020-11-11","-80.37","77.37","4084.0","DOME PLATEAU DOME A, AY",,,,," -521","H,,S"
"AYM00089577","2020-11-12","-80.37","77.37","4084.0","DOME PLATEAU DOME A, AY",,,,," -518","H,,S"
"AYM00089577","2020-11-13","-80.37","77.37","4084.0","DOME PLATEAU DOME A, AY",,,,," -512","H,,S"
"AYM00089577","2020-11-14","-80.37","77.37","4084.0","DOME PLATEAU DOME A, AY",,,,," -503","H,,S"
"AYM00089577","2020-11-15","-80.37","77.37","4084.0","DOME PLATEAU DOME A, AY",,,,," -491","H,,S"
"AYM00089577","2020-11-16","-80.37","77.37","4084.0","DOME PLATEAU DOME A, AY",,,,," -477","H,,S"
"AYM00089577","2020-11-17","-80.37","77.37","4084.0","DOME PLATEAU DOME A, AY",,,,," -455","H,,S"
"AYM00089577","2020-11-18","-80.37","77.37","4084.0","DOME PLATEAU DOME A, AY",,,,," -450","H,,S"
"AYM00089577","2020-11-19","-80.37","77.37","4084.0","DOME PLATEAU DOME A, AY",,,,," -458","H,,S"
"AYM00089577","2020-11-20","-80.37","77.37","4084.0","DOME PLATEAU DOME A, AY",,,,," -461","H,,S"
"AYM00089577","2020-11-21","-80.37","77.37","4084.0","DOME PLATEAU DOME A, AY",,,,," -460","H,,S"
"AYM00089577","2020-11-22","-80.37","77.37","4084.0","DOME PLATEAU DOME A, AY",,,,," -461","H,,S"
"AYM00089577","2020-11-23","-80.37","77.37","4084.0","DOME PLATEAU DOME A, AY",,,,," -456","H,,S"
"AYM00089577","2020-11-24","-80.37","77.37","4084.0","DOME PLATEAU DOME A, AY",,,,," -458","H,,S"
"AYM00089577","2020-11-25","-80.37","77.37","4084.0","DOME PLATEAU DOME A, AY",,,,," -454","H,,S"
"AYM00089577","2020-11-26","-80.37","77.37","4084.0","DOME PLATEAU DOME A, AY",,,,," -444","H,,S"
"AYM00089577","2020-11-27","-80.37","77.37","4084.0","DOME PLATEAU DOME A, AY",,,,," -443","H,,S"
"AYM00089577","2020-11-28","-80.37","77.37","4084.0","DOME PLATEAU DOME A, AY",,,,," -441","H,,S"
"AYM00089577","2020-11-29","-80.37","77.37","4084.0","DOME PLATEAU DOME A, AY",,,,," -441","H,,S"
"AYM00089577","2020-11-30","-80.37","77.37","4084.0","DOME PLATEAU DOME A, AY",,,,," -438","H,,S"
"AYM00089577","2020-12-01","-80.37","77.37","4084.0","DOME PLATEAU DOME A, AY",,,,," -435","H,,S"
"AYM00089577","2020-12-02","-80.37","77.37","4084.0","DOME PLATEAU DOME A, AY",,,,," -444","H,,S"
"AYM00089577","2020-12-03","-80.37","77.37","4084.0","DOME PLATEAU DOME A, AY",,,,," -447","H,,S"
"AYM00089577","2020-12-04","-80.37","77.37","4084.0","DOME PLATEAU DOME A, AY",,,,," -445","H,,S"
"AYM00089577","2020-12-05","-80.37","77.37","4084.0","DOME PLATEAU DOME A, AY",,,,," -440","H,,S"
"AYM00089577","2020-12-06","-80.37","77.37","4084.0","DOME PLATEAU DOME A, AY",,,,," -437","H,,S"
"AYM00089577","2020-12-07","-80.37","77.37","4084.0","DOME PLATEAU DOME A, AY",,,,," -433","H,,S"
"AYM00089577","2020-12-08","-80.37","77.37","4084.0","DOME PLATEAU DOME A, AY",,,,," -429","H,,S"
"AYM00089577","2020-12-09","-80.37","77.37","4084.0","DOME PLATEAU DOME A, AY",,,,," -425","H,,S"
"AYM00089577","2020-12-10","-80.37","77.37","4084.0","DOME PLATEAU DOME A, AY",,,,," -422","H,,S"
"AYM00089577","2020-12-11","-80.37","77.37","4084.0","DOME PLATEAU DOME A, AY",,,,," -422","H,,S"
"AYM00089577","2020-12-12","-80.37","77.37","4084.0","DOME PLATEAU DOME A, AY",,,,," -419","H,,S"
"AYM00089577","2020-12-13","-80.37","77.37","4084.0","DOME PLATEAU DOME A, AY",,,,," -416","H,,S"
"AYM00089577","2020-12-14","-80.37","77.37","4084.0","DOME PLATEAU DOME A, AY",,,,," -413","H,,S"
"AYM00089577","2020-12-15","-80.37","77.37","4084.0","DOME PLATEAU DOME A, AY",,,,," -414","H,,S"
"AYM00089577","2020-12-16","-80.37","77.37","4084.0","DOME PLATEAU DOME A, AY",,,,," -413","H,,S"
"AYM00089577","2020-12-17","-80.37","77.37","4084.0","DOME PLATEAU DOME A, AY",,,,," -408","H,,S"
"AYM00089577","2020-12-18","-80.37","77.37","4084.0","DOME PLATEAU DOME A, AY",,,,," -393","H,,S"
"AYM00089577","2020-12-19","-80.37","77.37","4084.0","DOME PLATEAU DOME A, AY",,,,," -394","H,,S"
"AYM00089577","2020-12-20","-80.37","77.37","4084.0","DOME PLATEAU DOME A, AY",,,,," -393","H,,S"
"AYM00089577","2020-12-21","-80.37","77.37","4084.0","DOME PLATEAU DOME A, AY",,,,," -393","H,,S"
"AYM00089577","2020-12-22","-80.37","77.37","4084.0","DOME PLATEAU DOME A, AY",,,,," -394","H,,S"
"AYM00089577","2020-12-23","-80.37","77.37","4084.0","DOME PLATEAU DOME A, AY",,,,," -394","H,,S"
"AYM00089577","2020-12-24","-80.37","77.37","4084.0","DOME PLATEAU DOME A, AY",,,,," -394","H,,S"
"AYM00089577","2020-12-25","-80.37","77.37","4084.0","DOME PLATEAU DOME A, AY",,,,," -393","H,,S"
"AYM00089577","2020-12-26","-80.37","77.37","4084.0","DOME PLATEAU DOME A, AY",,,,," -392","H,,S"
"AYM00089577","2020-12-27","-80.37","77.37","4084.0","DOME PLATEAU DOME A, AY",,,,," -385","H,,S"
"AYM00089577","2020-12-28","-80.37","77.37","4084.0","DOME PLATEAU DOME A, AY",,,,," -388","H,,S"
"AYM00089577","2020-12-29","-80.37","77.37","4084.0","DOME PLATEAU DOME A, AY",,,,," -388","H,,S"
"AYM00089577","2020-12-30","-80.37","77.37","4084.0","DOME PLATEAU DOME A, AY",,,,," -387","H,,S"
"AYM00089577","2020-12-31","-80.37","77.37","4084.0","DOME PLATEAU DOME A, AY",,,,," -387","H,,S"
"AYM00089577","2021-01-01","-80.37","77.37","4084.0","DOME PLATEAU DOME A, AY",,,,," -387","H,,S"
"AYM00089577","2021-01-02","-80.37","77.37","4084.0","DOME PLATEAU DOME A, AY",,,,," -386","H,,S"
"AYM00089577","2021-01-03","-80.37","77.37","4084.0","DOME PLATEAU DOME A, AY",,,,," -383","H,,S"
"AYM00089577","2021-01-04","-80.37","77.37","4084.0","DOME PLATEAU DOME A, AY",,,,," -383","H,,S"
"AYM00089577","2021-01-05","-80.37","77.37","4084.0","DOME PLATEAU DOME A, AY",,,,," -383","H,,S"
"AYM00089577","2021-01-06","-80.37","77.37","4084.0","DOME PLATEAU DOME A, AY",,,,," -386","H,,S"
"AYM00089577","2021-01-07","-80.37","77.37","4084.0","DOME PLATEAU DOME A, AY",,,,," -385","H,,S"
"AYM00089577","2021-01-08","-80.37","77.37","4084.0","DOME PLATEAU DOME A, AY",,,,," -387","H,,S"
"AYM00089577","2021-01-09","-80.37","77.37","4084.0","DOME PLATEAU DOME A, AY",,,,," -386","H,,S"
"AYM00089577","2021-01-10","-80.37","77.37","4084.0","DOME PLATEAU DOME A, AY",,,,," -385","H,,S"
"AYM00089577","2021-01-11","-80.37","77.37","4084.0","DOME PLATEAU DOME A, AY",,,,," -383","H,,S"
"AYM00089577","2021-01-12","-80.37","77.37","4084.0","DOME PLATEAU DOME A, AY",,,,," -383","H,,S"
"AYM00089577","2021-01-13","-80.37","77.37","4084.0","DOME PLATEAU DOME A, AY",,,,," -381","H,,S"
"AYM00089577","2021-01-14","-80.37","77.37","4084.0","DOME PLATEAU DOME A, AY",,,,," -384","H,,S"
"AYM00089577","2021-01-15","-80.37","77.37","4084.0","DOME PLATEAU DOME A, AY",,,,," -382","H,,S"
"AYM00089577","2021-01-16","-80.37","77.37","4084.0","DOME PLATEAU DOME A, AY",,,,," -388","H,,S"
"AYM00089577","2021-01-17","-80.37","77.37","4084.0","DOME PLATEAU DOME A, AY",,,,," -392","H,,S"
"AYM00089577","2021-01-18","-80.37","77.37","4084.0","DOME PLATEAU DOME A, AY",,,,," -394","H,,S"
"AYM00089577","2021-01-19","-80.37","77.37","4084.0","DOME PLATEAU DOME A, AY",,,,," -394","H,,S"
"AYM00089577","2021-01-20","-80.37","77.37","4084.0","DOME PLATEAU DOME A, AY",,,,," -391","H,,S"
"AYM00089577","2021-01-21","-80.37","77.37","4084.0","DOME PLATEAU DOME A, AY",,,,," -393","H,,S"
"AYM00089577","2021-01-22","-80.37","77.37","4084.0","DOME PLATEAU DOME A, AY",,,,," -399","H,,S"
"AYM00089577","2021-01-23","-80.37","77.37","4084.0","DOME PLATEAU DOME A, AY",,,,," -399","H,,S"
"AYM00089577","2021-01-24","-80.37","77.37","4084.0","DOME PLATEAU DOME A, AY",,,,," -399","H,,S"
"AYM00089577","2021-01-25","-80.37","77.37","4084.0","DOME PLATEAU DOME A, AY",,,,," -400","H,,S"
"AYM00089577","2021-01-26","-80.37","77.37","4084.0","DOME PLATEAU DOME A, AY",,,,," -399","H,,S"
"AYM00089577","2021-01-27","-80.37","77.37","4084.0","DOME PLATEAU DOME A, AY",,,,," -394","H,,S"
"AYM00089577","2021-01-28","-80.37","77.37","4084.0","DOME PLATEAU DOME A, AY",,,,," -393","H,,S"
"AYM00089577","2021-01-29","-80.37","77.37","4084.0","DOME PLATEAU DOME A, AY",,,,," -391","H,,S"
"AYM00089577","2021-01-30","-80.37","77.37","4084.0","DOME PLATEAU DOME A, AY",,,,," -385","H,,S"
"AYM00089577","2021-01-31","-80.37","77.37","4084.0","DOME PLATEAU DOME A, AY",,,,," -377","H,,S"
"AYM00089577","2021-02-01","-80.37","77.37","4084.0","DOME PLATEAU DOME A, AY",,,,," -385","H,,S"
"AYM00089577","2021-02-02","-80.37","77.37","4084.0","DOME PLATEAU DOME A, AY",,,,," -392","H,,S"
"AYM00089577","2021-02-03","-80.37","77.37","4084.0","DOME PLATEAU DOME A, AY",,,,," -401","H,,S"
"AYM00089577","2021-02-04","-80.37","77.37","4084.0","DOME PLATEAU DOME A, AY",,,,," -408","H,,S"
"AYM00089577","2021-02-05","-80.37","77.37","4084.0","DOME PLATEAU DOME A, AY",,,,," -415","H,,S"
"AYM00089577","2021-02-06","-80.37","77.37","4084.0","DOME PLATEAU DOME A, AY",,,,," -420","H,,S"
"AYM00089577","2021-02-07","-80.37","77.37","4084.0","DOME PLATEAU DOME A, AY",,,,," -426","H,,S"
"AYM00089577","2021-02-08","-80.37","77.37","4084.0","DOME PLATEAU DOME A, AY",,,,," -433","H,,S"
"AYM00089577","2021-02-09","-80.37","77.37","4084.0","DOME PLATEAU DOME A, AY",,,,," -439","H,,S"
"AYM00089577","2021-02-10","-80.37","77.37","4084.0","DOME PLATEAU DOME A, AY",,,,," -446","H,,S"
"AYM00089577","2021-02-13","-80.37","77.37","4084.0","DOME PLATEAU DOME A, AY",,,,," -461","H,,S"
"AYM00089577","2021-02-14","-80.37","77.37","4084.0","DOME PLATEAU DOME A, AY",,,,," -468","H,,S"
"AYM00089577","2021-02-15","-80.37","77.37","4084.0","DOME PLATEAU DOME A, AY",,,,," -464","H,,S"
"AYM00089577","2021-02-16","-80.37","77.37","4084.0","DOME PLATEAU DOME A, AY",,,,," -460","H,,S"
"AYM00089577","2021-02-17","-80.37","77.37","4084.0","DOME PLATEAU DOME A, AY",,,,," -474","H,,S"
"AYM00089577","2021-02-18","-80.37","77.37","4084.0","DOME PLATEAU DOME A, AY",,,,," -483","H,,S"
"AYM00089577","2021-02-19","-80.37","77.37","4084.0","DOME PLATEAU DOME A, AY",,,,," -493","H,,S"
"AYM00089577","2021-02-20","-80.37","77.37","4084.0","DOME PLATEAU DOME A, AY",,,,," -493","H,,S"
"AYM00089577","2021-02-21","-80.37","77.37","4084.0","DOME PLATEAU DOME A, AY",,,,," -496","H,,S"
"AYM00089577","2021-02-22","-80.37","77.37","4084.0","DOME PLATEAU DOME A, AY",,,,," -502","H,,S"
"AYM00089577","2021-02-23","-80.37","77.37","4084.0","DOME PLATEAU DOME A, AY",,,,," -503","H,,S"
"AYM00089577","2021-02-24","-80.37","77.37","4084.0","DOME PLATEAU DOME A, AY",,,,," -506","H,,S"
"AYM00089577","2021-02-25","-80.37","77.37","4084.0","DOME PLATEAU DOME A, AY",,,,," -507","H,,S"
"AYM00089577","2021-02-26","-80.37","77.37","4084.0","DOME PLATEAU DOME A, AY",,,,," -508","H,,S"
"AYM00089577","2021-02-27","-80.37","77.37","4084.0","DOME PLATEAU DOME A, AY",,,,," -508","H,,S"
"AYM00089577","2021-02-28","-80.37","77.37","4084.0","DOME PLATEAU DOME A, AY",,,,," -512","H,,S"
"AYM00089577","2021-03-01","-80.37","77.37","4084.0","DOME PLATEAU DOME A, AY",,,,," -522","H,,S"
"AYM00089577","2021-03-02","-80.37","77.37","4084.0","DOME PLATEAU DOME A, AY",,,,," -528","H,,S"
"AYM00089577","2021-03-03","-80.37","77.37","4084.0","DOME PLATEAU DOME A, AY",,,,," -533","H,,S"
"AYM00089577","2021-03-04","-80.37","77.37","4084.0","DOME PLATEAU DOME A, AY",,,,," -539","H,,S"
"AYM00089577","2021-03-05","-80.37","77.37","4084.0","DOME PLATEAU DOME A, AY",,,,," -538","H,,S"
"AYM00089577","2021-03-06","-80.37","77.37","4084.0","DOME PLATEAU DOME A, AY",,,,," -540","H,,S"
"AYM00089577","2021-03-07","-80.37","77.37","4084.0","DOME PLATEAU DOME A, AY",,,,," -522","H,,S"
"AYM00089577","2021-03-08","-80.37","77.37","4084.0","DOME PLATEAU DOME A, AY",,,,," -519","H,,S"
"AYM00089577","2021-03-09","-80.37","77.37","4084.0","DOME PLATEAU DOME A, AY",,,,," -526","H,,S"
"AYM00089577","2021-03-17","-80.37","77.37","4084.0","DOME PLATEAU DOME A, AY",,,,," -578","H,,S"
"AYM00089577","2021-03-18","-80.37","77.37","4084.0","DOME PLATEAU DOME A, AY",,,,," -583","H,,S"
"AYM00089577","2021-03-19","-80.37","77.37","4084.0","DOME PLATEAU DOME A, AY",,,,," -592","H,,S"
"AYM00089577","2021-03-20","-80.37","77.37","4084.0","DOME PLATEAU DOME A, AY",,,,," -604","H,,S"
"AYM00089577","2021-03-21","-80.37","77.37","4084.0","DOME PLATEAU DOME A, AY",,,,," -594","H,,S"
"AYM00089577","2021-03-22","-80.37","77.37","4084.0","DOME PLATEAU DOME A, AY",,,,," -568","H,,S"
"AYM00089577","2021-03-23","-80.37","77.37","4084.0","DOME PLATEAU DOME A, AY",,,,," -570","H,,S"
"AYM00089577","2021-03-24","-80.37","77.37","4084.0","DOME PLATEAU DOME A, AY",,,,," -581","H,,S"
"AYM00089577","2021-03-25","-80.37","77.37","4084.0","DOME PLATEAU DOME A, AY",,,,," -581","H,,S"
"AYM00089577","2021-03-26","-80.37","77.37","4084.0","DOME PLATEAU DOME A, AY",,,,," -556","H,,S"
"AYM00089577","2021-03-27","-80.37","77.37","4084.0","DOME PLATEAU DOME A, AY",,,,," -530","H,,S"
"AYM00089577","2021-03-28","-80.37","77.37","4084.0","DOME PLATEAU DOME A, AY",,,,," -533","H,,S"
"AYM00089577","2021-03-29","-80.37","77.37","4084.0","DOME PLATEAU DOME A, AY",,,,," -553","H,,S"
"AYM00089577","2021-03-30","-80.37","77.37","4084.0","DOME PLATEAU DOME A, AY",,,,," -567","H,,S"
"AYM00089577","2021-03-31","-80.37","77.37","4084.0","DOME PLATEAU DOME A, AY",,,,," -578","H,,S"
"AYM00089577","2021-04-01","-80.37","77.37","4084.0","DOME PLATEAU DOME A, AY",,,,," -588","H,,S"
"AYM00089577","2021-04-02","-80.37","77.37","4084.0","DOME PLATEAU DOME A, AY",,,,," -593","H,,S"
"AYM00089577","2021-04-03","-80.37","77.37","4084.0","DOME PLATEAU DOME A, AY",,,,," -583","H,,S"
"AYM00089577","2021-04-04","-80.37","77.37","4084.0","DOME PLATEAU DOME A, AY",,,,," -589","H,,S"
"AYM00089577","2021-04-05","-80.37","77.37","4084.0","DOME PLATEAU DOME A, AY",,,,," -580","H,,S"
"AYM00089577","2021-04-06","-80.37","77.37","4084.0","DOME PLATEAU DOME A, AY",,,,," -579","H,,S"
"AYM00089577","2021-04-07","-80.37","77.37","4084.0","DOME PLATEAU DOME A, AY",,,,," -587","H,,S"
"AYM00089577","2021-04-08","-80.37","77.37","4084.0","DOME PLATEAU DOME A, AY",,,,," -604","H,,S"
"AYM00089577","2021-04-09","-80.37","77.37","4084.0","DOME PLATEAU DOME A, AY",,,,," -612","H,,S"
"AYM00089577","2021-04-10","-80.37","77.37","4084.0","DOME PLATEAU DOME A, AY",,,,," -615","H,,S"
"AYM00089577","2021-04-11","-80.37","77.37","4084.0","DOME PLATEAU DOME A, AY",,,,," -622","H,,S"
"AYM00089577","2021-04-12","-80.37","77.37","4084.0","DOME PLATEAU DOME A, AY",,,,," -628","H,,S"
"AYM00089577","2021-04-13","-80.37","77.37","4084.0","DOME PLATEAU DOME A, AY",,,,," -639","H,,S"
"AYM00089577","2021-04-14","-80.37","77.37","4084.0","DOME PLATEAU DOME A, AY",,,,," -651","H,,S"
"AYM00089577","2021-04-15","-80.37","77.37","4084.0","DOME PLATEAU DOME A, AY",,,,," -653","H,,S"
"AYM00089577","2021-04-16","-80.37","77.37","4084.0","DOME PLATEAU DOME A, AY",,,,," -653","H,,S"
"AYM00089577","2021-04-17","-80.37","77.37","4084.0","DOME PLATEAU DOME A, AY",,,,," -638","H,,S"
"AYM00089577","2021-04-18","-80.37","77.37","4084.0","DOME PLATEAU DOME A, AY",,,,," -614","H,,S"
"AYM00089577","2021-04-19","-80.37","77.37","4084.0","DOME PLATEAU DOME A, AY",,,,," -621","H,,S"
"AYM00089577","2021-04-20","-80.37","77.37","4084.0","DOME PLATEAU DOME A, AY",,,,," -622","H,,S"
"AYM00089577","2021-04-21","-80.37","77.37","4084.0","DOME PLATEAU DOME A, AY",,,,," -607","H,,S"
"AYM00089577","2021-04-22","-80.37","77.37","4084.0","DOME PLATEAU DOME A, AY",,,,," -609","H,,S"
"AYM00089577","2021-04-23","-80.37","77.37","4084.0","DOME PLATEAU DOME A, AY",,,,," -606","H,,S"
"AYM00089577","2021-04-24","-80.37","77.37","4084.0","DOME PLATEAU DOME A, AY",,,,," -611","H,,S"
"AYM00089577","2021-04-25","-80.37","77.37","4084.0","DOME PLATEAU DOME A, AY",,,,," -616","H,,S"
"AYM00089577","2021-04-26","-80.37","77.37","4084.0","DOME PLATEAU DOME A, AY",,,,," -610","H,,S"
"AYM00089577","2021-04-27","-80.37","77.37","4084.0","DOME PLATEAU DOME A, AY",,,,," -612","H,,S"
"AYM00089577","2021-04-28","-80.37","77.37","4084.0","DOME PLATEAU DOME A, AY",,,,," -622","H,,S"
"AYM00089577","2021-04-29","-80.37","77.37","4084.0","DOME PLATEAU DOME A, AY",,,,," -636","H,,S"
"AYM00089577","2021-04-30","-80.37","77.37","4084.0","DOME PLATEAU DOME A, AY",,,,," -642","H,,S"
"AYM00089577","2021-05-01","-80.37","77.37","4084.0","DOME PLATEAU DOME A, AY",,,,," -650","H,,S"
"AYM00089577","2021-05-02","-80.37","77.37","4084.0","DOME PLATEAU DOME A, AY",,,,," -660","H,,S"
"AYM00089577","2021-05-03","-80.37","77.37","4084.0","DOME PLATEAU DOME A, AY",,,,," -670","H,,S"
"AYM00089577","2021-05-04","-80.37","77.37","4084.0","DOME PLATEAU DOME A, AY",,,,," -667","H,,S"
"AYM00089577","2021-05-05","-80.37","77.37","4084.0","DOME PLATEAU DOME A, AY",,,,," -672","H,,S"
"AYM00089577","2021-05-06","-80.37","77.37","4084.0","DOME PLATEAU DOME A, AY",,,,," -677","H,,S"
"AYM00089577","2021-05-07","-80.37","77.37","4084.0","DOME PLATEAU DOME A, AY",,,,," -683","H,,S"
"AYM00089577","2021-05-08","-80.37","77.37","4084.0","DOME PLATEAU DOME A, AY",,,,," -692","H,,S"
"AYM00089577","2021-05-09","-80.37","77.37","4084.0","DOME PLATEAU DOME A, AY",,,,," -697","H,,S"
"AYM00089577","2021-05-10","-80.37","77.37","4084.0","DOME PLATEAU DOME A, AY",,,,," -687","H,,S"
"AYM00089577","2021-05-11","-80.37","77.37","4084.0","DOME PLATEAU DOME A, AY",,,,," -677","H,,S"
"AYM00089577","2021-05-12","-80.37","77.37","4084.0","DOME PLATEAU DOME A, AY",,,,," -673","H,,S"
"AYM00089577","2021-05-13","-80.37","77.37","4084.0","DOME PLATEAU DOME A, AY",,,,," -664","H,,S"
"AYM00089577","2021-05-14","-80.37","77.37","4084.0","DOME PLATEAU DOME A, AY",,,,," -672","H,,S"
"AYM00089577","2021-05-15","-80.37","77.37","4084.0","DOME PLATEAU DOME A, AY",,,,," -687","H,,S"
"AYM00089577","2021-05-16","-80.37","77.37","4084.0","DOME PLATEAU DOME A, AY",,,,," -691","H,,S"
"AYM00089577","2021-05-17","-80.37","77.37","4084.0","DOME PLATEAU DOME A, AY",,,,," -670","H,,S"
"AYM00089577","2021-05-18","-80.37","77.37","4084.0","DOME PLATEAU DOME A, AY",,,,," -647","H,,S"
"AYM00089577","2021-05-19","-80.37","77.37","4084.0","DOME PLATEAU DOME A, AY",,,,," -637","H,,S"
"AYM00089577","2021-05-20","-80.37","77.37","4084.0","DOME PLATEAU DOME A, AY",,,,," -616","H,,S"
"AYM00089577","2021-05-21","-80.37","77.37","4084.0","DOME PLATEAU DOME A, AY",,,,," -612","H,,S"
"AYM00089577","2021-05-22","-80.37","77.37","4084.0","DOME PLATEAU DOME A, AY",,,,," -618","H,,S"
"AYM00089577","2021-05-23","-80.37","77.37","4084.0","DOME PLATEAU DOME A, AY",,,,," -617","H,,S"
"AYM00089577","2021-05-24","-80.37","77.37","4084.0","DOME PLATEAU DOME A, AY",,,,," -626","H,,S"
"AYM00089577","2021-05-25","-80.37","77.37","4084.0","DOME PLATEAU DOME A, AY",,,,," -631","H,,S"
"AYM00089577","2021-05-26","-80.37","77.37","4084.0","DOME PLATEAU DOME A, AY",,,,," -636","H,,S"
"AYM00089577","2021-05-27","-80.37","77.37","4084.0","DOME PLATEAU DOME A, AY",,,,," -644","H,,S"
"AYM00089577","2021-05-28","-80.37","77.37","4084.0","DOME PLATEAU DOME A, AY",,,,," -653","H,,S"
"AYM00089577","2021-05-29","-80.37","77.37","4084.0","DOME PLATEAU DOME A, AY",,,,," -653","H,,S"
"AYM00089577","2021-05-30","-80.37","77.37","4084.0","DOME PLATEAU DOME A, AY",,,,," -656","H,,S"
"AYM00089577","2021-05-31","-80.37","77.37","4084.0","DOME PLATEAU DOME A, AY",,,,," -662","H,,S"
"AYM00089577","2021-06-01","-80.37","77.37","4084.0","DOME PLATEAU DOME A, AY",,,,," -677","H,,S"
"AYM00089577","2021-06-02","-80.37","77.37","4084.0","DOME PLATEAU DOME A, AY",,,,," -681","H,,S"
"AYM00089577","2021-06-03","-80.37","77.37","4084.0","DOME PLATEAU DOME A, AY",,,,," -664","H,,S"
"AYM00089577","2021-06-04","-80.37","77.37","4084.0","DOME PLATEAU DOME A, AY",,,,," -665","H,,S"
"AYM00089577","2021-06-05","-80.37","77.37","4084.0","DOME PLATEAU DOME A, AY",,,,," -678","H,,S"
"AYM00089577","2021-06-06","-80.37","77.37","4084.0","DOME PLATEAU DOME A, AY",,,,," -691","H,,S"
"AYM00089577","2021-06-07","-80.37","77.37","4084.0","DOME PLATEAU DOME A, AY",,,,," -703","H,,S"
"AYM00089577","2021-06-08","-80.37","77.37","4084.0","DOME PLATEAU DOME A, AY",,,,," -683","H,,S"
"AYM00089577","2021-06-09","-80.37","77.37","4084.0","DOME PLATEAU DOME A, AY",,,,," -664","H,,S"
"AYM00089577","2021-06-10","-80.37","77.37","4084.0","DOME PLATEAU DOME A, AY",,,,," -669","H,,S"
"AYM00089577","2021-06-11","-80.37","77.37","4084.0","DOME PLATEAU DOME A, AY",,,,," -678","H,,S"
"AYM00089577","2021-06-12","-80.37","77.37","4084.0","DOME PLATEAU DOME A, AY",,,,," -686","H,,S"
"AYM00089577","2021-06-13","-80.37","77.37","4084.0","DOME PLATEAU DOME A, AY",,,,," -689","H,,S"
"AYM00089577","2021-06-14","-80.37","77.37","4084.0","DOME PLATEAU DOME A, AY",,,,," -681","H,,S"
"AYM00089577","2021-06-15","-80.37","77.37","4084.0","DOME PLATEAU DOME A, AY",,,,," -677","H,,S"
"AYM00089577","2021-06-16","-80.37","77.37","4084.0","DOME PLATEAU DOME A, AY",,,,," -679","H,,S"
"AYM00089577","2021-06-17","-80.37","77.37","4084.0","DOME PLATEAU DOME A, AY",,,,," -687","H,,S"
"AYM00089577","2021-06-18","-80.37","77.37","4084.0","DOME PLATEAU DOME A, AY",,,,," -687","H,,S"
"AYM00089577","2021-06-19","-80.37","77.37","4084.0","DOME PLATEAU DOME A, AY",,,,," -679","H,,S"
"AYM00089577","2021-06-20","-80.37","77.37","4084.0","DOME PLATEAU DOME A, AY",,,,," -681","H,,S"
"AYM00089577","2021-06-21","-80.37","77.37","4084.0","DOME PLATEAU DOME A, AY",,,,," -678","H,,S"
"AYM00089577","2021-06-22","-80.37","77.37","4084.0","DOME PLATEAU DOME A, AY",,,,," -677","H,,S"
"AYM00089577","2021-06-23","-80.37","77.37","4084.0","DOME PLATEAU DOME A, AY",,,,," -684","H,,S"
"AYM00089577","2021-06-24","-80.37","77.37","4084.0","DOME PLATEAU DOME A, AY",,,,," -693","H,,S"
"AYM00089577","2021-06-25","-80.37","77.37","4084.0","DOME PLATEAU DOME A, AY",,,,," -676","H,,S"
"AYM00089577","2021-06-26","-80.37","77.37","4084.0","DOME PLATEAU DOME A, AY",,,,," -659","H,,S"
"AYM00089577","2021-06-27","-80.37","77.37","4084.0","DOME PLATEAU DOME A, AY",,,,," -659","H,,S"
"AYM00089577","2021-06-28","-80.37","77.37","4084.0","DOME PLATEAU DOME A, AY",,,,," -666","H,,S"
"AYM00089577","2021-06-29","-80.37","77.37","4084.0","DOME PLATEAU DOME A, AY",,,,," -678","H,,S"
"AYM00089577","2021-06-30","-80.37","77.37","4084.0","DOME PLATEAU DOME A, AY",,,,," -686","H,,S"
"AYM00089577","2021-07-01","-80.37","77.37","4084.0","DOME PLATEAU DOME A, AY",,,,," -694","H,,S"
"AYM00089577","2021-07-02","-80.37","77.37","4084.0","DOME PLATEAU DOME A, AY",,,,," -703","H,,S"
"AYM00089577","2021-07-03","-80.37","77.37","4084.0","DOME PLATEAU DOME A, AY",,,,," -707","H,,S"
"AYM00089577","2021-07-04","-80.37","77.37","4084.0","DOME PLATEAU DOME A, AY",,,,," -685","H,,S"
"AYM00089577","2021-07-05","-80.37","77.37","4084.0","DOME PLATEAU DOME A, AY",,,,," -647","H,,S"
"AYM00089577","2021-07-06","-80.37","77.37","4084.0","DOME PLATEAU DOME A, AY",,,,," -645","H,,S"
"AYM00089577","2021-07-07","-80.37","77.37","4084.0","DOME PLATEAU DOME A, AY",,,,," -655","H,,S"
"AYM00089577","2021-07-08","-80.37","77.37","4084.0","DOME PLATEAU DOME A, AY",,,,," -649","H,,S"
"AYM00089577","2021-07-09","-80.37","77.37","4084.0","DOME PLATEAU DOME A, AY",,,,," -634","H,,S"
"AYM00089577","2021-07-10","-80.37","77.37","4084.0","DOME PLATEAU DOME A, AY",,,,," -647","H,,S"
"AYM00089577","2021-07-11","-80.37","77.37","4084.0","DOME PLATEAU DOME A, AY",,,,," -643","H,,S"
"AYM00089577","2021-07-12","-80.37","77.37","4084.0","DOME PLATEAU DOME A, AY",,,,," -655","H,,S"
"AYM00089577","2021-07-13","-80.37","77.37","4084.0","DOME PLATEAU DOME A, AY",,,,," -657","H,,S"
"AYM00089577","2021-07-14","-80.37","77.37","4084.0","DOME PLATEAU DOME A, AY",,,,," -652","H,,S"
"AYM00089577","2021-07-15","-80.37","77.37","4084.0","DOME PLATEAU DOME A, AY",,,,," -650","H,,S"
"AYM00089577","2021-07-16","-80.37","77.37","4084.0","DOME PLATEAU DOME A, AY",,,,," -648","H,,S"
"AYM00089577","2021-07-17","-80.37","77.37","4084.0","DOME PLATEAU DOME A, AY",,,,," -628","H,,S"
"AYM00089577","2021-07-18","-80.37","77.37","4084.0","DOME PLATEAU DOME A, AY",,,,," -622","H,,S"
"AYM00089577","2021-07-19","-80.37","77.37","4084.0","DOME PLATEAU DOME A, AY",,,,," -631","H,,S"
"AYM00089577","2021-07-20","-80.37","77.37","4084.0","DOME PLATEAU DOME A, AY",,,,," -643","H,,S"
"AYM00089577","2021-07-21","-80.37","77.37","4084.0","DOME PLATEAU DOME A, AY",,,,," -646","H,,S"
"AYM00089577","2021-07-22","-80.37","77.37","4084.0","DOME PLATEAU DOME A, AY",,,,," -658","H,,S"
"AYM00089577","2021-07-23","-80.37","77.37","4084.0","DOME PLATEAU DOME A, AY",,,,," -670","H,,S"
"AYM00089577","2021-07-24","-80.37","77.37","4084.0","DOME PLATEAU DOME A, AY",,,,," -669","H,,S"
"AYM00089577","2021-07-25","-80.37","77.37","4084.0","DOME PLATEAU DOME A, AY",,,,," -673","H,,S"
"AYM00089577","2021-07-26","-80.37","77.37","4084.0","DOME PLATEAU DOME A, AY",,,,," -681","H,,S"
"AYM00089577","2021-07-27","-80.37","77.37","4084.0","DOME PLATEAU DOME A, AY",,,,," -690","H,,S"
"AYM00089577","2021-07-28","-80.37","77.37","4084.0","DOME PLATEAU DOME A, AY",,,,," -688","H,,S"
"AYM00089577","2021-07-29","-80.37","77.37","4084.0","DOME PLATEAU DOME A, AY",,,,," -687","H,,S"
"AYM00089577","2021-07-30","-80.37","77.37","4084.0","DOME PLATEAU DOME A, AY",,,,," -694","H,,S"
"AYM00089577","2021-07-31","-80.37","77.37","4084.0","DOME PLATEAU DOME A, AY",,,,," -696","H,,S"
"AYM00089577","2021-08-01","-80.37","77.37","4084.0","DOME PLATEAU DOME A, AY",,,,," -691","H,,S"
"AYM00089577","2021-08-02","-80.37","77.37","4084.0","DOME PLATEAU DOME A, AY",,,,," -687","H,,S"
"AYM00089577","2021-08-03","-80.37","77.37","4084.0","DOME PLATEAU DOME A, AY",,,,," -679","H,,S"
"AYM00089577","2021-08-04","-80.37","77.37","4084.0","DOME PLATEAU DOME A, AY",,,,," -658","H,,S"
"AYM00089577","2021-08-05","-80.37","77.37","4084.0","DOME PLATEAU DOME A, AY",,,,," -647","H,,S"
"AYM00089577","2021-08-06","-80.37","77.37","4084.0","DOME PLATEAU DOME A, AY",,,,," -651","H,,S"
"AYM00089577","2021-08-07","-80.37","77.37","4084.0","DOME PLATEAU DOME A, AY",,,,," -646","H,,S"
"AYM00089577","2021-08-08","-80.37","77.37","4084.0","DOME PLATEAU DOME A, AY",,,,," -636","H,,S"
"AYM00089577","2021-08-09","-80.37","77.37","4084.0","DOME PLATEAU DOME A, AY",,,,," -647","H,,S"
"AYM00089577","2021-08-10","-80.37","77.37","4084.0","DOME PLATEAU DOME A, AY",,,,," -668","H,,S"
"AYM00089577","2021-08-11","-80.37","77.37","4084.0","DOME PLATEAU DOME A, AY",,,,," -681","H,,S"
"AYM00089577","2021-08-12","-80.37","77.37","4084.0","DOME PLATEAU DOME A, AY",,,,," -691","H,,S"
"AYM00089577","2021-08-13","-80.37","77.37","4084.0","DOME PLATEAU DOME A, AY",,,,," -694","H,,S"
"AYM00089577","2021-08-14","-80.37","77.37","4084.0","DOME PLATEAU DOME A, AY",,,,," -686","H,,S"
"AYM00089577","2021-08-15","-80.37","77.37","4084.0","DOME PLATEAU DOME A, AY",,,,," -674","H,,S"
"AYM00089577","2021-08-16","-80.37","77.37","4084.0","DOME PLATEAU DOME A, AY",,,,," -676","H,,S"
"AYM00089577","2021-08-17","-80.37","77.37","4084.0","DOME PLATEAU DOME A, AY",,,,," -660","H,,S"
"AYM00089577","2021-08-18","-80.37","77.37","4084.0","DOME PLATEAU DOME A, AY",,,,," -651","H,,S"
"AYM00089577","2021-08-19","-80.37","77.37","4084.0","DOME PLATEAU DOME A, AY",,,,," -657","H,,S"
"AYM00089577","2021-08-20","-80.37","77.37","4084.0","DOME PLATEAU DOME A, AY",,,,," -644","H,,S"
"AYM00089577","2021-08-21","-80.37","77.37","4084.0","DOME PLATEAU DOME A, AY",,,,," -633","H,,S"
"AYM00089577","2021-08-22","-80.37","77.37","4084.0","DOME PLATEAU DOME A, AY",,,,," -641","H,,S"
"AYM00089577","2021-08-23","-80.37","77.37","4084.0","DOME PLATEAU DOME A, AY",,,,," -661","H,,S"
"AYM00089577","2021-08-24","-80.37","77.37","4084.0","DOME PLATEAU DOME A, AY",,,,," -650","H,,S"
"AYM00089577","2021-08-25","-80.37","77.37","4084.0","DOME PLATEAU DOME A, AY",,,,," -647","H,,S"
"AYM00089577","2021-08-26","-80.37","77.37","4084.0","DOME PLATEAU DOME A, AY",,,,," -649","H,,S"
"AYM00089577","2021-08-27","-80.37","77.37","4084.0","DOME PLATEAU DOME A, AY",,,,," -621","H,,S"
"AYM00089577","2021-08-28","-80.37","77.37","4084.0","DOME PLATEAU DOME A, AY",,,,," -602","H,,S"
"AYM00089577","2021-08-29","-80.37","77.37","4084.0","DOME PLATEAU DOME A, AY",,,,," -609","H,,S"
"AYM00089577","2021-08-30","-80.37","77.37","4084.0","DOME PLATEAU DOME A, AY",,,,," -608","H,,S"
"AYM00089577","2021-08-31","-80.37","77.37","4084.0","DOME PLATEAU DOME A, AY",,,,," -616","H,,S"
"AYM00089577","2021-09-01","-80.37","77.37","4084.0","DOME PLATEAU DOME A, AY",,,,," -624","H,,S"
"AYM00089577","2021-09-02","-80.37","77.37","4084.0","DOME PLATEAU DOME A, AY",,,,," -632","H,,S"
"AYM00089577","2021-09-03","-80.37","77.37","4084.0","DOME PLATEAU DOME A, AY",,,,," -638","H,,S"
"AYM00089577","2021-09-04","-80.37","77.37","4084.0","DOME PLATEAU DOME A, AY",,,,," -642","H,,S"
"AYM00089577","2021-09-05","-80.37","77.37","4084.0","DOME PLATEAU DOME A, AY",,,,," -652","H,,S"
"AYM00089577","2021-09-06","-80.37","77.37","4084.0","DOME PLATEAU DOME A, AY",,,,," -658","H,,S"
"AYM00089577","2021-09-07","-80.37","77.37","4084.0","DOME PLATEAU DOME A, AY",,,,," -644","H,,S"
"AYM00089577","2021-09-08","-80.37","77.37","4084.0","DOME PLATEAU DOME A, AY",,,,," -641","H,,S"
"AYM00089577","2021-09-09","-80.37","77.37","4084.0","DOME PLATEAU DOME A, AY",,,,," -641","H,,S"
"AYM00089577","2021-09-10","-80.37","77.37","4084.0","DOME PLATEAU DOME A, AY",,,,," -649","H,,S"
"AYM00089577","2021-09-11","-80.37","77.37","4084.0","DOME PLATEAU DOME A, AY",,,,," -651","H,,S"
"AYM00089577","2021-09-12","-80.37","77.37","4084.0","DOME PLATEAU DOME A, AY",,,,," -639","H,,S"
"AYM00089577","2021-09-13","-80.37","77.37","4084.0","DOME PLATEAU DOME A, AY",,,,," -639","H,,S"
"AYM00089577","2021-09-14","-80.37","77.37","4084.0","DOME PLATEAU DOME A, AY",,,,," -646","H,,S"
"AYM00089577","2021-09-15","-80.37","77.37","4084.0","DOME PLATEAU DOME A, AY",,,,," -621","H,,S"
"AYM00089577","2021-09-16","-80.37","77.37","4084.0","DOME PLATEAU DOME A, AY",,,,," -605","H,,S"
"AYM00089577","2021-09-17","-80.37","77.37","4084.0","DOME PLATEAU DOME A, AY",,,,," -609","H,,S"
"AYM00089577","2021-09-18","-80.37","77.37","4084.0","DOME PLATEAU DOME A, AY",,,,," -637","H,,S"
"AYM00089577","2021-09-19","-80.37","77.37","4084.0","DOME PLATEAU DOME A, AY",,,,," -634","H,,S"
"AYM00089577","2021-09-20","-80.37","77.37","4084.0","DOME PLATEAU DOME A, AY",,,,," -629","H,,S"
"AYM00089577","2021-09-21","-80.37","77.37","4084.0","DOME PLATEAU DOME A, AY",,,,," -628","H,,S"
"AYM00089577","2021-09-22","-80.37","77.37","4084.0","DOME PLATEAU DOME A, AY",,,,," -628","H,,S"
"AYM00089577","2021-09-23","-80.37","77.37","4084.0","DOME PLATEAU DOME A, AY",,,,," -624","H,,S"
"AYM00089577","2021-09-24","-80.37","77.37","4084.0","DOME PLATEAU DOME A, AY",,,,," -639","H,,S"
"AYM00089577","2021-09-25","-80.37","77.37","4084.0","DOME PLATEAU DOME A, AY",,,,," -643","H,,S"
"AYM00089577","2021-09-26","-80.37","77.37","4084.0","DOME PLATEAU DOME A, AY",,,,," -636","H,,S"
"AYM00089577","2021-09-27","-80.37","77.37","4084.0","DOME PLATEAU DOME A, AY",,,,," -630","H,,S"
"AYM00089577","2021-09-28","-80.37","77.37","4084.0","DOME PLATEAU DOME A, AY",,,,," -636","H,,S"
"AYM00089577","2021-09-29","-80.37","77.37","4084.0","DOME PLATEAU DOME A, AY",,,,," -647","H,,S"
"AYM00089577","2021-09-30","-80.37","77.37","4084.0","DOME PLATEAU DOME A, AY",,,,," -642","H,,S"
"AYM00089577","2021-10-01","-80.37","77.37","4084.0","DOME PLATEAU DOME A, AY",,,,," -628","H,,S"
"AYM00089577","2021-10-02","-80.37","77.37","4084.0","DOME PLATEAU DOME A, AY",,,,," -631","H,,S"
"AYM00089577","2021-10-03","-80.37","77.37","4084.0","DOME PLATEAU DOME A, AY",,,,," -607","H,,S"
"AYM00089577","2021-10-04","-80.37","77.37","4084.0","DOME PLATEAU DOME A, AY",,,,," -613","H,,S"
"AYM00089577","2021-10-05","-80.37","77.37","4084.0","DOME PLATEAU DOME A, AY",,,,," -608","H,,S"
"AYM00089577","2021-10-06","-80.37","77.37","4084.0","DOME PLATEAU DOME A, AY",,,,," -599","H,,S"
"AYM00089577","2021-10-07","-80.37","77.37","4084.0","DOME PLATEAU DOME A, AY",,,,," -588","H,,S"
"AYM00089577","2021-10-08","-80.37","77.37","4084.0","DOME PLATEAU DOME A, AY",,,,," -564","H,,S"
"AYM00089577","2021-10-09","-80.37","77.37","4084.0","DOME PLATEAU DOME A, AY",,,,," -563","H,,S"
"AYM00089577","2021-10-10","-80.37","77.37","4084.0","DOME PLATEAU DOME A, AY",,,,," -577","H,,S"
"AYM00089577","2021-10-11","-80.37","77.37","4084.0","DOME PLATEAU DOME A, AY",,,,," -594","H,,S"
"AYM00089577","2021-10-12","-80.37","77.37","4084.0","DOME PLATEAU DOME A, AY",,,,," -603","H,,S"
"AYM00089577","2021-10-13","-80.37","77.37","4084.0","DOME PLATEAU DOME A, AY",,,,," -602","H,,S"
"AYM00089577","2021-10-14","-80.37","77.37","4084.0","DOME PLATEAU DOME A, AY",,,,," -583","H,,S"
"AYM00089577","2021-10-15","-80.37","77.37","4084.0","DOME PLATEAU DOME A, AY",,,,," -578","H,,S"
"AYM00089577","2021-10-16","-80.37","77.37","4084.0","DOME PLATEAU DOME A, AY",,,,," -584","H,,S"
"AYM00089577","2021-10-17","-80.37","77.37","4084.0","DOME PLATEAU DOME A, AY",,,,," -595","H,,S"
"AYM00089577","2021-10-18","-80.37","77.37","4084.0","DOME PLATEAU DOME A, AY",,,,," -598","H,,S"
"AYM00089577","2021-10-19","-80.37","77.37","4084.0","DOME PLATEAU DOME A, AY",,,,," -588","H,,S"
"AYM00089577","2021-10-20","-80.37","77.37","4084.0","DOME PLATEAU DOME A, AY",,,,," -584","H,,S"
"AYM00089577","2021-10-21","-80.37","77.37","4084.0","DOME PLATEAU DOME A, AY",,,,," -591","H,,S"
"AYM00089577","2021-10-22","-80.37","77.37","4084.0","DOME PLATEAU DOME A, AY",,,,," -587","H,,S"
"AYM00089577","2021-10-23","-80.37","77.37","4084.0","DOME PLATEAU DOME A, AY",,,,," -569","H,,S"
"AYM00089577","2021-10-24","-80.37","77.37","4084.0","DOME PLATEAU DOME A, AY",,,,," -559","H,,S"
"AYM00089577","2021-10-25","-80.37","77.37","4084.0","DOME PLATEAU DOME A, AY",,,,," -569","H,,S"
"AYM00089577","2021-10-26","-80.37","77.37","4084.0","DOME PLATEAU DOME A, AY",,,,," -557","H,,S"
"AYM00089577","2021-10-27","-80.37","77.37","4084.0","DOME PLATEAU DOME A, AY",,,,," -541","H,,S"
"AYM00089577","2021-10-28","-80.37","77.37","4084.0","DOME PLATEAU DOME A, AY",,,,," -542","H,,S"
"AYM00089577","2021-10-29","-80.37","77.37","4084.0","DOME PLATEAU DOME A, AY",,,,," -545","H,,S"
"AYM00089577","2021-10-30","-80.37","77.37","4084.0","DOME PLATEAU DOME A, AY",,,,," -547","H,,S"
"AYM00089577","2021-10-31","-80.37","77.37","4084.0","DOME PLATEAU DOME A, AY",,,,," -545","H,,S"
"AYM00089577","2021-11-01","-80.37","77.37","4084.0","DOME PLATEAU DOME A, AY",,,,," -543","H,,S"
"AYM00089577","2021-11-02","-80.37","77.37","4084.0","DOME PLATEAU DOME A, AY",,,,," -537","H,,S"
"AYM00089577","2021-11-03","-80.37","77.37","4084.0","DOME PLATEAU DOME A, AY",,,,," -533","H,,S"
"AYM00089577","2021-11-04","-80.37","77.37","4084.0","DOME PLATEAU DOME A, AY",,,,," -531","H,,S"
"AYM00089577","2021-11-05","-80.37","77.37","4084.0","DOME PLATEAU DOME A, AY",,,,," -532","H,,S"
"AYM00089577","2021-11-06","-80.37","77.37","4084.0","DOME PLATEAU DOME A, AY",,,,," -528","H,,S"
"AYM00089577","2021-11-07","-80.37","77.37","4084.0","DOME PLATEAU DOME A, AY",,,,," -528","H,,S"
"AYM00089577","2021-11-08","-80.37","77.37","4084.0","DOME PLATEAU DOME A, AY",,,,," -527","H,,S"
"AYM00089577","2021-11-09","-80.37","77.37","4084.0","DOME PLATEAU DOME A, AY",,,,," -529","H,,S"
"AYM00089577","2021-11-10","-80.37","77.37","4084.0","DOME PLATEAU DOME A, AY",,,,," -533","H,,S"
"AYM00089577","2021-11-11","-80.37","77.37","4084.0","DOME PLATEAU DOME A, AY",,,,," -533","H,,S"
"AYM00089577","2021-11-12","-80.37","77.37","4084.0","DOME PLATEAU DOME A, AY",,,,," -531","H,,S"
"AYM00089577","2021-11-13","-80.37","77.37","4084.0","DOME PLATEAU DOME A, AY",,,,," -529","H,,S"
"AYM00089577","2021-11-14","-80.37","77.37","4084.0","DOME PLATEAU DOME A, AY",,,,," -523","H,,S"
"AYM00089577","2021-11-15","-80.37","77.37","4084.0","DOME PLATEAU DOME A, AY",,,,," -514","H,,S"
"AYM00089577","2021-11-16","-80.37","77.37","4084.0","DOME PLATEAU DOME A, AY",,,,," -509","H,,S"
"AYM00089577","2021-11-17","-80.37","77.37","4084.0","DOME PLATEAU DOME A, AY",,,,," -508","H,,S"
"AYM00089577","2021-11-18","-80.37","77.37","4084.0","DOME PLATEAU DOME A, AY",,,,," -505","H,,S"
"AYM00089577","2021-11-19","-80.37","77.37","4084.0","DOME PLATEAU DOME A, AY",,,,," -494","H,,S"
"AYM00089577","2021-11-20","-80.37","77.37","4084.0","DOME PLATEAU DOME A, AY",,,,," -477","H,,S"
"AYM00089577","2021-11-21","-80.37","77.37","4084.0","DOME PLATEAU DOME A, AY",,,,," -467","H,,S"
"AYM00089577","2021-11-22","-80.37","77.37","4084.0","DOME PLATEAU DOME A, AY",,,,," -452","H,,S"
"AYM00089577","2021-11-23","-80.37","77.37","4084.0","DOME PLATEAU DOME A, AY",,,,," -432","H,,S"
"AYM00089577","2021-11-24","-80.37","77.37","4084.0","DOME PLATEAU DOME A, AY",,,,," -423","H,,S"
"AYM00089577","2021-11-25","-80.37","77.37","4084.0","DOME PLATEAU DOME A, AY",,,,," -434","H,,S"
"AYM00089577","2021-11-26","-80.37","77.37","4084.0","DOME PLATEAU DOME A, AY",,,,," -431","H,,S"
"AYM00089577","2021-11-27","-80.37","77.37","4084.0","DOME PLATEAU DOME A, AY",,,,," -423","H,,S"
"AYM00089577","2021-11-28","-80.37","77.37","4084.0","DOME PLATEAU DOME A, AY",,,,," -424","H,,S"
"AYM00089577","2021-11-29","-80.37","77.37","4084.0","DOME PLATEAU DOME A, AY",,,,," -428","H,,S"
"AYM00089577","2021-11-30","-80.37","77.37","4084.0","DOME PLATEAU DOME A, AY",,,,," -427","H,,S"
"AYM00089577","2021-12-01","-80.37","77.37","4084.0","DOME PLATEAU DOME A, AY",,,,," -428","H,,S"
"AYM00089577","2021-12-02","-80.37","77.37","4084.0","DOME PLATEAU DOME A, AY",,,,," -425","H,,S"
"AYM00089577","2021-12-03","-80.37","77.37","4084.0","DOME PLATEAU DOME A, AY",,,,," -426","H,,S"
"AYM00089577","2021-12-04","-80.37","77.37","4084.0","DOME PLATEAU DOME A, AY",,,,," -426","H,,S"
"AYM00089577","2021-12-05","-80.37","77.37","4084.0","DOME PLATEAU DOME A, AY",,,,," -424","H,,S"
"AYM00089577","2021-12-06","-80.37","77.37","4084.0","DOME PLATEAU DOME A, AY",,,,," -416","H,,S"
"AYM00089577","2021-12-07","-80.37","77.37","4084.0","DOME PLATEAU DOME A, AY",,,,," -404","H,,S"
"AYM00089577","2021-12-08","-80.37","77.37","4084.0","DOME PLATEAU DOME A, AY",,,,," -402","H,,S"
"AYM00089577","2021-12-09","-80.37","77.37","4084.0","DOME PLATEAU DOME A, AY",,,,," -404","H,,S"
"AYM00089577","2021-12-10","-80.37","77.37","4084.0","DOME PLATEAU DOME A, AY",,,,," -406","H,,S"
"AYM00089577","2021-12-11","-80.37","77.37","4084.0","DOME PLATEAU DOME A, AY",,,,," -402","H,,S"
"AYM00089577","2021-12-12","-80.37","77.37","4084.0","DOME PLATEAU DOME A, AY",,,,," -404","H,,S"
"AYM00089577","2021-12-13","-80.37","77.37","4084.0","DOME PLATEAU DOME A, AY",,,,," -400","H,,S"
"AYM00089577","2021-12-14","-80.37","77.37","4084.0","DOME PLATEAU DOME A, AY",,,,," -401","H,,S"
"AYM00089577","2021-12-15","-80.37","77.37","4084.0","DOME PLATEAU DOME A, AY",,,,," -399","H,,S"
"AYM00089577","2021-12-16","-80.37","77.37","4084.0","DOME PLATEAU DOME A, AY",,,,," -378","H,,S"
"AYM00089577","2021-12-17","-80.37","77.37","4084.0","DOME PLATEAU DOME A, AY",,,,," -373","H,,S"
"AYM00089577","2021-12-18","-80.37","77.37","4084.0","DOME PLATEAU DOME A, AY",,,,," -377","H,,S"
"AYM00089577","2021-12-19","-80.37","77.37","4084.0","DOME PLATEAU DOME A, AY",,,,," -372","H,,S"
"AYM00089577","2021-12-20","-80.37","77.37","4084.0","DOME PLATEAU DOME A, AY",,,,," -361","H,,S"
"AYM00089577","2021-12-21","-80.37","77.37","4084.0","DOME PLATEAU DOME A, AY",,,,," -356","H,,S"
"AYM00089577","2021-12-22","-80.37","77.37","4084.0","DOME PLATEAU DOME A, AY",,,,," -353","H,,S"
"AYM00089577","2021-12-23","-80.37","77.37","4084.0","DOME PLATEAU DOME A, AY",,,,," -354","H,,S"
"AYM00089577","2021-12-24","-80.37","77.37","4084.0","DOME PLATEAU DOME A, AY",,,,," -356","H,,S"
"AYM00089577","2021-12-25","-80.37","77.37","4084.0","DOME PLATEAU DOME A, AY",,,,," -354","H,,S"
"AYM00089577","2021-12-26","-80.37","77.37","4084.0","DOME PLATEAU DOME A, AY",,,,," -349","H,,S"
"AYM00089577","2021-12-27","-80.37","77.37","4084.0","DOME PLATEAU DOME A, AY",,,,," -350","H,,S"
"AYM00089577","2021-12-28","-80.37","77.37","4084.0","DOME PLATEAU DOME A, AY",,,,," -355","H,,S"
"AYM00089577","2021-12-29","-80.37","77.37","4084.0","DOME PLATEAU DOME A, AY",,,,," -352","H,,S"
"AYM00089577","2021-12-30","-80.37","77.37","4084.0","DOME PLATEAU DOME A, AY",,,,," -356","H,,S"
"AYM00089577","2021-12-31","-80.37","77.37","4084.0","DOME PLATEAU DOME A, AY",,,,," -361","H,,S"
"AYM00089577","2022-01-01","-80.37","77.37","4084.0","DOME PLATEAU DOME A, AY",,,,," -364","H,,S"
"AYM00089577","2022-01-02","-80.37","77.37","4084.0","DOME PLATEAU DOME A, AY",,,,," -365","H,,S"
"AYM00089577","2022-01-03","-80.37","77.37","4084.0","DOME PLATEAU DOME A, AY",,,,," -364","H,,S"
"AYM00089577","2022-01-04","-80.37","77.37","4084.0","DOME PLATEAU DOME A, AY",,,,," -362","H,,S"
"AYM00089577","2022-01-05","-80.37","77.37","4084.0","DOME PLATEAU DOME A, AY",,,,," -363","H,,S"
"AYM00089577","2022-01-06","-80.37","77.37","4084.0","DOME PLATEAU DOME A, AY",,,,," -367","H,,S"
"AYM00089577","2022-01-07","-80.37","77.37","4084.0","DOME PLATEAU DOME A, AY",,,,," -367","H,,S"
"AYM00089577","2022-01-08","-80.37","77.37","4084.0","DOME PLATEAU DOME A, AY",,,,," -369","H,,S"
"AYM00089577","2022-01-09","-80.37","77.37","4084.0","DOME PLATEAU DOME A, AY",,,,," -368","H,,S"
"AYM00089577","2022-01-10","-80.37","77.37","4084.0","DOME PLATEAU DOME A, AY",,,,," -352","H,,S"
"AYM00089577","2022-01-11","-80.37","77.37","4084.0","DOME PLATEAU DOME A, AY",,,,," -357","H,,S"
"AYM00089577","2022-01-12","-80.37","77.37","4084.0","DOME PLATEAU DOME A, AY",,,,," -364","H,,S"
"AYM00089577","2022-01-13","-80.37","77.37","4084.0","DOME PLATEAU DOME A, AY",,,,," -364","H,,S"
"AYM00089577","2022-01-14","-80.37","77.37","4084.0","DOME PLATEAU DOME A, AY",,,,," -364","H,,S"
"AYM00089577","2022-01-15","-80.37","77.37","4084.0","DOME PLATEAU DOME A, AY",,,,," -363","H,,S"
"AYM00089577","2022-01-16","-80.37","77.37","4084.0","DOME PLATEAU DOME A, AY",,,,," -363","H,,S"
"AYM00089577","2022-01-17","-80.37","77.37","4084.0","DOME PLATEAU DOME A, AY",,,,," -363","H,,S"
"AYM00089577","2022-01-18","-80.37","77.37","4084.0","DOME PLATEAU DOME A, AY",,,,," -368","H,,S"
"AYM00089577","2022-01-19","-80.37","77.37","4084.0","DOME PLATEAU DOME A, AY",,,,," -365","H,,S"
"AYM00089577","2022-01-20","-80.37","77.37","4084.0","DOME PLATEAU DOME A, AY",,,,," -363","H,,S"
"AYM00089577","2022-01-21","-80.37","77.37","4084.0","DOME PLATEAU DOME A, AY",,,,," -357","H,,S"
"AYM00089577","2022-01-22","-80.37","77.37","4084.0","DOME PLATEAU DOME A, AY",,,,," -346","H,,S"
"AYM00089577","2022-01-23","-80.37","77.37","4084.0","DOME PLATEAU DOME A, AY",,,,," -342","H,,S"
"AYM00089577","2022-01-24","-80.37","77.37","4084.0","DOME PLATEAU DOME A, AY",,,,," -342","H,,S"
"AYM00089577","2022-01-25","-80.37","77.37","4084.0","DOME PLATEAU DOME A, AY",,,,," -355","H,,S"
"AYM00089577","2022-01-26","-80.37","77.37","4084.0","DOME PLATEAU DOME A, AY",,,,," -366","H,,S"
"AYM00089577","2022-01-27","-80.37","77.37","4084.0","DOME PLATEAU DOME A, AY",,,,," -382","H,,S"
"AYM00089577","2022-01-28","-80.37","77.37","4084.0","DOME PLATEAU DOME A, AY",,,,," -391","H,,S"
"AYM00089577","2022-01-29","-80.37","77.37","4084.0","DOME PLATEAU DOME A, AY",,,,," -398","H,,S"
"AYM00089577","2022-01-30","-80.37","77.37","4084.0","DOME PLATEAU DOME A, AY",,,,," -404","H,,S"
"AYM00089577","2022-01-31","-80.37","77.37","4084.0","DOME PLATEAU DOME A, AY",,,,," -403","H,,S"
"AYM00089577","2022-02-01","-80.37","77.37","4084.0","DOME PLATEAU DOME A, AY",,,,," -404","H,,S"
"AYM00089577","2022-02-02","-80.37","77.37","4084.0","DOME PLATEAU DOME A, AY",,,,," -403","H,,S"
"AYM00089577","2022-02-03","-80.37","77.37","4084.0","DOME PLATEAU DOME A, AY",,,,," -401","H,,S"
"AYM00089577","2022-02-04","-80.37","77.37","4084.0","DOME PLATEAU DOME A, AY",,,,," -399","H,,S"
"AYM00089577","2022-02-05","-80.37","77.37","4084.0","DOME PLATEAU DOME A, AY",,,,," -400","H,,S"
"AYM00089577","2022-02-06","-80.37","77.37","4084.0","DOME PLATEAU DOME A, AY",,,,," -387","H,,S"
"AYM00089577","2022-02-07","-80.37","77.37","4084.0","DOME PLATEAU DOME A, AY",,,,," -396","H,,S"
"AYM00089577","2022-02-08","-80.37","77.37","4084.0","DOME PLATEAU DOME A, AY",,,,," -403","H,,S"
"AYM00089577","2022-02-09","-80.37","77.37","4084.0","DOME PLATEAU DOME A, AY",,,,," -411","H,,S"
"AYM00089577","2022-02-10","-80.37","77.37","4084.0","DOME PLATEAU DOME A, AY",,,,," -418","H,,S"
"AYM00089577","2022-02-11","-80.37","77.37","4084.0","DOME PLATEAU DOME A, AY",,,,," -414","H,,S"
"AYM00089577","2022-02-12","-80.37","77.37","4084.0","DOME PLATEAU DOME A, AY",,,,," -394","H,,S"
"AYM00089577","2022-02-13","-80.37","77.37","4084.0","DOME PLATEAU DOME A, AY",,,,," -396","H,,S"
"AYM00089577","2022-02-14","-80.37","77.37","4084.0","DOME PLATEAU DOME A, AY",,,,," -412","H,,S"
"AYM00089577","2022-02-15","-80.37","77.37","4084.0","DOME PLATEAU DOME A, AY",,,,," -424","H,,S"
"AYM00089577","2022-02-16","-80.37","77.37","4084.0","DOME PLATEAU DOME A, AY",,,,," -436","H,,S"
"AYM00089577","2022-02-17","-80.37","77.37","4084.0","DOME PLATEAU DOME A, AY",,,,," -448","H,,S"
"AYM00089577","2022-02-18","-80.37","77.37","4084.0","DOME PLATEAU DOME A, AY",,,,," -452","H,,S"
"AYM00089577","2022-02-19","-80.37","77.37","4084.0","DOME PLATEAU DOME A, AY",,,,," -463","H,,S"
"AYM00089577","2022-02-20","-80.37","77.37","4084.0","DOME PLATEAU DOME A, AY",,,,," -469","H,,S"
"AYM00089577","2022-02-21","-80.37","77.37","4084.0","DOME PLATEAU DOME A, AY",,,,," -476","H,,S"
"AYM00089577","2022-02-22","-80.37","77.37","4084.0","DOME PLATEAU DOME A, AY",,,,," -478","H,,S"
"AYM00089577","2022-02-23","-80.37","77.37","4084.0","DOME PLATEAU DOME A, AY",,,,," -487","H,,S"
"AYM00089577","2022-02-24","-80.37","77.37","4084.0","DOME PLATEAU DOME A, AY",,,,," -497","H,,S"
"AYM00089577","2022-02-25","-80.37","77.37","4084.0","DOME PLATEAU DOME A, AY",,,,," -502","H,,S"
"AYM00089577","2022-02-26","-80.37","77.37","4084.0","DOME PLATEAU DOME A, AY",,,,," -512","H,,S"
"AYM00089577","2022-02-27","-80.37","77.37","4084.0","DOME PLATEAU DOME A, AY",,,,," -513","H,,S"
"AYM00089577","2022-02-28","-80.37","77.37","4084.0","DOME PLATEAU DOME A, AY",,,,," -514","H,,S"
"AYM00089577","2022-03-01","-80.37","77.37","4084.0","DOME PLATEAU DOME A, AY",,,,," -517","H,,S"
"AYM00089577","2022-03-02","-80.37","77.37","4084.0","DOME PLATEAU DOME A, AY",,,,," -534","H,,S"
"AYM00089577","2022-03-03","-80.37","77.37","4084.0","DOME PLATEAU DOME A, AY",,,,," -542","H,,S"
"AYM00089577","2022-03-04","-80.37","77.37","4084.0","DOME PLATEAU DOME A, AY",,,,," -544","H,,S"
"AYM00089577","2022-03-05","-80.37","77.37","4084.0","DOME PLATEAU DOME A, AY",,,,," -538","H,,S"
"AYM00089577","2022-03-06","-80.37","77.37","4084.0","DOME PLATEAU DOME A, AY",,,,," -539","H,,S"
"AYM00089577","2022-03-07","-80.37","77.37","4084.0","DOME PLATEAU DOME A, AY",,,,," -551","H,,S"
"AYM00089577","2022-03-08","-80.37","77.37","4084.0","DOME PLATEAU DOME A, AY",,,,," -562","H,,S"
"AYM00089577","2022-03-09","-80.37","77.37","4084.0","DOME PLATEAU DOME A, AY",,,,," -571","H,,S"
"AYM00089577","2022-03-10","-80.37","77.37","4084.0","DOME PLATEAU DOME A, AY",,,,," -576","H,,S"
"AYM00089577","2022-03-11","-80.37","77.37","4084.0","DOME PLATEAU DOME A, AY",,,,," -577","H,,S"
"AYM00089577","2022-03-12","-80.37","77.37","4084.0","DOME PLATEAU DOME A, AY",,,,," -576","H,,S"
"AYM00089577","2022-03-13","-80.37","77.37","4084.0","DOME PLATEAU DOME A, AY",,,,," -567","H,,S"
"AYM00089577","2022-03-14","-80.37","77.37","4084.0","DOME PLATEAU DOME A, AY",,,,," -575","H,,S"
"AYM00089577","2022-03-15","-80.37","77.37","4084.0","DOME PLATEAU DOME A, AY",,,,," -587","H,,S"
"AYM00089577","2022-03-16","-80.37","77.37","4084.0","DOME PLATEAU DOME A, AY",,,,," -570","H,,S"
"AYM00089577","2022-03-17","-80.37","77.37","4084.0","DOME PLATEAU DOME A, AY",,,,," -539","H,,S"
"AYM00089577","2022-03-18","-80.37","77.37","4084.0","DOME PLATEAU DOME A, AY",,,,," -492","H,,S"
"AYM00089577","2022-03-19","-80.37","77.37","4084.0","DOME PLATEAU DOME A, AY",,,,," -458","H,,S"
"AYM00089577","2022-03-20","-80.37","77.37","4084.0","DOME PLATEAU DOME A, AY",,,,," -459","H,,S"
"AYM00089577","2022-03-21","-80.37","77.37","4084.0","DOME PLATEAU DOME A, AY",,,,," -452","H,,S"
"AYM00089577","2022-03-22","-80.37","77.37","4084.0","DOME PLATEAU DOME A, AY",,,,," -487","H,,S"
"AYM00089577","2022-03-23","-80.37","77.37","4084.0","DOME PLATEAU DOME A, AY",,,,," -525","H,,S"
"AYM00089577","2022-03-24","-80.37","77.37","4084.0","DOME PLATEAU DOME A, AY",,,,," -546","H,,S"
"AYM00089577","2022-03-25","-80.37","77.37","4084.0","DOME PLATEAU DOME A, AY",,,,," -548","H,,S"
"AYM00089577","2022-03-26","-80.37","77.37","4084.0","DOME PLATEAU DOME A, AY",,,,," -553","H,,S"
"AYM00089577","2022-03-27","-80.37","77.37","4084.0","DOME PLATEAU DOME A, AY",,,,," -566","H,,S"
"AYM00089577","2022-03-28","-80.37","77.37","4084.0","DOME PLATEAU DOME A, AY",,,,," -573","H,,S"
"AYM00089577","2022-03-29","-80.37","77.37","4084.0","DOME PLATEAU DOME A, AY",,,,," -585","H,,S"
"AYM00089577","2022-03-30","-80.37","77.37","4084.0","DOME PLATEAU DOME A, AY",,,,," -603","H,,S"
"AYM00089577","2022-03-31","-80.37","77.37","4084.0","DOME PLATEAU DOME A, AY",,,,," -596","H,,S"
"AYM00089577","2022-04-01","-80.37","77.37","4084.0","DOME PLATEAU DOME A, AY",,,,," -587","H,,S"
"AYM00089577","2022-04-02","-80.37","77.37","4084.0","DOME PLATEAU DOME A, AY",,,,," -590","H,,S"
"AYM00089577","2022-04-03","-80.37","77.37","4084.0","DOME PLATEAU DOME A, AY",,,,," -597","H,,S"
"AYM00089577","2022-04-04","-80.37","77.37","4084.0","DOME PLATEAU DOME A, AY",,,,," -603","H,,S"
"AYM00089577","2022-04-05","-80.37","77.37","4084.0","DOME PLATEAU DOME A, AY",,,,," -617","H,,S"
"AYM00089577","2022-04-06","-80.37","77.37","4084.0","DOME PLATEAU DOME A, AY",,,,," -628","H,,S"
"AYM00089577","2022-04-07","-80.37","77.37","4084.0","DOME PLATEAU DOME A, AY",,,,," -631","H,,S"
"AYM00089577","2022-04-08","-80.37","77.37","4084.0","DOME PLATEAU DOME A, AY",,,,," -628","H,,S"
"AYM00089577","2022-04-09","-80.37","77.37","4084.0","DOME PLATEAU DOME A, AY",,,,," -632","H,,S"
"AYM00089577","2022-04-10","-80.37","77.37","4084.0","DOME PLATEAU DOME A, AY",,,,," -630","H,,S"
"AYM00089577","2022-04-11","-80.37","77.37","4084.0","DOME PLATEAU DOME A, AY",,,,," -618","H,,S"
"AYM00089577","2022-04-12","-80.37","77.37","4084.0","DOME PLATEAU DOME A, AY",,,,," -615","H,,S"
"AYM00089577","2022-04-13","-80.37","77.37","4084.0","DOME PLATEAU DOME A, AY",,,,," -620","H,,S"
"AYM00089577","2022-04-14","-80.37","77.37","4084.0","DOME PLATEAU DOME A, AY",,,,," -636","H,,S"
"AYM00089577","2022-04-15","-80.37","77.37","4084.0","DOME PLATEAU DOME A, AY",,,,," -643","H,,S"
"AYM00089577","2022-04-16","-80.37","77.37","4084.0","DOME PLATEAU DOME A, AY",,,,," -641","H,,S"
"AYM00089577","2022-04-17","-80.37","77.37","4084.0","DOME PLATEAU DOME A, AY",,,,," -653","H,,S"
"AYM00089577","2022-04-18","-80.37","77.37","4084.0","DOME PLATEAU DOME A, AY",,,,," -659","H,,S"
"AYM00089577","2022-04-19","-80.37","77.37","4084.0","DOME PLATEAU DOME A, AY",,,,," -659","H,,S"
"AYM00089577","2022-04-20","-80.37","77.37","4084.0","DOME PLATEAU DOME A, AY",,,,," -658","H,,S"
"AYM00089577","2022-04-21","-80.37","77.37","4084.0","DOME PLATEAU DOME A, AY",,,,," -667","H,,S"
"AYM00089577","2022-04-22","-80.37","77.37","4084.0","DOME PLATEAU DOME A, AY",,,,," -664","H,,S"
"AYM00089577","2022-04-23","-80.37","77.37","4084.0","DOME PLATEAU DOME A, AY",,,,," -642","H,,S"
"AYM00089577","2022-04-24","-80.37","77.37","4084.0","DOME PLATEAU DOME A, AY",,,,," -637","H,,S"
"AYM00089577","2022-04-25","-80.37","77.37","4084.0","DOME PLATEAU DOME A, AY",,,,," -649","H,,S"
"AYM00089577","2022-04-26","-80.37","77.37","4084.0","DOME PLATEAU DOME A, AY",,,,," -660","H,,S"
"AYM00089577","2022-04-27","-80.37","77.37","4084.0","DOME PLATEAU DOME A, AY",,,,," -679","H,,S"
"AYM00089577","2022-04-28","-80.37","77.37","4084.0","DOME PLATEAU DOME A, AY",,,,," -685","H,,S"
"AYM00089577","2022-04-29","-80.37","77.37","4084.0","DOME PLATEAU DOME A, AY",,,,," -688","H,,S"
"AYM00089577","2022-04-30","-80.37","77.37","4084.0","DOME PLATEAU DOME A, AY",,,,," -686","H,,S"
"AYM00089577","2022-05-01","-80.37","77.37","4084.0","DOME PLATEAU DOME A, AY",,,,," -689","H,,S"
"AYM00089577","2022-05-02","-80.37","77.37","4084.0","DOME PLATEAU DOME A, AY",,,,," -697","H,,S"
"AYM00089577","2022-05-03","-80.37","77.37","4084.0","DOME PLATEAU DOME A, AY",,,,," -699","H,,S"
"AYM00089577","2022-05-04","-80.37","77.37","4084.0","DOME PLATEAU DOME A, AY",,,,," -700","H,,S"
"AYM00089577","2022-05-05","-80.37","77.37","4084.0","DOME PLATEAU DOME A, AY",,,,," -687","H,,S"
"AYM00089577","2022-05-06","-80.37","77.37","4084.0","DOME PLATEAU DOME A, AY",,,,," -677","H,,S"
"AYM00089577","2022-05-07","-80.37","77.37","4084.0","DOME PLATEAU DOME A, AY",,,,," -669","H,,S"
"AYM00089577","2022-05-08","-80.37","77.37","4084.0","DOME PLATEAU DOME A, AY",,,,," -645","H,,S"
"AYM00089577","2022-05-09","-80.37","77.37","4084.0","DOME PLATEAU DOME A, AY",,,,," -648","H,,S"
"AYM00089577","2022-05-10","-80.37","77.37","4084.0","DOME PLATEAU DOME A, AY",,,,," -662","H,,S"
"AYM00089577","2022-05-11","-80.37","77.37","4084.0","DOME PLATEAU DOME A, AY",,,,," -668","H,,S"
"AYM00089577","2022-05-12","-80.37","77.37","4084.0","DOME PLATEAU DOME A, AY",,,,," -675","H,,S"
"AYM00089577","2022-05-13","-80.37","77.37","4084.0","DOME PLATEAU DOME A, AY",,,,," -684","H,,S"
"AYM00089577","2022-05-14","-80.37","77.37","4084.0","DOME PLATEAU DOME A, AY",,,,," -687","H,,S"
"AYM00089577","2022-05-15","-80.37","77.37","4084.0","DOME PLATEAU DOME A, AY",,,,," -665","H,,S"
"AYM00089577","2022-05-16","-80.37","77.37","4084.0","DOME PLATEAU DOME A, AY",,,,," -654","H,,S"
"AYM00089577","2022-05-17","-80.37","77.37","4084.0","DOME PLATEAU DOME A, AY",,,,," -671","H,,S"
"AYM00089577","2022-05-18","-80.37","77.37","4084.0","DOME PLATEAU DOME A, AY",,,,," -678","H,,S"
"AYM00089577","2022-05-19","-80.37","77.37","4084.0","DOME PLATEAU DOME A, AY",,,,," -671","H,,S"
"AYM00089577","2022-05-20","-80.37","77.37","4084.0","DOME PLATEAU DOME A, AY",,,,," -636","H,,S"
"AYM00089577","2022-05-21","-80.37","77.37","4084.0","DOME PLATEAU DOME A, AY",,,,," -621","H,,S"
"AYM00089577","2022-05-22","-80.37","77.37","4084.0","DOME PLATEAU DOME A, AY",,,,," -644","H,,S"
"AYM00089577","2022-05-23","-80.37","77.37","4084.0","DOME PLATEAU DOME A, AY",,,,," -674","H,,S"
"AYM00089577","2022-05-24","-80.37","77.37","4084.0","DOME PLATEAU DOME A, AY",,,,," -660","H,,S"
"AYM00089577","2022-05-25","-80.37","77.37","4084.0","DOME PLATEAU DOME A, AY",,,,," -640","H,,S"
"AYM00089577","2022-05-26","-80.37","77.37","4084.0","DOME PLATEAU DOME A, AY",,,,," -624","H,,S"
"AYM00089577","2022-05-27","-80.37","77.37","4084.0","DOME PLATEAU DOME A, AY",,,,," -635","H,,S"
"AYM00089577","2022-05-28","-80.37","77.37","4084.0","DOME PLATEAU DOME A, AY",,,,," -646","H,,S"
"AYM00089577","2022-05-29","-80.37","77.37","4084.0","DOME PLATEAU DOME A, AY",,,,," -649","H,,S"
"AYM00089577","2022-05-30","-80.37","77.37","4084.0","DOME PLATEAU DOME A, AY",,,,," -655","H,,S"
"AYM00089577","2022-05-31","-80.37","77.37","4084.0","DOME PLATEAU DOME A, AY",,,,," -638","H,,S"
"AYM00089577","2022-06-01","-80.37","77.37","4084.0","DOME PLATEAU DOME A, AY",,,,," -627","H,,S"
"AYM00089577","2022-06-02","-80.37","77.37","4084.0","DOME PLATEAU DOME A, AY",,,,," -622","H,,S"
"AYM00089577","2022-06-03","-80.37","77.37","4084.0","DOME PLATEAU DOME A, AY",,,,," -606","H,,S"
"AYM00089577","2022-06-04","-80.37","77.37","4084.0","DOME PLATEAU DOME A, AY",,,,," -613","H,,S"
"AYM00089577","2022-06-05","-80.37","77.37","4084.0","DOME PLATEAU DOME A, AY",,,,," -612","H,,S"
"AYM00089577","2022-06-06","-80.37","77.37","4084.0","DOME PLATEAU DOME A, AY",,,,," -598","H,,S"
"AYM00089577","2022-06-07","-80.37","77.37","4084.0","DOME PLATEAU DOME A, AY",,,,," -604","H,,S"
"AYM00089577","2022-06-08","-80.37","77.37","4084.0","DOME PLATEAU DOME A, AY",,,,," -598","H,,S"
"AYM00089577","2022-06-09","-80.37","77.37","4084.0","DOME PLATEAU DOME A, AY",,,,," -599","H,,S"
"AYM00089577","2022-06-10","-80.37","77.37","4084.0","DOME PLATEAU DOME A, AY",,,,," -584","H,,S"
"AYM00089577","2022-06-11","-80.37","77.37","4084.0","DOME PLATEAU DOME A, AY",,,,," -590","H,,S"
"AYM00089577","2022-06-12","-80.37","77.37","4084.0","DOME PLATEAU DOME A, AY",,,,," -617","H,,S"
"AYM00089577","2022-06-13","-80.37","77.37","4084.0","DOME PLATEAU DOME A, AY",,,,," -636","H,,S"
"AYM00089577","2022-06-14","-80.37","77.37","4084.0","DOME PLATEAU DOME A, AY",,,,," -647","H,,S"
"AYM00089577","2022-06-15","-80.37","77.37","4084.0","DOME PLATEAU DOME A, AY",,,,," -629","H,,S"
"AYM00089577","2022-06-16","-80.37","77.37","4084.0","DOME PLATEAU DOME A, AY",,,,," -603","H,,S"
"AYM00089577","2022-06-17","-80.37","77.37","4084.0","DOME PLATEAU DOME A, AY",,,,," -603","H,,S"
"AYM00089577","2022-06-18","-80.37","77.37","4084.0","DOME PLATEAU DOME A, AY",,,,," -607","H,,S"
"AYM00089577","2022-06-19","-80.37","77.37","4084.0","DOME PLATEAU DOME A, AY",,,,," -616","H,,S"
"AYM00089577","2022-06-20","-80.37","77.37","4084.0","DOME PLATEAU DOME A, AY",,,,," -621","H,,S"
"AYM00089577","2022-06-21","-80.37","77.37","4084.0","DOME PLATEAU DOME A, AY",,,,," -603","H,,S"
"AYM00089577","2022-06-22","-80.37","77.37","4084.0","DOME PLATEAU DOME A, AY",,,,," -602","H,,S"
"AYM00089577","2022-06-23","-80.37","77.37","4084.0","DOME PLATEAU DOME A, AY",,,,," -611","H,,S"
"AYM00089577","2022-06-24","-80.37","77.37","4084.0","DOME PLATEAU DOME A, AY",,,,," -605","H,,S"
"AYM00089577","2022-06-25","-80.37","77.37","4084.0","DOME PLATEAU DOME A, AY",,,,," -592","H,,S"
"AYM00089577","2022-06-26","-80.37","77.37","4084.0","DOME PLATEAU DOME A, AY",,,,," -606","H,,S"
"AYM00089577","2022-06-27","-80.37","77.37","4084.0","DOME PLATEAU DOME A, AY",,,,," -618","H,,S"
"AYM00089577","2022-06-28","-80.37","77.37","4084.0","DOME PLATEAU DOME A, AY",,,,," -630","H,,S"
"AYM00089577","2022-06-29","-80.37","77.37","4084.0","DOME PLATEAU DOME A, AY",,,,," -637","H,,S"
"AYM00089577","2022-06-30","-80.37","77.37","4084.0","DOME PLATEAU DOME A, AY",,,,," -655","H,,S"
"AYM00089577","2022-07-01","-80.37","77.37","4084.0","DOME PLATEAU DOME A, AY",,,,," -670","H,,S"
"AYM00089577","2022-07-02","-80.37","77.37","4084.0","DOME PLATEAU DOME A, AY",,,,," -671","H,,S"
"AYM00089577","2022-07-03","-80.37","77.37","4084.0","DOME PLATEAU DOME A, AY",,,,," -671","H,,S"
"AYM00089577","2022-07-04","-80.37","77.37","4084.0","DOME PLATEAU DOME A, AY",,,,," -680","H,,S"
"AYM00089577","2022-07-05","-80.37","77.37","4084.0","DOME PLATEAU DOME A, AY",,,,," -678","H,,S"
"AYM00089577","2022-07-06","-80.37","77.37","4084.0","DOME PLATEAU DOME A, AY",,,,," -667","H,,S"
"AYM00089577","2022-07-07","-80.37","77.37","4084.0","DOME PLATEAU DOME A, AY",,,,," -652","H,,S"
"AYM00089577","2022-07-08","-80.37","77.37","4084.0","DOME PLATEAU DOME A, AY",,,,," -662","H,,S"
"AYM00089577","2022-07-09","-80.37","77.37","4084.0","DOME PLATEAU DOME A, AY",,,,," -661","H,,S"
"AYM00089577","2022-07-10","-80.37","77.37","4084.0","DOME PLATEAU DOME A, AY",,,,," -666","H,,S"
"AYM00089577","2022-07-11","-80.37","77.37","4084.0","DOME PLATEAU DOME A, AY",,,,," -681","H,,S"
"AYM00089577","2022-07-12","-80.37","77.37","4084.0","DOME PLATEAU DOME A, AY",,,,," -690","H,,S"
"AYM00089577","2022-07-13","-80.37","77.37","4084.0","DOME PLATEAU DOME A, AY",,,,," -687","H,,S"
"AYM00089577","2022-07-14","-80.37","77.37","4084.0","DOME PLATEAU DOME A, AY",,,,," -683","H,,S"
"AYM00089577","2022-07-15","-80.37","77.37","4084.0","DOME PLATEAU DOME A, AY",,,,," -662","H,,S"
"AYM00089577","2022-07-16","-80.37","77.37","4084.0","DOME PLATEAU DOME A, AY",,,,," -631","H,,S"
"AYM00089577","2022-07-17","-80.37","77.37","4084.0","DOME PLATEAU DOME A, AY",,,,," -623","H,,S"
"AYM00089577","2022-07-18","-80.37","77.37","4084.0","DOME PLATEAU DOME A, AY",,,,," -641","H,,S"
"AYM00089577","2022-07-19","-80.37","77.37","4084.0","DOME PLATEAU DOME A, AY",,,,," -661","H,,S"
"AYM00089577","2022-07-20","-80.37","77.37","4084.0","DOME PLATEAU DOME A, AY",,,,," -669","H,,S"
"AYM00089577","2022-07-21","-80.37","77.37","4084.0","DOME PLATEAU DOME A, AY",,,,," -667","H,,S"
"AYM00089577","2022-07-22","-80.37","77.37","4084.0","DOME PLATEAU DOME A, AY",,,,," -658","H,,S"
"AYM00089577","2022-07-23","-80.37","77.37","4084.0","DOME PLATEAU DOME A, AY",,,,," -654","H,,S"
"AYM00089577","2022-07-24","-80.37","77.37","4084.0","DOME PLATEAU DOME A, AY",,,,," -659","H,,S"
"AYM00089577","2022-07-25","-80.37","77.37","4084.0","DOME PLATEAU DOME A, AY",,,,," -661","H,,S"
"AYM00089577","2022-07-26","-80.37","77.37","4084.0","DOME PLATEAU DOME A, AY",,,,," -662","H,,S"
"AYM00089577","2022-07-27","-80.37","77.37","4084.0","DOME PLATEAU DOME A, AY",,,,," -669","H,,S"
"AYM00089577","2022-07-28","-80.37","77.37","4084.0","DOME PLATEAU DOME A, AY",,,,," -647","H,,S"
"AYM00089577","2022-07-29","-80.37","77.37","4084.0","DOME PLATEAU DOME A, AY",,,,," -613","H,,S"
"AYM00089577","2022-07-30","-80.37","77.37","4084.0","DOME PLATEAU DOME A, AY",,,,," -623","H,,S"
"AYM00089577","2022-07-31","-80.37","77.37","4084.0","DOME PLATEAU DOME A, AY",,,,," -634","H,,S"
"AYM00089577","2022-08-01","-80.37","77.37","4084.0","DOME PLATEAU DOME A, AY",,,,," -598","H,,S"
"AYM00089577","2022-08-02","-80.37","77.37","4084.0","DOME PLATEAU DOME A, AY",,,,," -576","H,,S"
"AYM00089577","2022-08-03","-80.37","77.37","4084.0","DOME PLATEAU DOME A, AY",,,,," -606","H,,S"
"AYM00089577","2022-08-04","-80.37","77.37","4084.0","DOME PLATEAU DOME A, AY",,,,," -641","H,,S"
"AYM00089577","2022-08-05","-80.37","77.37","4084.0","DOME PLATEAU DOME A, AY",,,,," -643","H,,S"
"AYM00089577","2022-08-06","-80.37","77.37","4084.0","DOME PLATEAU DOME A, AY",,,,," -638","H,,S"
"AYM00089577","2022-08-07","-80.37","77.37","4084.0","DOME PLATEAU DOME A, AY",,,,," -656","H,,S"
"AYM00089577","2022-08-08","-80.37","77.37","4084.0","DOME PLATEAU DOME A, AY",,,,," -654","H,,S"
"AYM00089577","2022-08-09","-80.37","77.37","4084.0","DOME PLATEAU DOME A, AY",,,,," -664","H,,S"
"AYM00089577","2022-08-10","-80.37","77.37","4084.0","DOME PLATEAU DOME A, AY",,,,," -671","H,,S"
"AYM00089577","2022-08-11","-80.37","77.37","4084.0","DOME PLATEAU DOME A, AY",,,,," -673","H,,S"
"AYM00089577","2022-08-12","-80.37","77.37","4084.0","DOME PLATEAU DOME A, AY",,,,," -672","H,,S"
"AYM00089577","2022-08-13","-80.37","77.37","4084.0","DOME PLATEAU DOME A, AY",,,,," -677","H,,S"
"AYM00089577","2022-08-14","-80.37","77.37","4084.0","DOME PLATEAU DOME A, AY",,,,," -683","H,,S"
"AYM00089577","2022-08-15","-80.37","77.37","4084.0","DOME PLATEAU DOME A, AY",,,,," -687","H,,S"
"AYM00089577","2022-08-16","-80.37","77.37","4084.0","DOME PLATEAU DOME A, AY",,,,," -687","H,,S"
"AYM00089577","2022-08-17","-80.37","77.37","4084.0","DOME PLATEAU DOME A, AY",,,,," -694","H,,S"
"AYM00089577","2022-08-18","-80.37","77.37","4084.0","DOME PLATEAU DOME A, AY",,,,," -701","H,,S"
"AYM00089577","2022-08-19","-80.37","77.37","4084.0","DOME PLATEAU DOME A, AY",,,,," -701","H,,S"
"AYM00089577","2022-08-20","-80.37","77.37","4084.0","DOME PLATEAU DOME A, AY",,,,," -699","H,,S"
"AYM00089577","2022-08-21","-80.37","77.37","4084.0","DOME PLATEAU DOME A, AY",,,,," -698","H,,S"
"AYM00089577","2022-08-22","-80.37","77.37","4084.0","DOME PLATEAU DOME A, AY",,,,," -692","H,,S"
"AYM00089577","2022-08-23","-80.37","77.37","4084.0","DOME PLATEAU DOME A, AY",,,,," -696","H,,S"
"AYM00089577","2022-08-24","-80.37","77.37","4084.0","DOME PLATEAU DOME A, AY",,,,," -696","H,,S"
"AYM00089577","2022-08-25","-80.37","77.37","4084.0","DOME PLATEAU DOME A, AY",,,,," -694","H,,S"
"AYM00089577","2022-08-26","-80.37","77.37","4084.0","DOME PLATEAU DOME A, AY",,,,," -707","H,,S"
"AYM00089577","2022-08-27","-80.37","77.37","4084.0","DOME PLATEAU DOME A, AY",,,,," -714","H,,S"
"AYM00089577","2022-08-28","-80.37","77.37","4084.0","DOME PLATEAU DOME A, AY",,,,," -706","H,,S"
"AYM00089577","2022-08-29","-80.37","77.37","4084.0","DOME PLATEAU DOME A, AY",,,,," -702","H,,S"
"AYM00089577","2022-08-30","-80.37","77.37","4084.0","DOME PLATEAU DOME A, AY",,,,," -696","H,,S"
"AYM00089577","2022-08-31","-80.37","77.37","4084.0","DOME PLATEAU DOME A, AY",,,,," -703","H,,S"
"AYM00089577","2022-09-01","-80.37","77.37","4084.0","DOME PLATEAU DOME A, AY",,,,," -718","H,,S"
"AYM00089577","2022-09-02","-80.37","77.37","4084.0","DOME PLATEAU DOME A, AY",,,,," -723","H,,S"
"AYM00089577","2022-09-03","-80.37","77.37","4084.0","DOME PLATEAU DOME A, AY",,,,," -718","H,,S"
"AYM00089577","2022-09-04","-80.37","77.37","4084.0","DOME PLATEAU DOME A, AY",,,,," -684","H,,S"
"AYM00089577","2022-09-05","-80.37","77.37","4084.0","DOME PLATEAU DOME A, AY",,,,," -667","H,,S"
"AYM00089577","2022-09-06","-80.37","77.37","4084.0","DOME PLATEAU DOME A, AY",,,,," -669","H,,S"
"AYM00089577","2022-09-07","-80.37","77.37","4084.0","DOME PLATEAU DOME A, AY",,,,," -688","H,,S"
"AYM00089577","2022-09-08","-80.37","77.37","4084.0","DOME PLATEAU DOME A, AY",,,,," -688","H,,S"
"AYM00089577","2022-09-09","-80.37","77.37","4084.0","DOME PLATEAU DOME A, AY",,,,," -668","H,,S"
"AYM00089577","2022-09-10","-80.37","77.37","4084.0","DOME PLATEAU DOME A, AY",,,,," -669","H,,S"
"AYM00089577","2022-09-11","-80.37","77.37","4084.0","DOME PLATEAU DOME A, AY",,,,," -682","H,,S"
"AYM00089577","2022-09-12","-80.37","77.37","4084.0","DOME PLATEAU DOME A, AY",,,,," -691","H,,S"
"AYM00089577","2022-09-13","-80.37","77.37","4084.0","DOME PLATEAU DOME A, AY",,,,," -698","H,,S"
"AYM00089577","2022-09-14","-80.37","77.37","4084.0","DOME PLATEAU DOME A, AY",,,,," -702","H,,S"
"AYM00089577","2022-09-15","-80.37","77.37","4084.0","DOME PLATEAU DOME A, AY",,,,," -678","H,,S"
"AYM00089577","2022-09-16","-80.37","77.37","4084.0","DOME PLATEAU DOME A, AY",,,,," -674","H,,S"
"AYM00089577","2022-09-17","-80.37","77.37","4084.0","DOME PLATEAU DOME A, AY",,,,," -684","H,,S"
"AYM00089577","2022-09-18","-80.37","77.37","4084.0","DOME PLATEAU DOME A, AY",,,,," -664","H,,S"
"AYM00089577","2022-09-19","-80.37","77.37","4084.0","DOME PLATEAU DOME A, AY",,,,," -652","H,,S"
"AYM00089577","2022-09-20","-80.37","77.37","4084.0","DOME PLATEAU DOME A, AY",,,,," -645","H,,S"
"AYM00089577","2022-09-21","-80.37","77.37","4084.0","DOME PLATEAU DOME A, AY",,,,," -649","H,,S"
"AYM00089577","2022-09-22","-80.37","77.37","4084.0","DOME PLATEAU DOME A, AY",,,,," -653","H,,S"
"AYM00089577","2022-09-23","-80.37","77.37","4084.0","DOME PLATEAU DOME A, AY",,,,," -661","H,,S"
"AYM00089577","2022-09-24","-80.37","77.37","4084.0","DOME PLATEAU DOME A, AY",,,,," -679","H,,S"
"AYM00089577","2022-09-25","-80.37","77.37","4084.0","DOME PLATEAU DOME A, AY",,,,," -683","H,,S"
"AYM00089577","2022-09-26","-80.37","77.37","4084.0","DOME PLATEAU DOME A, AY",,,,," -661","H,,S"
"AYM00089577","2022-09-27","-80.37","77.37","4084.0","DOME PLATEAU DOME A, AY",,,,," -646","H,,S"
"AYM00089577","2022-09-28","-80.37","77.37","4084.0","DOME PLATEAU DOME A, AY",,,,," -638","H,,S"
"AYM00089577","2022-09-29","-80.37","77.37","4084.0","DOME PLATEAU DOME A, AY",,,,," -643","H,,S"
"AYM00089577","2022-09-30","-80.37","77.37","4084.0","DOME PLATEAU DOME A, AY",,,,," -652","H,,S"
"AYM00089577","2022-10-01","-80.37","77.37","4084.0","DOME PLATEAU DOME A, AY",,,,," -649","H,,S"
"AYM00089577","2022-10-02","-80.37","77.37","4084.0","DOME PLATEAU DOME A, AY",,,,," -658","H,,S"
"AYM00089577","2022-10-03","-80.37","77.37","4084.0","DOME PLATEAU DOME A, AY",,,,," -658","H,,S"
"AYM00089577","2022-10-04","-80.37","77.37","4084.0","DOME PLATEAU DOME A, AY",,,,," -658","H,,S"
"AYM00089577","2022-10-05","-80.37","77.37","4084.0","DOME PLATEAU DOME A, AY",,,,," -643","H,,S"
"AYM00089577","2022-10-06","-80.37","77.37","4084.0","DOME PLATEAU DOME A, AY",,,,," -632","H,,S"
"AYM00089577","2022-10-07","-80.37","77.37","4084.0","DOME PLATEAU DOME A, AY",,,,," -612","H,,S"
"AYM00089577","2022-10-08","-80.37","77.37","4084.0","DOME PLATEAU DOME A, AY",,,,," -594","H,,S"
"AYM00089577","2022-10-09","-80.37","77.37","4084.0","DOME PLATEAU DOME A, AY",,,,," -589","H,,S"
"AYM00089577","2022-10-10","-80.37","77.37","4084.0","DOME PLATEAU DOME A, AY",,,,," -602","H,,S"
"AYM00089577","2022-10-11","-80.37","77.37","4084.0","DOME PLATEAU DOME A, AY",,,,," -612","H,,S"
"AYM00089577","2022-10-12","-80.37","77.37","4084.0","DOME PLATEAU DOME A, AY",,,,," -620","H,,S"
"AYM00089577","2022-10-13","-80.37","77.37","4084.0","DOME PLATEAU DOME A, AY",,,,," -617","H,,S"
"AYM00089577","2022-10-14","-80.37","77.37","4084.0","DOME PLATEAU DOME A, AY",,,,," -606","H,,S"
"AYM00089577","2022-10-15","-80.37","77.37","4084.0","DOME PLATEAU DOME A, AY",,,,," -612","H,,S"
"AYM00089577","2022-10-16","-80.37","77.37","4084.0","DOME PLATEAU DOME A, AY",,,,," -621","H,,S"
"AYM00089577","2022-10-17","-80.37","77.37","4084.0","DOME PLATEAU DOME A, AY",,,,," -614","H,,S"
"AYM00089577","2022-10-18","-80.37","77.37","4084.0","DOME PLATEAU DOME A, AY",,,,," -597","H,,S"
"AYM00089577","2022-10-19","-80.37","77.37","4084.0","DOME PLATEAU DOME A, AY",,,,," -587","H,,S"
"AYM00089577","2022-10-20","-80.37","77.37","4084.0","DOME PLATEAU DOME A, AY",,,,," -577","H,,S"
"AYM00089577","2022-10-21","-80.37","77.37","4084.0","DOME PLATEAU DOME A, AY",,,,," -584","H,,S"
"AYM00089577","2022-10-22","-80.37","77.37","4084.0","DOME PLATEAU DOME A, AY",,,,," -588","H,,S"
"AYM00089577","2022-10-23","-80.37","77.37","4084.0","DOME PLATEAU DOME A, AY",,,,," -596","H,,S"
"AYM00089577","2022-10-24","-80.37","77.37","4084.0","DOME PLATEAU DOME A, AY",,,,," -593","H,,S"
"AYM00089577","2022-10-25","-80.37","77.37","4084.0","DOME PLATEAU DOME A, AY",,,,," -592","H,,S"
"AYM00089577","2022-10-26","-80.37","77.37","4084.0","DOME PLATEAU DOME A, AY",,,,," -588","H,,S"
"AYM00089577","2022-10-27","-80.37","77.37","4084.0","DOME PLATEAU DOME A, AY",,,,," -587","H,,S"
"AYM00089577","2022-10-28","-80.37","77.37","4084.0","DOME PLATEAU DOME A, AY",,,,," -575","H,,S"
"AYM00089577","2022-10-29","-80.37","77.37","4084.0","DOME PLATEAU DOME A, AY",,,,," -569","H,,S"
"AYM00089577","2022-10-30","-80.37","77.37","4084.0","DOME PLATEAU DOME A, AY",,,,," -568","H,,S"
"AYM00089577","2022-10-31","-80.37","77.37","4084.0","DOME PLATEAU DOME A, AY",,,,," -563","H,,S"
"AYM00089577","2022-11-01","-80.37","77.37","4084.0","DOME PLATEAU DOME A, AY",,,,," -552","H,,S"
"AYM00089577","2022-11-02","-80.37","77.37","4084.0","DOME PLATEAU DOME A, AY",,,,," -544","H,,S"
"AYM00089577","2022-11-03","-80.37","77.37","4084.0","DOME PLATEAU DOME A, AY",,,,," -543","H,,S"
"AYM00089577","2022-11-04","-80.37","77.37","4084.0","DOME PLATEAU DOME A, AY",,,,," -543","H,,S"
"AYM00089577","2022-11-05","-80.37","77.37","4084.0","DOME PLATEAU DOME A, AY",,,,," -534","H,,S"
"AYM00089577","2022-11-06","-80.37","77.37","4084.0","DOME PLATEAU DOME A, AY",,,,," -545","H,,S"
"AYM00089577","2022-11-07","-80.37","77.37","4084.0","DOME PLATEAU DOME A, AY",,,,," -546","H,,S"
"AYM00089577","2022-11-08","-80.37","77.37","4084.0","DOME PLATEAU DOME A, AY",,,,," -544","H,,S"
"AYM00089577","2022-11-09","-80.37","77.37","4084.0","DOME PLATEAU DOME A, AY",,,,," -542","H,,S"
"AYM00089577","2022-11-10","-80.37","77.37","4084.0","DOME PLATEAU DOME A, AY",,,,," -539","H,,S"
"AYM00089577","2022-11-11","-80.37","77.37","4084.0","DOME PLATEAU DOME A, AY",,,,," -538","H,,S"
"AYM00089577","2022-11-12","-80.37","77.37","4084.0","DOME PLATEAU DOME A, AY",,,,," -541","H,,S"
"AYM00089577","2022-11-13","-80.37","77.37","4084.0","DOME PLATEAU DOME A, AY",,,,," -542","H,,S"
"AYM00089577","2022-11-14","-80.37","77.37","4084.0","DOME PLATEAU DOME A, AY",,,,," -540","H,,S"
"AYM00089577","2022-11-15","-80.37","77.37","4084.0","DOME PLATEAU DOME A, AY",,,,," -537","H,,S"
"AYM00089577","2022-11-16","-80.37","77.37","4084.0","DOME PLATEAU DOME A, AY",,,,," -532","H,,S"
"AYM00089577","2022-11-17","-80.37","77.37","4084.0","DOME PLATEAU DOME A, AY",,,,," -523","H,,S"
"AYM00089577","2022-11-18","-80.37","77.37","4084.0","DOME PLATEAU DOME A, AY",,,,," -516","H,,S"
"AYM00089577","2022-11-19","-80.37","77.37","4084.0","DOME PLATEAU DOME A, AY",,,,," -506","H,,S"
"AYM00089577","2022-11-20","-80.37","77.37","4084.0","DOME PLATEAU DOME A, AY",,,,," -508","H,,S"
"AYM00089577","2022-11-21","-80.37","77.37","4084.0","DOME PLATEAU DOME A, AY",,,,," -506","H,,S"
"AYM00089577","2022-11-22","-80.37","77.37","4084.0","DOME PLATEAU DOME A, AY",,,,," -502","H,,S"
"AYM00089577","2022-11-23","-80.37","77.37","4084.0","DOME PLATEAU DOME A, AY",,,,," -499","H,,S"
"AYM00089577","2022-11-24","-80.37","77.37","4084.0","DOME PLATEAU DOME A, AY",,,,," -497","H,,S"
"AYM00089577","2022-11-25","-80.37","77.37","4084.0","DOME PLATEAU DOME A, AY",,,,," -488","H,,S"
"AYM00089577","2022-11-26","-80.37","77.37","4084.0","DOME PLATEAU DOME A, AY",,,,," -480","H,,S"
"AYM00089577","2022-11-27","-80.37","77.37","4084.0","DOME PLATEAU DOME A, AY",,,,," -477","H,,S"
"AYM00089577","2022-11-28","-80.37","77.37","4084.0","DOME PLATEAU DOME A, AY",,,,," -468","H,,S"
"AYM00089577","2022-11-29","-80.37","77.37","4084.0","DOME PLATEAU DOME A, AY",,,,," -471","H,,S"
"AYM00089577","2022-11-30","-80.37","77.37","4084.0","DOME PLATEAU DOME A, AY",,,,," -468","H,,S"
"AYM00089577","2022-12-01","-80.37","77.37","4084.0","DOME PLATEAU DOME A, AY",,,,," -466","H,,S"
"AYM00089577","2022-12-02","-80.37","77.37","4084.0","DOME PLATEAU DOME A, AY",,,,," -464","H,,S"
"AYM00089577","2022-12-03","-80.37","77.37","4084.0","DOME PLATEAU DOME A, AY",,,,," -463","H,,S"
"AYM00089577","2022-12-04","-80.37","77.37","4084.0","DOME PLATEAU DOME A, AY",,,,," -461","H,,S"
"AYM00089577","2022-12-05","-80.37","77.37","4084.0","DOME PLATEAU DOME A, AY",,,,," -457","H,,S"
"AYM00089577","2022-12-06","-80.37","77.37","4084.0","DOME PLATEAU DOME A, AY",,,,," -454","H,,S"
"AYM00089577","2022-12-07","-80.37","77.37","4084.0","DOME PLATEAU DOME A, AY",,,,," -453","H,,S"
"AYM00089577","2022-12-08","-80.37","77.37","4084.0","DOME PLATEAU DOME A, AY",,,,," -452","H,,S"
"AYM00089577","2022-12-09","-80.37","77.37","4084.0","DOME PLATEAU DOME A, AY",,,,," -450","H,,S"
"AYM00089577","2022-12-10","-80.37","77.37","4084.0","DOME PLATEAU DOME A, AY",,,,," -449","H,,S"
"AYM00089577","2022-12-11","-80.37","77.37","4084.0","DOME PLATEAU DOME A, AY",,,,," -446","H,,S"
"AYM00089577","2022-12-12","-80.37","77.37","4084.0","DOME PLATEAU DOME A, AY",,,,," -443","H,,S"
"AYM00089577","2022-12-13","-80.37","77.37","4084.0","DOME PLATEAU DOME A, AY",,,,," -438","H,,S"
"AYM00089577","2022-12-14","-80.37","77.37","4084.0","DOME PLATEAU DOME A, AY",,,,," -432","H,,S"
"AYM00089577","2022-12-15","-80.37","77.37","4084.0","DOME PLATEAU DOME A, AY",,,,," -431","H,,S"
"AYM00089577","2022-12-16","-80.37","77.37","4084.0","DOME PLATEAU DOME A, AY",,,,," -423","H,,S"
"AYM00089577","2022-12-17","-80.37","77.37","4084.0","DOME PLATEAU DOME A, AY",,,,," -429","H,,S"
"AYM00089577","2022-12-18","-80.37","77.37","4084.0","DOME PLATEAU DOME A, AY",,,,," -426","H,,S"
"AYM00089577","2022-12-19","-80.37","77.37","4084.0","DOME PLATEAU DOME A, AY",,,,," -424","H,,S"
"AYM00089577","2022-12-20","-80.37","77.37","4084.0","DOME PLATEAU DOME A, AY",,,,," -422","H,,S"
"AYM00089577","2022-12-21","-80.37","77.37","4084.0","DOME PLATEAU DOME A, AY",,,,," -419","H,,S"
"AYM00089577","2022-12-22","-80.37","77.37","4084.0","DOME PLATEAU DOME A, AY",,,,," -418","H,,S"
"AYM00089577","2022-12-23","-80.37","77.37","4084.0","DOME PLATEAU DOME A, AY",,,,," -416","H,,S"
"AYM00089577","2022-12-24","-80.37","77.37","4084.0","DOME PLATEAU DOME A, AY",,,,," -414","H,,S"
"AYM00089577","2022-12-25","-80.37","77.37","4084.0","DOME PLATEAU DOME A, AY",,,,," -411","H,,S"
"AYM00089577","2022-12-26","-80.37","77.37","4084.0","DOME PLATEAU DOME A, AY",,,,," -406","H,,S"
"AYM00089577","2022-12-27","-80.37","77.37","4084.0","DOME PLATEAU DOME A, AY",,,,," -414","H,,S"
"AYM00089577","2022-12-28","-80.37","77.37","4084.0","DOME PLATEAU DOME A, AY",,,,," -412","H,,S"
"AYM00089577","2022-12-29","-80.37","77.37","4084.0","DOME PLATEAU DOME A, AY",,,,," -404","H,,S"
"AYM00089577","2022-12-30","-80.37","77.37","4084.0","DOME PLATEAU DOME A, AY",,,,," -404","H,,S"
"AYM00089577","2022-12-31","-80.37","77.37","4084.0","DOME PLATEAU DOME A, AY",,,,," -403","H,,S"
"AYM00089577","2023-01-01","-80.37","77.37","4084.0","DOME PLATEAU DOME A, AY",,,,," -399","H,,S"
"AYM00089577","2023-01-02","-80.37","77.37","4084.0","DOME PLATEAU DOME A, AY",,,,," -393","H,,S"
"AYM00089577","2023-01-03","-80.37","77.37","4084.0","DOME PLATEAU DOME A, AY",,,,," -388","H,,S"
"AYM00089577","2023-01-04","-80.37","77.37","4084.0","DOME PLATEAU DOME A, AY",,,,," -384","H,,S"
"AYM00089577","2023-01-05","-80.37","77.37","4084.0","DOME PLATEAU DOME A, AY",,,,," -383","H,,S"
"AYM00089577","2023-01-06","-80.37","77.37","4084.0","DOME PLATEAU DOME A, AY",,,,," -383","H,,S"
"AYM00089577","2023-01-07","-80.37","77.37","4084.0","DOME PLATEAU DOME A, AY",,,,," -384","H,,S"
"AYM00089577","2023-01-08","-80.37","77.37","4084.0","DOME PLATEAU DOME A, AY",,,,," -385","H,,S"
"AYM00089577","2023-01-09","-80.37","77.37","4084.0","DOME PLATEAU DOME A, AY",,,,," -382","H,,S"
"AYM00089577","2023-01-10","-80.37","77.37","4084.0","DOME PLATEAU DOME A, AY",,,,," -384","H,,S"
"AYM00089577","2023-01-11","-80.37","77.37","4084.0","DOME PLATEAU DOME A, AY",,,,," -378","H,,S"
"AYM00089577","2023-01-12","-80.37","77.37","4084.0","DOME PLATEAU DOME A, AY",,,,," -383","H,,S"
"AYM00089577","2023-01-13","-80.37","77.37","4084.0","DOME PLATEAU DOME A, AY",,,,," -381","H,,S"
"AYM00089577","2023-01-14","-80.37","77.37","4084.0","DOME PLATEAU DOME A, AY",,,,," -384","H,,S"
"AYM00089577","2023-01-15","-80.37","77.37","4084.0","DOME PLATEAU DOME A, AY",,,,," -383","H,,S"
"AYM00089577","2023-01-16","-80.37","77.37","4084.0","DOME PLATEAU DOME A, AY",,,,," -384","H,,S"
"AYM00089577","2023-01-17","-80.37","77.37","4084.0","DOME PLATEAU DOME A, AY",,,,," -390","H,,S"
"AYM00089577","2023-01-18","-80.37","77.37","4084.0","DOME PLATEAU DOME A, AY",,,,," -391","H,,S"
"AYM00089577","2023-01-19","-80.37","77.37","4084.0","DOME PLATEAU DOME A, AY",,,,," -392","H,,S"
"AYM00089577","2023-01-20","-80.37","77.37","4084.0","DOME PLATEAU DOME A, AY",,,,," -395","H,,S"
"AYM00089577","2023-01-21","-80.37","77.37","4084.0","DOME PLATEAU DOME A, AY",,,,," -393","H,,S"
"AYM00089577","2023-01-22","-80.37","77.37","4084.0","DOME PLATEAU DOME A, AY",,,,," -395","H,,S"
"AYM00089577","2023-01-23","-80.37","77.37","4084.0","DOME PLATEAU DOME A, AY",,,,," -396","H,,S"
"AYM00089577","2023-01-24","-80.37","77.37","4084.0","DOME PLATEAU DOME A, AY",,,,," -394","H,,S"
"AYM00089577","2023-01-25","-80.37","77.37","4084.0","DOME PLATEAU DOME A, AY",,,,," -389","H,,S"
"AYM00089577","2023-01-26","-80.37","77.37","4084.0","DOME PLATEAU DOME A, AY",,,,," -389","H,,S"
"AYM00089577","2023-01-27","-80.37","77.37","4084.0","DOME PLATEAU DOME A, AY",,,,," -397","H,,S"
"AYM00089577","2023-01-28","-80.37","77.37","4084.0","DOME PLATEAU DOME A, AY",,,,," -399","H,,S"
"AYM00089577","2023-01-29","-80.37","77.37","4084.0","DOME PLATEAU DOME A, AY",,,,," -401","H,,S"
"AYM00089577","2023-01-30","-80.37","77.37","4084.0","DOME PLATEAU DOME A, AY",,,,," -404","H,,S"
"AYM00089577","2023-01-31","-80.37","77.37","4084.0","DOME PLATEAU DOME A, AY",,,,," -412","H,,S"
"AYM00089577","2023-02-01","-80.37","77.37","4084.0","DOME PLATEAU DOME A, AY",,,,," -416","H,,S"
"AYM00089577","2023-02-02","-80.37","77.37","4084.0","DOME PLATEAU DOME A, AY",,,,," -418","H,,S"
"AYM00089577","2023-02-03","-80.37","77.37","4084.0","DOME PLATEAU DOME A, AY",,,,," -423","H,,S"
"AYM00089577","2023-02-04","-80.37","77.37","4084.0","DOME PLATEAU DOME A, AY",,,,," -428","H,,S"
"AYM00089577","2023-02-05","-80.37","77.37","4084.0","DOME PLATEAU DOME A, AY",,,,," -427","H,,S"
"AYM00089577","2023-02-06","-80.37","77.37","4084.0","DOME PLATEAU DOME A, AY",,,,," -428","H,,S"
"AYM00089577","2023-02-07","-80.37","77.37","4084.0","DOME PLATEAU DOME A, AY",,,,," -425","H,,S"
"AYM00089577","2023-02-08","-80.37","77.37","4084.0","DOME PLATEAU DOME A, AY",,,,," -422","H,,S"
"AYM00089577","2023-02-09","-80.37","77.37","4084.0","DOME PLATEAU DOME A, AY",,,,," -422","H,,S"
"AYM00089577","2023-02-10","-80.37","77.37","4084.0","DOME PLATEAU DOME A, AY",,,,," -421","H,,S"
"AYM00089577","2023-02-11","-80.37","77.37","4084.0","DOME PLATEAU DOME A, AY",,,,," -431","H,,S"
"AYM00089577","2023-02-12","-80.37","77.37","4084.0","DOME PLATEAU DOME A, AY",,,,," -439","H,,S"
"AYM00089577","2023-02-13","-80.37","77.37","4084.0","DOME PLATEAU DOME A, AY",,,,," -443","H,,S"
"AYM00089577","2023-02-14","-80.37","77.37","4084.0","DOME PLATEAU DOME A, AY",,,,," -447","H,,S"
"AYM00089577","2023-02-15","-80.37","77.37","4084.0","DOME PLATEAU DOME A, AY",,,,," -446","H,,S"
"AYM00089577","2023-02-16","-80.37","77.37","4084.0","DOME PLATEAU DOME A, AY",,,,," -447","H,,S"
"AYM00089577","2023-02-17","-80.37","77.37","4084.0","DOME PLATEAU DOME A, AY",,,,," -444","H,,S"
"AYM00089577","2023-02-18","-80.37","77.37","4084.0","DOME PLATEAU DOME A, AY",,,,," -444","H,,S"
"AYM00089577","2023-02-19","-80.37","77.37","4084.0","DOME PLATEAU DOME A, AY",,,,," -439","H,,S"
"AYM00089577","2023-02-20","-80.37","77.37","4084.0","DOME PLATEAU DOME A, AY",,,,," -443","H,,S"
"AYM00089577","2023-02-21","-80.37","77.37","4084.0","DOME PLATEAU DOME A, AY",,,,," -448","H,,S"
"AYM00089577","2023-02-22","-80.37","77.37","4084.0","DOME PLATEAU DOME A, AY",,,,," -448","H,,S"
"AYM00089577","2023-02-23","-80.37","77.37","4084.0","DOME PLATEAU DOME A, AY",,,,," -454","H,,S"
"AYM00089577","2023-02-24","-80.37","77.37","4084.0","DOME PLATEAU DOME A, AY",,,,," -453","H,,S"
"AYM00089577","2023-02-25","-80.37","77.37","4084.0","DOME PLATEAU DOME A, AY",,,,," -450","H,,S"
"AYM00089577","2023-02-26","-80.37","77.37","4084.0","DOME PLATEAU DOME A, AY",,,,," -452","H,,S"
"AYM00089577","2023-02-27","-80.37","77.37","4084.0","DOME PLATEAU DOME A, AY",,,,," -457","H,,S"
"AYM00089577","2023-02-28","-80.37","77.37","4084.0","DOME PLATEAU DOME A, AY",,,,," -463","H,,S"
"AYM00089577","2023-03-01","-80.37","77.37","4084.0","DOME PLATEAU DOME A, AY",,,,," -474","H,,S"
"AYM00089577","2023-03-02","-80.37","77.37","4084.0","DOME PLATEAU DOME A, AY",,,,," -483","H,,S"
"AYM00089577","2023-03-03","-80.37","77.37","4084.0","DOME PLATEAU DOME A, AY",,,,," -504","H,,S"
"AYM00089577","2023-03-04","-80.37","77.37","4084.0","DOME PLATEAU DOME A, AY",,,,," -507","H,,S"
"AYM00089577","2023-03-05","-80.37","77.37","4084.0","DOME PLATEAU DOME A, AY",,,,," -517","H,,S"
"AYM00089577","2023-03-06","-80.37","77.37","4084.0","DOME PLATEAU DOME A, AY",,,,," -526","H,,S"
"AYM00089577","2023-03-07","-80.37","77.37","4084.0","DOME PLATEAU DOME A, AY",,,,," -533","H,,S"
"AYM00089577","2023-03-08","-80.37","77.37","4084.0","DOME PLATEAU DOME A, AY",,,,," -536","H,,S"
"AYM00089577","2023-03-09","-80.37","77.37","4084.0","DOME PLATEAU DOME A, AY",,,,," -538","H,,S"
"AYM00089577","2023-03-10","-80.37","77.37","4084.0","DOME PLATEAU DOME A, AY",,,,," -528","H,,S"
"AYM00089577","2023-03-11","-80.37","77.37","4084.0","DOME PLATEAU DOME A, AY",,,,," -532","H,,S"
"AYM00089577","2023-03-12","-80.37","77.37","4084.0","DOME PLATEAU DOME A, AY",,,,," -532","H,,S"
"AYM00089577","2023-03-13","-80.37","77.37","4084.0","DOME PLATEAU DOME A, AY",,,,," -529","H,,S"
"AYM00089577","2023-03-14","-80.37","77.37","4084.0","DOME PLATEAU DOME A, AY",,,,," -525","H,,S"
"AYM00089577","2023-03-15","-80.37","77.37","4084.0","DOME PLATEAU DOME A, AY",,,,," -532","H,,S"
"AYM00089577","2023-03-16","-80.37","77.37","4084.0","DOME PLATEAU DOME A, AY",,,,," -533","H,,S"
"AYM00089577","2023-03-17","-80.37","77.37","4084.0","DOME PLATEAU DOME A, AY",,,,," -539","H,,S"
"AYM00089577","2023-03-18","-80.37","77.37","4084.0","DOME PLATEAU DOME A, AY",,,,," -541","H,,S"
"AYM00089577","2023-03-19","-80.37","77.37","4084.0","DOME PLATEAU DOME A, AY",,,,," -547","H,,S"
"AYM00089577","2023-03-20","-80.37","77.37","4084.0","DOME PLATEAU DOME A, AY",,,,," -547","H,,S"
"AYM00089577","2023-03-21","-80.37","77.37","4084.0","DOME PLATEAU DOME A, AY",,,,," -554","H,,S"
"AYM00089577","2023-03-22","-80.37","77.37","4084.0","DOME PLATEAU DOME A, AY",,,,," -557","H,,S"
"AYM00089577","2023-03-23","-80.37","77.37","4084.0","DOME PLATEAU DOME A, AY",,,,," -560","H,,S"
"AYM00089577","2023-03-24","-80.37","77.37","4084.0","DOME PLATEAU DOME A, AY",,,,," -566","H,,S"
"AYM00089577","2023-03-25","-80.37","77.37","4084.0","DOME PLATEAU DOME A, AY",,,,," -571","H,,S"
"AYM00089577","2023-03-26","-80.37","77.37","4084.0","DOME PLATEAU DOME A, AY",,,,," -569","H,,S"
"AYM00089577","2023-03-27","-80.37","77.37","4084.0","DOME PLATEAU DOME A, AY",,,,," -567","H,,S"
"AYM00089577","2023-03-28","-80.37","77.37","4084.0","DOME PLATEAU DOME A, AY",,,,," -567","H,,S"
"AYM00089577","2023-03-29","-80.37","77.37","4084.0","DOME PLATEAU DOME A, AY",,,,," -570","H,,S"
"AYM00089577","2023-04-02","-80.37","77.37","4084.0","DOME PLATEAU DOME A, AY",,,,," -584","H,,S"
"AYM00089577","2023-04-04","-80.37","77.37","4084.0","DOME PLATEAU DOME A, AY",,,,," -579","H,,S"
"AYM00089577","2023-04-05","-80.37","77.37","4084.0","DOME PLATEAU DOME A, AY",,,,," -556","H,,S"
"AYM00089577","2023-04-06","-80.37","77.37","4084.0","DOME PLATEAU DOME A, AY",,,,," -561","H,,S"
"AYM00089577","2023-04-07","-80.37","77.37","4084.0","DOME PLATEAU DOME A, AY",,,,," -566","H,,S"
"AYM00089577","2023-04-08","-80.37","77.37","4084.0","DOME PLATEAU DOME A, AY",,,,," -567","H,,S"
"AYM00089577","2023-04-09","-80.37","77.37","4084.0","DOME PLATEAU DOME A, AY",,,,," -576","H,,S"
"AYM00089577","2023-04-10","-80.37","77.37","4084.0","DOME PLATEAU DOME A, AY",,,,," -582","H,,S"
"AYM00089577","2023-04-11","-80.37","77.37","4084.0","DOME PLATEAU DOME A, AY",,,,," -586","H,,S"
"AYM00089577","2023-04-12","-80.37","77.37","4084.0","DOME PLATEAU DOME A, AY",,,,," -589","H,,S"
"AYM00089577","2023-04-13","-80.37","77.37","4084.0","DOME PLATEAU DOME A, AY",,,,," -596","H,,S"
"AYM00089577","2023-04-14","-80.37","77.37","4084.0","DOME PLATEAU DOME A, AY",,,,," -605","H,,S"
"AYM00089577","2023-04-15","-80.37","77.37","4084.0","DOME PLATEAU DOME A, AY",,,,," -612","H,,S"
"AYM00089577","2023-04-16","-80.37","77.37","4084.0","DOME PLATEAU DOME A, AY",,,,," -605","H,,S"
"AYM00089577","2023-04-17","-80.37","77.37","4084.0","DOME PLATEAU DOME A, AY",,,,," -608","H,,S"
"AYM00089577","2023-04-18","-80.37","77.37","4084.0","DOME PLATEAU DOME A, AY",,,,," -611","H,,S"
"AYM00089577","2023-04-19","-80.37","77.37","4084.0","DOME PLATEAU DOME A, AY",,,,," -610","H,,S"
"AYM00089577","2023-04-20","-80.37","77.37","4084.0","DOME PLATEAU DOME A, AY",,,,," -613","H,,S"
"AYM00089577","2023-04-21","-80.37","77.37","4084.0","DOME PLATEAU DOME A, AY",,,,," -621","H,,S"
"AYM00089577","2023-04-22","-80.37","77.37","4084.0","DOME PLATEAU DOME A, AY",,,,," -628","H,,S"
"AYM00089577","2023-04-23","-80.37","77.37","4084.0","DOME PLATEAU DOME A, AY",,,,," -630","H,,S"
"AYM00089577","2023-04-24","-80.37","77.37","4084.0","DOME PLATEAU DOME A, AY",,,,," -635","H,,S"
"AYM00089577","2023-04-25","-80.37","77.37","4084.0","DOME PLATEAU DOME A, AY",,,,," -635","H,,S"
"AYM00089577","2023-04-26","-80.37","77.37","4084.0","DOME PLATEAU DOME A, AY",,,,," -628","H,,S"
"AYM00089577","2023-04-27","-80.37","77.37","4084.0","DOME PLATEAU DOME A, AY",,,,," -627","H,,S"
"AYM00089577","2023-04-28","-80.37","77.37","4084.0","DOME PLATEAU DOME A, AY",,,,," -627","H,,S"
"AYM00089577","2023-04-29","-80.37","77.37","4084.0","DOME PLATEAU DOME A, AY",,,,," -628","H,,S"
"AYM00089577","2023-04-30","-80.37","77.37","4084.0","DOME PLATEAU DOME A, AY",,,,," -627","H,,S"
"AYM00089577","2023-05-01","-80.37","77.37","4084.0","DOME PLATEAU DOME A, AY",,,,," -626","H,,S"
"AYM00089577","2023-05-02","-80.37","77.37","4084.0","DOME PLATEAU DOME A, AY",,,,," -627","H,,S"
"AYM00089577","2023-05-03","-80.37","77.37","4084.0","DOME PLATEAU DOME A, AY",,,,," -628","H,,S"
"AYM00089577","2023-05-04","-80.37","77.37","4084.0","DOME PLATEAU DOME A, AY",,,,," -627","H,,S"
"AYM00089577","2023-05-05","-80.37","77.37","4084.0","DOME PLATEAU DOME A, AY",,,,," -632","H,,S"
"AYM00089577","2023-05-06","-80.37","77.37","4084.0","DOME PLATEAU DOME A, AY",,,,," -641","H,,S"
"AYM00089577","2023-05-07","-80.37","77.37","4084.0","DOME PLATEAU DOME A, AY",,,,," -641","H,,S"
"AYM00089577","2023-05-08","-80.37","77.37","4084.0","DOME PLATEAU DOME A, AY",,,,," -645","H,,S"
"AYM00089577","2023-05-09","-80.37","77.37","4084.0","DOME PLATEAU DOME A, AY",,,,," -653","H,,S"
"AYM00089577","2023-05-10","-80.37","77.37","4084.0","DOME PLATEAU DOME A, AY",,,,," -659","H,,S"
"AYM00089577","2023-05-11","-80.37","77.37","4084.0","DOME PLATEAU DOME A, AY",,,,," -666","H,,S"
"AYM00089577","2023-05-12","-80.37","77.37","4084.0","DOME PLATEAU DOME A, AY",,,,," -667","H,,S"
"AYM00089577","2023-05-13","-80.37","77.37","4084.0","DOME PLATEAU DOME A, AY",,,,," -667","H,,S"
"AYM00089577","2023-05-14","-80.37","77.37","4084.0","DOME PLATEAU DOME A, AY",,,,," -662","H,,S"
"AYM00089577","2023-05-15","-80.37","77.37","4084.0","DOME PLATEAU DOME A, AY",,,,," -667","H,,S"
"AYM00089577","2023-05-16","-80.37","77.37","4084.0","DOME PLATEAU DOME A, AY",,,,," -661","H,,S"
"AYM00089577","2023-05-17","-80.37","77.37","4084.0","DOME PLATEAU DOME A, AY",,,,," -638","H,,S"
"AYM00089577","2023-05-18","-80.37","77.37","4084.0","DOME PLATEAU DOME A, AY",,,,," -633","H,,S"
"AYM00089577","2023-05-19","-80.37","77.37","4084.0","DOME PLATEAU DOME A, AY",,,,," -631","H,,S"
"AYM00089577","2023-05-20","-80.37","77.37","4084.0","DOME PLATEAU DOME A, AY",,,,," -637","H,,S"
"AYM00089577","2023-05-21","-80.37","77.37","4084.0","DOME PLATEAU DOME A, AY",,,,," -647","H,,S"
"AYM00089577","2023-05-22","-80.37","77.37","4084.0","DOME PLATEAU DOME A, AY",,,,," -654","H,,S"
"AYM00089577","2023-05-23","-80.37","77.37","4084.0","DOME PLATEAU DOME A, AY",,,,," -661","H,,S"
"AYM00089577","2023-05-24","-80.37","77.37","4084.0","DOME PLATEAU DOME A, AY",,,,," -660","H,,S"
"AYM00089577","2023-05-25","-80.37","77.37","4084.0","DOME PLATEAU DOME A, AY",,,,," -659","H,,S"
"AYM00089577","2023-05-26","-80.37","77.37","4084.0","DOME PLATEAU DOME A, AY",,,,," -653","H,,S"
"AYM00089577","2023-05-27","-80.37","77.37","4084.0","DOME PLATEAU DOME A, AY",,,,," -658","H,,S"
"AYM00089577","2023-05-28","-80.37","77.37","4084.0","DOME PLATEAU DOME A, AY",,,,," -659","H,,S"
"AYM00089577","2023-05-29","-80.37","77.37","4084.0","DOME PLATEAU DOME A, AY",,,,," -665","H,,S"
"AYM00089577","2023-05-30","-80.37","77.37","4084.0","DOME PLATEAU DOME A, AY",,,,," -677","H,,S"
"AYM00089577","2023-05-31","-80.37","77.37","4084.0","DOME PLATEAU DOME A, AY",,,,," -686","H,,S"
"AYM00089577","2023-06-01","-80.37","77.37","4084.0","DOME PLATEAU DOME A, AY",,,,," -698","H,,S"
"AYM00089577","2023-06-02","-80.37","77.37","4084.0","DOME PLATEAU DOME A, AY",,,,," -705","H,,S"
"AYM00089577","2023-06-03","-80.37","77.37","4084.0","DOME PLATEAU DOME A, AY",,,,," -705","H,,S"
"AYM00089577","2023-06-04","-80.37","77.37","4084.0","DOME PLATEAU DOME A, AY",,,,," -700","H,,S"
"AYM00089577","2023-06-05","-80.37","77.37","4084.0","DOME PLATEAU DOME A, AY",,,,," -694","H,,S"
"AYM00089577","2023-06-06","-80.37","77.37","4084.0","DOME PLATEAU DOME A, AY",,,,," -685","H,,S"
"AYM00089577","2023-06-07","-80.37","77.37","4084.0","DOME PLATEAU DOME A, AY",,,,," -691","H,,S"
"AYM00089577","2023-06-08","-80.37","77.37","4084.0","DOME PLATEAU DOME A, AY",,,,," -691","H,,S"
"AYM00089577","2023-06-09","-80.37","77.37","4084.0","DOME PLATEAU DOME A, AY",,,,," -673","H,,S"
"AYM00089577","2023-06-10","-80.37","77.37","4084.0","DOME PLATEAU DOME A, AY",,,,," -642","H,,S"
"AYM00089577","2023-06-11","-80.37","77.37","4084.0","DOME PLATEAU DOME A, AY",,,,," -619","H,,S"
"AYM00089577","2023-06-12","-80.37","77.37","4084.0","DOME PLATEAU DOME A, AY",,,,," -624","H,,S"
"AYM00089577","2023-06-13","-80.37","77.37","4084.0","DOME PLATEAU DOME A, AY",,,,," -639","H,,S"
"AYM00089577","2023-06-14","-80.37","77.37","4084.0","DOME PLATEAU DOME A, AY",,,,," -625","H,,S"
"AYM00089577","2023-06-15","-80.37","77.37","4084.0","DOME PLATEAU DOME A, AY",,,,," -618","H,,S"
"AYM00089577","2023-06-16","-80.37","77.37","4084.0","DOME PLATEAU DOME A, AY",,,,," -621","H,,S"
"AYM00089577","2023-06-17","-80.37","77.37","4084.0","DOME PLATEAU DOME A, AY",,,,," -626","H,,S"
"AYM00089577","2023-06-18","-80.37","77.37","4084.0","DOME PLATEAU DOME A, AY",,,,," -621","H,,S"
"AYM00089577","2023-06-19","-80.37","77.37","4084.0","DOME PLATEAU DOME A, AY",,,,," -617","H,,S"
"AYM00089577","2023-06-20","-80.37","77.37","4084.0","DOME PLATEAU DOME A, AY",,,,," -617","H,,S"
"AYM00089577","2023-06-21","-80.37","77.37","4084.0","DOME PLATEAU DOME A, AY",,,,," -608","H,,S"
"AYM00089577","2023-06-22","-80.37","77.37","4084.0","DOME PLATEAU DOME A, AY",,,,," -614","H,,S"
"AYM00089577","2023-06-23","-80.37","77.37","4084.0","DOME PLATEAU DOME A, AY",,,,," -625","H,,S"
"AYM00089577","2023-06-24","-80.37","77.37","4084.0","DOME PLATEAU DOME A, AY",,,,," -637","H,,S"
"AYM00089577","2023-06-25","-80.37","77.37","4084.0","DOME PLATEAU DOME A, AY",,,,," -643","H,,S"
"AYM00089577","2023-06-26","-80.37","77.37","4084.0","DOME PLATEAU DOME A, AY",,,,," -638","H,,S"
"AYM00089577","2023-06-27","-80.37","77.37","4084.0","DOME PLATEAU DOME A, AY",,,,," -632","H,,S"
"AYM00089577","2023-06-28","-80.37","77.37","4084.0","DOME PLATEAU DOME A, AY",,,,," -639","H,,S"
"AYM00089577","2023-06-29","-80.37","77.37","4084.0","DOME PLATEAU DOME A, AY",,,,," -639","H,,S"
"AYM00089577","2023-06-30","-80.37","77.37","4084.0","DOME PLATEAU DOME A, AY",,,,," -646","H,,S"
"AYM00089577","2023-07-01","-80.37","77.37","4084.0","DOME PLATEAU DOME A, AY",,,,," -667","H,,S"
"AYM00089577","2023-07-02","-80.37","77.37","4084.0","DOME PLATEAU DOME A, AY",,,,," -681","H,,S"
"AYM00089577","2023-07-03","-80.37","77.37","4084.0","DOME PLATEAU DOME A, AY",,,,," -682","H,,S"
"AYM00089577","2023-07-04","-80.37","77.37","4084.0","DOME PLATEAU DOME A, AY",,,,," -662","H,,S"
"AYM00089577","2023-07-05","-80.37","77.37","4084.0","DOME PLATEAU DOME A, AY",,,,," -628","H,,S"
"AYM00089577","2023-07-06","-80.37","77.37","4084.0","DOME PLATEAU DOME A, AY",,,,," -613","H,,S"
"AYM00089577","2023-07-07","-80.37","77.37","4084.0","DOME PLATEAU DOME A, AY",,,,," -622","H,,S"
"AYM00089577","2023-07-08","-80.37","77.37","4084.0","DOME PLATEAU DOME A, AY",,,,," -648","H,,S"
"AYM00089577","2023-07-09","-80.37","77.37","4084.0","DOME PLATEAU DOME A, AY",,,,," -666","H,,S"
"AYM00089577","2023-07-10","-80.37","77.37","4084.0","DOME PLATEAU DOME A, AY",,,,," -671","H,,S"
"AYM00089577","2023-07-11","-80.37","77.37","4084.0","DOME PLATEAU DOME A, AY",,,,," -647","H,,S"
"AYM00089577","2023-07-12","-80.37","77.37","4084.0","DOME PLATEAU DOME A, AY",,,,," -639","H,,S"
"AYM00089577","2023-07-13","-80.37","77.37","4084.0","DOME PLATEAU DOME A, AY",,,,," -647","H,,S"
"AYM00089577","2023-07-14","-80.37","77.37","4084.0","DOME PLATEAU DOME A, AY",,,,," -638","H,,S"
"AYM00089577","2023-07-15","-80.37","77.37","4084.0","DOME PLATEAU DOME A, AY",,,,," -636","H,,S"
"AYM00089577","2023-07-16","-80.37","77.37","4084.0","DOME PLATEAU DOME A, AY",,,,," -641","H,,S"
"AYM00089577","2023-07-17","-80.37","77.37","4084.0","DOME PLATEAU DOME A, AY",,,,," -652","H,,S"
"AYM00089577","2023-07-18","-80.37","77.37","4084.0","DOME PLATEAU DOME A, AY",,,,," -649","H,,S"
"AYM00089577","2023-07-19","-80.37","77.37","4084.0","DOME PLATEAU DOME A, AY",,,,," -637","H,,S"
"AYM00089577","2023-07-20","-80.37","77.37","4084.0","DOME PLATEAU DOME A, AY",,,,," -641","H,,S"
"AYM00089577","2023-07-21","-80.37","77.37","4084.0","DOME PLATEAU DOME A, AY",,,,," -646","H,,S"
"AYM00089577","2023-07-22","-80.37","77.37","4084.0","DOME PLATEAU DOME A, AY",,,,," -645","H,,S"
"AYM00089577","2023-07-23","-80.37","77.37","4084.0","DOME PLATEAU DOME A, AY",,,,," -639","H,,S"
"AYM00089577","2023-07-24","-80.37","77.37","4084.0","DOME PLATEAU DOME A, AY",,,,," -642","H,,S"
"AYM00089577","2023-07-25","-80.37","77.37","4084.0","DOME PLATEAU DOME A, AY",,,,," -657","H,,S"
"AYM00089577","2023-07-26","-80.37","77.37","4084.0","DOME PLATEAU DOME A, AY",,,,," -661","H,,S"
"AYM00089577","2023-07-27","-80.37","77.37","4084.0","DOME PLATEAU DOME A, AY",,,,," -664","H,,S"
"AYM00089577","2023-07-28","-80.37","77.37","4084.0","DOME PLATEAU DOME A, AY",,,,," -670","H,,S"
"AYM00089577","2023-07-29","-80.37","77.37","4084.0","DOME PLATEAU DOME A, AY",,,,," -676","H,,S"
"AYM00089577","2023-07-30","-80.37","77.37","4084.0","DOME PLATEAU DOME A, AY",,,,," -679","H,,S"
"AYM00089577","2023-07-31","-80.37","77.37","4084.0","DOME PLATEAU DOME A, AY",,,,," -686","H,,S"
"AYM00089577","2023-08-01","-80.37","77.37","4084.0","DOME PLATEAU DOME A, AY",,,,," -693","H,,S"
"AYM00089577","2023-08-02","-80.37","77.37","4084.0","DOME PLATEAU DOME A, AY",,,,," -699","H,,S"
"AYM00089577","2023-08-03","-80.37","77.37","4084.0","DOME PLATEAU DOME A, AY",,,,," -693","H,,S"
"AYM00089577","2023-08-04","-80.37","77.37","4084.0","DOME PLATEAU DOME A, AY",,,,," -689","H,,S"
"AYM00089577","2023-08-05","-80.37","77.37","4084.0","DOME PLATEAU DOME A, AY",,,,," -693","H,,S"
"AYM00089577","2023-08-06","-80.37","77.37","4084.0","DOME PLATEAU DOME A, AY",,,,," -683","H,,S"
"AYM00089577","2023-08-07","-80.37","77.37","4084.0","DOME PLATEAU DOME A, AY",,,,," -668","H,,S"
"AYM00089577","2023-08-08","-80.37","77.37","4084.0","DOME PLATEAU DOME A, AY",,,,," -657","H,,S"
"AYM00089577","2023-08-09","-80.37","77.37","4084.0","DOME PLATEAU DOME A, AY",,,,," -657","H,,S"
"AYM00089577","2023-08-10","-80.37","77.37","4084.0","DOME PLATEAU DOME A, AY",,,,," -662","H,,S"
"AYM00089577","2023-08-11","-80.37","77.37","4084.0","DOME PLATEAU DOME A, AY",,,,," -665","H,,S"
"AYM00089577","2023-08-12","-80.37","77.37","4084.0","DOME PLATEAU DOME A, AY",,,,," -668","H,,S"
"AYM00089577","2023-08-13","-80.37","77.37","4084.0","DOME PLATEAU DOME A, AY",,,,," -673","H,,S"
"AYM00089577","2023-08-14","-80.37","77.37","4084.0","DOME PLATEAU DOME A, AY",,,,," -690","H,,S"
"AYM00089577","2023-08-15","-80.37","77.37","4084.0","DOME PLATEAU DOME A, AY",,,,," -693","H,,S"
"AYM00089577","2023-08-16","-80.37","77.37","4084.0","DOME PLATEAU DOME A, AY",,,,," -688","H,,S"
"AYM00089577","2023-08-17","-80.37","77.37","4084.0","DOME PLATEAU DOME A, AY",,,,," -691","H,,S"
"AYM00089577","2023-08-18","-80.37","77.37","4084.0","DOME PLATEAU DOME A, AY",,,,," -696","H,,S"
"AYM00089577","2023-08-19","-80.37","77.37","4084.0","DOME PLATEAU DOME A, AY",,,,," -698","H,,S"
"AYM00089577","2023-08-20","-80.37","77.37","4084.0","DOME PLATEAU DOME A, AY",,,,," -693","H,,S"
"AYM00089577","2023-08-21","-80.37","77.37","4084.0","DOME PLATEAU DOME A, AY",,,,," -685","H,,S"
"AYM00089577","2023-08-22","-80.37","77.37","4084.0","DOME PLATEAU DOME A, AY",,,,," -692","H,,S"
"AYM00089577","2023-08-23","-80.37","77.37","4084.0","DOME PLATEAU DOME A, AY",,,,," -688","H,,S"
"AYM00089577","2023-08-24","-80.37","77.37","4084.0","DOME PLATEAU DOME A, AY",,,,," -668","H,,S"
"AYM00089577","2023-08-25","-80.37","77.37","4084.0","DOME PLATEAU DOME A, AY",,,,," -654","H,,S"
"AYM00089577","2023-08-26","-80.37","77.37","4084.0","DOME PLATEAU DOME A, AY",,,,," -651","H,,S"
"AYM00089577","2023-08-27","-80.37","77.37","4084.0","DOME PLATEAU DOME A, AY",,,,," -662","H,,S"
"AYM00089577","2023-08-28","-80.37","77.37","4084.0","DOME PLATEAU DOME A, AY",,,,," -667","H,,S"
"AYM00089577","2023-08-29","-80.37","77.37","4084.0","DOME PLATEAU DOME A, AY",,,,," -673","H,,S"
"AYM00089577","2023-08-30","-80.37","77.37","4084.0","DOME PLATEAU DOME A, AY",,,,," -678","H,,S"
"AYM00089577","2023-08-31","-80.37","77.37","4084.0","DOME PLATEAU DOME A, AY",,,,," -679","H,,S"
"AYM00089577","2023-09-01","-80.37","77.37","4084.0","DOME PLATEAU DOME A, AY",,,,," -678","H,,S"
"AYM00089577","2023-09-02","-80.37","77.37","4084.0","DOME PLATEAU DOME A, AY",,,,," -681","H,,S"
"AYM00089577","2023-09-03","-80.37","77.37","4084.0","DOME PLATEAU DOME A, AY",,,,," -684","H,,S"
"AYM00089577","2023-09-04","-80.37","77.37","4084.0","DOME PLATEAU DOME A, AY",,,,," -691","H,,S"
"AYM00089577","2023-09-05","-80.37","77.37","4084.0","DOME PLATEAU DOME A, AY",,,,," -698","H,,S"
"AYM00089577","2023-09-06","-80.37","77.37","4084.0","DOME PLATEAU DOME A, AY",,,,," -700","H,,S"
"AYM00089577","2023-09-07","-80.37","77.37","4084.0","DOME PLATEAU DOME A, AY",,,,," -703","H,,S"
"AYM00089577","2023-09-08","-80.37","77.37","4084.0","DOME PLATEAU DOME A, AY",,,,," -703","H,,S"
"AYM00089577","2023-09-09","-80.37","77.37","4084.0","DOME PLATEAU DOME A, AY",,,,," -702","H,,S"
"AYM00089577","2023-09-10","-80.37","77.37","4084.0","DOME PLATEAU DOME A, AY",,,,," -697","H,,S"
"AYM00089577","2023-09-11","-80.37","77.37","4084.0","DOME PLATEAU DOME A, AY",,,,," -699","H,,S"
"AYM00089577","2023-09-12","-80.37","77.37","4084.0","DOME PLATEAU DOME A, AY",,,,," -703","H,,S"
"AYM00089577","2023-09-13","-80.37","77.37","4084.0","DOME PLATEAU DOME A, AY",,,,," -691","H,,S"
"AYM00089577","2023-09-14","-80.37","77.37","4084.0","DOME PLATEAU DOME A, AY",,,,," -652","H,,S"
"AYM00089577","2023-09-15","-80.37","77.37","4084.0","DOME PLATEAU DOME A, AY",,,,," -627","H,,S"
"AYM00089577","2023-09-16","-80.37","77.37","4084.0","DOME PLATEAU DOME A, AY",,,,," -604","H,,S"
"AYM00089577","2023-09-17","-80.37","77.37","4084.0","DOME PLATEAU DOME A, AY",,,,," -582","H,,S"
"AYM00089577","2023-09-18","-80.37","77.37","4084.0","DOME PLATEAU DOME A, AY",,,,," -572","H,,S"
"AYM00089577","2023-09-19","-80.37","77.37","4084.0","DOME PLATEAU DOME A, AY",,,,," -572","H,,S"
"AYM00089577","2023-09-20","-80.37","77.37","4084.0","DOME PLATEAU DOME A, AY",,,,," -582","H,,S"
"AYM00089577","2023-09-21","-80.37","77.37","4084.0","DOME PLATEAU DOME A, AY",,,,," -592","H,,S"
"AYM00089577","2023-09-22","-80.37","77.37","4084.0","DOME PLATEAU DOME A, AY",,,,," -599","H,,S"
"AYM00089577","2023-09-23","-80.37","77.37","4084.0","DOME PLATEAU DOME A, AY",,,,," -604","H,,S"
"AYM00089577","2023-09-24","-80.37","77.37","4084.0","DOME PLATEAU DOME A, AY",,,,," -611","H,,S"
"AYM00089577","2023-09-25","-80.37","77.37","4084.0","DOME PLATEAU DOME A, AY",,,,," -615","H,,S"
"AYM00089577","2023-09-26","-80.37","77.37","4084.0","DOME PLATEAU DOME A, AY",,,,," -618","H,,S"
"AYM00089577","2023-09-27","-80.37","77.37","4084.0","DOME PLATEAU DOME A, AY",,,,," -617","H,,S"
"AYM00089577","2023-09-28","-80.37","77.37","4084.0","DOME PLATEAU DOME A, AY",,,,," -621","H,,S"
"AYM00089577","2023-09-29","-80.37","77.37","4084.0","DOME PLATEAU DOME A, AY",,,,," -626","H,,S"
"AYM00089577","2023-09-30","-80.37","77.37","4084.0","DOME PLATEAU DOME A, AY",,,,," -630","H,,S"
"AYM00089577","2023-10-01","-80.37","77.37","4084.0","DOME PLATEAU DOME A, AY",,,,," -636","H,,S"
"AYM00089577","2023-10-02","-80.37","77.37","4084.0","DOME PLATEAU DOME A, AY",,,,," -638","H,,S"
"AYM00089577","2023-10-03","-80.37","77.37","4084.0","DOME PLATEAU DOME A, AY",,,,," -643","H,,S"
"AYM00089577","2023-10-04","-80.37","77.37","4084.0","DOME PLATEAU DOME A, AY",,,,," -650","H,,S"
"AYM00089577","2023-10-05","-80.37","77.37","4084.0","DOME PLATEAU DOME A, AY",,,,," -651","H,,S"
"AYM00089577","2023-10-06","-80.37","77.37","4084.0","DOME PLATEAU DOME A, AY",,,,," -647","H,,S"
"AYM00089577","2023-10-07","-80.37","77.37","4084.0","DOME PLATEAU DOME A, AY",,,,," -652","H,,S"
"AYM00089577","2023-10-08","-80.37","77.37","4084.0","DOME PLATEAU DOME A, AY",,,,," -653","H,,S"
"AYM00089577","2023-10-09","-80.37","77.37","4084.0","DOME PLATEAU DOME A, AY",,,,," -652","H,,S"
"AYM00089577","2023-10-10","-80.37","77.37","4084.0","DOME PLATEAU DOME A, AY",,,,," -643","H,,S"
"AYM00089577","2023-10-11","-80.37","77.37","4084.0","DOME PLATEAU DOME A, AY",,,,," -638","H,,S"
"AYM00089577","2023-10-12","-80.37","77.37","4084.0","DOME PLATEAU DOME A, AY",,,,," -635","H,,S"
"AYM00089577","2023-10-13","-80.37","77.37","4084.0","DOME PLATEAU DOME A, AY",,,,," -637","H,,S"
"AYM00089577","2023-10-14","-80.37","77.37","4084.0","DOME PLATEAU DOME A, AY",,,,," -634","H,,S"
"AYM00089577","2023-10-15","-80.37","77.37","4084.0","DOME PLATEAU DOME A, AY",,,,," -627","H,,S"
"AYM00089577","2023-10-16","-80.37","77.37","4084.0","DOME PLATEAU DOME A, AY",,,,," -624","H,,S"
"AYM00089577","2023-10-17","-80.37","77.37","4084.0","DOME PLATEAU DOME A, AY",,,,," -619","H,,S"
"AYM00089577","2023-10-18","-80.37","77.37","4084.0","DOME PLATEAU DOME A, AY",,,,," -617","H,,S"
"AYM00089577","2023-10-19","-80.37","77.37","4084.0","DOME PLATEAU DOME A, AY",,,,," -615","H,,S"
"AYM00089577","2023-10-20","-80.37","77.37","4084.0","DOME PLATEAU DOME A, AY",,,,," -615","H,,S"
"AYM00089577","2023-10-21","-80.37","77.37","4084.0","DOME PLATEAU DOME A, AY",,,,," -615","H,,S"
"AYM00089577","2023-10-22","-80.37","77.37","4084.0","DOME PLATEAU DOME A, AY",,,,," -615","H,,S"
"AYM00089577","2023-10-23","-80.37","77.37","4084.0","DOME PLATEAU DOME A, AY",,,,," -609","H,,S"
"AYM00089577","2023-10-24","-80.37","77.37","4084.0","DOME PLATEAU DOME A, AY",,,,," -617","H,,S"
"AYM00089577","2023-10-25","-80.37","77.37","4084.0","DOME PLATEAU DOME A, AY",,,,," -615","H,,S"
"AYM00089577","2023-10-26","-80.37","77.37","4084.0","DOME PLATEAU DOME A, AY",,,,," -608","H,,S"
"AYM00089577","2023-10-27","-80.37","77.37","4084.0","DOME PLATEAU DOME A, AY",,,,," -603","H,,S"
"AYM00089577","2023-10-28","-80.37","77.37","4084.0","DOME PLATEAU DOME A, AY",,,,," -596","H,,S"
"AYM00089577","2023-10-29","-80.37","77.37","4084.0","DOME PLATEAU DOME A, AY",,,,," -599","H,,S"
"AYM00089577","2023-10-30","-80.37","77.37","4084.0","DOME PLATEAU DOME A, AY",,,,," -598","H,,S"
"AYM00089577","2023-10-31","-80.37","77.37","4084.0","DOME PLATEAU DOME A, AY",,,,," -599","H,,S"
"AYM00089577","2023-11-01","-80.37","77.37","4084.0","DOME PLATEAU DOME A, AY",,,,," -597","H,,S"
"AYM00089577","2023-11-02","-80.37","77.37","4084.0","DOME PLATEAU DOME A, AY",,,,," -591","H,,S"
"AYM00089577","2023-11-03","-80.37","77.37","4084.0","DOME PLATEAU DOME A, AY",,,,," -583","H,,S"
"AYM00089577","2023-11-04","-80.37","77.37","4084.0","DOME PLATEAU DOME A, AY",,,,," -577","H,,S"
"AYM00089577","2023-11-05","-80.37","77.37","4084.0","DOME PLATEAU DOME A, AY",,,,," -574","H,,S"
"AYM00089577","2023-11-06","-80.37","77.37","4084.0","DOME PLATEAU DOME A, AY",,,,," -571","H,,S"
"AYM00089577","2023-11-07","-80.37","77.37","4084.0","DOME PLATEAU DOME A, AY",,,,," -567","H,,S"
"AYM00089577","2023-11-08","-80.37","77.37","4084.0","DOME PLATEAU DOME A, AY",,,,," -568","H,,S"
"AYM00089577","2023-11-09","-80.37","77.37","4084.0","DOME PLATEAU DOME A, AY",,,,," -567","H,,S"
"AYM00089577","2023-11-10","-80.37","77.37","4084.0","DOME PLATEAU DOME A, AY",,,,," -566","H,,S"
"AYM00089577","2023-11-11","-80.37","77.37","4084.0","DOME PLATEAU DOME A, AY",,,,," -560","H,,S"
"AYM00089577","2023-11-12","-80.37","77.37","4084.0","DOME PLATEAU DOME A, AY",,,,," -560","H,,S"
"AYM00089577","2023-11-13","-80.37","77.37","4084.0","DOME PLATEAU DOME A, AY",,,,," -561","H,,S"
"AYM00089577","2023-11-14","-80.37","77.37","4084.0","DOME PLATEAU DOME A, AY",,,,," -559","H,,S"
"AYM00089577","2023-11-15","-80.37","77.37","4084.0","DOME PLATEAU DOME A, AY",,,,," -558","H,,S"
"AYM00089577","2023-11-16","-80.37","77.37","4084.0","DOME PLATEAU DOME A, AY",,,,," -554","H,,S"
"AYM00089577","2023-11-17","-80.37","77.37","4084.0","DOME PLATEAU DOME A, AY",,,,," -554","H,,S"
"AYM00089577","2023-11-18","-80.37","77.37","4084.0","DOME PLATEAU DOME A, AY",,,,," -552","H,,S"
"AYM00089577","2023-11-19","-80.37","77.37","4084.0","DOME PLATEAU DOME A, AY",,,,," -547","H,,S"
"AYM00089577","2023-11-20","-80.37","77.37","4084.0","DOME PLATEAU DOME A, AY",,,,," -541","H,,S"
"AYM00089577","2023-11-21","-80.37","77.37","4084.0","DOME PLATEAU DOME A, AY",,,,," -536","H,,S"
"AYM00089577","2023-11-22","-80.37","77.37","4084.0","DOME PLATEAU DOME A, AY",,,,," -533","H,,S"
"AYM00089577","2023-11-23","-80.37","77.37","4084.0","DOME PLATEAU DOME A, AY",,,,," -531","H,,S"
"AYM00089577","2023-11-24","-80.37","77.37","4084.0","DOME PLATEAU DOME A, AY",,,,," -529","H,,S"
"AYM00089577","2023-11-25","-80.37","77.37","4084.0","DOME PLATEAU DOME A, AY",,,,," -528","H,,S"
"AYM00089577","2023-11-26","-80.37","77.37","4084.0","DOME PLATEAU DOME A, AY",,,,," -526","H,,S"
"AYM00089577","2023-11-27","-80.37","77.37","4084.0","DOME PLATEAU DOME A, AY",,,,," -523","H,,S"
"AYM00089577","2023-11-28","-80.37","77.37","4084.0","DOME PLATEAU DOME A, AY",,,,," -520","H,,S"
"AYM00089577","2023-11-29","-80.37","77.37","4084.0","DOME PLATEAU DOME A, AY",,,,," -518","H,,S"
"AYM00089577","2023-11-30","-80.37","77.37","4084.0","DOME PLATEAU DOME A, AY",,,,," -514","H,,S"
"AYM00089577","2023-12-01","-80.37","77.37","4084.0","DOME PLATEAU DOME A, AY",,,,," -509","H,,S"
"AYM00089577","2023-12-02","-80.37","77.37","4084.0","DOME PLATEAU DOME A, AY",,,,," -506","H,,S"
"AYM00089577","2023-12-03","-80.37","77.37","4084.0","DOME PLATEAU DOME A, AY",,,,," -502","H,,S"
"AYM00089577","2023-12-04","-80.37","77.37","4084.0","DOME PLATEAU DOME A, AY",,,,," -500","H,,S"
"AYM00089577","2023-12-05","-80.37","77.37","4084.0","DOME PLATEAU DOME A, AY",,,,," -498","H,,S"
"AYM00089577","2023-12-06","-80.37","77.37","4084.0","DOME PLATEAU DOME A, AY",,,,," -493","H,,S"
"AYM00089577","2023-12-07","-80.37","77.37","4084.0","DOME PLATEAU DOME A, AY",,,,," -488","H,,S"
"AYM00089577","2023-12-08","-80.37","77.37","4084.0","DOME PLATEAU DOME A, AY",,,,," -485","H,,S"
"AYM00089577","2023-12-09","-80.37","77.37","4084.0","DOME PLATEAU DOME A, AY",,,,," -483","H,,S"
"AYM00089577","2023-12-10","-80.37","77.37","4084.0","DOME PLATEAU DOME A, AY",,,,," -480","H,,S"
"AYM00089577","2023-12-11","-80.37","77.37","4084.0","DOME PLATEAU DOME A, AY",,,,," -477","H,,S"
"AYM00089577","2023-12-12","-80.37","77.37","4084.0","DOME PLATEAU DOME A, AY",,,,," -473","H,,S"
"AYM00089577","2023-12-13","-80.37","77.37","4084.0","DOME PLATEAU DOME A, AY",,,,," -469","H,,S"
"AYM00089577","2023-12-14","-80.37","77.37","4084.0","DOME PLATEAU DOME A, AY",,,,," -467","H,,S"
"AYM00089577","2023-12-15","-80.37","77.37","4084.0","DOME PLATEAU DOME A, AY",,,,," -463","H,,S"
"AYM00089577","2023-12-16","-80.37","77.37","4084.0","DOME PLATEAU DOME A, AY",,,,," -460","H,,S"
"AYM00089577","2023-12-17","-80.37","77.37","4084.0","DOME PLATEAU DOME A, AY",,,,," -457","H,,S"
"AYM00089577","2023-12-18","-80.37","77.37","4084.0","DOME PLATEAU DOME A, AY",,,,," -454","H,,S"
"AYM00089577","2023-12-19","-80.37","77.37","4084.0","DOME PLATEAU DOME A, AY",,,,," -452","H,,S"
"AYM00089577","2023-12-20","-80.37","77.37","4084.0","DOME PLATEAU DOME A, AY",,,,," -447","H,,S"
"AYM00089577","2023-12-21","-80.37","77.37","4084.0","DOME PLATEAU DOME A, AY",,,,," -449","H,,S"
"AYM00089577","2023-12-22","-80.37","77.37","4084.0","DOME PLATEAU DOME A, AY",,,,," -448","H,,S"
"AYM00089577","2023-12-23","-80.37","77.37","4084.0","DOME PLATEAU DOME A, AY",,,,," -447","H,,S"
"AYM00089577","2023-12-24","-80.37","77.37","4084.0","DOME PLATEAU DOME A, AY",,,,," -444","H,,S"
"AYM00089577","2023-12-25","-80.37","77.37","4084.0","DOME PLATEAU DOME A, AY",,,,," -444","H,,S"
"AYM00089577","2023-12-26","-80.37","77.37","4084.0","DOME PLATEAU DOME A, AY",,,,," -442","H,,S"
"AYM00089577","2023-12-27","-80.37","77.37","4084.0","DOME PLATEAU DOME A, AY",,,,," -444","H,,S"
"AYM00089577","2023-12-28","-80.37","77.37","4084.0","DOME PLATEAU DOME A, AY",,,,," -443","H,,S"
"AYM00089577","2023-12-29","-80.37","77.37","4084.0","DOME PLATEAU DOME A, AY",,,,," -443","H,,S"
"AYM00089577","2023-12-30","-80.37","77.37","4084.0","DOME PLATEAU DOME A, AY",,,,," -443","H,,S"
"AYM00089577","2023-12-31","-80.37","77.37","4084.0","DOME PLATEAU DOME A, AY",,,,," -442","H,,S"
"AYM00089577","2024-01-01","-80.37","77.37","4084.0","DOME PLATEAU DOME A, AY",,,,," -441","H,,S"
"AYM00089577","2024-01-02","-80.37","77.37","4084.0","DOME PLATEAU DOME A, AY",,,,," -440","H,,S"
"AYM00089577","2024-01-03","-80.37","77.37","4084.0","DOME PLATEAU DOME A, AY",,,,," -439","H,,S"
"AYM00089577","2024-01-04","-80.37","77.37","4084.0","DOME PLATEAU DOME A, AY",,,,," -438","H,,S"
"AYM00089577","2024-01-05","-80.37","77.37","4084.0","DOME PLATEAU DOME A, AY",,,,," -437","H,,S"
"AYM00089577","2024-01-06","-80.37","77.37","4084.0","DOME PLATEAU DOME A, AY",,,,," -434","H,,S"
"AYM00089577","2024-01-07","-80.37","77.37","4084.0","DOME PLATEAU DOME A, AY",,,,," -436","H,,S"
"AYM00089577","2024-01-08","-80.37","77.37","4084.0","DOME PLATEAU DOME A, AY",,,,," -435","H,,S"
"AYM00089577","2024-01-09","-80.37","77.37","4084.0","DOME PLATEAU DOME A, AY",,,,," -433","H,,S"
"AYM00089577","2024-01-10","-80.37","77.37","4084.0","DOME PLATEAU DOME A, AY",,,,," -432","H,,S"
"AYM00089577","2024-01-11","-80.37","77.37","4084.0","DOME PLATEAU DOME A, AY",,,,," -431","H,,S"
"AYM00089577","2024-01-12","-80.37","77.37","4084.0","DOME PLATEAU DOME A, AY",,,,," -429","H,,S"
"AYM00089577","2024-01-13","-80.37","77.37","4084.0","DOME PLATEAU DOME A, AY",,,,," -427","H,,S"
"AYM00089577","2024-01-14","-80.37","77.37","4084.0","DOME PLATEAU DOME A, AY",,,,," -427","H,,S"
"AYM00089577","2024-01-15","-80.37","77.37","4084.0","DOME PLATEAU DOME A, AY",,,,," -424","H,,S"
"AYM00089577","2024-01-16","-80.37","77.37","4084.0","DOME PLATEAU DOME A, AY",,,,," -425","H,,S"
"AYM00089577","2024-01-17","-80.37","77.37","4084.0","DOME PLATEAU DOME A, AY",,,,," -424","H,,S"
"AYM00089577","2024-01-18","-80.37","77.37","4084.0","DOME PLATEAU DOME A, AY",,,,," -423","H,,S"
"AYM00089577","2024-01-19","-80.37","77.37","4084.0","DOME PLATEAU DOME A, AY",,,,," -422","H,,S"
"AYM00089577","2024-01-20","-80.37","77.37","4084.0","DOME PLATEAU DOME A, AY",,,,," -423","H,,S"
"AYM00089577","2024-01-21","-80.37","77.37","4084.0","DOME PLATEAU DOME A, AY",,,,," -424","H,,S"
"AYM00089577","2024-01-22","-80.37","77.37","4084.0","DOME PLATEAU DOME A, AY",,,,," -425","H,,S"
"AYM00089577","2024-01-23","-80.37","77.37","4084.0","DOME PLATEAU DOME A, AY",,,,," -426","H,,S"
"AYM00089577","2024-01-24","-80.37","77.37","4084.0","DOME PLATEAU DOME A, AY",,,,," -427","H,,S"
"AYM00089577","2024-01-25","-80.37","77.37","4084.0","DOME PLATEAU DOME A, AY",,,,," -425","H,,S"
"AYM00089577","2024-01-26","-80.37","77.37","4084.0","DOME PLATEAU DOME A, AY",,,,," -428","H,,S"
"AYM00089577","2024-01-27","-80.37","77.37","4084.0","DOME PLATEAU DOME A, AY",,,,," -423","H,,S"
"AYM00089577","2024-01-28","-80.37","77.37","4084.0","DOME PLATEAU DOME A, AY",,,,," -427","H,,S"
"AYM00089577","2024-01-29","-80.37","77.37","4084.0","DOME PLATEAU DOME A, AY",,,,," -425","H,,S"
"AYM00089577","2024-01-30","-80.37","77.37","4084.0","DOME PLATEAU DOME A, AY",,,,," -423","H,,S"
"AYM00089577","2024-01-31","-80.37","77.37","4084.0","DOME PLATEAU DOME A, AY",,,,," -420","H,,S"
"AYM00089577","2024-02-01","-80.37","77.37","4084.0","DOME PLATEAU DOME A, AY",,,,," -419","H,,S"
"AYM00089577","2024-02-02","-80.37","77.37","4084.0","DOME PLATEAU DOME A, AY",,,,," -415","H,,S"
"AYM00089577","2024-02-03","-80.37","77.37","4084.0","DOME PLATEAU DOME A, AY",,,,," -419","H,,S"
"AYM00089577","2024-02-04","-80.37","77.37","4084.0","DOME PLATEAU DOME A, AY",,,,," -423","H,,S"
"AYM00089577","2024-02-05","-80.37","77.37","4084.0","DOME PLATEAU DOME A, AY",,,,," -425","H,,S"
"AYM00089577","2024-02-06","-80.37","77.37","4084.0","DOME PLATEAU DOME A, AY",,,,," -426","H,,S"
"AYM00089577","2024-02-07","-80.37","77.37","4084.0","DOME PLATEAU DOME A, AY",,,,," -431","H,,S"
"AYM00089577","2024-02-08","-80.37","77.37","4084.0","DOME PLATEAU DOME A, AY",,,,," -434","H,,S"
"AYM00089577","2024-02-09","-80.37","77.37","4084.0","DOME PLATEAU DOME A, AY",,,,," -437","H,,S"
"AYM00089577","2024-02-10","-80.37","77.37","4084.0","DOME PLATEAU DOME A, AY",,,,," -439","H,,S"
"AYM00089577","2024-02-11","-80.37","77.37","4084.0","DOME PLATEAU DOME A, AY",,,,," -442","H,,S"
"AYM00089577","2024-02-12","-80.37","77.37","4084.0","DOME PLATEAU DOME A, AY",,,,," -442","H,,S"
"AYM00089577","2024-02-13","-80.37","77.37","4084.0","DOME PLATEAU DOME A, AY",,,,," -445","H,,S"
"AYM00089577","2024-02-14","-80.37","77.37","4084.0","DOME PLATEAU DOME A, AY",,,,," -447","H,,S"
"AYM00089577","2024-02-15","-80.37","77.37","4084.0","DOME PLATEAU DOME A, AY",,,,," -449","H,,S"
"AYM00089577","2024-02-16","-80.37","77.37","4084.0","DOME PLATEAU DOME A, AY",,,,," -450","H,,S"
"AYM00089577","2024-02-17","-80.37","77.37","4084.0","DOME PLATEAU DOME A, AY",,,,," -450","H,,S"
"AYM00089577","2024-02-18","-80.37","77.37","4084.0","DOME PLATEAU DOME A, AY",,,,," -453","H,,S"
"AYM00089577","2024-02-19","-80.37","77.37","4084.0","DOME PLATEAU DOME A, AY",,,,," -456","H,,S"
"AYM00089577","2024-02-20","-80.37","77.37","4084.0","DOME PLATEAU DOME A, AY",,,,," -461","H,,S"
"AYM00089577","2024-02-21","-80.37","77.37","4084.0","DOME PLATEAU DOME A, AY",,,,," -472","H,,S"
"AYM00089577","2024-02-22","-80.37","77.37","4084.0","DOME PLATEAU DOME A, AY",,,,," -472","H,,S"
"AYM00089577","2024-02-23","-80.37","77.37","4084.0","DOME PLATEAU DOME A, AY",,,,," -480","H,,S"
"AYM00089577","2024-02-24","-80.37","77.37","4084.0","DOME PLATEAU DOME A, AY",,,,," -482","H,,S"
"AYM00089577","2024-02-25","-80.37","77.37","4084.0","DOME PLATEAU DOME A, AY",,,,," -484","H,,S"
"AYM00089577","2024-02-26","-80.37","77.37","4084.0","DOME PLATEAU DOME A, AY",,,,," -486","H,,S"
"AYM00089577","2024-02-27","-80.37","77.37","4084.0","DOME PLATEAU DOME A, AY",,,,," -488","H,,S"
"AYM00089577","2024-02-28","-80.37","77.37","4084.0","DOME PLATEAU DOME A, AY",,,,," -490","H,,S"
"AYM00089577","2024-02-29","-80.37","77.37","4084.0","DOME PLATEAU DOME A, AY",,,,," -492","H,,S"
"AYM00089577","2024-03-01","-80.37","77.37","4084.0","DOME PLATEAU DOME A, AY",,,,," -494","H,,S"
"AYM00089577","2024-03-02","-80.37","77.37","4084.0","DOME PLATEAU DOME A, AY",,,,," -498","H,,S"
"AYM00089577","2024-03-03","-80.37","77.37","4084.0","DOME PLATEAU DOME A, AY",,,,," -501","H,,S"
"AYM00089577","2024-03-04","-80.37","77.37","4084.0","DOME PLATEAU DOME A, AY",,,,," -505","H,,S"
"AYM00089577","2024-03-05","-80.37","77.37","4084.0","DOME PLATEAU DOME A, AY",,,,," -506","H,,S"
"AYM00089577","2024-03-06","-80.37","77.37","4084.0","DOME PLATEAU DOME A, AY",,,,," -504","H,,S"
"AYM00089577","2024-03-07","-80.37","77.37","4084.0","DOME PLATEAU DOME A, AY",,,,," -503","H,,S"
"AYM00089577","2024-03-08","-80.37","77.37","4084.0","DOME PLATEAU DOME A, AY",,,,," -505","H,,S"
"AYM00089577","2024-03-09","-80.37","77.37","4084.0","DOME PLATEAU DOME A, AY",,,,," -508","H,,S"
"AYM00089577","2024-03-10","-80.37","77.37","4084.0","DOME PLATEAU DOME A, AY",,,,," -513","H,,S"
"AYM00089577","2024-03-11","-80.37","77.37","4084.0","DOME PLATEAU DOME A, AY",,,,," -518","H,,S"
"AYM00089577","2024-03-12","-80.37","77.37","4084.0","DOME PLATEAU DOME A, AY",,,,," -523","H,,S"
"AYM00089577","2024-03-13","-80.37","77.37","4084.0","DOME PLATEAU DOME A, AY",,,,," -529","H,,S"
"AYM00089577","2024-03-14","-80.37","77.37","4084.0","DOME PLATEAU DOME A, AY",,,,," -534","H,,S"
"AYM00089577","2024-03-15","-80.37","77.37","4084.0","DOME PLATEAU DOME A, AY",,,,," -538","H,,S"
"AYM00089577","2024-03-16","-80.37","77.37","4084.0","DOME PLATEAU DOME A, AY",,,,," -541","H,,S"
"AYM00089577","2024-03-17","-80.37","77.37","4084.0","DOME PLATEAU DOME A, AY",,,,," -544","H,,S"
"AYM00089577","2024-03-18","-80.37","77.37","4084.0","DOME PLATEAU DOME A, AY",,,,," -547","H,,S"
"AYM00089577","2024-03-21","-80.37","77.37","4084.0","DOME PLATEAU DOME A, AY",,,,," -555","H,,S"
"AYM00089577","2024-03-24","-80.37","77.37","4084.0","DOME PLATEAU DOME A, AY",,,,," -562","H,,S"
"AYM00089577","2024-03-26","-80.37","77.37","4084.0","DOME PLATEAU DOME A, AY",,,,," -566","H,,S"
"AYM00089577","2024-03-27","-80.37","77.37","4084.0","DOME PLATEAU DOME A, AY",,,,," -569","H,,S"
"AYM00089577","2024-04-01","-80.37","77.37","4084.0","DOME PLATEAU DOME A, AY",,,,," -577","H,,S"
"AYM00089577","2024-04-02","-80.37","77.37","4084.0","DOME PLATEAU DOME A, AY",,,,," -579","H,,S"
"AYM00089577","2024-04-03","-80.37","77.37","4084.0","DOME PLATEAU DOME A, AY",,,,," -588","H,,S"
"AYM00089577","2024-04-04","-80.37","77.37","4084.0","DOME PLATEAU DOME A, AY",,,,," -588","H,,S"
"AYM00089577","2024-04-05","-80.37","77.37","4084.0","DOME PLATEAU DOME A, AY",,,,," -589","H,,S"
"AYM00089577","2024-04-06","-80.37","77.37","4084.0","DOME PLATEAU DOME A, AY",,,,," -594","H,,S"
"AYM00089577","2024-04-07","-80.37","77.37","4084.0","DOME PLATEAU DOME A, AY",,,,," -598","H,,S"
"AYM00089577","2024-04-08","-80.37","77.37","4084.0","DOME PLATEAU DOME A, AY",,,,," -603","H,,S"
"AYM00089577","2024-04-09","-80.37","77.37","4084.0","DOME PLATEAU DOME A, AY",,,,," -607","H,,S"
"AYM00089577","2024-04-10","-80.37","77.37","4084.0","DOME PLATEAU DOME A, AY",,,,," -611","H,,S"
"AYM00089577","2024-04-11","-80.37","77.37","4084.0","DOME PLATEAU DOME A, AY",,,,," -616","H,,S"
"AYM00089577","2024-04-12","-80.37","77.37","4084.0","DOME PLATEAU DOME A, AY",,,,," -619","H,,S"
"AYM00089577","2024-04-13","-80.37","77.37","4084.0","DOME PLATEAU DOME A, AY",,,,," -621","H,,S"
"AYM00089577","2024-04-14","-80.37","77.37","4084.0","DOME PLATEAU DOME A, AY",,,,," -620","H,,S"
"AYM00089577","2024-04-15","-80.37","77.37","4084.0","DOME PLATEAU DOME A, AY",,,,," -620","H,,S"
"AYM00089577","2024-04-16","-80.37","77.37","4084.0","DOME PLATEAU DOME A, AY",,,,," -622","H,,S"
"AYM00089577","2024-04-17","-80.37","77.37","4084.0","DOME PLATEAU DOME A, AY",,,,," -620","H,,S"
"AYM00089577","2024-04-18","-80.37","77.37","4084.0","DOME PLATEAU DOME A, AY",,,,," -622","H,,S"
"AYM00089577","2024-04-19","-80.37","77.37","4084.0","DOME PLATEAU DOME A, AY",,,,," -623","H,,S"
"AYM00089577","2024-04-20","-80.37","77.37","4084.0","DOME PLATEAU DOME A, AY",,,,," -623","H,,S"
"AYM00089577","2024-04-21","-80.37","77.37","4084.0","DOME PLATEAU DOME A, AY",,,,," -628","H,,S"
"AYM00089577","2024-04-22","-80.37","77.37","4084.0","DOME PLATEAU DOME A, AY",,,,," -630","H,,S"
"AYM00089577","2024-04-23","-80.37","77.37","4084.0","DOME PLATEAU DOME A, AY",,,,," -633","H,,S"
"AYM00089577","2024-04-24","-80.37","77.37","4084.0","DOME PLATEAU DOME A, AY",,,,," -632","H,,S"
"AYM00089577","2024-04-25","-80.37","77.37","4084.0","DOME PLATEAU DOME A, AY",,,,," -632","H,,S"
"AYM00089577","2024-04-26","-80.37","77.37","4084.0","DOME PLATEAU DOME A, AY",,,,," -629","H,,S"
"AYM00089577","2024-04-27","-80.37","77.37","4084.0","DOME PLATEAU DOME A, AY",,,,," -624","H,,S"
"AYM00089577","2024-04-28","-80.37","77.37","4084.0","DOME PLATEAU DOME A, AY",,,,," -631","H,,S"
"AYM00089577","2024-04-29","-80.37","77.37","4084.0","DOME PLATEAU DOME A, AY",,,,," -632","H,,S"
"AYM00089577","2024-04-30","-80.37","77.37","4084.0","DOME PLATEAU DOME A, AY",,,,," -635","H,,S"
"AYM00089577","2024-05-02","-80.37","77.37","4084.0","DOME PLATEAU DOME A, AY",,,,," -636","H,,S"
"AYM00089577","2024-05-03","-80.37","77.37","4084.0","DOME PLATEAU DOME A, AY",,,,," -634","H,,S"
"AYM00089577","2024-05-04","-80.37","77.37","4084.0","DOME PLATEAU DOME A, AY",,,,," -632","H,,S"
"AYM00089577","2024-05-05","-80.37","77.37","4084.0","DOME PLATEAU DOME A, AY",,,,," -628","H,,S"
"AYM00089577","2024-05-06","-80.37","77.37","4084.0","DOME PLATEAU DOME A, AY",,,,," -626","H,,S"
"AYM00089577","2024-05-07","-80.37","77.37","4084.0","DOME PLATEAU DOME A, AY",,,,," -624","H,,S"
"AYM00089577","2024-05-08","-80.37","77.37","4084.0","DOME PLATEAU DOME A, AY",,,,," -626","H,,S"
"AYM00089577","2024-05-09","-80.37","77.37","4084.0","DOME PLATEAU DOME A, AY",,,,," -625","H,,S"
"AYM00089577","2024-05-10","-80.37","77.37","4084.0","DOME PLATEAU DOME A, AY",,,,," -628","H,,S"
"AYM00089577","2024-05-11","-80.37","77.37","4084.0","DOME PLATEAU DOME A, AY",,,,," -627","H,,S"
"AYM00089577","2024-05-12","-80.37","77.37","4084.0","DOME PLATEAU DOME A, AY",,,,," -627","H,,S"
"AYM00089577","2024-05-13","-80.37","77.37","4084.0","DOME PLATEAU DOME A, AY",,,,," -624","H,,S"
"AYM00089577","2024-05-14","-80.37","77.37","4084.0","DOME PLATEAU DOME A, AY",,,,," -622","H,,S"
"AYM00089577","2024-05-15","-80.37","77.37","4084.0","DOME PLATEAU DOME A, AY",,,,," -620","H,,S"
"AYM00089577","2024-05-16","-80.37","77.37","4084.0","DOME PLATEAU DOME A, AY",,,,," -617","H,,S"
"AYM00089577","2024-05-17","-80.37","77.37","4084.0","DOME PLATEAU DOME A, AY",,,,," -614","H,,S"
"AYM00089577","2024-05-18","-80.37","77.37","4084.0","DOME PLATEAU DOME A, AY",,,,," -624","H,,S"
"AYM00089577","2024-05-19","-80.37","77.37","4084.0","DOME PLATEAU DOME A, AY",,,,," -627","H,,S"
"AYM00089577","2024-05-20","-80.37","77.37","4084.0","DOME PLATEAU DOME A, AY",,,,," -633","H,,S"
"AYM00089577","2024-05-21","-80.37","77.37","4084.0","DOME PLATEAU DOME A, AY",,,,," -638","H,,S"
"AYM00089577","2024-05-22","-80.37","77.37","4084.0","DOME PLATEAU DOME A, AY",,,,," -644","H,,S"
"AYM00089577","2024-05-23","-80.37","77.37","4084.0","DOME PLATEAU DOME A, AY",,,,," -656","H,,S"
"AYM00089577","2024-05-24","-80.37","77.37","4084.0","DOME PLATEAU DOME A, AY",,,,," -651","H,,S"
"AYM00089577","2024-05-25","-80.37","77.37","4084.0","DOME PLATEAU DOME A, AY",,,,," -651","H,,S"
"AYM00089577","2024-05-26","-80.37","77.37","4084.0","DOME PLATEAU DOME A, AY",,,,," -648","H,,S"
"AYM00089577","2024-05-27","-80.37","77.37","4084.0","DOME PLATEAU DOME A, AY",,,,," -639","H,,S"
"AYM00089577","2024-05-28","-80.37","77.37","4084.0","DOME PLATEAU DOME A, AY",,,,," -631","H,,S"
"AYM00089577","2024-05-29","-80.37","77.37","4084.0","DOME PLATEAU DOME A, AY",,,,," -623","H,,S"
"AYM00089577","2024-05-30","-80.37","77.37","4084.0","DOME PLATEAU DOME A, AY",,,,," -622","H,,S"
"AYM00089577","2024-05-31","-80.37","77.37","4084.0","DOME PLATEAU DOME A, AY",,,,," -622","H,,S"
"AYM00089577","2024-06-01","-80.37","77.37","4084.0","DOME PLATEAU DOME A, AY",,,,," -616","H,,S"
"AYM00089577","2024-06-02","-80.37","77.37","4084.0","DOME PLATEAU DOME A, AY",,,,," -615","H,,S"
"AYM00089577","2024-06-03","-80.37","77.37","4084.0","DOME PLATEAU DOME A, AY",,,,," -614","H,,S"
"AYM00089577","2024-06-04","-80.37","77.37","4084.0","DOME PLATEAU DOME A, AY",,,,," -611","H,,S"
"AYM00089577","2024-06-05","-80.37","77.37","4084.0","DOME PLATEAU DOME A, AY",,,,," -608","H,,S"
"AYM00089577","2024-06-06","-80.37","77.37","4084.0","DOME PLATEAU DOME A, AY",,,,," -612","H,,S"
"AYM00089577","2024-06-07","-80.37","77.37","4084.0","DOME PLATEAU DOME A, AY",,,,," -617","H,,S"
"AYM00089577","2024-06-08","-80.37","77.37","4084.0","DOME PLATEAU DOME A, AY",,,,," -621","H,,S"
"AYM00089577","2024-06-09","-80.37","77.37","4084.0","DOME PLATEAU DOME A, AY",,,,," -625","H,,S"
"AYM00089577","2024-06-10","-80.37","77.37","4084.0","DOME PLATEAU DOME A, AY",,,,," -630","H,,S"
"AYM00089577","2024-06-11","-80.37","77.37","4084.0","DOME PLATEAU DOME A, AY",,,,," -633","H,,S"
"AYM00089577","2024-06-12","-80.37","77.37","4084.0","DOME PLATEAU DOME A, AY",,,,," -636","H,,S"
"AYM00089577","2024-06-13","-80.37","77.37","4084.0","DOME PLATEAU DOME A, AY",,,,," -636","H,,S"
"AYM00089577","2024-06-14","-80.37","77.37","4084.0","DOME PLATEAU DOME A, AY",,,,," -639","H,,S"
"AYM00089577","2024-06-15","-80.37","77.37","4084.0","DOME PLATEAU DOME A, AY",,,,," -638","H,,S"
"AYM00089577","2024-06-16","-80.37","77.37","4084.0","DOME PLATEAU DOME A, AY",,,,," -641","H,,S"
"AYM00089577","2024-06-17","-80.37","77.37","4084.0","DOME PLATEAU DOME A, AY",,,,," -644","H,,S"
"AYM00089577","2024-06-18","-80.37","77.37","4084.0","DOME PLATEAU DOME A, AY",,,,," -647","H,,S"
"AYM00089577","2024-06-19","-80.37","77.37","4084.0","DOME PLATEAU DOME A, AY",,,,," -650","H,,S"
"AYM00089577","2024-06-20","-80.37","77.37","4084.0","DOME PLATEAU DOME A, AY",,,,," -654","H,,S"
"AYM00089577","2024-06-21","-80.37","77.37","4084.0","DOME PLATEAU DOME A, AY",,,,," -656","H,,S"
"AYM00089577","2024-06-22","-80.37","77.37","4084.0","DOME PLATEAU DOME A, AY",,,,," -658","H,,S"
"AYM00089577","2024-06-23","-80.37","77.37","4084.0","DOME PLATEAU DOME A, AY",,,,," -658","H,,S"
"AYM00089577","2024-06-24","-80.37","77.37","4084.0","DOME PLATEAU DOME A, AY",,,,," -657","H,,S"
"AYM00089577","2024-06-25","-80.37","77.37","4084.0","DOME PLATEAU DOME A, AY",,,,," -654","H,,S"
"AYM00089577","2024-06-26","-80.37","77.37","4084.0","DOME PLATEAU DOME A, AY",,,,," -651","H,,S"
"AYM00089577","2024-06-27","-80.37","77.37","4084.0","DOME PLATEAU DOME A, AY",,,,," -652","H,,S"
"AYM00089577","2024-06-28","-80.37","77.37","4084.0","DOME PLATEAU DOME A, AY",,,,," -647","H,,S"
"AYM00089577","2024-06-29","-80.37","77.37","4084.0","DOME PLATEAU DOME A, AY",,,,," -643","H,,S"
"AYM00089577","2024-06-30","-80.37","77.37","4084.0","DOME PLATEAU DOME A, AY",,,,," -639","H,,S"
"AYM00089577","2024-07-01","-80.37","77.37","4084.0","DOME PLATEAU DOME A, AY",,,,," -632","H,,S"
"AYM00089577","2024-07-02","-80.37","77.37","4084.0","DOME PLATEAU DOME A, AY",,,,," -617","H,,S"
"AYM00089577","2024-07-03","-80.37","77.37","4084.0","DOME PLATEAU DOME A, AY",,,,," -618","H,,S"
"AYM00089577","2024-07-04","-80.37","77.37","4084.0","DOME PLATEAU DOME A, AY",,,,," -618","H,,S"
"AYM00089577","2024-07-05","-80.37","77.37","4084.0","DOME PLATEAU DOME A, AY",,,,," -623","H,,S"
"AYM00089577","2024-07-06","-80.37","77.37","4084.0","DOME PLATEAU DOME A, AY",,,,," -629","H,,S"
"AYM00089577","2024-07-07","-80.37","77.37","4084.0","DOME PLATEAU DOME A, AY",,,,," -632","H,,S"
"AYM00089577","2024-07-08","-80.37","77.37","4084.0","DOME PLATEAU DOME A, AY",,,,," -633","H,,S"
"AYM00089577","2024-07-09","-80.37","77.37","4084.0","DOME PLATEAU DOME A, AY",,,,," -633","H,,S"
"AYM00089577","2024-07-10","-80.37","77.37","4084.0","DOME PLATEAU DOME A, AY",,,,," -633","H,,S"
"AYM00089577","2024-07-11","-80.37","77.37","4084.0","DOME PLATEAU DOME A, AY",,,,," -638","H,,S"
"AYM00089577","2024-07-12","-80.37","77.37","4084.0","DOME PLATEAU DOME A, AY",,,,," -639","H,,S"
"AYM00089577","2024-07-13","-80.37","77.37","4084.0","DOME PLATEAU DOME A, AY",,,,," -640","H,,S"
"AYM00089577","2024-07-14","-80.37","77.37","4084.0","DOME PLATEAU DOME A, AY",,,,," -640","H,,S"
"AYM00089577","2024-07-15","-80.37","77.37","4084.0","DOME PLATEAU DOME A, AY",,,,," -645","H,,S"
"AYM00089577","2024-07-16","-80.37","77.37","4084.0","DOME PLATEAU DOME A, AY",,,,," -648","H,,S"
"AYM00089577","2024-07-17","-80.37","77.37","4084.0","DOME PLATEAU DOME A, AY",,,,," -647","H,,S"
"AYM00089577","2024-07-18","-80.37","77.37","4084.0","DOME PLATEAU DOME A, AY",,,,," -647","H,,S"
"AYM00089577","2024-07-19","-80.37","77.37","4084.0","DOME PLATEAU DOME A, AY",,,,," -648","H,,S"
"AYM00089577","2024-07-20","-80.37","77.37","4084.0","DOME PLATEAU DOME A, AY",,,,," -642","H,,S"
"AYM00089577","2024-07-21","-80.37","77.37","4084.0","DOME PLATEAU DOME A, AY",,,,," -635","H,,S"
"AYM00089577","2024-07-22","-80.37","77.37","4084.0","DOME PLATEAU DOME A, AY",,,,," -636","H,,S"
"AYM00089577","2024-07-23","-80.37","77.37","4084.0","DOME PLATEAU DOME A, AY",,,,," -630","H,,S"
"AYM00089577","2024-07-24","-80.37","77.37","4084.0","DOME PLATEAU DOME A, AY",,,,," -621","H,,S"
"AYM00089577","2024-07-25","-80.37","77.37","4084.0","DOME PLATEAU DOME A, AY",,,,," -616","H,,S"
"AYM00089577","2024-07-26","-80.37","77.37","4084.0","DOME PLATEAU DOME A, AY",,,,," -620","H,,S"
"AYM00089577","2024-07-27","-80.37","77.37","4084.0","DOME PLATEAU DOME A, AY",,,,," -622","H,,S"
"AYM00089577","2024-07-28","-80.37","77.37","4084.0","DOME PLATEAU DOME A, AY",,,,," -624","H,,S"
"AYM00089577","2024-07-29","-80.37","77.37","4084.0","DOME PLATEAU DOME A, AY",,,,," -618","H,,S"
"AYM00089577","2024-07-30","-80.37","77.37","4084.0","DOME PLATEAU DOME A, AY",,,,," -613","H,,S"
"AYM00089577","2024-07-31","-80.37","77.37","4084.0","DOME PLATEAU DOME A, AY",,,,," -612","H,,S"
"AYM00089577","2024-08-01","-80.37","77.37","4084.0","DOME PLATEAU DOME A, AY",,,,," -609","H,,S"
"AYM00089577","2024-08-02","-80.37","77.37","4084.0","DOME PLATEAU DOME A, AY",,,,," -606","H,,S"
"AYM00089577","2024-08-03","-80.37","77.37","4084.0","DOME PLATEAU DOME A, AY",,,,," -604","H,,S"
"AYM00089577","2024-08-04","-80.37","77.37","4084.0","DOME PLATEAU DOME A, AY",,,,," -598","H,,S"
"AYM00089577","2024-08-05","-80.37","77.37","4084.0","DOME PLATEAU DOME A, AY",,,,," -594","H,,S"
"AYM00089577","2024-08-06","-80.37","77.37","4084.0","DOME PLATEAU DOME A, AY",,,,," -585","H,,S"
"AYM00089577","2024-08-07","-80.37","77.37","4084.0","DOME PLATEAU DOME A, AY",,,,," -576","H,,S"
"AYM00089577","2024-08-08","-80.37","77.37","4084.0","DOME PLATEAU DOME A, AY",,,,," -580","H,,S"
"AYM00089577","2024-08-09","-80.37","77.37","4084.0","DOME PLATEAU DOME A, AY",,,,," -583","H,,S"
"AYM00089577","2024-08-10","-80.37","77.37","4084.0","DOME PLATEAU DOME A, AY",,,,," -593","H,,S"
"AYM00089577","2024-08-11","-80.37","77.37","4084.0","DOME PLATEAU DOME A, AY",,,,," -598","H,,S"
"AYM00089577","2024-08-13","-80.37","77.37","4084.0","DOME PLATEAU DOME A, AY",,,,," -616","H,,S"
"AYM00089577","2024-08-14","-80.37","77.37","4084.0","DOME PLATEAU DOME A, AY",,,,," -621","H,,S"
"AYM00089577","2024-08-15","-80.37","77.37","4084.0","DOME PLATEAU DOME A, AY",,,,," -622","H,,S"
"AYM00089577","2024-08-16","-80.37","77.37","4084.0","DOME PLATEAU DOME A, AY",,,,," -616","H,,S"
"AYM00089577","2024-08-17","-80.37","77.37","4084.0","DOME PLATEAU DOME A, AY",,,,," -611","H,,S"
"AYM00089577","2024-08-18","-80.37","77.37","4084.0","DOME PLATEAU DOME A, AY",,,,," -605","H,,S"
"AYM00089577","2024-08-19","-80.37","77.37","4084.0","DOME PLATEAU DOME A, AY",,,,," -599","H,,S"
"AYM00089577","2024-08-20","-80.37","77.37","4084.0","DOME PLATEAU DOME A, AY",,,,," -602","H,,S"
"AYM00089577","2024-08-21","-80.37","77.37","4084.0","DOME PLATEAU DOME A, AY",,,,," -601","H,,S"
"AYM00089577","2024-08-22","-80.37","77.37","4084.0","DOME PLATEAU DOME A, AY",,,,," -604","H,,S"
"AYM00089577","2024-08-23","-80.37","77.37","4084.0","DOME PLATEAU DOME A, AY",,,,," -603","H,,S"
"AYM00089577","2024-08-24","-80.37","77.37","4084.0","DOME PLATEAU DOME A, AY",,,,," -605","H,,S"
"AYM00089577","2024-08-25","-80.37","77.37","4084.0","DOME PLATEAU DOME A, AY",,,,," -605","H,,S"
"AYM00089577","2024-08-26","-80.37","77.37","4084.0","DOME PLATEAU DOME A, AY",,,,," -604","H,,S"
"AYM00089577","2024-08-27","-80.37","77.37","4084.0","DOME PLATEAU DOME A, AY",,,,," -615","H,,S"
"AYM00089577","2024-08-28","-80.37","77.37","4084.0","DOME PLATEAU DOME A, AY",,,,," -617","H,,S"
"AYM00089577","2024-08-29","-80.37","77.37","4084.0","DOME PLATEAU DOME A, AY",,,,," -610","H,,S"
"AYM00089577","2024-08-30","-80.37","77.37","4084.0","DOME PLATEAU DOME A, AY",,,,," -601","H,,S"
"AYM00089577","2024-08-31","-80.37","77.37","4084.0","DOME PLATEAU DOME A, AY",,,,," -601","H,,S"
"AYM00089577","2024-09-01","-80.37","77.37","4084.0","DOME PLATEAU DOME A, AY",,,,," -598","H,,S"
"AYM00089577","2024-09-02","-80.37","77.37","4084.0","DOME PLATEAU DOME A, AY",,,,," -601","H,,S"
"AYM00089577","2024-09-03","-80.37","77.37","4084.0","DOME PLATEAU DOME A, AY",,,,," -602","H,,S"
"AYM00089577","2024-09-04","-80.37","77.37","4084.0","DOME PLATEAU DOME A, AY",,,,," -604","H,,S"
"AYM00089577","2024-09-05","-80.37","77.37","4084.0","DOME PLATEAU DOME A, AY",,,,," -609","H,,S"
"AYM00089577","2024-09-06","-80.37","77.37","4084.0","DOME PLATEAU DOME A, AY",,,,," -614","H,,S"
"AYM00089577","2024-09-07","-80.37","77.37","4084.0","DOME PLATEAU DOME A, AY",,,,," -623","H,,S"
"AYM00089577","2024-09-08","-80.37","77.37","4084.0","DOME PLATEAU DOME A, AY",,,,," -626","H,,S"
"AYM00089577","2024-09-09","-80.37","77.37","4084.0","DOME PLATEAU DOME A, AY",,,,," -633","H,,S"
"AYM00089577","2024-09-10","-80.37","77.37","4084.0","DOME PLATEAU DOME A, AY",,,,," -637","H,,S"
"AYM00089577","2024-09-11","-80.37","77.37","4084.0","DOME PLATEAU DOME A, AY",,,,," -638","H,,S"
"AYM00089577","2024-09-12","-80.37","77.37","4084.0","DOME PLATEAU DOME A, AY",,,,," -641","H,,S"
"AYM00089577","2024-09-13","-80.37","77.37","4084.0","DOME PLATEAU DOME A, AY",,,,," -644","H,,S"
"AYM00089577","2024-09-14","-80.37","77.37","4084.0","DOME PLATEAU DOME A, AY",,,,," -648","H,,S"
"AYM00089577","2024-09-15","-80.37","77.37","4084.0","DOME PLATEAU DOME A, AY",,,,," -652","H,,S"
"AYM00089577","2024-09-16","-80.37","77.37","4084.0","DOME PLATEAU DOME A, AY",,,,," -656","H,,S"
"AYM00089577","2024-09-17","-80.37","77.37","4084.0","DOME PLATEAU DOME A, AY",,,,," -658","H,,S"
"AYM00089577","2024-09-18","-80.37","77.37","4084.0","DOME PLATEAU DOME A, AY",,,,," -655","H,,S"
"AYM00089577","2024-09-19","-80.37","77.37","4084.0","DOME PLATEAU DOME A, AY",,,,," -654","H,,S"
"AYM00089577","2024-09-20","-80.37","77.37","4084.0","DOME PLATEAU DOME A, AY",,,,," -655","H,,S"
"AYM00089577","2024-09-21","-80.37","77.37","4084.0","DOME PLATEAU DOME A, AY",,,,," -656","H,,S"
"AYM00089577","2024-09-22","-80.37","77.37","4084.0","DOME PLATEAU DOME A, AY",,,,," -661","H,,S"
"AYM00089577","2024-09-23","-80.37","77.37","4084.0","DOME PLATEAU DOME A, AY",,,,," -662","H,,S"
"AYM00089577","2024-09-24","-80.37","77.37","4084.0","DOME PLATEAU DOME A, AY",,,,," -662","H,,S"
"AYM00089577","2024-09-25","-80.37","77.37","4084.0","DOME PLATEAU DOME A, AY",,,,," -657","H,,S"
"AYM00089577","2024-09-26","-80.37","77.37","4084.0","DOME PLATEAU DOME A, AY",,,,," -647","H,,S"
"AYM00089577","2024-09-27","-80.37","77.37","4084.0","DOME PLATEAU DOME A, AY",,,,," -635","H,,S"
"AYM00089577","2024-09-28","-80.37","77.37","4084.0","DOME PLATEAU DOME A, AY",,,,," -638","H,,S"
"AYM00089577","2024-09-29","-80.37","77.37","4084.0","DOME PLATEAU DOME A, AY",,,,," -641","H,,S"
"AYM00089577","2024-09-30","-80.37","77.37","4084.0","DOME PLATEAU DOME A, AY",,,,," -644","H,,S"
"AYM00089577","2024-10-01","-80.37","77.37","4084.0","DOME PLATEAU DOME A, AY",,,,," -646","H,,S"
"AYM00089577","2024-10-02","-80.37","77.37","4084.0","DOME PLATEAU DOME A, AY",,,,," -643","H,,S"
"AYM00089577","2024-10-03","-80.37","77.37","4084.0","DOME PLATEAU DOME A, AY",,,,," -641","H,,S"
"AYM00089577","2024-10-04","-80.37","77.37","4084.0","DOME PLATEAU DOME A, AY",,,,," -642","H,,S"
"AYM00089577","2024-10-05","-80.37","77.37","4084.0","DOME PLATEAU DOME A, AY",,,,," -644","H,,S"
"AYM00089577","2024-10-06","-80.37","77.37","4084.0","DOME PLATEAU DOME A, AY",,,,," -646","H,,S"
"AYM00089577","2024-10-07","-80.37","77.37","4084.0","DOME PLATEAU DOME A, AY",,,,," -644","H,,S"
"AYM00089577","2024-10-08","-80.37","77.37","4084.0","DOME PLATEAU DOME A, AY",,,,," -643","H,,S"
"AYM00089577","2024-10-09","-80.37","77.37","4084.0","DOME PLATEAU DOME A, AY",,,,," -642","H,,S"
"AYM00089577","2024-10-10","-80.37","77.37","4084.0","DOME PLATEAU DOME A, AY",,,,," -632","H,,S"
"AYM00089577","2024-10-11","-80.37","77.37","4084.0","DOME PLATEAU DOME A, AY",,,,," -634","H,,S"
"AYM00089577","2024-10-12","-80.37","77.37","4084.0","DOME PLATEAU DOME A, AY",,,,," -632","H,,S"
"AYM00089577","2024-10-13","-80.37","77.37","4084.0","DOME PLATEAU DOME A, AY",,,,," -630","H,,S"
"AYM00089577","2024-10-14","-80.37","77.37","4084.0","DOME PLATEAU DOME A, AY",,,,," -629","H,,S"
"AYM00089577","2024-10-15","-80.37","77.37","4084.0","DOME PLATEAU DOME A, AY",,,,," -619","H,,S"
"AYM00089577","2024-10-16","-80.37","77.37","4084.0","DOME PLATEAU DOME A, AY",,,,," -619","H,,S"
"AYM00089577","2024-10-17","-80.37","77.37","4084.0","DOME PLATEAU DOME A, AY",,,,," -616","H,,S"
"AYM00089577","2024-10-18","-80.37","77.37","4084.0","DOME PLATEAU DOME A, AY",,,,," -613","H,,S"
"AYM00089577","2024-10-19","-80.37","77.37","4084.0","DOME PLATEAU DOME A, AY",,,,," -613","H,,S"
"AYM00089577","2024-10-20","-80.37","77.37","4084.0","DOME PLATEAU DOME A, AY",,,,," -613","H,,S"
"AYM00089577","2024-10-21","-80.37","77.37","4084.0","DOME PLATEAU DOME A, AY",,,,," -613","H,,S"
"AYM00089577","2024-10-22","-80.37","77.37","4084.0","DOME PLATEAU DOME A, AY",,,,," -611","H,,S"
"AYM00089577","2024-10-23","-80.37","77.37","4084.0","DOME PLATEAU DOME A, AY",,,,," -611","H,,S"
"AYM00089577","2024-10-24","-80.37","77.37","4084.0","DOME PLATEAU DOME A, AY",,,,," -607","H,,S"
"AYM00089577","2024-10-25","-80.37","77.37","4084.0","DOME PLATEAU DOME A, AY",,,,," -602","H,,S"
"AYM00089577","2024-10-26","-80.37","77.37","4084.0","DOME PLATEAU DOME A, AY",,,,," -599","H,,S"
"AYM00089577","2024-10-27","-80.37","77.37","4084.0","DOME PLATEAU DOME A, AY",,,,," -596","H,,S"
"AYM00089577","2024-10-28","-80.37","77.37","4084.0","DOME PLATEAU DOME A, AY",,,,," -594","H,,S"
"AYM00089577","2024-10-29","-80.37","77.37","4084.0","DOME PLATEAU DOME A, AY",,,,," -592","H,,S"
"AYM00089577","2024-10-30","-80.37","77.37","4084.0","DOME PLATEAU DOME A, AY",,,,," -587","H,,S"
"AYM00089577","2024-10-31","-80.37","77.37","4084.0","DOME PLATEAU DOME A, AY",,,,," -583","H,,S"
"AYM00089577","2024-11-01","-80.37","77.37","4084.0","DOME PLATEAU DOME A, AY",,,,," -577","H,,S"
"AYM00089577","2024-11-02","-80.37","77.37","4084.0","DOME PLATEAU DOME A, AY",,,,," -576","H,,S"
"AYM00089577","2024-11-03","-80.37","77.37","4084.0","DOME PLATEAU DOME A, AY",,,,," -571","H,,S"
"AYM00089577","2024-11-04","-80.37","77.37","4084.0","DOME PLATEAU DOME A, AY",,,,," -566","H,,S"
"AYM00089577","2024-11-05","-80.37","77.37","4084.0","DOME PLATEAU DOME A, AY",,,,," -564","H,,S"
"AYM00089577","2024-11-06","-80.37","77.37","4084.0","DOME PLATEAU DOME A, AY",,,,," -564","H,,S"
"AYM00089577","2024-11-07","-80.37","77.37","4084.0","DOME PLATEAU DOME A, AY",,,,," -563","H,,S"
"AYM00089577","2024-11-08","-80.37","77.37","4084.0","DOME PLATEAU DOME A, AY",,,,," -559","H,,S"
"AYM00089577","2024-11-09","-80.37","77.37","4084.0","DOME PLATEAU DOME A, AY",,,,," -556","H,,S"
"AYM00089577","2024-11-10","-80.37","77.37","4084.0","DOME PLATEAU DOME A, AY",,,,," -554","H,,S"
"AYM00089577","2024-11-11","-80.37","77.37","4084.0","DOME PLATEAU DOME A, AY",,,,," -553","H,,S"
"AYM00089577","2024-11-12","-80.37","77.37","4084.0","DOME PLATEAU DOME A, AY",,,,," -552","H,,S"
"AYM00089577","2024-11-13","-80.37","77.37","4084.0","DOME PLATEAU DOME A, AY",,,,," -547","H,,S"
"AYM00089577","2024-11-14","-80.37","77.37","4084.0","DOME PLATEAU DOME A, AY",,,,," -544","H,,S"
"AYM00089577","2024-11-15","-80.37","77.37","4084.0","DOME PLATEAU DOME A, AY",,,,," -544","H,,S"
"AYM00089577","2024-11-16","-80.37","77.37","4084.0","DOME PLATEAU DOME A, AY",,,,," -542","H,,S"
"AYM00089577","2024-11-17","-80.37","77.37","4084.0","DOME PLATEAU DOME A, AY",,,,," -540","H,,S"
"AYM00089577","2024-11-22","-80.37","77.37","4084.0","DOME PLATEAU DOME A, AY",,,,," -530","H,,S"
"AYM00089577","2024-11-23","-80.37","77.37","4084.0","DOME PLATEAU DOME A, AY",,,,," -529","H,,S"
"AYM00089577","2024-11-24","-80.37","77.37","4084.0","DOME PLATEAU DOME A, AY",,,,," -524","H,,S"
"AYM00089577","2024-11-25","-80.37","77.37","4084.0","DOME PLATEAU DOME A, AY",,,,," -519","H,,S"
"AYM00089577","2024-11-26","-80.37","77.37","4084.0","DOME PLATEAU DOME A, AY",,,,," -514","H,,S"
"AYM00089577","2024-11-27","-80.37","77.37","4084.0","DOME PLATEAU DOME A, AY",,,,," -510","H,,S"
"AYM00089577","2024-11-28","-80.37","77.37","4084.0","DOME PLATEAU DOME A, AY",,,,," -508","H,,S"
"AYM00089577","2024-11-29","-80.37","77.37","4084.0","DOME PLATEAU DOME A, AY",,,,," -504","H,,S"
"AYM00089577","2024-11-30","-80.37","77.37","4084.0","DOME PLATEAU DOME A, AY",,,,," -501","H,,S"
"AYM00089577","2024-12-02","-80.37","77.37","4084.0","DOME PLATEAU DOME A, AY",,,,," -494","H,,S"
"AYM00089577","2024-12-03","-80.37","77.37","4084.0","DOME PLATEAU DOME A, AY",,,,," -492","H,,S"
"AYM00089577","2024-12-04","-80.37","77.37","4084.0","DOME PLATEAU DOME A, AY",,,,," -489","H,,S"
"AYM00089577","2024-12-05","-80.37","77.37","4084.0","DOME PLATEAU DOME A, AY",,,,," -487","H,,S"
"AYM00089577","2024-12-06","-80.37","77.37","4084.0","DOME PLATEAU DOME A, AY",,,,," -484","H,,S"
"AYM00089577","2024-12-07","-80.37","77.37","4084.0","DOME PLATEAU DOME A, AY",,,,," -479","H,,S"
"AYM00089577","2024-12-08","-80.37","77.37","4084.0","DOME PLATEAU DOME A, AY",,,,," -473","H,,S"
"AYM00089577","2024-12-09","-80.37","77.37","4084.0","DOME PLATEAU DOME A, AY",,,,," -468","H,,S"
"AYM00089577","2024-12-10","-80.37","77.37","4084.0","DOME PLATEAU DOME A, AY",,,,," -464","H,,S"
"AYM00089577","2024-12-11","-80.37","77.37","4084.0","DOME PLATEAU DOME A, AY",,,,," -462","H,,S"
"AYM00089577","2024-12-12","-80.37","77.37","4084.0","DOME PLATEAU DOME A, AY",,,,," -459","H,,S"
"AYM00089577","2024-12-13","-80.37","77.37","4084.0","DOME PLATEAU DOME A, AY",,,,," -456","H,,S"
"AYM00089577","2024-12-14","-80.37","77.37","4084.0","DOME PLATEAU DOME A, AY",,,,," -453","H,,S"
"AYM00089577","2024-12-15","-80.37","77.37","4084.0","DOME PLATEAU DOME A, AY",,,,," -450","H,,S"
"AYM00089577","2024-12-16","-80.37","77.37","4084.0","DOME PLATEAU DOME A, AY",,,,," -448","H,,S"
"AYM00089577","2024-12-17","-80.37","77.37","4084.0","DOME PLATEAU DOME A, AY",,,,," -448","H,,S"
"AYM00089577","2024-12-18","-80.37","77.37","4084.0","DOME PLATEAU DOME A, AY",,,,," -447","H,,S"
"AYM00089577","2024-12-19","-80.37","77.37","4084.0","DOME PLATEAU DOME A, AY",,,,," -447","H,,S"
"AYM00089577","2024-12-20","-80.37","77.37","4084.0","DOME PLATEAU DOME A, AY",,,,," -446","H,,S"
"AYM00089577","2024-12-21","-80.37","77.37","4084.0","DOME PLATEAU DOME A, AY",,,,," -444","H,,S"
"AYM00089577","2024-12-22","-80.37","77.37","4084.0","DOME PLATEAU DOME A, AY",,,,," -443","H,,S"
"AYM00089577","2024-12-23","-80.37","77.37","4084.0","DOME PLATEAU DOME A, AY",,,,," -441","H,,S"
"AYM00089577","2024-12-24","-80.37","77.37","4084.0","DOME PLATEAU DOME A, AY",,,,," -437","H,,S"
"AYM00089577","2024-12-25","-80.37","77.37","4084.0","DOME PLATEAU DOME A, AY",,,,," -434","H,,S"
"AYM00089577","2024-12-26","-80.37","77.37","4084.0","DOME PLATEAU DOME A, AY",,,,," -429","H,,S"
"AYM00089577","2024-12-27","-80.37","77.37","4084.0","DOME PLATEAU DOME A, AY",,,,," -426","H,,S"
"AYM00089577","2024-12-28","-80.37","77.37","4084.0","DOME PLATEAU DOME A, AY",,,,," -423","H,,S"
"AYM00089577","2024-12-29","-80.37","77.37","4084.0","DOME PLATEAU DOME A, AY",,,,," -420","H,,S"
"AYM00089577","2024-12-30","-80.37","77.37","4084.0","DOME PLATEAU DOME A, AY",,,,," -418","H,,S"
"AYM00089577","2024-12-31","-80.37","77.37","4084.0","DOME PLATEAU DOME A, AY",,,,," -417","H,,S"
"AYM00089577","2025-01-01","-80.37","77.37","4084.0","DOME PLATEAU DOME A, AY"," -417","H,,2"," -418","H,,2"," -417","H,,2"
"AYM00089577","2025-01-02","-80.37","77.37","4084.0","DOME PLATEAU DOME A, AY"," -417","H,,2"," -418","H,,2"," -417","H,,2"
"AYM00089577","2025-01-03","-80.37","77.37","4084.0","DOME PLATEAU DOME A, AY"," -416","H,,2"," -418","H,,2"," -417","H,,2"
"AYM00089577","2025-01-04","-80.37","77.37","4084.0","DOME PLATEAU DOME A, AY"," -318","H,,2"," -417","H,,2"," -408","H,,2"
"AYM00089577","2025-01-05","-80.37","77.37","4084.0","DOME PLATEAU DOME A, AY"," -359","H,,2"," -417","H,,2"," -413","H,,2"
"AYM00089577","2025-01-06","-80.37","77.37","4084.0","DOME PLATEAU DOME A, AY"," -339","H,,2"," -416","H,,2"," -412","H,,2"
"AYM00089577","2025-01-07","-80.37","77.37","4084.0","DOME PLATEAU DOME A, AY"," -414","H,,2"," -416","H,,2"," -415","H,,2"
"AYM00089577","2025-01-08","-80.37","77.37","4084.0","DOME PLATEAU DOME A, AY"," -371","H,,2"," -417","H,,2"," -414","H,,2"
"AYM00089577","2025-01-09","-80.37","77.37","4084.0","DOME PLATEAU DOME A, AY"," -415","H,,2"," -417","H,,2"," -416","H,,2"
"AYM00089577","2025-01-10","-80.37","77.37","4084.0","DOME PLATEAU DOME A, AY"," -414","H,,2"," -416","H,,2"," -415","H,,2"
"AYM00089577","2025-01-11","-80.37","77.37","4084.0","DOME PLATEAU DOME A, AY"," -361","H,,2"," -415","H,,2"," -412","H,,2"
"AYM00089577","2025-01-12","-80.37","77.37","4084.0","DOME PLATEAU DOME A, AY"," -412","H,,2"," -415","H,,2"," -413","H,,2"
"AYM00089577","2025-01-13","-80.37","77.37","4084.0","DOME PLATEAU DOME A, AY"," -410","H,,2"," -412","H,,2"," -411","H,,2"
"AYM00089577","2025-01-14","-80.37","77.37","4084.0","DOME PLATEAU DOME A, AY"," -409","H,,2"," -410","H,,2"," -410","H,,2"
"AYM00089577","2025-01-15","-80.37","77.37","4084.0","DOME PLATEAU DOME A, AY"," -408","H,,2"," -410","H,,2"," -409","H,,2"
"AYM00089577","2025-01-16","-80.37","77.37","4084.0","DOME PLATEAU DOME A, AY"," -408","H,,2"," -409","H,,2"," -408","H,,2"
"AYM00089577","2025-01-17","-80.37","77.37","4084.0","DOME PLATEAU DOME A, AY"," -407","H,,2"," -409","H,,2"," -408","H,,2"
"AYM00089577","2025-01-18","-80.37","77.37","4084.0","DOME PLATEAU DOME A, AY"," -405","H,,2"," -408","H,,2"," -407","H,,2"
"AYM00089577","2025-01-19","-80.37","77.37","4084.0","DOME PLATEAU DOME A, AY"," -401","H,,2"," -406","H,,2"," -403","H,,2"
"AYM00089577","2025-01-20","-80.37","77.37","4084.0","DOME PLATEAU DOME A, AY"," -397","H,,2"," -402","H,,2"," -399","H,,2"
"AYM00089577","2025-01-21","-80.37","77.37","4084.0","DOME PLATEAU DOME A, AY"," -392","H,,2"," -397","H,,2"," -394","H,,2"
"AYM00089577","2025-01-22","-80.37","77.37","4084.0","DOME PLATEAU DOME A, AY"," -384","H,,2"," -392","H,,2"," -388","H,,2"
"AYM00089577","2025-01-23","-80.37","77.37","4084.0","DOME PLATEAU DOME A, AY"," -379","H,,2"," -383","H,,2"," -381","H,,2"
"AYM00089577","2025-01-24","-80.37","77.37","4084.0","DOME PLATEAU DOME A, AY"," -377","H,,2"," -379","H,,2"," -378","H,,2"
"AYM00089577","2025-01-25","-80.37","77.37","4084.0","DOME PLATEAU DOME A, AY"," -375","H,,2"," -377","H,,2"," -376","H,,2"
"AYM00089577","2025-01-26","-80.37","77.37","4084.0","DOME PLATEAU DOME A, AY"," -376","H,,2"," -378","H,,2"," -377","H,,2"
"AYM00089577","2025-01-27","-80.37","77.37","4084.0","DOME PLATEAU DOME A, AY"," -378","H,,2"," -380","H,,2"," -379","H,,2"
"AYM00089577","2025-01-28","-80.37","77.37","4084.0","DOME PLATEAU DOME A, AY"," -379","H,,2"," -381","H,,2"," -380","H,,2"
"AYM00089577","2025-01-29","-80.37","77.37","4084.0","DOME PLATEAU DOME A, AY"," -380","H,,2"," -382","H,,2"," -380","H,,2"
"AYM00089577","2025-01-30","-80.37","77.37","4084.0","DOME PLATEAU DOME A, AY"," -312","H,,2"," -384","H,,2"," -379","H,,2"
"AYM00089577","2025-01-31","-80.37","77.37","4084.0","DOME PLATEAU DOME A, AY"," -384","H,,2"," -386","H,,2"," -384","H,,2"
"AYM00089577","2025-02-01","-80.37","77.37","4084.0","DOME PLATEAU DOME A, AY"," -386","H,,2"," -388","H,,2"," -386","H,,2"
"AYM00089577","2025-02-02","-80.37","77.37","4084.0","DOME PLATEAU DOME A, AY"," -329","H,,2"," -391","H,,2"," -387","H,,2"
"AYM00089577","2025-02-03","-80.37","77.37","4084.0","DOME PLATEAU DOME A, AY"," -391","H,,2"," -394","H,,2"," -393","H,,2"
"AYM00089577","2025-02-04","-80.37","77.37","4084.0","DOME PLATEAU DOME A, AY"," -394","H,,2"," -397","H,,2"," -395","H,,2"
"AYM00089577","2025-02-05","-80.37","77.37","4084.0","DOME PLATEAU DOME A, AY"," -397","H,,2"," -401","H,,2"," -399","H,,2"
"AYM00089577","2025-02-06","-80.37","77.37","4084.0","DOME PLATEAU DOME A, AY"," -401","H,,2"," -452","H,,2"," -405","H,,2"
"AYM00089577","2025-02-07","-80.37","77.37","4084.0","DOME PLATEAU DOME A, AY"," -404","H,,2"," -408","H,,2"," -406","H,,2"
"AYM00089577","2025-02-08","-80.37","77.37","4084.0","DOME PLATEAU DOME A, AY"," -384","H,,2"," -413","H,,2"," -409","H,,2"
"AYM00089577","2025-02-09","-80.37","77.37","4084.0","DOME PLATEAU DOME A, AY"," -413","H,,2"," -417","H,,2"," -415","H,,2"
"AYM00089577","2025-02-10","-80.37","77.37","4084.0","DOME PLATEAU DOME A, AY"," -394","H,,2"," -422","H,,2"," -418","H,,2"
"AYM00089577","2025-02-11","-80.37","77.37","4084.0","DOME PLATEAU DOME A, AY"," -392","H,,2"," -427","H,,2"," -422","H,,2"
"AYM00089577","2025-02-12","-80.37","77.37","4084.0","DOME PLATEAU DOME A, AY"," -427","H,,2"," -430","H,,2"," -428","H,,2"
"AYM00089577","2025-02-13","-80.37","77.37","4084.0","DOME PLATEAU DOME A, AY"," -430","H,,2"," -434","H,,2"," -431","H,,2"
"AYM00089577","2025-02-14","-80.37","77.37","4084.0","DOME PLATEAU DOME A, AY"," -434","H,,2"," -499","H,,2"," -438","H,,2"
"AYM00089577","2025-02-15","-80.37","77.37","4084.0","DOME PLATEAU DOME A, AY"," -438","H,,2"," -442","H,,2"," -440","H,,2"
"AYM00089577","2025-02-16","-80.37","77.37","4084.0","DOME PLATEAU DOME A, AY"," -442","H,,2"," -474","H,,2"," -445","H,,2"
"AYM00089577","2025-02-17","-80.37","77.37","4084.0","DOME PLATEAU DOME A, AY"," -447","H,,2"," -451","H,,2"," -449","H,,2"
"AYM00089577","2025-02-18","-80.37","77.37","4084.0","DOME PLATEAU DOME A, AY"," -452","H,,2"," -457","H,,2"," -454","H,,2"
"AYM00089577","2025-02-19","-80.37","77.37","4084.0","DOME PLATEAU DOME A, AY"," -457","H,,2"," -462","H,,2"," -459","H,,2"
"AYM00089577","2025-02-20","-80.37","77.37","4084.0","DOME PLATEAU DOME A, AY"," -462","H,,2"," -486","H,,2"," -465","H,,2"
"AYM00089577","2025-02-21","-80.37","77.37","4084.0","DOME PLATEAU DOME A, AY"," -466","H,,2"," -468","H,,2"," -467","H,,2"
"AYM00089577","2025-02-22","-80.37","77.37","4084.0","DOME PLATEAU DOME A, AY"," -469","H,,2"," -471","H,,2"," -470","H,,2"
"AYM00089577","2025-02-23","-80.37","77.37","4084.0","DOME PLATEAU DOME A, AY"," -472","H,,2"," -475","H,,2"," -473","H,,2"
"AYM00089577","2025-02-24","-80.37","77.37","4084.0","DOME PLATEAU DOME A, AY"," -475","H,,2"," -478","H,,2"," -476","H,,2"
"AYM00089577","2025-02-25","-80.37","77.37","4084.0","DOME PLATEAU DOME A, AY"," -479","H,,2"," -482","H,,2"," -480","H,,2"
"AYM00089577","2025-02-26","-80.37","77.37","4084.0","DOME PLATEAU DOME A, AY"," -478","H,,2"," -486","H,,2"," -483","H,,2"
"AYM00089577","2025-03-03","-80.37","77.37","4084.0","DOME PLATEAU DOME A, AY"," -500","H,,2"," -501","H,,2"," -500","H,,2"
"AYM00089577","2025-03-04","-80.37","77.37","4084.0","DOME PLATEAU DOME A, AY"," -500","H,,2"," -502","H,,2"," -501","H,,2"
"AYM00089577","2025-03-05","-80.37","77.37","4084.0","DOME PLATEAU DOME A, AY"," -502","H,,2"," -613","H,,2"," -509","H,,2"
"AYM00089577","2025-03-06","-80.37","77.37","4084.0","DOME PLATEAU DOME A, AY"," -505","H,,2"," -510","H,,2"," -507","H,,2"
"AYM00089577","2025-03-07","-80.37","77.37","4084.0","DOME PLATEAU DOME A, AY"," -510","H,,2"," -516","H,,2"," -513","H,,2"
"AYM00089577","2025-03-08","-80.37","77.37","4084.0","DOME PLATEAU DOME A, AY"," -517","H,,2"," -520","H,,2"," -519","H,,2"
"AYM00089577","2025-03-09","-80.37","77.37","4084.0","DOME PLATEAU DOME A, AY"," -473","H,,2"," -523","H,,2"," -519","H,,2"
"AYM00089577","2025-03-10","-80.37","77.37","4084.0","DOME PLATEAU DOME A, AY"," -523","H,,2"," -524","H,,2"," -523","H,,2"
"AYM00089577","2025-03-11","-80.37","77.37","4084.0","DOME PLATEAU DOME A, AY"," -524","H,,2"," -525","H,,2"," -524","H,,2"
"AYM00089577","2025-03-12","-80.37","77.37","4084.0","DOME PLATEAU DOME A, AY"," -524","H,,2"," -527","H,,2"," -525","H,,2"
"AYM00089577","2025-03-13","-80.37","77.37","4084.0","DOME PLATEAU DOME A, AY"," -527","H,,2"," -579","H,,2"," -530","H,,2"
"AYM00089577","2025-03-14","-80.37","77.37","4084.0","DOME PLATEAU DOME A, AY"," -531","H,,2"," -535","H,,2"," -533","H,,2"
"AYM00089577","2025-03-15","-80.37","77.37","4084.0","DOME PLATEAU DOME A, AY"," -535","H,,2"," -542","H,,2"," -538","H,,2"
"AYM00089577","2025-03-16","-80.37","77.37","4084.0","DOME PLATEAU DOME A, AY"," -542","H,,2"," -567","H,,2"," -545","H,,2"
"AYM00089577","2025-03-17","-80.37","77.37","4084.0","DOME PLATEAU DOME A, AY"," -547","H,,2"," -594","H,,2"," -550","H,,2"
"AYM00089577","2025-03-18","-80.37","77.37","4084.0","DOME PLATEAU DOME A, AY"," -528","H,,2"," -551","H,,2"," -549","H,,2"
"AYM00089577","2025-03-19","-80.37","77.37","4084.0","DOME PLATEAU DOME A, AY"," -550","H,,2"," -605","H,,2"," -553","H,,2"
"AYM00089577","2025-03-20","-80.37","77.37","4084.0","DOME PLATEAU DOME A, AY"," -552","H,,2"," -589","H,,2"," -556","H,,2"
"AYM00089577","2025-03-21","-80.37","77.37","4084.0","DOME PLATEAU DOME A, AY"," -554","H,,2"," -634","H,,2"," -562","H,,2"
"AYM00089577","2025-03-22","-80.37","77.37","4084.0","DOME PLATEAU DOME A, AY"," -559","H,,2"," -631","H,,2"," -565","H,,2"
"AYM00089577","2025-03-30","-80.37","77.37","4084.0","DOME PLATEAU DOME A, AY"," -588","H,,2"," -592","H,,2"," -590","H,,2"
"AYM00089577","2025-03-31","-80.37","77.37","4084.0","DOME PLATEAU DOME A, AY"," -592","H,,2"," -596","H,,2"," -594","H,,2"
"AYM00089577","2025-04-01","-80.37","77.37","4084.0","DOME PLATEAU DOME A, AY"," -594","H,,2"," -596","H,,2"," -595","H,,2"
"AYM00089577","2025-04-02","-80.37","77.37","4084.0","DOME PLATEAU DOME A, AY"," -595","H,,2"," -598","H,,2"," -596","H,,2"
"AYM00089577","2025-04-03","-80.37","77.37","4084.0","DOME PLATEAU DOME A, AY"," -598","H,,2"," -603","H,,2"," -600","H,,2"
"AYM00089577","2025-04-04","-80.37","77.37","4084.0","DOME PLATEAU DOME A, AY"," -603","H,,2"," -608","H,,2"," -605","H,,2"
"AYM00089577","2025-04-05","-80.37","77.37","4084.0","DOME PLATEAU DOME A, AY"," -609","H,,2"," -613","H,,2"," -610","H,,2"
"AYM00089577","2025-04-06","-80.37","77.37","4084.0","DOME PLATEAU DOME A, AY"," -613","H,,2"," -617","H,,2"," -615","H,,2"
"AYM00089577","2025-04-07","-80.37","77.37","4084.0","DOME PLATEAU DOME A, AY"," -618","H,,2"," -623","H,,2"," -620","H,,2"
"AYM00089577","2025-04-08","-80.37","77.37","4084.0","DOME PLATEAU DOME A, AY"," -623","H,,2"," -628","H,,2"," -625","H,,2"
"AYM00089577","2025-04-09","-80.37","77.37","4084.0","DOME PLATEAU DOME A, AY"," -628","H,,2"," -720","H,,2"," -633","H,,2"
"AYM00089577","2025-04-10","-80.37","77.37","4084.0","DOME PLATEAU DOME A, AY"," -629","H,,2"," -630","H,,2"," -629","H,,2"
"AYM00089577","2025-04-11","-80.37","77.37","4084.0","DOME PLATEAU DOME A, AY"," -631","H,,2"," -678","H,,2"," -634","H,,2"
"AYM00089577","2025-04-12","-80.37","77.37","4084.0","DOME PLATEAU DOME A, AY"," -632","H,,2"," -663","H,,2"," -635","H,,2"
"AYM00089577","2025-04-13","-80.37","77.37","4084.0","DOME PLATEAU DOME A, AY"," -628","H,,2"," -642","H,,2"," -630","H,,2"
"AYM00089577","2025-04-14","-80.37","77.37","4084.0","DOME PLATEAU DOME A, AY"," -624","H,,2"," -640","H,,2"," -626","H,,2"
"AYM00089577","2025-04-15","-80.37","77.37","4084.0","DOME PLATEAU DOME A, AY"," -623","H,,2"," -624","H,,2"," -624","H,,2"
"AYM00089577","2025-04-16","-80.37","77.37","4084.0","DOME PLATEAU DOME A, AY"," -623","H,,2"," -625","H,,2"," -624","H,,2"
"AYM00089577","2025-04-17","-80.37","77.37","4084.0","DOME PLATEAU DOME A, AY"," -625","H,,2"," -629","H,,2"," -627","H,,2"
"AYM00089577","2025-04-18","-80.37","77.37","4084.0","DOME PLATEAU DOME A, AY"," -629","H,,2"," -633","H,,2"," -631","H,,2"
"AYM00089577","2025-04-19","-80.37","77.37","4084.0","DOME PLATEAU DOME A, AY"," -633","H,,2"," -648","H,,2"," -634","H,,2"
"AYM00089577","2025-04-20","-80.37","77.37","4084.0","DOME PLATEAU DOME A, AY"," -633","H,,2"," -644","H,,2"," -633","H,,2"
"AYM00089577","2025-04-21","-80.37","77.37","4084.0","DOME PLATEAU DOME A, AY"," -632","H,,2"," -633","H,,2"," -632","H,,2"
"AYM00089577","2025-04-22","-80.37","77.37","4084.0","DOME PLATEAU DOME A, AY"," -620","H,,2"," -634","H,,2"," -632","H,,2"
"AYM00089577","2025-04-23","-80.37","77.37","4084.0","DOME PLATEAU DOME A, AY"," -560","H,,2"," -634","H,,2"," -630","H,,2"
"AYM00089577","2025-04-24","-80.37","77.37","4084.0","DOME PLATEAU DOME A, AY"," -624","H,,2"," -632","H,,2"," -628","H,,2"
"AYM00089577","2025-04-25","-80.37","77.37","4084.0","DOME PLATEAU DOME A, AY"," -548","H,,2"," -624","H,,2"," -615","H,,2"
"AYM00089577","2025-04-26","-80.37","77.37","4084.0","DOME PLATEAU DOME A, AY"," -608","H,,2"," -613","H,,2"," -611","H,,2"
"AYM00089577","2025-04-27","-80.37","77.37","4084.0","DOME PLATEAU DOME A, AY"," -604","H,,2"," -608","H,,2"," -606","H,,2"
"AYM00089577","2025-04-28","-80.37","77.37","4084.0","DOME PLATEAU DOME A, AY"," -601","H,,2"," -604","H,,2"," -603","H,,2"
"AYM00089577","2025-04-29","-80.37","77.37","4084.0","DOME PLATEAU DOME A, AY"," -591","H,,2"," -643","H,,2"," -602","H,,2"
"AYM00089577","2025-04-30","-80.37","77.37","4084.0","DOME PLATEAU DOME A, AY"," -600","H,,2"," -603","H,,2"," -602","H,,2"
"AYM00089577","2025-05-01","-80.37","77.37","4084.0","DOME PLATEAU DOME A, AY"," -534","H,,2"," -603","H,,2"," -598","H,,2"
"AYM00089577","2025-05-02","-80.37","77.37","4084.0","DOME PLATEAU DOME A, AY"," -563","H,,2"," -600","H,,2"," -595","H,,2"
"AYM00089577","2025-05-03","-80.37","77.37","4084.0","DOME PLATEAU DOME A, AY"," -594","H,,2"," -596","H,,2"," -595","H,,2"
"AYM00089577","2025-05-04","-80.37","77.37","4084.0","DOME PLATEAU DOME A, AY"," -595","H,,2"," -654","H,,2"," -601","H,,2"
"AYM00089577","2025-05-05","-80.37","77.37","4084.0","DOME PLATEAU DOME A, AY"," -597","H,,2"," -602","H,,2"," -599","H,,2"
"AYM00089577","2025-05-06","-80.37","77.37","4084.0","DOME PLATEAU DOME A, AY"," -603","H,,2"," -611","H,,2"," -606","H,,2"
"AYM00089577","2025-05-07","-80.37","77.37","4084.0","DOME PLATEAU DOME A, AY"," -611","H,,2"," -616","H,,2"," -613","H,,2"
"AYM00089577","2025-05-08","-80.37","77.37","4084.0","DOME PLATEAU DOME A, AY"," -616","H,,2"," -622","H,,2"," -618","H,,2"
"AYM00089577","2025-05-09","-80.37","77.37","4084.0","DOME PLATEAU DOME A, AY"," -622","H,,2"," -627","H,,2"," -624","H,,2"
"AYM00089577","2025-05-10","-80.37","77.37","4084.0","DOME PLATEAU DOME A, AY"," -627","H,,2"," -657","H,,2"," -630","H,,2"
"AYM00089577","2025-05-11","-80.37","77.37","4084.0","DOME PLATEAU DOME A, AY"," -629","H,,2"," -631","H,,2"," -630","H,,2"
"AYM00089577","2025-05-12","-80.37","77.37","4084.0","DOME PLATEAU DOME A, AY"," -632","H,,2"," -635","H,,2"," -634","H,,2"
"AYM00089577","2025-05-13","-80.37","77.37","4084.0","DOME PLATEAU DOME A, AY"," -636","H,,2"," -641","H,,2"," -639","H,,2"
"AYM00089577","2025-05-14","-80.37","77.37","4084.0","DOME PLATEAU DOME A, AY"," -640","H,,2"," -642","H,,2"," -641","H,,2"
"AYM00089577","2025-05-15","-80.37","77.37","4084.0","DOME PLATEAU DOME A, AY"," -639","H,,2"," -718","H,,2"," -644","H,,2"
"AYM00089577","2025-05-16","-80.37","77.37","4084.0","DOME PLATEAU DOME A, AY"," -640","H,,2"," -703","H,,2"," -644","H,,2"
"AYM00089577","2025-05-17","-80.37","77.37","4084.0","DOME PLATEAU DOME A, AY"," -643","H,,2"," -648","H,,2"," -646","H,,2"
"AYM00089577","2025-05-18","-80.37","77.37","4084.0","DOME PLATEAU DOME A, AY"," -648","H,,2"," -653","H,,2"," -651","H,,2"
"AYM00089577","2025-05-19","-80.37","77.37","4084.0","DOME PLATEAU DOME A, AY"," -653","H,,2"," -657","H,,2"," -655","H,,2"
"AYM00089577","2025-05-20","-80.37","77.37","4084.0","DOME PLATEAU DOME A, AY"," -657","H,,2"," -663","H,,2"," -660","H,,2"
"AYM00089577","2025-05-21","-80.37","77.37","4084.0","DOME PLATEAU DOME A, AY"," -664","H,,2"," -744","H,,2"," -674","H,,2"
"AYM00089577","2025-05-22","-80.37","77.37","4084.0","DOME PLATEAU DOME A, AY"," -671","H,,2"," -673","H,,2"," -673","H,,2"
"AYM00089577","2025-05-23","-80.37","77.37","4084.0","DOME PLATEAU DOME A, AY"," -669","H,,2"," -673","H,,2"," -671","H,,2"
"AYM00089577","2025-05-24","-80.37","77.37","4084.0","DOME PLATEAU DOME A, AY"," -665","H,,2"," -669","H,,2"," -666","H,,2"
"AYM00089577","2025-05-25","-80.37","77.37","4084.0","DOME PLATEAU DOME A, AY"," -664","H,,2"," -666","H,,2"," -665","H,,2"
"AYM00089577","2025-05-26","-80.37","77.37","4084.0","DOME PLATEAU DOME A, AY"," -665","H,,2"," -666","H,,2"," -665","H,,2"
"AYM00089577","2025-05-27","-80.37","77.37","4084.0","DOME PLATEAU DOME A, AY"," -664","H,,2"," -666","H,,2"," -665","H,,2"
"AYM00089577","2025-05-28","-80.37","77.37","4084.0","DOME PLATEAU DOME A, AY"," -664","H,,2"," -666","H,,2"," -665","H,,2"
"AYM00089577","2025-05-29","-80.37","77.37","4084.0","DOME PLATEAU DOME A, AY"," -658","H,,2"," -664","H,,2"," -660","H,,2"
"AYM00089577","2025-05-30","-80.37","77.37","4084.0","DOME PLATEAU DOME A, AY"," -657","H,,2"," -659","H,,2"," -658","H,,2"
"AYM00089577","2025-05-31","-80.37","77.37","4084.0","DOME PLATEAU DOME A, AY"," -654","H,,2"," -660","H,,2"," -656","H,,2"
"AYM00089577","2025-06-01","-80.37","77.37","4084.0","DOME PLATEAU DOME A, AY"," -654","H,,2"," -655","H,,2"," -654","H,,2"
"AYM00089577","2025-06-02","-80.37","77.37","4084.0","DOME PLATEAU DOME A, AY"," -654","H,,2"," -655","H,,2"," -654","H,,2"
"AYM00089577","2025-06-03","-80.37","77.37","4084.0","DOME PLATEAU DOME A, AY"," -652","H,,2"," -654","H,,2"," -653","H,,2"
"AYM00089577","2025-06-04","-80.37","77.37","4084.0","DOME PLATEAU DOME A, AY"," -652","H,,2"," -654","H,,2"," -653","H,,2"
"AYM00089577","2025-06-05","-80.37","77.37","4084.0","DOME PLATEAU DOME A, AY"," -608","H,,2"," -654","H,,2"," -652","H,,2"
"AYM00089577","2025-06-06","-80.37","77.37","4084.0","DOME PLATEAU DOME A, AY"," -651","H,,2"," -654","H,,2"," -653","H,,2"
"AYM00089577","2025-06-07","-80.37","77.37","4084.0","DOME PLATEAU DOME A, AY"," -648","H,,2"," -651","H,,2"," -649","H,,2"
"AYM00089577","2025-06-08","-80.37","77.37","4084.0","DOME PLATEAU DOME A, AY"," -647","H,,2"," -648","H,,2"," -648","H,,2"
"AYM00089577","2025-06-09","-80.37","77.37","4084.0","DOME PLATEAU DOME A, AY"," -648","H,,2"," -650","H,,2"," -649","H,,2"
"AYM00089577","2025-06-10","-80.37","77.37","4084.0","DOME PLATEAU DOME A, AY"," -599","H,,2"," -651","H,,2"," -648","H,,2"
"AYM00089577","2025-06-11","-80.37","77.37","4084.0","DOME PLATEAU DOME A, AY"," -606","H,,2"," -650","H,,2"," -647","H,,2"
"AYM00089577","2025-06-12","-80.37","77.37","4084.0","DOME PLATEAU DOME A, AY"," -644","H,,2"," -649","H,,2"," -646","H,,2"
"AYM00089577","2025-06-13","-80.37","77.37","4084.0","DOME PLATEAU DOME A, AY"," -626","H,,2"," -666","H,,2"," -640","H,,2"
"AYM00089577","2025-06-14","-80.37","77.37","4084.0","DOME PLATEAU DOME A, AY"," -638","H,,2"," -658","H,,2"," -639","H,,2"
"AYM00089577","2025-06-15","-80.37","77.37","4084.0","DOME PLATEAU DOME A, AY"," -630","H,,2"," -642","H,,2"," -640","H,,2"
"AYM00089577","2025-06-16","-80.37","77.37","4084.0","DOME PLATEAU DOME A, AY"," -642","H,,2"," -644","H,,2"," -643","H,,2"
"AYM00089577","2025-06-17","-80.37","77.37","4084.0","DOME PLATEAU DOME A, AY"," -644","H,,2"," -645","H,,2"," -644","H,,2"
"AYM00089577","2025-06-18","-80.37","77.37","4084.0","DOME PLATEAU DOME A, AY"," -645","H,,2"," -647","H,,2"," -646","H,,2"
"AYM00089577","2025-06-19","-80.37","77.37","4084.0","DOME PLATEAU DOME A, AY"," -648","H,,2"," -650","H,,2"," -649","H,,2"
"AYM00089577","2025-06-20","-80.37","77.37","4084.0","DOME PLATEAU DOME A, AY"," -651","H,,2"," -654","H,,2"," -653","H,,2"
"AYM00089577","2025-06-21","-80.37","77.37","4084.0","DOME PLATEAU DOME A, AY"," -652","H,,2"," -655","H,,2"," -654","H,,2"
"AYM00089577","2025-06-22","-80.37","77.37","4084.0","DOME PLATEAU DOME A, AY"," -646","H,,2"," -652","H,,2"," -649","H,,2"
"AYM00089577","2025-06-23","-80.37","77.37","4084.0","DOME PLATEAU DOME A, AY"," -645","H,,2"," -647","H,,2"," -645","H,,2"
"AYM00089577","2025-06-24","-80.37","77.37","4084.0","DOME PLATEAU DOME A, AY"," -645","H,,2"," -649","H,,2"," -647","H,,2"
"AYM00089577","2025-06-25","-80.37","77.37","4084.0","DOME PLATEAU DOME A, AY"," -649","H,,2"," -652","H,,2"," -651","H,,2"
"AYM00089577","2025-06-26","-80.37","77.37","4084.0","DOME PLATEAU DOME A, AY"," -593","H,,2"," -652","H,,2"," -649","H,,2"
"AYM00089577","2025-06-27","-80.37","77.37","4084.0","DOME PLATEAU DOME A, AY"," -643","H,,2"," -650","H,,2"," -646","H,,2"
"AYM00089577","2025-06-28","-80.37","77.37","4084.0","DOME PLATEAU DOME A, AY"," -634","H,,2"," -645","H,,2"," -643","H,,2"
"AYM00089577","2025-06-29","-80.37","77.37","4084.0","DOME PLATEAU DOME A, AY"," -569","H,,2"," -647","H,,2"," -642","H,,2"
"AYM00089577","2025-06-30","-80.37","77.37","4084.0","DOME PLATEAU DOME A, AY"," -645","H,,2"," -646","H,,2"," -645","H,,2"
"AYM00089577","2025-07-01","-80.37","77.37","4084.0","DOME PLATEAU DOME A, AY"," -646","H,,2"," -651","H,,2"," -648","H,,2"
"AYM00089577","2025-07-02","-80.37","77.37","4084.0","DOME PLATEAU DOME A, AY"," -652","H,,2"," -656","H,,2"," -654","H,,2"
"AYM00089577","2025-07-03","-80.37","77.37","4084.0","DOME PLATEAU DOME A, AY"," -656","H,,2"," -660","H,,2"," -658","H,,2"
"AYM00089577","2025-07-04","-80.37","77.37","4084.0","DOME PLATEAU DOME A, AY"," -661","H,,2"," -666","H,,2"," -663","H,,2"
"AYM00089577","2025-07-05","-80.37","77.37","4084.0","DOME PLATEAU DOME A, AY"," -665","H,,2"," -689","H,,2"," -669","H,,2"
"AYM00089577","2025-07-06","-80.37","77.37","4084.0","DOME PLATEAU DOME A, AY"," -670","H,,2"," -674","H,,2"," -672","H,,2"
"AYM00089577","2025-07-07","-80.37","77.37","4084.0","DOME PLATEAU DOME A, AY"," -674","H,,2"," -675","H,,2"," -674","H,,2"
"AYM00089577","2025-07-08","-80.37","77.37","4084.0","DOME PLATEAU DOME A, AY"," -673","H,,2"," -675","H,,2"," -674","H,,2"
"AYM00089577","2025-07-09","-80.37","77.37","4084.0","DOME PLATEAU DOME A, AY"," -673","H,,2"," -679","H,,2"," -676","H,,2"
"AYM00089577","2025-07-10","-80.37","77.37","4084.0","DOME PLATEAU DOME A, AY"," -679","H,,2"," -710","H,,2"," -684","H,,2"
"AYM00089577","2025-07-11","-80.37","77.37","4084.0","DOME PLATEAU DOME A, AY"," -684","H,,2"," -750","H,,2"," -688","H,,2"
"AYM00089577","2025-07-12","-80.37","77.37","4084.0","DOME PLATEAU DOME A, AY"," -685","H,,2"," -688","H,,2"," -687","H,,2"
"AYM00089577","2025-07-13","-80.37","77.37","4084.0","DOME PLATEAU DOME A, AY"," -688","H,,2"," -692","H,,2"," -690","H,,2"
"AYM00089577","2025-07-14","-80.37","77.37","4084.0","DOME PLATEAU DOME A, AY"," -689","H,,2"," -701","H,,2"," -693","H,,2"
"AYM00089577","2025-07-15","-80.37","77.37","4084.0","DOME PLATEAU DOME A, AY"," -694","H,,2"," -696","H,,2"," -695","H,,2"
"AYM00089577","2025-07-16","-80.37","77.37","4084.0","DOME PLATEAU DOME A, AY"," -693","H,,2"," -696","H,,2"," -694","H,,2"
"AYM00089577","2025-07-17","-80.37","77.37","4084.0","DOME PLATEAU DOME A, AY"," -669","H,,2"," -694","H,,2"," -692","H,,2"
"AYM00089577","2025-07-18","-80.37","77.37","4084.0","DOME PLATEAU DOME A, AY"," -681","H,,2"," -692","H,,2"," -687","H,,2"
"AYM00089577","2025-07-19","-80.37","77.37","4084.0","DOME PLATEAU DOME A, AY"," -673","H,,2"," -679","H,,2"," -675","H,,2"
"AYM00089577","2025-07-20","-80.37","77.37","4084.0","DOME PLATEAU DOME A, AY"," -672","H,,2"," -673","H,,2"," -672","H,,2"
"AYM00089577","2025-07-21","-80.37","77.37","4084.0","DOME PLATEAU DOME A, AY"," -673","H,,2"," -674","H,,2"," -674","H,,2"
"AYM00089577","2025-07-22","-80.37","77.37","4084.0","DOME PLATEAU DOME A, AY"," -672","H,,2"," -674","H,,2"," -673","H,,2"
"AYM00089577","2025-07-23","-80.37","77.37","4084.0","DOME PLATEAU DOME A, AY"," -672","H,,2"," -731","H,,2"," -676","H,,2"
"AYM00089577","2025-07-24","-80.37","77.37","4084.0","DOME PLATEAU DOME A, AY"," -675","H,,2"," -682","H,,2"," -679","H,,2"
"AYM00089577","2025-07-25","-80.37","77.37","4084.0","DOME PLATEAU DOME A, AY"," -682","H,,2"," -688","H,,2"," -685","H,,2"
"AYM00089577","2025-07-26","-80.37","77.37","4084.0","DOME PLATEAU DOME A, AY"," -688","H,,2"," -690","H,,2"," -689","H,,2"
"AYM00089577","2025-07-27","-80.37","77.37","4084.0","DOME PLATEAU DOME A, AY"," -688","H,,2"," -691","H,,2"," -690","H,,2"
"AYM00089577","2025-07-28","-80.37","77.37","4084.0","DOME PLATEAU DOME A, AY"," -677","H,,2"," -687","H,,2"," -683","H,,2"
"AYM00089577","2025-07-29","-80.37","77.37","4084.0","DOME PLATEAU DOME A, AY"," -624","H,,2"," -674","H,,2"," -659","H,,2"
"AYM00089577","2025-07-30","-80.37","77.37","4084.0","DOME PLATEAU DOME A, AY"," -659","H,,2"," -666","H,,2"," -662","H,,2"
"AYM00089577","2025-07-31","-80.37","77.37","4084.0","DOME PLATEAU DOME A, AY"," -629","H,,2"," -658","H,,2"," -655","H,,2"
"AYM00089577","2025-08-01","-80.37","77.37","4084.0","DOME PLATEAU DOME A, AY"," -653","H,,2"," -655","H,,2"," -654","H,,2"
"AYM00089577","2025-08-02","-80.37","77.37","4084.0","DOME PLATEAU DOME A, AY"," -654","H,,2"," -656","H,,2"," -655","H,,2"
"AYM00089577","2025-08-03","-80.37","77.37","4084.0","DOME PLATEAU DOME A, AY"," -655","H,,2"," -719","H,,2"," -660","H,,2"
"AYM00089577","2025-08-04","-80.37","77.37","4084.0","DOME PLATEAU DOME A, AY"," -659","H,,2"," -663","H,,2"," -661","H,,2"
"AYM00089577","2025-08-05","-80.37","77.37","4084.0","DOME PLATEAU DOME A, AY"," -664","H,,2"," -669","H,,2"," -666","H,,2"
"AYM00089577","2025-08-06","-80.37","77.37","4084.0","DOME PLATEAU DOME A, AY"," -669","H,,2"," -671","H,,2"," -670","H,,2"
"AYM00089577","2025-08-07","-80.37","77.37","4084.0","DOME PLATEAU DOME A, AY"," -670","H,,2"," -686","H,,2"," -672","H,,2"
"AYM00089577","2025-08-08","-80.37","77.37","4084.0","DOME PLATEAU DOME A, AY"," -670","H,,2"," -672","H,,2"," -671","H,,2"
"AYM00089577","2025-08-09","-80.37","77.37","4084.0","DOME PLATEAU DOME A, AY"," -672","H,,2"," -674","H,,2"," -673","H,,2"
"AYM00089577","2025-08-10","-80.37","77.37","4084.0","DOME PLATEAU DOME A, AY"," -674","H,,2"," -675","H,,2"," -674","H,,2"
"AYM00089577","2025-08-11","-80.37","77.37","4084.0","DOME PLATEAU DOME A, AY"," -674","H,,2"," -675","H,,2"," -674","H,,2"
"AYM00089577","2025-08-12","-80.37","77.37","4084.0","DOME PLATEAU DOME A, AY"," -673","H,,2"," -674","H,,2"," -674","H,,2"
"AYM00089577","2025-08-13","-80.37","77.37","4084.0","DOME PLATEAU DOME A, AY"," -674","H,,2"," -676","H,,2"," -675","H,,2"
"AYM00089577","2025-08-14","-80.37","77.37","4084.0","DOME PLATEAU DOME A, AY"," -676","H,,2"," -679","H,,2"," -677","H,,2"
"AYM00089577","2025-08-15","-80.37","77.37","4084.0","DOME PLATEAU DOME A, AY"," -664","H,,2"," -680","H,,2"," -678","H,,2"
"AYM00089577","2025-08-16","-80.37","77.37","4084.0","DOME PLATEAU DOME A, AY"," -679","H,,2"," -680","H,,2"," -679","H,,2"
"AYM00089577","2025-08-17","-80.37","77.37","4084.0","DOME PLATEAU DOME A, AY"," -677","H,,2"," -679","H,,2"," -678","H,,2"
"AYM00089577","2025-08-18","-80.37","77.37","4084.0","DOME PLATEAU DOME A, AY"," -673","H,,2"," -677","H,,2"," -675","H,,2"
"AYM00089577","2025-08-19","-80.37","77.37","4084.0","DOME PLATEAU DOME A, AY"," -524","H,,2"," -673","H,,2"," -665","H,,2"
"AYM00089577","2025-08-20","-80.37","77.37","4084.0","DOME PLATEAU DOME A, AY"," -539","H,,2"," -669","H,,2"," -658","H,,2"
"AYM00089577","2025-08-21","-80.37","77.37","4084.0","DOME PLATEAU DOME A, AY"," -655","H,,2"," -658","H,,2"," -656","H,,2"
"AYM00089577","2025-08-22","-80.37","77.37","4084.0","DOME PLATEAU DOME A, AY"," -625","H,,2"," -657","H,,2"," -655","H,,2"
"AYM00089577","2025-08-23","-80.37","77.37","4084.0","DOME PLATEAU DOME A, AY"," -656","H,,2"," -657","H,,2"," -657","H,,2"
"AYM00089577","2025-08-24","-80.37","77.37","4084.0","DOME PLATEAU DOME A, AY"," -650","H,,2"," -655","H,,2"," -653","H,,2"
"AYM00089577","2025-08-25","-80.37","77.37","4084.0","DOME PLATEAU DOME A, AY"," -642","H,,2"," -650","H,,2"," -647","H,,2"
"AYM00089577","2025-08-26","-80.37","77.37","4084.0","DOME PLATEAU DOME A, AY"," -623","H,,2"," -641","H,,2"," -636","H,,2"
"AYM00089577","2025-08-27","-80.37","77.37","4084.0","DOME PLATEAU DOME A, AY"," -575","H,,2"," -635","H,,2"," -631","H,,2"
"AYM00089577","2025-08-28","-80.37","77.37","4084.0","DOME PLATEAU DOME A, AY"," -633","H,,2"," -651","H,,2"," -634","H,,2"
"AYM00089577","2025-08-29","-80.37","77.37","4084.0","DOME PLATEAU DOME A, AY"," -634","H,,2"," -636","H,,2"," -635","H,,2"
"AYM00089577","2025-09-03","-80.37","77.37","4084.0","DOME PLATEAU DOME A, AY"," -643","H,,2"," -647","H,,2"," -645","H,,2"
"AYM00089577","2025-09-04","-80.37","77.37","4084.0","DOME PLATEAU DOME A, AY"," -632","H,,2"," -695","H,,2"," -650","H,,2"
"AYM00089577","2025-09-05","-80.37","77.37","4084.0","DOME PLATEAU DOME A, AY"," -616","H,,2"," -657","H,,2"," -653","H,,2"
"AYM00089577","2025-09-06","-80.37","77.37","4084.0","DOME PLATEAU DOME A, AY"," -554","H,,2"," -657","H,,2"," -651","H,,2"
"AYM00089577","2025-09-07","-80.37","77.37","4084.0","DOME PLATEAU DOME A, AY"," -649","H,,2"," -654","H,,2"," -651","H,,2"
"AYM00089577","2025-09-08","-80.37","77.37","4084.0","DOME PLATEAU DOME A, AY"," -578","H,,2"," -649","H,,2"," -640","H,,2"
"AYM00089577","2025-09-09","-80.37","77.37","4084.0","DOME PLATEAU DOME A, AY"," -644","H,,2"," -646","H,,2"," -645","H,,2"
"AYM00089577","2025-09-10","-80.37","77.37","4084.0","DOME PLATEAU DOME A, AY"," -640","H,,2"," -644","H,,2"," -642","H,,2"
"AYM00089577","2025-09-11","-80.37","77.37","4084.0","DOME PLATEAU DOME A, AY"," -635","H,,2"," -640","H,,2"," -638","H,,2"
"AYM00089577","2025-09-12","-80.37","77.37","4084.0","DOME PLATEAU DOME A, AY"," -596","H,,2"," -635","H,,2"," -632","H,,2"
"AYM00089577","2025-09-13","-80.37","77.37","4084.0","DOME PLATEAU DOME A, AY"," -630","H,,2"," -632","H,,2"," -630","H,,2"
"AYM00089577","2025-09-14","-80.37","77.37","4084.0","DOME PLATEAU DOME A, AY"," -631","H,,2"," -634","H,,2"," -632","H,,2"
"AYM00089577","2025-09-15","-80.37","77.37","4084.0","DOME PLATEAU DOME A, AY"," -634","H,,2"," -637","H,,2"," -635","H,,2"
"AYM00089577","2025-09-16","-80.37","77.37","4084.0","DOME PLATEAU DOME A, AY"," -637","H,,2"," -642","H,,2"," -639","H,,2"
"AYM00089577","2025-09-17","-80.37","77.37","4084.0","DOME PLATEAU DOME A, AY"," -642","H,,2"," -656","H,,2"," -645","H,,2"
"AYM00089577","2025-09-18","-80.37","77.37","4084.0","DOME PLATEAU DOME A, AY"," -647","H,,2"," -650","H,,2"," -649","H,,2"
"AYM00089577","2025-09-19","-80.37","77.37","4084.0","DOME PLATEAU DOME A, AY"," -618","H,,2"," -655","H,,2"," -651","H,,2"
"AYM00089577","2025-09-20","-80.37","77.37","4084.0","DOME PLATEAU DOME A, AY"," -655","H,,2"," -656","H,,2"," -655","H,,2"
"AYM00089577","2025-09-21","-80.37","77.37","4084.0","DOME PLATEAU DOME A, AY"," -643","H,,2"," -655","H,,2"," -649","H,,2"
"AYM00089577","2025-09-22","-80.37","77.37","4084.0","DOME PLATEAU DOME A, AY"," -632","H,,2"," -643","H,,2"," -636","H,,2"
"AYM00089577","2025-09-23","-80.37","77.37","4084.0","DOME PLATEAU DOME A, AY"," -625","H,,2"," -631","H,,2"," -628","H,,2"
"AYM00089577","2025-09-24","-80.37","77.37","4084.0","DOME PLATEAU DOME A, AY"," -617","H,,2"," -625","H,,2"," -621","H,,2"
"AYM00089577","2025-09-25","-80.37","77.37","4084.0","DOME PLATEAU DOME A, AY"," -595","H,,2"," -617","H,,2"," -612","H,,2"
"AYM00089577","2025-09-26","-80.37","77.37","4084.0","DOME PLATEAU DOME A, AY"," -610","H,,2"," -614","H,,2"," -612","H,,2"
"AYM00089577","2025-09-27","-80.37","77.37","4084.0","DOME PLATEAU DOME A, AY"," -614","H,,2"," -619","H,,2"," -616","H,,2"
"AYM00089577","2025-09-28","-80.37","77.37","4084.0","DOME PLATEAU DOME A, AY"," -620","H,,2"," -622","H,,2"," -621","H,,2"
"AYM00089577","2025-09-29","-80.37","77.37","4084.0","DOME PLATEAU DOME A, AY"," -622","H,,2"," -623","H,,2"," -623","H,,2"
"AYM00089577","2025-09-30","-80.37","77.37","4084.0","DOME PLATEAU DOME A, AY"," -623","H,,2"," -625","H,,2"," -623","H,,2"
"AYM00089577","2025-10-01","-80.37","77.37","4084.0","DOME PLATEAU DOME A, AY"," -624","H,,2"," -627","H,,2"," -625","H,,2"
"AYM00089577","2025-10-02","-80.37","77.37","4084.0","DOME PLATEAU DOME A, AY"," -576","H,,2"," -628","H,,2"," -625","H,,2"
"AYM00089577","2025-10-03","-80.37","77.37","4084.0","DOME PLATEAU DOME A, AY"," -627","H,,2"," -629","H,,2"," -628","H,,2"
"AYM00089577","2025-10-04","-80.37","77.37","4084.0","DOME PLATEAU DOME A, AY"," -627","H,,2"," -629","H,,2"," -628","H,,2"
"AYM00089577","2025-10-05","-80.37","77.37","4084.0","DOME PLATEAU DOME A, AY"," -622","H,,2"," -627","H,,2"," -624","H,,2"
"AYM00089577","2025-10-06","-80.37","77.37","4084.0","DOME PLATEAU DOME A, AY"," -563","H,,2"," -622","H,,2"," -617","H,,2"
"AYM00089577","2025-10-07","-80.37","77.37","4084.0","DOME PLATEAU DOME A, AY"," -615","H,,2"," -618","H,,2"," -616","H,,2"
"AYM00089577","2025-10-08","-80.37","77.37","4084.0","DOME PLATEAU DOME A, AY"," -613","H,,2"," -615","H,,2"," -614","H,,2"
"AYM00089577","2025-10-09","-80.37","77.37","4084.0","DOME PLATEAU DOME A, AY"," -608","H,,2"," -614","H,,2"," -611","H,,2"
"AYM00089577","2025-10-10","-80.37","77.37","4084.0","DOME PLATEAU DOME A, AY"," -600","H,,2"," -607","H,,2"," -602","H,,2"
"AYM00089577","2025-10-11","-80.37","77.37","4084.0","DOME PLATEAU DOME A, AY"," -599","H,,2"," -600","H,,2"," -599","H,,2"
"AYM00089577","2025-10-12","-80.37","77.37","4084.0","DOME PLATEAU DOME A, AY"," -600","H,,2"," -603","H,,2"," -601","H,,2"
"AYM00089577","2025-10-13","-80.37","77.37","4084.0","DOME PLATEAU DOME A, AY"," -599","H,,2"," -603","H,,2"," -601","H,,2"
"AYM00089577","2025-10-14","-80.37","77.37","4084.0","DOME PLATEAU DOME A, AY"," -588","H,,2"," -599","H,,2"," -594","H,,2"
"AYM00089577","2025-10-15","-80.37","77.37","4084.0","DOME PLATEAU DOME A, AY"," -579","H,,2"," -588","H,,2"," -583","H,,2"
"AYM00089577","2025-10-16","-80.37","77.37","4084.0","DOME PLATEAU DOME A, AY"," -578","H,,2"," -650","H,,2"," -582","H,,2"
"AYM00089577","2025-10-17","-80.37","77.37","4084.0","DOME PLATEAU DOME A, AY"," -581","H,,2"," -586","H,,2"," -584","H,,2"
"AYM00089577","2025-10-18","-80.37","77.37","4084.0","DOME PLATEAU DOME A, AY"," -587","H,,2"," -590","H,,2"," -589","H,,2"
"AYM00089577","2025-10-19","-80.37","77.37","4084.0","DOME PLATEAU DOME A, AY"," -459","H,,2"," -591","H,,2"," -576","H,,2"
"AYM00089577","2025-10-20","-80.37","77.37","4084.0","DOME PLATEAU DOME A, AY"," -589","H,,2"," -591","H,,2"," -589","H,,2"
"AYM00089577","2025-10-21","-80.37","77.37","4084.0","DOME PLATEAU DOME A, AY"," -567","H,,2"," -589","H,,2"," -588","H,,2"
"AYM00089577","2025-10-22","-80.37","77.37","4084.0","DOME PLATEAU DOME A, AY"," -588","H,,2"," -589","H,,2"," -588","H,,2"
"AYM00089577","2025-10-23","-80.37","77.37","4084.0","DOME PLATEAU DOME A, AY"," -585","H,,2"," -588","H,,2"," -586","H,,2"
"AYM00089577","2025-10-24","-80.37","77.37","4084.0","DOME PLATEAU DOME A, AY"," -575","H,,2"," -585","H,,2"," -580","H,,2"
"AYM00089577","2025-10-25","-80.37","77.37","4084.0","DOME PLATEAU DOME A, AY"," -564","H,,2"," -575","H,,2"," -569","H,,2"
"AYM00089577","2025-10-26","-80.37","77.37","4084.0","DOME PLATEAU DOME A, AY"," -559","H,,2"," -564","H,,2"," -561","H,,2"
"AYM00089577","2025-10-27","-80.37","77.37","4084.0","DOME PLATEAU DOME A, AY"," -551","H,,2"," -559","H,,2"," -555","H,,2"
"AYM00089577","2025-10-28","-80.37","77.37","4084.0","DOME PLATEAU DOME A, AY"," -510","H,,2"," -550","H,,2"," -547","H,,2"
"AYM00089577","2025-10-29","-80.37","77.37","4084.0","DOME PLATEAU DOME A, AY"," -545","H,,2"," -547","H,,2"," -546","H,,2"
"AYM00089577","2025-10-30","-80.37","77.37","4084.0","DOME PLATEAU DOME A, AY"," -545","H,,2"," -547","H,,2"," -546","H,,2"
"AYM00089577","2025-10-31","-80.37","77.37","4084.0","DOME PLATEAU DOME A, AY"," -545","H,,2"," -547","H,,2"," -546","H,,2"
"AYM00089577","2025-11-01","-80.37","77.37","4084.0","DOME PLATEAU DOME A, AY"," -544","H,,2"," -545","H,,2"," -544","H,,2"
"AYM00089577","2025-11-02","-80.37","77.37","4084.0","DOME PLATEAU DOME A, AY"," -542","H,,2"," -544","H,,2"," -543","H,,2"
"AYM00089577","2025-11-03","-80.37","77.37","4084.0","DOME PLATEAU DOME A, AY"," -539","H,,2"," -542","H,,2"," -540","H,,2"
"AYM00089577","2025-11-04","-80.37","77.37","4084.0","DOME PLATEAU DOME A, AY"," -537","H,,2"," -539","H,,2"," -538","H,,2"
"AYM00089577","2025-11-05","-80.37","77.37","4084.0","DOME PLATEAU DOME A, AY"," -534","H,,2"," -537","H,,2"," -535","H,,2"
"AYM00089577","2025-11-06","-80.37","77.37","4084.0","DOME PLATEAU DOME A, AY"," -532","H,,2"," -534","H,,2"," -532","H,,2"
"AYM00089577","2025-11-07","-80.37","77.37","4084.0","DOME PLATEAU DOME A, AY"," -530","H,,2"," -532","H,,2"," -531","H,,2"
"AYM00089577","2025-11-08","-80.37","77.37","4084.0","DOME PLATEAU DOME A, AY"," -530","H,,2"," -532","H,,2"," -531","H,,2"
"AYM00089577","2025-11-09","-80.37","77.37","4084.0","DOME PLATEAU DOME A, AY"," -527","H,,2"," -530","H,,2"," -528","H,,2"
"AYM00089577","2025-11-10","-80.37","77.37","4084.0","DOME PLATEAU DOME A, AY"," -525","H,,2"," -528","H,,2"," -526","H,,2"
"AYM00089577","2025-11-11","-80.37","77.37","4084.0","DOME PLATEAU DOME A, AY"," -524","H,,2"," -526","H,,2"," -525","H,,2"
"AYM00089577","2025-11-12","-80.37","77.37","4084.0","DOME PLATEAU DOME A, AY"," -523","H,,2"," -526","H,,2"," -524","H,,2"
"AYM00089577","2025-11-13","-80.37","77.37","4084.0","DOME PLATEAU DOME A, AY"," -514","H,,2"," -523","H,,2"," -519","H,,2"
"AYM00089577","2025-11-14","-80.37","77.37","4084.0","DOME PLATEAU DOME A, AY"," -505","H,,2"," -514","H,,2"," -509","H,,2"
"AYM00089577","2025-11-15","-80.37","77.37","4084.0","DOME PLATEAU DOME A, AY"," -434","H,,2"," -505","H,,2"," -499","H,,2"
"AYM00089577","2025-11-16","-80.37","77.37","4084.0","DOME PLATEAU DOME A, AY"," -499","H,,2"," -501","H,,2"," -499","H,,2"
"AYM00089577","2025-11-17","-80.37","77.37","4084.0","DOME PLATEAU DOME A, AY"," -495","H,,2"," -499","H,,2"," -496","H,,2"
"AYM00089577","2025-11-18","-80.37","77.37","4084.0","DOME PLATEAU DOME A, AY"," -491","H,,2"," -495","H,,2"," -492","H,,2"
"AYM00089577","2025-11-19","-80.37","77.37","4084.0","DOME PLATEAU DOME A, AY"," -487","H,,2"," -492","H,,2"," -489","H,,2"
"AYM00089577","2025-11-20","-80.37","77.37","4084.0","DOME PLATEAU DOME A, AY"," -482","H,,2"," -486","H,,2"," -483","H,,2"
"AYM00089577","2025-11-21","-80.37","77.37","4084.0","DOME PLATEAU DOME A, AY"," -480","H,,2"," -482","H,,2"," -480","H,,2"
"AYM00089577","2025-11-22","-80.37","77.37","4084.0","DOME PLATEAU DOME A, AY"," -479","H,,2"," -481","H,,2"," -480","H,,2"
"AYM00089577","2025-11-23","-80.37","77.37","4084.0","DOME PLATEAU DOME A, AY"," -480","H,,2"," -482","H,,2"," -480","H,,2"
"AYM00089577","2025-11-24","-80.37","77.37","4084.0","DOME PLATEAU DOME A, AY"," -480","H,,2"," -482","H,,2"," -481","H,,2"
"AYM00089577","2025-11-25","-80.37","77.37","4084.0","DOME PLATEAU DOME A, AY"," -479","H,,2"," -482","H,,2"," -480","H,,2"
"AYM00089577","2025-11-26","-80.37","77.37","4084.0","DOME PLATEAU DOME A, AY"," -471","H,,2"," -479","H,,2"," -475","H,,2"
"AYM00089577","2025-11-27","-80.37","77.37","4084.0","DOME PLATEAU DOME A, AY"," -465","H,,2"," -471","H,,2"," -467","H,,2"
"AYM00089577","2025-11-28","-80.37","77.37","4084.0","DOME PLATEAU DOME A, AY"," -460","H,,2"," -465","H,,2"," -462","H,,2"
"AYM00089577","2025-11-29","-80.37","77.37","4084.0","DOME PLATEAU DOME A, AY"," -458","H,,2"," -461","H,,2"," -459","H,,2"
"AYM00089577","2025-11-30","-80.37","77.37","4084.0","DOME PLATEAU DOME A, AY"," -456","H,,2"," -459","H,,2"," -457","H,,2"
"AYM00089577","2025-12-01","-80.37","77.37","4084.0","DOME PLATEAU DOME A, AY"," -455","H,,2"," -457","H,,2"," -456","H,,2"
"AYM00089577","2025-12-02","-80.37","77.37","4084.0","DOME PLATEAU DOME A, AY"," -454","H,,2"," -456","H,,2"," -455","H,,2"
"AYM00089577","2025-12-03","-80.37","77.37","4084.0","DOME PLATEAU DOME A, AY"," -453","H,,2"," -455","H,,2"," -453","H,,2"
"AYM00089577","2025-12-04","-80.37","77.37","4084.0","DOME PLATEAU DOME A, AY"," -449","H,,2"," -453","H,,2"," -450","H,,2"
"AYM00089577","2025-12-05","-80.37","77.37","4084.0","DOME PLATEAU DOME A, AY"," -368","H,,2"," -450","H,,2"," -442","H,,2"
"AYM00089577","2025-12-06","-80.37","77.37","4084.0","DOME PLATEAU DOME A, AY"," -445","H,,2"," -448","H,,2"," -446","H,,2"
"AYM00089577","2025-12-07","-80.37","77.37","4084.0","DOME PLATEAU DOME A, AY"," -444","H,,2"," -446","H,,2"," -444","H,,2"
"AYM00089577","2025-12-08","-80.37","77.37","4084.0","DOME PLATEAU DOME A, AY"," -442","H,,2"," -444","H,,2"," -442","H,,2"
"AYM00089577","2025-12-09","-80.37","77.37","4084.0","DOME PLATEAU DOME A, AY"," -440","H,,2"," -442","H,,2"," -441","H,,2"
"AYM00089577","2025-12-10","-80.37","77.37","4084.0","DOME PLATEAU DOME A, AY"," -439","H,,2"," -441","H,,2"," -439","H,,2"
"AYM00089577","2025-12-11","-80.37","77.37","4084.0","DOME PLATEAU DOME A, AY"," -436","H,,2"," -439","H,,2"," -437","H,,2"
"AYM00089577","2025-12-12","-80.37","77.37","4084.0","DOME PLATEAU DOME A, AY"," -434","H,,2"," -436","H,,2"," -434","H,,2"
"AYM00089577","2025-12-13","-80.37","77.37","4084.0","DOME PLATEAU DOME A, AY"," -432","H,,2"," -434","H,,2"," -433","H,,2"
"AYM00089577","2025-12-14","-80.37","77.37","4084.0","DOME PLATEAU DOME A, AY"," -430","H,,2"," -432","H,,2"," -430","H,,2"
"AYM00089577","2025-12-15","-80.37","77.37","4084.0","DOME PLATEAU DOME A, AY"," -368","H,,2"," -430","H,,2"," -423","H,,2"
"AYM00089577","2025-12-16","-80.37","77.37","4084.0","DOME PLATEAU DOME A, AY"," -427","H,,2"," -427","H,,2"," -427","H,,2"
"AYM00089577","2025-12-17","-80.37","77.37","4084.0","DOME PLATEAU DOME A, AY"," -425","H,,2"," -427","H,,2"," -426","H,,2"
"AYM00089577","2025-12-18","-80.37","77.37","4084.0","DOME PLATEAU DOME A, AY"," -424","H,,2"," -426","H,,2"," -424","H,,2"
"AYM00089577","2025-12-19","-80.37","77.37","4084.0","DOME PLATEAU DOME A, AY"," -422","H,,2"," -423","H,,2"," -422","H,,2"
"AYM00089577","2025-12-20","-80.37","77.37","4084.0","DOME PLATEAU DOME A, AY"," -420","H,,2"," -422","H,,2"," -421","H,,2"
"AYM00089577","2025-12-21","-80.37","77.37","4084.0","DOME PLATEAU DOME A, AY"," -344","H,,2"," -421","H,,2"," -415","H,,2"
"AYM00089577","2025-12-22","-80.37","77.37","4084.0","DOME PLATEAU DOME A, AY"," -415","H,,2"," -418","H,,2"," -416","H,,2"
"AYM00089577","2025-12-23","-80.37","77.37","4084.0","DOME PLATEAU DOME A, AY"," -413","H,,2"," -415","H,,2"," -414","H,,2"
"AYM00089577","2025-12-24","-80.37","77.37","4084.0","DOME PLATEAU DOME A, AY"," -411","H,,2"," -414","H,,2"," -412","H,,2"
"AYM00089577","2025-12-25","-80.37","77.37","4084.0","DOME PLATEAU DOME A, AY"," -407","H,,2"," -409","H,,2"," -408","H,,2"
"AYM00089577","2025-12-26","-80.37","77.37","4084.0","DOME PLATEAU DOME A, AY"," -403","H,,2"," -406","H,,2"," -404","H,,2"
"AYM00089577","2025-12-27","-80.37","77.37","4084.0","DOME PLATEAU DOME A, AY"," -399","H,,2"," -402","H,,2"," -401","H,,2"
"AYM00089577","2025-12-28","-80.37","77.37","4084.0","DOME PLATEAU DOME A, AY"," -397","H,,2"," -398","H,,2"," -397","H,,2"
"AYM00089577","2025-12-29","-80.37","77.37","4084.0","DOME PLATEAU DOME A, AY"," -395","H,,2"," -396","H,,2"," -395","H,,2"
"AYM00089577","2025-12-30","-80.37","77.37","4084.0","DOME PLATEAU DOME A, AY"," -393","H,,2"," -395","H,,2"," -394","H,,2"
"AYM00089577","2025-12-31","-80.37","77.37","4084.0","DOME PLATEAU DOME A, AY"," -313","H,,2"," -393","H,,2"," -387","H,,2"
"AYM00089577","2026-01-01","-80.37","77.37","4084.0","DOME PLATEAU DOME A, AY"," -356","H,,2"," -391","H,,2"," -388","H,,2"
"AYM00089577","2026-01-02","-80.37","77.37","4084.0","DOME PLATEAU DOME A, AY"," -387","H,,2"," -390","H,,2"," -388","H,,2"
"AYM00089577","2026-01-03","-80.37","77.37","4084.0","DOME PLATEAU DOME A, AY"," -386","H,,2"," -387","H,,2"," -387","H,,2"
"AYM00089577","2026-01-04","-80.37","77.37","4084.0","DOME PLATEAU DOME A, AY"," -385","H,,2"," -386","H,,2"," -386","H,,2"
"AYM00089577","2026-01-05","-80.37","77.37","4084.0","DOME PLATEAU DOME A, AY"," -385","H,,2"," -386","H,,2"," -386","H,,2"
"AYM00089577","2026-01-06","-80.37","77.37","4084.0","DOME PLATEAU DOME A, AY"," -386","H,,2"," -387","H,,2"," -386","H,,2"
"AYM00089577","2026-01-07","-80.37","77.37","4084.0","DOME PLATEAU DOME A, AY"," -330","H,,2"," -388","H,,2"," -385","H,,2"
"AYM00089577","2026-01-08","-80.37","77.37","4084.0","DOME PLATEAU DOME A, AY"," -387","H,,2"," -388","H,,2"," -387","H,,2"
"AYM00089577","2026-01-09","-80.37","77.37","4084.0","DOME PLATEAU DOME A, AY"," -386","H,,2"," -388","H,,2"," -387","H,,2"
"AYM00089577","2026-01-10","-80.37","77.37","4084.0","DOME PLATEAU DOME A, AY"," -386","H,,2"," -387","H,,2"," -387","H,,2"
"AYM00089577","2026-01-11","-80.37","77.37","4084.0","DOME PLATEAU DOME A, AY"," -385","H,,2"," -387","H,,2"," -387","H,,2"
"AYM00089577","2026-01-12","-80.37","77.37","4084.0","DOME PLATEAU DOME A, AY"," -385","H,,2"," -387","H,,2"," -385","H,,2"
"AYM00089577","2026-01-13","-80.37","77.37","4084.0","DOME PLATEAU DOME A, AY"," -383","H,,2"," -385","H,,2"," -383","H,,2"
"AYM00089577","2026-01-14","-80.37","77.37","4084.0","DOME PLATEAU DOME A, AY"," -381","H,,2"," -383","H,,2"," -382","H,,2"
"AYM00089577","2026-01-15","-80.37","77.37","4084.0","DOME PLATEAU DOME A, AY"," -381","H,,2"," -382","H,,2"," -381","H,,2"
"AYM00089577","2026-01-16","-80.37","77.37","4084.0","DOME PLATEAU DOME A, AY"," -380","H,,2"," -382","H,,2"," -382","H,,2"
"AYM00089577","2026-01-17","-80.37","77.37","4084.0","DOME PLATEAU DOME A, AY"," -381","H,,2"," -382","H,,2"," -382","H,,2"
"AYM00089577","2026-01-18","-80.37","77.37","4084.0","DOME PLATEAU DOME A, AY"," -312","H,,2"," -382","H,,2"," -378","H,,2"
"AYM00089577","2026-01-19","-80.37","77.37","4084.0","DOME PLATEAU DOME A, AY"," -381","H,,2"," -383","H,,2"," -382","H,,2"
"AYM00089577","2026-01-20","-80.37","77.37","4084.0","DOME PLATEAU DOME A, AY"," -368","H,,2"," -384","H,,2"," -382","H,,2"
"AYM00089577","2026-01-21","-80.37","77.37","4084.0","DOME PLATEAU DOME A, AY"," -382","H,,2"," -384","H,,2"," -383","H,,2"
"AYM00089577","2026-01-22","-80.37","77.37","4084.0","DOME PLATEAU DOME A, AY"," -383","H,,2"," -384","H,,2"," -383","H,,2"
"AYM00089577","2026-01-23","-80.37","77.37","4084.0","DOME PLATEAU DOME A, AY"," -335","H,,2"," -385","H,,2"," -382","H,,2"
"AYM00089577","2026-01-24","-80.37","77.37","4084.0","DOME PLATEAU DOME A, AY"," -329","H,,2"," -386","H,,2"," -382","H,,2"
"AYM00089577","2026-01-25","-80.37","77.37","4084.0","DOME PLATEAU DOME A, AY"," -385","H,,2"," -400","H,,2"," -387","H,,2"
"AYM00089577","2026-01-26","-80.37","77.37","4084.0","DOME PLATEAU DOME A, AY"," -386","H,,2"," -387","H,,2"," -387","H,,2"
"AYM00089577","2026-01-27","-80.37","77.37","4084.0","DOME PLATEAU DOME A, AY"," -386","H,,2"," -388","H,,2"," -387","H,,2"
"AYM00089577","2026-01-28","-80.37","77.37","4084.0","DOME PLATEAU DOME A, AY"," -387","H,,2"," -388","H,,2"," -387","H,,2"
"AYM00089577","2026-01-29","-80.37","77.37","4084.0","DOME PLATEAU DOME A, AY"," -387","H,,2"," -390","H,,2"," -388","H,,2"
"AYM00089577","2026-01-30","-80.37","77.37","4084.0","DOME PLATEAU DOME A, AY"," -389","H,,2"," -392","H,,2"," -390","H,,2"
"AYM00089577","2026-01-31","-80.37","77.37","4084.0","DOME PLATEAU DOME A, AY"," -392","H,,2"," -394","H,,2"," -393","H,,2"
"AYM00089577","2026-02-01","-80.37","77.37","4084.0","DOME PLATEAU DOME A, AY"," -394","H,,2"," -397","H,,2"," -395","H,,2"
"AYM00089577","2026-02-02","-80.37","77.37","4084.0","DOME PLATEAU DOME A, AY"," -398","H,,2"," -400","H,,2"," -399","H,,2"
"AYM00089577","2026-02-03","-80.37","77.37","4084.0","DOME PLATEAU DOME A, AY"," -370","H,,2"," -403","H,,2"," -400","H,,2"
"AYM00089577","2026-02-04","-80.37","77.37","4084.0","DOME PLATEAU DOME A, AY"," -403","H,,2"," -441","H,,2"," -407","H,,2"
"AYM00089577","2026-02-05","-80.37","77.37","4084.0","DOME PLATEAU DOME A, AY"," -405","H,,2"," -409","H,,2"," -407","H,,2"
"AYM00089577","2026-02-06","-80.37","77.37","4084.0","DOME PLATEAU DOME A, AY"," -409","H,,2"," -412","H,,2"," -410","H,,2"
"AYM00089577","2026-02-07","-80.37","77.37","4084.0","DOME PLATEAU DOME A, AY"," -393","H,,2"," -414","H,,2"," -410","H,,2"
"AYM00089577","2026-02-08","-80.37","77.37","4084.0","DOME PLATEAU DOME A, AY"," -415","H,,2"," -417","H,,2"," -416","H,,2"
"AYM00089577","2026-02-09","-80.37","77.37","4084.0","DOME PLATEAU DOME A, AY"," -417","H,,2"," -420","H,,2"," -418","H,,2"
"AYM00089577","2026-02-10","-80.37","77.37","4084.0","DOME PLATEAU DOME A, AY"," -420","H,,2"," -422","H,,2"," -421","H,,2"
"AYM00089577","2026-02-11","-80.37","77.37","4084.0","DOME PLATEAU DOME A, AY"," -422","H,,2"," -424","H,,2"," -423","H,,2"
"AYM00089577","2026-02-12","-80.37","77.37","4084.0","DOME PLATEAU DOME A, AY"," -424","H,,2"," -427","H,,2"," -425","H,,2"
"AYM00089577","2026-02-13","-80.37","77.37","4084.0","DOME PLATEAU DOME A, AY"," -426","H,,2"," -468","H,,2"," -429","H,,2"
"AYM00089577","2026-02-14","-80.37","77.37","4084.0","DOME PLATEAU DOME A, AY"," -428","H,,2"," -430","H,,2"," -429","H,,2"
"AYM00089577","2026-02-15","-80.37","77.37","4084.0","DOME PLATEAU DOME A, AY"," -431","H,,2"," -433","H,,2"," -432","H,,2"
"AYM00089577","2026-02-16","-80.37","77.37","4084.0","DOME PLATEAU DOME A, AY"," -434","H,,2"," -436","H,,2"," -435","H,,2"
"AYM00089577","2026-02-17","-80.37","77.37","4084.0","DOME PLATEAU DOME A, AY"," -437","H,,2"," -440","H,,2"," -438","H,,2"
"AYM00089577","2026-02-18","-80.37","77.37","4084.0","DOME PLATEAU DOME A, AY"," -441","H,,2"," -444","H,,2"," -442","H,,2"
"AYM00089577","2026-02-19","-80.37","77.37","4084.0","DOME PLATEAU DOME A, AY"," -441","H,,2"," -447","H,,2"," -445","H,,2"
"AYM00089577","2026-02-20","-80.37","77.37","4084.0","DOME PLATEAU DOME A, AY"," -448","H,,2"," -450","H,,2"," -449","H,,2"
"AYM00089577","2026-02-21","-80.37","77.37","4084.0","DOME PLATEAU DOME A, AY"," -447","H,,2"," -450","H,,2"," -448","H,,2"
"AYM00089577","2026-02-22","-80.37","77.37","4084.0","DOME PLATEAU DOME A, AY"," -445","H,,2"," -447","H,,2"," -445","H,,2"
"AYM00089577","2026-02-23","-80.37","77.37","4084.0","DOME PLATEAU DOME A, AY"," -436","H,,2"," -446","H,,2"," -444","H,,2"
"AYM00089577","2026-02-25","-80.37","77.37","4084.0","DOME PLATEAU DOME A, AY"," -449","H,,2"," -451","H,,2"," -450","H,,2"
"AYM00089577","2026-02-26","-80.37","77.37","4084.0","DOME PLATEAU DOME A, AY"," -451","H,,2"," -451","H,,2"," -451","H,,2"
"AYM00089577","2026-02-27","-80.37","77.37","4084.0","DOME PLATEAU DOME A, AY"," -452","H,,2"," -453","H,,2"," -452","H,,2"
"AYM00089577","2026-03-01","-80.37","77.37","4084.0","DOME PLATEAU DOME A, AY"," -459","H,,2"," -462","H,,2"," -460","H,,2"
"AYM00089577","2026-03-02","-80.37","77.37","4084.0","DOME PLATEAU DOME A, AY"," -462","H,,2"," -479","H,,2"," -464","H,,2"
"AYM00089577","2026-03-03","-80.37","77.37","4084.0","DOME PLATEAU DOME A, AY"," -465","H,,2"," -466","H,,2"," -466","H,,2"
"AYM00089577","2026-03-04","-80.37","77.37","4084.0","DOME PLATEAU DOME A, AY"," -465","H,,2"," -466","H,,2"," -466","H,,2"
"AYM00089577","2026-03-05","-80.37","77.37","4084.0","DOME PLATEAU DOME A, AY"," -397","H,,2"," -467","H,,2"," -462","H,,2"
"AYM00089577","2026-03-06","-80.37","77.37","4084.0","DOME PLATEAU DOME A, AY"," -466","H,,2"," -467","H,,2"," -467","H,,2"
"AYM00089577","2026-03-09","-80.37","77.37","4084.0","DOME PLATEAU DOME A, AY"," -472","H,,2"," -475","H,,2"," -473","H,,2"
"AYM00089577","2026-03-10","-80.37","77.37","4084.0","DOME PLATEAU DOME A, AY"," -475","H,,2"," -478","H,,2"," -476","H,,2"
"AYM00089577","2026-03-11","-80.37","77.37","4084.0","DOME PLATEAU DOME A, AY"," -478","H,,2"," -483","H,,2"," -480","H,,2"
"AYM00089577","2026-03-12","-80.37","77.37","4084.0","DOME PLATEAU DOME A, AY"," -483","H,,2"," -487","H,,2"," -484","H,,2"
"AYM00089577","2026-03-13","-80.37","77.37","4084.0","DOME PLATEAU DOME A, AY"," -487","H,,2"," -525","H,,2"," -491","H,,2"
"AYM00089577","2026-03-14","-80.37","77.37","4084.0","DOME PLATEAU DOME A, AY"," -491","H,,2"," -496","H,,2"," -493","H,,2"
"AYM00089577","2026-03-15","-80.37","77.37","4084.0","DOME PLATEAU DOME A, AY"," -497","H,,2"," -504","H,,2"," -500","H,,2"
"AYM00089577","2026-03-16","-80.37","77.37","4084.0","DOME PLATEAU DOME A, AY"," -505","H,,2"," -513","H,,2"," -509","H,,2"
"AYM00089577","2026-03-17","-80.37","77.37","4084.0","DOME PLATEAU DOME A, AY"," -513","H,,2"," -610","H,,2"," -522","H,,2"
"AYM00089577","2026-03-18","-80.37","77.37","4084.0","DOME PLATEAU DOME A, AY"," -523","H,,2"," -527","H,,2"," -525","H,,2"
"AYM00089577","2026-03-19","-80.37","77.37","4084.0","DOME PLATEAU DOME A, AY"," -528","H,,2"," -534","H,,2"," -531","H,,2"
"AYM00089577","2026-03-20","-80.37","77.37","4084.0","DOME PLATEAU DOME A, AY"," -535","H,,2"," -541","H,,2"," -538","H,,2"
"AYM00089577","2026-03-21","-80.37","77.37","4084.0","DOME PLATEAU DOME A, AY"," -541","H,,2"," -546","H,,2"," -543","H,,2"
"AYM00089577","2026-03-22","-80.37","77.37","4084.0","DOME PLATEAU DOME A, AY"," -546","H,,2"," -611","H,,2"," -551","H,,2"
"AYM00089577","2026-03-23","-80.37","77.37","4084.0","DOME PLATEAU DOME A, AY"," -552","H,,2"," -555","H,,2"," -553","H,,2"
"AYM00089577","2026-03-24","-80.37","77.37","4084.0","DOME PLATEAU DOME A, AY"," -555","H,,2"," -635","H,,2"," -561","H,,2"
"AYM00089577","2026-03-25","-80.37","77.37","4084.0","DOME PLATEAU DOME A, AY"," -560","H,,2"," -583","H,,2"," -563","H,,2"
"AYM00089577","2026-04-02","-80.37","77.37","4084.0","DOME PLATEAU DOME A, AY"," -459","H,,2"," -576","H,,2"," -558","H,,2"
"AYM00089577","2026-04-03","-80.37","77.37","4084.0","DOME PLATEAU DOME A, AY"," -509","H,,2"," -568","H,,2"," -557","H,,2"
"AYM00089577","2026-04-04","-80.37","77.37","4084.0","DOME PLATEAU DOME A, AY"," -561","H,,2"," -562","H,,2"," -561","H,,2"
"AYM00089577","2026-04-05","-80.37","77.37","4084.0","DOME PLATEAU DOME A, AY"," -562","H,,2"," -600","H,,2"," -565","H,,2"
"AYM00089577","2026-04-06","-80.37","77.37","4084.0","DOME PLATEAU DOME A, AY"," -565","H,,2"," -569","H,,2"," -566","H,,2"
"AYM00089577","2026-04-07","-80.37","77.37","4084.0","DOME PLATEAU DOME A, AY"," -569","H,,2"," -611","H,,2"," -573","H,,2"
"AYM00089577","2026-04-08","-80.37","77.37","4084.0","DOME PLATEAU DOME A, AY"," -574","H,,2"," -580","H,,2"," -577","H,,2"
"AYM00089577","2026-04-09","-80.37","77.37","4084.0","DOME PLATEAU DOME A, AY"," -580","H,,2"," -637","H,,2"," -586","H,,2"
"AYM00089577","2026-04-10","-80.37","77.37","4084.0","DOME PLATEAU DOME A, AY"," -587","H,,2"," -591","H,,2"," -589","H,,2"
"AYM00089577","2026-04-11","-80.37","77.37","4084.0","DOME PLATEAU DOME A, AY"," -589","H,,2"," -591","H,,2"," -590","H,,2"
"AYM00089577","2026-04-12","-80.37","77.37","4084.0","DOME PLATEAU DOME A, AY"," -587","H,,2"," -589","H,,2"," -588","H,,2"
"AYM00089577","2026-04-13","-80.37","77.37","4084.0","DOME PLATEAU DOME A, AY"," -587","H,,2"," -587","H,,2"," -587","H,,2"
"AYM00089577","2026-04-14","-80.37","77.37","4084.0","DOME PLATEAU DOME A, AY"," -587","H,,2"," -588","H,,2"," -587","H,,2"
"AYM00089577","2026-04-15","-80.37","77.37","4084.0","DOME PLATEAU DOME A, AY"," -501","H,,2"," -590","H,,2"," -580","H,,2"
"AYM00089577","2026-04-16","-80.37","77.37","4084.0","DOME PLATEAU DOME A, AY"," -590","H,,2"," -593","H,,2"," -591","H,,2"
"AYM00089577","2026-04-17","-80.37","77.37","4084.0","DOME PLATEAU DOME A, AY"," -594","H,,2"," -597","H,,2"," -596","H,,2"
"AYM00089577","2026-04-18","-80.37","77.37","4084.0","DOME PLATEAU DOME A, AY"," -597","H,,2"," -599","H,,2"," -598","H,,2"
"AYM00089577","2026-04-19","-80.37","77.37","4084.0","DOME PLATEAU DOME A, AY"," -597","H,,2"," -631","H,,2"," -600","H,,2"
"AYM00089577","2026-04-20","-80.37","77.37","4084.0","DOME PLATEAU DOME A, AY"," -597","H,,2"," -598","H,,2"," -597","H,,2"
"AYM00089577","2026-04-21","-80.37","77.37","4084.0","DOME PLATEAU DOME A, AY"," -565","H,,2"," -600","H,,2"," -598","H,,2"
"AYM00089577","2026-04-22","-80.37","77.37","4084.0","DOME PLATEAU DOME A, AY"," -597","H,,2"," -600","H,,2"," -599","H,,2"
"AYM00089577","2026-04-23","-80.37","77.37","4084.0","DOME PLATEAU DOME A, AY"," -595","H,,2"," -597","H,,2"," -596","H,,2"
"AYM00089577","2026-04-24","-80.37","77.37","4084.0","DOME PLATEAU DOME A, AY"," -595","H,,2"," -709","H,,2"," -600","H,,2"
"AYM00089577","2026-04-25","-80.37","77.37","4084.0","DOME PLATEAU DOME A, AY"," -597","H,,2"," -693","H,,2"," -604","H,,2"
"AYM00089577","2026-04-26","-80.37","77.37","4084.0","DOME PLATEAU DOME A, AY"," -603","H,,2"," -609","H,,2"," -606","H,,2"
"AYM00089577","2026-04-27","-80.37","77.37","4084.0","DOME PLATEAU DOME A, AY"," -609","H,,2"," -614","H,,2"," -612","H,,2"
"AYM00089577","2026-04-28","-80.37","77.37","4084.0","DOME PLATEAU DOME A, AY"," -614","H,,2"," -616","H,,2"," -615","H,,2"
"AYM00089577","2026-04-29","-80.37","77.37","4084.0","DOME PLATEAU DOME A, AY"," -616","H,,2"," -660","H,,2"," -622","H,,2"
"AYM00089577","2026-04-30","-80.37","77.37","4084.0","DOME PLATEAU DOME A, AY"," -620","H,,2"," -624","H,,2"," -622","H,,2"
"AYM00089577","2026-05-01","-80.37","77.37","4084.0","DOME PLATEAU DOME A, AY"," -624","H,,2"," -625","H,,2"," -625","H,,2"
"AYM00089577","2026-05-02","-80.37","77.37","4084.0","DOME PLATEAU DOME A, AY"," -624","H,,2"," -625","H,,2"," -624","H,,2"
"AYM00089577","2026-05-03","-80.37","77.37","4084.0","DOME PLATEAU DOME A, AY"," -625","H,,2"," -626","H,,2"," -625","H,,2"
"AYM00089577","2026-05-04","-80.37","77.37","4084.0","DOME PLATEAU DOME A, AY"," -626","H,,2"," -626","H,,2"," -626","H,,2"
"AYM00089577","2026-05-05","-80.37","77.37","4084.0","DOME PLATEAU DOME A, AY"," -626","H,,2"," -626","H,,2"," -626","H,,2"
"AYM00089577","2026-05-06","-80.37","77.37","4084.0","DOME PLATEAU DOME A, AY"," -623","H,,2"," -631","H,,2"," -625","H,,2"
"AYM00089577","2026-05-07","-80.37","77.37","4084.0","DOME PLATEAU DOME A, AY"," -624","H,,2"," -625","H,,2"," -625","H,,2"
"AYM00089577","2026-05-08","-80.37","77.37","4084.0","DOME PLATEAU DOME A, AY"," -626","H,,2"," -693","H,,2"," -633","H,,2"
"AYM00089577","2026-05-09","-80.37","77.37","4084.0","DOME PLATEAU DOME A, AY"," -631","H,,2"," -636","H,,2"," -633","H,,2"
"AYM00089577","2026-05-10","-80.37","77.37","4084.0","DOME PLATEAU DOME A, AY"," -636","H,,2"," -639","H,,2"," -638","H,,2"
"AYM00089577","2026-05-11","-80.37","77.37","4084.0","DOME PLATEAU DOME A, AY"," -639","H,,2"," -641","H,,2"," -640","H,,2"
"AYM00089577","2026-05-12","-80.37","77.37","4084.0","DOME PLATEAU DOME A, AY"," -641","H,,2"," -649","H,,2"," -642","H,,2"
"AYM00089577","2026-05-13","-80.37","77.37","4084.0","DOME PLATEAU DOME A, AY"," -639","H,,2"," -643","H,,2"," -643","H,,2"
"AYM00089577","2026-05-14","-80.37","77.37","4084.0","DOME PLATEAU DOME A, AY"," -639","H,,2"," -642","H,,2"," -641","H,,2"
"AYM00089577","2026-05-15","-80.37","77.37","4084.0","DOME PLATEAU DOME A, AY"," -489","H,,2"," -638","H,,2"," -616","H,,2"
"AYM00089577","2026-05-16","-80.37","77.37","4084.0","DOME PLATEAU DOME A, AY"," -625","H,,2"," -664","H,,2"," -628","H,,2"
"AYM00089577","2026-05-17","-80.37","77.37","4084.0","DOME PLATEAU DOME A, AY"," -625","H,,2"," -627","H,,2"," -626","H,,2"
"AYM00089577","2026-05-18","-80.37","77.37","4084.0","DOME PLATEAU DOME A, AY"," -627","H,,2"," -629","H,,2"," -628","H,,2"
"AYM00089577","2026-05-19","-80.37","77.37","4084.0","DOME PLATEAU DOME A, AY"," -629","H,,2"," -631","H,,2"," -630","H,,2"
"AYM00089577","2026-05-20","-80.37","77.37","4084.0","DOME PLATEAU DOME A, AY"," 1467","H,X,2"," -635","H,,2"," -542","H,,2"
"AYM00089577","2026-05-21","-80.37","77.37","4084.0","DOME PLATEAU DOME A, AY"," -636","H,,2"," -642","H,,2"," -638","H,,2"
"AYM00089577","2026-05-22","-80.37","77.37","4084.0","DOME PLATEAU DOME A, AY"," -642","H,,2"," -647","H,,2"," -645","H,,2"
"AYM00089577","2026-05-23","-80.37","77.37","4084.0","DOME PLATEAU DOME A, AY"," -647","H,,2"," -650","H,,2"," -649","H,,2"
"AYM00089577","2026-05-24","-80.37","77.37","4084.0","DOME PLATEAU DOME A, AY"," -650","H,,2"," -650","H,,2"," -650","H,,2"
"AYM00089577","2026-05-25","-80.37","77.37","4084.0","DOME PLATEAU DOME A, AY"," -625","H,,2"," -650","H,,2"," -646","H,,2"
"AYM00089577","2026-05-26","-80.37","77.37","4084.0","DOME PLATEAU DOME A, AY"," -645","H,,2"," -704","H,,2"," -648","H,,2"
"AYM00089577","2026-05-27","-80.37","77.37","4084.0","DOME PLATEAU DOME A, AY"," -645","H,,2"," -648","H,,2"," -646","H,,2"
"AYM00089577","2026-05-28","-80.37","77.37","4084.0","DOME PLATEAU DOME A, AY"," -648","H,,2"," -695","H,,2"," -652","H,,2"
"AYM00089577","2026-05-29","-80.37","77.37","4084.0","DOME PLATEAU DOME A, AY"," -651","H,,2"," -653","H,,2"," -652","H,,2"
"AYM00089577","2026-05-30","-80.37","77.37","4084.0","DOME PLATEAU DOME A, AY"," -653","H,,2"," -657","H,,2"," -655","H,,2"
"AYM00089577","2026-05-31","-80.37","77.37","4084.0","DOME PLATEAU DOME A, AY"," -657","H,,2"," -660","H,,2"," -658","H,,2"
"AYM00089577","2026-06-01","-80.37","77.37","4084.0","DOME PLATEAU DOME A, AY"," -660","H,,2"," -662","H,,2"," -661","H,,2"
"AYM00089577","2026-06-02","-80.37","77.37","4084.0","DOME PLATEAU DOME A, AY"," -660","H,,2"," -662","H,,2"," -661","H,,2"
"AYM00089577","2026-06-03","-80.37","77.37","4084.0","DOME PLATEAU DOME A, AY"," -657","H,,2"," -660","H,,2"," -658","H,,2"
"AYM00089577","2026-06-04","-80.37","77.37","4084.0","DOME PLATEAU DOME A, AY"," -658","H,,2"," -709","H,,2"," -661","H,,2"
"AYM00089577","2026-06-05","-80.37","77.37","4084.0","DOME PLATEAU DOME A, AY"," -659","H,,2"," -661","H,,2"," -660","H,,2"
"AYM00089577","2026-06-06","-80.37","77.37","4084.0","DOME PLATEAU DOME A, AY"," -653","H,,2"," -674","H,,2"," -656","H,,2"
"AYM00089577","2026-06-07","-80.37","77.37","4084.0","DOME PLATEAU DOME A, AY"," -652","H,,2"," -705","H,,2"," -655","H,,2"
"AYM00089577","2026-06-08","-80.37","77.37","4084.0","DOME PLATEAU DOME A, AY"," -616","H,,2","-1010","H,X,2"," -667","H,,2"
"AYM00089577","2026-06-09","-80.37","77.37","4084.0","DOME PLATEAU DOME A, AY"," -655","H,,2"," -656","H,,2"," -655","H,,2"
"AYM00089577","2026-06-10","-80.37","77.37","4084.0","DOME PLATEAU DOME A, AY"," -656","H,,2"," -713","H,,2"," -665","H,,2"
"AYM00089577","2026-06-11","-80.37","77.37","4084.0","DOME PLATEAU DOME A, AY"," -660","H,,2"," -665","H,,2"," -662","H,,2"
"AYM00089577","2026-06-12","-80.37","77.37","4084.0","DOME PLATEAU DOME A, AY"," -665","H,,2"," -672","H,,2"," -668","H,,2"
"AYM00089577","2026-06-13","-80.37","77.37","4084.0","DOME PLATEAU DOME A, AY"," -672","H,,2"," -675","H,,2"," -674","H,,2"
"AYM00089577","2026-06-14","-80.37","77.37","4084.0","DOME PLATEAU DOME A, AY"," -674","H,,2"," -675","H,,2"," -674","H,,2"
"AYM00089577","2026-06-15","-80.37","77.37","4084.0","DOME PLATEAU DOME A, AY"," -673","H,,2"," -674","H,,2"," -673","H,,2"
"AYM00089577","2026-06-16","-80.37","77.37","4084.0","DOME PLATEAU DOME A, AY"," -670","H,,2"," -673","H,,2"," -672","H,,2"
"AYM00089577","2026-06-17","-80.37","77.37","4084.0","DOME PLATEAU DOME A, AY"," -599","H,,2"," -669","H,,2"," -660","H,,2"
"AYM00089577","2026-06-18","-80.37","77.37","4084.0","DOME PLATEAU DOME A, AY"," -648","H,,2"," -665","H,,2"," -658","H,,2"
"AYM00089577","2026-06-19","-80.37","77.37","4084.0","DOME PLATEAU DOME A, AY"," -657","H,,2"," -660","H,,2"," -658","H,,2"
"AYM00089577","2026-06-20","-80.37","77.37","4084.0","DOME PLATEAU DOME A, AY"," -661","H,,2"," -666","H,,2"," -663","H,,2"
"AYM00089577","2026-06-21","-80.37","77.37","4084.0","DOME PLATEAU DOME A, AY"," -666","H,,2"," -668","H,,2"," -667","H,,2"
"AYM00089577","2026-06-22","-80.37","77.37","4084.0","DOME PLATEAU DOME A, AY"," -576","H,,2"," -669","H,,2"," -659","H,,2"
"AYM00089577","2026-06-23","-80.37","77.37","4084.0","DOME PLATEAU DOME A, AY"," -669","H,,2"," -770","H,,2"," -678","H,,2"
"AYM00089577","2026-06-24","-80.37","77.37","4084.0","DOME PLATEAU DOME A, AY"," -672","H,,2"," -679","H,,2"," -675","H,,2"
"AYM00089577","2026-06-25","-80.37","77.37","4084.0","DOME PLATEAU DOME A, AY"," -679","H,,2"," -685","H,,2"," -682","H,,2"
"AYM00089577","2026-06-26","-80.37","77.37","4084.0","DOME PLATEAU DOME A, AY"," -685","H,,2"," -688","H,,2"," -687","H,,2"
"AYM00089577","2026-06-27","-80.37","77.37","4084.0","DOME PLATEAU DOME A, AY"," -682","H,,2"," -687","H,,2"," -685","H,,2"
"AYM00089577","2026-06-28","-80.37","77.37","4084.0","DOME PLATEAU DOME A, AY"," -679","H,,2"," -682","H,,2"," -681","H,,2"
"AYM00089577","2026-06-29","-80.37","77.37","4084.0","DOME PLATEAU DOME A, AY"," -678","H,,2"," -679","H,,2"," -679","H,,2"
"AYM00089577","2026-08-21","-80.37","77.37","4084.0","DOME PLATEAU DOME A, AY"," -652","H,,2"," -655","H,,2"," -653","H,,2"
"AYM00089577","2026-08-22","-80.37","77.37","4084.0","DOME PLATEAU DOME A, AY"," -649","H,,2"," -651","H,,2"," -650","H,,2"
"AYM00089577","2026-08-23","-80.37","77.37","4084.0","DOME PLATEAU DOME A, AY"," -646","H,,2"," -649","H,,2"," -648","H,,2"
"AYM00089577","2026-08-24","-80.37","77.37","4084.0","DOME PLATEAU DOME A, AY"," -576","H,,2"," -646","H,,2"," -640","H,,2"
"AYM00089577","2026-08-25","-80.37","77.37","4084.0","DOME PLATEAU DOME A, AY"," -641","H,,2"," -667","H,,2"," -643","H,,2"
"AYM00089577","2026-08-26","-80.37","77.37","4084.0","DOME PLATEAU DOME A, AY"," -643","H,,2"," -645","H,,2"," -644","H,,2"
"AYM00089577","2026-08-27","-80.37","77.37","4084.0","DOME PLATEAU DOME A, AY"," -645","H,,2"," -645","H,,2"," -645","H,,2"
"AYM00089577","2026-08-28","-80.37","77.37","4084.0","DOME PLATEAU DOME A, AY"," -642","H,,2"," -645","H,,2"," -644","H,,2"
"AYM00089577","2026-08-29","-80.37","77.37","4084.0","DOME PLATEAU DOME A, AY"," -642","H,,2"," -692","H,,2"," -645","H,,2"
"AYM00089577","2026-08-30","-80.37","77.37","4084.0","DOME PLATEAU DOME A, AY"," -619","H,,2"," -649","H,,2"," -646","H,,2"
