"STATION","DATE","LATITUDE","LONGITUDE","ELEVATION","NAME","PRCP","PRCP_ATTRIBUTES","SNWD","SNWD_ATTRIBUTES","TMAX","TMAX_ATTRIBUTES","TMIN","TMIN_ATTRIBUTES","TAVG","TAVG_ATTRIBUTES"
"AYM00089574","1988-04-01","-69.383","76.383","64.0","PROGRESS, AY",,,,,,,,," -100","H,,S"
"AYM00089574","1988-04-02","-69.383","76.383","64.0","PROGRESS, AY",,,,,,,,," -130","H,,S"
"AYM00089574","1988-04-04","-69.383","76.383","64.0","PROGRESS, AY",,,,,,,,," -118","H,,S"
"AYM00089574","1988-04-05","-69.383","76.383","64.0","PROGRESS, AY",,,,,,,,," -132","H,,S"
"AYM00089574","1988-04-06","-69.383","76.383","64.0","PROGRESS, AY",,,,,,,,," -120","H,,S"
"AYM00089574","1988-04-07","-69.383","76.383","64.0","PROGRESS, AY","   10","B,,S","   10",",,S",,,,," -112","H,,S"
"AYM00089574","1988-04-09","-69.383","76.383","64.0","PROGRESS, AY","   30","B,,S","   20",",,S",,,,," -106","H,,S"
"AYM00089574","1988-04-10","-69.383","76.383","64.0","PROGRESS, AY",,,"   20",",,S",,,,," -138","H,,S"
"AYM00089574","1988-04-11","-69.383","76.383","64.0","PROGRESS, AY",,,,,,,,," -162","H,,S"
"AYM00089574","1988-04-13","-69.383","76.383","64.0","PROGRESS, AY","    3","B,,S",,,,,,," -153","H,,S"
"AYM00089574","1988-04-14","-69.383","76.383","64.0","PROGRESS, AY",,,,,,,,,"  -77","H,,S"
"AYM00089574","1988-04-16","-69.383","76.383","64.0","PROGRESS, AY","   15","B,,S","  119",",,S",,,,,"  -98","H,,S"
"AYM00089574","1988-04-17","-69.383","76.383","64.0","PROGRESS, AY","   13","B,,S","   89",",,S",,,,," -121","H,,S"
"AYM00089574","1988-04-18","-69.383","76.383","64.0","PROGRESS, AY",,,"   51",",,S",,,,," -111","H,,S"
"AYM00089574","1988-04-19","-69.383","76.383","64.0","PROGRESS, AY",,,"   10",",,S",,,,,"  -88","H,,S"
"AYM00089574","1988-04-20","-69.383","76.383","64.0","PROGRESS, AY","    5","B,,S",,,,,,," -109","H,,S"
"AYM00089574","1988-04-21","-69.383","76.383","64.0","PROGRESS, AY","   51","B,,S",,,,,,," -134","H,,S"
"AYM00089574","1988-04-22","-69.383","76.383","64.0","PROGRESS, AY","    5","B,,S","   30",",,S",,,,," -147","H,,S"
"AYM00089574","1988-04-23","-69.383","76.383","64.0","PROGRESS, AY",,,"   20",",,S",,,,," -121","H,,S"
"AYM00089574","1988-04-24","-69.383","76.383","64.0","PROGRESS, AY",,,"   10",",,S",,,,," -140","H,,S"
"AYM00089574","1988-04-25","-69.383","76.383","64.0","PROGRESS, AY",,,"   10",",,S",,,,," -170","H,,S"
"AYM00089574","1988-04-27","-69.383","76.383","64.0","PROGRESS, AY","    5","B,,S","   10",",,S",,,,," -103","H,,S"
"AYM00089574","1988-04-28","-69.383","76.383","64.0","PROGRESS, AY","   10","B,,S","   10",",,S",,,,," -142","H,,S"
"AYM00089574","1988-04-29","-69.383","76.383","64.0","PROGRESS, AY",,,"   10",",,S",,,,," -169","H,,S"
"AYM00089574","1988-04-30","-69.383","76.383","64.0","PROGRESS, AY",,,"   10",",,S",,,,," -165","H,,S"
"AYM00089574","1988-05-01","-69.383","76.383","64.0","PROGRESS, AY",,,"   10",",,S",,,,," -135","H,,S"
"AYM00089574","1988-05-02","-69.383","76.383","64.0","PROGRESS, AY",,,,,,,,,"  -94","H,,S"
"AYM00089574","1988-05-03","-69.383","76.383","64.0","PROGRESS, AY","   13","B,,S",,,,,,,"  -86","H,,S"
"AYM00089574","1988-05-04","-69.383","76.383","64.0","PROGRESS, AY","   20","B,,S",,,,,,," -122","H,,S"
"AYM00089574","1988-05-05","-69.383","76.383","64.0","PROGRESS, AY","   48","B,,S","   10",",,S",,,,," -103","H,,S"
"AYM00089574","1988-05-06","-69.383","76.383","64.0","PROGRESS, AY","   10","B,,S","  119",",,S",,,,," -139","H,,S"
"AYM00089574","1988-05-07","-69.383","76.383","64.0","PROGRESS, AY",,,"  109",",,S",,,,," -209","H,,S"
"AYM00089574","1988-05-08","-69.383","76.383","64.0","PROGRESS, AY","    8","B,,S","   71",",,S",,,,," -201","H,,S"
"AYM00089574","1988-05-09","-69.383","76.383","64.0","PROGRESS, AY","   10","B,,S","   71",",,S",,,,," -244","H,,S"
"AYM00089574","1988-05-10","-69.383","76.383","64.0","PROGRESS, AY",,,"   61",",,S",,,,," -223","H,,S"
"AYM00089574","1988-05-11","-69.383","76.383","64.0","PROGRESS, AY",,,"   51",",,S",,,,,"  -97","H,,S"
"AYM00089574","1988-05-12","-69.383","76.383","64.0","PROGRESS, AY",,,"   41",",,S",,,,,"  -94","H,,S"
"AYM00089574","1988-05-13","-69.383","76.383","64.0","PROGRESS, AY",,,"   30",",,S",,,,,"  -79","H,,S"
"AYM00089574","1988-05-14","-69.383","76.383","64.0","PROGRESS, AY",,,"   30",",,S",,,,,"  -72","H,,S"
"AYM00089574","1988-05-15","-69.383","76.383","64.0","PROGRESS, AY",,,,,,,,,"  -61","H,,S"
"AYM00089574","1988-05-16","-69.383","76.383","64.0","PROGRESS, AY",,,,,,,,,"  -63","H,,S"
"AYM00089574","1988-05-17","-69.383","76.383","64.0","PROGRESS, AY",,,,,,,,," -101","H,,S"
"AYM00089574","1988-05-18","-69.383","76.383","64.0","PROGRESS, AY",,,,,,,,," -123","H,,S"
"AYM00089574","1988-05-19","-69.383","76.383","64.0","PROGRESS, AY",,,,,,,,,"  -84","H,,S"
"AYM00089574","1988-05-20","-69.383","76.383","64.0","PROGRESS, AY",,,"   89",",,S",,,,,"  -39","H,,S"
"AYM00089574","1988-05-22","-69.383","76.383","64.0","PROGRESS, AY",,,,,,,,,"  -31","H,,S"
"AYM00089574","1988-05-23","-69.383","76.383","64.0","PROGRESS, AY","    0","B,,S",,,,,,,"   -3","H,,S"
"AYM00089574","1988-05-24","-69.383","76.383","64.0","PROGRESS, AY",,,,,,,,,"  -25","H,,S"
"AYM00089574","1988-05-25","-69.383","76.383","64.0","PROGRESS, AY",,,,,,,,,"  -52","H,,S"
"AYM00089574","1988-05-26","-69.383","76.383","64.0","PROGRESS, AY",,,,,,,,,"  -67","H,,S"
"AYM00089574","1988-05-28","-69.383","76.383","64.0","PROGRESS, AY",,,,,,,,," -150","H,,S"
"AYM00089574","1988-05-29","-69.383","76.383","64.0","PROGRESS, AY",,,,,,,,," -189","H,,S"
"AYM00089574","1988-05-30","-69.383","76.383","64.0","PROGRESS, AY",,,,,,,,," -204","H,,S"
"AYM00089574","1988-05-31","-69.383","76.383","64.0","PROGRESS, AY",,,,,,,,," -157","H,,S"
"AYM00089574","1988-06-01","-69.383","76.383","64.0","PROGRESS, AY","   10","B,,S",,,,,,," -171","H,,S"
"AYM00089574","1988-06-02","-69.383","76.383","64.0","PROGRESS, AY","    5","B,,S","   10",",,S",,,,," -154","H,,S"
"AYM00089574","1988-06-03","-69.383","76.383","64.0","PROGRESS, AY",,,,,,,,,"  -78","H,,S"
"AYM00089574","1988-06-04","-69.383","76.383","64.0","PROGRESS, AY",,,,,,,,,"  -55","H,,S"
"AYM00089574","1988-06-05","-69.383","76.383","64.0","PROGRESS, AY","   76","B,,S","  140",",,S",,,,,"  -61","H,,S"
"AYM00089574","1988-06-06","-69.383","76.383","64.0","PROGRESS, AY","    8","B,,S","   30",",,S",,,,,"  -78","H,,S"
"AYM00089574","1988-06-07","-69.383","76.383","64.0","PROGRESS, AY",,,,,,,,,"  -72","H,,S"
"AYM00089574","1988-06-08","-69.383","76.383","64.0","PROGRESS, AY",,,,,,,,,"  -62","H,,S"
"AYM00089574","1988-06-09","-69.383","76.383","64.0","PROGRESS, AY",,,"   30",",,S",,,,,"  -65","H,,S"
"AYM00089574","1988-06-10","-69.383","76.383","64.0","PROGRESS, AY",,,,,,,,,"  -84","H,,S"
"AYM00089574","1988-06-12","-69.383","76.383","64.0","PROGRESS, AY",,,,,,,,," -158","H,,S"
"AYM00089574","1988-06-13","-69.383","76.383","64.0","PROGRESS, AY",,,,,,,,," -167","H,,S"
"AYM00089574","1988-06-14","-69.383","76.383","64.0","PROGRESS, AY",,,,,,,,,"  -97","H,,S"
"AYM00089574","1988-06-15","-69.383","76.383","64.0","PROGRESS, AY",,,,,,,,,"  -67","H,,S"
"AYM00089574","1988-06-16","-69.383","76.383","64.0","PROGRESS, AY",,,,,,,,," -134","H,,S"
"AYM00089574","1988-06-17","-69.383","76.383","64.0","PROGRESS, AY",,,,,,,,," -177","H,,S"
"AYM00089574","1988-06-18","-69.383","76.383","64.0","PROGRESS, AY",,,,,,,,," -182","H,,S"
"AYM00089574","1988-06-19","-69.383","76.383","64.0","PROGRESS, AY",,,,,,,,," -108","H,,S"
"AYM00089574","1988-06-20","-69.383","76.383","64.0","PROGRESS, AY",,,,,,,,," -151","H,,S"
"AYM00089574","1988-06-21","-69.383","76.383","64.0","PROGRESS, AY",,,,,,,,," -191","H,,S"
"AYM00089574","1988-06-23","-69.383","76.383","64.0","PROGRESS, AY","    5","B,,S",,,,,,," -186","H,,S"
"AYM00089574","1988-06-24","-69.383","76.383","64.0","PROGRESS, AY","    5","B,,S",,,,,,," -123","H,,S"
"AYM00089574","1988-06-25","-69.383","76.383","64.0","PROGRESS, AY","  109","B,,S","   10",",,S",,,,,"  -83","H,,S"
"AYM00089574","1988-06-26","-69.383","76.383","64.0","PROGRESS, AY","   76","B,,S","  140",",,S",,,,,"  -95","H,,S"
"AYM00089574","1988-06-27","-69.383","76.383","64.0","PROGRESS, AY","   13","B,,S","   20",",,S",,,,," -123","H,,S"
"AYM00089574","1988-06-28","-69.383","76.383","64.0","PROGRESS, AY","    3","B,,S","   20",",,S",,,,," -125","H,,S"
"AYM00089574","1988-06-30","-69.383","76.383","64.0","PROGRESS, AY","   20","B,,S","   20",",,S",,,,," -111","H,,S"
"AYM00089574","1988-07-01","-69.383","76.383","64.0","PROGRESS, AY",,,"   20",",,S",,,,," -130","H,,S"
"AYM00089574","1988-07-02","-69.383","76.383","64.0","PROGRESS, AY",,,"   20",",,S",,,,," -143","H,,S"
"AYM00089574","1988-07-03","-69.383","76.383","64.0","PROGRESS, AY",,,"   30",",,S",,,,," -175","H,,S"
"AYM00089574","1988-07-04","-69.383","76.383","64.0","PROGRESS, AY",,,"   30",",,S",,,,," -207","H,,S"
"AYM00089574","1988-07-05","-69.383","76.383","64.0","PROGRESS, AY",,,"   30",",,S",,,,," -201","H,,S"
"AYM00089574","1988-07-06","-69.383","76.383","64.0","PROGRESS, AY",,,"   20",",,S",,,,," -142","H,,S"
"AYM00089574","1988-07-07","-69.383","76.383","64.0","PROGRESS, AY",,,"   20",",,S",,,,," -137","H,,S"
"AYM00089574","1988-07-08","-69.383","76.383","64.0","PROGRESS, AY",,,"   20",",,S",,,,," -125","H,,S"
"AYM00089574","1988-07-09","-69.383","76.383","64.0","PROGRESS, AY",,,"   20",",,S",,,,," -131","H,,S"
"AYM00089574","1988-07-10","-69.383","76.383","64.0","PROGRESS, AY",,,"   20",",,S",,,,," -170","H,,S"
"AYM00089574","1988-07-11","-69.383","76.383","64.0","PROGRESS, AY",,,"   10",",,S",,,,," -193","H,,S"
"AYM00089574","1988-07-13","-69.383","76.383","64.0","PROGRESS, AY",,,,,,,,," -213","H,,S"
"AYM00089574","1988-07-15","-69.383","76.383","64.0","PROGRESS, AY",,,,,,,,," -168","H,,S"
"AYM00089574","1988-07-16","-69.383","76.383","64.0","PROGRESS, AY",,,,,,,,," -203","H,,S"
"AYM00089574","1988-07-17","-69.383","76.383","64.0","PROGRESS, AY",,,,,,,,," -236","H,,S"
"AYM00089574","1988-07-18","-69.383","76.383","64.0","PROGRESS, AY",,,,,,,,," -157","H,,S"
"AYM00089574","1988-07-19","-69.383","76.383","64.0","PROGRESS, AY","    5","B,,S",,,,,,,"  -80","H,,S"
"AYM00089574","1988-07-20","-69.383","76.383","64.0","PROGRESS, AY",,,,,,,,," -118","H,,S"
"AYM00089574","1988-07-21","-69.383","76.383","64.0","PROGRESS, AY",,,,,,,,," -152","H,,S"
"AYM00089574","1988-07-22","-69.383","76.383","64.0","PROGRESS, AY",,,,,,,,,"  -95","H,,S"
"AYM00089574","1988-07-23","-69.383","76.383","64.0","PROGRESS, AY","  191","B,,S","  191",",,S",,,,," -132","H,,S"
"AYM00089574","1988-07-24","-69.383","76.383","64.0","PROGRESS, AY","   61","B,,S","  191",",,S",,,,," -139","H,,S"
"AYM00089574","1988-07-25","-69.383","76.383","64.0","PROGRESS, AY",,,"   41",",,S",,,,," -137","H,,S"
"AYM00089574","1988-07-27","-69.383","76.383","64.0","PROGRESS, AY",,,"   41",",,S",,,,," -184","H,,S"
"AYM00089574","1988-07-28","-69.383","76.383","64.0","PROGRESS, AY",,,"   41",",,S",,,,," -212","H,,S"
"AYM00089574","1988-07-30","-69.383","76.383","64.0","PROGRESS, AY",,,"   30",",,S",,,,," -214","H,,S"
"AYM00089574","1988-07-31","-69.383","76.383","64.0","PROGRESS, AY",,,"   30",",,S",,,,," -230","H,,S"
"AYM00089574","1988-08-02","-69.383","76.383","64.0","PROGRESS, AY",,,"   30",",,S",,,,," -178","H,,S"
"AYM00089574","1988-08-03","-69.383","76.383","64.0","PROGRESS, AY",,,,,,,,," -203","H,,S"
"AYM00089574","1988-08-04","-69.383","76.383","64.0","PROGRESS, AY",,,,,,,,," -225","H,,S"
"AYM00089574","1988-08-05","-69.383","76.383","64.0","PROGRESS, AY",,,,,,,,," -252","H,,S"
"AYM00089574","1988-08-06","-69.383","76.383","64.0","PROGRESS, AY",,,,,,,,," -244","H,,S"
"AYM00089574","1988-08-07","-69.383","76.383","64.0","PROGRESS, AY",,,,,,,,," -152","H,,S"
"AYM00089574","1988-08-08","-69.383","76.383","64.0","PROGRESS, AY","   61","B,,S",,,,,,," -118","H,,S"
"AYM00089574","1988-08-09","-69.383","76.383","64.0","PROGRESS, AY",,,,,,,,," -171","H,,S"
"AYM00089574","1988-08-12","-69.383","76.383","64.0","PROGRESS, AY",,,,,,,,," -162","H,,S"
"AYM00089574","1988-08-14","-69.383","76.383","64.0","PROGRESS, AY","   79","B,,S","   20",",,S",,,,," -113","H,,S"
"AYM00089574","1988-08-15","-69.383","76.383","64.0","PROGRESS, AY",,,,,,,,,"  -98","H,,S"
"AYM00089574","1988-08-16","-69.383","76.383","64.0","PROGRESS, AY",,,,,,,,,"  -53","H,,S"
"AYM00089574","1988-08-17","-69.383","76.383","64.0","PROGRESS, AY",,,,,,,,,"  -75","H,,S"
"AYM00089574","1988-08-18","-69.383","76.383","64.0","PROGRESS, AY",,,,,,,,,"  -98","H,,S"
"AYM00089574","1988-08-19","-69.383","76.383","64.0","PROGRESS, AY",,,,,,,,," -119","H,,S"
"AYM00089574","1988-08-20","-69.383","76.383","64.0","PROGRESS, AY",,,,,,,,," -139","H,,S"
"AYM00089574","1988-08-22","-69.383","76.383","64.0","PROGRESS, AY",,,,,,,,," -142","H,,S"
"AYM00089574","1988-08-23","-69.383","76.383","64.0","PROGRESS, AY",,,,,,,,,"  -84","H,,S"
"AYM00089574","1988-08-24","-69.383","76.383","64.0","PROGRESS, AY",,,,,,,,,"  -65","H,,S"
"AYM00089574","1988-08-25","-69.383","76.383","64.0","PROGRESS, AY",,,,,,,,,"  -83","H,,S"
"AYM00089574","1988-08-26","-69.383","76.383","64.0","PROGRESS, AY",,,,,,,,,"  -91","H,,S"
"AYM00089574","1988-08-27","-69.383","76.383","64.0","PROGRESS, AY",,,,,,,,," -103","H,,S"
"AYM00089574","1988-08-28","-69.383","76.383","64.0","PROGRESS, AY","   20","B,,S",,,,,,," -113","H,,S"
"AYM00089574","1988-08-31","-69.383","76.383","64.0","PROGRESS, AY",,,,,,,,," -148","H,,S"
"AYM00089574","1988-09-01","-69.383","76.383","64.0","PROGRESS, AY",,,,,,,,," -167","H,,S"
"AYM00089574","1988-09-02","-69.383","76.383","64.0","PROGRESS, AY",,,,,,,,," -188","H,,S"
"AYM00089574","1988-09-03","-69.383","76.383","64.0","PROGRESS, AY",,,,,,,,," -214","H,,S"
"AYM00089574","1988-09-04","-69.383","76.383","64.0","PROGRESS, AY",,,,,,,,," -188","H,,S"
"AYM00089574","1988-09-05","-69.383","76.383","64.0","PROGRESS, AY","  231","B,,S",,,,,,,"  -84","H,,S"
"AYM00089574","1988-09-06","-69.383","76.383","64.0","PROGRESS, AY","   23","B,,S","   20",",,S",,,,,"  -97","H,,S"
"AYM00089574","1988-09-07","-69.383","76.383","64.0","PROGRESS, AY","   25","B,,S","   10",",,S",,,,," -129","H,,S"
"AYM00089574","1988-09-08","-69.383","76.383","64.0","PROGRESS, AY",,,"   30",",,S",,,,," -173","H,,S"
"AYM00089574","1988-09-10","-69.383","76.383","64.0","PROGRESS, AY","  150","B,,S","   20",",,S",,,,,"  -74","H,,S"
"AYM00089574","1988-09-11","-69.383","76.383","64.0","PROGRESS, AY","   30","B,,S","   30",",,S",,,,,"  -61","H,,S"
"AYM00089574","1988-09-12","-69.383","76.383","64.0","PROGRESS, AY","   15","B,,S","   51",",,S",,,,,"  -57","H,,S"
"AYM00089574","1988-09-14","-69.383","76.383","64.0","PROGRESS, AY",,,,,,,,," -178","H,,S"
"AYM00089574","1988-09-15","-69.383","76.383","64.0","PROGRESS, AY",,,,,,,,," -183","H,,S"
"AYM00089574","1988-09-16","-69.383","76.383","64.0","PROGRESS, AY",,,,,,,,," -134","H,,S"
"AYM00089574","1988-09-17","-69.383","76.383","64.0","PROGRESS, AY",,,,,,,,," -120","H,,S"
"AYM00089574","1988-09-18","-69.383","76.383","64.0","PROGRESS, AY",,,,,,,,," -136","H,,S"
"AYM00089574","1988-09-19","-69.383","76.383","64.0","PROGRESS, AY",,,,,,,,," -132","H,,S"
"AYM00089574","1988-09-20","-69.383","76.383","64.0","PROGRESS, AY",,,,,,,,," -122","H,,S"
"AYM00089574","1988-09-21","-69.383","76.383","64.0","PROGRESS, AY","    3","B,,S",,,,,,," -132","H,,S"
"AYM00089574","1988-09-22","-69.383","76.383","64.0","PROGRESS, AY",,,,,,,,,"  -84","H,,S"
"AYM00089574","1988-09-23","-69.383","76.383","64.0","PROGRESS, AY","   20","B,,S",,,,,,,"  -82","H,,S"
"AYM00089574","1988-09-24","-69.383","76.383","64.0","PROGRESS, AY","   15","B,,S","   30",",,S",,,,," -109","H,,S"
"AYM00089574","1988-09-25","-69.383","76.383","64.0","PROGRESS, AY",,,,,,,,," -148","H,,S"
"AYM00089574","1988-09-26","-69.383","76.383","64.0","PROGRESS, AY",,,,,,,,," -186","H,,S"
"AYM00089574","1988-09-27","-69.383","76.383","64.0","PROGRESS, AY",,,,,,,,," -201","H,,S"
"AYM00089574","1988-09-28","-69.383","76.383","64.0","PROGRESS, AY",,,,,,,,," -184","H,,S"
"AYM00089574","1988-09-30","-69.383","76.383","64.0","PROGRESS, AY",,,,,,,,," -138","H,,S"
"AYM00089574","1988-10-01","-69.383","76.383","64.0","PROGRESS, AY","    3","B,,S",,,,,,," -144","H,,S"
"AYM00089574","1988-10-02","-69.383","76.383","64.0","PROGRESS, AY",,,,,,,,," -149","H,,S"
"AYM00089574","1988-10-04","-69.383","76.383","64.0","PROGRESS, AY",,,,,,,,," -137","H,,S"
"AYM00089574","1988-10-05","-69.383","76.383","64.0","PROGRESS, AY",,,,,,,,,"  -93","H,,S"
"AYM00089574","1988-10-06","-69.383","76.383","64.0","PROGRESS, AY",,,"   20",",,S",,,,,"  -78","H,,S"
"AYM00089574","1988-10-07","-69.383","76.383","64.0","PROGRESS, AY","   10","B,,S",,,,,,,"  -81","H,,S"
"AYM00089574","1988-10-08","-69.383","76.383","64.0","PROGRESS, AY",,,,,,,,," -121","H,,S"
"AYM00089574","1988-10-11","-69.383","76.383","64.0","PROGRESS, AY",,,,,,,,,"  -88","H,,S"
"AYM00089574","1988-10-12","-69.383","76.383","64.0","PROGRESS, AY",,,,,,,,,"  -51","H,,S"
"AYM00089574","1988-10-13","-69.383","76.383","64.0","PROGRESS, AY",,,,,,,,,"  -51","H,,S"
"AYM00089574","1988-10-14","-69.383","76.383","64.0","PROGRESS, AY",,,,,,,,,"  -76","H,,S"
"AYM00089574","1988-10-15","-69.383","76.383","64.0","PROGRESS, AY",,,,,,,,," -139","H,,S"
"AYM00089574","1988-10-16","-69.383","76.383","64.0","PROGRESS, AY",,,,,,,,," -108","H,,S"
"AYM00089574","1988-10-17","-69.383","76.383","64.0","PROGRESS, AY",,,,,,,,," -109","H,,S"
"AYM00089574","1988-10-22","-69.383","76.383","64.0","PROGRESS, AY",,,,,,,,,"  -57","H,,S"
"AYM00089574","1988-10-23","-69.383","76.383","64.0","PROGRESS, AY",,,,,,,,,"  -77","H,,S"
"AYM00089574","1988-10-24","-69.383","76.383","64.0","PROGRESS, AY",,,,,,,,," -100","H,,S"
"AYM00089574","1988-10-25","-69.383","76.383","64.0","PROGRESS, AY",,,,,,,,,"  -81","H,,S"
"AYM00089574","1988-10-26","-69.383","76.383","64.0","PROGRESS, AY",,,,,,,,,"  -91","H,,S"
"AYM00089574","1988-10-27","-69.383","76.383","64.0","PROGRESS, AY",,,,,,,,," -128","H,,S"
"AYM00089574","1988-10-28","-69.383","76.383","64.0","PROGRESS, AY",,,,,,,,," -117","H,,S"
"AYM00089574","1988-10-29","-69.383","76.383","64.0","PROGRESS, AY",,,,,,,,,"  -87","H,,S"
"AYM00089574","1988-10-30","-69.383","76.383","64.0","PROGRESS, AY",,,,,,,,,"  -87","H,,S"
"AYM00089574","1988-10-31","-69.383","76.383","64.0","PROGRESS, AY",,,,,,,,,"  -76","H,,S"
"AYM00089574","1988-11-01","-69.383","76.383","64.0","PROGRESS, AY",,,,,,,,,"  -84","H,,S"
"AYM00089574","1988-11-02","-69.383","76.383","64.0","PROGRESS, AY",,,,,,,,,"  -88","H,,S"
"AYM00089574","1988-11-03","-69.383","76.383","64.0","PROGRESS, AY",,,,,,,,,"  -63","H,,S"
"AYM00089574","1988-11-04","-69.383","76.383","64.0","PROGRESS, AY",,,,,,,,,"  -54","H,,S"
"AYM00089574","1988-11-05","-69.383","76.383","64.0","PROGRESS, AY",,,,,,,,,"  -50","H,,S"
"AYM00089574","1988-11-06","-69.383","76.383","64.0","PROGRESS, AY","   10","B,,S",,,,,,,"  -59","H,,S"
"AYM00089574","1988-11-07","-69.383","76.383","64.0","PROGRESS, AY",,,,,,,,,"  -96","H,,S"
"AYM00089574","1988-11-08","-69.383","76.383","64.0","PROGRESS, AY",,,,,,,,," -108","H,,S"
"AYM00089574","1988-11-09","-69.383","76.383","64.0","PROGRESS, AY",,,,,,,,," -117","H,,S"
"AYM00089574","1988-11-10","-69.383","76.383","64.0","PROGRESS, AY",,,,,,,,," -108","H,,S"
"AYM00089574","1988-11-11","-69.383","76.383","64.0","PROGRESS, AY",,,,,,,,," -112","H,,S"
"AYM00089574","1988-11-12","-69.383","76.383","64.0","PROGRESS, AY",,,,,,,,," -105","H,,S"
"AYM00089574","1988-11-13","-69.383","76.383","64.0","PROGRESS, AY",,,,,,,,,"  -92","H,,S"
"AYM00089574","1988-11-14","-69.383","76.383","64.0","PROGRESS, AY",,,,,,,,,"  -87","H,,S"
"AYM00089574","1988-11-18","-69.383","76.383","64.0","PROGRESS, AY",,,,,,,,,"  -54","H,,S"
"AYM00089574","1988-11-19","-69.383","76.383","64.0","PROGRESS, AY",,,,,,,,,"  -64","H,,S"
"AYM00089574","1988-11-20","-69.383","76.383","64.0","PROGRESS, AY",,,,,,,,,"  -76","H,,S"
"AYM00089574","1988-11-24","-69.383","76.383","64.0","PROGRESS, AY",,,,,,,,,"  -32","H,,S"
"AYM00089574","1988-11-28","-69.383","76.383","64.0","PROGRESS, AY",,,,,,,,,"  -36","H,,S"
"AYM00089574","1988-11-29","-69.383","76.383","64.0","PROGRESS, AY",,,,,,,,,"  -18","H,,S"
"AYM00089574","1988-11-30","-69.383","76.383","64.0","PROGRESS, AY",,,,,,,,,"  -24","H,,S"
"AYM00089574","1988-12-01","-69.383","76.383","64.0","PROGRESS, AY",,,,,,,,,"  -44","H,,S"
"AYM00089574","1988-12-02","-69.383","76.383","64.0","PROGRESS, AY",,,,,,,,,"  -37","H,,S"
"AYM00089574","1988-12-03","-69.383","76.383","64.0","PROGRESS, AY",,,,,,,,,"  -34","H,,S"
"AYM00089574","1988-12-04","-69.383","76.383","64.0","PROGRESS, AY","   10","B,,S","   10",",,S",,,,,"  -29","H,,S"
"AYM00089574","1988-12-05","-69.383","76.383","64.0","PROGRESS, AY",,,,,,,,,"  -18","H,,S"
"AYM00089574","1988-12-06","-69.383","76.383","64.0","PROGRESS, AY","   10","B,,S",,,,,,,"  -16","H,,S"
"AYM00089574","1988-12-07","-69.383","76.383","64.0","PROGRESS, AY","   23","B,,S",,,,,,,"  -29","H,,S"
"AYM00089574","1988-12-08","-69.383","76.383","64.0","PROGRESS, AY",,,"   10",",,S",,,,,"  -36","H,,S"
"AYM00089574","1988-12-10","-69.383","76.383","64.0","PROGRESS, AY",,,,,,,,,"  -21","H,,S"
"AYM00089574","1988-12-11","-69.383","76.383","64.0","PROGRESS, AY",,,,,,,,,"   -7","H,,S"
"AYM00089574","1988-12-12","-69.383","76.383","64.0","PROGRESS, AY",,,,,,,,,"  -23","H,,S"
"AYM00089574","1988-12-13","-69.383","76.383","64.0","PROGRESS, AY",,,,,,,,,"  -27","H,,S"
"AYM00089574","1988-12-14","-69.383","76.383","64.0","PROGRESS, AY",,,,,,,,,"  -18","H,,S"
"AYM00089574","1988-12-15","-69.383","76.383","64.0","PROGRESS, AY",,,,,,,,,"  -29","H,,S"
"AYM00089574","1988-12-16","-69.383","76.383","64.0","PROGRESS, AY",,,,,,,,,"  -30","H,,S"
"AYM00089574","1988-12-17","-69.383","76.383","64.0","PROGRESS, AY",,,,,,,,,"  -22","H,,S"
"AYM00089574","1988-12-18","-69.383","76.383","64.0","PROGRESS, AY",,,,,,,,,"  -19","H,,S"
"AYM00089574","1988-12-19","-69.383","76.383","64.0","PROGRESS, AY",,,,,,,,,"  -34","H,,S"
"AYM00089574","1988-12-20","-69.383","76.383","64.0","PROGRESS, AY",,,,,,,,,"  -32","H,,S"
"AYM00089574","1988-12-21","-69.383","76.383","64.0","PROGRESS, AY",,,,,,,,,"  -27","H,,S"
"AYM00089574","1988-12-22","-69.383","76.383","64.0","PROGRESS, AY",,,,,,,,,"  -30","H,,S"
"AYM00089574","1988-12-23","-69.383","76.383","64.0","PROGRESS, AY",,,,,,,,,"  -34","H,,S"
"AYM00089574","1988-12-24","-69.383","76.383","64.0","PROGRESS, AY",,,,,,,,,"   -9","H,,S"
"AYM00089574","1988-12-25","-69.383","76.383","64.0","PROGRESS, AY",,,,,,,,,"    1","H,,S"
"AYM00089574","1988-12-26","-69.383","76.383","64.0","PROGRESS, AY",,,,,,,,,"    4","H,,S"
"AYM00089574","1988-12-27","-69.383","76.383","64.0","PROGRESS, AY",,,,,,,,,"  -14","H,,S"
"AYM00089574","1988-12-28","-69.383","76.383","64.0","PROGRESS, AY",,,,,,,,,"    1","H,,S"
"AYM00089574","1988-12-30","-69.383","76.383","64.0","PROGRESS, AY",,,,,,,,,"   -9","H,,S"
"AYM00089574","1988-12-31","-69.383","76.383","64.0","PROGRESS, AY",,,,,,,,,"   -9","H,,S"
"AYM00089574","1989-01-01","-69.383","76.383","64.0","PROGRESS, AY",,,,,,,,,"  -12","H,,S"
"AYM00089574","1989-01-02","-69.383","76.383","64.0","PROGRESS, AY",,,,,,,,,"    3","H,,S"
"AYM00089574","1989-01-03","-69.383","76.383","64.0","PROGRESS, AY",,,,,,,,,"   12","H,,S"
"AYM00089574","1989-01-04","-69.383","76.383","64.0","PROGRESS, AY",,,,,,,,,"   17","H,,S"
"AYM00089574","1989-01-05","-69.383","76.383","64.0","PROGRESS, AY",,,,,,,,,"    1","H,,S"
"AYM00089574","1989-01-06","-69.383","76.383","64.0","PROGRESS, AY",,,,,,,,,"   16","H,,S"
"AYM00089574","1989-01-07","-69.383","76.383","64.0","PROGRESS, AY",,,,,,,,,"   38","H,,S"
"AYM00089574","1989-01-10","-69.383","76.383","64.0","PROGRESS, AY",,,,,,,,,"  -15","H,,S"
"AYM00089574","1989-01-14","-69.383","76.383","64.0","PROGRESS, AY",,,,,,,,,"  -12","H,,S"
"AYM00089574","1989-01-15","-69.383","76.383","64.0","PROGRESS, AY",,,,,,,,,"   -2","H,,S"
"AYM00089574","1989-01-17","-69.383","76.383","64.0","PROGRESS, AY","    0","B,,S",,,,,,,"    7","H,,S"
"AYM00089574","1989-01-18","-69.383","76.383","64.0","PROGRESS, AY",,,,,,,,,"   -1","H,,S"
"AYM00089574","1989-01-19","-69.383","76.383","64.0","PROGRESS, AY",,,,,,,,,"    8","H,,S"
"AYM00089574","1989-01-20","-69.383","76.383","64.0","PROGRESS, AY",,,,,,,,,"   22","H,,S"
"AYM00089574","1989-01-23","-69.383","76.383","64.0","PROGRESS, AY",,,,,,,,,"  -14","H,,S"
"AYM00089574","1989-01-24","-69.383","76.383","64.0","PROGRESS, AY","    0","B,,S",,,,,,,"  -15","H,,S"
"AYM00089574","1989-01-25","-69.383","76.383","64.0","PROGRESS, AY",,,,,,,,,"  -29","H,,S"
"AYM00089574","1989-01-27","-69.383","76.383","64.0","PROGRESS, AY",,,,,,,,,"  -31","H,,S"
"AYM00089574","1989-01-28","-69.383","76.383","64.0","PROGRESS, AY",,,,,,,,,"  -32","H,,S"
"AYM00089574","1989-01-29","-69.383","76.383","64.0","PROGRESS, AY",,,,,,,,,"  -36","H,,S"
"AYM00089574","1989-01-30","-69.383","76.383","64.0","PROGRESS, AY",,,,,,,,,"  -29","H,,S"
"AYM00089574","1989-01-31","-69.383","76.383","64.0","PROGRESS, AY",,,,,,,,,"  -34","H,,S"
"AYM00089574","1989-02-01","-69.383","76.383","64.0","PROGRESS, AY",,,,,,,,,"  -47","H,,S"
"AYM00089574","1989-02-02","-69.383","76.383","64.0","PROGRESS, AY",,,,,,,,,"  -48","H,,S"
"AYM00089574","1989-02-03","-69.383","76.383","64.0","PROGRESS, AY",,,,,,,,,"  -40","H,,S"
"AYM00089574","1989-02-04","-69.383","76.383","64.0","PROGRESS, AY",,,,,,,,,"  -34","H,,S"
"AYM00089574","1989-02-05","-69.383","76.383","64.0","PROGRESS, AY",,,,,,,,,"  -18","H,,S"
"AYM00089574","1989-02-06","-69.383","76.383","64.0","PROGRESS, AY",,,,,,,,,"   -2","H,,S"
"AYM00089574","1989-02-07","-69.383","76.383","64.0","PROGRESS, AY",,,,,,,,,"   -6","H,,S"
"AYM00089574","1989-02-08","-69.383","76.383","64.0","PROGRESS, AY",,,,,,,,,"   -3","H,,S"
"AYM00089574","1989-02-09","-69.383","76.383","64.0","PROGRESS, AY",,,,,,,,,"  -12","H,,S"
"AYM00089574","1989-02-10","-69.383","76.383","64.0","PROGRESS, AY",,,,,,,,,"    3","H,,S"
"AYM00089574","1989-02-11","-69.383","76.383","64.0","PROGRESS, AY",,,,,,,,,"    3","H,,S"
"AYM00089574","1989-02-12","-69.383","76.383","64.0","PROGRESS, AY",,,,,,,,,"  -14","H,,S"
"AYM00089574","1989-02-13","-69.383","76.383","64.0","PROGRESS, AY",,,,,,,,,"  -32","H,,S"
"AYM00089574","1989-02-14","-69.383","76.383","64.0","PROGRESS, AY",,,,,,,,,"  -53","H,,S"
"AYM00089574","1989-02-15","-69.383","76.383","64.0","PROGRESS, AY",,,,,,,,,"  -44","H,,S"
"AYM00089574","1989-02-16","-69.383","76.383","64.0","PROGRESS, AY","   51","B,,S",,,,,,,"  -30","H,,S"
"AYM00089574","1989-02-17","-69.383","76.383","64.0","PROGRESS, AY","   61","B,,S","   41",",,S",,,,,"  -22","H,,S"
"AYM00089574","1989-02-18","-69.383","76.383","64.0","PROGRESS, AY",,,"   51",",,S",,,,,"  -58","H,,S"
"AYM00089574","1989-02-19","-69.383","76.383","64.0","PROGRESS, AY",,,"   30",",,S",,,,,"  -82","H,,S"
"AYM00089574","1989-02-20","-69.383","76.383","64.0","PROGRESS, AY",,,"   30",",,S",,,,,"  -84","H,,S"
"AYM00089574","1989-02-21","-69.383","76.383","64.0","PROGRESS, AY",,,"   10",",,S",,,,,"  -84","H,,S"
"AYM00089574","1989-02-22","-69.383","76.383","64.0","PROGRESS, AY",,,,,,,,,"  -52","H,,S"
"AYM00089574","1989-02-23","-69.383","76.383","64.0","PROGRESS, AY",,,,,,,,,"  -27","H,,S"
"AYM00089574","1989-02-24","-69.383","76.383","64.0","PROGRESS, AY",,,,,,,,,"  -64","H,,S"
"AYM00089574","1989-02-25","-69.383","76.383","64.0","PROGRESS, AY",,,,,,,,,"  -67","H,,S"
"AYM00089574","1989-02-26","-69.383","76.383","64.0","PROGRESS, AY",,,,,,,,,"  -70","H,,S"
"AYM00089574","1989-02-27","-69.383","76.383","64.0","PROGRESS, AY",,,"   79",",,S",,,,,"  -87","H,,S"
"AYM00089574","1989-02-28","-69.383","76.383","64.0","PROGRESS, AY",,,"   71",",,S",,,,,"  -91","H,,S"
"AYM00089574","1989-03-01","-69.383","76.383","64.0","PROGRESS, AY",,,"   71",",,S",,,,,"  -97","H,,S"
"AYM00089574","1989-03-03","-69.383","76.383","64.0","PROGRESS, AY",,,,,,,,," -119","H,,S"
"AYM00089574","1989-03-04","-69.383","76.383","64.0","PROGRESS, AY","    0","B,,S","   71",",,S",,,,," -119","H,,S"
"AYM00089574","1989-03-05","-69.383","76.383","64.0","PROGRESS, AY",,,"   71",",,S",,,,," -107","H,,S"
"AYM00089574","1989-03-06","-69.383","76.383","64.0","PROGRESS, AY",,,"   71",",,S",,,,," -114","H,,S"
"AYM00089574","1989-03-07","-69.383","76.383","64.0","PROGRESS, AY",,,"   61",",,S",,,,," -133","H,,S"
"AYM00089574","1989-03-08","-69.383","76.383","64.0","PROGRESS, AY",,,"   51",",,S",,,,," -118","H,,S"
"AYM00089574","1989-03-09","-69.383","76.383","64.0","PROGRESS, AY","    0","B,,S","   51",",,S",,,,,"  -88","H,,S"
"AYM00089574","1989-03-10","-69.383","76.383","64.0","PROGRESS, AY",,,"   41",",,S",,,,,"  -87","H,,S"
"AYM00089574","1989-03-12","-69.383","76.383","64.0","PROGRESS, AY",,,"   30",",,S",,,,,"  -73","H,,S"
"AYM00089574","1989-03-14","-69.383","76.383","64.0","PROGRESS, AY",,,"   41",",,S",,,,,"  -87","H,,S"
"AYM00089574","1989-03-15","-69.383","76.383","64.0","PROGRESS, AY",,,"   41",",,S",,,,," -136","H,,S"
"AYM00089574","1989-03-17","-69.383","76.383","64.0","PROGRESS, AY",,,"   41",",,S",,,,," -167","H,,S"
"AYM00089574","1989-03-21","-69.383","76.383","64.0","PROGRESS, AY",,,"   41",",,S",,,,," -146","H,,S"
"AYM00089574","1989-03-23","-69.383","76.383","64.0","PROGRESS, AY",,,"   41",",,S",,,,,"  -78","H,,S"
"AYM00089574","1989-03-25","-69.383","76.383","64.0","PROGRESS, AY","    0","B,,S","   41",",,S",,,,," -147","H,,S"
"AYM00089574","1989-03-26","-69.383","76.383","64.0","PROGRESS, AY",,,"   41",",,S",,,,," -100","H,,S"
"AYM00089574","1989-03-27","-69.383","76.383","64.0","PROGRESS, AY",,,"  150",",,S",,,,,"  -41","H,,S"
"AYM00089574","1989-03-28","-69.383","76.383","64.0","PROGRESS, AY","   33","B,,S","   79",",,S",,,,,"  -42","H,,S"
"AYM00089574","1989-03-30","-69.383","76.383","64.0","PROGRESS, AY",,,"   61",",,S",,,,,"  -63","H,,S"
"AYM00089574","1989-04-01","-69.383","76.383","64.0","PROGRESS, AY",,,"   20",",,S",,,,," -118","H,,S"
"AYM00089574","1989-04-02","-69.383","76.383","64.0","PROGRESS, AY",,,"   41",",,S",,,,," -118","H,,S"
"AYM00089574","1989-04-03","-69.383","76.383","64.0","PROGRESS, AY",,,"   41",",,S",,,,,"  -95","H,,S"
"AYM00089574","1989-04-06","-69.383","76.383","64.0","PROGRESS, AY",,,"   20",",,S",,,,,"  -98","H,,S"
"AYM00089574","1989-04-08","-69.383","76.383","64.0","PROGRESS, AY",,,"   10",",,S",,,,," -148","H,,S"
"AYM00089574","1989-04-09","-69.383","76.383","64.0","PROGRESS, AY",,,"   10",",,S",,,,," -143","H,,S"
"AYM00089574","1989-04-11","-69.383","76.383","64.0","PROGRESS, AY","   13","B,,S","   20",",,S",,,,," -114","H,,S"
"AYM00089574","1989-04-13","-69.383","76.383","64.0","PROGRESS, AY",,,"   10",",,S",,,,," -152","H,,S"
"AYM00089574","1989-04-14","-69.383","76.383","64.0","PROGRESS, AY",,,"   10",",,S",,,,," -151","H,,S"
"AYM00089574","1989-04-15","-69.383","76.383","64.0","PROGRESS, AY",,,"   10",",,S",,,,," -119","H,,S"
"AYM00089574","1989-04-16","-69.383","76.383","64.0","PROGRESS, AY",,,"   10",",,S",,,,," -138","H,,S"
"AYM00089574","1989-04-17","-69.383","76.383","64.0","PROGRESS, AY","    0","B,,S","   10",",,S",,,,," -133","H,,S"
"AYM00089574","1989-04-20","-69.383","76.383","64.0","PROGRESS, AY",,,"   10",",,S",,,,," -180","H,,S"
"AYM00089574","1989-04-21","-69.383","76.383","64.0","PROGRESS, AY","   25","B,,S","   20",",,S",,,,," -134","H,,S"
"AYM00089574","1989-04-22","-69.383","76.383","64.0","PROGRESS, AY",,,"   10",",,S",,,,," -121","H,,S"
"AYM00089574","1989-04-23","-69.383","76.383","64.0","PROGRESS, AY",,,"   10",",,S",,,,," -128","H,,S"
"AYM00089574","1989-04-24","-69.383","76.383","64.0","PROGRESS, AY","    8","B,,S","   10",",,S",,,,," -168","H,,S"
"AYM00089574","1989-04-27","-69.383","76.383","64.0","PROGRESS, AY",,,"   10",",,S",,,,," -204","H,,S"
"AYM00089574","1989-04-29","-69.383","76.383","64.0","PROGRESS, AY",,,"   10",",,S",,,,," -234","H,,S"
"AYM00089574","1989-04-30","-69.383","76.383","64.0","PROGRESS, AY",,,"   10",",,S",,,,," -224","H,,S"
"AYM00089574","1989-05-01","-69.383","76.383","64.0","PROGRESS, AY",,,"   10",",,S",,,,," -172","H,,S"
"AYM00089574","1989-05-02","-69.383","76.383","64.0","PROGRESS, AY",,,"   10",",,S",,,,," -144","H,,S"
"AYM00089574","1989-05-03","-69.383","76.383","64.0","PROGRESS, AY",,,"   10",",,S",,,,," -151","H,,S"
"AYM00089574","1989-05-04","-69.383","76.383","64.0","PROGRESS, AY",,,"   10",",,S",,,,," -186","H,,S"
"AYM00089574","1989-05-06","-69.383","76.383","64.0","PROGRESS, AY",,,"   30",",,S",,,,," -173","H,,S"
"AYM00089574","1989-05-07","-69.383","76.383","64.0","PROGRESS, AY",,,"   10",",,S",,,,," -200","H,,S"
"AYM00089574","1989-05-08","-69.383","76.383","64.0","PROGRESS, AY",,,,,,,,," -203","H,,S"
"AYM00089574","1989-05-09","-69.383","76.383","64.0","PROGRESS, AY",,,"   89",",,S",,,,," -207","H,,S"
"AYM00089574","1989-05-10","-69.383","76.383","64.0","PROGRESS, AY",,,"   10",",,S",,,,," -194","H,,S"
"AYM00089574","1989-05-11","-69.383","76.383","64.0","PROGRESS, AY",,,"   10",",,S",,,,," -204","H,,S"
"AYM00089574","1989-05-13","-69.383","76.383","64.0","PROGRESS, AY",,,"   10",",,S",,,,," -220","H,,S"
"AYM00089574","1989-05-14","-69.383","76.383","64.0","PROGRESS, AY","    3","B,,S","   10",",,S",,,,," -160","H,,S"
"AYM00089574","1989-05-15","-69.383","76.383","64.0","PROGRESS, AY","    3","B,,S","   20",",,S",,,,," -212","H,,S"
"AYM00089574","1989-05-16","-69.383","76.383","64.0","PROGRESS, AY","    3","B,,S","   20",",,S",,,,," -258","H,,S"
"AYM00089574","1989-05-17","-69.383","76.383","64.0","PROGRESS, AY",,,"   20",",,S",,,,," -294","H,,S"
"AYM00089574","1989-05-18","-69.383","76.383","64.0","PROGRESS, AY",,,"   20",",,S",,,,," -202","H,,S"
"AYM00089574","1989-05-19","-69.383","76.383","64.0","PROGRESS, AY",,,"   20",",,S",,,,," -191","H,,S"
"AYM00089574","1989-05-21","-69.383","76.383","64.0","PROGRESS, AY","  160","B,,S","  579",",,S",,,,," -194","H,,S"
"AYM00089574","1989-05-23","-69.383","76.383","64.0","PROGRESS, AY","   41","B,,S","  551",",,S",,,,," -143","H,,S"
"AYM00089574","1989-05-25","-69.383","76.383","64.0","PROGRESS, AY",,,"  551",",,S",,,,," -228","H,,S"
"AYM00089574","1989-05-26","-69.383","76.383","64.0","PROGRESS, AY",,,"  521",",,S",,,,," -238","H,,S"
"AYM00089574","1989-05-27","-69.383","76.383","64.0","PROGRESS, AY",,,"  450",",,S",,,,," -244","H,,S"
"AYM00089574","1989-05-28","-69.383","76.383","64.0","PROGRESS, AY",,,,,,,,," -161","H,,S"
"AYM00089574","1989-05-30","-69.383","76.383","64.0","PROGRESS, AY",,,"  371",",,S",,,,," -118","H,,S"
"AYM00089574","1989-06-01","-69.383","76.383","64.0","PROGRESS, AY",,,"  170",",,S",,,,," -120","H,,S"
"AYM00089574","1989-06-02","-69.383","76.383","64.0","PROGRESS, AY",,,"  160",",,S",,,,," -161","H,,S"
"AYM00089574","1989-06-03","-69.383","76.383","64.0","PROGRESS, AY",,,"  170",",,S",,,,," -143","H,,S"
"AYM00089574","1989-06-04","-69.383","76.383","64.0","PROGRESS, AY",,,"  170",",,S",,,,," -135","H,,S"
"AYM00089574","1989-06-05","-69.383","76.383","64.0","PROGRESS, AY",,,"  170",",,S",,,,," -153","H,,S"
"AYM00089574","1989-06-07","-69.383","76.383","64.0","PROGRESS, AY","   18","B,,S","  221",",,S",,,,,"  -78","H,,S"
"AYM00089574","1989-06-08","-69.383","76.383","64.0","PROGRESS, AY","    3","B,,S","  221",",,S",,,,,"  -87","H,,S"
"AYM00089574","1989-06-09","-69.383","76.383","64.0","PROGRESS, AY",,,"  191",",,S",,,,," -105","H,,S"
"AYM00089574","1989-06-12","-69.383","76.383","64.0","PROGRESS, AY",,,,,,,,," -131","H,,S"
"AYM00089574","1989-06-14","-69.383","76.383","64.0","PROGRESS, AY",,,"  231",",,S",,,,," -234","H,,S"
"AYM00089574","1989-06-15","-69.383","76.383","64.0","PROGRESS, AY","   10","B,,S","  231",",,S",,,,," -163","H,,S"
"AYM00089574","1989-06-16","-69.383","76.383","64.0","PROGRESS, AY","   10","B,,S","  231",",,S",,,,," -125","H,,S"
"AYM00089574","1989-06-17","-69.383","76.383","64.0","PROGRESS, AY",,,"  160",",,S",,,,," -143","H,,S"
"AYM00089574","1989-06-18","-69.383","76.383","64.0","PROGRESS, AY",,,"  180",",,S",,,,," -125","H,,S"
"AYM00089574","1989-06-19","-69.383","76.383","64.0","PROGRESS, AY","   41","B,,S","  180",",,S",,,,," -157","H,,S"
"AYM00089574","1989-06-20","-69.383","76.383","64.0","PROGRESS, AY",,,"  201",",,S",,,,," -178","H,,S"
"AYM00089574","1989-06-21","-69.383","76.383","64.0","PROGRESS, AY",,,,,,,,," -226","H,,S"
"AYM00089574","1989-06-23","-69.383","76.383","64.0","PROGRESS, AY",,,"  191",",,S",,,,," -103","H,,S"
"AYM00089574","1989-06-24","-69.383","76.383","64.0","PROGRESS, AY",,,"  191",",,S",,,,," -121","H,,S"
"AYM00089574","1989-06-25","-69.383","76.383","64.0","PROGRESS, AY",,,"  191",",,S",,,,," -152","H,,S"
"AYM00089574","1989-06-26","-69.383","76.383","64.0","PROGRESS, AY",,,"  191",",,S",,,,," -171","H,,S"
"AYM00089574","1989-06-27","-69.383","76.383","64.0","PROGRESS, AY",,,"  180",",,S",,,,," -231","H,,S"
"AYM00089574","1989-06-30","-69.383","76.383","64.0","PROGRESS, AY",,,"  180",",,S",,,,," -154","H,,S"
"AYM00089574","1989-07-01","-69.383","76.383","64.0","PROGRESS, AY",,,"  180",",,S",,,,," -148","H,,S"
"AYM00089574","1989-07-02","-69.383","76.383","64.0","PROGRESS, AY",,,"  180",",,S",,,,," -133","H,,S"
"AYM00089574","1989-07-05","-69.383","76.383","64.0","PROGRESS, AY",,,"  180",",,S",,,,," -235","H,,S"
"AYM00089574","1989-07-06","-69.383","76.383","64.0","PROGRESS, AY",,,"  180",",,S",,,,," -277","H,,S"
"AYM00089574","1989-07-07","-69.383","76.383","64.0","PROGRESS, AY",,,"  180",",,S",,,,," -179","H,,S"
"AYM00089574","1989-07-10","-69.383","76.383","64.0","PROGRESS, AY",,,"  170",",,S",,,,," -212","H,,S"
"AYM00089574","1989-07-11","-69.383","76.383","64.0","PROGRESS, AY",,,"  170",",,S",,,,," -232","H,,S"
"AYM00089574","1989-07-13","-69.383","76.383","64.0","PROGRESS, AY",,,"  170",",,S",,,,," -159","H,,S"
"AYM00089574","1989-07-14","-69.383","76.383","64.0","PROGRESS, AY",,,"  170",",,S",,,,," -160","H,,S"
"AYM00089574","1989-07-15","-69.383","76.383","64.0","PROGRESS, AY",,,"  170",",,S",,,,," -159","H,,S"
"AYM00089574","1989-07-16","-69.383","76.383","64.0","PROGRESS, AY",,,"  170",",,S",,,,," -132","H,,S"
"AYM00089574","1989-07-19","-69.383","76.383","64.0","PROGRESS, AY","    3","B,,S","  109",",,S",,,,," -136","H,,S"
"AYM00089574","1989-07-20","-69.383","76.383","64.0","PROGRESS, AY",,,"  109",",,S",,,,," -146","H,,S"
"AYM00089574","1989-07-21","-69.383","76.383","64.0","PROGRESS, AY",,,"  109",",,S",,,,," -121","H,,S"
"AYM00089574","1989-07-22","-69.383","76.383","64.0","PROGRESS, AY",,,"  109",",,S",,,,," -108","H,,S"
"AYM00089574","1989-07-23","-69.383","76.383","64.0","PROGRESS, AY",,,"  109",",,S",,,,," -133","H,,S"
"AYM00089574","1989-07-25","-69.383","76.383","64.0","PROGRESS, AY",,,"  109",",,S",,,,," -150","H,,S"
"AYM00089574","1989-07-26","-69.383","76.383","64.0","PROGRESS, AY",,,"  109",",,S",,,,," -161","H,,S"
"AYM00089574","1989-07-28","-69.383","76.383","64.0","PROGRESS, AY",,,"  109",",,S",,,,," -182","H,,S"
"AYM00089574","1989-07-29","-69.383","76.383","64.0","PROGRESS, AY",,,"  211",",,S",,,,," -220","H,,S"
"AYM00089574","1989-07-30","-69.383","76.383","64.0","PROGRESS, AY",,,"  109",",,S",,,,," -157","H,,S"
"AYM00089574","1989-07-31","-69.383","76.383","64.0","PROGRESS, AY",,,"  109",",,S",,,,," -123","H,,S"
"AYM00089574","1989-08-01","-69.383","76.383","64.0","PROGRESS, AY",,,"   99",",,S",,,,," -136","H,,S"
"AYM00089574","1989-08-03","-69.383","76.383","64.0","PROGRESS, AY",,,"   79",",,S",,,,," -104","H,,S"
"AYM00089574","1989-08-04","-69.383","76.383","64.0","PROGRESS, AY",,,"  119",",,S",,,,," -170","H,,S"
"AYM00089574","1989-08-06","-69.383","76.383","64.0","PROGRESS, AY",,,"  130",",,S",,,,," -146","H,,S"
"AYM00089574","1989-08-07","-69.383","76.383","64.0","PROGRESS, AY","   20","B,,S","  130",",,S",,,,,"  -97","H,,S"
"AYM00089574","1989-08-08","-69.383","76.383","64.0","PROGRESS, AY",,,"  119",",,S",,,,,"  -93","H,,S"
"AYM00089574","1989-08-09","-69.383","76.383","64.0","PROGRESS, AY",,,"  109",",,S",,,,," -149","H,,S"
"AYM00089574","1989-08-10","-69.383","76.383","64.0","PROGRESS, AY",,,"  109",",,S",,,,," -204","H,,S"
"AYM00089574","1989-08-11","-69.383","76.383","64.0","PROGRESS, AY","   10","B,,S","  109",",,S",,,,," -123","H,,S"
"AYM00089574","1989-08-16","-69.383","76.383","64.0","PROGRESS, AY",,,"  119",",,S",,,,,"  -86","H,,S"
"AYM00089574","1989-08-17","-69.383","76.383","64.0","PROGRESS, AY","   23","B,,S","  119",",,S",,,,,"  -72","H,,S"
"AYM00089574","1989-08-18","-69.383","76.383","64.0","PROGRESS, AY",,,"  109",",,S",,,,,"  -83","H,,S"
"AYM00089574","1989-08-19","-69.383","76.383","64.0","PROGRESS, AY",,,"   99",",,S",,,,," -141","H,,S"
"AYM00089574","1989-08-21","-69.383","76.383","64.0","PROGRESS, AY",,,"   99",",,S",,,,," -211","H,,S"
"AYM00089574","1989-08-24","-69.383","76.383","64.0","PROGRESS, AY",,,,,,,,," -139","H,,S"
"AYM00089574","1989-08-25","-69.383","76.383","64.0","PROGRESS, AY",,,"   99",",,S",,,,," -137","H,,S"
"AYM00089574","1989-08-26","-69.383","76.383","64.0","PROGRESS, AY","   13","B,,S","   99",",,S",,,,," -137","H,,S"
"AYM00089574","1989-08-30","-69.383","76.383","64.0","PROGRESS, AY",,,"   89",",,S",,,,,"   -7","H,,S"
"AYM00089574","1989-08-31","-69.383","76.383","64.0","PROGRESS, AY",,,"   79",",,S",,,,,"  -25","H,,S"
"AYM00089574","1989-09-02","-69.383","76.383","64.0","PROGRESS, AY",,,"   79",",,S",,,,," -104","H,,S"
"AYM00089574","1989-09-03","-69.383","76.383","64.0","PROGRESS, AY",,,"   79",",,S",,,,,"  -96","H,,S"
"AYM00089574","1989-09-07","-69.383","76.383","64.0","PROGRESS, AY",,,"   71",",,S",,,,," -114","H,,S"
"AYM00089574","1989-09-08","-69.383","76.383","64.0","PROGRESS, AY",,,"   71",",,S",,,,," -140","H,,S"
"AYM00089574","1989-09-09","-69.383","76.383","64.0","PROGRESS, AY",,,"   71",",,S",,,,," -136","H,,S"
"AYM00089574","1989-09-10","-69.383","76.383","64.0","PROGRESS, AY",,,,,,,,," -186","H,,S"
"AYM00089574","1989-09-13","-69.383","76.383","64.0","PROGRESS, AY",,,"   71",",,S",,,,," -175","H,,S"
"AYM00089574","1989-09-14","-69.383","76.383","64.0","PROGRESS, AY",,,"   71",",,S",,,,," -104","H,,S"
"AYM00089574","1989-09-15","-69.383","76.383","64.0","PROGRESS, AY",,,"   71",",,S",,,,,"  -59","H,,S"
"AYM00089574","1989-09-16","-69.383","76.383","64.0","PROGRESS, AY",,,"   51",",,S",,,,," -142","H,,S"
"AYM00089574","1989-09-17","-69.383","76.383","64.0","PROGRESS, AY",,,,,,,,," -100","H,,S"
"AYM00089574","1989-09-19","-69.383","76.383","64.0","PROGRESS, AY",,,,,,,,,"  -41","H,,S"
"AYM00089574","1989-09-20","-69.383","76.383","64.0","PROGRESS, AY",,,"   41",",,S",,,,,"  -36","H,,S"
"AYM00089574","1989-09-22","-69.383","76.383","64.0","PROGRESS, AY",,,"   20",",,S",,,,,"  -59","H,,S"
"AYM00089574","1989-09-23","-69.383","76.383","64.0","PROGRESS, AY","   28","B,,S","   20",",,S",,,,,"  -66","H,,S"
"AYM00089574","1989-09-26","-69.383","76.383","64.0","PROGRESS, AY",,,"   51",",,S",,,,," -112","H,,S"
"AYM00089574","1989-09-27","-69.383","76.383","64.0","PROGRESS, AY",,,"   51",",,S",,,,," -123","H,,S"
"AYM00089574","1989-10-01","-69.383","76.383","64.0","PROGRESS, AY","   23","B,,S","   61",",,S",,,,,"  -49","H,,S"
"AYM00089574","1989-10-02","-69.383","76.383","64.0","PROGRESS, AY","   10","B,,S",,,,,,,"  -49","H,,S"
"AYM00089574","1989-10-03","-69.383","76.383","64.0","PROGRESS, AY",,,"   41",",,S",,,,,"  -47","H,,S"
"AYM00089574","1989-10-04","-69.383","76.383","64.0","PROGRESS, AY",,,"   41",",,S",,,,,"  -42","H,,S"
"AYM00089574","1989-10-06","-69.383","76.383","64.0","PROGRESS, AY",,,"   30",",,S",,,,,"  -61","H,,S"
"AYM00089574","1989-10-08","-69.383","76.383","64.0","PROGRESS, AY",,,"   20",",,S",,,,,"  -99","H,,S"
"AYM00089574","1989-10-09","-69.383","76.383","64.0","PROGRESS, AY",,,"   20",",,S",,,,,"  -57","H,,S"
"AYM00089574","1989-10-10","-69.383","76.383","64.0","PROGRESS, AY",,,"   30",",,S",,,,,"  -87","H,,S"
"AYM00089574","1989-10-13","-69.383","76.383","64.0","PROGRESS, AY","   20","B,,S","  150",",,S",,,,,"  -53","H,,S"
"AYM00089574","1989-10-15","-69.383","76.383","64.0","PROGRESS, AY",,,"  150",",,S",,,,,"  -53","H,,S"
"AYM00089574","1989-10-16","-69.383","76.383","64.0","PROGRESS, AY",,,"  140",",,S",,,,,"  -76","H,,S"
"AYM00089574","1989-10-17","-69.383","76.383","64.0","PROGRESS, AY",,,"  119",",,S",,,,,"  -54","H,,S"
"AYM00089574","1989-10-18","-69.383","76.383","64.0","PROGRESS, AY",,,"   51",",,S",,,,," -125","H,,S"
"AYM00089574","1989-10-24","-69.383","76.383","64.0","PROGRESS, AY",,,"   20",",,S",,,,," -128","H,,S"
"AYM00089574","1989-10-25","-69.383","76.383","64.0","PROGRESS, AY",,,"   10",",,S",,,,," -161","H,,S"
"AYM00089574","1989-10-26","-69.383","76.383","64.0","PROGRESS, AY",,,"   10",",,S",,,,," -178","H,,S"
"AYM00089574","1989-10-28","-69.383","76.383","64.0","PROGRESS, AY","   13","B,,S","   20",",,S",,,,,"  -94","H,,S"
"AYM00089574","1989-10-31","-69.383","76.383","64.0","PROGRESS, AY",,,"   20",",,S",,,,,"  -67","H,,S"
"AYM00089574","1989-11-01","-69.383","76.383","64.0","PROGRESS, AY",,,"   20",",,S",,,,,"  -70","H,,S"
"AYM00089574","1989-11-02","-69.383","76.383","64.0","PROGRESS, AY",,,"   20",",,S",,,,," -118","H,,S"
"AYM00089574","1989-11-03","-69.383","76.383","64.0","PROGRESS, AY",,,,,,,,," -133","H,,S"
"AYM00089574","1989-11-05","-69.383","76.383","64.0","PROGRESS, AY",,,"   20",",,S",,,,," -140","H,,S"
"AYM00089574","1989-11-06","-69.383","76.383","64.0","PROGRESS, AY",,,"   20",",,S",,,,," -136","H,,S"
"AYM00089574","1989-11-07","-69.383","76.383","64.0","PROGRESS, AY",,,"   20",",,S",,,,,"  -99","H,,S"
"AYM00089574","1989-11-08","-69.383","76.383","64.0","PROGRESS, AY",,,"   20",",,S",,,,,"  -82","H,,S"
"AYM00089574","1989-11-09","-69.383","76.383","64.0","PROGRESS, AY",,,"   10",",,S",,,,,"  -59","H,,S"
"AYM00089574","1989-11-10","-69.383","76.383","64.0","PROGRESS, AY",,,,,,,,,"  -68","H,,S"
"AYM00089574","1989-11-13","-69.383","76.383","64.0","PROGRESS, AY",,,,,,,,,"  -76","H,,S"
"AYM00089574","1989-11-15","-69.383","76.383","64.0","PROGRESS, AY",,,,,,,,,"  -69","H,,S"
"AYM00089574","1989-11-16","-69.383","76.383","64.0","PROGRESS, AY",,,,,,,,,"  -62","H,,S"
"AYM00089574","1989-11-17","-69.383","76.383","64.0","PROGRESS, AY","   28","B,,S","   10",",,S",,,,,"  -52","H,,S"
"AYM00089574","1989-11-18","-69.383","76.383","64.0","PROGRESS, AY",,,,,,,,,"  -62","H,,S"
"AYM00089574","1989-11-19","-69.383","76.383","64.0","PROGRESS, AY",,,"   30",",,S",,,,,"  -54","H,,S"
"AYM00089574","1989-11-20","-69.383","76.383","64.0","PROGRESS, AY",,,"   20",",,S",,,,,"  -50","H,,S"
"AYM00089574","1989-11-21","-69.383","76.383","64.0","PROGRESS, AY",,,"   10",",,S",,,,,"  -51","H,,S"
"AYM00089574","1989-11-22","-69.383","76.383","64.0","PROGRESS, AY",,,"   20",",,S",,,,,"  -48","H,,S"
"AYM00089574","1989-11-23","-69.383","76.383","64.0","PROGRESS, AY",,,,,,,,,"  -47","H,,S"
"AYM00089574","1989-11-25","-69.383","76.383","64.0","PROGRESS, AY",,,,,,,,,"  -49","H,,S"
"AYM00089574","1989-11-26","-69.383","76.383","64.0","PROGRESS, AY",,,,,,,,,"  -49","H,,S"
"AYM00089574","1989-12-02","-69.383","76.383","64.0","PROGRESS, AY",,,,,,,,,"   18","H,,S"
"AYM00089574","1989-12-03","-69.383","76.383","64.0","PROGRESS, AY","    3","B,,S",,,,,,,"    9","H,,S"
"AYM00089574","1989-12-04","-69.383","76.383","64.0","PROGRESS, AY","   41","B,,S","   51",",,S",,,,,"   47","H,,S"
"AYM00089574","1989-12-06","-69.383","76.383","64.0","PROGRESS, AY",,,,,,,,,"    6","H,,S"
"AYM00089574","1989-12-07","-69.383","76.383","64.0","PROGRESS, AY",,,,,,,,,"   12","H,,S"
"AYM00089574","1989-12-08","-69.383","76.383","64.0","PROGRESS, AY",,,,,,,,,"   30","H,,S"
"AYM00089574","1989-12-09","-69.383","76.383","64.0","PROGRESS, AY",,,,,,,,,"   21","H,,S"
"AYM00089574","1989-12-10","-69.383","76.383","64.0","PROGRESS, AY",,,,,,,,,"   16","H,,S"
"AYM00089574","1989-12-12","-69.383","76.383","64.0","PROGRESS, AY",,,,,,,,,"   29","H,,S"
"AYM00089574","1989-12-13","-69.383","76.383","64.0","PROGRESS, AY",,,,,,,,,"   33","H,,S"
"AYM00089574","1989-12-14","-69.383","76.383","64.0","PROGRESS, AY",,,,,,,,,"   24","H,,S"
"AYM00089574","1989-12-15","-69.383","76.383","64.0","PROGRESS, AY",,,,,,,,,"   20","H,,S"
"AYM00089574","1989-12-16","-69.383","76.383","64.0","PROGRESS, AY",,,,,,,,,"    6","H,,S"
"AYM00089574","1989-12-17","-69.383","76.383","64.0","PROGRESS, AY",,,,,,,,,"    7","H,,S"
"AYM00089574","1989-12-18","-69.383","76.383","64.0","PROGRESS, AY",,,,,,,,,"   -6","H,,S"
"AYM00089574","1989-12-19","-69.383","76.383","64.0","PROGRESS, AY",,,,,,,,,"   24","H,,S"
"AYM00089574","1989-12-21","-69.383","76.383","64.0","PROGRESS, AY","   38","B,,S",,,,,,,"   -5","H,,S"
"AYM00089574","1989-12-23","-69.383","76.383","64.0","PROGRESS, AY",,,,,,,,,"   17","H,,S"
"AYM00089574","1989-12-24","-69.383","76.383","64.0","PROGRESS, AY","   13","B,,S",,,,,,,"    6","H,,S"
"AYM00089574","1989-12-25","-69.383","76.383","64.0","PROGRESS, AY",,,,,,,,,"    4","H,,S"
"AYM00089574","1989-12-26","-69.383","76.383","64.0","PROGRESS, AY",,,,,,,,,"   -1","H,,S"
"AYM00089574","1989-12-27","-69.383","76.383","64.0","PROGRESS, AY",,,,,,,,,"   31","H,,S"
"AYM00089574","1989-12-28","-69.383","76.383","64.0","PROGRESS, AY",,,,,,,,,"   40","H,,S"
"AYM00089574","1989-12-30","-69.383","76.383","64.0","PROGRESS, AY",,,,,,,,,"   29","H,,S"
"AYM00089574","1989-12-31","-69.383","76.383","64.0","PROGRESS, AY",,,,,,,,,"    7","H,,S"
"AYM00089574","1990-01-02","-69.383","76.383","64.0","PROGRESS, AY",,,,,,,,,"   30","H,,S"
"AYM00089574","1990-01-03","-69.383","76.383","64.0","PROGRESS, AY",,,,,,,,,"   28","H,,S"
"AYM00089574","1990-01-04","-69.383","76.383","64.0","PROGRESS, AY",,,,,,,,,"   14","H,,S"
"AYM00089574","1990-01-05","-69.383","76.383","64.0","PROGRESS, AY",,,,,,,,,"    2","H,,S"
"AYM00089574","1990-01-06","-69.383","76.383","64.0","PROGRESS, AY",,,,,,,,,"   11","H,,S"
"AYM00089574","1990-01-07","-69.383","76.383","64.0","PROGRESS, AY",,,,,,,,,"   13","H,,S"
"AYM00089574","1990-01-08","-69.383","76.383","64.0","PROGRESS, AY",,,,,,,,,"   11","H,,S"
"AYM00089574","1990-01-09","-69.383","76.383","64.0","PROGRESS, AY",,,,,,,,,"   29","H,,S"
"AYM00089574","1990-01-10","-69.383","76.383","64.0","PROGRESS, AY",,,,,,,,,"   26","H,,S"
"AYM00089574","1990-01-11","-69.383","76.383","64.0","PROGRESS, AY",,,,,,,,,"   31","H,,S"
"AYM00089574","1990-01-12","-69.383","76.383","64.0","PROGRESS, AY",,,,,,,,,"   24","H,,S"
"AYM00089574","1990-01-13","-69.383","76.383","64.0","PROGRESS, AY",,,,,,,,,"   26","H,,S"
"AYM00089574","1990-01-14","-69.383","76.383","64.0","PROGRESS, AY",,,,,,,,,"   17","H,,S"
"AYM00089574","1990-01-16","-69.383","76.383","64.0","PROGRESS, AY",,,,,,,,,"   14","H,,S"
"AYM00089574","1990-01-18","-69.383","76.383","64.0","PROGRESS, AY",,,,,,,,,"   57","H,,S"
"AYM00089574","1990-01-20","-69.383","76.383","64.0","PROGRESS, AY",,,,,,,,,"   24","H,,S"
"AYM00089574","1990-01-21","-69.383","76.383","64.0","PROGRESS, AY",,,,,,,,,"    4","H,,S"
"AYM00089574","1990-01-22","-69.383","76.383","64.0","PROGRESS, AY",,,,,,,,,"    4","H,,S"
"AYM00089574","1990-01-23","-69.383","76.383","64.0","PROGRESS, AY",,,,,,,,,"    1","H,,S"
"AYM00089574","1990-01-25","-69.383","76.383","64.0","PROGRESS, AY",,,,,,,,,"  -17","H,,S"
"AYM00089574","1990-01-26","-69.383","76.383","64.0","PROGRESS, AY","   10","B,,S","   10",",,S",,,,,"  -11","H,,S"
"AYM00089574","1990-01-27","-69.383","76.383","64.0","PROGRESS, AY",,,,,,,,,"   -7","H,,S"
"AYM00089574","1990-01-30","-69.383","76.383","64.0","PROGRESS, AY","   89","B,,S","  109",",,S",,,,,"  -15","H,,S"
"AYM00089574","1990-01-31","-69.383","76.383","64.0","PROGRESS, AY",,,"   79",",,S",,,,,"  -19","H,,S"
"AYM00089574","1990-02-01","-69.383","76.383","64.0","PROGRESS, AY",,,"   30",",,S",,,,,"  -48","H,,S"
"AYM00089574","1990-02-03","-69.383","76.383","64.0","PROGRESS, AY",,,"   30",",,S",,,,,"  -14","H,,S"
"AYM00089574","1990-02-04","-69.383","76.383","64.0","PROGRESS, AY","    5","B,,S","   20",",,S",,,,,"  -18","H,,S"
"AYM00089574","1990-02-05","-69.383","76.383","64.0","PROGRESS, AY",,,"   30",",,S",,,,,"  -19","H,,S"
"AYM00089574","1990-02-07","-69.383","76.383","64.0","PROGRESS, AY",,,"  130",",,S",,,,,"  -36","H,,S"
"AYM00089574","1991-01-26","-69.383","76.383","64.0","PROGRESS, AY","    0","D,,S",,,"   26",",,S",,,"  -12","H,,S"
"AYM00089574","1991-01-30","-69.383","76.383","64.0","PROGRESS, AY","    0","D,,S",,,"   33",",,S","  -59",",,S","   -7","H,,S"
"AYM00089574","1991-02-02","-69.383","76.383","64.0","PROGRESS, AY","   25","D,,S",,,"    8",",,S","  -16",",,S","   -4","H,,S"
"AYM00089574","1991-02-03","-69.383","76.383","64.0","PROGRESS, AY","    0","D,,S",,,"   13",",,S","  -18",",,S","   -8","H,,S"
"AYM00089574","1991-02-04","-69.383","76.383","64.0","PROGRESS, AY","    0","D,,S",,,"    4",",,S","  -34",",,S","  -19","H,,S"
"AYM00089574","1991-02-05","-69.383","76.383","64.0","PROGRESS, AY","    0","D,,S",,,"  -17",",,S",,,"  -31","H,,S"
"AYM00089574","1991-02-06","-69.383","76.383","64.0","PROGRESS, AY","    0","D,,S",,,"   -9",",,S","  -57",",,S","  -40","H,,S"
"AYM00089574","1991-02-07","-69.383","76.383","64.0","PROGRESS, AY",,,,,"  -30",",,S","  -55",",,S","  -48","H,,S"
"AYM00089574","1991-02-08","-69.383","76.383","64.0","PROGRESS, AY","    0","D,,S",,,"  -25",",,S","  -56",",,S","  -40","H,,S"
"AYM00089574","1991-02-09","-69.383","76.383","64.0","PROGRESS, AY","    3","D,,S",,,"    7",",,S","  -35",",,S","  -10","H,,S"
"AYM00089574","1991-02-10","-69.383","76.383","64.0","PROGRESS, AY","    0","D,,S",,,"    8",",,S",,,"   -6","H,,S"
"AYM00089574","1991-02-11","-69.383","76.383","64.0","PROGRESS, AY","    0","D,,S",,,,,,,"   -1","H,,S"
"AYM00089574","1991-02-12","-69.383","76.383","64.0","PROGRESS, AY","    0","D,,S",,,,,,,"   -7","H,,S"
"AYM00089574","1991-02-13","-69.383","76.383","64.0","PROGRESS, AY",,,,,,,,,"  -14","H,,S"
"AYM00089574","1991-02-15","-69.383","76.383","64.0","PROGRESS, AY","    0","D,,S",,,,,,,"  -32","H,,S"
"AYM00089574","1991-02-16","-69.383","76.383","64.0","PROGRESS, AY","    0","D,,S",,,,,,,"  -24","H,,S"
"AYM00089574","1991-02-17","-69.383","76.383","64.0","PROGRESS, AY","    0","D,,S",,,,,,,"  -14","H,,S"
"AYM00089574","1991-02-18","-69.383","76.383","64.0","PROGRESS, AY","    0","D,,S",,,,,,,"    7","H,,S"
"AYM00089574","1991-02-19","-69.383","76.383","64.0","PROGRESS, AY","    0","D,,S",,,,,,,"   57","H,,S"
"AYM00089574","1991-02-20","-69.383","76.383","64.0","PROGRESS, AY",,,,,,,,,"  -10","H,,S"
"AYM00089574","1991-02-21","-69.383","76.383","64.0","PROGRESS, AY","   33","B,,S",,,,,,,"  -27","H,,S"
"AYM00089574","1991-02-22","-69.383","76.383","64.0","PROGRESS, AY","   10","B,,S",,,,,,,"  -29","H,,S"
"AYM00089574","1991-02-23","-69.383","76.383","64.0","PROGRESS, AY",,,,,,,,,"  -17","H,,S"
"AYM00089574","1991-02-24","-69.383","76.383","64.0","PROGRESS, AY",,,,,,,,,"  -23","H,,S"
"AYM00089574","1991-02-25","-69.383","76.383","64.0","PROGRESS, AY","    3","B,,S",,,,,,,"  -30","H,,S"
"AYM00089574","1991-02-26","-69.383","76.383","64.0","PROGRESS, AY","    0","D,,S",,,,,,,"  -62","H,,S"
"AYM00089574","1991-02-27","-69.383","76.383","64.0","PROGRESS, AY",,,,,,,,,"  -59","H,,S"
"AYM00089574","1991-02-28","-69.383","76.383","64.0","PROGRESS, AY",,,,,,,,,"  -73","H,,S"
"AYM00089574","1991-03-01","-69.383","76.383","64.0","PROGRESS, AY","    0","D,,S",,,,,,,"  -93","H,,S"
"AYM00089574","1991-03-02","-69.383","76.383","64.0","PROGRESS, AY","    0","D,,S",,,,,,,"  -89","H,,S"
"AYM00089574","1991-03-03","-69.383","76.383","64.0","PROGRESS, AY","    0","D,,S",,,,,,,"  -91","H,,S"
"AYM00089574","1991-03-04","-69.383","76.383","64.0","PROGRESS, AY",,,,,,,,," -100","H,,S"
"AYM00089574","1991-03-05","-69.383","76.383","64.0","PROGRESS, AY",,,,,,,,,"  -98","H,,S"
"AYM00089574","1991-03-07","-69.383","76.383","64.0","PROGRESS, AY","   43","B,,S",,,,,,,"  -62","H,,S"
"AYM00089574","1991-03-09","-69.383","76.383","64.0","PROGRESS, AY","    0","D,,S",,,,,,,"  -79","H,,S"
"AYM00089574","1991-03-10","-69.383","76.383","64.0","PROGRESS, AY","    0","D,,S",,,,,,,"  -82","H,,S"
"AYM00089574","1991-03-11","-69.383","76.383","64.0","PROGRESS, AY","    0","D,,S",,,,,,,"  -93","H,,S"
"AYM00089574","1991-03-12","-69.383","76.383","64.0","PROGRESS, AY",,,,,,,,," -123","H,,S"
"AYM00089574","1991-03-13","-69.383","76.383","64.0","PROGRESS, AY",,,,,,,,," -181","H,,S"
"AYM00089574","1991-03-14","-69.383","76.383","64.0","PROGRESS, AY","    0","D,,S",,,,,,," -162","H,,S"
"AYM00089574","1991-03-15","-69.383","76.383","64.0","PROGRESS, AY","    0","D,,S",,,,,,,"  -33","H,,S"
"AYM00089574","1991-03-16","-69.383","76.383","64.0","PROGRESS, AY","   20","B,,S",,,,,,,"  -34","H,,S"
"AYM00089574","1991-03-17","-69.383","76.383","64.0","PROGRESS, AY",,,,,,,,,"  -48","H,,S"
"AYM00089574","1991-03-18","-69.383","76.383","64.0","PROGRESS, AY","   41","B,,S",,,,,,,"  -51","H,,S"
"AYM00089574","1991-03-19","-69.383","76.383","64.0","PROGRESS, AY","   10","B,,S",,,,,,,"   -9","H,,S"
"AYM00089574","1991-03-20","-69.383","76.383","64.0","PROGRESS, AY","    0","B,,S",,,,,,,"  -17","H,,S"
"AYM00089574","1991-03-22","-69.383","76.383","64.0","PROGRESS, AY","    0","D,,S",,,,,,,"  -75","H,,S"
"AYM00089574","1991-04-04","-69.383","76.383","64.0","PROGRESS, AY",,,,,,,,,"  -75","H,,S"
"AYM00089574","1991-04-05","-69.383","76.383","64.0","PROGRESS, AY","    0","D,,S",,,,,,,"  -60","H,,S"
"AYM00089574","1991-04-06","-69.383","76.383","64.0","PROGRESS, AY","    0","D,,S",,,,,,,"  -41","H,,S"
"AYM00089574","1991-04-11","-69.383","76.383","64.0","PROGRESS, AY","    0","D,,S",,,,,,,"  -35","H,,S"
"AYM00089574","1991-04-13","-69.383","76.383","64.0","PROGRESS, AY",,,,,,,,,"  -73","H,,S"
"AYM00089574","1991-04-14","-69.383","76.383","64.0","PROGRESS, AY",,,,,,,,,"  -89","H,,S"
"AYM00089574","1991-04-15","-69.383","76.383","64.0","PROGRESS, AY","    0","D,,S",,,,,,,"  -90","H,,S"
"AYM00089574","1991-04-16","-69.383","76.383","64.0","PROGRESS, AY","    0","D,,S",,,,,,," -108","H,,S"
"AYM00089574","1991-04-17","-69.383","76.383","64.0","PROGRESS, AY","    0","D,,S",,,,,,," -157","H,,S"
"AYM00089574","1991-04-18","-69.383","76.383","64.0","PROGRESS, AY","    0","D,,S",,,,,,," -178","H,,S"
"AYM00089574","1991-04-20","-69.383","76.383","64.0","PROGRESS, AY","    0","D,,S",,,,,,,"  -94","H,,S"
"AYM00089574","1991-04-21","-69.383","76.383","64.0","PROGRESS, AY","    0","D,,S",,,,,,," -104","H,,S"
"AYM00089574","1991-04-22","-69.383","76.383","64.0","PROGRESS, AY","    0","D,,S",,,,,,," -134","H,,S"
"AYM00089574","1991-04-24","-69.383","76.383","64.0","PROGRESS, AY","    0","D,,S",,,,,,,"  -87","H,,S"
"AYM00089574","1991-04-25","-69.383","76.383","64.0","PROGRESS, AY","    0","D,,S",,,,,,,"  -50","H,,S"
"AYM00089574","1991-04-26","-69.383","76.383","64.0","PROGRESS, AY","    0","D,,S",,,,,,,"  -31","H,,S"
"AYM00089574","1991-04-27","-69.383","76.383","64.0","PROGRESS, AY","    0","D,,S",,,,,,,"  -63","H,,S"
"AYM00089574","1991-04-28","-69.383","76.383","64.0","PROGRESS, AY","    0","D,,S",,,,,,," -145","H,,S"
"AYM00089574","1991-04-30","-69.383","76.383","64.0","PROGRESS, AY","    0","D,,S",,,,,,," -109","H,,S"
"AYM00089574","1991-05-02","-69.383","76.383","64.0","PROGRESS, AY","    0","D,,S",,,,,,," -146","H,,S"
"AYM00089574","1991-05-04","-69.383","76.383","64.0","PROGRESS, AY","    0","D,,S",,,,,,," -192","H,,S"
"AYM00089574","1991-05-05","-69.383","76.383","64.0","PROGRESS, AY","    0","D,,S",,,,,,," -221","H,,S"
"AYM00089574","1991-05-06","-69.383","76.383","64.0","PROGRESS, AY","    0","D,,S",,,,,,," -232","H,,S"
"AYM00089574","1991-05-07","-69.383","76.383","64.0","PROGRESS, AY",,,,,,,,," -211","H,,S"
"AYM00089574","1991-05-08","-69.383","76.383","64.0","PROGRESS, AY","   15","B,,S",,,,,,," -201","H,,S"
"AYM00089574","1991-05-09","-69.383","76.383","64.0","PROGRESS, AY","   30","B,,S",,,,,,," -114","H,,S"
"AYM00089574","1991-05-10","-69.383","76.383","64.0","PROGRESS, AY","    0","D,,S",,,,,,," -118","H,,S"
"AYM00089574","1991-05-11","-69.383","76.383","64.0","PROGRESS, AY","    0","D,,S",,,,,,," -152","H,,S"
"AYM00089574","1991-05-12","-69.383","76.383","64.0","PROGRESS, AY","    0","D,,S",,,,,,," -195","H,,S"
"AYM00089574","1991-05-14","-69.383","76.383","64.0","PROGRESS, AY",,,,,,,,," -119","H,,S"
"AYM00089574","1991-05-16","-69.383","76.383","64.0","PROGRESS, AY",,,,,,,,,"  -87","H,,S"
"AYM00089574","1991-05-17","-69.383","76.383","64.0","PROGRESS, AY","    0","D,,S",,,,,,," -163","H,,S"
"AYM00089574","1991-05-18","-69.383","76.383","64.0","PROGRESS, AY",,,,,,,,," -161","H,,S"
"AYM00089574","1991-05-19","-69.383","76.383","64.0","PROGRESS, AY","    0","D,,S",,,,,,," -132","H,,S"
"AYM00089574","1991-05-20","-69.383","76.383","64.0","PROGRESS, AY","    0","D,,S",,,,,,," -107","H,,S"
"AYM00089574","1991-05-21","-69.383","76.383","64.0","PROGRESS, AY","    0","D,,S",,,,,,,"  -77","H,,S"
"AYM00089574","1991-05-23","-69.383","76.383","64.0","PROGRESS, AY","    0","D,,S",,,,,,,"  -57","H,,S"
"AYM00089574","1991-05-24","-69.383","76.383","64.0","PROGRESS, AY","    0","D,,S",,,,,,,"  -74","H,,S"
"AYM00089574","1991-05-25","-69.383","76.383","64.0","PROGRESS, AY",,,,,,,,,"  -76","H,,S"
"AYM00089574","1991-05-26","-69.383","76.383","64.0","PROGRESS, AY","    8","B,,S",,,,,,,"  -93","H,,S"
"AYM00089574","1991-05-27","-69.383","76.383","64.0","PROGRESS, AY",,,,,,,,," -108","H,,S"
"AYM00089574","1991-05-28","-69.383","76.383","64.0","PROGRESS, AY",,,,,,,,," -101","H,,S"
"AYM00089574","1991-05-29","-69.383","76.383","64.0","PROGRESS, AY","    0","D,,S",,,,,,," -151","H,,S"
"AYM00089574","1991-05-30","-69.383","76.383","64.0","PROGRESS, AY","   13","B,,S",,,,,,," -165","H,,S"
"AYM00089574","1991-05-31","-69.383","76.383","64.0","PROGRESS, AY","    0","D,,S",,,,,,," -189","H,,S"
"AYM00089574","1991-06-01","-69.383","76.383","64.0","PROGRESS, AY",,,,,,,,," -138","H,,S"
"AYM00089574","1991-06-02","-69.383","76.383","64.0","PROGRESS, AY",,,,,,,,,"  -77","H,,S"
"AYM00089574","1991-06-03","-69.383","76.383","64.0","PROGRESS, AY",,,,,,,,," -123","H,,S"
"AYM00089574","1991-06-04","-69.383","76.383","64.0","PROGRESS, AY","    0","D,,S",,,,,,," -148","H,,S"
"AYM00089574","1991-06-05","-69.383","76.383","64.0","PROGRESS, AY","    0","D,,S",,,,,,," -104","H,,S"
"AYM00089574","1991-06-06","-69.383","76.383","64.0","PROGRESS, AY","    0","D,,S",,,,,,," -151","H,,S"
"AYM00089574","1991-06-07","-69.383","76.383","64.0","PROGRESS, AY","    0","D,,S",,,,,,," -173","H,,S"
"AYM00089574","1991-06-08","-69.383","76.383","64.0","PROGRESS, AY",,,,,,,,," -128","H,,S"
"AYM00089574","1991-06-10","-69.383","76.383","64.0","PROGRESS, AY",,,,,,,,,"  -69","H,,S"
"AYM00089574","1991-06-13","-69.383","76.383","64.0","PROGRESS, AY","    0","B,,S",,,,,,," -108","H,,S"
"AYM00089574","1991-06-14","-69.383","76.383","64.0","PROGRESS, AY","    0","D,,S",,,,,,," -130","H,,S"
"AYM00089574","1991-06-15","-69.383","76.383","64.0","PROGRESS, AY","    0","D,,S",,,,,,," -107","H,,S"
"AYM00089574","1991-06-16","-69.383","76.383","64.0","PROGRESS, AY","    0","D,,S",,,,,,,"  -58","H,,S"
"AYM00089574","1991-06-18","-69.383","76.383","64.0","PROGRESS, AY","    0","D,,S",,,,,,,"  -99","H,,S"
"AYM00089574","1991-06-19","-69.383","76.383","64.0","PROGRESS, AY","    0","D,,S",,,,,,," -120","H,,S"
"AYM00089574","1991-06-20","-69.383","76.383","64.0","PROGRESS, AY",,,,,,,,," -119","H,,S"
"AYM00089574","1991-06-21","-69.383","76.383","64.0","PROGRESS, AY","    0","D,,S",,,,,,," -136","H,,S"
"AYM00089574","1991-06-22","-69.383","76.383","64.0","PROGRESS, AY","    0","D,,S",,,,,,," -144","H,,S"
"AYM00089574","1991-06-23","-69.383","76.383","64.0","PROGRESS, AY","    0","D,,S",,,,,,," -156","H,,S"
"AYM00089574","1991-06-24","-69.383","76.383","64.0","PROGRESS, AY","    0","D,,S",,,,,,," -189","H,,S"
"AYM00089574","1991-06-25","-69.383","76.383","64.0","PROGRESS, AY","    0","D,,S",,,,,,," -164","H,,S"
"AYM00089574","1991-06-26","-69.383","76.383","64.0","PROGRESS, AY",,,,,,,,," -109","H,,S"
"AYM00089574","1991-06-27","-69.383","76.383","64.0","PROGRESS, AY","   51","B,,S",,,,,,,"  -82","H,,S"
"AYM00089574","1991-06-28","-69.383","76.383","64.0","PROGRESS, AY","    0","D,,S",,,,,,,"  -58","H,,S"
"AYM00089574","1991-06-29","-69.383","76.383","64.0","PROGRESS, AY","    0","D,,S",,,,,,,"  -72","H,,S"
"AYM00089574","1991-06-30","-69.383","76.383","64.0","PROGRESS, AY","    0","D,,S",,,,,,,"  -45","H,,S"
"AYM00089574","1991-07-01","-69.383","76.383","64.0","PROGRESS, AY","    0","D,,S",,,,,,,"  -72","H,,S"
"AYM00089574","1991-07-02","-69.383","76.383","64.0","PROGRESS, AY","    0","D,,S",,,,,,," -124","H,,S"
"AYM00089574","1991-07-04","-69.383","76.383","64.0","PROGRESS, AY","    0","D,,S",,,,,,,"  -78","H,,S"
"AYM00089574","1991-07-07","-69.383","76.383","64.0","PROGRESS, AY","    0","D,,S",,,,,,,"  -95","H,,S"
"AYM00089574","1991-07-08","-69.383","76.383","64.0","PROGRESS, AY","    0","D,,S",,,,,,,"  -64","H,,S"
"AYM00089574","1991-07-09","-69.383","76.383","64.0","PROGRESS, AY","    0","D,,S",,,,,,,"  -51","H,,S"
"AYM00089574","1991-07-10","-69.383","76.383","64.0","PROGRESS, AY","    0","D,,S",,,,,,," -131","H,,S"
"AYM00089574","1991-07-11","-69.383","76.383","64.0","PROGRESS, AY",,,,,,,,," -204","H,,S"
"AYM00089574","1991-07-14","-69.383","76.383","64.0","PROGRESS, AY","   10","B,,S",,,,,,," -148","H,,S"
"AYM00089574","1991-07-15","-69.383","76.383","64.0","PROGRESS, AY","    8","B,,S",,,,,,," -117","H,,S"
"AYM00089574","1991-07-16","-69.383","76.383","64.0","PROGRESS, AY","    5","B,,S",,,,,,," -197","H,,S"
"AYM00089574","1991-07-17","-69.383","76.383","64.0","PROGRESS, AY",,,,,,,,," -131","H,,S"
"AYM00089574","1991-07-19","-69.383","76.383","64.0","PROGRESS, AY","    8","B,,S",,,,,,," -129","H,,S"
"AYM00089574","1991-07-20","-69.383","76.383","64.0","PROGRESS, AY",,,,,,,,,"  -86","H,,S"
"AYM00089574","1991-07-21","-69.383","76.383","64.0","PROGRESS, AY","   20","B,,S",,,,,,," -101","H,,S"
"AYM00089574","1991-07-22","-69.383","76.383","64.0","PROGRESS, AY",,,,,,,,,"  -69","H,,S"
"AYM00089574","1991-07-24","-69.383","76.383","64.0","PROGRESS, AY",,,,,,,,,"  -19","H,,S"
"AYM00089574","1991-07-25","-69.383","76.383","64.0","PROGRESS, AY","    0","D,,S",,,,,,,"  -41","H,,S"
"AYM00089574","1991-07-27","-69.383","76.383","64.0","PROGRESS, AY","    0","D,,S",,,,,,," -148","H,,S"
"AYM00089574","1991-07-28","-69.383","76.383","64.0","PROGRESS, AY","    0","D,,S",,,,,,," -153","H,,S"
"AYM00089574","1991-07-29","-69.383","76.383","64.0","PROGRESS, AY","    0","D,,S",,,,,,," -143","H,,S"
"AYM00089574","1991-07-30","-69.383","76.383","64.0","PROGRESS, AY","    0","D,,S",,,,,,,"  -32","H,,S"
"AYM00089574","1991-08-01","-69.383","76.383","64.0","PROGRESS, AY","    0","B,,S",,,,,,,"  -29","H,,S"
"AYM00089574","1991-08-02","-69.383","76.383","64.0","PROGRESS, AY","    3","B,,S",,,,,,,"  -37","H,,S"
"AYM00089574","1991-08-04","-69.383","76.383","64.0","PROGRESS, AY","    0","D,,S",,,,,,,"  -73","H,,S"
"AYM00089574","1991-08-05","-69.383","76.383","64.0","PROGRESS, AY","    0","D,,S",,,,,,,"  -43","H,,S"
"AYM00089574","1991-08-06","-69.383","76.383","64.0","PROGRESS, AY","    0","D,,S",,,,,,,"  -80","H,,S"
"AYM00089574","1991-08-08","-69.383","76.383","64.0","PROGRESS, AY","    0","D,,S",,,,,,," -139","H,,S"
"AYM00089574","1991-08-09","-69.383","76.383","64.0","PROGRESS, AY","    0","D,,S",,,,,,," -173","H,,S"
"AYM00089574","1991-08-10","-69.383","76.383","64.0","PROGRESS, AY","    0","D,,S",,,,,,," -166","H,,S"
"AYM00089574","1991-08-11","-69.383","76.383","64.0","PROGRESS, AY","    0","D,,S",,,,,,," -121","H,,S"
"AYM00089574","1991-08-12","-69.383","76.383","64.0","PROGRESS, AY","    0","D,,S",,,,,,," -155","H,,S"
"AYM00089574","1991-08-13","-69.383","76.383","64.0","PROGRESS, AY","    0","B,,S",,,,,,," -167","H,,S"
"AYM00089574","1991-08-14","-69.383","76.383","64.0","PROGRESS, AY","    0","D,,S",,,,,,," -169","H,,S"
"AYM00089574","1991-08-15","-69.383","76.383","64.0","PROGRESS, AY","    0","D,,S",,,,,,," -155","H,,S"
"AYM00089574","1991-08-16","-69.383","76.383","64.0","PROGRESS, AY","    0","D,,S",,,,,,," -168","H,,S"
"AYM00089574","1991-08-17","-69.383","76.383","64.0","PROGRESS, AY","    0","D,,S",,,,,,," -107","H,,S"
"AYM00089574","1991-08-18","-69.383","76.383","64.0","PROGRESS, AY","    0","D,,S",,,,,,,"  -67","H,,S"
"AYM00089574","1991-08-19","-69.383","76.383","64.0","PROGRESS, AY","    0","D,,S",,,,,,,"  -99","H,,S"
"AYM00089574","1991-08-20","-69.383","76.383","64.0","PROGRESS, AY",,,,,,,,," -114","H,,S"
"AYM00089574","1991-08-21","-69.383","76.383","64.0","PROGRESS, AY","    0","D,,S",,,,,,," -158","H,,S"
"AYM00089574","1991-08-22","-69.383","76.383","64.0","PROGRESS, AY","    0","D,,S",,,,,,," -180","H,,S"
"AYM00089574","1991-08-23","-69.383","76.383","64.0","PROGRESS, AY","    0","B,,S",,,,,,," -152","H,,S"
"AYM00089574","1991-08-24","-69.383","76.383","64.0","PROGRESS, AY","    0","D,,S",,,,,,," -181","H,,S"
"AYM00089574","1991-08-26","-69.383","76.383","64.0","PROGRESS, AY","    0","D,,S",,,,,,," -193","H,,S"
"AYM00089574","1991-08-27","-69.383","76.383","64.0","PROGRESS, AY",,,,,,,,," -161","H,,S"
"AYM00089574","1991-08-29","-69.383","76.383","64.0","PROGRESS, AY","    0","D,,S",,,,,,," -167","H,,S"
"AYM00089574","1991-08-31","-69.383","76.383","64.0","PROGRESS, AY","    0","D,,S",,,,,,," -196","H,,S"
"AYM00089574","1991-09-01","-69.383","76.383","64.0","PROGRESS, AY","    0","D,,S",,,,,,," -223","H,,S"
"AYM00089574","1991-09-02","-69.383","76.383","64.0","PROGRESS, AY","    0","D,,S",,,,,,," -207","H,,S"
"AYM00089574","1991-09-03","-69.383","76.383","64.0","PROGRESS, AY","    0","D,,S",,,,,,," -184","H,,S"
"AYM00089574","1991-09-04","-69.383","76.383","64.0","PROGRESS, AY","    0","D,,S",,,,,,," -211","H,,S"
"AYM00089574","1991-09-05","-69.383","76.383","64.0","PROGRESS, AY","    0","D,,S",,,,,,," -205","H,,S"
"AYM00089574","1991-09-06","-69.383","76.383","64.0","PROGRESS, AY","    0","D,,S",,,,,,," -228","H,,S"
"AYM00089574","1991-09-07","-69.383","76.383","64.0","PROGRESS, AY","    0","B,,S",,,,,,," -274","H,,S"
"AYM00089574","1991-09-09","-69.383","76.383","64.0","PROGRESS, AY","    5","B,,S",,,,,,," -128","H,,S"
"AYM00089574","1991-09-10","-69.383","76.383","64.0","PROGRESS, AY","   79","B,,S",,,,,,," -187","H,,S"
"AYM00089574","1991-09-12","-69.383","76.383","64.0","PROGRESS, AY","    0","D,,S",,,,,,," -215","H,,S"
"AYM00089574","1991-09-13","-69.383","76.383","64.0","PROGRESS, AY","    0","B,,S",,,,,,," -237","H,,S"
"AYM00089574","1991-09-14","-69.383","76.383","64.0","PROGRESS, AY","   71","B,,S",,,,,,," -229","H,,S"
"AYM00089574","1991-09-15","-69.383","76.383","64.0","PROGRESS, AY",,,,,,,,," -183","H,,S"
"AYM00089574","1991-09-16","-69.383","76.383","64.0","PROGRESS, AY","    0","D,,S",,,,,,," -201","H,,S"
"AYM00089574","1991-09-17","-69.383","76.383","64.0","PROGRESS, AY","    0","D,,S",,,,,,," -151","H,,S"
"AYM00089574","1991-09-19","-69.383","76.383","64.0","PROGRESS, AY","    0","D,,S",,,,,,," -137","H,,S"
"AYM00089574","1991-09-20","-69.383","76.383","64.0","PROGRESS, AY","    0","D,,S",,,,,,," -173","H,,S"
"AYM00089574","1991-09-21","-69.383","76.383","64.0","PROGRESS, AY","    0","D,,S",,,,,,," -189","H,,S"
"AYM00089574","1991-09-22","-69.383","76.383","64.0","PROGRESS, AY","    0","D,,S",,,,,,," -190","H,,S"
"AYM00089574","1991-09-23","-69.383","76.383","64.0","PROGRESS, AY","    0","D,,S",,,,,,," -118","H,,S"
"AYM00089574","1991-09-24","-69.383","76.383","64.0","PROGRESS, AY",,,,,,,,,"  -44","H,,S"
"AYM00089574","1991-09-25","-69.383","76.383","64.0","PROGRESS, AY",,,,,,,,,"  -77","H,,S"
"AYM00089574","1991-09-26","-69.383","76.383","64.0","PROGRESS, AY","    0","D,,S",,,,,,," -106","H,,S"
"AYM00089574","1991-09-27","-69.383","76.383","64.0","PROGRESS, AY","    0","D,,S",,,,,,," -133","H,,S"
"AYM00089574","1991-09-28","-69.383","76.383","64.0","PROGRESS, AY","    0","D,,S",,,,,,," -151","H,,S"
"AYM00089574","1991-09-30","-69.383","76.383","64.0","PROGRESS, AY","    0","D,,S",,,,,,," -120","H,,S"
"AYM00089574","1991-10-01","-69.383","76.383","64.0","PROGRESS, AY","    0","D,,S",,,,,,," -116","H,,S"
"AYM00089574","1991-10-02","-69.383","76.383","64.0","PROGRESS, AY","    0","D,,S",,,,,,," -124","H,,S"
"AYM00089574","1991-10-03","-69.383","76.383","64.0","PROGRESS, AY","    0","D,,S",,,,,,,"  -97","H,,S"
"AYM00089574","1991-10-04","-69.383","76.383","64.0","PROGRESS, AY","    0","D,,S",,,,,,,"  -96","H,,S"
"AYM00089574","1991-10-07","-69.383","76.383","64.0","PROGRESS, AY","    0","D,,S",,,,,,," -137","H,,S"
"AYM00089574","1991-10-08","-69.383","76.383","64.0","PROGRESS, AY","    0","D,,S",,,,,,," -127","H,,S"
"AYM00089574","1991-10-09","-69.383","76.383","64.0","PROGRESS, AY","    0","D,,S",,,,,,,"  -92","H,,S"
"AYM00089574","1991-10-10","-69.383","76.383","64.0","PROGRESS, AY","    0","D,,S",,,,,,,"  -90","H,,S"
"AYM00089574","1991-10-11","-69.383","76.383","64.0","PROGRESS, AY","    0","D,,S",,,,,,,"  -75","H,,S"
"AYM00089574","1991-10-12","-69.383","76.383","64.0","PROGRESS, AY","    0","D,,S",,,,,,,"  -86","H,,S"
"AYM00089574","1991-10-14","-69.383","76.383","64.0","PROGRESS, AY",,,,,,,,,"  -79","H,,S"
"AYM00089574","1991-10-15","-69.383","76.383","64.0","PROGRESS, AY",,,,,,,,,"  -96","H,,S"
"AYM00089574","1991-10-16","-69.383","76.383","64.0","PROGRESS, AY","    0","D,,S",,,,,,," -120","H,,S"
"AYM00089574","1991-10-17","-69.383","76.383","64.0","PROGRESS, AY","    0","D,,S",,,,,,,"  -86","H,,S"
"AYM00089574","1991-10-18","-69.383","76.383","64.0","PROGRESS, AY","    0","D,,S",,,,,,," -120","H,,S"
"AYM00089574","1991-10-19","-69.383","76.383","64.0","PROGRESS, AY","    0","D,,S",,,,,,," -134","H,,S"
"AYM00089574","1991-10-20","-69.383","76.383","64.0","PROGRESS, AY","    0","D,,S",,,,,,," -114","H,,S"
"AYM00089574","1991-10-21","-69.383","76.383","64.0","PROGRESS, AY","    0","D,,S",,,,,,," -132","H,,S"
"AYM00089574","1991-10-22","-69.383","76.383","64.0","PROGRESS, AY","    0","D,,S",,,,,,," -152","H,,S"
"AYM00089574","1991-10-23","-69.383","76.383","64.0","PROGRESS, AY","    0","D,,S",,,,,,," -151","H,,S"
"AYM00089574","1991-10-24","-69.383","76.383","64.0","PROGRESS, AY","    0","D,,S",,,,,,," -146","H,,S"
"AYM00089574","1991-10-25","-69.383","76.383","64.0","PROGRESS, AY","    0","D,,S",,,,,,," -136","H,,S"
"AYM00089574","1991-10-26","-69.383","76.383","64.0","PROGRESS, AY","    0","D,,S",,,,,,," -143","H,,S"
"AYM00089574","1991-10-27","-69.383","76.383","64.0","PROGRESS, AY","    0","D,,S",,,,,,," -164","H,,S"
"AYM00089574","1991-10-30","-69.383","76.383","64.0","PROGRESS, AY",,,,,,,,," -120","H,,S"
"AYM00089574","1991-10-31","-69.383","76.383","64.0","PROGRESS, AY","    0","D,,S",,,,,,," -112","H,,S"
"AYM00089574","1991-11-02","-69.383","76.383","64.0","PROGRESS, AY","    0","D,,S",,,,,,," -154","H,,S"
"AYM00089574","1991-11-03","-69.383","76.383","64.0","PROGRESS, AY","    0","D,,S",,,,,,," -139","H,,S"
"AYM00089574","1991-11-05","-69.383","76.383","64.0","PROGRESS, AY","    0","D,,S",,,,,,," -128","H,,S"
"AYM00089574","1991-11-06","-69.383","76.383","64.0","PROGRESS, AY","    0","D,,S",,,,,,,"  -91","H,,S"
"AYM00089574","1991-11-07","-69.383","76.383","64.0","PROGRESS, AY","    0","D,,S",,,,,,,"  -80","H,,S"
"AYM00089574","1991-11-08","-69.383","76.383","64.0","PROGRESS, AY","    0","D,,S",,,,,,,"  -75","H,,S"
"AYM00089574","1991-11-09","-69.383","76.383","64.0","PROGRESS, AY","    0","D,,S",,,,,,,"  -23","H,,S"
"AYM00089574","1991-11-10","-69.383","76.383","64.0","PROGRESS, AY","    0","D,,S",,,,,,,"  -20","H,,S"
"AYM00089574","1991-11-11","-69.383","76.383","64.0","PROGRESS, AY","    0","D,,S",,,,,,,"  -17","H,,S"
"AYM00089574","1991-11-13","-69.383","76.383","64.0","PROGRESS, AY","    0","D,,S",,,,,,,"   10","H,,S"
"AYM00089574","1991-11-14","-69.383","76.383","64.0","PROGRESS, AY",,,,,,,,,"   -7","H,,S"
"AYM00089574","1991-11-16","-69.383","76.383","64.0","PROGRESS, AY","    0","D,,S",,,,,,,"  -47","H,,S"
"AYM00089574","1991-11-17","-69.383","76.383","64.0","PROGRESS, AY","    0","D,,S",,,,,,,"  -22","H,,S"
"AYM00089574","1991-11-20","-69.383","76.383","64.0","PROGRESS, AY","    0","D,,S",,,,,,,"  -37","H,,S"
"AYM00089574","1991-11-23","-69.383","76.383","64.0","PROGRESS, AY",,,,,,,,,"  -48","H,,S"
"AYM00089574","1991-11-24","-69.383","76.383","64.0","PROGRESS, AY",,,,,,,,,"  -38","H,,S"
"AYM00089574","1991-11-25","-69.383","76.383","64.0","PROGRESS, AY",,,,,,,,,"  -38","H,,S"
"AYM00089574","1991-11-26","-69.383","76.383","64.0","PROGRESS, AY","    3","B,,S",,,,,,,"   -7","H,,S"
"AYM00089574","1991-11-27","-69.383","76.383","64.0","PROGRESS, AY","    0","D,,S",,,,,,,"  -15","H,,S"
"AYM00089574","1991-11-28","-69.383","76.383","64.0","PROGRESS, AY","    0","D,,S",,,,,,,"    1","H,,S"
"AYM00089574","1991-11-29","-69.383","76.383","64.0","PROGRESS, AY","    0","D,,S",,,,,,,"   22","H,,S"
"AYM00089574","1991-11-30","-69.383","76.383","64.0","PROGRESS, AY","    0","D,,S",,,,,,,"    9","H,,S"
"AYM00089574","1991-12-01","-69.383","76.383","64.0","PROGRESS, AY","    0","D,,S",,,,,,,"    3","H,,S"
"AYM00089574","1991-12-02","-69.383","76.383","64.0","PROGRESS, AY","    0","D,,S",,,,,,,"   -6","H,,S"
"AYM00089574","1991-12-03","-69.383","76.383","64.0","PROGRESS, AY","    0","D,,S",,,,,,,"   31","H,,S"
"AYM00089574","1991-12-07","-69.383","76.383","64.0","PROGRESS, AY","    0","D,,S",,,,,,,"   30","H,,S"
"AYM00089574","1991-12-10","-69.383","76.383","64.0","PROGRESS, AY","    0","D,,S",,,,,,,"   27","H,,S"
"AYM00089574","1991-12-11","-69.383","76.383","64.0","PROGRESS, AY","    0","D,,S",,,,,,,"   37","H,,S"
"AYM00089574","1991-12-12","-69.383","76.383","64.0","PROGRESS, AY",,,,,,,,,"   27","H,,S"
"AYM00089574","1991-12-13","-69.383","76.383","64.0","PROGRESS, AY","    0","D,,S",,,,,,,"   33","H,,S"
"AYM00089574","1991-12-14","-69.383","76.383","64.0","PROGRESS, AY","    0","D,,S",,,,,,,"   25","H,,S"
"AYM00089574","1991-12-15","-69.383","76.383","64.0","PROGRESS, AY","    0","D,,S",,,,,,,"   21","H,,S"
"AYM00089574","1991-12-16","-69.383","76.383","64.0","PROGRESS, AY","    0","D,,S",,,,,,,"   26","H,,S"
"AYM00089574","1991-12-17","-69.383","76.383","64.0","PROGRESS, AY","    0","D,,S",,,,,,,"   38","H,,S"
"AYM00089574","1991-12-18","-69.383","76.383","64.0","PROGRESS, AY","    0","D,,S",,,,,,,"   30","H,,S"
"AYM00089574","1991-12-19","-69.383","76.383","64.0","PROGRESS, AY","    0","D,,S",,,,,,,"   48","H,,S"
"AYM00089574","1991-12-20","-69.383","76.383","64.0","PROGRESS, AY","    0","D,,S",,,,,,,"   31","H,,S"
"AYM00089574","1991-12-21","-69.383","76.383","64.0","PROGRESS, AY","    0","D,,S",,,,,,,"    6","H,,S"
"AYM00089574","1991-12-23","-69.383","76.383","64.0","PROGRESS, AY","    0","D,,S",,,,,,,"    6","H,,S"
"AYM00089574","1991-12-24","-69.383","76.383","64.0","PROGRESS, AY","    0","D,,S",,,,,,,"    5","H,,S"
"AYM00089574","1991-12-25","-69.383","76.383","64.0","PROGRESS, AY","    0","D,,S",,,,,,,"   20","H,,S"
"AYM00089574","1991-12-26","-69.383","76.383","64.0","PROGRESS, AY","    0","D,,S",,,,,,,"   34","H,,S"
"AYM00089574","1991-12-28","-69.383","76.383","64.0","PROGRESS, AY","    0","D,,S",,,,,,,"   32","H,,S"
"AYM00089574","1991-12-29","-69.383","76.383","64.0","PROGRESS, AY","    0","D,,S",,,,,,,"   30","H,,S"
"AYM00089574","1991-12-30","-69.383","76.383","64.0","PROGRESS, AY","    0","D,,S",,,,,,,"   30","H,,S"
"AYM00089574","1991-12-31","-69.383","76.383","64.0","PROGRESS, AY","    0","D,,S",,,,,,,"   45","H,,S"
"AYM00089574","1992-01-02","-69.383","76.383","64.0","PROGRESS, AY","    0","D,,S",,,,,,,"   42","H,,S"
"AYM00089574","1992-01-04","-69.383","76.383","64.0","PROGRESS, AY","    0","D,,S",,,,,,,"   42","H,,S"
"AYM00089574","1992-01-05","-69.383","76.383","64.0","PROGRESS, AY","    0","D,,S",,,,,,,"   28","H,,S"
"AYM00089574","1992-01-06","-69.383","76.383","64.0","PROGRESS, AY","    0","D,,S",,,,,,,"   20","H,,S"
"AYM00089574","1992-01-07","-69.383","76.383","64.0","PROGRESS, AY","    0","D,,S",,,,,,,"   32","H,,S"
"AYM00089574","1992-01-08","-69.383","76.383","64.0","PROGRESS, AY","    0","D,,S",,,,,,,"   14","H,,S"
"AYM00089574","1992-01-10","-69.383","76.383","64.0","PROGRESS, AY","    0","D,,S",,,,,,,"   18","H,,S"
"AYM00089574","1992-01-11","-69.383","76.383","64.0","PROGRESS, AY","    0","D,,S",,,,,,,"   13","H,,S"
"AYM00089574","1992-01-12","-69.383","76.383","64.0","PROGRESS, AY",,,,,,,,,"   10","H,,S"
"AYM00089574","1992-01-13","-69.383","76.383","64.0","PROGRESS, AY","    0","D,,S",,,,,,,"   11","H,,S"
"AYM00089574","1992-01-15","-69.383","76.383","64.0","PROGRESS, AY","    0","D,,S",,,,,,,"    0","H,,S"
"AYM00089574","1992-01-17","-69.383","76.383","64.0","PROGRESS, AY","    0","D,,S",,,,,,,"   -7","H,,S"
"AYM00089574","1992-01-18","-69.383","76.383","64.0","PROGRESS, AY",,,,,,,,,"   12","H,,S"
"AYM00089574","1992-01-19","-69.383","76.383","64.0","PROGRESS, AY","   20","B,,S",,,,,,,"   24","H,,S"
"AYM00089574","1992-01-20","-69.383","76.383","64.0","PROGRESS, AY",,,,,,,,,"   35","H,,S"
"AYM00089574","1992-01-21","-69.383","76.383","64.0","PROGRESS, AY",,,,,,,,,"   17","H,,S"
"AYM00089574","1992-01-23","-69.383","76.383","64.0","PROGRESS, AY","    0","D,,S",,,,,,,"   36","H,,S"
"AYM00089574","1992-01-24","-69.383","76.383","64.0","PROGRESS, AY","    0","D,,S",,,,,,,"   17","H,,S"
"AYM00089574","1992-01-25","-69.383","76.383","64.0","PROGRESS, AY","    0","D,,S",,,,,,,"   10","H,,S"
"AYM00089574","1992-01-26","-69.383","76.383","64.0","PROGRESS, AY","    0","D,,S",,,,,,,"   18","H,,S"
"AYM00089574","1992-01-27","-69.383","76.383","64.0","PROGRESS, AY","    0","D,,S",,,,,,,"   12","H,,S"
"AYM00089574","1992-01-28","-69.383","76.383","64.0","PROGRESS, AY","    0","D,,S",,,,,,,"    2","H,,S"
"AYM00089574","1992-01-29","-69.383","76.383","64.0","PROGRESS, AY","    0","D,,S",,,,,,,"    7","H,,S"
"AYM00089574","1992-01-30","-69.383","76.383","64.0","PROGRESS, AY","    0","D,,S",,,,,,,"  -14","H,,S"
"AYM00089574","1992-01-31","-69.383","76.383","64.0","PROGRESS, AY","    0","D,,S",,,,,,,"  -23","H,,S"
"AYM00089574","1992-02-01","-69.383","76.383","64.0","PROGRESS, AY",,,,,,,,,"  -18","H,,S"
"AYM00089574","1992-02-02","-69.383","76.383","64.0","PROGRESS, AY","    3","B,,S",,,,,,,"    2","H,,S"
"AYM00089574","1992-02-03","-69.383","76.383","64.0","PROGRESS, AY","    3","B,,S",,,,,,,"   10","H,,S"
"AYM00089574","1992-02-04","-69.383","76.383","64.0","PROGRESS, AY","    0","D,,S",,,,,,,"   25","H,,S"
"AYM00089574","1992-02-05","-69.383","76.383","64.0","PROGRESS, AY","    0","D,,S",,,,,,,"    7","H,,S"
"AYM00089574","1992-02-06","-69.383","76.383","64.0","PROGRESS, AY",,,,,,,,,"   12","H,,S"
"AYM00089574","1992-02-07","-69.383","76.383","64.0","PROGRESS, AY",,,,,,,,,"   12","H,,S"
"AYM00089574","1992-02-09","-69.383","76.383","64.0","PROGRESS, AY","    0","D,,S",,,,,,,"  -17","H,,S"
"AYM00089574","1992-02-10","-69.383","76.383","64.0","PROGRESS, AY","    0","D,,S",,,,,,,"  -25","H,,S"
"AYM00089574","1992-02-11","-69.383","76.383","64.0","PROGRESS, AY","    0","D,,S",,,,,,,"  -28","H,,S"
"AYM00089574","1992-02-12","-69.383","76.383","64.0","PROGRESS, AY","    0","D,,S",,,,,,,"  -25","H,,S"
"AYM00089574","1992-02-14","-69.383","76.383","64.0","PROGRESS, AY","    0","B,,S",,,,,,,"   27","H,,S"
"AYM00089574","1992-02-15","-69.383","76.383","64.0","PROGRESS, AY","    8","B,,S",,,,,,,"   11","H,,S"
"AYM00089574","1992-02-16","-69.383","76.383","64.0","PROGRESS, AY","   23","B,,S",,,,,,,"  -16","H,,S"
"AYM00089574","1992-02-17","-69.383","76.383","64.0","PROGRESS, AY","    8","B,,S",,,,,,,"  -18","H,,S"
"AYM00089574","1992-02-18","-69.383","76.383","64.0","PROGRESS, AY","    0","D,,S",,,,,,,"  -36","H,,S"
"AYM00089574","1992-02-19","-69.383","76.383","64.0","PROGRESS, AY","    0","D,,S",,,,,,,"  -52","H,,S"
"AYM00089574","1992-02-20","-69.383","76.383","64.0","PROGRESS, AY","    0","D,,S",,,,,,,"  -30","H,,S"
"AYM00089574","1992-02-21","-69.383","76.383","64.0","PROGRESS, AY","    0","D,,S",,,,,,,"  -23","H,,S"
"AYM00089574","1992-02-22","-69.383","76.383","64.0","PROGRESS, AY","    0","D,,S",,,,,,,"  -14","H,,S"
"AYM00089574","1992-02-24","-69.383","76.383","64.0","PROGRESS, AY","    0","D,,S",,,,,,,"  -13","H,,S"
"AYM00089574","1992-02-25","-69.383","76.383","64.0","PROGRESS, AY","    0","D,,S",,,,,,,"  -23","H,,S"
"AYM00089574","1992-02-27","-69.383","76.383","64.0","PROGRESS, AY",,,,,,,,,"  -25","H,,S"
"AYM00089574","1992-02-28","-69.383","76.383","64.0","PROGRESS, AY","    0","D,,S",,,,,,,"  -46","H,,S"
"AYM00089574","1992-02-29","-69.383","76.383","64.0","PROGRESS, AY","    0","D,,S",,,,,,,"  -50","H,,S"
"AYM00089574","1992-03-01","-69.383","76.383","64.0","PROGRESS, AY","    0","D,,S",,,,,,,"  -68","H,,S"
"AYM00089574","1992-03-03","-69.383","76.383","64.0","PROGRESS, AY","    0","D,,S",,,,,,,"  -64","H,,S"
"AYM00089574","1992-03-04","-69.383","76.383","64.0","PROGRESS, AY","    0","D,,S",,,,,,,"  -48","H,,S"
"AYM00089574","1992-03-05","-69.383","76.383","64.0","PROGRESS, AY","    0","D,,S",,,,,,,"  -34","H,,S"
"AYM00089574","1992-03-06","-69.383","76.383","64.0","PROGRESS, AY","    0","D,,S",,,,,,,"  -54","H,,S"
"AYM00089574","1992-03-07","-69.383","76.383","64.0","PROGRESS, AY",,,,,,,,,"  -61","H,,S"
"AYM00089574","1992-03-08","-69.383","76.383","64.0","PROGRESS, AY","    0","B,,S",,,,,,,"  -70","H,,S"
"AYM00089574","1992-03-09","-69.383","76.383","64.0","PROGRESS, AY","    3","B,,S",,,,,,,"  -78","H,,S"
"AYM00089574","1992-03-10","-69.383","76.383","64.0","PROGRESS, AY",,,,,,,,,"  -83","H,,S"
"AYM00089574","1992-03-11","-69.383","76.383","64.0","PROGRESS, AY","   10","B,,S",,,,,,," -112","H,,S"
"AYM00089574","1992-03-12","-69.383","76.383","64.0","PROGRESS, AY","    0","D,,S",,,,,,," -118","H,,S"
"AYM00089574","1992-03-13","-69.383","76.383","64.0","PROGRESS, AY","    0","D,,S",,,,,,," -115","H,,S"
"AYM00089574","1992-03-14","-69.383","76.383","64.0","PROGRESS, AY",,,,,,,,,"  -50","H,,S"
"AYM00089574","1992-03-15","-69.383","76.383","64.0","PROGRESS, AY",,,,,,,,,"  -28","H,,S"
"AYM00089574","1992-03-16","-69.383","76.383","64.0","PROGRESS, AY",,,,,,,,,"  -27","H,,S"
"AYM00089574","1992-03-18","-69.383","76.383","64.0","PROGRESS, AY",,,,,,,,,"  -74","H,,S"
"AYM00089574","1992-03-19","-69.383","76.383","64.0","PROGRESS, AY","    0","D,,S",,,,,,,"  -96","H,,S"
"AYM00089574","1992-03-20","-69.383","76.383","64.0","PROGRESS, AY","    0","D,,S",,,,,,,"  -93","H,,S"
"AYM00089574","2003-12-05","-69.383","76.383","64.0","PROGRESS, AY",,,,,"   37",",,S",,,"   18","H,,S"
"AYM00089574","2003-12-06","-69.383","76.383","64.0","PROGRESS, AY",,,,,"   32",",,S","  -18",",,S","    2","H,,S"
"AYM00089574","2003-12-07","-69.383","76.383","64.0","PROGRESS, AY",,,,,"   16",",,S","  -27",",,S","   -5","H,,S"
"AYM00089574","2003-12-08","-69.383","76.383","64.0","PROGRESS, AY",,,,,,,,,"   -2","H,,S"
"AYM00089574","2003-12-10","-69.383","76.383","64.0","PROGRESS, AY",,,,,"   46",",,S","  -18",",,S","   14","H,,S"
"AYM00089574","2003-12-11","-69.383","76.383","64.0","PROGRESS, AY",,,,,"   27",",,S","  -14",",,S","   10","H,,S"
"AYM00089574","2003-12-12","-69.383","76.383","64.0","PROGRESS, AY",,,,,"   49",",,S","  -23",",,S","   19","H,,S"
"AYM00089574","2003-12-13","-69.383","76.383","64.0","PROGRESS, AY",,,,,"   47",",,S","    2",",,S","   27","H,,S"
"AYM00089574","2003-12-14","-69.383","76.383","64.0","PROGRESS, AY",,,,,"   32",",,S",,,"    9","H,,S"
"AYM00089574","2003-12-15","-69.383","76.383","64.0","PROGRESS, AY","    0","B,,S",,,"   32",",,S","  -32",",,S","    0","H,,S"
"AYM00089574","2003-12-16","-69.383","76.383","64.0","PROGRESS, AY",,,,,"   31",",,S","  -16",",,S","    8","H,,S"
"AYM00089574","2003-12-17","-69.383","76.383","64.0","PROGRESS, AY",,,,,"   45",",,S","  -14",",,S","   15","H,,S"
"AYM00089574","2003-12-18","-69.383","76.383","64.0","PROGRESS, AY",,,,,"   29",",,S","  -19",",,S","    2","H,,S"
"AYM00089574","2003-12-20","-69.383","76.383","64.0","PROGRESS, AY",,,,,"   49",",,S","   -1",",,S","   24","H,,S"
"AYM00089574","2003-12-21","-69.383","76.383","64.0","PROGRESS, AY",,,,,"   69",",,S",,,"   37","H,,S"
"AYM00089574","2003-12-22","-69.383","76.383","64.0","PROGRESS, AY",,,,,"   30",",,S",,,"   17","H,,S"
"AYM00089574","2003-12-23","-69.383","76.383","64.0","PROGRESS, AY",,,,,"   30",",,S",,,"    5","H,,S"
"AYM00089574","2003-12-24","-69.383","76.383","64.0","PROGRESS, AY",,,,,"   37",",,S","  -18",",,S","    7","H,,S"
"AYM00089574","2003-12-25","-69.383","76.383","64.0","PROGRESS, AY",,,,,"   50",",,S",,,"   16","H,,S"
"AYM00089574","2003-12-26","-69.383","76.383","64.0","PROGRESS, AY",,,,,"   41",",,S","  -28",",,S","   12","H,,S"
"AYM00089574","2003-12-27","-69.383","76.383","64.0","PROGRESS, AY",,,,,"   78",",,S","  -25",",,S","   42","H,,S"
"AYM00089574","2003-12-28","-69.383","76.383","64.0","PROGRESS, AY",,,,,"   83",",,S","   26",",,S","   47","H,,S"
"AYM00089574","2003-12-29","-69.383","76.383","64.0","PROGRESS, AY",,,,,"   79",",,S","   34",",,S","   50","H,,S"
"AYM00089574","2003-12-30","-69.383","76.383","64.0","PROGRESS, AY",,,,,"   74",",,S","   13",",,S","   44","H,,S"
"AYM00089574","2003-12-31","-69.383","76.383","64.0","PROGRESS, AY",,,,,"   63",",,S",,,"   37","H,,S"
"AYM00089574","2004-01-01","-69.383","76.383","64.0","PROGRESS, AY","    0","B,,S",,,,,,,"    8","H,,S"
"AYM00089574","2004-01-02","-69.383","76.383","64.0","PROGRESS, AY",,,,,"   64",",,S","  -32",",,S","   35","H,,S"
"AYM00089574","2004-01-03","-69.383","76.383","64.0","PROGRESS, AY",,,,,"   59",",,S",,,"   29","H,,S"
"AYM00089574","2004-01-04","-69.383","76.383","64.0","PROGRESS, AY",,,,,"   52",",,S",,,"   17","H,,S"
"AYM00089574","2004-01-05","-69.383","76.383","64.0","PROGRESS, AY","    0","B,,S",,,"   24",",,S","  -13",",,S","    8","H,,S"
"AYM00089574","2004-01-07","-69.383","76.383","64.0","PROGRESS, AY","    3","B,,S",,,"   27",",,S","   -4",",,S","   12","H,,S"
"AYM00089574","2004-01-08","-69.383","76.383","64.0","PROGRESS, AY","    5","B,,S",,,,,,,"    5","H,,S"
"AYM00089574","2004-01-09","-69.383","76.383","64.0","PROGRESS, AY",,,,,"   51",",,S",,,"   29","H,,S"
"AYM00089574","2004-01-10","-69.383","76.383","64.0","PROGRESS, AY",,,,,"   43",",,S","    3",",,S","   23","H,,S"
"AYM00089574","2004-01-11","-69.383","76.383","64.0","PROGRESS, AY",,,,,"   53",",,S",,,"   29","H,,S"
"AYM00089574","2004-01-12","-69.383","76.383","64.0","PROGRESS, AY",,,,,"   31",",,S",,,"   20","H,,S"
"AYM00089574","2004-01-13","-69.383","76.383","64.0","PROGRESS, AY",,,,,"   61",",,S",,,"    7","H,,S"
"AYM00089574","2004-01-14","-69.383","76.383","64.0","PROGRESS, AY",,,,,,,,,"   14","H,,S"
"AYM00089574","2004-01-16","-69.383","76.383","64.0","PROGRESS, AY",,,,,"   23",",,S",,,"    2","H,,S"
"AYM00089574","2004-01-17","-69.383","76.383","64.0","PROGRESS, AY",,,,,"   26",",,S","  -33",",,S","    1","H,,S"
"AYM00089574","2004-01-18","-69.383","76.383","64.0","PROGRESS, AY",,,,,,,"  -24",",,S","    1","H,,S"
"AYM00089574","2004-01-19","-69.383","76.383","64.0","PROGRESS, AY",,,,,"   31",",,S",,,"    6","H,,S"
"AYM00089574","2004-01-20","-69.383","76.383","64.0","PROGRESS, AY",,,,,,,"  -14",",,S","    2","H,,S"
"AYM00089574","2004-01-21","-69.383","76.383","64.0","PROGRESS, AY",,,,,,,"  -10",",,S","    8","H,,S"
"AYM00089574","2004-01-23","-69.383","76.383","64.0","PROGRESS, AY",,,,,"   54",",,S","   -7",",,S","   17","H,,S"
"AYM00089574","2004-01-24","-69.383","76.383","64.0","PROGRESS, AY",,,,,"   34",",,S","   -3",",,S","   18","H,,S"
"AYM00089574","2004-01-26","-69.383","76.383","64.0","PROGRESS, AY",,,,,"   46",",,S","    0",",,S","   24","H,,S"
"AYM00089574","2004-01-27","-69.383","76.383","64.0","PROGRESS, AY",,,,,"   61",",,S","    5",",,S","   32","H,,S"
"AYM00089574","2004-01-28","-69.383","76.383","64.0","PROGRESS, AY",,,,,"   48",",,S",,,"   25","H,,S"
"AYM00089574","2004-01-29","-69.383","76.383","64.0","PROGRESS, AY",,,,,"   40",",,S","  -17",",,S","   18","H,,S"
"AYM00089574","2004-01-30","-69.383","76.383","64.0","PROGRESS, AY",,,,,,,"    7",",,S","   33","H,,S"
"AYM00089574","2004-01-31","-69.383","76.383","64.0","PROGRESS, AY",,,,,"   52",",,S",,,"   26","H,,S"
"AYM00089574","2004-02-01","-69.383","76.383","64.0","PROGRESS, AY",,,,,"   36",",,S",,,"    5","H,,S"
"AYM00089574","2004-02-03","-69.383","76.383","64.0","PROGRESS, AY",,,,,"   45",",,S","    8",",,S","   31","H,,S"
"AYM00089574","2004-02-04","-69.383","76.383","64.0","PROGRESS, AY",,,,,"   57",",,S","   10",",,S","   33","H,,S"
"AYM00089574","2004-02-05","-69.383","76.383","64.0","PROGRESS, AY",,,,,"   48",",,S","   12",",,S","   27","H,,S"
"AYM00089574","2004-02-06","-69.383","76.383","64.0","PROGRESS, AY",,,,,,,"   -5",",,S","    6","H,,S"
"AYM00089574","2004-02-07","-69.383","76.383","64.0","PROGRESS, AY",,,,,"   23",",,S",,,"   -6","H,,S"
"AYM00089574","2004-02-08","-69.383","76.383","64.0","PROGRESS, AY",,,,,"   21",",,S","  -33",",,S","  -13","H,,S"
"AYM00089574","2004-02-09","-69.383","76.383","64.0","PROGRESS, AY",,,,,"   -8",",,S","  -49",",,S","  -26","H,,S"
"AYM00089574","2004-02-10","-69.383","76.383","64.0","PROGRESS, AY",,,,,,,"  -28",",,S","   -4","H,,S"
"AYM00089574","2004-02-11","-69.383","76.383","64.0","PROGRESS, AY",,,,,"   42",",,S",,,"    9","H,,S"
"AYM00089574","2004-02-12","-69.383","76.383","64.0","PROGRESS, AY",,,,,"   21",",,S","  -22",",,S","   -8","H,,S"
"AYM00089574","2004-02-13","-69.383","76.383","64.0","PROGRESS, AY",,,,,"   21",",,S","  -42",",,S","  -12","H,,S"
"AYM00089574","2004-02-14","-69.383","76.383","64.0","PROGRESS, AY",,,,,"   34",",,S","  -34",",,S","   -3","H,,S"
"AYM00089574","2004-02-15","-69.383","76.383","64.0","PROGRESS, AY",,,,,"   10",",,S","  -37",",,S","   -6","H,,S"
"AYM00089574","2004-02-16","-69.383","76.383","64.0","PROGRESS, AY",,,,,"   28",",,S","  -21",",,S","    8","H,,S"
"AYM00089574","2004-02-17","-69.383","76.383","64.0","PROGRESS, AY",,,,,"   27",",,S","    4",",,S","   13","H,,S"
"AYM00089574","2004-02-18","-69.383","76.383","64.0","PROGRESS, AY",,,,,,,,,"   -9","H,,S"
"AYM00089574","2004-02-19","-69.383","76.383","64.0","PROGRESS, AY",,,,,"   24",",,S","  -28",",,S","   -7","H,,S"
"AYM00089574","2004-02-20","-69.383","76.383","64.0","PROGRESS, AY",,,,,"    1",",,S","  -55",",,S","  -23","H,,S"
"AYM00089574","2004-02-21","-69.383","76.383","64.0","PROGRESS, AY",,,,,"   -3",",,S","  -47",",,S","  -27","H,,S"
"AYM00089574","2004-02-22","-69.383","76.383","64.0","PROGRESS, AY",,,,,"   -1",",,S","  -37",",,S","  -19","H,,S"
"AYM00089574","2004-02-23","-69.383","76.383","64.0","PROGRESS, AY",,,,,"   10",",,S","  -50",",,S","  -20","H,,S"
"AYM00089574","2004-02-24","-69.383","76.383","64.0","PROGRESS, AY",,,,,,,,,"   -9","H,,S"
"AYM00089574","2004-02-25","-69.383","76.383","64.0","PROGRESS, AY",,,,,"   20",",,S","  -45",",,S","  -16","H,,S"
"AYM00089574","2004-02-26","-69.383","76.383","64.0","PROGRESS, AY",,,,,,,"  -56",",,S","  -34","H,,S"
"AYM00089574","2004-02-27","-69.383","76.383","64.0","PROGRESS, AY",,,,,,,,,"  -56","H,,S"
"AYM00089574","2004-02-28","-69.383","76.383","64.0","PROGRESS, AY",,,,,"  -22",",,S",,,"  -45","H,,S"
"AYM00089574","2004-02-29","-69.383","76.383","64.0","PROGRESS, AY",,,,,"  -37",",,S","  -92",",,S","  -57","H,,S"
"AYM00089574","2004-03-01","-69.383","76.383","64.0","PROGRESS, AY",,,,,,,,,"  -58","H,,S"
"AYM00089574","2004-03-02","-69.383","76.383","64.0","PROGRESS, AY",,,,,"   67",",,S",,,"  -76","H,,S"
"AYM00089574","2004-03-03","-69.383","76.383","64.0","PROGRESS, AY",,,,,,,"  -99",",,S","  -72","H,,S"
"AYM00089574","2004-03-04","-69.383","76.383","64.0","PROGRESS, AY",,,,,"  -24",",,S","  -64",",,S","  -43","H,,S"
"AYM00089574","2004-03-05","-69.383","76.383","64.0","PROGRESS, AY",,,,,,,,,"  -60","H,,S"
"AYM00089574","2004-03-06","-69.383","76.383","64.0","PROGRESS, AY",,,,,,,"  -82",",,S","  -56","H,,S"
"AYM00089574","2004-03-07","-69.383","76.383","64.0","PROGRESS, AY",,,,,,,,,"  -54","H,,S"
"AYM00089574","2004-03-09","-69.383","76.383","64.0","PROGRESS, AY",,,,,"  -63",",,S"," -110",",,S","  -92","H,,S"
"AYM00089574","2004-03-10","-69.383","76.383","64.0","PROGRESS, AY",,,,,,,,," -116","H,,S"
"AYM00089574","2004-03-11","-69.383","76.383","64.0","PROGRESS, AY",,,,,,," -119",",,S","  -95","H,,S"
"AYM00089574","2004-03-12","-69.383","76.383","64.0","PROGRESS, AY",,,,,"  -51",",,S"," -100",",,S","  -73","H,,S"
"AYM00089574","2004-03-13","-69.383","76.383","64.0","PROGRESS, AY",,,,,,,,," -116","H,,S"
"AYM00089574","2004-03-14","-69.383","76.383","64.0","PROGRESS, AY",,,,,"  -59",",,S"," -135",",,S","  -83","H,,S"
"AYM00089574","2004-03-15","-69.383","76.383","64.0","PROGRESS, AY",,,,,"  -45",",,S","  -79",",,S","  -62","H,,S"
"AYM00089574","2004-03-16","-69.383","76.383","64.0","PROGRESS, AY",,,,,"  -56",",,S"," -105",",,S","  -70","H,,S"
"AYM00089574","2004-03-17","-69.383","76.383","64.0","PROGRESS, AY",,,,,"  -45",",,S","  -77",",,S","  -58","H,,S"
"AYM00089574","2004-03-18","-69.383","76.383","64.0","PROGRESS, AY",,,,,"  -25",",,S","  -59",",,S","  -45","H,,S"
"AYM00089574","2004-03-19","-69.383","76.383","64.0","PROGRESS, AY",,,,,,,"  -87",",,S","  -45","H,,S"
"AYM00089574","2004-03-21","-69.383","76.383","64.0","PROGRESS, AY",,,,,"  -84",",,S",,,"  -98","H,,S"
"AYM00089574","2004-03-22","-69.383","76.383","64.0","PROGRESS, AY",,,,,"  -61",",,S"," -111",",,S","  -87","H,,S"
"AYM00089574","2004-03-23","-69.383","76.383","64.0","PROGRESS, AY",,,,,,," -115",",,S","  -52","H,,S"
"AYM00089574","2004-03-24","-69.383","76.383","64.0","PROGRESS, AY",,,,,,,,,"  -37","H,,S"
"AYM00089574","2004-03-25","-69.383","76.383","64.0","PROGRESS, AY",,,,,,,,,"  -84","H,,S"
"AYM00089574","2004-03-26","-69.383","76.383","64.0","PROGRESS, AY",,,,,"  -94",",,S"," -120",",,S"," -107","H,,S"
"AYM00089574","2004-03-27","-69.383","76.383","64.0","PROGRESS, AY",,,,," -100",",,S",,," -117","H,,S"
"AYM00089574","2004-03-28","-69.383","76.383","64.0","PROGRESS, AY",,,,," -114",",,S",,," -131","H,,S"
"AYM00089574","2004-03-29","-69.383","76.383","64.0","PROGRESS, AY",,,,," -132",",,S"," -155",",,S"," -142","H,,S"
"AYM00089574","2004-03-30","-69.383","76.383","64.0","PROGRESS, AY",,,,,"  -88",",,S"," -150",",,S"," -111","H,,S"
"AYM00089574","2004-03-31","-69.383","76.383","64.0","PROGRESS, AY",,,,," -106",",,S",,," -116","H,,S"
"AYM00089574","2004-04-01","-69.383","76.383","64.0","PROGRESS, AY",,,,," -100",",,S",,," -132","H,,S"
"AYM00089574","2004-04-02","-69.383","76.383","64.0","PROGRESS, AY",,,,," -139",",,S"," -172",",,S"," -150","H,,S"
"AYM00089574","2004-04-03","-69.383","76.383","64.0","PROGRESS, AY",,,,,,,,," -179","H,,S"
"AYM00089574","2004-04-04","-69.383","76.383","64.0","PROGRESS, AY",,,,," -108",",,S"," -198",",,S"," -133","H,,S"
"AYM00089574","2004-04-05","-69.383","76.383","64.0","PROGRESS, AY",,,,,,,,," -171","H,,S"
"AYM00089574","2004-04-06","-69.383","76.383","64.0","PROGRESS, AY",,,,," -157",",,S"," -190",",,S"," -174","H,,S"
"AYM00089574","2004-04-07","-69.383","76.383","64.0","PROGRESS, AY",,,,,,," -204",",,S"," -172","H,,S"
"AYM00089574","2004-04-08","-69.383","76.383","64.0","PROGRESS, AY",,,,,"  -88",",,S",,," -112","H,,S"
"AYM00089574","2004-04-09","-69.383","76.383","64.0","PROGRESS, AY",,,,,,," -110",",,S","  -73","H,,S"
"AYM00089574","2004-04-10","-69.383","76.383","64.0","PROGRESS, AY",,,,,"  -43",",,S",,,"  -65","H,,S"
"AYM00089574","2004-04-11","-69.383","76.383","64.0","PROGRESS, AY",,,,,"  -45",",,S"," -127",",,S","  -70","H,,S"
"AYM00089574","2004-04-12","-69.383","76.383","64.0","PROGRESS, AY",,,,,"  -52",",,S","  -70",",,S","  -62","H,,S"
"AYM00089574","2004-04-13","-69.383","76.383","64.0","PROGRESS, AY",,,,,"  -37",",,S","  -77",",,S","  -57","H,,S"
"AYM00089574","2004-04-14","-69.383","76.383","64.0","PROGRESS, AY",,,,,,,,,"  -97","H,,S"
"AYM00089574","2004-04-15","-69.383","76.383","64.0","PROGRESS, AY",,,,,,,,," -136","H,,S"
"AYM00089574","2004-04-16","-69.383","76.383","64.0","PROGRESS, AY",,,,,"  -65",",,S"," -135",",,S","  -81","H,,S"
"AYM00089574","2004-04-17","-69.383","76.383","64.0","PROGRESS, AY",,,,,,,,,"  -75","H,,S"
"AYM00089574","2004-04-18","-69.383","76.383","64.0","PROGRESS, AY",,,,,"  -70",",,S"," -105",",,S","  -74","H,,S"
"AYM00089574","2004-04-19","-69.383","76.383","64.0","PROGRESS, AY",,,,,,,,,"  -99","H,,S"
"AYM00089574","2004-04-20","-69.383","76.383","64.0","PROGRESS, AY",,,,," -123",",,S"," -135",",,S"," -132","H,,S"
"AYM00089574","2004-04-21","-69.383","76.383","64.0","PROGRESS, AY",,,,," -120",",,S"," -148",",,S"," -133","H,,S"
"AYM00089574","2004-04-22","-69.383","76.383","64.0","PROGRESS, AY",,,,,,,,," -148","H,,S"
"AYM00089574","2004-04-23","-69.383","76.383","64.0","PROGRESS, AY",,,,,,," -195",",,S"," -147","H,,S"
"AYM00089574","2004-04-24","-69.383","76.383","64.0","PROGRESS, AY",,,,," -142",",,S"," -178",",,S"," -158","H,,S"
"AYM00089574","2004-04-25","-69.383","76.383","64.0","PROGRESS, AY",,,,," -158",",,S",,," -166","H,,S"
"AYM00089574","2004-04-26","-69.383","76.383","64.0","PROGRESS, AY",,,,,,,,," -193","H,,S"
"AYM00089574","2004-04-27","-69.383","76.383","64.0","PROGRESS, AY",,,,,,," -218",",,S"," -192","H,,S"
"AYM00089574","2004-04-28","-69.383","76.383","64.0","PROGRESS, AY",,,,,,,,," -207","H,,S"
"AYM00089574","2004-04-29","-69.383","76.383","64.0","PROGRESS, AY",,,,,,," -258",",,S"," -174","H,,S"
"AYM00089574","2004-05-01","-69.383","76.383","64.0","PROGRESS, AY",,,,,,,,,"  -98","H,,S"
"AYM00089574","2004-05-02","-69.383","76.383","64.0","PROGRESS, AY",,,,," -107",",,S",,," -126","H,,S"
"AYM00089574","2004-05-05","-69.383","76.383","64.0","PROGRESS, AY",,,,,,," -251",",,S"," -108","H,,S"
"AYM00089574","2004-05-06","-69.383","76.383","64.0","PROGRESS, AY",,,,,,,,,"  -84","H,,S"
"AYM00089574","2004-05-07","-69.383","76.383","64.0","PROGRESS, AY",,,,," -121",",,S",,," -136","H,,S"
"AYM00089574","2004-05-08","-69.383","76.383","64.0","PROGRESS, AY",,,,," -131",",,S"," -152",",,S"," -138","H,,S"
"AYM00089574","2004-05-09","-69.383","76.383","64.0","PROGRESS, AY",,,,,,," -140",",,S"," -106","H,,S"
"AYM00089574","2004-05-11","-69.383","76.383","64.0","PROGRESS, AY",,,,,"  -53",",,S","  -87",",,S","  -73","H,,S"
"AYM00089574","2004-05-12","-69.383","76.383","64.0","PROGRESS, AY",,,,,,,,," -104","H,,S"
"AYM00089574","2004-05-13","-69.383","76.383","64.0","PROGRESS, AY",,,,,,,,," -143","H,,S"
"AYM00089574","2004-05-14","-69.383","76.383","64.0","PROGRESS, AY",,,,,,," -176",",,S","  -91","H,,S"
"AYM00089574","2004-05-16","-69.383","76.383","64.0","PROGRESS, AY",,,,,,,,," -107","H,,S"
"AYM00089574","2004-05-17","-69.383","76.383","64.0","PROGRESS, AY",,,,,,,,," -153","H,,S"
"AYM00089574","2004-05-18","-69.383","76.383","64.0","PROGRESS, AY",,,,,,,,," -147","H,,S"
"AYM00089574","2004-05-19","-69.383","76.383","64.0","PROGRESS, AY",,,,," -164",",,S",,," -182","H,,S"
"AYM00089574","2004-05-20","-69.383","76.383","64.0","PROGRESS, AY",,,,," -189",",,S",,," -194","H,,S"
"AYM00089574","2004-05-21","-69.383","76.383","64.0","PROGRESS, AY",,,,," -134",",,S"," -196",",,S"," -156","H,,S"
"AYM00089574","2004-05-24","-69.383","76.383","64.0","PROGRESS, AY",,,,,,,,," -164","H,,S"
"AYM00089574","2004-05-25","-69.383","76.383","64.0","PROGRESS, AY",,,,,,," -171",",,S"," -139","H,,S"
"AYM00089574","2004-05-27","-69.383","76.383","64.0","PROGRESS, AY",,,,,,,"  -95",",,S","  -72","H,,S"
"AYM00089574","2004-05-28","-69.383","76.383","64.0","PROGRESS, AY",,,,,,,,," -126","H,,S"
"AYM00089574","2004-05-29","-69.383","76.383","64.0","PROGRESS, AY",,,,,,,,," -150","H,,S"
"AYM00089574","2004-05-30","-69.383","76.383","64.0","PROGRESS, AY",,,,," -105",",,S"," -175",",,S"," -130","H,,S"
"AYM00089574","2004-05-31","-69.383","76.383","64.0","PROGRESS, AY",,,,,,,,," -148","H,,S"
"AYM00089574","2004-06-01","-69.383","76.383","64.0","PROGRESS, AY",,,,,,," -190",",,S"," -170","H,,S"
"AYM00089574","2004-06-02","-69.383","76.383","64.0","PROGRESS, AY",,,,,,," -168",",,S"," -133","H,,S"
"AYM00089574","2004-06-03","-69.383","76.383","64.0","PROGRESS, AY",,,,,,,,," -145","H,,S"
"AYM00089574","2004-06-05","-69.383","76.383","64.0","PROGRESS, AY",,,,,,,,," -173","H,,S"
"AYM00089574","2004-06-06","-69.383","76.383","64.0","PROGRESS, AY",,,,," -184",",,S"," -200",",,S"," -196","H,,S"
"AYM00089574","2004-06-08","-69.383","76.383","64.0","PROGRESS, AY",,,,,,,,," -211","H,,S"
"AYM00089574","2004-06-09","-69.383","76.383","64.0","PROGRESS, AY",,,,,,," -253",",,S"," -223","H,,S"
"AYM00089574","2004-06-10","-69.383","76.383","64.0","PROGRESS, AY",,,,," -135",",,S"," -216",",,S"," -174","H,,S"
"AYM00089574","2004-06-11","-69.383","76.383","64.0","PROGRESS, AY",,,,," -108",",,S"," -196",",,S"," -149","H,,S"
"AYM00089574","2004-06-12","-69.383","76.383","64.0","PROGRESS, AY",,,,,"  -89",",,S"," -137",",,S"," -115","H,,S"
"AYM00089574","2004-06-14","-69.383","76.383","64.0","PROGRESS, AY",,,,,,," -263",",,S"," -186","H,,S"
"AYM00089574","2004-06-15","-69.383","76.383","64.0","PROGRESS, AY",,,,,"  -75",",,S"," -177",",,S"," -107","H,,S"
"AYM00089574","2004-06-16","-69.383","76.383","64.0","PROGRESS, AY",,,,,"  -72",",,S"," -195",",,S"," -105","H,,S"
"AYM00089574","2004-06-17","-69.383","76.383","64.0","PROGRESS, AY",,,,,"  -62",",,S","  -90",",,S","  -82","H,,S"
"AYM00089574","2004-06-18","-69.383","76.383","64.0","PROGRESS, AY",,,,,"  -82",",,S",,,"  -93","H,,S"
"AYM00089574","2004-06-19","-69.383","76.383","64.0","PROGRESS, AY",,,,,,,,," -130","H,,S"
"AYM00089574","2004-06-20","-69.383","76.383","64.0","PROGRESS, AY",,,,,,,,," -164","H,,S"
"AYM00089574","2004-06-21","-69.383","76.383","64.0","PROGRESS, AY",,,,," -140",",,S"," -182",",,S"," -148","H,,S"
"AYM00089574","2004-06-22","-69.383","76.383","64.0","PROGRESS, AY",,,,,,,,," -152","H,,S"
"AYM00089574","2004-06-23","-69.383","76.383","64.0","PROGRESS, AY",,,,,,," -143",",,S"," -131","H,,S"
"AYM00089574","2004-06-24","-69.383","76.383","64.0","PROGRESS, AY",,,,,,,,," -183","H,,S"
"AYM00089574","2004-06-25","-69.383","76.383","64.0","PROGRESS, AY",,,,,,,,," -224","H,,S"
"AYM00089574","2004-06-27","-69.383","76.383","64.0","PROGRESS, AY",,,,,,," -161",",,S"," -139","H,,S"
"AYM00089574","2004-06-28","-69.383","76.383","64.0","PROGRESS, AY",,,,," -140",",,S"," -170",",,S"," -157","H,,S"
"AYM00089574","2004-06-29","-69.383","76.383","64.0","PROGRESS, AY",,,,,,,,," -208","H,,S"
"AYM00089574","2004-06-30","-69.383","76.383","64.0","PROGRESS, AY",,,,," -203",",,S"," -245",",,S"," -220","H,,S"
"AYM00089574","2004-07-01","-69.383","76.383","64.0","PROGRESS, AY",,,,,,,,," -238","H,,S"
"AYM00089574","2004-07-03","-69.383","76.383","64.0","PROGRESS, AY",,,,,,,,," -246","H,,S"
"AYM00089574","2004-07-04","-69.383","76.383","64.0","PROGRESS, AY",,,,,,," -282",",,S"," -181","H,,S"
"AYM00089574","2004-07-05","-69.383","76.383","64.0","PROGRESS, AY",,,,,"  -89",",,S"," -156",",,S"," -107","H,,S"
"AYM00089574","2004-07-06","-69.383","76.383","64.0","PROGRESS, AY",,,,,"  -96",",,S",,," -121","H,,S"
"AYM00089574","2004-07-07","-69.383","76.383","64.0","PROGRESS, AY",,,,,,,,," -154","H,,S"
"AYM00089574","2004-07-09","-69.383","76.383","64.0","PROGRESS, AY",,,,,,,,,"  -99","H,,S"
"AYM00089574","2004-07-10","-69.383","76.383","64.0","PROGRESS, AY",,,,,,,,," -157","H,,S"
"AYM00089574","2004-07-11","-69.383","76.383","64.0","PROGRESS, AY",,,,,,,,," -206","H,,S"
"AYM00089574","2004-07-12","-69.383","76.383","64.0","PROGRESS, AY",,,,,,,,," -240","H,,S"
"AYM00089574","2004-07-13","-69.383","76.383","64.0","PROGRESS, AY",,,,,,,,," -217","H,,S"
"AYM00089574","2004-07-14","-69.383","76.383","64.0","PROGRESS, AY",,,,,,,,," -282","H,,S"
"AYM00089574","2004-07-15","-69.383","76.383","64.0","PROGRESS, AY",,,,,,," -290",",,S"," -260","H,,S"
"AYM00089574","2004-07-17","-69.383","76.383","64.0","PROGRESS, AY",,,,,,,,," -298","H,,S"
"AYM00089574","2004-07-19","-69.383","76.383","64.0","PROGRESS, AY",,,,,,,,," -323","H,,S"
"AYM00089574","2004-07-20","-69.383","76.383","64.0","PROGRESS, AY",,,,,,," -354",",,S"," -309","H,,S"
"AYM00089574","2004-07-21","-69.383","76.383","64.0","PROGRESS, AY",,,,," -147",",,S"," -292",",,S"," -188","H,,S"
"AYM00089574","2004-07-23","-69.383","76.383","64.0","PROGRESS, AY",,,,," -250",",,S",,," -269","H,,S"
"AYM00089574","2004-07-24","-69.383","76.383","64.0","PROGRESS, AY",,,,,,,,," -280","H,,S"
"AYM00089574","2004-07-25","-69.383","76.383","64.0","PROGRESS, AY",,,,,"  -73",",,S",,," -118","H,,S"
"AYM00089574","2004-07-26","-69.383","76.383","64.0","PROGRESS, AY",,,,,,,,," -119","H,,S"
"AYM00089574","2004-07-27","-69.383","76.383","64.0","PROGRESS, AY",,,,,"  -73",",,S"," -118",",,S","  -88","H,,S"
"AYM00089574","2004-07-28","-69.383","76.383","64.0","PROGRESS, AY",,,,,,,,," -128","H,,S"
"AYM00089574","2004-07-29","-69.383","76.383","64.0","PROGRESS, AY",,,,," -148",",,S",,," -167","H,,S"
"AYM00089574","2004-07-30","-69.383","76.383","64.0","PROGRESS, AY",,,,," -178",",,S"," -205",",,S"," -196","H,,S"
"AYM00089574","2004-07-31","-69.383","76.383","64.0","PROGRESS, AY",,,,,,,,," -243","H,,S"
"AYM00089574","2004-08-01","-69.383","76.383","64.0","PROGRESS, AY",,,,,,," -260",",,S"," -215","H,,S"
"AYM00089574","2004-08-02","-69.383","76.383","64.0","PROGRESS, AY",,,,,"  -80",",,S"," -214",",,S","  -95","H,,S"
"AYM00089574","2004-08-03","-69.383","76.383","64.0","PROGRESS, AY",,,,,"  -83",",,S","  -94",",,S","  -89","H,,S"
"AYM00089574","2004-08-04","-69.383","76.383","64.0","PROGRESS, AY",,,,,,," -109",",,S","  -97","H,,S"
"AYM00089574","2004-08-05","-69.383","76.383","64.0","PROGRESS, AY",,,,,"  -77",",,S"," -105",",,S","  -85","H,,S"
"AYM00089574","2004-08-06","-69.383","76.383","64.0","PROGRESS, AY",,,,,"  -68",",,S",,,"  -87","H,,S"
"AYM00089574","2004-08-07","-69.383","76.383","64.0","PROGRESS, AY",,,,,,,,," -149","H,,S"
"AYM00089574","2004-08-08","-69.383","76.383","64.0","PROGRESS, AY",,,,,,,,," -191","H,,S"
"AYM00089574","2004-08-09","-69.383","76.383","64.0","PROGRESS, AY",,,,,"  -93",",,S"," -204",",,S"," -147","H,,S"
"AYM00089574","2004-08-10","-69.383","76.383","64.0","PROGRESS, AY",,,,,,,,," -113","H,,S"
"AYM00089574","2004-08-11","-69.383","76.383","64.0","PROGRESS, AY",,,,,,,,," -117","H,,S"
"AYM00089574","2004-08-12","-69.383","76.383","64.0","PROGRESS, AY",,,,,"  -60",",,S"," -123",",,S","  -81","H,,S"
"AYM00089574","2004-08-13","-69.383","76.383","64.0","PROGRESS, AY",,,,,,," -135",",,S"," -129","H,,S"
"AYM00089574","2004-08-14","-69.383","76.383","64.0","PROGRESS, AY",,,,," -104",",,S"," -143",",,S"," -116","H,,S"
"AYM00089574","2004-08-15","-69.383","76.383","64.0","PROGRESS, AY",,,,,,,,," -143","H,,S"
"AYM00089574","2004-08-16","-69.383","76.383","64.0","PROGRESS, AY",,,,," -119",",,S"," -172",",,S"," -148","H,,S"
"AYM00089574","2004-08-17","-69.383","76.383","64.0","PROGRESS, AY",,,,,,,,," -214","H,,S"
"AYM00089574","2004-08-18","-69.383","76.383","64.0","PROGRESS, AY",,,,,"  -79",",,S"," -256",",,S"," -112","H,,S"
"AYM00089574","2004-08-19","-69.383","76.383","64.0","PROGRESS, AY",,,,,,,"  -86",",,S","  -77","H,,S"
"AYM00089574","2004-08-20","-69.383","76.383","64.0","PROGRESS, AY",,,,,,,,," -102","H,,S"
"AYM00089574","2004-08-21","-69.383","76.383","64.0","PROGRESS, AY",,,,,"  -94",",,S"," -140",",,S"," -108","H,,S"
"AYM00089574","2004-08-22","-69.383","76.383","64.0","PROGRESS, AY",,,,,,,,," -128","H,,S"
"AYM00089574","2004-08-23","-69.383","76.383","64.0","PROGRESS, AY",,,,," -142",",,S",,," -175","H,,S"
"AYM00089574","2004-08-25","-69.383","76.383","64.0","PROGRESS, AY",,,,,,," -312",",,S"," -248","H,,S"
"AYM00089574","2004-08-27","-69.383","76.383","64.0","PROGRESS, AY",,,,,,,,," -168","H,,S"
"AYM00089574","2004-08-28","-69.383","76.383","64.0","PROGRESS, AY",,,,,,," -191",",,S"," -136","H,,S"
"AYM00089574","2004-08-30","-69.383","76.383","64.0","PROGRESS, AY",,,,,,," -248",",,S"," -182","H,,S"
"AYM00089574","2004-08-31","-69.383","76.383","64.0","PROGRESS, AY",,,,,,," -187",",,S"," -171","H,,S"
"AYM00089574","2004-09-01","-69.383","76.383","64.0","PROGRESS, AY",,,,," -149",",,S"," -199",",,S"," -169","H,,S"
"AYM00089574","2004-09-02","-69.383","76.383","64.0","PROGRESS, AY",,,,,,,,," -165","H,,S"
"AYM00089574","2004-09-03","-69.383","76.383","64.0","PROGRESS, AY",,,,,,,,," -180","H,,S"
"AYM00089574","2004-09-05","-69.383","76.383","64.0","PROGRESS, AY",,,,," -154",",,S",,," -167","H,,S"
"AYM00089574","2004-09-06","-69.383","76.383","64.0","PROGRESS, AY",,,,," -165",",,S",,," -182","H,,S"
"AYM00089574","2004-09-07","-69.383","76.383","64.0","PROGRESS, AY",,,,," -180",",,S",,," -197","H,,S"
"AYM00089574","2004-09-08","-69.383","76.383","64.0","PROGRESS, AY",,,,,,," -223",",,S"," -207","H,,S"
"AYM00089574","2004-09-09","-69.383","76.383","64.0","PROGRESS, AY",,,,," -107",",,S"," -214",",,S"," -126","H,,S"
"AYM00089574","2004-09-10","-69.383","76.383","64.0","PROGRESS, AY",,,,,,,,," -175","H,,S"
"AYM00089574","2004-09-11","-69.383","76.383","64.0","PROGRESS, AY",,,,," -173",",,S"," -222",",,S"," -186","H,,S"
"AYM00089574","2004-09-12","-69.383","76.383","64.0","PROGRESS, AY",,,,," -200",",,S",,," -211","H,,S"
"AYM00089574","2004-09-13","-69.383","76.383","64.0","PROGRESS, AY",,,,," -218",",,S",,," -237","H,,S"
"AYM00089574","2004-09-14","-69.383","76.383","64.0","PROGRESS, AY",,,,,,," -253",",,S"," -240","H,,S"
"AYM00089574","2004-09-17","-69.383","76.383","64.0","PROGRESS, AY",,,,," -140",",,S",,," -150","H,,S"
"AYM00089574","2004-09-18","-69.383","76.383","64.0","PROGRESS, AY",,,,," -137",",,S"," -173",",,S"," -147","H,,S"
"AYM00089574","2004-09-20","-69.383","76.383","64.0","PROGRESS, AY",,,,,"  -78",",,S",,," -123","H,,S"
"AYM00089574","2004-09-23","-69.383","76.383","64.0","PROGRESS, AY",,,,," -149",",,S",,," -175","H,,S"
"AYM00089574","2004-09-24","-69.383","76.383","64.0","PROGRESS, AY",,,,," -142",",,S",,," -180","H,,S"
"AYM00089574","2004-09-25","-69.383","76.383","64.0","PROGRESS, AY",,,,," -140",",,S",,," -193","H,,S"
"AYM00089574","2004-09-26","-69.383","76.383","64.0","PROGRESS, AY",,,,," -152",",,S"," -222",",,S"," -194","H,,S"
"AYM00089574","2004-09-27","-69.383","76.383","64.0","PROGRESS, AY",,,,," -141",",,S"," -232",",,S"," -169","H,,S"
"AYM00089574","2004-09-28","-69.383","76.383","64.0","PROGRESS, AY",,,,," -106",",,S",,," -136","H,,S"
"AYM00089574","2004-09-29","-69.383","76.383","64.0","PROGRESS, AY",,,,,"  -85",",,S"," -160",",,S"," -129","H,,S"
"AYM00089574","2004-09-30","-69.383","76.383","64.0","PROGRESS, AY",,,,," -112",",,S"," -145",",,S"," -127","H,,S"
"AYM00089574","2004-10-01","-69.383","76.383","64.0","PROGRESS, AY",,,,," -116",",,S",,," -135","H,,S"
"AYM00089574","2004-10-02","-69.383","76.383","64.0","PROGRESS, AY",,,,," -148",",,S",,," -171","H,,S"
"AYM00089574","2004-10-03","-69.383","76.383","64.0","PROGRESS, AY",,,,," -145",",,S",,," -182","H,,S"
"AYM00089574","2004-10-04","-69.383","76.383","64.0","PROGRESS, AY",,,,,"  -95",",,S"," -203",",,S"," -139","H,,S"
"AYM00089574","2004-10-05","-69.383","76.383","64.0","PROGRESS, AY",,,,,"  -61",",,S"," -138",",,S","  -92","H,,S"
"AYM00089574","2004-10-06","-69.383","76.383","64.0","PROGRESS, AY",,,,,"  -50",",,S"," -100",",,S","  -71","H,,S"
"AYM00089574","2004-10-07","-69.383","76.383","64.0","PROGRESS, AY",,,,,"  -31",",,S","  -63",",,S","  -50","H,,S"
"AYM00089574","2004-10-08","-69.383","76.383","64.0","PROGRESS, AY",,,,,,,,,"  -83","H,,S"
"AYM00089574","2004-10-10","-69.383","76.383","64.0","PROGRESS, AY",,,,,"  -58",",,S",,,"  -86","H,,S"
"AYM00089574","2004-10-11","-69.383","76.383","64.0","PROGRESS, AY",,,,,"  -72",",,S"," -114",",,S","  -95","H,,S"
"AYM00089574","2004-10-12","-69.383","76.383","64.0","PROGRESS, AY",,,,,"  -79",",,S"," -113",",,S","  -93","H,,S"
"AYM00089574","2004-10-13","-69.383","76.383","64.0","PROGRESS, AY",,,,,"  -75",",,S","  -95",",,S","  -88","H,,S"
"AYM00089574","2004-10-15","-69.383","76.383","64.0","PROGRESS, AY",,,,,,," -118",",,S","  -88","H,,S"
"AYM00089574","2004-10-16","-69.383","76.383","64.0","PROGRESS, AY",,,,,"  -80",",,S",,," -113","H,,S"
"AYM00089574","2004-10-18","-69.383","76.383","64.0","PROGRESS, AY",,,,,"  -43",",,S"," -213",",,S","  -87","H,,S"
"AYM00089574","2004-10-19","-69.383","76.383","64.0","PROGRESS, AY",,,,,"  -29",",,S",,,"  -62","H,,S"
"AYM00089574","2004-10-20","-69.383","76.383","64.0","PROGRESS, AY",,,,,"  -52",",,S"," -130",",,S","  -89","H,,S"
"AYM00089574","2004-10-21","-69.383","76.383","64.0","PROGRESS, AY",,,,,"  -64",",,S"," -105",",,S","  -85","H,,S"
"AYM00089574","2004-10-22","-69.383","76.383","64.0","PROGRESS, AY",,,,,"  -75",",,S",,," -103","H,,S"
"AYM00089574","2004-10-23","-69.383","76.383","64.0","PROGRESS, AY",,,,,"  -60",",,S"," -145",",,S"," -105","H,,S"
"AYM00089574","2004-10-24","-69.383","76.383","64.0","PROGRESS, AY",,,,,"  -66",",,S"," -116",",,S","  -94","H,,S"
"AYM00089574","2004-10-25","-69.383","76.383","64.0","PROGRESS, AY",,,,,"  -78",",,S",,,"  -92","H,,S"
"AYM00089574","2004-10-27","-69.383","76.383","64.0","PROGRESS, AY",,,,,"  -84",",,S"," -162",",,S"," -106","H,,S"
"AYM00089574","2004-10-28","-69.383","76.383","64.0","PROGRESS, AY",,,,,"  -36",",,S"," -105",",,S","  -73","H,,S"
"AYM00089574","2004-10-29","-69.383","76.383","64.0","PROGRESS, AY",,,,,"  -49",",,S","  -86",",,S","  -70","H,,S"
"AYM00089574","2004-10-30","-69.383","76.383","64.0","PROGRESS, AY",,,,,"  -22",",,S","  -86",",,S","  -57","H,,S"
"AYM00089574","2004-10-31","-69.383","76.383","64.0","PROGRESS, AY",,,,,"  -24",",,S","  -80",",,S","  -58","H,,S"
"AYM00089574","2004-11-01","-69.383","76.383","64.0","PROGRESS, AY",,,,,"  -41",",,S",,,"  -64","H,,S"
"AYM00089574","2004-11-02","-69.383","76.383","64.0","PROGRESS, AY",,,,,"  -69",",,S","  -95",",,S","  -82","H,,S"
"AYM00089574","2004-11-03","-69.383","76.383","64.0","PROGRESS, AY",,,,,"  -48",",,S",,,"  -78","H,,S"
"AYM00089574","2004-11-04","-69.383","76.383","64.0","PROGRESS, AY",,,,,,," -113",",,S","  -99","H,,S"
"AYM00089574","2004-11-05","-69.383","76.383","64.0","PROGRESS, AY",,,,,"  -95",",,S"," -115",",,S"," -101","H,,S"
"AYM00089574","2004-11-06","-69.383","76.383","64.0","PROGRESS, AY",,,,,,,,,"  -73","H,,S"
"AYM00089574","2004-11-07","-69.383","76.383","64.0","PROGRESS, AY",,,,,"  -10",",,S","  -62",",,S","  -41","H,,S"
"AYM00089574","2004-11-08","-69.383","76.383","64.0","PROGRESS, AY",,,,,"  -32",",,S","  -55",",,S","  -42","H,,S"
"AYM00089574","2004-11-09","-69.383","76.383","64.0","PROGRESS, AY",,,,,"  -39",",,S",,,"  -51","H,,S"
"AYM00089574","2004-11-10","-69.383","76.383","64.0","PROGRESS, AY",,,,,"  -45",",,S",,,"  -61","H,,S"
"AYM00089574","2004-11-11","-69.383","76.383","64.0","PROGRESS, AY",,,,,"  -38",",,S","  -79",",,S","  -52","H,,S"
"AYM00089574","2004-11-12","-69.383","76.383","64.0","PROGRESS, AY",,,,,"  -27",",,S","  -71",",,S","  -48","H,,S"
"AYM00089574","2004-11-13","-69.383","76.383","64.0","PROGRESS, AY",,,,,"  -26",",,S","  -64",",,S","  -41","H,,S"
"AYM00089574","2004-11-14","-69.383","76.383","64.0","PROGRESS, AY",,,,,"  -12",",,S","  -55",",,S","  -37","H,,S"
"AYM00089574","2004-11-15","-69.383","76.383","64.0","PROGRESS, AY",,,,,"    3",",,S","  -53",",,S","  -28","H,,S"
"AYM00089574","2004-11-16","-69.383","76.383","64.0","PROGRESS, AY",,,,,"  -32",",,S",,,"  -47","H,,S"
"AYM00089574","2004-11-17","-69.383","76.383","64.0","PROGRESS, AY",,,,,"    4",",,S","  -70",",,S","  -27","H,,S"
"AYM00089574","2004-11-18","-69.383","76.383","64.0","PROGRESS, AY",,,,,"    4",",,S","  -58",",,S","  -24","H,,S"
"AYM00089574","2004-11-19","-69.383","76.383","64.0","PROGRESS, AY",,,,,,,"  -24",",,S","  -10","H,,S"
"AYM00089574","2004-11-20","-69.383","76.383","64.0","PROGRESS, AY",,,,,"   10",",,S","  -24",",,S","   -6","H,,S"
"AYM00089574","2004-11-21","-69.383","76.383","64.0","PROGRESS, AY",,,,,"   19",",,S",,,"  -17","H,,S"
"AYM00089574","2004-11-22","-69.383","76.383","64.0","PROGRESS, AY",,,,,"   -5",",,S",,,"  -24","H,,S"
"AYM00089574","2004-11-23","-69.383","76.383","64.0","PROGRESS, AY",,,,,"   -7",",,S",,,"  -25","H,,S"
"AYM00089574","2004-11-24","-69.383","76.383","64.0","PROGRESS, AY",,,,,"  -24",",,S","  -62",",,S","  -40","H,,S"
"AYM00089574","2004-11-25","-69.383","76.383","64.0","PROGRESS, AY",,,,,"   14",",,S","  -70",",,S","  -26","H,,S"
"AYM00089574","2004-11-26","-69.383","76.383","64.0","PROGRESS, AY",,,,,"   -1",",,S","  -49",",,S","  -23","H,,S"
"AYM00089574","2004-11-27","-69.383","76.383","64.0","PROGRESS, AY",,,,,"   -3",",,S","  -44",",,S","  -23","H,,S"
"AYM00089574","2004-11-28","-69.383","76.383","64.0","PROGRESS, AY",,,,,"   34",",,S","  -50",",,S","  -13","H,,S"
"AYM00089574","2004-11-29","-69.383","76.383","64.0","PROGRESS, AY",,,,,"   19",",,S","  -24",",,S","   -1","H,,S"
"AYM00089574","2004-11-30","-69.383","76.383","64.0","PROGRESS, AY",,,,,"   49",",,S","  -19",",,S","    7","H,,S"
"AYM00089574","2004-12-02","-69.383","76.383","64.0","PROGRESS, AY",,,,,"   20",",,S",,,"   -9","H,,S"
"AYM00089574","2004-12-03","-69.383","76.383","64.0","PROGRESS, AY",,,,,"   -4",",,S","  -45",",,S","  -25","H,,S"
"AYM00089574","2004-12-04","-69.383","76.383","64.0","PROGRESS, AY",,,,,"   13",",,S","  -46",",,S","  -19","H,,S"
"AYM00089574","2004-12-05","-69.383","76.383","64.0","PROGRESS, AY",,,,,"   23",",,S","  -24",",,S","    2","H,,S"
"AYM00089574","2004-12-06","-69.383","76.383","64.0","PROGRESS, AY",,,,,"   54",",,S","  -20",",,S","   18","H,,S"
"AYM00089574","2004-12-07","-69.383","76.383","64.0","PROGRESS, AY",,,,,"   56",",,S","   -7",",,S","   31","H,,S"
"AYM00089574","2004-12-08","-69.383","76.383","64.0","PROGRESS, AY",,,,,,,"   18",",,S","   40","H,,S"
"AYM00089574","2004-12-09","-69.383","76.383","64.0","PROGRESS, AY",,,,,"   41",",,S",,,"   14","H,,S"
"AYM00089574","2004-12-10","-69.383","76.383","64.0","PROGRESS, AY",,,,,"   46",",,S",,,"    3","H,,S"
"AYM00089574","2004-12-12","-69.383","76.383","64.0","PROGRESS, AY",,,,,"   35",",,S","  -30",",,S","    0","H,,S"
"AYM00089574","2004-12-13","-69.383","76.383","64.0","PROGRESS, AY",,,,,"   46",",,S","  -30",",,S","   14","H,,S"
"AYM00089574","2004-12-14","-69.383","76.383","64.0","PROGRESS, AY",,,,,"   51",",,S","   -5",",,S","   22","H,,S"
"AYM00089574","2004-12-15","-69.383","76.383","64.0","PROGRESS, AY",,,,,"   48",",,S","   -5",",,S","   13","H,,S"
"AYM00089574","2004-12-16","-69.383","76.383","64.0","PROGRESS, AY",,,,,"   39",",,S",,,"   14","H,,S"
"AYM00089574","2004-12-17","-69.383","76.383","64.0","PROGRESS, AY",,,,,"   28",",,S","  -29",",,S","    4","H,,S"
"AYM00089574","2004-12-18","-69.383","76.383","64.0","PROGRESS, AY",,,,,"   46",",,S","  -17",",,S","   11","H,,S"
"AYM00089574","2004-12-19","-69.383","76.383","64.0","PROGRESS, AY",,,,,"   47",",,S","  -17",",,S","   22","H,,S"
"AYM00089574","2004-12-20","-69.383","76.383","64.0","PROGRESS, AY",,,,,"   58",",,S","    5",",,S","   29","H,,S"
"AYM00089574","2004-12-21","-69.383","76.383","64.0","PROGRESS, AY",,,,,"   69",",,S","   -7",",,S","   33","H,,S"
"AYM00089574","2004-12-22","-69.383","76.383","64.0","PROGRESS, AY",,,,,"   -3",",,S",,,"   -9","H,,S"
"AYM00089574","2004-12-23","-69.383","76.383","64.0","PROGRESS, AY",,,,,"   55",",,S","   -9",",,S","   30","H,,S"
"AYM00089574","2004-12-24","-69.383","76.383","64.0","PROGRESS, AY",,,,,"   70",",,S","   25",",,S","   45","H,,S"
"AYM00089574","2004-12-25","-69.383","76.383","64.0","PROGRESS, AY",,,,,"   82",",,S","   16",",,S","   47","H,,S"
"AYM00089574","2004-12-26","-69.383","76.383","64.0","PROGRESS, AY",,,,,"   65",",,S","   15",",,S","   44","H,,S"
"AYM00089574","2004-12-27","-69.383","76.383","64.0","PROGRESS, AY",,,,,"   73",",,S","   27",",,S","   46","H,,S"
"AYM00089574","2004-12-28","-69.383","76.383","64.0","PROGRESS, AY",,,,,"   56",",,S","   17",",,S","   37","H,,S"
"AYM00089574","2004-12-29","-69.383","76.383","64.0","PROGRESS, AY",,,,,"   43",",,S",,,"   22","H,,S"
"AYM00089574","2004-12-30","-69.383","76.383","64.0","PROGRESS, AY",,,,,"   64",",,S","   -7",",,S","   23","H,,S"
"AYM00089574","2004-12-31","-69.383","76.383","64.0","PROGRESS, AY",,,,,"   49",",,S","   -6",",,S","   31","H,,S"
"AYM00089574","2005-01-01","-69.383","76.383","64.0","PROGRESS, AY",,,,,"   51",",,S","   19",",,S","   30","H,,S"
"AYM00089574","2005-01-02","-69.383","76.383","64.0","PROGRESS, AY",,,,,"   55",",,S","   13",",,S","   33","H,,S"
"AYM00089574","2005-01-03","-69.383","76.383","64.0","PROGRESS, AY",,,,,"   35",",,S","    0",",,S","   14","H,,S"
"AYM00089574","2005-01-06","-69.383","76.383","64.0","PROGRESS, AY",,,,,"   42",",,S",,,"   27","H,,S"
"AYM00089574","2005-01-07","-69.383","76.383","64.0","PROGRESS, AY",,,,,"   60",",,S",,,"   31","H,,S"
"AYM00089574","2005-01-08","-69.383","76.383","64.0","PROGRESS, AY",,,,,"   54",",,S",,,"   24","H,,S"
"AYM00089574","2005-01-09","-69.383","76.383","64.0","PROGRESS, AY",,,,,"   63",",,S",,,"   28","H,,S"
"AYM00089574","2005-01-10","-69.383","76.383","64.0","PROGRESS, AY",,,,,"   50",",,S","  -13",",,S","   27","H,,S"
"AYM00089574","2005-01-11","-69.383","76.383","64.0","PROGRESS, AY",,,,,"   33",",,S",,,"   11","H,,S"
"AYM00089574","2005-01-13","-69.383","76.383","64.0","PROGRESS, AY",,,,,"   16",",,S",,,"   -1","H,,S"
"AYM00089574","2005-01-14","-69.383","76.383","64.0","PROGRESS, AY",,,,,"   55",",,S",,,"    7","H,,S"
"AYM00089574","2005-01-15","-69.383","76.383","64.0","PROGRESS, AY",,,,,"   55",",,S","    3",",,S","   24","H,,S"
"AYM00089574","2005-01-16","-69.383","76.383","64.0","PROGRESS, AY",,,,,"   56",",,S","    9",",,S","   32","H,,S"
"AYM00089574","2005-01-17","-69.383","76.383","64.0","PROGRESS, AY",,,,,"   41",",,S","   -3",",,S","   19","H,,S"
"AYM00089574","2005-01-18","-69.383","76.383","64.0","PROGRESS, AY",,,,,"   54",",,S","   -4",",,S","   21","H,,S"
"AYM00089574","2005-01-19","-69.383","76.383","64.0","PROGRESS, AY",,,,,"   33",",,S",,,"    6","H,,S"
"AYM00089574","2005-01-20","-69.383","76.383","64.0","PROGRESS, AY",,,,,"   30",",,S","  -25",",,S","    3","H,,S"
"AYM00089574","2005-01-21","-69.383","76.383","64.0","PROGRESS, AY",,,,,"   32",",,S",,,"    3","H,,S"
"AYM00089574","2005-01-22","-69.383","76.383","64.0","PROGRESS, AY",,,,,"   39",",,S","  -27",",,S","   12","H,,S"
"AYM00089574","2005-01-23","-69.383","76.383","64.0","PROGRESS, AY",,,,,"   37",",,S",,,"   16","H,,S"
"AYM00089574","2005-01-24","-69.383","76.383","64.0","PROGRESS, AY",,,,,"   18",",,S","  -20",",,S","   -2","H,,S"
"AYM00089574","2005-01-25","-69.383","76.383","64.0","PROGRESS, AY",,,,,"   30",",,S","  -28",",,S","    7","H,,S"
"AYM00089574","2005-01-26","-69.383","76.383","64.0","PROGRESS, AY",,,,,"   50",",,S","    5",",,S","   24","H,,S"
"AYM00089574","2005-01-27","-69.383","76.383","64.0","PROGRESS, AY",,,,,"   40",",,S","    6",",,S","   24","H,,S"
"AYM00089574","2005-01-28","-69.383","76.383","64.0","PROGRESS, AY",,,,,"   36",",,S",,,"   17","H,,S"
"AYM00089574","2005-01-29","-69.383","76.383","64.0","PROGRESS, AY",,,,,"   30",",,S",,,"    3","H,,S"
"AYM00089574","2005-01-30","-69.383","76.383","64.0","PROGRESS, AY",,,,,"   10",",,S","  -25",",,S","   -6","H,,S"
"AYM00089574","2005-01-31","-69.383","76.383","64.0","PROGRESS, AY",,,,,"   11",",,S",,,"  -15","H,,S"
"AYM00089574","2005-02-01","-69.383","76.383","64.0","PROGRESS, AY",,,,,"   -7",",,S","  -52",",,S","  -31","H,,S"
"AYM00089574","2005-02-02","-69.383","76.383","64.0","PROGRESS, AY",,,,,"    2",",,S","  -54",",,S","  -20","H,,S"
"AYM00089574","2005-02-03","-69.383","76.383","64.0","PROGRESS, AY",,,,,"   24",",,S",,,"  -17","H,,S"
"AYM00089574","2005-02-04","-69.383","76.383","64.0","PROGRESS, AY",,,,,"  -12",",,S","  -60",",,S","  -28","H,,S"
"AYM00089574","2005-02-05","-69.383","76.383","64.0","PROGRESS, AY",,,,,"   27",",,S","  -30",",,S","  -14","H,,S"
"AYM00089574","2005-02-06","-69.383","76.383","64.0","PROGRESS, AY",,,,,"   30",",,S","  -34",",,S","    8","H,,S"
"AYM00089574","2005-02-07","-69.383","76.383","64.0","PROGRESS, AY",,,,,"   53",",,S","   -7",",,S","   25","H,,S"
"AYM00089574","2005-02-08","-69.383","76.383","64.0","PROGRESS, AY",,,,,"   34",",,S",,,"   12","H,,S"
"AYM00089574","2005-02-09","-69.383","76.383","64.0","PROGRESS, AY",,,,,"   29",",,S","  -22",",,S","   -7","H,,S"
"AYM00089574","2005-02-10","-69.383","76.383","64.0","PROGRESS, AY",,,,,"   30",",,S","  -34",",,S","   -4","H,,S"
"AYM00089574","2005-02-11","-69.383","76.383","64.0","PROGRESS, AY",,,,,"   29",",,S","  -28",",,S","    5","H,,S"
"AYM00089574","2005-02-12","-69.383","76.383","64.0","PROGRESS, AY",,,,,,,,,"  -15","H,,S"
"AYM00089574","2005-02-13","-69.383","76.383","64.0","PROGRESS, AY",,,,,"   -5",",,S",,,"  -20","H,,S"
"AYM00089574","2005-02-14","-69.383","76.383","64.0","PROGRESS, AY",,,,,"   -9",",,S","  -33",",,S","  -25","H,,S"
"AYM00089574","2005-02-15","-69.383","76.383","64.0","PROGRESS, AY",,,,,"   12",",,S","  -40",",,S","  -16","H,,S"
"AYM00089574","2005-02-17","-69.383","76.383","64.0","PROGRESS, AY",,,,,"  -46",",,S",,,"  -58","H,,S"
"AYM00089574","2005-02-18","-69.383","76.383","64.0","PROGRESS, AY",,,,,"  -43",",,S","  -84",",,S","  -66","H,,S"
"AYM00089574","2005-02-19","-69.383","76.383","64.0","PROGRESS, AY",,,,,"  -38",",,S","  -84",",,S","  -65","H,,S"
"AYM00089574","2005-02-20","-69.383","76.383","64.0","PROGRESS, AY",,,,,"  -47",",,S",,,"  -73","H,,S"
"AYM00089574","2005-02-21","-69.383","76.383","64.0","PROGRESS, AY",,,,,"  -55",",,S"," -104",",,S","  -79","H,,S"
"AYM00089574","2005-02-22","-69.383","76.383","64.0","PROGRESS, AY",,,,,"  -31",",,S","  -99",",,S","  -50","H,,S"
"AYM00089574","2005-02-23","-69.383","76.383","64.0","PROGRESS, AY",,,,,,,,,"  -37","H,,S"
"AYM00089574","2005-02-24","-69.383","76.383","64.0","PROGRESS, AY",,,,,"  -25",",,S",,,"  -44","H,,S"
"AYM00089574","2005-02-25","-69.383","76.383","64.0","PROGRESS, AY",,,,,"  -35",",,S",,,"  -73","H,,S"
"AYM00089574","2005-02-26","-69.383","76.383","64.0","PROGRESS, AY",,,,,,," -105",",,S","  -70","H,,S"
"AYM00089574","2005-02-27","-69.383","76.383","64.0","PROGRESS, AY",,,,,,,,,"  -66","H,,S"
"AYM00089574","2005-02-28","-69.383","76.383","64.0","PROGRESS, AY",,,,,"  -47",",,S",,,"  -74","H,,S"
"AYM00089574","2005-03-01","-69.383","76.383","64.0","PROGRESS, AY",,,,,,," -101",",,S","  -64","H,,S"
"AYM00089574","2005-03-02","-69.383","76.383","64.0","PROGRESS, AY",,,,,"  -16",",,S","  -44",",,S","  -30","H,,S"
"AYM00089574","2005-03-04","-69.383","76.383","64.0","PROGRESS, AY",,,,,"    2",",,S",,,"  -16","H,,S"
"AYM00089574","2005-03-05","-69.383","76.383","64.0","PROGRESS, AY",,,,,"   -9",",,S",,,"  -20","H,,S"
"AYM00089574","2005-03-06","-69.383","76.383","64.0","PROGRESS, AY",,,,,"  -16",",,S","  -40",",,S","  -27","H,,S"
"AYM00089574","2005-03-07","-69.383","76.383","64.0","PROGRESS, AY",,,,,,,"  -25",",,S","  -10","H,,S"
"AYM00089574","2005-03-08","-69.383","76.383","64.0","PROGRESS, AY",,,,,"   17",",,S","   -7",",,S","   13","H,,S"
"AYM00089574","2005-03-09","-69.383","76.383","64.0","PROGRESS, AY",,,,,,,,,"    1","H,,S"
"AYM00089574","2005-03-10","-69.383","76.383","64.0","PROGRESS, AY",,,,,"   12",",,S","  -19",",,S","   -9","H,,S"
"AYM00089574","2005-03-11","-69.383","76.383","64.0","PROGRESS, AY",,,,,"   -6",",,S",,,"  -32","H,,S"
"AYM00089574","2005-03-12","-69.383","76.383","64.0","PROGRESS, AY",,,,,"  -37",",,S",,,"  -46","H,,S"
"AYM00089574","2005-03-13","-69.383","76.383","64.0","PROGRESS, AY",,,,,,,"  -72",",,S","  -47","H,,S"
"AYM00089574","2005-03-14","-69.383","76.383","64.0","PROGRESS, AY",,,,,"   -3",",,S","  -30",",,S","  -15","H,,S"
"AYM00089574","2005-03-15","-69.383","76.383","64.0","PROGRESS, AY",,,,,"  -15",",,S",,,"  -33","H,,S"
"AYM00089574","2005-03-16","-69.383","76.383","64.0","PROGRESS, AY",,,,,"  -63",",,S","  -92",",,S","  -78","H,,S"
"AYM00089574","2005-03-17","-69.383","76.383","64.0","PROGRESS, AY",,,,,"  -86",",,S",,,"  -89","H,,S"
"AYM00089574","2005-03-18","-69.383","76.383","64.0","PROGRESS, AY",,,,,"  -93",",,S"," -107",",,S"," -100","H,,S"
"AYM00089574","2005-03-19","-69.383","76.383","64.0","PROGRESS, AY",,,,,"  -89",",,S",,," -107","H,,S"
"AYM00089574","2005-03-20","-69.383","76.383","64.0","PROGRESS, AY",,,,," -100",",,S"," -131",",,S"," -114","H,,S"
"AYM00089574","2005-03-21","-69.383","76.383","64.0","PROGRESS, AY",,,,," -136",",,S",,," -141","H,,S"
"AYM00089574","2005-03-22","-69.383","76.383","64.0","PROGRESS, AY",,,,,"  -28",",,S"," -144",",,S","  -59","H,,S"
"AYM00089574","2005-03-23","-69.383","76.383","64.0","PROGRESS, AY",,,,,,," -109",",,S","  -68","H,,S"
"AYM00089574","2005-03-24","-69.383","76.383","64.0","PROGRESS, AY",,,,,"  -18",",,S","  -40",",,S","  -25","H,,S"
"AYM00089574","2005-03-25","-69.383","76.383","64.0","PROGRESS, AY",,,,,"  -27",",,S",,,"  -38","H,,S"
"AYM00089574","2005-03-26","-69.383","76.383","64.0","PROGRESS, AY",,,,,"  -53",",,S",,,"  -67","H,,S"
"AYM00089574","2005-03-27","-69.383","76.383","64.0","PROGRESS, AY",,,,," -120",",,S",,," -138","H,,S"
"AYM00089574","2005-03-28","-69.383","76.383","64.0","PROGRESS, AY",,,,," -165",",,S",,," -179","H,,S"
"AYM00089574","2005-03-29","-69.383","76.383","64.0","PROGRESS, AY",,,,," -157",",,S"," -198",",,S"," -179","H,,S"
"AYM00089574","2005-03-30","-69.383","76.383","64.0","PROGRESS, AY",,,,,,," -175",",,S"," -147","H,,S"
"AYM00089574","2005-03-31","-69.383","76.383","64.0","PROGRESS, AY",,,,,,," -132",",,S","  -83","H,,S"
"AYM00089574","2005-04-02","-69.383","76.383","64.0","PROGRESS, AY",,,,,"  -62",",,S","  -87",",,S","  -73","H,,S"
"AYM00089574","2005-04-03","-69.383","76.383","64.0","PROGRESS, AY",,,,,,,,,"  -78","H,,S"
"AYM00089574","2005-04-04","-69.383","76.383","64.0","PROGRESS, AY",,,,,"  -82",",,S",,," -109","H,,S"
"AYM00089574","2005-04-05","-69.383","76.383","64.0","PROGRESS, AY",,,,,,,,," -176","H,,S"
"AYM00089574","2005-04-06","-69.383","76.383","64.0","PROGRESS, AY",,,,," -128",",,S"," -191",",,S"," -154","H,,S"
"AYM00089574","2005-04-07","-69.383","76.383","64.0","PROGRESS, AY",,,,,,," -165",",,S"," -151","H,,S"
"AYM00089574","2005-04-08","-69.383","76.383","64.0","PROGRESS, AY",,,,,,," -121",",,S"," -112","H,,S"
"AYM00089574","2005-04-09","-69.383","76.383","64.0","PROGRESS, AY",,,,,,," -117",",,S"," -104","H,,S"
"AYM00089574","2005-04-10","-69.383","76.383","64.0","PROGRESS, AY",,,,,,,"  -94",",,S","  -67","H,,S"
"AYM00089574","2005-04-11","-69.383","76.383","64.0","PROGRESS, AY",,,,,"  -65",",,S",,,"  -90","H,,S"
"AYM00089574","2005-04-12","-69.383","76.383","64.0","PROGRESS, AY",,,,," -135",",,S",,," -157","H,,S"
"AYM00089574","2005-04-13","-69.383","76.383","64.0","PROGRESS, AY",,,,," -209",",,S"," -222",",,S"," -217","H,,S"
"AYM00089574","2005-04-14","-69.383","76.383","64.0","PROGRESS, AY",,,,," -186",",,S"," -223",",,S"," -202","H,,S"
"AYM00089574","2005-04-15","-69.383","76.383","64.0","PROGRESS, AY",,,,," -113",",,S"," -219",",,S"," -146","H,,S"
"AYM00089574","2005-04-16","-69.383","76.383","64.0","PROGRESS, AY",,,,," -121",",,S",,," -141","H,,S"
"AYM00089574","2005-04-17","-69.383","76.383","64.0","PROGRESS, AY",,,,," -152",",,S",,," -179","H,,S"
"AYM00089574","2005-04-18","-69.383","76.383","64.0","PROGRESS, AY",,,,,,," -198",",,S"," -169","H,,S"
"AYM00089574","2005-04-19","-69.383","76.383","64.0","PROGRESS, AY",,,,,"  -81",",,S"," -150",",,S","  -97","H,,S"
"AYM00089574","2005-04-20","-69.383","76.383","64.0","PROGRESS, AY",,,,,"  -98",",,S",,," -113","H,,S"
"AYM00089574","2005-04-21","-69.383","76.383","64.0","PROGRESS, AY",,,,," -127",",,S",,," -138","H,,S"
"AYM00089574","2005-04-22","-69.383","76.383","64.0","PROGRESS, AY",,,,,,," -166",",,S"," -154","H,,S"
"AYM00089574","2005-04-23","-69.383","76.383","64.0","PROGRESS, AY",,,,,,,,," -154","H,,S"
"AYM00089574","2005-04-24","-69.383","76.383","64.0","PROGRESS, AY",,,,," -176",",,S",,," -187","H,,S"
"AYM00089574","2005-04-25","-69.383","76.383","64.0","PROGRESS, AY",,,,," -195",",,S"," -211",",,S"," -203","H,,S"
"AYM00089574","2005-04-26","-69.383","76.383","64.0","PROGRESS, AY",,,,," -196",",,S",,," -216","H,,S"
"AYM00089574","2005-04-27","-69.383","76.383","64.0","PROGRESS, AY",,,,,,," -205",",,S"," -168","H,,S"
"AYM00089574","2005-04-28","-69.383","76.383","64.0","PROGRESS, AY",,,,," -100",",,S"," -139",",I,S"," -116","H,,S"
"AYM00089574","2005-04-29","-69.383","76.383","64.0","PROGRESS, AY",,,,," -152",",I,S",,," -177","H,,S"
"AYM00089574","2005-04-30","-69.383","76.383","64.0","PROGRESS, AY",,,,,,," -205",",,S"," -186","H,,S"
"AYM00089574","2005-05-01","-69.383","76.383","64.0","PROGRESS, AY",,,,," -160",",,S",,," -175","H,,S"
"AYM00089574","2005-05-02","-69.383","76.383","64.0","PROGRESS, AY",,,,," -178",",,S",,," -190","H,,S"
"AYM00089574","2005-05-03","-69.383","76.383","64.0","PROGRESS, AY",,,,," -206",",,S",,," -220","H,,S"
"AYM00089574","2005-05-04","-69.383","76.383","64.0","PROGRESS, AY",,,,,,,,," -243","H,,S"
"AYM00089574","2005-05-05","-69.383","76.383","64.0","PROGRESS, AY",,,,," -169",",,S"," -254",",,S"," -192","H,,S"
"AYM00089574","2005-05-06","-69.383","76.383","64.0","PROGRESS, AY",,,,," -187",",,S"," -203",",,S"," -194","H,,S"
"AYM00089574","2005-05-07","-69.383","76.383","64.0","PROGRESS, AY",,,,," -186",",,S",,," -200","H,,S"
"AYM00089574","2005-05-08","-69.383","76.383","64.0","PROGRESS, AY",,,,," -200",",,S",,," -215","H,,S"
"AYM00089574","2005-05-09","-69.383","76.383","64.0","PROGRESS, AY",,,,,,," -247",",,S"," -212","H,,S"
"AYM00089574","2005-05-10","-69.383","76.383","64.0","PROGRESS, AY",,,,,"  -75",",,S"," -216",",,S"," -103","H,,S"
"AYM00089574","2005-05-11","-69.383","76.383","64.0","PROGRESS, AY",,,,,"  -72",",,S"," -118",",,S","  -98","H,,S"
"AYM00089574","2005-05-12","-69.383","76.383","64.0","PROGRESS, AY",,,,,"  -58",",,S","  -90",",,S","  -67","H,,S"
"AYM00089574","2005-05-13","-69.383","76.383","64.0","PROGRESS, AY",,,,,,,,," -164","H,,S"
"AYM00089574","2005-05-14","-69.383","76.383","64.0","PROGRESS, AY",,,,," -105",",,S"," -193",",,S"," -135","H,,S"
"AYM00089574","2005-05-15","-69.383","76.383","64.0","PROGRESS, AY",,,,,"  -51",",,S"," -164",",,S","  -64","H,,S"
"AYM00089574","2005-05-16","-69.383","76.383","64.0","PROGRESS, AY",,,,,"  -63",",,S",,,"  -82","H,,S"
"AYM00089574","2005-05-17","-69.383","76.383","64.0","PROGRESS, AY",,,,," -124",",,S",,," -133","H,,S"
"AYM00089574","2005-05-18","-69.383","76.383","64.0","PROGRESS, AY",,,,," -151",",,S",,," -173","H,,S"
"AYM00089574","2005-05-19","-69.383","76.383","64.0","PROGRESS, AY",,,,," -149",",,S"," -193",",,S"," -160","H,,S"
"AYM00089574","2005-05-20","-69.383","76.383","64.0","PROGRESS, AY",,,,," -153",",,S"," -177",",,S"," -164","H,,S"
"AYM00089574","2005-05-21","-69.383","76.383","64.0","PROGRESS, AY",,,,," -153",",,S",,," -169","H,,S"
"AYM00089574","2005-05-22","-69.383","76.383","64.0","PROGRESS, AY",,,,," -188",",,S",,," -200","H,,S"
"AYM00089574","2005-05-23","-69.383","76.383","64.0","PROGRESS, AY",,,,," -140",",,S"," -217",",,S"," -168","H,,S"
"AYM00089574","2005-05-24","-69.383","76.383","64.0","PROGRESS, AY",,,,," -209",",,S",,," -245","H,,S"
"AYM00089574","2005-05-25","-69.383","76.383","64.0","PROGRESS, AY",,,,,,," -278",",,S"," -148","H,,S"
"AYM00089574","2005-05-26","-69.383","76.383","64.0","PROGRESS, AY",,,,,,," -101",",,S","  -76","H,,S"
"AYM00089574","2005-05-27","-69.383","76.383","64.0","PROGRESS, AY",,,,,"  -64",",,S","  -81",",,S","  -72","H,,S"
"AYM00089574","2005-05-28","-69.383","76.383","64.0","PROGRESS, AY",,,,,"  -88",",,S",,," -123","H,,S"
"AYM00089574","2005-05-29","-69.383","76.383","64.0","PROGRESS, AY",,,,," -120",",,S",,," -137","H,,S"
"AYM00089574","2005-05-30","-69.383","76.383","64.0","PROGRESS, AY",,,,," -159",",,S"," -168",",,S"," -165","H,,S"
"AYM00089574","2005-05-31","-69.383","76.383","64.0","PROGRESS, AY",,,,,,,,," -244","H,,S"
"AYM00089574","2005-06-01","-69.383","76.383","64.0","PROGRESS, AY",,,,,,,,," -298","H,,S"
"AYM00089574","2005-06-02","-69.383","76.383","64.0","PROGRESS, AY",,,,,,," -296",",,S"," -263","H,,S"
"AYM00089574","2005-06-03","-69.383","76.383","64.0","PROGRESS, AY",,,,," -197",",,S"," -266",",,S"," -232","H,,S"
"AYM00089574","2005-06-04","-69.383","76.383","64.0","PROGRESS, AY",,,,," -155",",,S"," -252",",,S"," -167","H,,S"
"AYM00089574","2005-06-05","-69.383","76.383","64.0","PROGRESS, AY",,,,," -184",",,S",,," -199","H,,S"
"AYM00089574","2005-06-06","-69.383","76.383","64.0","PROGRESS, AY",,,,,,," -217",",,S"," -198","H,,S"
"AYM00089574","2005-06-07","-69.383","76.383","64.0","PROGRESS, AY",,,,," -180",",,S",,," -188","H,,S"
"AYM00089574","2005-06-08","-69.383","76.383","64.0","PROGRESS, AY",,,,," -189",",,S",,," -196","H,,S"
"AYM00089574","2005-06-09","-69.383","76.383","64.0","PROGRESS, AY",,,,," -205",",,S",,," -225","H,,S"
"AYM00089574","2005-06-10","-69.383","76.383","64.0","PROGRESS, AY",,,,,,," -281",",,S"," -259","H,,S"
"AYM00089574","2005-06-11","-69.383","76.383","64.0","PROGRESS, AY",,,,,"  -78",",,S"," -266",",,S"," -115","H,,S"
"AYM00089574","2005-06-12","-69.383","76.383","64.0","PROGRESS, AY",,,,,"  -70",",,S","  -84",",,S","  -73","H,,S"
"AYM00089574","2005-06-13","-69.383","76.383","64.0","PROGRESS, AY",,,,,"  -61",",,S",,,"  -71","H,,S"
"AYM00089574","2005-06-14","-69.383","76.383","64.0","PROGRESS, AY",,,,,"  -64",",,S","  -99",",,S","  -82","H,,S"
"AYM00089574","2005-06-15","-69.383","76.383","64.0","PROGRESS, AY",,,,,,," -107",",,S","  -97","H,,S"
"AYM00089574","2005-06-16","-69.383","76.383","64.0","PROGRESS, AY",,,,,,,"  -94",",,S","  -83","H,,S"
"AYM00089574","2005-06-17","-69.383","76.383","64.0","PROGRESS, AY",,,,,"  -81",",,S",,," -104","H,,S"
"AYM00089574","2005-06-18","-69.383","76.383","64.0","PROGRESS, AY",,,,,,," -118",",,S","  -70","H,,S"
"AYM00089574","2005-06-19","-69.383","76.383","64.0","PROGRESS, AY",,,,,,,"  -61",",,S","  -11","H,,S"
"AYM00089574","2005-06-20","-69.383","76.383","64.0","PROGRESS, AY",,,,,"   -4",",,S",,,"  -21","H,,S"
"AYM00089574","2005-06-21","-69.383","76.383","64.0","PROGRESS, AY",,,,,"  -54",",,S",,,"  -84","H,,S"
"AYM00089574","2005-06-22","-69.383","76.383","64.0","PROGRESS, AY",,,,," -118",",,S",,," -135","H,,S"
"AYM00089574","2005-06-23","-69.383","76.383","64.0","PROGRESS, AY",,,,,,," -175",",,S"," -147","H,,S"
"AYM00089574","2005-06-24","-69.383","76.383","64.0","PROGRESS, AY",,,,,,," -144",",,S"," -119","H,,S"
"AYM00089574","2005-06-25","-69.383","76.383","64.0","PROGRESS, AY",,,,,,," -122",",,S","  -87","H,,S"
"AYM00089574","2005-06-26","-69.383","76.383","64.0","PROGRESS, AY",,,,,"  -32",",,S","  -82",",,S","  -41","H,,S"
"AYM00089574","2005-06-27","-69.383","76.383","64.0","PROGRESS, AY",,,,,"  -34",",,S",,,"  -53","H,,S"
"AYM00089574","2005-06-28","-69.383","76.383","64.0","PROGRESS, AY",,,,,"  -90",",,S",,," -102","H,,S"
"AYM00089574","2005-06-29","-69.383","76.383","64.0","PROGRESS, AY",,,,," -139",",,S",,," -151","H,,S"
"AYM00089574","2005-06-30","-69.383","76.383","64.0","PROGRESS, AY",,,,," -150",",,S",,," -175","H,,S"
"AYM00089574","2005-07-02","-69.383","76.383","64.0","PROGRESS, AY",,,,," -206",",,S",,," -215","H,,S"
"AYM00089574","2005-07-03","-69.383","76.383","64.0","PROGRESS, AY",,,,,,," -240",",,S"," -231","H,,S"
"AYM00089574","2005-07-04","-69.383","76.383","64.0","PROGRESS, AY",,,,," -169",",,S"," -229",",,S"," -188","H,,S"
"AYM00089574","2005-07-05","-69.383","76.383","64.0","PROGRESS, AY",,,,,,," -186",",,S"," -155","H,,S"
"AYM00089574","2005-07-06","-69.383","76.383","64.0","PROGRESS, AY",,,,,"  -99",",,S"," -151",",,S"," -124","H,,S"
"AYM00089574","2005-07-07","-69.383","76.383","64.0","PROGRESS, AY",,,,,,,,," -174","H,,S"
"AYM00089574","2005-07-08","-69.383","76.383","64.0","PROGRESS, AY",,,,," -123",",,S"," -198",",,S"," -146","H,,S"
"AYM00089574","2005-07-09","-69.383","76.383","64.0","PROGRESS, AY",,,,," -163",",,S"," -179",",,S"," -171","H,,S"
"AYM00089574","2005-07-10","-69.383","76.383","64.0","PROGRESS, AY",,,,," -174",",,S",,," -184","H,,S"
"AYM00089574","2005-07-11","-69.383","76.383","64.0","PROGRESS, AY",,,,," -178",",,S"," -207",",,S"," -189","H,,S"
"AYM00089574","2005-07-12","-69.383","76.383","64.0","PROGRESS, AY",,,,,,," -183",",,S"," -123","H,,S"
"AYM00089574","2005-07-13","-69.383","76.383","64.0","PROGRESS, AY",,,,,"  -40",",,S","  -98",",,S","  -52","H,,S"
"AYM00089574","2005-07-14","-69.383","76.383","64.0","PROGRESS, AY",,,,,"  -50",",,S",,,"  -56","H,,S"
"AYM00089574","2005-07-15","-69.383","76.383","64.0","PROGRESS, AY",,,,,"  -30",",,S","  -68",",,S","  -43","H,,S"
"AYM00089574","2005-07-16","-69.383","76.383","64.0","PROGRESS, AY",,,,,"  -40",",,S",,,"  -60","H,,S"
"AYM00089574","2005-07-17","-69.383","76.383","64.0","PROGRESS, AY",,,,,"  -96",",,S",,," -134","H,,S"
"AYM00089574","2005-07-18","-69.383","76.383","64.0","PROGRESS, AY",,,,," -197",",,S",,," -204","H,,S"
"AYM00089574","2005-07-19","-69.383","76.383","64.0","PROGRESS, AY",,,,,,,,," -224","H,,S"
"AYM00089574","2005-07-20","-69.383","76.383","64.0","PROGRESS, AY",,,,," -137",",,S"," -234",",,S"," -168","H,,S"
"AYM00089574","2005-07-21","-69.383","76.383","64.0","PROGRESS, AY",,,,," -182",",,S",,," -196","H,,S"
"AYM00089574","2005-07-22","-69.383","76.383","64.0","PROGRESS, AY",,,,,,," -210",",,S"," -122","H,,S"
"AYM00089574","2005-07-23","-69.383","76.383","64.0","PROGRESS, AY","   51","B,,S",,,"  -94",",,S",,," -137","H,,S"
"AYM00089574","2005-07-24","-69.383","76.383","64.0","PROGRESS, AY",,,,," -148",",,S"," -237",",,S"," -189","H,,S"
"AYM00089574","2005-07-25","-69.383","76.383","64.0","PROGRESS, AY",,,,," -216",",,S",,," -267","H,,S"
"AYM00089574","2005-07-27","-69.383","76.383","64.0","PROGRESS, AY",,,,," -229",",,S",,," -261","H,,S"
"AYM00089574","2005-07-28","-69.383","76.383","64.0","PROGRESS, AY",,,,," -277",",,S",,," -300","H,,S"
"AYM00089574","2005-07-29","-69.383","76.383","64.0","PROGRESS, AY",,,,," -341",",,S"," -375",",,S"," -366","H,,S"
"AYM00089574","2005-07-30","-69.383","76.383","64.0","PROGRESS, AY",,,,,,,,," -407","H,,S"
"AYM00089574","2005-07-31","-69.383","76.383","64.0","PROGRESS, AY",,,,," -179",",,S",,," -226","H,,S"
"AYM00089574","2005-08-01","-69.383","76.383","64.0","PROGRESS, AY",,,,," -177",",,S"," -196",",,S"," -185","H,,S"
"AYM00089574","2005-08-02","-69.383","76.383","64.0","PROGRESS, AY",,,,," -182",",,S",,," -187","H,,S"
"AYM00089574","2005-08-03","-69.383","76.383","64.0","PROGRESS, AY",,,,," -173",",,S",,," -183","H,,S"
"AYM00089574","2005-08-04","-69.383","76.383","64.0","PROGRESS, AY",,,,,,,,," -214","H,,S"
"AYM00089574","2005-08-05","-69.383","76.383","64.0","PROGRESS, AY",,,,," -176",",,S"," -240",",,S"," -202","H,,S"
"AYM00089574","2005-08-06","-69.383","76.383","64.0","PROGRESS, AY",,,,," -218",",,S",,," -244","H,,S"
"AYM00089574","2005-08-07","-69.383","76.383","64.0","PROGRESS, AY","    5","B,,S",,,,," -281",",,S"," -181","H,,S"
"AYM00089574","2005-08-08","-69.383","76.383","64.0","PROGRESS, AY","   41","B,,S",,,"  -69",",,S"," -189",",,S","  -80","H,,S"
"AYM00089574","2005-08-09","-69.383","76.383","64.0","PROGRESS, AY",,,,,"  -59",",,S",,,"  -77","H,,S"
"AYM00089574","2005-08-10","-69.383","76.383","64.0","PROGRESS, AY",,,,," -176",",,S",,," -211","H,,S"
"AYM00089574","2005-08-11","-69.383","76.383","64.0","PROGRESS, AY",,,,,,," -259",",,S"," -183","H,,S"
"AYM00089574","2005-08-12","-69.383","76.383","64.0","PROGRESS, AY",,,,," -130",",,S"," -175",",,S"," -142","H,,S"
"AYM00089574","2005-08-13","-69.383","76.383","64.0","PROGRESS, AY",,,,,,," -168",",,S"," -137","H,,S"
"AYM00089574","2005-08-14","-69.383","76.383","64.0","PROGRESS, AY",,,,,"  -71",",,S"," -158",",,S"," -102","H,,S"
"AYM00089574","2005-08-15","-69.383","76.383","64.0","PROGRESS, AY",,,,,"  -92",",,S"," -113",",,S"," -102","H,,S"
"AYM00089574","2005-08-16","-69.383","76.383","64.0","PROGRESS, AY",,,,,"  -74",",,S"," -105",",,S","  -85","H,,S"
"AYM00089574","2005-08-17","-69.383","76.383","64.0","PROGRESS, AY",,,,,"  -70",",,S","  -90",",,S","  -82","H,,S"
"AYM00089574","2005-08-18","-69.383","76.383","64.0","PROGRESS, AY",,,,,"  -48",",,S","  -86",",,S","  -64","H,,S"
"AYM00089574","2005-08-19","-69.383","76.383","64.0","PROGRESS, AY",,,,,"  -79",",,S",,,"  -98","H,,S"
"AYM00089574","2005-08-20","-69.383","76.383","64.0","PROGRESS, AY",,,,," -121",",,S",,," -138","H,,S"
"AYM00089574","2005-08-21","-69.383","76.383","64.0","PROGRESS, AY",,,,," -187",",,S",,," -218","H,,S"
"AYM00089574","2005-08-22","-69.383","76.383","64.0","PROGRESS, AY",,,,," -228",",,S"," -247",",,S"," -237","H,,S"
"AYM00089574","2005-08-23","-69.383","76.383","64.0","PROGRESS, AY",,,,," -242",",,S",,," -256","H,,S"
"AYM00089574","2005-08-24","-69.383","76.383","64.0","PROGRESS, AY",,,,," -250",",,S",,," -279","H,,S"
"AYM00089574","2005-08-25","-69.383","76.383","64.0","PROGRESS, AY",,,,," -240",",,S"," -291",",,S"," -261","H,,S"
"AYM00089574","2005-08-26","-69.383","76.383","64.0","PROGRESS, AY",,,,," -258",",,S",,," -274","H,,S"
"AYM00089574","2005-08-27","-69.383","76.383","64.0","PROGRESS, AY",,,,,,," -292",",,S"," -268","H,,S"
"AYM00089574","2005-08-28","-69.383","76.383","64.0","PROGRESS, AY",,,,,,," -306",",,S"," -244","H,,S"
"AYM00089574","2005-08-29","-69.383","76.383","64.0","PROGRESS, AY","   89","B,,S",,," -126",",,S"," -224",",,S"," -150","H,,S"
"AYM00089574","2005-08-30","-69.383","76.383","64.0","PROGRESS, AY",,,,,,,,," -175","H,,S"
"AYM00089574","2005-08-31","-69.383","76.383","64.0","PROGRESS, AY",,,,," -181",",,S"," -200",",,S"," -190","H,,S"
"AYM00089574","2005-09-01","-69.383","76.383","64.0","PROGRESS, AY",,,,," -156",",,S"," -195",",,S"," -183","H,,S"
"AYM00089574","2005-09-02","-69.383","76.383","64.0","PROGRESS, AY",,,,," -185",",,S",,," -209","H,,S"
"AYM00089574","2005-09-03","-69.383","76.383","64.0","PROGRESS, AY",,,,," -185",",,S"," -234",",,S"," -214","H,,S"
"AYM00089574","2005-09-04","-69.383","76.383","64.0","PROGRESS, AY",,,,," -224",",,S",,," -236","H,,S"
"AYM00089574","2005-09-05","-69.383","76.383","64.0","PROGRESS, AY",,,,," -233",",,S",,," -244","H,,S"
"AYM00089574","2005-09-06","-69.383","76.383","64.0","PROGRESS, AY",,,,,,," -258",",,S"," -225","H,,S"
"AYM00089574","2005-09-07","-69.383","76.383","64.0","PROGRESS, AY",,,,,,,,," -233","H,,S"
"AYM00089574","2005-09-08","-69.383","76.383","64.0","PROGRESS, AY",,,,," -225",",,S"," -270",",,S"," -250","H,,S"
"AYM00089574","2005-09-09","-69.383","76.383","64.0","PROGRESS, AY",,,,," -190",",,S"," -272",",,S"," -210","H,,S"
"AYM00089574","2005-09-10","-69.383","76.383","64.0","PROGRESS, AY",,,,," -141",",,S"," -208",",,S"," -171","H,,S"
"AYM00089574","2005-09-11","-69.383","76.383","64.0","PROGRESS, AY",,,,,"  -94",",,S"," -170",",,S"," -114","H,,S"
"AYM00089574","2005-09-12","-69.383","76.383","64.0","PROGRESS, AY",,,,,"  -81",",,S"," -112",",,S","  -98","H,,S"
"AYM00089574","2005-09-13","-69.383","76.383","64.0","PROGRESS, AY","    0","B,,S",,,"  -53",",,S"," -105",",,S","  -73","H,,S"
"AYM00089574","2005-09-14","-69.383","76.383","64.0","PROGRESS, AY",,,,,"  -77",",,S","  -96",",,S","  -89","H,,S"
"AYM00089574","2005-09-15","-69.383","76.383","64.0","PROGRESS, AY","    0","B,,S",,,"  -88",",,S",,," -102","H,,S"
"AYM00089574","2005-09-16","-69.383","76.383","64.0","PROGRESS, AY",,,,,,," -115",",,S","  -56","H,,S"
"AYM00089574","2005-09-17","-69.383","76.383","64.0","PROGRESS, AY",,,,,"  -11",",,S","  -52",",,S","  -26","H,,S"
"AYM00089574","2005-09-18","-69.383","76.383","64.0","PROGRESS, AY",,,,,"  -42",",,S",,,"  -48","H,,S"
"AYM00089574","2005-09-19","-69.383","76.383","64.0","PROGRESS, AY",,,,,"  -58",",,S",,,"  -77","H,,S"
"AYM00089574","2005-09-20","-69.383","76.383","64.0","PROGRESS, AY",,,,,,," -108",",,S","  -88","H,,S"
"AYM00089574","2005-09-21","-69.383","76.383","64.0","PROGRESS, AY",,,,,"  -55",",,S","  -84",",,S","  -68","H,,S"
"AYM00089574","2005-09-22","-69.383","76.383","64.0","PROGRESS, AY","    0","B,,S",,,"  -80",",,S",,,"  -86","H,,S"
"AYM00089574","2005-09-23","-69.383","76.383","64.0","PROGRESS, AY",,,,,"  -77",",,S"," -106",",,S","  -92","H,,S"
"AYM00089574","2005-09-24","-69.383","76.383","64.0","PROGRESS, AY","    0","B,,S",,," -109",",,S",,," -119","H,,S"
"AYM00089574","2005-09-25","-69.383","76.383","64.0","PROGRESS, AY","    0","B,,S",,," -121",",,S",,," -138","H,,S"
"AYM00089574","2005-09-26","-69.383","76.383","64.0","PROGRESS, AY",,,,,,," -175",",,S"," -154","H,,S"
"AYM00089574","2005-09-27","-69.383","76.383","64.0","PROGRESS, AY",,,,," -100",",,S"," -154",",,S"," -123","H,,S"
"AYM00089574","2005-09-28","-69.383","76.383","64.0","PROGRESS, AY",,,,,"  -95",",,S",,," -156","H,,S"
"AYM00089574","2005-09-29","-69.383","76.383","64.0","PROGRESS, AY",,,,," -192",",,S",,," -213","H,,S"
"AYM00089574","2005-09-30","-69.383","76.383","64.0","PROGRESS, AY",,,,,,," -255",",,S"," -145","H,,S"
"AYM00089574","2005-10-01","-69.383","76.383","64.0","PROGRESS, AY",,,,,"  -83",",,S",,,"  -91","H,,S"
"AYM00089574","2005-10-02","-69.383","76.383","64.0","PROGRESS, AY","    3","B,,S",,," -103",",,S",,," -120","H,,S"
"AYM00089574","2005-10-03","-69.383","76.383","64.0","PROGRESS, AY",,,,," -118",",,S"," -168",",,S"," -157","H,,S"
"AYM00089574","2005-10-04","-69.383","76.383","64.0","PROGRESS, AY",,,,," -113",",,S",,," -148","H,,S"
"AYM00089574","2005-10-05","-69.383","76.383","64.0","PROGRESS, AY",,,,," -136",",,S"," -189",",,S"," -173","H,,S"
"AYM00089574","2005-10-06","-69.383","76.383","64.0","PROGRESS, AY",,,,," -185",",,S",,," -202","H,,S"
"AYM00089574","2005-10-07","-69.383","76.383","64.0","PROGRESS, AY",,,,," -148",",,S"," -214",",,S"," -172","H,,S"
"AYM00089574","2005-10-08","-69.383","76.383","64.0","PROGRESS, AY","    8","B,,S",,," -149",",,S"," -218",",,S"," -179","H,,S"
"AYM00089574","2005-10-09","-69.383","76.383","64.0","PROGRESS, AY",,,,,"  -81",",,S"," -168",",,S"," -106","H,,S"
"AYM00089574","2005-10-10","-69.383","76.383","64.0","PROGRESS, AY","   15","B,,S",,,"  -81",",,S",,," -119","H,,S"
"AYM00089574","2005-10-11","-69.383","76.383","64.0","PROGRESS, AY",,,,,"  -68",",,S"," -144",",,S"," -114","H,,S"
"AYM00089574","2005-10-12","-69.383","76.383","64.0","PROGRESS, AY",,,,," -126",",,S",,," -153","H,,S"
"AYM00089574","2005-10-13","-69.383","76.383","64.0","PROGRESS, AY",,,,," -125",",,S"," -187",",,S"," -148","H,,S"
"AYM00089574","2005-10-14","-69.383","76.383","64.0","PROGRESS, AY",,,,,"  -78",",,S",,," -123","H,,S"
"AYM00089574","2005-10-15","-69.383","76.383","64.0","PROGRESS, AY",,,,,"  -92",",,S"," -156",",,S"," -121","H,,S"
"AYM00089574","2005-10-16","-69.383","76.383","64.0","PROGRESS, AY",,,,,"  -37",",,S"," -118",",,S","  -63","H,,S"
"AYM00089574","2005-10-17","-69.383","76.383","64.0","PROGRESS, AY",,,,,"  -25",",,S",,,"  -53","H,,S"
"AYM00089574","2005-10-18","-69.383","76.383","64.0","PROGRESS, AY",,,,,"  -72",",,S"," -107",",,S","  -92","H,,S"
"AYM00089574","2005-10-19","-69.383","76.383","64.0","PROGRESS, AY",,,,,"  -19",",,S","  -98",",,S","  -47","H,,S"
"AYM00089574","2005-10-20","-69.383","76.383","64.0","PROGRESS, AY",,,,,"  -18",",,S","  -70",",,S","  -41","H,,S"
"AYM00089574","2005-10-21","-69.383","76.383","64.0","PROGRESS, AY",,,,,"  -26",",,S",,,"  -43","H,,S"
"AYM00089574","2005-10-22","-69.383","76.383","64.0","PROGRESS, AY",,,,,"  -22",",,S",,,"  -57","H,,S"
"AYM00089574","2005-10-23","-69.383","76.383","64.0","PROGRESS, AY",,,,,"  -53",",,S"," -100",",,S","  -78","H,,S"
"AYM00089574","2005-10-24","-69.383","76.383","64.0","PROGRESS, AY",,,,,"  -58",",,S"," -104",",,S","  -70","H,,S"
"AYM00089574","2005-10-25","-69.383","76.383","64.0","PROGRESS, AY",,,,,"   -9",",,S","  -72",",,S","  -46","H,,S"
"AYM00089574","2005-10-26","-69.383","76.383","64.0","PROGRESS, AY",,,,,"  -12",",,S","  -69",",,S","  -47","H,,S"
"AYM00089574","2005-10-27","-69.383","76.383","64.0","PROGRESS, AY",,,,,"   -4",",,S","  -66",",,S","  -45","H,,S"
"AYM00089574","2005-10-28","-69.383","76.383","64.0","PROGRESS, AY",,,,,"  -53",",,S",,,"  -84","H,,S"
"AYM00089574","2005-10-29","-69.383","76.383","64.0","PROGRESS, AY",,,,,"  -86",",,S"," -137",",,S"," -114","H,,S"
"AYM00089574","2005-10-30","-69.383","76.383","64.0","PROGRESS, AY",,,,,"  -70",",,S"," -143",",,S"," -103","H,,S"
"AYM00089574","2005-10-31","-69.383","76.383","64.0","PROGRESS, AY",,,,,"  -86",",,S",,," -123","H,,S"
"AYM00089574","2005-11-01","-69.383","76.383","64.0","PROGRESS, AY",,,,,"  -65",",,S"," -171",",,S","  -83","H,,S"
"AYM00089574","2005-11-02","-69.383","76.383","64.0","PROGRESS, AY",,,,,"  -21",",,S",,,"  -66","H,,S"
"AYM00089574","2005-11-03","-69.383","76.383","64.0","PROGRESS, AY","   10","B,,S",,,"  -95",",,S"," -150",",,S"," -121","H,,S"
"AYM00089574","2005-11-04","-69.383","76.383","64.0","PROGRESS, AY",,,,,"  -76",",,S"," -117",",,S"," -100","H,,S"
"AYM00089574","2005-11-05","-69.383","76.383","64.0","PROGRESS, AY",,,,,"  -65",",,S"," -134",",,S","  -99","H,,S"
"AYM00089574","2005-11-06","-69.383","76.383","64.0","PROGRESS, AY",,,,,"  -85",",,S"," -126",",,S","  -95","H,,S"
"AYM00089574","2005-11-09","-69.383","76.383","64.0","PROGRESS, AY",,,,,"   -8",",,S","  -96",",,S","  -59","H,,S"
"AYM00089574","2005-11-10","-69.383","76.383","64.0","PROGRESS, AY",,,,,"    2",",,S","  -58",",,S","  -20","H,,S"
"AYM00089574","2005-11-11","-69.383","76.383","64.0","PROGRESS, AY",,,,,"   -3",",,S","  -23",",,S","  -11","H,,S"
"AYM00089574","2005-11-12","-69.383","76.383","64.0","PROGRESS, AY",,,,,"   23",",,S",,,"  -10","H,,S"
"AYM00089574","2005-11-13","-69.383","76.383","64.0","PROGRESS, AY",,,,,"  -41",",,S",,,"  -58","H,,S"
"AYM00089574","2005-11-14","-69.383","76.383","64.0","PROGRESS, AY",,,,,"  -49",",,S","  -89",",,S","  -70","H,,S"
"AYM00089574","2005-11-16","-69.383","76.383","64.0","PROGRESS, AY",,,,,"  -14",",,S","  -71",",,S","  -40","H,,S"
"AYM00089574","2005-11-17","-69.383","76.383","64.0","PROGRESS, AY",,,,,"    5",",,S","  -54",",,S","  -22","H,,S"
"AYM00089574","2005-11-19","-69.383","76.383","64.0","PROGRESS, AY",,,,,"  -26",",,S","  -70",",,S","  -51","H,,S"
"AYM00089574","2005-11-20","-69.383","76.383","64.0","PROGRESS, AY",,,,,"  -23",",,S","  -88",",,S","  -62","H,,S"
"AYM00089574","2005-11-21","-69.383","76.383","64.0","PROGRESS, AY",,,,,"  -47",",,S","  -91",",,S","  -67","H,,S"
"AYM00089574","2005-11-22","-69.383","76.383","64.0","PROGRESS, AY",,,,,"  -26",",,S","  -89",",,S","  -60","H,,S"
"AYM00089574","2005-11-23","-69.383","76.383","64.0","PROGRESS, AY","    0","B,,S",,,"  -64",",,S",,,"  -88","H,,S"
"AYM00089574","2005-11-24","-69.383","76.383","64.0","PROGRESS, AY",,,,,"  -19",",,S"," -104",",,S","  -47","H,,S"
"AYM00089574","2005-11-26","-69.383","76.383","64.0","PROGRESS, AY",,,,,"   47",",,S","  -29",",,S","    4","H,,S"
"AYM00089574","2005-11-27","-69.383","76.383","64.0","PROGRESS, AY",,,,,"   34",",,S","  -30",",,S","    6","H,,S"
"AYM00089574","2005-11-29","-69.383","76.383","64.0","PROGRESS, AY",,,,,"   22",",,S","  -36",",,S","    0","H,,S"
"AYM00089574","2005-11-30","-69.383","76.383","64.0","PROGRESS, AY",,,,,"   27",",,S","  -35",",,S","   -1","H,,S"
"AYM00089574","2005-12-01","-69.383","76.383","64.0","PROGRESS, AY",,,,,"   42",",,S","    5",",,S","   29","H,,S"
"AYM00089574","2005-12-02","-69.383","76.383","64.0","PROGRESS, AY",,,,,"   62",",,S",,,"   21","H,,S"
"AYM00089574","2005-12-03","-69.383","76.383","64.0","PROGRESS, AY",,,,,"   54",",,S","    1",",,S","   23","H,,S"
"AYM00089574","2005-12-04","-69.383","76.383","64.0","PROGRESS, AY",,,,,"   58",",,S","  -11",",,S","   25","H,,S"
"AYM00089574","2005-12-05","-69.383","76.383","64.0","PROGRESS, AY",,,,,"   49",",,S","    0",",,S","   17","H,,S"
"AYM00089574","2005-12-06","-69.383","76.383","64.0","PROGRESS, AY","   71","B,,S",,,"   40",",,S","    1",",,S","   26","H,,S"
"AYM00089574","2005-12-08","-69.383","76.383","64.0","PROGRESS, AY",,,,,"   54",",,S","    6",",,S","   25","H,,S"
"AYM00089574","2005-12-09","-69.383","76.383","64.0","PROGRESS, AY",,,,,"   46",",,S","    3",",,S","   29","H,,S"
"AYM00089574","2005-12-10","-69.383","76.383","64.0","PROGRESS, AY",,,,,"   38",",,S",,,"   10","H,,S"
"AYM00089574","2005-12-11","-69.383","76.383","64.0","PROGRESS, AY",,,,,"   30",",,S","  -32",",,S","    2","H,,S"
"AYM00089574","2005-12-12","-69.383","76.383","64.0","PROGRESS, AY",,,,,"   29",",,S","  -35",",,S","  -11","H,,S"
"AYM00089574","2005-12-13","-69.383","76.383","64.0","PROGRESS, AY",,,,,"   26",",,S","  -24",",,S","   -2","H,,S"
"AYM00089574","2005-12-14","-69.383","76.383","64.0","PROGRESS, AY",,,,,"   21",",,S","  -16",",,S","    5","H,,S"
"AYM00089574","2005-12-16","-69.383","76.383","64.0","PROGRESS, AY",,,,,"   53",",,S","  -13",",,S","   29","H,,S"
"AYM00089574","2005-12-18","-69.383","76.383","64.0","PROGRESS, AY",,,,,"   79",",,S",,,"   52","H,,S"
"AYM00089574","2005-12-19","-69.383","76.383","64.0","PROGRESS, AY",,,,,"   63",",,S","   30",",,S","   45","H,,S"
"AYM00089574","2005-12-21","-69.383","76.383","64.0","PROGRESS, AY",,,,,"   56",",,S","    3",",,S","   42","H,,S"
"AYM00089574","2005-12-22","-69.383","76.383","64.0","PROGRESS, AY",,,,,"   66",",,S","   23",",,S","   38","H,,S"
"AYM00089574","2005-12-23","-69.383","76.383","64.0","PROGRESS, AY",,,,,"   53",",,S",,,"   34","H,,S"
"AYM00089574","2005-12-25","-69.383","76.383","64.0","PROGRESS, AY",,,,,"   50",",,S","   17",",,S","   33","H,,S"
"AYM00089574","2005-12-26","-69.383","76.383","64.0","PROGRESS, AY",,,,,,,,,"   37","H,,S"
"AYM00089574","2005-12-27","-69.383","76.383","64.0","PROGRESS, AY",,,,,"   49",",,S",,,"   27","H,,S"
"AYM00089574","2006-01-02","-69.383","76.383","64.0","PROGRESS, AY",,,,,"   39",",,S",,,"    9","H,,S"
"AYM00089574","2006-01-04","-69.383","76.383","64.0","PROGRESS, AY",,,,,"   55",",,S","  -31",",,S","   20","H,,S"
"AYM00089574","2006-01-05","-69.383","76.383","64.0","PROGRESS, AY",,,,,"   63",",,S",,,"   22","H,,S"
"AYM00089574","2006-01-07","-69.383","76.383","64.0","PROGRESS, AY",,,,,"   51",",,S",,,"   13","H,,S"
"AYM00089574","2006-01-08","-69.383","76.383","64.0","PROGRESS, AY",,,,,"   46",",,S","  -21",",,S","   22","H,,S"
"AYM00089574","2006-01-09","-69.383","76.383","64.0","PROGRESS, AY",,,,,"   44",",,S","   -9",",,S","   11","H,,S"
"AYM00089574","2006-01-11","-69.383","76.383","64.0","PROGRESS, AY",,,,,"   49",",,S",,,"   20","H,,S"
"AYM00089574","2006-01-12","-69.383","76.383","64.0","PROGRESS, AY",,,,,,,"  -10",",,S","   10","H,,S"
"AYM00089574","2006-01-13","-69.383","76.383","64.0","PROGRESS, AY",,,,,"   27",",,S","  -18",",,S","    4","H,,S"
"AYM00089574","2006-01-15","-69.383","76.383","64.0","PROGRESS, AY",,,,,"   25",",,S","  -19",",,S","    5","H,,S"
"AYM00089574","2006-01-17","-69.383","76.383","64.0","PROGRESS, AY",,,,,"   29",",,S","  -25",",,S","   11","H,,S"
"AYM00089574","2006-01-19","-69.383","76.383","64.0","PROGRESS, AY",,,,,"   12",",,S",,,"  -11","H,,S"
"AYM00089574","2006-01-21","-69.383","76.383","64.0","PROGRESS, AY",,,,,"   13",",,S","  -27",",,S","   -8","H,,S"
"AYM00089574","2006-01-22","-69.383","76.383","64.0","PROGRESS, AY",,,,,"    2",",,S","  -43",",,S","  -19","H,,S"
"AYM00089574","2006-01-23","-69.383","76.383","64.0","PROGRESS, AY",,,,,"    5",",,S","  -47",",,S","  -17","H,,S"
"AYM00089574","2006-01-24","-69.383","76.383","64.0","PROGRESS, AY","   36","B,,S",,,"    7",",,S","  -20",",,S","   -5","H,,S"
"AYM00089574","2006-01-25","-69.383","76.383","64.0","PROGRESS, AY","    5","B,,S",,,"   25",",,S","  -11",",,S","    7","H,,S"
"AYM00089574","2006-01-26","-69.383","76.383","64.0","PROGRESS, AY",,,,,"   27",",,S","    0",",,S","   11","H,,S"
"AYM00089574","2006-01-28","-69.383","76.383","64.0","PROGRESS, AY",,,,,"   27",",,S",,,"   12","H,,S"
"AYM00089574","2006-01-30","-69.383","76.383","64.0","PROGRESS, AY",,,,,"    8",",,S",,,"  -14","H,,S"
"AYM00089574","2006-01-31","-69.383","76.383","64.0","PROGRESS, AY",,,,,"   -7",",,S","  -44",",,S","  -27","H,,S"
"AYM00089574","2006-02-01","-69.383","76.383","64.0","PROGRESS, AY",,,,,"   -3",",,S","  -41",",,S","  -19","H,,S"
"AYM00089574","2006-02-02","-69.383","76.383","64.0","PROGRESS, AY",,,,,"    6",",,S","  -35",",,S","  -18","H,,S"
"AYM00089574","2006-02-03","-69.383","76.383","64.0","PROGRESS, AY",,,,,"  -21",",,S","  -62",",,S","  -44","H,,S"
"AYM00089574","2006-02-05","-69.383","76.383","64.0","PROGRESS, AY",,,,,"  -23",",,S",,,"  -44","H,,S"
"AYM00089574","2006-02-06","-69.383","76.383","64.0","PROGRESS, AY",,,,,"   -7",",,S","  -48",",,S","  -26","H,,S"
"AYM00089574","2006-02-07","-69.383","76.383","64.0","PROGRESS, AY",,,,,"   24",",,S","  -24",",,S","   -2","H,,S"
"AYM00089574","2006-02-08","-69.383","76.383","64.0","PROGRESS, AY",,,,,"   22",",,S","  -13",",,S","    3","H,,S"
"AYM00089574","2006-02-09","-69.383","76.383","64.0","PROGRESS, AY",,,,,,,,,"   -9","H,,S"
"AYM00089574","2006-02-10","-69.383","76.383","64.0","PROGRESS, AY",,,,,"  -13",",,S",,,"  -21","H,,S"
"AYM00089574","2006-02-11","-69.383","76.383","64.0","PROGRESS, AY",,,,,"  -14",",,S","  -38",",,S","  -28","H,,S"
"AYM00089574","2006-02-12","-69.383","76.383","64.0","PROGRESS, AY",,,,,"  -26",",,S","  -61",",,S","  -37","H,,S"
"AYM00089574","2006-02-13","-69.383","76.383","64.0","PROGRESS, AY",,,,,"   -9",",,S",,,"  -27","H,,S"
"AYM00089574","2006-02-14","-69.383","76.383","64.0","PROGRESS, AY",,,,,"  -14",",,S","  -58",",,S","  -26","H,,S"
"AYM00089574","2006-02-15","-69.383","76.383","64.0","PROGRESS, AY",,,,,"    4",",,S","  -35",",,S","  -14","H,,S"
"AYM00089574","2006-02-16","-69.383","76.383","64.0","PROGRESS, AY",,,,,"  -14",",,S","  -31",",,S","  -25","H,,S"
"AYM00089574","2006-02-17","-69.383","76.383","64.0","PROGRESS, AY","   30","B,,S",,,"  -14",",,S",,,"  -34","H,,S"
"AYM00089574","2006-02-18","-69.383","76.383","64.0","PROGRESS, AY",,,,,"  -16",",,S","  -45",",,S","  -33","H,,S"
"AYM00089574","2006-02-19","-69.383","76.383","64.0","PROGRESS, AY",,,,,"  -27",",,S","  -58",",,S","  -45","H,,S"
"AYM00089574","2006-02-20","-69.383","76.383","64.0","PROGRESS, AY",,,,,,,"  -65",",,S","  -47","H,,S"
"AYM00089574","2006-02-21","-69.383","76.383","64.0","PROGRESS, AY",,,,,"  -44",",,S","  -76",",,S","  -62","H,,S"
"AYM00089574","2006-02-22","-69.383","76.383","64.0","PROGRESS, AY",,,,,"  -38",",,S",,,"  -50","H,,S"
"AYM00089574","2006-02-23","-69.383","76.383","64.0","PROGRESS, AY",,,,,"  -44",",,S","  -76",",,S","  -61","H,,S"
"AYM00089574","2006-02-24","-69.383","76.383","64.0","PROGRESS, AY",,,,,"  -33",",,S","  -81",",,S","  -55","H,,S"
"AYM00089574","2006-02-25","-69.383","76.383","64.0","PROGRESS, AY",,,,,"  -11",",,S","  -57",",,S","  -31","H,,S"
"AYM00089574","2006-02-26","-69.383","76.383","64.0","PROGRESS, AY",,,,,"  -40",",,S",,,"  -58","H,,S"
"AYM00089574","2006-02-27","-69.383","76.383","64.0","PROGRESS, AY",,,,,,,,,"  -47","H,,S"
"AYM00089574","2006-02-28","-69.383","76.383","64.0","PROGRESS, AY",,,,,"  -59",",,S","  -95",",,S","  -77","H,,S"
"AYM00089574","2006-03-01","-69.383","76.383","64.0","PROGRESS, AY",,,,,"  -65",",,S","  -91",",,S","  -82","H,,S"
"AYM00089574","2006-03-02","-69.383","76.383","64.0","PROGRESS, AY",,,,,"  -40",",,S","  -97",",,S","  -70","H,,S"
"AYM00089574","2006-03-03","-69.383","76.383","64.0","PROGRESS, AY",,,,,"  -13",",,S","  -70",",,S","  -41","H,,S"
"AYM00089574","2006-03-04","-69.383","76.383","64.0","PROGRESS, AY",,,,,,,"  -68",",,S","  -44","H,,S"
"AYM00089574","2006-03-05","-69.383","76.383","64.0","PROGRESS, AY",,,,,,,,,"  -32","H,,S"
"AYM00089574","2006-03-06","-69.383","76.383","64.0","PROGRESS, AY",,,,,"  -32",",,S",,,"  -47","H,,S"
"AYM00089574","2006-03-07","-69.383","76.383","64.0","PROGRESS, AY",,,,,"  -45",",,S","  -83",",,S","  -64","H,,S"
"AYM00089574","2006-03-08","-69.383","76.383","64.0","PROGRESS, AY",,,,,"  -43",",,S","  -69",",,S","  -54","H,,S"
"AYM00089574","2006-03-09","-69.383","76.383","64.0","PROGRESS, AY",,,,,"  -62",",,S","  -75",",,S","  -70","H,,S"
"AYM00089574","2006-03-10","-69.383","76.383","64.0","PROGRESS, AY",,,,,"  -23",",,S","  -76",",,S","  -38","H,,S"
"AYM00089574","2006-03-11","-69.383","76.383","64.0","PROGRESS, AY","   20","B,,S",,,"  -14",",,S","  -31",",,S","  -24","H,,S"
"AYM00089574","2006-03-12","-69.383","76.383","64.0","PROGRESS, AY","    3","B,,S",,,"  -32",",,S",,,"  -39","H,,S"
"AYM00089574","2006-03-13","-69.383","76.383","64.0","PROGRESS, AY",,,,,"  -37",",,S",,,"  -43","H,,S"
"AYM00089574","2006-03-14","-69.383","76.383","64.0","PROGRESS, AY",,,,,"  -69",",,S",,,"  -81","H,,S"
"AYM00089574","2006-03-15","-69.383","76.383","64.0","PROGRESS, AY",,,,," -101",",,S"," -124",",,S"," -114","H,,S"
"AYM00089574","2006-03-16","-69.383","76.383","64.0","PROGRESS, AY",,,,,"  -55",",,S"," -116",",,S","  -76","H,,S"
"AYM00089574","2006-03-18","-69.383","76.383","64.0","PROGRESS, AY",,,,,"  -42",",,S","  -51",",,S","  -48","H,,S"
"AYM00089574","2006-03-19","-69.383","76.383","64.0","PROGRESS, AY",,,,,"  -38",",,S",,,"  -51","H,,S"
"AYM00089574","2006-03-20","-69.383","76.383","64.0","PROGRESS, AY","    5","B,,S",,,,," -119",",,S"," -113","H,,S"
"AYM00089574","2006-03-21","-69.383","76.383","64.0","PROGRESS, AY",,,,,"  -70",",,S",,,"  -93","H,,S"
"AYM00089574","2006-03-22","-69.383","76.383","64.0","PROGRESS, AY",,,,,"  -51",",,S","  -95",",,S","  -62","H,,S"
"AYM00089574","2006-03-23","-69.383","76.383","64.0","PROGRESS, AY",,,,,"  -60",",,S",,,"  -70","H,,S"
"AYM00089574","2006-03-24","-69.383","76.383","64.0","PROGRESS, AY",,,,,"  -98",",,S",,," -113","H,,S"
"AYM00089574","2006-03-25","-69.383","76.383","64.0","PROGRESS, AY",,,,,"  -70",",,S",,," -142","H,,S"
"AYM00089574","2006-03-26","-69.383","76.383","64.0","PROGRESS, AY",,,,,,,,,"  -66","H,,S"
"AYM00089574","2006-03-27","-69.383","76.383","64.0","PROGRESS, AY",,,,,,,,," -128","H,,S"
"AYM00089574","2006-03-28","-69.383","76.383","64.0","PROGRESS, AY",,,,," -116",",,S"," -148",",,S"," -124","H,,S"
"AYM00089574","2006-03-30","-69.383","76.383","64.0","PROGRESS, AY","   20","B,,S",,,"  -54",",,S",,,"  -70","H,,S"
"AYM00089574","2006-03-31","-69.383","76.383","64.0","PROGRESS, AY",,,,,"  -90",",,S"," -140",",,S"," -109","H,,S"
"AYM00089574","2006-04-01","-69.383","76.383","64.0","PROGRESS, AY",,,,,,," -105",",,S","  -89","H,,S"
"AYM00089574","2006-04-02","-69.383","76.383","64.0","PROGRESS, AY",,,,,"  -77",",,S",,,"  -79","H,,S"
"AYM00089574","2006-04-03","-69.383","76.383","64.0","PROGRESS, AY",,,,,"  -69",",,S","  -90",",,S","  -79","H,,S"
"AYM00089574","2006-04-04","-69.383","76.383","64.0","PROGRESS, AY",,,,,,,"  -85",",,S","  -61","H,,S"
"AYM00089574","2006-04-05","-69.383","76.383","64.0","PROGRESS, AY",,,,,,,,,"  -35","H,,S"
"AYM00089574","2006-04-06","-69.383","76.383","64.0","PROGRESS, AY",,,,,"  -38",",,S",,,"  -47","H,,S"
"AYM00089574","2006-04-07","-69.383","76.383","64.0","PROGRESS, AY",,,,,"  -56",",,S",,,"  -71","H,,S"
"AYM00089574","2006-04-08","-69.383","76.383","64.0","PROGRESS, AY",,,,,"  -90",",,S"," -112",",,S"," -100","H,,S"
"AYM00089574","2006-04-09","-69.383","76.383","64.0","PROGRESS, AY",,,,,,," -118",",,S","  -81","H,,S"
"AYM00089574","2006-04-10","-69.383","76.383","64.0","PROGRESS, AY",,,,,"  -17",",,S","  -64",",,S","  -27","H,,S"
"AYM00089574","2006-04-11","-69.383","76.383","64.0","PROGRESS, AY",,,,,,,,,"  -32","H,,S"
"AYM00089574","2006-04-12","-69.383","76.383","64.0","PROGRESS, AY",,,,,"  -86",",,S",,,"  -93","H,,S"
"AYM00089574","2006-04-13","-69.383","76.383","64.0","PROGRESS, AY",,,,,,,,," -103","H,,S"
"AYM00089574","2006-04-14","-69.383","76.383","64.0","PROGRESS, AY",,,,,,,,," -155","H,,S"
"AYM00089574","2006-04-15","-69.383","76.383","64.0","PROGRESS, AY",,,,,,," -159",",,S"," -119","H,,S"
"AYM00089574","2006-04-16","-69.383","76.383","64.0","PROGRESS, AY",,,,,"  -98",",,S",,," -132","H,,S"
"AYM00089574","2006-04-17","-69.383","76.383","64.0","PROGRESS, AY",,,,,,," -216",",,S"," -163","H,,S"
"AYM00089574","2006-04-18","-69.383","76.383","64.0","PROGRESS, AY",,,,,,,"  -89",",,S","  -68","H,,S"
"AYM00089574","2006-04-19","-69.383","76.383","64.0","PROGRESS, AY",,,,,"  -37",",,S","  -77",",,S","  -49","H,,S"
"AYM00089574","2006-04-20","-69.383","76.383","64.0","PROGRESS, AY","   51","B,,S",,,,,,,"  -83","H,,S"
"AYM00089574","2006-04-21","-69.383","76.383","64.0","PROGRESS, AY","   15","B,,S",,,,,,,"  -57","H,,S"
"AYM00089574","2006-04-22","-69.383","76.383","64.0","PROGRESS, AY",,,,,,,,,"  -52","H,,S"
"AYM00089574","2006-04-23","-69.383","76.383","64.0","PROGRESS, AY",,,,,,,,,"  -78","H,,S"
"AYM00089574","2006-04-24","-69.383","76.383","64.0","PROGRESS, AY",,,,,,,,,"  -96","H,,S"
"AYM00089574","2006-04-25","-69.383","76.383","64.0","PROGRESS, AY",,,,,"  -80",",,S"," -128",",,S","  -96","H,,S"
"AYM00089574","2006-04-26","-69.383","76.383","64.0","PROGRESS, AY",,,,,"  -72",",,S","  -98",",,S","  -83","H,,S"
"AYM00089574","2006-04-27","-69.383","76.383","64.0","PROGRESS, AY",,,,,,,"  -99",",,S","  -83","H,,S"
"AYM00089574","2006-04-28","-69.383","76.383","64.0","PROGRESS, AY",,,,,,,,,"  -64","H,,S"
"AYM00089574","2006-04-29","-69.383","76.383","64.0","PROGRESS, AY",,,,,"  -91",",,S","  -98",",,S","  -95","H,,S"
"AYM00089574","2006-04-30","-69.383","76.383","64.0","PROGRESS, AY",,,,,"  -74",",,S","  -94",",,S","  -84","H,,S"
"AYM00089574","2006-05-01","-69.383","76.383","64.0","PROGRESS, AY",,,,,,,,," -123","H,,S"
"AYM00089574","2006-05-02","-69.383","76.383","64.0","PROGRESS, AY",,,,," -170",",,S",,," -179","H,,S"
"AYM00089574","2006-05-03","-69.383","76.383","64.0","PROGRESS, AY",,,,," -184",",,S"," -202",",,S"," -194","H,,S"
"AYM00089574","2006-05-04","-69.383","76.383","64.0","PROGRESS, AY",,,,," -175",",,S"," -200",",,S"," -184","H,,S"
"AYM00089574","2006-05-05","-69.383","76.383","64.0","PROGRESS, AY",,,,,,,,," -190","H,,S"
"AYM00089574","2006-05-06","-69.383","76.383","64.0","PROGRESS, AY","    0","B,,S",,,,,,," -228","H,,S"
"AYM00089574","2006-05-07","-69.383","76.383","64.0","PROGRESS, AY",,,,,,," -266",",,S"," -219","H,,S"
"AYM00089574","2006-05-08","-69.383","76.383","64.0","PROGRESS, AY",,,,," -181",",,S"," -209",",,S"," -193","H,,S"
"AYM00089574","2006-05-09","-69.383","76.383","64.0","PROGRESS, AY",,,,,,," -198",",,S"," -165","H,,S"
"AYM00089574","2006-05-10","-69.383","76.383","64.0","PROGRESS, AY",,,,,,,,," -172","H,,S"
"AYM00089574","2006-05-11","-69.383","76.383","64.0","PROGRESS, AY",,,,,,,,," -208","H,,S"
"AYM00089574","2006-05-12","-69.383","76.383","64.0","PROGRESS, AY",,,,,,," -217",",,S"," -141","H,,S"
"AYM00089574","2006-05-13","-69.383","76.383","64.0","PROGRESS, AY",,,,,"  -99",",,S"," -125",",,S"," -106","H,,S"
"AYM00089574","2006-05-14","-69.383","76.383","64.0","PROGRESS, AY",,,,,,," -107",",,S"," -103","H,,S"
"AYM00089574","2006-05-15","-69.383","76.383","64.0","PROGRESS, AY",,,,," -105",",,S",,," -116","H,,S"
"AYM00089574","2006-05-16","-69.383","76.383","64.0","PROGRESS, AY",,,,,,,,," -162","H,,S"
"AYM00089574","2006-05-17","-69.383","76.383","64.0","PROGRESS, AY","    0","B,,S",,,,,,," -201","H,,S"
"AYM00089574","2006-05-18","-69.383","76.383","64.0","PROGRESS, AY",,,,," -233",",,S",,," -243","H,,S"
"AYM00089574","2006-05-19","-69.383","76.383","64.0","PROGRESS, AY",,,,,,," -264",",,S"," -257","H,,S"
"AYM00089574","2006-05-20","-69.383","76.383","64.0","PROGRESS, AY",,,,," -195",",,S"," -260",",,S"," -217","H,,S"
"AYM00089574","2006-05-22","-69.383","76.383","64.0","PROGRESS, AY",,,,,,," -245",",,S"," -204","H,,S"
"AYM00089574","2006-05-23","-69.383","76.383","64.0","PROGRESS, AY",,,,,,," -208",",,S"," -158","H,,S"
"AYM00089574","2006-05-24","-69.383","76.383","64.0","PROGRESS, AY",,,,,"  -89",",,S"," -140",",,S"," -110","H,,S"
"AYM00089574","2006-05-27","-69.383","76.383","64.0","PROGRESS, AY",,,,,,,,," -214","H,,S"
"AYM00089574","2006-05-28","-69.383","76.383","64.0","PROGRESS, AY",,,,,,," -215",",,S"," -154","H,,S"
"AYM00089574","2006-05-29","-69.383","76.383","64.0","PROGRESS, AY","   15","B,,S",,," -111",",,S",,," -122","H,,S"
"AYM00089574","2006-05-31","-69.383","76.383","64.0","PROGRESS, AY",,,,,,," -130",",,S"," -112","H,,S"
"AYM00089574","2006-06-01","-69.383","76.383","64.0","PROGRESS, AY",,,,,,,,," -113","H,,S"
"AYM00089574","2006-06-02","-69.383","76.383","64.0","PROGRESS, AY",,,,,,," -134",",,S"," -108","H,,S"
"AYM00089574","2006-06-03","-69.383","76.383","64.0","PROGRESS, AY",,,,,"  -55",",,S","  -90",",,S","  -73","H,,S"
"AYM00089574","2006-06-04","-69.383","76.383","64.0","PROGRESS, AY",,,,,,,,,"  -79","H,,S"
"AYM00089574","2006-06-05","-69.383","76.383","64.0","PROGRESS, AY",,,,,,,,," -118","H,,S"
"AYM00089574","2006-06-06","-69.383","76.383","64.0","PROGRESS, AY",,,,," -146",",,S",,," -160","H,,S"
"AYM00089574","2006-06-07","-69.383","76.383","64.0","PROGRESS, AY",,,,,,," -164",",,S"," -144","H,,S"
"AYM00089574","2006-06-08","-69.383","76.383","64.0","PROGRESS, AY","    5","B,,S",,," -106",",,S"," -127",",,S"," -113","H,,S"
"AYM00089574","2006-06-09","-69.383","76.383","64.0","PROGRESS, AY","    3","B,,S",,,,," -120",",,S"," -107","H,,S"
"AYM00089574","2006-06-10","-69.383","76.383","64.0","PROGRESS, AY","   10","B,,S",,,"  -12",",,S",,,"  -36","H,,S"
"AYM00089574","2006-06-11","-69.383","76.383","64.0","PROGRESS, AY",,,,,,,,,"  -61","H,,S"
"AYM00089574","2006-06-12","-69.383","76.383","64.0","PROGRESS, AY",,,,,,,,," -115","H,,S"
"AYM00089574","2006-06-13","-69.383","76.383","64.0","PROGRESS, AY",,,,,,,,," -169","H,,S"
"AYM00089574","2006-06-14","-69.383","76.383","64.0","PROGRESS, AY",,,,,,," -206",",,S"," -180","H,,S"
"AYM00089574","2006-06-15","-69.383","76.383","64.0","PROGRESS, AY",,,,,,," -160",",,S"," -122","H,,S"
"AYM00089574","2006-06-16","-69.383","76.383","64.0","PROGRESS, AY",,,,,,,,,"  -97","H,,S"
"AYM00089574","2006-06-17","-69.383","76.383","64.0","PROGRESS, AY",,,,,,,,," -114","H,,S"
"AYM00089574","2006-06-18","-69.383","76.383","64.0","PROGRESS, AY",,,,,,,,," -179","H,,S"
"AYM00089574","2006-06-19","-69.383","76.383","64.0","PROGRESS, AY",,,,," -185",",,S"," -201",",,S"," -193","H,,S"
"AYM00089574","2006-06-20","-69.383","76.383","64.0","PROGRESS, AY",,,,," -152",",,S"," -188",",,S"," -164","H,,S"
"AYM00089574","2006-06-21","-69.383","76.383","64.0","PROGRESS, AY",,,,,,," -162",",,S"," -152","H,,S"
"AYM00089574","2006-06-22","-69.383","76.383","64.0","PROGRESS, AY",,,,,,,,," -154","H,,S"
"AYM00089574","2006-06-23","-69.383","76.383","64.0","PROGRESS, AY",,,,,"  -97",",,S"," -144",",,S"," -118","H,,S"
"AYM00089574","2006-06-24","-69.383","76.383","64.0","PROGRESS, AY",,,,," -116",",,S",,," -127","H,,S"
"AYM00089574","2006-06-25","-69.383","76.383","64.0","PROGRESS, AY",,,,,,,,," -154","H,,S"
"AYM00089574","2006-06-26","-69.383","76.383","64.0","PROGRESS, AY",,,,," -158",",,S",,," -176","H,,S"
"AYM00089574","2006-06-27","-69.383","76.383","64.0","PROGRESS, AY",,,,," -186",",,S",,," -198","H,,S"
"AYM00089574","2006-06-28","-69.383","76.383","64.0","PROGRESS, AY",,,,,,," -220",",,S"," -203","H,,S"
"AYM00089574","2006-06-29","-69.383","76.383","64.0","PROGRESS, AY",,,,,,," -260",",,S"," -163","H,,S"
"AYM00089574","2006-06-30","-69.383","76.383","64.0","PROGRESS, AY","   46","B,,S",,," -121",",,S",,," -133","H,,S"
"AYM00089574","2006-07-05","-69.383","76.383","64.0","PROGRESS, AY",,,,,,,,," -244","H,,S"
"AYM00089574","2006-07-06","-69.383","76.383","64.0","PROGRESS, AY",,,,," -165",",,S"," -275",",,S"," -181","H,,S"
"AYM00089574","2006-07-07","-69.383","76.383","64.0","PROGRESS, AY",,,,," -172",",,S",,," -178","H,,S"
"AYM00089574","2006-07-08","-69.383","76.383","64.0","PROGRESS, AY",,,,,,," -194",",,S"," -162","H,,S"
"AYM00089574","2006-07-09","-69.383","76.383","64.0","PROGRESS, AY",,,,,"  -55",",,S"," -147",",,S","  -78","H,,S"
"AYM00089574","2006-07-10","-69.383","76.383","64.0","PROGRESS, AY",,,,,"  -67",",,S","  -82",",,S","  -75","H,,S"
"AYM00089574","2006-07-11","-69.383","76.383","64.0","PROGRESS, AY",,,,,,,,," -109","H,,S"
"AYM00089574","2006-07-12","-69.383","76.383","64.0","PROGRESS, AY",,,,,,,,," -157","H,,S"
"AYM00089574","2006-07-13","-69.383","76.383","64.0","PROGRESS, AY",,,,,,,,," -194","H,,S"
"AYM00089574","2006-07-14","-69.383","76.383","64.0","PROGRESS, AY",,,,,,,,," -209","H,,S"
"AYM00089574","2006-07-16","-69.383","76.383","64.0","PROGRESS, AY",,,,,,,,," -268","H,,S"
"AYM00089574","2006-07-17","-69.383","76.383","64.0","PROGRESS, AY",,,,,,," -269",",,S"," -150","H,,S"
"AYM00089574","2006-07-18","-69.383","76.383","64.0","PROGRESS, AY","    0","B,,S",,,"  -74",",,S"," -116",",,S","  -87","H,,S"
"AYM00089574","2006-07-19","-69.383","76.383","64.0","PROGRESS, AY",,,,,,," -109",",,S","  -80","H,,S"
"AYM00089574","2006-07-20","-69.383","76.383","64.0","PROGRESS, AY","    8","B,,S",,,,,,," -150","H,,S"
"AYM00089574","2006-07-21","-69.383","76.383","64.0","PROGRESS, AY",,,,," -173",",,S"," -195",",,S"," -184","H,,S"
"AYM00089574","2006-07-22","-69.383","76.383","64.0","PROGRESS, AY",,,,,,," -227",",,S"," -187","H,,S"
"AYM00089574","2006-07-23","-69.383","76.383","64.0","PROGRESS, AY","   20","B,,S",,," -138",",,S"," -156",",,S"," -149","H,,S"
"AYM00089574","2006-07-24","-69.383","76.383","64.0","PROGRESS, AY","    3","B,,S",,,,,,," -196","H,,S"
"AYM00089574","2006-07-25","-69.383","76.383","64.0","PROGRESS, AY",,,,,,,,," -235","H,,S"
"AYM00089574","2006-07-26","-69.383","76.383","64.0","PROGRESS, AY","    0","B,,S",,," -214",",,S"," -229",",,S"," -221","H,,S"
"AYM00089574","2006-07-27","-69.383","76.383","64.0","PROGRESS, AY",,,,," -222",",,S",,," -245","H,,S"
"AYM00089574","2006-07-28","-69.383","76.383","64.0","PROGRESS, AY",,,,,,,,," -286","H,,S"
"AYM00089574","2006-07-29","-69.383","76.383","64.0","PROGRESS, AY",,,,,,," -275",",,S"," -247","H,,S"
"AYM00089574","2006-07-31","-69.383","76.383","64.0","PROGRESS, AY","   20","B,,S",,,"  -74",",,S"," -213",",,S"," -118","H,,S"
"AYM00089574","2006-08-01","-69.383","76.383","64.0","PROGRESS, AY",,,,,,,,,"  -96","H,,S"
"AYM00089574","2006-08-02","-69.383","76.383","64.0","PROGRESS, AY",,,,,"  -33",",,S","  -95",",,S","  -48","H,,S"
"AYM00089574","2006-08-03","-69.383","76.383","64.0","PROGRESS, AY",,,,,"  -23",",,S","  -53",",,S","  -37","H,,S"
"AYM00089574","2006-08-04","-69.383","76.383","64.0","PROGRESS, AY",,,,,,,,,"  -57","H,,S"
"AYM00089574","2006-08-05","-69.383","76.383","64.0","PROGRESS, AY",,,,,,,,," -118","H,,S"
"AYM00089574","2006-08-06","-69.383","76.383","64.0","PROGRESS, AY",,,,,,," -141",",,S"," -123","H,,S"
"AYM00089574","2006-08-07","-69.383","76.383","64.0","PROGRESS, AY",,,,,,,,," -136","H,,S"
"AYM00089574","2006-08-08","-69.383","76.383","64.0","PROGRESS, AY",,,,,,,,," -164","H,,S"
"AYM00089574","2006-08-09","-69.383","76.383","64.0","PROGRESS, AY",,,,,,," -168",",,S"," -158","H,,S"
"AYM00089574","2006-08-10","-69.383","76.383","64.0","PROGRESS, AY",,,,,,,,," -164","H,,S"
"AYM00089574","2006-08-11","-69.383","76.383","64.0","PROGRESS, AY",,,,," -181",",,S",,," -191","H,,S"
"AYM00089574","2006-08-12","-69.383","76.383","64.0","PROGRESS, AY",,,,," -169",",,S"," -206",",,S"," -187","H,,S"
"AYM00089574","2006-08-13","-69.383","76.383","64.0","PROGRESS, AY",,,,,,," -209",",,S"," -188","H,,S"
"AYM00089574","2006-08-14","-69.383","76.383","64.0","PROGRESS, AY",,,,,"  -97",",,S"," -172",",,S"," -114","H,,S"
"AYM00089574","2006-08-15","-69.383","76.383","64.0","PROGRESS, AY",,,,," -111",",,S",,," -120","H,,S"
"AYM00089574","2006-08-16","-69.383","76.383","64.0","PROGRESS, AY",,,,," -125",",,S",,," -138","H,,S"
"AYM00089574","2006-08-17","-69.383","76.383","64.0","PROGRESS, AY",,,,,,," -158",",,S"," -156","H,,S"
"AYM00089574","2006-08-18","-69.383","76.383","64.0","PROGRESS, AY",,,,," -139",",,S"," -160",",,S"," -150","H,,S"
"AYM00089574","2006-08-19","-69.383","76.383","64.0","PROGRESS, AY",,,,," -151",",,S",,," -158","H,,S"
"AYM00089574","2006-08-20","-69.383","76.383","64.0","PROGRESS, AY",,,,,,,,," -184","H,,S"
"AYM00089574","2006-08-21","-69.383","76.383","64.0","PROGRESS, AY",,,,,,," -161",",,S"," -114","H,,S"
"AYM00089574","2006-08-22","-69.383","76.383","64.0","PROGRESS, AY",,,,,"  -73",",,S","  -95",",,S","  -81","H,,S"
"AYM00089574","2006-08-23","-69.383","76.383","64.0","PROGRESS, AY",,,,,,,,,"  -83","H,,S"
"AYM00089574","2006-08-24","-69.383","76.383","64.0","PROGRESS, AY",,,,,,,"  -96",",,S","  -68","H,,S"
"AYM00089574","2006-08-25","-69.383","76.383","64.0","PROGRESS, AY",,,,,"  -40",",,S",,,"  -58","H,,S"
"AYM00089574","2006-08-27","-69.383","76.383","64.0","PROGRESS, AY",,,,,"  -78",",,S",,,"  -93","H,,S"
"AYM00089574","2006-08-28","-69.383","76.383","64.0","PROGRESS, AY",,,,,,,,," -137","H,,S"
"AYM00089574","2006-08-29","-69.383","76.383","64.0","PROGRESS, AY",,,,,,,,," -179","H,,S"
"AYM00089574","2006-08-31","-69.383","76.383","64.0","PROGRESS, AY",,,,," -205",",,S",,," -217","H,,S"
"AYM00089574","2006-09-01","-69.383","76.383","64.0","PROGRESS, AY",,,,," -225",",,S",,," -234","H,,S"
"AYM00089574","2006-09-02","-69.383","76.383","64.0","PROGRESS, AY",,,,,,,,," -258","H,,S"
"AYM00089574","2006-09-03","-69.383","76.383","64.0","PROGRESS, AY",,,,," -223",",,S"," -279",",,S"," -243","H,,S"
"AYM00089574","2006-09-04","-69.383","76.383","64.0","PROGRESS, AY",,,,," -183",",,S"," -228",",,S"," -201","H,,S"
"AYM00089574","2006-09-05","-69.383","76.383","64.0","PROGRESS, AY",,,,,,,,," -205","H,,S"
"AYM00089574","2006-09-06","-69.383","76.383","64.0","PROGRESS, AY",,,,," -216",",,S",,," -229","H,,S"
"AYM00089574","2006-09-07","-69.383","76.383","64.0","PROGRESS, AY",,,,,,,,," -254","H,,S"
"AYM00089574","2006-09-08","-69.383","76.383","64.0","PROGRESS, AY",,,,,,,,," -243","H,,S"
"AYM00089574","2006-09-09","-69.383","76.383","64.0","PROGRESS, AY",,,,," -205",",,S",,," -223","H,,S"
"AYM00089574","2006-09-10","-69.383","76.383","64.0","PROGRESS, AY",,,,,,," -256",",,S"," -229","H,,S"
"AYM00089574","2006-09-11","-69.383","76.383","64.0","PROGRESS, AY",,,,,,," -193",",,S"," -131","H,,S"
"AYM00089574","2006-09-12","-69.383","76.383","64.0","PROGRESS, AY","    3","B,,S",,,,,,," -174","H,,S"
"AYM00089574","2006-09-13","-69.383","76.383","64.0","PROGRESS, AY",,,,,,," -219",",,S"," -204","H,,S"
"AYM00089574","2006-09-14","-69.383","76.383","64.0","PROGRESS, AY","   51","B,,S",,,"  -64",",,S"," -187",",,S","  -82","H,,S"
"AYM00089574","2006-09-15","-69.383","76.383","64.0","PROGRESS, AY","    0","B,,S",,,"  -59",",,S","  -73",",,S","  -65","H,,S"
"AYM00089574","2006-09-16","-69.383","76.383","64.0","PROGRESS, AY","    3","B,,S",,,"  -34",",,S","  -62",",,S","  -41","H,,S"
"AYM00089574","2006-09-17","-69.383","76.383","64.0","PROGRESS, AY",,,,,,,,,"  -58","H,,S"
"AYM00089574","2006-09-18","-69.383","76.383","64.0","PROGRESS, AY","    0","B,,S",,,,,"  -58",",,S","  -42","H,,S"
"AYM00089574","2006-09-19","-69.383","76.383","64.0","PROGRESS, AY",,,,,"  -13",",,S",,,"  -25","H,,S"
"AYM00089574","2006-09-20","-69.383","76.383","64.0","PROGRESS, AY",,,,,"  -39",",,S","  -60",",,S","  -49","H,,S"
"AYM00089574","2006-09-21","-69.383","76.383","64.0","PROGRESS, AY","    3","B,,S",,,"  -62",",,S",,,"  -81","H,,S"
"AYM00089574","2006-09-22","-69.383","76.383","64.0","PROGRESS, AY",,,,,"  -93",",,S"," -126",",,S"," -115","H,,S"
"AYM00089574","2006-09-23","-69.383","76.383","64.0","PROGRESS, AY",,,,," -120",",,S",,," -134","H,,S"
"AYM00089574","2006-09-24","-69.383","76.383","64.0","PROGRESS, AY",,,,,"  -59",",,S"," -131",",,S","  -81","H,,S"
"AYM00089574","2006-09-25","-69.383","76.383","64.0","PROGRESS, AY",,,,,"  -70",",,S","  -86",",,S","  -76","H,,S"
"AYM00089574","2006-09-26","-69.383","76.383","64.0","PROGRESS, AY",,,,,"  -66",",,S",,,"  -84","H,,S"
"AYM00089574","2006-09-28","-69.383","76.383","64.0","PROGRESS, AY",,,,," -118",",,S"," -153",",,S"," -135","H,,S"
"AYM00089574","2006-09-29","-69.383","76.383","64.0","PROGRESS, AY","   20","B,,S",,,,," -140",",,S"," -109","H,,S"
"AYM00089574","2006-09-30","-69.383","76.383","64.0","PROGRESS, AY",,,,,"  -72",",,S"," -142",",,S","  -88","H,,S"
"AYM00089574","2006-10-01","-69.383","76.383","64.0","PROGRESS, AY",,,,,"  -55",",,S"," -103",",,S","  -81","H,,S"
"AYM00089574","2006-10-02","-69.383","76.383","64.0","PROGRESS, AY",,,,,"  -68",",,S",,,"  -85","H,,S"
"AYM00089574","2006-10-03","-69.383","76.383","64.0","PROGRESS, AY",,,,,"  -98",",,S",,," -121","H,,S"
"AYM00089574","2006-10-04","-69.383","76.383","64.0","PROGRESS, AY",,,,," -124",",,S"," -159",",,S"," -148","H,,S"
"AYM00089574","2006-10-05","-69.383","76.383","64.0","PROGRESS, AY",,,,," -123",",,S"," -167",",,S"," -148","H,,S"
"AYM00089574","2006-10-06","-69.383","76.383","64.0","PROGRESS, AY",,,,," -121",",,S"," -163",",,S"," -141","H,,S"
"AYM00089574","2006-10-07","-69.383","76.383","64.0","PROGRESS, AY",,,,," -129",",,S"," -153",",,S"," -137","H,,S"
"AYM00089574","2006-10-08","-69.383","76.383","64.0","PROGRESS, AY",,,,," -102",",,S"," -146",",,S"," -124","H,,S"
"AYM00089574","2006-10-09","-69.383","76.383","64.0","PROGRESS, AY",,,,,,," -142",",,S","  -96","H,,S"
"AYM00089574","2006-10-10","-69.383","76.383","64.0","PROGRESS, AY",,,,,"  -88",",,S"," -103",",,S","  -96","H,,S"
"AYM00089574","2006-10-11","-69.383","76.383","64.0","PROGRESS, AY",,,,,"  -88",",,S",,," -108","H,,S"
"AYM00089574","2006-10-13","-69.383","76.383","64.0","PROGRESS, AY","   20","B,,S",,," -110",",,S"," -141",",,S"," -124","H,,S"
"AYM00089574","2006-10-14","-69.383","76.383","64.0","PROGRESS, AY",,,,,,,,," -188","H,,S"
"AYM00089574","2006-10-15","-69.383","76.383","64.0","PROGRESS, AY",,,,,"  -72",",,S"," -208",",,S"," -124","H,,S"
"AYM00089574","2006-10-16","-69.383","76.383","64.0","PROGRESS, AY",,,,," -121",",,S",,," -169","H,,S"
"AYM00089574","2006-10-17","-69.383","76.383","64.0","PROGRESS, AY",,,,," -198",",,S"," -247",",,S"," -218","H,,S"
"AYM00089574","2006-10-18","-69.383","76.383","64.0","PROGRESS, AY",,,,,,," -250",",,S"," -168","H,,S"
"AYM00089574","2006-10-19","-69.383","76.383","64.0","PROGRESS, AY",,,,," -106",",,S"," -146",",,S"," -118","H,,S"
"AYM00089574","2006-10-20","-69.383","76.383","64.0","PROGRESS, AY",,,,,"  -78",",,S"," -126",",,S","  -96","H,,S"
"AYM00089574","2006-10-21","-69.383","76.383","64.0","PROGRESS, AY","   10","B,,S",,,"  -69",",,S"," -127",",,S"," -106","H,,S"
"AYM00089574","2006-10-22","-69.383","76.383","64.0","PROGRESS, AY",,,,,"  -91",",,S"," -135",",,S"," -119","H,,S"
"AYM00089574","2006-10-23","-69.383","76.383","64.0","PROGRESS, AY",,,,," -125",",,S"," -138",",,S"," -132","H,,S"
"AYM00089574","2006-10-24","-69.383","76.383","64.0","PROGRESS, AY",,,,,,," -160",",,S"," -141","H,,S"
"AYM00089574","2006-10-25","-69.383","76.383","64.0","PROGRESS, AY","   10","B,,S",,,"  -55",",,S"," -126",",,S","  -72","H,,S"
"AYM00089574","2006-10-27","-69.383","76.383","64.0","PROGRESS, AY","   36","B,,S",,," -107",",,S"," -126",",,S"," -115","H,,S"
"AYM00089574","2006-10-28","-69.383","76.383","64.0","PROGRESS, AY","    0","B,,S",,,"  -87",",,S"," -115",",,S"," -102","H,,S"
"AYM00089574","2006-10-29","-69.383","76.383","64.0","PROGRESS, AY",,,,," -100",",,S"," -158",",,S"," -126","H,,S"
"AYM00089574","2006-10-30","-69.383","76.383","64.0","PROGRESS, AY",,,,," -104",",,S",,," -157","H,,S"
"AYM00089574","2006-11-01","-69.383","76.383","64.0","PROGRESS, AY",,,,,,," -144",",,S"," -124","H,,S"
"AYM00089574","2006-11-02","-69.383","76.383","64.0","PROGRESS, AY",,,,,"  -65",",,S"," -123",",,S","  -91","H,,S"
"AYM00089574","2006-11-03","-69.383","76.383","64.0","PROGRESS, AY",,,,,"  -88",",,S",,," -112","H,,S"
"AYM00089574","2006-11-04","-69.383","76.383","64.0","PROGRESS, AY",,,,,"  -91",",,S",,," -123","H,,S"
"AYM00089574","2006-11-05","-69.383","76.383","64.0","PROGRESS, AY",,,,,"  -54",",,S"," -144",",,S","  -81","H,,S"
"AYM00089574","2006-11-06","-69.383","76.383","64.0","PROGRESS, AY",,,,,,,"  -84",",,S","  -41","H,,S"
"AYM00089574","2006-11-07","-69.383","76.383","64.0","PROGRESS, AY","    0","B,,S",,,"    1",",,S","  -34",",,S","  -18","H,,S"
"AYM00089574","2006-11-09","-69.383","76.383","64.0","PROGRESS, AY",,,,,"   -9",",,S","  -45",",,S","  -33","H,,S"
"AYM00089574","2006-11-10","-69.383","76.383","64.0","PROGRESS, AY",,,,,"   -6",",,S","  -43",",,S","  -23","H,,S"
"AYM00089574","2006-11-11","-69.383","76.383","64.0","PROGRESS, AY",,,,,"  -27",",,S",,,"  -41","H,,S"
"AYM00089574","2006-11-12","-69.383","76.383","64.0","PROGRESS, AY",,,,,"  -22",",,S","  -57",",,S","  -45","H,,S"
"AYM00089574","2006-11-13","-69.383","76.383","64.0","PROGRESS, AY",,,,,"  -32",",,S","  -77",",,S","  -54","H,,S"
"AYM00089574","2006-11-14","-69.383","76.383","64.0","PROGRESS, AY","    0","B,,S",,,"    0",",,S","  -57",",,S","  -20","H,,S"
"AYM00089574","2006-11-15","-69.383","76.383","64.0","PROGRESS, AY",,,,,"   25",",,S","  -18",",,S","    2","H,,S"
"AYM00089574","2006-11-16","-69.383","76.383","64.0","PROGRESS, AY",,,,,"    8",",,S",,,"  -33","H,,S"
"AYM00089574","2006-11-17","-69.383","76.383","64.0","PROGRESS, AY",,,,,,," -103",",,S","  -77","H,,S"
"AYM00089574","2006-11-18","-69.383","76.383","64.0","PROGRESS, AY",,,,,"  -15",",,S","  -66",",,S","  -41","H,,S"
"AYM00089574","2006-11-20","-69.383","76.383","64.0","PROGRESS, AY",,,,,"   29",",,S","  -75",",,S","   -6","H,,S"
"AYM00089574","2006-11-21","-69.383","76.383","64.0","PROGRESS, AY","    0","B,,S",,,"   32",",,S","   -7",",,S","    5","H,,S"
"AYM00089574","2006-11-22","-69.383","76.383","64.0","PROGRESS, AY",,,,,"   31",",,S","  -18",",,S","    2","H,,S"
"AYM00089574","2006-11-23","-69.383","76.383","64.0","PROGRESS, AY",,,,,"   26",",,S","  -25",",,S","   -3","H,,S"
"AYM00089574","2006-11-24","-69.383","76.383","64.0","PROGRESS, AY",,,,,"    3",",,S",,,"  -18","H,,S"
"AYM00089574","2006-11-25","-69.383","76.383","64.0","PROGRESS, AY",,,,,"   -8",",,S","  -50",",,S","  -30","H,,S"
"AYM00089574","2006-11-26","-69.383","76.383","64.0","PROGRESS, AY",,,,,,,"  -52",",,S","  -19","H,,S"
"AYM00089574","2006-11-27","-69.383","76.383","64.0","PROGRESS, AY","    0","B,,S",,,"   11",",,S","  -19",",,S","    0","H,,S"
"AYM00089574","2006-11-28","-69.383","76.383","64.0","PROGRESS, AY","    0","B,,S",,,"   -9",",,S",,,"  -19","H,,S"
"AYM00089574","2006-11-30","-69.383","76.383","64.0","PROGRESS, AY",,,,,"  -16",",,S","  -60",",,S","  -43","H,,S"
"AYM00089574","2006-12-02","-69.383","76.383","64.0","PROGRESS, AY",,,,,"    6",",,S","  -42",",,S","  -16","H,,S"
"AYM00089574","2006-12-03","-69.383","76.383","64.0","PROGRESS, AY",,,,,"   39",",,S",,,"   12","H,,S"
"AYM00089574","2006-12-04","-69.383","76.383","64.0","PROGRESS, AY",,,,,"   32",",,S","    0",",,S","   20","H,,S"
"AYM00089574","2006-12-05","-69.383","76.383","64.0","PROGRESS, AY",,,,,"   39",",,S","  -23",",,S","   10","H,,S"
"AYM00089574","2006-12-07","-69.383","76.383","64.0","PROGRESS, AY",,,,,"   45",",,S","  -20",",,S","   10","H,,S"
"AYM00089574","2006-12-08","-69.383","76.383","64.0","PROGRESS, AY",,,,,"    6",",,S",,,"   -6","H,,S"
"AYM00089574","2006-12-09","-69.383","76.383","64.0","PROGRESS, AY",,,,,"   19",",,S","  -38",",,S","   -6","H,,S"
"AYM00089574","2006-12-10","-69.383","76.383","64.0","PROGRESS, AY",,,,,"   23",",,S","   -9",",,S","    4","H,,S"
"AYM00089574","2006-12-11","-69.383","76.383","64.0","PROGRESS, AY",,,,,"   23",",,S","  -23",",,S","   -5","H,,S"
"AYM00089574","2006-12-12","-69.383","76.383","64.0","PROGRESS, AY",,,,,"    5",",,S","  -29",",,S","  -16","H,,S"
"AYM00089574","2006-12-13","-69.383","76.383","64.0","PROGRESS, AY",,,,,"    5",",,S","  -41",",,S","  -18","H,,S"
"AYM00089574","2006-12-14","-69.383","76.383","64.0","PROGRESS, AY",,,,,"   32",",,S","  -28",",,S","    2","H,,S"
"AYM00089574","2006-12-15","-69.383","76.383","64.0","PROGRESS, AY",,,,,"   10",",,S",,,"  -14","H,,S"
"AYM00089574","2006-12-16","-69.383","76.383","64.0","PROGRESS, AY",,,,,"   -2",",,S","  -47",",,S","  -23","H,,S"
"AYM00089574","2006-12-17","-69.383","76.383","64.0","PROGRESS, AY",,,,,"   -2",",,S",,,"  -24","H,,S"
"AYM00089574","2006-12-18","-69.383","76.383","64.0","PROGRESS, AY",,,,,"    6",",,S","  -53",",,S","  -13","H,,S"
"AYM00089574","2006-12-19","-69.383","76.383","64.0","PROGRESS, AY",,,,,"   18",",,S","  -28",",,S","   -7","H,,S"
"AYM00089574","2006-12-20","-69.383","76.383","64.0","PROGRESS, AY",,,,,"   18",",,S","  -44",",,S","  -14","H,,S"
"AYM00089574","2006-12-21","-69.383","76.383","64.0","PROGRESS, AY","    5","B,,S",,,"    8",",,S","  -25",",,S","  -11","H,,S"
"AYM00089574","2006-12-22","-69.383","76.383","64.0","PROGRESS, AY","    0","B,,S",,,"   -5",",,S","  -25",",,S","  -17","H,,S"
"AYM00089574","2006-12-23","-69.383","76.383","64.0","PROGRESS, AY","    0","B,,S",,,"   36",",,S","  -23",",,S","    1","H,,S"
"AYM00089574","2006-12-24","-69.383","76.383","64.0","PROGRESS, AY",,,,,"   25",",,S",,,"  -11","H,,S"
"AYM00089574","2006-12-25","-69.383","76.383","64.0","PROGRESS, AY",,,,,"   10",",,S","  -48",",,S","  -11","H,,S"
"AYM00089574","2006-12-26","-69.383","76.383","64.0","PROGRESS, AY",,,,,"   30",",,S","  -24",",,S","   11","H,,S"
"AYM00089574","2006-12-27","-69.383","76.383","64.0","PROGRESS, AY",,,,,"   41",",,S","    1",",,S","   15","H,,S"
"AYM00089574","2006-12-28","-69.383","76.383","64.0","PROGRESS, AY",,,,,"   24",",,S","   -8",",,S","    7","H,,S"
"AYM00089574","2006-12-29","-69.383","76.383","64.0","PROGRESS, AY",,,,,"   19",",,S","  -21",",,S","    2","H,,S"
"AYM00089574","2006-12-31","-69.383","76.383","64.0","PROGRESS, AY",,,,,"   12",",,S","  -34",",,S","  -11","H,,S"
"AYM00089574","2007-01-01","-69.383","76.383","64.0","PROGRESS, AY",,,,,"   11",",,S","  -32",",,S","   -4","H,,S"
"AYM00089574","2007-01-02","-69.383","76.383","64.0","PROGRESS, AY",,,,,"   29",",,S","  -29",",,S","    2","H,,S"
"AYM00089574","2007-01-03","-69.383","76.383","64.0","PROGRESS, AY",,,,,"   25",",,S","    3",",,S","   12","H,,S"
"AYM00089574","2007-01-04","-69.383","76.383","64.0","PROGRESS, AY",,,,,"   39",",,S","   -4",",,S","   18","H,,S"
"AYM00089574","2007-01-05","-69.383","76.383","64.0","PROGRESS, AY",,,,,"   50",",,S","    1",",,S","   23","H,,S"
"AYM00089574","2007-01-06","-69.383","76.383","64.0","PROGRESS, AY",,,,,"   19",",,S",,,"   -3","H,,S"
"AYM00089574","2007-01-08","-69.383","76.383","64.0","PROGRESS, AY",,,,,"   27",",,S","  -26",",,S","   -1","H,,S"
"AYM00089574","2007-01-09","-69.383","76.383","64.0","PROGRESS, AY",,,,,"   27",",,S","  -20",",,S","    3","H,,S"
"AYM00089574","2007-01-10","-69.383","76.383","64.0","PROGRESS, AY",,,,,"    9",",,S","  -18",",,S","   -8","H,,S"
"AYM00089574","2007-01-11","-69.383","76.383","64.0","PROGRESS, AY",,,,,"   47",",,S","  -18",",,S","    8","H,,S"
"AYM00089574","2007-01-12","-69.383","76.383","64.0","PROGRESS, AY",,,,,"   22",",,S",,,"   -2","H,,S"
"AYM00089574","2007-01-13","-69.383","76.383","64.0","PROGRESS, AY",,,,,"   26",",,S","  -34",",,S","    9","H,,S"
"AYM00089574","2007-01-14","-69.383","76.383","64.0","PROGRESS, AY","    0","B,,S",,,"   55",",,S","   -3",",,S","   29","H,,S"
"AYM00089574","2007-01-15","-69.383","76.383","64.0","PROGRESS, AY",,,,,"   32",",,S","    6",",,S","   18","H,,S"
"AYM00089574","2007-01-16","-69.383","76.383","64.0","PROGRESS, AY",,,,,"   34",",,S",,,"   16","H,,S"
"AYM00089574","2007-01-17","-69.383","76.383","64.0","PROGRESS, AY",,,,,"   20",",,S","  -14",",,S","   -1","H,,S"
"AYM00089574","2007-01-18","-69.383","76.383","64.0","PROGRESS, AY",,,,,"   23",",,S","  -32",",,S","   -9","H,,S"
"AYM00089574","2007-01-19","-69.383","76.383","64.0","PROGRESS, AY",,,,,"   35",",,S","  -38",",,S","    3","H,,S"
"AYM00089574","2007-01-20","-69.383","76.383","64.0","PROGRESS, AY",,,,,"   36",",,S",,,"   12","H,,S"
"AYM00089574","2007-01-21","-69.383","76.383","64.0","PROGRESS, AY",,,,,"   28",",,S","  -21",",,S","    5","H,,S"
"AYM00089574","2007-01-22","-69.383","76.383","64.0","PROGRESS, AY",,,,,"   54",",,S","   -9",",,S","   25","H,,S"
"AYM00089574","2007-01-23","-69.383","76.383","64.0","PROGRESS, AY",,,,,"   61",",,S","   10",",,S","   31","H,,S"
"AYM00089574","2007-01-24","-69.383","76.383","64.0","PROGRESS, AY",,,,,"    1",",,S","  -17",",,S","   -8","H,,S"
"AYM00089574","2007-01-25","-69.383","76.383","64.0","PROGRESS, AY",,,,,"   34",",,S","  -24",",,S","   18","H,,S"
"AYM00089574","2007-01-27","-69.383","76.383","64.0","PROGRESS, AY",,,,,"   28",",,S",,,"   19","H,,S"
"AYM00089574","2007-01-28","-69.383","76.383","64.0","PROGRESS, AY",,,,,"   35",",,S",,,"   12","H,,S"
"AYM00089574","2007-01-29","-69.383","76.383","64.0","PROGRESS, AY",,,,,"   18",",,S","  -26",",,S","    0","H,,S"
"AYM00089574","2007-01-30","-69.383","76.383","64.0","PROGRESS, AY",,,,,"   40",",,S","   -3",",,S","   13","H,,S"
"AYM00089574","2007-01-31","-69.383","76.383","64.0","PROGRESS, AY",,,,,"   46",",,S","  -11",",,S","   13","H,,S"
"AYM00089574","2007-02-01","-69.383","76.383","64.0","PROGRESS, AY",,,,,"   38",",,S","  -16",",,S","    9","H,,S"
"AYM00089574","2007-02-02","-69.383","76.383","64.0","PROGRESS, AY",,,,,"   29",",,S","   -9",",,S","   10","H,,S"
"AYM00089574","2007-02-03","-69.383","76.383","64.0","PROGRESS, AY",,,,,"   39",",,S","  -12",",,S","   10","H,,S"
"AYM00089574","2007-02-04","-69.383","76.383","64.0","PROGRESS, AY",,,,,"   20",",,S",,,"    5","H,,S"
"AYM00089574","2007-02-05","-69.383","76.383","64.0","PROGRESS, AY",,,,,"    5",",,S",,,"   -9","H,,S"
"AYM00089574","2007-02-06","-69.383","76.383","64.0","PROGRESS, AY",,,,,"  -16",",,S",,,"  -32","H,,S"
"AYM00089574","2007-02-07","-69.383","76.383","64.0","PROGRESS, AY",,,,,"   -5",",,S","  -53",",,S","  -35","H,,S"
"AYM00089574","2007-02-08","-69.383","76.383","64.0","PROGRESS, AY",,,,,"   -9",",,S","  -46",",,S","  -19","H,,S"
"AYM00089574","2007-02-09","-69.383","76.383","64.0","PROGRESS, AY",,,,,,,,,"  -21","H,,S"
"AYM00089574","2007-02-10","-69.383","76.383","64.0","PROGRESS, AY",,,,,"  -10",",,S","  -59",",,S","  -29","H,,S"
"AYM00089574","2007-02-11","-69.383","76.383","64.0","PROGRESS, AY",,,,,"   28",",,S","  -33",",,S","    1","H,,S"
"AYM00089574","2007-02-12","-69.383","76.383","64.0","PROGRESS, AY",,,,,"   24",",,S","   -5",",,S","    5","H,,S"
"AYM00089574","2007-02-13","-69.383","76.383","64.0","PROGRESS, AY",,,,,"   17",",,S","  -23",",,S","   -8","H,,S"
"AYM00089574","2007-02-14","-69.383","76.383","64.0","PROGRESS, AY",,,,,"   21",",,S","  -27",",,S","    3","H,,S"
"AYM00089574","2007-02-15","-69.383","76.383","64.0","PROGRESS, AY",,,,,"   33",",,S",,,"    7","H,,S"
"AYM00089574","2007-02-16","-69.383","76.383","64.0","PROGRESS, AY",,,,,"  -14",",,S",,,"  -37","H,,S"
"AYM00089574","2007-02-17","-69.383","76.383","64.0","PROGRESS, AY",,,,,"    2",",,S","  -63",",,S","  -31","H,,S"
"AYM00089574","2007-02-18","-69.383","76.383","64.0","PROGRESS, AY","   51","B,,S",,,"  -12",",,S","  -44",",,S","  -21","H,,S"
"AYM00089574","2007-02-19","-69.383","76.383","64.0","PROGRESS, AY",,,,,"  -23",",,S",,,"  -50","H,,S"
"AYM00089574","2007-02-20","-69.383","76.383","64.0","PROGRESS, AY",,,,,"  -58",",,S","  -90",",,S","  -74","H,,S"
"AYM00089574","2007-02-21","-69.383","76.383","64.0","PROGRESS, AY",,,,,"  -34",",,S","  -79",",,S","  -44","H,,S"
"AYM00089574","2007-02-22","-69.383","76.383","64.0","PROGRESS, AY",,,,,"   -8",",,S","  -60",",,S","  -23","H,,S"
"AYM00089574","2007-02-23","-69.383","76.383","64.0","PROGRESS, AY",,,,,"  -31",",,S","  -42",",,S","  -38","H,,S"
"AYM00089574","2007-02-24","-69.383","76.383","64.0","PROGRESS, AY",,,,,"  -32",",,S","  -59",",,S","  -44","H,,S"
"AYM00089574","2007-02-25","-69.383","76.383","64.0","PROGRESS, AY",,,,,"  -34",",,S","  -55",",,S","  -44","H,,S"
"AYM00089574","2007-02-26","-69.383","76.383","64.0","PROGRESS, AY","   61","B,,S",,,,,"  -52",",,S","  -46","H,,S"
"AYM00089574","2007-03-01","-69.383","76.383","64.0","PROGRESS, AY",,,,,"   -7",",,S","  -36",",,S","  -23","H,,S"
"AYM00089574","2007-03-03","-69.383","76.383","64.0","PROGRESS, AY",,,,,"  -41",",,S","  -87",",,S","  -67","H,,S"
"AYM00089574","2007-03-04","-69.383","76.383","64.0","PROGRESS, AY",,,,,"  -52",",,S","  -99",",,S","  -72","H,,S"
"AYM00089574","2007-03-05","-69.383","76.383","64.0","PROGRESS, AY","   51","B,,S",,,"  -39",",,S","  -74",",,S","  -53","H,,S"
"AYM00089574","2007-03-06","-69.383","76.383","64.0","PROGRESS, AY","  104","B,,S",,,"  -26",",,S","  -51",",,S","  -35","H,,S"
"AYM00089574","2007-03-07","-69.383","76.383","64.0","PROGRESS, AY",,,,,"  -22",",,S","  -37",",,S","  -30","H,,S"
"AYM00089574","2007-03-09","-69.383","76.383","64.0","PROGRESS, AY",,,,,"  -43",",,S","  -81",",,S","  -66","H,,S"
"AYM00089574","2007-03-10","-69.383","76.383","64.0","PROGRESS, AY",,,,,"  -28",",,S","  -81",",,S","  -48","H,,S"
"AYM00089574","2007-03-11","-69.383","76.383","64.0","PROGRESS, AY",,,,,"  -33",",,S","  -64",",,S","  -47","H,,S"
"AYM00089574","2007-03-12","-69.383","76.383","64.0","PROGRESS, AY",,,,,"  -40",",,S","  -60",",,S","  -52","H,,S"
"AYM00089574","2007-03-13","-69.383","76.383","64.0","PROGRESS, AY",,,,,"  -30",",,S","  -52",",,S","  -42","H,,S"
"AYM00089574","2007-03-14","-69.383","76.383","64.0","PROGRESS, AY",,,,,,,,,"  -59","H,,S"
"AYM00089574","2007-03-17","-69.383","76.383","64.0","PROGRESS, AY",,,,,"  -46",",,S","  -85",",,S","  -55","H,,S"
"AYM00089574","2007-03-20","-69.383","76.383","64.0","PROGRESS, AY",,,,,"  -61",",,S",,,"  -73","H,,S"
"AYM00089574","2007-03-21","-69.383","76.383","64.0","PROGRESS, AY","    0","B,,S",,,"  -64",",,S","  -91",",,S","  -81","H,,S"
"AYM00089574","2007-03-24","-69.383","76.383","64.0","PROGRESS, AY",,,,,,,,," -140","H,,S"
"AYM00089574","2007-03-25","-69.383","76.383","64.0","PROGRESS, AY","    5","B,,S",,," -116",",,S"," -189",",,S"," -148","H,,S"
"AYM00089574","2007-03-26","-69.383","76.383","64.0","PROGRESS, AY","    3","B,,S",,," -147",",,S",,," -163","H,,S"
"AYM00089574","2007-03-27","-69.383","76.383","64.0","PROGRESS, AY",,,,," -164",",,S"," -201",",,S"," -182","H,,S"
"AYM00089574","2007-03-28","-69.383","76.383","64.0","PROGRESS, AY",,,,,,," -195",",,S"," -168","H,,S"
"AYM00089574","2007-03-29","-69.383","76.383","64.0","PROGRESS, AY",,,,,"  -78",",,S"," -156",",,S"," -101","H,,S"
"AYM00089574","2007-03-31","-69.383","76.383","64.0","PROGRESS, AY",,,,,,,"  -71",",,S","  -47","H,,S"
"AYM00089574","2007-04-01","-69.383","76.383","64.0","PROGRESS, AY",,,,,"   -4",",,S","  -37",",,S","  -18","H,,S"
"AYM00089574","2007-04-02","-69.383","76.383","64.0","PROGRESS, AY","    8","B,,S",,,"    0",",,S","  -30",",,S","  -14","H,,S"
"AYM00089574","2007-04-03","-69.383","76.383","64.0","PROGRESS, AY",,,,,,,,,"  -38","H,,S"
"AYM00089574","2007-04-04","-69.383","76.383","64.0","PROGRESS, AY",,,,,"  -49",",,S",,,"  -63","H,,S"
"AYM00089574","2007-04-05","-69.383","76.383","64.0","PROGRESS, AY",,,,,"  -62",",,S","  -84",",,S","  -77","H,,S"
"AYM00089574","2007-04-06","-69.383","76.383","64.0","PROGRESS, AY",,,,,"  -85",",,S",,,"  -98","H,,S"
"AYM00089574","2007-04-07","-69.383","76.383","64.0","PROGRESS, AY",,,,,"  -91",",,S",,," -109","H,,S"
"AYM00089574","2007-04-08","-69.383","76.383","64.0","PROGRESS, AY",,,,," -125",",,S",,," -141","H,,S"
"AYM00089574","2007-04-09","-69.383","76.383","64.0","PROGRESS, AY",,,,,,," -173",",,S"," -151","H,,S"
"AYM00089574","2007-04-11","-69.383","76.383","64.0","PROGRESS, AY",,,,,,," -171",",,S"," -156","H,,S"
"AYM00089574","2007-04-12","-69.383","76.383","64.0","PROGRESS, AY",,,,,,," -166",",,S"," -148","H,,S"
"AYM00089574","2007-04-13","-69.383","76.383","64.0","PROGRESS, AY",,,,,,," -135",",,S"," -126","H,,S"
"AYM00089574","2007-04-14","-69.383","76.383","64.0","PROGRESS, AY","    8","B,,S",,," -102",",,S",,," -119","H,,S"
"AYM00089574","2007-04-15","-69.383","76.383","64.0","PROGRESS, AY",,,,," -153",",,S",,," -163","H,,S"
"AYM00089574","2007-04-16","-69.383","76.383","64.0","PROGRESS, AY",,,,," -132",",,S"," -188",",,S"," -152","H,,S"
"AYM00089574","2007-04-17","-69.383","76.383","64.0","PROGRESS, AY",,,,,,," -174",",,S"," -161","H,,S"
"AYM00089574","2007-04-18","-69.383","76.383","64.0","PROGRESS, AY",,,,,"  -28",",,S"," -148",",,S"," -107","H,,S"
"AYM00089574","2007-04-19","-69.383","76.383","64.0","PROGRESS, AY",,,,,,," -121",",,S"," -111","H,,S"
"AYM00089574","2007-04-20","-69.383","76.383","64.0","PROGRESS, AY",,,,," -125",",,S"," -137",",,S"," -132","H,,S"
"AYM00089574","2007-04-21","-69.383","76.383","64.0","PROGRESS, AY",,,,,"  -40",",,S"," -142",",,S","  -75","H,,S"
"AYM00089574","2007-04-22","-69.383","76.383","64.0","PROGRESS, AY",,,,,"  -75",",,S","  -99",",,S","  -84","H,,S"
"AYM00089574","2007-04-23","-69.383","76.383","64.0","PROGRESS, AY","    5","B,,S",,,"  -50",",,S","  -85",",,S","  -64","H,,S"
"AYM00089574","2007-04-24","-69.383","76.383","64.0","PROGRESS, AY","    8","B,,S",,,"  -26",",,S","  -67",",,S","  -44","H,,S"
"AYM00089574","2007-04-25","-69.383","76.383","64.0","PROGRESS, AY",,,,,"  -38",",,S",,,"  -52","H,,S"
"AYM00089574","2007-04-26","-69.383","76.383","64.0","PROGRESS, AY",,,,,"  -50",",,S","  -74",",,S","  -60","H,,S"
"AYM00089574","2007-04-27","-69.383","76.383","64.0","PROGRESS, AY",,,,,,,"  -52",",,S","  -27","H,,S"
"AYM00089574","2007-04-28","-69.383","76.383","64.0","PROGRESS, AY",,,,,,,,,"  -76","H,,S"
"AYM00089574","2007-04-29","-69.383","76.383","64.0","PROGRESS, AY",,,,,"  -62",",,S"," -120",",,S","  -69","H,,S"
"AYM00089574","2007-04-30","-69.383","76.383","64.0","PROGRESS, AY",,,,,,,"  -68",",,S","  -22","H,,S"
"AYM00089574","2007-05-01","-69.383","76.383","64.0","PROGRESS, AY","    0","B,,S",,,,,,,"    1","H,,S"
"AYM00089574","2007-05-02","-69.383","76.383","64.0","PROGRESS, AY","    0","B,,S",,,"   16",",,S","    0",",,S","    7","H,,S"
"AYM00089574","2007-05-03","-69.383","76.383","64.0","PROGRESS, AY",,,,,,,,,"  -39","H,,S"
"AYM00089574","2007-05-04","-69.383","76.383","64.0","PROGRESS, AY",,,,,,,,," -101","H,,S"
"AYM00089574","2007-05-05","-69.383","76.383","64.0","PROGRESS, AY",,,,,,,,," -144","H,,S"
"AYM00089574","2007-05-06","-69.383","76.383","64.0","PROGRESS, AY",,,,," -105",",,S"," -157",",,S"," -122","H,,S"
"AYM00089574","2007-05-07","-69.383","76.383","64.0","PROGRESS, AY","    3","B,,S",,,"  -34",",,S"," -113",",,S","  -47","H,,S"
"AYM00089574","2007-05-08","-69.383","76.383","64.0","PROGRESS, AY",,,,,,,,,"  -52","H,,S"
"AYM00089574","2007-05-09","-69.383","76.383","64.0","PROGRESS, AY","    0","B,,S",,,"  -43",",,S",,,"  -51","H,,S"
"AYM00089574","2007-05-10","-69.383","76.383","64.0","PROGRESS, AY",,,,,"  -45",",,S",,,"  -52","H,,S"
"AYM00089574","2007-05-11","-69.383","76.383","64.0","PROGRESS, AY",,,,,,,,,"  -88","H,,S"
"AYM00089574","2007-05-12","-69.383","76.383","64.0","PROGRESS, AY",,,,,,,,," -123","H,,S"
"AYM00089574","2007-05-13","-69.383","76.383","64.0","PROGRESS, AY",,,,,"  -72",",,S"," -114",",,S","  -84","H,,S"
"AYM00089574","2007-05-14","-69.383","76.383","64.0","PROGRESS, AY",,,,,,,"  -79",",,S","  -57","H,,S"
"AYM00089574","2007-05-15","-69.383","76.383","64.0","PROGRESS, AY","   10","B,,S",,,"   -8",",,S","  -49",",,S","  -26","H,,S"
"AYM00089574","2007-05-16","-69.383","76.383","64.0","PROGRESS, AY",,,,,,,,,"  -28","H,,S"
"AYM00089574","2007-05-17","-69.383","76.383","64.0","PROGRESS, AY",,,,,,,,,"  -84","H,,S"
"AYM00089574","2007-05-18","-69.383","76.383","64.0","PROGRESS, AY",,,,," -102",",,S"," -114",",,S"," -108","H,,S"
"AYM00089574","2007-05-19","-69.383","76.383","64.0","PROGRESS, AY",,,,,"  -55",",,S"," -109",",,S","  -64","H,,S"
"AYM00089574","2007-05-20","-69.383","76.383","64.0","PROGRESS, AY","    0","B,,S",,,,,,,"  -86","H,,S"
"AYM00089574","2007-05-21","-69.383","76.383","64.0","PROGRESS, AY",,,,,,,,," -146","H,,S"
"AYM00089574","2007-05-22","-69.383","76.383","64.0","PROGRESS, AY",,,,,,,,," -170","H,,S"
"AYM00089574","2007-05-23","-69.383","76.383","64.0","PROGRESS, AY",,,,," -133",",,S"," -198",",,S"," -171","H,,S"
"AYM00089574","2007-05-24","-69.383","76.383","64.0","PROGRESS, AY",,,,," -117",",,S"," -187",",,S"," -154","H,,S"
"AYM00089574","2007-05-25","-69.383","76.383","64.0","PROGRESS, AY",,,,," -148",",,S",,," -171","H,,S"
"AYM00089574","2007-05-26","-69.383","76.383","64.0","PROGRESS, AY","    0","B,,S",,,,," -197",",,S"," -141","H,,S"
"AYM00089574","2007-05-27","-69.383","76.383","64.0","PROGRESS, AY","   25","B,,S",,,"  -84",",,S",,,"  -96","H,,S"
"AYM00089574","2007-05-28","-69.383","76.383","64.0","PROGRESS, AY",,,,,,,,," -162","H,,S"
"AYM00089574","2007-05-29","-69.383","76.383","64.0","PROGRESS, AY",,,,,,," -191",",,S"," -142","H,,S"
"AYM00089574","2007-05-30","-69.383","76.383","64.0","PROGRESS, AY",,,,,"  -34",",,S","  -80",",,S","  -56","H,,S"
"AYM00089574","2007-05-31","-69.383","76.383","64.0","PROGRESS, AY",,,,,,,,,"  -61","H,,S"
"AYM00089574","2007-06-01","-69.383","76.383","64.0","PROGRESS, AY",,,,,"  -80",",,S",,,"  -91","H,,S"
"AYM00089574","2007-06-02","-69.383","76.383","64.0","PROGRESS, AY",,,,,,,,," -139","H,,S"
"AYM00089574","2007-06-03","-69.383","76.383","64.0","PROGRESS, AY",,,,," -159",",,S"," -178",",,S"," -167","H,,S"
"AYM00089574","2007-06-04","-69.383","76.383","64.0","PROGRESS, AY",,,,,,,,," -149","H,,S"
"AYM00089574","2007-06-05","-69.383","76.383","64.0","PROGRESS, AY","    0","B,,S",,,"  -65",",,S"," -108",",,S","  -87","H,,S"
"AYM00089574","2007-06-06","-69.383","76.383","64.0","PROGRESS, AY",,,,,,,,," -106","H,,S"
"AYM00089574","2007-06-07","-69.383","76.383","64.0","PROGRESS, AY",,,,,,,,," -146","H,,S"
"AYM00089574","2007-06-08","-69.383","76.383","64.0","PROGRESS, AY",,,,,,," -175",",,S","  -96","H,,S"
"AYM00089574","2007-06-09","-69.383","76.383","64.0","PROGRESS, AY",,,,,"   -9",",,S","  -78",",,S","  -38","H,,S"
"AYM00089574","2007-06-10","-69.383","76.383","64.0","PROGRESS, AY","    5","B,,S",,,"  -12",",,S","  -48",",I,S","  -36","H,,S"
"AYM00089574","2007-06-11","-69.383","76.383","64.0","PROGRESS, AY",,,,,"  -62",",I,S",,,"  -76","H,,S"
"AYM00089574","2007-06-12","-69.383","76.383","64.0","PROGRESS, AY",,,,," -106",",,S"," -117",",,S"," -114","H,,S"
"AYM00089574","2007-06-13","-69.383","76.383","64.0","PROGRESS, AY",,,,,"  -98",",,S"," -126",",,S"," -107","H,,S"
"AYM00089574","2007-06-14","-69.383","76.383","64.0","PROGRESS, AY",,,,,,,,," -126","H,,S"
"AYM00089574","2007-06-15","-69.383","76.383","64.0","PROGRESS, AY",,,,," -137",",,S",,," -148","H,,S"
"AYM00089574","2007-06-16","-69.383","76.383","64.0","PROGRESS, AY",,,,,,," -165",",,S"," -144","H,,S"
"AYM00089574","2007-06-17","-69.383","76.383","64.0","PROGRESS, AY",,,,,,," -121",",,S","  -66","H,,S"
"AYM00089574","2007-06-19","-69.383","76.383","64.0","PROGRESS, AY","    0","B,,S",,,,,,,"  -80","H,,S"
"AYM00089574","2007-06-20","-69.383","76.383","64.0","PROGRESS, AY",,,,,,,,," -121","H,,S"
"AYM00089574","2007-06-21","-69.383","76.383","64.0","PROGRESS, AY",,,,,"  -92",",,S"," -134",",,S"," -109","H,,S"
"AYM00089574","2007-06-22","-69.383","76.383","64.0","PROGRESS, AY",,,,," -107",",,S",,," -126","H,,S"
"AYM00089574","2007-06-23","-69.383","76.383","64.0","PROGRESS, AY",,,,,,,,," -140","H,,S"
"AYM00089574","2007-06-24","-69.383","76.383","64.0","PROGRESS, AY",,,,,,,,," -178","H,,S"
"AYM00089574","2007-06-25","-69.383","76.383","64.0","PROGRESS, AY",,,,,,,,," -200","H,,S"
"AYM00089574","2007-06-26","-69.383","76.383","64.0","PROGRESS, AY",,,,,,," -223",",,S"," -176","H,,S"
"AYM00089574","2007-06-27","-69.383","76.383","64.0","PROGRESS, AY",,,,,,," -172",",,S"," -133","H,,S"
"AYM00089574","2007-06-28","-69.383","76.383","64.0","PROGRESS, AY",,,,," -117",",,S",,," -119","H,,S"
"AYM00089574","2007-06-29","-69.383","76.383","64.0","PROGRESS, AY",,,,," -151",",,S",,," -160","H,,S"
"AYM00089574","2007-06-30","-69.383","76.383","64.0","PROGRESS, AY",,,,,,," -176",",,S"," -144","H,,S"
"AYM00089574","2007-07-01","-69.383","76.383","64.0","PROGRESS, AY",,,,,,,,," -151","H,,S"
"AYM00089574","2007-07-02","-69.383","76.383","64.0","PROGRESS, AY",,,,,,,,," -183","H,,S"
"AYM00089574","2007-07-03","-69.383","76.383","64.0","PROGRESS, AY",,,,,,," -197",",,S"," -121","H,,S"
"AYM00089574","2007-07-04","-69.383","76.383","64.0","PROGRESS, AY","    0","B,,S",,,,,"  -46",",,S","  -28","H,,S"
"AYM00089574","2007-07-05","-69.383","76.383","64.0","PROGRESS, AY",,,,,,,,,"  -24","H,,S"
"AYM00089574","2007-07-06","-69.383","76.383","64.0","PROGRESS, AY",,,,,,,,,"  -77","H,,S"
"AYM00089574","2007-07-07","-69.383","76.383","64.0","PROGRESS, AY",,,,,"  -97",",,S"," -119",",,S"," -106","H,,S"
"AYM00089574","2007-07-08","-69.383","76.383","64.0","PROGRESS, AY",,,,,,," -130",",,S"," -115","H,,S"
"AYM00089574","2007-07-09","-69.383","76.383","64.0","PROGRESS, AY",,,,,"  -58",",,S"," -106",",,S","  -77","H,,S"
"AYM00089574","2007-07-10","-69.383","76.383","64.0","PROGRESS, AY",,,,,,,,," -105","H,,S"
"AYM00089574","2007-07-11","-69.383","76.383","64.0","PROGRESS, AY",,,,," -105",",,S",,," -112","H,,S"
"AYM00089574","2007-07-12","-69.383","76.383","64.0","PROGRESS, AY",,,,," -103",",,S"," -133",",,S"," -118","H,,S"
"AYM00089574","2007-07-13","-69.383","76.383","64.0","PROGRESS, AY",,,,,,,,," -113","H,,S"
"AYM00089574","2007-07-14","-69.383","76.383","64.0","PROGRESS, AY",,,,,,,,," -142","H,,S"
"AYM00089574","2007-07-15","-69.383","76.383","64.0","PROGRESS, AY",,,,,,," -161",",,S"," -152","H,,S"
"AYM00089574","2007-07-16","-69.383","76.383","64.0","PROGRESS, AY",,,,," -132",",,S",,," -145","H,,S"
"AYM00089574","2007-07-17","-69.383","76.383","64.0","PROGRESS, AY",,,,,,," -170",",,S"," -150","H,,S"
"AYM00089574","2007-07-18","-69.383","76.383","64.0","PROGRESS, AY",,,,,,," -133",",,S"," -109","H,,S"
"AYM00089574","2007-07-19","-69.383","76.383","64.0","PROGRESS, AY",,,,,,," -110",",,S","  -93","H,,S"
"AYM00089574","2007-07-20","-69.383","76.383","64.0","PROGRESS, AY",,,,,,,"  -85",",,S","  -63","H,,S"
"AYM00089574","2007-07-22","-69.383","76.383","64.0","PROGRESS, AY",,,,,"  -60",",,S",,,"  -74","H,,S"
"AYM00089574","2007-07-23","-69.383","76.383","64.0","PROGRESS, AY",,,,,"  -46",",,S","  -96",",,S","  -63","H,,S"
"AYM00089574","2007-07-24","-69.383","76.383","64.0","PROGRESS, AY","    0","B,,S",,,"  -47",",,S",,,"  -61","H,,S"
"AYM00089574","2007-07-25","-69.383","76.383","64.0","PROGRESS, AY",,,,,,,,,"  -86","H,,S"
"AYM00089574","2007-07-26","-69.383","76.383","64.0","PROGRESS, AY",,,,," -111",",,S",,," -120","H,,S"
"AYM00089574","2007-07-27","-69.383","76.383","64.0","PROGRESS, AY",,,,," -131",",,S",,," -141","H,,S"
"AYM00089574","2007-07-28","-69.383","76.383","64.0","PROGRESS, AY",,,,," -143",",,S",,," -152","H,,S"
"AYM00089574","2007-07-29","-69.383","76.383","64.0","PROGRESS, AY",,,,,,,,," -161","H,,S"
"AYM00089574","2007-07-30","-69.383","76.383","64.0","PROGRESS, AY",,,,," -118",",,S"," -164",",,S"," -129","H,,S"
"AYM00089574","2007-07-31","-69.383","76.383","64.0","PROGRESS, AY",,,,,,," -135",",,S"," -122","H,,S"
"AYM00089574","2007-08-01","-69.383","76.383","64.0","PROGRESS, AY",,,,,"  -92",",,S",,," -115","H,,S"
"AYM00089574","2007-08-02","-69.383","76.383","64.0","PROGRESS, AY",,,,," -157",",,S"," -181",",,S"," -171","H,,S"
"AYM00089574","2007-08-03","-69.383","76.383","64.0","PROGRESS, AY",,,,,,," -183",",,S"," -112","H,,S"
"AYM00089574","2007-08-04","-69.383","76.383","64.0","PROGRESS, AY",,,,,,,"  -77",",,S","  -35","H,,S"
"AYM00089574","2007-08-05","-69.383","76.383","64.0","PROGRESS, AY","   15","B,,S",,,"   -6",",,S","  -19",",,S","  -17","H,,S"
"AYM00089574","2007-08-06","-69.383","76.383","64.0","PROGRESS, AY","   13","B,,S",,,"   -6",",,S",,,"  -28","H,,S"
"AYM00089574","2007-08-07","-69.383","76.383","64.0","PROGRESS, AY","   41","B,,S",,,,,,,"  -57","H,,S"
"AYM00089574","2007-08-08","-69.383","76.383","64.0","PROGRESS, AY","   10","B,,S",,,,,,,"  -79","H,,S"
"AYM00089574","2007-08-09","-69.383","76.383","64.0","PROGRESS, AY",,,,,"  -55",",,S","  -99",",,S","  -69","H,,S"
"AYM00089574","2007-08-10","-69.383","76.383","64.0","PROGRESS, AY","    5","B,,S",,,"  -42",",,S","  -61",",,S","  -53","H,,S"
"AYM00089574","2007-08-11","-69.383","76.383","64.0","PROGRESS, AY",,,,,,,,," -106","H,,S"
"AYM00089574","2007-08-12","-69.383","76.383","64.0","PROGRESS, AY",,,,," -106",",,S",,," -127","H,,S"
"AYM00089574","2007-08-13","-69.383","76.383","64.0","PROGRESS, AY",,,,,,,,," -173","H,,S"
"AYM00089574","2007-08-14","-69.383","76.383","64.0","PROGRESS, AY","    0","B,,S",,," -173",",,S",,," -188","H,,S"
"AYM00089574","2007-08-15","-69.383","76.383","64.0","PROGRESS, AY",,,,,,," -216",",,S"," -187","H,,S"
"AYM00089574","2007-08-16","-69.383","76.383","64.0","PROGRESS, AY",,,,,"  -80",",,S"," -157",",,S","  -98","H,,S"
"AYM00089574","2007-08-17","-69.383","76.383","64.0","PROGRESS, AY",,,,,,,,," -128","H,,S"
"AYM00089574","2007-08-18","-69.383","76.383","64.0","PROGRESS, AY",,,,," -162",",,S",,," -184","H,,S"
"AYM00089574","2007-08-19","-69.383","76.383","64.0","PROGRESS, AY",,,,,,,,," -208","H,,S"
"AYM00089574","2007-08-20","-69.383","76.383","64.0","PROGRESS, AY",,,,,,," -229",",,S"," -176","H,,S"
"AYM00089574","2007-08-21","-69.383","76.383","64.0","PROGRESS, AY",,,,," -156",",,S",,," -164","H,,S"
"AYM00089574","2007-08-22","-69.383","76.383","64.0","PROGRESS, AY","    0","B,,S",,," -131",",,S"," -193",",,S"," -151","H,,S"
"AYM00089574","2007-08-23","-69.383","76.383","64.0","PROGRESS, AY",,,,," -132",",,S"," -150",",,S"," -145","H,,S"
"AYM00089574","2007-08-24","-69.383","76.383","64.0","PROGRESS, AY",,,,,"  -87",",,S"," -155",",,S"," -113","H,,S"
"AYM00089574","2007-08-25","-69.383","76.383","64.0","PROGRESS, AY",,,,,,," -144",",,S"," -126","H,,S"
"AYM00089574","2007-08-26","-69.383","76.383","64.0","PROGRESS, AY","    0","B,,S",,,"  -99",",,S",,," -106","H,,S"
"AYM00089574","2007-08-27","-69.383","76.383","64.0","PROGRESS, AY",,,,,"  -98",",,S",,," -123","H,,S"
"AYM00089574","2007-08-30","-69.383","76.383","64.0","PROGRESS, AY",,,,," -149",",,S",,," -193","H,,S"
"AYM00089574","2007-08-31","-69.383","76.383","64.0","PROGRESS, AY",,,,," -176",",,S"," -247",",,S"," -201","H,,S"
"AYM00089574","2007-09-01","-69.383","76.383","64.0","PROGRESS, AY",,,,,,," -221",",,S"," -197","H,,S"
"AYM00089574","2007-09-02","-69.383","76.383","64.0","PROGRESS, AY",,,,," -149",",,S"," -193",",,S"," -179","H,,S"
"AYM00089574","2007-09-03","-69.383","76.383","64.0","PROGRESS, AY",,,,,,,,," -188","H,,S"
"AYM00089574","2007-09-04","-69.383","76.383","64.0","PROGRESS, AY",,,,,,," -171",",,S"," -154","H,,S"
"AYM00089574","2007-09-05","-69.383","76.383","64.0","PROGRESS, AY",,,,,,,,," -207","H,,S"
"AYM00089574","2007-09-06","-69.383","76.383","64.0","PROGRESS, AY","   20","B,,S",,,"  -91",",,S"," -203",",,S"," -109","H,,S"
"AYM00089574","2007-09-07","-69.383","76.383","64.0","PROGRESS, AY",,,,,"  -60",",,S",,,"  -80","H,,S"
"AYM00089574","2007-09-08","-69.383","76.383","64.0","PROGRESS, AY","   28","B,,S",,,,," -119",",,S","  -82","H,,S"
"AYM00089574","2007-09-09","-69.383","76.383","64.0","PROGRESS, AY","   61","B,,S",,,,,,,"  -85","H,,S"
"AYM00089574","2007-09-10","-69.383","76.383","64.0","PROGRESS, AY",,,,,"  -81",",,S"," -133",",,S","  -97","H,,S"
"AYM00089574","2007-09-11","-69.383","76.383","64.0","PROGRESS, AY",,,,," -114",",,S",,," -146","H,,S"
"AYM00089574","2007-09-12","-69.383","76.383","64.0","PROGRESS, AY",,,,,,," -192",",,S"," -159","H,,S"
"AYM00089574","2007-09-13","-69.383","76.383","64.0","PROGRESS, AY",,,,,,," -167",",,S"," -134","H,,S"
"AYM00089574","2007-09-14","-69.383","76.383","64.0","PROGRESS, AY","    0","B,,S",,,"  -63",",,S",,,"  -77","H,,S"
"AYM00089574","2007-09-15","-69.383","76.383","64.0","PROGRESS, AY",,,,,"  -77",",,S",,,"  -99","H,,S"
"AYM00089574","2007-09-16","-69.383","76.383","64.0","PROGRESS, AY",,,,,"  -93",",,S",,," -127","H,,S"
"AYM00089574","2007-09-17","-69.383","76.383","64.0","PROGRESS, AY",,,,,"  -84",",,S"," -141",",,S"," -113","H,,S"
"AYM00089574","2007-09-19","-69.383","76.383","64.0","PROGRESS, AY",,,,," -144",",,S",,," -167","H,,S"
"AYM00089574","2007-09-20","-69.383","76.383","64.0","PROGRESS, AY",,,,," -201",",,S",,," -217","H,,S"
"AYM00089574","2007-09-21","-69.383","76.383","64.0","PROGRESS, AY",,,,," -200",",,S"," -241",",,S"," -216","H,,S"
"AYM00089574","2007-09-22","-69.383","76.383","64.0","PROGRESS, AY",,,,,,," -249",",,S"," -212","H,,S"
"AYM00089574","2007-09-23","-69.383","76.383","64.0","PROGRESS, AY","    0","B,,S",,,,," -169",",,S"," -126","H,,S"
"AYM00089574","2007-09-24","-69.383","76.383","64.0","PROGRESS, AY","    0","B,,S",,,"  -95",",,S",,," -132","H,,S"
"AYM00089574","2007-09-26","-69.383","76.383","64.0","PROGRESS, AY","    5","B,,S",,," -161",",,S",,," -181","H,,S"
"AYM00089574","2007-09-27","-69.383","76.383","64.0","PROGRESS, AY",,,,,,," -237",",,S"," -143","H,,S"
"AYM00089574","2007-09-29","-69.383","76.383","64.0","PROGRESS, AY",,,,,,," -202",",,S"," -188","H,,S"
"AYM00089574","2007-09-30","-69.383","76.383","64.0","PROGRESS, AY","    0","B,,S",,," -171",",,S",,," -190","H,,S"
"AYM00089574","2007-10-01","-69.383","76.383","64.0","PROGRESS, AY",,,,," -191",",,S"," -219",",,S"," -198","H,,S"
"AYM00089574","2007-10-02","-69.383","76.383","64.0","PROGRESS, AY","    3","B,,S",,," -188",",,S",,," -224","H,,S"
"AYM00089574","2007-10-03","-69.383","76.383","64.0","PROGRESS, AY",,,,," -184",",,S"," -300",",,S"," -217","H,,S"
"AYM00089574","2007-10-04","-69.383","76.383","64.0","PROGRESS, AY",,,,," -136",",,S",,," -179","H,,S"
"AYM00089574","2007-10-05","-69.383","76.383","64.0","PROGRESS, AY",,,,," -211",",,S"," -265",",,S"," -238","H,,S"
"AYM00089574","2007-10-06","-69.383","76.383","64.0","PROGRESS, AY",,,,," -106",",,S"," -281",",,S"," -155","H,,S"
"AYM00089574","2007-10-07","-69.383","76.383","64.0","PROGRESS, AY","   41","B,,S",,,"  -81",",,S"," -112",",,S"," -103","H,,S"
"AYM00089574","2007-10-08","-69.383","76.383","64.0","PROGRESS, AY",,,,,"  -72",",,S",,," -120","H,,S"
"AYM00089574","2007-10-09","-69.383","76.383","64.0","PROGRESS, AY",,,,," -122",",,S",,," -156","H,,S"
"AYM00089574","2007-10-10","-69.383","76.383","64.0","PROGRESS, AY",,,,," -107",",,S"," -196",",,S"," -139","H,,S"
"AYM00089574","2007-10-11","-69.383","76.383","64.0","PROGRESS, AY",,,,,,," -117",",,S","  -71","H,,S"
"AYM00089574","2007-10-12","-69.383","76.383","64.0","PROGRESS, AY",,,,,"  -29",",,S",,,"  -47","H,,S"
"AYM00089574","2007-10-13","-69.383","76.383","64.0","PROGRESS, AY",,,,,"  -47",",,S",,,"  -72","H,,S"
"AYM00089574","2007-10-14","-69.383","76.383","64.0","PROGRESS, AY",,,,,"  -61",",,S",,,"  -92","H,,S"
"AYM00089574","2007-10-15","-69.383","76.383","64.0","PROGRESS, AY",,,,,"  -93",",,S"," -150",",,S"," -124","H,,S"
"AYM00089574","2007-10-16","-69.383","76.383","64.0","PROGRESS, AY",,,,,"  -98",",,S"," -161",",,S"," -132","H,,S"
"AYM00089574","2007-10-17","-69.383","76.383","64.0","PROGRESS, AY",,,,,"  -72",",,S"," -151",",,S"," -108","H,,S"
"AYM00089574","2007-10-18","-69.383","76.383","64.0","PROGRESS, AY",,,,,"  -72",",,S",,," -107","H,,S"
"AYM00089574","2007-10-19","-69.383","76.383","64.0","PROGRESS, AY",,,,," -103",",,S",,," -120","H,,S"
"AYM00089574","2007-10-20","-69.383","76.383","64.0","PROGRESS, AY",,,,,"  -79",",,S"," -142",",,S"," -106","H,,S"
"AYM00089574","2007-10-21","-69.383","76.383","64.0","PROGRESS, AY",,,,,"  -66",",,S"," -128",",,S"," -100","H,,S"
"AYM00089574","2007-10-22","-69.383","76.383","64.0","PROGRESS, AY",,,,,"  -88",",,S"," -144",",,S"," -120","H,,S"
"AYM00089574","2007-10-23","-69.383","76.383","64.0","PROGRESS, AY",,,,," -101",",,S"," -149",",,S"," -118","H,,S"
"AYM00089574","2007-10-24","-69.383","76.383","64.0","PROGRESS, AY",,,,,"  -64",",,S",,," -113","H,,S"
"AYM00089574","2007-10-25","-69.383","76.383","64.0","PROGRESS, AY",,,,," -107",",,S"," -168",",,S"," -127","H,,S"
"AYM00089574","2007-10-26","-69.383","76.383","64.0","PROGRESS, AY",,,,,"  -67",",,S"," -135",",,S","  -86","H,,S"
"AYM00089574","2007-10-27","-69.383","76.383","64.0","PROGRESS, AY","   81","B,,S",,,"  -49",",,S","  -72",",,S","  -63","H,,S"
"AYM00089574","2007-10-28","-69.383","76.383","64.0","PROGRESS, AY",,,,,"  -42",",,S",,,"  -76","H,,S"
"AYM00089574","2007-10-29","-69.383","76.383","64.0","PROGRESS, AY",,,,,"  -31",",,S",,,"  -64","H,,S"
"AYM00089574","2007-10-30","-69.383","76.383","64.0","PROGRESS, AY",,,,,"  -61",",,S"," -113",",,S","  -84","H,,S"
"AYM00089574","2007-10-31","-69.383","76.383","64.0","PROGRESS, AY","   20","B,,S",,,"  -44",",,S"," -119",",,S","  -64","H,,S"
"AYM00089574","2007-11-01","-69.383","76.383","64.0","PROGRESS, AY","   20","B,,S",,,"  -28",",,S",,,"  -59","H,,S"
"AYM00089574","2007-11-02","-69.383","76.383","64.0","PROGRESS, AY","   30","B,,S",,,"  -57",",,S","  -94",",,S","  -75","H,,S"
"AYM00089574","2007-11-03","-69.383","76.383","64.0","PROGRESS, AY",,,,,"  -42",",,S",,,"  -84","H,,S"
"AYM00089574","2007-11-04","-69.383","76.383","64.0","PROGRESS, AY",,,,,"  -30",",,S"," -117",",,S","  -63","H,,S"
"AYM00089574","2007-11-05","-69.383","76.383","64.0","PROGRESS, AY",,,,,"  -36",",,S"," -115",",,S","  -82","H,,S"
"AYM00089574","2007-11-06","-69.383","76.383","64.0","PROGRESS, AY",,,,,"  -26",",,S"," -117",",,S","  -63","H,,S"
"AYM00089574","2007-11-07","-69.383","76.383","64.0","PROGRESS, AY",,,,,"  -23",",,S","  -74",",,S","  -49","H,,S"
"AYM00089574","2007-11-08","-69.383","76.383","64.0","PROGRESS, AY",,,,,"   15",",,S","  -76",",,S","  -28","H,,S"
"AYM00089574","2007-11-09","-69.383","76.383","64.0","PROGRESS, AY",,,,,"   13",",,S","  -27",",,S","   -9","H,,S"
"AYM00089574","2007-11-10","-69.383","76.383","64.0","PROGRESS, AY",,,,,"    2",",,S",,,"  -31","H,,S"
"AYM00089574","2007-11-11","-69.383","76.383","64.0","PROGRESS, AY",,,,,"    3",",,S","  -67",",,S","  -22","H,,S"
"AYM00089574","2007-11-12","-69.383","76.383","64.0","PROGRESS, AY",,,,,"   28",",,S","  -25",",,S","   -4","H,,S"
"AYM00089574","2007-11-13","-69.383","76.383","64.0","PROGRESS, AY",,,,,"   13",",,S","  -47",",,S","  -17","H,,S"
"AYM00089574","2007-11-14","-69.383","76.383","64.0","PROGRESS, AY",,,,,"   14",",,S","  -41",",,S","  -17","H,,S"
"AYM00089574","2007-11-15","-69.383","76.383","64.0","PROGRESS, AY",,,,,"   -8",",,S","  -49",",,S","  -26","H,,S"
"AYM00089574","2007-11-16","-69.383","76.383","64.0","PROGRESS, AY",,,,,"   28",",,S","  -40",",,S","   -6","H,,S"
"AYM00089574","2007-11-17","-69.383","76.383","64.0","PROGRESS, AY",,,,,"   29",",,S","  -31",",,S","   -6","H,,S"
"AYM00089574","2007-11-18","-69.383","76.383","64.0","PROGRESS, AY",,,,,"    2",",,S",,,"  -22","H,,S"
"AYM00089574","2007-11-19","-69.383","76.383","64.0","PROGRESS, AY",,,,,"   -6",",,S","  -56",",,S","  -34","H,,S"
"AYM00089574","2007-11-20","-69.383","76.383","64.0","PROGRESS, AY",,,,,"   -3",",,S","  -64",",,S","  -27","H,,S"
"AYM00089574","2007-11-21","-69.383","76.383","64.0","PROGRESS, AY",,,,,"    0",",,S","  -54",",,S","  -30","H,,S"
"AYM00089574","2007-11-22","-69.383","76.383","64.0","PROGRESS, AY",,,,,"   -6",",,S","  -57",",,S","  -30","H,,S"
"AYM00089574","2007-11-23","-69.383","76.383","64.0","PROGRESS, AY",,,,,"  -17",",,S",,,"  -37","H,,S"
"AYM00089574","2007-11-24","-69.383","76.383","64.0","PROGRESS, AY",,,,,"   -9",",,S","  -62",",,S","  -34","H,,S"
"AYM00089574","2007-11-25","-69.383","76.383","64.0","PROGRESS, AY",,,,,"    3",",,S","  -54",",,S","  -32","H,,S"
"AYM00089574","2007-11-27","-69.383","76.383","64.0","PROGRESS, AY",,,,,"   10",",,S","  -57",",,S","   -8","H,,S"
"AYM00089574","2007-11-28","-69.383","76.383","64.0","PROGRESS, AY",,,,,"   13",",,S","  -23",",,S","   -3","H,,S"
"AYM00089574","2007-11-29","-69.383","76.383","64.0","PROGRESS, AY",,,,,"   28",",,S",,,"   -4","H,,S"
"AYM00089574","2007-11-30","-69.383","76.383","64.0","PROGRESS, AY",,,,,"    4",",,S",,,"  -21","H,,S"
"AYM00089574","2007-12-01","-69.383","76.383","64.0","PROGRESS, AY",,,,,"  -29",",,S","  -51",",,S","  -38","H,,S"
"AYM00089574","2007-12-02","-69.383","76.383","64.0","PROGRESS, AY",,,,,"  -37",",,S","  -64",",,S","  -52","H,,S"
"AYM00089574","2007-12-03","-69.383","76.383","64.0","PROGRESS, AY",,,,,"  -11",",,S","  -65",",,S","  -41","H,,S"
"AYM00089574","2007-12-04","-69.383","76.383","64.0","PROGRESS, AY",,,,,"  -11",",,S","  -77",",,S","  -42","H,,S"
"AYM00089574","2007-12-05","-69.383","76.383","64.0","PROGRESS, AY",,,,,"    5",",,S","  -69",",,S","  -33","H,,S"
"AYM00089574","2007-12-06","-69.383","76.383","64.0","PROGRESS, AY",,,,,"  -11",",,S","  -76",",,S","  -38","H,,S"
"AYM00089574","2007-12-07","-69.383","76.383","64.0","PROGRESS, AY",,,,,"   14",",,S","  -52",",,S","  -11","H,,S"
"AYM00089574","2007-12-08","-69.383","76.383","64.0","PROGRESS, AY","    0","B,,S",,,"    1",",,S","  -27",",,S","  -12","H,,S"
"AYM00089574","2007-12-09","-69.383","76.383","64.0","PROGRESS, AY",,,,,"   10",",,S","  -22",",,S","   -8","H,,S"
"AYM00089574","2007-12-10","-69.383","76.383","64.0","PROGRESS, AY",,,,,"   16",",,S",,,"  -15","H,,S"
"AYM00089574","2007-12-11","-69.383","76.383","64.0","PROGRESS, AY",,,,,"   18",",,S","  -39",",,S","   -9","H,,S"
"AYM00089574","2007-12-12","-69.383","76.383","64.0","PROGRESS, AY",,,,,"   25",",,S","  -25",",,S","   -5","H,,S"
"AYM00089574","2007-12-13","-69.383","76.383","64.0","PROGRESS, AY","    5","B,,S",,,"   -6",",,S","  -29",",,S","  -21","H,,S"
"AYM00089574","2007-12-14","-69.383","76.383","64.0","PROGRESS, AY","    5","B,,S",,,"    1",",,S","  -37",",,S","  -17","H,,S"
"AYM00089574","2007-12-15","-69.383","76.383","64.0","PROGRESS, AY","    0","B,,S",,,"   -6",",,S","  -34",",,S","  -19","H,,S"
"AYM00089574","2007-12-16","-69.383","76.383","64.0","PROGRESS, AY",,,,,"    0",",,S","  -35",",,S","  -19","H,,S"
"AYM00089574","2007-12-17","-69.383","76.383","64.0","PROGRESS, AY","    0","B,,S",,,"    5",",,S","  -38",",,S","  -18","H,,S"
"AYM00089574","2007-12-18","-69.383","76.383","64.0","PROGRESS, AY",,,,,"   10",",,S","  -42",",,S","  -20","H,,S"
"AYM00089574","2007-12-19","-69.383","76.383","64.0","PROGRESS, AY",,,,,"   17",",,S",,,"  -13","H,,S"
"AYM00089574","2007-12-21","-69.383","76.383","64.0","PROGRESS, AY",,,,,,,"  -11",",,S","    8","H,,S"
"AYM00089574","2007-12-24","-69.383","76.383","64.0","PROGRESS, AY",,,,,"   31",",,S","   -9",",,S","    7","H,,S"
"AYM00089574","2007-12-25","-69.383","76.383","64.0","PROGRESS, AY",,,,,,,"  -11",",,S","   20","H,,S"
"AYM00089574","2007-12-27","-69.383","76.383","64.0","PROGRESS, AY",,,,,,,"  -36",",,S","   -6","H,,S"
"AYM00089574","2007-12-30","-69.383","76.383","64.0","PROGRESS, AY",,,,,"    7",",,S","  -42",",,S","  -16","H,,S"
"AYM00089574","2007-12-31","-69.383","76.383","64.0","PROGRESS, AY",,,,,,,"  -34",",,S","    1","H,,S"
"AYM00089574","2008-01-02","-69.383","76.383","64.0","PROGRESS, AY",,,,,"   15",",,S","  -34",",,S","  -10","H,,S"
"AYM00089574","2008-01-03","-69.383","76.383","64.0","PROGRESS, AY",,,,,"   21",",,S","  -38",",,S","   -4","H,,S"
"AYM00089574","2008-01-04","-69.383","76.383","64.0","PROGRESS, AY",,,,,"   34",",,S","  -19",",,S","    8","H,,S"
"AYM00089574","2008-01-05","-69.383","76.383","64.0","PROGRESS, AY",,,,,"   20",",,S",,,"   -6","H,,S"
"AYM00089574","2008-01-06","-69.383","76.383","64.0","PROGRESS, AY",,,,,"   23",",,S","  -33",",,S","   -3","H,,S"
"AYM00089574","2008-01-07","-69.383","76.383","64.0","PROGRESS, AY",,,,,"    5",",,S","  -41",",,S","  -14","H,,S"
"AYM00089574","2008-01-08","-69.383","76.383","64.0","PROGRESS, AY",,,,,"   12",",,S","  -38",",,S","  -10","H,,S"
"AYM00089574","2008-01-09","-69.383","76.383","64.0","PROGRESS, AY",,,,,"    1",",,S",,,"  -21","H,,S"
"AYM00089574","2008-01-10","-69.383","76.383","64.0","PROGRESS, AY",,,,,,,"  -38",",,S","   -2","H,,S"
"AYM00089574","2008-01-11","-69.383","76.383","64.0","PROGRESS, AY",,,,,"    1",",,S","  -55",",,S","  -16","H,,S"
"AYM00089574","2008-01-12","-69.383","76.383","64.0","PROGRESS, AY",,,,,"    9",",,S","  -40",",,S","  -16","H,,S"
"AYM00089574","2008-01-13","-69.383","76.383","64.0","PROGRESS, AY",,,,,"    6",",,S","  -42",",,S","  -18","H,,S"
"AYM00089574","2008-01-14","-69.383","76.383","64.0","PROGRESS, AY",,,,,"    9",",,S","  -42",",,S","  -16","H,,S"
"AYM00089574","2008-01-15","-69.383","76.383","64.0","PROGRESS, AY",,,,,"    7",",,S","  -44",",,S","  -13","H,,S"
"AYM00089574","2008-01-16","-69.383","76.383","64.0","PROGRESS, AY",,,,,"   15",",,S","  -47",",,S","   -7","H,,S"
"AYM00089574","2008-01-17","-69.383","76.383","64.0","PROGRESS, AY",,,,,"    2",",,S","  -16",",,S","   -9","H,,S"
"AYM00089574","2008-01-18","-69.383","76.383","64.0","PROGRESS, AY",,,,,"   13",",,S","  -40",",,S","  -10","H,,S"
"AYM00089574","2008-01-19","-69.383","76.383","64.0","PROGRESS, AY",,,,,"   15",",,S","  -36",",,S","   -9","H,,S"
"AYM00089574","2008-01-20","-69.383","76.383","64.0","PROGRESS, AY",,,,,"   36",",,S","  -32",",,S","    5","H,,S"
"AYM00089574","2008-01-21","-69.383","76.383","64.0","PROGRESS, AY",,,,,"   30",",,S","  -41",",,S","   -6","H,,S"
"AYM00089574","2008-01-22","-69.383","76.383","64.0","PROGRESS, AY",,,,,"   43",",,S","  -30",",,S","   12","H,,S"
"AYM00089574","2008-01-23","-69.383","76.383","64.0","PROGRESS, AY",,,,,"   42",",,S","  -19",",,S","    7","H,,S"
"AYM00089574","2008-01-24","-69.383","76.383","64.0","PROGRESS, AY",,,,,"   16",",,S","  -19",",,S","   -1","H,,S"
"AYM00089574","2008-01-25","-69.383","76.383","64.0","PROGRESS, AY","    0","B,,S",,,"    1",",,S","  -21",",,S","   -8","H,,S"
"AYM00089574","2008-01-26","-69.383","76.383","64.0","PROGRESS, AY",,,,,"    4",",,S",,,"  -12","H,,S"
"AYM00089574","2008-01-27","-69.383","76.383","64.0","PROGRESS, AY",,,,,"   -5",",,S","  -41",",,S","  -25","H,,S"
"AYM00089574","2008-01-28","-69.383","76.383","64.0","PROGRESS, AY",,,,,"   -6",",,S","  -39",",,S","  -20","H,,S"
"AYM00089574","2008-01-29","-69.383","76.383","64.0","PROGRESS, AY",,,,,"   13",",,S","  -26",",,S","  -11","H,,S"
"AYM00089574","2008-01-30","-69.383","76.383","64.0","PROGRESS, AY",,,,,"   24",",,S",,,"  -21","H,,S"
"AYM00089574","2008-01-31","-69.383","76.383","64.0","PROGRESS, AY",,,,,"    4",",,S","  -63",",,S","  -26","H,,S"
"AYM00089574","2008-02-01","-69.383","76.383","64.0","PROGRESS, AY",,,,,"   11",",,S","  -44",",,S","  -18","H,,S"
"AYM00089574","2008-02-02","-69.383","76.383","64.0","PROGRESS, AY",,,,,"    2",",,S","  -45",",,S","  -24","H,,S"
"AYM00089574","2008-02-03","-69.383","76.383","64.0","PROGRESS, AY",,,,,"   -5",",,S","  -45",",,S","  -18","H,,S"
"AYM00089574","2008-02-04","-69.383","76.383","64.0","PROGRESS, AY",,,,,"    7",",,S",,,"  -20","H,,S"
"AYM00089574","2008-02-05","-69.383","76.383","64.0","PROGRESS, AY",,,,,"   -5",",,S","  -53",",,S","  -23","H,,S"
"AYM00089574","2008-02-06","-69.383","76.383","64.0","PROGRESS, AY","   20","B,,S",,,"    2",",,S","  -12",",,S","   -2","H,,S"
"AYM00089574","2008-02-08","-69.383","76.383","64.0","PROGRESS, AY",,,,,"   12",",,S","  -45",",,S","  -12","H,,S"
"AYM00089574","2008-02-09","-69.383","76.383","64.0","PROGRESS, AY",,,,,"    0",",,S","  -24",",,S","  -10","H,,S"
"AYM00089574","2008-02-12","-69.383","76.383","64.0","PROGRESS, AY",,,,,"  -36",",,S","  -70",",,S","  -56","H,,S"
"AYM00089574","2008-02-13","-69.383","76.383","64.0","PROGRESS, AY",,,,,"  -44",",,S","  -87",",,S","  -68","H,,S"
"AYM00089574","2008-02-14","-69.383","76.383","64.0","PROGRESS, AY",,,,,"  -44",",,S","  -75",",,S","  -51","H,,S"
"AYM00089574","2008-02-15","-69.383","76.383","64.0","PROGRESS, AY",,,,,"  -42",",,S","  -57",",,S","  -47","H,,S"
"AYM00089574","2008-02-16","-69.383","76.383","64.0","PROGRESS, AY","   30","B,,S",,,"  -40",",,S",,,"  -62","H,,S"
"AYM00089574","2008-02-17","-69.383","76.383","64.0","PROGRESS, AY","   25","B,,S",,,"  -17",",,S","  -52",",,S","  -38","H,,S"
"AYM00089574","2008-02-18","-69.383","76.383","64.0","PROGRESS, AY",,,,,"  -46",",,S","  -75",",,S","  -62","H,,S"
"AYM00089574","2008-02-19","-69.383","76.383","64.0","PROGRESS, AY","    0","B,,S",,,"  -47",",,S","  -72",",,S","  -62","H,,S"
"AYM00089574","2008-02-20","-69.383","76.383","64.0","PROGRESS, AY","    5","B,,S",,,"  -26",",,S","  -86",",,S","  -46","H,,S"
"AYM00089574","2008-02-21","-69.383","76.383","64.0","PROGRESS, AY","    0","B,,S",,,"   -1",",,S","  -35",",,S","  -10","H,,S"
"AYM00089574","2008-02-22","-69.383","76.383","64.0","PROGRESS, AY",,,,,"   -1",",,S",,,"  -31","H,,S"
"AYM00089574","2008-02-23","-69.383","76.383","64.0","PROGRESS, AY",,,,,"  -46",",,S","  -80",",,S","  -62","H,,S"
"AYM00089574","2008-02-24","-69.383","76.383","64.0","PROGRESS, AY",,,,,"  -16",",,S",,,"  -48","H,,S"
"AYM00089574","2008-02-25","-69.383","76.383","64.0","PROGRESS, AY",,,,,"  -11",",,S","  -50",",,S","  -23","H,,S"
"AYM00089574","2008-02-26","-69.383","76.383","64.0","PROGRESS, AY",,,,,"   12",",,S","  -25",",,S","   -7","H,,S"
"AYM00089574","2008-02-27","-69.383","76.383","64.0","PROGRESS, AY","    0","B,,S",,,"   -9",",,S",,,"  -25","H,,S"
"AYM00089574","2008-02-28","-69.383","76.383","64.0","PROGRESS, AY",,,,,"  -53",",,S","  -63",",,S","  -59","H,,S"
"AYM00089574","2008-02-29","-69.383","76.383","64.0","PROGRESS, AY",,,,,"  -39",",,S","  -59",",,S","  -44","H,,S"
"AYM00089574","2008-03-01","-69.383","76.383","64.0","PROGRESS, AY","    5","B,,S",,,"  -53",",,S","  -72",",,S","  -66","H,,S"
"AYM00089574","2008-03-02","-69.383","76.383","64.0","PROGRESS, AY",,,,,"  -33",",,S","  -89",",,S","  -64","H,,S"
"AYM00089574","2008-03-03","-69.383","76.383","64.0","PROGRESS, AY",,,,,"  -31",",,S",,,"  -67","H,,S"
"AYM00089574","2008-03-04","-69.383","76.383","64.0","PROGRESS, AY",,,,,,,"  -94",",,S","  -52","H,,S"
"AYM00089574","2008-03-05","-69.383","76.383","64.0","PROGRESS, AY",,,,,"  -21",",,S",,,"  -34","H,,S"
"AYM00089574","2008-03-06","-69.383","76.383","64.0","PROGRESS, AY",,,,,"  -24",",,S","  -54",",,S","  -38","H,,S"
"AYM00089574","2008-03-07","-69.383","76.383","64.0","PROGRESS, AY",,,,,"  -36",",,S",,,"  -49","H,,S"
"AYM00089574","2008-03-08","-69.383","76.383","64.0","PROGRESS, AY",,,,,"  -57",",,S","  -95",",,S","  -72","H,,S"
"AYM00089574","2008-03-09","-69.383","76.383","64.0","PROGRESS, AY",,,,,"  -51",",,S",,,"  -71","H,,S"
"AYM00089574","2008-03-10","-69.383","76.383","64.0","PROGRESS, AY",,,,,"  -77",",,S",,,"  -99","H,,S"
"AYM00089574","2008-03-11","-69.383","76.383","64.0","PROGRESS, AY",,,,,,," -123",",,S","  -91","H,,S"
"AYM00089574","2008-03-12","-69.383","76.383","64.0","PROGRESS, AY","    8","B,,S",,,"  -65",",,S",,,"  -78","H,,S"
"AYM00089574","2008-03-13","-69.383","76.383","64.0","PROGRESS, AY",,,,,,," -109",",,S","  -84","H,,S"
"AYM00089574","2008-03-14","-69.383","76.383","64.0","PROGRESS, AY",,,,,"  -44",",,S","  -76",",,S","  -59","H,,S"
"AYM00089574","2008-03-15","-69.383","76.383","64.0","PROGRESS, AY",,,,,,,"  -56",",,S","  -40","H,,S"
"AYM00089574","2008-03-16","-69.383","76.383","64.0","PROGRESS, AY",,,,,,,,,"  -84","H,,S"
"AYM00089574","2008-03-17","-69.383","76.383","64.0","PROGRESS, AY",,,,,,," -130",",,S"," -104","H,,S"
"AYM00089574","2008-03-18","-69.383","76.383","64.0","PROGRESS, AY",,,,,"  -86",",,S",,," -102","H,,S"
"AYM00089574","2008-03-19","-69.383","76.383","64.0","PROGRESS, AY",,,,,"  -82",",,S"," -134",",,S"," -106","H,,S"
"AYM00089574","2008-03-20","-69.383","76.383","64.0","PROGRESS, AY",,,,," -129",",,S",,," -149","H,,S"
"AYM00089574","2008-03-21","-69.383","76.383","64.0","PROGRESS, AY",,,,," -140",",,S"," -185",",,S"," -158","H,,S"
"AYM00089574","2008-03-22","-69.383","76.383","64.0","PROGRESS, AY",,,,," -132",",,S"," -159",",,S"," -148","H,,S"
"AYM00089574","2008-03-23","-69.383","76.383","64.0","PROGRESS, AY",,,,," -115",",,S"," -156",",,S"," -130","H,,S"
"AYM00089574","2008-03-25","-69.383","76.383","64.0","PROGRESS, AY","   30","B,,S",,,"  -57",",,S","  -86",",,S","  -64","H,,S"
"AYM00089574","2008-03-26","-69.383","76.383","64.0","PROGRESS, AY","   51","B,,S",,,"  -66",",,S",,,"  -71","H,,S"
"AYM00089574","2008-03-27","-69.383","76.383","64.0","PROGRESS, AY",,,,,"  -24",",,S","  -70",",,S","  -39","H,,S"
"AYM00089574","2008-03-28","-69.383","76.383","64.0","PROGRESS, AY","    0","B,,S",,,,,,,"  -43","H,,S"
"AYM00089574","2008-03-29","-69.383","76.383","64.0","PROGRESS, AY",,,,,"  -55",",,S",,,"  -66","H,,S"
"AYM00089574","2008-03-30","-69.383","76.383","64.0","PROGRESS, AY","   15","B,,S",,,"  -81",",,S",,," -120","H,,S"
"AYM00089574","2008-03-31","-69.383","76.383","64.0","PROGRESS, AY","    8","B,,S",,," -128",",,S"," -172",",,S"," -141","H,,S"
"AYM00089574","2008-04-02","-69.383","76.383","64.0","PROGRESS, AY",,,,,"  -37",",,S",,,"  -40","H,,S"
"AYM00089574","2008-04-03","-69.383","76.383","64.0","PROGRESS, AY",,,,,"  -31",",,S",,,"  -45","H,,S"
"AYM00089574","2008-04-04","-69.383","76.383","64.0","PROGRESS, AY",,,,,,,,," -107","H,,S"
"AYM00089574","2008-04-05","-69.383","76.383","64.0","PROGRESS, AY",,,,," -103",",,S"," -131",",,S"," -114","H,,S"
"AYM00089574","2008-04-06","-69.383","76.383","64.0","PROGRESS, AY",,,,,"  -90",",,S",,,"  -99","H,,S"
"AYM00089574","2008-04-07","-69.383","76.383","64.0","PROGRESS, AY",,,,," -110",",,S"," -122",",,S"," -117","H,,S"
"AYM00089574","2008-04-08","-69.383","76.383","64.0","PROGRESS, AY",,,,,"  -91",",,S"," -133",",,S"," -117","H,,S"
"AYM00089574","2008-04-09","-69.383","76.383","64.0","PROGRESS, AY",,,,,"  -67",",,S"," -119",",,S","  -80","H,,S"
"AYM00089574","2008-04-10","-69.383","76.383","64.0","PROGRESS, AY","   20","B,,S",,," -109",",,S"," -170",",,S"," -138","H,,S"
"AYM00089574","2008-04-11","-69.383","76.383","64.0","PROGRESS, AY",,,,,,,,," -148","H,,S"
"AYM00089574","2008-04-12","-69.383","76.383","64.0","PROGRESS, AY",,,,,,,,," -131","H,,S"
"AYM00089574","2008-04-13","-69.383","76.383","64.0","PROGRESS, AY",,,,,"  -94",",,S",,," -105","H,,S"
"AYM00089574","2008-04-14","-69.383","76.383","64.0","PROGRESS, AY",,,,,"  -90",",,S"," -127",",,S"," -100","H,,S"
"AYM00089574","2008-04-15","-69.383","76.383","64.0","PROGRESS, AY",,,,,,,,," -142","H,,S"
"AYM00089574","2008-04-16","-69.383","76.383","64.0","PROGRESS, AY",,,,,"  -97",",,S"," -154",",,S"," -113","H,,S"
"AYM00089574","2008-04-17","-69.383","76.383","64.0","PROGRESS, AY",,,,,,," -129",",,S","  -98","H,,S"
"AYM00089574","2008-04-18","-69.383","76.383","64.0","PROGRESS, AY",,,,,,,,," -134","H,,S"
"AYM00089574","2008-04-19","-69.383","76.383","64.0","PROGRESS, AY",,,,," -125",",,S"," -171",",,S"," -146","H,,S"
"AYM00089574","2008-04-20","-69.383","76.383","64.0","PROGRESS, AY",,,,,,,,," -177","H,,S"
"AYM00089574","2008-04-21","-69.383","76.383","64.0","PROGRESS, AY",,,,," -167",",,S",,," -186","H,,S"
"AYM00089574","2008-04-22","-69.383","76.383","64.0","PROGRESS, AY",,,,,,," -198",",,S"," -166","H,,S"
"AYM00089574","2008-04-23","-69.383","76.383","64.0","PROGRESS, AY",,,,,"  -81",",,S"," -135",",,S","  -91","H,,S"
"AYM00089574","2008-04-24","-69.383","76.383","64.0","PROGRESS, AY",,,,,"  -83",",,S",,,"  -90","H,,S"
"AYM00089574","2008-04-25","-69.383","76.383","64.0","PROGRESS, AY",,,,,"  -63",",,S"," -114",",,S","  -84","H,,S"
"AYM00089574","2008-04-26","-69.383","76.383","64.0","PROGRESS, AY","   13","B,,S",,,"  -38",",,S","  -70",",,S","  -44","H,,S"
"AYM00089574","2008-04-28","-69.383","76.383","64.0","PROGRESS, AY",,,,,,,,," -103","H,,S"
"AYM00089574","2008-04-29","-69.383","76.383","64.0","PROGRESS, AY",,,,,,,,," -157","H,,S"
"AYM00089574","2008-04-30","-69.383","76.383","64.0","PROGRESS, AY",,,,,"  -88",",,S"," -164",",,S"," -110","H,,S"
"AYM00089574","2008-05-01","-69.383","76.383","64.0","PROGRESS, AY","   10","B,,S",,,"  -71",",,S"," -110",",,S","  -77","H,,S"
"AYM00089574","2008-05-02","-69.383","76.383","64.0","PROGRESS, AY",,,,,"  -70",",,S",,,"  -81","H,,S"
"AYM00089574","2008-05-03","-69.383","76.383","64.0","PROGRESS, AY",,,,,,," -102",",,S","  -86","H,,S"
"AYM00089574","2008-05-04","-69.383","76.383","64.0","PROGRESS, AY",,,,,,,"  -79",",,S","  -64","H,,S"
"AYM00089574","2008-05-06","-69.383","76.383","64.0","PROGRESS, AY",,,,,"  -58",",,S","  -80",",,S","  -66","H,,S"
"AYM00089574","2008-05-10","-69.383","76.383","64.0","PROGRESS, AY",,,,,"  -50",",,S",,," -132","H,,S"
"AYM00089574","2008-05-11","-69.383","76.383","64.0","PROGRESS, AY","   41","B,,S",,,,," -143",",,S"," -102","H,,S"
"AYM00089574","2008-05-12","-69.383","76.383","64.0","PROGRESS, AY","   61","B,,S",,,"  -68",",,S",,,"  -77","H,,S"
"AYM00089574","2008-05-13","-69.383","76.383","64.0","PROGRESS, AY",,,,,,,,," -151","H,,S"
"AYM00089574","2008-05-14","-69.383","76.383","64.0","PROGRESS, AY",,,,,,,,," -230","H,,S"
"AYM00089574","2008-05-15","-69.383","76.383","64.0","PROGRESS, AY",,,,," -177",",,S",,," -224","H,,S"
"AYM00089574","2008-05-16","-69.383","76.383","64.0","PROGRESS, AY",,,,,,,,," -273","H,,S"
"AYM00089574","2008-05-17","-69.383","76.383","64.0","PROGRESS, AY",,,,," -189",",,S",,," -272","H,,S"
"AYM00089574","2008-05-18","-69.383","76.383","64.0","PROGRESS, AY",,,,,,," -267",",,S"," -237","H,,S"
"AYM00089574","2008-05-19","-69.383","76.383","64.0","PROGRESS, AY",,,,,,," -253",",,S"," -188","H,,S"
"AYM00089574","2008-05-20","-69.383","76.383","64.0","PROGRESS, AY","    5","B,,S",,,"  -64",",,S"," -172",",,S","  -84","H,,S"
"AYM00089574","2008-05-22","-69.383","76.383","64.0","PROGRESS, AY",,,,,"  -67",",,S"," -102",",,S","  -88","H,,S"
"AYM00089574","2008-05-23","-69.383","76.383","64.0","PROGRESS, AY",,,,,"  -96",",,S",,," -111","H,,S"
"AYM00089574","2008-05-26","-69.383","76.383","64.0","PROGRESS, AY",,,,,,,,," -124","H,,S"
"AYM00089574","2008-05-27","-69.383","76.383","64.0","PROGRESS, AY",,,,,,,,,"  -60","H,,S"
"AYM00089574","2008-05-28","-69.383","76.383","64.0","PROGRESS, AY",,,,,,,,," -106","H,,S"
"AYM00089574","2008-05-29","-69.383","76.383","64.0","PROGRESS, AY",,,,," -100",",,S"," -120",",,S"," -107","H,,S"
"AYM00089574","2008-05-30","-69.383","76.383","64.0","PROGRESS, AY",,,,,,,,," -144","H,,S"
"AYM00089574","2008-05-31","-69.383","76.383","64.0","PROGRESS, AY",,,,," -173",",,S",,," -183","H,,S"
"AYM00089574","2008-06-01","-69.383","76.383","64.0","PROGRESS, AY",,,,,,,,," -213","H,,S"
"AYM00089574","2008-06-02","-69.383","76.383","64.0","PROGRESS, AY",,,,,,,,," -242","H,,S"
"AYM00089574","2008-06-03","-69.383","76.383","64.0","PROGRESS, AY",,,,,,,,," -285","H,,S"
"AYM00089574","2008-06-04","-69.383","76.383","64.0","PROGRESS, AY",,,,,,," -310",",,S"," -235","H,,S"
"AYM00089574","2008-06-05","-69.383","76.383","64.0","PROGRESS, AY",,,,," -146",",,S",,," -160","H,,S"
"AYM00089574","2008-06-06","-69.383","76.383","64.0","PROGRESS, AY",,,,,,,,," -181","H,,S"
"AYM00089574","2008-06-07","-69.383","76.383","64.0","PROGRESS, AY",,,,,,," -200",",,S"," -127","H,,S"
"AYM00089574","2008-06-08","-69.383","76.383","64.0","PROGRESS, AY",,,,,,,,," -139","H,,S"
"AYM00089574","2008-06-09","-69.383","76.383","64.0","PROGRESS, AY",,,,," -167",",,S",,," -175","H,,S"
"AYM00089574","2008-06-10","-69.383","76.383","64.0","PROGRESS, AY",,,,,,," -201",",,S"," -167","H,,S"
"AYM00089574","2008-06-11","-69.383","76.383","64.0","PROGRESS, AY",,,,,,,,," -148","H,,S"
"AYM00089574","2008-06-15","-69.383","76.383","64.0","PROGRESS, AY","   20","B,,S",,,,,,," -118","H,,S"
"AYM00089574","2008-06-16","-69.383","76.383","64.0","PROGRESS, AY","   36","B,,S",,," -109",",,S",,," -121","H,,S"
"AYM00089574","2008-06-17","-69.383","76.383","64.0","PROGRESS, AY","   61","B,,S",,," -134",",,S",,," -143","H,,S"
"AYM00089574","2008-06-18","-69.383","76.383","64.0","PROGRESS, AY",,,,,,," -165",",,S"," -142","H,,S"
"AYM00089574","2008-06-19","-69.383","76.383","64.0","PROGRESS, AY","   33","B,,S",,,,," -137",",,S"," -125","H,,S"
"AYM00089574","2008-06-20","-69.383","76.383","64.0","PROGRESS, AY","   15","B,,S",,,"  -94",",,S"," -132",",,S"," -113","H,,S"
"AYM00089574","2008-06-22","-69.383","76.383","64.0","PROGRESS, AY","   30","B,,S",,,,," -140",",,S"," -129","H,,S"
"AYM00089574","2008-06-23","-69.383","76.383","64.0","PROGRESS, AY",,,,,,,,," -137","H,,S"
"AYM00089574","2008-06-24","-69.383","76.383","64.0","PROGRESS, AY",,,,," -127",",,S",,," -141","H,,S"
"AYM00089574","2008-06-25","-69.383","76.383","64.0","PROGRESS, AY",,,,," -164",",,S",,," -173","H,,S"
"AYM00089574","2008-06-26","-69.383","76.383","64.0","PROGRESS, AY",,,,,,," -239",",,S"," -183","H,,S"
"AYM00089574","2008-06-27","-69.383","76.383","64.0","PROGRESS, AY",,,,," -168",",,S",,," -182","H,,S"
"AYM00089574","2008-06-30","-69.383","76.383","64.0","PROGRESS, AY",,,,,,,,," -179","H,,S"
"AYM00089574","2008-07-01","-69.383","76.383","64.0","PROGRESS, AY","   23","B,,S",,," -140",",,S",,," -161","H,,S"
"AYM00089574","2008-07-02","-69.383","76.383","64.0","PROGRESS, AY",,,,," -113",",,S"," -180",",,S"," -131","H,,S"
"AYM00089574","2008-07-03","-69.383","76.383","64.0","PROGRESS, AY",,,,," -141",",,S"," -181",",,S"," -164","H,,S"
"AYM00089574","2008-07-04","-69.383","76.383","64.0","PROGRESS, AY",,,,,,," -184",",,S"," -150","H,,S"
"AYM00089574","2008-07-05","-69.383","76.383","64.0","PROGRESS, AY",,,,,,," -136",",,S"," -119","H,,S"
"AYM00089574","2008-07-07","-69.383","76.383","64.0","PROGRESS, AY",,,,,,,,," -193","H,,S"
"AYM00089574","2008-07-08","-69.383","76.383","64.0","PROGRESS, AY",,,,,,," -225",",,S"," -169","H,,S"
"AYM00089574","2008-07-09","-69.383","76.383","64.0","PROGRESS, AY",,,,," -102",",,S"," -145",",,S"," -119","H,,S"
"AYM00089574","2008-07-10","-69.383","76.383","64.0","PROGRESS, AY","   36","B,,S",,,"  -83",",,S"," -130",",,S","  -89","H,,S"
"AYM00089574","2008-07-11","-69.383","76.383","64.0","PROGRESS, AY","   71","B,,S",,,,,"  -83",",,S","  -61","H,,S"
"AYM00089574","2008-07-12","-69.383","76.383","64.0","PROGRESS, AY","   20","B,,S",,,"  -37",",,S","  -62",",,S","  -43","H,,S"
"AYM00089574","2008-07-13","-69.383","76.383","64.0","PROGRESS, AY",,,,,,,,,"  -81","H,,S"
"AYM00089574","2008-07-14","-69.383","76.383","64.0","PROGRESS, AY",,,,,,,,," -116","H,,S"
"AYM00089574","2008-07-15","-69.383","76.383","64.0","PROGRESS, AY",,,,," -121",",,S"," -156",",,S"," -138","H,,S"
"AYM00089574","2008-07-16","-69.383","76.383","64.0","PROGRESS, AY",,,,,,,,," -148","H,,S"
"AYM00089574","2008-07-17","-69.383","76.383","64.0","PROGRESS, AY",,,,,,," -167",",,S"," -138","H,,S"
"AYM00089574","2008-07-18","-69.383","76.383","64.0","PROGRESS, AY",,,,,,,,," -129","H,,S"
"AYM00089574","2008-07-19","-69.383","76.383","64.0","PROGRESS, AY",,,,,,,,," -135","H,,S"
"AYM00089574","2008-07-20","-69.383","76.383","64.0","PROGRESS, AY",,,,,,," -153",",,S"," -140","H,,S"
"AYM00089574","2008-07-21","-69.383","76.383","64.0","PROGRESS, AY",,,,,,," -204",",,S"," -179","H,,S"
"AYM00089574","2008-07-23","-69.383","76.383","64.0","PROGRESS, AY",,,,," -165",",,S"," -199",",,S"," -177","H,,S"
"AYM00089574","2008-07-24","-69.383","76.383","64.0","PROGRESS, AY",,,,," -187",",,S",,," -206","H,,S"
"AYM00089574","2008-07-25","-69.383","76.383","64.0","PROGRESS, AY",,,,,,," -233",",,S"," -206","H,,S"
"AYM00089574","2008-07-26","-69.383","76.383","64.0","PROGRESS, AY",,,,,,," -272",",,S"," -173","H,,S"
"AYM00089574","2008-07-27","-69.383","76.383","64.0","PROGRESS, AY",,,,,"  -47",",,S","  -68",",,S","  -60","H,,S"
"AYM00089574","2008-07-28","-69.383","76.383","64.0","PROGRESS, AY",,,,,,,,," -107","H,,S"
"AYM00089574","2008-07-29","-69.383","76.383","64.0","PROGRESS, AY",,,,,,,,," -119","H,,S"
"AYM00089574","2008-07-30","-69.383","76.383","64.0","PROGRESS, AY","   15","B,,S",,,,,"  -85",",,S","  -76","H,,S"
"AYM00089574","2008-07-31","-69.383","76.383","64.0","PROGRESS, AY",,,,,,,,," -132","H,,S"
"AYM00089574","2008-08-01","-69.383","76.383","64.0","PROGRESS, AY",,,,," -158",",,S"," -165",",,S"," -163","H,,S"
"AYM00089574","2008-08-02","-69.383","76.383","64.0","PROGRESS, AY",,,,,,,,," -170","H,,S"
"AYM00089574","2008-08-03","-69.383","76.383","64.0","PROGRESS, AY",,,,,,,,," -187","H,,S"
"AYM00089574","2008-08-04","-69.383","76.383","64.0","PROGRESS, AY","   20","B,,S",,," -119",",,S"," -177",",,S"," -135","H,,S"
"AYM00089574","2008-08-07","-69.383","76.383","64.0","PROGRESS, AY",,,,,,," -159",",,S"," -131","H,,S"
"AYM00089574","2008-08-08","-69.383","76.383","64.0","PROGRESS, AY",,,,,"  -68",",,S",,,"  -93","H,,S"
"AYM00089574","2008-08-09","-69.383","76.383","64.0","PROGRESS, AY","   13","B,,S",,,"  -89",",,S"," -166",",,S"," -118","H,,S"
"AYM00089574","2008-08-10","-69.383","76.383","64.0","PROGRESS, AY",,,,,,,,," -141","H,,S"
"AYM00089574","2008-08-11","-69.383","76.383","64.0","PROGRESS, AY",,,,,,," -185",",,S"," -150","H,,S"
"AYM00089574","2008-08-12","-69.383","76.383","64.0","PROGRESS, AY",,,,,,,,," -159","H,,S"
"AYM00089574","2008-08-13","-69.383","76.383","64.0","PROGRESS, AY",,,,,,,,," -247","H,,S"
"AYM00089574","2008-08-14","-69.383","76.383","64.0","PROGRESS, AY",,,,,,," -307",",,S"," -252","H,,S"
"AYM00089574","2008-08-15","-69.383","76.383","64.0","PROGRESS, AY",,,,,,," -251",",,S"," -191","H,,S"
"AYM00089574","2008-08-16","-69.383","76.383","64.0","PROGRESS, AY",,,,," -230",",,S"," -295",",,S"," -257","H,,S"
"AYM00089574","2008-08-17","-69.383","76.383","64.0","PROGRESS, AY","    5","B,,S",,,,,,," -243","H,,S"
"AYM00089574","2008-08-18","-69.383","76.383","64.0","PROGRESS, AY",,,,," -244",",,S",,," -269","H,,S"
"AYM00089574","2008-08-19","-69.383","76.383","64.0","PROGRESS, AY",,,,,,," -286",",,S"," -248","H,,S"
"AYM00089574","2008-08-21","-69.383","76.383","64.0","PROGRESS, AY",,,,,,,,," -255","H,,S"
"AYM00089574","2008-08-25","-69.383","76.383","64.0","PROGRESS, AY","   41","B,,S",,,,," -231",",,S"," -173","H,,S"
"AYM00089574","2008-08-26","-69.383","76.383","64.0","PROGRESS, AY",,,,,,,,," -188","H,,S"
"AYM00089574","2008-08-27","-69.383","76.383","64.0","PROGRESS, AY",,,,," -227",",,S",,," -278","H,,S"
"AYM00089574","2008-08-28","-69.383","76.383","64.0","PROGRESS, AY",,,,," -266",",,S",,," -321","H,,S"
"AYM00089574","2008-08-29","-69.383","76.383","64.0","PROGRESS, AY",,,,,,,,," -353","H,,S"
"AYM00089574","2008-08-30","-69.383","76.383","64.0","PROGRESS, AY",,,,," -363",",,S"," -445",",,S"," -398","H,,S"
"AYM00089574","2008-08-31","-69.383","76.383","64.0","PROGRESS, AY",,,,,,," -454",",,S"," -370","H,,S"
"AYM00089574","2008-09-01","-69.383","76.383","64.0","PROGRESS, AY",,,,," -187",",,S"," -287",",,S"," -220","H,,S"
"AYM00089574","2008-09-02","-69.383","76.383","64.0","PROGRESS, AY",,,,," -167",",,S"," -218",",,S"," -185","H,,S"
"AYM00089574","2008-09-03","-69.383","76.383","64.0","PROGRESS, AY",,,,," -157",",,S"," -187",",,S"," -170","H,,S"
"AYM00089574","2008-09-04","-69.383","76.383","64.0","PROGRESS, AY",,,,," -139",",,S"," -183",",,S"," -155","H,,S"
"AYM00089574","2008-09-05","-69.383","76.383","64.0","PROGRESS, AY",,,,," -158",",,S",,," -188","H,,S"
"AYM00089574","2008-09-06","-69.383","76.383","64.0","PROGRESS, AY",,,,," -189",",,S",,," -229","H,,S"
"AYM00089574","2008-09-07","-69.383","76.383","64.0","PROGRESS, AY",,,,," -214",",,S"," -301",",,S"," -257","H,,S"
"AYM00089574","2008-09-08","-69.383","76.383","64.0","PROGRESS, AY",,,,," -121",",,S",,," -259","H,,S"
"AYM00089574","2008-09-09","-69.383","76.383","64.0","PROGRESS, AY",,,,,,," -295",",,S"," -251","H,,S"
"AYM00089574","2008-09-10","-69.383","76.383","64.0","PROGRESS, AY",,,,," -123",",,S"," -208",",,S"," -149","H,,S"
"AYM00089574","2008-09-11","-69.383","76.383","64.0","PROGRESS, AY","   30","B,,S",,,,,,," -141","H,,S"
"AYM00089574","2008-09-12","-69.383","76.383","64.0","PROGRESS, AY","   30","B,,S",,," -117",",,S"," -177",",,S"," -146","H,,S"
"AYM00089574","2008-09-13","-69.383","76.383","64.0","PROGRESS, AY",,,,," -138",",,S",,," -153","H,,S"
"AYM00089574","2008-09-14","-69.383","76.383","64.0","PROGRESS, AY",,,,," -180",",,S"," -246",",,S"," -195","H,,S"
"AYM00089574","2008-09-15","-69.383","76.383","64.0","PROGRESS, AY",,,,," -187",",,S"," -216",",,S"," -204","H,,S"
"AYM00089574","2008-09-16","-69.383","76.383","64.0","PROGRESS, AY",,,,," -188",",,S",,," -208","H,,S"
"AYM00089574","2008-09-17","-69.383","76.383","64.0","PROGRESS, AY",,,,," -183",",,S",,," -231","H,,S"
"AYM00089574","2008-09-18","-69.383","76.383","64.0","PROGRESS, AY",,,,," -225",",,S",,," -272","H,,S"
"AYM00089574","2008-09-19","-69.383","76.383","64.0","PROGRESS, AY",,,,," -320",",,S",,," -340","H,,S"
"AYM00089574","2008-09-20","-69.383","76.383","64.0","PROGRESS, AY",,,,,"  -61",",,S",,," -124","H,,S"
"AYM00089574","2008-09-21","-69.383","76.383","64.0","PROGRESS, AY",,,,,"  -80",",,S",,,"  -90","H,,S"
"AYM00089574","2008-09-24","-69.383","76.383","64.0","PROGRESS, AY",,,,," -128",",,S",,," -155","H,,S"
"AYM00089574","2008-09-25","-69.383","76.383","64.0","PROGRESS, AY",,,,," -125",",,S",,," -142","H,,S"
"AYM00089574","2008-09-26","-69.383","76.383","64.0","PROGRESS, AY",,,,,,,,," -217","H,,S"
"AYM00089574","2008-09-27","-69.383","76.383","64.0","PROGRESS, AY",,,,," -204",",,S"," -237",",,S"," -228","H,,S"
"AYM00089574","2008-09-28","-69.383","76.383","64.0","PROGRESS, AY",,,,," -169",",,S"," -228",",,S"," -193","H,,S"
"AYM00089574","2008-09-29","-69.383","76.383","64.0","PROGRESS, AY",,,,," -135",",,S",,," -183","H,,S"
"AYM00089574","2008-10-01","-69.383","76.383","64.0","PROGRESS, AY",,,,," -182",",,S"," -239",",,S"," -212","H,,S"
"AYM00089574","2008-10-02","-69.383","76.383","64.0","PROGRESS, AY",,,,," -177",",,S",,," -219","H,,S"
"AYM00089574","2008-10-03","-69.383","76.383","64.0","PROGRESS, AY",,,,," -197",",,S"," -317",",,S"," -243","H,,S"
"AYM00089574","2008-10-04","-69.383","76.383","64.0","PROGRESS, AY",,,,,,," -217",",,S"," -144","H,,S"
"AYM00089574","2008-12-16","-69.383","76.383","64.0","PROGRESS, AY",,,,,"   24",",,S","  -44",",,S","   -9","H,,S"
"AYM00089574","2008-12-17","-69.383","76.383","64.0","PROGRESS, AY",,,,,"    9",",,S",,,"  -17","H,,S"
"AYM00089574","2008-12-19","-69.383","76.383","64.0","PROGRESS, AY",,,,,"   52",",,S","  -23",",,S","    8","H,,S"
"AYM00089574","2008-12-20","-69.383","76.383","64.0","PROGRESS, AY",,,,,"   44",",,S","   -9",",,S","   13","H,,S"
"AYM00089574","2008-12-21","-69.383","76.383","64.0","PROGRESS, AY",,,,,"   34",",,S","  -15",",,S","   13","H,,S"
"AYM00089574","2008-12-22","-69.383","76.383","64.0","PROGRESS, AY",,,,,"   47",",,S","  -21",",,S","   12","H,,S"
"AYM00089574","2008-12-23","-69.383","76.383","64.0","PROGRESS, AY",,,,,"   40",",,S","   -6",",,S","   10","H,,S"
"AYM00089574","2008-12-24","-69.383","76.383","64.0","PROGRESS, AY",,,,,"   54",",,S","  -23",",,S","   10","H,,S"
"AYM00089574","2008-12-25","-69.383","76.383","64.0","PROGRESS, AY",,,,,"   72",",,S","  -13",",,S","   31","H,,S"
"AYM00089574","2008-12-26","-69.383","76.383","64.0","PROGRESS, AY",,,,,"   53",",,S","   15",",,S","   34","H,,S"
"AYM00089574","2008-12-27","-69.383","76.383","64.0","PROGRESS, AY",,,,,"   50",",,S","   -2",",,S","   21","H,,S"
"AYM00089574","2008-12-28","-69.383","76.383","64.0","PROGRESS, AY",,,,,"   65",",,S","   -1",",,S","   27","H,,S"
"AYM00089574","2008-12-29","-69.383","76.383","64.0","PROGRESS, AY",,,,,"   41",",,S","    2",",,S","   18","H,,S"
"AYM00089574","2008-12-30","-69.383","76.383","64.0","PROGRESS, AY",,,,,"   20",",,S",,,"    1","H,,S"
"AYM00089574","2008-12-31","-69.383","76.383","64.0","PROGRESS, AY",,,,,"   15",",,S","  -32",",,S","    0","H,,S"
"AYM00089574","2009-01-01","-69.383","76.383","64.0","PROGRESS, AY",,,,,"   30",",,S",,,"    5","H,,S"
"AYM00089574","2009-01-02","-69.383","76.383","64.0","PROGRESS, AY",,,,,"   28",",,S","  -28",",,S","    3","H,,S"
"AYM00089574","2009-01-03","-69.383","76.383","64.0","PROGRESS, AY",,,,,"   27",",,S","  -22",",,S","    3","H,,S"
"AYM00089574","2009-01-04","-69.383","76.383","64.0","PROGRESS, AY",,,,,"   36",",,S",,,"   11","H,,S"
"AYM00089574","2009-01-05","-69.383","76.383","64.0","PROGRESS, AY",,,,,"   19",",,S",,,"   -6","H,,S"
"AYM00089574","2009-01-06","-69.383","76.383","64.0","PROGRESS, AY",,,,,"   16",",,S",,,"  -12","H,,S"
"AYM00089574","2009-01-07","-69.383","76.383","64.0","PROGRESS, AY",,,,,"   23",",,S","  -27",",,S","   -3","H,,S"
"AYM00089574","2009-01-08","-69.383","76.383","64.0","PROGRESS, AY",,,,,"   22",",,S","  -35",",,S","   -2","H,,S"
"AYM00089574","2009-01-09","-69.383","76.383","64.0","PROGRESS, AY",,,,,"   15",",,S","  -24",",,S","   -1","H,,S"
"AYM00089574","2009-01-10","-69.383","76.383","64.0","PROGRESS, AY",,,,,"   34",",,S","  -16",",,S","    1","H,,S"
"AYM00089574","2009-01-11","-69.383","76.383","64.0","PROGRESS, AY",,,,,"   26",",,S","  -25",",,S","    0","H,,S"
"AYM00089574","2009-01-12","-69.383","76.383","64.0","PROGRESS, AY",,,,,"   31",",,S","  -34",",,S","    6","H,,S"
"AYM00089574","2009-01-13","-69.383","76.383","64.0","PROGRESS, AY","    0","B,,S",,,"   27",",,S","    0",",,S","    8","H,,S"
"AYM00089574","2009-01-14","-69.383","76.383","64.0","PROGRESS, AY",,,,,"   12",",,S","  -10",",,S","   -2","H,,S"
"AYM00089574","2009-01-15","-69.383","76.383","64.0","PROGRESS, AY",,,,,"   29",",,S","  -15",",,S","   12","H,,S"
"AYM00089574","2009-01-16","-69.383","76.383","64.0","PROGRESS, AY",,,,,"   45",",,S",,,"   17","H,,S"
"AYM00089574","2009-01-17","-69.383","76.383","64.0","PROGRESS, AY",,,,,"   23",",,S","  -36",",,S","   -9","H,,S"
"AYM00089574","2009-01-18","-69.383","76.383","64.0","PROGRESS, AY","    0","B,,S",,,"   10",",,S","  -40",",,S","  -11","H,,S"
"AYM00089574","2009-01-19","-69.383","76.383","64.0","PROGRESS, AY",,,,,"   29",",,S",,,"   -9","H,,S"
"AYM00089574","2009-01-20","-69.383","76.383","64.0","PROGRESS, AY",,,,,"   -2",",,S","  -60",",,S","  -21","H,,S"
"AYM00089574","2009-01-21","-69.383","76.383","64.0","PROGRESS, AY",,,,,"    5",",,S","  -42",",,S","  -12","H,,S"
"AYM00089574","2009-01-22","-69.383","76.383","64.0","PROGRESS, AY",,,,,"   18",",,S","  -47",",,S","  -16","H,,S"
"AYM00089574","2009-01-23","-69.383","76.383","64.0","PROGRESS, AY",,,,,"   10",",,S","  -48",",,S","  -16","H,,S"
"AYM00089574","2009-01-24","-69.383","76.383","64.0","PROGRESS, AY",,,,,"   13",",,S",,,"  -20","H,,S"
"AYM00089574","2009-01-25","-69.383","76.383","64.0","PROGRESS, AY",,,,,"    2",",,S","  -56",",,S","  -21","H,,S"
"AYM00089574","2009-01-26","-69.383","76.383","64.0","PROGRESS, AY","    0","B,,S",,,,,,,"  -16","H,,S"
"AYM00089574","2009-01-27","-69.383","76.383","64.0","PROGRESS, AY",,,,,"    8",",,S","  -55",",,S","  -18","H,,S"
"AYM00089574","2009-01-28","-69.383","76.383","64.0","PROGRESS, AY",,,,,"   41",",,S","  -53",",,S","   -1","H,,S"
"AYM00089574","2009-01-29","-69.383","76.383","64.0","PROGRESS, AY",,,,,"   58",",,S","  -16",",,S","   31","H,,S"
"AYM00089574","2009-01-30","-69.383","76.383","64.0","PROGRESS, AY",,,,,"   66",",,S","   -3",",,S","   43","H,,S"
"AYM00089574","2009-01-31","-69.383","76.383","64.0","PROGRESS, AY",,,,,"   78",",,S","   25",",,S","   57","H,,S"
"AYM00089574","2009-02-01","-69.383","76.383","64.0","PROGRESS, AY",,,,,"   40",",,S",,,"   19","H,,S"
"AYM00089574","2009-02-02","-69.383","76.383","64.0","PROGRESS, AY",,,,,"   29",",,S","  -15",",,S","    9","H,,S"
"AYM00089574","2009-02-03","-69.383","76.383","64.0","PROGRESS, AY",,,,,"    1",",,S","  -21",",,S","  -12","H,,S"
"AYM00089574","2009-02-04","-69.383","76.383","64.0","PROGRESS, AY",,,,,,,"  -48",",,S","   -3","H,,S"
"AYM00089574","2009-02-05","-69.383","76.383","64.0","PROGRESS, AY","  130","B,,S",,,,,,,"    6","H,,S"
"AYM00089574","2009-02-06","-69.383","76.383","64.0","PROGRESS, AY","   81","B,,S",,,"    8",",,S","   -8",",,S","   -2","H,,S"
"AYM00089574","2009-02-07","-69.383","76.383","64.0","PROGRESS, AY","   41","B,,S",,,"    1",",,S","  -10",",,S","   -5","H,,S"
"AYM00089574","2009-02-08","-69.383","76.383","64.0","PROGRESS, AY",,,,,"   -2",",,S","  -22",",,S","  -10","H,,S"
"AYM00089574","2009-02-09","-69.383","76.383","64.0","PROGRESS, AY",,,,,"   -9",",,S","  -16",",,S","  -13","H,,S"
"AYM00089574","2009-02-10","-69.383","76.383","64.0","PROGRESS, AY","   23","B,,S",,,"   -9",",,S",,,"  -34","H,,S"
"AYM00089574","2009-02-11","-69.383","76.383","64.0","PROGRESS, AY",,,,,,," -112",",,S","  -36","H,,S"
"AYM00089574","2009-02-12","-69.383","76.383","64.0","PROGRESS, AY","   10","B,,S",,,"   -2",",,S",,,"   -8","H,,S"
"AYM00089574","2009-02-13","-69.383","76.383","64.0","PROGRESS, AY",,,,,,,"  -50",",,S","  -41","H,,S"
"AYM00089574","2009-02-14","-69.383","76.383","64.0","PROGRESS, AY",,,,,"  -16",",,S",,,"  -23","H,,S"
"AYM00089574","2009-02-15","-69.383","76.383","64.0","PROGRESS, AY",,,,,"  -36",",,S",,,"  -58","H,,S"
"AYM00089574","2009-02-16","-69.383","76.383","64.0","PROGRESS, AY",,,,,"  -36",",,S","  -80",",,S","  -57","H,,S"
"AYM00089574","2009-02-17","-69.383","76.383","64.0","PROGRESS, AY",,,,,"   16",",,S","  -91",",,S","  -49","H,,S"
"AYM00089574","2009-02-18","-69.383","76.383","64.0","PROGRESS, AY",,,,,"   62",",,S","  -42",",,S","  -25","H,,S"
"AYM00089574","2009-02-19","-69.383","76.383","64.0","PROGRESS, AY",,,,,"  -19",",,S",,,"  -51","H,,S"
"AYM00089574","2009-02-20","-69.383","76.383","64.0","PROGRESS, AY",,,,,"    3",",,S","  -90",",,S","  -27","H,,S"
"AYM00089574","2009-02-21","-69.383","76.383","64.0","PROGRESS, AY",,,,,"   15",",,S",,,"   -1","H,,S"
"AYM00089574","2009-02-22","-69.383","76.383","64.0","PROGRESS, AY",,,,,"   -1",",,S",,,"  -26","H,,S"
"AYM00089574","2009-02-23","-69.383","76.383","64.0","PROGRESS, AY",,,,,"  -31",",,S","  -59",",,S","  -43","H,,S"
"AYM00089574","2009-02-24","-69.383","76.383","64.0","PROGRESS, AY","    0","B,,S",,,"  -18",",,S",,,"  -32","H,,S"
"AYM00089574","2009-02-25","-69.383","76.383","64.0","PROGRESS, AY",,,,,"  -15",",,S","  -45",",,S","  -32","H,,S"
"AYM00089574","2009-02-26","-69.383","76.383","64.0","PROGRESS, AY",,,,,"  -26",",,S","  -55",",,S","  -41","H,,S"
"AYM00089574","2009-02-27","-69.383","76.383","64.0","PROGRESS, AY",,,,,"  -28",",,S","  -49",",,S","  -36","H,,S"
"AYM00089574","2009-03-01","-69.383","76.383","64.0","PROGRESS, AY",,,,,,,"  -61",",,S","  -31","H,,S"
"AYM00089574","2009-03-04","-69.383","76.383","64.0","PROGRESS, AY",,,,,"  -17",",,S","  -48",",,S","  -34","H,,S"
"AYM00089574","2009-03-05","-69.383","76.383","64.0","PROGRESS, AY",,,,,"  -30",",,S",,,"  -42","H,,S"
"AYM00089574","2009-03-06","-69.383","76.383","64.0","PROGRESS, AY",,,,,"  -59",",,S",,,"  -71","H,,S"
"AYM00089574","2009-03-07","-69.383","76.383","64.0","PROGRESS, AY",,,,,"  -28",",,S","  -84",",,S","  -57","H,,S"
"AYM00089574","2009-03-08","-69.383","76.383","64.0","PROGRESS, AY","   20","B,,S",,,"  -35",",,S",,,"  -43","H,,S"
"AYM00089574","2009-03-09","-69.383","76.383","64.0","PROGRESS, AY",,,,,"   -7",",,S",,,"  -57","H,,S"
"AYM00089574","2009-03-10","-69.383","76.383","64.0","PROGRESS, AY",,,,,"  -74",",,S",,,"  -98","H,,S"
"AYM00089574","2009-03-11","-69.383","76.383","64.0","PROGRESS, AY",,,,,"  -68",",,S"," -133",",,S","  -89","H,,S"
"AYM00089574","2009-03-12","-69.383","76.383","64.0","PROGRESS, AY",,,,,"  -31",",,S",,,"  -73","H,,S"
"AYM00089574","2009-03-13","-69.383","76.383","64.0","PROGRESS, AY",,,,,"  -62",",,S",,,"  -93","H,,S"
"AYM00089574","2009-03-14","-69.383","76.383","64.0","PROGRESS, AY",,,,,,,,," -124","H,,S"
"AYM00089574","2009-03-15","-69.383","76.383","64.0","PROGRESS, AY","    5","B,,S",,,,," -118",",,S","  -51","H,,S"
"AYM00089574","2009-03-16","-69.383","76.383","64.0","PROGRESS, AY","   13","B,,S",,,"  -25",",,S",,,"  -45","H,,S"
"AYM00089574","2009-03-17","-69.383","76.383","64.0","PROGRESS, AY","    5","B,,S",,,"  -42",",,S",,,"  -67","H,,S"
"AYM00089574","2009-03-19","-69.383","76.383","64.0","PROGRESS, AY",,,,,"  -39",",,S"," -106",",,S","  -78","H,,S"
"AYM00089574","2009-03-20","-69.383","76.383","64.0","PROGRESS, AY",,,,,"  -42",",,S","  -75",",,S","  -61","H,,S"
"AYM00089574","2009-03-21","-69.383","76.383","64.0","PROGRESS, AY",,,,,"  -67",",,S","  -94",",,S","  -77","H,,S"
"AYM00089574","2009-03-22","-69.383","76.383","64.0","PROGRESS, AY",,,,,,,"  -71",",,S","  -46","H,,S"
"AYM00089574","2009-03-23","-69.383","76.383","64.0","PROGRESS, AY",,,,,,,,,"  -40","H,,S"
"AYM00089574","2009-03-24","-69.383","76.383","64.0","PROGRESS, AY",,,,,,,,,"  -78","H,,S"
"AYM00089574","2009-03-25","-69.383","76.383","64.0","PROGRESS, AY",,,,,"  -40",",,S","  -87",",,S","  -51","H,,S"
"AYM00089574","2009-03-26","-69.383","76.383","64.0","PROGRESS, AY",,,,,,,,,"  -81","H,,S"
"AYM00089574","2009-03-27","-69.383","76.383","64.0","PROGRESS, AY",,,,," -104",",,S",,," -118","H,,S"
"AYM00089574","2009-03-28","-69.383","76.383","64.0","PROGRESS, AY",,,,," -133",",,S",,," -149","H,,S"
"AYM00089574","2009-03-29","-69.383","76.383","64.0","PROGRESS, AY",,,,," -154",",,S",,," -168","H,,S"
"AYM00089574","2009-03-30","-69.383","76.383","64.0","PROGRESS, AY",,,,," -163",",,S"," -190",",,S"," -174","H,,S"
"AYM00089574","2009-03-31","-69.383","76.383","64.0","PROGRESS, AY",,,,," -135",",,S"," -182",",,S"," -151","H,,S"
"AYM00089574","2009-04-01","-69.383","76.383","64.0","PROGRESS, AY",,,,,"  -95",",,S"," -145",",,S"," -119","H,,S"
"AYM00089574","2009-04-02","-69.383","76.383","64.0","PROGRESS, AY",,,,,"  -70",",,S"," -112",",,S","  -86","H,,S"
"AYM00089574","2009-04-03","-69.383","76.383","64.0","PROGRESS, AY",,,,," -101",",,S"," -115",",,S"," -108","H,,S"
"AYM00089574","2009-04-04","-69.383","76.383","64.0","PROGRESS, AY",,,,,,,,," -126","H,,S"
"AYM00089574","2009-04-05","-69.383","76.383","64.0","PROGRESS, AY",,,,,,," -130",",,S","  -99","H,,S"
"AYM00089574","2009-04-06","-69.383","76.383","64.0","PROGRESS, AY","  185","B,,S",,,,,,," -128","H,,S"
"AYM00089574","2009-04-07","-69.383","76.383","64.0","PROGRESS, AY","  229","B,,S",,," -159",",,S",,," -179","H,,S"
"AYM00089574","2009-04-08","-69.383","76.383","64.0","PROGRESS, AY",,,,,,," -211",",,S"," -148","H,,S"
"AYM00089574","2009-04-09","-69.383","76.383","64.0","PROGRESS, AY","  193","B,,S",,,"  -93",",,S",,," -121","H,,S"
"AYM00089574","2009-04-10","-69.383","76.383","64.0","PROGRESS, AY",,,,,,," -154",",,S"," -102","H,,S"
"AYM00089574","2009-04-11","-69.383","76.383","64.0","PROGRESS, AY",,,,,"  -93",",,S",,," -100","H,,S"
"AYM00089574","2009-04-12","-69.383","76.383","64.0","PROGRESS, AY",,,,," -112",",,S",,," -161","H,,S"
"AYM00089574","2009-04-13","-69.383","76.383","64.0","PROGRESS, AY",,,,," -192",",,S"," -254",",,S"," -221","H,,S"
"AYM00089574","2009-04-14","-69.383","76.383","64.0","PROGRESS, AY",,,,," -113",",,S"," -221",",,S"," -127","H,,S"
"AYM00089574","2009-04-15","-69.383","76.383","64.0","PROGRESS, AY",,,,," -103",",,S"," -131",",,S"," -112","H,,S"
"AYM00089574","2009-04-16","-69.383","76.383","64.0","PROGRESS, AY",,,,," -101",",,S"," -115",",I,S"," -109","H,,S"
"AYM00089574","2009-04-17","-69.383","76.383","64.0","PROGRESS, AY",,,,," -128",",I,S",,," -144","H,,S"
"AYM00089574","2009-04-18","-69.383","76.383","64.0","PROGRESS, AY",,,,,,," -182",",,S"," -150","H,,S"
"AYM00089574","2009-04-19","-69.383","76.383","64.0","PROGRESS, AY",,,,," -115",",,S"," -144",",,S"," -128","H,,S"
"AYM00089574","2009-04-20","-69.383","76.383","64.0","PROGRESS, AY",,,,," -102",",,S"," -130",",,S"," -118","H,,S"
"AYM00089574","2009-04-21","-69.383","76.383","64.0","PROGRESS, AY",,,,," -138",",,S"," -143",",,S"," -141","H,,S"
"AYM00089574","2009-04-22","-69.383","76.383","64.0","PROGRESS, AY",,,,,,,,," -159","H,,S"
"AYM00089574","2009-04-23","-69.383","76.383","64.0","PROGRESS, AY",,,,," -177",",,S",,," -184","H,,S"
"AYM00089574","2009-04-24","-69.383","76.383","64.0","PROGRESS, AY",,,,," -167",",,S"," -190",",,S"," -175","H,,S"
"AYM00089574","2009-04-25","-69.383","76.383","64.0","PROGRESS, AY",,,,," -111",",,S"," -280",",,S"," -125","H,,S"
"AYM00089574","2009-04-26","-69.383","76.383","64.0","PROGRESS, AY",,,,," -109",",,S"," -125",",,S"," -119","H,,S"
"AYM00089574","2009-04-27","-69.383","76.383","64.0","PROGRESS, AY",,,,,"  -63",",,S"," -125",",,S","  -77","H,,S"
"AYM00089574","2009-04-28","-69.383","76.383","64.0","PROGRESS, AY",,,,,"  -82",",,S",,,"  -93","H,,S"
"AYM00089574","2009-04-29","-69.383","76.383","64.0","PROGRESS, AY",,,,,"  -70",",,S",,," -112","H,,S"
"AYM00089574","2009-04-30","-69.383","76.383","64.0","PROGRESS, AY",,,,,,,,," -141","H,,S"
"AYM00089574","2009-05-02","-69.383","76.383","64.0","PROGRESS, AY",,,,,,,,," -131","H,,S"
"AYM00089574","2009-05-03","-69.383","76.383","64.0","PROGRESS, AY",,,,," -131",",,S"," -146",",,S"," -141","H,,S"
"AYM00089574","2009-05-04","-69.383","76.383","64.0","PROGRESS, AY",,,,,"  -92",",,S"," -142",",,S"," -109","H,,S"
"AYM00089574","2009-05-05","-69.383","76.383","64.0","PROGRESS, AY",,,,," -118",",,S"," -140",",,S"," -132","H,,S"
"AYM00089574","2009-05-06","-69.383","76.383","64.0","PROGRESS, AY",,,,,,," -164",",,S"," -156","H,,S"
"AYM00089574","2009-05-07","-69.383","76.383","64.0","PROGRESS, AY",,,,," -123",",,S"," -153",",,S"," -126","H,,S"
"AYM00089574","2009-05-08","-69.383","76.383","64.0","PROGRESS, AY",,,,,,," -126",",,S","  -89","H,,S"
"AYM00089574","2009-05-09","-69.383","76.383","64.0","PROGRESS, AY",,,,,"  -74",",,S","  -95",",,S","  -81","H,,S"
"AYM00089574","2009-05-10","-69.383","76.383","64.0","PROGRESS, AY",,,,,,,,," -142","H,,S"
"AYM00089574","2009-05-11","-69.383","76.383","64.0","PROGRESS, AY",,,,," -165",",,S",,," -171","H,,S"
"AYM00089574","2009-05-12","-69.383","76.383","64.0","PROGRESS, AY",,,,," -163",",,S",,," -187","H,,S"
"AYM00089574","2009-05-13","-69.383","76.383","64.0","PROGRESS, AY",,,,,,," -211",",,S"," -187","H,,S"
"AYM00089574","2009-05-14","-69.383","76.383","64.0","PROGRESS, AY",,,,,,," -176",",,S"," -123","H,,S"
"AYM00089574","2009-05-15","-69.383","76.383","64.0","PROGRESS, AY",,,,,,," -108",",,S","  -86","H,,S"
"AYM00089574","2009-05-16","-69.383","76.383","64.0","PROGRESS, AY",,,,,"  -89",",,S",,," -102","H,,S"
"AYM00089574","2009-05-17","-69.383","76.383","64.0","PROGRESS, AY",,,,," -122",",,S",,," -134","H,,S"
"AYM00089574","2009-05-18","-69.383","76.383","64.0","PROGRESS, AY",,,,,,,,," -150","H,,S"
"AYM00089574","2009-05-19","-69.383","76.383","64.0","PROGRESS, AY",,,,,"  -91",",,S"," -147",",,S","  -99","H,,S"
"AYM00089574","2009-05-20","-69.383","76.383","64.0","PROGRESS, AY","  185","B,,S",,,,,,," -104","H,,S"
"AYM00089574","2009-05-21","-69.383","76.383","64.0","PROGRESS, AY",,,,,"  -55",",,S",,,"  -74","H,,S"
"AYM00089574","2009-05-22","-69.383","76.383","64.0","PROGRESS, AY",,,,,"  -78",",,S",,,"  -93","H,,S"
"AYM00089574","2009-05-23","-69.383","76.383","64.0","PROGRESS, AY",,,,," -113",",,S",,," -146","H,,S"
"AYM00089574","2009-05-24","-69.383","76.383","64.0","PROGRESS, AY",,,,,,," -195",",,S"," -128","H,,S"
"AYM00089574","2009-05-25","-69.383","76.383","64.0","PROGRESS, AY","    5","B,,S",,,"  -41",",,S",,,"  -78","H,,S"
"AYM00089574","2009-05-26","-69.383","76.383","64.0","PROGRESS, AY",,,,,,," -161",",,S"," -134","H,,S"
"AYM00089574","2009-05-27","-69.383","76.383","64.0","PROGRESS, AY",,,,,,,,," -145","H,,S"
"AYM00089574","2009-05-28","-69.383","76.383","64.0","PROGRESS, AY",,,,,,," -187",",,S"," -156","H,,S"
"AYM00089574","2009-05-29","-69.383","76.383","64.0","PROGRESS, AY",,,,,,,,," -124","H,,S"
"AYM00089574","2009-05-30","-69.383","76.383","64.0","PROGRESS, AY",,,,,"  -67",",,S",,,"  -90","H,,S"
"AYM00089574","2009-05-31","-69.383","76.383","64.0","PROGRESS, AY",,,,,"  -25",",,S"," -130",",,S","  -53","H,,S"
"AYM00089574","2009-06-01","-69.383","76.383","64.0","PROGRESS, AY",,,,,,,,,"  -88","H,,S"
"AYM00089574","2009-06-02","-69.383","76.383","64.0","PROGRESS, AY",,,,," -163",",,S",,," -198","H,,S"
"AYM00089574","2009-06-03","-69.383","76.383","64.0","PROGRESS, AY",,,,,,," -211",",,S"," -117","H,,S"
"AYM00089574","2009-06-04","-69.383","76.383","64.0","PROGRESS, AY",,,,,"  -33",",,S","  -64",",I,S","  -48","H,,S"
"AYM00089574","2009-06-05","-69.383","76.383","64.0","PROGRESS, AY",,,,,"  -75",",I,S",,," -124","H,,S"
"AYM00089574","2009-06-06","-69.383","76.383","64.0","PROGRESS, AY",,,,," -175",",,S",,," -188","H,,S"
"AYM00089574","2009-06-07","-69.383","76.383","64.0","PROGRESS, AY",,,,," -161",",,S"," -201",",,S"," -174","H,,S"
"AYM00089574","2009-06-08","-69.383","76.383","64.0","PROGRESS, AY","  142","B,,S",,," -136",",,S",,," -158","H,,S"
"AYM00089574","2009-06-09","-69.383","76.383","64.0","PROGRESS, AY","  155","B,,S",,,,," -201",",,S"," -186","H,,S"
"AYM00089574","2009-06-10","-69.383","76.383","64.0","PROGRESS, AY",,,,," -161",",,S",,," -177","H,,S"
"AYM00089574","2009-06-11","-69.383","76.383","64.0","PROGRESS, AY",,,,,,," -180",",,S"," -172","H,,S"
"AYM00089574","2009-06-12","-69.383","76.383","64.0","PROGRESS, AY",,,,,"  -35",",,S"," -181",",,S","  -73","H,,S"
"AYM00089574","2009-06-13","-69.383","76.383","64.0","PROGRESS, AY","    5","B,,S",,,"   -5",",,S","  -50",",,S","  -23","H,,S"
"AYM00089574","2009-06-14","-69.383","76.383","64.0","PROGRESS, AY",,,,,"  -22",",,S",,,"  -46","H,,S"
"AYM00089574","2009-06-28","-69.383","76.383","64.0","PROGRESS, AY",,,,,"  -82",",,S"," -163",",,S","  -95","H,,S"
"AYM00089574","2009-06-29","-69.383","76.383","64.0","PROGRESS, AY",,,,,,,,," -103","H,,S"
"AYM00089574","2009-06-30","-69.383","76.383","64.0","PROGRESS, AY",,,,," -142",",,S",,," -176","H,,S"
"AYM00089574","2009-07-01","-69.383","76.383","64.0","PROGRESS, AY",,,,,,,,," -243","H,,S"
"AYM00089574","2009-07-02","-69.383","76.383","64.0","PROGRESS, AY",,,,," -219",",,S",,," -244","H,,S"
"AYM00089574","2009-07-03","-69.383","76.383","64.0","PROGRESS, AY",,,,,,,,," -278","H,,S"
"AYM00089574","2009-07-04","-69.383","76.383","64.0","PROGRESS, AY",,,,,,," -301",",,S"," -221","H,,S"
"AYM00089574","2009-07-05","-69.383","76.383","64.0","PROGRESS, AY",,,,,,," -190",",,S"," -122","H,,S"
"AYM00089574","2009-07-06","-69.383","76.383","64.0","PROGRESS, AY",,,,," -104",",,S"," -140",",,S"," -126","H,,S"
"AYM00089574","2009-07-07","-69.383","76.383","64.0","PROGRESS, AY",,,,,"  -88",",,S"," -150",",,S"," -107","H,,S"
"AYM00089574","2009-07-08","-69.383","76.383","64.0","PROGRESS, AY",,,,,,,,," -126","H,,S"
"AYM00089574","2009-07-09","-69.383","76.383","64.0","PROGRESS, AY",,,,,,,,," -157","H,,S"
"AYM00089574","2009-07-10","-69.383","76.383","64.0","PROGRESS, AY",,,,," -146",",,S",,," -185","H,,S"
"AYM00089574","2009-07-11","-69.383","76.383","64.0","PROGRESS, AY",,,,,,," -251",",,S"," -148","H,,S"
"AYM00089574","2009-07-12","-69.383","76.383","64.0","PROGRESS, AY",,,,,"    4",",,S",,,"  -24","H,,S"
"AYM00089574","2009-07-13","-69.383","76.383","64.0","PROGRESS, AY","   10","B,,S",,,"  -63",",,S",,,"  -90","H,,S"
"AYM00089574","2009-07-14","-69.383","76.383","64.0","PROGRESS, AY",,,,,"  -15",",,S",,,"  -60","H,,S"
"AYM00089574","2009-07-15","-69.383","76.383","64.0","PROGRESS, AY",,,,,,,,," -123","H,,S"
"AYM00089574","2009-07-16","-69.383","76.383","64.0","PROGRESS, AY",,,,,,,,,"  -83","H,,S"
"AYM00089574","2009-07-17","-69.383","76.383","64.0","PROGRESS, AY",,,,,,,,," -117","H,,S"
"AYM00089574","2009-07-18","-69.383","76.383","64.0","PROGRESS, AY",,,,,"  -55",",,S"," -114",",,S","  -70","H,,S"
"AYM00089574","2009-07-19","-69.383","76.383","64.0","PROGRESS, AY",,,,,"  -62",",,S",,,"  -73","H,,S"
"AYM00089574","2009-07-20","-69.383","76.383","64.0","PROGRESS, AY","    0","B,,S",,,"  -92",",,S"," -102",",,S","  -97","H,,S"
"AYM00089574","2009-07-21","-69.383","76.383","64.0","PROGRESS, AY",,,,,"  -74",",,S","  -96",",,S","  -82","H,,S"
"AYM00089574","2009-07-22","-69.383","76.383","64.0","PROGRESS, AY",,,,,"  -80",",,S",,," -112","H,,S"
"AYM00089574","2009-07-23","-69.383","76.383","64.0","PROGRESS, AY",,,,," -151",",,S",,," -178","H,,S"
"AYM00089574","2009-07-24","-69.383","76.383","64.0","PROGRESS, AY",,,,,"  -98",",,S"," -188",",,S"," -120","H,,S"
"AYM00089574","2009-07-25","-69.383","76.383","64.0","PROGRESS, AY",,,,,,," -161",",,S"," -119","H,,S"
"AYM00089574","2009-07-26","-69.383","76.383","64.0","PROGRESS, AY",,,,,,," -101",",,S","  -78","H,,S"
"AYM00089574","2009-07-28","-69.383","76.383","64.0","PROGRESS, AY",,,,,,,,," -152","H,,S"
"AYM00089574","2009-07-29","-69.383","76.383","64.0","PROGRESS, AY",,,,,"  -69",",,S"," -131",",,S","  -84","H,,S"
"AYM00089574","2009-07-30","-69.383","76.383","64.0","PROGRESS, AY",,,,,,,,,"  -87","H,,S"
"AYM00089574","2009-07-31","-69.383","76.383","64.0","PROGRESS, AY",,,,,"  -67",",,S",,,"  -93","H,,S"
"AYM00089574","2009-08-01","-69.383","76.383","64.0","PROGRESS, AY",,,,," -101",",,S"," -126",",,S"," -112","H,,S"
"AYM00089574","2009-08-02","-69.383","76.383","64.0","PROGRESS, AY",,,,," -136",",,S",,," -144","H,,S"
"AYM00089574","2009-08-03","-69.383","76.383","64.0","PROGRESS, AY",,,,,,,,," -170","H,,S"
"AYM00089574","2009-08-04","-69.383","76.383","64.0","PROGRESS, AY",,,,," -186",",,S",,," -198","H,,S"
"AYM00089574","2009-08-05","-69.383","76.383","64.0","PROGRESS, AY",,,,,,,,," -222","H,,S"
"AYM00089574","2009-08-06","-69.383","76.383","64.0","PROGRESS, AY",,,,," -221",",,S",,," -237","H,,S"
"AYM00089574","2009-08-07","-69.383","76.383","64.0","PROGRESS, AY",,,,," -254",",,S"," -265",",,S"," -258","H,,S"
"AYM00089574","2009-08-08","-69.383","76.383","64.0","PROGRESS, AY",,,,," -229",",,S"," -264",",,S"," -242","H,,S"
"AYM00089574","2009-08-09","-69.383","76.383","64.0","PROGRESS, AY",,,,," -201",",,S"," -229",",,S"," -208","H,,S"
"AYM00089574","2009-08-10","-69.383","76.383","64.0","PROGRESS, AY",,,,," -203",",,S"," -211",",,S"," -206","H,,S"
"AYM00089574","2009-08-11","-69.383","76.383","64.0","PROGRESS, AY",,,,," -166",",,S"," -215",",,S"," -182","H,,S"
"AYM00089574","2009-08-12","-69.383","76.383","64.0","PROGRESS, AY",,,,,"  -80",",,S"," -168",",,S","  -98","H,,S"
"AYM00089574","2009-08-13","-69.383","76.383","64.0","PROGRESS, AY","  505","B,,S",,,,,"  -96",",,S","  -67","H,,S"
"AYM00089574","2009-08-14","-69.383","76.383","64.0","PROGRESS, AY",,,,,"  -72",",,S",,,"  -80","H,,S"
"AYM00089574","2009-08-15","-69.383","76.383","64.0","PROGRESS, AY",,,,,,," -121",",,S","  -98","H,,S"
"AYM00089574","2009-08-16","-69.383","76.383","64.0","PROGRESS, AY",,,,,"  -78",",,S",,,"  -90","H,,S"
"AYM00089574","2009-08-17","-69.383","76.383","64.0","PROGRESS, AY",,,,," -113",",,S",,," -149","H,,S"
"AYM00089574","2009-08-18","-69.383","76.383","64.0","PROGRESS, AY",,,,,,," -230",",,S"," -188","H,,S"
"AYM00089574","2009-08-19","-69.383","76.383","64.0","PROGRESS, AY",,,,," -170",",,S",,," -189","H,,S"
"AYM00089574","2009-08-20","-69.383","76.383","64.0","PROGRESS, AY",,,,," -220",",,S",,," -241","H,,S"
"AYM00089574","2009-08-22","-69.383","76.383","64.0","PROGRESS, AY",,,,,,," -353",",,S"," -257","H,,S"
"AYM00089574","2009-08-23","-69.383","76.383","64.0","PROGRESS, AY","   10","B,,S",,," -142",",,S",,," -166","H,,S"
"AYM00089574","2009-08-24","-69.383","76.383","64.0","PROGRESS, AY",,,,," -184",",,S"," -218",",,S"," -204","H,,S"
"AYM00089574","2009-08-25","-69.383","76.383","64.0","PROGRESS, AY","    5","B,,S",,," -209",",,S",,," -237","H,,S"
"AYM00089574","2009-08-26","-69.383","76.383","64.0","PROGRESS, AY",,,,,,," -242",",,S"," -208","H,,S"
"AYM00089574","2009-08-27","-69.383","76.383","64.0","PROGRESS, AY",,,,," -102",",,S"," -145",",,S"," -116","H,,S"
"AYM00089574","2009-08-28","-69.383","76.383","64.0","PROGRESS, AY","    5","B,,S",,," -105",",,S"," -119",",,S"," -116","H,,S"
"AYM00089574","2009-08-29","-69.383","76.383","64.0","PROGRESS, AY",,,,,,,,," -139","H,,S"
"AYM00089574","2009-08-30","-69.383","76.383","64.0","PROGRESS, AY",,,,,,,,," -168","H,,S"
"AYM00089574","2009-08-31","-69.383","76.383","64.0","PROGRESS, AY",,,,,,,,," -179","H,,S"
"AYM00089574","2009-09-01","-69.383","76.383","64.0","PROGRESS, AY",,,,," -134",",,S"," -178",",,S"," -151","H,,S"
"AYM00089574","2009-09-02","-69.383","76.383","64.0","PROGRESS, AY",,,,,,," -155",",,S"," -114","H,,S"
"AYM00089574","2009-09-04","-69.383","76.383","64.0","PROGRESS, AY",,,,,"  -87",",,S"," -102",",,S","  -96","H,,S"
"AYM00089574","2009-09-05","-69.383","76.383","64.0","PROGRESS, AY",,,,,"  -95",",,S",,," -118","H,,S"
"AYM00089574","2009-09-06","-69.383","76.383","64.0","PROGRESS, AY",,,,," -123",",,S",,," -139","H,,S"
"AYM00089574","2009-09-07","-69.383","76.383","64.0","PROGRESS, AY",,,,," -147",",,S"," -170",",,S"," -159","H,,S"
"AYM00089574","2009-09-08","-69.383","76.383","64.0","PROGRESS, AY",,,,,,,,," -199","H,,S"
"AYM00089574","2009-09-09","-69.383","76.383","64.0","PROGRESS, AY","    3","B,,S",,," -129",",,S"," -196",",,S"," -151","H,,S"
"AYM00089574","2009-09-10","-69.383","76.383","64.0","PROGRESS, AY",,,,," -118",",,S"," -173",",,S"," -139","H,,S"
"AYM00089574","2009-09-11","-69.383","76.383","64.0","PROGRESS, AY",,,,,"  -95",",,S"," -152",",,S"," -115","H,,S"
"AYM00089574","2009-09-12","-69.383","76.383","64.0","PROGRESS, AY",,,,,"  -95",",,S"," -123",",,S"," -111","H,,S"
"AYM00089574","2009-09-13","-69.383","76.383","64.0","PROGRESS, AY",,,,,"  -36",",,S"," -129",",,S","  -71","H,,S"
"AYM00089574","2009-09-14","-69.383","76.383","64.0","PROGRESS, AY",,,,,,,,,"  -61","H,,S"
"AYM00089574","2009-09-15","-69.383","76.383","64.0","PROGRESS, AY",,,,,"  -56",",,S","  -86",",,S","  -68","H,,S"
"AYM00089574","2009-09-16","-69.383","76.383","64.0","PROGRESS, AY",,,,,"  -65",",,S",,,"  -86","H,,S"
"AYM00089574","2009-09-17","-69.383","76.383","64.0","PROGRESS, AY",,,,," -106",",,S"," -127",",,S"," -122","H,,S"
"AYM00089574","2009-09-18","-69.383","76.383","64.0","PROGRESS, AY",,,,," -110",",,S"," -140",",,S"," -121","H,,S"
"AYM00089574","2009-09-19","-69.383","76.383","64.0","PROGRESS, AY",,,,,"  -87",",,S"," -121",",,S"," -100","H,,S"
"AYM00089574","2009-09-20","-69.383","76.383","64.0","PROGRESS, AY",,,,," -117",",,S",,," -134","H,,S"
"AYM00089574","2009-09-21","-69.383","76.383","64.0","PROGRESS, AY",,,,," -164",",,S",,," -182","H,,S"
"AYM00089574","2009-09-22","-69.383","76.383","64.0","PROGRESS, AY",,,,," -170",",,S",,," -193","H,,S"
"AYM00089574","2009-09-23","-69.383","76.383","64.0","PROGRESS, AY",,,,," -151",",,S"," -206",",,S"," -162","H,,S"
"AYM00089574","2009-09-24","-69.383","76.383","64.0","PROGRESS, AY","   10","B,,S",,," -114",",,S"," -160",",,S"," -123","H,,S"
"AYM00089574","2009-09-26","-69.383","76.383","64.0","PROGRESS, AY",,,,,,," -136",",,S"," -121","H,,S"
"AYM00089574","2009-09-27","-69.383","76.383","64.0","PROGRESS, AY",,,,," -115",",,S"," -160",",,S"," -132","H,,S"
"AYM00089574","2009-09-28","-69.383","76.383","64.0","PROGRESS, AY","   91","B,,S",,,"  -89",",,S",,," -123","H,,S"
"AYM00089574","2009-09-29","-69.383","76.383","64.0","PROGRESS, AY",,,,," -114",",,S"," -147",",,S"," -132","H,,S"
"AYM00089574","2009-09-30","-69.383","76.383","64.0","PROGRESS, AY","   28","B,,S",,," -113",",,S"," -151",",,S"," -134","H,,S"
"AYM00089574","2009-10-01","-69.383","76.383","64.0","PROGRESS, AY","   23","B,,S",,,"  -96",",,S",,," -146","H,,S"
"AYM00089574","2009-10-02","-69.383","76.383","64.0","PROGRESS, AY",,,,," -104",",,S"," -176",",,S"," -136","H,,S"
"AYM00089574","2009-10-03","-69.383","76.383","64.0","PROGRESS, AY",,,,," -128",",,S",,," -155","H,,S"
"AYM00089574","2009-10-04","-69.383","76.383","64.0","PROGRESS, AY",,,,," -133",",,S",,," -171","H,,S"
"AYM00089574","2009-10-05","-69.383","76.383","64.0","PROGRESS, AY",,,,,,," -197",",,S"," -182","H,,S"
"AYM00089574","2009-10-06","-69.383","76.383","64.0","PROGRESS, AY",,,,," -114",",,S"," -191",",,S"," -173","H,,S"
"AYM00089574","2009-10-07","-69.383","76.383","64.0","PROGRESS, AY",,,,,"  -87",",,S",,," -157","H,,S"
"AYM00089574","2009-10-08","-69.383","76.383","64.0","PROGRESS, AY",,,,," -183",",,S"," -235",",,S"," -198","H,,S"
"AYM00089574","2009-10-09","-69.383","76.383","64.0","PROGRESS, AY",,,,," -142",",,S"," -214",",,S"," -185","H,,S"
"AYM00089574","2009-10-10","-69.383","76.383","64.0","PROGRESS, AY",,,,,"  -64",",,S"," -223",",,S"," -152","H,,S"
"AYM00089574","2009-10-12","-69.383","76.383","64.0","PROGRESS, AY",,,,,"  -29",",,S","  -77",",,S","  -51","H,,S"
"AYM00089574","2009-10-13","-69.383","76.383","64.0","PROGRESS, AY",,,,,"  -56",",,S","  -89",",,S","  -79","H,,S"
"AYM00089574","2009-10-14","-69.383","76.383","64.0","PROGRESS, AY",,,,,"  -64",",,S",,,"  -88","H,,S"
"AYM00089574","2009-10-15","-69.383","76.383","64.0","PROGRESS, AY",,,,,"  -94",",,S"," -127",",,S"," -113","H,,S"
"AYM00089574","2009-10-16","-69.383","76.383","64.0","PROGRESS, AY",,,,,"  -77",",,S"," -131",",,S","  -98","H,,S"
"AYM00089574","2009-10-17","-69.383","76.383","64.0","PROGRESS, AY","    3","B,,S",,,"  -65",",,S",,,"  -84","H,,S"
"AYM00089574","2009-10-18","-69.383","76.383","64.0","PROGRESS, AY",,,,,"  -75",",,S",,," -104","H,,S"
"AYM00089574","2009-10-19","-69.383","76.383","64.0","PROGRESS, AY",,,,," -116",",,S"," -163",",,S"," -136","H,,S"
"AYM00089574","2009-10-20","-69.383","76.383","64.0","PROGRESS, AY",,,,,"  -91",",,S"," -150",",,S"," -117","H,,S"
"AYM00089574","2009-10-21","-69.383","76.383","64.0","PROGRESS, AY",,,,,"  -41",",,S"," -133",",,S","  -99","H,,S"
"AYM00089574","2009-10-22","-69.383","76.383","64.0","PROGRESS, AY",,,,,"  -87",",,S"," -139",",,S"," -110","H,,S"
"AYM00089574","2009-10-23","-69.383","76.383","64.0","PROGRESS, AY",,,,,"  -82",",,S",,," -117","H,,S"
"AYM00089574","2009-10-24","-69.383","76.383","64.0","PROGRESS, AY",,,,," -128",",,S"," -187",",,S"," -162","H,,S"
"AYM00089574","2009-10-25","-69.383","76.383","64.0","PROGRESS, AY",,,,," -142",",,S"," -199",",,S"," -179","H,,S"
"AYM00089574","2009-10-26","-69.383","76.383","64.0","PROGRESS, AY",,,,," -119",",,S"," -197",",,S"," -143","H,,S"
"AYM00089574","2009-10-27","-69.383","76.383","64.0","PROGRESS, AY","    5","B,,S",,,"  -62",",,S"," -130",",,S","  -77","H,,S"
"AYM00089574","2009-10-28","-69.383","76.383","64.0","PROGRESS, AY",,,,,,,,,"  -66","H,,S"
"AYM00089574","2009-10-29","-69.383","76.383","64.0","PROGRESS, AY",,,,,"  -85",",,S",,," -108","H,,S"
"AYM00089574","2009-10-30","-69.383","76.383","64.0","PROGRESS, AY",,,,,"  -68",",,S"," -143",",,S"," -102","H,,S"
"AYM00089574","2009-10-31","-69.383","76.383","64.0","PROGRESS, AY",,,,,"  -60",",,S"," -115",",,S","  -92","H,,S"
"AYM00089574","2009-11-01","-69.383","76.383","64.0","PROGRESS, AY",,,,,"  -64",",,S"," -117",",,S","  -88","H,,S"
"AYM00089574","2009-11-02","-69.383","76.383","64.0","PROGRESS, AY",,,,,"  -59",",,S",,,"  -95","H,,S"
"AYM00089574","2009-11-03","-69.383","76.383","64.0","PROGRESS, AY",,,,,"  -84",",,S"," -130",",,S"," -108","H,,S"
"AYM00089574","2009-11-04","-69.383","76.383","64.0","PROGRESS, AY",,,,,"  -86",",,S"," -139",",,S"," -119","H,,S"
"AYM00089574","2009-11-05","-69.383","76.383","64.0","PROGRESS, AY",,,,," -118",",,S",,," -137","H,,S"
"AYM00089574","2009-11-06","-69.383","76.383","64.0","PROGRESS, AY",,,,," -111",",,S"," -169",",,S"," -133","H,,S"
"AYM00089574","2009-11-07","-69.383","76.383","64.0","PROGRESS, AY",,,,,"  -78",",,S"," -138",",,S"," -107","H,,S"
"AYM00089574","2009-11-08","-69.383","76.383","64.0","PROGRESS, AY",,,,,"  -14",",,S"," -124",",,S","  -53","H,,S"
"AYM00089574","2009-11-09","-69.383","76.383","64.0","PROGRESS, AY",,,,,,,"  -38",",,S","  -22","H,,S"
"AYM00089574","2009-11-10","-69.383","76.383","64.0","PROGRESS, AY",,,,,"  -11",",,S","  -68",",,S","  -42","H,,S"
"AYM00089574","2009-11-11","-69.383","76.383","64.0","PROGRESS, AY",,,,,"  -21",",,S","  -75",",,S","  -57","H,,S"
"AYM00089574","2009-11-12","-69.383","76.383","64.0","PROGRESS, AY",,,,,"  -19",",,S","  -86",",,S","  -58","H,,S"
"AYM00089574","2009-11-13","-69.383","76.383","64.0","PROGRESS, AY",,,,,"  -68",",,S"," -126",",,S","  -89","H,,S"
"AYM00089574","2009-11-14","-69.383","76.383","64.0","PROGRESS, AY",,,,,"  -14",",,S","  -79",",,S","  -35","H,,S"
"AYM00089574","2009-11-15","-69.383","76.383","64.0","PROGRESS, AY",,,,,"   13",",,S","  -41",",,S","  -12","H,,S"
"AYM00089574","2009-11-16","-69.383","76.383","64.0","PROGRESS, AY","    5","B,,S",,,,,,,"  -27","H,,S"
"AYM00089574","2009-11-17","-69.383","76.383","64.0","PROGRESS, AY",,,,,"   17",",,S","  -49",",,S","  -18","H,,S"
"AYM00089574","2009-11-19","-69.383","76.383","64.0","PROGRESS, AY",,,,,"   29",",,S","  -22",",,S","   -1","H,,S"
"AYM00089574","2009-11-20","-69.383","76.383","64.0","PROGRESS, AY","   28","B,,S",,,"  -20",",,S",,,"  -29","H,,S"
"AYM00089574","2009-11-21","-69.383","76.383","64.0","PROGRESS, AY","    8","B,,S",,,"   44",",,S",,,"  -36","H,,S"
"AYM00089574","2009-11-22","-69.383","76.383","64.0","PROGRESS, AY",,,,,"  -42",",,S","  -98",",,S","  -60","H,,S"
"AYM00089574","2009-11-23","-69.383","76.383","64.0","PROGRESS, AY",,,,,"  -12",",,S","  -84",",,S","  -42","H,,S"
"AYM00089574","2009-11-24","-69.383","76.383","64.0","PROGRESS, AY",,,,,"  -16",",,S","  -78",",,S","  -36","H,,S"
"AYM00089574","2009-11-25","-69.383","76.383","64.0","PROGRESS, AY","   51","B,,S",,,"    2",",,S","  -32",",,S","  -20","H,,S"
"AYM00089574","2009-11-26","-69.383","76.383","64.0","PROGRESS, AY",,,,,,,"  -37",",,S","  -11","H,,S"
"AYM00089574","2009-11-27","-69.383","76.383","64.0","PROGRESS, AY",,,,,"   22",",,S","  -41",",,S","  -18","H,,S"
"AYM00089574","2009-11-28","-69.383","76.383","64.0","PROGRESS, AY",,,,,,,"  -37",",,S","  -11","H,,S"
"AYM00089574","2009-11-29","-69.383","76.383","64.0","PROGRESS, AY",,,,,"   29",",,S",,,"   -8","H,,S"
"AYM00089574","2009-11-30","-69.383","76.383","64.0","PROGRESS, AY",,,,,"   18",",,S","  -42",",,S","  -10","H,,S"
"AYM00089574","2009-12-02","-69.383","76.383","64.0","PROGRESS, AY",,,,,"   41",",,S","  -22",",,S","    9","H,,S"
"AYM00089574","2009-12-03","-69.383","76.383","64.0","PROGRESS, AY",,,,,"   29",",,S",,,"  -14","H,,S"
"AYM00089574","2009-12-04","-69.383","76.383","64.0","PROGRESS, AY",,,,,"    4",",,S","  -45",",,S","  -22","H,,S"
"AYM00089574","2009-12-07","-69.383","76.383","64.0","PROGRESS, AY",,,,,"   34",",,S","  -13",",,S","   14","H,,S"
"AYM00089574","2009-12-08","-69.383","76.383","64.0","PROGRESS, AY","   15","B,,S",,,"   16",",,S",,,"   -2","H,,S"
"AYM00089574","2009-12-09","-69.383","76.383","64.0","PROGRESS, AY",,,,,"   39",",,S","  -26",",,S","    2","H,,S"
"AYM00089574","2009-12-10","-69.383","76.383","64.0","PROGRESS, AY","    3","B,,S",,,"   38",",,S","  -17",",,S","    7","H,,S"
"AYM00089574","2009-12-11","-69.383","76.383","64.0","PROGRESS, AY",,,,,"   30",",,S","  -10",",,S","    9","H,,S"
"AYM00089574","2009-12-12","-69.383","76.383","64.0","PROGRESS, AY",,,,,"   26",",,S","  -29",",,S","    0","H,,S"
"AYM00089574","2009-12-13","-69.383","76.383","64.0","PROGRESS, AY",,,,,"   10",",,S","  -41",",,S","  -15","H,,S"
"AYM00089574","2009-12-14","-69.383","76.383","64.0","PROGRESS, AY",,,,,"   10",",,S","  -61",",,S","  -18","H,,S"
"AYM00089574","2009-12-15","-69.383","76.383","64.0","PROGRESS, AY",,,,,"   -1",",,S","  -51",",,S","  -17","H,,S"
"AYM00089574","2009-12-16","-69.383","76.383","64.0","PROGRESS, AY",,,,,"   26",",,S","  -32",",,S","   -7","H,,S"
"AYM00089574","2009-12-17","-69.383","76.383","64.0","PROGRESS, AY",,,,,"   11",",,S","  -24",",,S","   -7","H,,S"
"AYM00089574","2009-12-18","-69.383","76.383","64.0","PROGRESS, AY",,,,,"   52",",,S"," -111",",,S","    9","H,,S"
"AYM00089574","2009-12-19","-69.383","76.383","64.0","PROGRESS, AY",,,,,"    3",",,S",,,"  -18","H,,S"
"AYM00089574","2009-12-20","-69.383","76.383","64.0","PROGRESS, AY",,,,,"    0",",,S","  -45",",,S","  -27","H,,S"
"AYM00089574","2009-12-21","-69.383","76.383","64.0","PROGRESS, AY",,,,,"   17",",,S","  -47",",,S","  -24","H,,S"
"AYM00089574","2009-12-22","-69.383","76.383","64.0","PROGRESS, AY",,,,,"   12",",,S","  -49",",,S","  -11","H,,S"
"AYM00089574","2009-12-23","-69.383","76.383","64.0","PROGRESS, AY",,,,,"   44",",,S","  -36",",,S","   13","H,,S"
"AYM00089574","2009-12-24","-69.383","76.383","64.0","PROGRESS, AY",,,,,"   23",",,S","  -19",",,S","   -1","H,,S"
"AYM00089574","2009-12-25","-69.383","76.383","64.0","PROGRESS, AY",,,,,"   19",",,S",,,"  -12","H,,S"
"AYM00089574","2009-12-26","-69.383","76.383","64.0","PROGRESS, AY",,,,,"   10",",,S","  -50",",,S","   -6","H,,S"
"AYM00089574","2009-12-27","-69.383","76.383","64.0","PROGRESS, AY",,,,,"   -8",",,S",,,"  -20","H,,S"
"AYM00089574","2009-12-28","-69.383","76.383","64.0","PROGRESS, AY","  112","B,,S",,,"   -3",",,S",,,"  -28","H,,S"
"AYM00089574","2009-12-29","-69.383","76.383","64.0","PROGRESS, AY","   33","B,,S",,,"   -8",",,S",,,"  -33","H,,S"
"AYM00089574","2009-12-30","-69.383","76.383","64.0","PROGRESS, AY",,,,,"   -3",",,S",,,"  -25","H,,S"
"AYM00089574","2009-12-31","-69.383","76.383","64.0","PROGRESS, AY",,,,,"   16",",,S","  -71",",,S","  -15","H,,S"
"AYM00089574","2010-01-01","-69.383","76.383","64.0","PROGRESS, AY",,,,,"   23",",,S","  -35",",,S","   -9","H,,S"
"AYM00089574","2010-01-02","-69.383","76.383","64.0","PROGRESS, AY",,,,,"   25",",,S","  -32",",,S","   -1","H,,S"
"AYM00089574","2010-01-03","-69.383","76.383","64.0","PROGRESS, AY",,,,,"   33",",,S","  -15",",,S","   10","H,,S"
"AYM00089574","2010-01-04","-69.383","76.383","64.0","PROGRESS, AY",,,,,"   25",",,S","   -7",",,S","    6","H,,S"
"AYM00089574","2010-01-05","-69.383","76.383","64.0","PROGRESS, AY",,,,,"   42",",,S","   -9",",,S","   17","H,,S"
"AYM00089574","2010-01-06","-69.383","76.383","64.0","PROGRESS, AY",,,,,"   44",",,S","    7",",,S","   23","H,,S"
"AYM00089574","2010-01-07","-69.383","76.383","64.0","PROGRESS, AY",,,,,"   32",",,S","   -8",",,S","   16","H,,S"
"AYM00089574","2010-01-08","-69.383","76.383","64.0","PROGRESS, AY",,,,,"   35",",,S","   -5",",,S","   17","H,,S"
"AYM00089574","2010-01-09","-69.383","76.383","64.0","PROGRESS, AY",,,,,"   30",",,S",,,"   10","H,,S"
"AYM00089574","2010-01-10","-69.383","76.383","64.0","PROGRESS, AY",,,,,"   25",",,S","    1",",,S","   11","H,,S"
"AYM00089574","2010-01-11","-69.383","76.383","64.0","PROGRESS, AY",,,,,"   24",",,S","  -19",",,S","    2","H,,S"
"AYM00089574","2010-01-12","-69.383","76.383","64.0","PROGRESS, AY",,,,,"   34",",,S","  -10",",,S","   19","H,,S"
"AYM00089574","2010-01-13","-69.383","76.383","64.0","PROGRESS, AY",,,,,"   40",",,S","   14",",,S","   25","H,,S"
"AYM00089574","2010-01-14","-69.383","76.383","64.0","PROGRESS, AY",,,,,"   44",",,S","   17",",,S","   29","H,,S"
"AYM00089574","2010-01-15","-69.383","76.383","64.0","PROGRESS, AY",,,,,,,"    8",",,S","   21","H,,S"
"AYM00089574","2010-01-16","-69.383","76.383","64.0","PROGRESS, AY",,,,,"   56",",,S","    4",",,S","   23","H,,S"
"AYM00089574","2010-01-17","-69.383","76.383","64.0","PROGRESS, AY",,,,,"   55",",,S","    2",",,S","   22","H,,S"
"AYM00089574","2010-01-18","-69.383","76.383","64.0","PROGRESS, AY",,,,,"   42",",,S","   -1",",,S","   18","H,,S"
"AYM00089574","2010-01-19","-69.383","76.383","64.0","PROGRESS, AY",,,,,"   51",",,S","   -5",",,S","   22","H,,S"
"AYM00089574","2010-01-20","-69.383","76.383","64.0","PROGRESS, AY",,,,,"   44",",,S","   -9",",,S","   26","H,,S"
"AYM00089574","2010-01-21","-69.383","76.383","64.0","PROGRESS, AY",,,,,"   69",",,S","   13",",,S","   39","H,,S"
"AYM00089574","2010-01-22","-69.383","76.383","64.0","PROGRESS, AY",,,,,"   22",",,S",,,"   13","H,,S"
"AYM00089574","2010-01-25","-69.383","76.383","64.0","PROGRESS, AY",,,,,"   42",",,S","    8",",,S","   31","H,,S"
"AYM00089574","2010-01-26","-69.383","76.383","64.0","PROGRESS, AY",,,,,"   41",",,S","   12",",,S","   33","H,,S"
"AYM00089574","2010-01-27","-69.383","76.383","64.0","PROGRESS, AY",,,,,"   55",",,S","   15",",,S","   38","H,,S"
"AYM00089574","2010-01-28","-69.383","76.383","64.0","PROGRESS, AY",,,,,"   59",",,S","   22",",,S","   35","H,,S"
"AYM00089574","2010-01-29","-69.383","76.383","64.0","PROGRESS, AY",,,,,"   37",",,S","    9",",,S","   18","H,,S"
"AYM00089574","2010-01-30","-69.383","76.383","64.0","PROGRESS, AY",,,,,"   35",",,S",,,"   13","H,,S"
"AYM00089574","2010-01-31","-69.383","76.383","64.0","PROGRESS, AY",,,,,"   29",",,S","  -19",",,S","    3","H,,S"
"AYM00089574","2010-02-01","-69.383","76.383","64.0","PROGRESS, AY",,,,,"   24",",,S","  -19",",,S","   -2","H,,S"
"AYM00089574","2010-02-02","-69.383","76.383","64.0","PROGRESS, AY",,,,,"    9",",,S","  -31",",,S","  -13","H,,S"
"AYM00089574","2010-02-03","-69.383","76.383","64.0","PROGRESS, AY",,,,,"    2",",,S","  -37",",,S","  -12","H,,S"
"AYM00089574","2010-02-04","-69.383","76.383","64.0","PROGRESS, AY",,,,,"   35",",,S","  -11",",,S","    7","H,,S"
"AYM00089574","2010-02-05","-69.383","76.383","64.0","PROGRESS, AY",,,,,"   35",",,S",,,"   -1","H,,S"
"AYM00089574","2010-02-07","-69.383","76.383","64.0","PROGRESS, AY",,,,,"   -6",",,S","  -58",",,S","  -34","H,,S"
"AYM00089574","2010-02-08","-69.383","76.383","64.0","PROGRESS, AY",,,,,"   25",",,S","  -53",",,S","   -7","H,,S"
"AYM00089574","2010-02-09","-69.383","76.383","64.0","PROGRESS, AY",,,,,"   17",",,S",,,"    8","H,,S"
"AYM00089574","2010-02-10","-69.383","76.383","64.0","PROGRESS, AY",,,,,"   21",",,S","  -10",",,S","    2","H,,S"
"AYM00089574","2010-02-11","-69.383","76.383","64.0","PROGRESS, AY",,,,,,,"  -17",",,S","   -9","H,,S"
"AYM00089574","2010-02-12","-69.383","76.383","64.0","PROGRESS, AY","  109","B,,S",,,,,,,"   -4","H,,S"
"AYM00089574","2010-02-13","-69.383","76.383","64.0","PROGRESS, AY","   71","B,,S",,,"    7",",,S","  -13",",,S","    1","H,,S"
"AYM00089574","2010-02-14","-69.383","76.383","64.0","PROGRESS, AY",,,,,"   36",",,S",,,"   -7","H,,S"
"AYM00089574","2010-02-15","-69.383","76.383","64.0","PROGRESS, AY",,,,,"    1",",,S","  -46",",,S","  -20","H,,S"
"AYM00089574","2010-02-16","-69.383","76.383","64.0","PROGRESS, AY",,,,,"  -19",",,S","  -32",",,S","  -28","H,,S"
"AYM00089574","2010-02-17","-69.383","76.383","64.0","PROGRESS, AY",,,,,,,"  -41",",,S","  -36","H,,S"
"AYM00089574","2010-02-18","-69.383","76.383","64.0","PROGRESS, AY",,,,,"  -18",",,S","  -69",",,S","  -47","H,,S"
"AYM00089574","2010-02-19","-69.383","76.383","64.0","PROGRESS, AY",,,,,"    5",",,S","  -49",",,S","  -22","H,,S"
"AYM00089574","2010-02-20","-69.383","76.383","64.0","PROGRESS, AY",,,,,"  -23",",,S",,,"  -42","H,,S"
"AYM00089574","2010-02-21","-69.383","76.383","64.0","PROGRESS, AY",,,,,"  -30",",,S","  -58",",,S","  -42","H,,S"
"AYM00089574","2010-02-22","-69.383","76.383","64.0","PROGRESS, AY",,,,,"  -44",",,S",,,"  -52","H,,S"
"AYM00089574","2010-02-23","-69.383","76.383","64.0","PROGRESS, AY",,,,,"  -47",",,S","  -67",",,S","  -56","H,,S"
"AYM00089574","2010-02-24","-69.383","76.383","64.0","PROGRESS, AY",,,,,"  -47",",,S",,,"  -66","H,,S"
"AYM00089574","2010-02-25","-69.383","76.383","64.0","PROGRESS, AY",,,,,"  -62",",,S","  -91",",,S","  -73","H,,S"
"AYM00089574","2010-02-26","-69.383","76.383","64.0","PROGRESS, AY",,,,,,,,,"  -70","H,,S"
"AYM00089574","2010-02-27","-69.383","76.383","64.0","PROGRESS, AY",,,,,"    6",",,S","  -57",",,S","  -21","H,,S"
"AYM00089574","2010-02-28","-69.383","76.383","64.0","PROGRESS, AY",,,,,"   19",",,S",,,"  -32","H,,S"
"AYM00089574","2010-03-01","-69.383","76.383","64.0","PROGRESS, AY",,,,,,,"  -65",",,S","  -45","H,,S"
"AYM00089574","2010-03-02","-69.383","76.383","64.0","PROGRESS, AY",,,,,"   13",",,S","  -33",",,S","   -3","H,,S"
"AYM00089574","2010-03-03","-69.383","76.383","64.0","PROGRESS, AY",,,,,"    8",",,S",,,"  -13","H,,S"
"AYM00089574","2010-03-04","-69.383","76.383","64.0","PROGRESS, AY",,,,,"   -7",",,S",,,"  -38","H,,S"
"AYM00089574","2010-03-05","-69.383","76.383","64.0","PROGRESS, AY",,,,,"  -64",",,S",,,"  -79","H,,S"
"AYM00089574","2010-03-06","-69.383","76.383","64.0","PROGRESS, AY",,,,,"  -87",",,S"," -113",",,S"," -102","H,,S"
"AYM00089574","2010-03-07","-69.383","76.383","64.0","PROGRESS, AY",,,,,,," -125",",,S","  -89","H,,S"
"AYM00089574","2010-03-08","-69.383","76.383","64.0","PROGRESS, AY",,,,,"  -15",",,S","  -60",",,S","  -26","H,,S"
"AYM00089574","2010-03-09","-69.383","76.383","64.0","PROGRESS, AY","   28","B,,S",,,,,,,"  -33","H,,S"
"AYM00089574","2010-03-10","-69.383","76.383","64.0","PROGRESS, AY",,,,,"  -49",",,S",,,"  -67","H,,S"
"AYM00089574","2010-03-11","-69.383","76.383","64.0","PROGRESS, AY",,,,,"  -96",",,S"," -117",",,S"," -108","H,,S"
"AYM00089574","2010-03-12","-69.383","76.383","64.0","PROGRESS, AY",,,,,"  -79",",,S"," -117",",,S","  -99","H,,S"
"AYM00089574","2010-03-13","-69.383","76.383","64.0","PROGRESS, AY",,,,,"  -48",",,S","  -91",",,S","  -58","H,,S"
"AYM00089574","2010-03-14","-69.383","76.383","64.0","PROGRESS, AY",,,,,"  -54",",,S",,,"  -64","H,,S"
"AYM00089574","2010-03-15","-69.383","76.383","64.0","PROGRESS, AY",,,,,,,"  -76",",,S","  -56","H,,S"
"AYM00089574","2010-03-16","-69.383","76.383","64.0","PROGRESS, AY",,,,,"  -29",",,S",,,"  -46","H,,S"
"AYM00089574","2010-03-17","-69.383","76.383","64.0","PROGRESS, AY",,,,,"  -28",",,S","  -78",",,S","  -44","H,,S"
"AYM00089574","2010-03-18","-69.383","76.383","64.0","PROGRESS, AY",,,,,,,,,"  -47","H,,S"
"AYM00089574","2010-03-19","-69.383","76.383","64.0","PROGRESS, AY",,,,,,,"  -90",",,S","  -76","H,,S"
"AYM00089574","2010-03-20","-69.383","76.383","64.0","PROGRESS, AY",,,,,"  -33",",,S","  -65",",,S","  -47","H,,S"
"AYM00089574","2010-03-21","-69.383","76.383","64.0","PROGRESS, AY","   51","B,,S",,,"  -29",",,S","  -66",",,S","  -48","H,,S"
"AYM00089574","2010-03-22","-69.383","76.383","64.0","PROGRESS, AY",,,,,"  -69",",,S",,,"  -76","H,,S"
"AYM00089574","2010-03-23","-69.383","76.383","64.0","PROGRESS, AY",,,,,"  -65",",,S"," -103",",,S","  -83","H,,S"
"AYM00089574","2010-03-24","-69.383","76.383","64.0","PROGRESS, AY",,,,,"  -75",",,S","  -95",",,S","  -84","H,,S"
"AYM00089574","2010-03-26","-69.383","76.383","64.0","PROGRESS, AY",,,,,,,,," -112","H,,S"
"AYM00089574","2010-03-27","-69.383","76.383","64.0","PROGRESS, AY",,,,," -101",",,S"," -128",",,S"," -116","H,,S"
"AYM00089574","2010-03-28","-69.383","76.383","64.0","PROGRESS, AY",,,,,"  -98",",,S",,," -110","H,,S"
"AYM00089574","2010-03-29","-69.383","76.383","64.0","PROGRESS, AY",,,,," -116",",,S",,," -128","H,,S"
"AYM00089574","2010-03-30","-69.383","76.383","64.0","PROGRESS, AY",,,,," -123",",,S"," -151",",,S"," -142","H,,S"
"AYM00089574","2010-03-31","-69.383","76.383","64.0","PROGRESS, AY",,,,," -122",",,S",,," -141","H,,S"
"AYM00089574","2010-04-01","-69.383","76.383","64.0","PROGRESS, AY",,,,,,," -181",",,S"," -124","H,,S"
"AYM00089574","2010-04-02","-69.383","76.383","64.0","PROGRESS, AY",,,,,"  -79",",,S",,," -103","H,,S"
"AYM00089574","2010-04-03","-69.383","76.383","64.0","PROGRESS, AY",,,,,,,,," -117","H,,S"
"AYM00089574","2010-04-04","-69.383","76.383","64.0","PROGRESS, AY",,,,,"  -26",",,S","  -79",",,S","  -41","H,,S"
"AYM00089574","2010-04-05","-69.383","76.383","64.0","PROGRESS, AY","    0","B,,S",,,"  -37",",,S",,,"  -52","H,,S"
"AYM00089574","2010-04-06","-69.383","76.383","64.0","PROGRESS, AY",,,,,,,,," -113","H,,S"
"AYM00089574","2010-04-07","-69.383","76.383","64.0","PROGRESS, AY",,,,," -137",",,S",,," -150","H,,S"
"AYM00089574","2010-04-08","-69.383","76.383","64.0","PROGRESS, AY",,,,,,," -171",",,S"," -148","H,,S"
"AYM00089574","2010-04-09","-69.383","76.383","64.0","PROGRESS, AY",,,,,"  -95",",,S"," -131",",,S"," -108","H,,S"
"AYM00089574","2010-04-10","-69.383","76.383","64.0","PROGRESS, AY",,,,,"  -99",",,S"," -115",",,S"," -107","H,,S"
"AYM00089574","2010-04-11","-69.383","76.383","64.0","PROGRESS, AY",,,,,"  -86",",,S"," -106",",,S","  -93","H,,S"
"AYM00089574","2010-04-12","-69.383","76.383","64.0","PROGRESS, AY",,,,,"  -95",",,S",,," -109","H,,S"
"AYM00089574","2010-04-13","-69.383","76.383","64.0","PROGRESS, AY",,,,,,,,," -183","H,,S"
"AYM00089574","2010-04-14","-69.383","76.383","64.0","PROGRESS, AY",,,,," -185",",,S"," -239",",,S"," -213","H,,S"
"AYM00089574","2010-04-15","-69.383","76.383","64.0","PROGRESS, AY",,,,," -149",",,S"," -219",",,S"," -172","H,,S"
"AYM00089574","2010-04-16","-69.383","76.383","64.0","PROGRESS, AY",,,,," -148",",,S",,," -168","H,,S"
"AYM00089574","2010-04-17","-69.383","76.383","64.0","PROGRESS, AY",,,,," -174",",,S",,," -185","H,,S"
"AYM00089574","2010-04-18","-69.383","76.383","64.0","PROGRESS, AY",,,,,,,,," -247","H,,S"
"AYM00089574","2010-04-19","-69.383","76.383","64.0","PROGRESS, AY",,,,," -236",",,S",,," -250","H,,S"
"AYM00089574","2010-04-20","-69.383","76.383","64.0","PROGRESS, AY",,,,," -258",",,S",,," -284","H,,S"
"AYM00089574","2010-04-21","-69.383","76.383","64.0","PROGRESS, AY",,,,," -263",",,S"," -318",",,S"," -300","H,,S"
"AYM00089574","2010-04-22","-69.383","76.383","64.0","PROGRESS, AY",,,,,,,,," -208","H,,S"
"AYM00089574","2010-04-23","-69.383","76.383","64.0","PROGRESS, AY","   79","B,,S",,,"  -67",",,S","  -93",",,S","  -79","H,,S"
"AYM00089574","2010-04-24","-69.383","76.383","64.0","PROGRESS, AY",,,,,"  -96",",,S",,," -104","H,,S"
"AYM00089574","2010-04-25","-69.383","76.383","64.0","PROGRESS, AY",,,,,,,,," -138","H,,S"
"AYM00089574","2010-04-26","-69.383","76.383","64.0","PROGRESS, AY",,,,," -174",",,S",,," -188","H,,S"
"AYM00089574","2010-04-27","-69.383","76.383","64.0","PROGRESS, AY",,,,," -147",",,S"," -222",",,S"," -171","H,,S"
"AYM00089574","2010-04-28","-69.383","76.383","64.0","PROGRESS, AY",,,,,,," -175",",,S"," -146","H,,S"
"AYM00089574","2010-04-29","-69.383","76.383","64.0","PROGRESS, AY",,,,,"  -86",",,S"," -129",",,S","  -98","H,,S"
"AYM00089574","2010-05-01","-69.383","76.383","64.0","PROGRESS, AY",,,,,,,,," -185","H,,S"
"AYM00089574","2010-05-02","-69.383","76.383","64.0","PROGRESS, AY",,,,,,,,," -226","H,,S"
"AYM00089574","2010-05-03","-69.383","76.383","64.0","PROGRESS, AY",,,,,,," -230",",,S"," -123","H,,S"
"AYM00089574","2010-05-04","-69.383","76.383","64.0","PROGRESS, AY","   33","B,,S",,,,,"  -84",",,S","  -77","H,,S"
"AYM00089574","2010-05-05","-69.383","76.383","64.0","PROGRESS, AY",,,,,,,,," -100","H,,S"
"AYM00089574","2010-05-08","-69.383","76.383","64.0","PROGRESS, AY",,,,," -145",",,S"," -160",",,S"," -153","H,,S"
"AYM00089574","2010-05-09","-69.383","76.383","64.0","PROGRESS, AY",,,,," -119",",,S"," -154",",,S"," -129","H,,S"
"AYM00089574","2010-05-10","-69.383","76.383","64.0","PROGRESS, AY",,,,," -135",",,S",,," -148","H,,S"
"AYM00089574","2010-05-11","-69.383","76.383","64.0","PROGRESS, AY",,,,,,,,," -171","H,,S"
"AYM00089574","2010-05-13","-69.383","76.383","64.0","PROGRESS, AY","   20","B,,S",,,"  -71",",,S","  -95",",,S","  -82","H,,S"
"AYM00089574","2010-05-14","-69.383","76.383","64.0","PROGRESS, AY",,,,,"  -75",",,S",,,"  -86","H,,S"
"AYM00089574","2010-05-15","-69.383","76.383","64.0","PROGRESS, AY",,,,,,,,," -133","H,,S"
"AYM00089574","2010-05-16","-69.383","76.383","64.0","PROGRESS, AY",,,,," -116",",,S"," -147",",,S"," -127","H,,S"
"AYM00089574","2010-05-17","-69.383","76.383","64.0","PROGRESS, AY",,,,,,,,," -158","H,,S"
"AYM00089574","2010-05-18","-69.383","76.383","64.0","PROGRESS, AY",,,,," -190",",,S",,," -199","H,,S"
"AYM00089574","2010-05-19","-69.383","76.383","64.0","PROGRESS, AY",,,,,,," -227",",,S"," -174","H,,S"
"AYM00089574","2010-05-20","-69.383","76.383","64.0","PROGRESS, AY",,,,," -124",",,S"," -182",",,S"," -144","H,,S"
"AYM00089574","2010-05-21","-69.383","76.383","64.0","PROGRESS, AY",,,,," -116",",,S",,," -171","H,,S"
"AYM00089574","2010-05-22","-69.383","76.383","64.0","PROGRESS, AY",,,,,,,,," -211","H,,S"
"AYM00089574","2010-05-23","-69.383","76.383","64.0","PROGRESS, AY",,,,,,," -193",",,S"," -119","H,,S"
"AYM00089574","2010-05-24","-69.383","76.383","64.0","PROGRESS, AY",,,,,,,,,"  -96","H,,S"
"AYM00089574","2010-05-25","-69.383","76.383","64.0","PROGRESS, AY",,,,," -100",",,S"," -149",",,S"," -123","H,,S"
"AYM00089574","2010-05-26","-69.383","76.383","64.0","PROGRESS, AY",,,,," -132",",,S",,," -138","H,,S"
"AYM00089574","2010-05-27","-69.383","76.383","64.0","PROGRESS, AY",,,,,,," -167",",,S"," -141","H,,S"
"AYM00089574","2010-05-28","-69.383","76.383","64.0","PROGRESS, AY",,,,,"  -85",",,S"," -141",",,S"," -112","H,,S"
"AYM00089574","2010-05-29","-69.383","76.383","64.0","PROGRESS, AY",,,,,,,,," -124","H,,S"
"AYM00089574","2010-05-30","-69.383","76.383","64.0","PROGRESS, AY",,,,,,,,," -147","H,,S"
"AYM00089574","2010-05-31","-69.383","76.383","64.0","PROGRESS, AY",,,,," -102",",,S"," -145",",,S"," -114","H,,S"
"AYM00089574","2010-06-01","-69.383","76.383","64.0","PROGRESS, AY",,,,,,,,," -156","H,,S"
"AYM00089574","2010-06-02","-69.383","76.383","64.0","PROGRESS, AY",,,,,,,,," -190","H,,S"
"AYM00089574","2010-06-03","-69.383","76.383","64.0","PROGRESS, AY","    0","B,,S",,,,,,," -187","H,,S"
"AYM00089574","2010-06-07","-69.383","76.383","64.0","PROGRESS, AY","    8","B,,S",,,"  -80",",,S",,,"  -89","H,,S"
"AYM00089574","2010-06-08","-69.383","76.383","64.0","PROGRESS, AY",,,,,"  -88",",,S",,," -109","H,,S"
"AYM00089574","2010-06-09","-69.383","76.383","64.0","PROGRESS, AY",,,,,,,,," -168","H,,S"
"AYM00089574","2010-06-10","-69.383","76.383","64.0","PROGRESS, AY",,,,,,,,,"  -81","H,,S"
"AYM00089574","2010-06-11","-69.383","76.383","64.0","PROGRESS, AY",,,,,"  -36",",,S","  -70",",,S","  -46","H,,S"
"AYM00089574","2010-06-12","-69.383","76.383","64.0","PROGRESS, AY","   30","B,,S",,,,,,,"  -74","H,,S"
"AYM00089574","2010-06-13","-69.383","76.383","64.0","PROGRESS, AY",,,,,"  -84",",,S",,,"  -95","H,,S"
"AYM00089574","2010-06-14","-69.383","76.383","64.0","PROGRESS, AY",,,,,,,,," -100","H,,S"
"AYM00089574","2010-06-15","-69.383","76.383","64.0","PROGRESS, AY",,,,,"  -89",",,S",,,"  -97","H,,S"
"AYM00089574","2010-06-16","-69.383","76.383","64.0","PROGRESS, AY",,,,,,,,," -158","H,,S"
"AYM00089574","2010-06-17","-69.383","76.383","64.0","PROGRESS, AY",,,,," -154",",,S"," -185",",,S"," -168","H,,S"
"AYM00089574","2010-06-18","-69.383","76.383","64.0","PROGRESS, AY",,,,,,," -182",",,S"," -170","H,,S"
"AYM00089574","2010-06-19","-69.383","76.383","64.0","PROGRESS, AY",,,,," -108",",,S",,," -133","H,,S"
"AYM00089574","2010-06-20","-69.383","76.383","64.0","PROGRESS, AY",,,,," -128",",,S"," -160",",,S"," -143","H,,S"
"AYM00089574","2010-06-21","-69.383","76.383","64.0","PROGRESS, AY",,,,," -142",",,S",,," -150","H,,S"
"AYM00089574","2010-06-22","-69.383","76.383","64.0","PROGRESS, AY",,,,," -168",",,S",,," -182","H,,S"
"AYM00089574","2010-06-23","-69.383","76.383","64.0","PROGRESS, AY",,,,,,," -198",",,S"," -134","H,,S"
"AYM00089574","2010-06-24","-69.383","76.383","64.0","PROGRESS, AY",,,,,,,,,"  -91","H,,S"
"AYM00089574","2010-06-25","-69.383","76.383","64.0","PROGRESS, AY",,,,,,,,," -139","H,,S"
"AYM00089574","2010-06-26","-69.383","76.383","64.0","PROGRESS, AY",,,,,,," -146",",,S"," -127","H,,S"
"AYM00089574","2010-06-27","-69.383","76.383","64.0","PROGRESS, AY","   30","B,,S",,,"  -77",",,S"," -120",",,S","  -88","H,,S"
"AYM00089574","2010-06-28","-69.383","76.383","64.0","PROGRESS, AY","   36","B,,S",,,"  -58",",,S",,,"  -90","H,,S"
"AYM00089574","2010-06-29","-69.383","76.383","64.0","PROGRESS, AY","    5","B,,S",,," -132",",,S"," -151",",,S"," -144","H,,S"
"AYM00089574","2010-06-30","-69.383","76.383","64.0","PROGRESS, AY",,,,,,,,," -180","H,,S"
"AYM00089574","2010-07-03","-69.383","76.383","64.0","PROGRESS, AY",,,,," -257",",,S"," -309",",,S"," -273","H,,S"
"AYM00089574","2010-07-04","-69.383","76.383","64.0","PROGRESS, AY",,,,," -274",",,S",,," -280","H,,S"
"AYM00089574","2010-07-05","-69.383","76.383","64.0","PROGRESS, AY",,,,," -279",",,S"," -290",",,S"," -282","H,,S"
"AYM00089574","2010-07-06","-69.383","76.383","64.0","PROGRESS, AY",,,,," -262",",,S"," -282",",,S"," -273","H,,S"
"AYM00089574","2010-07-07","-69.383","76.383","64.0","PROGRESS, AY",,,,,,,,," -346","H,,S"
"AYM00089574","2010-07-09","-69.383","76.383","64.0","PROGRESS, AY",,,,,,," -142",",,S"," -124","H,,S"
"AYM00089574","2010-07-10","-69.383","76.383","64.0","PROGRESS, AY","    0","B,,S",,,"  -78",",,S"," -116",",,S","  -91","H,,S"
"AYM00089574","2010-07-11","-69.383","76.383","64.0","PROGRESS, AY",,,,," -101",",,S"," -122",",,S"," -108","H,,S"
"AYM00089574","2010-07-12","-69.383","76.383","64.0","PROGRESS, AY",,,,,"  -98",",,S",,," -113","H,,S"
"AYM00089574","2010-07-13","-69.383","76.383","64.0","PROGRESS, AY",,,,,"  -94",",,S",,," -114","H,,S"
"AYM00089574","2010-07-14","-69.383","76.383","64.0","PROGRESS, AY",,,,,,,,," -146","H,,S"
"AYM00089574","2010-07-16","-69.383","76.383","64.0","PROGRESS, AY",,,,," -219",",,S",,," -223","H,,S"
"AYM00089574","2010-07-18","-69.383","76.383","64.0","PROGRESS, AY",,,,," -165",",,S"," -221",",,S"," -177","H,,S"
"AYM00089574","2010-07-19","-69.383","76.383","64.0","PROGRESS, AY",,,,," -131",",,S"," -169",",,S"," -147","H,,S"
"AYM00089574","2010-07-20","-69.383","76.383","64.0","PROGRESS, AY",,,,,,,,," -198","H,,S"
"AYM00089574","2010-07-21","-69.383","76.383","64.0","PROGRESS, AY",,,,," -200",",,S",,," -210","H,,S"
"AYM00089574","2010-07-22","-69.383","76.383","64.0","PROGRESS, AY",,,,," -216",",,S",,," -223","H,,S"
"AYM00089574","2010-07-23","-69.383","76.383","64.0","PROGRESS, AY",,,,,,,,," -232","H,,S"
"AYM00089574","2010-07-24","-69.383","76.383","64.0","PROGRESS, AY",,,,," -192",",,S"," -244",",,S"," -203","H,,S"
"AYM00089574","2010-07-25","-69.383","76.383","64.0","PROGRESS, AY",,,,," -164",",,S"," -222",",,S"," -200","H,,S"
"AYM00089574","2010-07-26","-69.383","76.383","64.0","PROGRESS, AY",,,,,,,,," -233","H,,S"
"AYM00089574","2010-07-27","-69.383","76.383","64.0","PROGRESS, AY",,,,,,,,," -275","H,,S"
"AYM00089574","2010-07-28","-69.383","76.383","64.0","PROGRESS, AY",,,,," -145",",,S"," -246",",,S"," -165","H,,S"
"AYM00089574","2010-07-30","-69.383","76.383","64.0","PROGRESS, AY",,,,,,,,," -160","H,,S"
"AYM00089574","2010-07-31","-69.383","76.383","64.0","PROGRESS, AY",,,,,,,,," -160","H,,S"
"AYM00089574","2010-08-01","-69.383","76.383","64.0","PROGRESS, AY",,,,,,,,," -212","H,,S"
"AYM00089574","2010-08-02","-69.383","76.383","64.0","PROGRESS, AY",,,,," -217",",I,S",,," -224","H,,S"
"AYM00089574","2010-08-03","-69.383","76.383","64.0","PROGRESS, AY",,,,,,," -193",",I,S"," -163","H,,S"
"AYM00089574","2010-08-04","-69.383","76.383","64.0","PROGRESS, AY","   61","B,,S",,,,,,," -132","H,,S"
"AYM00089574","2010-08-05","-69.383","76.383","64.0","PROGRESS, AY",,,,," -140",",,S"," -163",",,S"," -150","H,,S"
"AYM00089574","2010-08-06","-69.383","76.383","64.0","PROGRESS, AY",,,,," -170",",,S",,," -183","H,,S"
"AYM00089574","2010-08-08","-69.383","76.383","64.0","PROGRESS, AY",,,,,,,,," -299","H,,S"
"AYM00089574","2010-08-09","-69.383","76.383","64.0","PROGRESS, AY",,,,,,,,," -308","H,,S"
"AYM00089574","2010-08-10","-69.383","76.383","64.0","PROGRESS, AY",,,,,,," -336",",,S"," -251","H,,S"
"AYM00089574","2010-08-11","-69.383","76.383","64.0","PROGRESS, AY",,,,,,," -222",",,S"," -171","H,,S"
"AYM00089574","2010-08-12","-69.383","76.383","64.0","PROGRESS, AY","   10","B,,S",,," -135",",,S",,," -148","H,,S"
"AYM00089574","2010-08-13","-69.383","76.383","64.0","PROGRESS, AY",,,,," -152",",,S",,," -178","H,,S"
"AYM00089574","2010-08-14","-69.383","76.383","64.0","PROGRESS, AY",,,,,,,,," -230","H,,S"
"AYM00089574","2010-08-15","-69.383","76.383","64.0","PROGRESS, AY",,,,," -245",",,S",,," -280","H,,S"
"AYM00089574","2010-08-16","-69.383","76.383","64.0","PROGRESS, AY",,,,,,," -368",",,S"," -319","H,,S"
"AYM00089574","2010-08-17","-69.383","76.383","64.0","PROGRESS, AY","    8","B,,S",,," -193",",,S"," -285",",,S"," -232","H,,S"
"AYM00089574","2010-08-18","-69.383","76.383","64.0","PROGRESS, AY",,,,," -131",",,S"," -214",",,S"," -143","H,,S"
"AYM00089574","2010-08-19","-69.383","76.383","64.0","PROGRESS, AY",,,,," -136",",,S",,," -182","H,,S"
"AYM00089574","2010-08-20","-69.383","76.383","64.0","PROGRESS, AY",,,,," -257",",,S",,," -281","H,,S"
"AYM00089574","2010-08-21","-69.383","76.383","64.0","PROGRESS, AY",,,,," -194",",,S"," -320",",,S"," -244","H,,S"
"AYM00089574","2010-08-22","-69.383","76.383","64.0","PROGRESS, AY","    0","B,,S",,,,," -283",",,S"," -207","H,,S"
"AYM00089574","2010-08-23","-69.383","76.383","64.0","PROGRESS, AY","   61","B,,S",,,,,,," -104","H,,S"
"AYM00089574","2010-08-24","-69.383","76.383","64.0","PROGRESS, AY","   61","B,,S",,,,,,," -146","H,,S"
"AYM00089574","2010-08-25","-69.383","76.383","64.0","PROGRESS, AY","   10","B,,S",,,,," -175",",,S"," -132","H,,S"
"AYM00089574","2010-08-26","-69.383","76.383","64.0","PROGRESS, AY",,,,,"  -95",",,S",,," -109","H,,S"
"AYM00089574","2010-08-27","-69.383","76.383","64.0","PROGRESS, AY",,,,,,,,," -152","H,,S"
"AYM00089574","2010-08-28","-69.383","76.383","64.0","PROGRESS, AY",,,,," -158",",,S"," -190",",,S"," -177","H,,S"
"AYM00089574","2010-08-29","-69.383","76.383","64.0","PROGRESS, AY",,,,,,," -188",",,S"," -142","H,,S"
"AYM00089574","2010-08-30","-69.383","76.383","64.0","PROGRESS, AY",,,,,"  -53",",,S"," -118",",,S","  -72","H,,S"
"AYM00089574","2010-08-31","-69.383","76.383","64.0","PROGRESS, AY","    0","B,,S",,,"  -59",",,S","  -86",",,S","  -71","H,,S"
"AYM00089574","2010-09-01","-69.383","76.383","64.0","PROGRESS, AY","   20","B,,S",,,,,,," -102","H,,S"
"AYM00089574","2010-09-02","-69.383","76.383","64.0","PROGRESS, AY","    5","B,,S",,," -113",",,S"," -132",",,S"," -123","H,,S"
"AYM00089574","2010-09-03","-69.383","76.383","64.0","PROGRESS, AY",,,,,"  -78",",,S"," -118",",,S","  -89","H,,S"
"AYM00089574","2010-09-04","-69.383","76.383","64.0","PROGRESS, AY",,,,,"  -68",",,S"," -113",",,S","  -85","H,,S"
"AYM00089574","2010-09-05","-69.383","76.383","64.0","PROGRESS, AY",,,,,,,,," -118","H,,S"
"AYM00089574","2010-09-06","-69.383","76.383","64.0","PROGRESS, AY",,,,," -112",",,S",,," -125","H,,S"
"AYM00089574","2010-09-07","-69.383","76.383","64.0","PROGRESS, AY",,,,,,," -153",",,S"," -141","H,,S"
"AYM00089574","2010-09-08","-69.383","76.383","64.0","PROGRESS, AY","    0","B,,S",,,,," -145",",,S"," -136","H,,S"
"AYM00089574","2010-09-09","-69.383","76.383","64.0","PROGRESS, AY",,,,,,,,," -146","H,,S"
"AYM00089574","2010-09-10","-69.383","76.383","64.0","PROGRESS, AY",,,,," -216",",,S",,," -243","H,,S"
"AYM00089574","2010-09-11","-69.383","76.383","64.0","PROGRESS, AY",,,,," -167",",,S"," -246",",,S"," -200","H,,S"
"AYM00089574","2010-09-12","-69.383","76.383","64.0","PROGRESS, AY",,,,," -151",",,S",,," -191","H,,S"
"AYM00089574","2010-09-13","-69.383","76.383","64.0","PROGRESS, AY",,,,,,," -206",",,S"," -122","H,,S"
"AYM00089574","2010-09-14","-69.383","76.383","64.0","PROGRESS, AY","  130","B,,S",,,"  -49",",,S","  -64",",,S","  -51","H,,S"
"AYM00089574","2010-09-15","-69.383","76.383","64.0","PROGRESS, AY","   91","B,,S",,,"  -15",",,S","  -51",",,S","  -27","H,,S"
"AYM00089574","2010-09-16","-69.383","76.383","64.0","PROGRESS, AY","   81","B,,S",,,"  -24",",,S",,,"  -34","H,,S"
"AYM00089574","2010-09-17","-69.383","76.383","64.0","PROGRESS, AY","   91","B,,S",,,,,,,"  -48","H,,S"
"AYM00089574","2010-09-18","-69.383","76.383","64.0","PROGRESS, AY",,,,,"  -49",",,S","  -85",",,S","  -69","H,,S"
"AYM00089574","2010-09-19","-69.383","76.383","64.0","PROGRESS, AY",,,,,"  -59",",,S","  -76",",,S","  -64","H,,S"
"AYM00089574","2010-09-20","-69.383","76.383","64.0","PROGRESS, AY",,,,,"  -63",",,S",,,"  -88","H,,S"
"AYM00089574","2010-09-21","-69.383","76.383","64.0","PROGRESS, AY",,,,,,," -129",",,S"," -121","H,,S"
"AYM00089574","2010-09-22","-69.383","76.383","64.0","PROGRESS, AY",,,,,"  -98",",,S",,," -113","H,,S"
"AYM00089574","2010-09-23","-69.383","76.383","64.0","PROGRESS, AY",,,,,"  -68",",,S"," -132",",,S","  -91","H,,S"
"AYM00089574","2010-09-24","-69.383","76.383","64.0","PROGRESS, AY",,,,,"  -70",",,S",,,"  -87","H,,S"
"AYM00089574","2010-09-25","-69.383","76.383","64.0","PROGRESS, AY",,,,," -106",",,S",,," -130","H,,S"
"AYM00089574","2010-09-26","-69.383","76.383","64.0","PROGRESS, AY",,,,," -135",",,S"," -166",",,S"," -149","H,,S"
"AYM00089574","2010-09-27","-69.383","76.383","64.0","PROGRESS, AY",,,,,,," -159",",,S","  -96","H,,S"
"AYM00089574","2010-09-28","-69.383","76.383","64.0","PROGRESS, AY","   48","B,,S",,,,,,,"  -63","H,,S"
"AYM00089574","2010-09-29","-69.383","76.383","64.0","PROGRESS, AY","    0","B,,S",,,,,"  -83",",,S","  -69","H,,S"
"AYM00089574","2010-09-30","-69.383","76.383","64.0","PROGRESS, AY",,,,,"  -58",",,S",,,"  -71","H,,S"
"AYM00089574","2010-10-01","-69.383","76.383","64.0","PROGRESS, AY",,,,,,,,," -112","H,,S"
"AYM00089574","2010-10-02","-69.383","76.383","64.0","PROGRESS, AY",,,,," -107",",,S",,," -127","H,,S"
"AYM00089574","2010-10-03","-69.383","76.383","64.0","PROGRESS, AY",,,,," -111",",,S",,," -139","H,,S"
"AYM00089574","2010-10-04","-69.383","76.383","64.0","PROGRESS, AY",,,,," -136",",,S"," -170",",,S"," -160","H,,S"
"AYM00089574","2010-10-05","-69.383","76.383","64.0","PROGRESS, AY",,,,," -137",",,S"," -171",",,S"," -158","H,,S"
"AYM00089574","2010-10-06","-69.383","76.383","64.0","PROGRESS, AY",,,,," -102",",,S"," -187",",,S"," -130","H,,S"
"AYM00089574","2010-10-07","-69.383","76.383","64.0","PROGRESS, AY",,,,," -119",",,S",,," -141","H,,S"
"AYM00089574","2010-10-08","-69.383","76.383","64.0","PROGRESS, AY",,,,,"  -77",",,S"," -161",",,S"," -104","H,,S"
"AYM00089574","2010-10-09","-69.383","76.383","64.0","PROGRESS, AY",,,,,"  -93",",,S"," -130",",,S"," -108","H,,S"
"AYM00089574","2010-10-10","-69.383","76.383","64.0","PROGRESS, AY",,,,,"  -82",",,S",,," -119","H,,S"
"AYM00089574","2010-10-12","-69.383","76.383","64.0","PROGRESS, AY",,,,,,," -270",",,S"," -225","H,,S"
"AYM00089574","2010-10-13","-69.383","76.383","64.0","PROGRESS, AY",,,,,"  -56",",,S"," -189",",,S","  -71","H,,S"
"AYM00089574","2010-10-14","-69.383","76.383","64.0","PROGRESS, AY","   71","B,,S",,,"  -36",",,S","  -56",",,S","  -46","H,,S"
"AYM00089574","2010-10-15","-69.383","76.383","64.0","PROGRESS, AY","   41","B,,S",,,"  -44",",,S",,,"  -54","H,,S"
"AYM00089574","2010-10-16","-69.383","76.383","64.0","PROGRESS, AY",,,,,"  -36",",,S","  -73",",,S","  -57","H,,S"
"AYM00089574","2010-10-17","-69.383","76.383","64.0","PROGRESS, AY",,,,,"  -42",",,S"," -101",",,S","  -82","H,,S"
"AYM00089574","2010-10-18","-69.383","76.383","64.0","PROGRESS, AY",,,,,,," -124",",,S"," -106","H,,S"
"AYM00089574","2010-10-19","-69.383","76.383","64.0","PROGRESS, AY",,,,,"  -67",",,S"," -101",",,S","  -77","H,,S"
"AYM00089574","2010-10-20","-69.383","76.383","64.0","PROGRESS, AY",,,,,"  -53",",,S",,," -106","H,,S"
"AYM00089574","2010-10-21","-69.383","76.383","64.0","PROGRESS, AY",,,,,"  -97",",,S",,," -129","H,,S"
"AYM00089574","2010-10-22","-69.383","76.383","64.0","PROGRESS, AY",,,,," -118",",,S"," -159",",,S"," -139","H,,S"
"AYM00089574","2010-10-23","-69.383","76.383","64.0","PROGRESS, AY",,,,," -136",",,S",,," -172","H,,S"
"AYM00089574","2010-10-24","-69.383","76.383","64.0","PROGRESS, AY",,,,," -115",",,S"," -225",",,S"," -151","H,,S"
"AYM00089574","2010-10-25","-69.383","76.383","64.0","PROGRESS, AY",,,,," -119",",,S"," -173",",,S"," -150","H,,S"
"AYM00089574","2010-10-26","-69.383","76.383","64.0","PROGRESS, AY",,,,," -110",",,S"," -178",",,S"," -137","H,,S"
"AYM00089574","2010-10-27","-69.383","76.383","64.0","PROGRESS, AY",,,,," -122",",,S",,," -162","H,,S"
"AYM00089574","2010-10-28","-69.383","76.383","64.0","PROGRESS, AY",,,,," -142",",,S"," -220",",,S"," -185","H,,S"
"AYM00089574","2010-10-29","-69.383","76.383","64.0","PROGRESS, AY",,,,," -124",",,S"," -225",",,S"," -162","H,,S"
"AYM00089574","2010-10-30","-69.383","76.383","64.0","PROGRESS, AY",,,,,,," -265",",,S"," -142","H,,S"
"AYM00089574","2010-10-31","-69.383","76.383","64.0","PROGRESS, AY",,,,,"  -54",",,S","  -75",",,S","  -64","H,,S"
"AYM00089574","2010-11-01","-69.383","76.383","64.0","PROGRESS, AY","   41","B,,S",,,"  -29",",,S",,,"  -53","H,,S"
"AYM00089574","2010-11-02","-69.383","76.383","64.0","PROGRESS, AY","   30","B,,S",,,"  -25",",,S","  -83",",,S","  -41","H,,S"
"AYM00089574","2010-11-03","-69.383","76.383","64.0","PROGRESS, AY",,,,,"  -22",",,S",,,"  -48","H,,S"
"AYM00089574","2010-11-04","-69.383","76.383","64.0","PROGRESS, AY",,,,,"  -43",",,S"," -118",",,S","  -97","H,,S"
"AYM00089574","2010-11-05","-69.383","76.383","64.0","PROGRESS, AY",,,,,"  -57",",,S"," -131",",,S","  -93","H,,S"
"AYM00089574","2010-11-06","-69.383","76.383","64.0","PROGRESS, AY",,,,,"  -42",",,S"," -103",",,S","  -66","H,,S"
"AYM00089574","2010-11-07","-69.383","76.383","64.0","PROGRESS, AY",,,,,"  -43",",,S",,,"  -67","H,,S"
"AYM00089574","2010-11-08","-69.383","76.383","64.0","PROGRESS, AY",,,,,"  -45",",,S"," -107",",,S","  -72","H,,S"
"AYM00089574","2010-11-09","-69.383","76.383","64.0","PROGRESS, AY",,,,,"  -13",",,S","  -87",",,S","  -48","H,,S"
"AYM00089574","2010-11-10","-69.383","76.383","64.0","PROGRESS, AY",,,,,"   -9",",,S","  -64",",,S","  -32","H,,S"
"AYM00089574","2010-11-11","-69.383","76.383","64.0","PROGRESS, AY","    0","B,,S",,,"  -24",",,S",,,"  -36","H,,S"
"AYM00089574","2010-11-12","-69.383","76.383","64.0","PROGRESS, AY",,,,,,,,,"  -46","H,,S"
"AYM00089574","2010-11-13","-69.383","76.383","64.0","PROGRESS, AY",,,,,"  -16",",,S",,,"  -52","H,,S"
"AYM00089574","2010-11-14","-69.383","76.383","64.0","PROGRESS, AY",,,,,"  -42",",,S","  -91",",,S","  -69","H,,S"
"AYM00089574","2010-11-15","-69.383","76.383","64.0","PROGRESS, AY",,,,,"  -52",",,S",,,"  -78","H,,S"
"AYM00089574","2010-11-16","-69.383","76.383","64.0","PROGRESS, AY",,,,,"  -48",",,S"," -114",",,S","  -71","H,,S"
"AYM00089574","2010-11-17","-69.383","76.383","64.0","PROGRESS, AY",,,,,"  -48",",,S","  -92",",,S","  -68","H,,S"
"AYM00089574","2010-11-18","-69.383","76.383","64.0","PROGRESS, AY",,,,,"  -43",",,S","  -97",",,S","  -70","H,,S"
"AYM00089574","2010-11-19","-69.383","76.383","64.0","PROGRESS, AY",,,,,"  -47",",,S","  -97",",,S","  -77","H,,S"
"AYM00089574","2010-11-20","-69.383","76.383","64.0","PROGRESS, AY",,,,,"  -51",",,S"," -101",",,S","  -70","H,,S"
"AYM00089574","2010-11-21","-69.383","76.383","64.0","PROGRESS, AY",,,,,"  -55",",,S","  -79",",,S","  -67","H,,S"
"AYM00089574","2010-11-22","-69.383","76.383","64.0","PROGRESS, AY",,,,,"  -61",",,S","  -91",",,S","  -79","H,,S"
"AYM00089574","2010-11-23","-69.383","76.383","64.0","PROGRESS, AY",,,,,"  -53",",,S","  -99",",,S","  -80","H,,S"
"AYM00089574","2010-11-24","-69.383","76.383","64.0","PROGRESS, AY",,,,,"  -62",",,S","  -95",",,S","  -74","H,,S"
"AYM00089574","2010-11-25","-69.383","76.383","64.0","PROGRESS, AY",,,,,"  -46",",,S",,,"  -71","H,,S"
"AYM00089574","2010-11-26","-69.383","76.383","64.0","PROGRESS, AY",,,,,"  -51",",,S"," -103",",,S","  -78","H,,S"
"AYM00089574","2010-11-27","-69.383","76.383","64.0","PROGRESS, AY",,,,,"  -49",",,S"," -109",",,S","  -79","H,,S"
"AYM00089574","2010-11-29","-69.383","76.383","64.0","PROGRESS, AY",,,,,"  -77",",,S"," -177",",,S"," -108","H,,S"
"AYM00089574","2010-11-30","-69.383","76.383","64.0","PROGRESS, AY",,,,,"  -62",",,S"," -142",",,S","  -89","H,,S"
"AYM00089574","2010-12-01","-69.383","76.383","64.0","PROGRESS, AY",,,,,"  -54",",,S"," -146",",,S","  -82","H,,S"
"AYM00089574","2010-12-02","-69.383","76.383","64.0","PROGRESS, AY",,,,,"  -33",",,S","  -77",",,S","  -48","H,,S"
"AYM00089574","2010-12-03","-69.383","76.383","64.0","PROGRESS, AY",,,,,"   20",",,S",,,"  -37","H,,S"
"AYM00089574","2010-12-04","-69.383","76.383","64.0","PROGRESS, AY",,,,,,,"  -96",",,S","  -45","H,,S"
"AYM00089574","2010-12-05","-69.383","76.383","64.0","PROGRESS, AY","   10","B,,S",,,"  -10",",,S","  -44",",,S","  -28","H,,S"
"AYM00089574","2010-12-06","-69.383","76.383","64.0","PROGRESS, AY",,,,,"   -4",",,S",,,"  -37","H,,S"
"AYM00089574","2010-12-07","-69.383","76.383","64.0","PROGRESS, AY",,,,,"   -7",",,S","  -70",",,S","  -36","H,,S"
"AYM00089574","2010-12-09","-69.383","76.383","64.0","PROGRESS, AY","    0","B,,S",,,"    6",",,S","  -33",",,S","    1","H,,S"
"AYM00089574","2010-12-10","-69.383","76.383","64.0","PROGRESS, AY","   20","B,,S",,,"   11",",,S","  -19",",,S","   -2","H,,S"
"AYM00089574","2010-12-11","-69.383","76.383","64.0","PROGRESS, AY",,,,,"   47",",,S","    2",",,S","   20","H,,S"
"AYM00089574","2010-12-12","-69.383","76.383","64.0","PROGRESS, AY",,,,,"   37",",,S",,,"    9","H,,S"
"AYM00089574","2010-12-13","-69.383","76.383","64.0","PROGRESS, AY",,,,,"   10",",,S","  -27",",,S","   -3","H,,S"
"AYM00089574","2010-12-14","-69.383","76.383","64.0","PROGRESS, AY",,,,,,,"  -14",",,S","   17","H,,S"
"AYM00089574","2010-12-15","-69.383","76.383","64.0","PROGRESS, AY",,,,,"   41",",,S","  -11",",,S","   14","H,,S"
"AYM00089574","2010-12-16","-69.383","76.383","64.0","PROGRESS, AY",,,,,"   18",",,S","   -1",",,S","   10","H,,S"
"AYM00089574","2010-12-18","-69.383","76.383","64.0","PROGRESS, AY",,,,,,,,,"   27","H,,S"
"AYM00089574","2010-12-19","-69.383","76.383","64.0","PROGRESS, AY",,,,,"    5",",,S","  -22",",,S","   -7","H,,S"
"AYM00089574","2010-12-20","-69.383","76.383","64.0","PROGRESS, AY",,,,,"   70",",,S","   -6",",,S","   28","H,,S"
"AYM00089574","2010-12-21","-69.383","76.383","64.0","PROGRESS, AY","   10","B,,S",,,"   64",",,S","    7",",,S","   35","H,,S"
"AYM00089574","2010-12-22","-69.383","76.383","64.0","PROGRESS, AY",,,,,"   42",",,S",,,"   21","H,,S"
"AYM00089574","2010-12-23","-69.383","76.383","64.0","PROGRESS, AY",,,,,"   40",",,S","    4",",,S","   19","H,,S"
"AYM00089574","2010-12-24","-69.383","76.383","64.0","PROGRESS, AY",,,,,"   36",",,S",,,"    9","H,,S"
"AYM00089574","2010-12-25","-69.383","76.383","64.0","PROGRESS, AY",,,,,"   21",",,S","  -25",",,S","   -2","H,,S"
"AYM00089574","2010-12-26","-69.383","76.383","64.0","PROGRESS, AY",,,,,"   17",",,S","  -33",",,S","   -6","H,,S"
"AYM00089574","2010-12-27","-69.383","76.383","64.0","PROGRESS, AY",,,,,"    9",",,S","  -30",",,S","  -13","H,,S"
"AYM00089574","2010-12-28","-69.383","76.383","64.0","PROGRESS, AY",,,,,"   15",",,S","  -39",",,S","  -11","H,,S"
"AYM00089574","2010-12-29","-69.383","76.383","64.0","PROGRESS, AY",,,,,"   14",",,S","  -42",",,S","  -15","H,,S"
"AYM00089574","2010-12-30","-69.383","76.383","64.0","PROGRESS, AY",,,,,"   21",",,S","  -40",",,S","   -3","H,,S"
"AYM00089574","2010-12-31","-69.383","76.383","64.0","PROGRESS, AY","   41","B,,S",,,"  -11",",,S","  -19",",,S","  -14","H,,S"
"AYM00089574","2011-01-01","-69.383","76.383","64.0","PROGRESS, AY",,,,,"   13",",,S",,,"   -5","H,,S"
"AYM00089574","2011-01-02","-69.383","76.383","64.0","PROGRESS, AY","    3","B,,S",,,"   12",",,S","  -22",",,S","   -2","H,,S"
"AYM00089574","2011-01-03","-69.383","76.383","64.0","PROGRESS, AY",,,,,"   13",",,S","  -16",",,S","   -1","H,,S"
"AYM00089574","2011-01-04","-69.383","76.383","64.0","PROGRESS, AY",,,,,"   19",",,S","  -19",",,S","   -1","H,,S"
"AYM00089574","2011-01-05","-69.383","76.383","64.0","PROGRESS, AY",,,,,"   22",",,S","  -16",",,S","    8","H,,S"
"AYM00089574","2011-01-06","-69.383","76.383","64.0","PROGRESS, AY",,,,,"   46",",,S","   -5",",,S","   16","H,,S"
"AYM00089574","2011-01-07","-69.383","76.383","64.0","PROGRESS, AY",,,,,"   15",",,S","  -13",",,S","   -2","H,,S"
"AYM00089574","2011-01-08","-69.383","76.383","64.0","PROGRESS, AY",,,,,"   28",",,S","  -16",",,S","   10","H,,S"
"AYM00089574","2011-01-09","-69.383","76.383","64.0","PROGRESS, AY",,,,,"   37",",,S","  -20",",,S","   11","H,,S"
"AYM00089574","2011-01-10","-69.383","76.383","64.0","PROGRESS, AY",,,,,"   52",",,S","    6",",,S","   28","H,,S"
"AYM00089574","2011-01-11","-69.383","76.383","64.0","PROGRESS, AY",,,,,"   43",",,S","    2",",,S","   21","H,,S"
"AYM00089574","2011-01-12","-69.383","76.383","64.0","PROGRESS, AY",,,,,"   40",",,S","  -15",",,S","   22","H,,S"
"AYM00089574","2011-01-13","-69.383","76.383","64.0","PROGRESS, AY",,,,,"   41",",,S","    3",",,S","   27","H,,S"
"AYM00089574","2011-01-14","-69.383","76.383","64.0","PROGRESS, AY",,,,,"   41",",,S","    6",",,S","   27","H,,S"
"AYM00089574","2011-01-15","-69.383","76.383","64.0","PROGRESS, AY",,,,,"   46",",,S",,,"   23","H,,S"
"AYM00089574","2011-01-16","-69.383","76.383","64.0","PROGRESS, AY",,,,,"   56",",,S",,,"   24","H,,S"
"AYM00089574","2011-01-17","-69.383","76.383","64.0","PROGRESS, AY",,,,,"   49",",,S","  -14",",,S","   12","H,,S"
"AYM00089574","2011-01-18","-69.383","76.383","64.0","PROGRESS, AY",,,,,"   48",",,S","  -21",",,S","   17","H,,S"
"AYM00089574","2011-01-19","-69.383","76.383","64.0","PROGRESS, AY",,,,,"   22",",,S","  -14",",,S","    3","H,,S"
"AYM00089574","2011-01-20","-69.383","76.383","64.0","PROGRESS, AY",,,,,"   22",",,S","  -10",",,S","    3","H,,S"
"AYM00089574","2011-01-21","-69.383","76.383","64.0","PROGRESS, AY",,,,,"   15",",,S","  -12",",,S","   -1","H,,S"
"AYM00089574","2011-01-22","-69.383","76.383","64.0","PROGRESS, AY","   28","B,,S",,,"   22",",,S","   -8",",,S","    9","H,,S"
"AYM00089574","2011-01-23","-69.383","76.383","64.0","PROGRESS, AY",,,,,"   71",",,S",,,"   26","H,,S"
"AYM00089574","2011-01-24","-69.383","76.383","64.0","PROGRESS, AY",,,,,"   36",",,S","  -25",",,S","    7","H,,S"
"AYM00089574","2011-01-25","-69.383","76.383","64.0","PROGRESS, AY",,,,,"   38",",,S","  -13",",,S","    8","H,,S"
"AYM00089574","2011-01-26","-69.383","76.383","64.0","PROGRESS, AY",,,,,"   26",",,S",,,"    5","H,,S"
"AYM00089574","2011-01-27","-69.383","76.383","64.0","PROGRESS, AY",,,,,"   17",",,S","  -29",",,S","   -7","H,,S"
"AYM00089574","2011-01-28","-69.383","76.383","64.0","PROGRESS, AY",,,,,"    8",",,S","  -40",",,S","  -15","H,,S"
"AYM00089574","2011-01-29","-69.383","76.383","64.0","PROGRESS, AY",,,,,"   20",",,S","  -37",",,S","    0","H,,S"
"AYM00089574","2011-01-30","-69.383","76.383","64.0","PROGRESS, AY",,,,,"    8",",,S","   -9",",,S","    0","H,,S"
"AYM00089574","2011-01-31","-69.383","76.383","64.0","PROGRESS, AY","   20","B,,S",,,,,,,"    6","H,,S"
"AYM00089574","2011-02-01","-69.383","76.383","64.0","PROGRESS, AY","   25","B,,S",,,"   15",",,S","  -12",",,S","    1","H,,S"
"AYM00089574","2011-02-02","-69.383","76.383","64.0","PROGRESS, AY",,,,,"   18",",,S","  -13",",,S","   -1","H,,S"
"AYM00089574","2011-02-03","-69.383","76.383","64.0","PROGRESS, AY",,,,,"    5",",,S",,,"   -6","H,,S"
"AYM00089574","2011-02-04","-69.383","76.383","64.0","PROGRESS, AY",,,,,"  -14",",,S",,,"  -20","H,,S"
"AYM00089574","2011-02-05","-69.383","76.383","64.0","PROGRESS, AY",,,,,"   14",",,S","  -33",",,S","  -11","H,,S"
"AYM00089574","2011-02-06","-69.383","76.383","64.0","PROGRESS, AY",,,,,"    4",",,S",,,"  -18","H,,S"
"AYM00089574","2011-02-07","-69.383","76.383","64.0","PROGRESS, AY",,,,,"   19",",,S","  -39",",,S","  -12","H,,S"
"AYM00089574","2011-02-08","-69.383","76.383","64.0","PROGRESS, AY",,,,,"   -5",",,S",,,"  -32","H,,S"
"AYM00089574","2011-02-09","-69.383","76.383","64.0","PROGRESS, AY",,,,,"  -25",",,S","  -70",",,S","  -46","H,,S"
"AYM00089574","2011-02-10","-69.383","76.383","64.0","PROGRESS, AY",,,,,"  -23",",,S",,,"  -44","H,,S"
"AYM00089574","2011-02-11","-69.383","76.383","64.0","PROGRESS, AY",,,,,"  -50",",,S","  -84",",,S","  -66","H,,S"
"AYM00089574","2011-02-12","-69.383","76.383","64.0","PROGRESS, AY",,,,,"  -55",",,S","  -92",",,S","  -72","H,,S"
"AYM00089574","2011-02-13","-69.383","76.383","64.0","PROGRESS, AY",,,,,"  -32",",,S","  -67",",,S","  -44","H,,S"
"AYM00089574","2011-02-14","-69.383","76.383","64.0","PROGRESS, AY",,,,,"  -30",",,S",,,"  -54","H,,S"
"AYM00089574","2011-02-15","-69.383","76.383","64.0","PROGRESS, AY",,,,,"  -29",",,S","  -82",",,S","  -58","H,,S"
"AYM00089574","2011-02-16","-69.383","76.383","64.0","PROGRESS, AY",,,,,"  -17",",,S","  -93",",,S","  -66","H,,S"
"AYM00089574","2011-02-17","-69.383","76.383","64.0","PROGRESS, AY",,,,,"  -26",",,S",,,"  -42","H,,S"
"AYM00089574","2011-02-18","-69.383","76.383","64.0","PROGRESS, AY",,,,,"  -48",",,S","  -68",",,S","  -58","H,,S"
"AYM00089574","2011-02-19","-69.383","76.383","64.0","PROGRESS, AY",,,,,"  -37",",,S",,,"  -59","H,,S"
"AYM00089574","2011-02-20","-69.383","76.383","64.0","PROGRESS, AY",,,,,"  -54",",,S","  -89",",,S","  -75","H,,S"
"AYM00089574","2011-02-21","-69.383","76.383","64.0","PROGRESS, AY",,,,,"  -39",",,S","  -97",",,S","  -69","H,,S"
"AYM00089574","2011-02-22","-69.383","76.383","64.0","PROGRESS, AY",,,,,"  -50",",,S",,,"  -73","H,,S"
"AYM00089574","2011-02-25","-69.383","76.383","64.0","PROGRESS, AY",,,,,,,,,"  -84","H,,S"
"AYM00089574","2011-02-26","-69.383","76.383","64.0","PROGRESS, AY","   15","B,,S",,,"  -91",",,S"," -127",",,S"," -104","H,,S"
"AYM00089574","2011-02-27","-69.383","76.383","64.0","PROGRESS, AY","   25","B,,S",,,,," -101",",,S","  -93","H,,S"
"AYM00089574","2011-02-28","-69.383","76.383","64.0","PROGRESS, AY","   41","B,,S",,,"  -49",",,S","  -94",",,S","  -64","H,,S"
"AYM00089574","2011-03-01","-69.383","76.383","64.0","PROGRESS, AY","   18","B,,S",,,,,,,"  -95","H,,S"
"AYM00089574","2011-03-02","-69.383","76.383","64.0","PROGRESS, AY",,,,,"  -21",",,S","  -69",",,S","  -33","H,,S"
"AYM00089574","2011-03-03","-69.383","76.383","64.0","PROGRESS, AY",,,,,"    4",",,S","  -27",",,S","   -7","H,,S"
"AYM00089574","2011-03-04","-69.383","76.383","64.0","PROGRESS, AY",,,,,"  -31",",,S",,,"  -45","H,,S"
"AYM00089574","2011-03-05","-69.383","76.383","64.0","PROGRESS, AY",,,,,"  -35",",,S","  -76",",,S","  -52","H,,S"
"AYM00089574","2011-03-06","-69.383","76.383","64.0","PROGRESS, AY",,,,,"  -25",",,S","  -49",",,S","  -42","H,,S"
"AYM00089574","2011-03-07","-69.383","76.383","64.0","PROGRESS, AY",,,,,"  -58",",,S",,,"  -76","H,,S"
"AYM00089574","2011-03-08","-69.383","76.383","64.0","PROGRESS, AY",,,,," -111",",,S",,," -127","H,,S"
"AYM00089574","2011-03-09","-69.383","76.383","64.0","PROGRESS, AY",,,,,,," -161",",,S"," -136","H,,S"
"AYM00089574","2011-03-10","-69.383","76.383","64.0","PROGRESS, AY",,,,,"  -76",",,S",,," -102","H,,S"
"AYM00089574","2011-03-11","-69.383","76.383","64.0","PROGRESS, AY",,,,,"  -84",",,S"," -125",",,S","  -98","H,,S"
"AYM00089574","2011-03-12","-69.383","76.383","64.0","PROGRESS, AY",,,,,"  -87",",,S"," -103",",,S","  -92","H,,S"
"AYM00089574","2011-03-13","-69.383","76.383","64.0","PROGRESS, AY",,,,,"  -94",",,S",,," -108","H,,S"
"AYM00089574","2011-03-14","-69.383","76.383","64.0","PROGRESS, AY",,,,,"  -97",",,S"," -138",",,S"," -119","H,,S"
"AYM00089574","2011-03-15","-69.383","76.383","64.0","PROGRESS, AY",,,,,,," -137",",,S"," -107","H,,S"
"AYM00089574","2011-03-16","-69.383","76.383","64.0","PROGRESS, AY",,,,,"  -31",",,S"," -101",",,S","  -46","H,,S"
"AYM00089574","2011-03-18","-69.383","76.383","64.0","PROGRESS, AY",,,,,,,,," -101","H,,S"
"AYM00089574","2011-03-19","-69.383","76.383","64.0","PROGRESS, AY",,,,,,," -109",",,S","  -76","H,,S"
"AYM00089574","2011-03-20","-69.383","76.383","64.0","PROGRESS, AY",,,,,"  -60",",,S","  -78",",,S","  -69","H,,S"
"AYM00089574","2011-03-21","-69.383","76.383","64.0","PROGRESS, AY",,,,,"  -58",",,S",,,"  -69","H,,S"
"AYM00089574","2011-03-22","-69.383","76.383","64.0","PROGRESS, AY",,,,,"  -63",",,S","  -97",",,S","  -77","H,,S"
"AYM00089574","2011-03-26","-69.383","76.383","64.0","PROGRESS, AY",,,,,"  -28",",,S","  -88",",,S","  -50","H,,S"
"AYM00089574","2011-03-27","-69.383","76.383","64.0","PROGRESS, AY",,,,,"  -52",",,S",,,"  -60","H,,S"
"AYM00089574","2011-03-29","-69.383","76.383","64.0","PROGRESS, AY","    0","B,,S",,,,,"  -43",",,S","  -19","H,,S"
"AYM00089574","2011-03-30","-69.383","76.383","64.0","PROGRESS, AY",,,,,"   -1",",,S",,,"  -12","H,,S"
"AYM00089574","2011-03-31","-69.383","76.383","64.0","PROGRESS, AY",,,,,"  -26",",,S",,,"  -34","H,,S"
"AYM00089574","2011-04-01","-69.383","76.383","64.0","PROGRESS, AY",,,,,"  -64",",,S",,,"  -73","H,,S"
"AYM00089574","2011-04-02","-69.383","76.383","64.0","PROGRESS, AY",,,,,"  -79",",,S",,,"  -89","H,,S"
"AYM00089574","2011-04-03","-69.383","76.383","64.0","PROGRESS, AY",,,,,"  -91",",,S"," -121",",,S"," -104","H,,S"
"AYM00089574","2011-04-04","-69.383","76.383","64.0","PROGRESS, AY",,,,,"  -99",",,S",,," -116","H,,S"
"AYM00089574","2011-04-05","-69.383","76.383","64.0","PROGRESS, AY",,,,," -104",",,S",,," -133","H,,S"
"AYM00089574","2011-04-06","-69.383","76.383","64.0","PROGRESS, AY",,,,,,," -164",",,S"," -133","H,,S"
"AYM00089574","2011-04-07","-69.383","76.383","64.0","PROGRESS, AY",,,,,,," -110",",,S","  -80","H,,S"
"AYM00089574","2011-04-08","-69.383","76.383","64.0","PROGRESS, AY","   13","B,,S",,,"  -42",",,S","  -70",",,S","  -57","H,,S"
"AYM00089574","2011-04-09","-69.383","76.383","64.0","PROGRESS, AY",,,,,"  -38",",,S",,,"  -53","H,,S"
"AYM00089574","2011-04-10","-69.383","76.383","64.0","PROGRESS, AY",,,,,,,,," -129","H,,S"
"AYM00089574","2011-04-11","-69.383","76.383","64.0","PROGRESS, AY",,,,," -108",",,S"," -153",",,S"," -116","H,,S"
"AYM00089574","2011-04-12","-69.383","76.383","64.0","PROGRESS, AY",,,,," -117",",,S",,," -127","H,,S"
"AYM00089574","2011-04-13","-69.383","76.383","64.0","PROGRESS, AY",,,,,,,,," -142","H,,S"
"AYM00089574","2011-04-14","-69.383","76.383","64.0","PROGRESS, AY",,,,,"  -90",",,S"," -137",",,S"," -104","H,,S"
"AYM00089574","2011-04-15","-69.383","76.383","64.0","PROGRESS, AY",,,,," -116",",,S",,," -125","H,,S"
"AYM00089574","2011-04-16","-69.383","76.383","64.0","PROGRESS, AY",,,,,,," -141",",,S"," -136","H,,S"
"AYM00089574","2011-04-17","-69.383","76.383","64.0","PROGRESS, AY","    3","B,,S",,,,,,," -139","H,,S"
"AYM00089574","2011-04-18","-69.383","76.383","64.0","PROGRESS, AY",,,,,,,,," -169","H,,S"
"AYM00089574","2011-04-19","-69.383","76.383","64.0","PROGRESS, AY",,,,," -162",",,S",,," -174","H,,S"
"AYM00089574","2011-04-20","-69.383","76.383","64.0","PROGRESS, AY",,,,," -178",",,S",,," -191","H,,S"
"AYM00089574","2011-04-21","-69.383","76.383","64.0","PROGRESS, AY",,,,,,," -222",",,S"," -183","H,,S"
"AYM00089574","2011-04-22","-69.383","76.383","64.0","PROGRESS, AY",,,,,,," -129",",,S"," -117","H,,S"
"AYM00089574","2011-04-23","-69.383","76.383","64.0","PROGRESS, AY",,,,,,," -107",",,S","  -87","H,,S"
"AYM00089574","2011-04-24","-69.383","76.383","64.0","PROGRESS, AY",,,,,,,,," -114","H,,S"
"AYM00089574","2011-04-25","-69.383","76.383","64.0","PROGRESS, AY",,,,," -110",",,S",,," -134","H,,S"
"AYM00089574","2011-04-26","-69.383","76.383","64.0","PROGRESS, AY",,,,,,," -156",",,S"," -101","H,,S"
"AYM00089574","2011-04-27","-69.383","76.383","64.0","PROGRESS, AY","   48","B,,S",,,,,,," -151","H,,S"
"AYM00089574","2011-04-28","-69.383","76.383","64.0","PROGRESS, AY","   30","B,,S",,,"  -80",",,S"," -225",",,S"," -114","H,,S"
"AYM00089574","2011-04-29","-69.383","76.383","64.0","PROGRESS, AY","   15","B,,S",,,"  -98",",,S"," -125",",I,S"," -112","H,,S"
"AYM00089574","2011-04-30","-69.383","76.383","64.0","PROGRESS, AY",,,,," -151",",I,S",,," -161","H,,S"
"AYM00089574","2011-05-01","-69.383","76.383","64.0","PROGRESS, AY",,,,," -154",",,S"," -179",",,S"," -169","H,,S"
"AYM00089574","2011-05-02","-69.383","76.383","64.0","PROGRESS, AY",,,,," -165",",,S"," -223",",,S"," -171","H,,S"
"AYM00089574","2011-05-03","-69.383","76.383","64.0","PROGRESS, AY",,,,,,,,," -141","H,,S"
"AYM00089574","2011-05-04","-69.383","76.383","64.0","PROGRESS, AY",,,,,,," -158",",,S"," -102","H,,S"
"AYM00089574","2011-05-05","-69.383","76.383","64.0","PROGRESS, AY","   81","B,,S",,,"  -41",",,S","  -73",",,S","  -47","H,,S"
"AYM00089574","2011-05-06","-69.383","76.383","64.0","PROGRESS, AY","   71","B,,S",,,,,,,"  -62","H,,S"
"AYM00089574","2011-05-07","-69.383","76.383","64.0","PROGRESS, AY","    5","B,,S",,,"  -46",",,S","  -67",",,S","  -54","H,,S"
"AYM00089574","2011-05-08","-69.383","76.383","64.0","PROGRESS, AY","   41","B,,S",,,,,"  -52",",,S","  -28","H,,S"
"AYM00089574","2011-05-09","-69.383","76.383","64.0","PROGRESS, AY",,,,,,,,,"  -45","H,,S"
"AYM00089574","2011-05-12","-69.383","76.383","64.0","PROGRESS, AY",,,,," -130",",,S",,," -134","H,,S"
"AYM00089574","2011-05-13","-69.383","76.383","64.0","PROGRESS, AY",,,,," -119",",,S"," -138",",,S"," -126","H,,S"
"AYM00089574","2011-05-14","-69.383","76.383","64.0","PROGRESS, AY",,,,,,,,," -170","H,,S"
"AYM00089574","2011-05-15","-69.383","76.383","64.0","PROGRESS, AY",,,,,,," -203",",,S"," -176","H,,S"
"AYM00089574","2011-05-16","-69.383","76.383","64.0","PROGRESS, AY",,,,," -114",",,S",,," -131","H,,S"
"AYM00089574","2011-05-17","-69.383","76.383","64.0","PROGRESS, AY",,,,,,,,," -159","H,,S"
"AYM00089574","2011-05-18","-69.383","76.383","64.0","PROGRESS, AY",,,,,,,,," -174","H,,S"
"AYM00089574","2011-05-19","-69.383","76.383","64.0","PROGRESS, AY",,,,,,,,," -194","H,,S"
"AYM00089574","2011-05-20","-69.383","76.383","64.0","PROGRESS, AY",,,,,,,,," -258","H,,S"
"AYM00089574","2011-05-21","-69.383","76.383","64.0","PROGRESS, AY",,,,,,,,," -296","H,,S"
"AYM00089574","2011-05-22","-69.383","76.383","64.0","PROGRESS, AY",,,,," -259",",,S"," -314",",,S"," -277","H,,S"
"AYM00089574","2011-05-23","-69.383","76.383","64.0","PROGRESS, AY",,,,,,,,," -288","H,,S"
"AYM00089574","2011-05-24","-69.383","76.383","64.0","PROGRESS, AY",,,,," -223",",,S"," -302",",,S"," -244","H,,S"
"AYM00089574","2011-05-25","-69.383","76.383","64.0","PROGRESS, AY",,,,," -260",",,S",,," -271","H,,S"
"AYM00089574","2011-05-26","-69.383","76.383","64.0","PROGRESS, AY",,,,,,," -304",",,S"," -212","H,,S"
"AYM00089574","2011-05-27","-69.383","76.383","64.0","PROGRESS, AY",,,,,,,,," -126","H,,S"
"AYM00089574","2011-05-28","-69.383","76.383","64.0","PROGRESS, AY","   69","B,,S",,,,,,," -132","H,,S"
"AYM00089574","2011-05-29","-69.383","76.383","64.0","PROGRESS, AY",,,,,,," -201",",,S"," -136","H,,S"
"AYM00089574","2011-05-30","-69.383","76.383","64.0","PROGRESS, AY","   51","B,,S",,,,,,," -132","H,,S"
"AYM00089574","2011-06-01","-69.383","76.383","64.0","PROGRESS, AY",,,,," -201",",,S"," -241",",,S"," -208","H,,S"
"AYM00089574","2011-06-02","-69.383","76.383","64.0","PROGRESS, AY",,,,,,," -238",",,S"," -176","H,,S"
"AYM00089574","2011-06-03","-69.383","76.383","64.0","PROGRESS, AY",,,,,,," -159",",,S"," -142","H,,S"
"AYM00089574","2011-06-04","-69.383","76.383","64.0","PROGRESS, AY","    0","B,,S",,," -113",",,S"," -130",",,S"," -118","H,,S"
"AYM00089574","2011-06-05","-69.383","76.383","64.0","PROGRESS, AY",,,,,,,,," -175","H,,S"
"AYM00089574","2011-06-06","-69.383","76.383","64.0","PROGRESS, AY",,,,,,,,," -222","H,,S"
"AYM00089574","2011-06-07","-69.383","76.383","64.0","PROGRESS, AY",,,,,,," -233",",,S"," -183","H,,S"
"AYM00089574","2011-06-08","-69.383","76.383","64.0","PROGRESS, AY",,,,,,,,," -172","H,,S"
"AYM00089574","2011-06-09","-69.383","76.383","64.0","PROGRESS, AY","   28","B,,S",,,,,,," -111","H,,S"
"AYM00089574","2011-06-10","-69.383","76.383","64.0","PROGRESS, AY",,,,,,,,," -142","H,,S"
"AYM00089574","2011-06-11","-69.383","76.383","64.0","PROGRESS, AY",,,,,,,,," -160","H,,S"
"AYM00089574","2011-06-12","-69.383","76.383","64.0","PROGRESS, AY",,,,,,," -211",",,S"," -145","H,,S"
"AYM00089574","2011-06-13","-69.383","76.383","64.0","PROGRESS, AY",,,,,,,,," -137","H,,S"
"AYM00089574","2011-06-14","-69.383","76.383","64.0","PROGRESS, AY",,,,,,,,," -163","H,,S"
"AYM00089574","2011-06-16","-69.383","76.383","64.0","PROGRESS, AY",,,,,,,,," -213","H,,S"
"AYM00089574","2011-06-17","-69.383","76.383","64.0","PROGRESS, AY",,,,,,," -240",",,S"," -145","H,,S"
"AYM00089574","2011-06-18","-69.383","76.383","64.0","PROGRESS, AY",,,,,,,,," -103","H,,S"
"AYM00089574","2011-06-19","-69.383","76.383","64.0","PROGRESS, AY",,,,,,," -107",",,S","  -89","H,,S"
"AYM00089574","2011-06-21","-69.383","76.383","64.0","PROGRESS, AY",,,,," -140",",,S",,," -146","H,,S"
"AYM00089574","2011-06-22","-69.383","76.383","64.0","PROGRESS, AY",,,,,,,,," -152","H,,S"
"AYM00089574","2011-06-24","-69.383","76.383","64.0","PROGRESS, AY",,,,,,," -182",",,S"," -152","H,,S"
"AYM00089574","2011-06-25","-69.383","76.383","64.0","PROGRESS, AY",,,,,,,,," -123","H,,S"
"AYM00089574","2011-06-26","-69.383","76.383","64.0","PROGRESS, AY",,,,,,," -155",",,S"," -135","H,,S"
"AYM00089574","2011-06-27","-69.383","76.383","64.0","PROGRESS, AY",,,,," -154",",,S",,," -167","H,,S"
"AYM00089574","2011-06-28","-69.383","76.383","64.0","PROGRESS, AY",,,,," -179",",,S",,," -193","H,,S"
"AYM00089574","2011-06-29","-69.383","76.383","64.0","PROGRESS, AY",,,,," -198",",,S",,," -209","H,,S"
"AYM00089574","2011-06-30","-69.383","76.383","64.0","PROGRESS, AY",,,,,,," -229",",,S"," -185","H,,S"
"AYM00089574","2011-07-01","-69.383","76.383","64.0","PROGRESS, AY","  107","B,,S",,,,," -149",",,S","  -80","H,,S"
"AYM00089574","2011-07-02","-69.383","76.383","64.0","PROGRESS, AY","   61","B,,S",,,,,,,"  -69","H,,S"
"AYM00089574","2011-07-03","-69.383","76.383","64.0","PROGRESS, AY","   41","B,,S",,,"  -31",",,S","  -60",",,S","  -43","H,,S"
"AYM00089574","2011-07-04","-69.383","76.383","64.0","PROGRESS, AY","  102","B,,S",,,,,,,"  -52","H,,S"
"AYM00089574","2011-07-05","-69.383","76.383","64.0","PROGRESS, AY","   10","B,,S",,,,,,," -112","H,,S"
"AYM00089574","2011-07-06","-69.383","76.383","64.0","PROGRESS, AY","    5","B,,S",,,"  -59",",,S"," -106",",,S","  -63","H,,S"
"AYM00089574","2011-07-07","-69.383","76.383","64.0","PROGRESS, AY","    0","B,,S",,,"  -57",",,S","  -75",",,S","  -64","H,,S"
"AYM00089574","2011-07-08","-69.383","76.383","64.0","PROGRESS, AY","   51","B,,S",,,,,,,"  -95","H,,S"
"AYM00089574","2011-07-09","-69.383","76.383","64.0","PROGRESS, AY","  102","B,,S",,,,," -101",",,S","  -47","H,,S"
"AYM00089574","2011-07-10","-69.383","76.383","64.0","PROGRESS, AY","   81","B,,S",,,,,,,"  -59","H,,S"
"AYM00089574","2011-07-11","-69.383","76.383","64.0","PROGRESS, AY","   10","B,,S",,,"  -72",",,S",,,"  -74","H,,S"
"AYM00089574","2011-07-12","-69.383","76.383","64.0","PROGRESS, AY","    0","B,,S",,,"  -47",",,S",,,"  -78","H,,S"
"AYM00089574","2011-07-13","-69.383","76.383","64.0","PROGRESS, AY",,,,,"  -86",",,S",,," -109","H,,S"
"AYM00089574","2011-07-14","-69.383","76.383","64.0","PROGRESS, AY",,,,,,,,," -203","H,,S"
"AYM00089574","2011-07-15","-69.383","76.383","64.0","PROGRESS, AY",,,,,"  -70",",,S"," -232",",,S"," -109","H,,S"
"AYM00089574","2011-07-16","-69.383","76.383","64.0","PROGRESS, AY",,,,," -119",",,S",,," -131","H,,S"
"AYM00089574","2011-07-17","-69.383","76.383","64.0","PROGRESS, AY",,,,,,,,," -191","H,,S"
"AYM00089574","2011-07-18","-69.383","76.383","64.0","PROGRESS, AY",,,,,,," -222",",,S"," -168","H,,S"
"AYM00089574","2011-07-19","-69.383","76.383","64.0","PROGRESS, AY",,,,," -125",",,S",,," -140","H,,S"
"AYM00089574","2011-07-20","-69.383","76.383","64.0","PROGRESS, AY",,,,,,," -160",",,S"," -134","H,,S"
"AYM00089574","2011-07-21","-69.383","76.383","64.0","PROGRESS, AY",,,,,"  -59",",,S"," -115",",,S","  -87","H,,S"
"AYM00089574","2011-07-22","-69.383","76.383","64.0","PROGRESS, AY","   10","B,,S",,,,," -189",",,S"," -142","H,,S"
"AYM00089574","2011-07-23","-69.383","76.383","64.0","PROGRESS, AY","   20","B,,S",,," -117",",,S",,," -132","H,,S"
"AYM00089574","2011-07-24","-69.383","76.383","64.0","PROGRESS, AY",,,,," -113",",,S"," -147",",,S"," -125","H,,S"
"AYM00089574","2011-07-25","-69.383","76.383","64.0","PROGRESS, AY",,,,,,," -139",",,S"," -102","H,,S"
"AYM00089574","2011-07-26","-69.383","76.383","64.0","PROGRESS, AY","   30","B,,S",,," -114",",,S"," -146",",,S"," -126","H,,S"
"AYM00089574","2011-07-27","-69.383","76.383","64.0","PROGRESS, AY",,,,,,,,," -170","H,,S"
"AYM00089574","2011-07-28","-69.383","76.383","64.0","PROGRESS, AY",,,,,,," -199",",,S"," -154","H,,S"
"AYM00089574","2011-07-29","-69.383","76.383","64.0","PROGRESS, AY",,,,,,," -143",",,S","  -99","H,,S"
"AYM00089574","2011-07-30","-69.383","76.383","64.0","PROGRESS, AY",,,,,,,,," -115","H,,S"
"AYM00089574","2011-08-01","-69.383","76.383","64.0","PROGRESS, AY",,,,,,," -185",",,S"," -171","H,,S"
"AYM00089574","2011-08-02","-69.383","76.383","64.0","PROGRESS, AY",,,,," -141",",,S",,," -155","H,,S"
"AYM00089574","2011-08-03","-69.383","76.383","64.0","PROGRESS, AY",,,,,,," -185",",,S"," -141","H,,S"
"AYM00089574","2011-08-04","-69.383","76.383","64.0","PROGRESS, AY",,,,,"   -5",",,S",,,"  -45","H,,S"
"AYM00089574","2011-08-05","-69.383","76.383","64.0","PROGRESS, AY",,,,,,,,,"  -60","H,,S"
"AYM00089574","2011-08-06","-69.383","76.383","64.0","PROGRESS, AY","    0","B,,S",,,"  -52",",,S"," -102",",,S","  -72","H,,S"
"AYM00089574","2011-08-07","-69.383","76.383","64.0","PROGRESS, AY",,,,,,,,," -119","H,,S"
"AYM00089574","2011-08-08","-69.383","76.383","64.0","PROGRESS, AY",,,,,,,,," -135","H,,S"
"AYM00089574","2011-08-09","-69.383","76.383","64.0","PROGRESS, AY",,,,,,," -143",",,S","  -82","H,,S"
"AYM00089574","2011-08-10","-69.383","76.383","64.0","PROGRESS, AY",,,,,"  -33",",,S","  -63",",,S","  -51","H,,S"
"AYM00089574","2011-08-11","-69.383","76.383","64.0","PROGRESS, AY",,,,,,,"  -77",",,S","  -53","H,,S"
"AYM00089574","2011-08-12","-69.383","76.383","64.0","PROGRESS, AY",,,,,,,,,"  -78","H,,S"
"AYM00089574","2011-08-13","-69.383","76.383","64.0","PROGRESS, AY",,,,,"  -55",",,S",,,"  -72","H,,S"
"AYM00089574","2011-08-16","-69.383","76.383","64.0","PROGRESS, AY",,,,," -124",",,S"," -166",",,S"," -143","H,,S"
"AYM00089574","2011-08-17","-69.383","76.383","64.0","PROGRESS, AY",,,,,,," -154",",,S","  -93","H,,S"
"AYM00089574","2011-08-18","-69.383","76.383","64.0","PROGRESS, AY",,,,,,,,,"  -98","H,,S"
"AYM00089574","2011-08-19","-69.383","76.383","64.0","PROGRESS, AY",,,,," -134",",,S",,," -147","H,,S"
"AYM00089574","2011-08-20","-69.383","76.383","64.0","PROGRESS, AY",,,,," -166",",,S",,," -185","H,,S"
"AYM00089574","2011-08-21","-69.383","76.383","64.0","PROGRESS, AY",,,,," -211",",,S",,," -257","H,,S"
"AYM00089574","2011-08-22","-69.383","76.383","64.0","PROGRESS, AY",,,,,,," -315",",,S"," -262","H,,S"
"AYM00089574","2011-08-23","-69.383","76.383","64.0","PROGRESS, AY",,,,," -144",",,S"," -256",",,S"," -163","H,,S"
"AYM00089574","2011-08-24","-69.383","76.383","64.0","PROGRESS, AY",,,,,,," -165",",,S"," -138","H,,S"
"AYM00089574","2011-08-25","-69.383","76.383","64.0","PROGRESS, AY",,,,,,,,," -162","H,,S"
"AYM00089574","2011-08-26","-69.383","76.383","64.0","PROGRESS, AY",,,,,,,,," -163","H,,S"
"AYM00089574","2011-08-27","-69.383","76.383","64.0","PROGRESS, AY",,,,,,,,," -210","H,,S"
"AYM00089574","2011-08-28","-69.383","76.383","64.0","PROGRESS, AY",,,,,,," -227",",,S"," -211","H,,S"
"AYM00089574","2011-08-29","-69.383","76.383","64.0","PROGRESS, AY",,,,," -168",",,S"," -199",",,S"," -183","H,,S"
"AYM00089574","2011-08-30","-69.383","76.383","64.0","PROGRESS, AY",,,,,,," -205",",,S"," -174","H,,S"
"AYM00089574","2011-08-31","-69.383","76.383","64.0","PROGRESS, AY",,,,,"  -69",",,S"," -153",",,S"," -109","H,,S"
"AYM00089574","2011-09-01","-69.383","76.383","64.0","PROGRESS, AY",,,,,"  -61",",,S",,,"  -78","H,,S"
"AYM00089574","2011-09-02","-69.383","76.383","64.0","PROGRESS, AY",,,,,"  -93",",,S",,,"  -98","H,,S"
"AYM00089574","2011-09-03","-69.383","76.383","64.0","PROGRESS, AY",,,,,"  -95",",,S"," -124",",,S"," -119","H,,S"
"AYM00089574","2011-09-04","-69.383","76.383","64.0","PROGRESS, AY",,,,," -112",",,S"," -138",",,S"," -124","H,,S"
"AYM00089574","2011-09-05","-69.383","76.383","64.0","PROGRESS, AY",,,,," -121",",,S"," -144",",,S"," -134","H,,S"
"AYM00089574","2011-09-06","-69.383","76.383","64.0","PROGRESS, AY",,,,,"  -67",",,S"," -129",",,S","  -79","H,,S"
"AYM00089574","2011-09-07","-69.383","76.383","64.0","PROGRESS, AY",,,,,"  -73",",,S",,,"  -93","H,,S"
"AYM00089574","2011-09-08","-69.383","76.383","64.0","PROGRESS, AY",,,,,,,,," -163","H,,S"
"AYM00089574","2011-09-09","-69.383","76.383","64.0","PROGRESS, AY",,,,," -134",",,S",,," -176","H,,S"
"AYM00089574","2011-09-10","-69.383","76.383","64.0","PROGRESS, AY",,,,," -118",",,S"," -165",",,S"," -142","H,,S"
"AYM00089574","2011-09-11","-69.383","76.383","64.0","PROGRESS, AY",,,,," -167",",,S",,," -184","H,,S"
"AYM00089574","2011-09-12","-69.383","76.383","64.0","PROGRESS, AY",,,,," -181",",,S"," -210",",,S"," -196","H,,S"
"AYM00089574","2011-09-13","-69.383","76.383","64.0","PROGRESS, AY",,,,,,," -210",",,S"," -173","H,,S"
"AYM00089574","2011-09-15","-69.383","76.383","64.0","PROGRESS, AY",,,,," -106",",,S"," -167",",,S"," -126","H,,S"
"AYM00089574","2011-09-16","-69.383","76.383","64.0","PROGRESS, AY",,,,,"  -71",",,S"," -121",",,S","  -89","H,,S"
"AYM00089574","2011-09-17","-69.383","76.383","64.0","PROGRESS, AY","   20","B,,S",,,"  -95",",,S"," -104",",,S"," -101","H,,S"
"AYM00089574","2011-09-18","-69.383","76.383","64.0","PROGRESS, AY",,,,," -103",",,S",,," -124","H,,S"
"AYM00089574","2011-09-19","-69.383","76.383","64.0","PROGRESS, AY",,,,," -151",",,S",,," -162","H,,S"
"AYM00089574","2011-09-20","-69.383","76.383","64.0","PROGRESS, AY",,,,," -174",",,S",,," -210","H,,S"
"AYM00089574","2011-09-21","-69.383","76.383","64.0","PROGRESS, AY",,,,," -161",",,S"," -264",",,S"," -209","H,,S"
"AYM00089574","2011-09-22","-69.383","76.383","64.0","PROGRESS, AY",,,,," -133",",,S"," -222",",,S"," -179","H,,S"
"AYM00089574","2011-09-23","-69.383","76.383","64.0","PROGRESS, AY",,,,,,,,," -240","H,,S"
"AYM00089574","2011-09-25","-69.383","76.383","64.0","PROGRESS, AY",,,,,"  -81",",,S",,,"  -96","H,,S"
"AYM00089574","2011-09-26","-69.383","76.383","64.0","PROGRESS, AY","   61","B,,S",,,"  -77",",,S",,,"  -91","H,,S"
"AYM00089574","2011-09-27","-69.383","76.383","64.0","PROGRESS, AY","    8","B,,S",,," -116",",,S",,," -126","H,,S"
"AYM00089574","2011-09-28","-69.383","76.383","64.0","PROGRESS, AY",,,,," -129",",,S",,," -153","H,,S"
"AYM00089574","2011-09-29","-69.383","76.383","64.0","PROGRESS, AY",,,,," -142",",,S",,," -187","H,,S"
"AYM00089574","2011-09-30","-69.383","76.383","64.0","PROGRESS, AY",,,,," -117",",,S"," -212",",,S"," -152","H,,S"
"AYM00089574","2011-10-02","-69.383","76.383","64.0","PROGRESS, AY",,,,," -122",",,S",,," -135","H,,S"
"AYM00089574","2011-10-03","-69.383","76.383","64.0","PROGRESS, AY",,,,," -136",",,S",,," -151","H,,S"
"AYM00089574","2011-10-04","-69.383","76.383","64.0","PROGRESS, AY",,,,," -135",",,S"," -181",",,S"," -162","H,,S"
"AYM00089574","2011-10-05","-69.383","76.383","64.0","PROGRESS, AY",,,,," -146",",,S",,," -175","H,,S"
"AYM00089574","2011-10-06","-69.383","76.383","64.0","PROGRESS, AY",,,,," -157",",,S"," -194",",,S"," -174","H,,S"
"AYM00089574","2011-10-07","-69.383","76.383","64.0","PROGRESS, AY",,,,," -135",",,S"," -190",",,S"," -168","H,,S"
"AYM00089574","2011-10-08","-69.383","76.383","64.0","PROGRESS, AY",,,,," -163",",,S",,," -200","H,,S"
"AYM00089574","2011-10-09","-69.383","76.383","64.0","PROGRESS, AY",,,,," -155",",,S"," -253",",,S"," -187","H,,S"
"AYM00089574","2011-10-10","-69.383","76.383","64.0","PROGRESS, AY",,,,,"  -86",",,S"," -180",",,S"," -126","H,,S"
"AYM00089574","2011-10-11","-69.383","76.383","64.0","PROGRESS, AY",,,,," -142",",,S",,," -171","H,,S"
"AYM00089574","2011-10-12","-69.383","76.383","64.0","PROGRESS, AY",,,,," -134",",,S"," -213",",,S"," -158","H,,S"
"AYM00089574","2011-10-13","-69.383","76.383","64.0","PROGRESS, AY",,,,,"  -98",",,S",,," -140","H,,S"
"AYM00089574","2011-10-14","-69.383","76.383","64.0","PROGRESS, AY",,,,,,," -195",",,S"," -125","H,,S"
"AYM00089574","2011-10-15","-69.383","76.383","64.0","PROGRESS, AY","   36","B,,S",,,"  -91",",,S",,," -133","H,,S"
"AYM00089574","2011-10-16","-69.383","76.383","64.0","PROGRESS, AY",,,,,"  -29",",,S"," -178",",,S"," -114","H,,S"
"AYM00089574","2011-10-17","-69.383","76.383","64.0","PROGRESS, AY",,,,,"  -99",",,S"," -136",",,S"," -119","H,,S"
"AYM00089574","2011-10-18","-69.383","76.383","64.0","PROGRESS, AY",,,,,"  -92",",,S"," -127",",,S"," -113","H,,S"
"AYM00089574","2011-10-19","-69.383","76.383","64.0","PROGRESS, AY",,,,,"  -83",",,S"," -130",",,S"," -104","H,,S"
"AYM00089574","2011-10-20","-69.383","76.383","64.0","PROGRESS, AY",,,,," -114",",,S",,," -122","H,,S"
"AYM00089574","2011-10-21","-69.383","76.383","64.0","PROGRESS, AY","    0","B,,S",,," -106",",,S",,," -148","H,,S"
"AYM00089574","2011-10-22","-69.383","76.383","64.0","PROGRESS, AY",,,,,"  -59",",,S"," -172",",,S"," -102","H,,S"
"AYM00089574","2011-10-23","-69.383","76.383","64.0","PROGRESS, AY","   41","B,,S",,,"  -63",",,S",,,"  -77","H,,S"
"AYM00089574","2011-10-24","-69.383","76.383","64.0","PROGRESS, AY","   36","B,,S",,,"  -95",",,S",,," -110","H,,S"
"AYM00089574","2011-10-25","-69.383","76.383","64.0","PROGRESS, AY",,,,," -105",",,S"," -160",",,S"," -142","H,,S"
"AYM00089574","2011-10-26","-69.383","76.383","64.0","PROGRESS, AY",,,,," -123",",,S"," -178",",,S"," -144","H,,S"
"AYM00089574","2011-10-27","-69.383","76.383","64.0","PROGRESS, AY",,,,,"  -90",",,S"," -146",",,S"," -123","H,,S"
"AYM00089574","2011-10-28","-69.383","76.383","64.0","PROGRESS, AY",,,,," -132",",,S",,," -156","H,,S"
"AYM00089574","2011-10-29","-69.383","76.383","64.0","PROGRESS, AY",,,,," -126",",,S"," -177",",,S"," -158","H,,S"
"AYM00089574","2011-10-30","-69.383","76.383","64.0","PROGRESS, AY",,,,," -132",",,S",,," -171","H,,S"
"AYM00089574","2011-10-31","-69.383","76.383","64.0","PROGRESS, AY",,,,," -127",",,S"," -213",",,S"," -156","H,,S"
"AYM00089574","2011-11-01","-69.383","76.383","64.0","PROGRESS, AY",,,,,"  -82",",,S"," -174",",,S"," -105","H,,S"
"AYM00089574","2011-11-02","-69.383","76.383","64.0","PROGRESS, AY",,,,,"  -79",",,S"," -125",",,S"," -104","H,,S"
"AYM00089574","2011-11-03","-69.383","76.383","64.0","PROGRESS, AY",,,,,"  -98",",,S"," -128",",,S"," -105","H,,S"
"AYM00089574","2011-11-04","-69.383","76.383","64.0","PROGRESS, AY","   30","B,,S",,,"  -79",",,S"," -107",",,S","  -86","H,,S"
"AYM00089574","2011-11-05","-69.383","76.383","64.0","PROGRESS, AY",,,,,"  -50",",,S","  -91",",,S","  -71","H,,S"
"AYM00089574","2011-11-06","-69.383","76.383","64.0","PROGRESS, AY",,,,,"  -50",",,S",,,"  -74","H,,S"
"AYM00089574","2011-11-07","-69.383","76.383","64.0","PROGRESS, AY",,,,,"  -65",",,S"," -118",",,S","  -94","H,,S"
"AYM00089574","2011-11-08","-69.383","76.383","64.0","PROGRESS, AY",,,,,"  -39",",,S","  -96",",,S","  -58","H,,S"
"AYM00089574","2011-11-09","-69.383","76.383","64.0","PROGRESS, AY",,,,,"   -7",",,S","  -61",",,S","  -43","H,,S"
"AYM00089574","2011-11-10","-69.383","76.383","64.0","PROGRESS, AY",,,,,"  -15",",,S","  -64",",,S","  -44","H,,S"
"AYM00089574","2011-11-11","-69.383","76.383","64.0","PROGRESS, AY",,,,,"   -7",",,S","  -64",",,S","  -42","H,,S"
"AYM00089574","2011-11-12","-69.383","76.383","64.0","PROGRESS, AY",,,,,"   -8",",,S","  -64",",,S","  -39","H,,S"
"AYM00089574","2011-11-13","-69.383","76.383","64.0","PROGRESS, AY",,,,,"  -26",",,S",,,"  -55","H,,S"
"AYM00089574","2011-11-14","-69.383","76.383","64.0","PROGRESS, AY",,,,,"  -13",",,S","  -83",",,S","  -41","H,,S"
"AYM00089574","2011-11-15","-69.383","76.383","64.0","PROGRESS, AY",,,,,"   12",",,S",,,"  -23","H,,S"
"AYM00089574","2011-11-16","-69.383","76.383","64.0","PROGRESS, AY",,,,,"  -11",",,S",,,"  -35","H,,S"
"AYM00089574","2011-11-17","-69.383","76.383","64.0","PROGRESS, AY",,,,,"    8",",,S","  -68",",,S","  -27","H,,S"
"AYM00089574","2011-11-18","-69.383","76.383","64.0","PROGRESS, AY",,,,,"   -2",",,S","  -56",",,S","  -22","H,,S"
"AYM00089574","2011-11-19","-69.383","76.383","64.0","PROGRESS, AY",,,,,"   11",",,S","  -46",",,S","  -13","H,,S"
"AYM00089574","2011-11-20","-69.383","76.383","64.0","PROGRESS, AY",,,,,"   19",",,S","  -30",",,S","  -12","H,,S"
"AYM00089574","2011-11-21","-69.383","76.383","64.0","PROGRESS, AY",,,,,"   35",",,S","  -37",",,S","   -2","H,,S"
"AYM00089574","2011-11-22","-69.383","76.383","64.0","PROGRESS, AY",,,,,"    9",",,S","  -30",",,S","   -8","H,,S"
"AYM00089574","2011-11-23","-69.383","76.383","64.0","PROGRESS, AY",,,,,"   34",",,S","  -18",",,S","    4","H,,S"
"AYM00089574","2011-11-24","-69.383","76.383","64.0","PROGRESS, AY",,,,,"  -18",",,S",,,"  -26","H,,S"
"AYM00089574","2011-11-25","-69.383","76.383","64.0","PROGRESS, AY",,,,,"    4",",,S",,,"  -26","H,,S"
"AYM00089574","2011-11-26","-69.383","76.383","64.0","PROGRESS, AY",,,,,"  -13",",,S","  -61",",,S","  -35","H,,S"
"AYM00089574","2011-11-27","-69.383","76.383","64.0","PROGRESS, AY",,,,,"  -26",",,S","  -58",",,S","  -46","H,,S"
"AYM00089574","2011-11-28","-69.383","76.383","64.0","PROGRESS, AY",,,,,"  -31",",,S","  -77",",,S","  -56","H,,S"
"AYM00089574","2011-11-30","-69.383","76.383","64.0","PROGRESS, AY",,,,,"    5",",,S","  -67",",,S","  -29","H,,S"
"AYM00089574","2011-12-01","-69.383","76.383","64.0","PROGRESS, AY",,,,,"   -7",",,S","  -38",",,S","  -26","H,,S"
"AYM00089574","2011-12-02","-69.383","76.383","64.0","PROGRESS, AY","    0","B,,S",,,"    3",",,S","  -36",",,S","  -22","H,,S"
"AYM00089574","2011-12-03","-69.383","76.383","64.0","PROGRESS, AY",,,,,"   14",",,S",,,"  -16","H,,S"
"AYM00089574","2011-12-04","-69.383","76.383","64.0","PROGRESS, AY",,,,,"  -29",",,S","  -62",",,S","  -44","H,,S"
"AYM00089574","2011-12-05","-69.383","76.383","64.0","PROGRESS, AY",,,,,"  -11",",,S",,,"  -33","H,,S"
"AYM00089574","2011-12-06","-69.383","76.383","64.0","PROGRESS, AY",,,,,"  -12",",,S",,,"  -42","H,,S"
"AYM00089574","2011-12-07","-69.383","76.383","64.0","PROGRESS, AY",,,,,"  -23",",,S","  -80",",,S","  -47","H,,S"
"AYM00089574","2011-12-08","-69.383","76.383","64.0","PROGRESS, AY",,,,,"  -31",",,S","  -73",",,S","  -47","H,,S"
"AYM00089574","2011-12-09","-69.383","76.383","64.0","PROGRESS, AY",,,,,"   -7",",,S","  -72",",,S","  -39","H,,S"
"AYM00089574","2011-12-10","-69.383","76.383","64.0","PROGRESS, AY",,,,,"   -6",",,S","  -53",",,S","  -33","H,,S"
"AYM00089574","2011-12-11","-69.383","76.383","64.0","PROGRESS, AY",,,,,"  -11",",,S","  -47",",,S","  -29","H,,S"
"AYM00089574","2011-12-12","-69.383","76.383","64.0","PROGRESS, AY",,,,,"  -20",",,S","  -68",",,S","  -43","H,,S"
"AYM00089574","2011-12-13","-69.383","76.383","64.0","PROGRESS, AY",,,,,"  -23",",,S","  -56",",,S","  -40","H,,S"
"AYM00089574","2011-12-14","-69.383","76.383","64.0","PROGRESS, AY",,,,,"   -8",",,S","  -65",",,S","  -39","H,,S"
"AYM00089574","2011-12-15","-69.383","76.383","64.0","PROGRESS, AY",,,,,"   -2",",,S","  -61",",,S","  -27","H,,S"
"AYM00089574","2011-12-16","-69.383","76.383","64.0","PROGRESS, AY",,,,,"   29",",,S","  -60",",,S","  -14","H,,S"
"AYM00089574","2011-12-17","-69.383","76.383","64.0","PROGRESS, AY",,,,,"   10",",,S","  -37",",,S","  -14","H,,S"
"AYM00089574","2011-12-18","-69.383","76.383","64.0","PROGRESS, AY",,,,,"   19",",,S","  -40",",,S","   -7","H,,S"
"AYM00089574","2011-12-19","-69.383","76.383","64.0","PROGRESS, AY",,,,,"   69",",,S","  -16",",,S","   28","H,,S"
"AYM00089574","2011-12-20","-69.383","76.383","64.0","PROGRESS, AY",,,,,"   48",",,S","    5",",,S","   25","H,,S"
"AYM00089574","2011-12-21","-69.383","76.383","64.0","PROGRESS, AY",,,,,"   37",",,S",,,"   21","H,,S"
"AYM00089574","2011-12-22","-69.383","76.383","64.0","PROGRESS, AY",,,,,"   54",",,S","    2",",,S","   23","H,,S"
"AYM00089574","2011-12-23","-69.383","76.383","64.0","PROGRESS, AY",,,,,"   59",",,S",,,"   15","H,,S"
"AYM00089574","2011-12-24","-69.383","76.383","64.0","PROGRESS, AY",,,,,"   33",",,S",,,"    2","H,,S"
"AYM00089574","2011-12-25","-69.383","76.383","64.0","PROGRESS, AY",,,,,"   32",",,S","  -27",",,S","    3","H,,S"
"AYM00089574","2011-12-26","-69.383","76.383","64.0","PROGRESS, AY",,,,,"   40",",,S","  -13",",,S","   14","H,,S"
"AYM00089574","2011-12-27","-69.383","76.383","64.0","PROGRESS, AY",,,,,"   29",",,S",,,"    6","H,,S"
"AYM00089574","2011-12-28","-69.383","76.383","64.0","PROGRESS, AY",,,,,"   11",",,S","  -29",",,S","   -7","H,,S"
"AYM00089574","2011-12-29","-69.383","76.383","64.0","PROGRESS, AY",,,,,"   47",",,S","  -23",",,S","   12","H,,S"
"AYM00089574","2011-12-30","-69.383","76.383","64.0","PROGRESS, AY",,,,,"   16",",,S","  -24",",,S","   -4","H,,S"
"AYM00089574","2011-12-31","-69.383","76.383","64.0","PROGRESS, AY",,,,,"   36",",,S",,,"   -1","H,,S"
"AYM00089574","2012-01-01","-69.383","76.383","64.0","PROGRESS, AY",,,,,,,,,"  -15","H,,S"
"AYM00089574","2012-01-03","-69.383","76.383","64.0","PROGRESS, AY",,,,,,,,,"    2","H,,S"
"AYM00089574","2012-01-04","-69.383","76.383","64.0","PROGRESS, AY","    3","B,,S",,,"   15",",,S","    0",",,S","    3","H,,S"
"AYM00089574","2012-01-05","-69.383","76.383","64.0","PROGRESS, AY","   10","B,,S",,,"   10",",,S",,,"    0","H,,S"
"AYM00089574","2012-01-06","-69.383","76.383","64.0","PROGRESS, AY","    0","B,,S",,,"   21",",,S","  -14",",,S","    3","H,,S"
"AYM00089574","2012-01-07","-69.383","76.383","64.0","PROGRESS, AY",,,,,"   26",",,S","  -19",",,S","    7","H,,S"
"AYM00089574","2012-01-08","-69.383","76.383","64.0","PROGRESS, AY",,,,,"   16",",,S","  -15",",,S","    1","H,,S"
"AYM00089574","2012-01-09","-69.383","76.383","64.0","PROGRESS, AY",,,,,"   17",",,S","  -21",",,S","   -3","H,,S"
"AYM00089574","2012-01-10","-69.383","76.383","64.0","PROGRESS, AY",,,,,"   31",",,S","  -19",",,S","    5","H,,S"
"AYM00089574","2012-01-11","-69.383","76.383","64.0","PROGRESS, AY",,,,,"   30",",,S","  -20",",,S","    8","H,,S"
"AYM00089574","2012-01-12","-69.383","76.383","64.0","PROGRESS, AY",,,,,"   15",",,S","  -24",",,S","   -6","H,,S"
"AYM00089574","2012-01-13","-69.383","76.383","64.0","PROGRESS, AY",,,,,"   -6",",,S",,,"  -12","H,,S"
"AYM00089574","2012-01-14","-69.383","76.383","64.0","PROGRESS, AY","    0","B,,S",,,"   23",",,S",,,"  -10","H,,S"
"AYM00089574","2012-01-15","-69.383","76.383","64.0","PROGRESS, AY",,,,,"   12",",,S","  -38",",,S","  -10","H,,S"
"AYM00089574","2012-01-16","-69.383","76.383","64.0","PROGRESS, AY",,,,,"   26",",,S","  -22",",,S","    2","H,,S"
"AYM00089574","2012-01-17","-69.383","76.383","64.0","PROGRESS, AY",,,,,"   25",",,S","  -16",",,S","   -1","H,,S"
"AYM00089574","2012-01-18","-69.383","76.383","64.0","PROGRESS, AY",,,,,"   47",",,S","  -32",",,S","    3","H,,S"
"AYM00089574","2012-01-19","-69.383","76.383","64.0","PROGRESS, AY",,,,,"   34",",,S","  -14",",,S","   12","H,,S"
"AYM00089574","2012-01-20","-69.383","76.383","64.0","PROGRESS, AY",,,,,"   25",",,S",,,"    9","H,,S"
"AYM00089574","2012-01-21","-69.383","76.383","64.0","PROGRESS, AY",,,,,"   31",",,S","  -14",",,S","    7","H,,S"
"AYM00089574","2012-01-22","-69.383","76.383","64.0","PROGRESS, AY",,,,,"   21",",,S","  -29",",,S","   -2","H,,S"
"AYM00089574","2012-01-23","-69.383","76.383","64.0","PROGRESS, AY",,,,,"   12",",,S","  -18",",,S","   -7","H,,S"
"AYM00089574","2012-01-24","-69.383","76.383","64.0","PROGRESS, AY",,,,,"   22",",,S","  -26",",,S","   -5","H,,S"
"AYM00089574","2012-01-25","-69.383","76.383","64.0","PROGRESS, AY",,,,,"    1",",,S","  -36",",,S","  -17","H,,S"
"AYM00089574","2012-01-26","-69.383","76.383","64.0","PROGRESS, AY",,,,,"   19",",,S",,,"  -14","H,,S"
"AYM00089574","2012-01-27","-69.383","76.383","64.0","PROGRESS, AY",,,,,"    9",",,S","  -41",",,S","  -15","H,,S"
"AYM00089574","2012-01-28","-69.383","76.383","64.0","PROGRESS, AY",,,,,"    5",",,S","  -47",",,S","  -23","H,,S"
"AYM00089574","2012-01-29","-69.383","76.383","64.0","PROGRESS, AY",,,,,"    9",",,S","  -43",",,S","  -14","H,,S"
"AYM00089574","2012-01-30","-69.383","76.383","64.0","PROGRESS, AY",,,,,"   12",",,S","  -17",",,S","   -4","H,,S"
"AYM00089574","2012-01-31","-69.383","76.383","64.0","PROGRESS, AY",,,,,"   22",",,S",,,"   -7","H,,S"
"AYM00089574","2012-02-01","-69.383","76.383","64.0","PROGRESS, AY",,,,,"    1",",,S",,,"  -30","H,,S"
"AYM00089574","2012-02-02","-69.383","76.383","64.0","PROGRESS, AY",,,,,"   -3",",,S","  -49",",,S","  -25","H,,S"
"AYM00089574","2012-02-03","-69.383","76.383","64.0","PROGRESS, AY",,,,,"  -10",",,S","  -37",",,S","  -21","H,,S"
"AYM00089574","2012-02-04","-69.383","76.383","64.0","PROGRESS, AY","   30","B,,S",,,"    7",",,S","  -24",",,S","   -7","H,,S"
"AYM00089574","2012-02-06","-69.383","76.383","64.0","PROGRESS, AY",,,,,,,"  -35",",,S","   -1","H,,S"
"AYM00089574","2012-02-11","-69.383","76.383","64.0","PROGRESS, AY",,,,,"   -3",",,S","  -72",",,S","  -33","H,,S"
"AYM00089574","2012-02-12","-69.383","76.383","64.0","PROGRESS, AY",,,,,"  -11",",,S","  -35",",,S","  -21","H,,S"
"AYM00089574","2012-02-14","-69.383","76.383","64.0","PROGRESS, AY",,,,,"  -38",",,S","  -51",",,S","  -46","H,,S"
"AYM00089574","2012-02-15","-69.383","76.383","64.0","PROGRESS, AY","    0","B,,S",,,"  -22",",,S","  -57",",,S","  -38","H,,S"
"AYM00089574","2012-02-16","-69.383","76.383","64.0","PROGRESS, AY","    3","B,,S",,,,,"  -46",",,S","  -33","H,,S"
"AYM00089574","2012-02-17","-69.383","76.383","64.0","PROGRESS, AY",,,,,"  -14",",,S",,,"  -27","H,,S"
"AYM00089574","2012-02-18","-69.383","76.383","64.0","PROGRESS, AY",,,,,"  -24",",,S",,,"  -37","H,,S"
"AYM00089574","2012-02-19","-69.383","76.383","64.0","PROGRESS, AY",,,,,"  -16",",,S","  -68",",,S","  -41","H,,S"
"AYM00089574","2012-02-20","-69.383","76.383","64.0","PROGRESS, AY",,,,,"  -12",",,S","  -52",",,S","  -28","H,,S"
"AYM00089574","2012-02-21","-69.383","76.383","64.0","PROGRESS, AY",,,,,"  -23",",,S","  -44",",,S","  -33","H,,S"
"AYM00089574","2012-02-22","-69.383","76.383","64.0","PROGRESS, AY",,,,,"  -23",",,S",,,"  -35","H,,S"
"AYM00089574","2012-02-23","-69.383","76.383","64.0","PROGRESS, AY",,,,,"  -22",",,S","  -72",",,S","  -51","H,,S"
"AYM00089574","2012-02-24","-69.383","76.383","64.0","PROGRESS, AY",,,,,"  -36",",,S","  -73",",,S","  -60","H,,S"
"AYM00089574","2012-02-25","-69.383","76.383","64.0","PROGRESS, AY",,,,,,,"  -74",",,S","  -32","H,,S"
"AYM00089574","2012-02-26","-69.383","76.383","64.0","PROGRESS, AY","   20","B,,S",,,"    4",",,S","  -22",",,S","   -7","H,,S"
"AYM00089574","2012-02-27","-69.383","76.383","64.0","PROGRESS, AY",,,,,,,,,"  -28","H,,S"
"AYM00089574","2012-02-28","-69.383","76.383","64.0","PROGRESS, AY",,,,,"  -31",",,S","  -81",",,S","  -59","H,,S"
"AYM00089574","2012-02-29","-69.383","76.383","64.0","PROGRESS, AY",,,,,"  -15",",,S","  -80",",,S","  -38","H,,S"
"AYM00089574","2012-03-01","-69.383","76.383","64.0","PROGRESS, AY",,,,,"  -32",",,S","  -60",",,S","  -49","H,,S"
"AYM00089574","2012-03-02","-69.383","76.383","64.0","PROGRESS, AY",,,,,"  -22",",,S","  -72",",,S","  -45","H,,S"
"AYM00089574","2012-03-03","-69.383","76.383","64.0","PROGRESS, AY",,,,,"  -21",",,S",,,"  -43","H,,S"
"AYM00089574","2012-03-04","-69.383","76.383","64.0","PROGRESS, AY",,,,,"  -50",",,S","  -77",",,S","  -64","H,,S"
"AYM00089574","2012-03-05","-69.383","76.383","64.0","PROGRESS, AY",,,,,"  -62",",,S",,,"  -75","H,,S"
"AYM00089574","2012-03-06","-69.383","76.383","64.0","PROGRESS, AY",,,,,"  -73",",,S"," -104",",,S","  -91","H,,S"
"AYM00089574","2012-03-07","-69.383","76.383","64.0","PROGRESS, AY",,,,,"  -75",",,S"," -121",",,S","  -96","H,,S"
"AYM00089574","2012-03-08","-69.383","76.383","64.0","PROGRESS, AY",,,,,"  -81",",,S"," -108",",,S","  -93","H,,S"
"AYM00089574","2012-03-09","-69.383","76.383","64.0","PROGRESS, AY","    0","B,,S",,,"  -68",",,S","  -97",",,S","  -76","H,,S"
"AYM00089574","2012-03-10","-69.383","76.383","64.0","PROGRESS, AY",,,,,"  -40",",,S","  -89",",,S","  -73","H,,S"
"AYM00089574","2012-03-11","-69.383","76.383","64.0","PROGRESS, AY",,,,,"  -91",",,S",,," -101","H,,S"
"AYM00089574","2012-03-12","-69.383","76.383","64.0","PROGRESS, AY",,,,,"  -98",",,S"," -134",",,S"," -117","H,,S"
"AYM00089574","2012-03-13","-69.383","76.383","64.0","PROGRESS, AY",,,,,"  -71",",,S"," -134",",,S","  -92","H,,S"
"AYM00089574","2012-03-14","-69.383","76.383","64.0","PROGRESS, AY",,,,,"  -39",",,S","  -78",",,S","  -46","H,,S"
"AYM00089574","2012-03-15","-69.383","76.383","64.0","PROGRESS, AY","   10","B,,S",,,"  -49",",,S","  -67",",,S","  -61","H,,S"
"AYM00089574","2012-03-16","-69.383","76.383","64.0","PROGRESS, AY",,,,,"  -38",",,S","  -71",",,S","  -51","H,,S"
"AYM00089574","2012-03-17","-69.383","76.383","64.0","PROGRESS, AY",,,,,"  -44",",,S",,,"  -68","H,,S"
"AYM00089574","2012-03-18","-69.383","76.383","64.0","PROGRESS, AY",,,,,,,,,"  -83","H,,S"
"AYM00089574","2012-03-19","-69.383","76.383","64.0","PROGRESS, AY",,,,,"  -94",",,S",,," -112","H,,S"
"AYM00089574","2012-03-20","-69.383","76.383","64.0","PROGRESS, AY",,,,," -112",",,S",,," -126","H,,S"
"AYM00089574","2012-03-21","-69.383","76.383","64.0","PROGRESS, AY",,,,," -112",",,S",,," -129","H,,S"
"AYM00089574","2012-03-22","-69.383","76.383","64.0","PROGRESS, AY",,,,,"  -82",",,S"," -147",",,S"," -104","H,,S"
"AYM00089574","2012-03-23","-69.383","76.383","64.0","PROGRESS, AY",,,,,"  -88",",,S",,," -104","H,,S"
"AYM00089574","2012-03-24","-69.383","76.383","64.0","PROGRESS, AY",,,,," -116",",,S"," -136",",,S"," -124","H,,S"
"AYM00089574","2012-03-25","-69.383","76.383","64.0","PROGRESS, AY",,,,,"  -89",",,S",,," -112","H,,S"
"AYM00089574","2012-03-26","-69.383","76.383","64.0","PROGRESS, AY",,,,,"  -69",",,S",,,"  -88","H,,S"
"AYM00089574","2012-03-27","-69.383","76.383","64.0","PROGRESS, AY",,,,,"  -90",",,S",,," -104","H,,S"
"AYM00089574","2012-03-28","-69.383","76.383","64.0","PROGRESS, AY",,,,," -114",",,S",,," -131","H,,S"
"AYM00089574","2012-03-29","-69.383","76.383","64.0","PROGRESS, AY",,,,," -114",",,S"," -162",",,S"," -131","H,,S"
"AYM00089574","2012-03-30","-69.383","76.383","64.0","PROGRESS, AY",,,,," -102",",,S"," -123",",,S"," -112","H,,S"
"AYM00089574","2012-03-31","-69.383","76.383","64.0","PROGRESS, AY",,,,,"  -92",",,S"," -114",",,S"," -107","H,,S"
"AYM00089574","2012-04-01","-69.383","76.383","64.0","PROGRESS, AY",,,,,"  -86",",,S"," -118",",,S","  -95","H,,S"
"AYM00089574","2012-04-02","-69.383","76.383","64.0","PROGRESS, AY",,,,," -103",",,S",,," -109","H,,S"
"AYM00089574","2012-04-03","-69.383","76.383","64.0","PROGRESS, AY",,,,," -113",",,S",,," -130","H,,S"
"AYM00089574","2012-04-04","-69.383","76.383","64.0","PROGRESS, AY",,,,," -108",",,S"," -148",",,S"," -129","H,,S"
"AYM00089574","2012-04-05","-69.383","76.383","64.0","PROGRESS, AY",,,,,,," -146",",,S"," -134","H,,S"
"AYM00089574","2012-04-06","-69.383","76.383","64.0","PROGRESS, AY","   15","B,,S",,,"  -57",",,S"," -125",",,S","  -83","H,,S"
"AYM00089574","2012-04-07","-69.383","76.383","64.0","PROGRESS, AY",,,,,"  -54",",,S","  -78",",,S","  -71","H,,S"
"AYM00089574","2012-04-08","-69.383","76.383","64.0","PROGRESS, AY",,,,,"  -46",",,S","  -84",",,S","  -60","H,,S"
"AYM00089574","2012-04-09","-69.383","76.383","64.0","PROGRESS, AY","   15","B,,S",,,"  -55",",,S"," -120",",,S","  -80","H,,S"
"AYM00089574","2012-04-10","-69.383","76.383","64.0","PROGRESS, AY","    3","B,,S",,,"  -40",",,S","  -67",",,S","  -53","H,,S"
"AYM00089574","2012-04-11","-69.383","76.383","64.0","PROGRESS, AY",,,,,,,,,"  -62","H,,S"
"AYM00089574","2012-04-12","-69.383","76.383","64.0","PROGRESS, AY",,,,,,,,," -100","H,,S"
"AYM00089574","2012-04-13","-69.383","76.383","64.0","PROGRESS, AY",,,,,"  -62",",,S"," -100",",,S","  -78","H,,S"
"AYM00089574","2012-04-14","-69.383","76.383","64.0","PROGRESS, AY",,,,,"  -78",",,S",,,"  -91","H,,S"
"AYM00089574","2012-04-15","-69.383","76.383","64.0","PROGRESS, AY",,,,,,,,," -103","H,,S"
"AYM00089574","2012-04-16","-69.383","76.383","64.0","PROGRESS, AY",,,,,"  -86",",,S",,,"  -99","H,,S"
"AYM00089574","2012-04-17","-69.383","76.383","64.0","PROGRESS, AY",,,,,,," -111",",,S","  -95","H,,S"
"AYM00089574","2012-04-18","-69.383","76.383","64.0","PROGRESS, AY","   28","B,,S",,,"  -70",",,S",,,"  -79","H,,S"
"AYM00089574","2012-04-19","-69.383","76.383","64.0","PROGRESS, AY",,,,,,,,," -135","H,,S"
"AYM00089574","2012-04-20","-69.383","76.383","64.0","PROGRESS, AY",,,,,,,,," -180","H,,S"
"AYM00089574","2012-04-21","-69.383","76.383","64.0","PROGRESS, AY",,,,,,," -197",",,S"," -177","H,,S"
"AYM00089574","2012-04-22","-69.383","76.383","64.0","PROGRESS, AY",,,,,,," -165",",,S"," -108","H,,S"
"AYM00089574","2012-04-23","-69.383","76.383","64.0","PROGRESS, AY",,,,,"  -87",",,S",,,"  -98","H,,S"
"AYM00089574","2012-04-24","-69.383","76.383","64.0","PROGRESS, AY",,,,,,,,," -143","H,,S"
"AYM00089574","2012-04-25","-69.383","76.383","64.0","PROGRESS, AY",,,,," -155",",,S",,," -166","H,,S"
"AYM00089574","2012-04-26","-69.383","76.383","64.0","PROGRESS, AY",,,,,,,,," -190","H,,S"
"AYM00089574","2012-04-27","-69.383","76.383","64.0","PROGRESS, AY",,,,," -112",",,S"," -198",",,S"," -146","H,,S"
"AYM00089574","2012-04-28","-69.383","76.383","64.0","PROGRESS, AY",,,,,"  -85",",,S",,,"  -91","H,,S"
"AYM00089574","2012-04-29","-69.383","76.383","64.0","PROGRESS, AY",,,,," -111",",,S",,," -117","H,,S"
"AYM00089574","2012-04-30","-69.383","76.383","64.0","PROGRESS, AY",,,,,,,,," -132","H,,S"
"AYM00089574","2012-05-01","-69.383","76.383","64.0","PROGRESS, AY",,,,,,,,," -175","H,,S"
"AYM00089574","2012-05-02","-69.383","76.383","64.0","PROGRESS, AY",,,,,,," -207",",,S"," -191","H,,S"
"AYM00089574","2012-05-03","-69.383","76.383","64.0","PROGRESS, AY",,,,," -148",",,S"," -174",",,S"," -156","H,,S"
"AYM00089574","2012-05-04","-69.383","76.383","64.0","PROGRESS, AY",,,,,,,,," -203","H,,S"
"AYM00089574","2012-05-05","-69.383","76.383","64.0","PROGRESS, AY",,,,," -186",",,S"," -219",",,S"," -204","H,,S"
"AYM00089574","2012-05-06","-69.383","76.383","64.0","PROGRESS, AY",,,,,,," -239",",,S"," -194","H,,S"
"AYM00089574","2012-05-07","-69.383","76.383","64.0","PROGRESS, AY",,,,,,,,," -136","H,,S"
"AYM00089574","2012-05-08","-69.383","76.383","64.0","PROGRESS, AY",,,,," -141",",,S",,," -166","H,,S"
"AYM00089574","2012-05-09","-69.383","76.383","64.0","PROGRESS, AY",,,,,,," -213",",,S"," -189","H,,S"
"AYM00089574","2012-05-10","-69.383","76.383","64.0","PROGRESS, AY","    0","B,,S",,,,," -163",",,S","  -91","H,,S"
"AYM00089574","2012-05-12","-69.383","76.383","64.0","PROGRESS, AY",,,,,"  -10",",,S",,,"  -23","H,,S"
"AYM00089574","2012-05-13","-69.383","76.383","64.0","PROGRESS, AY",,,,,"  -55",",,S",,,"  -68","H,,S"
"AYM00089574","2012-05-14","-69.383","76.383","64.0","PROGRESS, AY",,,,,"  -42",",,S","  -81",",,S","  -48","H,,S"
"AYM00089574","2012-05-15","-69.383","76.383","64.0","PROGRESS, AY",,,,,,,,,"  -63","H,,S"
"AYM00089574","2012-05-16","-69.383","76.383","64.0","PROGRESS, AY",,,,,,,,," -108","H,,S"
"AYM00089574","2012-05-17","-69.383","76.383","64.0","PROGRESS, AY",,,,," -140",",,S",,," -152","H,,S"
"AYM00089574","2012-05-18","-69.383","76.383","64.0","PROGRESS, AY",,,,,,,,," -163","H,,S"
"AYM00089574","2012-05-19","-69.383","76.383","64.0","PROGRESS, AY",,,,," -143",",,S",,," -153","H,,S"
"AYM00089574","2012-05-20","-69.383","76.383","64.0","PROGRESS, AY",,,,,,,,," -176","H,,S"
"AYM00089574","2012-05-21","-69.383","76.383","64.0","PROGRESS, AY",,,,,,,,," -236","H,,S"
"AYM00089574","2012-05-22","-69.383","76.383","64.0","PROGRESS, AY",,,,," -216",",,S"," -255",",,S"," -229","H,,S"
"AYM00089574","2012-05-23","-69.383","76.383","64.0","PROGRESS, AY",,,,,,,,," -283","H,,S"
"AYM00089574","2012-05-24","-69.383","76.383","64.0","PROGRESS, AY",,,,,,,,," -308","H,,S"
"AYM00089574","2012-05-25","-69.383","76.383","64.0","PROGRESS, AY","   10","B,,S",,," -211",",,S",,," -246","H,,S"
"AYM00089574","2012-05-26","-69.383","76.383","64.0","PROGRESS, AY","   20","B,,S",,,,," -309",",,S"," -159","H,,S"
"AYM00089574","2012-05-27","-69.383","76.383","64.0","PROGRESS, AY",,,,,,,,," -117","H,,S"
"AYM00089574","2012-05-28","-69.383","76.383","64.0","PROGRESS, AY",,,,," -150",",,S",,," -164","H,,S"
"AYM00089574","2012-05-29","-69.383","76.383","64.0","PROGRESS, AY",,,,," -202",",,S",,," -221","H,,S"
"AYM00089574","2012-05-30","-69.383","76.383","64.0","PROGRESS, AY",,,,,,,,," -258","H,,S"
"AYM00089574","2012-05-31","-69.383","76.383","64.0","PROGRESS, AY",,,,," -268",",,S",,," -275","H,,S"
"AYM00089574","2012-06-01","-69.383","76.383","64.0","PROGRESS, AY",,,,,,," -282",",,S"," -252","H,,S"
"AYM00089574","2012-06-02","-69.383","76.383","64.0","PROGRESS, AY",,,,," -229",",,S",,," -244","H,,S"
"AYM00089574","2012-06-03","-69.383","76.383","64.0","PROGRESS, AY",,,,,,," -263",",,S"," -114","H,,S"
"AYM00089574","2012-06-04","-69.383","76.383","64.0","PROGRESS, AY","  140","B,,S",,,,,,," -166","H,,S"
"AYM00089574","2012-06-05","-69.383","76.383","64.0","PROGRESS, AY",,,,," -148",",,S"," -237",",,S"," -171","H,,S"
"AYM00089574","2012-06-06","-69.383","76.383","64.0","PROGRESS, AY",,,,," -194",",,S",,," -207","H,,S"
"AYM00089574","2012-06-08","-69.383","76.383","64.0","PROGRESS, AY","    0","B,,S",,," -157",",,S"," -178",",,S"," -163","H,,S"
"AYM00089574","2012-06-09","-69.383","76.383","64.0","PROGRESS, AY","    0","B,,S",,," -156",",,S"," -169",",,S"," -165","H,,S"
"AYM00089574","2012-06-10","-69.383","76.383","64.0","PROGRESS, AY","    5","B,,S",,,,,,," -228","H,,S"
"AYM00089574","2012-06-11","-69.383","76.383","64.0","PROGRESS, AY",,,,," -213",",,S",,," -231","H,,S"
"AYM00089574","2012-06-12","-69.383","76.383","64.0","PROGRESS, AY","    3","B,,S",,,,," -257",",,S"," -189","H,,S"
"AYM00089574","2012-06-13","-69.383","76.383","64.0","PROGRESS, AY",,,,," -122",",,S"," -183",",,S"," -142","H,,S"
"AYM00089574","2012-06-14","-69.383","76.383","64.0","PROGRESS, AY",,,,,"  -38",",,S"," -137",",,S","  -63","H,,S"
"AYM00089574","2012-06-15","-69.383","76.383","64.0","PROGRESS, AY",,,,,"  -59",",,S","  -99",",,S","  -83","H,,S"
"AYM00089574","2012-06-16","-69.383","76.383","64.0","PROGRESS, AY",,,,,,,"  -93",",,S","  -82","H,,S"
"AYM00089574","2012-06-17","-69.383","76.383","64.0","PROGRESS, AY",,,,,,,"  -82",",,S","  -68","H,,S"
"AYM00089574","2012-06-18","-69.383","76.383","64.0","PROGRESS, AY",,,,,,,,,"  -71","H,,S"
"AYM00089574","2012-06-19","-69.383","76.383","64.0","PROGRESS, AY","   20","B,,S",,,,,,,"  -79","H,,S"
"AYM00089574","2012-06-20","-69.383","76.383","64.0","PROGRESS, AY","   10","B,,S",,,,,,," -125","H,,S"
"AYM00089574","2012-06-21","-69.383","76.383","64.0","PROGRESS, AY",,,,,,," -186",",,S"," -158","H,,S"
"AYM00089574","2012-06-22","-69.383","76.383","64.0","PROGRESS, AY","    3","B,,S",,,,,,," -168","H,,S"
"AYM00089574","2012-06-23","-69.383","76.383","64.0","PROGRESS, AY",,,,," -150",",,S",,," -174","H,,S"
"AYM00089574","2012-06-24","-69.383","76.383","64.0","PROGRESS, AY",,,,,,," -210",",,S"," -168","H,,S"
"AYM00089574","2012-06-25","-69.383","76.383","64.0","PROGRESS, AY",,,,,,,,," -110","H,,S"
"AYM00089574","2012-06-26","-69.383","76.383","64.0","PROGRESS, AY",,,,,"  -86",",,S",,," -104","H,,S"
"AYM00089574","2012-06-27","-69.383","76.383","64.0","PROGRESS, AY",,,,,,," -131",",,S","  -90","H,,S"
"AYM00089574","2012-06-28","-69.383","76.383","64.0","PROGRESS, AY","    0","B,,S",,,"  -59",",,S","  -71",",,S","  -64","H,,S"
"AYM00089574","2012-06-29","-69.383","76.383","64.0","PROGRESS, AY",,,,,"  -36",",,S","  -66",",,S","  -43","H,,S"
"AYM00089574","2012-06-30","-69.383","76.383","64.0","PROGRESS, AY",,,,,,,,,"  -77","H,,S"
"AYM00089574","2012-07-01","-69.383","76.383","64.0","PROGRESS, AY",,,,,,,,," -172","H,,S"
"AYM00089574","2012-07-02","-69.383","76.383","64.0","PROGRESS, AY",,,,," -128",",,S"," -236",",,S"," -156","H,,S"
"AYM00089574","2012-07-03","-69.383","76.383","64.0","PROGRESS, AY",,,,,,,,," -159","H,,S"
"AYM00089574","2012-07-04","-69.383","76.383","64.0","PROGRESS, AY",,,,," -182",",,S",,," -190","H,,S"
"AYM00089574","2012-07-05","-69.383","76.383","64.0","PROGRESS, AY",,,,,,," -200",",,S"," -166","H,,S"
"AYM00089574","2012-07-06","-69.383","76.383","64.0","PROGRESS, AY",,,,,,,"  -99",",,S","  -86","H,,S"
"AYM00089574","2012-07-07","-69.383","76.383","64.0","PROGRESS, AY","    0","B,,S",,,,,,," -147","H,,S"
"AYM00089574","2012-07-08","-69.383","76.383","64.0","PROGRESS, AY",,,,,,,,," -187","H,,S"
"AYM00089574","2012-07-09","-69.383","76.383","64.0","PROGRESS, AY",,,,," -215",",,S",,," -240","H,,S"
"AYM00089574","2012-07-10","-69.383","76.383","64.0","PROGRESS, AY",,,,,,," -286",",,S"," -243","H,,S"
"AYM00089574","2012-07-11","-69.383","76.383","64.0","PROGRESS, AY",,,,,,," -195",",,S"," -122","H,,S"
"AYM00089574","2012-07-12","-69.383","76.383","64.0","PROGRESS, AY","   81","B,,S",,,"  -78",",,S",,," -108","H,,S"
"AYM00089574","2012-07-13","-69.383","76.383","64.0","PROGRESS, AY",,,,," -178",",,S"," -221",",,S"," -200","H,,S"
"AYM00089574","2012-07-14","-69.383","76.383","64.0","PROGRESS, AY",,,,," -116",",,S"," -229",",,S"," -150","H,,S"
"AYM00089574","2012-07-15","-69.383","76.383","64.0","PROGRESS, AY",,,,,,,,," -174","H,,S"
"AYM00089574","2012-07-16","-69.383","76.383","64.0","PROGRESS, AY",,,,," -151",",,S"," -226",",,S"," -179","H,,S"
"AYM00089574","2012-07-17","-69.383","76.383","64.0","PROGRESS, AY",,,,," -147",",,S"," -193",",,S"," -163","H,,S"
"AYM00089574","2012-07-18","-69.383","76.383","64.0","PROGRESS, AY",,,,,,,,," -252","H,,S"
"AYM00089574","2012-07-19","-69.383","76.383","64.0","PROGRESS, AY",,,,,,," -319",",,S"," -244","H,,S"
"AYM00089574","2012-07-20","-69.383","76.383","64.0","PROGRESS, AY",,,,," -231",",,S",,," -246","H,,S"
"AYM00089574","2012-07-21","-69.383","76.383","64.0","PROGRESS, AY",,,,,,," -301",",,S"," -267","H,,S"
"AYM00089574","2012-07-22","-69.383","76.383","64.0","PROGRESS, AY",,,,,,," -251",",,S"," -148","H,,S"
"AYM00089574","2012-07-23","-69.383","76.383","64.0","PROGRESS, AY","    0","B,,S",,,,,,," -179","H,,S"
"AYM00089574","2012-07-24","-69.383","76.383","64.0","PROGRESS, AY",,,,,,," -216",",,S"," -173","H,,S"
"AYM00089574","2012-07-25","-69.383","76.383","64.0","PROGRESS, AY",,,,,,,,," -216","H,,S"
"AYM00089574","2012-07-26","-69.383","76.383","64.0","PROGRESS, AY",,,,,,,,," -252","H,,S"
"AYM00089574","2012-07-27","-69.383","76.383","64.0","PROGRESS, AY",,,,," -260",",,S",,," -267","H,,S"
"AYM00089574","2012-07-28","-69.383","76.383","64.0","PROGRESS, AY",,,,," -252",",,S"," -283",",,S"," -265","H,,S"
"AYM00089574","2012-07-29","-69.383","76.383","64.0","PROGRESS, AY",,,,,,," -272",",,S"," -232","H,,S"
"AYM00089574","2012-07-30","-69.383","76.383","64.0","PROGRESS, AY",,,,," -183",",,S"," -224",",,S"," -195","H,,S"
"AYM00089574","2012-07-31","-69.383","76.383","64.0","PROGRESS, AY",,,,," -185",",,S"," -217",",,S"," -198","H,,S"
"AYM00089574","2012-08-01","-69.383","76.383","64.0","PROGRESS, AY",,,,,,,,," -250","H,,S"
"AYM00089574","2012-08-02","-69.383","76.383","64.0","PROGRESS, AY","   41","B,,S",,,,," -264",",,S"," -183","H,,S"
"AYM00089574","2012-08-03","-69.383","76.383","64.0","PROGRESS, AY",,,,," -185",",,S",,," -198","H,,S"
"AYM00089574","2012-08-04","-69.383","76.383","64.0","PROGRESS, AY",,,,," -188",",,S",,," -213","H,,S"
"AYM00089574","2012-08-05","-69.383","76.383","64.0","PROGRESS, AY",,,,," -219",",,S",,," -230","H,,S"
"AYM00089574","2012-08-06","-69.383","76.383","64.0","PROGRESS, AY",,,,,,," -246",",,S"," -215","H,,S"
"AYM00089574","2012-08-07","-69.383","76.383","64.0","PROGRESS, AY",,,,," -186",",,S",,," -201","H,,S"
"AYM00089574","2012-08-08","-69.383","76.383","64.0","PROGRESS, AY",,,,,,," -232",",,S"," -146","H,,S"
"AYM00089574","2012-08-09","-69.383","76.383","64.0","PROGRESS, AY",,,,," -117",",,S"," -137",",,S"," -127","H,,S"
"AYM00089574","2012-08-10","-69.383","76.383","64.0","PROGRESS, AY",,,,," -121",",,S"," -143",",,S"," -137","H,,S"
"AYM00089574","2012-08-11","-69.383","76.383","64.0","PROGRESS, AY",,,,,,,,," -155","H,,S"
"AYM00089574","2012-08-12","-69.383","76.383","64.0","PROGRESS, AY",,,,," -164",",,S",,," -183","H,,S"
"AYM00089574","2012-08-13","-69.383","76.383","64.0","PROGRESS, AY",,,,," -124",",,S"," -210",",,S"," -150","H,,S"
"AYM00089574","2012-08-14","-69.383","76.383","64.0","PROGRESS, AY","   51","B,,S",,,,,,," -144","H,,S"
"AYM00089574","2012-08-15","-69.383","76.383","64.0","PROGRESS, AY","    5","B,,S",,," -139",",,S"," -164",",,S"," -146","H,,S"
"AYM00089574","2012-08-16","-69.383","76.383","64.0","PROGRESS, AY",,,,,,,,," -161","H,,S"
"AYM00089574","2012-08-17","-69.383","76.383","64.0","PROGRESS, AY",,,,," -168",",,S",,," -183","H,,S"
"AYM00089574","2012-08-18","-69.383","76.383","64.0","PROGRESS, AY",,,,," -198",",,S"," -207",",,S"," -203","H,,S"
"AYM00089574","2012-08-19","-69.383","76.383","64.0","PROGRESS, AY",,,,," -106",",,S"," -207",",,S"," -131","H,,S"
"AYM00089574","2012-08-20","-69.383","76.383","64.0","PROGRESS, AY","    8","B,,S",,,,,,," -157","H,,S"
"AYM00089574","2012-08-21","-69.383","76.383","64.0","PROGRESS, AY","    5","B,,S",,," -191",",,S",,," -209","H,,S"
"AYM00089574","2012-08-22","-69.383","76.383","64.0","PROGRESS, AY","    5","B,,S",,," -243",",,S",,," -262","H,,S"
"AYM00089574","2012-08-23","-69.383","76.383","64.0","PROGRESS, AY",,,,,,," -301",",,S"," -260","H,,S"
"AYM00089574","2012-08-24","-69.383","76.383","64.0","PROGRESS, AY","  160","B,,S",,,"  -72",",,S"," -218",",,S","  -83","H,,S"
"AYM00089574","2012-08-25","-69.383","76.383","64.0","PROGRESS, AY","    0","B,,S",,,,,"  -98",",,S","  -87","H,,S"
"AYM00089574","2012-08-26","-69.383","76.383","64.0","PROGRESS, AY",,,,,,,,,"  -84","H,,S"
"AYM00089574","2012-08-27","-69.383","76.383","64.0","PROGRESS, AY",,,,,"  -84",",,S",,," -113","H,,S"
"AYM00089574","2012-08-28","-69.383","76.383","64.0","PROGRESS, AY",,,,,"  -98",",,S",,," -148","H,,S"
"AYM00089574","2012-08-29","-69.383","76.383","64.0","PROGRESS, AY",,,,," -144",",,S",,," -164","H,,S"
"AYM00089574","2012-08-30","-69.383","76.383","64.0","PROGRESS, AY",,,,," -182",",,S"," -210",",,S"," -192","H,,S"
"AYM00089574","2012-08-31","-69.383","76.383","64.0","PROGRESS, AY",,,,," -135",",,S"," -193",",,S"," -155","H,,S"
"AYM00089574","2012-09-01","-69.383","76.383","64.0","PROGRESS, AY","    5","B,,S",,," -160",",,S"," -186",",,S"," -178","H,,S"
"AYM00089574","2012-09-02","-69.383","76.383","64.0","PROGRESS, AY","    0","B,,S",,," -181",",,S",,," -196","H,,S"
"AYM00089574","2012-09-03","-69.383","76.383","64.0","PROGRESS, AY","    0","B,,S",,,"  -74",",,S"," -208",",,S"," -108","H,,S"
"AYM00089574","2012-09-04","-69.383","76.383","64.0","PROGRESS, AY","   30","B,,S",,,,,,,"  -99","H,,S"
"AYM00089574","2012-09-05","-69.383","76.383","64.0","PROGRESS, AY","   20","B,,S",,,,,,," -130","H,,S"
"AYM00089574","2012-09-06","-69.383","76.383","64.0","PROGRESS, AY","    0","B,,S",,," -140",",,S",,," -144","H,,S"
"AYM00089574","2012-09-07","-69.383","76.383","64.0","PROGRESS, AY","   30","B,,S",,,"  -93",",,S",,," -136","H,,S"
"AYM00089574","2012-09-08","-69.383","76.383","64.0","PROGRESS, AY","    8","B,,S",,," -177",",,S"," -212",",,S"," -199","H,,S"
"AYM00089574","2012-09-09","-69.383","76.383","64.0","PROGRESS, AY","    0","B,,S",,," -177",",,S",,," -197","H,,S"
"AYM00089574","2012-09-10","-69.383","76.383","64.0","PROGRESS, AY","    0","B,,S",,," -190",",,S"," -221",",,S"," -204","H,,S"
"AYM00089574","2012-09-11","-69.383","76.383","64.0","PROGRESS, AY","    0","B,,S",,," -144",",,S"," -211",",,S"," -180","H,,S"
"AYM00089574","2012-09-12","-69.383","76.383","64.0","PROGRESS, AY","    0","B,,S",,," -137",",,S"," -176",",,S"," -149","H,,S"
"AYM00089574","2012-09-13","-69.383","76.383","64.0","PROGRESS, AY","    0","B,,S",,," -152",",,S",,," -167","H,,S"
"AYM00089574","2012-09-14","-69.383","76.383","64.0","PROGRESS, AY","    0","B,,S",,," -170",",,S",,," -186","H,,S"
"AYM00089574","2012-09-15","-69.383","76.383","64.0","PROGRESS, AY","    0","B,,S",,," -205",",,S",,," -221","H,,S"
"AYM00089574","2012-09-16","-69.383","76.383","64.0","PROGRESS, AY","    0","B,,S",,," -202",",,S",,," -250","H,,S"
"AYM00089574","2012-09-17","-69.383","76.383","64.0","PROGRESS, AY","    0","B,,S",,," -206",",,S"," -277",",,S"," -253","H,,S"
"AYM00089574","2012-09-18","-69.383","76.383","64.0","PROGRESS, AY","    0","B,,S",,,,," -250",",,S"," -182","H,,S"
"AYM00089574","2012-09-19","-69.383","76.383","64.0","PROGRESS, AY","    0","B,,S",,,"  -89",",,S"," -131",",,S"," -106","H,,S"
"AYM00089574","2012-09-20","-69.383","76.383","64.0","PROGRESS, AY","    0","B,,S",,,,," -134",",,S"," -108","H,,S"
"AYM00089574","2012-09-21","-69.383","76.383","64.0","PROGRESS, AY","    0","B,,S",,,,," -153",",,S"," -126","H,,S"
"AYM00089574","2012-09-22","-69.383","76.383","64.0","PROGRESS, AY","    0","B,,S",,,,,,," -116","H,,S"
"AYM00089574","2012-09-23","-69.383","76.383","64.0","PROGRESS, AY","    0","B,,S",,," -115",",,S",,," -130","H,,S"
"AYM00089574","2012-09-24","-69.383","76.383","64.0","PROGRESS, AY","    0","B,,S",,," -128",",,S",,," -161","H,,S"
"AYM00089574","2012-09-25","-69.383","76.383","64.0","PROGRESS, AY","    0","B,,S",,,,," -228",",,S"," -204","H,,S"
"AYM00089574","2012-09-26","-69.383","76.383","64.0","PROGRESS, AY","    0","B,,S",,,,," -176",",,S"," -134","H,,S"
"AYM00089574","2012-09-27","-69.383","76.383","64.0","PROGRESS, AY","    0","B,,S",,,"  -38",",,S","  -88",",,S","  -69","H,,S"
"AYM00089574","2012-09-28","-69.383","76.383","64.0","PROGRESS, AY","    0","B,,S",,,"  -84",",,S",,,"  -97","H,,S"
"AYM00089574","2012-09-29","-69.383","76.383","64.0","PROGRESS, AY","    0","B,,S",,," -120",",,S",,," -146","H,,S"
"AYM00089574","2012-09-30","-69.383","76.383","64.0","PROGRESS, AY","    0","B,,S",,," -138",",,S"," -186",",,S"," -163","H,,S"
"AYM00089574","2012-10-01","-69.383","76.383","64.0","PROGRESS, AY","    0","B,,S",,,,," -180",",,S"," -153","H,,S"
"AYM00089574","2012-10-02","-69.383","76.383","64.0","PROGRESS, AY","    0","B,,S",,," -109",",,S"," -134",",,S"," -121","H,,S"
"AYM00089574","2012-10-03","-69.383","76.383","64.0","PROGRESS, AY","    0","B,,S",,,"  -84",",,S"," -132",",,S","  -97","H,,S"
"AYM00089574","2012-10-04","-69.383","76.383","64.0","PROGRESS, AY","    0","B,,S",,,"  -77",",,S"," -112",",,S"," -102","H,,S"
"AYM00089574","2012-10-05","-69.383","76.383","64.0","PROGRESS, AY","    0","B,,S",,,"  -89",",,S",,," -112","H,,S"
"AYM00089574","2012-10-06","-69.383","76.383","64.0","PROGRESS, AY","    0","B,,S",,," -102",",,S",,," -142","H,,S"
"AYM00089574","2012-10-07","-69.383","76.383","64.0","PROGRESS, AY","    0","B,,S",,," -142",",,S"," -179",",,S"," -164","H,,S"
"AYM00089574","2012-10-08","-69.383","76.383","64.0","PROGRESS, AY","    0","B,,S",,," -134",",,S"," -175",",,S"," -155","H,,S"
"AYM00089574","2012-10-09","-69.383","76.383","64.0","PROGRESS, AY","    0","B,,S",,,,," -159",",,S"," -123","H,,S"
"AYM00089574","2012-10-10","-69.383","76.383","64.0","PROGRESS, AY","    0","B,,S",,,"  -34",",,S"," -104",",,S","  -53","H,,S"
"AYM00089574","2012-10-11","-69.383","76.383","64.0","PROGRESS, AY","    0","B,,S",,,"  -56",",,S",,,"  -73","H,,S"
"AYM00089574","2012-10-12","-69.383","76.383","64.0","PROGRESS, AY","    0","B,,S",,,"  -78",",,S",,," -105","H,,S"
"AYM00089574","2012-10-13","-69.383","76.383","64.0","PROGRESS, AY","    0","B,,S",,,"  -83",",,S"," -146",",,S"," -119","H,,S"
"AYM00089574","2012-10-14","-69.383","76.383","64.0","PROGRESS, AY","    0","B,,S",,,"  -89",",,S",,," -136","H,,S"
"AYM00089574","2012-10-15","-69.383","76.383","64.0","PROGRESS, AY","    0","B,,S",,," -118",",,S"," -215",",,S"," -157","H,,S"
"AYM00089574","2012-10-16","-69.383","76.383","64.0","PROGRESS, AY","    0","B,,S",,,"  -88",",,S",,," -125","H,,S"
"AYM00089574","2012-10-17","-69.383","76.383","64.0","PROGRESS, AY","    0","B,,S",,,,," -178",",,S"," -141","H,,S"
"AYM00089574","2012-10-18","-69.383","76.383","64.0","PROGRESS, AY","    0","B,,S",,,"  -65",",,S"," -180",",,S","  -88","H,,S"
"AYM00089574","2012-10-19","-69.383","76.383","64.0","PROGRESS, AY","    0","B,,S",,,"  -49",",,S",,,"  -81","H,,S"
"AYM00089574","2012-10-20","-69.383","76.383","64.0","PROGRESS, AY","    0","B,,S",,,"  -77",",,S"," -132",",,S"," -108","H,,S"
"AYM00089574","2012-10-21","-69.383","76.383","64.0","PROGRESS, AY","    0","B,,S",,,"  -66",",,S"," -130",",,S","  -95","H,,S"
"AYM00089574","2012-10-22","-69.383","76.383","64.0","PROGRESS, AY","    0","B,,S",,,"  -36",",,S","  -96",",,S","  -59","H,,S"
"AYM00089574","2012-10-23","-69.383","76.383","64.0","PROGRESS, AY","    0","B,,S",,,"    1",",,S","  -58",",,S","  -26","H,,S"
"AYM00089574","2012-10-24","-69.383","76.383","64.0","PROGRESS, AY","    0","B,,S",,,"  -18",",,S",,,"  -33","H,,S"
"AYM00089574","2012-10-25","-69.383","76.383","64.0","PROGRESS, AY","    0","B,,S",,,"  -27",",,S",,,"  -56","H,,S"
"AYM00089574","2012-10-26","-69.383","76.383","64.0","PROGRESS, AY","    0","B,,S",,,"  -37",",,S"," -102",",,S","  -69","H,,S"
"AYM00089574","2012-10-27","-69.383","76.383","64.0","PROGRESS, AY","    0","B,,S",,,"  -38",",,S","  -94",",,S","  -58","H,,S"
"AYM00089574","2012-10-28","-69.383","76.383","64.0","PROGRESS, AY","   41","B,,S",,,"  -53",",,S",,,"  -65","H,,S"
"AYM00089574","2012-10-29","-69.383","76.383","64.0","PROGRESS, AY","   20","B,,S",,,"  -12",",,S",,,"  -55","H,,S"
"AYM00089574","2012-10-30","-69.383","76.383","64.0","PROGRESS, AY","    0","B,,S",,,"  -75",",,S"," -146",",,S"," -124","H,,S"
"AYM00089574","2012-10-31","-69.383","76.383","64.0","PROGRESS, AY","    0","B,,S",,,"  -79",",,S"," -156",",,S"," -128","H,,S"
"AYM00089574","2012-11-01","-69.383","76.383","64.0","PROGRESS, AY","    0","B,,S",,,"  -82",",,S"," -152",",,S"," -123","H,,S"
"AYM00089574","2012-11-02","-69.383","76.383","64.0","PROGRESS, AY","    0","B,,S",,,"  -90",",,S"," -156",",,S"," -114","H,,S"
"AYM00089574","2012-11-03","-69.383","76.383","64.0","PROGRESS, AY","    0","B,,S",,,"  -93",",,S",,," -116","H,,S"
"AYM00089574","2012-11-04","-69.383","76.383","64.0","PROGRESS, AY","    0","B,,S",,,"  -73",",,S",,," -112","H,,S"
"AYM00089574","2012-11-05","-69.383","76.383","64.0","PROGRESS, AY","    0","B,,S",,,"  -59",",,S"," -148",",,S"," -100","H,,S"
"AYM00089574","2012-11-06","-69.383","76.383","64.0","PROGRESS, AY","    0","B,,S",,,"  -56",",,S"," -115",",,S","  -77","H,,S"
"AYM00089574","2012-11-07","-69.383","76.383","64.0","PROGRESS, AY","    0","B,,S",,,"   -4",",,S","  -96",",,S","  -51","H,,S"
"AYM00089574","2012-11-08","-69.383","76.383","64.0","PROGRESS, AY","    0","B,,S",,,"  -37",",,S"," -100",",,S","  -57","H,,S"
"AYM00089574","2012-11-09","-69.383","76.383","64.0","PROGRESS, AY","    0","B,,S",,,"   31",",,S","  -48",",,S","    4","H,,S"
"AYM00089574","2012-11-10","-69.383","76.383","64.0","PROGRESS, AY","    0","B,,S",,,"    9",",,S",,,"   -2","H,,S"
"AYM00089574","2012-11-11","-69.383","76.383","64.0","PROGRESS, AY","    0","B,,S",,,"   -4",",,S","  -55",",,S","  -35","H,,S"
"AYM00089574","2012-11-12","-69.383","76.383","64.0","PROGRESS, AY","    0","B,,S",,,"  -34",",,S",,,"  -66","H,,S"
"AYM00089574","2012-11-13","-69.383","76.383","64.0","PROGRESS, AY","    0","B,,S",,,"  -50",",,S"," -104",",,S","  -74","H,,S"
"AYM00089574","2012-11-14","-69.383","76.383","64.0","PROGRESS, AY","    0","B,,S",,,"   -8",",,S","  -70",",,S","  -34","H,,S"
"AYM00089574","2012-11-15","-69.383","76.383","64.0","PROGRESS, AY","    0","B,,S",,,"   16",",,S","  -46",",,S","   -6","H,,S"
"AYM00089574","2012-11-16","-69.383","76.383","64.0","PROGRESS, AY","    0","B,,S",,,"   15",",,S","  -40",",,S","  -17","H,,S"
"AYM00089574","2012-11-17","-69.383","76.383","64.0","PROGRESS, AY","    0","B,,S",,,"   26",",,S","  -24",",,S","    6","H,,S"
"AYM00089574","2012-11-18","-69.383","76.383","64.0","PROGRESS, AY","    0","B,,S",,,"   59",",,S","  -19",",,S","   16","H,,S"
"AYM00089574","2012-11-19","-69.383","76.383","64.0","PROGRESS, AY","    0","B,,S",,,"   22",",,S",,,"   -6","H,,S"
"AYM00089574","2012-11-20","-69.383","76.383","64.0","PROGRESS, AY","    0","B,,S",,,"   31",",,S","  -31",",,S","   -1","H,,S"
"AYM00089574","2012-11-21","-69.383","76.383","64.0","PROGRESS, AY","    0","B,,S",,,"   36",",,S","  -27",",,S","   -2","H,,S"
"AYM00089574","2012-11-22","-69.383","76.383","64.0","PROGRESS, AY","    0","B,,S",,,"    7",",,S","  -36",",,S","  -14","H,,S"
"AYM00089574","2012-11-23","-69.383","76.383","64.0","PROGRESS, AY","    0","B,,S",,,"    5",",,S","  -46",",,S","  -20","H,,S"
"AYM00089574","2012-11-24","-69.383","76.383","64.0","PROGRESS, AY","    0","B,,S",,,"  -19",",,S",,,"  -43","H,,S"
"AYM00089574","2012-11-25","-69.383","76.383","64.0","PROGRESS, AY","    0","B,,S",,,"  -11",",,S","  -70",",,S","  -39","H,,S"
"AYM00089574","2012-11-26","-69.383","76.383","64.0","PROGRESS, AY","    0","B,,S",,,"  -15",",,S","  -65",",,S","  -33","H,,S"
"AYM00089574","2012-11-27","-69.383","76.383","64.0","PROGRESS, AY","    0","B,,S",,,"   -9",",,S","  -47",",,S","  -27","H,,S"
"AYM00089574","2012-11-29","-69.383","76.383","64.0","PROGRESS, AY","   20","B,,S",,,"  -11",",,S","  -32",",,S","  -24","H,,S"
"AYM00089574","2012-11-30","-69.383","76.383","64.0","PROGRESS, AY","    0","B,,S",,,"   14",",,S","  -36",",,S","  -13","H,,S"
"AYM00089574","2012-12-01","-69.383","76.383","64.0","PROGRESS, AY","    0","B,,S",,,"    3",",,S",,,"  -20","H,,S"
"AYM00089574","2012-12-02","-69.383","76.383","64.0","PROGRESS, AY","    0","B,,S",,,"  -13",",,S","  -51",",,S","  -32","H,,S"
"AYM00089574","2012-12-03","-69.383","76.383","64.0","PROGRESS, AY","    0","B,,S",,,"    0",",,S","  -41",",,S","  -19","H,,S"
"AYM00089574","2012-12-04","-69.383","76.383","64.0","PROGRESS, AY","    0","B,,S",,,"   21",",,S","  -38",",,S","   -4","H,,S"
"AYM00089574","2012-12-05","-69.383","76.383","64.0","PROGRESS, AY","    0","B,,S",,,"   30",",,S","  -27",",,S","    4","H,,S"
"AYM00089574","2012-12-06","-69.383","76.383","64.0","PROGRESS, AY",,,,,"   16",",,S","  -20",",,S","   -2","H,,S"
"AYM00089574","2012-12-07","-69.383","76.383","64.0","PROGRESS, AY",,,,,"   35",",,S","  -26",",,S","   15","H,,S"
"AYM00089574","2012-12-08","-69.383","76.383","64.0","PROGRESS, AY","    0","B,,S",,,"   62",",,S","    3",",,S","   24","H,,S"
"AYM00089574","2012-12-09","-69.383","76.383","64.0","PROGRESS, AY","    0","B,,S",,,"   42",",,S","  -13",",,S","   13","H,,S"
"AYM00089574","2012-12-10","-69.383","76.383","64.0","PROGRESS, AY","    0","B,,S",,,"   25",",,S","  -16",",,S","    3","H,,S"
"AYM00089574","2012-12-11","-69.383","76.383","64.0","PROGRESS, AY","    0","B,,S",,,"   37",",,S","  -21",",,S","    9","H,,S"
"AYM00089574","2012-12-12","-69.383","76.383","64.0","PROGRESS, AY","    0","B,,S",,,"    1",",,S",,,"  -11","H,,S"
"AYM00089574","2012-12-13","-69.383","76.383","64.0","PROGRESS, AY","    0","B,,S",,,"   28",",,S","  -63",",,S","    0","H,,S"
"AYM00089574","2012-12-14","-69.383","76.383","64.0","PROGRESS, AY","    0","B,,S",,,"   27",",,S",,,"   -2","H,,S"
"AYM00089574","2012-12-15","-69.383","76.383","64.0","PROGRESS, AY","    0","B,,S",,,"   34",",,S","  -37",",,S","    9","H,,S"
"AYM00089574","2012-12-16","-69.383","76.383","64.0","PROGRESS, AY","    0","B,,S",,,"   18",",,S","  -13",",,S","    6","H,,S"
"AYM00089574","2012-12-17","-69.383","76.383","64.0","PROGRESS, AY","    0","B,,S",,,"   21",",,S","  -25",",,S","   11","H,,S"
"AYM00089574","2012-12-18","-69.383","76.383","64.0","PROGRESS, AY","    3","B,,S",,,"   33",",,S","    1",",,S","   16","H,,S"
"AYM00089574","2012-12-19","-69.383","76.383","64.0","PROGRESS, AY","   71","B,,S",,,"   11",",,S",,,"    3","H,,S"
"AYM00089574","2012-12-20","-69.383","76.383","64.0","PROGRESS, AY","    5","B,,S",,,"   39",",,S","   -3",",,S","   13","H,,S"
"AYM00089574","2012-12-21","-69.383","76.383","64.0","PROGRESS, AY","    0","B,,S",,,"   18",",,S",,,"   -1","H,,S"
"AYM00089574","2012-12-22","-69.383","76.383","64.0","PROGRESS, AY","    0","B,,S",,,"   24",",,S",,,"  -12","H,,S"
"AYM00089574","2012-12-23","-69.383","76.383","64.0","PROGRESS, AY","    0","B,,S",,,"   21",",,S","  -55",",,S","    1","H,,S"
"AYM00089574","2012-12-24","-69.383","76.383","64.0","PROGRESS, AY","    0","B,,S",,,"   18",",,S","  -22",",,S","   -2","H,,S"
"AYM00089574","2012-12-25","-69.383","76.383","64.0","PROGRESS, AY","    0","B,,S",,,"   50",",,S","  -17",",,S","   20","H,,S"
"AYM00089574","2012-12-26","-69.383","76.383","64.0","PROGRESS, AY",,,,,"   28",",,S","  -16",",,S","   13","H,,S"
"AYM00089574","2012-12-27","-69.383","76.383","64.0","PROGRESS, AY","    0","B,,S",,,"   21",",,S",,,"   -4","H,,S"
"AYM00089574","2012-12-28","-69.383","76.383","64.0","PROGRESS, AY","    0","B,,S",,,"   21",",,S","  -30",",,S","   -8","H,,S"
"AYM00089574","2012-12-29","-69.383","76.383","64.0","PROGRESS, AY",,,,,"   16",",,S",,,"  -15","H,,S"
"AYM00089574","2012-12-30","-69.383","76.383","64.0","PROGRESS, AY","    0","B,,S",,,"   28",",,S","  -42",",,S","   -1","H,,S"
"AYM00089574","2012-12-31","-69.383","76.383","64.0","PROGRESS, AY","    0","B,,S",,,"   13",",,S","  -40",",,S","   -8","H,,S"
"AYM00089574","2013-01-01","-69.383","76.383","64.0","PROGRESS, AY","    0","B,,S",,,"   20",",,S","  -43",",,S","   -1","H,,S"
"AYM00089574","2013-01-02","-69.383","76.383","64.0","PROGRESS, AY","   41","B,,S",,,"   17",",,S",,,"    5","H,,S"
"AYM00089574","2013-01-03","-69.383","76.383","64.0","PROGRESS, AY","   51","B,,S",,,"   60",",,S","   -7",",,S","   37","H,,S"
"AYM00089574","2013-01-04","-69.383","76.383","64.0","PROGRESS, AY","    0","B,,S",,,"   48",",,S",,,"   27","H,,S"
"AYM00089574","2013-01-05","-69.383","76.383","64.0","PROGRESS, AY","    0","B,,S",,,"   44",",,S","  -21",",,S","   23","H,,S"
"AYM00089574","2013-01-06","-69.383","76.383","64.0","PROGRESS, AY","    0","B,,S",,,"   47",",,S","  -10",",,S","   19","H,,S"
"AYM00089574","2013-01-07","-69.383","76.383","64.0","PROGRESS, AY","   30","B,,S",,,,,"    2",",,S","    8","H,,S"
"AYM00089574","2013-01-08","-69.383","76.383","64.0","PROGRESS, AY","   51","B,,S",,,"   46",",,S","    4",",,S","   23","H,,S"
"AYM00089574","2013-01-09","-69.383","76.383","64.0","PROGRESS, AY","    0","B,,S",,,"   29",",,S",,,"   12","H,,S"
"AYM00089574","2013-01-10","-69.383","76.383","64.0","PROGRESS, AY","    5","B,,S",,,"   47",",,S",,,"   17","H,,S"
"AYM00089574","2013-01-11","-69.383","76.383","64.0","PROGRESS, AY","    0","B,,S",,,"   32",",,S","  -30",",,S","   11","H,,S"
"AYM00089574","2013-01-12","-69.383","76.383","64.0","PROGRESS, AY","    0","B,,S",,,"   28",",,S","   -1",",,S","   15","H,,S"
"AYM00089574","2013-01-13","-69.383","76.383","64.0","PROGRESS, AY","    0","B,,S",,,"   47",",,S","   -2",",,S","   22","H,,S"
"AYM00089574","2013-01-14","-69.383","76.383","64.0","PROGRESS, AY","    0","B,,S",,,"   31",",,S",,,"    8","H,,S"
"AYM00089574","2013-01-15","-69.383","76.383","64.0","PROGRESS, AY","    0","B,,S",,,"   24",",,S","  -30",",,S","    6","H,,S"
"AYM00089574","2013-01-16","-69.383","76.383","64.0","PROGRESS, AY","    0","B,,S",,,"   48",",,S","  -10",",,S","   27","H,,S"
"AYM00089574","2013-01-17","-69.383","76.383","64.0","PROGRESS, AY","    0","B,,S",,,"   69",",,S","   16",",,S","   37","H,,S"
"AYM00089574","2013-01-18","-69.383","76.383","64.0","PROGRESS, AY","    0","B,,S",,,"   49",",,S",,,"   23","H,,S"
"AYM00089574","2013-01-19","-69.383","76.383","64.0","PROGRESS, AY","    0","B,,S",,,"   26",",,S","  -14",",,S","    8","H,,S"
"AYM00089574","2013-01-20","-69.383","76.383","64.0","PROGRESS, AY","    0","B,,S",,,"   25",",,S","   -3",",,S","    5","H,,S"
"AYM00089574","2013-01-21","-69.383","76.383","64.0","PROGRESS, AY","    0","B,,S",,,"    8",",,S",,,"   -2","H,,S"
"AYM00089574","2013-01-22","-69.383","76.383","64.0","PROGRESS, AY","   30","B,,S",,,"   12",",,S","  -28",",,S","   -9","H,,S"
"AYM00089574","2013-01-23","-69.383","76.383","64.0","PROGRESS, AY","   10","B,,S",,,"   26",",,S","  -12",",,S","    4","H,,S"
"AYM00089574","2013-01-24","-69.383","76.383","64.0","PROGRESS, AY","    8","B,,S",,,"   21",",,S","  -15",",,S","    8","H,,S"
"AYM00089574","2013-01-25","-69.383","76.383","64.0","PROGRESS, AY","    0","B,,S",,,"   18",",,S",,,"    0","H,,S"
"AYM00089574","2013-01-26","-69.383","76.383","64.0","PROGRESS, AY","    0","B,,S",,,"   -2",",,S","  -30",",,S","  -15","H,,S"
"AYM00089574","2013-01-27","-69.383","76.383","64.0","PROGRESS, AY","    0","B,,S",,,"    0",",,S","  -29",",,S","  -14","H,,S"
"AYM00089574","2013-01-28","-69.383","76.383","64.0","PROGRESS, AY","    0","B,,S",,,"    0",",,S","  -33",",,S","  -17","H,,S"
"AYM00089574","2013-01-29","-69.383","76.383","64.0","PROGRESS, AY","    0","B,,S",,,"   26",",,S","  -19",",,S","   -2","H,,S"
"AYM00089574","2013-01-30","-69.383","76.383","64.0","PROGRESS, AY","    5","B,,S",,,"   27",",,S",,,"    6","H,,S"
"AYM00089574","2013-01-31","-69.383","76.383","64.0","PROGRESS, AY","    0","B,,S",,,"   39",",,S",,,"   13","H,,S"
"AYM00089574","2013-02-01","-69.383","76.383","64.0","PROGRESS, AY","    0","B,,S",,,"   13",",,S","  -26",",,S","  -12","H,,S"
"AYM00089574","2013-02-02","-69.383","76.383","64.0","PROGRESS, AY","    0","B,,S",,,"   -2",",,S","  -49",",,S","  -22","H,,S"
"AYM00089574","2013-02-03","-69.383","76.383","64.0","PROGRESS, AY","    0","B,,S",,,"   22",",,S","  -21",",,S","    0","H,,S"
"AYM00089574","2013-02-04","-69.383","76.383","64.0","PROGRESS, AY","    0","B,,S",,,"   19",",,S","  -29",",,S","  -11","H,,S"
"AYM00089574","2013-02-05","-69.383","76.383","64.0","PROGRESS, AY","    0","B,,S",,,"  -14",",,S","  -48",",,S","  -31","H,,S"
"AYM00089574","2013-02-06","-69.383","76.383","64.0","PROGRESS, AY","    0","B,,S",,,"   -9",",,S","  -46",",,S","  -28","H,,S"
"AYM00089574","2013-02-07","-69.383","76.383","64.0","PROGRESS, AY","    0","B,,S",,,"    5",",,S","  -36",",,S","  -13","H,,S"
"AYM00089574","2013-02-08","-69.383","76.383","64.0","PROGRESS, AY","    0","B,,S",,,"   10",",,S","  -19",",,S","   -4","H,,S"
"AYM00089574","2013-02-09","-69.383","76.383","64.0","PROGRESS, AY","    0","B,,S",,,"   -7",",,S","  -57",",,S","  -32","H,,S"
"AYM00089574","2013-02-10","-69.383","76.383","64.0","PROGRESS, AY","    5","B,,S",,,,,"  -60",",,S","  -53","H,,S"
"AYM00089574","2013-02-11","-69.383","76.383","64.0","PROGRESS, AY","    0","B,,S",,,"  -17",",,S",,,"  -41","H,,S"
"AYM00089574","2013-02-12","-69.383","76.383","64.0","PROGRESS, AY","   10","B,,S",,,"  -28",",,S","  -58",",,S","  -36","H,,S"
"AYM00089574","2013-02-13","-69.383","76.383","64.0","PROGRESS, AY","   10","B,,S",,,"   -4",",,S","  -45",",,S","  -33","H,,S"
"AYM00089574","2013-02-14","-69.383","76.383","64.0","PROGRESS, AY","    0","B,,S",,,"  -29",",,S","  -66",",,S","  -44","H,,S"
"AYM00089574","2013-02-15","-69.383","76.383","64.0","PROGRESS, AY","    0","B,,S",,,"    2",",,S",,,"  -29","H,,S"
"AYM00089574","2013-02-16","-69.383","76.383","64.0","PROGRESS, AY","    0","B,,S",,,"  -14",",,S","  -56",",,S","  -29","H,,S"
"AYM00089574","2013-02-17","-69.383","76.383","64.0","PROGRESS, AY","    8","B,,S",,,"   -9",",,S","  -34",",,S","  -20","H,,S"
"AYM00089574","2013-02-18","-69.383","76.383","64.0","PROGRESS, AY","    0","B,,S",,,"    1",",,S",,,"  -14","H,,S"
"AYM00089574","2013-02-19","-69.383","76.383","64.0","PROGRESS, AY","    0","B,,S",,,"  -10",",,S","  -52",",,S","  -35","H,,S"
"AYM00089574","2013-02-20","-69.383","76.383","64.0","PROGRESS, AY","    0","B,,S",,,"  -28",",,S","  -70",",,S","  -51","H,,S"
"AYM00089574","2013-02-21","-69.383","76.383","64.0","PROGRESS, AY","   10","B,,S",,,"  -22",",,S","  -71",",,S","  -44","H,,S"
"AYM00089574","2013-02-22","-69.383","76.383","64.0","PROGRESS, AY","    8","B,,S",,,"  -22",",,S",,,"  -30","H,,S"
"AYM00089574","2013-02-23","-69.383","76.383","64.0","PROGRESS, AY","    0","B,,S",,,"  -31",",,S",,,"  -57","H,,S"
"AYM00089574","2013-02-24","-69.383","76.383","64.0","PROGRESS, AY","    0","B,,S",,,"  -31",",,S","  -94",",,S","  -58","H,,S"
"AYM00089574","2013-02-25","-69.383","76.383","64.0","PROGRESS, AY","    0","B,,S",,,"   -7",",,S","  -63",",,S","  -30","H,,S"
"AYM00089574","2013-02-26","-69.383","76.383","64.0","PROGRESS, AY","    0","B,,S",,,"  -24",",,S","  -50",",,S","  -34","H,,S"
"AYM00089574","2013-02-27","-69.383","76.383","64.0","PROGRESS, AY","    5","B,,S",,,"   19",",,S","  -32",",,S","    1","H,,S"
"AYM00089574","2013-02-28","-69.383","76.383","64.0","PROGRESS, AY","    0","B,,S",,,"  -18",",,S",,,"  -41","H,,S"
"AYM00089574","2013-03-01","-69.383","76.383","64.0","PROGRESS, AY","    0","B,,S",,,,,"  -91",",,S","  -72","H,,S"
"AYM00089574","2013-03-02","-69.383","76.383","64.0","PROGRESS, AY","    8","B,,S",,,"  -37",",,S","  -66",",,S","  -41","H,,S"
"AYM00089574","2013-03-03","-69.383","76.383","64.0","PROGRESS, AY","   71","B,,S",,,"  -35",",,S",,,"  -42","H,,S"
"AYM00089574","2013-03-04","-69.383","76.383","64.0","PROGRESS, AY","    0","B,,S",,,,,,,"  -93","H,,S"
"AYM00089574","2013-03-05","-69.383","76.383","64.0","PROGRESS, AY","    0","B,,S",,," -100",",,S"," -134",",,S"," -113","H,,S"
"AYM00089574","2013-03-06","-69.383","76.383","64.0","PROGRESS, AY","    0","B,,S",,,"  -74",",,S",,," -115","H,,S"
"AYM00089574","2013-03-07","-69.383","76.383","64.0","PROGRESS, AY","    0","B,,S",,," -103",",,S"," -135",",,S"," -113","H,,S"
"AYM00089574","2013-03-08","-69.383","76.383","64.0","PROGRESS, AY","    0","B,,S",,,"  -62",",,S"," -123",",,S","  -73","H,,S"
"AYM00089574","2013-03-09","-69.383","76.383","64.0","PROGRESS, AY","   61","B,,S",,,,,,," -104","H,,S"
"AYM00089574","2013-03-10","-69.383","76.383","64.0","PROGRESS, AY","   10","B,,S",,," -118",",,S"," -144",",,S"," -129","H,,S"
"AYM00089574","2013-03-11","-69.383","76.383","64.0","PROGRESS, AY","    0","B,,S",,,,," -131",",,S"," -114","H,,S"
"AYM00089574","2013-03-12","-69.383","76.383","64.0","PROGRESS, AY","    0","B,,S",,,"  -67",",,S"," -105",",,S","  -88","H,,S"
"AYM00089574","2013-03-13","-69.383","76.383","64.0","PROGRESS, AY","    3","B,,S",,,,,,," -106","H,,S"
"AYM00089574","2013-03-14","-69.383","76.383","64.0","PROGRESS, AY","    0","B,,S",,,,," -116",",,S","  -99","H,,S"
"AYM00089574","2013-03-15","-69.383","76.383","64.0","PROGRESS, AY","    0","B,,S",,,,,"  -95",",,S","  -67","H,,S"
"AYM00089574","2013-03-16","-69.383","76.383","64.0","PROGRESS, AY","    0","B,,S",,,"  -58",",,S",,,"  -63","H,,S"
"AYM00089574","2013-03-17","-69.383","76.383","64.0","PROGRESS, AY","    0","B,,S",,,"  -63",",,S",,,"  -68","H,,S"
"AYM00089574","2013-03-18","-69.383","76.383","64.0","PROGRESS, AY","   13","B,,S",,,"  -82",",,S",,," -105","H,,S"
"AYM00089574","2013-03-19","-69.383","76.383","64.0","PROGRESS, AY","    0","B,,S",,," -111",",,S",,," -125","H,,S"
"AYM00089574","2013-03-20","-69.383","76.383","64.0","PROGRESS, AY","    0","B,,S",,," -117",",,S",,," -157","H,,S"
"AYM00089574","2013-03-21","-69.383","76.383","64.0","PROGRESS, AY","    0","B,,S",,," -179",",,S",,," -194","H,,S"
"AYM00089574","2013-03-22","-69.383","76.383","64.0","PROGRESS, AY","    0","B,,S",,," -123",",,S"," -222",",,S"," -171","H,,S"
"AYM00089574","2013-03-23","-69.383","76.383","64.0","PROGRESS, AY","    0","B,,S",,," -152",",,S",,," -158","H,,S"
"AYM00089574","2013-03-24","-69.383","76.383","64.0","PROGRESS, AY","    0","B,,S",,,,," -231",",,S"," -141","H,,S"
"AYM00089574","2013-03-25","-69.383","76.383","64.0","PROGRESS, AY","    0","B,,S",,,"  -57",",,S"," -103",",,S","  -71","H,,S"
"AYM00089574","2013-03-26","-69.383","76.383","64.0","PROGRESS, AY","    0","B,,S",,," -105",",,S",,," -120","H,,S"
"AYM00089574","2013-03-27","-69.383","76.383","64.0","PROGRESS, AY","    0","B,,S",,," -121",",,S",,," -138","H,,S"
"AYM00089574","2013-03-28","-69.383","76.383","64.0","PROGRESS, AY","   13","B,,S",,," -166",",,S"," -182",",,S"," -176","H,,S"
"AYM00089574","2013-03-29","-69.383","76.383","64.0","PROGRESS, AY","    0","B,,S",,," -154",",,S"," -177",",,S"," -169","H,,S"
"AYM00089574","2013-03-30","-69.383","76.383","64.0","PROGRESS, AY","    5","B,,S",,," -171",",,S",,," -188","H,,S"
"AYM00089574","2013-03-31","-69.383","76.383","64.0","PROGRESS, AY","    3","B,,S",,," -207",",,S"," -246",",,S"," -227","H,,S"
"AYM00089574","2013-04-01","-69.383","76.383","64.0","PROGRESS, AY","    0","B,,S",,," -139",",,S"," -214",",,S"," -181","H,,S"
"AYM00089574","2013-04-02","-69.383","76.383","64.0","PROGRESS, AY","    0","B,,S",,," -147",",,S"," -203",",,S"," -154","H,,S"
"AYM00089574","2013-04-03","-69.383","76.383","64.0","PROGRESS, AY","    0","B,,S",,," -126",",,S"," -172",",,S"," -155","H,,S"
"AYM00089574","2013-04-04","-69.383","76.383","64.0","PROGRESS, AY","    0","B,,S",,," -115",",,S"," -162",",,S"," -143","H,,S"
"AYM00089574","2013-04-05","-69.383","76.383","64.0","PROGRESS, AY","    0","B,,S",,," -143",",,S",,," -163","H,,S"
"AYM00089574","2013-04-06","-69.383","76.383","64.0","PROGRESS, AY","    0","B,,S",,," -156",",,S",,," -173","H,,S"
"AYM00089574","2013-04-07","-69.383","76.383","64.0","PROGRESS, AY","   13","B,,S",,," -204",",,S",,," -232","H,,S"
"AYM00089574","2013-04-08","-69.383","76.383","64.0","PROGRESS, AY","    5","B,,S",,,,,,," -274","H,,S"
"AYM00089574","2013-04-09","-69.383","76.383","64.0","PROGRESS, AY",,,,,"  -61",",,S",,,"  -96","H,,S"
"AYM00089574","2013-04-10","-69.383","76.383","64.0","PROGRESS, AY","    8","B,,S",,," -108",",,S",,," -123","H,,S"
"AYM00089574","2013-04-11","-69.383","76.383","64.0","PROGRESS, AY","    0","B,,S",,," -137",",,S",,," -168","H,,S"
"AYM00089574","2013-04-12","-69.383","76.383","64.0","PROGRESS, AY","    0","B,,S",,,,," -205",",,S"," -186","H,,S"
"AYM00089574","2013-04-13","-69.383","76.383","64.0","PROGRESS, AY","   20","B,,S",,,"  -84",",,S"," -196",",,S","  -94","H,,S"
"AYM00089574","2013-04-14","-69.383","76.383","64.0","PROGRESS, AY","   20","B,,S",,,"  -90",",,S",,," -110","H,,S"
"AYM00089574","2013-04-15","-69.383","76.383","64.0","PROGRESS, AY","    0","B,,S",,," -137",",,S",,," -148","H,,S"
"AYM00089574","2013-04-16","-69.383","76.383","64.0","PROGRESS, AY","    0","B,,S",,," -151",",,S",,," -164","H,,S"
"AYM00089574","2013-04-17","-69.383","76.383","64.0","PROGRESS, AY","    0","B,,S",,,,," -195",",,S"," -183","H,,S"
"AYM00089574","2013-04-18","-69.383","76.383","64.0","PROGRESS, AY","    0","B,,S",,,,," -202",",,S"," -153","H,,S"
"AYM00089574","2013-04-19","-69.383","76.383","64.0","PROGRESS, AY","    0","B,,S",,," -117",",,S"," -159",",,S"," -128","H,,S"
"AYM00089574","2013-04-20","-69.383","76.383","64.0","PROGRESS, AY","    8","B,,S",,,"  -90",",,S"," -144",",,S","  -93","H,,S"
"AYM00089574","2013-04-21","-69.383","76.383","64.0","PROGRESS, AY","    0","B,,S",,,"  -86",",,S",,," -104","H,,S"
"AYM00089574","2013-04-22","-69.383","76.383","64.0","PROGRESS, AY","    0","B,,S",,," -101",",,S",,," -118","H,,S"
"AYM00089574","2013-04-23","-69.383","76.383","64.0","PROGRESS, AY","    0","B,,S",,,,," -151",",,S"," -107","H,,S"
"AYM00089574","2013-04-24","-69.383","76.383","64.0","PROGRESS, AY","    0","B,,S",,,"  -84",",,S",,," -103","H,,S"
"AYM00089574","2013-04-25","-69.383","76.383","64.0","PROGRESS, AY","    0","B,,S",,," -112",",,S",,," -128","H,,S"
"AYM00089574","2013-04-26","-69.383","76.383","64.0","PROGRESS, AY","    0","B,,S",,,,," -156",",,S"," -112","H,,S"
"AYM00089574","2013-04-27","-69.383","76.383","64.0","PROGRESS, AY","    0","B,,S",,,"  -47",",,S"," -113",",,S","  -62","H,,S"
"AYM00089574","2013-04-28","-69.383","76.383","64.0","PROGRESS, AY","    0","B,,S",,,"  -81",",,S",,,"  -94","H,,S"
"AYM00089574","2013-04-29","-69.383","76.383","64.0","PROGRESS, AY","    0","B,,S",,," -116",",,S",,," -134","H,,S"
"AYM00089574","2013-04-30","-69.383","76.383","64.0","PROGRESS, AY","    0","B,,S",,," -185",",,S",,," -215","H,,S"
"AYM00089574","2013-05-01","-69.383","76.383","64.0","PROGRESS, AY","    0","B,,S","   30",",,S",,,,," -225","H,,S"
"AYM00089574","2013-05-02","-69.383","76.383","64.0","PROGRESS, AY","   20","B,,S","   30",",,S",,," -233",",,S"," -108","H,,S"
"AYM00089574","2013-05-03","-69.383","76.383","64.0","PROGRESS, AY","    0","B,,S","   10",",,S","  -63",",,S",,,"  -85","H,,S"
"AYM00089574","2013-05-04","-69.383","76.383","64.0","PROGRESS, AY","    0","B,,S","   10",",,S","  -91",",,S",,," -100","H,,S"
"AYM00089574","2013-05-05","-69.383","76.383","64.0","PROGRESS, AY","    0","B,,S","   10",",,S"," -121",",,S",,," -152","H,,S"
"AYM00089574","2013-05-06","-69.383","76.383","64.0","PROGRESS, AY","    0","B,,S","   10",",,S",,," -192",",,S"," -184","H,,S"
"AYM00089574","2013-05-07","-69.383","76.383","64.0","PROGRESS, AY","    5","B,,S","   10",",,S","  -88",",,S"," -190",",,S"," -103","H,,S"
"AYM00089574","2013-05-08","-69.383","76.383","64.0","PROGRESS, AY","    0","B,,S","   10",",,S"," -108",",,S",,," -132","H,,S"
"AYM00089574","2013-05-09","-69.383","76.383","64.0","PROGRESS, AY","    0","B,,S","   10",",,S"," -162",",,S",,," -187","H,,S"
"AYM00089574","2013-05-10","-69.383","76.383","64.0","PROGRESS, AY","    0","B,,S","   10",",,S",,," -240",",,S"," -216","H,,S"
"AYM00089574","2013-05-11","-69.383","76.383","64.0","PROGRESS, AY","    5","B,,S","   10",",,S"," -102",",,S"," -231",",,S"," -122","H,,S"
"AYM00089574","2013-05-12","-69.383","76.383","64.0","PROGRESS, AY","   28","B,,S","   10",",,S","  -97",",,S"," -169",",,S"," -128","H,,S"
"AYM00089574","2013-05-13","-69.383","76.383","64.0","PROGRESS, AY","    5","B,,S","   10",",,S","  -81",",,S",,," -113","H,,S"
"AYM00089574","2013-05-14","-69.383","76.383","64.0","PROGRESS, AY","    0","B,,S","   10",",,S"," -140",",,S"," -165",",,S"," -151","H,,S"
"AYM00089574","2013-05-15","-69.383","76.383","64.0","PROGRESS, AY","    0","B,,S","   10",",,S",,," -152",",,S"," -104","H,,S"
"AYM00089574","2013-05-16","-69.383","76.383","64.0","PROGRESS, AY","   20","B,,S","   10",",,S","  -60",",,S",,," -107","H,,S"
"AYM00089574","2013-05-17","-69.383","76.383","64.0","PROGRESS, AY","   10","B,,S","   10",",,S","  -92",",,S"," -168",",,S"," -115","H,,S"
"AYM00089574","2013-05-18","-69.383","76.383","64.0","PROGRESS, AY","    0","B,,S","   10",",,S"," -140",",,S",,," -160","H,,S"
"AYM00089574","2013-05-19","-69.383","76.383","64.0","PROGRESS, AY","    0","B,,S","   10",",,S"," -126",",,S"," -182",",,S"," -132","H,,S"
"AYM00089574","2013-05-20","-69.383","76.383","64.0","PROGRESS, AY","    0","B,,S","   10",",,S"," -123",",,S",,," -154","H,,S"
"AYM00089574","2013-05-21","-69.383","76.383","64.0","PROGRESS, AY","    0","B,,S","   10",",,S",,," -239",",,S"," -190","H,,S"
"AYM00089574","2013-05-22","-69.383","76.383","64.0","PROGRESS, AY","    0","B,,S","   10",",,S","  -71",",,S"," -212",",,S","  -86","H,,S"
"AYM00089574","2013-05-23","-69.383","76.383","64.0","PROGRESS, AY","    0","B,,S","   10",",,S","  -96",",,S",,," -119","H,,S"
"AYM00089574","2013-05-24","-69.383","76.383","64.0","PROGRESS, AY","    5","B,,S","   10",",,S"," -161",",,S",,," -202","H,,S"
"AYM00089574","2013-05-25","-69.383","76.383","64.0","PROGRESS, AY","    0","B,,S","   10",",,S"," -137",",,S"," -256",",,S"," -172","H,,S"
"AYM00089574","2013-05-26","-69.383","76.383","64.0","PROGRESS, AY","    0","B,,S","   10",",,S"," -174",",,S"," -208",",,S"," -185","H,,S"
"AYM00089574","2013-05-27","-69.383","76.383","64.0","PROGRESS, AY","    0","B,,S","   10",",,S"," -193",",,S",,," -247","H,,S"
"AYM00089574","2013-05-28","-69.383","76.383","64.0","PROGRESS, AY","    0","B,,S","   10",",,S"," -237",",,S"," -307",",,S"," -265","H,,S"
"AYM00089574","2013-05-29","-69.383","76.383","64.0","PROGRESS, AY","    0","B,,S","   10",",,S",,," -261",",,S"," -248","H,,S"
"AYM00089574","2013-05-30","-69.383","76.383","64.0","PROGRESS, AY","    0","B,,S","   10",",,S"," -180",",,S"," -251",",,S"," -197","H,,S"
"AYM00089574","2013-05-31","-69.383","76.383","64.0","PROGRESS, AY","    0","B,,S","   10",",,S"," -172",",,S",,," -184","H,,S"
"AYM00089574","2013-06-01","-69.383","76.383","64.0","PROGRESS, AY","    0","B,,S","   10",",,S",,,,," -202","H,,S"
"AYM00089574","2013-06-02","-69.383","76.383","64.0","PROGRESS, AY","    0","B,,S","   10",",,S",,," -209",",,S"," -176","H,,S"
"AYM00089574","2013-06-03","-69.383","76.383","64.0","PROGRESS, AY","    0","B,,S","   10",",,S"," -146",",,S"," -175",",,S"," -157","H,,S"
"AYM00089574","2013-06-04","-69.383","76.383","64.0","PROGRESS, AY","    0","B,,S","   10",",,S",,,,," -208","H,,S"
"AYM00089574","2013-06-05","-69.383","76.383","64.0","PROGRESS, AY","    0","B,,S","   10",",,S",,," -232",",,S"," -218","H,,S"
"AYM00089574","2013-06-06","-69.383","76.383","64.0","PROGRESS, AY","    0","B,,S","   10",",,S"," -203",",,S",,," -219","H,,S"
"AYM00089574","2013-06-07","-69.383","76.383","64.0","PROGRESS, AY","    0","B,,S","   10",",,S"," -213",",,S",,," -226","H,,S"
"AYM00089574","2013-06-08","-69.383","76.383","64.0","PROGRESS, AY","    5","B,,S","   10",",,S",,," -242",",,S"," -170","H,,S"
"AYM00089574","2013-06-09","-69.383","76.383","64.0","PROGRESS, AY","  119","B,,S","   30",",,S","  -58",",,S"," -158",",,S","  -73","H,,S"
"AYM00089574","2013-06-11","-69.383","76.383","64.0","PROGRESS, AY","   41","B,,S","   10",",,S","  -70",",,S",,,"  -81","H,,S"
"AYM00089574","2013-06-12","-69.383","76.383","64.0","PROGRESS, AY","   43","B,,S","   79",",,S",,,"  -98",",,S","  -62","H,,S"
"AYM00089574","2013-06-13","-69.383","76.383","64.0","PROGRESS, AY","    0","B,,S","   20",",,S",,,,,"  -94","H,,S"
"AYM00089574","2013-06-14","-69.383","76.383","64.0","PROGRESS, AY","    0","B,,S","   10",",,S"," -128",",,S",,," -153","H,,S"
"AYM00089574","2013-06-15","-69.383","76.383","64.0","PROGRESS, AY","    3","B,,S","   10",",,S"," -111",",,S"," -178",",,S"," -125","H,,S"
"AYM00089574","2013-06-16","-69.383","76.383","64.0","PROGRESS, AY","   10","B,,S","   20",",,S"," -127",",,S",,," -150","H,,S"
"AYM00089574","2013-06-17","-69.383","76.383","64.0","PROGRESS, AY","    0","B,,S","   10",",,S"," -193",",,S"," -200",",,S"," -198","H,,S"
"AYM00089574","2013-06-18","-69.383","76.383","64.0","PROGRESS, AY","    0","B,,S","   10",",,S"," -172",",,S"," -206",",,S"," -186","H,,S"
"AYM00089574","2013-06-19","-69.383","76.383","64.0","PROGRESS, AY","    0","B,,S","   10",",,S",,," -187",",,S"," -149","H,,S"
"AYM00089574","2013-06-20","-69.383","76.383","64.0","PROGRESS, AY","    0","B,,S","   10",",,S","  -87",",,S"," -142",",,S"," -100","H,,S"
"AYM00089574","2013-06-21","-69.383","76.383","64.0","PROGRESS, AY","   46","B,,S","   10",",,S",,,"  -99",",,S","  -79","H,,S"
"AYM00089574","2013-06-22","-69.383","76.383","64.0","PROGRESS, AY","   56","B,,S","   10",",,S","  -44",",,S","  -81",",,S","  -49","H,,S"
"AYM00089574","2013-06-23","-69.383","76.383","64.0","PROGRESS, AY","    0","B,,S","   10",",,S","  -47",",,S",,,"  -79","H,,S"
"AYM00089574","2013-06-24","-69.383","76.383","64.0","PROGRESS, AY","    0","B,,S","   10",",,S","  -87",",,S",,," -116","H,,S"
"AYM00089574","2013-06-25","-69.383","76.383","64.0","PROGRESS, AY","    0","B,,S","   10",",,S"," -158",",,S",,," -176","H,,S"
"AYM00089574","2013-06-26","-69.383","76.383","64.0","PROGRESS, AY","   30","B,,S","   10",",,S",,," -202",",,S","  -90","H,,S"
"AYM00089574","2013-06-27","-69.383","76.383","64.0","PROGRESS, AY","   61","B,,S","   71",",,S","  -83",",,S",,," -111","H,,S"
"AYM00089574","2013-06-28","-69.383","76.383","64.0","PROGRESS, AY","    0","B,,S","   20",",,S","  -97",",,S"," -143",",,S"," -110","H,,S"
"AYM00089574","2013-06-29","-69.383","76.383","64.0","PROGRESS, AY","    5","B,,S","   10",",,S",,," -116",",,S","  -69","H,,S"
"AYM00089574","2013-06-30","-69.383","76.383","64.0","PROGRESS, AY","    0","B,,S","   10",",,S","  -45",",,S",,,"  -73","H,,S"
"AYM00089574","2013-07-01","-69.383","76.383","64.0","PROGRESS, AY","    0","B,,S","   10",",,S",,," -162",",,S"," -131","H,,S"
"AYM00089574","2013-07-02","-69.383","76.383","64.0","PROGRESS, AY","   76","B,,S","   20",",,S","  -53",",,S"," -133",",,S","  -74","H,,S"
"AYM00089574","2013-07-03","-69.383","76.383","64.0","PROGRESS, AY","   33","B,,S","  320",",,S",,,,," -112","H,,S"
"AYM00089574","2013-07-04","-69.383","76.383","64.0","PROGRESS, AY","   74","B,,S","  290",",,S","  -66",",,S"," -128",",,S","  -73","H,,S"
"AYM00089574","2013-07-05","-69.383","76.383","64.0","PROGRESS, AY","   33","B,,S","  409",",,S",,,,," -120","H,,S"
"AYM00089574","2013-07-06","-69.383","76.383","64.0","PROGRESS, AY","   20","B,,S","  361",",,S"," -149",",,S",,," -164","H,,S"
"AYM00089574","2013-07-08","-69.383","76.383","64.0","PROGRESS, AY","    0","B,,S","  320",",,S"," -116",",,S"," -209",",,S"," -141","H,,S"
"AYM00089574","2013-07-09","-69.383","76.383","64.0","PROGRESS, AY","    0","B,,S","   89",",,S",,," -144",",,S","  -99","H,,S"
"AYM00089574","2013-07-10","-69.383","76.383","64.0","PROGRESS, AY","    0","B,,S","   79",",,S",,,,," -140","H,,S"
"AYM00089574","2013-07-11","-69.383","76.383","64.0","PROGRESS, AY","    0","B,,S","   79",",,S"," -163",",,S"," -187",",,S"," -173","H,,S"
"AYM00089574","2013-07-12","-69.383","76.383","64.0","PROGRESS, AY","    0","B,,S","   71",",,S"," -173",",,S",,," -185","H,,S"
"AYM00089574","2013-07-13","-69.383","76.383","64.0","PROGRESS, AY","    0","B,,S","   71",",,S"," -200",",,S",,," -210","H,,S"
"AYM00089574","2013-07-14","-69.383","76.383","64.0","PROGRESS, AY","    0","B,,S","   71",",,S"," -226",",,S"," -239",",,S"," -230","H,,S"
"AYM00089574","2013-07-15","-69.383","76.383","64.0","PROGRESS, AY","    0","B,,S","   71",",,S",,," -243",",,S"," -229","H,,S"
"AYM00089574","2013-07-16","-69.383","76.383","64.0","PROGRESS, AY","    0","B,,S","   71",",,S"," -109",",,S"," -234",",,S"," -133","H,,S"
"AYM00089574","2013-07-17","-69.383","76.383","64.0","PROGRESS, AY","    0","B,,S","   71",",,S"," -127",",,S",,," -139","H,,S"
"AYM00089574","2013-07-18","-69.383","76.383","64.0","PROGRESS, AY",,,"   71",",,S"," -116",",,S",,," -126","H,,S"
"AYM00089574","2013-07-19","-69.383","76.383","64.0","PROGRESS, AY","    0","B,,S","   61",",,S"," -122",",,S",,," -135","H,,S"
"AYM00089574","2013-07-20","-69.383","76.383","64.0","PROGRESS, AY","    8","B,,S","   51",",,S",,," -183",",,S"," -122","H,,S"
"AYM00089574","2013-07-21","-69.383","76.383","64.0","PROGRESS, AY","  119","B,,S","  221",",,S","  -76",",,S",,," -104","H,,S"
"AYM00089574","2013-07-22","-69.383","76.383","64.0","PROGRESS, AY","    0","B,,S","  180",",,S",,," -161",",,S","  -92","H,,S"
"AYM00089574","2013-07-23","-69.383","76.383","64.0","PROGRESS, AY","   51","B,,S","   51",",,S","  -63",",,S",,,"  -81","H,,S"
"AYM00089574","2013-07-24","-69.383","76.383","64.0","PROGRESS, AY","   30","B,,S","   10",",,S"," -111",",,S",,," -125","H,,S"
"AYM00089574","2013-07-25","-69.383","76.383","64.0","PROGRESS, AY","   56","B,,S","   20",",,S","  -82",",,S"," -144",",,S","  -96","H,,S"
"AYM00089574","2013-07-26","-69.383","76.383","64.0","PROGRESS, AY","   10","B,,S","  201",",,S"," -129",",,S",,," -138","H,,S"
"AYM00089574","2013-07-27","-69.383","76.383","64.0","PROGRESS, AY","    0","B,,S","  201",",,S"," -169",",,S",,," -180","H,,S"
"AYM00089574","2013-07-28","-69.383","76.383","64.0","PROGRESS, AY","    3","B,,S","  201",",,S"," -178",",,S"," -200",",,S"," -192","H,,S"
"AYM00089574","2013-07-29","-69.383","76.383","64.0","PROGRESS, AY","    8","B,,S","  211",",,S"," -177",",,S",,," -188","H,,S"
"AYM00089574","2013-07-30","-69.383","76.383","64.0","PROGRESS, AY","    0","B,,S","  191",",,S"," -172",",,S",,," -250","H,,S"
"AYM00089574","2013-07-31","-69.383","76.383","64.0","PROGRESS, AY","    3","B,,S","  130",",,S",,," -333",",,S"," -280","H,,S"
"AYM00089574","2013-08-01","-69.383","76.383","64.0","PROGRESS, AY","    3","B,,S","  130",",,S"," -237",",,S",,," -327","H,,S"
"AYM00089574","2013-08-02","-69.383","76.383","64.0","PROGRESS, AY","    0","B,,S","  130",",,S"," -345",",,S"," -399",",,S"," -377","H,,S"
"AYM00089574","2013-08-03","-69.383","76.383","64.0","PROGRESS, AY","    0","B,,S","  130",",,S",,,,," -343","H,,S"
"AYM00089574","2013-08-04","-69.383","76.383","64.0","PROGRESS, AY","    0","B,,S","  140",",,S"," -212",",,S"," -293",",,S"," -222","H,,S"
"AYM00089574","2013-08-05","-69.383","76.383","64.0","PROGRESS, AY","    0","B,,S","   89",",,S"," -172",",,S"," -232",",,S"," -189","H,,S"
"AYM00089574","2013-08-06","-69.383","76.383","64.0","PROGRESS, AY","    0","B,,S","   30",",,S","  -80",",,S"," -181",",,S"," -105","H,,S"
"AYM00089574","2013-08-07","-69.383","76.383","64.0","PROGRESS, AY","    0","B,,S","   10",",,S","  -96",",,S",,," -129","H,,S"
"AYM00089574","2013-08-08","-69.383","76.383","64.0","PROGRESS, AY","    0","B,,S","   10",",,S","  -96",",,S"," -185",",,S"," -152","H,,S"
"AYM00089574","2013-08-09","-69.383","76.383","64.0","PROGRESS, AY","    0","B,,S","   10",",,S","  -43",",,S"," -168",",,S","  -61","H,,S"
"AYM00089574","2013-08-10","-69.383","76.383","64.0","PROGRESS, AY","    0","B,,S","   10",",,S","  -74",",,S",,," -106","H,,S"
"AYM00089574","2013-08-11","-69.383","76.383","64.0","PROGRESS, AY","    5","B,,S","   10",",,S",,," -125",",,S"," -106","H,,S"
"AYM00089574","2013-08-12","-69.383","76.383","64.0","PROGRESS, AY","    0","B,,S","   10",",,S","  -71",",,S"," -118",",,S","  -85","H,,S"
"AYM00089574","2013-08-13","-69.383","76.383","64.0","PROGRESS, AY","    0","B,,S","   10",",,S"," -104",",,S",,," -118","H,,S"
"AYM00089574","2013-08-14","-69.383","76.383","64.0","PROGRESS, AY","    0","B,,S","   10",",,S"," -110",",,S",,," -138","H,,S"
"AYM00089574","2013-08-15","-69.383","76.383","64.0","PROGRESS, AY","    0","B,,S","   10",",,S"," -128",",,S"," -173",",,S"," -143","H,,S"
"AYM00089574","2013-08-16","-69.383","76.383","64.0","PROGRESS, AY","    0","B,,S","   10",",,S"," -132",",,S",,," -156","H,,S"
"AYM00089574","2013-08-17","-69.383","76.383","64.0","PROGRESS, AY","    0","B,,S","   10",",,S"," -155",",,S"," -183",",,S"," -166","H,,S"
"AYM00089574","2013-08-18","-69.383","76.383","64.0","PROGRESS, AY","    0","B,,S","   10",",,S",,," -171",",,S"," -152","H,,S"
"AYM00089574","2013-08-19","-69.383","76.383","64.0","PROGRESS, AY","    0","B,,S","   10",",,S",,," -149",",,S"," -102","H,,S"
"AYM00089574","2013-08-20","-69.383","76.383","64.0","PROGRESS, AY","    0","B,,S","   10",",,S","  -61",",,S",,,"  -85","H,,S"
"AYM00089574","2013-08-21","-69.383","76.383","64.0","PROGRESS, AY","    0","B,,S","   10",",,S","  -92",",,S"," -119",",,S"," -105","H,,S"
"AYM00089574","2013-08-22","-69.383","76.383","64.0","PROGRESS, AY","    0","B,,S","   10",",,S"," -125",",,S",,," -135","H,,S"
"AYM00089574","2013-08-23","-69.383","76.383","64.0","PROGRESS, AY","    0","B,,S","   10",",,S"," -144",",,S",,," -158","H,,S"
"AYM00089574","2013-08-24","-69.383","76.383","64.0","PROGRESS, AY","    0","B,,S","   10",",,S"," -176",",,S",,," -188","H,,S"
"AYM00089574","2013-08-25","-69.383","76.383","64.0","PROGRESS, AY","    0","B,,S","   10",",,S"," -202",",,S",,," -213","H,,S"
"AYM00089574","2013-08-26","-69.383","76.383","64.0","PROGRESS, AY","    0","B,,S","   10",",,S"," -187",",,S"," -234",",,S"," -204","H,,S"
"AYM00089574","2013-08-27","-69.383","76.383","64.0","PROGRESS, AY","    0","B,,S","   10",",,S"," -200",",,S"," -221",",,S"," -212","H,,S"
"AYM00089574","2013-08-28","-69.383","76.383","64.0","PROGRESS, AY","    3","B,,S","   10",",,S"," -227",",,S",,," -271","H,,S"
"AYM00089574","2013-08-29","-69.383","76.383","64.0","PROGRESS, AY","    0","B,,S","   10",",,S",,," -331",",,S"," -307","H,,S"
"AYM00089574","2013-08-30","-69.383","76.383","64.0","PROGRESS, AY","   51","B,,S","   20",",,S",,," -301",",,S"," -198","H,,S"
"AYM00089574","2013-08-31","-69.383","76.383","64.0","PROGRESS, AY","   10","B,,S","   51",",,S"," -134",",,S"," -199",",,S"," -169","H,,S"
"AYM00089574","2013-09-01","-69.383","76.383","64.0","PROGRESS, AY","    0","B,,S","   10",",,S"," -179",",,S",,," -212","H,,S"
"AYM00089574","2013-09-02","-69.383","76.383","64.0","PROGRESS, AY","    0","B,,S","   20",",,S",,," -233",",,S"," -210","H,,S"
"AYM00089574","2013-09-03","-69.383","76.383","64.0","PROGRESS, AY","    0","B,,S","   20",",,S"," -159",",,S"," -236",",,S"," -183","H,,S"
"AYM00089574","2013-09-04","-69.383","76.383","64.0","PROGRESS, AY","    0","B,,S","   20",",,S"," -118",",,S"," -220",",,S"," -157","H,,S"
"AYM00089574","2013-09-05","-69.383","76.383","64.0","PROGRESS, AY","    0","B,,S","   20",",,S","  -90",",,S"," -186",",,S"," -109","H,,S"
"AYM00089574","2013-09-06","-69.383","76.383","64.0","PROGRESS, AY",,,"   20",",,S",,," -143",",,S"," -128","H,,S"
"AYM00089574","2013-09-07","-69.383","76.383","64.0","PROGRESS, AY","    8","B,,S","   20",",,S"," -108",",,S"," -125",",,S"," -118","H,,S"
"AYM00089574","2013-09-08","-69.383","76.383","64.0","PROGRESS, AY","    5","B,,S","   20",",,S",,," -131",",,S","  -54","H,,S"
"AYM00089574","2013-09-09","-69.383","76.383","64.0","PROGRESS, AY","   79","B,,S","   10",",,S","  -57",",,S",,,"  -64","H,,S"
"AYM00089574","2013-09-10","-69.383","76.383","64.0","PROGRESS, AY","   18","B,,S","   51",",,S","  -71",",,S",,," -122","H,,S"
"AYM00089574","2013-09-11","-69.383","76.383","64.0","PROGRESS, AY","    0","B,,S","   71",",,S"," -128",",,S"," -221",",,S"," -171","H,,S"
"AYM00089574","2013-09-12","-69.383","76.383","64.0","PROGRESS, AY","    0","B,,S","   30",",,S","  -33",",,S",,,"  -65","H,,S"
"AYM00089574","2013-09-13","-69.383","76.383","64.0","PROGRESS, AY","    0","B,,S","   20",",,S","  -48",",,S",,,"  -66","H,,S"
"AYM00089574","2013-09-14","-69.383","76.383","64.0","PROGRESS, AY","   15","B,,S","   30",",,S","  -69",",,S",,," -102","H,,S"
"AYM00089574","2013-09-15","-69.383","76.383","64.0","PROGRESS, AY","    0","B,,S","   20",",,S"," -126",",,S"," -154",",,S"," -140","H,,S"
"AYM00089574","2013-09-16","-69.383","76.383","64.0","PROGRESS, AY","    0","B,,S","   20",",,S","  -86",",,S"," -160",",,S"," -124","H,,S"
"AYM00089574","2013-09-17","-69.383","76.383","64.0","PROGRESS, AY","    0","B,,S","   20",",,S","  -69",",,S"," -157",",,S","  -92","H,,S"
"AYM00089574","2013-09-18","-69.383","76.383","64.0","PROGRESS, AY","    0","B,,S","   20",",,S","  -45",",,S"," -125",",,S","  -70","H,,S"
"AYM00089574","2013-09-19","-69.383","76.383","64.0","PROGRESS, AY","    0","B,,S","   30",",,S","  -17",",,S","  -93",",,S","  -37","H,,S"
"AYM00089574","2013-09-20","-69.383","76.383","64.0","PROGRESS, AY","    0","B,,S","   30",",,S",,,,,"  -57","H,,S"
"AYM00089574","2013-09-21","-69.383","76.383","64.0","PROGRESS, AY","    0","B,,S","   10",",,S","  -38",",,S","  -72",",,S","  -44","H,,S"
"AYM00089574","2013-09-22","-69.383","76.383","64.0","PROGRESS, AY","    0","B,,S","   10",",,S","  -58",",,S",,,"  -63","H,,S"
"AYM00089574","2013-09-23","-69.383","76.383","64.0","PROGRESS, AY","    0","B,,S","   10",",,S","  -31",",,S","  -73",",,S","  -48","H,,S"
"AYM00089574","2013-09-24","-69.383","76.383","64.0","PROGRESS, AY","    0","B,,S","   10",",,S","  -50",",,S",,,"  -87","H,,S"
"AYM00089574","2013-09-25","-69.383","76.383","64.0","PROGRESS, AY","    3","B,,S","   10",",,S",,," -189",",,S"," -126","H,,S"
"AYM00089574","2013-09-26","-69.383","76.383","64.0","PROGRESS, AY","    0","B,,S","   10",",,S",,,"  -97",",,S","  -86","H,,S"
"AYM00089574","2013-09-27","-69.383","76.383","64.0","PROGRESS, AY","    0","B,,S","   10",",,S","  -42",",,S","  -93",",,S","  -63","H,,S"
"AYM00089574","2013-09-28","-69.383","76.383","64.0","PROGRESS, AY","    3","B,,S","   10",",,S","  -48",",,S","  -77",",,S","  -66","H,,S"
"AYM00089574","2013-09-29","-69.383","76.383","64.0","PROGRESS, AY","    3","B,,S","   10",",,S","  -32",",,S","  -73",",,S","  -47","H,,S"
"AYM00089574","2013-09-30","-69.383","76.383","64.0","PROGRESS, AY","    0","B,,S","   10",",,S","  -38",",,S",,,"  -59","H,,S"
"AYM00089574","2013-10-01","-69.383","76.383","64.0","PROGRESS, AY","    0","B,,S","   10",",,S","  -31",",,S",,,"  -70","H,,S"
"AYM00089574","2013-10-02","-69.383","76.383","64.0","PROGRESS, AY","    0","B,,S","   10",",,S","  -82",",,S",,," -115","H,,S"
"AYM00089574","2013-10-03","-69.383","76.383","64.0","PROGRESS, AY","    0","B,,S",,," -140",",,S"," -172",",,S"," -154","H,,S"
"AYM00089574","2013-10-04","-69.383","76.383","64.0","PROGRESS, AY","    0","B,,S",,," -110",",,S"," -160",",,S"," -126","H,,S"
"AYM00089574","2013-10-05","-69.383","76.383","64.0","PROGRESS, AY","    0","B,,S",,,"  -97",",,S"," -144",",,S"," -114","H,,S"
"AYM00089574","2013-10-06","-69.383","76.383","64.0","PROGRESS, AY","   10","B,,S","   10",",,S","  -70",",,S"," -116",",,S","  -88","H,,S"
"AYM00089574","2013-10-07","-69.383","76.383","64.0","PROGRESS, AY","    3","B,,S","   20",",,S","  -89",",,S",,," -119","H,,S"
"AYM00089574","2013-10-08","-69.383","76.383","64.0","PROGRESS, AY","    0","B,,S","   10",",,S","  -81",",,S"," -157",",,S"," -111","H,,S"
"AYM00089574","2013-10-09","-69.383","76.383","64.0","PROGRESS, AY","    3","B,,S","   10",",,S","  -68",",,S"," -101",",,S","  -78","H,,S"
"AYM00089574","2013-10-10","-69.383","76.383","64.0","PROGRESS, AY","    0","B,,S","   10",",,S","  -88",",,S",,," -110","H,,S"
"AYM00089574","2013-10-11","-69.383","76.383","64.0","PROGRESS, AY","    0","B,,S","   10",",,S"," -115",",,S"," -165",",,S"," -139","H,,S"
"AYM00089574","2013-10-12","-69.383","76.383","64.0","PROGRESS, AY","    0","B,,S","   10",",,S",,," -168",",,S"," -112","H,,S"
"AYM00089574","2013-10-13","-69.383","76.383","64.0","PROGRESS, AY","    0","B,,S","   10",",,S","  -39",",,S","  -88",",,S","  -60","H,,S"
"AYM00089574","2013-10-14","-69.383","76.383","64.0","PROGRESS, AY","    3","B,,S","   10",",,S","  -41",",,S","  -65",",,S","  -54","H,,S"
"AYM00089574","2013-10-15","-69.383","76.383","64.0","PROGRESS, AY","    0","B,,S","   10",",,S","  -28",",,S","  -55",",,S","  -43","H,,S"
"AYM00089574","2013-10-16","-69.383","76.383","64.0","PROGRESS, AY","    0","B,,S","   10",",,S","  -31",",,S",,,"  -62","H,,S"
"AYM00089574","2013-10-17","-69.383","76.383","64.0","PROGRESS, AY","    0","B,,S",,,"  -61",",,S"," -137",",,S"," -100","H,,S"
"AYM00089574","2013-10-18","-69.383","76.383","64.0","PROGRESS, AY","   23","B,,S","   10",",,S","  -77",",,S"," -115",",,S","  -86","H,,S"
"AYM00089574","2013-10-19","-69.383","76.383","64.0","PROGRESS, AY","    8","B,,S","   30",",,S","  -96",",,S",,," -129","H,,S"
"AYM00089574","2013-10-20","-69.383","76.383","64.0","PROGRESS, AY","    0","B,,S","   30",",,S"," -115",",,S",,," -149","H,,S"
"AYM00089574","2013-10-21","-69.383","76.383","64.0","PROGRESS, AY","    3","B,,S","   10",",,S","  -99",",,S"," -180",",,S"," -130","H,,S"
"AYM00089574","2013-10-24","-69.383","76.383","64.0","PROGRESS, AY","   20","B,,S","   10",",,S","  -42",",,S"," -198",",,S","  -61","H,,S"
"AYM00089574","2013-10-25","-69.383","76.383","64.0","PROGRESS, AY","   51","B,,S","   71",",,S","  -38",",,S",,,"  -55","H,,S"
"AYM00089574","2013-10-26","-69.383","76.383","64.0","PROGRESS, AY","    3","B,,S","  109",",,S","  -19",",,S","  -67",",,S","  -40","H,,S"
"AYM00089574","2013-10-27","-69.383","76.383","64.0","PROGRESS, AY","   61","B,,S","  211",",,S","   -6",",,S","  -46",",,S","  -35","H,,S"
"AYM00089574","2013-10-28","-69.383","76.383","64.0","PROGRESS, AY","    0","B,,S","  249",",,S","  -16",",,S",,,"  -77","H,,S"
"AYM00089574","2013-10-29","-69.383","76.383","64.0","PROGRESS, AY","    0","B,,S","  231",",,S","  -30",",,S"," -114",",,S","  -76","H,,S"
"AYM00089574","2013-10-30","-69.383","76.383","64.0","PROGRESS, AY","    0","B,,S","  170",",,S","  -34",",,S"," -142",",,S","  -92","H,,S"
"AYM00089574","2013-10-31","-69.383","76.383","64.0","PROGRESS, AY","    0","B,,S","  140",",,S","   -8",",,S"," -149",",,S","  -78","H,,S"
"AYM00089574","2013-11-01","-69.383","76.383","64.0","PROGRESS, AY","    0","B,,S","  130",",,S","  -16",",,S"," -110",",,S","  -59","H,,S"
"AYM00089574","2013-11-02","-69.383","76.383","64.0","PROGRESS, AY","    0","B,,S","   99",",,S","  -32",",,S"," -100",",,S","  -81","H,,S"
"AYM00089574","2013-11-03","-69.383","76.383","64.0","PROGRESS, AY","    0","B,,S","   89",",,S","  -52",",,S",,,"  -86","H,,S"
"AYM00089574","2013-11-04","-69.383","76.383","64.0","PROGRESS, AY","    0","B,,S","   79",",,S","  -79",",,S"," -131",",,S"," -103","H,,S"
"AYM00089574","2013-11-05","-69.383","76.383","64.0","PROGRESS, AY","    0","B,,S","   71",",,S","  -61",",,S",,," -114","H,,S"
"AYM00089574","2013-11-06","-69.383","76.383","64.0","PROGRESS, AY","    0","B,,S","   71",",,S","  -88",",,S",,," -131","H,,S"
"AYM00089574","2013-11-07","-69.383","76.383","64.0","PROGRESS, AY","    0","B,,S","   71",",,S","  -88",",,S"," -202",",,S"," -122","H,,S"
"AYM00089574","2013-11-08","-69.383","76.383","64.0","PROGRESS, AY","    0","B,,S","   71",",,S","  -71",",,S"," -150",",,S","  -93","H,,S"
"AYM00089574","2013-11-09","-69.383","76.383","64.0","PROGRESS, AY","    0","B,,S","   71",",,S","   -8",",,S"," -128",",,S","  -42","H,,S"
"AYM00089574","2013-11-10","-69.383","76.383","64.0","PROGRESS, AY","    3","B,,S","   71",",,S","    8",",,S","  -41",",,S","  -19","H,,S"
"AYM00089574","2013-11-11","-69.383","76.383","64.0","PROGRESS, AY","    0","B,,S","   51",",,S","  -31",",,S","  -83",",,S","  -49","H,,S"
"AYM00089574","2013-11-12","-69.383","76.383","64.0","PROGRESS, AY","    0","B,,S","   20",",,S","    6",",,S","  -47",",,S","  -27","H,,S"
"AYM00089574","2013-11-13","-69.383","76.383","64.0","PROGRESS, AY","    0","B,,S",,,"    4",",,S","  -54",",,S","  -32","H,,S"
"AYM00089574","2013-11-14","-69.383","76.383","64.0","PROGRESS, AY","    0","B,,S",,,"  -13",",,S","  -54",",,S","  -32","H,,S"
"AYM00089574","2013-11-15","-69.383","76.383","64.0","PROGRESS, AY","    0","B,,S",,,"  -16",",,S","  -60",",,S","  -40","H,,S"
"AYM00089574","2013-11-16","-69.383","76.383","64.0","PROGRESS, AY","   18","B,,S","   20",",,S","  -27",",,S","  -52",",,S","  -41","H,,S"
"AYM00089574","2013-11-17","-69.383","76.383","64.0","PROGRESS, AY","    5","B,,S","   10",",,S","   -6",",,S","  -44",",,S","  -21","H,,S"
"AYM00089574","2013-11-18","-69.383","76.383","64.0","PROGRESS, AY","  109","B,,S","   71",",,S",,,"  -24",",,S","    3","H,,S"
"AYM00089574","2013-11-19","-69.383","76.383","64.0","PROGRESS, AY","   10","B,,S","  371",",,S","    1",",,S",,,"   -6","H,,S"
"AYM00089574","2013-11-20","-69.383","76.383","64.0","PROGRESS, AY","    0","B,,S","  310",",,S","   52",",,S",,,"  -15","H,,S"
"AYM00089574","2013-11-21","-69.383","76.383","64.0","PROGRESS, AY","    0","B,,S","  269",",,S","  -20",",,S","  -74",",,S","  -44","H,,S"
"AYM00089574","2013-11-22","-69.383","76.383","64.0","PROGRESS, AY","    0","B,,S","  269",",,S","   -5",",,S","  -78",",,S","  -33","H,,S"
"AYM00089574","2013-11-23","-69.383","76.383","64.0","PROGRESS, AY","    0","B,,S","  249",",,S","  -12",",,S",,,"  -45","H,,S"
"AYM00089574","2013-11-26","-69.383","76.383","64.0","PROGRESS, AY","    0","B,,S","  201",",,S","   20",",,S","  -46",",,S","  -14","H,,S"
"AYM00089574","2013-11-27","-69.383","76.383","64.0","PROGRESS, AY","    0","B,,S","  191",",,S","   25",",,S","  -33",",,S","   13","H,,S"
"AYM00089574","2013-11-28","-69.383","76.383","64.0","PROGRESS, AY","    0","B,,S","  160",",,S","   33",",,S",,,"    7","H,,S"
"AYM00089574","2013-11-29","-69.383","76.383","64.0","PROGRESS, AY","    5","B,,S","  140",",,S","   59",",,S","  -41",",,S","   14","H,,S"
"AYM00089574","2013-11-30","-69.383","76.383","64.0","PROGRESS, AY","    0","B,,S","  109",",,S","   32",",,S",,,"    9","H,,S"
"AYM00089574","2013-12-02","-69.383","76.383","64.0","PROGRESS, AY","    5","B,,S","   79",",,S","   16",",,S","  -34",",,S","   -8","H,,S"
"AYM00089574","2013-12-03","-69.383","76.383","64.0","PROGRESS, AY","    5","B,,S","   79",",,S","   16",",,S","  -23",",,S","    1","H,,S"
"AYM00089574","2013-12-04","-69.383","76.383","64.0","PROGRESS, AY","    0","B,,S","   71",",,S","   40",",,S",,,"    1","H,,S"
"AYM00089574","2013-12-05","-69.383","76.383","64.0","PROGRESS, AY","    0","B,,S","   61",",,S","   18",",,S","  -36",",,S","  -11","H,,S"
"AYM00089574","2013-12-06","-69.383","76.383","64.0","PROGRESS, AY","    0","B,,S","   61",",,S","    3",",,S","  -56",",,S","  -22","H,,S"
"AYM00089574","2013-12-07","-69.383","76.383","64.0","PROGRESS, AY","   41","B,,S","   71",",,S","  -14",",,S","  -39",",,S","  -24","H,,S"
"AYM00089574","2013-12-08","-69.383","76.383","64.0","PROGRESS, AY","   41","B,,S","  119",",,S","   37",",,S",,,"   -7","H,,S"
"AYM00089574","2013-12-09","-69.383","76.383","64.0","PROGRESS, AY","    3","B,,S","   61",",,S","    3",",,S","  -34",",,S","  -13","H,,S"
"AYM00089574","2013-12-10","-69.383","76.383","64.0","PROGRESS, AY","    0","B,,S","   51",",,S","   19",",,S","  -13",",,S","   -1","H,,S"
"AYM00089574","2013-12-11","-69.383","76.383","64.0","PROGRESS, AY","    0","B,,S","   41",",,S","   43",",,S","  -12",",,S","   16","H,,S"
"AYM00089574","2013-12-12","-69.383","76.383","64.0","PROGRESS, AY","    0","B,,S","   41",",,S","   32",",,S",,,"    7","H,,S"
"AYM00089574","2013-12-13","-69.383","76.383","64.0","PROGRESS, AY","    0","B,,S","   30",",,S","    4",",,S","  -34",",,S","  -10","H,,S"
"AYM00089574","2013-12-14","-69.383","76.383","64.0","PROGRESS, AY","    0","B,,S","   20",",,S","   16",",,S","  -27",",,S","   -4","H,,S"
"AYM00089574","2013-12-15","-69.383","76.383","64.0","PROGRESS, AY","    0","B,,S","   10",",,S","   19",",,S","  -28",",,S","   -7","H,,S"
"AYM00089574","2013-12-16","-69.383","76.383","64.0","PROGRESS, AY","    0","B,,S",,,"    2",",,S","  -25",",,S","  -12","H,,S"
"AYM00089574","2013-12-17","-69.383","76.383","64.0","PROGRESS, AY","    0","B,,S",,,"   -7",",,S",,,"  -15","H,,S"
"AYM00089574","2013-12-18","-69.383","76.383","64.0","PROGRESS, AY","    0","B,,S",,,"   10",",,S",,,"   -9","H,,S"
"AYM00089574","2013-12-19","-69.383","76.383","64.0","PROGRESS, AY","    0","B,,S",,,"   26",",,S","  -29",",,S","   -4","H,,S"
"AYM00089574","2013-12-20","-69.383","76.383","64.0","PROGRESS, AY","    0","B,,S",,,"   -7",",,S","  -63",",,S","  -31","H,,S"
"AYM00089574","2013-12-21","-69.383","76.383","64.0","PROGRESS, AY","    0","B,,S",,,"   34",",,S","  -62",",,S","   -3","H,,S"
"AYM00089574","2013-12-22","-69.383","76.383","64.0","PROGRESS, AY","    0","B,,S",,,"   27",",,S","  -33",",,S","   -7","H,,S"
"AYM00089574","2013-12-23","-69.383","76.383","64.0","PROGRESS, AY","    0","B,,S",,,"   17",",,S","  -43",",,S","  -14","H,,S"
"AYM00089574","2013-12-24","-69.383","76.383","64.0","PROGRESS, AY","    0","B,,S",,,"   11",",,S","  -43",",,S","  -14","H,,S"
"AYM00089574","2013-12-26","-69.383","76.383","64.0","PROGRESS, AY","    0","B,,S",,,"   12",",,S","  -45",",,S","  -15","H,,S"
"AYM00089574","2013-12-27","-69.383","76.383","64.0","PROGRESS, AY","    0","B,,S",,,"   23",",,S","  -52",",,S","  -12","H,,S"
"AYM00089574","2013-12-28","-69.383","76.383","64.0","PROGRESS, AY","    0","B,,S",,,"   23",",,S","  -32",",,S","    1","H,,S"
"AYM00089574","2013-12-29","-69.383","76.383","64.0","PROGRESS, AY","    0","B,,S",,,"   27",",,S",,,"   -1","H,,S"
"AYM00089574","2013-12-30","-69.383","76.383","64.0","PROGRESS, AY","    0","B,,S",,,"   55",",,S","  -32",",,S","   16","H,,S"
"AYM00089574","2013-12-31","-69.383","76.383","64.0","PROGRESS, AY","    0","B,,S",,,"   66",",,S",,,"   29","H,,S"
"AYM00089574","2014-01-01","-69.383","76.383","64.0","PROGRESS, AY","    0","B,,S",,,"   62",",,S",,,"   19","H,,S"
"AYM00089574","2014-01-02","-69.383","76.383","64.0","PROGRESS, AY","    0","B,,S",,,"   38",",,S","  -29",",,S","   21","H,,S"
"AYM00089574","2014-01-03","-69.383","76.383","64.0","PROGRESS, AY","    0","B,,S",,,"   53",",,S",,,"   29","H,,S"
"AYM00089574","2014-01-04","-69.383","76.383","64.0","PROGRESS, AY","    0","B,,S",,,"   54",",,S","   -7",",,S","   20","H,,S"
"AYM00089574","2014-01-05","-69.383","76.383","64.0","PROGRESS, AY","    0","B,,S",,,"   75",",,S","   -6",",,S","   36","H,,S"
"AYM00089574","2014-01-06","-69.383","76.383","64.0","PROGRESS, AY","    0","B,,S",,,"   87",",,S","   13",",,S","   49","H,,S"
"AYM00089574","2014-01-07","-69.383","76.383","64.0","PROGRESS, AY","    0","B,,S",,,"   86",",,S","   31",",,S","   62","H,,S"
"AYM00089574","2014-01-08","-69.383","76.383","64.0","PROGRESS, AY","    0","B,,S",,,"   81",",,S","   31",",,S","   61","H,,S"
"AYM00089574","2014-01-09","-69.383","76.383","64.0","PROGRESS, AY","    0","B,,S",,,"   74",",,S","   38",",,S","   57","H,,S"
"AYM00089574","2014-01-10","-69.383","76.383","64.0","PROGRESS, AY","    0","B,,S",,,"   88",",,S","   20",",,S","   54","H,,S"
"AYM00089574","2014-01-11","-69.383","76.383","64.0","PROGRESS, AY","    0","B,,S",,,"   90",",,S",,,"   54","H,,S"
"AYM00089574","2014-01-12","-69.383","76.383","64.0","PROGRESS, AY","    0","B,,S",,,"   66",",,S",,,"   35","H,,S"
"AYM00089574","2014-01-13","-69.383","76.383","64.0","PROGRESS, AY","    0","B,,S",,,,,"  -14",",,S","   20","H,,S"
"AYM00089574","2014-01-14","-69.383","76.383","64.0","PROGRESS, AY","    0","B,,S",,,"   21",",,S","  -10",",,S","    4","H,,S"
"AYM00089574","2014-01-15","-69.383","76.383","64.0","PROGRESS, AY","   10","B,,S","   10",",,S","   32",",,S",,,"    6","H,,S"
"AYM00089574","2014-01-16","-69.383","76.383","64.0","PROGRESS, AY","    0","B,,S",,,"   42",",,S","  -22",",,S","   17","H,,S"
"AYM00089574","2014-01-17","-69.383","76.383","64.0","PROGRESS, AY","    0","B,,S",,,"   33",",,S",,,"    9","H,,S"
"AYM00089574","2014-01-18","-69.383","76.383","64.0","PROGRESS, AY","    0","B,,S",,,"   26",",,S","  -29",",,S","    7","H,,S"
"AYM00089574","2014-01-19","-69.383","76.383","64.0","PROGRESS, AY","    0","B,,S",,,"   43",",,S",,,"   24","H,,S"
"AYM00089574","2014-01-20","-69.383","76.383","64.0","PROGRESS, AY","    0","B,,S",,,"   45",",,S","   -8",",,S","   23","H,,S"
"AYM00089574","2014-01-21","-69.383","76.383","64.0","PROGRESS, AY","    0","B,,S",,,"   33",",,S",,,"    2","H,,S"
"AYM00089574","2014-01-22","-69.383","76.383","64.0","PROGRESS, AY","    0","B,,S",,,"   21",",,S","  -48",",,S","   -3","H,,S"
"AYM00089574","2014-01-24","-69.383","76.383","64.0","PROGRESS, AY","    0","B,,S",,,"   19",",,S",,,"   -8","H,,S"
"AYM00089574","2014-01-25","-69.383","76.383","64.0","PROGRESS, AY","    0","B,,S",,,"   11",",,S","  -46",",,S","  -12","H,,S"
"AYM00089574","2014-01-26","-69.383","76.383","64.0","PROGRESS, AY","    0","B,,S",,,"   16",",,S","  -34",",,S","  -13","H,,S"
"AYM00089574","2014-01-27","-69.383","76.383","64.0","PROGRESS, AY","    5","B,,S",,,"  -11",",,S","  -32",",,S","  -25","H,,S"
"AYM00089574","2014-01-28","-69.383","76.383","64.0","PROGRESS, AY","    8","B,,S",,,"    4",",,S","  -32",",,S","  -14","H,,S"
"AYM00089574","2014-01-29","-69.383","76.383","64.0","PROGRESS, AY","    0","B,,S",,,"    5",",,S","  -31",",,S","  -16","H,,S"
"AYM00089574","2014-01-30","-69.383","76.383","64.0","PROGRESS, AY","    3","B,,S",,,"  -13",",,S",,,"  -25","H,,S"
"AYM00089574","2014-01-31","-69.383","76.383","64.0","PROGRESS, AY","   20","B,,S",,,"   13",",,S","  -37",",,S","  -13","H,,S"
"AYM00089574","2014-02-01","-69.383","76.383","64.0","PROGRESS, AY","    0","B,,S",,,"   18",",,S","  -21",",,S","   -6","H,,S"
"AYM00089574","2014-02-02","-69.383","76.383","64.0","PROGRESS, AY","    3","B,,S",,,"   16",",,S","  -30",",,S","  -12","H,,S"
"AYM00089574","2014-02-03","-69.383","76.383","64.0","PROGRESS, AY","    0","B,,S",,,"   18",",,S","  -48",",,S","  -20","H,,S"
"AYM00089574","2014-02-04","-69.383","76.383","64.0","PROGRESS, AY","    0","B,,S",,,"   -5",",,S","  -65",",,S","  -31","H,,S"
"AYM00089574","2014-02-05","-69.383","76.383","64.0","PROGRESS, AY","    0","B,,S",,,"  -24",",,S","  -48",",,S","  -34","H,,S"
"AYM00089574","2014-02-06","-69.383","76.383","64.0","PROGRESS, AY","   20","B,,S","   10",",,S","  -17",",,S","  -59",",,S","  -41","H,,S"
"AYM00089574","2014-02-07","-69.383","76.383","64.0","PROGRESS, AY","    3","B,,S","   10",",,S","  -23",",,S","  -93",",,S","  -48","H,,S"
"AYM00089574","2014-02-08","-69.383","76.383","64.0","PROGRESS, AY","    0","B,,S",,,"   11",",,S","  -69",",,S","  -28","H,,S"
"AYM00089574","2014-02-09","-69.383","76.383","64.0","PROGRESS, AY","    0","B,,S",,,"    3",",,S","  -64",",,S","  -26","H,,S"
"AYM00089574","2014-02-10","-69.383","76.383","64.0","PROGRESS, AY","    0","B,,S",,,"   -2",",,S",,,"  -20","H,,S"
"AYM00089574","2014-02-11","-69.383","76.383","64.0","PROGRESS, AY","    0","B,,S",,,"    4",",,S","  -43",",,S","  -18","H,,S"
"AYM00089574","2014-02-13","-69.383","76.383","64.0","PROGRESS, AY","    0","B,,S",,,"  -12",",,S","  -41",",,S","  -23","H,,S"
"AYM00089574","2014-02-14","-69.383","76.383","64.0","PROGRESS, AY","    3","B,,S","   10",",,S",,,"  -32",",,S","   -8","H,,S"
"AYM00089574","2014-02-16","-69.383","76.383","64.0","PROGRESS, AY","    0","B,,S",,,,,"  -36",",,S","  -26","H,,S"
"AYM00089574","2014-02-17","-69.383","76.383","64.0","PROGRESS, AY","    0","B,,S",,,,,"  -32",",,S","  -12","H,,S"
"AYM00089574","2014-02-18","-69.383","76.383","64.0","PROGRESS, AY","    0","B,,S",,,,,,,"   -5","H,,S"
"AYM00089574","2014-02-19","-69.383","76.383","64.0","PROGRESS, AY","    0","B,,S",,,"   24",",,S","  -25",",,S","    2","H,,S"
"AYM00089574","2014-02-21","-69.383","76.383","64.0","PROGRESS, AY","   20","B,,S","   10",",,S","   23",",,S","   -4",",,S","    5","H,,S"
"AYM00089574","2014-02-22","-69.383","76.383","64.0","PROGRESS, AY","    0","B,,S",,,"   22",",,S",,,"    0","H,,S"
"AYM00089574","2014-02-23","-69.383","76.383","64.0","PROGRESS, AY","    0","B,,S",,,,,,,"  -53","H,,S"
"AYM00089574","2014-02-24","-69.383","76.383","64.0","PROGRESS, AY","    0","B,,S",,,"  -32",",,S","  -91",",,S","  -50","H,,S"
"AYM00089574","2014-02-25","-69.383","76.383","64.0","PROGRESS, AY","   41","B,,S",,,"  -38",",,S",,,"  -73","H,,S"
"AYM00089574","2014-02-26","-69.383","76.383","64.0","PROGRESS, AY","    0","B,,S",,,"  -20",",,S","  -97",",,S","  -63","H,,S"
"AYM00089574","2014-02-27","-69.383","76.383","64.0","PROGRESS, AY","    0","B,,S","   10",",,S","  -46",",,S","  -99",",,S","  -72","H,,S"
"AYM00089574","2014-02-28","-69.383","76.383","64.0","PROGRESS, AY","    0","B,,S","   10",",,S",,,"  -73",",,S","  -62","H,,S"
"AYM00089574","2014-03-01","-69.383","76.383","64.0","PROGRESS, AY","    0","B,,S","   10",",,S","  -22",",,S","  -53",",,S","  -34","H,,S"
"AYM00089574","2014-03-02","-69.383","76.383","64.0","PROGRESS, AY","    0","B,,S","   10",",,S","  -27",",,S","  -58",",,S","  -47","H,,S"
"AYM00089574","2014-03-03","-69.383","76.383","64.0","PROGRESS, AY","    0","B,,S",,,"  -27",",,S","  -72",",,S","  -47","H,,S"
"AYM00089574","2014-03-04","-69.383","76.383","64.0","PROGRESS, AY","    0","B,,S",,,"   -5",",,S","  -38",",,S","  -23","H,,S"
"AYM00089574","2014-03-05","-69.383","76.383","64.0","PROGRESS, AY","    3","B,,S",,,"   14",",,S","  -19",",,S","    4","H,,S"
"AYM00089574","2014-03-06","-69.383","76.383","64.0","PROGRESS, AY","    0","B,,S",,,"  -14",",,S",,,"  -24","H,,S"
"AYM00089574","2014-03-07","-69.383","76.383","64.0","PROGRESS, AY","    0","B,,S",,,"  -42",",,S",,,"  -49","H,,S"
"AYM00089574","2014-03-08","-69.383","76.383","64.0","PROGRESS, AY","    0","B,,S",,,"  -42",",,S",,,"  -57","H,,S"
"AYM00089574","2014-03-09","-69.383","76.383","64.0","PROGRESS, AY","    0","B,,S",,,"  -68",",,S","  -86",",,S","  -78","H,,S"
"AYM00089574","2014-03-10","-69.383","76.383","64.0","PROGRESS, AY","    0","B,,S",,,"  -62",",,S","  -97",",,S","  -77","H,,S"
"AYM00089574","2014-03-11","-69.383","76.383","64.0","PROGRESS, AY","    0","B,,S",,,,,"  -76",",,S","  -54","H,,S"
"AYM00089574","2014-03-12","-69.383","76.383","64.0","PROGRESS, AY","   71","B,,S","   10",",,S","  -37",",,S","  -51",",,S","  -45","H,,S"
"AYM00089574","2014-03-13","-69.383","76.383","64.0","PROGRESS, AY","   56","B,,S","  130",",,S","  -53",",,S",,,"  -60","H,,S"
"AYM00089574","2014-03-14","-69.383","76.383","64.0","PROGRESS, AY","    0","B,,S","   71",",,S","  -82",",,S",,,"  -92","H,,S"
"AYM00089574","2014-03-15","-69.383","76.383","64.0","PROGRESS, AY",,,"   71",",,S",,," -107",",,S","  -97","H,,S"
"AYM00089574","2014-03-16","-69.383","76.383","64.0","PROGRESS, AY","    0","B,,S","   71",",,S",,," -114",",,S"," -104","H,,S"
"AYM00089574","2014-03-17","-69.383","76.383","64.0","PROGRESS, AY","   36","B,,S","   79",",,S","  -90",",,S",,," -135","H,,S"
"AYM00089574","2014-03-18","-69.383","76.383","64.0","PROGRESS, AY","   18","B,,S","  119",",,S"," -117",",,S",,," -161","H,,S"
"AYM00089574","2014-03-19","-69.383","76.383","64.0","PROGRESS, AY","   10","B,,S","  119",",,S"," -153",",,S"," -223",",,S"," -169","H,,S"
"AYM00089574","2014-03-20","-69.383","76.383","64.0","PROGRESS, AY","    0","B,,S","  119",",,S",,," -213",",,S"," -159","H,,S"
"AYM00089574","2014-03-21","-69.383","76.383","64.0","PROGRESS, AY","    0","B,,S","  109",",,S"," -126",",,S"," -166",",,S"," -143","H,,S"
"AYM00089574","2014-03-22","-69.383","76.383","64.0","PROGRESS, AY","    0","B,,S","  109",",,S"," -117",",,S"," -152",",,S"," -142","H,,S"
"AYM00089574","2014-03-23","-69.383","76.383","64.0","PROGRESS, AY","    0","B,,S","  119",",,S"," -155",",,S",,," -165","H,,S"
"AYM00089574","2014-03-24","-69.383","76.383","64.0","PROGRESS, AY","   10","B,,S","  119",",,S"," -160",",,S",,," -175","H,,S"
"AYM00089574","2014-03-25","-69.383","76.383","64.0","PROGRESS, AY","   41","B,,S","  160",",,S",,," -202",",,S"," -177","H,,S"
"AYM00089574","2014-03-27","-69.383","76.383","64.0","PROGRESS, AY","   89","B,,S","  259",",,S","  -85",",,S"," -183",",,S"," -119","H,,S"
"AYM00089574","2014-03-28","-69.383","76.383","64.0","PROGRESS, AY","    0","B,,S","  259",",,S","  -82",",,S"," -119",",,S"," -102","H,,S"
"AYM00089574","2014-03-29","-69.383","76.383","64.0","PROGRESS, AY","    0","B,,S","  259",",,S"," -126",",,S",,," -142","H,,S"
"AYM00089574","2014-03-30","-69.383","76.383","64.0","PROGRESS, AY","    0","B,,S","  259",",,S",,," -178",",,S"," -156","H,,S"
"AYM00089574","2014-03-31","-69.383","76.383","64.0","PROGRESS, AY","   79","B,,S","  180",",,S","  -83",",,S"," -162",",,S"," -102","H,,S"
"AYM00089574","2014-04-01","-69.383","76.383","64.0","PROGRESS, AY","   41","B,,S","  290",",,S"," -129",",,S",,," -146","H,,S"
"AYM00089574","2014-04-02","-69.383","76.383","64.0","PROGRESS, AY","    5","B,,S","  249",",,S"," -111",",,S"," -173",",,S"," -133","H,,S"
"AYM00089574","2014-04-03","-69.383","76.383","64.0","PROGRESS, AY","    5","B,,S","  191",",,S"," -150",",,S",,," -161","H,,S"
"AYM00089574","2014-04-04","-69.383","76.383","64.0","PROGRESS, AY","    0","B,,S","  170",",,S"," -121",",,S"," -181",",,S"," -140","H,,S"
"AYM00089574","2014-04-05","-69.383","76.383","64.0","PROGRESS, AY","    0","B,,S","  170",",,S",,," -154",",,S"," -142","H,,S"
"AYM00089574","2014-04-06","-69.383","76.383","64.0","PROGRESS, AY","    3","B,,S","  170",",,S","  -99",",,S"," -142",",,S"," -114","H,,S"
"AYM00089574","2014-04-07","-69.383","76.383","64.0","PROGRESS, AY","    0","B,,S","  170",",,S"," -133",",,S",,," -140","H,,S"
"AYM00089574","2014-04-08","-69.383","76.383","64.0","PROGRESS, AY","    0","B,,S","  170",",,S",,,,," -176","H,,S"
"AYM00089574","2014-04-09","-69.383","76.383","64.0","PROGRESS, AY","    0","B,,S","  170",",,S",,," -201",",,S"," -192","H,,S"
"AYM00089574","2014-04-10","-69.383","76.383","64.0","PROGRESS, AY","   10","B,,S","  170",",,S"," -117",",,S"," -193",",,S"," -148","H,,S"
"AYM00089574","2014-04-11","-69.383","76.383","64.0","PROGRESS, AY","    0","B,,S","  170",",,S","  -92",",,S"," -173",",,S"," -113","H,,S"
"AYM00089574","2014-04-12","-69.383","76.383","64.0","PROGRESS, AY","    0","B,,S","  170",",,S","  -70",",,S"," -102",",,S","  -80","H,,S"
"AYM00089574","2014-04-13","-69.383","76.383","64.0","PROGRESS, AY","    0","B,,S","  170",",,S","  -78",",,S",,,"  -96","H,,S"
"AYM00089574","2014-04-14","-69.383","76.383","64.0","PROGRESS, AY","    0","B,,S","  170",",,S"," -125",",,S"," -194",",,S"," -147","H,,S"
"AYM00089574","2014-04-15","-69.383","76.383","64.0","PROGRESS, AY","    0","B,,S","  170",",,S"," -162",",,S",,," -171","H,,S"
"AYM00089574","2014-04-16","-69.383","76.383","64.0","PROGRESS, AY","    0","B,,S","  160",",,S",,," -206",",,S"," -184","H,,S"
"AYM00089574","2014-04-17","-69.383","76.383","64.0","PROGRESS, AY","    0","B,,S","  160",",,S",,,,," -237","H,,S"
"AYM00089574","2014-04-18","-69.383","76.383","64.0","PROGRESS, AY","    0","B,,S","  160",",,S",,," -250",",,S"," -112","H,,S"
"AYM00089574","2014-04-19","-69.383","76.383","64.0","PROGRESS, AY","   10","B,,S","  109",",,S","  -63",",,S"," -107",",,S","  -72","H,,S"
"AYM00089574","2014-04-20","-69.383","76.383","64.0","PROGRESS, AY","    0","B,,S","   99",",,S","  -95",",,S",,," -102","H,,S"
"AYM00089574","2014-04-21","-69.383","76.383","64.0","PROGRESS, AY","    0","B,,S","   79",",,S"," -123",",,S",,," -135","H,,S"
"AYM00089574","2014-04-22","-69.383","76.383","64.0","PROGRESS, AY","    0","B,,S","   79",",,S","  -98",",,S"," -148",",,S"," -110","H,,S"
"AYM00089574","2014-04-23","-69.383","76.383","64.0","PROGRESS, AY","    0","B,,S","   79",",,S"," -127",",,S",,," -132","H,,S"
"AYM00089574","2014-04-24","-69.383","76.383","64.0","PROGRESS, AY","    0","B,,S","   79",",,S"," -131",",,S"," -137",",,S"," -135","H,,S"
"AYM00089574","2014-04-25","-69.383","76.383","64.0","PROGRESS, AY","    0","B,,S","   79",",,S"," -127",",,S",,," -148","H,,S"
"AYM00089574","2014-04-26","-69.383","76.383","64.0","PROGRESS, AY","    0","B,,S","   79",",,S",,," -195",",,S"," -162","H,,S"
"AYM00089574","2014-04-27","-69.383","76.383","64.0","PROGRESS, AY","    0","B,,S","   79",",,S",,,,," -161","H,,S"
"AYM00089574","2014-04-28","-69.383","76.383","64.0","PROGRESS, AY","    0","B,,S","   79",",,S"," -176",",,S"," -191",",,S"," -184","H,,S"
"AYM00089574","2014-04-29","-69.383","76.383","64.0","PROGRESS, AY","    0","B,,S","   79",",,S",,,,," -195","H,,S"
"AYM00089574","2014-04-30","-69.383","76.383","64.0","PROGRESS, AY","    3","B,,S","   79",",,S"," -162",",,S"," -218",",,S"," -177","H,,S"
"AYM00089574","2014-05-01","-69.383","76.383","64.0","PROGRESS, AY","    3","B,,S","   79",",,S",,," -171",",,S"," -133","H,,S"
"AYM00089574","2014-05-02","-69.383","76.383","64.0","PROGRESS, AY","    5","B,,S","   51",",,S","  -79",",,S",,," -109","H,,S"
"AYM00089574","2014-05-04","-69.383","76.383","64.0","PROGRESS, AY","    3","B,,S","   30",",,S",,," -166",",,S"," -161","H,,S"
"AYM00089574","2014-05-05","-69.383","76.383","64.0","PROGRESS, AY","    0","B,,S","   30",",,S",,," -166",",,S"," -133","H,,S"
"AYM00089574","2014-05-06","-69.383","76.383","64.0","PROGRESS, AY","    0","B,,S","   30",",,S",,,,," -143","H,,S"
"AYM00089574","2014-05-07","-69.383","76.383","64.0","PROGRESS, AY","    0","B,,S","   30",",,S",,," -149",",,S"," -117","H,,S"
"AYM00089574","2014-05-08","-69.383","76.383","64.0","PROGRESS, AY","    0","B,,S","   30",",,S",,," -123",",,S","  -72","H,,S"
"AYM00089574","2014-05-10","-69.383","76.383","64.0","PROGRESS, AY","    3","B,,S","   51",",,S",,,"  -58",",,S","  -30","H,,S"
"AYM00089574","2014-05-11","-69.383","76.383","64.0","PROGRESS, AY","    0","B,,S","   30",",,S","  -36",",,S",,,"  -57","H,,S"
"AYM00089574","2014-05-12","-69.383","76.383","64.0","PROGRESS, AY","    0","B,,S","   30",",,S","  -79",",,S",,," -121","H,,S"
"AYM00089574","2014-05-13","-69.383","76.383","64.0","PROGRESS, AY","    0","B,,S","   30",",,S",,," -167",",,S"," -125","H,,S"
"AYM00089574","2014-05-14","-69.383","76.383","64.0","PROGRESS, AY",,,"   30",",,S","  -89",",,S",,," -125","H,,S"
"AYM00089574","2014-05-15","-69.383","76.383","64.0","PROGRESS, AY","    0","B,,S","   30",",,S"," -163",",,S",,," -179","H,,S"
"AYM00089574","2014-05-16","-69.383","76.383","64.0","PROGRESS, AY","    0","B,,S","   30",",,S",,,,," -202","H,,S"
"AYM00089574","2014-05-17","-69.383","76.383","64.0","PROGRESS, AY","    0","B,,S","   30",",,S"," -164",",,S"," -204",",,S"," -175","H,,S"
"AYM00089574","2014-05-18","-69.383","76.383","64.0","PROGRESS, AY","   20","B,,S","   30",",,S"," -146",",,S"," -169",",,S"," -154","H,,S"
"AYM00089574","2014-05-19","-69.383","76.383","64.0","PROGRESS, AY","   15","B,,S","   79",",,S"," -159",",,S",,," -172","H,,S"
"AYM00089574","2014-05-20","-69.383","76.383","64.0","PROGRESS, AY","    5","B,,S","   61",",,S",,," -183",",,S","  -67","H,,S"
"AYM00089574","2014-05-21","-69.383","76.383","64.0","PROGRESS, AY","   20","B,,S","   79",",,S","  -28",",,S","  -46",",,S","  -38","H,,S"
"AYM00089574","2014-05-22","-69.383","76.383","64.0","PROGRESS, AY","   15","B,,S","  119",",,S","  -31",",,S","  -52",",,S","  -42","H,,S"
"AYM00089574","2014-05-23","-69.383","76.383","64.0","PROGRESS, AY","   15","B,,S","   61",",,S","  -39",",,S",,,"  -48","H,,S"
"AYM00089574","2014-05-24","-69.383","76.383","64.0","PROGRESS, AY","   10","B,,S","   61",",,S","  -48",",,S",,,"  -54","H,,S"
"AYM00089574","2014-05-25","-69.383","76.383","64.0","PROGRESS, AY","   10","B,,S","   61",",,S","  -33",",,S",,,"  -48","H,,S"
"AYM00089574","2014-05-26","-69.383","76.383","64.0","PROGRESS, AY","   79","B,,S","   89",",,S","  -26",",,S",,,"  -36","H,,S"
"AYM00089574","2014-05-27","-69.383","76.383","64.0","PROGRESS, AY","    5","B,,S","   71",",,S","  -10",",,S","  -56",",,S","  -24","H,,S"
"AYM00089574","2014-05-28","-69.383","76.383","64.0","PROGRESS, AY","   30","B,,S","   71",",,S","  -33",",,S",,,"  -42","H,,S"
"AYM00089574","2014-05-29","-69.383","76.383","64.0","PROGRESS, AY","    0","B,,S","   71",",,S","  -82",",,S",,,"  -93","H,,S"
"AYM00089574","2014-05-30","-69.383","76.383","64.0","PROGRESS, AY","    0","B,,S","   51",",,S",,,,," -140","H,,S"
"AYM00089574","2014-05-31","-69.383","76.383","64.0","PROGRESS, AY","    0","B,,S","   51",",,S"," -155",",,S",,," -163","H,,S"
"AYM00089574","2014-06-01","-69.383","76.383","64.0","PROGRESS, AY","    0","B,,S","   51",",,S"," -173",",,S",,," -181","H,,S"
"AYM00089574","2014-06-02","-69.383","76.383","64.0","PROGRESS, AY","    0","B,,S","   51",",,S",,,,," -210","H,,S"
"AYM00089574","2014-06-03","-69.383","76.383","64.0","PROGRESS, AY","    0","B,,S","   51",",,S"," -239",",,S",,," -246","H,,S"
"AYM00089574","2014-06-04","-69.383","76.383","64.0","PROGRESS, AY","    0","B,,S","   51",",,S"," -206",",,S"," -278",",,S"," -228","H,,S"
"AYM00089574","2014-06-05","-69.383","76.383","64.0","PROGRESS, AY","    0","B,,S","   51",",,S"," -231",",,S",,," -242","H,,S"
"AYM00089574","2014-06-06","-69.383","76.383","64.0","PROGRESS, AY","    0","B,,S","   51",",,S",,," -251",",,S"," -205","H,,S"
"AYM00089574","2014-06-07","-69.383","76.383","64.0","PROGRESS, AY","    5","B,,S","   51",",,S"," -170",",,S",,," -208","H,,S"
"AYM00089574","2014-06-08","-69.383","76.383","64.0","PROGRESS, AY","    0","B,,S","   51",",,S",,,,," -221","H,,S"
"AYM00089574","2014-06-09","-69.383","76.383","64.0","PROGRESS, AY","    3","B,,S","   30",",,S"," -184",",,S"," -232",",,S"," -199","H,,S"
"AYM00089574","2014-06-10","-69.383","76.383","64.0","PROGRESS, AY","    0","B,,S","   30",",,S",,," -256",",,S"," -222","H,,S"
"AYM00089574","2014-06-11","-69.383","76.383","64.0","PROGRESS, AY","    3","B,,S","   30",",,S"," -146",",,S"," -224",",,S"," -162","H,,S"
"AYM00089574","2014-06-12","-69.383","76.383","64.0","PROGRESS, AY","    0","B,,S","   30",",,S"," -148",",,S"," -221",",,S"," -192","H,,S"
"AYM00089574","2014-06-13","-69.383","76.383","64.0","PROGRESS, AY","    0","B,,S","   30",",,S"," -201",",,S",,," -215","H,,S"
"AYM00089574","2014-06-14","-69.383","76.383","64.0","PROGRESS, AY","    0","B,,S","   30",",,S"," -193",",,S"," -262",",,S"," -210","H,,S"
"AYM00089574","2014-06-15","-69.383","76.383","64.0","PROGRESS, AY","    0","B,,S","   30",",,S"," -264",",,S",,," -273","H,,S"
"AYM00089574","2014-06-16","-69.383","76.383","64.0","PROGRESS, AY","    0","B,,S","   30",",,S"," -175",",,S"," -283",",,S"," -219","H,,S"
"AYM00089574","2014-06-17","-69.383","76.383","64.0","PROGRESS, AY","   20","B,,S","   30",",,S"," -201",",,S"," -211",",,S"," -205","H,,S"
"AYM00089574","2014-06-18","-69.383","76.383","64.0","PROGRESS, AY","   41","B,,S","   71",",,S"," -198",",,S"," -222",",,S"," -209","H,,S"
"AYM00089574","2014-06-19","-69.383","76.383","64.0","PROGRESS, AY","   13","B,,S","   79",",,S",,,,," -297","H,,S"
"AYM00089574","2014-06-20","-69.383","76.383","64.0","PROGRESS, AY","    5","B,,S","   79",",,S"," -128",",,S",,," -153","H,,S"
"AYM00089574","2014-06-21","-69.383","76.383","64.0","PROGRESS, AY","   23","B,,S","   99",",,S",,," -137",",,S"," -109","H,,S"
"AYM00089574","2014-06-22","-69.383","76.383","64.0","PROGRESS, AY","    0","B,,S","   89",",,S",,," -117",",,S","  -79","H,,S"
"AYM00089574","2014-06-23","-69.383","76.383","64.0","PROGRESS, AY","    0","B,,S","   71",",,S","  -62",",,S","  -81",",,S","  -72","H,,S"
"AYM00089574","2014-06-24","-69.383","76.383","64.0","PROGRESS, AY","   15","B,,S","   79",",,S",,,,,"  -94","H,,S"
"AYM00089574","2014-06-25","-69.383","76.383","64.0","PROGRESS, AY","    5","B,,S","   79",",,S"," -101",",,S"," -123",",,S"," -114","H,,S"
"AYM00089574","2014-06-26","-69.383","76.383","64.0","PROGRESS, AY","    0","B,,S","   71",",,S",,," -153",",,S"," -122","H,,S"
"AYM00089574","2014-06-27","-69.383","76.383","64.0","PROGRESS, AY","    0","B,,S","   51",",,S","  -79",",,S"," -110",",,S","  -94","H,,S"
"AYM00089574","2014-06-28","-69.383","76.383","64.0","PROGRESS, AY","    0","B,,S","   41",",,S"," -110",",,S",,," -115","H,,S"
"AYM00089574","2014-06-29","-69.383","76.383","64.0","PROGRESS, AY","    0","B,,S","   41",",,S"," -117",",,S",,," -148","H,,S"
"AYM00089574","2014-06-30","-69.383","76.383","64.0","PROGRESS, AY","    0","B,,S","   41",",,S",,,,," -183","H,,S"
"AYM00089574","2014-07-01","-69.383","76.383","64.0","PROGRESS, AY","    0","B,,S","   41",",,S",,,,," -242","H,,S"
"AYM00089574","2014-07-02","-69.383","76.383","64.0","PROGRESS, AY","    0","B,,S","   41",",,S",,," -245",",,S"," -196","H,,S"
"AYM00089574","2014-07-03","-69.383","76.383","64.0","PROGRESS, AY","    0","B,,S","   41",",,S"," -178",",,S",,," -203","H,,S"
"AYM00089574","2014-07-04","-69.383","76.383","64.0","PROGRESS, AY","    0","B,,S","   41",",,S"," -176",",,S"," -238",",,S"," -202","H,,S"
"AYM00089574","2014-07-05","-69.383","76.383","64.0","PROGRESS, AY","    0","B,,S","   41",",,S"," -153",",,S"," -189",",,S"," -169","H,,S"
"AYM00089574","2014-07-06","-69.383","76.383","64.0","PROGRESS, AY","    0","B,,S","   51",",,S"," -159",",,S",,," -189","H,,S"
"AYM00089574","2014-07-07","-69.383","76.383","64.0","PROGRESS, AY","    0","B,,S","   51",",,S",,," -229",",,S"," -144","H,,S"
"AYM00089574","2014-07-08","-69.383","76.383","64.0","PROGRESS, AY","    0","B,,S","   51",",,S","  -99",",,S",,," -117","H,,S"
"AYM00089574","2014-07-09","-69.383","76.383","64.0","PROGRESS, AY","    8","B,,S","   51",",,S"," -135",",,S",,," -151","H,,S"
"AYM00089574","2014-07-10","-69.383","76.383","64.0","PROGRESS, AY","    0","B,,S","   51",",,S"," -179",",,S",,," -190","H,,S"
"AYM00089574","2014-07-11","-69.383","76.383","64.0","PROGRESS, AY","    0","B,,S","   51",",,S"," -191",",,S",,," -204","H,,S"
"AYM00089574","2014-07-13","-69.383","76.383","64.0","PROGRESS, AY","    0","B,,S","   51",",,S"," -122",",,S"," -150",",,S"," -130","H,,S"
"AYM00089574","2014-07-14","-69.383","76.383","64.0","PROGRESS, AY","    0","B,,S","   51",",,S",,," -145",",,S"," -130","H,,S"
"AYM00089574","2014-07-15","-69.383","76.383","64.0","PROGRESS, AY","    0","B,,S","   51",",,S"," -130",",,S"," -143",",,S"," -135","H,,S"
"AYM00089574","2014-07-16","-69.383","76.383","64.0","PROGRESS, AY","    0","B,,S","   51",",,S","  -66",",,S"," -143",",,S","  -97","H,,S"
"AYM00089574","2014-07-17","-69.383","76.383","64.0","PROGRESS, AY","    0","B,,S","   41",",,S","  -82",",,S",,," -103","H,,S"
"AYM00089574","2014-07-18","-69.383","76.383","64.0","PROGRESS, AY","    0","B,,S","   41",",,S"," -114",",,S",,," -149","H,,S"
"AYM00089574","2014-07-19","-69.383","76.383","64.0","PROGRESS, AY","    0","B,,S","   41",",,S"," -165",",,S"," -208",",,S"," -188","H,,S"
"AYM00089574","2014-07-20","-69.383","76.383","64.0","PROGRESS, AY","    0","B,,S","   41",",,S"," -161",",,S",,," -190","H,,S"
"AYM00089574","2014-07-21","-69.383","76.383","64.0","PROGRESS, AY","    0","B,,S","   41",",,S"," -229",",,S"," -247",",,S"," -239","H,,S"
"AYM00089574","2014-07-22","-69.383","76.383","64.0","PROGRESS, AY","    0","B,,S","   30",",,S"," -210",",,S"," -258",",,S"," -228","H,,S"
"AYM00089574","2014-07-23","-69.383","76.383","64.0","PROGRESS, AY","    0","B,,S","   30",",,S",,," -224",",,S"," -203","H,,S"
"AYM00089574","2014-07-24","-69.383","76.383","64.0","PROGRESS, AY","    0","B,,S","   30",",,S"," -161",",,S",,," -183","H,,S"
"AYM00089574","2014-07-25","-69.383","76.383","64.0","PROGRESS, AY","    0","B,,S","   30",",,S"," -198",",,S"," -221",",,S"," -209","H,,S"
"AYM00089574","2014-07-26","-69.383","76.383","64.0","PROGRESS, AY","    0","B,,S","   30",",,S"," -179",",,S"," -230",",,S"," -198","H,,S"
"AYM00089574","2014-07-27","-69.383","76.383","64.0","PROGRESS, AY","    0","B,,S","   30",",,S",,," -221",",,S"," -186","H,,S"
"AYM00089574","2014-07-28","-69.383","76.383","64.0","PROGRESS, AY","    0","B,,S","   30",",,S","  -99",",,S"," -182",",,S"," -123","H,,S"
"AYM00089574","2014-07-29","-69.383","76.383","64.0","PROGRESS, AY","    0","B,,S","   30",",,S"," -167",",,S",,," -189","H,,S"
"AYM00089574","2014-07-30","-69.383","76.383","64.0","PROGRESS, AY","    0","B,,S","   30",",,S"," -220",",,S",,," -254","H,,S"
"AYM00089574","2014-07-31","-69.383","76.383","64.0","PROGRESS, AY","    0","B,,S","   30",",,S",,," -308",",,S"," -207","H,,S"
"AYM00089574","2014-08-01","-69.383","76.383","64.0","PROGRESS, AY","    0","B,,S","   30",",,S",,," -176",",,S"," -113","H,,S"
"AYM00089574","2014-08-02","-69.383","76.383","64.0","PROGRESS, AY","    0","B,,S","   30",",,S",,,,,"  -98","H,,S"
"AYM00089574","2014-08-03","-69.383","76.383","64.0","PROGRESS, AY","    0","B,,S","   30",",,S"," -137",",,S",,," -153","H,,S"
"AYM00089574","2014-08-04","-69.383","76.383","64.0","PROGRESS, AY","    0","B,,S","   30",",,S"," -145",",,S"," -178",",,S"," -150","H,,S"
"AYM00089574","2014-08-05","-69.383","76.383","64.0","PROGRESS, AY","    0","B,,S","   30",",,S",,,,," -143","H,,S"
"AYM00089574","2014-08-06","-69.383","76.383","64.0","PROGRESS, AY","    0","B,,S","   20",",,S",,,,," -146","H,,S"
"AYM00089574","2014-08-07","-69.383","76.383","64.0","PROGRESS, AY","    0","B,,S","   20",",,S"," -166",",,S",,," -183","H,,S"
"AYM00089574","2014-08-08","-69.383","76.383","64.0","PROGRESS, AY","    0","B,,S","   20",",,S",,," -194",",,S"," -165","H,,S"
"AYM00089574","2014-08-09","-69.383","76.383","64.0","PROGRESS, AY","    0","B,,S","   20",",,S","  -86",",,S"," -160",",,S"," -110","H,,S"
"AYM00089574","2014-08-11","-69.383","76.383","64.0","PROGRESS, AY","   20","B,,S","   20",",,S",,,,," -133","H,,S"
"AYM00089574","2014-08-12","-69.383","76.383","64.0","PROGRESS, AY","    5","B,,S","   30",",,S"," -162",",,S",,," -173","H,,S"
"AYM00089574","2014-08-13","-69.383","76.383","64.0","PROGRESS, AY","    8","B,,S","   30",",,S"," -127",",,S"," -199",",,S"," -147","H,,S"
"AYM00089574","2014-08-14","-69.383","76.383","64.0","PROGRESS, AY","  201","B,,S","   71",",,S","  -73",",,S"," -137",",,S","  -89","H,,S"
"AYM00089574","2014-08-15","-69.383","76.383","64.0","PROGRESS, AY","   10","B,,S","  160",",,S",,,,," -113","H,,S"
"AYM00089574","2014-08-16","-69.383","76.383","64.0","PROGRESS, AY","    0","B,,S","  160",",,S",,," -139",",,S"," -120","H,,S"
"AYM00089574","2014-08-17","-69.383","76.383","64.0","PROGRESS, AY","    0","B,,S","   30",",,S"," -118",",,S",,," -129","H,,S"
"AYM00089574","2014-08-18","-69.383","76.383","64.0","PROGRESS, AY","    0","B,,S","   30",",,S"," -161",",,S",,," -182","H,,S"
"AYM00089574","2014-08-19","-69.383","76.383","64.0","PROGRESS, AY","    0","B,,S","   10",",,S"," -214",",,S",,," -228","H,,S"
"AYM00089574","2014-08-20","-69.383","76.383","64.0","PROGRESS, AY","    0","B,,S","   10",",,S",,,,," -287","H,,S"
"AYM00089574","2014-08-21","-69.383","76.383","64.0","PROGRESS, AY","   20","B,,S","   10",",,S",,,,," -239","H,,S"
"AYM00089574","2014-08-22","-69.383","76.383","64.0","PROGRESS, AY","   33","B,,S","   51",",,S",,," -203",",,S"," -178","H,,S"
"AYM00089574","2014-08-23","-69.383","76.383","64.0","PROGRESS, AY","    0","B,,S","   41",",,S"," -154",",,S",,," -171","H,,S"
"AYM00089574","2014-08-24","-69.383","76.383","64.0","PROGRESS, AY","    0","B,,S","   41",",,S"," -212",",,S",,," -244","H,,S"
"AYM00089574","2014-08-25","-69.383","76.383","64.0","PROGRESS, AY","    0","B,,S","   20",",,S",,," -278",",,S"," -153","H,,S"
"AYM00089574","2014-08-26","-69.383","76.383","64.0","PROGRESS, AY","    0","B,,S","   20",",,S","  -68",",,S",,,"  -94","H,,S"
"AYM00089574","2014-08-27","-69.383","76.383","64.0","PROGRESS, AY","    0","B,,S","   20",",,S"," -126",",,S"," -162",",,S"," -146","H,,S"
"AYM00089574","2014-08-28","-69.383","76.383","64.0","PROGRESS, AY","    0","B,,S","   20",",,S",,," -171",",,S"," -162","H,,S"
"AYM00089574","2014-08-29","-69.383","76.383","64.0","PROGRESS, AY","    0","B,,S","   20",",,S"," -153",",,S",,," -168","H,,S"
"AYM00089574","2014-08-30","-69.383","76.383","64.0","PROGRESS, AY","    0","B,,S","   20",",,S",,," -185",",,S"," -180","H,,S"
"AYM00089574","2014-09-01","-69.383","76.383","64.0","PROGRESS, AY","    0","B,,S","   20",",,S","  -75",",,S"," -166",",,S"," -103","H,,S"
"AYM00089574","2014-09-02","-69.383","76.383","64.0","PROGRESS, AY","    0","B,,S","   20",",,S","  -87",",,S",,," -111","H,,S"
"AYM00089574","2014-09-03","-69.383","76.383","64.0","PROGRESS, AY","    0","B,,S","   20",",,S"," -104",",,S"," -149",",,S"," -118","H,,S"
"AYM00089574","2014-09-04","-69.383","76.383","64.0","PROGRESS, AY","    0","B,,S","   20",",,S"," -119",",,S",,," -134","H,,S"
"AYM00089574","2014-09-05","-69.383","76.383","64.0","PROGRESS, AY","    0","B,,S","   20",",,S"," -107",",,S"," -164",",,S"," -131","H,,S"
"AYM00089574","2014-09-07","-69.383","76.383","64.0","PROGRESS, AY","    0","B,,S","   20",",,S"," -105",",,S",,," -124","H,,S"
"AYM00089574","2014-09-08","-69.383","76.383","64.0","PROGRESS, AY","    0","B,,S","   20",",,S"," -108",",,S"," -157",",,S"," -131","H,,S"
"AYM00089574","2014-09-09","-69.383","76.383","64.0","PROGRESS, AY","    0","B,,S","   20",",,S"," -108",",,S",,," -130","H,,S"
"AYM00089574","2014-09-10","-69.383","76.383","64.0","PROGRESS, AY","    0","B,,S","   20",",,S"," -152",",,S",,," -169","H,,S"
"AYM00089574","2014-09-13","-69.383","76.383","64.0","PROGRESS, AY","    0","B,,S",,," -126",",,S"," -149",",,S"," -141","H,,S"
"AYM00089574","2014-09-14","-69.383","76.383","64.0","PROGRESS, AY","    0","B,,S","   20",",,S",,," -161",",,S"," -136","H,,S"
"AYM00089574","2014-09-15","-69.383","76.383","64.0","PROGRESS, AY","    0","B,,S","   20",",,S",,," -143",",,S","  -79","H,,S"
"AYM00089574","2014-09-16","-69.383","76.383","64.0","PROGRESS, AY","    0","B,,S","   20",",,S","  -59",",,S","  -88",",,S","  -73","H,,S"
"AYM00089574","2014-09-17","-69.383","76.383","64.0","PROGRESS, AY","    0","B,,S","   20",",,S","  -37",",,S",,,"  -59","H,,S"
"AYM00089574","2014-09-18","-69.383","76.383","64.0","PROGRESS, AY","    3","B,,S","   20",",,S",,,"  -74",",,S","  -55","H,,S"
"AYM00089574","2014-09-19","-69.383","76.383","64.0","PROGRESS, AY",,,"   20",",,S","  -26",",,S","  -65",",,S","  -37","H,,S"
"AYM00089574","2014-09-20","-69.383","76.383","64.0","PROGRESS, AY","    0","B,,S","   10",",,S","  -38",",,S",,,"  -56","H,,S"
"AYM00089574","2014-09-21","-69.383","76.383","64.0","PROGRESS, AY","    0","B,,S","   10",",,S","  -57",",,S","  -89",",,S","  -70","H,,S"
"AYM00089574","2014-09-22","-69.383","76.383","64.0","PROGRESS, AY","    0","B,,S","   10",",,S","  -78",",,S",,,"  -89","H,,S"
"AYM00089574","2014-09-23","-69.383","76.383","64.0","PROGRESS, AY","    0","B,,S","   10",",,S"," -151",",,S",,," -170","H,,S"
"AYM00089574","2014-09-24","-69.383","76.383","64.0","PROGRESS, AY","    0","B,,S","   10",",,S"," -178",",,S"," -207",",,S"," -198","H,,S"
"AYM00089574","2014-09-25","-69.383","76.383","64.0","PROGRESS, AY","    0","B,,S","   10",",,S"," -176",",,S"," -210",",,S"," -193","H,,S"
"AYM00089574","2014-09-26","-69.383","76.383","64.0","PROGRESS, AY","    0","B,,S","   10",",,S"," -160",",,S"," -196",",,S"," -174","H,,S"
"AYM00089574","2014-09-27","-69.383","76.383","64.0","PROGRESS, AY","    3","B,,S","   10",",,S","  -88",",,S"," -170",",,S"," -115","H,,S"
"AYM00089574","2014-09-28","-69.383","76.383","64.0","PROGRESS, AY",,,"   10",",,S","  -78",",,S"," -100",",,S","  -86","H,,S"
"AYM00089574","2014-09-29","-69.383","76.383","64.0","PROGRESS, AY","    0","B,,S","   10",",,S","  -58",",,S","  -90",",,S","  -74","H,,S"
"AYM00089574","2014-09-30","-69.383","76.383","64.0","PROGRESS, AY","    0","B,,S","   10",",,S","  -98",",,S",,," -120","H,,S"
"AYM00089574","2014-10-01","-69.383","76.383","64.0","PROGRESS, AY","    0","B,,S","   10",",,S"," -132",",,S"," -179",",,S"," -152","H,,S"
"AYM00089574","2014-10-03","-69.383","76.383","64.0","PROGRESS, AY","    0","B,,S","   10",",,S"," -138",",,S",,," -158","H,,S"
"AYM00089574","2014-10-05","-69.383","76.383","64.0","PROGRESS, AY","    0","B,,S","   10",",,S"," -173",",,S"," -208",",,S"," -194","H,,S"
"AYM00089574","2014-10-06","-69.383","76.383","64.0","PROGRESS, AY","    0","B,,S","   10",",,S"," -172",",,S"," -222",",,S"," -189","H,,S"
"AYM00089574","2014-10-07","-69.383","76.383","64.0","PROGRESS, AY","    0","B,,S","   10",",,S"," -144",",,S"," -184",",,S"," -162","H,,S"
"AYM00089574","2014-10-08","-69.383","76.383","64.0","PROGRESS, AY","    0","B,,S","   10",",,S",,," -170",",,S"," -123","H,,S"
"AYM00089574","2014-10-09","-69.383","76.383","64.0","PROGRESS, AY","    0","B,,S",,,"  -80",",,S"," -104",",I,S","  -93","H,,S"
"AYM00089574","2014-10-10","-69.383","76.383","64.0","PROGRESS, AY","   25","B,,S","   10",",,S"," -123",",I,S",,," -159","H,,S"
"AYM00089574","2014-10-11","-69.383","76.383","64.0","PROGRESS, AY","   10","B,,S","   61",",,S","  -61",",,S"," -208",",,S","  -84","H,,S"
"AYM00089574","2014-10-12","-69.383","76.383","64.0","PROGRESS, AY","   28","B,,S","   61",",,S","  -58",",,S",,,"  -68","H,,S"
"AYM00089574","2014-10-13","-69.383","76.383","64.0","PROGRESS, AY","   10","B,,S","   30",",,S","  -38",",,S","  -63",",,S","  -51","H,,S"
"AYM00089574","2014-10-14","-69.383","76.383","64.0","PROGRESS, AY","   20","B,,S","   30",",,S",,,,,"  -63","H,,S"
"AYM00089574","2014-10-15","-69.383","76.383","64.0","PROGRESS, AY","    5","B,,S","   41",",,S","  -43",",,S",,,"  -72","H,,S"
"AYM00089574","2014-10-16","-69.383","76.383","64.0","PROGRESS, AY","    0","B,,S","   10",",,S","  -81",",,S",,," -101","H,,S"
"AYM00089574","2014-10-17","-69.383","76.383","64.0","PROGRESS, AY","    0","B,,S",,," -108",",,S"," -139",",,S"," -126","H,,S"
"AYM00089574","2014-10-18","-69.383","76.383","64.0","PROGRESS, AY","    0","B,,S",,,"  -98",",,S"," -155",",,S"," -131","H,,S"
"AYM00089574","2014-10-19","-69.383","76.383","64.0","PROGRESS, AY",,,,,"  -84",",,S"," -139",",,S"," -106","H,,S"
"AYM00089574","2014-10-20","-69.383","76.383","64.0","PROGRESS, AY","    0","B,,S",,,"  -65",",,S"," -117",",,S","  -93","H,,S"
"AYM00089574","2014-10-21","-69.383","76.383","64.0","PROGRESS, AY","    0","B,,S",,,"  -79",",,S"," -112",",,S","  -98","H,,S"
"AYM00089574","2014-10-22","-69.383","76.383","64.0","PROGRESS, AY","    0","B,,S",,," -102",",,S"," -136",",,S"," -119","H,,S"
"AYM00089574","2014-10-23","-69.383","76.383","64.0","PROGRESS, AY","    0","B,,S",,," -100",",,S"," -138",",,S"," -117","H,,S"
"AYM00089574","2014-10-24","-69.383","76.383","64.0","PROGRESS, AY","    0","B,,S",,,"  -71",",,S"," -143",",,S","  -99","H,,S"
"AYM00089574","2014-10-25","-69.383","76.383","64.0","PROGRESS, AY","    0","B,,S",,,"  -49",",,S","  -86",",,S","  -69","H,,S"
"AYM00089574","2014-10-26","-69.383","76.383","64.0","PROGRESS, AY","    0","B,,S",,,"   -2",",,S"," -109",",,S","  -39","H,,S"
"AYM00089574","2014-10-27","-69.383","76.383","64.0","PROGRESS, AY","    0","B,,S",,,"   -9",",,S",,,"  -32","H,,S"
"AYM00089574","2014-10-28","-69.383","76.383","64.0","PROGRESS, AY","    0","B,,S",,,"  -10",",,S","  -78",",,S","  -26","H,,S"
"AYM00089574","2014-10-29","-69.383","76.383","64.0","PROGRESS, AY","    0","B,,S",,,"    3",",,S","  -41",",,S","  -19","H,,S"
"AYM00089574","2014-10-30","-69.383","76.383","64.0","PROGRESS, AY","    0","B,,S",,,"   31",",,S","  -51",",,S","  -19","H,,S"
"AYM00089574","2014-11-01","-69.383","76.383","64.0","PROGRESS, AY","    0","B,,S",,,"  -45",",,S","  -91",",,S","  -67","H,,S"
"AYM00089574","2014-11-02","-69.383","76.383","64.0","PROGRESS, AY","    0","B,,S",,,"   -9",",,S","  -89",",,S","  -42","H,,S"
"AYM00089574","2014-11-03","-69.383","76.383","64.0","PROGRESS, AY","    0","B,,S",,,"  -15",",,S","  -63",",,S","  -40","H,,S"
"AYM00089574","2014-11-04","-69.383","76.383","64.0","PROGRESS, AY","    0","B,,S",,,"  -31",",,S","  -71",",,S","  -53","H,,S"
"AYM00089574","2014-11-05","-69.383","76.383","64.0","PROGRESS, AY","    0","B,,S",,,"  -22",",,S","  -69",",,S","  -40","H,,S"
"AYM00089574","2014-11-06","-69.383","76.383","64.0","PROGRESS, AY","    0","B,,S",,,"   26",",,S",,,"  -13","H,,S"
"AYM00089574","2014-11-07","-69.383","76.383","64.0","PROGRESS, AY","    0","B,,S",,,,,"  -59",",,S","  -30","H,,S"
"AYM00089574","2014-11-08","-69.383","76.383","64.0","PROGRESS, AY","    0","B,,S",,,"   -1",",,S","  -39",",,S","  -23","H,,S"
"AYM00089574","2014-11-09","-69.383","76.383","64.0","PROGRESS, AY","    5","B,,S","   10",",,S","  -17",",,S",,,"  -38","H,,S"
"AYM00089574","2014-11-10","-69.383","76.383","64.0","PROGRESS, AY","    5","B,,S","   10",",,S","  -15",",,S",,,"  -43","H,,S"
"AYM00089574","2014-11-11","-69.383","76.383","64.0","PROGRESS, AY","   30","B,,S","   20",",,S","  -35",",,S",,,"  -54","H,,S"
"AYM00089574","2014-11-12","-69.383","76.383","64.0","PROGRESS, AY","    0","B,,S",,,,,"  -81",",,S","  -37","H,,S"
"AYM00089574","2014-11-13","-69.383","76.383","64.0","PROGRESS, AY","   76","B,,S","   51",",,S","    4",",,S","  -31",",,S","   -7","H,,S"
"AYM00089574","2014-11-14","-69.383","76.383","64.0","PROGRESS, AY","    3","B,,S","   10",",,S","    8",",,S",,,"   -9","H,,S"
"AYM00089574","2014-11-15","-69.383","76.383","64.0","PROGRESS, AY","    0","B,,S",,,"   -7",",,S",,,"  -18","H,,S"
"AYM00089574","2014-11-16","-69.383","76.383","64.0","PROGRESS, AY","    0","B,,S",,,"   12",",,S","  -39",",,S","  -15","H,,S"
"AYM00089574","2014-11-17","-69.383","76.383","64.0","PROGRESS, AY","    5","B,,S",,,"  -16",",,S","  -49",",,S","  -30","H,,S"
"AYM00089574","2014-11-18","-69.383","76.383","64.0","PROGRESS, AY","   10","B,,S","   10",",,S","  -14",",,S",,,"  -36","H,,S"
"AYM00089574","2014-11-19","-69.383","76.383","64.0","PROGRESS, AY","    0","B,,S",,,,,"  -82",",,S","  -43","H,,S"
"AYM00089574","2014-11-20","-69.383","76.383","64.0","PROGRESS, AY","    0","B,,S",,,"   -4",",,S","  -61",",,S","  -34","H,,S"
"AYM00089574","2014-11-22","-69.383","76.383","64.0","PROGRESS, AY","    0","B,,S",,,"  -22",",,S",,,"  -39","H,,S"
"AYM00089574","2014-11-23","-69.383","76.383","64.0","PROGRESS, AY","    0","B,,S",,,"   -5",",,S","  -74",",,S","  -39","H,,S"
"AYM00089574","2014-11-24","-69.383","76.383","64.0","PROGRESS, AY","    0","B,,S",,,"   -3",",,S","  -70",",,S","  -32","H,,S"
"AYM00089574","2014-11-25","-69.383","76.383","64.0","PROGRESS, AY","    0","B,,S",,,"   20",",,S","  -52",",,S","   -4","H,,S"
"AYM00089574","2014-11-26","-69.383","76.383","64.0","PROGRESS, AY","    0","B,,S",,,"   26",",,S","  -35",",,S","   -3","H,,S"
"AYM00089574","2014-11-27","-69.383","76.383","64.0","PROGRESS, AY","    0","B,,S",,,"   18",",,S","  -42",",,S","  -16","H,,S"
"AYM00089574","2014-11-28","-69.383","76.383","64.0","PROGRESS, AY","    0","B,,S",,,"   27",",,S","  -43",",,S","   -6","H,,S"
"AYM00089574","2014-11-29","-69.383","76.383","64.0","PROGRESS, AY","    0","B,,S",,,"   27",",,S","  -24",",,S","    3","H,,S"
"AYM00089574","2014-11-30","-69.383","76.383","64.0","PROGRESS, AY","    0","B,,S",,,"   19",",,S","  -32",",,S","   -7","H,,S"
"AYM00089574","2014-12-01","-69.383","76.383","64.0","PROGRESS, AY","    0","B,,S",,,,,"  -34",",,S","  -14","H,,S"
"AYM00089574","2014-12-02","-69.383","76.383","64.0","PROGRESS, AY","    0","B,,S",,,"   10",",,S","  -32",",,S","  -13","H,,S"
"AYM00089574","2014-12-03","-69.383","76.383","64.0","PROGRESS, AY","    0","B,,S",,,"    1",",,S",,,"  -27","H,,S"
"AYM00089574","2014-12-04","-69.383","76.383","64.0","PROGRESS, AY","    0","B,,S",,,"  -11",",,S","  -64",",,S","  -39","H,,S"
"AYM00089574","2014-12-05","-69.383","76.383","64.0","PROGRESS, AY","    0","B,,S",,,"  -14",",,S","  -71",",,S","  -35","H,,S"
"AYM00089574","2014-12-06","-69.383","76.383","64.0","PROGRESS, AY","    0","B,,S",,,"   -5",",,S","  -50",",,S","  -27","H,,S"
"AYM00089574","2014-12-07","-69.383","76.383","64.0","PROGRESS, AY","    0","B,,S",,,"   -1",",,S","  -57",",,S","  -17","H,,S"
"AYM00089574","2014-12-08","-69.383","76.383","64.0","PROGRESS, AY","    0","B,,S",,,"   18",",,S","  -39",",,S","  -12","H,,S"
"AYM00089574","2014-12-09","-69.383","76.383","64.0","PROGRESS, AY","    0","B,,S",,,"   19",",,S","  -48",",,S","  -16","H,,S"
"AYM00089574","2014-12-10","-69.383","76.383","64.0","PROGRESS, AY","    0","B,,S",,,"   14",",,S",,,"  -10","H,,S"
"AYM00089574","2014-12-11","-69.383","76.383","64.0","PROGRESS, AY","    0","B,,S",,,"   14",",,S","  -35",",,S","   -6","H,,S"
"AYM00089574","2014-12-12","-69.383","76.383","64.0","PROGRESS, AY","    0","B,,S",,,"   16",",,S",,,"   -2","H,,S"
"AYM00089574","2014-12-13","-69.383","76.383","64.0","PROGRESS, AY","    0","B,,S",,,"   -3",",,S","  -35",",,S","  -23","H,,S"
"AYM00089574","2014-12-15","-69.383","76.383","64.0","PROGRESS, AY","    0","B,,S",,,"   16",",,S","  -25",",,S","   -5","H,,S"
"AYM00089574","2014-12-16","-69.383","76.383","64.0","PROGRESS, AY","    0","B,,S",,,"   19",",,S","  -18",",,S","    1","H,,S"
"AYM00089574","2014-12-17","-69.383","76.383","64.0","PROGRESS, AY","    0","B,,S",,,"   37",",,S","  -15",",,S","   12","H,,S"
"AYM00089574","2014-12-18","-69.383","76.383","64.0","PROGRESS, AY","    0","B,,S",,,"   59",",,S","    0",",,S","   25","H,,S"
"AYM00089574","2014-12-19","-69.383","76.383","64.0","PROGRESS, AY","    0","B,,S",,,"   65",",,S","   -2",",,S","   29","H,,S"
"AYM00089574","2014-12-20","-69.383","76.383","64.0","PROGRESS, AY","    0","B,,S",,,"   60",",,S","  -34",",,S","   34","H,,S"
"AYM00089574","2014-12-21","-69.383","76.383","64.0","PROGRESS, AY","    0","B,,S",,,"   38",",,S","    2",",,S","   21","H,,S"
"AYM00089574","2014-12-22","-69.383","76.383","64.0","PROGRESS, AY","    0","B,,S",,,"   49",",,S","   -2",",,S","   26","H,,S"
"AYM00089574","2014-12-23","-69.383","76.383","64.0","PROGRESS, AY","    0","B,,S",,,"   36",",,S",,,"    7","H,,S"
"AYM00089574","2014-12-24","-69.383","76.383","64.0","PROGRESS, AY","    5","B,,S",,,"   32",",,S","   -7",",,S","    6","H,,S"
"AYM00089574","2014-12-25","-69.383","76.383","64.0","PROGRESS, AY","    3","B,,S",,,"   20",",,S","   -9",",,S","    6","H,,S"
"AYM00089574","2014-12-26","-69.383","76.383","64.0","PROGRESS, AY","    0","B,,S",,,"   16",",,S","   -9",",,S","    2","H,,S"
"AYM00089574","2014-12-27","-69.383","76.383","64.0","PROGRESS, AY","    0","B,,S",,,"   27",",,S","  -24",",,S","   -2","H,,S"
"AYM00089574","2014-12-28","-69.383","76.383","64.0","PROGRESS, AY","    0","B,,S",,,"   18",",,S","  -34",",,S","   -6","H,,S"
"AYM00089574","2015-01-01","-69.383","76.383","64.0","PROGRESS, AY",,,,,,,"  -13",",,S","   -4","H,,S"
"AYM00089574","2015-01-02","-69.383","76.383","64.0","PROGRESS, AY",,,,,"   31",",,S","  -30",",,S","    5","H,,S"
"AYM00089574","2015-01-03","-69.383","76.383","64.0","PROGRESS, AY","    0","B,,S",,,"   25",",,S","  -19",",,S","   10","H,,S"
"AYM00089574","2015-01-05","-69.383","76.383","64.0","PROGRESS, AY","    0","B,,S",,,"   28",",,S","  -25",",,S","    5","H,,S"
"AYM00089574","2015-01-06","-69.383","76.383","64.0","PROGRESS, AY","    0","B,,S",,,"   30",",,S","  -27",",,S","    1","H,,S"
"AYM00089574","2015-01-07","-69.383","76.383","64.0","PROGRESS, AY","    0","B,,S",,,"   52",",,S","  -22",",,S","    8","H,,S"
"AYM00089574","2015-01-10","-69.383","76.383","64.0","PROGRESS, AY","  206","B,,S",,,,,,,"   -4","H,,S"
"AYM00089574","2015-01-11","-69.383","76.383","64.0","PROGRESS, AY","   20","B,,S",,,"   28",",,S","  -38",",,S","   -1","H,,S"
"AYM00089574","2015-01-12","-69.383","76.383","64.0","PROGRESS, AY","    3","B,,S",,,"   -2",",,S",,,"  -15","H,,S"
"AYM00089574","2015-01-14","-69.383","76.383","64.0","PROGRESS, AY","    8","B,,S",,,,,"  -29",",,S","    0","H,,S"
"AYM00089574","2015-01-15","-69.383","76.383","64.0","PROGRESS, AY","    0","B,,S",,,,,,,"   -7","H,,S"
"AYM00089574","2015-01-16","-69.383","76.383","64.0","PROGRESS, AY","    0","B,,S",,,"   12",",,S","  -29",",,S","   -5","H,,S"
"AYM00089574","2015-01-17","-69.383","76.383","64.0","PROGRESS, AY","    0","B,,S",,,"   32",",,S","  -28",",,S","    1","H,,S"
"AYM00089574","2015-01-18","-69.383","76.383","64.0","PROGRESS, AY","    0","B,,S",,,"   25",",,S","   -6",",,S","    4","H,,S"
"AYM00089574","2015-01-19","-69.383","76.383","64.0","PROGRESS, AY","    0","B,,S",,,"    7",",,S","  -28",",,S","  -14","H,,S"
"AYM00089574","2015-01-20","-69.383","76.383","64.0","PROGRESS, AY","    0","B,,S",,,"   -2",",,S","  -39",",,S","  -16","H,,S"
"AYM00089574","2015-01-21","-69.383","76.383","64.0","PROGRESS, AY","    0","B,,S",,,"    9",",,S","  -33",",,S","  -11","H,,S"
"AYM00089574","2015-01-22","-69.383","76.383","64.0","PROGRESS, AY","    0","B,,S",,,"   15",",,S","  -27",",,S","   -3","H,,S"
"AYM00089574","2015-01-23","-69.383","76.383","64.0","PROGRESS, AY","    0","B,,S",,,"   14",",,S","  -23",",,S","   -2","H,,S"
"AYM00089574","2015-01-24","-69.383","76.383","64.0","PROGRESS, AY","    3","B,,S",,,"   35",",,S","  -16",",,S","   14","H,,S"
"AYM00089574","2015-01-25","-69.383","76.383","64.0","PROGRESS, AY","    0","B,,S",,,"   28",",,S","    4",",,S","   18","H,,S"
"AYM00089574","2015-01-26","-69.383","76.383","64.0","PROGRESS, AY","    0","B,,S",,,"   34",",,S",,,"   19","H,,S"
"AYM00089574","2015-01-27","-69.383","76.383","64.0","PROGRESS, AY","    0","B,,S",,,"   62",",,S","    2",",,S","   26","H,,S"
"AYM00089574","2015-01-28","-69.383","76.383","64.0","PROGRESS, AY","    0","B,,S",,,"   35",",,S",,,"   16","H,,S"
"AYM00089574","2015-01-29","-69.383","76.383","64.0","PROGRESS, AY","    0","B,,S",,,"   51",",,S","  -25",",,S","   21","H,,S"
"AYM00089574","2015-01-31","-69.383","76.383","64.0","PROGRESS, AY","    0","B,,S",,,"   46",",,S","   -2",",,S","   17","H,,S"
"AYM00089574","2015-02-01","-69.383","76.383","64.0","PROGRESS, AY","    0","B,,S",,,"   10",",,S",,,"  -10","H,,S"
"AYM00089574","2015-02-02","-69.383","76.383","64.0","PROGRESS, AY","    0","B,,S",,,"    1",",,S","  -43",",,S","  -19","H,,S"
"AYM00089574","2015-02-03","-69.383","76.383","64.0","PROGRESS, AY","    0","B,,S",,,"   34",",,S","  -15",",,S","    8","H,,S"
"AYM00089574","2015-02-04","-69.383","76.383","64.0","PROGRESS, AY","   20","B,,S",,,"   17",",,S",,,"   -5","H,,S"
"AYM00089574","2015-02-05","-69.383","76.383","64.0","PROGRESS, AY","    0","B,,S",,,"   16",",,S","  -44",",,S","  -10","H,,S"
"AYM00089574","2015-02-06","-69.383","76.383","64.0","PROGRESS, AY","    0","B,,S",,,"   18",",,S","  -24",",,S","   -1","H,,S"
"AYM00089574","2015-02-07","-69.383","76.383","64.0","PROGRESS, AY","    5","B,,S",,,"   21",",,S","  -17",",,S","    6","H,,S"
"AYM00089574","2015-02-08","-69.383","76.383","64.0","PROGRESS, AY","    0","B,,S",,,"   -1",",,S","  -32",",,S","  -19","H,,S"
"AYM00089574","2015-02-09","-69.383","76.383","64.0","PROGRESS, AY","    0","B,,S",,,"  -18",",,S",,,"  -26","H,,S"
"AYM00089574","2015-02-10","-69.383","76.383","64.0","PROGRESS, AY","    0","B,,S",,,"   -3",",,S","  -51",",,S","  -31","H,,S"
"AYM00089574","2015-02-11","-69.383","76.383","64.0","PROGRESS, AY","    0","B,,S",,,"  -27",",,S","  -53",",,S","  -41","H,,S"
"AYM00089574","2015-02-12","-69.383","76.383","64.0","PROGRESS, AY","    0","B,,S",,,"  -15",",,S","  -58",",,S","  -35","H,,S"
"AYM00089574","2015-02-13","-69.383","76.383","64.0","PROGRESS, AY","    0","B,,S",,,"    2",",,S","  -51",",,S","  -21","H,,S"
"AYM00089574","2015-02-14","-69.383","76.383","64.0","PROGRESS, AY","    0","B,,S",,,"   21",",,S","  -33",",,S","   -1","H,,S"
"AYM00089574","2015-02-15","-69.383","76.383","64.0","PROGRESS, AY","    0","B,,S",,,"    3",",,S","  -31",",,S","  -12","H,,S"
"AYM00089574","2015-02-16","-69.383","76.383","64.0","PROGRESS, AY","    0","B,,S",,,"   13",",,S",,,"   -7","H,,S"
"AYM00089574","2015-02-17","-69.383","76.383","64.0","PROGRESS, AY","    0","B,,S",,,"    3",",,S",,,"  -23","H,,S"
"AYM00089574","2015-02-18","-69.383","76.383","64.0","PROGRESS, AY","    0","B,,S",,,"  -15",",,S","  -52",",,S","  -30","H,,S"
"AYM00089574","2015-02-19","-69.383","76.383","64.0","PROGRESS, AY","    0","B,,S",,,"  -19",",,S",,,"  -31","H,,S"
"AYM00089574","2015-02-20","-69.383","76.383","64.0","PROGRESS, AY","    0","B,,S",,,"  -27",",,S","  -42",",,S","  -34","H,,S"
"AYM00089574","2015-02-21","-69.383","76.383","64.0","PROGRESS, AY","    0","B,,S",,,"  -22",",,S",,,"  -39","H,,S"
"AYM00089574","2015-02-22","-69.383","76.383","64.0","PROGRESS, AY","    5","B,,S",,,"  -17",",,S","  -51",",,S","  -29","H,,S"
"AYM00089574","2015-02-23","-69.383","76.383","64.0","PROGRESS, AY","   15","B,,S",,,"  -17",",,S",,,"  -31","H,,S"
"AYM00089574","2015-02-25","-69.383","76.383","64.0","PROGRESS, AY","   15","B,,S",,,"  -36",",,S",,,"  -48","H,,S"
"AYM00089574","2015-02-26","-69.383","76.383","64.0","PROGRESS, AY","    0","B,,S",,,"  -41",",,S","  -59",",,S","  -47","H,,S"
"AYM00089574","2015-02-27","-69.383","76.383","64.0","PROGRESS, AY","   10","B,,S",,,"  -19",",,S","  -55",",,S","  -33","H,,S"
"AYM00089574","2015-02-28","-69.383","76.383","64.0","PROGRESS, AY","    0","B,,S",,,"  -39",",,S",,,"  -56","H,,S"
"AYM00089574","2015-03-01","-69.383","76.383","64.0","PROGRESS, AY","    0","B,,S",,,"  -59",",,S","  -98",",,S","  -77","H,,S"
"AYM00089574","2015-03-02","-69.383","76.383","64.0","PROGRESS, AY","    0","B,,S",,,"  -51",",,S"," -103",",,S","  -71","H,,S"
"AYM00089574","2015-03-03","-69.383","76.383","64.0","PROGRESS, AY","    0","B,,S",,,"  -37",",,S","  -69",",,S","  -54","H,,S"
"AYM00089574","2015-03-04","-69.383","76.383","64.0","PROGRESS, AY","    0","B,,S",,,"  -47",",,S","  -68",",,S","  -57","H,,S"
"AYM00089574","2015-03-05","-69.383","76.383","64.0","PROGRESS, AY","    0","B,,S",,,"  -62",",,S",,,"  -78","H,,S"
"AYM00089574","2015-03-06","-69.383","76.383","64.0","PROGRESS, AY","    0","B,,S",,,"  -86",",,S"," -120",",,S"," -103","H,,S"
"AYM00089574","2015-03-07","-69.383","76.383","64.0","PROGRESS, AY","    0","B,,S",,,"  -65",",,S"," -114",",,S","  -83","H,,S"
"AYM00089574","2015-03-08","-69.383","76.383","64.0","PROGRESS, AY","    0","B,,S",,,"  -40",",,S",,,"  -61","H,,S"
"AYM00089574","2015-03-09","-69.383","76.383","64.0","PROGRESS, AY","    0","B,,S",,,"  -48",",,S","  -84",",,S","  -62","H,,S"
"AYM00089574","2015-03-10","-69.383","76.383","64.0","PROGRESS, AY","    0","B,,S",,,"   -7",",,S","  -53",",,S","  -26","H,,S"
"AYM00089574","2015-03-13","-69.383","76.383","64.0","PROGRESS, AY","   10","B,,S",,,"  -25",",,S","  -44",",I,S","  -37","H,,S"
"AYM00089574","2015-03-14","-69.383","76.383","64.0","PROGRESS, AY","    0","B,,S",,,"  -60",",I,S",,,"  -73","H,,S"
"AYM00089574","2015-03-15","-69.383","76.383","64.0","PROGRESS, AY","    0","B,,S",,,"  -80",",,S",,,"  -92","H,,S"
"AYM00089574","2015-03-16","-69.383","76.383","64.0","PROGRESS, AY","    0","B,,S",,,"  -80",",,S"," -114",",,S"," -101","H,,S"
"AYM00089574","2015-03-17","-69.383","76.383","64.0","PROGRESS, AY","    0","B,,S",,,"  -97",",,S"," -122",",,S"," -108","H,,S"
"AYM00089574","2015-03-18","-69.383","76.383","64.0","PROGRESS, AY","   20","B,,S",,,"  -81",",,S"," -104",",,S","  -87","H,,S"
"AYM00089574","2015-03-19","-69.383","76.383","64.0","PROGRESS, AY","    0","B,,S",,,"  -66",",,S"," -107",",,S","  -86","H,,S"
"AYM00089574","2015-03-20","-69.383","76.383","64.0","PROGRESS, AY","    0","B,,S",,,"  -98",",,S",,," -108","H,,S"
"AYM00089574","2015-03-21","-69.383","76.383","64.0","PROGRESS, AY","    0","B,,S",,,"  -96",",,S"," -131",",,S"," -108","H,,S"
"AYM00089574","2015-03-22","-69.383","76.383","64.0","PROGRESS, AY","    3","B,,S",,,,,,," -122","H,,S"
"AYM00089574","2015-03-23","-69.383","76.383","64.0","PROGRESS, AY","    0","B,,S",,,,," -154",",,S"," -121","H,,S"
"AYM00089574","2015-03-24","-69.383","76.383","64.0","PROGRESS, AY","    0","B,,S",,,"  -28",",,S","  -68",",,S","  -38","H,,S"
"AYM00089574","2015-03-25","-69.383","76.383","64.0","PROGRESS, AY","    3","B,,S",,,"  -42",",,S","  -56",",,S","  -52","H,,S"
"AYM00089574","2015-03-26","-69.383","76.383","64.0","PROGRESS, AY","   30","B,,S",,,,,,,"  -73","H,,S"
"AYM00089574","2015-03-27","-69.383","76.383","64.0","PROGRESS, AY","    3","B,,S",,,,,,," -135","H,,S"
"AYM00089574","2015-03-28","-69.383","76.383","64.0","PROGRESS, AY","    0","B,,S",,," -135",",,S"," -166",",,S"," -147","H,,S"
"AYM00089574","2015-03-29","-69.383","76.383","64.0","PROGRESS, AY","    0","B,,S",,,,," -145",",,S"," -131","H,,S"
"AYM00089574","2015-03-30","-69.383","76.383","64.0","PROGRESS, AY","    0","B,,S",,,,,,," -128","H,,S"
"AYM00089574","2015-03-31","-69.383","76.383","64.0","PROGRESS, AY","   10","B,,S",,,"  -64",",,S",,," -102","H,,S"
"AYM00089574","2015-04-01","-69.383","76.383","64.0","PROGRESS, AY","   41","B,,S",,,,,,," -184","H,,S"
"AYM00089574","2015-04-02","-69.383","76.383","64.0","PROGRESS, AY","    8","B,,S",,," -146",",,S",,," -167","H,,S"
"AYM00089574","2015-04-03","-69.383","76.383","64.0","PROGRESS, AY","    0","B,,S",,," -179",",,S"," -201",",,S"," -192","H,,S"
"AYM00089574","2015-04-04","-69.383","76.383","64.0","PROGRESS, AY","    0","B,,S",,," -189",",,S"," -209",",,S"," -201","H,,S"
"AYM00089574","2015-04-05","-69.383","76.383","64.0","PROGRESS, AY","    3","B,,S",,,,," -203",",,S"," -151","H,,S"
"AYM00089574","2015-04-06","-69.383","76.383","64.0","PROGRESS, AY","   41","B,,S",,,,,,," -118","H,,S"
"AYM00089574","2015-04-07","-69.383","76.383","64.0","PROGRESS, AY","   51","B,,S",,,"  -81",",,S",,,"  -91","H,,S"
"AYM00089574","2015-04-08","-69.383","76.383","64.0","PROGRESS, AY","   23","B,,S",,,"  -96",",,S",,," -106","H,,S"
"AYM00089574","2015-04-09","-69.383","76.383","64.0","PROGRESS, AY","    0","B,,S",,,,,,," -164","H,,S"
"AYM00089574","2015-04-10","-69.383","76.383","64.0","PROGRESS, AY","    0","B,,S",,,,," -206",",,S"," -140","H,,S"
"AYM00089574","2015-04-11","-69.383","76.383","64.0","PROGRESS, AY","   89","B,,S",,,"  -34",",,S",,,"  -99","H,,S"
"AYM00089574","2015-04-14","-69.383","76.383","64.0","PROGRESS, AY","    0","B,,S",,,,,,," -191","H,,S"
"AYM00089574","2015-04-15","-69.383","76.383","64.0","PROGRESS, AY","    0","B,,S",,," -192",",,S",,," -218","H,,S"
"AYM00089574","2015-04-17","-69.383","76.383","64.0","PROGRESS, AY","   20","B,,S",,,,," -245",",,S"," -151","H,,S"
"AYM00089574","2015-04-18","-69.383","76.383","64.0","PROGRESS, AY","    0","B,,S",,,,," -113",",,S","  -72","H,,S"
"AYM00089574","2015-04-19","-69.383","76.383","64.0","PROGRESS, AY","    0","B,,S",,,,,,,"  -98","H,,S"
"AYM00089574","2015-04-20","-69.383","76.383","64.0","PROGRESS, AY","    0","B,,S",,,,,,," -136","H,,S"
"AYM00089574","2015-04-21","-69.383","76.383","64.0","PROGRESS, AY","    0","B,,S",,," -156",",,S"," -175",",,S"," -168","H,,S"
"AYM00089574","2015-04-22","-69.383","76.383","64.0","PROGRESS, AY","    0","B,,S",,," -129",",,S"," -179",",,S"," -153","H,,S"
"AYM00089574","2015-04-23","-69.383","76.383","64.0","PROGRESS, AY","    0","B,,S",,,,," -167",",,S"," -135","H,,S"
"AYM00089574","2015-04-24","-69.383","76.383","64.0","PROGRESS, AY","   10","B,,S",,,,," -103",",,S"," -101","H,,S"
"AYM00089574","2015-04-25","-69.383","76.383","64.0","PROGRESS, AY","    0","B,,S",,,,,,,"  -99","H,,S"
"AYM00089574","2015-04-26","-69.383","76.383","64.0","PROGRESS, AY","    0","B,,S",,,,,,," -129","H,,S"
"AYM00089574","2015-04-27","-69.383","76.383","64.0","PROGRESS, AY","    0","B,,S",,," -171",",,S"," -193",",,S"," -183","H,,S"
"AYM00089574","2015-04-28","-69.383","76.383","64.0","PROGRESS, AY","    0","B,,S",,,,,,," -193","H,,S"
"AYM00089574","2015-04-29","-69.383","76.383","64.0","PROGRESS, AY","    0","B,,S",,,,,,," -204","H,,S"
"AYM00089574","2015-04-30","-69.383","76.383","64.0","PROGRESS, AY","    0","B,,S",,," -179",",,S"," -204",",,S"," -192","H,,S"
"AYM00089574","2015-05-02","-69.383","76.383","64.0","PROGRESS, AY","   10","B,,S",,,,," -198",",,S"," -118","H,,S"
"AYM00089574","2015-05-03","-69.383","76.383","64.0","PROGRESS, AY","   99","B,,S",,,,,,,"  -90","H,,S"
"AYM00089574","2015-05-04","-69.383","76.383","64.0","PROGRESS, AY","   10","B,,S",,,,,,," -122","H,,S"
"AYM00089574","2015-05-05","-69.383","76.383","64.0","PROGRESS, AY","   20","B,,S",,,,,,," -157","H,,S"
"AYM00089574","2015-05-06","-69.383","76.383","64.0","PROGRESS, AY","    3","B,,S",,," -208",",,S",,," -224","H,,S"
"AYM00089574","2015-05-07","-69.383","76.383","64.0","PROGRESS, AY","    0","B,,S",,," -169",",,S"," -277",",,S"," -213","H,,S"
"AYM00089574","2015-05-08","-69.383","76.383","64.0","PROGRESS, AY","    0","B,,S",,," -191",",,S",,," -199","H,,S"
"AYM00089574","2015-05-12","-69.383","76.383","64.0","PROGRESS, AY","    0","B,,S",,," -179",",,S"," -188",",,S"," -185","H,,S"
"AYM00089574","2015-05-13","-69.383","76.383","64.0","PROGRESS, AY","    0","B,,S",,,,,,," -215","H,,S"
"AYM00089574","2015-05-14","-69.383","76.383","64.0","PROGRESS, AY","    0","B,,S",,,,," -260",",,S"," -252","H,,S"
"AYM00089574","2015-05-15","-69.383","76.383","64.0","PROGRESS, AY","    0","B,,S",,," -235",",,S",,," -255","H,,S"
"AYM00089574","2015-05-16","-69.383","76.383","64.0","PROGRESS, AY","    0","B,,S",,," -306",",,S",,," -317","H,,S"
"AYM00089574","2015-05-17","-69.383","76.383","64.0","PROGRESS, AY","    0","B,,S",,,,," -370",",,S"," -342","H,,S"
"AYM00089574","2015-05-18","-69.383","76.383","64.0","PROGRESS, AY","    0","B,,S",,,,," -331",",,S"," -212","H,,S"
"AYM00089574","2015-05-19","-69.383","76.383","64.0","PROGRESS, AY","    0","B,,S",,," -189",",,S"," -216",",,S"," -204","H,,S"
"AYM00089574","2015-05-20","-69.383","76.383","64.0","PROGRESS, AY","    5","B,,S",,,,,,," -258","H,,S"
"AYM00089574","2015-05-21","-69.383","76.383","64.0","PROGRESS, AY","   23","B,,S",,," -186",",,S"," -271",",,S"," -196","H,,S"
"AYM00089574","2015-05-22","-69.383","76.383","64.0","PROGRESS, AY","    3","B,,S",,,,,,," -211","H,,S"
"AYM00089574","2015-05-23","-69.383","76.383","64.0","PROGRESS, AY","    0","B,,S",,," -244",",,S",,," -263","H,,S"
"AYM00089574","2015-05-24","-69.383","76.383","64.0","PROGRESS, AY","    0","B,,S",,," -300",",,S",,," -321","H,,S"
"AYM00089574","2015-05-25","-69.383","76.383","64.0","PROGRESS, AY","    0","B,,S",,,,,,," -347","H,,S"
"AYM00089574","2015-05-26","-69.383","76.383","64.0","PROGRESS, AY","    0","B,,S",,,,,,," -328","H,,S"
"AYM00089574","2015-05-27","-69.383","76.383","64.0","PROGRESS, AY","   41","B,,S",,," -108",",,S"," -278",",,S"," -154","H,,S"
"AYM00089574","2015-05-28","-69.383","76.383","64.0","PROGRESS, AY","   10","B,,S",,,,," -199",",,S"," -163","H,,S"
"AYM00089574","2015-05-29","-69.383","76.383","64.0","PROGRESS, AY","   71","B,,S",,,"  -46",",,S"," -109",",,S","  -61","H,,S"
"AYM00089574","2015-05-30","-69.383","76.383","64.0","PROGRESS, AY","    3","B,,S",,,,,,,"  -92","H,,S"
"AYM00089574","2015-05-31","-69.383","76.383","64.0","PROGRESS, AY","    0","B,,S",,,,,,," -153","H,,S"
"AYM00089574","2015-06-01","-69.383","76.383","64.0","PROGRESS, AY","    0","B,,S",,,,," -182",",,S"," -118","H,,S"
"AYM00089574","2015-06-02","-69.383","76.383","64.0","PROGRESS, AY","   51","B,,S",,,"  -61",",,S",,,"  -97","H,,S"
"AYM00089574","2015-06-03","-69.383","76.383","64.0","PROGRESS, AY","    3","B,,S",,,"  -26",",,S"," -139",",,S","  -79","H,,S"
"AYM00089574","2015-06-04","-69.383","76.383","64.0","PROGRESS, AY","   20","B,,S",,,"  -15",",,S","  -44",",,S","  -29","H,,S"
"AYM00089574","2015-06-05","-69.383","76.383","64.0","PROGRESS, AY","    5","B,,S",,,"  -37",",,S",,,"  -47","H,,S"
"AYM00089574","2015-06-06","-69.383","76.383","64.0","PROGRESS, AY","    0","B,,S",,,,,,,"  -61","H,,S"
"AYM00089574","2015-06-07","-69.383","76.383","64.0","PROGRESS, AY","    0","B,,S",,,,,,," -116","H,,S"
"AYM00089574","2015-06-08","-69.383","76.383","64.0","PROGRESS, AY","    0","B,,S",,,,,,," -148","H,,S"
"AYM00089574","2015-06-09","-69.383","76.383","64.0","PROGRESS, AY","    0","B,,S",,,,," -168",",,S"," -120","H,,S"
"AYM00089574","2015-06-10","-69.383","76.383","64.0","PROGRESS, AY","    0","B,,S",,,,,,," -146","H,,S"
"AYM00089574","2015-06-11","-69.383","76.383","64.0","PROGRESS, AY","    0","B,,S",,," -100",",,S"," -160",",,S"," -116","H,,S"
"AYM00089574","2015-06-12","-69.383","76.383","64.0","PROGRESS, AY","    5","B,,S",,,,," -127",",,S"," -104","H,,S"
"AYM00089574","2015-06-13","-69.383","76.383","64.0","PROGRESS, AY","    3","B,,S",,,,,,," -126","H,,S"
"AYM00089574","2015-06-14","-69.383","76.383","64.0","PROGRESS, AY","    0","B,,S",,," -140",",,S",,," -153","H,,S"
"AYM00089574","2015-06-15","-69.383","76.383","64.0","PROGRESS, AY","    0","B,,S",,,,,,," -169","H,,S"
"AYM00089574","2015-06-16","-69.383","76.383","64.0","PROGRESS, AY","    0","B,,S",,,,,,," -202","H,,S"
"AYM00089574","2015-06-17","-69.383","76.383","64.0","PROGRESS, AY","    0","B,,S",,,,,,," -250","H,,S"
"AYM00089574","2015-06-18","-69.383","76.383","64.0","PROGRESS, AY","    0","B,,S",,,,," -273",",,S"," -248","H,,S"
"AYM00089574","2015-06-19","-69.383","76.383","64.0","PROGRESS, AY","    3","B,,S",,," -211",",,S",,," -232","H,,S"
"AYM00089574","2015-06-20","-69.383","76.383","64.0","PROGRESS, AY","    3","B,,S",,,,,,," -319","H,,S"
"AYM00089574","2015-06-21","-69.383","76.383","64.0","PROGRESS, AY","    0","B,,S",,,,," -314",",,S"," -183","H,,S"
"AYM00089574","2015-06-22","-69.383","76.383","64.0","PROGRESS, AY","    0","B,,S",,,,," -165",",,S"," -153","H,,S"
"AYM00089574","2015-06-26","-69.383","76.383","64.0","PROGRESS, AY","    0","B,,S",,,,,,," -144","H,,S"
"AYM00089574","2015-06-27","-69.383","76.383","64.0","PROGRESS, AY","    0","B,,S",,," -131",",,S"," -146",",,S"," -141","H,,S"
"AYM00089574","2015-06-28","-69.383","76.383","64.0","PROGRESS, AY","    0","B,,S",,,,,,," -166","H,,S"
"AYM00089574","2015-06-29","-69.383","76.383","64.0","PROGRESS, AY","    0","B,,S",,,,,,," -174","H,,S"
"AYM00089574","2015-06-30","-69.383","76.383","64.0","PROGRESS, AY","    0","B,,S",,," -185",",,S",,," -189","H,,S"
"AYM00089574","2015-07-01","-69.383","76.383","64.0","PROGRESS, AY","    0","B,,S",,,,,,," -231","H,,S"
"AYM00089574","2015-07-02","-69.383","76.383","64.0","PROGRESS, AY","    0","B,,S",,,,," -265",",,S"," -236","H,,S"
"AYM00089574","2015-07-03","-69.383","76.383","64.0","PROGRESS, AY","   25","B,,S",,," -167",",,S"," -214",",,S"," -180","H,,S"
"AYM00089574","2015-07-04","-69.383","76.383","64.0","PROGRESS, AY","   10","B,,S",,,,,,," -210","H,,S"
"AYM00089574","2015-07-05","-69.383","76.383","64.0","PROGRESS, AY","    0","B,,S",,,,,,," -319","H,,S"
"AYM00089574","2015-07-06","-69.383","76.383","64.0","PROGRESS, AY","    0","B,,S",,,,,,," -336","H,,S"
"AYM00089574","2015-07-07","-69.383","76.383","64.0","PROGRESS, AY","    8","B,,S",,,,,,," -329","H,,S"
"AYM00089574","2015-07-08","-69.383","76.383","64.0","PROGRESS, AY","    0","B,,S",,,,,,," -363","H,,S"
"AYM00089574","2015-07-09","-69.383","76.383","64.0","PROGRESS, AY","    0","B,,S",,,,," -375",",,S"," -313","H,,S"
"AYM00089574","2015-07-10","-69.383","76.383","64.0","PROGRESS, AY","    0","B,,S",,," -259",",,S",,," -277","H,,S"
"AYM00089574","2015-07-11","-69.383","76.383","64.0","PROGRESS, AY","    0","B,,S",,,,,,," -316","H,,S"
"AYM00089574","2015-07-12","-69.383","76.383","64.0","PROGRESS, AY","   10","B,,S",,,,," -343",",,S"," -236","H,,S"
"AYM00089574","2015-07-13","-69.383","76.383","64.0","PROGRESS, AY","    0","B,,S",,," -171",",,S"," -205",",,S"," -181","H,,S"
"AYM00089574","2015-07-14","-69.383","76.383","64.0","PROGRESS, AY","    5","B,,S",,,,,,," -229","H,,S"
"AYM00089574","2015-07-15","-69.383","76.383","64.0","PROGRESS, AY","    0","B,,S",,," -236",",,S"," -260",",,S"," -249","H,,S"
"AYM00089574","2015-07-16","-69.383","76.383","64.0","PROGRESS, AY","    5","B,,S",,,,," -251",",,S"," -153","H,,S"
"AYM00089574","2015-07-17","-69.383","76.383","64.0","PROGRESS, AY","    0","B,,S",,,"  -88",",,S"," -117",",,S"," -100","H,,S"
"AYM00089574","2015-07-18","-69.383","76.383","64.0","PROGRESS, AY","    0","B,,S",,,,,,," -121","H,,S"
"AYM00089574","2015-07-19","-69.383","76.383","64.0","PROGRESS, AY","    0","B,,S",,,,," -127",",,S","  -88","H,,S"
"AYM00089574","2015-07-20","-69.383","76.383","64.0","PROGRESS, AY","   33","B,,S",,,,,,," -115","H,,S"
"AYM00089574","2015-07-21","-69.383","76.383","64.0","PROGRESS, AY","   10","B,,S",,,,,,," -132","H,,S"
"AYM00089574","2015-07-22","-69.383","76.383","64.0","PROGRESS, AY","    0","B,,S",,,,,,," -177","H,,S"
"AYM00089574","2015-07-23","-69.383","76.383","64.0","PROGRESS, AY","    3","B,,S",,,,,,," -230","H,,S"
"AYM00089574","2015-07-24","-69.383","76.383","64.0","PROGRESS, AY","   10","B,,S",,,,," -233",",,S"," -124","H,,S"
"AYM00089574","2015-07-25","-69.383","76.383","64.0","PROGRESS, AY","   69","B,,S",,,"  -96",",,S"," -108",",,S"," -100","H,,S"
"AYM00089574","2015-07-26","-69.383","76.383","64.0","PROGRESS, AY","    0","B,,S",,," -110",",,S",,," -127","H,,S"
"AYM00089574","2015-07-27","-69.383","76.383","64.0","PROGRESS, AY","    0","B,,S",,,,,,," -193","H,,S"
"AYM00089574","2015-07-28","-69.383","76.383","64.0","PROGRESS, AY","    0","B,,S",,,,," -251",",,S"," -202","H,,S"
"AYM00089574","2015-07-29","-69.383","76.383","64.0","PROGRESS, AY","    8","B,,S",,,,,,," -214","H,,S"
"AYM00089574","2015-07-30","-69.383","76.383","64.0","PROGRESS, AY","    0","B,,S",,," -232",",,S"," -272",",,S"," -246","H,,S"
"AYM00089574","2015-07-31","-69.383","76.383","64.0","PROGRESS, AY","    3","B,,S",,," -268",",,S",,," -303","H,,S"
"AYM00089574","2015-08-01","-69.383","76.383","64.0","PROGRESS, AY","   41","B,,S",,,"  -88",",,S",,," -137","H,,S"
"AYM00089574","2015-08-03","-69.383","76.383","64.0","PROGRESS, AY",,,,,,," -177",",,S"," -156","H,,S"
"AYM00089574","2015-08-04","-69.383","76.383","64.0","PROGRESS, AY","    0","B,,S",,,"  -97",",,S",,," -112","H,,S"
"AYM00089574","2015-08-05","-69.383","76.383","64.0","PROGRESS, AY","    0","B,,S",,," -138",",,S"," -210",",,S"," -165","H,,S"
"AYM00089574","2015-08-06","-69.383","76.383","64.0","PROGRESS, AY","    0","B,,S",,,,,,," -211","H,,S"
"AYM00089574","2015-08-07","-69.383","76.383","64.0","PROGRESS, AY","    0","B,,S",,," -288",",,S",,," -297","H,,S"
"AYM00089574","2015-08-08","-69.383","76.383","64.0","PROGRESS, AY","    0","B,,S",,,,," -307",",,S"," -243","H,,S"
"AYM00089574","2015-08-09","-69.383","76.383","64.0","PROGRESS, AY","   20","B,,S",,,,,,," -164","H,,S"
"AYM00089574","2015-08-10","-69.383","76.383","64.0","PROGRESS, AY","    0","B,,S",,,,," -195",",,S"," -176","H,,S"
"AYM00089574","2015-08-11","-69.383","76.383","64.0","PROGRESS, AY","   10","B,,S",,,,,,," -187","H,,S"
"AYM00089574","2015-08-12","-69.383","76.383","64.0","PROGRESS, AY","    0","B,,S",,,,,,," -229","H,,S"
"AYM00089574","2015-08-13","-69.383","76.383","64.0","PROGRESS, AY","    0","B,,S",,,,,,," -281","H,,S"
"AYM00089574","2015-08-14","-69.383","76.383","64.0","PROGRESS, AY","    0","B,,S",,,,," -300",",,S"," -255","H,,S"
"AYM00089574","2015-08-15","-69.383","76.383","64.0","PROGRESS, AY","   76","B,,S",,,,," -221",",,S"," -103","H,,S"
"AYM00089574","2015-08-16","-69.383","76.383","64.0","PROGRESS, AY","   89","B,,S",,,,,,," -103","H,,S"
"AYM00089574","2015-08-17","-69.383","76.383","64.0","PROGRESS, AY","    0","B,,S",,,,," -152",",,S"," -123","H,,S"
"AYM00089574","2015-08-18","-69.383","76.383","64.0","PROGRESS, AY","   30","B,,S",,,,,,," -122","H,,S"
"AYM00089574","2015-08-19","-69.383","76.383","64.0","PROGRESS, AY","   43","B,,S",,,,,,," -254","H,,S"
"AYM00089574","2015-08-20","-69.383","76.383","64.0","PROGRESS, AY","    3","B,,S",,,,," -314",",,S"," -199","H,,S"
"AYM00089574","2015-08-21","-69.383","76.383","64.0","PROGRESS, AY","   20","B,,S",,,,," -132",",,S"," -106","H,,S"
"AYM00089574","2015-08-22","-69.383","76.383","64.0","PROGRESS, AY","   76","B,,S",,,"  -78",",,S",,,"  -86","H,,S"
"AYM00089574","2015-08-23","-69.383","76.383","64.0","PROGRESS, AY","    0","B,,S",,,,,,," -124","H,,S"
"AYM00089574","2015-08-24","-69.383","76.383","64.0","PROGRESS, AY","    0","B,,S",,," -145",",,S",,," -165","H,,S"
"AYM00089574","2015-08-25","-69.383","76.383","64.0","PROGRESS, AY","    0","B,,S",,," -172",",,S",,," -207","H,,S"
"AYM00089574","2015-08-26","-69.383","76.383","64.0","PROGRESS, AY","    0","B,,S",,," -148",",,S"," -226",",,S"," -167","H,,S"
"AYM00089574","2015-08-27","-69.383","76.383","64.0","PROGRESS, AY","    0","B,,S",,," -140",",,S",,," -159","H,,S"
"AYM00089574","2015-08-28","-69.383","76.383","64.0","PROGRESS, AY","    0","B,,S",,," -139",",,S"," -195",",,S"," -157","H,,S"
"AYM00089574","2015-08-29","-69.383","76.383","64.0","PROGRESS, AY",,,,,,,,," -136","H,,S"
"AYM00089574","2015-08-30","-69.383","76.383","64.0","PROGRESS, AY","    0","B,,S",,,,," -182",",,S"," -115","H,,S"
"AYM00089574","2015-08-31","-69.383","76.383","64.0","PROGRESS, AY","    8","B,,S",,,"  -53",",,S",,,"  -74","H,,S"
"AYM00089574","2015-09-01","-69.383","76.383","64.0","PROGRESS, AY","    5","B,,S",,,,,,," -125","H,,S"
"AYM00089574","2015-09-02","-69.383","76.383","64.0","PROGRESS, AY","   30","B,,S",,,,," -135",",,S","  -82","H,,S"
"AYM00089574","2015-09-03","-69.383","76.383","64.0","PROGRESS, AY","   10","B,,S",,,,,,,"  -78","H,,S"
"AYM00089574","2015-09-04","-69.383","76.383","64.0","PROGRESS, AY","    0","B,,S",,,"  -68",",,S"," -104",",,S","  -88","H,,S"
"AYM00089574","2015-09-05","-69.383","76.383","64.0","PROGRESS, AY","    0","B,,S",,,"  -75",",,S"," -104",",,S","  -88","H,,S"
"AYM00089574","2015-09-06","-69.383","76.383","64.0","PROGRESS, AY","   20","B,,S",,,"  -80",",,S",,,"  -90","H,,S"
"AYM00089574","2015-09-07","-69.383","76.383","64.0","PROGRESS, AY","   51","B,,S",,," -147",",,S",,," -170","H,,S"
"AYM00089574","2015-09-08","-69.383","76.383","64.0","PROGRESS, AY","    5","B,,S",,," -165",",,S",,," -202","H,,S"
"AYM00089574","2015-09-09","-69.383","76.383","64.0","PROGRESS, AY","    0","B,,S",,," -217",",,S",,," -281","H,,S"
"AYM00089574","2015-09-10","-69.383","76.383","64.0","PROGRESS, AY","    0","B,,S",,,,," -358",",,S"," -258","H,,S"
"AYM00089574","2015-09-11","-69.383","76.383","64.0","PROGRESS, AY","    5","B,,S",,," -119",",,S"," -221",",I,S"," -168","H,,S"
"AYM00089574","2015-09-12","-69.383","76.383","64.0","PROGRESS, AY","   10","B,,S",,," -277",",I,S",,," -312","H,,S"
"AYM00089574","2015-09-13","-69.383","76.383","64.0","PROGRESS, AY","    0","B,,S",,,"  -89",",,S",,," -109","H,,S"
"AYM00089574","2015-09-15","-69.383","76.383","64.0","PROGRESS, AY",,,,,,,,," -143","H,,S"
"AYM00089574","2015-09-16","-69.383","76.383","64.0","PROGRESS, AY","    0","B,,S",,," -159",",,S",,," -190","H,,S"
"AYM00089574","2015-09-17","-69.383","76.383","64.0","PROGRESS, AY","    0","B,,S",,,,," -223",",,S"," -200","H,,S"
"AYM00089574","2015-09-18","-69.383","76.383","64.0","PROGRESS, AY","   30","B,,S",,,,," -195",",,S"," -147","H,,S"
"AYM00089574","2015-09-19","-69.383","76.383","64.0","PROGRESS, AY","   51","B,,S",,,,,,," -135","H,,S"
"AYM00089574","2015-09-20","-69.383","76.383","64.0","PROGRESS, AY","    3","B,,S",,," -109",",,S"," -168",",,S"," -133","H,,S"
"AYM00089574","2015-09-21","-69.383","76.383","64.0","PROGRESS, AY","   23","B,,S",,,"  -70",",,S"," -124",",,S","  -98","H,,S"
"AYM00089574","2015-09-22","-69.383","76.383","64.0","PROGRESS, AY","    0","B,,S",,,"  -79",",,S"," -123",",I,S","  -96","H,,S"
"AYM00089574","2015-09-23","-69.383","76.383","64.0","PROGRESS, AY","    0","B,,S",,," -141",",I,S",,," -157","H,,S"
"AYM00089574","2015-09-24","-69.383","76.383","64.0","PROGRESS, AY","    0","B,,S",,," -182",",,S",,," -203","H,,S"
"AYM00089574","2015-09-25","-69.383","76.383","64.0","PROGRESS, AY","    0","B,,S",,," -213",",,S",,," -256","H,,S"
"AYM00089574","2015-09-26","-69.383","76.383","64.0","PROGRESS, AY","    3","B,,S",,," -177",",,S"," -282",",,S"," -203","H,,S"
"AYM00089574","2015-09-27","-69.383","76.383","64.0","PROGRESS, AY","    0","B,,S",,,,," -191",",,S"," -148","H,,S"
"AYM00089574","2015-09-28","-69.383","76.383","64.0","PROGRESS, AY","    5","B,,S",,,"  -79",",,S"," -138",",,S"," -112","H,,S"
"AYM00089574","2015-09-29","-69.383","76.383","64.0","PROGRESS, AY","    5","B,,S",,,,," -142",",,S"," -124","H,,S"
"AYM00089574","2015-10-01","-69.383","76.383","64.0","PROGRESS, AY","    0","B,,S",,," -104",",,S",,," -128","H,,S"
"AYM00089574","2015-10-02","-69.383","76.383","64.0","PROGRESS, AY","    0","B,,S",,,,," -170",",,S"," -148","H,,S"
"AYM00089574","2015-10-03","-69.383","76.383","64.0","PROGRESS, AY","    0","B,,S",,,,," -168",",,S"," -158","H,,S"
"AYM00089574","2015-10-04","-69.383","76.383","64.0","PROGRESS, AY","    0","B,,S",,,"  -90",",,S"," -154",",,S"," -125","H,,S"
"AYM00089574","2015-10-05","-69.383","76.383","64.0","PROGRESS, AY",,,,," -117",",,S"," -173",",,S"," -146","H,,S"
"AYM00089574","2015-10-06","-69.383","76.383","64.0","PROGRESS, AY","    0","B,,S",,," -117",",,S"," -177",",,S"," -159","H,,S"
"AYM00089574","2015-10-07","-69.383","76.383","64.0","PROGRESS, AY","    0","B,,S",,," -145",",,S"," -180",",,S"," -166","H,,S"
"AYM00089574","2015-10-08","-69.383","76.383","64.0","PROGRESS, AY","    0","B,,S",,," -137",",,S",,," -176","H,,S"
"AYM00089574","2015-10-09","-69.383","76.383","64.0","PROGRESS, AY","    0","B,,S",,," -142",",,S"," -208",",,S"," -163","H,,S"
"AYM00089574","2015-10-10","-69.383","76.383","64.0","PROGRESS, AY","    0","B,,S",,,"  -66",",,S"," -185",",,S"," -126","H,,S"
"AYM00089574","2015-10-11","-69.383","76.383","64.0","PROGRESS, AY","    0","B,,S",,,"  -98",",,S"," -157",",,S"," -121","H,,S"
"AYM00089574","2015-10-12","-69.383","76.383","64.0","PROGRESS, AY","    0","B,,S",,,"  -79",",,S"," -123",",,S","  -94","H,,S"
"AYM00089574","2015-10-13","-69.383","76.383","64.0","PROGRESS, AY","    5","B,,S",,,"  -81",",,S",,," -101","H,,S"
"AYM00089574","2015-10-14","-69.383","76.383","64.0","PROGRESS, AY","    0","B,,S",,,"  -72",",,S",,," -125","H,,S"
"AYM00089574","2015-10-15","-69.383","76.383","64.0","PROGRESS, AY","    0","B,,S",,," -134",",,S"," -171",",,S"," -154","H,,S"
"AYM00089574","2015-10-16","-69.383","76.383","64.0","PROGRESS, AY","    0","B,,S",,," -149",",,S"," -186",",,S"," -169","H,,S"
"AYM00089574","2015-10-17","-69.383","76.383","64.0","PROGRESS, AY","    3","B,,S",,,"  -69",",,S"," -179",",,S"," -103","H,,S"
"AYM00089574","2015-10-18","-69.383","76.383","64.0","PROGRESS, AY","    0","B,,S",,,"  -53",",,S","  -92",",,S","  -69","H,,S"
"AYM00089574","2015-10-19","-69.383","76.383","64.0","PROGRESS, AY","    0","B,,S",,,"  -47",",,S",,,"  -86","H,,S"
"AYM00089574","2015-10-20","-69.383","76.383","64.0","PROGRESS, AY","    0","B,,S",,,"  -82",",,S"," -130",",,S"," -114","H,,S"
"AYM00089574","2015-10-21","-69.383","76.383","64.0","PROGRESS, AY",,,,," -102",",,S"," -147",",,S"," -124","H,,S"
"AYM00089574","2015-10-22","-69.383","76.383","64.0","PROGRESS, AY","    0","B,,S",,,"  -80",",,S"," -129",",,S"," -108","H,,S"
"AYM00089574","2015-10-23","-69.383","76.383","64.0","PROGRESS, AY","    0","B,,S",,,"  -81",",,S"," -117",",,S"," -102","H,,S"
"AYM00089574","2015-10-24","-69.383","76.383","64.0","PROGRESS, AY","    0","B,,S",,,"  -69",",,S"," -114",",,S","  -95","H,,S"
"AYM00089574","2015-10-25","-69.383","76.383","64.0","PROGRESS, AY","    0","B,,S",,,"  -98",",,S",,," -138","H,,S"
"AYM00089574","2015-10-26","-69.383","76.383","64.0","PROGRESS, AY","    0","B,,S",,," -123",",,S"," -180",",,S"," -142","H,,S"
"AYM00089574","2015-10-27","-69.383","76.383","64.0","PROGRESS, AY","    0","B,,S",,,"  -91",",,S"," -164",",,S"," -128","H,,S"
"AYM00089574","2015-10-28","-69.383","76.383","64.0","PROGRESS, AY","    0","B,,S",,,"  -56",",,S"," -124",",,S","  -88","H,,S"
"AYM00089574","2015-10-29","-69.383","76.383","64.0","PROGRESS, AY","    3","B,,S",,,"  -68",",,S","  -95",",,S","  -82","H,,S"
"AYM00089574","2015-10-30","-69.383","76.383","64.0","PROGRESS, AY","    8","B,,S",,,"  -68",",,S",,,"  -90","H,,S"
"AYM00089574","2015-11-01","-69.383","76.383","64.0","PROGRESS, AY",,,,,"  -22",",,S",,,"  -53","H,,S"
"AYM00089574","2015-11-02","-69.383","76.383","64.0","PROGRESS, AY","   20","B,,S",,,,,,,"  -43","H,,S"
"AYM00089574","2015-11-03","-69.383","76.383","64.0","PROGRESS, AY","   10","B,,S",,,"  -12",",,S",,,"  -34","H,,S"
"AYM00089574","2015-11-04","-69.383","76.383","64.0","PROGRESS, AY","    0","B,,S",,,"  -34",",,S",,,"  -69","H,,S"
"AYM00089574","2015-11-05","-69.383","76.383","64.0","PROGRESS, AY","    0","B,,S",,,"  -32",",,S"," -105",",,S","  -66","H,,S"
"AYM00089574","2015-11-06","-69.383","76.383","64.0","PROGRESS, AY","    0","B,,S",,,"  -19",",,S",,,"  -58","H,,S"
"AYM00089574","2015-11-07","-69.383","76.383","64.0","PROGRESS, AY","    0","B,,S",,,"  -71",",,S"," -114",",,S","  -93","H,,S"
"AYM00089574","2015-11-08","-69.383","76.383","64.0","PROGRESS, AY","    0","B,,S",,,"  -73",",,S"," -111",",,S","  -85","H,,S"
"AYM00089574","2015-11-09","-69.383","76.383","64.0","PROGRESS, AY","    0","B,,S",,,"  -34",",,S","  -86",",,S","  -62","H,,S"
"AYM00089574","2015-11-10","-69.383","76.383","64.0","PROGRESS, AY","    0","B,,S",,,"  -27",",,S"," -101",",,S","  -60","H,,S"
"AYM00089574","2015-11-11","-69.383","76.383","64.0","PROGRESS, AY","    0","B,,S",,,"  -31",",,S",,,"  -53","H,,S"
"AYM00089574","2015-11-12","-69.383","76.383","64.0","PROGRESS, AY","    0","B,,S",,,"  -58",",,S","  -89",",,S","  -73","H,,S"
"AYM00089574","2015-11-13","-69.383","76.383","64.0","PROGRESS, AY",,,,,"  -16",",,S","  -81",",,S","  -47","H,,S"
"AYM00089574","2015-11-14","-69.383","76.383","64.0","PROGRESS, AY","    0","B,,S",,,"  -30",",,S","  -95",",,S","  -61","H,,S"
"AYM00089574","2015-11-15","-69.383","76.383","64.0","PROGRESS, AY","    0","B,,S",,,"  -37",",,S","  -96",",,S","  -68","H,,S"
"AYM00089574","2015-11-17","-69.383","76.383","64.0","PROGRESS, AY","    0","B,,S",,,"  -55",",,S"," -110",",,S","  -79","H,,S"
"AYM00089574","2015-11-18","-69.383","76.383","64.0","PROGRESS, AY","    0","B,,S",,,"  -24",",,S","  -87",",,S","  -44","H,,S"
"AYM00089574","2015-11-19","-69.383","76.383","64.0","PROGRESS, AY","    0","B,,S",,,"  -25",",,S","  -50",",,S","  -39","H,,S"
"AYM00089574","2015-11-20","-69.383","76.383","64.0","PROGRESS, AY","    0","B,,S",,,"  -22",",,S",,,"  -50","H,,S"
"AYM00089574","2015-11-21","-69.383","76.383","64.0","PROGRESS, AY","    0","B,,S",,,"  -40",",,S","  -86",",,S","  -60","H,,S"
"AYM00089574","2015-11-22","-69.383","76.383","64.0","PROGRESS, AY","    0","B,,S",,,"  -36",",,S",,,"  -62","H,,S"
"AYM00089574","2015-11-23","-69.383","76.383","64.0","PROGRESS, AY","    0","B,,S",,,"  -31",",,S"," -101",",,S","  -55","H,,S"
"AYM00089574","2015-11-24","-69.383","76.383","64.0","PROGRESS, AY","   41","B,,S",,,,,"  -56",",,S","  -29","H,,S"
"AYM00089574","2015-11-25","-69.383","76.383","64.0","PROGRESS, AY","   71","B,,S",,,"   -6",",,S","  -14",",,S","  -12","H,,S"
"AYM00089574","2015-11-26","-69.383","76.383","64.0","PROGRESS, AY","   30","B,,S",,,"   49",",,S","  -15",",,S","    5","H,,S"
"AYM00089574","2015-11-27","-69.383","76.383","64.0","PROGRESS, AY","   79","B,,S",,,"   -9",",,S",,,"  -18","H,,S"
"AYM00089574","2015-11-28","-69.383","76.383","64.0","PROGRESS, AY","   13","B,,S",,,"   -3",",,S","  -35",",,S","  -22","H,,S"
"AYM00089574","2015-11-29","-69.383","76.383","64.0","PROGRESS, AY","    0","B,,S",,,"    3",",,S","  -32",",,S","  -17","H,,S"
"AYM00089574","2015-11-30","-69.383","76.383","64.0","PROGRESS, AY","    0","B,,S",,,"   -2",",,S","  -50",",,S","  -28","H,,S"
"AYM00089574","2015-12-01","-69.383","76.383","64.0","PROGRESS, AY","    0","B,,S",,,"  -15",",,S","  -60",",,S","  -32","H,,S"
"AYM00089574","2015-12-02","-69.383","76.383","64.0","PROGRESS, AY","   10","B,,S",,,"  -13",",,S",,,"  -26","H,,S"
"AYM00089574","2015-12-03","-69.383","76.383","64.0","PROGRESS, AY","    0","B,,S",,,"   14",",,S","  -69",",,S","  -10","H,,S"
"AYM00089574","2015-12-04","-69.383","76.383","64.0","PROGRESS, AY","    5","B,,S",,,"   32",",,S","  -26",",,S","    8","H,,S"
"AYM00089574","2015-12-05","-69.383","76.383","64.0","PROGRESS, AY","    0","B,,S",,,"   21",",,S","   -9",",,S","    7","H,,S"
"AYM00089574","2015-12-06","-69.383","76.383","64.0","PROGRESS, AY","    0","B,,S",,,"   30",",,S","  -15",",,S","   11","H,,S"
"AYM00089574","2015-12-07","-69.383","76.383","64.0","PROGRESS, AY","    0","B,,S",,,"   39",",,S","  -25",",,S","   -2","H,,S"
"AYM00089574","2015-12-08","-69.383","76.383","64.0","PROGRESS, AY","    0","B,,S",,,"    2",",,S",,,"  -27","H,,S"
"AYM00089574","2015-12-09","-69.383","76.383","64.0","PROGRESS, AY","    0","B,,S",,,"   -3",",,S","  -58",",,S","  -15","H,,S"
"AYM00089574","2015-12-10","-69.383","76.383","64.0","PROGRESS, AY","    0","B,,S",,,"    8",",,S",,,"  -11","H,,S"
"AYM00089574","2015-12-11","-69.383","76.383","64.0","PROGRESS, AY","    0","B,,S",,,"   24",",,S","  -47",",,S","  -12","H,,S"
"AYM00089574","2015-12-12","-69.383","76.383","64.0","PROGRESS, AY","    0","B,,S",,,"   30",",,S","  -39",",,S","   -1","H,,S"
"AYM00089574","2015-12-13","-69.383","76.383","64.0","PROGRESS, AY","    0","B,,S",,,"   28",",,S"," -119",",,S","   -3","H,,S"
"AYM00089574","2015-12-14","-69.383","76.383","64.0","PROGRESS, AY","    0","B,,S",,,"   36",",,S","  -31",",,S","   -8","H,,S"
"AYM00089574","2015-12-15","-69.383","76.383","64.0","PROGRESS, AY","    0","B,,S",,,"   51",",,S","  -23",",,S","   22","H,,S"
"AYM00089574","2015-12-16","-69.383","76.383","64.0","PROGRESS, AY","    0","B,,S",,,"   50",",,S",,,"   25","H,,S"
"AYM00089574","2015-12-17","-69.383","76.383","64.0","PROGRESS, AY","    0","B,,S",,,"   18",",,S",,,"    3","H,,S"
"AYM00089574","2015-12-18","-69.383","76.383","64.0","PROGRESS, AY","    0","B,,S",,,"    8",",,S","  -13",",,S","   -6","H,,S"
"AYM00089574","2015-12-19","-69.383","76.383","64.0","PROGRESS, AY","   20","B,,S",,,"    9",",,S","  -17",",,S","   -1","H,,S"
"AYM00089574","2015-12-22","-69.383","76.383","64.0","PROGRESS, AY",,,,,,,,,"   15","H,,S"
"AYM00089574","2015-12-23","-69.383","76.383","64.0","PROGRESS, AY","    8","B,,S",,,"   -6",",,S",,,"  -13","H,,S"
"AYM00089574","2015-12-25","-69.383","76.383","64.0","PROGRESS, AY","    0","B,,S",,,"   30",",,S","  -21",",,S","   10","H,,S"
"AYM00089574","2015-12-26","-69.383","76.383","64.0","PROGRESS, AY","    0","B,,S",,,"   26",",,S","  -16",",,S","    0","H,,S"
"AYM00089574","2015-12-27","-69.383","76.383","64.0","PROGRESS, AY","    0","B,,S",,,"   25",",,S","  -25",",,S","   -5","H,,S"
"AYM00089574","2015-12-28","-69.383","76.383","64.0","PROGRESS, AY","    0","B,,S",,,"   12",",,S","  -26",",,S","   -7","H,,S"
"AYM00089574","2015-12-30","-69.383","76.383","64.0","PROGRESS, AY","    0","B,,S",,,"   14",",,S","  -26",",,S","   -8","H,,S"
"AYM00089574","2015-12-31","-69.383","76.383","64.0","PROGRESS, AY","    0","B,,S",,,"   14",",,S","  -35",",,S","    3","H,,S"
"AYM00089574","2016-01-02","-69.383","76.383","64.0","PROGRESS, AY","    0","B,,S",,,"   47",",,S","  -10",",,S","   15","H,,S"
"AYM00089574","2016-01-03","-69.383","76.383","64.0","PROGRESS, AY","    0","B,,S",,,"   25",",,S","  -15",",,S","    8","H,,S"
"AYM00089574","2016-01-04","-69.383","76.383","64.0","PROGRESS, AY",,,,,"   10",",,S",,,"   -9","H,,S"
"AYM00089574","2016-01-05","-69.383","76.383","64.0","PROGRESS, AY","    3","B,,S",,,"   41",",,S","  -31",",,S","   11","H,,S"
"AYM00089574","2016-01-06","-69.383","76.383","64.0","PROGRESS, AY",,,,,,,"   -5",",,S","   13","H,,S"
"AYM00089574","2016-01-07","-69.383","76.383","64.0","PROGRESS, AY",,,,,"   19",",,S","   -9",",,S","    2","H,,S"
"AYM00089574","2016-01-08","-69.383","76.383","64.0","PROGRESS, AY","    0","B,,S",,,"   31",",,S",,,"    6","H,,S"
"AYM00089574","2016-01-09","-69.383","76.383","64.0","PROGRESS, AY","    0","B,,S",,,"   18",",,S","  -40",",,S","   -9","H,,S"
"AYM00089574","2016-01-10","-69.383","76.383","64.0","PROGRESS, AY","    0","B,,S",,,"   16",",,S","  -38",",,S","   -8","H,,S"
"AYM00089574","2016-01-11","-69.383","76.383","64.0","PROGRESS, AY",,,,,"   11",",,S","  -37",",,S","  -10","H,,S"
"AYM00089574","2016-01-12","-69.383","76.383","64.0","PROGRESS, AY",,,,,"   12",",,S","  -38",",,S","  -17","H,,S"
"AYM00089574","2016-01-13","-69.383","76.383","64.0","PROGRESS, AY","    0","B,,S",,,"    3",",,S","  -50",",,S","  -22","H,,S"
"AYM00089574","2016-01-14","-69.383","76.383","64.0","PROGRESS, AY","    0","B,,S",,,"   12",",,S","  -37",",,S","  -11","H,,S"
"AYM00089574","2016-01-15","-69.383","76.383","64.0","PROGRESS, AY",,,,,"    2",",,S","  -48",",,S","  -16","H,,S"
"AYM00089574","2016-01-16","-69.383","76.383","64.0","PROGRESS, AY","    0","B,,S",,,"   12",",,S","  -49",",,S","  -11","H,,S"
"AYM00089574","2016-01-17","-69.383","76.383","64.0","PROGRESS, AY","    0","B,,S",,,"   27",",,S","  -15",",,S","    1","H,,S"
"AYM00089574","2016-01-18","-69.383","76.383","64.0","PROGRESS, AY","   10","B,,S",,,"    8",",,S","  -29",",,S","  -17","H,,S"
"AYM00089574","2016-01-19","-69.383","76.383","64.0","PROGRESS, AY","    5","B,,S",,,,,"  -28",",,S","  -10","H,,S"
"AYM00089574","2016-01-20","-69.383","76.383","64.0","PROGRESS, AY","    5","B,,S",,,"    5",",,S",,,"  -12","H,,S"
"AYM00089574","2016-01-21","-69.383","76.383","64.0","PROGRESS, AY","    0","B,,S",,,"    8",",,S","  -37",",,S","  -12","H,,S"
"AYM00089574","2016-01-22","-69.383","76.383","64.0","PROGRESS, AY","    0","B,,S",,,"   19",",,S","  -23",",,S","   -1","H,,S"
"AYM00089574","2016-01-23","-69.383","76.383","64.0","PROGRESS, AY","    0","B,,S",,,"   28",",,S","   -9",",,S","    6","H,,S"
"AYM00089574","2016-01-24","-69.383","76.383","64.0","PROGRESS, AY","    0","B,,S",,,"   27",",,S","   -9",",,S","    7","H,,S"
"AYM00089574","2016-01-25","-69.383","76.383","64.0","PROGRESS, AY","    3","B,,S",,,"   23",",,S","   -8",",,S","    7","H,,S"
"AYM00089574","2016-01-26","-69.383","76.383","64.0","PROGRESS, AY","    3","B,,S",,,"    8",",,S","  -16",",,S","   -3","H,,S"
"AYM00089574","2016-01-27","-69.383","76.383","64.0","PROGRESS, AY","    0","B,,S",,,"   22",",,S",,,"   -1","H,,S"
"AYM00089574","2016-01-28","-69.383","76.383","64.0","PROGRESS, AY","    0","B,,S",,,"   14",",,S","  -19",",,S","   -4","H,,S"
"AYM00089574","2016-01-29","-69.383","76.383","64.0","PROGRESS, AY","    0","B,,S",,,"   14",",,S","  -37",",,S","   -5","H,,S"
"AYM00089574","2016-01-30","-69.383","76.383","64.0","PROGRESS, AY","   41","B,,S",,,"   -4",",,S","  -19",",,S","  -12","H,,S"
"AYM00089574","2016-01-31","-69.383","76.383","64.0","PROGRESS, AY","   43","B,,S",,,"   49",",,S",,,"   -8","H,,S"
"AYM00089574","2016-02-01","-69.383","76.383","64.0","PROGRESS, AY","    0","B,,S",,,"    7",",,S","  -43",",,S","  -13","H,,S"
"AYM00089574","2016-02-02","-69.383","76.383","64.0","PROGRESS, AY","    0","B,,S",,,"    6",",,S","  -42",",,S","    0","H,,S"
"AYM00089574","2016-02-03","-69.383","76.383","64.0","PROGRESS, AY","    0","B,,S",,,"   17",",,S",,,"   -9","H,,S"
"AYM00089574","2016-02-04","-69.383","76.383","64.0","PROGRESS, AY","    0","B,,S",,,"  -12",",,S","  -43",",,S","  -28","H,,S"
"AYM00089574","2016-02-05","-69.383","76.383","64.0","PROGRESS, AY",,,,,"   -7",",,S","  -35",",,S","  -23","H,,S"
"AYM00089574","2016-02-06","-69.383","76.383","64.0","PROGRESS, AY",,,,,"  -12",",,S","  -37",",,S","  -23","H,,S"
"AYM00089574","2016-02-07","-69.383","76.383","64.0","PROGRESS, AY","    0","B,,S",,,"   -8",",,S","  -57",",,S","  -36","H,,S"
"AYM00089574","2016-02-08","-69.383","76.383","64.0","PROGRESS, AY","    0","B,,S",,,"  -21",",,S","  -44",",,S","  -30","H,,S"
"AYM00089574","2016-02-09","-69.383","76.383","64.0","PROGRESS, AY","    0","B,,S",,,"  -11",",,S",,,"  -41","H,,S"
"AYM00089574","2016-02-10","-69.383","76.383","64.0","PROGRESS, AY","    0","B,,S",,,"  -28",",,S","  -71",",,S","  -53","H,,S"
"AYM00089574","2016-02-11","-69.383","76.383","64.0","PROGRESS, AY",,,,,"  -29",",,S","  -81",",,S","  -59","H,,S"
"AYM00089574","2016-02-12","-69.383","76.383","64.0","PROGRESS, AY","    0","B,,S",,,"  -48",",,S","  -90",",,S","  -69","H,,S"
"AYM00089574","2016-02-13","-69.383","76.383","64.0","PROGRESS, AY",,,,,,,"  -77",",,S","  -51","H,,S"
"AYM00089574","2016-02-14","-69.383","76.383","64.0","PROGRESS, AY","    0","B,,S",,,"  -50",",,S","  -84",",,S","  -64","H,,S"
"AYM00089574","2016-02-16","-69.383","76.383","64.0","PROGRESS, AY","    0","B,,S",,,"  -46",",,S","  -92",",,S","  -68","H,,S"
"AYM00089574","2016-02-17","-69.383","76.383","64.0","PROGRESS, AY","    0","B,,S",,,,,"  -74",",,S","  -16","H,,S"
"AYM00089574","2016-02-19","-69.383","76.383","64.0","PROGRESS, AY","    0","B,,S",,,"    9",",,S",,,"  -24","H,,S"
"AYM00089574","2016-02-20","-69.383","76.383","64.0","PROGRESS, AY","    0","B,,S",,,"  -27",",,S","  -68",",,S","  -54","H,,S"
"AYM00089574","2016-02-21","-69.383","76.383","64.0","PROGRESS, AY","    0","B,,S",,,"  -48",",,S","  -80",",,S","  -63","H,,S"
"AYM00089574","2016-02-22","-69.383","76.383","64.0","PROGRESS, AY","   20","B,,S",,,"  -26",",,S","  -71",",,S","  -41","H,,S"
"AYM00089574","2016-02-23","-69.383","76.383","64.0","PROGRESS, AY",,,,,"  -21",",,S",,,"  -35","H,,S"
"AYM00089574","2016-02-24","-69.383","76.383","64.0","PROGRESS, AY","    0","B,,S",,,"  -14",",,S","  -51",",,S","  -33","H,,S"
"AYM00089574","2016-02-25","-69.383","76.383","64.0","PROGRESS, AY","    3","B,,S",,,"  -15",",,S","  -60",",,S","  -48","H,,S"
"AYM00089574","2016-02-26","-69.383","76.383","64.0","PROGRESS, AY","    0","B,,S",,,"  -38",",,S",,,"  -72","H,,S"
"AYM00089574","2016-02-27","-69.383","76.383","64.0","PROGRESS, AY","    0","B,,S",,,"  -72",",,S"," -114",",,S","  -90","H,,S"
"AYM00089574","2016-02-28","-69.383","76.383","64.0","PROGRESS, AY","    0","B,,S",,,"  -46",",,S","  -91",",,S","  -67","H,,S"
"AYM00089574","2016-02-29","-69.383","76.383","64.0","PROGRESS, AY","    0","B,,S",,,,,"  -94",",,S","  -70","H,,S"
"AYM00089574","2016-03-01","-69.383","76.383","64.0","PROGRESS, AY","    0","B,,S",,,,,"  -86",",,S","  -66","H,,S"
"AYM00089574","2016-03-02","-69.383","76.383","64.0","PROGRESS, AY","    0","B,,S",,,,,"  -96",",,S","  -78","H,,S"
"AYM00089574","2016-03-03","-69.383","76.383","64.0","PROGRESS, AY","    0","B,,S",,,,,"  -94",",,S","  -47","H,,S"
"AYM00089574","2016-03-04","-69.383","76.383","64.0","PROGRESS, AY","    0","B,,S",,,"  -12",",,S","  -25",",I,S","  -18","H,,S"
"AYM00089574","2016-03-05","-69.383","76.383","64.0","PROGRESS, AY",,,,,"  -45",",I,S",,,"  -59","H,,S"
"AYM00089574","2016-03-06","-69.383","76.383","64.0","PROGRESS, AY","   20","B,,S",,,,,"  -72",",,S","  -51","H,,S"
"AYM00089574","2016-03-07","-69.383","76.383","64.0","PROGRESS, AY","  419","B,,S",,,"   -9",",,S",,,"  -23","H,,S"
"AYM00089574","2016-03-08","-69.383","76.383","64.0","PROGRESS, AY","    8","B,,S",,,"   -4",",,S","  -42",",,S","  -32","H,,S"
"AYM00089574","2016-03-09","-69.383","76.383","64.0","PROGRESS, AY","    0","B,,S",,,"  -47",",,S",,,"  -62","H,,S"
"AYM00089574","2016-03-10","-69.383","76.383","64.0","PROGRESS, AY","    0","B,,S",,,"  -70",",,S","  -92",",,S","  -84","H,,S"
"AYM00089574","2016-03-11","-69.383","76.383","64.0","PROGRESS, AY","    0","B,,S",,,"  -52",",,S",,,"  -87","H,,S"
"AYM00089574","2016-03-12","-69.383","76.383","64.0","PROGRESS, AY",,,,,"  -81",",,S"," -126",",,S"," -103","H,,S"
"AYM00089574","2016-03-13","-69.383","76.383","64.0","PROGRESS, AY",,,,,"  -74",",,S"," -114",",,S","  -91","H,,S"
"AYM00089574","2016-03-14","-69.383","76.383","64.0","PROGRESS, AY","  140","B,,S",,,,,,,"  -74","H,,S"
"AYM00089574","2016-03-15","-69.383","76.383","64.0","PROGRESS, AY",,,,,"  -77",",,S",,,"  -98","H,,S"
"AYM00089574","2016-03-16","-69.383","76.383","64.0","PROGRESS, AY",,,,,"  -63",",,S"," -113",",,S","  -82","H,,S"
"AYM00089574","2016-03-17","-69.383","76.383","64.0","PROGRESS, AY","    5","B,,S",,,"  -50",",,S",,,"  -69","H,,S"
"AYM00089574","2016-03-18","-69.383","76.383","64.0","PROGRESS, AY","    0","B,,S",,,"  -73",",,S"," -106",",,S","  -84","H,,S"
"AYM00089574","2016-03-19","-69.383","76.383","64.0","PROGRESS, AY","    0","B,,S",,,"  -85",",,S",,,"  -97","H,,S"
"AYM00089574","2016-03-20","-69.383","76.383","64.0","PROGRESS, AY","    0","B,,S",,," -110",",,S",,," -128","H,,S"
"AYM00089574","2016-03-21","-69.383","76.383","64.0","PROGRESS, AY","    0","B,,S",,," -144",",,S"," -164",",,S"," -155","H,,S"
"AYM00089574","2016-03-22","-69.383","76.383","64.0","PROGRESS, AY","    0","B,,S",,," -131",",,S"," -165",",,S"," -149","H,,S"
"AYM00089574","2016-03-24","-69.383","76.383","64.0","PROGRESS, AY","    0","B,,S",,," -165",",,S",,," -180","H,,S"
"AYM00089574","2016-03-25","-69.383","76.383","64.0","PROGRESS, AY","    0","B,,S",,,,," -195",",,S"," -182","H,,S"
"AYM00089574","2016-03-26","-69.383","76.383","64.0","PROGRESS, AY","    8","B,,S",,," -122",",,S"," -171",",I,S"," -151","H,,S"
"AYM00089574","2016-03-27","-69.383","76.383","64.0","PROGRESS, AY","    5","B,,S",,," -196",",I,S",,," -215","H,,S"
"AYM00089574","2016-03-28","-69.383","76.383","64.0","PROGRESS, AY","    0","B,,S",,,,," -247",",,S"," -212","H,,S"
"AYM00089574","2016-03-29","-69.383","76.383","64.0","PROGRESS, AY","    0","B,,S",,,,," -195",",,S"," -164","H,,S"
"AYM00089574","2016-03-30","-69.383","76.383","64.0","PROGRESS, AY",,,,,,," -136",",,S","  -93","H,,S"
"AYM00089574","2016-03-31","-69.383","76.383","64.0","PROGRESS, AY","    0","B,,S",,,"  -97",",,S",,," -110","H,,S"
"AYM00089574","2016-04-01","-69.383","76.383","64.0","PROGRESS, AY","    0","B,,S",,," -109",",,S"," -129",",,S"," -121","H,,S"
"AYM00089574","2016-04-02","-69.383","76.383","64.0","PROGRESS, AY","    0","B,,S",,," -116",",,S",,," -128","H,,S"
"AYM00089574","2016-04-03","-69.383","76.383","64.0","PROGRESS, AY","    0","B,,S",,,,," -149",",,S"," -129","H,,S"
"AYM00089574","2016-04-04","-69.383","76.383","64.0","PROGRESS, AY","    8","B,,S",,,,,"  -84",",,S","  -47","H,,S"
"AYM00089574","2016-04-05","-69.383","76.383","64.0","PROGRESS, AY",,,,,"  -44",",,S",,,"  -51","H,,S"
"AYM00089574","2016-04-06","-69.383","76.383","64.0","PROGRESS, AY","  119","B,,S",,,,,,,"  -89","H,,S"
"AYM00089574","2016-04-07","-69.383","76.383","64.0","PROGRESS, AY","    0","B,,S",,," -115",",,S",,," -141","H,,S"
"AYM00089574","2016-04-08","-69.383","76.383","64.0","PROGRESS, AY","    0","B,,S",,," -164",",,S",,," -176","H,,S"
"AYM00089574","2016-04-09","-69.383","76.383","64.0","PROGRESS, AY",,,,," -150",",,S"," -190",",,S"," -162","H,,S"
"AYM00089574","2016-04-11","-69.383","76.383","64.0","PROGRESS, AY","    5","B,,S",,,"  -66",",,S"," -101",",,S","  -78","H,,S"
"AYM00089574","2016-04-12","-69.383","76.383","64.0","PROGRESS, AY","    8","B,,S",,,,,,,"  -98","H,,S"
"AYM00089574","2016-04-13","-69.383","76.383","64.0","PROGRESS, AY","    0","B,,S",,," -100",",,S",,," -129","H,,S"
"AYM00089574","2016-04-14","-69.383","76.383","64.0","PROGRESS, AY","    0","B,,S",,," -144",",,S",,," -171","H,,S"
"AYM00089574","2016-04-15","-69.383","76.383","64.0","PROGRESS, AY","    0","B,,S",,," -160",",,S"," -198",",,S"," -177","H,,S"
"AYM00089574","2016-04-16","-69.383","76.383","64.0","PROGRESS, AY","    0","B,,S",,," -197",",,S",,," -204","H,,S"
"AYM00089574","2016-04-17","-69.383","76.383","64.0","PROGRESS, AY","  119","B,,S",,,,," -213",",,S"," -141","H,,S"
"AYM00089574","2016-04-18","-69.383","76.383","64.0","PROGRESS, AY","    5","B,,S",,,"  -47",",,S"," -132",",,S","  -61","H,,S"
"AYM00089574","2016-04-19","-69.383","76.383","64.0","PROGRESS, AY","    0","B,,S",,,"  -85",",,S",,,"  -96","H,,S"
"AYM00089574","2016-04-20","-69.383","76.383","64.0","PROGRESS, AY","    0","B,,S",,," -122",",,S",,," -138","H,,S"
"AYM00089574","2016-04-21","-69.383","76.383","64.0","PROGRESS, AY","    0","B,,S",,," -148",",,S"," -163",",,S"," -155","H,,S"
"AYM00089574","2016-04-22","-69.383","76.383","64.0","PROGRESS, AY","    0","B,,S",,," -165",",,S",,," -182","H,,S"
"AYM00089574","2016-04-23","-69.383","76.383","64.0","PROGRESS, AY","    0","B,,S",,," -185",",,S"," -204",",,S"," -192","H,,S"
"AYM00089574","2016-04-24","-69.383","76.383","64.0","PROGRESS, AY",,,,," -188",",,S",,," -207","H,,S"
"AYM00089574","2016-04-26","-69.383","76.383","64.0","PROGRESS, AY","   91","B,,S",,," -123",",,S"," -164",",,S"," -142","H,,S"
"AYM00089574","2016-04-27","-69.383","76.383","64.0","PROGRESS, AY","    0","B,,S",,,,,,," -182","H,,S"
"AYM00089574","2016-04-28","-69.383","76.383","64.0","PROGRESS, AY",,,,,,," -198",",,S"," -162","H,,S"
"AYM00089574","2016-04-29","-69.383","76.383","64.0","PROGRESS, AY","   28","B,,S",,,"  -90",",,S"," -135",",,S","  -98","H,,S"
"AYM00089574","2016-04-30","-69.383","76.383","64.0","PROGRESS, AY",,,,,,," -105",",,S","  -93","H,,S"
"AYM00089574","2016-05-01","-69.383","76.383","64.0","PROGRESS, AY",,,,,,,,," -155","H,,S"
"AYM00089574","2016-05-02","-69.383","76.383","64.0","PROGRESS, AY","    5","B,,S",,,,,,," -242","H,,S"
"AYM00089574","2016-05-03","-69.383","76.383","64.0","PROGRESS, AY","    0","B,,S",,," -237",",,S"," -271",",,S"," -260","H,,S"
"AYM00089574","2016-05-04","-69.383","76.383","64.0","PROGRESS, AY","    0","B,,S",,,,,,," -281","H,,S"
"AYM00089574","2016-05-05","-69.383","76.383","64.0","PROGRESS, AY","    5","B,,S",,,,," -309",",,S"," -199","H,,S"
"AYM00089574","2016-05-06","-69.383","76.383","64.0","PROGRESS, AY","    3","B,,S",,," -105",",,S"," -158",",,S"," -121","H,,S"
"AYM00089574","2016-05-07","-69.383","76.383","64.0","PROGRESS, AY",,,,,,," -114",",,S","  -67","H,,S"
"AYM00089574","2016-05-08","-69.383","76.383","64.0","PROGRESS, AY","   10","B,,S",,,"  -54",",,S",,,"  -61","H,,S"
"AYM00089574","2016-05-09","-69.383","76.383","64.0","PROGRESS, AY","    0","B,,S",,,"  -78",",,S",,,"  -95","H,,S"
"AYM00089574","2016-05-10","-69.383","76.383","64.0","PROGRESS, AY","    0","B,,S",,,,,,," -133","H,,S"
"AYM00089574","2016-05-11","-69.383","76.383","64.0","PROGRESS, AY","    3","B,,S",,,,," -136",",,S","  -98","H,,S"
"AYM00089574","2016-05-12","-69.383","76.383","64.0","PROGRESS, AY","    0","B,,S",,,"  -80",",,S",,,"  -90","H,,S"
"AYM00089574","2016-05-13","-69.383","76.383","64.0","PROGRESS, AY","    0","B,,S",,," -126",",,S",,," -158","H,,S"
"AYM00089574","2016-05-14","-69.383","76.383","64.0","PROGRESS, AY","    0","B,,S",,," -152",",,S"," -188",",,S"," -157","H,,S"
"AYM00089574","2016-05-15","-69.383","76.383","64.0","PROGRESS, AY",,,,,,," -161",",,S"," -152","H,,S"
"AYM00089574","2016-05-16","-69.383","76.383","64.0","PROGRESS, AY","    3","B,,S",,," -110",",,S"," -162",",,S"," -125","H,,S"
"AYM00089574","2016-05-17","-69.383","76.383","64.0","PROGRESS, AY","    5","B,,S",,," -119",",,S"," -135",",,S"," -124","H,,S"
"AYM00089574","2016-05-18","-69.383","76.383","64.0","PROGRESS, AY","   18","B,,S",,,,,,," -158","H,,S"
"AYM00089574","2016-05-19","-69.383","76.383","64.0","PROGRESS, AY","   10","B,,S",,," -121",",,S"," -181",",,S"," -153","H,,S"
"AYM00089574","2016-05-20","-69.383","76.383","64.0","PROGRESS, AY","    0","B,,S",,," -140",",,S",,," -153","H,,S"
"AYM00089574","2016-05-21","-69.383","76.383","64.0","PROGRESS, AY","    0","B,,S",,," -156",",,S"," -177",",,S"," -166","H,,S"
"AYM00089574","2016-05-22","-69.383","76.383","64.0","PROGRESS, AY","    0","B,,S",,," -156",",,S"," -240",",,S"," -183","H,,S"
"AYM00089574","2016-05-23","-69.383","76.383","64.0","PROGRESS, AY","    0","B,,S",,,,," -193",",,S"," -168","H,,S"
"AYM00089574","2016-05-24","-69.383","76.383","64.0","PROGRESS, AY","    3","B,,S",,," -102",",,S"," -176",",,S"," -124","H,,S"
"AYM00089574","2016-05-25","-69.383","76.383","64.0","PROGRESS, AY","    0","B,,S",,,"  -96",",,S"," -135",",,S"," -126","H,,S"
"AYM00089574","2016-05-26","-69.383","76.383","64.0","PROGRESS, AY","    0","B,,S",,,,,,," -168","H,,S"
"AYM00089574","2016-05-27","-69.383","76.383","64.0","PROGRESS, AY","    0","B,,S",,,,," -191",",,S"," -118","H,,S"
"AYM00089574","2016-05-28","-69.383","76.383","64.0","PROGRESS, AY","    0","B,,S",,,"  -77",",,S",,," -104","H,,S"
"AYM00089574","2016-05-29","-69.383","76.383","64.0","PROGRESS, AY",,,,," -132",",,S"," -158",",,S"," -147","H,,S"
"AYM00089574","2016-05-30","-69.383","76.383","64.0","PROGRESS, AY","    0","B,,S",,," -152",",,S",,," -168","H,,S"
"AYM00089574","2016-05-31","-69.383","76.383","64.0","PROGRESS, AY","    3","B,,S",,,,,,," -196","H,,S"
"AYM00089574","2016-06-01","-69.383","76.383","64.0","PROGRESS, AY","    5","B,,S",,," -199",",,S",,," -217","H,,S"
"AYM00089574","2016-06-02","-69.383","76.383","64.0","PROGRESS, AY","    5","B,,S",,," -116",",,S"," -251",",,S"," -149","H,,S"
"AYM00089574","2016-06-03","-69.383","76.383","64.0","PROGRESS, AY","    0","B,,S",,," -141",",,S",,," -155","H,,S"
"AYM00089574","2016-06-04","-69.383","76.383","64.0","PROGRESS, AY","    8","B,,S",,," -141",",,S"," -169",",,S"," -145","H,,S"
"AYM00089574","2016-06-05","-69.383","76.383","64.0","PROGRESS, AY","    0","B,,S",,,,,,," -220","H,,S"
"AYM00089574","2016-06-06","-69.383","76.383","64.0","PROGRESS, AY","    0","B,,S",,,,," -249",",,S"," -221","H,,S"
"AYM00089574","2016-06-07","-69.383","76.383","64.0","PROGRESS, AY","    0","B,,S",,,,," -229",",,S"," -163","H,,S"
"AYM00089574","2016-06-08","-69.383","76.383","64.0","PROGRESS, AY","   13","B,,S",,,"  -98",",,S"," -152",",,S"," -108","H,,S"
"AYM00089574","2016-06-09","-69.383","76.383","64.0","PROGRESS, AY","   15","B,,S",,,,," -118",",,S"," -101","H,,S"
"AYM00089574","2016-06-10","-69.383","76.383","64.0","PROGRESS, AY","   13","B,,S",,,"  -79",",,S",,,"  -94","H,,S"
"AYM00089574","2016-06-11","-69.383","76.383","64.0","PROGRESS, AY","    0","B,,S",,,,,,," -131","H,,S"
"AYM00089574","2016-06-13","-69.383","76.383","64.0","PROGRESS, AY","    8","B,,S",,," -155",",,S",,," -186","H,,S"
"AYM00089574","2016-06-14","-69.383","76.383","64.0","PROGRESS, AY","    3","B,,S",,," -207",",,S",,," -240","H,,S"
"AYM00089574","2016-06-15","-69.383","76.383","64.0","PROGRESS, AY","   10","B,,S",,," -180",",,S"," -256",",,S"," -202","H,,S"
"AYM00089574","2016-06-16","-69.383","76.383","64.0","PROGRESS, AY","    5","B,,S",,,,,,," -283","H,,S"
"AYM00089574","2016-06-17","-69.383","76.383","64.0","PROGRESS, AY","    3","B,,S",,,,,,," -302","H,,S"
"AYM00089574","2016-06-18","-69.383","76.383","64.0","PROGRESS, AY",,,,,,," -290",",,S"," -261","H,,S"
"AYM00089574","2016-06-19","-69.383","76.383","64.0","PROGRESS, AY","    0","B,,S",,,,,,," -276","H,,S"
"AYM00089574","2016-06-20","-69.383","76.383","64.0","PROGRESS, AY","    0","B,,S",,," -286",",,S",,," -328","H,,S"
"AYM00089574","2016-06-21","-69.383","76.383","64.0","PROGRESS, AY","    0","B,,S",,," -330",",,S",,," -355","H,,S"
"AYM00089574","2016-06-22","-69.383","76.383","64.0","PROGRESS, AY","   10","B,,S",,,,," -384",",,S"," -275","H,,S"
"AYM00089574","2016-06-23","-69.383","76.383","64.0","PROGRESS, AY","   36","B,,S",,," -224",",,S"," -244",",,S"," -236","H,,S"
"AYM00089574","2016-06-24","-69.383","76.383","64.0","PROGRESS, AY","   41","B,,S",,," -214",",,S",,," -231","H,,S"
"AYM00089574","2016-06-25","-69.383","76.383","64.0","PROGRESS, AY","    5","B,,S",,,,," -312",",,S"," -207","H,,S"
"AYM00089574","2016-06-26","-69.383","76.383","64.0","PROGRESS, AY","   13","B,,S",,,,," -178",",,S"," -110","H,,S"
"AYM00089574","2016-06-27","-69.383","76.383","64.0","PROGRESS, AY","   33","B,,S",,,"  -88",",,S",,," -101","H,,S"
"AYM00089574","2016-06-28","-69.383","76.383","64.0","PROGRESS, AY","    0","B,,S",,,,,,," -154","H,,S"
"AYM00089574","2016-06-29","-69.383","76.383","64.0","PROGRESS, AY","    0","B,,S",,," -156",",,S",,," -173","H,,S"
"AYM00089574","2016-06-30","-69.383","76.383","64.0","PROGRESS, AY","    0","B,,S",,," -188",",,S",,," -203","H,,S"
"AYM00089574","2016-07-01","-69.383","76.383","64.0","PROGRESS, AY","    0","B,,S",,," -230",",,S",,," -242","H,,S"
"AYM00089574","2016-07-02","-69.383","76.383","64.0","PROGRESS, AY","    0","B,,S",,," -226",",,S"," -268",",,S"," -240","H,,S"
"AYM00089574","2016-07-03","-69.383","76.383","64.0","PROGRESS, AY","    0","B,,S",,," -217",",,S",,," -241","H,,S"
"AYM00089574","2016-07-04","-69.383","76.383","64.0","PROGRESS, AY","    8","B,,S",,," -251",",,S",,," -271","H,,S"
"AYM00089574","2016-07-05","-69.383","76.383","64.0","PROGRESS, AY",,,,," -309",",,S",,," -353","H,,S"
"AYM00089574","2016-07-06","-69.383","76.383","64.0","PROGRESS, AY","    0","B,,S",,," -345",",,S"," -397",",,S"," -366","H,,S"
"AYM00089574","2016-07-07","-69.383","76.383","64.0","PROGRESS, AY","    0","B,,S",,,,," -356",",,S"," -221","H,,S"
"AYM00089574","2016-07-08","-69.383","76.383","64.0","PROGRESS, AY","   20","B,,S",,,,," -189",",,S"," -169","H,,S"
"AYM00089574","2016-07-09","-69.383","76.383","64.0","PROGRESS, AY","   23","B,,S",,,,,,," -208","H,,S"
"AYM00089574","2016-07-10","-69.383","76.383","64.0","PROGRESS, AY","   20","B,,S",,,,," -301",",,S"," -180","H,,S"
"AYM00089574","2016-07-11","-69.383","76.383","64.0","PROGRESS, AY","  191","B,,S",,,"  -85",",,S",,,"  -99","H,,S"
"AYM00089574","2016-07-12","-69.383","76.383","64.0","PROGRESS, AY","   18","B,,S",,,"  -83",",,S"," -122",",,S","  -97","H,,S"
"AYM00089574","2016-07-13","-69.383","76.383","64.0","PROGRESS, AY","    8","B,,S",,,,," -115",",,S","  -84","H,,S"
"AYM00089574","2016-07-14","-69.383","76.383","64.0","PROGRESS, AY","    0","B,,S",,,"  -71",",,S",,,"  -86","H,,S"
"AYM00089574","2016-07-15","-69.383","76.383","64.0","PROGRESS, AY","    0","B,,S",,,"  -97",",,S",,," -114","H,,S"
"AYM00089574","2016-07-16","-69.383","76.383","64.0","PROGRESS, AY","    0","B,,S",,,,," -140",",,S"," -128","H,,S"
"AYM00089574","2016-07-17","-69.383","76.383","64.0","PROGRESS, AY","    0","B,,S",,," -145",",,S",,," -160","H,,S"
"AYM00089574","2016-07-18","-69.383","76.383","64.0","PROGRESS, AY","    0","B,,S",,," -190",",,S",,," -233","H,,S"
"AYM00089574","2016-07-19","-69.383","76.383","64.0","PROGRESS, AY",,,,,,," -285",",,S"," -224","H,,S"
"AYM00089574","2016-07-20","-69.383","76.383","64.0","PROGRESS, AY",,,,,,,,," -104","H,,S"
"AYM00089574","2016-07-21","-69.383","76.383","64.0","PROGRESS, AY","   61","B,,S",,,,,,," -119","H,,S"
"AYM00089574","2016-07-22","-69.383","76.383","64.0","PROGRESS, AY",,,,," -128",",,S"," -173",",,S"," -158","H,,S"
"AYM00089574","2016-07-23","-69.383","76.383","64.0","PROGRESS, AY","    0","B,,S",,," -154",",,S"," -203",",,S"," -177","H,,S"
"AYM00089574","2016-07-24","-69.383","76.383","64.0","PROGRESS, AY",,,,," -132",",,S",,," -168","H,,S"
"AYM00089574","2016-07-25","-69.383","76.383","64.0","PROGRESS, AY","    0","B,,S",,," -200",",,S"," -219",",,S"," -217","H,,S"
"AYM00089574","2016-07-26","-69.383","76.383","64.0","PROGRESS, AY","    0","B,,S",,,,," -220",",,S"," -207","H,,S"
"AYM00089574","2016-07-27","-69.383","76.383","64.0","PROGRESS, AY",,,,,,," -215",",,S"," -194","H,,S"
"AYM00089574","2016-07-28","-69.383","76.383","64.0","PROGRESS, AY","    0","B,,S",,,,," -211",",,S"," -156","H,,S"
"AYM00089574","2016-07-29","-69.383","76.383","64.0","PROGRESS, AY","    0","B,,S",,,"  -91",",,S"," -161",",,S"," -113","H,,S"
"AYM00089574","2016-07-30","-69.383","76.383","64.0","PROGRESS, AY","    8","B,,S",,," -136",",,S",,," -151","H,,S"
"AYM00089574","2016-07-31","-69.383","76.383","64.0","PROGRESS, AY","    0","B,,S",,,"  -33",",,S"," -193",",,S"," -100","H,,S"
"AYM00089574","2016-08-01","-69.383","76.383","64.0","PROGRESS, AY","    0","B,,S",,,,,,," -112","H,,S"
"AYM00089574","2016-08-02","-69.383","76.383","64.0","PROGRESS, AY","    0","B,,S",,,"  -84",",,S"," -145",",,S","  -98","H,,S"
"AYM00089574","2016-08-03","-69.383","76.383","64.0","PROGRESS, AY","    0","B,,S",,,"  -43",",,S","  -99",",,S","  -53","H,,S"
"AYM00089574","2016-08-04","-69.383","76.383","64.0","PROGRESS, AY","   10","B,,S",,,"  -78",",,S",,," -106","H,,S"
"AYM00089574","2016-08-05","-69.383","76.383","64.0","PROGRESS, AY","    5","B,,S",,," -100",",,S",,," -134","H,,S"
"AYM00089574","2016-08-06","-69.383","76.383","64.0","PROGRESS, AY","    0","B,,S",,," -128",",,S"," -168",",,S"," -138","H,,S"
"AYM00089574","2016-08-07","-69.383","76.383","64.0","PROGRESS, AY","    0","B,,S",,,,," -202",",,S"," -160","H,,S"
"AYM00089574","2016-08-08","-69.383","76.383","64.0","PROGRESS, AY","    0","B,,S",,,"  -52",",,S"," -132",",,S","  -67","H,,S"
"AYM00089574","2016-08-09","-69.383","76.383","64.0","PROGRESS, AY","    0","B,,S",,,"  -50",",,S",,,"  -64","H,,S"
"AYM00089574","2016-08-10","-69.383","76.383","64.0","PROGRESS, AY","    0","B,,S",,,"  -63",",,S",,,"  -78","H,,S"
"AYM00089574","2016-08-11","-69.383","76.383","64.0","PROGRESS, AY","    0","B,,S",,,"  -89",",,S"," -107",",,S"," -102","H,,S"
"AYM00089574","2016-08-12","-69.383","76.383","64.0","PROGRESS, AY","    0","B,,S",,,"  -90",",,S",,," -108","H,,S"
"AYM00089574","2016-08-13","-69.383","76.383","64.0","PROGRESS, AY","    0","B,,S",,,"   -7",",,S"," -136",",,S"," -124","H,,S"
"AYM00089574","2016-08-14","-69.383","76.383","64.0","PROGRESS, AY","    0","B,,S",,," -134",",,S",,," -160","H,,S"
"AYM00089574","2016-08-15","-69.383","76.383","64.0","PROGRESS, AY","    0","B,,S",,," -186",",,S",,," -223","H,,S"
"AYM00089574","2016-08-16","-69.383","76.383","64.0","PROGRESS, AY","    0","B,,S",,,,," -250",",,S"," -219","H,,S"
"AYM00089574","2016-08-17","-69.383","76.383","64.0","PROGRESS, AY","    0","B,,S",,," -193",",,S"," -217",",,S"," -204","H,,S"
"AYM00089574","2016-08-18","-69.383","76.383","64.0","PROGRESS, AY","    0","B,,S",,," -171",",,S"," -212",",,S"," -183","H,,S"
"AYM00089574","2016-08-19","-69.383","76.383","64.0","PROGRESS, AY","    0","B,,S",,,,," -192",",,S"," -173","H,,S"
"AYM00089574","2016-08-20","-69.383","76.383","64.0","PROGRESS, AY","    5","B,,S",,,"  -70",",,S"," -168",",,S","  -89","H,,S"
"AYM00089574","2016-08-21","-69.383","76.383","64.0","PROGRESS, AY","    0","B,,S",,,"  -65",",,S"," -105",",,S","  -79","H,,S"
"AYM00089574","2016-08-22","-69.383","76.383","64.0","PROGRESS, AY","    0","B,,S",,,"  -91",",,S",,," -122","H,,S"
"AYM00089574","2016-08-23","-69.383","76.383","64.0","PROGRESS, AY","    0","B,,S",,," -117",",,S"," -157",",,S"," -133","H,,S"
"AYM00089574","2016-08-24","-69.383","76.383","64.0","PROGRESS, AY","    0","B,,S",,,,,,," -153","H,,S"
"AYM00089574","2016-08-25","-69.383","76.383","64.0","PROGRESS, AY","    0","B,,S",,,,,,," -179","H,,S"
"AYM00089574","2016-08-26","-69.383","76.383","64.0","PROGRESS, AY","   71","B,,S",,,,," -194",",,S"," -101","H,,S"
"AYM00089574","2016-08-27","-69.383","76.383","64.0","PROGRESS, AY","   41","B,,S",,," -100",",,S",,," -123","H,,S"
"AYM00089574","2016-08-28","-69.383","76.383","64.0","PROGRESS, AY",,,,," -164",",,S",,," -183","H,,S"
"AYM00089574","2016-08-29","-69.383","76.383","64.0","PROGRESS, AY","    0","B,,S",,," -200",",,S",,," -239","H,,S"
"AYM00089574","2016-08-30","-69.383","76.383","64.0","PROGRESS, AY","    0","B,,S",,,,," -267",",,S"," -253","H,,S"
"AYM00089574","2016-08-31","-69.383","76.383","64.0","PROGRESS, AY","    0","B,,S",,,,,,," -257","H,,S"
"AYM00089574","2016-09-01","-69.383","76.383","64.0","PROGRESS, AY","   10","B,,S",,,,," -321",",,S"," -242","H,,S"
"AYM00089574","2016-09-02","-69.383","76.383","64.0","PROGRESS, AY","   41","B,,S",,," -151",",,S"," -223",",,S"," -185","H,,S"
"AYM00089574","2016-09-03","-69.383","76.383","64.0","PROGRESS, AY","   28","B,,S",,," -209",",,S",,," -228","H,,S"
"AYM00089574","2016-09-04","-69.383","76.383","64.0","PROGRESS, AY","    0","B,,S",,," -204",",,S"," -263",",,S"," -248","H,,S"
"AYM00089574","2016-09-05","-69.383","76.383","64.0","PROGRESS, AY","    8","B,,S",,," -252",",,S",,," -289","H,,S"
"AYM00089574","2016-09-06","-69.383","76.383","64.0","PROGRESS, AY",,,,," -322",",,S",,," -365","H,,S"
"AYM00089574","2016-09-07","-69.383","76.383","64.0","PROGRESS, AY","    0","B,,S",,," -350",",,S"," -431",",,S"," -387","H,,S"
"AYM00089574","2016-09-08","-69.383","76.383","64.0","PROGRESS, AY",,,,,,,,," -376","H,,S"
"AYM00089574","2016-09-09","-69.383","76.383","64.0","PROGRESS, AY","    0","B,,S",,," -286",",,S"," -428",",,S"," -330","H,,S"
"AYM00089574","2016-09-10","-69.383","76.383","64.0","PROGRESS, AY","    3","B,,S",,,,," -352",",,S"," -227","H,,S"
"AYM00089574","2016-09-11","-69.383","76.383","64.0","PROGRESS, AY","   69","B,,S",,,"  -57",",,S",,,"  -95","H,,S"
"AYM00089574","2016-09-12","-69.383","76.383","64.0","PROGRESS, AY",,,,,,," -191",",,S"," -164","H,,S"
"AYM00089574","2016-09-13","-69.383","76.383","64.0","PROGRESS, AY","    5","B,,S",,," -141",",,S",,," -162","H,,S"
"AYM00089574","2016-09-14","-69.383","76.383","64.0","PROGRESS, AY","    0","B,,S",,," -223",",,S"," -257",",,S"," -245","H,,S"
"AYM00089574","2016-09-15","-69.383","76.383","64.0","PROGRESS, AY","    0","B,,S",,," -182",",,S"," -282",",,S"," -209","H,,S"
"AYM00089574","2016-09-16","-69.383","76.383","64.0","PROGRESS, AY","    0","B,,S",,," -101",",,S"," -210",",,S"," -141","H,,S"
"AYM00089574","2016-09-17","-69.383","76.383","64.0","PROGRESS, AY","    0","B,,S",,,"  -99",",,S"," -166",",,S"," -143","H,,S"
"AYM00089574","2016-09-18","-69.383","76.383","64.0","PROGRESS, AY","    0","B,,S",,,"  -98",",,S"," -162",",,S"," -124","H,,S"
"AYM00089574","2016-09-19","-69.383","76.383","64.0","PROGRESS, AY","    0","B,,S",,," -125",",,S"," -164",",,S"," -147","H,,S"
"AYM00089574","2016-09-20","-69.383","76.383","64.0","PROGRESS, AY","    0","B,,S",,," -140",",,S",,," -179","H,,S"
"AYM00089574","2016-09-21","-69.383","76.383","64.0","PROGRESS, AY","    0","B,,S",,," -168",",,S",,," -202","H,,S"
"AYM00089574","2016-09-22","-69.383","76.383","64.0","PROGRESS, AY","    0","B,,S",,," -178",",,S"," -232",",,S"," -211","H,,S"
"AYM00089574","2016-09-23","-69.383","76.383","64.0","PROGRESS, AY","    0","B,,S",,," -181",",,S"," -230",",,S"," -194","H,,S"
"AYM00089574","2016-09-24","-69.383","76.383","64.0","PROGRESS, AY","    0","B,,S",,," -151",",,S"," -203",",,S"," -168","H,,S"
"AYM00089574","2016-09-25","-69.383","76.383","64.0","PROGRESS, AY","    0","B,,S",,," -167",",,S",,," -187","H,,S"
"AYM00089574","2016-09-26","-69.383","76.383","64.0","PROGRESS, AY","    0","B,,S",,,,," -218",",,S"," -200","H,,S"
"AYM00089574","2016-09-27","-69.383","76.383","64.0","PROGRESS, AY","    0","B,,S",,,,," -240",",,S"," -152","H,,S"
"AYM00089574","2016-09-28","-69.383","76.383","64.0","PROGRESS, AY","    0","B,,S",,,"  -42",",,S"," -180",",,S","  -66","H,,S"
"AYM00089574","2016-09-29","-69.383","76.383","64.0","PROGRESS, AY","    0","B,,S",,,"  -62",",,S",,,"  -84","H,,S"
"AYM00089574","2016-09-30","-69.383","76.383","64.0","PROGRESS, AY","    0","B,,S",,,"  -82",",,S"," -119",",,S"," -103","H,,S"
"AYM00089574","2016-10-01","-69.383","76.383","64.0","PROGRESS, AY","    0","B,,S",,,"  -69",",,S"," -134",",,S"," -108","H,,S"
"AYM00089574","2016-10-02","-69.383","76.383","64.0","PROGRESS, AY","    0","B,,S",,,"  -42",",,S"," -126",",,S","  -78","H,,S"
"AYM00089574","2016-10-03","-69.383","76.383","64.0","PROGRESS, AY","    0","B,,S",,,"  -67",",,S"," -121",",,S","  -96","H,,S"
"AYM00089574","2016-10-04","-69.383","76.383","64.0","PROGRESS, AY","    0","B,,S",,,"  -45",",,S"," -125",",,S","  -90","H,,S"
"AYM00089574","2016-10-05","-69.383","76.383","64.0","PROGRESS, AY","    0","B,,S",,,"  -53",",,S","  -99",",,S","  -77","H,,S"
"AYM00089574","2016-10-06","-69.383","76.383","64.0","PROGRESS, AY",,,,,"  -50",",,S","  -90",",,S","  -72","H,,S"
"AYM00089574","2016-10-07","-69.383","76.383","64.0","PROGRESS, AY","    0","B,,S",,,"  -69",",,S",,,"  -91","H,,S"
"AYM00089574","2016-10-08","-69.383","76.383","64.0","PROGRESS, AY","    0","B,,S",,,"  -98",",,S"," -128",",,S"," -109","H,,S"
"AYM00089574","2016-10-09","-69.383","76.383","64.0","PROGRESS, AY","    0","B,,S",,,"  -84",",,S"," -127",",,S"," -101","H,,S"
"AYM00089574","2016-10-10","-69.383","76.383","64.0","PROGRESS, AY","    5","B,,S",,,"  -57",",,S","  -98",",,S","  -64","H,,S"
"AYM00089574","2016-10-11","-69.383","76.383","64.0","PROGRESS, AY","    0","B,,S",,,"  -63",",,S",,,"  -83","H,,S"
"AYM00089574","2016-10-12","-69.383","76.383","64.0","PROGRESS, AY","    0","B,,S",,,"  -79",",,S"," -125",",,S","  -93","H,,S"
"AYM00089574","2016-10-13","-69.383","76.383","64.0","PROGRESS, AY",,,,,,,"  -97",",,S","  -39","H,,S"
"AYM00089574","2016-10-14","-69.383","76.383","64.0","PROGRESS, AY",,,,,"  -93",",,S",,,"  -98","H,,S"
"AYM00089574","2016-10-15","-69.383","76.383","64.0","PROGRESS, AY","  119","B,,S",,,"  -69",",,S",,," -109","H,,S"
"AYM00089574","2016-10-16","-69.383","76.383","64.0","PROGRESS, AY","    0","B,,S",,,"  -59",",,S"," -172",",,S"," -106","H,,S"
"AYM00089574","2016-10-17","-69.383","76.383","64.0","PROGRESS, AY","    3","B,,S",,,"  -94",",,S",,," -153","H,,S"
"AYM00089574","2016-10-18","-69.383","76.383","64.0","PROGRESS, AY","    0","B,,S",,," -130",",,S"," -231",",,S"," -171","H,,S"
"AYM00089574","2016-10-19","-69.383","76.383","64.0","PROGRESS, AY","    0","B,,S",,," -156",",,S"," -234",",,S"," -190","H,,S"
"AYM00089574","2016-10-20","-69.383","76.383","64.0","PROGRESS, AY","    0","B,,S",,," -172",",,S"," -216",",,S"," -188","H,,S"
"AYM00089574","2016-10-21","-69.383","76.383","64.0","PROGRESS, AY","    0","B,,S",,," -158",",,S"," -213",",,S"," -184","H,,S"
"AYM00089574","2016-10-22","-69.383","76.383","64.0","PROGRESS, AY","    0","B,,S",,," -113",",,S"," -202",",,S"," -156","H,,S"
"AYM00089574","2016-10-23","-69.383","76.383","64.0","PROGRESS, AY","    3","B,,S",,," -140",",,S"," -185",",,S"," -159","H,,S"
"AYM00089574","2016-10-24","-69.383","76.383","64.0","PROGRESS, AY","   10","B,,S",,," -121",",,S"," -159",",,S"," -134","H,,S"
"AYM00089574","2016-10-25","-69.383","76.383","64.0","PROGRESS, AY","    5","B,,S",,,"  -58",",,S"," -139",",,S","  -83","H,,S"
"AYM00089574","2016-10-26","-69.383","76.383","64.0","PROGRESS, AY","    0","B,,S",,," -120",",,S"," -153",",,S"," -135","H,,S"
"AYM00089574","2016-10-27","-69.383","76.383","64.0","PROGRESS, AY","    0","B,,S",,,"  -64",",,S"," -133",",,S"," -104","H,,S"
"AYM00089574","2016-10-28","-69.383","76.383","64.0","PROGRESS, AY",,,,,,," -133",",,S","  -98","H,,S"
"AYM00089574","2016-10-29","-69.383","76.383","64.0","PROGRESS, AY",,,,,"  -47",",,S","  -96",",,S","  -60","H,,S"
"AYM00089574","2016-10-30","-69.383","76.383","64.0","PROGRESS, AY","    0","B,,S",,,"  -31",",,S",,,"  -74","H,,S"
"AYM00089574","2016-10-31","-69.383","76.383","64.0","PROGRESS, AY",,,,,"   -3",",,S"," -144",",,S","  -56","H,,S"
"AYM00089574","2016-11-01","-69.383","76.383","64.0","PROGRESS, AY","    0","B,,S",,,"   16",",,S","  -68",",,S","  -30","H,,S"
"AYM00089574","2016-11-02","-69.383","76.383","64.0","PROGRESS, AY","    0","B,,S",,,"   -5",",,S","  -64",",,S","  -40","H,,S"
"AYM00089574","2016-11-03","-69.383","76.383","64.0","PROGRESS, AY","    0","B,,S",,,"  -43",",,S"," -116",",,S","  -74","H,,S"
"AYM00089574","2016-11-04","-69.383","76.383","64.0","PROGRESS, AY","    0","B,,S",,,"  -15",",,S","  -53",",,S","  -37","H,,S"
"AYM00089574","2016-11-05","-69.383","76.383","64.0","PROGRESS, AY","    0","B,,S",,,"  -21",",,S","  -77",",,S","  -41","H,,S"
"AYM00089574","2016-11-06","-69.383","76.383","64.0","PROGRESS, AY","    0","B,,S",,,"   12",",,S","  -43",",,S","  -11","H,,S"
"AYM00089574","2016-11-07","-69.383","76.383","64.0","PROGRESS, AY","    0","B,,S",,,"    5",",,S","  -38",",,S","  -17","H,,S"
"AYM00089574","2016-11-08","-69.383","76.383","64.0","PROGRESS, AY","    0","B,,S",,,"  -10",",,S","  -46",",,S","  -33","H,,S"
"AYM00089574","2016-11-09","-69.383","76.383","64.0","PROGRESS, AY","   15","B,,S",,,"   18",",,S","  -36",",,S","   -1","H,,S"
"AYM00089574","2016-11-10","-69.383","76.383","64.0","PROGRESS, AY","    5","B,,S",,,"   23",",,S","   -5",",,S","   12","H,,S"
"AYM00089574","2016-11-11","-69.383","76.383","64.0","PROGRESS, AY","    0","B,,S",,,"   31",",,S",,,"   -2","H,,S"
"AYM00089574","2016-11-12","-69.383","76.383","64.0","PROGRESS, AY","    0","B,,S",,,"   12",",,S","  -72",",,S","  -19","H,,S"
"AYM00089574","2016-11-13","-69.383","76.383","64.0","PROGRESS, AY","    0","B,,S",,,"   35",",,S","  -12",",,S","   14","H,,S"
"AYM00089574","2016-11-14","-69.383","76.383","64.0","PROGRESS, AY","    0","B,,S",,,"   29",",,S","   -4",",,S","   10","H,,S"
"AYM00089574","2016-11-15","-69.383","76.383","64.0","PROGRESS, AY","    0","B,,S",,,"   16",",,S","  -23",",,S","  -11","H,,S"
"AYM00089574","2016-11-16","-69.383","76.383","64.0","PROGRESS, AY","    0","B,,S",,,"  -10",",,S","  -48",",,S","  -29","H,,S"
"AYM00089574","2016-11-17","-69.383","76.383","64.0","PROGRESS, AY","    0","B,,S",,,"  -13",",,S","  -74",",,S","  -48","H,,S"
"AYM00089574","2016-11-18","-69.383","76.383","64.0","PROGRESS, AY",,,,,,," -168",",,S","  -53","H,,S"
"AYM00089574","2016-11-19","-69.383","76.383","64.0","PROGRESS, AY","    0","B,,S",,,"  -40",",,S","  -79",",,S","  -61","H,,S"
"AYM00089574","2016-11-20","-69.383","76.383","64.0","PROGRESS, AY","    0","B,,S",,,"  -20",",,S","  -86",",,S","  -51","H,,S"
"AYM00089574","2016-11-21","-69.383","76.383","64.0","PROGRESS, AY","    0","B,,S",,,"   -8",",,S","  -62",",,S","  -29","H,,S"
"AYM00089574","2016-11-22","-69.383","76.383","64.0","PROGRESS, AY","    0","B,,S",,,"   -2",",,S","  -55",",,S","  -24","H,,S"
"AYM00089574","2016-11-24","-69.383","76.383","64.0","PROGRESS, AY","    0","B,,S",,,,,"  -68",",,S","  -19","H,,S"
"AYM00089574","2016-11-25","-69.383","76.383","64.0","PROGRESS, AY","    0","B,,S",,,,,"  -24",",,S","   -2","H,,S"
"AYM00089574","2016-11-26","-69.383","76.383","64.0","PROGRESS, AY","    0","B,,S",,,"   23",",,S","  -32",",,S","  -12","H,,S"
"AYM00089574","2016-11-28","-69.383","76.383","64.0","PROGRESS, AY","    0","B,,S",,,"    9",",,S","  -52",",,S","  -23","H,,S"
"AYM00089574","2016-11-29","-69.383","76.383","64.0","PROGRESS, AY","    0","B,,S",,,"   14",",,S","  -48",",,S","  -14","H,,S"
"AYM00089574","2016-11-30","-69.383","76.383","64.0","PROGRESS, AY","    0","B,,S",,,"   29",",,S","  -20",",,S","    0","H,,S"
"AYM00089574","2016-12-01","-69.383","76.383","64.0","PROGRESS, AY",,,,,,,"  -25",",,S","   -2","H,,S"
"AYM00089574","2016-12-02","-69.383","76.383","64.0","PROGRESS, AY","    0","B,,S",,,"   24",",,S","  -27",",,S","    5","H,,S"
"AYM00089574","2016-12-03","-69.383","76.383","64.0","PROGRESS, AY",,,,,"   30",",,S","  -27",",,S","   -1","H,,S"
"AYM00089574","2016-12-04","-69.383","76.383","64.0","PROGRESS, AY","    3","B,,S",,,"   19",",,S","  -12",",,S","    8","H,,S"
"AYM00089574","2016-12-05","-69.383","76.383","64.0","PROGRESS, AY","    0","B,,S",,,"   17",",,S","  -16",",,S","   -2","H,,S"
"AYM00089574","2016-12-06","-69.383","76.383","64.0","PROGRESS, AY","    0","B,,S",,,"   27",",,S","  -15",",,S","    0","H,,S"
"AYM00089574","2016-12-07","-69.383","76.383","64.0","PROGRESS, AY",,,,,"   24",",,S","  -26",",,S","   -5","H,,S"
"AYM00089574","2016-12-08","-69.383","76.383","64.0","PROGRESS, AY",,,,,"   18",",,S","  -36",",,S","  -10","H,,S"
"AYM00089574","2016-12-09","-69.383","76.383","64.0","PROGRESS, AY",,,,,"   25",",,S","  -45",",,S","   -7","H,,S"
"AYM00089574","2016-12-10","-69.383","76.383","64.0","PROGRESS, AY",,,,,"   12",",,S","  -38",",,S","   -9","H,,S"
"AYM00089574","2016-12-11","-69.383","76.383","64.0","PROGRESS, AY","    3","B,,S",,,"   33",",,S","  -28",",,S","   -2","H,,S"
"AYM00089574","2016-12-12","-69.383","76.383","64.0","PROGRESS, AY",,,,,"   45",",,S","  -17",",,S","   18","H,,S"
"AYM00089574","2016-12-13","-69.383","76.383","64.0","PROGRESS, AY",,,,,"   53",",,S",,,"   18","H,,S"
"AYM00089574","2016-12-14","-69.383","76.383","64.0","PROGRESS, AY",,,,,"   18",",,S","  -22",",,S","   -4","H,,S"
"AYM00089574","2016-12-15","-69.383","76.383","64.0","PROGRESS, AY",,,,,"   32",",,S","  -22",",,S","   11","H,,S"
"AYM00089574","2016-12-16","-69.383","76.383","64.0","PROGRESS, AY",,,,,"   52",",,S","  -14",",,S","   18","H,,S"
"AYM00089574","2016-12-17","-69.383","76.383","64.0","PROGRESS, AY",,,,,"   38",",,S","  -18",",,S","    5","H,,S"
"AYM00089574","2016-12-18","-69.383","76.383","64.0","PROGRESS, AY",,,,,"   23",",,S","  -16",",,S","    5","H,,S"
"AYM00089574","2016-12-19","-69.383","76.383","64.0","PROGRESS, AY","   10","B,,S",,,"   33",",,S",,,"   13","H,,S"
"AYM00089574","2016-12-20","-69.383","76.383","64.0","PROGRESS, AY",,,,,"   81",",,S","   -2",",,S","   52","H,,S"
"AYM00089574","2016-12-21","-69.383","76.383","64.0","PROGRESS, AY",,,,,"   65",",,S",,,"   43","H,,S"
"AYM00089574","2016-12-22","-69.383","76.383","64.0","PROGRESS, AY",,,,,"   31",",,S","  -12",",,S","   13","H,,S"
"AYM00089574","2016-12-23","-69.383","76.383","64.0","PROGRESS, AY",,,,,"   36",",,S","    3",",,S","   22","H,,S"
"AYM00089574","2016-12-24","-69.383","76.383","64.0","PROGRESS, AY",,,,,"   45",",,S","    2",",,S","   19","H,,S"
"AYM00089574","2016-12-25","-69.383","76.383","64.0","PROGRESS, AY",,,,,"   56",",,S","    3",",,S","   27","H,,S"
"AYM00089574","2016-12-26","-69.383","76.383","64.0","PROGRESS, AY",,,,,"   35",",,S","    3",",,S","   21","H,,S"
"AYM00089574","2016-12-27","-69.383","76.383","64.0","PROGRESS, AY",,,,,"   49",",,S","   12",",,S","   32","H,,S"
"AYM00089574","2016-12-28","-69.383","76.383","64.0","PROGRESS, AY",,,,,"   47",",,S","   11",",,S","   24","H,,S"
"AYM00089574","2016-12-29","-69.383","76.383","64.0","PROGRESS, AY",,,,,"   47",",,S","    8",",,S","   30","H,,S"
"AYM00089574","2016-12-30","-69.383","76.383","64.0","PROGRESS, AY",,,,,"   57",",,S",,,"   24","H,,S"
"AYM00089574","2016-12-31","-69.383","76.383","64.0","PROGRESS, AY",,,,,"   46",",,S",,,"   11","H,,S"
"AYM00089574","2017-01-01","-69.383","76.383","64.0","PROGRESS, AY",,,,,"   33",",,S","  -22",",,S","   12","H,,S"
"AYM00089574","2017-01-02","-69.383","76.383","64.0","PROGRESS, AY",,,,,"   41",",,S","   -3",",,S","   29","H,,S"
"AYM00089574","2017-01-03","-69.383","76.383","64.0","PROGRESS, AY",,,,,"   72",",,S",,,"   32","H,,S"
"AYM00089574","2017-01-04","-69.383","76.383","64.0","PROGRESS, AY",,,,,"   32",",,S","  -26",",,S","   12","H,,S"
"AYM00089574","2017-01-05","-69.383","76.383","64.0","PROGRESS, AY","    0","B,,S",,,"   39",",,S","  -12",",,S","   20","H,,S"
"AYM00089574","2017-01-06","-69.383","76.383","64.0","PROGRESS, AY","    0","B,,S",,,"   39",",,S","   -9",",,S","   20","H,,S"
"AYM00089574","2017-01-07","-69.383","76.383","64.0","PROGRESS, AY","    0","B,,S",,,"   51",",,S","    1",",,S","   27","H,,S"
"AYM00089574","2017-01-08","-69.383","76.383","64.0","PROGRESS, AY","    0","B,,S",,,"   46",",,S",,,"   20","H,,S"
"AYM00089574","2017-01-09","-69.383","76.383","64.0","PROGRESS, AY",,,,,"   57",",,S","    3",",,S","   31","H,,S"
"AYM00089574","2017-01-10","-69.383","76.383","64.0","PROGRESS, AY","    0","B,,S",,,"   52",",,S",,,"   25","H,,S"
"AYM00089574","2017-01-11","-69.383","76.383","64.0","PROGRESS, AY","   41","B,,S",,,"    7",",,S",,,"   -2","H,,S"
"AYM00089574","2017-01-12","-69.383","76.383","64.0","PROGRESS, AY","   10","B,,S",,,,,"  -12",",,S","    0","H,,S"
"AYM00089574","2017-01-14","-69.383","76.383","64.0","PROGRESS, AY","    0","B,,S",,,,,"  -36",",,S","   -1","H,,S"
"AYM00089574","2017-01-15","-69.383","76.383","64.0","PROGRESS, AY","    0","B,,S",,,"   21",",,S","  -32",",,S","   -5","H,,S"
"AYM00089574","2017-01-16","-69.383","76.383","64.0","PROGRESS, AY","    0","B,,S",,,"   29",",,S","  -25",",,S","    5","H,,S"
"AYM00089574","2017-01-17","-69.383","76.383","64.0","PROGRESS, AY","    0","B,,S",,,"   15",",,S","  -20",",,S","   -6","H,,S"
"AYM00089574","2017-01-18","-69.383","76.383","64.0","PROGRESS, AY","    0","B,,S",,,"   26",",,S","  -23",",,S","    5","H,,S"
"AYM00089574","2017-01-19","-69.383","76.383","64.0","PROGRESS, AY","    0","B,,S",,,,,"  -11",",,S","    8","H,,S"
"AYM00089574","2017-01-20","-69.383","76.383","64.0","PROGRESS, AY","    0","B,,S",,,"   28",",,S","  -11",",,S","    7","H,,S"
"AYM00089574","2017-01-21","-69.383","76.383","64.0","PROGRESS, AY","    0","B,,S",,,"   51",",,S","   -7",",,S","   10","H,,S"
"AYM00089574","2017-01-22","-69.383","76.383","64.0","PROGRESS, AY","    0","B,,S",,,"   41",",,S","   -3",",,S","   23","H,,S"
"AYM00089574","2017-01-23","-69.383","76.383","64.0","PROGRESS, AY","    0","B,,S",,,"   49",",,S",,,"   20","H,,S"
"AYM00089574","2017-01-24","-69.383","76.383","64.0","PROGRESS, AY","    0","B,,S",,,"   22",",,S","  -26",",,S","    4","H,,S"
"AYM00089574","2017-01-25","-69.383","76.383","64.0","PROGRESS, AY",,,,,"   15",",,S","  -15",",,S","   -3","H,,S"
"AYM00089574","2017-01-26","-69.383","76.383","64.0","PROGRESS, AY","    0","B,,S",,,"   22",",,S",,,"    1","H,,S"
"AYM00089574","2017-01-27","-69.383","76.383","64.0","PROGRESS, AY","    0","B,,S",,,"   32",",,S","  -26",",,S","    1","H,,S"
"AYM00089574","2017-01-28","-69.383","76.383","64.0","PROGRESS, AY","    0","B,,S",,,"   14",",,S","  -25",",,S","  -10","H,,S"
"AYM00089574","2017-01-29","-69.383","76.383","64.0","PROGRESS, AY","    0","B,,S",,,"   28",",,S","  -25",",,S","    3","H,,S"
"AYM00089574","2017-01-30","-69.383","76.383","64.0","PROGRESS, AY","    0","B,,S",,,"   20",",,S","  -39",",,S","   -6","H,,S"
"AYM00089574","2017-01-31","-69.383","76.383","64.0","PROGRESS, AY","    0","B,,S",,,"    5",",,S","  -33",",,S","  -17","H,,S"
"AYM00089574","2017-02-01","-69.383","76.383","64.0","PROGRESS, AY","    0","B,,S",,,"    6",",,S","  -37",",,S","  -19","H,,S"
"AYM00089574","2017-02-02","-69.383","76.383","64.0","PROGRESS, AY","    0","B,,S",,,"   28",",,S","  -44",",,S","   -3","H,,S"
"AYM00089574","2017-02-03","-69.383","76.383","64.0","PROGRESS, AY","    0","B,,S",,,"   25",",,S","  -24",",,S","    1","H,,S"
"AYM00089574","2017-02-04","-69.383","76.383","64.0","PROGRESS, AY","    0","B,,S",,,"   19",",,S","  -22",",,S","    0","H,,S"
"AYM00089574","2017-02-05","-69.383","76.383","64.0","PROGRESS, AY","    0","B,,S",,,"    0",",,S","  -23",",,S","  -15","H,,S"
"AYM00089574","2017-02-06","-69.383","76.383","64.0","PROGRESS, AY","    0","B,,S",,,"    2",",,S","  -23",",,S","  -10","H,,S"
"AYM00089574","2017-02-07","-69.383","76.383","64.0","PROGRESS, AY","    0","B,,S",,,"   -6",",,S","  -37",",,S","  -20","H,,S"
"AYM00089574","2017-02-08","-69.383","76.383","64.0","PROGRESS, AY","    0","B,,S",,,"   21",",,S","  -19",",,S","   -1","H,,S"
"AYM00089574","2017-02-10","-69.383","76.383","64.0","PROGRESS, AY","   10","B,,S",,,,,"  -33",",,S","  -17","H,,S"
"AYM00089574","2017-02-11","-69.383","76.383","64.0","PROGRESS, AY","   71","B,,S",,,,,,,"   -2","H,,S"
"AYM00089574","2017-02-12","-69.383","76.383","64.0","PROGRESS, AY","   10","B,,S",,,"   -5",",,S",,,"  -48","H,,S"
"AYM00089574","2017-02-13","-69.383","76.383","64.0","PROGRESS, AY","    0","B,,S",,,"  -14",",,S","  -47",",,S","  -27","H,,S"
"AYM00089574","2017-02-14","-69.383","76.383","64.0","PROGRESS, AY","   41","B,,S",,,"  -14",",,S",,,"  -35","H,,S"
"AYM00089574","2017-02-15","-69.383","76.383","64.0","PROGRESS, AY","    8","B,,S",,,"  -21",",,S","  -64",",,S","  -27","H,,S"
"AYM00089574","2017-02-16","-69.383","76.383","64.0","PROGRESS, AY","   13","B,,S",,,"  -20",",,S","  -40",",,S","  -27","H,,S"
"AYM00089574","2017-02-17","-69.383","76.383","64.0","PROGRESS, AY","    0","B,,S",,,"   15",",,S","  -59",",,S","  -35","H,,S"
"AYM00089574","2017-02-18","-69.383","76.383","64.0","PROGRESS, AY","    0","B,,S",,,"   23",",,S","  -56",",,S","  -13","H,,S"
"AYM00089574","2017-02-19","-69.383","76.383","64.0","PROGRESS, AY","   10","B,,S",,,"   -9",",,S",,,"  -18","H,,S"
"AYM00089574","2017-02-20","-69.383","76.383","64.0","PROGRESS, AY","    8","B,,S",,,"   15",",,S","  -25",",,S","   -9","H,,S"
"AYM00089574","2017-02-21","-69.383","76.383","64.0","PROGRESS, AY","    0","B,,S",,,"   -4",",,S","  -30",",,S","  -17","H,,S"
"AYM00089574","2017-02-22","-69.383","76.383","64.0","PROGRESS, AY","    0","B,,S",,,"    1",",,S",,,"  -19","H,,S"
"AYM00089574","2017-02-23","-69.383","76.383","64.0","PROGRESS, AY","    0","B,,S",,,"  -32",",,S",,,"  -48","H,,S"
"AYM00089574","2017-02-24","-69.383","76.383","64.0","PROGRESS, AY","    0","B,,S",,,"  -41",",,S","  -82",",,S","  -63","H,,S"
"AYM00089574","2017-02-25","-69.383","76.383","64.0","PROGRESS, AY","    5","B,,S",,,"  -10",",,S","  -75",",,S","  -35","H,,S"
"AYM00089574","2017-02-26","-69.383","76.383","64.0","PROGRESS, AY","    0","B,,S",,,"  -22",",,S","  -69",",,S","  -46","H,,S"
"AYM00089574","2017-02-27","-69.383","76.383","64.0","PROGRESS, AY","    0","B,,S",,,"  -32",",,S","  -74",",,S","  -49","H,,S"
"AYM00089574","2017-02-28","-69.383","76.383","64.0","PROGRESS, AY","    0","B,,S",,,"  -44",",,S","  -88",",,S","  -64","H,,S"
"AYM00089574","2017-03-01","-69.383","76.383","64.0","PROGRESS, AY","    0","B,,S",,,"  -40",",,S",,,"  -67","H,,S"
"AYM00089574","2017-03-02","-69.383","76.383","64.0","PROGRESS, AY","    0","B,,S",,,"  -48",",,S","  -82",",,S","  -69","H,,S"
"AYM00089574","2017-03-04","-69.383","76.383","64.0","PROGRESS, AY","    0","B,,S",,,,," -112",",,S","  -78","H,,S"
"AYM00089574","2017-03-05","-69.383","76.383","64.0","PROGRESS, AY","    0","B,,S",,,,,"  -70",",,S","  -36","H,,S"
"AYM00089574","2017-03-06","-69.383","76.383","64.0","PROGRESS, AY","   20","B,,S",,,"  -20",",,S",,,"  -28","H,,S"
"AYM00089574","2017-03-07","-69.383","76.383","64.0","PROGRESS, AY","    3","B,,S",,,"  -37",",,S",,,"  -54","H,,S"
"AYM00089574","2017-03-08","-69.383","76.383","64.0","PROGRESS, AY","    0","B,,S",,,"  -66",",,S",,,"  -91","H,,S"
"AYM00089574","2017-03-09","-69.383","76.383","64.0","PROGRESS, AY","    0","B,,S",,,,," -160",",,S"," -129","H,,S"
"AYM00089574","2017-03-10","-69.383","76.383","64.0","PROGRESS, AY","    0","B,,S",,,"  -53",",,S"," -116",",,S","  -76","H,,S"
"AYM00089574","2017-03-11","-69.383","76.383","64.0","PROGRESS, AY",,,,,,," -101",",,S","  -79","H,,S"
"AYM00089574","2017-03-13","-69.383","76.383","64.0","PROGRESS, AY","   10","B,,S",,,"  -43",",,S",,,"  -72","H,,S"
"AYM00089574","2017-03-14","-69.383","76.383","64.0","PROGRESS, AY","    0","B,,S",,,"  -36",",,S","  -95",",,S","  -54","H,,S"
"AYM00089574","2017-03-15","-69.383","76.383","64.0","PROGRESS, AY","    0","B,,S",,,"  -50",",,S",,,"  -67","H,,S"
"AYM00089574","2017-03-16","-69.383","76.383","64.0","PROGRESS, AY","    0","B,,S",,,"  -76",",,S"," -109",",,S","  -92","H,,S"
"AYM00089574","2017-03-17","-69.383","76.383","64.0","PROGRESS, AY","   10","B,,S",,,"  -54",",,S","  -98",",,S","  -69","H,,S"
"AYM00089574","2017-03-18","-69.383","76.383","64.0","PROGRESS, AY","    0","B,,S",,,"  -62",",,S",,,"  -72","H,,S"
"AYM00089574","2017-03-19","-69.383","76.383","64.0","PROGRESS, AY","    0","B,,S",,,"  -79",",,S","  -98",",,S","  -89","H,,S"
"AYM00089574","2017-03-20","-69.383","76.383","64.0","PROGRESS, AY","    5","B,,S",,,"  -41",",,S","  -89",",,S","  -66","H,,S"
"AYM00089574","2017-03-21","-69.383","76.383","64.0","PROGRESS, AY","    3","B,,S",,,"  -22",",,S","  -60",",,S","  -38","H,,S"
"AYM00089574","2017-03-22","-69.383","76.383","64.0","PROGRESS, AY","    0","B,,S",,,,,,,"  -47","H,,S"
"AYM00089574","2017-03-23","-69.383","76.383","64.0","PROGRESS, AY","    0","B,,S",,,"  -70",",,S",,,"  -81","H,,S"
"AYM00089574","2017-03-24","-69.383","76.383","64.0","PROGRESS, AY","    0","B,,S",,,,,,," -111","H,,S"
"AYM00089574","2017-03-25","-69.383","76.383","64.0","PROGRESS, AY","    0","B,,S",,," -100",",,S",,," -113","H,,S"
"AYM00089574","2017-03-26","-69.383","76.383","64.0","PROGRESS, AY","    0","B,,S",,,"  -99",",,S"," -139",",,S"," -117","H,,S"
"AYM00089574","2017-03-27","-69.383","76.383","64.0","PROGRESS, AY","    0","B,,S",,,"  -78",",,S"," -130",",,S"," -110","H,,S"
"AYM00089574","2017-03-28","-69.383","76.383","64.0","PROGRESS, AY","    0","B,,S",,," -108",",,S"," -132",",,S"," -124","H,,S"
"AYM00089574","2017-03-29","-69.383","76.383","64.0","PROGRESS, AY","    0","B,,S",,," -126",",,S",,," -150","H,,S"
"AYM00089574","2017-03-30","-69.383","76.383","64.0","PROGRESS, AY","    3","B,,S",,," -158",",,S"," -203",",,S"," -178","H,,S"
"AYM00089574","2017-03-31","-69.383","76.383","64.0","PROGRESS, AY","    0","B,,S",,," -146",",,S"," -191",",,S"," -161","H,,S"
"AYM00089574","2017-04-01","-69.383","76.383","64.0","PROGRESS, AY","    8","B,,S",,," -170",",,S",,," -176","H,,S"
"AYM00089574","2017-04-02","-69.383","76.383","64.0","PROGRESS, AY","    0","B,,S",,," -165",",,S"," -183",",,S"," -171","H,,S"
"AYM00089574","2017-04-03","-69.383","76.383","64.0","PROGRESS, AY","    5","B,,S",,," -169",",,S",,," -182","H,,S"
"AYM00089574","2017-04-04","-69.383","76.383","64.0","PROGRESS, AY","    0","B,,S",,,,," -209",",,S"," -142","H,,S"
"AYM00089574","2017-04-05","-69.383","76.383","64.0","PROGRESS, AY","   30","B,,S",,,,," -111",",,S","  -73","H,,S"
"AYM00089574","2017-04-07","-69.383","76.383","64.0","PROGRESS, AY","    0","B,,S",,," -157",",,S",,," -174","H,,S"
"AYM00089574","2017-04-08","-69.383","76.383","64.0","PROGRESS, AY","    0","B,,S",,," -112",",,S"," -199",",,S"," -176","H,,S"
"AYM00089574","2017-04-09","-69.383","76.383","64.0","PROGRESS, AY","    0","B,,S",,,,," -176",",,S"," -166","H,,S"
"AYM00089574","2017-04-10","-69.383","76.383","64.0","PROGRESS, AY","   13","B,,S",,," -158",",,S",,," -168","H,,S"
"AYM00089574","2017-04-11","-69.383","76.383","64.0","PROGRESS, AY","    0","B,,S",,," -158",",,S",,," -173","H,,S"
"AYM00089574","2017-04-12","-69.383","76.383","64.0","PROGRESS, AY","    0","B,,S",,," -159",",,S",,," -169","H,,S"
"AYM00089574","2017-04-13","-69.383","76.383","64.0","PROGRESS, AY","    0","B,,S",,," -173",",,S",,," -188","H,,S"
"AYM00089574","2017-04-14","-69.383","76.383","64.0","PROGRESS, AY","    0","B,,S",,," -201",",,S",,," -216","H,,S"
"AYM00089574","2017-04-15","-69.383","76.383","64.0","PROGRESS, AY","    5","B,,S",,," -128",",,S"," -228",",,S"," -158","H,,S"
"AYM00089574","2017-04-17","-69.383","76.383","64.0","PROGRESS, AY","    3","B,,S",,,,," -118",",,S","  -98","H,,S"
"AYM00089574","2017-04-18","-69.383","76.383","64.0","PROGRESS, AY","   71","B,,S",,," -103",",,S",,," -131","H,,S"
"AYM00089574","2017-04-19","-69.383","76.383","64.0","PROGRESS, AY","   20","B,,S",,,"  -83",",,S"," -154",",,S"," -100","H,,S"
"AYM00089574","2017-04-20","-69.383","76.383","64.0","PROGRESS, AY",,,,,,,,,"  -99","H,,S"
"AYM00089574","2017-04-21","-69.383","76.383","64.0","PROGRESS, AY","    0","B,,S",,," -105",",,S"," -124",",,S"," -113","H,,S"
"AYM00089574","2017-04-22","-69.383","76.383","64.0","PROGRESS, AY","   20","B,,S",,,"  -96",",,S",,," -143","H,,S"
"AYM00089574","2017-04-23","-69.383","76.383","64.0","PROGRESS, AY","    0","B,,S",,," -175",",,S",,," -198","H,,S"
"AYM00089574","2017-04-24","-69.383","76.383","64.0","PROGRESS, AY","    0","B,,S",,,,," -220",",,S"," -182","H,,S"
"AYM00089574","2017-04-25","-69.383","76.383","64.0","PROGRESS, AY","    0","B,,S",,,,," -224",",,S"," -164","H,,S"
"AYM00089574","2017-04-26","-69.383","76.383","64.0","PROGRESS, AY","    0","B,,S",,,,," -217",",,S"," -177","H,,S"
"AYM00089574","2017-04-27","-69.383","76.383","64.0","PROGRESS, AY","    5","B,,S",,," -152",",,S"," -175",",,S"," -158","H,,S"
"AYM00089574","2017-04-28","-69.383","76.383","64.0","PROGRESS, AY","    0","B,,S",,," -150",",,S"," -176",",,S"," -157","H,,S"
"AYM00089574","2017-04-29","-69.383","76.383","64.0","PROGRESS, AY","    0","B,,S",,,,," -157",",,S"," -135","H,,S"
"AYM00089574","2017-04-30","-69.383","76.383","64.0","PROGRESS, AY","   10","B,,S",,,"  -55",",,S"," -131",",,S","  -73","H,,S"
"AYM00089574","2017-05-01","-69.383","76.383","64.0","PROGRESS, AY","    0","B,,S",,,"  -32",",,S","  -74",",,S","  -47","H,,S"
"AYM00089574","2017-05-02","-69.383","76.383","64.0","PROGRESS, AY","    0","B,,S",,,"  -59",",,S",,,"  -80","H,,S"
"AYM00089574","2017-05-03","-69.383","76.383","64.0","PROGRESS, AY","    0","B,,S",,,"  -82",",,S",,," -109","H,,S"
"AYM00089574","2017-05-04","-69.383","76.383","64.0","PROGRESS, AY","    0","B,,S",,," -129",",,S",,," -135","H,,S"
"AYM00089574","2017-05-05","-69.383","76.383","64.0","PROGRESS, AY","    0","B,,S",,,,," -151",",,S"," -120","H,,S"
"AYM00089574","2017-05-06","-69.383","76.383","64.0","PROGRESS, AY","    0","B,,S",,," -115",",,S",,," -136","H,,S"
"AYM00089574","2017-05-07","-69.383","76.383","64.0","PROGRESS, AY","    0","B,,S",,,,," -169",",,S"," -159","H,,S"
"AYM00089574","2017-05-08","-69.383","76.383","64.0","PROGRESS, AY","    0","B,,S",,,,,,," -171","H,,S"
"AYM00089574","2017-05-09","-69.383","76.383","64.0","PROGRESS, AY","    0","B,,S",,,"  -98",",,S"," -197",",,S"," -116","H,,S"
"AYM00089574","2017-05-10","-69.383","76.383","64.0","PROGRESS, AY","    0","B,,S",,," -137",",,S",,," -165","H,,S"
"AYM00089574","2017-05-11","-69.383","76.383","64.0","PROGRESS, AY","    3","B,,S",,," -213",",,S",,," -237","H,,S"
"AYM00089574","2017-05-12","-69.383","76.383","64.0","PROGRESS, AY","    0","B,,S",,," -251",",,S",,," -263","H,,S"
"AYM00089574","2017-05-13","-69.383","76.383","64.0","PROGRESS, AY","    0","B,,S",,," -273",",,S"," -280",",,S"," -277","H,,S"
"AYM00089574","2017-05-14","-69.383","76.383","64.0","PROGRESS, AY","    5","B,,S",,,,," -279",",,S"," -185","H,,S"
"AYM00089574","2017-05-15","-69.383","76.383","64.0","PROGRESS, AY","  140","B,,S",,,"  -56",",,S"," -159",",,S","  -66","H,,S"
"AYM00089574","2017-05-16","-69.383","76.383","64.0","PROGRESS, AY","   30","B,,S",,,"  -74",",,S",,,"  -94","H,,S"
"AYM00089574","2017-05-17","-69.383","76.383","64.0","PROGRESS, AY","    0","B,,S",,,"  -92",",,S",,," -145","H,,S"
"AYM00089574","2017-05-18","-69.383","76.383","64.0","PROGRESS, AY","    0","B,,S",,," -133",",,S"," -185",",,S"," -149","H,,S"
"AYM00089574","2017-05-19","-69.383","76.383","64.0","PROGRESS, AY","    0","B,,S",,," -138",",,S",,," -154","H,,S"
"AYM00089574","2017-05-20","-69.383","76.383","64.0","PROGRESS, AY","    5","B,,S",,,"  -38",",,S"," -182",",,S","  -75","H,,S"
"AYM00089574","2017-05-21","-69.383","76.383","64.0","PROGRESS, AY","   20","B,,S",,,"  -41",",,S",,,"  -51","H,,S"
"AYM00089574","2017-05-22","-69.383","76.383","64.0","PROGRESS, AY","   30","B,,S",,,"  -29",",,S","  -66",",,S","  -37","H,,S"
"AYM00089574","2017-05-23","-69.383","76.383","64.0","PROGRESS, AY","   10","B,,S",,,"  -30",",,S",,,"  -47","H,,S"
"AYM00089574","2017-05-24","-69.383","76.383","64.0","PROGRESS, AY","    3","B,,S",,,"  -89",",,S",,," -132","H,,S"
"AYM00089574","2017-05-25","-69.383","76.383","64.0","PROGRESS, AY","    0","B,,S",,,,," -179",",,S"," -110","H,,S"
"AYM00089574","2017-05-26","-69.383","76.383","64.0","PROGRESS, AY","    5","B,,S",,,"  -15",",,S","  -96",",,S","  -35","H,,S"
"AYM00089574","2017-05-27","-69.383","76.383","64.0","PROGRESS, AY","    0","B,,S",,,"  -11",",,S",,,"  -26","H,,S"
"AYM00089574","2017-05-28","-69.383","76.383","64.0","PROGRESS, AY","    0","B,,S",,,"  -45",",,S",,,"  -57","H,,S"
"AYM00089574","2017-05-29","-69.383","76.383","64.0","PROGRESS, AY","    0","B,,S",,,"  -89",",,S",,," -132","H,,S"
"AYM00089574","2017-05-30","-69.383","76.383","64.0","PROGRESS, AY","   10","B,,S",,,,," -204",",,S"," -147","H,,S"
"AYM00089574","2017-06-01","-69.383","76.383","64.0","PROGRESS, AY","    0","B,,S",,," -119",",,S"," -162",",,S"," -138","H,,S"
"AYM00089574","2017-06-02","-69.383","76.383","64.0","PROGRESS, AY","    0","B,,S",,," -157",",,S",,," -176","H,,S"
"AYM00089574","2017-06-03","-69.383","76.383","64.0","PROGRESS, AY","    0","B,,S",,," -189",",,S",,," -244","H,,S"
"AYM00089574","2017-06-04","-69.383","76.383","64.0","PROGRESS, AY","    0","B,,S",,," -270",",,S",,," -280","H,,S"
"AYM00089574","2017-06-05","-69.383","76.383","64.0","PROGRESS, AY","    0","B,,S",,,,," -295",",,S"," -267","H,,S"
"AYM00089574","2017-06-06","-69.383","76.383","64.0","PROGRESS, AY","    0","B,,S",,,,," -254",",,S"," -169","H,,S"
"AYM00089574","2017-06-07","-69.383","76.383","64.0","PROGRESS, AY","    0","B,,S",,," -126",",,S"," -170",",,S"," -136","H,,S"
"AYM00089574","2017-06-08","-69.383","76.383","64.0","PROGRESS, AY","    0","B,,S",,," -140",",,S",,," -158","H,,S"
"AYM00089574","2017-06-09","-69.383","76.383","64.0","PROGRESS, AY","    0","B,,S",,,,," -188",",,S"," -174","H,,S"
"AYM00089574","2017-06-10","-69.383","76.383","64.0","PROGRESS, AY","    0","B,,S",,,,," -176",",,S"," -154","H,,S"
"AYM00089574","2017-06-11","-69.383","76.383","64.0","PROGRESS, AY","    0","B,,S",,,,," -154",",,S"," -113","H,,S"
"AYM00089574","2017-06-12","-69.383","76.383","64.0","PROGRESS, AY","    0","B,,S",,,"  -95",",,S",,," -114","H,,S"
"AYM00089574","2017-06-13","-69.383","76.383","64.0","PROGRESS, AY","    0","B,,S",,," -136",",,S",,," -161","H,,S"
"AYM00089574","2017-06-15","-69.383","76.383","64.0","PROGRESS, AY","    0","B,,S",,," -205",",,S",,," -223","H,,S"
"AYM00089574","2017-06-16","-69.383","76.383","64.0","PROGRESS, AY","    0","B,,S",,,,,,," -259","H,,S"
"AYM00089574","2017-06-17","-69.383","76.383","64.0","PROGRESS, AY","    0","B,,S",,,,,,," -276","H,,S"
"AYM00089574","2017-06-18","-69.383","76.383","64.0","PROGRESS, AY","    0","B,,S",,," -269",",,S",,," -292","H,,S"
"AYM00089574","2017-06-19","-69.383","76.383","64.0","PROGRESS, AY","    0","B,,S",,," -156",",,S"," -308",",,S"," -221","H,,S"
"AYM00089574","2017-06-20","-69.383","76.383","64.0","PROGRESS, AY","    3","B,,S",,," -242",",,S",,," -291","H,,S"
"AYM00089574","2017-06-21","-69.383","76.383","64.0","PROGRESS, AY","    0","B,,S",,,,," -316",",,S"," -271","H,,S"
"AYM00089574","2017-06-22","-69.383","76.383","64.0","PROGRESS, AY","   25","B,,S",,,,," -276",",,S"," -181","H,,S"
"AYM00089574","2017-06-23","-69.383","76.383","64.0","PROGRESS, AY","   23","B,,S",,,,," -165",",,S"," -143","H,,S"
"AYM00089574","2017-06-24","-69.383","76.383","64.0","PROGRESS, AY","   20","B,,S",,,"  -92",",,S"," -135",",,S"," -109","H,,S"
"AYM00089574","2017-06-25","-69.383","76.383","64.0","PROGRESS, AY","   28","B,,S",,," -107",",,S",,," -125","H,,S"
"AYM00089574","2017-06-26","-69.383","76.383","64.0","PROGRESS, AY","   28","B,,S",,," -154",",,S",,," -167","H,,S"
"AYM00089574","2017-06-27","-69.383","76.383","64.0","PROGRESS, AY","    0","B,,S",,," -166",",,S",,," -180","H,,S"
"AYM00089574","2017-06-28","-69.383","76.383","64.0","PROGRESS, AY","   38","B,,S",,," -100",",,S"," -211",",,S"," -115","H,,S"
"AYM00089574","2017-06-29","-69.383","76.383","64.0","PROGRESS, AY","   79","B,,S",,,,,,," -154","H,,S"
"AYM00089574","2017-06-30","-69.383","76.383","64.0","PROGRESS, AY","   61","B,,S",,,,," -199",",,S"," -123","H,,S"
"AYM00089574","2017-07-01","-69.383","76.383","64.0","PROGRESS, AY","   51","B,,S",,," -110",",,S",,," -137","H,,S"
"AYM00089574","2017-07-02","-69.383","76.383","64.0","PROGRESS, AY","    0","B,,S",,," -182",",,S",,," -201","H,,S"
"AYM00089574","2017-07-03","-69.383","76.383","64.0","PROGRESS, AY","    0","B,,S",,," -214",",,S",,," -268","H,,S"
"AYM00089574","2017-07-04","-69.383","76.383","64.0","PROGRESS, AY","    0","B,,S",,," -229",",,S"," -352",",,S"," -258","H,,S"
"AYM00089574","2017-07-05","-69.383","76.383","64.0","PROGRESS, AY","    0","B,,S",,," -216",",,S"," -276",",,S"," -236","H,,S"
"AYM00089574","2017-07-06","-69.383","76.383","64.0","PROGRESS, AY","    0","B,,S",,,,,,," -259","H,,S"
"AYM00089574","2017-07-07","-69.383","76.383","64.0","PROGRESS, AY","    0","B,,S",,," -271",",,S",,," -302","H,,S"
"AYM00089574","2017-07-08","-69.383","76.383","64.0","PROGRESS, AY","    0","B,,S",,," -271",",,S"," -417",",,S"," -325","H,,S"
"AYM00089574","2017-07-09","-69.383","76.383","64.0","PROGRESS, AY","    0","B,,S",,," -186",",,S"," -327",",,S"," -234","H,,S"
"AYM00089574","2017-07-10","-69.383","76.383","64.0","PROGRESS, AY","    0","B,,S",,," -230",",,S",,," -326","H,,S"
"AYM00089574","2017-07-11","-69.383","76.383","64.0","PROGRESS, AY","    0","B,,S",,," -368",",,S"," -400",",,S"," -392","H,,S"
"AYM00089574","2017-07-12","-69.383","76.383","64.0","PROGRESS, AY","    0","B,,S",,," -111",",,S",,," -191","H,,S"
"AYM00089574","2017-07-13","-69.383","76.383","64.0","PROGRESS, AY","    0","B,,S",,,"  -84",",,S"," -159",",,S","  -95","H,,S"
"AYM00089574","2017-07-14","-69.383","76.383","64.0","PROGRESS, AY","    0","B,,S",,,,,,," -108","H,,S"
"AYM00089574","2017-07-15","-69.383","76.383","64.0","PROGRESS, AY","    0","B,,S",,,,,,," -118","H,,S"
"AYM00089574","2017-07-16","-69.383","76.383","64.0","PROGRESS, AY","    0","B,,S",,,"  -86",",,S"," -110",",,S","  -98","H,,S"
"AYM00089574","2017-07-17","-69.383","76.383","64.0","PROGRESS, AY","  109","B,,S",,,,,"  -92",",,S","  -77","H,,S"
"AYM00089574","2017-07-18","-69.383","76.383","64.0","PROGRESS, AY","   61","B,,S",,,,,"  -64",",,S","  -59","H,,S"
"AYM00089574","2017-07-19","-69.383","76.383","64.0","PROGRESS, AY","   89","B,,S",,,"  -48",",,S",,,"  -57","H,,S"
"AYM00089574","2017-07-20","-69.383","76.383","64.0","PROGRESS, AY","  160","B,,S",,,,,,,"  -59","H,,S"
"AYM00089574","2017-07-21","-69.383","76.383","64.0","PROGRESS, AY","   38","B,,S",,," -111",",,S",,," -138","H,,S"
"AYM00089574","2017-07-22","-69.383","76.383","64.0","PROGRESS, AY","   66","B,,S",,,"  -40",",,S"," -156",",,S","  -61","H,,S"
"AYM00089574","2017-07-23","-69.383","76.383","64.0","PROGRESS, AY","   89","B,,S",,,"  -30",",,S","  -57",",,S","  -48","H,,S"
"AYM00089574","2017-07-24","-69.383","76.383","64.0","PROGRESS, AY","    8","B,,S",,,"  -35",",,S",,,"  -47","H,,S"
"AYM00089574","2017-07-25","-69.383","76.383","64.0","PROGRESS, AY","    3","B,,S",,,"  -90",",,S",,," -102","H,,S"
"AYM00089574","2017-07-26","-69.383","76.383","64.0","PROGRESS, AY","    0","B,,S",,," -101",",,S"," -140",",,S"," -113","H,,S"
"AYM00089574","2017-07-27","-69.383","76.383","64.0","PROGRESS, AY","    0","B,,S",,,"  -98",",,S",,," -110","H,,S"
"AYM00089574","2017-07-28","-69.383","76.383","64.0","PROGRESS, AY","    5","B,,S",,,"  -86",",,S",,," -112","H,,S"
"AYM00089574","2017-07-29","-69.383","76.383","64.0","PROGRESS, AY","    3","B,,S",,," -125",",,S"," -155",",,S"," -147","H,,S"
"AYM00089574","2017-07-30","-69.383","76.383","64.0","PROGRESS, AY","    0","B,,S",,,"  -84",",,S"," -189",",,S"," -107","H,,S"
"AYM00089574","2017-07-31","-69.383","76.383","64.0","PROGRESS, AY","    0","B,,S",,," -136",",,S",,," -154","H,,S"
"AYM00089574","2017-08-01","-69.383","76.383","64.0","PROGRESS, AY","    0","B,,S",,," -159",",,S",,," -174","H,,S"
"AYM00089574","2017-08-02","-69.383","76.383","64.0","PROGRESS, AY","    3","B,,S",,," -149",",,S",,," -198","H,,S"
"AYM00089574","2017-08-03","-69.383","76.383","64.0","PROGRESS, AY","    0","B,,S",,,,,,," -233","H,,S"
"AYM00089574","2017-08-04","-69.383","76.383","64.0","PROGRESS, AY","    0","B,,S",,,,," -230",",,S"," -188","H,,S"
"AYM00089574","2017-08-05","-69.383","76.383","64.0","PROGRESS, AY","    5","B,,S",,," -136",",,S"," -193",",,S"," -149","H,,S"
"AYM00089574","2017-08-06","-69.383","76.383","64.0","PROGRESS, AY","    3","B,,S",,," -158",",,S",,," -181","H,,S"
"AYM00089574","2017-08-07","-69.383","76.383","64.0","PROGRESS, AY","    0","B,,S",,," -207",",,S",,," -289","H,,S"
"AYM00089574","2017-08-08","-69.383","76.383","64.0","PROGRESS, AY","    0","B,,S",,,,," -356",",,S"," -206","H,,S"
"AYM00089574","2017-08-09","-69.383","76.383","64.0","PROGRESS, AY","   10","B,,S",,,,," -189",",,S","  -64","H,,S"
"AYM00089574","2017-08-10","-69.383","76.383","64.0","PROGRESS, AY","   61","B,,S",,,,,,," -136","H,,S"
"AYM00089574","2017-08-11","-69.383","76.383","64.0","PROGRESS, AY","    0","B,,S",,," -142",",,S",,," -155","H,,S"
"AYM00089574","2017-08-12","-69.383","76.383","64.0","PROGRESS, AY","   41","B,,S",,,,," -167",",,S"," -101","H,,S"
"AYM00089574","2017-08-13","-69.383","76.383","64.0","PROGRESS, AY","  180","B,,S",,,"  -72",",,S",,," -126","H,,S"
"AYM00089574","2017-08-14","-69.383","76.383","64.0","PROGRESS, AY","  140","B,,S",,,"  -72",",,S"," -141",",,S","  -83","H,,S"
"AYM00089574","2017-08-16","-69.383","76.383","64.0","PROGRESS, AY","   61","B,,S",,," -125",",,S",,," -143","H,,S"
"AYM00089574","2017-08-17","-69.383","76.383","64.0","PROGRESS, AY","    3","B,,S",,,"  -93",",,S"," -180",",,S"," -121","H,,S"
"AYM00089574","2017-08-18","-69.383","76.383","64.0","PROGRESS, AY","    0","B,,S",,," -132",",,S",,," -160","H,,S"
"AYM00089574","2017-08-19","-69.383","76.383","64.0","PROGRESS, AY","    0","B,,S",,,,,,," -189","H,,S"
"AYM00089574","2017-08-20","-69.383","76.383","64.0","PROGRESS, AY","   23","B,,S",,,,," -195",",,S"," -153","H,,S"
"AYM00089574","2017-08-21","-69.383","76.383","64.0","PROGRESS, AY","   38","B,,S",,,"  -77",",,S"," -155",",,S","  -90","H,,S"
"AYM00089574","2017-08-22","-69.383","76.383","64.0","PROGRESS, AY","   13","B,,S",,," -115",",,S",,," -132","H,,S"
"AYM00089574","2017-08-23","-69.383","76.383","64.0","PROGRESS, AY","    0","B,,S",,," -198",",,S",,," -233","H,,S"
"AYM00089574","2017-08-24","-69.383","76.383","64.0","PROGRESS, AY",,,,,,,,," -322","H,,S"
"AYM00089574","2017-08-25","-69.383","76.383","64.0","PROGRESS, AY","    0","B,,S",,,,," -362",",,S"," -205","H,,S"
"AYM00089574","2017-08-26","-69.383","76.383","64.0","PROGRESS, AY","   30","B,,S",,,,," -133",",,S"," -109","H,,S"
"AYM00089574","2017-08-27","-69.383","76.383","64.0","PROGRESS, AY","   89","B,,S",,,"  -70",",,S"," -114",",I,S","  -86","H,,S"
"AYM00089574","2017-08-28","-69.383","76.383","64.0","PROGRESS, AY","   30","B,,S",,," -140",",I,S",,," -148","H,,S"
"AYM00089574","2017-08-29","-69.383","76.383","64.0","PROGRESS, AY","    3","B,,S",,," -156",",,S",,," -195","H,,S"
"AYM00089574","2017-08-30","-69.383","76.383","64.0","PROGRESS, AY","    0","B,,S",,," -270",",,S"," -322",",,S"," -312","H,,S"
"AYM00089574","2017-08-31","-69.383","76.383","64.0","PROGRESS, AY","    5","B,,S",,," -204",",,S"," -327",",,S"," -248","H,,S"
"AYM00089574","2017-09-01","-69.383","76.383","64.0","PROGRESS, AY","   61","B,,S",,," -201",",,S",,," -237","H,,S"
"AYM00089574","2017-09-02","-69.383","76.383","64.0","PROGRESS, AY","    0","B,,S",,,,," -350",",,S"," -276","H,,S"
"AYM00089574","2017-09-03","-69.383","76.383","64.0","PROGRESS, AY","   10","B,,S",,,,," -257",",,S"," -118","H,,S"
"AYM00089574","2017-09-04","-69.383","76.383","64.0","PROGRESS, AY","   99","B,,S",,,"  -98",",,S",,," -143","H,,S"
"AYM00089574","2017-09-05","-69.383","76.383","64.0","PROGRESS, AY","   25","B,,S",,,,,,," -188","H,,S"
"AYM00089574","2017-09-06","-69.383","76.383","64.0","PROGRESS, AY",,,,,,," -251",",,S"," -199","H,,S"
"AYM00089574","2017-09-07","-69.383","76.383","64.0","PROGRESS, AY","    0","B,,S",,," -195",",,S",,," -211","H,,S"
"AYM00089574","2017-09-08","-69.383","76.383","64.0","PROGRESS, AY","    0","B,,S",,,"  -97",",,S"," -230",",,S"," -132","H,,S"
"AYM00089574","2017-09-09","-69.383","76.383","64.0","PROGRESS, AY","    0","B,,S",,,"  -99",",,S"," -152",",,S"," -113","H,,S"
"AYM00089574","2017-09-10","-69.383","76.383","64.0","PROGRESS, AY","   10","B,,S",,,,," -128",",,S","  -74","H,,S"
"AYM00089574","2017-09-11","-69.383","76.383","64.0","PROGRESS, AY","    5","B,,S",,,"  -93",",,S",,," -118","H,,S"
"AYM00089574","2017-09-12","-69.383","76.383","64.0","PROGRESS, AY","    0","B,,S",,," -159",",,S"," -172",",,S"," -167","H,,S"
"AYM00089574","2017-09-13","-69.383","76.383","64.0","PROGRESS, AY","    0","B,,S",,," -161",",,S"," -187",",,S"," -174","H,,S"
"AYM00089574","2017-09-14","-69.383","76.383","64.0","PROGRESS, AY","   10","B,,S",,,,," -180",",,S"," -161","H,,S"
"AYM00089574","2017-09-15","-69.383","76.383","64.0","PROGRESS, AY","    0","B,,S",,," -166",",,S"," -182",",,S"," -174","H,,S"
"AYM00089574","2017-09-16","-69.383","76.383","64.0","PROGRESS, AY","    0","B,,S",,,,,,," -187","H,,S"
"AYM00089574","2017-09-17","-69.383","76.383","64.0","PROGRESS, AY","    0","B,,S",,," -144",",,S"," -214",",,S"," -161","H,,S"
"AYM00089574","2017-09-18","-69.383","76.383","64.0","PROGRESS, AY","    0","B,,S",,," -138",",,S"," -170",",,S"," -162","H,,S"
"AYM00089574","2017-09-19","-69.383","76.383","64.0","PROGRESS, AY","    0","B,,S",,," -151",",,S"," -183",",,S"," -169","H,,S"
"AYM00089574","2017-09-20","-69.383","76.383","64.0","PROGRESS, AY","    0","B,,S",,," -140",",,S"," -191",",,S"," -168","H,,S"
"AYM00089574","2017-09-21","-69.383","76.383","64.0","PROGRESS, AY","    0","B,,S",,," -100",",,S"," -198",",I,S"," -133","H,,S"
"AYM00089574","2017-09-22","-69.383","76.383","64.0","PROGRESS, AY","    0","B,,S",,," -229",",I,S",,," -248","H,,S"
"AYM00089574","2017-09-23","-69.383","76.383","64.0","PROGRESS, AY","    3","B,,S",,,,," -272",",,S"," -136","H,,S"
"AYM00089574","2017-09-24","-69.383","76.383","64.0","PROGRESS, AY","  150","B,,S",,,"  -87",",,S",,," -110","H,,S"
"AYM00089574","2017-09-25","-69.383","76.383","64.0","PROGRESS, AY","   43","B,,S",,," -133",",,S",,," -158","H,,S"
"AYM00089574","2017-09-26","-69.383","76.383","64.0","PROGRESS, AY","    0","B,,S",,," -188",",,S",,," -231","H,,S"
"AYM00089574","2017-09-27","-69.383","76.383","64.0","PROGRESS, AY","    0","B,,S",,," -141",",,S"," -250",",,S"," -192","H,,S"
"AYM00089574","2017-09-28","-69.383","76.383","64.0","PROGRESS, AY","    0","B,,S",,," -158",",,S"," -217",",,S"," -206","H,,S"
"AYM00089574","2017-09-29","-69.383","76.383","64.0","PROGRESS, AY","    0","B,,S",,," -144",",,S"," -231",",,S"," -202","H,,S"
"AYM00089574","2017-09-30","-69.383","76.383","64.0","PROGRESS, AY","    0","B,,S",,," -202",",,S",,," -222","H,,S"
"AYM00089574","2017-10-01","-69.383","76.383","64.0","PROGRESS, AY","    0","B,,S",,," -214",",,S"," -250",",,S"," -234","H,,S"
"AYM00089574","2017-10-02","-69.383","76.383","64.0","PROGRESS, AY","    0","B,,S",,," -191",",,S"," -249",",,S"," -224","H,,S"
"AYM00089574","2017-10-03","-69.383","76.383","64.0","PROGRESS, AY","    0","B,,S",,," -114",",,S"," -225",",,S"," -150","H,,S"
"AYM00089574","2017-10-04","-69.383","76.383","64.0","PROGRESS, AY","    0","B,,S",,," -113",",,S",,," -136","H,,S"
"AYM00089574","2017-10-05","-69.383","76.383","64.0","PROGRESS, AY","    0","B,,S",,," -146",",,S"," -164",",,S"," -160","H,,S"
"AYM00089574","2017-10-06","-69.383","76.383","64.0","PROGRESS, AY","    0","B,,S",,," -114",",,S"," -180",",,S"," -140","H,,S"
"AYM00089574","2017-10-07","-69.383","76.383","64.0","PROGRESS, AY","    0","B,,S",,,"  -91",",,S"," -174",",,S"," -152","H,,S"
"AYM00089574","2017-10-08","-69.383","76.383","64.0","PROGRESS, AY","    0","B,,S",,," -116",",,S"," -167",",,S"," -128","H,,S"
"AYM00089574","2017-10-09","-69.383","76.383","64.0","PROGRESS, AY","    0","B,,S",,," -111",",,S",,," -135","H,,S"
"AYM00089574","2017-10-10","-69.383","76.383","64.0","PROGRESS, AY","    0","B,,S",,,"  -88",",,S",,," -138","H,,S"
"AYM00089574","2017-10-11","-69.383","76.383","64.0","PROGRESS, AY","    5","B,,S",,,"  -84",",,S"," -139",",,S","  -94","H,,S"
"AYM00089574","2017-10-12","-69.383","76.383","64.0","PROGRESS, AY","    0","B,,S",,,"  -94",",,S",,," -136","H,,S"
"AYM00089574","2017-10-13","-69.383","76.383","64.0","PROGRESS, AY","    0","B,,S",,," -132",",,S",,," -162","H,,S"
"AYM00089574","2017-10-14","-69.383","76.383","64.0","PROGRESS, AY","    0","B,,S",,," -149",",,S"," -201",",,S"," -161","H,,S"
"AYM00089574","2017-10-15","-69.383","76.383","64.0","PROGRESS, AY","    0","B,,S",,," -126",",,S"," -160",",,S"," -135","H,,S"
"AYM00089574","2017-10-16","-69.383","76.383","64.0","PROGRESS, AY","   10","B,,S",,,,," -146",",,S"," -130","H,,S"
"AYM00089574","2017-10-17","-69.383","76.383","64.0","PROGRESS, AY","    0","B,,S",,,"  -54",",,S"," -129",",,S","  -88","H,,S"
"AYM00089574","2017-10-18","-69.383","76.383","64.0","PROGRESS, AY","    0","B,,S",,,"  -34",",,S",,,"  -53","H,,S"
"AYM00089574","2017-10-19","-69.383","76.383","64.0","PROGRESS, AY","    0","B,,S",,,"  -71",",,S"," -104",",,S","  -91","H,,S"
"AYM00089574","2017-10-20","-69.383","76.383","64.0","PROGRESS, AY","    0","B,,S",,,"  -33",",,S"," -116",",,S","  -78","H,,S"
"AYM00089574","2017-10-21","-69.383","76.383","64.0","PROGRESS, AY","    0","B,,S",,,"  -52",",,S",,,"  -85","H,,S"
"AYM00089574","2017-10-22","-69.383","76.383","64.0","PROGRESS, AY","    0","B,,S",,," -102",",,S"," -129",",,S"," -115","H,,S"
"AYM00089574","2017-10-24","-69.383","76.383","64.0","PROGRESS, AY","    0","B,,S",,,"  -78",",,S"," -134",",,S"," -114","H,,S"
"AYM00089574","2017-10-25","-69.383","76.383","64.0","PROGRESS, AY","    0","B,,S",,,"  -93",",,S"," -151",",,S"," -128","H,,S"
"AYM00089574","2017-10-26","-69.383","76.383","64.0","PROGRESS, AY","    0","B,,S",,,,," -159",",,S"," -122","H,,S"
"AYM00089574","2017-10-27","-69.383","76.383","64.0","PROGRESS, AY","    0","B,,S",,,"  -93",",,S",,," -116","H,,S"
"AYM00089574","2017-10-28","-69.383","76.383","64.0","PROGRESS, AY","    0","B,,S",,,,,,," -132","H,,S"
"AYM00089574","2017-10-29","-69.383","76.383","64.0","PROGRESS, AY","    0","B,,S",,,"  -74",",,S"," -182",",,S"," -133","H,,S"
"AYM00089574","2017-10-30","-69.383","76.383","64.0","PROGRESS, AY","    0","B,,S",,,"  -67",",,S"," -160",",,S"," -118","H,,S"
"AYM00089574","2017-10-31","-69.383","76.383","64.0","PROGRESS, AY","    0","B,,S",,," -116",",,S"," -167",",,S"," -137","H,,S"
"AYM00089574","2017-11-01","-69.383","76.383","64.0","PROGRESS, AY","   10","B,,S",,,,," -148",",,S","  -85","H,,S"
"AYM00089574","2017-11-02","-69.383","76.383","64.0","PROGRESS, AY","   66","B,,S",,,"    9",",,S","  -58",",,S","   -4","H,,S"
"AYM00089574","2017-11-03","-69.383","76.383","64.0","PROGRESS, AY","    0","B,,S",,,"    3",",,S",,,"   -8","H,,S"
"AYM00089574","2017-11-04","-69.383","76.383","64.0","PROGRESS, AY","    0","B,,S",,,"   28",",,S","  -18",",,S","    9","H,,S"
"AYM00089574","2017-11-05","-69.383","76.383","64.0","PROGRESS, AY","    0","B,,S",,,"   29",",,S",,,"  -18","H,,S"
"AYM00089574","2017-11-06","-69.383","76.383","64.0","PROGRESS, AY","    0","B,,S",,,"   17",",,S","  -79",",,S","  -23","H,,S"
"AYM00089574","2017-11-07","-69.383","76.383","64.0","PROGRESS, AY","    0","B,,S",,,"   -1",",,S","  -41",",,S","  -18","H,,S"
"AYM00089574","2017-11-08","-69.383","76.383","64.0","PROGRESS, AY","    0","B,,S",,,"   -4",",,S",,,"  -38","H,,S"
"AYM00089574","2017-11-09","-69.383","76.383","64.0","PROGRESS, AY","    0","B,,S",,,"  -17",",,S","  -84",",,S","  -59","H,,S"
"AYM00089574","2017-11-10","-69.383","76.383","64.0","PROGRESS, AY","    0","B,,S",,,"  -16",",,S","  -76",",,S","  -55","H,,S"
"AYM00089574","2017-11-11","-69.383","76.383","64.0","PROGRESS, AY","    0","B,,S",,,"  -10",",,S","  -79",",,S","  -37","H,,S"
"AYM00089574","2017-11-12","-69.383","76.383","64.0","PROGRESS, AY","    3","B,,S",,,"  -27",",,S","  -38",",,S","  -34","H,,S"
"AYM00089574","2017-11-13","-69.383","76.383","64.0","PROGRESS, AY","    0","B,,S",,,"   -8",",,S",,,"  -41","H,,S"
"AYM00089574","2017-11-14","-69.383","76.383","64.0","PROGRESS, AY","    0","B,,S",,,,,,,"  -64","H,,S"
"AYM00089574","2017-11-15","-69.383","76.383","64.0","PROGRESS, AY","    0","B,,S",,,"  -43",",,S"," -111",",,S","  -73","H,,S"
"AYM00089574","2017-11-16","-69.383","76.383","64.0","PROGRESS, AY","    0","B,,S",,,"  -41",",,S"," -113",",,S","  -64","H,,S"
"AYM00089574","2017-11-17","-69.383","76.383","64.0","PROGRESS, AY","    0","B,,S",,,"  -26",",,S","  -82",",,S","  -57","H,,S"
"AYM00089574","2017-11-18","-69.383","76.383","64.0","PROGRESS, AY","    0","B,,S",,,"  -40",",,S",,,"  -65","H,,S"
"AYM00089574","2017-11-19","-69.383","76.383","64.0","PROGRESS, AY","    0","B,,S",,,"  -41",",,S",,,"  -64","H,,S"
"AYM00089574","2017-11-20","-69.383","76.383","64.0","PROGRESS, AY","    0","B,,S",,,"  -27",",,S","  -94",",,S","  -66","H,,S"
"AYM00089574","2017-11-21","-69.383","76.383","64.0","PROGRESS, AY","    0","B,,S",,,"   -8",",,S"," -122",",,S","  -55","H,,S"
"AYM00089574","2017-11-22","-69.383","76.383","64.0","PROGRESS, AY",,,,,"   -3",",,S","  -76",",,S","  -47","H,,S"
"AYM00089574","2017-11-23","-69.383","76.383","64.0","PROGRESS, AY","    0","B,,S",,,"  -29",",,S","  -75",",,S","  -53","H,,S"
"AYM00089574","2017-11-24","-69.383","76.383","64.0","PROGRESS, AY","    0","B,,S",,,"  -28",",,S","  -74",",,S","  -59","H,,S"
"AYM00089574","2017-11-25","-69.383","76.383","64.0","PROGRESS, AY","    0","B,,S",,,,,,,"  -52","H,,S"
"AYM00089574","2017-11-26","-69.383","76.383","64.0","PROGRESS, AY","    0","B,,S",,,"  -14",",,S","  -84",",,S","  -40","H,,S"
"AYM00089574","2017-11-27","-69.383","76.383","64.0","PROGRESS, AY","    0","B,,S",,,"    1",",,S","  -64",",,S","  -28","H,,S"
"AYM00089574","2017-11-28","-69.383","76.383","64.0","PROGRESS, AY","   30","B,,S",,,"   -5",",,S","  -39",",,S","  -22","H,,S"
"AYM00089574","2017-11-29","-69.383","76.383","64.0","PROGRESS, AY","   10","B,,S",,,"   36",",,S","  -28",",,S","   -5","H,,S"
"AYM00089574","2017-11-30","-69.383","76.383","64.0","PROGRESS, AY","    0","B,,S",,,"   12",",,S",,,"  -28","H,,S"
"AYM00089574","2017-12-01","-69.383","76.383","64.0","PROGRESS, AY","    0","B,,S",,,"  -26",",,S","  -71",",,S","  -47","H,,S"
"AYM00089574","2017-12-02","-69.383","76.383","64.0","PROGRESS, AY","    0","B,,S",,,,,"  -66",",,S","  -56","H,,S"
"AYM00089574","2017-12-03","-69.383","76.383","64.0","PROGRESS, AY","    5","B,,S",,,"  -33",",,S","  -67",",,S","  -41","H,,S"
"AYM00089574","2017-12-04","-69.383","76.383","64.0","PROGRESS, AY","  109","B,,S",,,"    3",",,S","  -44",",,S","  -29","H,,S"
"AYM00089574","2017-12-05","-69.383","76.383","64.0","PROGRESS, AY","   23","B,,S",,,"  -10",",,S","  -33",",,S","  -21","H,,S"
"AYM00089574","2017-12-06","-69.383","76.383","64.0","PROGRESS, AY","    0","B,,S",,,"    9",",,S","  -26",",,S","   -8","H,,S"
"AYM00089574","2017-12-07","-69.383","76.383","64.0","PROGRESS, AY","    0","B,,S",,,"   22",",,S","  -16",",,S","    2","H,,S"
"AYM00089574","2017-12-08","-69.383","76.383","64.0","PROGRESS, AY","    0","B,,S",,,,,"  -22",",,S","  -13","H,,S"
"AYM00089574","2017-12-10","-69.383","76.383","64.0","PROGRESS, AY","    0","B,,S",,,"   -5",",,S","  -71",",,S","  -34","H,,S"
"AYM00089574","2017-12-11","-69.383","76.383","64.0","PROGRESS, AY","    0","B,,S",,,"   19",",,S","  -56",",,S","  -22","H,,S"
"AYM00089574","2017-12-12","-69.383","76.383","64.0","PROGRESS, AY","    0","B,,S",,,"   13",",,S","  -48",",,S","  -21","H,,S"
"AYM00089574","2017-12-13","-69.383","76.383","64.0","PROGRESS, AY","    0","B,,S",,,"    1",",,S",,,"  -34","H,,S"
"AYM00089574","2017-12-14","-69.383","76.383","64.0","PROGRESS, AY","    0","B,,S",,,"    9",",,S","  -62",",,S","  -22","H,,S"
"AYM00089574","2017-12-15","-69.383","76.383","64.0","PROGRESS, AY","    0","B,,S",,,"   13",",,S","  -49",",,S","  -16","H,,S"
"AYM00089574","2017-12-16","-69.383","76.383","64.0","PROGRESS, AY","    0","B,,S",,,"    3",",,S","  -55",",,S","  -14","H,,S"
"AYM00089574","2017-12-17","-69.383","76.383","64.0","PROGRESS, AY","   36","B,,S",,,"   -1",",,S","  -26",",,S","   -9","H,,S"
"AYM00089574","2017-12-18","-69.383","76.383","64.0","PROGRESS, AY","    5","B,,S",,,"   12",",,S","  -14",",,S","   -7","H,,S"
"AYM00089574","2017-12-19","-69.383","76.383","64.0","PROGRESS, AY","    0","B,,S",,,"   38",",,S","  -26",",,S","   -4","H,,S"
"AYM00089574","2017-12-20","-69.383","76.383","64.0","PROGRESS, AY","    3","B,,S",,,"    4",",,S","  -29",",,S","  -17","H,,S"
"AYM00089574","2017-12-21","-69.383","76.383","64.0","PROGRESS, AY","   20","B,,S",,,"   25",",,S","  -26",",,S","   -2","H,,S"
"AYM00089574","2017-12-22","-69.383","76.383","64.0","PROGRESS, AY","    0","B,,S",,,"   61",",,S","  -11",",,S","   35","H,,S"
"AYM00089574","2017-12-23","-69.383","76.383","64.0","PROGRESS, AY","    0","B,,S",,,"   52",",,S",,,"   18","H,,S"
"AYM00089574","2017-12-24","-69.383","76.383","64.0","PROGRESS, AY","    0","B,,S",,,"   33",",,S","  -26",",,S","   -2","H,,S"
"AYM00089574","2017-12-25","-69.383","76.383","64.0","PROGRESS, AY","    0","B,,S",,,"   44",",,S","  -35",",,S","    3","H,,S"
"AYM00089574","2017-12-26","-69.383","76.383","64.0","PROGRESS, AY","    0","B,,S",,,"   32",",,S",,,"    1","H,,S"
"AYM00089574","2017-12-27","-69.383","76.383","64.0","PROGRESS, AY","    0","B,,S",,,"   13",",,S","  -40",",,S","  -11","H,,S"
"AYM00089574","2017-12-28","-69.383","76.383","64.0","PROGRESS, AY","    0","B,,S",,,"   26",",,S","  -42",",,S","   -6","H,,S"
"AYM00089574","2017-12-29","-69.383","76.383","64.0","PROGRESS, AY","    0","B,,S",,,"   31",",,S","  -22",",,S","   10","H,,S"
"AYM00089574","2017-12-30","-69.383","76.383","64.0","PROGRESS, AY","    0","B,,S",,,"   30",",,S","  -25",",,S","    9","H,,S"
"AYM00089574","2017-12-31","-69.383","76.383","64.0","PROGRESS, AY","    0","B,,S",,,"   23",",,S","  -22",",,S","    9","H,,S"
"AYM00089574","2018-01-01","-69.383","76.383","64.0","PROGRESS, AY","    0","B,,S",,,"   42",",,S","    2",",,S","   22","H,,S"
"AYM00089574","2018-01-02","-69.383","76.383","64.0","PROGRESS, AY","    0","B,,S",,,"   37",",,S",,,"    6","H,,S"
"AYM00089574","2018-01-03","-69.383","76.383","64.0","PROGRESS, AY","    0","B,,S",,,"   26",",,S","  -39",",,S","  -10","H,,S"
"AYM00089574","2018-01-04","-69.383","76.383","64.0","PROGRESS, AY","    0","B,,S",,,"   48",",,S","  -42",",,S","   14","H,,S"
"AYM00089574","2018-01-05","-69.383","76.383","64.0","PROGRESS, AY","    0","B,,S",,,"   61",",,S","    5",",,S","   31","H,,S"
"AYM00089574","2018-01-06","-69.383","76.383","64.0","PROGRESS, AY","    0","B,,S",,,,,,,"   38","H,,S"
"AYM00089574","2018-01-07","-69.383","76.383","64.0","PROGRESS, AY","    0","B,,S",,,"   45",",,S","  -14",",,S","   13","H,,S"
"AYM00089574","2018-01-08","-69.383","76.383","64.0","PROGRESS, AY","    0","B,,S",,,"   48",",,S","    1",",,S","   22","H,,S"
"AYM00089574","2018-01-09","-69.383","76.383","64.0","PROGRESS, AY","    0","B,,S",,,"   18",",,S","  -24",",,S","   -6","H,,S"
"AYM00089574","2018-01-10","-69.383","76.383","64.0","PROGRESS, AY","    0","B,,S",,,"   15",",,S","  -27",",,S","   -8","H,,S"
"AYM00089574","2018-01-11","-69.383","76.383","64.0","PROGRESS, AY","    0","B,,S",,,"   55",",,S","  -41",",,S","   27","H,,S"
"AYM00089574","2018-01-12","-69.383","76.383","64.0","PROGRESS, AY",,,,,"   60",",,S","  -24",",,S","   31","H,,S"
"AYM00089574","2018-01-13","-69.383","76.383","64.0","PROGRESS, AY","    0","B,,S",,,"   42",",,S","   -1",",,S","   10","H,,S"
"AYM00089574","2018-01-14","-69.383","76.383","64.0","PROGRESS, AY","    0","B,,S",,,"   19",",,S","  -22",",,S","   -7","H,,S"
"AYM00089574","2018-01-15","-69.383","76.383","64.0","PROGRESS, AY","   10","B,,S",,,"   13",",,S","  -27",",,S","   -8","H,,S"
"AYM00089574","2018-01-16","-69.383","76.383","64.0","PROGRESS, AY","    0","B,,S",,,"    9",",,S",,,"  -12","H,,S"
"AYM00089574","2018-01-17","-69.383","76.383","64.0","PROGRESS, AY",,,,,,,"  -46",",,S","   -2","H,,S"
"AYM00089574","2018-01-18","-69.383","76.383","64.0","PROGRESS, AY","   10","B,,S",,,"   20",",,S","  -20",",,S","    1","H,,S"
"AYM00089574","2018-01-19","-69.383","76.383","64.0","PROGRESS, AY","    0","B,,S",,,"   26",",,S","  -15",",,S","    3","H,,S"
"AYM00089574","2018-01-20","-69.383","76.383","64.0","PROGRESS, AY","    0","B,,S",,,"   23",",,S",,,"    0","H,,S"
"AYM00089574","2018-01-21","-69.383","76.383","64.0","PROGRESS, AY","    0","B,,S",,,"   30",",,S","  -23",",,S","    7","H,,S"
"AYM00089574","2018-01-22","-69.383","76.383","64.0","PROGRESS, AY","    0","B,,S",,,,,"  -11",",,S","   -5","H,,S"
"AYM00089574","2018-01-23","-69.383","76.383","64.0","PROGRESS, AY","   15","B,,S",,,"    8",",,S","  -21",",,S","   -9","H,,S"
"AYM00089574","2018-01-24","-69.383","76.383","64.0","PROGRESS, AY","    8","B,,S",,,"   25",",,S","  -36",",,S","  -10","H,,S"
"AYM00089574","2018-01-25","-69.383","76.383","64.0","PROGRESS, AY","    0","B,,S",,,"   10",",,S","  -45",",,S","  -16","H,,S"
"AYM00089574","2018-01-26","-69.383","76.383","64.0","PROGRESS, AY","   10","B,,S",,,"    2",",,S","  -44",",,S","  -14","H,,S"
"AYM00089574","2018-01-28","-69.383","76.383","64.0","PROGRESS, AY","    0","B,,S",,,"    9",",,S","  -45",",,S","  -12","H,,S"
"AYM00089574","2018-01-30","-69.383","76.383","64.0","PROGRESS, AY","    0","B,,S",,,"    8",",,S",,,"  -17","H,,S"
"AYM00089574","2018-01-31","-69.383","76.383","64.0","PROGRESS, AY","    0","B,,S",,,,,,,"   -7","H,,S"
"AYM00089574","2018-02-01","-69.383","76.383","64.0","PROGRESS, AY","    0","B,,S",,,"  -11",",,S","  -49",",,S","  -27","H,,S"
"AYM00089574","2018-02-02","-69.383","76.383","64.0","PROGRESS, AY","    0","B,,S",,,"   23",",,S","  -40",",,S","  -18","H,,S"
"AYM00089574","2018-02-03","-69.383","76.383","64.0","PROGRESS, AY",,,,,,,"  -50",",,S","   -5","H,,S"
"AYM00089574","2018-02-04","-69.383","76.383","64.0","PROGRESS, AY","    0","B,,S",,,"   32",",,S","  -27",",,S","   10","H,,S"
"AYM00089574","2018-02-05","-69.383","76.383","64.0","PROGRESS, AY","    0","B,,S",,,"   37",",,S","  -20",",,S","   12","H,,S"
"AYM00089574","2018-02-06","-69.383","76.383","64.0","PROGRESS, AY","    0","B,,S",,,"   18",",,S","  -27",",,S","   -4","H,,S"
"AYM00089574","2018-02-07","-69.383","76.383","64.0","PROGRESS, AY",,,,,,,"  -36",",,S","   -7","H,,S"
"AYM00089574","2018-02-08","-69.383","76.383","64.0","PROGRESS, AY","    0","B,,S",,,"    7",",,S","  -31",",,S","  -11","H,,S"
"AYM00089574","2018-02-09","-69.383","76.383","64.0","PROGRESS, AY","    0","B,,S",,,"   14",",,S",,,"  -12","H,,S"
"AYM00089574","2018-02-10","-69.383","76.383","64.0","PROGRESS, AY","   10","B,,S",,,"  -11",",,S","  -43",",,S","  -27","H,,S"
"AYM00089574","2018-02-12","-69.383","76.383","64.0","PROGRESS, AY","    0","B,,S",,,,,,,"  -14","H,,S"
"AYM00089574","2018-02-13","-69.383","76.383","64.0","PROGRESS, AY",,,,,"  -12",",,S",,,"  -39","H,,S"
"AYM00089574","2018-02-15","-69.383","76.383","64.0","PROGRESS, AY","    0","B,,S",,,"    1",",,S","  -25",",,S","  -19","H,,S"
"AYM00089574","2018-02-16","-69.383","76.383","64.0","PROGRESS, AY",,,,,"    1",",,S","  -42",",,S","  -13","H,,S"
"AYM00089574","2018-02-17","-69.383","76.383","64.0","PROGRESS, AY","    0","B,,S",,,"   11",",,S","  -38",",,S","  -29","H,,S"
"AYM00089574","2018-02-18","-69.383","76.383","64.0","PROGRESS, AY","    0","B,,S",,,"  -25",",,S","  -45",",,S","  -36","H,,S"
"AYM00089574","2018-02-19","-69.383","76.383","64.0","PROGRESS, AY","    0","B,,S",,,"  -20",",,S","  -65",",,S","  -48","H,,S"
"AYM00089574","2018-02-20","-69.383","76.383","64.0","PROGRESS, AY","    0","B,,S",,,"  -21",",,S","  -71",",,S","  -50","H,,S"
"AYM00089574","2018-02-21","-69.383","76.383","64.0","PROGRESS, AY","    0","B,,S",,,"   -7",",,S","  -71",",,S","  -33","H,,S"
"AYM00089574","2018-02-22","-69.383","76.383","64.0","PROGRESS, AY","    0","B,,S",,,"    5",",,S","  -56",",,S","  -19","H,,S"
"AYM00089574","2018-02-23","-69.383","76.383","64.0","PROGRESS, AY","    0","B,,S",,,"    9",",,S","  -48",",,S","  -27","H,,S"
"AYM00089574","2018-02-24","-69.383","76.383","64.0","PROGRESS, AY","    0","B,,S",,,"  -28",",,S",,,"  -47","H,,S"
"AYM00089574","2018-02-25","-69.383","76.383","64.0","PROGRESS, AY","    0","B,,S",,,"  -43",",,S","  -87",",,S","  -61","H,,S"
"AYM00089574","2018-02-26","-69.383","76.383","64.0","PROGRESS, AY","    5","B,,S",,,"  -54",",,S","  -72",",,S","  -63","H,,S"
"AYM00089574","2018-02-27","-69.383","76.383","64.0","PROGRESS, AY","    0","B,,S",,,"  -56",",,S",,,"  -69","H,,S"
"AYM00089574","2018-02-28","-69.383","76.383","64.0","PROGRESS, AY","    0","B,,S",,,"  -57",",,S"," -101",",,S","  -80","H,,S"
"AYM00089574","2018-03-01","-69.383","76.383","64.0","PROGRESS, AY","    0","B,,S",,,"  -57",",,S","  -94",",,S","  -75","H,,S"
"AYM00089574","2018-03-02","-69.383","76.383","64.0","PROGRESS, AY","    0","B,,S",,,"  -50",",,S","  -73",",,S","  -62","H,,S"
"AYM00089574","2018-03-03","-69.383","76.383","64.0","PROGRESS, AY","    0","B,,S",,,"  -50",",,S",,,"  -72","H,,S"
"AYM00089574","2018-03-04","-69.383","76.383","64.0","PROGRESS, AY","    0","B,,S",,,"  -70",",,S"," -111",",,S","  -87","H,,S"
"AYM00089574","2018-03-05","-69.383","76.383","64.0","PROGRESS, AY","    0","B,,S",,,"  -80",",,S",,," -122","H,,S"
"AYM00089574","2018-03-06","-69.383","76.383","64.0","PROGRESS, AY","    0","B,,S",,,"  -80",",,S"," -125",",,S"," -102","H,,S"
"AYM00089574","2018-03-07","-69.383","76.383","64.0","PROGRESS, AY","    0","B,,S",,,"  -35",",,S","  -90",",,S","  -67","H,,S"
"AYM00089574","2018-03-08","-69.383","76.383","64.0","PROGRESS, AY","   71","B,,S",,,"  -45",",,S",,,"  -74","H,,S"
"AYM00089574","2018-03-09","-69.383","76.383","64.0","PROGRESS, AY","   10","B,,S",,,"  -77",",,S",,," -109","H,,S"
"AYM00089574","2018-03-10","-69.383","76.383","64.0","PROGRESS, AY",,,,,,,,," -127","H,,S"
"AYM00089574","2018-03-11","-69.383","76.383","64.0","PROGRESS, AY","    0","B,,S",,," -120",",,S",,," -143","H,,S"
"AYM00089574","2018-03-12","-69.383","76.383","64.0","PROGRESS, AY","    0","B,,S",,," -136",",,S"," -160",",,S"," -152","H,,S"
"AYM00089574","2018-03-13","-69.383","76.383","64.0","PROGRESS, AY","    0","B,,S",,,,," -167",",,S"," -117","H,,S"
"AYM00089574","2018-03-14","-69.383","76.383","64.0","PROGRESS, AY","   20","B,,S",,,"  -22",",,S","  -67",",,S","  -34","H,,S"
"AYM00089574","2018-03-15","-69.383","76.383","64.0","PROGRESS, AY","   15","B,,S",,,"  -33",",,S",,,"  -47","H,,S"
"AYM00089574","2018-03-16","-69.383","76.383","64.0","PROGRESS, AY","   51","B,,S",,,"  -41",",,S","  -65",",,S","  -54","H,,S"
"AYM00089574","2018-03-17","-69.383","76.383","64.0","PROGRESS, AY","    0","B,,S",,,,,,,"  -89","H,,S"
"AYM00089574","2018-03-18","-69.383","76.383","64.0","PROGRESS, AY","    0","B,,S",,,,,,," -109","H,,S"
"AYM00089574","2018-03-19","-69.383","76.383","64.0","PROGRESS, AY","    0","B,,S",,,"  -74",",,S"," -104",",,S","  -84","H,,S"
"AYM00089574","2018-03-20","-69.383","76.383","64.0","PROGRESS, AY","   23","B,,S",,,,,,," -134","H,,S"
"AYM00089574","2018-03-21","-69.383","76.383","64.0","PROGRESS, AY","    0","B,,S",,,"  -88",",,S"," -139",",,S"," -119","H,,S"
"AYM00089574","2018-03-22","-69.383","76.383","64.0","PROGRESS, AY","    0","B,,S",,," -110",",,S"," -141",",,S"," -121","H,,S"
"AYM00089574","2018-03-23","-69.383","76.383","64.0","PROGRESS, AY","    0","B,,S",,,,," -143",",,S"," -105","H,,S"
"AYM00089574","2018-03-24","-69.383","76.383","64.0","PROGRESS, AY","    0","B,,S",,,"  -29",",,S","  -90",",,S","  -61","H,,S"
"AYM00089574","2018-03-25","-69.383","76.383","64.0","PROGRESS, AY","    0","B,,S",,,"  -58",",,S"," -108",",,S","  -75","H,,S"
"AYM00089574","2018-03-26","-69.383","76.383","64.0","PROGRESS, AY","    0","B,,S",,,"  -67",",,S"," -125",",,S","  -87","H,,S"
"AYM00089574","2018-03-27","-69.383","76.383","64.0","PROGRESS, AY","    0","B,,S",,,,,"  -92",",,S","  -67","H,,S"
"AYM00089574","2018-03-28","-69.383","76.383","64.0","PROGRESS, AY","    0","B,,S",,,"  -85",",,S",,,"  -96","H,,S"
"AYM00089574","2018-03-29","-69.383","76.383","64.0","PROGRESS, AY","    0","B,,S",,,,," -108",",,S","  -79","H,,S"
"AYM00089574","2018-03-30","-69.383","76.383","64.0","PROGRESS, AY","    0","B,,S",,,,,,,"  -71","H,,S"
"AYM00089574","2018-03-31","-69.383","76.383","64.0","PROGRESS, AY",,,,,"  -37",",,S",,,"  -49","H,,S"
"AYM00089574","2018-04-03","-69.383","76.383","64.0","PROGRESS, AY",,,,,,,,,"  -93","H,,S"
"AYM00089574","2018-04-04","-69.383","76.383","64.0","PROGRESS, AY",,,,,"  -95",",,S"," -143",",,S"," -115","H,,S"
"AYM00089574","2018-04-05","-69.383","76.383","64.0","PROGRESS, AY","    0","B,,S",,,,," -118",",,S","  -96","H,,S"
"AYM00089574","2018-04-06","-69.383","76.383","64.0","PROGRESS, AY","   30","B,,S",,,"  -65",",,S","  -89",",,S","  -70","H,,S"
"AYM00089574","2018-04-07","-69.383","76.383","64.0","PROGRESS, AY","   61","B,,S",,,,,,,"  -95","H,,S"
"AYM00089574","2018-04-08","-69.383","76.383","64.0","PROGRESS, AY","    0","B,,S",,," -106",",,S",,," -126","H,,S"
"AYM00089574","2018-04-09","-69.383","76.383","64.0","PROGRESS, AY","    0","B,,S",,,,," -171",",,S"," -139","H,,S"
"AYM00089574","2018-04-10","-69.383","76.383","64.0","PROGRESS, AY","    0","B,,S",,,,," -125",",,S"," -100","H,,S"
"AYM00089574","2018-04-12","-69.383","76.383","64.0","PROGRESS, AY","    0","B,,S",,,,,,,"  -81","H,,S"
"AYM00089574","2018-04-13","-69.383","76.383","64.0","PROGRESS, AY",,,,,,,,,"  -80","H,,S"
"AYM00089574","2018-04-14","-69.383","76.383","64.0","PROGRESS, AY","    0","B,,S",,,"  -90",",,S"," -111",",,S"," -102","H,,S"
"AYM00089574","2018-04-15","-69.383","76.383","64.0","PROGRESS, AY","    0","B,,S",,," -103",",,S",,," -117","H,,S"
"AYM00089574","2018-04-16","-69.383","76.383","64.0","PROGRESS, AY","    0","B,,S",,,,," -130",",,S"," -116","H,,S"
"AYM00089574","2018-04-17","-69.383","76.383","64.0","PROGRESS, AY","    0","B,,S",,,,," -115",",,S","  -74","H,,S"
"AYM00089574","2018-04-18","-69.383","76.383","64.0","PROGRESS, AY","   30","B,,S",,,"  -27",",,S","  -49",",,S","  -38","H,,S"
"AYM00089574","2018-04-19","-69.383","76.383","64.0","PROGRESS, AY","   20","B,,S",,,,,,,"  -67","H,,S"
"AYM00089574","2018-04-20","-69.383","76.383","64.0","PROGRESS, AY","    0","B,,S",,,,,,," -103","H,,S"
"AYM00089574","2018-04-21","-69.383","76.383","64.0","PROGRESS, AY","    0","B,,S",,,"  -82",",,S"," -108",",,S","  -97","H,,S"
"AYM00089574","2018-04-22","-69.383","76.383","64.0","PROGRESS, AY","    0","B,,S",,,"  -82",",,S"," -134",",,S","  -93","H,,S"
"AYM00089574","2018-04-23","-69.383","76.383","64.0","PROGRESS, AY","    0","B,,S",,,,," -198",",,S","  -65","H,,S"
"AYM00089574","2018-04-25","-69.383","76.383","64.0","PROGRESS, AY","    0","B,,S",,,"  -60",",,S",,,"  -71","H,,S"
"AYM00089574","2018-04-26","-69.383","76.383","64.0","PROGRESS, AY","    0","B,,S",,,"  -81",",,S",,," -106","H,,S"
"AYM00089574","2018-04-27","-69.383","76.383","64.0","PROGRESS, AY","    0","B,,S",,," -110",",,S",,," -124","H,,S"
"AYM00089574","2018-04-28","-69.383","76.383","64.0","PROGRESS, AY","    5","B,,S",,,,,,," -139","H,,S"
"AYM00089574","2018-04-29","-69.383","76.383","64.0","PROGRESS, AY","   30","B,,S",,,,," -125",",,S","  -58","H,,S"
"AYM00089574","2018-04-30","-69.383","76.383","64.0","PROGRESS, AY","   15","B,,S",,,,,,,"  -91","H,,S"
"AYM00089574","2018-05-01","-69.383","76.383","64.0","PROGRESS, AY","   51","B,,S",,,"  -65",",,S"," -169",",,S","  -96","H,,S"
"AYM00089574","2018-05-02","-69.383","76.383","64.0","PROGRESS, AY","   99","B,,S",,,,,,,"  -62","H,,S"
"AYM00089574","2018-05-03","-69.383","76.383","64.0","PROGRESS, AY","   20","B,,S",,,"  -61",",,S","  -90",",,S","  -80","H,,S"
"AYM00089574","2018-05-04","-69.383","76.383","64.0","PROGRESS, AY","    0","B,,S",,,"  -85",",,S",,," -101","H,,S"
"AYM00089574","2018-05-05","-69.383","76.383","64.0","PROGRESS, AY","    0","B,,S",,," -112",",,S",,," -127","H,,S"
"AYM00089574","2018-05-06","-69.383","76.383","64.0","PROGRESS, AY","    0","B,,S",,," -156",",,S",,," -171","H,,S"
"AYM00089574","2018-05-07","-69.383","76.383","64.0","PROGRESS, AY","    0","B,,S",,,,,,," -199","H,,S"
"AYM00089574","2018-05-08","-69.383","76.383","64.0","PROGRESS, AY","    3","B,,S",,," -108",",,S"," -174",",,S"," -138","H,,S"
"AYM00089574","2018-05-09","-69.383","76.383","64.0","PROGRESS, AY","   10","B,,S",,,,," -153",",,S","  -94","H,,S"
"AYM00089574","2018-05-10","-69.383","76.383","64.0","PROGRESS, AY","    0","B,,S",,,"  -71",",,S",,,"  -84","H,,S"
"AYM00089574","2018-05-11","-69.383","76.383","64.0","PROGRESS, AY","    0","B,,S",,,,,,," -141","H,,S"
"AYM00089574","2018-05-12","-69.383","76.383","64.0","PROGRESS, AY","    0","B,,S",,,,,,," -152","H,,S"
"AYM00089574","2018-05-13","-69.383","76.383","64.0","PROGRESS, AY","    0","B,,S",,,,," -186",",,S"," -176","H,,S"
"AYM00089574","2018-05-14","-69.383","76.383","64.0","PROGRESS, AY","    0","B,,S",,," -142",",,S"," -186",",,S"," -158","H,,S"
"AYM00089574","2018-05-15","-69.383","76.383","64.0","PROGRESS, AY","    0","B,,S",,," -156",",,S"," -185",",,S"," -173","H,,S"
"AYM00089574","2018-05-16","-69.383","76.383","64.0","PROGRESS, AY","    0","B,,S",,," -162",",,S",,," -175","H,,S"
"AYM00089574","2018-05-17","-69.383","76.383","64.0","PROGRESS, AY","    0","B,,S",,,,," -183",",,S"," -131","H,,S"
"AYM00089574","2018-05-18","-69.383","76.383","64.0","PROGRESS, AY","    5","B,,S",,,,,,," -125","H,,S"
"AYM00089574","2018-05-19","-69.383","76.383","64.0","PROGRESS, AY","    8","B,,S",,,,,,," -140","H,,S"
"AYM00089574","2018-05-20","-69.383","76.383","64.0","PROGRESS, AY","    0","B,,S",,,,,,," -177","H,,S"
"AYM00089574","2018-05-21","-69.383","76.383","64.0","PROGRESS, AY",,,,," -170",",,S"," -190",",,S"," -173","H,,S"
"AYM00089574","2018-05-22","-69.383","76.383","64.0","PROGRESS, AY","    0","B,,S",,,,,,," -199","H,,S"
"AYM00089574","2018-05-23","-69.383","76.383","64.0","PROGRESS, AY","    0","B,,S",,,,," -206",",,S"," -187","H,,S"
"AYM00089574","2018-05-24","-69.383","76.383","64.0","PROGRESS, AY","   20","B,,S",,,"  -80",",,S"," -121",",,S"," -106","H,,S"
"AYM00089574","2018-05-25","-69.383","76.383","64.0","PROGRESS, AY","   15","B,,S",,,,,,," -126","H,,S"
"AYM00089574","2018-05-26","-69.383","76.383","64.0","PROGRESS, AY","    0","B,,S",,,,," -140",",,S"," -120","H,,S"
"AYM00089574","2018-05-27","-69.383","76.383","64.0","PROGRESS, AY","    0","B,,S",,," -118",",,S",,," -122","H,,S"
"AYM00089574","2018-05-28","-69.383","76.383","64.0","PROGRESS, AY","    0","B,,S",,,"  -89",",,S"," -135",",,S"," -104","H,,S"
"AYM00089574","2018-05-29","-69.383","76.383","64.0","PROGRESS, AY","    0","B,,S",,,,,,," -121","H,,S"
"AYM00089574","2018-05-30","-69.383","76.383","64.0","PROGRESS, AY","    0","B,,S",,,,,,," -141","H,,S"
"AYM00089574","2018-05-31","-69.383","76.383","64.0","PROGRESS, AY","    0","B,,S",,," -132",",,S"," -171",",,S"," -149","H,,S"
"AYM00089574","2018-06-01","-69.383","76.383","64.0","PROGRESS, AY","    0","B,,S",,,,," -176",",,S"," -163","H,,S"
"AYM00089574","2018-06-02","-69.383","76.383","64.0","PROGRESS, AY","    0","B,,S",,,,," -157",",,S"," -129","H,,S"
"AYM00089574","2018-06-03","-69.383","76.383","64.0","PROGRESS, AY",,,,,"  -61",",,S"," -117",",,S","  -89","H,,S"
"AYM00089574","2018-06-04","-69.383","76.383","64.0","PROGRESS, AY","   30","B,,S",,,,,,,"  -98","H,,S"
"AYM00089574","2018-06-05","-69.383","76.383","64.0","PROGRESS, AY","   89","B,,S",,,"  -72",",,S"," -104",",,S","  -83","H,,S"
"AYM00089574","2018-06-06","-69.383","76.383","64.0","PROGRESS, AY","   23","B,,S",,,,,,," -110","H,,S"
"AYM00089574","2018-06-07","-69.383","76.383","64.0","PROGRESS, AY","    0","B,,S",,," -115",",,S",,," -123","H,,S"
"AYM00089574","2018-06-08","-69.383","76.383","64.0","PROGRESS, AY","    0","B,,S",,," -128",",,S",,," -143","H,,S"
"AYM00089574","2018-06-09","-69.383","76.383","64.0","PROGRESS, AY","    0","B,,S",,,,," -162",",,S"," -138","H,,S"
"AYM00089574","2018-06-10","-69.383","76.383","64.0","PROGRESS, AY",,,,," -110",",,S",,," -116","H,,S"
"AYM00089574","2018-06-11","-69.383","76.383","64.0","PROGRESS, AY","    5","B,,S",,," -101",",,S",,," -119","H,,S"
"AYM00089574","2018-06-12","-69.383","76.383","64.0","PROGRESS, AY","    0","B,,S",,,,," -138",",,S","  -99","H,,S"
"AYM00089574","2018-06-13","-69.383","76.383","64.0","PROGRESS, AY","    0","B,,S",,,,,,,"  -95","H,,S"
"AYM00089574","2018-06-14","-69.383","76.383","64.0","PROGRESS, AY","    0","B,,S",,,,,,," -137","H,,S"
"AYM00089574","2018-06-15","-69.383","76.383","64.0","PROGRESS, AY","    0","B,,S",,,"  -59",",,S"," -140",",,S","  -88","H,,S"
"AYM00089574","2018-06-16","-69.383","76.383","64.0","PROGRESS, AY","    0","B,,S",,,,,,,"  -97","H,,S"
"AYM00089574","2018-06-17","-69.383","76.383","64.0","PROGRESS, AY","    0","B,,S",,," -104",",,S",,," -119","H,,S"
"AYM00089574","2018-06-18","-69.383","76.383","64.0","PROGRESS, AY","    0","B,,S",,," -130",",,S",,," -155","H,,S"
"AYM00089574","2018-06-19","-69.383","76.383","64.0","PROGRESS, AY","    0","B,,S",,,,," -161",",,S"," -141","H,,S"
"AYM00089574","2018-06-20","-69.383","76.383","64.0","PROGRESS, AY","    0","B,,S",,,,," -135",",,S","  -82","H,,S"
"AYM00089574","2018-06-21","-69.383","76.383","64.0","PROGRESS, AY","    0","B,,S",,,"  -58",",,S",,,"  -72","H,,S"
"AYM00089574","2018-06-23","-69.383","76.383","64.0","PROGRESS, AY","    0","B,,S",,,,,,,"  -87","H,,S"
"AYM00089574","2018-06-24","-69.383","76.383","64.0","PROGRESS, AY","    0","B,,S",,,,,,,"  -74","H,,S"
"AYM00089574","2018-06-25","-69.383","76.383","64.0","PROGRESS, AY","    0","B,,S",,," -122",",,S",,," -135","H,,S"
"AYM00089574","2018-06-27","-69.383","76.383","64.0","PROGRESS, AY","    0","B,,S",,,,,,," -211","H,,S"
"AYM00089574","2018-06-28","-69.383","76.383","64.0","PROGRESS, AY","    0","B,,S",,," -207",",,S"," -236",",,S"," -223","H,,S"
"AYM00089574","2018-06-30","-69.383","76.383","64.0","PROGRESS, AY","    0","B,,S",,,,," -245",",,S"," -204","H,,S"
"AYM00089574","2018-07-01","-69.383","76.383","64.0","PROGRESS, AY","    0","B,,S",,," -134",",,S"," -171",",,S"," -144","H,,S"
"AYM00089574","2018-07-02","-69.383","76.383","64.0","PROGRESS, AY","    0","B,,S",,,,,,," -184","H,,S"
"AYM00089574","2018-07-03","-69.383","76.383","64.0","PROGRESS, AY","    0","B,,S",,,,,,," -227","H,,S"
"AYM00089574","2018-07-04","-69.383","76.383","64.0","PROGRESS, AY","    0","B,,S",,," -167",",,S"," -245",",,S"," -197","H,,S"
"AYM00089574","2018-07-05","-69.383","76.383","64.0","PROGRESS, AY","    0","B,,S",,," -185",",,S",,," -200","H,,S"
"AYM00089574","2018-07-06","-69.383","76.383","64.0","PROGRESS, AY","    0","B,,S",,,,,,," -217","H,,S"
"AYM00089574","2018-07-07","-69.383","76.383","64.0","PROGRESS, AY","    0","B,,S",,," -207",",,S"," -238",",,S"," -217","H,,S"
"AYM00089574","2018-07-08","-69.383","76.383","64.0","PROGRESS, AY","    0","B,,S",,," -205",",,S"," -228",",,S"," -209","H,,S"
"AYM00089574","2018-07-09","-69.383","76.383","64.0","PROGRESS, AY","    0","B,,S",,,,," -226",",,S"," -201","H,,S"
"AYM00089574","2018-07-10","-69.383","76.383","64.0","PROGRESS, AY","   20","B,,S",,,,,,," -174","H,,S"
"AYM00089574","2018-07-11","-69.383","76.383","64.0","PROGRESS, AY","    0","B,,S",,,,," -209",",,S"," -177","H,,S"
"AYM00089574","2018-07-12","-69.383","76.383","64.0","PROGRESS, AY","    0","B,,S",,," -122",",,S",,," -137","H,,S"
"AYM00089574","2018-07-13","-69.383","76.383","64.0","PROGRESS, AY","   30","B,,S",,,,," -146",",,S"," -113","H,,S"
"AYM00089574","2018-07-14","-69.383","76.383","64.0","PROGRESS, AY","   23","B,,S",,,,,,," -133","H,,S"
"AYM00089574","2018-07-15","-69.383","76.383","64.0","PROGRESS, AY","   10","B,,S",,," -122",",,S",,," -153","H,,S"
"AYM00089574","2018-07-16","-69.383","76.383","64.0","PROGRESS, AY","    8","B,,S",,," -171",",,S"," -211",",,S"," -197","H,,S"
"AYM00089574","2018-07-17","-69.383","76.383","64.0","PROGRESS, AY","    0","B,,S",,,,," -211",",,S"," -154","H,,S"
"AYM00089574","2018-07-18","-69.383","76.383","64.0","PROGRESS, AY","    0","B,,S",,,,," -232",",,S"," -153","H,,S"
"AYM00089574","2018-07-19","-69.383","76.383","64.0","PROGRESS, AY","   10","B,,S",,,,," -112",",,S","  -76","H,,S"
"AYM00089574","2018-07-20","-69.383","76.383","64.0","PROGRESS, AY","   10","B,,S",,,,,"  -72",",,S","  -49","H,,S"
"AYM00089574","2018-07-21","-69.383","76.383","64.0","PROGRESS, AY","    8","B,,S",,,"  -31",",,S","  -47",",,S","  -37","H,,S"
"AYM00089574","2018-07-22","-69.383","76.383","64.0","PROGRESS, AY","   48","B,,S",,,,,,,"  -73","H,,S"
"AYM00089574","2018-07-23","-69.383","76.383","64.0","PROGRESS, AY","    0","B,,S",,,"  -64",",,S"," -125",",,S","  -89","H,,S"
"AYM00089574","2018-07-24","-69.383","76.383","64.0","PROGRESS, AY","    5","B,,S",,,,,"  -77",",,S","  -63","H,,S"
"AYM00089574","2018-07-25","-69.383","76.383","64.0","PROGRESS, AY","    0","B,,S",,,,,"  -59",",,S","  -36","H,,S"
"AYM00089574","2018-07-26","-69.383","76.383","64.0","PROGRESS, AY","    0","B,,S",,,"   11",",,S","  -33",",,S","  -18","H,,S"
"AYM00089574","2018-07-27","-69.383","76.383","64.0","PROGRESS, AY","    0","B,,S",,,"   -8",",,S",,,"  -17","H,,S"
"AYM00089574","2018-07-28","-69.383","76.383","64.0","PROGRESS, AY","    0","B,,S",,,,,,,"  -59","H,,S"
"AYM00089574","2018-07-29","-69.383","76.383","64.0","PROGRESS, AY","    0","B,,S",,,,,,,"  -86","H,,S"
"AYM00089574","2018-07-30","-69.383","76.383","64.0","PROGRESS, AY","    0","B,,S",,,"  -27",",,S","  -71",",,S","  -39","H,,S"
"AYM00089574","2018-07-31","-69.383","76.383","64.0","PROGRESS, AY","    0","B,,S",,,,,"  -59",",,S","  -51","H,,S"
"AYM00089574","2018-08-01","-69.383","76.383","64.0","PROGRESS, AY","    0","B,,S",,,"  -69",",,S",,,"  -84","H,,S"
"AYM00089574","2018-08-02","-69.383","76.383","64.0","PROGRESS, AY","    0","B,,S",,," -125",",,S",,," -140","H,,S"
"AYM00089574","2018-08-03","-69.383","76.383","64.0","PROGRESS, AY","    0","B,,S",,,,," -152",",,S"," -131","H,,S"
"AYM00089574","2018-08-04","-69.383","76.383","64.0","PROGRESS, AY","   10","B,,S",,,"  -46",",,S"," -102",",,S","  -63","H,,S"
"AYM00089574","2018-08-05","-69.383","76.383","64.0","PROGRESS, AY","    5","B,,S",,,,,"  -77",",,S","  -58","H,,S"
"AYM00089574","2018-08-06","-69.383","76.383","64.0","PROGRESS, AY","    0","B,,S",,,"  -11",",,S","  -46",",,S","  -21","H,,S"
"AYM00089574","2018-08-07","-69.383","76.383","64.0","PROGRESS, AY","    0","B,,S",,,,,,,"  -72","H,,S"
"AYM00089574","2018-08-08","-69.383","76.383","64.0","PROGRESS, AY","    0","B,,S",,,"  -32",",,S",,," -139","H,,S"
"AYM00089574","2018-08-09","-69.383","76.383","64.0","PROGRESS, AY",,,,,,," -168",",,S"," -111","H,,S"
"AYM00089574","2018-08-10","-69.383","76.383","64.0","PROGRESS, AY","  109","B,,S",,,,,"  -70",",,S","  -43","H,,S"
"AYM00089574","2018-08-11","-69.383","76.383","64.0","PROGRESS, AY","    0","B,,S",,,,,,,"  -61","H,,S"
"AYM00089574","2018-08-12","-69.383","76.383","64.0","PROGRESS, AY","   20","B,,S",,," -124",",,S",,," -130","H,,S"
"AYM00089574","2018-08-13","-69.383","76.383","64.0","PROGRESS, AY","    0","B,,S",,,,," -215",",,S"," -114","H,,S"
"AYM00089574","2018-08-14","-69.383","76.383","64.0","PROGRESS, AY","    0","B,,S",,," -104",",,S"," -136",",,S"," -120","H,,S"
"AYM00089574","2018-08-16","-69.383","76.383","64.0","PROGRESS, AY","    0","B,,S",,," -120",",,S"," -157",",,S"," -128","H,,S"
"AYM00089574","2018-08-17","-69.383","76.383","64.0","PROGRESS, AY","    0","B,,S",,," -110",",,S"," -136",",,S"," -120","H,,S"
"AYM00089574","2018-08-18","-69.383","76.383","64.0","PROGRESS, AY","    5","B,,S",,,"  -74",",,S"," -126",",,S","  -93","H,,S"
"AYM00089574","2018-08-19","-69.383","76.383","64.0","PROGRESS, AY","    0","B,,S",,,"  -49",",,S"," -102",",,S","  -73","H,,S"
"AYM00089574","2018-08-20","-69.383","76.383","64.0","PROGRESS, AY","    0","B,,S",,,"  -66",",,S",,,"  -73","H,,S"
"AYM00089574","2018-08-21","-69.383","76.383","64.0","PROGRESS, AY","    0","B,,S",,,,,,," -107","H,,S"
"AYM00089574","2018-08-22","-69.383","76.383","64.0","PROGRESS, AY","    0","B,,S",,,"  -90",",,S"," -144",",,S"," -110","H,,S"
"AYM00089574","2018-08-23","-69.383","76.383","64.0","PROGRESS, AY","    0","B,,S",,,,,,," -153","H,,S"
"AYM00089574","2018-08-24","-69.383","76.383","64.0","PROGRESS, AY","    0","B,,S",,," -165",",,S"," -189",",,S"," -178","H,,S"
"AYM00089574","2018-08-25","-69.383","76.383","64.0","PROGRESS, AY","    0","B,,S",,," -160",",,S"," -192",",,S"," -175","H,,S"
"AYM00089574","2018-08-26","-69.383","76.383","64.0","PROGRESS, AY","    0","B,,S",,,,,,," -223","H,,S"
"AYM00089574","2018-08-27","-69.383","76.383","64.0","PROGRESS, AY","    0","B,,S",,,,," -281",",,S"," -171","H,,S"
"AYM00089574","2018-08-28","-69.383","76.383","64.0","PROGRESS, AY","   89","B,,S",,,,,,," -160","H,,S"
"AYM00089574","2018-08-29","-69.383","76.383","64.0","PROGRESS, AY","    0","B,,S",,,,,,," -262","H,,S"
"AYM00089574","2018-08-30","-69.383","76.383","64.0","PROGRESS, AY","    0","B,,S",,,,,,," -217","H,,S"
"AYM00089574","2018-08-31","-69.383","76.383","64.0","PROGRESS, AY","  119","B,,S",,,"  -84",",,S",,," -100","H,,S"
"AYM00089574","2018-09-01","-69.383","76.383","64.0","PROGRESS, AY","    3","B,,S",,,,,,," -151","H,,S"
"AYM00089574","2018-09-02","-69.383","76.383","64.0","PROGRESS, AY","    0","B,,S",,," -163",",,S",,," -186","H,,S"
"AYM00089574","2018-09-03","-69.383","76.383","64.0","PROGRESS, AY","    0","B,,S",,," -193",",,S"," -228",",,S"," -216","H,,S"
"AYM00089574","2018-09-04","-69.383","76.383","64.0","PROGRESS, AY","    0","B,,S",,," -174",",,S"," -233",",,S"," -194","H,,S"
"AYM00089574","2018-09-05","-69.383","76.383","64.0","PROGRESS, AY","    0","B,,S",,," -182",",,S",,," -197","H,,S"
"AYM00089574","2018-09-06","-69.383","76.383","64.0","PROGRESS, AY","    0","B,,S",,," -219",",,S",,," -242","H,,S"
"AYM00089574","2018-09-07","-69.383","76.383","64.0","PROGRESS, AY","    0","B,,S",,,,," -321",",,S"," -196","H,,S"
"AYM00089574","2018-09-08","-69.383","76.383","64.0","PROGRESS, AY","    0","B,,S",,," -155",",,S",,," -177","H,,S"
"AYM00089574","2018-09-10","-69.383","76.383","64.0","PROGRESS, AY","    0","B,,S",,," -217",",,S"," -289",",,S"," -242","H,,S"
"AYM00089574","2018-09-11","-69.383","76.383","64.0","PROGRESS, AY","    0","B,,S",,," -210",",,S",,," -236","H,,S"
"AYM00089574","2018-09-12","-69.383","76.383","64.0","PROGRESS, AY","    0","B,,S",,," -115",",,S"," -200",",,S"," -144","H,,S"
"AYM00089574","2018-09-13","-69.383","76.383","64.0","PROGRESS, AY","    0","B,,S",,," -160",",,S"," -185",",,S"," -178","H,,S"
"AYM00089574","2018-09-14","-69.383","76.383","64.0","PROGRESS, AY","    0","B,,S",,,,," -190",",,S"," -137","H,,S"
"AYM00089574","2018-09-19","-69.383","76.383","64.0","PROGRESS, AY","    0","B,,S",,," -135",",,S",,," -154","H,,S"
"AYM00089574","2018-09-20","-69.383","76.383","64.0","PROGRESS, AY","    0","B,,S",,," -153",",,S"," -198",",,S"," -178","H,,S"
"AYM00089574","2018-09-21","-69.383","76.383","64.0","PROGRESS, AY","    0","B,,S",,," -127",",,S"," -227",",,S"," -177","H,,S"
"AYM00089574","2018-09-22","-69.383","76.383","64.0","PROGRESS, AY","    0","B,,S",,," -145",",,S"," -225",",,S"," -190","H,,S"
"AYM00089574","2018-09-23","-69.383","76.383","64.0","PROGRESS, AY","    0","B,,S",,," -161",",,S"," -232",",,S"," -198","H,,S"
"AYM00089574","2018-09-24","-69.383","76.383","64.0","PROGRESS, AY","    0","B,,S",,,"  -80",",,S"," -180",",,S","  -95","H,,S"
"AYM00089574","2018-09-25","-69.383","76.383","64.0","PROGRESS, AY","    0","B,,S",,,"  -58",",,S","  -95",",,S","  -75","H,,S"
"AYM00089574","2018-09-26","-69.383","76.383","64.0","PROGRESS, AY","   28","B,,S",,,"  -80",",,S","  -92",",,S","  -86","H,,S"
"AYM00089574","2018-09-27","-69.383","76.383","64.0","PROGRESS, AY","    0","B,,S",,,"  -80",",,S",,,"  -99","H,,S"
"AYM00089574","2018-09-28","-69.383","76.383","64.0","PROGRESS, AY","    0","B,,S",,," -145",",,S",,," -154","H,,S"
"AYM00089574","2018-09-29","-69.383","76.383","64.0","PROGRESS, AY","    0","B,,S",,," -153",",,S",,," -177","H,,S"
"AYM00089574","2018-09-30","-69.383","76.383","64.0","PROGRESS, AY",,,,," -153",",,S",,," -196","H,,S"
"AYM00089574","2018-10-02","-69.383","76.383","64.0","PROGRESS, AY","    0","B,,S",,," -210",",,S"," -255",",,S"," -235","H,,S"
"AYM00089574","2018-10-03","-69.383","76.383","64.0","PROGRESS, AY","    0","B,,S",,," -210",",,S"," -256",",,S"," -234","H,,S"
"AYM00089574","2018-10-04","-69.383","76.383","64.0","PROGRESS, AY","    0","B,,S",,," -207",",,S"," -259",",,S"," -232","H,,S"
"AYM00089574","2018-10-05","-69.383","76.383","64.0","PROGRESS, AY","    0","B,,S",,,,," -231",",,S"," -166","H,,S"
"AYM00089574","2018-10-06","-69.383","76.383","64.0","PROGRESS, AY","    0","B,,S",,,"  -94",",,S"," -128",",,S"," -112","H,,S"
"AYM00089574","2018-10-07","-69.383","76.383","64.0","PROGRESS, AY","    0","B,,S",,," -104",",,S",,," -132","H,,S"
"AYM00089574","2018-10-08","-69.383","76.383","64.0","PROGRESS, AY","    0","B,,S",,," -122",",,S",,," -151","H,,S"
"AYM00089574","2018-10-09","-69.383","76.383","64.0","PROGRESS, AY","    0","B,,S",,," -138",",,S"," -188",",,S"," -158","H,,S"
"AYM00089574","2018-10-10","-69.383","76.383","64.0","PROGRESS, AY","    0","B,,S",,," -138",",,S"," -182",",,S"," -158","H,,S"
"AYM00089574","2018-10-11","-69.383","76.383","64.0","PROGRESS, AY","    5","B,,S",,," -124",",,S"," -175",",,S"," -157","H,,S"
"AYM00089574","2018-10-12","-69.383","76.383","64.0","PROGRESS, AY","    0","B,,S",,," -101",",,S"," -167",",,S"," -123","H,,S"
"AYM00089574","2018-10-13","-69.383","76.383","64.0","PROGRESS, AY","    0","B,,S",,,"  -74",",,S"," -135",",,S","  -97","H,,S"
"AYM00089574","2018-10-14","-69.383","76.383","64.0","PROGRESS, AY","    0","B,,S",,,"  -51",",,S"," -110",",,S","  -83","H,,S"
"AYM00089574","2018-10-16","-69.383","76.383","64.0","PROGRESS, AY","    0","B,,S",,,"  -31",",,S","  -67",",,S","  -41","H,,S"
"AYM00089574","2018-10-17","-69.383","76.383","64.0","PROGRESS, AY","    0","B,,S",,,"  -43",",,S",,,"  -53","H,,S"
"AYM00089574","2018-10-18","-69.383","76.383","64.0","PROGRESS, AY","    0","B,,S",,,"  -26",",,S",,,"  -74","H,,S"
"AYM00089574","2018-10-19","-69.383","76.383","64.0","PROGRESS, AY","    0","B,,S",,,"  -89",",,S",,," -119","H,,S"
"AYM00089574","2018-10-20","-69.383","76.383","64.0","PROGRESS, AY","    0","B,,S",,,"  -60",",,S"," -171",",,S","  -99","H,,S"
"AYM00089574","2018-10-21","-69.383","76.383","64.0","PROGRESS, AY","    0","B,,S",,,"  -94",",,S"," -155",",,S"," -121","H,,S"
"AYM00089574","2018-10-22","-69.383","76.383","64.0","PROGRESS, AY","    0","B,,S",,,"  -96",",,S"," -135",",,S"," -109","H,,S"
"AYM00089574","2018-10-24","-69.383","76.383","64.0","PROGRESS, AY","    0","B,,S",,,"  -50",",,S"," -125",",,S","  -71","H,,S"
"AYM00089574","2018-10-25","-69.383","76.383","64.0","PROGRESS, AY","    0","B,,S",,,"  -38",",,S",,,"  -54","H,,S"
"AYM00089574","2018-10-26","-69.383","76.383","64.0","PROGRESS, AY","    0","B,,S",,,"  -55",",,S",,,"  -86","H,,S"
"AYM00089574","2018-10-27","-69.383","76.383","64.0","PROGRESS, AY","    0","B,,S",,,"  -73",",,S"," -139",",,S"," -103","H,,S"
"AYM00089574","2018-10-28","-69.383","76.383","64.0","PROGRESS, AY","    0","B,,S",,,"  -60",",,S"," -110",",,S","  -89","H,,S"
"AYM00089574","2018-10-29","-69.383","76.383","64.0","PROGRESS, AY","    0","B,,S",,,"  -50",",,S"," -125",",,S","  -82","H,,S"
"AYM00089574","2018-10-30","-69.383","76.383","64.0","PROGRESS, AY","    0","B,,S",,,"  -58",",,S",,,"  -80","H,,S"
"AYM00089574","2018-10-31","-69.383","76.383","64.0","PROGRESS, AY","    0","B,,S",,,,," -103",",,S","  -62","H,,S"
"AYM00089574","2018-11-01","-69.383","76.383","64.0","PROGRESS, AY","   30","B,,S",,,"  -61",",,S","  -97",",,S","  -82","H,,S"
"AYM00089574","2018-11-02","-69.383","76.383","64.0","PROGRESS, AY",,,,,"  -62",",,S"," -104",",,S","  -84","H,,S"
"AYM00089574","2018-11-03","-69.383","76.383","64.0","PROGRESS, AY","    0","B,,S",,,"  -57",",,S",,,"  -98","H,,S"
"AYM00089574","2018-11-04","-69.383","76.383","64.0","PROGRESS, AY","    0","B,,S",,,"  -75",",,S"," -138",",,S","  -92","H,,S"
"AYM00089574","2018-11-05","-69.383","76.383","64.0","PROGRESS, AY","   30","B,,S",,,"  -45",",,S","  -90",",,S","  -55","H,,S"
"AYM00089574","2018-11-06","-69.383","76.383","64.0","PROGRESS, AY","   51","B,,S",,,,,,,"  -75","H,,S"
"AYM00089574","2018-11-07","-69.383","76.383","64.0","PROGRESS, AY","    0","B,,S",,,"  -19",",,S"," -107",",,S","  -58","H,,S"
"AYM00089574","2018-11-08","-69.383","76.383","64.0","PROGRESS, AY","    5","B,,S",,,"  -26",",,S","  -89",",,S","  -67","H,,S"
"AYM00089574","2018-11-09","-69.383","76.383","64.0","PROGRESS, AY","    0","B,,S",,,"  -48",",,S",,,"  -81","H,,S"
"AYM00089574","2018-11-10","-69.383","76.383","64.0","PROGRESS, AY","    0","B,,S",,,"  -67",",,S"," -118",",,S","  -90","H,,S"
"AYM00089574","2018-11-11","-69.383","76.383","64.0","PROGRESS, AY","    0","B,,S",,,"  -75",",,S"," -102",",,S","  -92","H,,S"
"AYM00089574","2018-11-12","-69.383","76.383","64.0","PROGRESS, AY","    0","B,,S",,,"  -66",",,S"," -125",",,S","  -96","H,,S"
"AYM00089574","2018-11-13","-69.383","76.383","64.0","PROGRESS, AY","    0","B,,S",,,"  -75",",,S",,," -112","H,,S"
"AYM00089574","2018-11-14","-69.383","76.383","64.0","PROGRESS, AY","    0","B,,S",,,"  -95",",,S"," -187",",,S"," -127","H,,S"
"AYM00089574","2018-11-15","-69.383","76.383","64.0","PROGRESS, AY","    0","B,,S",,,"  -90",",,S"," -165",",,S"," -116","H,,S"
"AYM00089574","2018-11-16","-69.383","76.383","64.0","PROGRESS, AY","    5","B,,S",,,"  -35",",,S"," -123",",,S","  -81","H,,S"
"AYM00089574","2018-11-17","-69.383","76.383","64.0","PROGRESS, AY","    0","B,,S",,,"  -65",",,S",,,"  -97","H,,S"
"AYM00089574","2018-11-18","-69.383","76.383","64.0","PROGRESS, AY","    0","B,,S",,,"  -25",",,S"," -131",",,S","  -68","H,,S"
"AYM00089574","2018-11-19","-69.383","76.383","64.0","PROGRESS, AY","    0","B,,S",,,"   -3",",,S","  -83",",,S","  -44","H,,S"
"AYM00089574","2018-11-20","-69.383","76.383","64.0","PROGRESS, AY","   13","B,,S",,,"  -15",",,S","  -57",",,S","  -31","H,,S"
"AYM00089574","2018-11-21","-69.383","76.383","64.0","PROGRESS, AY","    0","B,,S",,,"  -15",",,S",,,"  -36","H,,S"
"AYM00089574","2018-11-22","-69.383","76.383","64.0","PROGRESS, AY","    0","B,,S",,,"  -44",",,S",,,"  -64","H,,S"
"AYM00089574","2018-11-23","-69.383","76.383","64.0","PROGRESS, AY","    0","B,,S",,,"  -50",",,S"," -103",",,S","  -70","H,,S"
"AYM00089574","2018-11-24","-69.383","76.383","64.0","PROGRESS, AY","   20","B,,S",,,"  -15",",,S","  -63",",,S","  -37","H,,S"
"AYM00089574","2018-11-25","-69.383","76.383","64.0","PROGRESS, AY","    0","B,,S",,,"    5",",,S",,,"  -40","H,,S"
"AYM00089574","2018-11-26","-69.383","76.383","64.0","PROGRESS, AY","    0","B,,S",,,"  -36",",,S","  -80",",,S","  -51","H,,S"
"AYM00089574","2018-11-27","-69.383","76.383","64.0","PROGRESS, AY",,,,,,,"  -55",",,S","  -33","H,,S"
"AYM00089574","2018-11-28","-69.383","76.383","64.0","PROGRESS, AY","    0","B,,S",,,"  -17",",,S","  -63",",,S","  -46","H,,S"
"AYM00089574","2018-11-29","-69.383","76.383","64.0","PROGRESS, AY","    0","B,,S",,,"   -9",",,S",,,"  -49","H,,S"
"AYM00089574","2018-11-30","-69.383","76.383","64.0","PROGRESS, AY","    0","B,,S",,,"  -50",",,S"," -123",",,S","  -76","H,,S"
"AYM00089574","2018-12-01","-69.383","76.383","64.0","PROGRESS, AY","    0","B,,S",,,"   -2",",,S","  -85",",,S","  -26","H,,S"
"AYM00089574","2018-12-02","-69.383","76.383","64.0","PROGRESS, AY","    0","B,,S",,,"   31",",,S","  -47",",,S","   -7","H,,S"
"AYM00089574","2018-12-03","-69.383","76.383","64.0","PROGRESS, AY","    0","B,,S",,,"    4",",,S","  -68",",,S","  -33","H,,S"
"AYM00089574","2018-12-04","-69.383","76.383","64.0","PROGRESS, AY","    0","B,,S",,,"   -8",",,S","  -75",",,S","  -36","H,,S"
"AYM00089574","2018-12-05","-69.383","76.383","64.0","PROGRESS, AY","    0","B,,S",,,"    7",",,S","  -57",",,S","  -24","H,,S"
"AYM00089574","2018-12-06","-69.383","76.383","64.0","PROGRESS, AY","    0","B,,S",,,"   23",",,S","  -50",",,S","  -12","H,,S"
"AYM00089574","2018-12-07","-69.383","76.383","64.0","PROGRESS, AY","    0","B,,S",,,"  -14",",,S","  -56",",,S","  -31","H,,S"
"AYM00089574","2018-12-08","-69.383","76.383","64.0","PROGRESS, AY","    0","B,,S",,,"   16",",,S","  -51",",,S","  -12","H,,S"
"AYM00089574","2018-12-09","-69.383","76.383","64.0","PROGRESS, AY","    0","B,,S",,,"   26",",,S","  -42",",,S","   -7","H,,S"
"AYM00089574","2018-12-10","-69.383","76.383","64.0","PROGRESS, AY","    0","B,,S",,,"   14",",,S","  -33",",,S","  -10","H,,S"
"AYM00089574","2018-12-11","-69.383","76.383","64.0","PROGRESS, AY","    0","B,,S",,,"    7",",,S","  -41",",,S","  -13","H,,S"
"AYM00089574","2018-12-12","-69.383","76.383","64.0","PROGRESS, AY","    0","B,,S",,,"   16",",,S","  -31",",,S","   -8","H,,S"
"AYM00089574","2018-12-13","-69.383","76.383","64.0","PROGRESS, AY","    0","B,,S",,,"    3",",,S","  -32",",,S","  -16","H,,S"
"AYM00089574","2018-12-14","-69.383","76.383","64.0","PROGRESS, AY","    0","B,,S",,,"   15",",,S","  -35",",,S","   -7","H,,S"
"AYM00089574","2018-12-15","-69.383","76.383","64.0","PROGRESS, AY","    0","B,,S",,,"   12",",,S","  -14",",,S","    2","H,,S"
"AYM00089574","2018-12-16","-69.383","76.383","64.0","PROGRESS, AY","    0","B,,S",,,"   26",",,S","  -43",",,S","   -4","H,,S"
"AYM00089574","2018-12-17","-69.383","76.383","64.0","PROGRESS, AY","   10","B,,S",,,,,"  -16",",,S","    8","H,,S"
"AYM00089574","2018-12-19","-69.383","76.383","64.0","PROGRESS, AY","    0","B,,S",,,"   33",",,S","  -35",",,S","    0","H,,S"
"AYM00089574","2018-12-20","-69.383","76.383","64.0","PROGRESS, AY","    0","B,,S",,,"   32",",,S","  -13",",,S","   11","H,,S"
"AYM00089574","2018-12-21","-69.383","76.383","64.0","PROGRESS, AY","    0","B,,S",,,"   34",",,S","   -5",",,S","   14","H,,S"
"AYM00089574","2018-12-22","-69.383","76.383","64.0","PROGRESS, AY","    0","B,,S",,,"   48",",,S",,,"   16","H,,S"
"AYM00089574","2018-12-24","-69.383","76.383","64.0","PROGRESS, AY",,,,,,,"    0",",,S","   34","H,,S"
"AYM00089574","2018-12-25","-69.383","76.383","64.0","PROGRESS, AY","    0","B,,S",,,"   37",",,S","    7",",,S","   22","H,,S"
"AYM00089574","2018-12-26","-69.383","76.383","64.0","PROGRESS, AY","    0","B,,S",,,"   30",",,S","   -9",",,S","   14","H,,S"
"AYM00089574","2018-12-27","-69.383","76.383","64.0","PROGRESS, AY","    0","B,,S",,,"   45",",,S","  -17",",,S","   17","H,,S"
"AYM00089574","2018-12-28","-69.383","76.383","64.0","PROGRESS, AY","    0","B,,S",,,"   34",",,S","  -18",",,S","    6","H,,S"
"AYM00089574","2018-12-29","-69.383","76.383","64.0","PROGRESS, AY","    0","B,,S",,,"   40",",,S","  -28",",,S","    7","H,,S"
"AYM00089574","2018-12-30","-69.383","76.383","64.0","PROGRESS, AY","    0","B,,S",,,"   32",",,S",,,"    3","H,,S"
"AYM00089574","2018-12-31","-69.383","76.383","64.0","PROGRESS, AY","    0","B,,S",,,"   25",",,S","  -46",",,S","  -12","H,,S"
"AYM00089574","2019-01-01","-69.383","76.383","64.0","PROGRESS, AY",,,,,"   23",",,S","  -41",",,S","   -2","H,,S"
"AYM00089574","2019-01-02","-69.383","76.383","64.0","PROGRESS, AY","    0","B,,S",,,"   15",",,S","  -33",",,S","  -11","H,,S"
"AYM00089574","2019-01-03","-69.383","76.383","64.0","PROGRESS, AY","    0","B,,S",,,"    2",",,S","  -35",",,S","  -16","H,,S"
"AYM00089574","2019-01-04","-69.383","76.383","64.0","PROGRESS, AY","    0","B,,S",,,"   16",",,S","  -27",",,S","   -7","H,,S"
"AYM00089574","2019-01-05","-69.383","76.383","64.0","PROGRESS, AY","    0","B,,S",,,"   23",",,S","  -15",",,S","    3","H,,S"
"AYM00089574","2019-01-06","-69.383","76.383","64.0","PROGRESS, AY","   10","B,,S",,,"    8",",,S","  -25",",,S","  -11","H,,S"
"AYM00089574","2019-01-07","-69.383","76.383","64.0","PROGRESS, AY","    8","B,,S",,,"   21",",,S",,,"   -4","H,,S"
"AYM00089574","2019-01-08","-69.383","76.383","64.0","PROGRESS, AY","   10","B,,S",,,"   21",",,S","  -32",",,S","    1","H,,S"
"AYM00089574","2019-01-09","-69.383","76.383","64.0","PROGRESS, AY","  150","B,,S",,,"   25",",,S","   -4",",,S","    9","H,,S"
"AYM00089574","2019-01-10","-69.383","76.383","64.0","PROGRESS, AY","   30","B,,S",,,"   72",",,S","    5",",,S","   31","H,,S"
"AYM00089574","2019-01-11","-69.383","76.383","64.0","PROGRESS, AY","    0","B,,S",,,"   47",",,S","   -7",",,S","   18","H,,S"
"AYM00089574","2019-01-12","-69.383","76.383","64.0","PROGRESS, AY","    0","B,,S",,,"   52",",,S","  -28",",,S","   12","H,,S"
"AYM00089574","2019-01-13","-69.383","76.383","64.0","PROGRESS, AY",,,,,"   65",",,S","  -90",",,S","   22","H,,S"
"AYM00089574","2019-01-14","-69.383","76.383","64.0","PROGRESS, AY","    0","B,,S",,,"   93",",,S","   -5",",,S","   12","H,,S"
"AYM00089574","2019-01-15","-69.383","76.383","64.0","PROGRESS, AY","    0","B,,S",,,"   34",",,S","  -31",",,S","   12","H,,S"
"AYM00089574","2019-01-16","-69.383","76.383","64.0","PROGRESS, AY","    0","B,,S",,,"   32",",,S","  -24",",,S","    9","H,,S"
"AYM00089574","2019-01-17","-69.383","76.383","64.0","PROGRESS, AY","    0","B,,S",,,"   43",",,S","   -1",",,S","   23","H,,S"
"AYM00089574","2019-01-19","-69.383","76.383","64.0","PROGRESS, AY","    0","B,,S",,,"   20",",,S","  -30",",,S","    4","H,,S"
"AYM00089574","2019-01-20","-69.383","76.383","64.0","PROGRESS, AY","    0","B,,S",,,"   30",",,S","  -28",",,S","   -1","H,,S"
"AYM00089574","2019-01-21","-69.383","76.383","64.0","PROGRESS, AY","    0","B,,S",,,"   27",",,S","  -19",",,S","    6","H,,S"
"AYM00089574","2019-01-22","-69.383","76.383","64.0","PROGRESS, AY","    0","B,,S",,,"   27",",,S","  -15",",,S","    7","H,,S"
"AYM00089574","2019-01-23","-69.383","76.383","64.0","PROGRESS, AY","    0","B,,S",,,"   -9",",,S",,,"  -17","H,,S"
"AYM00089574","2019-01-24","-69.383","76.383","64.0","PROGRESS, AY","    0","B,,S",,,"   -1",",,S","  -37",",,S","  -27","H,,S"
"AYM00089574","2019-01-25","-69.383","76.383","64.0","PROGRESS, AY","    0","B,,S",,,"   16",",,S","  -45",",,S","   -8","H,,S"
"AYM00089574","2019-01-26","-69.383","76.383","64.0","PROGRESS, AY","   10","B,,S",,,"    2",",,S",,,"   -8","H,,S"
"AYM00089574","2019-01-27","-69.383","76.383","64.0","PROGRESS, AY","   20","B,,S",,,"   12",",,S",,,"  -12","H,,S"
"AYM00089574","2019-01-28","-69.383","76.383","64.0","PROGRESS, AY","    0","B,,S",,,"    9",",,S","  -53",",,S","  -20","H,,S"
"AYM00089574","2019-01-29","-69.383","76.383","64.0","PROGRESS, AY","    0","B,,S",,,"   13",",,S","  -35",",,S","  -14","H,,S"
"AYM00089574","2019-01-30","-69.383","76.383","64.0","PROGRESS, AY","    0","B,,S",,,"   20",",,S","  -30",",,S","    2","H,,S"
"AYM00089574","2019-01-31","-69.383","76.383","64.0","PROGRESS, AY","    0","B,,S",,,"    7",",,S","  -23",",,S","   -9","H,,S"
"AYM00089574","2019-02-01","-69.383","76.383","64.0","PROGRESS, AY","    0","B,,S",,,"   -1",",,S","  -25",",,S","  -15","H,,S"
"AYM00089574","2019-02-02","-69.383","76.383","64.0","PROGRESS, AY","    0","B,,S",,,"   17",",,S","  -26",",,S","  -12","H,,S"
"AYM00089574","2019-02-03","-69.383","76.383","64.0","PROGRESS, AY","    0","B,,S",,,"   -9",",,S","  -37",",,S","  -24","H,,S"
"AYM00089574","2019-02-04","-69.383","76.383","64.0","PROGRESS, AY","    8","B,,S",,,"  -12",",,S","  -37",",,S","  -29","H,,S"
"AYM00089574","2019-02-05","-69.383","76.383","64.0","PROGRESS, AY","   56","B,,S",,,"  -30",",,S","  -47",",,S","  -36","H,,S"
"AYM00089574","2019-02-06","-69.383","76.383","64.0","PROGRESS, AY","   99","B,,S",,,"  -20",",,S","  -58",",,S","  -42","H,,S"
"AYM00089574","2019-02-07","-69.383","76.383","64.0","PROGRESS, AY","    0","B,,S",,,"   -4",",,S","  -60",",,S","  -27","H,,S"
"AYM00089574","2019-02-09","-69.383","76.383","64.0","PROGRESS, AY","   20","B,,S",,,"  -20",",,S","  -95",",,S","  -56","H,,S"
"AYM00089574","2019-02-10","-69.383","76.383","64.0","PROGRESS, AY","    0","B,,S",,,"   -2",",,S","  -38",",,S","  -22","H,,S"
"AYM00089574","2019-02-11","-69.383","76.383","64.0","PROGRESS, AY","    0","B,,S",,,"   -1",",,S","  -35",",,S","  -14","H,,S"
"AYM00089574","2019-02-12","-69.383","76.383","64.0","PROGRESS, AY","    0","B,,S",,,"    6",",,S","  -23",",,S","  -14","H,,S"
"AYM00089574","2019-02-13","-69.383","76.383","64.0","PROGRESS, AY","    5","B,,S",,,"   11",",,S","  -41",",,S","   -8","H,,S"
"AYM00089574","2019-02-14","-69.383","76.383","64.0","PROGRESS, AY","    0","B,,S",,,"   -1",",,S","  -38",",,S","  -21","H,,S"
"AYM00089574","2019-02-15","-69.383","76.383","64.0","PROGRESS, AY","    0","B,,S",,,"  -14",",,S","  -55",",,S","  -31","H,,S"
"AYM00089574","2019-02-16","-69.383","76.383","64.0","PROGRESS, AY","   15","B,,S",,,"   33",",,S","  -27",",,S","    8","H,,S"
"AYM00089574","2019-02-17","-69.383","76.383","64.0","PROGRESS, AY","   61","B,,S",,,"   53",",,S","    1",",,S","   39","H,,S"
"AYM00089574","2019-02-18","-69.383","76.383","64.0","PROGRESS, AY","    0","B,,S",,,"   66",",,S","   23",",,S","   42","H,,S"
"AYM00089574","2019-02-19","-69.383","76.383","64.0","PROGRESS, AY","    0","B,,S",,,"   30",",,S",,,"    5","H,,S"
"AYM00089574","2019-02-21","-69.383","76.383","64.0","PROGRESS, AY","    0","B,,S",,,"   25",",,S","  -24",",,S","   -1","H,,S"
"AYM00089574","2019-02-22","-69.383","76.383","64.0","PROGRESS, AY","    0","B,,S",,,,,"   -5",",,S","   21","H,,S"
"AYM00089574","2019-02-23","-69.383","76.383","64.0","PROGRESS, AY","    0","B,,S",,,"   12",",,S","  -30",",,S","  -13","H,,S"
"AYM00089574","2019-02-24","-69.383","76.383","64.0","PROGRESS, AY",,,,,"  -10",",,S","  -54",",,S","  -38","H,,S"
"AYM00089574","2019-02-25","-69.383","76.383","64.0","PROGRESS, AY","    0","B,,S",,,,,"  -75",",,S","  -40","H,,S"
"AYM00089574","2019-02-26","-69.383","76.383","64.0","PROGRESS, AY","    8","B,,S",,,,,"  -62",",,S","  -33","H,,S"
"AYM00089574","2019-02-27","-69.383","76.383","64.0","PROGRESS, AY","    0","B,,S",,,,,"  -27",",,S","  -12","H,,S"
"AYM00089574","2019-02-28","-69.383","76.383","64.0","PROGRESS, AY","    0","B,,S",,,"  -18",",,S",,,"  -27","H,,S"
"AYM00089574","2019-03-01","-69.383","76.383","64.0","PROGRESS, AY","    0","B,,S",,,"   -7",",,S","  -45",",,S","  -23","H,,S"
"AYM00089574","2019-03-02","-69.383","76.383","64.0","PROGRESS, AY","    0","B,,S",,,"  -19",",,S","  -42",",,S","  -33","H,,S"
"AYM00089574","2019-03-03","-69.383","76.383","64.0","PROGRESS, AY","    0","B,,S",,,"  -30",",,S","  -56",",,S","  -45","H,,S"
"AYM00089574","2019-03-04","-69.383","76.383","64.0","PROGRESS, AY","   13","B,,S",,,"  -40",",,S",,,"  -59","H,,S"
"AYM00089574","2019-03-05","-69.383","76.383","64.0","PROGRESS, AY","    0","B,,S",,,"  -44",",,S","  -81",",,S","  -59","H,,S"
"AYM00089574","2019-03-06","-69.383","76.383","64.0","PROGRESS, AY","    0","B,,S",,,,,"  -57",",,S","  -30","H,,S"
"AYM00089574","2019-03-07","-69.383","76.383","64.0","PROGRESS, AY","    3","B,,S",,,"  -10",",,S","  -36",",,S","  -30","H,,S"
"AYM00089574","2019-03-08","-69.383","76.383","64.0","PROGRESS, AY","    0","B,,S",,,"  -32",",,S",,,"  -43","H,,S"
"AYM00089574","2019-03-09","-69.383","76.383","64.0","PROGRESS, AY","    0","B,,S",,,"  -43",",,S","  -65",",,S","  -56","H,,S"
"AYM00089574","2019-03-10","-69.383","76.383","64.0","PROGRESS, AY","    3","B,,S",,,"  -65",",,S",,,"  -78","H,,S"
"AYM00089574","2019-03-11","-69.383","76.383","64.0","PROGRESS, AY","    0","B,,S",,,"  -60",",,S"," -103",",,S","  -81","H,,S"
"AYM00089574","2019-03-12","-69.383","76.383","64.0","PROGRESS, AY","    0","B,,S",,,"  -58",",,S","  -96",",,S","  -81","H,,S"
"AYM00089574","2019-03-14","-69.383","76.383","64.0","PROGRESS, AY","    0","B,,S",,,"  -52",",,S"," -110",",,S","  -83","H,,S"
"AYM00089574","2019-03-15","-69.383","76.383","64.0","PROGRESS, AY","    0","B,,S",,,"  -79",",,S"," -106",",,S","  -91","H,,S"
"AYM00089574","2019-03-17","-69.383","76.383","64.0","PROGRESS, AY","    5","B,,S",,,,,,,"  -56","H,,S"
"AYM00089574","2019-03-18","-69.383","76.383","64.0","PROGRESS, AY","   13","B,,S",,,,,,,"  -64","H,,S"
"AYM00089574","2019-03-19","-69.383","76.383","64.0","PROGRESS, AY","    3","B,,S",,,"  -53",",,S"," -104",",,S","  -70","H,,S"
"AYM00089574","2019-03-20","-69.383","76.383","64.0","PROGRESS, AY","    8","B,,S",,,"  -97",",,S",,," -112","H,,S"
"AYM00089574","2019-03-21","-69.383","76.383","64.0","PROGRESS, AY","    0","B,,S",,," -118",",,S"," -162",",,S"," -137","H,,S"
"AYM00089574","2019-03-22","-69.383","76.383","64.0","PROGRESS, AY","    0","B,,S",,,"  -96",",,S"," -139",",,S"," -115","H,,S"
"AYM00089574","2019-03-23","-69.383","76.383","64.0","PROGRESS, AY","    3","B,,S",,,,," -134",",,S","  -77","H,,S"
"AYM00089574","2019-03-24","-69.383","76.383","64.0","PROGRESS, AY","   25","B,,S",,,"  -49",",,S",,,"  -57","H,,S"
"AYM00089574","2019-03-25","-69.383","76.383","64.0","PROGRESS, AY","   10","B,,S",,,"  -54",",,S","  -68",",,S","  -62","H,,S"
"AYM00089574","2019-03-26","-69.383","76.383","64.0","PROGRESS, AY","   38","B,,S",,,,,,,"  -75","H,,S"
"AYM00089574","2019-03-27","-69.383","76.383","64.0","PROGRESS, AY","    0","B,,S",,,"  -74",",,S"," -119",",,S","  -96","H,,S"
"AYM00089574","2019-03-28","-69.383","76.383","64.0","PROGRESS, AY","    0","B,,S",,,"  -54",",,S",,,"  -83","H,,S"
"AYM00089574","2019-03-29","-69.383","76.383","64.0","PROGRESS, AY","    5","B,,S",,,,," -150",",,S"," -112","H,,S"
"AYM00089574","2019-03-30","-69.383","76.383","64.0","PROGRESS, AY","   28","B,,S",,,"  -55",",,S","  -68",",,S","  -58","H,,S"
"AYM00089574","2019-03-31","-69.383","76.383","64.0","PROGRESS, AY","   33","B,,S",,,,,,," -148","H,,S"
"AYM00089574","2019-04-01","-69.383","76.383","64.0","PROGRESS, AY","    0","B,,S",,," -123",",,S"," -210",",,S"," -176","H,,S"
"AYM00089574","2019-04-02","-69.383","76.383","64.0","PROGRESS, AY","    0","B,,S",,," -126",",,S",,," -211","H,,S"
"AYM00089574","2019-04-03","-69.383","76.383","64.0","PROGRESS, AY","    5","B,,S",,," -241",",,S"," -288",",,S"," -263","H,,S"
"AYM00089574","2019-04-04","-69.383","76.383","64.0","PROGRESS, AY","    0","B,,S",,,,," -278",",,S"," -246","H,,S"
"AYM00089574","2019-04-05","-69.383","76.383","64.0","PROGRESS, AY","    0","B,,S",,," -230",",,S",,," -251","H,,S"
"AYM00089574","2019-04-06","-69.383","76.383","64.0","PROGRESS, AY","    0","B,,S",,,,," -290",",,S"," -146","H,,S"
"AYM00089574","2019-04-07","-69.383","76.383","64.0","PROGRESS, AY","   30","B,,S",,,"  -50",",,S"," -114",",,S","  -60","H,,S"
"AYM00089574","2019-04-08","-69.383","76.383","64.0","PROGRESS, AY","   10","B,,S",,,"  -61",",,S",,,"  -84","H,,S"
"AYM00089574","2019-04-10","-69.383","76.383","64.0","PROGRESS, AY","    0","B,,S",,,,," -156",",,S"," -129","H,,S"
"AYM00089574","2019-04-11","-69.383","76.383","64.0","PROGRESS, AY","    0","B,,S",,," -115",",,S",,," -122","H,,S"
"AYM00089574","2019-04-12","-69.383","76.383","64.0","PROGRESS, AY","    0","B,,S",,," -118",",,S"," -147",",,S"," -133","H,,S"
"AYM00089574","2019-04-13","-69.383","76.383","64.0","PROGRESS, AY","    0","B,,S",,," -148",",,S",,," -162","H,,S"
"AYM00089574","2019-04-14","-69.383","76.383","64.0","PROGRESS, AY","    0","B,,S",,,,," -175",",,S"," -150","H,,S"
"AYM00089574","2019-04-15","-69.383","76.383","64.0","PROGRESS, AY","    5","B,,S",,,,," -137",",,S"," -115","H,,S"
"AYM00089574","2019-04-16","-69.383","76.383","64.0","PROGRESS, AY","    0","B,,S",,," -127",",,S",,," -142","H,,S"
"AYM00089574","2019-04-17","-69.383","76.383","64.0","PROGRESS, AY","    0","B,,S",,," -164",",,S",,," -181","H,,S"
"AYM00089574","2019-04-18","-69.383","76.383","64.0","PROGRESS, AY","    0","B,,S",,,,," -214",",,S"," -136","H,,S"
"AYM00089574","2019-04-19","-69.383","76.383","64.0","PROGRESS, AY","    0","B,,S",,,"  -34",",,S"," -112",",,S","  -56","H,,S"
"AYM00089574","2019-04-21","-69.383","76.383","64.0","PROGRESS, AY","    0","B,,S",,,"  -94",",,S",,," -104","H,,S"
"AYM00089574","2019-04-22","-69.383","76.383","64.0","PROGRESS, AY","    0","B,,S",,," -123",",,S",,," -132","H,,S"
"AYM00089574","2019-04-23","-69.383","76.383","64.0","PROGRESS, AY","    0","B,,S",,," -142",",,S",,," -157","H,,S"
"AYM00089574","2019-04-24","-69.383","76.383","64.0","PROGRESS, AY","    0","B,,S",,,,," -179",",,S"," -171","H,,S"
"AYM00089574","2019-04-25","-69.383","76.383","64.0","PROGRESS, AY","   10","B,,S",,,,," -176",",,S","  -97","H,,S"
"AYM00089574","2019-04-27","-69.383","76.383","64.0","PROGRESS, AY","    0","B,,S",,,,," -127",",,S"," -109","H,,S"
"AYM00089574","2019-04-28","-69.383","76.383","64.0","PROGRESS, AY","   10","B,,S",,,"  -52",",,S"," -113",",,S","  -61","H,,S"
"AYM00089574","2019-04-29","-69.383","76.383","64.0","PROGRESS, AY","   15","B,,S",,,"  -73",",,S",,,"  -89","H,,S"
"AYM00089574","2019-04-30","-69.383","76.383","64.0","PROGRESS, AY","    0","B,,S",,," -110",",,S",,," -118","H,,S"
"AYM00089574","2019-05-01","-69.383","76.383","64.0","PROGRESS, AY","    0","B,,S",,,,," -122",",,S"," -102","H,,S"
"AYM00089574","2019-05-02","-69.383","76.383","64.0","PROGRESS, AY","    8","B,,S",,,,," -143",",,S"," -124","H,,S"
"AYM00089574","2019-05-03","-69.383","76.383","64.0","PROGRESS, AY","    5","B,,S",,," -112",",,S",,," -127","H,,S"
"AYM00089574","2019-05-04","-69.383","76.383","64.0","PROGRESS, AY","    0","B,,S",,," -141",",,S",,," -166","H,,S"
"AYM00089574","2019-05-05","-69.383","76.383","64.0","PROGRESS, AY","    0","B,,S",,,,," -187",",,S"," -176","H,,S"
"AYM00089574","2019-05-06","-69.383","76.383","64.0","PROGRESS, AY","    0","B,,S",,," -155",",,S"," -176",",,S"," -161","H,,S"
"AYM00089574","2019-05-07","-69.383","76.383","64.0","PROGRESS, AY","    0","B,,S",,,,,,," -161","H,,S"
"AYM00089574","2019-05-09","-69.383","76.383","64.0","PROGRESS, AY","    0","B,,S",,," -133",",,S"," -145",",,S"," -139","H,,S"
"AYM00089574","2019-05-10","-69.383","76.383","64.0","PROGRESS, AY","    0","B,,S",,," -138",",,S",,," -161","H,,S"
"AYM00089574","2019-05-11","-69.383","76.383","64.0","PROGRESS, AY","    0","B,,S",,,,," -196",",,S"," -160","H,,S"
"AYM00089574","2019-05-12","-69.383","76.383","64.0","PROGRESS, AY","    0","B,,S",,," -114",",,S"," -147",",,S"," -123","H,,S"
"AYM00089574","2019-05-13","-69.383","76.383","64.0","PROGRESS, AY","    0","B,,S",,," -126",",,S",,," -150","H,,S"
"AYM00089574","2019-05-14","-69.383","76.383","64.0","PROGRESS, AY","    0","B,,S",,," -213",",,S",,," -230","H,,S"
"AYM00089574","2019-05-15","-69.383","76.383","64.0","PROGRESS, AY","    0","B,,S",,,,,,," -248","H,,S"
"AYM00089574","2019-05-16","-69.383","76.383","64.0","PROGRESS, AY","    0","B,,S",,," -192",",,S"," -267",",,S"," -208","H,,S"
"AYM00089574","2019-05-17","-69.383","76.383","64.0","PROGRESS, AY","    3","B,,S",,,,," -222",",,S"," -193","H,,S"
"AYM00089574","2019-05-18","-69.383","76.383","64.0","PROGRESS, AY","    5","B,,S",,," -153",",,S"," -183",",,S"," -165","H,,S"
"AYM00089574","2019-05-19","-69.383","76.383","64.0","PROGRESS, AY","    0","B,,S",,," -178",",,S",,," -189","H,,S"
"AYM00089574","2019-05-20","-69.383","76.383","64.0","PROGRESS, AY","    0","B,,S",,," -198",",,S",,," -205","H,,S"
"AYM00089574","2019-05-21","-69.383","76.383","64.0","PROGRESS, AY","    0","B,,S",,," -213",",,S",,," -222","H,,S"
"AYM00089574","2019-05-22","-69.383","76.383","64.0","PROGRESS, AY","    0","B,,S",,,,," -252",",,S"," -216","H,,S"
"AYM00089574","2019-05-23","-69.383","76.383","64.0","PROGRESS, AY","    0","B,,S",,," -178",",,S"," -240",",,S"," -193","H,,S"
"AYM00089574","2019-05-24","-69.383","76.383","64.0","PROGRESS, AY","    0","B,,S",,," -193",",,S",,," -213","H,,S"
"AYM00089574","2019-05-25","-69.383","76.383","64.0","PROGRESS, AY","    0","B,,S",,,,," -228",",,S"," -181","H,,S"
"AYM00089574","2019-05-26","-69.383","76.383","64.0","PROGRESS, AY","    0","B,,S",,," -117",",,S",,," -128","H,,S"
"AYM00089574","2019-05-27","-69.383","76.383","64.0","PROGRESS, AY","    0","B,,S",,,,,,," -127","H,,S"
"AYM00089574","2019-05-28","-69.383","76.383","64.0","PROGRESS, AY","    0","B,,S",,,,," -135",",,S","  -88","H,,S"
"AYM00089574","2019-05-29","-69.383","76.383","64.0","PROGRESS, AY","    5","B,,S",,,"  -84",",,S",,,"  -99","H,,S"
"AYM00089574","2019-05-30","-69.383","76.383","64.0","PROGRESS, AY","    0","B,,S",,," -129",",,S",,," -145","H,,S"
"AYM00089574","2019-06-01","-69.383","76.383","64.0","PROGRESS, AY","    0","B,,S",,,,," -230",",,S"," -217","H,,S"
"AYM00089574","2019-06-02","-69.383","76.383","64.0","PROGRESS, AY","    8","B,,S",,," -184",",,S"," -222",",,S"," -188","H,,S"
"AYM00089574","2019-06-03","-69.383","76.383","64.0","PROGRESS, AY","    0","B,,S",,," -138",",,S"," -200",",,S"," -158","H,,S"
"AYM00089574","2019-06-04","-69.383","76.383","64.0","PROGRESS, AY","    0","B,,S",,," -174",",,S",,," -191","H,,S"
"AYM00089574","2019-06-05","-69.383","76.383","64.0","PROGRESS, AY","    3","B,,S",,," -125",",,S"," -226",",,S"," -155","H,,S"
"AYM00089574","2019-06-06","-69.383","76.383","64.0","PROGRESS, AY","    0","B,,S",,,,,,," -226","H,,S"
"AYM00089574","2019-06-07","-69.383","76.383","64.0","PROGRESS, AY","    0","B,,S",,,,," -335",",,S"," -298","H,,S"
"AYM00089574","2019-06-08","-69.383","76.383","64.0","PROGRESS, AY","    0","B,,S",,," -205",",,S"," -318",",,S"," -250","H,,S"
"AYM00089574","2019-06-09","-69.383","76.383","64.0","PROGRESS, AY","   81","B,,S",,,,," -313",",,S"," -153","H,,S"
"AYM00089574","2019-06-10","-69.383","76.383","64.0","PROGRESS, AY","  109","B,,S",,,"  -72",",,S",,,"  -91","H,,S"
"AYM00089574","2019-06-11","-69.383","76.383","64.0","PROGRESS, AY","    3","B,,S",,,,,,," -137","H,,S"
"AYM00089574","2019-06-12","-69.383","76.383","64.0","PROGRESS, AY","    0","B,,S",,," -159",",,S",,," -200","H,,S"
"AYM00089574","2019-06-13","-69.383","76.383","64.0","PROGRESS, AY","    0","B,,S",,," -155",",,S"," -294",",,S"," -188","H,,S"
"AYM00089574","2019-06-15","-69.383","76.383","64.0","PROGRESS, AY","    0","B,,S",,," -179",",,S",,," -205","H,,S"
"AYM00089574","2019-06-16","-69.383","76.383","64.0","PROGRESS, AY","    0","B,,S",,,,,,," -238","H,,S"
"AYM00089574","2019-06-18","-69.383","76.383","64.0","PROGRESS, AY","    0","B,,S",,," -157",",,S"," -210",",,S"," -163","H,,S"
"AYM00089574","2019-06-19","-69.383","76.383","64.0","PROGRESS, AY","    0","B,,S",,," -184",",,S",,," -213","H,,S"
"AYM00089574","2019-06-20","-69.383","76.383","64.0","PROGRESS, AY","   10","B,,S",,,,,,," -262","H,,S"
"AYM00089574","2019-06-21","-69.383","76.383","64.0","PROGRESS, AY","   71","B,,S",,,"  -64",",,S",,,"  -79","H,,S"
"AYM00089574","2019-06-22","-69.383","76.383","64.0","PROGRESS, AY","   13","B,,S",,,"  -69",",,S",,,"  -78","H,,S"
"AYM00089574","2019-06-24","-69.383","76.383","64.0","PROGRESS, AY","   13","B,,S",,,"  -76",",,S","  -99",",,S","  -86","H,,S"
"AYM00089574","2019-06-25","-69.383","76.383","64.0","PROGRESS, AY","   15","B,,S",,," -106",",,S",,," -119","H,,S"
"AYM00089574","2019-06-26","-69.383","76.383","64.0","PROGRESS, AY","    3","B,,S",,,,," -164",",,S"," -140","H,,S"
"AYM00089574","2019-06-27","-69.383","76.383","64.0","PROGRESS, AY","   38","B,,S",,,,," -145",",,S","  -63","H,,S"
"AYM00089574","2019-06-28","-69.383","76.383","64.0","PROGRESS, AY","    3","B,,S",,,"  -62",",,S",,,"  -76","H,,S"
"AYM00089574","2019-06-29","-69.383","76.383","64.0","PROGRESS, AY","    0","B,,S",,,"  -92",",,S",,," -115","H,,S"
"AYM00089574","2019-06-30","-69.383","76.383","64.0","PROGRESS, AY","    0","B,,S",,," -149",",,S",,," -166","H,,S"
"AYM00089574","2019-07-01","-69.383","76.383","64.0","PROGRESS, AY","    0","B,,S",,,"  -89",",,S"," -194",",,S"," -107","H,,S"
"AYM00089574","2019-07-02","-69.383","76.383","64.0","PROGRESS, AY","    0","B,,S",,," -114",",,S",,," -122","H,,S"
"AYM00089574","2019-07-03","-69.383","76.383","64.0","PROGRESS, AY","    0","B,,S",,," -123",",,S",,," -129","H,,S"
"AYM00089574","2019-07-04","-69.383","76.383","64.0","PROGRESS, AY","    0","B,,S",,," -102",",,S"," -133",",,S"," -112","H,,S"
"AYM00089574","2019-07-05","-69.383","76.383","64.0","PROGRESS, AY","    0","B,,S",,,,,,," -107","H,,S"
"AYM00089574","2019-07-06","-69.383","76.383","64.0","PROGRESS, AY","    0","B,,S",,,,," -113",",,S","  -61","H,,S"
"AYM00089574","2019-07-07","-69.383","76.383","64.0","PROGRESS, AY","   13","B,,S",,,,,"  -77",",,S","  -39","H,,S"
"AYM00089574","2019-07-08","-69.383","76.383","64.0","PROGRESS, AY","   10","B,,S",,,,,"  -81",",,S","  -70","H,,S"
"AYM00089574","2019-07-09","-69.383","76.383","64.0","PROGRESS, AY","    0","B,,S",,,"  -28",",,S","  -78",",,S","  -42","H,,S"
"AYM00089574","2019-07-10","-69.383","76.383","64.0","PROGRESS, AY","    0","B,,S",,,"  -64",",,S",,,"  -72","H,,S"
"AYM00089574","2019-07-11","-69.383","76.383","64.0","PROGRESS, AY","    0","B,,S",,,"  -86",",,S",,,"  -94","H,,S"
"AYM00089574","2019-07-12","-69.383","76.383","64.0","PROGRESS, AY","    0","B,,S",,,,,,," -127","H,,S"
"AYM00089574","2019-07-13","-69.383","76.383","64.0","PROGRESS, AY","    0","B,,S",,,,,,," -170","H,,S"
"AYM00089574","2019-07-14","-69.383","76.383","64.0","PROGRESS, AY","    0","B,,S",,," -196",",,S",,," -208","H,,S"
"AYM00089574","2019-07-15","-69.383","76.383","64.0","PROGRESS, AY","    0","B,,S",,," -218",",,S",,," -253","H,,S"
"AYM00089574","2019-07-16","-69.383","76.383","64.0","PROGRESS, AY","    0","B,,S",,," -196",",,S"," -296",",,S"," -238","H,,S"
"AYM00089574","2019-07-17","-69.383","76.383","64.0","PROGRESS, AY","    0","B,,S",,," -242",",,S",,," -272","H,,S"
"AYM00089574","2019-07-18","-69.383","76.383","64.0","PROGRESS, AY","    0","B,,S",,," -241",",,S"," -320",",,S"," -284","H,,S"
"AYM00089574","2019-07-19","-69.383","76.383","64.0","PROGRESS, AY","    0","B,,S",,," -205",",,S"," -310",",,S"," -247","H,,S"
"AYM00089574","2019-07-20","-69.383","76.383","64.0","PROGRESS, AY","    0","B,,S",,,,,,," -250","H,,S"
"AYM00089574","2019-07-21","-69.383","76.383","64.0","PROGRESS, AY","    0","B,,S",,,,," -274",",,S"," -259","H,,S"
"AYM00089574","2019-07-22","-69.383","76.383","64.0","PROGRESS, AY","    0","B,,S",,,,,,," -278","H,,S"
"AYM00089574","2019-07-23","-69.383","76.383","64.0","PROGRESS, AY","    0","B,,S",,,,," -331",",,S"," -313","H,,S"
"AYM00089574","2019-07-24","-69.383","76.383","64.0","PROGRESS, AY","    0","B,,S",,," -248",",,S"," -322",",,S"," -265","H,,S"
"AYM00089574","2019-07-25","-69.383","76.383","64.0","PROGRESS, AY","    0","B,,S",,,,,,," -273","H,,S"
"AYM00089574","2019-07-26","-69.383","76.383","64.0","PROGRESS, AY","    0","B,,S",,," -117",",,S",,," -129","H,,S"
"AYM00089574","2019-07-27","-69.383","76.383","64.0","PROGRESS, AY","    0","B,,S",,," -153",",,S",,," -166","H,,S"
"AYM00089574","2019-07-28","-69.383","76.383","64.0","PROGRESS, AY","    0","B,,S",,," -114",",,S"," -182",",,S"," -129","H,,S"
"AYM00089574","2019-07-29","-69.383","76.383","64.0","PROGRESS, AY","    0","B,,S",,,"  -99",",,S",,," -118","H,,S"
"AYM00089574","2019-07-30","-69.383","76.383","64.0","PROGRESS, AY","    0","B,,S",,," -159",",,S",,," -177","H,,S"
"AYM00089574","2019-07-31","-69.383","76.383","64.0","PROGRESS, AY","    0","B,,S",,," -204",",,S",,," -214","H,,S"
"AYM00089574","2019-08-01","-69.383","76.383","64.0","PROGRESS, AY","    0","B,,S",,," -212",",,S"," -231",",,S"," -218","H,,S"
"AYM00089574","2019-08-02","-69.383","76.383","64.0","PROGRESS, AY","    3","B,,S",,," -129",",,S"," -213",",,S"," -147","H,,S"
"AYM00089574","2019-08-03","-69.383","76.383","64.0","PROGRESS, AY","    3","B,,S",,,,," -156",",,S"," -110","H,,S"
"AYM00089574","2019-08-04","-69.383","76.383","64.0","PROGRESS, AY","   30","B,,S",,,,," -102",",,S","  -75","H,,S"
"AYM00089574","2019-08-05","-69.383","76.383","64.0","PROGRESS, AY","    0","B,,S",,,"  -65",",,S",,,"  -86","H,,S"
"AYM00089574","2019-08-06","-69.383","76.383","64.0","PROGRESS, AY","    3","B,,S",,,"  -52",",,S"," -100",",,S","  -69","H,,S"
"AYM00089574","2019-08-07","-69.383","76.383","64.0","PROGRESS, AY","    0","B,,S",,,,,"  -89",",,S","  -73","H,,S"
"AYM00089574","2019-08-08","-69.383","76.383","64.0","PROGRESS, AY","    0","B,,S",,,,,,,"  -94","H,,S"
"AYM00089574","2019-08-09","-69.383","76.383","64.0","PROGRESS, AY","    0","B,,S",,,"  -96",",,S",,," -136","H,,S"
"AYM00089574","2019-08-10","-69.383","76.383","64.0","PROGRESS, AY","    3","B,,S",,," -118",",,S"," -201",",,S"," -143","H,,S"
"AYM00089574","2019-08-11","-69.383","76.383","64.0","PROGRESS, AY","    0","B,,S",,,"  -46",",,S",,,"  -96","H,,S"
"AYM00089574","2019-08-12","-69.383","76.383","64.0","PROGRESS, AY","   10","B,,S",,,,," -198",",,S"," -152","H,,S"
"AYM00089574","2019-08-13","-69.383","76.383","64.0","PROGRESS, AY","    0","B,,S",,," -109",",,S",,," -125","H,,S"
"AYM00089574","2019-08-14","-69.383","76.383","64.0","PROGRESS, AY","    5","B,,S",,," -128",",,S",,," -173","H,,S"
"AYM00089574","2019-08-15","-69.383","76.383","64.0","PROGRESS, AY","   13","B,,S",,," -173",",,S"," -232",",,S"," -199","H,,S"
"AYM00089574","2019-08-16","-69.383","76.383","64.0","PROGRESS, AY","    8","B,,S",,," -220",",,S",,," -297","H,,S"
"AYM00089574","2019-08-17","-69.383","76.383","64.0","PROGRESS, AY","    0","B,,S",,,,," -364",",,S"," -268","H,,S"
"AYM00089574","2019-08-18","-69.383","76.383","64.0","PROGRESS, AY","    3","B,,S",,,"  -94",",,S"," -249",",,S"," -121","H,,S"
"AYM00089574","2019-08-19","-69.383","76.383","64.0","PROGRESS, AY","   51","B,,S",,,"  -89",",,S"," -103",",,S","  -92","H,,S"
"AYM00089574","2019-08-20","-69.383","76.383","64.0","PROGRESS, AY","    0","B,,S",,,"  -72",",,S"," -106",",,S","  -87","H,,S"
"AYM00089574","2019-08-21","-69.383","76.383","64.0","PROGRESS, AY","    0","B,,S",,,"  -93",",,S",,," -100","H,,S"
"AYM00089574","2019-08-22","-69.383","76.383","64.0","PROGRESS, AY","    0","B,,S",,,"  -43",",,S"," -109",",,S","  -81","H,,S"
"AYM00089574","2019-08-23","-69.383","76.383","64.0","PROGRESS, AY","   28","B,,S",,,"  -71",",,S","  -84",",,S","  -78","H,,S"
"AYM00089574","2019-08-24","-69.383","76.383","64.0","PROGRESS, AY","    5","B,,S",,,"  -86",",,S",,,"  -98","H,,S"
"AYM00089574","2019-08-25","-69.383","76.383","64.0","PROGRESS, AY","    0","B,,S",,," -114",",,S",,," -130","H,,S"
"AYM00089574","2019-08-26","-69.383","76.383","64.0","PROGRESS, AY","    0","B,,S",,," -165",",,S",,," -181","H,,S"
"AYM00089574","2019-08-27","-69.383","76.383","64.0","PROGRESS, AY","    0","B,,S",,," -162",",,S"," -199",",,S"," -174","H,,S"
"AYM00089574","2019-08-28","-69.383","76.383","64.0","PROGRESS, AY","    0","B,,S",,,,," -186",",,S"," -159","H,,S"
"AYM00089574","2019-08-29","-69.383","76.383","64.0","PROGRESS, AY","   79","B,,S",,,"  -84",",,S"," -157",",,S"," -113","H,,S"
"AYM00089574","2019-08-30","-69.383","76.383","64.0","PROGRESS, AY","   41","B,,S",,," -118",",,S",,," -134","H,,S"
"AYM00089574","2019-08-31","-69.383","76.383","64.0","PROGRESS, AY","    0","B,,S",,," -127",",,S",,," -155","H,,S"
"AYM00089574","2019-09-02","-69.383","76.383","64.0","PROGRESS, AY","    0","B,,S",,,,," -229",",,S"," -205","H,,S"
"AYM00089574","2019-09-03","-69.383","76.383","64.0","PROGRESS, AY","    0","B,,S",,," -115",",,S"," -220",",,S"," -138","H,,S"
"AYM00089574","2019-09-04","-69.383","76.383","64.0","PROGRESS, AY","    0","B,,S",,," -172",",,S",,," -196","H,,S"
"AYM00089574","2019-09-05","-69.383","76.383","64.0","PROGRESS, AY","    0","B,,S",,,,," -218",",,S"," -175","H,,S"
"AYM00089574","2019-09-06","-69.383","76.383","64.0","PROGRESS, AY","    0","B,,S",,," -105",",,S"," -152",",,S"," -118","H,,S"
"AYM00089574","2019-09-07","-69.383","76.383","64.0","PROGRESS, AY","    0","B,,S",,," -101",",,S"," -126",",,S"," -112","H,,S"
"AYM00089574","2019-09-08","-69.383","76.383","64.0","PROGRESS, AY","    0","B,,S",,," -118",",,S",,," -131","H,,S"
"AYM00089574","2019-09-09","-69.383","76.383","64.0","PROGRESS, AY","    0","B,,S",,," -145",",,S"," -161",",,S"," -154","H,,S"
"AYM00089574","2019-09-10","-69.383","76.383","64.0","PROGRESS, AY","    0","B,,S",,,,,,," -167","H,,S"
"AYM00089574","2019-09-11","-69.383","76.383","64.0","PROGRESS, AY","    0","B,,S",,," -168",",,S",,," -185","H,,S"
"AYM00089574","2019-09-12","-69.383","76.383","64.0","PROGRESS, AY","    0","B,,S",,," -177",",,S",,," -198","H,,S"
"AYM00089574","2019-09-13","-69.383","76.383","64.0","PROGRESS, AY","    0","B,,S",,," -218",",,S",,," -235","H,,S"
"AYM00089574","2019-09-14","-69.383","76.383","64.0","PROGRESS, AY","    0","B,,S",,,,," -260",",,S"," -183","H,,S"
"AYM00089574","2019-09-15","-69.383","76.383","64.0","PROGRESS, AY","    3","B,,S",,," -107",",,S"," -159",",,S"," -118","H,,S"
"AYM00089574","2019-09-16","-69.383","76.383","64.0","PROGRESS, AY","    0","B,,S",,," -116",",,S",,," -126","H,,S"
"AYM00089574","2019-09-17","-69.383","76.383","64.0","PROGRESS, AY","    0","B,,S",,," -147",",,S",,," -191","H,,S"
"AYM00089574","2019-09-18","-69.383","76.383","64.0","PROGRESS, AY","    5","B,,S",,,,," -228",",,S"," -157","H,,S"
"AYM00089574","2019-09-19","-69.383","76.383","64.0","PROGRESS, AY","   89","B,,S",,," -109",",,S"," -144",",,S"," -128","H,,S"
"AYM00089574","2019-09-20","-69.383","76.383","64.0","PROGRESS, AY","   13","B,,S",,,,," -141",",,S"," -107","H,,S"
"AYM00089574","2019-09-21","-69.383","76.383","64.0","PROGRESS, AY","    0","B,,S",,,"  -86",",,S",,," -107","H,,S"
"AYM00089574","2019-09-22","-69.383","76.383","64.0","PROGRESS, AY","    5","B,,S",,," -113",",,S",,," -124","H,,S"
"AYM00089574","2019-09-23","-69.383","76.383","64.0","PROGRESS, AY","    3","B,,S",,,"  -84",",,S"," -137",",,S"," -108","H,,S"
"AYM00089574","2019-09-24","-69.383","76.383","64.0","PROGRESS, AY","    3","B,,S",,,"  -50",",,S"," -107",",,S","  -57","H,,S"
"AYM00089574","2019-09-25","-69.383","76.383","64.0","PROGRESS, AY","   41","B,,S",,,"  -67",",,S",,,"  -81","H,,S"
"AYM00089574","2019-09-26","-69.383","76.383","64.0","PROGRESS, AY","   20","B,,S",,,"  -95",",,S"," -116",",,S"," -106","H,,S"
"AYM00089574","2019-09-27","-69.383","76.383","64.0","PROGRESS, AY","    0","B,,S",,," -106",",,S",,," -120","H,,S"
"AYM00089574","2019-09-28","-69.383","76.383","64.0","PROGRESS, AY","    0","B,,S",,," -104",",,S",,," -136","H,,S"
"AYM00089574","2019-09-29","-69.383","76.383","64.0","PROGRESS, AY","    0","B,,S",,," -130",",,S",,," -153","H,,S"
"AYM00089574","2019-09-30","-69.383","76.383","64.0","PROGRESS, AY","    0","B,,S",,," -126",",,S"," -185",",,S"," -163","H,,S"
"AYM00089574","2019-10-01","-69.383","76.383","64.0","PROGRESS, AY","    0","B,,S",,," -125",",,S"," -182",",,S"," -156","H,,S"
"AYM00089574","2019-10-03","-69.383","76.383","64.0","PROGRESS, AY","    0","B,,S",,," -123",",,S"," -170",",,S"," -145","H,,S"
"AYM00089574","2019-10-04","-69.383","76.383","64.0","PROGRESS, AY","    0","B,,S",,," -130",",,S"," -168",",,S"," -150","H,,S"
"AYM00089574","2019-10-05","-69.383","76.383","64.0","PROGRESS, AY","    0","B,,S",,," -148",",,S",,," -168","H,,S"
"AYM00089574","2019-10-06","-69.383","76.383","64.0","PROGRESS, AY","    0","B,,S",,," -108",",,S"," -181",",,S"," -159","H,,S"
"AYM00089574","2019-10-07","-69.383","76.383","64.0","PROGRESS, AY","    0","B,,S",,," -154",",,S",,," -181","H,,S"
"AYM00089574","2019-10-08","-69.383","76.383","64.0","PROGRESS, AY","    0","B,,S",,," -164",",,S"," -214",",,S"," -187","H,,S"
"AYM00089574","2019-10-09","-69.383","76.383","64.0","PROGRESS, AY","    0","B,,S",,," -167",",,S"," -215",",,S"," -190","H,,S"
"AYM00089574","2019-10-10","-69.383","76.383","64.0","PROGRESS, AY","    0","B,,S",,," -148",",,S"," -201",",,S"," -174","H,,S"
"AYM00089574","2019-10-11","-69.383","76.383","64.0","PROGRESS, AY","    0","B,,S",,,,," -162",",,S"," -129","H,,S"
"AYM00089574","2019-10-12","-69.383","76.383","64.0","PROGRESS, AY","    0","B,,S",,," -152",",,S"," -181",",,S"," -172","H,,S"
"AYM00089574","2019-10-13","-69.383","76.383","64.0","PROGRESS, AY","    0","B,,S",,,,," -181",",,S"," -166","H,,S"
"AYM00089574","2019-10-14","-69.383","76.383","64.0","PROGRESS, AY","    0","B,,S",,," -160",",,S",,," -194","H,,S"
"AYM00089574","2019-10-15","-69.383","76.383","64.0","PROGRESS, AY","    0","B,,S",,," -163",",,S"," -244",",,S"," -184","H,,S"
"AYM00089574","2019-10-16","-69.383","76.383","64.0","PROGRESS, AY","    0","B,,S",,,,," -208",",,S"," -138","H,,S"
"AYM00089574","2019-10-17","-69.383","76.383","64.0","PROGRESS, AY","   89","B,,S",,,"  -40",",,S"," -128",",,S","  -74","H,,S"
"AYM00089574","2019-10-18","-69.383","76.383","64.0","PROGRESS, AY","   10","B,,S",,,"  -16",",,S","  -85",",,S","  -46","H,,S"
"AYM00089574","2019-10-19","-69.383","76.383","64.0","PROGRESS, AY","    0","B,,S",,,"   -6",",,S",,,"  -33","H,,S"
"AYM00089574","2019-10-20","-69.383","76.383","64.0","PROGRESS, AY","    0","B,,S",,,"  -51",",,S",,,"  -76","H,,S"
"AYM00089574","2019-10-21","-69.383","76.383","64.0","PROGRESS, AY","    0","B,,S",,,"  -77",",,S"," -129",",,S"," -111","H,,S"
"AYM00089574","2019-10-22","-69.383","76.383","64.0","PROGRESS, AY","    0","B,,S",,,"  -24",",,S"," -115",",,S","  -51","H,,S"
"AYM00089574","2019-10-23","-69.383","76.383","64.0","PROGRESS, AY","    0","B,,S",,,"  -34",",,S",,,"  -55","H,,S"
"AYM00089574","2019-10-24","-69.383","76.383","64.0","PROGRESS, AY","    0","B,,S",,,"  -42",",,S","  -90",",,S","  -61","H,,S"
"AYM00089574","2019-10-25","-69.383","76.383","64.0","PROGRESS, AY","    3","B,,S",,,"    4",",,S","  -52",",,S","  -26","H,,S"
"AYM00089574","2019-10-26","-69.383","76.383","64.0","PROGRESS, AY","    0","B,,S",,,"    7",",,S",,,"  -21","H,,S"
"AYM00089574","2019-10-27","-69.383","76.383","64.0","PROGRESS, AY","    0","B,,S",,,"  -27",",,S",,,"  -45","H,,S"
"AYM00089574","2019-10-28","-69.383","76.383","64.0","PROGRESS, AY","    0","B,,S",,,"  -18",",,S",,,"  -60","H,,S"
"AYM00089574","2019-10-29","-69.383","76.383","64.0","PROGRESS, AY","    0","B,,S",,,"  -40",",,S","  -93",",,S","  -67","H,,S"
"AYM00089574","2019-10-30","-69.383","76.383","64.0","PROGRESS, AY","    0","B,,S",,,"  -18",",,S","  -78",",,S","  -43","H,,S"
"AYM00089574","2019-10-31","-69.383","76.383","64.0","PROGRESS, AY","  269","B,,S",,,"  -10",",,S","  -43",",,S","  -36","H,,S"
"AYM00089574","2019-11-01","-69.383","76.383","64.0","PROGRESS, AY","    0","B,,S",,,"   -9",",,S",,,"  -52","H,,S"
"AYM00089574","2019-11-02","-69.383","76.383","64.0","PROGRESS, AY","    0","B,,S",,,"  -55",",,S",,,"  -96","H,,S"
"AYM00089574","2019-11-03","-69.383","76.383","64.0","PROGRESS, AY","    0","B,,S",,,"  -54",",,S"," -124",",,S","  -99","H,,S"
"AYM00089574","2019-11-04","-69.383","76.383","64.0","PROGRESS, AY","    0","B,,S",,,,," -114",",,S","  -73","H,,S"
"AYM00089574","2019-11-05","-69.383","76.383","64.0","PROGRESS, AY","    0","B,,S",,,,,"  -89",",,S","  -61","H,,S"
"AYM00089574","2019-11-06","-69.383","76.383","64.0","PROGRESS, AY","    0","B,,S",,,"   -1",",,S","  -64",",,S","  -18","H,,S"
"AYM00089574","2019-11-08","-69.383","76.383","64.0","PROGRESS, AY","    0","B,,S",,,"  -41",",,S",,,"  -66","H,,S"
"AYM00089574","2019-11-09","-69.383","76.383","64.0","PROGRESS, AY","    0","B,,S",,,"  -35",",,S","  -90",",,S","  -60","H,,S"
"AYM00089574","2019-11-10","-69.383","76.383","64.0","PROGRESS, AY","    0","B,,S",,,"  -46",",,S","  -89",",,S","  -67","H,,S"
"AYM00089574","2019-11-11","-69.383","76.383","64.0","PROGRESS, AY","    0","B,,S",,,"  -39",",,S","  -71",",,S","  -56","H,,S"
"AYM00089574","2019-11-12","-69.383","76.383","64.0","PROGRESS, AY","    0","B,,S",,,"  -10",",,S","  -65",",,S","  -39","H,,S"
"AYM00089574","2019-11-13","-69.383","76.383","64.0","PROGRESS, AY","    0","B,,S",,,"  -17",",,S","  -62",",,S","  -45","H,,S"
"AYM00089574","2019-11-14","-69.383","76.383","64.0","PROGRESS, AY","    0","B,,S",,,"   -1",",,S","  -66",",,S","  -34","H,,S"
"AYM00089574","2019-11-15","-69.383","76.383","64.0","PROGRESS, AY","    0","B,,S",,,"  -23",",,S",,,"  -46","H,,S"
"AYM00089574","2019-11-16","-69.383","76.383","64.0","PROGRESS, AY","    0","B,,S",,,"    8",",,S","  -58",",,S","  -23","H,,S"
"AYM00089574","2019-11-17","-69.383","76.383","64.0","PROGRESS, AY","    0","B,,S",,,"   -2",",,S",,,"  -19","H,,S"
"AYM00089574","2019-11-18","-69.383","76.383","64.0","PROGRESS, AY","    0","B,,S",,,"    2",",,S",,,"  -36","H,,S"
"AYM00089574","2019-11-19","-69.383","76.383","64.0","PROGRESS, AY","    0","B,,S",,,"  -40",",,S","  -88",",,S","  -56","H,,S"
"AYM00089574","2019-11-20","-69.383","76.383","64.0","PROGRESS, AY","    0","B,,S",,,"  -24",",,S","  -61",",,S","  -42","H,,S"
"AYM00089574","2019-11-21","-69.383","76.383","64.0","PROGRESS, AY","    0","B,,S",,,"  -25",",,S","  -81",",,S","  -51","H,,S"
"AYM00089574","2019-11-22","-69.383","76.383","64.0","PROGRESS, AY","    0","B,,S",,,"   -6",",,S","  -71",",,S","  -28","H,,S"
"AYM00089574","2019-11-23","-69.383","76.383","64.0","PROGRESS, AY","    0","B,,S",,,"   32",",,S","  -48",",,S","  -12","H,,S"
"AYM00089574","2019-11-24","-69.383","76.383","64.0","PROGRESS, AY","    0","B,,S",,,"   12",",,S","  -39",",,S","   -6","H,,S"
"AYM00089574","2019-11-25","-69.383","76.383","64.0","PROGRESS, AY","    0","B,,S",,,"   28",",,S",,,"   10","H,,S"
"AYM00089574","2019-11-26","-69.383","76.383","64.0","PROGRESS, AY","    0","B,,S",,,"   12",",,S",,,"    0","H,,S"
"AYM00089574","2019-11-27","-69.383","76.383","64.0","PROGRESS, AY","    0","B,,S",,,"   -3",",,S","  -26",",,S","  -12","H,,S"
"AYM00089574","2019-11-28","-69.383","76.383","64.0","PROGRESS, AY","    0","B,,S",,,"   33",",,S","  -37",",,S","    2","H,,S"
"AYM00089574","2019-11-29","-69.383","76.383","64.0","PROGRESS, AY","   15","B,,S",,,"   17",",,S",,,"  -11","H,,S"
"AYM00089574","2019-11-30","-69.383","76.383","64.0","PROGRESS, AY","   25","B,,S",,,"    8",",,S","  -22",",,S","  -10","H,,S"
"AYM00089574","2019-12-01","-69.383","76.383","64.0","PROGRESS, AY","   10","B,,S",,,"   35",",,S","  -22",",,S","    7","H,,S"
"AYM00089574","2019-12-02","-69.383","76.383","64.0","PROGRESS, AY","    0","B,,S",,,"    5",",,S","  -27",",,S","   -7","H,,S"
"AYM00089574","2019-12-03","-69.383","76.383","64.0","PROGRESS, AY","    0","B,,S",,,"    1",",,S","  -55",",,S","  -18","H,,S"
"AYM00089574","2019-12-04","-69.383","76.383","64.0","PROGRESS, AY","    0","B,,S",,,"   12",",,S","  -33",",,S","   -9","H,,S"
"AYM00089574","2019-12-05","-69.383","76.383","64.0","PROGRESS, AY","    0","B,,S",,,"   57",",,S","  -21",",,S","   19","H,,S"
"AYM00089574","2019-12-06","-69.383","76.383","64.0","PROGRESS, AY","    0","B,,S",,,"   28",",,S",,,"    9","H,,S"
"AYM00089574","2019-12-07","-69.383","76.383","64.0","PROGRESS, AY","    0","B,,S",,,"   10",",,S","  -33",",,S","   -7","H,,S"
"AYM00089574","2019-12-08","-69.383","76.383","64.0","PROGRESS, AY","    0","B,,S",,,"   43",",,S","  -12",",,S","   20","H,,S"
"AYM00089574","2019-12-09","-69.383","76.383","64.0","PROGRESS, AY","    0","B,,S",,,"   53",",,S","    0",",,S","   22","H,,S"
"AYM00089574","2019-12-10","-69.383","76.383","64.0","PROGRESS, AY","    0","B,,S",,,"   14",",,S",,,"   -8","H,,S"
"AYM00089574","2019-12-11","-69.383","76.383","64.0","PROGRESS, AY","    0","B,,S",,,"   22",",,S","  -32",",,S","   -5","H,,S"
"AYM00089574","2019-12-12","-69.383","76.383","64.0","PROGRESS, AY",,,,,"   21",",,S",,,"   -7","H,,S"
"AYM00089574","2019-12-13","-69.383","76.383","64.0","PROGRESS, AY","    0","B,,S",,,"   13",",,S","  -44",",,S","   -7","H,,S"
"AYM00089574","2019-12-14","-69.383","76.383","64.0","PROGRESS, AY","    0","B,,S",,,"   14",",,S",,,"   -7","H,,S"
"AYM00089574","2019-12-15","-69.383","76.383","64.0","PROGRESS, AY","    0","B,,S",,,"    9",",,S",,,"  -13","H,,S"
"AYM00089574","2019-12-16","-69.383","76.383","64.0","PROGRESS, AY","    0","B,,S",,,"   19",",,S","  -33",",,S","   -8","H,,S"
"AYM00089574","2019-12-17","-69.383","76.383","64.0","PROGRESS, AY","    0","B,,S",,,"   20",",,S","  -26",",,S","   -3","H,,S"
"AYM00089574","2019-12-18","-69.383","76.383","64.0","PROGRESS, AY","    0","B,,S",,,"   18",",,S","  -12",",,S","    1","H,,S"
"AYM00089574","2019-12-19","-69.383","76.383","64.0","PROGRESS, AY","    0","B,,S",,,"   21",",,S","  -38",",,S","    0","H,,S"
"AYM00089574","2019-12-20","-69.383","76.383","64.0","PROGRESS, AY","    0","B,,S",,,"   20",",,S","   -5",",,S","    8","H,,S"
"AYM00089574","2019-12-21","-69.383","76.383","64.0","PROGRESS, AY","   15","B,,S",,,"   22",",,S","   -3",",,S","    7","H,,S"
"AYM00089574","2019-12-22","-69.383","76.383","64.0","PROGRESS, AY","   20","B,,S",,,"   43",",,S","    0",",,S","   20","H,,S"
"AYM00089574","2019-12-23","-69.383","76.383","64.0","PROGRESS, AY","    0","B,,S",,,"   21",",,S",,,"    2","H,,S"
"AYM00089574","2019-12-24","-69.383","76.383","64.0","PROGRESS, AY","    0","B,,S",,,"   47",",,S","  -11",",,S","   12","H,,S"
"AYM00089574","2019-12-25","-69.383","76.383","64.0","PROGRESS, AY","    0","B,,S",,,"    7",",,S","  -17",",,S","   -5","H,,S"
"AYM00089574","2019-12-26","-69.383","76.383","64.0","PROGRESS, AY","    0","B,,S",,,"   14",",,S","  -12",",,S","    3","H,,S"
"AYM00089574","2019-12-27","-69.383","76.383","64.0","PROGRESS, AY","    0","B,,S",,,"   22",",,S",,,"   -4","H,,S"
"AYM00089574","2019-12-28","-69.383","76.383","64.0","PROGRESS, AY","    0","B,,S",,,"    2",",,S","  -49",",,S","  -21","H,,S"
"AYM00089574","2019-12-29","-69.383","76.383","64.0","PROGRESS, AY","    0","B,,S",,,"   23",",,S","  -51",",,S","   -3","H,,S"
"AYM00089574","2019-12-30","-69.383","76.383","64.0","PROGRESS, AY","    0","B,,S",,,"   23",",,S",,,"    1","H,,S"
"AYM00089574","2019-12-31","-69.383","76.383","64.0","PROGRESS, AY","    0","B,,S",,,"   -6",",,S","  -21",",,S","  -13","H,,S"
"AYM00089574","2020-01-01","-69.383","76.383","64.0","PROGRESS, AY","    0","B,,S",,,"    8",",,S",,,"  -18","H,,S"
"AYM00089574","2020-01-02","-69.383","76.383","64.0","PROGRESS, AY","    0","B,,S",,,"   13",",,S","  -52",",,S","   -9","H,,S"
"AYM00089574","2020-01-03","-69.383","76.383","64.0","PROGRESS, AY","    0","B,,S",,,"   61",",,S","  -34",",,S","   21","H,,S"
"AYM00089574","2020-01-04","-69.383","76.383","64.0","PROGRESS, AY","    0","B,,S",,,"   47",",,S",,,"    4","H,,S"
"AYM00089574","2020-01-05","-69.383","76.383","64.0","PROGRESS, AY","    0","B,,S",,,"    8",",,S","  -40",",,S","   -2","H,,S"
"AYM00089574","2020-01-06","-69.383","76.383","64.0","PROGRESS, AY","    3","B,,S",,,"   25",",,S","   -5",",,S","    8","H,,S"
"AYM00089574","2020-01-07","-69.383","76.383","64.0","PROGRESS, AY","    8","B,,S",,,"   23",",,S","   -7",",,S","   11","H,,S"
"AYM00089574","2020-01-08","-69.383","76.383","64.0","PROGRESS, AY","    0","B,,S",,,"   45",",,S","    2",",,S","   26","H,,S"
"AYM00089574","2020-01-09","-69.383","76.383","64.0","PROGRESS, AY","    0","B,,S",,,"   62",",,S","   20",",,S","   42","H,,S"
"AYM00089574","2020-01-10","-69.383","76.383","64.0","PROGRESS, AY","    0","B,,S",,,"   64",",,S",,,"   32","H,,S"
"AYM00089574","2020-01-12","-69.383","76.383","64.0","PROGRESS, AY","    0","B,,S",,,"   38",",,S",,,"   18","H,,S"
"AYM00089574","2020-01-13","-69.383","76.383","64.0","PROGRESS, AY","    0","B,,S",,,"   14",",,S","   -2",",,S","    3","H,,S"
"AYM00089574","2020-01-14","-69.383","76.383","64.0","PROGRESS, AY","    0","B,,S",,,"   13",",,S","  -21",",,S","   -9","H,,S"
"AYM00089574","2020-01-15","-69.383","76.383","64.0","PROGRESS, AY","    0","B,,S",,,"   41",",,S","  -20",",,S","   13","H,,S"
"AYM00089574","2020-01-16","-69.383","76.383","64.0","PROGRESS, AY","    0","B,,S",,,"   48",",,S","    2",",,S","   22","H,,S"
"AYM00089574","2020-01-17","-69.383","76.383","64.0","PROGRESS, AY","    0","B,,S",,,"   39",",,S","    2",",,S","   18","H,,S"
"AYM00089574","2020-01-18","-69.383","76.383","64.0","PROGRESS, AY","    0","B,,S",,,"   60",",,S","    0",",,S","   23","H,,S"
"AYM00089574","2020-01-19","-69.383","76.383","64.0","PROGRESS, AY","    0","B,,S",,,"   65",",,S","   -1",",,S","   29","H,,S"
"AYM00089574","2020-01-20","-69.383","76.383","64.0","PROGRESS, AY","    0","B,,S",,,"   54",",,S","   17",",,S","   32","H,,S"
"AYM00089574","2020-01-21","-69.383","76.383","64.0","PROGRESS, AY","    0","B,,S",,,"   53",",,S",,,"   27","H,,S"
"AYM00089574","2020-01-22","-69.383","76.383","64.0","PROGRESS, AY","    0","B,,S",,,"   61",",,S","   -7",",,S","   35","H,,S"
"AYM00089574","2020-01-23","-69.383","76.383","64.0","PROGRESS, AY","    0","B,,S",,,"   31",",,S",,,"   16","H,,S"
"AYM00089574","2020-01-24","-69.383","76.383","64.0","PROGRESS, AY","    0","B,,S",,,"   66",",,S","   -4",",,S","   30","H,,S"
"AYM00089574","2020-01-25","-69.383","76.383","64.0","PROGRESS, AY","    0","B,,S",,,"   29",",,S","   -4",",,S","    7","H,,S"
"AYM00089574","2020-01-26","-69.383","76.383","64.0","PROGRESS, AY","    0","B,,S",,,"   14",",,S",,,"   -3","H,,S"
"AYM00089574","2020-01-27","-69.383","76.383","64.0","PROGRESS, AY","    0","B,,S",,,"  -10",",,S","  -43",",,S","  -24","H,,S"
"AYM00089574","2020-01-28","-69.383","76.383","64.0","PROGRESS, AY",,,,,"   13",",,S","  -17",",,S","   -2","H,,S"
"AYM00089574","2020-01-29","-69.383","76.383","64.0","PROGRESS, AY","   28","B,,S",,,"   17",",,S","  -10",",,S","    3","H,,S"
"AYM00089574","2020-01-30","-69.383","76.383","64.0","PROGRESS, AY","    0","B,,S",,,"   42",",,S","   -9",",,S","   17","H,,S"
"AYM00089574","2020-01-31","-69.383","76.383","64.0","PROGRESS, AY",,,,,"   23",",,S","  -14",",,S","    6","H,,S"
"AYM00089574","2020-02-01","-69.383","76.383","64.0","PROGRESS, AY","   36","B,,S",,,"    5",",,S","   -7",",,S","   -2","H,,S"
"AYM00089574","2020-02-02","-69.383","76.383","64.0","PROGRESS, AY","   13","B,,S",,,"    6",",,S",,,"   -3","H,,S"
"AYM00089574","2020-02-03","-69.383","76.383","64.0","PROGRESS, AY","    5","B,,S",,,"    0",",,S",,,"  -20","H,,S"
"AYM00089574","2020-02-04","-69.383","76.383","64.0","PROGRESS, AY","    0","B,,S",,,,,"  -46",",,S","  -14","H,,S"
"AYM00089574","2020-02-05","-69.383","76.383","64.0","PROGRESS, AY","    0","B,,S",,,"   -8",",,S",,,"  -24","H,,S"
"AYM00089574","2020-02-07","-69.383","76.383","64.0","PROGRESS, AY","    0","B,,S",,,"  -20",",,S","  -47",",,S","  -34","H,,S"
"AYM00089574","2020-02-08","-69.383","76.383","64.0","PROGRESS, AY","    0","B,,S",,,"   -4",",,S","  -47",",,S","  -25","H,,S"
"AYM00089574","2020-02-09","-69.383","76.383","64.0","PROGRESS, AY","    0","B,,S",,,"  -15",",,S",,,"  -34","H,,S"
"AYM00089574","2020-02-10","-69.383","76.383","64.0","PROGRESS, AY",,,,,"    8",",,S","  -54",",,S","  -10","H,,S"
"AYM00089574","2020-02-11","-69.383","76.383","64.0","PROGRESS, AY","    3","B,,S",,,"   11",",,S",,,"  -10","H,,S"
"AYM00089574","2020-02-12","-69.383","76.383","64.0","PROGRESS, AY","    0","B,,S",,,"  -21",",,S","  -57",",,S","  -38","H,,S"
"AYM00089574","2020-02-13","-69.383","76.383","64.0","PROGRESS, AY","    0","B,,S",,,"   -3",",,S","  -47",",,S","  -22","H,,S"
"AYM00089574","2020-02-14","-69.383","76.383","64.0","PROGRESS, AY","    0","B,,S",,,"  -13",",,S","  -27",",,S","  -23","H,,S"
"AYM00089574","2020-02-15","-69.383","76.383","64.0","PROGRESS, AY","    0","B,,S",,,"   -8",",,S",,,"  -27","H,,S"
"AYM00089574","2020-02-16","-69.383","76.383","64.0","PROGRESS, AY","    0","B,,S",,,"  -29",",,S","  -63",",,S","  -49","H,,S"
"AYM00089574","2020-02-17","-69.383","76.383","64.0","PROGRESS, AY","    0","B,,S",,,"  -27",",,S","  -63",",,S","  -47","H,,S"
"AYM00089574","2020-02-18","-69.383","76.383","64.0","PROGRESS, AY","    0","B,,S",,,"    5",",,S","  -62",",,S","  -24","H,,S"
"AYM00089574","2020-02-19","-69.383","76.383","64.0","PROGRESS, AY","    0","B,,S",,,"   27",",,S","  -33",",,S","   10","H,,S"
"AYM00089574","2020-02-20","-69.383","76.383","64.0","PROGRESS, AY",,,,,"   30",",,S","   -7",",,S","   14","H,,S"
"AYM00089574","2020-02-21","-69.383","76.383","64.0","PROGRESS, AY","    0","B,,S",,,"    1",",,S",,,"  -21","H,,S"
"AYM00089574","2020-02-22","-69.383","76.383","64.0","PROGRESS, AY","    0","B,,S",,,"   -8",",,S","  -54",",,S","  -39","H,,S"
"AYM00089574","2020-02-23","-69.383","76.383","64.0","PROGRESS, AY","    0","B,,S",,,"  -33",",,S","  -74",",,S","  -57","H,,S"
"AYM00089574","2020-02-24","-69.383","76.383","64.0","PROGRESS, AY","    0","B,,S",,,"  -50",",,S","  -70",",,S","  -59","H,,S"
"AYM00089574","2020-02-25","-69.383","76.383","64.0","PROGRESS, AY","    0","B,,S",,,"  -43",",,S","  -86",",,S","  -68","H,,S"
"AYM00089574","2020-02-27","-69.383","76.383","64.0","PROGRESS, AY","    0","B,,S",,,"  -42",",,S"," -101",",,S","  -66","H,,S"
"AYM00089574","2020-02-28","-69.383","76.383","64.0","PROGRESS, AY","    0","B,,S",,,,,"  -73",",,S","  -45","H,,S"
"AYM00089574","2020-02-29","-69.383","76.383","64.0","PROGRESS, AY","   10","B,,S",,,"   10",",,S",,,"  -22","H,,S"
"AYM00089574","2020-03-01","-69.383","76.383","64.0","PROGRESS, AY","   10","B,,S",,,"  -20",",,S","  -61",",,S","  -34","H,,S"
"AYM00089574","2020-03-02","-69.383","76.383","64.0","PROGRESS, AY","   10","B,,S",,,"   -3",",,S","  -32",",,S","  -18","H,,S"
"AYM00089574","2020-03-03","-69.383","76.383","64.0","PROGRESS, AY","    5","B,,S",,,"   -8",",,S",,,"  -19","H,,S"
"AYM00089574","2020-03-04","-69.383","76.383","64.0","PROGRESS, AY","   20","B,,S",,,,,,,"  -49","H,,S"
"AYM00089574","2020-03-05","-69.383","76.383","64.0","PROGRESS, AY","    0","B,,S",,,,,"  -81",",,S","  -69","H,,S"
"AYM00089574","2020-03-07","-69.383","76.383","64.0","PROGRESS, AY","    0","B,,S",,,"  -73",",,S"," -118",",,S","  -90","H,,S"
"AYM00089574","2020-03-08","-69.383","76.383","64.0","PROGRESS, AY","    0","B,,S",,,"  -55",",,S","  -90",",,S","  -66","H,,S"
"AYM00089574","2020-03-09","-69.383","76.383","64.0","PROGRESS, AY","    0","B,,S",,,"  -50",",,S",,,"  -69","H,,S"
"AYM00089574","2020-03-10","-69.383","76.383","64.0","PROGRESS, AY","   10","B,,S",,,"  -80",",,S"," -115",",,S","  -96","H,,S"
"AYM00089574","2020-03-12","-69.383","76.383","64.0","PROGRESS, AY","   20","B,,S",,,,," -129",",,S"," -108","H,,S"
"AYM00089574","2020-03-13","-69.383","76.383","64.0","PROGRESS, AY",,,,,,," -139",",,S"," -128","H,,S"
"AYM00089574","2020-03-15","-69.383","76.383","64.0","PROGRESS, AY","    0","B,,S",,," -108",",,S",,," -128","H,,S"
"AYM00089574","2020-03-16","-69.383","76.383","64.0","PROGRESS, AY","    0","B,,S",,,"  -74",",,S"," -151",",,S"," -101","H,,S"
"AYM00089574","2020-03-17","-69.383","76.383","64.0","PROGRESS, AY","    0","B,,S",,,,,,," -136","H,,S"
"AYM00089574","2020-03-18","-69.383","76.383","64.0","PROGRESS, AY","    0","B,,S",,," -127",",,S"," -205",",,S"," -146","H,,S"
"AYM00089574","2020-03-19","-69.383","76.383","64.0","PROGRESS, AY","    0","B,,S",,,,,,," -167","H,,S"
"AYM00089574","2020-03-20","-69.383","76.383","64.0","PROGRESS, AY","   30","B,,S",,,,,,," -191","H,,S"
"AYM00089574","2020-03-21","-69.383","76.383","64.0","PROGRESS, AY","    0","B,,S",,,,," -216",",,S"," -195","H,,S"
"AYM00089574","2020-03-22","-69.383","76.383","64.0","PROGRESS, AY","    0","B,,S",,,,," -215",",,S"," -156","H,,S"
"AYM00089574","2020-03-23","-69.383","76.383","64.0","PROGRESS, AY","   71","B,,S",,,,,,," -118","H,,S"
"AYM00089574","2020-03-24","-69.383","76.383","64.0","PROGRESS, AY","    5","B,,S",,,,," -207",",,S"," -166","H,,S"
"AYM00089574","2020-03-25","-69.383","76.383","64.0","PROGRESS, AY","    0","B,,S",,,,," -135",",,S"," -111","H,,S"
"AYM00089574","2020-03-26","-69.383","76.383","64.0","PROGRESS, AY","    0","B,,S",,," -130",",,S"," -151",",,S"," -143","H,,S"
"AYM00089574","2020-03-27","-69.383","76.383","64.0","PROGRESS, AY","    0","B,,S",,,"  -85",",,S",,," -131","H,,S"
"AYM00089574","2020-03-28","-69.383","76.383","64.0","PROGRESS, AY","    0","B,,S",,," -131",",,S"," -172",",,S"," -151","H,,S"
"AYM00089574","2020-03-30","-69.383","76.383","64.0","PROGRESS, AY","    0","B,,S",,,,," -152",",,S","  -97","H,,S"
"AYM00089574","2020-03-31","-69.383","76.383","64.0","PROGRESS, AY","    0","B,,S",,,,,"  -89",",,S","  -66","H,,S"
"AYM00089574","2020-04-01","-69.383","76.383","64.0","PROGRESS, AY","    0","B,,S",,,"  -68",",,S","  -97",",,S","  -82","H,,S"
"AYM00089574","2020-04-02","-69.383","76.383","64.0","PROGRESS, AY","    0","B,,S",,,"  -82",",,S"," -107",",,S","  -93","H,,S"
"AYM00089574","2020-04-03","-69.383","76.383","64.0","PROGRESS, AY","   30","B,,S",,,"  -80",",,S","  -97",",,S","  -87","H,,S"
"AYM00089574","2020-04-04","-69.383","76.383","64.0","PROGRESS, AY","   41","B,,S",,,,,,," -106","H,,S"
"AYM00089574","2020-04-05","-69.383","76.383","64.0","PROGRESS, AY","   20","B,,S",,,"  -27",",,S",,," -131","H,,S"
"AYM00089574","2020-04-06","-69.383","76.383","64.0","PROGRESS, AY","    0","B,,S",,,,," -170",",,S"," -148","H,,S"
"AYM00089574","2020-04-08","-69.383","76.383","64.0","PROGRESS, AY","    5","B,,S",,,"  -96",",,S"," -165",",,S"," -116","H,,S"
"AYM00089574","2020-04-09","-69.383","76.383","64.0","PROGRESS, AY","    0","B,,S",,," -104",",,S",,," -126","H,,S"
"AYM00089574","2020-04-10","-69.383","76.383","64.0","PROGRESS, AY","    0","B,,S",,," -121",",,S"," -159",",,S"," -147","H,,S"
"AYM00089574","2020-04-11","-69.383","76.383","64.0","PROGRESS, AY","    5","B,,S",,," -138",",,S",,," -153","H,,S"
"AYM00089574","2020-04-12","-69.383","76.383","64.0","PROGRESS, AY","   23","B,,S",,," -121",",,S"," -185",",,S"," -144","H,,S"
"AYM00089574","2020-04-13","-69.383","76.383","64.0","PROGRESS, AY","    0","B,,S",,," -121",",,S"," -173",",,S"," -144","H,,S"
"AYM00089574","2020-04-14","-69.383","76.383","64.0","PROGRESS, AY","    0","B,,S",,,,," -154",",,S"," -106","H,,S"
"AYM00089574","2020-04-15","-69.383","76.383","64.0","PROGRESS, AY","    0","B,,S",,,"  -62",",,S","  -93",",,S","  -72","H,,S"
"AYM00089574","2020-04-16","-69.383","76.383","64.0","PROGRESS, AY","    0","B,,S",,,"  -52",",,S","  -75",",,S","  -68","H,,S"
"AYM00089574","2020-04-17","-69.383","76.383","64.0","PROGRESS, AY","    0","B,,S",,,"  -55",",,S","  -87",",,S","  -68","H,,S"
"AYM00089574","2020-04-18","-69.383","76.383","64.0","PROGRESS, AY","    0","B,,S",,,"  -50",",,S","  -73",",,S","  -62","H,,S"
"AYM00089574","2020-04-19","-69.383","76.383","64.0","PROGRESS, AY","    0","B,,S",,,"  -53",",,S","  -81",",,S","  -62","H,,S"
"AYM00089574","2020-04-20","-69.383","76.383","64.0","PROGRESS, AY","    0","B,,S",,,,,,,"  -84","H,,S"
"AYM00089574","2020-04-21","-69.383","76.383","64.0","PROGRESS, AY","    0","B,,S",,," -108",",,S",,," -117","H,,S"
"AYM00089574","2020-04-22","-69.383","76.383","64.0","PROGRESS, AY","    0","B,,S",,,,," -127",",,S"," -100","H,,S"
"AYM00089574","2020-04-23","-69.383","76.383","64.0","PROGRESS, AY",,,,,"  -42",",,S","  -83",",,S","  -63","H,,S"
"AYM00089574","2020-04-24","-69.383","76.383","64.0","PROGRESS, AY","   20","B,,S",,,"  -71",",,S",,,"  -79","H,,S"
"AYM00089574","2020-04-25","-69.383","76.383","64.0","PROGRESS, AY","  119","B,,S",,,,,,," -111","H,,S"
"AYM00089574","2020-04-26","-69.383","76.383","64.0","PROGRESS, AY","   89","B,,S",,,,,,," -176","H,,S"
"AYM00089574","2020-04-27","-69.383","76.383","64.0","PROGRESS, AY","    0","B,,S",,,,," -224",",,S"," -198","H,,S"
"AYM00089574","2020-04-28","-69.383","76.383","64.0","PROGRESS, AY","    0","B,,S",,," -137",",,S"," -208",",,S"," -166","H,,S"
"AYM00089574","2020-04-29","-69.383","76.383","64.0","PROGRESS, AY","    0","B,,S",,,,," -153",",,S","  -88","H,,S"
"AYM00089574","2020-04-30","-69.383","76.383","64.0","PROGRESS, AY","   51","B,,S",,,,,,,"  -53","H,,S"
"AYM00089574","2020-05-01","-69.383","76.383","64.0","PROGRESS, AY","   61","B,,S",,,,,,,"  -98","H,,S"
"AYM00089574","2020-05-02","-69.383","76.383","64.0","PROGRESS, AY",,,,,,," -127",",,S","  -95","H,,S"
"AYM00089574","2020-05-04","-69.383","76.383","64.0","PROGRESS, AY",,,,,,,,,"  -71","H,,S"
"AYM00089574","2020-05-05","-69.383","76.383","64.0","PROGRESS, AY","    0","B,,S",,,,,,,"  -76","H,,S"
"AYM00089574","2020-05-06","-69.383","76.383","64.0","PROGRESS, AY","    0","B,,S",,,"  -79",",,S",,,"  -87","H,,S"
"AYM00089574","2020-05-07","-69.383","76.383","64.0","PROGRESS, AY","    0","B,,S",,," -128",",,S",,," -135","H,,S"
"AYM00089574","2020-05-08","-69.383","76.383","64.0","PROGRESS, AY","    0","B,,S",,,,," -138",",,S","  -86","H,,S"
"AYM00089574","2020-05-09","-69.383","76.383","64.0","PROGRESS, AY","   71","B,,S",,,,,,,"  -78","H,,S"
"AYM00089574","2020-05-10","-69.383","76.383","64.0","PROGRESS, AY","   41","B,,S",,,"  -95",",,S",,," -103","H,,S"
"AYM00089574","2020-05-11","-69.383","76.383","64.0","PROGRESS, AY","   10","B,,S",,,"  -37",",,S"," -102",",,S","  -45","H,,S"
"AYM00089574","2020-05-12","-69.383","76.383","64.0","PROGRESS, AY","    0","B,,S",,,,,,,"  -46","H,,S"
"AYM00089574","2020-05-13","-69.383","76.383","64.0","PROGRESS, AY","    0","B,,S",,,"  -64",",,S",,,"  -73","H,,S"
"AYM00089574","2020-05-14","-69.383","76.383","64.0","PROGRESS, AY","    0","B,,S",,,,,,," -102","H,,S"
"AYM00089574","2020-05-15","-69.383","76.383","64.0","PROGRESS, AY","    0","B,,S",,," -115",",,S",,," -133","H,,S"
"AYM00089574","2020-05-16","-69.383","76.383","64.0","PROGRESS, AY","    0","B,,S",,,,,,," -197","H,,S"
"AYM00089574","2020-05-17","-69.383","76.383","64.0","PROGRESS, AY","    0","B,,S",,,,," -220",",,S"," -208","H,,S"
"AYM00089574","2020-05-18","-69.383","76.383","64.0","PROGRESS, AY",,,,,,,,," -231","H,,S"
"AYM00089574","2020-05-19","-69.383","76.383","64.0","PROGRESS, AY","    0","B,,S",,,,," -225",",,S"," -128","H,,S"
"AYM00089574","2020-05-20","-69.383","76.383","64.0","PROGRESS, AY","   79","B,,S",,,,,"  -89",",,S","  -83","H,,S"
"AYM00089574","2020-05-21","-69.383","76.383","64.0","PROGRESS, AY","   99","B,,S",,,,,,,"  -84","H,,S"
"AYM00089574","2020-05-22","-69.383","76.383","64.0","PROGRESS, AY","   30","B,,S",,,,,,," -106","H,,S"
"AYM00089574","2020-05-23","-69.383","76.383","64.0","PROGRESS, AY","    0","B,,S",,,"  -95",",,S",,," -109","H,,S"
"AYM00089574","2020-05-24","-69.383","76.383","64.0","PROGRESS, AY","    0","B,,S",,," -134",",,S",,," -142","H,,S"
"AYM00089574","2020-05-25","-69.383","76.383","64.0","PROGRESS, AY","    0","B,,S",,," -140",",,S",,," -158","H,,S"
"AYM00089574","2020-05-26","-69.383","76.383","64.0","PROGRESS, AY","    0","B,,S",,," -171",",,S",,," -190","H,,S"
"AYM00089574","2020-05-27","-69.383","76.383","64.0","PROGRESS, AY","    0","B,,S",,," -191",",,S"," -218",",,S"," -206","H,,S"
"AYM00089574","2020-05-28","-69.383","76.383","64.0","PROGRESS, AY","    0","B,,S",,," -132",",,S",,," -190","H,,S"
"AYM00089574","2020-05-29","-69.383","76.383","64.0","PROGRESS, AY","    0","B,,S",,," -115",",,S"," -157",",,S"," -129","H,,S"
"AYM00089574","2020-05-30","-69.383","76.383","64.0","PROGRESS, AY","    0","B,,S",,,,,,," -168","H,,S"
"AYM00089574","2020-05-31","-69.383","76.383","64.0","PROGRESS, AY","    3","B,,S",,," -154",",,S"," -178",",,S"," -162","H,,S"
"AYM00089574","2020-06-01","-69.383","76.383","64.0","PROGRESS, AY","   10","B,,S",,,,,,," -159","H,,S"
"AYM00089574","2020-06-02","-69.383","76.383","64.0","PROGRESS, AY","   33","B,,S",,," -145",",,S",,," -172","H,,S"
"AYM00089574","2020-06-04","-69.383","76.383","64.0","PROGRESS, AY","   30","B,,S",,,,,,," -138","H,,S"
"AYM00089574","2020-06-05","-69.383","76.383","64.0","PROGRESS, AY","   41","B,,S",,,"  -52",",,S"," -148",",,S","  -70","H,,S"
"AYM00089574","2020-06-06","-69.383","76.383","64.0","PROGRESS, AY","   51","B,,S",,,"  -54",",,S",,,"  -71","H,,S"
"AYM00089574","2020-06-07","-69.383","76.383","64.0","PROGRESS, AY","   71","B,,S",,,"  -84",",,S","  -89",",,S","  -88","H,,S"
"AYM00089574","2020-06-08","-69.383","76.383","64.0","PROGRESS, AY","   30","B,,S",,,,,"  -95",",,S","  -70","H,,S"
"AYM00089574","2020-06-09","-69.383","76.383","64.0","PROGRESS, AY","   61","B,,S",,,"  -61",",,S",,,"  -83","H,,S"
"AYM00089574","2020-06-10","-69.383","76.383","64.0","PROGRESS, AY","   30","B,,S",,,"  -71",",,S"," -143",",,S"," -109","H,,S"
"AYM00089574","2020-06-11","-69.383","76.383","64.0","PROGRESS, AY","   10","B,,S",,,"  -87",",,S"," -116",",,S","  -99","H,,S"
"AYM00089574","2020-06-12","-69.383","76.383","64.0","PROGRESS, AY","    0","B,,S",,,"  -85",",,S"," -127",",,S"," -101","H,,S"
"AYM00089574","2020-06-13","-69.383","76.383","64.0","PROGRESS, AY","    0","B,,S",,,,,,," -131","H,,S"
"AYM00089574","2020-06-14","-69.383","76.383","64.0","PROGRESS, AY","    0","B,,S",,,,,,," -203","H,,S"
"AYM00089574","2020-06-15","-69.383","76.383","64.0","PROGRESS, AY","    0","B,,S",,,,,,," -288","H,,S"
"AYM00089574","2020-06-16","-69.383","76.383","64.0","PROGRESS, AY","    0","B,,S",,," -167",",,S"," -300",",,S"," -198","H,,S"
"AYM00089574","2020-06-17","-69.383","76.383","64.0","PROGRESS, AY","    0","B,,S",,,,,,," -208","H,,S"
"AYM00089574","2020-06-18","-69.383","76.383","64.0","PROGRESS, AY","    0","B,,S",,," -180",",,S"," -237",",,S"," -201","H,,S"
"AYM00089574","2020-06-19","-69.383","76.383","64.0","PROGRESS, AY","   10","B,,S",,,,,,," -191","H,,S"
"AYM00089574","2020-06-20","-69.383","76.383","64.0","PROGRESS, AY","   51","B,,S",,,,," -185",",,S"," -140","H,,S"
"AYM00089574","2020-06-21","-69.383","76.383","64.0","PROGRESS, AY","    0","B,,S",,,"  -49",",,S"," -113",",,S","  -64","H,,S"
"AYM00089574","2020-06-22","-69.383","76.383","64.0","PROGRESS, AY","    0","B,,S",,,,,,,"  -88","H,,S"
"AYM00089574","2020-06-23","-69.383","76.383","64.0","PROGRESS, AY",,,,,,," -219",",,S"," -113","H,,S"
"AYM00089574","2020-06-24","-69.383","76.383","64.0","PROGRESS, AY","    0","B,,S",,,"  -91",",,S"," -127",",,S","  -96","H,,S"
"AYM00089574","2020-06-25","-69.383","76.383","64.0","PROGRESS, AY","    0","B,,S",,,,," -110",",,S","  -76","H,,S"
"AYM00089574","2020-06-26","-69.383","76.383","64.0","PROGRESS, AY","    0","B,,S",,,,,,,"  -77","H,,S"
"AYM00089574","2020-06-27","-69.383","76.383","64.0","PROGRESS, AY","    0","B,,S",,,,,,," -149","H,,S"
"AYM00089574","2020-06-28","-69.383","76.383","64.0","PROGRESS, AY","   30","B,,S",,,,," -163",",,S"," -113","H,,S"
"AYM00089574","2020-06-29","-69.383","76.383","64.0","PROGRESS, AY","   10","B,,S",,,,,,," -112","H,,S"
"AYM00089574","2020-06-30","-69.383","76.383","64.0","PROGRESS, AY","    0","B,,S",,," -125",",,S",,," -136","H,,S"
"AYM00089574","2020-07-01","-69.383","76.383","64.0","PROGRESS, AY","    0","B,,S",,," -134",",,S"," -182",",,S"," -153","H,,S"
"AYM00089574","2020-07-02","-69.383","76.383","64.0","PROGRESS, AY","    0","B,,S",,,,,,," -174","H,,S"
"AYM00089574","2020-07-03","-69.383","76.383","64.0","PROGRESS, AY","    0","B,,S",,," -189",",,S",,," -218","H,,S"
"AYM00089574","2020-07-04","-69.383","76.383","64.0","PROGRESS, AY","    0","B,,S",,," -245",",,S"," -308",",,S"," -270","H,,S"
"AYM00089574","2020-07-05","-69.383","76.383","64.0","PROGRESS, AY","    0","B,,S",,," -164",",,S"," -277",",,S"," -192","H,,S"
"AYM00089574","2020-07-06","-69.383","76.383","64.0","PROGRESS, AY","    0","B,,S",,,,,,," -243","H,,S"
"AYM00089574","2020-07-07","-69.383","76.383","64.0","PROGRESS, AY","    0","B,,S",,,,," -267",",,S"," -193","H,,S"
"AYM00089574","2020-07-08","-69.383","76.383","64.0","PROGRESS, AY","    0","B,,S",,," -120",",,S"," -157",",,S"," -127","H,,S"
"AYM00089574","2020-07-09","-69.383","76.383","64.0","PROGRESS, AY","    0","B,,S",,,,," -163",",,S"," -113","H,,S"
"AYM00089574","2020-07-10","-69.383","76.383","64.0","PROGRESS, AY","   61","B,,S",,,"  -30",",,S","  -59",",,S","  -39","H,,S"
"AYM00089574","2020-07-11","-69.383","76.383","64.0","PROGRESS, AY","   51","B,,S",,,,,,,"  -64","H,,S"
"AYM00089574","2020-07-12","-69.383","76.383","64.0","PROGRESS, AY","    0","B,,S",,,"  -77",",,S",,," -102","H,,S"
"AYM00089574","2020-07-13","-69.383","76.383","64.0","PROGRESS, AY","    0","B,,S",,,,,,," -137","H,,S"
"AYM00089574","2020-07-14","-69.383","76.383","64.0","PROGRESS, AY","    0","B,,S",,," -121",",I,S"," -159",",,S"," -128","H,,S"
"AYM00089574","2020-07-15","-69.383","76.383","64.0","PROGRESS, AY","   20","B,,S",,,"  -53",",,S","  -86",",I,S","  -68","H,,S"
"AYM00089574","2020-07-16","-69.383","76.383","64.0","PROGRESS, AY","   41","B,,S",,,"  -18",",,S","  -54",",,S","  -35","H,,S"
"AYM00089574","2020-07-17","-69.383","76.383","64.0","PROGRESS, AY","   30","B,,S",,,,,,,"  -89","H,,S"
"AYM00089574","2020-07-18","-69.383","76.383","64.0","PROGRESS, AY","    0","B,,S",,,"  -48",",,S","  -84",",,S","  -67","H,,S"
"AYM00089574","2020-07-19","-69.383","76.383","64.0","PROGRESS, AY",,,,,,,,,"  -72","H,,S"
"AYM00089574","2020-07-20","-69.383","76.383","64.0","PROGRESS, AY","    0","B,,S",,,"  -44",",,S"," -103",",,S","  -72","H,,S"
"AYM00089574","2020-07-21","-69.383","76.383","64.0","PROGRESS, AY","    0","B,,S",,,,,,,"  -94","H,,S"
"AYM00089574","2020-07-22","-69.383","76.383","64.0","PROGRESS, AY","   30","B,,S",,,,,"  -78",",,S","  -57","H,,S"
"AYM00089574","2020-07-23","-69.383","76.383","64.0","PROGRESS, AY","    0","B,,S",,,,,,,"  -79","H,,S"
"AYM00089574","2020-07-24","-69.383","76.383","64.0","PROGRESS, AY","    0","B,,S",,,,,,," -116","H,,S"
"AYM00089574","2020-07-25","-69.383","76.383","64.0","PROGRESS, AY",,,,," -115",",,S"," -154",",,S"," -124","H,,S"
"AYM00089574","2020-07-28","-69.383","76.383","64.0","PROGRESS, AY","   10","B,,S",,,,,,," -256","H,,S"
"AYM00089574","2020-07-29","-69.383","76.383","64.0","PROGRESS, AY","    0","B,,S",,," -244",",,S"," -321",",,S"," -278","H,,S"
"AYM00089574","2020-07-30","-69.383","76.383","64.0","PROGRESS, AY","    0","B,,S",,,,," -235",",,S"," -181","H,,S"
"AYM00089574","2020-07-31","-69.383","76.383","64.0","PROGRESS, AY","   30","B,,S",,,"  -97",",,S"," -144",",,S"," -110","H,,S"
"AYM00089574","2020-08-01","-69.383","76.383","64.0","PROGRESS, AY","   71","B,,S",,,"  -56",",,S"," -100",",,S","  -67","H,,S"
"AYM00089574","2020-08-02","-69.383","76.383","64.0","PROGRESS, AY","   61","B,,S",,,"  -88",",,S",,,"  -97","H,,S"
"AYM00089574","2020-08-03","-69.383","76.383","64.0","PROGRESS, AY","   30","B,,S",,,,," -131",",,S"," -120","H,,S"
"AYM00089574","2020-08-04","-69.383","76.383","64.0","PROGRESS, AY",,,,,"  -80",",,S",,," -118","H,,S"
"AYM00089574","2020-08-05","-69.383","76.383","64.0","PROGRESS, AY","   30","B,,S",,,,," -150",",,S"," -117","H,,S"
"AYM00089574","2020-08-06","-69.383","76.383","64.0","PROGRESS, AY","   10","B,,S",,,,,,," -196","H,,S"
"AYM00089574","2020-08-07","-69.383","76.383","64.0","PROGRESS, AY","    0","B,,S",,,,," -250",",,S"," -123","H,,S"
"AYM00089574","2020-08-08","-69.383","76.383","64.0","PROGRESS, AY","    0","B,,S",,,"  -91",",,S",,," -101","H,,S"
"AYM00089574","2020-08-09","-69.383","76.383","64.0","PROGRESS, AY","    0","B,,S",,,"  -80",",,S",,," -108","H,,S"
"AYM00089574","2020-08-10","-69.383","76.383","64.0","PROGRESS, AY","    0","B,,S",,,,,,," -186","H,,S"
"AYM00089574","2020-08-11","-69.383","76.383","64.0","PROGRESS, AY","    8","B,,S",,,"  -65",",,S"," -205",",,S","  -93","H,,S"
"AYM00089574","2020-08-12","-69.383","76.383","64.0","PROGRESS, AY","    0","B,,S",,,,,,," -102","H,,S"
"AYM00089574","2020-08-13","-69.383","76.383","64.0","PROGRESS, AY","    0","B,,S",,," -115",",,S"," -130",",,S"," -123","H,,S"
"AYM00089574","2020-08-14","-69.383","76.383","64.0","PROGRESS, AY","    0","B,,S",,,,,,," -191","H,,S"
"AYM00089574","2020-08-15","-69.383","76.383","64.0","PROGRESS, AY","    0","B,,S",,," -143",",,S"," -217",",,S"," -161","H,,S"
"AYM00089574","2020-08-16","-69.383","76.383","64.0","PROGRESS, AY","   20","B,,S",,,"  -53",",,S"," -147",",,S","  -76","H,,S"
"AYM00089574","2020-08-17","-69.383","76.383","64.0","PROGRESS, AY","   61","B,,S",,,,,"  -77",",,S","  -56","H,,S"
"AYM00089574","2020-08-18","-69.383","76.383","64.0","PROGRESS, AY","    0","B,,S",,,,,,,"  -55","H,,S"
"AYM00089574","2020-08-19","-69.383","76.383","64.0","PROGRESS, AY","    0","B,,S",,,"  -55",",,S","  -95",",,S","  -74","H,,S"
"AYM00089574","2020-08-20","-69.383","76.383","64.0","PROGRESS, AY","    5","B,,S",,,"  -60",",,S",,,"  -72","H,,S"
"AYM00089574","2020-08-21","-69.383","76.383","64.0","PROGRESS, AY","   20","B,,S",,,,,,," -152","H,,S"
"AYM00089574","2020-08-22","-69.383","76.383","64.0","PROGRESS, AY","   10","B,,S",,," -258",",,S",,," -303","H,,S"
"AYM00089574","2020-08-23","-69.383","76.383","64.0","PROGRESS, AY","   10","B,,S",,," -135",",,S",,," -159","H,,S"
"AYM00089574","2020-08-24","-69.383","76.383","64.0","PROGRESS, AY",,,,,,,,," -203","H,,S"
"AYM00089574","2020-08-25","-69.383","76.383","64.0","PROGRESS, AY","    0","B,,S",,,,," -237",",,S"," -198","H,,S"
"AYM00089574","2020-08-26","-69.383","76.383","64.0","PROGRESS, AY",,,,,,,,," -135","H,,S"
"AYM00089574","2020-08-27","-69.383","76.383","64.0","PROGRESS, AY","    0","B,,S",,,,,,," -164","H,,S"
"AYM00089574","2020-08-28","-69.383","76.383","64.0","PROGRESS, AY","    0","B,,S",,," -158",",,S"," -190",",,S"," -173","H,,S"
"AYM00089574","2020-08-29","-69.383","76.383","64.0","PROGRESS, AY","    0","B,,S",,,,," -202",",,S"," -173","H,,S"
"AYM00089574","2020-08-30","-69.383","76.383","64.0","PROGRESS, AY","   30","B,,S",,,"  -67",",,S"," -175",",,S","  -89","H,,S"
"AYM00089574","2020-08-31","-69.383","76.383","64.0","PROGRESS, AY","   41","B,,S",,,,,,," -107","H,,S"
"AYM00089574","2020-09-01","-69.383","76.383","64.0","PROGRESS, AY","    0","B,,S",,," -145",",,S",,," -155","H,,S"
"AYM00089574","2020-09-02","-69.383","76.383","64.0","PROGRESS, AY","    0","B,,S",,," -165",",,S"," -189",",,S"," -177","H,,S"
"AYM00089574","2020-09-03","-69.383","76.383","64.0","PROGRESS, AY","    5","B,,S",,,,," -190",",,S"," -112","H,,S"
"AYM00089574","2020-09-04","-69.383","76.383","64.0","PROGRESS, AY","    0","B,,S",,,"  -68",",,S",,,"  -95","H,,S"
"AYM00089574","2020-09-05","-69.383","76.383","64.0","PROGRESS, AY","    0","B,,S",,," -137",",,S",,," -151","H,,S"
"AYM00089574","2020-09-06","-69.383","76.383","64.0","PROGRESS, AY","    0","B,,S",,," -178",",,S",,," -189","H,,S"
"AYM00089574","2020-09-07","-69.383","76.383","64.0","PROGRESS, AY","    0","B,,S",,," -191",",,S",,," -209","H,,S"
"AYM00089574","2020-09-08","-69.383","76.383","64.0","PROGRESS, AY","    0","B,,S",,," -196",",,S",,," -224","H,,S"
"AYM00089574","2020-09-09","-69.383","76.383","64.0","PROGRESS, AY","    0","B,,S",,," -110",",,S"," -250",",,S"," -137","H,,S"
"AYM00089574","2020-09-10","-69.383","76.383","64.0","PROGRESS, AY","    0","B,,S",,," -100",",,S"," -145",",,S"," -120","H,,S"
"AYM00089574","2020-09-11","-69.383","76.383","64.0","PROGRESS, AY","    0","B,,S",,,"  -60",",,S"," -121",",,S","  -87","H,,S"
"AYM00089574","2020-09-12","-69.383","76.383","64.0","PROGRESS, AY","   10","B,,S",,,"  -52",",,S"," -125",",,S","  -66","H,,S"
"AYM00089574","2020-09-13","-69.383","76.383","64.0","PROGRESS, AY","   20","B,,S",,,,,,,"  -99","H,,S"
"AYM00089574","2020-09-14","-69.383","76.383","64.0","PROGRESS, AY","    8","B,,S",,,,,,," -166","H,,S"
"AYM00089574","2020-09-15","-69.383","76.383","64.0","PROGRESS, AY","    0","B,,S",,,"  -84",",,S"," -204",",,S"," -126","H,,S"
"AYM00089574","2020-09-16","-69.383","76.383","64.0","PROGRESS, AY","   10","B,,S",,,"  -91",",,S",,," -105","H,,S"
"AYM00089574","2020-09-17","-69.383","76.383","64.0","PROGRESS, AY","    0","B,,S",,," -112",",,S"," -124",",,S"," -118","H,,S"
"AYM00089574","2020-09-18","-69.383","76.383","64.0","PROGRESS, AY","    0","B,,S",,,,,,," -161","H,,S"
"AYM00089574","2020-09-19","-69.383","76.383","64.0","PROGRESS, AY",,,,,,," -195",",,S"," -136","H,,S"
"AYM00089574","2020-09-22","-69.383","76.383","64.0","PROGRESS, AY","    0","B,,S",,,,,"  -77",",,S","  -65","H,,S"
"AYM00089574","2020-09-23","-69.383","76.383","64.0","PROGRESS, AY","    0","B,,S",,,"  -13",",,S","  -78",",,S","  -28","H,,S"
"AYM00089574","2020-09-24","-69.383","76.383","64.0","PROGRESS, AY","   51","B,,S",,,,,,,"  -69","H,,S"
"AYM00089574","2020-09-25","-69.383","76.383","64.0","PROGRESS, AY","   20","B,,S",,,"  -62",",,S",,,"  -90","H,,S"
"AYM00089574","2020-09-26","-69.383","76.383","64.0","PROGRESS, AY","    0","B,,S",,,"  -87",",,S",,," -103","H,,S"
"AYM00089574","2020-09-27","-69.383","76.383","64.0","PROGRESS, AY","    0","B,,S",,,"  -33",",,S",,," -113","H,,S"
"AYM00089574","2020-09-28","-69.383","76.383","64.0","PROGRESS, AY","    5","B,,S",,,"  -35",",,S"," -140",",,S","  -56","H,,S"
"AYM00089574","2020-09-29","-69.383","76.383","64.0","PROGRESS, AY","  130","B,,S",,,"  -45",",,S",,,"  -54","H,,S"
"AYM00089574","2020-09-30","-69.383","76.383","64.0","PROGRESS, AY","   30","B,,S",,,,,,," -113","H,,S"
"AYM00089574","2020-10-01","-69.383","76.383","64.0","PROGRESS, AY","    0","B,,S",,," -100",",,S",,," -141","H,,S"
"AYM00089574","2020-10-02","-69.383","76.383","64.0","PROGRESS, AY","    0","B,,S",,,,,,," -190","H,,S"
"AYM00089574","2020-10-03","-69.383","76.383","64.0","PROGRESS, AY","    0","B,,S",,," -187",",,S"," -299",",,S"," -225","H,,S"
"AYM00089574","2020-10-04","-69.383","76.383","64.0","PROGRESS, AY","    0","B,,S",,,"  -67",",,S"," -186",",,S"," -125","H,,S"
"AYM00089574","2020-10-05","-69.383","76.383","64.0","PROGRESS, AY","    0","B,,S",,,"  -40",",,S"," -134",",,S"," -108","H,,S"
"AYM00089574","2020-10-06","-69.383","76.383","64.0","PROGRESS, AY","    0","B,,S",,,"  -76",",,S"," -127",",,S","  -91","H,,S"
"AYM00089574","2020-10-07","-69.383","76.383","64.0","PROGRESS, AY","    0","B,,S",,,"  -77",",,S",,," -101","H,,S"
"AYM00089574","2020-10-08","-69.383","76.383","64.0","PROGRESS, AY","    0","B,,S",,,"  -97",",,S"," -137",",,S"," -121","H,,S"
"AYM00089574","2020-10-09","-69.383","76.383","64.0","PROGRESS, AY",,,,,,," -147",",,S"," -134","H,,S"
"AYM00089574","2020-10-10","-69.383","76.383","64.0","PROGRESS, AY",,,,,"  -82",",,S",,," -161","H,,S"
"AYM00089574","2020-10-12","-69.383","76.383","64.0","PROGRESS, AY","   41","B,,S",,,,,,," -153","H,,S"
"AYM00089574","2020-10-14","-69.383","76.383","64.0","PROGRESS, AY","    0","B,,S",,,"  -73",",,S"," -113",",,S","  -87","H,,S"
"AYM00089574","2020-10-15","-69.383","76.383","64.0","PROGRESS, AY","   30","B,,S",,,"  -80",",,S",,,"  -96","H,,S"
"AYM00089574","2020-10-16","-69.383","76.383","64.0","PROGRESS, AY","   20","B,,S",,,"  -65",",,S"," -121",",,S","  -81","H,,S"
"AYM00089574","2020-10-17","-69.383","76.383","64.0","PROGRESS, AY","   41","B,,S",,,"  -59",",,S",,,"  -70","H,,S"
"AYM00089574","2020-10-18","-69.383","76.383","64.0","PROGRESS, AY","   61","B,,S",,,,,,,"  -86","H,,S"
"AYM00089574","2020-10-19","-69.383","76.383","64.0","PROGRESS, AY","    0","B,,S",,,"  -68",",,S","  -96",",,S","  -74","H,,S"
"AYM00089574","2020-10-20","-69.383","76.383","64.0","PROGRESS, AY","   10","B,,S",,,"  -47",",,S",,,"  -80","H,,S"
"AYM00089574","2020-10-21","-69.383","76.383","64.0","PROGRESS, AY","    3","B,,S",,," -114",",,S",,," -142","H,,S"
"AYM00089574","2020-10-22","-69.383","76.383","64.0","PROGRESS, AY","   30","B,,S",,,"  -57",",,S"," -179",",,S","  -86","H,,S"
"AYM00089574","2020-10-23","-69.383","76.383","64.0","PROGRESS, AY","   51","B,,S",,,"  -33",",,S","  -67",",,S","  -48","H,,S"
"AYM00089574","2020-10-24","-69.383","76.383","64.0","PROGRESS, AY","   18","B,,S",,,"  -29",",,S","  -58",",,S","  -37","H,,S"
"AYM00089574","2020-10-25","-69.383","76.383","64.0","PROGRESS, AY","   10","B,,S",,,"  -28",",,S",,,"  -47","H,,S"
"AYM00089574","2020-10-26","-69.383","76.383","64.0","PROGRESS, AY","    0","B,,S",,,"  -34",",,S",,,"  -63","H,,S"
"AYM00089574","2020-10-27","-69.383","76.383","64.0","PROGRESS, AY","    0","B,,S",,,"  -55",",,S"," -116",",,S","  -84","H,,S"
"AYM00089574","2020-10-28","-69.383","76.383","64.0","PROGRESS, AY","    0","B,,S",,,"  -59",",,S"," -138",",,S"," -103","H,,S"
"AYM00089574","2020-10-29","-69.383","76.383","64.0","PROGRESS, AY","    0","B,,S",,," -115",",,S"," -186",",,S"," -140","H,,S"
"AYM00089574","2020-10-30","-69.383","76.383","64.0","PROGRESS, AY","    0","B,,S",,,"  -85",",,S"," -162",",,S"," -117","H,,S"
"AYM00089574","2020-10-31","-69.383","76.383","64.0","PROGRESS, AY","    0","B,,S",,,"  -31",",,S"," -143",",,S","  -73","H,,S"
"AYM00089574","2020-11-01","-69.383","76.383","64.0","PROGRESS, AY","    0","B,,S",,,"  -24",",,S",,,"  -63","H,,S"
"AYM00089574","2020-11-02","-69.383","76.383","64.0","PROGRESS, AY","    0","B,,S",,,"  -76",",,S"," -113",",,S","  -86","H,,S"
"AYM00089574","2020-11-03","-69.383","76.383","64.0","PROGRESS, AY","    0","B,,S",,,"  -37",",,S","  -96",",,S","  -63","H,,S"
"AYM00089574","2020-11-04","-69.383","76.383","64.0","PROGRESS, AY","    0","B,,S",,,"  -15",",,S",,,"  -62","H,,S"
"AYM00089574","2020-11-05","-69.383","76.383","64.0","PROGRESS, AY","    0","B,,S",,,"  -41",",,S"," -108",",,S","  -86","H,,S"
"AYM00089574","2020-11-06","-69.383","76.383","64.0","PROGRESS, AY","    0","B,,S",,,"  -65",",,S"," -126",",,S"," -101","H,,S"
"AYM00089574","2020-11-07","-69.383","76.383","64.0","PROGRESS, AY","    0","B,,S",,,"  -70",",,S",,,"  -99","H,,S"
"AYM00089574","2020-11-08","-69.383","76.383","64.0","PROGRESS, AY","    0","B,,S",,,,," -130",",,S","  -87","H,,S"
"AYM00089574","2020-11-09","-69.383","76.383","64.0","PROGRESS, AY","    0","B,,S",,,"  -11",",,S","  -86",",,S","  -39","H,,S"
"AYM00089574","2020-11-10","-69.383","76.383","64.0","PROGRESS, AY","   10","B,,S",,,,,"  -57",",,S","  -39","H,,S"
"AYM00089574","2020-11-11","-69.383","76.383","64.0","PROGRESS, AY","   13","B,,S",,,"   -2",",,S","  -36",",,S","  -14","H,,S"
"AYM00089574","2020-11-12","-69.383","76.383","64.0","PROGRESS, AY",,,,,"   45",",,S",,,"   24","H,,S"
"AYM00089574","2020-11-13","-69.383","76.383","64.0","PROGRESS, AY","    5","B,,S",,,,,"  -15",",,S","   33","H,,S"
"AYM00089574","2020-11-14","-69.383","76.383","64.0","PROGRESS, AY","    0","B,,S",,,"   29",",,S","  -16",",,S","    7","H,,S"
"AYM00089574","2020-11-15","-69.383","76.383","64.0","PROGRESS, AY","    0","B,,S",,,,,"  -44",",,S","   -9","H,,S"
"AYM00089574","2020-11-17","-69.383","76.383","64.0","PROGRESS, AY","    0","B,,S",,,"   13",",,S","  -46",",,S","   -9","H,,S"
"AYM00089574","2020-11-18","-69.383","76.383","64.0","PROGRESS, AY","    0","B,,S",,,"  -19",",,S",,,"  -34","H,,S"
"AYM00089574","2020-11-19","-69.383","76.383","64.0","PROGRESS, AY","   10","B,,S",,,"   10",",,S","  -61",",,S","  -16","H,,S"
"AYM00089574","2020-11-23","-69.383","76.383","64.0","PROGRESS, AY","    0","B,,S",,,"   -8",",,S","  -59",",,S","  -31","H,,S"
"AYM00089574","2020-11-24","-69.383","76.383","64.0","PROGRESS, AY","    0","B,,S",,,"  -13",",,S",,,"  -43","H,,S"
"AYM00089574","2020-11-25","-69.383","76.383","64.0","PROGRESS, AY","    0","B,,S",,,"  -25",",,S","  -77",",,S","  -43","H,,S"
"AYM00089574","2020-11-26","-69.383","76.383","64.0","PROGRESS, AY","    0","B,,S",,,"   11",",,S","  -33",",,S","   -7","H,,S"
"AYM00089574","2020-11-27","-69.383","76.383","64.0","PROGRESS, AY","    0","B,,S",,,"    1",",,S",,,"  -18","H,,S"
"AYM00089574","2020-11-28","-69.383","76.383","64.0","PROGRESS, AY","    0","B,,S",,,"  -21",",,S","  -46",",,S","  -33","H,,S"
"AYM00089574","2020-11-29","-69.383","76.383","64.0","PROGRESS, AY","    0","B,,S",,,"   -8",",,S",,,"  -31","H,,S"
"AYM00089574","2020-11-30","-69.383","76.383","64.0","PROGRESS, AY","    0","B,,S",,,"  -15",",,S","  -71",",,S","  -35","H,,S"
"AYM00089574","2020-12-01","-69.383","76.383","64.0","PROGRESS, AY","   36","B,,S",,,"   -9",",,S","  -45",",,S","  -25","H,,S"
"AYM00089574","2020-12-02","-69.383","76.383","64.0","PROGRESS, AY","   41","B,,S",,,"  -17",",,S",,,"  -33","H,,S"
"AYM00089574","2020-12-03","-69.383","76.383","64.0","PROGRESS, AY","    3","B,,S",,,"   12",",,S",,,"  -28","H,,S"
"AYM00089574","2020-12-04","-69.383","76.383","64.0","PROGRESS, AY","    0","B,,S",,,"    9",",,S","  -77",",,S","  -21","H,,S"
"AYM00089574","2020-12-05","-69.383","76.383","64.0","PROGRESS, AY","    0","B,,S",,,"   19",",,S","  -51",",,S","  -21","H,,S"
"AYM00089574","2020-12-06","-69.383","76.383","64.0","PROGRESS, AY","    0","B,,S",,,"    7",",,S","  -51",",,S","  -13","H,,S"
"AYM00089574","2020-12-07","-69.383","76.383","64.0","PROGRESS, AY","    0","B,,S",,,"   20",",,S","  -33",",,S","   -6","H,,S"
"AYM00089574","2020-12-08","-69.383","76.383","64.0","PROGRESS, AY","    0","B,,S",,,"    3",",,S","  -36",",,S","  -21","H,,S"
"AYM00089574","2020-12-09","-69.383","76.383","64.0","PROGRESS, AY","    0","B,,S",,,"  -12",",,S","  -57",",,S","  -38","H,,S"
"AYM00089574","2020-12-10","-69.383","76.383","64.0","PROGRESS, AY","    0","B,,S",,,"   -5",",,S","  -71",",,S","  -34","H,,S"
"AYM00089574","2020-12-11","-69.383","76.383","64.0","PROGRESS, AY","    0","B,,S",,,"  -21",",,S",,,"  -41","H,,S"
"AYM00089574","2020-12-12","-69.383","76.383","64.0","PROGRESS, AY","    0","B,,S",,,"  -26",",,S","  -98",",,S","  -46","H,,S"
"AYM00089574","2020-12-13","-69.383","76.383","64.0","PROGRESS, AY","    0","B,,S",,,"    7",",,S",,,"  -17","H,,S"
"AYM00089574","2020-12-14","-69.383","76.383","64.0","PROGRESS, AY","    0","B,,S",,,"    2",",,S","  -41",",,S","  -18","H,,S"
"AYM00089574","2020-12-15","-69.383","76.383","64.0","PROGRESS, AY","    0","B,,S",,,"    6",",,S","  -31",",,S","  -16","H,,S"
"AYM00089574","2020-12-16","-69.383","76.383","64.0","PROGRESS, AY","    0","B,,S",,,"   15",",,S","  -38",",,S","  -10","H,,S"
"AYM00089574","2020-12-17","-69.383","76.383","64.0","PROGRESS, AY","    0","B,,S",,,"   21",",,S","  -16",",,S","   -1","H,,S"
"AYM00089574","2020-12-18","-69.383","76.383","64.0","PROGRESS, AY","    0","B,,S",,,"   10",",,S","  -15",",,S","   -3","H,,S"
"AYM00089574","2020-12-19","-69.383","76.383","64.0","PROGRESS, AY","    0","B,,S",,,"    9",",,S","  -22",",,S","  -10","H,,S"
"AYM00089574","2020-12-20","-69.383","76.383","64.0","PROGRESS, AY","    0","B,,S",,,"   32",",,S","  -26",",,S","    3","H,,S"
"AYM00089574","2020-12-21","-69.383","76.383","64.0","PROGRESS, AY","    0","B,,S",,,"   11",",,S",,,"  -10","H,,S"
"AYM00089574","2020-12-22","-69.383","76.383","64.0","PROGRESS, AY","   10","B,,S",,,"  -13",",,S","  -27",",,S","  -19","H,,S"
"AYM00089574","2020-12-23","-69.383","76.383","64.0","PROGRESS, AY","    8","B,,S",,,"   29",",,S","  -34",",,S","   -1","H,,S"
"AYM00089574","2020-12-24","-69.383","76.383","64.0","PROGRESS, AY","    0","B,,S",,,"   25",",,S",,,"  -10","H,,S"
"AYM00089574","2020-12-25","-69.383","76.383","64.0","PROGRESS, AY","    0","B,,S",,,"   14",",,S","  -42",",,S","  -10","H,,S"
"AYM00089574","2020-12-26","-69.383","76.383","64.0","PROGRESS, AY","    0","B,,S",,,"   32",",,S","  -27",",,S","    8","H,,S"
"AYM00089574","2020-12-27","-69.383","76.383","64.0","PROGRESS, AY","    0","B,,S",,,"   28",",,S","  -11",",,S","    5","H,,S"
"AYM00089574","2020-12-28","-69.383","76.383","64.0","PROGRESS, AY","   10","B,,S",,,"   30",",,S","   -9",",,S","   17","H,,S"
"AYM00089574","2020-12-29","-69.383","76.383","64.0","PROGRESS, AY","    0","B,,S",,,"   56",",,S",,,"   16","H,,S"
"AYM00089574","2020-12-30","-69.383","76.383","64.0","PROGRESS, AY",,,,,"   20",",,S",,,"   -4","H,,S"
"AYM00089574","2021-01-01","-69.383","76.383","64.0","PROGRESS, AY","    0","B,,S",,,"    5",",,S",,,"  -15","H,,S"
"AYM00089574","2021-01-02","-69.383","76.383","64.0","PROGRESS, AY","    0","B,,S",,,"   23",",,S","  -59",",,S","  -11","H,,S"
"AYM00089574","2021-01-04","-69.383","76.383","64.0","PROGRESS, AY","    0","B,,S",,,"   35",",,S","  -32",",,S","   -4","H,,S"
"AYM00089574","2021-01-05","-69.383","76.383","64.0","PROGRESS, AY","    0","B,,S",,,"   25",",,S","  -38",",,S","   -9","H,,S"
"AYM00089574","2021-01-06","-69.383","76.383","64.0","PROGRESS, AY","    0","B,,S",,,"   10",",,S","  -36",",,S","  -12","H,,S"
"AYM00089574","2021-01-07","-69.383","76.383","64.0","PROGRESS, AY","    0","B,,S",,,"   20",",,S","  -35",",,S","   -6","H,,S"
"AYM00089574","2021-01-08","-69.383","76.383","64.0","PROGRESS, AY","    0","B,,S",,,"   11",",,S","  -35",",,S","   -9","H,,S"
"AYM00089574","2021-01-09","-69.383","76.383","64.0","PROGRESS, AY","    0","B,,S",,,"  -14",",,S","  -49",",,S","  -34","H,,S"
"AYM00089574","2021-01-10","-69.383","76.383","64.0","PROGRESS, AY","    0","B,,S",,,"   12",",,S","  -84",",,S","  -25","H,,S"
"AYM00089574","2021-01-11","-69.383","76.383","64.0","PROGRESS, AY","    0","B,,S",,,"    2",",,S","  -52",",,S","  -19","H,,S"
"AYM00089574","2021-01-12","-69.383","76.383","64.0","PROGRESS, AY","    0","B,,S",,,"   15",",,S","  -53",",,S","  -20","H,,S"
"AYM00089574","2021-01-13","-69.383","76.383","64.0","PROGRESS, AY",,,,,,,"  -45",",,S","  -15","H,,S"
"AYM00089574","2021-01-15","-69.383","76.383","64.0","PROGRESS, AY","    0","B,,S",,,"   26",",,S",,,"   11","H,,S"
"AYM00089574","2021-01-16","-69.383","76.383","64.0","PROGRESS, AY","    0","B,,S",,,"   28",",,S","  -21",",,S","   -6","H,,S"
"AYM00089574","2021-01-17","-69.383","76.383","64.0","PROGRESS, AY","    0","B,,S",,,"   14",",,S","  -21",",,S","   -3","H,,S"
"AYM00089574","2021-01-18","-69.383","76.383","64.0","PROGRESS, AY","    0","B,,S",,,"   30",",,S",,,"   -3","H,,S"
"AYM00089574","2021-01-19","-69.383","76.383","64.0","PROGRESS, AY","    0","B,,S",,,"   -7",",,S","  -58",",,S","  -37","H,,S"
"AYM00089574","2021-01-20","-69.383","76.383","64.0","PROGRESS, AY","    0","B,,S",,,"  -19",",,S","  -74",",,S","  -42","H,,S"
"AYM00089574","2021-01-21","-69.383","76.383","64.0","PROGRESS, AY","    0","B,,S",,,"   -9",",,S","  -72",",,S","  -34","H,,S"
"AYM00089574","2021-01-22","-69.383","76.383","64.0","PROGRESS, AY","    0","B,,S",,,"   -8",",,S","  -57",",,S","  -35","H,,S"
"AYM00089574","2021-01-23","-69.383","76.383","64.0","PROGRESS, AY","    0","B,,S",,,"   42",",,S","  -53",",,S","    7","H,,S"
"AYM00089574","2021-01-24","-69.383","76.383","64.0","PROGRESS, AY","    5","B,,S",,,"   43",",,S","   -7",",,S","   24","H,,S"
"AYM00089574","2021-01-25","-69.383","76.383","64.0","PROGRESS, AY","    8","B,,S",,,"   52",",,S",,,"   36","H,,S"
"AYM00089574","2021-01-26","-69.383","76.383","64.0","PROGRESS, AY","    0","B,,S",,,"   69",",,S","    7",",,S","   43","H,,S"
"AYM00089574","2021-01-27","-69.383","76.383","64.0","PROGRESS, AY","    0","B,,S",,,"   24",",,S",,,"   -3","H,,S"
"AYM00089574","2021-01-28","-69.383","76.383","64.0","PROGRESS, AY","    0","B,,S",,,"  -18",",,S","  -62",",,S","  -30","H,,S"
"AYM00089574","2021-01-29","-69.383","76.383","64.0","PROGRESS, AY","   10","B,,S",,,"   16",",,S","  -30",",,S","   -5","H,,S"
"AYM00089574","2021-01-30","-69.383","76.383","64.0","PROGRESS, AY","    0","B,,S",,,"   14",",,S","  -33",",,S","   -4","H,,S"
"AYM00089574","2021-01-31","-69.383","76.383","64.0","PROGRESS, AY","    0","B,,S",,,"   17",",,S","  -31",",,S","   -9","H,,S"
"AYM00089574","2021-02-01","-69.383","76.383","64.0","PROGRESS, AY","    0","B,,S",,,"   -7",",,S",,,"  -16","H,,S"
"AYM00089574","2021-02-02","-69.383","76.383","64.0","PROGRESS, AY","    0","B,,S",,,"    5",",,S","  -32",",,S","   -9","H,,S"
"AYM00089574","2021-02-03","-69.383","76.383","64.0","PROGRESS, AY","    0","B,,S",,,"   -7",",,S",,,"  -26","H,,S"
"AYM00089574","2021-02-04","-69.383","76.383","64.0","PROGRESS, AY","    0","B,,S",,,"    7",",,S","  -61",",,S","  -24","H,,S"
"AYM00089574","2021-02-05","-69.383","76.383","64.0","PROGRESS, AY","    0","B,,S",,,"   -5",",,S",,,"  -34","H,,S"
"AYM00089574","2021-02-06","-69.383","76.383","64.0","PROGRESS, AY","    0","B,,S",,,"   -2",",,S","  -65",",,S","  -31","H,,S"
"AYM00089574","2021-02-07","-69.383","76.383","64.0","PROGRESS, AY","    0","B,,S",,,"   -9",",,S","  -65",",,S","  -33","H,,S"
"AYM00089574","2021-02-08","-69.383","76.383","64.0","PROGRESS, AY","   15","B,,S",,,"  -15",",,S","  -51",",,S","  -32","H,,S"
"AYM00089574","2021-02-09","-69.383","76.383","64.0","PROGRESS, AY","    0","B,,S",,,"  -18",",,S","  -59",",,S","  -38","H,,S"
"AYM00089574","2021-02-14","-69.383","76.383","64.0","PROGRESS, AY","    0","B,,S",,,"  -30",",,S","  -83",",,S","  -50","H,,S"
"AYM00089574","2021-02-15","-69.383","76.383","64.0","PROGRESS, AY","   30","B,,S",,,"  -41",",,S","  -61",",,S","  -50","H,,S"
"AYM00089574","2021-02-16","-69.383","76.383","64.0","PROGRESS, AY","   30","B,,S",,,"  -10",",,S",,,"  -67","H,,S"
"AYM00089574","2021-02-17","-69.383","76.383","64.0","PROGRESS, AY","    0","B,,S",,,"  -25",",,S"," -105",",,S","  -48","H,,S"
"AYM00089574","2021-02-18","-69.383","76.383","64.0","PROGRESS, AY","    0","B,,S",,,"  -25",",,S",,,"  -37","H,,S"
"AYM00089574","2021-02-22","-69.383","76.383","64.0","PROGRESS, AY","   71","B,,S",,,"  -25",",,S","  -47",",,S","  -28","H,,S"
"AYM00089574","2021-02-23","-69.383","76.383","64.0","PROGRESS, AY","    5","B,,S",,,"  -10",",,S","  -37",",,S","  -20","H,,S"
"AYM00089574","2021-02-24","-69.383","76.383","64.0","PROGRESS, AY","    0","B,,S",,,"   -4",",,S","  -31",",,S","  -20","H,,S"
"AYM00089574","2021-02-25","-69.383","76.383","64.0","PROGRESS, AY","    0","B,,S",,,"  -17",",,S",,,"  -34","H,,S"
"AYM00089574","2021-02-26","-69.383","76.383","64.0","PROGRESS, AY","   10","B,,S",,,"  -41",",,S",,,"  -59","H,,S"
"AYM00089574","2021-02-27","-69.383","76.383","64.0","PROGRESS, AY","    8","B,,S",,,"  -25",",,S","  -95",",,S","  -53","H,,S"
"AYM00089574","2021-02-28","-69.383","76.383","64.0","PROGRESS, AY",,,,,"  -16",",,S","  -51",",,S","  -32","H,,S"
"AYM00089574","2021-03-01","-69.383","76.383","64.0","PROGRESS, AY","    5","B,,S",,,"   -9",",,S","  -41",",,S","  -23","H,,S"
"AYM00089574","2021-03-02","-69.383","76.383","64.0","PROGRESS, AY","    0","B,,S",,,"  -22",",,S",,,"  -36","H,,S"
"AYM00089574","2021-03-04","-69.383","76.383","64.0","PROGRESS, AY","    0","B,,S",,,"   -2",",,S","  -65",",,S","  -32","H,,S"
"AYM00089574","2021-03-05","-69.383","76.383","64.0","PROGRESS, AY","    0","B,,S",,,,,"  -45",",,S","  -10","H,,S"
"AYM00089574","2021-03-06","-69.383","76.383","64.0","PROGRESS, AY","    0","B,,S",,,"    2",",,S",,,"  -11","H,,S"
"AYM00089574","2021-03-07","-69.383","76.383","64.0","PROGRESS, AY","    0","B,,S",,,"  -19",",,S",,,"  -34","H,,S"
"AYM00089574","2021-03-08","-69.383","76.383","64.0","PROGRESS, AY","    0","B,,S",,,"  -45",",,S","  -78",",,S","  -64","H,,S"
"AYM00089574","2021-03-09","-69.383","76.383","64.0","PROGRESS, AY","    0","B,,S",,,"  -43",",,S","  -67",",,S","  -56","H,,S"
"AYM00089574","2021-03-10","-69.383","76.383","64.0","PROGRESS, AY","    0","B,,S",,,"  -59",",,S",,,"  -72","H,,S"
"AYM00089574","2021-03-11","-69.383","76.383","64.0","PROGRESS, AY","    0","B,,S",,,"  -76",",,S"," -100",",,S","  -90","H,,S"
"AYM00089574","2021-03-12","-69.383","76.383","64.0","PROGRESS, AY","    0","B,,S",,,"  -65",",,S"," -112",",,S","  -88","H,,S"
"AYM00089574","2021-03-13","-69.383","76.383","64.0","PROGRESS, AY","    0","B,,S",,,"  -43",",,S","  -78",",,S","  -53","H,,S"
"AYM00089574","2021-03-14","-69.383","76.383","64.0","PROGRESS, AY","   28","B,,S",,,"  -45",",,S","  -60",",,S","  -56","H,,S"
"AYM00089574","2021-03-15","-69.383","76.383","64.0","PROGRESS, AY","    5","B,,S",,,"  -70",",,S",,,"  -79","H,,S"
"AYM00089574","2021-03-16","-69.383","76.383","64.0","PROGRESS, AY","    0","B,,S",,,"  -95",",,S"," -122",",,S"," -114","H,,S"
"AYM00089574","2021-03-17","-69.383","76.383","64.0","PROGRESS, AY","    3","B,,S",,," -117",",,S",,," -132","H,,S"
"AYM00089574","2021-03-18","-69.383","76.383","64.0","PROGRESS, AY","    0","B,,S",,,"  -97",",,S",,," -135","H,,S"
"AYM00089574","2021-03-19","-69.383","76.383","64.0","PROGRESS, AY","    0","B,,S",,,"  -91",",,S"," -170",",,S"," -115","H,,S"
"AYM00089574","2021-03-20","-69.383","76.383","64.0","PROGRESS, AY","    0","B,,S",,," -103",",,S",,," -122","H,,S"
"AYM00089574","2021-03-21","-69.383","76.383","64.0","PROGRESS, AY","    0","B,,S",,,,," -190",",,S"," -162","H,,S"
"AYM00089574","2021-03-22","-69.383","76.383","64.0","PROGRESS, AY","   13","B,,S",,,,,,," -166","H,,S"
"AYM00089574","2021-03-23","-69.383","76.383","64.0","PROGRESS, AY","    0","B,,S",,," -156",",,S"," -201",",,S"," -171","H,,S"
"AYM00089574","2021-03-24","-69.383","76.383","64.0","PROGRESS, AY","    5","B,,S",,,,," -157",",,S","  -88","H,,S"
"AYM00089574","2021-03-25","-69.383","76.383","64.0","PROGRESS, AY","   25","B,,S",,,"  -36",",,S",,,"  -42","H,,S"
"AYM00089574","2021-03-26","-69.383","76.383","64.0","PROGRESS, AY","    8","B,,S",,,"   -1",",,S","  -60",",,S","  -24","H,,S"
"AYM00089574","2021-03-27","-69.383","76.383","64.0","PROGRESS, AY","    0","B,,S",,,,,,,"  -35","H,,S"
"AYM00089574","2021-03-28","-69.383","76.383","64.0","PROGRESS, AY","    0","B,,S",,,"   -5",",,S","  -57",",,S","  -33","H,,S"
"AYM00089574","2021-03-29","-69.383","76.383","64.0","PROGRESS, AY","    0","B,,S",,,"  -25",",,S",,,"  -65","H,,S"
"AYM00089574","2021-03-30","-69.383","76.383","64.0","PROGRESS, AY","   30","B,,S",,,"  -90",",,S",,," -115","H,,S"
"AYM00089574","2021-03-31","-69.383","76.383","64.0","PROGRESS, AY","   10","B,,S",,,,," -128",",,S","  -70","H,,S"
"AYM00089574","2021-04-01","-69.383","76.383","64.0","PROGRESS, AY","    0","B,,S",,,,,,,"  -91","H,,S"
"AYM00089574","2021-04-02","-69.383","76.383","64.0","PROGRESS, AY","    0","B,,S",,,"  -60",",,S","  -93",",,S","  -71","H,,S"
"AYM00089574","2021-04-03","-69.383","76.383","64.0","PROGRESS, AY","    5","B,,S",,,,,,,"  -64","H,,S"
"AYM00089574","2021-04-04","-69.383","76.383","64.0","PROGRESS, AY","   20","B,,S",,,"  -40",",,S","  -78",",,S","  -67","H,,S"
"AYM00089574","2021-04-05","-69.383","76.383","64.0","PROGRESS, AY","    3","B,,S",,,,,,,"  -77","H,,S"
"AYM00089574","2021-04-06","-69.383","76.383","64.0","PROGRESS, AY","    0","B,,S",,,"  -71",",,S","  -83",",,S","  -77","H,,S"
"AYM00089574","2021-04-07","-69.383","76.383","64.0","PROGRESS, AY","   10","B,,S",,,"  -76",",,S",,,"  -90","H,,S"
"AYM00089574","2021-04-08","-69.383","76.383","64.0","PROGRESS, AY",,,,," -102",",,S",,," -118","H,,S"
"AYM00089574","2021-04-09","-69.383","76.383","64.0","PROGRESS, AY","    3","B,,S",,," -116",",,S",,," -131","H,,S"
"AYM00089574","2021-04-10","-69.383","76.383","64.0","PROGRESS, AY","   30","B,,S",,,,,,," -208","H,,S"
"AYM00089574","2021-04-11","-69.383","76.383","64.0","PROGRESS, AY","    0","B,,S",,," -162",",,S"," -248",",,S"," -178","H,,S"
"AYM00089574","2021-04-12","-69.383","76.383","64.0","PROGRESS, AY","    0","B,,S",,,,," -175",",,S"," -155","H,,S"
"AYM00089574","2021-04-14","-69.383","76.383","64.0","PROGRESS, AY",,,,,"  -50",",,S",,,"  -56","H,,S"
"AYM00089574","2021-04-15","-69.383","76.383","64.0","PROGRESS, AY","   30","B,,S",,,"  -59",",,S",,,"  -72","H,,S"
"AYM00089574","2021-04-16","-69.383","76.383","64.0","PROGRESS, AY","    0","B,,S",,,,,,," -141","H,,S"
"AYM00089574","2021-04-17","-69.383","76.383","64.0","PROGRESS, AY","    0","B,,S",,," -114",",,S"," -181",",,S"," -175","H,,S"
"AYM00089574","2021-04-18","-69.383","76.383","64.0","PROGRESS, AY","    0","B,,S",,,,," -171",",,S"," -107","H,,S"
"AYM00089574","2021-04-19","-69.383","76.383","64.0","PROGRESS, AY","    5","B,,S",,,,,,,"  -92","H,,S"
"AYM00089574","2021-04-20","-69.383","76.383","64.0","PROGRESS, AY","    0","B,,S",,,"  -96",",,S",,," -112","H,,S"
"AYM00089574","2021-04-21","-69.383","76.383","64.0","PROGRESS, AY","    3","B,,S",,,,," -143",",,S","  -93","H,,S"
"AYM00089574","2021-04-22","-69.383","76.383","64.0","PROGRESS, AY","  109","B,,S",,,"  -54",",,S",,,"  -83","H,,S"
"AYM00089574","2021-04-23","-69.383","76.383","64.0","PROGRESS, AY","    3","B,,S",,,,,,,"  -92","H,,S"
"AYM00089574","2021-04-24","-69.383","76.383","64.0","PROGRESS, AY","    0","B,,S",,,,,,," -122","H,,S"
"AYM00089574","2021-04-25","-69.383","76.383","64.0","PROGRESS, AY","    0","B,,S",,," -123",",,S",,," -141","H,,S"
"AYM00089574","2021-04-26","-69.383","76.383","64.0","PROGRESS, AY","    0","B,,S",,," -146",",,S"," -172",",,S"," -162","H,,S"
"AYM00089574","2021-04-27","-69.383","76.383","64.0","PROGRESS, AY","    0","B,,S",,," -165",",,S"," -189",",,S"," -173","H,,S"
"AYM00089574","2021-04-28","-69.383","76.383","64.0","PROGRESS, AY","    0","B,,S",,," -143",",,S"," -172",",,S"," -153","H,,S"
"AYM00089574","2021-04-29","-69.383","76.383","64.0","PROGRESS, AY","    0","B,,S",,,,,,," -172","H,,S"
"AYM00089574","2021-04-30","-69.383","76.383","64.0","PROGRESS, AY","    0","B,,S",,,,,,," -197","H,,S"
"AYM00089574","2021-05-01","-69.383","76.383","64.0","PROGRESS, AY","    0","B,,S",,,,,,," -206","H,,S"
"AYM00089574","2021-05-02","-69.383","76.383","64.0","PROGRESS, AY","    0","B,,S",,,"  -75",",,S"," -193",",,S"," -105","H,,S"
"AYM00089574","2021-05-03","-69.383","76.383","64.0","PROGRESS, AY","    0","B,,S",,,,,,,"  -99","H,,S"
"AYM00089574","2021-05-04","-69.383","76.383","64.0","PROGRESS, AY","    3","B,,S",,,,,,," -122","H,,S"
"AYM00089574","2021-05-05","-69.383","76.383","64.0","PROGRESS, AY","    5","B,,S",,,,,,," -173","H,,S"
"AYM00089574","2021-05-06","-69.383","76.383","64.0","PROGRESS, AY","    0","B,,S",,," -182",",,S",,," -188","H,,S"
"AYM00089574","2021-05-07","-69.383","76.383","64.0","PROGRESS, AY","    0","B,,S",,,,," -207",",,S"," -196","H,,S"
"AYM00089574","2021-05-08","-69.383","76.383","64.0","PROGRESS, AY","    0","B,,S",,,,,,," -196","H,,S"
"AYM00089574","2021-05-09","-69.383","76.383","64.0","PROGRESS, AY","    0","B,,S",,," -223",",,S",,," -238","H,,S"
"AYM00089574","2021-05-10","-69.383","76.383","64.0","PROGRESS, AY","    0","B,,S",,,,," -260",",,S"," -187","H,,S"
"AYM00089574","2021-05-11","-69.383","76.383","64.0","PROGRESS, AY","    0","B,,S",,," -145",",,S"," -193",",,S"," -157","H,,S"
"AYM00089574","2021-05-12","-69.383","76.383","64.0","PROGRESS, AY","    3","B,,S",,," -157",",,S",,," -176","H,,S"
"AYM00089574","2021-05-13","-69.383","76.383","64.0","PROGRESS, AY","   30","B,,S",,,,," -217",",,S"," -169","H,,S"
"AYM00089574","2021-05-14","-69.383","76.383","64.0","PROGRESS, AY","   51","B,,S",,," -111",",,S"," -143",",,S"," -127","H,,S"
"AYM00089574","2021-05-15","-69.383","76.383","64.0","PROGRESS, AY","   79","B,,S",,,,," -119",",,S","  -96","H,,S"
"AYM00089574","2021-05-16","-69.383","76.383","64.0","PROGRESS, AY","   79","B,,S",,,"  -48",",,S","  -77",",,S","  -58","H,,S"
"AYM00089574","2021-05-17","-69.383","76.383","64.0","PROGRESS, AY","   20","B,,S",,,"  -69",",,S",,,"  -79","H,,S"
"AYM00089574","2021-05-18","-69.383","76.383","64.0","PROGRESS, AY","    0","B,,S",,,,,,," -127","H,,S"
"AYM00089574","2021-05-19","-69.383","76.383","64.0","PROGRESS, AY","    0","B,,S",,," -132",",,S",,," -156","H,,S"
"AYM00089574","2021-05-20","-69.383","76.383","64.0","PROGRESS, AY","    0","B,,S",,,,,,," -223","H,,S"
"AYM00089574","2021-05-21","-69.383","76.383","64.0","PROGRESS, AY","    5","B,,S",,,,,,," -242","H,,S"
"AYM00089574","2021-05-23","-69.383","76.383","64.0","PROGRESS, AY","   30","B,,S",,,,," -277",",,S"," -137","H,,S"
"AYM00089574","2021-05-24","-69.383","76.383","64.0","PROGRESS, AY","  231","B,,S",,,,,"  -97",",,S","  -83","H,,S"
"AYM00089574","2021-05-25","-69.383","76.383","64.0","PROGRESS, AY","   99","B,,S",,," -101",",,S"," -118",",,S"," -109","H,,S"
"AYM00089574","2021-05-26","-69.383","76.383","64.0","PROGRESS, AY","   15","B,,S",,,,,,," -137","H,,S"
"AYM00089574","2021-05-27","-69.383","76.383","64.0","PROGRESS, AY","    0","B,,S",,,,,,," -210","H,,S"
"AYM00089574","2021-05-28","-69.383","76.383","64.0","PROGRESS, AY","    0","B,,S",,,,,,," -232","H,,S"
"AYM00089574","2021-05-29","-69.383","76.383","64.0","PROGRESS, AY",,,,,,," -227",",,S"," -209","H,,S"
"AYM00089574","2021-05-30","-69.383","76.383","64.0","PROGRESS, AY","    0","B,,S",,,"  -70",",,S"," -199",",,S"," -111","H,,S"
"AYM00089574","2021-05-31","-69.383","76.383","64.0","PROGRESS, AY","    0","B,,S",,,"  -73",",,S",,,"  -79","H,,S"
"AYM00089574","2021-06-01","-69.383","76.383","64.0","PROGRESS, AY","    0","B,,S",,,,,,," -116","H,,S"
"AYM00089574","2021-06-03","-69.383","76.383","64.0","PROGRESS, AY",,,,," -165",",,S",,," -168","H,,S"
"AYM00089574","2021-06-04","-69.383","76.383","64.0","PROGRESS, AY","    0","B,,S",,,,,,," -197","H,,S"
"AYM00089574","2021-06-05","-69.383","76.383","64.0","PROGRESS, AY","    0","B,,S",,,,," -225",",,S"," -189","H,,S"
"AYM00089574","2021-06-06","-69.383","76.383","64.0","PROGRESS, AY","    3","B,,S",,,,," -182",",,S"," -116","H,,S"
"AYM00089574","2021-06-07","-69.383","76.383","64.0","PROGRESS, AY","    0","B,,S",,,"  -74",",,S","  -95",",,S","  -83","H,,S"
"AYM00089574","2021-06-08","-69.383","76.383","64.0","PROGRESS, AY","    0","B,,S",,,,,,," -107","H,,S"
"AYM00089574","2021-06-09","-69.383","76.383","64.0","PROGRESS, AY","    0","B,,S",,,,,,," -153","H,,S"
"AYM00089574","2021-06-10","-69.383","76.383","64.0","PROGRESS, AY","    0","B,,S",,," -160",",,S"," -173",",,S"," -168","H,,S"
"AYM00089574","2021-06-11","-69.383","76.383","64.0","PROGRESS, AY","    3","B,,S",,," -145",",,S",,," -160","H,,S"
"AYM00089574","2021-06-12","-69.383","76.383","64.0","PROGRESS, AY","    0","B,,S",,," -200",",,S",,," -211","H,,S"
"AYM00089574","2021-06-13","-69.383","76.383","64.0","PROGRESS, AY","    0","B,,S",,," -180",",,S"," -237",",,S"," -197","H,,S"
"AYM00089574","2021-06-14","-69.383","76.383","64.0","PROGRESS, AY","    0","B,,S",,,,," -202",",,S"," -134","H,,S"
"AYM00089574","2021-06-15","-69.383","76.383","64.0","PROGRESS, AY","    0","B,,S",,," -161",",,S",,," -189","H,,S"
"AYM00089574","2021-06-16","-69.383","76.383","64.0","PROGRESS, AY","    0","B,,S",,,"  -84",",,S"," -233",",,S"," -106","H,,S"
"AYM00089574","2021-06-17","-69.383","76.383","64.0","PROGRESS, AY","    0","B,,S",,," -126",",,S",,," -137","H,,S"
"AYM00089574","2021-06-18","-69.383","76.383","64.0","PROGRESS, AY","    0","B,,S",,,,,,," -182","H,,S"
"AYM00089574","2021-06-20","-69.383","76.383","64.0","PROGRESS, AY","   15","B,,S",,,,," -151",",,S"," -137","H,,S"
"AYM00089574","2021-06-21","-69.383","76.383","64.0","PROGRESS, AY","   20","B,,S",,,"  -87",",,S"," -162",",,S"," -112","H,,S"
"AYM00089574","2021-06-22","-69.383","76.383","64.0","PROGRESS, AY",,,,,,,,," -161","H,,S"
"AYM00089574","2021-06-23","-69.383","76.383","64.0","PROGRESS, AY",,,,,,,,," -240","H,,S"
"AYM00089574","2021-06-24","-69.383","76.383","64.0","PROGRESS, AY","    0","B,,S",,,,," -279",",,S"," -218","H,,S"
"AYM00089574","2021-06-25","-69.383","76.383","64.0","PROGRESS, AY","    0","B,,S",,," -139",",,S"," -173",",,S"," -154","H,,S"
"AYM00089574","2021-06-26","-69.383","76.383","64.0","PROGRESS, AY","    0","B,,S",,,,,,," -182","H,,S"
"AYM00089574","2021-06-27","-69.383","76.383","64.0","PROGRESS, AY","    0","B,,S",,,,,,," -213","H,,S"
"AYM00089574","2021-06-28","-69.383","76.383","64.0","PROGRESS, AY",,,,,,,,," -252","H,,S"
"AYM00089574","2021-06-29","-69.383","76.383","64.0","PROGRESS, AY","    0","B,,S",,," -275",",,S",,," -306","H,,S"
"AYM00089574","2021-06-30","-69.383","76.383","64.0","PROGRESS, AY","    0","B,,S",,,,," -325",",,S"," -246","H,,S"
"AYM00089574","2021-07-01","-69.383","76.383","64.0","PROGRESS, AY","   10","B,,S",,," -161",",,S"," -204",",,S"," -170","H,,S"
"AYM00089574","2021-07-02","-69.383","76.383","64.0","PROGRESS, AY","    5","B,,S",,," -147",",,S",,," -169","H,,S"
"AYM00089574","2021-07-03","-69.383","76.383","64.0","PROGRESS, AY","  109","B,,S",,,"  -32",",,S"," -166",",,S","  -57","H,,S"
"AYM00089574","2021-07-04","-69.383","76.383","64.0","PROGRESS, AY","  109","B,,S",,,,,,,"  -80","H,,S"
"AYM00089574","2021-07-05","-69.383","76.383","64.0","PROGRESS, AY","   61","B,,S",,,"  -65",",,S",,,"  -92","H,,S"
"AYM00089574","2021-07-06","-69.383","76.383","64.0","PROGRESS, AY","    0","B,,S",,,,," -131",",,S"," -101","H,,S"
"AYM00089574","2021-07-07","-69.383","76.383","64.0","PROGRESS, AY","   41","B,,S",,,"  -48",",,S",,,"  -58","H,,S"
"AYM00089574","2021-07-08","-69.383","76.383","64.0","PROGRESS, AY","   13","B,,S",,,"  -58",",,S","  -88",",,S","  -69","H,,S"
"AYM00089574","2021-07-09","-69.383","76.383","64.0","PROGRESS, AY","   13","B,,S",,,,,,,"  -87","H,,S"
"AYM00089574","2021-07-10","-69.383","76.383","64.0","PROGRESS, AY","    0","B,,S",,,,,,," -161","H,,S"
"AYM00089574","2021-07-11","-69.383","76.383","64.0","PROGRESS, AY","    5","B,,S",,,,," -149",",,S","  -83","H,,S"
"AYM00089574","2021-07-13","-69.383","76.383","64.0","PROGRESS, AY","    0","B,,S",,,,,,," -103","H,,S"
"AYM00089574","2021-07-14","-69.383","76.383","64.0","PROGRESS, AY","    0","B,,S",,,,,,," -150","H,,S"
"AYM00089574","2021-07-15","-69.383","76.383","64.0","PROGRESS, AY","    0","B,,S",,," -143",",,S",,," -181","H,,S"
"AYM00089574","2021-07-16","-69.383","76.383","64.0","PROGRESS, AY","    0","B,,S",,,,,,," -258","H,,S"
"AYM00089574","2021-07-17","-69.383","76.383","64.0","PROGRESS, AY","    3","B,,S",,,,," -281",",,S"," -162","H,,S"
"AYM00089574","2021-07-18","-69.383","76.383","64.0","PROGRESS, AY","    0","B,,S",,,,,,," -104","H,,S"
"AYM00089574","2021-07-19","-69.383","76.383","64.0","PROGRESS, AY",,,,,"  -82",",,S",,,"  -99","H,,S"
"AYM00089574","2021-07-20","-69.383","76.383","64.0","PROGRESS, AY","    0","B,,S",,,,," -129",",,S"," -115","H,,S"
"AYM00089574","2021-07-21","-69.383","76.383","64.0","PROGRESS, AY","    0","B,,S",,,,,,," -124","H,,S"
"AYM00089574","2021-07-22","-69.383","76.383","64.0","PROGRESS, AY","    3","B,,S",,,,,,," -160","H,,S"
"AYM00089574","2021-07-23","-69.383","76.383","64.0","PROGRESS, AY","    0","B,,S",,,,," -208",",,S"," -187","H,,S"
"AYM00089574","2021-07-24","-69.383","76.383","64.0","PROGRESS, AY","    0","B,,S",,,,,,," -205","H,,S"
"AYM00089574","2021-07-25","-69.383","76.383","64.0","PROGRESS, AY","    0","B,,S",,," -234",",,S"," -246",",,S"," -240","H,,S"
"AYM00089574","2021-07-26","-69.383","76.383","64.0","PROGRESS, AY","    0","B,,S",,,,," -246",",,S"," -228","H,,S"
"AYM00089574","2021-07-27","-69.383","76.383","64.0","PROGRESS, AY","    0","B,,S",,," -123",",,S"," -137",",,S"," -130","H,,S"
"AYM00089574","2021-07-28","-69.383","76.383","64.0","PROGRESS, AY","   10","B,,S",,,,,,," -133","H,,S"
"AYM00089574","2021-07-29","-69.383","76.383","64.0","PROGRESS, AY","    5","B,,S",,,,,,," -189","H,,S"
"AYM00089574","2021-07-30","-69.383","76.383","64.0","PROGRESS, AY","    0","B,,S",,,,,,," -212","H,,S"
"AYM00089574","2021-07-31","-69.383","76.383","64.0","PROGRESS, AY","    0","B,,S",,,,," -249",",,S"," -204","H,,S"
"AYM00089574","2021-08-01","-69.383","76.383","64.0","PROGRESS, AY",,,,,"  -89",",,S",,," -119","H,,S"
"AYM00089574","2021-08-02","-69.383","76.383","64.0","PROGRESS, AY","   15","B,,S",,,"  -69",",,S",,," -100","H,,S"
"AYM00089574","2021-08-03","-69.383","76.383","64.0","PROGRESS, AY","    0","B,,S",,,"  -97",",,S"," -121",",,S"," -108","H,,S"
"AYM00089574","2021-08-04","-69.383","76.383","64.0","PROGRESS, AY","    0","B,,S",,,,,,," -125","H,,S"
"AYM00089574","2021-08-05","-69.383","76.383","64.0","PROGRESS, AY","    0","B,,S",,,,,,," -168","H,,S"
"AYM00089574","2021-08-06","-69.383","76.383","64.0","PROGRESS, AY","    0","B,,S",,,,,,," -229","H,,S"
"AYM00089574","2021-08-07","-69.383","76.383","64.0","PROGRESS, AY","    0","B,,S",,," -151",",,S"," -244",",,S"," -183","H,,S"
"AYM00089574","2021-08-08","-69.383","76.383","64.0","PROGRESS, AY","    0","B,,S",,," -168",",,S",,," -174","H,,S"
"AYM00089574","2021-08-09","-69.383","76.383","64.0","PROGRESS, AY","    0","B,,S",,," -147",",,S"," -207",",,S"," -165","H,,S"
"AYM00089574","2021-08-10","-69.383","76.383","64.0","PROGRESS, AY","    0","B,,S",,," -152",",,S",,," -161","H,,S"
"AYM00089574","2021-08-11","-69.383","76.383","64.0","PROGRESS, AY","    0","B,,S",,," -175",",,S",,," -193","H,,S"
"AYM00089574","2021-08-12","-69.383","76.383","64.0","PROGRESS, AY","    0","B,,S",,,,," -207",",,S"," -154","H,,S"
"AYM00089574","2021-08-13","-69.383","76.383","64.0","PROGRESS, AY","    0","B,,S",,,"  -88",",,S"," -118",",,S","  -97","H,,S"
"AYM00089574","2021-08-14","-69.383","76.383","64.0","PROGRESS, AY","    0","B,,S",,,,,,," -133","H,,S"
"AYM00089574","2021-08-15","-69.383","76.383","64.0","PROGRESS, AY","    0",",,S",,,,," -181",",,S"," -163","H,,S"
"AYM00089574","2021-08-16","-69.383","76.383","64.0","PROGRESS, AY","    3","B,,S",,,,," -103",",,S","  -74","H,,S"
"AYM00089574","2021-08-17","-69.383","76.383","64.0","PROGRESS, AY","    0","B,,S",,,"  -56",",,S",,,"  -67","H,,S"
"AYM00089574","2021-08-18","-69.383","76.383","64.0","PROGRESS, AY","    0","B,,S",,,"  -51",",,S"," -102",",,S","  -78","H,,S"
"AYM00089574","2021-08-19","-69.383","76.383","64.0","PROGRESS, AY","    5","B,,S",,,"  -62",",,S","  -78",",,S","  -72","H,,S"
"AYM00089574","2021-08-20","-69.383","76.383","64.0","PROGRESS, AY",,,,,"  -76",",,S",,,"  -83","H,,S"
"AYM00089574","2021-08-21","-69.383","76.383","64.0","PROGRESS, AY","    8","B,,S",,,"  -73",",,S","  -95",",,S","  -81","H,,S"
"AYM00089574","2021-08-22","-69.383","76.383","64.0","PROGRESS, AY","    0","B,,S",,,,,,," -113","H,,S"
"AYM00089574","2021-08-23","-69.383","76.383","64.0","PROGRESS, AY",,,,," -116",",,S"," -128",",,S"," -120","H,,S"
"AYM00089574","2021-08-24","-69.383","76.383","64.0","PROGRESS, AY","    3","B,,S",,,,," -125",",,S"," -108","H,,S"
"AYM00089574","2021-08-25","-69.383","76.383","64.0","PROGRESS, AY","   89","B,,S",,,,,,,"  -74","H,,S"
"AYM00089574","2021-08-26","-69.383","76.383","64.0","PROGRESS, AY","   28","B,,S",,,"  -60",",,S",,,"  -69","H,,S"
"AYM00089574","2021-08-27","-69.383","76.383","64.0","PROGRESS, AY","    8","B,,S",,,"  -63",",,S","  -86",",,S","  -70","H,,S"
"AYM00089574","2021-08-28","-69.383","76.383","64.0","PROGRESS, AY","    8","B,,S",,,"  -70",",,S",,,"  -82","H,,S"
"AYM00089574","2021-08-29","-69.383","76.383","64.0","PROGRESS, AY",,,,,"  -93",",,S"," -101",",,S"," -100","H,,S"
"AYM00089574","2021-08-30","-69.383","76.383","64.0","PROGRESS, AY","   18","B,,S",,,"  -84",",,S"," -140",",,S"," -111","H,,S"
"AYM00089574","2021-08-31","-69.383","76.383","64.0","PROGRESS, AY","    0","B,,S",,,"  -93",",,S",,," -169","H,,S"
"AYM00089574","2021-09-01","-69.383","76.383","64.0","PROGRESS, AY","    0","B,,S",,,,," -224",",,S"," -153","H,,S"
"AYM00089574","2021-09-02","-69.383","76.383","64.0","PROGRESS, AY",,,,,"  -60",",,S",,,"  -76","H,,S"
"AYM00089574","2021-09-03","-69.383","76.383","64.0","PROGRESS, AY","   51","B,,S",,,,,,," -131","H,,S"
"AYM00089574","2021-09-04","-69.383","76.383","64.0","PROGRESS, AY","   13","B,,S",,," -137",",,S",,," -167","H,,S"
"AYM00089574","2021-09-05","-69.383","76.383","64.0","PROGRESS, AY",,,,," -130",",,S"," -193",",,S"," -170","H,,S"
"AYM00089574","2021-09-06","-69.383","76.383","64.0","PROGRESS, AY","    0","B,,S",,," -160",",,S",,," -189","H,,S"
"AYM00089574","2021-09-07","-69.383","76.383","64.0","PROGRESS, AY","    0","B,,S",,,,," -209",",,S"," -178","H,,S"
"AYM00089574","2021-09-08","-69.383","76.383","64.0","PROGRESS, AY","    0","B,,S",,," -126",",,S"," -169",",,S"," -147","H,,S"
"AYM00089574","2021-09-09","-69.383","76.383","64.0","PROGRESS, AY","    0","B,,S",,,,," -155",",,S"," -149","H,,S"
"AYM00089574","2021-09-10","-69.383","76.383","64.0","PROGRESS, AY","   20","B,,S",,,,,,," -112","H,,S"
"AYM00089574","2021-09-11","-69.383","76.383","64.0","PROGRESS, AY","   30","B,,S",,,"  -61",",,S"," -130",",,S","  -79","H,,S"
"AYM00089574","2021-09-13","-69.383","76.383","64.0","PROGRESS, AY","    8","B,,S",,,"  -62",",,S"," -137",",,S","  -87","H,,S"
"AYM00089574","2021-09-14","-69.383","76.383","64.0","PROGRESS, AY","    8","B,,S",,,"  -38",",,S",,,"  -49","H,,S"
"AYM00089574","2021-09-15","-69.383","76.383","64.0","PROGRESS, AY","    0","B,,S",,,"  -43",",,S","  -67",",,S","  -58","H,,S"
"AYM00089574","2021-09-16","-69.383","76.383","64.0","PROGRESS, AY","    5","B,,S",,,"  -45",",,S",,,"  -55","H,,S"
"AYM00089574","2021-09-17","-69.383","76.383","64.0","PROGRESS, AY","    0","B,,S",,,"  -82",",,S",,,"  -95","H,,S"
"AYM00089574","2021-09-18","-69.383","76.383","64.0","PROGRESS, AY","    0","B,,S",,," -116",",,S",,," -126","H,,S"
"AYM00089574","2021-09-19","-69.383","76.383","64.0","PROGRESS, AY","    0","B,,S",,," -112",",,S",,," -136","H,,S"
"AYM00089574","2021-09-20","-69.383","76.383","64.0","PROGRESS, AY","    0","B,,S",,," -137",",,S"," -160",",,S"," -151","H,,S"
"AYM00089574","2021-09-21","-69.383","76.383","64.0","PROGRESS, AY","    0","B,,S",,," -149",",,S",,," -165","H,,S"
"AYM00089574","2021-09-22","-69.383","76.383","64.0","PROGRESS, AY","    0","B,,S",,," -182",",,S",,," -193","H,,S"
"AYM00089574","2021-09-23","-69.383","76.383","64.0","PROGRESS, AY","    0","B,,S",,,,," -211",",,S"," -177","H,,S"
"AYM00089574","2021-09-24","-69.383","76.383","64.0","PROGRESS, AY","   28","B,,S",,," -127",",,S",,," -153","H,,S"
"AYM00089574","2021-09-25","-69.383","76.383","64.0","PROGRESS, AY","    0","B,,S",,,,," -214",",,S"," -170","H,,S"
"AYM00089574","2021-09-26","-69.383","76.383","64.0","PROGRESS, AY","   36","B,,S",,,"  -79",",,S",,," -109","H,,S"
"AYM00089574","2021-09-27","-69.383","76.383","64.0","PROGRESS, AY",,,,,"  -94",",,S"," -145",",,S"," -124","H,,S"
"AYM00089574","2021-09-28","-69.383","76.383","64.0","PROGRESS, AY","    3","B,,S",,," -139",",,S",,," -156","H,,S"
"AYM00089574","2021-09-29","-69.383","76.383","64.0","PROGRESS, AY","    3","B,,S",,,,,,," -237","H,,S"
"AYM00089574","2021-09-30","-69.383","76.383","64.0","PROGRESS, AY",,,,,,," -251",",,S"," -155","H,,S"
"AYM00089574","2021-10-01","-69.383","76.383","64.0","PROGRESS, AY","   41","B,,S",,,"  -57",",,S"," -118",",,S","  -73","H,,S"
"AYM00089574","2021-10-02","-69.383","76.383","64.0","PROGRESS, AY","   28","B,,S",,,"  -60",",,S",,,"  -74","H,,S"
"AYM00089574","2021-10-03","-69.383","76.383","64.0","PROGRESS, AY","   41","B,,S",,,,,,," -115","H,,S"
"AYM00089574","2021-10-04","-69.383","76.383","64.0","PROGRESS, AY","   10","B,,S",,,,,,," -102","H,,S"
"AYM00089574","2021-10-05","-69.383","76.383","64.0","PROGRESS, AY",,,,,,," -114",",,S","  -65","H,,S"
"AYM00089574","2021-10-06","-69.383","76.383","64.0","PROGRESS, AY","    3","B,,S",,,"  -17",",,S",,,"  -26","H,,S"
"AYM00089574","2021-10-07","-69.383","76.383","64.0","PROGRESS, AY","    0","B,,S",,,,,,,"  -46","H,,S"
"AYM00089574","2021-10-08","-69.383","76.383","64.0","PROGRESS, AY","    0","B,,S",,,"  -36",",,S",,,"  -58","H,,S"
"AYM00089574","2021-10-09","-69.383","76.383","64.0","PROGRESS, AY","    0","B,,S",,,"  -87",",,S"," -119",",,S"," -108","H,,S"
"AYM00089574","2021-10-10","-69.383","76.383","64.0","PROGRESS, AY","    0","B,,S",,,"  -77",",,S",,,"  -97","H,,S"
"AYM00089574","2021-10-11","-69.383","76.383","64.0","PROGRESS, AY","    0","B,,S",,,"  -87",",,S",,," -123","H,,S"
"AYM00089574","2021-10-12","-69.383","76.383","64.0","PROGRESS, AY","    0","B,,S",,,,," -160",",,S","  -78","H,,S"
"AYM00089574","2021-10-13","-69.383","76.383","64.0","PROGRESS, AY","    3","B,,S",,,"  -24",",,S","  -52",",,S","  -29","H,,S"
"AYM00089574","2021-10-14","-69.383","76.383","64.0","PROGRESS, AY","   13","B,,S",,,,,,,"  -92","H,,S"
"AYM00089574","2021-10-15","-69.383","76.383","64.0","PROGRESS, AY","    0","B,,S",,,"  -80",",,S",,," -106","H,,S"
"AYM00089574","2021-10-16","-69.383","76.383","64.0","PROGRESS, AY","    0","B,,S",,,"  -57",",,S"," -139",",,S","  -84","H,,S"
"AYM00089574","2021-10-17","-69.383","76.383","64.0","PROGRESS, AY","    0","B,,S",,,"  -32",",,S","  -92",",,S","  -46","H,,S"
"AYM00089574","2021-10-18","-69.383","76.383","64.0","PROGRESS, AY","    0","B,,S",,,"  -30",",,S",,,"  -49","H,,S"
"AYM00089574","2021-10-19","-69.383","76.383","64.0","PROGRESS, AY","    0","B,,S",,,"  -55",",,S",,,"  -82","H,,S"
"AYM00089574","2021-10-20","-69.383","76.383","64.0","PROGRESS, AY","    0","B,,S",,,"  -77",",,S"," -119",",,S"," -101","H,,S"
"AYM00089574","2021-10-21","-69.383","76.383","64.0","PROGRESS, AY","    0","B,,S",,,"  -51",",,S"," -129",",,S","  -94","H,,S"
"AYM00089574","2021-10-22","-69.383","76.383","64.0","PROGRESS, AY","    0","B,,S",,,"  -75",",,S"," -119",",,S","  -98","H,,S"
"AYM00089574","2021-10-23","-69.383","76.383","64.0","PROGRESS, AY","    3","B,,S",,," -109",",,S",,," -136","H,,S"
"AYM00089574","2021-10-24","-69.383","76.383","64.0","PROGRESS, AY","    0","B,,S",,," -127",",,S"," -176",",,S"," -153","H,,S"
"AYM00089574","2021-10-25","-69.383","76.383","64.0","PROGRESS, AY","   79","B,,S",,,"  -25",",,S"," -160",",,S","  -47","H,,S"
"AYM00089574","2021-10-26","-69.383","76.383","64.0","PROGRESS, AY","  140","B,,S",,,"  -24",",,S","  -64",",,S","  -41","H,,S"
"AYM00089574","2021-10-27","-69.383","76.383","64.0","PROGRESS, AY","   41","B,,S",,,"   22",",,S",,,"  -49","H,,S"
"AYM00089574","2021-10-28","-69.383","76.383","64.0","PROGRESS, AY","    0","B,,S",,,"  -50",",,S",,,"  -96","H,,S"
"AYM00089574","2021-10-29","-69.383","76.383","64.0","PROGRESS, AY","    0","B,,S",,," -105",",,S"," -160",",,S"," -123","H,,S"
"AYM00089574","2021-10-30","-69.383","76.383","64.0","PROGRESS, AY","   30","B,,S",,,,," -128",",,S"," -101","H,,S"
"AYM00089574","2021-10-31","-69.383","76.383","64.0","PROGRESS, AY","   61","B,,S",,,"  -97",",,S",,," -106","H,,S"
"AYM00089574","2021-11-01","-69.383","76.383","64.0","PROGRESS, AY","   10","B,,S",,,"  -96",",,S",,," -118","H,,S"
"AYM00089574","2021-11-02","-69.383","76.383","64.0","PROGRESS, AY","    0","B,,S",,,"  -40",",,S"," -140",",,S"," -107","H,,S"
"AYM00089574","2021-11-03","-69.383","76.383","64.0","PROGRESS, AY","    0","B,,S",,,"  -41",",,S",,,"  -94","H,,S"
"AYM00089574","2021-11-04","-69.383","76.383","64.0","PROGRESS, AY","    0","B,,S",,,"  -83",",,S",,," -135","H,,S"
"AYM00089574","2021-11-05","-69.383","76.383","64.0","PROGRESS, AY","    0","B,,S",,," -107",",,S"," -183",",,S"," -133","H,,S"
"AYM00089574","2021-11-06","-69.383","76.383","64.0","PROGRESS, AY","    0","B,,S",,,"  -25",",,S"," -153",",,S","  -86","H,,S"
"AYM00089574","2021-11-07","-69.383","76.383","64.0","PROGRESS, AY","    0","B,,S",,,"  -57",",,S"," -165",",,S"," -100","H,,S"
"AYM00089574","2021-11-08","-69.383","76.383","64.0","PROGRESS, AY","    0","B,,S",,,"  -73",",,S"," -138",",,S","  -97","H,,S"
"AYM00089574","2021-11-09","-69.383","76.383","64.0","PROGRESS, AY","    0","B,,S",,,"  -68",",,S"," -158",",,S"," -101","H,,S"
"AYM00089574","2021-11-10","-69.383","76.383","64.0","PROGRESS, AY","    0","B,,S",,,"  -40",",,S"," -108",",,S","  -77","H,,S"
"AYM00089574","2021-11-11","-69.383","76.383","64.0","PROGRESS, AY","    0","B,,S",,,"  -39",",,S","  -93",",,S","  -58","H,,S"
"AYM00089574","2021-11-12","-69.383","76.383","64.0","PROGRESS, AY","   10","B,,S",,,"  -18",",,S","  -81",",,S","  -49","H,,S"
"AYM00089574","2021-11-13","-69.383","76.383","64.0","PROGRESS, AY","   41","B,,S",,,"  -25",",,S","  -41",",,S","  -37","H,,S"
"AYM00089574","2021-11-14","-69.383","76.383","64.0","PROGRESS, AY","   51","B,,S",,,"  -19",",,S","  -45",",,S","  -36","H,,S"
"AYM00089574","2021-11-15","-69.383","76.383","64.0","PROGRESS, AY","   41","B,,S",,,"  -25",",,S","  -67",",,S","  -46","H,,S"
"AYM00089574","2021-11-16","-69.383","76.383","64.0","PROGRESS, AY","    0","B,,S",,,"   -6",",,S",,,"  -69","H,,S"
"AYM00089574","2021-11-17","-69.383","76.383","64.0","PROGRESS, AY","    0","B,,S",,,"  -34",",,S"," -128",",,S","  -59","H,,S"
"AYM00089574","2021-11-18","-69.383","76.383","64.0","PROGRESS, AY","    0","B,,S",,,"   10",",,S","  -45",",,S","  -23","H,,S"
"AYM00089574","2021-11-19","-69.383","76.383","64.0","PROGRESS, AY","    0","B,,S",,,"    5",",,S","  -51",",,S","  -29","H,,S"
"AYM00089574","2021-11-20","-69.383","76.383","64.0","PROGRESS, AY","    0","B,,S",,,"   33",",,S","  -64",",,S","  -22","H,,S"
"AYM00089574","2021-11-21","-69.383","76.383","64.0","PROGRESS, AY","    0","B,,S",,,,,"  -83",",,S","  -39","H,,S"
"AYM00089574","2021-11-22","-69.383","76.383","64.0","PROGRESS, AY","    0","B,,S",,,"  -66",",,S"," -123",",,S","  -93","H,,S"
"AYM00089574","2021-11-23","-69.383","76.383","64.0","PROGRESS, AY","    0","B,,S",,,"  -30",",,S"," -117",",,S","  -67","H,,S"
"AYM00089574","2021-11-24","-69.383","76.383","64.0","PROGRESS, AY","    0","B,,S",,,"  -31",",,S","  -86",",,S","  -62","H,,S"
"AYM00089574","2021-11-25","-69.383","76.383","64.0","PROGRESS, AY","    0","B,,S",,,"  -14",",,S","  -97",",,S","  -69","H,,S"
"AYM00089574","2021-11-26","-69.383","76.383","64.0","PROGRESS, AY","    0","B,,S",,,"  -43",",,S","  -89",",,S","  -68","H,,S"
"AYM00089574","2021-11-27","-69.383","76.383","64.0","PROGRESS, AY","    0","B,,S",,,"    6",",,S","  -84",",,S","  -39","H,,S"
"AYM00089574","2021-11-28","-69.383","76.383","64.0","PROGRESS, AY","    0","B,,S",,,"   -3",",,S","  -63",",,S","  -41","H,,S"
"AYM00089574","2021-11-29","-69.383","76.383","64.0","PROGRESS, AY","    0","B,,S",,,"   16",",,S","  -72",",,S","  -21","H,,S"
"AYM00089574","2021-11-30","-69.383","76.383","64.0","PROGRESS, AY","    0","B,,S",,,"   26",",,S","  -26",",,S","    3","H,,S"
"AYM00089574","2021-12-01","-69.383","76.383","64.0","PROGRESS, AY",,,,,"  -13",",,S",,,"  -22","H,,S"
"AYM00089574","2021-12-02","-69.383","76.383","64.0","PROGRESS, AY","    0","B,,S",,,"   16",",,S","  -43",",,S","   -8","H,,S"
"AYM00089574","2021-12-03","-69.383","76.383","64.0","PROGRESS, AY","    0","B,,S",,,"   30",",,S","  -26",",,S","   12","H,,S"
"AYM00089574","2021-12-04","-69.383","76.383","64.0","PROGRESS, AY","    0","B,,S",,,"   23",",,S",,,"    5","H,,S"
"AYM00089574","2021-12-05","-69.383","76.383","64.0","PROGRESS, AY","    0","B,,S",,,"   17",",,S","  -11",",,S","    1","H,,S"
"AYM00089574","2021-12-06","-69.383","76.383","64.0","PROGRESS, AY","    0","B,,S",,,"   15",",,S","   -6",",,S","    5","H,,S"
"AYM00089574","2021-12-07","-69.383","76.383","64.0","PROGRESS, AY",,,,,"   28",",,S",,,"    4","H,,S"
"AYM00089574","2021-12-08","-69.383","76.383","64.0","PROGRESS, AY",,,,,"   11",",,S","  -19",",,S","   -3","H,,S"
"AYM00089574","2021-12-09","-69.383","76.383","64.0","PROGRESS, AY",,,,,"   18",",,S","  -25",",,S","   -7","H,,S"
"AYM00089574","2021-12-10","-69.383","76.383","64.0","PROGRESS, AY","    0","B,,S",,,"   28",",,S","  -21",",,S","    0","H,,S"
"AYM00089574","2021-12-11","-69.383","76.383","64.0","PROGRESS, AY","    0","B,,S",,,"   17",",,S","  -19",",,S","   -6","H,,S"
"AYM00089574","2021-12-12","-69.383","76.383","64.0","PROGRESS, AY","    0","B,,S",,,"   23",",,S","  -18",",,S","    9","H,,S"
"AYM00089574","2021-12-13","-69.383","76.383","64.0","PROGRESS, AY","    0","B,,S",,,"   23",",,S","   -6",",,S","    8","H,,S"
"AYM00089574","2021-12-14","-69.383","76.383","64.0","PROGRESS, AY","    0","B,,S",,,"   42",",,S","    1",",,S","   13","H,,S"
"AYM00089574","2021-12-15","-69.383","76.383","64.0","PROGRESS, AY","    8","B,,S",,,"   13",",,S","  -24",",,S","    6","H,,S"
"AYM00089574","2021-12-16","-69.383","76.383","64.0","PROGRESS, AY","    0","B,,S",,,"   30",",,S","  -14",",,S","   13","H,,S"
"AYM00089574","2021-12-17","-69.383","76.383","64.0","PROGRESS, AY","    0","B,,S",,,"   32",",,S","   -6",",,S","   10","H,,S"
"AYM00089574","2021-12-18","-69.383","76.383","64.0","PROGRESS, AY","    0","B,,S",,,"   72",",,S","   -6",",,S","   35","H,,S"
"AYM00089574","2021-12-19","-69.383","76.383","64.0","PROGRESS, AY","    0","B,,S",,,"   50",",,S",,,"   31","H,,S"
"AYM00089574","2021-12-20","-69.383","76.383","64.0","PROGRESS, AY","    0","B,,S",,,"   29",",,S","   -5",",,S","   12","H,,S"
"AYM00089574","2021-12-21","-69.383","76.383","64.0","PROGRESS, AY","    0","B,,S",,,"   30",",,S",,,"    8","H,,S"
"AYM00089574","2021-12-22","-69.383","76.383","64.0","PROGRESS, AY","    0","B,,S",,,"   39",",,S","  -17",",,S","   10","H,,S"
"AYM00089574","2021-12-23","-69.383","76.383","64.0","PROGRESS, AY","    0","B,,S",,,"   42",",,S","   -9",",,S","   15","H,,S"
"AYM00089574","2021-12-24","-69.383","76.383","64.0","PROGRESS, AY","    0","B,,S",,,"   46",",,S","   -9",",,S","   17","H,,S"
"AYM00089574","2021-12-25","-69.383","76.383","64.0","PROGRESS, AY","    0","B,,S",,,"   32",",,S",,,"    7","H,,S"
"AYM00089574","2021-12-26","-69.383","76.383","64.0","PROGRESS, AY","    0","B,,S",,,"    2",",,S","  -38",",,S","  -14","H,,S"
"AYM00089574","2021-12-27","-69.383","76.383","64.0","PROGRESS, AY","    0","B,,S",,,"    3",",,S","  -22",",,S","   -5","H,,S"
"AYM00089574","2021-12-28","-69.383","76.383","64.0","PROGRESS, AY","    0","B,,S",,,"   13",",,S",,,"   -7","H,,S"
"AYM00089574","2021-12-29","-69.383","76.383","64.0","PROGRESS, AY","    0","B,,S",,,"    6",",,S","  -38",",,S","  -18","H,,S"
"AYM00089574","2021-12-30","-69.383","76.383","64.0","PROGRESS, AY","    0","B,,S",,,"   18",",,S","  -31",",,S","   -8","H,,S"
"AYM00089574","2021-12-31","-69.383","76.383","64.0","PROGRESS, AY","    3","B,,S",,,"   23",",,S","  -17",",,S","   -5","H,,S"
"AYM00089574","2022-01-01","-69.383","76.383","64.0","PROGRESS, AY","    0","B,,S",,,"   25",",,S","  -22",",,S","   -1","H,,S"
"AYM00089574","2022-01-02","-69.383","76.383","64.0","PROGRESS, AY","    0","B,,S",,,"   45",",,S","  -33",",,S","   -1","H,,S"
"AYM00089574","2022-01-03","-69.383","76.383","64.0","PROGRESS, AY","    0","B,,S",,,"   20",",,S",,,"   -6","H,,S"
"AYM00089574","2022-01-04","-69.383","76.383","64.0","PROGRESS, AY","    0","B,,S",,,"    9",",,S","  -42",",,S","  -16","H,,S"
"AYM00089574","2022-01-05","-69.383","76.383","64.0","PROGRESS, AY","    0","B,,S",,,"   26",",,S","  -43",",,S","   -8","H,,S"
"AYM00089574","2022-01-06","-69.383","76.383","64.0","PROGRESS, AY","    0","B,,S",,,"   29",",,S","  -46",",,S","   -8","H,,S"
"AYM00089574","2022-01-07","-69.383","76.383","64.0","PROGRESS, AY","    0","B,,S",,,"   27",",,S","  -30",",,S","    3","H,,S"
"AYM00089574","2022-01-08","-69.383","76.383","64.0","PROGRESS, AY","    0","B,,S",,,"   54",",,S","  -14",",,S","   20","H,,S"
"AYM00089574","2022-01-09","-69.383","76.383","64.0","PROGRESS, AY","    0","B,,S",,,"   43",",,S",,,"   11","H,,S"
"AYM00089574","2022-01-10","-69.383","76.383","64.0","PROGRESS, AY","    0","B,,S",,,"   17",",,S","  -32",",,S","   -9","H,,S"
"AYM00089574","2022-01-11","-69.383","76.383","64.0","PROGRESS, AY","    0","B,,S",,,"   17",",,S","  -51",",,S","  -12","H,,S"
"AYM00089574","2022-01-12","-69.383","76.383","64.0","PROGRESS, AY","    0","B,,S",,,"   30",",,S","  -32",",,S","   -7","H,,S"
"AYM00089574","2022-01-13","-69.383","76.383","64.0","PROGRESS, AY","    0","B,,S",,,"   29",",,S","  -32",",,S","    7","H,,S"
"AYM00089574","2022-01-14","-69.383","76.383","64.0","PROGRESS, AY",,,,,"   32",",,S",,,"    9","H,,S"
"AYM00089574","2022-01-15","-69.383","76.383","64.0","PROGRESS, AY","    0","B,,S",,,"   32",",,S",,,"    1","H,,S"
"AYM00089574","2022-01-16","-69.383","76.383","64.0","PROGRESS, AY","    0","B,,S",,,"   32",",,S","  -30",",,S","    3","H,,S"
"AYM00089574","2022-01-17","-69.383","76.383","64.0","PROGRESS, AY","    0","B,,S",,,"   20",",,S","  -35",",,S","   -9","H,,S"
"AYM00089574","2022-01-18","-69.383","76.383","64.0","PROGRESS, AY","    0","B,,S",,,"   26",",,S","  -44",",,S","   -5","H,,S"
"AYM00089574","2022-01-19","-69.383","76.383","64.0","PROGRESS, AY","    0","B,,S",,,"   35",",,S","  -36",",,S","    0","H,,S"
"AYM00089574","2022-01-20","-69.383","76.383","64.0","PROGRESS, AY","    0","B,,S",,,"    2",",,S","  -48",",,S","  -17","H,,S"
"AYM00089574","2022-01-21","-69.383","76.383","64.0","PROGRESS, AY","    0","B,,S",,,"   16",",,S","  -25",",,S","  -11","H,,S"
"AYM00089574","2022-01-22","-69.383","76.383","64.0","PROGRESS, AY","    0","B,,S",,,"   16",",,S",,,"   -3","H,,S"
"AYM00089574","2022-01-23","-69.383","76.383","64.0","PROGRESS, AY","    0","B,,S",,,"   48",",,S","    5",",,S","   22","H,,S"
"AYM00089574","2022-01-24","-69.383","76.383","64.0","PROGRESS, AY","    0","B,,S",,,"   48",",,S","    4",",,S","   23","H,,S"
"AYM00089574","2022-01-25","-69.383","76.383","64.0","PROGRESS, AY","    0","B,,S",,,"   37",",,S",,,"    9","H,,S"
"AYM00089574","2022-01-26","-69.383","76.383","64.0","PROGRESS, AY","    0","B,,S",,,"   40",",,S","  -17",",,S","   15","H,,S"
"AYM00089574","2022-01-27","-69.383","76.383","64.0","PROGRESS, AY","    0","B,,S",,,"   13",",,S","  -25",",,S","  -13","H,,S"
"AYM00089574","2022-01-28","-69.383","76.383","64.0","PROGRESS, AY","    0","B,,S",,,"    3",",,S","  -48",",,S","  -28","H,,S"
"AYM00089574","2022-01-29","-69.383","76.383","64.0","PROGRESS, AY","    0","B,,S",,,"   -5",",,S","  -57",",,S","  -32","H,,S"
"AYM00089574","2022-01-30","-69.383","76.383","64.0","PROGRESS, AY","    0","B,,S",,,"   29",",,S","  -50",",,S","    6","H,,S"
"AYM00089574","2022-01-31","-69.383","76.383","64.0","PROGRESS, AY","    5","B,,S",,,"    6",",,S","  -17",",,S","   -6","H,,S"
"AYM00089574","2022-02-01","-69.383","76.383","64.0","PROGRESS, AY","    0","B,,S",,,"   12",",,S",,,"  -12","H,,S"
"AYM00089574","2022-02-02","-69.383","76.383","64.0","PROGRESS, AY","    0","B,,S",,,"   33",",,S","  -38",",,S","    1","H,,S"
"AYM00089574","2022-02-03","-69.383","76.383","64.0","PROGRESS, AY",,,,,"   26",",,S",,,"   -2","H,,S"
"AYM00089574","2022-02-04","-69.383","76.383","64.0","PROGRESS, AY","    0","B,,S",,,"   26",",,S","  -30",",,S","   -7","H,,S"
"AYM00089574","2022-02-05","-69.383","76.383","64.0","PROGRESS, AY","    0","B,,S",,,"    9",",,S","  -22",",,S","   -3","H,,S"
"AYM00089574","2022-02-06","-69.383","76.383","64.0","PROGRESS, AY","    0","B,,S",,,"   15",",,S","  -16",",,S","   -1","H,,S"
"AYM00089574","2022-02-07","-69.383","76.383","64.0","PROGRESS, AY","    0","B,,S",,,"   21",",,S","  -15",",,S","   -2","H,,S"
"AYM00089574","2022-02-08","-69.383","76.383","64.0","PROGRESS, AY","    0","B,,S",,,"   15",",,S","  -40",",,S","  -11","H,,S"
"AYM00089574","2022-02-09","-69.383","76.383","64.0","PROGRESS, AY","    0","B,,S",,,"   49",",,S","  -20",",,S","    5","H,,S"
"AYM00089574","2022-02-10","-69.383","76.383","64.0","PROGRESS, AY","    0","B,,S",,,"   14",",,S","  -27",",,S","   -7","H,,S"
"AYM00089574","2022-02-11","-69.383","76.383","64.0","PROGRESS, AY",,,,,"    0",",,S","  -46",",,S","  -18","H,,S"
"AYM00089574","2022-02-12","-69.383","76.383","64.0","PROGRESS, AY","    5","B,,S",,,"   27",",,S",,,"   -3","H,,S"
"AYM00089574","2022-02-13","-69.383","76.383","64.0","PROGRESS, AY","    0","B,,S",,,"   -3",",,S","  -43",",,S","  -22","H,,S"
"AYM00089574","2022-02-14","-69.383","76.383","64.0","PROGRESS, AY","    0","B,,S",,,"  -10",",,S",,,"  -28","H,,S"
"AYM00089574","2022-02-15","-69.383","76.383","64.0","PROGRESS, AY","    0","B,,S",,,"   -2",",,S","  -51",",,S","  -29","H,,S"
"AYM00089574","2022-02-16","-69.383","76.383","64.0","PROGRESS, AY","    0","B,,S",,,"  -20",",,S","  -52",",,S","  -36","H,,S"
"AYM00089574","2022-02-17","-69.383","76.383","64.0","PROGRESS, AY","   15","B,,S",,,"  -16",",,S","  -43",",,S","  -32","H,,S"
"AYM00089574","2022-02-18","-69.383","76.383","64.0","PROGRESS, AY","    0","B,,S",,,"  -18",",,S",,,"  -44","H,,S"
"AYM00089574","2022-02-20","-69.383","76.383","64.0","PROGRESS, AY","   15","B,,S",,,,,"  -31",",,S","   -5","H,,S"
"AYM00089574","2022-02-21","-69.383","76.383","64.0","PROGRESS, AY","   71","B,,S",,,"  -26",",,S","  -41",",,S","  -32","H,,S"
"AYM00089574","2022-02-22","-69.383","76.383","64.0","PROGRESS, AY","    5","B,,S",,,"  -33",",,S",,,"  -61","H,,S"
"AYM00089574","2022-02-23","-69.383","76.383","64.0","PROGRESS, AY","    0","B,,S",,,"  -42",",,S","  -94",",,S","  -66","H,,S"
"AYM00089574","2022-02-24","-69.383","76.383","64.0","PROGRESS, AY","    0","B,,S",,,"  -13",",,S","  -72",",,S","  -38","H,,S"
"AYM00089574","2022-02-25","-69.383","76.383","64.0","PROGRESS, AY","    0","B,,S",,,"  -34",",,S",,,"  -50","H,,S"
"AYM00089574","2022-02-26","-69.383","76.383","64.0","PROGRESS, AY","    0","B,,S",,,"  -50",",,S","  -85",",,S","  -69","H,,S"
"AYM00089574","2022-02-28","-69.383","76.383","64.0","PROGRESS, AY","    0","B,,S",,,"  -28",",,S","  -67",",,S","  -45","H,,S"
"AYM00089574","2022-03-02","-69.383","76.383","64.0","PROGRESS, AY","    0","B,,S",,,"  -25",",,S","  -56",",,S","  -45","H,,S"
"AYM00089574","2022-03-03","-69.383","76.383","64.0","PROGRESS, AY","    0","B,,S",,,"  -31",",,S","  -87",",,S","  -62","H,,S"
"AYM00089574","2022-03-04","-69.383","76.383","64.0","PROGRESS, AY","    0","B,,S",,,"  -37",",,S","  -77",",,S","  -61","H,,S"
"AYM00089574","2022-03-05","-69.383","76.383","64.0","PROGRESS, AY","    3","B,,S",,,"  -32",",,S","  -83",",,S","  -59","H,,S"
"AYM00089574","2022-03-06","-69.383","76.383","64.0","PROGRESS, AY","    0","B,,S",,,"  -55",",,S","  -90",",,S","  -81","H,,S"
"AYM00089574","2022-03-07","-69.383","76.383","64.0","PROGRESS, AY","    0","B,,S",,,"  -60",",,S"," -105",",,S","  -83","H,,S"
"AYM00089574","2022-03-08","-69.383","76.383","64.0","PROGRESS, AY","    0","B,,S",,,"  -63",",,S","  -88",",,S","  -81","H,,S"
"AYM00089574","2022-03-09","-69.383","76.383","64.0","PROGRESS, AY","   18","B,,S",,,"  -70",",,S"," -102",",,S","  -84","H,,S"
"AYM00089574","2022-03-10","-69.383","76.383","64.0","PROGRESS, AY","    0","B,,S",,,"  -60",",,S",,,"  -77","H,,S"
"AYM00089574","2022-03-11","-69.383","76.383","64.0","PROGRESS, AY","    0","B,,S",,,"  -75",",,S"," -117",",,S","  -97","H,,S"
"AYM00089574","2022-03-12","-69.383","76.383","64.0","PROGRESS, AY","    0","B,,S",,,"  -55",",,S"," -107",",,S","  -78","H,,S"
"AYM00089574","2022-03-13","-69.383","76.383","64.0","PROGRESS, AY","    0","B,,S",,,"  -65",",,S",,,"  -78","H,,S"
"AYM00089574","2022-03-14","-69.383","76.383","64.0","PROGRESS, AY","    0","B,,S",,,"  -72",",,S"," -100",",,S","  -84","H,,S"
"AYM00089574","2022-03-15","-69.383","76.383","64.0","PROGRESS, AY","    0","B,,S",,,"  -25",",,S"," -105",",,S","  -57","H,,S"
"AYM00089574","2022-03-16","-69.383","76.383","64.0","PROGRESS, AY","    5","B,,S",,,,,,,"  -53","H,,S"
"AYM00089574","2022-03-17","-69.383","76.383","64.0","PROGRESS, AY","    0","B,,S",,,"  -30",",,S"," -115",",,S","  -62","H,,S"
"AYM00089574","2022-03-19","-69.383","76.383","64.0","PROGRESS, AY","    0","B,,S",,,,,"  -72",",,S","  -40","H,,S"
"AYM00089574","2022-03-20","-69.383","76.383","64.0","PROGRESS, AY","   20","B,,S",,,"  -60",",,S","  -75",",,S","  -66","H,,S"
"AYM00089574","2022-03-21","-69.383","76.383","64.0","PROGRESS, AY","    0","B,,S",,,,,"  -68",",,S","  -43","H,,S"
"AYM00089574","2022-03-22","-69.383","76.383","64.0","PROGRESS, AY","    0","B,,S",,,,,,,"  -13","H,,S"
"AYM00089574","2022-03-23","-69.383","76.383","64.0","PROGRESS, AY","    8","B,,S",,,"  -30",",,S",,,"  -40","H,,S"
"AYM00089574","2022-03-24","-69.383","76.383","64.0","PROGRESS, AY","    0","B,,S",,,"  -35",",,S",,,"  -64","H,,S"
"AYM00089574","2022-03-25","-69.383","76.383","64.0","PROGRESS, AY","    0","B,,S",,,"  -95",",,S",,," -109","H,,S"
"AYM00089574","2022-03-26","-69.383","76.383","64.0","PROGRESS, AY","    0","B,,S",,,"  -90",",,S"," -128",",,S"," -112","H,,S"
"AYM00089574","2022-03-27","-69.383","76.383","64.0","PROGRESS, AY","    0","B,,S",,," -105",",,S"," -125",",,S"," -116","H,,S"
"AYM00089574","2022-03-28","-69.383","76.383","64.0","PROGRESS, AY","    0","B,,S",,,"  -93",",,S"," -128",",,S"," -107","H,,S"
"AYM00089574","2022-03-29","-69.383","76.383","64.0","PROGRESS, AY","    0","B,,S",,,,," -128",",,S","  -85","H,,S"
"AYM00089574","2022-03-30","-69.383","76.383","64.0","PROGRESS, AY","   41","B,,S",,,,,,,"  -58","H,,S"
"AYM00089574","2022-03-31","-69.383","76.383","64.0","PROGRESS, AY","   99","B,,S",,,"  -80",",,S",,,"  -87","H,,S"
"AYM00089574","2022-04-01","-69.383","76.383","64.0","PROGRESS, AY","    8","B,,S",,,,," -125",",,S"," -108","H,,S"
"AYM00089574","2022-04-03","-69.383","76.383","64.0","PROGRESS, AY","    0","B,,S",,,"  -63",",,S","  -95",",,S","  -71","H,,S"
"AYM00089574","2022-04-04","-69.383","76.383","64.0","PROGRESS, AY","    8","B,,S",,,"  -78",",,S",,,"  -83","H,,S"
"AYM00089574","2022-04-05","-69.383","76.383","64.0","PROGRESS, AY","    5","B,,S",,,"  -84",",,S",,,"  -91","H,,S"
"AYM00089574","2022-04-06","-69.383","76.383","64.0","PROGRESS, AY","    5","B,,S",,,,,,," -145","H,,S"
"AYM00089574","2022-04-07","-69.383","76.383","64.0","PROGRESS, AY","    5","B,,S",,,,," -147",",,S"," -123","H,,S"
"AYM00089574","2022-04-08","-69.383","76.383","64.0","PROGRESS, AY","   51","B,,S",,,,," -102",",,S","  -95","H,,S"
"AYM00089574","2022-04-09","-69.383","76.383","64.0","PROGRESS, AY","   71","B,,S",,,,,"  -77",",,S","  -52","H,,S"
"AYM00089574","2022-04-10","-69.383","76.383","64.0","PROGRESS, AY","    0","B,,S",,,,,,,"  -56","H,,S"
"AYM00089574","2022-04-11","-69.383","76.383","64.0","PROGRESS, AY","    0","B,,S",,,,,,,"  -90","H,,S"
"AYM00089574","2022-04-12","-69.383","76.383","64.0","PROGRESS, AY","    0","B,,S",,," -131",",,S",,," -138","H,,S"
"AYM00089574","2022-04-13","-69.383","76.383","64.0","PROGRESS, AY","    0","B,,S",,," -123",",,S"," -145",",,S"," -129","H,,S"
"AYM00089574","2022-04-14","-69.383","76.383","64.0","PROGRESS, AY","    0","B,,S",,,,,,," -157","H,,S"
"AYM00089574","2022-04-15","-69.383","76.383","64.0","PROGRESS, AY","    3","B,,S",,,,,,," -206","H,,S"
"AYM00089574","2022-04-17","-69.383","76.383","64.0","PROGRESS, AY",,,,,,,,,"  -86","H,,S"
"AYM00089574","2022-04-18","-69.383","76.383","64.0","PROGRESS, AY","   10","B,,S",,,,,,," -143","H,,S"
"AYM00089574","2022-04-19","-69.383","76.383","64.0","PROGRESS, AY","    0","B,,S",,," -123",",,S"," -185",",,S"," -147","H,,S"
"AYM00089574","2022-04-20","-69.383","76.383","64.0","PROGRESS, AY","    0","B,,S",,,,,,," -144","H,,S"
"AYM00089574","2022-04-21","-69.383","76.383","64.0","PROGRESS, AY","    0","B,,S",,,,,,," -182","H,,S"
"AYM00089574","2022-04-22","-69.383","76.383","64.0","PROGRESS, AY","   79","B,,S",,,,," -130",",,S","  -95","H,,S"
"AYM00089574","2022-04-23","-69.383","76.383","64.0","PROGRESS, AY","   79","B,,S",,,,,,," -108","H,,S"
"AYM00089574","2022-04-24","-69.383","76.383","64.0","PROGRESS, AY","   71","B,,S",,," -115",",,S",,," -132","H,,S"
"AYM00089574","2022-04-25","-69.383","76.383","64.0","PROGRESS, AY","   20","B,,S",,,,,,," -177","H,,S"
"AYM00089574","2022-04-26","-69.383","76.383","64.0","PROGRESS, AY","    5","B,,S",,,,," -165",",,S"," -135","H,,S"
"AYM00089574","2022-04-27","-69.383","76.383","64.0","PROGRESS, AY","    0","B,,S",,," -132",",,S"," -160",",,S"," -148","H,,S"
"AYM00089574","2022-04-28","-69.383","76.383","64.0","PROGRESS, AY","    0","B,,S",,," -115",",,S"," -168",",,S"," -138","H,,S"
"AYM00089574","2022-04-29","-69.383","76.383","64.0","PROGRESS, AY","    0","B,,S",,,,,,," -155","H,,S"
"AYM00089574","2022-04-30","-69.383","76.383","64.0","PROGRESS, AY","    0","B,,S",,," -160",",,S",,," -171","H,,S"
"AYM00089574","2022-05-03","-69.383","76.383","64.0","PROGRESS, AY","    0","B,,S",,,,,,," -331","H,,S"
"AYM00089574","2022-05-04","-69.383","76.383","64.0","PROGRESS, AY","    0","B,,S",,," -320",",,S"," -365",",,S"," -346","H,,S"
"AYM00089574","2022-05-05","-69.383","76.383","64.0","PROGRESS, AY","    0","B,,S",,,,," -367",",,S"," -234","H,,S"
"AYM00089574","2022-05-06","-69.383","76.383","64.0","PROGRESS, AY","   79","B,,S",,,"  -40",",,S"," -147",",,S","  -56","H,,S"
"AYM00089574","2022-05-07","-69.383","76.383","64.0","PROGRESS, AY","   10","B,,S",,,"  -54",",,S","  -58",",,S","  -56","H,,S"
"AYM00089574","2022-05-08","-69.383","76.383","64.0","PROGRESS, AY","    0","B,,S",,,,,,,"  -78","H,,S"
"AYM00089574","2022-05-09","-69.383","76.383","64.0","PROGRESS, AY","    0","B,,S",,," -100",",,S"," -199",",,S"," -138","H,,S"
"AYM00089574","2022-05-10","-69.383","76.383","64.0","PROGRESS, AY","    0","B,,S",,," -127",",,S",,," -156","H,,S"
"AYM00089574","2022-05-11","-69.383","76.383","64.0","PROGRESS, AY","    0","B,,S",,,,," -182",",,S"," -173","H,,S"
"AYM00089574","2022-05-12","-69.383","76.383","64.0","PROGRESS, AY","    0","B,,S",,," -137",",,S"," -161",",,S"," -144","H,,S"
"AYM00089574","2022-05-13","-69.383","76.383","64.0","PROGRESS, AY","   13","B,,S",,," -145",",,S",,," -159","H,,S"
"AYM00089574","2022-05-14","-69.383","76.383","64.0","PROGRESS, AY","   13","B,,S",,,,,,," -149","H,,S"
"AYM00089574","2022-05-15","-69.383","76.383","64.0","PROGRESS, AY","    0","B,,S",,," -180",",,S",,," -202","H,,S"
"AYM00089574","2022-05-16","-69.383","76.383","64.0","PROGRESS, AY","    0","B,,S",,," -220",",,S",,," -248","H,,S"
"AYM00089574","2022-05-17","-69.383","76.383","64.0","PROGRESS, AY","    0","B,,S",,,"  -86",",,S"," -268",",,S"," -173","H,,S"
"AYM00089574","2022-05-18","-69.383","76.383","64.0","PROGRESS, AY","    0","B,,S",,," -215",",,S",,," -232","H,,S"
"AYM00089574","2022-05-19","-69.383","76.383","64.0","PROGRESS, AY","    0","B,,S",,,,,,," -254","H,,S"
"AYM00089574","2022-05-20","-69.383","76.383","64.0","PROGRESS, AY","    0","B,,S",,,,," -287",",,S"," -280","H,,S"
"AYM00089574","2022-05-21","-69.383","76.383","64.0","PROGRESS, AY","   10","B,,S",,,,," -277",",,S"," -111","H,,S"
"AYM00089574","2022-05-22","-69.383","76.383","64.0","PROGRESS, AY","    0","B,,S",,,,,,,"  -48","H,,S"
"AYM00089574","2022-05-23","-69.383","76.383","64.0","PROGRESS, AY","   30","B,,S",,,"  -58",",,S",,,"  -93","H,,S"
"AYM00089574","2022-05-24","-69.383","76.383","64.0","PROGRESS, AY","   51","B,,S",,," -215",",,S",,," -242","H,,S"
"AYM00089574","2022-05-25","-69.383","76.383","64.0","PROGRESS, AY","    0","B,,S",,," -143",",,S"," -285",",,S"," -151","H,,S"
"AYM00089574","2022-05-26","-69.383","76.383","64.0","PROGRESS, AY","    0","B,,S",,,,," -168",",,S"," -121","H,,S"
"AYM00089574","2022-05-27","-69.383","76.383","64.0","PROGRESS, AY","    0","B,,S",,,,,,," -103","H,,S"
"AYM00089574","2022-05-28","-69.383","76.383","64.0","PROGRESS, AY","   15","B,,S",,,"  -65",",,S","  -85",",,S","  -72","H,,S"
"AYM00089574","2022-05-29","-69.383","76.383","64.0","PROGRESS, AY","   20","B,,S",,,,,,,"  -68","H,,S"
"AYM00089574","2022-05-30","-69.383","76.383","64.0","PROGRESS, AY","    5","B,,S",,,"  -67",",,S","  -92",",,S","  -83","H,,S"
"AYM00089574","2022-05-31","-69.383","76.383","64.0","PROGRESS, AY","   15","B,,S",,,,,,,"  -98","H,,S"
"AYM00089574","2022-06-01","-69.383","76.383","64.0","PROGRESS, AY","   61","B,,S",,,,,,,"  -79","H,,S"
"AYM00089574","2022-06-02","-69.383","76.383","64.0","PROGRESS, AY","    0","B,,S",,,,,,,"  -98","H,,S"
"AYM00089574","2022-06-03","-69.383","76.383","64.0","PROGRESS, AY","    0","B,,S",,,,," -135",",,S"," -106","H,,S"
"AYM00089574","2022-06-04","-69.383","76.383","64.0","PROGRESS, AY",,,,,,,"  -85",",,S","  -51","H,,S"
"AYM00089574","2022-06-05","-69.383","76.383","64.0","PROGRESS, AY","    5","B,,S",,,"  -34",",,S",,,"  -42","H,,S"
"AYM00089574","2022-06-06","-69.383","76.383","64.0","PROGRESS, AY","   10","B,,S",,,"  -35",",,S","  -87",",,S","  -58","H,,S"
"AYM00089574","2022-06-07","-69.383","76.383","64.0","PROGRESS, AY","   30","B,,S",,,,,,,"  -68","H,,S"
"AYM00089574","2022-06-08","-69.383","76.383","64.0","PROGRESS, AY","    8","B,,S",,,"  -60",",,S",,,"  -73","H,,S"
"AYM00089574","2022-06-09","-69.383","76.383","64.0","PROGRESS, AY","    0","B,,S",,,"  -24",",,S","  -78",",,S","  -42","H,,S"
"AYM00089574","2022-06-10","-69.383","76.383","64.0","PROGRESS, AY","    0","B,,S",,,"  -40",",,S",,,"  -59","H,,S"
"AYM00089574","2022-06-11","-69.383","76.383","64.0","PROGRESS, AY","    0","B,,S",,,,," -105",",,S","  -89","H,,S"
"AYM00089574","2022-06-12","-69.383","76.383","64.0","PROGRESS, AY","    0","B,,S",,,,,"  -89",",,S","  -44","H,,S"
"AYM00089574","2022-06-13","-69.383","76.383","64.0","PROGRESS, AY",,,,,,," -150",",,S","  -32","H,,S"
"AYM00089574","2022-06-15","-69.383","76.383","64.0","PROGRESS, AY","    0","B,,S",,,,,"  -93",",,S","  -78","H,,S"
"AYM00089574","2022-06-16","-69.383","76.383","64.0","PROGRESS, AY","    0","B,,S",,,"  -72",",,S"," -107",",,S","  -80","H,,S"
"AYM00089574","2022-06-17","-69.383","76.383","64.0","PROGRESS, AY","    0","B,,S",,,"  -74",",,S","  -90",",,S","  -83","H,,S"
"AYM00089574","2022-06-18","-69.383","76.383","64.0","PROGRESS, AY","    0","B,,S",,,,,,," -154","H,,S"
"AYM00089574","2022-06-19","-69.383","76.383","64.0","PROGRESS, AY","    0","B,,S",,,,," -195",",,S"," -116","H,,S"
"AYM00089574","2022-06-20","-69.383","76.383","64.0","PROGRESS, AY","    0","B,,S",,,"  -85",",,S",,," -106","H,,S"
"AYM00089574","2022-06-21","-69.383","76.383","64.0","PROGRESS, AY","    0","B,,S",,," -102",",,S"," -147",",,S"," -119","H,,S"
"AYM00089574","2022-06-22","-69.383","76.383","64.0","PROGRESS, AY","    0","B,,S",,,,,,," -149","H,,S"
"AYM00089574","2022-06-24","-69.383","76.383","64.0","PROGRESS, AY","    0","B,,S",,," -175",",,S"," -218",",,S"," -195","H,,S"
"AYM00089574","2022-06-25","-69.383","76.383","64.0","PROGRESS, AY","    5","B,,S",,,,," -206",",,S"," -177","H,,S"
"AYM00089574","2022-06-26","-69.383","76.383","64.0","PROGRESS, AY","    0","B,,S",,,"  -71",",,S"," -173",",,S","  -89","H,,S"
"AYM00089574","2022-06-27","-69.383","76.383","64.0","PROGRESS, AY","   20","B,,S",,,"  -75",",,S",,,"  -91","H,,S"
"AYM00089574","2022-06-28","-69.383","76.383","64.0","PROGRESS, AY","    0","B,,S",,," -115",",,S",,," -126","H,,S"
"AYM00089574","2022-06-29","-69.383","76.383","64.0","PROGRESS, AY","    0","B,,S",,,,,,," -168","H,,S"
"AYM00089574","2022-06-30","-69.383","76.383","64.0","PROGRESS, AY","    0","B,,S",,," -180",",,S",,," -198","H,,S"
"AYM00089574","2022-07-01","-69.383","76.383","64.0","PROGRESS, AY","    0","B,,S",,," -210",",,S",,," -217","H,,S"
"AYM00089574","2022-07-02","-69.383","76.383","64.0","PROGRESS, AY","    0","B,,S",,," -227",",,S",,," -231","H,,S"
"AYM00089574","2022-07-03","-69.383","76.383","64.0","PROGRESS, AY","    0","B,,S",,,,," -231",",,S"," -122","H,,S"
"AYM00089574","2022-07-04","-69.383","76.383","64.0","PROGRESS, AY","    5","B,,S",,,,,,," -104","H,,S"
"AYM00089574","2022-07-05","-69.383","76.383","64.0","PROGRESS, AY","    8","B,,S",,,,,,," -115","H,,S"
"AYM00089574","2022-07-06","-69.383","76.383","64.0","PROGRESS, AY","    0","B,,S",,,,,,," -133","H,,S"
"AYM00089574","2022-07-07","-69.383","76.383","64.0","PROGRESS, AY","    0","B,,S",,," -137",",,S",,," -149","H,,S"
"AYM00089574","2022-07-08","-69.383","76.383","64.0","PROGRESS, AY","    0","B,,S",,," -135",",,S"," -177",",,S"," -155","H,,S"
"AYM00089574","2022-07-09","-69.383","76.383","64.0","PROGRESS, AY","    0","B,,S",,," -145",",,S"," -184",",,S"," -158","H,,S"
"AYM00089574","2022-07-10","-69.383","76.383","64.0","PROGRESS, AY","    0","B,,S",,,,,,," -206","H,,S"
"AYM00089574","2022-07-11","-69.383","76.383","64.0","PROGRESS, AY","    0","B,,S",,," -215",",,S"," -251",",,S"," -234","H,,S"
"AYM00089574","2022-07-12","-69.383","76.383","64.0","PROGRESS, AY","    0","B,,S",,,,," -245",",,S"," -232","H,,S"
"AYM00089574","2022-07-13","-69.383","76.383","64.0","PROGRESS, AY","    0","B,,S",,," -213",",,S"," -245",",,S"," -219","H,,S"
"AYM00089574","2022-07-14","-69.383","76.383","64.0","PROGRESS, AY","    0","B,,S",,,"  -90",",,S"," -250",",,S"," -157","H,,S"
"AYM00089574","2022-07-16","-69.383","76.383","64.0","PROGRESS, AY","   89","B,,S",,,"  -38",",,S",,,"  -53","H,,S"
"AYM00089574","2022-07-17","-69.383","76.383","64.0","PROGRESS, AY","   41","B,,S",,,"  -65",",,S",,,"  -91","H,,S"
"AYM00089574","2022-07-18","-69.383","76.383","64.0","PROGRESS, AY","    0","B,,S",,,,,,," -166","H,,S"
"AYM00089574","2022-07-19","-69.383","76.383","64.0","PROGRESS, AY","    0","B,,S",,," -195",",,S"," -225",",,S"," -212","H,,S"
"AYM00089574","2022-07-20","-69.383","76.383","64.0","PROGRESS, AY","    0","B,,S",,," -202",",,S",,," -211","H,,S"
"AYM00089574","2022-07-21","-69.383","76.383","64.0","PROGRESS, AY","    0","B,,S",,,,,,," -241","H,,S"
"AYM00089574","2022-07-22","-69.383","76.383","64.0","PROGRESS, AY","    0","B,,S",,," -251",",,S",,," -264","H,,S"
"AYM00089574","2022-07-23","-69.383","76.383","64.0","PROGRESS, AY","    0","B,,S",,," -125",",,S"," -267",",,S"," -142","H,,S"
"AYM00089574","2022-07-24","-69.383","76.383","64.0","PROGRESS, AY","    0","B,,S",,," -121",",,S",,," -138","H,,S"
"AYM00089574","2022-07-25","-69.383","76.383","64.0","PROGRESS, AY","    0","B,,S",,,,," -195",",,S"," -158","H,,S"
"AYM00089574","2022-07-26","-69.383","76.383","64.0","PROGRESS, AY","    0","B,,S",,," -110",",,S"," -151",",,S"," -127","H,,S"
"AYM00089574","2022-07-27","-69.383","76.383","64.0","PROGRESS, AY","    0","B,,S",,,,," -138",",,S","  -50","H,,S"
"AYM00089574","2022-07-28","-69.383","76.383","64.0","PROGRESS, AY","    0","B,,S",,,"  -23",",,S","  -55",",,S","  -37","H,,S"
"AYM00089574","2022-07-29","-69.383","76.383","64.0","PROGRESS, AY","    0","B,,S",,,"  -35",",,S","  -59",",I,S","  -49","H,,S"
"AYM00089574","2022-07-30","-69.383","76.383","64.0","PROGRESS, AY","    0","B,,S",,,"  -80",",I,S",,,"  -88","H,,S"
"AYM00089574","2022-08-02","-69.383","76.383","64.0","PROGRESS, AY","   79","B,,S",,,"  -37",",,S","  -82",",,S","  -57","H,,S"
"AYM00089574","2022-08-03","-69.383","76.383","64.0","PROGRESS, AY","   30","B,,S",,,"  -65",",,S",,,"  -84","H,,S"
"AYM00089574","2022-08-04","-69.383","76.383","64.0","PROGRESS, AY","   30","B,,S",,,,,,,"  -60","H,,S"
"AYM00089574","2022-08-05","-69.383","76.383","64.0","PROGRESS, AY","   30","B,,S",,,,,"  -85",",,S","  -71","H,,S"
"AYM00089574","2022-08-06","-69.383","76.383","64.0","PROGRESS, AY","    0","B,,S",,,,,,," -101","H,,S"
"AYM00089574","2022-08-07","-69.383","76.383","64.0","PROGRESS, AY","    0","B,,S",,,,," -145",",,S"," -132","H,,S"
"AYM00089574","2022-08-08","-69.383","76.383","64.0","PROGRESS, AY","    0","B,,S",,,,,,," -120","H,,S"
"AYM00089574","2022-08-09","-69.383","76.383","64.0","PROGRESS, AY","    0","B,,S",,,"  -95",",,S"," -151",",,S"," -113","H,,S"
"AYM00089574","2022-08-11","-69.383","76.383","64.0","PROGRESS, AY","    0","B,,S",,,,," -215",",,S"," -161","H,,S"
"AYM00089574","2022-08-12","-69.383","76.383","64.0","PROGRESS, AY","   41","B,,S",,,"  -90",",,S"," -138",",,S"," -109","H,,S"
"AYM00089574","2022-08-13","-69.383","76.383","64.0","PROGRESS, AY","   20","B,,S",,,,,,," -153","H,,S"
"AYM00089574","2022-08-14","-69.383","76.383","64.0","PROGRESS, AY","   30","B,,S",,,"  -36",",,S"," -143",",,S","  -66","H,,S"
"AYM00089574","2022-08-15","-69.383","76.383","64.0","PROGRESS, AY","   10","B,,S",,,,,,,"  -99","H,,S"
"AYM00089574","2022-08-16","-69.383","76.383","64.0","PROGRESS, AY","   15","B,,S",,,,,,," -129","H,,S"
"AYM00089574","2022-08-17","-69.383","76.383","64.0","PROGRESS, AY","    0","B,,S",,," -155",",,S"," -165",",,S"," -161","H,,S"
"AYM00089574","2022-08-18","-69.383","76.383","64.0","PROGRESS, AY","    0","B,,S",,,,,,," -200","H,,S"
"AYM00089574","2022-08-19","-69.383","76.383","64.0","PROGRESS, AY","    0","B,,S",,," -227",",,S",,," -243","H,,S"
"AYM00089574","2022-08-20","-69.383","76.383","64.0","PROGRESS, AY","    0","B,,S",,," -241",",,S",,," -270","H,,S"
"AYM00089574","2022-08-21","-69.383","76.383","64.0","PROGRESS, AY","    5","B,,S",,,,," -288",",,S"," -200","H,,S"
"AYM00089574","2022-08-22","-69.383","76.383","64.0","PROGRESS, AY","   79","B,,S",,,,,,," -113","H,,S"
"AYM00089574","2022-08-23","-69.383","76.383","64.0","PROGRESS, AY","   20","B,,S",,," -121",",,S",,," -135","H,,S"
"AYM00089574","2022-08-24","-69.383","76.383","64.0","PROGRESS, AY","    0","B,,S",,," -155",",,S",,," -169","H,,S"
"AYM00089574","2022-08-26","-69.383","76.383","64.0","PROGRESS, AY","    0","B,,S",,," -195",",,S"," -217",",,S"," -205","H,,S"
"AYM00089574","2022-08-27","-69.383","76.383","64.0","PROGRESS, AY","    0","B,,S",,," -150",",,S"," -207",",,S"," -168","H,,S"
"AYM00089574","2022-08-29","-69.383","76.383","64.0","PROGRESS, AY","    0","B,,S",,," -162",",,S",,," -186","H,,S"
"AYM00089574","2022-08-30","-69.383","76.383","64.0","PROGRESS, AY","    0","B,,S",,," -314",",,S",,," -328","H,,S"
"AYM00089574","2022-08-31","-69.383","76.383","64.0","PROGRESS, AY","   30","B,,S",,," -135",",,S"," -326",",,S"," -184","H,,S"
"AYM00089574","2022-09-01","-69.383","76.383","64.0","PROGRESS, AY","   41","B,,S",,,,," -168",",,S"," -147","H,,S"
"AYM00089574","2022-09-02","-69.383","76.383","64.0","PROGRESS, AY","    5","B,,S",,," -100",",,S"," -155",",,S"," -127","H,,S"
"AYM00089574","2022-09-03","-69.383","76.383","64.0","PROGRESS, AY","   10","B,,S",,,"  -62",",,S"," -132",",,S","  -90","H,,S"
"AYM00089574","2022-09-04","-69.383","76.383","64.0","PROGRESS, AY","   41","B,,S",,,"  -45",",,S"," -100",",I,S","  -67","H,,S"
"AYM00089574","2022-09-05","-69.383","76.383","64.0","PROGRESS, AY","   41","B,,S",,," -135",",I,S"," -155",",,S"," -146","H,,S"
"AYM00089574","2022-09-06","-69.383","76.383","64.0","PROGRESS, AY","   10","B,,S",,," -132",",,S",,," -162","H,,S"
"AYM00089574","2022-09-07","-69.383","76.383","64.0","PROGRESS, AY","    0","B,,S",,," -198",",,S",,," -212","H,,S"
"AYM00089574","2022-09-08","-69.383","76.383","64.0","PROGRESS, AY","    0","B,,S",,," -229",",,S",,," -237","H,,S"
"AYM00089574","2022-09-09","-69.383","76.383","64.0","PROGRESS, AY","    0","B,,S",,," -201",",,S"," -263",",,S"," -220","H,,S"
"AYM00089574","2022-09-10","-69.383","76.383","64.0","PROGRESS, AY","   20","B,,S",,,,," -207",",,S"," -132","H,,S"
"AYM00089574","2022-09-11","-69.383","76.383","64.0","PROGRESS, AY","   30","B,,S",,,"  -67",",,S"," -105",",,S","  -81","H,,S"
"AYM00089574","2022-09-12","-69.383","76.383","64.0","PROGRESS, AY","   20","B,,S",,,,,,,"  -89","H,,S"
"AYM00089574","2022-09-13","-69.383","76.383","64.0","PROGRESS, AY","   20","B,,S",,,,,,,"  -89","H,,S"
"AYM00089574","2022-09-14","-69.383","76.383","64.0","PROGRESS, AY","    5","B,,S",,,"  -94",",,S"," -105",",,S","  -98","H,,S"
"AYM00089574","2022-09-15","-69.383","76.383","64.0","PROGRESS, AY","   28","B,,S",,,"  -97",",,S",,," -104","H,,S"
"AYM00089574","2022-09-16","-69.383","76.383","64.0","PROGRESS, AY","    0","B,,S",,,"  -83",",,S"," -117",",,S","  -94","H,,S"
"AYM00089574","2022-09-17","-69.383","76.383","64.0","PROGRESS, AY","    0","B,,S",,,,,,," -138","H,,S"
"AYM00089574","2022-09-18","-69.383","76.383","64.0","PROGRESS, AY","    0","B,,S",,,,," -202",",,S"," -128","H,,S"
"AYM00089574","2022-09-19","-69.383","76.383","64.0","PROGRESS, AY","    0","B,,S",,," -105",",,S",,," -128","H,,S"
"AYM00089574","2022-09-20","-69.383","76.383","64.0","PROGRESS, AY","    0","B,,S",,,,,,," -188","H,,S"
"AYM00089574","2022-09-21","-69.383","76.383","64.0","PROGRESS, AY","    0","B,,S",,," -155",",,S"," -227",",,S"," -191","H,,S"
"AYM00089574","2022-09-22","-69.383","76.383","64.0","PROGRESS, AY","    0","B,,S",,," -143",",,S"," -192",",,S"," -154","H,,S"
"AYM00089574","2022-09-23","-69.383","76.383","64.0","PROGRESS, AY","   10","B,,S",,," -102",",,S"," -156",",,S"," -109","H,,S"
"AYM00089574","2022-09-25","-69.383","76.383","64.0","PROGRESS, AY","   10","B,,S",,,,,,," -216","H,,S"
"AYM00089574","2022-09-26","-69.383","76.383","64.0","PROGRESS, AY","    0","B,,S",,,,," -253",",,S"," -154","H,,S"
"AYM00089574","2022-09-27","-69.383","76.383","64.0","PROGRESS, AY","    0","B,,S",,,"  -93",",,S"," -123",",,S"," -111","H,,S"
"AYM00089574","2022-09-28","-69.383","76.383","64.0","PROGRESS, AY","    0","B,,S",,,"  -67",",,S"," -127",",,S","  -94","H,,S"
"AYM00089574","2022-09-29","-69.383","76.383","64.0","PROGRESS, AY","    0","B,,S",,,"  -97",",,S"," -151",",,S"," -124","H,,S"
"AYM00089574","2022-09-30","-69.383","76.383","64.0","PROGRESS, AY","    0","B,,S",,,"  -87",",,S",,," -138","H,,S"
"AYM00089574","2022-10-01","-69.383","76.383","64.0","PROGRESS, AY","    0","B,,S",,," -113",",,S"," -201",",,S"," -141","H,,S"
"AYM00089574","2022-10-02","-69.383","76.383","64.0","PROGRESS, AY","    0","B,,S",,,"  -98",",,S",,," -118","H,,S"
"AYM00089574","2022-10-03","-69.383","76.383","64.0","PROGRESS, AY","    0","B,,S",,," -131",",,S"," -170",",,S"," -145","H,,S"
"AYM00089574","2022-10-04","-69.383","76.383","64.0","PROGRESS, AY","    0","B,,S",,,"  -57",",,S"," -145",",,S","  -82","H,,S"
"AYM00089574","2022-10-05","-69.383","76.383","64.0","PROGRESS, AY","    0","B,,S",,,"  -65",",,S","  -95",",,S","  -84","H,,S"
"AYM00089574","2022-10-06","-69.383","76.383","64.0","PROGRESS, AY","    0","B,,S",,,,," -101",",,S","  -78","H,,S"
"AYM00089574","2022-10-07","-69.383","76.383","64.0","PROGRESS, AY","    0","B,,S",,,"  -63",",,S","  -95",",,S","  -80","H,,S"
"AYM00089574","2022-10-08","-69.383","76.383","64.0","PROGRESS, AY","   71","B,,S",,,"  -72",",,S",,,"  -77","H,,S"
"AYM00089574","2022-10-09","-69.383","76.383","64.0","PROGRESS, AY","   20","B,,S",,,"  -45",",,S",,,"  -67","H,,S"
"AYM00089574","2022-10-10","-69.383","76.383","64.0","PROGRESS, AY","   41","B,,S",,,"  -75",",,S"," -101",",,S","  -87","H,,S"
"AYM00089574","2022-10-11","-69.383","76.383","64.0","PROGRESS, AY","    0","B,,S",,,"  -75",",,S",,," -124","H,,S"
"AYM00089574","2022-10-12","-69.383","76.383","64.0","PROGRESS, AY","    0","B,,S",,,"  -70",",,S",,," -162","H,,S"
"AYM00089574","2022-10-13","-69.383","76.383","64.0","PROGRESS, AY","   41","B,,S",,,,," -240",",,S"," -154","H,,S"
"AYM00089574","2022-10-15","-69.383","76.383","64.0","PROGRESS, AY","    0","B,,S",,,"  -67",",,S"," -125",",,S"," -104","H,,S"
"AYM00089574","2022-10-19","-69.383","76.383","64.0","PROGRESS, AY","    0","B,,S",,,"  -58",",,S"," -120",",,S"," -100","H,,S"
"AYM00089574","2022-10-20","-69.383","76.383","64.0","PROGRESS, AY","    0","B,,S",,,"  -67",",,S"," -154",",,S"," -114","H,,S"
"AYM00089574","2022-10-22","-69.383","76.383","64.0","PROGRESS, AY","    0","B,,S",,," -112",",,S"," -162",",,S"," -143","H,,S"
"AYM00089574","2022-10-23","-69.383","76.383","64.0","PROGRESS, AY","   20","B,,S",,,"  -59",",,S"," -156",",,S","  -82","H,,S"
"AYM00089574","2022-10-24","-69.383","76.383","64.0","PROGRESS, AY","    0","B,,S",,,"  -33",",,S","  -97",",,S","  -81","H,,S"
"AYM00089574","2022-10-25","-69.383","76.383","64.0","PROGRESS, AY","   10","B,,S",,,"    6",",,S","  -82",",,S","  -27","H,,S"
"AYM00089574","2022-10-26","-69.383","76.383","64.0","PROGRESS, AY","   20","B,,S",,,"   -5",",,S",,,"  -20","H,,S"
"AYM00089574","2022-10-27","-69.383","76.383","64.0","PROGRESS, AY","    0","B,,S",,,,,"  -43",",,S","  -23","H,,S"
"AYM00089574","2022-10-28","-69.383","76.383","64.0","PROGRESS, AY","    0","B,,S",,,"  -18",",,S",,,"  -30","H,,S"
"AYM00089574","2022-10-29","-69.383","76.383","64.0","PROGRESS, AY","    0","B,,S",,,"  -15",",,S",,,"  -35","H,,S"
"AYM00089574","2022-10-30","-69.383","76.383","64.0","PROGRESS, AY","   10","B,,S",,,"  -25",",,S","  -62",",,S","  -44","H,,S"
"AYM00089574","2022-10-31","-69.383","76.383","64.0","PROGRESS, AY","   10","B,,S",,,"  -28",",,S","  -55",",,S","  -39","H,,S"
"AYM00089574","2022-11-01","-69.383","76.383","64.0","PROGRESS, AY","   20","B,,S",,,"  -25",",,S","  -58",",,S","  -41","H,,S"
"AYM00089574","2022-11-02","-69.383","76.383","64.0","PROGRESS, AY","    0","B,,S",,,"  -14",",,S","  -55",",,S","  -47","H,,S"
"AYM00089574","2022-11-03","-69.383","76.383","64.0","PROGRESS, AY","    0","B,,S",,,"  -43",",,S",,,"  -57","H,,S"
"AYM00089574","2022-11-04","-69.383","76.383","64.0","PROGRESS, AY","    0","B,,S",,,"  -28",",,S",,,"  -64","H,,S"
"AYM00089574","2022-11-05","-69.383","76.383","64.0","PROGRESS, AY","    0","B,,S",,,"  -45",",,S"," -100",",,S","  -86","H,,S"
"AYM00089574","2022-11-07","-69.383","76.383","64.0","PROGRESS, AY","    0","B,,S",,,"  -46",",,S"," -145",",,S","  -94","H,,S"
"AYM00089574","2022-11-08","-69.383","76.383","64.0","PROGRESS, AY","    0","B,,S",,,"  -75",",,S"," -130",",,S"," -108","H,,S"
"AYM00089574","2022-11-09","-69.383","76.383","64.0","PROGRESS, AY","    0","B,,S",,,"  -78",",,S"," -148",",,S"," -118","H,,S"
"AYM00089574","2022-11-10","-69.383","76.383","64.0","PROGRESS, AY","    0","B,,S",,,"  -75",",,S"," -139",",,S"," -116","H,,S"
"AYM00089574","2022-11-11","-69.383","76.383","64.0","PROGRESS, AY","    0","B,,S",,,"  -85",",,S"," -135",",,S"," -113","H,,S"
"AYM00089574","2022-11-12","-69.383","76.383","64.0","PROGRESS, AY","    0","B,,S",,,"  -91",",,S"," -127",",,S"," -109","H,,S"
"AYM00089574","2022-11-13","-69.383","76.383","64.0","PROGRESS, AY","    0","B,,S",,,"  -43",",,S"," -130",",,S","  -86","H,,S"
"AYM00089574","2022-11-14","-69.383","76.383","64.0","PROGRESS, AY","    0","B,,S",,,"  -12",",,S"," -155",",,S","  -72","H,,S"
"AYM00089574","2022-11-15","-69.383","76.383","64.0","PROGRESS, AY","    0","B,,S",,,"  -37",",,S",,,"  -67","H,,S"
"AYM00089574","2022-11-16","-69.383","76.383","64.0","PROGRESS, AY","    0","B,,S",,,"   -1",",,S"," -115",",,S","  -55","H,,S"
"AYM00089574","2022-11-17","-69.383","76.383","64.0","PROGRESS, AY","    0","B,,S",,,"  -45",",,S","  -81",",,S","  -66","H,,S"
"AYM00089574","2022-11-18","-69.383","76.383","64.0","PROGRESS, AY","    0","B,,S",,,"  -43",",,S","  -85",",,S","  -60","H,,S"
"AYM00089574","2022-11-19","-69.383","76.383","64.0","PROGRESS, AY","    0","B,,S",,,"  -33",",,S","  -67",",,S","  -48","H,,S"
"AYM00089574","2022-11-20","-69.383","76.383","64.0","PROGRESS, AY","   20","B,,S",,,"   -8",",,S","  -52",",,S","  -30","H,,S"
"AYM00089574","2022-11-21","-69.383","76.383","64.0","PROGRESS, AY","    0","B,,S",,,"   -5",",,S",,,"  -41","H,,S"
"AYM00089574","2022-11-22","-69.383","76.383","64.0","PROGRESS, AY","    0","B,,S",,,"  -25",",,S","  -85",",,S","  -54","H,,S"
"AYM00089574","2022-11-23","-69.383","76.383","64.0","PROGRESS, AY","    0","B,,S",,,"  -34",",,S","  -88",",,S","  -67","H,,S"
"AYM00089574","2022-11-24","-69.383","76.383","64.0","PROGRESS, AY","    0","B,,S",,,"  -35",",,S","  -91",",,S","  -69","H,,S"
"AYM00089574","2022-11-25","-69.383","76.383","64.0","PROGRESS, AY","    5","B,,S",,,"  -40",",,S","  -91",",,S","  -53","H,,S"
"AYM00089574","2022-11-26","-69.383","76.383","64.0","PROGRESS, AY","    3","B,,S",,,"  -21",",,S",,,"  -47","H,,S"
"AYM00089574","2022-11-27","-69.383","76.383","64.0","PROGRESS, AY","   10","B,,S",,,"  -30",",,S","  -68",",,S","  -46","H,,S"
"AYM00089574","2022-11-28","-69.383","76.383","64.0","PROGRESS, AY","    0","B,,S",,,"  -20",",,S","  -85",",,S","  -52","H,,S"
"AYM00089574","2022-11-29","-69.383","76.383","64.0","PROGRESS, AY","    0","B,,S",,,"  -14",",,S","  -91",",,S","  -53","H,,S"
"AYM00089574","2022-11-30","-69.383","76.383","64.0","PROGRESS, AY","    0","B,,S",,,"  -23",",,S","  -85",",,S","  -52","H,,S"
"AYM00089574","2022-12-01","-69.383","76.383","64.0","PROGRESS, AY","    0","B,,S",,,"   15",",,S","  -70",",,S","  -31","H,,S"
"AYM00089574","2022-12-02","-69.383","76.383","64.0","PROGRESS, AY","   30","B,,S",,,"   -3",",,S","  -38",",,S","  -21","H,,S"
"AYM00089574","2022-12-03","-69.383","76.383","64.0","PROGRESS, AY","    0","B,,S",,,"   54",",,S","  -30",",,S","   -4","H,,S"
"AYM00089574","2022-12-04","-69.383","76.383","64.0","PROGRESS, AY","    0","B,,S",,,"    7",",,S",,,"  -25","H,,S"
"AYM00089574","2022-12-05","-69.383","76.383","64.0","PROGRESS, AY","    0","B,,S",,,"   -5",",,S","  -68",",,S","  -31","H,,S"
"AYM00089574","2022-12-06","-69.383","76.383","64.0","PROGRESS, AY","    0","B,,S",,,"   15",",,S","  -73",",,S","  -23","H,,S"
"AYM00089574","2022-12-07","-69.383","76.383","64.0","PROGRESS, AY","    0","B,,S",,,"  -16",",,S",,,"  -42","H,,S"
"AYM00089574","2022-12-08","-69.383","76.383","64.0","PROGRESS, AY","    0","B,,S",,,"  -23",",,S","  -62",",,S","  -37","H,,S"
"AYM00089574","2022-12-09","-69.383","76.383","64.0","PROGRESS, AY","    0","B,,S",,,"   15",",,S","  -37",",,S","  -19","H,,S"
"AYM00089574","2022-12-10","-69.383","76.383","64.0","PROGRESS, AY","    0","B,,S",,,"   22",",,S","  -25",",,S","    3","H,,S"
"AYM00089574","2022-12-11","-69.383","76.383","64.0","PROGRESS, AY","    0","B,,S",,,"   -3",",,S",,,"   -5","H,,S"
"AYM00089574","2022-12-12","-69.383","76.383","64.0","PROGRESS, AY","    0","B,,S",,,"   21",",,S","  -38",",,S","   -9","H,,S"
"AYM00089574","2022-12-13","-69.383","76.383","64.0","PROGRESS, AY","    0","B,,S",,,"   17",",,S","  -15",",,S","   -3","H,,S"
"AYM00089574","2022-12-14","-69.383","76.383","64.0","PROGRESS, AY","    0","B,,S",,,"   13",",,S","  -25",",,S","   -1","H,,S"
"AYM00089574","2022-12-15","-69.383","76.383","64.0","PROGRESS, AY","    0","B,,S",,,"   36",",,S","  -35",",,S","   -2","H,,S"
"AYM00089574","2022-12-17","-69.383","76.383","64.0","PROGRESS, AY","   36","B,,S",,,"   19",",,S","  -20",",,S","   -2","H,,S"
"AYM00089574","2022-12-18","-69.383","76.383","64.0","PROGRESS, AY","    0","B,,S",,,"   45",",,S","   -7",",,S","   18","H,,S"
"AYM00089574","2022-12-19","-69.383","76.383","64.0","PROGRESS, AY","    0","B,,S",,,"   47",",,S","  -11",",,S","   17","H,,S"
"AYM00089574","2022-12-20","-69.383","76.383","64.0","PROGRESS, AY","    0","B,,S",,,"   40",",,S","   -2",",,S","   14","H,,S"
"AYM00089574","2022-12-21","-69.383","76.383","64.0","PROGRESS, AY","    0","B,,S",,,"   11",",,S","  -27",",,S","  -11","H,,S"
"AYM00089574","2022-12-22","-69.383","76.383","64.0","PROGRESS, AY","    0","B,,S",,,"    1",",,S","  -42",",,S","  -19","H,,S"
"AYM00089574","2022-12-23","-69.383","76.383","64.0","PROGRESS, AY","    5","B,,S",,,"    4",",,S","  -27",",,S","  -11","H,,S"
"AYM00089574","2022-12-24","-69.383","76.383","64.0","PROGRESS, AY","    0","B,,S",,,"   15",",,S","  -23",",,S","   -8","H,,S"
"AYM00089574","2022-12-25","-69.383","76.383","64.0","PROGRESS, AY","    0","B,,S",,,"   25",",,S",,,"  -10","H,,S"
"AYM00089574","2022-12-26","-69.383","76.383","64.0","PROGRESS, AY","    0","B,,S",,,"    8",",,S","  -52",",,S","  -18","H,,S"
"AYM00089574","2022-12-27","-69.383","76.383","64.0","PROGRESS, AY",,,,,,,"  -30",",,S","   -2","H,,S"
"AYM00089574","2022-12-28","-69.383","76.383","64.0","PROGRESS, AY","    0","B,,S",,,"   45",",,S","  -25",",,S","   10","H,,S"
"AYM00089574","2022-12-29","-69.383","76.383","64.0","PROGRESS, AY","    0","B,,S",,,"   61",",,S","  -15",",,S","   24","H,,S"
"AYM00089574","2022-12-30","-69.383","76.383","64.0","PROGRESS, AY","    0","B,,S",,,"   19",",,S","  -12",",,S","    3","H,,S"
"AYM00089574","2022-12-31","-69.383","76.383","64.0","PROGRESS, AY","    5","B,,S",,,"   21",",,S","  -12",",,S","    0","H,,S"
"AYM00089574","2023-01-02","-69.383","76.383","64.0","PROGRESS, AY","    0","B,,S",,,"    8",",,S",,,"   -4","H,,S"
"AYM00089574","2023-01-03","-69.383","76.383","64.0","PROGRESS, AY","    0","B,,S",,,"   39",",,S",,,"    5","H,,S"
"AYM00089574","2023-01-04","-69.383","76.383","64.0","PROGRESS, AY","    0","B,,S",,,,,,,"  -11","H,,S"
"AYM00089574","2023-01-05","-69.383","76.383","64.0","PROGRESS, AY","    0","B,,S",,,"   -5",",,S","  -45",",,S","  -22","H,,S"
"AYM00089574","2023-01-06","-69.383","76.383","64.0","PROGRESS, AY","    0","B,,S",,,"    1",",,S","  -33",",,S","  -12","H,,S"
"AYM00089574","2023-01-07","-69.383","76.383","64.0","PROGRESS, AY",,,,,,,"  -22",",,S","   -6","H,,S"
"AYM00089574","2023-01-10","-69.383","76.383","64.0","PROGRESS, AY","    0","B,,S",,,"   35",",,S","  -31",",,S","   -4","H,,S"
"AYM00089574","2023-01-11","-69.383","76.383","64.0","PROGRESS, AY","    0","B,,S",,,"   17",",,S","  -27",",,S","    0","H,,S"
"AYM00089574","2023-01-12","-69.383","76.383","64.0","PROGRESS, AY","    3","B,,S",,,"   14",",,S","  -18",",,S","   -3","H,,S"
"AYM00089574","2023-01-13","-69.383","76.383","64.0","PROGRESS, AY","    0","B,,S",,,"   17",",,S","  -21",",,S","  -10","H,,S"
"AYM00089574","2023-01-14","-69.383","76.383","64.0","PROGRESS, AY","    0","B,,S",,,"   29",",,S","  -33",",,S","   -9","H,,S"
"AYM00089574","2023-01-15","-69.383","76.383","64.0","PROGRESS, AY","    0","B,,S",,,"    8",",,S","  -66",",,S","  -28","H,,S"
"AYM00089574","2023-01-16","-69.383","76.383","64.0","PROGRESS, AY","   10","B,,S",,,"   -7",",,S","  -28",",,S","  -12","H,,S"
"AYM00089574","2023-01-17","-69.383","76.383","64.0","PROGRESS, AY","   33","B,,S",,,,,"  -19",",,S","  -10","H,,S"
"AYM00089574","2023-01-18","-69.383","76.383","64.0","PROGRESS, AY","    5","B,,S",,,"   -1",",,S","  -33",",,S","  -13","H,,S"
"AYM00089574","2023-01-19","-69.383","76.383","64.0","PROGRESS, AY","    0","B,,S",,,"   32",",,S","  -53",",,S","    0","H,,S"
"AYM00089574","2023-01-20","-69.383","76.383","64.0","PROGRESS, AY","    0","B,,S",,,"   38",",,S","  -32",",,S","   14","H,,S"
"AYM00089574","2023-01-21","-69.383","76.383","64.0","PROGRESS, AY","    0","B,,S",,,"   36",",,S","  -16",",,S","   12","H,,S"
"AYM00089574","2023-01-22","-69.383","76.383","64.0","PROGRESS, AY","    0","B,,S",,,"   22",",,S",,,"    1","H,,S"
"AYM00089574","2023-01-23","-69.383","76.383","64.0","PROGRESS, AY","    0","B,,S",,,,,"  -26",",,S","   -5","H,,S"
"AYM00089574","2023-01-24","-69.383","76.383","64.0","PROGRESS, AY","    0","B,,S",,,"    1",",,S","  -46",",,S","  -25","H,,S"
"AYM00089574","2023-01-25","-69.383","76.383","64.0","PROGRESS, AY","    0","B,,S",,,"  -17",",,S","  -60",",,S","  -39","H,,S"
"AYM00089574","2023-01-26","-69.383","76.383","64.0","PROGRESS, AY","    3","B,,S",,,,,"  -57",",,S","  -22","H,,S"
"AYM00089574","2023-01-27","-69.383","76.383","64.0","PROGRESS, AY","    5","B,,S",,,"   15",",,S",,,"    6","H,,S"
"AYM00089574","2023-01-28","-69.383","76.383","64.0","PROGRESS, AY","    3","B,,S",,,"   15",",,S",,,"   -5","H,,S"
"AYM00089574","2023-01-29","-69.383","76.383","64.0","PROGRESS, AY","    0","B,,S",,,"  -11",",,S","  -51",",,S","  -33","H,,S"
"AYM00089574","2023-01-30","-69.383","76.383","64.0","PROGRESS, AY","    0","B,,S",,,"   -6",",,S","  -61",",,S","  -22","H,,S"
"AYM00089574","2023-01-31","-69.383","76.383","64.0","PROGRESS, AY","    0","B,,S",,,"   -7",",,S","  -58",",,S","  -30","H,,S"
"AYM00089574","2023-02-01","-69.383","76.383","64.0","PROGRESS, AY","    5","B,,S",,,"   -3",",,S","  -59",",,S","  -28","H,,S"
"AYM00089574","2023-02-02","-69.383","76.383","64.0","PROGRESS, AY","    0","B,,S",,,"  -10",",,S",,,"  -45","H,,S"
"AYM00089574","2023-02-03","-69.383","76.383","64.0","PROGRESS, AY","    0","B,,S",,,"   -6",",,S","  -88",",,S","  -31","H,,S"
"AYM00089574","2023-02-04","-69.383","76.383","64.0","PROGRESS, AY","   46","B,,S",,,"    1",",,S","  -35",",,S","   -9","H,,S"
"AYM00089574","2023-02-05","-69.383","76.383","64.0","PROGRESS, AY","   18","B,,S",,,"    9",",,S","  -13",",,S","   -2","H,,S"
"AYM00089574","2023-02-06","-69.383","76.383","64.0","PROGRESS, AY","    0","B,,S",,,"   38",",,S",,,"    2","H,,S"
"AYM00089574","2023-02-07","-69.383","76.383","64.0","PROGRESS, AY","    0","B,,S",,,"   -4",",,S",,,"  -30","H,,S"
"AYM00089574","2023-02-08","-69.383","76.383","64.0","PROGRESS, AY","    0","B,,S",,,"  -27",",,S","  -61",",,S","  -44","H,,S"
"AYM00089574","2023-02-09","-69.383","76.383","64.0","PROGRESS, AY","    8","B,,S",,,"  -52",",,S",,,"  -66","H,,S"
"AYM00089574","2023-02-10","-69.383","76.383","64.0","PROGRESS, AY","    0","B,,S",,,"  -51",",,S","  -92",",,S","  -70","H,,S"
"AYM00089574","2023-02-11","-69.383","76.383","64.0","PROGRESS, AY","    0","B,,S",,,"  -11",",,S","  -99",",,S","  -59","H,,S"
"AYM00089574","2023-02-13","-69.383","76.383","64.0","PROGRESS, AY","    0","B,,S",,,"  -20",",,S","  -75",",,S","  -34","H,,S"
"AYM00089574","2023-02-14","-69.383","76.383","64.0","PROGRESS, AY","    3","B,,S",,,"   -1",",,S","  -35",",,S","   -9","H,,S"
"AYM00089574","2023-02-15","-69.383","76.383","64.0","PROGRESS, AY","    0","B,,S",,,"    8",",,S","  -21",",,S","  -10","H,,S"
"AYM00089574","2023-02-16","-69.383","76.383","64.0","PROGRESS, AY","    0","B,,S",,,"   39",",,S","  -29",",,S","   11","H,,S"
"AYM00089574","2023-02-17","-69.383","76.383","64.0","PROGRESS, AY","    0","B,,S",,,"   39",",,S",,,"   13","H,,S"
"AYM00089574","2023-02-18","-69.383","76.383","64.0","PROGRESS, AY","    0","B,,S",,,"   19",",,S",,,"    0","H,,S"
"AYM00089574","2023-02-19","-69.383","76.383","64.0","PROGRESS, AY","    0","B,,S",,,"   23",",,S","  -27",",,S","   -5","H,,S"
"AYM00089574","2023-02-20","-69.383","76.383","64.0","PROGRESS, AY","    0","B,,S",,,"   13",",,S","  -35",",,S","  -13","H,,S"
"AYM00089574","2023-02-21","-69.383","76.383","64.0","PROGRESS, AY","    0","B,,S",,,"   -2",",,S","  -42",",,S","  -27","H,,S"
"AYM00089574","2023-02-23","-69.383","76.383","64.0","PROGRESS, AY","   99","B,,S",,,"  -12",",,S","  -30",",,S","  -21","H,,S"
"AYM00089574","2023-02-24","-69.383","76.383","64.0","PROGRESS, AY","   30","B,,S",,,"  -17",",,S",,,"  -28","H,,S"
"AYM00089574","2023-02-25","-69.383","76.383","64.0","PROGRESS, AY","    0","B,,S",,,"  -14",",,S",,,"  -31","H,,S"
"AYM00089574","2023-02-26","-69.383","76.383","64.0","PROGRESS, AY","    0","B,,S",,,"  -43",",,S","  -57",",,S","  -51","H,,S"
"AYM00089574","2023-02-27","-69.383","76.383","64.0","PROGRESS, AY","    0","B,,S",,,"  -43",",,S",,,"  -63","H,,S"
"AYM00089574","2023-02-28","-69.383","76.383","64.0","PROGRESS, AY","    0","B,,S",,,"  -53",",,S","  -90",",,S","  -71","H,,S"
"AYM00089574","2023-03-01","-69.383","76.383","64.0","PROGRESS, AY","    0","B,,S",,,"  -29",",,S","  -78",",,S","  -49","H,,S"
"AYM00089574","2023-03-02","-69.383","76.383","64.0","PROGRESS, AY","    0","B,,S",,,"  -42",",,S",,,"  -56","H,,S"
"AYM00089574","2023-03-04","-69.383","76.383","64.0","PROGRESS, AY","    0","B,,S",,,,," -169",",,S"," -139","H,,S"
"AYM00089574","2023-03-05","-69.383","76.383","64.0","PROGRESS, AY","    0","B,,S",,,"  -53",",,S"," -111",",,S","  -71","H,,S"
"AYM00089574","2023-03-06","-69.383","76.383","64.0","PROGRESS, AY","    3","B,,S",,,"   10",",,S","  -70",",,S","  -33","H,,S"
"AYM00089574","2023-03-07","-69.383","76.383","64.0","PROGRESS, AY","    0","B,,S",,,"  -12",",,S","  -54",",,S","  -26","H,,S"
"AYM00089574","2023-03-08","-69.383","76.383","64.0","PROGRESS, AY","   61","B,,S",,,"  -11",",,S","  -21",",,S","  -16","H,,S"
"AYM00089574","2023-03-09","-69.383","76.383","64.0","PROGRESS, AY","  119","B,,S",,,"   -9",",,S","  -15",",,S","  -12","H,,S"
"AYM00089574","2023-03-10","-69.383","76.383","64.0","PROGRESS, AY","    5","B,,S",,,"   19",",,S","  -33",",,S","  -17","H,,S"
"AYM00089574","2023-03-11","-69.383","76.383","64.0","PROGRESS, AY","    0","B,,S",,,"   15",",,S","  -45",",,S","  -32","H,,S"
"AYM00089574","2023-03-12","-69.383","76.383","64.0","PROGRESS, AY","    0","B,,S",,,"   -4",",,S","  -57",",,S","  -39","H,,S"
"AYM00089574","2023-03-13","-69.383","76.383","64.0","PROGRESS, AY","    0","B,,S",,,"    2",",,S","  -45",",,S","  -36","H,,S"
"AYM00089574","2023-03-14","-69.383","76.383","64.0","PROGRESS, AY","   53","B,,S",,,,,,,"  -33","H,,S"
"AYM00089574","2023-03-15","-69.383","76.383","64.0","PROGRESS, AY","   20","B,,S",,,,,,,"  -39","H,,S"
"AYM00089574","2023-03-16","-69.383","76.383","64.0","PROGRESS, AY","    0","B,,S",,,"  -69",",,S"," -100",",,S","  -80","H,,S"
"AYM00089574","2023-03-17","-69.383","76.383","64.0","PROGRESS, AY","    3","B,,S",,,,,"  -79",",,S","  -65","H,,S"
"AYM00089574","2023-03-18","-69.383","76.383","64.0","PROGRESS, AY","   43","B,,S",,,"  -43",",,S",,,"  -54","H,,S"
"AYM00089574","2023-03-20","-69.383","76.383","64.0","PROGRESS, AY","    0","B,,S",,,"  -93",",,S"," -130",",,S"," -114","H,,S"
"AYM00089574","2023-03-22","-69.383","76.383","64.0","PROGRESS, AY","    0","B,,S",,," -126",",,S",,," -166","H,,S"
"AYM00089574","2023-03-23","-69.383","76.383","64.0","PROGRESS, AY","    0","B,,S",,,,," -196",",,S"," -148","H,,S"
"AYM00089574","2023-03-24","-69.383","76.383","64.0","PROGRESS, AY","    5","B,,S",,,"  -78",",,S",,," -109","H,,S"
"AYM00089574","2023-03-25","-69.383","76.383","64.0","PROGRESS, AY","   20","B,,S",,,"  -84",",,S"," -133",",,S"," -103","H,,S"
"AYM00089574","2023-03-26","-69.383","76.383","64.0","PROGRESS, AY","    0","B,,S",,,"  -64",",,S"," -106",",,S","  -75","H,,S"
"AYM00089574","2023-03-27","-69.383","76.383","64.0","PROGRESS, AY","    5","B,,S",,,,,"  -73",",,S","  -66","H,,S"
"AYM00089574","2023-03-28","-69.383","76.383","64.0","PROGRESS, AY","   13","B,,S",,,"  -71",",,S",,,"  -87","H,,S"
"AYM00089574","2023-03-29","-69.383","76.383","64.0","PROGRESS, AY","    0","B,,S",,," -119",",,S",,," -134","H,,S"
"AYM00089574","2023-03-30","-69.383","76.383","64.0","PROGRESS, AY","    0","B,,S",,," -148",",,S",,," -159","H,,S"
"AYM00089574","2023-03-31","-69.383","76.383","64.0","PROGRESS, AY","    0","B,,S",,,,," -180",",,S"," -161","H,,S"
"AYM00089574","2023-04-01","-69.383","76.383","64.0","PROGRESS, AY","    0","B,,S",,,,," -149",",,S"," -116","H,,S"
"AYM00089574","2023-04-02","-69.383","76.383","64.0","PROGRESS, AY","   13","B,,S",,,,,"  -93",",,S","  -48","H,,S"
"AYM00089574","2023-04-03","-69.383","76.383","64.0","PROGRESS, AY","   10","B,,S",,,"  -16",",,S",,,"  -28","H,,S"
"AYM00089574","2023-04-04","-69.383","76.383","64.0","PROGRESS, AY","    3","B,,S",,,"  -29",",,S",,,"  -46","H,,S"
"AYM00089574","2023-04-05","-69.383","76.383","64.0","PROGRESS, AY","    0","B,,S",,,"  -72",",,S",,,"  -84","H,,S"
"AYM00089574","2023-04-06","-69.383","76.383","64.0","PROGRESS, AY","    0","B,,S",,,,," -109",",,S","  -86","H,,S"
"AYM00089574","2023-04-07","-69.383","76.383","64.0","PROGRESS, AY","    0","B,,S",,,"  -58",",,S",,,"  -66","H,,S"
"AYM00089574","2023-04-08","-69.383","76.383","64.0","PROGRESS, AY","    0","B,,S",,,"  -41",",,S",,,"  -85","H,,S"
"AYM00089574","2023-04-09","-69.383","76.383","64.0","PROGRESS, AY","    0","B,,S",,,,,,,"  -98","H,,S"
"AYM00089574","2023-04-10","-69.383","76.383","64.0","PROGRESS, AY","    0","B,,S",,," -118",",,S",,," -120","H,,S"
"AYM00089574","2023-04-12","-69.383","76.383","64.0","PROGRESS, AY","    0","B,,S",,,,,,," -136","H,,S"
"AYM00089574","2023-04-13","-69.383","76.383","64.0","PROGRESS, AY","    0","B,,S",,,"  -55",",,S"," -176",",,S","  -85","H,,S"
"AYM00089574","2023-04-14","-69.383","76.383","64.0","PROGRESS, AY","    5","B,,S",,,"  -39",",,S",,,"  -51","H,,S"
"AYM00089574","2023-04-15","-69.383","76.383","64.0","PROGRESS, AY","    0","B,,S",,,"  -50",",,S",,,"  -59","H,,S"
"AYM00089574","2023-04-16","-69.383","76.383","64.0","PROGRESS, AY","    0","B,,S",,,"  -83",",,S",,,"  -95","H,,S"
"AYM00089574","2023-04-17","-69.383","76.383","64.0","PROGRESS, AY","    0","B,,S",,,"  -52",",,S"," -135",",,S","  -95","H,,S"
"AYM00089574","2023-04-18","-69.383","76.383","64.0","PROGRESS, AY","    0","B,,S",,,,,"  -87",",,S","  -39","H,,S"
"AYM00089574","2023-04-19","-69.383","76.383","64.0","PROGRESS, AY","    0","B,,S",,,,,,,"  -61","H,,S"
"AYM00089574","2023-04-20","-69.383","76.383","64.0","PROGRESS, AY","    0","B,,S",,,,,,," -101","H,,S"
"AYM00089574","2023-04-21","-69.383","76.383","64.0","PROGRESS, AY","    0","B,,S",,," -113",",,S"," -126",",,S"," -118","H,,S"
"AYM00089574","2023-04-22","-69.383","76.383","64.0","PROGRESS, AY","    0","B,,S",,,"  -86",",,S"," -116",",,S","  -94","H,,S"
"AYM00089574","2023-04-23","-69.383","76.383","64.0","PROGRESS, AY","    0","B,,S",,,,,,," -118","H,,S"
"AYM00089574","2023-04-24","-69.383","76.383","64.0","PROGRESS, AY","    3","B,,S",,,,,,," -104","H,,S"
"AYM00089574","2023-04-25","-69.383","76.383","64.0","PROGRESS, AY","    0","B,,S",,," -153",",,S"," -172",",,S"," -163","H,,S"
"AYM00089574","2023-04-26","-69.383","76.383","64.0","PROGRESS, AY","    0","B,,S",,,,," -174",",,S"," -158","H,,S"
"AYM00089574","2023-04-27","-69.383","76.383","64.0","PROGRESS, AY","    8","B,,S",,,,," -140",",,S","  -89","H,,S"
"AYM00089574","2023-04-28","-69.383","76.383","64.0","PROGRESS, AY","    3","B,,S",,,,,,,"  -98","H,,S"
"AYM00089574","2023-04-29","-69.383","76.383","64.0","PROGRESS, AY","    0","B,,S",,," -115",",,S",,," -131","H,,S"
"AYM00089574","2023-04-30","-69.383","76.383","64.0","PROGRESS, AY","    0","B,,S",,,,,,," -176","H,,S"
"AYM00089574","2023-05-01","-69.383","76.383","64.0","PROGRESS, AY","    0","B,,S",,," -163",",,S"," -190",",,S"," -174","H,,S"
"AYM00089574","2023-05-02","-69.383","76.383","64.0","PROGRESS, AY","    0","B,,S",,," -173",",,S"," -192",",,S"," -181","H,,S"
"AYM00089574","2023-05-03","-69.383","76.383","64.0","PROGRESS, AY","    0","B,,S",,,,," -177",",,S"," -155","H,,S"
"AYM00089574","2023-05-04","-69.383","76.383","64.0","PROGRESS, AY","    3","B,,S",,," -117",",,S"," -147",",,S"," -136","H,,S"
"AYM00089574","2023-05-05","-69.383","76.383","64.0","PROGRESS, AY","    0","B,,S",,,,," -142",",,S"," -105","H,,S"
"AYM00089574","2023-05-06","-69.383","76.383","64.0","PROGRESS, AY","    0","B,,S",,,"  -82",",,S",,,"  -94","H,,S"
"AYM00089574","2023-05-07","-69.383","76.383","64.0","PROGRESS, AY","    0","B,,S",,,,,,," -122","H,,S"
"AYM00089574","2023-05-08","-69.383","76.383","64.0","PROGRESS, AY","    0","B,,S",,,,," -130",",,S"," -115","H,,S"
"AYM00089574","2023-05-09","-69.383","76.383","64.0","PROGRESS, AY","    0","B,,S",,,,,,," -162","H,,S"
"AYM00089574","2023-05-10","-69.383","76.383","64.0","PROGRESS, AY","    0","B,,S",,," -189",",,S",,," -196","H,,S"
"AYM00089574","2023-05-11","-69.383","76.383","64.0","PROGRESS, AY","    0","B,,S",,,,," -217",",,S"," -198","H,,S"
"AYM00089574","2023-05-13","-69.383","76.383","64.0","PROGRESS, AY","    3","B,,S",,,,,,," -182","H,,S"
"AYM00089574","2023-05-14","-69.383","76.383","64.0","PROGRESS, AY","   20","B,,S",,,,," -173",",,S"," -125","H,,S"
"AYM00089574","2023-05-16","-69.383","76.383","64.0","PROGRESS, AY","    5","B,,S",,,,,,," -127","H,,S"
"AYM00089574","2023-05-17","-69.383","76.383","64.0","PROGRESS, AY","    0","B,,S",,," -139",",,S",,," -156","H,,S"
"AYM00089574","2023-05-18","-69.383","76.383","64.0","PROGRESS, AY","    0","B,,S",,,,," -175",",,S"," -163","H,,S"
"AYM00089574","2023-05-19","-69.383","76.383","64.0","PROGRESS, AY","    0","B,,S",,,,,,," -173","H,,S"
"AYM00089574","2023-05-20","-69.383","76.383","64.0","PROGRESS, AY","    0","B,,S",,,,,,," -208","H,,S"
"AYM00089574","2023-05-21","-69.383","76.383","64.0","PROGRESS, AY","    0","B,,S",,,,,,," -248","H,,S"
"AYM00089574","2023-05-22","-69.383","76.383","64.0","PROGRESS, AY","    0","B,,S",,," -214",",,S",,," -239","H,,S"
"AYM00089574","2023-05-23","-69.383","76.383","64.0","PROGRESS, AY","    0","B,,S",,,,," -333",",,S"," -277","H,,S"
"AYM00089574","2023-05-24","-69.383","76.383","64.0","PROGRESS, AY","    0","B,,S",,," -202",",,S"," -228",",,S"," -216","H,,S"
"AYM00089574","2023-05-25","-69.383","76.383","64.0","PROGRESS, AY","    0","B,,S",,,,," -239",",,S"," -228","H,,S"
"AYM00089574","2023-05-26","-69.383","76.383","64.0","PROGRESS, AY","    0","B,,S",,,,,,," -192","H,,S"
"AYM00089574","2023-05-27","-69.383","76.383","64.0","PROGRESS, AY","    0","B,,S",,,,,,," -222","H,,S"
"AYM00089574","2023-05-28","-69.383","76.383","64.0","PROGRESS, AY","    0","B,,S",,,,," -242",",,S"," -232","H,,S"
"AYM00089574","2023-05-29","-69.383","76.383","64.0","PROGRESS, AY","    0","B,,S",,," -208",",,S"," -240",",,S"," -220","H,,S"
"AYM00089574","2023-05-30","-69.383","76.383","64.0","PROGRESS, AY","    0","B,,S",,,,," -218",",,S"," -133","H,,S"
"AYM00089574","2023-05-31","-69.383","76.383","64.0","PROGRESS, AY","    5","B,,S",,,,,,," -127","H,,S"
"AYM00089574","2023-06-02","-69.383","76.383","64.0","PROGRESS, AY","    0","B,,S",,,,,,," -165","H,,S"
"AYM00089574","2023-06-03","-69.383","76.383","64.0","PROGRESS, AY","    0","B,,S",,,,,,," -204","H,,S"
"AYM00089574","2023-06-04","-69.383","76.383","64.0","PROGRESS, AY","    0","B,,S",,,,,,," -235","H,,S"
"AYM00089574","2023-06-05","-69.383","76.383","64.0","PROGRESS, AY","    0","B,,S",,,,," -256",",,S"," -217","H,,S"
"AYM00089574","2023-06-06","-69.383","76.383","64.0","PROGRESS, AY","    0","B,,S",,,,," -153",",,S"," -120","H,,S"
"AYM00089574","2023-06-07","-69.383","76.383","64.0","PROGRESS, AY","    0","B,,S",,,,," -102",",,S","  -82","H,,S"
"AYM00089574","2023-06-08","-69.383","76.383","64.0","PROGRESS, AY","    0","B,,S",,,"  -50",",,S",,,"  -72","H,,S"
"AYM00089574","2023-06-09","-69.383","76.383","64.0","PROGRESS, AY","    0","B,,S",,,"  -78",",,S"," -120",",,S","  -96","H,,S"
"AYM00089574","2023-06-10","-69.383","76.383","64.0","PROGRESS, AY","    0","B,,S",,,"  -77",",,S"," -111",",,S","  -89","H,,S"
"AYM00089574","2023-06-11","-69.383","76.383","64.0","PROGRESS, AY","   20","B,,S",,,"  -69",",,S",,,"  -93","H,,S"
"AYM00089574","2023-06-12","-69.383","76.383","64.0","PROGRESS, AY","    0","B,,S",,,"  -64",",,S"," -130",",,S","  -92","H,,S"
"AYM00089574","2023-06-13","-69.383","76.383","64.0","PROGRESS, AY","    0","B,,S",,,"  -61",",,S","  -91",",,S","  -76","H,,S"
"AYM00089574","2023-06-16","-69.383","76.383","64.0","PROGRESS, AY","    0","B,,S",,,"  -44",",,S","  -64",",,S","  -48","H,,S"
"AYM00089574","2023-06-17","-69.383","76.383","64.0","PROGRESS, AY","   20","B,,S",,,,,,,"  -67","H,,S"
"AYM00089574","2023-06-18","-69.383","76.383","64.0","PROGRESS, AY","    0","B,,S",,,"  -88",",,S",,,"  -96","H,,S"
"AYM00089574","2023-06-19","-69.383","76.383","64.0","PROGRESS, AY","    0","B,,S",,,"  -94",",,S",,," -108","H,,S"
"AYM00089574","2023-06-20","-69.383","76.383","64.0","PROGRESS, AY","    0","B,,S",,,,,,," -116","H,,S"
"AYM00089574","2023-06-21","-69.383","76.383","64.0","PROGRESS, AY","    0","B,,S",,,,,,," -153","H,,S"
"AYM00089574","2023-06-22","-69.383","76.383","64.0","PROGRESS, AY","    0","B,,S",,," -110",",,S"," -169",",,S"," -129","H,,S"
"AYM00089574","2023-06-23","-69.383","76.383","64.0","PROGRESS, AY","   10","B,,S",,,,," -126",",,S","  -74","H,,S"
"AYM00089574","2023-06-24","-69.383","76.383","64.0","PROGRESS, AY","    8","B,,S",,,"  -47",",,S",,,"  -62","H,,S"
"AYM00089574","2023-06-25","-69.383","76.383","64.0","PROGRESS, AY","    0","B,,S",,,,,,,"  -91","H,,S"
"AYM00089574","2023-06-26","-69.383","76.383","64.0","PROGRESS, AY","   15","B,,S",,,,,,," -185","H,,S"
"AYM00089574","2023-06-27","-69.383","76.383","64.0","PROGRESS, AY","    0","B,,S",,," -210",",,S"," -226",",,S"," -219","H,,S"
"AYM00089574","2023-06-28","-69.383","76.383","64.0","PROGRESS, AY","    0","B,,S",,,,,,," -222","H,,S"
"AYM00089574","2023-06-29","-69.383","76.383","64.0","PROGRESS, AY","    0","B,,S",,," -238",",,S",,," -247","H,,S"
"AYM00089574","2023-06-30","-69.383","76.383","64.0","PROGRESS, AY","    0","B,,S",,,,," -259",",,S"," -252","H,,S"
"AYM00089574","2023-07-01","-69.383","76.383","64.0","PROGRESS, AY","    0","B,,S",,," -242",",,S"," -252",",,S"," -245","H,,S"
"AYM00089574","2023-07-02","-69.383","76.383","64.0","PROGRESS, AY","    0","B,,S",,,,,,," -254","H,,S"
"AYM00089574","2023-07-03","-69.383","76.383","64.0","PROGRESS, AY","    3","B,,S",,,"  -70",",,S"," -247",",,S"," -111","H,,S"
"AYM00089574","2023-07-04","-69.383","76.383","64.0","PROGRESS, AY","   10","B,,S",,,,,,,"  -67","H,,S"
"AYM00089574","2023-07-05","-69.383","76.383","64.0","PROGRESS, AY","    0","B,,S",,,,,,," -119","H,,S"
"AYM00089574","2023-07-07","-69.383","76.383","64.0","PROGRESS, AY","    3","B,,S",,," -130",",,S"," -160",",,S"," -139","H,,S"
"AYM00089574","2023-07-08","-69.383","76.383","64.0","PROGRESS, AY","   33","B,,S",,," -106",",,S"," -140",",,S"," -116","H,,S"
"AYM00089574","2023-07-09","-69.383","76.383","64.0","PROGRESS, AY","   20","B,,S",,,"  -94",",,S"," -124",",,S"," -106","H,,S"
"AYM00089574","2023-07-10","-69.383","76.383","64.0","PROGRESS, AY","    0","B,,S",,,"  -86",",,S",,," -103","H,,S"
"AYM00089574","2023-07-11","-69.383","76.383","64.0","PROGRESS, AY","    0","B,,S",,,,," -154",",,S"," -144","H,,S"
"AYM00089574","2023-07-12","-69.383","76.383","64.0","PROGRESS, AY","    0","B,,S",,," -111",",,S",,," -134","H,,S"
"AYM00089574","2023-07-13","-69.383","76.383","64.0","PROGRESS, AY","    0","B,,S",,,,," -172",",,S"," -153","H,,S"
"AYM00089574","2023-07-14","-69.383","76.383","64.0","PROGRESS, AY","    0","B,,S",,," -160",",,S"," -173",",,S"," -168","H,,S"
"AYM00089574","2023-07-15","-69.383","76.383","64.0","PROGRESS, AY","    0","B,,S",,,,,,," -173","H,,S"
"AYM00089574","2023-07-16","-69.383","76.383","64.0","PROGRESS, AY","    0","B,,S",,," -194",",,S",,," -201","H,,S"
"AYM00089574","2023-07-17","-69.383","76.383","64.0","PROGRESS, AY","    0","B,,S",,," -212",",,S"," -231",",,S"," -221","H,,S"
"AYM00089574","2023-07-18","-69.383","76.383","64.0","PROGRESS, AY","    0","B,,S",,,,," -214",",,S"," -168","H,,S"
"AYM00089574","2023-07-19","-69.383","76.383","64.0","PROGRESS, AY","    0","B,,S",,," -128",",,S"," -153",",,S"," -134","H,,S"
"AYM00089574","2023-07-20","-69.383","76.383","64.0","PROGRESS, AY","    0","B,,S",,," -128",",,S",,," -137","H,,S"
"AYM00089574","2023-07-22","-69.383","76.383","64.0","PROGRESS, AY","    0","B,,S",,,,,,," -255","H,,S"
"AYM00089574","2023-07-23","-69.383","76.383","64.0","PROGRESS, AY","    0","B,,S",,," -230",",,S"," -264",",,S"," -242","H,,S"
"AYM00089574","2023-07-24","-69.383","76.383","64.0","PROGRESS, AY","    0","B,,S",,,,,,," -261","H,,S"
"AYM00089574","2023-07-25","-69.383","76.383","64.0","PROGRESS, AY","    0","B,,S",,," -232",",,S"," -268",",,S"," -253","H,,S"
"AYM00089574","2023-07-26","-69.383","76.383","64.0","PROGRESS, AY","    0","B,,S",,,,," -296",",,S"," -258","H,,S"
"AYM00089574","2023-07-28","-69.383","76.383","64.0","PROGRESS, AY","    0","B,,S",,,,,,," -270","H,,S"
"AYM00089574","2023-07-29","-69.383","76.383","64.0","PROGRESS, AY","    0","B,,S",,," -273",",,S"," -288",",,S"," -279","H,,S"
"AYM00089574","2023-07-30","-69.383","76.383","64.0","PROGRESS, AY","    0","B,,S",,," -278",",,S",,," -307","H,,S"
"AYM00089574","2023-07-31","-69.383","76.383","64.0","PROGRESS, AY","    0","B,,S",,," -316",",,S"," -360",",,S"," -341","H,,S"
"AYM00089574","2023-08-01","-69.383","76.383","64.0","PROGRESS, AY","    0","B,,S",,," -188",",,S"," -350",",,S"," -198","H,,S"
"AYM00089574","2023-08-02","-69.383","76.383","64.0","PROGRESS, AY","    0","B,,S",,," -134",",,S"," -219",",,S"," -157","H,,S"
"AYM00089574","2023-08-03","-69.383","76.383","64.0","PROGRESS, AY","    0","B,,S",,," -171",",,S",,," -199","H,,S"
"AYM00089574","2023-08-04","-69.383","76.383","64.0","PROGRESS, AY","    0","B,,S",,,,,,," -258","H,,S"
"AYM00089574","2023-08-05","-69.383","76.383","64.0","PROGRESS, AY","    0","B,,S",,,,,,," -297","H,,S"
"AYM00089574","2023-08-06","-69.383","76.383","64.0","PROGRESS, AY","    0","B,,S",,,,,,," -311","H,,S"
"AYM00089574","2023-08-07","-69.383","76.383","64.0","PROGRESS, AY","    0","B,,S",,," -305",",,S"," -317",",,S"," -313","H,,S"
"AYM00089574","2023-08-08","-69.383","76.383","64.0","PROGRESS, AY","    0","B,,S",,,,," -328",",,S"," -299","H,,S"
"AYM00089574","2023-08-09","-69.383","76.383","64.0","PROGRESS, AY","    0","B,,S",,,,," -298",",,S"," -253","H,,S"
"AYM00089574","2023-08-11","-69.383","76.383","64.0","PROGRESS, AY","    0","B,,S",,," -190",",,S",,," -214","H,,S"
"AYM00089574","2023-08-12","-69.383","76.383","64.0","PROGRESS, AY","    0","B,,S",,,,," -235",",,S"," -168","H,,S"
"AYM00089574","2023-08-13","-69.383","76.383","64.0","PROGRESS, AY","    5","B,,S",,," -124",",,S"," -185",",,S"," -143","H,,S"
"AYM00089574","2023-08-14","-69.383","76.383","64.0","PROGRESS, AY","    5","B,,S",,,,,,," -141","H,,S"
"AYM00089574","2023-08-15","-69.383","76.383","64.0","PROGRESS, AY","    3","B,,S",,," -149",",,S",,," -178","H,,S"
"AYM00089574","2023-08-16","-69.383","76.383","64.0","PROGRESS, AY","    0","B,,S",,," -132",",,S"," -211",",,S"," -149","H,,S"
"AYM00089574","2023-08-17","-69.383","76.383","64.0","PROGRESS, AY","    0","B,,S",,," -122",",,S",,," -137","H,,S"
"AYM00089574","2023-08-18","-69.383","76.383","64.0","PROGRESS, AY","    0","B,,S",,," -149",",,S",,," -157","H,,S"
"AYM00089574","2023-08-19","-69.383","76.383","64.0","PROGRESS, AY","    0","B,,S",,," -164",",,S",,," -173","H,,S"
"AYM00089574","2023-08-20","-69.383","76.383","64.0","PROGRESS, AY","    0","B,,S",,,,," -194",",,S"," -180","H,,S"
"AYM00089574","2023-08-21","-69.383","76.383","64.0","PROGRESS, AY","    0","B,,S",,," -167",",,S",,," -183","H,,S"
"AYM00089574","2023-08-22","-69.383","76.383","64.0","PROGRESS, AY","    0","B,,S",,," -204",",,S"," -242",",,S"," -221","H,,S"
"AYM00089574","2023-08-23","-69.383","76.383","64.0","PROGRESS, AY","    0","B,,S",,," -175",",,S"," -219",",,S"," -193","H,,S"
"AYM00089574","2023-08-25","-69.383","76.383","64.0","PROGRESS, AY","    0","B,,S",,,,," -265",",,S"," -234","H,,S"
"AYM00089574","2023-08-26","-69.383","76.383","64.0","PROGRESS, AY","    0","B,,S",,," -186",",,S"," -229",",,S"," -204","H,,S"
"AYM00089574","2023-08-27","-69.383","76.383","64.0","PROGRESS, AY","    0","B,,S",,,,,,," -219","H,,S"
"AYM00089574","2023-08-28","-69.383","76.383","64.0","PROGRESS, AY","    0","B,,S",,," -204",",,S"," -220",",,S"," -214","H,,S"
"AYM00089574","2023-08-30","-69.383","76.383","64.0","PROGRESS, AY","    0","B,,S",,," -221",",,S",,," -233","H,,S"
"AYM00089574","2023-08-31","-69.383","76.383","64.0","PROGRESS, AY","    0","B,,S",,," -220",",,S"," -242",",,S"," -234","H,,S"
"AYM00089574","2023-09-01","-69.383","76.383","64.0","PROGRESS, AY","    0","B,,S",,," -239",",,S",,," -252","H,,S"
"AYM00089574","2023-09-02","-69.383","76.383","64.0","PROGRESS, AY","    0","B,,S",,," -226",",,S",,," -253","H,,S"
"AYM00089574","2023-09-03","-69.383","76.383","64.0","PROGRESS, AY","    0","B,,S",,," -239",",,S",,," -258","H,,S"
"AYM00089574","2023-09-04","-69.383","76.383","64.0","PROGRESS, AY","   10","B,,S",,," -159",",,S"," -258",",,S"," -185","H,,S"
"AYM00089574","2023-09-05","-69.383","76.383","64.0","PROGRESS, AY","   79","B,,S",,,"  -82",",,S"," -182",",,S"," -102","H,,S"
"AYM00089574","2023-09-06","-69.383","76.383","64.0","PROGRESS, AY","    0","B,,S",,," -110",",,S",,," -129","H,,S"
"AYM00089574","2023-09-07","-69.383","76.383","64.0","PROGRESS, AY","    0","B,,S",,," -170",",,S",,," -193","H,,S"
"AYM00089574","2023-09-08","-69.383","76.383","64.0","PROGRESS, AY","    0","B,,S",,," -221",",,S",,," -245","H,,S"
"AYM00089574","2023-09-09","-69.383","76.383","64.0","PROGRESS, AY","    0","B,,S",,," -165",",,S"," -259",",,S"," -202","H,,S"
"AYM00089574","2023-09-10","-69.383","76.383","64.0","PROGRESS, AY","    0","B,,S",,,"  -69",",,S"," -182",",,S"," -103","H,,S"
"AYM00089574","2023-09-11","-69.383","76.383","64.0","PROGRESS, AY","    3","B,,S",,,"  -35",",,S","  -85",",,S","  -53","H,,S"
"AYM00089574","2023-09-12","-69.383","76.383","64.0","PROGRESS, AY","    5","B,,S",,,"  -44",",,S","  -59",",,S","  -56","H,,S"
"AYM00089574","2023-09-13","-69.383","76.383","64.0","PROGRESS, AY","   61","B,,S",,,"  -20",",,S","  -57",",,S","  -40","H,,S"
"AYM00089574","2023-09-14","-69.383","76.383","64.0","PROGRESS, AY","    0","B,,S",,,,,"  -50",",,S","  -34","H,,S"
"AYM00089574","2023-09-15","-69.383","76.383","64.0","PROGRESS, AY","    0","B,,S",,,"   -1",",,S",,,"  -12","H,,S"
"AYM00089574","2023-09-16","-69.383","76.383","64.0","PROGRESS, AY","    3","B,,S",,,"   -7",",,S","  -46",",,S","  -23","H,,S"
"AYM00089574","2023-09-17","-69.383","76.383","64.0","PROGRESS, AY","   10","B,,S",,,,,,,"  -49","H,,S"
"AYM00089574","2023-09-18","-69.383","76.383","64.0","PROGRESS, AY","   41","B,,S",,,"  -67",",,S",,,"  -72","H,,S"
"AYM00089574","2023-09-21","-69.383","76.383","64.0","PROGRESS, AY","    0","B,,S",,,"  -85",",,S"," -133",",,S"," -108","H,,S"
"AYM00089574","2023-09-22","-69.383","76.383","64.0","PROGRESS, AY","    0","B,,S",,,"  -88",",,S"," -140",",,S"," -116","H,,S"
"AYM00089574","2023-09-23","-69.383","76.383","64.0","PROGRESS, AY","    0","B,,S",,,"  -90",",,S"," -117",",,S","  -99","H,,S"
"AYM00089574","2023-09-24","-69.383","76.383","64.0","PROGRESS, AY","    0","B,,S",,,"  -71",",,S"," -107",",,S","  -84","H,,S"
"AYM00089574","2023-09-25","-69.383","76.383","64.0","PROGRESS, AY","    0","B,,S",,,"  -57",",,S","  -93",",,S","  -77","H,,S"
"AYM00089574","2023-09-26","-69.383","76.383","64.0","PROGRESS, AY","    0","B,,S",,,"  -75",",,S",,,"  -92","H,,S"
"AYM00089574","2023-09-27","-69.383","76.383","64.0","PROGRESS, AY","    0","B,,S",,,"  -93",",,S",,," -117","H,,S"
"AYM00089574","2023-09-30","-69.383","76.383","64.0","PROGRESS, AY","    0","B,,S",,," -144",",,S",,," -171","H,,S"
"AYM00089574","2023-10-01","-69.383","76.383","64.0","PROGRESS, AY","    5","B,,S",,," -141",",,S"," -185",",,S"," -158","H,,S"
"AYM00089574","2023-10-02","-69.383","76.383","64.0","PROGRESS, AY","    0","B,,S",,," -124",",,S"," -165",",,S"," -151","H,,S"
"AYM00089574","2023-10-04","-69.383","76.383","64.0","PROGRESS, AY","    5","B,,S",,," -147",",,S"," -209",",,S"," -176","H,,S"
"AYM00089574","2023-10-05","-69.383","76.383","64.0","PROGRESS, AY","   10","B,,S",,," -135",",,S",,," -171","H,,S"
"AYM00089574","2023-10-06","-69.383","76.383","64.0","PROGRESS, AY","    0","B,,S",,," -140",",,S"," -199",",,S"," -157","H,,S"
"AYM00089574","2023-10-07","-69.383","76.383","64.0","PROGRESS, AY","    0","B,,S",,,,," -144",",,S"," -124","H,,S"
"AYM00089574","2023-10-08","-69.383","76.383","64.0","PROGRESS, AY","    0","B,,S",,,"  -63",",,S",,," -103","H,,S"
"AYM00089574","2023-10-09","-69.383","76.383","64.0","PROGRESS, AY","    0","B,,S",,,"  -71",",,S"," -174",",,S"," -116","H,,S"
"AYM00089574","2023-10-10","-69.383","76.383","64.0","PROGRESS, AY","    0","B,,S",,,"  -20",",,S","  -76",",,S","  -35","H,,S"
"AYM00089574","2023-10-11","-69.383","76.383","64.0","PROGRESS, AY","    5","B,,S",,,"  -60",",,S",,,"  -72","H,,S"
"AYM00089574","2023-10-13","-69.383","76.383","64.0","PROGRESS, AY","    0","B,,S",,,"  -96",",,S",,," -123","H,,S"
"AYM00089574","2023-10-14","-69.383","76.383","64.0","PROGRESS, AY","    0","B,,S",,," -107",",,S",,," -159","H,,S"
"AYM00089574","2023-10-15","-69.383","76.383","64.0","PROGRESS, AY","    0","B,,S",,," -152",",,S"," -203",",,S"," -176","H,,S"
"AYM00089574","2023-10-16","-69.383","76.383","64.0","PROGRESS, AY","    0","B,,S",,," -134",",,S"," -198",",,S"," -158","H,,S"
"AYM00089574","2023-10-18","-69.383","76.383","64.0","PROGRESS, AY","    0","B,,S",,," -134",",,S"," -202",",,S"," -165","H,,S"
"AYM00089574","2023-10-19","-69.383","76.383","64.0","PROGRESS, AY","    0","B,,S",,,"  -97",",,S"," -177",",,S"," -140","H,,S"
"AYM00089574","2023-10-20","-69.383","76.383","64.0","PROGRESS, AY","    0","B,,S",,," -126",",,S"," -172",",,S"," -151","H,,S"
"AYM00089574","2023-10-21","-69.383","76.383","64.0","PROGRESS, AY","    0","B,,S",,," -120",",,S"," -178",",,S"," -147","H,,S"
"AYM00089574","2023-10-22","-69.383","76.383","64.0","PROGRESS, AY","    0","B,,S",,," -103",",,S"," -151",",,S"," -124","H,,S"
"AYM00089574","2023-10-23","-69.383","76.383","64.0","PROGRESS, AY","    0","B,,S",,,"  -93",",,S"," -158",",,S"," -119","H,,S"
"AYM00089574","2023-10-24","-69.383","76.383","64.0","PROGRESS, AY","    3","B,,S",,,"  -34",",,S"," -107",",,S","  -61","H,,S"
"AYM00089574","2023-10-25","-69.383","76.383","64.0","PROGRESS, AY","    8","B,,S",,,,,,,"  -43","H,,S"
"AYM00089574","2023-10-26","-69.383","76.383","64.0","PROGRESS, AY","    0","B,,S",,,"   -9",",,S",,,"  -35","H,,S"
"AYM00089574","2023-10-27","-69.383","76.383","64.0","PROGRESS, AY","    0","B,,S",,,"  -12",",,S","  -72",",,S","  -41","H,,S"
"AYM00089574","2023-10-28","-69.383","76.383","64.0","PROGRESS, AY","    0","B,,S",,,"  -35",",,S","  -72",",,S","  -52","H,,S"
"AYM00089574","2023-10-29","-69.383","76.383","64.0","PROGRESS, AY","   13","B,,S",,,"  -45",",,S",,,"  -57","H,,S"
"AYM00089574","2023-10-30","-69.383","76.383","64.0","PROGRESS, AY","    3","B,,S",,,"  -54",",,S","  -88",",,S","  -77","H,,S"
"AYM00089574","2023-10-31","-69.383","76.383","64.0","PROGRESS, AY","    0","B,,S",,,"  -77",",,S"," -116",",,S"," -102","H,,S"
"AYM00089574","2023-11-01","-69.383","76.383","64.0","PROGRESS, AY","    0","B,,S",,,"  -72",",,S"," -136",",,S"," -106","H,,S"
"AYM00089574","2023-11-02","-69.383","76.383","64.0","PROGRESS, AY",,,,,"  -55",",,S",,,"  -84","H,,S"
"AYM00089574","2023-11-03","-69.383","76.383","64.0","PROGRESS, AY","    0","B,,S",,,"  -28",",,S","  -79",",,S","  -54","H,,S"
"AYM00089574","2023-11-05","-69.383","76.383","64.0","PROGRESS, AY","    0","B,,S",,,"  -54",",,S"," -121",",,S","  -88","H,,S"
"AYM00089574","2023-11-07","-69.383","76.383","64.0","PROGRESS, AY","    0","B,,S",,,"  -53",",,S"," -117",",,S","  -77","H,,S"
"AYM00089574","2023-11-08","-69.383","76.383","64.0","PROGRESS, AY","    0","B,,S",,,"  -42",",,S","  -78",",,S","  -58","H,,S"
"AYM00089574","2023-11-09","-69.383","76.383","64.0","PROGRESS, AY","   10","B,,S",,,,,"  -69",",,S","  -60","H,,S"
"AYM00089574","2023-11-10","-69.383","76.383","64.0","PROGRESS, AY","    3","B,,S",,,"  -26",",,S","  -59",",,S","  -44","H,,S"
"AYM00089574","2023-11-11","-69.383","76.383","64.0","PROGRESS, AY","   38","B,,S",,,"  -59",",,S","  -71",",,S","  -66","H,,S"
"AYM00089574","2023-11-12","-69.383","76.383","64.0","PROGRESS, AY","   28","B,,S",,,"  -49",",,S","  -67",",,S","  -56","H,,S"
"AYM00089574","2023-11-13","-69.383","76.383","64.0","PROGRESS, AY","   10","B,,S",,,"  -30",",,S","  -71",",,S","  -47","H,,S"
"AYM00089574","2023-11-14","-69.383","76.383","64.0","PROGRESS, AY","    8","B,,S",,,"  -23",",,S","  -50",",,S","  -36","H,,S"
"AYM00089574","2023-11-15","-69.383","76.383","64.0","PROGRESS, AY","    0","B,,S",,,"   -6",",,S","  -74",",,S","  -45","H,,S"
"AYM00089574","2023-11-16","-69.383","76.383","64.0","PROGRESS, AY","    0","B,,S",,,"  -33",",,S","  -92",",,S","  -67","H,,S"
"AYM00089574","2023-11-17","-69.383","76.383","64.0","PROGRESS, AY","    0","B,,S",,,"  -22",",,S",,,"  -66","H,,S"
"AYM00089574","2023-11-18","-69.383","76.383","64.0","PROGRESS, AY","    0","B,,S",,,"    0",",,S","  -96",",,S","  -58","H,,S"
"AYM00089574","2023-11-19","-69.383","76.383","64.0","PROGRESS, AY","    0","B,,S",,,"  -25",",,S","  -94",",,S","  -68","H,,S"
"AYM00089574","2023-11-20","-69.383","76.383","64.0","PROGRESS, AY","    0","B,,S",,,"  -47",",,S","  -99",",,S","  -74","H,,S"
"AYM00089574","2023-11-21","-69.383","76.383","64.0","PROGRESS, AY","    0","B,,S",,,"  -25",",,S","  -97",",,S","  -56","H,,S"
"AYM00089574","2023-11-22","-69.383","76.383","64.0","PROGRESS, AY","    0","B,,S",,,"  -31",",,S","  -97",",,S","  -68","H,,S"
"AYM00089574","2023-11-23","-69.383","76.383","64.0","PROGRESS, AY","    0","B,,S",,,"  -46",",,S"," -108",",,S","  -83","H,,S"
"AYM00089574","2023-11-24","-69.383","76.383","64.0","PROGRESS, AY","    0","B,,S",,,"  -28",",,S"," -107",",,S","  -66","H,,S"
"AYM00089574","2023-11-25","-69.383","76.383","64.0","PROGRESS, AY","    0","B,,S",,,"   -9",",,S","  -93",",,S","  -40","H,,S"
"AYM00089574","2023-11-26","-69.383","76.383","64.0","PROGRESS, AY","   41","B,,S",,,,,,,"  -39","H,,S"
"AYM00089574","2023-11-28","-69.383","76.383","64.0","PROGRESS, AY","    8","B,,S",,,"   -7",",,S","  -28",",,S","  -11","H,,S"
"AYM00089574","2023-11-29","-69.383","76.383","64.0","PROGRESS, AY","   61","B,,S",,,,,,,"  -30","H,,S"
"AYM00089574","2023-11-30","-69.383","76.383","64.0","PROGRESS, AY","    5","B,,S",,,"    6",",,S","  -37",",,S","  -22","H,,S"
"AYM00089574","2023-12-01","-69.383","76.383","64.0","PROGRESS, AY","    0","B,,S",,,"   13",",,S","  -78",",,S","  -37","H,,S"
"AYM00089574","2023-12-02","-69.383","76.383","64.0","PROGRESS, AY","    0","B,,S",,,"   54",",,S","  -52",",,S","    2","H,,S"
"AYM00089574","2023-12-03","-69.383","76.383","64.0","PROGRESS, AY","   43","B,,S",,,,,"   -4",",,S","    1","H,,S"
"AYM00089574","2023-12-04","-69.383","76.383","64.0","PROGRESS, AY","   13","B,,S",,,"   35",",,S","   -2",",,S","   26","H,,S"
"AYM00089574","2023-12-05","-69.383","76.383","64.0","PROGRESS, AY","    3","B,,S",,,"   51",",,S",,,"   30","H,,S"
"AYM00089574","2023-12-06","-69.383","76.383","64.0","PROGRESS, AY","    0","B,,S",,,"   39",",,S",,,"   17","H,,S"
"AYM00089574","2023-12-07","-69.383","76.383","64.0","PROGRESS, AY","    0","B,,S",,,,,,,"   -6","H,,S"
"AYM00089574","2023-12-08","-69.383","76.383","64.0","PROGRESS, AY","    5","B,,S",,,"    2",",,S","  -32",",,S","   -9","H,,S"
"AYM00089574","2023-12-09","-69.383","76.383","64.0","PROGRESS, AY","    0","B,,S",,,"    1",",,S",,,"  -27","H,,S"
"AYM00089574","2023-12-10","-69.383","76.383","64.0","PROGRESS, AY","    0","B,,S",,,"   -4",",,S",,,"  -42","H,,S"
"AYM00089574","2023-12-11","-69.383","76.383","64.0","PROGRESS, AY","    0","B,,S",,,"  -12",",,S","  -86",",,S","  -41","H,,S"
"AYM00089574","2023-12-13","-69.383","76.383","64.0","PROGRESS, AY","    0","B,,S",,,"   14",",,S","  -47",",,S","  -17","H,,S"
"AYM00089574","2023-12-14","-69.383","76.383","64.0","PROGRESS, AY","    0","B,,S",,,"    2",",,S","  -41",",,S","  -22","H,,S"
"AYM00089574","2023-12-15","-69.383","76.383","64.0","PROGRESS, AY","    3","B,,S",,,"   -9",",,S","  -42",",,S","  -27","H,,S"
"AYM00089574","2023-12-17","-69.383","76.383","64.0","PROGRESS, AY","    0","B,,S",,,"    5",",,S","  -46",",,S","  -19","H,,S"
"AYM00089574","2023-12-18","-69.383","76.383","64.0","PROGRESS, AY","    0","B,,S",,,"   38",",,S","  -37",",,S","   -4","H,,S"
"AYM00089574","2023-12-19","-69.383","76.383","64.0","PROGRESS, AY","    0","B,,S",,,"    7",",,S","  -30",",,S","  -13","H,,S"
"AYM00089574","2023-12-20","-69.383","76.383","64.0","PROGRESS, AY","    0","B,,S",,,"   10",",,S","  -39",",,S","  -10","H,,S"
"AYM00089574","2023-12-21","-69.383","76.383","64.0","PROGRESS, AY","    3","B,,S",,,"    2",",,S","  -26",",,S","   -7","H,,S"
"AYM00089574","2023-12-22","-69.383","76.383","64.0","PROGRESS, AY","   53","B,,S",,,"   24",",,S",,,"    2","H,,S"
"AYM00089574","2023-12-23","-69.383","76.383","64.0","PROGRESS, AY","    3","B,,S",,,"   14",",,S",,,"  -17","H,,S"
"AYM00089574","2023-12-24","-69.383","76.383","64.0","PROGRESS, AY","    0","B,,S",,,"   10",",,S","  -54",",,S","  -20","H,,S"
"AYM00089574","2023-12-25","-69.383","76.383","64.0","PROGRESS, AY","    0","B,,S",,,"   -2",",,S","  -58",",,S","  -25","H,,S"
"AYM00089574","2023-12-26","-69.383","76.383","64.0","PROGRESS, AY","    0","B,,S",,,"    6",",,S","  -41",",,S","  -12","H,,S"
"AYM00089574","2023-12-27","-69.383","76.383","64.0","PROGRESS, AY","    0","B,,S",,,"   17",",,S",,,"  -15","H,,S"
"AYM00089574","2023-12-28","-69.383","76.383","64.0","PROGRESS, AY","    3","B,,S",,,"   -5",",,S","  -49",",,S","  -25","H,,S"
"AYM00089574","2023-12-29","-69.383","76.383","64.0","PROGRESS, AY","    5","B,,S",,,"   -9",",,S","  -27",",,S","  -21","H,,S"
"AYM00089574","2023-12-30","-69.383","76.383","64.0","PROGRESS, AY","    0","B,,S",,,"    5",",,S","  -33",",,S","  -11","H,,S"
"AYM00089574","2023-12-31","-69.383","76.383","64.0","PROGRESS, AY","    5","B,,S",,,"    8",",,S","  -26",",,S","  -12","H,,S"
"AYM00089574","2024-01-01","-69.383","76.383","64.0","PROGRESS, AY","    0","B,,S",,,"   28",",,S","  -28",",,S","   -5","H,,S"
"AYM00089574","2024-01-02","-69.383","76.383","64.0","PROGRESS, AY","    0","B,,S",,,"   13",",,S","  -39",",,S","  -14","H,,S"
"AYM00089574","2024-01-03","-69.383","76.383","64.0","PROGRESS, AY","    0","B,,S",,,"   13",",,S","  -47",",,S","  -17","H,,S"
"AYM00089574","2024-01-04","-69.383","76.383","64.0","PROGRESS, AY","    0","B,,S",,,"   31",",,S","  -41",",,S","   -3","H,,S"
"AYM00089574","2024-01-05","-69.383","76.383","64.0","PROGRESS, AY","    5","B,,S",,,"   26",",,S",,,"    0","H,,S"
"AYM00089574","2024-01-06","-69.383","76.383","64.0","PROGRESS, AY","   13","B,,S",,,"    5",",,S","  -18",",,S","   -8","H,,S"
"AYM00089574","2024-01-07","-69.383","76.383","64.0","PROGRESS, AY","    5","B,,S",,,"    8",",,S",,,"   -9","H,,S"
"AYM00089574","2024-01-08","-69.383","76.383","64.0","PROGRESS, AY","    0","B,,S",,,"   13",",,S","  -42",",,S","  -15","H,,S"
"AYM00089574","2024-01-09","-69.383","76.383","64.0","PROGRESS, AY","    0","B,,S",,,"   38",",,S","  -26",",,S","    6","H,,S"
"AYM00089574","2024-01-10","-69.383","76.383","64.0","PROGRESS, AY","    0","B,,S",,,"   11",",,S","  -30",",,S","  -11","H,,S"
"AYM00089574","2024-01-11","-69.383","76.383","64.0","PROGRESS, AY","    3","B,,S",,,"    2",",,S","  -44",",,S","  -19","H,,S"
"AYM00089574","2024-01-12","-69.383","76.383","64.0","PROGRESS, AY","   28","B,,S",,,"    8",",,S","  -12",",,S","   -2","H,,S"
"AYM00089574","2024-01-13","-69.383","76.383","64.0","PROGRESS, AY","    5","B,,S",,,"   54",",,S","   -8",",,S","    7","H,,S"
"AYM00089574","2024-01-14","-69.383","76.383","64.0","PROGRESS, AY","    3","B,,S",,,"   11",",,S","  -13",",,S","   -3","H,,S"
"AYM00089574","2024-01-15","-69.383","76.383","64.0","PROGRESS, AY","   10","B,,S",,,"   52",",,S","  -12",",,S","   12","H,,S"
"AYM00089574","2024-01-16","-69.383","76.383","64.0","PROGRESS, AY","    0","B,,S",,,"   19",",,S","   -9",",,S","    5","H,,S"
"AYM00089574","2024-01-17","-69.383","76.383","64.0","PROGRESS, AY","    0","B,,S",,,"   31",",,S",,,"    1","H,,S"
"AYM00089574","2024-01-18","-69.383","76.383","64.0","PROGRESS, AY","   20","B,,S",,,,,"  -20",",,S","  -14","H,,S"
"AYM00089574","2024-01-19","-69.383","76.383","64.0","PROGRESS, AY","   23","B,,S",,,"    8",",,S","  -28",",,S","   -8","H,,S"
"AYM00089574","2024-01-20","-69.383","76.383","64.0","PROGRESS, AY","   10","B,,S",,,"   -4",",,S","  -32",",,S","   -8","H,,S"
"AYM00089574","2024-01-21","-69.383","76.383","64.0","PROGRESS, AY","   79","B,,S",,,"   -4",",,S",,,"  -10","H,,S"
"AYM00089574","2024-01-22","-69.383","76.383","64.0","PROGRESS, AY","    5","B,,S",,,"    0",",,S","  -41",",,S","  -21","H,,S"
"AYM00089574","2024-01-23","-69.383","76.383","64.0","PROGRESS, AY","    0","B,,S",,,"    3",",,S","  -30",",,S","  -11","H,,S"
"AYM00089574","2024-01-24","-69.383","76.383","64.0","PROGRESS, AY","    5","B,,S",,,"    8",",,S","  -23",",,S","    3","H,,S"
"AYM00089574","2024-01-25","-69.383","76.383","64.0","PROGRESS, AY","    8","B,,S",,,"   34",",,S","   -2",",,S","   15","H,,S"
"AYM00089574","2024-01-26","-69.383","76.383","64.0","PROGRESS, AY","    0","B,,S",,,"   35",",,S",,,"   18","H,,S"
"AYM00089574","2024-01-27","-69.383","76.383","64.0","PROGRESS, AY","    0","B,,S",,,"   27",",,S",,,"    4","H,,S"
"AYM00089574","2024-01-28","-69.383","76.383","64.0","PROGRESS, AY","    0","B,,S",,,"   64",",,S","  -32",",,S","   18","H,,S"
"AYM00089574","2024-01-29","-69.383","76.383","64.0","PROGRESS, AY","    0","B,,S",,,"   61",",,S","  -16",",,S","   29","H,,S"
"AYM00089574","2024-01-30","-69.383","76.383","64.0","PROGRESS, AY","    0","B,,S",,,"   55",",,S","    9",",,S","   33","H,,S"
"AYM00089574","2024-01-31","-69.383","76.383","64.0","PROGRESS, AY","    0","B,,S",,,"   35",",,S",,,"   16","H,,S"
"AYM00089574","2024-02-01","-69.383","76.383","64.0","PROGRESS, AY","    0","B,,S",,,"   19",",,S","  -12",",,S","   -1","H,,S"
"AYM00089574","2024-02-02","-69.383","76.383","64.0","PROGRESS, AY","    0","B,,S",,,"    4",",,S","  -14",",,S","   -7","H,,S"
"AYM00089574","2024-02-03","-69.383","76.383","64.0","PROGRESS, AY","   53","B,,S",,,"  -10",",,S",,,"  -13","H,,S"
"AYM00089574","2024-02-04","-69.383","76.383","64.0","PROGRESS, AY","   30","B,,S",,,"   -5",",,S",,,"  -21","H,,S"
"AYM00089574","2024-02-05","-69.383","76.383","64.0","PROGRESS, AY","    0","B,,S",,,"    9",",,S","  -52",",,S","  -16","H,,S"
"AYM00089574","2024-02-06","-69.383","76.383","64.0","PROGRESS, AY","    0","B,,S",,,"   10",",,S","  -25",",,S","  -12","H,,S"
"AYM00089574","2024-02-07","-69.383","76.383","64.0","PROGRESS, AY","    0","B,,S",,,"    5",",,S","  -28",",,S","  -11","H,,S"
"AYM00089574","2024-02-08","-69.383","76.383","64.0","PROGRESS, AY","    0","B,,S",,,"    9",",,S",,,"  -10","H,,S"
"AYM00089574","2024-02-09","-69.383","76.383","64.0","PROGRESS, AY","    0","B,,S",,,"   -2",",,S","  -71",",,S","  -38","H,,S"
"AYM00089574","2024-02-10","-69.383","76.383","64.0","PROGRESS, AY","    0","B,,S",,,"  -19",",,S","  -67",",,S","  -42","H,,S"
"AYM00089574","2024-02-11","-69.383","76.383","64.0","PROGRESS, AY","    0","B,,S",,,"  -26",",,S","  -65",",,S","  -47","H,,S"
"AYM00089574","2024-02-12","-69.383","76.383","64.0","PROGRESS, AY","   30","B,,S",,,"   -7",",,S","  -49",",,S","  -22","H,,S"
"AYM00089574","2024-02-13","-69.383","76.383","64.0","PROGRESS, AY","    0","B,,S",,,"   16",",,S","  -19",",,S","    7","H,,S"
"AYM00089574","2024-02-14","-69.383","76.383","64.0","PROGRESS, AY","    0","B,,S",,,"   16",",,S",,,"   -4","H,,S"
"AYM00089574","2024-02-16","-69.383","76.383","64.0","PROGRESS, AY","    0","B,,S",,,"  -37",",,S","  -74",",,S","  -57","H,,S"
"AYM00089574","2024-02-17","-69.383","76.383","64.0","PROGRESS, AY","    0","B,,S",,,"  -33",",,S","  -76",",,S","  -49","H,,S"
"AYM00089574","2024-02-18","-69.383","76.383","64.0","PROGRESS, AY","    0","B,,S",,,"  -30",",,S",,,"  -41","H,,S"
"AYM00089574","2024-02-19","-69.383","76.383","64.0","PROGRESS, AY","    8","B,,S",,,"  -49",",,S","  -66",",,S","  -61","H,,S"
"AYM00089574","2024-02-20","-69.383","76.383","64.0","PROGRESS, AY","   10","B,,S",,,"  -39",",,S","  -55",",,S","  -45","H,,S"
"AYM00089574","2024-02-21","-69.383","76.383","64.0","PROGRESS, AY","    3","B,,S",,,"  -29",",,S",,,"  -47","H,,S"
"AYM00089574","2024-02-22","-69.383","76.383","64.0","PROGRESS, AY","    3","B,,S",,,"   -7",",,S","  -64",",,S","  -21","H,,S"
"AYM00089574","2024-02-23","-69.383","76.383","64.0","PROGRESS, AY","    0","B,,S",,,"   -5",",,S","  -32",",,S","  -13","H,,S"
"AYM00089574","2024-02-24","-69.383","76.383","64.0","PROGRESS, AY","    0","B,,S",,,"   -5",",,S",,,"  -25","H,,S"
"AYM00089574","2024-02-25","-69.383","76.383","64.0","PROGRESS, AY","    0","B,,S",,,"  -46",",,S",,,"  -64","H,,S"
"AYM00089574","2024-02-26","-69.383","76.383","64.0","PROGRESS, AY","    0","B,,S",,,"  -56",",,S","  -95",",,S","  -72","H,,S"
"AYM00089574","2024-02-27","-69.383","76.383","64.0","PROGRESS, AY",,,,,"  -67",",,S","  -84",",,S","  -76","H,,S"
"AYM00089574","2024-02-29","-69.383","76.383","64.0","PROGRESS, AY",,,,,"  -70",",,S","  -93",",,S","  -79","H,,S"
"AYM00089574","2024-03-01","-69.383","76.383","64.0","PROGRESS, AY","    0","B,,S",,,"  -58",",,S","  -78",",,S","  -68","H,,S"
"AYM00089574","2024-03-02","-69.383","76.383","64.0","PROGRESS, AY","    0","B,,S",,,,,"  -77",",,S","  -48","H,,S"
"AYM00089574","2024-03-03","-69.383","76.383","64.0","PROGRESS, AY","    0","B,,S",,,"  -21",",,S","  -39",",,S","  -32","H,,S"
"AYM00089574","2024-03-04","-69.383","76.383","64.0","PROGRESS, AY","   10","B,,S",,,"  -14",",,S","  -45",",,S","  -31","H,,S"
"AYM00089574","2024-03-05","-69.383","76.383","64.0","PROGRESS, AY",,,,,"   -3",",,S","  -40",",,S","  -23","H,,S"
"AYM00089574","2024-03-06","-69.383","76.383","64.0","PROGRESS, AY","    0","B,,S",,,"  -23",",,S","  -45",",,S","  -40","H,,S"
"AYM00089574","2024-03-08","-69.383","76.383","64.0","PROGRESS, AY","   10","B,,S",,,"  -40",",,S",,,"  -64","H,,S"
"AYM00089574","2024-03-09","-69.383","76.383","64.0","PROGRESS, AY","    0","B,,S",,,"  -46",",,S"," -115",",,S","  -98","H,,S"
"AYM00089574","2024-03-10","-69.383","76.383","64.0","PROGRESS, AY","    0","B,,S",,,,," -125",",,S","  -92","H,,S"
"AYM00089574","2024-03-11","-69.383","76.383","64.0","PROGRESS, AY","    0","B,,S",,,"  -30",",,S","  -74",",,S","  -53","H,,S"
"AYM00089574","2024-03-12","-69.383","76.383","64.0","PROGRESS, AY","   41","B,,S",,,"  -12",",,S","  -48",",,S","  -23","H,,S"
"AYM00089574","2024-03-13","-69.383","76.383","64.0","PROGRESS, AY","   30","B,,S",,,"  -13",",,S","  -32",",,S","  -22","H,,S"
"AYM00089574","2024-03-15","-69.383","76.383","64.0","PROGRESS, AY","    0","B,,S",,,"  -70",",,S",,,"  -89","H,,S"
"AYM00089574","2024-03-16","-69.383","76.383","64.0","PROGRESS, AY","    0","B,,S",,,"  -70",",,S",,," -106","H,,S"
"AYM00089574","2024-03-17","-69.383","76.383","64.0","PROGRESS, AY","    0","B,,S",,,"  -80",",,S"," -135",",,S"," -107","H,,S"
"AYM00089574","2024-03-18","-69.383","76.383","64.0","PROGRESS, AY","   20","B,,S",,,"  -21",",,S",,,"  -40","H,,S"
"AYM00089574","2024-03-19","-69.383","76.383","64.0","PROGRESS, AY","    0","B,,S",,,"  -30",",,S","  -47",",,S","  -36","H,,S"
"AYM00089574","2024-03-20","-69.383","76.383","64.0","PROGRESS, AY","    0","B,,S",,,"  -30",",,S","  -44",",,S","  -40","H,,S"
"AYM00089574","2024-03-21","-69.383","76.383","64.0","PROGRESS, AY","    0","B,,S",,,"  -44",",,S",,,"  -63","H,,S"
"AYM00089574","2024-03-22","-69.383","76.383","64.0","PROGRESS, AY","    0","B,,S",,," -102",",,S",,," -125","H,,S"
"AYM00089574","2024-03-23","-69.383","76.383","64.0","PROGRESS, AY","    0","B,,S",,," -123",",,S",,," -139","H,,S"
"AYM00089574","2024-03-24","-69.383","76.383","64.0","PROGRESS, AY","    0","B,,S",,," -100",",,S"," -160",",,S"," -124","H,,S"
"AYM00089574","2024-03-25","-69.383","76.383","64.0","PROGRESS, AY","    0","B,,S",,,,," -133",",,S"," -117","H,,S"
"AYM00089574","2024-04-04","-69.383","76.383","64.0","PROGRESS, AY","   41","B,,S",,,,,,," -168","H,,S"
"AYM00089574","2024-04-05","-69.383","76.383","64.0","PROGRESS, AY","    0","B,,S",,," -182",",,S",,," -213","H,,S"
"AYM00089574","2024-04-06","-69.383","76.383","64.0","PROGRESS, AY","    0","B,,S",,," -194",",,S",,," -202","H,,S"
"AYM00089574","2024-04-07","-69.383","76.383","64.0","PROGRESS, AY","    8","B,,S",,,,,,," -208","H,,S"
"AYM00089574","2024-04-08","-69.383","76.383","64.0","PROGRESS, AY","   10","B,,S",,,,,,," -217","H,,S"
"AYM00089574","2024-04-09","-69.383","76.383","64.0","PROGRESS, AY","   79","B,,S",,,"  -60",",,S",,," -111","H,,S"
"AYM00089574","2024-04-10","-69.383","76.383","64.0","PROGRESS, AY","   10","B,,S",,,"  -72",",,S"," -203",",,S"," -123","H,,S"
"AYM00089574","2024-04-11","-69.383","76.383","64.0","PROGRESS, AY","   10","B,,S",,," -121",",,S",,," -156","H,,S"
"AYM00089574","2024-04-12","-69.383","76.383","64.0","PROGRESS, AY","    0","B,,S",,," -172",",,S"," -255",",,S"," -191","H,,S"
"AYM00089574","2024-04-13","-69.383","76.383","64.0","PROGRESS, AY","    0","B,,S",,," -137",",,S",,," -172","H,,S"
"AYM00089574","2024-04-14","-69.383","76.383","64.0","PROGRESS, AY","    0","B,,S",,," -109",",,S",,," -131","H,,S"
"AYM00089574","2024-04-15","-69.383","76.383","64.0","PROGRESS, AY","    0","B,,S",,," -125",",,S"," -163",",,S"," -149","H,,S"
"AYM00089574","2024-04-16","-69.383","76.383","64.0","PROGRESS, AY","    0","B,,S",,," -145",",,S",,," -156","H,,S"
"AYM00089574","2024-04-17","-69.383","76.383","64.0","PROGRESS, AY","    0","B,,S",,,,," -170",",,S"," -130","H,,S"
"AYM00089574","2024-04-18","-69.383","76.383","64.0","PROGRESS, AY","    0","B,,S",,,,,,," -104","H,,S"
"AYM00089574","2024-04-19","-69.383","76.383","64.0","PROGRESS, AY","    0","B,,S",,,"  -80",",,S",,,"  -94","H,,S"
"AYM00089574","2024-04-20","-69.383","76.383","64.0","PROGRESS, AY","   30","B,,S",,,,,,," -161","H,,S"
"AYM00089574","2024-04-21","-69.383","76.383","64.0","PROGRESS, AY","   10","B,,S",,,,," -225",",,S"," -128","H,,S"
"AYM00089574","2024-04-22","-69.383","76.383","64.0","PROGRESS, AY","   10","B,,S",,,,,,,"  -63","H,,S"
"AYM00089574","2024-04-23","-69.383","76.383","64.0","PROGRESS, AY","   10","B,,S",,,,," -108",",,S","  -93","H,,S"
"AYM00089574","2024-04-24","-69.383","76.383","64.0","PROGRESS, AY","   28","B,,S",,,,,,,"  -73","H,,S"
"AYM00089574","2024-04-25","-69.383","76.383","64.0","PROGRESS, AY","    0","B,,S",,,,,,," -113","H,,S"
"AYM00089574","2024-04-27","-69.383","76.383","64.0","PROGRESS, AY",,,,," -175",",,S",,," -193","H,,S"
"AYM00089574","2024-04-28","-69.383","76.383","64.0","PROGRESS, AY","    0","B,,S",,," -171",",,S"," -207",",,S"," -193","H,,S"
"AYM00089574","2024-04-29","-69.383","76.383","64.0","PROGRESS, AY","    0","B,,S",,,,," -218",",,S"," -177","H,,S"
"AYM00089574","2024-04-30","-69.383","76.383","64.0","PROGRESS, AY","    0","B,,S",,,,," -161",",,S","  -92","H,,S"
"AYM00089574","2024-05-02","-69.383","76.383","64.0","PROGRESS, AY","   10","B,,S",,,,,,,"  -67","H,,S"
"AYM00089574","2024-05-03","-69.383","76.383","64.0","PROGRESS, AY","    0","B,,S",,,"  -87",",,S",,," -106","H,,S"
"AYM00089574","2024-05-04","-69.383","76.383","64.0","PROGRESS, AY","    0","B,,S",,,,,,," -146","H,,S"
"AYM00089574","2024-05-05","-69.383","76.383","64.0","PROGRESS, AY","    0","B,,S",,,,," -168",",,S"," -142","H,,S"
"AYM00089574","2024-05-08","-69.383","76.383","64.0","PROGRESS, AY","    0","B,,S",,,,," -218",",,S"," -195","H,,S"
"AYM00089574","2024-05-10","-69.383","76.383","64.0","PROGRESS, AY","    0","B,,S",,,,," -185",",,S"," -162","H,,S"
"AYM00089574","2024-05-11","-69.383","76.383","64.0","PROGRESS, AY",,,,,,," -165",",,S","  -85","H,,S"
"AYM00089574","2024-05-12","-69.383","76.383","64.0","PROGRESS, AY","    0","B,,S",,,,,,," -106","H,,S"
"AYM00089574","2024-05-13","-69.383","76.383","64.0","PROGRESS, AY","   10","B,,S",,,,," -123",",,S"," -111","H,,S"
"AYM00089574","2024-05-14","-69.383","76.383","64.0","PROGRESS, AY","    0","B,,S",,,,,,," -134","H,,S"
"AYM00089574","2024-05-15","-69.383","76.383","64.0","PROGRESS, AY","    0","B,,S",,,,,,," -163","H,,S"
"AYM00089574","2024-05-16","-69.383","76.383","64.0","PROGRESS, AY","    0","B,,S",,,,,,," -201","H,,S"
"AYM00089574","2024-05-17","-69.383","76.383","64.0","PROGRESS, AY","    0","B,,S",,," -207",",,S"," -243",",,S"," -223","H,,S"
"AYM00089574","2024-05-18","-69.383","76.383","64.0","PROGRESS, AY","    0","B,,S",,,,,,," -228","H,,S"
"AYM00089574","2024-05-19","-69.383","76.383","64.0","PROGRESS, AY","    0","B,,S",,," -217",",,S"," -236",",,S"," -228","H,,S"
"AYM00089574","2024-05-20","-69.383","76.383","64.0","PROGRESS, AY","    0","B,,S",,," -241",",,S",,," -250","H,,S"
"AYM00089574","2024-05-21","-69.383","76.383","64.0","PROGRESS, AY","    0","B,,S",,,,,,," -256","H,,S"
"AYM00089574","2024-05-22","-69.383","76.383","64.0","PROGRESS, AY","    0","B,,S",,,,," -232",",,S"," -172","H,,S"
"AYM00089574","2024-05-23","-69.383","76.383","64.0","PROGRESS, AY","    8","B,,S",,,,,,," -190","H,,S"
"AYM00089574","2024-05-24","-69.383","76.383","64.0","PROGRESS, AY","   20","B,,S",,,,," -218",",,S"," -147","H,,S"
"AYM00089574","2024-05-25","-69.383","76.383","64.0","PROGRESS, AY","    3","B,,S",,,"  -35",",,S"," -101",",,S","  -52","H,,S"
"AYM00089574","2024-05-26","-69.383","76.383","64.0","PROGRESS, AY","   51","B,,S",,,,,,," -108","H,,S"
"AYM00089574","2024-05-27","-69.383","76.383","64.0","PROGRESS, AY","    8","B,,S",,,"  -52",",,S"," -201",",,S"," -103","H,,S"
"AYM00089574","2024-05-28","-69.383","76.383","64.0","PROGRESS, AY","   61","B,,S",,,,,"  -56",",,S","  -36","H,,S"
"AYM00089574","2024-05-29","-69.383","76.383","64.0","PROGRESS, AY","   20","B,,S",,,"   -2",",,S","  -26",",,S","  -17","H,,S"
"AYM00089574","2024-05-30","-69.383","76.383","64.0","PROGRESS, AY","    0","B,,S",,,"   15",",,S","  -38",",,S","   -9","H,,S"
"AYM00089574","2024-05-31","-69.383","76.383","64.0","PROGRESS, AY","    0","B,,S",,,,,,,"  -60","H,,S"
"AYM00089574","2024-06-01","-69.383","76.383","64.0","PROGRESS, AY","    0","B,,S",,,,,,,"  -93","H,,S"
"AYM00089574","2024-06-02","-69.383","76.383","64.0","PROGRESS, AY","    0","B,,S",,,,,,," -123","H,,S"
"AYM00089574","2024-06-03","-69.383","76.383","64.0","PROGRESS, AY","    0","B,,S",,," -141",",,S",,," -154","H,,S"
"AYM00089574","2024-06-04","-69.383","76.383","64.0","PROGRESS, AY","    0","B,,S",,,,," -168",",,S"," -149","H,,S"
"AYM00089574","2024-06-05","-69.383","76.383","64.0","PROGRESS, AY","    0","B,,S",,,,,,," -152","H,,S"
"AYM00089574","2024-06-06","-69.383","76.383","64.0","PROGRESS, AY","    0","B,,S",,," -142",",,S"," -163",",,S"," -153","H,,S"
"AYM00089574","2024-06-07","-69.383","76.383","64.0","PROGRESS, AY","    0","B,,S",,,,,,," -182","H,,S"
"AYM00089574","2024-06-08","-69.383","76.383","64.0","PROGRESS, AY","   30","B,,S",,,"  -55",",,S"," -200",",,S","  -92","H,,S"
"AYM00089574","2024-06-09","-69.383","76.383","64.0","PROGRESS, AY","   41","B,,S",,,,,,," -109","H,,S"
"AYM00089574","2024-06-10","-69.383","76.383","64.0","PROGRESS, AY","    0","B,,S",,,,,,," -119","H,,S"
"AYM00089574","2024-06-11","-69.383","76.383","64.0","PROGRESS, AY","   10","B,,S",,,"  -67",",,S"," -113",",,S","  -78","H,,S"
"AYM00089574","2024-06-12","-69.383","76.383","64.0","PROGRESS, AY","   20","B,,S",,,,,,," -113","H,,S"
"AYM00089574","2024-06-14","-69.383","76.383","64.0","PROGRESS, AY","    0","B,,S",,,,,,," -162","H,,S"
"AYM00089574","2024-06-15","-69.383","76.383","64.0","PROGRESS, AY","    0","B,,S",,," -150",",,S"," -167",",,S"," -156","H,,S"
"AYM00089574","2024-06-16","-69.383","76.383","64.0","PROGRESS, AY","    0","B,,S",,,,," -165",",,S"," -140","H,,S"
"AYM00089574","2024-06-17","-69.383","76.383","64.0","PROGRESS, AY","    0","B,,S",,,,," -155",",,S"," -133","H,,S"
"AYM00089574","2024-06-18","-69.383","76.383","64.0","PROGRESS, AY","    0","B,,S",,," -115",",,S"," -138",",,S"," -125","H,,S"
"AYM00089574","2024-06-19","-69.383","76.383","64.0","PROGRESS, AY","    0","B,,S",,,,,,," -150","H,,S"
"AYM00089574","2024-06-20","-69.383","76.383","64.0","PROGRESS, AY","    0","B,,S",,,,," -178",",,S"," -147","H,,S"
"AYM00089574","2024-06-21","-69.383","76.383","64.0","PROGRESS, AY","    8","B,,S",,,"  -90",",,S",,," -116","H,,S"
"AYM00089574","2024-06-22","-69.383","76.383","64.0","PROGRESS, AY","    5","B,,S",,,,,,," -163","H,,S"
"AYM00089574","2024-06-23","-69.383","76.383","64.0","PROGRESS, AY","    0","B,,S",,," -101",",,S"," -188",",,S"," -137","H,,S"
"AYM00089574","2024-06-24","-69.383","76.383","64.0","PROGRESS, AY","   30","B,,S",,,,,,," -133","H,,S"
"AYM00089574","2024-06-25","-69.383","76.383","64.0","PROGRESS, AY","    0","B,,S",,," -160",",,S",,," -181","H,,S"
"AYM00089574","2024-06-26","-69.383","76.383","64.0","PROGRESS, AY","    0","B,,S",,," -205",",,S"," -223",",,S"," -217","H,,S"
"AYM00089574","2024-06-27","-69.383","76.383","64.0","PROGRESS, AY","    0","B,,S",,,,,,," -247","H,,S"
"AYM00089574","2024-06-28","-69.383","76.383","64.0","PROGRESS, AY","    0","B,,S",,,,," -337",",,S"," -245","H,,S"
"AYM00089574","2024-07-01","-69.383","76.383","64.0","PROGRESS, AY","    0","B,,S",,,"  -73",",,S","  -95",",,S","  -80","H,,S"
"AYM00089574","2024-07-02","-69.383","76.383","64.0","PROGRESS, AY",,,,,,,,," -110","H,,S"
"AYM00089574","2024-07-03","-69.383","76.383","64.0","PROGRESS, AY","    0","B,,S",,," -125",",,S"," -143",",,S"," -136","H,,S"
"AYM00089574","2024-07-04","-69.383","76.383","64.0","PROGRESS, AY","    0","B,,S",,,,,,," -158","H,,S"
"AYM00089574","2024-07-05","-69.383","76.383","64.0","PROGRESS, AY","    0","B,,S",,," -183",",,S",,," -192","H,,S"
"AYM00089574","2024-07-06","-69.383","76.383","64.0","PROGRESS, AY","    0","B,,S",,," -173",",,S"," -207",",,S"," -186","H,,S"
"AYM00089574","2024-07-07","-69.383","76.383","64.0","PROGRESS, AY","    0","B,,S",,,,," -251",",,S"," -183","H,,S"
"AYM00089574","2024-07-08","-69.383","76.383","64.0","PROGRESS, AY","    0","B,,S",,," -133",",,S",,," -149","H,,S"
"AYM00089574","2024-07-09","-69.383","76.383","64.0","PROGRESS, AY","    0","B,,S",,,,,,," -211","H,,S"
"AYM00089574","2024-07-11","-69.383","76.383","64.0","PROGRESS, AY","    5","B,,S",,,,," -220",",,S"," -181","H,,S"
"AYM00089574","2024-07-12","-69.383","76.383","64.0","PROGRESS, AY","   41","B,,S",,,,,,," -220","H,,S"
"AYM00089574","2024-07-16","-69.383","76.383","64.0","PROGRESS, AY","    5","B,,S",,,,," -356",",,S"," -297","H,,S"
"AYM00089574","2024-07-17","-69.383","76.383","64.0","PROGRESS, AY","    0","B,,S",,,,,,," -241","H,,S"
"AYM00089574","2024-07-18","-69.383","76.383","64.0","PROGRESS, AY","    0","B,,S",,,"  -88",",,S",,," -121","H,,S"
"AYM00089574","2024-07-19","-69.383","76.383","64.0","PROGRESS, AY","    0","B,,S",,," -114",",,S"," -171",",,S"," -137","H,,S"
"AYM00089574","2024-07-20","-69.383","76.383","64.0","PROGRESS, AY","   30","B,,S",,," -145",",,S"," -247",",,S"," -188","H,,S"
"AYM00089574","2024-07-22","-69.383","76.383","64.0","PROGRESS, AY","    0","B,,S",,," -191",",,S",,," -204","H,,S"
"AYM00089574","2024-07-23","-69.383","76.383","64.0","PROGRESS, AY","    0","B,,S",,,,," -235",",,S"," -206","H,,S"
"AYM00089574","2024-07-24","-69.383","76.383","64.0","PROGRESS, AY","    5","B,,S",,,"  -95",",,S"," -153",",,S"," -116","H,,S"
"AYM00089574","2024-07-25","-69.383","76.383","64.0","PROGRESS, AY","    0","B,,S",,,,,,," -138","H,,S"
"AYM00089574","2024-07-26","-69.383","76.383","64.0","PROGRESS, AY","    0","B,,S",,," -155",",,S"," -185",",,S"," -168","H,,S"
"AYM00089574","2024-07-27","-69.383","76.383","64.0","PROGRESS, AY","    0","B,,S",,,,," -165",",,S","  -92","H,,S"
"AYM00089574","2024-07-28","-69.383","76.383","64.0","PROGRESS, AY","    0","B,,S",,,,,,," -101","H,,S"
"AYM00089574","2024-07-29","-69.383","76.383","64.0","PROGRESS, AY","    0","B,,S",,,,,,," -142","H,,S"
"AYM00089574","2024-07-31","-69.383","76.383","64.0","PROGRESS, AY","    0","B,,S",,," -170",",,S"," -185",",,S"," -176","H,,S"
"AYM00089574","2024-08-01","-69.383","76.383","64.0","PROGRESS, AY","    0","B,,S",,,,," -173",",,S"," -122","H,,S"
"AYM00089574","2024-08-02","-69.383","76.383","64.0","PROGRESS, AY","    0","B,,S",,,"  -46",",,S"," -107",",,S","  -73","H,,S"
"AYM00089574","2024-08-03","-69.383","76.383","64.0","PROGRESS, AY","   51","B,,S",,,,,"  -67",",,S","  -27","H,,S"
"AYM00089574","2024-08-04","-69.383","76.383","64.0","PROGRESS, AY","   20","B,,S",,,,,"  -25",",,S","  -16","H,,S"
"AYM00089574","2024-08-05","-69.383","76.383","64.0","PROGRESS, AY","    0","B,,S",,,"  -17",",,S",,,"  -45","H,,S"
"AYM00089574","2024-08-06","-69.383","76.383","64.0","PROGRESS, AY","    0","B,,S",,,"  -25",",,S",,,"  -67","H,,S"
"AYM00089574","2024-08-07","-69.383","76.383","64.0","PROGRESS, AY","    0","B,,S",,,"  -75",",,S",,," -137","H,,S"
"AYM00089574","2024-08-08","-69.383","76.383","64.0","PROGRESS, AY","    0","B,,S",,,,," -165",",,S"," -108","H,,S"
"AYM00089574","2024-08-09","-69.383","76.383","64.0","PROGRESS, AY","    0","B,,S",,,"  -53",",,S",,,"  -63","H,,S"
"AYM00089574","2024-08-10","-69.383","76.383","64.0","PROGRESS, AY","    0","B,,S",,,"  -81",",,S",,,"  -86","H,,S"
"AYM00089574","2024-08-13","-69.383","76.383","64.0","PROGRESS, AY","    0","B,,S",,,,," -127",",,S"," -113","H,,S"
"AYM00089574","2024-08-14","-69.383","76.383","64.0","PROGRESS, AY","    3","B,,S",,,"  -56",",,S"," -105",",,S","  -79","H,,S"
"AYM00089574","2024-08-15","-69.383","76.383","64.0","PROGRESS, AY","   23","B,,S",,,"  -95",",,S",,," -104","H,,S"
"AYM00089574","2024-08-16","-69.383","76.383","64.0","PROGRESS, AY","   15","B,,S",,,,," -107",",,S","  -85","H,,S"
"AYM00089574","2024-08-17","-69.383","76.383","64.0","PROGRESS, AY","    5","B,,S",,,"  -32",",,S","  -72",",,S","  -61","H,,S"
"AYM00089574","2024-08-18","-69.383","76.383","64.0","PROGRESS, AY","   10","B,,S",,,"  -32",",,S",,,"  -83","H,,S"
"AYM00089574","2024-08-19","-69.383","76.383","64.0","PROGRESS, AY","    0","B,,S",,,"  -24",",,S"," -128",",,S","  -48","H,,S"
"AYM00089574","2024-08-21","-69.383","76.383","64.0","PROGRESS, AY","    0","B,,S",,," -105",",,S",,," -119","H,,S"
"AYM00089574","2024-08-22","-69.383","76.383","64.0","PROGRESS, AY","    0","B,,S",,," -134",",,S",,," -143","H,,S"
"AYM00089574","2024-08-23","-69.383","76.383","64.0","PROGRESS, AY","    0","B,,S",,," -165",",,S",,," -177","H,,S"
"AYM00089574","2024-08-24","-69.383","76.383","64.0","PROGRESS, AY","    0","B,,S",,,,," -200",",,S"," -180","H,,S"
"AYM00089574","2024-08-26","-69.383","76.383","64.0","PROGRESS, AY","    0","B,,S",,,"  -94",",,S"," -157",",,S"," -114","H,,S"
"AYM00089574","2024-08-27","-69.383","76.383","64.0","PROGRESS, AY","    0","B,,S",,," -103",",,S"," -150",",,S"," -119","H,,S"
"AYM00089574","2024-08-28","-69.383","76.383","64.0","PROGRESS, AY","    0","B,,S",,,"  -60",",,S"," -121",",,S","  -83","H,,S"
"AYM00089574","2024-08-29","-69.383","76.383","64.0","PROGRESS, AY","    0","B,,S",,,,,,,"  -97","H,,S"
"AYM00089574","2024-08-30","-69.383","76.383","64.0","PROGRESS, AY","    0","B,,S",,," -102",",,S"," -131",",,S"," -108","H,,S"
"AYM00089574","2024-08-31","-69.383","76.383","64.0","PROGRESS, AY","    0","B,,S",,,"  -93",",,S"," -117",",,S"," -107","H,,S"
"AYM00089574","2024-09-01","-69.383","76.383","64.0","PROGRESS, AY","    0","B,,S",,,"  -86",",,S"," -120",",,S","  -99","H,,S"
"AYM00089574","2024-09-02","-69.383","76.383","64.0","PROGRESS, AY","    0","B,,S",,," -102",",,S",,," -127","H,,S"
"AYM00089574","2024-09-03","-69.383","76.383","64.0","PROGRESS, AY","    0","B,,S",,,,," -186",",,S"," -162","H,,S"
"AYM00089574","2024-09-04","-69.383","76.383","64.0","PROGRESS, AY","    0","B,,S",,,,,,," -142","H,,S"
"AYM00089574","2024-09-06","-69.383","76.383","64.0","PROGRESS, AY","    0","B,,S",,," -142",",,S"," -173",",,S"," -150","H,,S"
"AYM00089574","2024-09-07","-69.383","76.383","64.0","PROGRESS, AY","    0","B,,S",,," -125",",,S"," -151",",,S"," -134","H,,S"
"AYM00089574","2024-09-08","-69.383","76.383","64.0","PROGRESS, AY","    0","B,,S",,," -132",",,S",,," -141","H,,S"
"AYM00089574","2024-09-09","-69.383","76.383","64.0","PROGRESS, AY","    0","B,,S",,," -135",",,S",,," -153","H,,S"
"AYM00089574","2024-09-11","-69.383","76.383","64.0","PROGRESS, AY","    0","B,,S",,," -145",",,S",,," -154","H,,S"
"AYM00089574","2024-09-12","-69.383","76.383","64.0","PROGRESS, AY","    0","B,,S",,," -161",",,S",,," -181","H,,S"
"AYM00089574","2024-09-14","-69.383","76.383","64.0","PROGRESS, AY","    0","B,,S",,,,," -185",",,S"," -163","H,,S"
"AYM00089574","2024-09-15","-69.383","76.383","64.0","PROGRESS, AY","    0","B,,S",,," -103",",,S"," -151",",I,S"," -123","H,,S"
"AYM00089574","2024-09-16","-69.383","76.383","64.0","PROGRESS, AY","   10","B,,S",,," -195",",I,S",,," -209","H,,S"
"AYM00089574","2024-09-17","-69.383","76.383","64.0","PROGRESS, AY","    0","B,,S",,," -195",",,S"," -221",",,S"," -209","H,,S"
"AYM00089574","2024-09-18","-69.383","76.383","64.0","PROGRESS, AY","    0","B,,S",,," -193",",,S"," -217",",,S"," -206","H,,S"
"AYM00089574","2024-09-19","-69.383","76.383","64.0","PROGRESS, AY","    0","B,,S",,," -195",",,S",,," -210","H,,S"
"AYM00089574","2024-09-20","-69.383","76.383","64.0","PROGRESS, AY","    0","B,,S",,," -215",",,S",,," -235","H,,S"
"AYM00089574","2024-09-21","-69.383","76.383","64.0","PROGRESS, AY","    0","B,,S",,," -211",",,S"," -257",",,S"," -226","H,,S"
"AYM00089574","2024-09-22","-69.383","76.383","64.0","PROGRESS, AY","   30","B,,S",,,,,,," -214","H,,S"
"AYM00089574","2024-09-23","-69.383","76.383","64.0","PROGRESS, AY","   71","B,,S",,,,," -260",",,S"," -181","H,,S"
"AYM00089574","2024-09-24","-69.383","76.383","64.0","PROGRESS, AY","   89","B,,S",,,"  -65",",,S"," -132",",,S","  -80","H,,S"
"AYM00089574","2024-09-25","-69.383","76.383","64.0","PROGRESS, AY","   41","B,,S",,,"  -55",",,S","  -96",",,S","  -77","H,,S"
"AYM00089574","2024-09-26","-69.383","76.383","64.0","PROGRESS, AY","    0","B,,S",,,"  -67",",,S",,,"  -86","H,,S"
"AYM00089574","2024-09-27","-69.383","76.383","64.0","PROGRESS, AY","    0","B,,S",,,"  -93",",,S"," -123",",,S"," -111","H,,S"
"AYM00089574","2024-09-28","-69.383","76.383","64.0","PROGRESS, AY","    0","B,,S",,," -105",",,S",,," -127","H,,S"
"AYM00089574","2024-09-30","-69.383","76.383","64.0","PROGRESS, AY","    0","B,,S",,," -165",",,S",,," -189","H,,S"
"AYM00089574","2024-10-01","-69.383","76.383","64.0","PROGRESS, AY","    0","B,,S",,,,," -217",",,S"," -197","H,,S"
"AYM00089574","2024-10-02","-69.383","76.383","64.0","PROGRESS, AY","    0","B,,S",,," -152",",,S",,," -174","H,,S"
"AYM00089574","2024-10-03","-69.383","76.383","64.0","PROGRESS, AY","    0","B,,S",,," -162",",,S",,," -209","H,,S"
"AYM00089574","2024-10-04","-69.383","76.383","64.0","PROGRESS, AY","    0","B,,S",,,,," -270",",,S"," -195","H,,S"
"AYM00089574","2024-10-05","-69.383","76.383","64.0","PROGRESS, AY","    0","B,,S",,," -115",",,S"," -151",",,S"," -124","H,,S"
"AYM00089574","2024-10-06","-69.383","76.383","64.0","PROGRESS, AY","    0","B,,S",,,"  -83",",,S"," -128",",,S"," -103","H,,S"
"AYM00089574","2024-10-07","-69.383","76.383","64.0","PROGRESS, AY","   61","B,,S",,,"  -80",",,S"," -100",",,S","  -88","H,,S"
"AYM00089574","2024-10-09","-69.383","76.383","64.0","PROGRESS, AY","   10","B,,S",,,"  -85",",,S"," -139",",,S"," -109","H,,S"
"AYM00089574","2024-10-10","-69.383","76.383","64.0","PROGRESS, AY","    0","B,,S",,,"  -80",",,S",,," -106","H,,S"
"AYM00089574","2024-10-11","-69.383","76.383","64.0","PROGRESS, AY","    0","B,,S",,,"  -78",",,S",,," -122","H,,S"
"AYM00089574","2024-10-13","-69.383","76.383","64.0","PROGRESS, AY","    0","B,,S",,," -100",",,S"," -237",",,S"," -140","H,,S"
"AYM00089574","2024-10-14","-69.383","76.383","64.0","PROGRESS, AY","    0","B,,S",,," -110",",,S"," -164",",,S"," -144","H,,S"
"AYM00089574","2024-10-15","-69.383","76.383","64.0","PROGRESS, AY","   10","B,,S",,,"  -37",",,S"," -130",",,S","  -61","H,,S"
"AYM00089574","2024-10-16","-69.383","76.383","64.0","PROGRESS, AY","   25","B,,S",,,"   -5",",,S","  -53",",,S","  -29","H,,S"
"AYM00089574","2024-10-18","-69.383","76.383","64.0","PROGRESS, AY","    0","B,,S",,,"  -53",",,S","  -89",",,S","  -76","H,,S"
"AYM00089574","2024-10-20","-69.383","76.383","64.0","PROGRESS, AY","    0","B,,S",,," -107",",,S"," -151",",,S"," -128","H,,S"
"AYM00089574","2024-10-21","-69.383","76.383","64.0","PROGRESS, AY","    0","B,,S",,,"  -97",",,S"," -135",",,S"," -118","H,,S"
"AYM00089574","2024-10-22","-69.383","76.383","64.0","PROGRESS, AY","    0","B,,S",,," -100",",,S"," -139",",,S"," -111","H,,S"
"AYM00089574","2024-10-23","-69.383","76.383","64.0","PROGRESS, AY","    0","B,,S",,,"  -85",",,S"," -143",",,S"," -117","H,,S"
"AYM00089574","2024-10-24","-69.383","76.383","64.0","PROGRESS, AY","    0","B,,S",,,"  -65",",,S"," -128",",,S","  -99","H,,S"
"AYM00089574","2024-10-25","-69.383","76.383","64.0","PROGRESS, AY","    0","B,,S",,,"  -64",",,S"," -121",",,S","  -93","H,,S"
"AYM00089574","2024-10-26","-69.383","76.383","64.0","PROGRESS, AY","    0","B,,S",,,"  -65",",,S"," -123",",,S","  -91","H,,S"
"AYM00089574","2024-10-27","-69.383","76.383","64.0","PROGRESS, AY","    0","B,,S",,,"  -40",",,S"," -112",",,S","  -80","H,,S"
"AYM00089574","2024-10-29","-69.383","76.383","64.0","PROGRESS, AY","    0","B,,S",,,"  -51",",,S",,,"  -73","H,,S"
"AYM00089574","2024-10-30","-69.383","76.383","64.0","PROGRESS, AY","   30","B,,S",,,"  -64",",,S"," -131",",,S","  -82","H,,S"
"AYM00089574","2024-11-05","-69.383","76.383","64.0","PROGRESS, AY","    0","B,,S",,,"  -51",",,S",,,"  -92","H,,S"
"AYM00089574","2024-11-06","-69.383","76.383","64.0","PROGRESS, AY","    0","B,,S",,,"  -75",",,S"," -175",",,S"," -123","H,,S"
"AYM00089574","2024-11-07","-69.383","76.383","64.0","PROGRESS, AY","    0","B,,S",,," -106",",,S",,," -153","H,,S"
"AYM00089574","2024-11-08","-69.383","76.383","64.0","PROGRESS, AY","    0","B,,S",,,"  -29",",,S"," -219",",,S","  -99","H,,S"
"AYM00089574","2024-11-09","-69.383","76.383","64.0","PROGRESS, AY","    0","B,,S",,,"  -38",",,S"," -127",",,S","  -85","H,,S"
"AYM00089574","2024-11-11","-69.383","76.383","64.0","PROGRESS, AY","    0","B,,S",,,"  -22",",,S"," -115",",,S","  -73","H,,S"
"AYM00089574","2024-11-12","-69.383","76.383","64.0","PROGRESS, AY","    0","B,,S",,,"  -32",",,S","  -88",",,S","  -66","H,,S"
"AYM00089574","2024-11-13","-69.383","76.383","64.0","PROGRESS, AY","    0","B,,S",,,"  -33",",,S",,,"  -72","H,,S"
"AYM00089574","2024-11-14","-69.383","76.383","64.0","PROGRESS, AY","    8","B,,S",,,"  -32",",,S"," -112",",,S","  -50","H,,S"
"AYM00089574","2024-11-15","-69.383","76.383","64.0","PROGRESS, AY","   61","B,,S",,,"  -16",",,S","  -49",",,S","  -31","H,,S"
"AYM00089574","2024-11-16","-69.383","76.383","64.0","PROGRESS, AY","   30","B,,S",,,"  -16",",,S",,,"  -37","H,,S"
"AYM00089574","2024-11-17","-69.383","76.383","64.0","PROGRESS, AY","    0","B,,S",,,"  -42",",,S","  -93",",,S","  -71","H,,S"
"AYM00089574","2024-11-22","-69.383","76.383","64.0","PROGRESS, AY","    8","B,,S",,,"    9",",,S","  -72",",,S","  -15","H,,S"
"AYM00089574","2024-11-23","-69.383","76.383","64.0","PROGRESS, AY","   41","B,,S",,,"  -25",",,S","  -58",",,S","  -44","H,,S"
"AYM00089574","2024-11-24","-69.383","76.383","64.0","PROGRESS, AY","    0","B,,S",,,"   -5",",,S","  -68",",,S","  -40","H,,S"
"AYM00089574","2024-11-25","-69.383","76.383","64.0","PROGRESS, AY","    0","B,,S",,,"   29",",,S","  -55",",,S","  -15","H,,S"
"AYM00089574","2024-11-26","-69.383","76.383","64.0","PROGRESS, AY","    0","B,,S",,,"   15",",,S","  -35",",,S","  -15","H,,S"
"AYM00089574","2024-11-27","-69.383","76.383","64.0","PROGRESS, AY","    0","B,,S",,,"   13",",,S","  -36",",,S","  -12","H,,S"
"AYM00089574","2024-11-28","-69.383","76.383","64.0","PROGRESS, AY","    0","B,,S",,,"  -14",",,S",,,"  -26","H,,S"
"AYM00089574","2024-11-29","-69.383","76.383","64.0","PROGRESS, AY","    5","B,,S",,,"  -18",",,S","  -50",",,S","  -31","H,,S"
"AYM00089574","2024-11-30","-69.383","76.383","64.0","PROGRESS, AY","   13","B,,S",,,,,"  -41",",,S","  -27","H,,S"
"AYM00089574","2024-12-02","-69.383","76.383","64.0","PROGRESS, AY",,,,,"   10",",,S",,,"  -18","H,,S"
"AYM00089574","2024-12-05","-69.383","76.383","64.0","PROGRESS, AY","   10","B,,S",,,"   22",",,S","   -3",",,S","   13","H,,S"
"AYM00089574","2024-12-06","-69.383","76.383","64.0","PROGRESS, AY","   41","B,,S",,,,,,,"  -16","H,,S"
"AYM00089574","2024-12-08","-69.383","76.383","64.0","PROGRESS, AY","    0","B,,S",,,"   58",",,S",,,"   34","H,,S"
"AYM00089574","2024-12-09","-69.383","76.383","64.0","PROGRESS, AY","    0","B,,S",,,"   19",",,S",,,"    3","H,,S"
"AYM00089574","2024-12-10","-69.383","76.383","64.0","PROGRESS, AY","    0","B,,S",,,"   19",",,S","  -43",",,S","  -11","H,,S"
"AYM00089574","2024-12-11","-69.383","76.383","64.0","PROGRESS, AY","    0","B,,S",,,"   19",",,S","  -60",",,S","   -8","H,,S"
"AYM00089574","2024-12-12","-69.383","76.383","64.0","PROGRESS, AY","    0","B,,S",,,"   38",",,S","  -13",",,S","   12","H,,S"
"AYM00089574","2024-12-13","-69.383","76.383","64.0","PROGRESS, AY","    0","B,,S",,,"    3",",,S","  -25",",,S","   -9","H,,S"
"AYM00089574","2024-12-15","-69.383","76.383","64.0","PROGRESS, AY","    0","B,,S",,,"   -4",",,S","  -30",",,S","  -17","H,,S"
"AYM00089574","2024-12-16","-69.383","76.383","64.0","PROGRESS, AY","    0","B,,S",,,"    7",",,S","  -30",",,S","   -6","H,,S"
"AYM00089574","2024-12-17","-69.383","76.383","64.0","PROGRESS, AY","    0","B,,S",,,"   11",",,S","  -15",",,S","   -3","H,,S"
"AYM00089574","2024-12-19","-69.383","76.383","64.0","PROGRESS, AY",,,,,"   94",",,S","  -39",",,S","  -13","H,,S"
"AYM00089574","2024-12-20","-69.383","76.383","64.0","PROGRESS, AY","    0","B,,S",,,"   22",",,S","  -20",",,S","    0","H,,S"
"AYM00089574","2024-12-21","-69.383","76.383","64.0","PROGRESS, AY","    0","B,,S",,,"   36",",,S","  -13",",,S","   17","H,,S"
"AYM00089574","2024-12-22","-69.383","76.383","64.0","PROGRESS, AY","    0","B,,S",,,"   50",",,S","   16",",,S","   32","H,,S"
"AYM00089574","2024-12-23","-69.383","76.383","64.0","PROGRESS, AY","    0","B,,S",,,"   52",",,S","   23",",,S","   37","H,,S"
"AYM00089574","2024-12-24","-69.383","76.383","64.0","PROGRESS, AY","    0","B,,S",,,"   35",",,S","   13",",,S","   21","H,,S"
"AYM00089574","2024-12-25","-69.383","76.383","64.0","PROGRESS, AY","    0","B,,S",,,,,"   21",",,S","   49","H,,S"
"AYM00089574","2024-12-26","-69.383","76.383","64.0","PROGRESS, AY","    0","B,,S",,,"   47",",,S",,,"   25","H,,S"
"AYM00089574","2024-12-27","-69.383","76.383","64.0","PROGRESS, AY","    0","B,,S",,,"   49",",,S",,,"   18","H,,S"
"AYM00089574","2024-12-28","-69.383","76.383","64.0","PROGRESS, AY","    0","B,,S",,,"   40",",,S",,,"   12","H,,S"
"AYM00089574","2024-12-29","-69.383","76.383","64.0","PROGRESS, AY","    0","B,,S",,,"   24",",,S","  -32",",,S","   -1","H,,S"
"AYM00089574","2024-12-30","-69.383","76.383","64.0","PROGRESS, AY","    0","B,,S",,,"   23",",,S","  -25",",,S","    2","H,,S"
"AYM00089574","2024-12-31","-69.383","76.383","64.0","PROGRESS, AY","   13","B,,S",,,"   18",",,S",,,"  -12","H,,S"
"AYM00089574","2025-01-01","-69.383","76.383","64.0","PROGRESS, AY","    0","B,,2",,,"   -7","H,,2","  -36","H,,2","  -21","H,,2"
"AYM00089574","2025-01-02","-69.383","76.383","64.0","PROGRESS, AY","    0","B,,2",,,,,,,,
"AYM00089574","2025-01-03","-69.383","76.383","64.0","PROGRESS, AY","    0","B,,2",,,"    6","H,,2","  -34","H,,2","  -20","H,,2"
"AYM00089574","2025-01-04","-69.383","76.383","64.0","PROGRESS, AY","    0","B,,2",,,"   56","H,,2","   12","H,,2","   28","H,,2"
"AYM00089574","2025-01-05","-69.383","76.383","64.0","PROGRESS, AY","    0","B,,2",,,"   16","H,,2","  -17","H,,2","    1","H,,2"
"AYM00089574","2025-01-06","-69.383","76.383","64.0","PROGRESS, AY","    0","B,,2",,,"    5","H,,2","  -17","H,,2","   -9","H,,2"
"AYM00089574","2025-01-07","-69.383","76.383","64.0","PROGRESS, AY","    0","B,,2",,,"   31","H,,2","   -8","H,,2","   14","H,,2"
"AYM00089574","2025-01-08","-69.383","76.383","64.0","PROGRESS, AY","    0","B,,2",,,"   36","H,,2","    9","H,,2","   22","H,,2"
"AYM00089574","2025-01-09","-69.383","76.383","64.0","PROGRESS, AY","    0","B,,2",,,"   24","H,,2","    1","H,,2","   12","H,,2"
"AYM00089574","2025-01-10","-69.383","76.383","64.0","PROGRESS, AY","    0","B,,2",,,"   20","H,,2","    4","H,,2","    8","H,,2"
"AYM00089574","2025-01-11","-69.383","76.383","64.0","PROGRESS, AY","    0","B,,2",,,"   18","H,,2","   -5","H,,2","    8","H,,2"
"AYM00089574","2025-01-12","-69.383","76.383","64.0","PROGRESS, AY","    0","B,,2",,,"   22","H,,2","   -7","H,,2","   13","H,,2"
"AYM00089574","2025-01-13","-69.383","76.383","64.0","PROGRESS, AY","    0","B,,2",,,"   52","H,,2","   30","H,,2","   39","H,,2"
"AYM00089574","2025-01-14","-69.383","76.383","64.0","PROGRESS, AY","    0","B,,2",,,"   36","H,,2","   15","H,,2","   27","H,,2"
"AYM00089574","2025-01-15","-69.383","76.383","64.0","PROGRESS, AY","    0","B,,2",,,"   54","H,,2","   26","H,,2","   45","H,,2"
"AYM00089574","2025-01-16","-69.383","76.383","64.0","PROGRESS, AY","    0","B,,2",,,"   43","H,,2","   26","H,,2","   38","H,,2"
"AYM00089574","2025-01-17","-69.383","76.383","64.0","PROGRESS, AY","    0","B,,2",,,"   79","H,,2","   19","H,,2","   50","H,,2"
"AYM00089574","2025-01-18","-69.383","76.383","64.0","PROGRESS, AY","    3","B,,2",,,"   25","H,,2","    6","H,,2","   16","H,,2"
"AYM00089574","2025-01-19","-69.383","76.383","64.0","PROGRESS, AY","    0","B,,2",,,"   54","H,,2","   11","H,,2","   33","H,,2"
"AYM00089574","2025-01-21","-69.383","76.383","64.0","PROGRESS, AY","    0","B,,2",,,"   59","H,,2","   16","H,,2","   38","H,,2"
"AYM00089574","2025-01-22","-69.383","76.383","64.0","PROGRESS, AY","    0","B,,2",,,,,,,,
"AYM00089574","2025-01-23","-69.383","76.383","64.0","PROGRESS, AY","    0","B,,2",,,"   31","H,,2","    5","H,,2","   19","H,,2"
"AYM00089574","2025-01-24","-69.383","76.383","64.0","PROGRESS, AY","    0","B,,2",,,"   23","H,,2","   -6","H,,2","    8","H,,2"
"AYM00089574","2025-01-25","-69.383","76.383","64.0","PROGRESS, AY","    0","B,,2",,,"    6","H,,2","  -20","H,,2","   -8","H,,2"
"AYM00089574","2025-01-26","-69.383","76.383","64.0","PROGRESS, AY","    0","B,,2",,,"    8","H,,2","  -18","H,,2","    1","H,,2"
"AYM00089574","2025-01-27","-69.383","76.383","64.0","PROGRESS, AY","    0","B,,2",,,"   37","H,,2","    2","H,,2","   18","H,,2"
"AYM00089574","2025-01-28","-69.383","76.383","64.0","PROGRESS, AY","    0","B,,2",,,"   36","H,,2","   12","H,,2","   24","H,,2"
"AYM00089574","2025-01-29","-69.383","76.383","64.0","PROGRESS, AY","    0","B,,2",,,"   16","H,,2","   -3","H,,2","    7","H,,2"
"AYM00089574","2025-01-30","-69.383","76.383","64.0","PROGRESS, AY","    0","B,,2",,,"   11","H,,2","   -8","H,,2","    4","H,,2"
"AYM00089574","2025-01-31","-69.383","76.383","64.0","PROGRESS, AY","    0","B,,2",,,"   -8","H,,2","  -27","H,,2","  -16","H,,2"
"AYM00089574","2025-02-01","-69.383","76.383","64.0","PROGRESS, AY","    0","B,,2",,,"   32","H,,2","   -7","H,,2","    8","H,,2"
"AYM00089574","2025-02-02","-69.383","76.383","64.0","PROGRESS, AY","    0","B,,2",,,"    7","H,,2","  -29","H,,2","  -12","H,,2"
"AYM00089574","2025-02-03","-69.383","76.383","64.0","PROGRESS, AY","    0","B,,2",,,"  -19","H,,2","  -49","H,,2","  -30","H,,2"
"AYM00089574","2025-02-04","-69.383","76.383","64.0","PROGRESS, AY","    4","B,,2",,,"   -2","H,,2","  -20","H,,2","  -11","H,,2"
"AYM00089574","2025-02-05","-69.383","76.383","64.0","PROGRESS, AY","    0","B,,2",,,"  -18","H,,2","  -29","H,,2","  -23","H,,2"
"AYM00089574","2025-02-06","-69.383","76.383","64.0","PROGRESS, AY","    0","B,,2",,,"   -5","H,,2","  -16","H,,2","  -12","H,,2"
"AYM00089574","2025-02-07","-69.383","76.383","64.0","PROGRESS, AY","   10","B,,2",,,"    3","H,,2","   -8","H,,2","   -1","H,,2"
"AYM00089574","2025-02-08","-69.383","76.383","64.0","PROGRESS, AY","    7","B,,2",,,"   19","H,,2","   -5","H,,2","    7","H,,2"
"AYM00089574","2025-02-09","-69.383","76.383","64.0","PROGRESS, AY","    0","B,,2",,,"    5","H,,2","   -8","H,,2","   -3","H,,2"
"AYM00089574","2025-02-10","-69.383","76.383","64.0","PROGRESS, AY","    0","B,,2",,,"    2","H,,2","  -26","H,,2","   -8","H,,2"
"AYM00089574","2025-02-11","-69.383","76.383","64.0","PROGRESS, AY","    3","B,,2",,,,,,,,
"AYM00089574","2025-02-12","-69.383","76.383","64.0","PROGRESS, AY","    3","B,,2",,,"  -20","H,,2","  -52","H,,2","  -35","H,,2"
"AYM00089574","2025-02-13","-69.383","76.383","64.0","PROGRESS, AY","    0","B,,2",,,"  -29","H,,2","  -37","H,,2","  -34","H,,2"
"AYM00089574","2025-02-14","-69.383","76.383","64.0","PROGRESS, AY","    5","B,,2",,,"  -21","H,,2","  -47","H,,2","  -33","H,,2"
"AYM00089574","2025-02-15","-69.383","76.383","64.0","PROGRESS, AY","   10","B,,2",,,"  -38","H,,2","  -65","H,,2","  -54","H,,2"
"AYM00089574","2025-02-16","-69.383","76.383","64.0","PROGRESS, AY","    0","B,,2",,,"  -30","H,,2","  -74","H,,2","  -51","H,,2"
"AYM00089574","2025-02-17","-69.383","76.383","64.0","PROGRESS, AY","    0","B,,2",,,"  -23","H,,2","  -63","H,,2","  -43","H,,2"
"AYM00089574","2025-02-18","-69.383","76.383","64.0","PROGRESS, AY","    0","B,,2",,,"  -44","H,,2","  -73","H,,2","  -57","H,,2"
"AYM00089574","2025-02-19","-69.383","76.383","64.0","PROGRESS, AY","    0","B,,2",,,"  -29","H,,2","  -61","H,,2","  -40","H,,2"
"AYM00089574","2025-02-20","-69.383","76.383","64.0","PROGRESS, AY","    7","B,,2",,,,,,,,
"AYM00089574","2025-02-21","-69.383","76.383","64.0","PROGRESS, AY","    0","B,,2",,,"  -76","H,,2"," -111","H,,2","  -92","H,,2"
"AYM00089574","2025-02-22","-69.383","76.383","64.0","PROGRESS, AY","    0","B,,2",,,"  -67","H,,2","  -90","H,,2","  -76","H,,2"
"AYM00089574","2025-02-23","-69.383","76.383","64.0","PROGRESS, AY","    0","B,,2",,,"  -58","H,,2","  -79","H,,2","  -68","H,,2"
"AYM00089574","2025-02-24","-69.383","76.383","64.0","PROGRESS, AY","    2","B,,2",,,"  -16","H,,2"," -103","H,,2","  -53","H,,2"
"AYM00089574","2025-02-25","-69.383","76.383","64.0","PROGRESS, AY","    0","B,,2",,,"  -26","H,,2","  -47","H,,2","  -39","H,,2"
"AYM00089574","2025-02-26","-69.383","76.383","64.0","PROGRESS, AY","    0","B,,2",,,"  -31","H,,2","  -60","H,,2","  -43","H,,2"
"AYM00089574","2025-02-27","-69.383","76.383","64.0","PROGRESS, AY","    0","B,,2",,,"  -32","H,,2","  -68","H,,2","  -50","H,,2"
"AYM00089574","2025-03-01","-69.383","76.383","64.0","PROGRESS, AY","    0","B,,2",,,"  -40","H,,2","  -71","H,,2","  -52","H,,2"
"AYM00089574","2025-03-02","-69.383","76.383","64.0","PROGRESS, AY","    0","B,,2",,,"  -70","H,,2","  -82","H,,2","  -75","H,,2"
"AYM00089574","2025-03-03","-69.383","76.383","64.0","PROGRESS, AY","    4","B,,2",,,"  -57","H,,2","  -80","H,,2","  -67","H,,2"
"AYM00089574","2025-03-04","-69.383","76.383","64.0","PROGRESS, AY","    0","B,,2",,,"  -65","H,,2","  -81","H,,2","  -69","H,,2"
"AYM00089574","2025-03-05","-69.383","76.383","64.0","PROGRESS, AY","    0","B,,2",,,"  -90","H,,2"," -110","H,,2"," -100","H,,2"
"AYM00089574","2025-03-06","-69.383","76.383","64.0","PROGRESS, AY","    0","B,,2",,,"  -59","H,,2","  -87","H,,2","  -77","H,,2"
"AYM00089574","2025-03-07","-69.383","76.383","64.0","PROGRESS, AY","    3","B,,2",,,"  -69","H,,2","  -79","H,,2","  -72","H,,2"
"AYM00089574","2025-03-08","-69.383","76.383","64.0","PROGRESS, AY","   20","B,,2",,,"  -38","H,,2","  -64","H,,2","  -51","H,,2"
"AYM00089574","2025-03-09","-69.383","76.383","64.0","PROGRESS, AY","    0","B,,2",,,"  -60","H,,2","  -75","H,,2","  -67","H,,2"
"AYM00089574","2025-03-10","-69.383","76.383","64.0","PROGRESS, AY","    0","B,,2",,,"  -43","H,,2","  -76","H,,2","  -56","H,,2"
"AYM00089574","2025-03-11","-69.383","76.383","64.0","PROGRESS, AY","    0","B,,2",,,"  -24","H,,2","  -47","H,,2","  -36","H,,2"
"AYM00089574","2025-03-12","-69.383","76.383","64.0","PROGRESS, AY","    4","B,,2",,,"   -4","H,,2","  -26","H,,2","  -17","H,,2"
"AYM00089574","2025-03-13","-69.383","76.383","64.0","PROGRESS, AY","    0","B,,2",,,"  -15","H,,2","  -46","H,,2","  -27","H,,2"
"AYM00089574","2025-03-14","-69.383","76.383","64.0","PROGRESS, AY","    0","B,,2",,,"  -55","H,,2","  -66","H,,2","  -60","H,,2"
"AYM00089574","2025-03-15","-69.383","76.383","64.0","PROGRESS, AY","    0","B,,2",,,"  -63","H,,2"," -102","H,I,2","  -78","H,,2"
"AYM00089574","2025-03-16","-69.383","76.383","64.0","PROGRESS, AY","    0","B,,2",,," -114","H,I,2"," -132","H,,2"," -124","H,,2"
"AYM00089574","2025-03-17","-69.383","76.383","64.0","PROGRESS, AY","    0","B,,2",,," -118","H,,2"," -151","H,,2"," -131","H,,2"
"AYM00089574","2025-03-18","-69.383","76.383","64.0","PROGRESS, AY","    0","B,,2",,," -105","H,,2"," -131","H,,2"," -114","H,,2"
"AYM00089574","2025-03-19","-69.383","76.383","64.0","PROGRESS, AY","    0","B,,2",,,"  -49","H,,2"," -113","H,,2","  -74","H,,2"
"AYM00089574","2025-03-20","-69.383","76.383","64.0","PROGRESS, AY","    5","B,,2",,,"  -47","H,,2","  -54","H,I,2","  -50","H,,2"
"AYM00089574","2025-03-21","-69.383","76.383","64.0","PROGRESS, AY","    0","B,,2",,,"  -71","H,I,2","  -94","H,,2","  -82","H,,2"
"AYM00089574","2025-03-22","-69.383","76.383","64.0","PROGRESS, AY","    0","B,,2",,,"  -87","H,,2"," -108","H,,2","  -97","H,,2"
"AYM00089574","2025-03-23","-69.383","76.383","64.0","PROGRESS, AY","    0","B,,2",,,"  -88","H,,2"," -117","H,,2"," -101","H,,2"
"AYM00089574","2025-03-24","-69.383","76.383","64.0","PROGRESS, AY","    4","B,,2",,,"  -74","H,,2","  -95","H,,2","  -83","H,,2"
"AYM00089574","2025-03-25","-69.383","76.383","64.0","PROGRESS, AY","    0","B,,2",,,"  -88","H,,2"," -123","H,,2","  -99","H,,2"
"AYM00089574","2025-03-26","-69.383","76.383","64.0","PROGRESS, AY","    0","B,,2",,," -124","H,,2"," -139","H,,2"," -132","H,,2"
"AYM00089574","2025-03-27","-69.383","76.383","64.0","PROGRESS, AY","    0","B,,2",,,,,,,,
"AYM00089574","2025-03-29","-69.383","76.383","64.0","PROGRESS, AY","    2","B,,2",,," -136","H,,2"," -163","H,,2"," -144","H,,2"
"AYM00089574","2025-03-30","-69.383","76.383","64.0","PROGRESS, AY","    0","B,,2",,," -171","H,,2"," -184","H,,2"," -176","H,,2"
"AYM00089574","2025-03-31","-69.383","76.383","64.0","PROGRESS, AY","    0","B,,2",,," -168","H,,2"," -199","H,,2"," -181","H,,2"
"AYM00089574","2025-04-01","-69.383","76.383","64.0","PROGRESS, AY","    0","B,,2",,," -185","H,,2"," -196","H,,2"," -192","H,,2"
"AYM00089574","2025-04-02","-69.383","76.383","64.0","PROGRESS, AY","    0","B,,2",,," -191","H,,2"," -210","H,,2"," -201","H,,2"
"AYM00089574","2025-04-03","-69.383","76.383","64.0","PROGRESS, AY","    0","B,,2",,," -150","H,,2"," -217","H,,2"," -185","H,,2"
"AYM00089574","2025-04-04","-69.383","76.383","64.0","PROGRESS, AY","   12","B,,2",,," -156","H,,2"," -204","H,,2"," -172","H,,2"
"AYM00089574","2025-04-05","-69.383","76.383","64.0","PROGRESS, AY",,,,," -149","H,,2"," -228","H,,2"," -174","H,,2"
"AYM00089574","2025-04-06","-69.383","76.383","64.0","PROGRESS, AY","    0","B,,2",,,"  -91","H,,2"," -148","H,,2"," -115","H,,2"
"AYM00089574","2025-04-07","-69.383","76.383","64.0","PROGRESS, AY","   60","B,,2",,,"  -82","H,,2","  -88","H,,2","  -86","H,,2"
"AYM00089574","2025-04-08","-69.383","76.383","64.0","PROGRESS, AY","   10","B,,2",,,"  -88","H,,2"," -110","H,I,2","  -98","H,,2"
"AYM00089574","2025-04-09","-69.383","76.383","64.0","PROGRESS, AY","    0","B,,2",,," -131","H,I,2"," -144","H,,2"," -138","H,,2"
"AYM00089574","2025-04-10","-69.383","76.383","64.0","PROGRESS, AY","    7","B,,2",,," -199","H,I,2"," -291","H,,2"," -247","H,,2"
"AYM00089574","2025-04-11","-69.383","76.383","64.0","PROGRESS, AY","    2","B,,2",,," -131","H,,2"," -184","H,,2"," -161","H,,2"
"AYM00089574","2025-04-12","-69.383","76.383","64.0","PROGRESS, AY","    3","B,,2",,," -127","H,,2"," -186","H,,2"," -148","H,,2"
"AYM00089574","2025-04-13","-69.383","76.383","64.0","PROGRESS, AY","    6","B,,2",,," -189","H,,2"," -222","H,,2"," -202","H,,2"
"AYM00089574","2025-04-14","-69.383","76.383","64.0","PROGRESS, AY","    0","B,,2",,," -198","H,,2"," -224","H,,2"," -213","H,,2"
"AYM00089574","2025-04-15","-69.383","76.383","64.0","PROGRESS, AY","    0","B,,2",,," -199","H,,2"," -226","H,,2"," -216","H,,2"
"AYM00089574","2025-04-16","-69.383","76.383","64.0","PROGRESS, AY","    0","B,,2",,," -193","H,I,2"," -217","H,,2"," -208","H,,2"
"AYM00089574","2025-04-17","-69.383","76.383","64.0","PROGRESS, AY","   32","B,,2",,,"  -65","H,,2"," -141","H,I,2","  -91","H,,2"
"AYM00089574","2025-04-18","-69.383","76.383","64.0","PROGRESS, AY","   32","B,,2",,,"  -63","H,,2","  -79","H,I,2","  -70","H,,2"
"AYM00089574","2025-04-19","-69.383","76.383","64.0","PROGRESS, AY","    0","B,,2",,,"  -97","H,I,2"," -131","H,,2"," -115","H,,2"
"AYM00089574","2025-04-20","-69.383","76.383","64.0","PROGRESS, AY","    0","B,,2",,," -117","H,,2"," -144","H,,2"," -131","H,,2"
"AYM00089574","2025-04-21","-69.383","76.383","64.0","PROGRESS, AY","    0","B,,2",,," -139","H,,2"," -164","H,,2"," -152","H,,2"
"AYM00089574","2025-04-22","-69.383","76.383","64.0","PROGRESS, AY","    0","B,,2",,," -138","H,,2"," -166","H,,2"," -148","H,,2"
"AYM00089574","2025-04-23","-69.383","76.383","64.0","PROGRESS, AY","    4","B,,2",,," -149","H,,2"," -265","H,,2"," -204","H,,2"
"AYM00089574","2025-04-24","-69.383","76.383","64.0","PROGRESS, AY","    2","B,,2",,," -245","H,,2"," -263","H,,2"," -252","H,,2"
"AYM00089574","2025-04-25","-69.383","76.383","64.0","PROGRESS, AY","    0","B,,2",,," -175","H,I,2"," -243","H,,2"," -211","H,,2"
"AYM00089574","2025-04-26","-69.383","76.383","64.0","PROGRESS, AY","    0","B,,2",,,"  -49","H,,2"," -164","H,I,2","  -89","H,,2"
"AYM00089574","2025-04-27","-69.383","76.383","64.0","PROGRESS, AY","    0","B,,2",,,"  -59","H,,2","  -94","H,I,2","  -82","H,,2"
"AYM00089574","2025-04-28","-69.383","76.383","64.0","PROGRESS, AY","    0","B,,2",,," -110","H,I,2"," -140","H,,2"," -123","H,,2"
"AYM00089574","2025-04-29","-69.383","76.383","64.0","PROGRESS, AY","    0","B,,2",,," -136","H,,2"," -155","H,,2"," -147","H,,2"
"AYM00089574","2025-04-30","-69.383","76.383","64.0","PROGRESS, AY","    0","B,,2",,," -143","H,,2"," -177","H,,2"," -159","H,,2"
"AYM00089574","2025-05-01","-69.383","76.383","64.0","PROGRESS, AY","    0","B,,2",,," -165","H,,2"," -184","H,,2"," -175","H,,2"
"AYM00089574","2025-05-02","-69.383","76.383","64.0","PROGRESS, AY","    0","B,,2",,," -175","H,,2"," -197","H,,2"," -186","H,,2"
"AYM00089574","2025-05-03","-69.383","76.383","64.0","PROGRESS, AY","    0","B,,2",,," -144","H,,2"," -178","H,,2"," -159","H,,2"
"AYM00089574","2025-05-04","-69.383","76.383","64.0","PROGRESS, AY","    0","B,,2",,," -156","H,,2"," -184","H,,2"," -172","H,,2"
"AYM00089574","2025-05-05","-69.383","76.383","64.0","PROGRESS, AY","    0","B,,2",,," -150","H,,2"," -185","H,,2"," -162","H,,2"
"AYM00089574","2025-05-06","-69.383","76.383","64.0","PROGRESS, AY","    0","B,,2",,," -178","H,,2"," -194","H,,2"," -186","H,,2"
"AYM00089574","2025-05-07","-69.383","76.383","64.0","PROGRESS, AY","    0","B,,2",,," -146","H,,2"," -200","H,,2"," -178","H,,2"
"AYM00089574","2025-05-08","-69.383","76.383","64.0","PROGRESS, AY","    0","B,,2",,," -132","H,,2"," -177","H,I,2"," -153","H,,2"
"AYM00089574","2025-05-09","-69.383","76.383","64.0","PROGRESS, AY","    0","B,,2",,," -193","H,I,2"," -228","H,,2"," -209","H,,2"
"AYM00089574","2025-05-10","-69.383","76.383","64.0","PROGRESS, AY","    0","B,,2",,," -192","H,,2"," -224","H,,2"," -211","H,,2"
"AYM00089574","2025-05-11","-69.383","76.383","64.0","PROGRESS, AY","   16","B,,2",,," -172","H,,2"," -184","H,,2"," -176","H,,2"
"AYM00089574","2025-05-12","-69.383","76.383","64.0","PROGRESS, AY","   26","B,,2",,,,,,,,
"AYM00089574","2025-05-13","-69.383","76.383","64.0","PROGRESS, AY","    5","B,,2",,," -140","H,,2"," -172","H,,2"," -154","H,,2"
"AYM00089574","2025-05-14","-69.383","76.383","64.0","PROGRESS, AY","    9","B,,2",,," -166","H,,2"," -209","H,,2"," -190","H,,2"
"AYM00089574","2025-05-15","-69.383","76.383","64.0","PROGRESS, AY","    0","B,,2",,," -192","H,,2"," -207","H,,2"," -201","H,,2"
"AYM00089574","2025-05-16","-69.383","76.383","64.0","PROGRESS, AY","    0","B,,2",,,"  -84","H,,2"," -191","H,,2"," -147","H,,2"
"AYM00089574","2025-05-17","-69.383","76.383","64.0","PROGRESS, AY","  140","B,,2",,,"  -53","H,,2","  -81","H,,2","  -68","H,,2"
"AYM00089574","2025-05-18","-69.383","76.383","64.0","PROGRESS, AY","   53","B,,2",,,"  -53","H,,2","  -90","H,,2","  -71","H,,2"
"AYM00089574","2025-05-19","-69.383","76.383","64.0","PROGRESS, AY","    2","B,,2",,,"  -86","H,,2"," -144","H,,2"," -114","H,,2"
"AYM00089574","2025-05-20","-69.383","76.383","64.0","PROGRESS, AY","    0","B,,2",,," -137","H,,2"," -206","H,,2"," -166","H,,2"
"AYM00089574","2025-05-21","-69.383","76.383","64.0","PROGRESS, AY","    0","B,,2",,," -278","H,I,2"," -303","H,,2"," -289","H,,2"
"AYM00089574","2025-05-22","-69.383","76.383","64.0","PROGRESS, AY","    0","B,,2",,," -221","H,,2"," -257","H,,2"," -233","H,,2"
"AYM00089574","2025-05-23","-69.383","76.383","64.0","PROGRESS, AY","   40","B,,2",,,,,,,,
"AYM00089574","2025-05-24","-69.383","76.383","64.0","PROGRESS, AY","   49","B,,2",,," -101","H,,2"," -250","H,,2"," -164","H,,2"
"AYM00089574","2025-05-25","-69.383","76.383","64.0","PROGRESS, AY","   18","B,,2",,,"  -91","H,,2"," -177","H,,2"," -119","H,,2"
"AYM00089574","2025-05-26","-69.383","76.383","64.0","PROGRESS, AY","   10","B,,2",,,"  -88","H,,2"," -138","H,,2"," -105","H,,2"
"AYM00089574","2025-05-27","-69.383","76.383","64.0","PROGRESS, AY","    0","B,,2",,," -147","H,,2"," -149","H,,2"," -149","H,,2"
"AYM00089574","2025-05-28","-69.383","76.383","64.0","PROGRESS, AY","    0","B,,2",,," -114","H,,2"," -146","H,,2"," -127","H,,2"
"AYM00089574","2025-05-29","-69.383","76.383","64.0","PROGRESS, AY","    0","B,,2",,," -121","H,,2"," -152","H,I,2"," -136","H,,2"
"AYM00089574","2025-05-30","-69.383","76.383","64.0","PROGRESS, AY","    0","B,,2",,," -166","H,I,2"," -187","H,,2"," -178","H,,2"
"AYM00089574","2025-05-31","-69.383","76.383","64.0","PROGRESS, AY","    0","B,,2",,," -196","H,,2"," -227","H,,2"," -217","H,,2"
"AYM00089574","2025-06-01","-69.383","76.383","64.0","PROGRESS, AY","    0","B,,2",,," -162","H,,2"," -203","H,,2"," -183","H,,2"
"AYM00089574","2025-06-02","-69.383","76.383","64.0","PROGRESS, AY","    0","B,,2",,," -106","H,,2"," -155","H,,2"," -130","H,,2"
"AYM00089574","2025-06-03","-69.383","76.383","64.0","PROGRESS, AY","    0","B,,2",,,"  -81","H,,2","  -97","H,,2","  -88","H,,2"
"AYM00089574","2025-06-04","-69.383","76.383","64.0","PROGRESS, AY","    0","B,,2",,,"  -84","H,,2"," -109","H,,2","  -96","H,,2"
"AYM00089574","2025-06-05","-69.383","76.383","64.0","PROGRESS, AY","    0","B,,2",,," -117","H,,2"," -132","H,,2"," -125","H,,2"
"AYM00089574","2025-06-06","-69.383","76.383","64.0","PROGRESS, AY","    0","B,,2",,,"  -84","H,,2"," -112","H,,2","  -93","H,,2"
"AYM00089574","2025-06-07","-69.383","76.383","64.0","PROGRESS, AY","    0","B,,2",,," -116","H,,2"," -170","H,,2"," -145","H,,2"
"AYM00089574","2025-06-09","-69.383","76.383","64.0","PROGRESS, AY","    0","B,,2",,," -192","H,I,2"," -210","H,,2"," -199","H,,2"
"AYM00089574","2025-06-10","-69.383","76.383","64.0","PROGRESS, AY","    0","B,,2",,," -117","H,,2"," -177","H,I,2"," -151","H,,2"
"AYM00089574","2025-06-11","-69.383","76.383","64.0","PROGRESS, AY","    0","B,,2",,," -133","H,,2"," -162","H,,2"," -145","H,,2"
"AYM00089574","2025-06-13","-69.383","76.383","64.0","PROGRESS, AY","    0","B,,2",,," -215","H,I,2"," -217","H,,2"," -216","H,,2"
"AYM00089574","2025-06-14","-69.383","76.383","64.0","PROGRESS, AY","    0","B,,2",,," -104","H,,2"," -198","H,I,2"," -144","H,,2"
"AYM00089574","2025-06-15","-69.383","76.383","64.0","PROGRESS, AY","    0","B,,2",,,"  -85","H,I,2"," -141","H,,2"," -119","H,,2"
"AYM00089574","2025-06-16","-69.383","76.383","64.0","PROGRESS, AY","    0","B,,2",,,"  -54","H,,2","  -71","H,I,2","  -63","H,,2"
"AYM00089574","2025-06-17","-69.383","76.383","64.0","PROGRESS, AY","    4","B,,2",,,"  -39","H,,2","  -49","H,,2","  -42","H,,2"
"AYM00089574","2025-06-18","-69.383","76.383","64.0","PROGRESS, AY","    0","B,,2",,,"  -41","H,,2","  -67","H,,2","  -58","H,,2"
"AYM00089574","2025-06-19","-69.383","76.383","64.0","PROGRESS, AY","    0","B,,2",,,"  -53","H,,2","  -78","H,,2","  -66","H,,2"
"AYM00089574","2025-06-20","-69.383","76.383","64.0","PROGRESS, AY","    0","B,,2",,,"  -72","H,,2","  -83","H,,2","  -77","H,,2"
"AYM00089574","2025-06-21","-69.383","76.383","64.0","PROGRESS, AY","    4","B,,2",,,,,,,,
"AYM00089574","2025-06-22","-69.383","76.383","64.0","PROGRESS, AY","    0","B,,2",,,"  -62","H,,2","  -98","H,,2","  -80","H,,2"
"AYM00089574","2025-06-23","-69.383","76.383","64.0","PROGRESS, AY","    0","B,,2",,,"  -96","H,,2"," -125","H,,2"," -106","H,,2"
"AYM00089574","2025-06-24","-69.383","76.383","64.0","PROGRESS, AY","    0","B,,2",,," -129","H,,2"," -163","H,,2"," -143","H,,2"
"AYM00089574","2025-06-25","-69.383","76.383","64.0","PROGRESS, AY","    0","B,,2",,," -173","H,,2"," -180","H,,2"," -177","H,,2"
"AYM00089574","2025-06-26","-69.383","76.383","64.0","PROGRESS, AY","    0","B,,2",,," -177","H,,2"," -187","H,,2"," -182","H,,2"
"AYM00089574","2025-06-27","-69.383","76.383","64.0","PROGRESS, AY","    0","B,,2",,," -194","H,,2"," -213","H,,2"," -203","H,,2"
"AYM00089574","2025-06-28","-69.383","76.383","64.0","PROGRESS, AY","    0","B,,2",,," -179","H,,2"," -238","H,,2"," -209","H,,2"
"AYM00089574","2025-06-29","-69.383","76.383","64.0","PROGRESS, AY","    0","B,,2",,," -231","H,,2"," -329","H,,2"," -292","H,,2"
"AYM00089574","2025-06-30","-69.383","76.383","64.0","PROGRESS, AY","    0","B,,2",,," -221","H,,2"," -318","H,,2"," -272","H,,2"
"AYM00089574","2025-07-01","-69.383","76.383","64.0","PROGRESS, AY","    0","B,,2",,," -168","H,,2"," -234","H,,2"," -203","H,,2"
"AYM00089574","2025-07-02","-69.383","76.383","64.0","PROGRESS, AY","    0","B,,2",,," -167","H,,2"," -198","H,,2"," -188","H,,2"
"AYM00089574","2025-07-03","-69.383","76.383","64.0","PROGRESS, AY","   30","B,,2",,,,,,,,
"AYM00089574","2025-07-04","-69.383","76.383","64.0","PROGRESS, AY","    3","B,,2",,," -187","H,,2"," -218","H,I,2"," -202","H,,2"
"AYM00089574","2025-07-05","-69.383","76.383","64.0","PROGRESS, AY","    0","B,,2",,," -238","H,I,2"," -260","H,,2"," -250","H,,2"
"AYM00089574","2025-07-06","-69.383","76.383","64.0","PROGRESS, AY","    0","B,,2",,," -258","H,,2"," -276","H,,2"," -267","H,,2"
"AYM00089574","2025-07-07","-69.383","76.383","64.0","PROGRESS, AY","    0","B,,2",,," -225","H,,2"," -254","H,,2"," -235","H,,2"
"AYM00089574","2025-07-08","-69.383","76.383","64.0","PROGRESS, AY","    0","B,,2",,," -248","H,,2"," -254","H,,2"," -250","H,,2"
"AYM00089574","2025-07-09","-69.383","76.383","64.0","PROGRESS, AY","    0","B,,2",,," -196","H,,2"," -230","H,I,2"," -214","H,,2"
"AYM00089574","2025-07-10","-69.383","76.383","64.0","PROGRESS, AY","    0","B,,2",,," -260","H,,2"," -307","H,,2"," -285","H,,2"
"AYM00089574","2025-07-11","-69.383","76.383","64.0","PROGRESS, AY","    0","B,,2",,," -137","H,I,2"," -302","H,,2"," -205","H,,2"
"AYM00089574","2025-07-12","-69.383","76.383","64.0","PROGRESS, AY","    0","B,,2",,," -102","H,,2"," -106","H,I,2"," -104","H,,2"
"AYM00089574","2025-07-13","-69.383","76.383","64.0","PROGRESS, AY","    5","B,,2",,,"  -86","H,,2","  -97","H,,2","  -90","H,,2"
"AYM00089574","2025-07-15","-69.383","76.383","64.0","PROGRESS, AY","    0","B,,2",,," -141","H,,2"," -166","H,I,2"," -157","H,,2"
"AYM00089574","2025-07-16","-69.383","76.383","64.0","PROGRESS, AY","    0","B,,2",,," -180","H,I,2"," -195","H,,2"," -186","H,,2"
"AYM00089574","2025-07-17","-69.383","76.383","64.0","PROGRESS, AY","    0","B,,2",,," -172","H,,2"," -199","H,,2"," -186","H,,2"
"AYM00089574","2025-07-18","-69.383","76.383","64.0","PROGRESS, AY","    0","B,,2",,," -208","H,,2"," -238","H,,2"," -222","H,,2"
"AYM00089574","2025-07-19","-69.383","76.383","64.0","PROGRESS, AY","    0","B,,2",,,,,,,,
"AYM00089574","2025-07-20","-69.383","76.383","64.0","PROGRESS, AY","    0","B,,2",,," -156","H,,2"," -190","H,,2"," -174","H,,2"
"AYM00089574","2025-07-21","-69.383","76.383","64.0","PROGRESS, AY","    5","B,,2",,," -177","H,,2"," -251","H,,2"," -222","H,,2"
"AYM00089574","2025-07-22","-69.383","76.383","64.0","PROGRESS, AY","    5","B,,2",,," -130","H,,2"," -259","H,,2"," -210","H,,2"
"AYM00089574","2025-07-23","-69.383","76.383","64.0","PROGRESS, AY","    0","B,,2",,," -101","H,,2"," -135","H,,2"," -118","H,,2"
"AYM00089574","2025-07-24","-69.383","76.383","64.0","PROGRESS, AY","    0","B,,2",,,"  -71","H,,2","  -82","H,I,2","  -78","H,,2"
"AYM00089574","2025-07-25","-69.383","76.383","64.0","PROGRESS, AY","    0","B,,2",,," -102","H,,2"," -155","H,,2"," -128","H,,2"
"AYM00089574","2025-07-27","-69.383","76.383","64.0","PROGRESS, AY","    0","B,,2",,," -202","H,,2"," -208","H,,2"," -205","H,,2"
"AYM00089574","2025-07-28","-69.383","76.383","64.0","PROGRESS, AY","    0","B,,2",,," -121","H,,2"," -196","H,,2"," -157","H,,2"
"AYM00089574","2025-07-30","-69.383","76.383","64.0","PROGRESS, AY","    0","B,,2",,," -148","H,,2"," -202","H,,2"," -181","H,,2"
"AYM00089574","2025-07-31","-69.383","76.383","64.0","PROGRESS, AY","    0","B,,2",,," -209","H,,2"," -220","H,,2"," -215","H,,2"
"AYM00089574","2025-08-01","-69.383","76.383","64.0","PROGRESS, AY","    0","B,,2",,," -200","H,,2"," -226","H,,2"," -214","H,,2"
"AYM00089574","2025-08-02","-69.383","76.383","64.0","PROGRESS, AY","    0","B,,2",,," -226","H,,2"," -240","H,,2"," -234","H,,2"
"AYM00089574","2025-08-03","-69.383","76.383","64.0","PROGRESS, AY","    0","B,,2",,," -223","H,,2"," -284","H,,2"," -243","H,,2"
"AYM00089574","2025-08-04","-69.383","76.383","64.0","PROGRESS, AY","    0","B,,2",,," -225","H,,2"," -247","H,,2"," -237","H,,2"
"AYM00089574","2025-08-05","-69.383","76.383","64.0","PROGRESS, AY","    0","B,,2",,," -146","H,I,2"," -224","H,,2"," -185","H,,2"
"AYM00089574","2025-08-06","-69.383","76.383","64.0","PROGRESS, AY","    0","B,,2",,," -116","H,,2"," -134","H,I,2"," -128","H,,2"
"AYM00089574","2025-08-07","-69.383","76.383","64.0","PROGRESS, AY","    0","B,,2",,,"  -81","H,,2"," -148","H,,2"," -124","H,,2"
"AYM00089574","2025-08-08","-69.383","76.383","64.0","PROGRESS, AY","    0","B,,2",,,"  -44","H,,2","  -73","H,,2","  -60","H,,2"
"AYM00089574","2025-08-09","-69.383","76.383","64.0","PROGRESS, AY","    0","B,,2",,,"  -67","H,,2"," -103","H,,2","  -81","H,,2"
"AYM00089574","2025-08-10","-69.383","76.383","64.0","PROGRESS, AY","    0","B,,2",,," -105","H,,2"," -151","H,,2"," -123","H,,2"
"AYM00089574","2025-08-11","-69.383","76.383","64.0","PROGRESS, AY","    0","B,,2",,," -132","H,,2"," -163","H,,2"," -144","H,,2"
"AYM00089574","2025-08-12","-69.383","76.383","64.0","PROGRESS, AY","    0","B,,2",,," -120","H,,2"," -134","H,I,2"," -129","H,,2"
"AYM00089574","2025-08-13","-69.383","76.383","64.0","PROGRESS, AY","    0","B,,2",,," -149","H,I,2"," -174","H,I,2"," -160","H,,2"
"AYM00089574","2025-08-14","-69.383","76.383","64.0","PROGRESS, AY","    0","B,,2",,," -200","H,I,2"," -226","H,,2"," -215","H,,2"
"AYM00089574","2025-08-16","-69.383","76.383","64.0","PROGRESS, AY","    0","B,,2",,," -135","H,,2"," -148","H,I,2"," -142","H,,2"
"AYM00089574","2025-08-17","-69.383","76.383","64.0","PROGRESS, AY","    0","B,,2",,," -165","H,I,2"," -189","H,,2"," -179","H,,2"
"AYM00089574","2025-08-18","-69.383","76.383","64.0","PROGRESS, AY","    0","B,,2",,," -173","H,,2"," -196","H,,2"," -183","H,,2"
"AYM00089574","2025-08-19","-69.383","76.383","64.0","PROGRESS, AY","    0","B,,2",,," -192","H,,2"," -210","H,,2"," -199","H,,2"
"AYM00089574","2025-08-20","-69.383","76.383","64.0","PROGRESS, AY","    0","B,,2",,," -190","H,,2"," -207","H,,2"," -199","H,,2"
"AYM00089574","2025-08-21","-69.383","76.383","64.0","PROGRESS, AY","    0","B,,2",,," -209","H,,2"," -224","H,,2"," -215","H,,2"
"AYM00089574","2025-08-22","-69.383","76.383","64.0","PROGRESS, AY","    0","B,,2",,," -223","H,,2"," -270","H,,2"," -247","H,,2"
"AYM00089574","2025-08-23","-69.383","76.383","64.0","PROGRESS, AY","    0","B,,2",,," -219","H,,2"," -250","H,,2"," -235","H,,2"
"AYM00089574","2025-08-24","-69.383","76.383","64.0","PROGRESS, AY","   10","B,,2",,," -147","H,I,2"," -209","H,,2"," -183","H,,2"
"AYM00089574","2025-08-25","-69.383","76.383","64.0","PROGRESS, AY","    9","B,,2",,,"  -68","H,,2"," -132","H,I,2"," -112","H,,2"
"AYM00089574","2025-08-26","-69.383","76.383","64.0","PROGRESS, AY","   30","B,,2",,,"  -73","H,,2"," -102","H,,2","  -87","H,,2"
"AYM00089574","2025-08-27","-69.383","76.383","64.0","PROGRESS, AY","   20","B,,2",,," -103","H,,2"," -140","H,,2"," -122","H,,2"
"AYM00089574","2025-08-28","-69.383","76.383","64.0","PROGRESS, AY","    0","B,,2",,," -127","H,,2"," -145","H,,2"," -135","H,,2"
"AYM00089574","2025-08-29","-69.383","76.383","64.0","PROGRESS, AY","    0","B,,2",,," -117","H,,2"," -138","H,,2"," -127","H,,2"
"AYM00089574","2025-09-03","-69.383","76.383","64.0","PROGRESS, AY","    0","B,,2",,," -118","H,,2"," -141","H,,2"," -127","H,,2"
"AYM00089574","2025-09-04","-69.383","76.383","64.0","PROGRESS, AY","    0","B,,2",,,"  -83","H,,2"," -150","H,,2"," -115","H,,2"
"AYM00089574","2025-09-05","-69.383","76.383","64.0","PROGRESS, AY","    8","B,,2",,,"  -51","H,,2","  -64","H,I,2","  -59","H,,2"
"AYM00089574","2025-09-06","-69.383","76.383","64.0","PROGRESS, AY","   60","B,,2",,,"  -81","H,,2","  -83","H,,2","  -82","H,,2"
"AYM00089574","2025-09-07","-69.383","76.383","64.0","PROGRESS, AY","   38","B,,2",,,"  -81","H,,2","  -92","H,,2","  -88","H,,2"
"AYM00089574","2025-09-08","-69.383","76.383","64.0","PROGRESS, AY","    7","B,,2",,,,,,,,
"AYM00089574","2025-09-09","-69.383","76.383","64.0","PROGRESS, AY","    0","B,,2",,,,,,,,
"AYM00089574","2025-09-10","-69.383","76.383","64.0","PROGRESS, AY","    0","B,,2",,," -125","H,,2"," -134","H,,2"," -131","H,,2"
"AYM00089574","2025-09-11","-69.383","76.383","64.0","PROGRESS, AY","    0","B,,2",,," -108","H,,2"," -149","H,,2"," -131","H,,2"
"AYM00089574","2025-09-12","-69.383","76.383","64.0","PROGRESS, AY","    0","B,,2",,," -156","H,,2"," -178","H,,2"," -165","H,,2"
"AYM00089574","2025-09-13","-69.383","76.383","64.0","PROGRESS, AY","    0","B,,2",,," -165","H,,2"," -194","H,,2"," -184","H,,2"
"AYM00089574","2025-09-14","-69.383","76.383","64.0","PROGRESS, AY","    0","B,,2",,," -141","H,,2"," -181","H,,2"," -159","H,,2"
"AYM00089574","2025-09-15","-69.383","76.383","64.0","PROGRESS, AY","    0","B,,2",,," -137","H,,2"," -158","H,,2"," -148","H,,2"
"AYM00089574","2025-09-16","-69.383","76.383","64.0","PROGRESS, AY","    0","B,,2",,," -131","H,,2"," -185","H,,2"," -150","H,,2"
"AYM00089574","2025-09-17","-69.383","76.383","64.0","PROGRESS, AY","    6","B,,2",,," -203","H,I,2"," -252","H,,2"," -219","H,,2"
"AYM00089574","2025-09-18","-69.383","76.383","64.0","PROGRESS, AY","    0","B,,2",,,"  -84","H,,2"," -183","H,,2"," -122","H,,2"
"AYM00089574","2025-09-19","-69.383","76.383","64.0","PROGRESS, AY","   23","B,,2",,,"  -74","H,,2"," -104","H,,2","  -84","H,,2"
"AYM00089574","2025-09-20","-69.383","76.383","64.0","PROGRESS, AY","    2","B,,2",,," -114","H,,2"," -134","H,I,2"," -126","H,,2"
"AYM00089574","2025-09-21","-69.383","76.383","64.0","PROGRESS, AY","    0","B,,2",,," -153","H,I,2"," -187","H,I,2"," -168","H,,2"
"AYM00089574","2025-09-22","-69.383","76.383","64.0","PROGRESS, AY","    0","B,,2",,," -210","H,I,2"," -229","H,,2"," -216","H,,2"
"AYM00089574","2025-09-23","-69.383","76.383","64.0","PROGRESS, AY","    5","B,,2",,," -169","H,,2"," -229","H,,2"," -193","H,,2"
"AYM00089574","2025-09-24","-69.383","76.383","64.0","PROGRESS, AY","    0","B,,2",,," -166","H,,2"," -195","H,,2"," -177","H,,2"
"AYM00089574","2025-09-25","-69.383","76.383","64.0","PROGRESS, AY","    0","B,,2",,," -188","H,,2"," -214","H,,2"," -199","H,,2"
"AYM00089574","2025-09-26","-69.383","76.383","64.0","PROGRESS, AY","    0","B,,2",,," -144","H,I,2"," -209","H,,2"," -179","H,,2"
"AYM00089574","2025-09-27","-69.383","76.383","64.0","PROGRESS, AY","    0","B,,2",,,"  -87","H,,2"," -123","H,I,2"," -104","H,,2"
"AYM00089574","2025-09-30","-69.383","76.383","64.0","PROGRESS, AY","    0","B,,2",,,"  -61","H,,2","  -95","H,,2","  -72","H,,2"
"AYM00089574","2025-10-01","-69.383","76.383","64.0","PROGRESS, AY","    0","B,,2",,," -103","H,,2"," -121","H,,2"," -112","H,,2"
"AYM00089574","2025-10-02","-69.383","76.383","64.0","PROGRESS, AY","    0","B,,2",,,"  -96","H,,2"," -143","H,,2"," -117","H,,2"
"AYM00089574","2025-10-03","-69.383","76.383","64.0","PROGRESS, AY","    0","B,,2",,,"  -74","H,,2"," -121","H,,2","  -93","H,,2"
"AYM00089574","2025-10-04","-69.383","76.383","64.0","PROGRESS, AY","    0","B,,2",,,,,,,,
"AYM00089574","2025-10-05","-69.383","76.383","64.0","PROGRESS, AY","    3","B,,2",,,"  -86","H,,2"," -118","H,,2"," -104","H,,2"
"AYM00089574","2025-10-06","-69.383","76.383","64.0","PROGRESS, AY","    0","B,,2",,," -104","H,,2"," -160","H,,2"," -125","H,,2"
"AYM00089574","2025-10-07","-69.383","76.383","64.0","PROGRESS, AY","    0","B,,2",,," -118","H,,2"," -147","H,,2"," -134","H,,2"
"AYM00089574","2025-10-08","-69.383","76.383","64.0","PROGRESS, AY","    3","B,,2",,,"  -55","H,,2"," -136","H,,2","  -88","H,,2"
"AYM00089574","2025-10-09","-69.383","76.383","64.0","PROGRESS, AY","  230","B,,2",,,"  -52","H,,2","  -73","H,,2","  -62","H,,2"
"AYM00089574","2025-10-10","-69.383","76.383","64.0","PROGRESS, AY","   20","B,,2",,,,,,,,
"AYM00089574","2025-10-12","-69.383","76.383","64.0","PROGRESS, AY","   60","B,,2",,,"   24","H,,2","    3","H,I,2","    9","H,,2"
"AYM00089574","2025-10-13","-69.383","76.383","64.0","PROGRESS, AY","    8","B,,2",,,"  -10","H,I,2","  -39","H,,2","  -19","H,,2"
"AYM00089574","2025-10-14","-69.383","76.383","64.0","PROGRESS, AY","    0","B,,2",,,"  -20","H,,2","  -82","H,,2","  -41","H,,2"
"AYM00089574","2025-10-15","-69.383","76.383","64.0","PROGRESS, AY","    0","B,,2",,,"  -33","H,,2","  -96","H,,2","  -67","H,,2"
"AYM00089574","2025-10-16","-69.383","76.383","64.0","PROGRESS, AY","    0","B,,2",,," -105","H,,2"," -182","H,,2"," -133","H,,2"
"AYM00089574","2025-10-17","-69.383","76.383","64.0","PROGRESS, AY","    0","B,,2",,,"  -89","H,,2"," -181","H,,2"," -115","H,,2"
"AYM00089574","2025-10-18","-69.383","76.383","64.0","PROGRESS, AY","    6","B,,2",,,"  -72","H,,2","  -91","H,,2","  -84","H,,2"
"AYM00089574","2025-10-19","-69.383","76.383","64.0","PROGRESS, AY","    4","B,,2",,,"  -63","H,,2","  -84","H,,2","  -77","H,,2"
"AYM00089574","2025-10-20","-69.383","76.383","64.0","PROGRESS, AY","    0","B,,2",,,"  -47","H,,2","  -72","H,,2","  -64","H,,2"
"AYM00089574","2025-10-21","-69.383","76.383","64.0","PROGRESS, AY","  100","B,,2",,,"  -37","H,,2","  -46","H,,2","  -40","H,,2"
"AYM00089574","2025-10-22","-69.383","76.383","64.0","PROGRESS, AY","   90","B,,2",,,"  -18","H,,2","  -52","H,,2","  -29","H,,2"
"AYM00089574","2025-10-23","-69.383","76.383","64.0","PROGRESS, AY","   10","B,,2",,,"  -25","H,,2","  -37","H,,2","  -29","H,,2"
"AYM00089574","2025-10-24","-69.383","76.383","64.0","PROGRESS, AY","    3","B,,2",,,"  -38","H,,2","  -53","H,,2","  -45","H,,2"
"AYM00089574","2025-10-25","-69.383","76.383","64.0","PROGRESS, AY","    2","B,,2",,,"  -21","H,,2"," -102","H,,2","  -58","H,,2"
"AYM00089574","2025-10-26","-69.383","76.383","64.0","PROGRESS, AY","   20","B,,2",,," -101","H,,2"," -175","H,,2"," -128","H,,2"
"AYM00089574","2025-10-27","-69.383","76.383","64.0","PROGRESS, AY","   15","B,,2",,,"  -30","H,,2"," -134","H,,2","  -59","H,,2"
"AYM00089574","2025-10-28","-69.383","76.383","64.0","PROGRESS, AY","  100","B,,2",,,"  -22","H,,2","  -62","H,,2","  -42","H,,2"
"AYM00089574","2025-10-29","-69.383","76.383","64.0","PROGRESS, AY","    7","B,,2",,,"  -22","H,,2","  -53","H,,2","  -35","H,,2"
"AYM00089574","2025-10-30","-69.383","76.383","64.0","PROGRESS, AY","    0","B,,2",,,"  -10","H,,2","  -40","H,,2","  -24","H,,2"
"AYM00089574","2025-10-31","-69.383","76.383","64.0","PROGRESS, AY","    0","B,,2",,,"  -40","H,,2","  -67","H,,2","  -49","H,,2"
"AYM00089574","2025-11-01","-69.383","76.383","64.0","PROGRESS, AY","    0","B,,2",,,"  -75","H,,2","  -94","H,,2","  -81","H,,2"
"AYM00089574","2025-11-02","-69.383","76.383","64.0","PROGRESS, AY","    4","B,,2",,,"  -26","H,,2","  -81","H,,2","  -52","H,,2"
"AYM00089574","2025-11-03","-69.383","76.383","64.0","PROGRESS, AY","    0","B,,2",,,"  -66","H,,2","  -92","H,,2","  -76","H,,2"
"AYM00089574","2025-11-04","-69.383","76.383","64.0","PROGRESS, AY","    0","B,,2",,,"   -6","H,,2","  -62","H,,2","  -27","H,,2"
"AYM00089574","2025-11-05","-69.383","76.383","64.0","PROGRESS, AY","    0","B,,2",,,,,,,,
"AYM00089574","2025-11-06","-69.383","76.383","64.0","PROGRESS, AY","    0","B,,2",,,"  -11","H,,2","  -49","H,,2","  -33","H,,2"
"AYM00089574","2025-11-07","-69.383","76.383","64.0","PROGRESS, AY",,,,,"  -25","H,,2","  -46","H,,2","  -37","H,,2"
"AYM00089574","2025-11-08","-69.383","76.383","64.0","PROGRESS, AY","    0","B,,2",,,"  -33","H,,2","  -66","H,,2","  -47","H,,2"
"AYM00089574","2025-11-09","-69.383","76.383","64.0","PROGRESS, AY","    3","B,,2",,,"  -45","H,,2","  -79","H,,2","  -63","H,,2"
"AYM00089574","2025-11-10","-69.383","76.383","64.0","PROGRESS, AY","    0","B,,2",,,"  -46","H,I,2","  -96","H,,2","  -65","H,,2"
"AYM00089574","2025-11-11","-69.383","76.383","64.0","PROGRESS, AY","   20","B,,2",,,"   -6","H,,2","  -22","H,I,2","  -16","H,,2"
"AYM00089574","2025-11-12","-69.383","76.383","64.0","PROGRESS, AY","   50","B,,2",,,"  -13","H,,2","  -25","H,,2","  -19","H,,2"
"AYM00089574","2025-11-13","-69.383","76.383","64.0","PROGRESS, AY","   10","B,,2",,,"  -17","H,,2","  -25","H,,2","  -22","H,,2"
"AYM00089574","2025-11-14","-69.383","76.383","64.0","PROGRESS, AY","    4","B,,2",,,"   -3","H,,2","  -40","H,,2","  -20","H,,2"
"AYM00089574","2025-11-15","-69.383","76.383","64.0","PROGRESS, AY","   30","B,,2",,,"   -3","H,,2","  -48","H,,2","  -23","H,,2"
"AYM00089574","2025-11-16","-69.383","76.383","64.0","PROGRESS, AY","    0","B,,2",,,"    1","H,,2","  -34","H,,2","  -12","H,,2"
"AYM00089574","2025-11-17","-69.383","76.383","64.0","PROGRESS, AY","    5","B,,2",,,"  -22","H,,2","  -53","H,,2","  -33","H,,2"
"AYM00089574","2025-11-18","-69.383","76.383","64.0","PROGRESS, AY","    0","B,,2",,,,,,,,
"AYM00089574","2025-11-19","-69.383","76.383","64.0","PROGRESS, AY","    0","B,,2",,,"   28","H,,2","  -16","H,,2","    6","H,,2"
"AYM00089574","2025-11-20","-69.383","76.383","64.0","PROGRESS, AY","    3","B,,2",,,"   19","H,,2","  -11","H,,2","    5","H,,2"
"AYM00089574","2025-11-21","-69.383","76.383","64.0","PROGRESS, AY","    0","B,,2",,,"    2","H,,2","  -22","H,,2","  -11","H,,2"
"AYM00089574","2025-11-22","-69.383","76.383","64.0","PROGRESS, AY","    0","B,,2",,,"   -2","H,,2","  -31","H,,2","  -16","H,,2"
"AYM00089574","2025-11-23","-69.383","76.383","64.0","PROGRESS, AY","    1","B,,2",,,"    9","H,,2","  -30","H,,2","  -11","H,,2"
"AYM00089574","2025-11-24","-69.383","76.383","64.0","PROGRESS, AY","   20","B,,2",,,"   45","H,,2","   17","H,,2","   25","H,,2"
"AYM00089574","2025-11-25","-69.383","76.383","64.0","PROGRESS, AY","   36","B,,2",,,"   13","H,,2","    1","H,,2","    7","H,,2"
"AYM00089574","2025-11-26","-69.383","76.383","64.0","PROGRESS, AY","   16","B,,2",,,"   24","H,,2","    1","H,,2","    8","H,,2"
"AYM00089574","2025-11-27","-69.383","76.383","64.0","PROGRESS, AY","   30","B,,2",,,"   50","H,,2","    6","H,,2","   22","H,,2"
"AYM00089574","2025-11-28","-69.383","76.383","64.0","PROGRESS, AY","    0","B,,2",,,"    5","H,,2","  -22","H,,2","   -6","H,,2"
"AYM00089574","2025-11-29","-69.383","76.383","64.0","PROGRESS, AY","    0","B,,2",,,"   23","H,,2","  -15","H,,2","    2","H,,2"
"AYM00089574","2025-11-30","-69.383","76.383","64.0","PROGRESS, AY","    0","B,,2",,,"   15","H,,2","  -16","H,,2","    1","H,,2"
"AYM00089574","2025-12-01","-69.383","76.383","64.0","PROGRESS, AY","    0","B,,2",,,"   12","H,,2","  -15","H,,2","   -1","H,,2"
"AYM00089574","2025-12-02","-69.383","76.383","64.0","PROGRESS, AY","    0","B,,2",,,"    8","H,,2","  -28","H,,2","   -5","H,,2"
"AYM00089574","2025-12-03","-69.383","76.383","64.0","PROGRESS, AY","    0","B,,2",,,"    8","H,,2","  -17","H,,2","   -4","H,,2"
"AYM00089574","2025-12-06","-69.383","76.383","64.0","PROGRESS, AY","    0","B,,2",,,"   29","H,,2","  -14","H,,2","   12","H,,2"
"AYM00089574","2025-12-07","-69.383","76.383","64.0","PROGRESS, AY","    0","B,,2",,,"   43","H,,2","    8","H,,2","   21","H,,2"
"AYM00089574","2025-12-08","-69.383","76.383","64.0","PROGRESS, AY","    0","B,,2",,,"   15","H,,2","  -16","H,,2","   -1","H,,2"
"AYM00089574","2025-12-09","-69.383","76.383","64.0","PROGRESS, AY","    0","B,,2",,,"   19","H,,2","  -34","H,,2","   -5","H,,2"
"AYM00089574","2025-12-10","-69.383","76.383","64.0","PROGRESS, AY","    0","B,,2",,,"   17","H,,2","  -35","H,,2","   -3","H,,2"
"AYM00089574","2025-12-11","-69.383","76.383","64.0","PROGRESS, AY","    0","B,,2",,,"    4","H,,2","  -45","H,,2","  -14","H,,2"
"AYM00089574","2025-12-12","-69.383","76.383","64.0","PROGRESS, AY","    0","B,,2",,,"    0","H,,2","  -45","H,,2","  -23","H,,2"
"AYM00089574","2025-12-13","-69.383","76.383","64.0","PROGRESS, AY","    0","B,,2",,,"  -10","H,,2","  -51","H,,2","  -30","H,,2"
"AYM00089574","2025-12-14","-69.383","76.383","64.0","PROGRESS, AY","    0","B,,2",,,"   -6","H,,2","  -29","H,,2","  -14","H,,2"
"AYM00089574","2025-12-15","-69.383","76.383","64.0","PROGRESS, AY","    4","B,,2",,,"   21","H,,2","   -9","H,,2","    6","H,,2"
"AYM00089574","2025-12-16","-69.383","76.383","64.0","PROGRESS, AY","    0","B,,2",,,"   14","H,,2","  -11","H,,2","    2","H,,2"
"AYM00089574","2025-12-17","-69.383","76.383","64.0","PROGRESS, AY","    0","B,,2",,,"    2","H,,2","  -31","H,,2","  -11","H,,2"
"AYM00089574","2025-12-18","-69.383","76.383","64.0","PROGRESS, AY","    0","B,,2",,,"   10","H,,2","  -25","H,,2","   -5","H,,2"
"AYM00089574","2025-12-19","-69.383","76.383","64.0","PROGRESS, AY","    7","B,,2",,,"   17","H,,2","    2","H,,2","   10","H,,2"
"AYM00089574","2025-12-20","-69.383","76.383","64.0","PROGRESS, AY","    0","B,,2",,,"   21","H,,2","  -20","H,,2","    6","H,,2"
"AYM00089574","2025-12-21","-69.383","76.383","64.0","PROGRESS, AY","    0","B,,2",,,"   14","H,,2","  -16","H,,2","   -2","H,,2"
"AYM00089574","2025-12-22","-69.383","76.383","64.0","PROGRESS, AY","    0","B,,2",,,"   28","H,,2","  -25","H,,2","    2","H,,2"
"AYM00089574","2025-12-23","-69.383","76.383","64.0","PROGRESS, AY","    0","B,,2",,,"   18","H,,2","   -8","H,,2","    5","H,,2"
"AYM00089574","2025-12-24","-69.383","76.383","64.0","PROGRESS, AY","    0","B,,2",,,"   22","H,,2","  -26","H,,2","    2","H,,2"
"AYM00089574","2025-12-25","-69.383","76.383","64.0","PROGRESS, AY","    0","B,,2",,,"   30","H,,2","  -30","H,,2","   -4","H,,2"
"AYM00089574","2025-12-26","-69.383","76.383","64.0","PROGRESS, AY","    0","B,,2",,,"   33","H,,2","  -15","H,,2","   14","H,,2"
"AYM00089574","2025-12-27","-69.383","76.383","64.0","PROGRESS, AY","    0","B,,2",,,"   30","H,,2","  -14","H,,2","   11","H,,2"
"AYM00089574","2025-12-28","-69.383","76.383","64.0","PROGRESS, AY","    0","B,,2",,,"   39","H,,2","    7","H,,2","   21","H,,2"
"AYM00089574","2025-12-29","-69.383","76.383","64.0","PROGRESS, AY","    0","B,,2",,,"   12","H,,2","  -11","H,,2","    3","H,,2"
"AYM00089574","2025-12-30","-69.383","76.383","64.0","PROGRESS, AY","    0","B,,2",,,"   64","H,,2","   14","H,,2","   39","H,,2"
"AYM00089574","2025-12-31","-69.383","76.383","64.0","PROGRESS, AY","    0","B,,2",,,"   36","H,,2","   -3","H,,2","   15","H,,2"
"AYM00089574","2026-01-01","-69.383","76.383","64.0","PROGRESS, AY","    0","B,,2",,,"   48","H,,2","   15","H,,2","   33","H,,2"
"AYM00089574","2026-01-02","-69.383","76.383","64.0","PROGRESS, AY","    0","B,,2",,,"   51","H,,2","   29","H,,2","   40","H,,2"
"AYM00089574","2026-01-03","-69.383","76.383","64.0","PROGRESS, AY","    0","B,,2",,,"   49","H,,2","   -5","H,,2","   26","H,,2"
"AYM00089574","2026-01-04","-69.383","76.383","64.0","PROGRESS, AY","    0","B,,2",,,"   52","H,,2","    1","H,,2","   27","H,,2"
"AYM00089574","2026-01-05","-69.383","76.383","64.0","PROGRESS, AY","    0","B,,2",,,"   36","H,,2","    9","H,,2","   19","H,,2"
"AYM00089574","2026-01-06","-69.383","76.383","64.0","PROGRESS, AY","    0","B,,2",,,"   26","H,,2","  -19","H,,2","    7","H,,2"
"AYM00089574","2026-01-07","-69.383","76.383","64.0","PROGRESS, AY","    0","B,,2",,,"   24","H,,2","   -7","H,,2","   11","H,,2"
"AYM00089574","2026-01-08","-69.383","76.383","64.0","PROGRESS, AY","    0","B,,2",,,"   23","H,,2","  -18","H,,2","    3","H,,2"
"AYM00089574","2026-01-09","-69.383","76.383","64.0","PROGRESS, AY","   50","B,,2",,,"   22","H,,2","   -4","H,,2","   10","H,,2"
"AYM00089574","2026-01-10","-69.383","76.383","64.0","PROGRESS, AY","   50","B,,2",,,"   16","H,,2","    5","H,,2","   10","H,,2"
"AYM00089574","2026-01-11","-69.383","76.383","64.0","PROGRESS, AY","   18","B,,2",,,"   13","H,,2","    1","H,,2","    7","H,,2"
"AYM00089574","2026-01-12","-69.383","76.383","64.0","PROGRESS, AY","    0","B,,2",,,"   26","H,,2","  -21","H,,2","    9","H,,2"
"AYM00089574","2026-01-13","-69.383","76.383","64.0","PROGRESS, AY","    0","B,,2",,,"    6","H,,2","  -17","H,,2","   -4","H,,2"
"AYM00089574","2026-01-14","-69.383","76.383","64.0","PROGRESS, AY","    0","B,,2",,,"    3","H,,2","  -18","H,,2","   -7","H,,2"
"AYM00089574","2026-01-15","-69.383","76.383","64.0","PROGRESS, AY","    0","B,,2",,,"   11","H,,2","  -14","H,,2","    2","H,,2"
"AYM00089574","2026-01-16","-69.383","76.383","64.0","PROGRESS, AY","   10","B,,2",,,"   27","H,,2","  -21","H,,2","    6","H,,2"
"AYM00089574","2026-01-17","-69.383","76.383","64.0","PROGRESS, AY","    0","B,,2",,,"    3","H,,2","  -43","H,,2","  -25","H,,2"
"AYM00089574","2026-01-18","-69.383","76.383","64.0","PROGRESS, AY","   10","B,,2",,,"   -9","H,,2","  -32","H,,2","  -22","H,,2"
"AYM00089574","2026-01-19","-69.383","76.383","64.0","PROGRESS, AY","    0","B,,2",,,"   43","H,,2","  -19","H,,2","   21","H,,2"
"AYM00089574","2026-01-20","-69.383","76.383","64.0","PROGRESS, AY","    0","B,,2",,,"   36","H,,2","    4","H,,2","   18","H,,2"
"AYM00089574","2026-01-21","-69.383","76.383","64.0","PROGRESS, AY","    0","B,,2",,,"   45","H,,2","    4","H,,2","   28","H,,2"
"AYM00089574","2026-01-22","-69.383","76.383","64.0","PROGRESS, AY","    0","B,,2",,,"   33","H,,2","    8","H,,2","   19","H,,2"
"AYM00089574","2026-01-23","-69.383","76.383","64.0","PROGRESS, AY","    0","B,,2",,,"   30","H,,2","  -30","H,,2","    9","H,,2"
"AYM00089574","2026-01-24","-69.383","76.383","64.0","PROGRESS, AY","    0","B,,2",,,"   10","H,,2","  -13","H,,2","    0","H,,2"
"AYM00089574","2026-01-25","-69.383","76.383","64.0","PROGRESS, AY","    0","B,,2",,,"   29","H,,2","   15","H,,2","   22","H,,2"
"AYM00089574","2026-01-26","-69.383","76.383","64.0","PROGRESS, AY","   40","B,,2",,,"   17","H,,2","    1","H,,2","    9","H,,2"
"AYM00089574","2026-01-27","-69.383","76.383","64.0","PROGRESS, AY","    0","B,,2",,,"   36","H,,2","   -1","H,,2","   20","H,,2"
"AYM00089574","2026-01-28","-69.383","76.383","64.0","PROGRESS, AY","    0","B,,2",,,"   -4","H,,2","  -11","H,,2","   -8","H,,2"
"AYM00089574","2026-01-29","-69.383","76.383","64.0","PROGRESS, AY","    4","B,,2",,,"   22","H,,2","   -3","H,,2","    9","H,,2"
"AYM00089574","2026-01-30","-69.383","76.383","64.0","PROGRESS, AY","   10","B,,2",,,"   27","H,,2","    1","H,,2","   14","H,,2"
"AYM00089574","2026-01-31","-69.383","76.383","64.0","PROGRESS, AY","    0","B,,2",,,"   10","H,,2","  -15","H,,2","    2","H,,2"
"AYM00089574","2026-02-01","-69.383","76.383","64.0","PROGRESS, AY","    0","B,,2",,,"   -1","H,,2","  -44","H,,2","  -22","H,,2"
"AYM00089574","2026-02-02","-69.383","76.383","64.0","PROGRESS, AY","    0","B,,2",,,"  -18","H,,2","  -50","H,,2","  -32","H,,2"
"AYM00089574","2026-02-03","-69.383","76.383","64.0","PROGRESS, AY","    0","B,,2",,,"  -37","H,,2","  -43","H,,2","  -41","H,,2"
"AYM00089574","2026-02-04","-69.383","76.383","64.0","PROGRESS, AY","    0","B,,2",,,"  -25","H,,2","  -45","H,,2","  -32","H,,2"
"AYM00089574","2026-02-05","-69.383","76.383","64.0","PROGRESS, AY","   40","B,,2",,,"    1","H,,2","  -42","H,,2","  -17","H,,2"
"AYM00089574","2026-02-06","-69.383","76.383","64.0","PROGRESS, AY","   20","B,,2",,,"   -2","H,,2","  -34","H,,2","  -12","H,,2"
"AYM00089574","2026-02-07","-69.383","76.383","64.0","PROGRESS, AY","    0","B,,2",,,"  -29","H,,2","  -57","H,,2","  -42","H,,2"
"AYM00089574","2026-02-08","-69.383","76.383","64.0","PROGRESS, AY","   15","B,,2",,,"  -47","H,,2","  -61","H,,2","  -56","H,,2"
"AYM00089574","2026-02-09","-69.383","76.383","64.0","PROGRESS, AY","    3","B,,2",,,"  -28","H,,2","  -59","H,,2","  -45","H,,2"
"AYM00089574","2026-02-10","-69.383","76.383","64.0","PROGRESS, AY","   20","B,,2",,,"  -18","H,,2","  -36","H,,2","  -27","H,,2"
"AYM00089574","2026-02-11","-69.383","76.383","64.0","PROGRESS, AY","   20","B,,2",,,"    9","H,,2","   -8","H,,2","    0","H,,2"
"AYM00089574","2026-02-12","-69.383","76.383","64.0","PROGRESS, AY","    0","B,,2",,,"   -4","H,,2","  -43","H,,2","  -21","H,,2"
"AYM00089574","2026-02-13","-69.383","76.383","64.0","PROGRESS, AY","    0","B,,2",,,"  -30","H,,2","  -70","H,,2","  -51","H,,2"
"AYM00089574","2026-02-14","-69.383","76.383","64.0","PROGRESS, AY","    0","B,,2",,,"  -52","H,,2","  -91","H,,2","  -73","H,,2"
"AYM00089574","2026-02-15","-69.383","76.383","64.0","PROGRESS, AY",,,,,"  -60","H,,2","  -88","H,,2","  -67","H,,2"
"AYM00089574","2026-02-16","-69.383","76.383","64.0","PROGRESS, AY",,,,,"  -39","H,,2","  -76","H,,2","  -54","H,,2"
"AYM00089574","2026-02-17","-69.383","76.383","64.0","PROGRESS, AY","   30","B,,2",,,"  -33","H,,2","  -86","H,,2","  -54","H,,2"
"AYM00089574","2026-02-18","-69.383","76.383","64.0","PROGRESS, AY","    0","B,,2",,,"  -16","H,,2","  -54","H,,2","  -33","H,,2"
"AYM00089574","2026-02-19","-69.383","76.383","64.0","PROGRESS, AY","    0","B,,2",,,,,,,,
"AYM00089574","2026-02-20","-69.383","76.383","64.0","PROGRESS, AY","    0","B,,2",,,"  -24","H,,2","  -67","H,,2","  -43","H,,2"
"AYM00089574","2026-02-21","-69.383","76.383","64.0","PROGRESS, AY","    5","B,,2",,,"  -52","H,,2","  -85","H,,2","  -68","H,,2"
"AYM00089574","2026-02-22","-69.383","76.383","64.0","PROGRESS, AY","    8","B,,2",,,"  -20","H,,2","  -71","H,,2","  -41","H,,2"
"AYM00089574","2026-02-23","-69.383","76.383","64.0","PROGRESS, AY","    0","B,,2",,,"  -26","H,,2","  -49","H,,2","  -34","H,,2"
"AYM00089574","2026-02-24","-69.383","76.383","64.0","PROGRESS, AY","    0","B,,2",,,,,,,,
"AYM00089574","2026-02-25","-69.383","76.383","64.0","PROGRESS, AY","    0","B,,2",,,"   -4","H,,2","  -45","H,,2","  -20","H,,2"
"AYM00089574","2026-02-26","-69.383","76.383","64.0","PROGRESS, AY","    0","B,,2",,,"   -8","H,,2","  -25","H,,2","  -15","H,,2"
"AYM00089574","2026-02-27","-69.383","76.383","64.0","PROGRESS, AY","    0","B,,2",,,"   -7","H,,2","  -39","H,,2","  -22","H,,2"
"AYM00089574","2026-02-28","-69.383","76.383","64.0","PROGRESS, AY","    0","B,,2",,,"  -21","H,,2","  -45","H,,2","  -37","H,,2"
"AYM00089574","2026-03-01","-69.383","76.383","64.0","PROGRESS, AY","    0","B,,2",,,"    3","H,,2","  -40","H,,2","  -14","H,,2"
"AYM00089574","2026-03-02","-69.383","76.383","64.0","PROGRESS, AY","    8","B,,2",,,"   -2","H,,2","  -16","H,I,2","   -8","H,,2"
"AYM00089574","2026-03-03","-69.383","76.383","64.0","PROGRESS, AY","    0","B,,2",,,"  -29","H,I,2","  -44","H,,2","  -36","H,,2"
"AYM00089574","2026-03-04","-69.383","76.383","64.0","PROGRESS, AY","    2","B,,2",,,,,,,,
"AYM00089574","2026-03-05","-69.383","76.383","64.0","PROGRESS, AY","    0","B,,2",,,"   -9","H,,2","  -43","H,,2","  -27","H,,2"
"AYM00089574","2026-03-06","-69.383","76.383","64.0","PROGRESS, AY","    0","B,,2",,,"  -11","H,,2","  -48","H,,2","  -31","H,,2"
"AYM00089574","2026-03-07","-69.383","76.383","64.0","PROGRESS, AY","    0","B,,2",,,"  -39","H,,2","  -55","H,,2","  -46","H,,2"
"AYM00089574","2026-03-08","-69.383","76.383","64.0","PROGRESS, AY","    0","B,,2",,,"  -40","H,,2","  -65","H,,2","  -50","H,,2"
"AYM00089574","2026-03-09","-69.383","76.383","64.0","PROGRESS, AY","   30","B,,2",,,"  -36","H,,2","  -63","H,,2","  -44","H,,2"
"AYM00089574","2026-03-10","-69.383","76.383","64.0","PROGRESS, AY","   50","B,,2",,,"  -42","H,I,2","  -60","H,,2","  -51","H,,2"
"AYM00089574","2026-03-11","-69.383","76.383","64.0","PROGRESS, AY","   40","B,,2",,,"    5","H,,2","  -21","H,I,2","   -6","H,,2"
"AYM00089574","2026-03-12","-69.383","76.383","64.0","PROGRESS, AY","    0","B,,2",,,"  -12","H,,2","  -52","H,,2","  -25","H,,2"
"AYM00089574","2026-03-13","-69.383","76.383","64.0","PROGRESS, AY","    0","B,,2",,,"  -40","H,,2","  -70","H,,2","  -50","H,,2"
"AYM00089574","2026-03-14","-69.383","76.383","64.0","PROGRESS, AY","    0","B,,2",,,,,,,,
"AYM00089574","2026-03-15","-69.383","76.383","64.0","PROGRESS, AY","    0","B,,2",,,"  -86","H,,2"," -104","H,,2","  -92","H,,2"
"AYM00089574","2026-03-16","-69.383","76.383","64.0","PROGRESS, AY","   50","B,,2",,,"  -56","H,,2"," -119","H,,2","  -90","H,,2"
"AYM00089574","2026-03-17","-69.383","76.383","64.0","PROGRESS, AY","   15","B,,2",,,"  -51","H,,2"," -104","H,,2","  -67","H,,2"
"AYM00089574","2026-03-18","-69.383","76.383","64.0","PROGRESS, AY","    3","B,,2",,,"  -63","H,,2","  -73","H,,2","  -68","H,,2"
"AYM00089574","2026-03-19","-69.383","76.383","64.0","PROGRESS, AY","    0","B,,2",,,"  -63","H,,2"," -100","H,,2","  -78","H,,2"
"AYM00089574","2026-03-20","-69.383","76.383","64.0","PROGRESS, AY","    0","B,,2",,," -109","H,,2"," -218","H,,2"," -148","H,,2"
"AYM00089574","2026-03-21","-69.383","76.383","64.0","PROGRESS, AY","   10","B,,2",,," -157","H,,2"," -215","H,,2"," -180","H,,2"
"AYM00089574","2026-03-22","-69.383","76.383","64.0","PROGRESS, AY","   20","B,,2",,," -145","H,I,2"," -174","H,,2"," -155","H,,2"
"AYM00089574","2026-03-23","-69.383","76.383","64.0","PROGRESS, AY","   35","B,,2",,,"  -39","H,,2"," -134","H,I,2","  -67","H,,2"
"AYM00089574","2026-03-24","-69.383","76.383","64.0","PROGRESS, AY","   25","B,,2",,,"  -49","H,,2","  -55","H,,2","  -51","H,,2"
"AYM00089574","2026-03-25","-69.383","76.383","64.0","PROGRESS, AY","   40","B,,2",,,"  -60","H,,2","  -89","H,,2","  -71","H,,2"
"AYM00089574","2026-03-26","-69.383","76.383","64.0","PROGRESS, AY","    5","B,,2",,,,,,,,
"AYM00089574","2026-04-02","-69.383","76.383","64.0","PROGRESS, AY",,,,,"  -95","H,,2"," -161","H,,2"," -131","H,,2"
"AYM00089574","2026-04-03","-69.383","76.383","64.0","PROGRESS, AY",,,,," -100","H,,2"," -117","H,,2"," -106","H,,2"
"AYM00089574","2026-04-04","-69.383","76.383","64.0","PROGRESS, AY",,,,,"  -87","H,,2","  -97","H,I,2","  -91","H,,2"
"AYM00089574","2026-04-05","-69.383","76.383","64.0","PROGRESS, AY",,,,," -118","H,I,2"," -129","H,,2"," -122","H,,2"
"AYM00089574","2026-04-06","-69.383","76.383","64.0","PROGRESS, AY",,,,," -115","H,,2"," -127","H,,2"," -121","H,,2"
"AYM00089574","2026-04-07","-69.383","76.383","64.0","PROGRESS, AY",,,,," -119","H,I,2"," -132","H,,2"," -126","H,,2"
"AYM00089574","2026-04-08","-69.383","76.383","64.0","PROGRESS, AY",,,,,"  -51","H,,2"," -108","H,I,2","  -74","H,,2"
"AYM00089574","2026-04-09","-69.383","76.383","64.0","PROGRESS, AY",,,,,"  -13","H,,2","  -41","H,,2","  -26","H,,2"
"AYM00089574","2026-04-10","-69.383","76.383","64.0","PROGRESS, AY",,,,,"   -2","H,,2","  -12","H,,2","   -6","H,,2"
"AYM00089574","2026-04-11","-69.383","76.383","64.0","PROGRESS, AY",,,,,"   -5","H,,2","  -40","H,I,2","  -20","H,,2"
"AYM00089574","2026-04-12","-69.383","76.383","64.0","PROGRESS, AY",,,,,"  -69","H,I,2","  -78","H,,2","  -74","H,,2"
"AYM00089574","2026-04-13","-69.383","76.383","64.0","PROGRESS, AY",,,,,"  -86","H,,2"," -100","H,,2","  -95","H,,2"
"AYM00089574","2026-04-14","-69.383","76.383","64.0","PROGRESS, AY",,,,,"  -49","H,,2"," -109","H,,2","  -74","H,,2"
"AYM00089574","2026-04-15","-69.383","76.383","64.0","PROGRESS, AY",,,,,"  -61","H,,2"," -111","H,,2","  -86","H,,2"
"AYM00089574","2026-04-16","-69.383","76.383","64.0","PROGRESS, AY",,,,,"  -82","H,I,2"," -107","H,,2","  -98","H,,2"
"AYM00089574","2026-04-17","-69.383","76.383","64.0","PROGRESS, AY",,,,,"  -52","H,,2","  -65","H,I,2","  -59","H,,2"
"AYM00089574","2026-04-18","-69.383","76.383","64.0","PROGRESS, AY",,,,,"  -74","H,,2"," -110","H,,2","  -93","H,,2"
"AYM00089574","2026-04-19","-69.383","76.383","64.0","PROGRESS, AY",,,,," -101","H,,2"," -130","H,,2"," -116","H,,2"
"AYM00089574","2026-04-20","-69.383","76.383","64.0","PROGRESS, AY",,,,,"  -90","H,,2"," -113","H,,2"," -102","H,,2"
"AYM00089574","2026-04-21","-69.383","76.383","64.0","PROGRESS, AY",,,,,"  -74","H,,2"," -134","H,,2"," -110","H,,2"
"AYM00089574","2026-04-22","-69.383","76.383","64.0","PROGRESS, AY",,,,,"  -58","H,,2","  -84","H,,2","  -75","H,,2"
"AYM00089574","2026-04-23","-69.383","76.383","64.0","PROGRESS, AY",,,,,"  -90","H,,2"," -118","H,,2"," -104","H,,2"
"AYM00089574","2026-04-24","-69.383","76.383","64.0","PROGRESS, AY",,,,," -108","H,,2"," -121","H,,2"," -113","H,,2"
"AYM00089574","2026-04-25","-69.383","76.383","64.0","PROGRESS, AY",,,,," -123","H,,2"," -132","H,,2"," -127","H,,2"
"AYM00089574","2026-04-26","-69.383","76.383","64.0","PROGRESS, AY",,,,," -123","H,,2"," -158","H,,2"," -143","H,,2"
"AYM00089574","2026-04-27","-69.383","76.383","64.0","PROGRESS, AY",,,,," -153","H,,2"," -170","H,I,2"," -161","H,,2"
"AYM00089574","2026-04-28","-69.383","76.383","64.0","PROGRESS, AY",,,,," -211","H,I,2"," -229","H,,2"," -225","H,,2"
"AYM00089574","2026-04-29","-69.383","76.383","64.0","PROGRESS, AY",,,,," -212","H,I,2"," -253","H,,2"," -224","H,,2"
"AYM00089574","2026-04-30","-69.383","76.383","64.0","PROGRESS, AY",,,,," -112","H,,2"," -199","H,I,2"," -152","H,,2"
"AYM00089574","2026-05-01","-69.383","76.383","64.0","PROGRESS, AY",,,,," -115","H,,2"," -152","H,,2"," -133","H,,2"
"AYM00089574","2026-05-02","-69.383","76.383","64.0","PROGRESS, AY",,,,,"  -74","H,,2"," -117","H,,2","  -89","H,,2"
"AYM00089574","2026-05-04","-69.383","76.383","64.0","PROGRESS, AY",,,,," -121","H,,2"," -148","H,I,2"," -137","H,,2"
"AYM00089574","2026-05-05","-69.383","76.383","64.0","PROGRESS, AY",,,,," -159","H,I,2"," -176","H,,2"," -164","H,,2"
"AYM00089574","2026-05-06","-69.383","76.383","64.0","PROGRESS, AY",,,,," -166","H,,2"," -193","H,,2"," -182","H,,2"
"AYM00089574","2026-05-07","-69.383","76.383","64.0","PROGRESS, AY",,,,," -114","H,I,2"," -189","H,,2"," -163","H,,2"
"AYM00089574","2026-05-08","-69.383","76.383","64.0","PROGRESS, AY",,,,,"  -71","H,,2","  -97","H,I,2","  -84","H,,2"
"AYM00089574","2026-05-09","-69.383","76.383","64.0","PROGRESS, AY",,,,," -105","H,,2"," -153","H,,2"," -125","H,,2"
"AYM00089574","2026-05-10","-69.383","76.383","64.0","PROGRESS, AY",,,,," -119","H,,2"," -129","H,,2"," -123","H,,2"
"AYM00089574","2026-05-12","-69.383","76.383","64.0","PROGRESS, AY",,,,," -166","H,,2"," -190","H,,2"," -175","H,,2"
"AYM00089574","2026-05-14","-69.383","76.383","64.0","PROGRESS, AY",,,,,"  -96","H,,2"," -131","H,,2"," -111","H,,2"
"AYM00089574","2026-05-15","-69.383","76.383","64.0","PROGRESS, AY",,,,,"  -89","H,,2"," -115","H,,2"," -101","H,,2"
"AYM00089574","2026-05-16","-69.383","76.383","64.0","PROGRESS, AY",,,,," -111","H,,2"," -141","H,I,2"," -132","H,,2"
"AYM00089574","2026-05-17","-69.383","76.383","64.0","PROGRESS, AY",,,,," -152","H,I,2"," -168","H,,2"," -162","H,,2"
"AYM00089574","2026-05-18","-69.383","76.383","64.0","PROGRESS, AY",,,,," -173","H,,2"," -203","H,,2"," -185","H,,2"
"AYM00089574","2026-05-19","-69.383","76.383","64.0","PROGRESS, AY",,,,," -207","H,,2"," -213","H,,2"," -209","H,,2"
"AYM00089574","2026-05-20","-69.383","76.383","64.0","PROGRESS, AY",,,,," -165","H,I,2"," -198","H,,2"," -182","H,,2"
"AYM00089574","2026-05-21","-69.383","76.383","64.0","PROGRESS, AY",,,,,"  -80","H,,2"," -147","H,I,2"," -112","H,,2"
"AYM00089574","2026-05-22","-69.383","76.383","64.0","PROGRESS, AY",,,,,"  -86","H,,2"," -108","H,,2"," -101","H,,2"
"AYM00089574","2026-05-23","-69.383","76.383","64.0","PROGRESS, AY",,,,," -113","H,,2"," -159","H,I,2"," -138","H,,2"
"AYM00089574","2026-05-24","-69.383","76.383","64.0","PROGRESS, AY",,,,," -187","H,I,2"," -242","H,,2"," -219","H,,2"
"AYM00089574","2026-05-25","-69.383","76.383","64.0","PROGRESS, AY",,,,," -228","H,,2"," -250","H,,2"," -241","H,,2"
"AYM00089574","2026-05-26","-69.383","76.383","64.0","PROGRESS, AY",,,,," -219","H,,2"," -290","H,,2"," -262","H,,2"
"AYM00089574","2026-05-27","-69.383","76.383","64.0","PROGRESS, AY",,,,," -265","H,,2"," -310","H,,2"," -292","H,,2"
"AYM00089574","2026-05-28","-69.383","76.383","64.0","PROGRESS, AY",,,,," -230","H,,2"," -327","H,,2"," -287","H,,2"
"AYM00089574","2026-05-29","-69.383","76.383","64.0","PROGRESS, AY",,,,," -130","H,,2"," -223","H,,2"," -164","H,,2"
"AYM00089574","2026-05-30","-69.383","76.383","64.0","PROGRESS, AY",,,,," -151","H,,2"," -202","H,,2"," -172","H,,2"
"AYM00089574","2026-05-31","-69.383","76.383","64.0","PROGRESS, AY",,,,," -137","H,,2"," -218","H,,2"," -182","H,,2"
"AYM00089574","2026-06-01","-69.383","76.383","64.0","PROGRESS, AY",,,,," -133","H,I,2"," -158","H,,2"," -147","H,,2"
"AYM00089574","2026-06-02","-69.383","76.383","64.0","PROGRESS, AY",,,,,"  -94","H,,2"," -114","H,I,2"," -103","H,,2"
"AYM00089574","2026-06-03","-69.383","76.383","64.0","PROGRESS, AY",,,,,"  -95","H,,2"," -150","H,,2"," -123","H,,2"
"AYM00089574","2026-06-04","-69.383","76.383","64.0","PROGRESS, AY",,,,," -144","H,,2"," -167","H,,2"," -155","H,,2"
"AYM00089574","2026-06-05","-69.383","76.383","64.0","PROGRESS, AY",,,,," -171","H,,2"," -244","H,,2"," -216","H,,2"
"AYM00089574","2026-06-06","-69.383","76.383","64.0","PROGRESS, AY",,,,," -191","H,,2"," -224","H,,2"," -211","H,,2"
"AYM00089574","2026-06-07","-69.383","76.383","64.0","PROGRESS, AY",,,,," -195","H,,2"," -216","H,,2"," -205","H,,2"
"AYM00089574","2026-06-08","-69.383","76.383","64.0","PROGRESS, AY",,,,," -180","H,,2"," -225","H,,2"," -207","H,,2"
"AYM00089574","2026-06-09","-69.383","76.383","64.0","PROGRESS, AY",,,,," -167","H,,2"," -270","H,,2"," -230","H,,2"
"AYM00089574","2026-06-10","-69.383","76.383","64.0","PROGRESS, AY",,,,," -131","H,I,2"," -278","H,,2"," -205","H,,2"
"AYM00089574","2026-06-11","-69.383","76.383","64.0","PROGRESS, AY",,,,,"  -84","H,,2"," -102","H,I,2","  -92","H,,2"
"AYM00089574","2026-06-12","-69.383","76.383","64.0","PROGRESS, AY",,,,," -104","H,,2"," -131","H,,2"," -122","H,,2"
"AYM00089574","2026-06-13","-69.383","76.383","64.0","PROGRESS, AY",,,,," -120","H,,2"," -142","H,,2"," -133","H,,2"
"AYM00089574","2026-06-14","-69.383","76.383","64.0","PROGRESS, AY",,,,," -116","H,I,2"," -134","H,,2"," -127","H,,2"
"AYM00089574","2026-06-15","-69.383","76.383","64.0","PROGRESS, AY",,,,,"  -64","H,,2","  -89","H,I,2","  -77","H,,2"
"AYM00089574","2026-06-16","-69.383","76.383","64.0","PROGRESS, AY",,,,,"  -52","H,,2"," -128","H,,2","  -89","H,,2"
"AYM00089574","2026-06-17","-69.383","76.383","64.0","PROGRESS, AY",,,,," -102","H,,2"," -124","H,,2"," -109","H,,2"
"AYM00089574","2026-06-18","-69.383","76.383","64.0","PROGRESS, AY",,,,," -101","H,,2"," -140","H,,2"," -118","H,,2"
"AYM00089574","2026-06-19","-69.383","76.383","64.0","PROGRESS, AY",,,,," -102","H,,2"," -115","H,,2"," -107","H,,2"
"AYM00089574","2026-06-22","-69.383","76.383","64.0","PROGRESS, AY",,,,," -122","H,,2"," -155","H,,2"," -142","H,,2"
"AYM00089574","2026-06-23","-69.383","76.383","64.0","PROGRESS, AY",,,,," -149","H,,2"," -224","H,,2"," -175","H,,2"
"AYM00089574","2026-06-24","-69.383","76.383","64.0","PROGRESS, AY",,,,," -152","H,,2"," -254","H,,2"," -211","H,,2"
"AYM00089574","2026-06-25","-69.383","76.383","64.0","PROGRESS, AY",,,,," -123","H,,2"," -175","H,,2"," -145","H,,2"
"AYM00089574","2026-06-26","-69.383","76.383","64.0","PROGRESS, AY",,,,," -178","H,,2"," -203","H,,2"," -191","H,,2"
"AYM00089574","2026-06-27","-69.383","76.383","64.0","PROGRESS, AY",,,,," -212","H,,2"," -227","H,,2"," -221","H,,2"
"AYM00089574","2026-06-28","-69.383","76.383","64.0","PROGRESS, AY",,,,," -223","H,,2"," -259","H,,2"," -238","H,,2"
"AYM00089574","2026-06-29","-69.383","76.383","64.0","PROGRESS, AY",,,,," -212","H,,2"," -246","H,,2"," -233","H,,2"
