"STATION","DATE","LATITUDE","LONGITUDE","ELEVATION","NAME","PRCP","PRCP_ATTRIBUTES","SNOW","SNOW_ATTRIBUTES","SNWD","SNWD_ATTRIBUTES","TMAX","TMAX_ATTRIBUTES","TMIN","TMIN_ATTRIBUTES","ACMH","ACMH_ATTRIBUTES","ACSH","ACSH_ATTRIBUTES","PGTM","PGTM_ATTRIBUTES","WDFG","WDFG_ATTRIBUTES","WSFG","WSFG_ATTRIBUTES","WT01","WT01_ATTRIBUTES","WT02","WT02_ATTRIBUTES","WT08","WT08_ATTRIBUTES","WT09","WT09_ATTRIBUTES","WT16","WT16_ATTRIBUTES","WT18","WT18_ATTRIBUTES"
"AYW00087701","1957-02-01","-72.29444","170.30833","5.2","ADARE HALLETT, AY","    0","T,,X","    0","T,,X","    0",",,X","  -22",",,X","  -50",",,X",,,,," 1418",",,X","  203","W,,X","  242",",,X",,,,,,,,,,,,
"AYW00087701","1957-02-02","-72.29444","170.30833","5.2","ADARE HALLETT, AY","    0",",,X","    0",",,X","    0",",,X","   11",",,X","  -56",",,X",,,,," 0224",",,X","  225","W,,X","  185",",,X",,,,,,,,,,,,
"AYW00087701","1957-02-03","-72.29444","170.30833","5.2","ADARE HALLETT, AY","    0",",,X","    0",",,X","    0",",,X","    0",",,X","  -50",",,X",,,,," 1248",",,X","  225","W,,X","  113",",,X",,,,,,,,,,,,
"AYW00087701","1957-02-04","-72.29444","170.30833","5.2","ADARE HALLETT, AY","    0",",,X","    0",",,X","    0",",,X","    6",",,X","  -61",",,X",,,,," 0000",",,X","  225","W,,X","   93",",,X",,,,,,,,,,,,
"AYW00087701","1957-02-05","-72.29444","170.30833","5.2","ADARE HALLETT, AY","    0",",,X","    0",",,X","    0",",,X","   11",",,X","  -61",",,X",,,,," 0748",",,X","  203","W,,X","  164",",,X",,,,,,,,,,,,
"AYW00087701","1957-02-06","-72.29444","170.30833","5.2","ADARE HALLETT, AY","    8",",,X","    8",",,X","    0",",,X","    0",",,X","  -61",",,X",,,,," 1948",",,X","  203","W,,X","   67",",,X",,,,,,,,,,,,
"AYW00087701","1957-02-07","-72.29444","170.30833","5.2","ADARE HALLETT, AY","   33",",,X","   33",",,X","   25",",,X","  -22",",,X","  -33",",,X",,,,," 2036",",,X","  225","W,,X","  134",",,X",,,,,,,,,,,,
"AYW00087701","1957-02-08","-72.29444","170.30833","5.2","ADARE HALLETT, AY","    0","T,,X","    0","T,,X","    0","T,,X","    6",",,X","  -44",",,X",,,,," 0548",",,X","  180","W,,X","  164",",,X",,,,,,,,,,,,
"AYW00087701","1957-02-09","-72.29444","170.30833","5.2","ADARE HALLETT, AY","    0",",,X","    0",",,X","    0",",,X","  -11",",,X","  -56",",,X",,,,," 1518",",,X","  225","W,,X","  149",",,X",,,,,,,,,,,,
"AYW00087701","1957-02-10","-72.29444","170.30833","5.2","ADARE HALLETT, AY","    0",",,X","    0",",,X","    0",",,X","    6",",,X","  -56",",,X",,,,," 0400",",,X","  225","W,,X","  134",",,X",,,,,,,,,,,,
"AYW00087701","1957-02-11","-72.29444","170.30833","5.2","ADARE HALLETT, AY","    0",",,X","    0",",,X","    0",",,X","   -6",",,X","  -72",",,X",,,,," 2324",",,X","  225","W,,X","   62",",,X",,,,,,,,,,,,
"AYW00087701","1957-02-12","-72.29444","170.30833","5.2","ADARE HALLETT, AY","    0",",,X","    0",",,X","    0",",,X","   -6",",,X","  -72",",,X",,,,," 1642",",,X","  135","W,,X","  134",",,X",,,,,,,,,,,,
"AYW00087701","1957-02-13","-72.29444","170.30833","5.2","ADARE HALLETT, AY","    0",",,X","    0",",,X","    0",",,X","  -28",",,X","  -44",",,X",,,,," 1106",",,X","  225","W,,X","  159",",,X",,,,,,,,,,,,
"AYW00087701","1957-02-14","-72.29444","170.30833","5.2","ADARE HALLETT, AY","    0",",,X","    0",",,X","    0",",,X","    0",",,X","  -67",",,X",,,,," 0336",",,X","  225","W,,X","   72",",,X",,,,,,,,,,,,
"AYW00087701","1957-02-15","-72.29444","170.30833","5.2","ADARE HALLETT, AY","    8",",,X","    8",",,X","   25",",,X","  -11",",,X","  -67",",,X",,,,," 1624",",,X","  135","W,,X","   82",",,X",,,,,,,,,,,,
"AYW00087701","1957-02-16","-72.29444","170.30833","5.2","ADARE HALLETT, AY","    0","T,,X","    0","T,,X","    0",",,X","   -6",",,X","  -50",",,X",,,,," 1612",",,X","  225","W,,X","   82",",,X",,,,,,,,,,,,
"AYW00087701","1957-02-17","-72.29444","170.30833","5.2","ADARE HALLETT, AY","    0",",,X","    0",",,X","    0",",,X","   -6",",,X","  -56",",,X",,,,," 0236",",,X","  225","W,,X","  149",",,X",,,,,,,,,,,,
"AYW00087701","1957-02-18","-72.29444","170.30833","5.2","ADARE HALLETT, AY","    5",",,X","    5",",,X","    0","T,,X","  -44",",,X","  -56",",,X",,,,," 2324",",,X","  203","W,,X","  190",",,X",,,,,,,,,,,,
"AYW00087701","1957-02-19","-72.29444","170.30833","5.2","ADARE HALLETT, AY","    0",",,X","    0",",,X","    0",",,X","  -28",",,X","  -56",",,X",,,,," 2254",",,X","  225","W,,X","  195",",,X",,,,,,,,,,,,
"AYW00087701","1957-02-20","-72.29444","170.30833","5.2","ADARE HALLETT, AY","    0",",,X","    0",",,X","    0",",,X","  -28",",,X","  -61",",,X",,,,," 0306",",,X","  180","W,,X","  180",",,X",,,,,,,,,,,,
"AYW00087701","1957-02-21","-72.29444","170.30833","5.2","ADARE HALLETT, AY","   10",",,X","   10",",,X","   25",",,X","  -50",",,X","  -78",",,X",,,,," 0736",",,X","  203","W,,X","  170",",,X",,,,,,,,,,,,
"AYW00087701","1957-02-22","-72.29444","170.30833","5.2","ADARE HALLETT, AY","    0",",,X","    0",",,X","    0",",,X","  -39",",,X","  -78",",,X",,,,," 1530",",,X","  225","W,,X","   93",",,X",,,,,,,,,,,,
"AYW00087701","1957-02-23","-72.29444","170.30833","5.2","ADARE HALLETT, AY","    0",",,X","    0",",,X","    0",",,X","  -22",",,X","  -78",",,X",,,,," 0136",",,X","  225","W,,X","   72",",,X",,,,,,,,,,,,
"AYW00087701","1957-02-24","-72.29444","170.30833","5.2","ADARE HALLETT, AY","    0",",,X","    0",",,X","    0",",,X","  -11",",,X","  -89",",,X",,,,," 0530",",,X","  203","W,,X","   72",",,X",,,,,,,,,,,,
"AYW00087701","1957-02-25","-72.29444","170.30833","5.2","ADARE HALLETT, AY","    0",",,X","    0",",,X","    0",",,X","  -11",",,X","  -83",",,X",,,,," 0806",",,X","  225","W,,X","   57",",,X",,,,,,,,,,,,
"AYW00087701","1957-02-26","-72.29444","170.30833","5.2","ADARE HALLETT, AY","    0",",,X","    0",",,X","    0",",,X","  -22",",,X","  -78",",,X",,,,," 0548",",,X","  225","W,,X","   67",",,X",,,,,,,,,,,,
"AYW00087701","1957-02-27","-72.29444","170.30833","5.2","ADARE HALLETT, AY","    0",",,X","    0",",,X","    0",",,X","  -44",",,X","  -78",",,X",,,,," 0054",",,X","  225","W,,X","   67",",,X",,,,,,,,,,,,
"AYW00087701","1957-02-28","-72.29444","170.30833","5.2","ADARE HALLETT, AY","    0","T,,X","    0","T,,X","    0","T,,X","  -50",",,X","  -78",",,X",,,,," 0642",",,X","  225","W,,X","   82",",,X",,,,,,,,,,,,
"AYW00087701","1957-03-01","-72.29444","170.30833","5.2","ADARE HALLETT, AY","    0","T,,X","    0","T,,X","    0","T,,X","  -50",",,X","  -78",",,X",,,,," 0736",",,X","  203","W,,X","  139",",,X",,,,,,,,,,,,
"AYW00087701","1957-03-02","-72.29444","170.30833","5.2","ADARE HALLETT, AY","    0","T,,X","    0","T,,X","    0","T,,X","  -67",",,X","  -83",",,X",,,,," 1548",",,X","  113","W,,X","  139",",,X",,,,,,,,,,,,
"AYW00087701","1957-03-03","-72.29444","170.30833","5.2","ADARE HALLETT, AY","    0","T,,X","    0","T,,X","    0","T,,X","  -78",",,X"," -106",",,X",,,,," 1524",",,X","  203","W,,X","   98",",,X",,,,,,,,,,,,
"AYW00087701","1957-03-04","-72.29444","170.30833","5.2","ADARE HALLETT, AY","    0","T,,X","    0","T,,X","    0","T,,X","  -39",",,X"," -122",",,X",,,,," 1924",",,X","  203","W,,X","  170",",,X",,,,,,,,,,,,
"AYW00087701","1957-03-05","-72.29444","170.30833","5.2","ADARE HALLETT, AY","    0",",,X","    0",",,X","    0",",,X","  -61",",,X"," -128",",,X",,,,," 0900",",,X","  225","W,,X","  185",",,X",,,,,,,,,,,,
"AYW00087701","1957-03-06","-72.29444","170.30833","5.2","ADARE HALLETT, AY","    0",",,X","    0",",,X","    0",",,X","  -67",",,X"," -133",",,X",,,,," 1812",",,X","  203","W,,X","  118",",,X",,,,,,,,,,,,
"AYW00087701","1957-03-07","-72.29444","170.30833","5.2","ADARE HALLETT, AY","    5",",,X","    5",",,X","    0","T,,X","  -78",",,X"," -122",",,X",,,,," 2354",",,X","  225","W,,X","   82",",,X",,,,,,,,,,,,
"AYW00087701","1957-03-08","-72.29444","170.30833","5.2","ADARE HALLETT, AY","    0",",,X","    0",",,X","    0",",,X"," -111",",,X"," -172",",,X",,,,," 1406",",,X","  203","W,,X","  103",",,X",,,,,,,,,,,,
"AYW00087701","1957-03-09","-72.29444","170.30833","5.2","ADARE HALLETT, AY","    0",",,X","    0",",,X","    0",",,X","  -83",",,X"," -178",",,X",,,,," 1318",",,X","  225","W,,X","  103",",,X",,,,,,,,,,,,
"AYW00087701","1957-03-10","-72.29444","170.30833","5.2","ADARE HALLETT, AY","    0",",,X","    0",",,X","    0",",,X","  -50",",,X"," -122",",,X",,,,," 0112",",,X","  225","W,,X","  103",",,X",,,,,,,,,,,,
"AYW00087701","1957-03-11","-72.29444","170.30833","5.2","ADARE HALLETT, AY","    0",",,X","    0",",,X","    0",",,X","  -44",",,X"," -128",",,X",,,,," 0606",",,X","  225","W,,X","  103",",,X",,,,,,,,,,,,
"AYW00087701","1957-03-12","-72.29444","170.30833","5.2","ADARE HALLETT, AY","    8",",,X","    8",",,X","    0","T,,X","  -78",",,X"," -133",",,X",,,,," 2006",",,X","  225","W,,X","   82",",,X",,,,,,,,,,,,
"AYW00087701","1957-03-13","-72.29444","170.30833","5.2","ADARE HALLETT, AY","   20",",,X","   20",",,X","   25",",,X","  -61",",,X"," -111",",,X",,,,," 0200",",,X","  203","W,,X","  123",",,X",,,,,,,,,,,,
"AYW00087701","1957-03-14","-72.29444","170.30833","5.2","ADARE HALLETT, AY","    0",",,X","    0",",,X","    0",",,X","  -83",",,X"," -133",",,X",,,,," 1154",",,X","  225","W,,X","   93",",,X",,,,,,,,,,,,
"AYW00087701","1957-03-15","-72.29444","170.30833","5.2","ADARE HALLETT, AY","    0",",,X","    0",",,X","    0",",,X","  -61",",,X"," -122",",,X",,,,," 1524",",,X","   90","W,,X","  118",",,X",,,,,,,,,,,,
"AYW00087701","1957-03-16","-72.29444","170.30833","5.2","ADARE HALLETT, AY","    0","T,,X","    0","T,,X","    0",",,X","  -61",",,X"," -139",",,X",,,,," 1512",",,X","  225","W,,X","   67",",,X",,,,,,,,,,,,
"AYW00087701","1957-03-17","-72.29444","170.30833","5.2","ADARE HALLETT, AY","    0","T,,X","    0","T,,X","    0","T,,X","  -72",",,X"," -150",",,X",,,,," 2042",",,X","  225","W,,X","  308",",,X",,,,,,,,,,,,
"AYW00087701","1957-03-18","-72.29444","170.30833","5.2","ADARE HALLETT, AY","    0",",,X","    0",",,X","    0",",,X"," -106",",,X"," -161",",,X",,,,," 0100",",,X","  225","W,,X","  236",",,X",,,,,,,,,,,,
"AYW00087701","1957-03-19","-72.29444","170.30833","5.2","ADARE HALLETT, AY","    0",",,X","    0",",,X","    0",",,X","  -89",",,X"," -172",",,X",,,,," 1300",",,X","  225","W,,X","   72",",,X",,,,,,,,,,,,
"AYW00087701","1957-03-20","-72.29444","170.30833","5.2","ADARE HALLETT, AY","    0","T,,X","    0","T,,X","    0","T,,X","  -89",",,X"," -106",",,X",,,,," 2330",",,X","  203","W,,X","  113",",,X",,,,,,,,,,,,
"AYW00087701","1957-03-21","-72.29444","170.30833","5.2","ADARE HALLETT, AY","   18",",,X","   18",",,X","    0","T,,X","  -83",",,X"," -117",",,X",,,,," 1206",",,X","  225","W,,X","  303",",,X",,,,,,,,,,,,
"AYW00087701","1957-03-22","-72.29444","170.30833","5.2","ADARE HALLETT, AY","   23",",,X","   23",",,X","    0","T,,X","  -94",",,X"," -150",",,X",,,,," 0030",",,X","  203","W,,X","  267",",,X",,,,,,,,,,,,
"AYW00087701","1957-03-23","-72.29444","170.30833","5.2","ADARE HALLETT, AY","    0",",,X","    0",",,X","    0",",,X"," -111",",,X"," -167",",,X",,,,," 1300",",,X","  203","W,,X","  103",",,X",,,,,,,,,,,,
"AYW00087701","1957-03-24","-72.29444","170.30833","5.2","ADARE HALLETT, AY","    0",",,X","    0",",,X","    0",",,X"," -111",",,X"," -189",",,X",,,,," 0930",",,X","  225","W,,X","  185",",,X",,,,,,,,,,,,
"AYW00087701","1957-03-25","-72.29444","170.30833","5.2","ADARE HALLETT, AY","    0","T,,X","    0","T,,X","    0",",,X"," -150",",,X"," -200",",,X",,,,," 0030",",,X","  203","W,,X","   87",",,X",,,,,,,,,,,,
"AYW00087701","1957-03-26","-72.29444","170.30833","5.2","ADARE HALLETT, AY","    0","T,,X","    0","T,,X","    0",",,X"," -167",",,X"," -194",",,X",,,,," 1200",",,X","  203","W,,X","  129",",,X",,,,,,,,,,,,
"AYW00087701","1957-03-27","-72.29444","170.30833","5.2","ADARE HALLETT, AY","    0","T,,X","    0","T,,X","    0","T,,X"," -133",",,X"," -194",",,X",,,,," 1018",",,X","  225","W,,X","  134",",,X",,,,,,,,,,,,
"AYW00087701","1957-03-28","-72.29444","170.30833","5.2","ADARE HALLETT, AY","    0","T,,X","    0","T,,X","    0",",,X"," -133",",,X"," -194",",,X",,,,," 1412",",,X","   90","W,,X","   93",",,X",,,,,,,,,,,,
"AYW00087701","1957-03-29","-72.29444","170.30833","5.2","ADARE HALLETT, AY","    0",",,X","    0",",,X","    0",",,X"," -133",",,X"," -194",",,X",,,,," 1142",",,X","  225","W,,X","   62",",,X",,,,,,,,,,,,
"AYW00087701","1957-03-30","-72.29444","170.30833","5.2","ADARE HALLETT, AY","    0",",,X","    0",",,X","    0",",,X"," -133",",,X"," -211",",,X",,,,," 2142",",,X","  225","W,,X","   93",",,X",,,,,,,,,,,,
"AYW00087701","1957-03-31","-72.29444","170.30833","5.2","ADARE HALLETT, AY","    0",",,X","    0",",,X","    0",",,X"," -150",",,X"," -211",",,X",,,,," 1554",",,X","  225","W,,X","  221",",,X",,,,,,,,,,,,
"AYW00087701","1957-04-01","-72.29444","170.30833","5.2","ADARE HALLETT, AY","    0","T,,X","    0","T,,X","    0","T,,X"," -133",",,X"," -217",",,X",,,,," 1912",",,X","  113","W,,X","  103",",,X",,,,,,,,,,,,
"AYW00087701","1957-04-02","-72.29444","170.30833","5.2","ADARE HALLETT, AY","    0","T,,X","    0","T,,X","    0",",,X"," -139",",,X"," -178",",,X",,,,," 1918",",,X","  225","W,,X","   98",",,X",,,,,,,,,,,,
"AYW00087701","1957-04-03","-72.29444","170.30833","5.2","ADARE HALLETT, AY","    0",",,X","    0",",,X","    0",",,X"," -122",",,X"," -183",",,X",,,,," 2354",",,X","   90","W,,X","   82",",,X",,,,,,,,,,,,
"AYW00087701","1957-04-04","-72.29444","170.30833","5.2","ADARE HALLETT, AY","    0","T,,X","    0","T,,X","    0","T,,X"," -156",",,X"," -206",",,X",,,,," 0400",",,X","  225","W,,X","  144",",,X",,,,,,,,,,,,
"AYW00087701","1957-04-05","-72.29444","170.30833","5.2","ADARE HALLETT, AY","    0",",,X","    0",",,X","    0",",,X"," -194",",,X"," -233",",,X",,,,," 0048",",,X","  203","W,,X","   98",",,X",,,,,,,,,,,,
"AYW00087701","1957-04-06","-72.29444","170.30833","5.2","ADARE HALLETT, AY","    0","T,,X","    0","T,,X","    0",",,X"," -183",",,X"," -233",",,X",,,,," 1642",",,X","  225","W,,X","   36",",,X",,,,,,,,,,,,
"AYW00087701","1957-04-07","-72.29444","170.30833","5.2","ADARE HALLETT, AY","    0","T,,X","    0","T,,X","    0",",,X"," -189",",,X"," -206",",,X",,,,," 1218",",,X","  225","W,,X","  129",",,X",,,,,,,,,,,,
"AYW00087701","1957-04-08","-72.29444","170.30833","5.2","ADARE HALLETT, AY","    0",",,X","    0",",,X","    0",",,X"," -167",",,X"," -217",",,X",,,,," 1448",",,X","  203","W,,X","   87",",,X",,,,,,,,,,,,
"AYW00087701","1957-04-09","-72.29444","170.30833","5.2","ADARE HALLETT, AY","    0","T,,X","    0","T,,X","    0",",,X"," -167",",,X"," -211",",,X",,,,," 2000",",,X","  203","W,,X","  134",",,X",,,,,,,,,,,,
"AYW00087701","1957-04-10","-72.29444","170.30833","5.2","ADARE HALLETT, AY","    0","T,,X","    0","T,,X","    0","T,,X"," -200",",,X"," -233",",,X",,,,," 1448",",,X","  203","W,,X","  149",",,X",,,,,,,,,,,,
"AYW00087701","1957-04-11","-72.29444","170.30833","5.2","ADARE HALLETT, AY","    0",",,X","    0",",,X","    0",",,X"," -217",",,X"," -256",",,X",,,,," 2024",",,X","  225","W,,X","   51",",,X",,,,,,,,,,,,
"AYW00087701","1957-04-12","-72.29444","170.30833","5.2","ADARE HALLETT, AY","    0","T,,X","    0","T,,X","    0","T,,X"," -183",",,X"," -261",",,X",,,,," 1748",",,X","   90","W,,X","   62",",,X",,,,,,,,,,,,
"AYW00087701","1957-04-13","-72.29444","170.30833","5.2","ADARE HALLETT, AY","    0",",,X","    0",",,X","    0",",,X"," -172",",,X"," -267",",,X",,,,," 1554",",,X","  203","W,,X","   98",",,X",,,,,,,,,,,,
"AYW00087701","1957-04-14","-72.29444","170.30833","5.2","ADARE HALLETT, AY","    0",",,X","    0",",,X","    0",",,X"," -194",",,X"," -267",",,X",,,,," 1806",",,X","  225","W,,X","  159",",,X",,,,,,,,,,,,
"AYW00087701","1957-04-15","-72.29444","170.30833","5.2","ADARE HALLETT, AY","    0",",,X","    0",",,X","    0",",,X"," -183",",,X"," -228",",,X",,,,," 0230",",,X","  203","W,,X","  144",",,X",,,,,,,,,,,,
"AYW00087701","1957-04-16","-72.29444","170.30833","5.2","ADARE HALLETT, AY","    0","T,,X","    0","T,,X","    0","T,,X"," -194",",,X"," -256",",,X",,,,," 0818",",,X","  203","W,,X","  134",",,X",,,,,,,,,,,,
"AYW00087701","1957-04-17","-72.29444","170.30833","5.2","ADARE HALLETT, AY","    0","T,,X","    0","T,,X","    0",",,X"," -244",",,X"," -311",",,X",,,,," 1206",",,X","  225","W,,X","  134",",,X",,,,,,,,,,,,
"AYW00087701","1957-04-18","-72.29444","170.30833","5.2","ADARE HALLETT, AY","    0",",,X","    0",",,X","    0",",,X"," -178",",,X"," -306",",,X",,,,," 0918",",,X","  203","W,,X","   93",",,X",,,,,,,,,,,,
"AYW00087701","1957-04-19","-72.29444","170.30833","5.2","ADARE HALLETT, AY","    0",",,X","    0",",,X","    0",",,X"," -167",",,X"," -233",",,X",,,,," 2130",",,X","  225","W,,X","   98",",,X",,,,,,,,,,,,
"AYW00087701","1957-04-20","-72.29444","170.30833","5.2","ADARE HALLETT, AY","    0",",,X","    0",",,X","    0",",,X"," -161",",,X"," -244",",,X",,,,," 1354",",,X","  225","W,,X","   51",",,X",,,,,,,,,,,,
"AYW00087701","1957-04-21","-72.29444","170.30833","5.2","ADARE HALLETT, AY","    0","T,,X","    0","T,,X","    0","T,,X"," -189",",,X"," -261",",,X",,,,," 1548",",,X","  225","W,,X","   41",",,X",,,,,,,,,,,,
"AYW00087701","1957-04-22","-72.29444","170.30833","5.2","ADARE HALLETT, AY","    0",",,X","    0",",,X","    0",",,X"," -178",",,X"," -267",",,X",,,,," 2254",",,X","  225","W,,X","   72",",,X",,,,,,,,,,,,
"AYW00087701","1957-04-23","-72.29444","170.30833","5.2","ADARE HALLETT, AY","    5",",,X","    5",",,X","    0",",,X"," -133",",,X"," -211",",,X",,,,," 2212",",,X","  225","W,,X","  159",",,X",,,,,,,,,,,,
"AYW00087701","1957-04-24","-72.29444","170.30833","5.2","ADARE HALLETT, AY","    0",",,X","    0",",,X","    0",",,X"," -100",",,X"," -161",",,X",,,,," 0548",",,X","  203","W,,X","  242",",,X",,,,,,,,,,,,
"AYW00087701","1957-04-25","-72.29444","170.30833","5.2","ADARE HALLETT, AY","    0",",,X","    0",",,X","    0",",,X","  -83",",,X"," -172",",,X",,,,," 0430",",,X","  158","W,,X","  206",",,X",,,,,,,,,,,,
"AYW00087701","1957-04-26","-72.29444","170.30833","5.2","ADARE HALLETT, AY","    0","T,,X","    0","T,,X","    0","T,,X"," -144",",,X"," -183",",,X",,,,," 1230",",,X","  225","W,,X","  129",",,X",,,,,,,,,,,,
"AYW00087701","1957-04-27","-72.29444","170.30833","5.2","ADARE HALLETT, AY","   13",",,X","   13",",,X","   25",",,X"," -139",",,X"," -172",",,X",,,,," 0312",",,X","  225","W,,X","  108",",,X",,,,,,,,,,,,
"AYW00087701","1957-04-28","-72.29444","170.30833","5.2","ADARE HALLETT, AY","   33",",,X","   33",",,X","   76",",,X"," -144",",,X"," -167",",,X",,,,," 2330",",,X","   68","W,,X","   62",",,X",,,,,,,,,,,,
"AYW00087701","1957-04-29","-72.29444","170.30833","5.2","ADARE HALLETT, AY","    5",",,X","    5",",,X","  127",",,X"," -139",",,X"," -172",",,X",,,,," 0000",",,X","   68","W,,X","   57",",,X",,,,,,,,,,,,
"AYW00087701","1957-04-30","-72.29444","170.30833","5.2","ADARE HALLETT, AY","   13",",,X","   13",",,X","  152",",,X"," -133",",,X"," -156",",,X",,,,," 2336",",,X","  180","W,,X","   46",",,X",,,,,,,,,,,,
"AYW00087701","1957-05-01","-72.29444","170.30833","5.2","ADARE HALLETT, AY","    3",",,X","    3",",,X",,," -144",",,X"," -233",",,X",,,,," 1148",",,X","  203","W,,X","  144",",,X",,,,,,,,,,,,
"AYW00087701","1957-05-02","-72.29444","170.30833","5.2","ADARE HALLETT, AY","    0",",,X","    0",",,X",,," -222",",,X"," -294",",,X",,,,," 1036",",,X","  158","W,,X","  144",",,X",,,,,,,,,,,,
"AYW00087701","1957-05-03","-72.29444","170.30833","5.2","ADARE HALLETT, AY","    0","T,,X","    0","T,,X",,," -217",",,X"," -289",",,X",,,,," 0200",",,X","  225","W,,X","   67",",,X",,,,,,,,,,,,
"AYW00087701","1957-05-04","-72.29444","170.30833","5.2","ADARE HALLETT, AY","    0",",,X","    0",",,X",,," -261",",,X"," -328",",,X",,,,," 1548",",,X","  225","W,,X","   41",",,X",,,,,,,,,,,,
"AYW00087701","1957-05-05","-72.29444","170.30833","5.2","ADARE HALLETT, AY","    0",",,X","    0",",,X","  127",",,X"," -194",",,X"," -300",",,X",,,,," 2124",",,X","   90","W,,X","   98",",,X",,,,,,,,,,,,
"AYW00087701","1957-05-06","-72.29444","170.30833","5.2","ADARE HALLETT, AY","    0",",,X","    0",",,X","  127",",,X"," -228",",,X"," -311",",,X",,,,," 1230",",,X","  225","W,,X","   57",",,X",,,,,,,,,,,,
"AYW00087701","1957-05-07","-72.29444","170.30833","5.2","ADARE HALLETT, AY","    0",",,X","    0",",,X","  127",",,X"," -183",",,X"," -311",",,X",,,,," 2306",",,X","  225","W,,X","   41",",,X",,,,,,,,,,,,
"AYW00087701","1957-05-08","-72.29444","170.30833","5.2","ADARE HALLETT, AY","    0",",,X","    0",",,X","    0",",,X"," -172",",,X"," -206",",,X",,,,," 2106",",,X","  203","W,,X","  324",",,X",,,,,,,,,,,,
"AYW00087701","1957-05-09","-72.29444","170.30833","5.2","ADARE HALLETT, AY","    0",",,X","    0",",,X","    0",",,X",,,,,,,,," 0600",",,X","  203","W,,X","  344",",,X",,,,,,,,,,,,
"AYW00087701","1957-05-10","-72.29444","170.30833","5.2","ADARE HALLETT, AY","    0",",,X","    0",",,X","    0",",,X"," -189",",,X"," -228",",,X",,,,," 0106",",,X","  203","W,,X","  206",",,X",,,,,,,,,,,,
"AYW00087701","1957-05-11","-72.29444","170.30833","5.2","ADARE HALLETT, AY","    0",",,X","    0",",,X","    0",",,X"," -189",",,X"," -250",",,X",,,,," 2142",",,X","  225","W,,X","  149",",,X",,,,,,,,,,,,
"AYW00087701","1957-05-12","-72.29444","170.30833","5.2","ADARE HALLETT, AY","    0",",,X","    0",",,X","    0",",,X"," -217",",,X"," -283",",,X",,,,," 1642",",,X","  225","W,,X","   87",",,X",,,,,,,,,,,,
"AYW00087701","1957-05-13","-72.29444","170.30833","5.2","ADARE HALLETT, AY","    0",",,X","    0",",,X","    0",",,X"," -222",",,X"," -289",",,X",,,,," 1442",",,X","  225","W,,X","   93",",,X",,,,,,,,,,,,
"AYW00087701","1957-05-14","-72.29444","170.30833","5.2","ADARE HALLETT, AY","    0",",,X","    0",",,X","    0",",,X"," -239",",,X"," -294",",,X",,,,," 2048",",,X","  225","W,,X","   57",",,X",,,,,,,,,,,,
"AYW00087701","1957-05-15","-72.29444","170.30833","5.2","ADARE HALLETT, AY","    0",",,X","    0",",,X","    0",",,X"," -161",",,X"," -267",",,X",,,,," 1542",",,X","  225","W,,X","  180",",,X",,,,,,,,,,,,
"AYW00087701","1957-05-16","-72.29444","170.30833","5.2","ADARE HALLETT, AY","    0",",,X","    0",",,X","    0",",,X"," -200",",,X"," -267",",,X",,,,," 2048",",,X","  203","W,,X","   82",",,X",,,,,,,,,,,,
"AYW00087701","1957-05-17","-72.29444","170.30833","5.2","ADARE HALLETT, AY","    0",",,X","    0",",,X","    0",",,X"," -200",",,X"," -283",",,X",,,,," 0024",",,X","  225","W,,X","   77",",,X",,,,,,,,,,,,
"AYW00087701","1957-05-18","-72.29444","170.30833","5.2","ADARE HALLETT, AY","    0",",,X","    0",",,X","    0",",,X"," -222",",,X"," -289",",,X",,,,," 1206",",,X","  248","W,,X","   51",",,X",,,,,,,,,,,,
"AYW00087701","1957-05-19","-72.29444","170.30833","5.2","ADARE HALLETT, AY","    0","T,,X","    0","T,,X","    0","T,,X"," -167",",,X"," -278",",,X",,,,," 1230",",,X","  225","W,,X","   62",",,X",,,,,,,,,,,,
"AYW00087701","1957-05-20","-72.29444","170.30833","5.2","ADARE HALLETT, AY","    0","T,,X","    0","T,,X","    0","T,,X"," -167",",,X"," -267",",,X",,,,," 0348",",,X","  113","W,,X","  113",",,X",,,,,,,,,,,,
"AYW00087701","1957-05-21","-72.29444","170.30833","5.2","ADARE HALLETT, AY","    0",",,X","    0",",,X","    0",",,X"," -189",",,X"," -272",",,X",,,,," 0624",",,X","  225","W,,X","   82",",,X",,,,,,,,,,,,
"AYW00087701","1957-05-22","-72.29444","170.30833","5.2","ADARE HALLETT, AY","    0","T,,X","    0","T,,X","    0",",,X"," -206",",,X"," -261",",,X",,,,," 1012",",,X","  225","W,,X","   36",",,X",,,,,,,,,,,,
"AYW00087701","1957-05-23","-72.29444","170.30833","5.2","ADARE HALLETT, AY","    0","T,,X","    0","T,,X","    0","T,,X"," -189",",,X"," -256",",,X",,,,," 1842",",,X","   90","W,,X","   87",",,X",,,,,,,,,,,,
"AYW00087701","1957-05-24","-72.29444","170.30833","5.2","ADARE HALLETT, AY","    0","T,,X","    0","T,,X","    0",",,X"," -189",",,X"," -211",",,X",,,,," 0524",",,X","  113","W,,X","  159",",,X",,,,,,,,,,,,
"AYW00087701","1957-05-25","-72.29444","170.30833","5.2","ADARE HALLETT, AY","    0","T,,X","    0","T,,X","    0",",,X"," -150",",,X"," -206",",,X",,,,," 1206",",,X","  225","W,,X","  206",",,X",,,,,,,,,,,,
"AYW00087701","1957-05-26","-72.29444","170.30833","5.2","ADARE HALLETT, AY","    0","T,,X","    0","T,,X","    0",",,X"," -150",",,X"," -183",",,X",,,,," 1806",",,X","  203","W,,X","  252",",,X",,,,,,,,,,,,
"AYW00087701","1957-05-27","-72.29444","170.30833","5.2","ADARE HALLETT, AY","    0","T,,X","    0","T,,X","    0",",,X"," -122",",,X"," -172",",,X",,,,," 1024",",,X","  203","W,,X","  329",",,X",,,,,,,,,,,,
"AYW00087701","1957-05-28","-72.29444","170.30833","5.2","ADARE HALLETT, AY","    0",",,X","    0",",,X","    0",",,X"," -117",",,X"," -194",",,X",,,,," 0312",",,X","  180","W,,X","  278",",,X",,,,,,,,,,,,
"AYW00087701","1957-05-29","-72.29444","170.30833","5.2","ADARE HALLETT, AY","    0",",,X","    0",",,X","    0",",,X"," -183",",,X"," -250",",,X",,,,," 1006",",,X","  225","W,,X","   87",",,X",,,,,,,,,,,,
"AYW00087701","1957-05-30","-72.29444","170.30833","5.2","ADARE HALLETT, AY","    0",",,X","    0",",,X","    0",",,X"," -178",",,X"," -261",",,X",,,,," 1200",",,X","  225","W,,X","   87",",,X",,,,,,,,,,,,
"AYW00087701","1957-05-31","-72.29444","170.30833","5.2","ADARE HALLETT, AY","    0",",,X","    0",",,X","    0",",,X"," -194",",,X"," -283",",,X",,,,," 2342",",,X","  203","W,,X","  206",",,X",,,,,,,,,,,,
"AYW00087701","1957-06-01","-72.29444","170.30833","5.2","ADARE HALLETT, AY","    0",",,X","    0",",,X","    0",",,X"," -183",",,X"," -239",",,X",,,,," 0148",",,X","  203","W,,X","  226",",,X",,,,,,,,,,,,
"AYW00087701","1957-06-02","-72.29444","170.30833","5.2","ADARE HALLETT, AY","    0",",,X","    0",",,X","    0",",,X"," -206",",,X"," -289",",,X",,,,," 0036",",,X","  225","W,,X","   67",",,X",,,,,,,,,,,,
"AYW00087701","1957-06-03","-72.29444","170.30833","5.2","ADARE HALLETT, AY","    0","T,,X","    0","T,,X","    0",",,X"," -233",",,X"," -289",",,X",,,,," 1906",",,X","  225","W,,X","   41",",,X",,,,,,,,,,,,
"AYW00087701","1957-06-04","-72.29444","170.30833","5.2","ADARE HALLETT, AY","    0","T,,X","    0","T,,X","    0",",,X"," -228",",,X"," -294",",,X",,,,," 0906",",,X","  225","W,,X","   41",",,X",,,,,,,,,,,,
"AYW00087701","1957-06-05","-72.29444","170.30833","5.2","ADARE HALLETT, AY","    0","T,,X","    0","T,,X","    0",",,X"," -211",",,X"," -306",",,X",,,,," 0448",",,X","  180","W,,X","   62",",,X",,,,,,,,,,,,
"AYW00087701","1957-06-06","-72.29444","170.30833","5.2","ADARE HALLETT, AY","    0",",,X","    0",",,X","    0",",,X"," -278",",,X"," -322",",,X",,,,," 0906",",,X","  225","W,,X","   41",",,X",,,,,,,,,,,,
"AYW00087701","1957-06-07","-72.29444","170.30833","5.2","ADARE HALLETT, AY","    0",",,X","    0",",,X","    0",",,X"," -289",",,X"," -356",",,X",,,,," 1506",",,X","  203","W,,X","   31",",,X",,,,,,,,,,,,
"AYW00087701","1957-06-08","-72.29444","170.30833","5.2","ADARE HALLETT, AY","    0",",,X","    0",",,X","    0",",,X"," -317",",,X"," -378",",,X",,,,," 2106",",,X","  225","W,,X","   46",",,X",,,,,,,,,,,,
"AYW00087701","1957-06-09","-72.29444","170.30833","5.2","ADARE HALLETT, AY","    0","T,,X","    0","T,,X","    0",",,X"," -272",",,X"," -372",",,X",,,,," 2206",",,X","  225","W,,X","   31",",,X",,,,,,,,,,,,
"AYW00087701","1957-06-10","-72.29444","170.30833","5.2","ADARE HALLETT, AY","    0","T,,X","    0","T,,X","    0",",,X"," -200",",,X"," -278",",,X",,,,," 2312",",,X","  225","W,,X","  170",",,X",,,,,,,,,,,,
"AYW00087701","1957-06-11","-72.29444","170.30833","5.2","ADARE HALLETT, AY","    0",",,X","    0",",,X","    0",",,X"," -194",",,X"," -233",",,X",,,,," 1806",",,X","  203","W,,X","  262",",,X",,,,,,,,,,,,
"AYW00087701","1957-06-12","-72.29444","170.30833","5.2","ADARE HALLETT, AY","    0","T,,X","    0","T,,X","    0","T,,X"," -217",",,X"," -267",",,X",,,,," 0136",",,X","  203","W,,X","  252",",,X",,,,,,,,,,,,
"AYW00087701","1957-06-13","-72.29444","170.30833","5.2","ADARE HALLETT, AY","    0","T,,X","    0","T,,X","    0","T,,X"," -233",",,X"," -261",",,X",,,,," 2330",",,X","  203","W,,X","  334",",,X",,,,,,,,,,,,
"AYW00087701","1957-06-14","-72.29444","170.30833","5.2","ADARE HALLETT, AY","    0","T,,X","    0","T,,X","    0","T,,X"," -150",",,X"," -244",",,X",,,,," 2154",",,X","  203","W,,X","  360",",,X",,,,,,,,,,,,
"AYW00087701","1957-06-15","-72.29444","170.30833","5.2","ADARE HALLETT, AY","    0","T,,X","    0","T,,X","    0","T,,X","  -89",",,X"," -167",",,X",,,,," 0312",",,X","  203","W,,X","  411",",,X",,,,,,,,,,,,
"AYW00087701","1957-06-16","-72.29444","170.30833","5.2","ADARE HALLETT, AY","    0",",,X","    0",",,X","    0",",,X","  -67",",,X","  -94",",,X",,,,," 1230",",,X","  203","W,,X","  247",",,X",,,,,,,,,,,,
"AYW00087701","1957-06-17","-72.29444","170.30833","5.2","ADARE HALLETT, AY","    0","T,,X","    0","T,,X","    0",",,X","  -78",",,X"," -111",",,X",,,,," 2124",",,X","  203","W,,X","  360",",,X",,,,,,,,,,,,
"AYW00087701","1957-06-18","-72.29444","170.30833","5.2","ADARE HALLETT, AY","    0",",,X","    0",",,X","    0",",,X"," -111",",,X"," -150",",,X",,,,," 2224",",,X","  203","W,,X","  365",",,X",,,,,,,,,,,,
"AYW00087701","1957-06-19","-72.29444","170.30833","5.2","ADARE HALLETT, AY","    0",",,X","    0",",,X","    0",",,X","  -89",",,X"," -139",",,X",,,,," 0106",",,X","  203","W,,X","  365",",,X",,,,,,,,,,,,
"AYW00087701","1957-06-20","-72.29444","170.30833","5.2","ADARE HALLETT, AY","    0",",,X","    0",",,X","    0",",,X","  -89",",,X"," -139",",,X",,,,," 2324",",,X","  203","W,,X","  303",",,X",,,,,,,,,,,,
"AYW00087701","1957-06-21","-72.29444","170.30833","5.2","ADARE HALLETT, AY","    0",",,X","    0",",,X","    0",",,X","  -78",",,X"," -111",",,X",,,,," 0600",",,X","  203","W,,X","  329",",,X",,,,,,,,,,,,
"AYW00087701","1957-06-22","-72.29444","170.30833","5.2","ADARE HALLETT, AY","    0",",,X","    0",",,X","    0",",,X","  -94",",,X"," -128",",,X",,,,," 0106",",,X","  203","W,,X","  308",",,X",,,,,,,,,,,,
"AYW00087701","1957-06-23","-72.29444","170.30833","5.2","ADARE HALLETT, AY","    0",",,X","    0",",,X","    0",",,X"," -111",",,X"," -178",",,X",,,,," 0148",",,X","  203","W,,X","  288",",,X",,,,,,,,,,,,
"AYW00087701","1957-06-24","-72.29444","170.30833","5.2","ADARE HALLETT, AY","    0",",,X","    0",",,X","    0",",,X"," -122",",,X"," -200",",,X",,,,," 1230",",,X","  203","W,,X","  226",",,X",,,,,,,,,,,,
"AYW00087701","1957-06-25","-72.29444","170.30833","5.2","ADARE HALLETT, AY","    0",",,X","    0",",,X","    0",",,X"," -111",",,X"," -167",",,X",,,,," 0400",",,X","  203","W,,X","  236",",,X",,,,,,,,,,,,
"AYW00087701","1957-06-26","-72.29444","170.30833","5.2","ADARE HALLETT, AY","    0",",,X","    0",",,X","    0",",,X"," -156",",,X"," -233",",,X",,,,," 1036",",,X","  203","W,,X","  170",",,X",,,,,,,,,,,,
"AYW00087701","1957-06-27","-72.29444","170.30833","5.2","ADARE HALLETT, AY","    0",",,X","    0",",,X","    0",",,X"," -222",",,X"," -289",",,X",,,,," 2012",",,X","  225","W,,X","   36",",,X",,,,,,,,,,,,
"AYW00087701","1957-06-28","-72.29444","170.30833","5.2","ADARE HALLETT, AY","    0",",,X","    0",",,X","    0",",,X"," -233",",,X"," -294",",,X",,,,," 2330",",,X","  225","W,,X","   67",",,X",,,,,,,,,,,,
"AYW00087701","1957-06-29","-72.29444","170.30833","5.2","ADARE HALLETT, AY","    0",",,X","    0",",,X","    0",",,X"," -206",",,X"," -289",",,X",,,,," 1206",",,X","  225","W,,X","  118",",,X",,,,,,,,,,,,
"AYW00087701","1957-06-30","-72.29444","170.30833","5.2","ADARE HALLETT, AY","    0",",,X","    0",",,X","    0",",,X"," -228",",,X"," -294",",,X",,,,," 0200",",,X","  225","W,,X","   62",",,X",,,,,,,,,,,,
"AYW00087701","1957-07-01","-72.29444","170.30833","5.2","ADARE HALLETT, AY","    0",",,X","    0",",,X","    0",",,X"," -194",",,X"," -278",",,X",,,,," 1248",",,X","  113","W,,X","   51",",,X",,,,,,,,,,,,
"AYW00087701","1957-07-02","-72.29444","170.30833","5.2","ADARE HALLETT, AY","    0","T,,X","    0","T,,X","    0",",,X"," -211",",,X"," -261",",,X",,,,," 1212",",,X","  225","W,,X","  154",",,X",,,,,,,,,,,,
"AYW00087701","1957-07-03","-72.29444","170.30833","5.2","ADARE HALLETT, AY","    0","T,,X","    0","T,,X","    0",",,X"," -250",",,X"," -306",",,X",,,,," 2336",",,X","  248","W,,X","  118",",,X",,,,,,,,,,,,
"AYW00087701","1957-07-04","-72.29444","170.30833","5.2","ADARE HALLETT, AY","    0",",,X","    0",",,X","    0",",,X"," -261",",,X"," -339",",,X",,,,," 0124",",,X","  225","W,,X","  129",",,X",,,,,,,,,,,,
"AYW00087701","1957-07-05","-72.29444","170.30833","5.2","ADARE HALLETT, AY","    0","T,,X","    0","T,,X","    0",",,X"," -244",",,X"," -317",",,X",,,,," 1224",",,X","  225","W,,X","   46",",,X",,,,,,,,,,,,
"AYW00087701","1957-07-06","-72.29444","170.30833","5.2","ADARE HALLETT, AY","    0","T,,X","    0","T,,X","    0","T,,X"," -189",",,X"," -272",",,X",,,,," 2312",",,X","  203","W,,X","   98",",,X",,,,,,,,,,,,
"AYW00087701","1957-07-07","-72.29444","170.30833","5.2","ADARE HALLETT, AY","    0","T,,X","    0","T,,X","    0","T,,X"," -189",",,X"," -211",",,X",,,,," 1648",",,X","  180","W,,X","  339",",,X",,,,,,,,,,,,
"AYW00087701","1957-07-08","-72.29444","170.30833","5.2","ADARE HALLETT, AY","    0","T,,X","    0","T,,X","    0","T,,X"," -189",",,X"," -217",",,X",,,,," 2000",",,X","  203","W,,X","  406",",,X",,,,,,,,,,,,
"AYW00087701","1957-07-09","-72.29444","170.30833","5.2","ADARE HALLETT, AY","    0",",,X","    0",",,X","    0",",,X"," -172",",,X"," -211",",I,X",,,,," 0200",",,X","  180","W,,X","  375",",,X",,,,,,,,,,,,
"AYW00087701","1957-07-10","-72.29444","170.30833","5.2","ADARE HALLETT, AY","    0","T,,X","    0","T,,X","    0","T,,X"," -222",",I,X"," -289",",,X",,,,," 0048",",,X","  225","W,,X","   72",",,X",,,,,,,,,,,,
"AYW00087701","1957-07-11","-72.29444","170.30833","5.2","ADARE HALLETT, AY","    0","T,,X","    0","T,,X","    0",",,X"," -217",",,X"," -256",",,X",,,,," 1942",",,X","  225","W,,X","  200",",,X",,,,,,,,,,,,
"AYW00087701","1957-07-12","-72.29444","170.30833","5.2","ADARE HALLETT, AY","    0",",,X","    0",",,X","    0",",,X"," -256",",,X"," -328",",,X",,,,," 0036",",,X","  225","W,,X","  118",",,X",,,,,,,,,,,,
"AYW00087701","1957-07-13","-72.29444","170.30833","5.2","ADARE HALLETT, AY","    0",",,X","    0",",,X","    0",",,X"," -300",",,X"," -356",",,X",,,,," 1918",",,X","  225","W,,X","   62",",,X",,,,,,,,,,,,
"AYW00087701","1957-07-14","-72.29444","170.30833","5.2","ADARE HALLETT, AY","    0",",,X","    0",",,X","    0",",,X"," -311",",,X"," -356",",,X",,,,," 1824",",,X","  248","W,,X","   41",",,X",,,,,,,,,,,,
"AYW00087701","1957-07-15","-72.29444","170.30833","5.2","ADARE HALLETT, AY","    0",",,X","    0",",,X","    0",",,X"," -317",",,X"," -367",",,X",,,,," 1336",",,X","  203","W,,X","   51",",,X",,,,,,,,,,,,
"AYW00087701","1957-07-16","-72.29444","170.30833","5.2","ADARE HALLETT, AY","    0",",,X","    0",",,X","    0",",,X"," -217",",,X"," -361",",,X",,,,," 0924",",,X","  225","W,,X","  139",",,X",,,,,,,,,,,,
"AYW00087701","1957-07-17","-72.29444","170.30833","5.2","ADARE HALLETT, AY","    0",",,X","    0",",,X","    0",",,X"," -244",",,X"," -344",",,X",,,,," 1536",",,X","  225","W,,X","   77",",,X",,,,,,,,,,,,
"AYW00087701","1957-07-18","-72.29444","170.30833","5.2","ADARE HALLETT, AY","    0",",,X","    0",",,X","    0",",,X"," -261",",,X"," -344",",,X",,,,," 0248",",,X","  225","W,,X","   51",",,X",,,,,,,,,,,,
"AYW00087701","1957-07-19","-72.29444","170.30833","5.2","ADARE HALLETT, AY","    0",",,X","    0",",,X","    0",",,X"," -244",",,X"," -294",",,X",,,,," 2336",",,X","   68","W,,X","   57",",,X",,,,,,,,,,,,
"AYW00087701","1957-07-20","-72.29444","170.30833","5.2","ADARE HALLETT, AY","    0","T,,X","    0","T,,X","    0","T,,X"," -211",",,X"," -261",",,X",,,,," 0336",",,X","  203","W,,X","  170",",,X",,,,,,,,,,,,
"AYW00087701","1957-07-21","-72.29444","170.30833","5.2","ADARE HALLETT, AY","   13",",,X","   13",",,X","   25",",,X"," -200",",,X"," -256",",,X",,,,," 1712",",,X","  203","W,,X","  195",",,X",,,,,,,,,,,,
"AYW00087701","1957-07-22","-72.29444","170.30833","5.2","ADARE HALLETT, AY","    0",",,X","    0",",,X","    0",",,X"," -178",",,X"," -233",",,X",,,,," 2354",",,X","  203","W,,X","  242",",,X",,,,,,,,,,,,
"AYW00087701","1957-07-23","-72.29444","170.30833","5.2","ADARE HALLETT, AY","    0",",,X","    0",",,X","    0",",,X"," -156",",,X"," -178",",,X",,,,," 0930",",,X","  180","W,,X","  411",",,X",,,,,,,,,,,,
"AYW00087701","1957-07-24","-72.29444","170.30833","5.2","ADARE HALLETT, AY","    0",",,X","    0",",,X","    0",",,X"," -167",",,X"," -278",",,X",,,,," 0024",",,X","  180","W,,X","  231",",,X",,,,,,,,,,,,
"AYW00087701","1957-07-25","-72.29444","170.30833","5.2","ADARE HALLETT, AY","    0",",,X","    0",",,X","    0",",,X"," -144",",,X"," -289",",,X",,,,," 1936",",,X","  180","W,,X","  257",",,X",,,,,,,,,,,,
"AYW00087701","1957-07-26","-72.29444","170.30833","5.2","ADARE HALLETT, AY","    0",",,X","    0",",,X","    0",",,X"," -139",",,X"," -267",",,X",,,,," 0006",",,X","  180","W,,X","  195",",,X",,,,,,,,,,,,
"AYW00087701","1957-07-27","-72.29444","170.30833","5.2","ADARE HALLETT, AY","    0","T,,X","    0","T,,X","    0",",,X"," -206",",,X"," -317",",,X",,,,," 1048",",,X","  225","W,,X","   36",",,X",,,,,,,,,,,,
"AYW00087701","1957-07-28","-72.29444","170.30833","5.2","ADARE HALLETT, AY","    0","T,,X","    0","T,,X","    0",",,X"," -244",",,X"," -350",",,X",,,,," 0318",",,X","  315","W,,X","   46",",,X",,,,,,,,,,,,
"AYW00087701","1957-07-29","-72.29444","170.30833","5.2","ADARE HALLETT, AY","    0","T,,X","    0","T,,X","    0",",,X"," -233",",,X"," -328",",,X",,,,," 0606",",,X","  203","W,,X","  226",",,X",,,,,,,,,,,,
"AYW00087701","1957-07-30","-72.29444","170.30833","5.2","ADARE HALLETT, AY","    0",",,X","    0",",,X","    0",",,X"," -283",",,X"," -344",",,X",,,,," 0130",",,X","  113","W,,X","   87",",,X",,,,,,,,,,,,
"AYW00087701","1957-07-31","-72.29444","170.30833","5.2","ADARE HALLETT, AY","    0",",,X","    0",",,X","    0",",,X"," -283",",,X"," -339",",,X",,,,," 0254",",,X","  225","W,,X","   51",",,X",,,,,,,,,,,,
"AYW00087701","1957-08-01","-72.29444","170.30833","5.2","ADARE HALLETT, AY","    0",",,X","    0",",,X","    0",",,X"," -289",",,X"," -367",",,X",,,,," 0118",",,X","  225","W,,X","  129",",,X",,,,,,,,,,,,
"AYW00087701","1957-08-02","-72.29444","170.30833","5.2","ADARE HALLETT, AY","    0",",,X","    0",",,X","    0",",,X"," -317",",,X"," -411",",,X",,,,," 0218",",,X","  225","W,,X","   82",",,X",,,,,,,,,,,,
"AYW00087701","1957-08-03","-72.29444","170.30833","5.2","ADARE HALLETT, AY","    0",",,X","    0",",,X","    0",",,X"," -350",",,X"," -422",",,X",,,,," 0400",",,X","  248","W,,X","   46",",,X",,,,,,,,,,,,
"AYW00087701","1957-08-04","-72.29444","170.30833","5.2","ADARE HALLETT, AY","    0",",,X","    0",",,X","    0",",,X"," -339",",,X"," -411",",,X",,,,," 1530",",,X","  225","W,,X","   41",",,X",,,,,,,,,,,,
"AYW00087701","1957-08-05","-72.29444","170.30833","5.2","ADARE HALLETT, AY","    0",",,X","    0",",,X","    0",",,X"," -167",",,X"," -394",",,X",,,,," 2054",",,X","  225","W,,X","  154",",,X",,,,,,,,,,,,
"AYW00087701","1957-08-06","-72.29444","170.30833","5.2","ADARE HALLETT, AY","    0",",,X","    0",",,X","    0",",,X"," -122",",,X"," -261",",,X",,,,," 0954",",,X","  203","W,,X","  391",",,X",,,,,,,,,,,,
"AYW00087701","1957-08-07","-72.29444","170.30833","5.2","ADARE HALLETT, AY","    0",",,X","    0",",,X","    0",",,X"," -194",",,X"," -311",",,X",,,,," 0054",",,X","  180","W,,X","  200",",,X",,,,,,,,,,,,
"AYW00087701","1957-08-08","-72.29444","170.30833","5.2","ADARE HALLETT, AY","    0",",,X","    0",",,X","    0",",,X"," -156",",,X"," -256",",,X",,,,," 1524",",,X","  180","W,,X","  190",",,X",,,,,,,,,,,,
"AYW00087701","1957-08-09","-72.29444","170.30833","5.2","ADARE HALLETT, AY","    0",",,X","    0",",,X","    0",",,X"," -117",",,X"," -244",",,X",,,,," 0630",",,X","  225","W,,X","  144",",,X",,,,,,,,,,,,
"AYW00087701","1957-08-10","-72.29444","170.30833","5.2","ADARE HALLETT, AY","    3",",,X","    3",",,X","   25",",,X"," -144",",,X"," -239",",,X",,,,," 2336",",,X","  203","W,,X","  164",",,X",,,,,,,,,,,,
"AYW00087701","1957-08-11","-72.29444","170.30833","5.2","ADARE HALLETT, AY","    0","T,,X","    0","T,,X","    0","T,,X"," -144",",,X"," -183",",,X",,,,," 0948",",,X","  180","W,,X","  375",",,X",,,,,,,,,,,,
"AYW00087701","1957-08-12","-72.29444","170.30833","5.2","ADARE HALLETT, AY","    0",",,X","    0",",,X","    0",",,X"," -167",",,X"," -256",",,X",,,,," 0500",",,X","  180","W,,X","  283",",,X",,,,,,,,,,,,
"AYW00087701","1957-08-13","-72.29444","170.30833","5.2","ADARE HALLETT, AY","    0","T,,X","    0","T,,X","    0",",,X"," -250",",,X"," -317",",,X",,,,," 1754",",,X","  225","W,,X","   36",",,X",,,,,,,,,,,,
"AYW00087701","1957-08-14","-72.29444","170.30833","5.2","ADARE HALLETT, AY","    0","T,,X","    0","T,,X","    0",",,X"," -278",",,X"," -344",",,X",,,,," 2224",",,X","  203","W,,X","   46",",,X",,,,,,,,,,,,
"AYW00087701","1957-08-15","-72.29444","170.30833","5.2","ADARE HALLETT, AY","    0",",,X","    0",",,X","    0",",,X"," -289",",I,X"," -367",",,X",,,,," 2354",",,X","  225","W,,X","  144",",,X",,,,,,,,,,,,
"AYW00087701","1957-08-16","-72.29444","170.30833","5.2","ADARE HALLETT, AY","    0",",,X","    0",",,X","    0",",,X","  -72",",,X"," -167",",I,X",,,,," 0124",",,X","  158","W,,X","  236",",,X",,,,,,,,,,,,
"AYW00087701","1957-08-17","-72.29444","170.30833","5.2","ADARE HALLETT, AY","    0","T,,X","    0","T,,X","    0","T,,X"," -156",",,X"," -211",",,X",,,,," 2136",",,X","  270","W,,X","  108",",,X",,,,,,,,,,,,
"AYW00087701","1957-08-18","-72.29444","170.30833","5.2","ADARE HALLETT, AY","    0","T,,X","    0","T,,X","    0",",,X"," -194",",,X"," -261",",,X",,,,," 0048",",,X","  248","W,,X","  113",",,X",,,,,,,,,,,,
"AYW00087701","1957-08-19","-72.29444","170.30833","5.2","ADARE HALLETT, AY","    0","T,,X","    0","T,,X","    0",",,X"," -211",",,X"," -261",",,X",,,,," 0948",",,X","  293","W,,X","   46",",,X",,,,,,,,,,,,
"AYW00087701","1957-08-20","-72.29444","170.30833","5.2","ADARE HALLETT, AY","    0","T,,X","    0","T,,X","    0",",,X"," -233",",,X"," -300",",,X",,,,," 1606",",,X","  225","W,,X","   36",",,X",,,,,,,,,,,,
"AYW00087701","1957-08-21","-72.29444","170.30833","5.2","ADARE HALLETT, AY","    0",",,X","    0",",,X","    0",",,X"," -261",",,X"," -311",",,X",,,,," 1536",",,X","  225","W,,X","   41",",,X",,,,,,,,,,,,
"AYW00087701","1957-08-22","-72.29444","170.30833","5.2","ADARE HALLETT, AY","    0",",,X","    0",",,X","    0",",,X"," -233",",,X"," -300",",,X",,,,," 0542",",,X","  113","W,,X","  139",",,X",,,,,,,,,,,,
"AYW00087701","1957-08-23","-72.29444","170.30833","5.2","ADARE HALLETT, AY","    0",",,X","    0",",,X","    0",",,X"," -278",",,X"," -350",",,X",,,,," 0636",",,X","  225","W,,X","   46",",,X",,,,,,,,,,,,
"AYW00087701","1957-08-24","-72.29444","170.30833","5.2","ADARE HALLETT, AY","    0",",,X","    0",",,X","    0",",,X"," -289",",,X"," -350",",,X",,,,," 1124",",,X","  225","W,,X","   51",",,X",,,,,,,,,,,,
"AYW00087701","1957-08-25","-72.29444","170.30833","5.2","ADARE HALLETT, AY","    0","T,,X","    0","T,,X","    0",",,X"," -289",",,X"," -350",",,X",,,,," 1324",",,X","  225","W,,X","   36",",,X",,,,,,,,,,,,
"AYW00087701","1957-08-26","-72.29444","170.30833","5.2","ADARE HALLETT, AY","    0",",,X","    0",",,X","    0",",,X"," -328",",,X"," -372",",,X",,,,," 2206",",,X","  225","W,,X","   67",",,X",,,,,,,,,,,,
"AYW00087701","1957-08-27","-72.29444","170.30833","5.2","ADARE HALLETT, AY","    0",",,X","    0",",,X","    0",",,X"," -244",",,X"," -367",",,X",,,,," 1018",",,X","  225","W,,X","  144",",,X",,,,,,,,,,,,
"AYW00087701","1957-08-28","-72.29444","170.30833","5.2","ADARE HALLETT, AY","    0",",,X","    0",",,X","    0",",,X"," -289",",,X"," -372",",,X",,,,," 1012",",,X","  248","W,,X","   57",",,X",,,,,,,,,,,,
"AYW00087701","1957-08-29","-72.29444","170.30833","5.2","ADARE HALLETT, AY","    0",",,X","    0",",,X","    0",",,X"," -317",",,X"," -372",",,X",,,,," 1354",",,X","  225","W,,X","   62",",,X",,,,,,,,,,,,
"AYW00087701","1957-08-30","-72.29444","170.30833","5.2","ADARE HALLETT, AY","    0",",,X","    0",",,X","    0",",,X"," -167",",,X"," -350",",,X",,,,," 0500",",,X","  180","W,,X","  267",",,X",,,,,,,,,,,,
"AYW00087701","1957-08-31","-72.29444","170.30833","5.2","ADARE HALLETT, AY","    0",",,X","    0",",,X","    0",",,X"," -167",",,X"," -300",",,X",,,,," 1912",",,X","  203","W,,X","  247",",,X",,,,,,,,,,,,
"AYW00087701","1957-09-01","-72.29444","170.30833","5.2","ADARE HALLETT, AY","    0",",,X","    0",",,X","    0",",,X"," -189",",,X","  -56",",I,X",,,,," 0100",",,X","  225","W,,X","  159",",,X",,,,,,,,,,,,
"AYW00087701","1957-09-02","-72.29444","170.30833","5.2","ADARE HALLETT, AY","    0","T,,X","    0","T,,X","    0",",,X"," -228",",,X"," -283",",,X",,,,," 0148",",,X","  225","W,,X","   62",",,X",,,,,,,,,,,,
"AYW00087701","1957-09-03","-72.29444","170.30833","5.2","ADARE HALLETT, AY","    0","T,,X","    0","T,,X","    0","T,,X"," -228",",,X"," -306",",,X",,,,," 0218",",,X","  203","W,,X","   87",",,X",,,,,,,,,,,,
"AYW00087701","1957-09-04","-72.29444","170.30833","5.2","ADARE HALLETT, AY","    0","T,,X","    0","T,,X","    0","T,,X"," -206",",,X"," -322",",,X",,,,," 1424",",,X","   45","W,,X","   93",",,X",,,,,,,,,,,,
"AYW00087701","1957-09-05","-72.29444","170.30833","5.2","ADARE HALLETT, AY","    0","T,,X","    0","T,,X","    0","T,,X"," -172",",,X"," -278",",,X",,,,," 0600",",,X","  225","W,,X","  190",",,X",,,,,,,,,,,,
"AYW00087701","1957-09-06","-72.29444","170.30833","5.2","ADARE HALLETT, AY","    0",",,X","    0",",,X","    0",",,X"," -211",",,X"," -283",",,X",,,,," 0242",",,X","  225","W,,X","   72",",,X",,,,,,,,,,,,
"AYW00087701","1957-09-07","-72.29444","170.30833","5.2","ADARE HALLETT, AY","    0",",,X","    0",",,X","    0",",,X"," -122",",,X"," -272",",,X",,,,," 1342",",,X","  225","W,,X","  149",",,X",,,,,,,,,,,,
"AYW00087701","1957-09-08","-72.29444","170.30833","5.2","ADARE HALLETT, AY","    0",",,X","    0",",,X","    0",",,X"," -128",",,X"," -228",",,X",,,,," 0342",",,X","  248","W,,X","   98",",,X",,,,,,,,,,,,
"AYW00087701","1957-09-09","-72.29444","170.30833","5.2","ADARE HALLETT, AY","    0",",,X","    0",",,X","    0",",,X"," -133",",,X"," -250",",,X",,,,," 0648",",,X","  203","W,,X","   77",",,X",,,,,,,,,,,,
"AYW00087701","1957-09-10","-72.29444","170.30833","5.2","ADARE HALLETT, AY","    0",",,X","    0",",,X","    0",",,X"," -156",",,X"," -261",",,X",,,,," 1112",",,X","  203","W,,X","   62",",,X",,,,,,,,,,,,
"AYW00087701","1957-09-11","-72.29444","170.30833","5.2","ADARE HALLETT, AY","    0",",,X","    0",",,X","    0",",,X"," -150",",,X"," -278",",,X",,,,," 0942",",,X","  293","W,,X","   93",",,X",,,,,,,,,,,,
"AYW00087701","1957-09-12","-72.29444","170.30833","5.2","ADARE HALLETT, AY","    0",",,X","    0",",,X","    0",",,X"," -189",",,X"," -283",",,X",,,,," 2100",",,X","   23","W,,X","   57",",,X",,,,,,,,,,,,
"AYW00087701","1957-09-13","-72.29444","170.30833","5.2","ADARE HALLETT, AY","    0",",,X","    0",",,X","    0",",,X"," -222",",,X"," -317",",,X",,,,," 0412",",,X","  225","W,,X","   51",",,X",,,,,,,,,,,,
"AYW00087701","1957-09-14","-72.29444","170.30833","5.2","ADARE HALLETT, AY","    0",",,X","    0",",,X","    0",",,X"," -244",",,X"," -333",",,X",,,,," 0618",",,X","  225","W,,X","   36",",,X",,,,,,,,,,,,
"AYW00087701","1957-09-15","-72.29444","170.30833","5.2","ADARE HALLETT, AY","    0",",,X","    0",",,X","    0",",,X"," -256",",,X"," -333",",,X",,,,," 0254",",,X","  203","W,,X","   62",",,X",,,,,,,,,,,,
"AYW00087701","1957-09-16","-72.29444","170.30833","5.2","ADARE HALLETT, AY","    0",",,X","    0",",,X","    0",",,X"," -211",",,X"," -328",",,X",,,,," 0342",",,X","  225","W,,X","   51",",,X",,,,,,,,,,,,
"AYW00087701","1957-09-17","-72.29444","170.30833","5.2","ADARE HALLETT, AY","    0",",,X","    0",",,X","    0",",,X"," -267",",,X"," -344",",,X",,,,," 1812",",,X","  203","W,,X","   36",",,X",,,,,,,,,,,,
"AYW00087701","1957-09-18","-72.29444","170.30833","5.2","ADARE HALLETT, AY","    0",",,X","    0",",,X","    0",",,X"," -278",",,X"," -367",",,X",,,,," 1906",",,X","  225","W,,X","   57",",,X",,,,,,,,,,,,
"AYW00087701","1957-09-19","-72.29444","170.30833","5.2","ADARE HALLETT, AY","    0","T,,X","    0","T,,X","    0",",,X"," -122",",,X"," -361",",,X",,,,," 2242",",,X","  203","W,,X","  283",",,X",,,,,,,,,,,,
"AYW00087701","1957-09-20","-72.29444","170.30833","5.2","ADARE HALLETT, AY","    0",",,X","    0",",,X","    0",",,X"," -100",",,X"," -167",",,X",,,,," 1800",",,X","  180","W,,X","  231",",,X",,,,,,,,,,,,
"AYW00087701","1957-09-21","-72.29444","170.30833","5.2","ADARE HALLETT, AY","    0",",,X","    0",",,X","    0",",,X","  -94",",,X"," -178",",,X",,,,," 0324",",,X","  180","W,,X","  195",",,X",,,,,,,,,,,,
"AYW00087701","1957-09-22","-72.29444","170.30833","5.2","ADARE HALLETT, AY","    0",",,X","    0",",,X","    0",",,X"," -111",",,X"," -211",",,X",,,,," 1924",",,X","  270","W,,X","   62",",,X",,,,,,,,,,,,
"AYW00087701","1957-09-23","-72.29444","170.30833","5.2","ADARE HALLETT, AY","    0",",,X","    0",",,X","    0",",,X"," -133",",,X"," -239",",,X",,,,," 0506",",,X","  225","W,,X","   72",",,X",,,,,,,,,,,,
"AYW00087701","1957-09-24","-72.29444","170.30833","5.2","ADARE HALLETT, AY","    0",",,X","    0",",,X","    0",",,X"," -161",",,X"," -272",",,X",,,,," 2230",",,X","   45","W,,X","   51",",,X",,,,,,,,,,,,
"AYW00087701","1957-09-25","-72.29444","170.30833","5.2","ADARE HALLETT, AY","    0",",,X","    0",",,X","    0",",,X"," -172",",,X"," -278",",,X",,,,," 0118",",,X","  225","W,,X","   93",",,X",,,,,,,,,,,,
"AYW00087701","1957-09-26","-72.29444","170.30833","5.2","ADARE HALLETT, AY","    0",",,X","    0",",,X","    0",",,X"," -206",",,X"," -300",",,X",,,,," 2212",",,X","  270","W,,X","   31",",,X",,,,,,,,,,,,
"AYW00087701","1957-09-27","-72.29444","170.30833","5.2","ADARE HALLETT, AY","    0",",,X","    0",",,X","    0",",,X"," -189",",,X"," -306",",,X",,,,," 1136",",,X","  203","W,,X","   51",",,X",,,,,,,,,,,,
"AYW00087701","1957-09-28","-72.29444","170.30833","5.2","ADARE HALLETT, AY","    0",",,X","    0",",,X","    0",",,X"," -178",",,X"," -267",",,X",,,,," 1712",",,X","  225","W,,X","   57",",,X",,,,,,,,,,,,
"AYW00087701","1957-09-29","-72.29444","170.30833","5.2","ADARE HALLETT, AY","    0",",,X","    0",",,X","    0",",,X"," -133",",,X"," -283",",,X",,,,," 1636",",,X","  225","W,,X","   51",",,X",,,,,,,,,,,,
"AYW00087701","1957-09-30","-72.29444","170.30833","5.2","ADARE HALLETT, AY","    0",",,X","    0",",,X","    0",",,X"," -172",",,X"," -283",",,X",,,,," 0648",",,X","  293","W,,X","   51",",,X",,,,,,,,,,,,
"AYW00087701","1957-10-01","-72.29444","170.30833","5.2","ADARE HALLETT, AY","    0",",,X","    0",",,X","    0",",,X"," -172",",,X"," -294",",,X",,,,," 0712",",,X","  225","W,,X","   46",",,X",,,,,,,,,,,,
"AYW00087701","1957-10-02","-72.29444","170.30833","5.2","ADARE HALLETT, AY","    0",",,X","    0",",,X","    0",",,X"," -167",",,X"," -294",",,X",,,,," 0218",",,X","  203","W,,X","   51",",,X",,,,,,,,,,,,
"AYW00087701","1957-10-03","-72.29444","170.30833","5.2","ADARE HALLETT, AY","   13",",,X","   13",",,X","   25",",,X"," -167",",,X"," -272",",,X",,,,," 2324",",,X","  203","W,,X","  185",",,X",,,,,,,,,,,,
"AYW00087701","1957-10-04","-72.29444","170.30833","5.2","ADARE HALLETT, AY","    0","T,,X","    0","T,,X","    0","T,,X"," -167",",,X"," -189",",,X",,,,," 0836",",,X","  203","W,,X","  442",",,X",,,,,,,,,,,,
"AYW00087701","1957-10-05","-72.29444","170.30833","5.2","ADARE HALLETT, AY","    0",",,X","    0",",,X","    0",",,X"," -178",",,X"," -244",",,X",,,,," 0012",",,X","  203","W,,X","  252",",,X",,,,,,,,,,,,
"AYW00087701","1957-10-06","-72.29444","170.30833","5.2","ADARE HALLETT, AY","    0","T,,X","    0","T,,X","    0","T,,X"," -183",",,X"," -278",",,X",,,,," 2300",",,X","  203","W,,X","   62",",,X",,,,,,,,,,,,
"AYW00087701","1957-10-07","-72.29444","170.30833","5.2","ADARE HALLETT, AY","    0","T,,X","    0","T,,X","    0","T,,X"," -189",",,X"," -278",",,X",,,,," 2248",",,X","  203","W,,X","  298",",,X",,,,,,,,,,,,
"AYW00087701","1957-10-08","-72.29444","170.30833","5.2","ADARE HALLETT, AY","    0","T,,X","    0","T,,X","    0","T,,X"," -150",",,X"," -261",",,X",,,,," 0100",",,X","  203","W,,X","  339",",,X",,,,,,,,,,,,
"AYW00087701","1957-10-09","-72.29444","170.30833","5.2","ADARE HALLETT, AY","    0",",,X","    0",",,X","    0",",,X"," -172",",,X"," -272",",,X",,,,," 2148",",,X","  203","W,,X","   62",",,X",,,,,,,,,,,,
"AYW00087701","1957-10-10","-72.29444","170.30833","5.2","ADARE HALLETT, AY","    0",",,X","    0",",,X","    0",",,X"," -117",",,X"," -300",",,X",,,,," 1212",",,X","  248","W,,X","   82",",,X",,,,,,,,,,,,
"AYW00087701","1957-10-11","-72.29444","170.30833","5.2","ADARE HALLETT, AY","    0","T,,X","    0","T,,X","    0","T,,X"," -128",",,X"," -233",",,X",,,,," 0000",",,X","  225","W,,X","   72",",,X",,,,,,,,,,,,
"AYW00087701","1957-10-12","-72.29444","170.30833","5.2","ADARE HALLETT, AY","    0","T,,X","    0","T,,X","    0","T,,X"," -172",",,X"," -250",",,X",,,,," 2348",",,X","  225","W,,X","  113",",,X",,,,,,,,,,,,
"AYW00087701","1957-10-13","-72.29444","170.30833","5.2","ADARE HALLETT, AY","    0",",,X","    0",",,X","    0",",,X"," -139",",,X"," -261",",,X",,,,," 0006",",,X","  225","W,,X","  123",",,X",,,,,,,,,,,,
"AYW00087701","1957-10-14","-72.29444","170.30833","5.2","ADARE HALLETT, AY","    0",",,X","    0",",,X","    0",",,X"," -139",",,X"," -261",",,X",,,,," 1236",",,X","  203","W,,X","   51",",,X",,,,,,,,,,,,
"AYW00087701","1957-10-15","-72.29444","170.30833","5.2","ADARE HALLETT, AY","    0",",,X","    0",",,X","    0",",,X"," -150",",,X"," -289",",,X",,,,," 2024",",,X","  203","W,,X","   51",",,X",,,,,,,,,,,,
"AYW00087701","1957-10-16","-72.29444","170.30833","5.2","ADARE HALLETT, AY","    0","T,,X","    0","T,,X","    0","T,,X"," -128",",,X"," -244",",,X",,,,," 1936",",,X","  203","W,,X","  195",",,X",,,,,,,,,,,,
"AYW00087701","1957-10-17","-72.29444","170.30833","5.2","ADARE HALLETT, AY","    0","T,,X","    0","T,,X","    0",",,X"," -144",",,X"," -233",",,X",,,,," 0224",",,X","  203","W,,X","  185",",,X",,,,,,,,,,,,
"AYW00087701","1957-10-18","-72.29444","170.30833","5.2","ADARE HALLETT, AY","  203",",,X","  203",",,X","  127",",,X","  -94",",,X"," -233",",,X",,,,," 2342",",,X","  158","W,,X","  252",",,X",,,,,,,,,,,,
"AYW00087701","1957-10-19","-72.29444","170.30833","5.2","ADARE HALLETT, AY","    0","T,,X","    0","T,,X","    0","T,,X"," -106",",,X"," -156",",,X",,,,," 0836",",,X","  180","W,,X","  350",",,X",,,,,,,,,,,,
"AYW00087701","1957-10-20","-72.29444","170.30833","5.2","ADARE HALLETT, AY","    0",",,X","    0",",,X","    0",",,X"," -133",",,X"," -200",",,X",,,,," 0000",",,X","  113","W,,X","   72",",,X",,,,,,,,,,,,
"AYW00087701","1957-10-21","-72.29444","170.30833","5.2","ADARE HALLETT, AY","    0","T,,X","    0","T,,X","    0","T,,X"," -139",",,X"," -211",",,X",,,,," 2306",",,X","  203","W,,X","  195",",,X",,,,,,,,,,,,
"AYW00087701","1957-10-22","-72.29444","170.30833","5.2","ADARE HALLETT, AY","    0","T,,X","    0","T,,X","    0",",,X"," -156",",,X"," -178",",,X",,,,," 2342",",,X","  180","W,,X","  499",",,X",,,,,,,,,,,,
"AYW00087701","1957-10-23","-72.29444","170.30833","5.2","ADARE HALLETT, AY","    0","T,,X","    0","T,,X","    0",",,X"," -100",",,X"," -167",",,X",,,,," 0330",",,X","  203","W,,X","  509",",,X",,,,,,,,,,,,
"AYW00087701","1957-10-24","-72.29444","170.30833","5.2","ADARE HALLETT, AY","    0",",,X","    0",",,X","    0",",,X","  -61",",,X"," -167",",,X",,,,," 0518",",,X","  180","W,,X","  319",",,X",,,,,,,,,,,,
"AYW00087701","1957-10-25","-72.29444","170.30833","5.2","ADARE HALLETT, AY","    0","T,,X","    0","T,,X","    0","T,,X","  -67",",,X"," -206",",,X",,,,," 1842",",,X","  225","W,,X","   67",",,X",,,,,,,,,,,,
"AYW00087701","1957-10-26","-72.29444","170.30833","5.2","ADARE HALLETT, AY","    0","T,,X","    0","T,,X","    0",",,X"," -111",",,X"," -144",",,X",,,,," 2036",",,X","  203","W,,X","  247",",,X",,,,,,,,,,,,
"AYW00087701","1957-10-27","-72.29444","170.30833","5.2","ADARE HALLETT, AY","    0","T,,X","    0","T,,X","    0",",,X"," -111",",,X"," -150",",,X",,,,," 2248",",,X","  180","W,,X","  221",",,X",,,,,,,,,,,,
"AYW00087701","1957-10-28","-72.29444","170.30833","5.2","ADARE HALLETT, AY","    0",",,X","    0",",,X","    0",",,X","  -78",",,X"," -133",",,X",,,,," 0500",",,X","  180","W,,X","  211",",,X",,,,,,,,,,,,
"AYW00087701","1957-10-29","-72.29444","170.30833","5.2","ADARE HALLETT, AY","    0",",,X","    0",",,X","    0",",,X","  -22",",,X"," -150",",,X",,,,," 0254",",,X","  180","W,,X","  226",",,X",,,,,,,,,,,,
"AYW00087701","1957-10-30","-72.29444","170.30833","5.2","ADARE HALLETT, AY","    0","T,,X","    0","T,,X","    0","T,,X","  -72",",,X"," -178",",,X",,,,," 0754",",,X","   45","W,,X","   87",",,X",,,,,,,,,,,,
"AYW00087701","1957-10-31","-72.29444","170.30833","5.2","ADARE HALLETT, AY","    0","T,,X","    0","T,,X","    0","T,,X","  -89",",,X"," -133",",,X",,,,," 2348",",,X","  225","W,,X","  175",",,X",,,,,,,,,,,,
"AYW00087701","1957-11-01","-72.29444","170.30833","5.2","ADARE HALLETT, AY","    0","T,,X","    0","T,,X","    0","T,,X","  -67",",,X"," -122",",,X",,,,," 0630",",,X","  203","W,,X","  206",",,X",,,,,,,,,,,,
"AYW00087701","1957-11-02","-72.29444","170.30833","5.2","ADARE HALLETT, AY","    0","T,,X","    0","T,,X","    0",",,X","  -61",",,X"," -122",",,X",,,,," 0718",",,X","  203","W,,X","  262",",,X",,,,,,,,,,,,
"AYW00087701","1957-11-03","-72.29444","170.30833","5.2","ADARE HALLETT, AY","    0",",,X","    0",",,X","    0",",,X","  -72",",,X"," -172",",,X",,,,," 0006",",,X","  203","W,,X","   72",",,X",,,,,,,,,,,,
"AYW00087701","1957-11-04","-72.29444","170.30833","5.2","ADARE HALLETT, AY","    0",",,X","    0",",,X","    0",",,X","  -61",",,X"," -133",",,X",,,,," 1218",",,X","   45","W,,X","   51",",,X",,,,,,,,,,,,
"AYW00087701","1957-11-05","-72.29444","170.30833","5.2","ADARE HALLETT, AY","    0",",,X","    0",",,X","    0",",,X","  -11",",,X"," -161",",,X",,,,," 0542",",,X","  248","W,,X","   72",",,X",,,,,,,,,,,,
"AYW00087701","1957-11-06","-72.29444","170.30833","5.2","ADARE HALLETT, AY","    0","T,,X","    0","T,,X","    0","T,,X","  -44",",,X"," -139",",,X",,,,," 2118",",,X","  293","W,,X","   67",",,X",,,,,,,,,,,,
"AYW00087701","1957-11-07","-72.29444","170.30833","5.2","ADARE HALLETT, AY","    0","T,,X","    0","T,,X","    0",",,X","  -67",",,X"," -122",",,X",,,,," 1130",",,X","  225","W,,X","  108",",,X",,,,,,,,,,,,
"AYW00087701","1957-11-08","-72.29444","170.30833","5.2","ADARE HALLETT, AY","    0","T,,X","    0","T,,X","    0","T,,X","  -56",",,X"," -117",",,X",,,,," 2130",",,X","  113","W,,X","   82",",,X",,,,,,,,,,,,
"AYW00087701","1957-11-09","-72.29444","170.30833","5.2","ADARE HALLETT, AY","    0",",,X","    0","T,,X","    0","T,,X","  -44",",,X"," -178",",,X",,,,," 0218",",,X","  225","W,,X","   51",",,X",,,,,,,,,,,,
"AYW00087701","1957-11-10","-72.29444","170.30833","5.2","ADARE HALLETT, AY","    0",",,X","    0",",,X","    0",",,X","  -67",",,X"," -194",",,X",,,,," 1342",",,X","  293","W,,X","   57",",,X",,,,,,,,,,,,
"AYW00087701","1957-11-11","-72.29444","170.30833","5.2","ADARE HALLETT, AY","    0",",,X","    0",",,X","    0",",,X","  -67",",,X"," -206",",,X",,,,," 2124",",,X","  203","W,,X","  123",",,X",,,,,,,,,,,,
"AYW00087701","1957-11-12","-72.29444","170.30833","5.2","ADARE HALLETT, AY","    0",",,X","    0",",,X","    0",",,X","  -56",",,X"," -117",",,X",,,,," 0148",",,X","  135","W,,X","  180",",,X",,,,,,,,,,,,
"AYW00087701","1957-11-13","-72.29444","170.30833","5.2","ADARE HALLETT, AY","    0",",,X","    0",",,X","    0",",,X","  -44",",,X"," -156",",,X",,,,," 1612",",,X","  113","W,,X","  118",",,X",,,,,,,,,,,,
"AYW00087701","1957-11-14","-72.29444","170.30833","5.2","ADARE HALLETT, AY","    0",",,X","    0",",,X","    0",",,X","  -56",",,X"," -139",",,X",,,,," 1712",",,X","  293","W,,X","   41",",,X",,,,,,,,,,,,
"AYW00087701","1957-11-15","-72.29444","170.30833","5.2","ADARE HALLETT, AY","    0",",,X","    0",",,X","    0",",,X","  -17",",,X"," -144",",,X",,,,," 0300",",,X","  248","W,,X","   51",",,X",,,,,,,,,,,,
"AYW00087701","1957-11-16","-72.29444","170.30833","5.2","ADARE HALLETT, AY","    0",",,X","    0",",,X","    0",",,X","   17",",,X","  -83",",,X",,,,," 1754",",,X","   68","W,,X","   82",",,X",,,,,,,,,,,,
"AYW00087701","1957-11-17","-72.29444","170.30833","5.2","ADARE HALLETT, AY","    0",",,X","    0",",,X","    0",",,X","   -6",",,X","  -67",",,X",,,,," 1742",",,X","  113","W,,X","   87",",,X",,,,,,,,,,,,
"AYW00087701","1957-11-18","-72.29444","170.30833","5.2","ADARE HALLETT, AY","    0",",,X","    0",",,X","    0",",,X","   -6",",,X","  -72",",,X",,,,," 1348",",,X","   45","W,,X","   41",",,X",,,,,,,,,,,,
"AYW00087701","1957-11-19","-72.29444","170.30833","5.2","ADARE HALLETT, AY","    0",",,X","    0",",,X","    0",",,X","  -11",",,X"," -111",",,X",,,,," 1300",",,X","  113","W,,X","  113",",,X",,,,,,,,,,,,
"AYW00087701","1957-11-20","-72.29444","170.30833","5.2","ADARE HALLETT, AY","    0",",,X","    0",",,X","    0",",,X","  -22",",,X"," -106",",,X",,,,," 1142",",,X","  225","W,,X","  144",",,X",,,,,,,,,,,,
"AYW00087701","1957-11-21","-72.29444","170.30833","5.2","ADARE HALLETT, AY","    0",",,X","    0",",,X","    0",",,X","  -39",",,X"," -106",",,X",,,,," 0054",",,X","  180","W,,X","  180",",,X",,,,,,,,,,,,
"AYW00087701","1957-11-22","-72.29444","170.30833","5.2","ADARE HALLETT, AY","    0",",,X","    0",",,X","    0",",,X","  -39",",,X"," -117",",,X",,,,," 0424",",,X","  180","W,,X","  134",",,X",,,,,,,,,,,,
"AYW00087701","1957-11-23","-72.29444","170.30833","5.2","ADARE HALLETT, AY","    0",",,X","    0",",,X","    0",",,X","  -17",",,X"," -122",",,X",,,,," 2354",",,X","  203","W,,X","   98",",,X",,,,,,,,,,,,
"AYW00087701","1957-11-24","-72.29444","170.30833","5.2","ADARE HALLETT, AY","    0","T,,X","    0","T,,X","    0",",,X","  -39",",,X","  -67",",,X",,,,," 1854",",,X","  113","W,,X","  134",",,X",,,,,,,,,,,,
"AYW00087701","1957-11-25","-72.29444","170.30833","5.2","ADARE HALLETT, AY","    0",",,X","    0",",,X","    0",",,X","  -28",",,X","  -78",",,X",,,,," 1518",",,X","  203","W,,X","  139",",,X",,,,,,,,,,,,
"AYW00087701","1957-11-26","-72.29444","170.30833","5.2","ADARE HALLETT, AY","    0",",,X","    0",",,X","    0",",,X","   -6",",,X","  -61",",,X",,,,," 0318",",,X","  180","W,,X","  175",",,X",,,,,,,,,,,,
"AYW00087701","1957-11-27","-72.29444","170.30833","5.2","ADARE HALLETT, AY","    0",",,X","    0",",,X","    0",",,X","    6",",,X","  -72",",,X",,,,," 0530",",,X","  248","W,,X","  123",",,X",,,,,,,,,,,,
"AYW00087701","1957-11-28","-72.29444","170.30833","5.2","ADARE HALLETT, AY","    0",",,X","    0",",,X","    0",",,X","   11",",,X","  -94",",,X",,,,," 1748",",,X","  113","W,,X","   77",",,X",,,,,,,,,,,,
"AYW00087701","1957-11-29","-72.29444","170.30833","5.2","ADARE HALLETT, AY","    0",",,X","    0",",,X","    0",",,X","   22",",,X"," -100",",,X",,,,," 0412",",,X","  248","W,,X","   46",",,X",,,,,,,,,,,,
"AYW00087701","1957-11-30","-72.29444","170.30833","5.2","ADARE HALLETT, AY","    0",",,X","    0",",,X","    0",",,X","   17",",,X","  -61",",,X",,,,," 0100",",,X","  225","W,,X","   36",",,X",,,,,,,,,,,,
"AYW00087701","1957-12-01","-72.29444","170.30833","5.2","ADARE HALLETT, AY","    0",",,X","    0",",,X","    0",",,X","   22",",,X","  -56",",,X",,,,," 1524",",,X","   23","W,,X","   51",",,X",,,,,,,,,,,,
"AYW00087701","1957-12-02","-72.29444","170.30833","5.2","ADARE HALLETT, AY","    0",",,X","    0",",,X","    0",",,X","   11",",,X","  -50",",,X",,,,," 0912",",,X","  225","W,,X","   46",",,X",,,,,,,,,,,,
"AYW00087701","1957-12-03","-72.29444","170.30833","5.2","ADARE HALLETT, AY","    0",",,X","    0",",,X","    0",",,X","   33",",,X","  -61",",,X",,,,," 1312",",,X","  180","W,,X","   67",",,X",,,,,,,,,,,,
"AYW00087701","1957-12-04","-72.29444","170.30833","5.2","ADARE HALLETT, AY","    0",",,X","    0",",,X","    0",",,X","   22",",,X","  -67",",,X",,,,," 1654",",,X","   68","W,,X","   62",",,X",,,,,,,,,,,,
"AYW00087701","1957-12-05","-72.29444","170.30833","5.2","ADARE HALLETT, AY","    0","T,,X","    0","T,,X","    0",",,X","   11",",,X","  -44",",,X",,,,," 0512",",,X","  225","W,,X","   77",",,X",,,,,,,,,,,,
"AYW00087701","1957-12-06","-72.29444","170.30833","5.2","ADARE HALLETT, AY","    0","T,,X","    0","T,,X","    0",",,X","    6",",,X","  -67",",,X",,,,," 0224",",,X","  225","W,,X","   31",",,X",,,,,,,,,,,,
"AYW00087701","1957-12-07","-72.29444","170.30833","5.2","ADARE HALLETT, AY","    0",",,X","    0",",,X","    0",",,X","   22",",,X","  -22",",,X",,,,," 1906",",,X","  113","W,,X","  103",",,X",,,,,,,,,,,,
"AYW00087701","1957-12-08","-72.29444","170.30833","5.2","ADARE HALLETT, AY","    0",",,X","    0",",,X","    0",",,X","   17",",,X","  -17",",,X",,,,," 2124",",,X","  113","W,,X","   77",",,X",,,,,,,,,,,,
"AYW00087701","1957-12-09","-72.29444","170.30833","5.2","ADARE HALLETT, AY","    0","T,,X","    0","T,,X","    0","T,,X","   28",",,X","  -22",",,X",,,,," 1918",",,X","   45","W,,X","   57",",,X",,,,,,,,,,,,
"AYW00087701","1957-12-10","-72.29444","170.30833","5.2","ADARE HALLETT, AY","    0","T,,X","    0","T,,X","    0",",,X","   22",",,X","  -33",",,X",,,,," 0812",",,X","   45","W,,X","   57",",,X",,,,,,,,,,,,
"AYW00087701","1957-12-11","-72.29444","170.30833","5.2","ADARE HALLETT, AY","    0",",,X","    0",",,X","    0",",,X","   22",",,X","  -44",",,X",,,,," 2006",",,X","   90","W,,X","   67",",,X",,,,,,,,,,,,
"AYW00087701","1957-12-12","-72.29444","170.30833","5.2","ADARE HALLETT, AY","    0",",,X","    0",",,X","    0",",,X","   28",",,X","  -67",",,X",,,,," 2306",",,X","  225","W,,X","   46",",,X",,,,,,,,,,,,
"AYW00087701","1957-12-13","-72.29444","170.30833","5.2","ADARE HALLETT, AY","    0",",,X","    0",",,X","    0",",,X","   39",",,X","  -61",",,X",,,,," 1330",",,X","   68","W,,X","   82",",,X",,,,,,,,,,,,
"AYW00087701","1957-12-14","-72.29444","170.30833","5.2","ADARE HALLETT, AY","    0",",,X","    0",",,X","    0",",,X","   44",",,X","  -67",",,X",,,,," 1524",",,X","   45","W,,X","   77",",,X",,,,,,,,,,,,
"AYW00087701","1957-12-15","-72.29444","170.30833","5.2","ADARE HALLETT, AY","    0",",,X","    0",",,X","    0",",,X","   28",",,X","  -44",",,X",,,,," 0318",",,X","  293","W,,X","  103",",,X",,,,,,,,,,,,
"AYW00087701","1957-12-16","-72.29444","170.30833","5.2","ADARE HALLETT, AY","    0",",,X","    0",",,X","    0",",,X","   11",",,X","  -50",",,X",,,,," 1506",",,X","   23","W,,X","   62",",,X",,,,,,,,,,,,
"AYW00087701","1957-12-17","-72.29444","170.30833","5.2","ADARE HALLETT, AY","    0",",,X","    0",",,X","    0",",,X","   22",",,X","  -72",",,X",,,,," 2130",",,X","  203","W,,X","   82",",,X",,,,,,,,,,,,
"AYW00087701","1957-12-18","-72.29444","170.30833","5.2","ADARE HALLETT, AY","    0","T,,X","    0","T,,X","    0",",,X","   22",",,X","  -39",",,X",,,,," 0800",",,X","  225","W,,X","  170",",,X",,,,,,,,,,,,
"AYW00087701","1957-12-19","-72.29444","170.30833","5.2","ADARE HALLETT, AY","    0","T,,X","    0","T,,X","    0",",,X","   11",",,X","  -33",",,X",,,,," 1748",",,X","  203","W,,X","  190",",,X",,,,,,,,,,,,
"AYW00087701","1957-12-20","-72.29444","170.30833","5.2","ADARE HALLETT, AY","    0",",,X","    0",",,X","    0",",,X","   22",",,X","  -33",",,X",,,,," 1536",",,X","  180","W,,X","  144",",,X",,,,,,,,,,,,
"AYW00087701","1957-12-21","-72.29444","170.30833","5.2","ADARE HALLETT, AY","    0",",,X","    0",",,X","    0",",,X","   39",",,X","  -17",",,X",,,,," 0230",",,X","  113","W,,X","  113",",,X",,,,,,,,,,,,
"AYW00087701","1957-12-22","-72.29444","170.30833","5.2","ADARE HALLETT, AY","    0",",,X","    0",",,X","    0",",,X","   39",",,X","  -56",",,X",,,,," 1236",",,X","  293","W,,X","   51",",,X",,,,,,,,,,,,
"AYW00087701","1957-12-23","-72.29444","170.30833","5.2","ADARE HALLETT, AY","    0",",,X","    0",",,X","    0",",,X","   39",",,X","  -61",",,X",,,,," 2300",",,X","  180","W,,X","  211",",,X",,,,,,,,,,,,
"AYW00087701","1957-12-24","-72.29444","170.30833","5.2","ADARE HALLETT, AY","   13",",,X","   13",",,X","   25",",,X","   11",",,X","  -22",",,X",,,,," 0554",",,X","  180","W,,X","  226",",,X",,,,,,,,,,,,
"AYW00087701","1957-12-25","-72.29444","170.30833","5.2","ADARE HALLETT, AY","    0","T,,X","    0","T,,X","    0",",,X","   28",",,X","  -11",",,X",,,,," 1042",",,X","  180","W,,X","  221",",,X",,,,,,,,,,,,
"AYW00087701","1957-12-26","-72.29444","170.30833","5.2","ADARE HALLETT, AY","    0",",,X","    0",",,X","    0",",,X","   22",",,X","  -22",",,X",,,,," 2148",",,X","  225","W,,X","  170",",,X",,,,,,,,,,,,
"AYW00087701","1957-12-27","-72.29444","170.30833","5.2","ADARE HALLETT, AY","    0",",,X","    0",",,X","    0",",,X","   17",",,X","  -11",",,X",,,,," 0430",",,X","  203","W,,X","  267",",,X",,,,,,,,,,,,
"AYW00087701","1957-12-28","-72.29444","170.30833","5.2","ADARE HALLETT, AY","    0",",,X","    0",",,X","    0",",,X","   28",",,X","  -22",",,X",,,,," 0200",",,X","  158","W,,X","  185",",,X",,,,,,,,,,,,
"AYW00087701","1957-12-29","-72.29444","170.30833","5.2","ADARE HALLETT, AY","    0","T,,X","    0","T,,X","    0",",,X","   22",",,X","  -22",",,X",,,,," 0900",",,X","   90","W,,X","   77",",,X",,,,,,,,,,,,
"AYW00087701","1957-12-30","-72.29444","170.30833","5.2","ADARE HALLETT, AY","    0",",,X","    0",",,X","    0",",,X","   11",",,X","  -33",",,X",,,,," 1918",",,X","   68","W,,X","   87",",,X",,,,,,,,,,,,
"AYW00087701","1957-12-31","-72.29444","170.30833","5.2","ADARE HALLETT, AY","    0","T,,X","    0","T,,X","    0",",,X","    6",",,X","  -28",",,X",,,,," 1418",",,X","  113","W,,X","   77",",,X",,,,,,,,,,,,
"AYW00087701","1958-01-01","-72.29444","170.30833","5.2","ADARE HALLETT, AY","    0",",,X","    0",",,X","    0",",,X","   28",",,X","  -22",",,X",,,,," 0524",",,X","  225","W,,X","  149",",,X",,,,,,,,,,,,
"AYW00087701","1958-01-02","-72.29444","170.30833","5.2","ADARE HALLETT, AY","    0",",,X","    0",",,X","    0",",,X","   33",",,X","  -56",",,X",,,,," 1330",",,X","   68","W,,X","   93",",,X",,,,,,,,,,,,
"AYW00087701","1958-01-03","-72.29444","170.30833","5.2","ADARE HALLETT, AY","    0",",,X","    0",",,X","    0",",,X","   33",",,X","  -61",",,X",,,,," 2100",",,X","  360","W,,X","   31",",,X","    1",",,X",,,,,,,,,,
"AYW00087701","1958-01-04","-72.29444","170.30833","5.2","ADARE HALLETT, AY","    0",",,X","    0",",,X","    0",",,X","   11",",,X","  -50",",,X",,,,," 0924",",,X","  225","W,,X","   51",",,X","    1",",,X",,,,,,,,,,
"AYW00087701","1958-01-05","-72.29444","170.30833","5.2","ADARE HALLETT, AY","    0",",,X","    0",",,X","    0",",,X","   17",",,X","  -67",",,X",,,,," 1700",",,X","   45","W,,X","   77",",,X","    1",",,X",,,,,,,,,,
"AYW00087701","1958-01-06","-72.29444","170.30833","5.2","ADARE HALLETT, AY","    0",",,X","    0",",,X","    0",",,X","   50",",,X","  -33",",,X",,,,," 1730",",,X","  113","W,,X","   72",",,X",,,,,,,,,,,,
"AYW00087701","1958-01-07","-72.29444","170.30833","5.2","ADARE HALLETT, AY","    0",",,X","    0",",,X","    0",",,X","   22",",,X","  -39",",,X",,,,," 1536",",,X","   90","W,,X","  123",",,X",,,,,,,,,,,,
"AYW00087701","1958-01-08","-72.29444","170.30833","5.2","ADARE HALLETT, AY","    0","T,,X","    0","T,,X","    0",",,X","   17",",,X","  -28",",,X",,,,," 1554",",,X","  113","W,,X","   98",",,X",,,,,,,,,,,"    1",",,X"
"AYW00087701","1958-01-09","-72.29444","170.30833","5.2","ADARE HALLETT, AY","    0",",,X","    0",",,X","    0",",,X","   28",",,X","  -22",",,X",,,,," 2206",",,X","   90","W,,X","   72",",,X",,,,,,,,,,,,
"AYW00087701","1958-01-10","-72.29444","170.30833","5.2","ADARE HALLETT, AY","    0",",,X","    0",",,X","    0",",,X","   28",",,X","  -33",",,X",,,,," 1412",",,X","   45","W,,X","   57",",,X",,,,,,,,,,,,
"AYW00087701","1958-01-11","-72.29444","170.30833","5.2","ADARE HALLETT, AY","    0",",,X","    0",",,X","    0",",,X","   22",",,X","  -44",",,X",,,,," 1312",",,X","  203","W,,X","   51",",,X",,,,,,,,,,,,
"AYW00087701","1958-01-12","-72.29444","170.30833","5.2","ADARE HALLETT, AY","    0",",,X","    0",",,X","    0",",,X","   28",",,X","  -50",",,X",,,,," 1600",",,X","  113","W,,X","   93",",,X",,,,,,,,,,,,
"AYW00087701","1958-01-13","-72.29444","170.30833","5.2","ADARE HALLETT, AY","    0","T,,X","    0","T,,X","    0","T,,X","   17",",,X","  -44",",,X",,,,," 2154",",,X","  203","W,,X","  149",",,X",,,,,,,,,,,"    1",",,X"
"AYW00087701","1958-01-14","-72.29444","170.30833","5.2","ADARE HALLETT, AY","    0","T,,X","    0","T,,X","    0","T,,X","   22",",,X","  -28",",,X",,,,," 0306",",,X","  113","W,,X","  206",",,X",,,,,,,,,,,"    1",",,X"
"AYW00087701","1958-01-15","-72.29444","170.30833","5.2","ADARE HALLETT, AY","    0",",,X","    0",",,X","    0",",,X","   56",",,X","  -28",",,X",,,,," 0212",",,X","  225","W,,X","   93",",,X",,,,,,,,,,,,
"AYW00087701","1958-01-16","-72.29444","170.30833","5.2","ADARE HALLETT, AY","    0",",,X","    0",",,X","    0",",,X","   28",",,X","  -44",",,X",,,,," 0512",",,X","  225","W,,X","   72",",,X",,,,,,,,,,,,
"AYW00087701","1958-01-17","-72.29444","170.30833","5.2","ADARE HALLETT, AY","    0",",,X","    0",",,X","    0",",,X","   11",",,X","  -33",",,X",,,,," 1412",",,X","   45","W,,X","   41",",,X",,,,,,,,,,,,
"AYW00087701","1958-01-18","-72.29444","170.30833","5.2","ADARE HALLETT, AY","    0",",,X","    0",",,X","    0",",,X","   28",",,X","  -61",",,X",,,,," 2218",",,X","  225","W,,X","   67",",,X",,,,,,,,,,,,
"AYW00087701","1958-01-19","-72.29444","170.30833","5.2","ADARE HALLETT, AY","    0",",,X","    0",",,X","    0",",,X","   33",",,X","  -50",",,X",,,,," 1212",",,X","   45","W,,X","   51",",,X",,,,,,,,,,,,
"AYW00087701","1958-01-20","-72.29444","170.30833","5.2","ADARE HALLETT, AY","    0",",,X","    0",",,X","    0",",,X","   39",",,X","  -44",",,X",,,,," 1706",",,X","  225","W,,X","   57",",,X",,,,,,,,,,,,
"AYW00087701","1958-01-21","-72.29444","170.30833","5.2","ADARE HALLETT, AY","    0",",,X","    0",",,X","    0",",,X","   17",",,X","  -33",",,X",,,,," 1154",",,X","  270","W,,X","   51",",,X","    1",",,X",,,,,,,,,,
"AYW00087701","1958-01-22","-72.29444","170.30833","5.2","ADARE HALLETT, AY","    0",",,X","    0",",,X","    0",",,X","   50",",,X","  -33",",,X",,,,," 1806",",,X","  135","W,,X","   98",",,X",,,,,,,,,,,,
"AYW00087701","1958-01-23","-72.29444","170.30833","5.2","ADARE HALLETT, AY","    0",",,X","    0",",,X","    0",",,X","   28",",,X","  -28",",,X",,,,," 1600",",,X","  225","W,,X","   31",",,X",,,,,,,,,,,,
"AYW00087701","1958-01-24","-72.29444","170.30833","5.2","ADARE HALLETT, AY","    0",",,X","    0",",,X","    0",",,X","   33",",,X","  -56",",,X",,,,," 0930",",,X","  113","W,,X","  139",",,X",,,,,,,,,,,,
"AYW00087701","1958-01-25","-72.29444","170.30833","5.2","ADARE HALLETT, AY","    0",",,X","    0",",,X","    0",",,X","   22",",,X","  -39",",,X",,,,," 2300",",,X","  135","W,,X","   62",",,X",,,,,,,,,,,,
"AYW00087701","1958-01-26","-72.29444","170.30833","5.2","ADARE HALLETT, AY","    0","T,,X","    0","T,,X","    0","T,,X","    6",",,X","  -28",",,X",,,,," 0424",",,X","  113","W,,X","  149",",,X",,,,,,,,,,,"    1",",,X"
"AYW00087701","1958-01-27","-72.29444","170.30833","5.2","ADARE HALLETT, AY","    0","T,,X","    0","T,,X","    0",",,X","   22",",,X","  -28",",,X",,,,," 2312",",,X","  180","W,,X","  129",",,X",,,,,,,,,,,"    1",",,X"
"AYW00087701","1958-01-28","-72.29444","170.30833","5.2","ADARE HALLETT, AY","    0","T,,X","    0","T,,X","    0",",,X","    6",",,X","  -39",",,X",,,,," 0236",",,X","  180","W,,X","  159",",,X",,,,,,,,,,,"    1",",,X"
"AYW00087701","1958-01-29","-72.29444","170.30833","5.2","ADARE HALLETT, AY","    0","T,,X","    0","T,,X","    0","T,,X","   -6",",,X","  -39",",,X",,,,," 2118",",,X","  180","W,,X","  226",",,X",,,,,,,,,,,"    1",",,X"
"AYW00087701","1958-01-30","-72.29444","170.30833","5.2","ADARE HALLETT, AY","   51",",,X","   51",",,X","   51",",,X",,,,,,,,," 0506",",,X","  180","W,,X","  324",",,X",,,,,,,"    1",",,X",,,"    1",",,X"
"AYW00087701","1958-01-31","-72.29444","170.30833","5.2","ADARE HALLETT, AY","    0","T,,X","    0","T,,X","    0","T,,X","   17",",,X","  -39",",,X",,,,," 0000",",,X","  180","W,,X","  221",",,X",,,,,,,"    1",",,X",,,"    1",",,X"
"AYW00087701","1958-02-01","-72.29444","170.30833","5.2","ADARE HALLETT, AY","    0",",,X","    0",",,X","    0",",,X","   28",",,X","  -28",",,X",,,,," 1036",",,X","  225","W,,X","   62",",,X",,,,,,,,,,,,
"AYW00087701","1958-02-02","-72.29444","170.30833","5.2","ADARE HALLETT, AY","    0",",,X","    0",",,X","    0",",,X","   28",",,X","  -28",",,X",,,,," 0600",",,X","  270","W,,X","  159",",,X",,,,,,,,,,,,
"AYW00087701","1958-02-03","-72.29444","170.30833","5.2","ADARE HALLETT, AY","    0",",,X","    0",",,X","    0",",,X","   33",",,X","  -33",",,X",,,,," 0200",",,X","  225","W,,X","   62",",,X",,,,,,,,,,,,
"AYW00087701","1958-02-04","-72.29444","170.30833","5.2","ADARE HALLETT, AY","    0",",,X","    0",",,X","    0",",,X","    6",",,X","  -39",",,X",,,,," 0100",",,X","  225","W,,X","   41",",,X",,,,,,,,,,,,
"AYW00087701","1958-02-05","-72.29444","170.30833","5.2","ADARE HALLETT, AY","    0",",,X","    0",",,X","    0",",,X","    6",",,X","  -44",",,X",,,,," 1448",",,X","   45","W,,X","   87",",,X",,,,,,,,,,,,
"AYW00087701","1958-02-06","-72.29444","170.30833","5.2","ADARE HALLETT, AY","    0",",,X","    0",",,X","    0",",,X","   17",",,X","  -56",",,X",,,,," 0200",",,X","  270","W,,X","   62",",,X",,,,,,,,,,,,
"AYW00087701","1958-02-07","-72.29444","170.30833","5.2","ADARE HALLETT, AY","    0",",,X","    0",",,X","    0",",,X","    0",",,X","  -44",",,X",,,,," 2336",",,X","  225","W,,X","   67",",,X",,,,,,,,,,,,
"AYW00087701","1958-02-08","-72.29444","170.30833","5.2","ADARE HALLETT, AY","    0","T,,X","    0","T,,X","    0","T,I,X","   22",",,X","  -33",",,X",,,,," 2330",",,X","   90","W,,X","   82",",,X",,,,,,,,,,,,
"AYW00087701","1958-02-09","-72.29444","170.30833","5.2","ADARE HALLETT, AY","   28",",,X","   28",",I,X","  152",",I,X","   11",",,X","  -39",",,X",,,,," 2330",",,X","  180","W,,X","   93",",,X",,,,,,,,,,,,
"AYW00087701","1958-02-10","-72.29444","170.30833","5.2","ADARE HALLETT, AY","    0","T,,X","    0","T,,X","    0","T,,X","   17",",,X","  -28",",,X",,,,," 0500",",,X","  180","W,,X","  113",",,X",,,,,,,,,,,,
"AYW00087701","1958-02-11","-72.29444","170.30833","5.2","ADARE HALLETT, AY","    0",",,X","    0",",,X","    0",",,X","   22",",,X","  -28",",,X",,,,," 1412",",,X","   90","W,,X","   67",",,X",,,,,,,,,,,,
"AYW00087701","1958-02-12","-72.29444","170.30833","5.2","ADARE HALLETT, AY","    0","T,,X","    0","T,,X","   25",",,X","  -11",",,X","  -39",",,X",,,,," 1406",",,X","  180","W,,X","  113",",,X",,,,,,,,,,,,
"AYW00087701","1958-02-13","-72.29444","170.30833","5.2","ADARE HALLETT, AY","    0","T,,X","    0","T,,X","    0","T,,X","    6",",,X","  -44",",,X",,,,," 0230",",,X","  203","W,,X","  159",",,X",,,,,,,,,,,,
"AYW00087701","1958-02-14","-72.29444","170.30833","5.2","ADARE HALLETT, AY","    0",",,X","    0",",,X","    0",",,X","    0",",,X","  -33",",,X",,,,," 2312",",,X","  203","W,,X","  164",",,X",,,,,,,,,,,,
"AYW00087701","1958-02-15","-72.29444","170.30833","5.2","ADARE HALLETT, AY","    0",",,X","    0",",,X","    0",",,X","  -11",",,X","  -61",",,X",,,,," 0230",",,X","  203","W,,X","  216",",,X",,,,,,,,,,,,
"AYW00087701","1958-02-16","-72.29444","170.30833","5.2","ADARE HALLETT, AY","    0",",,X","    0",",,X","    0",",,X","  -17",",,X","  -72",",,X",,,,,,,,,,,,,,,,,,,,,,
"AYW00087701","1958-02-17","-72.29444","170.30833","5.2","ADARE HALLETT, AY","    0",",,X","    0",",,X","    0",",,X","   -6",",,X","  -72",",,X",,,,," 1130",",,X","  225","W,,X","   62",",,X",,,,,,,,,,,,
"AYW00087701","1958-02-18","-72.29444","170.30833","5.2","ADARE HALLETT, AY","    0",",,X","    0",",,X","    0",",,X","    0",",,X","  -56",",,X",,,,," 1924",",,X","  225","W,,X","   67",",,X",,,,,,,,,,,,
"AYW00087701","1958-02-19","-72.29444","170.30833","5.2","ADARE HALLETT, AY","    0","T,,X","    0","T,,X","    0","T,,X","    0",",,X","  -39",",,X",,,,," 1142",",,X","  225","W,,X","  180",",,X",,,,,,,,,,,,
"AYW00087701","1958-02-20","-72.29444","170.30833","5.2","ADARE HALLETT, AY","    0","T,,X","    0","T,,X","    0","T,,X","   11",",,X","  -33",",,X",,,,," 1024",",,X","  203","W,,X","  139",",,X",,,,,,,,,,,,
"AYW00087701","1958-02-21","-72.29444","170.30833","5.2","ADARE HALLETT, AY","    0","T,,X","    0","T,,X","    0","T,,X","  -11",",,X","  -39",",,X",,,,," 2348",",,X","  225","W,,X","  129",",,X",,,,,,,,,,,,
"AYW00087701","1958-02-22","-72.29444","170.30833","5.2","ADARE HALLETT, AY","    0","T,,X","    0","T,,X","    0","T,,X","  -11",",,X","  -39",",,X",,,,," 1530",",,X","  180","W,,X","  113",",,X",,,,,,,,,,,,
"AYW00087701","1958-02-23","-72.29444","170.30833","5.2","ADARE HALLETT, AY","    0","T,,X","    0","T,,X","    0","T,,X","   -6",",,X","  -44",",,X",,,,," 0612",",,X","  180","W,,X","  159",",,X",,,,,,,,,,,,
"AYW00087701","1958-02-24","-72.29444","170.30833","5.2","ADARE HALLETT, AY","    0","T,,X","    0","T,,X","    0","T,,X","  -22",",,X","  -61",",,X",,,,," 2348",",,X","  180","W,,X","  164",",,X",,,,,,,,,,,,
"AYW00087701","1958-02-25","-72.29444","170.30833","5.2","ADARE HALLETT, AY","    0","T,,X","    0","T,,X","    0","T,,X","  -22",",,X","  -72",",,X",,,,," 0330",",,X","  180","W,,X","  154",",,X",,,,,,,,,,,,
"AYW00087701","1958-02-26","-72.29444","170.30833","5.2","ADARE HALLETT, AY","    0",",,X","    0",",,X","    0",",,X","   -6",",,X","  -67",",,X",,,,," 0730",",,X","  203","W,,X","   82",",,X",,,,,,,,,,,,
"AYW00087701","1958-02-27","-72.29444","170.30833","5.2","ADARE HALLETT, AY","    0",",,X","    0",",,X","    0",",,X","  -11",",,X","  -72",",,X",,,,," 2100",",,X","  225","W,,X","   41",",,X",,,,,,,,,,,,
"AYW00087701","1958-02-28","-72.29444","170.30833","5.2","ADARE HALLETT, AY","    0",",,X","    0",",,X","    0",",,X","    0",",,X","  -89",",,X",,,,," 1530",",,X","  180","W,,X","   67",",,X",,,,,,,,,,,,
"AYW00087701","1958-03-01","-72.29444","170.30833","5.2","ADARE HALLETT, AY","    0","T,,X","    0","T,,X","    0","T,,X","  -17",",,X","  -72",",,X",,,,," 0648",",,X","  225","W,,X","   67",",,X",,,,,,,,,,,,
"AYW00087701","1958-03-02","-72.29444","170.30833","5.2","ADARE HALLETT, AY","    0","T,,X","    0","T,,X","    0","T,,X","  -17",",,X","  -44",",,X",,,,," 0630",",,X","  225","W,,X","  134",",,X",,,,,,,,,,,,
"AYW00087701","1958-03-03","-72.29444","170.30833","5.2","ADARE HALLETT, AY","    0","T,,X","    0","T,,X","    0","T,,X","  -11",",,X","  -44",",,X",,,,," 1730",",,X","  225","W,,X","   51",",,X",,,,,,,,,,,,
"AYW00087701","1958-03-04","-72.29444","170.30833","5.2","ADARE HALLETT, AY","    0","T,,X","    0","T,,X","    0","T,,X","  -11",",,X","  -33",",,X",,,,," 1706",",,X","  135","W,,X","  129",",,X",,,,,,,,,,,,
"AYW00087701","1958-03-05","-72.29444","170.30833","5.2","ADARE HALLETT, AY","    0","T,,X","    0","T,,X","    0","T,,X","  -22",",,X","  -61",",,X",,,,,,,,,,,,,,,,,,,,,,
"AYW00087701","1958-03-06","-72.29444","170.30833","5.2","ADARE HALLETT, AY","   51",",,X","   51",",,X","   51",",,X","  -56",",,X","  -83",",,X",,,,," 0812",",,X","  203","W,,X","  103",",,X",,,,,,,,,,,,
"AYW00087701","1958-03-07","-72.29444","170.30833","5.2","ADARE HALLETT, AY","    0","T,,X","    0","T,,X","    0",",,X","  -33",",,X","  -89",",,X",,,,," 2336",",,X","  203","W,,X","   72",",,X",,,,,,,,,,,,
"AYW00087701","1958-03-08","-72.29444","170.30833","5.2","ADARE HALLETT, AY","    0",",,X","    0",",,X","    0",",,X","  -17",",,X"," -117",",,X",,,,," 2348",",,X","  225","W,,X","  113",",,X",,,,,,,,,,,,
"AYW00087701","1958-03-09","-72.29444","170.30833","5.2","ADARE HALLETT, AY","    0",",,X","    0",",,X","    0",",,X","  -39",",,X","  -89",",,X",,,,," 0354",",,X","  225","W,,X","  103",",,X",,,,,,,,,,,,
"AYW00087701","1958-03-10","-72.29444","170.30833","5.2","ADARE HALLETT, AY","   51",",,X","   51",",,X","   51",",,X","  -50",",,X","  -72",",,X",,,,," 0006",",,X","  225","W,,X","   87",",,X",,,,,,,,,,,,
"AYW00087701","1958-03-11","-72.29444","170.30833","5.2","ADARE HALLETT, AY","   25",",,X","   25",",,X","   76",",,X","  -39",",,X","  -67",",,X",,,,," 0230",",,X","  203","W,,X","   57",",,X",,,,,,,,,,,,
"AYW00087701","1958-03-12","-72.29444","170.30833","5.2","ADARE HALLETT, AY","    0","T,,X","    0","T,,X","   51",",,X","   -6",",,X","  -67",",,X",,,,," 2036",",,X","  135","W,,X","   72",",,X",,,,,,,,,,,,
"AYW00087701","1958-03-13","-72.29444","170.30833","5.2","ADARE HALLETT, AY","    0","T,,X","    0","T,,X","   51",",,X","  -44",",,X","  -72",",,X",,,,," 1136",",,X","  203","W,,X","   77",",,X",,,,,,,,,,,,
"AYW00087701","1958-03-14","-72.29444","170.30833","5.2","ADARE HALLETT, AY","    0",",,X","    0",",,X","   25",",,X","  -44",",,X","  -78",",,X",,,,," 2354",",,X","  180","W,,X","  139",",,X",,,,,,,,,,,,
"AYW00087701","1958-03-15","-72.29444","170.30833","5.2","ADARE HALLETT, AY","    0","T,,X","    0","T,,X","    0","T,,X","  -61",",,X","  -94",",,X",,,,," 1842",",,X","  180","W,,X","  216",",,X",,,,,,,,,,,,
"AYW00087701","1958-03-16","-72.29444","170.30833","5.2","ADARE HALLETT, AY","    0","T,,X","    0","T,,X","    0",",,X","  -44",",,X","  -94",",,X",,,,," 1530",",,X","  203","W,,X","  206",",,X",,,,,,,,,,,,
"AYW00087701","1958-03-17","-72.29444","170.30833","5.2","ADARE HALLETT, AY","    0",",,X","    0",",,X","    0",",,X","  -50",",,X","  -94",",,X",,,,," 0300",",,X","  203","W,,X","  129",",,X",,,,,,,,,,,,
"AYW00087701","1958-03-18","-72.29444","170.30833","5.2","ADARE HALLETT, AY","    0",",,X","    0",",,X","    0",",,X","  -61",",,X","  -89",",,X",,,,," 0200",",,X","  203","W,,X","   62",",,X",,,,,,,,,,,,
"AYW00087701","1958-03-19","-72.29444","170.30833","5.2","ADARE HALLETT, AY","    3",",,X","    3",",,X","    0","T,,X","  -61",",,X","  -89",",,X",,,,," 2200",",,X","  225","W,,X","  144",",,X",,,,,,,,,,,,
"AYW00087701","1958-03-20","-72.29444","170.30833","5.2","ADARE HALLETT, AY","    0",",,X","    0",",,X","    0",",,X","  -67",",,X","  -94",",,X",,,,," 1136",",,X","  203","W,,X","  216",",,X",,,,,,,,,,,,
"AYW00087701","1958-03-21","-72.29444","170.30833","5.2","ADARE HALLETT, AY","    0","T,,X","    0","T,,X","    0","T,,X","  -72",",,X"," -106",",,X",,,,," 2300",",,X","  113","W,,X","  129",",,X",,,,,,,,,,,,
"AYW00087701","1958-03-22","-72.29444","170.30833","5.2","ADARE HALLETT, AY","    5",",,X","   25",",,X","   25",",,X","  -94",",,X"," -128",",,X",,,,," 1200",",,X","  203","W,,X","  103",",,X",,,,,,,,,,,,
"AYW00087701","1958-03-23","-72.29444","170.30833","5.2","ADARE HALLETT, AY","    5",",,X","    5",",,X","   25",",,X"," -111",",,X"," -150",",,X",,,,," 2354",",,X","  225","W,,X","  129",",,X",,,,,,,,,,,,
"AYW00087701","1958-03-24","-72.29444","170.30833","5.2","ADARE HALLETT, AY","    0",",,X","    0",",,X","   25",",,X"," -128",",,X"," -178",",,X",,,,," 0442",",,X","  203","W,,X","  123",",,X",,,,,,,,,,,,
"AYW00087701","1958-03-25","-72.29444","170.30833","5.2","ADARE HALLETT, AY","    0",",,X","    0",",,X","   25",",,X"," -106",",,X"," -156",",,X",,,,," 0348",",,X","  113","W,,X","  113",",,X",,,,,,,,,,,,
"AYW00087701","1958-03-26","-72.29444","170.30833","5.2","ADARE HALLETT, AY","    0","T,,X","    0","T,,X","    0",",,X"," -111",",,X"," -167",",,X",,,,," 0230",",,X","  203","W,,X","  123",",,X",,,,,,,,,,,,
"AYW00087701","1958-03-27","-72.29444","170.30833","5.2","ADARE HALLETT, AY","    0",",,X","    0",",,X","    0",",,X"," -117",",,X"," -172",",,X",,,,," 0554",",,X","  203","W,,X","   62",",,X",,,,,,,,,,,,
"AYW00087701","1958-03-28","-72.29444","170.30833","5.2","ADARE HALLETT, AY","   10",",,X","   10",",,X","    0","T,,X","  -94",",,X"," -133",",,X",,,,," 2212",",,X","  203","W,,X","   93",",,X",,,,,,,,,,,,
"AYW00087701","1958-03-29","-72.29444","170.30833","5.2","ADARE HALLETT, AY","   66",",,X","   66",",,X","   76",",,X","  -83",",,X"," -111",",,X",,,,," 2300",",,X","  203","W,,X","  134",",,X",,,,,,,,,,,,
"AYW00087701","1958-03-30","-72.29444","170.30833","5.2","ADARE HALLETT, AY","    3",",,X","    3",",,X","   25",",,X","  -78",",,X"," -122",",,X",,,,," 2206",",,X","  203","W,,X","  226",",,X",,,,,,,,,,,,
"AYW00087701","1958-03-31","-72.29444","170.30833","5.2","ADARE HALLETT, AY","   10",",,X","   15",",,X","   25",",,X","  -78",",,X"," -128",",,X",,,,," 2312",",,X","  158","W,,X","  355",",,X",,,,,,,,,,,,
"AYW00087701","1958-04-01","-72.29444","170.30833","5.2","ADARE HALLETT, AY","    0","T,,X","    0","T,,X","    0","T,,X","  -83",",,X"," -144",",,X",,,,," 0112",",,X","  158","W,,X","  370",",,X",,,,,,,,,,,,
"AYW00087701","1958-04-02","-72.29444","170.30833","5.2","ADARE HALLETT, AY","    0",",,X","    0",",,X","    0",",,X","  -78",",,X"," -128",",,X",,,,," 0618",",,X","  180","W,,X","  283",",,X",,,,,,,,,,,,
"AYW00087701","1958-04-03","-72.29444","170.30833","5.2","ADARE HALLETT, AY","    0",",,X","    0",",,X","    0",",,X","  -83",",,X"," -156",",,X",,,,," 0212",",,X","  225","W,,X","  144",",,X",,,,,,,,,,,,
"AYW00087701","1958-04-04","-72.29444","170.30833","5.2","ADARE HALLETT, AY","    0","T,,X","    0","T,,X","    0","T,,X","  -83",",,X"," -156",",,X",,,,," 0706",",,X","  203","W,,X","   93",",,X",,,,,,,,,,,,
"AYW00087701","1958-04-05","-72.29444","170.30833","5.2","ADARE HALLETT, AY","    0","T,,X","    0","T,,X","    0","T,,X","  -83",",,X"," -139",",,X",,,,," 1130",",,X","  225","W,,X","  139",",,X",,,,,,,,,,,,
"AYW00087701","1958-04-06","-72.29444","170.30833","5.2","ADARE HALLETT, AY","    0","T,,X","    0","T,,X","    0","T,,X","  -89",",,X"," -117",",,X",,,,," 0730",",,X","  203","W,,X","   51",",,X",,,,,,,,,,,,
"AYW00087701","1958-04-07","-72.29444","170.30833","5.2","ADARE HALLETT, AY","  127",",,X","  127",",,X","  127",",,X","  -89",",,X"," -117",",,X",,,,," 2130",",,X","  315","W,,X","   31",",,X",,,,,,,,,,,,
"AYW00087701","1958-04-08","-72.29444","170.30833","5.2","ADARE HALLETT, AY","   13",",,X","   13",",,X","    0","T,,X","  -67",",,X"," -128",",,X",,,,," 1130",",,X","  203","W,,X","  288",",,X",,,,,,,,,,,,
"AYW00087701","1958-04-09","-72.29444","170.30833","5.2","ADARE HALLETT, AY","    0","T,,X","    0","T,,X","    0","T,I,X","  -89",",,X"," -133",",,X",,,,," 0136",",,X","  180","W,,X","  247",",,X",,,,,,,,,,,,
"AYW00087701","1958-04-10","-72.29444","170.30833","5.2","ADARE HALLETT, AY","    5",",,X","    5",",I,X","   51",",I,X","  -56",",,X","  -89",",,X",,,,," 1142",",,X","  203","W,,X","  144",",,X",,,,,,,,,,,,
"AYW00087701","1958-04-11","-72.29444","170.30833","5.2","ADARE HALLETT, AY","    0",",,X","    0",",,X","    0","T,,X","  -56",",,X","  -89",",,X",,,,," 0536",",,X","  225","W,,X","  123",",,X",,,,,,,,,,,,
"AYW00087701","1958-04-12","-72.29444","170.30833","5.2","ADARE HALLETT, AY","   51",",,X","   51",",,X","   51",",,X","  -78",",,X"," -139",",,X",,,,," 2318",",,X","  113","W,,X","   93",",,X",,,,,,,,,,,,
"AYW00087701","1958-04-13","-72.29444","170.30833","5.2","ADARE HALLETT, AY","   25",",,X","   25",",,X","   76",",,X"," -111",",,X"," -200",",,X",,,,," 0718",",,X","  113","W,,X","  113",",,X",,,,,,,,,,,,
"AYW00087701","1958-04-14","-72.29444","170.30833","5.2","ADARE HALLETT, AY","    0",",,X","    0",",,X","   76",",,X","  -67",",,X"," -217",",,X",,,,," 1918",",,X","  113","W,,X","  134",",,X",,,,,,,,,,,,
"AYW00087701","1958-04-15","-72.29444","170.30833","5.2","ADARE HALLETT, AY","    0","T,,X","    0","T,,X","   25",",,X"," -100",",,X"," -161",",,X",,,,," 1548",",,X","  113","W,,X","   93",",,X",,,,,,,,,,,,
"AYW00087701","1958-04-16","-72.29444","170.30833","5.2","ADARE HALLETT, AY","    3",",,X","    3",",,X","   25",",,X"," -150",",,X"," -194",",,X",,,,," 2218",",,X","  203","W,,X","  195",",,X",,,,,,,,,,,,
"AYW00087701","1958-04-17","-72.29444","170.30833","5.2","ADARE HALLETT, AY","    0",",,X","    0",",,X","    0","T,,X"," -178",",,X"," -228",",,X",,,,," 0418",",,X","  225","W,,X","  200",",,X",,,,,,,,,,,,
"AYW00087701","1958-04-18","-72.29444","170.30833","5.2","ADARE HALLETT, AY","    0",",,X","    0",",,X","    0","T,,X"," -206",",,X"," -256",",,X",,,,," 0618",",,X","  203","W,,X","   51",",,X",,,,,,,,,,,,
"AYW00087701","1958-04-19","-72.29444","170.30833","5.2","ADARE HALLETT, AY","    0",",,X","    0",",,X","    0","T,,X"," -200",",,X"," -261",",,X",,,,," 1906",",,X","  180","W,,X","   41",",,X",,,,,,,,,,,,
"AYW00087701","1958-04-20","-72.29444","170.30833","5.2","ADARE HALLETT, AY","    0","T,,X","    0","T,,X","    0","T,,X"," -161",",,X"," -211",",,X",,,,," 1718",",,X","  293","W,,X","   41",",,X",,,,,,,,,,,,
"AYW00087701","1958-04-21","-72.29444","170.30833","5.2","ADARE HALLETT, AY","    0",",,X","    0",",,X","    0","T,,X"," -150",",,X"," -222",",,X",,,,," 1812",",,X","  203","W,,X","  195",",,X",,,,,,,,,,,,
"AYW00087701","1958-04-22","-72.29444","170.30833","5.2","ADARE HALLETT, AY","    0","T,,X","    0","T,,X","    0","T,,X"," -161",",,X"," -206",",,X",,,,," 2342",",,X","  203","W,,X","  278",",,X",,,,,,,,,,,,
"AYW00087701","1958-04-23","-72.29444","170.30833","5.2","ADARE HALLETT, AY","    0","T,,X","    0","T,,X","    0","T,,X"," -128",",,X"," -206",",,X",,,,," 0918",",,X","  180","W,,X","  319",",,X",,,,,,,,,,,,
"AYW00087701","1958-04-24","-72.29444","170.30833","5.2","ADARE HALLETT, AY","    0",",,X","    0",",,X","    0","T,,X"," -106",",,X"," -150",",,X",,,,," 0100",",,X","  180","W,,X","  226",",,X",,,,,,,,,,,,
"AYW00087701","1958-04-25","-72.29444","170.30833","5.2","ADARE HALLETT, AY","    0",",,X","    0",",,X","    0","T,,X"," -100",",,X"," -156",",,X",,,,," 1306",",,X","  203","W,,X","  164",",,X",,,,,,,,,,,,
"AYW00087701","1958-04-26","-72.29444","170.30833","5.2","ADARE HALLETT, AY","    0","T,,X","    0","T,,X","    0","T,,X","  -94",",,X"," -200",",,X",,,,," 0118",",,X","   90","W,,X","   98",",,X",,,,,,,,,,,,
"AYW00087701","1958-04-27","-72.29444","170.30833","5.2","ADARE HALLETT, AY","    0","T,,X","    0","T,,X","    0","T,I,X"," -139",",,X"," -189",",,X",,,,," 2000",",,X","  203","W,,X","  139",",,X",,,,,,,,,,,,
"AYW00087701","1958-04-28","-72.29444","170.30833","5.2","ADARE HALLETT, AY","   20",",,X","   20",",I,X","  102",",I,X"," -117",",,X"," -156",",,X",,,,," 0248",",,X","  203","W,,X","  180",",,X",,,,,,,,,,,,
"AYW00087701","1958-04-29","-72.29444","170.30833","5.2","ADARE HALLETT, AY","    3",",,X","    3",",,X","   76",",,X"," -133",",,X"," -194",",,X",,,,," 0400",",,X","  180","W,,X","  247",",,X",,,,,,,,,,,,
"AYW00087701","1958-04-30","-72.29444","170.30833","5.2","ADARE HALLETT, AY","    0",",,X","    0",",,X","    0","T,,X"," -178",",,X"," -239",",,X",,,,," 2200",",,X","  225","W,,X","   57",",,X",,,,,,,,,,,,
"AYW00087701","1958-05-01","-72.29444","170.30833","5.2","ADARE HALLETT, AY","    0",",,X","    0",",,X","    0","T,,X"," -167",",,X"," -194",",,X",,,,," 2236",",,X","  225","W,,X","  144",",,X",,,,,,,,,,,,
"AYW00087701","1958-05-02","-72.29444","170.30833","5.2","ADARE HALLETT, AY","    0",",,X","    0",",,X","    0","T,,X"," -183",",,X"," -244",",,X",,,,," 0136",",,X","  225","W,,X","  154",",,X",,,,,,,,,,,,
"AYW00087701","1958-05-03","-72.29444","170.30833","5.2","ADARE HALLETT, AY","    0",",,X","    0",",,X","    0","T,,X"," -217",",,X"," -267",",,X",,,,," 0600",",,X","  203","W,,X","   51",",,X",,,,,,,,,,,,
"AYW00087701","1958-05-04","-72.29444","170.30833","5.2","ADARE HALLETT, AY","    0",",,X","    0",",,X","    0","T,,X"," -183",",,X"," -272",",,X",,,,," 1818",",,X",,,"  154",",,X",,,,,,,,,,,,
"AYW00087701","1958-05-05","-72.29444","170.30833","5.2","ADARE HALLETT, AY","    0",",,X","    0",",,X","    0","T,,X"," -183",",,X"," -206",",,X",,,,," 1706",",,X","   90","W,,X","   93",",,X",,,,,,,,,,,,
"AYW00087701","1958-05-06","-72.29444","170.30833","5.2","ADARE HALLETT, AY","    0","T,,X","    0","T,,X","    0","T,,X"," -189",",,X"," -217",",,X",,,,," 1030",",,X","   90","W,,X","   82",",,X",,,,,,,,,,,"    1",",,X"
"AYW00087701","1958-05-07","-72.29444","170.30833","5.2","ADARE HALLETT, AY","    0",",,X","    0",",,X","    0","T,,X"," -183",",,X"," -233",",,X",,,,," 1600",",,X","  203","W,,X","   62",",,X",,,,,,,,,,,,
"AYW00087701","1958-05-08","-72.29444","170.30833","5.2","ADARE HALLETT, AY","    0","T,,X","    0","T,,X","    0","T,,X","  -89",",,X"," -228",",,X",,,,," 1848",",,X","  203","W,,X","  283",",,X",,,,,,,"    1",",,X",,,"    1",",,X"
"AYW00087701","1958-05-09","-72.29444","170.30833","5.2","ADARE HALLETT, AY","    0","T,,X","    0","T,,X","    0","T,,X"," -178",",,X"," -256",",,X",,,,," 0000",",,X","   90","W,,X","  200",",,X",,,,,,,"    1",",,X",,,"    1",",,X"
"AYW00087701","1958-05-10","-72.29444","170.30833","5.2","ADARE HALLETT, AY","    3",",,X","    3",",,X","    0","T,,X"," -217",",,X"," -267",",,X",,,,," 2236",",,X","  180","W,,X","  267",",,X",,,,,,,"    1",",,X",,,"    1",",,X"
"AYW00087701","1958-05-11","-72.29444","170.30833","5.2","ADARE HALLETT, AY","    5",",,X","    5",",,X","    0","T,,X"," -233",",,X"," -267",",,X",,,,," 0700",",,X","  180","W,,X","  288",",,X",,,,,,,"    1",",,X",,,"    1",",,X"
"AYW00087701","1958-05-12","-72.29444","170.30833","5.2","ADARE HALLETT, AY","    0",",,X","    0",",,X","    0","T,,X"," -233",",,X"," -278",",,X",,,,," 0312",",,X","  203","W,,X","   51",",,X",,,,,,,,,,,,
"AYW00087701","1958-05-13","-72.29444","170.30833","5.2","ADARE HALLETT, AY","    0",",,X","    0",",,X","    0","T,,X"," -239",",,X"," -289",",,X",,,,," 0100",",,X","  203","W,,X","   36",",,X",,,,,,,,,,,,
"AYW00087701","1958-05-14","-72.29444","170.30833","5.2","ADARE HALLETT, AY","    0","T,,X","    0","T,,X","    0","T,,X"," -228",",,X"," -278",",,X",,,,," 2230",",,X","  225","W,,X","   41",",,X",,,,,,,,,,,"    1",",,X"
"AYW00087701","1958-05-15","-72.29444","170.30833","5.2","ADARE HALLETT, AY","    0",",,X","    0",",,X","    0","T,,X"," -256",",,X"," -300",",,X",,,,," 0048",",,X","  203","W,,X","   62",",,X",,,,,,,,,,,,
"AYW00087701","1958-05-16","-72.29444","170.30833","5.2","ADARE HALLETT, AY","    0",",,X","    0",",,X","    0","T,,X"," -150",",,X"," -283",",,X",,,,," 0400",",,X","  203","W,,X","  164",",,X",,,,,,,,,,,,
"AYW00087701","1958-05-17","-72.29444","170.30833","5.2","ADARE HALLETT, AY","    0",",,X","    0",",,X","    0","T,,X"," -150",",,X"," -233",",,X",,,,," 0506",",,X","  225","W,,X","  180",",,X",,,,,,,,,,,,
"AYW00087701","1958-05-18","-72.29444","170.30833","5.2","ADARE HALLETT, AY","    0",",,X","    0",",,X","    0","T,,X","  -89",",,X"," -239",",,X",,,,," 1030",",,X","  180","W,,X","  257",",,X",,,,,,,,,,,,
"AYW00087701","1958-05-19","-72.29444","170.30833","5.2","ADARE HALLETT, AY","    0",",,X","    0",",,X","    0","T,,X"," -183",",,X"," -250",",,X",,,,," 1112",",,X","  270","W,,X","   51",",,X",,,,,,,,,,,,
"AYW00087701","1958-05-20","-72.29444","170.30833","5.2","ADARE HALLETT, AY","    0","T,,X","    0","T,,X","    0","T,,X"," -189",",,X"," -261",",,X",,,,," 1006",",,X","  293","W,,X","   41",",,X",,,,,,,,,,,"    1",",,X"
"AYW00087701","1958-05-21","-72.29444","170.30833","5.2","ADARE HALLETT, AY","    0","T,,X","    0","T,,X","    0","T,,X"," -244",",,X"," -317",",,X",,,,," 1712",",,X","  225","W,,X","   36",",,X",,,,,,,,,,,"    1",",,X"
"AYW00087701","1958-05-22","-72.29444","170.30833","5.2","ADARE HALLETT, AY","    0","T,,X","    0","T,,X","    0","T,,X"," -261",",,X"," -306",",,X",,,,," 1648",",,X","  225","W,,X","  149",",,X",,,,,,,,,,,"    1",",,X"
"AYW00087701","1958-05-23","-72.29444","170.30833","5.2","ADARE HALLETT, AY","    0",",,X","    0",",,X","    0","T,,X"," -283",",,X","  -22",",G,X",,,,," 0348",",,X","  203","W,,X","   77",",,X",,,,,,,,,,,,
"AYW00087701","1958-05-24","-72.29444","170.30833","5.2","ADARE HALLETT, AY","    0",",,X","    0",",,X","    0","T,,X"," -261",",,X"," -333",",,X",,,,," 0648",",,X","  225","W,,X","   62",",,X",,,,,,,,,,,,
"AYW00087701","1958-05-25","-72.29444","170.30833","5.2","ADARE HALLETT, AY","    0",",,X","    0",",,X","    0","T,,X"," -272",",,X"," -339",",,X",,,,," 0842",",,X","  203","W,,X","   51",",,X",,,,,,,,,,,,
"AYW00087701","1958-05-26","-72.29444","170.30833","5.2","ADARE HALLETT, AY","    0",",,X","    0",",,X","    0","T,,X"," -211",",,X"," -333",",,X",,,,," 1730",",,X","  203","W,,X","  226",",,X",,,,,,,,,,,,
"AYW00087701","1958-05-27","-72.29444","170.30833","5.2","ADARE HALLETT, AY","    0",",,X","    0",",,X","    0","T,,X"," -222",",,X"," -306",",,X",,,,," 0100",",,X","  203","W,,X","  154",",,X",,,,,,,,,,,,
"AYW00087701","1958-05-28","-72.29444","170.30833","5.2","ADARE HALLETT, AY","    0",",,X","    0",",,X","    0","T,,X"," -244",",,X"," -311",",,X",,,,," 1930",",,X","  225","W,,X","   41",",,X",,,,,,,,,,,,
"AYW00087701","1958-05-29","-72.29444","170.30833","5.2","ADARE HALLETT, AY","    0",",,X","    0",",,X","    0","T,,X"," -139",",,X"," -272",",,X",,,,,,,,,,,,,,,,,"    1",",,X",,,,
"AYW00087701","1958-05-30","-72.29444","170.30833","5.2","ADARE HALLETT, AY","    0",",,X","    0",",,X","    0","T,,X"," -156",",,X"," -256",",,X",,,,,,,,,,,,,,,,,"    1",",,X",,,,
"AYW00087701","1958-05-31","-72.29444","170.30833","5.2","ADARE HALLETT, AY","    0",",,X","    0",",,X","    0","T,,X"," -250",",,X"," -300",",,X",,,,," 0354",",,X","  225","W,,X","   36",",,X",,,,,,,,,,,,
"AYW00087701","1958-06-01","-72.29444","170.30833","5.2","ADARE HALLETT, AY","    0","T,,X","    0","T,,X","    0","T,,X"," -194",",,X"," -278",",,X",,,,," 1706",",,X","  225","W,,X","   77",",,X",,,,,,,,,,,,
"AYW00087701","1958-06-02","-72.29444","170.30833","5.2","ADARE HALLETT, AY","    0","T,,X","    0","T,,X","    0","T,,X"," -194",",,X"," -272",",,X",,,,," 0100",",,X","  203","W,,X","   51",",,X",,,,,,,,,,,,
"AYW00087701","1958-06-03","-72.29444","170.30833","5.2","ADARE HALLETT, AY","    0","T,,X","    0","T,,X","    0","T,,X"," -211",",,X"," -300",",,X",,,,," 2218",",,X","  293","W,,X","   31",",,X",,,,,,,,,,,,
"AYW00087701","1958-06-04","-72.29444","170.30833","5.2","ADARE HALLETT, AY","    0","T,,X","    0","T,,X","    0","T,,X"," -267",",,X"," -344",",,X",,,,," 1254",",,X","  225","W,,X","   46",",,X",,,,,,,,,,,,
"AYW00087701","1958-06-05","-72.29444","170.30833","5.2","ADARE HALLETT, AY","    5",",,X","    5",",,X","   25",",,X"," -222",",,X"," -278",",,X",,,,," 2148",",,X","  203","W,,X","  236",",,X",,,,,,,,,,,,
"AYW00087701","1958-06-06","-72.29444","170.30833","5.2","ADARE HALLETT, AY","    3",",,X","    3",",,X","   25",",,X"," -167",",,X"," -239",",,X",,,,," 0536",",,X","  225","W,,X","  247",",,X",,,,,,,,,,,,
"AYW00087701","1958-06-07","-72.29444","170.30833","5.2","ADARE HALLETT, AY","    0","T,,X","    0","T,,X","    0","T,,X"," -189",",,X"," -294",",,X",,,,," 2130",",,X","  203","W,,X","   41",",,X",,,,,,,,,,,,
"AYW00087701","1958-06-08","-72.29444","170.30833","5.2","ADARE HALLETT, AY","    0","T,,X","    0","T,,X","   25",",,X"," -200",",,X"," -256",",,X",,,,," 0624",",,X","  113","W,,X","   46",",,X",,,,,,,,,,,,
"AYW00087701","1958-06-09","-72.29444","170.30833","5.2","ADARE HALLETT, AY","    0","T,,X","    0","T,,X","    0","T,,X"," -211",",,X"," -294",",,X",,,,," 2348",",,X","  225","W,,X","  206",",,X",,,,,,,,,,,,
"AYW00087701","1958-06-10","-72.29444","170.30833","5.2","ADARE HALLETT, AY","    0",",,X","    0",",,X","    0","T,,X"," -183",",,X"," -278",",,X",,,,," 0924",",,X","  180","W,,X","  298",",,X",,,,,,,,,,,,
"AYW00087701","1958-06-11","-72.29444","170.30833","5.2","ADARE HALLETT, AY","    0","T,,X","    0","T,,X","    0","T,,X"," -211",",,X"," -300",",,X",,,,," 2330",",,X","  203","W,,X","  206",",,X",,,,,,,,,,,,
"AYW00087701","1958-06-12","-72.29444","170.30833","5.2","ADARE HALLETT, AY","    0",",,X","    0",",,X","    0","T,,X"," -194",",,X"," -289",",,X",,,,," 2354",",,X","  180","W,,X","  360",",,X",,,,,,,,,,,,
"AYW00087701","1958-06-13","-72.29444","170.30833","5.2","ADARE HALLETT, AY","    0",",,X","    0",",,X","    0","T,,X"," -133",",,X"," -200",",,X",,,,," 0712",",,X","  180","W,,X","  411",",,X",,,,,,,,,,,,
"AYW00087701","1958-06-14","-72.29444","170.30833","5.2","ADARE HALLETT, AY","    0","T,,X","    0","T,,X","    0","T,,X"," -139",",,X"," -161",",,X",,,,," 0054",",,X","  180","W,,X","  339",",,X",,,,,,,,,,,,
"AYW00087701","1958-06-15","-72.29444","170.30833","5.2","ADARE HALLETT, AY","    0",",,X","    0",",,X","    0","T,,X"," -122",",,X"," -222",",,X",,,,," 0754",",,X","  203","W,,X","  195",",,X",,,,,,,,,,,,
"AYW00087701","1958-06-16","-72.29444","170.30833","5.2","ADARE HALLETT, AY","    0","T,,X","    0","T,,X","    0","T,,X"," -144",",,X"," -250",",,X",,,,," 2236",",,X","  203","W,,X","  391",",,X",,,,,,,,,,,,
"AYW00087701","1958-06-17","-72.29444","170.30833","5.2","ADARE HALLETT, AY","    0","T,,X","    0","T,,X","    0","T,,X"," -167",",,X"," -217",",,X",,,,," 0012",",,X","  203","W,,X","  370",",,X",,,,,,,,,,,,
"AYW00087701","1958-06-18","-72.29444","170.30833","5.2","ADARE HALLETT, AY","    0","T,,X","    0","T,,X","    0","T,,X"," -183",",,X"," -233",",,X",,,,," 0336",",,X","  203","W,,X","  308",",,X",,,,,,,,,,,,
"AYW00087701","1958-06-19","-72.29444","170.30833","5.2","ADARE HALLETT, AY","    0","T,,X","    0","T,,X","    0","T,,X"," -206",",,X"," -272",",,X",,,,," 0018",",,X","  113","W,,X","   77",",,X",,,,,,,,,,,,
"AYW00087701","1958-06-20","-72.29444","170.30833","5.2","ADARE HALLETT, AY","    0","T,,X","    0","T,,X","    0","T,,X"," -239",",,X"," -306",",,X",,,,," 2212",",,X","  203","W,,X","  129",",,X",,,,,,,,,,,,
"AYW00087701","1958-06-21","-72.29444","170.30833","5.2","ADARE HALLETT, AY","    0",",,X","    0",",,X","    0","T,,X"," -272",",,X"," -311",",,X",,,,," 0036",",,X","  203","W,,X","  118",",,X",,,,,,,,,,,,
"AYW00087701","1958-06-22","-72.29444","170.30833","5.2","ADARE HALLETT, AY","    0",",,X","    0",",,X","    0","T,,X"," -294",",,X"," -361",",,X",,,,," 1330",",,X","  203","W,,X","   51",",,X",,,,,,,,,,,,
"AYW00087701","1958-06-23","-72.29444","170.30833","5.2","ADARE HALLETT, AY","   28",",,X","   28",",,X","   51",",,X"," -233",",,X"," -317",",,X",,,,," 1412",",,X","  270","W,,X","   46",",,X",,,,,,,,,,,,
"AYW00087701","1958-06-24","-72.29444","170.30833","5.2","ADARE HALLETT, AY","   30",",,X","   30",",,X","   76",",,X"," -189",",,X"," -256",",,X",,,,," 1712",",,X","  203","W,,X","  170",",,X",,,,,,,,,,,,
"AYW00087701","1958-06-25","-72.29444","170.30833","5.2","ADARE HALLETT, AY","    0","T,,X","    0","T,,X","   76",",,X"," -178",",,X"," -278",",,X",,,,," 2236",",,X","   23","W,,X","   93",",,X",,,,,,,,,,,,
"AYW00087701","1958-06-26","-72.29444","170.30833","5.2","ADARE HALLETT, AY","    0","T,,X","    0","T,,X","   76",",,X"," -172",",,X"," -317",",,X",,,,," 0054",",,X","  113","W,,X","   93",",,X",,,,,,,,,,,,
"AYW00087701","1958-06-27","-72.29444","170.30833","5.2","ADARE HALLETT, AY","    0","T,,X","    0","T,,X","    0","T,,X"," -211",",,X"," -317",",,X",,,,," 2324",",,X","  203","W,,X","  370",",,X",,,,,,,,,,,,
"AYW00087701","1958-06-28","-72.29444","170.30833","5.2","ADARE HALLETT, AY","    0",",,X","    0",",,X","    0","T,,X"," -156",",,X"," -244",",,X",,,,," 2200",",,X","  203","W,,X","  411",",,X",,,,,,,,,,,,
"AYW00087701","1958-06-29","-72.29444","170.30833","5.2","ADARE HALLETT, AY","    0",",,X","    0",",,X","    0","T,,X"," -111",",,X"," -156",",,X",,,,," 0406",",,X","  203","W,,X","  411",",,X",,,,,,,,,,,,
"AYW00087701","1958-06-30","-72.29444","170.30833","5.2","ADARE HALLETT, AY","    0","T,,X","    0","T,,X","    0","T,,X"," -100",",,X"," -217",",,X",,,,," 0006",",,X","  203","W,,X","  159",",,X",,,,,,,,,,,,
"AYW00087701","1958-07-01","-72.29444","170.30833","5.2","ADARE HALLETT, AY","    0",",,X","    0",",,X","    0","T,,X"," -161",",,X"," -250",",,X",,,,," 0454",",,X","  225","W,,X","   51",",,X",,,,,,,,,,,,
"AYW00087701","1958-07-02","-72.29444","170.30833","5.2","ADARE HALLETT, AY","    0","T,,X","    0","T,,X","    0","T,,X"," -156",",,X"," -194",",,X",,,,," 2354",",,X","   90","W,,X","   77",",,X",,,,,,,,,,,,
"AYW00087701","1958-07-03","-72.29444","170.30833","5.2","ADARE HALLETT, AY","    0","T,,X","    0","T,,X","    0","T,,X"," -194",",,X"," -250",",,X",,,,," 0354",",,X","  113","W,,X","  123",",,X",,,,,,,,,,,,
"AYW00087701","1958-07-04","-72.29444","170.30833","5.2","ADARE HALLETT, AY","    0",",,X","    0",",,X","    0","T,,X"," -233",",,X"," -344",",,X",,,,," 0100",",,X","   90","W,,X","   51",",,X",,,,,,,,,,,,
"AYW00087701","1958-07-05","-72.29444","170.30833","5.2","ADARE HALLETT, AY","    0",",,X","    0",",,X","    0","T,,X"," -294",",,X"," -367",",,X",,,,," 0254",",,X","   45","W,,X","   41",",,X",,,,,,,,,,,,
"AYW00087701","1958-07-06","-72.29444","170.30833","5.2","ADARE HALLETT, AY","    0",",,X","    0",",,X","    0","T,,X"," -272",",,X"," -367",",,X",,,,," 0312",",,X","  203","W,,X","   41",",,X",,,,,,,,,,,,
"AYW00087701","1958-07-07","-72.29444","170.30833","5.2","ADARE HALLETT, AY","    0","T,,X","    0","T,,X","    0","T,,X"," -256",",,X"," -328",",,X",,,,," 2112",",,X","  203","W,,X","   62",",,X",,,,,,,,,,,,
"AYW00087701","1958-07-08","-72.29444","170.30833","5.2","ADARE HALLETT, AY","    0","T,,X","    0","T,,X","    0","T,,X"," -261",",,X"," -372",",,X",,,,," 1700",",,X","  225","W,,X","   51",",,X",,,,,,,,,,,,
"AYW00087701","1958-07-09","-72.29444","170.30833","5.2","ADARE HALLETT, AY","    0",",,X","    0",",,X","    0","T,,X"," -306",",,X"," -406",",,X",,,,," 0154",",,X","  270","W,,X","   51",",,X",,,,,,,,,,,,
"AYW00087701","1958-07-10","-72.29444","170.30833","5.2","ADARE HALLETT, AY","    0","T,,X","    0","T,,X","    0","T,,X"," -300",",,X"," -406",",,X",,,,," 1518",",,X","  203","W,,X","   51",",,X",,,,,,,,,,,,
"AYW00087701","1958-07-11","-72.29444","170.30833","5.2","ADARE HALLETT, AY","    0","T,,X","    0","T,,X","    0","T,,X"," -244",",,X"," -317",",,X",,,,," 1448",",,X","  180","W,,X","  252",",,X",,,,,,,,,,,,
"AYW00087701","1958-07-12","-72.29444","170.30833","5.2","ADARE HALLETT, AY","    0","T,,X","    0","T,,X","    0","T,,X"," -239",",,X"," -317",",,X",,,,," 0054",",,X","  180","W,,X","  226",",,X",,,,,,,,,,,,
"AYW00087701","1958-07-13","-72.29444","170.30833","5.2","ADARE HALLETT, AY","   25",",,X","   25",",,X","   51",",,X"," -261",",,X"," -317",",,X",,,,," 2306",",,X","  360","W,,X","   57",",,X",,,,,,,,,,,,
"AYW00087701","1958-07-14","-72.29444","170.30833","5.2","ADARE HALLETT, AY","    0","T,,X","    0","T,,X","   25",",,X"," -256",",,X"," -278",",,X",,,,," 2130",",,X","  203","W,,X","  247",",,X",,,,,,,,,,,,
"AYW00087701","1958-07-15","-72.29444","170.30833","5.2","ADARE HALLETT, AY","    0","T,,X","    0","T,,X","    0","T,,X"," -256",",,X"," -356",",,X",,,,," 0042",",,X","  180","W,,X","  247",",,X",,,,,,,,,,,,
"AYW00087701","1958-07-16","-72.29444","170.30833","5.2","ADARE HALLETT, AY","    0","T,,X","    0","T,,X","    0","T,,X"," -317",",,X"," -372",",,X",,,,," 2048",",,X","  225","W,,X","   46",",,X",,,,,,,,,,,,
"AYW00087701","1958-07-17","-72.29444","170.30833","5.2","ADARE HALLETT, AY","    0",",,X","    0",",,X","    0","T,,X"," -200",",,X"," -356",",,X",,,,," 2118",",,X","  158","W,,X","  190",",,X",,,,,,,,,,,,
"AYW00087701","1958-07-18","-72.29444","170.30833","5.2","ADARE HALLETT, AY","    0",",,X","    0",",,X","    0","T,,X"," -189",",,X"," -333",",,X",,,,,,,,,,,,,,,,,,,,,,
"AYW00087701","1958-07-19","-72.29444","170.30833","5.2","ADARE HALLETT, AY","    0",",,X","    0",",,X","    0","T,,X"," -294",",,X"," -339",",,X",,,,," 1330",",,X","  225","W,,X","   46",",,X",,,,,,,,,,,,
"AYW00087701","1958-07-20","-72.29444","170.30833","5.2","ADARE HALLETT, AY","    0",",,X","    0",",,X","    0","T,,X"," -256",",,X"," -344",",,X",,,,," 1842",",,X","  203","W,,X","   82",",,X",,,,,,,,,,,,
"AYW00087701","1958-07-21","-72.29444","170.30833","5.2","ADARE HALLETT, AY","    0",",,X","    0",",,X","    0","T,,X"," -256",",,X"," -350",",,X",,,,," 0200",",,X","  180","W,,X","   57",",,X",,,,,,,,,,,,
"AYW00087701","1958-07-22","-72.29444","170.30833","5.2","ADARE HALLETT, AY","    0","T,,X","    0","T,,X","    0","T,,X"," -272",",,X"," -361",",,X",,,,," 2106",",,X","  225","W,,X","   62",",,X",,,,,,,,,,,,
"AYW00087701","1958-07-23","-72.29444","170.30833","5.2","ADARE HALLETT, AY","    0",",,X","    0",",,X","    0","T,,X"," -289",",,X"," -372",",,X",,,,," 0024",",,X","  203","W,,X","  113",",,X",,,,,,,,,,,,
"AYW00087701","1958-07-24","-72.29444","170.30833","5.2","ADARE HALLETT, AY","    0",",,X","    0",",,X","    0","T,,X"," -272",",,X"," -378",",,X",,,,," 1954",",,X","  315","W,,X","   72",",,X",,,,,,,,,,,,
"AYW00087701","1958-07-25","-72.29444","170.30833","5.2","ADARE HALLETT, AY","    0",",,X","    0",",,X","    0","T,,X"," -250",",,X"," -317",",,X",,,,," 0018",",,X","  315","W,,X","   51",",,X",,,,,,,,,,,,
"AYW00087701","1958-07-26","-72.29444","170.30833","5.2","ADARE HALLETT, AY","    0","T,,X","    0","T,,X","    0","T,,X"," -267",",,X"," -317",",,X",,,,," 1554",",,X","  203","W,,X","   41",",,X",,,,,,,,,,,,
"AYW00087701","1958-07-27","-72.29444","170.30833","5.2","ADARE HALLETT, AY","    0",",,X","    0",",,X","    0","T,,X"," -294",",,X"," -361",",,X",,,,," 2000",",,X","  203","W,,X","   72",",,X",,,,,,,,,,,,
"AYW00087701","1958-07-28","-72.29444","170.30833","5.2","ADARE HALLETT, AY","    0",",,X","    0",",,X","    0","T,,X"," -278",",,X"," -372",",,X",,,,," 0442",",,X","  203","W,,X","   82",",,X",,,,,,,,,,,,
"AYW00087701","1958-07-29","-72.29444","170.30833","5.2","ADARE HALLETT, AY","    0","T,,X","    0","T,,X","    0","T,,X"," -128",",,X"," -339",",,X",,,,," 1954",",,X","  225","W,,X","   93",",,X",,,,,,,,,,,,
"AYW00087701","1958-07-30","-72.29444","170.30833","5.2","ADARE HALLETT, AY","    0",",,X","    0",",,X","    0","T,,X","  -67",",,X"," -228",",,X",,,,," 0554",",,X","  180","W,,X","  206",",,X",,,,,,,,,,,,
"AYW00087701","1958-07-31","-72.29444","170.30833","5.2","ADARE HALLETT, AY","    0",",,X","    0",",,X","    0","T,,X"," -144",",,X"," -222",",,X",,,,," 1854",",,X","  203","W,,X","   67",",,X",,,,,,,,,,,,
"AYW00087701","1958-08-01","-72.29444","170.30833","5.2","ADARE HALLETT, AY","    0","T,,X","    0","T,,X","    0","T,,X"," -150",",,X"," -217",",,X",,,,," 2018",",,X","   90","W,,X","   93",",,X",,,,,,,,,,,,
"AYW00087701","1958-08-02","-72.29444","170.30833","5.2","ADARE HALLETT, AY","    0","T,,X","    0","T,,X","    0","T,,X"," -189",",,X"," -256",",,X",,,,," 0106",",,X","  203","W,,X","   72",",,X",,,,,,,,,,,,
"AYW00087701","1958-08-03","-72.29444","170.30833","5.2","ADARE HALLETT, AY","    0",",,X","    0",",,X","    0","T,,X"," -200",",,X"," -261",",,X",,,,," 1648",",,X","  180","W,,X","   36",",,X",,,,,,,,,,,,
"AYW00087701","1958-08-04","-72.29444","170.30833","5.2","ADARE HALLETT, AY","    0",",,X","    0",",,X","    0","T,,X"," -200",",,X"," -239",",,X",,,,," 1830",",,X","  225","W,,X","   41",",,X",,,,,,,,,,,,
"AYW00087701","1958-08-05","-72.29444","170.30833","5.2","ADARE HALLETT, AY","    0",",,X","    0",",,X","    0","T,,X"," -206",",,X"," -244",",,X",,,,," 0842",",,X","  360","W,,X","   41",",,X",,,,,,,,,,,,
"AYW00087701","1958-08-06","-72.29444","170.30833","5.2","ADARE HALLETT, AY","    0",",,X","    0",",,X","    0","T,,X"," -228",",,X"," -328",",,X",,,,," 1030",",,X","  203","W,,X","   46",",,X",,,,,,,,,,,,
"AYW00087701","1958-08-07","-72.29444","170.30833","5.2","ADARE HALLETT, AY","    0",",,X","    0",",,X","    0","T,,X"," -222",",,X"," -306",",,X",,,,," 2336",",,X","   90","W,,X","  134",",,X",,,,,,,,,,,,
"AYW00087701","1958-08-08","-72.29444","170.30833","5.2","ADARE HALLETT, AY","    0",",,X","    0",",,X","    0","T,,X"," -233",",,X"," -300",",,X",,,,," 0230",",,X","   90","W,,X","  134",",,X",,,,,,,,,,,,
"AYW00087701","1958-08-09","-72.29444","170.30833","5.2","ADARE HALLETT, AY","    0","T,,X","    0","T,,X","    0","T,,X"," -283",",,X"," -306",",,X",,,,," 1600",",,X","  113","W,,X","  129",",,X",,,,,,,,,,,,
"AYW00087701","1958-08-10","-72.29444","170.30833","5.2","ADARE HALLETT, AY","    0","T,,X","    0","T,,X","   25",",,X"," -244",",,X"," -300",",,X",,,,," 2312",",,X","  203","W,,X","  278",",,X",,,,,,,,,,,,
"AYW00087701","1958-08-11","-72.29444","170.30833","5.2","ADARE HALLETT, AY","    0","T,,X","    0","T,,X","    0","T,,X"," -172",",,X"," -272",",,X",,,,," 1500",",,X","  180","W,,X","  360",",,X",,,,,,,,,,,,
"AYW00087701","1958-08-12","-72.29444","170.30833","5.2","ADARE HALLETT, AY","    0","T,,X","    0","T,,X","    0","T,,X"," -122",",,X"," -217",",,X",,,,," 0624",",,X","  180","W,,X","  252",",,X",,,,,,,,,,,,
"AYW00087701","1958-08-13","-72.29444","170.30833","5.2","ADARE HALLETT, AY","    0",",,X","    0",",,X","    0","T,,X","  -94",",,X"," -150",",,X",,,,," 1630",",,X","  158","W,,X","  257",",,X",,,,,,,,,,,,
"AYW00087701","1958-08-14","-72.29444","170.30833","5.2","ADARE HALLETT, AY","    0",",,X","    0",",,X","    0","T,,X"," -122",",,X"," -272",",,X",,,,," 0300",",,X","   90","W,,X","  103",",,X",,,,,,,,,,,,
"AYW00087701","1958-08-15","-72.29444","170.30833","5.2","ADARE HALLETT, AY","    0",",,X","    0",",,X","    0","T,,X"," -228",",,X"," -306",",,X",,,,," 0948",",,X","  180","W,,X","   46",",,X",,,,,,,,,,,,
"AYW00087701","1958-08-16","-72.29444","170.30833","5.2","ADARE HALLETT, AY","    0",",,X","    0",",,X","    0","T,,X"," -217",",,X"," -322",",,X",,,,," 1342",",,X","  225","W,,X","   41",",,X",,,,,,,,,,,,
"AYW00087701","1958-08-17","-72.29444","170.30833","5.2","ADARE HALLETT, AY","    0",",,X","    0",",,X","    0","T,,X"," -217",",,X"," -311",",,X",,,,," 2300",",,X","  203","W,,X","   62",",,X",,,,,,,,,,,,
"AYW00087701","1958-08-18","-72.29444","170.30833","5.2","ADARE HALLETT, AY","    0",",,X","    0",",,X","    0","T,,X"," -211",",,X"," -278",",,X",,,,," 1942",",,X","  203","W,,X","   57",",,X",,,,,,,,,,,,
"AYW00087701","1958-08-19","-72.29444","170.30833","5.2","ADARE HALLETT, AY","    0","T,,X","    0","T,,X","    0","T,,X"," -189",",,X"," -289",",,X",,,,," 0224",",,X","   23","W,,X","   62",",,X",,,,,,,,,,,,
"AYW00087701","1958-08-20","-72.29444","170.30833","5.2","ADARE HALLETT, AY","    0","T,,X","    0","T,,X","    0","T,,X"," -278",",,X"," -317",",,X",,,,," 0318",",,X","  225","W,,X","   51",",,X",,,,,,,,,,,,
"AYW00087701","1958-08-21","-72.29444","170.30833","5.2","ADARE HALLETT, AY","    0","T,,X","    0","T,,X","    0","T,,X"," -289",",,X"," -361",",,X",,,,," 2012",",,X","  203","W,,X","   46",",,X",,,,,,,,,,,,
"AYW00087701","1958-08-22","-72.29444","170.30833","5.2","ADARE HALLETT, AY","    0",",,X","    0",",,X","    0","T,,X"," -328",",,X"," -383",",,X",,,,," 2130",",,X","  203","W,,X","   36",",,X",,,,,,,,,,,,
"AYW00087701","1958-08-23","-72.29444","170.30833","5.2","ADARE HALLETT, AY","    0",",,X","    0",",,X","    0","T,,X"," -289",",,X"," -394",",,X",,,,," 0900",",,X","  203","W,,X","   51",",,X",,,,,,,,,,,,
"AYW00087701","1958-08-24","-72.29444","170.30833","5.2","ADARE HALLETT, AY","    0",",,X","    0",",,X","    0","T,,X"," -222",",,X"," -311",",,X",,,,," 1254",",,X","  293","W,,X","   82",",,X",,,,,,,,,,,,
"AYW00087701","1958-08-25","-72.29444","170.30833","5.2","ADARE HALLETT, AY","    0","T,,X","    0","T,,X","    0","T,,X"," -217",",,X"," -267",",,X",,,,," 1512",",,X","  180","W,,X","  200",",,X",,,,,,,,,,,,
"AYW00087701","1958-08-26","-72.29444","170.30833","5.2","ADARE HALLETT, AY","    0",",,X","    0",",,X","    0","T,,X"," -250",",,X"," -322",",,X",,,,," 0012",",,X","  270","W,,X","   67",",,X",,,,,,,,,,,,
"AYW00087701","1958-08-27","-72.29444","170.30833","5.2","ADARE HALLETT, AY","    0","T,,X","    0","T,,X","    0","T,,X"," -222",",,X"," -289",",,X",,,,," 0242",",,X","  225","W,,X","   46",",,X",,,,,,,,,,,,
"AYW00087701","1958-08-28","-72.29444","170.30833","5.2","ADARE HALLETT, AY","    0",",,X","    0",",,X","    0","T,,X"," -233",",,X"," -278",",,X",,,,," 0200",",,X","  203","W,,X","   41",",,X",,,,,,,,,,,,
"AYW00087701","1958-08-29","-72.29444","170.30833","5.2","ADARE HALLETT, AY","    0",",,X","    0",",,X","    0","T,,X"," -256",",,X"," -328",",,X",,,,," 1836",",,X","  338","W,,X","   41",",,X",,,,,,,,,,,,
"AYW00087701","1958-08-30","-72.29444","170.30833","5.2","ADARE HALLETT, AY","    0","T,,X","    0","T,,X","    0","T,,X"," -256",",,X"," -333",",,X",,,,," 1730",",,X","  203","W,,X","   87",",,X",,,,,,,,,,,,
"AYW00087701","1958-08-31","-72.29444","170.30833","5.2","ADARE HALLETT, AY","    0","T,,X","    0","T,,X","    0","T,,X"," -211",",,X"," -283",",,X",,,,," 2348",",,X","  203","W,,X","  267",",,X",,,,,,,,,,,,
"AYW00087701","1958-09-01","-72.29444","170.30833","5.2","ADARE HALLETT, AY","    0","T,,X","    0","T,,X","    0","T,,X"," -200",",,X"," -278",",,X",,,,," 0354",",,X","  180","W,,X","  278",",,X",,,,,,,,,,,,
"AYW00087701","1958-09-02","-72.29444","170.30833","5.2","ADARE HALLETT, AY","    0","T,,X","    0","T,,X","    0","T,,X"," -261",",,X"," -339",",,X",,,,," 1430",",,X","  203","W,,X","  144",",,X",,,,,,,,,,,,
"AYW00087701","1958-09-03","-72.29444","170.30833","5.2","ADARE HALLETT, AY","    0","T,,X","    0","T,,X","    0","T,,X"," -294",",,X"," -350",",,X",,,,," 0700",",,X","  180","W,,X","   67",",,X",,,,,,,,,,,,
"AYW00087701","1958-09-04","-72.29444","170.30833","5.2","ADARE HALLETT, AY","    0",",,X","    0",",,X","    0","T,,X"," -283",",,X"," -361",",,X",,,,," 2048",",,X","  203","W,,X","   46",",,X",,,,,,,,,,,,
"AYW00087701","1958-09-05","-72.29444","170.30833","5.2","ADARE HALLETT, AY","    0","T,,X","    0","T,,X","    0","T,,X"," -283",",,X"," -372",",,X",,,,," 0742",",,X","  203","W,,X","   62",",,X",,,,,,,,,,,,
"AYW00087701","1958-09-06","-72.29444","170.30833","5.2","ADARE HALLETT, AY","    0",",,X","    0",",,X","    0","T,,X"," -256",",,X"," -339",",,X",,,,," 0348",",,X","  203","W,,X","   82",",,X",,,,,,,,,,,,
"AYW00087701","1958-09-07","-72.29444","170.30833","5.2","ADARE HALLETT, AY","    0","T,,X","    0","T,,X","    0","T,,X"," -244",",,X"," -350",",,X",,,,," 1518",",,X","  180","W,,X","   36",",,X",,,,,,,,,,,,
"AYW00087701","1958-09-08","-72.29444","170.30833","5.2","ADARE HALLETT, AY","    0","T,,X","    0","T,,X","    0","T,,X"," -278",",,X"," -361",",,X",,,,," 2106",",,X","  203","W,,X","   51",",,X",,,,,,,,,,,,
"AYW00087701","1958-09-09","-72.29444","170.30833","5.2","ADARE HALLETT, AY","    0","T,,X","    0","T,,X","    0","T,,X"," -278",",,X"," -378",",,X",,,,," 2230",",,X","  180","W,,X","  113",",,X",,,,,,,,,,,,
"AYW00087701","1958-09-10","-72.29444","170.30833","5.2","ADARE HALLETT, AY","    0",",,X","    0",",,X","    0","T,,X"," -250",",,X"," -339",",,X",,,,," 0300",",,X","  180","W,,X","  211",",,X",,,,,,,,,,,,
"AYW00087701","1958-09-11","-72.29444","170.30833","5.2","ADARE HALLETT, AY","    0",",,X","    0",",,X","    0","T,,X"," -267",",,X"," -344",",,X",,,,," 0930",",,X","  203","W,,X","   41",",,X",,,,,,,,,,,,
"AYW00087701","1958-09-12","-72.29444","170.30833","5.2","ADARE HALLETT, AY","    0","T,,X","    0","T,,X","    0","T,,X"," -278",",,X"," -344",",,X",,,,," 1036",",,X","  225","W,,X","   31",",,X",,,,,,,,,,,,
"AYW00087701","1958-09-13","-72.29444","170.30833","5.2","ADARE HALLETT, AY","    0",",,X","    0",",,X","    0","T,,X"," -228",",,X"," -322",",,X",,,,," 1530",",,X","  203","W,,X","  226",",,X",,,,,,,,,,,,
"AYW00087701","1958-09-14","-72.29444","170.30833","5.2","ADARE HALLETT, AY","    0","T,,X","    0","T,,X","    0","T,,X"," -239",",,X"," -328",",,X",,,,," 0036",",,X","  203","W,,X","  113",",,X",,,,,,,,,,,,
"AYW00087701","1958-09-15","-72.29444","170.30833","5.2","ADARE HALLETT, AY","    0","T,,X","    0","T,,X","    0","T,,X"," -239",",,X"," -317",",,X",,,,," 2230",",,X","  180","W,,X","  175",",,X",,,,,,,,,,,,
"AYW00087701","1958-09-16","-72.29444","170.30833","5.2","ADARE HALLETT, AY","    0","T,,X","    0","T,,X","    0","T,,X"," -189",",,X"," -250",",,X",,,,," 0600",",,X","  180","W,,X","  314",",,X",,,,,,,,,,,,
"AYW00087701","1958-09-17","-72.29444","170.30833","5.2","ADARE HALLETT, AY","    0",",,X","    0",",,X","    0","T,,X"," -194",",,X"," -300",",,X",,,,," 0448",",,X","  203","W,,X","  216",",,X",,,,,,,,,,,,
"AYW00087701","1958-09-18","-72.29444","170.30833","5.2","ADARE HALLETT, AY","    0",",,X","    0",",,X","    0","T,,X"," -217",",,X"," -306",",,X",,,,," 2148",",,X","  225","W,,X","   82",",,X",,,,,,,,,,,,
"AYW00087701","1958-09-19","-72.29444","170.30833","5.2","ADARE HALLETT, AY","    0","T,,X","    0","T,,X","    0","T,,X","  -72",",,X"," -267",",,X",,,,," 1530",",,X","   90","W,,X","  170",",,X",,,,,,,,,,,,
"AYW00087701","1958-09-20","-72.29444","170.30833","5.2","ADARE HALLETT, AY","    0","T,,X","    0","T,,X","    0","T,,X"," -183",",,X"," -289",",,X",,,,," 1406",",,X","   90","W,,X","  149",",,X",,,,,,,,,,,,
"AYW00087701","1958-09-21","-72.29444","170.30833","5.2","ADARE HALLETT, AY","    0",",,X","    0",",,X","    0","T,,X"," -250",",,X"," -339",",,X",,,,," 2212",",,X","  225","W,,X","   51",",,X",,,,,,,,,,,,
"AYW00087701","1958-09-22","-72.29444","170.30833","5.2","ADARE HALLETT, AY","    0",",,X","    0",",,X","    0","T,,X"," -139",",,X"," -322",",,X",,,,," 1624",",,X","  180","W,,X","  365",",,X",,,,,,,,,,,,
"AYW00087701","1958-09-23","-72.29444","170.30833","5.2","ADARE HALLETT, AY","    0","T,,X","    0","T,,X","    0","T,,X"," -156",",,X"," -250",",,X",,,,," 0100",",,X","  158","W,,X","  283",",,X",,,,,,,,,,,,
"AYW00087701","1958-09-24","-72.29444","170.30833","5.2","ADARE HALLETT, AY","    0",",,X","    0",",,X","    0","T,,X"," -139",",,X"," -256",",,X",,,,," 0500",",,X","  203","W,,X","  134",",,X",,,,,,,,,,,,
"AYW00087701","1958-09-25","-72.29444","170.30833","5.2","ADARE HALLETT, AY","    0","T,,X","    0","T,,X","    0","T,,X"," -144",",,X"," -250",",,X",,,,," 0500",",,X","  180","W,,X","  190",",,X",,,,,,,,,,,,
"AYW00087701","1958-09-26","-72.29444","170.30833","5.2","ADARE HALLETT, AY","    0",",,X","    0",",,X","    0","T,,X"," -167",",,X"," -272",",,X",,,,," 0730",",,X","  248","W,,X","   62",",,X",,,,,,,,,,,,
"AYW00087701","1958-09-27","-72.29444","170.30833","5.2","ADARE HALLETT, AY","    0","T,,X","    0","T,,X","    0","T,,X"," -178",",,X"," -239",",,X",,,,," 0918",",,X","  180","W,,X","  247",",,X",,,,,,,,,,,,
"AYW00087701","1958-09-28","-72.29444","170.30833","5.2","ADARE HALLETT, AY","    0",",,X","    0",",,X","    0","T,,X"," -167",",,X"," -261",",,X",,,,," 0624",",,X","  203","W,,X","   62",",,X",,,,,,,,,,,,
"AYW00087701","1958-09-29","-72.29444","170.30833","5.2","ADARE HALLETT, AY","   25",",,X","   25",",,X","   25",",,X"," -144",",,X"," -261",",,X",,,,," 1654",",,X","  180","W,,X","  134",",,X",,,,,,,,,,,,
"AYW00087701","1958-09-30","-72.29444","170.30833","5.2","ADARE HALLETT, AY","    0",",,X","    0",",,X","   25",",,X"," -183",",,X"," -272",",,X",,,,," 2218",",,X","  203","W,,X","   57",",,X",,,,,,,,,,,,
"AYW00087701","1958-10-01","-72.29444","170.30833","5.2","ADARE HALLETT, AY","    0","T,,X","    0","T,,X","    0","T,,X"," -178",",,X"," -317",",,X",,,,," 1354",",,X","  293","W,,X","   57",",,X",,,,,,,,,,,,
"AYW00087701","1958-10-02","-72.29444","170.30833","5.2","ADARE HALLETT, AY","    0","T,,X","    0","T,,X","    0","T,,X"," -194",",,X"," -278",",,X",,,,," 1706",",,X","  203","W,,X","  154",",,X",,,,,,,,,,,,
"AYW00087701","1958-10-03","-72.29444","170.30833","5.2","ADARE HALLETT, AY","    0",",,X","    0",",,X","    0","T,,X"," -194",",,X"," -328",",,X",,,,," 0000",",,X","  203","W,,X","   87",",,X",,,,,,,,,,,,
"AYW00087701","1958-10-04","-72.29444","170.30833","5.2","ADARE HALLETT, AY","    0",",,X","    0",",,X","    0","T,,X"," -256",",,X"," -367",",,X",,,,," 2230",",,X","  248","W,,X","   51",",,X",,,,,,,,,,,,
"AYW00087701","1958-10-05","-72.29444","170.30833","5.2","ADARE HALLETT, AY","    0",",,X","    0",",,X","    0","T,,X"," -156",",,X"," -311",",,X",,,,," 0530",",,X","  180","W,,X","   77",",,X",,,,,,,,,,,,
"AYW00087701","1958-10-06","-72.29444","170.30833","5.2","ADARE HALLETT, AY","    0",",,X","    0",",,X","    0","T,,X"," -100",",,X"," -300",",,X",,,,," 1412",",,X","  203","W,,X","   93",",,X",,,,,,,,,,,,
"AYW00087701","1958-10-07","-72.29444","170.30833","5.2","ADARE HALLETT, AY","    0",",,X","    0",",,X","    0","T,,X"," -139",",,X"," -256",",,X",,,,," 0236",",,X","  203","W,,X","   57",",,X",,,,,,,,,,,,
"AYW00087701","1958-10-08","-72.29444","170.30833","5.2","ADARE HALLETT, AY","    0",",,X","    0",",,X","    0","T,,X"," -156",",,X"," -256",",,X",,,,," 1400",",,X","  180","W,,X","   51",",,X",,,,,,,,,,,,
"AYW00087701","1958-10-09","-72.29444","170.30833","5.2","ADARE HALLETT, AY","    0","T,,X","    0","T,,X","    0","T,,X"," -122",",,X"," -256",",,X",,,,," 0654",",,X","  203","W,,X","   41",",,X",,,,,,,,,,,,
"AYW00087701","1958-10-10","-72.29444","170.30833","5.2","ADARE HALLETT, AY","    0",",,X","    0",",,X","    0","T,,X"," -122",",,X"," -244",",,X",,,,," 2342",",,X","  158","W,,X","  195",",,X",,,,,,,,,,,,
"AYW00087701","1958-10-11","-72.29444","170.30833","5.2","ADARE HALLETT, AY","    0",",,X","    0",",,X","    0","T,,X","  -83",",,X"," -206",",,X",,,,," 0354",",,X","  180","W,,X","  242",",,X",,,,,,,,,,,,
"AYW00087701","1958-10-12","-72.29444","170.30833","5.2","ADARE HALLETT, AY","    0",",,X","    0",",,X","    0","T,,X"," -106",",,X"," -233",",,X",,,,," 2000",",,X","  203","W,,X","   46",",,X",,,,,,,,,,,,
"AYW00087701","1958-10-13","-72.29444","170.30833","5.2","ADARE HALLETT, AY","    0",",,X","    0",",,X","    0","T,,X"," -139",",,X"," -244",",,X",,,,," 1424",",,X","  293","W,,X","   41",",,X",,,,,,,,,,,,
"AYW00087701","1958-10-14","-72.29444","170.30833","5.2","ADARE HALLETT, AY","    0",",,X","    0",",,X","    0","T,,X"," -144",",,X"," -256",",,X",,,,," 2306",",,X","  203","W,,X","   98",",,X",,,,,,,,,,,,
"AYW00087701","1958-10-15","-72.29444","170.30833","5.2","ADARE HALLETT, AY","    0",",,X","    0",",,X","    0","T,,X"," -133",",,X"," -250",",,X",,,,," 0436",",,X","  180","W,,X","   93",",,X",,,,,,,,,,,,
"AYW00087701","1958-10-16","-72.29444","170.30833","5.2","ADARE HALLETT, AY","    0","T,,X","    0","T,,X","    0","T,,X"," -150",",,X"," -278",",,X",,,,,,,,,,,,,,,,,,,,,,
"AYW00087701","1958-10-17","-72.29444","170.30833","5.2","ADARE HALLETT, AY","    0","T,,X","    0","T,,X","    0","T,,X"," -144",",,X"," -206",",,X",,,,," 0624",",,X","  203","W,,X","  170",",,X",,,,,,,,,,,,
"AYW00087701","1958-10-18","-72.29444","170.30833","5.2","ADARE HALLETT, AY","    0","T,,X","    0","T,,X","    0","T,,X"," -161",",,X"," -267",",,X",,,,," 2000",",,X","  180","W,,X","   26",",,X",,,,,,,,,,,,
"AYW00087701","1958-10-19","-72.29444","170.30833","5.2","ADARE HALLETT, AY","    0",",,X","    0",",,X","    0","T,,X"," -178",",,X"," -289",",,X",,,,," 0018",",,X","  203","W,,X","   41",",,X",,,,,,,,,,,,
"AYW00087701","1958-10-20","-72.29444","170.30833","5.2","ADARE HALLETT, AY","    0",",,X","    0",",,X","    0","T,,X"," -183",",,X"," -300",",,X",,,,," 2006",",,X","  203","W,,X","   41",",,X",,,,,,,,,,,,
"AYW00087701","1958-10-21","-72.29444","170.30833","5.2","ADARE HALLETT, AY","    0",",,X","    0",",,X","    0","T,,X"," -150",",,X"," -306",",,X",,,,," 1430",",,X","   68","W,,X","   93",",,X",,,,,,,,,,,,
"AYW00087701","1958-10-22","-72.29444","170.30833","5.2","ADARE HALLETT, AY","    0","T,,X","    0","T,,X","    0","T,I,X"," -156",",,X"," -222",",,X",,,,,,,,,,,,,,,,,,,,,,
"AYW00087701","1958-10-23","-72.29444","170.30833","5.2","ADARE HALLETT, AY","    3",",,X","    5",",I,X","   51",",I,X"," -106",",,X"," -222",",,X",,,,," 2336",",,X","   45","W,,X","   62",",,X",,,,,,,,,,,,
"AYW00087701","1958-10-24","-72.29444","170.30833","5.2","ADARE HALLETT, AY","    3",",,X","    3",",,X","   51",",,X","  -89",",,X"," -172",",,X",,,,," 0524",",,X","  203","W,,X","  108",",,X",,,,,,,,,,,,
"AYW00087701","1958-10-25","-72.29444","170.30833","5.2","ADARE HALLETT, AY","    0","T,,X","    0","T,,X","    0","T,,X"," -100",",,X"," -150",",,X",,,,," 1836",",,X","  158","W,,X","  350",",,X",,,,,,,,,,,,
"AYW00087701","1958-10-26","-72.29444","170.30833","5.2","ADARE HALLETT, AY","    0",",,X","    0",",,X","    0","T,,X"," -100",",,X"," -206",",,X",,,,," 0106",",,X","  180","W,,X","  288",",,X",,,,,,,,,,,,
"AYW00087701","1958-10-27","-72.29444","170.30833","5.2","ADARE HALLETT, AY","    0",",,X","    0",",,X","    0","T,,X","  -67",",,X"," -222",",,X",,,,," 1700",",,X","  293","W,,X","   62",",,X",,,,,,,,,,,,
"AYW00087701","1958-10-28","-72.29444","170.30833","5.2","ADARE HALLETT, AY","    0","T,,X","    0","T,,X","    0","T,,X","  -72",",,X"," -122",",,X",,,,," 0954",",,X","  203","W,,X","  262",",,X",,,,,,,,,,,,
"AYW00087701","1958-10-29","-72.29444","170.30833","5.2","ADARE HALLETT, AY","    0",",,X","    0",",,X","    0","T,,X","  -56",",,X"," -150",",,X",,,,," 2048",",,X","  203","W,,X","   62",",,X",,,,,,,,,,,,
"AYW00087701","1958-10-30","-72.29444","170.30833","5.2","ADARE HALLETT, AY","    0","T,,X","    0","T,,X","    0","T,,X","  -72",",,X"," -150",",,X",,,,," 1854",",,X","  203","W,,X","  103",",,X",,,,,,,,,,,,
"AYW00087701","1958-10-31","-72.29444","170.30833","5.2","ADARE HALLETT, AY","   13",",,X","   13",",,X","   25",",,X"," -111",",,X"," -161",",,X",,,,," 1648",",,X","   90","W,,X","   57",",,X",,,,,,,,,,,,
"AYW00087701","1958-11-01","-72.29444","170.30833","5.2","ADARE HALLETT, AY","    0","T,,X","    0","T,,X","    0","T,,X"," -128",",,X"," -200",",,X",,,,," 2248",",,X","  225","W,,X","  123",",,X",,,,,,,,,,,,
"AYW00087701","1958-11-02","-72.29444","170.30833","5.2","ADARE HALLETT, AY","    0",",,X","    0",",,X","    0","T,,X","  -94",",,X"," -239",",,X",,,,," 0142",",,X","  203","W,,X","  139",",,X",,,,,,,,,,,,
"AYW00087701","1958-11-03","-72.29444","170.30833","5.2","ADARE HALLETT, AY","    0",",,X","    0",",,X","    0","T,,X","  -89",",,X"," -256",",,X",,,,," 1612",",,X","   90","W,,X","   93",",,X",,,,,,,,,,,,
"AYW00087701","1958-11-04","-72.29444","170.30833","5.2","ADARE HALLETT, AY","    0",",,X","    0",",,X","    0","T,,X","  -67",",,X"," -183",",,X",,,,," 0124",",,X","  225","W,,X","   51",",,X",,,,,,,,,,,,
"AYW00087701","1958-11-05","-72.29444","170.30833","5.2","ADARE HALLETT, AY","    0",",,X","    0",",,X","    0","T,,X","  -50",",,X"," -161",",,X",,,,," 0030",",,X","   23","W,,X","   46",",,X",,,,,,,,,,,,
"AYW00087701","1958-11-06","-72.29444","170.30833","5.2","ADARE HALLETT, AY","    0",",,X","    0",",,X","    0","T,,X","  -50",",,X"," -178",",,X",,,,," 0424",",,X","  203","W,,X","   46",",,X",,,,,,,,,,,,
"AYW00087701","1958-11-07","-72.29444","170.30833","5.2","ADARE HALLETT, AY","    0","T,,X","    0","T,,X","    0","T,,X","  -61",",,X"," -156",",,X",,,,," 1754",",,X","  203","W,,X","   41",",,X",,,,,,,,,,,,
"AYW00087701","1958-11-08","-72.29444","170.30833","5.2","ADARE HALLETT, AY","    0","T,,X","    0","T,,X","    0","T,,X","  -72",",,X"," -111",",,X",,,,," 2142",",,X","  180","W,,X","  123",",,X",,,,,,,,,,,,
"AYW00087701","1958-11-09","-72.29444","170.30833","5.2","ADARE HALLETT, AY","    0",",,X","    0",",,X","    0","T,,X","  -17",",,X"," -167",",,X",,,,," 0024",",,X","  180","W,,X","  118",",,X",,,,,,,,,,,,
"AYW00087701","1958-11-10","-72.29444","170.30833","5.2","ADARE HALLETT, AY","    0",",,X","    0",",,X","    0","T,,X","  -56",",,X"," -189",",,X",,,,," 0500",",,X","  225","W,,X","   41",",,X",,,,,,,,,,,,
"AYW00087701","1958-11-11","-72.29444","170.30833","5.2","ADARE HALLETT, AY","    0",",,X","    0",",,X","    0","T,,X","    6",",,X"," -189",",,X",,,,," 2048",",,X","  315","W,,X","   62",",,X",,,,,,,,,,,,
"AYW00087701","1958-11-12","-72.29444","170.30833","5.2","ADARE HALLETT, AY","    0",",,X","    0",",,X","    0","T,,X","  -17",",,X"," -150",",,X",,,,," 1954",",,X","  293","W,,X","   46",",,X",,,,,,,,,,,,
"AYW00087701","1958-11-13","-72.29444","170.30833","5.2","ADARE HALLETT, AY","    0","T,,X","    0","T,,X","    0","T,,X","  -17",",,X"," -128",",,X",,,,," 2206",",,X","  225","W,,X","   51",",,X",,,,,,,,,,,,
"AYW00087701","1958-11-14","-72.29444","170.30833","5.2","ADARE HALLETT, AY","    0",",,X","    0",",,X","    0","T,,X","    0",",,X"," -128",",,X",,,,," 0518",",,X","  203","W,,X","  103",",,X",,,,,,,,,,,,
"AYW00087701","1958-11-15","-72.29444","170.30833","5.2","ADARE HALLETT, AY","    0",",,X","    0",",,X","    0","T,,X","  -28",",,X"," -128",",,X",,,,," 0530",",,X","  180","W,,X","  200",",,X",,,,,,,,,,,,
"AYW00087701","1958-11-16","-72.29444","170.30833","5.2","ADARE HALLETT, AY","    0",",,X","    0",",,X","    0","T,,X","  -17",",,X","  -89",",,X",,,,," 0512",",,X","  158","W,,X","  164",",,X",,,,,,,,,,,,
"AYW00087701","1958-11-17","-72.29444","170.30833","5.2","ADARE HALLETT, AY","    0","T,,X","    0","T,,X","    0","T,,X","  -50",",,X","  -94",",,X",,,,," 0024",",,X","  203","W,,X","   98",",,X",,,,,,,,,,,,
"AYW00087701","1958-11-18","-72.29444","170.30833","5.2","ADARE HALLETT, AY","    0","T,,X","    0","T,,X","    0","T,,X","  -72",",,X"," -100",",,X",,,,," 1512",",,X","  203","W,,X","  118",",,X",,,,,,,,,,,,
"AYW00087701","1958-11-19","-72.29444","170.30833","5.2","ADARE HALLETT, AY","    0","T,,X","    0","T,,X","    0","T,,X","  -28",",,X"," -106",",,X",,,,," 1154",",,X","  158","W,,X","  180",",,X",,,,,,,,,,,,
"AYW00087701","1958-11-20","-72.29444","170.30833","5.2","ADARE HALLETT, AY","    0",",,X","    0",",,X","    0","T,,X","  -33",",,X"," -161",",,X",,,,," 0018",",,X","  203","W,,X","   67",",,X",,,,,,,,,,,,
"AYW00087701","1958-11-21","-72.29444","170.30833","5.2","ADARE HALLETT, AY","    0",",,X","    0",",,X","    0","T,,X","   -6",",,X"," -156",",,X",,,,," 0700",",,X","  203","W,,X","   62",",,X",,,,,,,,,,,,
"AYW00087701","1958-11-22","-72.29444","170.30833","5.2","ADARE HALLETT, AY","    0",",,X","    0",",,X","    0","T,,X","  -11",",,X"," -150",",,X",,,,," 2106",",,X","  270","W,,X","   26",",,X",,,,,,,,,,,,
"AYW00087701","1958-11-23","-72.29444","170.30833","5.2","ADARE HALLETT, AY","    0",",,X","    0",",,X","    0","T,,X","  -22",",,X"," -144",",,X",,,,," 1100",",,X","   23","W,,X","   31",",,X",,,,,,,,,,,,
"AYW00087701","1958-11-24","-72.29444","170.30833","5.2","ADARE HALLETT, AY","    0","T,,X","    0","T,,X","    0","T,,X","  -28",",,X"," -144",",,X",,,,," 1400",",,X","  315","W,,X","   41",",,X",,,,,,,,,,,,
"AYW00087701","1958-11-25","-72.29444","170.30833","5.2","ADARE HALLETT, AY","    0",",,X","    0",",,X","    0","T,,X","  -22",",,X","  -83",",,X",,,,," 1306",",,X","   90","W,,X","   67",",,X",,,,,,,,,,,,
"AYW00087701","1958-11-26","-72.29444","170.30833","5.2","ADARE HALLETT, AY","    0",",,X","    0",",,X","    0","T,,X","  -28",",,X","  -89",",,X",,,,," 1112",",,X","  158","W,,X","  129",",,X",,,,,,,,,,,,
"AYW00087701","1958-11-27","-72.29444","170.30833","5.2","ADARE HALLETT, AY","    0",",,X","    0",",,X","    0","T,,X","  -11",",,X"," -128",",,X",,,,," 0606",",,X","  203","W,,X","  103",",,X",,,,,,,,,,,,
"AYW00087701","1958-11-28","-72.29444","170.30833","5.2","ADARE HALLETT, AY","    0","T,,X","    0","T,,X","    0","T,,X","  -33",",,X"," -133",",,X",,,,," 0836",",,X","  203","W,,X","  175",",,X",,,,,,,,,,,,
"AYW00087701","1958-11-29","-72.29444","170.30833","5.2","ADARE HALLETT, AY","    0","T,,X","    0","T,,X","    0","T,,X","  -33",",,X","  -78",",,X",,,,," 1036",",,X","  203","W,,X","  164",",,X",,,,,,,,,,,,
"AYW00087701","1958-11-30","-72.29444","170.30833","5.2","ADARE HALLETT, AY","    0",",,X","    0",",,X","    0","T,,X","   -6",",,X"," -106",",,X",,,,," 1448",",,X","   45","W,,X","   57",",,X",,,,,,,,,,,,
"AYW00087701","1958-12-01","-72.29444","170.30833","5.2","ADARE HALLETT, AY","    0","T,,X","    0","T,,X","    0","T,,X","  -17",",,X"," -100",",,X",,,,," 0330",",,X","   90","W,,X","  164",",,X",,,,,,,,,,,,
"AYW00087701","1958-12-02","-72.29444","170.30833","5.2","ADARE HALLETT, AY","    0","T,,X","    0","T,,X","    0","T,,X","  -28",",,X"," -122",",,X",,,,," 1618",",,X","  293","W,,X","   46",",,X",,,,,,,,,,,,
"AYW00087701","1958-12-03","-72.29444","170.30833","5.2","ADARE HALLETT, AY","    0","T,,X","    0","T,,X","    0","T,,X","  -39",",,X","  -89",",,X",,,,," 2206",",,X","  203","W,,X","   82",",,X",,,,,,,,,,,,
"AYW00087701","1958-12-04","-72.29444","170.30833","5.2","ADARE HALLETT, AY","    0",",,X","    0",",,X","    0","T,,X","  -33",",,X","  -78",",,X",,,,," 0130",",,X","  203","W,,X","   93",",,X",,,,,,,,,,,,
"AYW00087701","1958-12-05","-72.29444","170.30833","5.2","ADARE HALLETT, AY","    0",",,X","    0",",,X","    0","T,,X","  -22",",,X"," -111",",,X",,,,," 1612",",,X","   68","W,,X","   31",",,X",,,,,,,,,,,,
"AYW00087701","1958-12-06","-72.29444","170.30833","5.2","ADARE HALLETT, AY","    0","T,,X","    0","T,,X","    0","T,,X","  -33",",,X"," -117",",,X",,,,," 1718",",,X","   23","W,,X","   36",",,X",,,,,,,,,,,,
"AYW00087701","1958-12-07","-72.29444","170.30833","5.2","ADARE HALLETT, AY","   51",",,X","    5",",,X","    0","T,,X","  -11",",,X","  -72",",,X",,,,," 1800",",,X","  203","W,,X","  180",",,X",,,,,,,,,,,,
"AYW00087701","1958-12-08","-72.29444","170.30833","5.2","ADARE HALLETT, AY","    0","T,,X","    0","T,,X","    0","T,,X","  -22",",,X","  -61",",,X",,,,," 0030",",,X","  180","W,,X","  195",",,X",,,,,,,,,,,,
"AYW00087701","1958-12-09","-72.29444","170.30833","5.2","ADARE HALLETT, AY","    0","T,,X","    0","T,,X","    0","T,,X","  -11",",,X","  -67",",,X",,,,," 0300",",,X","  180","W,,X","  180",",,X",,,,,,,,,,,,
"AYW00087701","1958-12-10","-72.29444","170.30833","5.2","ADARE HALLETT, AY","    0","T,,X","    0","T,,X","    0","T,,X","  -22",",,X","  -78",",,X",,,,," 1800",",,X","  113","W,,X","   67",",,X",,,,,,,,,,,,
"AYW00087701","1958-12-11","-72.29444","170.30833","5.2","ADARE HALLETT, AY","    0",",,X","    0",",,X","    0","T,,X","  -28",",,X","  -83",",,X",,,,," 0848",",,X","  180","W,,X","  118",",,X",,,,,,,,,,,,
"AYW00087701","1958-12-12","-72.29444","170.30833","5.2","ADARE HALLETT, AY","    0",",,X","    0",",,X","    0","T,,X","   -6",",,X","  -89",",,X",,,,," 0336",",,X","  225","W,,X","  108",",,X",,,,,,,,,,,,
"AYW00087701","1958-12-13","-72.29444","170.30833","5.2","ADARE HALLETT, AY","    0","T,,X","    0","T,,X","    0","T,,X","    6",",,X"," -100",",,X",,,,," 2148",",,X","  293","W,,X","   36",",,X",,,,,,,,,,,,
"AYW00087701","1958-12-14","-72.29444","170.30833","5.2","ADARE HALLETT, AY","    0","T,,X","    0","T,,X","    0","T,,X","   28",",,X","  -44",",,X",,,,," 1042",",,X","  203","W,,X","  113",",,X",,,,,,,,,,,,
"AYW00087701","1958-12-15","-72.29444","170.30833","5.2","ADARE HALLETT, AY","    0",",,X","    0",",,X","    0","T,,X","   28",",,X","  -44",",,X",,,,," 2224",",,X","  203","W,,X","   67",",,X",,,,,,,,,,,,
"AYW00087701","1958-12-16","-72.29444","170.30833","5.2","ADARE HALLETT, AY","    0",",,X","    0",",,X","    0","T,,X","   44",",,X","  -78",",,X",,,,," 1354",",,X","   90","W,,X","   93",",,X",,,,,,,,,,,,
"AYW00087701","1958-12-17","-72.29444","170.30833","5.2","ADARE HALLETT, AY","    0",",,X","    0",",,X","    0","T,,X","   17",",,X","  -56",",,X",,,,," 1712",",,X","   45","W,,X","   62",",,X",,,,,,,,,,,,
"AYW00087701","1958-12-18","-72.29444","170.30833","5.2","ADARE HALLETT, AY","    0",",,X","    0",",,X","    0","T,,X","   11",",,X","  -61",",,X",,,,," 1354",",,X","   23","W,,X","   36",",,X",,,,,,,,,,,,
"AYW00087701","1958-12-19","-72.29444","170.30833","5.2","ADARE HALLETT, AY","    0",",,X","    0",",,X","    0","T,,X","   11",",,X","  -72",",,X",,,,," 1654",",,X","  360","W,,X","   31",",,X",,,,,,,,,,,,
"AYW00087701","1958-12-20","-72.29444","170.30833","5.2","ADARE HALLETT, AY","    0","T,,X","    0","T,,X","    0","T,,X","   17",",,X","  -78",",,X",,,,," 1436",",,X","  113","W,,X","   93",",,X",,,,,,,,,,,,
"AYW00087701","1958-12-21","-72.29444","170.30833","5.2","ADARE HALLETT, AY","    0","T,,X","    0","T,,X","    0","T,,X","   17",",,X","  -78",",,X",,,,," 0936",",,X","  158","W,,X","  154",",,X",,,,,,,,,,,,
"AYW00087701","1958-12-22","-72.29444","170.30833","5.2","ADARE HALLETT, AY","    0","T,,X","    0","T,,X","    0",",,X","    0",",,X","  -67",",,X",,,,," 0800",",,X","  203","W,,X","  129",",,X",,,,,,,,,,,,
"AYW00087701","1958-12-23","-72.29444","170.30833","5.2","ADARE HALLETT, AY","    0",",,X","    0",",,X","    0",",,X","   28",",,X","  -72",",,X",,,,," 1748",",,X","  270","W,,X","   46",",,X",,,,,,,,,,,,
"AYW00087701","1958-12-24","-72.29444","170.30833","5.2","ADARE HALLETT, AY","    0",",,X","    0",",,X","    0",",,X","   33",",,X","  -67",",,X",,,,," 0524",",,X","  225","W,,X","   62",",,X",,,,,,,,,,,,
"AYW00087701","1958-12-25","-72.29444","170.30833","5.2","ADARE HALLETT, AY","    0","T,,X","    0","T,,X","    0","T,,X","   22",",,X","  -67",",,X",,,,," 1736",",,X","   90","W,,X","  103",",,X",,,,,,,,,,,,
"AYW00087701","1958-12-26","-72.29444","170.30833","5.2","ADARE HALLETT, AY","    0",",,X","    0",",,X","    0",",,X","   17",",,X","  -39",",,X",,,,," 1448",",,X","   45","W,,X","   51",",,X",,,,,,,,,,,,
"AYW00087701","1958-12-27","-72.29444","170.30833","5.2","ADARE HALLETT, AY","    0",",,X","    0",",,X","    0",",,X","   22",",,X","  -78",",,X",,,,," 1742",",,X","   45","W,,X","   51",",,X",,,,,,,,,,,,
"AYW00087701","1958-12-28","-72.29444","170.30833","5.2","ADARE HALLETT, AY","    0","T,,X","    0","T,,X","    0","T,,X","   11",",,X","  -39",",,X",,,,," 1436",",,X","  293","W,,X","   67",",,X",,,,,,,,,,,,
"AYW00087701","1958-12-29","-72.29444","170.30833","5.2","ADARE HALLETT, AY","    0","T,,X","    0","T,,X","    0","T,,X","    0",",,X","  -39",",,X",,,,," 1700",",,X","   90","W,,X","   72",",,X",,,,,,,,,,,,
"AYW00087701","1958-12-30","-72.29444","170.30833","5.2","ADARE HALLETT, AY","    0","T,,X","    0","T,,X","    0","T,I,X","   -6",",,X","  -39",",,X",,,,," 2124",",,X","  203","W,,X","  226",",,X",,,,,,,,,,,,
"AYW00087701","1958-12-31","-72.29444","170.30833","5.2","ADARE HALLETT, AY","   51",",,X","    5",",I,X","   51",",I,X","  -17",",,X","  -39",",,X",,,,," 0500",",,X","  180","W,,X","  267",",,X",,,,,,,,,,,,
"AYW00087701","1959-01-01","-72.29444","170.30833","5.2","ADARE HALLETT, AY","    0","T,,X","    0","T,,X","    0","T,,X","   -6",",,X","  -28",",,X",,,,," 0124",",,X","  180","W,,X","  200",",,X",,,,,,,,,,,,
"AYW00087701","1959-01-02","-72.29444","170.30833","5.2","ADARE HALLETT, AY","    0",",,X","    0",",,X","    0","T,,X","   28",",,X","  -28",",,X",,,,," 0318",",,X","  203","W,,X","  113",",,X",,,,,,,,,,,,
"AYW00087701","1959-01-03","-72.29444","170.30833","5.2","ADARE HALLETT, AY","    0",",,X","    0",",,X","    0","T,,X","   50",",,X","  -28",",,X",,,,," 0042",",,X","   90","W,,X","  103",",,X",,,,,,,,,,,,
"AYW00087701","1959-01-04","-72.29444","170.30833","5.2","ADARE HALLETT, AY","    0",",,X","    0",",,X","    0","T,,X","   39",",,X","  -50",",,X",,,,," 1736",",,X","   90","W,,X","   62",",,X",,,,,,,,,,,,
"AYW00087701","1959-01-05","-72.29444","170.30833","5.2","ADARE HALLETT, AY","    0",",,X","    0",",,X","    0","T,,X","   28",",,X","  -67",",,X",,,,," 2206",",,X","  203","W,,X","   72",",,X",,,,,,,,,,,,
"AYW00087701","1959-01-06","-72.29444","170.30833","5.2","ADARE HALLETT, AY","    0",",,X","    0",",,X","    0","T,,X","   56",",,X","  -50",",,X",,,,," 2324",",,X","  203","W,,X","  108",",,X",,,,,,,,,,,,
"AYW00087701","1959-01-07","-72.29444","170.30833","5.2","ADARE HALLETT, AY","    0",",,X","    0",",,X","    0","T,,X","   67",",,X","  -33",",,X",,,,," 2348",",,X","   90","W,,X","  149",",,X",,,,,,,,,,,,
"AYW00087701","1959-01-08","-72.29444","170.30833","5.2","ADARE HALLETT, AY","    0",",,X","    0",",,X","    0","T,,X","   83",",,X","  -17",",,X",,,,," 0042",",,X","   68","W,,X","  118",",,X",,,,,,,,,,,,
"AYW00087701","1959-01-09","-72.29444","170.30833","5.2","ADARE HALLETT, AY","    8",",,X","    8",",,X","    0","T,,X","   44",",,X","  -28",",,X",,,,," 1118",",,X","  180","W,,X","  283",",,X",,,,,,,,,,,,
"AYW00087701","1959-01-10","-72.29444","170.30833","5.2","ADARE HALLETT, AY","    0",",,X","    0",",,X","    0","T,,X","   33",",,X","  -39",",,X",,,,," 0924",",,X","  225","W,,X","   51",",,X",,,,,,,,,,,,
"AYW00087701","1959-01-11","-72.29444","170.30833","5.2","ADARE HALLETT, AY","    0",",,X","    0",",,X","    0","T,,X","    0",",,X","  -56",",,X",,,,," 1948",",,X","  315","W,,X","   41",",,X",,,,,,,,,,,,
"AYW00087701","1959-01-12","-72.29444","170.30833","5.2","ADARE HALLETT, AY","    0",",,X","    0",",,X","    0","T,,X","   28",",,X","  -67",",,X",,,,," 0412",",,X","  158","W,,X","  144",",,X",,,,,,,,,,,,
"AYW00087701","1959-01-13","-72.29444","170.30833","5.2","ADARE HALLETT, AY","    0",",,X","    0",",,X","    0","T,,X","   17",",,X","  -83",",,X",,,,," 1618",",,X","   45","W,,X","   72",",,X",,,,,,,,,,,,
"AYW00087701","1959-01-14","-72.29444","170.30833","5.2","ADARE HALLETT, AY","    0",",,X","    0",",,X","    0","T,,X","   17",",,X","  -78",",,X",,,,," 1154",",,X","  135","W,,X","   67",",,X",,,,,,,,,,,,
"AYW00087701","1959-01-15","-72.29444","170.30833","5.2","ADARE HALLETT, AY","    0","T,,X","    0","T,,X","    0","T,,X","   33",",,X","  -67",",,X",,,,," 1848",",,X","  315","W,,X","   51",",,X",,,,,,,,,,,,
"AYW00087701","1959-01-16","-72.29444","170.30833","5.2","ADARE HALLETT, AY","    0",",,X","    0",",,X","    0","T,,X","   22",",,X","  -39",",,X",,,,," 0936",",,X","  225","W,,X","   87",",,X",,,,,,,,,,,,
"AYW00087701","1959-01-17","-72.29444","170.30833","5.2","ADARE HALLETT, AY","    0","T,,X","    0","T,,X","    0","T,,X","   22",",,X","  -22",",,X",,,,," 0236",",,X","  158","W,,X","   98",",,X",,,,,,,,,,,,
"AYW00087701","1959-01-18","-72.29444","170.30833","5.2","ADARE HALLETT, AY","    0","T,,X","    0","T,,X","    0","T,,X","    6",",,X","  -33",",,X",,,,," 0854",",,X","  180","W,,X","  123",",,X",,,,,,,,,,,,
"AYW00087701","1959-01-19","-72.29444","170.30833","5.2","ADARE HALLETT, AY","    0",",,X","    0",",,X","    0","T,,X","    6",",,X","  -28",",,X",,,,," 2006",",,X","  158","W,,X","  206",",,X",,,,,,,,,,,,
"AYW00087701","1959-01-20","-72.29444","170.30833","5.2","ADARE HALLETT, AY","    0",",,X","    0",",,X","    0","T,,X","   33",",,X","  -44",",,X",,,,," 0042",",,X","  158","W,,X","  170",",,X",,,,,,,,,,,,
"AYW00087701","1959-01-21","-72.29444","170.30833","5.2","ADARE HALLETT, AY","    0",",,X","    0",",,X","    0","T,,X","   39",",,X","  -72",",,X",,,,," 2300",",,X","  180","W,,X","  139",",,X",,,,,,,,,,,,
"AYW00087701","1959-01-22","-72.29444","170.30833","5.2","ADARE HALLETT, AY","   76",",,X","   76",",,X","   51",",,X","    0",",,X","  -33",",,X",,,,," 0054",",,X","  180","W,,X","  236",",,X",,,,,,,,,,,,
"AYW00087701","1959-01-23","-72.29444","170.30833","5.2","ADARE HALLETT, AY","   36",",,X","   36",",,X","   76",",,X","   -6",",,X","  -39",",,X",,,,," 0600",",,X","  180","W,,X","  159",",,X",,,,,,,,,,,,
"AYW00087701","1959-01-24","-72.29444","170.30833","5.2","ADARE HALLETT, AY","    0",",,X","    0",",,X","   25",",,X","   22",",,X","  -28",",,X",,,,," 2354",",,X","  158","W,,X","  175",",,X",,,,,,,,,,,,
"AYW00087701","1959-01-25","-72.29444","170.30833","5.2","ADARE HALLETT, AY","    0",",,X","    0",",,X","    0","T,,X","    6",",,X","  -39",",,X",,,,," 1800",",,X","  113","W,,X","  231",",,X",,,,,,,,,,,,
"AYW00087701","1959-01-26","-72.29444","170.30833","5.2","ADARE HALLETT, AY","    0",",,X","    0",",,X","    0","T,,X","   22",",,X","  -28",",,X",,,,," 0642",",,X","  180","W,,X","  216",",,X",,,,,,,,,,,,
"AYW00087701","1959-01-27","-72.29444","170.30833","5.2","ADARE HALLETT, AY","    0",",,X","    0",",,X","    0","T,,X","   11",",,X","  -28",",,X",,,,," 1348",",,X","  158","W,,X","  206",",,X",,,,,,,,,,,,
"AYW00087701","1959-01-28","-72.29444","170.30833","5.2","ADARE HALLETT, AY","    0",",,X","    0",",,X","    0","T,,X","   28",",,X","  -28",",,X",,,,," 0618",",,X","  203","W,,X","  185",",,X",,,,,,,,,,,,
"AYW00087701","1959-01-29","-72.29444","170.30833","5.2","ADARE HALLETT, AY","    0",",,X","    0",",,X","    0","T,,X","   11",",,X","  -72",",,X",,,,," 0524",",,X","   23","W,,X","   77",",,X",,,,,,,,,,,,
"AYW00087701","1959-01-30","-72.29444","170.30833","5.2","ADARE HALLETT, AY","    0","T,,X","    0","T,,X","    0","T,,X","   11",",,X","  -39",",,X",,,,," 1654",",,X","   23","W,,X","   31",",,X",,,,,,,,,,,,
"AYW00087701","1959-01-31","-72.29444","170.30833","5.2","ADARE HALLETT, AY","    0",",,X","    0",",,X","    0","T,,X","  -11",",,X","  -33",",,X",,,,," 0754",",,X","   90","W,,X","   41",",,X",,,,,,,,,,,,
"AYW00087701","1959-02-01","-72.29444","170.30833","5.2","ADARE HALLETT, AY","    0","T,,X","    0","T,,X","    0","T,,X","   22",",,X","  -39",",,X",,,,," 2136",",,X","  180","W,,X","  226",",,X",,,,,,,,,,,,
"AYW00087701","1959-02-02","-72.29444","170.30833","5.2","ADARE HALLETT, AY","   13",",,X","   13",",,X","    0","T,,X","  -11",",,X","  -33",",,X",,,,," 0148",",,X","  158","W,,X","  206",",,X",,,,,,,,,,,,
"AYW00087701","1959-02-03","-72.29444","170.30833","5.2","ADARE HALLETT, AY","    0",",,X","    0",",,X","    0","T,,X","  -11",",,X","  -33",",,X",,,,," 1348",",,X","  180","W,,X","  226",",,X",,,,,,,,,,,,
"AYW00087701","1959-02-04","-72.29444","170.30833","5.2","ADARE HALLETT, AY","    0","T,,X","    0","T,,X","    0","T,,X","  -11",",,X","  -39",",,X",,,,," 0412",",,X","  180","W,,X","  242",",,X",,,,,,,,,,,,
"AYW00087701","1959-02-05","-72.29444","170.30833","5.2","ADARE HALLETT, AY","   51",",,X","   51",",,X","   25",",,X","  -11",",,X","  -44",",,X",,,,," 0600",",,X","  180","W,,X","  355",",,X",,,,,,,,,,,,
"AYW00087701","1959-02-06","-72.29444","170.30833","5.2","ADARE HALLETT, AY","    0","T,,X","    0","T,,X","    0","T,,X","  -11",",,X","  -33",",,X",,,,," 1554",",,X","  180","W,,X","  314",",,X",,,,,,,,,,,,
"AYW00087701","1959-02-07","-72.29444","170.30833","5.2","ADARE HALLETT, AY","    0","T,,X","    0","T,,X","    0","T,,X","   17",",,X","  -39",",,X",,,,," 0012",",,X","  180","W,,X","  272",",,X",,,,,,,,,,,,
"AYW00087701","1959-02-08","-72.29444","170.30833","5.2","ADARE HALLETT, AY","    0",",,X","    0",",,X","    0","T,,X","   22",",,X","  -61",",,X",,,,," 0942",",,X","  225","W,,X","   31",",,X",,,,,,,,,,,,
"AYW00087701","1959-02-09","-72.29444","170.30833","5.2","ADARE HALLETT, AY","    0","T,,X","    0","T,,X","    0","T,,X","    0",",,X","  -50",",,X",,,,," 2354",",,X","  203","W,,X","  113",",,X",,,,,,,,,,,,
"AYW00087701","1959-02-10","-72.29444","170.30833","5.2","ADARE HALLETT, AY","    0","T,,X","    0","T,,X","    0",",,X","  -17",",,X","  -50",",,X",,,,," 0618",",,X","  180","W,,X","  170",",,X",,,,,,,,,,,,
"AYW00087701","1959-02-11","-72.29444","170.30833","5.2","ADARE HALLETT, AY","   41",",,X","   41",",,X","   51",",,X","  -28",",,X","  -67",",,X",,,,," 0030",",,X","  203","W,,X","   98",",,X",,,,,,,,,,,,
"AYW00087701","1959-02-12","-72.29444","170.30833","5.2","ADARE HALLETT, AY","   76",",,X","   76",",,X","  127",",,X","  -28",",,X","  -67",",,X",,,,," 2130",",,X","  203","W,,X","  144",",,X",,,,,,,,,,,,
"AYW00087701","1959-02-13","-72.29444","170.30833","5.2","ADARE HALLETT, AY","    0","T,,X","    0","T,,X","   76",",,X","    6",",,X","  -61",",,X",,,,," 0000",",,X","  203","W,,X","  113",",,X",,,,,,,,,,,,
"AYW00087701","1959-02-14","-72.29444","170.30833","5.2","ADARE HALLETT, AY","    0","T,,X","    0","T,,X","   51",",,X","  -17",",,X","  -50",",,X",,,,," 1848",",,X","  338","W,,X","   46",",,X",,,,,,,,,,,,
"AYW00087701","1959-02-15","-72.29444","170.30833","5.2","ADARE HALLETT, AY","  132",",,X","  132",",,X","  178",",,X","  -11",",,X","  -56",",,X",,,,," 1430",",,X","  203","W,,X","  149",",,X",,,,,,,,,,,,
"AYW00087701","1959-02-16","-72.29444","170.30833","5.2","ADARE HALLETT, AY","    0",",,X","    0",",,X","   76",",,X","   17",",,X","  -61",",,X",,,,," 0630",",,X","  203","W,,X","   77",",,X",,,,,,,,,,,,
"AYW00087701","1959-02-17","-72.29444","170.30833","5.2","ADARE HALLETT, AY","    0","T,,X","    0","T,,X","   76",",,X","  -28",",,X","  -67",",,X",,,,," 1600",",,X","  113","W,,X","   82",",,X",,,,,,,,,,,,
"AYW00087701","1959-02-18","-72.29444","170.30833","5.2","ADARE HALLETT, AY","    0",",,X","    0",",,X","   51",",,X","   22",",,X","  -61",",,X",,,,," 0554",",,X","  203","W,,X","  108",",,X",,,,,,,,,,,,
"AYW00087701","1959-02-19","-72.29444","170.30833","5.2","ADARE HALLETT, AY","    0","T,,X","    0","T,,X","   51",",,X","  -28",",,X","  -61",",,X",,,,," 2330",",,X","  203","W,,X","  134",",,X",,,,,,,,,,,,
"AYW00087701","1959-02-20","-72.29444","170.30833","5.2","ADARE HALLETT, AY","   71",",,X","   71",",,X","  127",",,X","  -33",",,X","  -67",",,X",,,,," 2254",",,X","  203","W,,X","  370",",,X",,,,,,,,,,,,
"AYW00087701","1959-02-21","-72.29444","170.30833","5.2","ADARE HALLETT, AY","    0","T,,X","    0","T,,X","   25",",,X","  -17",",,X","  -50",",,X",,,,," 0854",",,X","  180","W,,X","  411",",,X",,,,,,,,,,,,
"AYW00087701","1959-02-22","-72.29444","170.30833","5.2","ADARE HALLETT, AY","    0",",,X","    0",",,X","    0","T,,X","   17",",,X","  -67",",,X",,,,," 0000",",,X","  203","W,,X","  123",",,X",,,,,,,,,,,,
"AYW00087701","1959-02-23","-72.29444","170.30833","5.2","ADARE HALLETT, AY","    0",",,X","    0",",,X","    0","T,,X","  -33",",,X","  -61",",,X",,,,," 1800",",,X","  203","W,,X","   93",",,X",,,,,,,,,,,,
"AYW00087701","1959-02-24","-72.29444","170.30833","5.2","ADARE HALLETT, AY","    0","T,,X","    0","T,,X","    0","T,,X","  -33",",,X","  -61",",,X",,,,," 2136",",,X","  225","W,,X","  129",",,X",,,,,,,,,,,,
"AYW00087701","1959-02-25","-72.29444","170.30833","5.2","ADARE HALLETT, AY","    5",",,X","    5",",,X","    0","T,,X","  -44",",,X","  -61",",,X",,,,," 0030",",,X","  203","W,,X","  113",",,X",,,,,,,,,,,,
"AYW00087701","1959-02-26","-72.29444","170.30833","5.2","ADARE HALLETT, AY","    0","T,,X","    0","T,,X","    0","T,,X","  -50",",,X","  -61",",,X",,,,," 1506",",,X","  203","W,,X","  206",",,X",,,,,,,,,,,,
"AYW00087701","1959-02-27","-72.29444","170.30833","5.2","ADARE HALLETT, AY","   13",",,X","   13",",,X","    0","T,,X","  -39",",,X","  -61",",,X",,,,," 2354",",,X","  203","W,,X","  134",",,X",,,,,,,,,,,,
"AYW00087701","1959-02-28","-72.29444","170.30833","5.2","ADARE HALLETT, AY","    0","T,,X","    0","T,,X","    0","T,,X","  -44",",,X","  -61",",,X",,,,," 1430",",,X","  203","W,,X","  185",",,X",,,,,,,,,,,,
"AYW00087701","1959-03-01","-72.29444","170.30833","5.2","ADARE HALLETT, AY","    0","T,,X","    0","T,,X","    0","T,,X","  -50",",,X","  -61",",,X",,,,," 0136",",,X","  203","W,,X","  129",",,X",,,,,,,,,,,,
"AYW00087701","1959-03-02","-72.29444","170.30833","5.2","ADARE HALLETT, AY","    0",",,X","    0",",,X","    0","T,,X","  -33",",,X","  -67",",,X",,,,," 0554",",,X","  203","W,,X","   62",",,X",,,,,,,,,,,,
"AYW00087701","1959-03-03","-72.29444","170.30833","5.2","ADARE HALLETT, AY","  216",",,X","  216",",,X","  203",",,X","  -33",",,X","  -83",",,X",,,,," 1400",",,X","  203","W,,X","  257",",,X",,,,,,,,,,,,
"AYW00087701","1959-03-04","-72.29444","170.30833","5.2","ADARE HALLETT, AY","    0",",,X","    0",",,X","  127",",,X","  -44",",,X","  -67",",,X",,,,," 1430",",,X","  180","W,,X","  344",",,X",,,,,,,,,,,,
"AYW00087701","1959-03-05","-72.29444","170.30833","5.2","ADARE HALLETT, AY","    0",",,X","    0",",,X","   76",",,X","  -44",",,X","  -72",",,X",,,,," 0006",",,X","  180","W,,X","  206",",,X",,,,,,,,,,,,
"AYW00087701","1959-03-06","-72.29444","170.30833","5.2","ADARE HALLETT, AY","    0","T,,X","    0","T,,X","   76",",,X","  -61",",,X","  -94",",,X",,,,," 2036",",,X","  203","W,,X","  149",",,X",,,,,,,,,,,,
"AYW00087701","1959-03-07","-72.29444","170.30833","5.2","ADARE HALLETT, AY","    0","T,,X","    0","T,,X","   76",",,X","  -83",",,X"," -100",",,X",,,,," 1142",",,X","  203","W,,X","  164",",,X",,,,,,,,,,,,
"AYW00087701","1959-03-08","-72.29444","170.30833","5.2","ADARE HALLETT, AY","    0",",,X","    0",",,X","   25",",,X","  -22",",,X","  -94",",,X",,,,," 1348",",,X","  180","W,,X","  242",",,X",,,,,,,,,,,,
"AYW00087701","1959-03-09","-72.29444","170.30833","5.2","ADARE HALLETT, AY","    0","T,,X","    0","T,,X","   25",",,X","  -22",",,X","  -83",",,X",,,,," 1106",",,X","   90","W,,X","   82",",,X",,,,,,,,,,,,
"AYW00087701","1959-03-10","-72.29444","170.30833","5.2","ADARE HALLETT, AY","    0","T,,X","    0","T,,X","   25",",,X","  -50",",,X"," -106",",,X",,,,," 1800",",,X","  180","W,,X","  159",",,X",,,,,,,,,,,,
"AYW00087701","1959-03-11","-72.29444","170.30833","5.2","ADARE HALLETT, AY","   13",",,X","   13",",,X","   25",",,X","  -83",",,X"," -106",",,X",,,,," 2306",",,X","  203","W,,X","  118",",,X",,,,,,,,,,,,
"AYW00087701","1959-03-12","-72.29444","170.30833","5.2","ADARE HALLETT, AY","    0","T,,X","    0","T,,X","   25",",,X","  -78",",,X"," -106",",,X",,,,," 1612",",,X","  225","W,,X","  159",",,X",,,,,,,,,,,,
"AYW00087701","1959-03-13","-72.29444","170.30833","5.2","ADARE HALLETT, AY","    0","T,,X","    0","T,,X","   25",",,X","  -56",",,X","  -94",",,X",,,,," 0054",",,X","  203","W,,X","  134",",,X",,,,,,,,,,,,
"AYW00087701","1959-03-14","-72.29444","170.30833","5.2","ADARE HALLETT, AY","    5",",,X","    5",",,X","   25",",,X","  -78",",,X"," -106",",,X",,,,," 1712",",,X","  203","W,,X","   98",",,X",,,,,,,,,,,,
"AYW00087701","1959-03-15","-72.29444","170.30833","5.2","ADARE HALLETT, AY","    5",",,X","    5",",,X","   25",",,X","  -94",",,X"," -111",",,X",,,,," 2218",",,X","  225","W,,X","  144",",,X",,,,,,,,,,,,
"AYW00087701","1959-03-16","-72.29444","170.30833","5.2","ADARE HALLETT, AY","    0","T,,X","    0","T,,X","   25",",,X"," -100",",,X"," -144",",,X",,,,," 0012",",,X","  203","W,,X","  113",",,X",,,,,,,,,,,,
"AYW00087701","1959-03-17","-72.29444","170.30833","5.2","ADARE HALLETT, AY","    0",",,X","    0",",,X","   25",",,X","  -83",",,X"," -144",",,X",,,,," 0712",",,X","  203","W,,X","   57",",,X",,,,,,,,,,,,
"AYW00087701","1959-03-18","-72.29444","170.30833","5.2","ADARE HALLETT, AY","    0","T,,X","    0","T,,X","   25",",,X"," -100",",,X"," -117",",,X",,,,," 1606",",,X","  203","W,,X","  257",",,X",,,,,,,,,,,,
"AYW00087701","1959-03-19","-72.29444","170.30833","5.2","ADARE HALLETT, AY","    0","T,,X","    0","T,,X","   25",",,X","  -89",",,X"," -122",",,X",,,,," 0554",",,X","  180","W,,X","  216",",,X",,,,,,,,,,,,
"AYW00087701","1959-03-20","-72.29444","170.30833","5.2","ADARE HALLETT, AY","    0","T,,X","    0","T,,X","   25",",,X","  -89",",,X"," -117",",,X",,,,," 1542",",,X","  225","W,,X","  180",",,X",,,,,,,,,,,,
"AYW00087701","1959-03-21","-72.29444","170.30833","5.2","ADARE HALLETT, AY","    0",",,X","    0",",,X","   25",",,X","  -83",",,X"," -122",",,X",,,,," 0100",",,X","  225","W,,X","  139",",,X",,,,,,,,,,,,
"AYW00087701","1959-03-22","-72.29444","170.30833","5.2","ADARE HALLETT, AY","    0","T,,X","    0","T,,X","    0","T,,X","  -94",",,X"," -133",",,X",,,,," 2118",",,X","  203","W,,X","  118",",,X",,,,,,,,,,,,
"AYW00087701","1959-03-23","-72.29444","170.30833","5.2","ADARE HALLETT, AY","    0","T,,X","    0","T,,X","    0","T,,X","  -83",",,X"," -100",",,X",,,,," 1242",",,X","  225","W,,X","  257",",,X",,,,,,,,,,,,
"AYW00087701","1959-03-24","-72.29444","170.30833","5.2","ADARE HALLETT, AY","   13",",,X","   13",",,X","   25",",,X","  -89",",,X"," -144",",,X",,,,," 0024",",,X","  225","W,,X","  113",",,X",,,,,,,,,,,,
"AYW00087701","1959-03-25","-72.29444","170.30833","5.2","ADARE HALLETT, AY","   64",",,X","   66",",,X","  102",",,X"," -117",",,X"," -139",",,X",,,,," 2236",",,X","  203","W,,X","  164",",,X",,,,,,,,,,,,
"AYW00087701","1959-03-26","-72.29444","170.30833","5.2","ADARE HALLETT, AY","   69",",,X","   71",",,X","   51",",,X"," -106",",,X"," -128",",,X",,,,," 2348",",,X","  203","W,,X","  252",",,X",,,,,,,,,,,,
"AYW00087701","1959-03-27","-72.29444","170.30833","5.2","ADARE HALLETT, AY","  739",",O,X","  757",",,X","   51",",,X"," -111",",,X"," -139",",,X",,,,," 0842",",,X","  180","W,,X","  396",",,X",,,,,,,,,,,,
"AYW00087701","1959-03-28","-72.29444","170.30833","5.2","ADARE HALLETT, AY","    0","T,,X","    0","T,,X","   25",",,X"," -106",",,X"," -122",",,X",,,,," 0130",",,X","  158","W,,X","  344",",,X",,,,,,,,,,,,
"AYW00087701","1959-03-29","-72.29444","170.30833","5.2","ADARE HALLETT, AY","    0",",,X","    0",",,X","    0","T,,X","  -89",",,X"," -122",",,X",,,,," 0230",",,X","  113","W,,X","  272",",,X",,,,,,,,,,,,
"AYW00087701","1959-03-30","-72.29444","170.30833","5.2","ADARE HALLETT, AY","    0",",,X","    0",",,X","    0","T,,X"," -106",",,X"," -161",",,X",,,,," 2224",",,X","  203","W,,X","  103",",,X",,,,,,,,,,,,
"AYW00087701","1959-03-31","-72.29444","170.30833","5.2","ADARE HALLETT, AY","    0","T,,X","    0","T,,X","    0","T,,X"," -156",",,X"," -178",",,X",,,,," 2036",",,X","  203","W,,X","  134",",,X",,,,,,,,,,,,
"AYW00087701","1959-04-01","-72.29444","170.30833","5.2","ADARE HALLETT, AY","    0","T,,X","    0","T,,X","    0","T,,X"," -144",",,X"," -172",",,X",,,,," 0012",",,X","  225","W,,X","  118",",,X",,,,,,,,,,,,
"AYW00087701","1959-04-02","-72.29444","170.30833","5.2","ADARE HALLETT, AY","    0","T,,X","    0","T,,X","    0","T,,X"," -144",",,X"," -183",",,X",,,,," 1412",",,X","  225","W,,X","  159",",,X",,,,,,,,,,,,
"AYW00087701","1959-04-03","-72.29444","170.30833","5.2","ADARE HALLETT, AY","    0",",,X","    0",",,X","    0","T,,X"," -122",",,X"," -194",",,X",,,,," 0448",",,X","  113","W,,X","  134",",,X",,,,,,,,,,,,
"AYW00087701","1959-04-04","-72.29444","170.30833","5.2","ADARE HALLETT, AY","    0",",,X","    0",",,X","    0","T,,X"," -122",",,X"," -206",",,X",,,,," 1954",",,X","  248","W,,X","  134",",,X",,,,,,,,,,,,
"AYW00087701","1959-04-05","-72.29444","170.30833","5.2","ADARE HALLETT, AY","    0",",,X","    0",",,X","    0","T,,X","  -83",",,X"," -167",",,X",,,,," 0154",",,X","  225","W,,X","   62",",,X",,,,,,,,,,,,
"AYW00087701","1959-04-06","-72.29444","170.30833","5.2","ADARE HALLETT, AY","    0",",,X","    0",",,X","    0","T,,X","  -94",",,X"," -161",",,X",,,,," 1136",",,X","  225","W,,X","  164",",,X",,,,,,,,,,,,
"AYW00087701","1959-04-07","-72.29444","170.30833","5.2","ADARE HALLETT, AY","    0",",,X","    0",",,X","    0","T,,X"," -100",",,X"," -150",",,X",,,,," 0000",",,X","  225","W,,X","   62",",,X",,,,,,,,,,,,
"AYW00087701","1959-04-08","-72.29444","170.30833","5.2","ADARE HALLETT, AY","    0","T,,X","    0","T,,X","    0","T,,X"," -128",",,X"," -150",",,X",,,,," 2148",",,X","  293","W,,X","   36",",,X",,,,,,,,,,,,
"AYW00087701","1959-04-09","-72.29444","170.30833","5.2","ADARE HALLETT, AY","    0",",,X","    0",",,X","    0","T,,X"," -106",",,X"," -172",",,X",,,,," 1330",",,X","  203","W,,X","   67",",,X",,,,,,,,,,,,
"AYW00087701","1959-04-10","-72.29444","170.30833","5.2","ADARE HALLETT, AY","    0","T,,X","    0","T,,X","    0","T,,X"," -106",",,X"," -150",",,X",,,,," 2348",",,X","  225","W,,X","   57",",,X",,,,,,,,,,,,
"AYW00087701","1959-04-11","-72.29444","170.30833","5.2","ADARE HALLETT, AY","    0","T,,X","    0","T,,X","    0","T,,X","  -94",",,X"," -128",",,X",,,,," 2200",",,X","  248","W,,X","  134",",,X",,,,,,,,,,,,
"AYW00087701","1959-04-12","-72.29444","170.30833","5.2","ADARE HALLETT, AY","    0","T,,X","    0","T,,X","    0","T,,X"," -128",",,X"," -178",",,X",,,,," 0100",",,X","   90","W,,X","   87",",,X",,,,,,,,,,,,
"AYW00087701","1959-04-13","-72.29444","170.30833","5.2","ADARE HALLETT, AY","   18",",,X","   18",",,X","   25",",,X"," -156",",,X"," -183",",,X",,,,," 2030",",,X","  225","W,,X","   67",",,X",,,,,,,,,,,,
"AYW00087701","1959-04-14","-72.29444","170.30833","5.2","ADARE HALLETT, AY","    5",",,X","    5",",,X","   25",",,X"," -172",",,X"," -206",",,X",,,,," 1930",",,X","  225","W,,X","   51",",,X",,,,,,,,,,,,
"AYW00087701","1959-04-15","-72.29444","170.30833","5.2","ADARE HALLETT, AY","    0","T,,X","    0","T,,X","   25",",,X"," -144",",,X"," -178",",,X",,,,," 2354",",,X","  203","W,,X","  118",",,X",,,,,,,,,,,,
"AYW00087701","1959-04-16","-72.29444","170.30833","5.2","ADARE HALLETT, AY","    0","T,,X","    0","T,,X","   25",",,X"," -106",",,X"," -144",",,X",,,,," 2324",",,X","  225","W,,X","  195",",,X",,,,,,,,,,,,
"AYW00087701","1959-04-17","-72.29444","170.30833","5.2","ADARE HALLETT, AY","    0",",,X","    0",",,X","    0","T,,X"," -122",",,X"," -194",",,X",,,,," 0136",",,X","  203","W,,X","  211",",,X",,,,,,,,,,,,
"AYW00087701","1959-04-18","-72.29444","170.30833","5.2","ADARE HALLETT, AY","    0","T,,X","    0","T,,X","    0","T,,X"," -139",",,X"," -189",",,X",,,,," 0742",",,X","  203","W,,X","   62",",,X",,,,,,,,,,,,
"AYW00087701","1959-04-19","-72.29444","170.30833","5.2","ADARE HALLETT, AY","    0","T,,X","    0","T,,X","    0","T,,X"," -144",",,X"," -172",",,X",,,,," 0524",",,X","  270","W,,X","   36",",,X",,,,,,,,,,,,
"AYW00087701","1959-04-20","-72.29444","170.30833","5.2","ADARE HALLETT, AY","   10",",,X","   10",",,X","    0","T,,X"," -156",",,X"," -189",",,X",,,,," 1524",",,X","  113","W,,X","  113",",,X",,,,,,,,,,,,
"AYW00087701","1959-04-21","-72.29444","170.30833","5.2","ADARE HALLETT, AY","    5",",,X","    5",",,X","    0","T,,X"," -183",",,X"," -228",",,X",,,,," 1036",",,X","  225","W,,X","   51",",,X",,,,,,,,,,,,
"AYW00087701","1959-04-22","-72.29444","170.30833","5.2","ADARE HALLETT, AY","    0",",,X","    0",",,X","    0","T,,X"," -189",",,X"," -233",",,X",,,,," 1130",",,X","  225","W,,X","   67",",,X",,,,,,,,,,,,
"AYW00087701","1959-04-23","-72.29444","170.30833","5.2","ADARE HALLETT, AY","   74",",,X","   74",",,X","   76",",,X"," -150",",,X"," -239",",,X",,,,," 2224",",,X","  203","W,,X","  154",",,X",,,,,,,,,,,,
"AYW00087701","1959-04-24","-72.29444","170.30833","5.2","ADARE HALLETT, AY","    0",",,X","    0",",,X","   51",",,X"," -156",",,X"," -194",",,X",,,,," 0018",",,X","  203","W,,X","  200",",,X",,,,,,,,,,,,
"AYW00087701","1959-04-25","-72.29444","170.30833","5.2","ADARE HALLETT, AY","    0",",,X","    0",",,X","    0","T,,X"," -189",",,X"," -228",",,X",,,,," 0048",",,X","  113","W,,X","   51",",,X",,,,,,,,,,,,
"AYW00087701","1959-04-26","-72.29444","170.30833","5.2","ADARE HALLETT, AY","    0","T,,X","    0","T,,X","    0","T,,X"," -211",",,X"," -261",",,X",,,,," 1436",",,X","  225","W,,X","  159",",,X",,,,,,,,,,,,
"AYW00087701","1959-04-27","-72.29444","170.30833","5.2","ADARE HALLETT, AY","    0",",,X","    0",",,X","    0","T,,X"," -256",",,X"," -289",",,X",,,,," 2230",",,X","  225","W,,X","   46",",,X",,,,,,,,,,,,
"AYW00087701","1959-04-28","-72.29444","170.30833","5.2","ADARE HALLETT, AY","    0",",,X","    0",",,X","    0","T,,X"," -233",",,X"," -289",",,X",,,,," 0554",",,X","  293","W,,X","   62",",,X",,,,,,,,,,,,
"AYW00087701","1959-04-29","-72.29444","170.30833","5.2","ADARE HALLETT, AY","    0",",,X","    0",",,X","    0","T,,X"," -228",",,X"," -272",",,X",,,,," 0054",",,X","  203","W,,X","   51",",,X",,,,,,,,,,,,
"AYW00087701","1959-04-30","-72.29444","170.30833","5.2","ADARE HALLETT, AY","    0","T,,X","    0","T,,X","    0","T,,X"," -206",",,X"," -250",",,X",,,,," 1800",",,X","  203","W,,X","   46",",,X",,,,,,,,,,,,
"AYW00087701","1959-05-01","-72.29444","170.30833","5.2","ADARE HALLETT, AY","    0",",,X","    0",",,X","    0","T,,X"," -233",",,X"," -267",",,X",,,,," 0006",",,X","  203","W,,X","   36",",,X",,,,,,,,,,,,
"AYW00087701","1959-05-02","-72.29444","170.30833","5.2","ADARE HALLETT, AY","    0",",,X","    0",",,X","    0","T,,X"," -239",",,X"," -283",",,X",,,,," 1230",",,X","  225","W,,X","   41",",,X",,,,,,,,,,,,
"AYW00087701","1959-05-03","-72.29444","170.30833","5.2","ADARE HALLETT, AY","    0","T,,X","    0","T,,X","    0","T,,X"," -222",",,X"," -294",",,X",,,,," 1800",",,X","  203","W,,X","   57",",,X",,,,,,,,,,,,
"AYW00087701","1959-05-04","-72.29444","170.30833","5.2","ADARE HALLETT, AY","   18",",,X","   18",",,X","   25",",,X"," -228",",,X"," -256",",,X",,,,," 0306",",,X","  135","W,,X","   46",",,X",,,,,,,,,,,,
"AYW00087701","1959-05-05","-72.29444","170.30833","5.2","ADARE HALLETT, AY","    0",",,X","    0",",,X","   25",",,X"," -239",",,X"," -283",",,X",,,,," 2106",",,X","  203","W,,X","   41",",,X",,,,,,,,,,,,
"AYW00087701","1959-05-06","-72.29444","170.30833","5.2","ADARE HALLETT, AY","    0","T,,X","    0","T,,X","   25",",,X"," -244",",,X"," -294",",,X",,,,," 0836",",,X","  203","W,,X","   57",",,X",,,,,,,,,,,,
"AYW00087701","1959-05-07","-72.29444","170.30833","5.2","ADARE HALLETT, AY","   89",",,X","   81",",,X","   76",",,X"," -233",",,X"," -278",",,X",,,,," 1212",",,X","  113","W,,X","  103",",,X",,,,,,,,,,,,
"AYW00087701","1959-05-08","-72.29444","170.30833","5.2","ADARE HALLETT, AY","   13",",,X","   13",",,X","   51",",,X"," -222",",,X"," -261",",,X",,,,," 0948",",,X","  203","W,,X","  190",",,X",,,,,,,,,,,,
"AYW00087701","1959-05-09","-72.29444","170.30833","5.2","ADARE HALLETT, AY","    3",",,X","    3",",,X","   25",",,X"," -250",",,X"," -306",",,X",,,,," 0818",",,X","  180","W,,X","   26",",,X",,,,,,,,,,,,
"AYW00087701","1959-05-10","-72.29444","170.30833","5.2","ADARE HALLETT, AY","   30",",,X","   30",",,X","   51",",,X"," -272",",,X"," -339",",,X",,,,," 1812",",,X","  225","W,,X","   46",",,X",,,,,,,,,,,,
"AYW00087701","1959-05-11","-72.29444","170.30833","5.2","ADARE HALLETT, AY","   30",",,X","   30",",,X","   51",",,X"," -261",",,X"," -361",",,X",,,,," 2342",",,X","  225","W,,X","   98",",,X",,,,,,,,,,,,
"AYW00087701","1959-05-12","-72.29444","170.30833","5.2","ADARE HALLETT, AY","    0","T,,X","    0","T,,X","   25",",,X"," -233",",,X"," -267",",,X",,,,," 0618",",,X","  225","W,,X","  195",",,X",,,,,,,,,,,,
"AYW00087701","1959-05-13","-72.29444","170.30833","5.2","ADARE HALLETT, AY","    0",",,X","    0",",,X","   25",",,X"," -244",",,X"," -294",",,X",,,,," 2342",",,X","  225","W,,X","   57",",,X",,,,,,,,,,,,
"AYW00087701","1959-05-14","-72.29444","170.30833","5.2","ADARE HALLETT, AY","    0","T,,X","    0","T,,X","   25",",,X"," -256",",,X"," -300",",,X",,,,," 1236",",,X","  225","W,,X","   72",",,X",,,,,,,,,,,,
"AYW00087701","1959-05-15","-72.29444","170.30833","5.2","ADARE HALLETT, AY","    0","T,,X","    0","T,,X","   25",",,X"," -228",",,X"," -322",",,X",,,,," 2130",",,X","  203","W,,X","   46",",,X",,,,,,,,,,,,
"AYW00087701","1959-05-16","-72.29444","170.30833","5.2","ADARE HALLETT, AY","    8",",,X","    8",",,X","   25",",,X"," -233",",,X"," -278",",,X",,,,," 1324",",,X","   68","W,,X","   67",",,X",,,,,,,,,,,,
"AYW00087701","1959-05-17","-72.29444","170.30833","5.2","ADARE HALLETT, AY","    0","T,,X","    0","T,,X","   25",",,X"," -272",",,X"," -333",",,X",,,,," 2212",",,X","  225","W,,X","   51",",,X",,,,,,,,,,,,
"AYW00087701","1959-05-18","-72.29444","170.30833","5.2","ADARE HALLETT, AY","    0",",,X","    0",",,X","   25",",,X"," -311",",,X"," -350",",,X",,,,," 0400",",,X","  225","W,,X","   36",",,X",,,,,,,,,,,,
"AYW00087701","1959-05-19","-72.29444","170.30833","5.2","ADARE HALLETT, AY","    0",",,X","    0",",,X","   25",",,X"," -289",",,X"," -350",",,X",,,,," 2136",",,X","  225","W,,X","   57",",,X",,,,,,,,,,,,
"AYW00087701","1959-05-20","-72.29444","170.30833","5.2","ADARE HALLETT, AY","    0",",,X","    0",",,X","    0","T,,X"," -161",",,X"," -339",",,X",,,,," 2248",",,X","  180","W,,X","  231",",,X",,,,,,,,,,,,
"AYW00087701","1959-05-21","-72.29444","170.30833","5.2","ADARE HALLETT, AY","    0",",,X","    0",",,X","    0","T,,X"," -256",",I,X"," -228",",,X",,,,," 0006",",,X","  203","W,,X","  211",",,X",,,,,,,,,,,,
"AYW00087701","1959-05-22","-72.29444","170.30833","5.2","ADARE HALLETT, AY","    0",",,X","    0",",,X","   25",",,X","  -78",",,X"," -150",",,X",,,,," 1212",",,X","  180","W,,X","  375",",,X",,,,,,,,,,,,
"AYW00087701","1959-05-23","-72.29444","170.30833","5.2","ADARE HALLETT, AY","    0","T,,X","    0","T,,X","    0","T,,X","  -67",",,X"," -122",",,X",,,,," 0036",",,X","  180","W,,X","  355",",,X",,,,,,,,,,,,
"AYW00087701","1959-05-24","-72.29444","170.30833","5.2","ADARE HALLETT, AY","   51",",,X","   51",",,X","    0","T,,X","  -83",",,X"," -161",",,X",,,,," 0106",",,X","  203","W,,X","  283",",,X",,,,,,,,,,,,
"AYW00087701","1959-05-25","-72.29444","170.30833","5.2","ADARE HALLETT, AY","    0",",,X","    0",",,X","    0","T,,X"," -156",",,X"," -233",",,X",,,,," 2336",",,X","  225","W,,X","   36",",,X",,,,,,,,,,,,
"AYW00087701","1959-05-26","-72.29444","170.30833","5.2","ADARE HALLETT, AY","    5",",,X","    5",",,X","    0","T,,X"," -178",",,X"," -239",",,X",,,,," 1742",",,X","  113","W,,X","  113",",,X",,,,,,,,,,,,
"AYW00087701","1959-05-27","-72.29444","170.30833","5.2","ADARE HALLETT, AY","    0","T,,X","    0","T,,X","    0","T,,X"," -183",",,X"," -211",",,X",,,,," 2018",",,X","  203","W,,X","   51",",,X",,,,,,,,,,,,
"AYW00087701","1959-05-28","-72.29444","170.30833","5.2","ADARE HALLETT, AY","   30",",,X","   25",",,X","   25",",,X"," -167",",,X"," -194",",,X",,,,," 1506",",,X","  338","W,,X","   67",",,X",,,,,,,,,,,,
"AYW00087701","1959-05-29","-72.29444","170.30833","5.2","ADARE HALLETT, AY","   91",",,X","   91",",,X","   25",",,X"," -156",",,X"," -172",",,X",,,,," 2042",",,X","  203","W,,X","  190",",,X",,,,,,,,,,,,
"AYW00087701","1959-05-30","-72.29444","170.30833","5.2","ADARE HALLETT, AY","  371",",,X","  371",",,X","   51",",,X"," -156",",,X"," -178",",,X",,,,," 2000",",,X","  203","W,,X","  267",",,X",,,,,,,,,,,,
"AYW00087701","1959-05-31","-72.29444","170.30833","5.2","ADARE HALLETT, AY","  371",",,X","  371",",,X","   51",",,X"," -150",",,X"," -178",",,X",,,,," 1836",",,X","  158","W,,X","  406",",,X",,,,,,,,,,,,
"AYW00087701","1959-06-01","-72.29444","170.30833","5.2","ADARE HALLETT, AY","    0",",,X","    0",",,X","   25",",,X"," -139",",,X"," -167",",,X",,,,," 0054",",,X","  158","W,,X","  360",",,X",,,,,,,,,,,,
"AYW00087701","1959-06-02","-72.29444","170.30833","5.2","ADARE HALLETT, AY","    0","T,,X","    0","T,,X","   25",",,X"," -139",",,X"," -161",",,X",,,,," 0000",",,X","  180","W,,X","  180",",,X",,,,,,,,,,,,
"AYW00087701","1959-06-03","-72.29444","170.30833","5.2","ADARE HALLETT, AY","    0","T,,X","    0","T,,X","   25",",,X"," -144",",,X"," -206",",,X",,,,," 0048",",,X","  360","W,,X","   62",",,X",,,,,,,,,,,,
"AYW00087701","1959-06-04","-72.29444","170.30833","5.2","ADARE HALLETT, AY","   25",",,X","   25",",,X","   25",",,X"," -161",",,X"," -228",",,X",,,,," 2242",",,X","  180","W,,X","  242",",,X",,,,,,,,,,,,
"AYW00087701","1959-06-05","-72.29444","170.30833","5.2","ADARE HALLETT, AY","    0",",,X","    0",",,X","   25",",,X"," -194",",,X"," -239",",,X",,,,," 0548",",,X","  180","W,,X","  283",",,X",,,,,,,,,,,,
"AYW00087701","1959-06-06","-72.29444","170.30833","5.2","ADARE HALLETT, AY","    0",",,X","    0",",,X","   25",",,X"," -156",",,X"," -206",",,X",,,,," 0536",",,X","  180","W,,X","  144",",,X",,,,,,,,,,,,
"AYW00087701","1959-06-07","-72.29444","170.30833","5.2","ADARE HALLETT, AY","    0",",,X","    0",",,X","   25",",,X"," -161",",,X"," -278",",,X",,,,," 0012",",,X","  225","W,,X","   67",",,X",,,,,,,,,,,,
"AYW00087701","1959-06-08","-72.29444","170.30833","5.2","ADARE HALLETT, AY","    0",",,X","    0",",,X","   25",",,X"," -244",",,X"," -283",",,X",,,,," 1348",",,X","  203","W,,X","   62",",,X",,,,,,,,,,,,
"AYW00087701","1959-06-09","-72.29444","170.30833","5.2","ADARE HALLETT, AY","    3",",,X","    3",",,X","   25",",,X"," -217",",,X"," -283",",,X",,,,," 1848",",,X","  180","W,,X","   93",",,X",,,,,,,,,,,,
"AYW00087701","1959-06-10","-72.29444","170.30833","5.2","ADARE HALLETT, AY","    0",",,X","    0",",,X","   25",",,X"," -244",",,X"," -311",",,X",,,,," 0324",",,X","  180","W,,X","   57",",,X",,,,,,,,,,,,
"AYW00087701","1959-06-11","-72.29444","170.30833","5.2","ADARE HALLETT, AY","    5",",,X","    5",",,X","   25",",,X"," -239",",,X"," -311",",,X",,,,," 0830",",,X","  180","W,,X","   36",",,X",,,,,,,,,,,,
"AYW00087701","1959-06-12","-72.29444","170.30833","5.2","ADARE HALLETT, AY","    3",",,X","    3",",,X","   25",",,X"," -250",",,X"," -317",",,X",,,,," 1100",",,X","   23","W,,X","   67",",,X",,,,,,,,,,,,
"AYW00087701","1959-06-13","-72.29444","170.30833","5.2","ADARE HALLETT, AY","    0",",,X","    0",",,X","   25",",,X"," -294",",,X"," -339",",,X",,,,," 0142",",,X","  270","W,,X","   26",",,X",,,,,,,,,,,,
"AYW00087701","1959-06-14","-72.29444","170.30833","5.2","ADARE HALLETT, AY","    0",",,X","    0",",,X","   25",",,X"," -250",",,X"," -322",",,X",,,,," 0524",",,X","  203","W,,X","   41",",,X",,,,,,,,,,,,
"AYW00087701","1959-06-15","-72.29444","170.30833","5.2","ADARE HALLETT, AY","    0",",,X","    0",",,X","   25",",,X"," -172",",,X"," -294",",,X",,,,," 2118",",,X","  180","W,,X","  154",",,X",,,,,,,,,,,,
"AYW00087701","1959-06-16","-72.29444","170.30833","5.2","ADARE HALLETT, AY","    0",",,X","    0",",,X","   25",",,X"," -139",",,X"," -189",",,X",,,,," 2148",",,X","  180","W,,X","  221",",,X",,,,,,,,,,,,
"AYW00087701","1959-06-17","-72.29444","170.30833","5.2","ADARE HALLETT, AY","    0",",,X","    0",",,X","   25",",,X"," -117",",,X"," -161",",,X",,,,," 1730",",,X","  158","W,,X","  272",",,X",,,,,,,,,,,,
"AYW00087701","1959-06-18","-72.29444","170.30833","5.2","ADARE HALLETT, AY","    0",",,X","    0",",,X","   25",",,X"," -133",",,X"," -178",",,X",,,,," 1342",",,X","  180","W,,X","  267",",,X",,,,,,,,,,,,
"AYW00087701","1959-06-19","-72.29444","170.30833","5.2","ADARE HALLETT, AY","    0",",,X","    0",",,X","   25",",,X"," -139",",,X"," -211",",,X",,,,," 0036",",,X","  158","W,,X","  185",",,X",,,,,,,,,,,,
"AYW00087701","1959-06-20","-72.29444","170.30833","5.2","ADARE HALLETT, AY","   10",",,X","   10",",,X","   25",",,X"," -194",",,X"," -256",",,X",,,,," 1942",",,X","  180","W,,X","   77",",,X",,,,,,,,,,,,
"AYW00087701","1959-06-21","-72.29444","170.30833","5.2","ADARE HALLETT, AY","    0","T,,X","    0","T,,X","   25",",,X"," -200",",,X"," -233",",,X",,,,," 1918",",,X","  180","W,,X","  370",",,X",,,,,,,,,,,,
"AYW00087701","1959-06-22","-72.29444","170.30833","5.2","ADARE HALLETT, AY","    0",",,X","    0",",,X","   25",",,X"," -150",",,X"," -211",",,X",,,,," 0136",",,X","  158","W,,X","  308",",,X",,,,,,,,,,,,
"AYW00087701","1959-06-23","-72.29444","170.30833","5.2","ADARE HALLETT, AY","    0","T,,X","    0","T,,X","   25",",,X"," -189",",,X"," -256",",,X",,,,," 0030",",,X","  203","W,,X","  129",",,X",,,,,,,,,,,,
"AYW00087701","1959-06-24","-72.29444","170.30833","5.2","ADARE HALLETT, AY","   41",",,X","   41",",,X","   25",",,X"," -233",",,X"," -272",",,X",,,,," 1954",",,X","  180","W,,X","   51",",,X",,,,,,,,,,,,
"AYW00087701","1959-06-25","-72.29444","170.30833","5.2","ADARE HALLETT, AY","    8",",,X","    8",",,X","   25",",,X"," -217",",,X"," -267",",,X",,,,," 1642",",,X","  180","W,,X","  103",",,X",,,,,,,,,,,,
"AYW00087701","1959-06-26","-72.29444","170.30833","5.2","ADARE HALLETT, AY","    0","T,,X","    0","T,,X","   25",",,X"," -239",",,X"," -306",",,X",,,,," 0512",",,X","  180","W,,X","  113",",,X",,,,,,,,,,,,
"AYW00087701","1959-06-27","-72.29444","170.30833","5.2","ADARE HALLETT, AY","    0","T,,X","    0","T,,X","   25",",,X"," -300",",,X"," -344",",,X",,,,," 1906",",,X","  203","W,,X","   41",",,X",,,,,,,,,,,,
"AYW00087701","1959-06-28","-72.29444","170.30833","5.2","ADARE HALLETT, AY","    0",",,X","    0",",,X","   25",",,X"," -267",",,X"," -322",",,X",,,,," 1454",",,X","  180","W,,X","   46",",,X",,,,,,,,,,,,
"AYW00087701","1959-06-29","-72.29444","170.30833","5.2","ADARE HALLETT, AY","    5",",,X","    5",",,X","   25",",,X"," -261",",,X"," -300",",,X",,,,," 1906",",,X","  180","W,,X","   57",",,X",,,,,,,,,,,,
"AYW00087701","1959-06-30","-72.29444","170.30833","5.2","ADARE HALLETT, AY","    0",",,X","    0",",,X","   25",",,X"," -217",",,X"," -311",",,X",,,,," 0542",",,X","  180","W,,X","  134",",,X",,,,,,,,,,,,
"AYW00087701","1959-07-01","-72.29444","170.30833","5.2","ADARE HALLETT, AY","    0",",,X","    0",",,X","   25",",,X"," -283",",,X"," -344",",,X",,,,," 2100",",,X","  180","W,,X","   62",",,X",,,,,,,,,,,,
"AYW00087701","1959-07-02","-72.29444","170.30833","5.2","ADARE HALLETT, AY","    0",",,X","    0",",,X","   25",",,X"," -317",",,X"," -367",",,X",,,,," 1730",",,X","  180","W,,X","   26",",,X",,,,,,,,,,,,
"AYW00087701","1959-07-03","-72.29444","170.30833","5.2","ADARE HALLETT, AY","    0",",,X","    0",",,X","   25",",,X"," -350",",,X"," -394",",,X",,,,,,,,,,,,,,,,,,,,,,
"AYW00087701","1959-07-04","-72.29444","170.30833","5.2","ADARE HALLETT, AY","    0",",,X","    0",",,X","   25",",,X"," -317",",,X"," -389",",,X",,,,," 1430",",,X","  180","W,,X","   57",",,X",,,,,,,,,,,,
"AYW00087701","1959-07-05","-72.29444","170.30833","5.2","ADARE HALLETT, AY","    0","T,,X","    0","T,,X","   25",",,X"," -306",",,X"," -389",",,X",,,,," 2148",",,X","  180","W,,X","   36",",,X",,,,,,,,,,,,
"AYW00087701","1959-07-06","-72.29444","170.30833","5.2","ADARE HALLETT, AY","   81",",,X","   66",",,X","   25",",,X"," -161",",,X"," -311",",,X",,,,," 1554",",,X","  180","W,,X","  272",",,X",,,,,,,,,,,,
"AYW00087701","1959-07-07","-72.29444","170.30833","5.2","ADARE HALLETT, AY","    8",",,X","    8",",,X","   25",",,X"," -150",",,X"," -167",",,X",,,,," 1406",",,X","  135","W,,X","  226",",,X",,,,,,,,,,,,
"AYW00087701","1959-07-08","-72.29444","170.30833","5.2","ADARE HALLETT, AY","    0","T,,X","    0","T,,X","   25",",,X"," -156",",,X"," -200",",,X",,,,," 0230",",,X","  180","W,,X","  236",",,X",,,,,,,,,,,,
"AYW00087701","1959-07-09","-72.29444","170.30833","5.2","ADARE HALLETT, AY","    0",",,X","    0",",,X","    0","T,,X"," -117",",,X"," -178",",,X",,,,," 2030",",,X","  135","W,,X","  293",",,X",,,,,,,,,,,,
"AYW00087701","1959-07-10","-72.29444","170.30833","5.2","ADARE HALLETT, AY","    0",",,X","    0",",,X","    0","T,,X"," -106",",,X"," -239",",,X",,,,," 0018",",,X","  158","W,,X","  231",",,X",,,,,,,,,,,,
"AYW00087701","1959-07-11","-72.29444","170.30833","5.2","ADARE HALLETT, AY","    0","T,,X","    0","T,,X","    0","T,,X"," -211",",,X"," -267",",,X",,,,," 1648",",,X","  203","W,,X","   98",",,X",,,,,,,,,,,,
"AYW00087701","1959-07-12","-72.29444","170.30833","5.2","ADARE HALLETT, AY","    0","T,,X","    0","T,,X","    0","T,,X"," -161",",,X"," -278",",,X",,,,," 2200",",,X","  180","W,,X","  247",",,X",,,,,,,,,,,,
"AYW00087701","1959-07-13","-72.29444","170.30833","5.2","ADARE HALLETT, AY","    0",",,X","    0",",,X","    0","T,,X"," -150",",,X"," -200",",,X",,,,," 0754",",,X","  203","W,,X","  242",",,X",,,,,,,,,,,,
"AYW00087701","1959-07-14","-72.29444","170.30833","5.2","ADARE HALLETT, AY","    0",",,X","    0",",,X","    0","T,,X"," -194",",,X"," -239",",,X",,,,," 0042",",,X","  203","W,,X","  118",",,X",,,,,,,,,,,,
"AYW00087701","1959-07-15","-72.29444","170.30833","5.2","ADARE HALLETT, AY","   79",",,X","   74",",,X","   76",",,X"," -200",",,X"," -239",",,X",,,,," 0412",",,X","  315","W,,X","   26",",,X",,,,,,,,,,,,
"AYW00087701","1959-07-16","-72.29444","170.30833","5.2","ADARE HALLETT, AY","  335",",,X","  335",",,X","   76",",,X"," -183",",,X"," -206",",,X",,,,," 2136",",,X","  203","W,,X","  334",",,X",,,,,,,,,,,,
"AYW00087701","1959-07-17","-72.29444","170.30833","5.2","ADARE HALLETT, AY","  404",",,X","  404",",,X","   51",",,X"," -172",",,X"," -200",",,X",,,,," 0054",",,X","  203","W,,X","  350",",,X",,,,,,,,,,,,
"AYW00087701","1959-07-18","-72.29444","170.30833","5.2","ADARE HALLETT, AY","  117",",,X","  117",",,X","  152",",,X"," -156",",,X"," -206",",,X",,,,," 2118",",,X","  113","W,,X","  123",",,X",,,,,,,,,,,,
"AYW00087701","1959-07-19","-72.29444","170.30833","5.2","ADARE HALLETT, AY","  130",",,X","  114",",,X","  152",",,X"," -167",",,X"," -239",",,X",,,,," 0030",",,X","   90","W,,X","   67",",,X",,,,,,,,,,,,
"AYW00087701","1959-07-20","-72.29444","170.30833","5.2","ADARE HALLETT, AY","    3",",,X","    3",",,X","  152",",,X"," -172",",,X"," -278",",,X",,,,,,,,,,,,,,,,,,,,,,
"AYW00087701","1959-07-21","-72.29444","170.30833","5.2","ADARE HALLETT, AY","    0","T,,X","    0","T,,X","  152",",,X"," -172",",,X"," -278",",,X",,,,,,,,,,,,,,,,,,,,,,
"AYW00087701","1959-07-22","-72.29444","170.30833","5.2","ADARE HALLETT, AY","    0",",,X","    0",",,X","  152",",,X"," -150",",,X"," -261",",,X",,,,,,,,,,,,,,,,,,,,,,
"AYW00087701","1959-07-23","-72.29444","170.30833","5.2","ADARE HALLETT, AY","    0",",,X","    0",",,X","  152",",,X"," -167",",,X"," -256",",,X",,,,,,,,,,,,,,,,,,,,,,
"AYW00087701","1959-07-24","-72.29444","170.30833","5.2","ADARE HALLETT, AY","   94",",,X","   94",",,X","  102",",,X"," -178",",,X"," -250",",,X",,,,,,,,,,,,,,,,,,,,,,
"AYW00087701","1959-07-25","-72.29444","170.30833","5.2","ADARE HALLETT, AY","    0","T,,X","    0","T,,X","  102",",,X"," -206",",,X"," -294",",,X",,,,," 0406",",,X","  203","W,,X","   77",",,X",,,,,,,,,,,,
"AYW00087701","1959-07-26","-72.29444","170.30833","5.2","ADARE HALLETT, AY","    3",",,X","    3",",,X","  102",",,X"," -206",",,X"," -289",",,X",,,,," 2318",",,X","  158","W,,X","   87",",,X",,,,,,,,,,,,
"AYW00087701","1959-07-27","-72.29444","170.30833","5.2","ADARE HALLETT, AY","    5",",,X","    5",",,X","  102",",,X"," -233",",,X"," -350",",,X",,,,," 0000",",,X","  113","W,,X","   82",",,X",,,,,,,,,,,,
"AYW00087701","1959-07-28","-72.29444","170.30833","5.2","ADARE HALLETT, AY","    0",",,X","    0",",,X","  102",",,X"," -167",",,X"," -322",",,X",,,,," 1454",",,X","  180","W,,X","  180",",,X",,,,,,,,,,,,
"AYW00087701","1959-07-29","-72.29444","170.30833","5.2","ADARE HALLETT, AY","    0",",,X","    0",",,X","   51",",,X"," -144",",,X"," -256",",,X",,,,," 0254",",,X","  180","W,,X","  185",",,X",,,,,,,,,,,,
"AYW00087701","1959-07-30","-72.29444","170.30833","5.2","ADARE HALLETT, AY","    0",",,X","    0",",,X","   51",",,X"," -206",",,X"," -294",",,X",,,,," 0754",",,X","  203","W,,X","   62",",,X",,,,,,,,,,,,
"AYW00087701","1959-07-31","-72.29444","170.30833","5.2","ADARE HALLETT, AY","    0",",,X","    0",",,X","   51",",,X","  -44",",,X"," -267",",,X",,,,," 1130",",,X","  203","W,,X","  159",",,X",,,,,,,,,,,,
"AYW00087701","1959-08-01","-72.29444","170.30833","5.2","ADARE HALLETT, AY","    0",",,X","    0",",,X","   51",",,X","  -94",",,X"," -233",",,X",,,,," 2018",",,X","  225","W,,X","   51",",,X",,,,,,,,,,,,
"AYW00087701","1959-08-02","-72.29444","170.30833","5.2","ADARE HALLETT, AY","    0",",,X","    0",",,X","   51",",,X"," -206",",,X"," -250",",,X",,,,," 0600",",,X","  225","W,,X","   51",",,X",,,,,,,,,,,,
"AYW00087701","1959-08-03","-72.29444","170.30833","5.2","ADARE HALLETT, AY","    0",",,X","    0",",,X","   51",",,X"," -211",",,X"," -294",",,X",,,,," 2354",",,X","  203","W,,X","   82",",,X",,,,,,,,,,,,
"AYW00087701","1959-08-04","-72.29444","170.30833","5.2","ADARE HALLETT, AY","    0",",,X","    0",",,X","   51",",,X"," -211",",,X"," -311",",,X",,,,," 0600",",,X","  225","W,,X","  164",",,X",,,,,,,,,,,,
"AYW00087701","1959-08-05","-72.29444","170.30833","5.2","ADARE HALLETT, AY","   46",",,X","   25",",,X","   76",",,X"," -244",",,X"," -322",",,X",,,,," 2342",",,X","  203","W,,X","   51",",,X",,,,,,,,,,,,
"AYW00087701","1959-08-06","-72.29444","170.30833","5.2","ADARE HALLETT, AY","   48",",,X","   41",",,X","  102",",,X"," -239",",,X"," -283",",,X",,,,," 0006",",,X","  225","W,,X","   62",",,X",,,,,,,,,,,,
"AYW00087701","1959-08-07","-72.29444","170.30833","5.2","ADARE HALLETT, AY","    5",",,X","    5",",,X","  102",",,X"," -256",",,X"," -344",",,X",,,,," 2106",",,X","  225","W,,X","   31",",,X",,,,,,,,,,,,
"AYW00087701","1959-08-08","-72.29444","170.30833","5.2","ADARE HALLETT, AY","   58",",,X","   58",",,X","  152",",,X"," -217",",,X"," -261",",,X",,,,," 1454",",,X","  225","W,,X","   26",",,X",,,,,,,,,,,,
"AYW00087701","1959-08-09","-72.29444","170.30833","5.2","ADARE HALLETT, AY","  170",",,X","  157",",,X","  279",",,X"," -194",",,X"," -233",",,X",,,,," 1818",",,X","  158","W,,X","   41",",,X",,,,,,,,,,,,
"AYW00087701","1959-08-10","-72.29444","170.30833","5.2","ADARE HALLETT, AY","    3",",,X","    3",",,X","  279",",,X"," -217",",,X"," -311",",,X",,,,," 1606",",,X","  203","W,,X","   51",",,X",,,,,,,,,,,,
"AYW00087701","1959-08-11","-72.29444","170.30833","5.2","ADARE HALLETT, AY","    0","T,,X","    0","T,,X","  279",",,X"," -239",",,X"," -383",",,X",,,,," 0418",",,X","  113","W,,X","   67",",,X",,,,,,,,,,,,
"AYW00087701","1959-08-12","-72.29444","170.30833","5.2","ADARE HALLETT, AY","    0",",,X","    0",",,X","  279",",,X"," -283",",,X"," -356",",,X",,,,," 1224",",,X","  203","W,,X","   57",",,X",,,,,,,,,,,,
"AYW00087701","1959-08-13","-72.29444","170.30833","5.2","ADARE HALLETT, AY","    0",",,X","    0",",,X","  279",",,X"," -233",",,X"," -367",",,X",,,,," 2106",",,X","  225","W,,X","   62",",,X",,,,,,,,,,,,
"AYW00087701","1959-08-14","-72.29444","170.30833","5.2","ADARE HALLETT, AY","    0",",,X","    0",",,X","  279",",,X"," -344",",,X"," -411",",,X",,,,," 0636",",,X","  225","W,,X","   46",",,X",,,,,,,,,,,,
"AYW00087701","1959-08-15","-72.29444","170.30833","5.2","ADARE HALLETT, AY","    0",",,X","    0",",,X","  279",",,X"," -261",",,X"," -394",",,X",,,,," 0600",",,X","  225","W,,X","   51",",,X",,,,,,,,,,,,
"AYW00087701","1959-08-16","-72.29444","170.30833","5.2","ADARE HALLETT, AY","    0","T,,X","    0","T,,X","  279",",,X"," -178",",,X"," -294",",,X",,,,," 1206",",,X","   45","W,,X","   57",",,X",,,,,,,,,,,,
"AYW00087701","1959-08-17","-72.29444","170.30833","5.2","ADARE HALLETT, AY","    0",",,X","    0",",,X","  279",",,X"," -267",",,X"," -356",",,X",,,,," 0400",",,X","   68","W,,X","   41",",,X",,,,,,,,,,,,
"AYW00087701","1959-08-18","-72.29444","170.30833","5.2","ADARE HALLETT, AY","    0",",,X","    0",",,X","  279",",,X"," -306",",,X"," -422",",,X",,,,," 0054",",,X","   68","W,,X","   57",",,X",,,,,,,,,,,,
"AYW00087701","1959-08-19","-72.29444","170.30833","5.2","ADARE HALLETT, AY","    0",",,X","    0",",,X","  279",",,X"," -333",",,X"," -444",",,X",,,,," 0418",",,X","  203","W,,X","   31",",,X",,,,,,,,,,,,
"AYW00087701","1959-08-20","-72.29444","170.30833","5.2","ADARE HALLETT, AY","    0",",,X","    0",",,X","  279",",,X"," -344",",,X"," -444",",,X",,,,," 1030",",,X","  203","W,,X","   31",",,X",,,,,,,,,,,,
"AYW00087701","1959-08-21","-72.29444","170.30833","5.2","ADARE HALLETT, AY","    0",",,X","    0",",,X","  279",",,X"," -378",",,X"," -478",",,X",,,,," 0230",",,X","  225","W,,X","   46",",,X",,,,,,,,,,,,
"AYW00087701","1959-08-22","-72.29444","170.30833","5.2","ADARE HALLETT, AY","    0",",,X","    0",",,X","  279",",,X"," -361",",,X"," -478",",,X",,,,," 0606",",,X","  203","W,,X","   41",",,X",,,,,,,,,,,,
"AYW00087701","1959-08-23","-72.29444","170.30833","5.2","ADARE HALLETT, AY","    0",",,X","    0",",,X","  279",",,X"," -333",",,X"," -400",",,X",,,,," 1318",",,X","  248","W,,X","   41",",,X",,,,,,,,,,,,
"AYW00087701","1959-08-24","-72.29444","170.30833","5.2","ADARE HALLETT, AY","    0",",,X","    0",",,X","  279",",,X"," -300",",,X"," -444",",,X",,,,," 0100",",,X","  203","W,,X","   51",",,X",,,,,,,,,,,,
"AYW00087701","1959-08-25","-72.29444","170.30833","5.2","ADARE HALLETT, AY","    0",",,X","    0",",,X","  279",",,X"," -328",",,X"," -428",",,X",,,,," 0354",",,X","  270","W,,X","   51",",,X",,,,,,,,,,,,
"AYW00087701","1959-08-26","-72.29444","170.30833","5.2","ADARE HALLETT, AY","    0",",,X","    0",",,X","  102",",,X"," -300",",,X"," -411",",,X",,,,," 2136",",,X","  203","W,,X","  252",",,X",,,,,,,,,,,,
"AYW00087701","1959-08-27","-72.29444","170.30833","5.2","ADARE HALLETT, AY","    0",",,X","    0",",,X","   51",",,X"," -267",",,X"," -322",",,X",,,,," 0700",",,X","  225","W,,X","  267",",,X",,,,,,,,,,,,
"AYW00087701","1959-08-28","-72.29444","170.30833","5.2","ADARE HALLETT, AY","    5",",,X","    5",",,X","   51",",,X"," -294",",,X"," -350",",,X",,,,," 2336",",,X","  203","W,,X","   62",",,X",,,,,,,,,,,,
"AYW00087701","1959-08-29","-72.29444","170.30833","5.2","ADARE HALLETT, AY","    0","T,,X","    0","T,,X","   51",",,X"," -278",",,X"," -383",",,X",,,,," 0600",",,X","  248","W,,X","  144",",,X",,,,,,,,,,,,
"AYW00087701","1959-08-30","-72.29444","170.30833","5.2","ADARE HALLETT, AY","    0",",,X","    0",",,X","   51",",,X"," -239",",,X"," -383",",,X",,,,," 0842",",,X","  180","W,,X","  257",",,X",,,,,,,,,,,,
"AYW00087701","1959-08-31","-72.29444","170.30833","5.2","ADARE HALLETT, AY","  130",",,X","  130",",,X","   25",",,X"," -189",",,X"," -317",",,X",,,,," 2330",",,X","  203","W,,X","  257",",,X",,,,,,,,,,,,
"AYW00087701","1959-09-01","-72.29444","170.30833","5.2","ADARE HALLETT, AY","  406",",,X","   51",",,X","   25",",,X"," -183",",,X"," -300",",,X",,,,," 0512",",,X","  180","W,,X","  314",",,X","    1",",,X",,,,,"    1",",,X",,,"    1",",,X"
"AYW00087701","1959-09-02","-72.29444","170.30833","5.2","ADARE HALLETT, AY","    0",",,X","    0",",,X","   25",",,X"," -244",",,X"," -328",",,X",,,,," 0018",",,X","  270","W,,X","   51",",,X",,,,,,,,,,,,
"AYW00087701","1959-09-03","-72.29444","170.30833","5.2","ADARE HALLETT, AY","    0",",,X","    0",",,X","   25",",,X"," -211",",,X"," -328",",,X",,,,," 2100",",,X","  225","W,,X","  103",",,X",,,,,,,,,,,,
"AYW00087701","1959-09-04","-72.29444","170.30833","5.2","ADARE HALLETT, AY","    0","T,,X","    0","T,,X","   25",",,X"," -183",",,X"," -267",",,X",,,,," 0230",",,X","  293","W,,X","   51",",,X",,,,,,,,,,,"    1",",,X"
"AYW00087701","1959-09-05","-72.29444","170.30833","5.2","ADARE HALLETT, AY","    0","T,,X","    0","T,,X","   25",",,X"," -228",",,X"," -289",",,X",,,,," 2318",",,X","  203","W,,X","  293",",,X",,,,,,,"    1",",,X",,,"    1",",,X"
"AYW00087701","1959-09-06","-72.29444","170.30833","5.2","ADARE HALLETT, AY","    0",",,X","    0",",,X","   25",",,X"," -206",",,X"," -306",",,X",,,,," 0654",",,X","  180","W,,X","  350",",,X",,,,,,,"    1",",,X",,,,
"AYW00087701","1959-09-07","-72.29444","170.30833","5.2","ADARE HALLETT, AY","    0",",,X","    0",",,X","   25",",,X"," -233",",,X"," -333",",,X",,,,," 1406",",,X","  225","W,,X","   57",",,X",,,,,,,,,,,,
"AYW00087701","1959-09-08","-72.29444","170.30833","5.2","ADARE HALLETT, AY","    0",",,X","    0",",,X","   25",",,X"," -239",",,X"," -356",",,X",,,,," 2354",",,X","  203","W,,X","  236",",,X",,,,,,,"    1",",,X",,,,
"AYW00087701","1959-09-09","-72.29444","170.30833","5.2","ADARE HALLETT, AY","   58",",,X","   13",",,X","   25",",,X"," -178",",,X"," -289",",,X",,,,," 0506",",,X","  203","W,,X","  293",",,X",,,,,,,"    1",",,X",,,"    1",",,X"
"AYW00087701","1959-09-10","-72.29444","170.30833","5.2","ADARE HALLETT, AY","    0","T,,X","    0","T,,X","   25",",,X"," -206",",,X"," -300",",,X",,,,," 1336",",,X","   68","W,,X","   72",",,X",,,,,,,,,,,"    1",",,X"
"AYW00087701","1959-09-11","-72.29444","170.30833","5.2","ADARE HALLETT, AY","   10",",,X","    5",",,X","   25",",,X"," -217",",,X"," -328",",,X",,,,," 0712",",,X","  225","W,,X","   87",",,X",,,,,,,,,,,"    1",",,X"
"AYW00087701","1959-09-12","-72.29444","170.30833","5.2","ADARE HALLETT, AY","    0",",,X","    0",",,X","   25",",,X"," -217",",,X"," -339",",,X",,,,," 1042",",,X","  315","W,,X","   41",",,X",,,,,,,,,,,,
"AYW00087701","1959-09-13","-72.29444","170.30833","5.2","ADARE HALLETT, AY","    0",",,X","    0",",,X","   25",",,X"," -200",",,X"," -322",",,X",,,,," 0900",",,X","   45","W,,X","   67",",,X",,,,,,,,,,,,
"AYW00087701","1959-09-14","-72.29444","170.30833","5.2","ADARE HALLETT, AY","    0","T,,X","    0","T,,X","   25",",,X"," -206",",,X"," -361",",,X",,,,," 1818",",,X","  203","W,,X","   41",",,X",,,,,,,,,,,"    1",",,X"
"AYW00087701","1959-09-15","-72.29444","170.30833","5.2","ADARE HALLETT, AY","    0","T,,X","    0","T,,X","   25",",,X"," -239",",,X"," -367",",,X",,,,," 0730",",,X","  203","W,,X","   31",",,X",,,,,,,,,,,"    1",",,X"
"AYW00087701","1959-09-16","-72.29444","170.30833","5.2","ADARE HALLETT, AY","    0","T,,X","    0","T,,X","   25",",,X"," -178",",,X"," -344",",,X",,,,," 1854",",,X","  203","W,,X","  200",",,X",,,,,,,"    1",",,X",,,"    1",",,X"
"AYW00087701","1959-09-17","-72.29444","170.30833","5.2","ADARE HALLETT, AY","    0",",,X","    0",",,X","   25",",,X"," -144",",,X"," -256",",,X",,,,," 0242",",,X","  225","W,,X","  206",",,X",,,,,,,,,,,,
"AYW00087701","1959-09-18","-72.29444","170.30833","5.2","ADARE HALLETT, AY","    0","T,,X","    0","T,,X","   25",",,X"," -206",",,X"," -306",",,X",,,,," 1736",",,X","  203","W,,X","   87",",,X",,,,,"    1",",,X",,,,,"    1",",,X"
"AYW00087701","1959-09-19","-72.29444","170.30833","5.2","ADARE HALLETT, AY","   18",",,X","    3",",,X","   25",",,X"," -222",",,X"," -333",",,X",,,,," 1230",",,X","  225","W,,X","   31",",,X",,,,,,,,,,,"    1",",,X"
"AYW00087701","1959-09-20","-72.29444","170.30833","5.2","ADARE HALLETT, AY","  274",",,X","   15",",,X","   51",",,X"," -200",",,X"," -278",",,X",,,,," 1318",",,X","  203","W,,X","  262",",,X",,,,,,,"    1",",,X",,,"    1",",,X"
"AYW00087701","1959-09-21","-72.29444","170.30833","5.2","ADARE HALLETT, AY","    0",",,X","    0",",,X","   25",",,X"," -200",",,X"," -283",",,X",,,,," 0124",",,X","  203","W,,X","  129",",,X",,,,,,,,,,,,
"AYW00087701","1959-09-22","-72.29444","170.30833","5.2","ADARE HALLETT, AY","    0",",,X","    0",",,X","   25",",,X"," -183",",,X"," -350",",,X",,,,," 0118",",,X","  248","W,,X","   41",",,X",,,,,,,,,,,,
"AYW00087701","1959-09-23","-72.29444","170.30833","5.2","ADARE HALLETT, AY","    0",",,X","    0",",,X","   25",",,X"," -178",",,X"," -361",",,X",,,,," 1418",",,X","  225","W,,X","   62",",,X",,,,,,,,,,,,
"AYW00087701","1959-09-24","-72.29444","170.30833","5.2","ADARE HALLETT, AY","    0",",,X","    0",",,X","   25",",,X"," -167",",,X"," -333",",,X",,,,," 1024",",,X","  225","W,,X","   46",",,X",,,,,,,,,,,,
"AYW00087701","1959-09-25","-72.29444","170.30833","5.2","ADARE HALLETT, AY","    0",",,X","    0",",,X","   25",",,X"," -167",",,X"," -333",",,X",,,,," 0148",",,X","  225","W,,X","   46",",,X",,,,,,,,,,,,
"AYW00087701","1959-09-26","-72.29444","170.30833","5.2","ADARE HALLETT, AY","   79",",,X","   38",",,X","   51",",,X"," -211",",,X"," -361",",,X",,,,," 0330",",,X","  203","W,,X","   51",",,X",,,,,,,,,,,"    1",",,X"
"AYW00087701","1959-09-27","-72.29444","170.30833","5.2","ADARE HALLETT, AY","   23",",,X","   13",",,X","   76",",,X"," -161",",,X"," -278",",,X",,,,," 1806",",,X","  293","W,,X","  108",",,X",,,,,,,,,,,,
"AYW00087701","1959-09-28","-72.29444","170.30833","5.2","ADARE HALLETT, AY","    0",",,X","    0",",,X","   76",",,X"," -156",",,X"," -317",",,X",,,,," 0742",",,X","  203","W,,X","   57",",,X",,,,,,,,,,,,
"AYW00087701","1959-09-29","-72.29444","170.30833","5.2","ADARE HALLETT, AY","    0","T,,X","    0","T,,X","   76",",,X"," -194",",,X"," -283",",,X",,,,," 1906",",,X","  180","W,,X","   57",",,X",,,,,,,,,,,"    1",",,X"
"AYW00087701","1959-09-30","-72.29444","170.30833","5.2","ADARE HALLETT, AY","    3",",,X","    3",",,X","   76",",,X"," -200",",,X"," -278",",,X",,,,," 1824",",,X","  113","W,,X","   77",",,X",,,,,,,"    1",",,X",,,"    1",",,X"
"AYW00087701","1959-10-01","-72.29444","170.30833","5.2","ADARE HALLETT, AY","    3",",,X","    3",",,X","   76",",,X"," -200",",,X"," -350",",,X",,,,," 0600",",,X","  225","W,,X","   31",",,X",,,,,,,,,,,,
"AYW00087701","1959-10-02","-72.29444","170.30833","5.2","ADARE HALLETT, AY","    0",",,X","    0",",,X","   76",",,X"," -250",",,X"," -361",",,X",,,,," 1042",",,X","  225","W,,X","   36",",,X",,,,,,,,,,,,
"AYW00087701","1959-10-03","-72.29444","170.30833","5.2","ADARE HALLETT, AY","    0",",,X","    0",",,X","   76",",,X"," -172",",,X"," -311",",,X",,,,," 0000",",,X","  225","W,,X","   31",",,X",,,,,,,,,,,,
"AYW00087701","1959-10-04","-72.29444","170.30833","5.2","ADARE HALLETT, AY","    0",",,X","    0",",,X","   76",",,X"," -161",",,X"," -311",",,X",,,,," 1854",",,X","  225","W,,X","   46",",,X",,,,,,,,,,,,
"AYW00087701","1959-10-05","-72.29444","170.30833","5.2","ADARE HALLETT, AY","    0",",,X","    0",",,X","   76",",,X"," -144",",,X"," -333",",,X",,,,," 2230",",,X","  203","W,,X","   57",",,X",,,,,,,,,,,,
"AYW00087701","1959-10-06","-72.29444","170.30833","5.2","ADARE HALLETT, AY","    8",",,X","    0","T,,X","   76",",,X"," -189",",,X"," -317",",,X",,,,," 0118",",,X","  203","W,,X","   67",",,X",,,,,,,,,,,,
"AYW00087701","1959-10-07","-72.29444","170.30833","5.2","ADARE HALLETT, AY","    0","T,,X","    0","T,,X","   76",",,X"," -200",",,X"," -294",",,X",,,,," 2018",",,X","  113","W,,X","   72",",,X",,,,,,,,,,,,
"AYW00087701","1959-10-08","-72.29444","170.30833","5.2","ADARE HALLETT, AY","    0",",,X","    0",",,X","   76",",,X"," -233",",,X"," -333",",,X",,,,," 0436",",,X","  248","W,,X","  123",",,X",,,,,,,,,,,,
"AYW00087701","1959-10-09","-72.29444","170.30833","5.2","ADARE HALLETT, AY","    0",",,X","    0",",,X","   76",",,X"," -244",",,X"," -333",",,X",,,,," 0230",",,X","  225","W,,X","   36",",,X",,,,,,,,,,,,
"AYW00087701","1959-10-10","-72.29444","170.30833","5.2","ADARE HALLETT, AY","    3",",,X","    3",",,X","   76",",,X"," -244",",,X"," -344",",,X",,,,," 0342",",,X","  248","W,,X","   41",",,X",,,,,,,,,,,,
"AYW00087701","1959-10-11","-72.29444","170.30833","5.2","ADARE HALLETT, AY","   10",",,X","    5",",,X","   76",",,X"," -261",",,X"," -367",",,X",,,,," 1836",",,X","  293","W,,X","   21",",,X",,,,,,,,,,,,
"AYW00087701","1959-10-12","-72.29444","170.30833","5.2","ADARE HALLETT, AY","    0",",,X","    0",",,X","   76",",,X"," -233",",,X"," -378",",,X",,,,," 1400",",,X","  225","W,,X","   46",",,X",,,,,,,,,,,,
"AYW00087701","1959-10-13","-72.29444","170.30833","5.2","ADARE HALLETT, AY","    0",",,X","    0",",,X","   76",",,X"," -228",",,X"," -378",",,X",,,,," 1600",",,X","  203","W,,X","   46",",,X",,,,,,,,,,,,
"AYW00087701","1959-10-14","-72.29444","170.30833","5.2","ADARE HALLETT, AY","    0",",,X","    0",",,X","   76",",,X"," -206",",,X"," -383",",,X",,,,," 1442",",,X","  248","W,,X","   77",",,X",,,,,,,,,,,,
"AYW00087701","1959-10-15","-72.29444","170.30833","5.2","ADARE HALLETT, AY","    0","T,,X","    0","T,,X","   76",",,X"," -139",",,X"," -333",",,X",,,,," 2342",",,X","   90","W,,X","   87",",,X",,,,,,,,,,,,
"AYW00087701","1959-10-16","-72.29444","170.30833","5.2","ADARE HALLETT, AY","   20",",,X","   18",",,X","  102",",,X"," -133",",,X"," -261",",,X",,,,," 0024",",,X","   90","W,,X","  139",",,X",,,,,,,,,,,,
"AYW00087701","1959-10-17","-72.29444","170.30833","5.2","ADARE HALLETT, AY","    0","T,,X","    0","T,,X","  102",",,X"," -161",",,X"," -306",",,X",,,,," 2224",",,X","  225","W,,X","   93",",,X",,,,,,,,,,,,
"AYW00087701","1959-10-18","-72.29444","170.30833","5.2","ADARE HALLETT, AY","   23",",,X","   23",",,X","  102",",,X"," -161",",,X"," -239",",,X",,,,," 0100",",,X","  225","W,,X","  103",",,X",,,,,,,,,,,,
"AYW00087701","1959-10-19","-72.29444","170.30833","5.2","ADARE HALLETT, AY","    0",",,X","    0",",,X","  102",",,X"," -183",",,X"," -294",",,X",,,,," 1706",",,X","  225","W,,X","   57",",,X",,,,,,,,,,,,
"AYW00087701","1959-10-20","-72.29444","170.30833","5.2","ADARE HALLETT, AY","    0",",,X","    0",",,X","   51",",,X"," -128",",,X"," -294",",,X",,,,," 2312",",,X","  180","W,,X","  139",",,X",,,,,,,,,,,,
"AYW00087701","1959-10-21","-72.29444","170.30833","5.2","ADARE HALLETT, AY","    0",",,X","    0",",,X","   51",",,X"," -117",",,X"," -156",",,X",,,,," 2318",",,X","  180","W,,X","  159",",,X",,,,,,,,,,,,
"AYW00087701","1959-10-22","-72.29444","170.30833","5.2","ADARE HALLETT, AY","    0",",,X","    0",",,X","   51",",,X"," -100",",,X"," -144",",,X",,,,," 2354",",,X","  180","W,,X","  164",",,X",,,,,,,,,,,,
"AYW00087701","1959-10-23","-72.29444","170.30833","5.2","ADARE HALLETT, AY","    0",",,X","    0",",,X","   25",",,X"," -122",",,X"," -172",",,X",,,,," 0742",",,X","  203","W,,X","  252",",,X",,,,,,,,,,,,
"AYW00087701","1959-10-24","-72.29444","170.30833","5.2","ADARE HALLETT, AY","    0",",,X","    0",",,X","   25",",,X"," -150",",,X"," -244",",,X",,,,," 0200",",,X","  203","W,,X","  180",",,X",,,,,,,,,,,,
"AYW00087701","1959-10-25","-72.29444","170.30833","5.2","ADARE HALLETT, AY","    0","T,,X","    0","T,,X","   25",",,X"," -167",",,X"," -261",",,X",,,,," 0436",",,X","  225","W,,X","   26",",,X",,,,,,,,,,,,
"AYW00087701","1959-10-26","-72.29444","170.30833","5.2","ADARE HALLETT, AY","   43",",,X","   23",",,X","   51",",,X"," -167",",,X"," -200",",,X",,,,," 2036",",,X","  203","W,,X","  175",",,X",,,,,,,,,,,,
"AYW00087701","1959-10-27","-72.29444","170.30833","5.2","ADARE HALLETT, AY","    0",",,X","    0",",,X","   25",",,X"," -172",",,X"," -233",",,X",,,,," 0124",",,X","  225","W,,X","  139",",,X",,,,,,,,,,,,
"AYW00087701","1959-10-28","-72.29444","170.30833","5.2","ADARE HALLETT, AY","    0",",,X","    0",",,X","   25",",,X"," -178",",,X"," -267",",,X",,,,," 2354",",,X","  225","W,,X","   41",",,X",,,,,,,,,,,,
"AYW00087701","1959-10-29","-72.29444","170.30833","5.2","ADARE HALLETT, AY","    0",",,X","    0",",,X","   25",",,X"," -167",",,X"," -256",",,X",,,,," 0612",",,X","  113","W,,X","  103",",,X",,,,,,,,,,,,
"AYW00087701","1959-10-30","-72.29444","170.30833","5.2","ADARE HALLETT, AY","   23",",,X","   23",",,X","   25",",,X"," -156",",,X"," -256",",,X",,,,," 2330",",,X","  225","W,,X","  113",",,X",,,,,,,,,,,,
"AYW00087701","1959-10-31","-72.29444","170.30833","5.2","ADARE HALLETT, AY","    0","T,,X","    0","T,,X","   25",",,X"," -178",",,X"," -217",",,X",,,,," 2342",",,X","  203","W,,X","  195",",,X",,,,,,,,,,,,
"AYW00087701","1959-11-01","-72.29444","170.30833","5.2","ADARE HALLETT, AY","    0",",,X","    0",",,X","   25",",,X"," -156",",,X"," -217",",,X",,,,," 0112",",,X","  203","W,,X","  190",",,X",,,,,,,,,,,,
"AYW00087701","1959-11-02","-72.29444","170.30833","5.2","ADARE HALLETT, AY","    0","T,,X","    0","T,,X","   25",",,X"," -139",",,X"," -206",",,X",,,,," 1942",",,X","  225","W,,X","   62",",,X",,,,,,,,,,,,
"AYW00087701","1959-11-03","-72.29444","170.30833","5.2","ADARE HALLETT, AY","    0",",,X","    0",",,X","   25",",,X","  -78",",,X"," -194",",,X",,,,," 0500",",,X","  180","W,,X","  231",",,X",,,,,,,,,,,,
"AYW00087701","1959-11-04","-72.29444","170.30833","5.2","ADARE HALLETT, AY","    0",",,X","    0",",,X","   25",",,X"," -106",",,X"," -200",",,X",,,,," 0430",",,X","  225","W,,X","   51",",,X",,,,,,,,,,,,
"AYW00087701","1959-11-05","-72.29444","170.30833","5.2","ADARE HALLETT, AY","    0",",,X","    0",",,X","   25",",,X","  -94",",,X"," -217",",,X",,,,," 2300",",,X","  225","W,,X","  154",",,X",,,,,,,,,,,,
"AYW00087701","1959-11-06","-72.29444","170.30833","5.2","ADARE HALLETT, AY","    0","T,,X","    0","T,,X","   25",",,X","  -94",",,X"," -139",",,X",,,,," 1112",",,X","  135","W,,X","  185",",,X",,,,,,,,,,,,
"AYW00087701","1959-11-07","-72.29444","170.30833","5.2","ADARE HALLETT, AY","    0",",,X","    0",",,X","   25",",,X","  -94",",,X"," -161",",,X",,,,," 0548",",,X","  225","W,,X","  236",",,X",,,,,,,,,,,,
"AYW00087701","1959-11-08","-72.29444","170.30833","5.2","ADARE HALLETT, AY","    0",",,X","    0",",,X","   25",",,X"," -100",",,X"," -189",",,X",,,,," 1154",",,X","  248","W,,X","  118",",,X",,,,,,,,,,,,
"AYW00087701","1959-11-09","-72.29444","170.30833","5.2","ADARE HALLETT, AY","    0",",,X","    0",",,X","   25",",,X"," -106",",,X"," -206",",,X",,,,," 1618",",,X","   23","W,,X","   41",",,X",,,,,,,,,,,,
"AYW00087701","1959-11-10","-72.29444","170.30833","5.2","ADARE HALLETT, AY","    0","T,,X","    0","T,,X","   25",",,X"," -117",",,X"," -206",",,X",,,,," 2354",",,X","  225","W,,X","   57",",,X",,,,,,,,,,,,
"AYW00087701","1959-11-11","-72.29444","170.30833","5.2","ADARE HALLETT, AY","    0","T,,X","    0","T,,X","   25",",,X"," -122",",,X"," -150",",,X",,,,," 1954",",,X","  203","W,,X","  113",",,X",,,,,,,,,,,,
"AYW00087701","1959-11-12","-72.29444","170.30833","5.2","ADARE HALLETT, AY","    0","T,,X","    0","T,,X","   25",",,X"," -122",",,X"," -167",",,X",,,,," 0224",",,X","  225","W,,X","  139",",,X",,,,,,,,,,,,
"AYW00087701","1959-11-13","-72.29444","170.30833","5.2","ADARE HALLETT, AY","    0",",,X","    0",",,X","   25",",,X"," -106",",,X"," -167",",,X",,,,," 0936",",,X","   90","W,,X","  144",",,X",,,,,,,,,,,,
"AYW00087701","1959-11-14","-72.29444","170.30833","5.2","ADARE HALLETT, AY","    0",",,X","    0",",,X","   25",",,X"," -106",",,X"," -183",",,X",,,,," 0248",",,X","  293","W,,X","  108",",,X",,,,,,,,,,,,
"AYW00087701","1959-11-15","-72.29444","170.30833","5.2","ADARE HALLETT, AY","    0",",,X","    0",",,X","   25",",,X","  -94",",,X"," -194",",,X",,,,," 0400",",,X","  293","W,,X","   36",",,X",,,,,,,,,,,,
"AYW00087701","1959-11-16","-72.29444","170.30833","5.2","ADARE HALLETT, AY","    0",",,X","    0",",,X","   25",",,X","  -89",",,X"," -189",",,X",,,,," 1342",",,X","  225","W,,X","  134",",,X",,,,,,,,,,,,
"AYW00087701","1959-11-17","-72.29444","170.30833","5.2","ADARE HALLETT, AY","    0",",,X","    0",",,X","   25",",,X","  -89",",,X"," -178",",,X",,,,," 1712",",,X","  180","W,,X","   62",",,X",,,,,,,,,,,,
"AYW00087701","1959-11-18","-72.29444","170.30833","5.2","ADARE HALLETT, AY","    0",",,X","    0",",,X","   25",",,X","  -56",",,X"," -161",",,X",,,,," 1624",",,X","  225","W,,X","   51",",,X",,,,,,,,,,,,
"AYW00087701","1959-11-19","-72.29444","170.30833","5.2","ADARE HALLETT, AY","    0","T,,X","    0","T,,X","   25",",,X","  -67",",,X"," -161",",,X",,,,," 2224",",,X","  203","W,,X","  175",",,X",,,,,,,,,,,,
"AYW00087701","1959-11-20","-72.29444","170.30833","5.2","ADARE HALLETT, AY","    0","T,,X","    0","T,,X","   25",",,X","  -67",",,X"," -100",",,X",,,,," 0342",",,X","  180","W,,X","  216",",,X",,,,,,,,,,,,
"AYW00087701","1959-11-21","-72.29444","170.30833","5.2","ADARE HALLETT, AY","    0",",,X","    0",",,X","   25",",,X","  -56",",,X"," -100",",,X",,,,," 1836",",,X","  225","W,,X","  175",",,X",,,,,,,,,,,,
"AYW00087701","1959-11-22","-72.29444","170.30833","5.2","ADARE HALLETT, AY","    0",",,X","    0",",,X","   25",",,X","  -44",",,X","  -78",",,X",,,,," 1054",",,X","  225","W,,X","  247",",,X",,,,,,,,,,,,
"AYW00087701","1959-11-23","-72.29444","170.30833","5.2","ADARE HALLETT, AY","    0","T,,X","    0","T,,X","   25",",,X","  -50",",,X","  -78",",,X",,,,," 0736",",,X","  203","W,,X","  200",",,X",,,,,,,,,,,,
"AYW00087701","1959-11-24","-72.29444","170.30833","5.2","ADARE HALLETT, AY","    0",",,X","    0",",,X","   25",",,X","  -28",",,X","  -67",",,X",,,,," 0436",",,X","  203","W,,X","  159",",,X",,,,,,,,,,,,
"AYW00087701","1959-11-25","-72.29444","170.30833","5.2","ADARE HALLETT, AY","    0","T,,X","    0","T,,X","   25",",,X","  -33",",,X"," -100",",,X",,,,," 1818",",,X","  135","W,,X","   82",",,X",,,,,,,,,,,,
"AYW00087701","1959-11-26","-72.29444","170.30833","5.2","ADARE HALLETT, AY","   25",",,X","   28",",,X","   51",",,X","  -44",",,X","  -67",",,X",,,,," 1648",",,X","  203","W,,X","  164",",,X",,,,,,,,,,,,
"AYW00087701","1959-11-27","-72.29444","170.30833","5.2","ADARE HALLETT, AY","    0",",,X","    0",",,X","   25",",,X","  -28",",,X","  -67",",,X",,,,," 1924",",,X","   90","W,,X","  108",",,X",,,,,,,,,,,,
"AYW00087701","1959-11-28","-72.29444","170.30833","5.2","ADARE HALLETT, AY","    0","T,,X","    0","T,,X","   25",",,X","  -44",",,X","  -67",",,X",,,,," 1630",",,X","  135","W,,X","  103",",,X",,,,,,,,,,,,
"AYW00087701","1959-11-29","-72.29444","170.30833","5.2","ADARE HALLETT, AY","    0","T,,X","    0","T,,X","   25",",,X","  -39",",,X","  -72",",,X",,,,," 1636",",,X","  225","W,,X","   98",",,X",,,,,,,,,,,,
"AYW00087701","1959-11-30","-72.29444","170.30833","5.2","ADARE HALLETT, AY","    0",",,X","    0",",,X","   25",",,X","  -17",",,X","  -72",",,X",,,,," 2212",",,X","  225","W,,X","   93",",,X",,,,,,,,,,,,
"AYW00087701","1959-12-01","-72.29444","170.30833","5.2","ADARE HALLETT, AY","    0",",,X","    0",",,X","    0",",,X","  -22",",,X","  -67",",,X",,,,," 2000",",,X","  135","W,,X","  129",",,X",,,,,,,,,,,,
"AYW00087701","1959-12-02","-72.29444","170.30833","5.2","ADARE HALLETT, AY","    0","T,,X","    0","T,,X","    0",",,X","  -17",",,X"," -100",",,X",,,,," 1212",",,X","  113","W,,X","   87",",,X",,,,,,,,,,,,
"AYW00087701","1959-12-03","-72.29444","170.30833","5.2","ADARE HALLETT, AY","   10",",,X","   10",",,X","    0",",,X","  -33",",,X","  -61",",,X",,,,," 1136",",,X","   90","W,,X","   67",",,X",,,,,,,,,,,,
"AYW00087701","1959-12-04","-72.29444","170.30833","5.2","ADARE HALLETT, AY","    0","T,,X","    0","T,,X","    0",",,X","  -33",",,X","  -94",",,X",,,,," 2006",",,X","   68","W,,X","   41",",,X",,,,,,,,,,,,
"AYW00087701","1959-12-05","-72.29444","170.30833","5.2","ADARE HALLETT, AY","    0","T,,X","    0","T,,X","    0",",,X","  -44",",,X"," -117",",,X",,,,," 0454",",,X","  203","W,,X","   46",",,X",,,,,,,,,,,,
"AYW00087701","1959-12-06","-72.29444","170.30833","5.2","ADARE HALLETT, AY","    0",",,X","    0",",,X","    0",",,X","  -39",",,X"," -117",",,X",,,,," 1154",",,X","  158","W,,X","  103",",,X",,,,,,,,,,,,
"AYW00087701","1959-12-07","-72.29444","170.30833","5.2","ADARE HALLETT, AY","    0",",,X","    0",",,X","    0",",,X","   11",",,X","  -83",",,X",,,,," 2312",",,X","  180","W,,X","  190",",,X",,,,,,,,,,,,
"AYW00087701","1959-12-08","-72.29444","170.30833","5.2","ADARE HALLETT, AY","    0",",,X","    0",",,X","    0",",,X","   39",",,X","  -17",",,X",,,,," 2100",",,X","  180","W,,X","  216",",,X",,,,,,,,,,,,
"AYW00087701","1959-12-09","-72.29444","170.30833","5.2","ADARE HALLETT, AY","    0",",,X","    0",",,X","    0",",,X","  -11",",,X","  -22",",,X",,,,," 1654",",,X","  203","W,,X","  247",",,X",,,,,,,,,,,,
"AYW00087701","1959-12-10","-72.29444","170.30833","5.2","ADARE HALLETT, AY","    0",",,X","    0",",,X","    0",",,X","   11",",,X","  -28",",,X",,,,," 0842",",,X","  180","W,,X","  159",",,X",,,,,,,,,,,,
"AYW00087701","1959-12-11","-72.29444","170.30833","5.2","ADARE HALLETT, AY","    0",",,X","    0",",,X","    0",",,X","   -6",",,X","  -39",",,X",,,,," 0000",",,X","   45","W,,X","   82",",,X",,,,,,,,,,,,
"AYW00087701","1959-12-12","-72.29444","170.30833","5.2","ADARE HALLETT, AY","    0",",,X","    0",",,X","    0",",,X","   17",",,X","  -33",",,X",,,,," 0542",",,X","  180","W,,X","  175",",,X",,,,,,,,,,,,
"AYW00087701","1959-12-13","-72.29444","170.30833","5.2","ADARE HALLETT, AY","    0",",,X","    0",",,X","    0",",,X","   11",",,X","  -56",",,X",,,,," 1454",",,X","  203","W,,X","  123",",,X",,,,,,,,,,,,
"AYW00087701","1959-12-14","-72.29444","170.30833","5.2","ADARE HALLETT, AY","    0",",,X","    0",",,X","    0",",,X","   22",",,X","  -28",",,X",,,,," 1224",",,X","   45","W,,X","   46",",,X",,,,,,,,,,,,
"AYW00087701","1959-12-15","-72.29444","170.30833","5.2","ADARE HALLETT, AY","    0",",,X","    0",",,X","    0",",,X","   33",",,X","  -50",",,X",,,,," 1842",",,X","  113","W,,X","   62",",,X",,,,,,,,,,,,
"AYW00087701","1959-12-16","-72.29444","170.30833","5.2","ADARE HALLETT, AY","    0",",,X","    0",",,X","    0",",,X","   22",",,X","  -67",",,X",,,,," 2336",",,X","  180","W,,X","   21",",,X",,,,,,,,,,,,
"AYW00087701","1959-12-17","-72.29444","170.30833","5.2","ADARE HALLETT, AY","    0",",,X","    0",",,X","    0",",,X","   22",",,X","  -61",",,X",,,,," 1542",",,X","  315","W,,X","   51",",,X",,,,,,,,,,,,
"AYW00087701","1959-12-18","-72.29444","170.30833","5.2","ADARE HALLETT, AY","    0",",,X","    0",",,X","    0",",,X","   28",",,X","  -28",",,X",,,,," 0836",",,X","  315","W,,X","   57",",,X",,,,,,,,,,,,
"AYW00087701","1959-12-19","-72.29444","170.30833","5.2","ADARE HALLETT, AY","    0",",,X","    0",",,X","    0",",,X","   50",",,X","  -50",",,X",,,,," 0836",",,X","  270","W,,X","   62",",,X",,,,,,,,,,,,
"AYW00087701","1959-12-20","-72.29444","170.30833","5.2","ADARE HALLETT, AY","    0",",,X","    0",",,X","    0",",,X","   50",",,X","  -56",",,X",,,,," 1512",",,X","   45","W,,X","   57",",,X",,,,,,,,,,,,
"AYW00087701","1959-12-21","-72.29444","170.30833","5.2","ADARE HALLETT, AY","    0",",,X","    0",",,X","    0",",,X","   67",",,X","  -17",",,X",,,,," 2354",",,X","  203","W,,X","  149",",,X",,,,,,,,,,,,
"AYW00087701","1959-12-22","-72.29444","170.30833","5.2","ADARE HALLETT, AY","    0","T,,X","    0","T,,X","    0",",,X","   22",",,X","  -11",",,X",,,,," 0000",",,X","  203","W,,X","  149",",,X",,,,,,,,,,,,
"AYW00087701","1959-12-23","-72.29444","170.30833","5.2","ADARE HALLETT, AY","    0",",,X","    0",",,X","    0",",,X","   22",",,X","  -11",",,X",,,,," 1218",",,X","  203","W,,X","  123",",,X",,,,,,,,,,,,
"AYW00087701","1959-12-24","-72.29444","170.30833","5.2","ADARE HALLETT, AY","    0",",,X","    0",",,X","    0",",,X","   22",",,X","  -56",",,X",,,,," 1412",",,X","   45","W,,X","   57",",,X",,,,,,,,,,,,
"AYW00087701","1959-12-25","-72.29444","170.30833","5.2","ADARE HALLETT, AY","    0",",,X","    0",",,X","    0",",,X","   33",",,X","  -22",",,X",,,,," 1348",",,X","  315","W,,X","   36",",,X",,,,,,,,,,,,
"AYW00087701","1959-12-26","-72.29444","170.30833","5.2","ADARE HALLETT, AY","    0",",,X","    0",",,X","    0",",,X","   33",",,X","  -56",",,X",,,,," 0618",",,X","  225","W,,X","   62",",,X",,,,,,,,,,,,
"AYW00087701","1959-12-27","-72.29444","170.30833","5.2","ADARE HALLETT, AY","    0",",,X","    0",",,X","    0",",,X","   39",",,X","  -44",",,X",,,,," 0730",",,X","  113","W,,X","   87",",,X",,,,,,,,,,,,
"AYW00087701","1959-12-28","-72.29444","170.30833","5.2","ADARE HALLETT, AY","    0",",,X","    0",",,X","    0",",,X","   39",",,X","  -33",",,X",,,,," 0536",",,X","  225","W,,X","   98",",,X",,,,,,,,,,,,
"AYW00087701","1959-12-29","-72.29444","170.30833","5.2","ADARE HALLETT, AY","    0","T,,X","    0","T,,X","    0",",,X","    6",",,X","  -22",",,X",,,,," 1854",",,X","   45","W,,X","   51",",,X",,,,,,,,,,,,
"AYW00087701","1959-12-30","-72.29444","170.30833","5.2","ADARE HALLETT, AY","    0",",,X","    0",",,X","    0",",,X","   17",",,X","  -28",",,X",,,,," 1254",",,X","  360","W,,X","   36",",,X",,,,,,,,,,,,
"AYW00087701","1959-12-31","-72.29444","170.30833","5.2","ADARE HALLETT, AY","    0",",,X","    0",",,X","    0",",,X","   17",",,X","  -56",",,X",,,,," 0400",",,X","  315","W,,X","   36",",,X",,,,,,,,,,,,
"AYW00087701","1960-01-01","-72.29444","170.30833","5.2","ADARE HALLETT, AY","   97",",,X","   97",",,X","   76",",,X","  -11",",,X","  -39",",,X",,,,," 2048",",,X","  135","W,,X","  108",",,X",,,,,,,,,,,,
"AYW00087701","1960-01-02","-72.29444","170.30833","5.2","ADARE HALLETT, AY","   10",",,X","   10",",,X","    0",",,X","   28",",,X","  -39",",,X",,,,," 1212",",,X","  203","W,,X","  118",",,X",,,,,,,,,,,,
"AYW00087701","1960-01-03","-72.29444","170.30833","5.2","ADARE HALLETT, AY","    0",",,X","    0",",,X","    0",",,X","   28",",,X","  -17",",,X",,,,," 0530",",,X","  225","W,,X","  123",",,X",,,,,,,,,,,,
"AYW00087701","1960-01-04","-72.29444","170.30833","5.2","ADARE HALLETT, AY","    0",",,X","    0",",,X","    0",",,X","   28",",,X","  -44",",,X",,,,," 0706",",,X","   23","W,,X","   57",",,X",,,,,,,,,,,,
"AYW00087701","1960-01-05","-72.29444","170.30833","5.2","ADARE HALLETT, AY","    0",",,X","    0",",,X","    0",",,X","   17",",,X","  -72",",,X",,,,," 1406",",,X","   45","W,,X","   46",",,X",,,,,,,,,,,,
"AYW00087701","1960-01-06","-72.29444","170.30833","5.2","ADARE HALLETT, AY","    0",",,X","    0",",,X","    0",",,X","   28",",,X","  -67",",,X",,,,," 0224",",,X","  225","W,,X","   82",",,X",,,,,,,,,,,,
"AYW00087701","1960-01-07","-72.29444","170.30833","5.2","ADARE HALLETT, AY","    0","T,,X","    0","T,,X","    0",",,X","   -6",",,X","  -28",",,X",,,,," 0224",",,X","  203","W,,X","   72",",,X",,,,,,,,,,,,
"AYW00087701","1960-01-08","-72.29444","170.30833","5.2","ADARE HALLETT, AY","    0",",,X","    0",",,X","    0",",,X","   22",",,X","  -56",",,X",,,,," 1548",",,X","   23","W,,X","   31",",,X",,,,,,,,,,,,
"AYW00087701","1960-01-09","-72.29444","170.30833","5.2","ADARE HALLETT, AY","    0",",,X","    0",",,X","    0",",,X","   28",",,X","  -72",",,X",,,,," 0930",",,X","  113","W,,X","   93",",,X",,,,,,,,,,,,
"AYW00087701","1960-01-10","-72.29444","170.30833","5.2","ADARE HALLETT, AY","    0",",,X","    0",",,X","    0",",,X","   17",",,X","  -83",",,X",,,,," 1148",",,X","  203","W,,X","   72",",,X",,,,,,,,,,,,
"AYW00087701","1960-01-11","-72.29444","170.30833","5.2","ADARE HALLETT, AY","    0","T,,X","    0","T,,X","    0",",,X","    0",",,X","  -50",",,X",,,,," 0254",",,X","  203","W,,X","  118",",,X",,,,,,,,,,,,
"AYW00087701","1960-01-12","-72.29444","170.30833","5.2","ADARE HALLETT, AY","    0",",,X","    0",",,X","    0",",,X","   17",",,X","  -44",",,X",,,,," 1942",",,X","   68","W,,X","   46",",,X",,,,,,,,,,,,
"AYW00087701","1960-01-13","-72.29444","170.30833","5.2","ADARE HALLETT, AY","    0","T,,X","    0","T,,X","    0",",,X","    0",",,X","  -72",",,X",,,,," 1518",",,X","  113","W,,X","   77",",,X",,,,,,,,,,,,
"AYW00087701","1960-01-14","-72.29444","170.30833","5.2","ADARE HALLETT, AY","    0","T,,X","    0","T,,X","    0",",I,X","   -6",",,X","  -44",",,X",,,,," 1900",",,X","  203","W,,X","  159",",,X",,,,,,,,,,,,
"AYW00087701","1960-01-15","-72.29444","170.30833","5.2","ADARE HALLETT, AY","   38",",,X","   13",",I,X","  127",",I,X","  -11",",,X","  -44",",,X",,,,," 1924",",,X","  203","W,,X","  180",",,X",,,,,,,,,,,,
"AYW00087701","1960-01-16","-72.29444","170.30833","5.2","ADARE HALLETT, AY","    5",",,X","    3",",,X","   25",",,X","  -17",",,X","  -39",",,X",,,,," 2354",",,X","  203","W,,X","  180",",,X",,,,,,,,,,,,
"AYW00087701","1960-01-17","-72.29444","170.30833","5.2","ADARE HALLETT, AY","    0","T,,X","    0","T,,X","    0",",,X","   11",",,X","  -50",",,X",,,,," 0606",",,X","  203","W,,X","  185",",,X",,,,,,,,,,,,
"AYW00087701","1960-01-18","-72.29444","170.30833","5.2","ADARE HALLETT, AY","    0",",,X","    0",",,X","    0",",,X","   22",",,X","  -56",",,X",,,,," 0512",",,X","  203","W,,X","   87",",,X",,,,,,,,,,,,
"AYW00087701","1960-01-19","-72.29444","170.30833","5.2","ADARE HALLETT, AY","    0","T,,X","    0","T,,X","    0",",,X","  -11",",,X","  -50",",,X",,,,," 2354",",,X","  203","W,,X","  164",",,X",,,,,,,,,,,,
"AYW00087701","1960-01-20","-72.29444","170.30833","5.2","ADARE HALLETT, AY","   76",",,X","   74",",,X","   51",",,X","  -17",",,X","  -94",",,X",,,,," 1424",",,X","  203","W,,X","  298",",,X",,,,,,,,,,,,
"AYW00087701","1960-01-21","-72.29444","170.30833","5.2","ADARE HALLETT, AY","  147",",,X","  102",",,X","  127",",,X","  -17",",,X","  -44",",,X",,,,," 0654",",,X","  180","W,,X","  283",",,X",,,,,,,,,,,,
"AYW00087701","1960-01-22","-72.29444","170.30833","5.2","ADARE HALLETT, AY","    0",",,X","    0",",,X","  127",",,X","    0",",,X","  -33",",,X",,,,," 0130",",,X","  203","W,,X","  242",",,X",,,,,,,,,,,,
"AYW00087701","1960-01-23","-72.29444","170.30833","5.2","ADARE HALLETT, AY","    0",",,X","    0",",,X","   76",",,X","    0",",,X","  -50",",,X",,,,," 1518",",,X","  203","W,,X","  185",",,X",,,,,,,,,,,,
"AYW00087701","1960-01-24","-72.29444","170.30833","5.2","ADARE HALLETT, AY","    0",",,X","    0",",,X","   76",",,X","  -11",",,X","  -39",",,X",,,,," 0042",",,X","  203","W,,X","  216",",,X",,,,,,,,,,,,
"AYW00087701","1960-01-25","-72.29444","170.30833","5.2","ADARE HALLETT, AY","    0","T,,X","    0","T,,X","   51",",,X","   -6",",,X","  -44",",,X",,,,," 0118",",,X","  180","W,,X","  278",",,X",,,,,,,,,,,,
"AYW00087701","1960-01-26","-72.29444","170.30833","5.2","ADARE HALLETT, AY","    0",",,X","    0",",,X","   51",",,X","  -22",",,X","  -44",",,X",,,,," 0124",",,X","  203","W,,X","  278",",,X",,,,,,,,,,,,
"AYW00087701","1960-01-27","-72.29444","170.30833","5.2","ADARE HALLETT, AY","    0","T,,X","    0","T,,X","   51",",,X","   -6",",,X","  -61",",,X",,,,," 1506",",,X","  203","W,,X","  195",",,X",,,,,,,,,,,,
"AYW00087701","1960-01-28","-72.29444","170.30833","5.2","ADARE HALLETT, AY","    5",",,X","   13",",,X","   51",",,X","   11",",,X","  -17",",,X",,,,," 0342",",,X","  203","W,,X","   93",",,X",,,,,,,,,,,,
"AYW00087701","1960-01-29","-72.29444","170.30833","5.2","ADARE HALLETT, AY","    5",",,X","    5",",,X","   51",",,X","    6",",,X","  -11",",,X",,,,,,,,,,,,,,,,,,,,,,
"AYW00087701","1960-01-30","-72.29444","170.30833","5.2","ADARE HALLETT, AY","   15",",,X","   20",",,X","   25",",,X","    6",",,X","  -11",",,X",,,,," 0006",",,X","  203","W,,X","  118",",,X",,,,,,,,,,,,
"AYW00087701","1960-01-31","-72.29444","170.30833","5.2","ADARE HALLETT, AY","    0","T,,X","    0","T,,X","   25",",,X","    6",",,X","  -17",",,X",,,,," 0612",",,X","  203","W,,X","   82",",,X",,,,,,,,,,,,
"AYW00087701","1960-02-01","-72.29444","170.30833","5.2","ADARE HALLETT, AY","    0",",,X","    0",",,X","    0",",,X","    0",",,X","  -28",",,X",,,,," 0342",",,X","  315","W,,X","   72",",,X",,,,,,,,,,,,
"AYW00087701","1960-02-02","-72.29444","170.30833","5.2","ADARE HALLETT, AY","    0","T,,X","    0","T,,X","   25",",,X","   11",",,X","  -28",",,X",,,,," 0342",",,X","  315","W,,X","   72",",,X",,,,,,,,,,,,
"AYW00087701","1960-02-03","-72.29444","170.30833","5.2","ADARE HALLETT, AY","   56",",,X","   64",",,X","   76",",,X","   -6",",,X","  -39",",,X",,,,," 0548",",,X","  203","W,,X","   21",",,X",,,,,,,,,,,,
"AYW00087701","1960-02-04","-72.29444","170.30833","5.2","ADARE HALLETT, AY","   13",",,X","   10",",,X","   51",",,X","  -17",",,X","  -39",",,X",,,,," 2224",",,X","  203","W,,X","  103",",,X",,,,,,,,,,,,
"AYW00087701","1960-02-05","-72.29444","170.30833","5.2","ADARE HALLETT, AY","    0","T,,X","    0","T,,X","   25",",,X","   -6",",,X","  -44",",,X",,,,," 0624",",,X","  203","W,,X","  123",",,X",,,,,,,,,,,,
"AYW00087701","1960-02-06","-72.29444","170.30833","5.2","ADARE HALLETT, AY","    0","T,,X","    0","T,,X","    0",",,X","  -11",",,X","  -50",",,X",,,,," 0406",",,X","  203","W,,X","  144",",,X",,,,,,,,,,,,
"AYW00087701","1960-02-07","-72.29444","170.30833","5.2","ADARE HALLETT, AY","    0","T,,X","    0","T,,X","    0","T,,X","  -11",",,X","  -44",",,X",,,,," 0406",",,X","  203","W,,X","  149",",,X",,,,,,,,,,,,
"AYW00087701","1960-02-08","-72.29444","170.30833","5.2","ADARE HALLETT, AY","    0",",,X","    0",",,X","    0",",,X","   11",",,X","  -50",",,X",,,,," 0448",",,X","  225","W,,X","   93",",,X",,,,,,,,,,,,
"AYW00087701","1960-02-09","-72.29444","170.30833","5.2","ADARE HALLETT, AY","   15",",,X","   15",",,X","   25",",,X","  -22",",,X","  -56",",,X",,,,," 2230",",,X","  203","W,,X","  159",",,X",,,,,,,,,,,,
"AYW00087701","1960-02-10","-72.29444","170.30833","5.2","ADARE HALLETT, AY","   13",",,X","   10",",,X","   25",",,X","  -33",",,X","  -72",",,X",,,,," 2236",",,X","  180","W,,X","  175",",,X",,,,,,,,,,,,
"AYW00087701","1960-02-11","-72.29444","170.30833","5.2","ADARE HALLETT, AY","    0","T,,X","    0","T,,X","   25",",,X","   -6",",,X","  -67",",,X",,,,," 0612",",,X","  180","W,,X","  231",",,X",,,,,,,,,,,,
"AYW00087701","1960-02-12","-72.29444","170.30833","5.2","ADARE HALLETT, AY","    0",",,X","    0",",,X","    0",",,X","    0",",,X","  -67",",,X",,,,," 0106",",,X","  203","W,,X","   51",",,X",,,,,,,,,,,,
"AYW00087701","1960-02-13","-72.29444","170.30833","5.2","ADARE HALLETT, AY","   46",",,X","   89",",,X","  102",",,X","  -22",",,X","  -61",",,X",,,,," 0518",",,X","  203","W,,X","   26",",,X",,,,,,,,,,,,
"AYW00087701","1960-02-14","-72.29444","170.30833","5.2","ADARE HALLETT, AY","    0","T,,X","    0","T,,X","   76",",,X","  -22",",,X","  -50",",,X",,,,," 2354",",,X","  203","W,,X","  134",",,X",,,,,,,,,,,,
"AYW00087701","1960-02-15","-72.29444","170.30833","5.2","ADARE HALLETT, AY","    0","T,,X","    0","T,,X","   76",",,X","  -33",",,X","  -72",",,X",,,,," 2106",",,X","  180","W,,X","  298",",,X",,,,,,,,,,,,
"AYW00087701","1960-02-16","-72.29444","170.30833","5.2","ADARE HALLETT, AY","    0","T,,X","    0","T,,X","   76",",,X","  -50",",,X","  -78",",,X",,,,," 0524",",,X","  180","W,,X","  329",",,X",,,,,,,,,,,,
"AYW00087701","1960-02-17","-72.29444","170.30833","5.2","ADARE HALLETT, AY","    0",",,X","    0",",,X","   51",",,X","  -11",",,X","  -56",",,X",,,,," 0000",",,X","  180","W,,X","  267",",,X",,,,,,,,,,,,
"AYW00087701","1960-02-18","-72.29444","170.30833","5.2","ADARE HALLETT, AY","    0","T,,X","    0","T,,X","   51",",,X","  -28",",,X","  -61",",,X",,,,," 2330",",,X","  225","W,,X","   67",",,X",,,,,,,,,,,,
"AYW00087701","1960-02-19","-72.29444","170.30833","5.2","ADARE HALLETT, AY","    0","T,,X","    0","T,,X","   51",",,X","  -56",",,X","  -78",",,X",,,,," 0600",",,X","  203","W,,X","  113",",,X",,,,,,,,,,,,
"AYW00087701","1960-02-20","-72.29444","170.30833","5.2","ADARE HALLETT, AY","    0","T,,X","    0","T,,X","   51",",,X","  -50",",,X","  -83",",,X",,,,," 2300",",,X","  180","W,,X","   21",",,X",,,,,,,,,,,,
"AYW00087701","1960-02-21","-72.29444","170.30833","5.2","ADARE HALLETT, AY","    0","T,,X","    0","T,,X","   51",",,X","  -44",",,X","  -83",",,X",,,,," 1230",",,X","  270","W,,X","   31",",,X",,,,,,,,,,,,
"AYW00087701","1960-02-22","-72.29444","170.30833","5.2","ADARE HALLETT, AY","    0","T,,X","    0","T,,X","   51",",,X","  -50",",,X","  -83",",,X",,,,," 2054",",,X","  180","W,,X","  236",",,X",,,,,,,,,,,,
"AYW00087701","1960-02-23","-72.29444","170.30833","5.2","ADARE HALLETT, AY","    0",",,X","    0",",,X","   51",",,X","  -28",",,X","  -83",",,X",,,,," 0036",",,X","  180","W,,X","  226",",,X",,,,,,,,,,,,
"AYW00087701","1960-02-24","-72.29444","170.30833","5.2","ADARE HALLETT, AY","    0","T,,X","    0","T,,X","   51",",,X","  -28",",,X","  -78",",,X",,,,," 0700",",,X","  203","W,,X","   51",",,X",,,,,,,,,,,,
"AYW00087701","1960-02-25","-72.29444","170.30833","5.2","ADARE HALLETT, AY","    0","T,,X","    0","T,,X","   51",",,X","  -33",",,X","  -78",",,X",,,,," 2230",",,X","  203","W,,X","   51",",,X",,,,,,,,,,,,
"AYW00087701","1960-02-26","-72.29444","170.30833","5.2","ADARE HALLETT, AY","   18",",,X","   18",",,X","   76",",,X","   -6",",,X","  -61",",,X",,,,," 0530",",,X","  203","W,,X","   46",",,X",,,,,,,,,,,,
"AYW00087701","1960-02-27","-72.29444","170.30833","5.2","ADARE HALLETT, AY","    0","T,,X","    0","T,,X","   76",",,X","  -28",",,X","  -83",",,X",,,,," 0512",",,X","  135","W,,X","   26",",,X",,,,,,,,,,,,
"AYW00087701","1960-02-28","-72.29444","170.30833","5.2","ADARE HALLETT, AY","    0",",,X","    0",",,X","   76",",,X","  -44",",,X","  -83",",,X",,,,," 1248",",,X","  203","W,,X","  129",",,X",,,,,,,,,,,,
"AYW00087701","1960-02-29","-72.29444","170.30833","5.2","ADARE HALLETT, AY","    8",",,X","    5",",,X","   76",",,X","  -39",",,X","  -72",",,X",,,,," 0030",",,X","  225","W,,X","   51",",,X",,,,,,,,,,,,
"AYW00087701","1960-03-01","-72.29444","170.30833","5.2","ADARE HALLETT, AY","   18",",,X","   15",",,X","   76",",,X","  -61",",,X","  -83",",,X",,,,," 1530",",,X","  225","W,,X","   82",",,X",,,,,,,,,,,,
"AYW00087701","1960-03-02","-72.29444","170.30833","5.2","ADARE HALLETT, AY","   10",",,X","    3",",,X","   76",",,X","  -33",",,X","  -83",",,X",,,,," 0000",",,X","  203","W,,X","   62",",,X",,,,,,,,,,,,
"AYW00087701","1960-03-03","-72.29444","170.30833","5.2","ADARE HALLETT, AY","    0",",,X","    0",",,X","   76",",,X","  -22",",,X","  -83",",,X",,,,," 2048",",,X","  225","W,,X","   77",",,X",,,,,,,,,,,,
"AYW00087701","1960-03-04","-72.29444","170.30833","5.2","ADARE HALLETT, AY","    0","T,,X","    0","T,,X","   76",",,X","  -61",",,X"," -111",",,X",,,,," 0554",",,X","  203","W,,X","  134",",,X",,,,,,,,,,,,
"AYW00087701","1960-03-05","-72.29444","170.30833","5.2","ADARE HALLETT, AY","    0","T,,X","    0","T,,X","   76",",,X","  -72",",,X"," -111",",,X",,,,," 2124",",,X","  225","W,,X","  154",",,X",,,,,,,,,,,,
"AYW00087701","1960-03-06","-72.29444","170.30833","5.2","ADARE HALLETT, AY","    0",",,X","    0",",,X","   76",",,X","  -78",",,X"," -106",",,X",,,,," 0030",",,X","  203","W,,X","  149",",,X",,,,,,,,,,,,
"AYW00087701","1960-03-07","-72.29444","170.30833","5.2","ADARE HALLETT, AY","    0","T,,X","    0","T,,X","   76",",,X","  -83",",,X"," -111",",,X",,,,," 0024",",,X","  225","W,,X","   82",",,X",,,,,,,,,,,,
"AYW00087701","1960-03-08","-72.29444","170.30833","5.2","ADARE HALLETT, AY","   10",",,X","   38",",,X","  127",",,X","  -78",",,X"," -100",",,X",,,,," 1236",",,X","  293","W,,X","   46",",,X",,,,,,,,,,,,
"AYW00087701","1960-03-09","-72.29444","170.30833","5.2","ADARE HALLETT, AY","    0","T,,X","    0","T,,X","  102",",,X","  -83",",,X"," -100",",,X",,,,," 0448",",,X","  225","W,,X","   57",",,X",,,,,,,,,,,,
"AYW00087701","1960-03-10","-72.29444","170.30833","5.2","ADARE HALLETT, AY","   10",",,X","   25",",,X","  127",",,X","  -94",",,X"," -144",",,X",,,,," 0836",",,X","  113","W,,X","   93",",,X",,,,,,,,,,,,
"AYW00087701","1960-03-11","-72.29444","170.30833","5.2","ADARE HALLETT, AY","    0","T,,X","    0","T,,X","  102",",,X","  -72",",,X"," -139",",,X",,,,," 1642",",,X","  338","W,,X","   67",",,X",,,,,,,,,,,,
"AYW00087701","1960-03-12","-72.29444","170.30833","5.2","ADARE HALLETT, AY","    0","T,,X","    0","T,,X","  102",",,X"," -106",",,X"," -133",",,X",,,,," 2312",",,X","  203","W,,X","  103",",,X",,,,,,,,,,,,
"AYW00087701","1960-03-13","-72.29444","170.30833","5.2","ADARE HALLETT, AY","    0","T,,X","    0","T,,X","  102",",,X","  -89",",,X"," -128",",,X",,,,," 1912",",,X","  113","W,,X","   98",",,X",,,,,,,,,,,,
"AYW00087701","1960-03-14","-72.29444","170.30833","5.2","ADARE HALLETT, AY","    0","T,,X","    0","T,,X","  102",",,X","  -89",",,X"," -139",",,X",,,,," 1706",",,X","  203","W,,X","  154",",,X",,,,,,,,,,,,
"AYW00087701","1960-03-15","-72.29444","170.30833","5.2","ADARE HALLETT, AY","    0","T,,X","    0","T,,X","  102",",,X"," -122",",,X"," -156",",,X",,,,," 0248",",,X","  203","W,,X","   72",",,X",,,,,,,,,,,,
"AYW00087701","1960-03-16","-72.29444","170.30833","5.2","ADARE HALLETT, AY","    0","T,,X","    0","T,,X","  102",",,X"," -100",",,X"," -167",",,X",,,,," 1742",",,X","  248","W,,X","   41",",,X",,,,,,,,,,,,
"AYW00087701","1960-03-17","-72.29444","170.30833","5.2","ADARE HALLETT, AY","    0","T,,X","    0","T,,X","  102",",,X"," -117",",,X"," -183",",,X",,,,," 0248",",,X","  225","W,,X","   72",",,X",,,,,,,,,,,,
"AYW00087701","1960-03-18","-72.29444","170.30833","5.2","ADARE HALLETT, AY","    0",",,X","    0",",,X","   76",",,X"," -128",",,X"," -183",",,X",,,,," 1812",",,X","  225","W,,X","  164",",,X",,,,,,,,,,,,
"AYW00087701","1960-03-19","-72.29444","170.30833","5.2","ADARE HALLETT, AY","    0","T,,X","    0","T,,X","   76",",,X"," -122",",,X"," -194",",,X",,,,," 0918",",,X","  113","W,,X","   62",",,X",,,,,,,,,,,,
"AYW00087701","1960-03-20","-72.29444","170.30833","5.2","ADARE HALLETT, AY","    0",",,X","    0",",,X","   76",",,X"," -150",",,X"," -211",",,X",,,,," 1218",",,X","  225","W,,X","   67",",,X",,,,,,,,,,,,
"AYW00087701","1960-03-21","-72.29444","170.30833","5.2","ADARE HALLETT, AY","    0",",,X","    0",",,X","   76",",,X"," -128",",,X"," -211",",,X",,,,," 0118",",,X","  225","W,,X","   62",",,X",,,,,,,,,,,,
"AYW00087701","1960-03-22","-72.29444","170.30833","5.2","ADARE HALLETT, AY","    0","T,,X","    0","T,,X","   76",",,X"," -128",",,X"," -167",",,X",,,,," 1754",",,X","  225","W,,X","   31",",,X",,,,,,,,,,,,
"AYW00087701","1960-03-23","-72.29444","170.30833","5.2","ADARE HALLETT, AY","    0","T,,X","    0","T,,X","   76",",,X"," -139",",,X"," -172",",,X",,,,," 2142",",,X","  113","W,,X","   62",",,X",,,,,,,,,,,,
"AYW00087701","1960-03-24","-72.29444","170.30833","5.2","ADARE HALLETT, AY","   79",",,X","  102",",,X","  178",",,X"," -133",",,X"," -172",",,X",,,,," 2142",",,X","  203","W,,X","  272",",,X",,,,,,,,,,,,
"AYW00087701","1960-03-25","-72.29444","170.30833","5.2","ADARE HALLETT, AY","    0","T,,X","    0","T,,X","  178",",,X"," -117",",,X"," -178",",,X",,,,," 0318",",,X","  180","W,,X","  267",",,X",,,,,,,,,,,,
"AYW00087701","1960-03-26","-72.29444","170.30833","5.2","ADARE HALLETT, AY","    0","T,,X","    0","T,,X","  178",",,X"," -144",",,X"," -178",",,X",,,,," 1218",",,X","  203","W,,X","   41",",,X",,,,,,,,,,,,
"AYW00087701","1960-03-27","-72.29444","170.30833","5.2","ADARE HALLETT, AY","    0","T,,X","    0","T,,X","  152",",,X"," -144",",,X"," -183",",,X",,,,," 1930",",,X","  225","W,,X","   93",",,X",,,,,,,,,,,,
"AYW00087701","1960-03-28","-72.29444","170.30833","5.2","ADARE HALLETT, AY","    0","T,,X","    0","T,,X","  102",",,X"," -144",",,X"," -189",",,X",,,,," 0606",",,X","  225","W,,X","  149",",,X",,,,,,,,,,,,
"AYW00087701","1960-03-29","-72.29444","170.30833","5.2","ADARE HALLETT, AY","    0","T,,X","    0","T,,X","  102",",,X"," -161",",,X"," -189",",,X",,,,," 2142",",,X","  248","W,,X","   57",",,X",,,,,,,,,,,,
"AYW00087701","1960-03-30","-72.29444","170.30833","5.2","ADARE HALLETT, AY","    0","T,,X","    0","T,,X","  102",",,X"," -139",",,X"," -189",",,X",,,,," 1830",",,X","  113","W,,X","   98",",,X",,,,,,,,,,,,
"AYW00087701","1960-03-31","-72.29444","170.30833","5.2","ADARE HALLETT, AY","    0","T,,X","    0","T,,X","  102",",,X"," -161",",,X"," -206",",,X",,,,," 1142",",,X","  225","W,,X","  242",",,X",,,,,,,,,,,,
"AYW00087701","1960-04-01","-72.29444","170.30833","5.2","ADARE HALLETT, AY","    0",",,X","    0",",,X","  102",",,X"," -178",",,X"," -239",",,X",,,,," 1954",",,X","  248","W,,X","  134",",,X",,,,,,,,,,,,
"AYW00087701","1960-04-02","-72.29444","170.30833","5.2","ADARE HALLETT, AY","    0",",,X","    0",",,X","  102",",,X"," -183",",,X"," -239",",,X",,,,," 1836",",,X","  225","W,,X","  139",",,X",,,,,,,,,,,,
"AYW00087701","1960-04-03","-72.29444","170.30833","5.2","ADARE HALLETT, AY","    0",",,X","    0",",,X","  102",",,X"," -194",",,X"," -256",",,X",,,,," 0000",",,X","  225","W,,X","  103",",,X",,,,,,,,,,,,
"AYW00087701","1960-04-04","-72.29444","170.30833","5.2","ADARE HALLETT, AY","    0",",,X","    0",",,X","  102",",,X"," -167",",,X"," -256",",,X",,,,," 0406",",,X","  225","W,,X","  123",",,X",,,,,,,,,,,,
"AYW00087701","1960-04-05","-72.29444","170.30833","5.2","ADARE HALLETT, AY","    0",",,X","    0",",,X","  102",",,X"," -178",",,X"," -250",",,X",,,,," 2200",",,X","  270","W,,X","   36",",,X",,,,,,,,,,,,
"AYW00087701","1960-04-06","-72.29444","170.30833","5.2","ADARE HALLETT, AY","    0",",,X","    0",",,X","  102",",,X"," -183",",,X"," -250",",,X",,,,," 0024",",,X","  225","W,,X","   36",",,X",,,,,,,,,,,,
"AYW00087701","1960-04-07","-72.29444","170.30833","5.2","ADARE HALLETT, AY","    0",",,X","    0",",,X","  102",",,X"," -189",",,X"," -261",",,X",,,,," 1600",",,X","  225","W,,X","   72",",,X",,,,,,,,,,,,
"AYW00087701","1960-04-08","-72.29444","170.30833","5.2","ADARE HALLETT, AY","    0","T,,X","    0","T,,X","  102",",,X"," -178",",,X"," -256",",,X",,,,," 2306",",,X","  203","W,,X","  216",",,X",,,,,,,,,,,,
"AYW00087701","1960-04-09","-72.29444","170.30833","5.2","ADARE HALLETT, AY","    0","T,,X","    0","T,,X","  102",",,X"," -111",",,X"," -178",",,X",,,,," 1154",",,X","  225","W,,X","  375",",,X",,,,,,,,,,,,
"AYW00087701","1960-04-10","-72.29444","170.30833","5.2","ADARE HALLETT, AY","    0","T,,X","    0","T,,X","  102",",,X"," -133",",,X"," -183",",,X",,,,," 0248",",,X","  248","W,,X","  185",",,X",,,,,,,,,,,,
"AYW00087701","1960-04-11","-72.29444","170.30833","5.2","ADARE HALLETT, AY","    8",",,X","    5",",,X","  102",",,X"," -139",",,X"," -178",",,X",,,,," 1436",",,X","  225","W,,X","  211",",,X",,,,,,,,,,,,
"AYW00087701","1960-04-12","-72.29444","170.30833","5.2","ADARE HALLETT, AY","    0",",,X","    0",",,X","  102",",,X"," -178",",,X"," -239",",,X",,,,," 2000",",,X","  225","W,,X","  164",",,X",,,,,,,,,,,,
"AYW00087701","1960-04-13","-72.29444","170.30833","5.2","ADARE HALLETT, AY","    0","T,,X","    0","T,,X","  102",",,X"," -200",",,X"," -261",",,X",,,,," 0100",",,X","  225","W,,X","   82",",,X",,,,,,,,,,,,
"AYW00087701","1960-04-14","-72.29444","170.30833","5.2","ADARE HALLETT, AY","    0","T,,X","    0","T,,X","  102",",,X"," -233",",,X"," -294",",,X",,,,," 0412",",,X","  225","W,,X","   31",",,X",,,,,,,,,,,,
"AYW00087701","1960-04-15","-72.29444","170.30833","5.2","ADARE HALLETT, AY","    0","T,,X","    0","T,,X","  102",",,X"," -233",",,X"," -300",",,X",,,,," 1906",",,X","  225","W,,X","   36",",,X",,,,,,,,,,,,
"AYW00087701","1960-04-16","-72.29444","170.30833","5.2","ADARE HALLETT, AY","    0","T,,X","    0","T,,X","  102",",,X"," -211",",,X"," -267",",,X",,,,," 0936",",,X","  203","W,,X","   72",",,X",,,,,,,,,,,,
"AYW00087701","1960-04-17","-72.29444","170.30833","5.2","ADARE HALLETT, AY","    0","T,,X","    0","T,,X","  102",",,X"," -150",",,X"," -256",",,X",,,,," 1018",",,X","   90","W,,X","   51",",,X",,,,,,,,,,,,
"AYW00087701","1960-04-18","-72.29444","170.30833","5.2","ADARE HALLETT, AY","   56",",,X","   64",",,X","  178",",,X"," -111",",,X"," -206",",,X",,,,," 2236",",,X","  225","W,,X","  247",",,X",,,,,,,,,,,,
"AYW00087701","1960-04-19","-72.29444","170.30833","5.2","ADARE HALLETT, AY","   66",",,X","   53",",,X","  229",",,X"," -133",",,X"," -167",",,X",,,,," 0024",",,X","  248","W,,X","  170",",,X",,,,,,,,,,,,
"AYW00087701","1960-04-20","-72.29444","170.30833","5.2","ADARE HALLETT, AY","   13",",,X","   13",",,X","  229",",,X"," -117",",,X"," -161",",,X",,,,," 2212",",,X","  225","W,,X","  365",",,X",,,,,,,,,,,,
"AYW00087701","1960-04-21","-72.29444","170.30833","5.2","ADARE HALLETT, AY","    0","T,,X","    0","T,,X","  229",",,X"," -139",",,X"," -189",",,X",,,,," 0654",",,X","  225","W,,X","  319",",,X",,,,,,,,,,,,
"AYW00087701","1960-04-22","-72.29444","170.30833","5.2","ADARE HALLETT, AY","    0","T,,X","    0","T,,X","  229",",,X"," -150",",,X"," -194",",,X",,,,," 2306",",,X","  248","W,,X","   57",",,X",,,,,,,,,,,,
"AYW00087701","1960-04-23","-72.29444","170.30833","5.2","ADARE HALLETT, AY","    0","T,,X","    0","T,,X","  229",",,X"," -172",",,X"," -217",",,X",,,,," 0806",",,X","  225","W,,X","   87",",,X",,,,,,,,,,,,
"AYW00087701","1960-04-24","-72.29444","170.30833","5.2","ADARE HALLETT, AY","    0","T,,X","    0","T,,X","  229",",,X"," -211",",,X"," -294",",,X",,,,," 0300",",,X","  113","W,,X","   57",",,X",,,,,,,,,,,,
"AYW00087701","1960-04-25","-72.29444","170.30833","5.2","ADARE HALLETT, AY","    0",",,X","    0",",,X","  229",",,X"," -200",",,X"," -294",",,X",,,,," 2336",",,X","  248","W,,X","   82",",,X",,,,,,,,,,,,
"AYW00087701","1960-04-26","-72.29444","170.30833","5.2","ADARE HALLETT, AY","    0","T,,X","    0","T,,X","  229",",,X"," -133",",,X"," -233",",,X",,,,," 1230",",,X","  203","W,,X","  200",",,X",,,,,,,,,,,,
"AYW00087701","1960-04-27","-72.29444","170.30833","5.2","ADARE HALLETT, AY","    0",",,X","    0",",,X","  229",",,X"," -200",",,X"," -272",",,X",,,,," 2006",",,X","  270","W,,X","   31",",,X",,,,,,,,,,,,
"AYW00087701","1960-04-28","-72.29444","170.30833","5.2","ADARE HALLETT, AY","    0",",,X","    0",",,X","  229",",,X"," -222",",,X"," -294",",,X",,,,," 1412",",,X","  248","W,,X","   41",",,X",,,,,,,,,,,,
"AYW00087701","1960-04-29","-72.29444","170.30833","5.2","ADARE HALLETT, AY","    0",",,X","    0",",,X","  229",",,X"," -183",",,X"," -267",",,X",,,,," 0054",",,X","  248","W,,X","   57",",,X",,,,,,,,,,,,
"AYW00087701","1960-04-30","-72.29444","170.30833","5.2","ADARE HALLETT, AY","   56",",,X","   56",",,X","  279",",,X"," -161",",,X"," -200",",,X",,,,," 1118",",,X","  225","W,,X","  185",",,X",,,,,,,,,,,,
"AYW00087701","1960-05-01","-72.29444","170.30833","5.2","ADARE HALLETT, AY","    0","T,,X","    0","T,,X","  279",",,X"," -156",",,X"," -256",",,X",,,,," 0642",",,X","  225","W,,X","  129",",,X",,,,,,,,,,,,
"AYW00087701","1960-05-02","-72.29444","170.30833","5.2","ADARE HALLETT, AY","    0","T,,X","    0","T,,X","  279",",,X"," -217",",,X"," -317",",,X",,,,," 2100",",,X","  225","W,,X","   51",",,X",,,,,,,,,,,,
"AYW00087701","1960-05-03","-72.29444","170.30833","5.2","ADARE HALLETT, AY","    0","T,,X","    0","T,,X","  279",",,X"," -167",",,X"," -294",",,X",,,,," 0236",",,X","  135","W,,X","  123",",,X",,,,,,,,,,,,
"AYW00087701","1960-05-04","-72.29444","170.30833","5.2","ADARE HALLETT, AY","    0",",,X","    0",",,X","  279",",,X"," -233",",,X"," -317",",,X",,,,," 0530",",,X","  248","W,,X","   41",",,X",,,,,,,,,,,,
"AYW00087701","1960-05-05","-72.29444","170.30833","5.2","ADARE HALLETT, AY","    0",",,X","    0",",,X","  279",",,X"," -239",",,X"," -333",",,X",,,,," 2006",",,X","  225","W,,X","   51",",,X",,,,,,,,,,,,
"AYW00087701","1960-05-06","-72.29444","170.30833","5.2","ADARE HALLETT, AY","    0",",,X","    0",",,X","  279",",,X"," -239",",,X"," -317",",,X",,,,," 0218",",,X","  225","W,,X","   62",",,X",,,,,,,,,,,,
"AYW00087701","1960-05-07","-72.29444","170.30833","5.2","ADARE HALLETT, AY","    0",",,X","    0",",,X","  279",",,X"," -206",",,X"," -339",",,X",,,,," 0112",",,X","  248","W,,X","   51",",,X",,,,,,,,,,,,
"AYW00087701","1960-05-08","-72.29444","170.30833","5.2","ADARE HALLETT, AY","    0","T,,X","    0","T,,X","  279",",,X"," -189",",,X"," -317",",,X",,,,," 2142",",,X","  225","W,,X","  134",",,X",,,,,,,,,,,,
"AYW00087701","1960-05-09","-72.29444","170.30833","5.2","ADARE HALLETT, AY","    0","T,,X","    0","T,,X","  279",",,X"," -183",",,X"," -244",",,X",,,,," 0742",",,X","  225","W,,X","  185",",,X",,,,,,,,,,,,
"AYW00087701","1960-05-10","-72.29444","170.30833","5.2","ADARE HALLETT, AY","    0","T,,X","    0","T,,X","  279",",,X"," -200",",,X"," -317",",,X",,,,," 0500",",,X","  225","W,,X","   51",",,X",,,,,,,,,,,,
"AYW00087701","1960-05-11","-72.29444","170.30833","5.2","ADARE HALLETT, AY","    0",",,X","    0",",,X","  279",",,X"," -222",",,X"," -317",",,X",,,,," 1136",",,X","  248","W,,X","   67",",,X",,,,,,,,,,,,
"AYW00087701","1960-05-12","-72.29444","170.30833","5.2","ADARE HALLETT, AY","    0",",,X","    0",",,X","  279",",,X"," -217",",,X"," -300",",,X",,,,," 1212",",,X","  248","W,,X","   51",",,X",,,,,,,,,,,,
"AYW00087701","1960-05-13","-72.29444","170.30833","5.2","ADARE HALLETT, AY","    0","T,,X","    0","T,,X","  279",",,X"," -144",",,X"," -239",",,X",,,,," 1830",",,X","  225","W,,X","  154",",,X",,,,,,,,,,,,
"AYW00087701","1960-05-14","-72.29444","170.30833","5.2","ADARE HALLETT, AY","    0",",,X","    0",",,X","  279",",,X"," -183",",,X"," -261",",,X",,,,," 2330",",,X","  225","W,,X","  267",",,X",,,,,,,,,,,,
"AYW00087701","1960-05-15","-72.29444","170.30833","5.2","ADARE HALLETT, AY","    0",",,X","    0",",,X","  254",",,X"," -178",",,X"," -267",",,X",,,,," 0036",",,X","  203","W,,X","  267",",,X",,,,,,,,,,,,
"AYW00087701","1960-05-16","-72.29444","170.30833","5.2","ADARE HALLETT, AY","    0","T,,X","    0","T,,X","  254",",,X"," -211",",,X"," -261",",,X",,,,," 2012",",,X","  248","W,,X","  175",",,X",,,,,,,,,,,,
"AYW00087701","1960-05-17","-72.29444","170.30833","5.2","ADARE HALLETT, AY","    0",",,X","    0",",,X","  254",",,X"," -211",",,X"," -294",",,X",,,,," 0418",",,X","  225","W,,X","   77",",,X",,,,,,,,,,,,
"AYW00087701","1960-05-18","-72.29444","170.30833","5.2","ADARE HALLETT, AY","   28",",,X","   30",",,X","  305",",,X"," -161",",,X"," -250",",,X",,,,," 1848",",,X","  203","W,,X","  308",",,X",,,,,,,,,,,,
"AYW00087701","1960-05-19","-72.29444","170.30833","5.2","ADARE HALLETT, AY","    0",",,X","    0",",,X","  305",",,X"," -144",",,X"," -233",",,X",,,,," 0006",",,X","  225","W,,X","  180",",,X",,,,,,,,,,,,
"AYW00087701","1960-05-20","-72.29444","170.30833","5.2","ADARE HALLETT, AY","    0","T,,X","    0","T,,X","  305",",,X"," -122",",,X"," -239",",,X",,,,," 1718",",,X","  225","W,,X","  144",",,X",,,,,,,,,,,,
"AYW00087701","1960-05-21","-72.29444","170.30833","5.2","ADARE HALLETT, AY","    0",",,X","    0",",,X","  279",",,X"," -128",",,X"," -183",",,X",,,,," 1830",",,X","  203","W,,X","  298",",,X",,,,,,,,,,,,
"AYW00087701","1960-05-22","-72.29444","170.30833","5.2","ADARE HALLETT, AY","    0",",,X","    0",",,X","  279",",,X"," -133",",,X"," -178",",,X",,,,," 0324",",,X","  203","W,,X","  252",",,X",,,,,,,,,,,,
"AYW00087701","1960-05-23","-72.29444","170.30833","5.2","ADARE HALLETT, AY","    0",",,X","    0",",,X","  279",",,X"," -150",",,X"," -178",",,X",,,,," 2206",",,X","  203","W,,X","  308",",,X",,,,,,,,,,,,
"AYW00087701","1960-05-24","-72.29444","170.30833","5.2","ADARE HALLETT, AY","    0",",,X","    0",",,X","  229",",,X"," -122",",,X"," -156",",,X",,,,," 1312",",,X","  203","W,,X","  535",",,X",,,,,,,,,,,,
"AYW00087701","1960-05-25","-72.29444","170.30833","5.2","ADARE HALLETT, AY","    0","T,,X","    0","T,,X","  229",",,X"," -100",",,X"," -189",",,X",,,,," 0254",",,X","  203","W,,X","  411",",,X",,,,,,,,,,,,
"AYW00087701","1960-05-26","-72.29444","170.30833","5.2","ADARE HALLETT, AY","    0","T,,X","    0","T,,X","  229",",,X"," -167",",,X"," -239",",,X",,,,," 1754",",,X","  203","W,,X","  139",",,X",,,,,,,,,,,,
"AYW00087701","1960-05-27","-72.29444","170.30833","5.2","ADARE HALLETT, AY","    0","T,,X","    0","T,,X","  229",",,X"," -222",",,X"," -250",",,X",,,,,,,,,,,,,,,,,,,,,,
"AYW00087701","1960-05-28","-72.29444","170.30833","5.2","ADARE HALLETT, AY","    0",",,X","    0",",,X","  203",",,X"," -217",",,X"," -256",",,X",,,,," 2054",",,X","  203","W,,X","  103",",,X",,,,,,,,,,,,
"AYW00087701","1960-05-29","-72.29444","170.30833","5.2","ADARE HALLETT, AY","    0","T,,X","    0","T,,X","  203",",,X"," -211",",,X"," -267",",,X",,,,,,,,,,,,,,,,,,,,,,
"AYW00087701","1960-05-30","-72.29444","170.30833","5.2","ADARE HALLETT, AY","    0",",,X","    0",",,X","  203",",,X"," -244",",,X"," -306",",,X",,,,,,,,,,,,,,,,,,,,,,
"AYW00087701","1960-05-31","-72.29444","170.30833","5.2","ADARE HALLETT, AY","    0","T,,X","    0","T,,X","  203",",,X"," -194",",,X"," -306",",,X",,,,,,,,,,,,,,,,,,,,,,
"AYW00087701","1960-06-01","-72.29444","170.30833","5.2","ADARE HALLETT, AY","    0","T,,X","    0","T,,X","  178",",,X"," -178",",,X"," -200",",,X",,,,,,,,,,,,,,,,,,,,,,
"AYW00087701","1960-06-02","-72.29444","170.30833","5.2","ADARE HALLETT, AY","    0",",,X","    0",",,X","  178",",,X"," -150",",,X"," -189",",,X",,,,,,,,,,,,,,,,,,,,,,
"AYW00087701","1960-06-03","-72.29444","170.30833","5.2","ADARE HALLETT, AY","    0","T,,X","    0","T,,X","  178",",,X"," -183",",,X"," -283",",,X",,,,,,,,,,,,,,,,,,,,,,
"AYW00087701","1960-06-04","-72.29444","170.30833","5.2","ADARE HALLETT, AY","    0","T,,X","    0","T,,X","  178",",,X"," -261",",,X"," -306",",,X",,,,,,,,,,,,,,,,,,,,,,
"AYW00087701","1960-06-05","-72.29444","170.30833","5.2","ADARE HALLETT, AY","    0",",,X","    0",",,X","  178",",,X"," -206",",,X"," -289",",,X",,,,,,,,,,,,,,,,,,,,,,
"AYW00087701","1960-06-06","-72.29444","170.30833","5.2","ADARE HALLETT, AY","    0",",,X","    0",",,X","  178",",,X"," -206",",,X"," -317",",,X",,,,," 0024",",,X","  225","W,,X","  159",",,X",,,,,,,,,,,,
"AYW00087701","1960-06-07","-72.29444","170.30833","5.2","ADARE HALLETT, AY","    0",",,X","    0",",,X","  178",",,X"," -289",",,X"," -333",",,X",,,,," 1900",",,X","  225","W,,X","   62",",,X",,,,,,,,,,,,
"AYW00087701","1960-06-08","-72.29444","170.30833","5.2","ADARE HALLETT, AY","    0",",,X","    0",",,X","  152",",,X"," -239",",,X"," -322",",,X",,,,," 0918",",,X","  225","W,,X","   57",",,X",,,,,,,,,,,,
"AYW00087701","1960-06-09","-72.29444","170.30833","5.2","ADARE HALLETT, AY","    0",",,X","    0",",,X","  152",",,X"," -200",",,X"," -294",",,X",,,,," 0242",",,X","  270","W,,X","   57",",,X",,,,,,,,,,,,
"AYW00087701","1960-06-10","-72.29444","170.30833","5.2","ADARE HALLETT, AY","    0",",,X","    0",",,X","  152",",,X"," -144",",,X"," -267",",,X",,,,," 2136",",,X","  225","W,,X","   72",",,X",,,,,,,,,,,,
"AYW00087701","1960-06-11","-72.29444","170.30833","5.2","ADARE HALLETT, AY","    0",",,X","    0",",,X","  152",",,X"," -167",",,X"," -244",",,X",,,,," 1230",",,X","  293","W,,X","   72",",,X",,,,,,,,,,,,
"AYW00087701","1960-06-12","-72.29444","170.30833","5.2","ADARE HALLETT, AY","    0",",,X","    0",",,X","  152",",,X"," -161",",,X"," -261",",,X",,,,," 1354",",,X","  225","W,,X","   62",",,X",,,,,,,,,,,,
"AYW00087701","1960-06-13","-72.29444","170.30833","5.2","ADARE HALLETT, AY","    0",",,X","    0",",,X","  152",",,X"," -144",",,X"," -239",",,X",,,,," 2100",",,X","  113","W,,X","   82",",,X",,,,,,,,,,,,
"AYW00087701","1960-06-14","-72.29444","170.30833","5.2","ADARE HALLETT, AY","    0",",,X","    0",",,X","  152",",,X"," -150",",,X"," -233",",,X",,,,," 0212",",,X","  113","W,,X","  129",",,X",,,,,,,,,,,,
"AYW00087701","1960-06-15","-72.29444","170.30833","5.2","ADARE HALLETT, AY","    0",",,X","    0",",,X","  152",",,X"," -222",",,X"," -306",",,X",,,,," 0448",",,X","  225","W,,X","   46",",,X",,,,,,,,,,,,
"AYW00087701","1960-06-16","-72.29444","170.30833","5.2","ADARE HALLETT, AY","    0",",,X","    0",",,X","  152",",,X"," -261",",,X"," -322",",,X",,,,," 1718",",,X","  248","W,,X","   46",",,X",,,,,,,,,,,,
"AYW00087701","1960-06-17","-72.29444","170.30833","5.2","ADARE HALLETT, AY","    0",",,X","    0",",,X","  152",",,X"," -233",",,X"," -322",",,X",,,,," 0000",",,X","  225","W,,X","   36",",,X",,,,,,,,,,,,
"AYW00087701","1960-06-18","-72.29444","170.30833","5.2","ADARE HALLETT, AY","    0","T,,X","    0","T,,X","  152",",,X"," -144",",,X"," -233",",,X",,,,," 1512",",,X","  203","W,,X","  159",",,X",,,,,,,,,,,,
"AYW00087701","1960-06-19","-72.29444","170.30833","5.2","ADARE HALLETT, AY","    0","T,,X","    0","T,,X","  152",",,X"," -144",",,X"," -244",",,X",,,,," 0006",",,X","  225","W,,X","   98",",,X",,,,,,,,,,,,
"AYW00087701","1960-06-20","-72.29444","170.30833","5.2","ADARE HALLETT, AY","    0","T,,X","    0","T,,X","  152",",,X"," -200",",,X"," -267",",,X",,,,," 2154",",,X","   45","W,,X","   62",",,X",,,,,,,,,,,,
"AYW00087701","1960-06-21","-72.29444","170.30833","5.2","ADARE HALLETT, AY","    0","T,,X","    0","T,,X","  152",",,X"," -244",",,X"," -367",",,X",,,,," 0212",",,X","  203","W,,X","   67",",,X",,,,,,,,,,,,
"AYW00087701","1960-06-22","-72.29444","170.30833","5.2","ADARE HALLETT, AY","    0","T,,X","    0","T,,X","  152",",,X"," -294",",,X"," -356",",,X",,,,," 1454",",,X","  225","W,,X","   67",",,X",,,,,,,,,,,,
"AYW00087701","1960-06-23","-72.29444","170.30833","5.2","ADARE HALLETT, AY","    0",",,X","    0",",,X","  152",",,X"," -267",",,X"," -344",",,X",,,,," 0942",",,X","   90","W,,X","  108",",,X",,,,,,,,,,,,
"AYW00087701","1960-06-24","-72.29444","170.30833","5.2","ADARE HALLETT, AY","    0",",,X","    0",",,X","  152",",,X"," -267",",,X"," -322",",,X",,,,," 1142",",,X","  203","W,,X","   51",",,X",,,,,,,,,,,,
"AYW00087701","1960-06-25","-72.29444","170.30833","5.2","ADARE HALLETT, AY","    0",",,X","    0",",,X","  152",",,X"," -100",",,X"," -333",",,X",,,,," 2242",",,X","  203","W,,X","  288",",,X",,,,,,,,,,,,
"AYW00087701","1960-06-26","-72.29444","170.30833","5.2","ADARE HALLETT, AY","    0",",,X","    0",",,X","  152",",,X"," -106",",,X"," -244",",,X",,,,," 0030",",,X","  203","W,,X","  190",",,X",,,,,,,,,,,,
"AYW00087701","1960-06-27","-72.29444","170.30833","5.2","ADARE HALLETT, AY","    0",",,X","    0",",,X","  152",",,X"," -172",",,X"," -256",",,X",,,,," 1848",",,X","  113","W,,X","   82",",,X",,,,,,,,,,,,
"AYW00087701","1960-06-28","-72.29444","170.30833","5.2","ADARE HALLETT, AY","    0","T,,X","    0","T,,X","  152",",,X"," -211",",,X"," -333",",,X",,,,," 0724",",,X","  158","W,,X","   72",",,X",,,,,,,,,,,,
"AYW00087701","1960-06-29","-72.29444","170.30833","5.2","ADARE HALLETT, AY","    0",",,X","    0",",,X","  152",",,X"," -206",",,X"," -339",",,X",,,,," 1100",",,X","  225","W,,X","   77",",,X",,,,,,,,,,,,
"AYW00087701","1960-06-30","-72.29444","170.30833","5.2","ADARE HALLETT, AY","    0",",,X","    0",",,X","  152",",,X"," -217",",,X"," -328",",,X",,,,," 1542",",,X","  360","W,,X","   87",",,X",,,,,,,,,,,,
"AYW00087701","1960-07-01","-72.29444","170.30833","5.2","ADARE HALLETT, AY","    0",",,X","    0",",,X","  152",",,X"," -267",",,X"," -350",",,X",,,,," 2236",",,X","  203","W,,X","  170",",,X",,,,,,,,,,,,
"AYW00087701","1960-07-02","-72.29444","170.30833","5.2","ADARE HALLETT, AY","    0",",,X","    0",",,X","  152",",,X"," -217",",,X"," -278",",,X",,,,," 0024",",,X","  225","W,,X","  252",",,X",,,,,,,,,,,,
"AYW00087701","1960-07-03","-72.29444","170.30833","5.2","ADARE HALLETT, AY","    0","T,,X","    0","T,,X","  152",",,X"," -267",",,X"," -344",",,X",,,,," 1854",",,X","  203","W,,X","   57",",,X",,,,,,,,,,,,
"AYW00087701","1960-07-04","-72.29444","170.30833","5.2","ADARE HALLETT, AY","    0","T,,X","    0","T,,X","  152",",,X"," -283",",,X"," -356",",,X",,,,," 0800",",,X","  248","W,,X","   31",",,X",,,,,,,,,,,,
"AYW00087701","1960-07-05","-72.29444","170.30833","5.2","ADARE HALLETT, AY","    0","T,,X","    0","T,,X","  152",",,X"," -317",",,X"," -367",",,X",,,,," 2018",",,X","  248","W,,X","   26",",,X",,,,,,,,,,,,
"AYW00087701","1960-07-06","-72.29444","170.30833","5.2","ADARE HALLETT, AY","    0",",,X","    0",",,X","  152",",,X"," -333",",,X"," -378",",,X",,,,," 0518",",,X","  225","W,,X","   36",",,X",,,,,,,,,,,,
"AYW00087701","1960-07-07","-72.29444","170.30833","5.2","ADARE HALLETT, AY","    0",",,X","    0",",,X","  152",",,X"," -344",",,X"," -383",",,X",,,,," 0554",",,X","  248","W,,X","   36",",,X",,,,,,,,,,,,
"AYW00087701","1960-07-08","-72.29444","170.30833","5.2","ADARE HALLETT, AY","    0","T,,X","    0","T,,X","  152",",,X"," -300",",,X"," -394",",,X",,,,," 2306",",,X","  225","W,,X","  149",",,X",,,,,,,,,,,,
"AYW00087701","1960-07-09","-72.29444","170.30833","5.2","ADARE HALLETT, AY","    0","T,,X","    0","T,,X","  152",",,X"," -300",",,X"," -367",",,X",,,,," 0212",",,X","  203","W,,X","  231",",,X",,,,,,,,,,,,
"AYW00087701","1960-07-10","-72.29444","170.30833","5.2","ADARE HALLETT, AY","    0","T,,X","    0","T,,X","  152",",,X"," -300",",,X"," -367",",,X",,,,," 1800",",,X","  203","W,,X","   62",",,X",,,,,,,,,,,,
"AYW00087701","1960-07-11","-72.29444","170.30833","5.2","ADARE HALLETT, AY","    0",",,X","    0",",,X","  152",",,X"," -278",",,X"," -350",",,X",,,,," 0930",",,X","  203","W,,X","   77",",,X",,,,,,,,,,,,
"AYW00087701","1960-07-12","-72.29444","170.30833","5.2","ADARE HALLETT, AY","    0",",,X","    0",",,X","  152",",,X"," -300",",,X"," -367",",,X",,,,," 0006",",,X","  225","W,,X","   57",",,X",,,,,,,,,,,,
"AYW00087701","1960-07-13","-72.29444","170.30833","5.2","ADARE HALLETT, AY","    0",",,X","    0",",,X","  152",",,X"," -294",",,X"," -367",",,X",,,,," 1624",",,X","  225","W,,X","   57",",,X",,,,,,,,,,,,
"AYW00087701","1960-07-14","-72.29444","170.30833","5.2","ADARE HALLETT, AY","    0",",,X","    0",",,X","  152",",,X"," -278",",,X"," -372",",,X",,,,," 2136",",,X","  225","W,,X","   51",",,X",,,,,,,,,,,,
"AYW00087701","1960-07-15","-72.29444","170.30833","5.2","ADARE HALLETT, AY","    0",",,X","    0",",,X","  152",",,X"," -267",",,X"," -361",",,X",,,,," 1700",",,X","  225","W,,X","   46",",,X",,,,,,,,,,,,
"AYW00087701","1960-07-16","-72.29444","170.30833","5.2","ADARE HALLETT, AY","    0","T,,X","    0","T,,X","  152",",,X"," -244",",,X"," -361",",,X",,,,," 2006",",,X","  203","W,,X","  123",",,X",,,,,,,,,,,,
"AYW00087701","1960-07-17","-72.29444","170.30833","5.2","ADARE HALLETT, AY","    0","T,,X","    0","T,,X","  152",",,X"," -244",",,X"," -344",",,X",,,,," 0930",",,X","  180","W,,X","   51",",,X",,,,,,,,,,,,
"AYW00087701","1960-07-18","-72.29444","170.30833","5.2","ADARE HALLETT, AY","    0","T,,X","    0","T,,X","  152",",,X"," -289",",,X"," -356",",,X",,,,," 1300",",,X","  225","W,,X","   51",",,X",,,,,,,,,,,,
"AYW00087701","1960-07-19","-72.29444","170.30833","5.2","ADARE HALLETT, AY","    0","T,,X","    0","T,,X","  152",",,X"," -311",",,X"," -367",",,X",,,,," 1506",",,X","  203","W,,X","   41",",,X",,,,,,,,,,,,
"AYW00087701","1960-07-20","-72.29444","170.30833","5.2","ADARE HALLETT, AY","    0","T,,X","    0","T,,X","  152",",,X"," -289",",,X"," -356",",,X",,,,," 2254",",,X","  225","W,,X","   62",",,X",,,,,,,,,,,,
"AYW00087701","1960-07-21","-72.29444","170.30833","5.2","ADARE HALLETT, AY","    0","T,,X","    0","T,,X","  152",",,X"," -233",",,X"," -339",",,X",,,,," 0218",",,X","  248","W,,X","   36",",,X",,,,,,,,,,,,
"AYW00087701","1960-07-22","-72.29444","170.30833","5.2","ADARE HALLETT, AY","   13",",,X","   18",",,X","  178",",,X"," -161",",,X"," -244",",,X",,,,," 0736",",,X","  203","W,,X","  262",",,X",,,,,,,,,,,,
"AYW00087701","1960-07-23","-72.29444","170.30833","5.2","ADARE HALLETT, AY","   38",",,X","   38",",,X","  229",",,X"," -150",",,X"," -222",",,X",,,,," 0036",",,X","  203","W,,X","  164",",,X",,,,,,,,,,,,
"AYW00087701","1960-07-24","-72.29444","170.30833","5.2","ADARE HALLETT, AY","   25",",,X","   25",",,X","  203",",,X"," -178",",,X"," -261",",,X",,,,," 0954",",,X","  203","W,,X","  180",",,X",,,,,,,,,,,,
"AYW00087701","1960-07-25","-72.29444","170.30833","5.2","ADARE HALLETT, AY","   25",",,X","   33",",,X","  203",",,X"," -161",",,X"," -233",",,X",,,,," 2336",",,X","  203","W,,X","  216",",,X",,,,,,,,,,,,
"AYW00087701","1960-07-26","-72.29444","170.30833","5.2","ADARE HALLETT, AY","    0",",,X","    0",",,X","  178",",,X"," -122",",,X"," -189",",,X",,,,," 1500",",,X","  203","W,,X","  257",",,X",,,,,,,,,,,,
"AYW00087701","1960-07-27","-72.29444","170.30833","5.2","ADARE HALLETT, AY","    0","T,,X","    0","T,,X","  127",",,X"," -161",",,X"," -267",",,X",,,,," 0600",",,X","  203","W,,X","  118",",,X",,,,,,,,,,,,
"AYW00087701","1960-07-28","-72.29444","170.30833","5.2","ADARE HALLETT, AY","    0",",,X","    0",",,X","  127",",,X"," -244",",,X"," -311",",,X",,,,," 0642",",,X","  225","W,,X","   41",",,X",,,,,,,,,,,,
"AYW00087701","1960-07-29","-72.29444","170.30833","5.2","ADARE HALLETT, AY","    0","T,,X","    0","T,,X","  127",",,X"," -256",",,X"," -344",",,X",,,,," 0400",",,X","   45","W,,X","   51",",,X",,,,,,,,,,,,
"AYW00087701","1960-07-30","-72.29444","170.30833","5.2","ADARE HALLETT, AY","    0",",,X","    0",",,X","  127",",,X"," -211",",,X"," -333",",,X",,,,," 1442",",,X","  203","W,,X","  113",",,X",,,,,,,,,,,,
"AYW00087701","1960-07-31","-72.29444","170.30833","5.2","ADARE HALLETT, AY","    0",",,X","    0",",,X","  127",",,X"," -139",",,X"," -261",",,X",,,,," 1830",",,X","  180","W,,X","  267",",,X",,,,,,,,,,,,
"AYW00087701","1960-08-01","-72.29444","170.30833","5.2","ADARE HALLETT, AY","    0",",,X","    0",",,X","  127",",,X"," -144",",,X"," -289",",,X",,,,," 0012",",,X","  203","W,,X","  144",",,X",,,,,,,,,,,,
"AYW00087701","1960-08-02","-72.29444","170.30833","5.2","ADARE HALLETT, AY","    0","T,,X","    0","T,,X","  127",",,X"," -200",",,X"," -300",",,X",,,,," 0348",",,X","  203","W,,X","  139",",,X",,,,,,,,,,,,
"AYW00087701","1960-08-03","-72.29444","170.30833","5.2","ADARE HALLETT, AY","    0","T,,X","    0","T,,X","  127",",,X"," -239",",,X"," -322",",,X",,,,," 0218",",,X","  225","W,,X","   51",",,X",,,,,,,,,,,,
"AYW00087701","1960-08-04","-72.29444","170.30833","5.2","ADARE HALLETT, AY","    0","T,,X","    0","T,,X","  127",",,X"," -256",",,X"," -322",",,X",,,,," 0748",",,X","  203","W,,X","   67",",,X",,,,,,,,,,,,
"AYW00087701","1960-08-05","-72.29444","170.30833","5.2","ADARE HALLETT, AY","    0",",,X","    0",",,X","  127",",,X"," -283",",,X"," -372",",,X",,,,," 0012",",,X","  248","W,,X","   41",",,X",,,,,,,,,,,,
"AYW00087701","1960-08-06","-72.29444","170.30833","5.2","ADARE HALLETT, AY","    0",",,X","    0",",,X","  127",",,X"," -250",",,X"," -378",",,X",,,,," 1500",",,X","  225","W,,X","  139",",,X",,,,,,,,,,,,
"AYW00087701","1960-08-07","-72.29444","170.30833","5.2","ADARE HALLETT, AY","    0","T,,X","    0","T,,X","  127",",,X"," -244",",,X"," -333",",,X",,,,," 1936",",,X","  203","W,,X","  103",",,X",,,,,,,,,,,,
"AYW00087701","1960-08-08","-72.29444","170.30833","5.2","ADARE HALLETT, AY","    0",",,X","    0",",,X","  127",",,X"," -272",",,X"," -361",",,X",,,,," 0006",",,X","  248","W,,X","   51",",,X",,,,,,,,,,,,
"AYW00087701","1960-08-09","-72.29444","170.30833","5.2","ADARE HALLETT, AY","    0",",,X","    0",",,X","  127",",,X"," -300",",,X"," -367",",,X",,,,," 1942",",,X","  203","W,,X","   62",",,X",,,,,,,,,,,,
"AYW00087701","1960-08-10","-72.29444","170.30833","5.2","ADARE HALLETT, AY","    0",",,X","    0",",,X","  127",",,X"," -111",",,X"," -328",",,X",,,,," 1654",",,X","  180","W,,X","  303",",,X",,,,,,,,,,,,
"AYW00087701","1960-08-11","-72.29444","170.30833","5.2","ADARE HALLETT, AY","    0",",,X","    0",",,X","  127",",,X"," -111",",,X"," -217",",,X",,,,," 2030",",,X","  203","W,,X","  200",",,X",,,,,,,,,,,,
"AYW00087701","1960-08-12","-72.29444","170.30833","5.2","ADARE HALLETT, AY","    0",",,X","    0",",,X","  127",",,X"," -156",",,X"," -244",",,X",,,,," 2106",",,X","  180","W,,X","  380",",,X",,,,,,,,,,,,
"AYW00087701","1960-08-13","-72.29444","170.30833","5.2","ADARE HALLETT, AY","    0",",,X","    0",",,X","  102",",,X"," -111",",,X"," -161",",,X",,,,," 0536",",,X","  203","W,,X","  365",",,X",,,,,,,,,,,,
"AYW00087701","1960-08-14","-72.29444","170.30833","5.2","ADARE HALLETT, AY","    0",",,X","    0",",,X","  102",",,X","  -89",",,X"," -133",",,X",,,,," 1100",",,X","  180","W,,X","  339",",,X",,,,,,,,,,,,
"AYW00087701","1960-08-15","-72.29444","170.30833","5.2","ADARE HALLETT, AY","    0",",,X","    0",",,X","  102",",,X","  -67",",,X"," -189",",,X",,,,," 0206",",,X","  180","W,,X","  283",",,X",,,,,,,,,,,,
"AYW00087701","1960-08-16","-72.29444","170.30833","5.2","ADARE HALLETT, AY","    0","T,,X","    0","T,,X","  102",",,X"," -167",",,X"," -233",",,X",,,,," 1154",",,X","  225","W,,X","   41",",,X",,,,,,,,,,,,
"AYW00087701","1960-08-17","-72.29444","170.30833","5.2","ADARE HALLETT, AY","    0",",,X","    0",",,X","  102",",,X"," -172",",,X"," -233",",,X",,,,," 1442",",,X","  225","W,,X","   46",",,X",,,,,,,,,,,,
"AYW00087701","1960-08-18","-72.29444","170.30833","5.2","ADARE HALLETT, AY","    0",",,X","    0",",,X","  102",",,X"," -167",",,X"," -222",",,X",,,,," 0124",",,X","  225","W,,X","   51",",,X",,,,,,,,,,,,
"AYW00087701","1960-08-19","-72.29444","170.30833","5.2","ADARE HALLETT, AY","    0","T,,X","    0","T,,X","  102",",,X"," -172",",,X"," -233",",,X",,,,," 1024",",,X","  225","W,,X","   72",",,X",,,,,,,,,,,,
"AYW00087701","1960-08-20","-72.29444","170.30833","5.2","ADARE HALLETT, AY","    0","T,,X","    0","T,,X","  102",",,X"," -222",",,X"," -294",",,X",,,,," 0306",",,X","  225","W,,X","   62",",,X",,,,,,,,,,,,
"AYW00087701","1960-08-21","-72.29444","170.30833","5.2","ADARE HALLETT, AY","    0","T,,X","    0","T,,X","  102",",,X"," -217",",,X"," -272",",,X",,,,," 1642",",,X","  113","W,,X","   62",",,X",,,,,,,,,,,,
"AYW00087701","1960-08-22","-72.29444","170.30833","5.2","ADARE HALLETT, AY","    0","T,,X","    0","T,,X","  102",",,X"," -256",",,X"," -344",",,X",,,,," 2030",",,X","  225","W,,X","   46",",,X",,,,,,,,,,,,
"AYW00087701","1960-08-23","-72.29444","170.30833","5.2","ADARE HALLETT, AY","    0","T,,X","    0","T,,X","  102",",,X"," -256",",,X"," -339",",,X",,,,," 0030",",,X","  203","W,,X","   31",",,X",,,,,,,,,,,,
"AYW00087701","1960-08-24","-72.29444","170.30833","5.2","ADARE HALLETT, AY","    0","T,,X","    0","T,,X","  102",",,X"," -256",",,X"," -356",",,X",,,,," 2130",",,X","  225","W,,X","   41",",,X",,,,,,,,,,,,
"AYW00087701","1960-08-25","-72.29444","170.30833","5.2","ADARE HALLETT, AY","    0","T,,X","    0","T,,X","  102",",,X"," -289",",,X"," -372",",,X",,,,," 0012",",,X","  225","W,,X","   46",",,X",,,,,,,,,,,,
"AYW00087701","1960-08-26","-72.29444","170.30833","5.2","ADARE HALLETT, AY","    0","T,,X","    0","T,,X","  102",",,X"," -289",",,X"," -333",",,X",,,,," 2006",",,X","  225","W,,X","  164",",,X",,,,,,,,,,,,
"AYW00087701","1960-08-27","-72.29444","170.30833","5.2","ADARE HALLETT, AY","    0",",,X","    0",",,X","  102",",,X"," -289",",,X"," -372",",,X",,,,," 0048",",,X","  225","W,,X","  159",",,X",,,,,,,,,,,,
"AYW00087701","1960-08-28","-72.29444","170.30833","5.2","ADARE HALLETT, AY","    0",",,X","    0",",,X","  102",",,X"," -278",",,X"," -378",",,X",,,,," 2054",",,X","  203","W,,X","   77",",,X",,,,,,,,,,,,
"AYW00087701","1960-08-29","-72.29444","170.30833","5.2","ADARE HALLETT, AY","    0",",,X","    0",",,X","  102",",,X"," -206",",,X"," -344",",,X",,,,," 1230",",,X","  225","W,,X","   98",",,X",,,,,,,,,,,,
"AYW00087701","1960-08-30","-72.29444","170.30833","5.2","ADARE HALLETT, AY","    0",",,X","    0",",,X","  102",",,X"," -200",",,X"," -328",",,X",,,,," 2130",",,X","  225","W,,X","  185",",,X",,,,,,,,,,,,
"AYW00087701","1960-08-31","-72.29444","170.30833","5.2","ADARE HALLETT, AY","    0","T,,X","    0","T,,X","  102",",,X"," -217",",,X"," -328",",,X",,,,," 0000",",,X","  203","W,,X","  175",",,X",,,,,,,,,,,,
"AYW00087701","1960-09-01","-72.29444","170.30833","5.2","ADARE HALLETT, AY","    0",",,X","    0",",,X","  102",",,X"," -156",",,X"," -322",",,X",,,,," 1800",",,X","  180","W,,X","  293",",,X",,,,,,,,,,,,
"AYW00087701","1960-09-02","-72.29444","170.30833","5.2","ADARE HALLETT, AY","    0","T,,X","    0","T,,X","  102",",,X"," -111",",,X"," -261",",,X",,,,," 0706",",,X","  180","W,,X","  231",",,X",,,,,,,,,,,,
"AYW00087701","1960-09-03","-72.29444","170.30833","5.2","ADARE HALLETT, AY","    0",",,X","    0",",,X","  102",",,X"," -189",",,X"," -283",",,X",,,,," 0348",",,X","  248","W,,X","   41",",,X",,,,,,,,,,,,
"AYW00087701","1960-09-04","-72.29444","170.30833","5.2","ADARE HALLETT, AY","    0","T,,X","    5",",,X","  102",",,X"," -233",",,X"," -289",",,X",,,,," 0200",",,X","  203","W,,X","   51",",,X",,,,,,,,,,,,
"AYW00087701","1960-09-05","-72.29444","170.30833","5.2","ADARE HALLETT, AY","    0",",,X","    0",",,X","  102",",,X"," -244",",,X"," -294",",,X",,,,," 2354",",,X","  203","W,,X","  200",",,X",,,,,,,,,,,,
"AYW00087701","1960-09-06","-72.29444","170.30833","5.2","ADARE HALLETT, AY","    0","T,,X","    0","T,,X","  102",",,X"," -233",",,X"," -272",",,X",,,,," 1518",",,X","  203","W,,X","  278",",,X",,,,,,,,,,,,
"AYW00087701","1960-09-07","-72.29444","170.30833","5.2","ADARE HALLETT, AY","    0","T,,X","    0","T,,X","  102",",,X"," -239",",,X"," -322",",,X",,,,," 0000",",,X","  180","W,,X","  236",",,X",,,,,,,,,,,,
"AYW00087701","1960-09-08","-72.29444","170.30833","5.2","ADARE HALLETT, AY","    0","T,,X","    0","T,,X","  102",",,X"," -311",",,X"," -378",",,X",,,,," 1830",",,X","  203","W,,X","   31",",,X",,,,,,,,,,,,
"AYW00087701","1960-09-09","-72.29444","170.30833","5.2","ADARE HALLETT, AY","    0",",,X","    0",",,X","  102",",,X"," -294",",,X"," -383",",,X",,,,," 0142",",,X","  203","W,,X","   41",",,X",,,,,,,,,,,,
"AYW00087701","1960-09-10","-72.29444","170.30833","5.2","ADARE HALLETT, AY","    0",",,X","    0",",,X","  102",",,X"," -272",",,X"," -378",",,X",,,,," 0324",",,X","   45","W,,X","   98",",,X",,,,,,,,,,,,
"AYW00087701","1960-09-11","-72.29444","170.30833","5.2","ADARE HALLETT, AY","    0",",,X","    0",",,X","  102",",,X"," -300",",,X"," -400",",,X",,,,," 2112",",,X","  225","W,,X","   36",",,X",,,,,,,,,,,,
"AYW00087701","1960-09-12","-72.29444","170.30833","5.2","ADARE HALLETT, AY","    0","T,,X","    0","T,,X","  102",",,X"," -144",",,X"," -394",",,X",,,,," 2324",",,X","  203","W,,X","  195",",,X",,,,,,,,,,,,
"AYW00087701","1960-09-13","-72.29444","170.30833","5.2","ADARE HALLETT, AY","    0","T,,X","    3",",,X","  102",",,X"," -133",",,X"," -289",",,X",,,,," 0324",",,X","  180","W,,X","  350",",,X",,,,,,,,,,,,
"AYW00087701","1960-09-14","-72.29444","170.30833","5.2","ADARE HALLETT, AY","    0",",,X","    0",",,X","  102",",,X"," -117",",,X"," -306",",,X",,,,," 2300",",,X","  180","W,,X","  164",",,X",,,,,,,,,,,,
"AYW00087701","1960-09-15","-72.29444","170.30833","5.2","ADARE HALLETT, AY","    0","T,,X","    0","T,,X","  102",",,X"," -122",",,X"," -256",",,X",,,,," 0006",",,X","   90","W,,X","   87",",,X",,,,,,,,,,,,
"AYW00087701","1960-09-16","-72.29444","170.30833","5.2","ADARE HALLETT, AY","    0","T,,X","    0","T,,X","  102",",,X"," -183",",,X"," -256",",,X",,,,," 1742",",,X","  225","W,,X","  108",",,X",,,,,,,,,,,,
"AYW00087701","1960-09-17","-72.29444","170.30833","5.2","ADARE HALLETT, AY","    0",",,X","    0",",,X","  102",",,X"," -150",",,X"," -283",",,X",,,,," 1036",",,X","   45","W,,X","   87",",,X",,,,,,,,,,,,
"AYW00087701","1960-09-18","-72.29444","170.30833","5.2","ADARE HALLETT, AY","    5",",,X","    5",",,X","  102",",,X"," -161",",,X"," -256",",,X",,,,," 1348",",,X","  225","W,,X","  185",",,X",,,,,,,,,,,,
"AYW00087701","1960-09-19","-72.29444","170.30833","5.2","ADARE HALLETT, AY","    0",",,X","    0",",,X","  102",",,X"," -167",",,X"," -289",",,X",,,,," 0136",",,X","  113","W,,X","  200",",,X",,,,,,,,,,,,
"AYW00087701","1960-09-20","-72.29444","170.30833","5.2","ADARE HALLETT, AY","    0","T,,X","    0","T,,X","  102",",,X"," -239",",,X"," -322",",,X",,,,," 1012",",,X","  248","W,,X","   31",",,X",,,,,,,,,,,,
"AYW00087701","1960-09-21","-72.29444","170.30833","5.2","ADARE HALLETT, AY","    0","T,,X","    0","T,,X","  102",",,X"," -217",",,X"," -356",",,X",,,,," 2224",",,X","  203","W,,X","  170",",,X",,,,,,,,,,,,
"AYW00087701","1960-09-22","-72.29444","170.30833","5.2","ADARE HALLETT, AY","    0",",,X","    0",",,X","  102",",,X"," -194",",,X"," -267",",,X",,,,," 0600",",,X","  180","W,,X","  185",",,X",,,,,,,,,,,,
"AYW00087701","1960-09-23","-72.29444","170.30833","5.2","ADARE HALLETT, AY","    0","T,,X","    0","T,,X","  102",",,X"," -167",",,X"," -272",",,X",,,,," 0636",",,X","  203","W,,X","  200",",,X",,,,,,,,,,,,
"AYW00087701","1960-09-24","-72.29444","170.30833","5.2","ADARE HALLETT, AY","    0",",,X","    0",",,X","  102",",,X"," -133",",,X"," -267",",,X",,,,," 2112",",,X","  135","W,,X","  134",",,X",,,,,,,,,,,,
"AYW00087701","1960-09-25","-72.29444","170.30833","5.2","ADARE HALLETT, AY","    0",",,X","    0",",,X","  102",",,X"," -189",",,X"," -272",",,X",,,,," 1200",",,X","  225","W,,X","   51",",,X",,,,,,,,,,,,
"AYW00087701","1960-09-26","-72.29444","170.30833","5.2","ADARE HALLETT, AY","    0",",,X","    0",",,X","  102",",,X"," -156",",,X"," -289",",,X",,,,," 0736",",,X","  225","W,,X","   46",",,X",,,,,,,,,,,,
"AYW00087701","1960-09-27","-72.29444","170.30833","5.2","ADARE HALLETT, AY","    0","T,,X","    0","T,,X","  102",",,X"," -128",",,X"," -217",",,X",,,,," 2130",",,X","  225","W,,X","  236",",,X",,,,,,,,,,,,
"AYW00087701","1960-09-28","-72.29444","170.30833","5.2","ADARE HALLETT, AY","    0",",,X","    0",",,X","  102",",,X"," -144",",,X"," -228",",,X",,,,," 1330",",,X","  180","W,,X","  267",",,X",,,,,,,,,,,,
"AYW00087701","1960-09-29","-72.29444","170.30833","5.2","ADARE HALLETT, AY","    0",",,X","    0",",,X","  102",",,X","  -78",",,X"," -256",",,X",,,,," 2012",",,X","  180","W,,X","  247",",,X",,,,,,,,,,,,
"AYW00087701","1960-09-30","-72.29444","170.30833","5.2","ADARE HALLETT, AY","    0",",,X","    0",",,X","  102",",,X","  -61",",,X"," -228",",,X",,,,," 0012",",,X","  180","W,,X","  175",",,X",,,,,,,,,,,,
"AYW00087701","1960-10-01","-72.29444","170.30833","5.2","ADARE HALLETT, AY","    0",",,X","    0",",,X","  102",",,X"," -150",",,X"," -261",",,X",,,,," 0624",",,X","  203","W,,X","   36",",,X",,,,,,,,,,,,
"AYW00087701","1960-10-02","-72.29444","170.30833","5.2","ADARE HALLETT, AY","   41",",,X","   58",",,X","  178",",,X"," -106",",,X"," -178",",,X",,,,," 2112",",,X","  203","W,,X","  211",",,X",,,,,,,"    1",",,X",,,"    1",",,X"
"AYW00087701","1960-10-03","-72.29444","170.30833","5.2","ADARE HALLETT, AY","    3",",,X","    5",",,X","  152",",,X"," -117",",,X"," -217",",,X",,,,," 0030",",,X","  203","W,,X","  257",",,X",,,,,,,"    1",",,X",,,"    1",",,X"
"AYW00087701","1960-10-04","-72.29444","170.30833","5.2","ADARE HALLETT, AY","    0","T,,X","    0","T,,X","  152",",,X"," -122",",,X"," -217",",,X",,,,," 0306",",,X","  225","W,,X","   82",",,X",,,,,,,,,,,"    1",",,X"
"AYW00087701","1960-10-05","-72.29444","170.30833","5.2","ADARE HALLETT, AY","    0","T,,X","    0","T,,X","  152",",,X"," -150",",,X"," -194",",,X",,,,," 0054",",,X","  225","W,,X","  108",",,X",,,,,,,,,,,"    1",",,X"
"AYW00087701","1960-10-06","-72.29444","170.30833","5.2","ADARE HALLETT, AY","    0","T,,X","    0","T,,X","  152",",,X"," -139",",,X"," -261",",,X",,,,," 2248",",,X","  270","W,,X","   41",",,X",,,,,,,,,,,"    1",",,X"
"AYW00087701","1960-10-07","-72.29444","170.30833","5.2","ADARE HALLETT, AY","    0",",,X","    0",",,X","  152",",,X"," -161",",,X"," -267",",,X",,,,," 0100",",,X","  270","W,,X","   41",",,X",,,,,,,,,,,,
"AYW00087701","1960-10-08","-72.29444","170.30833","5.2","ADARE HALLETT, AY","    0","T,,X","    0","T,,X","  152",",,X"," -122",",,X"," -228",",,X",,,,," 1348",",,X","  203","W,,X","  103",",,X",,,,,"    1",",,X",,,,,"    1",",,X"
"AYW00087701","1960-10-09","-72.29444","170.30833","5.2","ADARE HALLETT, AY","    0",",,X","    0",",,X","  152",",,X"," -111",",,X"," -206",",,X",,,,," 2106",",,X","  180","W,,X","  200",",,X",,,,,,,,,,,,
"AYW00087701","1960-10-10","-72.29444","170.30833","5.2","ADARE HALLETT, AY","    0","T,,X","    0","T,,X","  127",",,X","  -89",",,X"," -156",",,X",,,,," 0106",",,X","  180","W,,X","  190",",,X",,,,,,,"    1",",,X",,,"    1",",,X"
"AYW00087701","1960-10-11","-72.29444","170.30833","5.2","ADARE HALLETT, AY","    0","T,,X","    0","T,,X","  127",",,X"," -100",",,X"," -178",",,X",,,,," 0818",",,X","  225","W,,X","   36",",,X",,,,,,,,,,,"    1",",,X"
"AYW00087701","1960-10-12","-72.29444","170.30833","5.2","ADARE HALLETT, AY","    0","T,,X","    0","T,,X","  127",",,X"," -128",",,X"," -183",",,X",,,,," 1718",",,X","  135","W,,X","  108",",,X",,,,,,,"    1",",,X",,,"    1",",,X"
"AYW00087701","1960-10-13","-72.29444","170.30833","5.2","ADARE HALLETT, AY","    0","T,,X","    0","T,,X","  127",",,X"," -178",",,X"," -278",",,X",,,,," 0312",",,X","  135","W,,X","  129",",,X",,,,,,,"    1",",,X",,,"    1",",,X"
"AYW00087701","1960-10-14","-72.29444","170.30833","5.2","ADARE HALLETT, AY","    0",",,X","    0",",,X","  127",",,X"," -183",",,X"," -289",",,X",,,,," 1854",",,X","  225","W,,X","   36",",,X",,,,,,,,,,,,
"AYW00087701","1960-10-15","-72.29444","170.30833","5.2","ADARE HALLETT, AY","    0",",,X","    0",",,X","  127",",,X"," -133",",,X"," -261",",,X",,,,," 0700",",,X","  203","W,,X","   36",",,X",,,,,,,,,,,,
"AYW00087701","1960-10-16","-72.29444","170.30833","5.2","ADARE HALLETT, AY","    0","T,,X","    0","T,,X","  127",",,X"," -150",",,X"," -261",",,X",,,,," 0524",",,X","  203","W,,X","  103",",,X",,,,,,,,,,,"    1",",,X"
"AYW00087701","1960-10-17","-72.29444","170.30833","5.2","ADARE HALLETT, AY","    0","T,,X","    0","T,,X","  127",",,X"," -161",",,X"," -256",",,X",,,,," 0706",",,X","  225","W,,X","   36",",,X",,,,,,,,,,,"    1",",,X"
"AYW00087701","1960-10-18","-72.29444","170.30833","5.2","ADARE HALLETT, AY","    0",",,X","    0",",,X","  127",",,X"," -144",",,X"," -261",",,X",,,,," 1300",",,X","  203","W,,X","  113",",,X",,,,,,,,,,,,
"AYW00087701","1960-10-19","-72.29444","170.30833","5.2","ADARE HALLETT, AY","    0",",,X","    0",",,X","  127",",,X"," -150",",,X"," -244",",,X",,,,," 1418",",,X","  135","W,,X","   77",",,X",,,,,,,,,,,,
"AYW00087701","1960-10-20","-72.29444","170.30833","5.2","ADARE HALLETT, AY","    0","T,,X","    0","T,,X","  127",",,X"," -117",",,X"," -233",",,X",,,,," 2254",",,X","  180","W,,X","  267",",,X",,,,,,,"    1",",,X",,,"    1",",,X"
"AYW00087701","1960-10-21","-72.29444","170.30833","5.2","ADARE HALLETT, AY","    0",",,X","    0",",,X","  102",",,X"," -122",",,X"," -172",",,X",,,,," 0012",",,X","  180","W,,X","  257",",,X",,,,,,,"    1",",,X",,,,
"AYW00087701","1960-10-22","-72.29444","170.30833","5.2","ADARE HALLETT, AY","    0",",,X","    0",",,X","  102",",,X","  -72",",,X"," -161",",,X",,,,," 0718",",,X","  180","W,,X","  206",",,X",,,,,,,"    1",",,X",,,,
"AYW00087701","1960-10-23","-72.29444","170.30833","5.2","ADARE HALLETT, AY","    0",",,X","    0",",,X","  102",",,X","  -67",",,X"," -161",",,X",,,,," 1024",",,X","  203","W,,X","  123",",,X",,,,,,,,,,,,
"AYW00087701","1960-10-24","-72.29444","170.30833","5.2","ADARE HALLETT, AY","    0",",,X","    0",",,X","  102",",,X","  -72",",,X"," -189",",,X",,,,," 1400",",,X","  225","W,,X","   57",",,X",,,,,,,,,,,,
"AYW00087701","1960-10-25","-72.29444","170.30833","5.2","ADARE HALLETT, AY","    0","T,,X","    0","T,,X","  102",",,X","  -89",",,X"," -206",",,X",,,,," 0030",",,X","  203","W,,X","   46",",,X",,,,,,,,,,,"    1",",,X"
"AYW00087701","1960-10-26","-72.29444","170.30833","5.2","ADARE HALLETT, AY","    0","T,,X","    0","T,,X","  102",",,X"," -100",",,X"," -161",",,X",,,,," 1130",",,X","  203","W,,X","  118",",,X",,,,,,,,,,,"    1",",,X"
"AYW00087701","1960-10-27","-72.29444","170.30833","5.2","ADARE HALLETT, AY","    0","T,,X","    0","T,,X","  102",",,X","  -78",",,X"," -139",",,X",,,,," 0836",",,X","  203","W,,X","  226",",,X",,,,,,,"    1",",,X",,,"    1",",,X"
"AYW00087701","1960-10-28","-72.29444","170.30833","5.2","ADARE HALLETT, AY","    0","T,,X","    0","T,,X","  102",",,X","  -78",",,X"," -172",",,X",,,,," 0042",",,X","  225","W,,X","   77",",,X",,,,,,,,,,,"    1",",,X"
"AYW00087701","1960-10-29","-72.29444","170.30833","5.2","ADARE HALLETT, AY","    0","T,,X","    0","T,,X","  102",",,X"," -106",",,X"," -172",",,X",,,,," 1906",",,X","   68","W,,X","   51",",,X",,,,,,,,,,,"    1",",,X"
"AYW00087701","1960-10-30","-72.29444","170.30833","5.2","ADARE HALLETT, AY","    0",",,X","    0",",,X","  102",",,X"," -106",",,X"," -211",",,X",,,,," 0506",",,X","  248","W,,X","   26",",,X",,,,,,,,,,,,
"AYW00087701","1960-10-31","-72.29444","170.30833","5.2","ADARE HALLETT, AY","    0",",,X","    0",",,X","  102",",,X"," -117",",,X"," -233",",,X",,,,," 0206",",,X","  203","W,,X","   26",",,X",,,,,,,,,,,,
"AYW00087701","1960-11-01","-72.29444","170.30833","5.2","ADARE HALLETT, AY","    0",",,X","    0",",,X","  102",",,X","  -11",",,X"," -222",",,X",,,,," 0936",",,X","  225","W,,X","   82",",,X",,,,,,,,,,,,
"AYW00087701","1960-11-02","-72.29444","170.30833","5.2","ADARE HALLETT, AY","    0",",,X","    0",",,X","  102",",,X","  -28",",,X"," -167",",,X",,,,," 2300",",,X","  225","W,,X","  200",",,X",,,,,,,,,,,,
"AYW00087701","1960-11-03","-72.29444","170.30833","5.2","ADARE HALLETT, AY","    0",",,X","    0",",,X","  102",",,X","    0",",,X"," -117",",,X",,,,," 0018",",,X","  203","W,,X","  190",",,X",,,,,,,,,,,,
"AYW00087701","1960-11-04","-72.29444","170.30833","5.2","ADARE HALLETT, AY","    0",",,X","    0",",,X","  102",",,X","  -56",",,X"," -150",",,X",,,,," 1530",",,X","  135","W,,X","   82",",,X",,,,,,,,,,,,
"AYW00087701","1960-11-05","-72.29444","170.30833","5.2","ADARE HALLETT, AY","    0",",,X","    0",",,X","  102",",,X","  -50",",,X"," -150",",,X",,,,," 0848",",,X","  225","W,,X","   31",",,X",,,,,,,,,,,,
"AYW00087701","1960-11-06","-72.29444","170.30833","5.2","ADARE HALLETT, AY","    3",",,X","    3",",,X","  102",",,X","  -50",",,X"," -111",",,X",,,,," 2018",",,X","  113","W,,X","   62",",,X",,,,,,,,,,,"    1",",,X"
"AYW00087701","1960-11-07","-72.29444","170.30833","5.2","ADARE HALLETT, AY","    0","T,,X","    0","T,,X","  102",",,X","  -39",",,X"," -111",",,X",,,,," 2300",",,X","  248","W,,X","   67",",,X",,,,,,,,,,,"    1",",,X"
"AYW00087701","1960-11-08","-72.29444","170.30833","5.2","ADARE HALLETT, AY","    0","T,,X","    0","T,,X","  102",",,X","  -61",",,X"," -128",",,X",,,,," 2024",",,X","  113","W,,X","   62",",,X",,,,,,,,,,,"    1",",,X"
"AYW00087701","1960-11-09","-72.29444","170.30833","5.2","ADARE HALLETT, AY","    0","T,,X","    0","T,,X","  102",",,X","  -50",",,X"," -144",",,X",,,,," 2106",",,X","  338","W,,X","   57",",,X",,,,,,,,,,,"    1",",,X"
"AYW00087701","1960-11-10","-72.29444","170.30833","5.2","ADARE HALLETT, AY","    5",",,X","    5",",,X","  102",",,X","  -72",",,X"," -144",",,X",,,,," 0948",",,X","  225","W,,X","   31",",,X",,,,,,,,,,,"    1",",,X"
"AYW00087701","1960-11-11","-72.29444","170.30833","5.2","ADARE HALLETT, AY","    0",",,X","    0",",,X","  102",",,X","  -72",",,X"," -156",",,X",,,,," 0930",",,X","   90","W,,X","   36",",,X",,,,,,,,,,,,
"AYW00087701","1960-11-12","-72.29444","170.30833","5.2","ADARE HALLETT, AY","    5",",,X","    5",",,X","  102",",,X","  -72",",,X"," -128",",,X",,,,," 0606",",,X","  203","W,,X","   36",",,X",,,,,,,,,,,"    1",",,X"
"AYW00087701","1960-11-13","-72.29444","170.30833","5.2","ADARE HALLETT, AY","    5",",,X","    5",",,X","  102",",,X","  -78",",,X"," -161",",,X",,,,," 1054",",,X","  113","W,,X","   41",",,X",,,,,,,,,,,"    1",",,X"
"AYW00087701","1960-11-14","-72.29444","170.30833","5.2","ADARE HALLETT, AY","    0","T,,X","    0","T,,X","  102",",,X","  -83",",,X"," -150",",,X",,,,," 2318",",,X","  225","W,,X","   57",",,X",,,,,,,,,,,"    1",",,X"
"AYW00087701","1960-11-15","-72.29444","170.30833","5.2","ADARE HALLETT, AY","    0",",,X","    0",",,X","  102",",,X"," -106",",,X"," -150",",,X",,,,," 0848",",,X","  203","W,,X","  211",",,X",,,,,,,,,,,,
"AYW00087701","1960-11-16","-72.29444","170.30833","5.2","ADARE HALLETT, AY","    0",",,X","    0",",,X","  102",",,X","  -56",",,X"," -178",",,X",,,,," 1824",",,X","  113","W,,X","   67",",,X",,,,,,,,,,,,
"AYW00087701","1960-11-17","-72.29444","170.30833","5.2","ADARE HALLETT, AY","    0",",,X","    0",",,X","  102",",,X","  -72",",,X"," -172",",,X",,,,," 2330",",,X","  270","W,,X","   26",",,X",,,,,,,,,,,,
"AYW00087701","1960-11-18","-72.29444","170.30833","5.2","ADARE HALLETT, AY","    0",",,X","    0",",,X","  102",",,X","  -22",",,X"," -178",",,X",,,,," 1706",",,X","   45","W,,X","   57",",,X",,,,,,,,,,,,
"AYW00087701","1960-11-19","-72.29444","170.30833","5.2","ADARE HALLETT, AY","    0","T,,X","    0","T,,X","  102",",,X","  -50",",,X"," -150",",,X",,,,," 1654",",,X","  315","W,,X","   46",",,X",,,,,,,,,,,"    1",",,X"
"AYW00087701","1960-11-20","-72.29444","170.30833","5.2","ADARE HALLETT, AY","    5",",,X","    5",",,X","  102",",,X","  -78",",,X"," -150",",,X",,,,," 0818",",,X","  135","W,,X","   67",",,X",,,,,,,,,,,"    1",",,X"
"AYW00087701","1960-11-21","-72.29444","170.30833","5.2","ADARE HALLETT, AY","    0",",,X","    0",",,X","  102",",,X","  -50",",,X"," -156",",,X",,,,," 0942",",,X","   45","W,,X","   57",",,X",,,,,,,,,,,,
"AYW00087701","1960-11-22","-72.29444","170.30833","5.2","ADARE HALLETT, AY","    0","T,,X","    0","T,,X","  102",",,X","   -6",",,X"," -128",",,X",,,,," 0330",",,X","  113","W,,X","   82",",,X",,,,,,,,,,,"    1",",,X"
"AYW00087701","1960-11-23","-72.29444","170.30833","5.2","ADARE HALLETT, AY","    0",",,X","    0",",,X","  102",",,X","  -39",",,X"," -117",",,X",,,,," 2336",",,X","  113","W,,X","   93",",,X",,,,,,,,,,,,
"AYW00087701","1960-11-24","-72.29444","170.30833","5.2","ADARE HALLETT, AY","    0",",,X","    0",",,X","  102",",,X","  -28",",,X","  -78",",,X",,,,," 0300",",,X","  135","W,,X","   51",",,X",,,,,,,,,,,,
"AYW00087701","1960-11-25","-72.29444","170.30833","5.2","ADARE HALLETT, AY","    0",",,X","    0",",,X","  102",",,X","   -6",",,X","  -94",",,X",,,,," 0330",",,X","  225","W,,X","   31",",,X",,,,,,,,,,,,
"AYW00087701","1960-11-26","-72.29444","170.30833","5.2","ADARE HALLETT, AY","    0",",,X","    0",",,X","  102",",,X","  -11",",,X"," -117",",,X",,,,," 1512",",,X","   23","W,,X","   41",",,X",,,,,,,,,,,,
"AYW00087701","1960-11-27","-72.29444","170.30833","5.2","ADARE HALLETT, AY","    0",",,X","    0",",,X","  102",",,X","  -11",",,X"," -117",",,X",,,,," 1406",",,X","   90","W,,X","   62",",,X",,,,,,,,,,,,
"AYW00087701","1960-11-28","-72.29444","170.30833","5.2","ADARE HALLETT, AY","    0",",,X","    0",",,X","   76",",,X","    0",",,X","  -94",",,X",,,,," 1236",",,X","   68","W,,X","   62",",,X",,,,,,,,,,,,
"AYW00087701","1960-11-29","-72.29444","170.30833","5.2","ADARE HALLETT, AY","    0",",,X","    0",",,X","   76",",,X","    0",",,X"," -100",",,X",,,,," 1524",",,X","   90","W,,X","  103",",,X",,,,,,,,,,,,
"AYW00087701","1960-11-30","-72.29444","170.30833","5.2","ADARE HALLETT, AY","    5",",,X","    5",",,X","   76",",,X","   33",",,X","  -44",",,X",,,,," 2012",",,X","  135","W,,X","  170",",,X",,,,,,,"    1",",,X",,,"    1",",,X"
"AYW00087701","1960-12-01","-72.29444","170.30833","5.2","ADARE HALLETT, AY","    0","T,,X","    0","T,,X","   76",",,X","  -17",",,X","  -61",",,X",,,,," 1330",",,X","  180","W,,X","  226",",,X",,,,,,,"    1",",,X",,,"    1",",,X"
"AYW00087701","1960-12-02","-72.29444","170.30833","5.2","ADARE HALLETT, AY","    0",",,X","    0",",,X","   76",",,X","    6",",,X","  -67",",,X",,,,," 0130",",,X","  225","W,,X","  134",",,X",,,,,,,,,,,,
"AYW00087701","1960-12-03","-72.29444","170.30833","5.2","ADARE HALLETT, AY","    0",",,X","    0",",,X","   76",",,X","    0",",,X","  -94",",,X",,,,," 1700",",,X","  338","W,,X","   41",",,X",,,,,,,,,,,,
"AYW00087701","1960-12-04","-72.29444","170.30833","5.2","ADARE HALLETT, AY","    0","T,,X","    0","T,,X","   76",",,X","   33",",,X","  -72",",,X",,,,," 1654",",,X","  135","W,,X","   82",",,X",,,,,,,,,,,"    1",",,X"
"AYW00087701","1960-12-05","-72.29444","170.30833","5.2","ADARE HALLETT, AY","    0",",,X","    0",",,X","   76",",,X","    0",",,X","  -56",",,X",,,,," 1554",",,X","   45","W,,X","   46",",,X",,,,,,,,,,,,
"AYW00087701","1960-12-06","-72.29444","170.30833","5.2","ADARE HALLETT, AY","    0",",,X","    0",",,X","   76",",,X","    0",",,X","  -89",",,X",,,,," 1630",",,X","   23","W,,X","   41",",,X",,,,,,,,,,,,
"AYW00087701","1960-12-07","-72.29444","170.30833","5.2","ADARE HALLETT, AY","    0",",,X","    0",",,X","   76",",,X","    0",",,X","  -83",",,X",,,,," 1936",",,X","  338","W,,X","   46",",,X",,,,,,,,,,,,
"AYW00087701","1960-12-08","-72.29444","170.30833","5.2","ADARE HALLETT, AY","    0",",,X","    0",",,X","   76",",,X","   17",",,X","  -61",",,X",,,,," 0330",",,X","  248","W,,X","   41",",,X",,,,,,,,,,,,
"AYW00087701","1960-12-09","-72.29444","170.30833","5.2","ADARE HALLETT, AY","    0",",,X","    0",",,X","   51",",,X","   28",",,X","  -78",",,X",,,,," 2048",",,X","   45","W,,X","   57",",,X",,,,,,,,,,,,
"AYW00087701","1960-12-10","-72.29444","170.30833","5.2","ADARE HALLETT, AY","    0",",,X","    0",",,X","   76",",,X","   17",",,X","  -50",",,X",,,,," 1154",",,X","  180","W,,X","   41",",,X",,,,,,,,,,,,
"AYW00087701","1960-12-11","-72.29444","170.30833","5.2","ADARE HALLETT, AY","    0",",,X","    0",",,X","   76",",,X","   -6",",,X","  -44",",,X",,,,," 0900",",,X","  203","W,,X","  113",",,X",,,,,,,,,,,,
"AYW00087701","1960-12-12","-72.29444","170.30833","5.2","ADARE HALLETT, AY","    0",",,X","    0",",,X","   76",",,X","   22",",,X","  -44",",,X",,,,," 0142",",,X","   90","W,,X","   72",",,X",,,,,,,,,,,,
"AYW00087701","1960-12-13","-72.29444","170.30833","5.2","ADARE HALLETT, AY","    0","T,,X","    0","T,,X","   76",",,X","  -11",",,X","  -39",",,X",,,,," 1324",",,X","  113","W,,X","   72",",,X",,,,,,,,,,,"    1",",,X"
"AYW00087701","1960-12-14","-72.29444","170.30833","5.2","ADARE HALLETT, AY","    5",",,X","    5",",,X","   76",",,X","    6",",,X","  -67",",,X",,,,," 2212",",,X","   68","W,,X","   57",",,X",,,,,,,,,,,"    1",",,X"
"AYW00087701","1960-12-15","-72.29444","170.30833","5.2","ADARE HALLETT, AY","    5",",,X","    5",",,X","   76",",,X","   17",",,X","  -78",",,X",,,,," 2148",",,X","  293","W,,X","   36",",,X",,,,,,,,,,,"    1",",,X"
"AYW00087701","1960-12-16","-72.29444","170.30833","5.2","ADARE HALLETT, AY","    0",",,X","    0",",,X","   76",",,X","   17",",,X"," -117",",,X",,,,," 0348",",,X","  225","W,,X","   36",",,X","    1",",,X",,,,,,,,,,
"AYW00087701","1960-12-17","-72.29444","170.30833","5.2","ADARE HALLETT, AY","    0",",,X","    0",",,X","   76",",,X","    6",",,X"," -122",",,X",,,,," 2242",",,X","  203","W,,X","   62",",,X","    1",",,X",,,,,,,,,,
"AYW00087701","1960-12-18","-72.29444","170.30833","5.2","ADARE HALLETT, AY","    3",",,X","    3",",,X","   76",",,X","    6",",,X","  -33",",,X",,,,," 2024",",,X","  203","W,,X","  144",",,X",,,,,,,,,,,"    1",",,X"
"AYW00087701","1960-12-19","-72.29444","170.30833","5.2","ADARE HALLETT, AY","    0","T,,X","    0","T,,X","   76",",,X","    6",",,X","  -33",",,X",,,,," 0400",",,X","  203","W,,X","  108",",,X",,,,,,,,,,,"    1",",,X"
"AYW00087701","1960-12-20","-72.29444","170.30833","5.2","ADARE HALLETT, AY","    0","T,,X","    0","T,,X","   76",",,X","   22",",,X","  -33",",,X",,,,," 0554",",,X","  225","W,,X","   31",",,X",,,,,,,,,,,"    1",",,X"
"AYW00087701","1960-12-21","-72.29444","170.30833","5.2","ADARE HALLETT, AY","    0",",,X","    0",",,X","   76",",,X","   17",",,X","  -22",",,X",,,,," 0912",",,X","   68","W,,X","   46",",,X",,,,,,,,,,,,
"AYW00087701","1960-12-22","-72.29444","170.30833","5.2","ADARE HALLETT, AY","    5",",,X","    5",",,X","   76",",,X","   11",",,X","  -33",",,X",,,,," 2000",",,X","  113","W,,X","   57",",,X",,,,,,,,,,,"    1",",,X"
"AYW00087701","1960-12-23","-72.29444","170.30833","5.2","ADARE HALLETT, AY","    5",",,X","    5",",,X","   76",",,X","    0",",,X","  -39",",,X",,,,," 2348",",,X","  225","W,,X","  154",",,X",,,,,,,,,,,"    1",",,X"
"AYW00087701","1960-12-24","-72.29444","170.30833","5.2","ADARE HALLETT, AY","    0",",,X","    0",",,X","   76",",,X","    0",",,X","  -44",",,X",,,,," 0724",",,X","  203","W,,X","  170",",,X",,,,,,,,,,,,
"AYW00087701","1960-12-25","-72.29444","170.30833","5.2","ADARE HALLETT, AY","    0",",,X","    0",",,X","   76",",,X","   44",",,X","  -61",",,X",,,,," 0436",",,X","  203","W,,X","  247",",,X",,,,,,,,,,,,
"AYW00087701","1960-12-26","-72.29444","170.30833","5.2","ADARE HALLETT, AY","    0",",,X","    0",",,X","   76",",,X","   44",",,X","  -56",",,X",,,,," 0136",",,X","  225","W,,X","   93",",,X",,,,,,,,,,,,
"AYW00087701","1960-12-27","-72.29444","170.30833","5.2","ADARE HALLETT, AY","    0",",,X","    0",",,X","   76",",,X","   33",",,X","  -67",",,X",,,,," 1806",",,X","  180","W,,X","   26",",,X",,,,,,,,,,,,
"AYW00087701","1960-12-28","-72.29444","170.30833","5.2","ADARE HALLETT, AY","    0",",,X","    0",",,X","   25",",,X","   50",",,X","  -56",",,X",,,,," 1600",",,X","  203","W,,X","  159",",,X",,,,,,,,,,,,
"AYW00087701","1960-12-29","-72.29444","170.30833","5.2","ADARE HALLETT, AY","    0",",,X","    0",",,X","   25",",,X","   33",",,X","  -44",",,X",,,,," 0054",",,X","  270","W,,X","   51",",,X",,,,,,,,,,,,
"AYW00087701","1960-12-30","-72.29444","170.30833","5.2","ADARE HALLETT, AY","   13",",,X","   28",",,X","   51",",,X","    6",",,X","  -39",",,X",,,,," 0400",",,X","  113","W,,X","   57",",,X",,,,,,,,,,,"    1",",,X"
"AYW00087701","1960-12-31","-72.29444","170.30833","5.2","ADARE HALLETT, AY","    0","T,,X","    0","T,,X","   51",",,X","    6",",,X","  -11",",,X",,,,," 0854",",,X","  203","W,,X","  113",",,X",,,,,,,,,,,"    1",",,X"
"AYW00087701","1961-01-01","-72.29444","170.30833","5.2","ADARE HALLETT, AY","    0","T,,X","    0","T,,X","   76",",,X","   22",",,X","  -28",",,X",,,,," 0000",",,X","  135","W,,X","  103",",,X",,,,,,,,,,,"    1",",,X"
"AYW00087701","1961-01-02","-72.29444","170.30833","5.2","ADARE HALLETT, AY","    0","T,,X","    0","T,,X","   25",",,X","   33",",,X","  -33",",,X",,,,," 0700",",,X","  360","W,,X","   31",",,X",,,,,,,,,,,"    1",",,X"
"AYW00087701","1961-01-03","-72.29444","170.30833","5.2","ADARE HALLETT, AY","    0",",,X","    0",",,X","   25",",,X","   39",",,X","  -39",",,X",,,,," 0018",",,X","  180","W,,X","   31",",,X",,,,,,,,,,,,
"AYW00087701","1961-01-04","-72.29444","170.30833","5.2","ADARE HALLETT, AY","    0","T,,X","    0","T,,X","   25",",,X","   28",",,X","  -61",",,X",,,,," 2336",",,X","  113","W,,X","  123",",,X","    1",",,X",,,,,,,,,"    1",",,X"
"AYW00087701","1961-01-05","-72.29444","170.30833","5.2","ADARE HALLETT, AY","    0","T,,X","    0","T,,X","   25",",,X","   33",",,X","  -22",",,X",,,,," 0012",",,X","  113","W,,X","  103",",,X",,,,,,,,,,,"    1",",,X"
"AYW00087701","1961-01-06","-72.29444","170.30833","5.2","ADARE HALLETT, AY","    0",",,X","    0",",,X","   25",",,X","   28",",,X","  -56",",,X",,,,," 1630",",,X","   23","W,,X","   36",",,X",,,,,,,,,,,,
"AYW00087701","1961-01-07","-72.29444","170.30833","5.2","ADARE HALLETT, AY","    0",",,X","    0",",,X","   25",",,X","   28",",,X","  -56",",,X",,,,," 0830",",,X","   23","W,,X","   31",",,X","    1",",,X",,,,,,,,,,
"AYW00087701","1961-01-08","-72.29444","170.30833","5.2","ADARE HALLETT, AY","    0",",,X","    0",",,X","   25",",,X","   33",",,X","  -33",",,X",,,,," 2212",",,X","  225","W,,X","   31",",,X",,,,,,,,,,,,
"AYW00087701","1961-01-09","-72.29444","170.30833","5.2","ADARE HALLETT, AY","    0",",,X","    0",",,X","   25",",,X","   33",",,X","  -22",",,X",,,,," 0336",",,X","  225","W,,X","   87",",,X",,,,,,,,,,,,
"AYW00087701","1961-01-10","-72.29444","170.30833","5.2","ADARE HALLETT, AY","    0","T,,X","    0","T,,X","   25",",,X","   44",",,X","  -28",",,X",,,,," 0948",",,X","  203","W,,X","   15",",,X",,,,,,,,,,,"    1",",,X"
"AYW00087701","1961-01-11","-72.29444","170.30833","5.2","ADARE HALLETT, AY","    0",",,X","    0",",,X","   25",",,X","   44",",,X","  -50",",,X",,,,," 1618",",,X","   45","W,,X","   31",",,X",,,,,,,,,,,,
"AYW00087701","1961-01-12","-72.29444","170.30833","5.2","ADARE HALLETT, AY","    0",",,X","    0",",,X","   25",",,X","   39",",,X","  -39",",,X",,,,," 1600",",,X","   45","W,,X","   21",",,X",,,,,,,,,,,,
"AYW00087701","1961-01-13","-72.29444","170.30833","5.2","ADARE HALLETT, AY","    0",",,X","    0",",,X","   25",",,X","   28",",,X","  -33",",,X",,,,," 1454",",,X","   45","W,,X","   51",",,X",,,,,,,,,,,,
"AYW00087701","1961-01-14","-72.29444","170.30833","5.2","ADARE HALLETT, AY","    0","T,,X","    0","T,,X","   25",",,X","   28",",,X","  -17",",,X",,,,," 0048",",,X","  180","W,,X","   57",",,X",,,,,,,,,,,"    1",",,X"
"AYW00087701","1961-01-15","-72.29444","170.30833","5.2","ADARE HALLETT, AY","    0",",,X","    0",",,X","   25",",,X","   39",",,X","  -39",",,X",,,,," 2106",",,X","  113","W,,X","   67",",,X",,,,,,,,,,,,
"AYW00087701","1961-01-16","-72.29444","170.30833","5.2","ADARE HALLETT, AY","   20",",,X","   36",",,X","   51",",,X","    6",",,X","  -22",",,X",,,,,,,,,,,,,,,,,,,,,"    1",",,X"
"AYW00087701","1961-01-17","-72.29444","170.30833","5.2","ADARE HALLETT, AY","    0","T,,X","    0","T,,X","   51",",,X","   39",",,X","  -17",",,X",,,,," 0000",",,X","  203","W,,X","  159",",,X",,,,,,,,,,,"    1",",,X"
"AYW00087701","1961-01-18","-72.29444","170.30833","5.2","ADARE HALLETT, AY","    0",",,X","    0",",,X","   25",",,X","   33",",,X","  -33",",,X",,,,," 0500",",,X","  270","W,,X","   46",",,X",,,,,,,,,,,,
"AYW00087701","1961-01-19","-72.29444","170.30833","5.2","ADARE HALLETT, AY","    8",",,X","   41",",,X","   25",",,X","  -11",",,X","  -44",",,X",,,,," 1224",",,X","  135","W,,X","  103",",,X","    1",",,X",,,,,,,,,"    1",",,X"
"AYW00087701","1961-01-20","-72.29444","170.30833","5.2","ADARE HALLETT, AY","    0","T,,X","    0","T,,X","    0",",,X","   11",",,X","  -50",",,X",,,,," 1612",",,X","  225","W,,X","   46",",,X",,,,,,,,,,,"    1",",,X"
"AYW00087701","1961-01-21","-72.29444","170.30833","5.2","ADARE HALLETT, AY","   13",",,X","   25",",,X","   25",",,X","    0",",,X","  -67",",,X",,,,," 1900",",,X","  180","W,,X","   41",",,X",,,,,,,,,,,"    1",",,X"
"AYW00087701","1961-01-22","-72.29444","170.30833","5.2","ADARE HALLETT, AY","    0","T,,X","    0","T,,X","   25",",,X","   11",",,X","  -39",",,X",,,,," 2354",",,X","  180","W,,X","   93",",,X",,,,,,,,,,,"    1",",,X"
"AYW00087701","1961-01-23","-72.29444","170.30833","5.2","ADARE HALLETT, AY","    0","T,,X","    0","T,,X","    0",",,X","   28",",,X","  -39",",,X",,,,," 0548",",,X","  203","W,,X","  170",",,X",,,,,,,,,,,"    1",",,X"
"AYW00087701","1961-01-24","-72.29444","170.30833","5.2","ADARE HALLETT, AY","    0",",,X","    0",",,X","    0",",,X","   28",",,X","  -39",",,X",,,,," 0248",",,X","  180","W,,X","   57",",,X",,,,,,,,,,,,
"AYW00087701","1961-01-25","-72.29444","170.30833","5.2","ADARE HALLETT, AY","   10",",,X","   18",",,X","   25",",,X","   11",",,X","  -72",",,X",,,,," 1530",",,X","  135","W,,X","   67",",,X",,,,,,,,,,,"    1",",,X"
"AYW00087701","1961-01-26","-72.29444","170.30833","5.2","ADARE HALLETT, AY","   86",",,X","   86",",,X","  102",",,X","    0",",,X","  -56",",,X",,,,," 2048",",,X","  180","W,,X","  159",",,X",,,,,,,"    1",",,X",,,"    1",",,X"
"AYW00087701","1961-01-27","-72.29444","170.30833","5.2","ADARE HALLETT, AY","   61",",,X","   64",",,X","  102",",,X","    6",",,X","  -94",",,X",,,,," 1200",",,X","  180","W,,X","  252",",,X",,,,,,,"    1",",,X",,,"    1",",,X"
"AYW00087701","1961-01-28","-72.29444","170.30833","5.2","ADARE HALLETT, AY","    0",",,X","    0",",,X","   51",",,X","   33",",,X","  -61",",,X",,,,," 0030",",,X","  180","W,,X","  180",",,X",,,,,,,,,,,,
"AYW00087701","1961-01-29","-72.29444","170.30833","5.2","ADARE HALLETT, AY","    0","T,,X","    0","T,,X","    0",",,X","    0",",,X","  -67",",,X",,,,," 1954",",,X","  135","W,,X","  144",",,X",,,,,,,,,,,"    1",",,X"
"AYW00087701","1961-01-30","-72.29444","170.30833","5.2","ADARE HALLETT, AY","    0","T,,X","    0","T,,X","    0",",,X","   -6",",,X","  -67",",,X",,,,," 1506",",,X","  203","W,,X","   98",",,X",,,,,,,,,,,"    1",",,X"
"AYW00087701","1961-01-31","-72.29444","170.30833","5.2","ADARE HALLETT, AY","    0",",,X","    0",",,X","    0",",,X","   56",",,X","  -56",",,X",,,,," 0112",",,X","  180","W,,X","  164",",,X",,,,,,,,,,,,
"AYW00087701","1961-02-01","-72.29444","170.30833","5.2","ADARE HALLETT, AY","    0",",,X","    0",",,X","    0",",,X","   28",",,X","  -50",",,X",,,,," 0118",",,X","  248","W,,X","  129",",,X",,,,,,,,,,,,
"AYW00087701","1961-02-02","-72.29444","170.30833","5.2","ADARE HALLETT, AY","    0","T,,X","    0","T,,X","    0",",,X","   44",",,X","   -6",",,X",,,,," 0406",",,X","  225","W,,X","  113",",,X",,,,,,,,,,,"    1",",,X"
"AYW00087701","1961-02-03","-72.29444","170.30833","5.2","ADARE HALLETT, AY","    0","T,,X","    0","T,,X","    0","T,,X","   33",",,X","  -11",",,X",,,,," 1154",",,X","  113","W,,X","   51",",,X",,,,,,,,,,,"    1",",,X"
"AYW00087701","1961-02-04","-72.29444","170.30833","5.2","ADARE HALLETT, AY","    0",",,X","    0",",,X","    0",",,X","   33",",,X","  -33",",,X",,,,," 0054",",,X","  113","W,,X","   87",",,X","    1",",,X",,,,,,,,,,
"AYW00087701","1961-02-05","-72.29444","170.30833","5.2","ADARE HALLETT, AY","    8",",,X","    8",",,X","    0","T,,X","   11",",,X","  -33",",,X",,,,," 1348",",,X","  135","W,,X","   93",",,X","    1",",,X",,,,,,,,,"    1",",,X"
"AYW00087701","1961-02-06","-72.29444","170.30833","5.2","ADARE HALLETT, AY","    0",",,X","    0",",,X","    0",",,X","   17",",,X","  -28",",,X",,,,," 1742",",,X","  225","W,,X","  159",",,X",,,,,,,,,,,,
"AYW00087701","1961-02-07","-72.29444","170.30833","5.2","ADARE HALLETT, AY","    0",",,X","    0",",,X","    0",",,X","    6",",,X","  -33",",,X",,,,," 1554",",,X","  203","W,,X","  134",",,X",,,,,,,,,,,,
"AYW00087701","1961-02-08","-72.29444","170.30833","5.2","ADARE HALLETT, AY","    0",",,X","    0",",,X","    0",",,X","    6",",,X","  -39",",,X",,,,," 1118",",,X","  225","W,,X","   77",",,X",,,,,,,,,,,,
"AYW00087701","1961-02-09","-72.29444","170.30833","5.2","ADARE HALLETT, AY","    0",",,X","    0",",,X","    0",",,X","   17",",,X","  -56",",,X",,,,," 2230",",,X","  203","W,,X","   15",",,X",,,,,,,,,,,,
"AYW00087701","1961-02-10","-72.29444","170.30833","5.2","ADARE HALLETT, AY","    0","T,,X","    0","T,,X","    0",",,X","  -11",",,X","  -39",",,X",,,,," 0524",",,X","  203","W,,X","  129",",,X",,,,,,,,,,,"    1",",,X"
"AYW00087701","1961-02-11","-72.29444","170.30833","5.2","ADARE HALLETT, AY","    3",",,X","    3",",,X","    0",",,X","  -11",",,X","  -44",",,X",,,,," 0424",",,X","  203","W,,X","   87",",,X",,,,,,,,,,,"    1",",,X"
"AYW00087701","1961-02-12","-72.29444","170.30833","5.2","ADARE HALLETT, AY","    3",",,X","    3",",,X","    0",",,X","  -11",",,X","  -44",",,X",,,,," 2200",",,X","  225","W,,X","  108",",,X",,,,,,,,,,,"    1",",,X"
"AYW00087701","1961-02-13","-72.29444","170.30833","5.2","ADARE HALLETT, AY","    0","T,,X","    0","T,,X","    0",",,X","  -11",",,X","  -56",",,X",,,,," 2354",",,X","  203","W,,X","  108",",,X",,,,,,,,,,,"    1",",,X"
"AYW00087701","1961-02-14","-72.29444","170.30833","5.2","ADARE HALLETT, AY","    0",",,X","    0",",,X","    0",",,X","   33",",,X","  -61",",,X",,,,," 2148",",,X","  225","W,,X","  170",",,X",,,,,,,,,,,,
"AYW00087701","1961-02-15","-72.29444","170.30833","5.2","ADARE HALLETT, AY","    8",",,X","    8",",,X","    0","T,,X","   -6",",,X","  -72",",,X",,,,," 2230",",,X","  180","W,,X","  221",",,X",,,,,,,"    1",",,X",,,"    1",",,X"
"AYW00087701","1961-02-16","-72.29444","170.30833","5.2","ADARE HALLETT, AY","    0","T,,X","    0","T,,X","    0",",,X","  -22",",,X","  -56",",,X",,,,," 2342",",,X","  180","W,,X","  231",",,X",,,,,,,"    1",",,X",,,"    1",",,X"
"AYW00087701","1961-02-17","-72.29444","170.30833","5.2","ADARE HALLETT, AY","   10",",,X","   10",",,X","    0",",,X","  -33",",,X","  -67",",,X",,,,," 1354",",,X","  180","W,,X","  314",",,X",,,,,,,"    1",",,X",,,"    1",",,X"
"AYW00087701","1961-02-18","-72.29444","170.30833","5.2","ADARE HALLETT, AY","   20",",,X","   28",",,X","   51",",,X","  -39",",,X","  -72",",,X",,,,," 0436",",,X","  180","W,,X","  252",",,X",,,,,,,"    1",",,X",,,"    1",",,X"
"AYW00087701","1961-02-19","-72.29444","170.30833","5.2","ADARE HALLETT, AY","    0",",,X","    0",",,X","    0","T,,X","  -17",",,X","  -44",",,X",,,,," 0130",",,X","  180","W,,X","  252",",,X",,,,,,,"    1",",,X",,,,
"AYW00087701","1961-02-20","-72.29444","170.30833","5.2","ADARE HALLETT, AY","    3",",,X","    3",",,X","    0","T,,X","  -22",",,X","  -44",",,X",,,,," 2206",",,X","  180","W,,X","  216",",,X",,,,,,,"    1",",,X",,,"    1",",,X"
"AYW00087701","1961-02-21","-72.29444","170.30833","5.2","ADARE HALLETT, AY","    0","T,,X","    0","T,,X","    0","T,,X","  -33",",,X","  -78",",,X",,,,," 0900",",,X","  203","W,,X","  226",",,X",,,,,,,"    1",",,X",,,"    1",",,X"
"AYW00087701","1961-02-22","-72.29444","170.30833","5.2","ADARE HALLETT, AY","    0","T,,X","    0","T,,X","    0",",,X","  -22",",,X","  -83",",,X",,,,," 0800",",,X","  180","W,,X","  175",",,X",,,,,,,"    1",",,X",,,"    1",",,X"
"AYW00087701","1961-02-23","-72.29444","170.30833","5.2","ADARE HALLETT, AY","    0","T,,X","    0","T,,X","   25",",,X","  -56",",,X","  -89",",,X",,,,," 0254",",,X","  203","W,,X","   62",",,X",,,,,,,,,,,"    1",",,X"
"AYW00087701","1961-02-24","-72.29444","170.30833","5.2","ADARE HALLETT, AY","    5",",,X","   15",",,X","   51",",,X","  -67",",,X","  -89",",,X",,,,,,,,,,,,,,,,,,,,,"    1",",,X"
"AYW00087701","1961-02-25","-72.29444","170.30833","5.2","ADARE HALLETT, AY","    0","T,,X","    0","T,,X","   25",",,X","  -17",",,X","  -89",",,X",,,,," 2118",",,X","  203","W,,X","  242",",,X",,,,,,,"    1",",,X",,,"    1",",,X"
"AYW00087701","1961-02-26","-72.29444","170.30833","5.2","ADARE HALLETT, AY","    0","T,,X","    0","T,,X","   25",",,X","  -22",",,X","  -72",",,X",,,,," 0412",",,X","  180","W,,X","  252",",,X",,,,,,,"    1",",,X",,,"    1",",,X"
"AYW00087701","1961-02-27","-72.29444","170.30833","5.2","ADARE HALLETT, AY","   56",",,X","   66",",,X","   76",",,X","  -39",",,X","  -67",",,X",,,,," 2124",",,X","  203","W,,X","   98",",,X",,,,,,,,,,,"    1",",,X"
"AYW00087701","1961-02-28","-72.29444","170.30833","5.2","ADARE HALLETT, AY","   61",",,X","   76",",,X","   51",",,X","  -28",",,X","  -67",",,X",,,,," 2024",",,X","  225","W,,X","  139",",,X",,,,,,,,,,,"    1",",,X"
"AYW00087701","1961-03-01","-72.29444","170.30833","5.2","ADARE HALLETT, AY","    0",",,X","    0",",,X","   51",",,X","  -17",",,X","  -72",",,X",,,,," 0524",",,X","  225","W,,X","  139",",,X",,,,,,,,,,,,
"AYW00087701","1961-03-02","-72.29444","170.30833","5.2","ADARE HALLETT, AY","    0","T,,X","    0","T,,X","   51",",,X","  -28",",,X","  -78",",,X",,,,," 2324",",,X","  203","W,,X","  190",",,X",,,,,,,"    1",",,X",,,"    1",",,X"
"AYW00087701","1961-03-03","-72.29444","170.30833","5.2","ADARE HALLETT, AY","   46",",,X","   64",",,X","  102",",,X","  -17",",,X","  -56",",,X",,,,," 0312",",,X","  225","W,,X","  206",",,X",,,,,,,"    1",",,X",,,"    1",",,X"
"AYW00087701","1961-03-04","-72.29444","170.30833","5.2","ADARE HALLETT, AY","   20",",,X","   30",",,X","  102",",,X","  -33",",,X","  -83",",,X",,,,," 1930",",,X","  180","W,,X","  252",",,X",,,,,,,"    1",",,X",,,"    1",",,X"
"AYW00087701","1961-03-05","-72.29444","170.30833","5.2","ADARE HALLETT, AY","    0",",,X","    0",",,X","   76",",,X","  -39",",,X","  -94",",,X",,,,," 0148",",,X","  180","W,,X","  252",",,X",,,,,,,"    1",",,X",,,,
"AYW00087701","1961-03-06","-72.29444","170.30833","5.2","ADARE HALLETT, AY","    0","T,,X","    0","T,,X","   76",",,X","  -61",",,X","  -94",",,X",,,,,,,,,,,,,,,,,,,,,"    1",",,X"
"AYW00087701","1961-03-07","-72.29444","170.30833","5.2","ADARE HALLETT, AY","    0",",,X","    0",",,X","   76",",,X","  -17",",,X","  -72",",,X",,,,,,,,,,,,,,,,,,,,,,
"AYW00087701","1961-03-08","-72.29444","170.30833","5.2","ADARE HALLETT, AY","   13",",,X","   25",",,X","  102",",,X","  -17",",,X","  -94",",,X",,,,," 2036",",,X","  225","W,,X","  267",",,X",,,,,,,"    1",",,X",,,"    1",",,X"
"AYW00087701","1961-03-09","-72.29444","170.30833","5.2","ADARE HALLETT, AY","    5",",,X","    5",",,X","   51",",,X","  -39",",,X","  -78",",,X",,,,," 1424",",,X","  203","W,,X","  334",",,X",,,,,,,"    1",",,X",,,"    1",",,X"
"AYW00087701","1961-03-10","-72.29444","170.30833","5.2","ADARE HALLETT, AY","    0",",,X","    0",",,X","   51",",,X","  -39",",,X","  -67",",,X",,,,," 0012",",,X","  203","W,,X","  226",",,X",,,,,,,"    1",",,X",,,,
"AYW00087701","1961-03-11","-72.29444","170.30833","5.2","ADARE HALLETT, AY","    0","T,,X","    0","T,,X","   51",",,X","  -17",",,X","  -89",",,X",,,,," 2318",",,X","   90","W,,X","   87",",,X",,,,,,,,,,,"    1",",,X"
"AYW00087701","1961-03-12","-72.29444","170.30833","5.2","ADARE HALLETT, AY","    3",",,X","    8",",,X","   51",",,X","  -61",",,X"," -111",",,X",,,,," 1454",",,X","  203","W,,X","  139",",,X",,,,,,,,,,,"    1",",,X"
"AYW00087701","1961-03-13","-72.29444","170.30833","5.2","ADARE HALLETT, AY","    0",",,X","    0",",,X","   51",",,X","  -61",",,X"," -133",",,X",,,,," 1918",",,X","  180","W,,X","  329",",,X",,,,,,,"    1",",,X",,,,
"AYW00087701","1961-03-14","-72.29444","170.30833","5.2","ADARE HALLETT, AY","    3",",,X","    3",",,X","   25",",,X","  -50",",,X","  -94",",,X",,,,," 0000",",,X","  180","W,,X","  283",",,X",,,,,,,,,,,"    1",",,X"
"AYW00087701","1961-03-15","-72.29444","170.30833","5.2","ADARE HALLETT, AY","    0","T,,X","    0","T,,X","   25",",,X","  -83",",,X"," -133",",,X",,,,," 1124",",,X","  225","W,,X","  103",",,X",,,,,,,,,,,"    1",",,X"
"AYW00087701","1961-03-16","-72.29444","170.30833","5.2","ADARE HALLETT, AY","    3",",,X","    3",",,X","   25",",,X","  -50",",,X"," -156",",,X",,,,," 0642",",,X","  203","W,,X","   51",",,X",,,,,,,,,,,"    1",",,X"
"AYW00087701","1961-03-17","-72.29444","170.30833","5.2","ADARE HALLETT, AY","   18",",,X","   36",",,X","   51",",,X","  -61",",,X"," -100",",,X",,,,," 2024",",,X","  203","W,,X","   82",",,X",,,,,,,,,,,"    1",",,X"
"AYW00087701","1961-03-18","-72.29444","170.30833","5.2","ADARE HALLETT, AY","   36",",,X","   33",",,X","  102",",,X","  -44",",,X","  -78",",,X",,,,," 1236",",,X","  203","W,,X","   77",",,X",,,,,,,,,,,"    1",",,X"
"AYW00087701","1961-03-19","-72.29444","170.30833","5.2","ADARE HALLETT, AY","   23",",,X","   36",",,X","  102",",,X","  -44",",,X","  -89",",,X",,,,," 2000",",,X","  225","W,,X","  139",",,X",,,,,,,,,,,"    1",",,X"
"AYW00087701","1961-03-20","-72.29444","170.30833","5.2","ADARE HALLETT, AY","    0","T,,X","    0","T,,X","   51",",,X","  -78",",,X"," -111",",,X",,,,," 0100",",,X","  225","W,,X","  159",",,X",,,,,,,,,,,"    1",",,X"
"AYW00087701","1961-03-21","-72.29444","170.30833","5.2","ADARE HALLETT, AY","   10",",,X","   25",",,X","  102",",,X"," -111",",,X"," -144",",,X",,,,," 1030",",,X","  225","W,,X","  113",",,X",,,,,,,,,,,"    1",",,X"
"AYW00087701","1961-03-22","-72.29444","170.30833","5.2","ADARE HALLETT, AY","   10",",,X","   25",",,X","  127",",,X"," -100",",,X"," -139",",,X",,,,," 1212",",,X","  225","W,,X","  113",",,X",,,,,,,,,,,"    1",",,X"
"AYW00087701","1961-03-23","-72.29444","170.30833","5.2","ADARE HALLETT, AY","   20",",,X","   30",",,X","  127",",,X"," -122",",,X"," -156",",,X",,,,," 0130",",,X","  203","W,,X","  113",",,X",,,,,,,,,,,"    1",",,X"
"AYW00087701","1961-03-24","-72.29444","170.30833","5.2","ADARE HALLETT, AY","    3",",,X","    3",",,X","   76",",,X"," -106",",,X"," -156",",,X",,,,," 0712",",,X","  203","W,,X","   72",",,X",,,,,,,,,,,"    1",",,X"
"AYW00087701","1961-03-25","-72.29444","170.30833","5.2","ADARE HALLETT, AY","    3",",,X","    3",",,X","   76",",,X"," -111",",,X"," -156",",,X",,,,," 0818",",,X","  203","W,,X","  144",",,X",,,,,,,,,,,"    1",",,X"
"AYW00087701","1961-03-26","-72.29444","170.30833","5.2","ADARE HALLETT, AY","    0",",,X","    0",",,X","   51",",,X"," -139",",,X"," -189",",,X",,,,," 1300",",,X","  203","W,,X","  180",",,X",,,,,,,,,,,,
"AYW00087701","1961-03-27","-72.29444","170.30833","5.2","ADARE HALLETT, AY","    0","T,,X","    0","T,,X","   51",",,X"," -167",",,X"," -206",",,X",,,,," 0018",",,X","  225","W,,X","  139",",,X",,,,,,,,,,,"    1",",,X"
"AYW00087701","1961-03-28","-72.29444","170.30833","5.2","ADARE HALLETT, AY","    3",",,X","    3",",,X","   51",",,X"," -172",",,X"," -222",",,X",,,,," 2136",",,X","  203","W,,X","  293",",,X",,,,,,,"    1",",,X",,,"    1",",,X"
"AYW00087701","1961-03-29","-72.29444","170.30833","5.2","ADARE HALLETT, AY","    5",",,X","    5",",,X","   51",",,X"," -111",",,X"," -178",",,X",,,,," 0730",",,X","  180","W,,X","  344",",,X",,,,,,,"    1",",,X",,,"    1",",,X"
"AYW00087701","1961-03-30","-72.29444","170.30833","5.2","ADARE HALLETT, AY","    5",",,X","   13",",,X","   51",",,X","  -72",",,X"," -111",",,X",,,,," 1254",",,X","  203","W,,X","  272",",,X",,,,,,,"    1",",,X",,,"    1",",,X"
"AYW00087701","1961-03-31","-72.29444","170.30833","5.2","ADARE HALLETT, AY","    0","T,,X","    0","T,,X","   51",",,X","  -61",",,X"," -106",",,X",,,,," 0136",",,X","  225","W,,X","  216",",,X",,,,,,,"    1",",,X",,,"    1",",,X"
"AYW00087701","1961-04-01","-72.29444","170.30833","5.2","ADARE HALLETT, AY","    3",",,X","    3",",,X","   51",",,X"," -106",",,X"," -200",",,X",,,,," 2336",",,X","  203","W,,X","  221",",,X",,,,,,,"    1",",,X",,,"    1",",,X"
"AYW00087701","1961-04-02","-72.29444","170.30833","5.2","ADARE HALLETT, AY","    0","T,,X","    0","T,,X","   51",",,X"," -122",",,X"," -189",",,X",,,,," 1324",",,X","  180","W,,X","  272",",,X",,,,,,,"    1",",,X",,,"    1",",,X"
"AYW00087701","1961-04-03","-72.29444","170.30833","5.2","ADARE HALLETT, AY","    0",",,X","    0",",,X","   25",",,X","  -83",",,X"," -178",",,X",,,,," 0512",",,X","  180","W,,X","  283",",,X",,,,,,,"    1",",,X",,,,
"AYW00087701","1961-04-04","-72.29444","170.30833","5.2","ADARE HALLETT, AY","    0",",,X","    0",",,X","   25",",,X"," -106",",,X"," -161",",,X",,,,," 1618",",,X","  203","W,,X","   62",",,X",,,,,,,,,,,,
"AYW00087701","1961-04-05","-72.29444","170.30833","5.2","ADARE HALLETT, AY","   10",",,X","   20",",,X","   51",",,X"," -100",",,X"," -139",",,X",,,,," 1630",",,X","  225","W,,X","   62",",,X",,,,,,,,,,,"    1",",,X"
"AYW00087701","1961-04-06","-72.29444","170.30833","5.2","ADARE HALLETT, AY","    3",",,X","    5",",,X","   25",",,X","  -94",",,X"," -150",",,X",,,,," 0900",",,X","  180","W,,X","   26",",,X",,,,,,,,,,,"    1",",,X"
"AYW00087701","1961-04-07","-72.29444","170.30833","5.2","ADARE HALLETT, AY","    0",",,X","    0",",,X","   25",",,X"," -100",",,X"," -156",",,X",,,,," 2324",",,X","  225","W,,X","  164",",,X",,,,,,,"    1",",,X",,,,
"AYW00087701","1961-04-08","-72.29444","170.30833","5.2","ADARE HALLETT, AY","    3",",,X","    3",",,X","   25",",,X","  -78",",,X"," -128",",,X",,,,," 0124",",,X","  225","W,,X","  159",",,X",,,,,,,"    1",",,X",,,"    1",",,X"
"AYW00087701","1961-04-09","-72.29444","170.30833","5.2","ADARE HALLETT, AY","    5",",,X","   13",",,X","   25",",,X"," -106",",,X"," -156",",,X",,,,," 0612",",,X","  248","W,,X","  123",",,X",,,,,,,,,,,"    1",",,X"
"AYW00087701","1961-04-10","-72.29444","170.30833","5.2","ADARE HALLETT, AY","    0","T,,X","    0","T,,X","   25",",,X"," -144",",,X"," -189",",,X",,,,," 1412",",,X","  225","W,,X","  134",",,X",,,,,,,"    1",",,X",,,"    1",",,X"
"AYW00087701","1961-04-11","-72.29444","170.30833","5.2","ADARE HALLETT, AY","    0",",,X","    0",",,X","   25",",,X"," -106",",,X"," -189",",,X",,,,," 0718",",,X","  225","W,,X","  144",",,X",,,,,,,,,,,,
"AYW00087701","1961-04-12","-72.29444","170.30833","5.2","ADARE HALLETT, AY","    0",",,X","    0",",,X","   25",",,X"," -133",",,X"," -200",",,X",,,,," 2354",",,X","  360","W,,X","   46",",,X",,,,,,,,,,,,
"AYW00087701","1961-04-13","-72.29444","170.30833","5.2","ADARE HALLETT, AY","    0",",,X","    0",",,X","   25",",,X","  -67",",,X"," -189",",,X",,,,," 2036",",,X","  203","W,,X","  262",",,X",,,,,,,"    1",",,X",,,,
"AYW00087701","1961-04-14","-72.29444","170.30833","5.2","ADARE HALLETT, AY","    0","T,,X","    0","T,,X","   25",",,X","  -56",",,X"," -122",",,X",,,,," 0200",",,X","  180","W,,X","  206",",,X",,,,,,,"    1",",,X",,,"    1",",,X"
"AYW00087701","1961-04-15","-72.29444","170.30833","5.2","ADARE HALLETT, AY","    0","T,,X","    0","T,,X","   25",",,X","  -56",",,X"," -117",",,X",,,,," 2348",",,X","  180","W,,X","  257",",,X",,,,,,,"    1",",,X",,,"    1",",,X"
"AYW00087701","1961-04-16","-72.29444","170.30833","5.2","ADARE HALLETT, AY","    0","T,,X","    0","T,,X","   25",",,X","  -44",",,X","  -78",",,X",,,,," 0254",",,X","  180","W,,X","  329",",,X",,,,,,,"    1",",,X",,,"    1",",,X"
"AYW00087701","1961-04-17","-72.29444","170.30833","5.2","ADARE HALLETT, AY","    0","T,,X","    0","T,,X","   25",",,X","  -17",",,X"," -100",",,X",,,,," 2136",",,X","   45","W,,X","  154",",,X",,,,,,,"    1",",,X",,,"    1",",,X"
"AYW00087701","1961-04-18","-72.29444","170.30833","5.2","ADARE HALLETT, AY","    0","T,,X","    0","T,,X","   25",",,X","  -61",",,X"," -111",",,X",,,,," 0948",",,X","  225","W,,X","  195",",,X",,,,,,,,,,,"    1",",,X"
"AYW00087701","1961-04-19","-72.29444","170.30833","5.2","ADARE HALLETT, AY","    3",",,X","    8",",,X","   25",",,X","  -83",",,X"," -183",",,X",,,,," 2300",",,X","  158","W,,X","   46",",,X",,,,,,,,,,,"    1",",,X"
"AYW00087701","1961-04-20","-72.29444","170.30833","5.2","ADARE HALLETT, AY","    8",",,X","   18",",,X","   51",",,X"," -139",",,X"," -183",",,X",,,,," 2200",",,X","  203","W,,X","  108",",,X",,,,,,,,,,,"    1",",,X"
"AYW00087701","1961-04-21","-72.29444","170.30833","5.2","ADARE HALLETT, AY","    0","T,,X","    0","T,,X","   25",",,X"," -167",",,X"," -233",",,X",,,,," 0118",",,X","  225","W,,X","   87",",,X",,,,,,,,,,,"    1",",,X"
"AYW00087701","1961-04-22","-72.29444","170.30833","5.2","ADARE HALLETT, AY","    0",",,X","    0",",,X","   25",",,X"," -178",",,X"," -239",",,X",,,,," 0400",",,X","  203","W,,X","   46",",,X",,,,,,,,,,,,
"AYW00087701","1961-04-23","-72.29444","170.30833","5.2","ADARE HALLETT, AY","    0",",,X","    0",",,X","   25",",,X"," -106",",,X"," -222",",,X",,,,," 1918",",,X","  203","W,,X","  118",",,X",,,,,,,,,,,,
"AYW00087701","1961-04-24","-72.29444","170.30833","5.2","ADARE HALLETT, AY","    0",",,X","    0",",,X","   25",",,X"," -122",",,X"," -183",",,X",,,,," 0536",",,X","  203","W,,X","   57",",,X",,,,,,,,,,,,
"AYW00087701","1961-04-25","-72.29444","170.30833","5.2","ADARE HALLETT, AY","    3",",,X","    8",",,X","   25",",,X"," -122",",,X"," -183",",,X",,,,," 1424",",,X","  225","W,,X","  216",",,X",,,,,,,"    1",",,X",,,"    1",",,X"
"AYW00087701","1961-04-26","-72.29444","170.30833","5.2","ADARE HALLETT, AY","    0","T,,X","    0","T,,X","   25",",,X"," -167",",,X"," -228",",,X",,,,," 1424",",,X","  225","W,,X","  216",",,X",,,,,,,,,,,"    1",",,X"
"AYW00087701","1961-04-27","-72.29444","170.30833","5.2","ADARE HALLETT, AY","    0","T,,X","    0","T,,X","   25",",,X"," -211",",,X"," -272",",,X",,,,," 0206",",,X","  225","W,,X","   93",",,X",,,,,,,,,,,"    1",",,X"
"AYW00087701","1961-04-28","-72.29444","170.30833","5.2","ADARE HALLETT, AY","    0","T,,X","    0","T,,X","   25",",,X"," -194",",,X"," -250",",,X",,,,," 0006",",,X","  113","W,,X","   82",",,X",,,,,,,,,,,"    1",",,X"
"AYW00087701","1961-04-29","-72.29444","170.30833","5.2","ADARE HALLETT, AY","    0","T,,X","    0","T,,X","   25",",,X"," -189",",,X"," -261",",,X",,,,," 1500",",,X","  270","W,,X","   31",",,X",,,,,,,,,,,"    1",",,X"
"AYW00087701","1961-04-30","-72.29444","170.30833","5.2","ADARE HALLETT, AY","    0",",,X","    0",",,X","   25",",,X"," -189",",,X"," -239",",,X",,,,," 1842",",,X","  225","W,,X","   51",",,X",,,,,,,,,,,,
"AYW00087701","1961-05-01","-72.29444","170.30833","5.2","ADARE HALLETT, AY","    0",",,X","    0",",,X","   25",",,X"," -183",",,X"," -261",",,X",,,,," 1712",",,X","  225","W,,X","   46",",,X",,,,,,,,,,,,
"AYW00087701","1961-05-02","-72.29444","170.30833","5.2","ADARE HALLETT, AY","    0",",,X","    0",",,X","   25",",,X"," -161",",,X"," -217",",,X",,,,," 1806",",,X","  225","W,,X","  144",",,X",,,,,,,,,,,,
"AYW00087701","1961-05-03","-72.29444","170.30833","5.2","ADARE HALLETT, AY","    0",",,X","    0",",,X","   25",",,X"," -194",",,X"," -283",",,X",,,,," 0718",",,X","  225","W,,X","   46",",,X",,,,,,,,,,,,
"AYW00087701","1961-05-04","-72.29444","170.30833","5.2","ADARE HALLETT, AY","    0",",,X","    0",",,X","   25",",,X"," -194",",,X"," -278",",,X",,,,," 2018",",,X","  180","W,,X","  103",",,X",,,,,,,,,,,,
"AYW00087701","1961-05-05","-72.29444","170.30833","5.2","ADARE HALLETT, AY","    0",",,X","    0",",,X","    0",",,X"," -172",",,X"," -233",",,X",,,,," 0312",",,X","  248","W,,X","  159",",,X",,,,,,,,,,,,
"AYW00087701","1961-05-06","-72.29444","170.30833","5.2","ADARE HALLETT, AY","    0","T,,X","    0","T,,X","   25",",,X"," -150",",,X"," -267",",,X",,,,," 2018",",,X","  203","W,,X","   67",",,X",,,,,,,,,,,"    1",",,X"
"AYW00087701","1961-05-07","-72.29444","170.30833","5.2","ADARE HALLETT, AY","    3",",,X","    8",",,X","   25",",,X"," -183",",,X"," -228",",,X",,,,," 0700",",,X","  270","W,,X","   77",",,X",,,,,,,,,,,"    1",",,X"
"AYW00087701","1961-05-08","-72.29444","170.30833","5.2","ADARE HALLETT, AY","    0","T,,X","    0","T,,X","   25",",,X"," -183",",,X"," -233",",,X",,,,," 1724",",,X","  135","W,,X","   67",",,X",,,,,,,,,,,"    1",",,X"
"AYW00087701","1961-05-09","-72.29444","170.30833","5.2","ADARE HALLETT, AY","    0","T,,X","    0","T,,X","   25",",,X"," -194",",,X"," -228",",,X",,,,," 1712",",,X","  203","W,,X","  164",",,X",,,,,,,"    1",",,X",,,"    1",",,X"
"AYW00087701","1961-05-10","-72.29444","170.30833","5.2","ADARE HALLETT, AY","    3",",,X","    3",",,X","   25",",,X"," -183",",,X"," -233",",,X",,,,," 0636",",,X","  225","W,,X","  159",",,X",,,,,,,,,,,"    1",",,X"
"AYW00087701","1961-05-11","-72.29444","170.30833","5.2","ADARE HALLETT, AY","    0",",,X","    0",",,X","   25",",,X"," -167",",,X"," -250",",,X",,,,," 1542",",,X","  225","W,,X","   77",",,X",,,,,,,,,,,,
"AYW00087701","1961-05-12","-72.29444","170.30833","5.2","ADARE HALLETT, AY","    0","T,,X","    0","T,,X","   25",",,X"," -217",",,X"," -267",",,X",,,,," 2330",",,X","  225","W,,X","   36",",,X",,,,,,,,,,,"    1",",,X"
"AYW00087701","1961-05-13","-72.29444","170.30833","5.2","ADARE HALLETT, AY","    0",",,X","    0",",,X","   25",",,X"," -161",",,X"," -256",",,X",,,,," 1324",",,X","  225","W,,X","  103",",,X",,,,,,,,,,,,
"AYW00087701","1961-05-14","-72.29444","170.30833","5.2","ADARE HALLETT, AY","    0",",,X","    0",",,X","   25",",,X"," -117",",,X"," -239",",,X",,,,," 0018",",,X","  225","W,,X","  118",",,X",,,,,,,,,,,,
"AYW00087701","1961-05-15","-72.29444","170.30833","5.2","ADARE HALLETT, AY","    0",",,X","    0",",,X","   25",",,X"," -194",",,X"," -261",",,X",,,,," 1606",",,X","  248","W,,X","   46",",,X",,,,,,,,,,,,
"AYW00087701","1961-05-16","-72.29444","170.30833","5.2","ADARE HALLETT, AY","    0",",,X","    0",",,X","   25",",,X"," -194",",,X"," -261",",,X",,,,," 1624",",,X","  203","W,,X","   57",",,X",,,,,,,,,,,,
"AYW00087701","1961-05-17","-72.29444","170.30833","5.2","ADARE HALLETT, AY","    0",",,X","    0",",,X","   25",",,X","  -72",",,X"," -250",",,X",,,,," 1930",",,X","  180","W,,X","  206",",,X",,,,,,,,,,,,
"AYW00087701","1961-05-18","-72.29444","170.30833","5.2","ADARE HALLETT, AY","    0","T,,X","    0","T,,X","   25",",,X","  -94",",,X"," -233",",,X",,,,," 0030",",,X","  158","W,,X","  129",",,X",,,,,,,,,,,"    1",",,X"
"AYW00087701","1961-05-19","-72.29444","170.30833","5.2","ADARE HALLETT, AY","    0","T,,X","    0","T,,X","   25",",,X"," -167",",,X"," -222",",,X",,,,," 1518",",,X","  248","W,,X","   36",",,X",,,,,,,,,,,"    1",",,X"
"AYW00087701","1961-05-20","-72.29444","170.30833","5.2","ADARE HALLETT, AY","    0","T,,X","    0","T,,X","   25",",,X"," -167",",,X"," -222",",,X",,,,," 0648",",,X","  225","W,,X","   67",",,X",,,,,,,,,,,"    1",",,X"
"AYW00087701","1961-05-21","-72.29444","170.30833","5.2","ADARE HALLETT, AY","    0","T,,X","    0","T,,X","   25",",,X"," -206",",,X"," -261",",,X",,,,," 2130",",,X","  225","W,,X","   67",",,X",,,,,,,,,,,"    1",",,X"
"AYW00087701","1961-05-22","-72.29444","170.30833","5.2","ADARE HALLETT, AY","    0",",,X","    0",",,X","   25",",,X"," -211",",,X"," -283",",,X",,,,," 1718",",,X","  225","W,,X","   31",",,X",,,,,,,,,,,,
"AYW00087701","1961-05-23","-72.29444","170.30833","5.2","ADARE HALLETT, AY","    0",",,X","    0",",,X","   25",",,X"," -239",",,X"," -294",",,X",,,,," 0724",",,X","  270","W,,X","   36",",,X",,,,,,,,,,,,
"AYW00087701","1961-05-24","-72.29444","170.30833","5.2","ADARE HALLETT, AY","    0",",,X","    0",",,X","   25",",,X"," -200",",,X"," -294",",,X",,,,," 0818",",,X","  293","W,,X","   51",",,X",,,,,,,,,,,,
"AYW00087701","1961-05-25","-72.29444","170.30833","5.2","ADARE HALLETT, AY","    8",",,X","   33",",,X","   51",",,X"," -189",",,X"," -228",",,X",,,,," 2148",",,X","  338","W,,X","   31",",,X",,,,,,,,,,,"    1",",,X"
"AYW00087701","1961-05-26","-72.29444","170.30833","5.2","ADARE HALLETT, AY","    0","T,,X","    0","T,,X","   51",",,X"," -139",",,X"," -200",",,X",,,,," 0600",",,X","  203","W,,X","  139",",,X",,,,,,,,,,,"    1",",,X"
"AYW00087701","1961-05-27","-72.29444","170.30833","5.2","ADARE HALLETT, AY","    0",",,X","    0",",,X","   51",",,X"," -128",",,X"," -244",",,X",,,,," 1100",",,X","  203","W,,X","  159",",,X",,,,,,,,,,,,
"AYW00087701","1961-05-28","-72.29444","170.30833","5.2","ADARE HALLETT, AY","    0",",,X","    0",",,X","   25",",,X"," -217",",,X"," -278",",,X",,,,," 1718",",,X","   45","W,,X","   41",",,X",,,,,,,,,,,,
"AYW00087701","1961-05-29","-72.29444","170.30833","5.2","ADARE HALLETT, AY","    5",",,X","   13",",,X","   25",",,X"," -200",",,X"," -239",",,X",,,,," 1930",",,X","  225","W,,X","  200",",,X",,,,,,,,,,,"    1",",,X"
"AYW00087701","1961-05-30","-72.29444","170.30833","5.2","ADARE HALLETT, AY","    0",",,X","    0",",,X","   25",",,X"," -172",",,X"," -222",",,X",,,,," 0842",",,X","  225","W,,X","  236",",,X",,,,,,,"    1",",,X",,,,
"AYW00087701","1961-05-31","-72.29444","170.30833","5.2","ADARE HALLETT, AY","    0",",,X","    0",",,X","   25",",,X"," -172",",,X"," -244",",,X",,,,," 0000",",,X","  203","W,,X","  159",",,X",,,,,,,,,,,,
"AYW00087701","1961-06-01","-72.29444","170.30833","5.2","ADARE HALLETT, AY","    0",",,X","    0",",,X","   25",",,X"," -228",",,X"," -289",",,X",,,,," 1018",",,X","  203","W,,X","   31",",,X",,,,,,,,,,,,
"AYW00087701","1961-06-02","-72.29444","170.30833","5.2","ADARE HALLETT, AY","    0",",,X","    0",",,X","   25",",,X"," -267",",,X"," -306",",,X",,,,," 2124",",,X","  203","W,,X","   36",",,X",,,,,,,,,,,,
"AYW00087701","1961-06-03","-72.29444","170.30833","5.2","ADARE HALLETT, AY","    8",",,X","   18",",,X","   51",",,X"," -178",",,X"," -294",",,X",,,,," 2330",",,X","  248","W,,X","   98",",,X",,,,,,,,,,,"    1",",,X"
"AYW00087701","1961-06-04","-72.29444","170.30833","5.2","ADARE HALLETT, AY","    0","T,,X","    0","T,,X","   25",",,X"," -178",",,X"," -278",",,X",,,,," 0106",",,X","  248","W,,X","  108",",,X",,,,,,,,,,,"    1",",,X"
"AYW00087701","1961-06-05","-72.29444","170.30833","5.2","ADARE HALLETT, AY","    0","T,,X","    0","T,,X","   25",",,X"," -156",",,X"," -217",",,X",,,,," 1900",",,X","  203","W,,X","   46",",,X",,,,,,,,,,,"    1",",,X"
"AYW00087701","1961-06-06","-72.29444","170.30833","5.2","ADARE HALLETT, AY","    0",",,X","    0",",,X","   25",",,X"," -183",",,X"," -289",",,X",,,,," 1112",",,X","  203","W,,X","   41",",,X",,,,,,,,,,,,
"AYW00087701","1961-06-07","-72.29444","170.30833","5.2","ADARE HALLETT, AY","    0",",,X","    0",",,X","   25",",,X"," -178",",,X"," -283",",,X",,,,," 0854",",,X","  203","W,,X","  190",",,X",,,,,,,,,,,,
"AYW00087701","1961-06-08","-72.29444","170.30833","5.2","ADARE HALLETT, AY","   76",",,X","  152",",,X","  178",",,X"," -200",",,X"," -267",",,X",,,,," 1612",",,X","  180","W,,X","  401",",,X",,,,,,,"    1",",,X",,,"    1",",,X"
"AYW00087701","1961-06-09","-72.29444","170.30833","5.2","ADARE HALLETT, AY","   66",",,X","  140",",,X","  330",",,X"," -106",",,X"," -200",",,X",,,,," 1642",",,X","  180","W,,X","  365",",,X",,,,,,,"    1",",,X",,,"    1",",,X"
"AYW00087701","1961-06-10","-72.29444","170.30833","5.2","ADARE HALLETT, AY","    0","T,,X","    0","T,,X","  203",",,X","  -72",",,X"," -217",",,X",,,,," 0242",",,X","  203","W,,X","  195",",,X",,,,,,,"    1",",,X",,,"    1",",,X"
"AYW00087701","1961-06-11","-72.29444","170.30833","5.2","ADARE HALLETT, AY","    0","T,,X","    0","T,,X","  102",",,X"," -156",",,X"," -211",",,X",,,,," 0024",",,X","  158","W,,X","   87",",,X",,,,,,,,,,,"    1",",,X"
"AYW00087701","1961-06-12","-72.29444","170.30833","5.2","ADARE HALLETT, AY","    0","T,,X","    0","T,,X","  102",",,X"," -161",",,X"," -228",",,X",,,,," 2118",",,X","  113","W,,X","   51",",,X",,,,,,,,,,,"    1",",,X"
"AYW00087701","1961-06-13","-72.29444","170.30833","5.2","ADARE HALLETT, AY","    3",",,X","    5",",,X","  102",",,X"," -150",",,X"," -183",",,X",,,,," 2130",",,X","  203","W,,X","  221",",,X","    1",",,X",,,,,"    1",",,X",,,"    1",",,X"
"AYW00087701","1961-06-14","-72.29444","170.30833","5.2","ADARE HALLETT, AY","    0","T,,X","    0","T,,X","  102",",,X"," -144",",,X"," -194",",,X",,,,," 1918",",,X","  203","W,,X","  226",",,X",,,,,,,"    1",",,X",,,"    1",",,X"
"AYW00087701","1961-06-15","-72.29444","170.30833","5.2","ADARE HALLETT, AY","    0",",,X","    0",",,X","   76",",,X"," -122",",,X"," -206",",,X",,,,," 0230",",,X","  225","W,,X","  154",",,X",,,,,,,,,,,,
"AYW00087701","1961-06-16","-72.29444","170.30833","5.2","ADARE HALLETT, AY","    0",",,X","    0",",,X","   76",",,X"," -200",",,X"," -278",",,X",,,,," 1736",",,X","  203","W,,X","  195",",,X",,,,,,,,,,,,
"AYW00087701","1961-06-17","-72.29444","170.30833","5.2","ADARE HALLETT, AY","    0",",,X","    0",",,X","   51",",,X"," -222",",,X"," -283",",,X",,,,," 2042",",,X","  203","W,,X","   57",",,X",,,,,,,,,,,,
"AYW00087701","1961-06-18","-72.29444","170.30833","5.2","ADARE HALLETT, AY","    0",",,X","    0",",,X","    0",",,X"," -211",",,X"," -300",",,X",,,,," 0730",",,X","  203","W,,X","  129",",,X",,,,,,,,,,,,
"AYW00087701","1961-06-19","-72.29444","170.30833","5.2","ADARE HALLETT, AY","    0",",,X","    0",",,X","   25",",,X"," -233",",,X"," -294",",,X",,,,," 2324",",,X","  180","W,,X","  257",",,X",,,,,,,"    1",",,X",,,,
"AYW00087701","1961-06-20","-72.29444","170.30833","5.2","ADARE HALLETT, AY","    0","T,,X","    0","T,,X","   25",",,X"," -222",",,X"," -322",",,X",,,,," 0218",",,X","  180","W,,X","  242",",,X",,,,,,,"    1",",,X",,,"    1",",,X"
"AYW00087701","1961-06-21","-72.29444","170.30833","5.2","ADARE HALLETT, AY","    0","T,,X","    0","T,,X","   25",",,X"," -267",",,X"," -311",",,X",,,,," 1130",",,X","  203","W,,X","   51",",,X",,,,,,,,,,,"    1",",,X"
"AYW00087701","1961-06-22","-72.29444","170.30833","5.2","ADARE HALLETT, AY","    0",",,X","    0",",,X","   25",",,X"," -256",",,X"," -300",",,X",,,,," 0054",",,X","  225","W,,X","   31",",,X",,,,,,,,,,,,
"AYW00087701","1961-06-23","-72.29444","170.30833","5.2","ADARE HALLETT, AY","    0",",,X","    0",",,X","   25",",,X"," -194",",,X"," -283",",,X",,,,," 0906",",,X","  270","W,,X","   36",",,X",,,,,,,,,,,,
"AYW00087701","1961-06-24","-72.29444","170.30833","5.2","ADARE HALLETT, AY","    0","T,,X","    0","T,,X","   25",",,X"," -261",",,X"," -311",",,X",,,,," 0130",",,X","  225","W,,X","   31",",,X",,,,,,,,,,,"    1",",,X"
"AYW00087701","1961-06-25","-72.29444","170.30833","5.2","ADARE HALLETT, AY","    0","T,,X","    0","T,,X","   25",",,X"," -272",",,X"," -339",",,X",,,,," 0654",",,X","  225","W,,X","   26",",,X",,,,,,,,,,,"    1",",,X"
"AYW00087701","1961-06-26","-72.29444","170.30833","5.2","ADARE HALLETT, AY","   13",",,X","   18",",,X","   51",",,X"," -228",",,X"," -328",",,X",,,,," 0600",",,X","  225","W,,X","   31",",,X",,,,,,,,,,,"    1",",,X"
"AYW00087701","1961-06-27","-72.29444","170.30833","5.2","ADARE HALLETT, AY","   30",",,X","   56",",,X","  102",",,X"," -189",",,X"," -239",",,X",,,,," 1130",",,X","  270","W,,X","   36",",,X",,,,,,,,,,,"    1",",,X"
"AYW00087701","1961-06-28","-72.29444","170.30833","5.2","ADARE HALLETT, AY","    3",",,X","    5",",,X","  102",",,X"," -178",",,X"," -250",",,X",,,,," 0736",",,X","  225","W,,X","  190",",,X",,,,,,,,,,,"    1",",,X"
"AYW00087701","1961-06-29","-72.29444","170.30833","5.2","ADARE HALLETT, AY","   10",",,X","   23",",,X","  127",",,X"," -189",",,X"," -256",",,X",,,,," 1706",",,X","  225","W,,X","   31",",,X",,,,,,,,,,,"    1",",,X"
"AYW00087701","1961-06-30","-72.29444","170.30833","5.2","ADARE HALLETT, AY","   13",",,X","   18",",,X","  127",",,X"," -200",",,X"," -222",",,X",,,,," 2348",",,X","  203","W,,X","  272",",,X",,,,,,,"    1",",,X",,,"    1",",,X"
"AYW00087701","1961-07-01","-72.29444","170.30833","5.2","ADARE HALLETT, AY","    8",",,X","   13",",,X","  152",",,X"," -211",",,X"," -256",",,X",,,,," 0000",",,X","  203","W,,X","  272",",,X",,,,,,,"    1",",,X",,,"    1",",,X"
"AYW00087701","1961-07-02","-72.29444","170.30833","5.2","ADARE HALLETT, AY","    0",",,X","    0",",,X","  152",",,X"," -239",",,X"," -306",",,X",,,,," 0242",",,X","  225","W,,X","  108",",,X",,,,,,,,,,,,
"AYW00087701","1961-07-03","-72.29444","170.30833","5.2","ADARE HALLETT, AY","    0",",,X","    0",",,X","  152",",,X"," -217",",,X"," -306",",,X",,,,," 0336",",,X","  270","W,,X","   87",",,X",,,,,,,,,,,,
"AYW00087701","1961-07-04","-72.29444","170.30833","5.2","ADARE HALLETT, AY","    0",",,X","    0",",,X","  152",",,X"," -183",",,X"," -222",",,X",,,,," 2136",",,X","  203","W,,X","  329",",,X",,,,,,,"    1",",,X",,,,
"AYW00087701","1961-07-05","-72.29444","170.30833","5.2","ADARE HALLETT, AY","    0",",,X","    0",",,X","  152",",,X"," -106",",,X"," -194",",,X",,,,," 2300",",,X","  180","W,,X","  344",",,X",,,,,,,"    1",",,X",,,,
"AYW00087701","1961-07-06","-72.29444","170.30833","5.2","ADARE HALLETT, AY","    0",",,X","    0",",,X","  152",",,X","  -39",",,X"," -122",",,X",,,,," 0130",",,X","  203","W,,X","  308",",,X",,,,,,,"    1",",,X",,,,
"AYW00087701","1961-07-07","-72.29444","170.30833","5.2","ADARE HALLETT, AY","    0",",,X","    0",",,X","  127",",,X"," -100",",,X"," -156",",,X",,,,," 0006",",,X","  225","W,,X","  164",",,X",,,,,,,,,,,,
"AYW00087701","1961-07-08","-72.29444","170.30833","5.2","ADARE HALLETT, AY","    0",",,X","    0",",,X","  127",",,X"," -128",",,X"," -244",",,X",,,,," 0918",",,X","  203","W,,X","  139",",,X",,,,,,,,,,,,
"AYW00087701","1961-07-09","-72.29444","170.30833","5.2","ADARE HALLETT, AY","    0","T,,X","    0","T,,X","  127",",,X"," -211",",,X"," -256",",,X",,,,," 0900",",,X","  225","W,,X","   41",",,X",,,,,,,,,,,"    1",",,X"
"AYW00087701","1961-07-10","-72.29444","170.30833","5.2","ADARE HALLETT, AY","    0",",,X","    0",",,X","  102",",,X"," -228",",,X"," -289",",,X",,,,," 2330",",,X","  248","W,,X","  113",",,X",,,,,,,,,,,,
"AYW00087701","1961-07-11","-72.29444","170.30833","5.2","ADARE HALLETT, AY","    0",",,X","    0",",,X","  102",",,X"," -189",",,X"," -261",",,X",,,,," 1206",",,X","  225","W,,X","  257",",,X",,,,,,,,,,,,
"AYW00087701","1961-07-12","-72.29444","170.30833","5.2","ADARE HALLETT, AY","    0",",,X","    0",",,X","  102",",,X"," -194",",,X"," -250",",,X",,,,," 2306",",,X","  225","W,,X","  195",",,X",,,,,,,,,,,,
"AYW00087701","1961-07-13","-72.29444","170.30833","5.2","ADARE HALLETT, AY","    0","T,,X","    0","T,,X","  102",",,X"," -150",",,X"," -228",",,X",,,,," 0000",",,X","  225","W,,X","  200",",,X",,,,,,,,,,,"    1",",,X"
"AYW00087701","1961-07-14","-72.29444","170.30833","5.2","ADARE HALLETT, AY","    0",",,X","    0",",,X","  102",",,X"," -194",",,X"," -256",",,X",,,,," 2400",",,X","  203","W,,X","   62",",,X",,,,,,,,,,,,
"AYW00087701","1961-07-15","-72.29444","170.30833","5.2","ADARE HALLETT, AY","   43",",,X","   41",",,X","  127",",,X"," -172",",,X"," -267",",,X",,,,," 2348",",,X","  225","W,,X","  221",",,X",,,,,,,"    1",",,X",,,"    1",",,X"
"AYW00087701","1961-07-16","-72.29444","170.30833","5.2","ADARE HALLETT, AY","    8",",,X","   10",",,X","  152",",,X"," -194",",,X"," -272",",,X",,,,," 0554",",,X","  203","W,,X","  267",",,X",,,,,,,"    1",",,X",,,"    1",",,X"
"AYW00087701","1961-07-17","-72.29444","170.30833","5.2","ADARE HALLETT, AY","    0",",,X","    0",",,X","  152",",,X"," -239",",,X"," -322",",,X",,,,," 0454",",,X","  203","W,,X","   67",",,X",,,,,,,,,,,,
"AYW00087701","1961-07-18","-72.29444","170.30833","5.2","ADARE HALLETT, AY","    0","T,,X","    0","T,,X","  152",",,X"," -244",",,X"," -317",",,X",,,,," 2318",",,X","  225","W,,X","  134",",,X",,,,,,,,,,,"    1",",,X"
"AYW00087701","1961-07-19","-72.29444","170.30833","5.2","ADARE HALLETT, AY","    0","T,,X","    0","T,,X","  152",",,X"," -244",",,X"," -311",",,X",,,,," 2236",",,X","  225","W,,X","  211",",,X",,,,,,,"    1",",,X",,,"    1",",,X"
"AYW00087701","1961-07-20","-72.29444","170.30833","5.2","ADARE HALLETT, AY","    0",",,X","    0",",,X","  152",",,X"," -267",",,X"," -333",",,X",,,,," 0536",",,X","  203","W,,X","  175",",,X",,,,,,,"    1",",,X",,,,
"AYW00087701","1961-07-21","-72.29444","170.30833","5.2","ADARE HALLETT, AY","    0",",,X","    0",",,X","  152",",,X"," -261",",,X"," -311",",,X",,,,," 2000",",,X","  180","W,,X","  226",",,X",,,,,,,"    1",",,X",,,,
"AYW00087701","1961-07-22","-72.29444","170.30833","5.2","ADARE HALLETT, AY","    0",",,X","    0",",,X","  152",",,X"," -267",",,X"," -356",",,X",,,,," 0012",",,X","  180","W,,X","  221",",,X",,,,,,,"    1",",,X",,,,
"AYW00087701","1961-07-23","-72.29444","170.30833","5.2","ADARE HALLETT, AY","    0",",,X","    0",",,X","  152",",,X"," -317",",,X"," -383",",,X",,,,," 1636",",,X","  203","W,,X","   51",",,X",,,,,,,,,,,,
"AYW00087701","1961-07-24","-72.29444","170.30833","5.2","ADARE HALLETT, AY","    0",",,X","    0",",,X","  152",",,X"," -289",",,X"," -389",",,X",,,,," 1018",",,X","   68","W,,X","   41",",,X",,,,,,,,,,,,
"AYW00087701","1961-07-25","-72.29444","170.30833","5.2","ADARE HALLETT, AY","    0",",,X","    0",",,X","  152",",,X"," -261",",,X"," -339",",,X",,,,," 0554",",,X","  203","W,,X","   41",",,X",,,,,,,,,,,,
"AYW00087701","1961-07-26","-72.29444","170.30833","5.2","ADARE HALLETT, AY","    0",",,X","    0",",,X","  127",",,X"," -161",",,X"," -333",",,X",,,,," 2006",",,X","  180","W,,X","  200",",,X",,,,,,,,,,,,
"AYW00087701","1961-07-27","-72.29444","170.30833","5.2","ADARE HALLETT, AY","    0","T,,X","    0","T,,X","  127",",,X"," -194",",,X"," -317",",,X",,,,," 0124",",,X","  360","W,,X","   93",",,X",,,,,,,,,,,"    1",",,X"
"AYW00087701","1961-07-28","-72.29444","170.30833","5.2","ADARE HALLETT, AY","    0","T,,X","    0","T,,X","  127",",,X"," -272",",,X"," -339",",,X",,,,," 2130",",,X","  270","W,,X","  185",",,X",,,,,,,,,,,"    1",",,X"
"AYW00087701","1961-07-29","-72.29444","170.30833","5.2","ADARE HALLETT, AY","    0",",,X","    0",",,X","  127",",,X"," -183",",,X"," -311",",,X",,,,," 1330",",,X","  225","W,,X","  175",",,X",,,,,,,,,,,,
"AYW00087701","1961-07-30","-72.29444","170.30833","5.2","ADARE HALLETT, AY","    5",",,X","   13",",,X","  127",",,X"," -239",",,X"," -328",",,X",,,,," 2342",",,X","  135","W,,X","   72",",,X",,,,,,,,,,,"    1",",,X"
"AYW00087701","1961-07-31","-72.29444","170.30833","5.2","ADARE HALLETT, AY","    0","T,,X","    0","T,,X","  127",",,X"," -256",",,X"," -389",",,X",,,,," 0054",",,X","  135","W,,X","   87",",,X",,,,,,,,,,,"    1",",,X"
"AYW00087701","1961-08-01","-72.29444","170.30833","5.2","ADARE HALLETT, AY","    0",",,X","    0",",,X","  127",",,X"," -333",",,X"," -417",",,X",,,,," 1248",",,X","  225","W,,X","   36",",,X",,,,,,,,,,,,
"AYW00087701","1961-08-02","-72.29444","170.30833","5.2","ADARE HALLETT, AY","    0",",,X","    0",",,X","  127",",,X"," -372",",,X"," -422",",,X",,,,," 1036",",,X","  225","W,,X","   41",",,X",,,,,,,,,,,,
"AYW00087701","1961-08-03","-72.29444","170.30833","5.2","ADARE HALLETT, AY","    0","T,,X","    0","T,,X","  127",",,X"," -283",",,X"," -400",",,X",,,,," 1442",",,X",,,"   82",",,X",,,,,,,,,,,"    1",",,X"
"AYW00087701","1961-08-04","-72.29444","170.30833","5.2","ADARE HALLETT, AY","    0",",,X","    0",",,X","  127",",,X"," -256",",,X"," -311",",,X",,,,," 1054",",,X","  225","W,,X","  257",",,X",,,,,,,"    1",",,X",,,,
"AYW00087701","1961-08-05","-72.29444","170.30833","5.2","ADARE HALLETT, AY","    0",",,X","    0",",,X","  127",",,X"," -261",",,X"," -350",",,X",,,,," 2112",",,X","  225","W,,X","   36",",,X",,,,,,,,,,,,
"AYW00087701","1961-08-06","-72.29444","170.30833","5.2","ADARE HALLETT, AY","    0",",,X","    0",",,X","  127",",,X"," -283",",,X"," -361",",,X",,,,," 0312",",,X","  203","W,,X","   51",",,X",,,,,,,,,,,,
"AYW00087701","1961-08-07","-72.29444","170.30833","5.2","ADARE HALLETT, AY","    0",",,X","    0",",,X","  127",",,X"," -289",",,X"," -356",",,X",,,,," 0806",",,X","  203","W,,X","   72",",,X",,,,,,,,,,,,
"AYW00087701","1961-08-08","-72.29444","170.30833","5.2","ADARE HALLETT, AY","    0",",,X","    0",",,X","  127",",,X"," -278",",,X"," -367",",,X",,,,," 0730",",,X","  203","W,,X","   57",",,X",,,,,,,,,,,,
"AYW00087701","1961-08-09","-72.29444","170.30833","5.2","ADARE HALLETT, AY","    0","T,,X","    0","T,,X","  127",",,X"," -267",",,X"," -350",",,X",,,,," 0236",",,X","  225","W,,X","   62",",,X",,,,,,,,,,,"    1",",,X"
"AYW00087701","1961-08-10","-72.29444","170.30833","5.2","ADARE HALLETT, AY","    0","T,,X","    0","T,,X","  127",",,X"," -222",",,X"," -278",",,X",,,,," 1448",",,X","  203","W,,X","  195",",,X",,,,,,,"    1",",,X",,,"    1",",,X"
"AYW00087701","1961-08-11","-72.29444","170.30833","5.2","ADARE HALLETT, AY","    0","T,,X","    0","T,,X","  127",",,X"," -261",",,X"," -350",",,X",,,,," 0030",",,X","  225","W,,X","  159",",,X",,,,,,,,,,,"    1",",,X"
"AYW00087701","1961-08-12","-72.29444","170.30833","5.2","ADARE HALLETT, AY","    0","T,,X","    0","T,,X","  127",",,X"," -328",",,X"," -378",",,X",,,,," 2254",",,X","  203","W,,X","   46",",,X",,,,,,,,,,,"    1",",,X"
"AYW00087701","1961-08-13","-72.29444","170.30833","5.2","ADARE HALLETT, AY","    0",",,X","    0",",,X","  127",",,X"," -328",",,X"," -383",",,X",,,,," 1330",",,X","  203","W,,X","   51",",,X",,,,,,,,,,,,
"AYW00087701","1961-08-14","-72.29444","170.30833","5.2","ADARE HALLETT, AY","    0",",,X","    0",",,X","  127",",,X"," -311",",,X"," -389",",,X",,,,," 1300",",,X","  225","W,,X","   46",",,X",,,,,,,,,,,,
"AYW00087701","1961-08-15","-72.29444","170.30833","5.2","ADARE HALLETT, AY","    0",",,X","    0",",,X","  127",",,X"," -278",",,X"," -356",",,X",,,,," 0854",",,X","  225","W,,X","  149",",,X",,,,,,,"    1",",,X",,,,
"AYW00087701","1961-08-16","-72.29444","170.30833","5.2","ADARE HALLETT, AY","    0",",,X","    0",",,X","  127",",,X"," -228",",,X"," -367",",,X",,,,," 2354",",,X","  180","W,,X","  221",",,X",,,,,,,"    1",",,X",,,,
"AYW00087701","1961-08-17","-72.29444","170.30833","5.2","ADARE HALLETT, AY","    0",",,X","    0",",,X","  127",",,X"," -206",",,X"," -333",",,X",,,,," 0530",",,X","  180","W,,X","  257",",,X",,,,,,,"    1",",,X",,,,
"AYW00087701","1961-08-18","-72.29444","170.30833","5.2","ADARE HALLETT, AY","    0",",,X","    0",",,X","  127",",,X"," -228",",,X"," -333",",,X",,,,," 1648",",,X","  225","W,,X","   98",",,X",,,,,,,,,,,,
"AYW00087701","1961-08-19","-72.29444","170.30833","5.2","ADARE HALLETT, AY","    0",",,X","    0",",,X","  127",",,X"," -183",",,X"," -311",",,X",,,,," 2300",",,X","  113","W,,X","  108",",,X",,,,,,,,,,,,
"AYW00087701","1961-08-20","-72.29444","170.30833","5.2","ADARE HALLETT, AY","    0",",,X","    0",",,X","  127",",,X"," -217",",,X"," -283",",,X",,,,," 0630",",,X","  203","W,,X","   46",",,X",,,,,,,,,,,,
"AYW00087701","1961-08-21","-72.29444","170.30833","5.2","ADARE HALLETT, AY","    0",",,X","    0",",,X","  127",",,X"," -239",",,X"," -333",",,X",,,,," 1230",",,X","  203","W,,X","   57",",,X",,,,,,,,,,,,
"AYW00087701","1961-08-22","-72.29444","170.30833","5.2","ADARE HALLETT, AY","    0",",,X","    0",",,X","  127",",,X"," -239",",,X"," -311",",,X",,,,," 1854",",,X","  225","W,,X","   36",",,X",,,,,,,,,,,,
"AYW00087701","1961-08-23","-72.29444","170.30833","5.2","ADARE HALLETT, AY","    0",",,X","    0",",,X","  127",",,X"," -211",",,X"," -311",",,X",,,,," 1718",",,X","  203","W,,X","  252",",,X",,,,,,,"    1",",,X",,,,
"AYW00087701","1961-08-24","-72.29444","170.30833","5.2","ADARE HALLETT, AY","    0",",,X","    0",",,X","  127",",,X"," -211",",,X"," -322",",,X",,,,," 0142",",,X","  203","W,,X","  144",",,X",,,,,,,,,,,,
"AYW00087701","1961-08-25","-72.29444","170.30833","5.2","ADARE HALLETT, AY","    0",",,X","    0",",,X","  127",",,X"," -222",",,X"," -339",",,X",,,,," 1242",",,X","  203","W,,X","   67",",,X",,,,,,,,,,,,
"AYW00087701","1961-08-26","-72.29444","170.30833","5.2","ADARE HALLETT, AY","    0",",,X","    0",",,X","  127",",,X"," -150",",,X"," -306",",,X",,,,," 1442",",,X","  203","W,,X","  139",",,X",,,,,,,,,,,,
"AYW00087701","1961-08-27","-72.29444","170.30833","5.2","ADARE HALLETT, AY","    0",",,X","    0",",,X","  127",",,X"," -200",",,X"," -294",",,X",,,,," 0018",",,X","  203","W,,X","   57",",,X",,,,,,,,,,,,
"AYW00087701","1961-08-28","-72.29444","170.30833","5.2","ADARE HALLETT, AY","    0",",,X","    0",",,X","  127",",,X"," -150",",,X"," -294",",,X",,,,," 2354",",,X","  180","W,,X","   62",",,X",,,,,,,,,,,,
"AYW00087701","1961-08-29","-72.29444","170.30833","5.2","ADARE HALLETT, AY","    0","T,,X","    0","T,,X","  127",",,X"," -144",",,X"," -233",",,X",,,,," 0336",",,X","  203","W,,X","  134",",,X",,,,,,,,,,,"    1",",,X"
"AYW00087701","1961-08-30","-72.29444","170.30833","5.2","ADARE HALLETT, AY","    8",",,X","   13",",,X","  127",",,X"," -228",",,X"," -317",",,X",,,,," 1600",",,X","  225","W,,X","   57",",,X",,,,,,,,,,,"    1",",,X"
"AYW00087701","1961-08-31","-72.29444","170.30833","5.2","ADARE HALLETT, AY","    0","T,,X","    0","T,,X","  127",",,X"," -217",",,X"," -294",",,X",,,,," 2318",",,X","  180","W,,X","  216",",,X",,,,,,,,,,,"    1",",,X"
"AYW00087701","1961-09-01","-72.29444","170.30833","5.2","ADARE HALLETT, AY","    0","T,,X","    0","T,,X","  127",",,X"," -200",",,X"," -294",",,X",,,,," 0012",",,X","  203","W,,X","  180",",,X",,,,,,,,,,,"    1",",,X"
"AYW00087701","1961-09-02","-72.29444","170.30833","5.2","ADARE HALLETT, AY","    0",",,X","    0",",,X","  127",",,X"," -256",",,X"," -344",",,X",,,,," 2212",",,X","  225","W,,X","   57",",,X",,,,,,,,,,,,
"AYW00087701","1961-09-03","-72.29444","170.30833","5.2","ADARE HALLETT, AY","    0","T,,X","    0","T,,X","  127",",,X"," -111",",,X"," -322",",,X",,,,," 0642",",,X","  180","W,,X","  175",",,X",,,,,,,,,,,"    1",",,X"
"AYW00087701","1961-09-04","-72.29444","170.30833","5.2","ADARE HALLETT, AY","    0","T,,X","    0","T,,X","  127",",,X"," -211",",,X"," -294",",,X",,,,," 0918",",,X","  225","W,,X","   31",",,X",,,,,,,,,,,"    1",",,X"
"AYW00087701","1961-09-05","-72.29444","170.30833","5.2","ADARE HALLETT, AY","    0",",,X","    0",",,X","  127",",,X"," -211",",,X"," -306",",,X",,,,," 0354",",,X","  203","W,,X","   67",",,X",,,,,,,,,,,,
"AYW00087701","1961-09-06","-72.29444","170.30833","5.2","ADARE HALLETT, AY","    0",",,X","    0",",,X","  127",",,X"," -178",",,X"," -289",",,X",,,,," 1724",",,X","  203","W,,X","   41",",,X",,,,,,,,,,,,
"AYW00087701","1961-09-07","-72.29444","170.30833","5.2","ADARE HALLETT, AY","    0",",,X","    0",",,X","  127",",,X"," -222",",,X"," -294",",,X",,,,," 0742",",,X","  225","W,,X","   46",",,X",,,,,,,,,,,,
"AYW00087701","1961-09-08","-72.29444","170.30833","5.2","ADARE HALLETT, AY","    0",",,X","    0",",,X","  127",",,X"," -222",",,X"," -289",",,X",,,,," 1006",",,X","  203","W,,X","   46",",,X",,,,,,,,,,,,
"AYW00087701","1961-09-09","-72.29444","170.30833","5.2","ADARE HALLETT, AY","   25",",,X","   23",",,X","  152",",,X"," -183",",,X"," -261",",,X",,,,," 0812",",,X","  225","W,,X","   36",",,X",,,,,,,,,,,"    1",",,X"
"AYW00087701","1961-09-10","-72.29444","170.30833","5.2","ADARE HALLETT, AY","   10",",,X","   15",",,X","  178",",,X"," -122",",,X"," -206",",,X",,,,," 1448",",,X","  203","W,,X","  180",",,X",,,,,,,"    1",",,X",,,"    1",",,X"
"AYW00087701","1961-09-11","-72.29444","170.30833","5.2","ADARE HALLETT, AY","    0","T,,X","    0","T,,X","  178",",,X"," -150",",,X"," -217",",,X",,,,," 0948",",,X","  135","W,,X","   62",",,X",,,,,,,,,,,"    1",",,X"
"AYW00087701","1961-09-12","-72.29444","170.30833","5.2","ADARE HALLETT, AY","    0",",,X","    0",",,X","  178",",,X"," -150",",,X"," -244",",,X",,,,," 2030",",,X","  203","W,,X","  231",",,X",,,,,,,"    1",",,X",,,,
"AYW00087701","1961-09-13","-72.29444","170.30833","5.2","ADARE HALLETT, AY","    0",",,X","    0",",,X","  178",",,X","  -78",",,X"," -250",",,X",,,,," 1154",",,X","  180","W,,X","  257",",,X",,,,,,,"    1",",,X",,,,
"AYW00087701","1961-09-14","-72.29444","170.30833","5.2","ADARE HALLETT, AY","    0",",,X","    0",",,X","  178",",,X","  -78",",,X"," -250",",,X",,,,," 0130",",,X","  180","W,,X","  159",",,X",,,,,,,"    1",",,X",,,,
"AYW00087701","1961-09-15","-72.29444","170.30833","5.2","ADARE HALLETT, AY","    0","T,,X","    0","T,,X","  178",",,X"," -189",",,X"," -283",",,X",,,,," 0124",",,X","  225","W,,X","   31",",,X",,,,,,,,,,,"    1",",,X"
"AYW00087701","1961-09-16","-72.29444","170.30833","5.2","ADARE HALLETT, AY","    0","T,,X","    0","T,,X","  178",",,X"," -183",",,X"," -283",",,X",,,,," 0036",",,X","  225","W,,X","   31",",,X",,,,,,,,,,,"    1",",,X"
"AYW00087701","1961-09-17","-72.29444","170.30833","5.2","ADARE HALLETT, AY","    5",",,X","   13",",,X","  178",",,X"," -211",",,X"," -278",",,X",,,,," 0500",",,X","  248","W,,X","   31",",,X",,,,,,,,,,,"    1",",,X"
"AYW00087701","1961-09-18","-72.29444","170.30833","5.2","ADARE HALLETT, AY","    3",",,X","    5",",,X","  178",",,X"," -189",",,X"," -267",",,X",,,,," 1442",",,X","  203","W,,X","  129",",,X",,,,,,,,,,,"    1",",,X"
"AYW00087701","1961-09-19","-72.29444","170.30833","5.2","ADARE HALLETT, AY","    0","T,,X","    0","T,,X","  178",",,X"," -211",",,X"," -256",",,X",,,,," 2306",",,X","  180","W,,X","  283",",,X",,,,,,,"    1",",,X",,,"    1",",,X"
"AYW00087701","1961-09-20","-72.29444","170.30833","5.2","ADARE HALLETT, AY","    0",",,X","    0",",,X","  178",",,X"," -150",",,X"," -239",",,X",,,,," 1736",",,X","  203","W,,X","  293",",,X",,,,,,,"    1",",,X",,,,
"AYW00087701","1961-09-21","-72.29444","170.30833","5.2","ADARE HALLETT, AY","    0",",,X","    0",",,X","  178",",,X","  -94",",,X"," -167",",,X",,,,," 2118",",,X","  180","W,,X","  303",",,X",,,,,,,"    1",",,X",,,,
"AYW00087701","1961-09-22","-72.29444","170.30833","5.2","ADARE HALLETT, AY","    0",",,X","    0",",,X","  178",",,X","  -89",",,X"," -222",",,X",,,,," 0042",",,X","  180","W,,X","  252",",,X",,,,,,,"    1",",,X",,,,
"AYW00087701","1961-09-23","-72.29444","170.30833","5.2","ADARE HALLETT, AY","    0",",,X","    0",",,X","  178",",,X"," -172",",,X"," -256",",,X",,,,," 2054",",,X","  225","W,,X","   26",",,X",,,,,,,,,,,,
"AYW00087701","1961-09-24","-72.29444","170.30833","5.2","ADARE HALLETT, AY","    0",",,X","    0",",,X","  152",",,X"," -161",",,X"," -261",",,X",,,,," 1654",",,X","  225","W,,X","   51",",,X",,,,,,,,,,,,
"AYW00087701","1961-09-25","-72.29444","170.30833","5.2","ADARE HALLETT, AY","   10",",,X","   18",",,X","  178",",,X"," -156",",,X"," -244",",,X",,,,," 1624",",,X","  225","W,,X","   87",",,X",,,,,,,,,,,"    1",",,X"
"AYW00087701","1961-09-26","-72.29444","170.30833","5.2","ADARE HALLETT, AY","    5",",,X","    8",",,X","  152",",,X"," -172",",,X"," -250",",,X",,,,," 0630",",,X","  203","W,,X","  159",",,X",,,,,,,"    1",",,X",,,"    1",",,X"
"AYW00087701","1961-09-27","-72.29444","170.30833","5.2","ADARE HALLETT, AY","    0","T,,X","    0","T,,X","  152",",,X"," -189",",,X"," -322",",,X",,,,," 0400",",,X","  225","W,,X","   36",",,X",,,,,,,,,,,"    1",",,X"
"AYW00087701","1961-09-28","-72.29444","170.30833","5.2","ADARE HALLETT, AY","    0",",,X","    0",",,X","  152",",,X"," -206",",,X"," -317",",,X",,,,," 1142",",,X","  225","W,,X","  139",",,X",,,,,,,"    1",",,X",,,,
"AYW00087701","1961-09-29","-72.29444","170.30833","5.2","ADARE HALLETT, AY","    0",",,X","    0",",,X","  152",",,X"," -200",",,X"," -294",",,X",,,,," 0318",",,X","  270","W,,X","   67",",,X",,,,,,,,,,,,
"AYW00087701","1961-09-30","-72.29444","170.30833","5.2","ADARE HALLETT, AY","    0","T,,X","    0","T,,X","  152",",,X"," -217",",,X"," -322",",,X",,,,," 0706",",,X","  203","W,,X","   21",",,X",,,,,,,,,,,"    1",",,X"
"AYW00087701","1961-10-01","-72.29444","170.30833","5.2","ADARE HALLETT, AY","    3",",,X","    5",",,X","  152",",,X"," -239",",,X"," -367",",,X",,,,," 2236",",,X","  248","W,,X","   26",",,X",,,,,,,,,,,,
"AYW00087701","1961-10-02","-72.29444","170.30833","5.2","ADARE HALLETT, AY","    0",",,X","    0",",,X","  152",",,X"," -272",",,X"," -406",",,X",,,,," 1012",",,X","  203","W,,X","   46",",,X",,,,,,,,,,,,
"AYW00087701","1961-10-03","-72.29444","170.30833","5.2","ADARE HALLETT, AY","    0",",,X","    0",",,X","  152",",,X"," -222",",,X"," -356",",,X",,,,," 0742",",,X","  203","W,,X","  123",",,X",,,,,,,,,,,,
"AYW00087701","1961-10-04","-72.29444","170.30833","5.2","ADARE HALLETT, AY","    0",",,X","    0",",,X","  152",",,X"," -239",",,X"," -367",",,X",,,,," 1830",",,X","  203","W,,X","   36",",,X",,,,,,,,,,,,
"AYW00087701","1961-10-05","-72.29444","170.30833","5.2","ADARE HALLETT, AY","    3",",,X","    3",",,X","  152",",,X"," -200",",,X"," -328",",,X",,,,," 0106",",,X","  225","W,,X","   46",",,X",,,,,,,,,,,,
"AYW00087701","1961-10-06","-72.29444","170.30833","5.2","ADARE HALLETT, AY","   15",",,X","   28",",,X","  178",",,X"," -172",",,X"," -256",",,X",,,,," 1648",",,X","  203","W,,X","  231",",,X",,,,,,,,,,,,
"AYW00087701","1961-10-07","-72.29444","170.30833","5.2","ADARE HALLETT, AY","    0",",,X","    0",",,X","  178",",,X"," -122",",,X"," -211",",,X",,,,," 2036",",,X","  203","W,,X","  231",",,X",,,,,,,,,,,,
"AYW00087701","1961-10-08","-72.29444","170.30833","5.2","ADARE HALLETT, AY","    0","T,,X","    0","T,,X","  178",",,X"," -150",",,X"," -272",",,X",,,,," 0212",",,X","  225","W,,X","  175",",,X",,,,,,,,,,,,
"AYW00087701","1961-10-09","-72.29444","170.30833","5.2","ADARE HALLETT, AY","    0",",,X","    0",",,X","  178",",,X"," -167",",,X"," -289",",,X",,,,," 0912",",,X","  225","W,,X","   31",",,X",,,,,,,,,,,,
"AYW00087701","1961-10-10","-72.29444","170.30833","5.2","ADARE HALLETT, AY","    0",",,X","    0",",,X","  178",",,X"," -122",",,X"," -306",",,X",,,,," 1930",",,X","  180","W,,X","  221",",,X",,,,,,,,,,,,
"AYW00087701","1961-10-11","-72.29444","170.30833","5.2","ADARE HALLETT, AY","    0",",,X","    0",",,X","  178",",,X","  -78",",,X"," -189",",,X",,,,," 0654",",,X","  180","W,,X","  200",",,X",,,,,,,,,,,,
"AYW00087701","1961-10-12","-72.29444","170.30833","5.2","ADARE HALLETT, AY","    0",",,X","    0",",,X","  178",",,X","  -83",",,X"," -211",",,X",,,,," 0542",",,X","  180","W,,X","  159",",,X",,,,,,,,,,,,
"AYW00087701","1961-10-13","-72.29444","170.30833","5.2","ADARE HALLETT, AY","    0",",,X","    0",",,X","  152",",,X","  -78",",,X"," -233",",,X",,,,," 0136",",,X","  203","W,,X","   51",",,X",,,,,,,,,,,,
"AYW00087701","1961-10-14","-72.29444","170.30833","5.2","ADARE HALLETT, AY","    0",",,X","    0",",,X","  152",",,X"," -111",",,X"," -239",",,X",,,,," 0530",",,X","  225","W,,X","   57",",,X",,,,,,,,,,,,
"AYW00087701","1961-10-15","-72.29444","170.30833","5.2","ADARE HALLETT, AY","    0","T,,X","    0","T,,X","  127",",,X"," -144",",,X"," -267",",,X",,,,," 1506",",,X","  203","W,,X","   51",",,X",,,,,,,,,,,,
"AYW00087701","1961-10-16","-72.29444","170.30833","5.2","ADARE HALLETT, AY","    0","T,,X","    0","T,,X","  127",",,X"," -139",",,X"," -206",",,X",,,,," 0430",",,X","  225","W,,X","   41",",,X",,,,,,,,,,,,
"AYW00087701","1961-10-17","-72.29444","170.30833","5.2","ADARE HALLETT, AY","    3",",,X","    5",",,X","  127",",,X"," -139",",,X"," -261",",,X",,,,," 1854",",,X","  203","W,,X","   72",",,X",,,,,,,,,,,,
"AYW00087701","1961-10-18","-72.29444","170.30833","5.2","ADARE HALLETT, AY","    0",",,X","    0",",,X","  127",",,X"," -139",",,X"," -261",",,X",,,,," 1800",",,X","  180","W,,X","  283",",,X",,,,,,,,,,,,
"AYW00087701","1961-10-19","-72.29444","170.30833","5.2","ADARE HALLETT, AY","    0","T,,X","    0","T,,X","  127",",,X"," -106",",,X"," -178",",,X",,,,," 2348",",,X","  203","W,,X","  231",",,X",,,,,,,,,,,,
"AYW00087701","1961-10-20","-72.29444","170.30833","5.2","ADARE HALLETT, AY","    0","T,,X","    0","T,,X","  127",",,X","  -72",",,X"," -139",",,X",,,,," 1154",",,X","  180","W,,X","  231",",,X",,,,,,,,,,,,
"AYW00087701","1961-10-21","-72.29444","170.30833","5.2","ADARE HALLETT, AY","    0",",,X","    0",",,X","  127",",,X","  -67",",,X"," -161",",,X",,,,," 0100",",,X","  180","W,,X","  206",",,X",,,,,,,,,,,,
"AYW00087701","1961-10-22","-72.29444","170.30833","5.2","ADARE HALLETT, AY","    0",",,X","    0",",,X","  127",",,X","  -94",",,X"," -194",",,X",,,,," 0836",",,X","  225","W,,X","   26",",,X",,,,,,,,,,,,
"AYW00087701","1961-10-23","-72.29444","170.30833","5.2","ADARE HALLETT, AY","    0","T,,X","    0","T,,X","  127",",,X"," -128",",,X"," -200",",,X",,,,," 1748",",,X","  113","W,,X","   57",",,X",,,,,,,,,,,,
"AYW00087701","1961-10-24","-72.29444","170.30833","5.2","ADARE HALLETT, AY","    0","T,,X","    0","T,,X","  127",",,X","  -89",",,X"," -189",",,X",,,,," 2348",",,X","  203","W,,X","   51",",,X",,,,,,,,,,,,
"AYW00087701","1961-10-25","-72.29444","170.30833","5.2","ADARE HALLETT, AY","   15",",,X","   20",",,X","  152",",,X","  -89",",,X"," -172",",,X",,,,," 2148",",,X","  203","W,,X","  211",",,X",,,,,,,,,,,,
"AYW00087701","1961-10-26","-72.29444","170.30833","5.2","ADARE HALLETT, AY","    8",",,X","    8",",,X","  152",",,X"," -111",",,X"," -133",",,X",,,,," 0712",",,X","  180","W,,X","  375",",,X",,,,,,,,,,,,
"AYW00087701","1961-10-27","-72.29444","170.30833","5.2","ADARE HALLETT, AY","    0",",,X","    0",",,X","  152",",,X","  -72",",,X"," -167",",,X",,,,," 0230",",,X","  180","W,,X","  288",",,X",,,,,,,,,,,,
"AYW00087701","1961-10-28","-72.29444","170.30833","5.2","ADARE HALLETT, AY","    0","T,,X","    0","T,,X","  152",",,X"," -106",",,X"," -200",",,X",,,,," 1154",",,X","   45","W,,X","   67",",,X",,,,,,,,,,,,
"AYW00087701","1961-10-29","-72.29444","170.30833","5.2","ADARE HALLETT, AY","    0",",,X","    0",",,X","  152",",,X"," -117",",,X"," -156",",,X",,,,," 0112",",,X","  203","W,,X","   98",",,X",,,,,,,,,,,,
"AYW00087701","1961-10-30","-72.29444","170.30833","5.2","ADARE HALLETT, AY","    0",",,X","    0",",,X","  152",",,X","  -67",",,X"," -156",",,X",,,,," 0654",",,X","  225","W,,X","  154",",,X",,,,,,,,,,,,
"AYW00087701","1961-10-31","-72.29444","170.30833","5.2","ADARE HALLETT, AY","    0",",,X","    0",",,X","  152",",,X","  -67",",,X"," -161",",,X",,,,," 1936",",,X","  180","W,,X","  180",",,X",,,,,,,,,,,,
"AYW00087701","1961-11-01","-72.29444","170.30833","5.2","ADARE HALLETT, AY","    0",",,X","    0",",,X","  152",",,X","  -67",",,X"," -161",",,X",,,,," 0306",",,X","  225","W,,X","   87",",,X",,,,,,,,,,,,
"AYW00087701","1961-11-02","-72.29444","170.30833","5.2","ADARE HALLETT, AY","    0",",,X","    0",",,X","  152",",,X","  -67",",,X"," -211",",,X",,,,," 0130",",,X","  203","W,,X","   31",",,X",,,,,,,,,,,,
"AYW00087701","1961-11-03","-72.29444","170.30833","5.2","ADARE HALLETT, AY","    0",",,X","    0",",,X","  127",",,X","  -67",",,X"," -206",",,X",,,,," 0654",",,X","  270","W,,X","   31",",,X",,,,,,,,,,,,
"AYW00087701","1961-11-04","-72.29444","170.30833","5.2","ADARE HALLETT, AY","    0",",,X","    0",",,X","  127",",,X","  -72",",,X"," -189",",,X",,,,," 0754",",,X","  293","W,,X","   26",",,X",,,,,,,,,,,,
"AYW00087701","1961-11-05","-72.29444","170.30833","5.2","ADARE HALLETT, AY","    0",",,X","    0",",,X","  127",",,X","  -72",",,X"," -200",",,X",,,,," 0630",",,X","  225","W,,X","  200",",,X",,,,,,,,,,,,
"AYW00087701","1961-11-06","-72.29444","170.30833","5.2","ADARE HALLETT, AY","    0","T,,X","    0","T,,X","  127",",,X"," -100",",,X"," -178",",,X",,,,," 0524",",,X","  113","W,,X","   67",",,X",,,,,,,,,,,,
"AYW00087701","1961-11-07","-72.29444","170.30833","5.2","ADARE HALLETT, AY","    0","T,,X","    0","T,,X","  127",",,X"," -100",",,X"," -178",",,X",,,,," 1854",",,X","  225","W,,X","  200",",,X",,,,,,,,,,,,
"AYW00087701","1961-11-08","-72.29444","170.30833","5.2","ADARE HALLETT, AY","    0",",,X","    0",",,X","  127",",,X","  -67",",,X"," -167",",,X",,,,," 2354",",,X","  180","W,,X","  247",",,X",,,,,,,,,,,,
"AYW00087701","1961-11-09","-72.29444","170.30833","5.2","ADARE HALLETT, AY","    0",",,X","    0",",,X","  127",",,X","  -22",",,X"," -100",",,X",,,,," 0554",",,X","  180","W,,X","  236",",,X",,,,,,,,,,,,
"AYW00087701","1961-11-10","-72.29444","170.30833","5.2","ADARE HALLETT, AY","    0",",,X","    0",",,X","  127",",,X","  -33",",,X"," -139",",,X",,,,," 1154",",,X","  338","W,,X","   31",",,X",,,,,,,,,,,,
"AYW00087701","1961-11-11","-72.29444","170.30833","5.2","ADARE HALLETT, AY","    0",",,X","    0",",,X","  127",",,X","  -56",",,X"," -139",",,X",,,,," 1724",",,X","  315","W,,X","   26",",,X",,,,,,,,,,,,
"AYW00087701","1961-11-12","-72.29444","170.30833","5.2","ADARE HALLETT, AY","    0",",,X","    0",",,X","  127",",,X","  -56",",,X"," -150",",,X",,,,," 2354",",,X","  203","W,,X","  190",",,X",,,,,,,,,,,,
"AYW00087701","1961-11-13","-72.29444","170.30833","5.2","ADARE HALLETT, AY","    0",",,X","    0",",,X","  127",",,X","  -56",",,X"," -150",",,X",,,,," 0242",",,X","  180","W,,X","  216",",,X",,,,,,,,,,,,
"AYW00087701","1961-11-14","-72.29444","170.30833","5.2","ADARE HALLETT, AY","    0",",,X","    0",",,X","  127",",,X","  -28",",,X"," -117",",,X",,,,," 0536",",,X","  225","W,,X","  211",",,X",,,,,,,,,,,,
"AYW00087701","1961-11-15","-72.29444","170.30833","5.2","ADARE HALLETT, AY","    0",",,X","    0",",,X","  127",",,X","  -17",",,X"," -128",",,X",,,,," 0100",",,X","  338","W,,X","   26",",,X",,,,,,,,,,,,
"AYW00087701","1961-11-16","-72.29444","170.30833","5.2","ADARE HALLETT, AY","    0",",,X","    0",",,X","  102",",,X","    0",",,X"," -117",",,X",,,,," 0642",",,X","  225","W,,X","  123",",,X",,,,,,,,,,,,
"AYW00087701","1961-11-17","-72.29444","170.30833","5.2","ADARE HALLETT, AY","    0",",,X","    0",",,X","  102",",,X","  -11",",,X"," -117",",,X",,,,," 1154",",,X","  338","W,,X","   26",",,X",,,,,,,,,,,,
"AYW00087701","1961-11-18","-72.29444","170.30833","5.2","ADARE HALLETT, AY","    0","T,,X","    0","T,,X","  102",",,X","  -11",",,X"," -128",",,X",,,,,,,"    0","W,,X","    0",",,X",,,,,,,,,,,,
"AYW00087701","1961-11-19","-72.29444","170.30833","5.2","ADARE HALLETT, AY","    0","T,,X","    0","T,,X","  102",",,X","  -11",",,X"," -111",",,X",,,,," 1154",",,X","  203","W,,X","   72",",,X",,,,,,,,,,,,
"AYW00087701","1961-11-20","-72.29444","170.30833","5.2","ADARE HALLETT, AY","    0",",,X","    0",",,X","  102",",,X","  -22",",,X"," -111",",,X",,,,," 1218",",,X","  180","W,,X","  154",",,X",,,,,,,,,,,,
"AYW00087701","1961-11-21","-72.29444","170.30833","5.2","ADARE HALLETT, AY","    0",",,X","    0",",,X","  102",",,X","  -11",",,X","  -94",",,X",,,,," 0136",",,X","  180","W,,X","  185",",,X",,,,,,,,,,,,
"AYW00087701","1961-11-22","-72.29444","170.30833","5.2","ADARE HALLETT, AY","    0","T,,X","    0","T,,X","  102",",,X","   -6",",,X"," -111",",,X",,,,," 1642",",,X","  113","W,,X","   98",",,X",,,,,,,,,,,,
"AYW00087701","1961-11-23","-72.29444","170.30833","5.2","ADARE HALLETT, AY","    0","T,,X","    0","T,,X","  102",",,X","   -6",",,X","  -83",",,X",,,,," 0636",",,X","  203","W,,X","  247",",,X",,,,,,,,,,,,
"AYW00087701","1961-11-24","-72.29444","170.30833","5.2","ADARE HALLETT, AY","    0","T,,X","    0","T,,X","  102",",,X","  -11",",,X","  -56",",,X",,,,," 0548",",,X","  180","W,,X","  216",",,X",,,,,,,,,,,,
"AYW00087701","1961-11-25","-72.29444","170.30833","5.2","ADARE HALLETT, AY","    0","T,,X","    0","T,,X","  102",",,X","  -22",",,X","  -61",",,X",,,,," 0100",",,X","  180","W,,X","  154",",,X",,,,,,,,,,,,
"AYW00087701","1961-11-26","-72.29444","170.30833","5.2","ADARE HALLETT, AY","    0",",,X","    0",",,X","  102",",,X","   22",",,X","  -72",",,X",,,,," 0048",",,X","  225","W,,X","  159",",,X",,,,,,,,,,,,
"AYW00087701","1961-11-27","-72.29444","170.30833","5.2","ADARE HALLETT, AY","    0",",,X","    0",",,X","  102",",,X","    6",",,X"," -106",",,X",,,,," 0942",",,X","   23","W,,X","   41",",,X",,,,,,,,,,,,
"AYW00087701","1961-11-28","-72.29444","170.30833","5.2","ADARE HALLETT, AY","    3",",,X","    3",",,X","  102",",,X","   -6",",,X"," -106",",,X",,,,," 2124",",,X","  158","W,,X","   72",",,X",,,,,,,,,,,,
"AYW00087701","1961-11-29","-72.29444","170.30833","5.2","ADARE HALLETT, AY","    5",",,X","    5",",,X","  102",",,X","  -28",",,X","  -67",",,X",,,,," 1524",",,X","   68","W,,X","   51",",,X",,,,,,,,,,,,
"AYW00087701","1961-11-30","-72.29444","170.30833","5.2","ADARE HALLETT, AY","    8",",,X","    8",",,X","   76",",,X","  -28",",,X","  -67",",,X",,,,," 0236",",,X","  203","W,,X","   51",",,X",,,,,,,,,,,,
"AYW00087701","1961-12-01","-72.29444","170.30833","5.2","ADARE HALLETT, AY","    0","T,,X","    0","T,,X","   76",",,X","  -11",",,X"," -100",",,X",,,,," 1906",",,X","   45","W,,X","   36",",,X",,,,,,,,,,,,
"AYW00087701","1961-12-02","-72.29444","170.30833","5.2","ADARE HALLETT, AY","    0",",,X","    0",",,X","   76",",,X","  -17",",,X"," -133",",,X",,,,," 1948",",,X","  135","W,,X","   62",",,X",,,,,,,,,,,,
"AYW00087701","1961-12-03","-72.29444","170.30833","5.2","ADARE HALLETT, AY","    0","T,,X","    0","T,,X","   76",",,X","  -28",",,X","  -78",",,X",,,,," 1324",",,X","  225","W,,X","  154",",,X",,,,,,,,,,,,
"AYW00087701","1961-12-04","-72.29444","170.30833","5.2","ADARE HALLETT, AY","   10",",,X","    0","T,,X","   76",",,X","    0",",,X","  -56",",,X",,,,," 0754",",,X","  225","W,,X","   82",",,X",,,,,,,,,,,,
"AYW00087701","1961-12-05","-72.29444","170.30833","5.2","ADARE HALLETT, AY","    0","T,,X","    0","T,,X","   76",",,X","  -17",",,X","  -67",",,X",,,,," 1454",",,X","  360","W,,X","   21",",,X",,,,,,,,,,,,
"AYW00087701","1961-12-06","-72.29444","170.30833","5.2","ADARE HALLETT, AY","    0","T,,X","    0","T,,X","   76",",,X","   -6",",,X","  -83",",,X",,,,," 2354",",,X","  270","W,,X","   10",",,X",,,,,,,,,,,,
"AYW00087701","1961-12-07","-72.29444","170.30833","5.2","ADARE HALLETT, AY","   48",",,X","   48",",,X","  102",",,X","  -28",",,X"," -111",",,X",,,,," 2354",",,X","  203","W,,X","   51",",,X",,,,,,,,,,,,
"AYW00087701","1961-12-08","-72.29444","170.30833","5.2","ADARE HALLETT, AY","   36",",,X","   36",",,X","  102",",,X","    0",",,X","  -56",",,X",,,,," 1154",",,X","  135","W,,X","  108",",,X",,,,,,,,,,,,
"AYW00087701","1961-12-09","-72.29444","170.30833","5.2","ADARE HALLETT, AY","    0","T,,X","    0","T,,X","   76",",,X","    6",",,X","  -78",",,X",,,,," 2154",",,X","  113","W,,X","   62",",,X",,,,,,,,,,,,
"AYW00087701","1961-12-10","-72.29444","170.30833","5.2","ADARE HALLETT, AY","    8",",,X","    8",",,X","   76",",,X","   -6",",,X","  -56",",,X",,,,," 1454",",,X","  203","W,,X","  159",",,X",,,,,,,,,,,,
"AYW00087701","1961-12-11","-72.29444","170.30833","5.2","ADARE HALLETT, AY","    0",",,X","    0",",,X","   76",",,X","  -11",",,X","  -67",",,X",,,,," 1042",",,X","  225","W,,X","  216",",,X",,,,,,,,,,,,
"AYW00087701","1961-12-12","-72.29444","170.30833","5.2","ADARE HALLETT, AY","    0",",,X","    0",",,X","   76",",,X","    6",",,X","  -61",",,X",,,,," 0036",",,X","  248","W,,X","  134",",,X",,,,,,,,,,,,
"AYW00087701","1961-12-13","-72.29444","170.30833","5.2","ADARE HALLETT, AY","    0",",,X","    0",",,X","   76",",,X","   11",",,X","  -67",",,X",,,,," 2306",",,X","  225","W,,X","   98",",,X",,,,,,,,,,,,
"AYW00087701","1961-12-14","-72.29444","170.30833","5.2","ADARE HALLETT, AY","    0",",,X","    0",",,X","   76",",,X","    0",",,X","  -44",",,X",,,,," 2054",",,X","  225","W,,X","  170",",,X",,,,,,,,,,,,
"AYW00087701","1961-12-15","-72.29444","170.30833","5.2","ADARE HALLETT, AY","    0",",,X","    0",",,X","   51",",,X","   17",",,X","  -44",",,X",,,,," 0018",",,X","  225","W,,X","  164",",,X",,,,,,,,,,,,
"AYW00087701","1961-12-16","-72.29444","170.30833","5.2","ADARE HALLETT, AY","    0",",,X","    0",",,X","   51",",,X","   33",",,X","  -61",",,X",,,,," 1336",",,X","  225","W,,X","   87",",,X",,,,,,,,,,,,
"AYW00087701","1961-12-17","-72.29444","170.30833","5.2","ADARE HALLETT, AY","    0",",,X","    0",",,X","   25",",,X","   33",",,X","  -78",",,X",,,,," 1324",",,X","   23","W,,X","   41",",,X",,,,,,,,,,,,
"AYW00087701","1961-12-18","-72.29444","170.30833","5.2","ADARE HALLETT, AY","   13",",,X","   13",",,X","   51",",,X","   17",",,X","  -78",",,X",,,,," 2348",",,X","  135","W,,X","   87",",,X",,,,,,,,,,,,
"AYW00087701","1961-12-19","-72.29444","170.30833","5.2","ADARE HALLETT, AY","   64",",,X","   64",",,X","  102",",,X","   17",",,X","  -50",",,X",,,,," 0854",",,X","  225","W,,X","  170",",,X",,,,,,,,,,,,
"AYW00087701","1961-12-20","-72.29444","170.30833","5.2","ADARE HALLETT, AY","    0",",,X","    0",",,X","   76",",,X","   17",",,X","  -67",",,X",,,,," 1048",",,X","  225","W,,X","  103",",,X",,,,,,,,,,,,
"AYW00087701","1961-12-21","-72.29444","170.30833","5.2","ADARE HALLETT, AY","    0",",,X","    0",",,X","   51",",,X","   22",",,X","  -56",",,X",,,,," 0006",",,X","  225","W,,X","   72",",,X",,,,,,,,,,,,
"AYW00087701","1961-12-22","-72.29444","170.30833","5.2","ADARE HALLETT, AY","    0","T,,X","    0","T,,X","   51",",,X","   22",",,X","  -94",",,X",,,,," 1636",",,X","  135","W,,X","   57",",,X",,,,,,,,,,,,
"AYW00087701","1961-12-23","-72.29444","170.30833","5.2","ADARE HALLETT, AY","    0","T,,X","    0","T,,X","   51",",,X","   11",",,X","  -50",",,X",,,,," 1948",",,X","  203","W,,X","  108",",,X",,,,,,,,,,,,
"AYW00087701","1961-12-24","-72.29444","170.30833","5.2","ADARE HALLETT, AY","    0",",,X","    0",",,X","   51",",,X","   22",",,X","  -67",",,X",,,,," 0030",",,X","  225","W,,X","  123",",,X",,,,,,,,,,,,
"AYW00087701","1961-12-25","-72.29444","170.30833","5.2","ADARE HALLETT, AY","    0",",,X","    0",",,X","   51",",,X","   33",",,X","  -56",",,X",,,,," 0254",",,X","  203","W,,X","   87",",,X",,,,,,,,,,,,
"AYW00087701","1961-12-26","-72.29444","170.30833","5.2","ADARE HALLETT, AY","    0","T,,X","    0","T,,X","   25",",,X","   17",",,X","  -61",",,X",,,,," 1154",",,X","  180","W,,X","  170",",,X",,,,,,,,,,,,
"AYW00087701","1961-12-27","-72.29444","170.30833","5.2","ADARE HALLETT, AY","    0",",,X","    0",",,X","    0",",,X","   39",",,X","  -83",",,X",,,,," 2354",",,X","  135","W,,X","   62",",,X",,,,,,,,,,,,
"AYW00087701","1961-12-28","-72.29444","170.30833","5.2","ADARE HALLETT, AY","    0","T,,X","    0","T,,X","    0",",,X","   33",",,X","  -61",",,X",,,,," 0254",",,X","  180","W,,X","   26",",,X",,,,,,,,,,,,
"AYW00087701","1961-12-29","-72.29444","170.30833","5.2","ADARE HALLETT, AY","    0",",,X","    0",",,X","    0",",,X","   39",",,X","  -83",",,X",,,,," 2354",",,X","  113","W,,X","   51",",,X",,,,,,,,,,,,
"AYW00087701","1961-12-30","-72.29444","170.30833","5.2","ADARE HALLETT, AY","   10",",,X","   10",",,X","    0","T,,X","  -17",",,X","  -44",",,X",,,,," 1454",",,X","  203","W,,X","  134",",,X",,,,,,,,,,,,
"AYW00087701","1961-12-31","-72.29444","170.30833","5.2","ADARE HALLETT, AY","    0",",,X","    0",",,X","    0",",,X","   44",",,X","  -28",",,X",,,,," 0254",",,X","  180","W,,X","   77",",,X",,,,,,,,,,,,
"AYW00087701","1962-01-01","-72.29444","170.30833","5.2","ADARE HALLETT, AY","    0",",,X","    0",",,X","    0",",,X","   33",",,X","  -61",",,X",,,,," 2342",",,X","  113","W,,X","   82",",,X",,,,,,,,,,,,
"AYW00087701","1962-01-02","-72.29444","170.30833","5.2","ADARE HALLETT, AY","   30",",,X","   30",",,X","    0","T,,X","   -6",",,X","  -39",",,X",,,,," 2124",",,X","  203","W,,X","  149",",,X",,,,,,,"    1",",,X",,,"    1",",,X"
"AYW00087701","1962-01-03","-72.29444","170.30833","5.2","ADARE HALLETT, AY","   15",",,X","   15",",,X","    0","T,,X","   17",",,X","  -39",",,X",,,,," 1506",",,X","  180","W,,X","  180",",,X",,,,,,,"    1",",,X",,,"    1",",,X"
"AYW00087701","1962-01-04","-72.29444","170.30833","5.2","ADARE HALLETT, AY","    0",",,X","    0",",,X","    0",",,X","   44",",,X","  -44",",,X",,,,," 0718",",,X","  225","W,,X","  113",",,X",,,,,,,,,,,,
"AYW00087701","1962-01-05","-72.29444","170.30833","5.2","ADARE HALLETT, AY","    0",",,X","    0",",,X","    0",",,X","   33",",,X"," -111",",,X",,,,," 1612",",,X","   23","W,,X","   57",",,X",,,,,,,,,,,,
"AYW00087701","1962-01-06","-72.29444","170.30833","5.2","ADARE HALLETT, AY","    0",",,X","    0",",,X","    0",",,X","   44",",,X","  -28",",,X",,,,," 1724",",,X","   90","W,,X","   51",",,X",,,,,,,,,,,,
"AYW00087701","1962-01-07","-72.29444","170.30833","5.2","ADARE HALLETT, AY","    0","T,,X","    0","T,,X","    0","T,,X","   22",",,X","  -28",",,X",,,,," 1418",",,X","  113","W,,X","   57",",,X",,,,,,,,,,,"    1",",,X"
"AYW00087701","1962-01-08","-72.29444","170.30833","5.2","ADARE HALLETT, AY","    0",",,X","    0",",,X","    0",",,X","   72",",,X","  -67",",,X",,,,," 0900",",,X","  225","W,,X","   46",",,X",,,,,,,,,,,,
"AYW00087701","1962-01-09","-72.29444","170.30833","5.2","ADARE HALLETT, AY","    0","T,,X","    0","T,,X","    0",",,X","   33",",,X","  -39",",,X",,,,," 0406",",,X","  225","W,,X","  123",",,X",,,,,,,,,,,"    1",",,X"
"AYW00087701","1962-01-10","-72.29444","170.30833","5.2","ADARE HALLETT, AY","    0","T,,X","    0","T,,X","    0","T,,X","   44",",,X","  -67",",,X",,,,," 1030",",,X","  360","W,,X","   93",",,X",,,,,,,,,,,"    1",",,X"
"AYW00087701","1962-01-11","-72.29444","170.30833","5.2","ADARE HALLETT, AY","   25",",,X","   25",",,X","    0",",,X","   22",",,X","  -72",",,X",,,,," 1136",",,X","  225","W,,X","   31",",,X",,,,,,,,,,,"    1",",,X"
"AYW00087701","1962-01-12","-72.29444","170.30833","5.2","ADARE HALLETT, AY","    0",",,X","    0",",,X","    0",",,X","   33",",,X","  -94",",,X",,,,," 0936",",,X","  225","W,,X","   57",",,X",,,,,,,,,,,,
"AYW00087701","1962-01-13","-72.29444","170.30833","5.2","ADARE HALLETT, AY","    0",",,X","    0",",,X","    0",",,X","   17",",,X","  -89",",,X",,,,," 0436",",,X","   45","W,,X","   31",",,X",,,,,,,,,,,,
"AYW00087701","1962-01-14","-72.29444","170.30833","5.2","ADARE HALLETT, AY","    0","T,,X","    0","T,,X","    0",",,X","   11",",,X","  -39",",,X",,,,," 0030",",,X","  225","W,,X","   31",",,X",,,,,,,,,,,"    1",",,X"
"AYW00087701","1962-01-15","-72.29444","170.30833","5.2","ADARE HALLETT, AY","    0","T,,X","    0","T,,X","    0",",,X","    6",",,X","  -33",",,X",,,,," 1754",",,X","  203","W,,X","   62",",,X",,,,,,,,,,,"    1",",,X"
"AYW00087701","1962-01-16","-72.29444","170.30833","5.2","ADARE HALLETT, AY","    0","T,,X","    0","T,,X","    0",",,X","   17",",,X","  -39",",,X",,,,," 1754",",,X","  203","W,,X","   72",",,X",,,,,,,,,,,"    1",",,X"
"AYW00087701","1962-01-17","-72.29444","170.30833","5.2","ADARE HALLETT, AY","    0",",,X","    0",",,X","    0",",,X","   22",",,X","  -67",",,X",,,,," 2130",",,X","  113","W,,X","   41",",,X",,,,,,,,,,,,
"AYW00087701","1962-01-18","-72.29444","170.30833","5.2","ADARE HALLETT, AY","    0","T,,X","    0","T,,X","    0",",,X","   22",",,X","  -39",",,X",,,,," 2354",",,X","  135","W,,X","   41",",,X",,,,,,,,,"    1",",,X","    1",",,X"
"AYW00087701","1962-01-19","-72.29444","170.30833","5.2","ADARE HALLETT, AY","   71",",,X","   71",",,X","   76",",,X","    0",",,X","  -39",",,X",,,,," 2354",",,X","  180","W,,X","   87",",,X",,,,,,,,,"    1",",,X","    1",",,X"
"AYW00087701","1962-01-20","-72.29444","170.30833","5.2","ADARE HALLETT, AY","   30",",,X","   30",",,X","   76",",,X","   28",",,X","  -39",",,X",,,,," 0006",",,X","  135","W,,X","  113",",,X",,,,,,,,,,,"    1",",,X"
"AYW00087701","1962-01-21","-72.29444","170.30833","5.2","ADARE HALLETT, AY","    0","T,,X","    0","T,,X","    0",",,X","   33",",,X"," -106",",,X",,,,," 0830",",,X","  225","W,,X","  113",",,X",,,,,,,,,,,"    1",",,X"
"AYW00087701","1962-01-22","-72.29444","170.30833","5.2","ADARE HALLETT, AY","   51",",,X","   51",",,X","   51",",,X","  -11",",,X"," -128",",,X",,,,," 0854",",,X","  315","W,,X","   31",",,X",,,,,,,,,,,"    1",",,X"
"AYW00087701","1962-01-23","-72.29444","170.30833","5.2","ADARE HALLETT, AY","    3",",,X","    3",",,X","    0",",,X","  -11",",,X","  -67",",,X",,,,," 1154",",,X","  225","W,,X","  134",",,X",,,,,,,,,,,"    1",",,X"
"AYW00087701","1962-01-24","-72.29444","170.30833","5.2","ADARE HALLETT, AY","    0",",,X","    0",",,X","    0",",,X","    0",",,X"," -100",",,X",,,,," 0854",",,X","  203","W,,X","  180",",,X",,,,,,,"    1",",,X",,,,
"AYW00087701","1962-01-25","-72.29444","170.30833","5.2","ADARE HALLETT, AY","    0",",,X","    0",",,X","    0",",,X","   22",",,X"," -106",",,X",,,,," 0254",",,X","  203","W,,X","  129",",,X",,,,,,,,,,,,
"AYW00087701","1962-01-26","-72.29444","170.30833","5.2","ADARE HALLETT, AY","    0",",,X","    0",",,X","    0",",,X","   17",",,X","  -72",",,X",,,,," 1154",",,X","  315","W,,X","   31",",,X",,,,,,,,,,,,
"AYW00087701","1962-01-27","-72.29444","170.30833","5.2","ADARE HALLETT, AY","    0","T,,X","    0","T,,X","    0",",,X","   11",",,X"," -100",",,X",,,,," 0554",",,X","  270","W,,X","   31",",,X",,,,,,,,,,,"    1",",,X"
"AYW00087701","1962-01-28","-72.29444","170.30833","5.2","ADARE HALLETT, AY","    0","T,,X","    0","T,,X","    0",",,X","  -33",",,X","  -56",",,X",,,,," 1454",",,X","  225","W,,X","   41",",,X",,,,,,,,,,,"    1",",,X"
"AYW00087701","1962-01-29","-72.29444","170.30833","5.2","ADARE HALLETT, AY","    5",",,X","    5",",,X","    0","T,,X","  -33",",,X","  -72",",,X",,,,," 2312",",,X","  203","W,,X","  185",",,X",,,,,,,"    1",",,X",,,"    1",",,X"
"AYW00087701","1962-01-30","-72.29444","170.30833","5.2","ADARE HALLETT, AY","    0","T,,X","    0","T,,X","    0",",,X","    6",",,X","  -83",",,X",,,,," 0348",",,X","  225","W,,X","  190",",,X",,,,,,,"    1",",,X",,,"    1",",,X"
"AYW00087701","1962-01-31","-72.29444","170.30833","5.2","ADARE HALLETT, AY","    0",",,X","    0",",,X","    0",",,X","    6",",,X","  -72",",,X",,,,," 1448",",,X","  135","W,,X","  103",",,X",,,,,,,,,,,,
"AYW00087701","1962-02-01","-72.29444","170.30833","5.2","ADARE HALLETT, AY","    0","T,,X","    0","T,,X","    0",",,X","    6",",,X","  -44",",,X",,,,," 0118",",,X","  203","W,,X","   98",",,X",,,,,,,,,,,"    1",",,X"
"AYW00087701","1962-02-02","-72.29444","170.30833","5.2","ADARE HALLETT, AY","    0",",,X","    0",",,X","    0",",,X","   28",",,X","  -50",",,X",,,,," 0012",",,X","  203","W,,X","   72",",,X",,,,,,,,,,,,
"AYW00087701","1962-02-03","-72.29444","170.30833","5.2","ADARE HALLETT, AY","  208",",,X","  208",",,X","  203",",,X","  -11",",,X","  -50",",,X",,,,," 2348",",,X","  225","W,,X","  195",",,X",,,,,,,,,,,"    1",",,X"
"AYW00087701","1962-02-04","-72.29444","170.30833","5.2","ADARE HALLETT, AY","    0","T,,X","    0","T,,X","  178",",,X","   22",",,X","  -50",",,X",,,,," 0024",",,X","  225","W,,X","  206",",,X",,,,,,,"    1",",,X","    1",",,X","    1",",,X"
"AYW00087701","1962-02-05","-72.29444","170.30833","5.2","ADARE HALLETT, AY","    0","T,,X","    0","T,,X","  152",",,X","   17",",,X","  -28",",,X",,,,," 0636",",,X","   45","W,,X","   46",",,X",,,,,,,,,,,"    1",",,X"
"AYW00087701","1962-02-06","-72.29444","170.30833","5.2","ADARE HALLETT, AY","    0",",,X","    0",",,X","  102",",,X","   22",",,X","  -56",",,X",,,,," 2148",",,X","  135","W,,X","   87",",,X",,,,,,,,,,,,
"AYW00087701","1962-02-07","-72.29444","170.30833","5.2","ADARE HALLETT, AY","   23",",,X","   23",",,X","  102",",,X","  -17",",,X","  -39",",,X",,,,," 1348",",,X","  135","W,,X","   62",",,X",,,,,,,,,,,"    1",",,X"
"AYW00087701","1962-02-08","-72.29444","170.30833","5.2","ADARE HALLETT, AY","    0","T,,X","    0","T,,X","  102",",,X","  -11",",,X","  -39",",,X",,,,," 1542",",,X","  135","W,,X","   82",",,X",,,,,,,,,,,"    1",",,X"
"AYW00087701","1962-02-09","-72.29444","170.30833","5.2","ADARE HALLETT, AY","    0","T,,X","    0","T,,X","  102",",,X","    0",",,X","  -33",",,X",,,,," 1330",",,X","   45","W,,X","  103",",,X",,,,,,,,,,,"    1",",,X"
"AYW00087701","1962-02-10","-72.29444","170.30833","5.2","ADARE HALLETT, AY","    0","T,,X","    0","T,,X","   76",",,X","  -11",",,X","  -33",",,X",,,,," 0854",",,X","  135","W,,X","   41",",,X",,,,,,,,,,,"    1",",,X"
"AYW00087701","1962-02-11","-72.29444","170.30833","5.2","ADARE HALLETT, AY","    0","T,,X","    0","T,,X","   76",",,X","   22",",,X","  -39",",,X",,,,," 2330",",,X","   45","W,,X","   36",",,X",,,,,,,,,,,"    1",",,X"
"AYW00087701","1962-02-12","-72.29444","170.30833","5.2","ADARE HALLETT, AY","    0",",,X","    0",",,X","   51",",,X","   22",",,X","  -33",",,X",,,,," 0254",",,X","   45","W,,X","   41",",,X",,,,,,,,,,,,
"AYW00087701","1962-02-13","-72.29444","170.30833","5.2","ADARE HALLETT, AY","    0","T,,X","    0","T,,X","   51",",,X","    6",",,X","  -44",",,X",,,,," 2354",",,X","  180","W,,X","   41",",,X",,,,,,,,,,,"    1",",,X"
"AYW00087701","1962-02-14","-72.29444","170.30833","5.2","ADARE HALLETT, AY","  130",",,X","  130",",,X","  178",",,X","  -28",",,X","  -61",",,X",,,,," 2354",",,X","  225","W,,X","   41",",,X",,,,,,,,,,,"    1",",,X"
"AYW00087701","1962-02-15","-72.29444","170.30833","5.2","ADARE HALLETT, AY","    0","T,,X","    0","T,,X","  178",",,X","   39",",,X","  -67",",,X",,,,," 0254",",,X","  225","W,,X","   36",",,X",,,,,,,,,,,"    1",",,X"
"AYW00087701","1962-02-16","-72.29444","170.30833","5.2","ADARE HALLETT, AY","    0",",,X","    0",",,X","  152",",,X","   11",",,X","  -67",",,X",,,,," 0554",",,X","  203","W,,X","  149",",,X",,,,,,,"    1",",,X",,,,
"AYW00087701","1962-02-17","-72.29444","170.30833","5.2","ADARE HALLETT, AY","    0",",,X","    0",",,X","  102",",,X","  -11",",,X","  -78",",,X",,,,," 0254",",,X","  180","W,,X","   93",",,X",,,,,,,,,,,,
"AYW00087701","1962-02-18","-72.29444","170.30833","5.2","ADARE HALLETT, AY","    0",",,X","    0",",,X","  102",",,X","  -56",",,X","  -94",",,X",,,,," 0042",",,X","  225","W,,X","  129",",,X",,,,,,,,,,,,
"AYW00087701","1962-02-19","-72.29444","170.30833","5.2","ADARE HALLETT, AY","    0",",,X","    0",",,X","   76",",,X","  -11",",,X","  -94",",,X",,,,," 2354",",,X","  203","W,,X","   46",",,X",,,,,,,,,,,,
"AYW00087701","1962-02-20","-72.29444","170.30833","5.2","ADARE HALLETT, AY","    0",",,X","    0",",,X","   76",",,X","  -11",",,X","  -78",",,X",,,,," 0554",",,X","  203","W,,X","  149",",,X",,,,,,,,,,,,
"AYW00087701","1962-02-21","-72.29444","170.30833","5.2","ADARE HALLETT, AY","    0",",,X","    0",",,X","   25",",,X","  -11",",,X","  -72",",,X",,,,," 2254",",,X","  203","W,,X","   72",",,X",,,,,,,,,,,,
"AYW00087701","1962-02-22","-72.29444","170.30833","5.2","ADARE HALLETT, AY","    0",",,X","    0",",,X","   25",",,X","  -22",",,X","  -89",",,X",,,,," 0000",",,X","  225","W,,X","  118",",,X",,,,,,,,,,,,
"AYW00087701","1962-02-23","-72.29444","170.30833","5.2","ADARE HALLETT, AY","    0",",,X","    0",",,X","    0",",,X","   -6",",,X","  -94",",,X",,,,," 2042",",,X","  135","W,,X","   46",",,X",,,,,,,,,,,,
"AYW00087701","1962-02-24","-72.29444","170.30833","5.2","ADARE HALLETT, AY","    0",",,X","    0",",,X","    0",",,X","  -11",",,X","  -50",",,X",,,,," 1954",",,X","  225","W,,X","  103",",,X",,,,,,,,,,,,
"AYW00087701","1962-02-25","-72.29444","170.30833","5.2","ADARE HALLETT, AY","    0",",,X","    0",",,X","    0",",,X","   -6",",,X","  -61",",,X",,,,," 0054",",,X","  203","W,,X","   87",",,X",,,,,,,,,,,,
"AYW00087701","1962-02-26","-72.29444","170.30833","5.2","ADARE HALLETT, AY","    0","T,,X","    0","T,,X","    0",",,X","   11",",,X","  -61",",,X",,,,," 1700",",,X","  293","W,,X","   62",",,X",,,,,,,,,,,"    1",",,X"
"AYW00087701","1962-02-27","-72.29444","170.30833","5.2","ADARE HALLETT, AY","   91",",,X","   91",",,X","  102",",,X","  -17",",,X","  -50",",,X",,,,," 1248",",,X","  203","W,,X","  226",",,X",,,,,,,"    1",",,X",,,"    1",",,X"
"AYW00087701","1962-02-28","-72.29444","170.30833","5.2","ADARE HALLETT, AY","    5",",,X","    5",",,X","  102",",,X","  -28",",,X","  -67",",,X",,,,," 0930",",,X","  203","W,,X","  242",",,X",,,,,,,"    1",",,X",,,"    1",",,X"
"AYW00087701","1962-03-01","-72.29444","170.30833","5.2","ADARE HALLETT, AY","    0",",,X","    0",",,X","   76",",,X","  -39",",,X","  -89",",,X",,,,," 0254",",,X","  180","W,,X","  154",",,X",,,,,,,,,,,,
"AYW00087701","1962-03-02","-72.29444","170.30833","5.2","ADARE HALLETT, AY","    0","T,,X","    0","T,,X","   51",",,X","  -22",",,X"," -106",",,X",,,,," 0018",",,X","  203","W,,X","   62",",,X",,,,,,,,,,,"    1",",,X"
"AYW00087701","1962-03-03","-72.29444","170.30833","5.2","ADARE HALLETT, AY","    0","T,,X","    0","T,,X","   51",",,X","  -11",",,X","  -56",",,X",,,,," 0500",",,X","  225","W,,X","   57",",,X",,,,,,,,,,,"    1",",,X"
"AYW00087701","1962-03-04","-72.29444","170.30833","5.2","ADARE HALLETT, AY","    0","T,,X","    0","T,,X","   51",",,X","  -17",",,X","  -72",",,X",,,,," 1754",",,X","  225","W,,X","   41",",,X",,,,,,,,,,,"    1",",,X"
"AYW00087701","1962-03-05","-72.29444","170.30833","5.2","ADARE HALLETT, AY","    3",",,X","    3",",,X","   51",",,X","  -28",",,X","  -67",",,X",,,,," 0436",",,X","  135","W,,X","  113",",,X",,,,,,,,,,,"    1",",,X"
"AYW00087701","1962-03-06","-72.29444","170.30833","5.2","ADARE HALLETT, AY","    0",",,X","    0",",,X","   25",",,X","  -28",",,X"," -100",",,X",,,,," 1506",",,X","  248","W,,X","   77",",,X",,,,,,,,,,,,
"AYW00087701","1962-03-07","-72.29444","170.30833","5.2","ADARE HALLETT, AY","    0","T,,X","    0","T,,X","   25",",,X","  -56",",,X"," -100",",,X",,,,," 1154",",,X","  225","W,,X","   26",",,X",,,,,,,,,,,"    1",",,X"
"AYW00087701","1962-03-08","-72.29444","170.30833","5.2","ADARE HALLETT, AY","    0","T,,X","    0","T,,X","   25",",,X","  -56",",,X","  -83",",,X",,,,," 1154",",,X","  225","W,,X","   41",",,X",,,,,,,,,,,"    1",",,X"
"AYW00087701","1962-03-09","-72.29444","170.30833","5.2","ADARE HALLETT, AY","    0","T,,X","    0","T,,X","   25",",,X","  -22",",,X"," -106",",,X",,,,," 1454",",,X","  315","W,,X","   41",",,X",,,,,,,,,,,"    1",",,X"
"AYW00087701","1962-03-10","-72.29444","170.30833","5.2","ADARE HALLETT, AY","    0",",,X","    0",",,X","    0",",,X","  -39",",,X"," -106",",,X",,,,," 0524",",,X","  225","W,,X","   87",",,X",,,,,,,,,,,,
"AYW00087701","1962-03-11","-72.29444","170.30833","5.2","ADARE HALLETT, AY","    0","T,,X","    0","T,,X","    0","T,,X","  -33",",,X","  -56",",,X",,,,," 2306",",,X","  225","W,,X","   67",",,X",,,,,,,,,,,"    1",",,X"
"AYW00087701","1962-03-12","-72.29444","170.30833","5.2","ADARE HALLETT, AY","   10",",,X","   10",",,X","    0","T,,X","  -50",",,X","  -89",",,X",,,,," 0842",",,X","  248","W,,X","  123",",,X",,,,,,,,,,,"    1",",,X"
"AYW00087701","1962-03-13","-72.29444","170.30833","5.2","ADARE HALLETT, AY","    8",",,X","    8",",,X","    0","T,,X","  -78",",,X"," -117",",,X",,,,," 0324",",,X","  135","W,,X","   72",",,X",,,,,,,,,,,"    1",",,X"
"AYW00087701","1962-03-14","-72.29444","170.30833","5.2","ADARE HALLETT, AY","    3",",,X","    3",",,X","    0","T,I,X"," -111",",,X"," -139",",,X",,,,," 0142",",,X","  113","W,,X","   93",",,X",,,,,,,,,,,"    1",",,X"
"AYW00087701","1962-03-15","-72.29444","170.30833","5.2","ADARE HALLETT, AY","    0","T,,X","    0","T,I,X","  178",",I,X","  -89",",,X"," -150",",,X",,,,," 1630",",,X","  203","W,,X","   67",",,X",,,,,,,,,,,"    1",",,X"
"AYW00087701","1962-03-16","-72.29444","170.30833","5.2","ADARE HALLETT, AY","    0","T,,X","    0","T,,X","    0","T,,X","  -94",",,X"," -144",",,X",,,,," 1942",",,X","  203","W,,X","  247",",,X",,,,,,,,,,,"    1",",,X"
"AYW00087701","1962-03-17","-72.29444","170.30833","5.2","ADARE HALLETT, AY","    0",",,X","    0",",,X","    0",",,X"," -117",",,X"," -156",",,X",,,,," 0006",",,X","  203","W,,X","  164",",,X",,,,,,,,,,,,
"AYW00087701","1962-03-18","-72.29444","170.30833","5.2","ADARE HALLETT, AY","    0",",,X","    0",",,X","    0",",,X","  -83",",,X"," -128",",,X",,,,," 0630",",,X","  203","W,,X","  134",",,X",,,,,,,,,,,,
"AYW00087701","1962-03-19","-72.29444","170.30833","5.2","ADARE HALLETT, AY","    5",",,X","    5",",,X","    0",",,X"," -117",",,X"," -167",",,X",,,,," 0530",",,X","  203","W,,X","  154",",,X",,,,,,,,,,,"    1",",,X"
"AYW00087701","1962-03-20","-72.29444","170.30833","5.2","ADARE HALLETT, AY","    3",",,X","    3",",,X","    0",",,X"," -133",",,X"," -161",",,X",,,,," 1000",",,X","  203","W,,X","  134",",,X",,,,,,,,,,,"    1",",,X"
"AYW00087701","1962-03-21","-72.29444","170.30833","5.2","ADARE HALLETT, AY","    0","T,,X","    0","T,,X","    0",",,X"," -133",",,X"," -189",",,X",,,,," 2218",",,X","  225","W,,X","  236",",,X",,,,,,,,,,,"    1",",,X"
"AYW00087701","1962-03-22","-72.29444","170.30833","5.2","ADARE HALLETT, AY","    0",",,X","    0",",,X","    0",",,X"," -156",",,X"," -211",",,X",,,,," 0418",",,X","  225","W,,X","  231",",,X",,,,,,,,,,,,
"AYW00087701","1962-03-23","-72.29444","170.30833","5.2","ADARE HALLETT, AY","   76",",,X","   76",",,X","   76",",,X"," -100",",,X"," -211",",,X",,,,," 0436",",,X","  203","W,,X","   77",",,X",,,,,,,,,,,"    1",",,X"
"AYW00087701","1962-03-24","-72.29444","170.30833","5.2","ADARE HALLETT, AY","    8",",,X","    8",",,X","   76",",,X","  -94",",,X"," -156",",,X",,,,," 0536",",,X","  225","W,,X","   87",",,X",,,,,,,,,,,"    1",",,X"
"AYW00087701","1962-03-25","-72.29444","170.30833","5.2","ADARE HALLETT, AY","    0","T,,X","    0","T,,X","   76",",,X"," -144",",,X"," -172",",,X",,,,," 0600",",,X","  225","W,,X","  129",",,X",,,,,,,,,,,"    1",",,X"
"AYW00087701","1962-03-26","-72.29444","170.30833","5.2","ADARE HALLETT, AY","    0",",,X","    0",",,X","   76",",,X"," -144",",,X"," -217",",,X",,,,," 1754",",,X","  203","W,,X","   41",",,X",,,,,,,,,,,,
"AYW00087701","1962-03-27","-72.29444","170.30833","5.2","ADARE HALLETT, AY","   48",",,X","   48",",,X","  127",",,X"," -150",",,X"," -194",",,X",,,,," 1454",",,X","  225","W,,X","  113",",,X",,,,,,,"    1",",,X",,,"    1",",,X"
"AYW00087701","1962-03-28","-72.29444","170.30833","5.2","ADARE HALLETT, AY","   15",",,X","   15",",,X","  127",",,X"," -172",",,X"," -228",",,X",,,,," 1754",",,X","  315","W,,X","   31",",,X",,,,,,,"    1",",,X",,,"    1",",,X"
"AYW00087701","1962-03-29","-72.29444","170.30833","5.2","ADARE HALLETT, AY","    0",",,X","    0",",,X","  127",",,X"," -167",",,X"," -244",",,X",,,,," 1930",",,X","  225","W,,X","  118",",,X",,,,,,,,,,,,
"AYW00087701","1962-03-30","-72.29444","170.30833","5.2","ADARE HALLETT, AY","    0",",,X","    0",",,X","  127",",,X"," -183",",,X"," -233",",,X",,,,," 0254",",,X","  225","W,,X","   77",",,X",,,,,,,,,,,,
"AYW00087701","1962-03-31","-72.29444","170.30833","5.2","ADARE HALLETT, AY","    3",",,X","    3",",,X","  127",",,X"," -183",",,X"," -228",",,X",,,,," 1754",",,X","  203","W,,X","   21",",,X",,,,,,,,,,,"    1",",,X"
"AYW00087701","1962-04-01","-72.29444","170.30833","5.2","ADARE HALLETT, AY","    8",",,X","    8",",,X","  127",",,X"," -133",",,X"," -217",",,X",,,,," 1742",",,X","  225","W,,X","   21",",,X",,,,,,,,,,,"    1",",,X"
"AYW00087701","1962-04-02","-72.29444","170.30833","5.2","ADARE HALLETT, AY","   25",",,X","   25",",,X","  152",",,X"," -133",",,X"," -217",",,X",,,,," 1930",",,X","  113","W,,X","   41",",,X",,,,,,,,,,,"    1",",,X"
"AYW00087701","1962-04-03","-72.29444","170.30833","5.2","ADARE HALLETT, AY","    0","T,,X","    0","T,,X","  152",",,X"," -156",",,X"," -222",",,X",,,,," 1936",",,X","  225","W,,X","   62",",,X",,,,,,,,,,,"    1",",,X"
"AYW00087701","1962-04-04","-72.29444","170.30833","5.2","ADARE HALLETT, AY","   10",",,X","   10",",,X","  102",",,X"," -122",",,X"," -183",",,X",,,,," 0700",",,X","  135","W,,X","  139",",,X",,,,,,,"    1",",,X",,,"    1",",,X"
"AYW00087701","1962-04-05","-72.29444","170.30833","5.2","ADARE HALLETT, AY","    8",",,X","    8",",,X","  102",",,X"," -161",",,X"," -244",",,X",,,,," 1200",",,X","  225","W,,X","   62",",,X",,,,,,,,,,,"    1",",,X"
"AYW00087701","1962-04-06","-72.29444","170.30833","5.2","ADARE HALLETT, AY","    5",",,X","    5",",,X","  102",",,X"," -139",",,X"," -194",",,X",,,,," 1000",",,X","  225","W,,X","  195",",,X",,,,,,,"    1",",,X",,,"    1",",,X"
"AYW00087701","1962-04-07","-72.29444","170.30833","5.2","ADARE HALLETT, AY","    0",",,X","    0",",,X","  102",",,X"," -189",",,X"," -250",",,X",,,,," 0136",",,X","  225","W,,X","  139",",,X",,,,,,,,,,,,
"AYW00087701","1962-04-08","-72.29444","170.30833","5.2","ADARE HALLETT, AY","    0",",,X","    0",",,X","  102",",,X"," -128",",,X"," -261",",,X",,,,," 2342",",,X","  180","W,,X","  206",",,X",,,,,,,"    1",",,X",,,,
"AYW00087701","1962-04-09","-72.29444","170.30833","5.2","ADARE HALLETT, AY","    0",",,X","    0",",,X","  102",",,X"," -111",",,X"," -161",",,X",,,,," 1512",",,X","  180","W,,X","  216",",,X",,,,,,,"    1",",,X",,,,
"AYW00087701","1962-04-10","-72.29444","170.30833","5.2","ADARE HALLETT, AY","    0","T,,X","    0","T,,X","  102",",,X"," -139",",,X"," -206",",,X",,,,," 0312",",,X","  113","W,,X","  129",",,X",,,,,,,,,,,"    1",",,X"
"AYW00087701","1962-04-11","-72.29444","170.30833","5.2","ADARE HALLETT, AY","    0",",,X","    0",",,X","  102",",,X"," -189",",,X"," -256",",,X",,,,," 0006",",,X","  203","W,,X","   62",",,X",,,,,,,,,,,,
"AYW00087701","1962-04-12","-72.29444","170.30833","5.2","ADARE HALLETT, AY","    0",",,X","    0",",,X","  102",",,X"," -200",",,X"," -261",",,X",,,,," 1548",",,X","  225","W,,X","   57",",,X",,,,,,,,,,,,
"AYW00087701","1962-04-13","-72.29444","170.30833","5.2","ADARE HALLETT, AY","    0",",,X","    0",",,X","  102",",,X"," -200",",,X"," -278",",,X",,,,," 1248",",,X","  225","W,,X","   57",",,X",,,,,,,,,,,,
"AYW00087701","1962-04-14","-72.29444","170.30833","5.2","ADARE HALLETT, AY","    0",",,X","    0",",,X","  102",",,X"," -183",",,X"," -272",",,X",,,,," 1236",",,X","  225","W,,X","   41",",,X",,,,,,,,,,,,
"AYW00087701","1962-04-15","-72.29444","170.30833","5.2","ADARE HALLETT, AY","    0",",,X","    0",",,X","  102",",,X"," -178",",,X"," -239",",,X",,,,," 1630",",,X","  225","W,,X","   31",",,X",,,,,,,,,,,,
"AYW00087701","1962-04-16","-72.29444","170.30833","5.2","ADARE HALLETT, AY","    0",",,X","    0",",,X","  102",",,X"," -194",",,X"," -250",",,X",,,,," 1900",",,X","  225","W,,X","   36",",,X",,,,,,,,,,,,
"AYW00087701","1962-04-17","-72.29444","170.30833","5.2","ADARE HALLETT, AY","    0",",,X","    0",",,X","  102",",,X"," -167",",,X"," -261",",,X",,,,," 2000",",,X","  203","W,,X","  159",",,X",,,,,,,,,,,,
"AYW00087701","1962-04-18","-72.29444","170.30833","5.2","ADARE HALLETT, AY","    0","T,,X","    0","T,,X","  102",",,X"," -139",",,X"," -189",",,X",,,,," 1230",",,X","  203","W,,X","  175",",,X",,,,,,,,,,,"    1",",,X"
"AYW00087701","1962-04-19","-72.29444","170.30833","5.2","ADARE HALLETT, AY","    0",",,X","    0",",,X","  102",",,X"," -144",",,X"," -217",",,X",,,,," 0906",",,X","  203","W,,X","  103",",,X",,,,,,,,,,,,
"AYW00087701","1962-04-20","-72.29444","170.30833","5.2","ADARE HALLETT, AY","    0",",,X","    0",",,X","  102",",,X"," -172",",,X"," -256",",,X",,,,," 1100",",,X","  225","W,,X","   26",",,X",,,,,,,,,,,,
"AYW00087701","1962-04-21","-72.29444","170.30833","5.2","ADARE HALLETT, AY","    0",",,X","    0",",,X","  102",",,X"," -206",",,X"," -278",",,X",,,,," 1930",",,X","  225","W,,X","   31",",,X",,,,,,,,,,,,
"AYW00087701","1962-04-22","-72.29444","170.30833","5.2","ADARE HALLETT, AY","    0",",,X","    0",",,X","  102",",,X"," -233",",,X"," -278",",,X",,,,," 0600",",,X","  225","W,,X","   41",",,X",,,,,,,,,,,,
"AYW00087701","1962-04-23","-72.29444","170.30833","5.2","ADARE HALLETT, AY","    0",",,X","    0",",,X","  102",",,X"," -167",",,X"," -272",",,X",,,,," 0036",",,X","  203","W,,X","   31",",,X",,,,,,,,,,,,
"AYW00087701","1962-04-24","-72.29444","170.30833","5.2","ADARE HALLETT, AY","    0","T,,X","    0","T,,X","  102",",,X"," -178",",,X"," -244",",,X",,,,," 1524",",,X","  203","W,,X","   31",",,X",,,,,,,,,,,"    1",",,X"
"AYW00087701","1962-04-25","-72.29444","170.30833","5.2","ADARE HALLETT, AY","   10",",,X","   10",",,X","  102",",,X"," -133",",,X"," -222",",,X",,,,," 1112",",,X","  135","W,,X","   82",",,X",,,,,,,,,,,"    1",",,X"
"AYW00087701","1962-04-26","-72.29444","170.30833","5.2","ADARE HALLETT, AY","    0","T,,X","    0","T,,X","  102",",,X"," -161",",,X"," -244",",,X",,,,," 0842",",,X","  203","W,,X","  129",",,X",,,,,,,,,,,"    1",",,X"
"AYW00087701","1962-04-27","-72.29444","170.30833","5.2","ADARE HALLETT, AY","   10",",,X","   10",",,X","  102",",,X"," -178",",,X"," -239",",,X",,,,," 2348",",,X","  203","W,,X","   31",",,X",,,,,,,,,,,"    1",",,X"
"AYW00087701","1962-04-28","-72.29444","170.30833","5.2","ADARE HALLETT, AY","    5",",,X","    5",",,X","  127",",,X"," -189",",,X"," -217",",,X",,,,," 0600",",,X","  225","W,,X","   87",",,X",,,,,,,,,,,"    1",",,X"
"AYW00087701","1962-04-29","-72.29444","170.30833","5.2","ADARE HALLETT, AY","    8",",,X","    8",",,X","  127",",,X"," -211",",,X"," -267",",,X",,,,," 0012",",,X","  135","W,,X","   51",",,X",,,,,,,,,,,"    1",",,X"
"AYW00087701","1962-04-30","-72.29444","170.30833","5.2","ADARE HALLETT, AY","    0","T,,X","    0","T,,X","  127",",,X"," -228",",,X"," -250",",,X",,,,," 0018",",,X","  225","W,,X","  129",",,X",,,,,,,,,,,"    1",",,X"
"AYW00087701","1962-05-01","-72.29444","170.30833","5.2","ADARE HALLETT, AY","    0",",,X","    0",",,X","  127",",,X"," -233",",,X"," -294",",,X",,,,," 1218",",,X","  225","W,,X","  170",",,X",,,,,,,,,,,,
"AYW00087701","1962-05-02","-72.29444","170.30833","5.2","ADARE HALLETT, AY","    0","T,,X","    0","T,,X","  127",",,X"," -211",",,X"," -283",",,X",,,,," 2248",",,X","  225","W,,X","   51",",,X",,,,,,,,,,,"    1",",,X"
"AYW00087701","1962-05-03","-72.29444","170.30833","5.2","ADARE HALLETT, AY","   15",",,X","   15",",,X","  152",",,X"," -233",",,X"," -283",",,X",,,,," 0600",",,X","  225","W,,X","   21",",,X",,,,,,,,,,,"    1",",,X"
"AYW00087701","1962-05-04","-72.29444","170.30833","5.2","ADARE HALLETT, AY","    0","T,,X","    0","T,,X","  152",",,X"," -239",",,X"," -344",",,X",,,,," 0236",",,X","  135","W,,X","   51",",,X",,,,,,,,,,,"    1",",,X"
"AYW00087701","1962-05-05","-72.29444","170.30833","5.2","ADARE HALLETT, AY","    0",",,X","    0",",,X","  152",",,X"," -294",",,X"," -367",",,X",,,,," 1224",",,X","  225","W,,X","   62",",,X",,,,,,,,,,,,
"AYW00087701","1962-05-06","-72.29444","170.30833","5.2","ADARE HALLETT, AY","   15",",,X","   15",",,X","  152",",,X"," -178",",,X"," -322",",,X",,,,," 2300",",,X","  203","W,,X","  236",",,X",,,,,,,"    1",",,X",,,"    1",",,X"
"AYW00087701","1962-05-07","-72.29444","170.30833","5.2","ADARE HALLETT, AY","    5",",,X","    5",",,X","  152",",,X"," -178",",,X"," -217",",,X",,,,," 1836",",,X","  180","W,,X","  339",",,X",,,,,,,"    1",",,X",,,"    1",",,X"
"AYW00087701","1962-05-08","-72.29444","170.30833","5.2","ADARE HALLETT, AY","    0",",,X","    0",",,X","  152",",,X"," -144",",,X"," -200",",,X",,,,," 0236",",,X","  225","W,,X","  267",",,X",,,,,,,"    1",",,X",,,,
"AYW00087701","1962-05-09","-72.29444","170.30833","5.2","ADARE HALLETT, AY","    0",",,X","    0",",,X","  152",",,X"," -161",",,X"," -233",",,X",,,,," 0512",",,X","  225","W,,X","  108",",,X",,,,,,,,,,,,
"AYW00087701","1962-05-10","-72.29444","170.30833","5.2","ADARE HALLETT, AY","    0","T,,X","    0","T,,X","  102",",,X"," -122",",,X"," -206",",,X",,,,," 1524",",,X","  180","W,,X","  216",",,X",,,,,,,"    1",",,X",,,"    1",",,X"
"AYW00087701","1962-05-11","-72.29444","170.30833","5.2","ADARE HALLETT, AY","   13",",,X","   13",",,X","  127",",,X","  -72",",,X"," -139",",,X",,,,," 1842",",,X","  180","W,,X","  262",",,X",,,,,,,"    1",",,X",,,"    1",",,X"
"AYW00087701","1962-05-12","-72.29444","170.30833","5.2","ADARE HALLETT, AY","    0","T,,X","    0","T,,X","  127",",,X","  -61",",,X"," -167",",,X",,,,," 0100",",,X","  180","W,,X","  185",",,X",,,,,,,,,,,"    1",",,X"
"AYW00087701","1962-05-13","-72.29444","170.30833","5.2","ADARE HALLETT, AY","    3",",,X","    3",",,X","  127",",,X"," -133",",,X"," -189",",,X",,,,," 0542",",,X","  135","W,,X","  113",",,X",,,,,,,,,,,"    1",",,X"
"AYW00087701","1962-05-14","-72.29444","170.30833","5.2","ADARE HALLETT, AY","    8",",,X","    8",",,X","  127",",,X"," -183",",,X"," -261",",,X",,,,," 1124",",,X","  113","W,,X","   87",",,X",,,,,,,,,,,"    1",",,X"
"AYW00087701","1962-05-15","-72.29444","170.30833","5.2","ADARE HALLETT, AY","    8",",,X","    8",",,X","  152",",,X"," -233",",,X"," -328",",,X",,,,," 0906",",,X","  225","W,,X","   62",",,X",,,,,,,,,,,"    1",",,X"
"AYW00087701","1962-05-16","-72.29444","170.30833","5.2","ADARE HALLETT, AY","    0",",,X","    0",",,X","  152",",,X"," -294",",,X"," -339",",,X",,,,," 2042",",,X","  225","W,,X","   57",",,X",,,,,,,,,,,,
"AYW00087701","1962-05-17","-72.29444","170.30833","5.2","ADARE HALLETT, AY","    0",",,X","    0",",,X","  152",",,X"," -294",",,X"," -372",",,X",,,,," 0706",",,X","  248","W,,X","   41",",,X",,,,,,,,,,,,
"AYW00087701","1962-05-18","-72.29444","170.30833","5.2","ADARE HALLETT, AY","    0","T,,X","    0","T,,X","  152",",,X"," -267",",,X"," -344",",,X",,,,," 0600",",,X","  248","W,,X","   36",",,X",,,,,,,,,,,"    1",",,X"
"AYW00087701","1962-05-19","-72.29444","170.30833","5.2","ADARE HALLETT, AY","    0",",,X","    0",",,X","  152",",,X"," -239",",,X"," -289",",,X",,,,," 0330",",,X","  225","W,,X","   36",",,X",,,,,,,,,,,,
"AYW00087701","1962-05-20","-72.29444","170.30833","5.2","ADARE HALLETT, AY","    0",",,X","    0",",,X","  152",",,X"," -250",",,X"," -322",",,X",,,,," 0536",",,X","  203","W,,X","   26",",,X",,,,,,,,,,,,
"AYW00087701","1962-05-21","-72.29444","170.30833","5.2","ADARE HALLETT, AY","    5",",,X","    5",",,X","  152",",,X"," -233",",,X"," -300",",,X",,,,," 1312",",,X","  225","W,,X","   41",",,X",,,,,,,,,,,"    1",",,X"
"AYW00087701","1962-05-22","-72.29444","170.30833","5.2","ADARE HALLETT, AY","   15",",,X","   15",",,X","  178",",,X"," -200",",,X"," -239",",,X",,,,," 2006",",,X","  225","W,,X","  123",",,X",,,,,,,,,,,"    1",",,X"
"AYW00087701","1962-05-23","-72.29444","170.30833","5.2","ADARE HALLETT, AY","    0",",,X","    0",",,X","  178",",,X"," -133",",,X"," -294",",,X",,,,," 2306",",,X","  135","W,,X","  154",",,X",,,,,,,,,,,,
"AYW00087701","1962-05-24","-72.29444","170.30833","5.2","ADARE HALLETT, AY","    0",",,X","    0",",,X","  178",",,X"," -144",",,X"," -289",",,X",,,,," 0330",",,X","  203","W,,X","   62",",,X",,,,,,,,,,,,
"AYW00087701","1962-05-25","-72.29444","170.30833","5.2","ADARE HALLETT, AY","    0","T,,X","    0","T,,X",,," -194",",,X"," -261",",,X",,,,," 0554",",,X","  203","W,,X","   46",",,X",,,,,,,,,,,"    1",",,X"
"AYW00087701","1962-05-26","-72.29444","170.30833","5.2","ADARE HALLETT, AY","    0",",,X","    0",",,X",,," -183",",,X"," -317",",,X",,,,," 1830",",,X","  203","W,,X","  129",",,X",,,,,,,,,,,,
"AYW00087701","1962-05-27","-72.29444","170.30833","5.2","ADARE HALLETT, AY","    0",",,X","    0",",,X",,," -222",",,X"," -333",",,X",,,,," 0818",",,X","  203","W,,X","   36",",,X","    1",",,X",,,,,,,,,,
"AYW00087701","1962-05-28","-72.29444","170.30833","5.2","ADARE HALLETT, AY","    0","T,,X","    0","T,,X",,," -194",",,X"," -300",",,X",,,,," 2300",",,X","  180","W,,X","  185",",,X",,,,,,,"    1",",,X",,,"    1",",,X"
"AYW00087701","1962-05-29","-72.29444","170.30833","5.2","ADARE HALLETT, AY","    0",",,X","    0",",,X",,," -194",",,X"," -322",",,X",,,,," 0154",",,X","  180","W,,X","  231",",,X",,,,,,,"    1",",,X",,,,
"AYW00087701","1962-05-30","-72.29444","170.30833","5.2","ADARE HALLETT, AY","    0","T,,X","    0","T,,X",,," -267",",,X"," -328",",,X",,,,," 2042",",,X","  225","W,,X","   62",",,X",,,,,,,,,,,"    1",",,X"
"AYW00087701","1962-05-31","-72.29444","170.30833","5.2","ADARE HALLETT, AY","    0",",,X","    0",",,X",,," -278",",,X"," -367",",,X",,,,," 0030",",,X","  180","W,,X","   57",",,X",,,,,,,,,,,,
"AYW00087701","1962-06-01","-72.29444","170.30833","5.2","ADARE HALLETT, AY","    0",",,X","    0",",,X",,,"  -89",",,X"," -350",",,X",,,,," 2030",",,X","  180","W,,X","  206",",,X",,,,,,,,,,,,
"AYW00087701","1962-06-02","-72.29444","170.30833","5.2","ADARE HALLETT, AY","    0",",,X","    0",",,X",,," -106",",,X"," -211",",,X",,,,," 1742",",,X","  225","W,,X","   41",",,X",,,,,,,,,,,,
"AYW00087701","1962-06-03","-72.29444","170.30833","5.2","ADARE HALLETT, AY","    5",",,X","    5",",,X",,," -189",",,X"," -256",",,X",,,,," 0548",",,X","  203","W,,X","   46",",,X",,,,,,,,,,,"    1",",,X"
"AYW00087701","1962-06-04","-72.29444","170.30833","5.2","ADARE HALLETT, AY","   46",",,X","   46",",,X",,," -161",",,X"," -283",",,X",,,,," 0700",",,X","  338","W,,X","   26",",,X",,,,,,,,,,,"    1",",,X"
"AYW00087701","1962-06-05","-72.29444","170.30833","5.2","ADARE HALLETT, AY","    0",",,X","    0",",,X","   76",",,X"," -211",",,X"," -317",",,X",,,,," 0530",",,X","  225","W,,X","   41",",,X",,,,,,,,,,,,
"AYW00087701","1962-06-06","-72.29444","170.30833","5.2","ADARE HALLETT, AY","    0",",,X","    0",",,X","   76",",,X"," -150",",,X"," -289",",,X",,,,," 0236",",,X","  225","W,,X","  123",",,X",,,,,,,,,,,,
"AYW00087701","1962-06-07","-72.29444","170.30833","5.2","ADARE HALLETT, AY","    0",",,X","    0",",,X","   76",",,X"," -200",",,X"," -294",",,X",,,,," 0818",",,X","  203","W,,X","   46",",,X",,,,,,,,,,,,
"AYW00087701","1962-06-08","-72.29444","170.30833","5.2","ADARE HALLETT, AY","    0",",,X","    0",",,X","   76",",,X"," -222",",,X"," -289",",,X",,,,," 0730",",,X","  203","W,,X","   46",",,X",,,,,,,,,,,,
"AYW00087701","1962-06-09","-72.29444","170.30833","5.2","ADARE HALLETT, AY","    0",",,X","    0",",,X","   76",",,X"," -233",",,X"," -322",",,X",,,,," 0830",",,X","  225","W,,X","   36",",,X",,,,,,,,,,,,
"AYW00087701","1962-06-10","-72.29444","170.30833","5.2","ADARE HALLETT, AY","    0","T,,X","    0","T,,X","   76",",,X"," -256",",,X"," -333",",,X",,,,," 0336",",,X","  225","W,,X","   36",",,X",,,,,,,,,,,"    1",",,X"
"AYW00087701","1962-06-11","-72.29444","170.30833","5.2","ADARE HALLETT, AY","    0","T,,X","    0","T,,X","   76",",,X"," -256",",,X"," -339",",,X",,,,," 2224",",,X","  203","W,,X","   36",",,X",,,,,,,,,,,"    1",",,X"
"AYW00087701","1962-06-12","-72.29444","170.30833","5.2","ADARE HALLETT, AY","    0","T,,X","    0","T,,X","   76",",,X"," -194",",,X"," -294",",,X",,,,," 1436",",,X","  203","W,,X","  278",",,X",,,,,,,,,,,"    1",",,X"
"AYW00087701","1962-06-13","-72.29444","170.30833","5.2","ADARE HALLETT, AY","   28",",,X","   28",",,X","   76",",,X"," -194",",,X"," -283",",,X",,,,," 0418",",,X","  203","W,,X","  257",",,X",,,,,,,"    1",",,X",,,"    1",",,X"
"AYW00087701","1962-06-14","-72.29444","170.30833","5.2","ADARE HALLETT, AY","    3",",,X","    3",",,X","   76",",,X"," -194",",,X"," -283",",,X",,,,," 0024",",,X","   45","W,,X","   93",",,X",,,,,,,,,,,"    1",",,X"
"AYW00087701","1962-06-15","-72.29444","170.30833","5.2","ADARE HALLETT, AY","    3",",,X","    3",",,X","   76",",,X"," -250",",,X"," -339",",,X",,,,," 0206",",,X","  203","W,,X","   36",",,X",,,,,,,,,,,"    1",",,X"
"AYW00087701","1962-06-16","-72.29444","170.30833","5.2","ADARE HALLETT, AY","    0",",,X","    0",",,X","   76",",,X"," -311",",,X"," -367",",,X",,,,," 0754",",,X","  225","W,,X","   51",",,X",,,,,,,,,,,,
"AYW00087701","1962-06-17","-72.29444","170.30833","5.2","ADARE HALLETT, AY","    0",",,X","    0",",,X","   76",",,X"," -272",",,X"," -367",",,X",,,,," 2054",",,X","  203","W,,X","   41",",,X",,,,,,,,,,,,
"AYW00087701","1962-06-18","-72.29444","170.30833","5.2","ADARE HALLETT, AY","    0",",,X","    0",",,X","   76",",,X"," -256",",,X"," -344",",,X",,,,," 2348",",,X","  203","W,,X","  200",",,X",,,,,,,"    1",",,X",,,,
"AYW00087701","1962-06-19","-72.29444","170.30833","5.2","ADARE HALLETT, AY","    0",",,X","    0",",,X","   76",",,X"," -267",",,X"," -350",",,X",,,,," 0024",",,X","  203","W,,X","  211",",,X",,,,,,,"    1",",,X",,,,
"AYW00087701","1962-06-20","-72.29444","170.30833","5.2","ADARE HALLETT, AY","    3",",,X","    3",",,X","   76",",,X"," -233",",,X"," -361",",,X",,,,," 1930",",,X","  248","W,,X","  118",",,X",,,,,,,,,,,"    1",",,X"
"AYW00087701","1962-06-21","-72.29444","170.30833","5.2","ADARE HALLETT, AY","    0","T,,X","    0","T,,X","   76",",,X"," -239",",,X"," -317",",,X",,,,," 0100",",,X","  203","W,,X","  113",",,X",,,,,,,,,,,"    1",",,X"
"AYW00087701","1962-06-22","-72.29444","170.30833","5.2","ADARE HALLETT, AY","    0",",,X","    0",",,X","   76",",,X"," -178",",,X"," -317",",,X",,,,," 1918",",,X","  203","W,,X","  175",",,X",,,,,,,,,,,,
"AYW00087701","1962-06-23","-72.29444","170.30833","5.2","ADARE HALLETT, AY","    0",",,X","    0",",,X","   76",",,X"," -117",",,X"," -194",",,X",,,,," 1606",",,X","  158","W,,X","  190",",,X",,,,,,,,,,,,
"AYW00087701","1962-06-24","-72.29444","170.30833","5.2","ADARE HALLETT, AY","    0",",,X","    0",",,X","   76",",,X"," -161",",,X"," -283",",,X",,,,," 0012",",,X","  248","W,,X","   93",",,X",,,,,,,,,,,,
"AYW00087701","1962-06-25","-72.29444","170.30833","5.2","ADARE HALLETT, AY","    0",",,X","    0",",,X","   76",",,X"," -222",",,X"," -306",",,X",,,,," 2300",",,X","  225","W,,X","   87",",,X",,,,,,,,,,,,
"AYW00087701","1962-06-26","-72.29444","170.30833","5.2","ADARE HALLETT, AY","    0",",,X","    0",",,X","   76",",,X"," -222",",,X"," -333",",,X",,,,," 1800",",,X","  225","W,,X","   51",",,X",,,,,,,,,,,,
"AYW00087701","1962-06-27","-72.29444","170.30833","5.2","ADARE HALLETT, AY","    0","T,,X","    0","T,,X","   76",",,X"," -244",",,X"," -344",",,X",,,,," 1812",",,X","   68","W,,X","   77",",,X","    1",",,X",,,,,,,,,"    1",",,X"
"AYW00087701","1962-06-28","-72.29444","170.30833","5.2","ADARE HALLETT, AY","    0",",,X","    0",",,X","   76",",,X"," -244",",,X"," -311",",,X",,,,," 0436",",,X","  225","W,,X","   41",",,X",,,,,,,,,,,,
"AYW00087701","1962-06-29","-72.29444","170.30833","5.2","ADARE HALLETT, AY","    0",",,X","    0",",,X","   76",",,X"," -256",",,X"," -311",",,X",,,,," 2200",",,X","  225","W,,X","   51",",,X",,,,,,,,,,,,
"AYW00087701","1962-06-30","-72.29444","170.30833","5.2","ADARE HALLETT, AY","    0",",,X","    0",",,X","   76",",,X"," -261",",,X"," -339",",,X",,,,," 0000",",,X","  225","W,,X","   46",",,X",,,,,,,,,,,,
"AYW00087701","1962-07-01","-72.29444","170.30833","5.2","ADARE HALLETT, AY","    0",",,X","    0",",,X","   76",",,X"," -289",",,X"," -344",",,X",,,,," 2106",",,X","  225","W,,X","   46",",,X",,,,,,,,,,,,
"AYW00087701","1962-07-02","-72.29444","170.30833","5.2","ADARE HALLETT, AY","    0",",,X","    0",",,X","   76",",,X"," -306",",,X"," -356",",,X",,,,," 2236",",,X","  203","W,,X","   51",",,X","    1",",,X",,,,,,,,,,
"AYW00087701","1962-07-03","-72.29444","170.30833","5.2","ADARE HALLETT, AY","    0",",,X","    0",",,X","   76",",,X"," -322",",,X"," -372",",,X",,,,," 0730",",,X","  225","W,,X","   41",",,X",,,,,,,,,,,,
"AYW00087701","1962-07-04","-72.29444","170.30833","5.2","ADARE HALLETT, AY","    0","T,,X","    0","T,,X","   76",",,X"," -289",",,X"," -372",",,X",,,,," 1030",",,X","  225","W,,X","   41",",,X","    1",",,X",,,,,,,,,"    1",",,X"
"AYW00087701","1962-07-05","-72.29444","170.30833","5.2","ADARE HALLETT, AY","   25",",,X","   25",",,X","   76",",,X"," -178",",,X"," -356",",,X",,,,," 1724",",,X","  203","W,,X","  334",",,X","    1",",,X",,,,,"    1",",,X",,,"    1",",,X"
"AYW00087701","1962-07-06","-72.29444","170.30833","5.2","ADARE HALLETT, AY","   33",",,X","   33",",,X","   76",",,X"," -189",",,X"," -228",",,X",,,,," 0430",",,X","  180","W,,X","  355",",,X",,,,,,,"    1",",,X",,,"    1",",,X"
"AYW00087701","1962-07-07","-72.29444","170.30833","5.2","ADARE HALLETT, AY","    0",",,X","    0",",,X","   76",",,X"," -206",",,X"," -317",",,X",,,,," 0118",",,X","  203","W,,X","  216",",,X",,,,,,,"    1",",,X",,,,
"AYW00087701","1962-07-08","-72.29444","170.30833","5.2","ADARE HALLETT, AY","    0",",,X","    0",",,X","   76",",,X"," -244",",,X"," -328",",,X",,,,," 0406",",,X","  225","W,,X","   51",",,X","    1",",,X",,,,,,,,,,
"AYW00087701","1962-07-09","-72.29444","170.30833","5.2","ADARE HALLETT, AY","    0","T,,X","    0","T,,X","   76",",,X"," -217",",,X"," -278",",,X",,,,," 1830",",,X","  135","W,,X","   41",",,X",,,,,,,,,,,"    1",",,X"
"AYW00087701","1962-07-10","-72.29444","170.30833","5.2","ADARE HALLETT, AY","    0",",,X","    0",",,X","   76",",,X"," -211",",,X"," -300",",,X",,,,," 1706",",,X","  180","W,,X","   62",",,X",,,,,,,,,,,,
"AYW00087701","1962-07-11","-72.29444","170.30833","5.2","ADARE HALLETT, AY","    3",",,X","    3",",,X","   76",",,X"," -233",",,X"," -322",",,X",,,,," 0730",",,X","  203","W,,X","   51",",,X","    1",",,X",,,,,,,,,"    1",",,X"
"AYW00087701","1962-07-12","-72.29444","170.30833","5.2","ADARE HALLETT, AY","    0","T,,X","    0","T,,X","   76",",,X"," -206",",,X"," -317",",,X",,,,," 0312",",,X","  225","W,,X","  195",",,X",,,,,,,,,,,"    1",",,X"
"AYW00087701","1962-07-13","-72.29444","170.30833","5.2","ADARE HALLETT, AY","    0",",,X","    0",",,X","   76",",,X"," -244",",,X"," -344",",,X",,,,," 1424",",,X","  225","W,,X","   51",",,X",,,,,,,,,,,,
"AYW00087701","1962-07-14","-72.29444","170.30833","5.2","ADARE HALLETT, AY","    8",",,X","    8",",,X","   76",",,X"," -206",",,X"," -278",",,X",,,,," 1112",",,X","  203","W,,X","  293",",,X",,,,,,,"    1",",,X",,,"    1",",,X"
"AYW00087701","1962-07-15","-72.29444","170.30833","5.2","ADARE HALLETT, AY","    3",",,X","    3",",,X","   76",",,X"," -228",",,X"," -339",",,X",,,,," 0100",",,X","  203","W,,X","  123",",,X",,,,,,,,,,,"    1",",,X"
"AYW00087701","1962-07-16","-72.29444","170.30833","5.2","ADARE HALLETT, AY","    0","T,,X","    0","T,,X","   76",",,X"," -333",",,X"," -383",",,X",,,,," 0206",",,X","  248","W,,X","   36",",,X",,,,,,,,,,,"    1",",,X"
"AYW00087701","1962-07-17","-72.29444","170.30833","5.2","ADARE HALLETT, AY","    0","T,,X","    0","T,,X","   76",",,X"," -317",",,X"," -389",",,X",,,,," 0606",",,X","  203","W,,X","   57",",,X",,,,,,,,,,,"    1",",,X"
"AYW00087701","1962-07-18","-72.29444","170.30833","5.2","ADARE HALLETT, AY","    0",",,X","    0",",,X","   76",",,X"," -344",",,X"," -422",",,X",,,,," 1748",",,X","  203","W,,X","   41",",,X",,,,,,,,,,,,
"AYW00087701","1962-07-19","-72.29444","170.30833","5.2","ADARE HALLETT, AY","    0",",,X","    0",",,X","   76",",,X"," -156",",,X"," -422",",,X",,,,," 1548",",,X","  225","W,,X","  242",",,X",,,,,,,"    1",",,X",,,,
"AYW00087701","1962-07-20","-72.29444","170.30833","5.2","ADARE HALLETT, AY","    0","T,,X","    0","T,,X","   76",",,X"," -172",",,X"," -267",",,X",,,,," 0848",",,X","  180","W,,X","  144",",,X",,,,,,,,,,,"    1",",,X"
"AYW00087701","1962-07-21","-72.29444","170.30833","5.2","ADARE HALLETT, AY","    0",",,X","    0",",,X","   76",",,X"," -250",",,X"," -333",",,X",,,,," 0154",",,X","  225","W,,X","   82",",,X",,,,,,,,,,,,
"AYW00087701","1962-07-22","-72.29444","170.30833","5.2","ADARE HALLETT, AY","    0",",,X","    0",",,X","   76",",,X"," -250",",,X"," -317",",,X",,,,," 0812",",,X","  225","W,,X","  134",",,X",,,,,,,,,,,,
"AYW00087701","1962-07-23","-72.29444","170.30833","5.2","ADARE HALLETT, AY","    0",",,X","    0",",,X","   76",",,X"," -194",",,X"," -333",",,X",,,,," 1548",",,X","  180","W,,X","  170",",,X",,,,,,,,,,,,
"AYW00087701","1962-07-24","-72.29444","170.30833","5.2","ADARE HALLETT, AY","    0",",,X","    0",",,X","   76",",,X"," -222",",,X"," -356",",,X",,,,," 0518",",,X","  203","W,,X","   82",",,X",,,,,,,,,,,,
"AYW00087701","1962-07-25","-72.29444","170.30833","5.2","ADARE HALLETT, AY","    0",",,X","    0",",,X","   76",",,X"," -261",",,X"," -344",",,X",,,,," 0936",",,X","  203","W,,X","   98",",,X",,,,,,,,,,,,
"AYW00087701","1962-07-26","-72.29444","170.30833","5.2","ADARE HALLETT, AY","    3",",,X","    3",",,X","   76",",,X"," -233",",,X"," -339",",,X",,,,," 2306",",,X","  203","W,,X","  180",",,X",,,,,,,"    1",",,X",,,"    1",",,X"
"AYW00087701","1962-07-27","-72.29444","170.30833","5.2","ADARE HALLETT, AY","    0","T,,X","    0","T,,X","   76",",,X"," -250",",,X"," -389",",,X",,,,," 0006",",,X","  203","W,,X","  164",",,X",,,,,,,"    1",",,X",,,"    1",",,X"
"AYW00087701","1962-07-28","-72.29444","170.30833","5.2","ADARE HALLETT, AY","    0",",,X","    0",",,X","   76",",,X"," -322",",,X"," -389",",,X",,,,," 1312",",,X","   23","W,,X","   36",",,X",,,,,,,,,,,,
"AYW00087701","1962-07-29","-72.29444","170.30833","5.2","ADARE HALLETT, AY","   13",",,X","   13",",,X","   76",",,X"," -267",",,X"," -383",",,X",,,,," 1942",",,X","  203","W,,X","  252",",,X",,,,,,,"    1",",,X",,,"    1",",,X"
"AYW00087701","1962-07-30","-72.29444","170.30833","5.2","ADARE HALLETT, AY","    5",",,X","    5",",,X","   76",",,X"," -250",",,X"," -317",",,X",,,,," 1000",",,X","  203","W,,X","  226",",,X",,,,,,,"    1",",,X",,,"    1",",,X"
"AYW00087701","1962-07-31","-72.29444","170.30833","5.2","ADARE HALLETT, AY","    0","T,,X","    0","T,,X","   76",",,X"," -139",",,X"," -339",",,X",,,,," 2148",",,X","  225","W,,X","  129",",,X",,,,,,,"    1",",,X",,,"    1",",,X"
"AYW00087701","1962-08-01","-72.29444","170.30833","5.2","ADARE HALLETT, AY","    0",",,X","    0",",,X","   76",",,X","  -83",",,X"," -194",",,X",,,,," 1930",",,X","  225","W,,X","  134",",,X",,,,,,,,,,,,
"AYW00087701","1962-08-02","-72.29444","170.30833","5.2","ADARE HALLETT, AY","    5",",,X","    5",",,X","   76",",,X"," -172",",,X"," -239",",,X",,,,," 0318",",,X","  225","W,,X","   57",",,X",,,,,,,,,,,"    1",",,X"
"AYW00087701","1962-08-03","-72.29444","170.30833","5.2","ADARE HALLETT, AY","   71",",,X","   64",",,X","  102",",,X"," -167",",,X"," -222",",,X",,,,," 2254",",,X","  203","W,,X","  288",",,X",,,,,,,"    1",",,X",,,"    1",",,X"
"AYW00087701","1962-08-04","-72.29444","170.30833","5.2","ADARE HALLETT, AY","   36",",,X","   36",",,X","  102",",,X"," -200",",,X"," -239",",,X",,,,," 0624",",,X","  203","W,,X","  298",",,X",,,,,,,,,,,"    1",",,X"
"AYW00087701","1962-08-05","-72.29444","170.30833","5.2","ADARE HALLETT, AY","   41",",,X","   25",",,X","  127",",,X"," -228",",,X"," -267",",,X",,,,," 0000",",,X","  203","W,,X","   93",",,X",,,,,,,,,,,"    1",",,X"
"AYW00087701","1962-08-06","-72.29444","170.30833","5.2","ADARE HALLETT, AY","   20",",,X","   20",",,X","  127",",,X"," -239",",,X"," -356",",,X",,,,," 1954",",,X","  360","W,,X","   26",",,X",,,,,,,,,,,"    1",",,X"
"AYW00087701","1962-08-07","-72.29444","170.30833","5.2","ADARE HALLETT, AY","    0",",,X","    0",",,X","  127",",,X"," -322",",,X"," -417",",,X",,,,," 2006",",,X","  338","W,,X","   21",",,X",,,,,,,,,,,,
"AYW00087701","1962-08-08","-72.29444","170.30833","5.2","ADARE HALLETT, AY","    5",",,X","    5",",,X","  127",",,X"," -283",",,X"," -400",",,X",,,,," 1942",",,X","   23","W,,X","   31",",,X",,,,,,,,,,,"    1",",,X"
"AYW00087701","1962-08-09","-72.29444","170.30833","5.2","ADARE HALLETT, AY","    3",",,X","    3",",,X","  127",",,X"," -283",",,X"," -356",",,X",,,,," 0100",",,X","  225","W,,X","  159",",,X",,,,,,,"    1",",,X",,,"    1",",,X"
"AYW00087701","1962-08-10","-72.29444","170.30833","5.2","ADARE HALLETT, AY","    0",",,X","    0",",,X","  127",",,X"," -328",",,X"," -394",",,X",,,,," 2224",",,X","  360","W,,X","   46",",,X",,,,,,,,,,,,
"AYW00087701","1962-08-11","-72.29444","170.30833","5.2","ADARE HALLETT, AY","    0",",,X","    0",",,X","  127",",,X"," -172",",,X"," -344",",,X",,,,," 0600",",,X","  180","W,,X","  180",",,X",,,,,,,"    1",",,X",,,,
"AYW00087701","1962-08-12","-72.29444","170.30833","5.2","ADARE HALLETT, AY","    0",",,X","    0",",,X","  127",",,X"," -183",",,X"," -300",",,X",,,,," 2306",",,X","  203","W,,X","  221",",,X",,,,,,,"    1",",,X",,,,
"AYW00087701","1962-08-13","-72.29444","170.30833","5.2","ADARE HALLETT, AY","    0",",,X","    0",",,X","  127",",,X"," -161",",,X"," -256",",,X",,,,," 0418",",,X","  203","W,,X","  242",",,X",,,,,,,"    1",",,X",,,,
"AYW00087701","1962-08-14","-72.29444","170.30833","5.2","ADARE HALLETT, AY","    0",",,X","    0",",,X","  127",",,X"," -111",",,X"," -233",",,X",,,,," 1248",",,X","  203","W,,X","  206",",,X",,,,,,,,,,,,
"AYW00087701","1962-08-15","-72.29444","170.30833","5.2","ADARE HALLETT, AY","    0",",,X","    0",",,X","  127",",,X"," -111",",,X"," -217",",,X",,,,," 0018",",,X","  225","W,,X","  149",",,X",,,,,,,,,,,,
"AYW00087701","1962-08-16","-72.29444","170.30833","5.2","ADARE HALLETT, AY","    0","T,,X","    0","T,,X","  127",",,X"," -178",",,X"," -272",",,X",,,,," 0548",",,X","  225","W,,X","   31",",,X",,,,,,,,,,,"    1",",,X"
"AYW00087701","1962-08-17","-72.29444","170.30833","5.2","ADARE HALLETT, AY","   15",",,X","   15",",,X","  127",",,X"," -167",",,X"," -244",",,X",,,,," 1718",",,X","  225","W,,X","  231",",,X",,,,,,,"    1",",,X",,,"    1",",,X"
"AYW00087701","1962-08-18","-72.29444","170.30833","5.2","ADARE HALLETT, AY","    0",",,X","    0",",,X","  127",",,X"," -144",",,X"," -250",",,X",,,,," 0206",",,X","  203","W,,X","  257",",,X",,,,,,,"    1",",,X",,,,
"AYW00087701","1962-08-19","-72.29444","170.30833","5.2","ADARE HALLETT, AY","   23",",,X","   23",",,X","  127",",,X"," -167",",,X"," -244",",,X",,,,," 2336",",,X","  203","W,,X","  175",",,X",,,,,,,"    1",",,X",,,"    1",",,X"
"AYW00087701","1962-08-20","-72.29444","170.30833","5.2","ADARE HALLETT, AY","   13",",,X","   13",",,X","  127",",,X"," -167",",,X"," -233",",,X",,,,," 0736",",,X","  225","W,,X","  211",",,X",,,,,,,"    1",",,X",,,"    1",",,X"
"AYW00087701","1962-08-21","-72.29444","170.30833","5.2","ADARE HALLETT, AY","    0",",,X","    0",",,X","  127",",,X"," -189",",,X"," -283",",,X",,,,," 1700",",,X","  270","W,,X","  134",",,X",,,,,,,,,,,,
"AYW00087701","1962-08-22","-72.29444","170.30833","5.2","ADARE HALLETT, AY","    0",",,X","    0",",,X","  127",",,X"," -267",",,X"," -317",",,X",,,,," 2012",",,X","   45","W,,X","   51",",,X",,,,,,,,,,,,
"AYW00087701","1962-08-23","-72.29444","170.30833","5.2","ADARE HALLETT, AY","    0",",,X","    0",",,X","  127",",,X"," -206",",,X"," -300",",,X",,,,," 0506",",,X","  225","W,,X","   72",",,X",,,,,,,,,,,,
"AYW00087701","1962-08-24","-72.29444","170.30833","5.2","ADARE HALLETT, AY","    0",",,X","    0",",,X","  127",",,X"," -244",",,X"," -317",",,X",,,,," 0918",",,X","  360","W,,X","   57",",,X",,,,,,,,,,,,
"AYW00087701","1962-08-25","-72.29444","170.30833","5.2","ADARE HALLETT, AY","    0","T,,X","    0","T,,X","  127",",,X"," -306",",,X"," -367",",,X",,,,," 0848",",,X","  225","W,,X","   31",",,X",,,,,,,,,,,"    1",",,X"
"AYW00087701","1962-08-26","-72.29444","170.30833","5.2","ADARE HALLETT, AY","    0","T,,X","    0","T,,X","  127",",,X"," -311",",,X"," -367",",,X",,,,," 0906",",,X","  203","W,,X","   41",",,X",,,,,,,,,,,"    1",",,X"
"AYW00087701","1962-08-27","-72.29444","170.30833","5.2","ADARE HALLETT, AY","    0",",,X","    0",",,X","  127",",,X"," -311",",,X"," -372",",,X",,,,," 0336",",,X","  203","W,,X","   41",",,X","    1",",,X",,,,,,,,,,
"AYW00087701","1962-08-28","-72.29444","170.30833","5.2","ADARE HALLETT, AY","    0",",,X","    0",",,X","  127",",,X"," -178",",,X"," -317",",,X",,,,," 0700",",,X","  225","W,,X","  134",",,X",,,,,,,,,,,,
"AYW00087701","1962-08-29","-72.29444","170.30833","5.2","ADARE HALLETT, AY","    0",",,X","    0",",,X","  127",",,X"," -206",",,X"," -328",",,X",,,,," 0130",",,X","  225","W,,X","  108",",,X",,,,,,,,,,,,
"AYW00087701","1962-08-30","-72.29444","170.30833","5.2","ADARE HALLETT, AY","    0",",,X","    0",",,X","  127",",,X"," -267",",,X"," -367",",,X",,,,," 1124",",,X","  338","W,,X","   51",",,X",,,,,,,,,,,,
"AYW00087701","1962-08-31","-72.29444","170.30833","5.2","ADARE HALLETT, AY","    5",",,X","    5",",,X","  127",",,X"," -256",",,X"," -367",",,X",,,,," 0054",",,X","  203","W,,X","   51",",,X",,,,,,,,,,,"    1",",,X"
"AYW00087701","1962-09-01","-72.29444","170.30833","5.2","ADARE HALLETT, AY","  112",",,X","  112",",,X","  152",",,X"," -161",",,X"," -261",",,X",,,,," 1742",",,X","  203","W,,X","  252",",,X",,,,,,,"    1",",,X",,,"    1",",,X"
"AYW00087701","1962-09-02","-72.29444","170.30833","5.2","ADARE HALLETT, AY","   15",",,X","   15",",,X","  152",",,X"," -183",",,X"," -233",",,X",,,,," 2112",",,X","  203","W,,X","  257",",,X",,,,,,,"    1",",,X",,,"    1",",,X"
"AYW00087701","1962-09-03","-72.29444","170.30833","5.2","ADARE HALLETT, AY","   23",",,X","   23",",,X","  178",",,X"," -150",",,X"," -211",",,X",,,,," 0248",",,X","  203","W,,X","  247",",,X",,,,,,,"    1",",,X",,,"    1",",,X"
"AYW00087701","1962-09-04","-72.29444","170.30833","5.2","ADARE HALLETT, AY","    0",",,X","    0",",,X","  178",",,X"," -194",",,X"," -283",",,X",,,,," 1724",",,X","  225","W,,X","   41",",,X",,,,,,,,,,,,
"AYW00087701","1962-09-05","-72.29444","170.30833","5.2","ADARE HALLETT, AY","    0",",,X","    0",",,X","  178",",,X"," -172",",,X"," -289",",,X",,,,," 1630",",,X","  225","W,,X","   93",",,X",,,,,,,,,,,,
"AYW00087701","1962-09-06","-72.29444","170.30833","5.2","ADARE HALLETT, AY","    0",",,X","    0",",,X","  178",",,X"," -139",",,X"," -256",",,X",,,,," 2136",",,X","  180","W,,X","   93",",,X","    1",",,X",,,,,,,,,,
"AYW00087701","1962-09-07","-72.29444","170.30833","5.2","ADARE HALLETT, AY","    0",",,X","    0",",,X","  178",",,X"," -183",",,X"," -256",",,X",,,,," 0206",",,X","  158","W,,X","   82",",,X",,,,,,,,,,,,
"AYW00087701","1962-09-08","-72.29444","170.30833","5.2","ADARE HALLETT, AY","    3",",,X","    3",",,X","  178",",,X"," -194",",,X"," -244",",,X",,,,," 2036",",,X","  113","W,,X","   77",",,X",,,,,,,,,,,"    1",",,X"
"AYW00087701","1962-09-09","-72.29444","170.30833","5.2","ADARE HALLETT, AY","    0",",,X","    0",",,X","  178",",,X"," -222",",,X"," -328",",,X",,,,," 0412",",,X","  135","W,,X","  103",",,X",,,,,,,,,,,,
"AYW00087701","1962-09-10","-72.29444","170.30833","5.2","ADARE HALLETT, AY","    0",",,X","    0",",,X","  178",",,X"," -278",",,X"," -367",",,X",,,,," 2324",",,X","  248","W,,X","   31",",,X",,,,,,,,,,,,
"AYW00087701","1962-09-11","-72.29444","170.30833","5.2","ADARE HALLETT, AY","    0",",,X","    0",",,X","  178",",,X"," -294",",,X"," -383",",,X",,,,," 1442",",,X","  225","W,,X","   41",",,X",,,,,,,,,,,,
"AYW00087701","1962-09-12","-72.29444","170.30833","5.2","ADARE HALLETT, AY","    0",",,X","    0",",,X","  178",",,X"," -294",",,X"," -372",",,X",,,,," 0100",",,X","  225","W,,X","   41",",,X",,,,,,,,,,,,
"AYW00087701","1962-09-13","-72.29444","170.30833","5.2","ADARE HALLETT, AY","    0",",,X","    0",",,X","  178",",,X"," -283",",,X"," -389",",,X",,,,," 1242",",,X","  225","W,,X","   41",",,X",,,,,,,,,,,,
"AYW00087701","1962-09-14","-72.29444","170.30833","5.2","ADARE HALLETT, AY","    0",",,X","    0",",,X","  178",",,X"," -311",",,X"," -383",",,X",,,,," 1048",",,X","  225","W,,X","   26",",,X",,,,,,,,,,,,
"AYW00087701","1962-09-15","-72.29444","170.30833","5.2","ADARE HALLETT, AY","    0",",,X","    0",",,X","  178",",,X"," -267",",,X"," -350",",,X",,,,," 1612",",,X","  225","W,,X","   57",",,X",,,,,,,,,,,,
"AYW00087701","1962-09-16","-72.29444","170.30833","5.2","ADARE HALLETT, AY","    0",",,X","    0",",,X","  178",",,X"," -272",",,X"," -367",",,X",,,,," 1436",",,X","  225","W,,X","   41",",,X",,,,,,,,,,,,
"AYW00087701","1962-09-17","-72.29444","170.30833","5.2","ADARE HALLETT, AY","    0",",,X","    0",",,X","  178",",,X"," -317",",,X"," -389",",,X",,,,," 0036",",,X","  203","W,,X","   31",",,X",,,,,,,,,,,,
"AYW00087701","1962-09-18","-72.29444","170.30833","5.2","ADARE HALLETT, AY","    0",",,X","    0",",,X","  178",",,X"," -328",",,X"," -406",",,X",,,,," 2054",",,X","  225","W,,X","   41",",,X",,,,,,,,,,,,
"AYW00087701","1962-09-19","-72.29444","170.30833","5.2","ADARE HALLETT, AY","    0",",,X","    0",",,X","  178",",,X"," -278",",,X"," -389",",,X",,,,," 2006",",,X","  225","W,,X","   46",",,X",,,,,,,,,,,,
"AYW00087701","1962-09-20","-72.29444","170.30833","5.2","ADARE HALLETT, AY","    0",",,X","    0",",,X","  178",",,X"," -161",",,X"," -306",",,X",,,,," 2106",",,X","  248","W,,X","  118",",,X",,,,,,,,,,,,
"AYW00087701","1962-09-21","-72.29444","170.30833","5.2","ADARE HALLETT, AY","    0",",,X","    0",",,X","  178",",,X"," -167",",,X"," -300",",,X",,,,," 0012",",,X","  248","W,,X","   82",",,X",,,,,,,,,,,,
"AYW00087701","1962-09-22","-72.29444","170.30833","5.2","ADARE HALLETT, AY","    0",",,X","    0",",,X","  178",",,X"," -222",",,X"," -339",",,X",,,,," 2248",",,X","  248","W,,X","   36",",,X",,,,,,,,,,,,
"AYW00087701","1962-09-23","-72.29444","170.30833","5.2","ADARE HALLETT, AY","    0",",,X","    0",",,X","  178",",,X"," -217",",,X"," -311",",,X",,,,," 2348",",,X","  225","W,,X","   41",",,X",,,,,,,,,,,,
"AYW00087701","1962-09-24","-72.29444","170.30833","5.2","ADARE HALLETT, AY","    0",",,X","    0",",,X","  178",",,X"," -194",",,X"," -317",",,X",,,,," 0500",",,X","  225","W,,X","   62",",,X",,,,,,,,,,,,
"AYW00087701","1962-09-25","-72.29444","170.30833","5.2","ADARE HALLETT, AY","    0","T,,X","    0","T,,X","  178",",,X"," -167",",,X"," -317",",,X",,,,," 0000",",,X","  225","W,,X","   41",",,X",,,,,,,,,,,"    1",",,X"
"AYW00087701","1962-09-26","-72.29444","170.30833","5.2","ADARE HALLETT, AY","    0",",,X","    0",",,X","  178",",,X"," -206",",,X"," -328",",,X",,,,," 2300",",,X","  225","W,,X","   51",",,X",,,,,,,,,,,,
"AYW00087701","1962-09-27","-72.29444","170.30833","5.2","ADARE HALLETT, AY","    0",",,X","    0",",,X","  178",",,X"," -233",",,X"," -350",",,X",,,,," 0854",",,X","  225","W,,X","   41",",,X",,,,,,,,,,,,
"AYW00087701","1962-09-28","-72.29444","170.30833","5.2","ADARE HALLETT, AY","    0",",,X","    0",",,X","  178",",,X"," -189",",,X"," -350",",,X",,,,," 1154",",,X","  203","W,,X","   36",",,X","    1",",,X",,,,,,,,,,
"AYW00087701","1962-09-29","-72.29444","170.30833","5.2","ADARE HALLETT, AY","    0","T,,X","    0","T,,X","  178",",,X"," -122",",,X"," -239",",,X",,,,," 0518",",,X","  248","W,,X","   57",",,X","    1",",,X",,,,,,,,,"    1",",,X"
"AYW00087701","1962-09-30","-72.29444","170.30833","5.2","ADARE HALLETT, AY","    0","T,,X","    0","T,,X","  178",",,X"," -139",",,X"," -233",",,X",,,,," 1848",",,X","  225","W,,X","   62",",,X",,,,,,,,,,,"    1",",,X"
"AYW00087701","1962-10-01","-72.29444","170.30833","5.2","ADARE HALLETT, AY","   28",",,X","   28",",,X","  203",",,X"," -150",",,X"," -233",",,X",,,,," 1706",",,X","  113","W,,X","   87",",,X",,,,,,,,,,,"    1",",,X"
"AYW00087701","1962-10-02","-72.29444","170.30833","5.2","ADARE HALLETT, AY","   10",",,X","   10",",,X","  203",",,X"," -183",",,X"," -250",",,X",,,,," 0000",",,X","  135","W,,X","   41",",,X",,,,,,,,,,,"    1",",,X"
"AYW00087701","1962-10-03","-72.29444","170.30833","5.2","ADARE HALLETT, AY","   15",",,X","   15",",,X","  203",",,X"," -161",",,X"," -289",",,X",,,,," 0830",",,X","   45","W,,X","   41",",,X",,,,,,,,,,,"    1",",,X"
"AYW00087701","1962-10-04","-72.29444","170.30833","5.2","ADARE HALLETT, AY","    0",",,X","    0",",,X","  203",",,X"," -222",",,X"," -356",",,X",,,,," 1918",",,X","  180","W,,X","   41",",,X",,,,,,,,,,,,
"AYW00087701","1962-10-05","-72.29444","170.30833","5.2","ADARE HALLETT, AY","    0",",,X","    0",",,X","  203",",,X"," -172",",,X"," -339",",,X",,,,," 0612",",,X","  203","W,,X","   62",",,X",,,,,,,,,,,,
"AYW00087701","1962-10-06","-72.29444","170.30833","5.2","ADARE HALLETT, AY","    0",",,X","    0",",,X","  203",",,X"," -189",",,X"," -333",",,X",,,,," 0506",",,X","  180","W,,X","   93",",,X",,,,,,,,,,,,
"AYW00087701","1962-10-07","-72.29444","170.30833","5.2","ADARE HALLETT, AY","    0",",,X","    0",",,X","  203",",,X"," -167",",,X"," -328",",,X",,,,," 1218",",,X","  225","W,,X","   57",",,X",,,,,,,,,,,,
"AYW00087701","1962-10-08","-72.29444","170.30833","5.2","ADARE HALLETT, AY","    0",",,X","    0",",,X","  203",",,X"," -133",",,X"," -272",",,X",,,,,,,"  203","W,,X","   62",",,X",,,,,,,,,,,,
"AYW00087701","1962-10-09","-72.29444","170.30833","5.2","ADARE HALLETT, AY","    0",",,X","    0",",,X","  203",",,X","  -78",",,X"," -233",",,X",,,,," 0718",",,X","  203","W,,X","   67",",,X",,,,,,,,,,,,
"AYW00087701","1962-10-10","-72.29444","170.30833","5.2","ADARE HALLETT, AY","    0",",,X","    0",",,X","  203",",,X","  -72",",,X"," -278",",,X",,,,," 0624",",,X","  203","W,,X","   62",",,X",,,,,,,,,,,,
"AYW00087701","1962-10-11","-72.29444","170.30833","5.2","ADARE HALLETT, AY","    0",",,X","    0",",,X","  203",",,X"," -117",",,X"," -306",",,X",,,,," 1524",",,X","  225","W,,X","   51",",,X",,,,,,,,,,,,
"AYW00087701","1962-10-12","-72.29444","170.30833","5.2","ADARE HALLETT, AY","    0",",,X","    0",",,X","  203",",,X"," -156",",,X"," -272",",,X",,,,," 2224",",,X","  203","W,,X","   36",",,X",,,,,,,,,,,,
"AYW00087701","1962-10-13","-72.29444","170.30833","5.2","ADARE HALLETT, AY","    0",",,X","    0",",,X","  203",",,X"," -122",",,X"," -289",",,X",,,,," 0012",",,X","  225","W,,X","   26",",,X",,,,,,,,,,,,
"AYW00087701","1962-10-14","-72.29444","170.30833","5.2","ADARE HALLETT, AY","    0",",,X","    0",",,X","  203",",,X"," -128",",,X"," -311",",,X",,,,," 1148",",,X","  225","W,,X","   36",",,X",,,,,,,,,,,,
"AYW00087701","1962-10-15","-72.29444","170.30833","5.2","ADARE HALLETT, AY","    0","T,,X","    0","T,,X","  203",",,X"," -156",",,X"," -328",",,X",,,,," 2236",",,X","  225","W,,X","   72",",,X",,,,,,,,,,,"    1",",,X"
"AYW00087701","1962-10-16","-72.29444","170.30833","5.2","ADARE HALLETT, AY","    0",",,X","    0",",,X","  203",",,X"," -144",",,X"," -300",",,X",,,,," 0054",",,X","  203","W,,X","   77",",,X",,,,,,,,,,,,
"AYW00087701","1962-10-17","-72.29444","170.30833","5.2","ADARE HALLETT, AY","    0","T,,X","    0","T,,X","  203",",,X"," -167",",,X"," -267",",,X",,,,," 1424",",,X","  293","W,,X","   31",",,X",,,,,,,,,,,"    1",",,X"
"AYW00087701","1962-10-18","-72.29444","170.30833","5.2","ADARE HALLETT, AY","    0","T,,X","    0","T,,X","  203",",,X"," -156",",,X"," -328",",,X",,,,," 1930",",,X","  225","W,,X","   26",",,X",,,,,,,,,,,"    1",",,X"
"AYW00087701","1962-10-19","-72.29444","170.30833","5.2","ADARE HALLETT, AY","    0","T,,X","    0","T,,X","  203",",,X"," -172",",,X"," -367",",,X",,,,," 2054",",,X","  225","W,,X","   51",",,X",,,,,,,,,,,"    1",",,X"
"AYW00087701","1962-10-20","-72.29444","170.30833","5.2","ADARE HALLETT, AY","    0","T,,X","    0","T,,X","  203",",,X"," -161",",,X"," -244",",,X",,,,," 1312",",,X","  225","W,,X","  123",",,X","    1",",,X",,,,,,,,,"    1",",,X"
"AYW00087701","1962-10-21","-72.29444","170.30833","5.2","ADARE HALLETT, AY","    0","T,,X","    0","T,,X","  203",",,X"," -128",",,X"," -250",",,X",,,,," 0830",",,X","  225","W,,X","   87",",,X",,,,,,,,,,,"    1",",,X"
"AYW00087701","1962-10-22","-72.29444","170.30833","5.2","ADARE HALLETT, AY","    0",",,X","    0",",,X","  102",",I,X"," -139",",,X"," -244",",,X",,,,," 2212",",,X","  203","W,,X","  108",",,X",,,,,,,,,,,,
"AYW00087701","1962-10-23","-72.29444","170.30833","5.2","ADARE HALLETT, AY","    0",",,X","    0",",I,X","  203",",I,X"," -178",",,X"," -244",",,X",,,,,,,,,,,,,,,,,,,,,,
"AYW00087701","1962-10-24","-72.29444","170.30833","5.2","ADARE HALLETT, AY","    0",",,X","    0",",,X","  203",",,X"," -150",",,X"," -250",",,X",,,,," 0718",",,X","  225","W,,X","   36",",,X",,,,,,,,,,,,
"AYW00087701","1962-10-25","-72.29444","170.30833","5.2","ADARE HALLETT, AY","    0",",,X","    0",",,X",,,"  -94",",,X"," -244",",,X",,,,," 0248",",,X","  158","W,,X","   67",",,X",,,,,,,,,,,,
"AYW00087701","1962-10-26","-72.29444","170.30833","5.2","ADARE HALLETT, AY","    0",",,X","    0",",,X","  203",",,X","  -78",",,X"," -233",",,X",,,,," 0118",",,X","  225","W,,X","   46",",,X",,,,,,,,,,,,
"AYW00087701","1962-10-27","-72.29444","170.30833","5.2","ADARE HALLETT, AY","    0",",,X","    0",",,X","  178",",,X"," -122",",,X"," -217",",,X",,,,," 0442",",,X","   45","W,,X","   51",",,X",,,,,,,,,,,,
"AYW00087701","1962-10-28","-72.29444","170.30833","5.2","ADARE HALLETT, AY","    0","T,,X","    0","T,,X","  203",",,X","  -83",",,X"," -200",",,X",,,,," 1906",",,X","  135","W,,X","   87",",,X",,,,,,,,,,,"    1",",,X"
"AYW00087701","1962-10-29","-72.29444","170.30833","5.2","ADARE HALLETT, AY","   20",",,X","   20",",,X","  203",",,X"," -133",",,X"," -183",",,X",,,,," 2354",",,X","  225","W,,X","  200",",,X",,,,,,,"    1",",,X",,,"    1",",,X"
"AYW00087701","1962-10-30","-72.29444","170.30833","5.2","ADARE HALLETT, AY","    0",",,X","    0",",,X","  229",",,X"," -122",",,X"," -178",",,X",,,,," 0636",",,X","  180","W,,X","  278",",,X",,,,,,,"    1",",,X",,,,
"AYW00087701","1962-10-31","-72.29444","170.30833","5.2","ADARE HALLETT, AY","    0",",,X","    0",",,X","  203",",,X"," -111",",,X"," -133",",,X",,,,," 0030",",,X","  180","W,,X","  272",",,X",,,,,,,"    1",",,X",,,,
"AYW00087701","1962-11-01","-72.29444","170.30833","5.2","ADARE HALLETT, AY","    0",",,X","    0",",,X","  203",",,X","  -78",",,X"," -133",",,X",,,,," 1618",",,X","  180","W,,X","  242",",,X",,,,,,,"    1",",,X",,,,
"AYW00087701","1962-11-02","-72.29444","170.30833","5.2","ADARE HALLETT, AY","    0",",,X","    0",",,X","  203",",,X","  -39",",,X"," -161",",,X",,,,," 0054",",,X","  225","W,,X","   82",",,X",,,,,,,,,,,,
"AYW00087701","1962-11-03","-72.29444","170.30833","5.2","ADARE HALLETT, AY","    0",",,X","    0",",,X","  178",",,X","  -28",",,X"," -189",",,X",,,,," 0124",",,X","  225","W,,X","   46",",,X",,,,,,,,,,,,
"AYW00087701","1962-11-04","-72.29444","170.30833","5.2","ADARE HALLETT, AY","    0","T,,X","    0","T,,X","  152",",,X","  -72",",,X"," -189",",,X",,,,," 2236",",,X","  293","W,,X","   51",",,X","    1",",,X",,,,,,,,,"    1",",,X"
"AYW00087701","1962-11-05","-72.29444","170.30833","5.2","ADARE HALLETT, AY","    0","T,,X","    0","T,,X","  152",",,X","  -61",",,X"," -178",",,X",,,,," 1906",",,X","  248","W,,X","   93",",,X",,,,,,,,,,,"    1",",,X"
"AYW00087701","1962-11-06","-72.29444","170.30833","5.2","ADARE HALLETT, AY","    0","T,,X","    0","T,,X","  152",",,X","  -78",",,X"," -139",",,X",,,,," 1930",",,X","  225","W,,X","   41",",,X",,,,,,,,,,,"    1",",,X"
"AYW00087701","1962-11-07","-72.29444","170.30833","5.2","ADARE HALLETT, AY","    0","T,,X","    0","T,,X","  152",",,X","  -44",",,X"," -167",",,X",,,,," 2324",",,X","  248","W,,X","   36",",,X",,,,,,,,,,,"    1",",,X"
"AYW00087701","1962-11-08","-72.29444","170.30833","5.2","ADARE HALLETT, AY","    0",",,X","    0",",,X","  152",",,X","  -67",",,X"," -206",",,X",,,,," 0642",",,X","  248","W,,X","   36",",,X",,,,,,,,,,,,
"AYW00087701","1962-11-09","-72.29444","170.30833","5.2","ADARE HALLETT, AY","    0",",,X","    0",",,X","  152",",,X","  -61",",,X"," -172",",,X",,,,," 0436",",,X","  203","W,,X","   21",",,X",,,,,,,,,,,,
"AYW00087701","1962-11-10","-72.29444","170.30833","5.2","ADARE HALLETT, AY","    0","T,,X","    0","T,,X","  152",",,X","  -22",",,X"," -133",",,X",,,,," 1124",",,X","  135","W,,X","  108",",,X",,,,,,,,,,,"    1",",,X"
"AYW00087701","1962-11-11","-72.29444","170.30833","5.2","ADARE HALLETT, AY","    0","T,,X","    0","T,,X","  127",",,X","  -39",",,X"," -128",",,X",,,,," 0642",",,X","  203","W,,X","   57",",,X",,,,,,,,,,,"    1",",,X"
"AYW00087701","1962-11-12","-72.29444","170.30833","5.2","ADARE HALLETT, AY","    0","T,,X","    0","T,,X","  127",",,X","  -44",",,X"," -150",",,X",,,,," 1030",",,X","  225","W,,X","   31",",,X",,,,,,,,,,,"    1",",,X"
"AYW00087701","1962-11-13","-72.29444","170.30833","5.2","ADARE HALLETT, AY","    0",",,X","    0",",,X","  127",",,X","  -44",",,X"," -172",",,X",,,,," 0412",",,X","  248","W,,X","   26",",,X",,,,,,,,,,,,
"AYW00087701","1962-11-14","-72.29444","170.30833","5.2","ADARE HALLETT, AY","    0",",,X","    0",",,X","  127",",,X","  -17",",,X"," -183",",,X",,,,," 1548",",,X","  270","W,,X","   21",",,X",,,,,,,,,,,,
"AYW00087701","1962-11-15","-72.29444","170.30833","5.2","ADARE HALLETT, AY","    0","T,,X","    0","T,,X","  102",",,X","  -17",",,X"," -167",",,X",,,,," 1400",",,X","  135","W,,X","  108",",,X",,,,,,,,,,,"    1",",,X"
"AYW00087701","1962-11-16","-72.29444","170.30833","5.2","ADARE HALLETT, AY","    0","T,,X","    0","T,,X","   76",",,X","   -6",",,X"," -111",",,X",,,,," 0148",",,X","  203","W,,X","   57",",,X",,,,,,,,,,,"    1",",,X"
"AYW00087701","1962-11-17","-72.29444","170.30833","5.2","ADARE HALLETT, AY","    0",",,X","    0",",,X","   76",",,X","   -6",",,X"," -156",",,X",,,,," 1254",",,X","  360","W,,X","   67",",,X",,,,,,,,,,,,
"AYW00087701","1962-11-18","-72.29444","170.30833","5.2","ADARE HALLETT, AY","    0","T,,X","    0","T,,X","   76",",,X","  -11",",,X"," -133",",,X",,,,," 2142",",,X","  135","W,,X","   67",",,X",,,,,,,,,,,"    1",",,X"
"AYW00087701","1962-11-19","-72.29444","170.30833","5.2","ADARE HALLETT, AY","   25",",,X","   25",",,X","  102",",,X","  -50",",,X","  -94",",,X",,,,," 2324",",,X","  203","W,,X","  144",",,X",,,,,,,,,,,"    1",",,X"
"AYW00087701","1962-11-20","-72.29444","170.30833","5.2","ADARE HALLETT, AY","    0","T,,X","    0","T,,X","   76",",,X","  -50",",,X","  -94",",,X",,,,," 0918",",,X","  180","W,,X","  200",",,X",,,,,,,"    1",",,X",,,"    1",",,X"
"AYW00087701","1962-11-21","-72.29444","170.30833","5.2","ADARE HALLETT, AY","    0",",,X","    0",",,X","   76",",,X","  -28",",,X","  -78",",,X",,,,," 1206",",,X","  225","W,,X","  118",",,X",,,,,,,,,,,,
"AYW00087701","1962-11-22","-72.29444","170.30833","5.2","ADARE HALLETT, AY","    0","T,,X","    0","T,,X","   76",",,X","  -33",",,X","  -89",",,X",,,,," 0118",",,X","  203","W,,X","  129",",,X",,,,,,,,,,,"    1",",,X"
"AYW00087701","1962-11-23","-72.29444","170.30833","5.2","ADARE HALLETT, AY","    0",",,X","    0",",,X","   76",",,X","  -56",",,X","  -94",",,X",,,,," 1442",",,X","  225","W,,X","  175",",,X",,,,,,,,,,,,
"AYW00087701","1962-11-24","-72.29444","170.30833","5.2","ADARE HALLETT, AY","    0",",,X","    0",",,X","   76",",,X","  -28",",,X"," -106",",,X",,,,," 0100",",,X","  225","W,,X","  134",",,X",,,,,,,,,,,,
"AYW00087701","1962-11-25","-72.29444","170.30833","5.2","ADARE HALLETT, AY","    0",",,X","    0",",,X","   76",",,X","  -22",",,X"," -111",",,X",,,,," 0342",",,X","  225","W,,X","   36",",,X",,,,,,,,,,,,
"AYW00087701","1962-11-26","-72.29444","170.30833","5.2","ADARE HALLETT, AY","    0",",,X","    0",",,X","   76",",,X","  -17",",,X"," -150",",,X",,,,," 1248",",,X","  338","W,,X","   15",",,X",,,,,,,,,,,,
"AYW00087701","1962-11-27","-72.29444","170.30833","5.2","ADARE HALLETT, AY","    0",",,X","    0",",,X","   76",",,X","   -6",",,X"," -133",",,X",,,,," 1442",",,X","  180","W,,X","   57",",,X",,,,,,,,,,,,
"AYW00087701","1962-11-28","-72.29444","170.30833","5.2","ADARE HALLETT, AY","    0",",,X","    0",",,X","   76",",,X","   11",",,X"," -128",",,X",,,,," 2130",",,X","   90","W,,X","   67",",,X",,,,,,,,,,,,
"AYW00087701","1962-11-29","-72.29444","170.30833","5.2","ADARE HALLETT, AY","    0","T,,X","    0","T,,X","   51",",,X","  -11",",,X","  -83",",,X",,,,," 1424",",,X","  113","W,,X","   93",",,X",,,,,,,,,,,"    1",",,X"
"AYW00087701","1962-11-30","-72.29444","170.30833","5.2","ADARE HALLETT, AY","    0","T,,X","    0","T,,X","   51",",,X","   22",",,X","  -56",",,X",,,,," 2218",",,X","  135","W,,X","   67",",,X",,,,,,,,,,,"    1",",,X"
"AYW00087701","1962-12-01","-72.29444","170.30833","5.2","ADARE HALLETT, AY","    0","T,,X","    0","T,,X","   51",",,X","    6",",,X","  -50",",,X",,,,," 0206",",,X","  113","W,,X","   57",",,X",,,,,,,,,,,"    1",",,X"
"AYW00087701","1962-12-02","-72.29444","170.30833","5.2","ADARE HALLETT, AY","    0","T,,X","    0","T,,X","   51",",,X","    6",",,X","  -72",",,X",,,,," 1312",",,X","  113","W,,X","  103",",,X",,,,,,,,,,,"    1",",,X"
"AYW00087701","1962-12-03","-72.29444","170.30833","5.2","ADARE HALLETT, AY","    0",",,X","    0",",,X","   51",",,X","  -11",",,X"," -100",",,X",,,,," 1712",",,X","  338","W,,X","   31",",,X",,,,,,,,,,,,
"AYW00087701","1962-12-04","-72.29444","170.30833","5.2","ADARE HALLETT, AY","    0","T,,X","    0","T,,X","   51",",,X","  -39",",,X"," -128",",,X",,,,," 1418",",,X","  135","W,,X","  108",",,X",,,,,,,,,,,"    1",",,X"
"AYW00087701","1962-12-05","-72.29444","170.30833","5.2","ADARE HALLETT, AY","    0",",,X","    0",",,X","   51",",,X","  -11",",,X","  -83",",,X",,,,," 0636",",,X","   90","W,,X","  108",",,X",,,,,,,,,,,,
"AYW00087701","1962-12-06","-72.29444","170.30833","5.2","ADARE HALLETT, AY","   20",",,X","   36",",,X","   76",",,X","  -44",",,X"," -100",",,X",,,,," 1342",",,X","  135","W,,X","   77",",,X",,,,,,,,,,,"    1",",,X"
"AYW00087701","1962-12-07","-72.29444","170.30833","5.2","ADARE HALLETT, AY","   23",",,X","   25",",,X","  102",",,X","  -17",",,X","  -72",",,X",,,,," 2336",",,X","  203","W,,X","  144",",,X",,,,,,,,,,,"    1",",,X"
"AYW00087701","1962-12-08","-72.29444","170.30833","5.2","ADARE HALLETT, AY","   30",",,X","   10",",,X","  127",",,X","  -28",",,X","  -56",",,X",,,,," 0636",",,X","  203","W,,X","  180",",,X",,,,,,,"    1",",,X",,,"    1",",,X"
"AYW00087701","1962-12-09","-72.29444","170.30833","5.2","ADARE HALLETT, AY","    0",",,X","    0",",,X","  127",",,X","   39",",,X","  -67",",,X",,,,," 0706",",,X","  180","W,,X","  113",",,X",,,,,,,,,,,,
"AYW00087701","1962-12-10","-72.29444","170.30833","5.2","ADARE HALLETT, AY","    0",",,X","    0",",,X","  102",",,X","   17",",,X"," -106",",,X",,,,," 2130",",,X","  225","W,,X","   31",",,X",,,,,,,,,,,,
"AYW00087701","1962-12-11","-72.29444","170.30833","5.2","ADARE HALLETT, AY","    0",",,X","    0",",,X","  102",",,X","   17",",,X","  -94",",,X",,,,," 1130",",,X","  225","W,,X","   31",",,X",,,,,,,,,,,,
"AYW00087701","1962-12-12","-72.29444","170.30833","5.2","ADARE HALLETT, AY","    0",",,X","    0",",,X","  102",",,X","   11",",,X","  -61",",,X",,,,," 1948",",,X","  225","W,,X","  103",",,X",,,,,,,,,,,,
"AYW00087701","1962-12-13","-72.29444","170.30833","5.2","ADARE HALLETT, AY","    0",",,X","    0",",,X","   76",",,X","   22",",,X","  -67",",,X",,,,," 0236",",,X","  225","W,,X","   98",",,X",,,,,,,,,,,,
"AYW00087701","1962-12-14","-72.29444","170.30833","5.2","ADARE HALLETT, AY","    0","T,,X","    0","T,,X","   76",",,X","  -11",",,X","  -78",",,X",,,,," 2254",",,X","  203","W,,X","   98",",,X",,,,,,,,,,,"    1",",,X"
"AYW00087701","1962-12-15","-72.29444","170.30833","5.2","ADARE HALLETT, AY","    0","T,,X","    0","T,,X","   76",",,X","    6",",,X","  -50",",,X",,,,,,,,,,,,,,,,,,,,,"    1",",,X"
"AYW00087701","1962-12-16","-72.29444","170.30833","5.2","ADARE HALLETT, AY","    0","T,,X","    0","T,,X","   76",",,X","    0",",,X","  -44",",,X",,,,," 0842",",,X","  135","W,,X","   41",",,X",,,,,,,,,,,"    1",",,X"
"AYW00087701","1962-12-17","-72.29444","170.30833","5.2","ADARE HALLETT, AY","    5",",,X","    5",",,X","   76",",,X","  -11",",,X","  -56",",,X",,,,," 2330",",,X","  270","W,,X","   21",",,X",,,,,,,,,,,"    1",",,X"
"AYW00087701","1962-12-18","-72.29444","170.30833","5.2","ADARE HALLETT, AY","    0",",,X","    0",",,X","   76",",,X","   11",",,X","  -67",",,X",,,,," 1448",",,X","   45","W,,X","   31",",,X",,,,,,,,,,,,
"AYW00087701","1962-12-19","-72.29444","170.30833","5.2","ADARE HALLETT, AY","    0",",,X","    0",",,X","   51",",,X","    0",",,X"," -106",",,X",,,,," 0518",",,X","  180","W,,X","  144",",,X",,,,,,,,,,,,
"AYW00087701","1962-12-20","-72.29444","170.30833","5.2","ADARE HALLETT, AY","    0",",,X","    0",",,X","   51",",,X","   17",",,X"," -100",",,X",,,,," 2306",",,X","  225","W,,X","   41",",,X",,,,,,,,,,,,
"AYW00087701","1962-12-21","-72.29444","170.30833","5.2","ADARE HALLETT, AY","   56",",,X","   56",",,X","   51",",,X","  -11",",,X","  -83",",,X",,,,," 2230",",,X","  203","W,,X","  175",",,X",,,,,,,"    1",",,X",,,"    1",",,X"
"AYW00087701","1962-12-22","-72.29444","170.30833","5.2","ADARE HALLETT, AY","   71",",,X","   71",",,X","  178",",,X","  -28",",,X","  -78",",,X",,,,," 1512",",,X","  203","W,,X","  226",",,X",,,,,,,"    1",",,X",,,"    1",",,X"
"AYW00087701","1962-12-23","-72.29444","170.30833","5.2","ADARE HALLETT, AY","    0",",,X","    0",",,X","  102",",,X","   17",",,X","  -39",",,X",,,,," 0018",",,X","  180","W,,X","  159",",,X",,,,,,,,,,,,
"AYW00087701","1962-12-24","-72.29444","170.30833","5.2","ADARE HALLETT, AY","   41",",,X","   46",",,X","  152",",,X","    0",",,X","  -67",",,X",,,,," 2348",",,X","  135","W,,X","  118",",,X",,,,,,,,,,,"    1",",,X"
"AYW00087701","1962-12-25","-72.29444","170.30833","5.2","ADARE HALLETT, AY","   86",",,X","   74",",,X","  229",",,X","  -11",",,X","  -33",",,X",,,,," 2206",",,X","  203","W,,X","  278",",,X",,,,,,,"    1",",,X",,,"    1",",,X"
"AYW00087701","1962-12-26","-72.29444","170.30833","5.2","ADARE HALLETT, AY","    8",",,X","    8",",,X","  203",",,X","   28",",,X","  -39",",,X",,,,," 0536",",,X","  203","W,,X","  278",",,X",,,,,,,"    1",",,X",,,"    1",",,X"
"AYW00087701","1962-12-27","-72.29444","170.30833","5.2","ADARE HALLETT, AY","    0",",,X","    0",",,X","  152",",,X","   22",",,X","  -94",",,X",,,,," 1248",",,X","  135","W,,X","   62",",,X",,,,,,,,,,,,
"AYW00087701","1962-12-28","-72.29444","170.30833","5.2","ADARE HALLETT, AY","    0",",,X","    0",",,X","  127",",,X","   33",",,X","  -83",",,X",,,,," 0230",",,X","  225","W,,X","   36",",,X",,,,,,,,,,,,
"AYW00087701","1962-12-29","-72.29444","170.30833","5.2","ADARE HALLETT, AY","    0",",,X","    0",",,X","  127",",,X","   22",",,X","  -94",",,X",,,,," 2354",",,X","  203","W,,X","   82",",,X",,,,,,,,,,,,
"AYW00087701","1962-12-30","-72.29444","170.30833","5.2","ADARE HALLETT, AY","    0","T,,X","    0","T,,X","  127",",,X","  -11",",,X","  -39",",,X",,,,," 2130",",,X","  180","W,,X","  216",",,X",,,,,,,"    1",",,X",,,"    1",",,X"
"AYW00087701","1962-12-31","-72.29444","170.30833","5.2","ADARE HALLETT, AY","    0","T,,X","    0","T,,X","  127",",,X","   11",",,X","  -39",",,X",,,,," 0336",",,X","  180","W,,X","  216",",,X",,,,,,,"    1",",,X",,,"    1",",,X"
"AYW00087701","1963-01-01","-72.29444","170.30833","5.2","ADARE HALLETT, AY","    0",",,X","    0",",,X","   76",",,X","   44",",,X","  -56",",,X",,,,," 0324",",,X","  225","W,,X","  113",",,X",,,,,,,,,,,,
"AYW00087701","1963-01-02","-72.29444","170.30833","5.2","ADARE HALLETT, AY","    0",",,X","    0",",,X","   76",",,X","   22",",,X","  -83",",,X",,,,," 2036",",,X","  158","W,,X","   82",",,X",,,,,,,,,,,,
"AYW00087701","1963-01-03","-72.29444","170.30833","5.2","ADARE HALLETT, AY","    0",",,X","    0",",,X","   51",",,X","   33",",,X","  -39",",,X",,,,," 1742",",,X","   23","W,,X","   36",",,X",,,,,,,,,,,,
"AYW00087701","1963-01-04","-72.29444","170.30833","5.2","ADARE HALLETT, AY","    0",",,X","    0",",,X","   51",",,X","   33",",,X","  -72",",,X",,,,," 1112",",,X","  203","W,,X","   46",",,X",,,,,,,,,,,,
"AYW00087701","1963-01-05","-72.29444","170.30833","5.2","ADARE HALLETT, AY","    0",",,X","    0",",,X","   25",",,X","   33",",,X","  -78",",,X",,,,," 0730",",,X","  270","W,,X","   31",",,X",,,,,,,,,,,,
"AYW00087701","1963-01-06","-72.29444","170.30833","5.2","ADARE HALLETT, AY","    0",",,X","    0",",,X","   25",",,X","   44",",,X","  -28",",,X",,,,," 1248",",,X","  203","W,,X","   51",",,X",,,,,,,,,,,,
"AYW00087701","1963-01-07","-72.29444","170.30833","5.2","ADARE HALLETT, AY","    0","T,,X","    0","T,,X","   25",",,X","   39",",,X","  -17",",,X",,,,," 0854",",,X","  225","W,,X","  175",",,X",,,,,,,,,,,"    1",",,X"
"AYW00087701","1963-01-08","-72.29444","170.30833","5.2","ADARE HALLETT, AY","    0",",,X","    0",",,X","    0","T,,X","   39",",,X","  -28",",,X",,,,," 0554",",,X","   23","W,,X","   36",",,X",,,,,,,,,,,,
"AYW00087701","1963-01-09","-72.29444","170.30833","5.2","ADARE HALLETT, AY","   10",",,X","   10",",,X","    0","T,,X","   33",",,X","  -33",",,X",,,,," 2054",",,X","   90","W,,X","   67",",,X","    1",",,X",,,,,,,,,"    1",",,X"
"AYW00087701","1963-01-10","-72.29444","170.30833","5.2","ADARE HALLETT, AY","    5",",,X","    8",",,X","   25",",,X","   33",",,X","  -44",",,X",,,,," 0130",",,X","  113","W,,X","   31",",,X",,,,,,,,,,,"    1",",,X"
"AYW00087701","1963-01-11","-72.29444","170.30833","5.2","ADARE HALLETT, AY","    0",",,X","    0",",,X","    0","T,,X","   33",",,X","  -67",",,X",,,,," 1706",",,X","  180","W,,X","   57",",,X",,,,,,,,,,,,
"AYW00087701","1963-01-12","-72.29444","170.30833","5.2","ADARE HALLETT, AY","    0","T,,X","    0","T,,X","    0","T,,X","   33",",,X","  -33",",,X",,,,," 1924",",,X","  225","W,,X","  123",",,X",,,,,,,,,,,"    1",",,X"
"AYW00087701","1963-01-13","-72.29444","170.30833","5.2","ADARE HALLETT, AY","    0","T,,X","    0","T,,X","    0","T,,X","   28",",,X","  -22",",,X",,,,," 1524",",,X","  135","W,,X","   72",",,X",,,,,,,,,,,"    1",",,X"
"AYW00087701","1963-01-14","-72.29444","170.30833","5.2","ADARE HALLETT, AY","    0",",,X","    0",",,X","    0","T,,X","   33",",,X","  -78",",,X",,,,," 1130",",,X","  225","W,,X","   51",",,X",,,,,,,,,,,,
"AYW00087701","1963-01-15","-72.29444","170.30833","5.2","ADARE HALLETT, AY","    0","T,,X","    0","T,,X","    0","T,,X","   28",",,X","  -78",",,X",,,,," 1918",",,X","  225","W,,X","   82",",,X",,,,,,,,,,,"    1",",,X"
"AYW00087701","1963-01-16","-72.29444","170.30833","5.2","ADARE HALLETT, AY","    0",",,X","    0",",,X","    0","T,,X","   11",",,X","  -61",",,X",,,,," 1854",",,X","  203","W,,X","  159",",,X",,,,,,,,,,,,
"AYW00087701","1963-01-17","-72.29444","170.30833","5.2","ADARE HALLETT, AY","    0","T,,X","    0","T,,X","    0","T,,X","  -11",",,X","  -39",",,X",,,,," 0512",",,X","  203","W,,X","  129",",,X","    1",",,X",,,,,,,,,"    1",",,X"
"AYW00087701","1963-01-18","-72.29444","170.30833","5.2","ADARE HALLETT, AY","    0",",,X","    0",",,X","    0","T,,X","   33",",,X","  -67",",,X",,,,," 0218",",,X","  225","W,,X","   93",",,X",,,,,,,,,,,,
"AYW00087701","1963-01-19","-72.29444","170.30833","5.2","ADARE HALLETT, AY","    0",",,X","    0",",,X","    0","T,,X","   33",",,X","  -56",",,X",,,,," 1718",",,X","  203","W,,X","   46",",,X",,,,,,,,,,,,
"AYW00087701","1963-01-20","-72.29444","170.30833","5.2","ADARE HALLETT, AY","    5",",,X","    8",",,X","    0","T,,X","    6",",,X","  -39",",,X",,,,," 2300",",,X","  135","W,,X","   67",",,X",,,,,,,,,,,"    1",",,X"
"AYW00087701","1963-01-21","-72.29444","170.30833","5.2","ADARE HALLETT, AY","    8",",,X","    8",",,X","    0","T,,X","   11",",,X","  -33",",,X",,,,," 1230",",,X","  225","W,,X","  129",",,X",,,,,,,,,,,"    1",",,X"
"AYW00087701","1963-01-22","-72.29444","170.30833","5.2","ADARE HALLETT, AY","    0",",,X","    0",",,X","    0","T,,X","   28",",,X","  -39",",,X",,,,," 1754",",,X","  113","W,,X","   57",",,X",,,,,,,,,,,,
"AYW00087701","1963-01-23","-72.29444","170.30833","5.2","ADARE HALLETT, AY","    0","T,,X","    0","T,,X","    0","T,,X","    0",",,X","  -50",",,X",,,,," 2330",",,X","  203","W,,X","  123",",,X",,,,,,,,,,,"    1",",,X"
"AYW00087701","1963-01-24","-72.29444","170.30833","5.2","ADARE HALLETT, AY","    0","T,,X","    0","T,,X","    0","T,,X","   22",",,X","  -44",",,X",,,,," 0706",",,X","  180","W,,X","  164",",,X",,,,,,,,,,,"    1",",,X"
"AYW00087701","1963-01-25","-72.29444","170.30833","5.2","ADARE HALLETT, AY","    0","T,,X","    0","T,,X","    0","T,,X","    6",",,X","  -50",",,X",,,,," 1542",",,X","  135","W,,X","   77",",,X",,,,,,,,,,,"    1",",,X"
"AYW00087701","1963-01-26","-72.29444","170.30833","5.2","ADARE HALLETT, AY","    0","T,,X","    0","T,,X","    0","T,,X","   11",",,X","  -61",",,X",,,,," 0954",",,X","  180","W,,X","  175",",,X",,,,,,,,,,,"    1",",,X"
"AYW00087701","1963-01-27","-72.29444","170.30833","5.2","ADARE HALLETT, AY","    0",",,X","    0",",,X","    0","T,,X","   17",",,X","  -61",",,X",,,,," 0500",",,X","  225","W,,X","   82",",,X",,,,,,,,,,,,
"AYW00087701","1963-01-28","-72.29444","170.30833","5.2","ADARE HALLETT, AY","    0",",,X","    0",",,X","    0","T,,X","   39",",,X","  -78",",,X",,,,," 0542",",,X","  225","W,,X","   62",",,X",,,,,,,,,,,,
"AYW00087701","1963-01-29","-72.29444","170.30833","5.2","ADARE HALLETT, AY","    0",",,X","    0",",,X","    0","T,,X","   28",",,X","  -44",",,X",,,,," 0054",",,X","  203","W,,X","   46",",,X",,,,,,,,,,,,
"AYW00087701","1963-01-30","-72.29444","170.30833","5.2","ADARE HALLETT, AY","    0",",,X","    0",",,X","    0","T,,X","    0",",,X","  -39",",,X",,,,," 1536",",,X","   90","W,,X","   31",",,X",,,,,,,,,,,,
"AYW00087701","1963-01-31","-72.29444","170.30833","5.2","ADARE HALLETT, AY","    0","T,,X","    0","T,,X","    0","T,,X","    0",",,X","  -33",",,X",,,,," 0248",",,X","  225","W,,X","   41",",,X",,,,,,,,,,,"    1",",,X"
"AYW00087701","1963-02-01","-72.29444","170.30833","5.2","ADARE HALLETT, AY","    0","T,,X","    0","T,,X","    0","T,,X","   22",",,X","  -33",",,X",,,,," 0424",",,X","  135","W,,X","   62",",,X",,,,,,,,,,,"    1",",,X"
"AYW00087701","1963-02-02","-72.29444","170.30833","5.2","ADARE HALLETT, AY","   20",",,X","   20",",,X","   25",",,X","   -6",",,X","  -44",",,X",,,,," 2200",",,X","  225","W,,X","  103",",,X",,,,,,,,,,,"    1",",,X"
"AYW00087701","1963-02-03","-72.29444","170.30833","5.2","ADARE HALLETT, AY","    0","T,,X","    0","T,,X","    0","T,,X","   17",",,X","  -44",",,X",,,,," 1112",",,X","  225","W,,X","   93",",,X",,,,,,,,,,,"    1",",,X"
"AYW00087701","1963-02-04","-72.29444","170.30833","5.2","ADARE HALLETT, AY","   10",",,X","   18",",,X","   25",",,X","    0",",,X","  -44",",,X",,,,," 0142",",,X","  203","W,,X","   57",",,X",,,,,,,,,,,"    1",",,X"
"AYW00087701","1963-02-05","-72.29444","170.30833","5.2","ADARE HALLETT, AY","   10",",,X","   13",",,X","    0","T,,X","    0",",,X","  -39",",,X",,,,," 0612",",,X","  203","W,,X","   77",",,X",,,,,,,,,,,"    1",",,X"
"AYW00087701","1963-02-06","-72.29444","170.30833","5.2","ADARE HALLETT, AY","    0","T,,X","    0","T,,X","    0","T,,X","    0",",,X","  -61",",,X",,,,," 1748",",,X","  135","W,,X","   87",",,X",,,,,,,,,,,"    1",",,X"
"AYW00087701","1963-02-07","-72.29444","170.30833","5.2","ADARE HALLETT, AY","    0",",,X","    0",",,X","    0","T,,X","   11",",,X","  -67",",,X",,,,," 0448",",,X","  203","W,,X","  129",",,X",,,,,,,,,,,,
"AYW00087701","1963-02-08","-72.29444","170.30833","5.2","ADARE HALLETT, AY","    0",",,X","    0",",,X","    0","T,,X","   17",",,X","  -56",",,X",,,,," 0312",",,X","  225","W,,X","   72",",,X",,,,,,,,,,,,
"AYW00087701","1963-02-09","-72.29444","170.30833","5.2","ADARE HALLETT, AY","   97",",,X","  114",",,X","  127",",,X","   -6",",,X","  -67",",,X",,,,," 2330",",,X","  225","W,,X","   62",",,X",,,,,,,,,,,"    1",",,X"
"AYW00087701","1963-02-10","-72.29444","170.30833","5.2","ADARE HALLETT, AY","   56",",,X","   66",",,X","  178",",,X","   -6",",,X","  -50",",,X",,,,," 2054",",,X","  225","W,,X","  236",",,X",,,,,,,"    1",",,X",,,"    1",",,X"
"AYW00087701","1963-02-11","-72.29444","170.30833","5.2","ADARE HALLETT, AY","    0",",,X","    0",",,X","  102",",,X","   11",",,X","  -56",",,X",,,,," 0018",",,X","  203","W,,X","  195",",,X",,,,,,,,,,,,
"AYW00087701","1963-02-12","-72.29444","170.30833","5.2","ADARE HALLETT, AY","    0","T,,X","    0","T,,X","   51",",,X","   17",",,X","  -72",",,X",,,,," 2006",",,X","  135","W,,X","   72",",,X",,,,,,,,,,,"    1",",,X"
"AYW00087701","1963-02-13","-72.29444","170.30833","5.2","ADARE HALLETT, AY","    0","T,,X","    0","T,,X","   51",",,X","  -17",",,X","  -50",",,X",,,,," 0454",",,X","  225","W,,X","   72",",,X",,,,,,,,,,,"    1",",,X"
"AYW00087701","1963-02-14","-72.29444","170.30833","5.2","ADARE HALLETT, AY","    0","T,,X","    0","T,,X","   25",",,X","   17",",,X","  -61",",,X",,,,," 2224",",,X","  203","W,,X","   62",",,X",,,,,,,,,,,"    1",",,X"
"AYW00087701","1963-02-15","-72.29444","170.30833","5.2","ADARE HALLETT, AY","    0","T,,X","    0","T,,X","   25",",,X","  -17",",,X","  -61",",,X",,,,," 1718",",,X","  135","W,,X","   87",",,X",,,,,,,,,,,"    1",",,X"
"AYW00087701","1963-02-16","-72.29444","170.30833","5.2","ADARE HALLETT, AY","    0",",,X","    0",",,X","    0","T,,X","  -33",",,X","  -72",",,X",,,,," 0318",",,X","  225","W,,X","  139",",,X",,,,,,,,,,,,
"AYW00087701","1963-02-17","-72.29444","170.30833","5.2","ADARE HALLETT, AY","    0",",,X","    0",",,X","    0","T,,X","  -22",",,X","  -94",",,X",,,,," 0536",",,X","  248","W,,X","  123",",,X",,,,,,,,,,,,
"AYW00087701","1963-02-18","-72.29444","170.30833","5.2","ADARE HALLETT, AY","    8",",,X","   25",",,X","   25",",,X","  -50",",,X","  -89",",,X",,,,," 0330",",,X","  203","W,,X","   46",",,X",,,,,,,,,,,"    1",",,X"
"AYW00087701","1963-02-19","-72.29444","170.30833","5.2","ADARE HALLETT, AY","    0","T,,X","    0","T,,X","   25",",,X","  -39",",,X","  -72",",,X",,,,," 1042",",,X","  225","W,,X","  103",",,X",,,,,,,,,,,"    1",",,X"
"AYW00087701","1963-02-20","-72.29444","170.30833","5.2","ADARE HALLETT, AY","   18",",,X","   41",",,X","   51",",,X","  -61",",,X","  -89",",,X",,,,," 0000",",,X","  225","W,,X","   46",",,X",,,,,,,,,,,"    1",",,X"
"AYW00087701","1963-02-21","-72.29444","170.30833","5.2","ADARE HALLETT, AY","    3",",,X","    3",",,X","   51",",,X","  -33",",,X","  -94",",,X",,,,," 0524",",,X","  203","W,,X","  123",",,X",,,,,,,"    1",",,X",,,"    1",",,X"
"AYW00087701","1963-02-22","-72.29444","170.30833","5.2","ADARE HALLETT, AY","    0",",,X","    0",",,X","   51",",,X","  -11",",,X","  -89",",,X",,,,," 0024",",,X","  203","W,,X","   72",",,X",,,,,,,,,,,,
"AYW00087701","1963-02-23","-72.29444","170.30833","5.2","ADARE HALLETT, AY","    0","T,,X","    0","T,,X","   51",",,X","  -11",",,X","  -61",",,X",,,,," 2336",",,X","  203","W,,X","  175",",,X",,,,,,,"    1",",,X",,,"    1",",,X"
"AYW00087701","1963-02-24","-72.29444","170.30833","5.2","ADARE HALLETT, AY","    0","T,,X","    0","T,,X","   51",",,X","  -17",",,X","  -67",",,X",,,,," 0642",",,X","  248","W,,X","  216",",,X",,,,,,,"    1",",,X",,,"    1",",,X"
"AYW00087701","1963-02-25","-72.29444","170.30833","5.2","ADARE HALLETT, AY","    0","T,,X","    0","T,,X","   51",",,X","  -17",",,X","  -50",",,X",,,,," 2348",",,X","  225","W,,X","  134",",,X",,,,,,,"    1",",,X",,,"    1",",,X"
"AYW00087701","1963-02-26","-72.29444","170.30833","5.2","ADARE HALLETT, AY","    0","T,,X","    0","T,,X","   51",",,X","  -22",",,X","  -61",",,X",,,,," 1342",",,X","  203","W,,X","  144",",,X",,,,,,,,,,,"    1",",,X"
"AYW00087701","1963-02-27","-72.29444","170.30833","5.2","ADARE HALLETT, AY","    5",",,X","   18",",,X","   76",",,X","  -39",",,X","  -67",",,X",,,,," 1148",",,X","   90","W,,X","   67",",,X",,,,,,,,,,,"    1",",,X"
"AYW00087701","1963-02-28","-72.29444","170.30833","5.2","ADARE HALLETT, AY","   33",",,X","   38",",,X","  102",",,X","  -22",",,X","  -83",",,X",,,,," 2206",",,X","  225","W,,X","   77",",,X",,,,,,,,,,,"    1",",,X"
"AYW00087701","1963-03-01","-72.29444","170.30833","5.2","ADARE HALLETT, AY","    3",",,X","   15",",,X","   76",",,X","  -11",",,X"," -122",",,X",,,,," 2354",",,X","  203","W,,X","   93",",,X",,,,,,,"    1",",,X",,,"    1",",,X"
"AYW00087701","1963-03-02","-72.29444","170.30833","5.2","ADARE HALLETT, AY","    0","T,,X","    0","T,,X","   51",",,X","  -22",",,X","  -50",",,X",,,,," 1442",",,X","  180","W,,X","  329",",,X",,,,,,,"    1",",,X",,,"    1",",,X"
"AYW00087701","1963-03-03","-72.29444","170.30833","5.2","ADARE HALLETT, AY","    0","T,,X","    0","T,,X","   51",",,X","  -33",",,X","  -78",",,X",,,,," 0154",",,X","  203","W,,X","  216",",,X",,,,,,,,,,,"    1",",,X"
"AYW00087701","1963-03-04","-72.29444","170.30833","5.2","ADARE HALLETT, AY","    5",",,X","   23",",,X","   76",",,X","  -44",",,X","  -83",",,X",,,,," 1018",",,X","  225","W,,X","   41",",,X",,,,,,,,,,,"    1",",,X"
"AYW00087701","1963-03-05","-72.29444","170.30833","5.2","ADARE HALLETT, AY","    0","T,,X","    0","T,,X","   51",",,X","  -72",",,X","  -94",",,X",,,,," 1736",",,X","  135","W,,X","   98",",,X",,,,,,,,,,,"    1",",,X"
"AYW00087701","1963-03-06","-72.29444","170.30833","5.2","ADARE HALLETT, AY","    3",",,X","   10",",,X","   51",",,X","  -72",",,X"," -100",",,X",,,,," 2118",",,X","  225","W,,X","  278",",,X","    1",",,X",,,,,"    1",",,X",,,"    1",",,X"
"AYW00087701","1963-03-07","-72.29444","170.30833","5.2","ADARE HALLETT, AY","    0","T,,X","    0","T,,X","   51",",,X","  -33",",,X","  -94",",,X",,,,," 0206",",,X","  225","W,,X","  262",",,X",,,,,,,"    1",",,X",,,"    1",",,X"
"AYW00087701","1963-03-08","-72.29444","170.30833","5.2","ADARE HALLETT, AY","    5",",,X","   23",",,X","   76",",,X","  -50",",,X","  -94",",,X",,,,," 2218",",,X","  225","W,,X","  180",",,X",,,,,,,"    1",",,X",,,"    1",",,X"
"AYW00087701","1963-03-09","-72.29444","170.30833","5.2","ADARE HALLETT, AY","    0","T,,X","    0","T,,X","   76",",,X","  -61",",,X"," -106",",,X",,,,," 0212",",,X","  225","W,,X","  190",",,X",,,,,,,"    1",",,X",,,"    1",",,X"
"AYW00087701","1963-03-10","-72.29444","170.30833","5.2","ADARE HALLETT, AY","   13",",,X","   13",",,X","   76",",,X","  -67",",,X"," -128",",,X",,,,," 0912",",,X","  225","W,,X","  206",",,X",,,,,,,,,,,"    1",",,X"
"AYW00087701","1963-03-11","-72.29444","170.30833","5.2","ADARE HALLETT, AY","    0","T,,X","   36",",,X","  102",",,X","  -78",",,X"," -128",",,X",,,,," 0542",",,X","  135","W,,X","   93",",,X","    1",",,X",,,,,,,,,"    1",",,X"
"AYW00087701","1963-03-12","-72.29444","170.30833","5.2","ADARE HALLETT, AY","    0","T,,X","    0","T,,X","   76",",,X"," -106",",,X"," -128",",,X",,,,," 0800",",,X","  135","W,,X","   77",",,X",,,,,,,,,,,"    1",",,X"
"AYW00087701","1963-03-13","-72.29444","170.30833","5.2","ADARE HALLETT, AY","    0","T,,X","    0","T,,X","   51",",,X","  -67",",,X"," -122",",,X",,,,," 1736",",,X","  225","W,,X","  200",",,X",,,,,,,"    1",",,X",,,"    1",",,X"
"AYW00087701","1963-03-14","-72.29444","170.30833","5.2","ADARE HALLETT, AY","    0",",,X","    0",",,X","   51",",,X","  -94",",,X"," -122",",,X",,,,," 0248",",,X","  225","W,,X","  175",",,X",,,,,,,"    1",",,X",,,,
"AYW00087701","1963-03-15","-72.29444","170.30833","5.2","ADARE HALLETT, AY","    0",",,X","    0",",,X","   51",",,X"," -100",",,X"," -133",",,X",,,,," 0000",",,X","  225","W,,X","  129",",,X",,,,,,,,,,,,
"AYW00087701","1963-03-16","-72.29444","170.30833","5.2","ADARE HALLETT, AY","    0","T,,X","    0","T,,X","   51",",,X"," -122",",,X"," -167",",,X",,,,," 0536",",,X","  135","W,,X","  108",",,X",,,,,,,,,,,"    1",",,X"
"AYW00087701","1963-03-17","-72.29444","170.30833","5.2","ADARE HALLETT, AY","    0",",,X","    0",",,X","   51",",,X"," -144",",,X"," -178",",,X",,,,," 1500",",,X","  225","W,,X","  144",",,X",,,,,,,,,,,,
"AYW00087701","1963-03-18","-72.29444","170.30833","5.2","ADARE HALLETT, AY","    0",",,X","    0",",,X","   51",",,X","  -78",",,X"," -161",",,X",,,,," 0448",",,X","  225","W,,X","  175",",,X",,,,,,,,,,,,
"AYW00087701","1963-03-19","-72.29444","170.30833","5.2","ADARE HALLETT, AY","    0",",,X","    0",",,X","   51",",,X"," -100",",,X"," -150",",,X",,,,," 0700",",,X","  225","W,,X","  129",",,X",,,,,,,,,,,,
"AYW00087701","1963-03-20","-72.29444","170.30833","5.2","ADARE HALLETT, AY","   18",",,X","   23",",,X","   76",",,X","  -94",",,X"," -172",",,X",,,,," 2342",",,X","  225","W,,X","  185",",,X","    1",",,X",,,,,"    1",",,X",,,"    1",",,X"
"AYW00087701","1963-03-21","-72.29444","170.30833","5.2","ADARE HALLETT, AY","    8",",,X","   13",",,X","   76",",,X","  -94",",,X"," -150",",,X",,,,," 0748",",,X","  225","W,,X","  206",",,X",,,,,,,,,,,"    1",",,X"
"AYW00087701","1963-03-22","-72.29444","170.30833","5.2","ADARE HALLETT, AY","    0","T,,X","    0","T,,X","   51",",,X"," -111",",,X"," -150",",,X",,,,," 2124",",,X","  225","W,,X","  175",",,X",,,,,,,,,,,"    1",",,X"
"AYW00087701","1963-03-23","-72.29444","170.30833","5.2","ADARE HALLETT, AY","    0","T,,X","    3",",,X","   51",",,X"," -106",",,X"," -133",",,X",,,,," 0000",",,X","  225","W,,X","  129",",,X",,,,,,,,,,,"    1",",,X"
"AYW00087701","1963-03-24","-72.29444","170.30833","5.2","ADARE HALLETT, AY","    0","T,,X","    8",",,X","   51",",,X"," -106",",,X"," -133",",,X",,,,," 0248",",,X","  225","W,,X","   62",",,X",,,,,,,,,,,"    1",",,X"
"AYW00087701","1963-03-25","-72.29444","170.30833","5.2","ADARE HALLETT, AY","   20",",,X","   38",",,X","  102",",,X","  -72",",,X"," -128",",,X",,,,," 1300",",,X","  225","W,,X","  103",",,X",,,,,,,"    1",",,X",,,"    1",",,X"
"AYW00087701","1963-03-26","-72.29444","170.30833","5.2","ADARE HALLETT, AY","    0","T,,X","    0","T,,X","  102",",,X"," -111",",,X"," -178",",,X",,,,," 1018",",,X","  293","W,,X","   31",",,X",,,,,,,,,,,"    1",",,X"
"AYW00087701","1963-03-27","-72.29444","170.30833","5.2","ADARE HALLETT, AY","  145",",,X","  310",",,X","  406",",,X","  -72",",,X"," -133",",,X",,,,," 2324",",,X","  225","W,,X","  231",",,X",,,,,,,"    1",",,X",,,"    1",",,X"
"AYW00087701","1963-03-28","-72.29444","170.30833","5.2","ADARE HALLETT, AY","    0","T,,X","    0","T,,X","  152",",,X","  -83",",,X"," -133",",,X",,,,," 1606",",,X","  225","W,,X","  375",",,X",,,,,,,"    1",",,X",,,"    1",",,X"
"AYW00087701","1963-03-29","-72.29444","170.30833","5.2","ADARE HALLETT, AY","    0",",,X","    0",",,X","  127",",,X"," -100",",,X"," -161",",,X",,,,," 0106",",,X","  225","W,,X","  267",",,X",,,,,,,"    1",",,X",,,,
"AYW00087701","1963-03-30","-72.29444","170.30833","5.2","ADARE HALLETT, AY","    0","T,,X","    0","T,,X","  127",",,X","  -67",",,X"," -144",",,X",,,,," 2348",",,X","  135","W,,X","  164",",,X",,,,,,,"    1",",,X",,,"    1",",,X"
"AYW00087701","1963-03-31","-72.29444","170.30833","5.2","ADARE HALLETT, AY","    0","T,,X","    0","T,,X","  127",",,X","  -94",",,X"," -161",",,X",,,,," 0100",",,X","  135","W,,X","  154",",,X","    1",",,X",,,,,"    1",",,X",,,"    1",",,X"
"AYW00087701","1963-04-01","-72.29444","170.30833","5.2","ADARE HALLETT, AY","    0","T,,X","    0","T,,X","  127",",,X"," -144",",,X"," -172",",,X",,,,," 2348",",,X","  225","W,,X","  159",",,X","    1",",,X",,,,,,,,,"    1",",,X"
"AYW00087701","1963-04-02","-72.29444","170.30833","5.2","ADARE HALLETT, AY","    0","T,,X","    0","T,,X","   25",",,X"," -150",",,X"," -189",",,X",,,,," 0218",",,X","  225","W,,X","  242",",,X","    1",",,X",,,,,"    1",",,X",,,"    1",",,X"
"AYW00087701","1963-04-03","-72.29444","170.30833","5.2","ADARE HALLETT, AY","   13",",,X","   15",",,X","   51",",,X"," -133",",,X"," -189",",,X",,,,," 1442",",,X","  225","W,,X","   62",",,X","    1",",,X",,,,,,,,,"    1",",,X"
"AYW00087701","1963-04-04","-72.29444","170.30833","5.2","ADARE HALLETT, AY","   25",",,X","   30",",,X","   76",",,X"," -133",",,X"," -194",",,X",,,,," 2224",",,X","  225","W,,X","  267",",,X",,,,,,,"    1",",,X",,,"    1",",,X"
"AYW00087701","1963-04-05","-72.29444","170.30833","5.2","ADARE HALLETT, AY","    5",",,X","    8",",,X","  102",",,X"," -161",",,X"," -200",",,X",,,,," 0948",",,X","  225","W,,X","  391",",,X",,,,,,,"    1",",,X",,,"    1",",,X"
"AYW00087701","1963-04-06","-72.29444","170.30833","5.2","ADARE HALLETT, AY","    0",",,X","    0",",,X","   76",",,X"," -133",",,X"," -178",",,X",,,,," 0036",",,X","  180","W,,X","  391",",,X",,,,,,,"    1",",,X",,,,
"AYW00087701","1963-04-07","-72.29444","170.30833","5.2","ADARE HALLETT, AY","    0",",,X","    0",",,X","   76",",,X"," -139",",,X"," -161",",,X",,,,," 0212",",,X","  225","W,,X","  334",",,X",,,,,,,"    1",",,X",,,,
"AYW00087701","1963-04-08","-72.29444","170.30833","5.2","ADARE HALLETT, AY","    0",",,X","    0",",,X","   76",",,X"," -111",",,X"," -156",",,X",,,,," 0442",",,X","  180","W,,X","  339",",,X",,,,,,,"    1",",,X",,,,
"AYW00087701","1963-04-09","-72.29444","170.30833","5.2","ADARE HALLETT, AY","    0",",,X","    0",",,X","   76",",,X"," -111",",,X"," -189",",,X",,,,," 0136",",,X","  225","W,,X","  154",",,X",,,,,,,,,,,,
"AYW00087701","1963-04-10","-72.29444","170.30833","5.2","ADARE HALLETT, AY","    0",",,X","    0",",,X","   76",",,X"," -133",",,X"," -194",",,X",,,,," 2336",",,X","  225","W,,X","   36",",,X",,,,,,,,,,,,
"AYW00087701","1963-04-11","-72.29444","170.30833","5.2","ADARE HALLETT, AY","   41",",,X","   84",",,X","  152",",,X","  -50",",,X"," -178",",,X",,,,," 2354",",,X","  203","W,,X","  103",",,X",,,,,,,"    1",",,X",,,"    1",",,X"
"AYW00087701","1963-04-12","-72.29444","170.30833","5.2","ADARE HALLETT, AY","    3",",,X","    5",",,X","  102",",,X","  -22",",,X"," -100",",,X",,,,," 0712",",,X","  180","W,,X","  257",",,X",,,,,,,"    1",",,X",,,"    1",",,X"
"AYW00087701","1963-04-13","-72.29444","170.30833","5.2","ADARE HALLETT, AY","    0",",,X","    0",",,X","   76",",,X","  -56",",,X"," -200",",,X",,,,," 0054",",,X","   45","W,,X","  103",",,X",,,,,,,,,,,,
"AYW00087701","1963-04-14","-72.29444","170.30833","5.2","ADARE HALLETT, AY","    0",",,X","    0",",,X","   76",",,X"," -133",",,X"," -211",",,X",,,,," 2318",",,X","  225","W,,X","   36",",,X",,,,,,,,,,,,
"AYW00087701","1963-04-15","-72.29444","170.30833","5.2","ADARE HALLETT, AY","    0",",,X","    0",",,X","   76",",,X"," -139",",,X"," -222",",,X",,,,," 0612",",,X","  225","W,,X","   36",",,X",,,,,,,,,,,,
"AYW00087701","1963-04-16","-72.29444","170.30833","5.2","ADARE HALLETT, AY","    0","T,,X","    0","T,,X","   76",",,X"," -133",",,X"," -183",",,X",,,,," 1700",",,X","  135","W,,X","   67",",,X",,,,,,,,,,,"    1",",,X"
"AYW00087701","1963-04-17","-72.29444","170.30833","5.2","ADARE HALLETT, AY","   10",",,X","   25",",,X","  102",",,X"," -156",",,X"," -200",",,X",,,,," 2318",",,X","  225","W,,X","  175",",,X",,,,,,,"    1",",,X",,,"    1",",,X"
"AYW00087701","1963-04-18","-72.29444","170.30833","5.2","ADARE HALLETT, AY","    0","T,,X","    0","T,,X","  102",",,X"," -144",",,X"," -261",",,X",,,,," 0630",",,X","  180","W,,X","  329",",,X",,,,,,,"    1",",,X",,,"    1",",,X"
"AYW00087701","1963-04-19","-72.29444","170.30833","5.2","ADARE HALLETT, AY","    0",",,X","    0",",,X","  102",",,X"," -178",",,X"," -244",",,X",,,,," 0112",",,X","  225","W,,X","   72",",,X",,,,,,,,,,,,
"AYW00087701","1963-04-20","-72.29444","170.30833","5.2","ADARE HALLETT, AY","    5",",,X","   10",",,X","  102",",,X"," -139",",,X"," -211",",,X",,,,," 1606",",,X","  225","W,,X","  185",",,X","    1",",,X",,,,,"    1",",,X",,,"    1",",,X"
"AYW00087701","1963-04-21","-72.29444","170.30833","5.2","ADARE HALLETT, AY","    0","T,,X","    0","T,,X","  102",",,X"," -178",",,X"," -267",",,X",,,,," 1048",",,X","  225","W,,X","   31",",,X","    1",",,X",,,,,,,,,"    1",",,X"
"AYW00087701","1963-04-22","-72.29444","170.30833","5.2","ADARE HALLETT, AY","    8",",,X","   10",",,X","  102",",,X"," -178",",,X"," -239",",,X",,,,," 1542",",,X","  225","W,,X","  185",",,X","    1",",,X",,,,,,,,,"    1",",,X"
"AYW00087701","1963-04-23","-72.29444","170.30833","5.2","ADARE HALLETT, AY","    0","T,,X","    0","T,,X","  102",",,X"," -228",",,X"," -272",",,X",,,,," 0012",",,X","  225","W,,X","  129",",,X",,,,,,,,,,,"    1",",,X"
"AYW00087701","1963-04-24","-72.29444","170.30833","5.2","ADARE HALLETT, AY","    0","T,,X","    0","T,,X","  102",",,X"," -217",",,X"," -261",",,X",,,,," 1342",",,X","  225","W,,X","   77",",,X",,,,,,,,,,,"    1",",,X"
"AYW00087701","1963-04-25","-72.29444","170.30833","5.2","ADARE HALLETT, AY","    0","T,,X","    0","T,,X","  102",",,X"," -189",",,X"," -261",",,X",,,,," 2336",",,X","  135","W,,X","  108",",,X","    1",",,X",,,,,,,,,"    1",",,X"
"AYW00087701","1963-04-26","-72.29444","170.30833","5.2","ADARE HALLETT, AY","    0",",,X","    0",",,X","  102",",,X"," -206",",,X"," -278",",,X",,,,," 0048",",,X","  135","W,,X","  113",",,X",,,,,,,,,,,,
"AYW00087701","1963-04-27","-72.29444","170.30833","5.2","ADARE HALLETT, AY","    0","T,,X","    0","T,,X","  102",",,X"," -256",",,X"," -306",",,X",,,,," 2036",",,X","  225","W,,X","   41",",,X",,,,,,,,,,,"    1",",,X"
"AYW00087701","1963-04-28","-72.29444","170.30833","5.2","ADARE HALLETT, AY","   30",",,X","   36",",,X","  127",",,X"," -256",",,X"," -328",",,X",,,,," 2348",",,X","  225","W,,X","  185",",,X","    1",",,X",,,,,"    1",",,X",,,"    1",",,X"
"AYW00087701","1963-04-29","-72.29444","170.30833","5.2","ADARE HALLETT, AY","    3",",,X","    3",",,X","  102",",,X"," -211",",,X"," -272",",,X",,,,," 2006",",,X","  225","W,,X","  278",",,X",,,,,,,"    1",",,X",,,"    1",",,X"
"AYW00087701","1963-04-30","-72.29444","170.30833","5.2","ADARE HALLETT, AY","    0",",,X","    0",",,X","  102",",,X"," -206",",,X"," -250",",,X",,,,," 0006",",,X","  225","W,,X","  236",",,X",,,,,,,"    1",",,X",,,,
"AYW00087701","1963-05-01","-72.29444","170.30833","5.2","ADARE HALLETT, AY","    0",",,X","    0",",,X","   76",",,X"," -194",",,X"," -289",",,X",,,,," 0300",",,X","  225","W,,X","  139",",,X",,,,,,,"    1",",,X",,,,
"AYW00087701","1963-05-02","-72.29444","170.30833","5.2","ADARE HALLETT, AY","    0","T,,X","    0","T,,X","   76",",,X"," -211",",,X"," -306",",,X",,,,," 2336",",,X","  225","W,,X","   93",",,X","    1",",,X",,,,,,,,,"    1",",,X"
"AYW00087701","1963-05-03","-72.29444","170.30833","5.2","ADARE HALLETT, AY","    0","T,,X","    0","T,,X","   76",",,X"," -194",",,X"," -244",",,X",,,,," 1242",",,X","  225","W,,X","  262",",,X",,,,,,,"    1",",,X",,,"    1",",,X"
"AYW00087701","1963-05-04","-72.29444","170.30833","5.2","ADARE HALLETT, AY","    0",",,X","    0",",,X","   76",",,X"," -189",",,X"," -300",",,X",,,,," 0548",",,X","  225","W,,X","  206",",,X",,,,,,,"    1",",,X",,,,
"AYW00087701","1963-05-05","-72.29444","170.30833","5.2","ADARE HALLETT, AY","    0","T,,X","    0","T,,X","   76",",,X"," -256",",,X"," -322",",,X",,,,," 2100",",,X","  225","W,,X","   62",",,X",,,,,,,,,,,"    1",",,X"
"AYW00087701","1963-05-06","-72.29444","170.30833","5.2","ADARE HALLETT, AY","    0","T,,X","    0","T,,X","   76",",,X"," -261",",,X"," -328",",,X",,,,," 1136",",,X","  225","W,,X","   46",",,X","    1",",,X",,,,,,,,,"    1",",,X"
"AYW00087701","1963-05-07","-72.29444","170.30833","5.2","ADARE HALLETT, AY","    0","T,,X","    0","T,,X","   76",",,X"," -256",",,X"," -283",",,X",,,,," 0336",",,X","  135","W,,X","   41",",,X",,,,,,,,,,,"    1",",,X"
"AYW00087701","1963-05-08","-72.29444","170.30833","5.2","ADARE HALLETT, AY","    0",",,X","    0",",,X","   76",",,X"," -250",",,X"," -306",",,X",,,,," 2136",",,X","   90","W,,X","   41",",,X",,,,,,,,,,,,
"AYW00087701","1963-05-09","-72.29444","170.30833","5.2","ADARE HALLETT, AY","    0",",,X","    0",",,X","   76",",,X"," -239",",,X"," -333",",,X",,,,," 0412",",,X","   90","W,,X","   36",",,X",,,,,,,,,,,,
"AYW00087701","1963-05-10","-72.29444","170.30833","5.2","ADARE HALLETT, AY","    3",",,X","    5",",,X","   76",",,X"," -250",",,X"," -328",",,X",,,,," 2030",",,X","  225","W,,X","   87",",,X","    1",",,X",,,,,,,,,"    1",",,X"
"AYW00087701","1963-05-11","-72.29444","170.30833","5.2","ADARE HALLETT, AY","    0","T,,X","    0","T,,X","   76",",,X"," -250",",,X"," -306",",,X",,,,," 1512",",,X","  225","W,,X","  278",",,X","    1",",,X",,,,,"    1",",,X",,,"    1",",,X"
"AYW00087701","1963-05-12","-72.29444","170.30833","5.2","ADARE HALLETT, AY","    0",",,X","    0",",,X","   76",",,X"," -217",",,X"," -261",",,X",,,,," 0242",",,X","  225","W,,X","  278",",,X",,,,,,,"    1",",,X",,,,
"AYW00087701","1963-05-13","-72.29444","170.30833","5.2","ADARE HALLETT, AY","    0",",,X","    0",",,X","   76",",,X"," -167",",,X"," -244",",,X",,,,," 2354",",,X","  180","W,,X","  375",",,X",,,,,,,"    1",",,X",,,,
"AYW00087701","1963-05-14","-72.29444","170.30833","5.2","ADARE HALLETT, AY","    0",",,X","    0",",,X","   51",",,X"," -144",",,X"," -178",",,X",,,,," 0118",",,X","  180","W,,X","  401",",,X",,,,,,,"    1",",,X",,,,
"AYW00087701","1963-05-15","-72.29444","170.30833","5.2","ADARE HALLETT, AY","    0",",,X","    0",",,X","   51",",,X"," -139",",,X"," -228",",,X",,,,," 0000",",,X","  180","W,,X","  216",",,X",,,,,,,,,,,,
"AYW00087701","1963-05-16","-72.29444","170.30833","5.2","ADARE HALLETT, AY","    0","T,,X","    0","T,,X","   51",",,X"," -178",",,X"," -256",",,X",,,,," 1830",",,X","  225","W,,X","   93",",,X",,,,,,,,,,,"    1",",,X"
"AYW00087701","1963-05-17","-72.29444","170.30833","5.2","ADARE HALLETT, AY","    0","T,,X","    0","T,,X","    0",",I,X"," -172",",,X"," -206",",,X",,,,," 2212",",,X","  180","W,,X","  159",",,X",,,,,,,,,,,"    1",",,X"
"AYW00087701","1963-05-18","-72.29444","170.30833","5.2","ADARE HALLETT, AY","    0",",,X","    0",",I,X","   51",",I,X","  -94",",,X"," -189",",,X",,,,," 0424",",,X","  225","W,,X","  257",",,X",,,,,,,,,,,,
"AYW00087701","1963-05-19","-72.29444","170.30833","5.2","ADARE HALLETT, AY","    0",",,X","    0",",,X","   51",",,X"," -128",",,X"," -250",",,X",,,,," 2118",",,X","  225","W,,X","   46",",,X",,,,,,,,,,,,
"AYW00087701","1963-05-20","-72.29444","170.30833","5.2","ADARE HALLETT, AY","    0",",,X","    0",",,X","   51",",,X"," -178",",,X"," -267",",,X",,,,," 1436",",,X","  225","W,,X","   57",",,X",,,,,,,,,,,,
"AYW00087701","1963-05-21","-72.29444","170.30833","5.2","ADARE HALLETT, AY","    0","T,,X","    0","T,,X","   51",",,X"," -161",",,X"," -250",",,X",,,,," 2024",",,X","  225","W,,X","  144",",,X",,,,,,,,,,,"    1",",,X"
"AYW00087701","1963-05-22","-72.29444","170.30833","5.2","ADARE HALLETT, AY","    3",",,X","    5",",,X","   51",",,X"," -156",",,X"," -178",",,X",,,,," 2018",",,X","  225","W,,X","  180",",,X",,,,,,,,,,,"    1",",,X"
"AYW00087701","1963-05-23","-72.29444","170.30833","5.2","ADARE HALLETT, AY","    0",",,X","    0",",,X","   51",",,X"," -139",",,X"," -200",",,X",,,,," 0418",",,X","  225","W,,X","  164",",,X",,,,,,,,,,,,
"AYW00087701","1963-05-24","-72.29444","170.30833","5.2","ADARE HALLETT, AY","    3",",,X","    8",",,X","   51",",,X"," -150",",,X"," -200",",,X",,,,," 1500",",,X","  225","W,,X","   57",",,X",,,,,,,,,,,"    1",",,X"
"AYW00087701","1963-05-25","-72.29444","170.30833","5.2","ADARE HALLETT, AY","   18",",,X","   28",",,X","   76",",,X"," -133",",,X"," -206",",,X",,,,," 1000",",,X","  135","W,,X","  123",",,X","    1",",,X",,,,,"    1",",,X",,,"    1",",,X"
"AYW00087701","1963-05-26","-72.29444","170.30833","5.2","ADARE HALLETT, AY","    3",",,X","    5",",,X","   76",",,X"," -189",",,X"," -217",",,X",,,,," 0612",",,X","   45","W,,X","   51",",,X","    1",",,X",,,,,,,,,"    1",",,X"
"AYW00087701","1963-05-27","-72.29444","170.30833","5.2","ADARE HALLETT, AY","    3",",,X","   10",",,X","  102",",,X"," -172",",,X"," -217",",,X",,,,," 0024",",,X","  315","W,,X","   36",",,X",,,,,,,,,,,"    1",",,X"
"AYW00087701","1963-05-28","-72.29444","170.30833","5.2","ADARE HALLETT, AY","   20",",,X","   30",",,X","   76",",,X"," -128",",,X"," -183",",,X",,,,," 1400",",,X","  225","W,,X","  267",",,X",,,,,,,"    1",",,X",,,"    1",",,X"
"AYW00087701","1963-05-29","-72.29444","170.30833","5.2","ADARE HALLETT, AY","    0",",,X","    0",",,X","   76",",,X"," -122",",,X"," -200",",,X",,,,," 0600",",,X","  225","W,,X","  267",",,X",,,,,,,"    1",",,X",,,,
"AYW00087701","1963-05-30","-72.29444","170.30833","5.2","ADARE HALLETT, AY","    0","T,,X","    5",",,X","   51",",,X"," -172",",,X"," -261",",,X",,,,," 0500",",,X","  225","W,,X","   36",",,X",,,,,,,,,,,"    1",",,X"
"AYW00087701","1963-05-31","-72.29444","170.30833","5.2","ADARE HALLETT, AY","   18",",,X","   25",",,X","   76",",,X"," -167",",,X"," -244",",,X",,,,," 1618",",,X","  225","W,,X","  226",",,X",,,,,,,"    1",",,X",,,"    1",",,X"
"AYW00087701","1963-06-01","-72.29444","170.30833","5.2","ADARE HALLETT, AY","    0",",,X",,,,,,,,,,,,,,,,,,,,,,,,,,,,,,
"AYW00087701","1963-06-02","-72.29444","170.30833","5.2","ADARE HALLETT, AY","    0","T,,X","    0","T,,X","   51",",,X"," -239",",,X"," -322",",,X",,,,," 1824",",,X","  225","W,,X","  144",",,X",,,,,,,,,,,"    1",",,X"
"AYW00087701","1963-06-03","-72.29444","170.30833","5.2","ADARE HALLETT, AY","    0","T,,X","    0","T,,X","   51",",,X"," -178",",,X"," -278",",,X",,,,," 1818",",,X","  180","W,,X","  339",",,X",,,,,,,"    1",",,X",,,"    1",",,X"
"AYW00087701","1963-06-04","-72.29444","170.30833","5.2","ADARE HALLETT, AY","    0",",,X","    0",",,X","   51",",,X"," -156",",,X"," -250",",,X",,,,," 0212",",,X","  180","W,,X","  324",",,X",,,,,,,"    1",",,X",,,,
"AYW00087701","1963-06-05","-72.29444","170.30833","5.2","ADARE HALLETT, AY","    0",",,X","    0",",,X","   51",",,X"," -111",",,X"," -172",",,X",,,,," 1506",",,X","  180","W,,X","  226",",,X",,,,,,,,,,,,
"AYW00087701","1963-06-06","-72.29444","170.30833","5.2","ADARE HALLETT, AY","    0",",,X","    0",",,X","   51",",,X"," -111",",,X"," -233",",,X",,,,," 0406",",,X","  225","W,,X","  164",",,X",,,,,,,,,,,,
"AYW00087701","1963-06-07","-72.29444","170.30833","5.2","ADARE HALLETT, AY","    0",",,X","    0",",,X","   51",",,X"," -217",",,X"," -283",",,X",,,,," 1448",",,X","  225","W,,X","   51",",,X","    1",",,X",,,,,,,,,,
"AYW00087701","1963-06-08","-72.29444","170.30833","5.2","ADARE HALLETT, AY","    0","T,,X","    3",",,X","   51",",,X"," -200",",,X"," -239",",,X",,,,," 0706",",,X","  225","W,,X","   67",",,X","    1",",,X",,,,,,,,,"    1",",,X"
"AYW00087701","1963-06-09","-72.29444","170.30833","5.2","ADARE HALLETT, AY","    0","T,,X","    0","T,,X","   51",",,X"," -111",",,X"," -222",",,X",,,,," 2312",",,X","  225","W,,X","  257",",,X",,,,,,,,,,,"    1",",,X"
"AYW00087701","1963-06-10","-72.29444","170.30833","5.2","ADARE HALLETT, AY","    0","T,,X","    0","T,,X","   51",",,X"," -122",",,X"," -244",",,X",,,,," 0242",",,X","  225","W,,X","  267",",,X",,,,,,,"    1",",,X",,,"    1",",,X"
"AYW00087701","1963-06-11","-72.29444","170.30833","5.2","ADARE HALLETT, AY","    0","T,,X","    0","T,,X","   51",",,X"," -200",",,X"," -289",",,X",,,,," 0530",",,X","  225","W,,X","   41",",,X",,,,,,,,,,,"    1",",,X"
"AYW00087701","1963-06-12","-72.29444","170.30833","5.2","ADARE HALLETT, AY","    0","T,,X","    0","T,,X","   51",",,X"," -156",",,X"," -239",",,X",,,,," 1736",",,X","  225","W,,X","  267",",,X",,,,,,,,,,,"    1",",,X"
"AYW00087701","1963-06-13","-72.29444","170.30833","5.2","ADARE HALLETT, AY","    0",",,X","    0",",,X","   51",",,X"," -117",",,X"," -233",",,X",,,,," 0142",",,X","  180","W,,X","  242",",,X",,,,,,,,,,,,
"AYW00087701","1963-06-14","-72.29444","170.30833","5.2","ADARE HALLETT, AY","    0","T,,X","    8",",,X","   51",",,X"," -178",",,X"," -278",",,X",,,,," 0318",",,X","   45","W,,X","   41",",,X",,,,,,,,,,,"    1",",,X"
"AYW00087701","1963-06-15","-72.29444","170.30833","5.2","ADARE HALLETT, AY","    5",",,X","   18",",,X","   51",",,X"," -133",",,X"," -211",",,X",,,,," 2348",",,X","  180","W,,X","  123",",,X",,,,,,,,,,,"    1",",,X"
"AYW00087701","1963-06-16","-72.29444","170.30833","5.2","ADARE HALLETT, AY","    3",",,X","    5",",,X","   51",",,X","  -78",",,X"," -228",",,X",,,,," 0242",",,X","  225","W,,X","  190",",,X",,,,,,,"    1",",,X",,,"    1",",,X"
"AYW00087701","1963-06-17","-72.29444","170.30833","5.2","ADARE HALLETT, AY","    0",",,X","    0",",,X","   51",",,X"," -194",",,X"," -272",",,X",,,,," 2206",",,X","  225","W,,X","   46",",,X",,,,,,,,,,,,
"AYW00087701","1963-06-18","-72.29444","170.30833","5.2","ADARE HALLETT, AY","    0",",,X","    0",",,X","   51",",,X","  -83",",,X"," -256",",,X",,,,," 0712",",,X","  180","W,,X","  170",",,X",,,,,,,,,,,,
"AYW00087701","1963-06-19","-72.29444","170.30833","5.2","ADARE HALLETT, AY","    0",",,X","    0",",,X","   51",",,X"," -161",",,X"," -278",",,X",,,,," 0212",",,X","  180","W,,X","   36",",,X",,,,,,,,,,,,
"AYW00087701","1963-06-20","-72.29444","170.30833","5.2","ADARE HALLETT, AY","    0","T,,X","    0","T,,X","   51",",,X"," -189",",,X"," -283",",,X",,,,," 1818",",,X","  225","W,,X","   41",",,X","    1",",,X",,,,,,,,,"    1",",,X"
"AYW00087701","1963-06-21","-72.29444","170.30833","5.2","ADARE HALLETT, AY","    0","T,,X","    3",",,X","   51",",,X"," -178",",,X"," -228",",,X",,,,," 1918",",,X","  270","W,,X","   62",",,X",,,,,,,,,,,"    1",",,X"
"AYW00087701","1963-06-22","-72.29444","170.30833","5.2","ADARE HALLETT, AY","    8",",,X","   13",",,X","   76",",,X"," -178",",,X"," -244",",,X",,,,," 1506",",,X","  135","W,,X","   87",",,X","    1",",,X",,,,,"    1",",,X",,,"    1",",,X"
"AYW00087701","1963-06-23","-72.29444","170.30833","5.2","ADARE HALLETT, AY","    0","T,,X","    0","T,,X","   76",",,X"," -222",",,X"," -339",",,X",,,,," 0330",",,X","  135","W,,X","  118",",,X",,,,,,,,,,,"    1",",,X"
"AYW00087701","1963-06-24","-72.29444","170.30833","5.2","ADARE HALLETT, AY","    0",",,X","    0",",,X","   76",",,X"," -256",",,X"," -356",",,X",,,,," 0906",",,X","  270","W,,X","  144",",,X",,,,,,,,,,,,
"AYW00087701","1963-06-25","-72.29444","170.30833","5.2","ADARE HALLETT, AY","    0",",,X","    0",",,X","   76",",,X"," -306",",,X"," -383",",,X",,,,," 1906",",,X","  225","W,,X","   72",",,X",,,,,,,,,,,,
"AYW00087701","1963-06-26","-72.29444","170.30833","5.2","ADARE HALLETT, AY","    0",",,X","    0",",,X","   76",",,X"," -300",",,X"," -361",",,X",,,,," 0018",",,X","  225","W,,X","   62",",,X",,,,,,,,,,,,
"AYW00087701","1963-06-27","-72.29444","170.30833","5.2","ADARE HALLETT, AY","    0",",,X","    0",",,X","   76",",,X"," -272",",,X"," -372",",,X",,,,," 0118",",,X","  225","W,,X","   51",",,X",,,,,,,,,,,,
"AYW00087701","1963-06-28","-72.29444","170.30833","5.2","ADARE HALLETT, AY","    0",",,X","    0",",,X","   76",",,X"," -261",",,X"," -361",",,X",,,,," 2100",",,X","  225","W,,X","  154",",,X",,,,,,,,,,,,
"AYW00087701","1963-06-29","-72.29444","170.30833","5.2","ADARE HALLETT, AY","    0",",,X","    0",",,X","   76",",,X"," -272",",,X"," -378",",,X",,,,," 0000",",,X","  225","W,,X","  123",",,X",,,,,,,,,,,,
"AYW00087701","1963-06-30","-72.29444","170.30833","5.2","ADARE HALLETT, AY","    0","T,,X","    3",",,X","   76",",,X"," -294",",,X"," -378",",,X",,,,," 1654",",,X","  225","W,,X","   46",",,X",,,,,,,,,,,"    1",",,X"
"AYW00087701","1963-07-01","-72.29444","170.30833","5.2","ADARE HALLETT, AY","    0",",,X","    0",",,X","   76",",,X"," -311",",,X"," -400",",,X",,,,," 1442",",,X","  225","W,,X","   31",",,X",,,,,,,,,,,,
"AYW00087701","1963-07-02","-72.29444","170.30833","5.2","ADARE HALLETT, AY","    0",",,X","    0",",,X","   76",",,X"," -317",",,X"," -389",",,X",,,,," 0454",",,X","  315","W,,X","   57",",,X",,,,,,,,,,,,
"AYW00087701","1963-07-03","-72.29444","170.30833","5.2","ADARE HALLETT, AY","    0",",,X","    0",",,X","   51",",,X"," -106",",,X"," -394",",,X",,,,," 2336",",,X","  180","W,,X","  236",",,X",,,,,,,"    1",",,X",,,,
"AYW00087701","1963-07-04","-72.29444","170.30833","5.2","ADARE HALLETT, AY","    0",",,X","    0",",,X","   25",",,X","  -89",",,X"," -194",",,X",,,,," 1024",",,X","  180","W,,X","  339",",,X",,,,,,,"    1",",,X",,,,
"AYW00087701","1963-07-05","-72.29444","170.30833","5.2","ADARE HALLETT, AY","    0",",,X","    0",",,X","   25",",,X"," -111",",,X"," -272",",,X",,,,," 0612",",,X","  225","W,,X","  216",",,X",,,,,,,,,,,,
"AYW00087701","1963-07-06","-72.29444","170.30833","5.2","ADARE HALLETT, AY","    0","T,,X","    0","T,,X","   25",",,X"," -167",",,X"," -289",",,X",,,,," 2000",",,X","  180","W,,X","  298",",,X",,,,,,,"    1",",,X",,,"    1",",,X"
"AYW00087701","1963-07-07","-72.29444","170.30833","5.2","ADARE HALLETT, AY","    0",",,X","    0",",,X","   25",",,X","  -94",",,X"," -228",",,X",,,,," 0012",",,X","  180","W,,X","  293",",,X",,,,,,,"    1",",,X",,,,
"AYW00087701","1963-07-08","-72.29444","170.30833","5.2","ADARE HALLETT, AY","    0",",,X","    0",",,X","   25",",,X"," -139",",,X"," -289",",,X",,,,," 0518",",,X","  180","W,,X","  195",",,X",,,,,,,,,,,,
"AYW00087701","1963-07-09","-72.29444","170.30833","5.2","ADARE HALLETT, AY","    0","T,,X","    0","T,,X","   25",",,X"," -228",",,X"," -306",",,X",,,,," 0018",",,X","  225","W,,X","   51",",,X","    1",",,X",,,,,,,,,"    1",",,X"
"AYW00087701","1963-07-10","-72.29444","170.30833","5.2","ADARE HALLETT, AY","    0",",,X","    0",",,X","   25",",,X"," -272",",,X"," -339",",,X",,,,," 1300",",,X","  225","W,,X","   41",",,X","    1",",,X",,,,,,,,,,
"AYW00087701","1963-07-11","-72.29444","170.30833","5.2","ADARE HALLETT, AY","    0","T,,X","    0","T,,X","   25",",,X"," -261",",,X"," -317",",,X",,,,," 1342",",,X","  225","W,,X","   72",",,X","    1",",,X",,,,,,,,,"    1",",,X"
"AYW00087701","1963-07-12","-72.29444","170.30833","5.2","ADARE HALLETT, AY","    3",",,X","    5",",,X","   25",",,X"," -244",",,X"," -278",",,X",,,,," 1724",",,X","  225","W,,X","  159",",,X","    1",",,X",,,,,"    1",",,X",,,"    1",",,X"
"AYW00087701","1963-07-13","-72.29444","170.30833","5.2","ADARE HALLETT, AY","    0","T,,X","    0","T,,X","   25",",,X"," -250",",,X"," -311",",,X",,,,," 0000",",,X","  225","W,,X","   46",",,X",,,,,,,,,,,"    1",",,X"
"AYW00087701","1963-07-14","-72.29444","170.30833","5.2","ADARE HALLETT, AY","    0","T,,X","    0","T,,X","   25",",,X"," -228",",,X"," -267",",,X",,,,," 2330",",,X","  225","W,,X","   62",",,X",,,,,,,,,,,"    1",",,X"
"AYW00087701","1963-07-15","-72.29444","170.30833","5.2","ADARE HALLETT, AY","    0","T,,X","    0","T,,X","   25",",,X"," -233",",,X"," -344",",,X",,,,," 1318",",,X","  225","W,,X","  159",",,X",,,,,,,"    1",",,X",,,"    1",",,X"
"AYW00087701","1963-07-16","-72.29444","170.30833","5.2","ADARE HALLETT, AY","    0","T,,X","    3",",,X","   25",",,X"," -317",",,X"," -372",",,X",,,,," 0624",",,X","  135","W,,X","   82",",,X",,,,,,,,,,,"    1",",,X"
"AYW00087701","1963-07-17","-72.29444","170.30833","5.2","ADARE HALLETT, AY","    0",",,X","    0",",,X","   25",",,X"," -144",",,X"," -372",",,X",,,,," 1736",",,X","  180","W,,X","  231",",,X",,,,,,,"    1",",,X",,,,
"AYW00087701","1963-07-18","-72.29444","170.30833","5.2","ADARE HALLETT, AY","    0",",,X","    0",",,X","   25",",,X","  -83",",,X"," -228",",,X",,,,," 1106",",,X","  180","W,,X","  257",",,X",,,,,,,,,,,,
"AYW00087701","1963-07-19","-72.29444","170.30833","5.2","ADARE HALLETT, AY","    0","T,,X","    3",",,X","   25",",,X"," -150",",,X"," -239",",,X",,,,," 2342",",,X","  180","W,,X","  236",",,X",,,,,,,"    1",",,X",,,"    1",",,X"
"AYW00087701","1963-07-20","-72.29444","170.30833","5.2","ADARE HALLETT, AY","    0",",,X","    0",",,X","   25",",,X"," -178",",,X"," -272",",,X",,,,," 0000",",,X","  180","W,,X","  206",",,X",,,,,,,"    1",",,X",,,,
"AYW00087701","1963-07-21","-72.29444","170.30833","5.2","ADARE HALLETT, AY","    3",",,X","    5",",,X","   25",",,X"," -150",",,X"," -267",",,X",,,,," 1100",",,X","  225","W,,X","   57",",,X",,,,,,,,,,,"    1",",,X"
"AYW00087701","1963-07-22","-72.29444","170.30833","5.2","ADARE HALLETT, AY","   20",",,X","   23",",,X","   51",",,X"," -111",",,X"," -261",",,X",,,,," 2354",",,X","  225","W,,X","  175",",,X","    1",",,X",,,,,"    1",",,X",,,"    1",",,X"
"AYW00087701","1963-07-23","-72.29444","170.30833","5.2","ADARE HALLETT, AY","    0","T,,X","    0","T,,X","   51",",,X"," -133",",,X"," -233",",,X",,,,," 0342",",,X","  225","W,,X","  231",",,X",,,,,,,"    1",",,X",,,"    1",",,X"
"AYW00087701","1963-07-24","-72.29444","170.30833","5.2","ADARE HALLETT, AY","    0","T,,X","    0","T,,X","   51",",,X"," -206",",,X"," -300",",,X",,,,," 0342",",,X","  225","W,,X","   26",",,X",,,,,,,,,,,"    1",",,X"
"AYW00087701","1963-07-25","-72.29444","170.30833","5.2","ADARE HALLETT, AY","    0","T,,X","    0","T,,X","   51",",,X"," -233",",,X"," -317",",,X",,,,," 1324",",,X","  225","W,,X","   62",",,X",,,,,,,,,,,"    1",",,X"
"AYW00087701","1963-07-26","-72.29444","170.30833","5.2","ADARE HALLETT, AY","    0","T,,X","    0","T,,X","   51",",,X"," -239",",,X"," -294",",,X",,,,," 1006",",,X","  225","W,,X","   62",",,X","    1",",,X",,,,,,,,,"    1",",,X"
"AYW00087701","1963-07-27","-72.29444","170.30833","5.2","ADARE HALLETT, AY","    0","T,,X","    0","T,,X","   51",",,X"," -256",",,X"," -344",",,X",,,,," 1318",",,X","  225","W,,X","   57",",,X",,,,,,,,,,,"    1",",,X"
"AYW00087701","1963-07-28","-72.29444","170.30833","5.2","ADARE HALLETT, AY","    0",",,X","    0",",,X","   51",",,X"," -244",",,X"," -311",",,X",,,,," 1230",",,X","  225","W,,X","  175",",,X",,,,,,,"    1",",,X",,,,
"AYW00087701","1963-07-29","-72.29444","170.30833","5.2","ADARE HALLETT, AY","    0",",,X","    0",",,X","   51",",,X"," -267",",,X"," -367",",,X",,,,," 2042",",,X","  225","W,,X","   41",",,X","    1",",,X",,,,,,,,,,
"AYW00087701","1963-07-30","-72.29444","170.30833","5.2","ADARE HALLETT, AY","    0",",,X","    0",",,X","   51",",,X"," -250",",,X"," -356",",,X",,,,," 2036",",,X","  225","W,,X","  123",",,X",,,,,,,,,,,,
"AYW00087701","1963-07-31","-72.29444","170.30833","5.2","ADARE HALLETT, AY","    0",",,X","    0",",,X","   51",",,X"," -244",",,X"," -356",",,X",,,,," 0300",",,X","  270","W,,X","   51",",,X",,,,,,,,,,,,
"AYW00087701","1963-08-01","-72.29444","170.30833","5.2","ADARE HALLETT, AY","    0",",,X","    0",",,X","   51",",,X"," -317",",,X"," -378",",,X",,,,," 1018",",,X","  225","W,,X","   46",",,X",,,,,,,,,,,,
"AYW00087701","1963-08-02","-72.29444","170.30833","5.2","ADARE HALLETT, AY","    0","T,,X","    0","T,,X","   51",",,X"," -322",",,X"," -372",",,X",,,,," 1718",",,X","  225","W,,X","   67",",,X",,,,,,,,,,,"    1",",,X"
"AYW00087701","1963-08-03","-72.29444","170.30833","5.2","ADARE HALLETT, AY","   30",",,X","   36",",,X","   76",",,X"," -261",",,X"," -367",",,X",,,,," 2312",",,X","  135","W,,X","  134",",,X","    1",",,X",,,,,,,,,"    1",",,X"
"AYW00087701","1963-08-04","-72.29444","170.30833","5.2","ADARE HALLETT, AY","   36",",,X","   41",",,X","   76",",,X"," -228",",,X"," -272",",,X",,,,," 2206",",,X","  225","W,,X","  329",",,X","    1",",,X",,,,,"    1",",,X",,,"    1",",,X"
"AYW00087701","1963-08-05","-72.29444","170.30833","5.2","ADARE HALLETT, AY","    0",",,X","    0",",,X","   76",",,X"," -194",",,X"," -289",",,X",,,,," 0006",",,X","  225","W,,X","  236",",,X",,,,,,,"    1",",,X",,,,
"AYW00087701","1963-08-06","-72.29444","170.30833","5.2","ADARE HALLETT, AY","    0",",,X","    0",",,X","   76",",,X"," -222",",,X"," -339",",,X",,,,," 1830",",,X","  225","W,,X","   51",",,X",,,,,,,,,,,,
"AYW00087701","1963-08-07","-72.29444","170.30833","5.2","ADARE HALLETT, AY","    0",",,X","    0",",,X","   76",",,X"," -250",",,X"," -339",",,X",,,,," 1100",",,X","  225","W,,X","   62",",,X",,,,,,,,,,,,
"AYW00087701","1963-08-08","-72.29444","170.30833","5.2","ADARE HALLETT, AY","    0",",,X","    0",",,X","   76",",,X"," -261",",,X"," -344",",,X",,,,," 0906",",,X","  225","W,,X","   46",",,X",,,,,,,,,,,,
"AYW00087701","1963-08-09","-72.29444","170.30833","5.2","ADARE HALLETT, AY","    0",",,X","    0",",,X","   76",",,X"," -267",",,X"," -356",",,X",,,,," 1606",",,X","  225","W,,X","   57",",,X",,,,,,,,,,,,
"AYW00087701","1963-08-10","-72.29444","170.30833","5.2","ADARE HALLETT, AY","    0",",,X","    0",",,X","   51",",,X"," -172",",,X"," -322",",,X",,,,," 1724",",,X","  180","W,,X","  308",",,X",,,,,,,"    1",",,X",,,,
"AYW00087701","1963-08-11","-72.29444","170.30833","5.2","ADARE HALLETT, AY","    0",",,X","    0",",,X","   51",",,X"," -183",",,X"," -228",",,X",,,,," 1324",",,X","  180","W,,X","  396",",,X",,,,,,,"    1",",,X",,,,
"AYW00087701","1963-08-12","-72.29444","170.30833","5.2","ADARE HALLETT, AY","    0",",,X","    0",",,X","   25",",,X"," -117",",,X"," -183",",,X",,,,," 0936",",,X","  180","W,,X","  401",",,X",,,,,,,"    1",",,X",,,,
"AYW00087701","1963-08-13","-72.29444","170.30833","5.2","ADARE HALLETT, AY","    0",",,X","    0",",,X","   25",",,X"," -100",",,X"," -217",",,X",,,,," 0012",",,X","  180","W,,X","  231",",,X",,,,,,,,,,,,
"AYW00087701","1963-08-14","-72.29444","170.30833","5.2","ADARE HALLETT, AY","    0",",,X","    0",",,X","   25",",,X"," -183",",,X"," -233",",,X",,,,," 1030",",,X","  225","W,,X","   31",",,X",,,,,,,,,,,,
"AYW00087701","1963-08-15","-72.29444","170.30833","5.2","ADARE HALLETT, AY","    0",",,X","    0",",,X","   25",",,X"," -206",",,X"," -267",",,X",,,,," 2106",",,X","  225","W,,X","   31",",,X",,,,,,,,,,,,
"AYW00087701","1963-08-16","-72.29444","170.30833","5.2","ADARE HALLETT, AY","   18",",,X","   30",",,X","   51",",,X"," -183",",,X"," -239",",,X",,,,," 2224",",,X","  225","W,,X","  144",",,X","    1",",,X",,,,,"    1",",,X",,,"    1",",,X"
"AYW00087701","1963-08-17","-72.29444","170.30833","5.2","ADARE HALLETT, AY","    0","T,,X","    0","T,,X","   51",",,X"," -178",",,X"," -283",",,X",,,,," 0254",",,X","  270","W,,X","  144",",,X",,,,,,,,,,,"    1",",,X"
"AYW00087701","1963-08-18","-72.29444","170.30833","5.2","ADARE HALLETT, AY","   10",",,X","   15",",,X","   51",",,X"," -167",",,X"," -233",",,X",,,,," 2348",",,X","  225","W,,X","  236",",,X","    1",",,X",,,,,"    1",",,X",,,"    1",",,X"
"AYW00087701","1963-08-19","-72.29444","170.30833","5.2","ADARE HALLETT, AY","    0",",,X","    0",",,X","   51",",,X"," -144",",,X"," -194",",,X",,,,," 0806",",,X","  225","W,,X","  314",",,X",,,,,,,"    1",",,X",,,,
"AYW00087701","1963-08-20","-72.29444","170.30833","5.2","ADARE HALLETT, AY","    0",",,X","    0",",,X","   25",",,X"," -133",",,X"," -261",",,X",,,,," 0036",",,X","  180","W,,X","  262",",,X",,,,,,,"    1",",,X",,,,
"AYW00087701","1963-08-21","-72.29444","170.30833","5.2","ADARE HALLETT, AY","    0","T,,X","    0","T,,X","   25",",,X"," -183",",,X"," -283",",,X",,,,," 1130",",,X","  225","W,,X","   36",",,X",,,,,,,,,,,"    1",",,X"
"AYW00087701","1963-08-22","-72.29444","170.30833","5.2","ADARE HALLETT, AY","    0","T,,X","    5",",,X","   25",",,X"," -178",",,X"," -250",",,X",,,,," 1912",",,X","  225","W,,X","  103",",,X",,,,,,,,,,,"    1",",,X"
"AYW00087701","1963-08-23","-72.29444","170.30833","5.2","ADARE HALLETT, AY","    0",",,X","    0",",,X","   25",",,X"," -150",",,X"," -278",",,X",,,,," 2018",",,X","   90","W,,X","  113",",,X",,,,,,,,,,,,
"AYW00087701","1963-08-24","-72.29444","170.30833","5.2","ADARE HALLETT, AY","    0",",,X","    0",",,X","   25",",,X"," -122",",,X"," -239",",,X",,,,," 1000",",,X","  225","W,,X","  211",",,X",,,,,,,,,,,,
"AYW00087701","1963-08-25","-72.29444","170.30833","5.2","ADARE HALLETT, AY","    0","T,,X","    3",",,X","   25",",,X"," -161",",,X"," -200",",,X",,,,," 0036",",,X","  225","W,,X","   57",",,X",,,,,,,,,,,"    1",",,X"
"AYW00087701","1963-08-26","-72.29444","170.30833","5.2","ADARE HALLETT, AY","   33",",,X","   36",",,X","   51",",,X"," -150",",,X"," -217",",,X",,,,," 2348",",,X","  180","W,,X","  339",",,X",,,,,,,"    1",",,X",,,"    1",",,X"
"AYW00087701","1963-08-27","-72.29444","170.30833","5.2","ADARE HALLETT, AY","    0",",,X","    0",",,X","   25",",,X"," -161",",,X"," -217",",,X",,,,," 2112",",,X","  180","W,,X","  365",",,X",,,,,,,"    1",",,X",,,,
"AYW00087701","1963-08-28","-72.29444","170.30833","5.2","ADARE HALLETT, AY","   15",",,X","   15",",,X","   25",",,X"," -144",",,X"," -178",",,X",,,,," 1230",",,X","  180","W,,X","  350",",,X",,,,,,,"    1",",,X",,,"    1",",,X"
"AYW00087701","1963-08-29","-72.29444","170.30833","5.2","ADARE HALLETT, AY","   18",",,X","   18",",,X","   25",",,X"," -128",",,X"," -167",",,X",,,,," 0818",",,X","  180","W,,X","  298",",,X",,,,,,,"    1",",,X",,,"    1",",,X"
"AYW00087701","1963-08-30","-72.29444","170.30833","5.2","ADARE HALLETT, AY","    0",",,X","    0",",,X","   25",",,X"," -128",",,X"," -233",",,X",,,,," 0218",",,X","  180","W,,X","  231",",,X",,,,,,,,,,,,
"AYW00087701","1963-08-31","-72.29444","170.30833","5.2","ADARE HALLETT, AY","   84",",,X","   84",",,X","   25",",,X"," -117",",,X"," -250",",,X",,,,," 2054",",,X","  180","W,,X","  442",",,X",,,,,,,"    1",",,X",,,"    1",",,X"
"AYW00087701","1963-09-01","-72.29444","170.30833","5.2","ADARE HALLETT, AY","    0",",,X","    0",",,X","   25",",,X","  -89",",,X"," -122",",,X",,,,," 0130",",,X","  180","W,,X","  463",",,X",,,,,,,"    1",",,X",,,,
"AYW00087701","1963-09-02","-72.29444","170.30833","5.2","ADARE HALLETT, AY","    0",",,X","    0",",,X","   25",",,X","  -78",",,X"," -144",",,X",,,,," 0542",",,X","  180","W,,X","  375",",,X",,,,,,,,,,,,
"AYW00087701","1963-09-03","-72.29444","170.30833","5.2","ADARE HALLETT, AY","    0",",,X","    0",",,X","   25",",,X"," -133",",,X"," -250",",,X",,,,," 0324",",,X","  225","W,,X","  113",",,X",,,,,,,,,,,,
"AYW00087701","1963-09-04","-72.29444","170.30833","5.2","ADARE HALLETT, AY","    0",",,X","    0",",,X","   25",",,X","  -78",",,X"," -261",",,X",,,,," 1818",",,X","  225","W,,X","  221",",,X",,,,,,,,,,,,
"AYW00087701","1963-09-05","-72.29444","170.30833","5.2","ADARE HALLETT, AY","    0",",,X","    0",",,X","   25",",,X"," -150",",,X"," -239",",,X",,,,," 0648",",,X","  135","W,,X","   67",",,X",,,,,,,,,,,,
"AYW00087701","1963-09-06","-72.29444","170.30833","5.2","ADARE HALLETT, AY","    0","T,,X","    0","T,,X","   25",",,X"," -167",",,X"," -250",",,X",,,,," 1554",",,X","  225","W,,X","  180",",,X",,,,,,,,,,,"    1",",,X"
"AYW00087701","1963-09-07","-72.29444","170.30833","5.2","ADARE HALLETT, AY","    0",",,X","    0",",,X","   25",",,X"," -117",",,X"," -256",",,X",,,,," 1206",",,X","  225","W,,X","  123",",,X",,,,,,,,,,,,
"AYW00087701","1963-09-08","-72.29444","170.30833","5.2","ADARE HALLETT, AY","    0","T,,X","    0","T,,X","   25",",,X"," -117",",,X"," -239",",,X",,,,," 0118",",,X","  135","W,,X","  170",",,X",,,,,,,,,,,"    1",",,X"
"AYW00087701","1963-09-09","-72.29444","170.30833","5.2","ADARE HALLETT, AY","    0",",,X","    0",",,X","   25",",,X"," -167",",,X"," -256",",,X",,,,," 0148",",,X","  225","W,,X","   82",",,X",,,,,,,,,,,,
"AYW00087701","1963-09-10","-72.29444","170.30833","5.2","ADARE HALLETT, AY","    3",",,X","   10",",,X","   25",",,X"," -178",",,X"," -272",",,X",,,,," 1412",",,X","  225","W,,X","  123",",,X",,,,,,,,,,,"    1",",,X"
"AYW00087701","1963-09-11","-72.29444","170.30833","5.2","ADARE HALLETT, AY","    0",",,X","    0",",,X","   25",",,X"," -222",",,X"," -294",",,X",,,,," 0700",",,X","  225","W,,X","   46",",,X",,,,,,,,,,,,
"AYW00087701","1963-09-12","-72.29444","170.30833","5.2","ADARE HALLETT, AY","    0","T,,X","    0","T,,X","   25",",,X"," -222",",,X"," -289",",,X",,,,," 0654",",,X","  225","W,,X","   77",",,X",,,,,,,,,,,"    1",",,X"
"AYW00087701","1963-09-13","-72.29444","170.30833","5.2","ADARE HALLETT, AY","    3",",,X","    8",",,X","   25",",,X"," -206",",,X"," -317",",,X",,,,," 2400",",,X","  180","W,,X","  139",",,X","    1",",,X",,,,,,,,,"    1",",,X"
"AYW00087701","1963-09-14","-72.29444","170.30833","5.2","ADARE HALLETT, AY","   20",",,X","   25",",,X","   25",",,X"," -206",",,X"," -283",",,X",,,,," 1054",",,X","  225","W,,X","  242",",,X","    1",",,X",,,,,"    1",",,X",,,"    1",",,X"
"AYW00087701","1963-09-15","-72.29444","170.30833","5.2","ADARE HALLETT, AY","    0",",,X","    0",",,X","   25",",,X"," -211",",,X"," -311",",,X",,,,," 2130",",,X","  225","W,,X","   57",",,X",,,,,,,,,,,,
"AYW00087701","1963-09-16","-72.29444","170.30833","5.2","ADARE HALLETT, AY","    0",",,X","    0",",,X","   25",",,X"," -200",",,X"," -317",",,X",,,,," 2242",",,X","  225","W,,X","   51",",,X",,,,,,,,,,,,
"AYW00087701","1963-09-17","-72.29444","170.30833","5.2","ADARE HALLETT, AY","    0",",,X","    0",",,X","   25",",,X"," -206",",,X"," -322",",,X",,,,," 0230",",,X","  225","W,,X","   46",",,X",,,,,,,,,,,,
"AYW00087701","1963-09-18","-72.29444","170.30833","5.2","ADARE HALLETT, AY","    0",",,X","    0",",,X","   25",",,X"," -211",",,X"," -317",",,X",,,,," 1748",",,X","  225","W,,X","   36",",,X",,,,,,,,,,,,
"AYW00087701","1963-09-19","-72.29444","170.30833","5.2","ADARE HALLETT, AY","    0","T,,X","    0","T,,X","   25",",,X"," -200",",,X"," -322",",,X",,,,," 2300",",,X","  225","W,,X","   51",",,X",,,,,,,,,,,"    1",",,X"
"AYW00087701","1963-09-20","-72.29444","170.30833","5.2","ADARE HALLETT, AY","    0",",,X","    0",",,X","   25",",,X"," -189",",,X"," -317",",,X",,,,," 1754",",,X","  225","W,,X","   87",",,X",,,,,,,,,,,,
"AYW00087701","1963-09-21","-72.29444","170.30833","5.2","ADARE HALLETT, AY","    0",",,X","    0",",,X","   25",",,X"," -111",",,X"," -294",",,X",,,,," 2036",",,X","  180","W,,X","  175",",,X",,,,,,,,,,,,
"AYW00087701","1963-09-22","-72.29444","170.30833","5.2","ADARE HALLETT, AY","    0","T,,X","    3",",,X","   25",",,X"," -122",",,X"," -244",",,X",,,,," 0424",",,X","  180","W,,X","  139",",,X",,,,,,,,,,,"    1",",,X"
"AYW00087701","1963-09-23","-72.29444","170.30833","5.2","ADARE HALLETT, AY","    0",",,X","    0",",,X","   25",",,X"," -183",",,X"," -278",",,X",,,,," 2018",",,X","  225","W,,X","   98",",,X",,,,,,,,,,,,
"AYW00087701","1963-09-24","-72.29444","170.30833","5.2","ADARE HALLETT, AY","    0",",,X","    0",",,X","   25",",,X"," -167",",,X"," -283",",,X",,,,," 0706",",,X","  225","W,,X","  103",",,X",,,,,,,,,,,,
"AYW00087701","1963-09-25","-72.29444","170.30833","5.2","ADARE HALLETT, AY","    0",",,X","    0",",,X","   25",",,X"," -211",",,X"," -328",",,X",,,,," 1106",",,X","  225","W,,X","   41",",,X",,,,,,,,,,,,
"AYW00087701","1963-09-26","-72.29444","170.30833","5.2","ADARE HALLETT, AY","    0","T,,X","    0","T,,X","   25",",,X"," -183",",,X"," -328",",,X",,,,," 1906",",,X","  135","W,,X","   93",",,X",,,,,,,,,,,"    1",",,X"
"AYW00087701","1963-09-27","-72.29444","170.30833","5.2","ADARE HALLETT, AY","    0","T,,X","    3",",,X","   25",",,X"," -211",",,X"," -306",",,X",,,,," 0430",",,X","  225","W,,X","   31",",,X","    1",",,X",,,,,,,,,"    1",",,X"
"AYW00087701","1963-09-28","-72.29444","170.30833","5.2","ADARE HALLETT, AY","    0",",,X","    0",",,X","   25",",,X"," -167",",,X"," -300",",,X",,,,," 2036",",,X","  225","W,,X","  134",",,X",,,,,,,,,,,,
"AYW00087701","1963-09-29","-72.29444","170.30833","5.2","ADARE HALLETT, AY","    0",",,X","    0",",,X","   25",",,X"," -189",",,X"," -289",",,X",,,,," 0524",",,X","   45","W,,X","   82",",,X",,,,,,,,,,,,
"AYW00087701","1963-09-30","-72.29444","170.30833","5.2","ADARE HALLETT, AY","    3",",,X","   10",",,X","   25",",,X"," -200",",,X"," -306",",,X",,,,," 2354",",,X","  180","W,,X","   31",",,X","    1",",,X",,,,,,,,,"    1",",,X"
"AYW00087701","1963-10-01","-72.29444","170.30833","5.2","ADARE HALLETT, AY","    5",",,X","    8",",,X","   51",",,X"," -189",",,X"," -294",",,X",,,,," 2254",",,X","  225","W,,X","  257",",,X","    1",",,X",,,,,"    1",",,X",,,"    1",",,X"
"AYW00087701","1963-10-02","-72.29444","170.30833","5.2","ADARE HALLETT, AY","    0",",,X","    0",",,X","   25",",,X"," -172",",,X"," -278",",,X",,,,," 0200",",,X","  225","W,,X","  221",",,X",,,,,,,,,,,,
"AYW00087701","1963-10-03","-72.29444","170.30833","5.2","ADARE HALLETT, AY","    0",",,X","    0",",,X","   25",",,X"," -183",",,X"," -294",",,X",,,,," 0442",",,X","  225","W,,X","  123",",,X",,,,,,,,,,,,
"AYW00087701","1963-10-04","-72.29444","170.30833","5.2","ADARE HALLETT, AY","   28",",,X","   28",",,X","   25",",,X"," -161",",,X"," -300",",,X",,,,," 1436",",,X","  180","W,,X","  334",",,X",,,,,,,"    1",",,X",,,"    1",",,X"
"AYW00087701","1963-10-05","-72.29444","170.30833","5.2","ADARE HALLETT, AY","   51",",,X","   53",",,X","   25",",,X","  -61",",,X"," -161",",,X",,,,," 0918",",,X","  180","W,,X","  324",",,X",,,,,,,"    1",",,X",,,"    1",",,X"
"AYW00087701","1963-10-06","-72.29444","170.30833","5.2","ADARE HALLETT, AY","    0",",,X","    0",",,X","   25",",,X","  -61",",,X"," -172",",,X",,,,," 2354",",,X","  180","W,,X","  190",",,X",,,,,,,,,,,,
"AYW00087701","1963-10-07","-72.29444","170.30833","5.2","ADARE HALLETT, AY","    0",",,X","    0",",,X","   25",",,X","  -72",",,X"," -156",",,X",,,,," 0054",",,X","  180","W,,X","  236",",,X",,,,,,,,,,,,
"AYW00087701","1963-10-08","-72.29444","170.30833","5.2","ADARE HALLETT, AY","    0",",,X","    0",",,X","   25",",,X","  -83",",,X"," -211",",,X",,,,," 1112",",,X","  225","W,,X","   36",",,X",,,,,,,,,,,,
"AYW00087701","1963-10-09","-72.29444","170.30833","5.2","ADARE HALLETT, AY","    0","T,,X","    0","T,,X","   25",",,X"," -156",",,X"," -250",",,X",,,,," 2330",",,X","  225","W,,X","   82",",,X",,,,,,,,,,,"    1",",,X"
"AYW00087701","1963-10-10","-72.29444","170.30833","5.2","ADARE HALLETT, AY","    0","T,,X","    0","T,,X","   25",",,X"," -139",",,X"," -172",",,X",,,,," 0118",",,X","  225","W,,X","   98",",,X",,,,,,,,,,,"    1",",,X"
"AYW00087701","1963-10-11","-72.29444","170.30833","5.2","ADARE HALLETT, AY","    0",",,X","    0",",,X","   25",",,X"," -122",",,X"," -222",",,X",,,,," 0154",",,X","  225","W,,X","  123",",,X",,,,,,,,,,,,
"AYW00087701","1963-10-12","-72.29444","170.30833","5.2","ADARE HALLETT, AY","    0","T,,X","    3",",,X","   25",",,X"," -133",",,X"," -239",",,X",,,,," 1524",",,X","  225","W,,X","   31",",,X","    1",",,X",,,,,,,,,"    1",",,X"
"AYW00087701","1963-10-13","-72.29444","170.30833","5.2","ADARE HALLETT, AY","    5",",,X","   10",",,X","   51",",,X"," -139",",,X"," -194",",,X",,,,," 1748",",,X","  225","W,,X","  108",",,X","    1",",,X",,,,,,,,,"    1",",,X"
"AYW00087701","1963-10-14","-72.29444","170.30833","5.2","ADARE HALLETT, AY","    8",",,X","   13",",,X","   51",",,X"," -139",",,X"," -200",",,X",,,,," 0000",",,X","  225","W,,X","   72",",,X","    1",",,X",,,,,,,,,"    1",",,X"
"AYW00087701","1963-10-15","-72.29444","170.30833","5.2","ADARE HALLETT, AY","    3",",,X","    5",",,X","   51",",,X"," -144",",,X"," -261",",,X",,,,," 2006",",,X","  225","W,,X","   36",",,X","    1",",,X",,,,,,,,,"    1",",,X"
"AYW00087701","1963-10-16","-72.29444","170.30833","5.2","ADARE HALLETT, AY","    0",",,X","    0",",,X","   51",",,X"," -128",",,X"," -278",",,X",,,,," 2100",",,X","  360","W,,X","   62",",,X",,,,,,,,,,,,
"AYW00087701","1963-10-17","-72.29444","170.30833","5.2","ADARE HALLETT, AY","    0","T,,X","    0","T,,X","   51",",,X"," -133",",,X"," -250",",,X",,,,," 0154",",,X","  135","W,,X","   93",",,X",,,,,,,,,,,"    1",",,X"
"AYW00087701","1963-10-18","-72.29444","170.30833","5.2","ADARE HALLETT, AY","    0","T,,X","    0","T,,X","   51",",,X"," -122",",,X"," -206",",,X",,,,," 2336",",,X","  225","W,,X","   51",",,X",,,,,,,,,,,"    1",",,X"
"AYW00087701","1963-10-19","-72.29444","170.30833","5.2","ADARE HALLETT, AY","    0","T,,X","    0","T,,X","   51",",,X"," -133",",,X"," -211",",,X",,,,," 2324",",,X","  225","W,,X","  144",",,X","    1",",,X",,,,,,,,,"    1",",,X"
"AYW00087701","1963-10-20","-72.29444","170.30833","5.2","ADARE HALLETT, AY","    0","T,,X","    0","T,,X","   25",",,X"," -156",",,X"," -211",",,X",,,,," 0306",",,X","  225","W,,X","  175",",,X",,,,,,,,,,,"    1",",,X"
"AYW00087701","1963-10-21","-72.29444","170.30833","5.2","ADARE HALLETT, AY","    0","T,,X","    3",",,X","   25",",,X"," -156",",,X"," -256",",,X",,,,," 1512",",,X","  225","W,,X","   36",",,X",,,,,,,,,,,"    1",",,X"
"AYW00087701","1963-10-22","-72.29444","170.30833","5.2","ADARE HALLETT, AY","    5",",,X","    5",",,X","   25",",,X"," -150",",,X"," -206",",,X",,,,," 1524",",,X","  225","W,,X","  134",",,X",,,,,,,,,,,"    1",",,X"
"AYW00087701","1963-10-23","-72.29444","170.30833","5.2","ADARE HALLETT, AY","    0","T,,X","    0","T,,X","   25",",,X"," -122",",,X"," -211",",,X",,,,," 1636",",,X","   90","W,,X","   62",",,X",,,,,,,,,,,"    1",",,X"
"AYW00087701","1963-10-24","-72.29444","170.30833","5.2","ADARE HALLETT, AY","    0","T,,X","    0","T,,X","   25",",,X"," -189",",,X"," -222",",,X",,,,," 0530",",,X","  225","W,,X","  154",",,X",,,,,,,"    1",",,X",,,"    1",",,X"
"AYW00087701","1963-10-25","-72.29444","170.30833","5.2","ADARE HALLETT, AY","    0",",,X","    0",",,X","   25",",,X"," -150",",,X"," -278",",,X",,,,," 0118",",,X","  225","W,,X","   77",",,X",,,,,,,,,,,,
"AYW00087701","1963-10-26","-72.29444","170.30833","5.2","ADARE HALLETT, AY","    0","T,,X","    0","T,,X","   25",",,X"," -156",",,X"," -289",",,X",,,,," 0836",",,X","  225","W,,X","  149",",,X",,,,,,,,,,,"    1",",,X"
"AYW00087701","1963-10-27","-72.29444","170.30833","5.2","ADARE HALLETT, AY","    0","T,,X","    0","T,,X","   25",",,X"," -144",",,X"," -244",",,X",,,,," 0018",",,X","  360","W,,X","   62",",,X",,,,,,,,,,,"    1",",,X"
"AYW00087701","1963-10-28","-72.29444","170.30833","5.2","ADARE HALLETT, AY","    0","T,,X","    0","T,,X","   25",",,X"," -117",",,X"," -278",",,X",,,,," 2236",",,X","  180","W,,X","   93",",,X","    1",",,X",,,,,,,,,"    1",",,X"
"AYW00087701","1963-10-29","-72.29444","170.30833","5.2","ADARE HALLETT, AY","    5",",,X","    5",",,X","   25",",,X"," -150",",,X"," -172",",,X",,,,," 1106",",,X","  180","W,,X","  206",",,X",,,,,,,"    1",",,X",,,"    1",",,X"
"AYW00087701","1963-10-30","-72.29444","170.30833","5.2","ADARE HALLETT, AY","    3",",,X","    3",",,X","   25",",,X"," -100",",,X"," -167",",,X",,,,," 1500",",,X","  225","W,,X","  185",",,X",,,,,,,"    1",",,X",,,"    1",",,X"
"AYW00087701","1963-10-31","-72.29444","170.30833","5.2","ADARE HALLETT, AY","    0",",,X","    0",",,X","   25",",,X","  -67",",,X"," -133",",,X",,,,," 2348",",,X","  180","W,,X","  324",",,X",,,,,,,"    1",",,X",,,,
"AYW00087701","1963-11-01","-72.29444","170.30833","5.2","ADARE HALLETT, AY","    0",",,X","    0",",,X","   25",",,X","  -89",",,X"," -122",",,X",,,,," 1600",",,X","  180","W,,X","  432",",,X",,,,,,,"    1",",,X",,,,
"AYW00087701","1963-11-02","-72.29444","170.30833","5.2","ADARE HALLETT, AY","    0",",,X","    0",",,X","   25",",,X","  -44",",,X"," -106",",,X",,,,," 0118",",,X","  180","W,,X","  324",",,X",,,,,,,"    1",",,X",,,,
"AYW00087701","1963-11-03","-72.29444","170.30833","5.2","ADARE HALLETT, AY","    0",",,X","    0",",,X","   25",",,X","  -28",",,X","  -94",",,X",,,,," 1206",",,X","  180","W,,X","  257",",,X",,,,,,,,,,,,
"AYW00087701","1963-11-04","-72.29444","170.30833","5.2","ADARE HALLETT, AY","    0",",,X","    0",",,X","    0","T,,X","  -22",",,X"," -100",",,X",,,,," 2036",",,X","  180","W,,X","  200",",,X",,,,,,,,,,,,
"AYW00087701","1963-11-05","-72.29444","170.30833","5.2","ADARE HALLETT, AY","    0",",,X","    0",",,X","    0","T,,X","  -39",",,X","  -78",",,X",,,,," 2230",",,X","  225","W,,X","  226",",,X",,,,,,,,,,,,
"AYW00087701","1963-11-06","-72.29444","170.30833","5.2","ADARE HALLETT, AY","    0",",,X","    0",",,X","    0","T,,X","  -56",",,X"," -106",",,X",,,,," 1036",",,X","  225","W,,X","  226",",,X",,,,,,,,,,,,
"AYW00087701","1963-11-07","-72.29444","170.30833","5.2","ADARE HALLETT, AY","    0",",,X","    0",",,X","    0","T,,X","  -22",",,X"," -117",",,X",,,,," 1100",",,X","  180","W,,X","  262",",,X",,,,,,,,,,,,
"AYW00087701","1963-11-08","-72.29444","170.30833","5.2","ADARE HALLETT, AY","    0",",,X","    0",",,X","    0","T,,X","   11",",,X","  -72",",,X",,,,," 0706",",,X","  180","W,,X","  272",",,X",,,,,,,,,,,,
"AYW00087701","1963-11-09","-72.29444","170.30833","5.2","ADARE HALLETT, AY","    0",",,X","    0",",,X","    0","T,,X","  -39",",,X"," -122",",,X",,,,," 1806",",,X","  135","W,,X","   87",",,X",,,,,,,,,,,,
"AYW00087701","1963-11-10","-72.29444","170.30833","5.2","ADARE HALLETT, AY","    0",",,X","    0",",,X","    0","T,,X","  -50",",,X"," -122",",,X",,,,," 1936",",,X","  315","W,,X","   31",",,X",,,,,,,,,,,,
"AYW00087701","1963-11-11","-72.29444","170.30833","5.2","ADARE HALLETT, AY","    0",",,X","    0",",,X","    0","T,,X","  -39",",,X"," -139",",,X",,,,," 1712",",,X","   45","W,,X","   51",",,X",,,,,,,,,,,,
"AYW00087701","1963-11-12","-72.29444","170.30833","5.2","ADARE HALLETT, AY","    0","T,,X","    0","T,,X","    0","T,,X","  -39",",,X"," -139",",,X",,,,," 1436",",,X","  315","W,,X","   31",",,X",,,,,,,,,,,"    1",",,X"
"AYW00087701","1963-11-13","-72.29444","170.30833","5.2","ADARE HALLETT, AY","    0",",,X","    0",",,X","    0","T,,X","  -39",",,X"," -111",",,X",,,,," 0524",",,X","  225","W,,X","   62",",,X",,,,,,,,,,,,
"AYW00087701","1963-11-14","-72.29444","170.30833","5.2","ADARE HALLETT, AY","    0",",,X","    0",",,X","    0","T,,X","  -11",",,X","  -83",",,X",,,,," 1300",",,X","  225","W,,X","   93",",,X",,,,,,,,,,,,
"AYW00087701","1963-11-15","-72.29444","170.30833","5.2","ADARE HALLETT, AY","    0","T,,X","    0","T,,X","    0","T,,X","  -33",",,X"," -100",",,X",,,,," 1612",",,X","   45","W,,X","   41",",,X",,,,,,,,,,,"    1",",,X"
"AYW00087701","1963-11-16","-72.29444","170.30833","5.2","ADARE HALLETT, AY","    0","T,,X","    0","T,,X","    0","T,,X","  -33",",,X","  -67",",,X",,,,," 1530",",,X","  180","W,,X","  113",",,X",,,,,,,,,,,"    1",",,X"
"AYW00087701","1963-11-17","-72.29444","170.30833","5.2","ADARE HALLETT, AY","    0",",,X","    0",",,X","    0","T,,X","  -33",",,X","  -83",",,X",,,,," 2218",",,X","  270","W,,X","   82",",,X",,,,,,,,,,,,
"AYW00087701","1963-11-18","-72.29444","170.30833","5.2","ADARE HALLETT, AY","    0",",,X","    0",",,X","    0","T,,X","  -44",",,X"," -100",",,X",,,,," 0106",",,X","  270","W,,X","   93",",,X",,,,,,,,,,,,
"AYW00087701","1963-11-19","-72.29444","170.30833","5.2","ADARE HALLETT, AY","    0","T,,X","    0","T,,X","    0","T,,X","  -50",",,X","  -83",",,X",,,,," 1742",",,X","  225","W,,X","  144",",,X",,,,,,,,,,,"    1",",,X"
"AYW00087701","1963-11-20","-72.29444","170.30833","5.2","ADARE HALLETT, AY","    0","T,,X","    0","T,,X","    0","T,,X","  -22",",,X","  -72",",,X",,,,," 2024",",,X","  225","W,,X","  180",",,X",,,,,,,,,,,"    1",",,X"
"AYW00087701","1963-11-21","-72.29444","170.30833","5.2","ADARE HALLETT, AY","    0",",,X","    0",",,X","    0","T,,X","  -28",",,X","  -61",",,X",,,,," 0848",",,X","  225","W,,X","  175",",,X",,,,,,,,,,,,
"AYW00087701","1963-11-22","-72.29444","170.30833","5.2","ADARE HALLETT, AY","    0",",,X","    0",",,X","    0","T,,X","  -28",",,X","  -83",",,X",,,,," 1630",",,X","   90","W,,X","   77",",,X",,,,,,,,,,,,
"AYW00087701","1963-11-23","-72.29444","170.30833","5.2","ADARE HALLETT, AY","   18",",,X","   20",",,X","   25",",,X","  -44",",,X","  -78",",,X",,,,," 0030",",,X","  135","W,,X","   82",",,X",,,,,,,,,,,"    1",",,X"
"AYW00087701","1963-11-24","-72.29444","170.30833","5.2","ADARE HALLETT, AY","   10",",,X","   15",",,X","    0","T,,X","  -22",",,X"," -100",",,X",,,,," 0654",",,X","  225","W,,X","   21",",,X",,,,,,,,,,,"    1",",,X"
"AYW00087701","1963-11-25","-72.29444","170.30833","5.2","ADARE HALLETT, AY","    0",",,X","    0",",,X","    0","T,,X","  -28",",,X"," -150",",,X",,,,," 2254",",,X","  315","W,,X","   31",",,X",,,,,,,,,,,,
"AYW00087701","1963-11-26","-72.29444","170.30833","5.2","ADARE HALLETT, AY","    0","T,,X","    0","T,,X","    0","T,,X","  -33",",,X"," -150",",,X",,,,," 2206",",,X","  225","W,,X","  180",",,X","    1",",,X",,,,,,,,,"    1",",,X"
"AYW00087701","1963-11-27","-72.29444","170.30833","5.2","ADARE HALLETT, AY","    0","T,,X","    0","T,,X","    0","T,,X","  -11",",,X","  -67",",,X",,,,," 0406",",,X","  225","W,,X","  200",",,X",,,,,,,"    1",",,X",,,"    1",",,X"
"AYW00087701","1963-11-28","-72.29444","170.30833","5.2","ADARE HALLETT, AY","    0","T,,X","    0","T,,X","    0","T,,X","  -11",",,X","  -50",",,X",,,,," 1954",",,X","  135","W,,X","   77",",,X",,,,,,,,,,,"    1",",,X"
"AYW00087701","1963-11-29","-72.29444","170.30833","5.2","ADARE HALLETT, AY","    5",",,X","    5",",,X","    0","T,,X","  -22",",,X","  -78",",,X",,,,," 1700",",,X","  315","W,,X","   36",",,X",,,,,,,,,,,"    1",",,X"
"AYW00087701","1963-11-30","-72.29444","170.30833","5.2","ADARE HALLETT, AY","    0",",,X","    0",",,X","    0","T,,X","  -11",",,X","  -94",",,X",,,,," 1624",",,X","  360","W,,X","   41",",,X",,,,,,,,,,,,
"AYW00087701","1963-12-01","-72.29444","170.30833","5.2","ADARE HALLETT, AY","   43",",,X","   43",",,X","   51",",,X","  -28",",,X","  -72",",,X",,,,," 0712",",,X","  225","W,,X","   46",",,X",,,,,,,,,,,"    1",",,X"
"AYW00087701","1963-12-02","-72.29444","170.30833","5.2","ADARE HALLETT, AY","   46",",,X","   46",",,X","    0","T,,X","    6",",,X","  -56",",,X",,,,," 0636",",,X","  225","W,,X","  226",",,X",,,,,,,"    1",",,X",,,"    1",",,X"
"AYW00087701","1963-12-03","-72.29444","170.30833","5.2","ADARE HALLETT, AY","    0",",,X","    0",",,X","   25",",,X","  -11",",,X","  -67",",,X",,,,," 0342",",,X","  180","W,,X","  257",",,X",,,,,,,"    1",",,X",,,,
"AYW00087701","1963-12-04","-72.29444","170.30833","5.2","ADARE HALLETT, AY","    0","T,,X","    0","T,,X","    0","T,,X","  -17",",,X"," -106",",,X",,,,," 2336",",,X","  180","W,,X","  118",",,X",,,,,,,,,,,"    1",",,X"
"AYW00087701","1963-12-05","-72.29444","170.30833","5.2","ADARE HALLETT, AY","    0",",,X","    0",",,X","    0","T,,X","  -28",",,X","  -72",",,X",,,,," 0442",",,X","  225","W,,X","  144",",,X",,,,,,,,,,,,
"AYW00087701","1963-12-06","-72.29444","170.30833","5.2","ADARE HALLETT, AY","    0",",,X","    0",",,X","    0","T,,X","  -22",",,X","  -89",",,X",,,,," 0142",",,X","  225","W,,X","   93",",,X",,,,,,,,,,,,
"AYW00087701","1963-12-07","-72.29444","170.30833","5.2","ADARE HALLETT, AY","    0",",,X","    0",",,X","    0","T,,X","  -22",",,X"," -117",",,X",,,,," 1530",",,X","   45","W,,X","   36",",,X",,,,,,,,,,,,
"AYW00087701","1963-12-08","-72.29444","170.30833","5.2","ADARE HALLETT, AY","    0",",,X","    0",",,X","    0","T,,X","  -11",",,X"," -111",",,X",,,,," 1236",",,X","  225","W,,X","   36",",,X",,,,,,,,,,,,
"AYW00087701","1963-12-09","-72.29444","170.30833","5.2","ADARE HALLETT, AY","    0","T,,X","    0","T,,X","    0","T,,X","    0",",,X","  -94",",,X",,,,," 1948",",,X","  225","W,,X","  144",",,X",,,,,,,,,,,"    1",",,X"
"AYW00087701","1963-12-10","-72.29444","170.30833","5.2","ADARE HALLETT, AY","    0","T,,X","    0","T,,X","    0","T,,X","    0",",,X","  -39",",,X",,,,," 1400",",,X","  180","W,,X","  144",",,X",,,,,,,,,,,"    1",",,X"
"AYW00087701","1963-12-11","-72.29444","170.30833","5.2","ADARE HALLETT, AY","    5",",,X","    5",",,X","    0","T,,X","   17",",,X","  -61",",,X",,,,," 0548",",,X","  225","W,,X","  108",",,X",,,,,,,,,,,"    1",",,X"
"AYW00087701","1963-12-12","-72.29444","170.30833","5.2","ADARE HALLETT, AY","    5",",,X","    5",",,X","   25",",,X","   -6",",,X","  -78",",,X",,,,," 1854",",,X","  225","W,,X","  113",",,X",,,,,,,,,,,"    1",",,X"
"AYW00087701","1963-12-13","-72.29444","170.30833","5.2","ADARE HALLETT, AY","    0","T,,X","    0","T,,X","    0","T,,X","   -6",",,X","  -72",",,X",,,,," 2030",",,X","  180","W,,X","   77",",,X",,,,,,,,,,,"    1",",,X"
"AYW00087701","1963-12-14","-72.29444","170.30833","5.2","ADARE HALLETT, AY","    0","T,,X","    0","T,,X","    0","T,,X","   -6",",,X","  -56",",,X",,,,," 1100",",,X","  225","W,,X","  118",",,X",,,,,,,,,,,"    1",",,X"
"AYW00087701","1963-12-15","-72.29444","170.30833","5.2","ADARE HALLETT, AY","    0","T,,X","    0","T,,X","    0","T,,X","   -6",",,X","  -44",",,X",,,,," 0624",",,X","  225","W,,X","  164",",,X",,,,,,,,,,,"    1",",,X"
"AYW00087701","1963-12-16","-72.29444","170.30833","5.2","ADARE HALLETT, AY","    0",",,X","    0",",,X","    0","T,,X","    0",",,X","  -50",",,X",,,,," 0742",",,X","  180","W,,X","  139",",,X",,,,,,,,,,,,
"AYW00087701","1963-12-17","-72.29444","170.30833","5.2","ADARE HALLETT, AY","    0",",,X","    0",",,X","    0","T,,X","    6",",,X","  -39",",,X",,,,," 0406",",,X","  180","W,,X","  144",",,X",,,,,,,,,,,,
"AYW00087701","1963-12-18","-72.29444","170.30833","5.2","ADARE HALLETT, AY","    0","T,,X","    0","T,,X","    0","T,,X","    0",",,X","  -33",",,X",,,,," 1054",",,X","  180","W,,X","  236",",,X",,,,,,,,,,,"    1",",,X"
"AYW00087701","1963-12-19","-72.29444","170.30833","5.2","ADARE HALLETT, AY","    0","T,,X","    0","T,,X","    0","T,,X","   -6",",,X","  -44",",,X",,,,," 2248",",,X","  180","W,,X","  216",",,X",,,,,,,,,,,"    1",",,X"
"AYW00087701","1963-12-20","-72.29444","170.30833","5.2","ADARE HALLETT, AY","    0",",,X","    0",",,X","    0","T,,X","    6",",,X","  -39",",,X",,,,," 0136",",,X","  180","W,,X","  216",",,X",,,,,,,,,,,,
"AYW00087701","1963-12-21","-72.29444","170.30833","5.2","ADARE HALLETT, AY","    0",",,X","    0",",,X","    0","T,,X","   22",",,X","  -72",",,X",,,,," 2100",",,X","  270","W,,X","   62",",,X",,,,,,,,,,,,
"AYW00087701","1963-12-22","-72.29444","170.30833","5.2","ADARE HALLETT, AY","    0",",,X","    0",",,X","    0","T,,X","   11",",,X","  -61",",,X",,,,," 2106",",,X","  180","W,,X","   36",",,X",,,,,,,,,,,,
"AYW00087701","1963-12-23","-72.29444","170.30833","5.2","ADARE HALLETT, AY","    0",",,X","    0",",,X","    0","T,,X","   33",",,X","  -44",",,X",,,,," 1354",",,X","   90","W,,X","   93",",,X",,,,,,,,,,,,
"AYW00087701","1963-12-24","-72.29444","170.30833","5.2","ADARE HALLETT, AY","    0",",,X","    0",",,X","    0","T,,X","   22",",,X","  -56",",,X",,,,," 1812",",,X","  135","W,,X","   82",",,X",,,,,,,,,,,,
"AYW00087701","1963-12-25","-72.29444","170.30833","5.2","ADARE HALLETT, AY","    0",",,X","    0",",,X","    0","T,,X","   22",",,X","  -56",",,X",,,,," 1418",",,X","  135","W,,X","   93",",,X",,,,,,,,,,,,
"AYW00087701","1963-12-26","-72.29444","170.30833","5.2","ADARE HALLETT, AY","    0",",,X","    0",",,X","    0","T,,X","   22",",,X","  -28",",,X",,,,," 1542",",,X","   90","W,,X","   51",",,X",,,,,,,,,,,,
"AYW00087701","1963-12-27","-72.29444","170.30833","5.2","ADARE HALLETT, AY","    0",",,X","    0",",,X","    0","T,,X","   44",",,X","  -11",",,X",,,,," 1700",",,X","  315","W,,X","   31",",,X",,,,,,,,,,,,
"AYW00087701","1963-12-28","-72.29444","170.30833","5.2","ADARE HALLETT, AY","    0",",,X","    0",",,X","    0","T,,X","   33",",,X","  -11",",,X",,,,," 1854",",,X","  225","W,,X","   31",",,X",,,,,,,,,,,,
"AYW00087701","1963-12-29","-72.29444","170.30833","5.2","ADARE HALLETT, AY","    0",",,X","    0",",,X","    0","T,,X","   33",",,X","  -22",",,X",,,,," 2318",",,X","   90","W,,X","  103",",,X",,,,,,,,,,,,
"AYW00087701","1963-12-30","-72.29444","170.30833","5.2","ADARE HALLETT, AY","    0","T,,X","    0","T,,X","    0","T,,X","   33",",,X","  -11",",,X",,,,," 0618",",,X","  135","W,,X","   98",",,X",,,,,,,,,,,"    1",",,X"
"AYW00087701","1963-12-31","-72.29444","170.30833","5.2","ADARE HALLETT, AY","    3",",,X","    3",",,X","    0","T,,X","   33",",,X","   -6",",,X",,,,," 0006",",,X","   90","W,,X","   51",",,X",,,,,,,,,,,"    1",",,X"
"AYW00087701","1964-01-01","-72.29444","170.30833","5.2","ADARE HALLETT, AY","   30",",,X","   30",",,X","    0","T,,X","   17",",,X","  -11",",,X",,,,," 0118",",,X","  180","W,,X","   46",",,X",,,,,,,,,,,"    1",",,X"
"AYW00087701","1964-01-02","-72.29444","170.30833","5.2","ADARE HALLETT, AY","   10",",,X","   10",",,X","    0","T,,X","   22",",,X","  -28",",,X",,,,," 1530",",,X","   90","W,,X","   51",",,X","    1",",,X",,,,,,,,,"    1",",,X"
"AYW00087701","1964-01-03","-72.29444","170.30833","5.2","ADARE HALLETT, AY","    5",",,X","    5",",,X","    0","T,,X","   17",",,X","  -11",",,X",,,,," 2200",",,X","  135","W,,X","  113",",,X","    1",",,X",,,,,,,,,"    1",",,X"
"AYW00087701","1964-01-04","-72.29444","170.30833","5.2","ADARE HALLETT, AY","    0","T,,X","    0","T,,X","    0","T,,X","   17",",,X","  -11",",,X",,,,," 2006",",,X","  360","W,,X","   36",",,X","    1",",,X",,,,,,,,,"    1",",,X"
"AYW00087701","1964-01-05","-72.29444","170.30833","5.2","ADARE HALLETT, AY","    0",",,X","    0",",,X","    0","T,,X","   11",",,X","  -22",",,X",,,,," 0848",",,X","  225","W,,X","   31",",,X",,,,,,,,,,,,
"AYW00087701","1964-01-06","-72.29444","170.30833","5.2","ADARE HALLETT, AY","    0",",,X","    0",",,X","    0","T,,X","    0",",,X","  -17",",,X",,,,," 1636",",,X","  360","W,,X","   31",",,X",,,,,,,,,,,,
"AYW00087701","1964-01-07","-72.29444","170.30833","5.2","ADARE HALLETT, AY","    0",",,X","    0",",,X","    0","T,,X","   22",",,X","  -44",",,X",,,,," 1918",",,X","   90","W,,X","   82",",,X",,,,,,,,,,,,
"AYW00087701","1964-01-08","-72.29444","170.30833","5.2","ADARE HALLETT, AY","    0","T,,X","    0","T,,X","    0","T,,X","   17",",,X","  -17",",,X",,,,," 1748",",,X","  135","W,,X","   62",",,X",,,,,,,,,,,"    1",",,X"
"AYW00087701","1964-01-09","-72.29444","170.30833","5.2","ADARE HALLETT, AY","    0",",,X","    0",",,X","    0","T,,X","   22",",,X","  -56",",,X",,,,," 0624",",,X","  225","W,,X","   87",",,X",,,,,,,,,,,,
"AYW00087701","1964-01-10","-72.29444","170.30833","5.2","ADARE HALLETT, AY","    0",",,X","    0",",,X","    0","T,,X","   11",",,X","  -50",",,X",,,,," 0436",",,X","  225","W,,X","   21",",,X",,,,,,,,,,,,
"AYW00087701","1964-01-11","-72.29444","170.30833","5.2","ADARE HALLETT, AY","   15",",,X","   46",",,X","   51",",,X","  -11",",,X","  -50",",,X",,,,," 0548",",,X","  225","W,,X","   41",",,X",,,,,,,,,,,"    1",",,X"
"AYW00087701","1964-01-12","-72.29444","170.30833","5.2","ADARE HALLETT, AY","    0","T,,X","    0","T,,X","    0","T,,X","    6",",,X","  -72",",,X",,,,," 0542",",,X","  180","W,,X","   31",",,X",,,,,,,,,,,"    1",",,X"
"AYW00087701","1964-01-13","-72.29444","170.30833","5.2","ADARE HALLETT, AY","    0",",,X","    0",",,X","    0","T,,X","    6",",,X","  -89",",,X",,,,," 0636",",,X","  225","W,,X","   82",",,X",,,,,,,,,,,,
"AYW00087701","1964-01-14","-72.29444","170.30833","5.2","ADARE HALLETT, AY","    0",",,X","    0",",,X","    0","T,,X","    0",",,X","  -72",",,X",,,,," 2200",",,X","  225","W,,X","   21",",,X",,,,,,,,,,,,
"AYW00087701","1964-01-15","-72.29444","170.30833","5.2","ADARE HALLETT, AY","    0","T,,X","    0","T,,X","    0","T,,X","   11",",,X"," -100",",,X",,,,," 2218",",,X","   90","W,,X","   57",",,X",,,,,,,,,,,"    1",",,X"
"AYW00087701","1964-01-16","-72.29444","170.30833","5.2","ADARE HALLETT, AY","   91",",,X","  132",",,X","   51",",,X","    6",",,X","  -39",",,X",,,,," 1524",",,X","  225","W,,X","  149",",,X",,,,,,,,,,,"    1",",,X"
"AYW00087701","1964-01-17","-72.29444","170.30833","5.2","ADARE HALLETT, AY","   15",",,X","   15",",,X","   25",",,X","    6",",,X","  -22",",,X",,,,," 2242",",,X","  225","W,,X","   62",",,X",,,,,,,,,,,"    1",",,X"
"AYW00087701","1964-01-18","-72.29444","170.30833","5.2","ADARE HALLETT, AY","    3",",,X","    3",",,X","   25",",,X","   22",",,X","  -17",",,X",,,,," 0930",",,X","  225","W,,X","  170",",,X",,,,,,,,,,,"    1",",,X"
"AYW00087701","1964-01-19","-72.29444","170.30833","5.2","ADARE HALLETT, AY","    0",",,X","    0",",,X","    0","T,,X","   28",",,X","  -22",",,X",,,,," 2112",",,X","  135","W,,X","  159",",,X",,,,,,,,,,,,
"AYW00087701","1964-01-20","-72.29444","170.30833","5.2","ADARE HALLETT, AY","    0",",,X","    0",",,X","    0","T,,X","   39",",,X","  -50",",,X",,,,," 0436",",,X","  225","W,,X","   51",",,X",,,,,,,,,,,,
"AYW00087701","1964-01-21","-72.29444","170.30833","5.2","ADARE HALLETT, AY","    0","T,,X","    0","T,,X","    0","T,,X","    0",",,X","  -39",",,X",,,,," 1418",",,X","  135","W,,X","  134",",,X",,,,,,,,,,,"    1",",,X"
"AYW00087701","1964-01-22","-72.29444","170.30833","5.2","ADARE HALLETT, AY","    0",",,X","    0",",,X","    0","T,,X","    0",",,X","  -56",",,X",,,,," 1200",",,X","  225","W,,X","  118",",,X",,,,,,,,,,,,
"AYW00087701","1964-01-23","-72.29444","170.30833","5.2","ADARE HALLETT, AY","    0","T,,X","    0","T,,X","    0","T,,X","  -11",",,X","  -50",",,X",,,,," 2330",",,X","  180","W,,X","  185",",,X",,,,,,,,,,,"    1",",,X"
"AYW00087701","1964-01-24","-72.29444","170.30833","5.2","ADARE HALLETT, AY","    0","T,,X","    0","T,,X","    0","T,,X","  -11",",,X","  -61",",,X",,,,," 0018",",,X","  180","W,,X","  190",",,X",,,,,,,,,,,"    1",",,X"
"AYW00087701","1964-01-25","-72.29444","170.30833","5.2","ADARE HALLETT, AY","    0",",,X","    0",",,X","    0","T,,X","    0",",,X","  -67",",,X",,,,," 1600",",,X","  135","W,,X","   72",",,X",,,,,,,,,,,,
"AYW00087701","1964-01-26","-72.29444","170.30833","5.2","ADARE HALLETT, AY","    0",",,X","    0",",,X","    0","T,,X","    0",",,X","  -50",",,X",,,,," 1118",",,X","  225","W,,X","   93",",,X",,,,,,,,,,,,
"AYW00087701","1964-01-27","-72.29444","170.30833","5.2","ADARE HALLETT, AY","    0",",,X","    0",",,X","    0","T,,X","    6",",,X","  -67",",,X",,,,," 0600",",,X","  225","W,,X","   41",",,X",,,,,,,,,,,,
"AYW00087701","1964-01-28","-72.29444","170.30833","5.2","ADARE HALLETT, AY","    0",",,X","    0",",,X","    0","T,,X","   17",",,X","  -67",",,X",,,,," 2054",",,X","  135","W,,X","   72",",,X",,,,,,,,,,,,
"AYW00087701","1964-01-29","-72.29444","170.30833","5.2","ADARE HALLETT, AY","    0","T,,X","    0","T,,X","    0","T,,X","  -17",",,X","  -33",",,X",,,,," 0712",",,X","  225","W,,X","   62",",,X",,,,,,,,,,,"    1",",,X"
"AYW00087701","1964-01-30","-72.29444","170.30833","5.2","ADARE HALLETT, AY","    0","T,,X","    0","T,,X","    0","T,,X","   -6",",,X","  -33",",,X",,,,," 1724",",,X","   45","W,,X","   36",",,X",,,,,,,,,,,"    1",",,X"
"AYW00087701","1964-01-31","-72.29444","170.30833","5.2","ADARE HALLETT, AY","    0",",,X","    0",",,X","    0","T,,X","  -17",",,X","  -39",",,X",,,,," 1006",",,X","  225","W,,X","   26",",,X",,,,,,,,,,,,
"AYW00087701","1964-02-01","-72.29444","170.30833","5.2","ADARE HALLETT, AY","    0",",,X","    0",",,X","    0","T,,X","   -6",",,X","  -61",",,X",,,,," 1454",",,X","  135","W,,X","   57",",,X",,,,,,,,,,,,
"AYW00087701","1964-02-02","-72.29444","170.30833","5.2","ADARE HALLETT, AY","    0","T,,X","    0","T,,X","    0","T,,X","  -11",",,X","  -56",",,X",,,,," 2300",",,X","  225","W,,X","  159",",,X",,,,,,,,,,,"    1",",,X"
"AYW00087701","1964-02-03","-72.29444","170.30833","5.2","ADARE HALLETT, AY","    0","T,,X","    0","T,,X","    0","T,,X","    0",",,X","  -44",",,X",,,,," 0306",",,X","  225","W,,X","  175",",,X",,,,,,,,,,,"    1",",,X"
"AYW00087701","1964-02-04","-72.29444","170.30833","5.2","ADARE HALLETT, AY","    0",",,X","    0",",,X","    0","T,,X","    0",",,X","  -44",",,X",,,,," 0300",",,X","  270","W,,X","   51",",,X",,,,,,,,,,,,
"AYW00087701","1964-02-05","-72.29444","170.30833","5.2","ADARE HALLETT, AY","    0",",,X","    0",",,X","    0","T,,X","   -6",",,X","  -50",",,X",,,,," 2336",",,X","  225","W,,X","   77",",,X",,,,,,,,,,,,
"AYW00087701","1964-02-06","-72.29444","170.30833","5.2","ADARE HALLETT, AY","    0",",,X","    0",",,X","    0","T,,X","  -11",",,X","  -33",",,X",,,,," 2124",",,X","  225","W,,X","  144",",,X",,,,,,,,,,,,
"AYW00087701","1964-02-07","-72.29444","170.30833","5.2","ADARE HALLETT, AY","    0","T,,X","    0","T,,X","    0","T,,X","    6",",,X","  -28",",,X",,,,," 0100",",,X","  225","W,,X","  123",",,X",,,,,,,,,,,"    1",",,X"
"AYW00087701","1964-02-08","-72.29444","170.30833","5.2","ADARE HALLETT, AY","   20",",,X","   20",",,X","   25",",,X","    0",",,X","  -44",",,X",,,,," 2148",",,X","  225","W,,X","   46",",,X",,,,,,,,,,,"    1",",,X"
"AYW00087701","1964-02-09","-72.29444","170.30833","5.2","ADARE HALLETT, AY","   38",",,X","   46",",,X","   25",",,X","   -6",",,X","  -28",",,X",,,,," 1348",",,X","  225","W,,X","  113",",,X",,,,,,,,,,,"    1",",,X"
"AYW00087701","1964-02-10","-72.29444","170.30833","5.2","ADARE HALLETT, AY","   25",",,X","   28",",,X","   51",",,X","    6",",,X","  -33",",,X",,,,," 0006",",,X","  180","W,,X","  103",",,X",,,,,,,,,,,"    1",",,X"
"AYW00087701","1964-02-11","-72.29444","170.30833","5.2","ADARE HALLETT, AY","   38",",,X","   61",",,X","   51",",,X","  -22",",,X","  -50",",,X",,,,," 2354",",,X","  225","W,,X","  154",",,X",,,,,,,,,,,"    1",",,X"
"AYW00087701","1964-02-12","-72.29444","170.30833","5.2","ADARE HALLETT, AY","    0","T,,X","    0","T,,X","   51",",,X","  -17",",,X","  -44",",,X",,,,," 0018",",,X","  225","W,,X","  149",",,X",,,,,,,,,,,"    1",",,X"
"AYW00087701","1964-02-13","-72.29444","170.30833","5.2","ADARE HALLETT, AY","    0","T,,X","    0","T,,X","   25",",,X","  -33",",,X","  -56",",,X",,,,," 2106",",,X","  225","W,,X","   93",",,X",,,,,,,,,,,"    1",",,X"
"AYW00087701","1964-02-14","-72.29444","170.30833","5.2","ADARE HALLETT, AY","    0",",,X","    0",",,X","   25",",,X","  -22",",,X","  -67",",,X",,,,," 0512",",,X","  225","W,,X","  103",",,X",,,,,,,,,,,,
"AYW00087701","1964-02-15","-72.29444","170.30833","5.2","ADARE HALLETT, AY","    0",",,X","    0",",,X","    0","T,,X","  -28",",,X","  -78",",,X",,,,," 1524",",,X","  225","W,,X","   93",",,X",,,,,,,,,,,,
"AYW00087701","1964-02-16","-72.29444","170.30833","5.2","ADARE HALLETT, AY","    0","T,,X","    0","T,,X","    0","T,,X","  -33",",,X","  -72",",,X",,,,," 2212",",,X","  225","W,,X","  118",",,X",,,,,,,,,,,"    1",",,X"
"AYW00087701","1964-02-17","-72.29444","170.30833","5.2","ADARE HALLETT, AY","    3",",,X","    3",",,X","    0","T,,X","  -39",",,X","  -72",",,X",,,,," 0030",",,X","  225","W,,X","  123",",,X",,,,,,,,,,,"    1",",,X"
"AYW00087701","1964-02-18","-72.29444","170.30833","5.2","ADARE HALLETT, AY","    5",",,X","    5",",,X","    0","T,,X","  -33",",,X","  -67",",,X",,,,," 1424",",,X","  225","W,,X","  231",",,X",,,,,,,,,,,"    1",",,X"
"AYW00087701","1964-02-19","-72.29444","170.30833","5.2","ADARE HALLETT, AY","    0","T,,X","   15",",,X","   25",",,X","  -22",",,X","  -50",",,X",,,,," 0006",",,X","  225","W,,X","  159",",,X",,,,,,,,,,,"    1",",,X"
"AYW00087701","1964-02-20","-72.29444","170.30833","5.2","ADARE HALLETT, AY","    5",",,X","   10",",,X","    0","T,,X","  -28",",,X","  -61",",,X",,,,," 1854",",,X","  225","W,,X","   82",",,X",,,,,,,,,,,"    1",",,X"
"AYW00087701","1964-02-21","-72.29444","170.30833","5.2","ADARE HALLETT, AY","    3",",,X","    3",",,X","    0","T,,X","  -50",",,X","  -78",",,X",,,,," 1536",",,X","  225","W,,X","  129",",,X",,,,,,,,,,,"    1",",,X"
"AYW00087701","1964-02-22","-72.29444","170.30833","5.2","ADARE HALLETT, AY","   51",",,X","  104",",,X","  102",",,X","  -39",",,X","  -67",",,X",,,,," 1948",",,X","  135","W,,X","  118",",,X",,,,,,,,,,,"    1",",,X"
"AYW00087701","1964-02-23","-72.29444","170.30833","5.2","ADARE HALLETT, AY","    0","T,,X","    0","T,,X","   76",",,X","  -33",",,X","  -78",",,X",,,,," 0012",",,X","  225","W,,X","   87",",,X",,,,,,,,,,,"    1",",,X"
"AYW00087701","1964-02-24","-72.29444","170.30833","5.2","ADARE HALLETT, AY","    0","T,,X","    0","T,,X","   51",",,X","  -39",",,X","  -67",",,X",,,,," 2342",",,X","  225","W,,X","   98",",,X",,,,,,,,,,,"    1",",,X"
"AYW00087701","1964-02-25","-72.29444","170.30833","5.2","ADARE HALLETT, AY","    8",",,X","   13",",,X","   51",",,X","  -61",",,X","  -83",",,X",,,,," 2142",",,X","  225","W,,X","  180",",,X",,,,,,,"    1",",,X",,,"    1",",,X"
"AYW00087701","1964-02-26","-72.29444","170.30833","5.2","ADARE HALLETT, AY","    0",",,X","    0",",,X","   25",",,X","  -50",",,X","  -78",",,X",,,,," 0854",",,X","  180","W,,X","  226",",,X",,,,,,,,,,,,
"AYW00087701","1964-02-27","-72.29444","170.30833","5.2","ADARE HALLETT, AY","   20",",,X","   20",",,X","   25",",,X","  -33",",,X","  -67",",,X",,,,," 0930",",,X","  180","W,,X","  236",",,X",,,,,,,"    1",",,X",,,"    1",",,X"
"AYW00087701","1964-02-28","-72.29444","170.30833","5.2","ADARE HALLETT, AY","    0",",,X","    0",",,X","   25",",,X","  -39",",,X","  -67",",,X",,,,," 0000",",,X","  225","W,,X","  149",",,X",,,,,,,,,,,,
"AYW00087701","1964-02-29","-72.29444","170.30833","5.2","ADARE HALLETT, AY","    0","T,,X","    0","T,,X","   25",",,X","  -39",",,X","  -83",",,X",,,,," 1630",",,X","  315","W,,X","   67",",,X",,,,,,,,,,,"    1",",,X"
"AYW00087701","1964-03-01","-72.29444","170.30833","5.2","ADARE HALLETT, AY","    0","T,,X","    0","T,,X","    0","T,,X","  -50",",,X","  -83",",,X",,,,," 0112",",,X","  225","W,,X","  129",",,X",,,,,,,,,,,"    1",",,X"
"AYW00087701","1964-06-02","-72.29444","170.30833","5.2","ADARE HALLETT, AY","    0",",,X",,,,,,,,,,,,,,,,,,,,,,,,,,,,,,
"AYW00087701","1964-10-04","-72.29444","170.30833","5.2","ADARE HALLETT, AY","    0","T,,X","    0","T,,X","    0","T,,X","  -89",",,X"," -217",",,X",,,,," 0200",",,X","  315","W,,X","   46",",,X",,,,,,,,,,,"    1",",,X"
"AYW00087701","1964-10-05","-72.29444","170.30833","5.2","ADARE HALLETT, AY","    0","T,,X","    0","T,,X","    0","T,,X"," -156",",,X"," -206",",,X",,,,," 0630",",,X","  225","W,,X","   57",",,X",,,,,,,,,,,"    1",",,X"
"AYW00087701","1964-10-06","-72.29444","170.30833","5.2","ADARE HALLETT, AY","    3",",,X","    5",",,X","    0","T,,X"," -100",",,X"," -200",",,X",,,,," 0912",",,X","  225","W,,X","  103",",,X",,,,,,,,,,,"    1",",,X"
"AYW00087701","1964-10-07","-72.29444","170.30833","5.2","ADARE HALLETT, AY","    0",",,X","    0",",,X","    0","T,,X","  -94",",,X"," -128",",,X",,,,," 0848",",,X","  225","W,,X","  242",",,X",,,,,,,"    1",",,X",,,,
"AYW00087701","1964-10-08","-72.29444","170.30833","5.2","ADARE HALLETT, AY","    0",",,X","    0",",,X","    0","T,,X"," -117",",,X"," -206",",,X",,,,," 0030",",,X","  270","W,,X","  139",",,X",,,,,,,,,,,,
"AYW00087701","1964-10-09","-72.29444","170.30833","5.2","ADARE HALLETT, AY","    0",",,X","    0",",,X","    0","T,,X","  -94",",,X"," -211",",,X",,,,," 0330",",,X","  225","W,,X","  154",",,X",,,,,,,,,,,,
"AYW00087701","1964-10-10","-72.29444","170.30833","5.2","ADARE HALLETT, AY","    0",",,X","    0",",,X","    0","T,,X","  -94",",,X"," -194",",,X",,,,," 0012",",,X","  225","W,,X","  123",",,X",,,,,,,,,,,,
"AYW00087701","1964-10-11","-72.29444","170.30833","5.2","ADARE HALLETT, AY","    0","T,,X","    0","T,,X","    0","T,,X"," -144",",,X"," -211",",,X",,,,," 0612",",,X","  203","W,,X","  149",",,X",,,,,,,,,,,"    1",",,X"
"AYW00087701","1964-10-12","-72.29444","170.30833","5.2","ADARE HALLETT, AY","   10",",,X","   15",",,X","   25",",,X"," -150",",,X"," -217",",,X",,,,," 2224",",,X","  225","W,,X","   72",",,X",,,,,,,,,,,"    1",",,X"
"AYW00087701","1964-10-13","-72.29444","170.30833","5.2","ADARE HALLETT, AY","    0",",,X","    0",",,X","   25",",,X"," -161",",,X"," -256",",,X",,,,," 0230",",,X","  225","W,,X","   98",",,X",,,,,,,,,,,,
"AYW00087701","1964-10-14","-72.29444","170.30833","5.2","ADARE HALLETT, AY","    0",",,X","    0",",,X","   25",",,X"," -161",",,X"," -261",",,X",,,,," 0112",",,X","  248","W,,X","   46",",,X",,,,,,,,,,,,
"AYW00087701","1964-10-15","-72.29444","170.30833","5.2","ADARE HALLETT, AY","    0",",,X","    0",",,X","   25",",,X"," -167",",,X"," -278",",,X",,,,," 0512",",,X","  248","W,,X","   46",",,X",,,,,,,,,,,,
"AYW00087701","1964-10-16","-72.29444","170.30833","5.2","ADARE HALLETT, AY","    0",",,X","    0",",,X","   25",",,X"," -150",",,X"," -267",",,X",,,,," 2312",",,X","  225","W,,X","   62",",,X",,,,,,,,,,,,
"AYW00087701","1964-10-17","-72.29444","170.30833","5.2","ADARE HALLETT, AY","    0","T,,X","    0","T,,X","   25",",,X"," -156",",,X"," -256",",,X",,,,," 1212",",,X","  225","W,,X","   51",",,X",,,,,,,,,,,"    1",",,X"
"AYW00087701","1964-10-18","-72.29444","170.30833","5.2","ADARE HALLETT, AY","    0","T,,X","    0","T,,X","   25",",,X"," -156",",,X"," -250",",,X",,,,," 2218",",,X","  248","W,,X","   36",",,X",,,,,,,,,,,"    1",",,X"
"AYW00087701","1964-10-19","-72.29444","170.30833","5.2","ADARE HALLETT, AY","    5",",,X","   10",",,X","   25",",,X"," -144",",,X"," -239",",,X",,,,," 1912",",,X","  225","W,,X","  211",",,X","    1",",,X",,,,,"    1",",,X",,,"    1",",,X"
"AYW00087701","1964-10-20","-72.29444","170.30833","5.2","ADARE HALLETT, AY","    0","T,,X","    0","T,,X","   25",",,X"," -128",",,X"," -172",",,X",,,,," 0412",",,X","  225","W,,X","  236",",,X",,,,,,,"    1",",,X",,,"    1",",,X"
"AYW00087701","1964-10-21","-72.29444","170.30833","5.2","ADARE HALLETT, AY","    0","T,,X","    0","T,,X","   25",",,X"," -106",",,X"," -167",",,X",,,,," 0154",",,X","  180","W,,X","  278",",,X",,,,,,,"    1",",,X",,,"    1",",,X"
"AYW00087701","1964-10-22","-72.29444","170.30833","5.2","ADARE HALLETT, AY","    0",",,X","    0",",,X","   25",",,X"," -139",",,X"," -200",",,X",,,,,,,"  225","W,,X","   51",",,X",,,,,,,,,,,,
"AYW00087701","1964-10-23","-72.29444","170.30833","5.2","ADARE HALLETT, AY","    0","T,,X","    0","T,,X","   25",",,X"," -139",",,X"," -172",",,X",,,,," 1754",",,X","  225","W,,X","  103",",,X",,,,,,,,,,,"    1",",,X"
"AYW00087701","1964-10-24","-72.29444","170.30833","5.2","ADARE HALLETT, AY","    0",",,X","    0",",,X","    0","T,,X"," -144",",,X"," -189",",,X",,,,,,,,,,,,,,,,,,,,,,
"AYW00087701","1964-10-25","-72.29444","170.30833","5.2","ADARE HALLETT, AY","    3",",,X","    5",",,X","   25",",,X"," -156",",,X"," -206",",,X",,,,," 0106",",,X","  360","W,,X","   31",",,X",,,,,,,,,,,"    1",",,X"
"AYW00087701","1964-10-26","-72.29444","170.30833","5.2","ADARE HALLETT, AY","    0","T,,X","    0","T,,X","   25",",,X"," -139",",,X"," -172",",,X",,,,," 2036",",,X","  180","W,,X","  221",",,X",,,,,,,,,,,"    1",",,X"
"AYW00087701","1964-10-27","-72.29444","170.30833","5.2","ADARE HALLETT, AY","    0",",,X","    0",",,X","   25",",,X"," -144",",,X"," -228",",,X",,,,," 0436",",,X","  180","W,,X","  221",",,X",,,,,,,,,,,,
"AYW00087701","1964-10-28","-72.29444","170.30833","5.2","ADARE HALLETT, AY","    0",",,X","    0",",,X","   25",",,X"," -161",",,X"," -256",",,X",,,,," 0342",",,X","  225","W,,X","   31",",,X",,,,,,,,,,,,
"AYW00087701","1964-10-29","-72.29444","170.30833","5.2","ADARE HALLETT, AY","    0",",,X","    0",",,X","   25",",,X"," -144",",,X"," -244",",,X",,,,," 0418",",,X","  248","W,,X","   77",",,X",,,,,,,,,,,,
"AYW00087701","1964-10-30","-72.29444","170.30833","5.2","ADARE HALLETT, AY","    0",",,X","    0",",,X","   25",",,X"," -100",",,X"," -233",",,X",,,,," 0912",",,X","  203","W,,X","  118",",,X",,,,,,,,,,,,
"AYW00087701","1964-10-31","-72.29444","170.30833","5.2","ADARE HALLETT, AY","    0",",,X","    0",",,X","   25",",,X","  -72",",,X"," -206",",,X",,,,," 1142",",,X","  203","W,,X","  113",",,X",,,,,,,,,,,,
"AYW00087701","1964-11-01","-72.29444","170.30833","5.2","ADARE HALLETT, AY","    0",",,X","    0",",,X","   25",",,X","  -56",",,X"," -133",",,X",,,,," 0236",",,X","  225","W,,X","  103",",,X",,,,,,,,,,,,
"AYW00087701","1964-11-02","-72.29444","170.30833","5.2","ADARE HALLETT, AY","    8",",,X","    8",",,X","   25",",,X","  -94",",,X"," -144",",,X",,,,," 0000",",,X","  203","W,,X","   31",",,X",,,,,,,,,,,"    1",",,X"
"AYW00087701","1964-11-03","-72.29444","170.30833","5.2","ADARE HALLETT, AY","    0","T,,X","    0","T,,X","   25",",,X","  -78",",,X"," -178",",,X",,,,," 0506",",,X","  225","W,,X","   41",",,X",,,,,,,,,,,"    1",",,X"
"AYW00087701","1964-11-04","-72.29444","170.30833","5.2","ADARE HALLETT, AY","    0","T,,X","    0","T,,X","   25",",,X","  -89",",,X"," -156",",,X",,,,," 1006",",,X","  225","W,,X","   77",",,X",,,,,,,,,,,"    1",",,X"
"AYW00087701","1964-11-05","-72.29444","170.30833","5.2","ADARE HALLETT, AY","    0",",,X","    0",",,X","   25",",,X"," -100",",,X"," -211",",,X",,,,," 0342",",,X","  203","W,,X","   36",",,X",,,,,,,,,,,,
"AYW00087701","1964-11-06","-72.29444","170.30833","5.2","ADARE HALLETT, AY","    0",",,X","    0",",,X","    0","T,,X"," -100",",,X"," -194",",,X",,,,," 0400",",,X","  203","W,,X","   41",",,X",,,,,,,,,,,,
"AYW00087701","1964-11-07","-72.29444","170.30833","5.2","ADARE HALLETT, AY","    0",",,X","    0",",,X","    0","T,,X","  -78",",,X"," -206",",,X",,,,," 1236",",,X","   90","W,,X","  123",",,X",,,,,,,,,,,,
"AYW00087701","1964-11-08","-72.29444","170.30833","5.2","ADARE HALLETT, AY","    0",",,X","    0",",,X","    0","T,,X","  -61",",,X"," -194",",,X",,,,," 2324",",,X","  158","W,,X","   41",",,X",,,,,,,,,,,,
"AYW00087701","1964-11-09","-72.29444","170.30833","5.2","ADARE HALLETT, AY","    0",",,X","    0",",,X","    0","T,,X","  -22",",,X"," -128",",,X",,,,," 0506",",,X","  203","W,,X","   87",",,X",,,,,,,,,,,,
"AYW00087701","1964-11-10","-72.29444","170.30833","5.2","ADARE HALLETT, AY","    0",",,X","    0",",,X","    0","T,,X","   11",",,X"," -111",",,X",,,,," 0206",",,X","  158","W,,X","  175",",,X",,,,,,,,,,,,
"AYW00087701","1964-11-11","-72.29444","170.30833","5.2","ADARE HALLETT, AY","    0",",,X","    0",",,X","    0","T,,X","  -22",",,X","  -72",",,X",,,,," 2336",",,X","  203","W,,X","  159",",,X",,,,,,,,,,,,
"AYW00087701","1964-11-12","-72.29444","170.30833","5.2","ADARE HALLETT, AY","    0","T,,X","    0","T,,X","    0","T,,X","  -22",",,X","  -61",",,X",,,,," 1224",",,X","  180","W,,X","  149",",,X",,,,,,,,,,,"    1",",,X"
"AYW00087701","1964-11-13","-72.29444","170.30833","5.2","ADARE HALLETT, AY","    0","T,,X","    0","T,,X","    0","T,,X","  -22",",,X"," -100",",,X",,,,," 1000",",,X","  180","W,,X","  154",",,X",,,,,,,,,,,"    1",",,X"
"AYW00087701","1964-11-14","-72.29444","170.30833","5.2","ADARE HALLETT, AY","    0",",,X","    0",",,X","    0","T,,X","  -28",",,X"," -100",",,X",,,,," 0218",",,X","  180","W,,X","   93",",,X",,,,,,,,,,,,
"AYW00087701","1964-11-15","-72.29444","170.30833","5.2","ADARE HALLETT, AY","    0",",,X","    0",",,X","    0","T,,X","  -39",",,X"," -133",",,X",,,,," 1430",",,X","   90","W,,X","   93",",,X",,,,,,,,,,,,
"AYW00087701","1964-11-16","-72.29444","170.30833","5.2","ADARE HALLETT, AY","    0","T,,X","    0","T,,X","    0","T,,X","  -44",",,X"," -144",",,X",,,,," 0412",",,X","  270","W,,X","   46",",,X",,,,,,,,,,,"    1",",,X"
"AYW00087701","1964-11-17","-72.29444","170.30833","5.2","ADARE HALLETT, AY","    0",",,X","    0",",,X","    0","T,,X","  -28",",,X"," -133",",,X",,,,," 1912",",,X","  180","W,,X","  108",",,X",,,,,,,,,,,,
"AYW00087701","1964-11-18","-72.29444","170.30833","5.2","ADARE HALLETT, AY","    0",",,X","    0",",,X","    0","T,,X","  -17",",,X","  -94",",,X",,,,," 1024",",,X","  180","W,,X","  129",",,X",,,,,,,,,,,,
"AYW00087701","1964-11-19","-72.29444","170.30833","5.2","ADARE HALLETT, AY","    0",",,X","    0",",,X","    0","T,,X","  -17",",,X","  -89",",,X",,,,," 0942",",,X","  203","W,,X","   93",",,X",,,,,,,,,,,,
"AYW00087701","1964-11-20","-72.29444","170.30833","5.2","ADARE HALLETT, AY","    0",",,X","    0",",,X","    0","T,,X","  -17",",,X","  -94",",,X",,,,," 2254",",,X","  158","W,,X","  211",",,X",,,,,,,,,,,,
"AYW00087701","1964-11-21","-72.29444","170.30833","5.2","ADARE HALLETT, AY","    0",",,X","    0",",,X","    0","T,,X","  -11",",,X","  -67",",,X",,,,," 0730",",,X","  158","W,,X","  231",",,X",,,,,,,,,,,,
"AYW00087701","1964-11-22","-72.29444","170.30833","5.2","ADARE HALLETT, AY","    0",",,X","    0",",,X","    0","T,,X","  -11",",,X","  -78",",,X",,,,," 0118",",,X","  203","W,,X","   77",",,X",,,,,,,,,,,,
"AYW00087701","1964-11-23","-72.29444","170.30833","5.2","ADARE HALLETT, AY","    0",",,X","    0",",,X","    0","T,,X","  -22",",,X"," -100",",,X",,,,," 1854",",,X","  293","W,,X","   41",",,X",,,,,,,,,,,,
"AYW00087701","1964-11-24","-72.29444","170.30833","5.2","ADARE HALLETT, AY","    0",",,X","    0",",,X","    0","T,,X","  -17",",,X","  -94",",,X",,,,," 0142",",,X","  248","W,,X","   31",",,X",,,,,,,,,,,,
"AYW00087701","1964-11-25","-72.29444","170.30833","5.2","ADARE HALLETT, AY","    0",",,X","    0",",,X","    0","T,,X","  -17",",,X"," -111",",,X",,,,," 1248",",,X","   45","W,,X","   57",",,X",,,,,,,,,,,,
"AYW00087701","1964-11-26","-72.29444","170.30833","5.2","ADARE HALLETT, AY","    0",",,X","    0",",,X","    0","T,,X","  -17",",,X"," -100",",,X",,,,," 0718",",,X","  203","W,,X","   87",",,X",,,,,,,,,,,,
"AYW00087701","1964-11-27","-72.29444","170.30833","5.2","ADARE HALLETT, AY","    0","T,,X","    0","T,,X","    0","T,,X","    0",",,X"," -100",",,X",,,,," 1924",",,X","  113","W,,X","  118",",,X",,,,,,,,,,,"    1",",,X"
"AYW00087701","1964-11-28","-72.29444","170.30833","5.2","ADARE HALLETT, AY","    0",",,X","    0",",,X","    0","T,,X","   -6",",,X","  -67",",,X",,,,," 0606",",,X","  158","W,,X","  144",",,X",,,,,,,,,,,,
"AYW00087701","1964-11-29","-72.29444","170.30833","5.2","ADARE HALLETT, AY","    0",",,X","    0",",,X","    0","T,,X","  -11",",,X","  -94",",,X",,,,," 1354",",,X","   90","W,,X","   93",",,X",,,,,,,,,,,,
"AYW00087701","1964-11-30","-72.29444","170.30833","5.2","ADARE HALLETT, AY","    0",",,X","    0",",,X","    0","T,,X","    0",",,X"," -106",",,X",,,,," 2318",",,X","  180","W,,X","  159",",,X",,,,,,,,,,,,
"AYW00087701","1964-12-01","-72.29444","170.30833","5.2","ADARE HALLETT, AY","    0",",,X","    0",",,X","    0","T,,X","    0",",,X","  -50",",,X",,,,," 0030",",,X","  180","W,,X","  123",",,X",,,,,,,,,,,,
"AYW00087701","1964-12-02","-72.29444","170.30833","5.2","ADARE HALLETT, AY","    0",",,X","    0",",,X","    0","T,,X","   -6",",,X","  -61",",,X",,,,," 1548",",,X","  338","W,,X","   41",",,X",,,,,,,,,,,,
"AYW00087701","1964-12-03","-72.29444","170.30833","5.2","ADARE HALLETT, AY","    0",",,X","    0",",,X","    0","T,,X","    0",",,X","  -72",",,X",,,,," 0918",",,X","   45","W,,X","   36",",,X",,,,,,,,,,,,
"AYW00087701","1964-12-04","-72.29444","170.30833","5.2","ADARE HALLETT, AY","    0","T,,X","    0","T,,X","    0","T,,X","    0",",,X","  -56",",,X",,,,," 0106",",,X","  203","W,,X","   57",",,X",,,,,,,,,,,"    1",",,X"
"AYW00087701","1964-12-05","-72.29444","170.30833","5.2","ADARE HALLETT, AY","    0","T,,X","    0","T,,X","    0","T,,X","    6",",,X","  -28",",,X",,,,," 0412",",,X","   90","W,,X","   57",",,X",,,,,,,,,,,"    1",",,X"
"AYW00087701","1964-12-06","-72.29444","170.30833","5.2","ADARE HALLETT, AY","    0","T,,X","    0","T,,X","    0","T,,X","   -6",",,X","  -22",",,X",,,,," 1336",",,X","   90","W,,X","   62",",,X",,,,,,,,,,,"    1",",,X"
"AYW00087701","1964-12-07","-72.29444","170.30833","5.2","ADARE HALLETT, AY","    0","T,,X","    0","T,,X","    0","T,,X","    0",",,X","  -33",",,X",,,,," 2030",",,X","  113","W,,X","  113",",,X",,,,,,,,,,,"    1",",,X"
"AYW00087701","1964-12-08","-72.29444","170.30833","5.2","ADARE HALLETT, AY","    0",",,X","    0",",,X","    0","T,,X","    0",",,X","  -39",",,X",,,,," 2106",",,X","  180","W,,X","  123",",,X",,,,,,,,,,,,
"AYW00087701","1964-12-09","-72.29444","170.30833","5.2","ADARE HALLETT, AY","    0",",,X","    0",",,X","    0","T,,X","    0",",,X","  -50",",,X",,,,," 0306",",,X","  270","W,,X","   41",",,X",,,,,,,,,,,,
"AYW00087701","1964-12-10","-72.29444","170.30833","5.2","ADARE HALLETT, AY","    0",",,X","    0",",,X","    0","T,,X","    6",",,X","  -78",",,X",,,,," 1448",",,X","  360","W,,X","   41",",,X",,,,,,,,,,,,
"AYW00087701","1964-12-11","-72.29444","170.30833","5.2","ADARE HALLETT, AY","    0",",,X","    0",",,X","    0","T,,X","   28",",,X","  -67",",,X",,,,," 0742",",,X","  225","W,,X","  134",",,X",,,,,,,,,,,,
"AYW00087701","1964-12-12","-72.29444","170.30833","5.2","ADARE HALLETT, AY","    0","T,,X","    0","T,,X","    0","T,,X","   17",",,X","  -28",",,X",,,,," 0542",",,X","  203","W,,X","   82",",,X",,,,,,,,,,,"    1",",,X"
"AYW00087701","1964-12-13","-72.29444","170.30833","5.2","ADARE HALLETT, AY","    0","T,,X","    0","T,,X","    0","T,,X","   17",",,X","  -39",",,X",,,,," 0454",",,X","  203","W,,X","  113",",,X",,,,,,,,,,,"    1",",,X"
"AYW00087701","1964-12-14","-72.29444","170.30833","5.2","ADARE HALLETT, AY","    0",",,X","    0",",,X","    0","T,,X","   17",",,X","  -33",",,X",,,,," 0318",",,X","  158","W,,X","  139",",,X",,,,,,,,,,,,
"AYW00087701","1964-12-15","-72.29444","170.30833","5.2","ADARE HALLETT, AY","    0",",,X","    0",",,X","    0","T,,X","   17",",,X","  -39",",,X",,,,," 0642",",,X","  135","W,,X","  144",",,X",,,,,,,,,,,,
"AYW00087701","1964-12-16","-72.29444","170.30833","5.2","ADARE HALLETT, AY","    0",",,X","    0",",,X","    0","T,,X","    6",",,X","  -61",",,X",,,,," 1718",",,X","   90","W,,X","   67",",,X",,,,,,,,,,,,
"AYW00087701","1964-12-17","-72.29444","170.30833","5.2","ADARE HALLETT, AY","    0",",,X","    0",",,X","    0","T,,X","   -6",",,X","  -33",",,X",,,,," 0430",",,X","  315","W,,X","   41",",,X",,,,,,,,,,,,
"AYW00087701","1964-12-18","-72.29444","170.30833","5.2","ADARE HALLETT, AY","    0",",,X","    0",",,X","    0","T,,X","   17",",,X","  -28",",,X",,,,," 1236",",,X","  360","W,,X","   41",",,X",,,,,,,,,,,,
"AYW00087701","1964-12-19","-72.29444","170.30833","5.2","ADARE HALLETT, AY","    8",",,X","   15",",,X","    0","T,,X","   17",",,X","  -50",",,X",,,,," 1812",",,X","   45","W,,X","   62",",,X",,,,,,,,,,,"    1",",,X"
"AYW00087701","1964-12-20","-72.29444","170.30833","5.2","ADARE HALLETT, AY","   38",",,X","   38",",,X","    0","T,,X","   17",",,X","  -28",",,X",,,,," 1206",",,X","  203","W,,X","  159",",,X",,,,,,,,,,,"    1",",,X"
"AYW00087701","1964-12-21","-72.29444","170.30833","5.2","ADARE HALLETT, AY","    3",",,X","    3",",,X","    0","T,,X","   22",",,X","  -22",",,X",,,,," 0954",",,X","  158","W,,X","  231",",,X",,,,,,,,,,,"    1",",,X"
"AYW00087701","1964-12-22","-72.29444","170.30833","5.2","ADARE HALLETT, AY","    0",",,X","    0",",,X","    0","T,,X","   28",",,X","  -17",",,X",,,,," 1000",",,X","  180","W,,X","  252",",,X",,,,,,,,,,,,
"AYW00087701","1964-12-23","-72.29444","170.30833","5.2","ADARE HALLETT, AY","    0",",,X","    0",",,X","    0","T,,X","   28",",,X","  -22",",,X",,,,," 0418",",,X","  180","W,,X","  134",",,X",,,,,,,,,,,,
"AYW00087701","1964-12-24","-72.29444","170.30833","5.2","ADARE HALLETT, AY","    0","T,,X","    0","T,,X","    0","T,,X","   17",",,X","  -22",",,X",,,,," 1842",",,X","  203","W,,X","  164",",,X",,,,,,,,,,,"    1",",,X"
"AYW00087701","1964-12-25","-72.29444","170.30833","5.2","ADARE HALLETT, AY","    0",",,X","    0",",,X","    0","T,,X","   17",",,X","  -17",",,X",,,,," 0324",",,X","  158","W,,X","  195",",,X",,,,,,,,,,,,
"AYW00087701","1964-12-26","-72.29444","170.30833","5.2","ADARE HALLETT, AY","    0",",,X","    0",",,X","    0","T,,X","   17",",,X","  -22",",,X",,,,," 0012",",,X","  270","W,,X","   57",",,X",,,,,,,,,,,,
"AYW00087701","1964-12-27","-72.29444","170.30833","5.2","ADARE HALLETT, AY","    0",",,X","    0",",,X","    0","T,,X","   11",",,X","  -44",",,X",,,,," 1930",",,X","   90","W,,X","   62",",,X",,,,,,,,,,,,
"AYW00087701","1964-12-28","-72.29444","170.30833","5.2","ADARE HALLETT, AY","    0",",,X","    0",",,X","    0","T,,X","   22",",,X","  -39",",,X",,,,," 0906",",,X","  203","W,,X","   57",",,X",,,,,,,,,,,,
"AYW00087701","1964-12-29","-72.29444","170.30833","5.2","ADARE HALLETT, AY","    0",",,X","    0",",,X","    0","T,,X","   28",",,X","  -44",",,X",,,,," 1136",",,X","  225","W,,X","   72",",,X",,,,,,,,,,,,
"AYW00087701","1964-12-30","-72.29444","170.30833","5.2","ADARE HALLETT, AY","   25",",,X","   51",",,X","    0","T,,X","   11",",,X","  -44",",,X",,,,," 0854",",,X","   90","W,,X","  113",",,X",,,,,,,,,,,"    1",",,X"
"AYW00087701","1964-12-31","-72.29444","170.30833","5.2","ADARE HALLETT, AY","    0",",,X","    0",",,X","    0","T,,X","   22",",,X","  -44",",,X",,,,," 0318",",,X","  180","W,,X","  103",",,X",,,,,,,,,,,,
"AYW00087701","1965-01-01","-72.29444","170.30833","5.2","ADARE HALLETT, AY","    0",",,X","    0",",,X","    0",",,X","   28",",,X","  -78",",,X",,,,," 1448",",,X","  158","W,,X","   67",",,X",,,,,,,,,,,,
"AYW00087701","1965-01-02","-72.29444","170.30833","5.2","ADARE HALLETT, AY","    0",",,X","    0",",,X","    0",",,X","   17",",,X","  -83",",,X",,,,," 1636",",,X","  180","W,,X","   36",",,X",,,,,,,,,,,,
"AYW00087701","1965-01-03","-72.29444","170.30833","5.2","ADARE HALLETT, AY","    0","T,,X","    0","T,,X","    0",",,X","   17",",,X","  -50",",,X",,,,," 0654",",,X","  203","W,,X","   36",",,X",,,,,,,,,,,"    1",",,X"
"AYW00087701","1965-01-04","-72.29444","170.30833","5.2","ADARE HALLETT, AY","   10",",,X","   18",",,X","    0","T,,X","   11",",,X","  -83",",,X",,,,," 2118",",,X","  180","W,,X","   87",",,X",,,,,,,,,,,"    1",",,X"
"AYW00087701","1965-01-05","-72.29444","170.30833","5.2","ADARE HALLETT, AY","    3",",,X","    5",",,X","    0",",,X","   39",",,X","  -33",",,X",,,,," 2030",",,X","  158","W,,X","  190",",,X",,,,,,,"    1",",,X",,,"    1",",,X"
"AYW00087701","1965-01-06","-72.29444","170.30833","5.2","ADARE HALLETT, AY","    0","T,,X","    0","T,,X","    0",",,X","   17",",,X","  -33",",,X",,,,," 0830",",,X","  113","W,,X","  144",",,X",,,,,,,,,,,"    1",",,X"
"AYW00087701","1965-01-07","-72.29444","170.30833","5.2","ADARE HALLETT, AY","    3",",,X","    5",",,X","    0","T,,X","   -6",",,X","  -67",",,X",,,,," 1948",",,X","  203","W,,X","   51",",,X",,,,,,,,,,,"    1",",,X"
"AYW00087701","1965-01-08","-72.29444","170.30833","5.2","ADARE HALLETT, AY","    5",",,X","    8",",,X","    0","T,,X","    6",",,X","  -33",",,X",,,,," 0724",",,X","  203","W,,X","  113",",,X",,,,,,,,,,,"    1",",,X"
"AYW00087701","1965-01-09","-72.29444","170.30833","5.2","ADARE HALLETT, AY","    0","T,,X","    0","T,,X","    0",",,X","    6",",,X","  -67",",,X",,,,," 1954",",,X","  180","W,,X","   36",",,X",,,,,,,,,,,"    1",",,X"
"AYW00087701","1965-01-10","-72.29444","170.30833","5.2","ADARE HALLETT, AY","    0",",,X","    0",",,X","    0",",,X","    6",",,X","  -72",",,X",,,,," 2342",",,X","  203","W,,X","   62",",,X",,,,,,,,,,,,
"AYW00087701","1965-01-11","-72.29444","170.30833","5.2","ADARE HALLETT, AY","    0",",,X","    0",",,X","    0",",,X","   22",",,X","  -39",",,X",,,,," 0100",",,X","  203","W,,X","   93",",,X",,,,,,,,,,,,
"AYW00087701","1965-01-12","-72.29444","170.30833","5.2","ADARE HALLETT, AY","    0",",,X","    0",",,X","    0",",,X","   56",",,X","  -33",",,X",,,,," 1900",",,X","  225","W,,X","   98",",,X",,,,,,,,,,,,
"AYW00087701","1965-01-13","-72.29444","170.30833","5.2","ADARE HALLETT, AY","    0",",,X","    0",",,X","    0",",,X","   33",",,X","  -22",",,X",,,,," 0330",",,X","  158","W,,X","  129",",,X",,,,,,,,,,,,
"AYW00087701","1965-01-14","-72.29444","170.30833","5.2","ADARE HALLETT, AY","    0",",,X","    0",",,X","    0",",,X","   33",",,X","  -33",",,X",,,,," 2354",",,X","   45","W,,X","  123",",,X",,,,,,,,,,,,
"AYW00087701","1965-01-15","-72.29444","170.30833","5.2","ADARE HALLETT, AY","   30",",,X","   30",",,X","    0","T,,X","    6",",,X","  -11",",,X",,,,," 0054",",,X","   68","W,,X","  134",",,X","    1",",,X",,,,,,,,,"    1",",,X"
"AYW00087701","1965-01-16","-72.29444","170.30833","5.2","ADARE HALLETT, AY","    5",",,X","    8",",,X","    0",",,X","   39",",,X","  -11",",,X",,,,," 1600",",,X","  180","W,,X","  164",",,X",,,,,,,,,,,"    1",",,X"
"AYW00087701","1965-01-17","-72.29444","170.30833","5.2","ADARE HALLETT, AY","    0",",,X","    0",",,X","    0",",,X","   28",",,X","    0",",,X",,,,," 1430",",,X","  180","W,,X","  154",",,X",,,,,,,,,,,,
"AYW00087701","1965-01-18","-72.29444","170.30833","5.2","ADARE HALLETT, AY","    0","T,,X","    0","T,,X","    0",",,X","   17",",,X","  -17",",,X",,,,," 0100",",,X","  360","W,,X","   87",",,X",,,,,,,,,,,"    1",",,X"
"AYW00087701","1965-01-19","-72.29444","170.30833","5.2","ADARE HALLETT, AY","    0","T,,X","    0","T,,X","    0","T,,X","   22",",,X","  -22",",,X",,,,," 1600",",,X","  270","W,,X","   51",",,X",,,,,,,,,,,"    1",",,X"
"AYW00087701","1965-01-20","-72.29444","170.30833","5.2","ADARE HALLETT, AY","    0","T,,X","    0","T,,X","    0","T,,X","    0",",,X","  -22",",,X",,,,," 1200",",,X","  113","W,,X","  118",",,X",,,,,,,,,,,"    1",",,X"
"AYW00087701","1965-01-21","-72.29444","170.30833","5.2","ADARE HALLETT, AY","    0",",,X","    0",",,X","    0",",,X","   22",",,X","  -28",",,X",,,,," 0554",",,X","  158","W,,X","  159",",,X",,,,,,,,,,,,
"AYW00087701","1965-01-22","-72.29444","170.30833","5.2","ADARE HALLETT, AY","    0",",,X","    0",",,X","    0",",,X","   22",",,X","  -33",",,X",,,,," 0636",",,X","  203","W,,X","   82",",,X",,,,,,,,,,,,
"AYW00087701","1965-01-23","-72.29444","170.30833","5.2","ADARE HALLETT, AY","    0",",,X","    0",",,X","    0",",,X","   17",",,X","  -39",",,X",,,,," 0312",",,X","  158","W,,X","   87",",,X",,,,,,,,,,,,
"AYW00087701","1965-01-24","-72.29444","170.30833","5.2","ADARE HALLETT, AY","    0",",,X","    0",",,X","    0","T,,X","   11",",,X","  -33",",,X",,,,," 2242",",,X","  225","W,,X","   82",",,X",,,,,,,,,,,,
"AYW00087701","1965-01-25","-72.29444","170.30833","5.2","ADARE HALLETT, AY","    0",",,X","    0",",,X","    0","T,,X","   28",",,X","  -33",",,X",,,,," 1406",",,X","  113","W,,X","  129",",,X",,,,,,,,,,,,
"AYW00087701","1965-01-26","-72.29444","170.30833","5.2","ADARE HALLETT, AY","    0",",,X","    0",",,X","    0","T,,X","   11",",,X","  -39",",,X",,,,," 0206",",,X","  180","W,,X","   77",",,X",,,,,,,,,,,,
"AYW00087701","1965-01-27","-72.29444","170.30833","5.2","ADARE HALLETT, AY","    0",",,X","    0",",,X","    0","T,,X","   17",",,X","  -39",",,X",,,,," 2300",",,X","  158","W,,X","  139",",,X",,,,,,,,,,,,
"AYW00087701","1965-01-28","-72.29444","170.30833","5.2","ADARE HALLETT, AY","    0",",,X","    0",",,X","    0","T,,X","   17",",,X","  -28",",,X",,,,," 1154",",,X","  158","W,,X","  139",",,X",,,,,,,,,,,,
"AYW00087701","1965-01-29","-72.29444","170.30833","5.2","ADARE HALLETT, AY","    0",",,X","    0",",,X","    0","T,,X","   28",",,X","  -17",",,X",,,,," 1448",",,X","  180","W,,X","  170",",,X",,,,,,,,,,,,
"AYW00087701","1965-01-30","-72.29444","170.30833","5.2","ADARE HALLETT, AY","    0",",,X","    0",",,X","    0","T,,X","   22",",,X","  -22",",,X",,,,," 0248",",,X","  180","W,,X","  180",",,X",,,,,,,,,,,,
"AYW00087701","1965-01-31","-72.29444","170.30833","5.2","ADARE HALLETT, AY","    0",",,X","    0",",,X","    0","T,,X","   11",",,X","  -22",",,X",,,,," 2324",",,X","  180","W,,X","  175",",,X",,,,,,,,,,,,
"AYW00087701","1965-06-01","-72.29444","170.30833","5.2","ADARE HALLETT, AY","    0",",,X",,,,,,,,,,,,,,,,,,,,,,,,,,,,,,
"AYW00087701","1965-10-06","-72.29444","170.30833","5.2","ADARE HALLETT, AY","    0",",,X","    0",",,X","    0",",,X"," -172",",,X"," -256",",,X",,,,," 1200",",,X","  158","W,,X","  175",",,X",,,,,,,,,,,,
"AYW00087701","1965-10-07","-72.29444","170.30833","5.2","ADARE HALLETT, AY","    0",",,X","    0",",,X","    0","T,,X"," -194",",,X"," -294",",,X",,,,," 1506",",,X","  113","W,,X","   82",",,X",,,,,,,,,,,,
"AYW00087701","1965-10-08","-72.29444","170.30833","5.2","ADARE HALLETT, AY","    0",",,X","    0",",,X","    0","T,,X"," -222",",,X"," -278",",,X",,,,," 1500",",,X","  203","W,,X","   26",",,X",,,,,,,,,,,,
"AYW00087701","1965-10-09","-72.29444","170.30833","5.2","ADARE HALLETT, AY","    0",",,X","    0",",,X","    0","T,,X"," -139",",,X"," -267",",,X",,,,," 1154",",,X","  180","W,,X","  144",",,X",,,,,,,"    1",",,X",,,,
"AYW00087701","1965-10-10","-72.29444","170.30833","5.2","ADARE HALLETT, AY","    0","T,,X","    0","T,,X","    0","T,,X"," -189",",,X"," -261",",,X",,,,," 0306",",,X","  203","W,,X","   31",",,X",,,,,,,,,,,"    1",",,X"
"AYW00087701","1965-10-11","-72.29444","170.30833","5.2","ADARE HALLETT, AY","    0",",,X","    0",",,X","    0","T,,X"," -150",",,X"," -233",",,X",,,,," 1954",",,X","  203","W,,X","   26",",,X",,,,,,,,,,,,
"AYW00087701","1965-10-12","-72.29444","170.30833","5.2","ADARE HALLETT, AY","    0","T,,X","    0","T,,X","    0","T,,X"," -183",",,X"," -233",",,X",,,,," 2054",",,X","  203","W,,X","   93",",,X",,,,,,,,,,,"    1",",,X"
"AYW00087701","1965-10-13","-72.29444","170.30833","5.2","ADARE HALLETT, AY","    0",",,X","    0",",,X","    0","T,,X"," -133",",,X"," -228",",,X",,,,," 0554",",,X","  225","W,,X","  200",",,X",,,,,,,"    1",",,X",,,,
"AYW00087701","1965-10-14","-72.29444","170.30833","5.2","ADARE HALLETT, AY","    0",",,X","    0",",,X","    0","T,,X"," -106",",,X"," -233",",,X",,,,," 0330",",,X","  203","W,,X","   41",",,X",,,,,,,,,,,,
"AYW00087701","1965-10-15","-72.29444","170.30833","5.2","ADARE HALLETT, AY","    0",",,X","    0",",,X","    0","T,,X"," -133",",,X"," -233",",,X",,,,," 1512",",,X","  225","W,,X","   36",",,X",,,,,,,,,,,,
"AYW00087701","1965-10-16","-72.29444","170.30833","5.2","ADARE HALLETT, AY","    0",",,X","    0",",,X","    0","T,,X"," -133",",,X"," -233",",,X",,,,," 2036",",,X","  225","W,,X","   31",",,X",,,,,,,,,,,,
"AYW00087701","1965-10-17","-72.29444","170.30833","5.2","ADARE HALLETT, AY","    0",",,X","    0",",,X","    0","T,,X"," -117",",,X"," -200",",,X",,,,," 2242",",,X","  203","W,,X","   46",",,X",,,,,,,,,,,,
"AYW00087701","1965-10-18","-72.29444","170.30833","5.2","ADARE HALLETT, AY","   56",",,X","   56",",,X","   51",",,X","  -94",",,X"," -189",",,X",,,,," 1442",",,X","  293","W,,X","   15",",,X",,,,,,,,,,,"    1",",,X"
"AYW00087701","1965-10-19","-72.29444","170.30833","5.2","ADARE HALLETT, AY","    0",",,X","    0",",,X","   51",",,X"," -133",",,X"," -239",",,X",,,,," 2306",",,X","  360","W,,X","   51",",,X",,,,,,,,,,,,
"AYW00087701","1965-10-20","-72.29444","170.30833","5.2","ADARE HALLETT, AY","    0",",,X","    0",",,X","    0","T,I,X"," -128",",,X"," -161",",,X",,,,," 1330",",,X","  203","W,,X","  252",",,X",,,,,,,"    1",",,X",,,,
"AYW00087701","1965-10-21","-72.29444","170.30833","5.2","ADARE HALLETT, AY","    3",",,X","   25",",I,X","   76",",I,X"," -100",",,X"," -150",",,X",,,,," 0848",",,X","  180","W,,X","  360",",,X",,,,,,,"    1",",,X",,,"    1",",,X"
"AYW00087701","1965-10-22","-72.29444","170.30833","5.2","ADARE HALLETT, AY","   13",",,X","   13",",,X","  102",",,X","  -89",",,X"," -122",",,X",,,,," 1018",",,X","  158","W,,X","  267",",,X",,,,,,,"    1",",,X",,,"    1",",,X"
"AYW00087701","1965-10-23","-72.29444","170.30833","5.2","ADARE HALLETT, AY","    0",",,X","    0",",,X","  102",",,X","  -44",",,X"," -106",",,X",,,,," 0636",",,X","  180","W,,X","  319",",,X",,,,,,,"    1",",,X",,,,
"AYW00087701","1965-10-24","-72.29444","170.30833","5.2","ADARE HALLETT, AY","    0",",,X","    0",",,X","   76",",,X","  -50",",,X"," -117",",,X",,,,," 0254",",,X","  158","W,,X","  216",",,X",,,,,,,,,,,,
"AYW00087701","1965-10-25","-72.29444","170.30833","5.2","ADARE HALLETT, AY","    0",",,X","    0",",,X","   76",",,X","  -67",",,X"," -156",",,X",,,,," 2312",",,X","  203","W,,X","   31",",,X",,,,,,,,,,,,
"AYW00087701","1965-10-26","-72.29444","170.30833","5.2","ADARE HALLETT, AY","    0","T,,X","    0","T,,X","   76",",,X"," -100",",,X"," -178",",,X",,,,," 2236",",,X","  315","W,,X","   31",",,X",,,,,,,,,,,"    1",",,X"
"AYW00087701","1965-10-27","-72.29444","170.30833","5.2","ADARE HALLETT, AY","    0","T,,X","    0","T,,X","   76",",,X"," -106",",,X"," -133",",,X",,,,," 0412",",,X","  203","W,,X","   41",",,X",,,,,,,,,,,"    1",",,X"
"AYW00087701","1965-10-28","-72.29444","170.30833","5.2","ADARE HALLETT, AY","   13",",,X","   13",",,X","  102",",,X","  -78",",,X"," -139",",,X",,,,," 2306",",,X","  203","W,,X","   87",",,X",,,,,,,,,,,"    1",",,X"
"AYW00087701","1965-10-29","-72.29444","170.30833","5.2","ADARE HALLETT, AY","    0",",,X","    0",",,X","  102",",,X"," -100",",,X"," -139",",,X",,,,," 2218",",,X","  180","W,,X","  103",",,X",,,,,,,,,,,,
"AYW00087701","1965-10-30","-72.29444","170.30833","5.2","ADARE HALLETT, AY","    0",",,X","    0",",,X","  102",",,X","  -94",",,X"," -161",",,X",,,,," 2130",",,X","  180","W,,X","  190",",,X",,,,,,,,,,,,
"AYW00087701","1965-10-31","-72.29444","170.30833","5.2","ADARE HALLETT, AY","    0",",,X","    0",",,X","  102",",,X"," -133",",,X"," -161",",,X",,,,," 1924",",,X","  158","W,,X","  278",",,X",,,,,,,,,,,,
"AYW00087701","1965-11-01","-72.29444","170.30833","5.2","ADARE HALLETT, AY","    0",",,X","    0",",,X","   76",",,X"," -133",",,X"," -206",",,X",,,,," 0054",",,X","  203","W,,X","  149",",,X",,,,,,,"    1",",,X",,,,
"AYW00087701","1965-11-02","-72.29444","170.30833","5.2","ADARE HALLETT, AY","    0",",,X","    0",",,X","   76",",,X"," -128",",,X"," -217",",,X",,,,," 1924",",,X","  225","W,,X","   36",",,X",,,,,,,,,,,,
"AYW00087701","1965-11-03","-72.29444","170.30833","5.2","ADARE HALLETT, AY","    0","T,,X","    0","T,,X","   76",",,X"," -117",",,X"," -189",",,X",,,,," 1836",",,X","  203","W,,X","  118",",,X","    1",",,X",,,"    1",",,X",,,,,"    1",",,X"
"AYW00087701","1965-11-04","-72.29444","170.30833","5.2","ADARE HALLETT, AY","    0",",,X","    0",",,X","   51",",,X"," -100",",,X"," -161",",,X",,,,," 0754",",,X","  158","W,,X","  180",",,X",,,,,,,,,,,,
"AYW00087701","1965-11-05","-72.29444","170.30833","5.2","ADARE HALLETT, AY","    0",",,X","    0",",,X","   25",",,X","  -50",",,X"," -100",",,X",,,,," 0354",",,X","  158","W,,X","  211",",,X",,,,,,,,,,,,
"AYW00087701","1965-11-06","-72.29444","170.30833","5.2","ADARE HALLETT, AY","    0",",,X","    0",",,X","   25",",,X","  -78",",,X"," -156",",,X",,,,," 0000",",,X","  248","W,,X","   67",",,X",,,,,,,,,,,,
"AYW00087701","1965-11-07","-72.29444","170.30833","5.2","ADARE HALLETT, AY","    0",",,X","    0",",,X","   25",",,X","  -94",",,X"," -167",",,X",,,,," 0800",",,X",,,"   77",",,X","    1",",,X",,,,,,,,,,
"AYW00087701","1965-11-08","-72.29444","170.30833","5.2","ADARE HALLETT, AY","    5",",,X","    5",",,X","   25",",,X","  -89",",,X"," -167",",,X",,,,," 0536",",,X","  270","W,,X","   36",",,X",,,,,,,,,,,"    1",",,X"
"AYW00087701","1965-11-09","-72.29444","170.30833","5.2","ADARE HALLETT, AY","    0",",,X","    0",",,X","   25",",,X","  -83",",,X"," -172",",,X",,,,," 2300",",,X","  315","W,,X","   67",",,X",,,,,,,,,,,,
"AYW00087701","1965-11-10","-72.29444","170.30833","5.2","ADARE HALLETT, AY","    0",",,X","    0",",,X","    0","T,,X","  -50",",,X"," -100",",,X",,,,," 1954",",,X","   90","W,,X","   67",",,X",,,,,,,,,,,,
"AYW00087701","1965-11-11","-72.29444","170.30833","5.2","ADARE HALLETT, AY","    0","T,,X","    0","T,,X","    0","T,,X","  -56",",,X","  -83",",,X",,,,," 1442",",,X","  158","W,,X","   62",",,X",,,,,,,,,,,"    1",",,X"
"AYW00087701","1965-11-12","-72.29444","170.30833","5.2","ADARE HALLETT, AY","    8",",,X","    8",",,X","   25",",,X","  -67",",,X"," -106",",,X",,,,," 1854",",,X","   90","W,,X","  129",",,X",,,,,,,,,,,"    1",",,X"
"AYW00087701","1965-11-13","-72.29444","170.30833","5.2","ADARE HALLETT, AY","    0",",,X","    0",",,X","   25",",,X","  -72",",,X"," -122",",,X",,,,," 0642",",,X","  158","W,,X","   62",",,X",,,,,,,,,,,,
"AYW00087701","1965-11-14","-72.29444","170.30833","5.2","ADARE HALLETT, AY","    0","T,,X","    0","T,,X","   25",",,X","  -72",",,X"," -122",",,X",,,,," 1448",",,X","   90","W,,X","   51",",,X",,,,,,,,,,,"    1",",,X"
"AYW00087701","1965-11-15","-72.29444","170.30833","5.2","ADARE HALLETT, AY","    0","T,,X","    0","T,,X","   25",",,X","  -72",",,X"," -128",",,X",,,,," 0236",",,X","  225","W,,X","   41",",,X",,,,,,,,,,,"    1",",,X"
"AYW00087701","1965-11-16","-72.29444","170.30833","5.2","ADARE HALLETT, AY","    0",",,X","    0",",,X","   25",",,X","  -67",",,X"," -128",",,X",,,,," 2048",",,X","  180","W,,X","  180",",,X",,,,,,,,,,,,
"AYW00087701","1965-11-17","-72.29444","170.30833","5.2","ADARE HALLETT, AY","    0",",,X","    0",",,X","   25",",,X","  -72",",,X"," -139",",,X",,,,," 0548",",,X","  225","W,,X","   41",",,X",,,,,,,,,,,,
"AYW00087701","1965-11-18","-72.29444","170.30833","5.2","ADARE HALLETT, AY","    0",",,X","    0",",,X","    0","T,,X","  -44",",,X"," -122",",,X",,,,," 0848",",,X","  225","W,,X","   77",",,X",,,,,,,,,,,,
"AYW00087701","1965-11-19","-72.29444","170.30833","5.2","ADARE HALLETT, AY","    0",",,X","    0",",,X","    0","T,,X","  -33",",,X"," -122",",,X",,,,," 0430",",,X","  180","W,,X","  103",",,X",,,,,,,,,,,,
"AYW00087701","1965-11-20","-72.29444","170.30833","5.2","ADARE HALLETT, AY","    0",",,X","    0",",,X","    0","T,,X","  -56",",,X"," -128",",,X",,,,," 2348",",,X","  270","W,,X","   15",",,X",,,,,,,,,,,,
"AYW00087701","1965-11-21","-72.29444","170.30833","5.2","ADARE HALLETT, AY","   25",",,X","   25",",,X","   25",",,X","  -56",",,X"," -117",",,X",,,,," 0942",",,X","   90","W,,X","   93",",,X",,,,,,,,,,,"    1",",,X"
"AYW00087701","1965-11-22","-72.29444","170.30833","5.2","ADARE HALLETT, AY","   30",",,X","   30",",,X","   51",",,X","  -72",",,X","  -83",",,X",,,,," 2348",",,X","  180","W,,X","  180",",,X",,,,,,,"    1",",,X",,,"    1",",,X"
"AYW00087701","1965-11-23","-72.29444","170.30833","5.2","ADARE HALLETT, AY","    0",",,X","    0",",,X","   25",",,X","  -33",",,X","  -78",",,X",,,,," 1748",",,X","  180","W,,X","  272",",,X",,,,,,,"    1",",,X",,,,
"AYW00087701","1965-11-24","-72.29444","170.30833","5.2","ADARE HALLETT, AY","    0",",,X","    0",",,X","   25",",,X","  -22",",,X","  -56",",,X",,,,," 0848",",,X","  180","W,,X","  185",",,X",,,,,,,,,,,,
"AYW00087701","1965-11-25","-72.29444","170.30833","5.2","ADARE HALLETT, AY","    0",",,X","    0",",,X","   25",",,X","  -11",",,X","  -72",",,X",,,,," 0848",",,X","  180","W,,X","  185",",,X",,,,,,,,,,,,
"AYW00087701","1965-11-26","-72.29444","170.30833","5.2","ADARE HALLETT, AY","    0",",,X","    0",",,X","   25",",,X","  -28",",,X"," -111",",,X",,,,," 1448",",,X","  315","W,,X","   15",",,X",,,,,,,,,,,,
"AYW00087701","1965-11-27","-72.29444","170.30833","5.2","ADARE HALLETT, AY","   10",",,X","   10",",,X","   25",",,X","  -17",",,X","  -89",",,X",,,,,,,,,,,,,,,,,,,,,"    1",",,X"
"AYW00087701","1965-11-28","-72.29444","170.30833","5.2","ADARE HALLETT, AY","   38",",,X","   38",",,X","   51",",,X","  -33",",,X","  -56",",,X",,,,," 1748",",,X","  180","W,,X","  226",",,X",,,,,,,"    1",",,X",,,"    1",",,X"
"AYW00087701","1965-11-29","-72.29444","170.30833","5.2","ADARE HALLETT, AY","   28",",,X","   28",",,X","   51",",,X","    0",",,X","  -33",",,X",,,,," 2348",",,X","  180","W,,X","   82",",,X",,,,,,,"    1",",,X",,,"    1",",,X"
"AYW00087701","1965-11-30","-72.29444","170.30833","5.2","ADARE HALLETT, AY","   46",",,X","   46",",,X","  127",",,X","  -11",",,X","  -33",",,X",,,,," 1948",",,X","  180","W,,X","  303",",,X",,,,,,,"    1",",,X",,,"    1",",,X"
"AYW00087701","1965-12-01","-72.29444","170.30833","5.2","ADARE HALLETT, AY","   25",",,X","   25",",,X","   76",",,X","  -28",",,X","  -44",",,X",,,,,,,,,,,,,,,,,"    1",",,X",,,"    1",",,X"
"AYW00087701","1965-12-02","-72.29444","170.30833","5.2","ADARE HALLETT, AY","    0",",,X","    0",",,X","   76",",,X","  -17",",,X","  -44",",,X",,,,," 1200",",,X","  180","W,,X","  206",",,X",,,,,,,,,,,,
"AYW00087701","1965-12-03","-72.29444","170.30833","5.2","ADARE HALLETT, AY","    0","T,,X","    0","T,,X","   76",",,X","  -17",",,X","  -61",",,X",,,,," 2106",",,X","   90","W,,X","   46",",,X",,,,,,,,,,,"    1",",,X"
"AYW00087701","1965-12-04","-72.29444","170.30833","5.2","ADARE HALLETT, AY","    0","T,,X","    0","T,,X","   51",",,X","  -44",",,X","  -72",",,X",,,,," 1506",",,X","  203","W,,X","  113",",,X",,,,,,,,,,,"    1",",,X"
"AYW00087701","1965-12-05","-72.29444","170.30833","5.2","ADARE HALLETT, AY","    0",",,X","    0",",,X","   51",",,X","   -6",",,X","  -72",",,X",,,,," 1154",",,X","  180","W,,X","  185",",,X",,,,,,,,,,,,
"AYW00087701","1965-12-06","-72.29444","170.30833","5.2","ADARE HALLETT, AY","    0","T,,X","    0","T,,X","   51",",,X","   22",",,X","  -28",",,X",,,,," 2342",",,X","  180","W,,X","  226",",,X",,,,,,,,,,,"    1",",,X"
"AYW00087701","1965-12-07","-72.29444","170.30833","5.2","ADARE HALLETT, AY","   43",",,X","   43",",,X","   51",",,X","   22",",,X","  -11",",,X",,,,," 0900",",,X","  180","W,,X","  247",",,X",,,,,,,"    1",",,X",,,"    1",",,X"
"AYW00087701","1965-12-08","-72.29444","170.30833","5.2","ADARE HALLETT, AY","    0","T,,X","    0","T,,X","   51",",,X","    0",",,X","  -17",",,X",,,,," 1430",",,X","  180","W,,X","  226",",,X",,,,,,,,,,,"    1",",,X"
"AYW00087701","1965-12-09","-72.29444","170.30833","5.2","ADARE HALLETT, AY","    0",",,X","    0",",,X","   51",",,X","    0",",,X","  -22",",,X",,,,," 0630",",,X","  180","W,,X","  252",",,X",,,,,,,,,,,,
"AYW00087701","1965-12-10","-72.29444","170.30833","5.2","ADARE HALLETT, AY","    0",",,X","    0",",,X","   51",",,X","    6",",,X","  -33",",,X",,,,," 0830",",,X","  180","W,,X","  144",",,X",,,,,,,,,,,,
"AYW00087701","1965-12-11","-72.29444","170.30833","5.2","ADARE HALLETT, AY","    0","T,,X","    0","T,,X","   25",",,X","    6",",,X","  -56",",,X",,,,," 0030",",,X","   90","W,,X","   51",",,X",,,,,,,,,,,"    1",",,X"
"AYW00087701","1965-12-12","-72.29444","170.30833","5.2","ADARE HALLETT, AY","    0","T,,X","    0","T,,X","   25",",,X","  -11",",,X","  -39",",,X",,,,," 1054",",,X","   90","W,,X","   87",",,X",,,,,,,,,,,"    1",",,X"
"AYW00087701","1965-12-13","-72.29444","170.30833","5.2","ADARE HALLETT, AY","    0",",,X","    0",",,X","   25",",,X","    6",",,X","  -39",",,X",,,,," 1736",",,X","  270","W,,X","   57",",,X",,,,,,,,,,,,
"AYW00087701","1965-12-14","-72.29444","170.30833","5.2","ADARE HALLETT, AY","    0",",,X","    0",",,X","   25",",,X","    0",",,X","  -89",",,X",,,,,,,,,,,,,,,,,,,,,,
"AYW00087701","1965-12-15","-72.29444","170.30833","5.2","ADARE HALLETT, AY","    0","T,,X","    0","T,,X","   25",",,X","    6",",,X","  -56",",,X",,,,," 1500",",,X",,,"   98",",,X",,,,,,,,,,,"    1",",,X"
"AYW00087701","1965-12-16","-72.29444","170.30833","5.2","ADARE HALLETT, AY","    0",",,X","    0",",,X","   25",",,X","   17",",,X","  -39",",,X",,,,,,,,,,,,,,,,,,,,,,
"AYW00087701","1965-12-17","-72.29444","170.30833","5.2","ADARE HALLETT, AY","    0",",,X","    0",",,X","   25",",,X","  -17",",,X","  -61",",,X",,,,," 1800",",,X","   45","W,,X","   21",",,X","    1",",,X",,,,,,,,,,
"AYW00087701","1965-12-18","-72.29444","170.30833","5.2","ADARE HALLETT, AY","    0","T,,X","    0","T,,X","   25",",,X","   11",",,X","  -39",",,X",,,,," 1618",",,X","  180","W,,X","  242",",,X",,,,,,,,,,,"    1",",,X"
"AYW00087701","1965-12-19","-72.29444","170.30833","5.2","ADARE HALLETT, AY","    0","T,,X","    0","T,,X","   25",",,X","   -6",",,X","  -22",",,X",,,,," 2306",",,X","  180","W,,X","  231",",,X",,,,,,,"    1",",,X",,,"    1",",,X"
"AYW00087701","1965-12-20","-72.29444","170.30833","5.2","ADARE HALLETT, AY","    0","T,,X","    0","T,,X","   25",",,X","   11",",,X","  -17",",,X",,,,," 2230",",,X","  180","W,,X","  298",",,X",,,,,,,"    1",",,X",,,"    1",",,X"
"AYW00087701","1965-12-21","-72.29444","170.30833","5.2","ADARE HALLETT, AY","    0","T,,X","    0","T,,X","   25",",,X","   28",",,X","    0",",,X",,,,," 0554",",,X","  360","W,,X","  283",",,X",,,,,,,,,,,"    1",",,X"
"AYW00087701","1965-12-22","-72.29444","170.30833","5.2","ADARE HALLETT, AY","    0","T,,X","    0","T,,X","   25",",,X","   22",",,X","    0",",,X",,,,," 0724",",,X","  360","W,,X","   77",",,X",,,,,,,,,,,"    1",",,X"
"AYW00087701","1965-12-23","-72.29444","170.30833","5.2","ADARE HALLETT, AY","    0",",,X","    0",",,X","   25",",,X","   33",",,X","  -11",",,X",,,,,,,,,,,,,,,,,,,,,,
"AYW00087701","1965-12-24","-72.29444","170.30833","5.2","ADARE HALLETT, AY","    0",",,X","    0",",,X","    0","T,,X","   22",",,X","  -28",",,X",,,,," 1512",",,X","   90","W,,X","  108",",,X",,,,,,,,,,,,
"AYW00087701","1965-12-25","-72.29444","170.30833","5.2","ADARE HALLETT, AY","    0",",,X","    0",",,X","   25",",,X","   11",",,X","  -39",",,X",,,,," 1330",",,X","   90","W,,X","  123",",,X",,,,,,,,,,,,
"AYW00087701","1965-12-26","-72.29444","170.30833","5.2","ADARE HALLETT, AY","    0","T,,X","    0","T,,X","    0","T,,X","    0",",,X","  -17",",,X",,,,," 0700",",,X","  203","W,,X","   93",",,X",,,,,,,,,,,"    1",",,X"
"AYW00087701","1965-12-27","-72.29444","170.30833","5.2","ADARE HALLETT, AY","    0",",,X","    0",",,X","    0","T,,X","    6",",,X","  -22",",,X",,,,," 0800",",,X","   45","W,,X","   41",",,X",,,,,,,,,,,,
"AYW00087701","1965-12-28","-72.29444","170.30833","5.2","ADARE HALLETT, AY","    0",",,X","    0",",,X","    0","T,,X","   17",",,X","  -33",",,X",,,,," 1630",",,X","  113","W,,X","   72",",,X",,,,,,,,,,,,
"AYW00087701","1965-12-29","-72.29444","170.30833","5.2","ADARE HALLETT, AY","    0",",,X","    0",",,X","    0","T,,X","   22",",,X","   -6",",,X",,,,," 1854",",,X","  225","W,,X","   57",",,X",,,,,,,,,,,,
"AYW00087701","1965-12-30","-72.29444","170.30833","5.2","ADARE HALLETT, AY","    0",",,X","    0",",,X","    0","T,,X","   17",",,X","  -11",",,X",,,,," 1836",",,X","  360","W,,X","   46",",,X",,,,,,,,,,,,
"AYW00087701","1965-12-31","-72.29444","170.30833","5.2","ADARE HALLETT, AY","    0",",,X","    0",",,X","    0","T,,X","   11",",,X","  -11",",,X",,,,,,,,,,,,,,,,,,,,,,
"AYW00087701","1966-01-01","-72.29444","170.30833","5.2","ADARE HALLETT, AY","    0",",,X","    0",",,X","    0","T,,X","   17",",,X","  -17",",,X",,,,," 1600",",,X","  180","W,,X","   36",",,X",,,,,,,,,,,,
"AYW00087701","1966-01-02","-72.29444","170.30833","5.2","ADARE HALLETT, AY","    0","T,,X","    0","T,,X","    0","T,,X","    6",",,X","  -11",",,X",,,,," 1042",",,X","  360","W,,X","   41",",,X",,,,,,,,,,,"    1",",,X"
"AYW00087701","1966-01-03","-72.29444","170.30833","5.2","ADARE HALLETT, AY","    0","T,,X","    0","T,,X","    0","T,,X","   28",",,X","  -11",",,X",,,,," 1148",",,X","  203","W,,X","   26",",,X","    1",",,X",,,,,,,,,"    1",",,X"
"AYW00087701","1966-01-04","-72.29444","170.30833","5.2","ADARE HALLETT, AY","    0",",,X","    0",",,X","    0","T,,X","   17",",,X","  -11",",,X",,,,," 1506",",,X","  270","W,,X","   36",",,X",,,,,,,,,,,,
"AYW00087701","1966-01-05","-72.29444","170.30833","5.2","ADARE HALLETT, AY","    0","T,,X","    0","T,,X","    0","T,,X","   22",",,X","  -22",",,X",,,,," 1730",",,X","   45","W,,X","   36",",,X",,,,,,,,,,,"    1",",,X"
"AYW00087701","1966-01-06","-72.29444","170.30833","5.2","ADARE HALLETT, AY","    0","T,,X","    0","T,,X","    0","T,,X","    6",",,X","  -17",",,X",,,,," 1442",",,X","  360","W,,X","   57",",,X",,,,,,,,,,,"    1",",,X"
"AYW00087701","1966-01-07","-72.29444","170.30833","5.2","ADARE HALLETT, AY","    0","T,,X","    0","T,,X","    0","T,,X","    6",",,X","  -17",",,X",,,,," 1818",",,X","  180","W,,X","   21",",,X",,,,,,,,,,,"    1",",,X"
"AYW00087701","1966-01-08","-72.29444","170.30833","5.2","ADARE HALLETT, AY","    0",",,X","    0",",,X","    0","T,,X","   17",",,X","  -17",",,X",,,,," 1806",",,X","   23","W,,X","   51",",,X",,,,,,,,,,,,
"AYW00087701","1966-01-09","-72.29444","170.30833","5.2","ADARE HALLETT, AY","    0","T,,X","    0","T,,X","    0","T,,X","   11",",,X","   -6",",,X",,,,," 2000",",,X","   23","W,,X","   31",",,X",,,,,,,,,,,"    1",",,X"
"AYW00087701","1966-01-10","-72.29444","170.30833","5.2","ADARE HALLETT, AY","    0",",,X","    0",",,X","    0","T,,X","   17",",,X","  -22",",,X",,,,," 1330",",,X","   23","W,,X","   51",",,X",,,,,,,,,,,,
"AYW00087701","1966-01-11","-72.29444","170.30833","5.2","ADARE HALLETT, AY","    0",",,X","    0",",,X","    0","T,,X","   22",",,X","  -11",",,X",,,,," 1530",",,X","   90","W,,X","   72",",,X",,,,,,,,,,,,
"AYW00087701","1966-01-12","-72.29444","170.30833","5.2","ADARE HALLETT, AY","    0","T,,X","    0","T,,X","    0","T,,X","    0",",,X","  -28",",,X",,,,," 2336",",,X","  180","W,,X","   67",",,X",,,,,,,,,,,"    1",",,X"
"AYW00087701","1966-01-13","-72.29444","170.30833","5.2","ADARE HALLETT, AY","    0","T,,X","    0","T,,X","    0","T,,X","   11",",,X","  -28",",,X",,,,," 0406",",,X","  180","W,,X","  113",",,X",,,,,,,,,,,"    1",",,X"
"AYW00087701","1966-01-14","-72.29444","170.30833","5.2","ADARE HALLETT, AY","    0","T,,X","    0","T,,X","    0","T,,X","  -11",",,X","  -28",",,X",,,,," 1536",",,X","  315","W,,X","   41",",,X",,,,,,,,,,,"    1",",,X"
"AYW00087701","1966-01-15","-72.29444","170.30833","5.2","ADARE HALLETT, AY","    0","T,,X","    0","T,,X","    0","T,,X","    0",",,X","  -33",",,X",,,,," 0300",",,X","  180","W,,X","   51",",,X",,,,,,,,,,,"    1",",,X"
"AYW00087701","1966-01-16","-72.29444","170.30833","5.2","ADARE HALLETT, AY","    0","T,,X","    0","T,,X","    0","T,,X","  -11",",,X","  -33",",,X",,,,," 2354",",,X","  180","W,,X","  257",",,X",,,,,,,,,,,"    1",",,X"
"AYW00087701","1966-01-17","-72.29444","170.30833","5.2","ADARE HALLETT, AY","    0","T,,X","    0","T,,X","    0","T,,X","    6",",,X","  -33",",,X",,,,," 0236",",,X","  180","W,,X","  247",",,X",,,,,,,"    1",",,X",,,"    1",",,X"
"AYW00087701","1966-01-18","-72.29444","170.30833","5.2","ADARE HALLETT, AY","    0",",,X","    0",",,X","    0","T,,X","  -11",",,X","  -39",",,X",,,,," 0048",",,X","  180","W,,X","   93",",,X",,,,,,,,,,,,
"AYW00087701","1966-01-19","-72.29444","170.30833","5.2","ADARE HALLETT, AY","    0","T,,X","    0","T,,X","    0","T,,X","    0",",,X","  -33",",,X",,,,," 2130",",,X","   90","W,,X","   77",",,X",,,,,,,,,,,"    1",",,X"
"AYW00087701","1966-01-20","-72.29444","170.30833","5.2","ADARE HALLETT, AY","   25",",,X","   25",",,X","   25",",,X","  -22",",,X","  -44",",,X",,,,," 1236",",,X","  315","W,,X","   51",",,X",,,,,,,,,,,"    1",",,X"
"AYW00087701","1966-01-21","-72.29444","170.30833","5.2","ADARE HALLETT, AY","    0","T,,X","    0","T,,X","    0","T,,X","  -17",",,X","  -39",",,X",,,,," 1906",",,X","  180","W,,X","  134",",,X",,,,,,,,,,,"    1",",,X"
"AYW00087701","1966-01-22","-72.29444","170.30833","5.2","ADARE HALLETT, AY","  203",",,X","  203",",,X","  203",",,X","  -11",",,X","  -28",",,X",,,,," 1906",",,X","   90","W,,X","  118",",,X",,,,,,,,,,,"    1",",,X"
"AYW00087701","1966-01-23","-72.29444","170.30833","5.2","ADARE HALLETT, AY","    3",",,X","    3",",,X","  127",",,X","  -11",",,X","  -39",",,X",,,,," 0330",",,X","   90","W,,X","  103",",,X",,,,,,,,,,,"    1",",,X"
"AYW00087701","1966-01-24","-72.29444","170.30833","5.2","ADARE HALLETT, AY","    0",",,X","    0",",,X","   76",",,X","    0",",,X","  -56",",,X",,,,," 0700",",,X","  180","W,,X","   41",",,X",,,,,,,,,,,,
"AYW00087701","1966-01-25","-72.29444","170.30833","5.2","ADARE HALLETT, AY","    0",",,X","    0",",,X","   25",",,X","    0",",,X","  -44",",,X",,,,," 0306",",,X","  248","W,,X","   41",",,X",,,,,,,,,,,,
"AYW00087701","1966-01-26","-72.29444","170.30833","5.2","ADARE HALLETT, AY","    0",",,X","    0",",,X","    0","T,,X","    0",",,X","  -33",",,X",,,,," 2118",",,X","  270","W,,X","   31",",,X",,,,,,,,,,,,
"AYW00087701","1966-01-27","-72.29444","170.30833","5.2","ADARE HALLETT, AY","    0","T,,X","    0","T,,X","    0","T,,X","   11",",,X","  -22",",,X",,,,," 1348",",,X","   90","W,,X","  129",",,X",,,,,,,,,,,"    1",",,X"
"AYW00087701","1966-01-28","-72.29444","170.30833","5.2","ADARE HALLETT, AY","    0","T,,X","    0","T,,X","    0","T,,X","   -6",",,X","  -33",",,X",,,,," 0300",",,X","   90","W,,X","   82",",,X",,,,,,,,,,,"    1",",,X"
"AYW00087701","1966-01-29","-72.29444","170.30833","5.2","ADARE HALLETT, AY","    0",",,X","    0",",,X","    0","T,,X","    6",",,X","  -28",",,X",,,,," 2054",",,X","  180","W,,X","   21",",,X",,,,,,,,,,,,
"AYW00087701","1966-01-30","-72.29444","170.30833","5.2","ADARE HALLETT, AY","    0",",,X","    0",",,X","    0","T,,X","    6",",,X","  -39",",,X",,,,," 0906",",,X","  180","W,,X","   26",",,X",,,,,,,,,,,,
"AYW00087701","1966-01-31","-72.29444","170.30833","5.2","ADARE HALLETT, AY","    0",",,X","    0",",,X","    0","T,,X","   -6",",,X","  -28",",,X",,,,," 1142",",,X","  180","W,,X","   21",",,X",,,,,,,,,,,,
"AYW00087701","1966-02-01","-72.29444","170.30833","5.2","ADARE HALLETT, AY","    0","T,,X","    0","T,,X","    0","T,,X","   11",",,X","  -11",",,X",,,,," 1500",",,X","  180","W,,X","  134",",,X",,,,,,,,,,,"    1",",,X"
"AYW00087701","1966-02-02","-72.29444","170.30833","5.2","ADARE HALLETT, AY","    0",",,X","    0",",,X","    0","T,,X","   11",",,X","  -17",",,X",,,,," 1206",",,X","   90","W,,X","   77",",,X",,,,,,,,,,,,
"AYW00087701","1966-02-03","-72.29444","170.30833","5.2","ADARE HALLETT, AY","    0",",,X","    0",",,X","    0","T,,X","   -6",",,X","  -28",",,X",,,,," 1200",",,X","  180","W,,X","   67",",,X",,,,,,,,,,,,
"AYW00087701","1966-02-04","-72.29444","170.30833","5.2","ADARE HALLETT, AY","    0","T,,X","    0","T,,X","    0","T,,X","   -6",",,X","  -28",",,X",,,,," 1306",",,X","  180","W,,X","  149",",,X",,,,,,,,,,,"    1",",,X"
"AYW00087701","1966-02-05","-72.29444","170.30833","5.2","ADARE HALLETT, AY","    0",",,X","    0",",,X","    0","T,,X","  -22",",,X","  -44",",,X",,,,," 2106",",,X","  180","W,,X","   87",",,X",,,,,,,,,,,,
"AYW00087701","1966-02-06","-72.29444","170.30833","5.2","ADARE HALLETT, AY","    0","T,,X","    0","T,,X","    0","T,,X","  -33",",,X","  -56",",,X",,,,," 0500",",,X","  180","W,,X","   72",",,X",,,,,,,,,,,"    1",",,X"
"AYW00087701","1966-02-07","-72.29444","170.30833","5.2","ADARE HALLETT, AY","    0",",,X","    0",",,X","    0","T,,X","  -11",",,X","  -44",",,X",,,,," 2348",",,X","  225","W,,X","   93",",,X",,,,,,,,,,,,
"AYW00087701","1966-02-08","-72.29444","170.30833","5.2","ADARE HALLETT, AY","    0","T,,X","    0","T,,X","    0","T,,X","   -6",",,X","  -44",",,X",,,,," 2124",",,X","  180","W,,X","  180",",,X",,,,,,,,,,,"    1",",,X"
"AYW00087701","1966-02-09","-72.29444","170.30833","5.2","ADARE HALLETT, AY","    0","T,,X","    0","T,,X","    0","T,,X","   11",",,X","  -22",",,X",,,,," 0554",",,X","  180","W,,X","  236",",,X",,,,,,,"    1",",,X",,,"    1",",,X"
"AYW00087701","1966-02-10","-72.29444","170.30833","5.2","ADARE HALLETT, AY","    0",",,X","    0",",,X","    0","T,,X","    6",",,X","  -28",",,X",,,,," 0930",",,X","  180","W,,X","   72",",,X",,,,,,,,,,,,
"AYW00087701","1966-02-11","-72.29444","170.30833","5.2","ADARE HALLETT, AY","   25",",,X","   25",",,X","   25",",,X","  -22",",,X","  -28",",,X",,,,," 1154",",,X","  180","W,,X","  247",",,X",,,,,,,"    1",",,X",,,"    1",",,X"
"AYW00087701","1966-02-12","-72.29444","170.30833","5.2","ADARE HALLETT, AY","   25",",,X","   25",",,X","   51",",,X","    0",",,X","  -22",",,X",,,,," 1754",",,X","  180","W,,X","  272",",,X",,,,,,,"    1",",,X",,,"    1",",,X"
"AYW00087701","1966-02-13","-72.29444","170.30833","5.2","ADARE HALLETT, AY","    0",",,X","    0",",,X","   25",",,X","    6",",,X","  -22",",,X",,,,," 0330",",,X","  180","W,,X","  185",",,X",,,,,,,"    1",",,X",,,,
"AYW00087701","1966-02-14","-72.29444","170.30833","5.2","ADARE HALLETT, AY","    0","T,,X","    0","T,,X","    0","T,,X","  -11",",,X","  -56",",,X",,,,," 2236",",,X","  180","W,,X","  175",",,X",,,,,,,,,,,"    1",",,X"
"AYW00087701","1966-02-15","-72.29444","170.30833","5.2","ADARE HALLETT, AY","    0","T,,X","    0","T,,X","    0","T,,X","  -17",",,X","  -56",",,X",,,,," 0300",",,X","  180","W,,X","  185",",,X",,,,,,,"    1",",,X",,,"    1",",,X"
"AYW00087701","1966-02-16","-72.29444","170.30833","5.2","ADARE HALLETT, AY","    0",",,X","    0",",,X","    0","T,,X","   -6",",,X","  -56",",,X",,,,," 0300",",,X","  180","W,,X","  123",",,X",,,,,,,,,,,,
"AYW00087701","1966-02-17","-72.29444","170.30833","5.2","ADARE HALLETT, AY","    0","T,,X","    0","T,,X","    0","T,,X","  -28",",,X","  -39",",,X",,,,," 0006",",,X","   90","W,,X","   41",",,X",,,,,,,,,,,"    1",",,X"
"AYW00087701","1966-02-18","-72.29444","170.30833","5.2","ADARE HALLETT, AY","   18",",,X","   18",",,X","   25",",,X","  -33",",,X","  -61",",,X",,,,," 0054",",,X","  180","W,,X","   72",",,X",,,,,,,,,,,"    1",",,X"
"AYW00087701","1966-02-19","-72.29444","170.30833","5.2","ADARE HALLETT, AY","   36",",,X","   36",",,X","   76",",,X","  -39",",,X","  -61",",,X",,,,," 1554",",,X","  180","W,,X","   77",",,X",,,,,,,,,,,"    1",",,X"
"AYW00087701","1966-02-20","-72.29444","170.30833","5.2","ADARE HALLETT, AY","    0","T,,X","    0","T,,X","   51",",,X","  -33",",,X","  -89",",,X",,,,," 0312",",,X","  180","W,,X","   62",",,X",,,,,,,,,,,"    1",",,X"
"AYW00087701","1966-02-21","-72.29444","170.30833","5.2","ADARE HALLETT, AY","    0","T,,X","    0","T,,X","   51",",,X","  -39",",,X","  -78",",,X",,,,," 1112",",,X","  180","W,,X","  144",",,X",,,,,,,,,,,"    1",",,X"
"AYW00087701","1966-02-22","-72.29444","170.30833","5.2","ADARE HALLETT, AY","    0",",,X","    0",",,X","   25",",,X","  -44",",,X","  -61",",,X",,,,," 2130",",,X","  203","W,,X","  139",",,X",,,,,,,,,,,,
"AYW00087701","1966-02-23","-72.29444","170.30833","5.2","ADARE HALLETT, AY","    0",",,X","    0",",,X","   25",",,X","  -22",",,X","  -83",",,X",,,,," 1936",",,X","  158","W,,X","  103",",,X",,,,,,,,,,,,
"AYW00087701","1966-02-24","-72.29444","170.30833","5.2","ADARE HALLETT, AY","    3",",,X","    3",",,X","   25",",,X","  -22",",,X","  -61",",,X",,,,," 0024",",,X","  180","W,,X","  134",",,X",,,,,,,,,,,"    1",",,X"
"AYW00087701","1966-02-25","-72.29444","170.30833","5.2","ADARE HALLETT, AY","    3",",,X","    3",",,X","   51",",,X","  -44",",,X","  -67",",,X",,,,," 0000",",,X","  180","W,,X","   31",",,X",,,,,,,,,,,"    1",",,X"
"AYW00087701","1966-02-26","-72.29444","170.30833","5.2","ADARE HALLETT, AY","    0",",,X","    0",",,X","   51",",,X","  -50",",,X","  -72",",,X",,,,," 2242",",,X","  180","W,,X","   26",",,X",,,,,,,,,,,,
"AYW00087701","1966-06-01","-72.29444","170.30833","5.2","ADARE HALLETT, AY","    0",",,X",,,,,,,,,,,,,,,,,,,,,,,,,,,,,,
"AYW00087701","1966-10-04","-72.29444","170.30833","5.2","ADARE HALLETT, AY","    0","T,,X","    0","T,,X","   76",",,X"," -156",",,X"," -183",",,X",,,,," 1930",",,X","   90","W,,X","   36",",,X",,,,,,,,,,,"    1",",,X"
"AYW00087701","1966-10-05","-72.29444","170.30833","5.2","ADARE HALLETT, AY","    0","T,,X","    0","T,,X","   76",",,X"," -183",",,X"," -244",",,X",,,,," 1000",",,X","  158","W,,X","   46",",,X",,,,,,,,,,,"    1",",,X"
"AYW00087701","1966-10-06","-72.29444","170.30833","5.2","ADARE HALLETT, AY","    0","T,,X","    0","T,,X","   76",",,X"," -183",",,X"," -267",",,X",,,,," 1142",",,X",,,"   77",",,X",,,,,,,,,,,"    1",",,X"
"AYW00087701","1966-10-07","-72.29444","170.30833","5.2","ADARE HALLETT, AY","    0","T,,X","    0","T,,X","  102",",,X"," -100",",,X"," -267",",,X",,,,," 1106",",,X","  180","W,,X","  206",",,X",,,,,,,"    1",",,X",,,"    1",",,X"
"AYW00087701","1966-10-08","-72.29444","170.30833","5.2","ADARE HALLETT, AY","    0",",,X","    0",",,X","  102",",,X"," -144",",,X"," -233",",,X",,,,," 0230",",,X","  180","W,,X","  206",",,X",,,,,,,"    1",",,X",,,,
"AYW00087701","1966-10-09","-72.29444","170.30833","5.2","ADARE HALLETT, AY","    0",",,X","    0",",,X","  102",",,X"," -139",",,X"," -256",",,X",,,,," 0730",",,X","  225","W,,X","   26",",,X",,,,,,,,,,,,
"AYW00087701","1966-10-10","-72.29444","170.30833","5.2","ADARE HALLETT, AY","    0",",,X","    0",",,X","  102",",,X"," -172",",,X"," -261",",,X",,,,," 1100",",,X","  225","W,,X","   21",",,X",,,,,,,,,,,,
"AYW00087701","1966-10-11","-72.29444","170.30833","5.2","ADARE HALLETT, AY","    0","T,,X","    0","T,,X","  102",",,X"," -139",",,X"," -183",",,X",,,,," 0706",",,X","  203","W,,X","   26",",,X",,,,,,,,,,,"    1",",,X"
"AYW00087701","1966-10-12","-72.29444","170.30833","5.2","ADARE HALLETT, AY","    0",",,X","    0",",,X","  102",",,X"," -161",",,X"," -206",",,X",,,,," 1618",",,X","  225","W,,X","  149",",,X",,,,,,,,,,,,
"AYW00087701","1966-10-13","-72.29444","170.30833","5.2","ADARE HALLETT, AY","    0",",,X","    0",",,X","  102",",,X"," -178",",,X"," -250",",,X",,,,," 0118",",,X","  225","W,,X","   31",",,X",,,,,,,,,,,,
"AYW00087701","1966-10-14","-72.29444","170.30833","5.2","ADARE HALLETT, AY","    0","T,,X","    0","T,,X","  102",",,X"," -200",",,X"," -278",",,X",,,,," 0606",",,X","   45","W,,X","  113",",,X","    1",",,X",,,,,,,,,"    1",",,X"
"AYW00087701","1966-10-15","-72.29444","170.30833","5.2","ADARE HALLETT, AY","    0","T,,X","    0","T,,X","  102",",,X"," -172",",,X"," -244",",,X",,,,," 2348",",,X","  203","W,,X","  170",",,X","    1",",,X",,,,,"    1",",,X",,,"    1",",,X"
"AYW00087701","1966-10-16","-72.29444","170.30833","5.2","ADARE HALLETT, AY","    0",",,X","    0",",,X","  102",",,X"," -167",",,X"," -239",",,X",,,,," 0230",",,X","  180","W,,X","  185",",,X",,,,,,,"    1",",,X",,,,
"AYW00087701","1966-10-17","-72.29444","170.30833","5.2","ADARE HALLETT, AY","    0","T,,X","    0","T,,X","  102",",,X"," -178",",,X"," -250",",,X",,,,," 2100",",,X","  180","W,,X","  175",",,X",,,,,,,"    1",",,X",,,"    1",",,X"
"AYW00087701","1966-10-18","-72.29444","170.30833","5.2","ADARE HALLETT, AY","    0",",,X","    0",",,X","  102",",,X"," -172",",,X"," -200",",,X",,,,," 0700",",,X","  225","W,,X","  139",",,X",,,,,,,,,,,,
"AYW00087701","1966-10-19","-72.29444","170.30833","5.2","ADARE HALLETT, AY","    0",",,X","    0",",,X","  102",",,X"," -150",",,X"," -206",",,X",,,,," 0530",",,X","  225","W,,X","  149",",,X",,,,,,,,,,,,
"AYW00087701","1966-10-20","-72.29444","170.30833","5.2","ADARE HALLETT, AY","    0",",,X","    0",",,X","  102",",,X"," -139",",,X"," -211",",,X",,,,," 1512",",,X","  225","W,,X","   72",",,X",,,,,,,,,,,,
"AYW00087701","1966-10-21","-72.29444","170.30833","5.2","ADARE HALLETT, AY","    0",",,X","    0",",,X","  102",",,X"," -122",",,X"," -222",",,X",,,,," 0112",",,X","  248","W,,X","   62",",,X",,,,,,,,,,,,
"AYW00087701","1966-10-22","-72.29444","170.30833","5.2","ADARE HALLETT, AY","    0",",,X","    0",",,X","  102",",,X"," -122",",,X"," -189",",,X",,,,," 0512",",,X","  225","W,,X","   26",",,X",,,,,,,,,,,,
"AYW00087701","1966-10-23","-72.29444","170.30833","5.2","ADARE HALLETT, AY","    0",",,X","    0",",,X","  102",",,X"," -122",",,X"," -189",",,X",,,,," 0030",",,X","  203","W,,X","   36",",,X",,,,,,,,,,,,
"AYW00087701","1966-10-24","-72.29444","170.30833","5.2","ADARE HALLETT, AY","    0","T,,X","    0","T,,X","  102",",,X"," -122",",,X"," -217",",,X",,,,," 2236",",,X","  113","W,,X","   41",",,X",,,,,,,,,,,"    1",",,X"
"AYW00087701","1966-10-25","-72.29444","170.30833","5.2","ADARE HALLETT, AY","    0",",,X","    0",",,X","  102",",,X"," -139",",,X"," -189",",,X",,,,," 1700",",,X","  203","W,,X","   51",",,X",,,,,,,,,,,,
"AYW00087701","1966-10-26","-72.29444","170.30833","5.2","ADARE HALLETT, AY","    0","T,,X","    0","T,,X","  102",",,X"," -122",",,X"," -172",",,X",,,,," 2330",",,X","  135","W,,X","   93",",,X",,,,,,,,,,,"    1",",,X"
"AYW00087701","1966-10-27","-72.29444","170.30833","5.2","ADARE HALLETT, AY","    0","T,,X","    0","T,,X","  102",",,X"," -144",",,X"," -178",",,X",,,,," 1418",",,X","  180","W,,X","  154",",,X",,,,,,,,,,,"    1",",,X"
"AYW00087701","1966-10-28","-72.29444","170.30833","5.2","ADARE HALLETT, AY","    0","T,,X","    0","T,,X","  102",",,X"," -139",",,X"," -189",",,X",,,,," 2254",",,X","  225","W,,X","   36",",,X",,,,,,,,,,,"    1",",,X"
"AYW00087701","1966-10-29","-72.29444","170.30833","5.2","ADARE HALLETT, AY","    0",",,X","    0",",,X","  102",",,X"," -100",",,X"," -206",",,X",,,,," 2230",",,X","  203","W,,X","   67",",,X",,,,,,,,,,,,
"AYW00087701","1966-10-30","-72.29444","170.30833","5.2","ADARE HALLETT, AY","    0",",,X","    0",",,X","  102",",,X","  -78",",,X"," -167",",,X",,,,," 0500",",,X","  180","W,,X","   82",",,X",,,,,,,,,,,,
"AYW00087701","1966-10-31","-72.29444","170.30833","5.2","ADARE HALLETT, AY","    0",",,X","    0",",,X","  102",",,X","  -56",",,X"," -189",",,X",,,,," 2330",",,X","  180","W,,X","   98",",,X",,,,,,,,,,,,
"AYW00087701","1966-11-01","-72.29444","170.30833","5.2","ADARE HALLETT, AY","    0",",,X","    0",",,X","  102",",,X","  -61",",,X"," -139",",,X",,,,," 0518",",,X","  180","W,,X","  195",",,X",,,,,,,,,,,,
"AYW00087701","1966-11-02","-72.29444","170.30833","5.2","ADARE HALLETT, AY","    0",",,X","    0",",,X","  102",",,X","  -83",",,X"," -161",",,X",,,,," 1606",",,X","  248","W,,X","   21",",,X",,,,,,,,,,,,
"AYW00087701","1966-11-03","-72.29444","170.30833","5.2","ADARE HALLETT, AY","    0","T,,X","    0","T,,X","  102",",,X","  -61",",,X"," -128",",,X",,,,," 1630",",,X","  113","W,,X","   57",",,X",,,,,,,,,,,"    1",",,X"
"AYW00087701","1966-11-04","-72.29444","170.30833","5.2","ADARE HALLETT, AY","    0","T,,X","    0","T,,X","  102",",,X"," -106",",,X"," -183",",,X",,,,," 0618",",,X","  225","W,,X","   46",",,X",,,,,,,,,,,"    1",",,X"
"AYW00087701","1966-11-05","-72.29444","170.30833","5.2","ADARE HALLETT, AY","    0",",,X","    0",",,X","  102",",,X","  -89",",,X"," -200",",,X",,,,," 2142",",,X","  203","W,,X","  108",",,X",,,,,,,,,,,,
"AYW00087701","1966-11-06","-72.29444","170.30833","5.2","ADARE HALLETT, AY","    0",",,X","    0",",,X","  102",",,X","  -83",",,X"," -150",",,X","    0",",,X","    0",",,X"," 0254",",,X","  270","W,,X","   51",",,X",,,,,,,,,,,,
"AYW00087701","1966-11-07","-72.29444","170.30833","5.2","ADARE HALLETT, AY","    0","T,,X","    0","T,,X","  102",",,X","  -89",",,X"," -178",",,X",,,,," 2306",",,X","  225","W,,X","   31",",,X",,,,,,,,,,,"    1",",,X"
"AYW00087701","1966-11-08","-72.29444","170.30833","5.2","ADARE HALLETT, AY","    0","T,,X","    0","T,,X","  102",",,X","  -50",",,X"," -106",",,X",,,,," 2100",",,X","  180","W,,X","   93",",,X",,,,,,,,,,,"    1",",,X"
"AYW00087701","1966-11-09","-72.29444","170.30833","5.2","ADARE HALLETT, AY","    0","T,,X","    0","T,,X","  102",",,X","  -11",",,X"," -106",",,X",,,,," 0642",",,X","  180","W,,X","  129",",,X",,,,,,,,,,,"    1",",,X"
"AYW00087701","1966-11-10","-72.29444","170.30833","5.2","ADARE HALLETT, AY","    0",",,X","    0",",,X","  102",",,X","  -56",",,X"," -128",",,X",,,,," 1100",",,X","  135","W,,X","   67",",,X",,,,,,,,,,,,
"AYW00087701","1966-11-11","-72.29444","170.30833","5.2","ADARE HALLETT, AY","    0",",,X","    0",",,X","  102",",,X","  -67",",,X"," -139",",,X",,,,," 1312",",,X","  315","W,,X","   26",",,X",,,,,,,,,,,,
"AYW00087701","1966-11-12","-72.29444","170.30833","5.2","ADARE HALLETT, AY","    0",",,X","    0",",,X","  102",",,X","  -67",",,X"," -117",",,X",,,,," 2300",",,X","  180","W,,X","  185",",,X",,,,,,,"    1",",,X",,,,
"AYW00087701","1966-11-13","-72.29444","170.30833","5.2","ADARE HALLETT, AY","    0",",,X","    0",",,X","  102",",,X","  -39",",,X"," -111",",,X",,,,," 0906",",,X","  180","W,,X","  257",",,X",,,,,,,"    1",",,X",,,,
"AYW00087701","1966-11-14","-72.29444","170.30833","5.2","ADARE HALLETT, AY","    0","T,,X","    0","T,,X","  102",",,X","  -39",",,X"," -133",",,X",,,,," 2330",",,X","  225","W,,X","  195",",,X",,,,,,,"    1",",,X",,,"    1",",,X"
"AYW00087701","1966-11-15","-72.29444","170.30833","5.2","ADARE HALLETT, AY","    0","T,,X","    0","T,,X","  102",",,X","  -39",",,X"," -111",",,X",,,,," 0906",",,X","  180","W,,X","  185",",,X",,,,,,,"    1",",,X",,,"    1",",,X"
"AYW00087701","1966-11-16","-72.29444","170.30833","5.2","ADARE HALLETT, AY","    0",",,X","    0",",,X","  102",",,X","  -56",",,X"," -128",",,X",,,,," 1742",",,X","  135","W,,X","   51",",,X",,,,,,,,,,,,
"AYW00087701","1966-11-17","-72.29444","170.30833","5.2","ADARE HALLETT, AY","    0",",,X","    0",",,X","  102",",,X","  -61",",,X"," -106",",,X",,,,," 2348",",,X","  225","W,,X","   51",",,X",,,,,,,,,,,,
"AYW00087701","1966-11-18","-72.29444","170.30833","5.2","ADARE HALLETT, AY","    0","T,,X","    0","T,,X","  102",",,X","  -56",",,X"," -106",",,X",,,,," 0000",",,X","  180","W,,X","   46",",,X",,,,,,,,,,,"    1",",,X"
"AYW00087701","1966-11-19","-72.29444","170.30833","5.2","ADARE HALLETT, AY","    0","T,,X","    0","T,,X","  102",",,X","  -61",",,X"," -100",",,X",,,,," 1206",",,X","  135","W,,X","   46",",,X",,,,,,,,,,,"    1",",,X"
"AYW00087701","1966-11-20","-72.29444","170.30833","5.2","ADARE HALLETT, AY","    0","T,,X","    0","T,,X","  102",",,X","  -44",",,X","  -78",",,X",,,,," 1348",",,X","  135","W,,X","   46",",,X",,,,,,,,,,,"    1",",,X"
"AYW00087701","1966-11-21","-72.29444","170.30833","5.2","ADARE HALLETT, AY","    0","T,,X","    0","T,,X","  102",",,X","  -44",",,X","  -78",",,X",,,,," 1142",",,X","  225","W,,X","  195",",,X",,,,,,,"    1",",,X",,,"    1",",,X"
"AYW00087701","1966-11-22","-72.29444","170.30833","5.2","ADARE HALLETT, AY","    0",",,X","    0",",,X","  102",",,X","  -33",",,X","  -78",",,X",,,,," 0242",",,X","  180","W,,X","  206",",,X",,,,,,,"    1",",,X",,,,
"AYW00087701","1966-11-23","-72.29444","170.30833","5.2","ADARE HALLETT, AY","    0",",,X","    0",",,X","   76",",,X","    0",",,X","  -39",",,X",,,,," 2324",",,X","  180","W,,X","  190",",,X",,,,,,,,,,,,
"AYW00087701","1966-11-24","-72.29444","170.30833","5.2","ADARE HALLETT, AY","    0",",,X","    0",",,X","   76",",,X","    0",",,X","  -61",",,X",,,,," 0130",",,X","  225","W,,X","  159",",,X",,,,,,,,,,,,
"AYW00087701","1966-11-25","-72.29444","170.30833","5.2","ADARE HALLETT, AY","    0",",,X","    0",",,X","   51",",,X","  -11",",,X","  -83",",,X",,,,," 1530",",,X","  135","W,,X","   67",",,X",,,,,,,,,,,,
"AYW00087701","1966-11-26","-72.29444","170.30833","5.2","ADARE HALLETT, AY","    0",",,X","    0",",,X","   51",",,X","  -17",",,X","  -61",",,X",,,,," 1506",",,X","  135","W,,X","   57",",,X",,,,,,,,,,,,
"AYW00087701","1966-11-27","-72.29444","170.30833","5.2","ADARE HALLETT, AY","    0","T,,X","    0","T,,X","   25",",,X","  -22",",,X","  -56",",,X",,,,," 1700",",,X","  225","W,,X","   57",",,X",,,,,,,,,,,"    1",",,X"
"AYW00087701","1966-11-28","-72.29444","170.30833","5.2","ADARE HALLETT, AY","    0","T,,X","    0","T,,X","    0","T,,X","  -39",",,X","  -56",",,X",,,,," 0948",",,X","  180","W,,X","  139",",,X",,,,,,,,,,,"    1",",,X"
"AYW00087701","1966-11-29","-72.29444","170.30833","5.2","ADARE HALLETT, AY","    0",",,X","    0",",,X","    0","T,,X","  -28",",,X","  -61",",,X",,,,," 0048",",,X","  225","W,,X","  103",",,X",,,,,,,,,,,,
"AYW00087701","1966-11-30","-72.29444","170.30833","5.2","ADARE HALLETT, AY","    0","T,,X","    0","T,,X","    0","T,,X","  -22",",,X","  -67",",,X",,,,," 1248",",,X","   90","W,,X","   31",",,X",,,,,,,,,,,"    1",",,X"
"AYW00087701","1966-12-01","-72.29444","170.30833","5.2","ADARE HALLETT, AY","    0","T,,X","    0","T,,X","    0","T,,X","  -17",",,X","  -61",",,X",,,,," 1236",",,X","  360","W,,X","   26",",,X",,,,,,,,,,,"    1",",,X"
"AYW00087701","1966-12-02","-72.29444","170.30833","5.2","ADARE HALLETT, AY","    0",",,X","    0",",,X","    0","T,,X","  -22",",,X","  -56",",,X",,,,," 2100",",,X","   90","W,,X","   21",",,X",,,,,,,,,,,,
"AYW00087701","1966-12-03","-72.29444","170.30833","5.2","ADARE HALLETT, AY","    0","T,,X","    0","T,,X","    0","T,,X","  -11",",,X","  -44",",,X",,,,," 1630",",,X","  135","W,,X","   36",",,X",,,,,,,,,,,"    1",",,X"
"AYW00087701","1966-12-04","-72.29444","170.30833","5.2","ADARE HALLETT, AY","    0","T,,X","    0","T,,X","    0","T,,X","   -6",",,X","  -56",",,X",,,,," 1530",",,X","   45","W,,X","   31",",,X",,,,,,,,,,,"    1",",,X"
"AYW00087701","1966-12-05","-72.29444","170.30833","5.2","ADARE HALLETT, AY","    0",",,X","    0",",,X","    0","T,,X","  -11",",,X","  -56",",,X",,,,," 1830",",,X","  203","W,,X","   21",",,X",,,,,,,,,,,,
"AYW00087701","1966-12-06","-72.29444","170.30833","5.2","ADARE HALLETT, AY","    0",",,X","    0",",,X","    0","T,,X","   -6",",,X","  -72",",,X",,,,," 1730",",,X","  135","W,,X","   41",",,X",,,,,,,,,,,,
"AYW00087701","1966-12-07","-72.29444","170.30833","5.2","ADARE HALLETT, AY","    0",",,X","    0",",,X","    0","T,,X","   -6",",,X","  -56",",,X",,,,," 1618",",,X","   45","W,,X","   31",",,X",,,,,,,,,,,,
"AYW00087701","1966-12-08","-72.29444","170.30833","5.2","ADARE HALLETT, AY","    0",",,X","    0",",,X","    0","T,,X","    0",",,X","  -67",",,X",,,,," 1206",",,X","   45","W,,X","   31",",,X",,,,,,,,,,,,
"AYW00087701","1966-12-09","-72.29444","170.30833","5.2","ADARE HALLETT, AY","    0","T,,X","    0","T,,X","    0","T,,X","  -11",",,X","  -28",",,X",,,,," 1600",",,X","   68","W,,X","   36",",,X",,,,,,,,,,,"    1",",,X"
"AYW00087701","1966-12-10","-72.29444","170.30833","5.2","ADARE HALLETT, AY","    0","T,,X","    0","T,,X","    0","T,,X","   -6",",,X","  -33",",,X",,,,," 1254",",,X","   45","W,,X","   31",",,X",,,,,,,,,,,"    1",",,X"
"AYW00087701","1966-12-11","-72.29444","170.30833","5.2","ADARE HALLETT, AY","    3",",,X","    3",",,X","   25",",I,X","  -17",",,X","  -61",",,X",,,,," 2336",",,X","  225","W,,X","  134",",,X",,,,,,,"    1",",,X",,,"    1",",,X"
"AYW00087701","1966-12-12","-72.29444","170.30833","5.2","ADARE HALLETT, AY","    5",",,X","    5",",I,X","   76",",I,X","  -22",",,X","  -61",",,X",,,,," 1824",",,X","  180","W,,X","  195",",,X",,,,,,,"    1",",,X",,,"    1",",,X"
"AYW00087701","1966-12-13","-72.29444","170.30833","5.2","ADARE HALLETT, AY","    5",",,X","    5",",I,X","  127",",I,X","   -6",",,X","  -56",",,X",,,,," 1012",",,X","  180","W,,X","  139",",,X",,,,,,,"    1",",,X",,,"    1",",,X"
"AYW00087701","1966-12-14","-72.29444","170.30833","5.2","ADARE HALLETT, AY","    0",",,X","    0",",,X","   76",",,X","  -11",",,X","  -39",",,X",,,,," 0024",",,X","  225","W,,X","  129",",,X",,,,,,,,,,,,
"AYW00087701","1966-12-15","-72.29444","170.30833","5.2","ADARE HALLETT, AY","    0",",,X","    0",",,X","   25",",,X","  -17",",,X","  -50",",,X",,,,," 1806",",,X","   90","W,,X","   36",",,X",,,,,,,,,,,,
"AYW00087701","1966-12-16","-72.29444","170.30833","5.2","ADARE HALLETT, AY","    0","T,,X","    0","T,,X","    0","T,I,X","  -11",",,X","  -67",",,X",,,,," 2206",",,X","  135","W,,X","   46",",,X",,,,,,,,,,,"    1",",,X"
"AYW00087701","1966-12-17","-72.29444","170.30833","5.2","ADARE HALLETT, AY","   10",",,X","   10",",I,X","   51",",I,X","   -6",",,X","  -44",",,X",,,,," 1600",",,X","  225","W,,X","   87",",,X",,,,,,,,,,,"    1",",,X"
"AYW00087701","1966-12-18","-72.29444","170.30833","5.2","ADARE HALLETT, AY","    0",",,X","    0",",,X","    0","T,,X","    0",",,X","  -44",",,X",,,,," 1030",",,X","  225","W,,X","   31",",,X",,,,,,,,,,,,
"AYW00087701","1966-12-19","-72.29444","170.30833","5.2","ADARE HALLETT, AY","    0",",,X","    0",",,X","    0","T,,X","   28",",,X","  -78",",,X",,,,," 1312",",,X","  158","W,,X","   82",",,X",,,,,,,,,,,,
"AYW00087701","1966-12-20","-72.29444","170.30833","5.2","ADARE HALLETT, AY","    0",",,X","    0",",,X","    0","T,,X","   22",",,X","  -33",",,X",,,,," 2330",",,X","  135","W,,X","   67",",,X",,,,,,,,,,,,
"AYW00087701","1966-12-21","-72.29444","170.30833","5.2","ADARE HALLETT, AY","    0",",,X","    0",",,X","    0","T,,X","   17",",,X","  -17",",,X",,,,," 0000",",,X","  135","W,,X","   62",",,X",,,,,,,,,,,,
"AYW00087701","1966-12-22","-72.29444","170.30833","5.2","ADARE HALLETT, AY","    0",",,X","    0",",,X","    0","T,,X","   11",",,X","  -17",",,X",,,,," 1600",",,X","  135","W,,X","   72",",,X",,,,,,,,,,,,
"AYW00087701","1966-12-23","-72.29444","170.30833","5.2","ADARE HALLETT, AY","    0",",,X","    0",",,X","    0","T,,X","   22",",,X","  -22",",,X",,,,," 2200",",,X","  248","W,,X","   26",",,X",,,,,,,,,,,,
"AYW00087701","1966-12-24","-72.29444","170.30833","5.2","ADARE HALLETT, AY","    0",",,X","    0",",,X","    0","T,,X","   50",",,X","  -11",",,X",,,,," 1848",",,X","  158","W,,X","   57",",,X",,,,,,,,,,,,
"AYW00087701","1966-12-25","-72.29444","170.30833","5.2","ADARE HALLETT, AY","    0",",,X","    0",",,X","    0","T,,X","   39",",,X","    0",",,X",,,,," 1300",",,X","  135","W,,X","   51",",,X",,,,,,,,,,,,
"AYW00087701","1966-12-26","-72.29444","170.30833","5.2","ADARE HALLETT, AY","    0",",,X","    0",",,X","    0","T,,X","   17",",,X","   -6",",,X",,,,," 0930",",,X","   45","W,,X","   21",",,X",,,,,,,,,,,,
"AYW00087701","1966-12-27","-72.29444","170.30833","5.2","ADARE HALLETT, AY","    0",",,X","    0",",,X","    0","T,,X","   22",",,X","  -22",",,X",,,,," 1530",",,X","  225","W,,X","   21",",,X",,,,,,,,,,,,
"AYW00087701","1966-12-28","-72.29444","170.30833","5.2","ADARE HALLETT, AY","    0","T,,X","    0","T,,X","    0","T,,X","    6",",,X","  -17",",,X",,,,," 2118",",,X","  180","W,,X","  164",",,X",,,,,,,"    1",",,X",,,"    1",",,X"
"AYW00087701","1966-12-29","-72.29444","170.30833","5.2","ADARE HALLETT, AY","    0","T,,X","    0","T,,X","    0","T,,X","    0",",,X","  -17",",,X",,,,," 1600",",,X","  180","W,,X","  159",",,X",,,,,,,,,,,"    1",",,X"
"AYW00087701","1966-12-30","-72.29444","170.30833","5.2","ADARE HALLETT, AY","    0",",,X","    0",",,X","    0","T,,X","   33",",,X","  -28",",,X",,,,," 0930",",,X","  180","W,,X","  123",",,X",,,,,,,,,,,,
"AYW00087701","1966-12-31","-72.29444","170.30833","5.2","ADARE HALLETT, AY","    0",",,X","    0",",,X","    0","T,,X","   22",",,X","  -28",",,X",,,,," 0948",",,X","  360","W,,X","   21",",,X",,,,,,,,,,,,
"AYW00087701","1967-01-01","-72.29444","170.30833","5.2","ADARE HALLETT, AY","    0",",,X","    0",",,X","    0","T,,X","   17",",,X","  -28",",,X",,,,," 1448",",,X","  270","W,,X","   15",",,X",,,,,,,,,,,,
"AYW00087701","1967-01-02","-72.29444","170.30833","5.2","ADARE HALLETT, AY","    0",",,X","    0",",,X","    0","T,,X","   22",",,X","  -11",",,X",,,,," 1324",",,X","  135","W,,X","   57",",,X",,,,,,,,,,,,
"AYW00087701","1967-01-03","-72.29444","170.30833","5.2","ADARE HALLETT, AY","    0",",,X","    0",",,X","    0","T,,X","    0",",,X","  -17",",,X",,,,," 1706",",,X","   45","W,,X","   36",",,X",,,,,,,,,,,,
"AYW00087701","1967-01-04","-72.29444","170.30833","5.2","ADARE HALLETT, AY","    0",",,X","    0",",,X","    0","T,,X","   11",",,X","  -11",",,X",,,,," 1300",",,X","   90","W,,X","   21",",,X",,,,,,,,,,,,
"AYW00087701","1967-01-05","-72.29444","170.30833","5.2","ADARE HALLETT, AY","    0",",,X","    0",",,X","    0","T,,X","   17",",,X","   -6",",,X",,,,," 1430",",,X","   45","W,,X","   36",",,X",,,,,,,,,,,,
"AYW00087701","1967-01-06","-72.29444","170.30833","5.2","ADARE HALLETT, AY","    0","T,,X","    0","T,,X","    0","T,,X","    0",",,X","   -6",",,X",,,,," 0536",",,X","  270","W,,X","   21",",,X",,,,,,,,,,,"    1",",,X"
"AYW00087701","1967-01-07","-72.29444","170.30833","5.2","ADARE HALLETT, AY","    0",",,X","    0",",,X","    0","T,,X","   11",",,X","  -11",",,X",,,,," 1748",",,X","   90","W,,X","   41",",,X",,,,,,,,,,,,
"AYW00087701","1967-01-08","-72.29444","170.30833","5.2","ADARE HALLETT, AY","    0",",,X","    0",",,X","    0","T,,X","   17",",,X","  -22",",,X",,,,," 1430",",,X","  225","W,,X","   26",",,X",,,,,,,,,,,,
"AYW00087701","1967-01-09","-72.29444","170.30833","5.2","ADARE HALLETT, AY","    0",",,X","    0",",,X","    0","T,,X","   22",",,X","  -33",",,X",,,,," 1330",",,X","  270","W,,X","   26",",,X",,,,,,,,,,,,
"AYW00087701","1967-01-10","-72.29444","170.30833","5.2","ADARE HALLETT, AY","    0","T,,X","    0","T,,X","    0","T,,X","   17",",,X","  -17",",,X",,,,," 0142",",,X","   45","W,,X","   26",",,X",,,,,,,,,,,"    1",",,X"
"AYW00087701","1967-01-11","-72.29444","170.30833","5.2","ADARE HALLETT, AY","    0","T,,X","    0","T,,X","    0","T,,X","    0",",,X","  -11",",,X",,,,," 1206",",,X","  270","W,,X","   15",",,X",,,,,,,,,,,"    1",",,X"
"AYW00087701","1967-01-12","-72.29444","170.30833","5.2","ADARE HALLETT, AY","   76",",,X","   76",",,X","   25",",,X","   -6",",,X","  -11",",,X",,,,," 2230",",,X","  180","W,,X","   51",",,X",,,,,,,,,,,"    1",",,X"
"AYW00087701","1967-01-13","-72.29444","170.30833","5.2","ADARE HALLETT, AY","    0",",,X","    0",",,X","    0","T,,X","   33",",,X","  -11",",,X",,,,," 0612",",,X","  180","W,,X","   98",",,X",,,,,,,"    1",",,X",,,,
"AYW00087701","1967-01-14","-72.29444","170.30833","5.2","ADARE HALLETT, AY","    0",",,X","    0",",,X","    0","T,,X","   17",",,X","  -33",",,X",,,,," 1518",",,X","  135","W,,X","   46",",,X",,,,,,,,,,,,
"AYW00087701","1967-01-15","-72.29444","170.30833","5.2","ADARE HALLETT, AY","    0",",,X","    0",",,X","    0","T,,X","   17",",,X","    0",",,X",,,,," 2148",",,X","  270","W,,X","   26",",,X",,,,,,,,,,,,
"AYW00087701","1967-01-16","-72.29444","170.30833","5.2","ADARE HALLETT, AY","    0",",,X","    0",",,X","    0","T,,X","   11",",,X","  -11",",,X",,,,," 1506",",,X","  225","W,,X","   98",",,X",,,,,,,,,,,,
"AYW00087701","1967-01-17","-72.29444","170.30833","5.2","ADARE HALLETT, AY","    0",",,X","    0",",,X","    0","T,,X","   22",",,X","  -28",",,X",,,,," 0706",",,X","  225","W,,X","   46",",,X",,,,,,,,,,,,
"AYW00087701","1967-01-18","-72.29444","170.30833","5.2","ADARE HALLETT, AY","    0",",,X","    0",",,X","    0","T,,X","   28",",,X","  -22",",,X",,,,," 0448",",,X","   90","W,,X","   41",",,X",,,,,,,,,,,,
"AYW00087701","1967-01-19","-72.29444","170.30833","5.2","ADARE HALLETT, AY","    0",",,X","    0",",,X","    0","T,,X","   22",",,X","   -6",",,X",,,,," 2300",",,X","  225","W,,X","  113",",,X",,,,,,,,,,,,
"AYW00087701","1967-01-20","-72.29444","170.30833","5.2","ADARE HALLETT, AY","   25",",,X","   25",",,X","   25",",,X","   11",",,X","  -17",",,X",,,,," 1930",",,X","  180","W,,X","  129",",,X",,,,,,,,,,,"    1",",,X"
"AYW00087701","1967-01-21","-72.29444","170.30833","5.2","ADARE HALLETT, AY","   25",",,X","   25",",,X","   51",",,X","  -11",",,X","  -28",",,X",,,,," 1712",",,X","  225","W,,X","  206",",,X",,,,,,,"    1",",,X",,,"    1",",,X"
"AYW00087701","1967-01-22","-72.29444","170.30833","5.2","ADARE HALLETT, AY","   51",",,X","   51",",,X","   25",",,X","   11",",,X","  -17",",,X",,,,," 0836",",,X","  180","W,,X","  190",",,X",,,,,,,"    1",",,X",,,"    1",",,X"
"AYW00087701","1967-01-23","-72.29444","170.30833","5.2","ADARE HALLETT, AY","    0","T,,X","    0","T,,X","    0","T,,X","   11",",,X","    0",",,X",,,,," 0030",",,X","  180","W,,X","  185",",,X",,,,,,,"    1",",,X",,,"    1",",,X"
"AYW00087701","1967-01-24","-72.29444","170.30833","5.2","ADARE HALLETT, AY","    0","T,,X","    0","T,,X","    0","T,,X","   11",",,X","    0",",,X",,,,," 0518",",,X","  180","W,,X","  170",",,X",,,,,,,"    1",",,X",,,"    1",",,X"
"AYW00087701","1967-01-25","-72.29444","170.30833","5.2","ADARE HALLETT, AY","    0","T,,X","    0","T,,X","    0","T,,X","   33",",,X","    0",",,X",,,,," 0418",",,X","  180","W,,X","  170",",,X",,,,,,,,,,,"    1",",,X"
"AYW00087701","1967-01-26","-72.29444","170.30833","5.2","ADARE HALLETT, AY","    0","T,,X","    0","T,,X","    0","T,,X","   28",",,X","   11",",,X",,,,," 0942",",,X","  180","W,,X","  144",",,X",,,,,,,"    1",",,X",,,"    1",",,X"
"AYW00087701","1967-01-27","-72.29444","170.30833","5.2","ADARE HALLETT, AY","    0",",,X","    0",",,X","    0","T,,X","   50",",,X","    0",",,X",,,,," 2200",",,X","  180","W,,X","  129",",,X",,,,,,,,,,,,
"AYW00087701","1967-01-28","-72.29444","170.30833","5.2","ADARE HALLETT, AY","    0","T,,X","    0","T,,X","    0","T,,X","   22",",,X","    6",",,X",,,,," 0330",",,X","  180","W,,X","  129",",,X",,,,,,,,,,,"    1",",,X"
"AYW00087701","1967-01-29","-72.29444","170.30833","5.2","ADARE HALLETT, AY","    0",",,X","    0",",,X","    0","T,,X","   28",",,X","    0",",,X",,,,," 0318",",,X","  225","W,,X","   87",",,X",,,,,,,,,,,,
"AYW00087701","1967-01-30","-72.29444","170.30833","5.2","ADARE HALLETT, AY","    0",",,X","    0",",,X","    0","T,,X","   22",",,X","    0",",,X",,,,," 2006",",,X","  135","W,,X","  118",",,X",,,,,,,,,,,,
"AYW00087701","1967-01-31","-72.29444","170.30833","5.2","ADARE HALLETT, AY","    0",",,X","    0",",,X","    0","T,,X","   17",",,X","  -11",",,X",,,,," 0518",",,X","  180","W,,X","  113",",,X",,,,,,,,,,,,
"AYW00087701","1967-02-01","-72.29444","170.30833","5.2","ADARE HALLETT, AY","    0",",,X","    0",",,X","    0","T,,X","   11",",,X","  -11",",,X",,,,," 1318",",,X","  225","W,,X","   72",",,X",,,,,,,,,,,,
"AYW00087701","1967-02-02","-72.29444","170.30833","5.2","ADARE HALLETT, AY","    0",",,X","    0",",,X","    0","T,,X","   17",",,X","   -6",",,X",,,,," 0530",",,X","  225","W,,X","   67",",,X",,,,,,,,,,,,
"AYW00087701","1967-02-03","-72.29444","170.30833","5.2","ADARE HALLETT, AY","    0",",,X","    0",",,X","    0","T,,X","   22",",,X","    0",",,X",,,,," 0536",",,X","  225","W,,X","   41",",,X",,,,,,,,,,,,
"AYW00087701","1967-02-04","-72.29444","170.30833","5.2","ADARE HALLETT, AY","    0","T,,X","    0","T,,X","    0","T,,X","    6",",,X","  -11",",,X",,,,," 1948",",,X","  225","W,,X","  108",",,X",,,,,,,,,,,"    1",",,X"
"AYW00087701","1967-02-05","-72.29444","170.30833","5.2","ADARE HALLETT, AY","    0","T,,X","    0","T,,X","    0","T,,X","   11",",,X","  -17",",,X",,,,," 0936",",,X","  180","W,,X","  129",",,X",,,,,,,,,,,"    1",",,X"
"AYW00087701","1967-02-06","-72.29444","170.30833","5.2","ADARE HALLETT, AY","    0",",,X","    0",",,X","    0","T,,X","    6",",,X","  -11",",,X",,,,," 2218",",,X","  225","W,,X","  134",",,X",,,,,,,,,,,,
"AYW00087701","1967-02-07","-72.29444","170.30833","5.2","ADARE HALLETT, AY","    0",",,X","    0",",,X","    0","T,,X","   22",",,X","  -11",",,X",,,,," 1418",",,X","  180","W,,X","  134",",,X",,,,,,,,,,,,
"AYW00087701","1967-02-08","-72.29444","170.30833","5.2","ADARE HALLETT, AY","    0",",,X","    0",",,X","    0","T,,X","   28",",,X","  -17",",,X",,,,," 0700",",,X","  180","W,,X","  144",",,X",,,,,,,,,,,,
"AYW00087701","1967-02-09","-72.29444","170.30833","5.2","ADARE HALLETT, AY","    0","T,,X","    0","T,,X","    0","T,,X","    6",",,X","  -17",",,X",,,,," 2130",",,X","  180","W,,X","  206",",,X",,,,,,,,,,,"    1",",,X"
"AYW00087701","1967-02-10","-72.29444","170.30833","5.2","ADARE HALLETT, AY","    0","T,,X","    0","T,,X","    0","T,,X","  -11",",,X","  -17",",,X",,,,," 0236",",,X","  180","W,,X","  236",",,X",,,,,,,"    1",",,X",,,"    1",",,X"
"AYW00087701","1967-02-11","-72.29444","170.30833","5.2","ADARE HALLETT, AY","    0","T,,X","    0","T,,X","    0","T,,X","    6",",,X","  -17",",,X",,,,," 0154",",,X","  180","W,,X","  221",",,X",,,,,,,"    1",",,X",,,"    1",",,X"
"AYW00087701","1967-02-12","-72.29444","170.30833","5.2","ADARE HALLETT, AY","    0",",,X","    0",",,X","    0","T,,X","    6",",,X","    0",",,X",,,,," 1130",",,X","  180","W,,X","  221",",,X",,,,,,,"    1",",,X",,,,
"AYW00087701","1967-02-13","-72.29444","170.30833","5.2","ADARE HALLETT, AY","    0","T,,X","    0","T,,X","    0","T,,X","   11",",,X","  -17",",,X",,,,," 1600",",,X","  180","W,,X","  216",",,X",,,,,,,,,,,"    1",",,X"
"AYW00087701","1967-02-14","-72.29444","170.30833","5.2","ADARE HALLETT, AY","    0",",,X","    0",",,X","    0","T,,X","   22",",,X","  -17",",,X",,,,," 0218",",,X","  180","W,,X","  123",",,X",,,,,,,,,,,,
"AYW00087701","1967-02-15","-72.29444","170.30833","5.2","ADARE HALLETT, AY","    0","T,,X","    0","T,,X","    0","T,,X","   22",",,X","   -6",",,X",,,,," 1830",",,X","  180","W,,X","  144",",,X",,,,,,,,,,,"    1",",,X"
"AYW00087701","1967-02-16","-72.29444","170.30833","5.2","ADARE HALLETT, AY","    0","T,,X","    0","T,,X","    0","T,,X","   11",",,X","    0",",,X",,,,," 1148",",,X","  180","W,,X","  185",",,X",,,,,,,"    1",",,X",,,"    1",",,X"
"AYW00087701","1967-02-17","-72.29444","170.30833","5.2","ADARE HALLETT, AY","    0","T,,X","    0","T,,X","    0","T,,X","   11",",,X","  -28",",,X",,,,," 0130",",,X","  225","W,,X","  170",",,X",,,,,,,,,,,"    1",",,X"
"AYW00087701","1967-02-18","-72.29444","170.30833","5.2","ADARE HALLETT, AY","    0",",,X","    0",",,X","    0","T,,X","  -11",",,X","  -28",",,X",,,,," 0106",",,X","  225","W,,X","  129",",,X",,,,,,,,,,,,
"AYW00087701","1967-02-19","-72.29444","170.30833","5.2","ADARE HALLETT, AY","    0","T,,X","    0","T,,X","    0","T,,X","  -17",",,X","  -28",",,X",,,,," 2154",",,X","  225","W,,X","   72",",,X","    1",",,X",,,,,,,,,"    1",",,X"
"AYW00087701","1967-02-20","-72.29444","170.30833","5.2","ADARE HALLETT, AY","    0",",,X","    0",",,X","    0","T,,X","  -22",",,X","  -33",",,X",,,,," 1406",",,X","  225","W,,X","   72",",,X",,,,,,,,,,,,
"AYW00087701","1967-02-21","-72.29444","170.30833","5.2","ADARE HALLETT, AY","    0","T,,X","    0","T,,X","    0","T,,X","  -22",",,X","  -39",",,X",,,,," 1618",",,X","  225","W,,X","   57",",,X",,,,,,,,,,,"    1",",,X"
"AYW00087701","1967-02-22","-72.29444","170.30833","5.2","ADARE HALLETT, AY","    0",",,X","    0",",,X","    0","T,,X","  -17",",,X","  -44",",,X",,,,," 0600",",,X","  225","W,,X","   57",",,X",,,,,,,,,,,,
"AYW00087701","1967-06-01","-72.29444","170.30833","5.2","ADARE HALLETT, AY","    0",",,X",,,,,,,,,,,,,,,,,,,,,,,,,,,,,,
"AYW00087701","1967-10-06","-72.29444","170.30833","5.2","ADARE HALLETT, AY",,,,,"    0","T,,X",,,,,,,,,,,,,,,,,,,,,,,,,,
"AYW00087701","1967-10-07","-72.29444","170.30833","5.2","ADARE HALLETT, AY","    0","T,,X","    0","T,,X","    0","T,,X"," -244",",,X"," -300",",,X",,,,," 1418",",,X","  180","W,,X","  252",",,X",,,,,,,,,,,,
"AYW00087701","1967-10-08","-72.29444","170.30833","5.2","ADARE HALLETT, AY","    0","T,,X","    0","T,,X","    0","T,,X"," -217",",,X"," -306",",,X",,,,," 1430",",,X","  180","W,,X","   62",",,X",,,,,,,,,,,,
"AYW00087701","1967-10-09","-72.29444","170.30833","5.2","ADARE HALLETT, AY","  196",",,X","  196",",,X","    0","T,,X"," -189",",,X"," -261",",,X",,,,," 2306",",,X","  180","W,,X","  298",",,X",,,,,,,,,,,,
"AYW00087701","1967-10-10","-72.29444","170.30833","5.2","ADARE HALLETT, AY","    0",",,X","    0",",,X","    0","T,,X"," -167",",,X"," -222",",,X",,,,," 0130",",,X","  180","W,,X","  257",",,X",,,,,,,,,,,,
"AYW00087701","1967-10-11","-72.29444","170.30833","5.2","ADARE HALLETT, AY","    0",",,X","    0",",,X","    0","T,,X"," -161",",,X"," -261",",,X",,,,," 0712",",,X","   45","W,,X","  134",",,X",,,,,,,,,,,,
"AYW00087701","1967-10-12","-72.29444","170.30833","5.2","ADARE HALLETT, AY","    0",",,X","    0",",,X","    0","T,,X"," -133",",,X"," -278",",,X",,,,," 0012",",,X","  180","W,,X","   51",",,X",,,,,,,,,,,,
"AYW00087701","1967-10-13","-72.29444","170.30833","5.2","ADARE HALLETT, AY","    0","T,,X","    0","T,,X","    0","T,,X"," -117",",,X"," -272",",,X",,,,,,,,,,,,,,,,,,,,,,
"AYW00087701","1967-10-14","-72.29444","170.30833","5.2","ADARE HALLETT, AY","    0",",,X","    0",",,X","    0","T,,X"," -139",",,X"," -228",",,X",,,,,,,,,,,,,,,,,,,,,,
"AYW00087701","1967-10-15","-72.29444","170.30833","5.2","ADARE HALLETT, AY","    0",",,X","    0",",,X","    0","T,,X"," -106",",,X"," -244",",,X",,,,," 2348",",,X","  135","W,,X","  170",",,X",,,,,,,,,,,,
"AYW00087701","1967-10-16","-72.29444","170.30833","5.2","ADARE HALLETT, AY","    0",",,X","    0",",,X","    0","T,,X"," -106",",,X"," -206",",,X",,,,," 0042",",,X","  135","W,,X","  175",",,X",,,,,,,,,,,,
"AYW00087701","1967-10-17","-72.29444","170.30833","5.2","ADARE HALLETT, AY","    0",",,X","    0",",,X","    0","T,,X"," -150",",,X"," -228",",,X",,,,," 0236",",,X","  315","W,,X","   41",",,X",,,,,,,,,,,,
"AYW00087701","1967-10-18","-72.29444","170.30833","5.2","ADARE HALLETT, AY","    0","T,,X","    0","T,,X","    0","T,,X"," -150",",,X"," -228",",,X",,,,," 2324",",,X","  180","W,,X","  185",",,X",,,,,,,,,,,,
"AYW00087701","1967-10-19","-72.29444","170.30833","5.2","ADARE HALLETT, AY","    0",",,X","    0",",,X","    0","T,,X"," -133",",,X"," -167",",,X",,,,," 1306",",,X","  135","W,,X","  267",",,X",,,,,,,,,,,,
"AYW00087701","1967-10-20","-72.29444","170.30833","5.2","ADARE HALLETT, AY","    0","T,,X","    0","T,,X","    0","T,,X"," -122",",,X"," -150",",,X",,,,," 0024",",,X","  135","W,,X","  154",",,X",,,,,,,,,,,,
"AYW00087701","1967-10-21","-72.29444","170.30833","5.2","ADARE HALLETT, AY","    0","T,,X","    0","T,,X","    0","T,,X"," -150",",,X"," -194",",,X",,,,," 2242",",,X","  180","W,,X","  149",",,X",,,,,,,,,,,,
"AYW00087701","1967-10-22","-72.29444","170.30833","5.2","ADARE HALLETT, AY","    0","T,,X","    0","T,,X","    0","T,I,X"," -122",",,X"," -206",",,X",,,,," 0030",",,X","  180","W,,X","  129",",,X",,,,,,,,,,,,
"AYW00087701","1967-10-23","-72.29444","170.30833","5.2","ADARE HALLETT, AY","    0",",,X","    0",",I,X","  178",",I,X"," -156",",,X"," -244",",,X",,,,," 0636",",,X","  180","W,,X","   46",",,X",,,,,,,,,,,,
"AYW00087701","1967-10-24","-72.29444","170.30833","5.2","ADARE HALLETT, AY","    0",",,X","    0",",,X","    0","T,,X"," -150",",,X"," -261",",,X",,,,," 0806",",,X","  180","W,,X","   31",",,X",,,,,,,,,,,,
"AYW00087701","1967-10-25","-72.29444","170.30833","5.2","ADARE HALLETT, AY","    0",",,X","    0",",,X","    0","T,,X"," -156",",,X"," -267",",,X",,,,," 1230",",,X","   90","W,,X","   57",",,X",,,,,,,,,,,,
"AYW00087701","1967-10-26","-72.29444","170.30833","5.2","ADARE HALLETT, AY","    0",",,X","    0",",,X","    0","T,,X"," -100",",,X"," -261",",,X",,,,," 2312",",,X","  135","W,,X","  149",",,X",,,,,,,,,,,,
"AYW00087701","1967-10-27","-72.29444","170.30833","5.2","ADARE HALLETT, AY","    0",",,X","    0",",,X","    0","T,,X","  -72",",,X"," -161",",,X",,,,," 0012",",,X","  158","W,,X","   82",",,X",,,,,,,,,,,,
"AYW00087701","1967-10-28","-72.29444","170.30833","5.2","ADARE HALLETT, AY","    0",",,X","    0",",,X","    0","T,,X"," -100",",,X"," -211",",,X",,,,," 0748",",,X","  180","W,,X","   31",",,X",,,,,,,,,,,,
"AYW00087701","1967-10-29","-72.29444","170.30833","5.2","ADARE HALLETT, AY","    0","T,,X","    0","T,,X","    0","T,,X"," -100",",,X"," -200",",,X",,,,," 0230",",,X","  180","W,,X","   36",",,X",,,,,,,,,,,,
"AYW00087701","1967-10-30","-72.29444","170.30833","5.2","ADARE HALLETT, AY","   51",",,X","   51",",,X","   51",",,X"," -117",",,X"," -139",",,X",,,,," 0730",",,X","  180","W,,X","   41",",,X",,,,,,,,,,,,
"AYW00087701","1967-10-31","-72.29444","170.30833","5.2","ADARE HALLETT, AY","    0",",,X","    0",",,X","   51",",,X"," -100",",,X"," -183",",,X",,,,," 1906",",,X","  180","W,,X","   57",",,X",,,,,,,,,,,,
"AYW00087701","1967-11-01","-72.29444","170.30833","5.2","ADARE HALLETT, AY","    0","T,,X","    0","T,,X","   51",",,X","  -89",",,X"," -189",",,X",,,,," 0236",",,X","  360","W,,X","   87",",,X",,,,,,,,,,,,
"AYW00087701","1967-11-02","-72.29444","170.30833","5.2","ADARE HALLETT, AY","    0",",,X","    0",",,X","   51",",,X","  -89",",,X"," -228",",,X",,,,," 0318",",,X","  315","W,,X","   51",",,X",,,,,,,,,,,,
"AYW00087701","1967-11-03","-72.29444","170.30833","5.2","ADARE HALLETT, AY","    0",",,X","    0",",,X","   51",",,X"," -106",",,X"," -228",",,X",,,,," 1406",",,X","  180","W,,X","   41",",,X",,,,,,,,,,,,
"AYW00087701","1967-11-04","-72.29444","170.30833","5.2","ADARE HALLETT, AY","    0","T,,X","    0","T,,X","   51",",,X","  -72",",,X"," -194",",,X",,,,," 1848",",,X","   90","W,,X","   77",",,X",,,,,,,,,,,,
"AYW00087701","1967-11-05","-72.29444","170.30833","5.2","ADARE HALLETT, AY","    0","T,,X","    0","T,,X","   25",",,X"," -111",",,X"," -144",",,X",,,,," 1912",",,X","   90","W,,X","  118",",,X",,,,,,,,,,,,
"AYW00087701","1967-11-06","-72.29444","170.30833","5.2","ADARE HALLETT, AY","    0","T,,X","    0","T,,X","   25",",,X"," -122",",,X"," -150",",,X",,,,," 1418",",,X","   90","W,,X","   93",",,X",,,,,,,,,,,,
"AYW00087701","1967-11-07","-72.29444","170.30833","5.2","ADARE HALLETT, AY","    0",",,X","    0",",,X","   25",",,X"," -133",",,X"," -161",",,X",,,,," 2030",",,X","   90","W,,X","   93",",,X",,,,,,,,,,,,
"AYW00087701","1967-11-08","-72.29444","170.30833","5.2","ADARE HALLETT, AY","    0",",,X","    0",",,X","   25",",,X"," -139",",,X"," -178",",,X",,,,," 0842",",,X","  180","W,,X","  170",",,X",,,,,,,,,,,,
"AYW00087701","1967-11-09","-72.29444","170.30833","5.2","ADARE HALLETT, AY","    0",",,X","    0",",,X","   25",",,X"," -128",",,X"," -178",",,X",,,,," 0642",",,X","  180","W,,X","  231",",,X",,,,,,,,,,,,
"AYW00087701","1967-11-10","-72.29444","170.30833","5.2","ADARE HALLETT, AY","    0",",,X","    0",",,X","   25",",,X","  -50",",,X"," -156",",,X",,,,," 1606",",,X","  135","W,,X","  216",",,X",,,,,,,,,,,,
"AYW00087701","1967-11-11","-72.29444","170.30833","5.2","ADARE HALLETT, AY","    0",",,X","    0",",,X","   25",",,X","  -56",",,X","  -94",",,X",,,,," 1542",",,X","  135","W,,X","  200",",,X",,,,,,,,,,,,
"AYW00087701","1967-11-12","-72.29444","170.30833","5.2","ADARE HALLETT, AY","    0","T,,X","    0","T,,X","    0","T,,X","  -28",",,X"," -111",",,X",,,,," 1236",",,X","   90","W,,X","  129",",,X",,,,,,,,,,,,
"AYW00087701","1967-11-13","-72.29444","170.30833","5.2","ADARE HALLETT, AY","    0","T,,X","    0","T,,X","    0","T,,X","  -39",",,X","  -67",",,X",,,,," 0842",",,X","  135","W,,X","  211",",,X",,,,,,,,,,,,
"AYW00087701","1967-11-14","-72.29444","170.30833","5.2","ADARE HALLETT, AY","    0","T,,X","    0","T,,X","    0","T,,X","  -28",",,X","  -61",",,X",,,,," 1312",",,X","  135","W,,X","  257",",,X",,,,,,,,,,,,
"AYW00087701","1967-11-15","-72.29444","170.30833","5.2","ADARE HALLETT, AY","    0","T,,X","    0","T,,X","    0","T,,X","  -28",",,X","  -56",",,X",,,,," 2206",",,X","  225","W,,X","  211",",,X",,,,,,,,,,,,
"AYW00087701","1967-11-16","-72.29444","170.30833","5.2","ADARE HALLETT, AY","    0","T,,X","    0","T,,X","    0","T,,X","  -22",",,X","  -78",",,X",,,,," 1030",",,X","  225","W,,X","  195",",,X",,,,,,,,,,,,
"AYW00087701","1967-11-17","-72.29444","170.30833","5.2","ADARE HALLETT, AY","    0",",,X","    0",",,X","    0","T,,X","  -44",",,X","  -94",",,X",,,,," 0536",",,X","  270","W,,X","   31",",,X",,,,,,,,,,,,
"AYW00087701","1967-11-18","-72.29444","170.30833","5.2","ADARE HALLETT, AY","    0",",,X","    0",",,X","    0","T,,X","  -39",",,X"," -111",",,X",,,,," 1512",",,X","  225","W,,X","  123",",,X",,,,,,,,,,,,
"AYW00087701","1967-11-19","-72.29444","170.30833","5.2","ADARE HALLETT, AY","    0",",,X","    0",",,X","    0","T,,X","  -39",",,X","  -94",",,X",,,,," 0024",",,X","  225","W,,X","   31",",,X",,,,,,,,,,,,
"AYW00087701","1967-11-20","-72.29444","170.30833","5.2","ADARE HALLETT, AY","    0",",,X","    0",",,X","    0","T,,X","  -44",",,X"," -106",",,X",,,,," 1454",",,X","  315","W,,X","   36",",,X",,,,,,,,,,,,
"AYW00087701","1967-11-21","-72.29444","170.30833","5.2","ADARE HALLETT, AY","    0",",,X","    0",",,X","    0","T,,X","  -39",",,X","  -83",",,X",,,,," 2018",",,X","  135","W,,X","  129",",,X",,,,,,,,,,,,
"AYW00087701","1967-11-22","-72.29444","170.30833","5.2","ADARE HALLETT, AY","    0",",,X","    0",",,X","    0","T,,X","  -28",",,X","  -78",",,X",,,,," 2318",",,X","  180","W,,X","  206",",,X",,,,,,,,,,,,
"AYW00087701","1967-11-23","-72.29444","170.30833","5.2","ADARE HALLETT, AY","    0",",,X","    0",",,X","    0","T,,X","    0",",,X"," -100",",,X",,,,," 0648",",,X","  180","W,,X","  211",",,X",,,,,,,,,,,,
"AYW00087701","1967-11-24","-72.29444","170.30833","5.2","ADARE HALLETT, AY","    0","T,,X","    0","T,,X","    0","T,,X","  -33",",,X"," -100",",,X",,,,," 0430",",,X","  225","W,,X","  180",",,X",,,,,,,,,,,,
"AYW00087701","1967-11-25","-72.29444","170.30833","5.2","ADARE HALLETT, AY","    0","T,,X","    0","T,,X","    0","T,,X","  -28",",,X","  -94",",,X",,,,," 2048",",,X","  315","W,,X","   36",",,X",,,,,,,,,,,,
"AYW00087701","1967-11-26","-72.29444","170.30833","5.2","ADARE HALLETT, AY","    0",",,X","    0",",,X","    0","T,,X","  -22",",,X"," -111",",,X",,,,," 1406",",,X","  315","W,,X","   36",",,X",,,,,,,,,,,,
"AYW00087701","1967-11-27","-72.29444","170.30833","5.2","ADARE HALLETT, AY","    0",",,X","    0",",,X","    0","T,,X","  -17",",,X"," -122",",,X",,,,," 1618",",,X","  180","W,,X","   41",",,X",,,,,,,,,,,,
"AYW00087701","1967-11-28","-72.29444","170.30833","5.2","ADARE HALLETT, AY","    0","T,,X","    0","T,,X","    0","T,,X","  -28",",,X"," -100",",,X",,,,," 2036",",,X","   45","W,,X","   41",",,X",,,,,,,,,,,,
"AYW00087701","1967-11-29","-72.29444","170.30833","5.2","ADARE HALLETT, AY","    0","T,,X","    0","T,,X","    0","T,,X","  -39",",,X"," -106",",,X",,,,," 1506",",,X","   90","W,,X","   72",",,X",,,,,,,,,,,,
"AYW00087701","1967-11-30","-72.29444","170.30833","5.2","ADARE HALLETT, AY","    0","T,,X","    0","T,,X","    0","T,,X","  -39",",,X","  -61",",,X",,,,," 0006",",,X","  135","W,,X","   72",",,X",,,,,,,,,,,,
"AYW00087701","1967-12-01","-72.29444","170.30833","5.2","ADARE HALLETT, AY","    0","T,,X","    0","T,,X","    0","T,,X","  -11",",,X","  -67",",,X",,,,," 2018",",,X","  135","W,,X","  103",",,X",,,,,,,,,,,,
"AYW00087701","1967-12-02","-72.29444","170.30833","5.2","ADARE HALLETT, AY","    0",",,X","    0",",,X","    0","T,,X","   -6",",,X","  -67",",,X",,,,," 1824",",,X","  248","W,,X","  113",",,X",,,,,,,,,,,,
"AYW00087701","1967-12-03","-72.29444","170.30833","5.2","ADARE HALLETT, AY","    0",",,X","    0",",,X","    0","T,,X","  -17",",,X","  -78",",,X",,,,," 0018",",,X","   45","W,,X","   36",",,X",,,,,,,,,,,,
"AYW00087701","1967-12-04","-72.29444","170.30833","5.2","ADARE HALLETT, AY","    0","T,,X","    0","T,,X","    0","T,,X","  -11",",,X","  -56",",,X",,,,," 1242",",,X","  135","W,,X","   82",",,X",,,,,,,,,,,,
"AYW00087701","1967-12-05","-72.29444","170.30833","5.2","ADARE HALLETT, AY","    0","T,,X","    0","T,,X","    0","T,,X","   -6",",,X","  -56",",,X",,,,," 0736",",,X","  225","W,,X","  118",",,X",,,,,,,,,,,,
"AYW00087701","1967-12-06","-72.29444","170.30833","5.2","ADARE HALLETT, AY","    0","T,,X","    0","T,,X","    0","T,,X","    0",",,X","  -39",",,X",,,,," 0742",",,X","  225","W,,X","  144",",,X",,,,,,,,,,,,
"AYW00087701","1967-12-07","-72.29444","170.30833","5.2","ADARE HALLETT, AY","    0",",,X","    0",",,X","    0","T,,X","    6",",,X","  -56",",,X",,,,," 0418",",,X","  225","W,,X","  164",",,X",,,,,,,,,,,,
"AYW00087701","1967-12-08","-72.29444","170.30833","5.2","ADARE HALLETT, AY","    0","T,,X","    0","T,,X","    0","T,,X","    6",",,X","  -28",",,X",,,,," 2148",",,X","  225","W,,X","  216",",,X",,,,,,,,,,,,
"AYW00087701","1967-12-09","-72.29444","170.30833","5.2","ADARE HALLETT, AY","    0","T,,X","    0","T,,X","    0","T,,X","   11",",,X","  -22",",,X",,,,," 0606",",,X","  225","W,,X","  200",",,X",,,,,,,,,,,,
"AYW00087701","1967-12-10","-72.29444","170.30833","5.2","ADARE HALLETT, AY","    0",",,X","    0",",,X","    0","T,,X","   17",",,X","  -11",",,X",,,,," 0000",",,X","  225","W,,X","  200",",,X",,,,,,,,,,,,
"AYW00087701","1967-12-11","-72.29444","170.30833","5.2","ADARE HALLETT, AY","    0",",,X","    0",",,X","    0","T,,X","   11",",,X","  -22",",,X",,,,," 0630",",,X","  225","W,,X","  144",",,X",,,,,,,,,,,,
"AYW00087701","1967-12-12","-72.29444","170.30833","5.2","ADARE HALLETT, AY","    0",",,X","    0",",,X","    0","T,,X","   11",",,X","  -33",",,X",,,,," 1124",",,X","  225","W,,X","  190",",,X",,,,,,,,,,,,
"AYW00087701","1967-12-13","-72.29444","170.30833","5.2","ADARE HALLETT, AY","    0",",,X","    0",",,X","    0","T,,X","    0",",,X","  -33",",,X",,,,," 0624",",,X","  180","W,,X","  211",",,X",,,,,,,,,,,,
"AYW00087701","1967-12-14","-72.29444","170.30833","5.2","ADARE HALLETT, AY","    0",",,X","    0",",,X","    0","T,,X","    0",",,X","  -50",",,X",,,,," 0530",",,X","  225","W,,X","   31",",,X",,,,,,,,,,,,
"AYW00087701","1967-12-15","-72.29444","170.30833","5.2","ADARE HALLETT, AY","    0",",,X","    0",",,X","    0","T,,X","   17",",,X","  -33",",,X",,,,," 1248",",,X","  225","W,,X","   46",",,X",,,,,,,,,,,,
"AYW00087701","1967-12-16","-72.29444","170.30833","5.2","ADARE HALLETT, AY","    0",",,X","    0",",,X","    0","T,,X","   33",",,X","  -28",",,X",,,,," 1048",",,X","  225","W,,X","   51",",,X",,,,,,,,,,,,
"AYW00087701","1967-12-17","-72.29444","170.30833","5.2","ADARE HALLETT, AY","    0",",,X","    0",",,X","    0","T,,X","   44",",,X","  -11",",,X",,,,," 1418",",,X","  225","W,,X","   46",",,X",,,,,,,,,,,,
"AYW00087701","1967-12-18","-72.29444","170.30833","5.2","ADARE HALLETT, AY","    0",",,X","    0",",,X","    0","T,,X","   50",",,X","   -6",",,X",,,,," 1754",",,X","   45","W,,X","   51",",,X",,,,,,,,,,,,
"AYW00087701","1967-12-19","-72.29444","170.30833","5.2","ADARE HALLETT, AY","    0",",,X","    0",",,X","    0","T,,X","   33",",,X","  -39",",,X",,,,," 1330",",,X","  135","W,,X","  118",",,X",,,,,,,,,,,,
"AYW00087701","1967-12-20","-72.29444","170.30833","5.2","ADARE HALLETT, AY","    0","T,,X","    0","T,,X","    0","T,,X","    0",",,X","  -17",",,X",,,,," 1418",",,X","  135","W,,X","   87",",,X",,,,,,,,,,,,
"AYW00087701","1967-12-21","-72.29444","170.30833","5.2","ADARE HALLETT, AY","    0",",,X","    0",",,X","    0","T,,X","   22",",,X","  -11",",,X",,,,," 2248",",,X","  135","W,,X","  103",",,X",,,,,,,,,,,,
"AYW00087701","1967-12-22","-72.29444","170.30833","5.2","ADARE HALLETT, AY","    0","T,,X","    0","T,,X","    0","T,,X","   17",",,X","  -22",",,X",,,,," 1212",",,X","  135","W,,X","  103",",,X",,,,,,,,,,,,
"AYW00087701","1967-12-23","-72.29444","170.30833","5.2","ADARE HALLETT, AY","    0","T,,X","    0","T,,X","    0","T,,X","    6",",,X","  -33",",,X",,,,," 1054",",,X","  113","W,,X","   67",",,X",,,,,,,,,,,,
"AYW00087701","1967-12-24","-72.29444","170.30833","5.2","ADARE HALLETT, AY","    0","T,,X","    0","T,,X","    0","T,,X","   -6",",,X","  -33",",,X",,,,," 2236",",,X","  203","W,,X","  185",",,X",,,,,,,,,,,,
"AYW00087701","1967-12-25","-72.29444","170.30833","5.2","ADARE HALLETT, AY","    0",",,X","    0",",,X","    0","T,,X","   11",",,X","  -28",",,X",,,,," 0624",",,X","  225","W,,X","  134",",,X",,,,,,,,,,,,
"AYW00087701","1967-12-26","-72.29444","170.30833","5.2","ADARE HALLETT, AY","    0",",,X","    0",",,X","    0","T,,X","   17",",,X","  -11",",,X",,,,," 2330",",,X","  203","W,,X","  123",",,X",,,,,,,,,,,,
"AYW00087701","1967-12-27","-72.29444","170.30833","5.2","ADARE HALLETT, AY","    0","T,,X","    0","T,,X","    0","T,,X","   17",",,X","  -17",",,X",,,,," 0800",",,X","  203","W,,X","  139",",,X",,,,,,,,,,,,
"AYW00087701","1967-12-28","-72.29444","170.30833","5.2","ADARE HALLETT, AY","    0","T,,X","    0","T,,X","    0",",,X","   33",",,X","  -22",",,X",,,,," 1218",",,X","  180","W,,X","  134",",,X",,,,,,,,,,,,
"AYW00087701","1967-12-29","-72.29444","170.30833","5.2","ADARE HALLETT, AY","    0",",,X","    0",",,X","    0",",,X","   17",",,X","  -17",",,X",,,,," 1448",",,X","   45","W,,X","   41",",,X",,,,,,,,,,,,
"AYW00087701","1967-12-30","-72.29444","170.30833","5.2","ADARE HALLETT, AY","    0",",,X","    0",",,X","    0",",,X","   17",",,X","  -33",",,X",,,,," 1330",",,X","   45","W,,X","   57",",,X",,,,,,,,,,,,
"AYW00087701","1967-12-31","-72.29444","170.30833","5.2","ADARE HALLETT, AY","    0","T,,X","    0","T,,X","    0","T,,X","   17",",,X","  -28",",,X",,,,," 1742",",,X","  135","W,,X","   87",",,X",,,,,,,,,,,,
"AYW00087701","1968-01-01","-72.29444","170.30833","5.2","ADARE HALLETT, AY","    0","T,,X","    0","T,,X","    0","T,,X","    0",",,X","  -17",",,X",,,,," 2000",",,X","  360","W,,X","   31",",,X",,,,,,,,,,,,
"AYW00087701","1968-01-02","-72.29444","170.30833","5.2","ADARE HALLETT, AY","    0",",,X","    0",",,X","    0",",,X","   17",",,X","  -17",",,X",,,,," 2136",",,X","  135","W,,X","   72",",,X",,,,,,,,,,,,
"AYW00087701","1968-01-03","-72.29444","170.30833","5.2","ADARE HALLETT, AY","    0","T,,X","    0","T,,X","    0",",,X","    0",",,X","  -11",",,X",,,,," 0106",",,X","  135","W,,X","  103",",,X",,,,,,,,,,,,
"AYW00087701","1968-01-04","-72.29444","170.30833","5.2","ADARE HALLETT, AY","    0","T,,X","    0","T,,X","    0",",,X","   17",",,X","  -17",",,X",,,,," 2154",",,X","  135","W,,X","  129",",,X",,,,,,,,,,,,
"AYW00087701","1968-01-05","-72.29444","170.30833","5.2","ADARE HALLETT, AY","    0","T,,X","    0","T,,X","    0",",,X","   17",",,X","  -11",",,X",,,,," 0700",",,X","  135","W,,X","  164",",,X",,,,,,,,,,,,
"AYW00087701","1968-01-06","-72.29444","170.30833","5.2","ADARE HALLETT, AY","    0",",,X","    0",",,X","    0",",,X","   22",",,X","  -17",",,X",,,,," 0548",",,X","  135","W,,X","   82",",,X",,,,,,,,,,,,
"AYW00087701","1968-01-07","-72.29444","170.30833","5.2","ADARE HALLETT, AY","    0",",,X","    0",",,X","    0",",,X","   22",",,X","  -28",",,X",,,,," 0836",",,X","  225","W,,X","   93",",,X",,,,,,,,,,,,
"AYW00087701","1968-01-08","-72.29444","170.30833","5.2","ADARE HALLETT, AY","    0",",,X","    0",",,X","    0",",,X","    6",",,X","  -22",",,X",,,,," 2312",",,X","  225","W,,X","  226",",,X",,,,,,,,,,,,
"AYW00087701","1968-01-09","-72.29444","170.30833","5.2","ADARE HALLETT, AY","    0",",,X","    0",",,X","    0",",,X","   17",",,X","  -22",",,X",,,,," 0212",",,X","  225","W,,X","  226",",,X",,,,,,,,,,,,
"AYW00087701","1968-01-10","-72.29444","170.30833","5.2","ADARE HALLETT, AY","    0",",,X","    0",",,X","    0",",,X","   22",",,X","  -22",",,X",,,,," 0200",",,X","  225","W,,X","   82",",,X",,,,,,,,,,,,
"AYW00087701","1968-01-11","-72.29444","170.30833","5.2","ADARE HALLETT, AY","    0",",,X","    0",",,X","    0",",,X","   11",",,X","  -28",",,X",,,,," 2024",",,X","  135","W,,X","   98",",,X",,,,,,,,,,,,
"AYW00087701","1968-01-12","-72.29444","170.30833","5.2","ADARE HALLETT, AY","    0",",,X","    0",",,X","    0",",,X","   17",",,X","  -33",",,X",,,,," 0648",",,X","  180","W,,X","  149",",,X",,,,,,,,,,,,
"AYW00087701","1968-01-13","-72.29444","170.30833","5.2","ADARE HALLETT, AY","    0","T,,X","    0","T,,X","    0",",,X","   11",",,X","  -22",",,X",,,,," 1718",",,X","  135","W,,X","   67",",,X",,,,,,,,,,,,
"AYW00087701","1968-01-14","-72.29444","170.30833","5.2","ADARE HALLETT, AY","    0","T,,X","    0","T,,X","    0",",,X","    0",",,X","  -28",",,X",,,,," 1224",",,X","  225","W,,X","  113",",,X",,,,,,,,,,,,
"AYW00087701","1968-01-15","-72.29444","170.30833","5.2","ADARE HALLETT, AY","    0",",,X","    0",",,X","    0",",,X","   11",",,X","  -44",",,X",,,,," 0818",",,X","  270","W,,X","  123",",,X",,,,,,,,,,,,
"AYW00087701","1968-01-16","-72.29444","170.30833","5.2","ADARE HALLETT, AY","    0","T,,X","    0","T,,X","    0",",,X","    6",",,X","  -50",",,X",,,,," 1718",",,X","  180","W,,X","   72",",,X",,,,,,,,,,,,
"AYW00087701","1968-01-17","-72.29444","170.30833","5.2","ADARE HALLETT, AY","    0","T,,X","    0","T,,X","    0","T,,X","   11",",,X","  -28",",,X",,,,," 2130",",,X","  180","W,,X","  236",",,X",,,,,,,,,,,,
"AYW00087701","1968-01-18","-72.29444","170.30833","5.2","ADARE HALLETT, AY","    0","T,,X","    0","T,,X","    0","T,,X","    6",",,X","  -22",",,X",,,,," 1112",",,X","  180","W,,X","  226",",,X",,,,,,,,,,,,
"AYW00087701","1968-01-19","-72.29444","170.30833","5.2","ADARE HALLETT, AY","    0",",,X","    0",",,X","    0",",,X","   11",",,X","  -11",",,X",,,,," 0306",",,X","  180","W,,X","  180",",,X",,,,,,,,,,,,
"AYW00087701","1968-01-20","-72.29444","170.30833","5.2","ADARE HALLETT, AY","    0",",,X","    0",",,X","    0",",,X","   17",",,X","  -17",",,X",,,,," 1000",",,X","   90","W,,X","   36",",,X",,,,,,,,,,,,
"AYW00087701","1968-01-21","-72.29444","170.30833","5.2","ADARE HALLETT, AY","    0",",,X","    0",",,X","    0",",,X","   11",",,X","  -39",",,X",,,,," 2218",",,X","  135","W,,X","   51",",,X",,,,,,,,,,,,
"AYW00087701","1968-01-22","-72.29444","170.30833","5.2","ADARE HALLETT, AY","    0","T,,X","    0","T,,X","    0",",,X","   22",",,X","  -33",",,X",,,,," 2124",",,X","  135","W,,X","   98",",,X",,,,,,,,,,,,
"AYW00087701","1968-01-23","-72.29444","170.30833","5.2","ADARE HALLETT, AY","    0","T,,X","    0","T,,X","    0",",,X","    6",",,X","  -50",",,X",,,,," 0036",",,X","  135","W,,X","   93",",,X",,,,,,,,,,,,
"AYW00087701","1968-01-24","-72.29444","170.30833","5.2","ADARE HALLETT, AY","    0",",,X","    0",",,X","    0",",,X","   11",",,X","  -67",",,X",,,,," 0136",",,X","  225","W,,X","   51",",,X",,,,,,,,,,,,
"AYW00087701","1968-01-25","-72.29444","170.30833","5.2","ADARE HALLETT, AY","    0",",,X","    0",",,X","    0",",,X","   11",",,X","  -72",",,X",,,,," 0600",",,X","  225","W,,X","   41",",,X",,,,,,,,,,,,
"AYW00087701","1968-01-26","-72.29444","170.30833","5.2","ADARE HALLETT, AY","    0",",,X","    0",",,X","    0",",,X","    6",",,X","  -56",",,X",,,,," 0718",",,X","  135","W,,X","   72",",,X",,,,,,,,,,,,
"AYW00087701","1968-01-27","-72.29444","170.30833","5.2","ADARE HALLETT, AY","    0","T,,X","    0","T,,X","    0","T,,X","    6",",,X","  -22",",,X",,,,," 1442",",,X","  360","W,,X","   51",",,X",,,,,,,,,,,,
"AYW00087701","1968-01-28","-72.29444","170.30833","5.2","ADARE HALLETT, AY","    3",",,X","   25",",,X","   25",",,X","    0",",,X","  -39",",,X",,,,," 1636",",,X","  135","W,,X","   93",",,X",,,,,,,,,,,,
"AYW00087701","1968-01-29","-72.29444","170.30833","5.2","ADARE HALLETT, AY","    0","T,,X","    0","T,,X","    0",",,X","  -17",",,X","  -33",",,X",,,,," 1430",",,X","  225","W,,X","  164",",,X",,,,,,,,,,,,
"AYW00087701","1968-01-30","-72.29444","170.30833","5.2","ADARE HALLETT, AY","    0",",,X","    0",",,X","    0",",,X","   11",",,X","  -28",",,X",,,,," 0430",",,X","  225","W,,X","  139",",,X",,,,,,,,,,,,
"AYW00087701","1968-01-31","-72.29444","170.30833","5.2","ADARE HALLETT, AY","    0",",,X","    0",",,X","    0",",,X","    0",",,X","  -44",",,X",,,,," 1454",",,X","  135","W,,X","  113",",,X",,,,,,,,,,,,
"AYW00087701","1968-02-01","-72.29444","170.30833","5.2","ADARE HALLETT, AY","    0",",,X","    0",",,X","    0",",,X","   -6",",,X","  -39",",,X",,,,," 0130",",,X","  225","W,,X","  159",",,X",,,,,,,,,,,,
"AYW00087701","1968-02-02","-72.29444","170.30833","5.2","ADARE HALLETT, AY","    0","T,,X","    0","T,,X","    0",",,X","    0",",,X","  -33",",,X",,,,," 0548",",,X","  225","W,,X","   62",",,X",,,,,,,,,,,,
"AYW00087701","1968-02-03","-72.29444","170.30833","5.2","ADARE HALLETT, AY","    0",",,X","    0",",,X","    0",",,X","    0",",,X","  -39",",,X",,,,," 0930",",,X","  225","W,,X","   51",",,X",,,,,,,,,,,,
"AYW00087701","1968-02-04","-72.29444","170.30833","5.2","ADARE HALLETT, AY","    0","T,,X","    0","T,,X","    0","T,,X","  -11",",,X","  -39",",,X",,,,," 1218",",,X","  135","W,,X","   93",",,X",,,,,,,,,,,,
"AYW00087701","1968-02-05","-72.29444","170.30833","5.2","ADARE HALLETT, AY","   76",",,X","   76",",,X","   25",",,X","  -17",",,X","  -39",",,X",,,,," 0500",",,X","  360","W,,X","   36",",,X",,,,,,,,,,,,
"AYW00087701","1968-02-06","-72.29444","170.30833","5.2","ADARE HALLETT, AY","    0",",,X","    0",",,X","    0",",,X","   11",",,X","  -39",",,X",,,,," 2242",",,X","  225","W,,X","   87",",,X",,,,,,,,,,,,
"AYW00087701","1968-02-07","-72.29444","170.30833","5.2","ADARE HALLETT, AY","    0","T,,X","    0","T,,X","    0",",,X","  -22",",,X","  -39",",,X",,,,," 1112",",,X","  225","W,,X","  211",",,X",,,,,,,,,,,,
"AYW00087701","1968-02-08","-72.29444","170.30833","5.2","ADARE HALLETT, AY","    0","T,,X","    0","T,,X","    0","T,,X","  -22",",,X","  -44",",,X",,,,," 1924",",,X","  135","W,,X","  103",",,X",,,,,,,,,,,,
"AYW00087701","1968-02-09","-72.29444","170.30833","5.2","ADARE HALLETT, AY","    0","T,,X","    0","T,,X","    0",",,X","  -11",",,X","  -44",",,X",,,,," 0000",",,X","  180","W,,X","   77",",,X",,,,,,,,,,,,
"AYW00087701","1968-02-10","-72.29444","170.30833","5.2","ADARE HALLETT, AY","    0",",,X","    0",",,X","    0",",,X","    0",",,X","  -50",",,X",,,,," 0900",",,X","  225","W,,X","   57",",,X",,,,,,,,,,,,
"AYW00087701","1968-02-11","-72.29444","170.30833","5.2","ADARE HALLETT, AY","    0",",,X","    0",",,X","    0",",,X","  -28",",,X","  -50",",,X",,,,," 2218",",,X","  225","W,,X","  175",",,X",,,,,,,,,,,,
"AYW00087701","1968-02-12","-72.29444","170.30833","5.2","ADARE HALLETT, AY","    0",",,X","    0",",,X","    0",",,X","    0",",,X","  -39",",,X",,,,," 2254",",,X","  180","W,,X","  283",",,X",,,,,,,,,,,,
"AYW00087701","1968-02-13","-72.29444","170.30833","5.2","ADARE HALLETT, AY","    0",",,X","    0",",,X","    0",",,X","   17",",,X","  -17",",,X",,,,,,,,,,,,,,,,,,,,,,
"AYW00087701","1968-02-14","-72.29444","170.30833","5.2","ADARE HALLETT, AY","    0","T,,X","    0","T,,X","    0","T,,X","    0",",,X","  -28",",,X",,,,,,,,,,,,,,,,,,,,,,
"AYW00087701","1968-02-15","-72.29444","170.30833","5.2","ADARE HALLETT, AY","  178",",,X","  178",",,X","  127",",,X","  -22",",,X","  -39",",,X",,,,," 2130",",,X","  180","W,,X","  211",",,X",,,,,,,,,,,,
"AYW00087701","1968-02-16","-72.29444","170.30833","5.2","ADARE HALLETT, AY","    0",",,X","    0",",,X","   25",",,X","   -6",",,X","  -39",",,X",,,,," 0024",",,X","  180","W,,X","  175",",,X",,,,,,,,,,,,
"AYW00087701","1968-02-17","-72.29444","170.30833","5.2","ADARE HALLETT, AY","    0","T,,X","    0","T,,X","   25",",,X","  -17",",,X","  -44",",,X",,,,," 1836",",,X","  225","W,,X","  190",",,X",,,,,,,,,,,,
"AYW00087701","1968-02-18","-72.29444","170.30833","5.2","ADARE HALLETT, AY","    0",",,X","    0",",,X","    0","T,,X","  -28",",,X","  -56",",,X",,,,," 0200",",,X","  225","W,,X","   87",",,X",,,,,,,,,,,,
"AYW00087701","1968-02-19","-72.29444","170.30833","5.2","ADARE HALLETT, AY","    0","T,,X","    0","T,,X","    0","T,,X","  -28",",,X","  -61",",,X",,,,," 2148",",,X","  225","W,,X","  231",",,X",,,,,,,,,,,,
"AYW00087701","1968-02-20","-72.29444","170.30833","5.2","ADARE HALLETT, AY","    0","T,,X","    0","T,,X","    0","T,,X","  -33",",,X","  -56",",,X",,,,," 0942",",,X","  180","W,,X","  206",",,X",,,,,,,,,,,,
"AYW00087701","1968-02-21","-72.29444","170.30833","5.2","ADARE HALLETT, AY","    0",",,X","    0",",,X","    0","T,,X","  -22",",,X","  -56",",,X",,,,," 2212",",,X","  180","W,,X","  226",",,X",,,,,,,,,,,,
"AYW00087701","1968-02-22","-72.29444","170.30833","5.2","ADARE HALLETT, AY","    0","T,,X","    0","T,,X","    0","T,,X","  -22",",,X","  -39",",,X",,,,," 1906",",,X","  180","W,,X","  267",",,X",,,,,,,,,,,,
"AYW00087701","1968-02-23","-72.29444","170.30833","5.2","ADARE HALLETT, AY","    0","T,,X","    0","T,,X","    0","T,,X","  -17",",,X","  -50",",,X",,,,," 0318",",,X","  180","W,,X","  221",",,X",,,,,,,,,,,,
"AYW00087701","1968-02-24","-72.29444","170.30833","5.2","ADARE HALLETT, AY","    0","T,,X","    0","T,,X","    0","T,,X","  -22",",,X","  -50",",,X",,,,,,,,,,,,,,,,,,,,,,
"AYW00087701","1968-10-13","-72.29444","170.30833","5.2","ADARE HALLETT, AY","    0",",,X","    0",",,X","    0","T,,X"," -172",",,X"," -261",",,X",,,,," 0248",",,X","  248","W,,X","   46",",,X",,,,,,,,,,,,
"AYW00087701","1968-10-14","-72.29444","170.30833","5.2","ADARE HALLETT, AY","    0",",,X","    0",",,X","    0","T,,X"," -117",",,X"," -261",",,X",,,,," 1754",",,X","   90","W,,X","   87",",,X",,,,,,,,,,,,
"AYW00087701","1968-10-15","-72.29444","170.30833","5.2","ADARE HALLETT, AY","    0","T,,X","    0","T,,X","    0","T,,X"," -117",",,X"," -200",",,X",,,,," 1824",",,X","  203","W,,X","  319",",,X",,,,,,,,,,,,
"AYW00087701","1968-10-16","-72.29444","170.30833","5.2","ADARE HALLETT, AY","    0","T,,X","    0","T,,X","    0","T,,X","  -83",",,X"," -150",",,X",,,,," 0818",",,X","  248","W,,X","  298",",,X",,,,,,,,,,,,
"AYW00087701","1968-10-17","-72.29444","170.30833","5.2","ADARE HALLETT, AY","    0","T,,X","    0","T,,X","    0","T,,X","  -67",",,X","  -83",",,X",,,,," 2036",",,X","  225","W,,X","  262",",,X",,,,,,,,,,,,
"AYW00087701","1968-10-18","-72.29444","170.30833","5.2","ADARE HALLETT, AY","    0",",,X","    0",",,X","    0","T,,X","  -72",",,X"," -133",",,X",,,,," 1012",",,X","  225","W,,X","  262",",,X",,,,,,,,,,,,
"AYW00087701","1968-10-19","-72.29444","170.30833","5.2","ADARE HALLETT, AY","    0","T,,X","    0","T,,X","    0","T,,X","  -94",",,X"," -161",",,X",,,,," 1506",",,X","  248","W,,X","   41",",,X",,,,,,,,,,,,
"AYW00087701","1968-10-20","-72.29444","170.30833","5.2","ADARE HALLETT, AY","    0","T,,X","    0","T,,X","    0","T,,X"," -117",",,X"," -183",",,X",,,,," 0830",",,X","  135","W,,X","  113",",,X",,,,,,,,,,,,
"AYW00087701","1968-10-21","-72.29444","170.30833","5.2","ADARE HALLETT, AY","    0",",,X","    0",",,X","    0","T,,X"," -117",",,X"," -233",",,X",,,,," 1942",",,X","  248","W,,X","   57",",,X",,,,,,,,,,,,
"AYW00087701","1968-10-22","-72.29444","170.30833","5.2","ADARE HALLETT, AY","    0",",,X","    0",",,X","    0","T,,X"," -144",",,X"," -250",",,X",,,,," 2200",",,X","  248","W,,X","   31",",,X",,,,,,,,,,,,
"AYW00087701","1968-10-23","-72.29444","170.30833","5.2","ADARE HALLETT, AY","    0",",,X","    0",",,X","    0","T,,X"," -122",",,X"," -244",",,X",,,,," 0112",",,X","  248","W,,X","   41",",,X",,,,,,,,,,,,
"AYW00087701","1968-10-24","-72.29444","170.30833","5.2","ADARE HALLETT, AY","    0",",,X","    0",",,X","    0","T,,X"," -161",",,X"," -244",",,X",,,,," 2230",",,X","  248","W,,X","   62",",,X",,,,,,,,,,,,
"AYW00087701","1968-10-25","-72.29444","170.30833","5.2","ADARE HALLETT, AY","    0",",,X","    0",",,X","    0","T,,X"," -144",",,X"," -222",",,X",,,,," 0430",",,X","  248","W,,X","   57",",,X",,,,,,,,,,,,
"AYW00087701","1968-10-26","-72.29444","170.30833","5.2","ADARE HALLETT, AY","    0","T,,X","    0","T,,X","    0","T,,X"," -139",",,X"," -228",",,X",,,,," 2318",",,X","  225","W,,X","   36",",,X",,,,,,,,,,,,
"AYW00087701","1968-10-27","-72.29444","170.30833","5.2","ADARE HALLETT, AY","    0","T,,X","    0","T,,X","    0","T,,X"," -156",",,X"," -228",",,X",,,,," 1112",",,X","  248","W,,X","   82",",,X",,,,,,,,,,,,
"AYW00087701","1968-10-28","-72.29444","170.30833","5.2","ADARE HALLETT, AY","    0","T,,X","    0","T,,X","    0","T,,X"," -150",",,X"," -183",",,X",,,,," 0836",",,X","  135","W,,X","   98",",,X",,,,,,,,,,,,
"AYW00087701","1968-10-29","-72.29444","170.30833","5.2","ADARE HALLETT, AY","    0",",,X","    0",",,X","    0","T,,X"," -128",",,X"," -228",",,X",,,,," 1106",",,X","  113","W,,X","  103",",,X",,,,,,,,,,,,
"AYW00087701","1968-10-30","-72.29444","170.30833","5.2","ADARE HALLETT, AY","    0","T,,X","    0","T,,X","    0","T,,X"," -139",",,X"," -183",",,X",,,,," 1418",",,X","  248","W,,X","   87",",,X",,,,,,,,,,,,
"AYW00087701","1968-10-31","-72.29444","170.30833","5.2","ADARE HALLETT, AY","    0","T,,X","    0","T,,X","    0","T,,X"," -122",",,X"," -156",",,X",,,,," 0406",",,X","  248","W,,X","   72",",,X",,,,,,,,,,,,
"AYW00087701","1968-11-01","-72.29444","170.30833","5.2","ADARE HALLETT, AY","    0","T,,X","    0","T,,X","    0","T,,X"," -111",",,X"," -172",",,X",,,,," 1024",",,X","  315","W,,X","   31",",,X",,,,,,,,,,,,
"AYW00087701","1968-11-02","-72.29444","170.30833","5.2","ADARE HALLETT, AY","    0","T,,X","    0","T,,X","    0","T,,X"," -117",",,X"," -172",",,X",,,,," 0712",",,X","  225","W,,X","   31",",,X",,,,,,,,,,,,
"AYW00087701","1968-11-03","-72.29444","170.30833","5.2","ADARE HALLETT, AY","    0","T,,X","    0","T,,X","    0","T,,X"," -117",",,X"," -200",",,X",,,,," 1600",",,X","  360","W,,X","   31",",,X",,,,,,,,,,,,
"AYW00087701","1968-11-04","-72.29444","170.30833","5.2","ADARE HALLETT, AY","    0",",,X","    0",",,X","    0","T,,X"," -117",",,X"," -161",",,X",,,,," 1900",",,X","  180","W,,X","  221",",,X",,,,,,,,,,,,
"AYW00087701","1968-11-05","-72.29444","170.30833","5.2","ADARE HALLETT, AY","    0",",,X","    0",",,X","    0","T,,X","  -83",",,X"," -172",",,X",,,,," 0048",",,X","  180","W,,X","  242",",,X",,,,,,,,,,,,
"AYW00087701","1968-11-06","-72.29444","170.30833","5.2","ADARE HALLETT, AY","    0",",,X","    0",",,X","    0","T,,X","  -89",",,X"," -189",",,X",,,,," 0042",",,X","  270","W,,X","   26",",,X",,,,,,,,,,,,
"AYW00087701","1968-11-07","-72.29444","170.30833","5.2","ADARE HALLETT, AY","    0",",,X","    0",",,X","    0","T,,X","  -61",",,X"," -172",",,X",,,,," 1506",",,X","  360","W,,X","   36",",,X",,,,,,,,,,,,
"AYW00087701","1968-11-08","-72.29444","170.30833","5.2","ADARE HALLETT, AY","    0","T,,X","    0","T,,X","    0","T,,X","  -83",",,X"," -167",",,X",,,,," 2154",",,X","  270","W,,X","   41",",,X",,,,,,,,,,,,
"AYW00087701","1968-11-09","-72.29444","170.30833","5.2","ADARE HALLETT, AY","    0","T,,X","    0","T,,X","    0","T,,X","  -72",",,X"," -106",",,X",,,,," 0618",",,X","  270","W,,X","   51",",,X",,,,,,,,,,,,
"AYW00087701","1968-11-10","-72.29444","170.30833","5.2","ADARE HALLETT, AY","    0","T,,X","    0","T,,X","    0","T,,X","  -72",",,X"," -117",",,X",,,,," 2212",",,X","  270","W,,X","   51",",,X",,,,,,,,,,,,
"AYW00087701","1968-11-11","-72.29444","170.30833","5.2","ADARE HALLETT, AY","    0","T,,X","    0","T,,X","    0","T,,X","  -56",",,X"," -111",",,X",,,,," 0418",",,X","  225","W,,X","   62",",,X",,,,,,,,,,,,
"AYW00087701","1968-11-12","-72.29444","170.30833","5.2","ADARE HALLETT, AY","    0",",,X","    0",",,X","    0","T,,X","  -56",",,X"," -122",",,X",,,,," 1748",",,X","  225","W,,X","  170",",,X",,,,,,,,,,,,
"AYW00087701","1968-11-13","-72.29444","170.30833","5.2","ADARE HALLETT, AY","    0",",,X","    0",",,X","    0","T,,X","  -61",",,X"," -111",",,X",,,,," 0024",",,X","  225","W,,X","  159",",,X",,,,,,,,,,,,
"AYW00087701","1968-11-14","-72.29444","170.30833","5.2","ADARE HALLETT, AY","    0","T,,X","    0","T,,X","    0","T,,X","  -78",",,X"," -117",",,X",,,,," 1706",",,X","  135","W,,X","   57",",,X",,,,,,,,,,,,
"AYW00087701","1968-11-15","-72.29444","170.30833","5.2","ADARE HALLETT, AY","    0","T,,X","    0","T,,X","    0","T,,X","  -83",",,X"," -106",",,X",,,,," 1124",",,X","  135","W,,X","   67",",,X",,,,,,,,,,,,
"AYW00087701","1968-11-16","-72.29444","170.30833","5.2","ADARE HALLETT, AY","    0","T,,X","    0","T,,X","    0","T,,X","  -89",",,X"," -111",",,X",,,,," 1406",",,X","  180","W,,X","   98",",,X",,,,,,,,,,,,
"AYW00087701","1968-11-17","-72.29444","170.30833","5.2","ADARE HALLETT, AY","    0","T,,X","    0","T,,X","    0","T,,X","  -78",",,X"," -117",",,X",,,,," 0118",",,X","  225","W,,X","   62",",,X",,,,,,,,,,,,
"AYW00087701","1968-11-18","-72.29444","170.30833","5.2","ADARE HALLETT, AY","    0","T,,X","    0","T,,X","    0","T,,X","  -61",",,X"," -156",",,X",,,,," 1118",",,X","  270","W,,X","   31",",,X",,,,,,,,,,,,
"AYW00087701","1968-11-19","-72.29444","170.30833","5.2","ADARE HALLETT, AY","    0","T,,X","    0","T,,X","    0","T,,X","  -56",",,X"," -172",",,X",,,,," 0100",",,X","  270","W,,X","   41",",,X",,,,,,,,,,,,
"AYW00087701","1968-11-20","-72.29444","170.30833","5.2","ADARE HALLETT, AY","    0","T,,X","    0","T,,X","    0","T,,X","  -39",",,X"," -117",",,X",,,,," 1700",",,X","  270","W,,X","   31",",,X",,,,,,,,,,,,
"AYW00087701","1968-11-21","-72.29444","170.30833","5.2","ADARE HALLETT, AY","    0","T,,X","    0","T,,X","    0","T,,X","  -28",",,X"," -122",",,X",,,,," 2206",",,X","  360","W,,X","   51",",,X",,,,,,,,,,,,
"AYW00087701","1968-11-22","-72.29444","170.30833","5.2","ADARE HALLETT, AY","    0",",,X","    0",",,X","    0","T,,X","  -28",",,X","  -94",",,X",,,,," 1848",",,X","  270","W,,X","  164",",,X",,,,,,,,,,,,
"AYW00087701","1968-11-23","-72.29444","170.30833","5.2","ADARE HALLETT, AY","    0",",,X","    0",",,X","    0","T,,X","  -28",",,X"," -106",",,X",,,,," 0006",",,X","  270","W,,X","   82",",,X",,,,,,,,,,,,
"AYW00087701","1968-11-24","-72.29444","170.30833","5.2","ADARE HALLETT, AY","    0","T,,X","    0","T,,X","    0","T,,X","  -22",",,X"," -122",",,X",,,,," 2212",",,X","  135","W,,X","   72",",,X",,,,,,,,,,,,
"AYW00087701","1968-11-25","-72.29444","170.30833","5.2","ADARE HALLETT, AY","    0",",,X","    0",",,X","    0","T,,X","  -33",",,X"," -100",",,X",,,,," 0712",",,X","  225","W,,X","  144",",,X",,,,,,,,,,,,
"AYW00087701","1968-11-26","-72.29444","170.30833","5.2","ADARE HALLETT, AY","    0",",,X","    0",",,X","    0","T,,X","  -28",",,X"," -100",",,X",,,,," 0554",",,X","  225","W,,X","  118",",,X",,,,,,,,,,,,
"AYW00087701","1968-11-27","-72.29444","170.30833","5.2","ADARE HALLETT, AY","    0",",,X","    0",",,X","    0","T,,X","  -17",",,X"," -111",",,X",,,,," 1500",",,X","   90","W,,X","   51",",,X",,,,,,,,,,,,
"AYW00087701","1968-11-28","-72.29444","170.30833","5.2","ADARE HALLETT, AY","    0","T,,X","    0","T,,X","    0","T,,X","  -22",",,X","  -89",",,X",,,,," 0012",",,X","  135","W,,X","   46",",,X",,,,,,,,,,,,
"AYW00087701","1968-11-29","-72.29444","170.30833","5.2","ADARE HALLETT, AY","    0",",,X","    0",",,X","    0","T,,X","  -17",",,X","  -89",",,X",,,,," 0154",",,X","  360","W,,X","   26",",,X",,,,,,,,,,,,
"AYW00087701","1968-11-30","-72.29444","170.30833","5.2","ADARE HALLETT, AY","    0",",,X","    0",",,X","    0","T,,X","  -22",",,X","  -83",",,X",,,,," 2306",",,X","   90","W,,X","   72",",,X",,,,,,,,,,,,
"AYW00087701","1968-12-01","-72.29444","170.30833","5.2","ADARE HALLETT, AY","    0","T,,X","    0","T,,X","    0","T,,X","  -17",",,X","  -44",",,X",,,,," 0118",",,X","   90","W,,X","   62",",,X",,,,,,,,,,,,
"AYW00087701","1968-12-02","-72.29444","170.30833","5.2","ADARE HALLETT, AY","    0",",,X","    0",",,X","    0","T,,X","    0",",,X","  -44",",,X",,,,," 1600",",,X","  248","W,,X","  134",",,X",,,,,,,,,,,,
"AYW00087701","1968-12-03","-72.29444","170.30833","5.2","ADARE HALLETT, AY","    0","T,,X","    0","T,,X","    0","T,,X","   -6",",,X","  -39",",,X",,,,," 0054",",,X","  113","W,,X","   82",",,X",,,,,,,,,,,,
"AYW00087701","1968-12-04","-72.29444","170.30833","5.2","ADARE HALLETT, AY","    0","T,,X","    0","T,,X","    0","T,,X","  -17",",,X","  -44",",,X",,,,," 1806",",,X","  158","W,,X","  108",",,X",,,,,,,,,,,,
"AYW00087701","1968-12-05","-72.29444","170.30833","5.2","ADARE HALLETT, AY","    0","T,,X","    0","T,,X","    0","T,,X","  -17",",,X","  -44",",,X",,,,," 1606",",,X","   68","W,,X","   51",",,X",,,,,,,,,,,,
"AYW00087701","1968-12-06","-72.29444","170.30833","5.2","ADARE HALLETT, AY","    0","T,,X","    0","T,,X","    0","T,,X","  -11",",,X","  -39",",,X",,,,," 0348",",,X","  158","W,,X","   67",",,X",,,,,,,,,,,,
"AYW00087701","1968-12-07","-72.29444","170.30833","5.2","ADARE HALLETT, AY","    0",",,X","    0",",,X","    0","T,,X","   -6",",,X","  -33",",,X",,,,," 0048",",,X","  270","W,,X","   72",",,X",,,,,,,,,,,,
"AYW00087701","1968-12-08","-72.29444","170.30833","5.2","ADARE HALLETT, AY","    0","T,,X","    0","T,,X","    0","T,,X","   -6",",,X","  -44",",,X",,,,," 2154",",,X","  135","W,,X","   46",",,X",,,,,,,,,,,,
"AYW00087701","1968-12-09","-72.29444","170.30833","5.2","ADARE HALLETT, AY","    0","T,,X","    0","T,,X","    0","T,,X","  -17",",,X","  -44",",,X",,,,," 1542",",,X","  158","W,,X","  129",",,X",,,,,,,,,,,,
"AYW00087701","1968-12-10","-72.29444","170.30833","5.2","ADARE HALLETT, AY","    0","T,,X","    0","T,,X","    0","T,,X","  -28",",,X","  -56",",,X",,,,," 1600",",,X","  113","W,,X","   87",",,X",,,,,,,,,,,,
"AYW00087701","1968-12-11","-72.29444","170.30833","5.2","ADARE HALLETT, AY","    0","T,,X","    0","T,,X","    0","T,,X","  -17",",,X","  -72",",,X",,,,," 0006",",,X","   90","W,,X","   46",",,X",,,,,,,,,,,,
"AYW00087701","1968-12-12","-72.29444","170.30833","5.2","ADARE HALLETT, AY","    0","T,,X","    0","T,,X","    0","T,,X","  -28",",,X","  -72",",,X",,,,," 2324",",,X","  225","W,,X","  108",",,X",,,,,,,,,,,,
"AYW00087701","1968-12-13","-72.29444","170.30833","5.2","ADARE HALLETT, AY","    0","T,,X","    0","T,,X","    0","T,,X","  -28",",,X","  -50",",,X",,,,," 2200",",,X","  203","W,,X","  185",",,X",,,,,,,,,,,,
"AYW00087701","1968-12-14","-72.29444","170.30833","5.2","ADARE HALLETT, AY","    0",",,X","    0",",,X","    0","T,,X","  -11",",,X","  -39",",,X",,,,," 0142",",,X","  203","W,,X","  190",",,X",,,,,,,,,,,,
"AYW00087701","1968-12-15","-72.29444","170.30833","5.2","ADARE HALLETT, AY","    0",",,X","    0",",,X","    0","T,,X","  -11",",,X","  -50",",,X",,,,," 2324",",,X","  225","W,,X","   41",",,X",,,,,,,,,,,,
"AYW00087701","1968-12-16","-72.29444","170.30833","5.2","ADARE HALLETT, AY","    0",",,X","    0",",,X","    0","T,,X","   -6",",,X","  -72",",,X",,,,," 1918",",,X","  180","W,,X","   87",",,X",,,,,,,,,,,,
"AYW00087701","1968-12-17","-72.29444","170.30833","5.2","ADARE HALLETT, AY","    0",",,X","    0",",,X","    0","T,,X","   -6",",,X","  -61",",,X",,,,," 1112",",,X","  360","W,,X","   57",",,X",,,,,,,,,,,,
"AYW00087701","1968-12-18","-72.29444","170.30833","5.2","ADARE HALLETT, AY","    0",",,X","    0",",,X","    0","T,,X","  -11",",,X","  -72",",,X",,,,," 0012",",,X","  270","W,,X","   31",",,X",,,,,,,,,,,,
"AYW00087701","1968-12-19","-72.29444","170.30833","5.2","ADARE HALLETT, AY","    0",",,X","    0",",,X","    0","T,,X","  -11",",,X","  -61",",,X",,,,," 0700",",,X","  248","W,,X","   41",",,X",,,,,,,,,,,,
"AYW00087701","1968-12-20","-72.29444","170.30833","5.2","ADARE HALLETT, AY","    0",",,X","    0",",,X","    0","T,,X","    0",",,X","  -39",",,X",,,,," 0806",",,X","   68","W,,X","   46",",,X",,,,,,,,,,,,
"AYW00087701","1968-12-21","-72.29444","170.30833","5.2","ADARE HALLETT, AY","    0",",,X","    0",",,X","    0","T,,X","   11",",,X","  -72",",,X",,,,," 0254",",,X","  293","W,,X","   26",",,X",,,,,,,,,,,,
"AYW00087701","1968-12-22","-72.29444","170.30833","5.2","ADARE HALLETT, AY","    0",",,X","    0",",,X","    0","T,,X","   -6",",,X","  -56",",,X",,,,," 1336",",,X","   68","W,,X","   82",",,X",,,,,,,,,,,,
"AYW00087701","1968-12-23","-72.29444","170.30833","5.2","ADARE HALLETT, AY","    0","T,,X","    0","T,,X","    0","T,,X","    0",",,X","  -28",",,X",,,,," 0200",",,X","   45","W,,X","   46",",,X",,,,,,,,,,,,
"AYW00087701","1968-12-24","-72.29444","170.30833","5.2","ADARE HALLETT, AY","    0","T,,X","    0","T,,X","    0","T,,X","   -6",",,X","  -28",",,X",,,,," 1612",",,X","  135","W,,X","  103",",,X",,,,,,,,,,,,
"AYW00087701","1968-12-25","-72.29444","170.30833","5.2","ADARE HALLETT, AY","    0","T,,X","    0","T,,X","    0","T,,X","  -22",",,X","  -39",",,X",,,,," 2012",",,X","  225","W,,X","  236",",,X",,,,,,,,,,,,
"AYW00087701","1968-12-26","-72.29444","170.30833","5.2","ADARE HALLETT, AY","    0","T,,X","    0","T,,X","    0","T,,X","    6",",,X","  -33",",,X",,,,," 0000",",,X","  225","W,,X","  170",",,X",,,,,,,,,,,,
"AYW00087701","1968-12-27","-72.29444","170.30833","5.2","ADARE HALLETT, AY","    0","T,,X","    0","T,,X","    0","T,,X","    0",",,X","  -33",",,X",,,,," 1436",",,X","  135","W,,X","  113",",,X",,,,,,,,,,,,
"AYW00087701","1968-12-28","-72.29444","170.30833","5.2","ADARE HALLETT, AY","    0",",,X","    0",",,X","    0","T,,X","    0",",,X","  -33",",,X",,,,," 0654",",,X","  225","W,,X","   31",",,X",,,,,,,,,,,,
"AYW00087701","1968-12-29","-72.29444","170.30833","5.2","ADARE HALLETT, AY","    0",",,X","    0",",,X","    0","T,,X","   -6",",,X","  -61",",,X",,,,," 2006",",,X","  225","W,,X","   36",",,X",,,,,,,,,,,,
"AYW00087701","1968-12-30","-72.29444","170.30833","5.2","ADARE HALLETT, AY","    0",",,X","    0",",,X","    0","T,,X","   33",",,X","  -44",",,X",,,,," 0536",",,X","  180","W,,X","  139",",,X",,,,,,,,,,,,
"AYW00087701","1968-12-31","-72.29444","170.30833","5.2","ADARE HALLETT, AY","    0",",,X","    0",",,X","    0","T,,X","   28",",,X","  -44",",,X",,,,," 1100",",,X","  225","W,,X","   26",",,X",,,,,,,,,,,,
"AYW00087701","1969-01-01","-72.29444","170.30833","5.2","ADARE HALLETT, AY","    0",",,X","    0",",,X","    0","T,,X","    6",",,X","  -28",",,X",,,,," 0854",",,X","   68","W,,X","   41",",,X",,,,,,,,,,,,
"AYW00087701","1969-01-02","-72.29444","170.30833","5.2","ADARE HALLETT, AY","    0",",,X","    0",",,X","    0","T,,X","   22",",,X","  -28",",,X",,,,," 0142",",,X","  225","W,,X","   51",",,X",,,,,,,,,,,,
"AYW00087701","1969-01-03","-72.29444","170.30833","5.2","ADARE HALLETT, AY","    0","T,,X","    0","T,,X","    0","T,,X","    6",",,X","  -28",",,X",,,,," 1900",",,X","  135","W,,X","  134",",,X",,,,,,,,,,,"    1",",,X"
"AYW00087701","1969-01-04","-72.29444","170.30833","5.2","ADARE HALLETT, AY","    0","T,,X","    0","T,,X","    0","T,,X","   28",",,X","  -28",",,X",,,,," 0024",",,X","  113","W,,X","  108",",,X",,,,,,,,,,,"    1",",,X"
"AYW00087701","1969-01-05","-72.29444","170.30833","5.2","ADARE HALLETT, AY","    0",",,X","    0",",,X","    0","T,,X","   11",",,X","  -33",",,X",,,,," 0154",",,X","  248","W,,X","   87",",,X",,,,,,,,,,,,
"AYW00087701","1969-01-06","-72.29444","170.30833","5.2","ADARE HALLETT, AY","    0",",,X","    0",",,X","    0","T,,X","   17",",,X","  -50",",,X",,,,," 1454",",,X","  270","W,,X","   93",",,X",,,,,,,,,,,,
"AYW00087701","1969-01-07","-72.29444","170.30833","5.2","ADARE HALLETT, AY","    0",",,X","    0",",,X","    0","T,,X","   11",",,X","  -33",",,X",,,,," 0342",",,X","  225","W,,X","   36",",,X",,,,,,,,,,,,
"AYW00087701","1969-01-08","-72.29444","170.30833","5.2","ADARE HALLETT, AY","    0",",,X","    0",",,X","    0","T,,X","   22",",,X","  -67",",,X",,,,," 0206",",,X","  270","W,,X","   36",",,X",,,,,,,,,,,,
"AYW00087701","1969-01-09","-72.29444","170.30833","5.2","ADARE HALLETT, AY","    0",",,X","    0",",,X","    0","T,,X","   22",",,X","  -50",",,X",,,,," 1536",",,X","  338","W,,X","   57",",,X",,,,,,,,,,,,
"AYW00087701","1969-01-10","-72.29444","170.30833","5.2","ADARE HALLETT, AY","    0",",,X","    0",",,X","    0","T,,X","   17",",,X","  -33",",,X",,,,," 0300",",,X","  248","W,,X","   41",",,X",,,,,,,,,,,,
"AYW00087701","1969-01-11","-72.29444","170.30833","5.2","ADARE HALLETT, AY","    0",",,X","    0",",,X","    0","T,,X","   22",",,X","  -39",",,X",,,,," 1406",",,X","   68","W,,X","   67",",,X",,,,,,,,,,,,
"AYW00087701","1969-01-12","-72.29444","170.30833","5.2","ADARE HALLETT, AY","    0",",,X","    0",",,X","    0","T,,X","   22",",,X","  -11",",,X",,,,," 0236",",,X","  203","W,,X","   87",",,X",,,,,,,,,,,,
"AYW00087701","1969-01-13","-72.29444","170.30833","5.2","ADARE HALLETT, AY","    0",",,X","    0",",,X","    0","T,,X","   28",",,X","  -22",",,X",,,,," 0318",",,X","  113","W,,X","   62",",,X",,,,,,,,,,,,
"AYW00087701","1969-01-14","-72.29444","170.30833","5.2","ADARE HALLETT, AY","    0",",,X","    0",",,X","    0",",,X","    6",",,X","  -33",",,X",,,,," 2318",",,X","  158","W,,X","   62",",,X",,,,,,,,,,,,
"AYW00087701","1969-01-15","-72.29444","170.30833","5.2","ADARE HALLETT, AY","    0",",,X","    0",",,X","    0",",,X","   22",",,X","  -22",",,X",,,,," 0630",",,X","  135","W,,X","   57",",,X",,,,,,,,,,,,
"AYW00087701","1969-01-16","-72.29444","170.30833","5.2","ADARE HALLETT, AY","    0",",,X","    0",",,X","    0",",,X","   17",",,X","  -50",",,X",,,,," 0948",",,X","   68","W,,X","   46",",,X",,,,,,,,,,,,
"AYW00087701","1969-01-17","-72.29444","170.30833","5.2","ADARE HALLETT, AY","    0","T,,X","    0","T,,X","    0",",,X","    6",",,X","  -56",",,X",,,,," 2312",",,X","  158","W,,X","   93",",,X",,,,,,,,,,,"    1",",,X"
"AYW00087701","1969-01-18","-72.29444","170.30833","5.2","ADARE HALLETT, AY","    0","T,,X","    0","T,,X","    0",",,X","    6",",,X","  -22",",,X",,,,," 2048",",,X","  225","W,,X","  170",",,X",,,,,,,,,,,"    1",",,X"
"AYW00087701","1969-01-19","-72.29444","170.30833","5.2","ADARE HALLETT, AY","    0","T,,X","    0","T,,X","    0","T,,X","  -11",",,X","  -28",",,X",,,,," 2354",",,X","  225","W,,X","  355",",,X",,,,,,,"    1",",,X",,,"    1",",,X"
"AYW00087701","1969-01-20","-72.29444","170.30833","5.2","ADARE HALLETT, AY","    0","T,,X","    0","T,,X","    0","T,,X","  -22",",,X","  -44",",,X",,,,," 0024",",,X","  225","W,,X","  375",",,X",,,,,,,"    1",",,X",,,"    1",",,X"
"AYW00087701","1969-01-21","-72.29444","170.30833","5.2","ADARE HALLETT, AY","    0","T,,X","    0","T,,X","    0","T,,X","   -6",",,X","  -50",",,X",,,,," 0018",",,X","  225","W,,X","  242",",,X",,,,,,,"    1",",,X",,,"    1",",,X"
"AYW00087701","1969-01-22","-72.29444","170.30833","5.2","ADARE HALLETT, AY","    0",",,X","    0",",,X","    0","T,,X","   11",",,X","  -17",",,X",,,,," 2300",",,X","  225","W,,X","  272",",,X",,,,,,,"    1",",,X",,,,
"AYW00087701","1969-01-23","-72.29444","170.30833","5.2","ADARE HALLETT, AY","    0",",,X","    0",",,X","    0","T,,X","   28",",,X","    6",",,X",,,,," 1318",",,X","  203","W,,X","  283",",,X",,,,,,,,,,,,
"AYW00087701","1969-01-24","-72.29444","170.30833","5.2","ADARE HALLETT, AY","    0",",,X","    0",",,X","    0","T,,X","   22",",,X","  -28",",,X",,,,," 0342",",,X","  203","W,,X","  231",",,X",,,,,,,,,,,,
"AYW00087701","1969-01-25","-72.29444","170.30833","5.2","ADARE HALLETT, AY","    0",",,X","    0",",,X","    0","T,,X","   11",",,X","  -39",",,X",,,,," 2100",",,X","   90","W,,X","   31",",,X",,,,,,,,,,,,
"AYW00087701","1969-01-26","-72.29444","170.30833","5.2","ADARE HALLETT, AY","    0","T,,X","    0","T,,X","    0","T,,X","    6",",,X","  -39",",,X",,,,," 2218",",,X","  225","W,,X","   51",",,X",,,,,,,,,,,"    1",",,X"
"AYW00087701","1969-01-27","-72.29444","170.30833","5.2","ADARE HALLETT, AY","    0","T,,X","    0","T,,X","    0","T,,X","   -6",",,X","  -22",",,X",,,,," 0100",",,X","  158","W,,X","   57",",,X",,,,,,,,,,,"    1",",,X"
"AYW00087701","1969-01-28","-72.29444","170.30833","5.2","ADARE HALLETT, AY","    0","T,,X","    0","T,,X","    0","T,,X","   -6",",,X","  -28",",,X",,,,," 0718",",,X","  248","W,,X","  108",",,X",,,,,,,,,,,"    1",",,X"
"AYW00087701","1969-01-29","-72.29444","170.30833","5.2","ADARE HALLETT, AY","    0",",,X","    0",",,X","    0","T,,X","   -6",",,X","  -33",",,X",,,,," 0018",",,X","  270","W,,X","   36",",,X",,,,,,,,,,,,
"AYW00087701","1969-01-30","-72.29444","170.30833","5.2","ADARE HALLETT, AY","    0","T,,X","    0","T,,X","    0","T,,X","  -17",",,X","  -33",",,X",,,,," 2130",",,X","  248","W,,X","   87",",,X",,,,,,,,,,,"    1",",,X"
"AYW00087701","1969-01-31","-72.29444","170.30833","5.2","ADARE HALLETT, AY","    0","T,,X","    0","T,,X","    0","T,,X","  -17",",,X","  -33",",,X",,,,," 0130",",,X","  248","W,,X","  103",",,X",,,,,,,,,,,"    1",",,X"
"AYW00087701","1969-02-01","-72.29444","170.30833","5.2","ADARE HALLETT, AY","    0","T,,X","    0","T,,X","    0","T,,X","  -17",",,X","  -33",",,X",,,,," 2354",",,X","  248","W,,X","  129",",,X",,,,,,,,,,,"    1",",,X"
"AYW00087701","1969-02-02","-72.29444","170.30833","5.2","ADARE HALLETT, AY","    0","T,,X","    0","T,,X","    0","T,,X","  -17",",,X","  -33",",,X",,,,," 0318",",,X","  270","W,,X","  139",",,X",,,,,,,,,,,"    1",",,X"
"AYW00087701","1969-02-03","-72.29444","170.30833","5.2","ADARE HALLETT, AY","    0","T,,X","    0","T,,X","    0","T,,X","  -17",",,X","  -33",",,X",,,,," 2148",",,X","   45","W,,X","   31",",,X",,,,,,,,,,,"    1",",,X"
"AYW00087701","1969-02-04","-72.29444","170.30833","5.2","ADARE HALLETT, AY","    0","T,,X","    0","T,,X","    0","T,,X","   -6",",,X","  -39",",,X",,,,," 1806",",,X","  158","W,,X","   57",",,X",,,,,,,,,,,"    1",",,X"
"AYW00087701","1969-02-05","-72.29444","170.30833","5.2","ADARE HALLETT, AY","    0","T,,X","    0","T,,X","    0","T,,X","  -22",",,X","  -44",",,X",,,,," 2348",",,X","  248","W,,X","  139",",,X",,,,,,,,,,,"    1",",,X"
"AYW00087701","1969-02-06","-72.29444","170.30833","5.2","ADARE HALLETT, AY","    0",",,X","    0",",,X","    0","T,,X","  -39",",,X","  -61",",,X",,,,," 0654",",,X","  225","W,,X","  175",",,X",,,,,,,,,,,,
"AYW00087701","1969-02-07","-72.29444","170.30833","5.2","ADARE HALLETT, AY","    0",",,X","    0",",,X","    0",",,X","  -39",",,X","  -61",",,X",,,,," 0236",",,X","  225","W,,X","  185",",,X",,,,,,,,,,,,
"AYW00087701","1969-02-08","-72.29444","170.30833","5.2","ADARE HALLETT, AY","    0",",,X","    0",",,X","    0",",,X","  -33",",,X","  -61",",,X",,,,," 0700",",,X","  203","W,,X","  175",",,X",,,,,,,,,,,,
"AYW00087701","1969-02-09","-72.29444","170.30833","5.2","ADARE HALLETT, AY","    0",",,X","    0",",,X","    0",",,X","  -22",",,X","  -56",",,X",,,,," 2036",",,X","  225","W,,X","  200",",,X",,,,,,,,,,,,
"AYW00087701","1969-02-10","-72.29444","170.30833","5.2","ADARE HALLETT, AY","    0",",,X","    0",",,X","    0",",,X","  -11",",,X","  -44",",,X",,,,," 0742",",,X","  203","W,,X","  211",",,X",,,,,,,,,,,,
"AYW00087701","1969-02-11","-72.29444","170.30833","5.2","ADARE HALLETT, AY","    0",",,X","    0",",,X","    0",",,X","    6",",,X","  -28",",,X",,,,," 1100",",,X","  203","W,,X","  231",",,X",,,,,,,,,,,,
"AYW00087701","1969-02-12","-72.29444","170.30833","5.2","ADARE HALLETT, AY","    0",",,X","    0",",,X","    0",",,X","   -6",",,X","  -28",",,X",,,,," 2312",",,X","  203","W,,X","  190",",,X",,,,,,,,,,,,
"AYW00087701","1969-02-13","-72.29444","170.30833","5.2","ADARE HALLETT, AY","    0",",,X","    0",",,X","    0",",,X","    0",",,X","  -17",",,X",,,,," 0736",",,X","  203","W,,X","  226",",,X",,,,,,,,,,,,
"AYW00087701","1969-02-14","-72.29444","170.30833","5.2","ADARE HALLETT, AY","    0",",,X","    0",",,X","    0",",,X","   17",",,X","  -44",",,X",,,,," 0100",",,X","  203","W,,X","  180",",,X","    1",",,X","    1",",,X",,,,,,,,
"AYW00087701","1969-02-15","-72.29444","170.30833","5.2","ADARE HALLETT, AY","    0","T,,X","    0","T,,X","    0","T,,X","  -22",",,X","  -56",",,X",,,,," 1254",",,X","  158","W,,X","   93",",,X","    1",",,X","    1",",,X",,,,,,,"    1",",,X"
"AYW00087701","1969-02-16","-72.29444","170.30833","5.2","ADARE HALLETT, AY","    0","T,,X","    0","T,,X","    0","T,,X","  -44",",,X","  -67",",,X",,,,," 2248",",,X","  248","W,,X","  134",",,X",,,,,,,,,,,"    1",",,X"
"AYW00087701","1969-02-17","-72.29444","170.30833","5.2","ADARE HALLETT, AY","    0",",,X","    0",",,X","    0",",,X","  -39",",,X","  -67",",,X",,,,," 0112",",,X","  248","W,,X","  129",",,X",,,,,,,,,,,,
"AYW00087701","1969-02-18","-72.29444","170.30833","5.2","ADARE HALLETT, AY","    0","T,,X","    0","T,,X","    0","T,,X","  -44",",,X","  -56",",,X",,,,," 2354",",,X","  225","W,,X","  200",",,X",,,,,,,,,,,"    1",",,X"
"AYW00087701","1969-02-19","-72.29444","170.30833","5.2","ADARE HALLETT, AY","    0",",,X","    0",",,X","    0",",,X","  -33",",,X","  -44",",,X",,,,," 0212",",,X","  225","W,,X","  236",",,X",,,,,,,,,,,,
"AYW00087701","1969-02-20","-72.29444","170.30833","5.2","ADARE HALLETT, AY","    0",",,X","    0",",,X","    0",",,X","  -28",",,X","  -56",",,X",,,,," 0930",",,X","  270","W,,X","  103",",,X",,,,,,,,,,,,
"AYW00087701","1969-02-21","-72.29444","170.30833","5.2","ADARE HALLETT, AY","    0","T,,X","    0","T,,X","    0","T,,X","  -50",",,X","  -72",",,X",,,,," 2354",",,X","  248","W,,X","  139",",,X",,,,,,,,,,,"    1",",,X"
"AYW00087701","1969-02-22","-72.29444","170.30833","5.2","ADARE HALLETT, AY","    0","T,,X","    0","T,,X","    0","T,,X","  -56",",,X","  -78",",,X",,,,," 0354",",,X","  248","W,,X","  154",",,X",,,,,,,,,,,"    1",",,X"
"AYW00087701","1969-10-18","-72.29444","170.30833","5.2","ADARE HALLETT, AY","    0","T,,X","    0","T,,X","    0","T,,X"," -161",",,X"," -178",",,X",,,,," 1006",",,X","  270","W,,X","  134",",,X",,,,,,,,,,,,
"AYW00087701","1969-10-19","-72.29444","170.30833","5.2","ADARE HALLETT, AY","    0","T,,X","    0","T,,X","    0","T,,X"," -150",",,X"," -206",",,X",,,,," 0430",",,X","  270","W,,X","  108",",,X",,,,,,,,,,,,
"AYW00087701","1969-10-20","-72.29444","170.30833","5.2","ADARE HALLETT, AY","    0","T,,X","    0","T,,X","    0","T,,X"," -172",",,X"," -206",",,X",,,,," 0818",",,X","  248","W,,X","   67",",,X",,,,,,,,,,,,
"AYW00087701","1969-10-21","-72.29444","170.30833","5.2","ADARE HALLETT, AY","    0","T,,X","    0","T,,X","    0","T,,X"," -161",",,X"," -189",",,X",,,,," 2306",",,X","  225","W,,X","  149",",,X",,,,,,,,,,,,
"AYW00087701","1969-10-22","-72.29444","170.30833","5.2","ADARE HALLETT, AY","    0",",,X","    0",",,X","    0","T,,X"," -144",",,X"," -189",",,X",,,,," 0912",",,X","  248","W,,X","  144",",,X",,,,,,,,,,,,
"AYW00087701","1969-10-23","-72.29444","170.30833","5.2","ADARE HALLETT, AY","    0",",,X","    0",",,X","    0","T,,X"," -156",",,X"," -222",",,X",,,,," 1630",",,X","  158","W,,X","   77",",,X",,,,,,,,,,,,
"AYW00087701","1969-10-24","-72.29444","170.30833","5.2","ADARE HALLETT, AY","    0","T,,X","    0","T,,X","    0","T,,X"," -178",",,X"," -222",",,X",,,,," 1954",",,X","  225","W,,X","   93",",,X",,,,,,,,,,,,
"AYW00087701","1969-10-25","-72.29444","170.30833","5.2","ADARE HALLETT, AY","    0","T,,X","    0","T,,X","    0","T,,X"," -156",",,X"," -228",",,X",,,,," 0130",",,X","  270","W,,X","   51",",,X",,,,,,,,,,,,
"AYW00087701","1969-10-26","-72.29444","170.30833","5.2","ADARE HALLETT, AY","    0",",,X","    0",",,X","    0","T,,X"," -144",",,X"," -228",",,X",,,,," 2348",",,X","  225","W,,X","  103",",,X",,,,,,,,,,,,
"AYW00087701","1969-10-27","-72.29444","170.30833","5.2","ADARE HALLETT, AY","    0",",,X","    0",",,X","    0","T,,X"," -122",",,X"," -194",",,X",,,,," 0236",",,X","  293","W,,X","  113",",,X",,,,,,,,,,,,
"AYW00087701","1969-10-28","-72.29444","170.30833","5.2","ADARE HALLETT, AY","    0",",,X","    0",",,X","    0","T,,X"," -100",",,X"," -239",",,X",,,,," 2100",",,X","  248","W,,X","   98",",,X",,,,,,,,,,,,
"AYW00087701","1969-10-29","-72.29444","170.30833","5.2","ADARE HALLETT, AY","    0",",,X","    0",",,X","    0","T,,X","  -39",",,X"," -100",",,X",,,,," 1654",",,X","  225","W,,X","  149",",,X",,,,,,,,,,,,
"AYW00087701","1969-10-30","-72.29444","170.30833","5.2","ADARE HALLETT, AY","    0",",,X","    0",",,X","    0","T,,X","  -56",",,X","  -67",",,X",,,,," 1130",",,X","  203","W,,X","  267",",,X",,,,,,,,,,,,
"AYW00087701","1969-10-31","-72.29444","170.30833","5.2","ADARE HALLETT, AY","    0",",,X","    0",",,X","    0","T,,X","  -33",",,X"," -111",",,X",,,,," 0130",",,X","  203","W,,X","  206",",,X",,,,,,,,,,,,
"AYW00087701","1969-11-01","-72.29444","170.30833","5.2","ADARE HALLETT, AY","    0","T,,X","    0","T,,X","    0","T,,X","  -89",",,X"," -128",",,X",,,,," 1318",",,X","  158","W,,X","   82",",,X",,,,,,,,,,,"    1",",,X"
"AYW00087701","1969-11-02","-72.29444","170.30833","5.2","ADARE HALLETT, AY","    0","T,,X","    0","T,,X","    0","T,,X","  -83",",,X"," -128",",,X",,,,," 1436",",,X","  270","W,,X","  108",",,X",,,,,,,,,,,"    1",",,X"
"AYW00087701","1969-11-03","-72.29444","170.30833","5.2","ADARE HALLETT, AY","    0","T,,X","    0","T,,X","    0","T,,X","  -78",",,X"," -161",",,X",,,,," 2330",",,X","  248","W,,X","  134",",,X",,,,,,,,,,,"    1",",,X"
"AYW00087701","1969-11-04","-72.29444","170.30833","5.2","ADARE HALLETT, AY","    0","T,,X","    0","T,,X","    0","T,,X","  -89",",,X"," -122",",,X",,,,," 2330",",,X","  248","W,,X","  159",",,X",,,,,,,,,,,"    1",",,X"
"AYW00087701","1969-11-05","-72.29444","170.30833","5.2","ADARE HALLETT, AY","    0",",,X","    0",",,X","    0","T,,X","  -89",",,X"," -161",",,X",,,,," 1218",",,X","  225","W,,X","  164",",,X",,,,,,,,,,,,
"AYW00087701","1969-11-06","-72.29444","170.30833","5.2","ADARE HALLETT, AY","    0",",,X","    0",",,X","    0","T,,X","  -67",",,X"," -100",",,X",,,,," 0342",",,X","  203","W,,X","  164",",,X",,,,,,,,,,,,
"AYW00087701","1969-11-07","-72.29444","170.30833","5.2","ADARE HALLETT, AY","    0","T,,X","    0","T,,X","    0","T,,X","  -78",",,X"," -106",",,X",,,,," 0754",",,X","  203","W,,X","  134",",,X",,,,,,,,,,,"    1",",,X"
"AYW00087701","1969-11-08","-72.29444","170.30833","5.2","ADARE HALLETT, AY","    0","T,,X","    0","T,,X","    0","T,,X","  -83",",,X"," -156",",,X",,,,," 2024",",,X","  270","W,,X","   77",",,X",,,,,,,,,,,"    1",",,X"
"AYW00087701","1969-11-09","-72.29444","170.30833","5.2","ADARE HALLETT, AY","    0",",,X","    0",",,X","    0","T,,X","  -56",",,X"," -156",",,X",,,,," 0412",",,X","  270","W,,X","  103",",,X",,,,,,,,,,,,
"AYW00087701","1969-11-10","-72.29444","170.30833","5.2","ADARE HALLETT, AY","    0",",,X","    0",",,X","    0","T,,X","  -44",",,X","  -78",",,X",,,,," 2242",",,X","  203","W,,X","  247",",,X",,,,,,,,,,,,
"AYW00087701","1969-11-11","-72.29444","170.30833","5.2","ADARE HALLETT, AY","    0",",,X","    0",",,X","    0","T,,X","  -50",",,X"," -100",",,X",,,,," 0148",",,X","  225","W,,X","  211",",,X",,,,,,,,,,,,
"AYW00087701","1969-11-12","-72.29444","170.30833","5.2","ADARE HALLETT, AY","    0",",,X","    0",",,X","    0","T,,X","  -67",",,X"," -139",",,X",,,,," 0018",",,X","  248","W,,X","   31",",,X","    1",",,X",,,,,,,,,,
"AYW00087701","1969-11-13","-72.29444","170.30833","5.2","ADARE HALLETT, AY","    0","T,,X","    0","T,,X","    0","T,,X","  -83",",,X"," -122",",,X",,,,," 1412",",,X","  158","W,,X","   98",",,X",,,,,,,,,,,"    1",",,X"
"AYW00087701","1969-11-14","-72.29444","170.30833","5.2","ADARE HALLETT, AY","    0","T,,X","    0","T,,X","    0","T,,X","  -78",",,X"," -111",",,X",,,,," 0154",",,X","  225","W,,X","   87",",,X",,,,,,,,,,,"    1",",,X"
"AYW00087701","1969-11-15","-72.29444","170.30833","5.2","ADARE HALLETT, AY","    0","T,,X","    0","T,,X","    0","T,,X","  -67",",,X","  -94",",,X",,,,," 2154",",,X","  158","W,,X","   72",",,X",,,,,,,,,,,"    1",",,X"
"AYW00087701","1969-11-16","-72.29444","170.30833","5.2","ADARE HALLETT, AY","    0","T,,X","    0","T,,X","    0","T,,X","  -72",",,X","  -94",",,X",,,,," 2118",",,X","  225","W,,X","  139",",,X",,,,,,,,,,,"    1",",,X"
"AYW00087701","1969-11-17","-72.29444","170.30833","5.2","ADARE HALLETT, AY","    0","T,,X","    0","T,,X","    0","T,,X","  -83",",,X","  -94",",,X",,,,," 1806",",,X","  248","W,,X","  175",",,X",,,,,,,,,,,"    1",",,X"
"AYW00087701","1969-11-18","-72.29444","170.30833","5.2","ADARE HALLETT, AY","    0",",,X","    0",",,X","    0","T,,X","  -61",",,X","  -94",",,X",,,,," 0254",",,X","  248","W,,X","  164",",,X",,,,,,,,,,,,
"AYW00087701","1969-11-19","-72.29444","170.30833","5.2","ADARE HALLETT, AY","    0",",,X","    0",",,X","    0","T,,X","  -44",",,X"," -100",",,X",,,,," 1906",",,X","  203","W,,X","  103",",,X",,,,,,,,,,,,
"AYW00087701","1969-11-20","-72.29444","170.30833","5.2","ADARE HALLETT, AY","    0",",,X","    0",",,X","    0","T,,X","  -33",",,X","  -94",",,X",,,,," 2024",",,X","  180","W,,X","  134",",,X",,,,,,,,,,,,
"AYW00087701","1969-11-21","-72.29444","170.30833","5.2","ADARE HALLETT, AY","    0","T,,X","    0","T,,X","    0","T,,X","  -44",",,X","  -67",",,X",,,,," 2318",",,X","  203","W,,X","  185",",,X",,,,,,,,,,,"    1",",,X"
"AYW00087701","1969-11-22","-72.29444","170.30833","5.2","ADARE HALLETT, AY","    0",",,X","    0",",,X","    0","T,,X","  -22",",,X","  -78",",,X",,,,," 0000",",,X","  203","W,,X","  154",",,X",,,,,,,,,,,,
"AYW00087701","1969-11-23","-72.29444","170.30833","5.2","ADARE HALLETT, AY","    0",",,X","    0",",,X","    0","T,,X","  -22",",,X"," -100",",,X",,,,," 2200",",,X","  113","W,,X","   51",",,X",,,,,,,,,,,,
"AYW00087701","1969-11-24","-72.29444","170.30833","5.2","ADARE HALLETT, AY","    0","T,,X","    0","T,,X","    0","T,,X","  -50",",,X","  -83",",,X",,,,," 1242",",,X","  158","W,,X","   77",",,X",,,,,,,,,,,"    1",",,X"
"AYW00087701","1969-11-25","-72.29444","170.30833","5.2","ADARE HALLETT, AY","    0",",,X","    0",",,X","    0","T,,X","  -33",",,X","  -83",",,X",,,,," 0824",",,X","  248","W,,X","  134",",,X",,,,,,,,,,,,
"AYW00087701","1969-11-26","-72.29444","170.30833","5.2","ADARE HALLETT, AY","    0",",,X","    0",",,X","    0","T,,X","  -33",",,X"," -100",",,X",,,,," 2130",",,X","  158","W,,X","   72",",,X",,,,,,,,,,,,
"AYW00087701","1969-11-27","-72.29444","170.30833","5.2","ADARE HALLETT, AY","    0",",,X","    0",",,X","    0","T,,X","  -17",",,X","  -89",",,X",,,,," 1624",",,X","   68","W,,X","   51",",,X",,,,,,,,,,,,
"AYW00087701","1969-11-28","-72.29444","170.30833","5.2","ADARE HALLETT, AY","    0",",,X","    0",",,X","    0","T,,X","  -22",",,X"," -100",",,X",,,,," 2254",",,X","  180","W,,X","  144",",,X",,,,,,,"    1",",,X",,,,
"AYW00087701","1969-11-29","-72.29444","170.30833","5.2","ADARE HALLETT, AY","    0",",,X","    0",",,X","    0","T,,X","  -33",",,X"," -100",",,X",,,,," 0436",",,X","  113","W,,X","   87",",,X",,,,,,,,,,,,
"AYW00087701","1969-11-30","-72.29444","170.30833","5.2","ADARE HALLETT, AY","    0",",,X","    0",",,X","    0","T,,X","  -33",",,X"," -100",",,X",,,,," 0006",",,X","  293","W,,X","   31",",,X",,,,,,,,,,,,
"AYW00087701","1969-12-01","-72.29444","170.30833","5.2","ADARE HALLETT, AY","    0","T,,X","    0","T,,X","    0","T,,X","  -28",",,X","  -83",",,X",,,,," 1500",",,X","   68","W,,X","   51",",,X",,,,,,,,,,,"    1",",,X"
"AYW00087701","1969-12-02","-72.29444","170.30833","5.2","ADARE HALLETT, AY","    0",",,X","    0",",,X","    0","T,,X","  -17",",,X"," -106",",,X",,,,," 0548",",,X","  315","W,,X","   31",",,X",,,,,,,,,,,,
"AYW00087701","1969-12-03","-72.29444","170.30833","5.2","ADARE HALLETT, AY","    0","T,,X","    0","T,,X","    0","T,,X","   -6",",,X","  -72",",,X",,,,," 1824",",,X","   68","W,,X","   41",",,X",,,,,,,,,,,"    1",",,X"
"AYW00087701","1969-12-04","-72.29444","170.30833","5.2","ADARE HALLETT, AY","    0","T,,X","    0","T,,X","    0","T,,X","   -6",",,X","  -50",",,X",,,,," 1912",",,X","  248","W,,X","   46",",,X","    1",",,X",,,,,,,,,"    1",",,X"
"AYW00087701","1969-12-05","-72.29444","170.30833","5.2","ADARE HALLETT, AY","    0",",,X","    0",",,X","    0","T,,X","  -11",",,X","  -50",",,X",,,,," 1824",",,X","   68","W,,X","   51",",,X","    1",",,X",,,,,,,,,,
"AYW00087701","1969-12-06","-72.29444","170.30833","5.2","ADARE HALLETT, AY","    0",",,X","    0",",,X","    0","T,,X","    0",",,X","  -39",",,X",,,,," 0154",",,X","  248","W,,X","   41",",,X",,,,,,,,,,,,
"AYW00087701","1969-12-07","-72.29444","170.30833","5.2","ADARE HALLETT, AY","    0","T,,X","    0","T,,X","    0","T,,X","   -6",",,X","  -39",",,X",,,,," 1906",",,X","   68","W,,X","   31",",,X",,,,,,,,,,,"    1",",,X"
"AYW00087701","1969-12-08","-72.29444","170.30833","5.2","ADARE HALLETT, AY","    0","T,,X","    0","T,,X","    0","T,,X","    0",",,X","  -56",",,X",,,,," 1424",",,X","  158","W,,X","   62",",,X",,,,,,,,,,,"    1",",,X"
"AYW00087701","1969-12-09","-72.29444","170.30833","5.2","ADARE HALLETT, AY","    0",",,X","    0",",,X","    0","T,,X","  -17",",,X","  -67",",,X",,,,," 0354",",,X","  248","W,,X","  118",",,X",,,,,,,,,,,,
"AYW00087701","1969-12-10","-72.29444","170.30833","5.2","ADARE HALLETT, AY","    0",",,X","    0",",,X","    0","T,,X","    0",",,X","  -78",",,X",,,,," 1100",",,X","   23","W,,X","   46",",,X",,,,,,,,,,,,
"AYW00087701","1969-12-11","-72.29444","170.30833","5.2","ADARE HALLETT, AY","    0",",,X","    0",",,X","    0","T,,X","    0",",,X","  -83",",,X",,,,," 2342",",,X","  248","W,,X","   93",",,X",,,,,,,,,,,,
"AYW00087701","1969-12-12","-72.29444","170.30833","5.2","ADARE HALLETT, AY","    0",",,X","    0",",,X","    0","T,,X","   17",",,X","  -22",",,X",,,,," 0918",",,X","  225","W,,X","  211",",,X",,,,,,,,,,,,
"AYW00087701","1969-12-13","-72.29444","170.30833","5.2","ADARE HALLETT, AY","    0",",,X","    0",",,X","    0","T,,X","   17",",,X","  -28",",,X",,,,," 2354",",,X","  225","W,,X","  129",",,X",,,,,,,,,,,,
"AYW00087701","1969-12-14","-72.29444","170.30833","5.2","ADARE HALLETT, AY","    0",",,X","    0",",,X","    0","T,,X","   33",",,X","   -6",",,X",,,,," 0048",",,X","  203","W,,X","  154",",,X",,,,,,,,,,,,
"AYW00087701","1969-12-15","-72.29444","170.30833","5.2","ADARE HALLETT, AY","    0","T,,X","    0","T,,X","    0","T,,X","   33",",,X","  -17",",,X",,,,," 2048",",,X","  203","W,,X","  185",",,X",,,,,,,,,,,"    1",",,X"
"AYW00087701","1969-12-16","-72.29444","170.30833","5.2","ADARE HALLETT, AY","    0","T,,X","    0","T,,X","    0","T,,X","   22",",,X","   -6",",,X",,,,," 2136",",,X","  203","W,,X","  242",",,X",,,,,,,,,,,"    1",",,X"
"AYW00087701","1969-12-17","-72.29444","170.30833","5.2","ADARE HALLETT, AY","    0",",,X","    0",",,X","    0","T,,X","   28",",,X","    0",",,X",,,,," 0242",",,X","  203","W,,X","  247",",,X",,,,,,,,,,,,
"AYW00087701","1969-12-18","-72.29444","170.30833","5.2","ADARE HALLETT, AY","    0",",,X","    0",",,X","    0","T,,X","   33",",,X","  -33",",,X",,,,," 0000",",,X","  203","W,,X","  134",",,X",,,,,,,,,,,,
"AYW00087701","1969-12-19","-72.29444","170.30833","5.2","ADARE HALLETT, AY","    0",",,X","    0",",,X","    0","T,,X","    0",",,X","  -33",",,X",,,,," 2112",",,X","  135","W,,X","   77",",,X",,,,,,,,,,,,
"AYW00087701","1969-12-20","-72.29444","170.30833","5.2","ADARE HALLETT, AY","    0","T,,X","    0","T,,X","    0","T,,X","   11",",,X","  -22",",,X",,,,," 2206",",,X","  135","W,,X","   82",",,X",,,,,,,,,,,"    1",",,X"
"AYW00087701","1969-12-21","-72.29444","170.30833","5.2","ADARE HALLETT, AY","    0","T,,X","    0","T,,X","    0","T,,X","   17",",,X","  -22",",,X",,,,," 1442",",,X","  225","W,,X","  134",",,X",,,,,,,,,,,"    1",",,X"
"AYW00087701","1969-12-22","-72.29444","170.30833","5.2","ADARE HALLETT, AY","    0",",,X","    0",",,X","    0","T,,X","   17",",,X","  -11",",,X",,,,," 2048",",,X","  158","W,,X","  108",",,X",,,,,,,,,,,,
"AYW00087701","1969-12-23","-72.29444","170.30833","5.2","ADARE HALLETT, AY","    0",",,X","    0",",,X","    0","T,,X","    6",",,X","  -11",",,X",,,,," 2324",",,X","  203","W,,X","  221",",,X",,,,,,,,,,,,
"AYW00087701","1969-12-24","-72.29444","170.30833","5.2","ADARE HALLETT, AY","    0",",,X","    0",",,X","    0","T,,X","    0",",,X","  -17",",,X",,,,," 0136",",,X","  203","W,,X","  267",",,X",,,,,,,,,,,,
"AYW00087701","1969-12-25","-72.29444","170.30833","5.2","ADARE HALLETT, AY","    0",",,X","    0",",,X","    0","T,,X","    0",",,X","  -33",",,X",,,,," 0418",",,X","  203","W,,X","  216",",,X",,,,,,,,,,,,
"AYW00087701","1969-12-26","-72.29444","170.30833","5.2","ADARE HALLETT, AY","    0",",,X","    0",",,X","    0","T,,X","    6",",,X","  -39",",,X",,,,," 0224",",,X","  225","W,,X","  170",",,X",,,,,,,,,,,,
"AYW00087701","1969-12-27","-72.29444","170.30833","5.2","ADARE HALLETT, AY","    0",",,X","    0",",,X","    0","T,,X","  -11",",,X","  -50",",,X",,,,," 0254",",,X","  248","W,,X","   98",",,X",,,,,,,,,,,,
"AYW00087701","1969-12-28","-72.29444","170.30833","5.2","ADARE HALLETT, AY","    0",",,X","    0",",,X","    0","T,,X","   17",",,X","  -50",",,X",,,,," 1300",",,X","   90","W,,X","   62",",,X",,,,,,,,,,,,
"AYW00087701","1969-12-29","-72.29444","170.30833","5.2","ADARE HALLETT, AY","    0",",,X","    0",",,X","    0","T,,X","    6",",,X","  -56",",,X",,,,," 1606",",,X","  360","W,,X","   36",",,X",,,,,,,,,,,,
"AYW00087701","1969-12-30","-72.29444","170.30833","5.2","ADARE HALLETT, AY","    0",",,X","    0",",,X","    0","T,,X","    6",",,X","  -56",",,X",,,,," 1400",",,X","   68","W,,X","   36",",,X",,,,,,,,,,,,
"AYW00087701","1969-12-31","-72.29444","170.30833","5.2","ADARE HALLETT, AY","    0",",,X","    0",",,X","    0","T,,X","   11",",,X","  -56",",,X",,,,," 1500",",,X","  248","W,,X","   41",",,X",,,,,,,,,,,,
"AYW00087701","1970-01-01","-72.29444","170.30833","5.2","ADARE HALLETT, AY","    0",",,X","    0",",,X","    0","T,,X","   22",",,X","  -33",",,X",,,,," 2254",",,X","   90","W,,X","   31",",,X",,,,,,,,,,,,
"AYW00087701","1970-01-02","-72.29444","170.30833","5.2","ADARE HALLETT, AY","    0",",,X","    0",",,X","    0","T,,X","   17",",,X","  -33",",,X",,,,," 0118",",,X","  248","W,,X","   31",",,X",,,,,,,,,,,,
"AYW00087701","1970-01-03","-72.29444","170.30833","5.2","ADARE HALLETT, AY","    0","T,,X","    0","T,,X","    0","T,,X","   11",",,X","  -17",",,X",,,,," 1312",",,X","  135","W,,X","  118",",,X",,,,,,,,,,,"    1",",,X"
"AYW00087701","1970-01-04","-72.29444","170.30833","5.2","ADARE HALLETT, AY","    0","T,,X","    0","T,,X","    0","T,,X","   22",",,X","  -22",",,X",,,,," 1024",",,X","  180","W,,X","  134",",,X",,,,,,,,,,,"    1",",,X"
"AYW00087701","1970-01-05","-72.29444","170.30833","5.2","ADARE HALLETT, AY","    0","T,,X","    0","T,,X","    0","T,,X","   17",",,X","  -33",",,X",,,,," 1712",",,X","  180","W,,X","  129",",,X",,,,,,,,,,,"    1",",,X"
"AYW00087701","1970-01-06","-72.29444","170.30833","5.2","ADARE HALLETT, AY","    0",",,X","    0",",,X","    0",",,X","   22",",,X","  -17",",,X",,,,," 1630",",,X","  203","W,,X","  195",",,X",,,,,,,,,,,,
"AYW00087701","1970-01-07","-72.29444","170.30833","5.2","ADARE HALLETT, AY","    0",",,X","    0",",,X","    0",",,X","   11",",,X","  -11",",,X",,,,," 0848",",,X","  225","W,,X","  247",",,X",,,,,,,,,,,,
"AYW00087701","1970-01-08","-72.29444","170.30833","5.2","ADARE HALLETT, AY","    0",",,X","    0",",,X","    0",",,X","   17",",,X","    0",",,X",,,,," 0306",",,X","  203","W,,X","  206",",,X",,,,,,,,,,,,
"AYW00087701","1970-01-09","-72.29444","170.30833","5.2","ADARE HALLETT, AY","    0",",,X","    0",",,X","    0",",,X","   33",",,X","  -22",",,X",,,,," 2330",",,X","  248","W,,X","   41",",,X",,,,,,,,,,,,
"AYW00087701","1970-01-10","-72.29444","170.30833","5.2","ADARE HALLETT, AY","    0",",,X","    0",",,X","    0",",,X","   17",",,X","  -33",",,X",,,,," 1648",",,X","  225","W,,X","   41",",,X","    1",",,X",,,,,,,,,,
"AYW00087701","1970-01-11","-72.29444","170.30833","5.2","ADARE HALLETT, AY","    0",",,X","    0",",,X","    0",",,X","   28",",,X","  -39",",,X",,,,," 0454",",,X","  248","W,,X","   31",",,X","    1",",,X",,,,,,,,,,
"AYW00087701","1970-01-12","-72.29444","170.30833","5.2","ADARE HALLETT, AY","    0",",,X","    0",",,X","    0",",,X","   33",",,X","  -28",",,X",,,,," 2254",",,X","  135","W,,X","   82",",,X",,,,,,,,,,,,
"AYW00087701","1970-01-13","-72.29444","170.30833","5.2","ADARE HALLETT, AY","    0",",,X","    0",",,X","    0",",,X","   11",",,X","  -39",",,X",,,,," 2306",",,X","  248","W,,X","  159",",,X",,,,,,,,,,,,
"AYW00087701","1970-01-14","-72.29444","170.30833","5.2","ADARE HALLETT, AY","    0",",,X","    0",",,X","    0",",,X","    0",",,X","  -33",",,X",,,,," 0218",",,X","  248","W,,X","  164",",,X",,,,,,,,,,,,
"AYW00087701","1970-01-15","-72.29444","170.30833","5.2","ADARE HALLETT, AY","    0",",,X","    0",",,X","    0",",,X","    0",",,X","  -22",",,X",,,,," 2300",",,X","  225","W,,X","  252",",,X",,,,,,,,,,,,
"AYW00087701","1970-01-16","-72.29444","170.30833","5.2","ADARE HALLETT, AY","    0",",,X","    0",",,X","    0",",,X","    6",",,X","  -17",",,X",,,,," 2112",",,X","  203","W,,X","  314",",,X",,,,,,,,,,,,
"AYW00087701","1970-01-17","-72.29444","170.30833","5.2","ADARE HALLETT, AY","    0","T,,X","    0","T,,X","    0","T,,X","   22",",,X","  -17",",,X",,,,," 0218",",,X","  203","W,,X","  308",",,X",,,,,,,"    1",",,X",,,"    1",",,X"
"AYW00087701","1970-01-18","-72.29444","170.30833","5.2","ADARE HALLETT, AY","    0","T,,X","    0","T,,X","    0","T,,X","   28",",,X","    6",",,X",,,,," 1224",",,X","  225","W,,X","  200",",,X",,,,,,,,,,,"    1",",,X"
"AYW00087701","1970-01-19","-72.29444","170.30833","5.2","ADARE HALLETT, AY","    0","T,,X","    0","T,,X","    0",",,X","   22",",,X","   -6",",,X",,,,," 0342",",,X","  203","W,,X","  170",",,X",,,,,,,,,,,"    1",",,X"
"AYW00087701","1970-01-20","-72.29444","170.30833","5.2","ADARE HALLETT, AY","    0","T,,X","    0","T,,X","    0","T,,X","   17",",,X","  -17",",,X",,,,," 1442",",,X","  203","W,,X","  226",",,X",,,,,,,"    1",",,X",,,"    1",",,X"
"AYW00087701","1970-01-21","-72.29444","170.30833","5.2","ADARE HALLETT, AY","    0","T,,X","    0","T,,X","    0",",,X","   11",",,X","  -17",",,X",,,,," 0100",",,X","  225","W,,X","  216",",,X",,,,,,,"    1",",,X",,,"    1",",,X"
"AYW00087701","1970-01-22","-72.29444","170.30833","5.2","ADARE HALLETT, AY","    0",",,X","    0",",,X","    0",",,X","   22",",,X","  -22",",,X",,,,," 0824",",,X","  225","W,,X","  190",",,X",,,,,,,,,,,,
"AYW00087701","1970-01-23","-72.29444","170.30833","5.2","ADARE HALLETT, AY","    0",",,X","    0",",,X","    0",",,X","   22",",,X","  -28",",,X",,,,," 0318",",,X","  225","W,,X","   67",",,X",,,,,,,,,,,,
"AYW00087701","1970-01-24","-72.29444","170.30833","5.2","ADARE HALLETT, AY","    0",",,X","    0",",,X","    0",",,X","   11",",,X","  -44",",,X",,,,," 2042",",,X","   90","W,,X","   51",",,X",,,,,,,,,,,,
"AYW00087701","1970-01-25","-72.29444","170.30833","5.2","ADARE HALLETT, AY","    0","T,,X","    0","T,,X","    0",",,X","   -6",",,X","  -28",",,X",,,,," 2230",",,X","  203","W,,X","   87",",,X",,,,,,,,,,,"    1",",,X"
"AYW00087701","1970-01-26","-72.29444","170.30833","5.2","ADARE HALLETT, AY","    0",",,X","    0",",,X","    0",",,X","   22",",,X","  -17",",,X",,,,," 0418",",,X","  225","W,,X","  134",",,X",,,,,,,,,,,,
"AYW00087701","1970-01-27","-72.29444","170.30833","5.2","ADARE HALLETT, AY","    0","T,,X","    0","T,,X","    0","T,,X","   17",",,X","  -28",",,X",,,,," 2054",",,X","  225","W,,X","  185",",,X",,,,,,,,,,,"    1",",,X"
"AYW00087701","1970-01-28","-72.29444","170.30833","5.2","ADARE HALLETT, AY","    0","T,,X","    0","T,,X","    0","T,,X","   17",",,X","  -39",",,X",,,,," 0342",",,X","  203","W,,X","  185",",,X",,,,,,,,,,,"    1",",,X"
"AYW00087701","1970-01-29","-72.29444","170.30833","5.2","ADARE HALLETT, AY","    0","T,,X","    0","T,,X","    0","T,,X","   11",",,X","  -22",",,X",,,,," 0154",",,X","  203","W,,X","  159",",,X",,,,,,,,,,,"    1",",,X"
"AYW00087701","1970-01-30","-72.29444","170.30833","5.2","ADARE HALLETT, AY","    0","T,,X","    0","T,,X","    0",",,X","   11",",,X","  -39",",,X",,,,," 0712",",,X","  248","W,,X","   41",",,X",,,,,,,,,,,"    1",",,X"
"AYW00087701","1970-01-31","-72.29444","170.30833","5.2","ADARE HALLETT, AY","    0",",,X","    0",",,X","    0",",,X","    6",",,X","  -61",",,X",,,,," 1818",",,X","  135","W,,X","   67",",,X",,,,,,,,,,,,
"AYW00087701","1970-02-01","-72.29444","170.30833","5.2","ADARE HALLETT, AY","    0","T,,X","    0","T,,X","    0","T,,X","   -6",",,X","  -33",",,X",,,,," 1024",",,X","  225","W,,X","  144",",,X",,,,,,,,,,,"    1",",,X"
"AYW00087701","1970-02-02","-72.29444","170.30833","5.2","ADARE HALLETT, AY","    0",",,X","    0",",,X","    0",",,X","   -6",",,X","  -22",",,X",,,,," 0524",",,X","  203","W,,X","  159",",,X",,,,,,,,,,,,
"AYW00087701","1970-02-03","-72.29444","170.30833","5.2","ADARE HALLETT, AY","    0",",,X","    0",",,X","    0",",,X","    0",",,X","  -44",",,X",,,,," 0000",",,X","  180","W,,X","   72",",,X",,,,,,,,,,,,
"AYW00087701","1970-02-04","-72.29444","170.30833","5.2","ADARE HALLETT, AY","    0","T,,X","    0","T,,X","    0",",,X","   -6",",,X","  -61",",,X",,,,," 1636",",,X","  158","W,,X","   51",",,X",,,,,,,,,,,"    1",",,X"
"AYW00087701","1970-02-05","-72.29444","170.30833","5.2","ADARE HALLETT, AY","    0","T,,X","    0","T,,X","    0","T,,X","  -17",",,X","  -39",",,X",,,,," 1712",",,X","  225","W,,X","  350",",,X",,,,,,,,,,,"    1",",,X"
"AYW00087701","1970-02-06","-72.29444","170.30833","5.2","ADARE HALLETT, AY","    0","T,,X","    0","T,,X","    0",",,X","  -11",",,X","  -17",",,X",,,,," 0042",",,X","  203","W,,X","  360",",,X",,,,,,,,,,,"    1",",,X"
"AYW00087701","1970-02-07","-72.29444","170.30833","5.2","ADARE HALLETT, AY","    0","T,,X","    0","T,,X","    0",",,X","   -6",",,X","  -17",",,X",,,,," 0936",",,X","  203","W,,X","  226",",,X",,,,,,,,,,,"    1",",,X"
"AYW00087701","1970-02-08","-72.29444","170.30833","5.2","ADARE HALLETT, AY","    0",",,X","    0",",,X","    0",",,X","    6",",,X","  -33",",,X",,,,," 0006",",,X","  203","W,,X","  190",",,X",,,,,,,,,,,,
"AYW00087701","1970-02-09","-72.29444","170.30833","5.2","ADARE HALLETT, AY","    0","T,,X","    0","T,,X","    0","T,,X","    6",",,X","  -33",",,X",,,,," 0718",",,X","  225","W,,X","  103",",,X",,,,,,,,,,,"    1",",,X"
"AYW00087701","1970-02-10","-72.29444","170.30833","5.2","ADARE HALLETT, AY","    0","T,,X","    0","T,,X","    0",",,X","   -6",",,X","  -39",",,X",,,,," 1136",",,X","  225","W,,X","   21",",,X",,,,,,,,,,,"    1",",,X"
"AYW00087701","1970-02-11","-72.29444","170.30833","5.2","ADARE HALLETT, AY","    0","T,,X","    0","T,,X","    0","T,,X","  -11",",,X","  -39",",,X",,,,," 0436",",,X","  248","W,,X","   62",",,X",,,,,,,,,,,"    1",",,X"
"AYW00087701","1970-02-12","-72.29444","170.30833","5.2","ADARE HALLETT, AY","    0",",,X","    0",",,X","    0","T,,X","   -6",",,X","  -56",",,X",,,,," 1212",",,X","  248","W,,X","   46",",,X",,,,,,,,,,,,
"AYW00087701","1970-02-13","-72.29444","170.30833","5.2","ADARE HALLETT, AY","    0",",,X","    0",",,X","    0","T,,X","  -11",",,X","  -56",",,X",,,,," 1718",",,X","  248","W,,X","   82",",,X",,,,,,,,,,,,
"AYW00087701","1970-02-14","-72.29444","170.30833","5.2","ADARE HALLETT, AY","    0","T,,X","    0","T,,X","    0",",,X","  -11",",,X","  -33",",,X",,,,," 1454",",,X","  225","W,,X","   41",",,X",,,,,,,,,,,"    1",",,X"
"AYW00087701","1970-02-15","-72.29444","170.30833","5.2","ADARE HALLETT, AY","    0","T,,X","    0","T,,X","    0","T,,X","  -22",",,X","  -44",",,X",,,,," 1548",",,X","  248","W,,X","  113",",,X",,,,,,,,,,,"    1",",,X"
"AYW00087701","1970-02-16","-72.29444","170.30833","5.2","ADARE HALLETT, AY","    0","T,,X","    0","T,,X","    0",",,X","  -28",",,X","  -44",",,X",,,,," 1906",",,X","  248","W,,X","   57",",,X",,,,,,,,,,,"    1",",,X"
"AYW00087701","1970-02-17","-72.29444","170.30833","5.2","ADARE HALLETT, AY","    0","T,,X","    0","T,,X","    0","T,,X","  -39",",,X","  -50",",,X",,,,," 2312",",,X","  158","W,,X","  123",",,X",,,,,,,,,,,"    1",",,X"
"AYW00087701","1970-02-18","-72.29444","170.30833","5.2","ADARE HALLETT, AY","    0","T,,X","    0","T,,X","    0",",,X","  -39",",,X","  -67",",,X",,,,," 0854",",,X","  248","W,,X","   72",",,X",,,,,,,,,,,"    1",",,X"
"AYW00087701","1970-10-13","-72.29444","170.30833","5.2","ADARE HALLETT, AY","    0",",,X","    0",",,X","    0",",,X"," -122",",,X"," -189",",,X",,,,,,,,,,,,,,,,,,,,,,
"AYW00087701","1970-10-14","-72.29444","170.30833","5.2","ADARE HALLETT, AY","    0",",,X","    0",",,X","    0",",,X"," -111",",,X"," -189",",,X",,,,,,,,,,,,,,,,,,,,,,
"AYW00087701","1970-10-15","-72.29444","170.30833","5.2","ADARE HALLETT, AY","    0",",,X","    0",",,X","    0",",,X"," -100",",,X"," -183",",,X",,,,,,,,,,,,,,,,,,,,,,
"AYW00087701","1970-10-16","-72.29444","170.30833","5.2","ADARE HALLETT, AY","    0",",,X","    0",",,X","    0",",,X","  -94",",,X"," -161",",,X",,,,,,,,,,,,,,,,,,,,,,
"AYW00087701","1970-10-17","-72.29444","170.30833","5.2","ADARE HALLETT, AY","    0","T,,X","    0","T,,X","    0",",,X"," -117",",,X"," -161",",,X",,,,," 0300",",,X","  293","W,,X","   93",",,X",,,,,,,,,,,"    1",",,X"
"AYW00087701","1970-10-18","-72.29444","170.30833","5.2","ADARE HALLETT, AY","    0",",,X","    0",",,X","    0",",,X"," -111",",,X"," -211",",,X",,,,,,,,,,,,,,,,,,,,,,
"AYW00087701","1970-10-19","-72.29444","170.30833","5.2","ADARE HALLETT, AY","    0",",,X","    0",",,X","    0",",,X","  -61",",,X"," -183",",,X",,,,," 1042",",,X","  158","W,,X","  190",",,X",,,,,,,,,,,,
"AYW00087701","1970-10-20","-72.29444","170.30833","5.2","ADARE HALLETT, AY","    0","T,,X","    0","T,,X","    0","T,,X","  -72",",,X"," -161",",,X",,,,," 1124",",,X","  158","W,,X","  144",",,X",,,,,,,,,,,"    1",",,X"
"AYW00087701","1970-10-21","-72.29444","170.30833","5.2","ADARE HALLETT, AY","    0",",,X","    0",",,X","    0",",,X","  -83",",,X"," -172",",,X",,,,," 1024",",,X","  225","W,,X","   67",",,X",,,,,,,,,,,,
"AYW00087701","1970-10-22","-72.29444","170.30833","5.2","ADARE HALLETT, AY","    0",",,X","    0",",,X","    0",",,X"," -100",",,X"," -200",",,X",,,,," 0606",",,X","  158","W,,X","   98",",,X",,,,,,,,,,,,
"AYW00087701","1970-10-23","-72.29444","170.30833","5.2","ADARE HALLETT, AY","    0","T,,X","    0","T,,X","    0","T,,X"," -106",",,X"," -189",",,X",,,,,,,,,,,,,,,,,,,,,"    1",",,X"
"AYW00087701","1970-10-24","-72.29444","170.30833","5.2","ADARE HALLETT, AY","    0",",,X","    0",",,X","    0",",,X"," -117",",,X"," -211",",,X",,,,," 2248",",,X","  158","W,,X","  211",",,X",,,,,,,"    1",",,X",,,,
"AYW00087701","1970-10-25","-72.29444","170.30833","5.2","ADARE HALLETT, AY","    0",",,X","    0",",,X","    0","T,,X"," -100",",,X"," -150",",,X",,,,," 0830",",,X","  225","W,,X","  283",",,X",,,,,,,"    1",",,X",,,,
"AYW00087701","1970-10-26","-72.29444","170.30833","5.2","ADARE HALLETT, AY","    0",",,X","    0",",,X","    0",",,X","  -72",",,X"," -172",",,X",,,,," 0306",",,X","  203","W,,X","  180",",,X",,,,,,,"    1",",,X",,,,
"AYW00087701","1970-10-27","-72.29444","170.30833","5.2","ADARE HALLETT, AY","    0",",,X","    0",",,X","    0",",,X","  -56",",,X"," -183",",,X",,,,,,,,,,,,,,,,,,,,,,
"AYW00087701","1970-10-28","-72.29444","170.30833","5.2","ADARE HALLETT, AY","    0","T,,X","    0","T,,X","    0",",,X","  -89",",,X"," -156",",,X",,,,,,,,,,,,,,,,,,,,,"    1",",,X"
"AYW00087701","1970-10-29","-72.29444","170.30833","5.2","ADARE HALLETT, AY","    0",",,X","    0",",,X","    0",",,X","  -78",",,X"," -144",",,X",,,,," 0206",",,X","  248","W,,X","   72",",,X",,,,,,,,,,,,
"AYW00087701","1970-10-30","-72.29444","170.30833","5.2","ADARE HALLETT, AY","    0",",,X","    0",",,X","    0",",,X","  -50",",,X"," -144",",,X",,,,,,,,,,,,,,,,,,,,,,
"AYW00087701","1970-10-31","-72.29444","170.30833","5.2","ADARE HALLETT, AY","    0",",,X","    0",",,X","    0",",,X","  -61",",,X"," -161",",,X",,,,,,,,,,,,,,,,,,,,,,
"AYW00087701","1970-11-01","-72.29444","170.30833","5.2","ADARE HALLETT, AY","    0",",,X","    0",",,X","    0",",,X","  -89",",,X"," -128",",,X",,,,,,,,,,,,,,,,,,,,,,
"AYW00087701","1970-11-02","-72.29444","170.30833","5.2","ADARE HALLETT, AY","    0","T,,X","    0","T,,X","    0","T,,X","  -56",",,X"," -106",",,X",,,,," 2224",",,X","   68","W,,X","   72",",,X",,,,,,,,,,,"    1",",,X"
"AYW00087701","1970-11-03","-72.29444","170.30833","5.2","ADARE HALLETT, AY",,,,,,,"  -72",",,X"," -111",",,X",,,,," 1712",",,X","  158","W,,X","  103",",,X",,,,,,,"    1",",,X",,,"    1",",,X"
"AYW00087701","1970-11-04","-72.29444","170.30833","5.2","ADARE HALLETT, AY","    0","T,,X","    0","T,,X","    0","T,,X","  -78",",,X"," -128",",,X",,,,," 1612",",,X","  270","W,,X","   93",",,X",,,,,,,,,,,"    1",",,X"
"AYW00087701","1970-11-05","-72.29444","170.30833","5.2","ADARE HALLETT, AY",,,,,,," -106",",,X"," -133",",,X",,,,," 1112",",,X","  248","W,,X","   82",",,X",,,,,,,,,,,"    1",",,X"
"AYW00087701","1970-11-06","-72.29444","170.30833","5.2","ADARE HALLETT, AY",,,,,,," -133",",,X"," -178",",,X",,,,," 0900",",,X","  158","W,,X","  108",",,X",,,,,,,,,,,"    1",",,X"
"AYW00087701","1970-11-07","-72.29444","170.30833","5.2","ADARE HALLETT, AY","    0",",,X","    0",",,X","    0",",,X"," -100",",,X"," -189",",,X",,,,,,,,,,,,,,,,,,,,,,
"AYW00087701","1970-11-08","-72.29444","170.30833","5.2","ADARE HALLETT, AY","    0",",,X","    0",",,X","    0",",,X","  -72",",,X"," -189",",,X",,,,,,,,,,,,,,,,,,,,,,
"AYW00087701","1970-11-09","-72.29444","170.30833","5.2","ADARE HALLETT, AY","    0",",,X","    0",",,X","    0",",,X"," -100",",,X"," -189",",,X",,,,,,,,,,,,,,,,,,,,,,
"AYW00087701","1970-11-10","-72.29444","170.30833","5.2","ADARE HALLETT, AY","    0",",,X","    0",",,X","    0",",,X","  -89",",,X"," -161",",,X",,,,,,,,,,,,,,,,,,,,,,
"AYW00087701","1970-11-11","-72.29444","170.30833","5.2","ADARE HALLETT, AY","    0","T,,X","    0","T,,X","    0",",,X","  -83",",,X"," -156",",,X",,,,," 1424",",,X","  158","W,,X","   46",",,X",,,,,,,,,,,"    1",",,X"
"AYW00087701","1970-11-12","-72.29444","170.30833","5.2","ADARE HALLETT, AY","    0",",,X","    0",",,X","    0",",,X","  -56",",,X"," -156",",,X",,,,," 1512",",,X","  225","W,,X","  175",",,X",,,,,,,,,,,,
"AYW00087701","1970-11-13","-72.29444","170.30833","5.2","ADARE HALLETT, AY","    0",",,X","    0",",,X","    0",",,X","  -44",",,X"," -106",",,X",,,,," 0854",",,X","  180","W,,X","  139",",,X",,,,,,,,,,,,
"AYW00087701","1970-11-14","-72.29444","170.30833","5.2","ADARE HALLETT, AY","    0","T,,X","    0","T,,X","    0","T,,X","  -61",",,X"," -122",",,X",,,,," 1230",",,X","  158","W,,X","  113",",,X",,,,,,,,,,,"    1",",,X"
"AYW00087701","1970-11-15","-72.29444","170.30833","5.2","ADARE HALLETT, AY",,,,,,,"  -56",",,X"," -117",",,X",,,,," 1324",",,X","  180","W,,X","  113",",,X",,,,,,,,,,,,
"AYW00087701","1970-11-16","-72.29444","170.30833","5.2","ADARE HALLETT, AY","    0","T,,X","    0","T,,X","    0","T,,X","  -72",",,X"," -117",",,X",,,,," 0124",",,X","  158","W,,X","  123",",,X",,,,,,,"    1",",,X",,,"    1",",,X"
"AYW00087701","1970-11-17","-72.29444","170.30833","5.2","ADARE HALLETT, AY","    0","T,,X","    0","T,,X","    0",",,X","  -28",",,X"," -111",",,X",,,,,,,,,,,,,,,,,,,,,"    1",",,X"
"AYW00087701","1970-11-18","-72.29444","170.30833","5.2","ADARE HALLETT, AY","    0",",,X","    0",",,X","    0",",,X","  -61",",,X"," -144",",,X",,,,,,,,,,,,,,,,,,,,,,
"AYW00087701","1970-11-19","-72.29444","170.30833","5.2","ADARE HALLETT, AY","    0","T,,X","    0","T,,X","    0","T,,X","  -67",",,X"," -133",",,X",,,,," 2154",",,X","  248","W,,X","  103",",,X",,,,,,,,,,,"    1",",,X"
"AYW00087701","1970-11-20","-72.29444","170.30833","5.2","ADARE HALLETT, AY","    0",",,X","    0",",,X","    0",",,X","  -44",",,X"," -117",",,X",,,,," 1800",",,X","  203","W,,X","  195",",,X",,,,,,,,,,,,
"AYW00087701","1970-11-21","-72.29444","170.30833","5.2","ADARE HALLETT, AY","    0",",,X","    0",",,X","    0",",,X","  -33",",,X"," -106",",,X",,,,," 0642",",,X","  203","W,,X","  190",",,X",,,,,,,,,,,,
"AYW00087701","1970-11-22","-72.29444","170.30833","5.2","ADARE HALLETT, AY","    0",",,X","    0",",,X","    0",",,X","  -39",",,X"," -117",",,X",,,,,,,,,,,,,,,,,,,,,,
"AYW00087701","1970-11-23","-72.29444","170.30833","5.2","ADARE HALLETT, AY","    0","T,,X","    0","T,,X","    0",",,X","  -44",",,X"," -100",",,X",,,,,,,,,,,,,,,,,,,,,"    1",",,X"
"AYW00087701","1970-11-24","-72.29444","170.30833","5.2","ADARE HALLETT, AY","    0",",,X","    0",",,X","    0",",,X","  -39",",,X"," -106",",,X",,,,," 2354",",,X","  248","W,,X","  118",",,X",,,,,,,,,,,,
"AYW00087701","1970-11-25","-72.29444","170.30833","5.2","ADARE HALLETT, AY","    0",",,X","    0",",,X","    0",",,X","  -33",",,X","  -94",",,X",,,,," 0224",",,X","  203","W,,X","  139",",,X",,,,,,,,,,,,
"AYW00087701","1970-11-26","-72.29444","170.30833","5.2","ADARE HALLETT, AY","    0",",,X","    0",",,X","    0",",,X","  -28",",,X","  -94",",,X",,,,,,,,,,,,,,,,,,,,,,
"AYW00087701","1970-11-27","-72.29444","170.30833","5.2","ADARE HALLETT, AY","    0",",,X","    0",",,X","    0",",,X","  -11",",,X"," -111",",,X",,,,,,,,,,,,,,,,,,,,,,
"AYW00087701","1970-11-28","-72.29444","170.30833","5.2","ADARE HALLETT, AY","    0",",,X","    0",",,X","    0",",,X","    0",",,X","  -78",",,X",,,,," 1942",",,X","  158","W,,X","   77",",,X",,,,,,,,,,,,
"AYW00087701","1970-11-29","-72.29444","170.30833","5.2","ADARE HALLETT, AY","    0",",,X","    0",",,X","    0",",,X","    0",",,X","  -61",",,X",,,,," 1524",",,X","  248","W,,X","   98",",,X",,,,,,,,,,,,
"AYW00087701","1970-11-30","-72.29444","170.30833","5.2","ADARE HALLETT, AY","    0",",,X","    0",",,X","    0",",,X","    0",",,X","  -89",",,X",,,,," 2130",",,X","  203","W,,X","  154",",,X",,,,,,,,,,,,
"AYW00087701","1970-12-01","-72.29444","170.30833","5.2","ADARE HALLETT, AY","    0","T,,X","    0","T,,X","    0","T,,X","  -17",",,X","  -56",",,X",,,,," 0600",",,X","  203","W,,X","  185",",,X",,,,,,,,,,,"    1",",,X"
"AYW00087701","1970-12-02","-72.29444","170.30833","5.2","ADARE HALLETT, AY","    0","T,,X","    0","T,,X","    0",",,X","   28",",,X","  -33",",,X",,,,," 1642",",,X","  225","W,,X","  226",",,X",,,,,,,,,,,"    1",",,X"
"AYW00087701","1970-12-03","-72.29444","170.30833","5.2","ADARE HALLETT, AY","    0","T,,X","    0","T,,X","    0",",,X","   17",",,X","  -11",",,X",,,,," 0048",",,X","  225","W,,X","  195",",,X",,,,,,,,,,,"    1",",,X"
"AYW00087701","1970-12-04","-72.29444","170.30833","5.2","ADARE HALLETT, AY","    0","T,,X","    0","T,,X","    0",",,X","   -6",",,X","  -33",",,X",,,,," 0036",",,X","  180","W,,X","  180",",,X",,,,,,,,,,,"    1",",,X"
"AYW00087701","1970-12-05","-72.29444","170.30833","5.2","ADARE HALLETT, AY","    0",",,X","    0",",,X","    0",",,X","    6",",,X","  -50",",,X",,,,,,,,,,,,,,,,,,,,,,
"AYW00087701","1970-12-06","-72.29444","170.30833","5.2","ADARE HALLETT, AY","    0",",,X","    0",",,X","    0",",,X","  -22",",,X","  -50",",,X",,,,,,,,,,,,,,,,,,,,,,
"AYW00087701","1970-12-07","-72.29444","170.30833","5.2","ADARE HALLETT, AY","    0","T,,X","    0","T,,X","    0","T,,X","  -11",",,X","  -44",",,X",,,,," 1336",",,X","  180","W,,X","   62",",,X",,,,,,,,,,,"    1",",,X"
"AYW00087701","1970-12-08","-72.29444","170.30833","5.2","ADARE HALLETT, AY","    0",",,X","    0",",,X","    0",",,X","   -6",",,X","  -44",",,X",,,,," 1512",",,X","  203","W,,X","  113",",,X",,,,,,,,,,,,
"AYW00087701","1970-12-09","-72.29444","170.30833","5.2","ADARE HALLETT, AY","    0",",,X","    0",",,X","    0",",,X","   11",",,X","  -33",",,X",,,,," 2300",",,X","  270","W,,X","  123",",,X",,,,,,,,,,,,
"AYW00087701","1970-12-10","-72.29444","170.30833","5.2","ADARE HALLETT, AY","    0",",,X","    0",",,X","    0",",,X","    0",",,X","  -39",",,X",,,,," 2330",",,X","  203","W,,X","  216",",,X",,,,,,,,,,,,
"AYW00087701","1970-12-11","-72.29444","170.30833","5.2","ADARE HALLETT, AY","    0",",,X","    0",",,X","    0",",,X","    0",",,X","  -22",",,X",,,,," 0030",",,X","  225","W,,X","  231",",,X",,,,,,,"    1",",,X",,,,
"AYW00087701","1970-12-12","-72.29444","170.30833","5.2","ADARE HALLETT, AY","    0","T,,X","    0","T,,X","    0",",,X","    6",",,X","  -33",",,X",,,,," 2148",",,X","  203","W,,X","  226",",,X",,,,,,,,,,,"    1",",,X"
"AYW00087701","1970-12-13","-72.29444","170.30833","5.2","ADARE HALLETT, AY","    0",",,X","    0",",,X","    0",",,X","   -6",",,X","  -28",",,X",,,,," 2312",",,X","  225","W,,X","  319",",,X",,,,,,,,,,,,
"AYW00087701","1970-12-14","-72.29444","170.30833","5.2","ADARE HALLETT, AY","    0",",,X","    0",",,X","    0",",,X","    6",",,X","  -22",",,X",,,,," 0530",",,X","  225","W,,X","  334",",,X",,,,,,,"    1",",,X",,,,
"AYW00087701","1970-12-15","-72.29444","170.30833","5.2","ADARE HALLETT, AY","    0",",,X","    0",",,X","    0",",,X","   33",",,X","    0",",,X",,,,," 0018",",,X","  225","W,,X","  242",",,X",,,,,,,"    1",",,X",,,,
"AYW00087701","1970-12-16","-72.29444","170.30833","5.2","ADARE HALLETT, AY","    0",",,X","    0",",,X","    0",",,X","    6",",,X","  -17",",,X",,,,,,,,,,,,,,,,,,,,,,
"AYW00087701","1970-12-17","-72.29444","170.30833","5.2","ADARE HALLETT, AY","    0",",,X","    0",",,X","    0",",,X","   28",",,X","  -22",",,X",,,,,,,,,,,,,,,,,,,,,,
"AYW00087701","1970-12-18","-72.29444","170.30833","5.2","ADARE HALLETT, AY","    0","T,,X","    0","T,,X","    0","T,,X","    6",",,X","  -28",",,X",,,,," 1700",",,X","  135","W,,X","   93",",,X",,,,,,,,,,,"    1",",,X"
"AYW00087701","1970-12-19","-72.29444","170.30833","5.2","ADARE HALLETT, AY","    0",",,X","    0",",,X","    0",",,X","   11",",,X","  -22",",,X",,,,,,,,,,,,,,,,,,,,,,
"AYW00087701","1970-12-20","-72.29444","170.30833","5.2","ADARE HALLETT, AY","    0",",,X","    0",",,X","    0",",,X","   17",",,X","  -17",",,X",,,,," 1442",",,X","   45","W,,X","   46",",,X",,,,,,,,,,,,
"AYW00087701","1970-12-21","-72.29444","170.30833","5.2","ADARE HALLETT, AY","    0",",,X","    0",",,X","    0",",,X","   22",",,X","  -11",",,X",,,,,,,,,,,"    1",",,X",,,,,,,,,,
"AYW00087701","1970-12-22","-72.29444","170.30833","5.2","ADARE HALLETT, AY","    0","T,,X","    0","T,,X","    0",",,X","   22",",,X","  -11",",,X",,,,,,,,,,,"    1",",,X",,,,,,,,,"    1",",,X"
"AYW00087701","1970-12-23","-72.29444","170.30833","5.2","ADARE HALLETT, AY","    0",",,X","    0",",,X","    0",",,X","   11",",,X","  -11",",,X",,,,,,,,,,,,,,,,,,,,,,
"AYW00087701","1970-12-24","-72.29444","170.30833","5.2","ADARE HALLETT, AY","    0",",,X","    0",",,X","    0",",,X","   22",",,X","  -17",",,X",,,,," 1242",",,X","  158","W,,X","   51",",,X",,,,,,,,,,,,
"AYW00087701","1970-12-25","-72.29444","170.30833","5.2","ADARE HALLETT, AY","    0",",,X","    0",",,X","    0",",,X","   11",",,X","  -44",",,X",,,,,,,,,,,,,,,,,,,,,,
"AYW00087701","1970-12-26","-72.29444","170.30833","5.2","ADARE HALLETT, AY","    0","T,,X","    0","T,,X","    0",",,X","   11",",,X","  -17",",,X",,,,," 1500",",,X","  338","W,,X","   82",",,X",,,,,,,,,,,"    1",",,X"
"AYW00087701","1970-12-27","-72.29444","170.30833","5.2","ADARE HALLETT, AY","    0",",,X","    0",",,X","    0",",,X","   11",",,X","  -22",",,X",,,,," 2030",",,X","  225","W,,X","   87",",,X",,,,,,,,,,,,
"AYW00087701","1970-12-28","-72.29444","170.30833","5.2","ADARE HALLETT, AY","    0",",,X","    0",",,X","    0",",,X","   28",",,X","  -11",",,X",,,,," 0506",",,X","   45","W,,X","  139",",,X",,,,,,,,,,,,
"AYW00087701","1970-12-29","-72.29444","170.30833","5.2","ADARE HALLETT, AY","    0",",,X","    0",",,X","    0",",,X","   11",",,X","  -22",",,X",,,,,,,,,,,,,,,,,,,,,,
"AYW00087701","1970-12-30","-72.29444","170.30833","5.2","ADARE HALLETT, AY","    0",",,X","    0",",,X","    0",",,X","   11",",,X","  -17",",,X",,,,," 1336",",,X","  270","W,,X","   51",",,X",,,,,,,,,,,,
"AYW00087701","1970-12-31","-72.29444","170.30833","5.2","ADARE HALLETT, AY","    0",",,X","    0",",,X","    0",",,X","   11",",,X","  -22",",,X",,,,," 0600",",,X","   68","W,,X","  103",",,X",,,,,,,,,,,,
"AYW00087701","1971-01-01","-72.29444","170.30833","5.2","ADARE HALLETT, AY","    0","T,,X","    0","T,,X","    0",",,X","   17",",,X","  -17",",,X",,,,," 1536",",,X","  338","W,,X","  149",",,X",,,,,,,,,,,"    1",",,X"
"AYW00087701","1971-01-02","-72.29444","170.30833","5.2","ADARE HALLETT, AY","    0",",,X","    0",",,X","    0",",,X","   28",",,X","  -22",",,X",,,,,,,,,,,,,,,,,,,,,,
"AYW00087701","1971-01-03","-72.29444","170.30833","5.2","ADARE HALLETT, AY","    0",",,X","    0",",,X","    0",",,X","   44",",,X","  -22",",,X",,,,,,,,,,,,,,,,,,,,,,
"AYW00087701","1971-01-04","-72.29444","170.30833","5.2","ADARE HALLETT, AY","    0",",,X","    0",",,X","    0",",,X","   33",",,X","  -28",",,X",,,,,,,,,,,,,,,,,,,,,,
"AYW00087701","1971-01-05","-72.29444","170.30833","5.2","ADARE HALLETT, AY","    0",",,X","    0",",,X","    0",",,X","   17",",,X","  -39",",,X",,,,," 2006",",,X","   68","W,,X","   67",",,X",,,,,,,,,,,,
"AYW00087701","1971-01-06","-72.29444","170.30833","5.2","ADARE HALLETT, AY","    0",",,X","    0",",,X","    0",",,X","    6",",,X","  -44",",,X",,,,,,,,,,,"    1",",,X",,,,,,,,,,
"AYW00087701","1971-01-07","-72.29444","170.30833","5.2","ADARE HALLETT, AY","    0","T,,X","    0","T,,X","    0",",,X","   28",",,X","  -56",",,X",,,,,,,,,,,"    1",",,X",,,,,,,,,"    1",",,X"
"AYW00087701","1971-01-08","-72.29444","170.30833","5.2","ADARE HALLETT, AY","    0","T,,X","    0","T,,X","    0",",,X","   11",",,X","  -17",",,X",,,,,,,,,,,,,,,,,,,,,"    1",",,X"
"AYW00087701","1971-01-09","-72.29444","170.30833","5.2","ADARE HALLETT, AY","    0","T,,X","    0","T,,X","    0","T,,X","   11",",,X","  -28",",,X",,,,,,,,,,,,,,,,,,,,,"    1",",,X"
"AYW00087701","1971-01-10","-72.29444","170.30833","5.2","ADARE HALLETT, AY","    0","T,,X","    0","T,,X","    0","T,,X","   17",",,X","  -17",",,X",,,,,,,,,,,,,,,,,,,,,"    1",",,X"
"AYW00087701","1971-01-11","-72.29444","170.30833","5.2","ADARE HALLETT, AY","    0","T,,X","    0","T,,X","    0","T,,X","   17",",,X","  -17",",,X",,,,,,,,,,,,,,,,,,,,,"    1",",,X"
"AYW00087701","1971-01-12","-72.29444","170.30833","5.2","ADARE HALLETT, AY","    0","T,,X","    0","T,,X","    0",",,X","   33",",,X","   -6",",,X",,,,," 0436",",,X","  338","W,,X","  139",",,X",,,,,,,,,,,"    1",",,X"
"AYW00087701","1971-01-13","-72.29444","170.30833","5.2","ADARE HALLETT, AY","    0",",,X","    0",",,X","    0",",,X","   22",",,X","  -11",",,X",,,,,,,,,,,,,,,,,,,,,,
"AYW00087701","1971-01-14","-72.29444","170.30833","5.2","ADARE HALLETT, AY","    0",",,X","    0",",,X","    0",",,X","   28",",,X","  -11",",,X",,,,,,,,,,,,,,,,,,,,,,
"AYW00087701","1971-01-15","-72.29444","170.30833","5.2","ADARE HALLETT, AY","    0",",,X","    0",",,X","    0",",,X","   22",",,X","  -28",",,X",,,,," 1706",",,X","  338","W,,X","  118",",,X",,,,,,,,,,,,
"AYW00087701","1971-01-16","-72.29444","170.30833","5.2","ADARE HALLETT, AY","    0",",,X","    0",",,X","    0",",,X","   22",",,X","  -22",",,X",,,,," 1736",",,X","  248","W,,X","  154",",,X",,,,,,,,,,,,
"AYW00087701","1971-01-17","-72.29444","170.30833","5.2","ADARE HALLETT, AY","    0","T,,X","    0","T,,X","    0","T,,X","   22",",,X","  -11",",,X",,,,," 2042",",,X","  180","W,,X","  118",",,X",,,,,,,,,,,"    1",",,X"
"AYW00087701","1971-01-18","-72.29444","170.30833","5.2","ADARE HALLETT, AY","    0",",,X","    0",",,X","    0","T,,X","   39",",,X","  -39",",,X",,,,," 0424",",,X","  225","W,,X","  159",",,X",,,,,,,,,,,,
"AYW00087701","1971-01-19","-72.29444","170.30833","5.2","ADARE HALLETT, AY","    0","T,,X","    0","T,,X","    0",",,X","   11",",,X","  -39",",,X",,,,,,,,,,,,,,,,,,,,,"    1",",,X"
"AYW00087701","1971-01-20","-72.29444","170.30833","5.2","ADARE HALLETT, AY","    0",",,X","    0",",,X","    0",",,X","   33",",,X","  -28",",,X",,,,," 1642",",,X","  203","W,,X","  134",",,X",,,,,,,,,,,,
"AYW00087701","1971-01-21","-72.29444","170.30833","5.2","ADARE HALLETT, AY","    0","T,,X","    0","T,,X","    0",",,X","   11",",,X","  -39",",,X",,,,,,,,,,,,,,,,,,,,,"    1",",,X"
"AYW00087701","1971-01-22","-72.29444","170.30833","5.2","ADARE HALLETT, AY","    0",",,X","    0",",,X","    0",",,X","    6",",,X","  -61",",,X",,,,,,,,,,,,,,,,,,,,,,
"AYW00087701","1971-01-23","-72.29444","170.30833","5.2","ADARE HALLETT, AY","    0","T,,X","    0","T,,X","    0",",,X","    0",",,X","  -33",",,X",,,,,,,,,,,,,,,,,,,,,"    1",",,X"
"AYW00087701","1971-01-24","-72.29444","170.30833","5.2","ADARE HALLETT, AY","    0","T,,X","    0","T,,X","    0",",,X","   11",",,X","  -22",",,X",,,,," 1612",",,X","  180","W,,X","  175",",,X",,,,,,,,,,,"    1",",,X"
"AYW00087701","1971-01-25","-72.29444","170.30833","5.2","ADARE HALLETT, AY","    0","T,,X","    0","T,,X","    0",",,X","   22",",,X","  -11",",,X",,,,," 0024",",,X","  225","W,,X","  118",",,X",,,,,,,,,,,"    1",",,X"
"AYW00087701","1971-01-26","-72.29444","170.30833","5.2","ADARE HALLETT, AY","    0",",,X","    0",",,X","    0",",,X","   22",",,X","  -17",",,X",,,,," 0506",",,X","  203","W,,X","   93",",,X",,,,,,,,,,,,
"AYW00087701","1971-01-27","-72.29444","170.30833","5.2","ADARE HALLETT, AY","    0",",,X","    0",",,X","    0",",,X","   17",",,X","  -28",",,X",,,,,,,,,,,,,,,,,,,,,,
"AYW00087701","1971-01-28","-72.29444","170.30833","5.2","ADARE HALLETT, AY","    0","T,,X","    0","T,,X","    0",",,X","   -6",",,X","  -22",",,X",,,,," 1812",",,X","  203","W,,X","  206",",,X",,,,,,,,,,,"    1",",,X"
"AYW00087701","1971-01-29","-72.29444","170.30833","5.2","ADARE HALLETT, AY","    0","T,,X","    0","T,,X","    0",",,X","    0",",,X","  -17",",,X",,,,," 0406",",,X","  203","W,,X","  236",",,X",,,,,,,,,,,"    1",",,X"
"AYW00087701","1971-01-30","-72.29444","170.30833","5.2","ADARE HALLETT, AY","   69",",,X","   69",",,X","    0","T,,X","  -11",",,X","  -22",",,X",,,,," 2124",",,X","  203","W,,X","  231",",,X",,,,,,,,,,,"    1",",,X"
"AYW00087701","1971-01-31","-72.29444","170.30833","5.2","ADARE HALLETT, AY","    0","T,,X","    0","T,,X","    0",",,X","   17",",,X","  -22",",,X",,,,," 0554",",,X","  225","W,,X","  211",",,X",,,,,,,,,,,"    1",",,X"
"AYW00087701","1971-02-01","-72.29444","170.30833","5.2","ADARE HALLETT, AY",,,,,,,"   17",",,X","  -22",",,X",,,,," 1312",",,X","   70",",,X","   77",",,X",,,,,,,,,"    1",",,X",,
"AYW00087701","1971-02-02","-72.29444","170.30833","5.2","ADARE HALLETT, AY",,,,,,,"   -6",",,X","  -17",",,X",,,,," 1342",",,X","   60",",,X","   41",",,X",,,,,,,,,"    1",",,X","    1",",,X"
"AYW00087701","1971-02-03","-72.29444","170.30833","5.2","ADARE HALLETT, AY",,,,,,,"   -6",",,X","  -22",",,X",,,,," 1118",",,X","   90",",,X","   41",",,X",,,,,,,,,,,"    1",",,X"
"AYW00087701","1971-02-04","-72.29444","170.30833","5.2","ADARE HALLETT, AY",,,,,,,"    0",",,X","  -22",",,X",,,,," 0700",",,X","  220",",,X","  123",",,X",,,,,,,,,,,"    1",",,X"
"AYW00087701","1971-02-05","-72.29444","170.30833","5.2","ADARE HALLETT, AY",,,,,,,"  -17",",,X","  -28",",,X",,,,," 1536",",,X","  360",",,X","   72",",,X",,,,,,,,,,,"    1",",,X"
"AYW00087701","1971-02-06","-72.29444","170.30833","5.2","ADARE HALLETT, AY",,,,,,,"   -6",",,X","  -39",",,X",,,,," 2348",",,X","  230",",,X","   62",",,X",,,,,,,,,,,"    1",",,X"
"AYW00087701","1971-02-07","-72.29444","170.30833","5.2","ADARE HALLETT, AY",,,,,,,"  -22",",,X","  -33",",,X",,,,," 1100",",,X","  250",",,X","  113",",,X",,,,,,,,,,,,
"AYW00087701","1971-02-08","-72.29444","170.30833","5.2","ADARE HALLETT, AY",,,,,,,"  -11",",,X","  -33",",,X",,,,," 1206",",,X","  250",",,X","  118",",,X",,,,,,,,,,,"    1",",,X"
"AYW00087701","1971-02-09","-72.29444","170.30833","5.2","ADARE HALLETT, AY",,,,,,,"  -22",",,X","  -33",",,X",,,,," 1354",",,X","   20",",,X","  129",",,X",,,,,,,,,,,"    1",",,X"
"AYW00087701","1971-02-10","-72.29444","170.30833","5.2","ADARE HALLETT, AY",,,,,,,"  -22",",,X","  -39",",,X",,,,," 0142",",,X","  250",",,X","  144",",,X",,,,,,,,,,,,
"AYW00087701","1971-02-11","-72.29444","170.30833","5.2","ADARE HALLETT, AY",,,,,,,"   -6",",,X","  -44",",,X",,,,," 1842",",,X","   70",",,X","  108",",,X",,,,,,,,,,,,
"AYW00087701","1971-02-12","-72.29444","170.30833","5.2","ADARE HALLETT, AY",,,,,,,"  -11",",,X","  -44",",,X",,,,," 0030",",,X","   60",",,X","   82",",,X",,,,,,,,,,,,
"AYW00087701","1971-02-13","-72.29444","170.30833","5.2","ADARE HALLETT, AY",,,,,,,"  -33",",,X","  -44",",,X",,,,," 1324",",,X","  240",",,X","  154",",,X",,,,,,,,,,,,
"AYW00087701","1971-02-14","-72.29444","170.30833","5.2","ADARE HALLETT, AY",,,,,,,"  -22",",,X","  -50",",,X",,,,," 2000",",,X","  210",",,X","  144",",,X",,,,,,,"    1",",,X",,,"    1",",,X"
"AYW00087701","1971-02-15","-72.29444","170.30833","5.2","ADARE HALLETT, AY",,,,,,,"  -44",",,X","  -67",",,X",,,,," 1312",",,X","  240",",,X","  164",",,X",,,,,,,"    1",",,X",,,"    1",",,X"
"AYW00087701","1971-10-11","-72.29444","170.30833","5.2","ADARE HALLETT, AY","    0",",,X","    0",",,X","    0",",,X"," -139",",,X"," -217",",,X",,,,,,,,,,,,,,,,,,,,,,
"AYW00087701","1971-10-12","-72.29444","170.30833","5.2","ADARE HALLETT, AY","    0",",,X","    0",",,X","    0",",,X"," -133",",,X"," -222",",,X",,,,,,,,,,,,,,,,,,,,,,
"AYW00087701","1971-10-13","-72.29444","170.30833","5.2","ADARE HALLETT, AY","  102",",,X","  102",",,X","   76",",,X","  -94",",,X"," -200",",,X",,,,,,,,,,,,,,,,,,,,,"    1",",,X"
"AYW00087701","1971-10-14","-72.29444","170.30833","5.2","ADARE HALLETT, AY","    0","T,,X","    0","T,,X","  102",",,X"," -122",",,X"," -156",",,X",,,,,,,,,,,,,,,,,,,,,"    1",",,X"
"AYW00087701","1971-10-15","-72.29444","170.30833","5.2","ADARE HALLETT, AY","    0",",,X","    0",",,X","   25",",,X"," -156",",,X"," -172",",,X",,,,,,,,,,,,,,,,,"    1",",,X",,,,
"AYW00087701","1971-10-16","-72.29444","170.30833","5.2","ADARE HALLETT, AY","    0",",,X","    0",",,X","    0",",,X"," -128",",,X"," -172",",,X",,,,,,,,,,,,,,,,,"    1",",,X",,,,
"AYW00087701","1971-10-17","-72.29444","170.30833","5.2","ADARE HALLETT, AY","    0",",,X","    0",",,X","    0",",,X"," -111",",,X"," -150",",,X",,,,,,,,,,,,,,,,,"    1",",,X",,,,
"AYW00087701","1971-10-18","-72.29444","170.30833","5.2","ADARE HALLETT, AY","    0",",,X","    0",",,X","    0",",,X","  -61",",,X"," -111",",,X",,,,,,,,,,,,,,,,,"    1",",,X",,,,
"AYW00087701","1971-10-19","-72.29444","170.30833","5.2","ADARE HALLETT, AY","    0",",,X","    0",",,X","    0",",,X","  -56",",,X"," -161",",,X",,,,,,,,,,,,,,,,,,,,,,
"AYW00087701","1971-10-20","-72.29444","170.30833","5.2","ADARE HALLETT, AY","    0",",,X","    0",",,X","    0",",,X","  -72",",,X"," -178",",,X",,,,," 0400",",,X","  240",",,X","   87",",,X",,,,,,,,,,,,
"AYW00087701","1971-10-21","-72.29444","170.30833","5.2","ADARE HALLETT, AY","    0","T,,X","    0","T,,X","    0",",,X"," -100",",,X"," -183",",,X",,,,," 1606",",,X","  240",",,X","  118",",,X",,,,,,,,,,,"    1",",,X"
"AYW00087701","1971-10-22","-72.29444","170.30833","5.2","ADARE HALLETT, AY","    0",",,X","    0",",,X","    0",",,X"," -111",",,X"," -200",",,X",,,,," 0012",",,X","  270",",,X","   72",",,X",,,,,,,,,,,,
"AYW00087701","1971-10-23","-72.29444","170.30833","5.2","ADARE HALLETT, AY","   13",",,X","   13",",,X","    0","T,,X"," -128",",,X"," -172",",,X",,,,," 0412",",,X","  240",",,X","  113",",,X",,,,,,,,,,,"    1",",,X"
"AYW00087701","1971-10-24","-72.29444","170.30833","5.2","ADARE HALLETT, AY","    0","T,,X","    0","T,,X","    0",",,X"," -139",",,X"," -189",",,X",,,,," 0712",",,X","  270",",,X","  113",",,X",,,,,,,,,,,"    1",",,X"
"AYW00087701","1971-10-25","-72.29444","170.30833","5.2","ADARE HALLETT, AY","    0",",,X","    0",",,X","    0",",,X"," -144",",,X"," -250",",,X",,,,," 0330",",,X","  150",",,X","   36",",,X",,,,,,,,,,,,
"AYW00087701","1971-10-26","-72.29444","170.30833","5.2","ADARE HALLETT, AY","    0",",,X","    0",",,X","    0",",,X"," -150",",,X"," -256",",,X",,,,," 0524",",,X","  270",",,X","   36",",,X",,,,,,,,,,,,
"AYW00087701","1971-10-27","-72.29444","170.30833","5.2","ADARE HALLETT, AY","    0",",,X","    0",",,X","    0",",,X"," -133",",,X"," -256",",,X",,,,," 1730",",,X","  240",",,X","   36",",,X",,,,,,,,,,,,
"AYW00087701","1971-10-28","-72.29444","170.30833","5.2","ADARE HALLETT, AY","    0",",,X","    0",",,X","    0",",,X"," -111",",,X"," -233",",,X",,,,," 0448",",,X","   90",",,X","   46",",,X",,,,,,,,,,,,
"AYW00087701","1971-10-29","-72.29444","170.30833","5.2","ADARE HALLETT, AY","    0",",,X","    0",",,X","    0",",,X"," -106",",,X"," -233",",,X",,,,,,,,,,,,,,,,,,,,,,
"AYW00087701","1971-10-30","-72.29444","170.30833","5.2","ADARE HALLETT, AY","    0",",,X","    0",",,X","    0",",,X"," -111",",,X"," -228",",,X",,,,," 0624",",,X","  290",",,X","   36",",,X",,,,,,,,,,,,
"AYW00087701","1971-10-31","-72.29444","170.30833","5.2","ADARE HALLETT, AY","    0",",,X","    0",",,X","    0",",,X"," -111",",,X"," -239",",,X",,,,," 0830",",,X","  270",",,X","   67",",,X",,,,,,,,,,,,
"AYW00087701","1971-11-01","-72.29444","170.30833","5.2","ADARE HALLETT, AY","    0",",,X","    0",",,X","    0",",,X"," -117",",,X"," -222",",,X",,,,,,,,,,,,,,,,,,,,,,
"AYW00087701","1971-11-02","-72.29444","170.30833","5.2","ADARE HALLETT, AY","    0",",,X","    0",",,X","    0",",,X"," -111",",,X"," -211",",,X",,,,,,,,,,,,,,,,,,,,,,
"AYW00087701","1971-11-03","-72.29444","170.30833","5.2","ADARE HALLETT, AY","    0","T,,X","    0","T,,X","    0",",,X"," -111",",,X"," -211",",,X",,,,,,,,,,,,,,,,,,,,,"    1",",,X"
"AYW00087701","1971-11-04","-72.29444","170.30833","5.2","ADARE HALLETT, AY","    0",",,X","    0",",,X","    0",",,X"," -100",",,X"," -167",",,X",,,,,,,,,,,,,,,,,,,,,,
"AYW00087701","1971-11-05","-72.29444","170.30833","5.2","ADARE HALLETT, AY","    0",",,X","    0",",,X","    0",",,X","  -78",",,X"," -172",",,X",,,,," 0042",",,X","  230",",,X","  211",",,X",,,,,,,"    1",",,X",,,,
"AYW00087701","1971-11-06","-72.29444","170.30833","5.2","ADARE HALLETT, AY","    0",",,X","    0",",,X","    0",",,X","  -78",",,X"," -183",",,X",,,,,,,,,,,,,,,,,,,,,,
"AYW00087701","1971-11-07","-72.29444","170.30833","5.2","ADARE HALLETT, AY","    0","T,,X","    0","T,,X","    0","T,,X"," -100",",,X"," -139",",,X",,,,,,,,,,,,,,,,,,,,,"    1",",,X"
"AYW00087701","1971-11-08","-72.29444","170.30833","5.2","ADARE HALLETT, AY","   13",",,X","   25",",,X","    0","T,,X","  -94",",,X"," -156",",,X",,,,,,,,,,,,,,,,,,,,,"    1",",,X"
"AYW00087701","1971-11-09","-72.29444","170.30833","5.2","ADARE HALLETT, AY","    0","T,,X","    0","T,,X","    0",",,X","  -83",",,X"," -167",",,X",,,,," 0554",",,X","  180",",,X","  134",",,X",,,,,,,,,,,"    1",",,X"
"AYW00087701","1971-11-10","-72.29444","170.30833","5.2","ADARE HALLETT, AY","    0",",,X","    0",",,X","    0",",,X"," -100",",,X"," -156",",,X",,,,,,,,,,,,,,,,,,,,,,
"AYW00087701","1971-11-11","-72.29444","170.30833","5.2","ADARE HALLETT, AY","    0",",,X","    0",",,X","    0",",,X","  -83",",,X"," -200",",,X",,,,,,,,,,,,,,,,,,,,,,
"AYW00087701","1971-11-12","-72.29444","170.30833","5.2","ADARE HALLETT, AY","    0",",,X","    0",",,X","    0",",,X","  -78",",,X"," -183",",,X",,,,," 2124",",,X","  240",",,X","  129",",,X",,,,,,,,,,,,
"AYW00087701","1971-11-13","-72.29444","170.30833","5.2","ADARE HALLETT, AY","    0",",,X","    0",",,X","    0",",,X","  -67",",,X"," -117",",,X",,,,," 2306",",,X","  190",",,X","  159",",,X",,,,,,,"    1",",,X",,,,
"AYW00087701","1971-11-14","-72.29444","170.30833","5.2","ADARE HALLETT, AY","    0",",,X","    0",",,X","    0",",,X","  -17",",,X","  -78",",,X",,,,," 0042",",,X","  180",",,X","  175",",,X",,,,,,,"    1",",,X",,,,
"AYW00087701","1971-11-15","-72.29444","170.30833","5.2","ADARE HALLETT, AY","    0","T,,X","    0","T,,X","    0","T,,X","  -33",",,X","  -83",",,X",,,,," 0324",",,X","  220",",,X","  123",",,X",,,,,,,,,,,"    1",",,X"
"AYW00087701","1971-11-16","-72.29444","170.30833","5.2","ADARE HALLETT, AY","    0",",,X","    0",",,X","    0",",,X","  -56",",,X"," -122",",,X",,,,," 1206",",,X","  200",",,X","   41",",,X",,,,,,,,,,,,
"AYW00087701","1971-11-17","-72.29444","170.30833","5.2","ADARE HALLETT, AY","    0","T,,X","    0","T,,X","    0",",,X","  -67",",,X"," -117",",,X",,,,," 0824",",,X","   90",",,X","   57",",,X",,,,,,,,,,,"    1",",,X"
"AYW00087701","1971-11-18","-72.29444","170.30833","5.2","ADARE HALLETT, AY","    0",",,X","    0",",,X","    0",",,X","  -28",",,X"," -133",",,X",,,,," 0918",",,X","  230",",,X","   57",",,X",,,,,,,,,,,,
"AYW00087701","1971-11-19","-72.29444","170.30833","5.2","ADARE HALLETT, AY","    0",",,X","    0",",,X","    0",",,X","  -44",",,X"," -144",",,X",,,,," 2154",",,X","  230",",,X","   57",",,X",,,,,,,,,,,,
"AYW00087701","1971-11-20","-72.29444","170.30833","5.2","ADARE HALLETT, AY","    0",",,X","    0",",,X","    0",",,X","  -39",",,X"," -128",",,X",,,,," 0906",",,X","  180",",,X","   87",",,X",,,,,,,,,,,,
"AYW00087701","1971-11-21","-72.29444","170.30833","5.2","ADARE HALLETT, AY","    0",",,X","    0",",,X","    0",",,X","  -56",",,X"," -144",",,X",,,,," 2348",",,X","  270",",,X","  129",",,X",,,,,,,,,,,,
"AYW00087701","1971-11-22","-72.29444","170.30833","5.2","ADARE HALLETT, AY","    0",",,X","    0",",,X","    0",",,X","  -33",",,X"," -122",",,X",,,,," 0030",",,X","  250",",,X","  139",",,X",,,,,,,,,,,,
"AYW00087701","1971-11-23","-72.29444","170.30833","5.2","ADARE HALLETT, AY","    0",",,X","    0",",,X","    0",",,X","  -33",",,X"," -122",",,X",,,,," 0518",",,X","  230",",,X","   67",",,X",,,,,,,,,,,,
"AYW00087701","1971-11-24","-72.29444","170.30833","5.2","ADARE HALLETT, AY","    0",",,X","    0",",,X","    0",",,X","   -6",",,X","  -83",",,X",,,,," 2254",",,X","   30",",,X","   36",",,X",,,,,,,,,,,,
"AYW00087701","1971-11-25","-72.29444","170.30833","5.2","ADARE HALLETT, AY","    0","T,,X","    0","T,,X","    0","T,,X","   -6",",,X"," -111",",,X",,,,,,,,,,,,,,,,,,,,,"    1",",,X"
"AYW00087701","1971-11-26","-72.29444","170.30833","5.2","ADARE HALLETT, AY","    0","T,,X","    0","T,,X","    0",",,X","    6",",,X","  -39",",,X",,,,," 1054",",,X","  140",",,X","  103",",,X",,,,,,,,,,,"    1",",,X"
"AYW00087701","1971-11-27","-72.29444","170.30833","5.2","ADARE HALLETT, AY","    0",",,X","    0",",,X","    0",",,X","   11",",,X","  -44",",,X",,,,," 0642",",,X","  330",",,X","   26",",,X",,,,,,,,,,,,
"AYW00087701","1971-11-28","-72.29444","170.30833","5.2","ADARE HALLETT, AY","    0",",,X","    0",",,X","    0",",,X","   11",",,X","  -39",",,X",,,,," 1900",",,X","  140",",,X","   82",",,X",,,,,,,,,,,,
"AYW00087701","1971-11-29","-72.29444","170.30833","5.2","ADARE HALLETT, AY","    0",",,X","    0",",,X","    0",",,X","   28",",,X","  -61",",,X",,,,," 1648",",,X","  230",",,X","  149",",,X",,,,,,,,,,,,
"AYW00087701","1971-11-30","-72.29444","170.30833","5.2","ADARE HALLETT, AY","    0",",,X","    0",",,X","    0",",,X","    0",",,X","  -78",",,X",,,,," 1042",",,X","  240",",,X","   36",",,X","    1",",,X",,,,,,,,,,
"AYW00087701","1971-12-01","-72.29444","170.30833","5.2","ADARE HALLETT, AY","    0",",,X","    0",",,X","    0",",,X","  -11",",,X","  -56",",,X",,,,," 0054",",,X","  230",",,X","   57",",,X","    1",",,X",,,,,,,,,,
"AYW00087701","1971-12-02","-72.29444","170.30833","5.2","ADARE HALLETT, AY","    0","T,,X","    0","T,,X","    0","T,,X","  -17",",,X","  -67",",,X",,,,," 1306",",,X","  130",",,X","   93",",,X",,,,,,,,,,,"    1",",,X"
"AYW00087701","1971-12-03","-72.29444","170.30833","5.2","ADARE HALLETT, AY","   25",",,X","   25",",,X","   25",",,X","  -17",",,X","  -56",",,X",,,,," 1612",",,X","   60",",,X","   36",",,X",,,,,,,,,,,"    1",",,X"
"AYW00087701","1971-12-04","-72.29444","170.30833","5.2","ADARE HALLETT, AY","    0","T,,X","    0","T,,X","    0",",,X","    6",",,X","  -50",",,X",,,,," 1748",",,X","  200",",,X","  134",",,X",,,,,,,,,,,"    1",",,X"
"AYW00087701","1971-12-05","-72.29444","170.30833","5.2","ADARE HALLETT, AY","    0",",,X","    0",",,X","    0",",,X","   11",",,X","  -44",",,X",,,,," 0442",",,X","  200",",,X","  144",",,X",,,,,,,,,,,,
"AYW00087701","1971-12-06","-72.29444","170.30833","5.2","ADARE HALLETT, AY","    0",",,X","    0",",,X","    0",",,X","    0",",,X","  -94",",,X",,,,," 0030",",,X","  240",",,X","   31",",,X",,,,,,,,,,,,
"AYW00087701","1971-12-07","-72.29444","170.30833","5.2","ADARE HALLETT, AY","    0",",,X","    0",",,X","    0",",,X","  -11",",,X","  -89",",,X",,,,," 2036",",,X","  140",",,X","   77",",,X",,,,,,,,,,,,
"AYW00087701","1971-12-08","-72.29444","170.30833","5.2","ADARE HALLETT, AY","    0",",,X","    0",",,X","    0",",,X","    6",",,X","  -61",",,X",,,,," 1918",",,X","  120",",,X","   77",",,X",,,,,,,,,,,,
"AYW00087701","1971-12-09","-72.29444","170.30833","5.2","ADARE HALLETT, AY","    0","T,,X","    0","T,,X","    0","T,,X","  -17",",,X","  -39",",,X",,,,," 1400",",,X","  110",",,X","   87",",,X",,,,,,,,,,,"    1",",,X"
"AYW00087701","1971-12-10","-72.29444","170.30833","5.2","ADARE HALLETT, AY","    0","T,,X","    0","T,,X","    0",",,X","    0",",,X","  -44",",,X",,,,," 2000",",,X","  230",",,X","   26",",,X",,,,,,,,,,,"    1",",,X"
"AYW00087701","1971-12-11","-72.29444","170.30833","5.2","ADARE HALLETT, AY","    0",",,X","    0",",,X","    0",",,X","    6",",,X","  -72",",,X",,,,," 1054",",,X","   60",",,X","   36",",,X",,,,,,,,,,,,
"AYW00087701","1971-12-12","-72.29444","170.30833","5.2","ADARE HALLETT, AY","    0",",,X","    0",",,X","    0",",,X","   11",",,X","  -83",",,X",,,,," 1306",",,X","   10",",,X","   57",",,X",,,,,,,,,,,,
"AYW00087701","1971-12-13","-72.29444","170.30833","5.2","ADARE HALLETT, AY","    0",",,X","    0",",,X","    0",",,X","   11",",,X","  -94",",,X",,,,," 1518",",,X","   60",",,X","   67",",,X",,,,,,,,,,,,
"AYW00087701","1971-12-14","-72.29444","170.30833","5.2","ADARE HALLETT, AY","    0",",,X","    0",",,X","    0",",,X","    6",",,X","  -61",",,X",,,,," 0548",",,X","  360",",,X","   41",",,X",,,,,,,,,,,,
"AYW00087701","1971-12-15","-72.29444","170.30833","5.2","ADARE HALLETT, AY","    0",",,X","    0",",,X","    0",",,X","   -6",",,X","  -39",",,X",,,,," 1524",",,X","  120",",,X","   57",",,X",,,,,,,,,,,,
"AYW00087701","1971-12-16","-72.29444","170.30833","5.2","ADARE HALLETT, AY","    0",",,X","    0",",,X","    0",",,X","    0",",,X","  -39",",,X",,,,," 2212",",,X","   80",",,X","   41",",,X",,,,,,,,,,,,
"AYW00087701","1971-12-17","-72.29444","170.30833","5.2","ADARE HALLETT, AY","    0",",,X","    0",",,X","    0",",,X","    6",",,X","  -22",",,X",,,,," 0530",",,X","  120",",,X","   82",",,X",,,,,,,,,,,,
"AYW00087701","1971-12-18","-72.29444","170.30833","5.2","ADARE HALLETT, AY","    0",",,X","    0",",,X","    0",",,X","   28",",,X","  -28",",,X",,,,," 0254",",,X","  240",",,X","   41",",,X",,,,,,,,,,,,
"AYW00087701","1971-12-19","-72.29444","170.30833","5.2","ADARE HALLETT, AY","    0","T,,X","    0","T,,X","    0",",,X","   -6",",,X","  -28",",,X",,,,," 0400",",,X","   70",",,X","   62",",,X",,,,,,,,,,,"    1",",,X"
"AYW00087701","1971-12-20","-72.29444","170.30833","5.2","ADARE HALLETT, AY","    0","T,,X","    0","T,,X","    0",",,X","    6",",,X","  -28",",,X",,,,," 1454",",,X","   30",",,X","   36",",,X",,,,,,,,,,,"    1",",,X"
"AYW00087701","1971-12-21","-72.29444","170.30833","5.2","ADARE HALLETT, AY","    0",",,X","    0",",,X","    0",",,X","   17",",,X","  -39",",,X",,,,," 0136",",,X","  300",",,X","   21",",,X",,,,,,,,,,,,
"AYW00087701","1971-12-22","-72.29444","170.30833","5.2","ADARE HALLETT, AY","    0",",,X","    0",",,X","    0",",,X","   17",",,X","  -44",",,X",,,,," 1300",",,X","  130",",,X","   93",",,X",,,,,,,,,,,,
"AYW00087701","1971-12-23","-72.29444","170.30833","5.2","ADARE HALLETT, AY","    0","T,,X","    0","T,,X","    0",",,X","   -6",",,X","  -44",",,X",,,,," 1442",",,X","  150",",,X","  134",",,X",,,,,,,,,,,"    1",",,X"
"AYW00087701","1971-12-24","-72.29444","170.30833","5.2","ADARE HALLETT, AY","    0","T,,X","    0","T,,X","    0","T,,X","   11",",,X","  -33",",,X",,,,," 1918",",,X","  240",",,X","  206",",,X",,,,,,,,,,,"    1",",,X"
"AYW00087701","1971-12-25","-72.29444","170.30833","5.2","ADARE HALLETT, AY","    0",",,X","    0",",,X","    0",",,X",,,,,,,,,,,,,,,,,,,,,,,,,,
"AYW00087701","1971-12-26","-72.29444","170.30833","5.2","ADARE HALLETT, AY","    0",",,X","    0",",,X","    0",",,X","   22",",,X","  -17",",,X",,,,," 1248",",,X","  140",",,X","  108",",,X",,,,,,,,,,,,
"AYW00087701","1971-12-27","-72.29444","170.30833","5.2","ADARE HALLETT, AY","    0",",,X","    0",",,X","    0",",,X","   33",",,X","  -22",",,X",,,,," 0336",",,X","  320",",,X","   51",",,X",,,,,,,,,,,,
"AYW00087701","1971-12-28","-72.29444","170.30833","5.2","ADARE HALLETT, AY","    0",",,X","    0",",,X","    0",",,X","   22",",,X","  -33",",,X",,,,," 1930",",,X","   40",",,X","   51",",,X",,,,,,,,,,,,
"AYW00087701","1971-12-29","-72.29444","170.30833","5.2","ADARE HALLETT, AY","    0",",,X","    0",",,X","    0",",,X","    0",",,X","  -33",",,X",,,,," 1418",",,X","   40",",,X","   46",",,X",,,,,,,,,,,,
"AYW00087701","1971-12-30","-72.29444","170.30833","5.2","ADARE HALLETT, AY","    0","T,,X","    0","T,,X","    0","T,,X","   11",",,X","  -28",",,X",,,,," 1224",",,X","  120",",,X","   67",",,X",,,,,,,,,,,"    1",",,X"
"AYW00087701","1971-12-31","-72.29444","170.30833","5.2","ADARE HALLETT, AY","    0","T,,X","    0","T,,X","    0",",,X","   17",",,X","  -22",",,X",,,,," 2342",",,X","  180",",,X","   36",",,X",,,,,,,,,,,"    1",",,X"
"AYW00087701","1972-01-01","-72.29444","170.30833","5.2","ADARE HALLETT, AY","    0",",,X","    0",",,X","    0",",,X","   28",",,X","  -22",",,X",,,,," 0554",",,X","  310",",,X","   46",",,X",,,,,,,,,,,,
"AYW00087701","1972-01-02","-72.29444","170.30833","5.2","ADARE HALLETT, AY","    0","T,,X","    0","T,,X","    0","T,,X","   22",",,X","  -44",",,X",,,,," 2348",",,X","   30",",,X","   67",",,X",,,,,,,,,,,"    1",",,X"
"AYW00087701","1972-01-03","-72.29444","170.30833","5.2","ADARE HALLETT, AY","    0","T,,X","    0","T,,X","    0","T,,X","   17",",,X","  -11",",,X",,,,," 0154",",,X","  140",",,X","   82",",,X",,,,,,,,,,,"    1",",,X"
"AYW00087701","1972-01-04","-72.29444","170.30833","5.2","ADARE HALLETT, AY","    0","T,,X","    0","T,,X","    0","T,,X","   22",",,X","  -11",",,X",,,,," 1142",",,X","  320",",,X","   36",",,X","    1",",,X",,,,,,,,,"    1",",,X"
"AYW00087701","1972-01-05","-72.29444","170.30833","5.2","ADARE HALLETT, AY","    0","T,,X","    0","T,,X","    0",",,X","   22",",,X","  -28",",,X",,,,," 1324",",,X","  350",",,X","   36",",,X",,,,,,,,,,,"    1",",,X"
"AYW00087701","1972-01-06","-72.29444","170.30833","5.2","ADARE HALLETT, AY","    0","T,,X","    0","T,,X","    0",",,X","   28",",,X","  -11",",,X",,,,," 1930",",,X","  330",",,X","   31",",,X",,,,,,,,,,,"    1",",,X"
"AYW00087701","1972-01-07","-72.29444","170.30833","5.2","ADARE HALLETT, AY","    0",",,X","    0",",,X","    0",",,X","   17",",,X","  -11",",,X",,,,," 1300",",,X","  120",",,X","   98",",,X",,,,,,,,,,,,
"AYW00087701","1972-01-08","-72.29444","170.30833","5.2","ADARE HALLETT, AY","    0",",,X","    0",",,X","    0",",,X","   11",",,X","  -11",",,X",,,,," 2200",",,X","  140",",,X","   62",",,X",,,,,,,,,,,,
"AYW00087701","1972-01-09","-72.29444","170.30833","5.2","ADARE HALLETT, AY","    0","T,,X","    0","T,,X","    0","T,,X","   17",",,X","  -17",",,X",,,,," 1624",",,X","   50",",,X","   77",",,X",,,,,,,,,,,"    1",",,X"
"AYW00087701","1972-01-10","-72.29444","170.30833","5.2","ADARE HALLETT, AY","    0","T,,X","    0","T,,X","    0","T,,X","   11",",,X","  -17",",,X",,,,," 1436",",,X","  160",",,X","   62",",,X",,,,,,,,,,,"    1",",,X"
"AYW00087701","1972-01-11","-72.29444","170.30833","5.2","ADARE HALLETT, AY","    0","T,,X","    0","T,,X","    0","T,,X","   17",",,X","  -11",",,X",,,,," 2300",",,X","  270",",,X","  170",",,X",,,,,,,,,,,"    1",",,X"
"AYW00087701","1972-01-12","-72.29444","170.30833","5.2","ADARE HALLETT, AY","   25",",,X","   25",",,X","   25",",,X","   17",",,X","   -6",",,X",,,,," 1854",",,X","  230",",,X","  267",",,X",,,,,,,"    1",",,X",,,"    1",",,X"
"AYW00087701","1972-01-13","-72.29444","170.30833","5.2","ADARE HALLETT, AY","   25",",,X","   25",",,X","   25",",,X","   11",",,X","  -11",",,X",,,,," 2348",",,X","  210",",,X","  257",",,X",,,,,,,"    1",",,X",,,"    1",",,X"
"AYW00087701","1972-01-14","-72.29444","170.30833","5.2","ADARE HALLETT, AY","   25",",,X","   25",",,X","   25",",,X","    6",",,X","  -22",",,X",,,,," 0030",",,X","  220",",,X","  267",",,X",,,,,,,"    1",",,X",,,"    1",",,X"
"AYW00087701","1972-01-15","-72.29444","170.30833","5.2","ADARE HALLETT, AY","    0",",,X","    0",",,X","    0",",,X","    6",",,X","  -28",",,X",,,,," 0142",",,X","  180",",,X","  206",",,X",,,,,,,,,,,,
"AYW00087701","1972-01-16","-72.29444","170.30833","5.2","ADARE HALLETT, AY","    0",",,X","    0",",,X","    0",",,X","   11",",,X","  -22",",,X",,,,," 0606",",,X","  230",",,X","   93",",,X",,,,,,,,,,,,
"AYW00087701","1972-01-17","-72.29444","170.30833","5.2","ADARE HALLETT, AY","    0",",,X","    0",",,X","    0",",,X","   22",",,X","  -39",",,X",,,,," 0100",",,X","  110",",,X","   62",",,X",,,,,,,,,,,,
"AYW00087701","1972-01-18","-72.29444","170.30833","5.2","ADARE HALLETT, AY","   25",",,X","   25",",,X","   25",",,X","   22",",,X","  -33",",,X",,,,," 2000",",,X","   30",",,X","   41",",,X",,,,,,,,,,,"    1",",,X"
"AYW00087701","1972-01-19","-72.29444","170.30833","5.2","ADARE HALLETT, AY","  127",",,X","  114",",,X","  127",",,X","   17",",,X","  -17",",,X",,,,," 1954",",,X","  220",",,X","  221",",,X",,,,,,,"    1",",,X",,,"    1",",,X"
"AYW00087701","1972-01-20","-72.29444","170.30833","5.2","ADARE HALLETT, AY","   25",",,X","   25",",,X","    0",",,X","    6",",,X","  -17",",,X",,,,," 1124",",,X","  240",",,X","  206",",,X",,,,,,,"    1",",,X",,,"    1",",,X"
"AYW00087701","1972-01-21","-72.29444","170.30833","5.2","ADARE HALLETT, AY","    0","T,,X","    0","T,,X","    0",",,X","   17",",,X","  -11",",,X",,,,," 0442",",,X","   10",",,X","   26",",,X",,,,,,,,,,,"    1",",,X"
"AYW00087701","1972-01-22","-72.29444","170.30833","5.2","ADARE HALLETT, AY","    0",",,X","    0",",,X","    0",",,X","   11",",,X","  -28",",,X",,,,," 0912",",,X","  220",",,X","   51",",,X","    1",",,X",,,,,,,,,,
"AYW00087701","1972-01-23","-72.29444","170.30833","5.2","ADARE HALLETT, AY","    0",",,X","    0",",,X","    0",",,X","   17",",,X","   -6",",,X",,,,," 2124",",,X","   90",",,X","   51",",,X",,,,,,,,,,,,
"AYW00087701","1972-01-24","-72.29444","170.30833","5.2","ADARE HALLETT, AY","    0",",,X","    0",",,X","    0",",,X","    0",",,X","  -11",",,X",,,,," 1236",",,X","  330",",,X","   36",",,X",,,,,,,,,,,,
"AYW00087701","1972-01-25","-72.29444","170.30833","5.2","ADARE HALLETT, AY","    0","T,,X","    0","T,,X","    0",",,X","   11",",,X","  -17",",,X",,,,," 2354",",,X","  230",",,X","   31",",,X",,,,,,,,,,,"    1",",,X"
"AYW00087701","1972-01-26","-72.29444","170.30833","5.2","ADARE HALLETT, AY","  102",",,X","  102",",,X","   76",",,X","   11",",,X","  -17",",,X",,,,," 2048",",,X","  210",",,X","  190",",,X",,,,,,,"    1",",,X",,,"    1",",,X"
"AYW00087701","1972-01-27","-72.29444","170.30833","5.2","ADARE HALLETT, AY","    0",",,X","    0",",,X","    0",",,X","   17",",,X","  -17",",,X",,,,," 0454",",,X","  190",",,X","  200",",,X",,,,,,,,,,,,
"AYW00087701","1972-01-28","-72.29444","170.30833","5.2","ADARE HALLETT, AY","    0",",,X","    0",",,X","    0",",,X","   11",",,X","  -28",",,X",,,,," 2154",",,X","  220",",,X","  118",",,X",,,,,,,,,,,,
"AYW00087701","1972-01-29","-72.29444","170.30833","5.2","ADARE HALLETT, AY","   25",",,X","   25",",,X","    0","T,,X","   -6",",,X","  -28",",,X",,,,," 0842",",,X","  220",",,X","  206",",,X",,,,,,,,,,,"    1",",,X"
"AYW00087701","1972-01-30","-72.29444","170.30833","5.2","ADARE HALLETT, AY","  102",",,X","  102",",,X","  127",",,X",,,,,,,,," 1724",",,X","  210",",,X","  386",",,X",,,,,,,"    1",",,X",,,"    1",",,X"
"AYW00087701","1972-01-31","-72.29444","170.30833","5.2","ADARE HALLETT, AY","    0","T,,X","    0","T,,X","  102",",,X",,,,,,,,," 0242",",,X","  210",",,X","  283",",,X",,,,,,,"    1",",,X",,,"    1",",,X"
"AYW00087701","1972-02-01","-72.29444","170.30833","5.2","ADARE HALLETT, AY","    0",",,X","    0",",,X","    0",",,X","   22",",,X","  -17",",,X",,,,," 0000",",,X","  200",",,X","  185",",,X",,,,,,,,,,,,
"AYW00087701","1972-02-02","-72.29444","170.30833","5.2","ADARE HALLETT, AY","    0",",,X","    0",",,X","    0",",,X","   17",",,X","  -39",",,X",,,,," 0054",",,X","  350",",,X","   41",",,X",,,,,,,,,,,,
"AYW00087701","1972-02-03","-72.29444","170.30833","5.2","ADARE HALLETT, AY","    0",",,X","    0",",,X","    0",",,X","   11",",,X","  -44",",,X",,,,," 1806",",,X","  300",",,X","   36",",,X",,,,,,,,,,,,
"AYW00087701","1972-02-04","-72.29444","170.30833","5.2","ADARE HALLETT, AY","    0","T,,X","    0","T,,X","    0","T,,X","    6",",,X","  -22",",,X",,,,," 2242",",,X","  130",",,X","   87",",,X",,,,,,,,,,,"    1",",,X"
"AYW00087701","1972-02-05","-72.29444","170.30833","5.2","ADARE HALLETT, AY","    0","T,,X","    0","T,,X","    0","T,,X","    0",",,X","  -28",",,X",,,,," 1824",",,X","  210",",,X","  200",",,X",,,,,,,,,,,"    1",",,X"
"AYW00087701","1972-02-06","-72.29444","170.30833","5.2","ADARE HALLETT, AY","    0","T,,X","    0","T,,X","    0","T,,X","    0",",,X","  -28",",,X",,,,," 0006",",,X","  190",",,X","  206",",,X",,,,,,,,,,,"    1",",,X"
"AYW00087701","1972-02-07","-72.29444","170.30833","5.2","ADARE HALLETT, AY","    0","T,,X","    0","T,,X","    0","T,,X","   -6",",,X","  -39",",,X",,,,," 0842",",,X","  170",",,X","   51",",,X",,,,,,,,,,,"    1",",,X"
"AYW00087701","1972-02-08","-72.29444","170.30833","5.2","ADARE HALLETT, AY","    0","T,,X","    0","T,,X","    0","T,,X","  -11",",,X","  -44",",,X",,,,," 1112",",,X","  160",",,X","   72",",,X",,,,,,,,,,,"    1",",,X"
"AYW00087701","1972-02-09","-72.29444","170.30833","5.2","ADARE HALLETT, AY","    0",",,X","    0",",,X","    0",",,X","   11",",,X","  -50",",,X",,,,," 0612",",,X","  240",",,X","   41",",,X",,,,,,,,,,,,
"AYW00087701","1972-02-10","-72.29444","170.30833","5.2","ADARE HALLETT, AY","    0",",,X","    0",",,X","    0",",,X","   -6",",,X","  -61",",,X",,,,," 0812",",,X","  230",",,X","  103",",,X",,,,,,,,,,,,
"AYW00087701","1972-02-11","-72.29444","170.30833","5.2","ADARE HALLETT, AY","    0",",,X","    0",",,X","    0",",,X","  -17",",,X","  -44",",,X",,,,," 2306",",,X","  190",",,X","  113",",,X",,,,,,,,,,,,
"AYW00087701","1972-02-12","-72.29444","170.30833","5.2","ADARE HALLETT, AY","    0",",,X","    0",",,X","    0",",,X","   11",",,X","  -28",",,X",,,,," 0212",",,X","  250",",,X","  144",",,X",,,,,,,,,,,,
"AYW00087701","1972-02-13","-72.29444","170.30833","5.2","ADARE HALLETT, AY","    0","T,,X","    0","T,,X","    0",",,X","   -6",",,X","  -50",",,X",,,,," 1154",",,X","  230",",,X","  159",",,X",,,,,,,,,,,"    1",",,X"
"AYW00087701","1972-02-14","-72.29444","170.30833","5.2","ADARE HALLETT, AY","    0",",,X","    0",",,X","    0",",,X","  -17",",,X","  -61",",,X",,,,,,,,,,,,,,,,,,,,,,
"AYW00087701","1972-02-15","-72.29444","170.30833","5.2","ADARE HALLETT, AY","    0",",,X","    0",",,X","    0",",,X","  -17",",,X","  -61",",,X",,,,," 0518",",,X","  220",",,X","   62",",,X",,,,,,,,,,,,
"AYW00087701","1972-02-16","-72.29444","170.30833","5.2","ADARE HALLETT, AY","    0",",,X","    0",",,X","    0",",,X","   11",",,X","  -67",",,X",,,,,,,,,,,,,,,,,,,,,,
"AYW00087701","1972-02-17","-72.29444","170.30833","5.2","ADARE HALLETT, AY","    0","T,,X","    0","T,,X","    0","T,,X","   -6",",,X","  -33",",,X",,,,,,,,,,,,,,,,,"    1",",,X",,,"    1",",,X"
"AYW00087701","1972-02-18","-72.29444","170.30833","5.2","ADARE HALLETT, AY","    0","T,,X","    0","T,,X","    0","T,,X","   11",",,X","  -33",",,X",,,,,,,,,,,,,,,,,"    1",",,X",,,"    1",",,X"
"AYW00087701","1972-02-19","-72.29444","170.30833","5.2","ADARE HALLETT, AY","    0",",,X","    0",",,X","    0",",,X","   22",",,X","  -17",",,X",,,,,,,,,,,,,,,,,,,,,,
"AYW00087701","1972-02-20","-72.29444","170.30833","5.2","ADARE HALLETT, AY","    0",",,X","    0",",,X","    0",",,X","   11",",,X","  -39",",,X",,,,,,,,,,,"    1",",,X",,,,,,,,,,
"AYW00087701","1972-02-21","-72.29444","170.30833","5.2","ADARE HALLETT, AY",,,,,,,,,,,,,,,,,,,,,"    1",",,X",,,,,,,,,,
"AYW00087701","1972-10-19","-72.29444","170.30833","5.2","ADARE HALLETT, AY","    0",",,X","    0",",,X","    0",",,X",,,,,,,,,,,,,,,,,,,,,,,,,,
"AYW00087701","1972-10-20","-72.29444","170.30833","5.2","ADARE HALLETT, AY","    0",",,X","    0",",,X","    0",",,X"," -106",",,X"," -239",",,X",,,,,,,,,,,,,,,,,,,,,,
"AYW00087701","1972-10-21","-72.29444","170.30833","5.2","ADARE HALLETT, AY","    0",",,X","    0",",,X","    0",",,X"," -139",",,X"," -233",",,X",,,,,,,,,,,,,,,,,,,,,,
"AYW00087701","1972-10-22","-72.29444","170.30833","5.2","ADARE HALLETT, AY","    0",",,X","    0",",,X","    0",",,X","  -94",",,X"," -244",",,X",,,,,,,,,,,,,,,,,,,,,,
"AYW00087701","1972-10-23","-72.29444","170.30833","5.2","ADARE HALLETT, AY","    0",",,X","    0",",,X","    0",",,X"," -150",",,X"," -194",",,X",,,,,,,,,,,,,,,,,,,,,,
"AYW00087701","1972-10-24","-72.29444","170.30833","5.2","ADARE HALLETT, AY","    0",",,X","    0",",,X","    0",",,X"," -139",",,X"," -200",",,X",,,,," 1848",",,X","  220",",,X","   62",",,X",,,,,,,,,,,,
"AYW00087701","1972-10-25","-72.29444","170.30833","5.2","ADARE HALLETT, AY","    0",",,X","    0",",,X","    0",",,X"," -128",",,X"," -194",",,X",,,,," 2348",",,X","  230",",,X","   67",",,X",,,,,,,,,,,,
"AYW00087701","1972-10-26","-72.29444","170.30833","5.2","ADARE HALLETT, AY","    0",",,X","    0",",,X","    0",",,X"," -144",",,X"," -206",",,X",,,,," 0636",",,X","  220",",,X","  139",",,X",,,,,,,,,,,,
"AYW00087701","1972-10-27","-72.29444","170.30833","5.2","ADARE HALLETT, AY","    0",",,X","    0",",,X","    0",",,X"," -106",",,X"," -217",",,X",,,,," 0006",",,X","  220",",,X","   57",",,X",,,,,,,,,,,,
"AYW00087701","1972-10-28","-72.29444","170.30833","5.2","ADARE HALLETT, AY","    0",",,X","    0",",,X","    0",",,X"," -111",",,X"," -233",",,X",,,,," 2218",",,X","  230",",,X","   46",",,X",,,,,,,,,,,,
"AYW00087701","1972-10-29","-72.29444","170.30833","5.2","ADARE HALLETT, AY","    0",",,X","    0",",,X","    0",",,X","  -56",",,X"," -206",",,X",,,,," 2348",",,X","  200",",,X","  262",",,X",,,,,,,,,,,,
"AYW00087701","1972-10-30","-72.29444","170.30833","5.2","ADARE HALLETT, AY","    0",",,X","    0",",,X","    0",",,X","  -72",",,X"," -100",",,X",,,,," 0230",",,X","  190",",,X","  236",",,X",,,,,,,,,,,,
"AYW00087701","1972-10-31","-72.29444","170.30833","5.2","ADARE HALLETT, AY","    0","T,,X","    0","T,,X","    0","T,,X","  -89",",,X"," -111",",,X",,,,," 0518",",,X","  180",",,X","  175",",,X","    1",",,X",,,,,,,,,"    1",",,X"
"AYW00087701","1972-11-01","-72.29444","170.30833","5.2","ADARE HALLETT, AY","    0","T,,X","    0","T,,X","    0",",,X","  -67",",,X"," -150",",,X",,,,," 0036",",,X","  210",",,X","  170",",,X",,,,,,,,,,,"    1",",,X"
"AYW00087701","1972-11-02","-72.29444","170.30833","5.2","ADARE HALLETT, AY","    0",",,X","    0",",,X","    0",",,X","  -61",",,X"," -161",",,X",,,,," 1448",",,X","   20",",,X","   51",",,X",,,,,,,,,,,,
"AYW00087701","1972-11-03","-72.29444","170.30833","5.2","ADARE HALLETT, AY","    0","T,,X","    0","T,,X","    0","T,,X","  -61",",,X"," -161",",,X",,,,," 0200",",,X","  200",",,X","  123",",,X",,,,,,,,,,,"    1",",,X"
"AYW00087701","1972-11-04","-72.29444","170.30833","5.2","ADARE HALLETT, AY","    0",",,X","    0",",,X","    0",",,X","  -39",",,X"," -156",",,X",,,,," 1306",",,X","  220",",,X","  129",",,X",,,,,,,,,,,,
"AYW00087701","1972-11-05","-72.29444","170.30833","5.2","ADARE HALLETT, AY","    0",",,X","    0",",,X","    0",",,X","  -78",",,X"," -178",",,X",,,,," 2254",",,X","  220",",,X","   41",",,X",,,,,,,,,,,,
"AYW00087701","1972-11-06","-72.29444","170.30833","5.2","ADARE HALLETT, AY","    0",",,X","    0",",,X","    0",",,X","  -78",",,X"," -172",",,X",,,,," 0524",",,X","  250",",,X","   62",",,X",,,,,,,,,,,,
"AYW00087701","1972-11-07","-72.29444","170.30833","5.2","ADARE HALLETT, AY","    0",",,X","    0",",,X","    0",",,X","  -78",",,X"," -172",",,X",,,,," 0530",",,X","  220",",,X","   67",",,X",,,,,,,,,,,,
"AYW00087701","1972-11-08","-72.29444","170.30833","5.2","ADARE HALLETT, AY","    0",",,X","    0",",,X","    0",",,X","  -83",",,X"," -189",",,X",,,,," 1806",",,X","  130",",,X","   93",",,X",,,,,,,,,,,,
"AYW00087701","1972-11-09","-72.29444","170.30833","5.2","ADARE HALLETT, AY","    0",",,X","    0",",,X","    0",",,X","  -50",",,X"," -144",",,X",,,,," 1248",",,X","  190",",,X","  164",",,X",,,,,,,,,,,,
"AYW00087701","1972-11-10","-72.29444","170.30833","5.2","ADARE HALLETT, AY","    0",",,X","    0",",,X","    0",",,X","  -17",",,X","  -83",",,X",,,,," 0424",",,X","  200",",,X","  180",",,X",,,,,,,,,,,,
"AYW00087701","1972-11-11","-72.29444","170.30833","5.2","ADARE HALLETT, AY","    0",",,X","    0",",,X","    0",",,X","  -11",",,X"," -100",",,X",,,,," 0354",",,X","  250",",,X","   77",",,X",,,,,,,,,,,,
"AYW00087701","1972-11-12","-72.29444","170.30833","5.2","ADARE HALLETT, AY","    0","T,,X","    0","T,,X","    0","T,,X","  -44",",,X"," -117",",,X",,,,," 1230",",,X","  130",",,X","  180",",,X",,,,,,,"    1",",,X",,,"    1",",,X"
"AYW00087701","1972-11-13","-72.29444","170.30833","5.2","ADARE HALLETT, AY","    0",",,X","    0",",,X","    0",",,X","  -44",",,X"," -111",",,X",,,,," 0954",",,X","  230",",,X","   41",",,X",,,,,,,,,,,,
"AYW00087701","1972-11-14","-72.29444","170.30833","5.2","ADARE HALLETT, AY","    0",",,X","    0",",,X","    0",",,X","  -50",",,X"," -122",",,X",,,,," 2300",",,X","  130",",,X","   41",",,X",,,,,,,,,,,,
"AYW00087701","1972-11-15","-72.29444","170.30833","5.2","ADARE HALLETT, AY","    0","T,,X","    0","T,,X","    0","T,,X","  -39",",,X","  -83",",,X",,,,," 1724",",,X","   50",",,X","   62",",,X",,,,,,,,,,,"    1",",,X"
"AYW00087701","1972-11-16","-72.29444","170.30833","5.2","ADARE HALLETT, AY","    0","T,,X","    0","T,,X","    0","T,,X","  -56",",,X"," -100",",,X",,,,," 0518",",,X","  320",",,X","   57",",,X",,,,,,,,,,,"    1",",,X"
"AYW00087701","1972-11-17","-72.29444","170.30833","5.2","ADARE HALLETT, AY","    5",",,X","    5",",,X","    0","T,,X","  -56",",,X","  -94",",,X",,,,," 1342",",,X","  140",",,X","  103",",,X",,,,,,,,,,,"    1",",,X"
"AYW00087701","1972-11-18","-72.29444","170.30833","5.2","ADARE HALLETT, AY","    3",",,X","    3",",,X","    0","T,,X","  -61",",,X","  -89",",,X",,,,," 1906",",,X","  130",",,X","  123",",,X",,,,,,,,,,,"    1",",,X"
"AYW00087701","1972-11-19","-72.29444","170.30833","5.2","ADARE HALLETT, AY","    8",",,X","    8",",,X","    0","T,,X","  -44",",,X"," -111",",,X",,,,," 0554",",,X","  130",",,X","   98",",,X",,,,,,,,,,,"    1",",,X"
"AYW00087701","1972-11-20","-72.29444","170.30833","5.2","ADARE HALLETT, AY","    0","T,,X","    0","T,,X","    0","T,,X","  -44",",,X"," -117",",,X",,,,," 1500",",,X","  220",",,X","   87",",,X",,,,,,,,,,,"    1",",,X"
"AYW00087701","1972-11-21","-72.29444","170.30833","5.2","ADARE HALLETT, AY","    0",",,X","    0",",,X","    0",",,X","  -56",",,X","  -94",",,X",,,,," 0548",",,X","  230",",,X","   67",",,X",,,,,,,,,,,,
"AYW00087701","1972-11-22","-72.29444","170.30833","5.2","ADARE HALLETT, AY","    5",",,X","    5",",,X","    0",",,X","  -39",",,X","  -89",",,X",,,,," 2124",",,X","  210",",,X","  118",",,X",,,,,,,,,,,"    1",",,X"
"AYW00087701","1972-11-23","-72.29444","170.30833","5.2","ADARE HALLETT, AY","    0",",,X","    0",",,X","    0",",,X","  -56",",,X","  -94",",,X",,,,," 0424",",,X","  230",",,X","  113",",,X",,,,,,,,,,,,
"AYW00087701","1972-11-24","-72.29444","170.30833","5.2","ADARE HALLETT, AY","   13",",,X","   13",",,X","    0","T,,X","  -44",",,X"," -128",",,X",,,,," 0130",",,X","  160",",,X","   46",",,X",,,,,,,,,,,"    1",",,X"
"AYW00087701","1972-11-25","-72.29444","170.30833","5.2","ADARE HALLETT, AY","    0",",,X","    0",",,X","    0",",,X","  -56",",,X"," -150",",,X",,,,," 2048",",,X","  120",",,X","   36",",,X",,,,,,,,,,,,
"AYW00087701","1972-11-26","-72.29444","170.30833","5.2","ADARE HALLETT, AY","    0",",,X","    0",",,X","    0",",,X","  -56",",,X"," -150",",,X",,,,," 2042",",,X","  200",",,X","  144",",,X",,,,,,,,,,,,
"AYW00087701","1972-11-27","-72.29444","170.30833","5.2","ADARE HALLETT, AY","    0",",,X","    0",",,X","    0",",,X","  -44",",,X","  -61",",,X",,,,," 2306",",,X","  190",",,X","  185",",,X",,,,,,,,,,,,
"AYW00087701","1972-11-28","-72.29444","170.30833","5.2","ADARE HALLETT, AY","    0",",,X","    0",",,X","    0",",,X","    0",",,X","  -50",",,X",,,,," 0054",",,X","  190",",,X","  164",",,X",,,,,,,,,,,,
"AYW00087701","1972-11-29","-72.29444","170.30833","5.2","ADARE HALLETT, AY","    0",",,X","    0",",,X","    0",",,X","    0",",,X","  -72",",,X",,,,," 0854",",,X","  240",",,X","  103",",,X",,,,,,,,,,,,
"AYW00087701","1972-11-30","-72.29444","170.30833","5.2","ADARE HALLETT, AY","    0",",,X","    0",",,X","    0",",,X","   17",",,X","  -50",",,X",,,,," 0312",",,X","  190",",,X","  134",",,X",,,,,,,,,,,,
"AYW00087701","1972-12-01","-72.29444","170.30833","5.2","ADARE HALLETT, AY","    0",",,X","    0",",,X","    0",",,X","    0",",,X","  -78",",,X",,,,," 1906",",,X","  290",",,X","   31",",,X",,,,,,,,,,,,
"AYW00087701","1972-12-02","-72.29444","170.30833","5.2","ADARE HALLETT, AY","    0",",,X","    0",",,X","    0",",,X","   17",",,X","  -67",",,X",,,,," 2112",",,X","  140",",,X","   82",",,X",,,,,,,,,,,,
"AYW00087701","1972-12-03","-72.29444","170.30833","5.2","ADARE HALLETT, AY","    0",",,X","    0",",,X","    0",",,X","  -17",",,X","  -72",",,X",,,,," 1606",",,X","  140",",,X","  108",",,X",,,,,,,,,,,,
"AYW00087701","1972-12-04","-72.29444","170.30833","5.2","ADARE HALLETT, AY","    0",",,X","    0",",,X","    0",",,X","    0",",,X","  -50",",,X",,,,," 1824",",,X","  130",",,X","  134",",,X",,,,,,,,,,,,
"AYW00087701","1972-12-05","-72.29444","170.30833","5.2","ADARE HALLETT, AY","    0",",,X","    0",",,X","    0",",,X","   11",",,X","  -72",",,X",,,,," 2200",",,X","   80",",,X","   67",",,X",,,,,,,,,,,,
"AYW00087701","1972-12-06","-72.29444","170.30833","5.2","ADARE HALLETT, AY","    0","T,,X","    0","T,,X","    0","T,,X","  -17",",,X","  -39",",,X",,,,," 0600",",,X","  130",",,X","   67",",,X",,,,,,,,,,,"    1",",,X"
"AYW00087701","1972-12-07","-72.29444","170.30833","5.2","ADARE HALLETT, AY","    0",",,X","    0",",,X","    0",",,X","    0",",,X","  -44",",,X",,,,," 1436",",,X","   20",",,X","   31",",,X",,,,,,,,,,,,
"AYW00087701","1972-12-08","-72.29444","170.30833","5.2","ADARE HALLETT, AY","    0",",,X","    0",",,X","    0",",,X","  -11",",,X","  -83",",,X",,,,," 2218",",,X","  120",",,X","   62",",,X",,,,,,,,,,,,
"AYW00087701","1972-12-09","-72.29444","170.30833","5.2","ADARE HALLETT, AY","    8",",,X","    8",",,X","    0",",,X","  -17",",,X","  -67",",,X",,,,," 0812",",,X","  150",",,X","   77",",,X",,,,,,,,,,,"    1",",,X"
"AYW00087701","1972-12-10","-72.29444","170.30833","5.2","ADARE HALLETT, AY","    0",",,X","    0",",,X","    0",",,X","    0",",,X","  -89",",,X",,,,," 0236",",,X","  240",",,X","   36",",,X",,,,,,,,,,,,
"AYW00087701","1972-12-11","-72.29444","170.30833","5.2","ADARE HALLETT, AY","    0",",,X","    0",",,X","    0",",,X","    0",",,X","  -67",",,X",,,,," 1530",",,X","   20",",,X","   46",",,X",,,,,,,,,,,,
"AYW00087701","1972-12-12","-72.29444","170.30833","5.2","ADARE HALLETT, AY","    0",",,X","    0",",,X","    0",",,X","    6",",,X","  -44",",,X",,,,," 1554",",,X","   40",",,X","   77",",,X",,,,,,,,,,,,
"AYW00087701","1972-12-13","-72.29444","170.30833","5.2","ADARE HALLETT, AY","    8",",,X","    8",",,X","    0","T,,X","  -11",",,X","  -39",",,X",,,,," 1230",",,X","  220",",,X","  164",",,X",,,,,,,,,,,"    1",",,X"
"AYW00087701","1972-12-14","-72.29444","170.30833","5.2","ADARE HALLETT, AY","    0","T,,X","    0","T,,X","    0",",,X","   11",",,X","  -33",",,X",,,,," 0054",",,X","  200",",,X","  118",",,X",,,,,,,,,,,"    1",",,X"
"AYW00087701","1972-12-15","-72.29444","170.30833","5.2","ADARE HALLETT, AY","    0",",,X","    0",",,X","    0",",,X","   22",",,X","  -22",",,X",,,,," 0736",",,X","  210",",,X","   98",",,X",,,,,,,,,,,,
"AYW00087701","1972-12-16","-72.29444","170.30833","5.2","ADARE HALLETT, AY","    0","T,,X","    0","T,,X","    0","T,,X","   -6",",,X","  -22",",,X",,,,," 2006",",,X","  110",",,X","   82",",,X",,,,,,,,,,,"    1",",,X"
"AYW00087701","1972-12-17","-72.29444","170.30833","5.2","ADARE HALLETT, AY","    8",",,X","    8",",,X","    0",",,X","   -6",",,X","  -67",",,X",,,,," 1154",",,X","  120",",,X","   67",",,X",,,,,,,,,,,"    1",",,X"
"AYW00087701","1972-12-18","-72.29444","170.30833","5.2","ADARE HALLETT, AY","    0",",,X","    0",",,X","    0",",,X","    6",",,X","  -94",",,X",,,,," 1612",",,X","  230",",,X","   62",",,X",,,,,,,,,,,,
"AYW00087701","1972-12-19","-72.29444","170.30833","5.2","ADARE HALLETT, AY","    0",",,X","    0",",,X","    0",",,X","    0",",,X","  -89",",,X",,,,," 0900",",,X","  220",",,X","   51",",,X",,,,,,,,,,,,
"AYW00087701","1972-12-20","-72.29444","170.30833","5.2","ADARE HALLETT, AY","    0",",,X","    0",",,X","    0",",,X","   22",",,X","  -44",",,X",,,,," 0642",",,X","  230",",,X","   41",",,X",,,,,,,,,,,,
"AYW00087701","1972-12-21","-72.29444","170.30833","5.2","ADARE HALLETT, AY","    0","T,,X","    0","T,,X","    0","T,,X","   28",",,X","  -17",",,X",,,,," 2218",",,X","  360",",,X","   31",",,X",,,,,,,,,,,"    1",",,X"
"AYW00087701","1972-12-22","-72.29444","170.30833","5.2","ADARE HALLETT, AY","    0","T,,X","    0","T,,X","    0",",,X","   33",",,X","  -33",",,X",,,,," 0948",",,X","  310",",,X","   46",",,X",,,,,,,,,,,"    1",",,X"
"AYW00087701","1972-12-23","-72.29444","170.30833","5.2","ADARE HALLETT, AY","    0",",,X","    0",",,X","    0",",,X","   17",",,X","  -39",",,X",,,,," 1330",",,X","   30",",,X","   62",",,X",,,,,,,,,,,,
"AYW00087701","1972-12-24","-72.29444","170.30833","5.2","ADARE HALLETT, AY","    0","T,,X","    0","T,,X","    0",",,X","   22",",,X","   -6",",,X",,,,," 0824",",,X","  230",",,X","   21",",,X",,,,,,,,,,,"    1",",,X"
"AYW00087701","1972-12-25","-72.29444","170.30833","5.2","ADARE HALLETT, AY","    3",",,X","    3",",,X","    0","T,,X","   22",",,X","   -6",",,X",,,,," 2312",",,X","  200",",,X","  118",",,X",,,,,,,,,,,"    1",",,X"
"AYW00087701","1972-12-26","-72.29444","170.30833","5.2","ADARE HALLETT, AY","    0","T,,X","    0","T,,X","    0","T,,X","   28",",,X","    0",",,X",,,,," 0718",",,X","  200",",,X","  190",",,X",,,,,,,,,,,"    1",",,X"
"AYW00087701","1972-12-27","-72.29444","170.30833","5.2","ADARE HALLETT, AY","    0",",,X","    0",",,X","    0",",,X","   33",",,X","   -6",",,X",,,,," 0248",",,X","  220",",,X","  108",",,X",,,,,,,,,,,,
"AYW00087701","1972-12-28","-72.29444","170.30833","5.2","ADARE HALLETT, AY","    0",",,X","    0",",,X","    0",",,X","   11",",,X","  -11",",,X",,,,," 2012",",,X","  140",",,X","   82",",,X",,,,,,,,,,,,
"AYW00087701","1972-12-29","-72.29444","170.30833","5.2","ADARE HALLETT, AY","    0","T,,X","    0","T,,X","    0",",,X","   33",",,X","  -11",",,X",,,,," 0024",",,X","  130",",,X","   72",",,X",,,,,,,,,,,"    1",",,X"
"AYW00087701","1972-12-30","-72.29444","170.30833","5.2","ADARE HALLETT, AY","   76",",,X","   76",",,X","    0","T,,X","   17",",,X","  -17",",,X",,,,," 1948",",,X","  140",",,X","   72",",,X",,,,,,,,,,,"    1",",,X"
"AYW00087701","1972-12-31","-72.29444","170.30833","5.2","ADARE HALLETT, AY","   74",",,X","   74",",,X","    0","T,,X","   17",",,X","  -17",",,X",,,,," 0736",",,X","  210",",,X","  159",",,X",,,,,,,,,,,"    1",",,X"
"AYW00087701","1973-01-01","-72.29444","170.30833","5.2","ADARE HALLETT, AY","   41",",,X","   41",",,X","    0","T,,X","    6",",,X","   -6",",,X",,,,," 1636",",,X","  200",",,X","  144",",,X",,,,,,,,,,,"    1",",,X"
"AYW00087701","1973-01-02","-72.29444","170.30833","5.2","ADARE HALLETT, AY","    0","T,,X","    0","T,,X","    0",",,X","   17",",,X","   -6",",,X",,,,," 0424",",,X","  180",",,X","  144",",,X",,,,,,,,,,,"    1",",,X"
"AYW00087701","1973-01-03","-72.29444","170.30833","5.2","ADARE HALLETT, AY","    0",",,X","    0",",,X","    0",",,X","   11",",,X","  -11",",,X",,,,," 0312",",,X","  150",",,X","  144",",,X",,,,,,,,,,,,
"AYW00087701","1973-01-04","-72.29444","170.30833","5.2","ADARE HALLETT, AY","    0",",,X","    0",",,X","    0",",,X","   17",",,X","  -11",",,X",,,,," 1212",",,X","  300",",,X","  164",",,X",,,,,,,,,,,,
"AYW00087701","1973-01-05","-72.29444","170.30833","5.2","ADARE HALLETT, AY","    0","T,,X","    0","T,,X","    0",",,X","    6",",,X","  -22",",,X",,,,," 1712",",,X","   80",",,X","  103",",,X",,,,,,,,,,,"    1",",,X"
"AYW00087701","1973-01-06","-72.29444","170.30833","5.2","ADARE HALLETT, AY","    0","T,,X","    0","T,,X","    0",",,X","   22",",,X","  -39",",,X",,,,," 0530",",,X","  270",",,X","   36",",,X",,,,,,,,,,,"    1",",,X"
"AYW00087701","1973-01-07","-72.29444","170.30833","5.2","ADARE HALLETT, AY","    0",",,X","    0",",,X","    0",",,X","   22",",,X","  -56",",,X",,,,," 0742",",,X","  190",",,X","   82",",,X",,,,,,,,,,,,
"AYW00087701","1973-01-08","-72.29444","170.30833","5.2","ADARE HALLETT, AY","    0",",,X","    0",",,X","    0",",,X","   17",",,X","  -67",",,X",,,,," 0924",",,X","  330",",,X","   26",",,X",,,,,,,,,,,,
"AYW00087701","1973-01-09","-72.29444","170.30833","5.2","ADARE HALLETT, AY","    0",",,X","    0",",,X","    0",",,X","   11",",,X","  -83",",,X",,,,," 1330",",,X","  340",",,X","   26",",,X",,,,,,,,,,,,
"AYW00087701","1973-01-10","-72.29444","170.30833","5.2","ADARE HALLETT, AY","    0",",,X","    0",",,X","    0",",,X","   22",",,X","  -72",",,X",,,,," 0130",",,X","  210",",,X","   26",",,X",,,,,,,,,,,,
"AYW00087701","1973-01-11","-72.29444","170.30833","5.2","ADARE HALLETT, AY","    0",",,X","    0",",,X","    0",",,X","   28",",,X","  -56",",,X",,,,," 1530",",,X","  360",",,X","   36",",,X",,,,,,,,,,,,
"AYW00087701","1973-01-12","-72.29444","170.30833","5.2","ADARE HALLETT, AY","    3",",,X","    3",",,X","    0","T,,X","   17",",,X","  -17",",,X",,,,," 1306",",,X","  270",",,X","   31",",,X",,,,,,,,,,,"    1",",,X"
"AYW00087701","1973-01-13","-72.29444","170.30833","5.2","ADARE HALLETT, AY","    0","T,,X","    0","T,,X","    0",",,X","   17",",,X","  -17",",,X",,,,," 0312",",,X","  150",",,X","   51",",,X",,,,,,,,,,,"    1",",,X"
"AYW00087701","1973-01-14","-72.29444","170.30833","5.2","ADARE HALLETT, AY","    0",",,X","    0",",,X","    0",",,X","   50",",,X","  -11",",,X",,,,," 1930",",,X","   70",",,X","   57",",,X",,,,,,,,,,,,
"AYW00087701","1973-01-15","-72.29444","170.30833","5.2","ADARE HALLETT, AY","    0","T,,X","    0","T,,X","    0",",,X","   17",",,X","  -39",",,X",,,,," 1606",",,X","   50",",,X","  118",",,X",,,,,,,,,,,"    1",",,X"
"AYW00087701","1973-01-16","-72.29444","170.30833","5.2","ADARE HALLETT, AY","    5",",,X","    5",",,X","    0","T,,X","   17",",,X","   -6",",,X",,,,," 1724",",,X","   70",",,X","   98",",,X",,,,,,,,,,,"    1",",,X"
"AYW00087701","1973-01-17","-72.29444","170.30833","5.2","ADARE HALLETT, AY","    0","T,,X","    0","T,,X","    0",",,X","   33",",,X","  -11",",,X",,,,," 2312",",,X","  170",",,X","  149",",,X",,,,,,,,,,,"    1",",,X"
"AYW00087701","1973-01-18","-72.29444","170.30833","5.2","ADARE HALLETT, AY","    0",",,X","    0",",,X","    0",",,X","   39",",,X","  -11",",,X",,,,," 0300",",,X","  170",",,X","  139",",,X",,,,,,,,,,,,
"AYW00087701","1973-01-19","-72.29444","170.30833","5.2","ADARE HALLETT, AY","   25",",,X","   25",",,X","    0","T,,X","    6",",,X","  -22",",,X",,,,," 2230",",,X","   60",",,X","   67",",,X",,,,,,,,,,,"    1",",,X"
"AYW00087701","1973-01-20","-72.29444","170.30833","5.2","ADARE HALLETT, AY","   76",",,X","   76",",,X","    0","T,,X","    0",",,X","  -28",",,X",,,,," 0800",",,X","   50",",,X","   57",",,X",,,,,,,,,,,"    1",",,X"
"AYW00087701","1973-01-21","-72.29444","170.30833","5.2","ADARE HALLETT, AY","    0",",,X","    0",",,X","    0",",,X","   11",",,X","  -33",",,X",,,,," 0812",",,X","  180",",,X","  129",",,X",,,,,,,,,,,,
"AYW00087701","1973-01-22","-72.29444","170.30833","5.2","ADARE HALLETT, AY","    0",",,X","    0",",,X","    0",",,X","    0",",,X","  -44",",,X",,,,," 2330",",,X","  130",",,X","  206",",,X",,,,,,,,,,,,
"AYW00087701","1973-01-23","-72.29444","170.30833","5.2","ADARE HALLETT, AY","    0",",,X","    0",",,X","    0",",,X","    0",",,X","  -22",",,X",,,,," 0842",",,X","  140",",,X","  272",",,X",,,,,,,,,,,,
"AYW00087701","1973-01-24","-72.29444","170.30833","5.2","ADARE HALLETT, AY","    0",",,X","    0",",,X","    0",",,X","   28",",,X","    0",",,X",,,,," 1106",",,X","  130",",,X","  226",",,X",,,,,,,,,,,,
"AYW00087701","1973-01-25","-72.29444","170.30833","5.2","ADARE HALLETT, AY","    0",",,X","    0",",,X","    0",",,X","   28",",,X","  -11",",,X",,,,," 0000",",,X","  160",",,X","  139",",,X",,,,,,,,,,,,
"AYW00087701","1973-01-26","-72.29444","170.30833","5.2","ADARE HALLETT, AY","    0",",,X","    0",",,X","    0",",,X","   33",",,X","  -22",",,X",,,,," 1512",",,X","  250",",,X","   36",",,X",,,,,,,,,,,,
"AYW00087701","1973-01-27","-72.29444","170.30833","5.2","ADARE HALLETT, AY","    0","T,,X","    0","T,,X","    0",",,X","   11",",,X","  -11",",,X",,,,," 1336",",,X","  240",",,X","   26",",,X",,,,,,,,,,,"    1",",,X"
"AYW00087701","1973-01-28","-72.29444","170.30833","5.2","ADARE HALLETT, AY","    0","T,,X","    0","T,,X","    0",",,X","   11",",,X","  -17",",,X",,,,," 1524",",,X","  220",",,X","   98",",,X",,,,,,,,,,,"    1",",,X"
"AYW00087701","1973-01-29","-72.29444","170.30833","5.2","ADARE HALLETT, AY","    0",",,X","    0",",,X","    0",",,X","   22",",,X","  -28",",,X",,,,," 0154",",,X","  300",",,X","   51",",,X",,,,,,,,,,,,
"AYW00087701","1973-01-30","-72.29444","170.30833","5.2","ADARE HALLETT, AY","    0",",,X","    0",",,X","    0",",,X","    6",",,X","  -33",",,X",,,,," 1324",",,X","   30",",,X","   67",",,X",,,,,,,,,,,,
"AYW00087701","1973-01-31","-72.29444","170.30833","5.2","ADARE HALLETT, AY","   25",",,X","   25",",,X","    0","T,,X","  -11",",,X","  -28",",,X",,,,," 0400",",,X","  220",",,X","   41",",,X",,,,,,,,,,,"    1",",,X"
"AYW00087701","1973-02-01","-72.29444","170.30833","5.2","ADARE HALLETT, AY","   76",",,X","   76",",,X","    0",",,X","  -17",",,X","  -39",",,X",,,,," 2200",",,X","  220",",,X","  134",",,X",,,,,,,,,,,"    1",",,X"
"AYW00087701","1973-02-02","-72.29444","170.30833","5.2","ADARE HALLETT, AY","    0","T,,X","    0","T,,X","    0","T,,X","  -11",",,X","  -28",",,X",,,,," 1648",",,X","  250",",,X","  247",",,X",,,,,,,,,,,"    1",",,X"
"AYW00087701","1973-02-03","-72.29444","170.30833","5.2","ADARE HALLETT, AY","    0","T,,X","    0","T,,X","    0",",,X","  -11",",,X","  -39",",,X",,,,," 0206",",,X","  180",",,X","  267",",,X",,,,,,,,,,,"    1",",,X"
"AYW00087701","1973-02-04","-72.29444","170.30833","5.2","ADARE HALLETT, AY","    0",",,X","    0",",,X","    0",",,X","  -28",",,X","  -44",",,X",,,,," 0224",",,X","  200",",,X","  206",",,X",,,,,,,,,,,,
"AYW00087701","1973-02-05","-72.29444","170.30833","5.2","ADARE HALLETT, AY","    0",",,X","    0",",,X","    0",",,X","    0",",,X","  -44",",,X",,,,," 0036",",,X","  220",",,X","  139",",,X",,,,,,,,,,,,
"AYW00087701","1973-02-06","-72.29444","170.30833","5.2","ADARE HALLETT, AY","   36",",,X","   36",",,X","    0",",,X","  -22",",,X","  -39",",,X",,,,," 2200",",,X","  220",",,X","   82",",,X",,,,,,,,,,,"    1",",,X"
"AYW00087701","1973-02-07","-72.29444","170.30833","5.2","ADARE HALLETT, AY","    0",",,X","    0",",,X","    0",",,X","  -33",",,X","  -56",",,X",,,,," 2354",",,X","  230",",,X","  159",",,X",,,,,,,,,,,,
"AYW00087701","1973-02-08","-72.29444","170.30833","5.2","ADARE HALLETT, AY","    0",",,X","    0",",,X","    0",",,X","  -28",",,X","  -56",",,X",,,,," 0554",",,X","  230",",,X","  206",",,X",,,,,,,,,,,,
"AYW00087701","1973-02-09","-72.29444","170.30833","5.2","ADARE HALLETT, AY","    0","T,,X","    0","T,,X","    0","T,,X","  -33",",,X","  -50",",,X",,,,," 1342",",,X","  120",",,X","   57",",,X",,,,,,,,,,,"    1",",,X"
"AYW00087701","1973-02-10","-72.29444","170.30833","5.2","ADARE HALLETT, AY","    0","T,,X","    0","T,,X","    0",",,X","  -28",",,X","  -50",",,X",,,,," 0248",",,X","  230",",,X","   93",",,X",,,,,,,,,,,"    1",",,X"
"AYW00087701","1973-02-11","-72.29444","170.30833","5.2","ADARE HALLETT, AY","   15",",,X","   15",",,X","    0","T,,X","  -33",",,X","  -44",",,X",,,,," 0124",",,X","  240",",,X","   77",",,X",,,,,,,,,,,"    1",",,X"
"AYW00087701","1973-02-12","-72.29444","170.30833","5.2","ADARE HALLETT, AY","    0","T,,X","    0","T,,X","    0",",,X","  -17",",,X","  -44",",,X",,,,," 2154",",,X","  190",",,X","  231",",,X",,,,,,,,,,,"    1",",,X"
"AYW00087701","1973-02-13","-72.29444","170.30833","5.2","ADARE HALLETT, AY","    0","T,,X","    0","T,,X","    0",",,X","  -28",",,X","  -44",",,X",,,,," 1442",",,X","  190",",,X","  252",",,X",,,,,,,,,,,"    1",",,X"
"AYW00087701","1973-02-14","-72.29444","170.30833","5.2","ADARE HALLETT, AY","    0",",,X","    0",",,X","    0",",,X","  -33",",,X","  -72",",,X",,,,," 0542",",,X","  190",",,X","  272",",,X",,,,,,,,,,,,
"AYW00087701","1973-02-15","-72.29444","170.30833","5.2","ADARE HALLETT, AY","    0",",,X","    0",",,X","    0",",,X","  -50",",,X","  -72",",,X",,,,," 0042",",,X","  230",",,X","  144",",,X",,,,,,,,,,,,
